#include "device_caps.h"
#if defined(TLORA_PAGER)

/*******************************************************************************
 * Size: 24 px
 * Bpp: 4
 * Generated by scripts/build/gen-touch-fonts.sh with lv_font_conv 1.5.3
 * Sources: Montserrat Medium (LVGL v8.4.0), Noto Sans 2.015, Noto Sans Symbols 2.008, Noto Sans Arabic UI 2.011
 ******************************************************************************/

#if 1
#include "lvgl.h"
#else
#include "lvgl/lvgl.h"
#endif

#ifndef EXTRAS_24
#define EXTRAS_24 1
#endif

#if EXTRAS_24

/*-----------------
 *    BITMAPS
 *----------------*/

/*Store the image of the glyphs*/
static LV_ATTRIBUTE_LARGE_CONST const uint8_t glyph_bitmap[] = {
    /* U+00A3 "£" */
    0x0, 0xe7, 0xdf, 0xf7, 0x52, 0x0, 0x76, 0x41,
    0x10, 0xc1, 0x6c, 0x40, 0x27, 0x31, 0xdd, 0x67,
    0x65, 0x8, 0x5, 0x61, 0x24, 0x1, 0x1a, 0x80,
    0x61, 0x3, 0x0, 0xff, 0xf1, 0x17, 0xf8, 0x82,
    0xff, 0xf1, 0x0, 0xd, 0x98, 0x0, 0x56, 0x6c,
    0x60, 0x1, 0x99, 0x10, 0x74, 0xce, 0x10, 0xf,
    0x9c, 0x3, 0xfc, 0x60, 0x1f, 0xf1, 0x8, 0x18,
    0x7, 0xe1, 0xe0, 0xa0, 0xf, 0xc7, 0xc6, 0x17,
    0xdd, 0xf6, 0x0, 0x61, 0x1f, 0xe0,

    /* U+00A5 "¥" */
    0x6f, 0xc0, 0xf, 0x8b, 0xfc, 0x2c, 0x46, 0xa0,
    0x1e, 0x80, 0x71, 0x8, 0x8, 0x0, 0xe2, 0x51,
    0x90, 0x2, 0x99, 0x28, 0x6, 0x80, 0x91, 0x0,
    0xa0, 0x20, 0x2, 0x35, 0x17, 0x0, 0xc8, 0x82,
    0x60, 0x4, 0x4, 0x0, 0x7a, 0x2, 0x0, 0xd0,
    0x98, 0x3, 0xc6, 0x82, 0xd0, 0x10, 0x1, 0xfa,
    0x42, 0x50, 0xd4, 0x3, 0xdb, 0xfa, 0x1, 0x1f,
    0xfa, 0x0, 0x35, 0xbb, 0x98, 0x0, 0xef, 0x60,
    0x6, 0x68, 0x85, 0x0, 0xc4, 0x48, 0x1, 0x9a,
    0x21, 0x40, 0x31, 0x12, 0x0, 0x6b, 0x77, 0x30,
    0x1, 0xde, 0xc0, 0xd, 0xbf, 0xec, 0x1, 0xff,
    0xa0, 0x3, 0xff, 0xa4,

    /* U+00A7 "§" */
    0x0, 0x3e, 0x7f, 0xd9, 0x4, 0x19, 0x4, 0xaa,
    0x42, 0x71, 0x33, 0xba, 0xa9, 0x7d, 0x86, 0x0,
    0x10, 0xe, 0x30, 0x32, 0x26, 0x20, 0x7, 0xb0,
    0x8e, 0xfa, 0x4, 0x2, 0x92, 0x47, 0x37, 0xe6,
    0x2, 0x74, 0xb8, 0xda, 0x19, 0x57, 0xc, 0x0,
    0x96, 0x83, 0xc4, 0x28, 0x3, 0x30, 0x1, 0x10,
    0x5c, 0xc0, 0x8, 0xf, 0xb, 0x71, 0x9f, 0xd5,
    0x65, 0x0, 0x47, 0x49, 0x10, 0x3, 0xc2, 0xdb,
    0x62, 0xcc, 0x0, 0xf2, 0x40, 0x61, 0x90, 0x7,
    0x60, 0x15, 0x6e, 0xaa, 0x6b, 0x54, 0x66, 0xd8,
    0x15, 0x94, 0x63, 0xc4,

    /* U+00A9 "©" */
    0x0, 0xff, 0xe5, 0xb5, 0x77, 0xfb, 0xa9, 0x40,
    0x3f, 0x27, 0x48, 0x45, 0xda, 0x2, 0xb4, 0xc0,
    0x39, 0xad, 0x3a, 0x99, 0x10, 0xd5, 0xcd, 0x88,
    0x1, 0x24, 0xc5, 0x8, 0xa7, 0xbf, 0x64, 0x2d,
    0xac, 0x80, 0x12, 0xae, 0x5, 0xec, 0xac, 0xd0,
    0x2, 0x4f, 0x81, 0xa, 0x0, 0x12, 0x33, 0x73,
    0x7e, 0x20, 0x8, 0x33, 0x69, 0x90, 0xa, 0x13,
    0x0, 0x7c, 0x83, 0x64, 0xc0, 0x5, 0x4, 0x0,
    0xfe, 0x43, 0x72, 0x0, 0x8, 0x8, 0x7, 0xf1,
    0xbb, 0x84, 0x3, 0x8, 0x7, 0xf1, 0xb9, 0x28,
    0x1, 0xc1, 0x40, 0x3f, 0x9c, 0xb0, 0xc4, 0x8,
    0xcc, 0x80, 0x1f, 0x11, 0x35, 0x46, 0xc0, 0x1e,
    0x17, 0x53, 0x7c, 0x1, 0x40, 0xa0, 0x42, 0xa8,
    0xf, 0x55, 0x19, 0xa0, 0x3, 0xad, 0x80, 0x19,
    0x94, 0xe0, 0x55, 0xdf, 0xb0, 0x11, 0x7, 0x50,
    0xa, 0x62, 0x1a, 0xe4, 0x22, 0x37, 0xe7, 0x88,
    0x0, 0x73, 0xea, 0x4e, 0xf7, 0x32, 0x5f, 0x9c,
    0x3, 0xe2, 0x9e, 0xe6, 0xeb, 0xb9, 0x22, 0x1,
    0x80,

    /* U+00AE "®" */
    0x0, 0xff, 0xe5, 0xb5, 0x77, 0xfb, 0xa9, 0x40,
    0x3f, 0x27, 0x48, 0x45, 0xda, 0x2, 0xb4, 0xc0,
    0x39, 0xad, 0x3a, 0x99, 0x10, 0xd5, 0xcd, 0x88,
    0x1, 0x24, 0xc5, 0x1c, 0x44, 0xea, 0x3, 0x6d,
    0x64, 0x0, 0x95, 0x70, 0x67, 0x7a, 0x2b, 0x40,
    0x12, 0x7c, 0x8, 0x50, 0x1, 0x9f, 0xf9, 0x49,
    0x80, 0x10, 0x66, 0xd3, 0x20, 0xf, 0xf, 0x87,
    0x0, 0x10, 0x6c, 0x98, 0x3, 0x84, 0x92, 0x2,
    0xc0, 0x24, 0x37, 0x20, 0xe, 0x6d, 0xb3, 0xa3,
    0x0, 0x8d, 0xdc, 0x20, 0x1c, 0xb4, 0x42, 0x80,
    0x18, 0xdc, 0x94, 0x3, 0x89, 0x60, 0x2c, 0x3,
    0x39, 0x61, 0x88, 0x7, 0x94, 0xd4, 0xc0, 0x4,
    0x4d, 0x51, 0xb0, 0xf, 0xbc, 0x3c, 0x1, 0x2,
    0x81, 0xa, 0xa0, 0x66, 0x68, 0x0, 0xe1, 0x49,
    0xd6, 0xc0, 0xc, 0xca, 0x72, 0x95, 0x0, 0x9e,
    0x6a, 0x1d, 0x40, 0x29, 0x88, 0x6b, 0x90, 0x88,
    0xdf, 0x9e, 0x20, 0x1, 0xcf, 0xa9, 0x3b, 0xdc,
    0xc9, 0x7e, 0x70, 0xf, 0x8a, 0x7b, 0x9b, 0xae,
    0xe4, 0x88, 0x6,

    /* U+00B0 "°" */
    0x0, 0xfe, 0x3c, 0xff, 0x6a, 0x81, 0x60, 0xcd,
    0x35, 0x2d, 0x7, 0xb2, 0xd9, 0x49, 0x9, 0x0,
    0x4e, 0x46, 0x22, 0x0, 0x98, 0xe8, 0x28, 0xca,
    0xe, 0x8e, 0x93, 0x35, 0xd9, 0xc1, 0x7f, 0x2f,
    0xa4, 0x0,

    /* U+00B1 "±" */
    0x0, 0xef, 0xb0, 0xf, 0xff, 0x4e, 0x7f, 0xe0,
    0x4f, 0xfc, 0xe8, 0x9c, 0x2, 0x89, 0x8a, 0x2e,
    0xf0, 0x2d, 0xde, 0x50, 0xf, 0xfe, 0xeb, 0xf0,
    0x7, 0x45, 0xde, 0x3e, 0xbb, 0xca, 0x89, 0xff,
    0x68,

    /* U+00B7 "·" */
    0x1, 0x20, 0x1e, 0xd7, 0x20, 0x6, 0x99, 0x87,
    0x80,

    /* U+00BC "¼" */
    0x0, 0xd, 0xfd, 0x80, 0x7d, 0x9c, 0x20, 0x12,
    0x7a, 0x80, 0x7e, 0x73, 0xb1, 0x0, 0xa9, 0x7c,
    0x3, 0xe1, 0x84, 0x50, 0xd, 0x96, 0x20, 0x1f,
    0x58, 0x48, 0x7, 0x10, 0x7, 0xe4, 0x57, 0x20,
    0xf, 0xfe, 0x14, 0x94, 0x0, 0x7f, 0xf0, 0xa0,
    0xa4, 0x0, 0x48, 0x1, 0xfe, 0x27, 0x54, 0x2,
    0xdb, 0x30, 0xf, 0xe9, 0xb, 0x0, 0x78, 0x7,
    0xfc, 0xa9, 0x2, 0x12, 0xc, 0x1, 0xf6, 0x48,
    0xd9, 0xb8, 0x2b, 0x70, 0x7, 0xe3, 0x28, 0x1f,
    0x2, 0xa8, 0x30, 0xf, 0xe3, 0x66, 0x18, 0x79,
    0xa9, 0x18, 0x38, 0x80, 0x77, 0x8c, 0x2, 0x11,
    0xee, 0x94, 0x2e, 0xc0, 0x19, 0x8e, 0xc4, 0x16,
    0xab, 0x20, 0x44, 0x80, 0x43, 0x28, 0xa0, 0x1,
    0x55, 0xc4, 0x8, 0x60, 0x15, 0x84, 0x80, 0x7f,
    0xf0, 0x0,

    /* U+00BD "½" */
    0x0, 0x16, 0xfb, 0x0, 0x7a, 0x3d, 0x0, 0x33,
    0x69, 0x80, 0x7c, 0x4e, 0xa8, 0x1, 0x1c, 0xad,
    0x0, 0x7d, 0x21, 0x60, 0x18, 0xee, 0x80, 0x3e,
    0x54, 0x81, 0x0, 0xe4, 0x0, 0xfd, 0x64, 0xe0,
    0x1f, 0xfc, 0x28, 0x1e, 0x0, 0xff, 0xe1, 0x13,
    0xa9, 0x80, 0x7f, 0xf0, 0xb8, 0x2c, 0xf3, 0xfd,
    0xaa, 0x1, 0xf9, 0x4e, 0x47, 0x9e, 0x68, 0x28,
    0x80, 0x3c, 0x36, 0x4c, 0x1b, 0x6c, 0xb2, 0x8,
    0x1, 0x26, 0x3c, 0xf, 0x0, 0x78, 0x40, 0xc0,
    0x31, 0x93, 0x30, 0xc0, 0x3d, 0x22, 0xa0, 0x1d,
    0xe3, 0x0, 0x1e, 0xa3, 0xd0, 0xe, 0x63, 0x81,
    0x0, 0xea, 0x5b, 0x30, 0xc, 0x30, 0x6c, 0x1,
    0xd6, 0xb6, 0x80, 0x1d, 0x3, 0xe0, 0x1d, 0x69,
    0x4c, 0x44, 0x10, 0x1, 0xb3, 0xc, 0x3, 0x22,
    0x2, 0xb7, 0x66, 0x0, 0xaa, 0x0, 0x39, 0x6a,
    0xbc, 0xa0,

    /* U+00BE "¾" */
    0x0, 0xff, 0xe1, 0x88, 0x6, 0x8e, 0xff, 0x6a,
    0x0, 0x7d, 0x9e, 0x20, 0x3, 0x66, 0x55, 0x2,
    0xc8, 0x3, 0x98, 0xec, 0x40, 0x7, 0xd0, 0xaa,
    0xa0, 0x60, 0xc, 0x32, 0x6a, 0x1, 0xc2, 0x23,
    0xa1, 0x40, 0xd, 0x61, 0xc0, 0x1c, 0x3d, 0xcc,
    0x3d, 0x0, 0xc8, 0xae, 0x40, 0x1c, 0x37, 0x69,
    0x3d, 0x20, 0xa, 0x46, 0x0, 0x3e, 0x44, 0x37,
    0xd, 0x80, 0x1c, 0xa8, 0x0, 0x68, 0x1, 0xf0,
    0x80, 0x45, 0x8, 0x80, 0x4c, 0xb1, 0x7, 0x71,
    0x89, 0xf0, 0x68, 0x48, 0x48, 0xd, 0x0, 0x74,
    0x67, 0x61, 0xca, 0x2a, 0x41, 0x5, 0x2a, 0x0,
    0x4f, 0xfb, 0x98, 0xf6, 0xb, 0x27, 0x8, 0x5a,
    0x0, 0xf1, 0x19, 0x80, 0x10, 0x3c, 0x8, 0xf4,
    0x20, 0x1f, 0xe2, 0x75, 0x31, 0xa5, 0x62, 0x70,
    0x31, 0x0, 0xf7, 0xd, 0x83, 0x8a, 0xee, 0x8c,
    0x36, 0x40, 0x39, 0x8e, 0x4, 0x12, 0xab, 0x10,
    0x55, 0x0, 0x30, 0xc1, 0xb0, 0x0, 0x95, 0x73,
    0x2, 0x10, 0x6, 0x81, 0xf0, 0xf, 0xfe, 0x0,

    /* U+00C0 "À" */
    0x0, 0xe2, 0x78, 0x40, 0xf, 0xfe, 0x19, 0x11,
    0xed, 0x80, 0x3f, 0xf8, 0x6b, 0xa7, 0x2e, 0x1,
    0xff, 0xc3, 0x2c, 0x9f, 0x20, 0xf, 0xfe, 0x23,
    0x41, 0x0, 0x7f, 0xf0, 0xeb, 0xfc, 0x40, 0x1f,
    0xfc, 0x21, 0x50, 0x4, 0x0, 0x7f, 0xf0, 0xa4,
    0x4, 0x14, 0x40, 0x3f, 0xf8, 0x2e, 0x16, 0x41,
    0x20, 0x1f, 0xfc, 0x7, 0x1, 0x5b, 0x6, 0x0,
    0xff, 0xe0, 0x50, 0x48, 0x30, 0x89, 0x80, 0x3f,
    0xca, 0x40, 0xc0, 0x6, 0xb, 0x0, 0xff, 0x48,
    0x28, 0x80, 0x24, 0x9, 0x40, 0x3f, 0x19, 0x82,
    0x40, 0x21, 0x50, 0x90, 0xf, 0xd2, 0x6, 0x60,
    0xd, 0xc0, 0x66, 0x0, 0xf1, 0x28, 0x48, 0x7,
    0x21, 0x4, 0x80, 0x7a, 0xc0, 0x15, 0xff, 0xe2,
    0x5, 0x20, 0xc, 0x2c, 0x1, 0xff, 0xc0, 0xb0,
    0xc, 0xc0, 0xe, 0xff, 0xfc, 0xe0, 0xc2, 0x1,
    0x48, 0x30, 0x80, 0x7e, 0x90, 0x3, 0x0, 0x14,
    0x42, 0xc0, 0x3f, 0x85, 0x82, 0x40, 0x12, 0xa,
    0x40, 0x1f, 0xeb, 0x1, 0x50,

    /* U+00C1 "Á" */
    0x0, 0xff, 0x9e, 0x18, 0x3, 0xff, 0x84, 0x39,
    0x6, 0xe0, 0x1f, 0xfc, 0x11, 0xc3, 0x8b, 0x10,
    0xf, 0xfe, 0xa, 0x2e, 0x38, 0x7, 0xff, 0xd,
    0x60, 0xc0, 0x3f, 0xf8, 0x95, 0xfe, 0x20, 0xf,
    0xfe, 0x10, 0xa8, 0x2, 0x0, 0x3f, 0xf8, 0x52,
    0x2, 0xa, 0x20, 0x1f, 0xfc, 0x17, 0xb, 0x20,
    0x90, 0xf, 0xfe, 0x3, 0x80, 0xad, 0x83, 0x0,
    0x7f, 0xf0, 0x28, 0x24, 0x18, 0x44, 0xc0, 0x1f,
    0xe5, 0x20, 0x60, 0x3, 0x5, 0x80, 0x7f, 0xa4,
    0x14, 0x40, 0x12, 0x4, 0xa0, 0x1f, 0x8c, 0xc1,
    0x20, 0x10, 0xa8, 0x48, 0x7, 0xe9, 0x3, 0x30,
    0x6, 0xe0, 0x33, 0x0, 0x78, 0x94, 0x24, 0x3,
    0x90, 0x82, 0x40, 0x3d, 0x60, 0xa, 0xff, 0xf1,
    0x2, 0x90, 0x6, 0x16, 0x0, 0xff, 0xe0, 0x58,
    0x6, 0x60, 0x7, 0x7f, 0xfe, 0x70, 0x61, 0x0,
    0xa4, 0x18, 0x40, 0x3f, 0x48, 0x1, 0x80, 0xa,
    0x21, 0x60, 0x1f, 0xc2, 0xc1, 0x20, 0x9, 0x5,
    0x20, 0xf, 0xf5, 0x80, 0xa8,

    /* U+00C2 "Â" */
    0x0, 0xfc, 0x90, 0xe2, 0x1, 0xff, 0xc2, 0x6b,
    0x68, 0xc1, 0x0, 0xff, 0xe0, 0x3c, 0xa7, 0xd9,
    0x61, 0x0, 0x7f, 0x84, 0x26, 0xc5, 0x35, 0x50,
    0x3, 0xfc, 0x2e, 0xc0, 0x11, 0x43, 0x0, 0x7f,
    0xf0, 0x6b, 0xfc, 0x40, 0x1f, 0xfc, 0x21, 0x50,
    0x4, 0x0, 0x7f, 0xf0, 0xa4, 0x4, 0x14, 0x40,
    0x3f, 0xf8, 0x2e, 0x16, 0x41, 0x20, 0x1f, 0xfc,
    0x7, 0x1, 0x5b, 0x6, 0x0, 0xff, 0xe0, 0x50,
    0x48, 0x30, 0x89, 0x80, 0x3f, 0xca, 0x40, 0xc0,
    0x6, 0xb, 0x0, 0xff, 0x48, 0x28, 0x80, 0x24,
    0x9, 0x40, 0x3f, 0x19, 0x82, 0x40, 0x21, 0x50,
    0x90, 0xf, 0xd2, 0x6, 0x60, 0xd, 0xc0, 0x66,
    0x0, 0xf1, 0x28, 0x48, 0x7, 0x21, 0x4, 0x80,
    0x7a, 0xc0, 0x15, 0xff, 0xe2, 0x5, 0x20, 0xc,
    0x2c, 0x1, 0xff, 0xc0, 0xb0, 0xc, 0xc0, 0xe,
    0xff, 0xfc, 0xe0, 0xc2, 0x1, 0x48, 0x30, 0x80,
    0x7e, 0x90, 0x3, 0x0, 0x14, 0x42, 0xc0, 0x3f,
    0x85, 0x82, 0x40, 0x12, 0xa, 0x40, 0x1f, 0xeb,
    0x1, 0x50,

    /* U+00C3 "Ã" */
    0x0, 0xff, 0xe0, 0x8, 0x80, 0x3f, 0xe7, 0xff,
    0x62, 0xe, 0xd8, 0x7, 0xf8, 0x62, 0xbd, 0x2f,
    0x8a, 0x40, 0x3f, 0xc3, 0x6a, 0x11, 0xd9, 0xc6,
    0x1, 0xff, 0x20, 0x4, 0x26, 0x1, 0xff, 0xc3,
    0xaf, 0xf1, 0x0, 0x7f, 0xf0, 0x85, 0x40, 0x10,
    0x1, 0xff, 0xc2, 0x90, 0x10, 0x51, 0x0, 0xff,
    0xe0, 0xb8, 0x59, 0x4, 0x80, 0x7f, 0xf0, 0x1c,
    0x5, 0x6c, 0x18, 0x3, 0xff, 0x81, 0x41, 0x20,
    0xc2, 0x26, 0x0, 0xff, 0x29, 0x3, 0x0, 0x18,
    0x2c, 0x3, 0xfd, 0x20, 0xa2, 0x0, 0x90, 0x25,
    0x0, 0xfc, 0x66, 0x9, 0x0, 0x85, 0x42, 0x40,
    0x3f, 0x48, 0x19, 0x80, 0x37, 0x1, 0x98, 0x3,
    0xc4, 0xa1, 0x20, 0x1c, 0x84, 0x12, 0x1, 0xeb,
    0x0, 0x57, 0xff, 0x88, 0x14, 0x80, 0x30, 0xb0,
    0x7, 0xff, 0x2, 0xc0, 0x33, 0x0, 0x3b, 0xff,
    0xf3, 0x83, 0x8, 0x5, 0x20, 0xc2, 0x1, 0xfa,
    0x40, 0xc, 0x0, 0x51, 0xb, 0x0, 0xfe, 0x16,
    0x9, 0x0, 0x48, 0x29, 0x0, 0x7f, 0xac, 0x5,
    0x40,

    /* U+00C4 "Ä" */
    0x0, 0xf0, 0xb9, 0x0, 0x15, 0x40, 0x1f, 0xfc,
    0x8, 0x84, 0x81, 0x55, 0x8, 0x3, 0xfe, 0xc0,
    0xc0, 0x22, 0xc0, 0x1f, 0xf2, 0xfb, 0x80, 0x37,
    0x40, 0x1f, 0xfd, 0x5a, 0xff, 0x10, 0x7, 0xff,
    0x8, 0x54, 0x1, 0x0, 0x1f, 0xfc, 0x29, 0x1,
    0x5, 0x10, 0xf, 0xfe, 0xb, 0x85, 0x90, 0x48,
    0x7, 0xff, 0x1, 0xc0, 0x56, 0xc1, 0x80, 0x3f,
    0xf8, 0x14, 0x12, 0xc, 0x22, 0x60, 0xf, 0xf2,
    0x90, 0x30, 0x1, 0x82, 0xc0, 0x3f, 0xd2, 0xa,
    0x20, 0x9, 0x2, 0x50, 0xf, 0xc6, 0x60, 0x90,
    0x8, 0x54, 0x24, 0x3, 0xf4, 0x81, 0x98, 0x3,
    0x70, 0x19, 0x80, 0x3c, 0x4a, 0x12, 0x1, 0xc8,
    0x41, 0x20, 0x1e, 0xb0, 0x5, 0x7f, 0xf8, 0x81,
    0x48, 0x3, 0xb, 0x0, 0x7f, 0xf0, 0x2c, 0x3,
    0x30, 0x3, 0xbf, 0xff, 0x38, 0x30, 0x80, 0x52,
    0xc, 0x20, 0x1f, 0xa4, 0x0, 0xc0, 0x5, 0x10,
    0xb0, 0xf, 0xe1, 0x60, 0x90, 0x4, 0x82, 0x90,
    0x7, 0xfa, 0xc0, 0x54,

    /* U+00C5 "Å" */
    0x0, 0xfd, 0x1b, 0x88, 0x1, 0xff, 0xc2, 0x83,
    0xf9, 0xa2, 0x0, 0xff, 0xe0, 0xaf, 0x92, 0xa9,
    0xc0, 0x3f, 0xf8, 0x2f, 0xa0, 0x4a, 0xc0, 0x1f,
    0xfc, 0x1b, 0x2f, 0xd8, 0x30, 0xf, 0xfe, 0x8,
    0xdf, 0xf9, 0x80, 0x3f, 0xfa, 0xd5, 0xfe, 0x20,
    0xf, 0xfe, 0x10, 0xa8, 0x2, 0x0, 0x3f, 0xf8,
    0x52, 0x2, 0xa, 0x20, 0x1f, 0xfc, 0x17, 0xb,
    0x20, 0x90, 0xf, 0xfe, 0x3, 0x80, 0xad, 0x83,
    0x0, 0x7f, 0xf0, 0x28, 0x24, 0x18, 0x44, 0xc0,
    0x1f, 0xe5, 0x20, 0x60, 0x3, 0x5, 0x80, 0x7f,
    0xa4, 0x14, 0x40, 0x12, 0x4, 0xa0, 0x1f, 0x8c,
    0xc1, 0x20, 0x10, 0xa8, 0x48, 0x7, 0xe9, 0x3,
    0x30, 0x6, 0xe0, 0x33, 0x0, 0x78, 0x94, 0x24,
    0x3, 0x90, 0x82, 0x40, 0x3d, 0x60, 0xa, 0xff,
    0xf1, 0x2, 0x90, 0x6, 0x16, 0x0, 0xff, 0xe0,
    0x58, 0x6, 0x60, 0x7, 0x7f, 0xfe, 0x70, 0x61,
    0x0, 0xa4, 0x18, 0x40, 0x3f, 0x48, 0x1, 0x80,
    0xa, 0x21, 0x60, 0x1f, 0xc2, 0xc1, 0x20, 0x9,
    0x5, 0x20, 0xf, 0xf5, 0x80, 0xa8,

    /* U+00C6 "Æ" */
    0x0, 0xff, 0x2f, 0xff, 0xff, 0x5, 0xc0, 0x3f,
    0xd0, 0x1, 0xff, 0xcb, 0x72, 0x24, 0x0, 0x3b,
    0xbf, 0x9c, 0x3, 0xf0, 0xc0, 0x40, 0x80, 0x4,
    0x7f, 0x80, 0x3f, 0xac, 0x11, 0x40, 0x3f, 0xf9,
    0x8, 0xa1, 0x0, 0x1f, 0xfc, 0x99, 0x6, 0x30,
    0xf, 0xfe, 0x43, 0x10, 0x40, 0x7, 0x7f, 0xfe,
    0x60, 0xf, 0xc, 0x84, 0x8, 0x7, 0xff, 0x22,
    0x0, 0x9c, 0x3, 0xdd, 0xdf, 0x98, 0x3, 0x8d,
    0x82, 0x0, 0x3e, 0x11, 0xfc, 0x1, 0xef, 0x0,
    0x57, 0xfe, 0x90, 0xf, 0xfe, 0x1b, 0x18, 0x7,
    0xff, 0x2e, 0x1, 0xbf, 0xfd, 0x20, 0x1f, 0xfc,
    0x28, 0x11, 0x48, 0x7, 0xf0, 0x8f, 0xf8, 0x9,
    0xc2, 0xc0, 0x3f, 0xdd, 0xdf, 0xda, 0x12, 0x6,
    0xa0, 0x1f, 0xfc, 0x80,

    /* U+00C7 "Ç" */
    0x0, 0xe5, 0xad, 0xff, 0x6d, 0x28, 0x7, 0x8f,
    0x69, 0x48, 0x0, 0x4b, 0x5a, 0x60, 0x12, 0xe1,
    0x2, 0x4d, 0xe5, 0x30, 0x16, 0x10, 0x1d, 0x1,
    0x65, 0xb2, 0x1a, 0xcf, 0x1b, 0x90, 0x70, 0xe,
    0x18, 0x7, 0x87, 0x20, 0x14, 0x82, 0x84, 0x3,
    0xfe, 0xc0, 0x14, 0x0, 0xff, 0xe0, 0x28, 0x20,
    0x7, 0xff, 0x4, 0x40, 0xc0, 0x3f, 0xf8, 0x22,
    0x6, 0x1, 0xff, 0xc1, 0x50, 0x70, 0xf, 0xfe,
    0xe, 0x1, 0x20, 0x7, 0xff, 0x1, 0x48, 0x28,
    0x40, 0x3f, 0xf8, 0x1c, 0x3, 0x86, 0x1, 0xe1,
    0xc8, 0x0, 0x1d, 0x1, 0x65, 0xa9, 0x99, 0x27,
    0x8d, 0xc8, 0x0, 0xb8, 0x40, 0x95, 0x98, 0xb6,
    0x2, 0xc2, 0x0, 0x8f, 0x69, 0x44, 0x0, 0x4b,
    0x5a, 0x60, 0x1e, 0x5a, 0xa0, 0x76, 0xd2, 0x80,
    0x7f, 0xb0, 0x31, 0x0, 0x3f, 0xf8, 0x11, 0xc3,
    0x40, 0x1f, 0xf2, 0x11, 0x80, 0x7f, 0xf0, 0x67,
    0x74, 0x56, 0x1, 0xff, 0x6e, 0x63, 0x94, 0x3,
    0x80,

    /* U+00C8 "È" */
    0x0, 0x24, 0x40, 0x80, 0x3f, 0x90, 0x1f, 0xc,
    0x3, 0xfa, 0x2c, 0x30, 0xc0, 0x3f, 0x93, 0xe1,
    0x0, 0x3f, 0xc2, 0xee, 0x0, 0xe7, 0xff, 0xff,
    0x98, 0x3, 0xff, 0x86, 0x3d, 0xdf, 0xcc, 0x1,
    0x8, 0xff, 0x0, 0x7f, 0xf7, 0x87, 0xff, 0xf2,
    0x80, 0x7f, 0xf1, 0x7, 0xbb, 0xf2, 0x80, 0x61,
    0x1f, 0xc0, 0x1f, 0xfe, 0x1, 0x1f, 0xf0, 0x0,
    0x7b, 0xbf, 0xa8, 0x3, 0xff, 0x82,

    /* U+00C9 "É" */
    0x0, 0xf8, 0xa2, 0x8, 0x1, 0xf8, 0xf1, 0xc1,
    0x0, 0x3e, 0x4c, 0xb, 0x80, 0xf, 0xc7, 0x1e,
    0x80, 0x1f, 0xce, 0xe1, 0x0, 0xe7, 0xff, 0xff,
    0x98, 0x3, 0xff, 0x86, 0x3d, 0xdf, 0xcc, 0x1,
    0x8, 0xff, 0x0, 0x7f, 0xf7, 0x87, 0xff, 0xf2,
    0x80, 0x7f, 0xf1, 0x7, 0xbb, 0xf2, 0x80, 0x61,
    0x1f, 0xc0, 0x1f, 0xfe, 0x1, 0x1f, 0xf0, 0x0,
    0x7b, 0xbf, 0xa8, 0x3, 0xff, 0x82,

    /* U+00CA "Ê" */
    0x0, 0xe6, 0x86, 0x0, 0xfe, 0xa9, 0x69, 0x90,
    0x7, 0xd6, 0xaf, 0xce, 0xd4, 0x1, 0xc8, 0x77,
    0x1, 0x14, 0x46, 0x1, 0x92, 0x10, 0x2, 0x58,
    0x30, 0x3, 0xff, 0xff, 0xcc, 0x1, 0xff, 0xc3,
    0x1e, 0xef, 0xe6, 0x0, 0x84, 0x7f, 0x80, 0x3f,
    0xfb, 0xc3, 0xff, 0xf9, 0x40, 0x3f, 0xf8, 0x83,
    0xdd, 0xf9, 0x40, 0x30, 0x8f, 0xe0, 0xf, 0xff,
    0x0, 0x8f, 0xf8, 0x0, 0x3d, 0xdf, 0xd4, 0x1,
    0xff, 0xc1,

    /* U+00CB "Ë" */
    0x0, 0x8d, 0x80, 0x26, 0x20, 0xf, 0x6c, 0xb0,
    0x3c, 0xf8, 0x7, 0x90, 0x54, 0x10, 0x50, 0x3,
    0xd5, 0xc6, 0x7, 0xd2, 0x1, 0xff, 0xc4, 0x7f,
    0xff, 0xf9, 0x80, 0x3f, 0xf8, 0x63, 0xdd, 0xfc,
    0xc0, 0x10, 0x8f, 0xf0, 0x7, 0xff, 0x78, 0x7f,
    0xff, 0x28, 0x7, 0xff, 0x10, 0x7b, 0xbf, 0x28,
    0x6, 0x11, 0xfc, 0x1, 0xff, 0xe0, 0x11, 0xff,
    0x0, 0x7, 0xbb, 0xfa, 0x80, 0x3f, 0xf8, 0x20,

    /* U+00CC "Ì" */
    0x28, 0x82, 0x0, 0x45, 0xaf, 0x6a, 0x1, 0x2e,
    0x95, 0x30, 0x4, 0x5b, 0x2, 0x20, 0xc, 0xee,
    0x10, 0x9, 0xff, 0x80, 0x3f, 0xff, 0xe0, 0x1f,
    0xfd, 0xa0,

    /* U+00CD "Í" */
    0x0, 0xcf, 0xc, 0x1, 0xe, 0x41, 0xb8, 0x0,
    0xb0, 0xe2, 0xc4, 0x0, 0x8b, 0x8e, 0x1, 0x9a,
    0xc, 0x3, 0x9f, 0xf8, 0x3, 0xff, 0xfe, 0x1,
    0xff, 0xed,

    /* U+00CE "Î" */
    0x0, 0x96, 0x1c, 0x3, 0xcf, 0x4d, 0x18, 0x20,
    0x14, 0x41, 0x3a, 0x8f, 0x4, 0x8, 0x26, 0xc1,
    0x71, 0x50, 0xa, 0x18, 0x2, 0x38, 0x50, 0xc,
    0xff, 0xc0, 0x1f, 0xff, 0xf0, 0xf, 0xff, 0xf8,
    0x7, 0xff, 0x8,

    /* U+00CF "Ï" */
    0x17, 0x10, 0x2, 0xa0, 0x5c, 0x58, 0x1d, 0x58,
    0xe0, 0x60, 0x11, 0xc, 0x5b, 0xd8, 0x7, 0x70,
    0x3, 0xfe, 0x7f, 0xe0, 0xf, 0xff, 0xf8, 0x7,
    0xff, 0xb0,

    /* U+00D0 "Ð" */
    0x0, 0x27, 0xff, 0xed, 0xa5, 0x0, 0xff, 0xe2,
    0x12, 0xd6, 0x98, 0x7, 0xec, 0xee, 0xd9, 0x4a,
    0x5, 0x8c, 0x1, 0xf1, 0x8, 0xe3, 0x5a, 0xd3,
    0x9, 0x40, 0xf, 0xfe, 0x11, 0x61, 0x5, 0x0,
    0x7f, 0xf1, 0x38, 0x5, 0x40, 0x3f, 0xf8, 0x66,
    0x41, 0xf5, 0xd6, 0x0, 0xee, 0xd8, 0x1, 0xe7,
    0x6, 0x11, 0x0, 0x61, 0x1c, 0x1, 0xe3, 0x1,
    0xbf, 0xb0, 0x7, 0x7f, 0xda, 0x1, 0xe3, 0x1,
    0x0, 0xff, 0xe2, 0x38, 0x30, 0x7, 0xff, 0xc,
    0xc8, 0x3c, 0x3, 0xff, 0x87, 0xc0, 0x2a, 0x1,
    0xff, 0xc1, 0x2c, 0x20, 0xa0, 0xf, 0x10, 0x8e,
    0x35, 0xad, 0x30, 0x94, 0x0, 0xf6, 0x77, 0x6c,
    0xa5, 0x1, 0xb6, 0x0, 0xff, 0xe0, 0x92, 0xd7,
    0x20, 0x4,

    /* U+00D1 "Ñ" */
    0x0, 0xff, 0x8, 0x80, 0x3e, 0x8f, 0xf5, 0xa1,
    0x6c, 0x0, 0x78, 0x9e, 0xfc, 0xef, 0x4a, 0xc0,
    0x3c, 0x78, 0x81, 0x1d, 0x9c, 0x40, 0x1e, 0x13,
    0x0, 0x84, 0xc0, 0x39, 0xff, 0x40, 0x3f, 0x9f,
    0xfc, 0x0, 0x2a, 0x0, 0xff, 0xe1, 0x2b, 0x80,
    0x7f, 0xf0, 0xa1, 0x0, 0x3f, 0xf8, 0x4, 0x14,
    0x40, 0x1f, 0xe1, 0xe0, 0x1f, 0x0, 0xff, 0x8e,
    0x80, 0xa8, 0x3, 0xfe, 0x57, 0x5, 0x70, 0xf,
    0xfa, 0x10, 0x21, 0x0, 0x3f, 0xea, 0x10, 0xa1,
    0x0, 0xff, 0xe, 0x80, 0xe8, 0x7, 0xfc, 0x72,
    0x7, 0x40, 0x1f, 0xf3, 0x30, 0x16, 0x80, 0x3f,
    0xe9, 0x30, 0x20, 0xf, 0xfe, 0x6, 0x88, 0x7,
    0xff, 0x4, 0x74, 0x3, 0xff, 0x84, 0x72, 0x0,

    /* U+00D2 "Ò" */
    0x0, 0xe7, 0x87, 0x0, 0xff, 0xe2, 0x2a, 0x45,
    0x80, 0x7f, 0xf0, 0xcb, 0x19, 0x30, 0x3, 0xff,
    0x89, 0x36, 0x8a, 0x1, 0xff, 0xc4, 0x48, 0x50,
    0xf, 0xfe, 0xa, 0xd6, 0xff, 0xba, 0xd8, 0x3,
    0xf8, 0xb6, 0x94, 0x80, 0x2, 0x93, 0xc8, 0x1,
    0xe5, 0xd2, 0x4, 0x9c, 0xc5, 0x28, 0xd, 0xb8,
    0x6, 0x3a, 0x2, 0xcb, 0x63, 0x32, 0xd7, 0x18,
    0x42, 0x80, 0x5c, 0x3, 0x86, 0x1, 0xe1, 0xc3,
    0xa, 0x10, 0x42, 0xa, 0x10, 0xf, 0xee, 0x0,
    0x30, 0x68, 0xa, 0x0, 0x7f, 0x89, 0x2, 0xc1,
    0x41, 0x0, 0x3f, 0xf8, 0x6, 0x6, 0x2, 0x6,
    0x1, 0xff, 0xc0, 0xe0, 0x8, 0x40, 0xc0, 0x3f,
    0xf8, 0x1c, 0x1, 0x28, 0x38, 0x7, 0xff, 0x0,
    0xc0, 0xc3, 0x0, 0x90, 0x3, 0xfc, 0x48, 0x16,
    0xa, 0x41, 0x42, 0x1, 0xfd, 0xc0, 0x6, 0x0,
    0x70, 0xe, 0x18, 0x7, 0x87, 0xc, 0x28, 0x40,
    0x7, 0x40, 0x59, 0x6a, 0x66, 0x59, 0xe3, 0x7,
    0x50, 0xc, 0xb8, 0x40, 0x95, 0x98, 0xa6, 0x1,
    0xb8, 0x0, 0xf1, 0xed, 0x29, 0x0, 0x5, 0x27,
    0x90, 0x3, 0x0,

    /* U+00D3 "Ó" */
    0x0, 0xff, 0x2c, 0x38, 0x80, 0x7f, 0xf0, 0xa2,
    0x98, 0xc4, 0x3, 0xff, 0x83, 0x2e, 0x9e, 0x80,
    0x1f, 0xfc, 0x13, 0x19, 0xb1, 0x0, 0xff, 0xe1,
    0x1c, 0x30, 0x7, 0xff, 0x9, 0x6b, 0x7f, 0xdd,
    0x6c, 0x1, 0xfc, 0x5b, 0x4a, 0x40, 0x1, 0x49,
    0xe4, 0x0, 0xf2, 0xe9, 0x2, 0x4e, 0x62, 0x94,
    0x6, 0xdc, 0x3, 0x1d, 0x1, 0x65, 0xb1, 0x99,
    0x6b, 0x8c, 0x21, 0x40, 0x2e, 0x1, 0xc3, 0x0,
    0xf0, 0xe1, 0x85, 0x8, 0x21, 0x5, 0x8, 0x7,
    0xf7, 0x0, 0x18, 0x34, 0x5, 0x0, 0x3f, 0xc4,
    0x81, 0x60, 0xa0, 0x80, 0x1f, 0xfc, 0x3, 0x3,
    0x1, 0x3, 0x0, 0xff, 0xe0, 0x70, 0x4, 0x20,
    0x60, 0x1f, 0xfc, 0xe, 0x0, 0x94, 0x1c, 0x3,
    0xff, 0x80, 0x60, 0x61, 0x80, 0x48, 0x1, 0xfe,
    0x24, 0xb, 0x5, 0x20, 0xa1, 0x0, 0xfe, 0xe0,
    0x3, 0x0, 0x38, 0x7, 0xc, 0x3, 0xc3, 0x86,
    0x14, 0x20, 0x3, 0xa0, 0x2c, 0xb5, 0x33, 0x2c,
    0xf1, 0x83, 0xa8, 0x6, 0x5c, 0x20, 0x4a, 0xcc,
    0x53, 0x0, 0xdc, 0x0, 0x78, 0xf6, 0x94, 0x80,
    0x2, 0x93, 0xc8, 0x1, 0x80,

    /* U+00D4 "Ô" */
    0x0, 0xf8, 0xa2, 0x6, 0x1, 0xff, 0xc2, 0x2c,
    0x76, 0xc4, 0x0, 0xff, 0xe0, 0x1e, 0x6, 0x79,
    0xda, 0x80, 0x7f, 0xc9, 0x3e, 0x63, 0x90, 0x42,
    0x1, 0xfe, 0x77, 0x8, 0x4, 0xee, 0x10, 0xf,
    0xf2, 0xd6, 0xff, 0xba, 0xd8, 0x3, 0xf8, 0xb6,
    0x94, 0x80, 0x2, 0x93, 0xc8, 0x1, 0xe5, 0xd2,
    0x4, 0x9c, 0xc5, 0x28, 0xd, 0xb8, 0x6, 0x3a,
    0x2, 0xcb, 0x63, 0x32, 0xd7, 0x18, 0x42, 0x80,
    0x5c, 0x3, 0x86, 0x1, 0xe1, 0xc3, 0xa, 0x10,
    0x42, 0xa, 0x10, 0xf, 0xee, 0x0, 0x30, 0x68,
    0xa, 0x0, 0x7f, 0x89, 0x2, 0xc1, 0x41, 0x0,
    0x3f, 0xf8, 0x6, 0x6, 0x2, 0x6, 0x1, 0xff,
    0xc0, 0xe0, 0x8, 0x40, 0xc0, 0x3f, 0xf8, 0x1c,
    0x1, 0x28, 0x38, 0x7, 0xff, 0x0, 0xc0, 0xc3,
    0x0, 0x90, 0x3, 0xfc, 0x48, 0x16, 0xa, 0x41,
    0x42, 0x1, 0xfd, 0xc0, 0x6, 0x0, 0x70, 0xe,
    0x18, 0x7, 0x87, 0xc, 0x28, 0x40, 0x7, 0x40,
    0x59, 0x6a, 0x66, 0x59, 0xe3, 0x7, 0x50, 0xc,
    0xb8, 0x40, 0x95, 0x98, 0xa6, 0x1, 0xb8, 0x0,
    0xf1, 0xed, 0x29, 0x0, 0x5, 0x27, 0x90, 0x3,
    0x0,

    /* U+00D5 "Õ" */
    0x0, 0xf8, 0x40, 0x31, 0x0, 0x7f, 0xc3, 0xbd,
    0x60, 0x3, 0xd0, 0xf, 0xfa, 0xe, 0x5f, 0xa,
    0x48, 0x3, 0xfe, 0x49, 0x6c, 0x7d, 0x59, 0x0,
    0xff, 0xb9, 0x80, 0x17, 0x9c, 0x80, 0x1f, 0xf1,
    0x88, 0x4, 0x62, 0x1, 0xff, 0xc0, 0x5a, 0xdf,
    0xf7, 0x5b, 0x0, 0x7f, 0x16, 0xd2, 0x90, 0x0,
    0x52, 0x79, 0x0, 0x3c, 0xba, 0x40, 0x93, 0x98,
    0xa5, 0x1, 0xb7, 0x0, 0xc7, 0x40, 0x59, 0x6c,
    0x66, 0x5a, 0xe3, 0x8, 0x50, 0xb, 0x80, 0x70,
    0xc0, 0x3c, 0x38, 0x61, 0x42, 0x8, 0x41, 0x42,
    0x1, 0xfd, 0xc0, 0x6, 0xd, 0x1, 0x40, 0xf,
    0xf1, 0x20, 0x58, 0x28, 0x20, 0x7, 0xff, 0x0,
    0xc0, 0xc0, 0x40, 0xc0, 0x3f, 0xf8, 0x1c, 0x1,
    0x8, 0x18, 0x7, 0xff, 0x3, 0x80, 0x25, 0x7,
    0x0, 0xff, 0xe0, 0x18, 0x18, 0x60, 0x12, 0x0,
    0x7f, 0x89, 0x2, 0xc1, 0x48, 0x28, 0x40, 0x3f,
    0xb8, 0x0, 0xc0, 0xe, 0x1, 0xc3, 0x0, 0xf0,
    0xe1, 0x85, 0x8, 0x0, 0xe8, 0xb, 0x2d, 0x4c,
    0xcb, 0x3c, 0x60, 0xea, 0x1, 0x97, 0x8, 0x12,
    0xb3, 0x14, 0xc0, 0x37, 0x0, 0x1e, 0x3d, 0xa5,
    0x20, 0x0, 0xa4, 0xf2, 0x0, 0x60,

    /* U+00D6 "Ö" */
    0x0, 0xf3, 0x20, 0x0, 0x9c, 0x3, 0xff, 0x80,
    0x93, 0x60, 0xf, 0x87, 0x0, 0xff, 0x98, 0x4c,
    0x0, 0x80, 0x60, 0x1f, 0xf1, 0x76, 0x0, 0x27,
    0xd0, 0x3, 0xff, 0xa4, 0xb5, 0xbf, 0xee, 0xb6,
    0x0, 0xfe, 0x2d, 0xa5, 0x20, 0x0, 0xa4, 0xf2,
    0x0, 0x79, 0x74, 0x81, 0x27, 0x31, 0x4a, 0x3,
    0x6e, 0x1, 0x8e, 0x80, 0xb2, 0xd8, 0xcc, 0xb5,
    0xc6, 0x10, 0xa0, 0x17, 0x0, 0xe1, 0x80, 0x78,
    0x70, 0xc2, 0x84, 0x10, 0x82, 0x84, 0x3, 0xfb,
    0x80, 0xc, 0x1a, 0x2, 0x80, 0x1f, 0xe2, 0x40,
    0xb0, 0x50, 0x40, 0xf, 0xfe, 0x1, 0x81, 0x80,
    0x81, 0x80, 0x7f, 0xf0, 0x38, 0x2, 0x10, 0x30,
    0xf, 0xfe, 0x7, 0x0, 0x4a, 0xe, 0x1, 0xff,
    0xc0, 0x30, 0x30, 0xc0, 0x24, 0x0, 0xff, 0x12,
    0x5, 0x82, 0x90, 0x50, 0x80, 0x7f, 0x70, 0x1,
    0x80, 0x1c, 0x3, 0x86, 0x1, 0xe1, 0xc3, 0xa,
    0x10, 0x1, 0xd0, 0x16, 0x5a, 0x99, 0x96, 0x78,
    0xc1, 0xd4, 0x3, 0x2e, 0x10, 0x25, 0x66, 0x29,
    0x80, 0x6e, 0x0, 0x3c, 0x7b, 0x4a, 0x40, 0x1,
    0x49, 0xe4, 0x0, 0xc0,

    /* U+00D7 "×" */
    0x5, 0x10, 0xf, 0x21, 0x1, 0xd6, 0x8, 0x6,
    0x4b, 0xf0, 0x37, 0x2c, 0x10, 0x2, 0x58, 0x70,
    0x2, 0x1c, 0xb0, 0x52, 0xc3, 0xc, 0x2, 0x87,
    0x2c, 0xb0, 0xc3, 0x0, 0xe8, 0x52, 0xa, 0x30,
    0xf, 0x2a, 0x80, 0x10, 0x20, 0x1c, 0xb4, 0x18,
    0xe5, 0x82, 0x1, 0x2d, 0x6, 0x1c, 0x40, 0xb0,
    0x40, 0xa8, 0x30, 0xc0, 0xf, 0x5, 0x80, 0x4f,
    0x86, 0x1, 0x9e, 0x24, 0x0,

    /* U+00D8 "Ø" */
    0x0, 0xff, 0xe1, 0xf, 0x68, 0x7, 0xff, 0x12,
    0xc7, 0x80, 0x3e, 0x5a, 0xdf, 0xf7, 0x5b, 0x31,
    0x5c, 0xc0, 0x38, 0xb6, 0x94, 0x80, 0x2, 0x93,
    0x20, 0x80, 0xe, 0x5d, 0x20, 0x49, 0xcc, 0x52,
    0x80, 0x4e, 0x1, 0x8e, 0x80, 0xb2, 0xd8, 0xcc,
    0xba, 0x1, 0x42, 0x80, 0x5c, 0x3, 0x86, 0x1,
    0x8e, 0x17, 0xcc, 0x28, 0x41, 0x8, 0x28, 0x40,
    0x3b, 0x86, 0xc3, 0x80, 0xc, 0x1a, 0x2, 0x80,
    0x1d, 0x25, 0x42, 0x4, 0x81, 0x60, 0xa0, 0x80,
    0x1c, 0x8c, 0xc4, 0x0, 0x8c, 0xc, 0x4, 0xc,
    0x3, 0xd, 0x14, 0x80, 0x6e, 0x0, 0x84, 0xc,
    0x3, 0x50, 0xf8, 0x7, 0x70, 0x4, 0xa0, 0xe0,
    0x13, 0x24, 0x10, 0x7, 0x18, 0x18, 0x60, 0x12,
    0x1, 0x4a, 0x38, 0x7, 0x12, 0x5, 0x82, 0x90,
    0x50, 0xf0, 0xd0, 0x7, 0xb8, 0x0, 0xc0, 0xe,
    0x1, 0xe3, 0xb1, 0x0, 0xc3, 0x86, 0x14, 0x20,
    0x3, 0xa0, 0xb, 0x94, 0xcc, 0xb3, 0xc6, 0xe,
    0xa0, 0x19, 0x0, 0x24, 0xac, 0xc5, 0x30, 0xd,
    0xc0, 0x7, 0x58, 0x5d, 0x29, 0x0, 0x5, 0x27,
    0x90, 0x3, 0x95, 0x4e, 0x8b, 0x5b, 0xfe, 0xeb,
    0x60, 0xf, 0x8a, 0x20, 0x1, 0xff, 0xc3,

    /* U+00D9 "Ù" */
    0x0, 0x92, 0x20, 0x40, 0x1f, 0xf2, 0x3, 0xe1,
    0x80, 0x7f, 0xd1, 0x61, 0x88, 0x1, 0xff, 0x27,
    0xc1, 0x80, 0x7f, 0xf0, 0x5, 0xdc, 0x1, 0xea,
    0xfc, 0x0, 0xfe, 0xcf, 0x90, 0xf, 0xff, 0xf8,
    0x7, 0xff, 0x84, 0xc0, 0x3f, 0xf8, 0x82, 0x1,
    0xfc, 0x20, 0x3c, 0x4, 0x1, 0xfc, 0x41, 0xc8,
    0x0, 0x50, 0xf, 0x94, 0x0, 0x86, 0x60, 0xb1,
    0x0, 0xe1, 0xb0, 0x32, 0xf, 0x1, 0xf7, 0x32,
    0x38, 0xf1, 0xf, 0x0, 0x1d, 0x80, 0xc6, 0x6e,
    0x38, 0x8a, 0xcc, 0x2, 0x4e, 0x83, 0x10, 0x13,
    0x8f, 0x40, 0x0,

    /* U+00DA "Ú" */
    0x0, 0xfc, 0x51, 0x4, 0x0, 0xff, 0x1e, 0x38,
    0x20, 0x7, 0xf2, 0x60, 0x5c, 0x0, 0x7f, 0x8e,
    0x3d, 0x0, 0x3f, 0xe7, 0x70, 0x80, 0x7a, 0xbf,
    0x0, 0x3f, 0xb3, 0xe4, 0x3, 0xff, 0xfe, 0x1,
    0xff, 0xe1, 0x30, 0xf, 0xfe, 0x20, 0x80, 0x7f,
    0x8, 0xf, 0x1, 0x0, 0x7f, 0x10, 0x72, 0x0,
    0x14, 0x3, 0xe5, 0x0, 0x21, 0x98, 0x2c, 0x40,
    0x38, 0x6c, 0xc, 0x83, 0xc0, 0x7d, 0xcc, 0x8e,
    0x3c, 0x43, 0xc0, 0x7, 0x60, 0x31, 0x9b, 0x8e,
    0x22, 0xb3, 0x0, 0x93, 0xa0, 0xc4, 0x4, 0xe3,
    0xd0, 0x0,

    /* U+00DB "Û" */
    0x0, 0xf3, 0x43, 0x0, 0x7f, 0xd5, 0x2d, 0x34,
    0x1, 0xfd, 0x6a, 0xfc, 0xeb, 0x60, 0x1f, 0x21,
    0xdc, 0x4, 0x59, 0xa0, 0x7, 0x92, 0x10, 0x2,
    0x48, 0x40, 0xa, 0xbf, 0x0, 0x3f, 0xb3, 0xe4,
    0x3, 0xff, 0xfe, 0x1, 0xff, 0xe1, 0x30, 0xf,
    0xfe, 0x20, 0x80, 0x7f, 0x8, 0xf, 0x1, 0x0,
    0x7f, 0x10, 0x72, 0x0, 0x14, 0x3, 0xe5, 0x0,
    0x21, 0x98, 0x2c, 0x40, 0x38, 0x6c, 0xc, 0x83,
    0xc0, 0x7d, 0xcc, 0x8e, 0x3c, 0x43, 0xc0, 0x7,
    0x60, 0x31, 0x9b, 0x8e, 0x22, 0xb3, 0x0, 0x93,
    0xa0, 0xc4, 0x4, 0xe3, 0xd0, 0x0,

    /* U+00DC "Ü" */
    0x0, 0xc6, 0xc0, 0x13, 0x18, 0x7, 0xed, 0x96,
    0x6, 0x9d, 0x0, 0xfc, 0xe2, 0xa0, 0xa2, 0xe0,
    0x1f, 0xa7, 0x8c, 0xf, 0xa4, 0x3, 0xff, 0x8f,
    0x5f, 0x80, 0x1f, 0xd9, 0xf2, 0x1, 0xff, 0xff,
    0x0, 0xff, 0xf0, 0x98, 0x7, 0xff, 0x10, 0x40,
    0x3f, 0x84, 0x7, 0x80, 0x80, 0x3f, 0x88, 0x39,
    0x0, 0xa, 0x1, 0xf2, 0x80, 0x10, 0xcc, 0x16,
    0x20, 0x1c, 0x36, 0x6, 0x41, 0xe0, 0x3e, 0xe6,
    0x47, 0x1e, 0x21, 0xe0, 0x3, 0xb0, 0x18, 0xcd,
    0xc7, 0x11, 0x59, 0x80, 0x49, 0xd0, 0x62, 0x2,
    0x71, 0xe8, 0x0,

    /* U+00DD "Ý" */
    0x0, 0xff, 0x3c, 0x30, 0x7, 0xff, 0x0, 0x72,
    0xd, 0xc0, 0x3f, 0xe1, 0xc3, 0x8b, 0x10, 0xf,
    0xf9, 0xd7, 0x1c, 0x3, 0xff, 0x82, 0xd0, 0x60,
    0x1f, 0xb3, 0xf0, 0x3, 0xf8, 0x7f, 0xca, 0x1e,
    0x6, 0xa0, 0x1f, 0xac, 0x11, 0x40, 0xd8, 0x2c,
    0x3, 0xe4, 0x50, 0x90, 0xa, 0x4, 0x52, 0x1,
    0xe9, 0x7, 0x20, 0x8, 0x60, 0x18, 0x80, 0x33,
    0x90, 0xc0, 0x7, 0x31, 0x87, 0x0, 0x43, 0x1,
    0x60, 0x1f, 0x78, 0x1a, 0x80, 0x2c, 0x11, 0x40,
    0x3e, 0x36, 0xb, 0x4, 0x50, 0x90, 0xf, 0xe8,
    0x11, 0x4c, 0x81, 0xc8, 0x3, 0xf8, 0x60, 0x18,
    0x86, 0x0, 0x3f, 0xe6, 0x30, 0x5, 0x80, 0x7f,
    0xf0, 0x68, 0x0, 0xa0, 0x1f, 0xff, 0xf0, 0xf,
    0xfe, 0x20,

    /* U+00DE "Þ" */
    0x7f, 0xe0, 0xf, 0xfe, 0x88, 0xff, 0xf7, 0x5b,
    0x0, 0x7f, 0xf0, 0x5, 0x27, 0x48, 0x3, 0xe,
    0xef, 0x5b, 0x1, 0x60, 0x80, 0x62, 0x2e, 0x49,
    0xc0, 0x18, 0x0, 0xff, 0x8d, 0x81, 0xc0, 0x3f,
    0xf8, 0x18, 0x2, 0x1, 0xff, 0xcf, 0xc0, 0x10,
    0xf, 0xf8, 0xd8, 0x1c, 0x3, 0x8, 0xf1, 0xc6,
    0x0, 0xc0, 0x4, 0x3d, 0xdd, 0x8e, 0x5, 0x82,
    0x1, 0xfc, 0x29, 0x3a, 0x40, 0x18, 0x7f, 0xfb,
    0xad, 0x80, 0x3f, 0xfa, 0xc0,

    /* U+00DF "ß" */
    0x0, 0x9f, 0x3b, 0xf6, 0x48, 0x3, 0x8b, 0x60,
    0xc4, 0x9, 0xb5, 0x80, 0x37, 0x10, 0xce, 0xf6,
    0x20, 0x49, 0x0, 0x14, 0xc3, 0x58, 0x84, 0xec,
    0x82, 0xc0, 0x1e, 0x8, 0x60, 0x1c, 0xa0, 0x40,
    0x6, 0x3, 0x0, 0xfc, 0x20, 0x1b, 0xc0, 0x38,
    0x58, 0x3c, 0x0, 0x20, 0x1c, 0x2b, 0x82, 0x8a,
    0x1, 0xf2, 0xf5, 0x10, 0xc8, 0x7, 0xe1, 0x0,
    0x87, 0x5c, 0x3, 0xe4, 0xff, 0x6b, 0x4, 0x30,
    0x7, 0xf1, 0x4b, 0x84, 0x0, 0x7f, 0xd4, 0x2,
    0x20, 0xf, 0xf0, 0x80, 0x7f, 0xf0, 0x68, 0x4,
    0x40, 0x1c, 0x62, 0x23, 0x96, 0x6, 0x0, 0xe2,
    0xce, 0xe6, 0x30, 0x2c, 0x0, 0x70, 0x98, 0x0,
    0x52, 0xa8, 0x0,

    /* U+00E0 "à" */
    0x1, 0xbf, 0xe2, 0x0, 0xf8, 0x6d, 0xc7, 0x8,
    0x3, 0xf4, 0x50, 0xe1, 0x0, 0x7e, 0x5e, 0xd0,
    0xf, 0xf0, 0x99, 0x0, 0x79, 0xaf, 0xbf, 0xdb,
    0x2, 0x0, 0x2e, 0x94, 0x10, 0x1, 0x3f, 0x88,
    0x10, 0x25, 0x77, 0xec, 0x0, 0xd0, 0x3, 0xed,
    0x44, 0x9, 0xe4, 0x10, 0x0, 0x20, 0x1e, 0x70,
    0x1, 0x80, 0xd, 0xea, 0xb5, 0x80, 0x1c, 0x2b,
    0x21, 0x57, 0x80, 0x26, 0x50, 0x9e, 0xff, 0xc0,
    0x16, 0x83, 0x30, 0x40, 0x3e, 0x70, 0x10, 0xe,
    0x50, 0x9, 0x1, 0x88, 0x2, 0x4a, 0x0, 0xa4,
    0x87, 0x72, 0xf6, 0xc8, 0x2, 0x1c, 0x72, 0x34,
    0x7, 0xd1, 0x0, 0x0,

    /* U+00E1 "á" */
    0x0, 0xf1, 0x77, 0xd8, 0x7, 0xc5, 0x82, 0xf6,
    0x1, 0xe2, 0xc1, 0xb8, 0x0, 0xfd, 0xbc, 0x80,
    0x1f, 0x88, 0xc4, 0x3, 0xe6, 0xbe, 0xff, 0x6c,
    0x8, 0x0, 0xba, 0x50, 0x40, 0x4, 0xfe, 0x20,
    0x40, 0x95, 0xdf, 0xb0, 0x3, 0x40, 0xf, 0xb5,
    0x10, 0x27, 0x90, 0x40, 0x0, 0x80, 0x79, 0xc0,
    0x6, 0x0, 0x37, 0xaa, 0xd6, 0x0, 0x70, 0xac,
    0x85, 0x5e, 0x0, 0x99, 0x42, 0x7b, 0xff, 0x0,
    0x5a, 0xc, 0xc1, 0x0, 0xf9, 0xc0, 0x40, 0x39,
    0x40, 0x24, 0x6, 0x20, 0x9, 0x28, 0x2, 0x92,
    0x1d, 0xcb, 0xdb, 0x20, 0x8, 0x71, 0xc8, 0xd0,
    0x1f, 0x44, 0x0,

    /* U+00E2 "â" */
    0x0, 0xd3, 0xfe, 0x90, 0xf, 0xa5, 0x91, 0xd,
    0x20, 0x1d, 0x2c, 0xcb, 0xb3, 0x32, 0x40, 0x35,
    0x64, 0x80, 0x27, 0x28, 0x3, 0x19, 0x80, 0x31,
    0x98, 0x3, 0x35, 0xf7, 0xfb, 0x60, 0x40, 0x5,
    0xd2, 0x82, 0x0, 0x27, 0xf1, 0x2, 0x4, 0xae,
    0xfd, 0x80, 0x1a, 0x0, 0x7d, 0xa8, 0x81, 0x3c,
    0x82, 0x0, 0x4, 0x3, 0xce, 0x0, 0x30, 0x1,
    0xbd, 0x56, 0xb0, 0x3, 0x85, 0x64, 0x2a, 0xf0,
    0x4, 0xca, 0x13, 0xdf, 0xf8, 0x2, 0xd0, 0x66,
    0x8, 0x7, 0xce, 0x2, 0x1, 0xca, 0x1, 0x20,
    0x31, 0x0, 0x49, 0x40, 0x14, 0x90, 0xee, 0x5e,
    0xd9, 0x0, 0x43, 0x8e, 0x46, 0x80, 0xfa, 0x20,
    0x0,

    /* U+00E3 "ã" */
    0x0, 0xe, 0x7c, 0x0, 0x17, 0xc0, 0x35, 0x93,
    0xb5, 0x17, 0x20, 0x6, 0x58, 0x86, 0x3e, 0xac,
    0x0, 0x6b, 0x70, 0x2d, 0xce, 0x30, 0xc, 0x82,
    0x1, 0x18, 0x7, 0x9a, 0xfb, 0xfd, 0xb0, 0x20,
    0x2, 0xe9, 0x41, 0x0, 0x13, 0xf8, 0x81, 0x2,
    0x57, 0x7e, 0xc0, 0xd, 0x0, 0x3e, 0xd4, 0x40,
    0x9e, 0x41, 0x0, 0x2, 0x1, 0xe7, 0x0, 0x18,
    0x0, 0xde, 0xab, 0x58, 0x1, 0xc2, 0xb2, 0x15,
    0x78, 0x2, 0x65, 0x9, 0xef, 0xfc, 0x1, 0x68,
    0x33, 0x4, 0x3, 0xe7, 0x1, 0x0, 0xe5, 0x0,
    0x90, 0x18, 0x80, 0x24, 0xa0, 0xa, 0x48, 0x77,
    0x2f, 0x6c, 0x80, 0x21, 0xc7, 0x23, 0x40, 0x7d,
    0x10, 0x0,

    /* U+00E4 "ä" */
    0x0, 0x1f, 0x50, 0x2, 0xb8, 0x80, 0x32, 0x8a,
    0x0, 0x14, 0x5c, 0x3, 0x34, 0xe8, 0x3, 0x25,
    0x40, 0x39, 0x8c, 0x0, 0x6c, 0x1, 0xff, 0xc5,
    0x6b, 0xef, 0xf6, 0xc0, 0x80, 0xb, 0xa5, 0x4,
    0x0, 0x4f, 0xe2, 0x4, 0x9, 0x5d, 0xfb, 0x0,
    0x34, 0x0, 0xfb, 0x51, 0x2, 0x79, 0x4, 0x0,
    0x8, 0x7, 0x9c, 0x0, 0x60, 0x3, 0x7a, 0xad,
    0x60, 0x7, 0xa, 0xc8, 0x55, 0xe0, 0x9, 0x94,
    0x27, 0xbf, 0xf0, 0x5, 0xa0, 0xcc, 0x10, 0xf,
    0x9c, 0x4, 0x3, 0x94, 0x2, 0x40, 0x62, 0x0,
    0x92, 0x80, 0x29, 0x21, 0xdc, 0xbd, 0xb2, 0x0,
    0x87, 0x1c, 0x8d, 0x1, 0xf4, 0x40, 0x0,

    /* U+00E5 "å" */
    0x0, 0xcf, 0xba, 0x60, 0xf, 0x96, 0xba, 0x61,
    0x0, 0x3d, 0xf4, 0x68, 0xda, 0x1, 0xed, 0xc0,
    0x14, 0xf0, 0xf, 0x38, 0xff, 0x2b, 0x0, 0x7d,
    0x5f, 0xe9, 0x0, 0xff, 0xe3, 0x35, 0xf7, 0xfb,
    0x60, 0x40, 0x5, 0xd2, 0x82, 0x0, 0x27, 0xf1,
    0x2, 0x4, 0xae, 0xfd, 0x80, 0x1a, 0x0, 0x7d,
    0xa8, 0x81, 0x3c, 0x82, 0x0, 0x4, 0x3, 0xce,
    0x0, 0x30, 0x1, 0xbd, 0x56, 0xb0, 0x3, 0x85,
    0x64, 0x2a, 0xf0, 0x4, 0xca, 0x13, 0xdf, 0xf8,
    0x2, 0xd0, 0x66, 0x8, 0x7, 0xce, 0x2, 0x1,
    0xca, 0x1, 0x20, 0x31, 0x0, 0x49, 0x40, 0x14,
    0x90, 0xee, 0x5e, 0xd9, 0x0, 0x43, 0x8e, 0x46,
    0x80, 0xfa, 0x20, 0x0,

    /* U+00E6 "æ" */
    0x0, 0x35, 0xf7, 0xf6, 0x38, 0x4, 0x97, 0xdf,
    0xb4, 0x60, 0x11, 0x74, 0xa0, 0x80, 0x9c, 0x68,
    0xd5, 0xa0, 0x81, 0x2e, 0x40, 0x0, 0x81, 0x2b,
    0xbf, 0x60, 0xb, 0x94, 0x63, 0x7f, 0x18, 0x1d,
    0xc0, 0xf, 0xb5, 0x10, 0x27, 0x90, 0xb, 0x5c,
    0x80, 0xe6, 0x41, 0x2, 0x2, 0x1, 0xe7, 0x0,
    0x31, 0x80, 0x73, 0x10, 0x30, 0x0, 0xe2, 0xa9,
    0x76, 0xa0, 0x2, 0xdd, 0xfc, 0x0, 0xd0, 0xac,
    0x75, 0x52, 0x24, 0x0, 0x34, 0x4f, 0x88, 0x5,
    0x94, 0x27, 0xbf, 0xf0, 0x2, 0x7f, 0xff, 0xaf,
    0x41, 0x98, 0x20, 0x11, 0x0, 0x34, 0x3, 0xfc,
    0xe0, 0x1f, 0x28, 0x1, 0x14, 0x3, 0xcc, 0x0,
    0x40, 0x64, 0x0, 0x9a, 0x1, 0x2, 0xa4, 0xc0,
    0x53, 0x26, 0x2, 0x8, 0x2f, 0xb7, 0xe4, 0x2a,
    0xd4, 0x1b, 0x3f, 0xac, 0xc3, 0x0, 0x1b, 0x4,
    0x24, 0x46, 0xd5, 0xa, 0xb5, 0x20, 0x1, 0xbf,
    0x20, 0x0,

    /* U+00E7 "ç" */
    0x0, 0x8e, 0xb7, 0xfb, 0x18, 0x3, 0x4e, 0x29,
    0x0, 0x9c, 0xe0, 0x84, 0xb0, 0x36, 0x76, 0xc0,
    0x1d, 0xa3, 0x4, 0xc8, 0xc4, 0x9f, 0x1a, 0xf8,
    0xd, 0x80, 0x38, 0xe4, 0x5c, 0x2c, 0x3, 0xf8,
    0x80, 0x80, 0x3f, 0x88, 0x8, 0x3, 0xf9, 0xc2,
    0xc0, 0x3f, 0xb8, 0xd, 0x80, 0x38, 0xa4, 0x51,
    0x82, 0x64, 0x62, 0x4f, 0xad, 0x61, 0x2c, 0xd,
    0x9d, 0xb0, 0x7, 0x60, 0x9, 0xc5, 0x0, 0x9,
    0xce, 0x8, 0x4, 0x74, 0xaa, 0xec, 0x60, 0xf,
    0x91, 0x68, 0x3, 0xfb, 0xa9, 0x5c, 0x3, 0xe4,
    0x10, 0xf, 0xe5, 0xbe, 0xa3, 0x60, 0xf, 0x2f,
    0x66, 0xe0, 0x80, 0x40,

    /* U+00E8 "è" */
    0x0, 0x37, 0xf9, 0x80, 0x3f, 0x9b, 0x6, 0x58,
    0x3, 0xf8, 0xfc, 0xe5, 0xc0, 0x3f, 0x87, 0x30,
    0x80, 0x1f, 0xf1, 0x98, 0x3, 0xf2, 0xdf, 0x7e,
    0xd1, 0x80, 0x75, 0x51, 0x4, 0x9, 0x72, 0x0,
    0x2a, 0x51, 0x9e, 0xfd, 0x70, 0x77, 0x2, 0x28,
    0x63, 0x8, 0x14, 0x50, 0x40, 0xf0, 0x31, 0x0,
    0x72, 0x98, 0x3b, 0x81, 0x6e, 0xfe, 0x10, 0xf2,
    0x3, 0x44, 0xf8, 0x80, 0xc8, 0x27, 0xff, 0xfa,
    0x9c, 0x28, 0x3, 0xfd, 0xc0, 0x6c, 0x1, 0xe6,
    0x0, 0x22, 0x84, 0xd1, 0x88, 0x92, 0xe6, 0x0,
    0x14, 0xc0, 0xb9, 0xdc, 0xb4, 0xc, 0x0, 0xa7,
    0x14, 0x80, 0x4, 0xfc, 0x80,

    /* U+00E9 "é" */
    0x0, 0xfa, 0xbf, 0x8c, 0x3, 0xf5, 0x29, 0xf9,
    0x80, 0x7d, 0x4a, 0xd8, 0x20, 0x1f, 0xc, 0xe4,
    0x80, 0x7f, 0x9, 0x98, 0x3, 0xf9, 0x6f, 0xbf,
    0x68, 0xc0, 0x3a, 0xa8, 0x82, 0x4, 0xb9, 0x0,
    0x15, 0x28, 0xcf, 0x7e, 0xb8, 0x3b, 0x81, 0x14,
    0x31, 0x84, 0xa, 0x28, 0x20, 0x78, 0x18, 0x80,
    0x39, 0x4c, 0x1d, 0xc0, 0xb7, 0x7f, 0x8, 0x79,
    0x1, 0xa2, 0x7c, 0x40, 0x64, 0x13, 0xff, 0xfd,
    0x4e, 0x14, 0x1, 0xfe, 0xe0, 0x36, 0x0, 0xf3,
    0x0, 0x11, 0x42, 0x68, 0xc4, 0x49, 0x73, 0x0,
    0xa, 0x60, 0x5c, 0xee, 0x5a, 0x6, 0x0, 0x53,
    0x8a, 0x40, 0x2, 0x7e, 0x40,

    /* U+00EA "ê" */
    0x0, 0xc9, 0xfe, 0xd1, 0x0, 0xf9, 0x2c, 0x5c,
    0xb0, 0x40, 0x39, 0x2c, 0xb2, 0x2c, 0xb0, 0x40,
    0x33, 0x66, 0x90, 0x27, 0x70, 0x3, 0x88, 0xc0,
    0x30, 0x98, 0x80, 0x72, 0xdf, 0x7e, 0xd1, 0x80,
    0x75, 0x51, 0x4, 0x9, 0x72, 0x0, 0x2a, 0x51,
    0x9e, 0xfd, 0x70, 0x77, 0x2, 0x28, 0x63, 0x8,
    0x14, 0x50, 0x40, 0xf0, 0x31, 0x0, 0x72, 0x98,
    0x3b, 0x81, 0x6e, 0xfe, 0x10, 0xf2, 0x3, 0x44,
    0xf8, 0x80, 0xc8, 0x27, 0xff, 0xfa, 0x9c, 0x28,
    0x3, 0xfd, 0xc0, 0x6c, 0x1, 0xe6, 0x0, 0x22,
    0x84, 0xd1, 0x88, 0x92, 0xe6, 0x0, 0x14, 0xc0,
    0xb9, 0xdc, 0xb4, 0xc, 0x0, 0xa7, 0x14, 0x80,
    0x4, 0xfc, 0x80,

    /* U+00EB "ë" */
    0x0, 0xaf, 0x84, 0x17, 0xdc, 0x3, 0xc8, 0x2a,
    0x1a, 0x16, 0x1, 0xeb, 0x94, 0x9, 0x8e, 0x0,
    0xf2, 0x30, 0x0, 0x5c, 0x80, 0x3f, 0xf8, 0xeb,
    0x7d, 0xfb, 0x46, 0x1, 0xd5, 0x44, 0x10, 0x25,
    0xc8, 0x0, 0xa9, 0x46, 0x7b, 0xf5, 0xc1, 0xdc,
    0x8, 0xa1, 0x8c, 0x20, 0x51, 0x41, 0x3, 0xc0,
    0xc4, 0x1, 0xca, 0x60, 0xee, 0x5, 0xbb, 0xf8,
    0x43, 0xc8, 0xd, 0x13, 0xe2, 0x3, 0x20, 0x9f,
    0xff, 0xea, 0x70, 0xa0, 0xf, 0xf7, 0x1, 0xb0,
    0x7, 0x98, 0x0, 0x8a, 0x13, 0x46, 0x22, 0x4b,
    0x98, 0x0, 0x53, 0x2, 0xe7, 0x72, 0xd0, 0x30,
    0x2, 0x9c, 0x52, 0x0, 0x13, 0xf2, 0x0,

    /* U+00EC "ì" */
    0x7, 0xff, 0x30, 0x6, 0x7c, 0x19, 0x60, 0xc,
    0x7e, 0x72, 0xe0, 0x18, 0x73, 0x54, 0x3, 0xc4,
    0x40, 0xe, 0xdf, 0x70, 0xf, 0xff, 0xf8, 0x7,
    0xff, 0x28,

    /* U+00ED "í" */
    0x0, 0xaf, 0xf8, 0xc0, 0x16, 0x88, 0xf3, 0xc,
    0x47, 0xb1, 0x0, 0x77, 0x20, 0x3, 0x10, 0x80,
    0x76, 0xfb, 0x80, 0x7f, 0xff, 0xc0, 0x3f, 0xf8,
    0x0,

    /* U+00EE "î" */
    0x0, 0x1f, 0xfb, 0x0, 0x30, 0xe8, 0x29, 0xd0,
    0x5, 0xa3, 0x74, 0xea, 0xe0, 0xe, 0xe2, 0x4,
    0x6a, 0x80, 0x8, 0x40, 0x22, 0x20, 0x6, 0xdf,
    0x70, 0xf, 0xff, 0xf8, 0x7, 0xff, 0x60,

    /* U+00EF "ï" */
    0x4f, 0x70, 0xcd, 0x3, 0xc, 0x13, 0x22, 0x3c,
    0xc8, 0x6e, 0xc4, 0xc, 0x40, 0x88, 0x0, 0xff,
    0x6f, 0xb8, 0x7, 0xff, 0xfc, 0x3, 0xfe,

    /* U+00F0 "ð" */
    0x7, 0xce, 0xff, 0x75, 0xa8, 0x1, 0x80, 0x2d,
    0x31, 0x0, 0xa, 0x57, 0x7c, 0xa8, 0x2, 0x6f,
    0xbf, 0xd0, 0x0, 0x10, 0x65, 0x0, 0x1a, 0x1c,
    0x74, 0x2, 0x98, 0x20, 0x6, 0x9d, 0x73, 0x8e,
    0xad, 0x2, 0x60, 0x8, 0x52, 0xf5, 0xc4, 0x5,
    0xc2, 0x80, 0x28, 0xb4, 0x0, 0xeb, 0x3, 0x0,
    0x85, 0xf3, 0xb9, 0x8e, 0x24, 0x0, 0x30, 0x3f,
    0x83, 0x11, 0x1c, 0x79, 0x80, 0x1c, 0xb4, 0x45,
    0x3b, 0xfa, 0xe3, 0xe0, 0x1, 0xb1, 0x17, 0xb1,
    0x1, 0x44, 0x90, 0x0, 0x50, 0x24, 0x40, 0x39,
    0x88, 0x0, 0xc4, 0x4, 0x1, 0xf3, 0x80, 0x91,
    0x0, 0x80, 0x3e, 0x70, 0x40, 0x40, 0x91, 0x0,
    0xe5, 0x20, 0x80, 0xb0, 0x1c, 0x51, 0x2, 0x8a,
    0x7, 0x20, 0x2b, 0x12, 0xae, 0xfd, 0x70, 0x78,
    0x0, 0x93, 0xdc, 0x80, 0x4, 0xb9, 0x0, 0x10,

    /* U+00F1 "ñ" */
    0x0, 0xa7, 0xec, 0x40, 0x7c, 0xc0, 0x33, 0x31,
    0xdb, 0xa, 0x44, 0xc0, 0x36, 0xac, 0x6b, 0xeb,
    0xc0, 0x7, 0x44, 0x0, 0x15, 0xbc, 0xc0, 0x1c,
    0x64, 0x1, 0x10, 0x80, 0x6d, 0xf6, 0x18, 0xdf,
    0xf6, 0x38, 0x7, 0x7f, 0x39, 0x0, 0xe, 0x30,
    0x3, 0x30, 0x4f, 0x7e, 0xb8, 0x1c, 0x80, 0x6b,
    0x61, 0x2, 0x86, 0x6, 0x0, 0x8d, 0x0, 0x3a,
    0x80, 0x4, 0x0, 0x40, 0xf, 0x10, 0x0, 0x40,
    0x1e, 0x1, 0xe1, 0x0, 0x38, 0x7, 0xff, 0xfc,
    0x2,

    /* U+00F2 "ò" */
    0x0, 0x1f, 0x7d, 0x0, 0x7f, 0x8f, 0xcd, 0x68,
    0x3, 0xfc, 0x38, 0xcb, 0x40, 0x1f, 0xf4, 0xe4,
    0x88, 0x7, 0xfc, 0x66, 0x10, 0xf, 0xc9, 0x5b,
    0xfd, 0x6a, 0x1, 0xe9, 0xb5, 0x20, 0x14, 0xac,
    0x10, 0xa, 0x98, 0x1b, 0x3b, 0x60, 0xf, 0x0,
    0x8, 0xa1, 0x32, 0x31, 0x27, 0xc0, 0x28, 0xe,
    0x3, 0x60, 0xe, 0x37, 0x6, 0x7, 0xb, 0x0,
    0xfa, 0xc0, 0x44, 0x40, 0x40, 0x1f, 0x10, 0x0,
    0x88, 0x4, 0x1, 0xf1, 0x0, 0x9, 0xc2, 0xc0,
    0x3e, 0xb0, 0x11, 0x70, 0x1b, 0x0, 0x71, 0xb8,
    0x30, 0x22, 0x84, 0xc8, 0xc4, 0x9f, 0x0, 0xa0,
    0x1, 0x4c, 0xd, 0x9d, 0xb0, 0x7, 0x80, 0x1a,
    0x6d, 0x48, 0x5, 0x2b, 0x4, 0x0,

    /* U+00F3 "ó" */
    0x0, 0xf9, 0xbf, 0xcc, 0x1, 0xfc, 0xf2, 0x38,
    0xc0, 0x1f, 0x9e, 0xf, 0xcc, 0x3, 0xf9, 0x33,
    0x2, 0x1, 0xfe, 0x33, 0x0, 0x7f, 0x92, 0xb7,
    0xfa, 0xd4, 0x3, 0xd3, 0x6a, 0x40, 0x29, 0x58,
    0x20, 0x15, 0x30, 0x36, 0x76, 0xc0, 0x1e, 0x0,
    0x11, 0x42, 0x64, 0x62, 0x4f, 0x80, 0x50, 0x1c,
    0x6, 0xc0, 0x1c, 0x6e, 0xc, 0xe, 0x16, 0x1,
    0xf5, 0x80, 0x88, 0x80, 0x80, 0x3e, 0x20, 0x1,
    0x10, 0x8, 0x3, 0xe2, 0x0, 0x13, 0x85, 0x80,
    0x7d, 0x60, 0x22, 0xe0, 0x36, 0x0, 0xe3, 0x70,
    0x60, 0x45, 0x9, 0x91, 0x89, 0x3e, 0x1, 0x40,
    0x2, 0x98, 0x1b, 0x3b, 0x60, 0xf, 0x0, 0x34,
    0xda, 0x90, 0xa, 0x56, 0x8, 0x0,

    /* U+00F4 "ô" */
    0x0, 0xc3, 0xbf, 0xe4, 0x0, 0xfc, 0x38, 0x4e,
    0x36, 0x60, 0x1e, 0x1c, 0x2b, 0x8c, 0x2c, 0x30,
    0xe, 0x3e, 0xe2, 0x1, 0x66, 0x4, 0x3, 0x88,
    0xc4, 0x2, 0x13, 0x20, 0xf, 0x25, 0x6f, 0xf5,
    0xa8, 0x7, 0xa6, 0xd4, 0x80, 0x52, 0xb0, 0x40,
    0x2a, 0x60, 0x6c, 0xed, 0x80, 0x3c, 0x0, 0x22,
    0x84, 0xc8, 0xc4, 0x9f, 0x0, 0xa0, 0x38, 0xd,
    0x80, 0x38, 0xdc, 0x18, 0x1c, 0x2c, 0x3, 0xeb,
    0x1, 0x11, 0x1, 0x0, 0x7c, 0x40, 0x2, 0x20,
    0x10, 0x7, 0xc4, 0x0, 0x27, 0xb, 0x0, 0xfa,
    0xc0, 0x45, 0xc0, 0x6c, 0x1, 0xc6, 0xe0, 0xc0,
    0x8a, 0x13, 0x23, 0x12, 0x7c, 0x2, 0x80, 0x5,
    0x30, 0x36, 0x76, 0xc0, 0x1e, 0x0, 0x69, 0xb5,
    0x20, 0x14, 0xac, 0x10, 0x0,

    /* U+00F5 "õ" */
    0x0, 0x97, 0xb5, 0x0, 0x17, 0x20, 0x1c, 0x34,
    0xaf, 0x6c, 0x69, 0x80, 0x1c, 0x81, 0x75, 0x32,
    0xc4, 0x50, 0xe, 0x4c, 0x0, 0x37, 0x6d, 0x80,
    0x78, 0x4c, 0x2, 0x12, 0x0, 0xfc, 0x95, 0xbf,
    0xd6, 0xa0, 0x1e, 0x9b, 0x52, 0x1, 0x4a, 0xc1,
    0x0, 0xa9, 0x81, 0xb3, 0xb6, 0x0, 0xf0, 0x0,
    0x8a, 0x13, 0x23, 0x12, 0x7c, 0x2, 0x80, 0xe0,
    0x36, 0x0, 0xe3, 0x70, 0x60, 0x70, 0xb0, 0xf,
    0xac, 0x4, 0x44, 0x4, 0x1, 0xf1, 0x0, 0x8,
    0x80, 0x40, 0x1f, 0x10, 0x0, 0x9c, 0x2c, 0x3,
    0xeb, 0x1, 0x17, 0x1, 0xb0, 0x7, 0x1b, 0x83,
    0x2, 0x28, 0x4c, 0x8c, 0x49, 0xf0, 0xa, 0x0,
    0x14, 0xc0, 0xd9, 0xdb, 0x0, 0x78, 0x1, 0xa6,
    0xd4, 0x80, 0x52, 0xb0, 0x40, 0x0,

    /* U+00F6 "ö" */
    0x0, 0xa3, 0xd0, 0xb, 0xac, 0x3, 0xe4, 0xc,
    0x7, 0x14, 0x0, 0xfb, 0xa2, 0x41, 0x66, 0xc0,
    0x3e, 0x27, 0x10, 0x3, 0x20, 0x7, 0xff, 0x25,
    0x2b, 0x7f, 0xad, 0x40, 0x3d, 0x36, 0xa4, 0x2,
    0x95, 0x82, 0x1, 0x53, 0x3, 0x67, 0x6c, 0x1,
    0xe0, 0x1, 0x14, 0x26, 0x46, 0x24, 0xf8, 0x5,
    0x1, 0xc0, 0x6c, 0x1, 0xc6, 0xe0, 0xc0, 0xe1,
    0x60, 0x1f, 0x58, 0x8, 0x88, 0x8, 0x3, 0xe2,
    0x0, 0x11, 0x0, 0x80, 0x3e, 0x20, 0x1, 0x38,
    0x58, 0x7, 0xd6, 0x2, 0x2e, 0x3, 0x60, 0xe,
    0x37, 0x6, 0x4, 0x50, 0x99, 0x18, 0x93, 0xe0,
    0x14, 0x0, 0x29, 0x81, 0xb3, 0xb6, 0x0, 0xf0,
    0x3, 0x4d, 0xa9, 0x0, 0xa5, 0x60, 0x80, 0x0,

    /* U+00F7 "÷" */
    0x0, 0xc7, 0xd8, 0x1, 0xfc, 0x82, 0x62, 0x1,
    0xf9, 0x4d, 0x44, 0x3, 0xf1, 0x65, 0x0, 0x74,
    0x5d, 0xff, 0x95, 0x13, 0xfe, 0xdc, 0xff, 0xff,
    0x40, 0x7, 0xff, 0x10, 0xb6, 0x80, 0x3f, 0x94,
    0x94, 0x40, 0x3f, 0x20, 0x98, 0x80, 0x60,

    /* U+00F8 "ø" */
    0x0, 0xff, 0x9c, 0xc0, 0x3f, 0xe7, 0x93, 0x0,
    0xc9, 0x5b, 0xfd, 0x71, 0xa, 0x0, 0xd3, 0x6a,
    0x40, 0x28, 0xe0, 0xa0, 0x15, 0x30, 0x36, 0x76,
    0x88, 0x3, 0x0, 0x8, 0xa1, 0x32, 0x31, 0x1,
    0x80, 0x28, 0xe, 0x3, 0x60, 0xb, 0x95, 0xdc,
    0xc, 0xe, 0x16, 0x1, 0x39, 0x58, 0x58, 0x8,
    0x88, 0x8, 0x0, 0x51, 0x62, 0x4, 0x0, 0x22,
    0x1, 0x0, 0x39, 0x54, 0x0, 0x20, 0x1, 0x38,
    0x58, 0x31, 0x58, 0x5, 0x60, 0x22, 0xe0, 0x38,
    0x9b, 0x10, 0x1, 0xb8, 0x30, 0x22, 0x83, 0x83,
    0x9, 0x3e, 0x1, 0x40, 0x2, 0x80, 0x2c, 0xed,
    0x80, 0x3c, 0x0, 0x84, 0x19, 0x48, 0x5, 0x2b,
    0x4, 0x2, 0xa4, 0x9a, 0xdf, 0xeb, 0x50, 0xc,
    0x27, 0x40, 0x1f, 0xf0,

    /* U+00F9 "ù" */
    0x0, 0x57, 0xf1, 0x80, 0x7f, 0x54, 0x8e, 0x98,
    0x7, 0xf3, 0x60, 0x61, 0x80, 0x7f, 0x1f, 0x69,
    0x0, 0x7f, 0xc4, 0x20, 0x1d, 0xfe, 0x60, 0xf,
    0x27, 0xf8, 0x3, 0xff, 0xfe, 0x1, 0x84, 0x3,
    0xf0, 0x80, 0x46, 0x1c, 0x1, 0xed, 0x0, 0x9c,
    0x18, 0x3, 0x85, 0x80, 0x29, 0x1, 0xb2, 0x0,
    0x26, 0x8, 0x4, 0x6e, 0x9, 0xbf, 0xeb, 0x26,
    0x0, 0xd1, 0x68, 0x20, 0x2b, 0x96, 0x1, 0x0,

    /* U+00FA "ú" */
    0x0, 0xf0, 0xef, 0xd8, 0x80, 0x7c, 0x5e, 0x4f,
    0x62, 0x1, 0xe2, 0xc1, 0xb8, 0x0, 0xfc, 0x79,
    0xc8, 0x1, 0xfc, 0x24, 0x20, 0x1e, 0xff, 0x30,
    0x7, 0x93, 0xfc, 0x1, 0xff, 0xff, 0x0, 0xc2,
    0x1, 0xf8, 0x40, 0x23, 0xe, 0x0, 0xf6, 0x80,
    0x4e, 0xc, 0x1, 0xc2, 0xc0, 0x14, 0x80, 0xd9,
    0x0, 0x13, 0x4, 0x2, 0x37, 0x4, 0xdf, 0xf5,
    0x93, 0x0, 0x68, 0xb4, 0x10, 0x15, 0xcb, 0x0,
    0x80,

    /* U+00FB "û" */
    0x0, 0xd1, 0xfe, 0xa0, 0xf, 0xd2, 0xe8, 0xaa,
    0xa0, 0xf, 0x4b, 0x32, 0xea, 0x16, 0x80, 0x3a,
    0xf6, 0x40, 0xf, 0xd0, 0x1, 0xc4, 0x40, 0xc,
    0x24, 0x1, 0x7f, 0x98, 0x3, 0xc9, 0xfe, 0x0,
    0xff, 0xff, 0x80, 0x61, 0x0, 0xfc, 0x20, 0x11,
    0x87, 0x0, 0x7b, 0x40, 0x27, 0x6, 0x0, 0xe1,
    0x60, 0xa, 0x40, 0x6c, 0x80, 0x9, 0x82, 0x1,
    0x1b, 0x82, 0x6f, 0xfa, 0xc9, 0x80, 0x34, 0x5a,
    0x8, 0xa, 0xe5, 0x80, 0x40,

    /* U+00FC "ü" */
    0x0, 0x17, 0x58, 0x2, 0x78, 0xc0, 0x39, 0xc5,
    0x0, 0x8, 0x28, 0x1, 0xcb, 0x36, 0x0, 0xe9,
    0x70, 0xf, 0x32, 0x0, 0xd, 0x80, 0x3f, 0xf8,
    0xbf, 0xe6, 0x0, 0xf2, 0x7f, 0x80, 0x3f, 0xff,
    0xe0, 0x18, 0x40, 0x3f, 0x8, 0x4, 0x61, 0xc0,
    0x1e, 0xd0, 0x9, 0xc1, 0x80, 0x38, 0x58, 0x2,
    0x90, 0x1b, 0x20, 0x2, 0x60, 0x80, 0x46, 0xe0,
    0x9b, 0xfe, 0xb2, 0x60, 0xd, 0x16, 0x82, 0x2,
    0xb9, 0x60, 0x10,

    /* U+00FD "ý" */
    0x0, 0xfd, 0x5f, 0xc6, 0x1, 0xfe, 0xb5, 0x3f,
    0x30, 0xf, 0xeb, 0x47, 0xc1, 0x0, 0xff, 0x4f,
    0x40, 0x7, 0xff, 0x0, 0x84, 0x3, 0xf6, 0xfc,
    0x80, 0x7c, 0x3f, 0xe3, 0xb, 0x6, 0x0, 0xf9,
    0x80, 0xcc, 0xc, 0x20, 0xc0, 0x1e, 0xa0, 0x90,
    0x9, 0x82, 0xc0, 0x39, 0x8, 0x54, 0x2, 0xa0,
    0x24, 0x0, 0xde, 0xc, 0x1, 0x89, 0x3, 0xc0,
    0x22, 0x40, 0x90, 0xe, 0xf0, 0x41, 0x0, 0x50,
    0x28, 0x80, 0x72, 0x10, 0x48, 0x1, 0x82, 0x40,
    0x3e, 0xb0, 0x60, 0x61, 0x33, 0x0, 0x7c, 0xc2,
    0x26, 0xa0, 0x90, 0xf, 0xe6, 0x8, 0x31, 0x50,
    0xf, 0xe9, 0x1, 0x9, 0x0, 0xff, 0xa, 0x80,
    0x18, 0x3, 0xff, 0x82, 0xa2, 0x1, 0xfe, 0x25,
    0x9, 0x0, 0xfa, 0x90, 0xb, 0x81, 0xc, 0x3,
    0xca, 0xab, 0xfd, 0x31, 0xa0, 0xf, 0x95, 0xc8,
    0x5, 0xbc, 0x40, 0x3e,

    /* U+00FE "þ" */
    0xdf, 0x70, 0xf, 0xff, 0xdb, 0xef, 0xf6, 0x38,
    0x80, 0x77, 0x6c, 0x10, 0x9, 0xc7, 0x98, 0x6,
    0x62, 0x4b, 0xed, 0x91, 0x16, 0x90, 0x6, 0x7b,
    0x41, 0x26, 0xf1, 0x14, 0x0, 0x43, 0x0, 0x1c,
    0x30, 0xa, 0x20, 0x7, 0x0, 0xf9, 0xc0, 0x4,
    0x0, 0xe0, 0xf, 0x84, 0x0, 0xc0, 0xe, 0x0,
    0xf8, 0x40, 0xc, 0x0, 0x70, 0xf, 0x9c, 0x0,
    0x40, 0x1, 0x80, 0xe, 0x28, 0x5, 0x10, 0x9,
    0xe8, 0xc4, 0x9b, 0x4, 0x20, 0x2, 0x62, 0x5c,
    0xed, 0x91, 0x16, 0x10, 0x5, 0xdb, 0x6, 0x2,
    0x71, 0xe6, 0x1, 0xe7, 0xcf, 0xec, 0x71, 0x0,
    0xff, 0xf7, 0x80,

    /* U+00FF "ÿ" */
    0x0, 0xd7, 0xc4, 0x9, 0xf0, 0x1, 0xf9, 0x5,
    0x83, 0x1, 0x0, 0x3f, 0x5c, 0xa0, 0x4c, 0x70,
    0x7, 0xe4, 0x60, 0x0, 0xb9, 0x0, 0x7f, 0xf2,
    0x37, 0xe4, 0x3, 0xe1, 0xff, 0x18, 0x58, 0x30,
    0x7, 0xcc, 0x6, 0x60, 0x61, 0x6, 0x0, 0xf5,
    0x4, 0x80, 0x4c, 0x16, 0x1, 0xc8, 0x42, 0xa0,
    0x15, 0x1, 0x20, 0x6, 0xf0, 0x60, 0xc, 0x48,
    0x1e, 0x1, 0x12, 0x4, 0x80, 0x77, 0x82, 0x8,
    0x2, 0x81, 0x44, 0x3, 0x90, 0x82, 0x40, 0xc,
    0x12, 0x1, 0xf5, 0x83, 0x3, 0x9, 0x98, 0x3,
    0xe6, 0x11, 0x35, 0x4, 0x80, 0x7f, 0x30, 0x41,
    0x8a, 0x80, 0x7f, 0x48, 0x8, 0x48, 0x7, 0xf8,
    0x54, 0x0, 0xc0, 0x1f, 0xfc, 0x15, 0x10, 0xf,
    0xf1, 0x28, 0x48, 0x7, 0xd4, 0x80, 0x5c, 0x8,
    0x60, 0x1e, 0x55, 0x5f, 0xe9, 0x8d, 0x0, 0x7c,
    0xae, 0x40, 0x2d, 0xe2, 0x1, 0xf0,

    /* U+0100 "Ā" */
    0x0, 0xf1, 0x17, 0xc2, 0x1, 0xfe, 0x2d, 0xdf,
    0xa8, 0x3, 0xfc, 0x55, 0x5f, 0x40, 0x7, 0xfc,
    0xab, 0xf1, 0x80, 0x7f, 0xf5, 0x2b, 0xfc, 0x40,
    0x1f, 0xfc, 0x21, 0x50, 0x4, 0x0, 0x7f, 0xf0,
    0xa4, 0x4, 0x14, 0x40, 0x3f, 0xf8, 0x2e, 0x16,
    0x41, 0x20, 0x1f, 0xfc, 0x7, 0x1, 0x5b, 0x6,
    0x0, 0xff, 0xe0, 0x50, 0x48, 0x30, 0x89, 0x80,
    0x3f, 0xca, 0x40, 0xc0, 0x6, 0xb, 0x0, 0xff,
    0x48, 0x28, 0x80, 0x24, 0x9, 0x40, 0x3f, 0x19,
    0x82, 0x40, 0x21, 0x50, 0x90, 0xf, 0xd2, 0x6,
    0x60, 0xd, 0xc0, 0x66, 0x0, 0xf1, 0x28, 0x48,
    0x7, 0x21, 0x4, 0x80, 0x7a, 0xc0, 0x15, 0xff,
    0xe2, 0x5, 0x20, 0xc, 0x2c, 0x1, 0xff, 0xc0,
    0xb0, 0xc, 0xc0, 0xe, 0xff, 0xfc, 0xe0, 0xc2,
    0x1, 0x48, 0x30, 0x80, 0x7e, 0x90, 0x3, 0x0,
    0x14, 0x42, 0xc0, 0x3f, 0x85, 0x82, 0x40, 0x12,
    0xa, 0x40, 0x1f, 0xeb, 0x1, 0x50,

    /* U+0101 "ā" */
    0x0, 0x77, 0xff, 0xb8, 0x3, 0x44, 0x7e, 0x0,
    0xcc, 0xef, 0xe6, 0x0, 0xff, 0xe2, 0x35, 0xf7,
    0xfb, 0x60, 0x40, 0x5, 0xd2, 0x82, 0x0, 0x27,
    0xf1, 0x2, 0x4, 0xae, 0xfd, 0x80, 0x1a, 0x0,
    0x7d, 0xa8, 0x81, 0x3c, 0x82, 0x0, 0x4, 0x3,
    0xce, 0x0, 0x30, 0x1, 0xbd, 0x56, 0xb0, 0x3,
    0x85, 0x64, 0x2a, 0xf0, 0x4, 0xca, 0x13, 0xdf,
    0xf8, 0x2, 0xd0, 0x66, 0x8, 0x7, 0xce, 0x2,
    0x1, 0xca, 0x1, 0x20, 0x31, 0x0, 0x49, 0x40,
    0x14, 0x90, 0xee, 0x5e, 0xd9, 0x0, 0x43, 0x8e,
    0x46, 0x80, 0xfa, 0x20, 0x0,

    /* U+0102 "Ă" */
    0x0, 0xf4, 0x20, 0x6, 0x75, 0x0, 0xff, 0x96,
    0x94, 0x4a, 0x60, 0xc0, 0x3f, 0xef, 0x5a, 0xed,
    0x78, 0x60, 0xf, 0xf8, 0xaf, 0xb3, 0x79, 0xc0,
    0x3f, 0xf8, 0x42, 0x64, 0x1, 0xff, 0xc4, 0xaf,
    0xf1, 0x0, 0x7f, 0xf0, 0x85, 0x40, 0x10, 0x1,
    0xff, 0xc2, 0x90, 0x10, 0x51, 0x0, 0xff, 0xe0,
    0xb8, 0x59, 0x4, 0x80, 0x7f, 0xf0, 0x1c, 0x5,
    0x6c, 0x18, 0x3, 0xff, 0x81, 0x41, 0x20, 0xc2,
    0x26, 0x0, 0xff, 0x29, 0x3, 0x0, 0x18, 0x2c,
    0x3, 0xfd, 0x20, 0xa2, 0x0, 0x90, 0x25, 0x0,
    0xfc, 0x66, 0x9, 0x0, 0x85, 0x42, 0x40, 0x3f,
    0x48, 0x19, 0x80, 0x37, 0x1, 0x98, 0x3, 0xc4,
    0xa1, 0x20, 0x1c, 0x84, 0x12, 0x1, 0xeb, 0x0,
    0x57, 0xff, 0x88, 0x14, 0x80, 0x30, 0xb0, 0x7,
    0xff, 0x2, 0xc0, 0x33, 0x0, 0x3b, 0xff, 0xf3,
    0x83, 0x8, 0x5, 0x20, 0xc2, 0x1, 0xfa, 0x40,
    0xc, 0x0, 0x51, 0xb, 0x0, 0xfe, 0x16, 0x9,
    0x0, 0x48, 0x29, 0x0, 0x7f, 0xac, 0x5, 0x40,

    /* U+0103 "ă" */
    0x0, 0x6e, 0x0, 0x6d, 0xc0, 0xd, 0x47, 0x24,
    0x49, 0x2b, 0x0, 0xce, 0xe6, 0xdd, 0x34, 0x38,
    0x7, 0x47, 0xe6, 0x3d, 0xc0, 0x3f, 0x19, 0x80,
    0x3e, 0x6b, 0xef, 0xf6, 0xc0, 0x80, 0xb, 0xa5,
    0x4, 0x0, 0x4f, 0xe2, 0x4, 0x9, 0x5d, 0xfb,
    0x0, 0x34, 0x0, 0xfb, 0x51, 0x2, 0x79, 0x4,
    0x0, 0x8, 0x7, 0x9c, 0x0, 0x60, 0x3, 0x7a,
    0xad, 0x60, 0x7, 0xa, 0xc8, 0x55, 0xe0, 0x9,
    0x94, 0x27, 0xbf, 0xf0, 0x5, 0xa0, 0xcc, 0x10,
    0xf, 0x9c, 0x4, 0x3, 0x94, 0x2, 0x40, 0x62,
    0x0, 0x92, 0x80, 0x29, 0x21, 0xdc, 0xbd, 0xb2,
    0x0, 0x87, 0x1c, 0x8d, 0x1, 0xf4, 0x40, 0x0,

    /* U+0104 "Ą" */
    0x0, 0xfd, 0x5f, 0xe2, 0x0, 0xff, 0xe1, 0x8a,
    0x80, 0x20, 0x3, 0xff, 0x87, 0x20, 0x20, 0xa2,
    0x1, 0xff, 0xc2, 0x70, 0xb2, 0x9, 0x0, 0xff,
    0xe0, 0xb8, 0xa, 0xd8, 0x30, 0x7, 0xff, 0x6,
    0x82, 0x41, 0x84, 0x4c, 0x1, 0xff, 0x29, 0x3,
    0x0, 0x18, 0x2c, 0x3, 0xfe, 0x90, 0x51, 0x0,
    0x48, 0x12, 0x80, 0x7f, 0x19, 0x82, 0x40, 0x21,
    0x50, 0x90, 0xf, 0xe9, 0x3, 0x30, 0x6, 0xe0,
    0x33, 0x0, 0x7c, 0x4a, 0x12, 0x1, 0xc8, 0x41,
    0x20, 0x1f, 0x58, 0x2, 0xbf, 0xfc, 0x40, 0xa4,
    0x1, 0xc2, 0xc0, 0x1f, 0xfc, 0xb, 0x0, 0xe6,
    0x0, 0x77, 0xff, 0xe7, 0x6, 0x10, 0xd, 0x20,
    0xc2, 0x1, 0xfa, 0x40, 0xc, 0x1, 0x28, 0x85,
    0x80, 0x7f, 0xb, 0x4, 0x80, 0x52, 0xa, 0x40,
    0x1f, 0xeb, 0x1, 0x70, 0x6, 0x7d, 0x0, 0x7f,
    0xd6, 0xe, 0xc0, 0x1f, 0xfc, 0x37, 0x6b, 0x81,
    0x0, 0xff, 0xe1, 0xd1, 0xa0, 0x7, 0xff, 0x14,
    0x4c, 0xc2, 0x80, 0x1f, 0xfc, 0x38, 0x1c, 0xea,
    0x0, 0xff, 0xe1, 0xa7, 0x66, 0x38, 0x0,

    /* U+0105 "ą" */
    0x0, 0x35, 0xf7, 0xfb, 0x60, 0x40, 0x5, 0xd2,
    0x82, 0x0, 0x27, 0xf1, 0x2, 0x4, 0xae, 0xfd,
    0x80, 0x1a, 0x0, 0x7d, 0xa8, 0x81, 0x3c, 0x82,
    0x0, 0x4, 0x3, 0xce, 0x0, 0x30, 0x1, 0xbd,
    0x56, 0xb0, 0x3, 0x85, 0x64, 0x2a, 0xf0, 0x4,
    0xca, 0x13, 0xdf, 0xf8, 0x2, 0xd0, 0x66, 0x8,
    0x7, 0xce, 0x2, 0x1, 0xca, 0x1, 0x20, 0x31,
    0x0, 0x49, 0x40, 0x14, 0x90, 0xee, 0x5e, 0xd9,
    0x0, 0x43, 0x8e, 0x46, 0x80, 0xf8, 0x1, 0x86,
    0x37, 0xfd, 0xb5, 0x83, 0x28, 0x1, 0xf7, 0x7,
    0xb0, 0x7, 0xc4, 0x74, 0x20, 0x1f, 0x8c, 0x30,
    0x8a, 0x0, 0xf0, 0xba, 0x6e, 0xac, 0x3, 0xe8,
    0xec, 0xd9,

    /* U+0106 "Ć" */
    0x0, 0xff, 0x3c, 0x30, 0x7, 0xff, 0x2, 0xe1,
    0x1c, 0x3, 0xfc, 0x38, 0x8f, 0x82, 0x1, 0xfe,
    0x44, 0x5c, 0x0, 0x7f, 0xf0, 0x16, 0x10, 0x3,
    0xfe, 0x5a, 0xdf, 0xf6, 0xd2, 0x80, 0x78, 0xf6,
    0x94, 0x80, 0x4, 0xb5, 0xa6, 0x1, 0x2e, 0x10,
    0x24, 0xde, 0x53, 0x1, 0x61, 0x1, 0xd0, 0x16,
    0x5b, 0x21, 0xac, 0xf1, 0xb9, 0x7, 0x0, 0xe1,
    0x80, 0x78, 0x72, 0x1, 0x48, 0x28, 0x40, 0x3f,
    0xec, 0x1, 0x40, 0xf, 0xfe, 0x2, 0x82, 0x0,
    0x7f, 0xf0, 0x44, 0xc, 0x3, 0xff, 0x82, 0x20,
    0x60, 0x1f, 0xfc, 0x15, 0x7, 0x0, 0xff, 0xe0,
    0xe0, 0x12, 0x0, 0x7f, 0xf0, 0x14, 0x82, 0x84,
    0x3, 0xff, 0x81, 0xc0, 0x38, 0x60, 0x1e, 0x1c,
    0x80, 0x1, 0xd0, 0x16, 0x5a, 0x99, 0x92, 0x78,
    0xdc, 0x80, 0xb, 0x84, 0x9, 0x59, 0x8b, 0x60,
    0x2c, 0x20, 0x8, 0xf6, 0x94, 0x40, 0x4, 0xb5,
    0xa6, 0x0,

    /* U+0107 "ć" */
    0x0, 0xfa, 0xff, 0x48, 0x3, 0xeb, 0x44, 0x61,
    0x0, 0x7b, 0x11, 0xec, 0x40, 0x3c, 0x3f, 0xb0,
    0x1, 0xf8, 0x4c, 0x80, 0x3f, 0x1d, 0x6f, 0xf6,
    0x30, 0x6, 0x9c, 0x52, 0x1, 0x39, 0xc1, 0x9,
    0x60, 0x6c, 0xed, 0x80, 0x3b, 0x46, 0x9, 0x91,
    0x89, 0x3e, 0x35, 0xf0, 0x1b, 0x0, 0x71, 0xc8,
    0xb8, 0x58, 0x7, 0xf1, 0x1, 0x0, 0x7f, 0x10,
    0x10, 0x7, 0xf3, 0x85, 0x80, 0x7f, 0x70, 0x1b,
    0x0, 0x71, 0x48, 0xa3, 0x4, 0xc8, 0xc4, 0x9f,
    0x5a, 0xc2, 0x58, 0x1b, 0x3b, 0x60, 0xe, 0xc0,
    0x13, 0x8a, 0x40, 0x27, 0x38, 0x20,

    /* U+0108 "Ĉ" */
    0x0, 0xf9, 0x21, 0xc4, 0x3, 0xfe, 0x5b, 0x68,
    0xf2, 0x0, 0xfe, 0x6a, 0x3f, 0xb0, 0xc2, 0x0,
    0xf8, 0x45, 0x18, 0x29, 0xf2, 0x80, 0x1f, 0xb,
    0xb8, 0x2, 0x17, 0x60, 0xf, 0xcb, 0x5b, 0xfe,
    0xda, 0x50, 0xf, 0x1e, 0xd2, 0x90, 0x0, 0x96,
    0xb4, 0xc0, 0x25, 0xc2, 0x4, 0x9b, 0xca, 0x60,
    0x2c, 0x20, 0x3a, 0x2, 0xcb, 0x64, 0x35, 0x9e,
    0x37, 0x20, 0xe0, 0x1c, 0x30, 0xf, 0xe, 0x40,
    0x29, 0x5, 0x8, 0x7, 0xfd, 0x80, 0x28, 0x1,
    0xff, 0xc0, 0x50, 0x40, 0xf, 0xfe, 0x8, 0x81,
    0x80, 0x7f, 0xf0, 0x44, 0xc, 0x3, 0xff, 0x82,
    0xa0, 0xe0, 0x1f, 0xfc, 0x1c, 0x2, 0x40, 0xf,
    0xfe, 0x2, 0x90, 0x50, 0x80, 0x7f, 0xf0, 0x38,
    0x7, 0xc, 0x3, 0xc3, 0x90, 0x0, 0x3a, 0x2,
    0xcb, 0x53, 0x32, 0x4f, 0x1b, 0x90, 0x1, 0x70,
    0x81, 0x2b, 0x31, 0x6c, 0x5, 0x84, 0x1, 0x1e,
    0xd2, 0x88, 0x0, 0x96, 0xb4, 0xc0,

    /* U+0109 "ĉ" */
    0x0, 0xcb, 0xfe, 0xc1, 0x0, 0xf2, 0xd0, 0xb1,
    0xe8, 0x80, 0x65, 0xa3, 0xf9, 0x91, 0xe8, 0x6,
    0x6c, 0xc0, 0x83, 0x6f, 0x88, 0x4, 0x66, 0x0,
    0xc4, 0x62, 0x1, 0x8e, 0xb7, 0xfb, 0x18, 0x3,
    0x4e, 0x29, 0x0, 0x9c, 0xe0, 0x84, 0xb0, 0x36,
    0x76, 0xc0, 0x1d, 0xa3, 0x4, 0xc8, 0xc4, 0x9f,
    0x1a, 0xf8, 0xd, 0x80, 0x38, 0xe4, 0x5c, 0x2c,
    0x3, 0xf8, 0x80, 0x80, 0x3f, 0x88, 0x8, 0x3,
    0xf9, 0xc2, 0xc0, 0x3f, 0xb8, 0xd, 0x80, 0x38,
    0xa4, 0x51, 0x82, 0x64, 0x62, 0x4f, 0xad, 0x61,
    0x2c, 0xd, 0x9d, 0xb0, 0x7, 0x60, 0x9, 0xc5,
    0x20, 0x13, 0x9c, 0x10,

    /* U+010A "Ċ" */
    0x0, 0xf8, 0xb2, 0x80, 0x3f, 0xf8, 0x34, 0x6a,
    0x60, 0x1f, 0xfc, 0xb, 0x13, 0x30, 0x7, 0xff,
    0x0, 0xfb, 0x0, 0x3f, 0xf9, 0xeb, 0x5b, 0xfe,
    0xda, 0x50, 0xf, 0x1e, 0xd2, 0x90, 0x0, 0x96,
    0xb4, 0xc0, 0x25, 0xc2, 0x4, 0x9b, 0xca, 0x60,
    0x2c, 0x20, 0x3a, 0x2, 0xcb, 0x64, 0x35, 0x9e,
    0x37, 0x20, 0xe0, 0x1c, 0x30, 0xf, 0xe, 0x40,
    0x29, 0x5, 0x8, 0x7, 0xfd, 0x80, 0x28, 0x1,
    0xff, 0xc0, 0x50, 0x40, 0xf, 0xfe, 0x8, 0x81,
    0x80, 0x7f, 0xf0, 0x44, 0xc, 0x3, 0xff, 0x82,
    0xa0, 0xe0, 0x1f, 0xfc, 0x1c, 0x2, 0x40, 0xf,
    0xfe, 0x2, 0x90, 0x50, 0x80, 0x7f, 0xf0, 0x38,
    0x7, 0xc, 0x3, 0xc3, 0x90, 0x0, 0x3a, 0x2,
    0xcb, 0x53, 0x32, 0x4f, 0x1b, 0x90, 0x1, 0x70,
    0x81, 0x2b, 0x31, 0x6c, 0x5, 0x84, 0x1, 0x1e,
    0xd2, 0x88, 0x0, 0x96, 0xb4, 0xc0,

    /* U+010B "ċ" */
    0x0, 0xeb, 0xe4, 0x0, 0xfc, 0x28, 0x3c, 0x1,
    0xf8, 0x5c, 0xe4, 0x3, 0xfa, 0x30, 0xc0, 0x3f,
    0xf8, 0xe7, 0x5b, 0xfd, 0x8c, 0x1, 0xa7, 0x14,
    0x80, 0x4e, 0x70, 0x42, 0x58, 0x1b, 0x3b, 0x60,
    0xe, 0xd1, 0x82, 0x64, 0x62, 0x4f, 0x8d, 0x7c,
    0x6, 0xc0, 0x1c, 0x72, 0x2e, 0x16, 0x1, 0xfc,
    0x40, 0x40, 0x1f, 0xc4, 0x4, 0x1, 0xfc, 0xe1,
    0x60, 0x1f, 0xdc, 0x6, 0xc0, 0x1c, 0x52, 0x28,
    0xc1, 0x32, 0x31, 0x27, 0xd6, 0xb0, 0x96, 0x6,
    0xce, 0xd8, 0x3, 0xb0, 0x4, 0xe2, 0x90, 0x9,
    0xce, 0x8,

    /* U+010C "Č" */
    0x0, 0xc2, 0xee, 0x0, 0x85, 0xd8, 0x3, 0xe1,
    0x14, 0x60, 0xa7, 0xca, 0x0, 0x7e, 0x6a, 0x3f,
    0xb0, 0xc2, 0x0, 0xfe, 0x5b, 0x68, 0xf2, 0x0,
    0xff, 0x92, 0x1c, 0x40, 0x3f, 0xcb, 0x5b, 0xfe,
    0xda, 0x50, 0xf, 0x1e, 0xd2, 0x90, 0x0, 0x96,
    0xb4, 0xc0, 0x25, 0xc2, 0x4, 0x9b, 0xca, 0x60,
    0x2c, 0x20, 0x3a, 0x2, 0xcb, 0x64, 0x35, 0x9e,
    0x37, 0x20, 0xe0, 0x1c, 0x30, 0xf, 0xe, 0x40,
    0x29, 0x5, 0x8, 0x7, 0xfd, 0x80, 0x28, 0x1,
    0xff, 0xc0, 0x50, 0x40, 0xf, 0xfe, 0x8, 0x81,
    0x80, 0x7f, 0xf0, 0x44, 0xc, 0x3, 0xff, 0x82,
    0xa0, 0xe0, 0x1f, 0xfc, 0x1c, 0x2, 0x40, 0xf,
    0xfe, 0x2, 0x90, 0x50, 0x80, 0x7f, 0xf0, 0x38,
    0x7, 0xc, 0x3, 0xc3, 0x90, 0x0, 0x3a, 0x2,
    0xcb, 0x53, 0x32, 0x4f, 0x1b, 0x90, 0x1, 0x70,
    0x81, 0x2b, 0x31, 0x6c, 0x5, 0x84, 0x1, 0x1e,
    0xd2, 0x88, 0x0, 0x96, 0xb4, 0xc0,

    /* U+010D "č" */
    0x0, 0x47, 0xc8, 0x0, 0xfb, 0x84, 0x1, 0x43,
    0xb6, 0x36, 0x6, 0x10, 0x6, 0x87, 0x39, 0x1c,
    0x20, 0xf, 0x46, 0x63, 0xc8, 0x3, 0xf1, 0x98,
    0x40, 0x3e, 0x3a, 0xdf, 0xec, 0x60, 0xd, 0x38,
    0xa4, 0x2, 0x73, 0x82, 0x12, 0xc0, 0xd9, 0xdb,
    0x0, 0x76, 0x8c, 0x13, 0x23, 0x12, 0x7c, 0x6b,
    0xe0, 0x36, 0x0, 0xe3, 0x91, 0x70, 0xb0, 0xf,
    0xe2, 0x2, 0x0, 0xfe, 0x20, 0x20, 0xf, 0xe7,
    0xb, 0x0, 0xfe, 0xe0, 0x36, 0x0, 0xe2, 0x91,
    0x46, 0x9, 0x91, 0x89, 0x3e, 0xb5, 0x84, 0xb0,
    0x36, 0x76, 0xc0, 0x1d, 0x80, 0x27, 0x14, 0x80,
    0x4e, 0x70, 0x40,

    /* U+010E "Ď" */
    0x0, 0x9d, 0xc2, 0x1, 0x3b, 0x84, 0x3, 0xf2,
    0x4f, 0x99, 0x6c, 0x10, 0x80, 0x7e, 0x3c, 0xc,
    0xd2, 0xb5, 0x0, 0xff, 0x16, 0x3b, 0xb1, 0x0,
    0x3f, 0xf8, 0x5, 0x10, 0x30, 0xf, 0xcf, 0xff,
    0xfb, 0x65, 0x0, 0x3f, 0xf8, 0x44, 0xd7, 0x84,
    0x1, 0xc3, 0xdd, 0xb7, 0x25, 0x0, 0xf5, 0x0,
    0x38, 0x47, 0x11, 0xb5, 0xd8, 0x42, 0x88, 0x3,
    0xff, 0x80, 0x98, 0x3, 0x20, 0x1f, 0xfc, 0x12,
    0x80, 0x42, 0x0, 0xff, 0xe0, 0xb0, 0x1, 0x40,
    0x3f, 0xf8, 0x22, 0x41, 0xc0, 0x1f, 0xfc, 0x21,
    0x3, 0x0, 0xff, 0xe1, 0x8, 0x18, 0x7, 0xff,
    0x4, 0x48, 0x38, 0x3, 0xff, 0x82, 0xc0, 0x5,
    0x0, 0xff, 0xe0, 0x14, 0x2, 0x10, 0x7, 0xfc,
    0x78, 0x3, 0x20, 0x18, 0x47, 0x8d, 0x6f, 0x4,
    0x28, 0x80, 0x21, 0xee, 0xec, 0xa4, 0x3, 0xd4,
    0x0, 0xff, 0x89, 0xaf, 0x8, 0x2,

    /* U+010F "ď" */
    0x0, 0xff, 0xe1, 0xbd, 0x90, 0x7, 0xf8, 0xbf,
    0xc6, 0x18, 0x80, 0x1f, 0xfc, 0x63, 0x0, 0xff,
    0xe2, 0x88, 0x7, 0xff, 0x56, 0xfc, 0x3, 0x2d,
    0xf7, 0xf4, 0x90, 0x7, 0xf0, 0xdd, 0x20, 0x80,
    0xb6, 0xa8, 0x7, 0xea, 0x40, 0x6c, 0xed, 0x80,
    0x80, 0xf, 0x95, 0x2, 0x64, 0x62, 0x4f, 0x80,
    0x1f, 0xb8, 0xd, 0x80, 0x38, 0xdc, 0x3, 0xe6,
    0xb, 0x0, 0xfa, 0xc0, 0x3e, 0x20, 0x20, 0xf,
    0x88, 0x3, 0xe2, 0x2, 0x0, 0xf8, 0x80, 0x3e,
    0x60, 0xc0, 0xf, 0x90, 0x3, 0xee, 0x4, 0x50,
    0xe, 0x29, 0x0, 0xf9, 0x50, 0x29, 0xc4, 0x0,
    0xb8, 0x20, 0x1f, 0xa9, 0x2, 0x3b, 0x9f, 0x43,
    0x0, 0x1f, 0x86, 0xe9, 0x4, 0x65, 0xc7, 0x0,
    0xf8,

    /* U+0110 "Đ" */
    0x0, 0x27, 0xff, 0xed, 0xa5, 0x0, 0xff, 0xe2,
    0x12, 0xd6, 0x98, 0x7, 0xec, 0xee, 0xd9, 0x4a,
    0x5, 0x8c, 0x1, 0xf1, 0x8, 0xe3, 0x5a, 0xd3,
    0x9, 0x40, 0xf, 0xfe, 0x11, 0x61, 0x5, 0x0,
    0x7f, 0xf1, 0x38, 0x5, 0x40, 0x3f, 0xf8, 0x66,
    0x41, 0xf5, 0xd6, 0x0, 0xee, 0xd8, 0x1, 0xe7,
    0x6, 0x11, 0x0, 0x61, 0x1c, 0x1, 0xe3, 0x1,
    0xbf, 0xb0, 0x7, 0x7f, 0xda, 0x1, 0xe3, 0x1,
    0x0, 0xff, 0xe2, 0x38, 0x30, 0x7, 0xff, 0xc,
    0xc8, 0x3c, 0x3, 0xff, 0x87, 0xc0, 0x2a, 0x1,
    0xff, 0xc1, 0x2c, 0x20, 0xa0, 0xf, 0x10, 0x8e,
    0x35, 0xad, 0x30, 0x94, 0x0, 0xf6, 0x77, 0x6c,
    0xa5, 0x1, 0xb6, 0x0, 0xff, 0xe0, 0x92, 0xd7,
    0x20, 0x4,

    /* U+0111 "đ" */
    0x0, 0xff, 0x17, 0xf8, 0xc0, 0x3f, 0xf9, 0x65,
    0xff, 0xb4, 0x1, 0x9e, 0xc0, 0x1c, 0x6a, 0xb8,
    0xc0, 0x4, 0xaa, 0x0, 0xe1, 0xaa, 0xdc, 0x0,
    0xea, 0x30, 0x9, 0x6f, 0xbf, 0xa4, 0x80, 0x3e,
    0x1b, 0xa4, 0x10, 0x16, 0xd5, 0x0, 0xf5, 0x20,
    0x36, 0x76, 0xc0, 0x40, 0x7, 0x2a, 0x4, 0xc8,
    0xc4, 0x9f, 0x0, 0x3d, 0xc0, 0x6c, 0x1, 0xc6,
    0xe0, 0x1c, 0xc1, 0x60, 0x1f, 0x58, 0x7, 0x10,
    0x10, 0x7, 0xc4, 0x1, 0xc4, 0x4, 0x1, 0xf1,
    0x0, 0x73, 0x6, 0x0, 0x7c, 0x80, 0x1d, 0xc0,
    0x8a, 0x1, 0xc5, 0x20, 0x1c, 0xa8, 0x14, 0xe2,
    0x0, 0x5c, 0x10, 0xf, 0x52, 0x4, 0x77, 0x3e,
    0x86, 0x0, 0x3c, 0x37, 0x48, 0x23, 0x2e, 0x38,
    0x7, 0x0,

    /* U+0112 "Ē" */
    0x0, 0x88, 0xbe, 0x0, 0xe7, 0xdd, 0xf9, 0x80,
    0x32, 0xd5, 0x7c, 0x80, 0x18, 0x95, 0x7e, 0x20,
    0xf, 0xfe, 0x1b, 0xff, 0xff, 0xcc, 0x1, 0xff,
    0xc3, 0x1e, 0xef, 0xe6, 0x0, 0x84, 0x7f, 0x80,
    0x3f, 0xfb, 0xc3, 0xff, 0xf9, 0x40, 0x3f, 0xf8,
    0x83, 0xdd, 0xf9, 0x40, 0x30, 0x8f, 0xe0, 0xf,
    0xff, 0x0, 0x8f, 0xf8, 0x0, 0x3d, 0xdf, 0xd4,
    0x1, 0xff, 0xc1,

    /* U+0113 "ē" */
    0x0, 0x47, 0xff, 0xc8, 0x1, 0xae, 0x23, 0xe6,
    0x0, 0xc6, 0xef, 0xf1, 0x0, 0x7f, 0xf1, 0x96,
    0xfb, 0xf6, 0x8c, 0x3, 0xaa, 0x88, 0x20, 0x4b,
    0x90, 0x1, 0x52, 0x8c, 0xf7, 0xeb, 0x83, 0xb8,
    0x11, 0x43, 0x18, 0x40, 0xa2, 0x82, 0x7, 0x81,
    0x88, 0x3, 0x94, 0xc1, 0xdc, 0xb, 0x77, 0xf0,
    0x87, 0x90, 0x1a, 0x27, 0xc4, 0x6, 0x41, 0x3f,
    0xff, 0xd4, 0xe1, 0x40, 0x1f, 0xee, 0x3, 0x60,
    0xf, 0x30, 0x1, 0x14, 0x26, 0x8c, 0x44, 0x97,
    0x30, 0x0, 0xa6, 0x5, 0xce, 0xe5, 0xa0, 0x60,
    0x5, 0x38, 0xa4, 0x0, 0x27, 0xe4, 0x0,

    /* U+0114 "Ĕ" */
    0x0, 0x1c, 0x8, 0x4, 0x50, 0x40, 0x18, 0x5e,
    0x8c, 0x4f, 0x9c, 0xc0, 0x31, 0x53, 0x67, 0x60,
    0xd8, 0x80, 0x72, 0xee, 0xb3, 0x74, 0x80, 0x1f,
    0x88, 0xc8, 0x3, 0x9f, 0xff, 0xfe, 0x60, 0xf,
    0xfe, 0x18, 0xf7, 0x7f, 0x30, 0x4, 0x23, 0xfc,
    0x1, 0xff, 0xde, 0x1f, 0xff, 0xca, 0x1, 0xff,
    0xc4, 0x1e, 0xef, 0xca, 0x1, 0x84, 0x7f, 0x0,
    0x7f, 0xf8, 0x4, 0x7f, 0xc0, 0x1, 0xee, 0xfe,
    0xa0, 0xf, 0xfe, 0x8,

    /* U+0115 "ĕ" */
    0x0, 0x3f, 0x90, 0x4, 0xde, 0x40, 0x19, 0x43,
    0x8c, 0x56, 0x8, 0x80, 0x18, 0xac, 0x73, 0xa9,
    0x70, 0x3, 0xc9, 0xba, 0xce, 0xb1, 0x0, 0xfc,
    0x46, 0x20, 0x1f, 0x96, 0xfb, 0xf6, 0x8c, 0x3,
    0xaa, 0x88, 0x20, 0x4b, 0x90, 0x1, 0x52, 0x8c,
    0xf7, 0xeb, 0x83, 0xb8, 0x11, 0x43, 0x18, 0x40,
    0xa2, 0x82, 0x7, 0x81, 0x88, 0x3, 0x94, 0xc1,
    0xdc, 0xb, 0x77, 0xf0, 0x87, 0x90, 0x1a, 0x27,
    0xc4, 0x6, 0x41, 0x3f, 0xff, 0xd4, 0xe1, 0x40,
    0x1f, 0xee, 0x3, 0x60, 0xf, 0x30, 0x1, 0x14,
    0x26, 0x8c, 0x44, 0x97, 0x30, 0x0, 0xa6, 0x5,
    0xce, 0xe5, 0xa0, 0x60, 0x5, 0x38, 0xa4, 0x0,
    0x27, 0xe4, 0x0,

    /* U+0116 "Ė" */
    0x0, 0xe6, 0xc5, 0x0, 0xff, 0x41, 0xc0, 0x7,
    0xf9, 0x82, 0x80, 0x3f, 0xd1, 0xee, 0x1, 0xff,
    0xc6, 0x7f, 0xff, 0xf9, 0x80, 0x3f, 0xf8, 0x63,
    0xdd, 0xfc, 0xc0, 0x10, 0x8f, 0xf0, 0x7, 0xff,
    0x78, 0x7f, 0xff, 0x28, 0x7, 0xff, 0x10, 0x7b,
    0xbf, 0x28, 0x6, 0x11, 0xfc, 0x1, 0xff, 0xe0,
    0x11, 0xff, 0x0, 0x7, 0xbb, 0xfa, 0x80, 0x3f,
    0xf8, 0x20,

    /* U+0117 "ė" */
    0x0, 0xe9, 0xf5, 0x0, 0xff, 0x30, 0x70, 0x7,
    0xfa, 0xf, 0xc0, 0x3f, 0xcf, 0x88, 0x1, 0xff,
    0xc9, 0x5b, 0xef, 0xda, 0x30, 0xe, 0xaa, 0x20,
    0x81, 0x2e, 0x40, 0x5, 0x4a, 0x33, 0xdf, 0xae,
    0xe, 0xe0, 0x45, 0xc, 0x61, 0x2, 0x8a, 0x8,
    0x1e, 0x6, 0x20, 0xe, 0x53, 0x7, 0x70, 0x2d,
    0xdf, 0xc2, 0x1e, 0x40, 0x68, 0x9f, 0x10, 0x19,
    0x4, 0xff, 0xff, 0x53, 0x85, 0x0, 0x7f, 0xb8,
    0xd, 0x80, 0x3c, 0xc0, 0x4, 0x50, 0x9a, 0x31,
    0x12, 0x5c, 0xc0, 0x2, 0x98, 0x17, 0x3b, 0x96,
    0x81, 0x80, 0x14, 0xe2, 0x90, 0x0, 0x9f, 0x90,
    0x0,

    /* U+0118 "Ę" */
    0x7f, 0xff, 0xf9, 0x80, 0x3f, 0xf8, 0xa3, 0xdd,
    0xfc, 0xc0, 0x18, 0x47, 0xf8, 0x3, 0xff, 0xc4,
    0x3f, 0xff, 0x94, 0x3, 0xff, 0x8c, 0x3d, 0xdf,
    0x94, 0x3, 0x84, 0x7f, 0x0, 0x7f, 0xf9, 0x4,
    0x7f, 0xc0, 0x10, 0xf7, 0x7f, 0x50, 0x7, 0xff,
    0x5, 0x41, 0xff, 0xff, 0x38, 0x2e, 0x0, 0x7f,
    0x2b, 0xcd, 0x10, 0x7, 0xf7, 0xb, 0x0, 0x7f,
    0xc2, 0x25, 0x14, 0x0, 0xfe, 0x81, 0xae, 0xb1,
    0x0, 0xfc, 0x5d, 0x98, 0xf1,

    /* U+0119 "ę" */
    0x0, 0x96, 0xfb, 0xf6, 0x8c, 0x3, 0xaa, 0x88,
    0x20, 0x4b, 0x90, 0x1, 0x52, 0x8c, 0xf7, 0xeb,
    0x83, 0xb8, 0x11, 0x43, 0x18, 0x40, 0xa2, 0x82,
    0x7, 0x81, 0x88, 0x3, 0x94, 0xc1, 0xdc, 0xb,
    0x77, 0xf0, 0x87, 0x90, 0x1a, 0x27, 0xc4, 0x6,
    0x41, 0x3f, 0xff, 0xd4, 0xe1, 0x40, 0x1f, 0xee,
    0x3, 0x60, 0xf, 0x30, 0x1, 0x14, 0x26, 0x8c,
    0x44, 0x97, 0x30, 0x0, 0xa6, 0x5, 0xce, 0xe5,
    0xa0, 0x60, 0x5, 0x38, 0xa4, 0x1, 0xe, 0x20,
    0x6, 0x3a, 0xdf, 0x50, 0xd3, 0x0, 0xfc, 0x4a,
    0xe6, 0x1, 0xfc, 0x81, 0x80, 0x1f, 0xe2, 0xd,
    0x13, 0x10, 0xf, 0x91, 0x99, 0xd8, 0xe0, 0x1f,
    0xa7, 0xb3, 0x98, 0x0,

    /* U+011A "Ě" */
    0x0, 0x24, 0x20, 0x4, 0xb0, 0x60, 0x19, 0xe,
    0xe0, 0x26, 0x88, 0xc0, 0x3a, 0xd5, 0xf9, 0x96,
    0x80, 0x3e, 0xa9, 0x69, 0xa0, 0xf, 0xe6, 0x86,
    0x0, 0xe7, 0xff, 0xff, 0x98, 0x3, 0xff, 0x86,
    0x3d, 0xdf, 0xcc, 0x1, 0x8, 0xff, 0x0, 0x7f,
    0xf7, 0x87, 0xff, 0xf2, 0x80, 0x7f, 0xf1, 0x7,
    0xbb, 0xf2, 0x80, 0x61, 0x1f, 0xc0, 0x1f, 0xfe,
    0x1, 0x1f, 0xf0, 0x0, 0x7b, 0xbf, 0xa8, 0x3,
    0xff, 0x82,

    /* U+011B "ě" */
    0x0, 0x37, 0xd8, 0x0, 0xb7, 0xcc, 0x3, 0x34,
    0x26, 0xae, 0x16, 0x18, 0x7, 0x3c, 0x15, 0xe,
    0x18, 0x7, 0xcf, 0xb9, 0xa6, 0x1, 0xfc, 0x46,
    0x40, 0x1f, 0x96, 0xfb, 0xf6, 0x8c, 0x3, 0xaa,
    0x88, 0x20, 0x4b, 0x90, 0x1, 0x52, 0x8c, 0xf7,
    0xeb, 0x83, 0xb8, 0x11, 0x43, 0x18, 0x40, 0xa2,
    0x82, 0x7, 0x81, 0x88, 0x3, 0x94, 0xc1, 0xdc,
    0xb, 0x77, 0xf0, 0x87, 0x90, 0x1a, 0x27, 0xc4,
    0x6, 0x41, 0x3f, 0xff, 0xd4, 0xe1, 0x40, 0x1f,
    0xee, 0x3, 0x60, 0xf, 0x30, 0x1, 0x14, 0x26,
    0x8c, 0x44, 0x97, 0x30, 0x0, 0xa6, 0x5, 0xce,
    0xe5, 0xa0, 0x60, 0x5, 0x38, 0xa4, 0x0, 0x27,
    0xe4, 0x0,

    /* U+011C "Ĝ" */
    0x0, 0xf9, 0x21, 0xc4, 0x3, 0xfe, 0x5b, 0x68,
    0xc2, 0x0, 0xfe, 0x6a, 0x3f, 0xb3, 0xc2, 0x0,
    0xf8, 0x45, 0x18, 0x29, 0x92, 0x80, 0x1f, 0xb,
    0xb8, 0x2, 0x27, 0x60, 0xf, 0xcb, 0x5b, 0xfe,
    0xeb, 0x60, 0xf, 0x1e, 0xd2, 0x90, 0x0, 0x52,
    0x79, 0x40, 0x25, 0xc2, 0x4, 0x9b, 0xcb, 0x71,
    0x15, 0x28, 0x1d, 0x1, 0x65, 0xb2, 0x1a, 0x47,
    0x32, 0x28, 0x70, 0xe, 0x18, 0x7, 0xd3, 0x60,
    0xa4, 0x16, 0x20, 0x1f, 0xf6, 0x0, 0xa8, 0x7,
    0xff, 0x1, 0x41, 0x0, 0x3f, 0xf8, 0x22, 0x6,
    0x1, 0xfe, 0x79, 0x41, 0x3, 0x0, 0xff, 0x53,
    0x1a, 0x82, 0x0, 0x7f, 0xf0, 0x70, 0x5, 0x40,
    0x3f, 0xf8, 0xa, 0x41, 0x62, 0x1, 0xff, 0xc0,
    0xe0, 0x1c, 0x30, 0xf, 0xf8, 0xe8, 0xb, 0x2d,
    0x8c, 0x91, 0xf4, 0x80, 0x32, 0xe1, 0x2, 0x4e,
    0x6d, 0xc1, 0x3, 0xb8, 0x2, 0x3d, 0xa5, 0x20,
    0x0, 0xa4, 0x74, 0x0,

    /* U+011D "ĝ" */
    0x0, 0xea, 0xff, 0x38, 0x7, 0xf5, 0x2a, 0x8e,
    0x1c, 0x3, 0xea, 0x57, 0xac, 0x48, 0x70, 0xe,
    0x19, 0xd8, 0x0, 0x5e, 0x20, 0x7, 0x9, 0x90,
    0x6, 0x33, 0x0, 0x79, 0x6f, 0xbf, 0xa8, 0xc3,
    0x7d, 0x40, 0x17, 0x48, 0x20, 0x2b, 0x90, 0x1,
    0xad, 0x1, 0xb3, 0xb6, 0x45, 0xc8, 0x0, 0x88,
    0x9, 0x91, 0x89, 0x37, 0x88, 0x5, 0xe0, 0x6c,
    0x1, 0xc3, 0x60, 0x13, 0x5, 0x80, 0x7c, 0xa0,
    0x11, 0x1, 0x0, 0x7e, 0x10, 0x1, 0x1, 0x0,
    0x7e, 0x10, 0x3, 0x85, 0x80, 0x7c, 0xa0, 0x17,
    0x1, 0xb0, 0x7, 0xd, 0x80, 0x48, 0xa1, 0x34,
    0x62, 0x4d, 0xe2, 0x1, 0xa9, 0x1, 0x73, 0xb6,
    0x45, 0xc0, 0x3a, 0xe9, 0x4, 0x5, 0x72, 0x0,
    0x2, 0x1, 0x2d, 0xf7, 0xf5, 0x19, 0x0, 0x14,
    0xc, 0x40, 0x3e, 0x80, 0x21, 0xe, 0xe4, 0xa9,
    0x8, 0x92, 0xd4, 0x20, 0x0, 0xe0, 0xd5, 0xbd,
    0xcb, 0x40, 0x85, 0x0, 0x56, 0xb9, 0x88, 0x0,
    0x9b, 0x1c, 0x0,

    /* U+011E "Ğ" */
    0x0, 0xe7, 0x40, 0xc, 0xea, 0x1, 0xfa, 0xe9,
    0x44, 0xa2, 0x4, 0x1, 0xfb, 0x56, 0xbb, 0x5d,
    0xe0, 0xf, 0xc3, 0x7d, 0x98, 0xf8, 0x0, 0xff,
    0x84, 0xcc, 0x1, 0xff, 0x2d, 0x6f, 0xfb, 0xad,
    0x80, 0x3c, 0x7b, 0x4a, 0x40, 0x1, 0x49, 0xe5,
    0x0, 0x97, 0x8, 0x12, 0x6f, 0x2d, 0xc4, 0x54,
    0xa0, 0x74, 0x5, 0x96, 0xc8, 0x69, 0x1c, 0xc8,
    0xa1, 0xc0, 0x38, 0x60, 0x1f, 0x4d, 0x82, 0x90,
    0x58, 0x80, 0x7f, 0xd8, 0x2, 0xa0, 0x1f, 0xfc,
    0x5, 0x4, 0x0, 0xff, 0xe0, 0x88, 0x18, 0x7,
    0xf9, 0xe5, 0x4, 0xc, 0x3, 0xfd, 0x4c, 0x6a,
    0x8, 0x1, 0xff, 0xc1, 0xc0, 0x15, 0x0, 0xff,
    0xe0, 0x29, 0x5, 0x88, 0x7, 0xff, 0x3, 0x80,
    0x70, 0xc0, 0x3f, 0xe3, 0xa0, 0x2c, 0xb6, 0x32,
    0x47, 0xd2, 0x0, 0xcb, 0x84, 0x9, 0x39, 0xb7,
    0x4, 0xe, 0xe0, 0x8, 0xf6, 0x94, 0x80, 0x2,
    0x91, 0xd0, 0x0,

    /* U+011F "ğ" */
    0x0, 0xba, 0xc0, 0x37, 0x58, 0x7, 0x9d, 0x1c,
    0x89, 0x43, 0xc0, 0x1e, 0x96, 0x8d, 0xd2, 0x4a,
    0x80, 0x7d, 0x3f, 0x9b, 0xcc, 0x1, 0xfe, 0x32,
    0x0, 0xfe, 0x5b, 0xef, 0xea, 0x30, 0xdf, 0x50,
    0x5, 0xd2, 0x8, 0xa, 0xe4, 0x0, 0x6b, 0x40,
    0x6c, 0xed, 0x91, 0x72, 0x0, 0x22, 0x2, 0x64,
    0x62, 0x4d, 0xe2, 0x1, 0x78, 0x1b, 0x0, 0x70,
    0xd8, 0x4, 0xc1, 0x60, 0x1f, 0x28, 0x4, 0x40,
    0x40, 0x1f, 0x84, 0x0, 0x40, 0x40, 0x1f, 0x84,
    0x0, 0xe1, 0x60, 0x1f, 0x28, 0x5, 0xc0, 0x6c,
    0x1, 0xc3, 0x60, 0x12, 0x28, 0x4d, 0x18, 0x93,
    0x78, 0x80, 0x6a, 0x40, 0x5c, 0xed, 0x91, 0x70,
    0xe, 0xba, 0x41, 0x1, 0x5c, 0x80, 0x0, 0x80,
    0x4b, 0x7d, 0xfd, 0x46, 0x40, 0x5, 0x3, 0x10,
    0xf, 0xa0, 0x8, 0x43, 0xb9, 0x2a, 0x42, 0x24,
    0xb5, 0x8, 0x0, 0x38, 0x35, 0x6f, 0x72, 0xd0,
    0x21, 0x40, 0x15, 0xae, 0x62, 0x0, 0x26, 0xc7,
    0x0, 0x0,

    /* U+0120 "Ġ" */
    0x0, 0xf8, 0xb2, 0x80, 0x3f, 0xf8, 0x34, 0x6a,
    0x60, 0x1f, 0xfc, 0xb, 0x13, 0x30, 0x7, 0xff,
    0x0, 0xfb, 0x0, 0x3f, 0xf9, 0xeb, 0x5b, 0xfe,
    0xeb, 0x60, 0xf, 0x1e, 0xd2, 0x90, 0x0, 0x52,
    0x79, 0x40, 0x25, 0xc2, 0x4, 0x9b, 0xcb, 0x71,
    0x15, 0x28, 0x1d, 0x1, 0x65, 0xb2, 0x1a, 0x47,
    0x32, 0x28, 0x70, 0xe, 0x18, 0x7, 0xd3, 0x60,
    0xa4, 0x16, 0x20, 0x1f, 0xf6, 0x0, 0xa8, 0x7,
    0xff, 0x1, 0x41, 0x0, 0x3f, 0xf8, 0x22, 0x6,
    0x1, 0xfe, 0x79, 0x41, 0x3, 0x0, 0xff, 0x53,
    0x1a, 0x82, 0x0, 0x7f, 0xf0, 0x70, 0x5, 0x40,
    0x3f, 0xf8, 0xa, 0x41, 0x62, 0x1, 0xff, 0xc0,
    0xe0, 0x1c, 0x30, 0xf, 0xf8, 0xe8, 0xb, 0x2d,
    0x8c, 0x91, 0xf4, 0x80, 0x32, 0xe1, 0x2, 0x4e,
    0x6d, 0xc1, 0x3, 0xb8, 0x2, 0x3d, 0xa5, 0x20,
    0x0, 0xa4, 0x74, 0x0,

    /* U+0121 "ġ" */
    0x0, 0xe2, 0xec, 0x0, 0xff, 0x94, 0x4d, 0x0,
    0x3f, 0xcc, 0x6a, 0x80, 0x1f, 0xe1, 0xca, 0x0,
    0xff, 0xe5, 0xad, 0xf7, 0xf5, 0x18, 0x6f, 0xa8,
    0x2, 0xe9, 0x4, 0x5, 0x72, 0x0, 0x35, 0xa0,
    0x36, 0x76, 0xc8, 0xb9, 0x0, 0x11, 0x1, 0x32,
    0x31, 0x26, 0xf1, 0x0, 0xbc, 0xd, 0x80, 0x38,
    0x6c, 0x2, 0x60, 0xb0, 0xf, 0x94, 0x2, 0x20,
    0x20, 0xf, 0xc2, 0x0, 0x20, 0x20, 0xf, 0xc2,
    0x0, 0x70, 0xb0, 0xf, 0x94, 0x2, 0xe0, 0x36,
    0x0, 0xe1, 0xb0, 0x9, 0x14, 0x26, 0x8c, 0x49,
    0xbc, 0x40, 0x35, 0x20, 0x2e, 0x76, 0xc8, 0xb8,
    0x7, 0x5d, 0x20, 0x80, 0xae, 0x40, 0x0, 0x40,
    0x25, 0xbe, 0xfe, 0xa3, 0x20, 0x2, 0x81, 0x88,
    0x7, 0xd0, 0x4, 0x21, 0xdc, 0x95, 0x21, 0x12,
    0x5a, 0x84, 0x0, 0x1c, 0x1a, 0xb7, 0xb9, 0x68,
    0x10, 0xa0, 0xa, 0xd7, 0x31, 0x0, 0x13, 0x63,
    0x80, 0x0,

    /* U+0122 "Ģ" */
    0x0, 0xe5, 0xad, 0xff, 0x75, 0xb0, 0x7, 0x8f,
    0x69, 0x48, 0x0, 0x29, 0x3c, 0xa0, 0x12, 0xe1,
    0x2, 0x4d, 0xe5, 0xb8, 0x8a, 0x94, 0xe, 0x80,
    0xb2, 0xd9, 0xd, 0x23, 0x99, 0x14, 0x38, 0x7,
    0xc, 0x3, 0xe9, 0xb0, 0x52, 0xb, 0x10, 0xf,
    0xfb, 0x0, 0x54, 0x3, 0xff, 0x80, 0xa0, 0x80,
    0x1f, 0xfc, 0x11, 0x3, 0x0, 0xff, 0x3c, 0xa0,
    0x81, 0x80, 0x7f, 0xa9, 0x8d, 0x41, 0x0, 0x3f,
    0xf8, 0x38, 0x2, 0xa0, 0x1f, 0xfc, 0x5, 0x20,
    0xb1, 0x0, 0xff, 0xe0, 0x70, 0xe, 0x18, 0x7,
    0xfc, 0x74, 0x5, 0x96, 0xc6, 0x48, 0xfa, 0x40,
    0x19, 0x70, 0x81, 0x27, 0x36, 0xe0, 0x81, 0xdc,
    0x1, 0x1e, 0xd2, 0x90, 0x0, 0x52, 0x3a, 0x0,
    0x3c, 0xb5, 0xbf, 0xee, 0xb7, 0x10, 0xf, 0xfe,
    0x6a, 0x7d, 0x0, 0x7f, 0xf0, 0x44, 0x10, 0x3,
    0xff, 0x82, 0xa4, 0xe0, 0x1f, 0xfc, 0x11, 0x2b,
    0x0, 0xff, 0xe0, 0x8f, 0x10, 0x7, 0x80,

    /* U+0123 "ģ" */
    0x0, 0xf3, 0x78, 0x7, 0xff, 0x2, 0x90, 0x3,
    0xfe, 0x23, 0x10, 0xf, 0xf9, 0x1, 0x48, 0x3,
    0xfc, 0xee, 0x82, 0x0, 0xff, 0xc, 0x38, 0x7,
    0xf2, 0xdf, 0x7f, 0x51, 0x86, 0xfa, 0x80, 0x2e,
    0x90, 0x40, 0x57, 0x20, 0x3, 0x5a, 0x3, 0x67,
    0x6c, 0x8b, 0x90, 0x1, 0x10, 0x13, 0x23, 0x12,
    0x6f, 0x10, 0xb, 0xc0, 0xd8, 0x3, 0x86, 0xc0,
    0x26, 0xb, 0x0, 0xf9, 0x40, 0x22, 0x2, 0x0,
    0xfc, 0x20, 0x2, 0x2, 0x0, 0xfc, 0x20, 0x7,
    0xb, 0x0, 0xf9, 0x40, 0x2e, 0x3, 0x60, 0xe,
    0x1b, 0x0, 0x91, 0x42, 0x68, 0xc4, 0x9b, 0xc4,
    0x3, 0x52, 0x2, 0xe7, 0x6c, 0x8b, 0x80, 0x75,
    0xd2, 0x8, 0xa, 0xe4, 0x0, 0x4, 0x2, 0x5b,
    0xef, 0xea, 0x32, 0x0, 0x28, 0x18, 0x80, 0x7d,
    0x0, 0x42, 0x1d, 0xc9, 0x52, 0x11, 0x25, 0xa8,
    0x40, 0x1, 0xc1, 0xab, 0x7b, 0x96, 0x81, 0xa,
    0x0, 0xad, 0x73, 0x10, 0x1, 0x36, 0x38, 0x0,

    /* U+0124 "Ĥ" */
    0x0, 0xf2, 0xc3, 0x80, 0x7f, 0xcf, 0x4d, 0x18,
    0x20, 0x1f, 0xa2, 0x9, 0xd4, 0x78, 0x20, 0x1e,
    0x20, 0x9b, 0x5, 0xc5, 0x40, 0xf, 0x14, 0x30,
    0x4, 0x70, 0xa0, 0x13, 0xff, 0x0, 0x7f, 0x3f,
    0xf8, 0x3, 0xff, 0xfe, 0x1, 0xff, 0xc5, 0x1f,
    0xff, 0xe8, 0x0, 0xff, 0xe3, 0x8f, 0x77, 0xf4,
    0x0, 0x70, 0x8f, 0xf0, 0x7, 0xff, 0xfc, 0x3,
    0xff, 0x8c,

    /* U+0125 "ĥ" */
    0x0, 0x9e, 0x14, 0x3, 0xff, 0x81, 0x90, 0xd4,
    0xe0, 0x1f, 0xc3, 0x87, 0x3c, 0xb1, 0x0, 0xf,
    0xc8, 0x8c, 0x60, 0xa9, 0x2, 0x0, 0xf9, 0x60,
    0xc0, 0x26, 0x82, 0x0, 0xff, 0x6f, 0xb8, 0x7,
    0xff, 0xfc, 0x3, 0x86, 0x37, 0xfd, 0x8e, 0x1,
    0xfb, 0x7d, 0xc8, 0x0, 0x71, 0x80, 0x1f, 0x28,
    0xbe, 0x75, 0xa8, 0x1c, 0x80, 0x7d, 0x50, 0x62,
    0x94, 0xa0, 0xc0, 0x1e, 0x35, 0x0, 0xe9, 0x0,
    0x10, 0x7, 0x20, 0x7, 0x88, 0x0, 0x20, 0x1d,
    0xe0, 0x1e, 0x10, 0x3, 0x80, 0x7f, 0xff, 0xc0,
    0x3f, 0xf9, 0x20,

    /* U+0126 "Ħ" */
    0x0, 0x27, 0xf8, 0x40, 0x3f, 0x1f, 0xf8, 0x80,
    0x3f, 0xfb, 0xd9, 0xf6, 0x0, 0xef, 0xff, 0xd8,
    0x0, 0xdf, 0x97, 0x10, 0xc, 0x23, 0xf8, 0x3,
    0x8, 0xaf, 0xac, 0x1, 0xdd, 0xfd, 0x80, 0xd,
    0xe8, 0x0, 0xff, 0xe6, 0xf7, 0xff, 0xec, 0x0,
    0xff, 0xe9, 0x67, 0x77, 0xea, 0x0, 0xff, 0x10,
    0x8f, 0xe6, 0x0, 0xff, 0xff, 0x80, 0x7f, 0xf9,
    0x80,

    /* U+0127 "ħ" */
    0x0, 0x6f, 0xb8, 0x7, 0xff, 0x37, 0xfc, 0x41,
    0x1f, 0xfa, 0x0, 0x39, 0x54, 0x1, 0x2a, 0xed,
    0x0, 0xea, 0xa1, 0x4, 0x55, 0x65, 0x0, 0xff,
    0xc, 0x6f, 0xfb, 0x1c, 0x3, 0xed, 0xf7, 0x20,
    0x1, 0xc6, 0x0, 0x79, 0x45, 0xf3, 0xad, 0x40,
    0xe4, 0x3, 0xd5, 0x6, 0x29, 0x4a, 0xc, 0x1,
    0xc6, 0xa0, 0x1d, 0x20, 0x2, 0x0, 0xc8, 0x1,
    0xe2, 0x0, 0x8, 0x6, 0xf0, 0xf, 0x8, 0x1,
    0xc0, 0x3f, 0xff, 0xe0, 0x1f, 0xfc, 0x30,

    /* U+0128 "Ĩ" */
    0x0, 0xf8, 0x44, 0x11, 0xfe, 0xb4, 0x2d, 0x82,
    0x7b, 0xf3, 0xbd, 0x2b, 0x3c, 0x40, 0x8e, 0xce,
    0x21, 0x30, 0x8, 0x4c, 0x3, 0x9f, 0xf8, 0x3,
    0xff, 0xfe, 0x1, 0xff, 0xfc,

    /* U+0129 "ĩ" */
    0x4, 0xed, 0x20, 0x9b, 0x9, 0x26, 0xc3, 0x43,
    0x2, 0x8b, 0x4c, 0x2a, 0xb, 0x40, 0xac, 0xe2,
    0x4, 0x0, 0x8c, 0x40, 0x36, 0xfb, 0x80, 0x7f,
    0xff, 0xc0, 0x3f, 0xf9, 0x60,

    /* U+012A "Ī" */
    0x12, 0x2f, 0x36, 0xef, 0x62, 0xd5, 0x78, 0x95,
    0x79, 0x0, 0x3f, 0x9f, 0xf8, 0x3, 0xff, 0xfe,
    0x1, 0xff, 0xdb,

    /* U+012B "ī" */
    0xdf, 0xfe, 0x8b, 0x88, 0xeb, 0x67, 0x7e, 0x30,
    0xf, 0xed, 0xf7, 0x0, 0xff, 0xff, 0x80, 0x7f,
    0xc0,

    /* U+012C "Ĭ" */
    0x18, 0x30, 0xc, 0xe8, 0x2d, 0xa8, 0x25, 0x50,
    0x21, 0x85, 0x7d, 0xa9, 0xa, 0x5, 0x9d, 0x9b,
    0xce, 0x1, 0x84, 0xc8, 0x3, 0xcf, 0xfc, 0x1,
    0xff, 0xff, 0x0, 0xff, 0xfe, 0x0,

    /* U+012D "ĭ" */
    0xd9, 0x0, 0xbe, 0x11, 0x90, 0xa0, 0x32, 0x12,
    0xf5, 0xe1, 0x6, 0xf7, 0x39, 0xc0, 0x22, 0x31,
    0x0, 0xdb, 0xee, 0x1, 0xff, 0xff, 0x0, 0xff,
    0x80,

    /* U+012E "Į" */
    0x7, 0xfe, 0x0, 0xff, 0xff, 0x80, 0x61, 0x0,
    0x20, 0x40, 0x3, 0xcd, 0xc0, 0x6, 0x80, 0x19,
    0x8, 0x41, 0xcf, 0x6c, 0x23, 0x72, 0x80,

    /* U+012F "į" */
    0xb, 0xf6, 0x2, 0x40, 0xb0, 0x24, 0xa, 0x0,
    0x5f, 0xb8, 0x7, 0xdb, 0xee, 0x1, 0xff, 0xef,
    0xe0, 0x3, 0x8c, 0x1, 0xad, 0x88, 0x58, 0x20,
    0x3, 0xc1, 0xc8, 0x18, 0xa7, 0x4c, 0x77, 0x34,
    0xc0,

    /* U+0130 "İ" */
    0x3c, 0x80, 0x93, 0x71, 0xf0, 0x41, 0x5f, 0xb0,
    0xe, 0x7f, 0xe0, 0xf, 0xff, 0xa8,

    /* U+0131 "ı" */
    0xdf, 0x70, 0xf, 0xfe, 0xc0,

    /* U+0132 "Ĳ" */
    0xaf, 0xc0, 0xf, 0xa3, 0xf8, 0x3, 0xff, 0xfe,
    0x1, 0xff, 0xd1, 0xf7, 0xa0, 0xf, 0xf2, 0xc3,
    0x0, 0x7f, 0x18, 0x7, 0xf8, 0xc1, 0x80, 0x3f,
    0x85, 0x3, 0x5, 0x40, 0x3e, 0xb0, 0x3, 0x4d,
    0x6c, 0x21, 0x1b, 0x62, 0x84, 0x8f, 0x81, 0x3d,
    0xee, 0x49, 0x84, 0x30, 0x3f, 0x42, 0x8, 0x0,
    0x9b, 0x5c, 0x0,

    /* U+0133 "ĳ" */
    0xb, 0xf6, 0x0, 0x87, 0x39, 0x9, 0x2, 0xc0,
    0x24, 0x31, 0xe2, 0x40, 0xa0, 0x9, 0x8, 0x38,
    0x2f, 0xdc, 0x2, 0x1d, 0xf4, 0x0, 0xff, 0xe0,
    0x6f, 0xb8, 0x6, 0xff, 0x20, 0x7, 0xff, 0xfc,
    0x3, 0xff, 0xdd, 0xbe, 0xe0, 0x1f, 0xfc, 0x21,
    0x0, 0x38, 0x6, 0x51, 0xb, 0x0, 0x18, 0x4,
    0x75, 0xde, 0xa1, 0x0, 0x18, 0x50, 0x40, 0xa5,
    0xc0,

    /* U+0134 "Ĵ" */
    0x0, 0xe5, 0x87, 0x10, 0xf, 0x9e, 0x9a, 0x30,
    0x40, 0x39, 0xe1, 0x3a, 0x8b, 0x4, 0x2, 0x2f,
    0x9b, 0x5, 0xd5, 0x70, 0x8, 0xa1, 0x80, 0x22,
    0x86, 0x0, 0xa3, 0xff, 0xf0, 0x7, 0xff, 0xe,
    0x3b, 0xba, 0x0, 0x3c, 0x23, 0xc0, 0x1f, 0xff,
    0xf0, 0xf, 0xfe, 0x58, 0x80, 0x7f, 0x78, 0x18,
    0x1, 0x68, 0x3, 0x94, 0x1c, 0x1, 0x4b, 0x88,
    0x27, 0x64, 0x1e, 0x0, 0xa0, 0x3b, 0xec, 0x40,
    0x55, 0x0, 0x17, 0x58, 0x80, 0x7, 0x34, 0x0,

    /* U+0135 "ĵ" */
    0x0, 0xc3, 0xdf, 0xa2, 0x1, 0xec, 0x16, 0x2d,
    0x0, 0xeb, 0x2a, 0x98, 0x39, 0x0, 0xd3, 0xca,
    0xf, 0xd6, 0x1, 0x88, 0x40, 0x21, 0x20, 0xf,
    0x5f, 0xc8, 0x7, 0xff, 0xfc, 0x3, 0xff, 0xfe,
    0xc, 0x2, 0x1, 0x90, 0x81, 0x48, 0x30, 0x3,
    0x56, 0xfd, 0x1, 0xa0, 0x6, 0x71, 0x1, 0x6c,
    0x0, 0xc0,

    /* U+0136 "Ķ" */
    0x7f, 0xe0, 0xf, 0xcd, 0xfe, 0x50, 0xf, 0xf9,
    0xa4, 0x25, 0x40, 0x3f, 0xcb, 0x21, 0x2c, 0x1,
    0xfe, 0x5a, 0x8, 0x60, 0xf, 0xf2, 0x50, 0x3b,
    0x80, 0x3f, 0xc9, 0x60, 0xd0, 0x1, 0xfe, 0x3b,
    0x5, 0x90, 0xf, 0xf1, 0xe0, 0x15, 0x0, 0x7f,
    0x8b, 0x40, 0x4, 0x80, 0x1f, 0xc3, 0x82, 0x44,
    0xb, 0x20, 0xf, 0xe1, 0x2c, 0xf0, 0x7, 0x88,
    0x7, 0xe1, 0xc1, 0x2b, 0x2, 0xa0, 0xf, 0xd8,
    0x20, 0x4, 0x90, 0x48, 0x0, 0xf0, 0x90, 0x6,
    0x67, 0x7, 0x50, 0xf, 0xfe, 0x4, 0x20, 0x51,
    0x80, 0x7f, 0xf0, 0x2c, 0xc3, 0x44, 0x3, 0xff,
    0x81, 0xa2, 0x2d, 0x7, 0xfe, 0x0, 0xfc, 0x3d,
    0xf8, 0x1, 0xff, 0xca, 0x1d, 0xd0, 0x80, 0x7f,
    0xf0, 0x48, 0x86, 0x1, 0xff, 0xc0, 0x16, 0x22,
    0x0, 0x7f, 0xf0, 0x52, 0xc0, 0x3f, 0xf8, 0x58,
    0xc0, 0x1f, 0x80,

    /* U+0137 "ķ" */
    0xdf, 0x70, 0xf, 0xff, 0xd1, 0xf7, 0xd0, 0x7,
    0xe3, 0xc1, 0x4a, 0x0, 0xf9, 0x30, 0x12, 0xc0,
    0x3e, 0x5b, 0x4, 0xb0, 0xf, 0x9a, 0x81, 0x2c,
    0x3, 0xe7, 0x90, 0x5, 0x0, 0x7d, 0x30, 0x1,
    0x50, 0x7, 0xc2, 0xf, 0x0, 0x8e, 0x1, 0xf4,
    0x41, 0xd4, 0x21, 0x0, 0x39, 0x9c, 0x1, 0x44,
    0x14, 0x20, 0x1b, 0x80, 0x37, 0x88, 0xb4, 0x3,
    0xf8, 0xa8, 0xe, 0x40, 0x3f, 0x92, 0x1, 0x97,
    0x7d, 0xc0, 0x3c, 0xff, 0xe5, 0x0, 0xff, 0xe2,
    0xbf, 0xb8, 0x7, 0xfb, 0x83, 0x40, 0x3f, 0xd0,
    0x1e, 0x1, 0xfe, 0x41, 0x50, 0xf, 0xf2, 0xf8,
    0x7, 0xc0,

    /* U+0138 "ĸ" */
    0xdf, 0x70, 0xe, 0x3e, 0xfa, 0x0, 0xfc, 0x78,
    0x29, 0x40, 0x1f, 0x26, 0x2, 0x58, 0x7, 0xcb,
    0x60, 0x96, 0x1, 0xf3, 0x50, 0x25, 0x80, 0x7c,
    0xf2, 0x0, 0xa0, 0xf, 0xa6, 0x0, 0x2a, 0x0,
    0xf8, 0x41, 0xe0, 0x11, 0xc0, 0x3e, 0x88, 0x3a,
    0x84, 0x20, 0x7, 0x33, 0x80, 0x28, 0x82, 0x84,
    0x3, 0x70, 0x6, 0xf1, 0x16, 0x80, 0x7f, 0x15,
    0x1, 0xc8, 0x7, 0xf2, 0x40, 0x32, 0x80,

    /* U+0139 "Ĺ" */
    0x0, 0xcf, 0xc, 0x1, 0xfc, 0x39, 0x6, 0xe0,
    0x1f, 0x8b, 0xe, 0x2c, 0x40, 0x3f, 0x22, 0xe3,
    0x80, 0x7f, 0x9a, 0xc, 0x3, 0xfe, 0x7f, 0xe0,
    0xf, 0xff, 0xf8, 0x7, 0xff, 0xfc, 0x3, 0xff,
    0xc4, 0x23, 0xfc, 0x1, 0x87, 0xbb, 0xf8, 0x3,
    0xff, 0x86,

    /* U+013A "ĺ" */
    0x0, 0xaf, 0xf4, 0xc0, 0x71, 0x17, 0x4c, 0x70,
    0xe6, 0x80, 0x3, 0xbe, 0xc0, 0x1f, 0xf6, 0xfb,
    0x80, 0x7f, 0xff, 0xc0, 0x3f, 0xfc, 0x60,

    /* U+013B "Ļ" */
    0x7f, 0xe0, 0xf, 0xff, 0xf8, 0x7, 0xff, 0xfc,
    0x3, 0xff, 0xa8, 0x23, 0xfc, 0x1, 0xf, 0x77,
    0xf0, 0x7, 0xff, 0x9, 0xff, 0xff, 0xe0, 0xf,
    0xfe, 0x3b, 0x7b, 0x80, 0x7f, 0xb8, 0x30, 0x3,
    0xfd, 0x1, 0xa0, 0x1f, 0xe4, 0x6, 0x0, 0xff,
    0x27, 0x0, 0x78,

    /* U+013C "ļ" */
    0xdf, 0x70, 0xf, 0xff, 0x3e, 0xfb, 0x80, 0x53,
    0xe8, 0x41, 0x90, 0x17, 0x63, 0x34, 0xe0, 0x0,

    /* U+013D "Ľ" */
    0x0, 0xfc, 0xfe, 0xa0, 0x7, 0xfe, 0x0, 0xff,
    0xe4, 0x8, 0x7, 0xff, 0x1, 0xc0, 0x3f, 0xc4,
    0x84, 0x1, 0xfe, 0x5b, 0x10, 0xf, 0xff, 0xf8,
    0x7, 0xff, 0x8c, 0x47, 0xf8, 0x2, 0x1e, 0xef,
    0xe0, 0xf, 0xfe, 0x10,

    /* U+013E "ľ" */
    0x0, 0xc9, 0x6b, 0xbe, 0xe0, 0x48, 0x40, 0x1e,
    0x10, 0xf, 0x18, 0x7, 0x84, 0x3, 0x37, 0xa0,
    0x7, 0xff, 0xfc, 0x3, 0xff, 0x88,

    /* U+013F "Ŀ" */
    0x7f, 0xe0, 0xf, 0xff, 0xf8, 0x7, 0xc7, 0xd8,
    0x1, 0xfe, 0xa1, 0x33, 0x0, 0x7f, 0x50, 0x99,
    0x80, 0x3f, 0x8f, 0xb0, 0x3, 0xff, 0xdc, 0x23,
    0xfc, 0x1, 0xf, 0x77, 0xf0, 0x7, 0xff, 0x8,

    /* U+0140 "ŀ" */
    0xdf, 0x70, 0xf, 0xff, 0x6c, 0x7b, 0x80, 0x65,
    0xb, 0x0, 0xd0, 0x90, 0x1, 0x96, 0xd0, 0x3,
    0xff, 0xbc,

    /* U+0141 "Ł" */
    0x0, 0x27, 0xf8, 0x40, 0x3f, 0xfe, 0x7, 0xca,
    0x1, 0xff, 0x4e, 0x9, 0x80, 0x7f, 0xce, 0x38,
    0xc0, 0x1f, 0x8c, 0x0, 0x5e, 0x60, 0x1f, 0x96,
    0x0, 0x18, 0x20, 0x1f, 0x9e, 0x80, 0x3f, 0xf8,
    0x2a, 0x92, 0x1, 0xff, 0xc0, 0x2b, 0x20, 0xf,
    0xff, 0x19, 0x8, 0xfe, 0x0, 0xf6, 0x77, 0x7e,
    0x30, 0xf, 0xfe, 0x18,

    /* U+0142 "ł" */
    0x0, 0xab, 0xec, 0x3, 0xff, 0xd4, 0xac, 0x1,
    0xe4, 0xa8, 0x0, 0xc2, 0x0, 0x2c, 0x0, 0x91,
    0x0, 0xd, 0x20, 0x3, 0xd8, 0x1, 0x0, 0x35,
    0x89, 0x0, 0x7b, 0xbd, 0xc0, 0x3c, 0x42, 0x1,
    0xff, 0xde,

    /* U+0143 "Ń" */
    0x0, 0xfe, 0x78, 0x60, 0xf, 0xf0, 0xe4, 0x1b,
    0x80, 0x7f, 0x16, 0x1c, 0x58, 0x80, 0x7f, 0x22,
    0xe3, 0x80, 0x7f, 0xcd, 0x6, 0x1, 0xe7, 0xfd,
    0x0, 0xfe, 0x7f, 0xf0, 0x0, 0xa8, 0x3, 0xff,
    0x84, 0xae, 0x1, 0xff, 0xc2, 0x84, 0x0, 0xff,
    0xe0, 0x10, 0x51, 0x0, 0x7f, 0x87, 0x80, 0x7c,
    0x3, 0xfe, 0x3a, 0x2, 0xa0, 0xf, 0xf9, 0x5c,
    0x15, 0xc0, 0x3f, 0xe8, 0x40, 0x84, 0x0, 0xff,
    0xa8, 0x42, 0x84, 0x3, 0xfc, 0x3a, 0x3, 0xa0,
    0x1f, 0xf1, 0xc8, 0x1d, 0x0, 0x7f, 0xcc, 0xc0,
    0x5a, 0x0, 0xff, 0xa4, 0xc0, 0x80, 0x3f, 0xf8,
    0x1a, 0x20, 0x1f, 0xfc, 0x11, 0xd0, 0xf, 0xfe,
    0x11, 0xc8, 0x0,

    /* U+0144 "ń" */
    0x0, 0xfb, 0x3f, 0x48, 0x3, 0xe1, 0xc3, 0x5d,
    0x20, 0xf, 0xe, 0x1c, 0xd0, 0x7, 0xf7, 0xf3,
    0x0, 0x7f, 0x9, 0x8, 0x7, 0xb7, 0xd8, 0x63,
    0x7f, 0xd8, 0xe0, 0x1d, 0xfc, 0xe4, 0x0, 0x38,
    0xc0, 0xc, 0xc1, 0x3d, 0xfa, 0xe0, 0x72, 0x1,
    0xad, 0x84, 0xa, 0x18, 0x18, 0x2, 0x34, 0x0,
    0xea, 0x0, 0x10, 0x1, 0x0, 0x3c, 0x40, 0x1,
    0x0, 0x78, 0x7, 0x84, 0x0, 0xe0, 0x1f, 0xff,
    0xf0, 0x8,

    /* U+0145 "Ņ" */
    0x7f, 0xd0, 0xf, 0xe7, 0xff, 0x0, 0xa, 0x80,
    0x3f, 0xf8, 0x4a, 0xe0, 0x1f, 0xfc, 0x28, 0x40,
    0xf, 0xfe, 0x1, 0x5, 0x10, 0x7, 0xf8, 0x78,
    0x7, 0xc0, 0x3f, 0xe3, 0xa0, 0x2a, 0x0, 0xff,
    0x95, 0xc1, 0x5c, 0x3, 0xfe, 0x84, 0x8, 0x40,
    0xf, 0xfa, 0x84, 0x28, 0x40, 0x3f, 0xc3, 0xa0,
    0x3a, 0x1, 0xff, 0x1c, 0x81, 0xd0, 0x7, 0xfc,
    0xcc, 0x5, 0xa0, 0xf, 0xfa, 0x4c, 0x8, 0x3,
    0xff, 0x81, 0xa2, 0x1, 0xff, 0xc1, 0x1d, 0x0,
    0xff, 0xe1, 0x1c, 0x80, 0x1f, 0xf8, 0x3, 0xf9,
    0xbf, 0xc0, 0x1f, 0xfc, 0x94, 0xfa, 0x0, 0xff,
    0xe0, 0x8, 0x20, 0x7, 0xff, 0x1, 0x49, 0xc0,
    0x3f, 0xf8, 0x2, 0x56, 0x1, 0xff, 0xc0, 0x1e,
    0x20, 0xf, 0x0,

    /* U+0146 "ņ" */
    0xdf, 0x61, 0x8d, 0xff, 0x63, 0x80, 0x77, 0xf3,
    0x90, 0x0, 0xe3, 0x0, 0x33, 0x4, 0xf7, 0xeb,
    0x81, 0xc8, 0x6, 0xb6, 0x10, 0x28, 0x60, 0x60,
    0x8, 0xd0, 0x3, 0xa8, 0x0, 0x40, 0x4, 0x0,
    0xf1, 0x0, 0x4, 0x1, 0xe0, 0x1e, 0x10, 0x3,
    0x80, 0x7f, 0xff, 0xc0, 0x2d, 0xf7, 0x0, 0xfb,
    0xfc, 0x80, 0x1f, 0xfc, 0x6b, 0xe3, 0x0, 0xff,
    0x30, 0xa8, 0x7, 0xfa, 0x1, 0xc0, 0x3f, 0xd8,
    0xa2, 0x1, 0xfe, 0x8a, 0x0, 0xf0,

    /* U+0147 "Ň" */
    0x0, 0x8a, 0x18, 0x2, 0x38, 0x50, 0xf, 0x10,
    0x4d, 0x8a, 0xe2, 0xa0, 0x7, 0xd1, 0x4, 0xfa,
    0x3c, 0x10, 0xf, 0xcf, 0x4d, 0x18, 0x20, 0x1f,
    0xe5, 0x87, 0x0, 0xf3, 0xfe, 0x80, 0x7f, 0x3f,
    0xf8, 0x0, 0x54, 0x1, 0xff, 0xc2, 0x57, 0x0,
    0xff, 0xe1, 0x42, 0x0, 0x7f, 0xf0, 0x8, 0x28,
    0x80, 0x3f, 0xc3, 0xc0, 0x3e, 0x1, 0xff, 0x1d,
    0x1, 0x50, 0x7, 0xfc, 0xae, 0xa, 0xe0, 0x1f,
    0xf4, 0x20, 0x42, 0x0, 0x7f, 0xd4, 0x21, 0x42,
    0x1, 0xfe, 0x1d, 0x1, 0xd0, 0xf, 0xf8, 0xe4,
    0xe, 0x80, 0x3f, 0xe6, 0x60, 0x2d, 0x0, 0x7f,
    0xd2, 0x60, 0x40, 0x1f, 0xfc, 0xd, 0x10, 0xf,
    0xfe, 0x8, 0xe8, 0x7, 0xff, 0x8, 0xe4, 0x0,

    /* U+0148 "ň" */
    0x0, 0x47, 0xc8, 0x0, 0xfb, 0x84, 0x1, 0xa1,
    0xda, 0xdb, 0x3, 0x8, 0x3, 0xa1, 0xd2, 0x4b,
    0xc8, 0x3, 0xe8, 0xdd, 0x84, 0x3, 0xf8, 0x88,
    0x1, 0xed, 0xf6, 0x18, 0xdf, 0xf6, 0x38, 0x7,
    0x7f, 0x39, 0x0, 0xe, 0x30, 0x3, 0x30, 0x4f,
    0x7e, 0xb8, 0x1c, 0x80, 0x6b, 0x61, 0x2, 0x86,
    0x6, 0x0, 0x8d, 0x0, 0x3a, 0x80, 0x4, 0x0,
    0x40, 0xf, 0x10, 0x0, 0x40, 0x1e, 0x1, 0xe1,
    0x0, 0x38, 0x7, 0xff, 0xfc, 0x2,

    /* U+0149 "ŉ" */
    0xae, 0x0, 0xff, 0xe1, 0x98, 0x7, 0xff, 0x8,
    0x44, 0x1, 0xff, 0xc3, 0x70, 0xf, 0xfe, 0x18,
    0x85, 0x7c, 0x3, 0xe7, 0xfb, 0x60, 0x40, 0x23,
    0x0, 0x8b, 0x60, 0xc0, 0x4, 0xfe, 0x21, 0x16,
    0x1, 0x29, 0x3f, 0x7f, 0x40, 0xd, 0x1, 0x90,
    0x6, 0x98, 0x10, 0x17, 0x80, 0x42, 0x0, 0xe1,
    0x60, 0xe, 0x60, 0x3, 0x80, 0x72, 0x80, 0x78,
    0x44, 0x6, 0x1, 0xc2, 0x1, 0xff, 0xff, 0x0,
    0xff, 0xe9, 0x80,

    /* U+014A "Ŋ" */
    0x7f, 0xd0, 0xf, 0xe7, 0xff, 0x0, 0xa, 0x80,
    0x3f, 0xf8, 0x4a, 0xe0, 0x1f, 0xfc, 0x28, 0x40,
    0xf, 0xfe, 0x1, 0x5, 0x10, 0x7, 0xf8, 0x78,
    0x7, 0xc0, 0x3f, 0xe3, 0xa0, 0x2a, 0x0, 0xff,
    0x95, 0xc1, 0x5c, 0x3, 0xfe, 0x83, 0x8, 0x40,
    0xf, 0xfb, 0x44, 0x28, 0x40, 0x3f, 0xc3, 0xa0,
    0x3a, 0x1, 0xff, 0x1c, 0x81, 0xd0, 0x7, 0xfc,
    0xcc, 0x5, 0xa0, 0xf, 0xfa, 0x4c, 0x8, 0x3,
    0xff, 0x81, 0xa2, 0x1, 0xff, 0xc1, 0x1d, 0x0,
    0xff, 0xe1, 0x1b, 0x80, 0x1f, 0xf8, 0x3, 0xf8,
    0x40, 0x80, 0x3c, 0xc0, 0x1c, 0xe0, 0xe0, 0x1c,
    0x73, 0xaa, 0x47, 0x62, 0x1c, 0x1, 0xe1, 0x2a,
    0xdc, 0x40, 0x54, 0x0, 0xe3, 0xf7, 0x20, 0x1,
    0xcd, 0x0,

    /* U+014B "ŋ" */
    0xdf, 0x61, 0x8d, 0xff, 0x63, 0x80, 0x77, 0xf3,
    0x90, 0x0, 0xe3, 0x0, 0x33, 0x4, 0xf7, 0xeb,
    0x1, 0xc0, 0x6, 0xb6, 0x10, 0x29, 0x50, 0x70,
    0x8, 0xd0, 0x3, 0xa4, 0x0, 0x40, 0x4, 0x0,
    0xf1, 0x0, 0x4, 0x1, 0xe0, 0x1e, 0x10, 0x3,
    0x80, 0x7f, 0xff, 0xc0, 0x2d, 0xf7, 0x0, 0xfe,
    0x70, 0xf, 0xe2, 0x0, 0x8, 0x7, 0x98, 0x1,
    0x0, 0x24, 0x1, 0xc9, 0x3f, 0xe5, 0x9, 0x0,
    0xf3, 0xa0, 0x81, 0x4b, 0x80,

    /* U+014C "Ō" */
    0x0, 0xe1, 0x22, 0xf8, 0x3, 0xfe, 0xcd, 0xdf,
    0x80, 0x3f, 0xe9, 0xaa, 0xf8, 0x3, 0xfe, 0x45,
    0x5f, 0x80, 0x3f, 0xfa, 0x4b, 0x5b, 0xfe, 0xeb,
    0x60, 0xf, 0xe2, 0xda, 0x52, 0x0, 0xa, 0x4f,
    0x20, 0x7, 0x97, 0x48, 0x12, 0x73, 0x14, 0xa0,
    0x36, 0xe0, 0x18, 0xe8, 0xb, 0x2d, 0x8c, 0xcb,
    0x5c, 0x61, 0xa, 0x1, 0x70, 0xe, 0x18, 0x7,
    0x87, 0xc, 0x28, 0x41, 0x8, 0x28, 0x40, 0x3f,
    0xb8, 0x0, 0xc1, 0xa0, 0x28, 0x1, 0xfe, 0x24,
    0xb, 0x5, 0x4, 0x0, 0xff, 0xe0, 0x18, 0x18,
    0x8, 0x18, 0x7, 0xff, 0x3, 0x80, 0x21, 0x3,
    0x0, 0xff, 0xe0, 0x70, 0x4, 0xa0, 0xe0, 0x1f,
    0xfc, 0x3, 0x3, 0xc, 0x2, 0x40, 0xf, 0xf1,
    0x20, 0x58, 0x29, 0x5, 0x8, 0x7, 0xf7, 0x0,
    0x18, 0x1, 0xc0, 0x38, 0x60, 0x1e, 0x1c, 0x30,
    0xa1, 0x0, 0x1d, 0x1, 0x65, 0xa9, 0x99, 0x67,
    0x8c, 0x1d, 0x40, 0x32, 0xe1, 0x2, 0x56, 0x62,
    0x98, 0x6, 0xe0, 0x3, 0xc7, 0xb4, 0xa4, 0x0,
    0x14, 0x9e, 0x40, 0xc,

    /* U+014D "ō" */
    0x0, 0x27, 0xff, 0xd0, 0x1, 0xcd, 0x11, 0xf5,
    0x80, 0x71, 0x3b, 0xfc, 0x60, 0x1f, 0xfc, 0x84,
    0xad, 0xfe, 0xb5, 0x0, 0xf4, 0xda, 0x90, 0xa,
    0x56, 0x8, 0x5, 0x4c, 0xd, 0x9d, 0xb0, 0x7,
    0x80, 0x4, 0x50, 0x99, 0x18, 0x93, 0xe0, 0x14,
    0x7, 0x1, 0xb0, 0x7, 0x1b, 0x83, 0x3, 0x85,
    0x80, 0x7d, 0x60, 0x22, 0x20, 0x20, 0xf, 0x88,
    0x0, 0x44, 0x2, 0x0, 0xf8, 0x80, 0x4, 0xe1,
    0x60, 0x1f, 0x58, 0x8, 0xb8, 0xd, 0x80, 0x38,
    0xdc, 0x18, 0x11, 0x42, 0x64, 0x62, 0x4f, 0x80,
    0x50, 0x0, 0xa6, 0x6, 0xce, 0xd8, 0x3, 0xc0,
    0xd, 0x36, 0xa4, 0x2, 0x95, 0x82, 0x0,

    /* U+014E "Ŏ" */
    0x0, 0xe5, 0x60, 0xc, 0xae, 0x1, 0xff, 0x6c,
    0xc1, 0xb, 0x56, 0x0, 0x7f, 0xd0, 0xee, 0xde,
    0x95, 0xa0, 0xf, 0xfe, 0x4, 0x7e, 0x63, 0xa8,
    0x40, 0x3f, 0xf8, 0x46, 0x61, 0x0, 0xff, 0xe0,
    0xad, 0x6f, 0xfb, 0xad, 0x80, 0x3f, 0x8b, 0x69,
    0x48, 0x0, 0x29, 0x3c, 0x80, 0x1e, 0x5d, 0x20,
    0x49, 0xcc, 0x52, 0x80, 0xdb, 0x80, 0x63, 0xa0,
    0x2c, 0xb6, 0x33, 0x2d, 0x71, 0x84, 0x28, 0x5,
    0xc0, 0x38, 0x60, 0x1e, 0x1c, 0x30, 0xa1, 0x4,
    0x20, 0xa1, 0x0, 0xfe, 0xe0, 0x3, 0x6, 0x80,
    0xa0, 0x7, 0xf8, 0x90, 0x2c, 0x14, 0x10, 0x3,
    0xff, 0x80, 0x60, 0x60, 0x20, 0x60, 0x1f, 0xfc,
    0xe, 0x0, 0x84, 0xc, 0x3, 0xff, 0x81, 0xc0,
    0x12, 0x83, 0x80, 0x7f, 0xf0, 0xc, 0xc, 0x30,
    0x9, 0x0, 0x3f, 0xc4, 0x81, 0x60, 0xa4, 0x14,
    0x20, 0x1f, 0xdc, 0x0, 0x60, 0x7, 0x0, 0xe1,
    0x80, 0x78, 0x70, 0xc2, 0x84, 0x0, 0x74, 0x5,
    0x96, 0xa6, 0x65, 0x9e, 0x30, 0x75, 0x0, 0xcb,
    0x84, 0x9, 0x59, 0x8a, 0x60, 0x1b, 0x80, 0xf,
    0x1e, 0xd2, 0x90, 0x0, 0x52, 0x79, 0x0, 0x30,

    /* U+014F "ŏ" */
    0x0, 0x1f, 0xb0, 0x4, 0x7e, 0xc0, 0x1c, 0x65,
    0xa, 0x29, 0xc0, 0xe0, 0x1e, 0xf5, 0xae, 0xb0,
    0xb1, 0x0, 0xf1, 0x5f, 0x66, 0xe9, 0x0, 0x3f,
    0x84, 0xc8, 0x3, 0xf9, 0x2b, 0x7f, 0xad, 0x40,
    0x3d, 0x36, 0xa4, 0x2, 0x95, 0x82, 0x1, 0x53,
    0x3, 0x67, 0x6c, 0x1, 0xe0, 0x1, 0x14, 0x26,
    0x46, 0x24, 0xf8, 0x5, 0x1, 0xc0, 0x6c, 0x1,
    0xc6, 0xe0, 0xc0, 0xe1, 0x60, 0x1f, 0x58, 0x8,
    0x88, 0x8, 0x3, 0xe2, 0x0, 0x11, 0x0, 0x80,
    0x3e, 0x20, 0x1, 0x38, 0x58, 0x7, 0xd6, 0x2,
    0x2e, 0x3, 0x60, 0xe, 0x37, 0x6, 0x4, 0x50,
    0x99, 0x18, 0x93, 0xe0, 0x14, 0x0, 0x29, 0x81,
    0xb3, 0xb6, 0x0, 0xf0, 0x3, 0x4d, 0xa9, 0x0,
    0xa5, 0x60, 0x80, 0x0,

    /* U+0150 "Ő" */
    0x0, 0xf8, 0xbf, 0xc6, 0x3d, 0xec, 0x1, 0xff,
    0x78, 0x51, 0xd8, 0xbb, 0x0, 0x7f, 0xa0, 0x9d,
    0x56, 0x48, 0x0, 0xff, 0xab, 0x60, 0x13, 0x6c,
    0x3, 0xff, 0x80, 0x44, 0x0, 0x9, 0x0, 0x7f,
    0xf0, 0x16, 0xb7, 0xfd, 0xd6, 0xc0, 0x1f, 0xc5,
    0xb4, 0xa4, 0x0, 0x14, 0x9e, 0x40, 0xf, 0x2e,
    0x90, 0x24, 0xe6, 0x29, 0x40, 0x6d, 0xc0, 0x31,
    0xd0, 0x16, 0x5b, 0x19, 0x96, 0xb8, 0xc2, 0x14,
    0x2, 0xe0, 0x1c, 0x30, 0xf, 0xe, 0x18, 0x50,
    0x82, 0x10, 0x50, 0x80, 0x7f, 0x70, 0x1, 0x83,
    0x40, 0x50, 0x3, 0xfc, 0x48, 0x16, 0xa, 0x8,
    0x1, 0xff, 0xc0, 0x30, 0x30, 0x10, 0x30, 0xf,
    0xfe, 0x7, 0x0, 0x42, 0x6, 0x1, 0xff, 0xc0,
    0xe0, 0x9, 0x41, 0xc0, 0x3f, 0xf8, 0x6, 0x6,
    0x18, 0x4, 0x80, 0x1f, 0xe2, 0x40, 0xb0, 0x52,
    0xa, 0x10, 0xf, 0xee, 0x0, 0x30, 0x3, 0x80,
    0x70, 0xc0, 0x3c, 0x38, 0x61, 0x42, 0x0, 0x3a,
    0x2, 0xcb, 0x53, 0x32, 0xcf, 0x18, 0x3a, 0x80,
    0x65, 0xc2, 0x4, 0xac, 0xc5, 0x30, 0xd, 0xc0,
    0x7, 0x8f, 0x69, 0x48, 0x0, 0x29, 0x3c, 0x80,
    0x18,

    /* U+0151 "ő" */
    0x0, 0xea, 0xfb, 0x7, 0xfd, 0x0, 0xf2, 0xa8,
    0xac, 0xa0, 0x7c, 0x3, 0x86, 0xc7, 0x3, 0x82,
    0x88, 0x3, 0xd9, 0xe2, 0x1d, 0xc4, 0x0, 0xf0,
    0x90, 0x80, 0x8, 0x40, 0x3e, 0x4a, 0xdf, 0xeb,
    0x50, 0xf, 0x4d, 0xa9, 0x0, 0xa5, 0x60, 0x80,
    0x54, 0xc0, 0xd9, 0xdb, 0x0, 0x78, 0x0, 0x45,
    0x9, 0x91, 0x89, 0x3e, 0x1, 0x40, 0x70, 0x1b,
    0x0, 0x71, 0xb8, 0x30, 0x38, 0x58, 0x7, 0xd6,
    0x2, 0x22, 0x2, 0x0, 0xf8, 0x80, 0x4, 0x40,
    0x20, 0xf, 0x88, 0x0, 0x4e, 0x16, 0x1, 0xf5,
    0x80, 0x8b, 0x80, 0xd8, 0x3, 0x8d, 0xc1, 0x81,
    0x14, 0x26, 0x46, 0x24, 0xf8, 0x5, 0x0, 0xa,
    0x60, 0x6c, 0xed, 0x80, 0x3c, 0x0, 0xd3, 0x6a,
    0x40, 0x29, 0x58, 0x20, 0x0,

    /* U+0152 "Œ" */
    0x0, 0xe5, 0xad, 0xff, 0xff, 0xe2, 0x28, 0x4,
    0x7b, 0x4a, 0x40, 0x1f, 0xfc, 0x76, 0xc2, 0x5,
    0xac, 0xee, 0x98, 0xb, 0xbb, 0xf9, 0x41, 0x24,
    0xf, 0x69, 0x4c, 0x47, 0x0, 0x4, 0x7f, 0x80,
    0x14, 0x5, 0xa4, 0x1, 0xff, 0xc7, 0x51, 0x9,
    0x10, 0xf, 0xfe, 0x46, 0x1, 0x20, 0x7, 0xff,
    0x25, 0x41, 0xc0, 0x3f, 0xe2, 0xff, 0xfc, 0x80,
    0x20, 0x60, 0x1f, 0xfc, 0xa1, 0x3, 0x0, 0xff,
    0x8b, 0xbb, 0xf2, 0x3, 0x3, 0x80, 0x7f, 0xf0,
    0x4, 0x7f, 0x0, 0x3c, 0x9, 0x0, 0x3f, 0xf9,
    0x2a, 0x21, 0x20, 0x1f, 0xfc, 0xaa, 0x2, 0xc2,
    0x0, 0xff, 0xe4, 0x24, 0x81, 0xed, 0x29, 0x88,
    0xe0, 0x0, 0x8f, 0xf8, 0x0, 0xd8, 0x20, 0xb5,
    0x9d, 0xd3, 0x1, 0x77, 0x7f, 0x58, 0x4, 0x7d,
    0x4a, 0x40, 0x1f, 0xfc, 0x50,

    /* U+0153 "œ" */
    0x0, 0x92, 0xb7, 0xfa, 0xd8, 0x3, 0x2d, 0xf7,
    0xec, 0x90, 0x7, 0x4d, 0xa9, 0x0, 0xa4, 0xe0,
    0x8a, 0xe9, 0x4, 0x9, 0xb5, 0xc0, 0x2a, 0x60,
    0x7d, 0xfe, 0x91, 0x3d, 0xa4, 0x1a, 0xef, 0xd6,
    0x8, 0x50, 0x45, 0xa, 0x82, 0x1, 0x6c, 0x3,
    0x41, 0xf5, 0x10, 0x29, 0x80, 0xb0, 0xe0, 0x35,
    0x0, 0xe2, 0x70, 0x4, 0x88, 0x7, 0x39, 0xa,
    0xb8, 0x58, 0x7, 0xd6, 0x0, 0xbb, 0xfc, 0x60,
    0x44, 0x2, 0x0, 0xf8, 0x80, 0x6, 0x89, 0xf0,
    0x87, 0x10, 0x10, 0x7, 0xc4, 0x0, 0xaf, 0xff,
    0xe9, 0x70, 0xb0, 0xf, 0xac, 0x1, 0xe0, 0x1f,
    0xee, 0x3, 0x60, 0xe, 0x37, 0x0, 0x2a, 0x80,
    0x3c, 0xc0, 0x4, 0x50, 0x99, 0x18, 0x93, 0xe0,
    0x23, 0x5, 0x49, 0x80, 0xae, 0x4b, 0x0, 0x29,
    0x81, 0xb3, 0xb6, 0x1, 0x2a, 0x58, 0x1b, 0x3f,
    0xa8, 0xc5, 0x40, 0x29, 0xb5, 0x20, 0x14, 0xab,
    0x10, 0x9b, 0x52, 0x1, 0x38, 0xe3, 0x0,

    /* U+0154 "Ŕ" */
    0x0, 0xfc, 0xd0, 0xe0, 0x1f, 0xf5, 0x4a, 0x28,
    0x7, 0xfa, 0xd5, 0xb0, 0x80, 0x3f, 0x90, 0xee,
    0x40, 0x3f, 0xe4, 0x84, 0x0, 0xf9, 0xff, 0xfe,
    0xeb, 0x60, 0xf, 0xfe, 0x0, 0xa4, 0xe9, 0x0,
    0x61, 0xee, 0xdb, 0x6c, 0x5, 0x82, 0x1, 0x84,
    0x71, 0x24, 0xe0, 0xc, 0x0, 0x7f, 0xc6, 0xc0,
    0xe0, 0x1f, 0xfc, 0xc, 0x1, 0x0, 0xff, 0xe7,
    0xe0, 0x8, 0x7, 0xfc, 0x6c, 0xc, 0x1, 0x84,
    0x78, 0xe3, 0x0, 0x64, 0x2, 0x1e, 0xee, 0xc7,
    0x2, 0xc1, 0x0, 0xff, 0x97, 0x48, 0x3, 0xf,
    0xff, 0x40, 0x29, 0x0, 0x7f, 0xce, 0x61, 0xe0,
    0x1f, 0xfc, 0xd, 0x12, 0x90, 0xf, 0xf8, 0x6c,
    0x19, 0x0, 0x3f, 0xe5, 0x60, 0xa1,

    /* U+0155 "ŕ" */
    0x0, 0xcd, 0xfe, 0x60, 0xc, 0xf2, 0x38, 0xc0,
    0x13, 0xc1, 0xf9, 0x80, 0x64, 0xcc, 0x8, 0x7,
    0x19, 0x80, 0x3b, 0x7d, 0x86, 0x37, 0xc0, 0x30,
    0xfb, 0x90, 0x7, 0x40, 0xa5, 0x58, 0x7, 0x45,
    0xaa, 0x0, 0x62, 0x70, 0xf, 0x90, 0x3, 0xf7,
    0x0, 0x7f, 0xfc, 0x0,

    /* U+0156 "Ŗ" */
    0x7f, 0xff, 0xba, 0xd8, 0x3, 0xff, 0x80, 0x29,
    0x3a, 0x40, 0x18, 0x7b, 0xb6, 0xdb, 0x1, 0x60,
    0x80, 0x61, 0x1c, 0x49, 0x38, 0x3, 0x0, 0x1f,
    0xf1, 0xb0, 0x38, 0x7, 0xff, 0x3, 0x0, 0x40,
    0x3f, 0xf9, 0xf8, 0x2, 0x1, 0xff, 0x1b, 0x3,
    0x0, 0x61, 0x1e, 0x38, 0xc0, 0x19, 0x0, 0x87,
    0xbb, 0xb1, 0xc0, 0xb0, 0x40, 0x3f, 0xe5, 0xd2,
    0x0, 0xc3, 0xff, 0xd0, 0xa, 0x40, 0x1f, 0xf3,
    0x98, 0x78, 0x7, 0xff, 0x3, 0x44, 0xa4, 0x3,
    0xfe, 0x1b, 0x6, 0x40, 0xf, 0xf9, 0x58, 0x28,
    0x5f, 0xf8, 0x3, 0xf4, 0xff, 0x8, 0x7, 0xff,
    0x20, 0x7b, 0x0, 0x3f, 0xf8, 0x6, 0x26, 0x20,
    0x1f, 0xf1, 0x29, 0x88, 0x7, 0xff, 0x1, 0x24,
    0x3, 0xff, 0x83, 0xea, 0x1, 0xf0,

    /* U+0157 "ŗ" */
    0xdf, 0x61, 0x8d, 0xf0, 0x8, 0x7d, 0xc8, 0x3,
    0x40, 0xa5, 0x58, 0x6, 0x8b, 0x54, 0x0, 0x89,
    0xc0, 0x3c, 0x80, 0x1f, 0x70, 0x7, 0xff, 0xa7,
    0x7d, 0xc0, 0x3f, 0xf8, 0x33, 0xe8, 0x1, 0xc4,
    0x18, 0x1, 0xd0, 0x16, 0x1, 0xd6, 0x66, 0x0,
    0xe9, 0xc0, 0xf, 0x0,

    /* U+0158 "Ř" */
    0x0, 0xb, 0xb8, 0x2, 0x17, 0x70, 0x7, 0x84,
    0xa3, 0x48, 0xfe, 0x50, 0x3, 0xe5, 0xb2, 0xdc,
    0xc, 0x30, 0xf, 0xc9, 0x8e, 0xec, 0x20, 0xf,
    0xf1, 0xc4, 0x8, 0x3, 0xcf, 0xff, 0xf7, 0x5b,
    0x0, 0x7f, 0xf0, 0x5, 0x27, 0x48, 0x3, 0xf,
    0x76, 0xdb, 0x60, 0x2c, 0x10, 0xc, 0x23, 0x89,
    0x27, 0x0, 0x60, 0x3, 0xfe, 0x36, 0x7, 0x0,
    0xff, 0xe0, 0x60, 0x8, 0x7, 0xff, 0x3f, 0x0,
    0x40, 0x3f, 0xe3, 0x60, 0x60, 0xc, 0x23, 0xc7,
    0x18, 0x3, 0x20, 0x10, 0xf7, 0x76, 0x38, 0x16,
    0x8, 0x7, 0xfc, 0xba, 0x40, 0x18, 0x7f, 0xfa,
    0x1, 0x48, 0x3, 0xfe, 0x73, 0xf, 0x0, 0xff,
    0xe0, 0x68, 0x94, 0x80, 0x7f, 0xc3, 0x60, 0xc8,
    0x1, 0xff, 0x2b, 0x5, 0x8,

    /* U+0159 "ř" */
    0x3f, 0xd2, 0x0, 0x5f, 0xb1, 0xe1, 0x62, 0xea,
    0x4b, 0x1, 0xe0, 0xd1, 0x4b, 0x0, 0x47, 0xb9,
    0xac, 0x1, 0xc4, 0x64, 0x1, 0xb7, 0xd8, 0x63,
    0x7c, 0x3, 0xf, 0xb9, 0x0, 0x74, 0xa, 0x55,
    0x80, 0x74, 0x5a, 0xa0, 0x6, 0x27, 0x0, 0xf9,
    0x0, 0x3f, 0x70, 0x7, 0xff, 0xbc,

    /* U+015A "Ś" */
    0x0, 0xfe, 0x78, 0x60, 0xf, 0xe1, 0xc8, 0x37,
    0x0, 0xfc, 0x58, 0x71, 0x62, 0x1, 0xf9, 0x17,
    0x1c, 0x3, 0xfc, 0xd0, 0x60, 0x1f, 0xcd, 0x7d,
    0xfe, 0xda, 0x50, 0xc, 0x5d, 0x28, 0x20, 0x2,
    0x5a, 0xd1, 0x0, 0x60, 0x8a, 0x37, 0xb9, 0x6e,
    0x23, 0x3, 0x8, 0x63, 0x90, 0x89, 0x23, 0xb8,
    0x0, 0xf0, 0x32, 0x0, 0xf8, 0x80, 0x2, 0x4,
    0x1, 0xff, 0x58, 0xe, 0x18, 0x7, 0xf1, 0xc0,
    0x1e, 0x6c, 0xa8, 0x80, 0x79, 0xed, 0x0, 0x9a,
    0xbb, 0x14, 0x3, 0x92, 0xfa, 0x98, 0x80, 0xea,
    0xc0, 0x3c, 0x2b, 0x3b, 0xa5, 0x4, 0x70, 0xf,
    0xe2, 0xa4, 0xb, 0x0, 0xff, 0xb0, 0x8, 0x16,
    0x0, 0x3f, 0x58, 0x28, 0x43, 0xf4, 0x21, 0x9,
    0x2e, 0x18, 0x78, 0x71, 0xb, 0xde, 0xf6, 0xd1,
    0x84, 0xa0, 0x1e, 0xdb, 0x10, 0x80, 0x9b, 0xeb,
    0x0,

    /* U+015B "ś" */
    0x0, 0xf1, 0x77, 0xd0, 0x7, 0xc5, 0x83, 0x14,
    0x1, 0xe3, 0xc0, 0xb7, 0x0, 0xf8, 0x77, 0xd0,
    0x3, 0xf1, 0x18, 0x80, 0x7c, 0x31, 0x9f, 0xee,
    0xb7, 0x10, 0x1, 0x7b, 0x98, 0x0, 0x52, 0x28,
    0x1, 0x22, 0x2b, 0xef, 0xd9, 0x38, 0x0, 0x20,
    0x5a, 0x8, 0x13, 0x61, 0x80, 0x4, 0x30, 0x3,
    0xf9, 0x81, 0xb6, 0x54, 0x80, 0x3a, 0x1c, 0x9,
    0xab, 0x7a, 0x44, 0x2, 0x8f, 0xb8, 0x52, 0x16,
    0xd0, 0xe, 0x47, 0xad, 0xa0, 0x33, 0x0, 0x80,
    0x79, 0x40, 0xe, 0x1f, 0x8c, 0x40, 0x3, 0xa0,
    0x2, 0x98, 0x9c, 0xef, 0xfb, 0x14, 0x24, 0x4f,
    0xa1, 0x4, 0x0, 0x4d, 0xac, 0x0,

    /* U+015C "Ŝ" */
    0x0, 0xf2, 0xc3, 0x80, 0x7f, 0x9e, 0x9a, 0x30,
    0x40, 0x3e, 0x78, 0x4e, 0xa3, 0xc1, 0x0, 0xe2,
    0xf9, 0xb0, 0x5d, 0x57, 0x0, 0xe2, 0x86, 0x0,
    0x8a, 0x18, 0x3, 0xcd, 0x7d, 0xfe, 0xda, 0x50,
    0xc, 0x5d, 0x28, 0x20, 0x2, 0x5a, 0xd1, 0x0,
    0x60, 0x8a, 0x37, 0xb9, 0x6e, 0x23, 0x3, 0x8,
    0x63, 0x90, 0x89, 0x23, 0xb8, 0x0, 0xf0, 0x32,
    0x0, 0xf8, 0x80, 0x2, 0x4, 0x1, 0xff, 0x58,
    0xe, 0x18, 0x7, 0xf1, 0xc0, 0x1e, 0x6c, 0xa8,
    0x80, 0x79, 0xed, 0x0, 0x9a, 0xbb, 0x14, 0x3,
    0x92, 0xfa, 0x98, 0x80, 0xea, 0xc0, 0x3c, 0x2b,
    0x3b, 0xa5, 0x4, 0x70, 0xf, 0xe2, 0xa4, 0xb,
    0x0, 0xff, 0xb0, 0x8, 0x16, 0x0, 0x3f, 0x58,
    0x28, 0x43, 0xf4, 0x21, 0x9, 0x2e, 0x18, 0x78,
    0x71, 0xb, 0xde, 0xf6, 0xd1, 0x84, 0xa0, 0x1e,
    0xdb, 0x10, 0x80, 0x9b, 0xeb, 0x0,

    /* U+015D "ŝ" */
    0x0, 0xd5, 0xfe, 0x80, 0xf, 0xa9, 0x50, 0xde,
    0x0, 0x3a, 0x55, 0xaf, 0x15, 0xe0, 0x3, 0x56,
    0x48, 0x2, 0xb2, 0xc0, 0x31, 0x98, 0x3, 0x19,
    0x80, 0x30, 0xc6, 0x7f, 0xba, 0xdc, 0x40, 0x5,
    0xee, 0x60, 0x1, 0x48, 0xa0, 0x4, 0x88, 0xaf,
    0xbf, 0x64, 0xe0, 0x0, 0x81, 0x68, 0x20, 0x4d,
    0x86, 0x0, 0x10, 0xc0, 0xf, 0xe6, 0x6, 0xd9,
    0x52, 0x0, 0xe8, 0x70, 0x26, 0xad, 0xe9, 0x10,
    0xa, 0x3e, 0xe1, 0x48, 0x5b, 0x40, 0x39, 0x1e,
    0xb6, 0x80, 0xcc, 0x2, 0x1, 0xe5, 0x0, 0x38,
    0x7e, 0x31, 0x0, 0xe, 0x80, 0xa, 0x62, 0x73,
    0xbf, 0xec, 0x50, 0x91, 0x3e, 0x84, 0x10, 0x1,
    0x36, 0xb0, 0x0,

    /* U+015E "Ş" */
    0x0, 0xcd, 0x7d, 0xfe, 0xda, 0x50, 0xc, 0x5d,
    0x28, 0x20, 0x2, 0x5a, 0xd1, 0x0, 0x60, 0x8a,
    0x37, 0xb9, 0x6e, 0x23, 0x3, 0x8, 0x63, 0x90,
    0x89, 0x23, 0xb8, 0x0, 0xf0, 0x32, 0x0, 0xf8,
    0x80, 0x2, 0x4, 0x1, 0xff, 0x58, 0xe, 0x18,
    0x7, 0xf1, 0xc0, 0x1e, 0x6c, 0xa8, 0x80, 0x79,
    0xed, 0x0, 0x9a, 0xbb, 0x14, 0x3, 0x92, 0xfa,
    0x98, 0x80, 0xea, 0xc0, 0x3c, 0x2b, 0x3b, 0xa5,
    0x4, 0x70, 0xf, 0xe2, 0xa4, 0xb, 0x0, 0xff,
    0xb0, 0x8, 0x16, 0x0, 0x3f, 0x58, 0x28, 0x43,
    0xf4, 0x21, 0x9, 0x2e, 0x18, 0x78, 0x71, 0xb,
    0xde, 0xf6, 0xd1, 0x84, 0xa0, 0x1e, 0xdb, 0x10,
    0x80, 0xd, 0xf5, 0x80, 0x32, 0x4e, 0xe0, 0x6e,
    0x41, 0x0, 0x7e, 0x40, 0xf5, 0x0, 0xff, 0x37,
    0x35, 0x0, 0x7f, 0x19, 0x3, 0x80, 0x7f, 0xbf,
    0x78, 0xe4, 0x3, 0xfb, 0x37, 0x3d, 0x80, 0x30,

    /* U+015F "ş" */
    0x0, 0xc, 0x67, 0xfb, 0xad, 0xc4, 0x0, 0x5e,
    0xe6, 0x0, 0x14, 0x8a, 0x0, 0x48, 0x8a, 0xfb,
    0xf6, 0x4e, 0x0, 0x8, 0x16, 0x82, 0x4, 0xd8,
    0x60, 0x1, 0xc, 0x0, 0xfe, 0x60, 0x6d, 0x95,
    0x20, 0xe, 0x87, 0x2, 0x6a, 0xde, 0x91, 0x0,
    0xa3, 0xee, 0x14, 0x85, 0xb4, 0x3, 0x91, 0xeb,
    0x68, 0xc, 0xc0, 0x20, 0x1e, 0x50, 0x3, 0x87,
    0xe3, 0x10, 0x0, 0xe8, 0x0, 0xa6, 0x27, 0x3b,
    0xfe, 0xc5, 0x9, 0x13, 0xe8, 0x41, 0x0, 0x13,
    0x6b, 0x0, 0x5, 0xef, 0x86, 0x76, 0x48, 0x3,
    0xc4, 0x30, 0xe0, 0x1f, 0x8b, 0xda, 0xc, 0x3,
    0xc4, 0x62, 0x1, 0xfd, 0x79, 0xce, 0xc6, 0x1,
    0xe9, 0xdc, 0xe9, 0x0, 0xc0,

    /* U+0160 "Š" */
    0x0, 0x8a, 0x18, 0x2, 0x38, 0x60, 0xe, 0x20,
    0x9b, 0x15, 0xc5, 0x70, 0xf, 0x44, 0x13, 0xe8,
    0xf0, 0x40, 0x3e, 0x7a, 0x68, 0xc1, 0x0, 0xfe,
    0x58, 0x70, 0xf, 0xe6, 0xbe, 0xff, 0x6d, 0x28,
    0x6, 0x2e, 0x94, 0x10, 0x1, 0x2d, 0x68, 0x80,
    0x30, 0x45, 0x1b, 0xdc, 0xb7, 0x11, 0x81, 0x84,
    0x31, 0xc8, 0x44, 0x91, 0xdc, 0x0, 0x78, 0x19,
    0x0, 0x7c, 0x40, 0x1, 0x2, 0x0, 0xff, 0xac,
    0x7, 0xc, 0x3, 0xf8, 0xe0, 0xf, 0x36, 0x54,
    0x40, 0x3c, 0xf6, 0x80, 0x4d, 0x5d, 0x8a, 0x1,
    0xc9, 0x7d, 0x4c, 0x40, 0x75, 0x60, 0x1e, 0x15,
    0x9d, 0xd2, 0x82, 0x38, 0x7, 0xf1, 0x52, 0x5,
    0x80, 0x7f, 0xd8, 0x4, 0xb, 0x0, 0x1f, 0xac,
    0x14, 0x21, 0xfa, 0x10, 0x84, 0x97, 0xc, 0x3c,
    0x38, 0x85, 0xef, 0x7b, 0x68, 0xc2, 0x50, 0xf,
    0x6d, 0x88, 0x40, 0x4d, 0xf5, 0x80,

    /* U+0161 "š" */
    0x0, 0x67, 0xa8, 0x1, 0xfe, 0xc0, 0x36, 0x9d,
    0x44, 0xc2, 0x58, 0x6, 0x1d, 0x37, 0x64, 0xb0,
    0xf, 0xe, 0x65, 0x60, 0x1f, 0xc6, 0x60, 0xf,
    0x86, 0x33, 0xfd, 0xd6, 0xe2, 0x0, 0x2f, 0x73,
    0x0, 0xa, 0x45, 0x0, 0x24, 0x45, 0x7d, 0xfb,
    0x27, 0x0, 0x4, 0xb, 0x41, 0x2, 0x6c, 0x30,
    0x0, 0x86, 0x0, 0x7f, 0x30, 0x36, 0xca, 0x90,
    0x7, 0x43, 0x81, 0x35, 0x6f, 0x48, 0x80, 0x51,
    0xf7, 0xa, 0x42, 0xda, 0x1, 0xc8, 0xf5, 0xb4,
    0x6, 0x60, 0x10, 0xf, 0x28, 0x1, 0xc3, 0xf1,
    0x88, 0x0, 0x74, 0x0, 0x53, 0x13, 0x9d, 0xff,
    0x62, 0x84, 0x89, 0xf4, 0x20, 0x80, 0x9, 0xb5,
    0x80,

    /* U+0162 "Ţ" */
    0xef, 0xff, 0xfe, 0x8, 0x7, 0xff, 0xb, 0xfb,
    0xb6, 0x0, 0x2b, 0xbb, 0x84, 0x7c, 0x0, 0x61,
    0x1e, 0x0, 0xff, 0xff, 0x80, 0x7f, 0xff, 0xc0,
    0x3f, 0xfb, 0x24, 0x48, 0x30, 0xf, 0xf0, 0x95,
    0x30, 0x7, 0xf8, 0x75, 0x65, 0x0, 0x3f, 0x11,
    0x9b, 0xc0, 0x40, 0x3f, 0x2e, 0x74, 0x2a, 0x80,
    0x3f, 0x3e, 0xe7, 0x50, 0x7, 0x0,

    /* U+0163 "ţ" */
    0x0, 0x3f, 0xe8, 0x7, 0xff, 0x36, 0xbe, 0x0,
    0xbf, 0xe7, 0x3, 0x10, 0x8, 0x47, 0x4, 0xf4,
    0x1, 0x77, 0x4c, 0x1, 0xff, 0xf5, 0x30, 0xf,
    0x8c, 0x5, 0xc0, 0x54, 0x2, 0x43, 0x8, 0xfe,
    0xa1, 0x0, 0xb1, 0x80, 0x4, 0xe0, 0x1d, 0x26,
    0xfb, 0x2, 0x1, 0x84, 0xda, 0x40, 0x3c, 0x3f,
    0x2c, 0xa0, 0x18, 0x4c, 0x40, 0x3e, 0x6c, 0xe8,
    0x55, 0x0, 0x67, 0xdc, 0xea, 0x0, 0x0,

    /* U+0164 "Ť" */
    0x0, 0x9d, 0xc2, 0x1, 0x3b, 0x80, 0x3c, 0x71,
    0xe6, 0x5b, 0x6, 0x1, 0xe4, 0xc0, 0xcd, 0x2b,
    0x40, 0xf, 0x8f, 0x1d, 0xd8, 0x80, 0x1f, 0xc5,
    0x10, 0x30, 0xe, 0xef, 0xff, 0xfe, 0x8, 0x7,
    0xff, 0xb, 0xfb, 0xb6, 0x0, 0x2b, 0xbb, 0x84,
    0x7c, 0x0, 0x61, 0x1e, 0x0, 0xff, 0xff, 0x80,
    0x7f, 0xff, 0xc0, 0x3f, 0xfa, 0x80,

    /* U+0165 "ť" */
    0x0, 0xf1, 0x7c, 0x80, 0x7f, 0xf0, 0x84, 0x40,
    0x10, 0x80, 0x4f, 0xd8, 0x1, 0x78, 0x7, 0xc5,
    0xce, 0x1, 0xf8, 0x40, 0x15, 0xf0, 0x5, 0xff,
    0x38, 0x18, 0x80, 0x42, 0x38, 0x27, 0xa0, 0xb,
    0xba, 0x60, 0xf, 0xff, 0xa9, 0x80, 0x7c, 0x60,
    0x2e, 0x2, 0xa0, 0x12, 0x18, 0x47, 0xf5, 0x8,
    0x5, 0x8c, 0x20, 0x4e, 0x0,

    /* U+0166 "Ŧ" */
    0xef, 0xff, 0xfe, 0x8, 0x7, 0xff, 0xb, 0xfb,
    0xb6, 0x0, 0x2b, 0xbb, 0x84, 0x7c, 0x0, 0x61,
    0x1e, 0x0, 0xff, 0xf7, 0x67, 0xfb, 0x40, 0x19,
    0xfe, 0xd0, 0xc, 0xe2, 0x20, 0xc, 0x23, 0x0,
    0x6b, 0xee, 0x68, 0x3, 0x3b, 0x98, 0x1, 0xff,
    0xff, 0x0, 0xff, 0x80,

    /* U+0167 "ŧ" */
    0x0, 0x2f, 0xf8, 0x3, 0xff, 0x9b, 0x1f, 0x40,
    0xf, 0xfa, 0x43, 0xc4, 0x2, 0x11, 0xc0, 0xfd,
    0x40, 0xe, 0xea, 0x0, 0x3f, 0xf9, 0x27, 0xf4,
    0x0, 0xff, 0x94, 0x5, 0x40, 0x25, 0x59, 0x80,
    0xaa, 0x80, 0xa, 0xa8, 0xc0, 0x3f, 0xf9, 0x6e,
    0x0, 0x90, 0x2, 0x80, 0x44, 0xa0, 0xdf, 0xea,
    0x30, 0xa, 0x9c, 0x80, 0x58, 0x80,

    /* U+0168 "Ũ" */
    0x0, 0xff, 0x8, 0x80, 0x3e, 0x8f, 0xe4, 0x0,
    0x63, 0x0, 0x78, 0x9d, 0xeb, 0x55, 0x12, 0x0,
    0x79, 0x6, 0x26, 0x55, 0x45, 0x30, 0xf, 0x26,
    0x80, 0x1b, 0xb6, 0x80, 0x3e, 0x23, 0x0, 0x84,
    0x80, 0x3a, 0xbf, 0x0, 0x3f, 0xb3, 0xe4, 0x3,
    0xff, 0xfe, 0x1, 0xff, 0xe1, 0x30, 0xf, 0xfe,
    0x20, 0x80, 0x7f, 0x8, 0xf, 0x1, 0x0, 0x7f,
    0x10, 0x72, 0x0, 0x14, 0x3, 0xe5, 0x0, 0x21,
    0x98, 0x2c, 0x40, 0x38, 0x6c, 0xc, 0x83, 0xc0,
    0x7d, 0xcc, 0x8e, 0x3c, 0x43, 0xc0, 0x7, 0x60,
    0x31, 0x9b, 0x8e, 0x22, 0xb3, 0x0, 0x93, 0xa0,
    0xc4, 0x4, 0xe3, 0xd0, 0x0,

    /* U+0169 "ũ" */
    0x0, 0xd, 0xfc, 0x80, 0x13, 0xc0, 0x3a, 0x15,
    0xdd, 0x65, 0xc6, 0x1, 0xc9, 0x31, 0xef, 0xab,
    0x0, 0x1d, 0xcc, 0x3, 0x98, 0xe4, 0x0, 0xe3,
    0x10, 0x8, 0xc4, 0x3, 0x7f, 0x98, 0x3, 0xc9,
    0xfe, 0x0, 0xff, 0xff, 0x80, 0x61, 0x0, 0xfc,
    0x20, 0x11, 0x87, 0x0, 0x7b, 0x40, 0x27, 0x6,
    0x0, 0xe1, 0x60, 0xa, 0x40, 0x6c, 0x80, 0x9,
    0x82, 0x1, 0x1b, 0x82, 0x6f, 0xfa, 0xc9, 0x80,
    0x34, 0x5a, 0x8, 0xa, 0xe5, 0x80, 0x40,

    /* U+016A "Ū" */
    0x0, 0xc4, 0x5f, 0x0, 0x7c, 0xdb, 0xbf, 0x30,
    0x7, 0x92, 0xab, 0xe4, 0x0, 0xf1, 0x2a, 0xfc,
    0x40, 0x1f, 0xfc, 0x6a, 0xfc, 0x0, 0xfe, 0xcf,
    0x90, 0xf, 0xff, 0xf8, 0x7, 0xff, 0x84, 0xc0,
    0x3f, 0xf8, 0x82, 0x1, 0xfc, 0x20, 0x3c, 0x4,
    0x1, 0xfc, 0x41, 0xc8, 0x0, 0x50, 0xf, 0x94,
    0x0, 0x86, 0x60, 0xb1, 0x0, 0xe1, 0xb0, 0x32,
    0xf, 0x1, 0xf7, 0x32, 0x38, 0xf1, 0xf, 0x0,
    0x1d, 0x80, 0xc6, 0x6e, 0x38, 0x8a, 0xcc, 0x2,
    0x4e, 0x83, 0x10, 0x13, 0x8f, 0x40, 0x0,

    /* U+016B "ū" */
    0x0, 0x6f, 0xff, 0xc0, 0x1d, 0x71, 0x1f, 0x0,
    0x73, 0x3b, 0xfc, 0x1, 0xff, 0xc4, 0xff, 0x30,
    0x7, 0x93, 0xfc, 0x1, 0xff, 0xff, 0x0, 0xc2,
    0x1, 0xf8, 0x40, 0x23, 0xe, 0x0, 0xf6, 0x80,
    0x4e, 0xc, 0x1, 0xc2, 0xc0, 0x14, 0x80, 0xd9,
    0x0, 0x13, 0x4, 0x2, 0x37, 0x4, 0xdf, 0xf5,
    0x93, 0x0, 0x68, 0xb4, 0x10, 0x15, 0xcb, 0x0,
    0x80,

    /* U+016C "Ŭ" */
    0x0, 0x8a, 0x8, 0x2, 0x28, 0x20, 0xf, 0x9f,
    0x8c, 0x4f, 0x9c, 0x3, 0xe2, 0xb1, 0xce, 0xc1,
    0xb2, 0x0, 0xf9, 0x37, 0x59, 0xba, 0x40, 0xf,
    0xf1, 0x19, 0x0, 0x7a, 0xbf, 0x0, 0x3f, 0xb3,
    0xe4, 0x3, 0xff, 0xfe, 0x1, 0xff, 0xe1, 0x30,
    0xf, 0xfe, 0x20, 0x80, 0x7f, 0x8, 0xf, 0x1,
    0x0, 0x7f, 0x10, 0x72, 0x0, 0x14, 0x3, 0xe5,
    0x0, 0x21, 0x98, 0x2c, 0x40, 0x38, 0x6c, 0xc,
    0x83, 0xc0, 0x7d, 0xcc, 0x8e, 0x3c, 0x43, 0xc0,
    0x7, 0x60, 0x31, 0x9b, 0x8e, 0x22, 0xb3, 0x0,
    0x93, 0xa0, 0xc4, 0x4, 0xe3, 0xd0, 0x0,

    /* U+016D "ŭ" */
    0x0, 0x66, 0x80, 0x6b, 0xe0, 0xe, 0xa2, 0x92,
    0x24, 0x23, 0x0, 0x73, 0x43, 0x6e, 0x9d, 0xd0,
    0x1, 0xe7, 0xfd, 0xcf, 0x80, 0xf, 0xe2, 0x30,
    0xf, 0x7f, 0x98, 0x3, 0xc9, 0xfe, 0x0, 0xff,
    0xff, 0x80, 0x61, 0x0, 0xfc, 0x20, 0x11, 0x87,
    0x0, 0x7b, 0x40, 0x27, 0x6, 0x0, 0xe1, 0x60,
    0xa, 0x40, 0x6c, 0x80, 0x9, 0x82, 0x1, 0x1b,
    0x82, 0x6f, 0xfa, 0xc9, 0x80, 0x34, 0x5a, 0x8,
    0xa, 0xe5, 0x80, 0x40,

    /* U+016E "Ů" */
    0x0, 0xe2, 0xbe, 0xa1, 0x0, 0xff, 0x79, 0xe1,
    0x68, 0x7, 0xf0, 0x94, 0x14, 0x18, 0x80, 0x7e,
    0x11, 0x20, 0x28, 0x88, 0x3, 0xfb, 0x67, 0xe3,
    0x40, 0x3f, 0xc7, 0xbf, 0xa6, 0x1, 0xff, 0xc8,
    0xaf, 0xc0, 0xf, 0xec, 0xf9, 0x0, 0xff, 0xff,
    0x80, 0x7f, 0xf8, 0x4c, 0x3, 0xff, 0x88, 0x20,
    0x1f, 0xc2, 0x3, 0xc0, 0x40, 0x1f, 0xc4, 0x1c,
    0x80, 0x5, 0x0, 0xf9, 0x40, 0x8, 0x66, 0xb,
    0x10, 0xe, 0x1b, 0x3, 0x20, 0xf0, 0x1f, 0x73,
    0x23, 0x8f, 0x10, 0xf0, 0x1, 0xd8, 0xc, 0x66,
    0xe3, 0x88, 0xac, 0xc0, 0x24, 0xe8, 0x31, 0x1,
    0x38, 0xf4, 0x0, 0x0,

    /* U+016F "ů" */
    0x0, 0xcd, 0xba, 0x70, 0xf, 0xc9, 0x13, 0xd4,
    0xc0, 0x1f, 0x63, 0x21, 0xde, 0x0, 0x7d, 0xa8,
    0x21, 0xba, 0x0, 0xf9, 0x55, 0xde, 0x2e, 0x1,
    0xfa, 0x7f, 0xd4, 0x1, 0xff, 0xc6, 0xff, 0x30,
    0x7, 0x93, 0xfc, 0x1, 0xff, 0xff, 0x0, 0xc2,
    0x1, 0xf8, 0x40, 0x23, 0xe, 0x0, 0xf6, 0x80,
    0x4e, 0xc, 0x1, 0xc2, 0xc0, 0x14, 0x80, 0xd9,
    0x0, 0x13, 0x4, 0x2, 0x37, 0x4, 0xdf, 0xf5,
    0x93, 0x0, 0x68, 0xb4, 0x10, 0x15, 0xcb, 0x0,
    0x80,

    /* U+0170 "Ű" */
    0x0, 0xf5, 0xfc, 0x84, 0xfe, 0x0, 0x7c, 0xc8,
    0x72, 0x8c, 0x5a, 0x1, 0xe2, 0x92, 0xd0, 0xa0,
    0xf1, 0x0, 0xf1, 0xee, 0x8, 0x67, 0x10, 0x7,
    0xc2, 0x42, 0x0, 0x21, 0x0, 0xd5, 0xf8, 0x1,
    0xfd, 0x9f, 0x20, 0x1f, 0xff, 0xf0, 0xf, 0xff,
    0x9, 0x80, 0x7f, 0xf1, 0x4, 0x3, 0xf8, 0x40,
    0x78, 0x8, 0x3, 0xf8, 0x83, 0x90, 0x0, 0xa0,
    0x1f, 0x28, 0x1, 0xc, 0xc1, 0x62, 0x1, 0xc3,
    0x60, 0x64, 0x1e, 0x3, 0xee, 0x64, 0x71, 0xe2,
    0x1e, 0x0, 0x3b, 0x1, 0x8c, 0xdc, 0x71, 0x15,
    0x98, 0x4, 0x9d, 0x6, 0x20, 0x27, 0x1e, 0x80,
    0x0,

    /* U+0171 "ű" */
    0x0, 0xc7, 0xfe, 0x31, 0xef, 0x50, 0xe, 0xe0,
    0xa3, 0xa1, 0x75, 0x0, 0xd2, 0x50, 0xaa, 0x45,
    0x80, 0xe, 0xbd, 0x70, 0x4d, 0xa0, 0xf, 0x11,
    0x0, 0x2, 0x40, 0x1b, 0xfc, 0xc0, 0x1e, 0x4f,
    0xf0, 0x7, 0xff, 0xfc, 0x3, 0x8, 0x7, 0xe1,
    0x0, 0x8c, 0x38, 0x3, 0xda, 0x1, 0x38, 0x30,
    0x7, 0xb, 0x0, 0x52, 0x3, 0x64, 0x0, 0x4c,
    0x10, 0x8, 0xdc, 0x13, 0x7f, 0xd6, 0x4c, 0x1,
    0xa2, 0xd0, 0x40, 0x57, 0x2c, 0x2,

    /* U+0172 "Ų" */
    0xaf, 0xc0, 0xf, 0xec, 0xf9, 0x0, 0xff, 0xff,
    0x80, 0x7f, 0xf8, 0x4c, 0x3, 0xff, 0x88, 0x20,
    0x1f, 0xc2, 0x3, 0xc0, 0x40, 0x1f, 0xc4, 0x1c,
    0x60, 0x5, 0x0, 0xf9, 0x0, 0x8, 0x81, 0x8,
    0x10, 0xe, 0x19, 0x3, 0x20, 0xb0, 0x2c, 0x62,
    0x12, 0x6f, 0x20, 0xf0, 0x2, 0xc0, 0x14, 0xef,
    0x6c, 0x88, 0x51, 0x80, 0x4f, 0x8a, 0x20, 0x19,
    0xb9, 0x40, 0x38, 0xeb, 0x90, 0x23, 0xe4, 0x40,
    0x3f, 0x42, 0x5b, 0x80, 0x7f, 0xc8, 0x48, 0x1,
    0xff, 0xc0, 0x72, 0x41, 0x40, 0xf, 0xf4, 0x8d,
    0xf5, 0x0, 0x7f, 0x8b, 0xb3, 0x1c, 0x1, 0xc0,

    /* U+0173 "ų" */
    0xff, 0x30, 0x7, 0x93, 0xfc, 0x1, 0xff, 0xff,
    0x0, 0xc2, 0x1, 0xf8, 0x40, 0x23, 0xe, 0x0,
    0xf6, 0x80, 0x4e, 0xc, 0x1, 0xc2, 0xc0, 0x14,
    0x80, 0xd9, 0x0, 0x13, 0x4, 0x2, 0x37, 0x4,
    0xdf, 0xf5, 0x93, 0x0, 0x68, 0xb4, 0x10, 0x15,
    0xca, 0x0, 0xe4, 0xbe, 0xfe, 0xa7, 0xd3, 0xb0,
    0xf, 0xc3, 0x6b, 0x88, 0x1, 0xf9, 0xc3, 0xc0,
    0x3f, 0xc6, 0x1a, 0x26, 0x20, 0x1f, 0x2a, 0x37,
    0x62, 0x0, 0x7e, 0xbd, 0xce, 0x50,

    /* U+0174 "Ŵ" */
    0x0, 0xff, 0xe0, 0x34, 0x38, 0x7, 0xff, 0x2e,
    0x64, 0xd1, 0x40, 0x1f, 0xfc, 0x9a, 0x67, 0xe8,
    0x5b, 0x0, 0xff, 0xe3, 0xa1, 0x54, 0x3, 0xd9,
    0xa0, 0x7, 0xff, 0x19, 0x21, 0x40, 0x24, 0x84,
    0x0, 0xfe, 0x1f, 0xf3, 0x0, 0x7e, 0xaf, 0xe0,
    0xf, 0xc7, 0xfe, 0x11, 0x20, 0x68, 0x7, 0xe5,
    0x1, 0x30, 0xf, 0xac, 0xc, 0x43, 0x41, 0x4,
    0x3, 0xca, 0x1, 0x58, 0x7, 0xca, 0x14, 0x0,
    0x70, 0x3, 0x80, 0x7b, 0x80, 0x41, 0x80, 0x3c,
    0x64, 0xe, 0x0, 0x14, 0xd, 0x0, 0xe1, 0x40,
    0xa0, 0x13, 0x0, 0xeb, 0x3, 0x10, 0xb, 0x41,
    0x4, 0x3, 0x38, 0x12, 0x18, 0x58, 0x7, 0x28,
    0x50, 0x6, 0x70, 0x2, 0x0, 0x6d, 0xa, 0xa,
    0x6, 0x0, 0xc6, 0x40, 0xe0, 0x18, 0x4c, 0x38,
    0x2, 0x14, 0x5, 0x7, 0x1, 0x30, 0xa, 0xc0,
    0xc4, 0x3, 0xa8, 0x10, 0x2, 0x70, 0x22, 0x0,
    0x98, 0x58, 0x4, 0xa1, 0x60, 0x1e, 0x70, 0x2,
    0x80, 0x34, 0x28, 0x2, 0xa0, 0x60, 0x1, 0x90,
    0x30, 0x7, 0x84, 0xc3, 0x80, 0x50, 0x14, 0x2,
    0x70, 0x13, 0xb, 0x3, 0x10, 0xf, 0xa8, 0x10,
    0x1c, 0xc, 0x80, 0x21, 0x40, 0xb0, 0x50, 0xb0,
    0xf, 0xce, 0x0, 0x5a, 0xb, 0x0, 0xed, 0x6,
    0x32, 0x5, 0x0, 0xfc, 0x26, 0x12, 0x60, 0xa0,
    0x1c, 0xe0, 0x30, 0x6, 0x40, 0x1f, 0xd6, 0x6,
    0x6, 0x40, 0x1c, 0x28, 0x8, 0x16, 0x1, 0xfe,
    0x60, 0xa, 0xc0, 0x3e, 0xd0, 0x9, 0x40, 0x3f,
    0xc2, 0x60, 0x6, 0x0, 0xf9, 0xc0, 0x6, 0x40,
    0x1c,

    /* U+0175 "ŵ" */
    0x0, 0xfc, 0x39, 0xfe, 0x50, 0xf, 0xfe, 0x20,
    0xe9, 0xb9, 0x52, 0x80, 0x7f, 0xf0, 0x87, 0x4e,
    0xa3, 0xe, 0x94, 0x3, 0xff, 0x85, 0xdc, 0x50,
    0x1c, 0xd7, 0x0, 0xff, 0xe0, 0x89, 0x8, 0x6,
    0x22, 0x0, 0x7d, 0x5f, 0x0, 0x1e, 0x5f, 0xf0,
    0x7, 0xd9, 0xe9, 0xe0, 0xa0, 0x1e, 0xe0, 0x2,
    0x80, 0x71, 0x18, 0xa2, 0x89, 0x18, 0x6, 0x14,
    0x0, 0x70, 0x7, 0x50, 0x30, 0x1, 0xc2, 0x80,
    0x33, 0x2, 0x2, 0x8, 0x6, 0x60, 0xa0, 0x5,
    0x3, 0x80, 0x6b, 0xf, 0x40, 0x60, 0x9, 0x4,
    0xc8, 0x0, 0x64, 0x28, 0x0, 0x23, 0x14, 0xe0,
    0xb0, 0xb, 0x82, 0x80, 0x35, 0x7, 0x0, 0x28,
    0x18, 0x14, 0x4c, 0x80, 0xa, 0xe, 0x1, 0x94,
    0x14, 0x0, 0xc1, 0x40, 0x7, 0xa, 0x5, 0x4,
    0x10, 0xc, 0x46, 0xa, 0x82, 0x64, 0x0, 0xa0,
    0x60, 0xe0, 0xe0, 0xf, 0x50, 0x77, 0x2, 0x80,
    0x23, 0x21, 0x54, 0x15, 0x0, 0xf3, 0x82, 0x28,
    0x30, 0x6, 0xa0, 0xa0, 0x70, 0xf, 0x85, 0x40,
    0xa, 0x1, 0xcc, 0x1, 0x50, 0x7, 0xee, 0x0,
    0x70, 0x7, 0xa, 0x1, 0x18, 0x6,

    /* U+0176 "Ŷ" */
    0x0, 0xf9, 0x62, 0x2, 0x1, 0xff, 0xc0, 0x6a,
    0x67, 0xc1, 0x0, 0xff, 0x34, 0x9f, 0xd1, 0x60,
    0x80, 0x7e, 0x2f, 0x7c, 0x15, 0xc4, 0x60, 0xf,
    0xc5, 0x30, 0x1, 0x1c, 0xb8, 0x7, 0x67, 0xe0,
    0x7, 0xf0, 0xff, 0x94, 0x3c, 0xd, 0x40, 0x3f,
    0x58, 0x22, 0x81, 0xb0, 0x58, 0x7, 0xc8, 0xa1,
    0x20, 0x14, 0x8, 0xa4, 0x3, 0xd2, 0xe, 0x40,
    0x10, 0xc0, 0x31, 0x0, 0x67, 0x21, 0x80, 0xe,
    0x63, 0xe, 0x0, 0x86, 0x2, 0xc0, 0x3e, 0xf0,
    0x35, 0x0, 0x58, 0x22, 0x80, 0x7c, 0x6c, 0x16,
    0x8, 0xa1, 0x20, 0x1f, 0xd0, 0x22, 0x99, 0x3,
    0x90, 0x7, 0xf0, 0xc0, 0x31, 0xc, 0x0, 0x7f,
    0xcc, 0x60, 0xb, 0x0, 0xff, 0xe0, 0xd0, 0x1,
    0x40, 0x3f, 0xff, 0xe0, 0x1f, 0xfc, 0x40,

    /* U+0177 "ŷ" */
    0x0, 0xe4, 0xff, 0x68, 0x80, 0x7f, 0x25, 0x8b,
    0x97, 0x90, 0x7, 0xc9, 0x65, 0xf1, 0x81, 0x84,
    0x1, 0xe5, 0xdd, 0x8, 0x1f, 0xe1, 0x80, 0x78,
    0x48, 0x3, 0x9, 0x8, 0x6, 0xdf, 0x90, 0xf,
    0x87, 0xfc, 0x61, 0x60, 0xc0, 0x1f, 0x30, 0x19,
    0x81, 0x84, 0x18, 0x3, 0xd4, 0x12, 0x1, 0x30,
    0x58, 0x7, 0x21, 0xa, 0x80, 0x54, 0x4, 0x80,
    0x1b, 0xc1, 0x80, 0x31, 0x20, 0x78, 0x4, 0x48,
    0x12, 0x1, 0xde, 0x8, 0x20, 0xa, 0x5, 0x10,
    0xe, 0x42, 0x9, 0x0, 0x30, 0x48, 0x7, 0xd6,
    0xc, 0xc, 0x26, 0x60, 0xf, 0x98, 0x44, 0xd4,
    0x12, 0x1, 0xfc, 0xc1, 0x6, 0x2a, 0x1, 0xfd,
    0x20, 0x21, 0x20, 0x1f, 0xe1, 0x50, 0x3, 0x0,
    0x7f, 0xf0, 0x54, 0x40, 0x3f, 0xc4, 0xa1, 0x20,
    0x1f, 0x52, 0x1, 0x70, 0x21, 0x80, 0x79, 0x55,
    0x7f, 0xa6, 0x34, 0x1, 0xf2, 0xb9, 0x0, 0xb7,
    0x88, 0x7, 0xc0,

    /* U+0178 "Ÿ" */
    0x0, 0xe1, 0x71, 0x0, 0x2a, 0x80, 0x3f, 0xd1,
    0xa, 0x2, 0xaa, 0x10, 0x7, 0xf7, 0x86, 0x1,
    0x16, 0x0, 0xfe, 0x6f, 0x70, 0x6, 0xe8, 0x3,
    0xff, 0x97, 0x9f, 0x80, 0x1f, 0xc3, 0xfe, 0x50,
    0xf0, 0x35, 0x0, 0xfd, 0x60, 0x8a, 0x6, 0xc1,
    0x60, 0x1f, 0x22, 0x84, 0x80, 0x50, 0x22, 0x90,
    0xf, 0x48, 0x39, 0x0, 0x43, 0x0, 0xc4, 0x1,
    0x9c, 0x86, 0x0, 0x39, 0x8c, 0x38, 0x2, 0x18,
    0xb, 0x0, 0xfb, 0xc0, 0xd4, 0x1, 0x60, 0x8a,
    0x1, 0xf1, 0xb0, 0x58, 0x22, 0x84, 0x80, 0x7f,
    0x40, 0x8a, 0x64, 0xe, 0x40, 0x1f, 0xc3, 0x0,
    0xc4, 0x30, 0x1, 0xff, 0x31, 0x80, 0x2c, 0x3,
    0xff, 0x83, 0x40, 0x5, 0x0, 0xff, 0xff, 0x80,
    0x7f, 0xf1, 0x0,

    /* U+0179 "Ź" */
    0x0, 0xfc, 0xb0, 0xe2, 0x1, 0xfe, 0x8a, 0x64,
    0x10, 0xf, 0xea, 0x74, 0xf3, 0x0, 0xfe, 0x32,
    0x9b, 0x10, 0xf, 0xf1, 0xc3, 0x0, 0x7d, 0x9f,
    0xff, 0xfc, 0xc, 0x0, 0xff, 0xe1, 0x38, 0x6f,
    0x77, 0xf1, 0x80, 0x24, 0x4, 0x7f, 0xa4, 0xc2,
    0xc8, 0x3, 0xf9, 0x5c, 0x1d, 0x0, 0x3f, 0x8a,
    0x81, 0x20, 0x3, 0xfd, 0xe0, 0x56, 0x1, 0xfe,
    0xb2, 0xf, 0x0, 0xff, 0x42, 0x5, 0x10, 0x7,
    0xf2, 0x38, 0x3a, 0x80, 0x7f, 0x15, 0x82, 0x40,
    0x7, 0xfb, 0xc0, 0xa8, 0x3, 0xfd, 0x64, 0x1c,
    0x20, 0x1f, 0xd0, 0x81, 0x46, 0x1, 0xfc, 0x8e,
    0xa, 0x82, 0x3f, 0xc1, 0x40, 0x5, 0xee, 0xff,
    0x8, 0x80, 0x3f, 0xf8, 0x40,

    /* U+017A "ź" */
    0x0, 0xfa, 0xff, 0x48, 0x3, 0xec, 0x44, 0x69,
    0x0, 0x70, 0xe1, 0xc5, 0x80, 0x7c, 0x3d, 0xc7,
    0x0, 0xfe, 0x21, 0x0, 0xf7, 0x7f, 0xff, 0x30,
    0x18, 0x8f, 0x80, 0x23, 0xd, 0xee, 0xef, 0x10,
    0x55, 0x0, 0x7d, 0xa2, 0x54, 0x1, 0xf4, 0x18,
    0x78, 0x7, 0xca, 0xe1, 0x64, 0x1, 0xe2, 0xa0,
    0x74, 0x0, 0xfb, 0xc1, 0x20, 0x3, 0xeb, 0x22,
    0x50, 0x7, 0xce, 0x81, 0xe2, 0x1, 0xe4, 0x80,
    0xa2, 0x0, 0xfa, 0x80, 0x17, 0xdd, 0xe8, 0x1,
    0x0, 0x8, 0xfe,

    /* U+017B "Ż" */
    0x0, 0xf5, 0x58, 0x80, 0x7f, 0xca, 0xa4, 0x70,
    0xf, 0xf9, 0x8, 0x50, 0x3, 0xfe, 0x1d, 0xe2,
    0x0, 0xff, 0xe4, 0xe7, 0xff, 0xff, 0x3, 0x0,
    0x3f, 0xf8, 0x4e, 0x1b, 0xdd, 0xfc, 0x60, 0x9,
    0x1, 0x1f, 0xe9, 0x30, 0xb2, 0x0, 0xfe, 0x57,
    0x7, 0x40, 0xf, 0xe2, 0xa0, 0x48, 0x0, 0xff,
    0x78, 0x15, 0x80, 0x7f, 0xac, 0x83, 0xc0, 0x3f,
    0xd0, 0x81, 0x44, 0x1, 0xfc, 0x8e, 0xe, 0xa0,
    0x1f, 0xc5, 0x60, 0x90, 0x1, 0xfe, 0xf0, 0x2a,
    0x0, 0xff, 0x59, 0x7, 0x8, 0x7, 0xf4, 0x20,
    0x51, 0x80, 0x7f, 0x23, 0x82, 0xa0, 0x8f, 0xf0,
    0x50, 0x1, 0x7b, 0xbf, 0xc2, 0x20, 0xf, 0xfe,
    0x10,

    /* U+017C "ż" */
    0x0, 0xea, 0xe4, 0x0, 0xfc, 0x2a, 0x3c, 0x1,
    0xf8, 0x5c, 0xe4, 0x3, 0xfa, 0x30, 0xc0, 0x3f,
    0xf8, 0xbd, 0xff, 0xfc, 0xc0, 0x62, 0x3e, 0x0,
    0x8c, 0x37, 0xbb, 0xbc, 0x41, 0x54, 0x1, 0xf6,
    0x89, 0x50, 0x7, 0xd0, 0x61, 0xe0, 0x1f, 0x2b,
    0x85, 0x90, 0x7, 0x8a, 0x81, 0xd0, 0x3, 0xef,
    0x4, 0x80, 0xf, 0xac, 0x89, 0x40, 0x1f, 0x3a,
    0x7, 0x88, 0x7, 0x92, 0x2, 0x88, 0x3, 0xea,
    0x0, 0x5f, 0x77, 0xa0, 0x4, 0x0, 0x23, 0xf8,

    /* U+017D "Ž" */
    0x0, 0x9d, 0xc2, 0x1, 0x3b, 0x80, 0x3e, 0x48,
    0xf3, 0x2d, 0x82, 0x0, 0xf8, 0xf0, 0x33, 0x4a,
    0xd4, 0x3, 0xf1, 0xe3, 0xbb, 0x10, 0x3, 0xfc,
    0x51, 0x3, 0x0, 0xf6, 0x7f, 0xff, 0xf0, 0x30,
    0x3, 0xff, 0x84, 0xe1, 0xbd, 0xdf, 0xc6, 0x0,
    0x90, 0x11, 0xfe, 0x93, 0xb, 0x20, 0xf, 0xe5,
    0x70, 0x74, 0x0, 0xfe, 0x2a, 0x4, 0x80, 0xf,
    0xf7, 0x81, 0x58, 0x7, 0xfa, 0xc8, 0x3c, 0x3,
    0xfd, 0x8, 0x14, 0x40, 0x1f, 0xc8, 0xe0, 0xea,
    0x1, 0xfc, 0x56, 0x9, 0x0, 0x1f, 0xef, 0x2,
    0xa0, 0xf, 0xf5, 0x90, 0x70, 0x80, 0x7f, 0x42,
    0x5, 0x18, 0x7, 0xf2, 0x38, 0x2a, 0x8, 0xff,
    0x5, 0x0, 0x17, 0xbb, 0xfc, 0x22, 0x0, 0xff,
    0xe1, 0x0,

    /* U+017E "ž" */
    0x0, 0x47, 0xd0, 0x0, 0xfb, 0x84, 0x1, 0x44,
    0x17, 0x1b, 0x3, 0x8, 0x3, 0x3c, 0x1c, 0x8e,
    0x10, 0x7, 0x9f, 0xb7, 0xc8, 0x3, 0xf0, 0x90,
    0x80, 0x77, 0x7f, 0xff, 0x30, 0x18, 0x8f, 0x80,
    0x23, 0xd, 0xee, 0xef, 0x10, 0x55, 0x0, 0x7d,
    0xa2, 0x54, 0x1, 0xf4, 0x18, 0x78, 0x7, 0xca,
    0xe1, 0x64, 0x1, 0xe2, 0xa0, 0x74, 0x0, 0xfb,
    0xc1, 0x20, 0x3, 0xeb, 0x22, 0x50, 0x7, 0xce,
    0x81, 0xe2, 0x1, 0xe4, 0x80, 0xa2, 0x0, 0xfa,
    0x80, 0x17, 0xdd, 0xe8, 0x1, 0x0, 0x8, 0xfe,

    /* U+017F "ſ" */
    0x0, 0xcd, 0x9f, 0xd6, 0x60, 0x13, 0xc9, 0x80,
    0xa0, 0x6, 0x80, 0x5f, 0xf5, 0x98, 0x0, 0xc0,
    0x10, 0x0, 0x40, 0xf, 0x18, 0x6, 0x6f, 0xc0,
    0xf, 0x8c, 0x40, 0x3f, 0x2f, 0x60, 0x7, 0xff,
    0xfc, 0x3, 0xff, 0xa8,

    /* U+0370 "Ͱ" */
    0xaf, 0x70, 0xf, 0xff, 0x5c, 0xee, 0xe7, 0x0,
    0x9, 0x16, 0xf0, 0x4, 0x7f, 0xe8, 0x0, 0xff,
    0xf6, 0x0,

    /* U+0371 "ͱ" */
    0xff, 0x10, 0x7, 0xff, 0x5b, 0xb3, 0x25, 0x0,
    0x19, 0xe2, 0x0, 0x6f, 0xfc, 0xe0, 0x1f, 0xfd,
    0x70,

    /* U+0372 "Ͳ" */
    0x9f, 0xff, 0xfe, 0x2, 0x0, 0x4, 0x88, 0x20,
    0x2, 0x28, 0x40, 0x36, 0xee, 0x0, 0x6e, 0xd2,
    0x1, 0xff, 0xee, 0x8c, 0x30, 0xf, 0xcd, 0x88,
    0x26, 0x1, 0xfc, 0x26, 0x1, 0xff, 0xff, 0x0,
    0xff, 0xed, 0x0,

    /* U+0373 "ͳ" */
    0xff, 0xff, 0xa8, 0x0, 0x88, 0x30, 0x2, 0x20,
    0xc0, 0x22, 0xbb, 0x78, 0xd, 0xdb, 0x80, 0x3f,
    0xf9, 0xcf, 0x40, 0x1f, 0x1b, 0x64, 0x38, 0x7,
    0xc3, 0x2c, 0x1, 0xff, 0xff, 0x0, 0xff, 0xf6,
    0x80,

    /* U+0374 "ʹ" */
    0x0, 0x7f, 0x9c, 0x14, 0x5, 0xc3, 0x2, 0x0,
    0x8, 0x2c, 0x0, 0x5a, 0x0, 0x0,

    /* U+0375 "͵" */
    0x0, 0x24, 0x0, 0x52, 0xa0, 0x6, 0x24, 0x0,
    0x40, 0x60, 0x38, 0x82, 0x0,

    /* U+0376 "Ͷ" */
    0xaf, 0x60, 0xf, 0xd3, 0xfe, 0x20, 0xf, 0xf2,
    0x30, 0x7, 0xff, 0x6, 0x80, 0x3f, 0xf8, 0x32,
    0x26, 0x80, 0x1f, 0xe4, 0x60, 0xe7, 0x0, 0xff,
    0x50, 0x49, 0x8, 0x7, 0xf5, 0x9, 0xb0, 0x7,
    0xf9, 0x14, 0x38, 0x0, 0x60, 0x1f, 0xd, 0x4,
    0x90, 0x7, 0xc6, 0x0, 0xb1, 0x36, 0x0, 0xff,
    0x22, 0x87, 0x0, 0x7f, 0x86, 0x82, 0x48, 0x3,
    0xf8, 0x6c, 0x4d, 0x80, 0x3f, 0xd8, 0xa1, 0xc0,
    0x1f, 0xf3, 0x84, 0x90, 0x7, 0xff, 0x1, 0x18,
    0x3, 0xff, 0x83, 0x20, 0x1f, 0xf0,

    /* U+0377 "ͷ" */
    0xff, 0x0, 0x7a, 0x3f, 0xcc, 0x1, 0xf1, 0xb8,
    0x7, 0xfb, 0x80, 0x40, 0x3f, 0x39, 0x1b, 0x80,
    0x7c, 0x50, 0x1c, 0x1, 0xfb, 0x82, 0x8, 0x3,
    0xe6, 0x32, 0x70, 0xf, 0x86, 0x43, 0x80, 0x3f,
    0x50, 0x39, 0x80, 0x7c, 0xa8, 0x50, 0x1, 0xfa,
    0xc2, 0x40, 0x3f, 0x85, 0x90, 0x3, 0xf8, 0x60,
    0x3, 0xf0,

    /* U+037A "ͺ" */
    0xa, 0x90, 0x9, 0x50, 0x3, 0x11, 0x88, 0x28,
    0x62, 0x5, 0x65, 0xa8,

    /* U+037B "ͻ" */
    0x9, 0xce, 0xfe, 0xb4, 0x0, 0xce, 0x60, 0x42,
    0x97, 0x0, 0x16, 0xf7, 0x37, 0xe4, 0x1d, 0x40,
    0x6, 0x20, 0x13, 0x38, 0x48, 0x7, 0xeb, 0x3,
    0x0, 0xfc, 0x60, 0x2, 0x0, 0xff, 0xe3, 0x8,
    0x0, 0xc0, 0x3e, 0x50, 0x11, 0x0, 0x7d, 0xc0,
    0xe0, 0x5, 0x0, 0xd0, 0xa1, 0x60, 0x35, 0xfd,
    0xbe, 0xe1, 0x64, 0x2, 0xe4, 0x24, 0x46, 0xd4,
    0x0, 0x0,

    /* U+037C "ͼ" */
    0x0, 0x9a, 0xfb, 0xf6, 0xd4, 0x1, 0x92, 0x80,
    0x24, 0x86, 0x14, 0x65, 0x9d, 0xcf, 0xb7, 0x25,
    0xf, 0x30, 0x9, 0x5, 0x40, 0xc8, 0x3, 0xdc,
    0xa, 0x0, 0xae, 0x30, 0x1, 0x80, 0x80, 0x10,
    0x50, 0x0, 0x60, 0x1a, 0xd9, 0x80, 0xe, 0x3,
    0x0, 0x2c, 0x88, 0x1, 0x1, 0x8, 0x3, 0xc6,
    0x81, 0xe4, 0x1, 0x11, 0x85, 0x11, 0x37, 0xb7,
    0xb6, 0xc0, 0x76, 0xc, 0x8, 0x16, 0xc0,

    /* U+037D "ͽ" */
    0x9, 0xce, 0xfe, 0xb4, 0x0, 0xce, 0x60, 0x42,
    0x97, 0x0, 0x16, 0xf7, 0x37, 0xe4, 0x1d, 0x40,
    0x6, 0x20, 0x13, 0x38, 0x48, 0x7, 0xeb, 0x3,
    0x0, 0xd5, 0xc6, 0x6, 0x0, 0x20, 0x9, 0x5,
    0x0, 0x3f, 0x5b, 0x30, 0x4, 0x0, 0x60, 0x12,
    0xc8, 0x82, 0x80, 0x88, 0x3, 0xee, 0x7, 0x0,
    0x20, 0x6, 0x85, 0xb, 0x1, 0xbf, 0xed, 0xf7,
    0xb, 0x20, 0x17, 0x21, 0x22, 0x36, 0xa0, 0x0,

    /* U+037E ";" */
    0x1, 0xde, 0x40, 0x52, 0x1d, 0x5, 0x0, 0x78,
    0xf, 0x6b, 0x0, 0x4, 0x80, 0x3f, 0xf9, 0xe3,
    0xba, 0x40, 0x52, 0x22, 0x81, 0x82, 0x8, 0x68,
    0x70, 0x1, 0x5, 0x40, 0x85, 0x80, 0x0,

    /* U+037F "Ϳ" */
    0x0, 0xd9, 0xec, 0x1, 0xff, 0xff, 0x0, 0xff,
    0xee, 0x88, 0x18, 0x6, 0x20, 0x62, 0x2, 0xa0,
    0x13, 0xcf, 0xd5, 0xa, 0x7, 0x22, 0x2e, 0x20,
    0x0,

    /* U+0384 "΄" */
    0x0, 0xf0, 0xff, 0x9c, 0x10, 0x9, 0xc3, 0xc2,
    0x40, 0xa, 0xa4, 0x0,

    /* U+0385 "΅" */
    0x0, 0xff, 0xe0, 0xf7, 0xc8, 0x0, 0xfa, 0x48,
    0x42, 0xba, 0x98, 0x49, 0x1, 0xc0, 0x5d, 0x6e,
    0xb0, 0x60, 0xef, 0xc0,

    /* U+0386 "Ά" */
    0xc, 0xfc, 0x0, 0xdb, 0xee, 0x1, 0xe1, 0x30,
    0xf0, 0x8, 0xc8, 0x24, 0x3, 0xc8, 0xc, 0x60,
    0x14, 0x81, 0x8a, 0x0, 0x77, 0x8c, 0x0, 0x65,
    0x19, 0xe, 0x0, 0xeb, 0xf1, 0x0, 0x98, 0x11,
    0x41, 0x44, 0x3, 0x8, 0x80, 0x35, 0x7, 0x2,
    0x83, 0x0, 0x7f, 0x19, 0x85, 0x3, 0x82, 0x80,
    0x3f, 0xa8, 0x18, 0x0, 0x82, 0x46, 0x1, 0xf9,
    0x82, 0x80, 0x26, 0x9, 0x0, 0xf9, 0x80, 0xc8,
    0x2, 0xa0, 0x50, 0xf, 0xa8, 0xf, 0xff, 0x68,
    0x1, 0x80, 0x38, 0x8c, 0x4, 0x7e, 0xa, 0x0,
    0xeb, 0x5, 0xee, 0xf7, 0x81, 0x98, 0x3, 0x38,
    0x48, 0x7, 0x85, 0x42, 0x80, 0x25, 0x12, 0x30,
    0xf, 0xb8, 0x18, 0x2, 0x90, 0xa0, 0xf, 0xc8,
    0x40, 0xc0, 0x46, 0xc, 0x1, 0xfd, 0x41, 0x40,

    /* U+0387 "·" */
    0xc, 0xe5, 0x33, 0xf, 0x90, 0x86, 0x8f, 0xeb,
    0x80,

    /* U+0388 "Έ" */
    0xc, 0xfc, 0x0, 0x5f, 0xff, 0xed, 0x13, 0xf,
    0x0, 0xc2, 0x3f, 0x9c, 0x18, 0xc0, 0x34, 0x77,
    0x7b, 0x30, 0x30, 0x1, 0xff, 0xc1, 0xae, 0x10,
    0xf, 0xff, 0x4c, 0x6e, 0xf9, 0x40, 0x3f, 0x9,
    0x17, 0x8c, 0x3, 0xf4, 0xff, 0xf9, 0x80, 0x3f,
    0xff, 0xe0, 0x1f, 0xfc, 0x18, 0xee, 0xf5, 0x80,
    0x7e, 0x11, 0xf9, 0x80,

    /* U+0389 "Ή" */
    0xc, 0xfc, 0x0, 0x5f, 0xb0, 0x7, 0xec, 0xf6,
    0x13, 0xf, 0x0, 0xff, 0xe2, 0x38, 0x31, 0x80,
    0x7f, 0xf1, 0x30, 0x60, 0x3, 0xff, 0x8b, 0x5c,
    0x20, 0x1f, 0xff, 0x58, 0xee, 0xfc, 0x60, 0x1f,
    0xe1, 0x1f, 0xe0, 0xf, 0xfa, 0x7f, 0xff, 0x18,
    0x7, 0xff, 0xfc, 0x3, 0xff, 0xee,

    /* U+038A "Ί" */
    0xc, 0xfc, 0xa, 0xff, 0xe9, 0x13, 0xf, 0x9,
    0x72, 0x2, 0x8b, 0x70, 0x63, 0x3, 0x84, 0x5,
    0x72, 0xc1, 0x80, 0xf, 0xea, 0xe1, 0x0, 0xff,
    0xff, 0x80, 0x7f, 0xfb, 0xcd, 0xd0, 0x15, 0xc8,
    0x3, 0xa6, 0x8, 0xa, 0x2c,

    /* U+038C "Ό" */
    0xc, 0xfc, 0x0, 0xcb, 0x5b, 0xfe, 0xeb, 0x60,
    0xe, 0x13, 0xf, 0x0, 0xe, 0x52, 0x90, 0x8c,
    0x93, 0xa4, 0x1, 0x20, 0x31, 0x80, 0x30, 0xc6,
    0x7b, 0xaf, 0xb3, 0x2d, 0x20, 0x7, 0x8c, 0x0,
    0x24, 0x87, 0x18, 0x40, 0x24, 0xc4, 0xe, 0x0,
    0x57, 0x8, 0xb, 0x5, 0x90, 0x7, 0xd2, 0x6,
    0x80, 0x1c, 0xe0, 0x2a, 0x1, 0xf8, 0x90, 0x34,
    0x3, 0xbc, 0x10, 0x3, 0xfd, 0x80, 0x80, 0x1c,
    0x40, 0x40, 0x1f, 0xe2, 0x3, 0x0, 0xe7, 0xf,
    0x0, 0xff, 0x8, 0x8, 0x7, 0x38, 0x78, 0x7,
    0xf8, 0x40, 0x40, 0x38, 0x80, 0x80, 0x3f, 0xc4,
    0x6, 0x1, 0xde, 0x8, 0x1, 0xfe, 0xc0, 0x40,
    0xe, 0x70, 0x15, 0x0, 0xfc, 0x48, 0x1a, 0x1,
    0xc2, 0xc1, 0x62, 0x1, 0xf4, 0x81, 0xa0, 0x7,
    0xa4, 0x87, 0xd8, 0x3, 0x26, 0x20, 0xf0, 0x7,
    0xec, 0x31, 0x9f, 0xee, 0x7d, 0x99, 0x61, 0x0,
    0x7e, 0x1c, 0xa5, 0x11, 0xc9, 0x3a, 0x40, 0x10,

    /* U+038E "Ύ" */
    0xc, 0xfc, 0x9, 0xfb, 0x0, 0xfd, 0xbe, 0xe2,
    0x61, 0xe1, 0x0, 0x88, 0x0, 0xf3, 0x11, 0x1d,
    0xc0, 0xc6, 0x2, 0xe1, 0x0, 0x1e, 0x80, 0x80,
    0xc1, 0x80, 0xa, 0x4, 0xd4, 0x3, 0x38, 0x9a,
    0x85, 0x70, 0x80, 0x68, 0x8, 0x0, 0x86, 0x2,
    0x0, 0x3f, 0x98, 0x88, 0xc0, 0x9, 0x4, 0x40,
    0x7, 0xfa, 0x2, 0x0, 0x5c, 0x24, 0x3, 0xfe,
    0x53, 0x17, 0x80, 0x62, 0x0, 0xff, 0xe0, 0x78,
    0x43, 0x4, 0x0, 0x7f, 0xf0, 0x4d, 0x0, 0xe,
    0x20, 0x1f, 0xfc, 0x28, 0x0, 0x40, 0x7, 0xff,
    0xc, 0x40, 0x3f, 0xff, 0xe0, 0x1f, 0xfd, 0x0,

    /* U+038F "Ώ" */
    0xc, 0xfc, 0x0, 0x85, 0xf3, 0xbf, 0xd9, 0x4,
    0x1, 0x84, 0xc3, 0xc0, 0xb, 0xd0, 0x62, 0x20,
    0x37, 0xd7, 0x0, 0x90, 0x18, 0xc1, 0xa8, 0x17,
    0x3f, 0xbf, 0x58, 0x22, 0x0, 0xf, 0x18, 0x2,
    0x90, 0x7a, 0x30, 0x8, 0xa6, 0x81, 0xd0, 0x2b,
    0x84, 0x2c, 0xe, 0x0, 0x3e, 0x55, 0x7, 0x80,
    0x73, 0x85, 0x0, 0x7f, 0x48, 0x20, 0x80, 0x44,
    0x20, 0x80, 0x1f, 0xc6, 0x0, 0x50, 0x8, 0x40,
    0x4, 0x1, 0xfe, 0x20, 0x20, 0xf, 0xfe, 0x58,
    0x80, 0x4, 0x3, 0xfc, 0x60, 0x40, 0x11, 0x8,
    0x28, 0x7, 0xf0, 0x88, 0x14, 0x3, 0x30, 0x70,
    0x7, 0xf3, 0x2, 0x8, 0x6, 0x91, 0x53, 0x0,
    0xf8, 0x64, 0x20, 0x3, 0x86, 0xc3, 0x84, 0x3,
    0xd4, 0x2e, 0x60, 0x1e, 0x5a, 0x2c, 0x20, 0x8,
    0x6d, 0x1e, 0x0, 0x39, 0x7b, 0x96, 0x5, 0xa0,
    0x16, 0xa0, 0x37, 0x72, 0x0, 0x23, 0x11, 0x80,
    0x3c, 0x20, 0x1, 0x1c,

    /* U+0390 "ΐ" */
    0x0, 0xd3, 0xfc, 0x1, 0xb7, 0x40, 0x81, 0x17,
    0xc2, 0x4, 0x5c, 0xcc, 0x12, 0xc, 0xc3, 0x84,
    0x7, 0xd9, 0x81, 0x99, 0x7d, 0x40, 0x90, 0x3,
    0x7f, 0x84, 0x3, 0xff, 0xfe, 0x1, 0xff, 0xca,
    0x20, 0x70, 0xf, 0xa8, 0x27, 0x30, 0xc0, 0x19,
    0xdc, 0x26, 0x46, 0x0,

    /* U+0391 "Α" */
    0x0, 0xf3, 0xfe, 0x80, 0x7f, 0xf0, 0x64, 0x8,
    0xc0, 0x3f, 0xe4, 0x12, 0xa, 0x0, 0xff, 0xb8,
    0x20, 0x18, 0x3, 0xfc, 0x2a, 0xa, 0xa0, 0x60,
    0xf, 0xe6, 0x5, 0xe, 0xa, 0x0, 0xfe, 0xa0,
    0xe0, 0x41, 0x33, 0x0, 0x7c, 0x84, 0x44, 0x0,
    0x30, 0x50, 0x7, 0xdc, 0xa, 0x1, 0x50, 0x38,
    0x7, 0x85, 0x42, 0x80, 0x22, 0x31, 0x50, 0xe,
    0x60, 0x6, 0xff, 0xe3, 0x9, 0x0, 0xea, 0x1,
    0x1f, 0x80, 0xc8, 0x2, 0x32, 0xe, 0xef, 0x90,
    0x28, 0x2, 0xa0, 0x60, 0xf, 0xb8, 0x18, 0x2,
    0x60, 0xb0, 0xf, 0x94, 0x44, 0xa0, 0xc0, 0x64,
    0x1, 0xf9, 0x83, 0x82, 0x82, 0x80, 0x3f, 0xa8,
    0x10, 0x40,

    /* U+0392 "Β" */
    0xaf, 0xff, 0x6d, 0x20, 0x7, 0x9, 0x14, 0x24,
    0xb7, 0x60, 0xd, 0x3b, 0xb7, 0x71, 0xc1, 0x18,
    0x3, 0xf0, 0xc2, 0x6, 0x0, 0x7f, 0x8c, 0x3,
    0xff, 0x80, 0x61, 0xa0, 0x1f, 0xcc, 0x82, 0xc0,
    0x14, 0xe6, 0x5b, 0xf0, 0xde, 0x20, 0x10, 0x99,
    0xc4, 0x0, 0x32, 0x0, 0xd1, 0xff, 0xb6, 0x57,
    0x18, 0x3, 0xf1, 0x3c, 0x4, 0x80, 0x7f, 0x98,
    0x0, 0x60, 0x1f, 0xfc, 0x7, 0x0, 0xfe, 0x70,
    0x2, 0x80, 0x7e, 0x48, 0x4, 0x10, 0x4, 0xee,
    0xef, 0xb1, 0x2a, 0x0, 0x84, 0x8b, 0xa, 0x4e,
    0x88, 0x0,

    /* U+0393 "Γ" */
    0xaf, 0xff, 0xcc, 0x1, 0x8, 0xf8, 0x2, 0x8e,
    0xef, 0x30, 0x7, 0xff, 0xfc, 0x3, 0xff, 0xea,

    /* U+0394 "Δ" */
    0x0, 0xf4, 0x7e, 0x80, 0x7f, 0xf0, 0x58, 0x9,
    0x0, 0x3f, 0xe5, 0x13, 0xe, 0x0, 0xff, 0xb8,
    0x20, 0x54, 0x40, 0x3f, 0x89, 0x5, 0x18, 0x18,
    0x3, 0xfa, 0x81, 0x82, 0x82, 0x80, 0x3f, 0x98,
    0x24, 0x8, 0xc9, 0x0, 0x3e, 0x51, 0x41, 0x0,
    0x48, 0x78, 0x7, 0xd2, 0x1c, 0x1, 0x28, 0x20,
    0x80, 0x71, 0x18, 0xa8, 0x6, 0x60, 0x90, 0xe,
    0xb0, 0x60, 0xe, 0xa0, 0x60, 0xe, 0x60, 0xa0,
    0xe, 0x33, 0xa, 0x80, 0x4c, 0x8, 0x40, 0x1e,
    0xa0, 0xe0, 0xa, 0xc3, 0x80, 0x3e, 0x70, 0x42,
    0x3, 0x21, 0x50, 0xf, 0x85, 0x42, 0x82, 0x40,
    0x7b, 0xbf, 0x94, 0x18, 0x18, 0x0, 0x23, 0xfc,
    0x0, 0x11, 0x0,

    /* U+0395 "Ε" */
    0xaf, 0xff, 0xdc, 0x1, 0x8, 0xf8, 0x80, 0x11,
    0xdd, 0xec, 0x0, 0xff, 0xef, 0x4e, 0xef, 0x98,
    0x0, 0x24, 0x5e, 0x10, 0x4, 0x7f, 0xf9, 0xc0,
    0x3f, 0xfd, 0x13, 0xdd, 0xec, 0x0, 0x8, 0xfc,
    0x40,

    /* U+0396 "Ζ" */
    0xc, 0xff, 0xff, 0x40, 0x38, 0x8f, 0xe0, 0x7,
    0x85, 0xf7, 0x7d, 0x20, 0x2c, 0x1, 0xf8, 0xa0,
    0x28, 0x40, 0x3f, 0x70, 0x32, 0x0, 0x7e, 0x73,
    0x19, 0x0, 0xfc, 0x50, 0x14, 0x1, 0xfd, 0xc0,
    0xc8, 0x1, 0xf9, 0xcc, 0x64, 0x3, 0xf1, 0x40,
    0x50, 0x7, 0xf7, 0x3, 0x20, 0x7, 0xe7, 0x31,
    0x90, 0xf, 0xc7, 0x1, 0x40, 0x1f, 0xdc, 0xc,
    0x80, 0x1f, 0xa0, 0x86, 0x40, 0x3f, 0xb, 0x80,
    0xf7, 0x7e, 0xb0, 0xc, 0x23, 0xf9, 0xc0,

    /* U+0397 "Η" */
    0xaf, 0x70, 0xf, 0xd7, 0xee, 0x1, 0xff, 0xff,
    0x0, 0xff, 0xa3, 0xbb, 0xf2, 0x0, 0x70, 0x8f,
    0xe0, 0xe, 0x8f, 0xff, 0xc8, 0x1, 0xff, 0xff,
    0x0, 0xff, 0xe6, 0x80,

    /* U+0398 "Θ" */
    0x0, 0xc7, 0x3b, 0xfe, 0xec, 0x71, 0x0, 0xfa,
    0x31, 0x88, 0x4, 0x47, 0x1c, 0xa0, 0x1d, 0x4e,
    0xf, 0xbf, 0xdf, 0x8a, 0x14, 0xa0, 0x12, 0xa8,
    0x2e, 0x8, 0x2, 0x3a, 0x70, 0xb1, 0x0, 0x40,
    0x32, 0x0, 0x7d, 0x4, 0x32, 0x4, 0x40, 0xa0,
    0xf, 0xeb, 0x5, 0x7, 0x1, 0x30, 0xf, 0xe5,
    0x2, 0x12, 0x2, 0x3, 0xdd, 0xf8, 0xc, 0x0,
    0x7e, 0x1, 0x88, 0xbe, 0x0, 0xcd, 0xe0, 0x11,
    0xff, 0xfc, 0x1, 0x98, 0x80, 0x80, 0x3f, 0xc6,
    0x0, 0x34, 0x1, 0x20, 0xf, 0xe5, 0x2, 0x11,
    0x10, 0x58, 0x7, 0xf5, 0x82, 0x80, 0x20, 0x19,
    0x0, 0x3e, 0x82, 0x19, 0x0, 0x2a, 0x82, 0xe0,
    0x40, 0x22, 0xa7, 0xb, 0x10, 0xa, 0x9c, 0x1f,
    0xba, 0xfd, 0x50, 0xb5, 0x0, 0xe8, 0xc6, 0x21,
    0x18, 0xe3, 0x90, 0x2,

    /* U+0399 "Ι" */
    0xf, 0xff, 0x10, 0x53, 0x0, 0x16, 0x48, 0x16,
    0x40, 0x10, 0xc0, 0x1f, 0xff, 0xf0, 0xf, 0xfe,
    0x5a, 0xc8, 0x2, 0x18, 0x1, 0x4c, 0x0, 0x59,
    0x20,

    /* U+039A "Κ" */
    0xaf, 0x70, 0xf, 0x37, 0xf8, 0xc0, 0x3f, 0x24,
    0x86, 0x18, 0x7, 0xc7, 0x61, 0x46, 0x1, 0xf1,
    0x68, 0x4a, 0x80, 0x7c, 0x38, 0x30, 0xc0, 0x1f,
    0xe, 0xb, 0xb8, 0x3, 0xf6, 0x93, 0x40, 0x7,
    0xdf, 0x66, 0x12, 0x1, 0xf9, 0x90, 0x1, 0x20,
    0x1f, 0x85, 0xec, 0x19, 0x40, 0x3e, 0x68, 0x47,
    0xa, 0x20, 0xf, 0x70, 0x2, 0xc, 0x38, 0x3,
    0xfd, 0xa2, 0x70, 0x1, 0xfc, 0x34, 0xe, 0x80,
    0x1f, 0xc8, 0xe1, 0x42, 0x1, 0xfd, 0x6, 0x34,
    0x1, 0xfe, 0xe1, 0x47,

    /* U+039B "Λ" */
    0x0, 0xf6, 0xfb, 0x80, 0x7f, 0xc6, 0x41, 0x40,
    0x1f, 0xf5, 0x1, 0x10, 0xc0, 0x3f, 0xce, 0x30,
    0x14, 0x1, 0xfc, 0xa2, 0xea, 0xe, 0x1, 0xfd,
    0xc1, 0xa0, 0xa2, 0xa0, 0x1f, 0xa, 0xa, 0x7,
    0x7, 0x0, 0x7c, 0xc0, 0xc0, 0x4, 0x14, 0x10,
    0xf, 0x50, 0x58, 0x4, 0xe0, 0xe0, 0x1c, 0x64,
    0x43, 0x0, 0xb4, 0x28, 0x3, 0xa8, 0x28, 0x3,
    0x20, 0x99, 0x0, 0x67, 0x5, 0x0, 0xe6, 0xa,
    0x0, 0x94, 0x4c, 0x80, 0x3a, 0xc1, 0x80, 0x2e,
    0xa, 0x0, 0xf1, 0x90, 0xa0, 0xa, 0x3, 0x80,
    0x7c, 0xa1, 0xc0, 0xc0, 0x82, 0x1, 0xf5, 0x2,
    0x8d, 0x7, 0x0, 0x7e, 0x22, 0x3, 0x80,

    /* U+039C "Μ" */
    0xaf, 0xf5, 0x80, 0x7f, 0xbb, 0xfc, 0xe0, 0x12,
    0x8, 0x7, 0xe5, 0x10, 0xe, 0x30, 0x60, 0xf,
    0xdc, 0x6, 0x1, 0xac, 0x28, 0x3, 0xe1, 0x42,
    0x50, 0xc, 0x64, 0x43, 0x0, 0xf3, 0x5, 0x18,
    0x7, 0x50, 0x50, 0x7, 0xa8, 0x18, 0x3, 0xcc,
    0xc, 0x1, 0xc6, 0x48, 0x22, 0x0, 0xc2, 0x24,
    0x5, 0x0, 0xd2, 0x1e, 0x1, 0xfb, 0x83, 0x80,
    0x32, 0x8a, 0x0, 0x7e, 0x51, 0x42, 0x0, 0x30,
    0x30, 0x7, 0xf9, 0xc1, 0x40, 0x14, 0x14, 0x1,
    0xfe, 0xa0, 0xa0, 0x23, 0x31, 0x0, 0x7f, 0x8c,
    0x88, 0x96, 0x14, 0x1, 0xff, 0xc0, 0xb0, 0xe7,
    0x6, 0x0, 0xff, 0xe0, 0x38, 0x28, 0xb0, 0x7,
    0xff, 0x4, 0x54, 0x1, 0x40, 0x1f, 0xfc, 0x2e,
    0x2, 0x30, 0xf, 0x80,

    /* U+039D "Ν" */
    0xaf, 0xf1, 0x0, 0x7c, 0x3f, 0xc0, 0x17, 0x0,
    0x7f, 0xf0, 0x4d, 0xc0, 0x3f, 0xe7, 0x8, 0x20,
    0xf, 0xf5, 0xa0, 0x48, 0x7, 0xf9, 0xe8, 0x11,
    0x80, 0x3f, 0xc3, 0x21, 0x22, 0x1, 0xfe, 0x63,
    0xa, 0x0, 0xfc, 0x20, 0xe, 0x4, 0x50, 0xf,
    0xf1, 0x40, 0x58, 0x80, 0x7f, 0x9c, 0x86, 0xc0,
    0x3f, 0xee, 0x5, 0x40, 0xf, 0xf1, 0xb8, 0x50,
    0x7, 0xfd, 0x4, 0x30, 0x1, 0xff, 0x70, 0x30,
    0x7, 0xfc, 0x6c, 0x1, 0xff, 0xc1, 0x91, 0x0,
    0x0,

    /* U+039E "Ξ" */
    0x1f, 0xff, 0xf8, 0x40, 0x3f, 0xf8, 0x2, 0x2f,
    0xff, 0xf8, 0x3, 0xff, 0xd4, 0x3f, 0xff, 0xc2,
    0x0, 0x30, 0xf, 0xfe, 0x1, 0x7f, 0xff, 0x8,
    0x7, 0xff, 0xda, 0x3b, 0xbf, 0xe7, 0x11, 0xff,
    0xe0, 0x78,

    /* U+039F "Ο" */
    0x0, 0xc7, 0x3b, 0xfe, 0xec, 0x71, 0x0, 0xfa,
    0x31, 0x88, 0x4, 0x47, 0x1c, 0xa0, 0x1d, 0x4e,
    0xf, 0xbf, 0xdf, 0x8a, 0x14, 0xa0, 0x12, 0xa8,
    0x2e, 0x8, 0x2, 0x3a, 0x70, 0xb1, 0x0, 0x40,
    0x32, 0x0, 0x7d, 0x4, 0x32, 0x4, 0x40, 0xa0,
    0xf, 0xeb, 0x5, 0x7, 0x1, 0x30, 0xf, 0xe5,
    0x2, 0x12, 0x2, 0x0, 0xff, 0x18, 0x0, 0xfc,
    0x3, 0xff, 0x86, 0xde, 0x1, 0xff, 0xc3, 0x62,
    0x2, 0x0, 0xff, 0x18, 0x0, 0xd0, 0x4, 0x80,
    0x3f, 0x94, 0x8, 0x44, 0x41, 0x60, 0x1f, 0xd6,
    0xa, 0x0, 0x80, 0x64, 0x0, 0xfa, 0x8, 0x64,
    0x0, 0xaa, 0xb, 0x81, 0x0, 0x8a, 0x9c, 0x2c,
    0x40, 0x2a, 0x70, 0x7e, 0xeb, 0xf5, 0x42, 0xd4,
    0x3, 0xa3, 0x18, 0x84, 0x63, 0x8e, 0x40, 0x8,

    /* U+03A0 "Π" */
    0xaf, 0xff, 0xfe, 0x1, 0x80, 0x42, 0x3f, 0x80,
    0x3a, 0x3b, 0xbf, 0x0, 0x7f, 0xff, 0xc0, 0x3f,
    0xff, 0xe0, 0x1f, 0xfe, 0x50,

    /* U+03A1 "Ρ" */
    0xaf, 0xfe, 0xeb, 0x60, 0xe, 0x12, 0x20, 0x89,
    0x27, 0x44, 0x2, 0x9d, 0xd7, 0x7d, 0x9, 0x50,
    0x7, 0xe5, 0xa0, 0x41, 0x0, 0xfc, 0x80, 0x5,
    0x0, 0xff, 0x9c, 0x3, 0xf2, 0x80, 0xc, 0x3,
    0xc2, 0xd4, 0xe, 0x1, 0x4e, 0xeb, 0xb9, 0x20,
    0xd0, 0x1, 0x9, 0x10, 0x49, 0x6e, 0x40, 0x34,
    0x7f, 0xdb, 0x48, 0x1, 0xff, 0xff,

    /* U+03A3 "Σ" */
    0xd, 0xff, 0xff, 0x40, 0x6, 0x11, 0xfd, 0xe1,
    0x20, 0x8, 0xee, 0xf9, 0xc1, 0x24, 0x25, 0x0,
    0x3f, 0x99, 0xc2, 0xc8, 0x3, 0xfa, 0x10, 0x30,
    0x40, 0x3f, 0xac, 0x87, 0x40, 0x3f, 0xd8, 0x27,
    0x40, 0x1f, 0xc2, 0x80, 0x1f, 0xf3, 0xa9, 0x50,
    0x7, 0xe4, 0x81, 0xf0, 0xf, 0xc5, 0x41, 0x44,
    0x1, 0xfb, 0xc6, 0x10, 0x3, 0xf5, 0x12, 0xb8,
    0x7, 0xe8, 0x52, 0xa0, 0xf, 0xc2, 0xe0, 0x5d,
    0xdf, 0xac, 0x3, 0x8, 0xfe, 0x70,

    /* U+03A4 "Τ" */
    0xcf, 0xff, 0xfe, 0x0, 0xb0, 0x8f, 0x0, 0x4,
    0x78, 0x2b, 0xbb, 0x40, 0x1f, 0x77, 0x8, 0x7,
    0xff, 0xfc, 0x3, 0xff, 0xfe, 0x1, 0xff, 0xe2,

    /* U+03A5 "Υ" */
    0xbf, 0x90, 0xf, 0x87, 0xfc, 0x90, 0xc, 0x40,
    0x1e, 0x90, 0x34, 0x35, 0x8, 0x0, 0xe1, 0x70,
    0xf0, 0x5, 0x82, 0x98, 0x6, 0x80, 0x53, 0x0,
    0xb, 0x84, 0x0, 0x44, 0xc1, 0x0, 0x1a, 0x45,
    0x10, 0x0, 0x80, 0x62, 0x0, 0xc3, 0x21, 0x0,
    0x6a, 0x10, 0x1, 0xe7, 0x13, 0x58, 0x8, 0x10,
    0xf, 0xac, 0x2d, 0x5, 0xc0, 0x3f, 0x29, 0x8,
    0x58, 0x7, 0xfa, 0x0, 0x54, 0x3, 0xfc, 0x20,
    0x1f, 0xff, 0xf0, 0x8,

    /* U+03A6 "Φ" */
    0x0, 0xfd, 0xfe, 0x30, 0xf, 0xfe, 0x90, 0xbd,
    0xf7, 0x80, 0x33, 0xb2, 0x4c, 0x3, 0xd1, 0xd0,
    0x80, 0x40, 0x2, 0x3, 0x6c, 0xb1, 0x0, 0xa1,
    0xc1, 0xf7, 0xb4, 0x1, 0xdd, 0x48, 0xa6, 0x80,
    0x9, 0xc2, 0xa0, 0x80, 0x3c, 0x2d, 0x82, 0x6c,
    0x14, 0x8, 0xa0, 0x1f, 0xe2, 0x60, 0xa0, 0x30,
    0xc0, 0xf, 0xfe, 0x6, 0x1, 0x83, 0x80, 0x80,
    0x7f, 0xf0, 0x1c, 0x2, 0x60, 0xe0, 0xf, 0xfe,
    0x3, 0x0, 0x86, 0x3, 0x0, 0x7f, 0xf0, 0x3c,
    0x10, 0x18, 0x45, 0x20, 0x1f, 0xe6, 0x50, 0x90,
    0x5, 0x3, 0x63, 0x10, 0x6, 0x14, 0xa9, 0x8,
    0x30, 0x2, 0x61, 0x1c, 0xef, 0x80, 0x33, 0xad,
    0x46, 0x9c, 0x3, 0x1e, 0xe3, 0xaa, 0x0, 0xd,
    0x5e, 0xf9, 0x40, 0x3e, 0x38, 0xab, 0x0, 0x7d,
    0x42, 0x0, 0x7f, 0xf3, 0x0,

    /* U+03A7 "Χ" */
    0x3f, 0xf1, 0x80, 0x78, 0x7f, 0xc6, 0x66, 0xf,
    0x0, 0xf5, 0x83, 0x18, 0x49, 0x1b, 0x0, 0x64,
    0x52, 0x90, 0xa, 0x42, 0x44, 0x2, 0xa0, 0x90,
    0xc, 0x8c, 0x14, 0x0, 0x91, 0x64, 0x0, 0xe9,
    0x14, 0x53, 0x61, 0x90, 0xf, 0xa8, 0x2f, 0x82,
    0x80, 0x3f, 0x22, 0x89, 0x2a, 0x0, 0x7f, 0x68,
    0x0, 0x80, 0x3f, 0x8a, 0x0, 0xe, 0x40, 0x1f,
    0xa4, 0x26, 0x3, 0x80, 0x3e, 0x64, 0x36, 0x72,
    0x36, 0x0, 0xe1, 0x80, 0xf0, 0x4, 0x84, 0x88,
    0x6, 0xb1, 0x73, 0x0, 0x22, 0x85, 0x0, 0x48,
    0xa3, 0x0, 0x1a, 0xc5, 0x14, 0x1, 0x41, 0x40,
    0x1c, 0x30, 0x16, 0x32, 0x2a, 0x80, 0x1e, 0x63,
    0x1b,

    /* U+03A8 "Ψ" */
    0xdf, 0x60, 0x8, 0xff, 0x80, 0x35, 0xfc, 0x0,
    0x7f, 0xff, 0xc0, 0x38, 0x40, 0x40, 0x3f, 0xce,
    0x1e, 0xc1, 0xe0, 0x1f, 0xe2, 0x2, 0xd0, 0x50,
    0xf, 0xe2, 0x10, 0x76, 0x2, 0x50, 0xf, 0xd2,
    0x6, 0x42, 0xe1, 0x50, 0x40, 0x18, 0xed, 0x3,
    0xc0, 0x10, 0xe0, 0xfb, 0x80, 0x3f, 0x88, 0x36,
    0x60, 0x14, 0x6c, 0x29, 0x80, 0x11, 0xa7, 0x90,
    0x3, 0x89, 0xeb, 0xc0, 0x6e, 0x58, 0x3, 0xff,
    0xd0,

    /* U+03A9 "Ω" */
    0x0, 0xc2, 0xf9, 0xdf, 0xed, 0x92, 0x0, 0xf9,
    0x3a, 0xc, 0x44, 0x4, 0xda, 0xe0, 0x1c, 0xb6,
    0x9, 0x9f, 0xdf, 0xac, 0x11, 0x20, 0x11, 0x50,
    0x3d, 0x98, 0x4, 0x53, 0x40, 0xc8, 0x0, 0xa0,
    0x28, 0x0, 0xf9, 0x54, 0x10, 0x0, 0x60, 0xb0,
    0xf, 0xe9, 0x3, 0x21, 0x10, 0x20, 0x7, 0xf1,
    0x80, 0x18, 0x80, 0x6, 0x1, 0xfe, 0x20, 0x20,
    0x8, 0x40, 0x3f, 0xf8, 0x24, 0x0, 0x20, 0xf,
    0xf1, 0x81, 0x88, 0x81, 0xc0, 0x3f, 0x84, 0x40,
    0x80, 0xc1, 0xe0, 0x1f, 0xcc, 0x6, 0x21, 0x22,
    0xa6, 0x1, 0xf0, 0xc8, 0x78, 0x0, 0x68, 0x38,
    0x40, 0x3d, 0x42, 0xe6, 0x1, 0x25, 0x16, 0x10,
    0x4, 0x36, 0x8d, 0x0, 0x5, 0xee, 0x58, 0x16,
    0x80, 0x5a, 0x80, 0xfd, 0xc8, 0x31, 0x18, 0x3,
    0xc2, 0x0, 0x11, 0xc0,

    /* U+03AA "Ϊ" */
    0x4, 0x20, 0x0, 0xa0, 0x1d, 0xe0, 0x2, 0xad,
    0x88, 0x50, 0x0, 0x60, 0xa3, 0xd4, 0x0, 0x8f,
    0x30, 0xf, 0xef, 0xff, 0x10, 0x53, 0x0, 0x16,
    0x48, 0x16, 0x40, 0x10, 0xc0, 0x1f, 0xff, 0xf0,
    0xf, 0xfe, 0x5a, 0xc8, 0x2, 0x18, 0x1, 0x4c,
    0x0, 0x59, 0x20,

    /* U+03AB "Ϋ" */
    0x0, 0xca, 0x20, 0x3, 0x30, 0x7, 0xcf, 0x50,
    0x0, 0xcc, 0x8, 0x7, 0x88, 0x3c, 0x0, 0x64,
    0x20, 0x1e, 0x5f, 0x60, 0x6, 0x68, 0x7, 0xff,
    0x1a, 0xfe, 0x40, 0x3e, 0x1f, 0xf2, 0x40, 0x31,
    0x0, 0x7a, 0x40, 0xd0, 0xd4, 0x20, 0x3, 0x85,
    0xc3, 0xc0, 0x16, 0xa, 0x60, 0x1a, 0x1, 0x4c,
    0x0, 0x2e, 0x10, 0x1, 0x13, 0x4, 0x0, 0x69,
    0x14, 0x40, 0x2, 0x1, 0x88, 0x3, 0xc, 0x84,
    0x1, 0xa8, 0x40, 0x7, 0x9c, 0x4d, 0x60, 0x20,
    0x40, 0x3e, 0xb0, 0xb4, 0x17, 0x0, 0xfc, 0xa4,
    0x21, 0x60, 0x1f, 0xe8, 0x1, 0x50, 0xf, 0xf0,
    0x80, 0x7f, 0xff, 0xc0, 0x20,

    /* U+03AC "ά" */
    0x0, 0xf4, 0x7f, 0x8, 0x7, 0xf9, 0x42, 0x4,
    0x3, 0xf8, 0x88, 0x6c, 0x1, 0xfe, 0x40, 0xf0,
    0xf, 0xf9, 0xbc, 0xc0, 0x3f, 0xc, 0xef, 0xf5,
    0x10, 0x7d, 0x80, 0x45, 0xec, 0x46, 0x4b, 0xac,
    0x1, 0xdc, 0x27, 0xd9, 0x8f, 0x59, 0x0, 0xc6,
    0x60, 0xd1, 0x0, 0xa8, 0x40, 0x32, 0x2, 0x8,
    0x7, 0x38, 0x6, 0xd0, 0x20, 0xf, 0x78, 0x7,
    0x84, 0x3, 0xff, 0x9a, 0x40, 0x60, 0x1e, 0xe0,
    0xd, 0x80, 0x82, 0x1, 0xca, 0x1, 0x90, 0xc2,
    0x80, 0x34, 0x10, 0x30, 0x5, 0xc2, 0x9f, 0x76,
    0xe7, 0xa0, 0x2c, 0x50, 0x2f, 0x61, 0x45, 0x4d,
    0x59, 0x13, 0x0,

    /* U+03AD "έ" */
    0x0, 0xe3, 0xff, 0x20, 0x7, 0xac, 0x11, 0x0,
    0x1e, 0x50, 0x90, 0xf, 0x11, 0x20, 0x80, 0x3c,
    0x5e, 0xe0, 0x1c, 0xf9, 0xdf, 0xd6, 0xe2, 0x1b,
    0x6, 0x70, 0x24, 0x2a, 0x88, 0x77, 0x59, 0xdb,
    0x8, 0x40, 0x84, 0x1, 0x13, 0x82, 0x2, 0x8,
    0x7, 0x8e, 0x47, 0xae, 0x64, 0x20, 0x12, 0x28,
    0x23, 0x30, 0xc0, 0x9, 0xab, 0x3d, 0xfe, 0x20,
    0x4, 0x4, 0x30, 0x80, 0x71, 0x1, 0x0, 0x7c,
    0xa1, 0x24, 0x1, 0x90, 0xa4, 0x4f, 0x75, 0x9b,
    0xf6, 0xc5, 0xec, 0x44, 0x33, 0x13, 0xa8,

    /* U+03AE "ή" */
    0x0, 0xd3, 0xfc, 0x1, 0xf9, 0xc2, 0xc0, 0x3e,
    0x31, 0x45, 0x0, 0xfa, 0xc2, 0x40, 0x3f, 0x47,
    0x90, 0x7, 0x7e, 0x82, 0xe7, 0xfb, 0x60, 0x2,
    0x2a, 0xa3, 0xb9, 0x49, 0xec, 0x2, 0x5c, 0xb8,
    0xad, 0x4, 0x40, 0x1, 0x8c, 0x2, 0x26, 0xc,
    0x0, 0x68, 0x7, 0x70, 0x8, 0x1, 0xc0, 0x3e,
    0x30, 0x0, 0x80, 0x7f, 0xff, 0xbf, 0xc4, 0x1,
    0xff, 0xf3,

    /* U+03AF "ί" */
    0x0, 0x27, 0xf8, 0xc0, 0x2d, 0x5, 0x30, 0x9,
    0xc2, 0xc0, 0x23, 0x18, 0x10, 0x8, 0xfd, 0xc0,
    0x37, 0xf8, 0x40, 0x3f, 0xfe, 0xe4, 0xe, 0x1,
    0xa8, 0x27, 0x30, 0xc0, 0xee, 0x13, 0x23,

    /* U+03B0 "ΰ" */
    0x0, 0xf7, 0xf9, 0xc0, 0x39, 0x7d, 0xd0, 0x5,
    0x3a, 0x40, 0x22, 0xd, 0xc0, 0x86, 0x12, 0x0,
    0x9e, 0xec, 0x84, 0xcb, 0x74, 0x1, 0x90, 0x73,
    0x40, 0x8, 0x20, 0x3f, 0xe0, 0xe, 0x1f, 0xf0,
    0x7, 0xf0, 0x88, 0xc, 0x3, 0xf9, 0x41, 0x0,
    0x3f, 0x8c, 0x38, 0x3, 0xfb, 0xc0, 0xc0, 0x3f,
    0xe1, 0x0, 0xff, 0x84, 0x3, 0xfb, 0x80, 0xc4,
    0x0, 0x20, 0x1c, 0xa1, 0xe0, 0x20, 0xa0, 0x18,
    0x8c, 0x10, 0x10, 0x20, 0x2, 0x1f, 0x5, 0x20,
    0x90, 0x3f, 0xcc, 0x71, 0x1d, 0x80, 0xf, 0x14,
    0x4c, 0xe9, 0xc1, 0x0,

    /* U+03B1 "α" */
    0x0, 0xc, 0xef, 0xf5, 0x10, 0x7d, 0x80, 0x45,
    0xec, 0x46, 0x4b, 0xac, 0x1, 0xdc, 0x27, 0xd9,
    0x8f, 0x59, 0x0, 0xc6, 0x60, 0xd1, 0x0, 0xa8,
    0x40, 0x32, 0x2, 0x8, 0x7, 0x38, 0x6, 0xd0,
    0x20, 0xf, 0x78, 0x7, 0x84, 0x3, 0xff, 0x9a,
    0x40, 0x60, 0x1e, 0xe0, 0xd, 0x80, 0x82, 0x1,
    0xca, 0x1, 0x90, 0xc2, 0x80, 0x34, 0x10, 0x30,
    0x5, 0xc2, 0x9f, 0x76, 0xe7, 0xa0, 0x2c, 0x50,
    0x2f, 0x61, 0x45, 0x4d, 0x59, 0x13, 0x0,

    /* U+03B2 "β" */
    0x0, 0x25, 0x77, 0xf5, 0xa8, 0x6, 0x8b, 0x53,
    0x30, 0x25, 0x40, 0x1, 0x1c, 0x2f, 0x73, 0xa0,
    0x1c, 0xc3, 0x81, 0xd0, 0x2, 0x73, 0xb, 0x7,
    0xc, 0x0, 0xe5, 0x1, 0x3, 0x6, 0x0, 0xe3,
    0xe, 0x1, 0x0, 0xf9, 0x1, 0x40, 0x3e, 0x3c,
    0x19, 0x20, 0xc, 0x7f, 0xec, 0x7d, 0x60, 0xe,
    0x15, 0x52, 0x23, 0x18, 0x3, 0x8a, 0xa9, 0x7c,
    0x53, 0x0, 0x1f, 0x87, 0x41, 0xc4, 0x3, 0xf0,
    0x98, 0x20, 0x7, 0xff, 0x20, 0x4c, 0x18, 0x1,
    0x42, 0x1, 0x16, 0x81, 0x98, 0x0, 0xfd, 0x97,
    0xba, 0x31, 0xe0, 0xa, 0x10, 0x90, 0x8e, 0x38,
    0x80, 0x25, 0xbe, 0xff, 0x63, 0x80, 0x7f, 0xfc,
    0xc0,

    /* U+03B3 "γ" */
    0xdf, 0x50, 0xf, 0x3f, 0xd5, 0x3, 0x80, 0x3d,
    0xe0, 0x6c, 0x8, 0x20, 0x1c, 0x20, 0x22, 0x40,
    0x70, 0xe, 0x30, 0xd0, 0xe0, 0xd0, 0xe, 0x40,
    0x60, 0x50, 0x41, 0x0, 0x84, 0x63, 0x0, 0x28,
    0x38, 0x4, 0x80, 0x80, 0x17, 0x5, 0x0, 0x52,
    0x12, 0x1, 0x20, 0x98, 0x82, 0x19, 0xc0, 0x19,
    0x81, 0x82, 0x43, 0xc0, 0x3a, 0xc2, 0xac, 0x9c,
    0xc0, 0x38, 0xc8, 0x88, 0x88, 0x0, 0xfa, 0x80,
    0x6c, 0x3, 0xf0, 0x81, 0x0, 0x7f, 0xf8, 0x55,
    0xe8, 0x3, 0x80,

    /* U+03B4 "δ" */
    0x0, 0x86, 0x77, 0xfd, 0x90, 0x20, 0x11, 0x7b,
    0x1a, 0x19, 0x9f, 0x84, 0x1, 0x2, 0xdd, 0x79,
    0xce, 0xa2, 0x0, 0x70, 0xd0, 0x8, 0x62, 0x80,
    0x26, 0xd, 0x0, 0xfe, 0x90, 0x6b, 0x20, 0xf,
    0x8b, 0x45, 0x36, 0x40, 0x3c, 0x72, 0x22, 0x26,
    0xe4, 0x0, 0x93, 0x12, 0x3b, 0x64, 0x6d, 0x0,
    0xac, 0x31, 0xc0, 0xd, 0x61, 0x63, 0x60, 0xc6,
    0x1, 0x91, 0x41, 0x90, 0x30, 0x3, 0xd8, 0x18,
    0x60, 0x20, 0x1e, 0x20, 0x72, 0x2, 0x0, 0xf1,
    0x3, 0x20, 0x50, 0x7, 0xac, 0x36, 0x80, 0xe4,
    0x3, 0x49, 0xb, 0x15, 0x8b, 0x7d, 0xdb, 0x98,
    0x74, 0x41, 0x3d, 0xc9, 0x10, 0x6f, 0xe6, 0x0,

    /* U+03B5 "ε" */
    0x0, 0x3e, 0x77, 0xf5, 0xb8, 0x86, 0xc1, 0x9c,
    0x9, 0xa, 0xa2, 0x1d, 0xd6, 0x76, 0xc2, 0x10,
    0x21, 0x0, 0x44, 0xe0, 0x80, 0x82, 0x1, 0xe3,
    0x91, 0xeb, 0x99, 0x8, 0x4, 0x8a, 0x8, 0xcc,
    0x30, 0x2, 0x6a, 0xcf, 0x7f, 0x88, 0x1, 0x1,
    0xc, 0x20, 0x1c, 0x40, 0x40, 0x1f, 0x28, 0x49,
    0x0, 0x64, 0x29, 0x13, 0xdd, 0x66, 0xfd, 0xb1,
    0x7b, 0x11, 0xc, 0xc4, 0xea,

    /* U+03B6 "ζ" */
    0xf, 0xff, 0xe0, 0x77, 0xf1, 0x1, 0x84, 0x47,
    0x59, 0xe, 0x80, 0x70, 0xe8, 0x50, 0x80, 0x75,
    0xb, 0xa0, 0x7, 0x3a, 0x1c, 0x0, 0x72, 0x40,
    0xe8, 0x7, 0xd, 0x5, 0x8, 0x7, 0x58, 0xb2,
    0x0, 0x72, 0xa8, 0xa4, 0x3, 0xd0, 0x10, 0x1,
    0xe4, 0x22, 0x28, 0x7, 0xb0, 0x10, 0x3, 0xe2,
    0x1, 0x0, 0xf8, 0xc0, 0xc0, 0x3e, 0xd0, 0x47,
    0x0, 0xf2, 0x30, 0x47, 0x4a, 0x88, 0x5, 0x34,
    0x42, 0xd5, 0xd4, 0x20, 0x5, 0xdd, 0x4a, 0x2,
    0xd8, 0x6, 0x26, 0xb9, 0x7, 0x0, 0xf8, 0x80,
    0x40, 0x3e, 0xc0, 0x40, 0xf, 0x98, 0x24, 0x3,
    0xee, 0xf1,

    /* U+03B7 "η" */
    0xfd, 0x5, 0xcf, 0xf6, 0xc0, 0x4, 0x55, 0x47,
    0x72, 0x93, 0xd8, 0x4, 0xb9, 0x71, 0x5a, 0x8,
    0x80, 0x3, 0x18, 0x4, 0x4c, 0x18, 0x0, 0xd0,
    0xe, 0xe0, 0x10, 0x3, 0x80, 0x7c, 0x60, 0x1,
    0x0, 0xff, 0xff, 0x7f, 0x88, 0x3, 0xff, 0xe6,

    /* U+03B8 "θ" */
    0x0, 0x9b, 0x3f, 0xda, 0xe0, 0x1d, 0x32, 0x32,
    0x32, 0x8c, 0x0, 0x99, 0x83, 0x9b, 0x9c, 0x66,
    0x90, 0x5, 0x85, 0x98, 0x0, 0x78, 0x18, 0x48,
    0x80, 0xa0, 0x18, 0x90, 0x1d, 0x1, 0x0, 0x3d,
    0x81, 0x9c, 0x4, 0x1, 0xe2, 0x6, 0x10, 0xe0,
    0xf, 0x30, 0x11, 0x84, 0x7f, 0xfb, 0x0, 0x31,
    0xaa, 0xf9, 0x0, 0x35, 0xd5, 0x7a, 0x0, 0xc8,
    0x3c, 0x3, 0xce, 0x3, 0xa0, 0x40, 0x1e, 0x30,
    0x67, 0x4, 0x0, 0xf6, 0x86, 0x11, 0x8a, 0x0,
    0x61, 0x50, 0x70, 0x80, 0x92, 0x0, 0xe, 0x83,
    0x8, 0x23, 0x16, 0xe6, 0x38, 0xcd, 0x20, 0x14,
    0xd1, 0x9c, 0x4f, 0x80, 0x0,

    /* U+03B9 "ι" */
    0xf, 0xf0, 0x80, 0x7f, 0xfd, 0xc8, 0x1c, 0x3,
    0x50, 0x4e, 0x61, 0x81, 0xdc, 0x26, 0x46,

    /* U+03BA "κ" */
    0xff, 0x20, 0x6, 0xbf, 0xc0, 0xf, 0xa5, 0xb,
    0x40, 0x3c, 0xcc, 0x1f, 0x10, 0xe, 0x49, 0xa,
    0x20, 0xc, 0xe5, 0x61, 0x28, 0x1, 0xcf, 0xe0,
    0xcc, 0x0, 0xf4, 0x90, 0x20, 0x7, 0xc5, 0x4,
    0x49, 0x0, 0xf4, 0xbf, 0x83, 0x28, 0x7, 0x10,
    0x14, 0x5, 0x88, 0x7, 0xce, 0x83, 0xa0, 0x1f,
    0xa8, 0x4e, 0x0, 0x3e, 0x1a, 0x7, 0x30,

    /* U+03BB "λ" */
    0xef, 0xea, 0x20, 0xf, 0xc4, 0x80, 0xba, 0x60,
    0x1f, 0x65, 0xf3, 0x87, 0x0, 0x7f, 0xa0, 0x88,
    0xa0, 0x1f, 0xeb, 0x9, 0x0, 0xff, 0x28, 0x19,
    0x0, 0x7f, 0x58, 0x2, 0x80, 0x3f, 0x98, 0x81,
    0x80, 0x3f, 0x20, 0xaa, 0xa, 0x80, 0x7d, 0xc1,
    0x9c, 0x1c, 0x1, 0xf2, 0x8a, 0x28, 0x20, 0x80,
    0x73, 0x2, 0x0, 0x14, 0x18, 0x3, 0xb4, 0x38,
    0x1, 0xc1, 0x40, 0x18, 0x50, 0x10, 0x0, 0x82,
    0x48, 0x1, 0x30, 0x28, 0x6, 0x60, 0xe0, 0xa,
    0x83, 0x80, 0x35, 0x82, 0x88, 0x19, 0x2, 0x0,
    0x63, 0x20, 0xc5, 0xa0, 0x50, 0xf, 0x48, 0x90,
    0x0,

    /* U+03BC "μ" */
    0xff, 0x10, 0x7, 0x2f, 0xe0, 0x7, 0xff, 0xfc,
    0x3, 0xff, 0x90, 0x20, 0x1d, 0xa0, 0x1e, 0x60,
    0xe, 0x50, 0xf, 0x41, 0x0, 0x52, 0x40, 0x40,
    0x18, 0xb7, 0x59, 0xed, 0x40, 0x3a, 0xc0, 0xb,
    0x42, 0x34, 0xb5, 0xa1, 0x20, 0x9, 0x6f, 0xfd,
    0x68, 0xb, 0xde, 0xc0, 0x3, 0x0, 0xff, 0xf9,
    0x0,

    /* U+03BD "ν" */
    0xdf, 0x50, 0xf, 0x3f, 0xd5, 0x3, 0xc0, 0x3d,
    0xe0, 0x6a, 0xa, 0x1, 0xe1, 0x1, 0x23, 0x5,
    0x0, 0xe3, 0xe, 0xa, 0xf, 0x0, 0xe7, 0x5,
    0x7, 0x5, 0x0, 0xe2, 0x3, 0x1, 0x40, 0x50,
    0x9, 0x1, 0x0, 0x2e, 0xf, 0x0, 0xb8, 0x34,
    0x2, 0x50, 0x50, 0x1, 0x28, 0xb0, 0x6, 0x50,
    0x50, 0x90, 0x80, 0xe, 0xf0, 0xe6, 0x43, 0x60,
    0xe, 0x51, 0x49, 0x1e, 0x0, 0xf9, 0xc0, 0x14,
    0x40, 0x10,

    /* U+03BE "ξ" */
    0xf, 0xff, 0xe0, 0x77, 0x30, 0x81, 0x2b, 0x38,
    0x47, 0xb2, 0x6e, 0xaa, 0x60, 0x1a, 0x16, 0x88,
    0x3, 0xa8, 0x38, 0x3, 0xe1, 0x7, 0x0, 0xf9,
    0xc2, 0xc0, 0x3e, 0x80, 0x78, 0x20, 0xe, 0x2d,
    0x57, 0xdf, 0xfa, 0xc0, 0x8, 0x80, 0x35, 0x66,
    0x68, 0x4c, 0x97, 0xb2, 0xa6, 0x4c, 0x8c, 0x36,
    0x20, 0x1d, 0xa0, 0xe0, 0x1f, 0x18, 0x8, 0x7,
    0xc6, 0x6, 0x1, 0xf6, 0x82, 0x30, 0x7, 0x91,
    0x82, 0x76, 0x10, 0x3, 0x4d, 0x11, 0x1e, 0xfe,
    0x40, 0x25, 0xdc, 0x84, 0x6, 0x90, 0xc, 0x6f,
    0x72, 0x8, 0x1, 0xf1, 0x0, 0x80, 0x7d, 0x80,
    0x80, 0x1f, 0x30, 0x48, 0x7, 0xdd, 0xe2,

    /* U+03BF "ο" */
    0x0, 0x9b, 0x3b, 0xf6, 0x48, 0x3, 0xe, 0x49,
    0x9e, 0x6d, 0x50, 0xa, 0xcc, 0xb7, 0x59, 0xd0,
    0x14, 0x40, 0x4a, 0x1e, 0x40, 0x13, 0xa8, 0x40,
    0x28, 0x19, 0x0, 0x74, 0x82, 0x87, 0x2, 0x80,
    0x78, 0x80, 0x2, 0x60, 0x20, 0x1e, 0x10, 0x1,
    0x18, 0x8, 0x7, 0x84, 0x0, 0x3c, 0xa, 0x1,
    0xe2, 0x0, 0x13, 0x1, 0x90, 0x7, 0x48, 0x28,
    0xb, 0x7, 0x10, 0x4, 0xca, 0x12, 0x0, 0x94,
    0x3d, 0xcc, 0x74, 0x85, 0x18, 0x5, 0x74, 0x84,
    0x60, 0xda, 0xa0, 0x0,

    /* U+03C0 "π" */
    0x9f, 0xff, 0xfe, 0x11, 0x63, 0x30, 0x0, 0xac,
    0xd8, 0xc0, 0x99, 0x86, 0xb3, 0x20, 0x5, 0xcc,
    0xeb, 0x7, 0x99, 0x8, 0x7, 0xff, 0xfc, 0x3,
    0xff, 0xc6, 0x20, 0x20, 0x1f, 0xfc, 0x14, 0x4,
    0xca, 0x0, 0xff, 0x8a, 0x44, 0xc0, 0x0,

    /* U+03C1 "ρ" */
    0x0, 0x97, 0x3f, 0xdb, 0x24, 0x1, 0xd3, 0x46,
    0x46, 0x4d, 0xa8, 0x1, 0x33, 0x7, 0x75, 0x9e,
    0xc1, 0x62, 0x0, 0xb0, 0xb2, 0x0, 0xa4, 0xc2,
    0x40, 0x48, 0x14, 0x3, 0xa4, 0x14, 0x14, 0x8,
    0x3, 0xce, 0x4, 0x1, 0xfe, 0x30, 0x8, 0x40,
    0x3f, 0x18, 0x7, 0xff, 0x1, 0xc0, 0x80, 0x3f,
    0xdc, 0xa, 0x1, 0x13, 0x0, 0x68, 0x41, 0x90,
    0xd, 0x3f, 0x98, 0xe7, 0x1a, 0x10, 0x9, 0x2d,
    0x8, 0xcc, 0xd8, 0x80, 0x19, 0xd2, 0xfb, 0xf6,
    0x48, 0x3, 0xff, 0xf0,

    /* U+03C2 "ς" */
    0x0, 0x9b, 0x3b, 0xfa, 0xd0, 0x7, 0x24, 0xc0,
    0x44, 0x84, 0x16, 0x65, 0x9d, 0xcf, 0xb7, 0x25,
    0xf, 0x30, 0x9, 0x5, 0x40, 0xc8, 0x3, 0xdc,
    0xa, 0x1, 0xf1, 0x80, 0x80, 0x7c, 0x60, 0x20,
    0x1f, 0x8, 0x28, 0x7, 0xd6, 0x6, 0x40, 0x1e,
    0x33, 0x6, 0x20, 0x7, 0xb4, 0x86, 0xf6, 0xc,
    0x2, 0x1d, 0x71, 0x27, 0xcd, 0x20, 0xa, 0x3b,
    0x1c, 0x4a, 0x40, 0x38, 0xe2, 0xc1, 0x80, 0x3e,
    0x10, 0x10, 0xf, 0xb4, 0x2c, 0x3, 0xe4, 0x27,

    /* U+03C3 "σ" */
    0x0, 0x92, 0x77, 0xff, 0xe0, 0x5, 0x5b, 0x2,
    0xb0, 0x1, 0x19, 0x81, 0x2a, 0x59, 0xb5, 0x34,
    0xf, 0x32, 0x16, 0xf, 0x30, 0x9, 0x4c, 0xca,
    0xc, 0x8, 0x40, 0x1d, 0x61, 0xe1, 0xc0, 0x60,
    0x1e, 0x30, 0x70, 0x30, 0xf0, 0xf, 0x30, 0x18,
    0x5, 0xe0, 0x1e, 0x10, 0x30, 0x20, 0x30, 0xf,
    0x28, 0x30, 0x58, 0x20, 0x80, 0x75, 0x6, 0x81,
    0x98, 0x34, 0x40, 0x29, 0x32, 0x60, 0x6, 0x91,
    0xf6, 0x63, 0xd8, 0x7c, 0x2, 0x1d, 0x83, 0x38,
    0x9f, 0xc8, 0x0,

    /* U+03C4 "τ" */
    0x9f, 0xff, 0xf6, 0x33, 0x14, 0x0, 0xcd, 0xcb,
    0x32, 0x80, 0x4, 0xcf, 0x0, 0x7f, 0xfe, 0x4c,
    0x3, 0xfc, 0x20, 0x7, 0x0, 0xfc, 0xe1, 0x1b,
    0x78, 0x80, 0x1a, 0x20, 0x44, 0x41, 0x70,

    /* U+03C5 "υ" */
    0x1f, 0xf0, 0x7, 0xf, 0xf8, 0x3, 0xf8, 0x44,
    0x6, 0x1, 0xfc, 0xa0, 0x80, 0x1f, 0xc6, 0x1c,
    0x1, 0xfd, 0xe0, 0x60, 0x1f, 0xf0, 0x80, 0x7f,
    0xc2, 0x1, 0xfd, 0xc0, 0x62, 0x0, 0x10, 0xe,
    0x50, 0xf0, 0x10, 0x50, 0xc, 0x46, 0x8, 0x8,
    0x10, 0x1, 0xf, 0x82, 0x90, 0x48, 0x1f, 0xe6,
    0x38, 0x8e, 0xc0, 0x7, 0x8a, 0x26, 0x74, 0xe0,
    0x80,

    /* U+03C6 "φ" */
    0x0, 0xf2, 0xfe, 0x0, 0x7f, 0xff, 0xd6, 0xa0,
    0xe, 0x9c, 0x40, 0x3c, 0x9d, 0x4a, 0x40, 0x5,
    0x8e, 0x70, 0xc, 0x96, 0x2f, 0xd4, 0x7, 0xf2,
    0x31, 0x20, 0x15, 0x4, 0x40, 0x40, 0x33, 0x78,
    0xb2, 0x2, 0x88, 0x9c, 0x3, 0xe1, 0x90, 0xf0,
    0xc0, 0x50, 0xf, 0xe4, 0x4, 0x3, 0x2, 0x0,
    0xfe, 0x20, 0x0, 0x98, 0x7, 0xfc, 0x60, 0x1,
    0xe0, 0x50, 0xf, 0xe6, 0x1, 0x5, 0x3, 0x20,
    0xf, 0xdc, 0x8, 0x4, 0xa1, 0x20, 0x1f, 0x32,
    0x84, 0x0, 0x28, 0xd3, 0x9f, 0x40, 0x5a, 0xe4,
    0x28, 0x80, 0x2c, 0x80, 0x87, 0x2, 0x94, 0x46,
    0x28, 0x7, 0x3f, 0x63, 0x1, 0x57, 0x59, 0x80,
    0x7e, 0x3c, 0x1, 0x51, 0x0, 0xff, 0xfc, 0x80,

    /* U+03C7 "χ" */
    0x4f, 0xe7, 0x0, 0xf9, 0xff, 0x1, 0xd0, 0x61,
    0x40, 0x38, 0x64, 0x3c, 0xe, 0xe4, 0x20, 0x3,
    0xa4, 0x54, 0xc0, 0x26, 0x22, 0x28, 0x4, 0x2e,
    0x16, 0x1, 0xd6, 0x12, 0x1, 0x40, 0x40, 0x80,
    0x73, 0x9, 0xa0, 0x13, 0xb, 0x80, 0x7d, 0x21,
    0x1, 0x21, 0x60, 0x1f, 0x9c, 0xd, 0xd0, 0xd4,
    0x3, 0xf9, 0xc2, 0x3, 0xc0, 0x3f, 0xd2, 0x0,
    0x53, 0x0, 0xff, 0x28, 0x7, 0xff, 0xa, 0x40,
    0xa, 0x20, 0x1f, 0xd0, 0x4c, 0xa1, 0x0, 0x1f,
    0x89, 0xc6, 0x24, 0x18, 0x40, 0x3e, 0x90, 0x81,
    0x34, 0x9, 0x0, 0xf3, 0x21, 0xb0, 0x3, 0xc1,
    0xc4, 0x3, 0xc, 0x7, 0x80, 0x48, 0x61, 0x0,
    0x1a, 0xc5, 0x8c, 0x3, 0x78, 0x36, 0xe0, 0x22,
    0x8c, 0x0, 0x71, 0xd1, 0x14, 0x0,

    /* U+03C8 "ψ" */
    0x0, 0xf0, 0xff, 0x80, 0x3f, 0xff, 0x63, 0xfe,
    0x0, 0xfe, 0x6f, 0xa0, 0xf, 0xfe, 0xa, 0x83,
    0x80, 0x7f, 0xf0, 0x4c, 0x8, 0x3, 0xff, 0x84,
    0x20, 0x40, 0x1f, 0xfc, 0x12, 0x1, 0x0, 0xff,
    0xe1, 0xb8, 0x7, 0xff, 0x10, 0x40, 0x3f, 0xf8,
    0x2, 0xc, 0x2, 0x6, 0x1, 0xf8, 0x48, 0x8,
    0x10, 0x28, 0x3, 0xf4, 0x2, 0x0, 0x38, 0x19,
    0xc0, 0x38, 0x65, 0x82, 0x0, 0x9, 0x1, 0x1f,
    0xa0, 0xd, 0xe6, 0xa, 0x30, 0x9, 0xf1, 0x48,
    0xc0, 0x4, 0x47, 0xd5, 0x0, 0xe3, 0xad, 0xe0,
    0x7, 0xec, 0x10, 0x7, 0xff, 0xfc, 0x3, 0xf0,

    /* U+03C9 "ω" */
    0x0, 0x57, 0xc0, 0x7, 0xc9, 0xfa, 0x1, 0x22,
    0x94, 0x0, 0x7c, 0x8a, 0x4e, 0x0, 0xf0, 0xb0,
    0xf, 0xe8, 0x9, 0x0, 0x20, 0x38, 0x7, 0xf1,
    0x10, 0x4d, 0x0, 0x84, 0x2, 0x4a, 0x60, 0xc,
    0xe0, 0x82, 0x2, 0x1, 0x89, 0x7c, 0x3, 0x10,
    0x71, 0x83, 0x80, 0x7f, 0xde, 0x0, 0x30, 0xf,
    0xfe, 0xf, 0x80, 0x4, 0x18, 0x3, 0x8, 0x18,
    0x6, 0x20, 0xe4, 0x2, 0x20, 0x5, 0xc0, 0xc0,
    0x19, 0x1, 0x1, 0x42, 0x40, 0x4, 0xc6, 0x65,
    0x0, 0x40, 0x91, 0x85, 0x8a, 0x76, 0x68, 0x69,
    0x56, 0xe9, 0xc3, 0x80, 0x3, 0x8a, 0x6, 0x6c,
    0x1c, 0x53, 0x24, 0xc3, 0x0,

    /* U+03CA "ϊ" */
    0xd, 0xd0, 0x1, 0xbd, 0x40, 0x48, 0x80, 0xe,
    0xd, 0x1, 0xcc, 0x0, 0x22, 0xe0, 0x0, 0x66,
    0x0, 0x90, 0x3, 0xbf, 0xc2, 0x1, 0xff, 0xff,
    0x0, 0xff, 0xe0, 0x10, 0x38, 0x7, 0xa8, 0x27,
    0x30, 0xc0, 0x13, 0xb8, 0x4c, 0x8c,

    /* U+03CB "ϋ" */
    0x0, 0x2f, 0xb0, 0x3, 0x74, 0x1, 0xda, 0x1e,
    0x0, 0x22, 0x8, 0x6, 0x8a, 0x90, 0x6, 0x60,
    0x40, 0x39, 0x40, 0x23, 0x30, 0x4, 0x3f, 0xe0,
    0xe, 0x1f, 0xf0, 0x7, 0xf0, 0x88, 0xc, 0x3,
    0xf9, 0x41, 0x0, 0x3f, 0x8c, 0x38, 0x3, 0xfb,
    0xc0, 0xc0, 0x3f, 0xe1, 0x0, 0xff, 0x84, 0x3,
    0xfb, 0x80, 0xc4, 0x0, 0x20, 0x1c, 0xa1, 0xe0,
    0x20, 0xa0, 0x18, 0x8c, 0x10, 0x10, 0x20, 0x2,
    0x1f, 0x5, 0x20, 0x90, 0x3f, 0xcc, 0x71, 0x1d,
    0x80, 0xf, 0x14, 0x4c, 0xe9, 0xc1, 0x0,

    /* U+03CC "ό" */
    0x0, 0xf1, 0xff, 0x90, 0x3, 0xfa, 0xc1, 0x10,
    0x1, 0xfc, 0xa1, 0x20, 0x1f, 0xc4, 0x47, 0x20,
    0xf, 0xe2, 0xf8, 0x0, 0xfc, 0xd9, 0xdf, 0xb2,
    0x40, 0x18, 0x72, 0x4c, 0xf3, 0x6a, 0x80, 0x56,
    0x65, 0xba, 0xce, 0x80, 0xa2, 0x2, 0x50, 0xf2,
    0x0, 0x9d, 0x42, 0x1, 0x40, 0xc8, 0x3, 0xa4,
    0x14, 0x38, 0x14, 0x3, 0xc4, 0x0, 0x13, 0x1,
    0x0, 0xf0, 0x80, 0x8, 0xc0, 0x40, 0x3c, 0x20,
    0x1, 0xe0, 0x50, 0xf, 0x10, 0x0, 0x98, 0xc,
    0x80, 0x3a, 0x41, 0x40, 0x58, 0x38, 0x80, 0x26,
    0x50, 0x90, 0x4, 0xa1, 0xee, 0x63, 0xa4, 0x28,
    0xc0, 0x2b, 0xa4, 0x23, 0x6, 0xd5, 0x0, 0x0,

    /* U+03CD "ύ" */
    0x0, 0xf5, 0xfe, 0x0, 0x7f, 0x20, 0x78, 0x7,
    0xe5, 0x6, 0x30, 0xf, 0xde, 0x30, 0x1, 0xfd,
    0x5c, 0x20, 0x18, 0x7f, 0xc0, 0x1c, 0x3f, 0xe0,
    0xf, 0xe1, 0x10, 0x18, 0x7, 0xf2, 0x82, 0x0,
    0x7f, 0x18, 0x70, 0x7, 0xf7, 0x81, 0x80, 0x7f,
    0xc2, 0x1, 0xff, 0x8, 0x7, 0xf7, 0x1, 0x88,
    0x0, 0x40, 0x39, 0x43, 0xc0, 0x41, 0x40, 0x31,
    0x18, 0x20, 0x20, 0x40, 0x4, 0x3e, 0xa, 0x41,
    0x20, 0x7f, 0x98, 0xe2, 0x3b, 0x0, 0x1e, 0x28,
    0x99, 0xd3, 0x82, 0x0,

    /* U+03CE "ώ" */
    0x0, 0xfe, 0xef, 0x90, 0xf, 0xfe, 0x9, 0x88,
    0x40, 0x7, 0xff, 0x6, 0xc2, 0x4, 0x3, 0xff,
    0x82, 0xa4, 0xe0, 0x1f, 0xfc, 0x2d, 0xd0, 0x7,
    0xf5, 0x7c, 0x0, 0x7c, 0x9f, 0xa0, 0x12, 0x29,
    0x40, 0x7, 0xc8, 0xa4, 0xe0, 0xf, 0xb, 0x0,
    0xfe, 0x80, 0x90, 0x2, 0x3, 0x80, 0x7f, 0x11,
    0x4, 0xd0, 0x8, 0x40, 0x24, 0xa6, 0x0, 0xce,
    0x8, 0x20, 0x20, 0x18, 0x97, 0xc0, 0x31, 0x7,
    0x18, 0x38, 0x7, 0xfd, 0xe0, 0x3, 0x0, 0xff,
    0xe0, 0xf8, 0x0, 0x41, 0x80, 0x30, 0x81, 0x80,
    0x62, 0xe, 0x40, 0x22, 0x0, 0x5c, 0xc, 0x1,
    0x90, 0x10, 0x14, 0x24, 0x0, 0x4c, 0x66, 0x50,
    0x4, 0x9, 0x18, 0x58, 0xa7, 0x66, 0x86, 0x95,
    0x6e, 0x9c, 0x38, 0x0, 0x38, 0xa0, 0x66, 0xc1,
    0xc5, 0x32, 0x4c, 0x30,

    /* U+03CF "Ϗ" */
    0xaf, 0x70, 0xf, 0x37, 0xf8, 0xc0, 0x3f, 0x24,
    0x86, 0x18, 0x7, 0xc7, 0x61, 0x46, 0x1, 0xf1,
    0x68, 0x4a, 0x80, 0x7c, 0x38, 0x30, 0xc0, 0x1f,
    0xe, 0xb, 0xb8, 0x3, 0xf6, 0x93, 0x40, 0x7,
    0xdf, 0x66, 0x12, 0x1, 0xf9, 0xd0, 0x1, 0x20,
    0x1f, 0xcf, 0x60, 0xca, 0x1, 0xf3, 0x42, 0x38,
    0x51, 0x0, 0x7b, 0x80, 0x10, 0x61, 0xc0, 0x1f,
    0xed, 0x13, 0x80, 0xf, 0xe1, 0xa0, 0x74, 0x0,
    0xfe, 0x47, 0xa, 0x10, 0xf, 0xe8, 0x31, 0xa0,
    0xf, 0xf7, 0xa, 0x3d, 0x7b, 0x80, 0x78, 0x88,
    0x18, 0x1, 0xfc, 0x26, 0x1a, 0x1, 0xfd, 0x60,
    0x7, 0x89, 0x30, 0xc, 0x96, 0xa1, 0x42, 0x26,
    0xcf, 0xee, 0x7d, 0xa0, 0x4a, 0x84, 0xd3, 0x10,
    0x8, 0x1b, 0xeb, 0x0, 0x0,

    /* U+03D0 "ϐ" */
    0x0, 0x86, 0x77, 0xfb, 0x18, 0x3, 0x8f, 0xd8,
    0xd0, 0x8e, 0x60, 0x2, 0x2d, 0x1a, 0xeb, 0xcb,
    0x6, 0x0, 0xa0, 0x48, 0x8, 0x7, 0x0, 0x80,
    0x4, 0xa2, 0x2a, 0xdf, 0xe7, 0xf, 0x0, 0x28,
    0x3e, 0x53, 0x22, 0xc7, 0x18, 0x3, 0x3, 0xc1,
    0x66, 0xe9, 0xc4, 0x2, 0x60, 0x33, 0x57, 0x7f,
    0x51, 0x80, 0x46, 0x1f, 0x88, 0xaa, 0x25, 0xc8,
    0x0, 0x8, 0x25, 0x75, 0xd6, 0x58, 0x3a, 0x80,
    0x85, 0x28, 0x6, 0x48, 0x9, 0x3, 0x7, 0x0,
    0xf2, 0x81, 0x83, 0x3, 0x0, 0x78, 0xc0, 0x23,
    0xd, 0x0, 0xf1, 0x0, 0x85, 0x83, 0x0, 0x7a,
    0x81, 0xc0, 0xcc, 0x34, 0x1, 0x9d, 0x82, 0xc0,
    0x1c, 0x2b, 0xf9, 0x7d, 0x1, 0x64, 0x0, 0x2f,
    0x72, 0x34, 0x37, 0xe4, 0x0, 0x0,

    /* U+03D1 "ϑ" */
    0x0, 0xd1, 0xbf, 0xec, 0x60, 0xf, 0xd4, 0xe4,
    0x67, 0x4e, 0x0, 0x78, 0x54, 0x37, 0x31, 0xa2,
    0x72, 0x1, 0xc4, 0x4, 0x40, 0x1, 0x68, 0x31,
    0x0, 0x62, 0x2, 0x20, 0x4, 0x68, 0xa, 0x1,
    0x85, 0xc3, 0x18, 0x2, 0xd0, 0xc0, 0xe, 0x87,
    0x19, 0xfd, 0xca, 0x4, 0xb6, 0x0, 0xd1, 0xd0,
    0x80, 0x66, 0x0, 0x27, 0xd7, 0xfa, 0xc0, 0x5e,
    0xf7, 0xfc, 0x0, 0xe9, 0xd4, 0x4, 0x60, 0xf,
    0xf3, 0xdb, 0x80, 0x80, 0x70, 0x80, 0x4, 0x2,
    0x10, 0x10, 0xe, 0x20, 0x10, 0xc, 0x40, 0x40,
    0x1c, 0xc0, 0xa0, 0x19, 0x81, 0xc0, 0x3b, 0xc3,
    0x0, 0x30, 0x83, 0x80, 0x62, 0x50, 0x60, 0xc,
    0xa1, 0xe0, 0x11, 0x78, 0x40, 0x80, 0x6b, 0x4,
    0xeb, 0xcd, 0x26, 0x70, 0xe, 0x2d, 0x50, 0x42,
    0x4a, 0x90, 0xc,

    /* U+03D2 "ϒ" */
    0xbf, 0x90, 0xf, 0xd3, 0xfd, 0x0, 0xc4, 0x1,
    0xe7, 0x61, 0x43, 0x50, 0x80, 0xe, 0x18, 0xd,
    0xa0, 0xb0, 0x53, 0x0, 0xd2, 0xc, 0x60, 0x1,
    0x70, 0x80, 0x8, 0x9c, 0x20, 0x3, 0x48, 0xa2,
    0x0, 0x10, 0xe, 0x20, 0x18, 0x64, 0x20, 0xd,
    0x46, 0x0, 0x3c, 0xe2, 0x6b, 0x1, 0x20, 0x1f,
    0xac, 0x2d, 0x9, 0xc0, 0x3f, 0x29, 0x8, 0x40,
    0x7, 0xfa, 0x0, 0x54, 0x3, 0xfc, 0x20, 0x1f,
    0xff, 0xf0, 0x8,

    /* U+03D3 "ϓ" */
    0xc, 0xfc, 0xa, 0xfa, 0x0, 0xfd, 0x1f, 0xe1,
    0x30, 0xf0, 0x80, 0x53, 0x0, 0xf3, 0x38, 0x23,
    0x83, 0x18, 0x13, 0x4, 0x0, 0x7a, 0x2, 0xed,
    0x83, 0x0, 0x14, 0x2, 0x18, 0x6, 0x81, 0x54,
    0xa, 0xe1, 0x0, 0x85, 0xc3, 0xc0, 0x21, 0x70,
    0x80, 0xf, 0xe8, 0x13, 0x40, 0x4, 0x3, 0x10,
    0x7, 0xfa, 0x2, 0x40, 0x98, 0x20, 0x3, 0xfe,
    0x62, 0x22, 0xc8, 0x40, 0x80, 0x7f, 0xf0, 0x20,
    0x2d, 0x5, 0xc0, 0x3f, 0xf8, 0x2a, 0x62, 0x10,
    0x1, 0xff, 0xc3, 0x90, 0x16, 0x0, 0xff, 0xe1,
    0x88, 0x7, 0xff, 0xfc, 0x3, 0xff, 0xa0,

    /* U+03D4 "ϔ" */
    0x0, 0xc8, 0x20, 0x2, 0x30, 0xf, 0x9a, 0xe8,
    0x1, 0x98, 0x20, 0xf, 0x10, 0x60, 0x1, 0x44,
    0xc0, 0x3c, 0x9e, 0xe0, 0xb, 0xe1, 0x0, 0xff,
    0xe2, 0xdf, 0xc8, 0x7, 0xe9, 0xfe, 0x80, 0x62,
    0x0, 0xf3, 0xb0, 0xa1, 0xa8, 0x40, 0x7, 0xc,
    0x6, 0xd0, 0x58, 0x29, 0x80, 0x69, 0x6, 0x30,
    0x0, 0xb8, 0x40, 0x4, 0x4e, 0x10, 0x1, 0xa4,
    0x51, 0x0, 0x8, 0x7, 0x10, 0xc, 0x32, 0x10,
    0x6, 0xa3, 0x0, 0x1e, 0x71, 0x35, 0x80, 0x90,
    0xf, 0xd6, 0x16, 0x84, 0xe0, 0x1f, 0x94, 0x84,
    0x20, 0x3, 0xfd, 0x0, 0x2a, 0x1, 0xfe, 0x10,
    0xf, 0xff, 0xf8, 0x4,

    /* U+03D5 "ϕ" */
    0x0, 0xf2, 0xfe, 0x0, 0x7f, 0xff, 0xd6, 0xa0,
    0xe, 0x9c, 0x40, 0x3c, 0x9d, 0x4a, 0x40, 0x5,
    0x8e, 0x70, 0xc, 0x96, 0x2f, 0xd4, 0x7, 0xf2,
    0x31, 0x20, 0x15, 0x4, 0x40, 0x40, 0x33, 0x78,
    0xb2, 0x2, 0x88, 0x9c, 0x3, 0xe1, 0x90, 0xf0,
    0xc0, 0x50, 0xf, 0xe4, 0x4, 0x3, 0x2, 0x0,
    0xfe, 0x20, 0x0, 0x98, 0x7, 0xfc, 0x60, 0x1,
    0xe0, 0x50, 0xf, 0xe6, 0x1, 0x5, 0x3, 0x20,
    0xf, 0xdc, 0x8, 0x4, 0xa1, 0x20, 0x1f, 0x32,
    0x84, 0x0, 0x28, 0xd3, 0x9f, 0x40, 0x5a, 0xe4,
    0x28, 0x80, 0x2c, 0x80, 0x87, 0x2, 0x94, 0x46,
    0x28, 0x7, 0x3f, 0x63, 0x1, 0x57, 0x59, 0x80,
    0x7e, 0x3c, 0x1, 0x51, 0x0, 0xff, 0xfc, 0x80,

    /* U+03D6 "ϖ" */
    0x7f, 0xff, 0xfe, 0x38, 0x92, 0x20, 0x0, 0x48,
    0x9f, 0xc2, 0x4, 0x88, 0x15, 0xbb, 0x0, 0x3e,
    0xef, 0xf9, 0x81, 0x2e, 0xc0, 0x12, 0x81, 0x90,
    0x7, 0xf5, 0x3, 0x80, 0x76, 0x2, 0x0, 0x65,
    0x72, 0x0, 0x88, 0x4, 0x80, 0x31, 0x7, 0x0,
    0x6e, 0x86, 0x0, 0xc4, 0xc, 0x1, 0xff, 0xc6,
    0x10, 0x10, 0xc, 0x20, 0x1f, 0xfc, 0x11, 0x1,
    0x0, 0xc6, 0x1c, 0x1, 0x9c, 0x4, 0x3, 0x10,
    0x30, 0x6, 0xc0, 0x50, 0xc, 0x40, 0x40, 0x11,
    0x80, 0x90, 0x6, 0x51, 0x26, 0x0, 0x30, 0x9c,
    0x88, 0x3, 0xc1, 0x80, 0x3d, 0x61, 0x3b, 0xa9,
    0x4e, 0x1e, 0xce, 0x32, 0x80, 0xf, 0x2d, 0x99,
    0x1a, 0xd1, 0x59, 0x98, 0x1b, 0x0, 0x30,

    /* U+03D7 "ϗ" */
    0xff, 0x20, 0x6, 0xbf, 0xc0, 0xf, 0xa5, 0xb,
    0x40, 0x3c, 0xcc, 0x1f, 0x10, 0xe, 0x49, 0xa,
    0x20, 0xc, 0xe5, 0x61, 0x28, 0x1, 0xcf, 0xe0,
    0xcc, 0x0, 0xf4, 0x90, 0x20, 0x7, 0xc5, 0x4,
    0x4a, 0x0, 0xf4, 0xbf, 0x82, 0xb0, 0x7, 0x10,
    0x14, 0x84, 0x90, 0x7, 0xcc, 0x81, 0xe0, 0x1f,
    0xa8, 0x4a, 0x80, 0x3e, 0x1a, 0x5, 0x57, 0xf9,
    0x0, 0x32, 0x8, 0x18, 0x7, 0xca, 0x22, 0x6a,
    0x85, 0x32, 0x48, 0xa0, 0xb0, 0x26, 0xac, 0xdb,
    0x73, 0xc5, 0x8, 0xed, 0xba, 0xbe, 0xc3, 0x0,
    0x0,

    /* U+03D8 "Ϙ" */
    0x0, 0xcb, 0x5b, 0xdf, 0xb6, 0xc2, 0x1, 0xc5,
    0x94, 0xa4, 0x2, 0x49, 0x3e, 0xa0, 0x10, 0xe1,
    0x95, 0x7f, 0x73, 0xf1, 0x6, 0x90, 0x1, 0x42,
    0x58, 0xa0, 0x18, 0xed, 0x82, 0x80, 0x50, 0x24,
    0x40, 0x3e, 0x91, 0x13, 0x20, 0xa, 0x0, 0x7f,
    0x38, 0x61, 0x1, 0x0, 0x7f, 0xb8, 0x18, 0x3,
    0xff, 0x88, 0x40, 0x40, 0x1f, 0xed, 0x6, 0x40,
    0x14, 0x0, 0xfe, 0x40, 0xc1, 0x40, 0x91, 0x0,
    0xfa, 0x44, 0x4e, 0x14, 0x25, 0x8a, 0x1, 0x8e,
    0xd8, 0x28, 0x40, 0x70, 0x89, 0x5f, 0xdc, 0xfc,
    0x41, 0xb4, 0x0, 0x8b, 0x69, 0x48, 0x46, 0x49,
    0xe4, 0x0, 0xf2, 0xd6, 0x80, 0x36, 0xd8, 0x3,
    0xff, 0xb0,

    /* U+03D9 "ϙ" */
    0x0, 0x9a, 0xfb, 0xf6, 0x48, 0x3, 0xae, 0x50,
    0xce, 0x6d, 0x40, 0xa, 0x50, 0xb7, 0x59, 0xd0,
    0x16, 0x40, 0x4c, 0x1e, 0x40, 0x13, 0xb0, 0x58,
    0x28, 0x19, 0x0, 0x75, 0x3, 0x87, 0x2, 0x80,
    0x78, 0xc0, 0x44, 0x60, 0x20, 0x1f, 0xc4, 0x60,
    0x20, 0x1f, 0xc3, 0xc0, 0x40, 0x1e, 0x20, 0x1,
    0x20, 0x20, 0x80, 0x75, 0x1, 0x81, 0x98, 0x24,
    0x3, 0xb, 0x5, 0x0, 0x3c, 0x1e, 0x50, 0xdb,
    0x5, 0x18, 0x0, 0x78, 0x4d, 0x79, 0x24, 0xb6,
    0x1, 0x8f, 0x70, 0x81, 0xb6, 0x80, 0x3e, 0x31,
    0xc, 0x20, 0xf, 0xff, 0x60,

    /* U+03DA "Ϛ" */
    0x0, 0xc9, 0x3b, 0xdf, 0xed, 0x94, 0x0, 0x8b,
    0x2d, 0x88, 0x44, 0x4, 0xd6, 0x40, 0x38, 0x63,
    0x3d, 0xfd, 0xfd, 0x2e, 0x41, 0x42, 0x5e, 0xc2,
    0x1, 0xb, 0x40, 0x12, 0x4, 0x88, 0x7, 0xf2,
    0x0, 0xa0, 0x7, 0xf8, 0x40, 0x80, 0x3f, 0xf9,
    0xa4, 0x6, 0x1, 0xff, 0x20, 0x2, 0x0, 0x3f,
    0xc2, 0xe0, 0xee, 0x0, 0xff, 0x42, 0x4, 0x6c,
    0xb2, 0x90, 0x7, 0xae, 0x48, 0x8d, 0x34, 0x80,
    0x1f, 0x36, 0xea, 0x88, 0x3, 0xfe, 0x25, 0x10,
    0xf, 0xfe, 0xb0,

    /* U+03DB "ϛ" */
    0x0, 0x9b, 0x3b, 0xfa, 0xd0, 0x1, 0x92, 0x60,
    0x22, 0x42, 0xa, 0x32, 0xce, 0xe7, 0xdb, 0x92,
    0x87, 0x18, 0x4, 0x82, 0xa0, 0x66, 0x0, 0xf7,
    0x2, 0x80, 0x7c, 0x60, 0x20, 0x1f, 0xfc, 0x52,
    0x2, 0x0, 0xfb, 0x1, 0x44, 0x3, 0xc8, 0x41,
    0x86, 0x1, 0xef, 0x12, 0xcd, 0x83, 0x0, 0x8b,
    0xdc, 0x49, 0xf2, 0x40, 0x21, 0x8e, 0xd7, 0x6,
    0x40, 0xe, 0x28, 0x60, 0x30, 0xf, 0x88, 0x4,
    0x0, 0xd9, 0x32, 0xc4, 0x17, 0x0, 0x10, 0xb3,
    0x9, 0xbc, 0x40,

    /* U+03DC "Ϝ" */
    0xaf, 0xff, 0xd4, 0x1, 0x8, 0xf8, 0xc0, 0x11,
    0xdd, 0xe9, 0x0, 0xff, 0xf4, 0x47, 0xff, 0x84,
    0x0, 0x23, 0xc0, 0x1d, 0x3d, 0xd8, 0x3, 0xff,
    0x90, 0x42, 0x1, 0xfb, 0x78, 0x40, 0x3f, 0xfa,
    0x40,

    /* U+03DD "ϝ" */
    0xaf, 0xff, 0xda, 0x0, 0x11, 0xfc, 0x0, 0x9e,
    0xef, 0x60, 0x7, 0xff, 0x7a, 0x77, 0x7c, 0x20,
    0x1, 0x22, 0xf1, 0x80, 0x23, 0xff, 0x8, 0x7,
    0xff, 0x46, 0x60, 0xc0, 0x3e, 0x77, 0x8, 0x7,
    0xff, 0x98,

    /* U+03DE "Ϟ" */
    0xd, 0xfe, 0x70, 0xf, 0xe6, 0x21, 0x86, 0x0,
    0xfd, 0x7a, 0xc1, 0xe0, 0x1f, 0xfc, 0x1, 0x0,
    0xff, 0x20, 0x60, 0x7, 0xf1, 0x10, 0x10, 0x3,
    0xf9, 0x41, 0x0, 0x3f, 0xd6, 0x9, 0xff, 0xed,
    0x0, 0x9, 0x8, 0xf8, 0x0, 0xa0, 0x1, 0xee,
    0xf8, 0x42, 0xc0, 0x3f, 0x8c, 0x44, 0x60, 0x1f,
    0xd6, 0x8, 0x1, 0xfe, 0x50, 0xf0, 0xf, 0xf1,
    0x2, 0x0, 0x7f, 0xf0, 0xc, 0x3, 0xfc, 0x61,
    0xba, 0x60, 0xf, 0xda, 0xa2, 0x66,

    /* U+03DF "ϟ" */
    0x3e, 0xfd, 0x50, 0xf, 0x88, 0xcc, 0x54, 0x40,
    0x1e, 0x1d, 0xc3, 0x7, 0x0, 0xfe, 0x10, 0x10,
    0xf, 0xc2, 0x40, 0xa0, 0x1f, 0x9c, 0x10, 0x40,
    0x3f, 0x50, 0x70, 0x7, 0xe2, 0x30, 0x50, 0xf,
    0xd4, 0xc, 0x1, 0xfc, 0xc1, 0x40, 0x3, 0x69,
    0xdf, 0x35, 0x10, 0xac, 0xfc, 0x96, 0x20, 0x2e,
    0x0, 0x31, 0x81, 0xb2, 0x82, 0xb, 0x12, 0xc6,
    0x7e, 0x48, 0x87, 0x6, 0xea, 0x9c, 0xc0, 0x2,
    0x80, 0xa0, 0x1f, 0x98, 0x14, 0x3, 0xfa, 0xc3,
    0x80, 0x3f, 0x11, 0x8a, 0x0, 0x7e, 0xa0, 0x70,
    0xf, 0xe5, 0xa, 0x0, 0xfc, 0x44, 0x13, 0x0,
    0xfc, 0xe0, 0xa0, 0x1f, 0xf3, 0x0, 0x7f, 0x20,
    0x17, 0x63, 0x0, 0x78, 0x70, 0xc4, 0xc0, 0x0,

    /* U+03E0 "Ϡ" */
    0x1, 0x7c, 0xef, 0xec, 0x81, 0x0, 0xef, 0x83,
    0x11, 0x8d, 0xf9, 0x80, 0x33, 0xae, 0x7f, 0x7e,
    0x98, 0x4b, 0x0, 0x53, 0x46, 0x0, 0x1b, 0x30,
    0x4, 0x88, 0x7, 0x9f, 0x98, 0x64, 0xc2, 0x0,
    0x31, 0xec, 0x3, 0xf3, 0x48, 0x38, 0x7, 0x12,
    0x6c, 0x0, 0x1c, 0x4, 0xc0, 0x23, 0xdb, 0x20,
    0x3, 0xe8, 0x1, 0x40, 0x31, 0x0, 0x17, 0x60,
    0x4, 0x4, 0x3, 0x87, 0x28, 0x97, 0x94, 0x3c,
    0x3, 0x84, 0xf, 0x28, 0x40, 0x2, 0x1, 0xed,
    0xc3, 0x0, 0x38, 0x8, 0x7, 0x84, 0x3, 0x8,
    0x70, 0x7, 0xfc, 0x40, 0x40, 0x1f, 0xe4, 0x0,
    0x20, 0x7, 0xfb, 0x41, 0x0, 0x3f, 0xe7, 0xe,
    0x0,

    /* U+03E1 "ϡ" */
    0xb, 0x94, 0x0, 0xff, 0xe0, 0x23, 0x5f, 0x38,
    0x80, 0x7f, 0x6c, 0xa0, 0xc7, 0x28, 0x7, 0xe2,
    0x6b, 0xd5, 0xa, 0xa0, 0x7, 0xf8, 0xaa, 0x82,
    0xb6, 0x1, 0xff, 0x2e, 0xa, 0x50, 0x7, 0xfc,
    0x52, 0xa, 0xa0, 0xf, 0xc9, 0x3d, 0x0, 0xa,
    0x10, 0xf, 0x65, 0xb1, 0xbe, 0x10, 0x30, 0x7,
    0xa9, 0xf7, 0x50, 0x70, 0x12, 0x1, 0xe6, 0x82,
    0x0, 0x94, 0x44, 0x80, 0x1f, 0xe3, 0x80, 0x6,
    0x0, 0x7c, 0x71, 0xb8, 0xe2, 0x8, 0x1, 0xe5,
    0xc7, 0x7, 0xcc, 0x0, 0x80, 0x79, 0x1f, 0x36,
    0xc, 0x40, 0x80, 0x3c, 0x30, 0x60, 0x11, 0x80,
    0x7f, 0xf0, 0x8c, 0x3, 0xff, 0x84, 0x20, 0x20,
    0x1f, 0xfc, 0x6, 0x2, 0x0, 0xff, 0xe0, 0x68,
    0x28, 0x7, 0xff, 0x1, 0x3, 0xc0, 0x3f, 0xe1,
    0x30, 0x70, 0xf, 0xf9, 0xc0, 0xc4, 0x3, 0xfe,
    0xb0, 0x90, 0x0,

    /* U+03F0 "ϰ" */
    0x5f, 0xf6, 0x20, 0x7, 0x87, 0xbd, 0x1, 0xc8,
    0x4e, 0xd0, 0x3, 0xb4, 0x49, 0x0, 0xb7, 0x90,
    0x20, 0x3, 0x49, 0x82, 0x80, 0x74, 0x81, 0x80,
    0x4c, 0xc0, 0x6, 0x0, 0x71, 0x0, 0x8, 0xe,
    0x40, 0x24, 0x0, 0xfe, 0x1d, 0x7, 0x2, 0x0,
    0xfe, 0x3a, 0x16, 0xd0, 0x10, 0xf, 0x8, 0xc,
    0xa1, 0xc9, 0x83, 0x80, 0x79, 0x40, 0x5c, 0x74,
    0xc, 0x1c, 0x3, 0xd8, 0x1, 0x68, 0x83, 0x1,
    0x0, 0x79, 0x0, 0x12, 0x60, 0x3, 0x1, 0x60,
    0xc, 0x26, 0xa, 0xc0, 0x19, 0xc2, 0x76, 0xc0,
    0xc, 0x5, 0x40, 0x1d, 0x10, 0x12, 0x70,

    /* U+03F1 "ϱ" */
    0x0, 0x97, 0x3f, 0xdb, 0x22, 0x1, 0xd5, 0x43,
    0x23, 0x26, 0xe3, 0x0, 0x99, 0x47, 0x37, 0x3d,
    0x83, 0x44, 0x1, 0x61, 0x66, 0x1, 0x49, 0x8c,
    0x81, 0x10, 0x14, 0x3, 0xa8, 0x14, 0x18, 0x8,
    0x3, 0xca, 0x4, 0x1, 0xfe, 0x10, 0x8, 0x40,
    0x3f, 0x8, 0x7, 0xff, 0x1, 0x80, 0x80, 0x3f,
    0xd2, 0xa, 0x1, 0x13, 0x80, 0x68, 0x31, 0x90,
    0x10, 0x4, 0x7e, 0x63, 0x9c, 0x74, 0x40, 0x24,
    0xa4, 0x23, 0x33, 0xf9, 0x80, 0x18, 0x19, 0x6f,
    0xbf, 0x60, 0x40, 0x22, 0x29, 0xc0, 0x3f, 0xd2,
    0x11, 0xfb, 0x97, 0x4a, 0x1, 0x93, 0x5c, 0xce,
    0x45, 0xa2, 0x0, 0xc5, 0x19, 0xdf, 0xe3, 0x6,
    0x0, 0xff, 0x38, 0x38, 0x0,

    /* U+03F2 "ϲ" */
    0x0, 0x9a, 0xfb, 0xf6, 0xd4, 0x1, 0x92, 0x80,
    0x24, 0x86, 0x14, 0x65, 0x9d, 0xcf, 0xb7, 0x25,
    0xf, 0x30, 0x9, 0x5, 0x40, 0xc8, 0x3, 0xdc,
    0xa, 0x1, 0xf1, 0x80, 0x80, 0x7c, 0x60, 0x1f,
    0xdc, 0x6, 0x1, 0xf2, 0x2, 0x10, 0x7, 0x8d,
    0x3, 0xc8, 0x2, 0x23, 0xa, 0x22, 0x6f, 0x6f,
    0x6d, 0x80, 0xec, 0x18, 0x10, 0x2d, 0x80,

    /* U+03F3 "ϳ" */
    0x0, 0xd9, 0xc2, 0x1, 0x9, 0x8a, 0x80, 0x43,
    0xe, 0x80, 0x19, 0xe0, 0x3, 0xbf, 0xc4, 0x1,
    0xff, 0xff, 0x0, 0xff, 0xe8, 0x98, 0x4, 0x80,
    0x1, 0x4d, 0xcb, 0x7, 0x7, 0x33, 0xb, 0xc0,
    0x0,

    /* U+03F4 "ϴ" */
    0x0, 0xc7, 0x3b, 0xfe, 0xec, 0x71, 0x0, 0xfa,
    0x31, 0x88, 0x4, 0x47, 0x1c, 0xa0, 0x1d, 0x4e,
    0x11, 0xdf, 0xdf, 0xac, 0x14, 0xa0, 0x12, 0xa8,
    0x31, 0xc4, 0x2, 0x29, 0x80, 0xb1, 0x0, 0x40,
    0x41, 0x80, 0x7c, 0xe6, 0x32, 0x4, 0x40, 0x60,
    0xf, 0xe9, 0x5, 0x7, 0x2, 0x10, 0xf, 0xe7,
    0x2, 0x12, 0x2, 0xdd, 0xff, 0x78, 0x0, 0xfc,
    0x0, 0x45, 0xff, 0x0, 0x1b, 0xc0, 0xbf, 0xff,
    0xdc, 0x0, 0x62, 0x2, 0x0, 0xff, 0x10, 0x0,
    0xd0, 0x0, 0x60, 0x1f, 0xc8, 0x4, 0x22, 0x20,
    0xa0, 0xf, 0xea, 0x5, 0x0, 0x40, 0x32, 0x0,
    0x7d, 0x24, 0x32, 0x0, 0x55, 0x5, 0xc0, 0x80,
    0x47, 0x4c, 0x16, 0x20, 0x15, 0x38, 0x3f, 0x75,
    0xf8, 0xa1, 0x6a, 0x1, 0xd1, 0x8c, 0x42, 0x31,
    0xc7, 0x20, 0x4,

    /* U+03F5 "ϵ" */
    0x0, 0x96, 0xfb, 0xfb, 0x20, 0x2, 0xba, 0x41,
    0x20, 0x34, 0x0, 0x52, 0x16, 0x7e, 0xf7, 0x40,
    0x4a, 0x1e, 0x60, 0x10, 0x90, 0x28, 0x21, 0x0,
    0x7d, 0xc0, 0xd7, 0x7d, 0x20, 0x3, 0x2, 0x44,
    0xf0, 0x0, 0xc1, 0xff, 0xfb, 0x40, 0x1c, 0x6,
    0x1, 0xf9, 0x41, 0x4, 0x3, 0xe2, 0x40, 0xc2,
    0x0, 0x85, 0x0, 0x14, 0x65, 0xba, 0xce, 0xe5,
    0x0, 0x7, 0x25, 0xc, 0xc2, 0x70, 0x0,

    /* U+03F6 "϶" */
    0x8, 0xce, 0xfe, 0xb5, 0x0, 0xcc, 0x60, 0x42,
    0x95, 0x60, 0x16, 0xf7, 0x37, 0xec, 0x52, 0x0,
    0x6, 0x20, 0x12, 0x68, 0x38, 0x7, 0xe3, 0x20,
    0x50, 0x5, 0xdf, 0x8c, 0x8, 0x0, 0x89, 0xe1,
    0xf, 0x0, 0x7f, 0xf9, 0x3, 0x80, 0x3f, 0x28,
    0x10, 0x7, 0xca, 0x22, 0x42, 0x30, 0xc, 0xd4,
    0x12, 0xd, 0x9f, 0xba, 0xf9, 0x7, 0x70, 0x2b,
    0x11, 0x66, 0xc8, 0x0, 0x0,

    /* U+03F7 "Ϸ" */
    0xaf, 0x70, 0xf, 0xfe, 0xbc, 0x7f, 0xdd, 0x6c,
    0x1, 0xc2, 0x44, 0x11, 0x24, 0xe8, 0x80, 0x53,
    0xba, 0xef, 0xa1, 0x2a, 0x0, 0xfc, 0xb4, 0x8,
    0x40, 0x1f, 0x90, 0x0, 0xc0, 0x1f, 0xf3, 0x80,
    0x7e, 0x40, 0x1, 0x80, 0x7c, 0xd4, 0xe, 0x1,
    0x4e, 0xeb, 0xbe, 0x45, 0xa0, 0x2, 0x12, 0x20,
    0x92, 0xdc, 0x80, 0x68, 0xff, 0xb6, 0x90, 0x3,
    0xff, 0xb6,

    /* U+03F8 "ϸ" */
    0xff, 0x10, 0x7, 0xff, 0xc1, 0x2f, 0xbf, 0x5c,
    0x3, 0xaa, 0xd4, 0x8a, 0x8c, 0x0, 0xcf, 0x3d,
    0x9b, 0xa1, 0x38, 0x0, 0x95, 0x80, 0x22, 0xa0,
    0x70, 0xb, 0xc0, 0x39, 0x0, 0x6, 0x0, 0x60,
    0xf, 0x18, 0x28, 0x0, 0x40, 0x3f, 0xe1, 0x0,
    0xf0, 0x81, 0x80, 0x18, 0x3, 0xc4, 0xc, 0x0,
    0xf0, 0xe, 0x50, 0x1, 0x80, 0x15, 0x80, 0x22,
    0xb0, 0x70, 0x9, 0xe7, 0xb3, 0x1a, 0x27, 0x0,
    0x14, 0xd9, 0x19, 0x8a, 0x30, 0x3, 0x1a, 0x67,
    0xfb, 0x5c, 0x3, 0xff, 0xe6,

    /* U+03F9 "Ϲ" */
    0x0, 0xc2, 0xf9, 0xdf, 0xdb, 0x4a, 0x1, 0x97,
    0xa0, 0xc4, 0x62, 0x5a, 0x20, 0x3, 0xd0, 0x25,
    0xff, 0x7f, 0x4b, 0x90, 0x1c, 0x3, 0xda, 0x0,
    0x42, 0xd0, 0x0, 0x80, 0x48, 0x0, 0xfe, 0x14,
    0xf, 0x0, 0xff, 0x20, 0x1, 0x0, 0x3f, 0xc6,
    0x4, 0x1, 0xff, 0x70, 0x8, 0x7, 0xfd, 0xe0,
    0x1f, 0xfc, 0x12, 0x3, 0x0, 0xff, 0x9c, 0x0,
    0x60, 0x1f, 0xe2, 0x20, 0x48, 0x7, 0xfd, 0x0,
    0xac, 0x1, 0xfe, 0x55, 0x4, 0xd1, 0x80, 0x63,
    0x50, 0xa, 0x98, 0x17, 0x3f, 0xbf, 0xd9, 0x20,
    0x1a, 0x71, 0x88, 0x4, 0x9, 0x60, 0x0,

    /* U+03FA "Ϻ" */
    0xaf, 0xf4, 0x0, 0x7f, 0xb3, 0xfc, 0xe0, 0x13,
    0x90, 0x7, 0xe6, 0x30, 0xe, 0x40, 0xe0, 0xf,
    0x86, 0x1, 0x0, 0x37, 0x91, 0xb0, 0x7, 0xac,
    0x5c, 0x80, 0x3a, 0x42, 0x4, 0x3, 0x22, 0x94,
    0x18, 0x7, 0x22, 0x8c, 0x0, 0x69, 0x9, 0x0,
    0xfd, 0x60, 0xc6, 0x0, 0x72, 0x54, 0x1, 0x0,
    0xc2, 0x3, 0x21, 0xe0, 0x50, 0x36, 0x1, 0xfe,
    0x63, 0x33, 0x48, 0x40, 0x80, 0x7f, 0xde, 0x12,
    0x86, 0xc0, 0x1f, 0xfc, 0x3, 0x60, 0x7, 0x0,
    0x7f, 0xf0, 0xa6, 0xf0, 0x80, 0x3f, 0xf8, 0x68,
    0x60, 0x1f, 0xff, 0xf0, 0xe,

    /* U+03FB "ϻ" */
    0xff, 0x68, 0x7, 0xcb, 0xfe, 0x60, 0x1, 0x38,
    0x7, 0xd, 0x80, 0x7a, 0x8, 0x3, 0x58, 0x80,
    0x74, 0x7, 0x0, 0x48, 0xa6, 0xa0, 0x19, 0xcc,
    0xcc, 0x3, 0x41, 0xc0, 0x1c, 0x3c, 0x12, 0x30,
    0x30, 0x40, 0x1e, 0x28, 0xc, 0x63, 0x70, 0xf,
    0xce, 0x64, 0x1c, 0x1, 0xfe, 0xe9, 0xb2, 0x0,
    0xff, 0x13, 0x20, 0x7, 0xff, 0xbe, 0xbd, 0x80,
    0x3f, 0xff, 0x40,

    /* U+03FC "ϼ" */
    0x0, 0xcb, 0x9f, 0xed, 0x92, 0x0, 0xf4, 0xd1,
    0x91, 0x93, 0x6a, 0x0, 0x66, 0x60, 0xee, 0xb3,
    0xd8, 0x2c, 0x40, 0x2b, 0xb, 0x20, 0xa, 0x4c,
    0x24, 0x0, 0x24, 0xa, 0x1, 0xd2, 0xa, 0x0,
    0x20, 0x20, 0xf, 0x38, 0x10, 0x1, 0xc0, 0x3f,
    0x18, 0x6, 0x10, 0xf, 0xc6, 0x1, 0xff, 0xc1,
    0x70, 0x20, 0xf, 0xfb, 0x81, 0x40, 0x31, 0x30,
    0x6, 0x84, 0x19, 0x0, 0xe9, 0xfc, 0xc7, 0x38,
    0xd0, 0x80, 0x64, 0xb4, 0x23, 0x33, 0x62, 0x0,
    0x73, 0xa5, 0xf7, 0xec, 0x90, 0x7, 0xff, 0x16,
    0x64, 0x5, 0x55, 0x9c, 0x3, 0x9c, 0xc0, 0x55,
    0x76, 0x80, 0x77, 0x50, 0x1f, 0xfe, 0xa0, 0xf,
    0xfe, 0x38,

    /* U+03FD "Ͻ" */
    0x4, 0x9c, 0xef, 0xf6, 0xd2, 0x0, 0x61, 0xb6,
    0x31, 0x10, 0x12, 0xdd, 0x80, 0x21, 0x98, 0xdf,
    0xef, 0xd6, 0x4, 0xc0, 0x9, 0x9c, 0x80, 0x22,
    0x9b, 0x3, 0x80, 0xf, 0xf2, 0x38, 0x38, 0x7,
    0xfd, 0x20, 0x4, 0x0, 0xff, 0x9, 0x86, 0x0,
    0x7f, 0xcc, 0x2, 0x1, 0xff, 0x18, 0x18, 0x7,
    0xfc, 0x60, 0x60, 0x1f, 0xf3, 0x0, 0x80, 0x7f,
    0x84, 0xc3, 0x0, 0x3f, 0xd0, 0x2, 0x80, 0x1f,
    0xca, 0xc1, 0x0, 0x4, 0x40, 0x6, 0x29, 0xa0,
    0x46, 0x0, 0x6d, 0xff, 0xbb, 0xf5, 0x81, 0xac,
    0x2, 0xa6, 0x20, 0x10, 0x26, 0xc9, 0x0, 0x80,

    /* U+03FE "Ͼ" */
    0x0, 0xc2, 0xf9, 0xdf, 0xdb, 0x4a, 0x1, 0x97,
    0xa0, 0xc4, 0x62, 0x5a, 0x20, 0x3, 0xd0, 0x25,
    0xff, 0x7f, 0x4c, 0x10, 0x1c, 0x3, 0xda, 0x0,
    0x42, 0xce, 0x0, 0x80, 0x48, 0x0, 0xfe, 0x14,
    0xf, 0x0, 0xff, 0x20, 0x1, 0x0, 0x31, 0x0,
    0x71, 0x81, 0x0, 0x6d, 0xd4, 0x80, 0x6e, 0x1,
    0x0, 0x84, 0x81, 0x0, 0x37, 0x80, 0x70, 0xa8,
    0x50, 0x6, 0x20, 0x30, 0xd, 0x5e, 0xe0, 0x19,
    0xc0, 0x6, 0x1, 0xfe, 0x22, 0x4, 0x80, 0x7f,
    0xd0, 0xa, 0xc0, 0x1f, 0xe5, 0x50, 0x4d, 0x18,
    0x6, 0x35, 0x0, 0xa9, 0x81, 0x73, 0xfb, 0xfd,
    0x92, 0x1, 0xa7, 0x18, 0x80, 0x40, 0x96, 0x0,

    /* U+03FF "Ͽ" */
    0x4, 0x9c, 0xef, 0xf6, 0xd2, 0x0, 0x61, 0xb6,
    0x31, 0x10, 0x12, 0xdd, 0x80, 0x21, 0x98, 0xdf,
    0xef, 0xd6, 0x4, 0xc0, 0x9, 0x9c, 0x80, 0x22,
    0x9b, 0x3, 0x80, 0xf, 0xf2, 0x38, 0x38, 0x7,
    0xfd, 0x20, 0x4, 0x0, 0xe2, 0x10, 0x8, 0x4c,
    0x30, 0x3, 0x3e, 0xf8, 0x80, 0x4c, 0x2, 0x1,
    0xb4, 0x4, 0x80, 0x23, 0x3, 0x0, 0xde, 0x6,
    0x60, 0x8, 0xc0, 0xc0, 0x32, 0xfe, 0x0, 0x66,
    0x1, 0x0, 0xff, 0x9, 0x86, 0x0, 0x7f, 0xa0,
    0x5, 0x0, 0x3f, 0x95, 0x82, 0x0, 0x8, 0x81,
    0x0, 0x8a, 0x68, 0x11, 0x80, 0x1b, 0x7d, 0xfd,
    0xfa, 0xc0, 0xd6, 0x1, 0x53, 0x10, 0x8, 0x13,
    0x64, 0x80, 0x40,

    /* U+0400 "Ѐ" */
    0x0, 0x1c, 0x40, 0xc0, 0x3f, 0x8f, 0xdf, 0x10,
    0x3, 0xf9, 0xf0, 0x6d, 0x40, 0x3f, 0x8f, 0xe0,
    0x84, 0x3, 0xf8, 0x5d, 0xc2, 0x1, 0x9b, 0xff,
    0xfe, 0x70, 0xf, 0xfe, 0x27, 0x77, 0xf3, 0x80,
    0x42, 0x3f, 0xc0, 0x1f, 0xfd, 0xff, 0xff, 0xce,
    0x1, 0xff, 0xc5, 0xee, 0xfc, 0xe0, 0x18, 0x47,
    0xf0, 0x7, 0xff, 0x80, 0x47, 0xfc, 0x1, 0x77,
    0x7f, 0x60, 0x7, 0xff, 0x4,

    /* U+0401 "Ё" */
    0x0, 0x89, 0xc0, 0x26, 0x30, 0xf, 0x7c, 0x38,
    0x2c, 0xe0, 0x7, 0x90, 0xc, 0x1c, 0x50, 0x3,
    0xd3, 0xe8, 0x5, 0xd6, 0x1, 0xff, 0xc4, 0x6f,
    0xff, 0xf9, 0xc0, 0x3f, 0xf8, 0x9d, 0xdf, 0xce,
    0x1, 0x8, 0xff, 0x0, 0x7f, 0xf7, 0xff, 0xff,
    0x38, 0x7, 0xff, 0x17, 0xbb, 0xf3, 0x80, 0x61,
    0x1f, 0xc0, 0x1f, 0xfe, 0x1, 0x1f, 0xf0, 0x5,
    0xdd, 0xfd, 0x80, 0x1f, 0xfc, 0x10,

    /* U+0402 "Ђ" */
    0xaf, 0xff, 0xfe, 0xe, 0x0, 0x7f, 0xf3, 0x6f,
    0xbb, 0x84, 0x1f, 0xbb, 0xb4, 0x3, 0x84, 0x7c,
    0x0, 0xf1, 0x1f, 0x0, 0x7f, 0xff, 0x79, 0xaf,
    0x7f, 0xeb, 0x50, 0xf, 0xf9, 0xa5, 0x8, 0x2,
    0x4a, 0xb0, 0xf, 0xf0, 0xb5, 0xef, 0xf5, 0xa0,
    0x23, 0x80, 0x7f, 0x4c, 0x90, 0x80, 0x52, 0xd0,
    0x28, 0x3, 0xff, 0x8b, 0xc0, 0x40, 0x1f, 0xfc,
    0x53, 0x0, 0xff, 0xe3, 0xe8, 0x10, 0x7, 0xff,
    0x4, 0x84, 0xed, 0x2, 0x80, 0x3f, 0xf8, 0xb,
    0xbd, 0x88, 0x8, 0xe0, 0x1f, 0xfc, 0x3, 0x10,
    0x14, 0xab, 0x0, 0x0,

    /* U+0403 "Ѓ" */
    0x0, 0xf9, 0xa1, 0xc0, 0x3f, 0x54, 0xaa, 0x80,
    0x3e, 0xb5, 0x6d, 0x20, 0xf, 0x21, 0xdc, 0x80,
    0x7e, 0x48, 0x40, 0xe, 0x6f, 0xff, 0xf4, 0x80,
    0x7f, 0xf0, 0xfb, 0xbf, 0x40, 0x4, 0x23, 0xfc,
    0x1, 0xff, 0xff, 0x0, 0xff, 0xff, 0x80, 0x78,

    /* U+0404 "Є" */
    0x0, 0xe6, 0xbe, 0xfe, 0xd9, 0x40, 0xf, 0x1f,
    0x4a, 0x8, 0x9, 0x35, 0xe1, 0x0, 0x4b, 0x82,
    0xd, 0x59, 0x8a, 0x60, 0x3c, 0x0, 0x15, 0x2,
    0x74, 0xa9, 0x99, 0x67, 0x96, 0x80, 0x1c, 0x7,
    0x62, 0x1, 0xe1, 0xa4, 0x3, 0x30, 0x78, 0x7,
    0xff, 0x2, 0xc0, 0x8c, 0x3, 0xff, 0x80, 0x40,
    0x5f, 0xff, 0x70, 0x7, 0x8, 0x7, 0xff, 0xc,
    0x40, 0x7f, 0xfe, 0xe0, 0xe, 0x20, 0x12, 0x0,
    0xff, 0xe0, 0x58, 0x2, 0xc0, 0x3f, 0xf8, 0x6,
    0x60, 0x63, 0x0, 0xfc, 0x20, 0x17, 0x0, 0x35,
    0x0, 0x3c, 0x9f, 0x0, 0x2, 0xa0, 0x1b, 0xb2,
    0x99, 0x9a, 0xec, 0x2c, 0x20, 0x5, 0xc1, 0x4,
    0xac, 0xc4, 0xa0, 0x27, 0x88, 0x4, 0x7d, 0x28,
    0x20, 0x24, 0xd7, 0x61, 0x0,

    /* U+0405 "Ѕ" */
    0x0, 0x96, 0xb7, 0xfd, 0xd6, 0xc2, 0x1, 0xe,
    0x52, 0x90, 0x0, 0x52, 0x78, 0xc0, 0x1a, 0x60,
    0xf9, 0xdc, 0xc8, 0x20, 0x30, 0x33, 0x5, 0x41,
    0x88, 0x8d, 0xf7, 0x40, 0x5, 0x0, 0x28, 0x7,
    0xc4, 0x0, 0x30, 0x1, 0x0, 0x7f, 0x90, 0x1,
    0xe8, 0x1, 0xfc, 0x34, 0x5, 0x7d, 0x4c, 0x40,
    0x1e, 0x5d, 0x50, 0x15, 0x9d, 0xd3, 0x80, 0x71,
    0x57, 0xdb, 0x98, 0x14, 0x68, 0x80, 0x79, 0x23,
    0x39, 0xc0, 0xac, 0x3, 0xf8, 0x62, 0x0, 0xa0,
    0x1f, 0xf1, 0x80, 0x4, 0xa8, 0x40, 0x3e, 0xd0,
    0x11, 0x42, 0xf5, 0x29, 0x8, 0x92, 0x98, 0x24,
    0x20, 0xc1, 0x6b, 0x7b, 0x96, 0xa0, 0xce, 0x5,
    0x98, 0x73, 0x10, 0x12, 0x6c, 0x90, 0x0,

    /* U+0406 "І" */
    0x6f, 0xf0, 0x7, 0xff, 0x90,

    /* U+0407 "Ї" */
    0x17, 0x10, 0x2, 0xa0, 0x5c, 0x58, 0x1d, 0x58,
    0xe0, 0x60, 0x11, 0xc, 0x5b, 0xd8, 0x7, 0x70,
    0x3, 0xfe, 0x7f, 0xe0, 0xf, 0xff, 0xf8, 0x7,
    0xff, 0xb0,

    /* U+0408 "Ј" */
    0x0, 0x6f, 0xff, 0xd2, 0x1, 0xff, 0xc1, 0xce,
    0xee, 0x20, 0xc, 0x23, 0xf0, 0x7, 0xff, 0xfc,
    0x3, 0xff, 0x96, 0x40, 0x21, 0x4a, 0x1, 0x8c,
    0x43, 0x55, 0x55, 0x6, 0x2b, 0xa0, 0x2a, 0xb0,
    0x3e, 0x75, 0x8, 0x58, 0x2, 0xa8, 0x82, 0x2,
    0xb8, 0xa0,

    /* U+0409 "Љ" */
    0x0, 0xd1, 0xff, 0xff, 0x58, 0x7, 0xff, 0x7c,
    0x41, 0xbb, 0xbd, 0xa0, 0x1f, 0xfc, 0x81, 0x1f,
    0x88, 0x3, 0xff, 0x8c, 0x61, 0xe0, 0x1f, 0xfc,
    0xd1, 0x0, 0xff, 0xe8, 0x88, 0x7, 0xf2, 0x7f,
    0xf7, 0x63, 0x80, 0x7c, 0xe0, 0x60, 0x1f, 0xe1,
    0x1c, 0x2, 0x71, 0xc4, 0x1, 0xc2, 0x1, 0xff,
    0x27, 0x76, 0xfe, 0x80, 0x1f, 0x0, 0xe3, 0x6,
    0x0, 0xff, 0xe1, 0x8b, 0xd0, 0x12, 0x0, 0x61,
    0x1, 0x0, 0xff, 0xe2, 0xa8, 0x81, 0x80, 0x44,
    0x0, 0x20, 0xf, 0xfe, 0x31, 0x87, 0x80, 0x48,
    0x4, 0x1, 0xff, 0xc7, 0x20, 0xe0, 0xa, 0x81,
    0x0, 0x3f, 0xf8, 0xd0, 0x0, 0x41, 0x28, 0x30,
    0xa0, 0xf, 0xf3, 0x88, 0xe2, 0x4b, 0x70, 0x42,
    0x8d, 0x70, 0x43, 0x0, 0xff, 0x1f, 0x76, 0xdb,
    0x40, 0x3b, 0x3, 0x1, 0x6b, 0x0, 0xff, 0xe2,
    0x8a, 0xd6, 0x0, 0x0,

    /* U+040A "Њ" */
    0x6f, 0xf0, 0x7, 0xf5, 0x7d, 0x80, 0x7f, 0xff,
    0xc0, 0x3f, 0xff, 0x22, 0x3f, 0xe0, 0x0, 0x8f,
    0x0, 0x7f, 0x77, 0x7f, 0x20, 0x27, 0x77, 0x7f,
    0x49, 0x0, 0x7f, 0xf1, 0x4, 0xcf, 0x84, 0x4d,
    0xa6, 0x1, 0xbf, 0xff, 0x94, 0x17, 0x33, 0xba,
    0xc4, 0x34, 0x3, 0xff, 0x94, 0x94, 0x2, 0x80,
    0x1f, 0xfc, 0xa4, 0x0, 0x10, 0x7, 0xff, 0x91,
    0x80, 0xa, 0x1, 0xff, 0xc8, 0x18, 0x90, 0x43,
    0x0, 0xff, 0xe1, 0x27, 0x76, 0xfe, 0x70, 0x2a,
    0x0, 0xff, 0xe2, 0x8, 0xe0, 0x14, 0x9d, 0x10,

    /* U+040B "Ћ" */
    0xbf, 0xff, 0xfe, 0xc, 0x80, 0x7f, 0xf3, 0x6b,
    0xbb, 0x80, 0x11, 0xdd, 0xd0, 0x1, 0xc2, 0x3e,
    0x0, 0x8, 0xfc, 0x1, 0xff, 0xed, 0x12, 0x0,
    0xff, 0xe1, 0x73, 0xe7, 0xf6, 0xfe, 0xb0, 0x7,
    0xfc, 0xf0, 0x60, 0x18, 0xa6, 0x80, 0x3f, 0xe5,
    0xae, 0xfe, 0xa1, 0x5, 0x60, 0xf, 0xe9, 0xa5,
    0x10, 0x15, 0xf1, 0xa, 0x0, 0xff, 0xe2, 0xc,
    0x81, 0x80, 0x7f, 0xf1, 0x48, 0x3, 0xff, 0xfe,
    0x1, 0xf8,

    /* U+040C "Ќ" */
    0x0, 0xf8, 0x5e, 0x14, 0x3, 0xfc, 0x59, 0x4,
    0xa0, 0x1f, 0xc7, 0x85, 0x54, 0x0, 0xff, 0x24,
    0xea, 0x80, 0x7f, 0xce, 0xe2, 0x0, 0xf9, 0xbf,
    0xc0, 0x1f, 0xa7, 0xf8, 0x40, 0x3f, 0xca, 0xc1,
    0xa2, 0x1, 0xfc, 0x54, 0x10, 0x60, 0x1f, 0xee,
    0x4, 0x70, 0xf, 0xf4, 0x99, 0x50, 0x7, 0xf9,
    0x58, 0x38, 0x40, 0x3f, 0x8a, 0x82, 0x4c, 0x3,
    0xef, 0xfb, 0x41, 0x58, 0x3, 0xff, 0x82, 0xc0,
    0x1f, 0xdb, 0xb5, 0x1, 0xc0, 0x7, 0xe2, 0x29,
    0x58, 0x1c, 0xc0, 0x3f, 0xe9, 0x20, 0xe0, 0xf,
    0xfe, 0x7, 0x1, 0x48, 0x7, 0xfc, 0x6e, 0xc,
    0x80, 0x1f, 0xf4, 0x18, 0x50, 0x7, 0xff, 0x3,
    0x80, 0x68, 0x3, 0xfe, 0x29, 0x5, 0x50,

    /* U+040D "Ѝ" */
    0x0, 0x85, 0xe1, 0x40, 0x3f, 0xf8, 0x2, 0x6d,
    0x4e, 0x1, 0xff, 0xc0, 0x4f, 0x38, 0x80, 0x7,
    0xff, 0x0, 0x72, 0x40, 0x80, 0x3f, 0xf8, 0x2d,
    0x4, 0x1, 0xe6, 0xff, 0x0, 0x7f, 0x3f, 0xf8,
    0x80, 0x3f, 0xe3, 0x80, 0xf, 0xfe, 0x8, 0xe8,
    0x7, 0xff, 0xa, 0x84, 0x3, 0xff, 0x82, 0xe8,
    0xe, 0x1, 0xff, 0x24, 0x3, 0x58, 0x7, 0xf8,
    0x68, 0xe, 0x40, 0x3f, 0xed, 0x11, 0x68, 0x7,
    0xfd, 0x6, 0x14, 0x20, 0x1f, 0xe4, 0x70, 0x74,
    0x0, 0xff, 0xd, 0x1, 0xc0, 0x7, 0xfd, 0xa2,
    0x2d, 0x0, 0xff, 0xa0, 0xc2, 0x84, 0x3, 0xfe,
    0x70, 0x84, 0x0, 0xff, 0xe0, 0xa3, 0x80, 0x7f,
    0xf0, 0x46, 0x80, 0x3f, 0xf8, 0x5a, 0x20, 0x1f,
    0xf0,

    /* U+040E "Ў" */
    0x0, 0xdd, 0xa0, 0x1a, 0x3c, 0xc0, 0x3f, 0x39,
    0x49, 0xb, 0x39, 0x18, 0x7, 0xe9, 0x66, 0x6f,
    0x4a, 0x78, 0x7, 0xfa, 0x7f, 0x31, 0xd6, 0x40,
    0x1f, 0xfc, 0x3, 0x30, 0x80, 0x7c, 0xbf, 0xe3,
    0x0, 0xfe, 0x4f, 0xf1, 0x29, 0x84, 0x0, 0x7f,
    0x40, 0x39, 0x4, 0x2, 0x18, 0x7, 0xca, 0x61,
    0x20, 0x4, 0x40, 0x78, 0x7, 0xd0, 0x10, 0x20,
    0x14, 0x1, 0xa0, 0x7, 0x31, 0xb, 0x80, 0x63,
    0x50, 0x80, 0xe, 0x80, 0x80, 0xf, 0x40, 0x1a,
    0x80, 0x4e, 0x24, 0xc0, 0x1e, 0x26, 0x8, 0x0,
    0xa4, 0x24, 0x3, 0xf4, 0x1, 0x28, 0x40, 0x9a,
    0x0, 0x7e, 0x17, 0x8, 0x17, 0xf, 0x0, 0xff,
    0x40, 0x96, 0x2, 0x98, 0x7, 0xfd, 0x20, 0x41,
    0x0, 0x1f, 0xfc, 0x7, 0x0, 0x31, 0x0, 0x7f,
    0xf0, 0x1c, 0x1, 0x0, 0x1f, 0xc6, 0x74, 0x40,
    0x24, 0x40, 0x3f, 0xa3, 0x30, 0xe0, 0xec, 0x1,
    0xfe, 0x11, 0x1, 0xd4, 0x0, 0x7f, 0x0,

    /* U+040F "Џ" */
    0x6f, 0xf0, 0x7, 0xf5, 0x7d, 0x80, 0x7f, 0xff,
    0xc0, 0x3f, 0xff, 0xe0, 0x1f, 0xfe, 0x41, 0x1f,
    0xe0, 0xf, 0x77, 0x7f, 0x28, 0x7, 0xff, 0x15,
    0xbf, 0xfa, 0x0, 0xff, 0xfa, 0xc0, 0x3f, 0xfc,
    0x20,

    /* U+0410 "А" */
    0x0, 0xf9, 0x7f, 0xce, 0x1, 0xff, 0xc2, 0x90,
    0x4, 0x80, 0x7f, 0xf0, 0x4c, 0xc0, 0x22, 0x60,
    0xf, 0xfe, 0x4, 0x82, 0xb0, 0x58, 0x7, 0xfc,
    0x4a, 0x13, 0x20, 0x24, 0x0, 0xff, 0x58, 0x19,
    0x85, 0x43, 0xc0, 0x3f, 0x85, 0x82, 0x40, 0x12,
    0x8, 0x40, 0x1f, 0x98, 0x5, 0x40, 0x6, 0x60,
    0x80, 0xf, 0xd2, 0xc, 0x1, 0xa4, 0x14, 0x40,
    0x3c, 0xa2, 0x12, 0x1, 0x94, 0x42, 0x40, 0x3d,
    0x20, 0xa2, 0x1, 0xcc, 0xc, 0x1, 0xc8, 0x60,
    0xbf, 0xfe, 0x70, 0x16, 0x0, 0xde, 0x1, 0xff,
    0xc0, 0xb0, 0x8, 0x90, 0x2b, 0xff, 0xf6, 0x1,
    0x28, 0x2, 0xc0, 0x54, 0x3, 0xf1, 0x98, 0x24,
    0x5, 0x82, 0x40, 0x3f, 0xd0, 0x6, 0x66, 0x0,
    0x38, 0x7, 0xf9, 0x8, 0x24,

    /* U+0411 "Б" */
    0x6f, 0xff, 0xfe, 0x2, 0x0, 0x7f, 0xf1, 0xfb,
    0xbf, 0xc8, 0x1, 0x84, 0x7f, 0xc0, 0x1f, 0xfe,
    0x6f, 0xff, 0x76, 0x38, 0x7, 0x84, 0x78, 0x4,
    0xe3, 0x48, 0x3, 0x77, 0x77, 0xf4, 0x1, 0x70,
    0x7, 0xf8, 0x5e, 0x0, 0xc8, 0x3, 0xfe, 0x60,
    0x3, 0x0, 0x7f, 0xc6, 0x1, 0xff, 0xc2, 0x50,
    0x2, 0x80, 0x7f, 0x14, 0x40, 0x14, 0x40, 0x2e,
    0xee, 0xfd, 0x70, 0x4a, 0x0, 0xc2, 0x3c, 0x4,
    0xb5, 0x60, 0x0,

    /* U+0412 "В" */
    0x6f, 0xff, 0xdb, 0x48, 0x1, 0xe1, 0x1e, 0x2,
    0x5b, 0x90, 0xe, 0xee, 0xef, 0xc3, 0x6, 0x50,
    0xf, 0xf1, 0xe8, 0x3, 0x0, 0x3f, 0xe1, 0x30,
    0x30, 0xf, 0xfe, 0x1, 0x6, 0x80, 0x7f, 0x8a,
    0xc4, 0x9c, 0x3, 0x6e, 0xf7, 0x6a, 0x2e, 0x0,
    0x71, 0x17, 0x8, 0x1, 0x24, 0x3, 0xbf, 0xfd,
    0xb0, 0xf, 0x40, 0x1f, 0xe2, 0x7a, 0x5, 0x30,
    0xf, 0xf9, 0x0, 0xa, 0x1, 0xff, 0xc2, 0x10,
    0xf, 0xf9, 0x0, 0x4, 0x1, 0xfc, 0x2d, 0x40,
    0x2a, 0x1, 0x77, 0x77, 0xf4, 0x88, 0xb4, 0x3,
    0x8, 0xf0, 0x9, 0xbf, 0x98, 0x0,

    /* U+0413 "Г" */
    0x6f, 0xff, 0xf4, 0x80, 0x7f, 0xf0, 0xfb, 0xbf,
    0x40, 0x4, 0x23, 0xfc, 0x1, 0xff, 0xff, 0x0,
    0xff, 0xff, 0x80, 0x78,

    /* U+0414 "Д" */
    0x0, 0xd5, 0xff, 0xff, 0x10, 0x7, 0x84, 0x3,
    0xff, 0x91, 0x1d, 0xde, 0xb0, 0xf, 0xe7, 0x2,
    0x11, 0xf3, 0x80, 0x7f, 0xf4, 0x4, 0x4, 0x3,
    0xff, 0x88, 0x60, 0xe0, 0x1f, 0xfd, 0x71, 0x2,
    0x0, 0xff, 0xe1, 0x88, 0x0, 0x40, 0x3f, 0xf8,
    0x6a, 0x2, 0x1, 0xff, 0xc4, 0x20, 0x50, 0xf,
    0xfe, 0x26, 0x6, 0x0, 0x7f, 0xf0, 0xc5, 0x41,
    0x40, 0x3f, 0xf8, 0x22, 0x7a, 0x8, 0x4, 0x5f,
    0x30, 0x1, 0x88, 0x6f, 0xc, 0x13, 0x77, 0xf5,
    0x0, 0x2f, 0x6c, 0x3, 0xff, 0x92, 0xff, 0xff,
    0xfc, 0x16, 0x0, 0xff, 0xee, 0x7b, 0xe0, 0x7,
    0xff, 0x7, 0x5f, 0xc0,

    /* U+0415 "Е" */
    0x6f, 0xff, 0xf9, 0xc0, 0x3f, 0xf8, 0x9d, 0xdf,
    0xce, 0x1, 0x8, 0xff, 0x0, 0x7f, 0xf7, 0xff,
    0xff, 0x38, 0x7, 0xff, 0x17, 0xbb, 0xf3, 0x80,
    0x61, 0x1f, 0xc0, 0x1f, 0xfe, 0x1, 0x1f, 0xf0,
    0x5, 0xdd, 0xfd, 0x80, 0x1f, 0xfc, 0x10,

    /* U+0416 "Ж" */
    0xc, 0xfc, 0x0, 0xfb, 0x7e, 0x0, 0x3c, 0x3f,
    0xe7, 0x0, 0x70, 0x1b, 0x0, 0x7f, 0xf0, 0xe8,
    0x9, 0xc0, 0x5, 0x1, 0x2, 0x1, 0xff, 0xc1,
    0x54, 0xe, 0x0, 0xce, 0x63, 0x60, 0x1f, 0xfc,
    0x1, 0xb0, 0x73, 0x0, 0xef, 0x5, 0x50, 0x7,
    0xfd, 0x62, 0x50, 0x1, 0xe3, 0x70, 0xb0, 0xf,
    0xf2, 0x28, 0x70, 0x7, 0xe8, 0x21, 0x90, 0xf,
    0xea, 0x6, 0x30, 0xf, 0xee, 0x6, 0xff, 0x88,
    0x1f, 0xfe, 0x11, 0x48, 0x7, 0xf9, 0x40, 0x3f,
    0xf8, 0x2, 0x40, 0x1f, 0xc3, 0x20, 0x7b, 0xb1,
    0x3, 0x6e, 0xb0, 0x1, 0x20, 0x1f, 0xd6, 0x0,
    0xe2, 0x28, 0x0, 0x24, 0x43, 0x80, 0x45, 0x0,
    0xf8, 0xd4, 0x1c, 0x80, 0x3f, 0x9c, 0x82, 0xc0,
    0x3e, 0xe0, 0x18, 0x0, 0xff, 0xa4, 0x6, 0x0,
    0x39, 0xc8, 0x2c, 0x3, 0xff, 0x80, 0x8a, 0xe,
    0x40, 0x10, 0xc0, 0x1a, 0x80, 0x7f, 0xf0, 0x6c,
    0x1, 0x20, 0x15, 0x80, 0x38, 0x3, 0xff, 0x84,
    0x30, 0x8, 0xa0, 0x6a, 0xc, 0x40, 0x1f, 0xfc,
    0x37, 0x20, 0xb0,

    /* U+0417 "З" */
    0x0, 0x13, 0xdf, 0x7f, 0xb6, 0x50, 0x3, 0x9f,
    0x61, 0x4, 0x0, 0x4d, 0x76, 0x0, 0xc6, 0xb,
    0x5b, 0xdb, 0x48, 0x9, 0x60, 0x12, 0x75, 0x29,
    0x9, 0x2d, 0xb8, 0x21, 0x0, 0x42, 0x1, 0xf5,
    0x0, 0x18, 0x3, 0xfe, 0x70, 0x2, 0x80, 0x7f,
    0xa, 0xd8, 0x30, 0x80, 0x61, 0xff, 0xdd, 0x43,
    0x12, 0x1, 0xff, 0xc1, 0xc2, 0x0, 0xe1, 0xff,
    0xdd, 0x68, 0x8c, 0x20, 0xf, 0xe1, 0x4b, 0x41,
    0x90, 0xf, 0xfe, 0x6, 0x2, 0x80, 0x7f, 0xf0,
    0x3c, 0x3, 0x32, 0x0, 0x7c, 0x6e, 0xa, 0x3,
    0x37, 0x8c, 0x62, 0x49, 0x58, 0x0, 0x90, 0x19,
    0x13, 0x9c, 0xed, 0xb5, 0x1, 0xc2, 0x0, 0x37,
    0x4a, 0x90, 0x0, 0x52, 0x78, 0xc0, 0x0,

    /* U+0418 "И" */
    0x6f, 0xf0, 0x7, 0xf3, 0xff, 0x88, 0x3, 0xfe,
    0x38, 0x0, 0xff, 0xe0, 0x8e, 0x80, 0x7f, 0xf0,
    0xa8, 0x40, 0x3f, 0xf8, 0x2e, 0x80, 0xe0, 0x1f,
    0xf2, 0x40, 0x35, 0x80, 0x7f, 0x86, 0x80, 0xe4,
    0x3, 0xfe, 0xd1, 0x16, 0x80, 0x7f, 0xd0, 0x61,
    0x42, 0x1, 0xfe, 0x47, 0x7, 0x40, 0xf, 0xf0,
    0xd0, 0x1c, 0x0, 0x7f, 0xda, 0x22, 0xd0, 0xf,
    0xfa, 0xc, 0x28, 0x40, 0x3f, 0xe7, 0x8, 0x40,
    0xf, 0xfe, 0xa, 0x38, 0x7, 0xff, 0x4, 0x68,
    0x3, 0xff, 0x85, 0xa2, 0x1, 0xff, 0x0,

    /* U+0419 "Й" */
    0x0, 0x8a, 0xc, 0x3, 0x33, 0x80, 0x7e, 0x79,
    0x0, 0xd1, 0x60, 0x1f, 0x11, 0xab, 0x91, 0xd8,
    0xd0, 0x7, 0xed, 0x58, 0xdc, 0x48, 0x60, 0xf,
    0xc3, 0x5d, 0x9b, 0xee, 0x1, 0xcd, 0xfe, 0x0,
    0x84, 0xc8, 0x2, 0x7f, 0xf1, 0x0, 0x7f, 0xc7,
    0x0, 0x1f, 0xfc, 0x11, 0xd0, 0xf, 0xfe, 0x15,
    0x8, 0x7, 0xff, 0x5, 0xd0, 0x1c, 0x3, 0xfe,
    0x48, 0x6, 0xb0, 0xf, 0xf0, 0xd0, 0x1c, 0x80,
    0x7f, 0xda, 0x22, 0xd0, 0xf, 0xfa, 0xc, 0x28,
    0x40, 0x3f, 0xc8, 0xe0, 0xe8, 0x1, 0xfe, 0x1a,
    0x3, 0x80, 0xf, 0xfb, 0x44, 0x5a, 0x1, 0xff,
    0x41, 0x85, 0x8, 0x7, 0xfc, 0xe1, 0x8, 0x1,
    0xff, 0xc1, 0x47, 0x0, 0xff, 0xe0, 0x8d, 0x0,
    0x7f, 0xf0, 0xb4, 0x40, 0x3f, 0xe0,

    /* U+041A "К" */
    0x6f, 0xf0, 0x7, 0xe9, 0xfe, 0x10, 0xf, 0xf2,
    0xb0, 0x68, 0x80, 0x7f, 0x15, 0x4, 0x18, 0x7,
    0xfb, 0x81, 0x1c, 0x3, 0xfd, 0x26, 0x54, 0x1,
    0xfe, 0x56, 0xe, 0x10, 0xf, 0xe2, 0xa0, 0x93,
    0x0, 0xfb, 0xfe, 0xd0, 0x56, 0x0, 0xff, 0xe0,
    0xb0, 0x7, 0xf6, 0xed, 0x40, 0x70, 0x1, 0xf8,
    0x8a, 0x56, 0x7, 0x30, 0xf, 0xfa, 0x48, 0x38,
    0x3, 0xff, 0x81, 0xc0, 0x52, 0x1, 0xff, 0x1b,
    0x83, 0x20, 0x7, 0xfd, 0x6, 0x14, 0x1, 0xff,
    0xc0, 0xe0, 0x1a, 0x0, 0xff, 0x8a, 0x41, 0x54,

    /* U+041B "Л" */
    0x0, 0xd1, 0xff, 0xff, 0x28, 0x7, 0xff, 0x24,
    0x41, 0xbb, 0xbe, 0x0, 0xfe, 0x11, 0xfc, 0x1,
    0xf1, 0x87, 0x80, 0x7f, 0xf0, 0x84, 0x3, 0xff,
    0x8c, 0x20, 0x1f, 0xfc, 0x27, 0x3, 0x0, 0xff,
    0xe1, 0x8, 0x7, 0xff, 0x10, 0xc1, 0x80, 0x3f,
    0xf8, 0x42, 0x2, 0x1, 0xff, 0xc1, 0x20, 0x1,
    0x0, 0x7f, 0xf0, 0x50, 0x8, 0x3, 0xff, 0x85,
    0x40, 0x80, 0x1f, 0xf0, 0x94, 0x18, 0x50, 0x7,
    0xfd, 0x1a, 0xe0, 0x86, 0x1, 0xff, 0x18, 0xb,
    0x58, 0x7, 0xff, 0x0,

    /* U+041C "М" */
    0x6f, 0xd0, 0xf, 0xfe, 0xe, 0x7b, 0x80, 0x9,
    0xc0, 0x3f, 0xe5, 0x30, 0xe, 0x81, 0x0, 0xff,
    0x58, 0x7, 0xd6, 0x1, 0xfd, 0x2, 0x1, 0xf2,
    0x98, 0x7, 0xc4, 0xe0, 0x1e, 0x16, 0xf, 0x0,
    0xfa, 0x1, 0x48, 0x3, 0xa0, 0x4d, 0x80, 0x39,
    0x14, 0x2c, 0x3, 0xc3, 0x1, 0x2, 0x1, 0xa4,
    0x20, 0x40, 0x3e, 0x62, 0x18, 0x0, 0x98, 0x88,
    0xe0, 0x1f, 0xdc, 0xc, 0x40, 0x30, 0x12, 0x1,
    0xfe, 0x35, 0x9, 0x8, 0x14, 0x40, 0x7, 0xfd,
    0x60, 0x8e, 0xc1, 0x20, 0x1f, 0xfc, 0x1, 0x80,
    0x80, 0x72, 0x0, 0xff, 0xe0, 0xb9, 0x0, 0xc0,
    0x7, 0xff, 0xe, 0x42, 0xc0, 0x3f, 0xf8, 0x89,
    0xea, 0x1, 0xff, 0xcf,

    /* U+041D "Н" */
    0x6f, 0xf0, 0x7, 0xf2, 0xff, 0x84, 0x3, 0xff,
    0xfe, 0x1, 0xff, 0xcc, 0xff, 0xfe, 0xa0, 0xf,
    0xfe, 0x57, 0x77, 0xf4, 0x80, 0x78, 0x47, 0xf8,
    0xc0, 0x3f, 0xff, 0xe0, 0x1f, 0xfc, 0xc0,

    /* U+041E "О" */
    0x0, 0xe4, 0xad, 0xff, 0x75, 0xb0, 0x7, 0xf1,
    0x65, 0xa9, 0x0, 0x5, 0x27, 0x94, 0x3, 0xc9,
    0xa6, 0x9, 0x37, 0x94, 0xc0, 0x35, 0x0, 0x18,
    0xac, 0x7, 0x2d, 0x90, 0xd6, 0x79, 0x1, 0xd8,
    0x2, 0xe0, 0x1c, 0x30, 0xf, 0xd, 0x98, 0x48,
    0x81, 0x98, 0x20, 0x80, 0x3f, 0xb4, 0x1, 0x21,
    0x60, 0x2c, 0x1, 0xfe, 0x15, 0x5, 0x3, 0x5,
    0x0, 0xff, 0xe0, 0x68, 0x10, 0x38, 0x8, 0x7,
    0xff, 0x0, 0x80, 0x27, 0x1, 0x0, 0xff, 0xe0,
    0x10, 0x4, 0x60, 0xa0, 0x1f, 0xfc, 0xd, 0x2,
    0xc, 0x1, 0x60, 0xf, 0xf0, 0xa8, 0x28, 0x21,
    0x84, 0x10, 0x7, 0xf5, 0x0, 0x28, 0x1, 0xc0,
    0x38, 0x60, 0x1e, 0x1b, 0x40, 0x92, 0x0, 0x15,
    0x80, 0xe5, 0xb1, 0x99, 0x27, 0x90, 0x19, 0x80,
    0x19, 0x34, 0x81, 0x27, 0x31, 0x6c, 0x0, 0xa9,
    0x0, 0xf1, 0x6d, 0x29, 0x0, 0x5, 0x27, 0x94,
    0x3, 0x0,

    /* U+041F "П" */
    0x6f, 0xff, 0xfe, 0x10, 0x80, 0x7f, 0xf1, 0xfb,
    0xbf, 0xa8, 0x3, 0xc2, 0x3f, 0xe0, 0xf, 0xff,
    0xf8, 0x7, 0xff, 0xfc, 0x3, 0xff, 0xe2,

    /* U+0420 "Р" */
    0x6f, 0xff, 0xba, 0xd8, 0x3, 0xff, 0x80, 0x29,
    0x3c, 0x60, 0x1d, 0xdd, 0xb7, 0x1c, 0x7, 0x8,
    0x3, 0x8, 0xe2, 0x38, 0xd1, 0x8, 0x0, 0xff,
    0x8a, 0x41, 0x40, 0x3f, 0xf8, 0x6, 0x0, 0x20,
    0xf, 0xfe, 0x71, 0x80, 0x8, 0x3, 0xfc, 0x52,
    0xa, 0x1, 0x84, 0x71, 0x1c, 0x68, 0x84, 0x0,
    0x6e, 0xed, 0xb8, 0xe0, 0x38, 0x40, 0x1f, 0xc2,
    0x93, 0xc6, 0x1, 0xdf, 0xfd, 0xd6, 0xc0, 0x1f,
    0xff, 0x40,

    /* U+0421 "С" */
    0x0, 0xe4, 0xad, 0xff, 0x75, 0xb0, 0x7, 0x8b,
    0x2d, 0x48, 0x0, 0x29, 0x3c, 0x80, 0x12, 0x69,
    0x81, 0xcd, 0xe5, 0xb0, 0xd, 0xa0, 0x15, 0x80,
    0xde, 0x32, 0x1a, 0x4f, 0x23, 0x20, 0x70, 0x3,
    0x10, 0x3, 0xc3, 0x72, 0x6, 0x60, 0x92, 0x0,
    0xff, 0xac, 0x0, 0xc0, 0x1f, 0xfc, 0x2, 0x3,
    0x0, 0xff, 0xe0, 0x88, 0x30, 0x7, 0xff, 0x4,
    0x41, 0x80, 0x3f, 0xf8, 0x24, 0x6, 0x1, 0xff,
    0xc1, 0xb0, 0x3, 0x0, 0x7f, 0xf0, 0xc, 0xc1,
    0x24, 0x1, 0xff, 0xc0, 0xe0, 0x6, 0x20, 0x7,
    0x86, 0xe8, 0x0, 0x56, 0x3, 0x76, 0x63, 0x24,
    0x8e, 0x45, 0x30, 0x2, 0x69, 0x2, 0x4e, 0x6d,
    0xb8, 0xd, 0x98, 0x4, 0x5b, 0x4a, 0x40, 0x1,
    0x49, 0xe4, 0x0,

    /* U+0422 "Т" */
    0xbf, 0xff, 0xfe, 0x9, 0x0, 0x7f, 0xf0, 0xeb,
    0xbb, 0x80, 0x11, 0xdd, 0xc4, 0x23, 0xe0, 0x0,
    0x8f, 0x80, 0x3f, 0xff, 0xe0, 0x1f, 0xff, 0xf0,
    0xf, 0xff, 0x10,

    /* U+0423 "У" */
    0x5f, 0xf1, 0x80, 0x7f, 0x27, 0xf8, 0x94, 0xc2,
    0x0, 0x3f, 0xa0, 0x1c, 0x82, 0x1, 0xc, 0x3,
    0xe5, 0x30, 0x90, 0x2, 0x20, 0x3c, 0x3, 0xe8,
    0x8, 0x10, 0xa, 0x0, 0xd0, 0x3, 0x98, 0x85,
    0xc0, 0x31, 0xa8, 0x40, 0x7, 0x40, 0x40, 0x7,
    0xa0, 0xd, 0x40, 0x27, 0x12, 0x60, 0xf, 0x13,
    0x4, 0x0, 0x52, 0x12, 0x1, 0xfa, 0x0, 0x94,
    0x20, 0x4d, 0x0, 0x3f, 0xb, 0x84, 0xb, 0x87,
    0x80, 0x7f, 0xa0, 0x4b, 0x1, 0x4c, 0x3, 0xfe,
    0x90, 0x20, 0x80, 0xf, 0xfe, 0x3, 0x80, 0x18,
    0x80, 0x3f, 0xf8, 0xe, 0x0, 0x80, 0xf, 0xe3,
    0x3a, 0x20, 0x12, 0x20, 0x1f, 0xd1, 0x98, 0x70,
    0x76, 0x0, 0xff, 0x8, 0x80, 0xea, 0x0, 0x3f,
    0x80,

    /* U+0424 "Ф" */
    0x0, 0xfe, 0x44, 0x0, 0x7f, 0xf1, 0xee, 0xc6,
    0x1, 0xff, 0xd6, 0x49, 0xce, 0xf0, 0x6, 0x76,
    0xd2, 0x80, 0x7c, 0x79, 0x6c, 0x62, 0x1, 0x84,
    0x96, 0xb9, 0x0, 0x32, 0x61, 0x8b, 0xe7, 0xf8,
    0x1, 0x9f, 0xb2, 0x43, 0x6c, 0x0, 0x1a, 0x3,
    0xf8, 0x30, 0xf, 0x13, 0x6a, 0x84, 0x98, 0x30,
    0x86, 0x88, 0x7, 0xfd, 0x46, 0x12, 0x16, 0xa,
    0x20, 0x1f, 0xfc, 0x1a, 0x5, 0x2, 0xd, 0x0,
    0xff, 0xe1, 0x28, 0x0, 0x40, 0x3f, 0xf9, 0x24,
    0x1a, 0x1, 0xff, 0xc2, 0x50, 0x0, 0xd8, 0x28,
    0x80, 0x7f, 0xf0, 0x68, 0x10, 0x18, 0x43, 0x44,
    0x3, 0xfe, 0x93, 0x8, 0x1, 0xa0, 0x3f, 0x83,
    0x0, 0xf1, 0x36, 0xb0, 0x41, 0x80, 0x13, 0xc,
    0x5f, 0x3f, 0xc0, 0xc, 0xfd, 0x92, 0x1a, 0x70,
    0xc, 0x79, 0x6c, 0x62, 0x1, 0x84, 0x96, 0xb9,
    0x40, 0x3e, 0x49, 0xce, 0xf0, 0x6, 0x76, 0xd2,
    0x80, 0x7f, 0xf3, 0x80,

    /* U+0425 "Х" */
    0xd, 0xfd, 0x0, 0xf8, 0x7b, 0xf0, 0x1, 0xe0,
    0x54, 0x1, 0xea, 0x10, 0xe0, 0x1, 0x40, 0x2a,
    0x80, 0x33, 0x20, 0x49, 0x0, 0x4e, 0x61, 0x62,
    0x0, 0x29, 0x4, 0x60, 0xe, 0xe0, 0x1a, 0x0,
    0x70, 0xd, 0x0, 0x78, 0xa4, 0x11, 0xe0, 0xc2,
    0xc4, 0x3, 0xe6, 0x50, 0x87, 0x5, 0x50, 0x7,
    0xf5, 0x88, 0x0, 0x68, 0x3, 0xfc, 0x2a, 0x0,
    0x50, 0xf, 0xf9, 0x50, 0x0, 0x8c, 0x1, 0xfc,
    0x36, 0x6, 0x60, 0x92, 0x0, 0xfd, 0x42, 0x1b,
    0xc0, 0xe, 0x0, 0xf9, 0xd0, 0x28, 0x4a, 0x40,
    0xdc, 0x3, 0x8a, 0x1, 0x54, 0x0, 0x64, 0x8,
    0x30, 0xd, 0xe0, 0x34, 0x1, 0xa8, 0x43, 0x80,
    0x28, 0x20, 0xd0, 0xe, 0x1a, 0x2, 0x90, 0x47,
    0x7, 0x30, 0xf, 0x23, 0x83, 0x20,

    /* U+0426 "Ц" */
    0x6f, 0xf0, 0x7, 0xf5, 0x7d, 0x80, 0x7f, 0xff,
    0xc0, 0x3f, 0xff, 0xe0, 0x1f, 0xff, 0xf0, 0xf,
    0xfe, 0x18, 0x8f, 0xf0, 0x1, 0xc4, 0x40, 0x1b,
    0xbb, 0xf9, 0x40, 0xfb, 0x8a, 0x1, 0xff, 0xc6,
    0x6f, 0xff, 0xfe, 0x10, 0x80, 0x7f, 0xfb, 0x0,

    /* U+0427 "Ч" */
    0xbf, 0xa0, 0xf, 0xcb, 0xfe, 0x0, 0xff, 0xff,
    0x81, 0x3, 0x80, 0x7f, 0xf0, 0x3c, 0x9, 0x40,
    0x3f, 0xe6, 0x10, 0xa9, 0x31, 0x1, 0x49, 0xa0,
    0xd, 0xa2, 0xd, 0x9d, 0xfd, 0x6c, 0x1, 0xc7,
    0xee, 0x40, 0x18, 0xde, 0x0, 0x38, 0x63, 0x7f,
    0xb9, 0xf9, 0x4, 0x1, 0xfc, 0x22, 0x0, 0xff,
    0xfb, 0x80,

    /* U+0428 "Ш" */
    0x6f, 0xf0, 0x7, 0xdf, 0xe5, 0x0, 0xf5, 0xfd,
    0x0, 0x7f, 0xff, 0xc0, 0x3f, 0xff, 0xe0, 0x1f,
    0xff, 0xf0, 0xf, 0xff, 0xa0, 0x8f, 0x88, 0x0,
    0x62, 0x3e, 0x0, 0xf7, 0x77, 0xb4, 0x1, 0x3d,
    0xde, 0x40, 0xf, 0xfe, 0x60,

    /* U+0429 "Щ" */
    0x6f, 0xf0, 0x7, 0xdf, 0xe5, 0x0, 0xf5, 0xfd,
    0x0, 0x7f, 0xff, 0xc0, 0x3f, 0xff, 0xe0, 0x1f,
    0xff, 0xf0, 0xf, 0xff, 0xf8, 0x7, 0xff, 0x4c,
    0x47, 0xc4, 0x0, 0x31, 0x1f, 0x38, 0x30, 0x88,
    0x3, 0x77, 0x7b, 0x40, 0x13, 0xdd, 0xe3, 0x3,
    0xee, 0x18, 0x7, 0xff, 0x35, 0xbf, 0xff, 0xf9,
    0x20, 0x1f, 0xff, 0xf7, 0x71, 0x0,

    /* U+042A "Ъ" */
    0xbf, 0xff, 0x60, 0x7, 0xff, 0x4a, 0xbb, 0xb2,
    0x80, 0x7f, 0xf0, 0x44, 0x78, 0x3, 0xff, 0xde,
    0x7f, 0xfe, 0xd9, 0x20, 0xf, 0xf0, 0x8e, 0x0,
    0x13, 0x6b, 0x0, 0x7e, 0x3e, 0xed, 0xfe, 0xb2,
    0x9, 0x30, 0xf, 0xfe, 0x12, 0x60, 0x84, 0x80,
    0x7f, 0xf0, 0xc5, 0xc1, 0xc0, 0x3f, 0xf8, 0x82,
    0x6, 0x1, 0xff, 0xc4, 0x20, 0x20, 0xf, 0xfe,
    0x18, 0xa8, 0x20, 0x7, 0xff, 0x4, 0x5b, 0xc0,
    0x12, 0x1, 0xf1, 0xf7, 0x6f, 0xe9, 0x11, 0x58,
    0x80, 0x7e, 0x11, 0xc0, 0x27, 0x1e, 0x80,

    /* U+042B "Ы" */
    0x6f, 0xf0, 0x7, 0xff, 0x4, 0xbf, 0xc6, 0x1,
    0xff, 0xff, 0x0, 0xff, 0xe8, 0x7f, 0xfb, 0xa9,
    0x0, 0x3f, 0xe1, 0x1e, 0x1, 0x5b, 0xa0, 0xf,
    0xf7, 0x77, 0x7e, 0x28, 0x2b, 0x80, 0x7f, 0xf0,
    0xce, 0x90, 0x24, 0x3, 0xff, 0x8b, 0xc0, 0x22,
    0x0, 0xff, 0xe2, 0x30, 0x0, 0xc0, 0x3f, 0xf8,
    0x8c, 0x0, 0x30, 0xf, 0xfe, 0x24, 0x81, 0x88,
    0x7, 0xff, 0x9, 0x30, 0xc2, 0x40, 0x3f, 0xbb,
    0xb7, 0xfa, 0xcc, 0x21, 0x40, 0x3f, 0x84, 0x70,
    0x0, 0x9b, 0x5c, 0x3, 0xe0,

    /* U+042C "Ь" */
    0x6f, 0xf0, 0x7, 0xff, 0xfc, 0x3, 0xff, 0x87,
    0xff, 0xee, 0xa4, 0x0, 0xf0, 0x8f, 0x0, 0xad,
    0xd0, 0x7, 0x77, 0x77, 0xe2, 0x82, 0xb8, 0x7,
    0xf8, 0xe9, 0x2, 0x40, 0x3f, 0xf8, 0x1c, 0x2,
    0x20, 0xf, 0xf9, 0x80, 0x6, 0x1, 0xff, 0x30,
    0x0, 0xc0, 0x3f, 0xe9, 0x3, 0x10, 0xf, 0xe4,
    0xc3, 0x9, 0x0, 0xdd, 0xdb, 0xfd, 0x66, 0x10,
    0xa0, 0x18, 0x47, 0x0, 0x9, 0xb5, 0xc0, 0x0,

    /* U+042D "Э" */
    0x0, 0x92, 0x77, 0xbf, 0xad, 0x80, 0x3c, 0x59,
    0x6c, 0x42, 0x2, 0x93, 0xa6, 0x1, 0xe, 0x18,
    0x2d, 0x66, 0x29, 0x40, 0xb1, 0x40, 0x3, 0x69,
    0xd4, 0xa6, 0x65, 0xad, 0x30, 0xa2, 0x0, 0x2d,
    0x88, 0x7, 0x8b, 0x48, 0x38, 0x3, 0xff, 0x80,
    0x30, 0x6, 0x60, 0xf, 0xfe, 0x2, 0x88, 0x20,
    0x7, 0x77, 0xff, 0xc2, 0x1a, 0x1, 0xff, 0xc3,
    0x10, 0xe, 0xef, 0xff, 0x84, 0x4, 0x3, 0xff,
    0x80, 0x22, 0xd, 0x0, 0xff, 0xe0, 0x48, 0x1,
    0x0, 0x2, 0x1, 0xf8, 0xdc, 0xc, 0xc1, 0x1e,
    0x60, 0x1e, 0x4d, 0x0, 0x70, 0xb, 0xe, 0x52,
    0x99, 0x96, 0xec, 0x21, 0x44, 0x3, 0x86, 0xb,
    0x59, 0x8a, 0x40, 0x1c, 0x50, 0x8, 0xb2, 0xd8,
    0x80, 0x2, 0x93, 0xc6, 0x1, 0x0,

    /* U+042E "Ю" */
    0x6f, 0xf0, 0x7, 0xc2, 0xf9, 0xdf, 0xd9, 0x2,
    0x1, 0xff, 0xc2, 0x7e, 0x83, 0x10, 0x13, 0x7e,
    0x60, 0xf, 0xfe, 0x5, 0x40, 0x1d, 0x77, 0xf5,
    0x18, 0x4d, 0x0, 0x7f, 0xa1, 0x41, 0xf1, 0x44,
    0x5, 0x72, 0x1, 0x5c, 0x3, 0xf0, 0xb8, 0x2c,
    0x0, 0x7c, 0xee, 0x8, 0x20, 0xf, 0xa4, 0x1,
    0x60, 0x1f, 0xd0, 0x21, 0x40, 0x1f, 0x20, 0x20,
    0x80, 0x7f, 0x9c, 0x14, 0x3, 0x7f, 0xc6, 0x6,
    0x1, 0xff, 0x78, 0x10, 0x7, 0xf7, 0x80, 0x7f,
    0xc6, 0x0, 0x10, 0xb, 0x32, 0x10, 0xf0, 0xf,
    0xf8, 0x80, 0x2, 0x1, 0x19, 0xc8, 0x8, 0x1,
    0xff, 0x68, 0x10, 0x7, 0xd8, 0x6, 0x40, 0x1f,
    0xc2, 0xa0, 0x80, 0x1f, 0x30, 0x87, 0x0, 0x7f,
    0x50, 0x2, 0xc0, 0x3f, 0x58, 0x1d, 0x88, 0x7,
    0xa9, 0x2, 0x8, 0x3, 0xf2, 0xc0, 0x27, 0xc2,
    0x1a, 0x47, 0x28, 0x2b, 0x80, 0x7f, 0x9e, 0x84,
    0x4f, 0x79, 0x6e, 0x21, 0x14, 0x1, 0xff, 0xc0,
    0x5f, 0x94, 0x10, 0x1, 0xbf, 0x38, 0x6,

    /* U+042F "Я" */
    0x0, 0x8e, 0x77, 0xff, 0xee, 0x0, 0x4e, 0x31,
    0x0, 0x7f, 0x43, 0x1, 0xd6, 0xf7, 0x68, 0x0,
    0xb, 0x82, 0xe2, 0x90, 0x8f, 0x0, 0x1c, 0x1,
    0x60, 0x1f, 0xee, 0x2, 0x10, 0xf, 0xfe, 0x67,
    0x1, 0x0, 0x7f, 0xc8, 0x0, 0x80, 0xf, 0xf1,
    0x28, 0x3c, 0x98, 0x7, 0xf5, 0x20, 0x36, 0x7f,
    0xf4, 0x80, 0x6b, 0xa0, 0xf, 0xfe, 0xe, 0x80,
    0xf7, 0xfe, 0x80, 0xc, 0x6e, 0x14, 0x20, 0x18,
    0x40, 0x37, 0x3, 0x20, 0x7, 0xf4, 0x90, 0xc8,
    0x7, 0xf2, 0x30, 0x50, 0x7, 0xf8,

    /* U+0430 "а" */
    0x0, 0x35, 0xf7, 0xfb, 0x1c, 0x2, 0x3e, 0x94,
    0x10, 0x1, 0xc6, 0x88, 0x10, 0x25, 0x77, 0xec,
    0x1, 0x58, 0xf, 0xda, 0x88, 0x13, 0xc0, 0x28,
    0x0, 0x40, 0x3c, 0xa0, 0x2, 0x0, 0x1c, 0x55,
    0x69, 0x0, 0x8, 0x56, 0x3a, 0xae, 0x40, 0x9,
    0xd4, 0x27, 0xbf, 0xee, 0x0, 0xac, 0x19, 0x82,
    0x1, 0xfc, 0x20, 0x1c, 0xe0, 0x12, 0x83, 0x8,
    0x4, 0xb2, 0x1, 0x40, 0x8b, 0xae, 0xdb, 0x46,
    0x1, 0xf, 0xb9, 0x22, 0x2, 0x30, 0x2,

    /* U+0431 "б" */
    0x0, 0xff, 0x89, 0x0, 0x3f, 0x1b, 0x57, 0x6d,
    0x80, 0x71, 0x4f, 0x64, 0xa8, 0x81, 0x8, 0x4,
    0xfa, 0xc2, 0x24, 0x8b, 0xed, 0x10, 0x4, 0x40,
    0x12, 0xfa, 0xdd, 0x4, 0x2, 0x37, 0x9, 0xb4,
    0x0, 0xfd, 0x0, 0xcc, 0x0, 0xfe, 0x14, 0x8,
    0x29, 0xdf, 0xeb, 0x50, 0x9, 0x40, 0x93, 0x58,
    0x80, 0x52, 0xa8, 0x0, 0x20, 0x3a, 0x8, 0xde,
    0xb5, 0x5, 0x90, 0x10, 0x10, 0xd7, 0x21, 0x4a,
    0x70, 0x62, 0x0, 0x9c, 0x80, 0x3a, 0x4, 0x28,
    0x2, 0xb0, 0xf, 0x90, 0xc, 0x80, 0x2, 0x1,
    0xf1, 0x3, 0xb8, 0x0, 0x20, 0x1f, 0x10, 0x39,
    0x10, 0x2c, 0x3, 0xe4, 0x3, 0xa, 0x7, 0x20,
    0xe, 0x71, 0xa, 0x7, 0x20, 0xc5, 0x0, 0x14,
    0xc0, 0x39, 0x0, 0x30, 0x86, 0xbf, 0xda, 0xc0,
    0xd0, 0x1, 0xe, 0xc1, 0x88, 0x12, 0xe4, 0x80,
    0x0,

    /* U+0432 "в" */
    0xcf, 0xff, 0x6c, 0x90, 0x6, 0x13, 0x38, 0x88,
    0xda, 0x60, 0x14, 0xe6, 0x5b, 0xa2, 0xf, 0x0,
    0xfc, 0x54, 0x4, 0x1, 0xfd, 0xe0, 0x40, 0x1f,
    0xa, 0xb8, 0x40, 0x5, 0x1f, 0xf7, 0x50, 0x4a,
    0x0, 0x44, 0x89, 0x88, 0x25, 0xc0, 0x2a, 0xbb,
    0xdb, 0x61, 0x4, 0x1, 0xf9, 0x0, 0xe, 0x1,
    0xf9, 0x80, 0xc, 0x0, 0x9c, 0xcb, 0x7a, 0x41,
    0xc, 0x0, 0x26, 0x71, 0x1, 0xcd, 0x80,

    /* U+0433 "г" */
    0xcf, 0xff, 0xd2, 0x1, 0xff, 0xc0, 0x7f, 0xff,
    0x48, 0x7, 0xff, 0xfc, 0x3, 0xff, 0x9a,

    /* U+0434 "д" */
    0x0, 0xab, 0xff, 0xf8, 0xc0, 0x38, 0x40, 0x3f,
    0xf8, 0xb3, 0xff, 0xb8, 0x3, 0xf3, 0x81, 0x80,
    0x7f, 0xf0, 0x44, 0x4, 0x3, 0xff, 0x82, 0x60,
    0xe0, 0x1f, 0xfc, 0x11, 0x1, 0x0, 0xff, 0xe0,
    0x8, 0x0, 0x80, 0x3f, 0xf8, 0xa, 0x2, 0x1,
    0xff, 0xc1, 0xc0, 0x70, 0xf, 0xfe, 0x2, 0x38,
    0x50, 0x8f, 0x18, 0x1, 0xc4, 0x36, 0xc0, 0x19,
    0xdd, 0xda, 0x0, 0xbe, 0x20, 0xf, 0xfe, 0x34,
    0xff, 0xff, 0x80, 0x3f, 0xf8, 0xe2, 0x6, 0x1,
    0xff, 0xc1,

    /* U+0435 "е" */
    0x0, 0x92, 0xfb, 0xf6, 0x8c, 0x3, 0xaa, 0xd0,
    0x40, 0x97, 0x24, 0x2, 0xa5, 0x19, 0xef, 0xd7,
    0x6, 0x80, 0x35, 0xd, 0x61, 0x2, 0x8a, 0x7,
    0x19, 0x6, 0x30, 0xe, 0x54, 0x6, 0x70, 0x4b,
    0xbf, 0x98, 0x34, 0xc0, 0x91, 0x3e, 0x20, 0x13,
    0x8, 0xff, 0xfe, 0xb7, 0xb, 0x0, 0xff, 0x48,
    0x1b, 0x80, 0x79, 0x80, 0x6, 0xc1, 0x14, 0x62,
    0x24, 0xb9, 0x90, 0x2, 0x58, 0x17, 0x3b, 0x96,
    0x81, 0x80, 0x14, 0xe3, 0x10, 0x0, 0x9f, 0x94,
    0x0,

    /* U+0436 "ж" */
    0x1f, 0xf3, 0x0, 0x77, 0xf9, 0x40, 0x30, 0xff,
    0x98, 0x6, 0x2, 0x0, 0x3f, 0xf8, 0x10, 0x4,
    0xc0, 0x7, 0x21, 0x80, 0xf, 0xf1, 0x30, 0x48,
    0x6, 0x90, 0x72, 0x0, 0xfe, 0x90, 0x54, 0x0,
    0xc8, 0xa1, 0x0, 0x1f, 0x95, 0x2, 0xc0, 0x3d,
    0x60, 0xa6, 0x1, 0xf4, 0x4, 0x8, 0x7, 0x85,
    0xc3, 0x3f, 0xc0, 0xa, 0xff, 0x10, 0xb8, 0x7,
    0xe4, 0x0, 0xff, 0x9, 0x80, 0x7d, 0x6, 0x19,
    0xfe, 0x0, 0x57, 0xf8, 0x83, 0x80, 0x3c, 0x6e,
    0x10, 0x60, 0x1f, 0x78, 0x14, 0x80, 0x77, 0x1,
    0xb8, 0x7, 0xe2, 0x80, 0x64, 0x0, 0xa8, 0x83,
    0x80, 0x3f, 0xce, 0x81, 0x42, 0xa, 0xa0, 0x92,
    0x0, 0xff, 0xa8, 0x45, 0x40,

    /* U+0437 "з" */
    0x0, 0x2d, 0x6f, 0xfb, 0x68, 0xc0, 0x2a, 0xa2,
    0x90, 0x0, 0x97, 0x20, 0x1, 0xe9, 0x5b, 0xfe,
    0xc4, 0x7, 0x30, 0x5b, 0x52, 0x0, 0x1d, 0x80,
    0x18, 0x3, 0xf2, 0x80, 0x1c, 0x3, 0x4d, 0x5e,
    0xd0, 0xd9, 0x0, 0x67, 0x54, 0x20, 0x27, 0x0,
    0xee, 0xff, 0x74, 0x1e, 0x20, 0x7, 0xc2, 0xe8,
    0x1c, 0x2, 0x1, 0xf3, 0x80, 0x87, 0xd2, 0x88,
    0x9, 0xd1, 0x86, 0x90, 0x2d, 0x77, 0xf6, 0x28,
    0x33, 0xb, 0xa5, 0x4, 0x0, 0x4d, 0x92, 0x0,

    /* U+0438 "и" */
    0xcf, 0x80, 0xf, 0x17, 0x7b, 0x0, 0x7f, 0x78,
    0x80, 0x7f, 0xac, 0x80, 0x3f, 0xd0, 0x80, 0x1f,
    0xe5, 0x70, 0xa1, 0x0, 0xf8, 0xe8, 0x1d, 0x40,
    0x3e, 0x1d, 0x5, 0x80, 0xf, 0xda, 0x25, 0x40,
    0x1f, 0xa8, 0xc7, 0x0, 0x3f, 0x32, 0x86, 0x88,
    0x7, 0xe1, 0x9, 0x30, 0xf, 0xf3, 0x30, 0x3,
    0xfc, 0x92, 0x1, 0xfc,

    /* U+0439 "й" */
    0x0, 0x3f, 0x88, 0x5, 0x7a, 0x1, 0xc8, 0x14,
    0x44, 0x74, 0x40, 0x7, 0x1c, 0xae, 0xea, 0x16,
    0x40, 0x3c, 0xdd, 0xb9, 0xd4, 0x1, 0xfc, 0x46,
    0x20, 0x1d, 0x9f, 0x0, 0x1e, 0x2e, 0xf6, 0x0,
    0xfe, 0xf1, 0x0, 0xff, 0x59, 0x0, 0x7f, 0xa1,
    0x0, 0x3f, 0xca, 0xe1, 0x42, 0x1, 0xf1, 0xd0,
    0x3a, 0x80, 0x7c, 0x3a, 0xb, 0x0, 0x1f, 0xb4,
    0x4a, 0x80, 0x3f, 0x51, 0x8e, 0x0, 0x7e, 0x65,
    0xd, 0x10, 0xf, 0xc2, 0x12, 0x60, 0x1f, 0xe6,
    0x60, 0x7, 0xf9, 0x24, 0x3, 0xf8,

    /* U+043A "к" */
    0xcf, 0x80, 0xe, 0x1e, 0xf7, 0x0, 0xfe, 0xb1,
    0x47, 0x0, 0xfc, 0xaa, 0x1a, 0x0, 0xfc, 0x34,
    0x16, 0x20, 0x1f, 0xa8, 0x19, 0x40, 0x3f, 0x3a,
    0x14, 0x80, 0x79, 0xff, 0xd0, 0x1c, 0x1, 0xff,
    0xc0, 0xa0, 0xf, 0x9f, 0xfd, 0x20, 0xce, 0x1,
    0xfc, 0xce, 0x10, 0x80, 0x1f, 0xd0, 0xa1, 0x64,
    0x1, 0xfd, 0x46, 0x1e, 0x20, 0x1f, 0xda, 0x25,
    0x40,

    /* U+043B "л" */
    0x0, 0xab, 0xff, 0xf8, 0x80, 0x3f, 0xf8, 0xa2,
    0x13, 0xff, 0xb0, 0x3, 0xce, 0x4, 0x1, 0x84,
    0x3, 0xc2, 0x1, 0xff, 0xc1, 0x30, 0x60, 0xf,
    0xf8, 0x40, 0xc0, 0x3f, 0xf8, 0x22, 0x1, 0xfe,
    0x20, 0x20, 0xf, 0xf9, 0x1, 0xc0, 0x3f, 0xc5,
    0x1, 0x80, 0x1f, 0xd7, 0xa2, 0x26, 0x0, 0xfe,
    0x60, 0x2d, 0x0, 0xff, 0x0,

    /* U+043C "м" */
    0xcf, 0xd0, 0xf, 0xe8, 0xfe, 0x0, 0x13, 0x80,
    0x7c, 0x4e, 0x1, 0xd0, 0x20, 0x1e, 0x90, 0xe,
    0x10, 0x80, 0xe, 0x54, 0x10, 0xd, 0x20, 0xc4,
    0x1, 0xa0, 0x20, 0x3, 0x14, 0x4, 0x80, 0x4e,
    0x4a, 0xa0, 0xe, 0x72, 0x44, 0x0, 0xc0, 0x58,
    0x7, 0xd2, 0x12, 0x16, 0x10, 0x20, 0x1f, 0x22,
    0xa, 0x94, 0x9c, 0x3, 0xfa, 0x41, 0x42, 0x40,
    0x3f, 0xc4, 0xe0, 0xa8, 0x1, 0xff, 0x43, 0xd8,
    0x7, 0xff, 0x6, 0x4, 0x3, 0xc0,

    /* U+043D "н" */
    0xcf, 0x80, 0xf, 0x1f, 0xf8, 0x40, 0x3f, 0xfe,
    0xef, 0xff, 0xec, 0x0, 0xff, 0xe3, 0x3f, 0xff,
    0xb0, 0x3, 0xff, 0xd6,

    /* U+043E "о" */
    0x0, 0x8e, 0xb7, 0xfa, 0xd8, 0x3, 0xd3, 0x8a,
    0x40, 0x29, 0x38, 0x40, 0x14, 0xb0, 0x2e, 0x76,
    0xc0, 0x1f, 0x80, 0xd, 0x82, 0x28, 0xc4, 0x9f,
    0x40, 0xa0, 0x24, 0x9, 0xc0, 0x38, 0xa0, 0x18,
    0x1c, 0x14, 0x3, 0xe5, 0x1, 0x23, 0xe, 0x0,
    0xf8, 0xc0, 0xc, 0x61, 0xc0, 0x1f, 0x18, 0x1,
    0x90, 0x14, 0x3, 0xe5, 0x1, 0x2a, 0x2, 0x70,
    0xe, 0x28, 0x6, 0x3, 0x60, 0x8a, 0x31, 0x27,
    0xd0, 0x28, 0x0, 0x4b, 0x2, 0xe7, 0x6c, 0x1,
    0xf8, 0x6, 0x9c, 0x52, 0x1, 0x39, 0xc2, 0x0,
    0x0,

    /* U+043F "п" */
    0xcf, 0xff, 0xf8, 0x3, 0xff, 0x88, 0xff, 0xfe,
    0xa0, 0xf, 0xfe, 0x0, 0x80, 0x7f, 0xff, 0xc0,
    0x3f, 0xfc, 0x20,

    /* U+0440 "р" */
    0xcf, 0x70, 0x8d, 0xfe, 0xc7, 0x10, 0xe, 0xee,
    0x39, 0x0, 0x9c, 0x7a, 0x0, 0x66, 0x16, 0xdf,
    0xf5, 0x90, 0xd9, 0x0, 0x67, 0x92, 0x0, 0x26,
    0x90, 0x48, 0x4, 0x30, 0x1, 0xe8, 0x4, 0x10,
    0x3, 0x80, 0x7c, 0xa0, 0x5, 0x0, 0x8, 0x7,
    0xf8, 0x80, 0x4, 0x1, 0xfe, 0x20, 0x2, 0x0,
    0x7c, 0xc0, 0x5, 0x0, 0xc, 0x80, 0x70, 0xc0,
    0x20, 0x80, 0x4d, 0x66, 0x22, 0x6f, 0x10, 0x90,
    0x9, 0x8d, 0x33, 0xb9, 0x22, 0x2b, 0x20, 0x8,
    0x72, 0xc, 0x0, 0x51, 0xe8, 0x1, 0xe7, 0xcf,
    0xf6, 0xb8, 0x80, 0x7f, 0xfb, 0xc0,

    /* U+0441 "с" */
    0x0, 0x8e, 0x77, 0xfb, 0x18, 0x3, 0x4e, 0x31,
    0x0, 0x9c, 0xe8, 0x84, 0xb0, 0x2e, 0x76, 0xc8,
    0x95, 0x1b, 0x4, 0x51, 0x89, 0x36, 0x2d, 0x50,
    0x9, 0xc0, 0x38, 0xa8, 0x50, 0x14, 0x3, 0xf8,
    0xc3, 0x80, 0x3f, 0x8c, 0x38, 0x3, 0xf9, 0x1,
    0x40, 0x3f, 0xa8, 0x9, 0xc0, 0x38, 0xa4, 0x4d,
    0x82, 0x28, 0xc4, 0x4d, 0x8d, 0x41, 0x2c, 0xb,
    0x9d, 0xc9, 0x13, 0xa0, 0x4, 0xe3, 0x10, 0x9,
    0xce, 0x8,

    /* U+0442 "т" */
    0xef, 0xff, 0xf5, 0x80, 0x7f, 0xf0, 0x3b, 0xfe,
    0xb0, 0x7, 0x7f, 0xd6, 0x1, 0xff, 0xff, 0x0,
    0xff, 0xf0, 0x80,

    /* U+0443 "у" */
    0xb, 0xfb, 0x0, 0xfd, 0xbe, 0xa1, 0xe0, 0x84,
    0x1, 0xe4, 0x21, 0x50, 0x42, 0xa, 0x0, 0xf7,
    0x83, 0x0, 0x56, 0xe, 0x1, 0xc4, 0x81, 0x20,
    0x13, 0x8, 0x30, 0x6, 0xa0, 0x51, 0x0, 0xcc,
    0x16, 0x1, 0x98, 0x24, 0x3, 0xa4, 0x9, 0x0,
    0xc, 0x26, 0x60, 0xe, 0x15, 0xe, 0x0, 0x58,
    0x48, 0x7, 0xd2, 0xa, 0x26, 0x42, 0xa0, 0x1f,
    0x19, 0x4, 0xc8, 0x18, 0x3, 0xfa, 0xc1, 0x94,
    0x24, 0x3, 0xf9, 0x84, 0x40, 0xa2, 0x1, 0xfe,
    0x60, 0x4, 0x80, 0x7f, 0xde, 0x6, 0x60, 0xf,
    0xfa, 0x42, 0x40, 0x3e, 0x96, 0x11, 0x58, 0x92,
    0x80, 0x78, 0xda, 0x7b, 0x88, 0x1c, 0x1, 0xf1,
    0xc9, 0x80, 0xae, 0x98, 0x7, 0xc0,

    /* U+0444 "ф" */
    0x0, 0xf9, 0xff, 0x0, 0x3f, 0xff, 0xe0, 0x1f,
    0x8e, 0x77, 0xa0, 0xf, 0xf6, 0x94, 0x3, 0xd5,
    0x8c, 0x42, 0x1, 0x89, 0x6b, 0x48, 0x2, 0xb5,
    0x4, 0xad, 0x70, 0x3e, 0xb7, 0x2, 0xc1, 0x5,
    0x40, 0x9b, 0x52, 0xf0, 0x0, 0xa4, 0x68, 0x8a,
    0xc3, 0x81, 0x18, 0x3, 0xf8, 0xa0, 0x14, 0x14,
    0x34, 0x3, 0xfe, 0x70, 0x1, 0x88, 0x18, 0x7,
    0xfc, 0x20, 0x7, 0x10, 0x30, 0xf, 0xf8, 0x40,
    0xc, 0x81, 0xa0, 0x1f, 0xf3, 0x0, 0xb, 0x81,
    0x18, 0x3, 0xf8, 0xe0, 0x18, 0x11, 0x42, 0x69,
    0x7, 0xc0, 0x23, 0x9c, 0x1, 0x80, 0x5, 0x28,
    0x2d, 0xf3, 0x81, 0xfe, 0x30, 0x1e, 0x8, 0x5,
    0x58, 0xc4, 0x1, 0xc4, 0xb5, 0x84, 0x1, 0xc7,
    0x3b, 0xf0, 0x7, 0xfb, 0x4a, 0x1, 0xff, 0xff,
    0x0,

    /* U+0445 "х" */
    0x3f, 0xf3, 0x0, 0x72, 0xff, 0x88, 0xe4, 0x24,
    0x80, 0x22, 0xa0, 0x92, 0x6, 0x50, 0xf0, 0xb,
    0x81, 0x58, 0x2, 0xa2, 0x25, 0x4, 0x99, 0x50,
    0x7, 0x70, 0x2d, 0x30, 0x78, 0x7, 0x8e, 0x41,
    0x42, 0x48, 0x3, 0xe6, 0x10, 0x16, 0x0, 0xfd,
    0x42, 0x3, 0x20, 0x1f, 0x32, 0x85, 0x3, 0x28,
    0x7, 0x14, 0x84, 0xac, 0x85, 0x10, 0x6, 0xf0,
    0x56, 0x6, 0x50, 0xf0, 0xa, 0x88, 0x94, 0x1,
    0x51, 0x12, 0x81, 0x94, 0x3c, 0x3, 0xb8, 0x15,
    0x80,

    /* U+0446 "ц" */
    0xcf, 0x80, 0xf, 0x47, 0xe0, 0x7, 0xff, 0xfc,
    0x3, 0xff, 0xf2, 0xff, 0xfe, 0x70, 0x3f, 0xd0,
    0xf, 0xfe, 0x16, 0x7f, 0xff, 0xa4, 0x3, 0xff,
    0xba, 0xdd, 0x80,

    /* U+0447 "ч" */
    0xff, 0x28, 0x7, 0xbb, 0xd8, 0x3, 0xff, 0xc8,
    0x41, 0x80, 0x1f, 0xc8, 0xd, 0x4, 0x4, 0xb4,
    0x20, 0x8, 0x20, 0x7d, 0xfd, 0xa5, 0x0, 0x87,
    0x60, 0xc4, 0x92, 0x34, 0x40, 0x33, 0xe7, 0x6d,
    0xb9, 0x0, 0x7f, 0xf6, 0xc0,

    /* U+0448 "ш" */
    0xcf, 0x80, 0xe, 0xdf, 0x70, 0xe, 0xff, 0x28,
    0x7, 0xff, 0xfc, 0x3, 0xff, 0xfe, 0x1, 0xff,
    0xde, 0x7f, 0xfe, 0x20, 0x8f, 0xfe, 0x0, 0xff,
    0xe5, 0x0,

    /* U+0449 "щ" */
    0xcf, 0x80, 0xe, 0xdf, 0x70, 0xe, 0xff, 0x28,
    0x7, 0xff, 0xfc, 0x3, 0xff, 0xfe, 0x1, 0xff,
    0xef, 0x30, 0xc, 0xff, 0xfc, 0x41, 0x1f, 0xfc,
    0x0, 0x9f, 0x40, 0xf, 0xfe, 0x4e, 0x7f, 0xff,
    0xf1, 0x44, 0x3, 0xff, 0xbb, 0x2e, 0xc0,

    /* U+044A "ъ" */
    0xef, 0xfe, 0x40, 0xf, 0xfe, 0x5f, 0x7f, 0xc0,
    0x1f, 0xfd, 0x48, 0xbb, 0xaa, 0x8, 0x3, 0xf1,
    0xa2, 0x4a, 0xfa, 0xc0, 0x1f, 0x5f, 0xfd, 0xaa,
    0x12, 0x40, 0x1f, 0xe2, 0xa1, 0x5, 0x0, 0xff,
    0xe0, 0x10, 0x70, 0x7, 0xff, 0x0, 0x80, 0x40,
    0x3f, 0xe8, 0x10, 0xb0, 0xf, 0x4e, 0x65, 0xce,
    0xe, 0x60, 0x1e, 0x23, 0x38, 0x12, 0xe0, 0x0,

    /* U+044B "ы" */
    0xcf, 0x80, 0xf, 0xe3, 0xff, 0x8, 0x7, 0xff,
    0x99, 0x6e, 0xea, 0x84, 0x0, 0xfe, 0x24, 0x49,
    0x5e, 0xe8, 0x3, 0xf3, 0xff, 0xdb, 0x0, 0xae,
    0x1, 0xff, 0x13, 0xa8, 0x58, 0x7, 0xff, 0x7,
    0x40, 0x80, 0x3f, 0xf8, 0x3c, 0x4, 0x1, 0xff,
    0xc0, 0x56, 0x4, 0x0, 0xf9, 0xb3, 0x2e, 0xa0,
    0x38, 0x0, 0xf8, 0x4c, 0xe1, 0x38, 0xc0, 0xf,
    0x0,

    /* U+044C "ь" */
    0xcf, 0x80, 0xf, 0xff, 0x1a, 0xdd, 0xe9, 0x50,
    0xe, 0x24, 0x4c, 0xd5, 0x80, 0x19, 0xff, 0xee,
    0x90, 0x39, 0x0, 0xf8, 0x5a, 0x1, 0x80, 0x3f,
    0x8c, 0x3, 0xfe, 0x30, 0xf, 0xf1, 0xc8, 0x28,
    0x4, 0xd9, 0x97, 0x60, 0x8a, 0xc0, 0x21, 0x33,
    0x84, 0x9f, 0xc4, 0x0,

    /* U+044D "э" */
    0x0, 0x25, 0x6f, 0xf6, 0x40, 0x80, 0x6b, 0xb2,
    0x90, 0x88, 0xdf, 0x98, 0x0, 0x2c, 0x55, 0xfd,
    0xfa, 0xc1, 0x2a, 0x3, 0x9a, 0xa0, 0x11, 0x4c,
    0x82, 0x84, 0x4, 0x3, 0xe6, 0x30, 0x70, 0xd,
    0x37, 0x7c, 0x21, 0x80, 0x19, 0x51, 0x38, 0x80,
    0x40, 0x36, 0x7f, 0xf3, 0x80, 0x80, 0x7f, 0x98,
    0x30, 0x8, 0x40, 0x3d, 0x22, 0xc, 0x59, 0xec,
    0x20, 0x3, 0xb6, 0xa, 0x2, 0x41, 0x9e, 0xff,
    0x62, 0x4, 0xa8, 0x2, 0xad, 0x44, 0x4, 0x9f,
    0x98, 0x0,

    /* U+044E "ю" */
    0xcf, 0x80, 0xe, 0x5b, 0xef, 0xea, 0x40, 0xf,
    0xe1, 0xca, 0x41, 0x1, 0x5b, 0x90, 0xf, 0xda,
    0x61, 0x1d, 0xfd, 0x0, 0xd2, 0x1, 0xe6, 0x30,
    0xb7, 0x10, 0x17, 0xb0, 0x63, 0x0, 0xed, 0x5,
    0x40, 0xe, 0x44, 0x5, 0x0, 0x1f, 0xfc, 0x81,
    0x80, 0x1f, 0x60, 0x20, 0x7, 0xc6, 0x1, 0xf1,
    0x1, 0x80, 0x1b, 0x74, 0x40, 0x60, 0x1f, 0x10,
    0x18, 0x0, 0x48, 0x88, 0x1a, 0x1, 0xf5, 0x82,
    0x0, 0x75, 0x82, 0x28, 0x7, 0x31, 0x85, 0x0,
    0x71, 0x38, 0x54, 0x10, 0x14, 0xc8, 0x18, 0xc0,
    0x3d, 0xc, 0xf, 0xbf, 0xac, 0xd, 0x20, 0x1f,
    0xa6, 0xd4, 0x40, 0x56, 0xe4, 0x0,

    /* U+044F "я" */
    0x0, 0x25, 0x77, 0xff, 0x9c, 0x22, 0xd4, 0x40,
    0x3e, 0x47, 0x4, 0xbe, 0xff, 0x94, 0x1, 0xa0,
    0x36, 0x82, 0x1, 0xe2, 0x4, 0x0, 0xfe, 0x20,
    0x60, 0xf, 0xec, 0x3, 0x50, 0xf, 0xca, 0xa0,
    0xad, 0xba, 0xa9, 0x0, 0x2a, 0xa0, 0x12, 0x2a,
    0xc2, 0x1, 0xf7, 0x7f, 0xca, 0x1, 0xd, 0x85,
    0x8, 0x7, 0xda, 0x2a, 0xa0, 0xf, 0x9c, 0xc6,
    0xc0, 0x3f, 0x0,

    /* U+0450 "ѐ" */
    0x0, 0x2f, 0xf9, 0xc0, 0x3f, 0x97, 0x4e, 0x24,
    0x3, 0xf8, 0xb1, 0x99, 0x40, 0x1f, 0xe9, 0xfa,
    0x0, 0xff, 0xe4, 0xa5, 0xf7, 0xed, 0x18, 0x7,
    0x55, 0xa0, 0x81, 0x2e, 0x48, 0x5, 0x4a, 0x33,
    0xdf, 0xae, 0xd, 0x0, 0x6a, 0x1a, 0xc2, 0x5,
    0x14, 0xe, 0x32, 0xc, 0x60, 0x1c, 0xa8, 0xc,
    0xe0, 0x97, 0x7f, 0x30, 0x69, 0x81, 0x22, 0x7c,
    0x40, 0x26, 0x11, 0xff, 0xfd, 0x6e, 0x16, 0x1,
    0xfe, 0x90, 0x37, 0x0, 0xf3, 0x0, 0xd, 0x82,
    0x28, 0xc4, 0x49, 0x73, 0x20, 0x4, 0xb0, 0x2e,
    0x77, 0x2d, 0x3, 0x0, 0x29, 0xc6, 0x20, 0x1,
    0x3f, 0x28, 0x0,

    /* U+0451 "ё" */
    0x0, 0xaf, 0x88, 0x13, 0xe0, 0x3, 0xc8, 0x2e,
    0x18, 0x8, 0x1, 0xec, 0x95, 0x8, 0x87, 0x0,
    0x78, 0xd8, 0x2, 0x72, 0x0, 0xf2, 0x5f, 0x7e,
    0xd1, 0x80, 0x75, 0x5a, 0x8, 0x12, 0xe4, 0x80,
    0x54, 0xa3, 0x3d, 0xfa, 0xe0, 0xd0, 0x6, 0xa1,
    0xac, 0x20, 0x51, 0x40, 0xe3, 0x20, 0xc6, 0x1,
    0xca, 0x80, 0xce, 0x9, 0x77, 0xf3, 0x6, 0x98,
    0x12, 0x27, 0xc4, 0x2, 0x61, 0x1f, 0xff, 0xd6,
    0xe1, 0x60, 0x1f, 0xe9, 0x3, 0x70, 0xf, 0x30,
    0x0, 0xd8, 0x22, 0x8c, 0x44, 0x97, 0x32, 0x0,
    0x4b, 0x2, 0xe7, 0x72, 0xd0, 0x30, 0x2, 0x9c,
    0x62, 0x0, 0x13, 0xf2, 0x80,

    /* U+0452 "ђ" */
    0x0, 0xb3, 0xdc, 0x3, 0xff, 0x9c, 0x7f, 0xe3,
    0x8, 0xff, 0xe3, 0x0, 0xc2, 0xaa, 0x10, 0x35,
    0x5e, 0x10, 0xc, 0x55, 0x42, 0xb, 0xaa, 0xe2,
    0x0, 0xff, 0x9f, 0x3f, 0xda, 0xe0, 0x1f, 0xbb,
    0x90, 0x60, 0x2, 0x8d, 0x10, 0xf, 0x30, 0xb6,
    0x76, 0x28, 0x15, 0x80, 0x7d, 0x32, 0x31, 0x3a,
    0x60, 0x50, 0xf, 0x13, 0x0, 0x75, 0x80, 0xc,
    0x3, 0x9c, 0x3, 0xc4, 0x0, 0x60, 0xe, 0x30,
    0xf, 0xff, 0xf8, 0x7, 0xff, 0x5b, 0x3e, 0x40,
    0x3f, 0xf9, 0x42, 0x0, 0x10, 0xf, 0xe5, 0x10,
    0x80, 0x2, 0x0, 0x7e, 0x3a, 0xef, 0x60, 0x70,
    0xf, 0xe1, 0x41, 0x2, 0x98, 0x0,

    /* U+0453 "ѓ" */
    0x0, 0xe1, 0xef, 0xb0, 0xe, 0x1c, 0x15, 0xb0,
    0xc, 0x38, 0x51, 0x40, 0x1c, 0xaa, 0xa7, 0x0,
    0xf2, 0x42, 0x80, 0x6c, 0xff, 0xfd, 0x20, 0x1f,
    0xfc, 0x7, 0xff, 0xf4, 0x80, 0x7f, 0xff, 0xc0,
    0x3f, 0xf9, 0xa0,

    /* U+0454 "є" */
    0x0, 0x8a, 0x77, 0xfd, 0xb2, 0x40, 0x1a, 0x35,
    0x88, 0x0, 0x4d, 0xb0, 0x0, 0x87, 0x6, 0xdf,
    0xf6, 0xb8, 0x20, 0x1b, 0x84, 0xc8, 0x80, 0x5,
    0x19, 0xa1, 0x40, 0x8c, 0x1, 0xe3, 0x10, 0x40,
    0xe0, 0xf, 0xf1, 0x85, 0x7f, 0xf5, 0x0, 0x63,
    0x2, 0x44, 0xed, 0x0, 0xc8, 0x9, 0x77, 0xce,
    0x1, 0xa8, 0x19, 0x0, 0x3c, 0x20, 0x3, 0x70,
    0xb8, 0x10, 0x0, 0xb7, 0xd8, 0x2, 0x1c, 0x1f,
    0xbf, 0xb9, 0x22, 0x60, 0x14, 0x63, 0x10, 0x9,
    0x36, 0x40, 0x0,

    /* U+0455 "ѕ" */
    0x0, 0x25, 0xf7, 0xfb, 0x65, 0x0, 0x13, 0x68,
    0x20, 0x2, 0x6b, 0x24, 0x60, 0x7d, 0xfe, 0xc6,
    0x61, 0x60, 0x1c, 0x10, 0x9, 0xcc, 0x83, 0xc0,
    0x84, 0x3, 0xe5, 0x1, 0xeb, 0x74, 0x10, 0x8,
    0xb0, 0x81, 0x22, 0xfb, 0x10, 0x0, 0x7b, 0xaa,
    0x74, 0x3, 0xb4, 0x0, 0x89, 0x62, 0xf8, 0xc3,
    0x80, 0x40, 0x38, 0x54, 0x5, 0xfa, 0x10, 0x40,
    0x59, 0x80, 0x78, 0xf, 0x7d, 0xfd, 0x20, 0x71,
    0x76, 0x62, 0x0, 0xa, 0x4e, 0x0,

    /* U+0456 "і" */
    0x0, 0xeb, 0xf7, 0x24, 0x9, 0x25, 0x9, 0xa,
    0xf7, 0x0, 0xec, 0xf8, 0x0, 0xff, 0xf2, 0x0,

    /* U+0457 "ї" */
    0x4f, 0x70, 0xcd, 0x3, 0xc, 0x13, 0x22, 0x3c,
    0xc8, 0x6e, 0xc4, 0xc, 0x40, 0x88, 0x0, 0xb7,
    0xdc, 0x3, 0xff, 0xfe, 0x1, 0xff, 0x0,

    /* U+0458 "ј" */
    0x0, 0xff, 0xe0, 0xd7, 0xc0, 0x6, 0x15, 0x6,
    0x0, 0xc2, 0xa1, 0x20, 0x1d, 0x5e, 0xe0, 0x1f,
    0xfc, 0x1c, 0xf9, 0x0, 0xff, 0xff, 0x80, 0x7f,
    0xf4, 0x4, 0x3, 0x84, 0x3c, 0x10, 0x41, 0x88,
    0xc, 0x2b, 0xbe, 0x41, 0x10, 0xe, 0x20, 0x2f,
    0x60,

    /* U+0459 "љ" */
    0x0, 0xab, 0xff, 0xf9, 0x40, 0x3f, 0xfa, 0xa2,
    0x13, 0xff, 0xa8, 0x3, 0xff, 0x84, 0xe0, 0x40,
    0x1f, 0xfc, 0x71, 0x0, 0xfe, 0xbb, 0xd5, 0x4,
    0x1, 0xc6, 0xc, 0x1, 0xf0, 0xa2, 0x4a, 0xfa,
    0xe0, 0x18, 0x40, 0xc0, 0x3e, 0xaf, 0xfb, 0x54,
    0x20, 0xc0, 0x38, 0x40, 0x3f, 0xe2, 0xa2, 0xa,
    0x0, 0x10, 0x10, 0x7, 0xff, 0x9, 0x80, 0xc0,
    0x8, 0xe, 0x1, 0xff, 0xc2, 0x60, 0x30, 0x28,
    0xc, 0x0, 0xff, 0xe0, 0xd, 0x10, 0x6d, 0xe8,
    0x89, 0x80, 0x3f, 0x57, 0x73, 0xf9, 0x41, 0x51,
    0x80, 0xb4, 0x3, 0xfc, 0x22, 0x1, 0x4a, 0xa0,
    0x0,

    /* U+045A "њ" */
    0xcf, 0x80, 0xf, 0x3f, 0xe8, 0x7, 0xff, 0xfc,
    0x3, 0xff, 0x90, 0xff, 0xfe, 0x80, 0x2f, 0xfd,
    0xd6, 0x80, 0x1f, 0xfc, 0x61, 0x4b, 0x70, 0x9,
    0xff, 0xfd, 0x0, 0x5f, 0xf7, 0x59, 0x4, 0x0,
    0x7f, 0xf1, 0x5, 0x38, 0x0, 0x40, 0x1f, 0xfd,
    0xa8, 0x1, 0x20, 0xf, 0xf8, 0xae, 0xec, 0xf4,
    0xa, 0x0, 0xff, 0xe0, 0xa2, 0x46, 0x2b, 0xa8,
    0x0,

    /* U+045B "ћ" */
    0x0, 0xff, 0xe3, 0xe7, 0xc8, 0x7, 0xf8, 0x46,
    0x0, 0x84, 0x78, 0x3, 0xb3, 0xb8, 0x60, 0xdd,
    0xdc, 0x80, 0x1b, 0xae, 0xc4, 0xb, 0x77, 0xca,
    0x1, 0x8d, 0x10, 0x20, 0x68, 0x9c, 0x20, 0x1f,
    0xe1, 0x8d, 0xff, 0x6b, 0x80, 0x7e, 0x2f, 0x72,
    0x0, 0x14, 0x68, 0x80, 0x79, 0x5, 0xb3, 0xb1,
    0x40, 0xac, 0x3, 0xe9, 0x91, 0x89, 0xd3, 0x2,
    0x80, 0x78, 0x98, 0x3, 0xac, 0x0, 0x60, 0x1c,
    0xe0, 0x1e, 0x20, 0x3, 0x0, 0x71, 0x80, 0x7f,
    0xff, 0xc0, 0x3f, 0xfa, 0x60,

    /* U+045C "ќ" */
    0x0, 0xf5, 0x7f, 0x18, 0x7, 0xeb, 0x54, 0xf3,
    0x0, 0xf0, 0xe2, 0x45, 0x88, 0x7, 0xc3, 0x9e,
    0xe0, 0x1f, 0xfc, 0x7c, 0xf8, 0x0, 0xe1, 0xef,
    0x70, 0xf, 0xeb, 0x14, 0x70, 0xf, 0xca, 0xa1,
    0xa0, 0xf, 0xc3, 0x41, 0x62, 0x1, 0xfa, 0x81,
    0x94, 0x3, 0xf3, 0xa1, 0x48, 0x7, 0x9f, 0xfd,
    0x1, 0xc0, 0x1f, 0xfc, 0xa, 0x0, 0xf9, 0xff,
    0xd2, 0xc, 0xe0, 0x1f, 0xcc, 0xe1, 0x8, 0x1,
    0xfd, 0xa, 0x16, 0x40, 0x1f, 0xd4, 0x61, 0xe2,
    0x1, 0xfd, 0xa2, 0x54, 0x0,

    /* U+045D "ѝ" */
    0x0, 0x47, 0xf9, 0x0, 0x3f, 0xa2, 0xc6, 0xd4,
    0x3, 0xf9, 0x3d, 0x29, 0xc0, 0x3f, 0x86, 0xfd,
    0xc0, 0x3f, 0xf8, 0xd9, 0xf0, 0x1, 0xe2, 0xef,
    0x60, 0xf, 0xef, 0x10, 0xf, 0xf5, 0x90, 0x7,
    0xfa, 0x10, 0x3, 0xfc, 0xae, 0x14, 0x20, 0x1f,
    0x1d, 0x3, 0xa8, 0x7, 0xc3, 0xa0, 0xb0, 0x1,
    0xfb, 0x44, 0xa8, 0x3, 0xf5, 0x18, 0xe0, 0x7,
    0xe6, 0x50, 0xd1, 0x0, 0xfc, 0x21, 0x26, 0x1,
    0xfe, 0x66, 0x0, 0x7f, 0x92, 0x40, 0x3f, 0x80,

    /* U+045E "ў" */
    0x0, 0x8b, 0xd8, 0x2, 0x6f, 0x30, 0xf, 0x11,
    0x21, 0x5, 0x20, 0x4c, 0x3, 0xef, 0x2b, 0xeb,
    0x3d, 0x0, 0xfc, 0x59, 0xb9, 0xba, 0x30, 0xf,
    0xf1, 0x19, 0x0, 0x7d, 0x7f, 0x60, 0x1f, 0xb7,
    0xd4, 0x3c, 0x10, 0x80, 0x3c, 0x84, 0x2a, 0x8,
    0x41, 0x40, 0x1e, 0xf0, 0x60, 0xa, 0xc1, 0xc0,
    0x38, 0x90, 0x24, 0x2, 0x61, 0x6, 0x0, 0xd4,
    0xa, 0x20, 0x19, 0x82, 0xc0, 0x33, 0x4, 0x80,
    0x74, 0x81, 0x20, 0x1, 0x84, 0xcc, 0x1, 0xc2,
    0xa1, 0xc0, 0xb, 0x9, 0x0, 0xfa, 0x41, 0x44,
    0xc8, 0x54, 0x3, 0xe3, 0x20, 0x99, 0x3, 0x0,
    0x7f, 0x58, 0x32, 0x84, 0x80, 0x7f, 0x30, 0x88,
    0x14, 0x40, 0x3f, 0xcc, 0x0, 0x90, 0xf, 0xfb,
    0xc0, 0xcc, 0x1, 0xff, 0x48, 0x48, 0x7, 0xd2,
    0xc2, 0x2b, 0x12, 0x50, 0xf, 0x1b, 0x4f, 0x71,
    0x3, 0x80, 0x3e, 0x39, 0x30, 0x15, 0xd3, 0x0,
    0xf8,

    /* U+045F "џ" */
    0xcf, 0x80, 0xe, 0x1f, 0xf2, 0x0, 0x7f, 0xff,
    0xc0, 0x3f, 0xfc, 0x6f, 0xff, 0xdc, 0x1, 0xff,
    0xc3, 0xcf, 0xfa, 0x80, 0xbf, 0xf2, 0x0, 0x7f,
    0xf3, 0x0,

    /* U+0462 "Ѣ" */
    0x0, 0xc3, 0xfe, 0x40, 0xf, 0xff, 0x2c, 0x7f,
    0xdc, 0x0, 0xbf, 0xfc, 0xe0, 0x1e, 0xe3, 0x3c,
    0x0, 0x23, 0x3c, 0x40, 0x1e, 0x6c, 0xcb, 0x40,
    0x13, 0x99, 0x94, 0x3, 0xff, 0xa9, 0x7f, 0xfd,
    0xd8, 0xe0, 0x1f, 0xf0, 0x8e, 0x1, 0x38, 0xe2,
    0x0, 0xfd, 0x7d, 0xdb, 0xfa, 0x0, 0x78, 0x3,
    0xff, 0x84, 0x2f, 0x20, 0x66, 0x0, 0xff, 0xe1,
    0xb0, 0x1, 0x40, 0x3f, 0xf8, 0xc2, 0x1, 0xff,
    0xc6, 0x10, 0xf, 0xfe, 0x1b, 0x80, 0x10, 0x3,
    0xff, 0x82, 0x31, 0x0, 0x52, 0x0, 0xfa, 0xfb,
    0xb7, 0xf3, 0x82, 0x50, 0x7, 0xf0, 0x8e, 0x1,
    0x5a, 0xb0, 0x0,

    /* U+0463 "ѣ" */
    0x0, 0xb7, 0xdc, 0x3, 0xff, 0xcd, 0x77, 0x10,
    0x55, 0xde, 0x10, 0x9, 0x12, 0x0, 0x12, 0x26,
    0x30, 0xb, 0xfe, 0x20, 0x8f, 0xfc, 0x40, 0x1f,
    0xfd, 0x8a, 0xbb, 0xd2, 0x80, 0x1f, 0x12, 0x26,
    0x6b, 0xb0, 0x7, 0xa3, 0xfe, 0xe8, 0x4, 0x80,
    0xf, 0xe1, 0x76, 0x5, 0x0, 0xff, 0xbc, 0x8,
    0x3, 0xfe, 0xe0, 0x10, 0xf, 0xf2, 0x38, 0x38,
    0x7, 0x4e, 0x65, 0xd6, 0x5, 0x0, 0x1c, 0x26,
    0x70, 0x9c, 0x68, 0x80,

    /* U+046A "Ѫ" */
    0x0, 0x4f, 0xff, 0xff, 0x10, 0xc0, 0x30, 0x80,
    0x4, 0x8b, 0xfc, 0x1, 0x8, 0x6, 0x84, 0x5,
    0xdd, 0xfe, 0xf1, 0xa, 0x20, 0xe, 0xb3, 0x4a,
    0x0, 0xf8, 0xb0, 0x65, 0x40, 0x3e, 0xd2, 0x59,
    0x0, 0xe1, 0xc1, 0x86, 0x0, 0xfc, 0x38, 0x2d,
    0x0, 0x10, 0xe0, 0xb3, 0x80, 0x7f, 0x87, 0x5,
    0xdc, 0x0, 0xd2, 0x59, 0x0, 0xff, 0xe0, 0x16,
    0x84, 0x3e, 0x1a, 0x50, 0x7, 0xff, 0x1, 0x2f,
    0x40, 0x10, 0x60, 0x9b, 0x22, 0x1, 0xfd, 0x16,
    0x82, 0x44, 0x0, 0x18, 0x93, 0x79, 0x80, 0x7c,
    0xee, 0x6, 0xed, 0x80, 0x1c, 0xec, 0x21, 0xc2,
    0x0, 0xe1, 0x80, 0x89, 0x10, 0xf, 0x1e, 0x10,
    0x48, 0x7, 0x40, 0x13, 0x80, 0x7f, 0xc, 0x82,
    0x18, 0x4, 0x2c, 0x10, 0x1, 0xff, 0x21, 0x84,
    0x80, 0x4c, 0x2, 0xa0, 0x1f, 0xfc, 0x9, 0x5,
    0x10, 0x4, 0x83, 0x0, 0x7f, 0xf0, 0x54, 0x42,
    0x41, 0x44, 0x24, 0x3, 0xff, 0x84, 0xc0, 0xc0,

    /* U+046B "ѫ" */
    0x2, 0xff, 0xff, 0xe0, 0x80, 0x46, 0x0, 0x35,
    0x5f, 0x88, 0x8, 0x2, 0x1c, 0x2, 0x8a, 0xae,
    0xe2, 0x1c, 0x0, 0xc7, 0x63, 0x84, 0x1, 0x25,
    0x8e, 0x8, 0x7, 0x25, 0xf, 0x88, 0x1d, 0x8e,
    0x10, 0x7, 0xcb, 0x25, 0x89, 0x81, 0xa4, 0x1,
    0xf0, 0xd4, 0x1, 0x58, 0x3, 0xa0, 0x3, 0xc3,
    0xea, 0xa, 0x40, 0x68, 0x6f, 0xa0, 0x1d, 0x62,
    0x9d, 0x48, 0x15, 0x7e, 0x44, 0x90, 0x8, 0x94,
    0x28, 0x3, 0xc3, 0xe0, 0xc2, 0x0, 0xb0, 0x61,
    0x0, 0xf8, 0x90, 0x24, 0x5, 0x82, 0x80, 0x3f,
    0xb8, 0x18, 0x1c, 0x8, 0xc0, 0x3f, 0x94, 0x44,
    0xa0,

    /* U+0472 "Ѳ" */
    0x0, 0xe4, 0xad, 0xff, 0x75, 0xb0, 0x7, 0xf1,
    0x65, 0xa9, 0x0, 0x5, 0x27, 0x94, 0x3, 0xc9,
    0xa6, 0x9, 0x37, 0x94, 0xc0, 0x35, 0x0, 0x18,
    0xac, 0x7, 0x2d, 0x90, 0xd6, 0x79, 0x1, 0xd8,
    0x2, 0xe0, 0x1c, 0x30, 0xf, 0xd, 0x98, 0x48,
    0x81, 0x98, 0x20, 0x80, 0x3f, 0xb4, 0x1, 0x21,
    0x60, 0x2c, 0x1, 0xfe, 0x15, 0x5, 0x3, 0x1,
    0xee, 0xff, 0xe0, 0x28, 0x10, 0x38, 0x0, 0x47,
    0xff, 0x80, 0x1, 0x9c, 0x13, 0xff, 0xff, 0x81,
    0x0, 0x11, 0x82, 0x80, 0x7f, 0xf0, 0x34, 0x8,
    0x30, 0x5, 0x80, 0x3f, 0xc2, 0xa0, 0xa0, 0x86,
    0x10, 0x40, 0x1f, 0xd4, 0x0, 0xa0, 0x7, 0x0,
    0xe1, 0x80, 0x78, 0x6d, 0x2, 0x48, 0x0, 0x56,
    0x3, 0x96, 0xc6, 0x64, 0x9e, 0x40, 0x66, 0x0,
    0x64, 0xd2, 0x4, 0x9c, 0xc5, 0xb0, 0x2, 0xa4,
    0x3, 0xc5, 0xb4, 0xa4, 0x0, 0x14, 0x9e, 0x50,
    0xc,

    /* U+0473 "ѳ" */
    0x0, 0x8e, 0x77, 0xfb, 0x1c, 0x40, 0x3a, 0x31,
    0x88, 0x44, 0x71, 0xe8, 0x1, 0x43, 0x8c, 0xff,
    0x7e, 0xa8, 0xd9, 0x81, 0xb8, 0x6b, 0x0, 0x45,
    0x4c, 0x1e, 0x14, 0xc, 0x60, 0x1e, 0x90, 0x33,
    0x20, 0x2d, 0x57, 0xe1, 0x5, 0x30, 0x35, 0x5f,
    0xc2, 0x1c, 0x61, 0x1f, 0xff, 0x88, 0x39, 0x2,
    0xc0, 0x3e, 0x22, 0x2, 0xd0, 0x1b, 0x0, 0x7b,
    0x80, 0xce, 0x70, 0x97, 0x10, 0x1, 0xd9, 0x87,
    0x80, 0x21, 0xc2, 0x3b, 0xac, 0x41, 0xb3, 0x0,
    0xa3, 0x18, 0x84, 0xe, 0x3d, 0x0, 0x0,

    /* U+0474 "Ѵ" */
    0x7f, 0xf1, 0x0, 0x7f, 0xa7, 0xbf, 0x98, 0x1,
    0x60, 0x1f, 0xd8, 0xc2, 0x4, 0x2a, 0xe, 0x1,
    0xf9, 0xcc, 0x9, 0xe8, 0x24, 0x5, 0x80, 0x3e,
    0x90, 0x3d, 0x86, 0x3, 0x20, 0xa0, 0xf, 0x20,
    0x87, 0x80, 0x75, 0x81, 0x98, 0x3, 0xb8, 0xc,
    0xc0, 0x1c, 0xc0, 0xa, 0x0, 0xe5, 0xa, 0x0,
    0xf9, 0x81, 0x80, 0x32, 0x80, 0x1c, 0x3, 0xea,
    0x0, 0x30, 0x5, 0xc0, 0x82, 0x1, 0xf1, 0x98,
    0x2c, 0x0, 0x28, 0x1c, 0x1, 0xfd, 0x40, 0x46,
    0xc, 0x0, 0x50, 0xf, 0xe6, 0x0, 0x48, 0x50,
    0x30, 0x7, 0xfc, 0xc0, 0xa6, 0x41, 0x40, 0x1f,
    0xf5, 0x80, 0x34, 0x8, 0xc0, 0x3f, 0xe2, 0x30,
    0x10, 0x50, 0xf, 0xfe, 0xc, 0x80, 0x54, 0x1,
    0xff, 0xc1, 0x51, 0x3, 0x20, 0xf, 0x80,

    /* U+0475 "ѵ" */
    0xaf, 0xd0, 0xf, 0x86, 0xff, 0x8a, 0x40, 0x90,
    0x3, 0xda, 0x80, 0x26, 0x70, 0x78, 0x7, 0x21,
    0x83, 0x40, 0x85, 0x2, 0x10, 0x6, 0xf0, 0x39,
    0x70, 0x3, 0x8, 0x50, 0x4, 0x28, 0x12, 0x1,
    0xcc, 0xc, 0x1, 0x30, 0xa, 0x80, 0x74, 0x80,
    0xa8, 0x2, 0x81, 0x80, 0x3c, 0x2a, 0x12, 0x6,
    0x41, 0x40, 0x1f, 0x48, 0x19, 0xa8, 0x10, 0x80,
    0x3e, 0x33, 0x4, 0xb8, 0x70, 0x7, 0xf5, 0x2,
    0x88, 0x94, 0x3, 0xf9, 0x84, 0x0, 0xe0, 0x1f,
    0xf3, 0x0, 0x2c, 0x3, 0xc0,

    /* U+048A "Ҋ" */
    0x0, 0x8a, 0xc, 0x3, 0x33, 0x80, 0x7f, 0x9e,
    0x40, 0x34, 0x58, 0x7, 0xf1, 0x1a, 0xb9, 0x1d,
    0x8d, 0x0, 0x7f, 0xb5, 0x63, 0x71, 0x21, 0x80,
    0x3f, 0xc3, 0x5d, 0x9b, 0xee, 0x1, 0xf3, 0x7f,
    0x80, 0x21, 0x32, 0x0, 0x9f, 0xfc, 0x40, 0x1f,
    0xfc, 0x13, 0x80, 0xf, 0xfe, 0x18, 0xe8, 0x7,
    0xff, 0x12, 0x84, 0x3, 0xff, 0x86, 0xe8, 0xc,
    0x1, 0xff, 0xc1, 0x38, 0x6, 0xa0, 0xf, 0xfe,
    0x0, 0xe8, 0x1c, 0x80, 0x7f, 0xf0, 0x68, 0x45,
    0xc0, 0x1f, 0xfc, 0x17, 0x40, 0xa2, 0x0, 0xff,
    0xe0, 0x1c, 0x3, 0xa0, 0x7, 0xff, 0x0, 0x74,
    0xe, 0x0, 0x3f, 0xf8, 0x34, 0x22, 0xd0, 0xf,
    0xfe, 0xb, 0xa0, 0x50, 0x80, 0x7f, 0xf0, 0x60,
    0x21, 0x0, 0x3f, 0xf8, 0x68, 0xe0, 0x1f, 0xfc,
    0x31, 0xa0, 0xf, 0xf6, 0xfb, 0x0, 0x5a, 0x20,
    0x1f, 0xfc, 0x7, 0x6f, 0xf1, 0x80, 0x7e, 0x3f,
    0xb0, 0x21, 0x0, 0xff, 0xe1, 0x60, 0x28, 0x7,
    0xff, 0xd, 0x2, 0xc0, 0x3f, 0xf8, 0x86, 0x60,

    /* U+048B "ҋ" */
    0x0, 0x57, 0x80, 0x69, 0xf0, 0xf, 0xb8, 0x2c,
    0xc9, 0xd9, 0x40, 0x3e, 0x49, 0x5c, 0xd8, 0x6a,
    0x0, 0xfc, 0xdd, 0xb9, 0xd2, 0x1, 0xff, 0x11,
    0x88, 0x7, 0xd9, 0xf0, 0x1, 0xe2, 0xef, 0x60,
    0xf, 0xfb, 0xc4, 0x3, 0xff, 0x81, 0x64, 0x1,
    0xff, 0xc0, 0x84, 0x0, 0xff, 0xe0, 0x2b, 0x85,
    0x8, 0x7, 0xf1, 0xd0, 0x3a, 0x80, 0x7f, 0xe,
    0x82, 0xc0, 0x7, 0xfb, 0x44, 0xa8, 0x3, 0xfd,
    0x46, 0x3e, 0x1, 0xfe, 0x65, 0xd, 0x20, 0xf,
    0xf0, 0x84, 0x98, 0x7, 0xff, 0x1, 0x98, 0x1,
    0xf4, 0xfa, 0x0, 0x12, 0x40, 0x3f, 0xc9, 0x9f,
    0x60, 0x1f, 0x75, 0x82, 0x0, 0x7f, 0xf0, 0x30,
    0x34, 0x3, 0xff, 0x80, 0x26, 0x80,

    /* U+048C "Ҍ" */
    0x0, 0xb3, 0xe4, 0x3, 0xff, 0xc2, 0x9f, 0xe3,
    0x6, 0xff, 0xd6, 0x1, 0xe7, 0x33, 0x0, 0x4,
    0xcf, 0x10, 0x7, 0x8f, 0x30, 0x60, 0xf9, 0x9a,
    0x40, 0x3f, 0xfa, 0xd, 0xff, 0xed, 0x92, 0x0,
    0xfc, 0x23, 0x80, 0x4, 0xda, 0xa0, 0x1e, 0x6e,
    0xed, 0xfe, 0xa1, 0xa, 0x10, 0xf, 0xfe, 0x2,
    0xe0, 0x2, 0x40, 0x3f, 0xf8, 0x24, 0x60, 0x60,
    0x1f, 0xfc, 0x26, 0x7, 0x0, 0xff, 0xe1, 0x30,
    0x30, 0x7, 0xff, 0x4, 0x8c, 0x30, 0x3, 0xff,
    0x80, 0xb8, 0x2, 0xc0, 0x1c, 0xdd, 0xdb, 0xfd,
    0x42, 0x2c, 0x0, 0xf8, 0x47, 0x0, 0xa4, 0x71,
    0x0,

    /* U+048D "ҍ" */
    0x0, 0xbf, 0xc8, 0x1, 0xf9, 0x6e, 0xc0, 0x8,
    0xbb, 0xc0, 0x18, 0x91, 0x0, 0x3, 0x44, 0xc0,
    0x19, 0xff, 0xc0, 0xb, 0xff, 0xc0, 0x1f, 0xfc,
    0xbb, 0xff, 0xdb, 0x22, 0x1, 0xe3, 0x44, 0x88,
    0x8d, 0xe4, 0x1, 0xd1, 0x77, 0x6e, 0x84, 0x56,
    0x1, 0xfe, 0x27, 0x5, 0x0, 0xff, 0x8c, 0x3,
    0xff, 0x80, 0x8a, 0x8, 0x1, 0xd3, 0x99, 0x75,
    0x81, 0x48, 0x7, 0x11, 0x9c, 0x27, 0x1a, 0x20,

    /* U+048E "Ҏ" */
    0x6f, 0xff, 0xba, 0xd8, 0x3, 0xff, 0x80, 0x29,
    0x3c, 0x60, 0x1d, 0xdd, 0xb7, 0x1c, 0x7, 0x8,
    0x3, 0x8, 0xe2, 0x38, 0xd1, 0x8, 0x0, 0xff,
    0x8a, 0x41, 0x40, 0x3f, 0x18, 0x4, 0x60, 0x1,
    0x0, 0xf3, 0xe2, 0x0, 0x7f, 0xf0, 0x14, 0x28,
    0x40, 0xc0, 0x2, 0x1, 0xe2, 0xa1, 0xd2, 0x90,
    0x50, 0xf, 0xca, 0x87, 0xa2, 0x10, 0x1, 0xbf,
    0xf9, 0x0, 0x2b, 0x20, 0xf, 0xf1, 0x0, 0xa8,
    0x7, 0x77, 0x77, 0xed, 0xe, 0x80, 0x70, 0x8f,
    0x0, 0x15, 0x8e, 0x0, 0x3f, 0xf8, 0x12, 0x96,
    0x1, 0xff, 0xc1, 0xb3, 0x0, 0xff, 0xe2, 0x0,

    /* U+048F "ҏ" */
    0xcf, 0x70, 0x5b, 0xef, 0xd9, 0x20, 0xf, 0x4d,
    0x20, 0x81, 0x36, 0xa8, 0x6, 0xa6, 0x5d, 0xff,
    0x59, 0x85, 0x18, 0x4, 0x4f, 0x44, 0x0, 0x4c,
    0x30, 0xf0, 0x8, 0x60, 0x3, 0xde, 0x6, 0x40,
    0x4, 0x0, 0xf8, 0xc0, 0xe, 0x0, 0x20, 0xf,
    0xc4, 0x6, 0x0, 0x20, 0xc, 0x2e, 0x0, 0x20,
    0x30, 0x2, 0x0, 0x6b, 0x86, 0x40, 0x3, 0x80,
    0x6, 0x40, 0x2b, 0x19, 0x90, 0x19, 0x0, 0x9,
    0xad, 0x4, 0x18, 0x8, 0x3c, 0x2, 0x47, 0x4b,
    0xee, 0x38, 0x0, 0xcc, 0x1, 0xa2, 0xd0, 0x40,
    0x99, 0x4d, 0xc0, 0x39, 0x2f, 0xbf, 0x66, 0x8a,
    0x40, 0x3f, 0xf8, 0x1f, 0xe0, 0xf, 0xfe, 0x1,
    0x8, 0x7, 0xff, 0x44,

    /* U+0490 "Ґ" */
    0x0, 0xfe, 0x48, 0x50, 0xf, 0xed, 0x7f, 0x0,
    0xff, 0xe6, 0x37, 0xff, 0xe6, 0x0, 0xff, 0xe2,
    0xf7, 0x7e, 0xb0, 0x8, 0x47, 0xf8, 0x3, 0xff,
    0xfe, 0x1, 0xff, 0xff, 0x0, 0xf0,

    /* U+0491 "ґ" */
    0x0, 0xf0, 0xc4, 0x0, 0x3e, 0x37, 0x70, 0x7,
    0xfd, 0x9f, 0xfd, 0xa0, 0x1f, 0xfc, 0x37, 0xff,
    0xf0, 0x7, 0xff, 0xfc, 0x3, 0xff, 0x9c,

    /* U+0492 "Ғ" */
    0x0, 0xaf, 0xff, 0xfc, 0x80, 0x1f, 0xfc, 0x85,
    0xee, 0xfc, 0x80, 0x1c, 0x62, 0x3f, 0x80, 0x3f,
    0xfe, 0x27, 0xba, 0x40, 0x7d, 0xdf, 0x40, 0x1,
    0xc8, 0x80, 0x1, 0x22, 0xf8, 0x0, 0x9f, 0xe4,
    0x5, 0xff, 0xf5, 0x0, 0x7f, 0xff, 0xc0, 0x3f,
    0xf8, 0xa0,

    /* U+0493 "ғ" */
    0x6, 0xff, 0xfe, 0x0, 0xff, 0xe1, 0xf, 0xff,
    0xc0, 0x1f, 0xfd, 0x5a, 0xa0, 0xd, 0x57, 0x18,
    0x29, 0x80, 0x15, 0x79, 0x83, 0xe4, 0x7, 0xff,
    0x94, 0x3, 0xff, 0xc2,

    /* U+0494 "Ҕ" */
    0x6f, 0xff, 0xf8, 0x40, 0x3f, 0xf8, 0xdd, 0xdf,
    0xc2, 0x1, 0x84, 0x7f, 0x80, 0x3f, 0xfc, 0x62,
    0xf7, 0xdf, 0xb4, 0x80, 0x1e, 0xe8, 0x41, 0x2,
    0x5b, 0xa0, 0xf, 0x3e, 0x7f, 0xb1, 0x1, 0x64,
    0x3, 0x74, 0x18, 0x0, 0xed, 0x81, 0x88, 0x2,
    0x10, 0xf, 0x48, 0x2, 0x80, 0x3f, 0xe4, 0x2,
    0x0, 0xff, 0x84, 0x4, 0x3, 0xfe, 0x60, 0x20,
    0xf, 0xf0, 0x98, 0x78, 0x7, 0xfa, 0x80, 0xc,
    0xcf, 0xf0, 0x7, 0x1d, 0xa0, 0x48, 0x7, 0xdf,
    0xec, 0x40, 0x86, 0x0, 0xf1, 0x80, 0x5, 0x71,
    0xc0, 0x3e, 0x3f, 0xf7, 0x51, 0x80, 0x40,

    /* U+0495 "ҕ" */
    0xcf, 0xff, 0xca, 0x1, 0xff, 0xc4, 0x7f, 0xff,
    0x28, 0x7, 0xff, 0x70, 0x9f, 0x3b, 0x9b, 0x2,
    0x1, 0x96, 0xc, 0x44, 0x4f, 0xe6, 0x1, 0xb,
    0xef, 0xf4, 0x88, 0xb4, 0x40, 0xd, 0x4, 0x2,
    0xd8, 0x2, 0xc0, 0x1f, 0x89, 0x43, 0x0, 0x3f,
    0x88, 0x18, 0x3, 0xfe, 0x1c, 0xf8, 0x0, 0xf2,
    0x3, 0x0, 0x7e, 0x53, 0xe, 0x0, 0xc2, 0x23,
    0x8a, 0x3, 0x40, 0xd, 0xbd, 0x8e, 0x7, 0xa0,
    0x1c, 0x20, 0x27, 0x38, 0x20,

    /* U+0496 "Җ" */
    0xc, 0xfc, 0x0, 0xfb, 0x7e, 0x0, 0x3c, 0x3f,
    0xe7, 0x0, 0xb8, 0xd, 0x80, 0x3f, 0xf8, 0x74,
    0x4, 0xe0, 0x11, 0x40, 0x40, 0x80, 0x7f, 0xf0,
    0x55, 0x3, 0x80, 0x39, 0xcc, 0x6c, 0x3, 0xff,
    0x80, 0x36, 0xe, 0x60, 0x1e, 0xf0, 0x55, 0x0,
    0x7f, 0xd6, 0x25, 0x0, 0x1f, 0x1b, 0x85, 0x80,
    0x7f, 0x91, 0x43, 0x80, 0x3f, 0xa0, 0x86, 0x40,
    0x3f, 0xa8, 0x18, 0xc0, 0x3f, 0xdc, 0xd, 0xff,
    0x10, 0x3f, 0xfc, 0x22, 0x90, 0xf, 0xf9, 0x40,
    0x3f, 0xf8, 0x2, 0x40, 0x1f, 0xe1, 0x90, 0x3d,
    0xd8, 0x81, 0xb7, 0x58, 0x0, 0x90, 0xf, 0xf5,
    0x80, 0x38, 0x8a, 0x0, 0x9, 0x10, 0xe0, 0x11,
    0x40, 0x3f, 0x1a, 0x83, 0x90, 0x7, 0xf3, 0x90,
    0x58, 0x7, 0xee, 0x1, 0x80, 0xf, 0xfa, 0x40,
    0x60, 0x3, 0xce, 0x41, 0x60, 0x1f, 0xfc, 0x4,
    0x50, 0x72, 0x0, 0xc3, 0x0, 0x6a, 0x1, 0xff,
    0xc1, 0xb0, 0x7, 0x88, 0x80, 0x16, 0x0, 0xe0,
    0xf, 0xfe, 0x10, 0xc0, 0x17, 0x71, 0xd, 0x41,
    0x88, 0x3, 0xff, 0x86, 0xe0, 0x1c, 0x7f, 0xe9,
    0x0, 0xfb, 0x7e, 0x0, 0x3e, 0xff, 0x0, 0x7f,
    0xff, 0xc0, 0x28, 0x76,

    /* U+0497 "җ" */
    0x1f, 0xf3, 0x0, 0x77, 0xf9, 0x40, 0x30, 0xff,
    0x98, 0x0, 0x30, 0x10, 0x1, 0xff, 0xc0, 0x80,
    0x26, 0x0, 0x9c, 0x86, 0x0, 0x3f, 0xc4, 0xc1,
    0x20, 0x1d, 0x20, 0xe4, 0x1, 0xfd, 0x20, 0xa8,
    0x1, 0xc8, 0xa1, 0x0, 0x1f, 0x95, 0x2, 0xc0,
    0x3e, 0xb0, 0x53, 0x0, 0xfa, 0x2, 0x4, 0x3,
    0xe1, 0x70, 0xcf, 0xf0, 0x2, 0xbf, 0xc4, 0x2e,
    0x1, 0xfc, 0x80, 0x1f, 0xe1, 0x30, 0xf, 0xd0,
    0x61, 0x9f, 0xe0, 0x5, 0x7f, 0x88, 0x38, 0x3,
    0xe3, 0x70, 0x83, 0x0, 0xfb, 0xc0, 0xa4, 0x3,
    0xdc, 0x6, 0xe0, 0x1f, 0x8a, 0x1, 0x90, 0x3,
    0x51, 0x7, 0x0, 0x7f, 0x9d, 0x2, 0xff, 0xc0,
    0xaa, 0x9, 0x20, 0xf, 0xfa, 0x80, 0x39, 0x7f,
    0xcc, 0x1, 0xdf, 0xe5, 0x0, 0xc3, 0xfc, 0x1,
    0xff, 0xdf, 0x17, 0x70, 0x0,

    /* U+0498 "Ҙ" */
    0x0, 0x13, 0xdf, 0x7f, 0xb6, 0x50, 0x3, 0x9f,
    0x61, 0x4, 0x0, 0x4d, 0x76, 0x0, 0xc6, 0xb,
    0x5b, 0xdb, 0x48, 0x9, 0x60, 0x12, 0x75, 0x29,
    0x9, 0x2d, 0xb8, 0x21, 0x0, 0x42, 0x1, 0xf5,
    0x0, 0x18, 0x3, 0xfe, 0x70, 0x2, 0x80, 0x7f,
    0xa, 0xd8, 0x30, 0x80, 0x61, 0xff, 0xdd, 0x43,
    0x12, 0x1, 0xff, 0xc1, 0xc2, 0x0, 0xe1, 0xff,
    0xdd, 0x68, 0x8c, 0x20, 0xf, 0xe1, 0x4b, 0x41,
    0x90, 0xf, 0xfe, 0x6, 0x2, 0x80, 0x7f, 0xf0,
    0x3c, 0x3, 0x32, 0x0, 0x7c, 0x6e, 0xa, 0x3,
    0x37, 0x8c, 0x62, 0x49, 0x58, 0x0, 0x90, 0x19,
    0x13, 0x9c, 0xed, 0xb5, 0x1, 0xc2, 0x0, 0x37,
    0x4a, 0x90, 0x4, 0x93, 0xc6, 0x1, 0xcd, 0x5a,
    0x41, 0x36, 0xc0, 0x1f, 0xfd, 0xcb, 0x75, 0x0,
    0xf0,

    /* U+0499 "ҙ" */
    0x0, 0x2d, 0x6f, 0xfb, 0x68, 0xc0, 0x2a, 0xa2,
    0x90, 0x0, 0x97, 0x20, 0x1, 0xe9, 0x5b, 0xfe,
    0xc4, 0x7, 0x30, 0x5b, 0x52, 0x0, 0x1d, 0x80,
    0x18, 0x3, 0xf2, 0x80, 0x1c, 0x3, 0x4d, 0x5e,
    0xd0, 0xd9, 0x0, 0x67, 0x54, 0x20, 0x27, 0x0,
    0xee, 0xff, 0x6b, 0x9e, 0x18, 0x7, 0xc5, 0x8,
    0x12, 0x1, 0xff, 0x8, 0x52, 0x80, 0x72, 0xa0,
    0x19, 0x2d, 0x75, 0xcd, 0x6d, 0x1, 0x49, 0x51,
    0xa, 0x32, 0x90, 0x36, 0x8, 0x2e, 0xea, 0x80,
    0x15, 0xf2, 0x20, 0x18, 0x90, 0x0, 0xe0, 0x1f,
    0xfc, 0x40,

    /* U+049A "Қ" */
    0x6f, 0xf0, 0x7, 0xe9, 0xfe, 0x10, 0xf, 0xf9,
    0x58, 0x34, 0x40, 0x3f, 0xc5, 0x41, 0x6, 0x1,
    0xff, 0x70, 0x23, 0x80, 0x7f, 0xd2, 0x65, 0x40,
    0x1f, 0xf2, 0xb0, 0x70, 0x80, 0x7f, 0x8a, 0x82,
    0x4c, 0x3, 0xf7, 0xfd, 0xa0, 0xac, 0x1, 0xff,
    0xc2, 0x60, 0xf, 0xf6, 0xed, 0x40, 0x70, 0x1,
    0xfc, 0x45, 0x2b, 0x3, 0x98, 0x7, 0xff, 0x2,
    0x48, 0x38, 0x3, 0xff, 0x83, 0xc0, 0x52, 0x1,
    0xff, 0xc0, 0x37, 0x6, 0x40, 0xf, 0xfe, 0x4,
    0x18, 0x59, 0x8, 0x80, 0x3f, 0xdc, 0x0, 0xde,
    0xd0, 0xf, 0xf1, 0x38, 0x6, 0x6f, 0xf0, 0x7,
    0xe8, 0xf8, 0x0, 0xff, 0xf1, 0xa3, 0xd0,

    /* U+049B "қ" */
    0xcf, 0x80, 0xe, 0x1e, 0xf7, 0x0, 0xff, 0x58,
    0xa3, 0x80, 0x7f, 0x2a, 0x86, 0x80, 0x3f, 0x86,
    0x82, 0xc4, 0x3, 0xfa, 0x81, 0x94, 0x3, 0xf9,
    0xd0, 0xa4, 0x3, 0xe7, 0xff, 0x40, 0x70, 0x7,
    0xff, 0x6, 0x80, 0x3f, 0x3f, 0xfa, 0x41, 0x9c,
    0x3, 0xfc, 0xce, 0x10, 0x80, 0x1f, 0xe8, 0x50,
    0xb2, 0x0, 0xff, 0x51, 0x86, 0xff, 0x88, 0x3,
    0xf6, 0x80, 0x76, 0x7c, 0x0, 0x70, 0xff, 0x80,
    0x3f, 0xfa, 0x10, 0xe6,

    /* U+049C "Ҝ" */
    0x6f, 0xf0, 0x7, 0xe1, 0xef, 0x80, 0xf, 0xfe,
    0x5, 0x9, 0x40, 0x7, 0xfc, 0xc8, 0x1e, 0x1,
    0xff, 0xc, 0x84, 0x10, 0x7, 0x97, 0xdc, 0x1,
    0x40, 0x6e, 0x1, 0xff, 0x32, 0x7, 0x0, 0x7f,
    0xc3, 0x21, 0x24, 0x1, 0xf7, 0xd0, 0x47, 0x2,
    0x30, 0x7, 0xff, 0x9, 0x80, 0x3f, 0xb6, 0x1,
    0xec, 0xa, 0x0, 0x3f, 0x11, 0x3, 0xd1, 0x81,
    0xcc, 0x3, 0xff, 0x81, 0x22, 0x1e, 0x1, 0xff,
    0xc1, 0xb0, 0x37, 0x0, 0xf9, 0x7d, 0xc0, 0xa,
    0xa0, 0x82, 0x0, 0xff, 0xe0, 0x58, 0x2, 0x40,
    0x3f, 0xf8, 0x3, 0x20, 0x8a, 0x1, 0xff, 0xc0,
    0x63, 0xb, 0x10,

    /* U+049D "ҝ" */
    0xdf, 0x70, 0xf, 0x57, 0xe0, 0x7, 0xf1, 0xa8,
    0x70, 0x7, 0xf7, 0x83, 0x90, 0x6, 0x3c, 0x40,
    0x63, 0x18, 0x0, 0xe6, 0x32, 0x18, 0xb, 0x0,
    0xfe, 0x81, 0x45, 0x0, 0xe8, 0xa0, 0x96, 0x9,
    0x0, 0xff, 0xe0, 0x20, 0x7, 0xa2, 0x82, 0x5c,
    0x24, 0xc0, 0x3f, 0xa0, 0xc3, 0x80, 0x3c, 0xbe,
    0xc1, 0xc0, 0x52, 0x1, 0xfc, 0x54, 0xc, 0xa0,
    0x1f, 0xca, 0xc1, 0x44,

    /* U+049E "Ҟ" */
    0x0, 0xb7, 0xe0, 0x3, 0xe1, 0xef, 0x80, 0xf,
    0xfe, 0x16, 0x8a, 0x40, 0x17, 0xf8, 0x81, 0xff,
    0xe8, 0x0, 0x41, 0x8d, 0x0, 0xd, 0x10, 0x0,
    0x24, 0x4b, 0x81, 0x5c, 0x34, 0x40, 0x3, 0x76,
    0x20, 0x5b, 0xb9, 0x8a, 0xc2, 0xc, 0x3, 0xff,
    0x83, 0xc2, 0xae, 0x1, 0xff, 0xc1, 0x93, 0x2a,
    0x0, 0xff, 0x3f, 0xfc, 0xc1, 0xc0, 0x1f, 0xfc,
    0x56, 0x0, 0xff, 0x9b, 0x76, 0x40, 0xb1, 0x0,
    0xff, 0x9, 0x15, 0x40, 0x34, 0x1, 0xff, 0xc2,
    0x1a, 0x4, 0x60, 0xf, 0xfe, 0x12, 0xa8, 0x24,
    0x80, 0x3f, 0xf8, 0x56, 0x21, 0xc0, 0x1f, 0xfc,
    0x21, 0xa0, 0x37, 0x0, 0xff, 0xe1, 0x23, 0x4,
    0x10, 0x7, 0xff, 0xa, 0x48, 0x3c, 0x0,

    /* U+049F "ҟ" */
    0x0, 0xff, 0xe2, 0xe7, 0xc8, 0x7, 0xff, 0x37,
    0xfc, 0x60, 0xdf, 0xf1, 0x80, 0x79, 0x10, 0x20,
    0x48, 0x90, 0x80, 0x7a, 0xec, 0x40, 0x97, 0x71,
    0x0, 0x7f, 0xf1, 0x7, 0xbd, 0xc0, 0x3f, 0xeb,
    0x13, 0x70, 0xf, 0xf3, 0x28, 0xe8, 0x7, 0xf8,
    0x64, 0x2c, 0x40, 0x3f, 0xda, 0xc, 0xa0, 0x1f,
    0xe7, 0x32, 0x90, 0xf, 0xcd, 0xfe, 0x80, 0xe0,
    0xf, 0xfe, 0x15, 0x0, 0x7f, 0x37, 0xfa, 0x41,
    0x98, 0x1, 0xff, 0x33, 0x2, 0x50, 0x3, 0xfe,
    0x94, 0xa, 0x20, 0xf, 0xfa, 0xcc, 0x7c, 0x40,
    0x3f, 0xed, 0x12, 0xa0,

    /* U+04A0 "Ҡ" */
    0xbf, 0xff, 0x60, 0x7, 0xec, 0xfc, 0x0, 0xff,
    0xe2, 0x41, 0x8e, 0x85, 0x77, 0x65, 0x0, 0xfc,
    0x8e, 0x14, 0x20, 0x23, 0xc6, 0x1, 0xf1, 0x50,
    0x42, 0x0, 0x7f, 0xf0, 0xf8, 0x51, 0xc0, 0x3f,
    0xf8, 0x72, 0x63, 0x40, 0x1f, 0xfc, 0x35, 0x60,
    0xd1, 0x0, 0xff, 0x8f, 0xfe, 0xa0, 0x93, 0x0,
    0xff, 0xe3, 0x78, 0x7, 0xff, 0x4, 0xf7, 0x67,
    0x6, 0x40, 0xf, 0xfe, 0x9, 0x15, 0x6, 0x14,
    0x20, 0x1f, 0xfc, 0x4e, 0x1, 0xb0, 0xf, 0xfe,
    0x21, 0x48, 0x2a, 0x80, 0x3f, 0xf8, 0x8c, 0x81,
    0x62, 0x1, 0xff, 0xc4, 0xa1, 0x15, 0x0, 0x7f,
    0xf1, 0x6, 0xc1, 0x18, 0x3, 0xff, 0x88, 0xac,
    0x12, 0x40,

    /* U+04A1 "ҡ" */
    0xef, 0xfe, 0x40, 0xe, 0x4f, 0xf1, 0x80, 0x7f,
    0xc3, 0x40, 0xe7, 0xdf, 0xf0, 0x7, 0xd6, 0x27,
    0x0, 0x1f, 0xf2, 0xa8, 0x38, 0x3, 0xfe, 0x1b,
    0xa, 0x20, 0xf, 0xfa, 0x85, 0x54, 0x1, 0xfd,
    0x7f, 0xe4, 0x1a, 0x0, 0xff, 0xe1, 0xa, 0x80,
    0x7f, 0xaf, 0xfc, 0xa1, 0x46, 0x1, 0xff, 0xc0,
    0xa3, 0xd, 0x10, 0xf, 0xfe, 0x6, 0x90, 0xe8,
    0x7, 0xff, 0x0, 0x7c, 0x4e, 0x80, 0x3f, 0xf8,
    0x5, 0x40, 0xae,

    /* U+04A2 "Ң" */
    0x6f, 0xf0, 0x7, 0xf2, 0xff, 0x84, 0x3, 0xff,
    0xfe, 0x1, 0xff, 0xda, 0xff, 0xfe, 0xa0, 0xf,
    0xfe, 0x77, 0x77, 0xf4, 0x80, 0x7e, 0x11, 0xfe,
    0x30, 0xf, 0xff, 0xf1, 0x88, 0x80, 0x3f, 0xf8,
    0x18, 0x0, 0xde, 0xa0, 0xf, 0xfe, 0x33, 0x7f,
    0x80, 0x3f, 0xa7, 0xfc, 0xe0, 0x1f, 0xfe, 0x9c,
    0x7e,

    /* U+04A3 "ң" */
    0xcf, 0x80, 0xf, 0x1f, 0xf8, 0x40, 0x3f, 0xff,
    0xe0, 0x19, 0xff, 0xfd, 0x80, 0x1f, 0xfc, 0xa7,
    0xff, 0xf6, 0x0, 0x7f, 0xf5, 0xc, 0x3, 0xfe,
    0x40, 0x6, 0xf8, 0x80, 0x7f, 0xf0, 0xf3, 0xe0,
    0x3, 0xcf, 0xfc, 0x1, 0xff, 0xd1, 0x17, 0x70,
    0x80,

    /* U+04A4 "Ҥ" */
    0x6f, 0xf0, 0x7, 0xf4, 0xff, 0xff, 0xb0, 0x3,
    0xff, 0xb7, 0x7d, 0xdf, 0x68, 0x7, 0xff, 0xd,
    0x84, 0x7f, 0x0, 0x7f, 0xff, 0xff, 0xff, 0x98,
    0x3, 0xff, 0xb5, 0xdd, 0xfc, 0xa0, 0x1f, 0xfc,
    0x21, 0x1f, 0xe3, 0x0, 0x8, 0x7, 0xff, 0xfc,
    0x3, 0xff, 0xfe, 0x0,

    /* U+04A5 "ҥ" */
    0xcf, 0x80, 0xf, 0x3f, 0xff, 0xf1, 0x0, 0x7f,
    0xf5, 0x33, 0xff, 0xc4, 0x1, 0xff, 0xf2, 0x7f,
    0xff, 0x40, 0x7, 0xff, 0x51, 0xff, 0xfd, 0x0,
    0x1f, 0xff, 0xf0, 0xf, 0xfe, 0x18,

    /* U+04A6 "Ҧ" */
    0x6f, 0xff, 0xfe, 0x10, 0x80, 0x7f, 0xf6, 0xfb,
    0xbf, 0xa8, 0x3, 0xff, 0x88, 0x23, 0xfe, 0x0,
    0xff, 0xff, 0x80, 0x7f, 0xf4, 0xc9, 0xf3, 0xbf,
    0xa9, 0x0, 0x3f, 0xf8, 0xd9, 0x6, 0x20, 0x2b,
    0x74, 0x1, 0xff, 0xc6, 0x6c, 0xef, 0xc4, 0x5,
    0xa0, 0xf, 0xfe, 0x26, 0xc9, 0x88, 0x1d, 0xb0,
    0x29, 0x80, 0x7f, 0xf0, 0xcc, 0x3, 0xd2, 0x21,
    0x60, 0x1f, 0xfc, 0xb5, 0x2, 0x0, 0xff, 0xe5,
    0x88, 0x8, 0x7, 0xff, 0x2d, 0x80, 0x80, 0x3f,
    0xf9, 0x42, 0x61, 0xe0, 0x1f, 0xfc, 0xab, 0x0,
    0x33, 0x3f, 0xc0, 0x1f, 0xc9, 0xfe, 0x10, 0xc,
    0x76, 0xa1, 0x20, 0x1f, 0xfc, 0x7f, 0xf6, 0x20,
    0x43, 0x0, 0x7f, 0xf1, 0x8c, 0x0, 0x2b, 0x8e,
    0x1, 0xff, 0xc7, 0x3f, 0xf7, 0x51, 0x80, 0x40,

    /* U+04A7 "ҧ" */
    0xcf, 0xff, 0xf5, 0x80, 0x7f, 0xf5, 0x1f, 0xff,
    0xca, 0x1, 0xff, 0xff, 0x0, 0xff, 0x3b, 0xaf,
    0xb9, 0xb0, 0x20, 0x1f, 0xfc, 0x13, 0x84, 0x11,
    0x13, 0xfa, 0x0, 0x7f, 0xf0, 0x5f, 0x7f, 0xa4,
    0x45, 0x42, 0x1, 0xff, 0x24, 0x10, 0xb, 0x60,
    0xc, 0x80, 0x7f, 0xf1, 0x49, 0x81, 0x0, 0x3f,
    0xf8, 0xdc, 0x4, 0x1, 0xff, 0xc8, 0x3c, 0xf8,
    0x0, 0xf5, 0x7d, 0x80, 0x7b, 0x1, 0x80, 0x3f,
    0xf8, 0xa6, 0x81, 0xc0, 0x1f, 0xfc, 0x11, 0x11,
    0x3e, 0x1, 0xa8, 0x7, 0xff, 0x6, 0xbb, 0x60,
    0xf, 0x40, 0x3f, 0xf8, 0x4c, 0x2, 0x73, 0x82,
    0x0,

    /* U+04A8 "Ҩ" */
    0x0, 0x87, 0x18, 0x3, 0xb, 0xe7, 0x7e, 0xc0,
    0x80, 0x71, 0x79, 0xc1, 0x0, 0xf, 0xe0, 0xc4,
    0x9, 0xfd, 0x0, 0x37, 0x9, 0x79, 0x0, 0xe0,
    0x8a, 0x33, 0x10, 0x22, 0xb2, 0x0, 0x39, 0x87,
    0x8, 0x2, 0x80, 0x71, 0xcc, 0xcf, 0x82, 0x12,
    0x0, 0x90, 0x63, 0x0, 0xa, 0x4, 0x10, 0x6,
    0x29, 0x4, 0x24, 0x10, 0xa0, 0x9, 0xc0, 0xe,
    0x1, 0xe6, 0x0, 0x39, 0x80, 0xc, 0x2, 0x10,
    0x11, 0x0, 0x78, 0x40, 0x5, 0xc0, 0x40, 0x1b,
    0xc0, 0xc0, 0x3f, 0xf8, 0xde, 0x6, 0x1, 0xfe,
    0x21, 0x3, 0x0, 0xc4, 0x2, 0x20, 0xf, 0x18,
    0x1, 0xf4, 0x4, 0xc0, 0x24, 0x0, 0x38, 0x7,
    0xac, 0xc, 0x94, 0x1, 0x40, 0x10, 0xa8, 0x58,
    0x7, 0xb, 0x84, 0x0, 0x1c, 0x19, 0x0, 0x2b,
    0x12, 0xa0, 0xd, 0xa0, 0xc8, 0x0, 0x83, 0xb,
    0x60, 0x0, 0xd0, 0x2c, 0x81, 0x61, 0xa4, 0x80,
    0x6d, 0x20, 0x9c, 0x62, 0x4b, 0x6, 0xed, 0x36,
    0xb0, 0x21, 0x0, 0xe, 0xb0, 0x1c, 0xef, 0xd8,
    0x0, 0x40, 0xd, 0xfe, 0xd8, 0x0, 0xd3, 0xae,
    0x62, 0x2, 0x6f, 0x6e, 0x62, 0x2, 0x7e,

    /* U+04A9 "ҩ" */
    0x0, 0x1e, 0x30, 0x4, 0x75, 0xdf, 0xd2, 0x40,
    0x11, 0xe1, 0xe8, 0x1, 0xf1, 0x44, 0x5, 0xb5,
    0x0, 0x1c, 0x9, 0x60, 0x70, 0xb, 0xbf, 0x86,
    0x14, 0x2a, 0x41, 0x40, 0x9, 0x3, 0xa2, 0x3,
    0xd0, 0x16, 0xf0, 0x41, 0x0, 0x20, 0x50, 0x6,
    0x15, 0xd, 0x60, 0x30, 0x8, 0x40, 0x80, 0x38,
    0x80, 0x2, 0x1e, 0x1, 0x8, 0x8, 0x7, 0x10,
    0x13, 0x6, 0x80, 0x4a, 0x18, 0x1, 0xc8, 0x19,
    0x80, 0x51, 0x0, 0x70, 0x30, 0x80, 0x4e, 0x24,
    0x8e, 0x0, 0xd0, 0x2, 0xa0, 0x68, 0x82, 0xc0,
    0x78, 0x2, 0xc0, 0xf9, 0x86, 0x88, 0xfe, 0xe8,
    0x70, 0x80, 0x9, 0x62, 0x29, 0xee, 0x10, 0xa,
    0x0, 0x37, 0xf0, 0x0, 0x9d, 0x28, 0x40, 0x27,
    0xe, 0x40, 0x22, 0x50,

    /* U+04AA "Ҫ" */
    0x0, 0xe4, 0xad, 0xff, 0x75, 0xb0, 0x7, 0x8b,
    0x2d, 0x48, 0x0, 0x29, 0x3c, 0x80, 0x12, 0x69,
    0x81, 0xcd, 0xe5, 0xb0, 0xd, 0xa0, 0x15, 0x80,
    0xde, 0x32, 0x1a, 0x4f, 0x23, 0x20, 0x70, 0x3,
    0x10, 0x3, 0xc3, 0x72, 0x6, 0x60, 0x92, 0x0,
    0xff, 0xac, 0x0, 0xc0, 0x1f, 0xfc, 0x2, 0x3,
    0x0, 0xff, 0xe0, 0x88, 0x30, 0x7, 0xff, 0x4,
    0x41, 0x80, 0x3f, 0xf8, 0x24, 0x6, 0x1, 0xff,
    0xc1, 0xb0, 0x3, 0x0, 0x7f, 0xf0, 0xc, 0xc1,
    0x24, 0x1, 0xff, 0xc0, 0xe0, 0x6, 0x20, 0x7,
    0x86, 0xe8, 0x0, 0x56, 0x3, 0x76, 0x63, 0x24,
    0x8e, 0x45, 0x30, 0x2, 0x69, 0x2, 0x4e, 0x6d,
    0xb8, 0xd, 0x98, 0x4, 0x5b, 0x4a, 0x1, 0xa,
    0x4f, 0x20, 0x7, 0x96, 0xa8, 0x3, 0xd6, 0xc0,
    0x1f, 0xfd, 0xe7, 0x74, 0x80, 0x78,

    /* U+04AB "ҫ" */
    0x0, 0x8e, 0x77, 0xfb, 0x18, 0x3, 0x4e, 0x31,
    0x0, 0x9c, 0xe8, 0x84, 0xb0, 0x2e, 0x76, 0xc8,
    0x95, 0x1b, 0x4, 0x51, 0x89, 0x36, 0x2d, 0x50,
    0x9, 0xc0, 0x38, 0xa8, 0x50, 0x14, 0x3, 0xf8,
    0xc3, 0x80, 0x3f, 0x8c, 0x38, 0x3, 0xf9, 0x1,
    0x40, 0x3f, 0xa8, 0x9, 0xc0, 0x38, 0xa4, 0x4d,
    0x82, 0x28, 0xc4, 0x4d, 0x8d, 0x41, 0x2c, 0xb,
    0x9d, 0xc9, 0x13, 0xa0, 0x4, 0xe3, 0x0, 0x47,
    0x38, 0x20, 0x11, 0xcb, 0x82, 0xe3, 0x0, 0x7f,
    0xf1, 0xf1, 0xfc, 0x3, 0x0,

    /* U+04AC "Ҭ" */
    0xbf, 0xff, 0xfe, 0x9, 0x0, 0x7f, 0xf0, 0xeb,
    0xbb, 0x80, 0x11, 0xdd, 0xc4, 0x23, 0xe0, 0x0,
    0x8f, 0x80, 0x3f, 0xff, 0xe0, 0x1f, 0xff, 0xf0,
    0xf, 0xee, 0x11, 0x0, 0x7f, 0xf0, 0x1f, 0xb8,
    0x1, 0xff, 0xcd, 0xff, 0x60, 0x7, 0xff, 0x80,
    0x9e, 0x0, 0x30,

    /* U+04AD "ҭ" */
    0xef, 0xff, 0xf5, 0x80, 0x7f, 0xf0, 0x3b, 0xfe,
    0xb0, 0x7, 0x7f, 0xd6, 0x1, 0xff, 0xff, 0x0,
    0xff, 0xe6, 0xe0, 0x3, 0xbc, 0x3, 0xff, 0x8f,
    0x1f, 0xc0, 0x1f, 0xfc, 0xb1, 0x77, 0x0, 0x40,

    /* U+04AE "Ү" */
    0x8f, 0xe1, 0x0, 0xfe, 0xcf, 0x88, 0x8, 0xa0,
    0x3, 0xf3, 0x18, 0xc0, 0x58, 0x31, 0x80, 0x78,
    0x60, 0x2c, 0x0, 0xa6, 0x1e, 0x1, 0xe8, 0x13,
    0x50, 0xb, 0x80, 0xd8, 0x3, 0x1b, 0x7, 0x0,
    0x62, 0x70, 0x81, 0x0, 0xbc, 0x1c, 0x80, 0x3a,
    0x4, 0x50, 0x0, 0x63, 0x18, 0x0, 0xfa, 0xc1,
    0x8c, 0x60, 0x2c, 0x3, 0xf2, 0xa0, 0x7d, 0x89,
    0xa8, 0x7, 0xf4, 0x81, 0xa8, 0x70, 0x7, 0xf8,
    0x9c, 0x0, 0xe4, 0x1, 0xff, 0x58, 0x2, 0xc0,
    0x3f, 0xff, 0xe0, 0x1f, 0xf0,

    /* U+04AF "ү" */
    0xaf, 0xc0, 0xf, 0xd9, 0xed, 0x20, 0x64, 0x1,
    0xe3, 0x30, 0x31, 0x98, 0x2c, 0x3, 0xd2, 0xc,
    0x0, 0xa0, 0x60, 0xe, 0x15, 0xb, 0x0, 0x30,
    0x83, 0x0, 0x69, 0x4, 0x20, 0x9, 0x82, 0xc0,
    0x33, 0x7, 0x80, 0x6a, 0x2, 0x40, 0x2, 0x89,
    0x20, 0x6, 0x24, 0xe, 0x0, 0x48, 0x50, 0x7,
    0xbc, 0x14, 0x4c, 0xc0, 0xc0, 0x1e, 0x42, 0x9,
    0xa0, 0x61, 0x0, 0xfa, 0xc1, 0x98, 0x14, 0x1,
    0xf9, 0x80, 0x40, 0xcc, 0x1, 0xfc, 0xc0, 0x9,
    0x0, 0xff, 0x68, 0x1, 0x40, 0x3f, 0xfe, 0x20,

    /* U+04B0 "Ұ" */
    0xc, 0xfc, 0x0, 0xfe, 0x1f, 0xf2, 0x87, 0x81,
    0xa8, 0x7, 0xeb, 0x4, 0x50, 0x36, 0xb, 0x0,
    0xf9, 0x14, 0x24, 0x2, 0x81, 0x14, 0x80, 0x7a,
    0x41, 0xc8, 0x2, 0x18, 0x6, 0x20, 0xc, 0xe4,
    0x30, 0x1, 0xcc, 0x61, 0xc0, 0x10, 0xc0, 0x58,
    0x7, 0xdc, 0x6, 0xc0, 0xb, 0x4, 0x50, 0xf,
    0x89, 0x82, 0x5, 0x14, 0x24, 0x3, 0xfa, 0x44,
    0x51, 0x20, 0xe4, 0x1, 0xfe, 0xb0, 0x62, 0x24,
    0x0, 0x7e, 0xff, 0xa8, 0x2, 0x2f, 0xf9, 0x80,
    0x38, 0xc8, 0xa0, 0x8, 0x8b, 0x18, 0x7, 0x66,
    0xed, 0x20, 0xd, 0xdc, 0xa0, 0x1f, 0xff, 0xa0,

    /* U+04B1 "ұ" */
    0xaf, 0xc0, 0xf, 0xd9, 0xed, 0x20, 0x64, 0x1,
    0xe3, 0x30, 0x31, 0x90, 0x58, 0x7, 0xa4, 0x18,
    0x1, 0x60, 0xc0, 0x1c, 0x2a, 0x16, 0x0, 0x61,
    0x6, 0x0, 0xcc, 0x8, 0x40, 0x13, 0x5, 0x80,
    0x69, 0xe, 0x0, 0xd4, 0x4, 0x60, 0x5, 0x11,
    0x28, 0x6, 0x24, 0x9, 0x0, 0x70, 0x48, 0x7,
    0xbc, 0x14, 0x49, 0x1, 0x80, 0x3c, 0x82, 0xd,
    0x60, 0xa2, 0x1, 0xf4, 0x84, 0xb0, 0x48, 0x7,
    0xe6, 0x1, 0x2, 0x30, 0xe, 0x3a, 0xa5, 0x80,
    0x45, 0x55, 0x0, 0x4e, 0xab, 0x0, 0x65, 0x58,
    0x2, 0x4f, 0xfa, 0xc0, 0x1f, 0xf8, 0x3, 0xff,
    0xc0,

    /* U+04B2 "Ҳ" */
    0xd, 0xfd, 0x0, 0xf8, 0x7b, 0xf0, 0x2, 0xf0,
    0x2a, 0x0, 0xf5, 0x8, 0x70, 0x4, 0x50, 0xa,
    0xa0, 0xc, 0xc8, 0x12, 0x40, 0x19, 0xcc, 0x2c,
    0x40, 0x5, 0x20, 0x8c, 0x1, 0xee, 0x1, 0xa0,
    0x7, 0x0, 0xd0, 0x7, 0xc5, 0x20, 0x8f, 0x6,
    0x16, 0x20, 0x1f, 0x99, 0x2, 0x1c, 0x15, 0x40,
    0x1f, 0xea, 0x10, 0x0, 0xd0, 0x7, 0xfc, 0x28,
    0x0, 0x50, 0xf, 0xfe, 0x2, 0xa8, 0x0, 0x8c,
    0x1, 0xfe, 0x1b, 0x3, 0x20, 0x92, 0x0, 0xfe,
    0xa1, 0xe, 0xf0, 0x7, 0x0, 0x7e, 0x74, 0xa,
    0x22, 0x48, 0x1b, 0x80, 0x78, 0xa0, 0x15, 0x40,
    0x6, 0x40, 0x83, 0x0, 0xef, 0x1, 0xb0, 0xd,
    0x42, 0x18, 0x42, 0x20, 0x82, 0xd, 0x10, 0xc,
    0x34, 0x0, 0xde, 0xb4, 0x70, 0x73, 0x0, 0xf2,
    0x18, 0x6, 0x4f, 0xf4, 0x0, 0x7e, 0xcf, 0x60,
    0xf, 0xff, 0x36, 0xbf, 0x80,

    /* U+04B3 "ҳ" */
    0x3f, 0xf3, 0x0, 0x72, 0xff, 0x88, 0xe, 0x42,
    0x48, 0x2, 0x2a, 0x9, 0x20, 0x3, 0x28, 0x78,
    0x5, 0xc0, 0xac, 0x1, 0xa8, 0x89, 0x41, 0x26,
    0x54, 0x1, 0xee, 0x5, 0xa6, 0xf, 0x0, 0xf8,
    0xe4, 0x14, 0x24, 0x80, 0x3f, 0x30, 0x80, 0xb0,
    0x7, 0xf4, 0x88, 0xc, 0x80, 0x7e, 0x56, 0x9,
    0x6, 0x50, 0xf, 0x15, 0x4, 0xb4, 0x85, 0x10,
    0x7, 0x78, 0x2b, 0x3, 0x28, 0x78, 0x6, 0xa2,
    0x25, 0x0, 0x56, 0x25, 0xfe, 0xd6, 0x50, 0xe0,
    0xc, 0x3a, 0x1, 0x9b, 0xfc, 0x60, 0x1c, 0x7f,
    0x80, 0x1f, 0xfc, 0xf2, 0x7b,

    /* U+04B4 "Ҵ" */
    0xaf, 0xff, 0xfe, 0x4, 0x0, 0x45, 0xfe, 0x30,
    0xf, 0xfe, 0x6d, 0xf7, 0x70, 0x83, 0xf7, 0x68,
    0x0, 0xfe, 0x11, 0xf0, 0x3, 0xc4, 0x70, 0x7,
    0xff, 0xfc, 0x3, 0xff, 0xfe, 0x1, 0xff, 0xff,
    0x0, 0xff, 0xe5, 0xf9, 0x17, 0xe6, 0x0, 0x39,
    0x8, 0x7, 0xe7, 0xdd, 0xfd, 0x60, 0xb, 0xdd,
    0x0, 0x7f, 0xf4, 0x7b, 0xff, 0xff, 0x83, 0x0,
    0x1f, 0xff, 0xb0,

    /* U+04B5 "ҵ" */
    0xef, 0xff, 0xec, 0x0, 0x3f, 0xe8, 0x7, 0xff,
    0x23, 0xbf, 0xeb, 0x0, 0x77, 0xfb, 0x0, 0x3f,
    0xe7, 0x0, 0xff, 0xff, 0x80, 0x7f, 0xfb, 0xfc,
    0x3, 0xfe, 0xef, 0xfe, 0x70, 0x2f, 0xa0, 0xf,
    0xfe, 0x51, 0xff, 0xff, 0x9c, 0x3, 0xff, 0xaf,
    0xc7, 0xa0,

    /* U+04B6 "Ҷ" */
    0xbf, 0xa0, 0xf, 0xcb, 0xfe, 0x0, 0xff, 0xff,
    0x80, 0x7f, 0xf0, 0x48, 0x1c, 0x3, 0xff, 0x85,
    0xe0, 0x4a, 0x1, 0xff, 0xc1, 0x61, 0xa, 0x93,
    0x10, 0x14, 0x9a, 0x0, 0xf6, 0x88, 0x36, 0x77,
    0xf5, 0xb0, 0x7, 0xc7, 0xee, 0x40, 0x18, 0xde,
    0x0, 0x3e, 0x18, 0xdf, 0xee, 0x7e, 0x41, 0x0,
    0x7f, 0xc2, 0x20, 0xf, 0xfe, 0xe1, 0x8, 0x80,
    0x3f, 0xef, 0x0, 0x6f, 0x40, 0x7, 0xff, 0x42,
    0xbf, 0xcc, 0x1, 0xff, 0xe6, 0xd7, 0xd0,

    /* U+04B7 "ҷ" */
    0xff, 0x28, 0x7, 0xbb, 0xd8, 0x3, 0xff, 0xdc,
    0x41, 0x80, 0x1f, 0xf2, 0x3, 0x41, 0x1, 0x2d,
    0x8, 0x6, 0x82, 0x7, 0xdf, 0xda, 0x50, 0xe,
    0x1d, 0x83, 0x12, 0x48, 0xd1, 0x0, 0xf3, 0xe7,
    0x6d, 0xb9, 0x0, 0x7f, 0xf0, 0x84, 0x4, 0x3,
    0xff, 0x83, 0x1e, 0xc0, 0x1f, 0xfc, 0xbf, 0xf1,
    0x80, 0x7f, 0xf3, 0xe9, 0xd4,

    /* U+04B8 "Ҹ" */
    0xbf, 0xa0, 0xf, 0xcb, 0xfe, 0x0, 0xff, 0xff,
    0x80, 0x83, 0x0, 0x5d, 0xc0, 0xf, 0x88, 0xc,
    0x80, 0x3f, 0xea, 0x0, 0x79, 0x0, 0x71, 0xf8,
    0x4, 0x4e, 0x5, 0xb8, 0x22, 0xbe, 0xc5, 0x0,
    0xd1, 0x0, 0x1, 0x80, 0x10, 0x44, 0x60, 0x1c,
    0xfd, 0x50, 0x0, 0x9c, 0xe9, 0x0, 0xf0, 0xab,
    0x88, 0x98, 0xc0, 0x3f, 0xf9, 0xe6, 0x1, 0xff,
    0xc1, 0xed, 0x0, 0xff, 0xe5, 0x0,

    /* U+04B9 "ҹ" */
    0xf, 0xf2, 0x0, 0x7b, 0xfc, 0xa0, 0x1f, 0xfd,
    0xe1, 0x3, 0xe6, 0x0, 0xf1, 0x7, 0x0, 0x4,
    0x40, 0x1e, 0xa0, 0x4c, 0xa0, 0xca, 0xe0, 0xc,
    0xea, 0x6, 0xc0, 0x8a, 0x60, 0x1d, 0x59, 0xa,
    0x9, 0x9a, 0x1, 0xe3, 0x79, 0xc, 0x30, 0xf,
    0xfe, 0x51, 0xfb, 0x80, 0x7f, 0xf1, 0x80,

    /* U+04BA "Һ" */
    0x6f, 0xf0, 0x7, 0xff, 0xfc, 0x3, 0x8, 0x80,
    0x3f, 0x92, 0x77, 0xfb, 0x9f, 0x8c, 0x1, 0xeb,
    0x62, 0x0, 0xc7, 0x36, 0x1, 0xc5, 0x19, 0xdf,
    0xd6, 0x60, 0x92, 0x1, 0xb5, 0xcc, 0x40, 0x53,
    0x10, 0x18, 0x3, 0xff, 0x81, 0x0, 0x4, 0x0,
    0xff, 0x8c, 0x0, 0x20, 0x1f, 0xfc, 0x23, 0x0,
    0xff, 0xf8, 0x0,

    /* U+04BB "һ" */
    0x0, 0xff, 0xe0, 0xe7, 0xc0, 0x7, 0xff, 0xd9,
    0xf3, 0xfd, 0xae, 0x1, 0xc5, 0xb0, 0x60, 0x2,
    0x8d, 0x10, 0x9, 0x49, 0xb3, 0xb1, 0x40, 0xa0,
    0x3, 0x4c, 0x8c, 0x4e, 0x94, 0x18, 0x2, 0x26,
    0x0, 0xe9, 0x0, 0x18, 0x1, 0x0, 0x3c, 0x60,
    0x7, 0x0, 0x8, 0x7, 0xff, 0xfc, 0x3, 0xff,
    0x82,

    /* U+04BC "Ҽ" */
    0x0, 0xff, 0x24, 0xef, 0x7e, 0xda, 0x80, 0x7f,
    0xf0, 0x4b, 0x2d, 0x88, 0x40, 0x92, 0xb9, 0x40,
    0x3f, 0xc9, 0xa6, 0xb, 0x59, 0xb6, 0xc2, 0x2a,
    0x70, 0xa, 0xad, 0x40, 0x5, 0x60, 0x39, 0x4a,
    0x64, 0x93, 0xe8, 0x10, 0xa0, 0x2a, 0x8c, 0x0,
    0x80, 0x1f, 0x30, 0xf, 0xd, 0x98, 0x58, 0x10,
    0x0, 0x80, 0x54, 0x24, 0x40, 0x3f, 0xb8, 0x5,
    0x88, 0x1, 0x62, 0x80, 0x6, 0x0, 0xff, 0x11,
    0x3, 0xc5, 0x81, 0x7a, 0x80, 0x1d, 0xff, 0xff,
    0x10, 0x10, 0x4c, 0x10, 0x7, 0xff, 0x18, 0x40,
    0xf, 0xbf, 0x40, 0xc, 0xee, 0xff, 0xe0, 0xd0,
    0x7, 0x20, 0x1, 0x44, 0x7f, 0xf8, 0x20, 0x1e,
    0x13, 0xb, 0x0, 0xff, 0xe4, 0x40, 0x13, 0x80,
    0x7f, 0x10, 0x7, 0xf2, 0x20, 0x21, 0xc0, 0x3c,
    0x35, 0xaa, 0x1, 0xfd, 0x66, 0x11, 0xae, 0x64,
    0x93, 0xca, 0x1c, 0x1, 0xfe, 0xc7, 0x2, 0x8c,
    0xdb, 0x60, 0x3, 0xd8, 0x7, 0xfd, 0x1a, 0xe6,
    0x20, 0x29, 0x1d, 0x0, 0x10,

    /* U+04BD "ҽ" */
    0x0, 0xf8, 0xa3, 0x7f, 0xdb, 0x2, 0x1, 0xfc,
    0xda, 0xe4, 0x0, 0x27, 0xe5, 0x0, 0x9c, 0xc0,
    0xb, 0x20, 0x99, 0xfe, 0xc4, 0xa, 0x40, 0x58,
    0x90, 0x5, 0x82, 0xd9, 0x80, 0xe, 0xd8, 0x24,
    0x8, 0x2, 0x41, 0xb, 0x0, 0xf4, 0x81, 0x1a,
    0x2, 0xe4, 0x80, 0x2a, 0xef, 0xe0, 0x2, 0x9d,
    0x19, 0x88, 0x0, 0x89, 0xf8, 0x0, 0x20, 0xb9,
    0xf2, 0x3, 0xff, 0xfe, 0x70, 0xc, 0x80, 0x26,
    0x1, 0xff, 0xc2, 0x24, 0xe, 0x10, 0xf, 0x28,
    0x7, 0xd2, 0x25, 0xec, 0x40, 0x4d, 0xb4, 0x80,
    0x1e, 0x2d, 0x21, 0x9d, 0xfd, 0x92, 0x23, 0x0,
    0x7c, 0x7b, 0x28, 0x20, 0x29, 0x3a, 0x40,

    /* U+04BE "Ҿ" */
    0x0, 0xff, 0x24, 0xef, 0x7e, 0xda, 0x80, 0x7f,
    0xf0, 0x4b, 0x2d, 0x88, 0x40, 0x92, 0xb9, 0x40,
    0x3f, 0xc9, 0xa6, 0xb, 0x59, 0xb6, 0xc2, 0x2a,
    0x70, 0xa, 0xad, 0x40, 0x5, 0x60, 0x39, 0x4a,
    0x64, 0x93, 0xe8, 0x10, 0xa0, 0x2a, 0x8c, 0x0,
    0x80, 0x1f, 0x30, 0xf, 0xd, 0x98, 0x58, 0x10,
    0x0, 0x80, 0x54, 0x24, 0x40, 0x3f, 0xb8, 0x5,
    0x88, 0x1, 0x62, 0x80, 0x6, 0x0, 0xff, 0x11,
    0x3, 0xc5, 0x81, 0x7a, 0x80, 0x1d, 0xff, 0xff,
    0x10, 0x10, 0x4c, 0x10, 0x7, 0xff, 0x18, 0x40,
    0xf, 0xbf, 0x40, 0xc, 0xee, 0xff, 0xe0, 0xd0,
    0x7, 0x20, 0x1, 0x44, 0x7f, 0xf8, 0x20, 0x1e,
    0x13, 0xb, 0x0, 0xff, 0xe4, 0x40, 0x13, 0x80,
    0x7f, 0x10, 0x7, 0xf2, 0x20, 0x21, 0xc0, 0x3c,
    0x35, 0xaa, 0x1, 0xfd, 0x66, 0x11, 0xae, 0x64,
    0x93, 0xca, 0x1c, 0x1, 0xfe, 0xc7, 0x2, 0x8c,
    0xdb, 0x60, 0x3, 0xd8, 0x7, 0xfd, 0x1a, 0xe6,
    0x1, 0x24, 0x74, 0x0, 0x7f, 0xf0, 0x4a, 0x30,
    0xc2, 0x2d, 0xc4, 0x3, 0xff, 0xe7, 0x4e, 0x80,
    0x1f, 0x0,

    /* U+04BF "ҿ" */
    0x0, 0xf8, 0xa3, 0x7f, 0xdb, 0x2, 0x1, 0xfc,
    0xda, 0xe4, 0x0, 0x27, 0xe5, 0x0, 0x9c, 0xc0,
    0xb, 0x20, 0x99, 0xfe, 0xc4, 0xa, 0x40, 0x58,
    0x90, 0x5, 0x82, 0xd9, 0x80, 0xe, 0xd8, 0x24,
    0x8, 0x2, 0x41, 0xb, 0x0, 0xf4, 0x81, 0x1a,
    0x2, 0xe4, 0x80, 0x2a, 0xef, 0xe0, 0x2, 0x9d,
    0x19, 0x88, 0x0, 0x89, 0xf8, 0x0, 0x20, 0xb9,
    0xf2, 0x3, 0xff, 0xfe, 0x70, 0xc, 0x80, 0x26,
    0x1, 0xff, 0xc2, 0x24, 0xe, 0x10, 0xf, 0x28,
    0x7, 0xd2, 0x25, 0xec, 0x40, 0x4d, 0xb4, 0x80,
    0x1e, 0x2d, 0x21, 0x9d, 0xfd, 0x92, 0x23, 0x0,
    0x7c, 0x7b, 0x28, 0x1, 0x24, 0xe9, 0x0, 0x7f,
    0x35, 0x80, 0x32, 0xd8, 0x3, 0xff, 0xa7, 0xe,
    0x40, 0x1c,

    /* U+04C0 "Ӏ" */
    0x6f, 0xf0, 0x7, 0xff, 0xd4,

    /* U+04C1 "Ӂ" */
    0x0, 0xfc, 0xae, 0x1, 0x86, 0xc, 0x3, 0xff,
    0x89, 0x90, 0x40, 0x13, 0xb9, 0x80, 0x3f, 0xf8,
    0x94, 0x1e, 0x82, 0xb0, 0x2a, 0x1, 0xff, 0xc4,
    0x3a, 0x3b, 0xea, 0x2d, 0x0, 0xff, 0xe3, 0x2f,
    0x6e, 0x76, 0x18, 0x7, 0xfb, 0x3f, 0x0, 0x3e,
    0xfc, 0x90, 0xf, 0xf, 0xf9, 0xc0, 0x1c, 0x6,
    0xc0, 0x1f, 0xfc, 0x3a, 0x2, 0x70, 0x1, 0x40,
    0x40, 0x80, 0x7f, 0xf0, 0x55, 0x3, 0x80, 0x33,
    0x98, 0xd8, 0x7, 0xff, 0x0, 0x6c, 0x1c, 0xc0,
    0x3b, 0xc1, 0x54, 0x1, 0xff, 0x58, 0x94, 0x0,
    0x78, 0xdc, 0x2c, 0x3, 0xfc, 0x8a, 0x1c, 0x1,
    0xfa, 0x8, 0x64, 0x3, 0xfa, 0x81, 0x8c, 0x3,
    0xfb, 0x81, 0xbf, 0xe2, 0x7, 0xff, 0x84, 0x52,
    0x1, 0xfe, 0x50, 0xf, 0xfe, 0x0, 0x90, 0x7,
    0xf0, 0xc8, 0x1e, 0xec, 0x40, 0xdb, 0xac, 0x0,
    0x48, 0x7, 0xf5, 0x80, 0x38, 0x8a, 0x0, 0x9,
    0x10, 0xe0, 0x11, 0x40, 0x3e, 0x35, 0x7, 0x20,
    0xf, 0xe7, 0x20, 0xb0, 0xf, 0xb8, 0x6, 0x0,
    0x3f, 0xe9, 0x1, 0x80, 0xe, 0x72, 0xb, 0x0,
    0xff, 0xe0, 0x22, 0x83, 0x90, 0x4, 0x30, 0x6,
    0xa0, 0x1f, 0xfc, 0x1b, 0x0, 0x48, 0x5, 0x60,
    0xe, 0x0, 0xff, 0xe1, 0xc, 0x2, 0x28, 0x1a,
    0x83, 0x10, 0x7, 0xff, 0xd, 0xc8, 0x2c, 0x0,

    /* U+04C2 "ӂ" */
    0x0, 0xf4, 0x78, 0x80, 0x59, 0xa0, 0x1f, 0xfc,
    0x1b, 0xa, 0x22, 0x39, 0xa0, 0x7, 0xff, 0x4,
    0xe5, 0x77, 0x50, 0xb2, 0x1, 0xff, 0xc2, 0x6e,
    0xdc, 0xea, 0x0, 0xff, 0xe2, 0x91, 0x88, 0x7,
    0xf0, 0xff, 0x98, 0x3, 0xbf, 0xca, 0x1, 0x87,
    0xfc, 0xc0, 0x30, 0x10, 0x1, 0xff, 0xc0, 0x80,
    0x26, 0x0, 0x39, 0xc, 0x0, 0x7f, 0x89, 0x82,
    0x40, 0x34, 0x83, 0x90, 0x7, 0xf4, 0x82, 0xa0,
    0x6, 0x45, 0x8, 0x0, 0xfc, 0xa8, 0x16, 0x1,
    0xeb, 0x5, 0x30, 0xf, 0xa0, 0x20, 0x40, 0x3c,
    0x2e, 0x19, 0xfe, 0x0, 0x57, 0xf8, 0x85, 0xc0,
    0x3f, 0x20, 0x7, 0xf8, 0x4c, 0x3, 0xe8, 0x30,
    0xcf, 0xf0, 0x2, 0xbf, 0xc4, 0x1c, 0x1, 0xe3,
    0x70, 0x83, 0x0, 0xfb, 0xc0, 0xa4, 0x3, 0xb8,
    0xd, 0xc0, 0x3f, 0x14, 0x3, 0x20, 0x5, 0x44,
    0x1c, 0x1, 0xfe, 0x74, 0xa, 0x10, 0x55, 0x4,
    0x90, 0x7, 0xfd, 0x42, 0x2a, 0x0,

    /* U+04C3 "Ӄ" */
    0x6f, 0xf0, 0x7, 0xe8, 0xfe, 0x10, 0xf, 0xf1,
    0xb8, 0x58, 0x80, 0x7f, 0xb8, 0x15, 0x40, 0x1f,
    0xe9, 0x21, 0xb0, 0xf, 0xf1, 0xb0, 0x50, 0x80,
    0x7f, 0xb8, 0x19, 0x0, 0x3f, 0xd2, 0x44, 0x90,
    0xf, 0x88, 0xa5, 0x60, 0xe0, 0xf, 0xdb, 0xb5,
    0x3, 0x18, 0x7, 0xff, 0x5, 0xcc, 0x3, 0xf7,
    0xfd, 0xa2, 0x2d, 0x20, 0xf, 0xf1, 0x60, 0x8b,
    0x4, 0x3, 0xfc, 0x58, 0x22, 0xc0, 0xf, 0xf8,
    0xa8, 0xa, 0x80, 0x3f, 0xe4, 0x80, 0x55, 0x0,
    0x7f, 0xce, 0x41, 0x0, 0x1f, 0xfc, 0x8, 0x2,
    0x46, 0xff, 0x0, 0x7e, 0x40, 0x6, 0x0, 0x7f,
    0xf2, 0xd4, 0xca, 0x80, 0x1a, 0x1, 0xfa, 0xb3,
    0x50, 0x9, 0x40, 0x3f, 0x39, 0x0, 0xb6, 0x0,

    /* U+04C4 "ӄ" */
    0xcf, 0x80, 0xe, 0x1e, 0xf7, 0x0, 0xfd, 0x62,
    0x6e, 0x1, 0xf2, 0xa8, 0x74, 0x3, 0xe1, 0xb0,
    0xb1, 0x0, 0xfa, 0x85, 0x54, 0x1, 0xf3, 0x21,
    0x50, 0x7, 0x3f, 0xfa, 0x42, 0x0, 0x3f, 0xeb,
    0x20, 0xe, 0x7f, 0xf7, 0x10, 0xe0, 0x80, 0x7c,
    0x38, 0x43, 0xa0, 0x1f, 0x87, 0xc0, 0xdc, 0x3,
    0xf1, 0x40, 0x40, 0x80, 0x7e, 0x71, 0x6, 0xcf,
    0x80, 0xf, 0x20, 0x68, 0x7, 0xfc, 0x20, 0x1c,
    0x44, 0x3, 0x50, 0x30, 0xe, 0x8d, 0xfc, 0x1,
    0x90, 0xe, 0xc3, 0x0, 0x2e, 0x8,

    /* U+04C6 "ӆ" */
    0x0, 0xab, 0xff, 0xf8, 0x80, 0x3f, 0xf9, 0x22,
    0x13, 0xff, 0xb0, 0x3, 0xf3, 0x81, 0x0, 0x61,
    0x0, 0xfc, 0x20, 0x1f, 0xfc, 0x33, 0x6, 0x0,
    0xff, 0xe0, 0x88, 0x18, 0x7, 0xff, 0xc, 0x40,
    0x3f, 0xf8, 0x4, 0x4, 0x1, 0xff, 0xc1, 0x40,
    0x70, 0xf, 0xfe, 0x1, 0x40, 0x60, 0x7, 0xfd,
    0x7a, 0x22, 0x60, 0xf, 0xd9, 0xc0, 0xc0, 0x5a,
    0x1, 0xfc, 0x2a, 0x1b, 0xfa, 0x60, 0x1e, 0x2f,
    0x70, 0xc0, 0xf, 0xfe, 0xa, 0x2, 0x80, 0x7f,
    0xf0, 0x5d, 0x48, 0x0,

    /* U+04C7 "Ӈ" */
    0x6f, 0xf0, 0x7, 0xf3, 0x7f, 0x80, 0x3f, 0xff,
    0xe0, 0x1f, 0xfc, 0x62, 0x2f, 0xe1, 0x0, 0xed,
    0xdf, 0xe8, 0x0, 0xff, 0xe4, 0x7f, 0xff, 0x48,
    0x7, 0xff, 0xfc, 0x3, 0xff, 0x8a, 0xdf, 0xe0,
    0xf, 0xfe, 0x60, 0x80, 0x80, 0x7e, 0x24, 0x4,
    0x90, 0x40, 0xf, 0xd1, 0x7f, 0x62, 0x12, 0x1,
    0xfb, 0xcc, 0x41, 0x30, 0xc0,

    /* U+04C8 "ӈ" */
    0xcf, 0x80, 0xf, 0xf, 0xf8, 0xc0, 0x3f, 0xfe,
    0xef, 0xff, 0xee, 0x0, 0xff, 0xe3, 0x3f, 0xff,
    0xb8, 0x3, 0xff, 0xd7, 0x9f, 0x0, 0x1f, 0xfc,
    0x73, 0x0, 0x8, 0x7, 0x94, 0x6, 0x40, 0x48,
    0x3, 0x92, 0xbf, 0x90, 0x24, 0x3, 0xcc, 0xa2,
    0x5, 0x2e, 0x0,

    /* U+04C9 "Ӊ" */
    0x6f, 0xf0, 0x7, 0xf2, 0xff, 0x84, 0x3, 0xff,
    0xfe, 0x1, 0xff, 0xda, 0xff, 0xfe, 0xa0, 0xf,
    0xfe, 0x77, 0x77, 0xf4, 0x80, 0x7e, 0x11, 0xfe,
    0x30, 0xf, 0xff, 0xf8, 0x7, 0xff, 0x17, 0xbd,
    0x80, 0x3f, 0xf8, 0xae, 0xdf, 0xe0, 0xf, 0xe5,
    0xfb, 0x3, 0x10, 0xf, 0xfe, 0x16, 0x2, 0x0,
    0x7f, 0xf0, 0xd0, 0x2c, 0x3, 0xff, 0x88, 0x66,
    0x0,

    /* U+04CA "ӊ" */
    0xcf, 0x80, 0xf, 0x1f, 0xf8, 0x40, 0x3f, 0xff,
    0xe0, 0x19, 0xff, 0xfd, 0x80, 0x1f, 0xfc, 0xa7,
    0xff, 0xf6, 0x0, 0x7f, 0xf8, 0xfb, 0xc0, 0x3f,
    0xf8, 0x4a, 0x19, 0xf0, 0x1, 0xe3, 0xf6, 0xc,
    0x0, 0xff, 0xe0, 0x20, 0x38, 0x7, 0xff, 0x0,
    0x54, 0x40,

    /* U+04CB "Ӌ" */
    0xcf, 0x90, 0xf, 0xcd, 0xfe, 0x0, 0xff, 0xf7,
    0x18, 0x7, 0xfc, 0xc0, 0xe0, 0x1f, 0xf6, 0x1,
    0x30, 0x7, 0xc2, 0x0, 0x61, 0x9, 0xb5, 0x32,
    0x47, 0xc8, 0x0, 0xb0, 0x41, 0x2b, 0x36, 0xe0,
    0xc0, 0x31, 0x74, 0x18, 0x80, 0x9, 0xaa, 0x0,
    0x39, 0xf3, 0xbf, 0xdb, 0x2a, 0x20, 0x1f, 0xfd,
    0xb1, 0x18, 0x3, 0xfc, 0xbd, 0xc8, 0x0, 0xff,
    0xe7, 0xf, 0xfc, 0x1, 0xff, 0xd8, 0x77, 0x48,
    0x4,

    /* U+04CC "ӌ" */
    0x1f, 0xf1, 0x80, 0x7b, 0xfc, 0xa0, 0x1f, 0xfc,
    0xe1, 0x0, 0x38, 0x7, 0xff, 0x0, 0xc0, 0x3f,
    0xc8, 0x10, 0xa0, 0x11, 0xc8, 0x6, 0x80, 0x5,
    0x7f, 0xd8, 0xc0, 0x18, 0xf5, 0x88, 0x4, 0x9b,
    0x0, 0x38, 0xa7, 0x7f, 0xb6, 0x4c, 0x3, 0xff,
    0xb0, 0x7f, 0xe0, 0xf, 0xfe, 0x77, 0xf9, 0x40,
    0x3f, 0xf9, 0x2, 0x8a, 0x1, 0x0,

    /* U+04CD "Ӎ" */
    0x6f, 0xd0, 0xf, 0xfe, 0xe, 0x7b, 0x80, 0x71,
    0x38, 0x7, 0xfc, 0xa6, 0x1, 0xfa, 0x4, 0x3,
    0xfd, 0x60, 0x1f, 0xe8, 0x0, 0xfe, 0x81, 0x0,
    0xff, 0x31, 0x80, 0x7c, 0x2e, 0x1, 0xfc, 0x2c,
    0x1e, 0x1, 0xf5, 0x82, 0x90, 0x7, 0xe8, 0x3,
    0x50, 0xe, 0x35, 0x8, 0x0, 0xfe, 0x18, 0xb,
    0x0, 0xef, 0x7, 0x20, 0xf, 0xf3, 0x90, 0xc0,
    0x4, 0xc6, 0x30, 0x1, 0xff, 0xc0, 0x90, 0x72,
    0x0, 0x40, 0x58, 0x7, 0xff, 0x5, 0x10, 0x12,
    0x10, 0x26, 0xa0, 0x1f, 0xfc, 0x29, 0x4, 0x67,
    0xe, 0x0, 0xff, 0xe1, 0x93, 0x84, 0x83, 0x10,
    0x7, 0xff, 0x12, 0x4, 0x6, 0x0, 0x3f, 0xf8,
    0xd6, 0x10, 0x20, 0x1f, 0xfc, 0x65, 0xf6, 0x0,
    0xfa, 0x3f, 0xc0, 0x1f, 0xfc, 0x94, 0x6, 0xfe,
    0x0, 0xff, 0xe0, 0xef, 0xa0, 0x68, 0x7, 0xff,
    0x1d, 0x41, 0xc0, 0x3f, 0xf8, 0xc4, 0x24, 0x20,
    0x1f, 0xfc, 0x67, 0x2a, 0x0, 0x0,

    /* U+04CE "ӎ" */
    0xcf, 0xd0, 0xf, 0xe8, 0xfe, 0x0, 0xe2, 0x70,
    0xf, 0x89, 0xc0, 0x3f, 0x40, 0x80, 0x7a, 0x40,
    0x3f, 0x8, 0x40, 0x7, 0x22, 0x4, 0x3, 0xe9,
    0x6, 0x20, 0xd, 0x21, 0x0, 0x1f, 0x14, 0x4,
    0x80, 0x4e, 0x4a, 0xa0, 0xf, 0xce, 0x28, 0x80,
    0x18, 0xb, 0x0, 0xff, 0x58, 0x48, 0x58, 0x40,
    0x80, 0x7f, 0x95, 0xa, 0x54, 0x9c, 0x3, 0xff,
    0x81, 0x20, 0xc1, 0x20, 0x1f, 0xfc, 0x12, 0x60,
    0x44, 0x0, 0x7f, 0xf0, 0xa1, 0xa4, 0x3, 0x87,
    0xfc, 0x1, 0xf0, 0xc9, 0x0, 0x7c, 0x81, 0x9e,
    0xa0, 0x1f, 0xc7, 0xec, 0x1a, 0x1, 0xff, 0xc3,
    0x40, 0x70, 0xf, 0xfe, 0x18, 0xa8, 0x80,

    /* U+04CF "ӏ" */
    0x0, 0xb3, 0xe0, 0x3, 0xff, 0xce,

    /* U+04D0 "Ӑ" */
    0x0, 0xe7, 0x50, 0xc, 0x90, 0x20, 0x1f, 0xd3,
    0x60, 0x1b, 0xdc, 0x3, 0xfc, 0xc3, 0x44, 0x48,
    0x45, 0x10, 0xf, 0xe8, 0x75, 0xdd, 0x3a, 0xd8,
    0x7, 0xfd, 0x1f, 0xb9, 0xd4, 0x20, 0x1f, 0xfc,
    0x5, 0xdc, 0x60, 0xf, 0xfe, 0x14, 0x80, 0x24,
    0x3, 0xff, 0x82, 0x66, 0x1, 0x13, 0x0, 0x7f,
    0xf0, 0x24, 0x15, 0x82, 0xc0, 0x3f, 0xe2, 0x50,
    0x99, 0x1, 0x20, 0x7, 0xfa, 0xc0, 0xcc, 0x2a,
    0x1e, 0x1, 0xfc, 0x2c, 0x12, 0x0, 0x90, 0x42,
    0x0, 0xfc, 0xc0, 0x2a, 0x0, 0x33, 0x4, 0x0,
    0x7e, 0x90, 0x60, 0xd, 0x20, 0xa2, 0x1, 0xe5,
    0x10, 0x90, 0xc, 0xa2, 0x12, 0x1, 0xe9, 0x5,
    0x10, 0xe, 0x60, 0x60, 0xe, 0x43, 0x5, 0xff,
    0xf3, 0x80, 0xb0, 0x6, 0xf0, 0xf, 0xfe, 0x5,
    0x80, 0x44, 0x81, 0x5f, 0xff, 0xb0, 0x9, 0x40,
    0x16, 0x2, 0xa0, 0x1f, 0x8c, 0xc1, 0x20, 0x2c,
    0x12, 0x1, 0xfe, 0x80, 0x33, 0x30, 0x1, 0xc0,
    0x3f, 0xc8, 0x41, 0x20,

    /* U+04D1 "ӑ" */
    0x0, 0x5e, 0x80, 0x6f, 0xa0, 0xd, 0x85, 0x4,
    0x4a, 0xf, 0x0, 0xce, 0xcf, 0xba, 0x58, 0x50,
    0xe, 0x9e, 0xcc, 0x7b, 0x80, 0x7c, 0x26, 0x60,
    0xf, 0x9a, 0xfb, 0xfd, 0x8e, 0x1, 0x1f, 0x4a,
    0x8, 0x0, 0xe3, 0x44, 0x8, 0x12, 0xbb, 0xf6,
    0x0, 0xac, 0x7, 0xed, 0x44, 0x9, 0xe0, 0x14,
    0x0, 0x20, 0x1e, 0x50, 0x1, 0x0, 0xe, 0x2a,
    0xb4, 0x80, 0x4, 0x2b, 0x1d, 0x57, 0x20, 0x4,
    0xea, 0x13, 0xdf, 0xf7, 0x0, 0x56, 0xc, 0xc1,
    0x0, 0xfe, 0x10, 0xe, 0x70, 0x9, 0x41, 0x84,
    0x2, 0x59, 0x0, 0xa0, 0x45, 0xd7, 0x6d, 0xa3,
    0x0, 0x87, 0xdc, 0x91, 0x1, 0x18, 0x1, 0x0,

    /* U+04D2 "Ӓ" */
    0x0, 0xf3, 0x20, 0x0, 0x98, 0x3, 0xfe, 0x49,
    0xb0, 0x7, 0xcb, 0x80, 0x7f, 0x98, 0x4c, 0x0,
    0x80, 0x60, 0x1f, 0xe2, 0xec, 0x0, 0x4f, 0xa0,
    0x7, 0xff, 0x49, 0x7f, 0xce, 0x1, 0xff, 0xc2,
    0x90, 0x4, 0x80, 0x7f, 0xf0, 0x4c, 0xc0, 0x22,
    0x60, 0xf, 0xfe, 0x4, 0x82, 0xb0, 0x58, 0x7,
    0xfc, 0x4a, 0x13, 0x20, 0x24, 0x0, 0xff, 0x58,
    0x19, 0x85, 0x43, 0xc0, 0x3f, 0x85, 0x82, 0x40,
    0x12, 0x8, 0x40, 0x1f, 0x98, 0x5, 0x40, 0x6,
    0x60, 0x80, 0xf, 0xd2, 0xc, 0x1, 0xa4, 0x14,
    0x40, 0x3c, 0xa2, 0x12, 0x1, 0x94, 0x42, 0x40,
    0x3d, 0x20, 0xa2, 0x1, 0xcc, 0xc, 0x1, 0xc8,
    0x60, 0xbf, 0xfe, 0x70, 0x16, 0x0, 0xde, 0x1,
    0xff, 0xc0, 0xb0, 0x8, 0x90, 0x2b, 0xff, 0xf6,
    0x1, 0x28, 0x2, 0xc0, 0x54, 0x3, 0xf1, 0x98,
    0x24, 0x5, 0x82, 0x40, 0x3f, 0xd0, 0x6, 0x66,
    0x0, 0x38, 0x7, 0xf9, 0x8, 0x24,

    /* U+04D3 "ӓ" */
    0x0, 0x1f, 0x48, 0x2, 0xf8, 0x80, 0x32, 0xa,
    0x0, 0x10, 0x5c, 0x3, 0x3c, 0xf0, 0x2, 0xe5,
    0x40, 0x39, 0x8c, 0x0, 0x8c, 0x1, 0xcd, 0x7d,
    0xfe, 0xc7, 0x0, 0x8f, 0xa5, 0x4, 0x0, 0x71,
    0xa2, 0x4, 0x9, 0x5d, 0xfb, 0x0, 0x56, 0x3,
    0xf6, 0xa2, 0x4, 0xf0, 0xa, 0x0, 0x10, 0xf,
    0x28, 0x0, 0x80, 0x7, 0x15, 0x5a, 0x40, 0x2,
    0x15, 0x8e, 0xab, 0x90, 0x2, 0x75, 0x9, 0xef,
    0xfb, 0x80, 0x2b, 0x6, 0x60, 0x80, 0x7f, 0x8,
    0x7, 0x38, 0x4, 0xa0, 0xc2, 0x1, 0x2c, 0x80,
    0x50, 0x22, 0xeb, 0xb6, 0xd1, 0x80, 0x43, 0xee,
    0x48, 0x80, 0x8c, 0x0, 0x80,

    /* U+04D4 "Ӕ" */
    0x0, 0xfe, 0x2f, 0xff, 0xfe, 0xd, 0x0, 0x7f,
    0x48, 0x7, 0xff, 0x29, 0x10, 0x12, 0x0, 0xce,
    0xef, 0xd6, 0x1, 0xfa, 0x41, 0xd4, 0x0, 0x23,
    0xfe, 0x0, 0xf9, 0xc8, 0x60, 0x3, 0xff, 0x8e,
    0x30, 0x16, 0x1, 0xff, 0xc8, 0xb0, 0x35, 0x0,
    0xff, 0xe3, 0x9a, 0x87, 0x80, 0x76, 0xff, 0xfd,
    0x20, 0x1e, 0xe0, 0x53, 0x0, 0xff, 0xe3, 0xb1,
    0x5, 0x80, 0x7b, 0x3b, 0xbe, 0x90, 0xc, 0x30,
    0xe, 0x20, 0x1e, 0x11, 0xfc, 0x1, 0xd0, 0x20,
    0xff, 0xfb, 0x0, 0x3f, 0xf8, 0x46, 0xc0, 0x1f,
    0xfc, 0xaf, 0x3, 0xff, 0xf6, 0x0, 0x7f, 0xf0,
    0x54, 0xc3, 0x80, 0x3f, 0x84, 0x7f, 0xc1, 0x60,
    0xe4, 0x1, 0xfd, 0x9d, 0xdf, 0xd0, 0x22, 0x80,
    0xf, 0xfe, 0x40,

    /* U+04D5 "ӕ" */
    0x0, 0x35, 0xf7, 0xf6, 0x38, 0x4, 0xb7, 0xdf,
    0xb2, 0x60, 0x11, 0xf4, 0xa0, 0x80, 0x9c, 0x68,
    0xdd, 0x20, 0x81, 0x36, 0x40, 0x0, 0x81, 0x2b,
    0xbf, 0x60, 0xb, 0x90, 0x63, 0x7f, 0x14, 0x1d,
    0xc0, 0x3f, 0x6a, 0x20, 0x4f, 0x0, 0x16, 0x39,
    0x1, 0xd4, 0x4, 0x8, 0x8, 0x7, 0x94, 0x0,
    0xe4, 0x1, 0xce, 0x40, 0xe0, 0x4, 0x8a, 0xa5,
    0xda, 0x40, 0x9, 0x77, 0xf1, 0x87, 0x85, 0xd9,
    0xd5, 0x48, 0x90, 0x0, 0xd1, 0x3e, 0x10, 0x37,
    0x40, 0xae, 0xff, 0xb8, 0x1, 0x5f, 0xff, 0xd5,
    0x60, 0xea, 0x20, 0x11, 0x0, 0x3c, 0x3, 0xff,
    0x8d, 0x60, 0x5, 0x50, 0x7, 0x98, 0x0, 0x80,
    0xe6, 0x1, 0x3b, 0x81, 0x2, 0xa4, 0xc0, 0x57,
    0x25, 0xc2, 0x48, 0x33, 0xb7, 0xe0, 0x2a, 0xd0,
    0x1b, 0x3f, 0xa8, 0xc5, 0x0, 0x75, 0xc8, 0x48,
    0x8d, 0xaa, 0x17, 0x65, 0x10, 0x1, 0xc7, 0x98,
    0x0,

    /* U+04D6 "Ӗ" */
    0x0, 0x24, 0x8, 0x6, 0x85, 0x0, 0xc4, 0xe8,
    0x1, 0x23, 0xe8, 0x6, 0x70, 0xb5, 0x14, 0x90,
    0xa0, 0xc, 0x38, 0x75, 0xd6, 0x16, 0x40, 0x1c,
    0x7b, 0xd9, 0xba, 0x40, 0x9, 0xbf, 0xf7, 0x66,
    0xff, 0xe7, 0x0, 0xff, 0xe2, 0x77, 0x7f, 0x38,
    0x4, 0x23, 0xfc, 0x1, 0xff, 0xdf, 0xff, 0xfc,
    0xe0, 0x1f, 0xfc, 0x5e, 0xef, 0xce, 0x1, 0x84,
    0x7f, 0x0, 0x7f, 0xf8, 0x4, 0x7f, 0xc0, 0x17,
    0x77, 0xf6, 0x0, 0x7f, 0xf0, 0x40,

    /* U+04D7 "ӗ" */
    0x0, 0x27, 0xa8, 0x5, 0x1e, 0x20, 0x19, 0x6,
    0x10, 0x55, 0xc8, 0x40, 0x3b, 0x42, 0xfa, 0x8f,
    0xc0, 0x3c, 0x7b, 0xac, 0xec, 0x20, 0xf, 0xc4,
    0x62, 0x1, 0xf9, 0x2f, 0xbf, 0x68, 0xc0, 0x3a,
    0xad, 0x4, 0x9, 0x72, 0x40, 0x2a, 0x51, 0x9e,
    0xfd, 0x70, 0x68, 0x3, 0x50, 0xd6, 0x10, 0x28,
    0xa0, 0x71, 0x90, 0x63, 0x0, 0xe5, 0x40, 0x67,
    0x4, 0xbb, 0xf9, 0x83, 0x4c, 0x9, 0x13, 0xe2,
    0x1, 0x30, 0x8f, 0xff, 0xeb, 0x70, 0xb0, 0xf,
    0xf4, 0x81, 0xb8, 0x7, 0x98, 0x0, 0x6c, 0x11,
    0x46, 0x22, 0x4b, 0x99, 0x0, 0x25, 0x81, 0x73,
    0xb9, 0x68, 0x18, 0x1, 0x4e, 0x31, 0x0, 0x9,
    0xf9, 0x40,

    /* U+04D8 "Ә" */
    0x0, 0xe2, 0x7c, 0xef, 0xf6, 0x41, 0x0, 0x7e,
    0x1a, 0xd8, 0x31, 0x0, 0x1b, 0xec, 0x80, 0x78,
    0x7d, 0x40, 0xe2, 0xf2, 0xe0, 0xc1, 0xb8, 0x40,
    0x30, 0xd9, 0x5e, 0x3a, 0x1a, 0x3e, 0x50, 0xe,
    0x0, 0x72, 0xea, 0x0, 0x7c, 0xb8, 0x5, 0x0,
    0x1f, 0xfc, 0x33, 0x60, 0x70, 0xf, 0xfe, 0x25,
    0x80, 0x10, 0x33, 0x3f, 0xf8, 0x5c, 0x0, 0x20,
    0x33, 0xff, 0xe1, 0x80, 0x4, 0x2, 0x7f, 0xff,
    0xfe, 0x0, 0x0, 0x40, 0xc0, 0xc0, 0x3f, 0xe4,
    0x0, 0x10, 0x58, 0x21, 0x0, 0x7f, 0xbc, 0x0,
    0x80, 0xc0, 0x9, 0x0, 0xfe, 0x54, 0x7, 0x0,
    0xc, 0x82, 0x58, 0x80, 0x79, 0xa8, 0xe, 0x0,
    0x26, 0x60, 0x27, 0xc2, 0x11, 0xb6, 0x48, 0xe,
    0x80, 0x74, 0xd0, 0xb, 0xde, 0xe4, 0x98, 0x2f,
    0x88, 0x7, 0x97, 0xa1, 0x4, 0x0, 0x4d, 0x94,
    0x20, 0x10,

    /* U+04D9 "ә" */
    0x0, 0xc, 0x67, 0xfb, 0x69, 0x0, 0x39, 0x3d,
    0xcc, 0x0, 0x4b, 0x74, 0x1, 0xb0, 0x4e, 0xfb,
    0x98, 0xa0, 0xb4, 0x1, 0x44, 0xe2, 0x8, 0x8e,
    0xa4, 0x15, 0x0, 0x26, 0x0, 0xf3, 0x20, 0x78,
    0x7, 0xfd, 0xa0, 0xa1, 0x5f, 0xff, 0xd2, 0x2,
    0x6, 0x4, 0x89, 0xf1, 0x80, 0x87, 0x80, 0xdd,
    0xfc, 0x80, 0xa0, 0xe0, 0x6a, 0x1, 0xc4, 0xe1,
    0xc0, 0x30, 0x15, 0x4, 0x2, 0xd8, 0x8, 0xa0,
    0x7, 0x70, 0x3e, 0xff, 0x48, 0xa5, 0x80, 0x68,
    0xc5, 0x20, 0x14, 0xab, 0x0, 0x80,

    /* U+04DA "Ӛ" */
    0x0, 0xf9, 0x88, 0x0, 0x8c, 0x1, 0xff, 0xc0,
    0x79, 0xf0, 0x5, 0xca, 0x0, 0x7f, 0xc6, 0x8,
    0x0, 0x41, 0x60, 0xf, 0xf9, 0x3e, 0x40, 0x17,
    0xc4, 0x1, 0xff, 0xd1, 0x27, 0xce, 0xff, 0x64,
    0x10, 0x7, 0xe1, 0xad, 0x83, 0x10, 0x1, 0xbe,
    0xc8, 0x7, 0x87, 0xd4, 0xe, 0x2f, 0x2e, 0xc,
    0x1b, 0x84, 0x3, 0xd, 0x95, 0xe3, 0xa1, 0xa3,
    0xe5, 0x0, 0xe0, 0x7, 0x2e, 0xa0, 0x7, 0xcb,
    0x80, 0x50, 0x1, 0xff, 0xc3, 0x36, 0x7, 0x0,
    0xff, 0xe2, 0x58, 0x1, 0x3, 0x33, 0xff, 0x85,
    0xc0, 0x2, 0x3, 0x3f, 0xfe, 0x18, 0x0, 0x40,
    0x27, 0xff, 0xff, 0xe0, 0x0, 0x4, 0xc, 0xc,
    0x3, 0xfe, 0x40, 0x1, 0x5, 0x82, 0x10, 0x7,
    0xfb, 0xc0, 0x8, 0xc, 0x0, 0x90, 0xf, 0xe5,
    0x40, 0x70, 0x0, 0xc8, 0x25, 0x88, 0x7, 0x9a,
    0x80, 0xe0, 0x2, 0x66, 0x2, 0x7c, 0x21, 0x1b,
    0x64, 0x80, 0xe8, 0x7, 0x4d, 0x0, 0xbd, 0xee,
    0x49, 0x82, 0xf8, 0x80, 0x79, 0x7a, 0x10, 0x40,
    0x4, 0xd9, 0x42, 0x1, 0x0,

    /* U+04DB "ӛ" */
    0x0, 0x9f, 0xd4, 0x7, 0xb0, 0x3, 0xec, 0xc,
    0x5, 0x13, 0x0, 0xfa, 0x62, 0x0, 0x93, 0x60,
    0x1f, 0x13, 0x88, 0x1, 0x90, 0x3, 0xc3, 0x19,
    0xfe, 0xda, 0x40, 0xe, 0x4f, 0x73, 0x0, 0x12,
    0xdd, 0x0, 0x6c, 0x13, 0xbe, 0xe6, 0x28, 0x2d,
    0x0, 0x51, 0x38, 0x82, 0x23, 0xa9, 0x5, 0x40,
    0x9, 0x80, 0x3c, 0xc8, 0x1e, 0x1, 0xff, 0x68,
    0x28, 0x57, 0xff, 0xf4, 0x80, 0x81, 0x81, 0x22,
    0x7c, 0x60, 0x21, 0xe0, 0x37, 0x7f, 0x20, 0x28,
    0x38, 0x1a, 0x80, 0x71, 0x38, 0x70, 0xc, 0x5,
    0x41, 0x0, 0xb6, 0x2, 0x28, 0x1, 0xdc, 0xf,
    0xbf, 0xd2, 0x29, 0x60, 0x1a, 0x31, 0x48, 0x5,
    0x2a, 0xc0, 0x20,

    /* U+04DC "Ӝ" */
    0x0, 0xfe, 0x46, 0x0, 0xb, 0x90, 0x7, 0xff,
    0x1a, 0xe5, 0x2, 0x63, 0x80, 0x3f, 0xf8, 0xc8,
    0x2c, 0x1a, 0x8, 0x1, 0xff, 0xc6, 0xbe, 0x20,
    0x5f, 0x80, 0xf, 0xfe, 0xbe, 0x7e, 0x0, 0x7d,
    0xbf, 0x0, 0x1e, 0x1f, 0xf3, 0x80, 0x38, 0xd,
    0x80, 0x3f, 0xf8, 0x74, 0x4, 0xe0, 0x2, 0x80,
    0x81, 0x0, 0xff, 0xe0, 0xaa, 0x7, 0x0, 0x67,
    0x31, 0xb0, 0xf, 0xfe, 0x0, 0xd8, 0x39, 0x80,
    0x77, 0x82, 0xa8, 0x3, 0xfe, 0xb1, 0x28, 0x0,
    0xf1, 0xb8, 0x58, 0x7, 0xf9, 0x14, 0x38, 0x3,
    0xf4, 0x10, 0xc8, 0x7, 0xf5, 0x3, 0x18, 0x7,
    0xf7, 0x3, 0x7f, 0xc4, 0xf, 0xff, 0x8, 0xa4,
    0x3, 0xfc, 0xa0, 0x1f, 0xfc, 0x1, 0x20, 0xf,
    0xe1, 0x90, 0x3d, 0xd8, 0x81, 0xb7, 0x58, 0x0,
    0x90, 0xf, 0xeb, 0x0, 0x71, 0x14, 0x0, 0x12,
    0x21, 0xc0, 0x22, 0x80, 0x7c, 0x6a, 0xe, 0x40,
    0x1f, 0xce, 0x41, 0x60, 0x1f, 0x70, 0xc, 0x0,
    0x7f, 0xd2, 0x3, 0x0, 0x1c, 0xe4, 0x16, 0x1,
    0xff, 0xc0, 0x45, 0x7, 0x20, 0x8, 0x60, 0xd,
    0x40, 0x3f, 0xf8, 0x36, 0x0, 0x90, 0xa, 0xc0,
    0x1c, 0x1, 0xff, 0xc2, 0x18, 0x4, 0x50, 0x35,
    0x6, 0x20, 0xf, 0xfe, 0x1b, 0x90, 0x58, 0x0,

    /* U+04DD "ӝ" */
    0x0, 0xf0, 0xee, 0x0, 0x1f, 0xd4, 0x3, 0xff,
    0x82, 0x44, 0x31, 0xc, 0xd, 0x0, 0xff, 0xe0,
    0x9d, 0x58, 0x84, 0xc4, 0x80, 0x7f, 0xf0, 0x95,
    0x0, 0x4, 0xe2, 0x1, 0xf0, 0xff, 0x98, 0x3,
    0xbf, 0xca, 0x1, 0x87, 0xfc, 0xc0, 0x30, 0x10,
    0x1, 0xff, 0xc0, 0x80, 0x26, 0x0, 0x39, 0xc,
    0x0, 0x7f, 0x89, 0x82, 0x40, 0x34, 0x83, 0x90,
    0x7, 0xf4, 0x82, 0xa0, 0x6, 0x45, 0x8, 0x0,
    0xfc, 0xa8, 0x16, 0x1, 0xeb, 0x5, 0x30, 0xf,
    0xa0, 0x20, 0x40, 0x3c, 0x2e, 0x19, 0xfe, 0x0,
    0x57, 0xf8, 0x85, 0xc0, 0x3f, 0x20, 0x7, 0xf8,
    0x4c, 0x3, 0xe8, 0x30, 0xcf, 0xf0, 0x2, 0xbf,
    0xc4, 0x1c, 0x1, 0xe3, 0x70, 0x83, 0x0, 0xfb,
    0xc0, 0xa4, 0x3, 0xb8, 0xd, 0xc0, 0x3f, 0x14,
    0x3, 0x20, 0x5, 0x44, 0x1c, 0x1, 0xfe, 0x74,
    0xa, 0x10, 0x55, 0x4, 0x90, 0x7, 0xfd, 0x42,
    0x2a, 0x0,

    /* U+04DE "Ӟ" */
    0x0, 0xc4, 0xe2, 0x0, 0x64, 0x0, 0xfd, 0x31,
    0x0, 0x49, 0xb0, 0xf, 0xd8, 0x18, 0xa, 0x26,
    0x1, 0xf9, 0xfd, 0x40, 0x7b, 0x0, 0x3f, 0xf9,
    0x24, 0xf7, 0xdf, 0xed, 0x94, 0x0, 0xe7, 0xd8,
    0x41, 0x0, 0x13, 0x5d, 0x80, 0x31, 0x82, 0xd6,
    0xf6, 0xd2, 0x2, 0x58, 0x4, 0x9d, 0x4a, 0x42,
    0x4b, 0x6e, 0x8, 0x40, 0x10, 0x80, 0x7d, 0x40,
    0x6, 0x0, 0xff, 0x9c, 0x0, 0xa0, 0x1f, 0xc2,
    0xb6, 0xc, 0x20, 0x18, 0x7f, 0xf7, 0x50, 0xc4,
    0x80, 0x7f, 0xf0, 0x70, 0x80, 0x38, 0x7f, 0xf7,
    0x5a, 0x23, 0x8, 0x3, 0xf8, 0x52, 0xd0, 0x64,
    0x3, 0xff, 0x81, 0x80, 0xa0, 0x1f, 0xfc, 0xf,
    0x0, 0xcc, 0x80, 0x1f, 0x1b, 0x82, 0x80, 0xcd,
    0xe3, 0x18, 0x92, 0x56, 0x0, 0x24, 0x6, 0x44,
    0xe7, 0x3b, 0x6d, 0x40, 0x70, 0x80, 0xd, 0xd2,
    0xa4, 0x0, 0x14, 0x9e, 0x30, 0x0,

    /* U+04DF "ӟ" */
    0x0, 0xb3, 0x44, 0x17, 0xdc, 0x3, 0x9, 0x91,
    0x3, 0x3, 0x0, 0x30, 0xdd, 0x18, 0x44, 0x24,
    0x3, 0x91, 0x40, 0x2, 0xe4, 0x1, 0x96, 0xb7,
    0xfd, 0xb4, 0x60, 0x15, 0x51, 0x48, 0x0, 0x4b,
    0x90, 0x0, 0xf4, 0xad, 0xff, 0x62, 0x3, 0x98,
    0x2d, 0xa9, 0x0, 0xe, 0xc0, 0xc, 0x1, 0xf9,
    0x40, 0xe, 0x1, 0xa6, 0xaf, 0x68, 0x6c, 0x80,
    0x33, 0xaa, 0x10, 0x13, 0x80, 0x77, 0x7f, 0xba,
    0xf, 0x10, 0x3, 0xe1, 0x74, 0xe, 0x1, 0x0,
    0xf9, 0xc0, 0x43, 0xe9, 0x44, 0x4, 0xe8, 0xc3,
    0x48, 0x16, 0xbb, 0xfb, 0x14, 0x19, 0x85, 0xd2,
    0x82, 0x0, 0x26, 0xc9, 0x0,

    /* U+04E0 "Ӡ" */
    0x9, 0xff, 0xff, 0x80, 0x3f, 0xf8, 0x22, 0x0,
    0x9e, 0xef, 0xa8, 0x1, 0x40, 0x10, 0x8f, 0x8a,
    0x82, 0x90, 0x3, 0xf1, 0x68, 0x4a, 0x80, 0x7e,
    0x2c, 0x17, 0x60, 0xf, 0xc3, 0xe2, 0xb0, 0x1,
    0xfc, 0xc4, 0xb, 0xd4, 0x60, 0x1f, 0x11, 0x98,
    0x44, 0xb8, 0xe0, 0x1e, 0x5c, 0xc7, 0x61, 0x84,
    0x18, 0x7, 0xf1, 0xe0, 0x85, 0x0, 0x7f, 0xc8,
    0xa, 0x1, 0xff, 0x8, 0x30, 0x42, 0x80, 0x7c,
    0x68, 0x1a, 0x2f, 0x5a, 0xe8, 0x44, 0x49, 0xc0,
    0x17, 0x17, 0x2, 0x8b, 0xdd, 0x5b, 0x1, 0x60,
    0x2, 0x3a, 0x10, 0x40, 0x2, 0x93, 0xa4, 0x0,

    /* U+04E1 "ӡ" */
    0xe, 0xff, 0xff, 0x10, 0x7, 0xff, 0x0, 0xc3,
    0xbb, 0xed, 0x10, 0x71, 0x0, 0x8, 0xfa, 0x45,
    0x20, 0x3, 0xf4, 0x20, 0xd0, 0x7, 0xe4, 0x70,
    0xd1, 0x0, 0xf8, 0x68, 0x24, 0xc0, 0x3f, 0x68,
    0x88, 0xc4, 0x3, 0xf1, 0x80, 0xd7, 0x50, 0x80,
    0x7a, 0x64, 0xe6, 0xb, 0xa0, 0x1e, 0x66, 0x46,
    0x50, 0x1b, 0x80, 0x7f, 0x2a, 0x6, 0x0, 0x7f,
    0x8c, 0x18, 0x3, 0xfc, 0x40, 0xc1, 0x88, 0x1,
    0xe2, 0x50, 0xc4, 0x3b, 0xc6, 0x32, 0x48, 0xd0,
    0x16, 0x46, 0x3, 0x9c, 0xdb, 0x70, 0x1d, 0x10,
    0x9d, 0x73, 0x10, 0x13, 0x8f, 0x30,

    /* U+04E2 "Ӣ" */
    0x0, 0xc4, 0x5f, 0x8, 0x7, 0xc3, 0xbb, 0xf8,
    0x3, 0xe1, 0xaa, 0xfb, 0xc0, 0x3f, 0x2a, 0xfc,
    0x60, 0x1f, 0xfc, 0x86, 0xff, 0x0, 0x7f, 0x3f,
    0xf8, 0x80, 0x3f, 0xe3, 0x80, 0xf, 0xfe, 0x8,
    0xe8, 0x7, 0xff, 0xa, 0x84, 0x3, 0xff, 0x82,
    0xe8, 0xe, 0x1, 0xff, 0x24, 0x3, 0x58, 0x7,
    0xf8, 0x68, 0xe, 0x40, 0x3f, 0xed, 0x11, 0x68,
    0x7, 0xfd, 0x6, 0x14, 0x20, 0x1f, 0xe4, 0x70,
    0x74, 0x0, 0xff, 0xd, 0x1, 0xc0, 0x7, 0xfd,
    0xa2, 0x2d, 0x0, 0xff, 0xa0, 0xc2, 0x84, 0x3,
    0xfe, 0x70, 0x84, 0x0, 0xff, 0xe0, 0xa3, 0x80,
    0x7f, 0xf0, 0x46, 0x80, 0x3f, 0xf8, 0x5a, 0x20,
    0x1f, 0xf0,

    /* U+04E3 "ӣ" */
    0x0, 0x5f, 0xff, 0xc2, 0x1, 0xba, 0x23, 0xe1,
    0x0, 0xca, 0xef, 0xf0, 0x7, 0xff, 0x13, 0x3e,
    0x0, 0x3c, 0x5d, 0xec, 0x1, 0xfd, 0xe2, 0x1,
    0xfe, 0xb2, 0x0, 0xff, 0x42, 0x0, 0x7f, 0x95,
    0xc2, 0x84, 0x3, 0xe3, 0xa0, 0x75, 0x0, 0xf8,
    0x74, 0x16, 0x0, 0x3f, 0x68, 0x95, 0x0, 0x7e,
    0xa3, 0x1c, 0x0, 0xfc, 0xca, 0x1a, 0x20, 0x1f,
    0x84, 0x24, 0xc0, 0x3f, 0xcc, 0xc0, 0xf, 0xf2,
    0x48, 0x7, 0xf0,

    /* U+04E4 "Ӥ" */
    0x0, 0xc2, 0xe4, 0x0, 0x45, 0x0, 0xfe, 0x98,
    0xe0, 0x1b, 0xa3, 0x0, 0xfd, 0xa0, 0x80, 0x26,
    0x44, 0x0, 0xfc, 0xbf, 0x0, 0xc, 0xd1, 0x0,
    0xff, 0xe4, 0x37, 0xf8, 0x3, 0xf9, 0xff, 0xc4,
    0x1, 0xff, 0x1c, 0x0, 0x7f, 0xf0, 0x47, 0x40,
    0x3f, 0xf8, 0x54, 0x20, 0x1f, 0xfc, 0x17, 0x40,
    0x70, 0xf, 0xf9, 0x20, 0x1a, 0xc0, 0x3f, 0xc3,
    0x40, 0x72, 0x1, 0xff, 0x68, 0x8b, 0x40, 0x3f,
    0xe8, 0x30, 0xa1, 0x0, 0xff, 0x23, 0x83, 0xa0,
    0x7, 0xf8, 0x68, 0xe, 0x0, 0x3f, 0xed, 0x11,
    0x68, 0x7, 0xfd, 0x6, 0x14, 0x20, 0x1f, 0xf3,
    0x84, 0x20, 0x7, 0xff, 0x5, 0x1c, 0x3, 0xff,
    0x82, 0x34, 0x1, 0xff, 0xc2, 0xd1, 0x0, 0xff,
    0x80,

    /* U+04E5 "ӥ" */
    0x0, 0xe, 0xe0, 0x1, 0xfd, 0x40, 0x38, 0x88,
    0x62, 0x18, 0x18, 0x1, 0xc7, 0x56, 0x21, 0x31,
    0x0, 0xf, 0x2a, 0x0, 0x9, 0xc4, 0x2, 0xcf,
    0x80, 0xf, 0x17, 0x7b, 0x0, 0x7f, 0x78, 0x80,
    0x7f, 0xac, 0x80, 0x3f, 0xd0, 0x80, 0x1f, 0xe5,
    0x70, 0xa1, 0x0, 0xf8, 0xe8, 0x1d, 0x40, 0x3e,
    0x1d, 0x5, 0x80, 0xf, 0xda, 0x25, 0x40, 0x1f,
    0xa8, 0xc7, 0x0, 0x3f, 0x32, 0x86, 0x88, 0x7,
    0xe1, 0x9, 0x30, 0xf, 0xf3, 0x30, 0x3, 0xfc,
    0x92, 0x1, 0xfc,

    /* U+04E6 "Ӧ" */
    0x0, 0xf2, 0xa0, 0x0, 0x9c, 0x40, 0x3f, 0xe3,
    0xab, 0x10, 0x98, 0x90, 0xf, 0xf8, 0x88, 0x62,
    0x18, 0x1a, 0x1, 0xff, 0xe, 0xe0, 0x1, 0xfd,
    0x40, 0x3f, 0xfa, 0x49, 0x5b, 0xfe, 0xeb, 0x60,
    0xf, 0xe2, 0xcb, 0x52, 0x0, 0xa, 0x4f, 0x28,
    0x7, 0x93, 0x4c, 0x12, 0x6f, 0x29, 0x80, 0x6a,
    0x0, 0x31, 0x58, 0xe, 0x5b, 0x21, 0xac, 0xf2,
    0x3, 0xb0, 0x5, 0xc0, 0x38, 0x60, 0x1e, 0x1b,
    0x30, 0x91, 0x3, 0x30, 0x41, 0x0, 0x7f, 0x68,
    0x2, 0x42, 0xc0, 0x58, 0x3, 0xfc, 0x2a, 0xa,
    0x6, 0xa, 0x1, 0xff, 0xc0, 0xd0, 0x20, 0x70,
    0x10, 0xf, 0xfe, 0x1, 0x0, 0x4e, 0x2, 0x1,
    0xff, 0xc0, 0x20, 0x8, 0xc1, 0x40, 0x3f, 0xf8,
    0x1a, 0x4, 0x18, 0x2, 0xc0, 0x1f, 0xe1, 0x50,
    0x50, 0x43, 0x8, 0x20, 0xf, 0xea, 0x0, 0x50,
    0x3, 0x80, 0x70, 0xc0, 0x3c, 0x36, 0x81, 0x24,
    0x0, 0x2b, 0x1, 0xcb, 0x63, 0x32, 0x4f, 0x20,
    0x33, 0x0, 0x32, 0x69, 0x2, 0x4e, 0x62, 0xd8,
    0x1, 0x52, 0x1, 0xe2, 0xda, 0x52, 0x0, 0xa,
    0x4f, 0x28, 0x6,

    /* U+04E7 "ӧ" */
    0x0, 0x9f, 0xd4, 0x7, 0xb0, 0x3, 0xec, 0xc,
    0x5, 0x13, 0x0, 0xfa, 0x62, 0x0, 0x93, 0x60,
    0x1f, 0x13, 0x88, 0x1, 0x90, 0x3, 0xe3, 0xad,
    0xfe, 0xb6, 0x0, 0xf4, 0xe2, 0x90, 0xa, 0x4e,
    0x10, 0x5, 0x2c, 0xb, 0x9d, 0xb0, 0x7, 0xe0,
    0x3, 0x60, 0x8a, 0x31, 0x27, 0xd0, 0x28, 0x9,
    0x2, 0x70, 0xe, 0x28, 0x6, 0x7, 0x5, 0x0,
    0xf9, 0x40, 0x48, 0xc3, 0x80, 0x3e, 0x30, 0x3,
    0x18, 0x70, 0x7, 0xc6, 0x0, 0x64, 0x5, 0x0,
    0xf9, 0x40, 0x4a, 0x80, 0x9c, 0x3, 0x8a, 0x1,
    0x80, 0xd8, 0x22, 0x8c, 0x49, 0xf4, 0xa, 0x0,
    0x12, 0xc0, 0xb9, 0xdb, 0x0, 0x7e, 0x1, 0xa7,
    0x14, 0x80, 0x4e, 0x70, 0x80, 0x0,

    /* U+04E8 "Ө" */
    0x0, 0xe4, 0xad, 0xff, 0x75, 0xb0, 0x7, 0xf1,
    0x65, 0xa9, 0x0, 0x5, 0x27, 0x94, 0x3, 0xc9,
    0xa6, 0x9, 0x37, 0x94, 0xc0, 0x35, 0x0, 0x18,
    0xac, 0x7, 0x2d, 0x90, 0xd6, 0x79, 0x1, 0xd8,
    0x2, 0xe0, 0x1c, 0x30, 0xf, 0xd, 0x98, 0x48,
    0x81, 0x98, 0x20, 0x80, 0x3f, 0xb4, 0x1, 0x21,
    0x60, 0x2c, 0x1, 0xfe, 0x15, 0x5, 0x3, 0x1,
    0xee, 0xff, 0xe0, 0x28, 0x10, 0x38, 0x0, 0x47,
    0xff, 0x80, 0x1, 0x9c, 0x13, 0xff, 0xff, 0x81,
    0x0, 0x11, 0x82, 0x80, 0x7f, 0xf0, 0x34, 0x8,
    0x30, 0x5, 0x80, 0x3f, 0xc2, 0xa0, 0xa0, 0x86,
    0x10, 0x40, 0x1f, 0xd4, 0x0, 0xa0, 0x7, 0x0,
    0xe1, 0x80, 0x78, 0x6d, 0x2, 0x48, 0x0, 0x56,
    0x3, 0x96, 0xc6, 0x64, 0x9e, 0x40, 0x66, 0x0,
    0x64, 0xd2, 0x4, 0x9c, 0xc5, 0xb0, 0x2, 0xa4,
    0x3, 0xc5, 0xb4, 0xa4, 0x0, 0x14, 0x9e, 0x50,
    0xc,

    /* U+04E9 "ө" */
    0x0, 0x8e, 0x77, 0xfb, 0x1c, 0x40, 0x3a, 0x31,
    0x88, 0x44, 0x71, 0xe8, 0x1, 0x43, 0x8c, 0xff,
    0x7e, 0xa8, 0xd9, 0x81, 0xb8, 0x6b, 0x0, 0x45,
    0x4c, 0x1e, 0x14, 0xc, 0x60, 0x1e, 0x90, 0x33,
    0x20, 0x2d, 0x57, 0xe1, 0x5, 0x30, 0x35, 0x5f,
    0xc2, 0x1c, 0x61, 0x1f, 0xff, 0x88, 0x39, 0x2,
    0xc0, 0x3e, 0x22, 0x2, 0xd0, 0x1b, 0x0, 0x7b,
    0x80, 0xce, 0x70, 0x97, 0x10, 0x1, 0xd9, 0x87,
    0x80, 0x21, 0xc2, 0x3b, 0xac, 0x41, 0xb3, 0x0,
    0xa3, 0x18, 0x84, 0xe, 0x3d, 0x0, 0x0,

    /* U+04EA "Ӫ" */
    0x0, 0xf2, 0xa0, 0x0, 0x9c, 0x40, 0x3f, 0xe3,
    0xab, 0x10, 0x98, 0x90, 0xf, 0xf8, 0x88, 0x62,
    0x18, 0x1a, 0x1, 0xff, 0xe, 0xe0, 0x1, 0xfd,
    0x40, 0x3f, 0xfa, 0x49, 0x5b, 0xfe, 0xeb, 0x60,
    0xf, 0xe2, 0xcb, 0x52, 0x0, 0xa, 0x4f, 0x28,
    0x7, 0x93, 0x4c, 0x12, 0x6f, 0x29, 0x80, 0x6a,
    0x0, 0x31, 0x58, 0xe, 0x5b, 0x21, 0xac, 0xf2,
    0x3, 0xb0, 0x5, 0xc0, 0x38, 0x60, 0x1e, 0x1b,
    0x30, 0x91, 0x3, 0x30, 0x41, 0x0, 0x7f, 0x68,
    0x2, 0x42, 0xc0, 0x58, 0x3, 0xfc, 0x2a, 0xa,
    0x6, 0x3, 0xdd, 0xff, 0xc0, 0x50, 0x20, 0x70,
    0x0, 0x8f, 0xff, 0x0, 0x3, 0x38, 0x27, 0xff,
    0xff, 0x2, 0x0, 0x23, 0x5, 0x0, 0xff, 0xe0,
    0x68, 0x10, 0x60, 0xb, 0x0, 0x7f, 0x85, 0x41,
    0x41, 0xc, 0x20, 0x80, 0x3f, 0xa8, 0x1, 0x40,
    0xe, 0x1, 0xc3, 0x0, 0xf0, 0xda, 0x4, 0x90,
    0x0, 0xac, 0x7, 0x2d, 0x8c, 0xc9, 0x3c, 0x80,
    0xcc, 0x0, 0xc9, 0xa4, 0x9, 0x39, 0x8b, 0x60,
    0x5, 0x48, 0x7, 0x8b, 0x69, 0x48, 0x0, 0x29,
    0x3c, 0xa0, 0x18,

    /* U+04EB "ӫ" */
    0x0, 0x97, 0xdc, 0x1, 0x9a, 0x1, 0xf6, 0x6,
    0x0, 0x99, 0x10, 0x3, 0xd1, 0x9, 0x1, 0xaa,
    0x10, 0x7, 0x85, 0xc8, 0x0, 0xaa, 0x0, 0xf8,
    0xe7, 0x7f, 0xb1, 0xc4, 0x3, 0xa3, 0x18, 0x84,
    0x47, 0x1e, 0x80, 0x14, 0x38, 0xcf, 0xf7, 0xea,
    0x8d, 0x98, 0x1b, 0x86, 0xb0, 0x4, 0x54, 0xc1,
    0xe1, 0x40, 0xc6, 0x1, 0xe9, 0x3, 0x32, 0x2,
    0xd5, 0x7e, 0x10, 0x53, 0x3, 0x55, 0xfc, 0x21,
    0xc6, 0x11, 0xff, 0xf8, 0x83, 0x90, 0x2c, 0x3,
    0xe2, 0x20, 0x2d, 0x1, 0xb0, 0x7, 0xb8, 0xc,
    0xe7, 0x9, 0x71, 0x0, 0x1d, 0x98, 0x78, 0x2,
    0x1c, 0x23, 0xba, 0xc4, 0x1b, 0x30, 0xa, 0x31,
    0x88, 0x40, 0xe3, 0xd0, 0x0,

    /* U+04EC "Ӭ" */
    0x0, 0xc4, 0xe2, 0x0, 0x54, 0x0, 0xfe, 0x98,
    0x80, 0x1d, 0x58, 0x80, 0x7e, 0xc0, 0xc0, 0x21,
    0x31, 0x0, 0xfc, 0xfe, 0xa0, 0x3d, 0x80, 0x1f,
    0xfc, 0xc4, 0x9d, 0xef, 0xeb, 0x60, 0xf, 0x16,
    0x5b, 0x10, 0x80, 0xa4, 0xe9, 0x80, 0x43, 0x86,
    0xb, 0x59, 0x8a, 0x50, 0x2c, 0x50, 0x0, 0xda,
    0x75, 0x29, 0x99, 0x6b, 0x4c, 0x28, 0x80, 0xb,
    0x62, 0x1, 0xe2, 0xd2, 0xe, 0x0, 0xff, 0xe0,
    0xc, 0x1, 0x98, 0x3, 0xff, 0x80, 0xa2, 0x8,
    0x1, 0xdd, 0xff, 0xf0, 0x86, 0x80, 0x7f, 0xf0,
    0xc4, 0x3, 0xbb, 0xff, 0xe1, 0x1, 0x0, 0xff,
    0xe0, 0x8, 0x83, 0x40, 0x3f, 0xf8, 0x12, 0x0,
    0x40, 0x0, 0x80, 0x7e, 0x37, 0x3, 0x30, 0x47,
    0x98, 0x7, 0x93, 0x40, 0x1c, 0x2, 0xc3, 0x94,
    0xa6, 0x65, 0xbb, 0x8, 0x51, 0x0, 0xe1, 0x82,
    0xd6, 0x62, 0x90, 0x7, 0x14, 0x2, 0x2c, 0xb6,
    0x20, 0x0, 0xa4, 0xf1, 0x80, 0x40,

    /* U+04ED "ӭ" */
    0x0, 0xb3, 0x44, 0x17, 0xdc, 0x3, 0x84, 0xc8,
    0x81, 0x81, 0x80, 0x1c, 0x37, 0x46, 0x11, 0x9,
    0x0, 0xf2, 0x28, 0x0, 0x5c, 0x80, 0x39, 0x2b,
    0x7f, 0xb2, 0x4, 0x3, 0x5d, 0x94, 0x84, 0x46,
    0xfc, 0xc0, 0x1, 0x62, 0xaf, 0xef, 0xd6, 0x9,
    0x50, 0x1c, 0xd5, 0x0, 0x8a, 0x64, 0x14, 0x20,
    0x20, 0x1f, 0x31, 0x83, 0x80, 0x69, 0xbb, 0xe1,
    0xc, 0x0, 0xca, 0x89, 0xc4, 0x2, 0x1, 0xb3,
    0xff, 0x9c, 0x4, 0x3, 0xfc, 0xc1, 0x80, 0x42,
    0x1, 0xe9, 0x10, 0x62, 0xcf, 0x61, 0x0, 0x1d,
    0xb0, 0x50, 0x12, 0xc, 0xf7, 0xfb, 0x10, 0x25,
    0x40, 0x15, 0x6a, 0x20, 0x24, 0xfc, 0xc0, 0x0,

    /* U+04EE "Ӯ" */
    0x0, 0xc2, 0x45, 0xf0, 0x7, 0xf6, 0xef, 0xe1,
    0x0, 0xfd, 0xf5, 0x5f, 0x8, 0x7, 0xe3, 0x55,
    0xf8, 0x3, 0xff, 0x94, 0xbf, 0xe3, 0x0, 0xfe,
    0x4f, 0xf1, 0x29, 0x84, 0x0, 0x7f, 0x40, 0x39,
    0x4, 0x2, 0x18, 0x7, 0xca, 0x61, 0x20, 0x4,
    0x40, 0x78, 0x7, 0xd0, 0x10, 0x20, 0x14, 0x1,
    0xa0, 0x7, 0x31, 0xb, 0x80, 0x63, 0x50, 0x80,
    0xe, 0x80, 0x80, 0xf, 0x40, 0x1a, 0x80, 0x4e,
    0x24, 0xc0, 0x1e, 0x26, 0x8, 0x0, 0xa4, 0x24,
    0x3, 0xf4, 0x1, 0x28, 0x40, 0x9a, 0x0, 0x7e,
    0x17, 0x8, 0x17, 0xf, 0x0, 0xff, 0x40, 0x96,
    0x2, 0x98, 0x7, 0xfd, 0x20, 0x41, 0x0, 0x1f,
    0xfc, 0x7, 0x0, 0x31, 0x0, 0x7f, 0xf0, 0x1c,
    0x1, 0x0, 0x1f, 0xc6, 0x74, 0x40, 0x24, 0x40,
    0x3f, 0xa3, 0x30, 0xe0, 0xec, 0x1, 0xfe, 0x11,
    0x1, 0xd4, 0x0, 0x7f, 0x0,

    /* U+04EF "ӯ" */
    0x0, 0x9b, 0xff, 0xe7, 0x0, 0xf2, 0x44, 0x7c,
    0x80, 0x1e, 0x27, 0x7f, 0x8c, 0x3, 0xff, 0x8f,
    0x7f, 0x60, 0x1f, 0xb7, 0xd4, 0x3c, 0x10, 0x80,
    0x3c, 0x84, 0x2a, 0x8, 0x41, 0x40, 0x1e, 0xf0,
    0x60, 0xa, 0xc1, 0xc0, 0x38, 0x90, 0x24, 0x2,
    0x61, 0x6, 0x0, 0xd4, 0xa, 0x20, 0x19, 0x82,
    0xc0, 0x33, 0x4, 0x80, 0x74, 0x81, 0x20, 0x1,
    0x84, 0xcc, 0x1, 0xc2, 0xa1, 0xc0, 0xb, 0x9,
    0x0, 0xfa, 0x41, 0x44, 0xc8, 0x54, 0x3, 0xe3,
    0x20, 0x99, 0x3, 0x0, 0x7f, 0x58, 0x32, 0x84,
    0x80, 0x7f, 0x30, 0x88, 0x14, 0x40, 0x3f, 0xcc,
    0x0, 0x90, 0xf, 0xfb, 0xc0, 0xcc, 0x1, 0xff,
    0x48, 0x48, 0x7, 0xd2, 0xc2, 0x2b, 0x12, 0x50,
    0xf, 0x1b, 0x4f, 0x71, 0x3, 0x80, 0x3e, 0x39,
    0x30, 0x15, 0xd3, 0x0, 0xf8,

    /* U+04F0 "Ӱ" */
    0x0, 0xe5, 0x40, 0x1, 0x38, 0x80, 0x7f, 0x1d,
    0x58, 0x87, 0x44, 0x80, 0x7f, 0x11, 0xc, 0x41,
    0x3, 0x0, 0x3f, 0x87, 0x70, 0x1, 0x1e, 0x80,
    0x1f, 0xfc, 0xa5, 0xff, 0x18, 0x7, 0xf2, 0x7f,
    0x89, 0x4c, 0x20, 0x3, 0xfa, 0x1, 0xc8, 0x20,
    0x10, 0xc0, 0x3e, 0x53, 0x9, 0x0, 0x22, 0x3,
    0xc0, 0x3e, 0x80, 0x81, 0x0, 0xa0, 0xd, 0x0,
    0x39, 0x88, 0x5c, 0x3, 0x1a, 0x84, 0x0, 0x74,
    0x4, 0x0, 0x7a, 0x0, 0xd4, 0x2, 0x71, 0x26,
    0x0, 0xf1, 0x30, 0x40, 0x5, 0x21, 0x20, 0x1f,
    0xa0, 0x9, 0x42, 0x4, 0xd0, 0x3, 0xf0, 0xb8,
    0x40, 0xb8, 0x78, 0x7, 0xfa, 0x4, 0xb0, 0x14,
    0xc0, 0x3f, 0xe9, 0x2, 0x8, 0x0, 0xff, 0xe0,
    0x38, 0x1, 0x88, 0x3, 0xff, 0x80, 0xe0, 0x8,
    0x0, 0xfe, 0x33, 0xa2, 0x1, 0x22, 0x1, 0xfd,
    0x19, 0x87, 0x7, 0x60, 0xf, 0xf0, 0x88, 0xe,
    0xa0, 0x3, 0xf8,

    /* U+04F1 "ӱ" */
    0x0, 0xd3, 0xc6, 0x7, 0xd4, 0x1, 0xf9, 0x5,
    0x1, 0x45, 0x0, 0x3f, 0x74, 0xb8, 0x34, 0xe8,
    0x7, 0xe3, 0x60, 0x9, 0x8c, 0x3, 0xaf, 0xec,
    0x3, 0xf6, 0xfa, 0x87, 0x82, 0x10, 0x7, 0x90,
    0x85, 0x41, 0x8, 0x28, 0x3, 0xde, 0xc, 0x1,
    0x58, 0x38, 0x7, 0x12, 0x4, 0x80, 0x4c, 0x20,
    0xc0, 0x1a, 0x81, 0x44, 0x3, 0x30, 0x58, 0x6,
    0x60, 0x90, 0xe, 0x90, 0x24, 0x0, 0x30, 0x99,
    0x80, 0x38, 0x54, 0x38, 0x1, 0x61, 0x20, 0x1f,
    0x48, 0x28, 0x99, 0xa, 0x80, 0x7c, 0x64, 0x13,
    0x20, 0x60, 0xf, 0xeb, 0x6, 0x50, 0x90, 0xf,
    0xe6, 0x11, 0x2, 0x88, 0x7, 0xf9, 0x80, 0x12,
    0x1, 0xff, 0x78, 0x19, 0x80, 0x3f, 0xe9, 0x9,
    0x0, 0xfa, 0x58, 0x45, 0x62, 0x4a, 0x1, 0xe3,
    0x69, 0xee, 0x20, 0x70, 0x7, 0xc7, 0x26, 0x2,
    0xba, 0x60, 0x1f, 0x0,

    /* U+04F2 "Ӳ" */
    0x0, 0xf1, 0x7f, 0x90, 0x37, 0xd8, 0x3, 0xfb,
    0x82, 0x52, 0x49, 0x98, 0x1, 0xf9, 0xcd, 0x98,
    0x8c, 0x72, 0x1, 0xfc, 0xbb, 0x20, 0xbb, 0x80,
    0x1f, 0xe2, 0x20, 0x0, 0x48, 0x3, 0xcb, 0xfe,
    0x30, 0xf, 0xe4, 0xff, 0x12, 0x98, 0x40, 0x7,
    0xf4, 0x3, 0x90, 0x40, 0x21, 0x80, 0x7c, 0xa6,
    0x12, 0x0, 0x44, 0x7, 0x80, 0x7d, 0x1, 0x2,
    0x1, 0x40, 0x1a, 0x0, 0x73, 0x10, 0xb8, 0x6,
    0x35, 0x8, 0x0, 0xe8, 0x8, 0x0, 0xf4, 0x1,
    0xa8, 0x4, 0xe2, 0x4c, 0x1, 0xe2, 0x60, 0x80,
    0xa, 0x42, 0x40, 0x3f, 0x40, 0x12, 0x84, 0x9,
    0xa0, 0x7, 0xe1, 0x70, 0x81, 0x70, 0xf0, 0xf,
    0xf4, 0x9, 0x60, 0x29, 0x80, 0x7f, 0xd2, 0x4,
    0x10, 0x1, 0xff, 0xc0, 0x70, 0x3, 0x10, 0x7,
    0xff, 0x1, 0xc0, 0x10, 0x1, 0xfc, 0x67, 0x44,
    0x2, 0x44, 0x3, 0xfa, 0x33, 0xe, 0xe, 0xc0,
    0x1f, 0xe1, 0x10, 0x1d, 0x40, 0x7, 0xf0,

    /* U+04F3 "ӳ" */
    0x0, 0xf5, 0xfd, 0x4, 0x7e, 0x0, 0x7c, 0xc8,
    0x74, 0x6e, 0x3a, 0x1, 0xe2, 0x92, 0xd0, 0xe0,
    0xc1, 0x0, 0xf1, 0xee, 0x8, 0x7f, 0x10, 0x7,
    0xc2, 0x42, 0x0, 0x21, 0x0, 0xeb, 0xfb, 0x0,
    0xfd, 0xbe, 0xa1, 0xe0, 0x84, 0x1, 0xe4, 0x21,
    0x50, 0x42, 0xa, 0x0, 0xf7, 0x83, 0x0, 0x56,
    0xe, 0x1, 0xc4, 0x81, 0x20, 0x13, 0x8, 0x30,
    0x6, 0xa0, 0x51, 0x0, 0xcc, 0x16, 0x1, 0x98,
    0x24, 0x3, 0xa4, 0x9, 0x0, 0xc, 0x26, 0x60,
    0xe, 0x15, 0xe, 0x0, 0x58, 0x48, 0x7, 0xd2,
    0xa, 0x26, 0x42, 0xa0, 0x1f, 0x19, 0x4, 0xc8,
    0x18, 0x3, 0xfa, 0xc1, 0x94, 0x24, 0x3, 0xf9,
    0x84, 0x40, 0xa2, 0x1, 0xfe, 0x60, 0x4, 0x80,
    0x7f, 0xde, 0x6, 0x60, 0xf, 0xfa, 0x42, 0x40,
    0x3e, 0x96, 0x11, 0x58, 0x92, 0x80, 0x78, 0xda,
    0x7b, 0x88, 0x1c, 0x1, 0xf1, 0xc9, 0x80, 0xae,
    0x98, 0x7, 0xc0,

    /* U+04F4 "Ӵ" */
    0x0, 0xca, 0x80, 0x2, 0x71, 0x0, 0xf8, 0xea,
    0xc4, 0x26, 0x20, 0x1, 0xf1, 0x10, 0xc4, 0x30,
    0x30, 0x3, 0xe1, 0xdc, 0x0, 0x3f, 0xa8, 0x7,
    0xff, 0x1e, 0xfe, 0x80, 0x3f, 0x2f, 0xf8, 0x3,
    0xff, 0xfe, 0x4, 0xe, 0x1, 0xff, 0xc0, 0xf0,
    0x25, 0x0, 0xff, 0x98, 0x42, 0xa4, 0xc4, 0x5,
    0x26, 0x80, 0x36, 0x88, 0x36, 0x77, 0xf5, 0xb0,
    0x7, 0x1f, 0xb9, 0x0, 0x63, 0x78, 0x0, 0xe1,
    0x8d, 0xfe, 0xe7, 0xe4, 0x10, 0x7, 0xf0, 0x88,
    0x3, 0xff, 0xee,

    /* U+04F5 "ӵ" */
    0x0, 0x3f, 0xa0, 0x17, 0x58, 0x7, 0x58, 0x60,
    0x30, 0xa0, 0x7, 0x74, 0x48, 0x24, 0xd8, 0x7,
    0x13, 0x88, 0x1, 0x90, 0x2, 0xff, 0x28, 0x7,
    0xbb, 0xd8, 0x3, 0xff, 0xc8, 0x41, 0x80, 0x1f,
    0xc8, 0xd, 0x4, 0x4, 0xb4, 0x20, 0x8, 0x20,
    0x7d, 0xfd, 0xa5, 0x0, 0x87, 0x60, 0xc4, 0x92,
    0x34, 0x40, 0x33, 0xe7, 0x6d, 0xb9, 0x0, 0x7f,
    0xf6, 0xc0,

    /* U+04F6 "Ӷ" */
    0x6f, 0xff, 0xf4, 0x80, 0x7f, 0xf0, 0xfb, 0xbf,
    0x40, 0x4, 0x23, 0xfc, 0x1, 0xff, 0xff, 0x0,
    0xff, 0xf2, 0x8, 0x80, 0x3e, 0xa0, 0x7, 0x72,
    0x0, 0x3f, 0xf8, 0xd9, 0xfe, 0x50, 0xf, 0xfe,
    0xbf, 0xbe, 0x0, 0x78,

    /* U+04F7 "ӷ" */
    0xcf, 0xff, 0xd2, 0x1, 0xff, 0xc0, 0x7f, 0xff,
    0x48, 0x7, 0xff, 0xf0, 0x40, 0x3e, 0x30, 0x6f,
    0x80, 0xf, 0xfe, 0x1f, 0xf9, 0x40, 0x3f, 0xf8,
    0xfe, 0xf8, 0x1, 0xc0,

    /* U+04F8 "Ӹ" */
    0x0, 0xf9, 0x8c, 0x0, 0x6c, 0x1, 0xff, 0xc1,
    0x69, 0xe0, 0x6, 0x4a, 0x80, 0x7f, 0xf0, 0x14,
    0x50, 0x0, 0x82, 0xe0, 0x1f, 0xfc, 0x3, 0xe9,
    0x0, 0x5f, 0x10, 0x7, 0xff, 0x39, 0xbf, 0xc0,
    0x1f, 0xfc, 0x12, 0xff, 0x18, 0x7, 0xff, 0xfc,
    0x3, 0xff, 0xa1, 0xff, 0xee, 0xa4, 0x0, 0xff,
    0x84, 0x78, 0x5, 0x6e, 0x80, 0x3f, 0xdd, 0xdd,
    0xf8, 0xa0, 0xae, 0x1, 0xff, 0xc3, 0x3a, 0x40,
    0x90, 0xf, 0xfe, 0x2f, 0x0, 0x88, 0x3, 0xff,
    0x88, 0xc0, 0x3, 0x0, 0xff, 0xe2, 0x30, 0x0,
    0xc0, 0x3f, 0xf8, 0x92, 0x6, 0x20, 0x1f, 0xfc,
    0x24, 0xc3, 0x9, 0x0, 0xfe, 0xee, 0xdf, 0xeb,
    0x30, 0x85, 0x0, 0xfe, 0x11, 0xc0, 0x2, 0x6d,
    0x70, 0xf, 0x80,

    /* U+04F9 "ӹ" */
    0x0, 0xc7, 0xd4, 0x0, 0xae, 0x20, 0xf, 0xca,
    0x28, 0x0, 0x51, 0x70, 0xf, 0xcd, 0x3a, 0x0,
    0xc9, 0x50, 0xf, 0xe6, 0x30, 0x1, 0xb0, 0x7,
    0x67, 0xc0, 0x7, 0xf1, 0xff, 0x84, 0x3, 0xff,
    0xcc, 0xb7, 0x75, 0x42, 0x0, 0x7f, 0x12, 0x24,
    0xaf, 0x74, 0x1, 0xf9, 0xff, 0xed, 0x80, 0x57,
    0x0, 0xff, 0x89, 0xd4, 0x2c, 0x3, 0xff, 0x83,
    0xa0, 0x40, 0x1f, 0xfc, 0x1e, 0x2, 0x0, 0xff,
    0xe0, 0x2b, 0x2, 0x0, 0x7c, 0xd9, 0x97, 0x50,
    0x1c, 0x0, 0x7c, 0x26, 0x70, 0x9c, 0x60, 0x7,
    0x80,

    /* U+04FA "Ӻ" */
    0x0, 0xaf, 0xff, 0xfc, 0x80, 0x1f, 0xfc, 0x85,
    0xee, 0xfc, 0x80, 0x1c, 0x62, 0x3f, 0x80, 0x3f,
    0xfe, 0x27, 0x98, 0x40, 0x7c, 0xcf, 0x40, 0x1,
    0xcc, 0xc0, 0x1, 0x33, 0xf1, 0x0, 0x13, 0xfc,
    0x80, 0xdf, 0xfe, 0xa0, 0xf, 0xff, 0x41, 0x88,
    0x80, 0x3f, 0xf8, 0xb, 0xdc, 0x0, 0xff, 0xe6,
    0xdf, 0xd0, 0x7, 0xff, 0x8, 0x80, 0x3f, 0xc4,
    0x80, 0x52, 0x6, 0x1, 0xfa, 0xaf, 0xf4, 0x42,
    0x0, 0x3f, 0x62, 0x8, 0x1d, 0xa0, 0x7, 0xc0,

    /* U+04FB "ӻ" */
    0x0, 0x1f, 0xff, 0xe3, 0x0, 0xff, 0xe2, 0xef,
    0xff, 0x18, 0x7, 0x18, 0x7, 0xff, 0x48, 0xaa,
    0x0, 0x15, 0x5c, 0x20, 0x2a, 0x80, 0x4, 0x55,
    0xc6, 0x7, 0xf8, 0x0, 0xef, 0xfc, 0x40, 0x1f,
    0xfd, 0x2e, 0xf1, 0x0, 0xff, 0xe3, 0x1f, 0xe0,
    0x7, 0xfc, 0xc0, 0x1, 0x0, 0xc2, 0x80, 0x32,
    0x4, 0x1, 0xcf, 0x7f, 0xc6, 0x10, 0x1, 0xca,
    0x82, 0x7, 0x4a, 0x1, 0xc0,

    /* U+04FC "Ӽ" */
    0x1e, 0xfc, 0x0, 0xfd, 0x5f, 0xc2, 0x2d, 0x3,
    0x80, 0xf, 0x2a, 0x82, 0x84, 0xd, 0xc1, 0xcc,
    0x3, 0xd, 0x83, 0x20, 0x5, 0x6, 0x1a, 0x20,
    0x15, 0x9, 0x48, 0x7, 0x70, 0xd, 0x80, 0x1d,
    0x3, 0xc0, 0x3c, 0x54, 0xa, 0xc7, 0x1, 0x24,
    0x1, 0xf2, 0xa8, 0x27, 0x81, 0x18, 0x3, 0xfa,
    0x84, 0x8, 0x68, 0x3, 0xfe, 0x70, 0x1, 0x8,
    0x7, 0xf9, 0x18, 0x0, 0x70, 0x1, 0xfc, 0x34,
    0xa, 0xe0, 0xe8, 0x1, 0xfa, 0x84, 0x57, 0x6,
    0x16, 0x40, 0x1e, 0x64, 0xa, 0x10, 0xd1, 0xe,
    0x0, 0xe2, 0x90, 0x64, 0x0, 0xd, 0x1, 0xc0,
    0x6, 0xf0, 0x29, 0x0, 0xc8, 0xc0, 0xe6, 0x0,
    0x92, 0xf, 0x0, 0xf4, 0x88, 0x40, 0x23, 0x4,
    0x10, 0x7, 0xd2, 0x8, 0x49, 0xfe, 0x70, 0xf,
    0xc8, 0x0, 0x70, 0xf, 0xfe, 0x19, 0x80, 0x7f,
    0x18, 0xc, 0x0, 0x14, 0x3, 0xf0, 0xe7, 0xf2,
    0x2, 0x98, 0x7, 0xf3, 0x8, 0x14, 0x50, 0x0,

    /* U+04FD "ӽ" */
    0x2f, 0xf3, 0x80, 0x72, 0xff, 0x8c, 0xa4, 0x20,
    0xc0, 0x22, 0xa0, 0x93, 0x6, 0x50, 0xd1, 0x0,
    0x78, 0x2b, 0x0, 0x54, 0x43, 0x41, 0x24, 0x4a,
    0x0, 0xef, 0x4, 0xb6, 0xe, 0x0, 0xf1, 0x48,
    0x20, 0x41, 0x80, 0x7c, 0xc2, 0x0, 0x50, 0xf,
    0xd2, 0x20, 0xf, 0x0, 0xf9, 0x58, 0x28, 0x4a,
    0xc0, 0x38, 0xa8, 0x21, 0x74, 0x11, 0xc0, 0x37,
    0x82, 0x38, 0x1c, 0x84, 0x18, 0x2, 0x48, 0x68,
    0x2, 0x64, 0xe, 0x5, 0x60, 0xa1, 0x0, 0xd2,
    0x4, 0xaa, 0xff, 0x20, 0x7, 0x12, 0x7, 0x80,
    0x7f, 0x84, 0x4, 0x3, 0xc4, 0x40, 0x35, 0x2,
    0x0, 0xf4, 0x6f, 0xe0, 0xd, 0x80, 0x7b, 0xc,
    0x5, 0x70, 0x80,

    /* U+04FE "Ӿ" */
    0x9, 0xff, 0x18, 0x7, 0xd9, 0xfc, 0x21, 0x24,
    0x1c, 0x1, 0xe8, 0x30, 0xa1, 0x0, 0x70, 0x14,
    0x80, 0x64, 0x70, 0x64, 0x0, 0x8e, 0x1, 0x94,
    0x0, 0x34, 0x5, 0x20, 0x1c, 0xe8, 0x14, 0x41,
    0x42, 0x1e, 0x1, 0xf5, 0x8, 0x73, 0xa0, 0x49,
    0x0, 0x7c, 0x34, 0x7, 0x0, 0xac, 0x1, 0xe9,
    0xdd, 0x48, 0x6, 0x7d, 0xd8, 0x3, 0x29, 0x14,
    0x1, 0x88, 0xb0, 0x6, 0xcf, 0xf5, 0x80, 0x63,
    0xff, 0x80, 0x3e, 0xa0, 0x28, 0x3, 0x70, 0xf,
    0xd4, 0x21, 0xee, 0x61, 0x4, 0x1, 0xe4, 0x50,
    0x82, 0xe, 0x0, 0x70, 0x7, 0xd, 0x1, 0xb8,
    0x0, 0xa4, 0xd, 0xc0, 0x35, 0x88, 0x70, 0x6,
    0x64, 0x8, 0x30, 0x2, 0xa8, 0x24, 0x80, 0x3a,
    0x84, 0x38, 0x6, 0xc1, 0x18, 0x3, 0xc3, 0x60,
    0x50,

    /* U+04FF "ӿ" */
    0xd, 0xfc, 0x0, 0xe1, 0xef, 0x70, 0x7, 0x1,
    0xb8, 0x6, 0xb1, 0x37, 0x0, 0x1b, 0x84, 0x10,
    0x1, 0x94, 0x38, 0x3, 0x41, 0x87, 0x1, 0x48,
    0x49, 0x0, 0x77, 0x1, 0xc7, 0x2, 0x30, 0x7,
    0x8a, 0x1, 0xcc, 0x68, 0x3, 0xdd, 0xf0, 0x1,
    0xf, 0x7c, 0x80, 0x67, 0x53, 0x0, 0xca, 0xaf,
    0x0, 0xd3, 0x42, 0x8, 0x20, 0x74, 0xc0, 0x1d,
    0x44, 0x4b, 0xa0, 0x65, 0x0, 0xe7, 0x50, 0xf0,
    0x47, 0xa, 0x20, 0x9, 0x20, 0x2c, 0x80, 0x10,
    0x81, 0xe2, 0x5, 0x41, 0x8, 0x1, 0xa8, 0x4a,
    0x80,

    /* U+0600 "؀" */
    0x0, 0xff, 0xf3, 0xb6, 0xc8, 0x7, 0xff, 0x32,
    0x24, 0xf8, 0x3, 0xff, 0x96, 0x4e, 0x9c, 0xe0,
    0x1f, 0xfc, 0xb4, 0x3, 0x0, 0xec, 0xdd, 0xff,
    0xe3, 0xc0, 0x3f, 0x6f, 0xa0, 0x0, 0x8b, 0xff,
    0x8e, 0x20, 0x1, 0x23, 0x50,

    /* U+0601 "؁" */
    0x0, 0xff, 0xec, 0x3f, 0xd0, 0x7, 0xff, 0x28,
    0x44, 0xb, 0xe0, 0x50, 0xa, 0xcc, 0xff, 0xff,
    0xe4, 0x77, 0x1f, 0x40, 0x1c, 0x18, 0x33, 0x20,
    0xf, 0xfe, 0x55, 0x70, 0x71, 0xc1, 0xd0, 0x9f,
    0x7f, 0xff, 0xf2, 0x15, 0x98, 0x82, 0xce, 0x9,
    0xd8, 0x20, 0x1f, 0xfc, 0x73, 0x58, 0xb, 0xf9,
    0x0, 0xff, 0xe6, 0x8d, 0x18,

    /* U+0602 "؂" */
    0x0, 0x3d, 0x40, 0x80, 0x7f, 0xf2, 0x76, 0x15,
    0xf4, 0x3, 0xff, 0x90, 0xc5, 0x3c, 0x86, 0x20,
    0x1f, 0xfc, 0x71, 0x1, 0x18, 0x4, 0x3, 0xff,
    0x8e, 0xa1, 0x1e, 0xa1, 0xbb, 0xff, 0xc7, 0xb2,
    0xd6, 0x20, 0x1, 0x17, 0xff, 0x1c, 0x0,

    /* U+0603 "؃" */
    0x0, 0xff, 0xe7, 0x1d, 0xfe, 0x90, 0x7, 0xff,
    0x29, 0x54, 0xb, 0x88, 0x25, 0x20, 0x1f, 0xfc,
    0x92, 0xbb, 0x1d, 0x16, 0xf8, 0x33, 0x3f, 0xff,
    0xf9, 0x1a, 0x22, 0xc0, 0x7, 0xf0, 0x51, 0x0,
    0x7f, 0xf2, 0x6, 0x14, 0x80, 0x8c, 0xd2, 0xe0,

    /* U+0604 "؄" */
    0x0, 0xff, 0xff, 0x80, 0x7f, 0xf2, 0x5f, 0x94,
    0x3, 0xff, 0xc7, 0xe3, 0xe0, 0x1f, 0xfd, 0xe1,
    0x10, 0x5, 0x40, 0x80, 0x1f, 0xfd, 0xe7, 0xe6,
    0x0, 0x11, 0x4, 0x80, 0x3f, 0xfa, 0x53, 0xb6,
    0x80, 0x1f, 0x78, 0x10, 0x4, 0xe0, 0xc0, 0x1f,
    0xfd, 0x1c, 0x62, 0x4b, 0x80, 0xf, 0x20, 0x30,
    0x5, 0xa0, 0x20, 0x1f, 0xfd, 0x7, 0x36, 0xfa,
    0x17, 0xc1, 0x0, 0x8c, 0x80, 0xc0, 0x2f, 0x1,
    0x0, 0xff, 0xe8, 0x58, 0xc8, 0x2f, 0x99, 0xbd,
    0x80, 0xb8, 0x0, 0xc0, 0x3, 0x60, 0x50, 0xf,
    0xfe, 0x81, 0x18, 0x4, 0x38, 0xe3, 0x3f, 0xa4,
    0x81, 0x1f, 0xec, 0x17, 0x10, 0xf, 0xfe, 0x81,
    0x10, 0x3, 0xa3, 0x10, 0x44, 0xf7, 0x88, 0x20,
    0x73, 0x0, 0x1e, 0x25, 0x79, 0xab, 0xcd, 0xdf,
    0xfe, 0xe, 0x5d, 0x0, 0x1c, 0x3, 0x8e, 0xfb,
    0x90, 0x7, 0x7d, 0xf8, 0xc0, 0x12, 0x4e, 0xfe,
    0xd4, 0x32, 0xa1, 0x91, 0x7f, 0xf0, 0x4d, 0x14,
    0xc2, 0x1c, 0x3, 0xff, 0x8f, 0xc, 0x68, 0xd1,
    0x59, 0xbd, 0xcf, 0xff, 0xfe, 0x1f, 0x65, 0x15,
    0x80, 0x7f, 0xf1, 0xfb, 0x7a, 0xe5, 0xd4, 0xc8,
    0x44, 0x1, 0xff, 0xc3, 0x13, 0x5d, 0xe0, 0xf,
    0xfe, 0x30,

    /* U+0605 "؅" */
    0x0, 0x26, 0xfe, 0x42, 0x0, 0x7f, 0xf1, 0xd4,
    0x40, 0x6c, 0x80, 0xde, 0xff, 0x21, 0x90, 0x84,
    0x3, 0x84, 0x91, 0xa7, 0x3e, 0x9c, 0x20, 0x27,
    0xf1, 0xc8, 0xd, 0xe6, 0xf7, 0xbf, 0xfb, 0xb6,
    0xe5, 0x8c, 0xd2, 0xe2, 0xc8, 0xc0, 0x71, 0xbd,
    0x70, 0xa6, 0x42, 0x1, 0x8, 0x89, 0x1a, 0x73,
    0xf1, 0x84, 0x53, 0x20, 0xe, 0x14, 0x7a, 0xcd,
    0xef, 0xfb, 0xb9, 0xb7, 0x2c, 0x60, 0x18,

    /* U+0606 "؆" */
    0x58, 0x10, 0x0, 0xa0, 0x29, 0xb8, 0x6, 0x37,
    0x60, 0x1, 0x50, 0xd0, 0x50, 0x6, 0x60, 0x90,
    0x1, 0x8f, 0xe, 0x38, 0x7, 0x30, 0xa0, 0x5,
    0x7d, 0xca, 0x0, 0xea, 0xe, 0x0, 0x8, 0x0,
    0x40, 0x3c, 0x64, 0xa2, 0x6, 0x1, 0xfe, 0xb0,
    0x60, 0xc4, 0x0, 0x5e, 0x64, 0xa0, 0x7, 0xa,
    0x1, 0x0, 0x32, 0x19, 0xc4, 0x0, 0x15, 0x23,
    0x0, 0xa0, 0x3b, 0xfc, 0xe0, 0x17, 0x5, 0x0,
    0x18, 0x5c, 0x40, 0x3c, 0x84, 0xc0, 0x8, 0x9,
    0x0, 0xfd, 0x40, 0xcc, 0x17, 0x10, 0xf, 0xcc,
    0x15, 0x1, 0x20, 0x1f, 0xc2, 0x86, 0x2c, 0x20,
    0x1f, 0xee, 0x0, 0x40, 0x7, 0xfc, 0xa2, 0xc2,
    0x1, 0xff, 0xc0, 0x68, 0x0, 0xff, 0xe0, 0xc0,
    0x80, 0x7c,

    /* U+0607 "؇" */
    0x58, 0x10, 0x9, 0x1c, 0x3, 0xe3, 0x76, 0x0,
    0x35, 0x10, 0x7, 0xcc, 0x12, 0x0, 0xf4, 0x70,
    0xf, 0xcc, 0x28, 0x1a, 0xac, 0x1, 0xfa, 0x83,
    0x82, 0x1d, 0x4, 0x3, 0xe3, 0x25, 0x1b, 0x7f,
    0x60, 0xf, 0xd6, 0xc, 0xff, 0xe7, 0xb, 0xcc,
    0x94, 0x0, 0xe1, 0x40, 0x19, 0x90, 0xce, 0x20,
    0x0, 0xa9, 0x18, 0x5, 0x1, 0xdf, 0xe7, 0x0,
    0xb8, 0x28, 0x0, 0xc2, 0xe2, 0x1, 0xe4, 0x26,
    0x0, 0x40, 0x48, 0x7, 0xea, 0x6, 0x60, 0xb8,
    0x80, 0x7e, 0x60, 0xa8, 0x9, 0x0, 0xfe, 0x14,
    0x31, 0x61, 0x0, 0xff, 0x70, 0x2, 0x0, 0x3f,
    0xe5, 0x16, 0x10, 0xf, 0xfe, 0x3, 0x40, 0x7,
    0xff, 0x6, 0x4, 0x3, 0xe0,

    /* U+0608 "؈" */
    0x0, 0xff, 0xe5, 0x9c, 0x80, 0x7f, 0xf3, 0x75,
    0x90, 0x3, 0xff, 0x86, 0x99, 0xf8, 0x80, 0x19,
    0x83, 0x40, 0x3f, 0xf8, 0x49, 0x66, 0x7, 0x66,
    0x1, 0x58, 0x20, 0x7, 0xff, 0xa, 0x42, 0xfd,
    0x83, 0xc0, 0x23, 0x12, 0x0, 0xff, 0xe0, 0xa9,
    0x32, 0x4, 0x81, 0x88, 0x4, 0xa0, 0x20, 0x13,
    0x65, 0x18, 0x7, 0x68, 0x78, 0x4, 0x80, 0xa0,
    0x1e, 0x2a, 0xf9, 0x35, 0x50, 0x7, 0x78, 0x51,
    0x0, 0x8, 0x8, 0x0, 0x88, 0x11, 0x22, 0x93,
    0x0, 0x18, 0x3, 0x98, 0xf, 0x7f, 0xcc, 0x13,
    0xfe, 0xb0, 0x90, 0x5c, 0xdd, 0x1, 0x80, 0x78,
    0x75, 0x44, 0x3, 0xc2, 0x94, 0xe0, 0x66, 0x2,
    0x7, 0x0, 0xf8, 0xab, 0xbf, 0xc2, 0x1d, 0xfd,
    0x6a, 0x1, 0xc4, 0xa, 0x1, 0xff, 0x28, 0xa0,
    0x80, 0x7f, 0x28, 0xc, 0x0, 0x7f, 0x35, 0x4,
    0x0, 0x7f, 0x85, 0xc1, 0xf1, 0x48, 0x0, 0x26,
    0xd9, 0x21, 0x26, 0x1, 0xff, 0x43, 0x81, 0xd6,
    0xff, 0xbb, 0x24, 0xca, 0xd8, 0x3, 0xff, 0x83,
    0x1a, 0xe6, 0x20, 0x1, 0x36, 0xbd, 0x40, 0xf,
    0xfe, 0x19, 0x46, 0x77, 0xfb, 0xb2, 0x50, 0x3,
    0xfe,

    /* U+0609 "؉" */
    0x0, 0x10, 0x6, 0x22, 0x0, 0x79, 0xb5, 0xc0,
    0x28, 0xd3, 0x0, 0xe8, 0x8, 0x30, 0x15, 0x33,
    0x0, 0x76, 0xb, 0x98, 0x40, 0x48, 0x7, 0x8b,
    0xe0, 0x5, 0x89, 0x40, 0x3e, 0x10, 0x3, 0x5,
    0x80, 0x7f, 0xd2, 0x2c, 0x1, 0xfe, 0x61, 0x90,
    0xf, 0xfa, 0xc5, 0xc0, 0x3f, 0xca, 0x4c, 0x1,
    0xff, 0x48, 0x48, 0x7, 0xf9, 0xd, 0x84, 0x3,
    0xfd, 0xe1, 0x60, 0x1f, 0xe2, 0x45, 0x20, 0x1,
    0x0, 0x46, 0x1, 0x40, 0x48, 0x2, 0xb5, 0x1,
    0x32, 0x80, 0x55, 0xc, 0xd, 0x42, 0x82, 0x1,
    0x55, 0x1, 0xe0, 0x3, 0xb0, 0xa0, 0xd3, 0x55,
    0x5c, 0x20, 0x4, 0x9c, 0x80, 0x39, 0x40,

    /* U+060A "؊" */
    0x0, 0x10, 0x6, 0x22, 0x0, 0x7f, 0xcd, 0xae,
    0x1, 0x46, 0x98, 0x7, 0xfa, 0x2, 0xc, 0x5,
    0x4c, 0xc0, 0x1f, 0xec, 0x17, 0x30, 0x80, 0x90,
    0xf, 0xf8, 0xbe, 0x0, 0x58, 0x94, 0x3, 0xff,
    0x80, 0x20, 0x6, 0xb, 0x0, 0xff, 0xe2, 0x48,
    0xb0, 0x7, 0xff, 0xd, 0x86, 0x40, 0x3f, 0xf8,
    0x96, 0x2e, 0x1, 0xff, 0xc3, 0x52, 0x60, 0xf,
    0xfe, 0x24, 0x84, 0x80, 0x7f, 0xf0, 0xd0, 0xd8,
    0x40, 0x3f, 0xf8, 0x7e, 0x16, 0x1, 0xff, 0xc3,
    0x24, 0x52, 0x0, 0x10, 0x4, 0x60, 0x10, 0x88,
    0x2, 0x80, 0x90, 0x5, 0x6a, 0x2, 0x65, 0x0,
    0x37, 0xc8, 0x5, 0x50, 0xc0, 0xd4, 0x28, 0x20,
    0x15, 0x4c, 0x63, 0xc1, 0x1, 0xe0, 0x3, 0xb0,
    0xa0, 0xd3, 0x55, 0x34, 0xf, 0x5, 0xc2, 0x0,
    0x49, 0xc8, 0x3, 0x94, 0x0, 0x7f, 0x20,

    /* U+060B "؋" */
    0x0, 0xd1, 0xc6, 0x1, 0xf2, 0xa, 0x80, 0x7d,
    0xb4, 0xc0, 0x1f, 0xa, 0x80, 0x7f, 0xf1, 0x46,
    0xff, 0x9c, 0x3, 0xf, 0xa0, 0xc, 0x38, 0x5,
    0x22, 0xdf, 0x41, 0x0, 0x13, 0x8c, 0x82, 0xb0,
    0x28, 0x10, 0x28, 0x5, 0x81, 0xa0, 0x12, 0x90,
    0x0, 0x40, 0x40, 0x90, 0x77, 0xbe, 0xc0, 0x35,
    0x39, 0x8, 0x8, 0x70, 0x0, 0x63, 0x7f, 0xc6,
    0x8, 0x1, 0xc9, 0x84, 0xa7, 0x7d, 0xcf, 0xf5,
    0x9a, 0x58, 0x20, 0x8c, 0x4b, 0x56, 0x21, 0xff,
    0x76, 0xd2, 0x80, 0x7d, 0x72, 0x1, 0xf8, 0x4c,
    0x3, 0xff, 0x8c, 0x62, 0x1, 0xfa, 0x28, 0x3,
    0x0,

    /* U+060C "،" */
    0x2, 0x10, 0x7, 0x78, 0x21, 0xb8, 0x70, 0x78,
    0x30, 0x49, 0x48, 0x91, 0x0,

    /* U+060D "؍" */
    0x0, 0xe8, 0x10, 0xc, 0xee, 0xb0, 0x8, 0xe0,
    0xac, 0x2, 0xf0, 0xe1, 0x0, 0x39, 0xc1, 0x80,
    0x6, 0xd, 0xc0, 0x29, 0xf, 0x0, 0x85, 0xd4,
    0xc0, 0x21, 0x9b, 0x0, 0xc0,

    /* U+060E "؎" */
    0x0, 0x25, 0xff, 0xac, 0xc0, 0x3f, 0xf8, 0x6f,
    0x68, 0x0, 0x4c, 0x30, 0xf, 0xfe, 0x9, 0x40,
    0xdf, 0xf2, 0x84, 0x0, 0x7f, 0xf0, 0x54, 0x21,
    0x0, 0x6c, 0x14, 0x3, 0xff, 0x87, 0xc0, 0x10,
    0x81, 0x80, 0x7f, 0x85, 0x81, 0x41, 0xf1, 0xd1,
    0xc1, 0x0, 0x30, 0x91, 0xac, 0x5f, 0x49, 0x95,
    0x89, 0xc5, 0xc0, 0x37, 0xfe, 0xed, 0xca, 0x74,
    0x17, 0x20, 0x4e, 0xb7, 0x43, 0x10, 0xf, 0x9,
    0xac, 0x67, 0x40, 0x80,

    /* U+060F "؏" */
    0x0, 0xd1, 0xbf, 0xec, 0x0, 0xfe, 0x1d, 0x72,
    0x0, 0x10, 0x7, 0xf5, 0x91, 0xe7, 0xfb, 0x0,
    0x3f, 0x94, 0x34, 0xc0, 0x4, 0x1, 0xf8, 0x40,
    0x84, 0x3, 0xff, 0x80, 0x22, 0x23, 0x0, 0xe2,
    0x0, 0xf9, 0x83, 0x1c, 0x52, 0xbf, 0x40, 0x3e,
    0x85, 0x8, 0xeb, 0x50, 0x32, 0x0, 0xfa, 0x90,
    0x0, 0x73, 0xf8, 0x40, 0x1f, 0x4a, 0xd, 0x63,
    0x0, 0x7f, 0x2b, 0xe, 0x28, 0x7, 0xfd, 0x61,
    0x84, 0x1, 0xff, 0x30, 0xb1, 0x0, 0x16, 0xf7,
    0xfa, 0xd4, 0x2, 0xf0, 0xc0, 0x4d, 0xa4, 0x20,
    0x14, 0xa9, 0x0, 0x10, 0x34, 0x59, 0x2d, 0xff,
    0xd4, 0xc, 0x60, 0x17, 0xb9, 0x65, 0x20, 0x4,
    0xae, 0x8, 0x6, 0x6, 0x6c, 0x30, 0xf, 0x70,
    0x5, 0xa0, 0xa, 0x10, 0xf, 0xac, 0xc, 0x20,
    0x1, 0x34, 0xa2, 0x0, 0x26, 0xd2, 0x44, 0x31,
    0x3c, 0x82, 0xd7, 0x7f, 0xb6, 0x49, 0x6c, 0x0,
    0x32, 0xdd, 0x8, 0x20, 0x2, 0x6c, 0xa0, 0x3,
    0x70, 0x80, 0xbd, 0xf7, 0xfb, 0x64, 0xc0, 0x20,

    /* U+0610 "ؐ" */
    0x0, 0xff, 0xe0, 0x57, 0xe9, 0x1e, 0x85, 0xb5,
    0x5, 0x11, 0x2d, 0x79, 0x8f, 0xc4, 0x10, 0x77,
    0x15, 0xc0, 0x19, 0xb9, 0xd6, 0x4, 0x43, 0x23,
    0x10, 0x1, 0x68, 0x7, 0x80,

    /* U+0611 "ؑ" */
    0x0, 0x86, 0xf9, 0x80, 0xf0, 0x1d, 0x75, 0xc0,
    0x8e, 0x84, 0x49, 0x60, 0x20, 0xb0, 0x10, 0x1,
    0xb3, 0xb9, 0xf4, 0x4, 0x43, 0x11, 0x0, 0x40,

    /* U+0612 "ؒ" */
    0x0, 0xf1, 0x2, 0xff, 0x49, 0xc7, 0x2, 0x59,
    0x35, 0xe1, 0x80, 0xc0, 0x6c, 0x38, 0x1, 0xcb,
    0x48, 0x90, 0x81, 0x8c, 0x33, 0xa1, 0x41, 0x32,
    0x8, 0xfb, 0x10,

    /* U+0613 "ؓ" */
    0x1, 0xe3, 0x0, 0xe1, 0x1, 0x92, 0x9f, 0xe3,
    0xb9, 0x1d, 0x68, 0x7a, 0x28, 0x24, 0x13, 0xa6,
    0xd7, 0x12, 0x10, 0x1, 0xb0, 0xe6, 0x1f, 0x59,
    0x0, 0xe3, 0xbf, 0x9e, 0xd2, 0x1, 0x50, 0x2,
    0xff, 0x50, 0x0,

    /* U+0614 "ؔ" */
    0x0, 0xf0, 0x90, 0x10, 0x80, 0x8e, 0x2a, 0xf3,
    0xc7, 0x6e, 0xed, 0xac, 0x78, 0x6c, 0x97, 0x7b,
    0x37, 0xf3, 0x40,

    /* U+0615 "ؕ" */
    0x7, 0x80, 0xf, 0x10, 0x7, 0x9f, 0x7e, 0x0,
    0x22, 0xa8, 0x71, 0x15, 0x43, 0xf8, 0xc, 0x14,
    0x7a, 0xd8, 0x4e, 0xeb, 0xb5, 0x0,

    /* U+0616 "ؖ" */
    0x0, 0xaa, 0x21, 0x40, 0x1e, 0x31, 0xf1, 0x0,
    0xf8, 0xc4, 0x3, 0xe1, 0x0, 0x38, 0x6, 0x47,
    0x53, 0x30, 0x80, 0x59, 0x21, 0x32, 0x67, 0x0,
    0x89, 0x91, 0x40, 0xec, 0xd4, 0x69, 0xf3, 0xbf,
    0xdd, 0x90, 0x9, 0x9f, 0xb9, 0xbd, 0xfa, 0x20,

    /* U+0617 "ؗ" */
    0x1, 0xe2, 0x0, 0xc, 0x80, 0x6e, 0x90, 0xb,
    0xd0, 0x2, 0x30, 0x8, 0xa5, 0x2, 0xb4, 0x28,
    0x2f, 0xb0, 0x40,

    /* U+0618 "ؘ" */
    0x0, 0xc6, 0xd, 0x7f, 0x1, 0x5, 0x56, 0x1d,
    0x2a, 0x0,

    /* U+0619 "ؙ" */
    0x0, 0xf3, 0x7e, 0x90, 0x4c, 0x86, 0xc0, 0x6,
    0xe0, 0x8, 0xa5, 0xb2, 0x96, 0xf2, 0x27, 0x48,
    0x80,

    /* U+061A "ؚ" */
    0x0, 0x13, 0xc0, 0x76, 0xd7, 0x84, 0xee, 0x9c,

    /* U+061B "؛" */
    0x0, 0x17, 0xb8, 0x2, 0x80, 0xc0, 0xc, 0x8,
    0xa, 0x24, 0x0, 0xf0, 0x70, 0x3, 0xe, 0x0,
    0x33, 0x98, 0x3, 0xe1, 0x20, 0x0, 0xf6, 0xb8,
    0x10, 0x3, 0x40, 0xcc, 0x3c, 0x0,

    /* U+061C "؜" */

    /* U+061E "؞" */
    0x0, 0x37, 0xa8, 0x6, 0xc0, 0xd0, 0x9, 0x26,
    0xac, 0xc1, 0x2f, 0x57, 0x30, 0x4c, 0x2a, 0x6,
    0x46,

    /* U+061F "؟" */
    0x0, 0x3e, 0xff, 0xba, 0x94, 0x1, 0x90, 0x42,
    0x42, 0xb5, 0x2e, 0x63, 0x9d, 0xbf, 0x8d, 0x7a,
    0x10, 0x60, 0x11, 0xc9, 0x0, 0xc, 0x3, 0xed,
    0xf, 0x0, 0xf9, 0xc9, 0x60, 0x3, 0xec, 0x37,
    0xa0, 0xf, 0xe, 0x2a, 0xac, 0x3, 0xea, 0x54,
    0x60, 0xf, 0xa0, 0x3c, 0x3, 0xe2, 0x13, 0x0,
    0xfd, 0xd4, 0x1, 0xf8, 0x84, 0x3, 0xe7, 0xde,
    0x10, 0xf, 0x68, 0x0, 0x80, 0x3d, 0xc2, 0x66,
    0x0, 0x0,

    /* U+0620 "ؠ" */
    0x0, 0xff, 0xe0, 0x25, 0xf7, 0xe2, 0x80, 0x7f,
    0xd5, 0x68, 0x20, 0x7a, 0x1, 0xfe, 0xb5, 0x1a,
    0xff, 0x5c, 0x80, 0x7f, 0x2a, 0x17, 0xa8, 0x1,
    0x4, 0x3, 0xfb, 0x83, 0x84, 0x3, 0xc2, 0x20,
    0xf, 0x38, 0x30, 0x7, 0xd1, 0xc8, 0x1, 0xd4,
    0x15, 0x43, 0x0, 0xe7, 0x5, 0x0, 0xe6, 0xb3,
    0x5c, 0xd5, 0x0, 0x10, 0x90, 0x80, 0x79, 0x33,
    0xc, 0x55, 0x20, 0x20, 0xc0, 0x1f, 0xc7, 0x36,
    0xe, 0x2, 0xa, 0x1, 0xff, 0x60, 0x28, 0x10,
    0x89, 0xc0, 0x3f, 0xa1, 0xc2, 0x40, 0x10, 0x11,
    0x68, 0x20, 0x1, 0x37, 0xe7, 0xb, 0x20, 0x3,
    0x40, 0x25, 0xf7, 0xfb, 0xb2, 0x5, 0x35, 0x0,
    0x33, 0xf3, 0x98, 0x80, 0x5, 0x23, 0x6c, 0x80,
    0x3c, 0x31, 0x9d, 0xfe, 0xeb, 0x72, 0x0, 0xff,
    0x97, 0xb8, 0xa0, 0x1f, 0xfc, 0x2a, 0x88, 0x50,
    0x7, 0xff, 0xc, 0x88, 0x2, 0x1, 0xff, 0xc1,
    0x7b, 0xb3, 0x88, 0x7, 0xff, 0x6, 0x3b, 0x90,
    0x1, 0xf8,

    /* U+0621 "ء" */
    0x0, 0x9b, 0x37, 0x4, 0x3, 0x5c, 0x99, 0x18,
    0x80, 0x4a, 0x85, 0x9f, 0xc0, 0x1b, 0x2, 0xc,
    0x4, 0x3, 0x8, 0x7, 0xf6, 0x4, 0x0, 0x61,
    0x0, 0x23, 0x16, 0xb4, 0xfd, 0x80, 0x7, 0x8,
    0x92, 0xc0, 0x60, 0xdd, 0x44, 0x9, 0x5f, 0x20,
    0xa2, 0xb5, 0xf6, 0xa0, 0x11, 0xf5, 0x28, 0x7,
    0x80,

    /* U+0622 "آ" */
    0x0, 0xff, 0x3f, 0xfa, 0xd4, 0xdc, 0x4a, 0x62,
    0xd, 0x59, 0x24, 0x4e, 0x77, 0x6e, 0xaf, 0x8c,
    0x3, 0x89, 0x0, 0x38, 0x5d, 0x0, 0x3c, 0x51,
    0xe0, 0x1f, 0xfc, 0xc1, 0x7, 0x0, 0xff, 0xe1,
    0x98, 0x8, 0x7, 0xff, 0xc, 0x40, 0xc0, 0x3f,
    0xf9, 0xc2, 0x1, 0xff, 0xc4, 0x10, 0xf, 0xfe,
    0x29, 0x80, 0x80, 0x0,

    /* U+0623 "أ" */
    0x0, 0xe1, 0xbf, 0xb0, 0x86, 0xb8, 0x2, 0x74,
    0x30, 0xe5, 0x65, 0x60, 0x19, 0xac, 0x24, 0xae,
    0xa7, 0xa5, 0x10, 0x0, 0xba, 0x0, 0xa, 0x3c,
    0x3, 0xff, 0x80, 0x20, 0xe0, 0x1f, 0x18, 0x8,
    0x7, 0xc2, 0x6, 0x1, 0xff, 0xc2, 0x10, 0xf,
    0xc2, 0x1, 0xfc, 0x60, 0x20,

    /* U+0624 "ؤ" */
    0x0, 0xff, 0xe0, 0x96, 0x7c, 0x80, 0x7a, 0x5e,
    0xec, 0x1, 0xe6, 0xc4, 0x20, 0xf, 0x54, 0xa2,
    0xa8, 0x3, 0x84, 0x57, 0x58, 0x1, 0xde, 0xb3,
    0xd2, 0x1, 0xd3, 0x4c, 0x20, 0x1f, 0xfc, 0xe3,
    0xcf, 0xd4, 0x0, 0xc7, 0x86, 0x5, 0x66, 0x1,
    0x78, 0x57, 0xb8, 0x78, 0x0, 0xcc, 0x8a, 0x10,
    0x46, 0x20, 0xa1, 0x80, 0x12, 0x2, 0x80, 0x56,
    0x20, 0x1, 0x2, 0x7, 0x3, 0xee, 0x7b, 0x81,
    0x80, 0xe2, 0x8, 0xc0, 0x6, 0x0, 0x1d, 0xf7,
    0xe0, 0x9, 0x80, 0x70, 0xf8, 0x48, 0x6, 0x28,
    0xe2, 0x37, 0x0, 0x5f, 0x6b, 0x82, 0xe0, 0x4,
    0xe2, 0x25, 0xca, 0x0, 0xdd, 0xbd, 0x46, 0x1,
    0x80,

    /* U+0625 "إ" */
    0x4f, 0xa0, 0x3, 0x80, 0x80, 0x7c, 0x20, 0xe0,
    0x1f, 0x18, 0x8, 0x7, 0xc2, 0x6, 0x1, 0xfc,
    0x20, 0x1f, 0xfc, 0x11, 0x0, 0xfe, 0x30, 0x10,
    0xf, 0xe3, 0x0, 0x66, 0x90, 0x16, 0xe2, 0x4,
    0xae, 0x28, 0x4, 0x42, 0x10, 0xd9, 0xc9, 0x24,
    0xb4, 0x95, 0xb2, 0x80,

    /* U+0626 "ئ" */
    0x0, 0xff, 0xe4, 0xc7, 0x79, 0x80, 0x7f, 0xf0,
    0x4d, 0xf7, 0xcc, 0x3, 0x8e, 0xbb, 0x98, 0xa0,
    0x2, 0x1a, 0x37, 0x10, 0xa, 0x31, 0x44, 0x47,
    0xa0, 0x12, 0xb6, 0x51, 0x0, 0x21, 0xc6, 0x7b,
    0x95, 0x20, 0x1, 0x8, 0xdd, 0x18, 0x1b, 0x8e,
    0x30, 0x89, 0x44, 0x2, 0xb7, 0x20, 0xa, 0x82,
    0xc8, 0x3, 0xff, 0x84, 0xa0, 0xe0, 0x1f, 0x3d,
    0x90, 0x7, 0x30, 0x7a, 0x80, 0x7a, 0xd0, 0x40,
    0x3a, 0xc8, 0x95, 0xac, 0x1, 0x8c, 0x4c, 0x3,
    0x87, 0x64, 0x89, 0x3a, 0x60, 0x40, 0x40, 0x1f,
    0x9b, 0x6c, 0xcb, 0x80, 0x41, 0xc0, 0x3f, 0xc9,
    0xe0, 0x60, 0x20, 0xa0, 0x1f, 0xf4, 0x83, 0x1,
    0x10, 0x64, 0x3, 0xfa, 0x54, 0x64, 0x1, 0x20,
    0xd8, 0xa2, 0x0, 0x13, 0x8e, 0x61, 0xc1, 0x0,
    0x25, 0x1, 0xd7, 0x7f, 0xbb, 0x1c, 0x5b, 0xc8,
    0x3, 0x2f, 0x42, 0x8, 0x0, 0x52, 0x3a, 0x44,
    0x2,

    /* U+0627 "ا" */
    0x4f, 0xa0, 0x70, 0x10, 0xe, 0x10, 0x70, 0xe,
    0x30, 0x10, 0xe, 0x10, 0x30, 0xf, 0x84, 0x3,
    0xfc, 0x20, 0x1f, 0x18, 0x8, 0x7, 0xc6, 0x19,
    0xa4,

    /* U+0628 "ب" */
    0x0, 0xff, 0xef, 0x1e, 0xc8, 0x1, 0x94, 0x3,
    0xff, 0x88, 0x24, 0xe0, 0x8, 0xa0, 0xf, 0xfe,
    0x21, 0x18, 0xa0, 0x88, 0x80, 0x3f, 0xf8, 0xa8,
    0x6, 0x40, 0xc0, 0x1f, 0xfc, 0x5d, 0xe, 0x0,
    0x30, 0x7, 0xff, 0x1c, 0x48, 0x9, 0x40, 0x3f,
    0xf8, 0x63, 0x1, 0x82, 0xc1, 0x54, 0x52, 0x0,
    0xf8, 0x4d, 0x1e, 0xf8, 0x95, 0x2, 0x58, 0x16,
    0xb7, 0xff, 0xee, 0xcb, 0x84, 0x19, 0xa0, 0xa,
    0x7a, 0x14, 0x84, 0x3, 0x84, 0x91, 0xa3, 0x39,
    0x80, 0x38, 0x5e, 0xb7, 0xbf, 0xfb, 0xb6, 0xe5,
    0xcc, 0x3, 0xff, 0xb2, 0x9d, 0x0, 0x1f, 0xfc,
    0x83, 0x13, 0x0, 0xff, 0xe4, 0x3d, 0x50, 0x3,
    0xfc,

    /* U+0629 "ة" */
    0x0, 0x3f, 0xa2, 0x3a, 0x0, 0x2c, 0x3, 0x21,
    0x30, 0xa, 0xa8, 0xed, 0x54, 0x0, 0x85, 0x40,
    0xa, 0x20, 0x1c, 0x60, 0x1f, 0x3e, 0x28, 0x7,
    0xbc, 0x29, 0x80, 0x30, 0xb0, 0x84, 0xa0, 0x5,
    0xa3, 0xb8, 0x14, 0x0, 0x73, 0x83, 0x34, 0x8b,
    0x84, 0x83, 0x80, 0x18, 0x68, 0x85, 0x40, 0x31,
    0x11, 0x80, 0x40, 0x30, 0x89, 0x41, 0x14, 0x6,
    0x9, 0x5, 0x82, 0xbf, 0x9c, 0x20, 0x26, 0x46,
    0x0, 0x4d, 0x20,

    /* U+062A "ت" */
    0x0, 0xfe, 0x23, 0x1, 0x40, 0xf, 0xfe, 0x36,
    0xe1, 0x55, 0xb8, 0x7, 0xff, 0x14, 0xc8, 0xcc,
    0x6, 0x1, 0xff, 0xc5, 0xcd, 0x18, 0xf4, 0x0,
    0xc7, 0x72, 0x0, 0x54, 0x0, 0xff, 0xe2, 0xa,
    0x38, 0x2, 0x2c, 0x3, 0xff, 0x88, 0x44, 0x13,
    0x12, 0x20, 0x7, 0xff, 0x15, 0x41, 0x8, 0x18,
    0x3, 0xff, 0x8b, 0xa1, 0xc0, 0x6, 0x0, 0xff,
    0xe3, 0x89, 0x1, 0x28, 0x7, 0xff, 0xc, 0x60,
    0x30, 0x54, 0x2a, 0x8a, 0x40, 0x1f, 0x9, 0x23,
    0xd7, 0x12, 0xa0, 0x53, 0x2, 0xd6, 0xff, 0xfd,
    0xdb, 0x70, 0xa3, 0x14, 0x1, 0x4e, 0xc2, 0x10,
    0x80, 0x70, 0x92, 0x34, 0x67, 0x38, 0x0,

    /* U+062B "ث" */
    0x0, 0xff, 0x1f, 0x48, 0x7, 0xff, 0x21, 0x45,
    0x40, 0x3f, 0xf8, 0xe4, 0x4b, 0xf4, 0x0, 0xff,
    0xe3, 0x6d, 0xb4, 0x5b, 0x80, 0x7f, 0xf1, 0x4c,
    0x8c, 0xc0, 0x60, 0x1f, 0xfc, 0x5c, 0xd1, 0x8f,
    0x40, 0xc, 0x77, 0x20, 0x5, 0x40, 0xf, 0xfe,
    0x20, 0xa3, 0x80, 0x22, 0xc0, 0x3f, 0xf8, 0x84,
    0x41, 0x31, 0x22, 0x0, 0x7f, 0xf1, 0x54, 0x10,
    0x81, 0x80, 0x3f, 0xf8, 0xba, 0x1c, 0x0, 0x60,
    0xf, 0xfe, 0x38, 0x90, 0x12, 0x80, 0x7f, 0xf0,
    0xc6, 0x3, 0x5, 0x42, 0xa8, 0xa4, 0x1, 0xf0,
    0x92, 0x3d, 0x71, 0x2a, 0x5, 0x30, 0x2d, 0x6f,
    0xff, 0xdd, 0xb7, 0xa, 0x31, 0x40, 0x14, 0xec,
    0x21, 0x8, 0x7, 0x9, 0x23, 0x46, 0x73, 0x80,
    0x0,

    /* U+062C "ج" */
    0x1a, 0xdf, 0xec, 0x83, 0x0, 0xf8, 0x54, 0x80,
    0x4d, 0xf3, 0xa5, 0x48, 0x3, 0x67, 0x7f, 0x64,
    0x20, 0xb5, 0x6f, 0xd8, 0x0, 0xc4, 0x4, 0xdb,
    0x8, 0x3, 0xfc, 0x33, 0xd0, 0x49, 0x19, 0xd6,
    0x1, 0x93, 0xd8, 0x1f, 0xad, 0xcc, 0x40, 0x32,
    0xd8, 0xaf, 0x40, 0x80, 0x7c, 0x54, 0x13, 0x42,
    0x1, 0xfd, 0xc1, 0xc, 0x1, 0xfe, 0x33, 0x13,
    0x80, 0x42, 0xa0, 0x1e, 0xb0, 0xb0, 0xd, 0x54,
    0x70, 0xe, 0x20, 0x20, 0xd, 0x80, 0x60, 0x1c,
    0x20, 0x20, 0x19, 0xfd, 0x0, 0x38, 0x83, 0xc0,
    0x3f, 0xf8, 0x14, 0xb, 0x0, 0x1f, 0xf1, 0xc0,
    0x3f, 0x39, 0x88, 0x0, 0x92, 0x2c, 0x0, 0xf4,
    0x22, 0x8c, 0xef, 0xf6, 0xdb, 0xa1, 0x0, 0x17,
    0xa9, 0x88, 0x40, 0x4, 0xb3, 0xc4,

    /* U+062D "ح" */
    0x1a, 0xdf, 0xec, 0x83, 0x0, 0xf8, 0x54, 0x80,
    0x4d, 0xf3, 0xa5, 0x48, 0x3, 0x67, 0x7f, 0x64,
    0x20, 0xb5, 0x6f, 0xd8, 0x0, 0xc4, 0x4, 0xdb,
    0x8, 0x3, 0xfc, 0x33, 0xd0, 0x49, 0x19, 0xd6,
    0x1, 0x93, 0xd8, 0x1f, 0xad, 0xcc, 0x40, 0x32,
    0xd8, 0xaf, 0x40, 0x80, 0x7c, 0x54, 0x13, 0x42,
    0x1, 0xfd, 0xc1, 0xc, 0x1, 0xfe, 0x33, 0x13,
    0x80, 0x7f, 0xd6, 0x16, 0x1, 0xff, 0xc0, 0x20,
    0x20, 0xf, 0xfe, 0x0, 0x80, 0x80, 0x7f, 0xf0,
    0x8, 0x3c, 0x3, 0xff, 0x81, 0x40, 0xb0, 0x1,
    0xff, 0x1c, 0x3, 0xf3, 0x98, 0x80, 0x9, 0x26,
    0xc0, 0xf, 0x42, 0x28, 0xce, 0xff, 0x6d, 0xb2,
    0x10, 0x1, 0x7a, 0x98, 0x84, 0x0, 0x4b, 0x3c,
    0x40,

    /* U+062E "خ" */
    0x0, 0xf3, 0x7a, 0x80, 0x7f, 0xf0, 0x3c, 0x34,
    0x3, 0xff, 0x81, 0x35, 0x0, 0x1f, 0xfc, 0x15,
    0x0, 0xff, 0xe5, 0xd, 0x6f, 0xf6, 0x41, 0x80,
    0x7c, 0x2a, 0x40, 0x26, 0xf9, 0xd2, 0xa4, 0x1,
    0xb3, 0xbf, 0xb2, 0x10, 0x5a, 0xb7, 0xec, 0x0,
    0x62, 0x2, 0x6d, 0x84, 0x1, 0xfe, 0x19, 0xe8,
    0x24, 0x8c, 0xeb, 0x0, 0xc9, 0xec, 0xf, 0xd6,
    0xe6, 0x20, 0x19, 0x6c, 0x57, 0xa0, 0x40, 0x3e,
    0x2a, 0x9, 0xa1, 0x0, 0xfe, 0xe0, 0x86, 0x0,
    0xff, 0x19, 0x89, 0xc0, 0x3f, 0xeb, 0xb, 0x0,
    0xff, 0xe0, 0x10, 0x10, 0x7, 0xff, 0x0, 0x40,
    0x40, 0x3f, 0xf8, 0x4, 0x1e, 0x1, 0xff, 0xc0,
    0xa0, 0x58, 0x0, 0xff, 0x8e, 0x1, 0xf9, 0xcc,
    0x40, 0x4, 0x93, 0x60, 0x7, 0xa1, 0x14, 0x67,
    0x7f, 0xb6, 0xd9, 0x8, 0x0, 0xbd, 0x4c, 0x42,
    0x0, 0x25, 0x9e, 0x20,

    /* U+062F "د" */
    0x0, 0xf1, 0x0, 0x7f, 0x2e, 0xc0, 0x7, 0xe6,
    0x7, 0x30, 0xf, 0x8e, 0x3, 0xc0, 0x3f, 0x39,
    0x1a, 0x80, 0x7e, 0x80, 0xe0, 0xf, 0xca, 0x28,
    0x20, 0x1f, 0x90, 0x14, 0x3, 0xf0, 0x80, 0x83,
    0x41, 0x0, 0x5, 0xd0, 0x10, 0x21, 0xf7, 0xfd,
    0xd0, 0x10, 0x21, 0xac, 0x40, 0x1, 0x5b, 0x70,

    /* U+0630 "ذ" */
    0x0, 0xd5, 0xc4, 0x1, 0xf9, 0x5, 0x80, 0x3f,
    0x65, 0xa0, 0x7, 0xe2, 0x40, 0xf, 0xf8, 0x80,
    0x3f, 0x9b, 0x64, 0x3, 0xf2, 0x3, 0x18, 0x7,
    0xc5, 0x1, 0xc0, 0x1f, 0x9c, 0x88, 0xa0, 0x1f,
    0xa0, 0x24, 0x3, 0xf2, 0x89, 0x88, 0x7, 0xe4,
    0x5, 0x0, 0xfc, 0x20, 0x20, 0xd0, 0x40, 0x1,
    0x74, 0x4, 0x8, 0x7d, 0xff, 0x74, 0x4, 0x88,
    0x6b, 0x10, 0x0, 0x56, 0xd8, 0x0,

    /* U+0631 "ر" */
    0x0, 0xff, 0xe1, 0x4e, 0x80, 0x7c, 0x84, 0xa0,
    0x1e, 0x80, 0xe0, 0xf, 0x28, 0xa0, 0x7, 0xc8,
    0x4, 0x1, 0xe3, 0x1, 0x0, 0xf1, 0x1, 0x0,
    0x70, 0xa1, 0x8, 0x7, 0x40, 0x50, 0x7, 0x43,
    0x13, 0x80, 0x45, 0x6e, 0x3e, 0x0, 0x3b, 0xd4,
    0x2c, 0x20, 0x3, 0xa0, 0x46, 0x90, 0x4, 0x95,
    0xee, 0x1, 0xc0,

    /* U+0632 "ز" */
    0x0, 0xc2, 0x80, 0x1f, 0x65, 0xa8, 0x7, 0x9c,
    0x5c, 0x3, 0xd5, 0xc4, 0x1, 0xff, 0xc5, 0x10,
    0xf, 0xd, 0xf8, 0x7, 0x85, 0xc5, 0x80, 0x3d,
    0x1, 0xa0, 0x1e, 0x41, 0x40, 0xf, 0x90, 0x8,
    0x3, 0xc6, 0x1, 0xf9, 0x40, 0xc0, 0x38, 0x4c,
    0x84, 0x3, 0xac, 0x2c, 0x3, 0xa5, 0x4d, 0x80,
    0x23, 0xc6, 0x1d, 0x0, 0x26, 0x60, 0xcd, 0xe2,
    0x1, 0x18, 0xce, 0x8, 0x4, 0x99, 0xcc, 0x1,
    0xc0,

    /* U+0633 "س" */
    0x0, 0xff, 0xe6, 0xb3, 0x80, 0x7f, 0xf3, 0x4a,
    0x60, 0x3, 0xff, 0x9a, 0x44, 0x4, 0x0, 0xff,
    0xe0, 0x36, 0x18, 0x6, 0x1c, 0x70, 0x9, 0x43,
    0x0, 0x3f, 0xf8, 0x1e, 0x76, 0x1, 0x88, 0xf4,
    0x2, 0xb0, 0x30, 0x11, 0x0, 0x7f, 0x68, 0x20,
    0x6, 0x50, 0x20, 0x8, 0x81, 0xc2, 0x39, 0x0,
    0x3f, 0x20, 0x18, 0x80, 0x58, 0x1c, 0x1, 0xce,
    0xe, 0xa, 0x1, 0xfc, 0x41, 0x42, 0x8, 0xa1,
    0xa2, 0x0, 0x90, 0x32, 0x12, 0x10, 0xf, 0xe1,
    0x4, 0xef, 0xb0, 0x24, 0xef, 0xf3, 0x8c, 0x88,
    0x30, 0x7, 0xff, 0x1, 0x44, 0xa, 0x71, 0x84,
    0x5, 0x70, 0x44, 0xc, 0x1, 0xfc, 0x26, 0x35,
    0xdf, 0xac, 0x33, 0xdf, 0xd4, 0x40, 0x42, 0x4e,
    0x1, 0xfa, 0x81, 0x80, 0x3f, 0xf8, 0x56, 0x11,
    0x48, 0x1, 0x13, 0x6a, 0x14, 0x80, 0x7f, 0xf0,
    0x96, 0x81, 0x6f, 0xfe, 0xd9, 0x23, 0xf1, 0x0,
    0xff, 0xe1, 0xaf, 0x41, 0x88, 0x0, 0x96, 0xb0,
    0x80, 0x3f, 0xf8, 0x40,

    /* U+0634 "ش" */
    0x0, 0xff, 0xe3, 0xa0, 0x80, 0x7f, 0xf3, 0x56,
    0xf0, 0x3, 0xff, 0x9a, 0xe2, 0xe0, 0x1f, 0xfc,
    0xcb, 0xcf, 0xdf, 0x40, 0xf, 0xfe, 0x52, 0x9,
    0x60, 0x18, 0x7, 0xff, 0x2b, 0x6c, 0xea, 0x8e,
    0x1, 0xff, 0xca, 0x24, 0x1, 0x50, 0x0, 0xbc,
    0x0, 0x7f, 0xf3, 0x4e, 0x1c, 0x3, 0xff, 0x9a,
    0x44, 0x4, 0x0, 0xff, 0xe0, 0x36, 0x18, 0x6,
    0x1d, 0x80, 0xa, 0x83, 0x0, 0x3f, 0xf8, 0x1e,
    0x76, 0x1, 0x88, 0xa0, 0x9, 0x0, 0xc0, 0x44,
    0x1, 0xfd, 0xa0, 0x80, 0x19, 0x40, 0x80, 0x23,
    0x7, 0x8, 0xe4, 0x0, 0xfc, 0x80, 0x62, 0x1,
    0x68, 0x70, 0x4, 0x20, 0xe0, 0xe0, 0xa0, 0x1f,
    0xc4, 0x14, 0x20, 0x88, 0xd, 0x10, 0x4, 0x81,
    0x90, 0x90, 0x80, 0x7f, 0x8, 0x27, 0x7d, 0x81,
    0x27, 0x7f, 0x9c, 0x64, 0x41, 0x80, 0x3f, 0xf8,
    0xa, 0x20, 0x53, 0x8c, 0x20, 0x2b, 0x82, 0x20,
    0x60, 0xf, 0xe1, 0x31, 0xae, 0xfd, 0x61, 0x9e,
    0xfe, 0xa2, 0x2, 0x12, 0x70, 0xf, 0xd4, 0xc,
    0x1, 0xff, 0xc2, 0xb0, 0x8a, 0x40, 0x8, 0x9b,
    0x50, 0xa4, 0x3, 0xff, 0x84, 0xb4, 0xb, 0x7f,
    0xf6, 0xc9, 0x1f, 0x88, 0x7, 0xff, 0xd, 0x7a,
    0xc, 0x40, 0x4, 0xb5, 0x84, 0x1, 0xff, 0xc2,

    /* U+0635 "ص" */
    0x0, 0xff, 0xe5, 0xbe, 0x7f, 0xb1, 0x0, 0x3f,
    0xf9, 0x6d, 0xd0, 0x60, 0x3, 0xb6, 0x0, 0xff,
    0xe0, 0xad, 0x98, 0x7, 0x4c, 0x85, 0xb7, 0xfd,
    0x1, 0x20, 0x1f, 0xfc, 0x1c, 0x44, 0x0, 0x6a,
    0x62, 0xc9, 0x20, 0x3, 0xa0, 0x18, 0x11, 0x0,
    0x3f, 0xb4, 0x2c, 0x2, 0xb5, 0x3c, 0x30, 0xe,
    0x10, 0x10, 0xbd, 0x40, 0xf, 0xc8, 0x6, 0x81,
    0x8, 0x78, 0x20, 0x1c, 0x8a, 0x24, 0xe, 0x8,
    0x1, 0xfc, 0x41, 0x76, 0x71, 0xd0, 0x8, 0x4d,
    0xae, 0xc1, 0x60, 0x42, 0x60, 0x1f, 0xe1, 0x1,
    0x40, 0x1e, 0xff, 0xbb, 0x25, 0x6, 0x94, 0x4,
    0x1c, 0x3, 0xfc, 0x21, 0x94, 0xc6, 0x20, 0x10,
    0x9b, 0x57, 0x28, 0x0, 0x41, 0x80, 0x3f, 0x8c,
    0x84, 0x96, 0x73, 0xbf, 0xee, 0xc9, 0x50, 0xc,
    0x42, 0x4e, 0x1, 0xf0, 0xf0, 0x30, 0x7, 0xff,
    0x16, 0xc2, 0x29, 0x0, 0x22, 0x7f, 0x22, 0x40,
    0x7, 0xff, 0x15, 0x68, 0x56, 0xff, 0xed, 0x81,
    0x3c, 0x0, 0xff, 0xe3, 0xaf, 0xc1, 0x88, 0x9,
    0x2d, 0xe0, 0x80, 0x7f, 0xf1, 0x40,

    /* U+0636 "ض" */
    0x0, 0xff, 0xe6, 0x47, 0x18, 0x7, 0xff, 0x41,
    0x5, 0x40, 0x3f, 0xfa, 0x1b, 0x6c, 0x1, 0xff,
    0xd0, 0x14, 0x0, 0xff, 0xf7, 0xbe, 0x7f, 0xb1,
    0x0, 0x3f, 0xf9, 0x6d, 0xd0, 0x60, 0x3, 0xb6,
    0x0, 0xff, 0xe0, 0xad, 0x98, 0x7, 0x4c, 0x85,
    0xb7, 0xfd, 0x1, 0x20, 0x1f, 0xfc, 0x1c, 0x44,
    0x0, 0x6a, 0x62, 0xc9, 0x20, 0x3, 0xa0, 0x18,
    0x11, 0x0, 0x3f, 0xb4, 0x2c, 0x2, 0xb5, 0x3c,
    0x30, 0xe, 0x10, 0x10, 0xbd, 0x40, 0xf, 0xc8,
    0x6, 0x81, 0x8, 0x78, 0x20, 0x1c, 0x8a, 0x24,
    0xe, 0x8, 0x1, 0xfc, 0x41, 0x76, 0x71, 0xd0,
    0x8, 0x4d, 0xae, 0xc1, 0x60, 0x42, 0x60, 0x1f,
    0xe1, 0x1, 0x40, 0x1e, 0xff, 0xbb, 0x25, 0x6,
    0x94, 0x4, 0x1c, 0x3, 0xfc, 0x21, 0x94, 0xc6,
    0x20, 0x10, 0x9b, 0x57, 0x28, 0x0, 0x41, 0x80,
    0x3f, 0x8c, 0x84, 0x96, 0x73, 0xbf, 0xee, 0xc9,
    0x50, 0xc, 0x42, 0x4e, 0x1, 0xf0, 0xf0, 0x30,
    0x7, 0xff, 0x16, 0xc2, 0x29, 0x0, 0x22, 0x7f,
    0x22, 0x40, 0x7, 0xff, 0x15, 0x68, 0x56, 0xff,
    0xed, 0x81, 0x3c, 0x0, 0xff, 0xe3, 0xaf, 0xc1,
    0x88, 0x9, 0x2d, 0xe0, 0x80, 0x7f, 0xf1, 0x40,

    /* U+0637 "ط" */
    0x0, 0xcb, 0xf2, 0x1, 0xff, 0xc5, 0x30, 0xf,
    0xfe, 0x18, 0x80, 0x7f, 0xf1, 0xc4, 0x3, 0xff,
    0x86, 0xe0, 0xe0, 0x1f, 0xfc, 0x31, 0x0, 0xff,
    0xe3, 0x88, 0x7, 0xff, 0xc, 0xc0, 0x3f, 0xf8,
    0xe6, 0x1, 0x1c, 0xef, 0xf4, 0x88, 0x7, 0x8,
    0x8, 0xd, 0x63, 0x10, 0xb, 0x78, 0x80, 0x7c,
    0x58, 0xa5, 0x3d, 0xfa, 0x63, 0x20, 0x1f, 0x69,
    0x3e, 0xb0, 0x81, 0x70, 0x20, 0x7, 0xe9, 0x80,
    0xe, 0x30, 0x70, 0xc, 0x20, 0xb, 0x60, 0xf,
    0x58, 0x60, 0x99, 0xd, 0x4, 0x28, 0x88, 0x8d,
    0x67, 0x94, 0x9d, 0xd9, 0xbc, 0x81, 0x1d, 0xd6,
    0xe5, 0x30, 0xa6, 0x1, 0x29, 0x90, 0x88, 0x3,
    0x89, 0x1f, 0x6c, 0x40,

    /* U+0638 "ظ" */
    0x0, 0xcb, 0xf2, 0x1, 0xff, 0xc5, 0x30, 0xf,
    0xfe, 0x18, 0x80, 0x7f, 0xf1, 0xc4, 0x3, 0x3f,
    0xa0, 0x7, 0xe7, 0x7, 0x0, 0xd8, 0x6, 0x1,
    0xf8, 0x40, 0x3d, 0x54, 0x70, 0xf, 0xf0, 0x80,
    0x61, 0x50, 0xf, 0xe3, 0x0, 0xff, 0xe3, 0x98,
    0x4, 0x73, 0xbf, 0xd2, 0x20, 0x1c, 0x20, 0x20,
    0x35, 0x8c, 0x40, 0x2d, 0xe2, 0x1, 0xf1, 0x62,
    0x94, 0xf7, 0xe9, 0x8c, 0x80, 0x7d, 0xa4, 0xfa,
    0xc2, 0x5, 0xc0, 0x80, 0x1f, 0xa6, 0x0, 0x38,
    0xc1, 0xc0, 0x30, 0x80, 0x2d, 0x80, 0x3d, 0x61,
    0x82, 0x64, 0x34, 0x10, 0xa2, 0x22, 0x35, 0x9e,
    0x52, 0x77, 0x66, 0xf2, 0x4, 0x77, 0x5b, 0x94,
    0xc2, 0x98, 0x4, 0xa6, 0x42, 0x20, 0xe, 0x24,
    0x7d, 0xb1, 0x0,

    /* U+0639 "ع" */
    0x0, 0x9f, 0x3b, 0x96, 0x1, 0xf0, 0xec, 0x18,
    0x89, 0x40, 0x3e, 0x82, 0x25, 0xff, 0xb0, 0x3,
    0xe6, 0xc, 0x40, 0x1, 0x0, 0x78, 0x40, 0x84,
    0x3, 0xfc, 0x20, 0x44, 0x0, 0xe1, 0x0, 0xe6,
    0xc, 0x50, 0x49, 0xde, 0x0, 0xe9, 0x31, 0xaf,
    0xb6, 0x21, 0x20, 0xe, 0xd1, 0x0, 0x1c, 0xef,
    0x10, 0x6, 0x1c, 0x13, 0xcc, 0x31, 0x0, 0x7a,
    0xc9, 0x70, 0xc0, 0x3f, 0x1a, 0x9d, 0x0, 0x7f,
    0xac, 0x28, 0x3, 0xfe, 0x30, 0x50, 0xf, 0xfe,
    0xb, 0x80, 0x7f, 0xc4, 0x1a, 0x1, 0xff, 0x50,
    0x32, 0x80, 0x7f, 0x8d, 0xc2, 0xad, 0x48, 0x0,
    0x24, 0xd4, 0xa1, 0x12, 0x9, 0x5b, 0xfe, 0xed,
    0x95, 0xf0, 0x3, 0x7c, 0xa1, 0x0, 0x4, 0xde,
    0xe8,

    /* U+063A "غ" */
    0x0, 0xc5, 0xd4, 0x1, 0xff, 0x30, 0xa0, 0x7,
    0xfc, 0x97, 0x80, 0x1f, 0xfc, 0x4, 0x20, 0xf,
    0xfe, 0x63, 0xe7, 0x72, 0xc0, 0x3e, 0x1d, 0x83,
    0x11, 0x28, 0x7, 0xd0, 0x44, 0xbf, 0xf6, 0x0,
    0x7c, 0xc1, 0x88, 0x0, 0x20, 0xf, 0x8, 0x10,
    0x80, 0x7f, 0x84, 0x8, 0x80, 0x1c, 0x20, 0x1c,
    0xc1, 0x8a, 0x9, 0x3b, 0xc0, 0x1d, 0x26, 0x35,
    0xf6, 0xc4, 0x24, 0x1, 0xda, 0x20, 0x3, 0x9d,
    0xe2, 0x0, 0xc3, 0x82, 0x79, 0x86, 0x20, 0xf,
    0x59, 0x2e, 0x18, 0x7, 0xe3, 0x53, 0xa0, 0xf,
    0xf5, 0x85, 0x0, 0x7f, 0xc6, 0xa, 0x1, 0xff,
    0xc1, 0x70, 0xf, 0xf8, 0x83, 0x40, 0x3f, 0xea,
    0x6, 0x50, 0xf, 0xf1, 0xb8, 0x55, 0xa9, 0x0,
    0x4, 0x9a, 0x94, 0x22, 0x41, 0x2b, 0x7f, 0xdd,
    0xb2, 0xbe, 0x0, 0x6f, 0x94, 0x20, 0x0, 0x9b,
    0xdd, 0x0,

    /* U+063B "ػ" */
    0x0, 0xff, 0xe2, 0xa8, 0x80, 0x7f, 0xf1, 0xe2,
    0xac, 0x3, 0xff, 0x88, 0x5d, 0x5a, 0x1a, 0x1,
    0xff, 0xc4, 0x61, 0x45, 0xf7, 0x14, 0x0, 0xff,
    0xe1, 0x25, 0xe0, 0xc, 0xf5, 0x0, 0x7f, 0xf0,
    0xd0, 0xe3, 0x98, 0x10, 0x40, 0x3f, 0xf8, 0x4f,
    0xce, 0xb, 0xb4, 0x20, 0x1f, 0xfc, 0x2, 0xd8,
    0x5, 0xda, 0x20, 0xf, 0xfe, 0x17, 0x91, 0xe5,
    0x10, 0x7, 0xff, 0xc, 0x48, 0x3c, 0xc0, 0x3f,
    0xf8, 0xa2, 0xa1, 0x88, 0x1, 0xff, 0xc6, 0xa8,
    0xb, 0x50, 0xf, 0x33, 0x0, 0x3f, 0xcf, 0x41,
    0x48, 0x1, 0xd1, 0x20, 0x1f, 0xf2, 0xd8, 0x59,
    0x80, 0x42, 0x22, 0x0, 0xff, 0xe0, 0x24, 0x87,
    0x0, 0x44, 0xc, 0x1, 0xff, 0xc1, 0x64, 0x24,
    0x0, 0xcc, 0x1, 0xff, 0xc2, 0xf0, 0xc0, 0x1,
    0x1, 0x28, 0x7, 0xff, 0x4, 0x80, 0x30, 0xb0,
    0x55, 0x14, 0x80, 0x3c, 0x26, 0xb5, 0x21, 0x60,
    0x14, 0xb0, 0x2d, 0x6f, 0xff, 0xbb, 0x29, 0x46,
    0x8c, 0x3, 0x4f, 0x42, 0x90, 0x80, 0x61, 0x24,
    0x7b, 0xe5, 0x0, 0x80,

    /* U+063C "ؼ" */
    0x0, 0xff, 0xe4, 0x18, 0x7, 0xff, 0x1d, 0xfb,
    0x40, 0x3f, 0xf8, 0xaf, 0xd0, 0x2a, 0x20, 0x1f,
    0xfc, 0x26, 0xe8, 0x15, 0xdb, 0x10, 0xf, 0xfe,
    0x0, 0xe4, 0x8a, 0xed, 0x10, 0x7, 0xff, 0xb,
    0x4c, 0xb2, 0x88, 0x3, 0xff, 0x86, 0x26, 0x1e,
    0x60, 0x1f, 0xfc, 0x51, 0x40, 0xc4, 0x0, 0xff,
    0xe3, 0x5b, 0x8d, 0xa0, 0x7, 0x99, 0x40, 0x3f,
    0xd1, 0x21, 0x68, 0x1, 0xd1, 0x40, 0x1f, 0xf3,
    0x50, 0x59, 0x0, 0x42, 0x22, 0x0, 0xff, 0xe0,
    0x2c, 0x87, 0x80, 0x44, 0xc, 0x1, 0xff, 0xc1,
    0x64, 0x24, 0x0, 0xcc, 0x1, 0xff, 0xc2, 0xf0,
    0xc0, 0x1, 0x1, 0x28, 0x7, 0xff, 0x4, 0x80,
    0x30, 0xb0, 0x55, 0x14, 0x80, 0x3c, 0x26, 0xb5,
    0x21, 0x60, 0x14, 0xb0, 0x2d, 0x6f, 0xff, 0xbb,
    0x29, 0x46, 0x8c, 0x3, 0x4f, 0x42, 0x90, 0x80,
    0x61, 0x24, 0x7b, 0xe5, 0x0, 0xf0, 0xbd, 0x6f,
    0x7f, 0xee, 0xdb, 0x84, 0x0, 0xff, 0xe0, 0x4f,
    0x13, 0xfa, 0x0, 0x7f, 0xf1, 0x8, 0x5b, 0x80,
    0x40, 0x3f, 0xf8, 0x97, 0xad, 0x18, 0xa0, 0x1f,
    0xfc, 0x51, 0xdc, 0x30, 0xf, 0xfe, 0x31, 0xb,
    0x80, 0x7f, 0xc0,

    /* U+063D "ؽ" */
    0x0, 0xc4, 0x80, 0x1f, 0xfc, 0x4c, 0xb3, 0x0,
    0xff, 0xe1, 0x29, 0x9a, 0x40, 0x38, 0xeb, 0xb9,
    0x8a, 0x1, 0x45, 0x42, 0x90, 0x5, 0x18, 0xa2,
    0x23, 0xd0, 0x2, 0x13, 0xa1, 0xc0, 0x2, 0x1c,
    0x67, 0xb9, 0x52, 0x0, 0x5b, 0x0, 0x75, 0x81,
    0xb8, 0xe3, 0x8, 0x94, 0x40, 0x2, 0x80, 0x2,
    0x10, 0xa0, 0xb2, 0x0, 0xff, 0xe1, 0x28, 0x38,
    0x7, 0xcf, 0x64, 0x1, 0xcc, 0x1e, 0xa0, 0x1e,
    0xb4, 0x10, 0xe, 0xb2, 0x25, 0x6b, 0x0, 0x63,
    0x13, 0x0, 0xe1, 0xd9, 0x22, 0x4e, 0x98, 0x10,
    0x10, 0x7, 0xe6, 0xdb, 0x32, 0xe0, 0x10, 0x70,
    0xf, 0xf2, 0x78, 0x18, 0x8, 0x28, 0x7, 0xfd,
    0x20, 0xc0, 0x44, 0x19, 0x0, 0xfe, 0x95, 0x19,
    0x0, 0x48, 0x36, 0x28, 0x80, 0x4, 0xe3, 0x98,
    0x70, 0x40, 0x9, 0x40, 0x75, 0xdf, 0xee, 0xc7,
    0x16, 0xf2, 0x0, 0xcb, 0xd0, 0x82, 0x0, 0x14,
    0x8e, 0x91, 0x0, 0x80,

    /* U+063E "ؾ" */
    0x0, 0xff, 0xe0, 0x1d, 0x77, 0x2c, 0xc0, 0x3f,
    0xe8, 0xc5, 0x11, 0x25, 0x0, 0x13, 0xdc, 0x7a,
    0xc0, 0x10, 0xe3, 0x3d, 0xca, 0xb0, 0x6, 0x6,
    0x90, 0xa0, 0x1b, 0x8e, 0x30, 0x89, 0x48, 0x1,
    0x15, 0x67, 0x7a, 0x14, 0x16, 0x40, 0x1f, 0x94,
    0x41, 0x8, 0x14, 0x1c, 0x3, 0xe4, 0x71, 0x0,
    0xe6, 0xf, 0x50, 0xf, 0x7c, 0x28, 0x7, 0x59,
    0x12, 0xb5, 0x80, 0x32, 0xa, 0x0, 0x70, 0xec,
    0x91, 0x27, 0x4c, 0x8, 0x8, 0x3, 0xf3, 0x6d,
    0x99, 0x70, 0x8, 0x38, 0x7, 0xf9, 0x3c, 0xc,
    0x4, 0x14, 0x3, 0xfe, 0x90, 0x60, 0x22, 0xc,
    0x80, 0x7f, 0x4a, 0x8c, 0x80, 0x20, 0x1b, 0x14,
    0x40, 0x2, 0x71, 0xcc, 0x38, 0x20, 0x5, 0x90,
    0x3a, 0xef, 0xf7, 0x63, 0x8b, 0x79, 0x0, 0x66,
    0xe8, 0x41, 0x0, 0xa, 0x47, 0x48, 0x80, 0x40,

    /* U+063F "ؿ" */
    0x0, 0xc2, 0x80, 0x1f, 0xfc, 0x4c, 0xb5, 0x0,
    0xe3, 0xae, 0xe5, 0x10, 0x6, 0x71, 0x70, 0xd,
    0x18, 0xa2, 0x25, 0x80, 0x2, 0x7e, 0xfe, 0x58,
    0x2, 0x1c, 0x67, 0xb9, 0x50, 0x0, 0x30, 0xc2,
    0x14, 0x3, 0x71, 0xc6, 0x11, 0x29, 0x0, 0x1e,
    0xa8, 0x77, 0xa1, 0x41, 0x64, 0x1, 0xf9, 0x44,
    0x10, 0x81, 0x41, 0xc0, 0x3e, 0x47, 0x10, 0xe,
    0x60, 0xf5, 0x0, 0xf7, 0xc2, 0x80, 0x75, 0x91,
    0x2b, 0x58, 0x3, 0x20, 0xa0, 0x7, 0xe, 0xc9,
    0x12, 0x74, 0xc0, 0x80, 0x80, 0x3f, 0x36, 0xd9,
    0x97, 0x0, 0x83, 0x80, 0x7f, 0x93, 0xc0, 0xc0,
    0x41, 0x40, 0x3f, 0xe9, 0x6, 0x2, 0x20, 0xc8,
    0x7, 0xf4, 0xa8, 0xc8, 0x2, 0x1, 0xb1, 0x44,
    0x0, 0x27, 0x1c, 0xc3, 0x82, 0x0, 0x59, 0x3,
    0xae, 0xff, 0x76, 0x38, 0xb7, 0x90, 0x6, 0x6e,
    0x84, 0x10, 0x0, 0xa4, 0x74, 0x88, 0x4,

    /* U+0640 "ـ" */
    0xcf, 0xff, 0x8c, 0xc0, 0x1e, 0x11, 0x0,

    /* U+0641 "ف" */
    0x0, 0xff, 0xe2, 0xd7, 0x10, 0x7, 0xff, 0x21,
    0x5, 0x80, 0x3f, 0xf9, 0x19, 0x68, 0x1, 0xff,
    0xc8, 0x24, 0x0, 0xff, 0xef, 0x9d, 0xfe, 0xa8,
    0x7, 0xff, 0x14, 0xb1, 0x0, 0xa9, 0x40, 0x3f,
    0xf8, 0x92, 0x13, 0xf2, 0x10, 0x0, 0x20, 0xf,
    0xfe, 0x1, 0x21, 0xb0, 0x32, 0x11, 0x87, 0x78,
    0x80, 0x7f, 0x9c, 0x14, 0x2, 0xc0, 0x50, 0x32,
    0x10, 0xf, 0xf0, 0x83, 0x98, 0x6, 0x12, 0x6,
    0x0, 0xff, 0x90, 0x87, 0x3f, 0xd0, 0x0, 0x10,
    0x70, 0xf, 0xfe, 0x6, 0x31, 0x91, 0x90, 0x9,
    0x1, 0x98, 0x3, 0xfe, 0x19, 0xcd, 0xc6, 0x5,
    0x15, 0xc, 0x94, 0x10, 0xf, 0xf8, 0x5d, 0x4,
    0xc2, 0x94, 0x1a, 0xfb, 0xfb, 0xbf, 0xbf, 0xa0,
    0x20, 0x2, 0xad, 0x84, 0x21, 0x1f, 0xf0, 0xa,
    0x53, 0x0,

    /* U+0642 "ق" */
    0x0, 0xff, 0x88, 0xc0, 0x50, 0x3, 0xff, 0x83,
    0xb8, 0x55, 0x6c, 0x1, 0xff, 0xc0, 0x32, 0x33,
    0x1, 0x0, 0x7f, 0xf0, 0x33, 0x46, 0x3d, 0x0,
    0x3f, 0xfa, 0x45, 0x7d, 0x88, 0x1, 0xff, 0xc0,
    0x1c, 0x41, 0x3b, 0x40, 0xf, 0xfa, 0x5, 0xfd,
    0xc2, 0x0, 0x3f, 0xe6, 0x28, 0x8, 0x13, 0x20,
    0x2, 0x80, 0x79, 0x1, 0xc0, 0x27, 0x7, 0x6,
    0xa9, 0x0, 0xe1, 0x3, 0x0, 0xbc, 0x8, 0x28,
    0x30, 0x3, 0x98, 0x1c, 0xc0, 0x78, 0x0, 0x26,
    0xa, 0x1, 0xc6, 0x61, 0xcf, 0xe7, 0x1, 0x20,
    0x20, 0xf, 0xb5, 0xcc, 0x8c, 0x40, 0x80, 0x3f,
    0xc3, 0x19, 0xb8, 0x60, 0xa4, 0x4, 0x20, 0x1f,
    0xe5, 0x25, 0x11, 0x10, 0x50, 0x7, 0xf3, 0x50,
    0x40, 0x2, 0x41, 0x35, 0x8c, 0x40, 0x4d, 0xb2,
    0x42, 0x88, 0x0, 0x94, 0x25, 0x39, 0xdf, 0xd9,
    0x26, 0x6c, 0x50, 0xc, 0xbd, 0x8, 0x20, 0x1,
    0x36, 0xbc, 0x30, 0x8,

    /* U+0643 "ك" */
    0x0, 0xff, 0xe2, 0xdf, 0x98, 0x7, 0xff, 0x14,
    0x41, 0xc0, 0x3f, 0xf8, 0xe2, 0x1, 0xff, 0xc5,
    0x30, 0xf, 0xfe, 0x0, 0xcc, 0x0, 0x61, 0x3,
    0x0, 0xfe, 0x2f, 0x60, 0xf, 0x84, 0x3, 0xfa,
    0xc7, 0x60, 0x3, 0x78, 0x7, 0xfd, 0xc0, 0xa0,
    0x1c, 0x21, 0xe0, 0x62, 0x1, 0xe7, 0x88, 0x30,
    0x7, 0x84, 0x3b, 0x82, 0x1, 0xe1, 0xf, 0x0,
    0xc6, 0x1, 0x11, 0x4, 0x3, 0x47, 0xc9, 0xc0,
    0x7, 0x8c, 0xc0, 0xc0, 0x1d, 0x8d, 0x98, 0x10,
    0xc, 0x20, 0x20, 0x7, 0x0, 0xe4, 0x93, 0x0,
    0xf0, 0x80, 0x90, 0x1a, 0x0, 0x7f, 0xf0, 0x78,
    0x34, 0x54, 0x2e, 0x94, 0x80, 0x3c, 0x26, 0xfa,
    0x82, 0xc1, 0x4a, 0xb, 0x5b, 0xff, 0xee, 0xc8,
    0x23, 0xc1, 0x0, 0x56, 0xc2, 0x10, 0x80, 0x61,
    0x25, 0x8c, 0xc1, 0x0,

    /* U+0644 "ل" */
    0x0, 0xff, 0xe0, 0x27, 0xd8, 0x7, 0xff, 0x5,
    0xc1, 0xc0, 0x3f, 0xfa, 0x22, 0x2, 0x1, 0xff,
    0xc1, 0x30, 0xf, 0xfe, 0x29, 0x80, 0x7f, 0xf0,
    0x44, 0x3, 0xff, 0x8a, 0x20, 0x1f, 0xfe, 0x21,
    0x0, 0xff, 0xe1, 0x98, 0x8, 0x7, 0xff, 0x15,
    0xa4, 0x80, 0x3f, 0x84, 0x2, 0xa6, 0x10, 0xf,
    0xe1, 0x0, 0x8c, 0x4c, 0x3, 0xf8, 0xc0, 0x48,
    0x8, 0x3, 0xfc, 0x22, 0x6, 0x7, 0x0, 0xfe,
    0x30, 0x40, 0x60, 0x50, 0xf, 0xe9, 0xc, 0x2,
    0x20, 0xc0, 0x7, 0xca, 0xa1, 0x60, 0x4, 0x83,
    0xe2, 0x90, 0x0, 0xe6, 0x82, 0x80, 0x24, 0xa0,
    0x3a, 0xdf, 0xf6, 0x30, 0x52, 0x0, 0x65, 0xe8,
    0x31, 0x2, 0x38, 0xe5, 0x0, 0x80,

    /* U+0645 "م" */
    0x0, 0xcf, 0xbd, 0x88, 0x1, 0x87, 0x60, 0x84,
    0xed, 0x40, 0x2b, 0x24, 0xde, 0x80, 0xb0, 0x0,
    0xa9, 0xd9, 0xb, 0xa8, 0xa8, 0xe, 0xf0, 0x6,
    0xe0, 0xd0, 0x1, 0x10, 0x3, 0x30, 0x10, 0x0,
    0x63, 0x37, 0xfb, 0x80, 0x40, 0x9c, 0xe6, 0x40,
    0x26, 0x18, 0x14, 0xb, 0x9f, 0xed, 0xa7, 0x45,
    0x13, 0xa3, 0x0, 0x12, 0xc0, 0x10, 0x20, 0x7,
    0xfb, 0xc0, 0x3f, 0x8, 0x78, 0x7, 0xe2, 0x2,
    0x0, 0xfc, 0xa0, 0xc0, 0x1f, 0x84, 0xd0, 0x3,
    0xf0,

    /* U+0646 "ن" */
    0x0, 0xf8, 0xcc, 0x1, 0xff, 0xc1, 0x2c, 0xc0,
    0x80, 0x7f, 0xf0, 0xc, 0x8c, 0x40, 0x3f, 0xf8,
    0x3, 0xb8, 0x1, 0xff, 0xd6, 0x19, 0xb0, 0xf,
    0xfe, 0x13, 0x21, 0x0, 0x7f, 0xf0, 0x5, 0x82,
    0x80, 0x8, 0xc0, 0x1f, 0xd4, 0xa, 0x0, 0xf9,
    0x40, 0xf, 0xc6, 0x4, 0x20, 0x80, 0x80, 0x1f,
    0xc6, 0x4, 0x40, 0x30, 0xf, 0xf3, 0x80, 0x18,
    0x1c, 0x3, 0xfc, 0xa0, 0x4c, 0xa, 0x1, 0xfc,
    0x82, 0x62, 0x42, 0x27, 0x0, 0xf8, 0x64, 0x28,
    0x1, 0x1, 0x14, 0x82, 0x0, 0x27, 0xf2, 0x46,
    0x0, 0x34, 0x82, 0xdf, 0x7f, 0xb6, 0x5, 0x6c,
    0x3, 0x37, 0x39, 0x88, 0x9, 0x36, 0x50, 0x4,

    /* U+0647 "ه" */
    0x0, 0xc2, 0x1, 0xf2, 0xf2, 0x0, 0x7b, 0x42,
    0xd4, 0x3, 0xa, 0x80, 0x28, 0xc0, 0x2a, 0x2b,
    0xb0, 0x70, 0x1, 0x91, 0xd1, 0x10, 0x4e, 0x16,
    0x10, 0x0, 0x71, 0xb2, 0x22, 0x0, 0x62, 0x36,
    0x0, 0xf0, 0x89, 0x41, 0x14, 0x6, 0x9, 0x5,
    0x82, 0xbf, 0x9c, 0x20, 0x26, 0x46, 0x0, 0x4c,
    0x20,

    /* U+0648 "و" */
    0x0, 0x8f, 0x3f, 0x50, 0x3, 0x1e, 0x18, 0x15,
    0x98, 0x5, 0xe1, 0x5e, 0xe1, 0xe0, 0x3, 0x32,
    0x28, 0x41, 0x18, 0x82, 0x86, 0x0, 0x48, 0xa,
    0x1, 0x58, 0x80, 0x4, 0x8, 0x1c, 0xf, 0xb9,
    0xee, 0x6, 0x3, 0x88, 0x23, 0x0, 0x18, 0x0,
    0x77, 0xdf, 0x80, 0x26, 0x1, 0xc3, 0xe1, 0x20,
    0x18, 0xa3, 0x88, 0xdc, 0x1, 0x7d, 0xae, 0xb,
    0x80, 0x13, 0x88, 0x97, 0x28, 0x3, 0x76, 0xf5,
    0x18, 0x6,

    /* U+0649 "ى" */
    0x0, 0xff, 0xe0, 0x1d, 0x77, 0x31, 0x40, 0x3f,
    0xe8, 0xc5, 0x11, 0x1e, 0x80, 0x7f, 0xa1, 0xc6,
    0x7b, 0x95, 0x20, 0x1f, 0xc6, 0xe3, 0x8c, 0x22,
    0x51, 0x0, 0xfe, 0xa0, 0xb2, 0x0, 0xff, 0xe1,
    0x28, 0x38, 0x7, 0xcf, 0x64, 0x1, 0xcc, 0x1e,
    0xa0, 0x1e, 0xb4, 0x10, 0xe, 0xb2, 0x25, 0x6b,
    0x0, 0x63, 0x13, 0x0, 0xe1, 0xd9, 0x22, 0x4e,
    0x98, 0x10, 0x10, 0x7, 0xe6, 0xdb, 0x32, 0xe0,
    0x10, 0x70, 0xf, 0xf2, 0x78, 0x18, 0x8, 0x28,
    0x7, 0xfd, 0x20, 0xc0, 0x44, 0x19, 0x0, 0xfe,
    0x95, 0x19, 0x0, 0x48, 0x36, 0x28, 0x80, 0x4,
    0xe3, 0x98, 0x70, 0x40, 0x9, 0x40, 0x75, 0xdf,
    0xee, 0xc7, 0x16, 0xf2, 0x0, 0xcb, 0xd0, 0x82,
    0x0, 0x14, 0x8e, 0x91, 0x0, 0x80,

    /* U+064A "ي" */
    0x0, 0xff, 0xe0, 0x25, 0xf7, 0xe2, 0x80, 0x7f,
    0xd5, 0x68, 0x20, 0x7a, 0x1, 0xfe, 0xb5, 0x1a,
    0xff, 0x5c, 0x80, 0x7f, 0x2a, 0x17, 0xa8, 0x1,
    0x4, 0x3, 0xfb, 0x83, 0x84, 0x3, 0xc2, 0x20,
    0xf, 0x38, 0x30, 0x7, 0xd1, 0xc8, 0x1, 0xd4,
    0x15, 0x43, 0x0, 0xe7, 0x5, 0x0, 0xe6, 0xb3,
    0x5c, 0xd5, 0x0, 0x10, 0x98, 0x80, 0x79, 0x33,
    0xc, 0x55, 0x20, 0x20, 0xe0, 0x1f, 0xc7, 0x36,
    0xe, 0x2, 0xa, 0x1, 0xff, 0x60, 0x20, 0x10,
    0x89, 0xc0, 0x3f, 0xa1, 0xc2, 0x0, 0x10, 0x11,
    0x68, 0x20, 0x1, 0x38, 0xe7, 0xb, 0x20, 0x3,
    0x40, 0x25, 0xf7, 0xfb, 0xb1, 0xc5, 0x35, 0x0,
    0x33, 0xf4, 0x18, 0x80, 0x5, 0x23, 0x6c, 0x80,
    0x3c, 0x2f, 0x9d, 0xfe, 0xeb, 0x72, 0x0, 0xff,
    0xa, 0x0, 0x14, 0x3, 0xff, 0x83, 0x96, 0xb1,
    0x54, 0x0, 0xff, 0xe0, 0x20, 0xb6, 0x86, 0x0,
    0x7c,

    /* U+064B "ً" */
    0x0, 0x85, 0x69, 0x1, 0xf3, 0xa8, 0x58, 0x29,
    0x6f, 0xe4, 0xc3, 0x6b, 0x37, 0x48, 0x1f, 0x88,
    0xb8, 0xa1, 0x3d, 0x90, 0x60,

    /* U+064C "ٌ" */
    0x0, 0xff, 0xe0, 0x57, 0xe0, 0x80, 0x4a, 0xab,
    0x16, 0x7f, 0xd3, 0x14, 0x6f, 0x3a, 0x22, 0x2e,
    0xa6, 0x23, 0x6, 0xb1, 0x4a, 0x1, 0x21, 0xdf,
    0x30, 0x0,

    /* U+064D "ٍ" */
    0x0, 0xe5, 0x20, 0x27, 0xbf, 0xa6, 0xd, 0x92,
    0xaf, 0x40, 0xcf, 0xcf, 0xe5, 0xf, 0xea, 0x18,
    0x40, 0x5b, 0xfb, 0x61,

    /* U+064E "َ" */
    0x0, 0xe2, 0x10, 0x1, 0xc6, 0xe9, 0x3, 0xf1,
    0x17, 0x14, 0x27, 0xb2, 0xc, 0x0,

    /* U+064F "ُ" */
    0x0, 0xfe, 0x2d, 0xf8, 0x0, 0xa5, 0xa5, 0xc4,
    0x0, 0xe4, 0xe0, 0x60, 0xf, 0x7f, 0x22, 0x1c,
    0x40, 0x4b, 0xc1, 0xc8, 0xef, 0x8, 0x0,

    /* U+0650 "ِ" */
    0x0, 0xff, 0x1c, 0x6a, 0x85, 0x76, 0x2a, 0x90,
    0x6, 0x3b, 0x60, 0x40,

    /* U+0651 "ّ" */
    0x0, 0xc2, 0x94, 0x0, 0x60, 0xb6, 0x75, 0x5,
    0xb0, 0x7e, 0x70, 0x10, 0x33, 0x9a, 0xd4, 0x50,
    0x71, 0x3b, 0x68, 0x7, 0xb2, 0xc4, 0x80, 0x0,

    /* U+0652 "ْ" */
    0x0, 0xf3, 0xff, 0x18, 0xc5, 0x27, 0x90, 0xbe,
    0x9, 0x96, 0xcd, 0x86, 0x6f, 0x30,

    /* U+0653 "ٓ" */
    0x0, 0x8, 0x7, 0x1f, 0x73, 0x58, 0xd5, 0x21,
    0x25, 0xe7, 0x2b, 0x2e, 0x9a, 0xba, 0xf6, 0x0,

    /* U+0654 "ٔ" */
    0x0, 0xf9, 0xfb, 0xc8, 0xe, 0x2e, 0xc4, 0xe,
    0x8, 0x80, 0x2, 0x23, 0x5e, 0xc4, 0xd4, 0xe4,
    0x80, 0xa7, 0x3a, 0x44,

    /* U+0655 "ٕ" */
    0x0, 0xf9, 0xfb, 0xc8, 0xe, 0x2e, 0xc4, 0xe,
    0x8, 0x80, 0x2, 0x1e, 0xbd, 0x89, 0x89, 0xc9,
    0x1, 0x56, 0x74, 0x88,

    /* U+0656 "ٖ" */
    0x21, 0xc7, 0x31, 0x0, 0xf, 0x80,

    /* U+0657 "ٗ" */
    0x0, 0x92, 0x6d, 0xc0, 0x72, 0xc8, 0xcc, 0x14,
    0x41, 0xf0, 0x80, 0x95, 0x14, 0x1, 0x84, 0x3,
    0x9e, 0xa2, 0xc0, 0x28, 0xde, 0x50, 0x0,

    /* U+0658 "٘" */
    0x0, 0x85, 0x2, 0xa0, 0x16, 0xc0, 0xd0, 0x78,
    0xc2, 0xcb, 0x93, 0xc0, 0xbb, 0x78, 0xc0,

    /* U+0659 "ٙ" */
    0x4f, 0xfe, 0x14, 0xdd, 0xe1,

    /* U+065A "ٚ" */
    0x11, 0x0, 0xc, 0x36, 0x40, 0x70, 0xe5, 0xc6,
    0x4c, 0xca, 0x56, 0xd0, 0x0, 0x85, 0x34, 0x0,
    0x2c, 0xf0, 0x0,

    /* U+065B "ٛ" */
    0x0, 0x8, 0x80, 0x24, 0xeb, 0x0, 0xbc, 0xd4,
    0x80, 0x93, 0x4e, 0x2, 0x14, 0x61, 0x4b, 0x20,
    0x12, 0x4c,

    /* U+065C "ٜ" */
    0x0, 0xc5, 0xde, 0x6a, 0x21, 0x6a, 0x43, 0x40,

    /* U+065D "ٝ" */
    0x0, 0xf8, 0x73, 0xe8, 0x2, 0x61, 0xb4, 0x60,
    0x7, 0xb2, 0x18, 0x5, 0x69, 0xcc, 0xc0, 0x1,
    0xd0, 0x2d, 0x38, 0x82, 0xf5, 0x96, 0x80,

    /* U+065E "ٞ" */
    0x3, 0xc2, 0x3, 0x30, 0x39, 0x8a, 0xe3, 0x82,
    0x7d, 0x52, 0x50, 0x7, 0x1f, 0x18, 0x1, 0xe1,
    0xf7, 0x0, 0x7, 0xc1, 0x33, 0x0,

    /* U+065F "ٟ" */
    0x0, 0xff, 0xa3, 0xbc, 0x80, 0x23, 0x7b, 0xb1,
    0x0, 0x4e, 0x0, 0x43, 0x7, 0xff, 0x25, 0x7e,
    0x10, 0x48, 0x20, 0x1c, 0x93, 0xb5, 0xef, 0x63,
    0x0,

    /* U+0660 "٠" */
    0x2, 0xa0, 0x1, 0x62, 0xe0, 0x12, 0x81, 0x98,
    0x2d, 0x2c, 0xc0, 0x16, 0x80,

    /* U+0661 "١" */
    0x2, 0x0, 0xa7, 0x54, 0x1, 0xe1, 0xe0, 0x5,
    0x7, 0x0, 0x18, 0x10, 0x4, 0x40, 0x60, 0x6,
    0x6, 0x0, 0x18, 0x68, 0x3, 0x80, 0x80, 0x6,
    0x2, 0x0, 0x60, 0x60, 0x1, 0x1, 0x0, 0x4,
    0x3, 0x84, 0x4, 0x0, 0x60, 0x60, 0x6, 0x1,
    0x0, 0x8, 0x6, 0xaf, 0x30,

    /* U+0662 "٢" */
    0x0, 0xff, 0x3e, 0xa0, 0x7, 0x5d, 0x80, 0xb0,
    0x3, 0xa, 0x39, 0x82, 0x90, 0x0, 0x6c, 0x2d,
    0x40, 0xb7, 0xfd, 0xca, 0x4e, 0x22, 0x2, 0x0,
    0x13, 0x60, 0x1, 0x42, 0x7f, 0xdb, 0x22, 0x0,
    0x20, 0x30, 0xf, 0xb8, 0x38, 0x3, 0xe2, 0x2,
    0x0, 0xf9, 0x81, 0x80, 0x3e, 0x10, 0x30, 0xf,
    0x88, 0x4, 0x3, 0xf0, 0x80, 0x80, 0x7c, 0x60,
    0x60, 0x1f, 0x8, 0x8, 0x7, 0xce, 0xe, 0x1,
    0xf4, 0x5a, 0x0, 0x70,

    /* U+0663 "٣" */
    0x0, 0xff, 0xe0, 0xb6, 0xa0, 0x4, 0x66, 0x0,
    0x5d, 0x0, 0x96, 0x0, 0x5d, 0xc0, 0x3, 0x28,
    0x18, 0x20, 0x4, 0x4c, 0x0, 0x40, 0x35, 0x3,
    0x20, 0x70, 0xc, 0x40, 0x1, 0x10, 0x6e, 0xa0,
    0x13, 0x74, 0x84, 0x60, 0xa0, 0x45, 0x53, 0x19,
    0x93, 0xc0, 0x4, 0x15, 0xfa, 0xb3, 0xdc, 0xb2,
    0x0, 0x70, 0x70, 0x7, 0xf8, 0x80, 0x80, 0x3f,
    0xcc, 0xe, 0x1, 0xfe, 0x10, 0x20, 0xf, 0xf1,
    0x0, 0x80, 0x7f, 0xc2, 0x2, 0x1, 0xfe, 0x30,
    0x30, 0xf, 0xf0, 0x80, 0x80, 0x7f, 0x9c, 0x1c,
    0x3, 0xfd, 0xf6, 0xa0, 0x1f, 0x80,

    /* U+0664 "٤" */
    0x0, 0xe3, 0x20, 0xf, 0x8f, 0x31, 0x60, 0x1e,
    0x8c, 0x31, 0xe0, 0xe, 0x87, 0x9, 0xe7, 0x0,
    0xc4, 0xe3, 0xac, 0x1, 0xea, 0x8, 0x20, 0xf,
    0x84, 0x4, 0x3, 0xf6, 0x84, 0x64, 0xd2, 0x0,
    0x64, 0x91, 0x36, 0x53, 0x0, 0xe6, 0x70, 0x3,
    0xb8, 0x3, 0xa5, 0x87, 0x20, 0x3, 0x8d, 0x87,
    0xc, 0x3, 0xd6, 0x12, 0x40, 0x1f, 0x10, 0x8,
    0x7, 0xed, 0xb, 0x40, 0xc, 0x8e, 0xe, 0x65,
    0x7f, 0xdc, 0xfb, 0x81, 0xc, 0x93, 0x11, 0x89,
    0xac, 0x40,

    /* U+0665 "٥" */
    0x0, 0x9f, 0x7f, 0x14, 0x3, 0xaa, 0x8, 0xe,
    0x9c, 0x2, 0x65, 0x2c, 0xfa, 0x8, 0x30, 0x4,
    0x7, 0x18, 0x2c, 0x4, 0x81, 0x89, 0x98, 0x2,
    0x60, 0x50, 0x60, 0x50, 0xc, 0x24, 0x2, 0x60,
    0x20, 0x1c, 0xc0, 0x66, 0x1, 0x0, 0xe6, 0x0,
    0x30, 0x28, 0x7, 0x10, 0x11, 0x89, 0xc0, 0x81,
    0x58, 0x28, 0x2, 0xc1, 0xfb, 0xf5, 0x6, 0x0,
    0xb, 0x68, 0x20, 0x2b, 0x84, 0x0,

    /* U+0666 "٦" */
    0x27, 0x31, 0x0, 0x84, 0xc0, 0x9, 0x19, 0xdf,
    0xf7, 0x60, 0x1, 0x1c, 0xc4, 0x0, 0x20, 0x18,
    0xa3, 0x3b, 0xfd, 0xc8, 0x2, 0x1, 0xf8, 0x40,
    0xc0, 0x3f, 0xc2, 0x1, 0xf8, 0xc1, 0x80, 0x3f,
    0x8, 0x18, 0x7, 0xee, 0xe, 0x0, 0xfc, 0x40,
    0x40, 0x1f, 0x9c, 0x18, 0x3, 0xf1, 0x1, 0x0,
    0x7e, 0x11, 0x80, 0x3f, 0x88, 0x8, 0x3, 0xf2,
    0x83, 0x80, 0x7e, 0xf0, 0x20, 0xf, 0xca, 0x84,

    /* U+0667 "٧" */
    0x3, 0x40, 0xf, 0xc6, 0x20, 0xb9, 0x20, 0x1f,
    0xb7, 0x8d, 0x44, 0x8c, 0x3, 0xca, 0x24, 0x60,
    0xc1, 0x40, 0x1e, 0xe0, 0xb0, 0x5, 0x3, 0x0,
    0x71, 0x20, 0x30, 0x0, 0x8c, 0x18, 0x3, 0x50,
    0x30, 0x6, 0xb0, 0xd0, 0xc, 0xa1, 0x40, 0x19,
    0x81, 0x4, 0x0, 0x64, 0x66, 0x0, 0xc2, 0x80,
    0xc0, 0xa, 0xa, 0x0, 0xf6, 0x85, 0x80, 0x1c,
    0x1c, 0x3, 0xce, 0x6, 0x28, 0x28, 0x20, 0x1e,
    0x13, 0x7, 0xd0, 0xe0, 0xf, 0xd6, 0x1a, 0xe0,
    0xa0, 0x1f, 0x94, 0x10, 0x50, 0x3, 0xf8, 0x88,
    0x0, 0xd0, 0xf, 0xf2, 0x80, 0x1c, 0x3, 0xfd,
    0x80, 0x62, 0x1, 0xfe, 0x4f, 0xc0, 0xf, 0x0,

    /* U+0668 "٨" */
    0x0, 0xf8, 0x40, 0x3f, 0xf8, 0x1d, 0xc2, 0x0,
    0xff, 0x18, 0x82, 0x0, 0x7f, 0xac, 0x1, 0x80,
    0x1f, 0xe5, 0x1, 0x40, 0xf, 0xe2, 0x22, 0xa0,
    0x98, 0x7, 0xea, 0xf, 0xf0, 0x58, 0x7, 0xe5,
    0x4, 0x40, 0x28, 0x7, 0xc6, 0x48, 0x22, 0x42,
    0x30, 0xf, 0x50, 0x70, 0x3, 0x42, 0xc0, 0x3c,
    0xc0, 0xa0, 0x7, 0x6, 0x0, 0xe6, 0x5, 0x0,
    0x85, 0x5, 0x0, 0x35, 0x7, 0x0, 0x6e, 0xe,
    0x0, 0x8c, 0xc2, 0x80, 0x19, 0x41, 0x44, 0x1,
    0x20, 0xc0, 0x1e, 0x60, 0x60, 0x15, 0x9, 0x0,
    0xf5, 0x4, 0x81, 0x11, 0x44, 0x3, 0xc6, 0x46,
    0x47, 0xb6, 0x1, 0xfb, 0x34, 0x80,

    /* U+0669 "٩" */
    0x0, 0xc, 0xee, 0xa4, 0x3, 0x87, 0x18, 0x88,
    0xd6, 0x1, 0xac, 0x9b, 0xf0, 0x10, 0xc0, 0x25,
    0x29, 0x3, 0x70, 0xb0, 0x1, 0x82, 0x0, 0x58,
    0x6, 0x1, 0x88, 0x2, 0x40, 0x60, 0x1, 0x82,
    0x38, 0x6, 0x20, 0xa, 0x2, 0x3f, 0xbc, 0x0,
    0x20, 0x7, 0xa3, 0x1, 0x21, 0x3, 0x0, 0x97,
    0x3f, 0xda, 0xe0, 0x20, 0x1f, 0x84, 0x18, 0x3,
    0xf7, 0x1, 0x80, 0x7e, 0x20, 0xe0, 0xf, 0xcc,
    0x4, 0x1, 0xf8, 0x81, 0xc0, 0x3f, 0x8c, 0x84,
    0x3, 0xf5, 0xa8, 0x0,

    /* U+066A "٪" */
    0x0, 0x10, 0x6, 0x22, 0x0, 0x1b, 0x5c, 0x2,
    0x8d, 0x30, 0x80, 0x83, 0x1, 0x53, 0x30, 0x60,
    0xb9, 0x84, 0x4, 0x80, 0xb, 0xe0, 0x5, 0x89,
    0x40, 0x21, 0x0, 0x30, 0x58, 0x7, 0xd2, 0x2c,
    0x1, 0xe6, 0x19, 0x0, 0xfa, 0xc5, 0xc0, 0x3c,
    0xa4, 0xc0, 0x1f, 0x48, 0x48, 0x7, 0x90, 0xd8,
    0x40, 0x3d, 0xe1, 0x60, 0x1e, 0x24, 0x52, 0x0,
    0x10, 0x5, 0x1, 0x20, 0xa, 0xd4, 0x1, 0x54,
    0x30, 0x35, 0xa, 0x8, 0xf, 0x0, 0x1d, 0x85,
    0x5, 0xc2, 0x0, 0x49, 0xc8, 0x0,

    /* U+066B "٫" */
    0xa, 0xc3, 0x65, 0x3e, 0x30, 0x0, 0xab, 0x5,
    0x82, 0x3, 0x19, 0x38, 0xd0, 0xc8, 0x0,

    /* U+066C "٬" */
    0x0, 0x5d, 0x2, 0xa6, 0x4, 0x3, 0xa1, 0x20,
    0xf0, 0x22, 0x88, 0x3, 0x3c, 0x4a, 0xc0,

    /* U+066D "٭" */
    0x0, 0xff, 0xe2, 0xa2, 0x0, 0x3f, 0xdb, 0x80,
    0x1f, 0xe7, 0x50, 0xf, 0xe3, 0x12, 0x10, 0xc,
    0xbd, 0xfe, 0xc0, 0x7, 0x7f, 0xb5, 0x17, 0x98,
    0x3, 0xcf, 0xa8, 0x0, 0x9a, 0x0, 0xd9, 0x0,
    0x1d, 0x80, 0x19, 0x0, 0x3c, 0xe1, 0x50, 0x12,
    0x1, 0xca, 0x7a, 0xaf, 0x80, 0x80, 0x18, 0xf4,
    0x80, 0x7, 0xe4, 0x0,

    /* U+066E "ٮ" */
    0x0, 0xff, 0xef, 0x1e, 0xc8, 0x1, 0x94, 0x3,
    0xff, 0x88, 0x24, 0xe0, 0x8, 0xa0, 0xf, 0xfe,
    0x21, 0x18, 0xa0, 0x88, 0x80, 0x3f, 0xf8, 0xa8,
    0x6, 0x40, 0xc0, 0x1f, 0xfc, 0x5d, 0xe, 0x0,
    0x30, 0x7, 0xff, 0x1c, 0x48, 0x9, 0x40, 0x3f,
    0xf8, 0x63, 0x1, 0x82, 0xc1, 0x54, 0x52, 0x0,
    0xf8, 0x4d, 0x1e, 0xf8, 0x95, 0x2, 0x58, 0x16,
    0xb7, 0xff, 0xee, 0xcb, 0x84, 0x19, 0xa0, 0xa,
    0x7a, 0x14, 0x84, 0x3, 0x84, 0x91, 0xa3, 0x39,
    0x80, 0x0,

    /* U+066F "ٯ" */
    0x0, 0xff, 0x8a, 0xfb, 0x10, 0x3, 0xff, 0x80,
    0x38, 0x82, 0x76, 0x80, 0x1f, 0xf4, 0xb, 0xfb,
    0x84, 0x0, 0x7f, 0xcc, 0x50, 0x10, 0x26, 0x40,
    0x5, 0x0, 0xf2, 0x3, 0x80, 0x4e, 0xe, 0xd,
    0x52, 0x1, 0xc2, 0x6, 0x1, 0x78, 0x10, 0x50,
    0x60, 0x7, 0x30, 0x39, 0x80, 0xf0, 0x0, 0x4c,
    0x14, 0x3, 0x8c, 0xc3, 0x9f, 0xce, 0x2, 0x40,
    0x40, 0x1f, 0x6b, 0x99, 0x18, 0x81, 0x0, 0x7f,
    0x86, 0x33, 0x70, 0xc1, 0x48, 0x8, 0x40, 0x3f,
    0xca, 0x4a, 0x22, 0x20, 0xa0, 0xf, 0xe6, 0xa0,
    0x80, 0x4, 0x82, 0x6b, 0x18, 0x80, 0x9b, 0x64,
    0x85, 0x10, 0x1, 0x28, 0x4a, 0x73, 0xbf, 0xb2,
    0x4c, 0xd8, 0xa0, 0x19, 0x7a, 0x10, 0x40, 0x2,
    0x6d, 0x78, 0x60, 0x10,

    /* U+0670 "ٰ" */
    0x21, 0xc7, 0x31, 0x0, 0xf, 0x80,

    /* U+0671 "ٱ" */
    0x0, 0xff, 0x97, 0xbe, 0xc0, 0x24, 0xa9, 0xa4,
    0x51, 0x2a, 0x86, 0x10, 0x4, 0x68, 0xc7, 0x5a,
    0xaa, 0x76, 0xed, 0x9d, 0x40, 0x2, 0x44, 0x18,
    0x80, 0x61, 0x74, 0x0, 0xe2, 0x8f, 0x0, 0xff,
    0xe4, 0x88, 0x38, 0x7, 0xff, 0x4, 0xc0, 0x40,
    0x3f, 0xf8, 0x22, 0x6, 0x1, 0xff, 0xcb, 0x10,
    0xf, 0xfe, 0x10, 0x80, 0x7f, 0xf0, 0xcc, 0x4,
    0x0,

    /* U+0672 "ٲ" */
    0x0, 0xff, 0x9b, 0xbd, 0x0, 0x21, 0x99, 0x5a,
    0x80, 0x72, 0xa0, 0x80, 0x42, 0xfc, 0x4a, 0x2b,
    0xfe, 0x73, 0xcc, 0x18, 0x46, 0x63, 0x7a, 0x49,
    0x5c, 0xcc, 0x40, 0x1e, 0x17, 0x40, 0xe, 0x28,
    0xf0, 0xf, 0xfe, 0x48, 0x83, 0x80, 0x7f, 0xf0,
    0x4c, 0x4, 0x3, 0xff, 0x82, 0x20, 0x60, 0x1f,
    0xfc, 0xb1, 0x0, 0xff, 0xe1, 0x8, 0x7, 0xff,
    0xc, 0xc0, 0x40,

    /* U+0673 "ٳ" */
    0x0, 0x93, 0xe8, 0x3, 0x9c, 0x4, 0x3, 0xff,
    0x82, 0x20, 0xe0, 0x1f, 0xfc, 0x13, 0x1, 0x0,
    0xff, 0xe0, 0x88, 0x18, 0x7, 0xff, 0xc, 0x40,
    0x3f, 0xf9, 0x42, 0x1, 0xff, 0xc3, 0x30, 0x10,
    0xf, 0xfe, 0x19, 0x80, 0x76, 0x69, 0x0, 0x70,
    0x90, 0x7, 0x1e, 0x72, 0x80, 0x68, 0x6c, 0x40,
    0xd, 0xc2, 0x66, 0x10, 0x9f, 0xa4, 0xf8, 0x30,
    0xec, 0xde, 0xe5, 0x10,

    /* U+0674 "ٴ" */
    0x0, 0xe3, 0xdf, 0x70, 0xe7, 0xc5, 0x3, 0xc3,
    0x20, 0x89, 0x7a, 0x6d, 0x8, 0x12, 0xda, 0xfb,
    0x40,

    /* U+0675 "ٵ" */
    0x0, 0xff, 0xe0, 0xae, 0xfb, 0x0, 0x75, 0x2e,
    0x38, 0x27, 0xd0, 0xf, 0x98, 0x83, 0x80, 0x84,
    0x43, 0x7d, 0xc0, 0x34, 0xb, 0xd3, 0x88, 0x38,
    0x67, 0x52, 0x80, 0x71, 0x0, 0x63, 0x1, 0x0,
    0xff, 0xe1, 0x88, 0x18, 0x7, 0xff, 0x14, 0x40,
    0x3f, 0xf9, 0xa2, 0x1, 0xff, 0xc5, 0x30, 0x10,
    0xf, 0xfe, 0x29, 0x80, 0x7b, 0x34, 0x80, 0x38,

    /* U+0676 "ٶ" */
    0x0, 0xff, 0xe3, 0xa6, 0xfa, 0x80, 0x7e, 0xb5,
    0xc4, 0x0, 0xf8, 0x43, 0xc, 0x40, 0x3e, 0x16,
    0x96, 0x93, 0x0, 0xf8, 0x89, 0x2a, 0xe0, 0x1f,
    0x15, 0x76, 0x20, 0x7, 0xd2, 0xa2, 0x1, 0xc7,
    0x9f, 0xa8, 0x1, 0xe3, 0xc3, 0x2, 0xb3, 0x0,
    0xef, 0xa, 0xf7, 0xf, 0x0, 0xc6, 0x64, 0x50,
    0x82, 0x31, 0x0, 0x94, 0x30, 0x2, 0x40, 0x50,
    0xe, 0xb1, 0x0, 0x8, 0x10, 0x4, 0xe0, 0x7d,
    0xcf, 0x70, 0x30, 0x8, 0x71, 0x4, 0x60, 0x3,
    0x0, 0x63, 0xbe, 0xfc, 0x1, 0x30, 0xf, 0x87,
    0xc2, 0x40, 0x3c, 0x51, 0xc4, 0x6e, 0x1, 0xaf,
    0xb5, 0xc1, 0x70, 0x3, 0x9c, 0x44, 0xb9, 0x40,
    0x1e, 0xed, 0xea, 0x30, 0xf, 0x0,

    /* U+0677 "ٷ" */
    0x0, 0xff, 0xe2, 0xbf, 0xe9, 0x0, 0x7f, 0x14,
    0x4b, 0x40, 0x2, 0xbf, 0x40, 0x30, 0x83, 0x63,
    0x4, 0x3d, 0xf0, 0x6, 0x32, 0xba, 0x40, 0x16,
    0x43, 0x0, 0xc5, 0x48, 0x12, 0x14, 0x90, 0xf0,
    0x0, 0xed, 0x96, 0xc1, 0x5, 0x17, 0x91, 0x0,
    0x6e, 0xba, 0x44, 0x0, 0x6d, 0x9d, 0x20, 0x3,
    0x20, 0xe, 0x58, 0x30, 0xf, 0xd3, 0xdc, 0x90,
    0xf, 0xeb, 0x61, 0x13, 0x58, 0x7, 0xca, 0x87,
    0xda, 0x28, 0x60, 0x1e, 0x90, 0xe1, 0x28, 0xa,
    0x0, 0xf1, 0x81, 0x0, 0x1c, 0x14, 0x3, 0xc2,
    0x8, 0x1, 0x84, 0x3, 0xce, 0x17, 0xfd, 0xc0,
    0xf, 0xd2, 0xe4, 0x2, 0x20, 0x70, 0xf, 0xa3,
    0x7f, 0xca, 0x18, 0x1, 0xfe, 0x84, 0x16, 0x0,
    0xfc, 0xb8, 0xe1, 0x40, 0x1e, 0x5d, 0xfa, 0x31,
    0xc4, 0x0, 0xf8, 0x80, 0xe7, 0x8c, 0x3, 0xe5,
    0xcf, 0xc6, 0x0, 0xf8,

    /* U+0678 "ٸ" */
    0x0, 0xff, 0xec, 0x8d, 0xfd, 0x80, 0x7f, 0xf1,
    0x6d, 0xee, 0x0, 0x3f, 0xf8, 0xa2, 0xc8, 0x60,
    0x1f, 0xfc, 0x5f, 0x58, 0x88, 0x3, 0xff, 0x89,
    0x80, 0xeb, 0xe0, 0x1f, 0xfc, 0x4d, 0x9d, 0xd3,
    0x80, 0x7f, 0xf1, 0x15, 0x88, 0x3, 0xff, 0xae,
    0x75, 0xdc, 0xc5, 0x0, 0xff, 0xe1, 0x46, 0x28,
    0x88, 0xf4, 0x3, 0xff, 0x83, 0xe, 0x33, 0xdc,
    0xa9, 0x0, 0xff, 0xe0, 0x1b, 0x8e, 0x30, 0x89,
    0x44, 0x3, 0xff, 0x81, 0x41, 0x64, 0x1, 0xff,
    0xc5, 0x50, 0x70, 0xf, 0xf3, 0xd9, 0x0, 0x73,
    0x7, 0xa8, 0x7, 0xf5, 0xa0, 0x80, 0x75, 0x91,
    0x2b, 0x58, 0x3, 0xe3, 0x13, 0x0, 0xe1, 0xd9,
    0x22, 0x4e, 0x98, 0x6, 0x20, 0x20, 0xf, 0xcd,
    0xb6, 0x65, 0xc0, 0x18, 0x41, 0xc0, 0x3f, 0xc9,
    0xe0, 0x60, 0x18, 0x41, 0x40, 0x3f, 0xe9, 0x6,
    0x0, 0xc4, 0x41, 0x90, 0xf, 0xe9, 0x51, 0x90,
    0xe, 0x90, 0x6c, 0x51, 0x0, 0x9, 0xc7, 0x30,
    0xe0, 0x80, 0x72, 0x50, 0x1d, 0x77, 0xfb, 0xb1,
    0xc5, 0xbc, 0x80, 0x3e, 0x5e, 0x84, 0x10, 0x0,
    0xa4, 0x74, 0x88, 0x7, 0x80,

    /* U+0679 "ٹ" */
    0x0, 0xff, 0x7a, 0x0, 0x7f, 0xf2, 0x84, 0x3,
    0xff, 0x95, 0x3d, 0xf4, 0x1, 0xff, 0xc7, 0x39,
    0x75, 0x20, 0xf, 0xfe, 0x23, 0x5, 0x28, 0x81,
    0x80, 0x7f, 0xf0, 0xca, 0x42, 0xb5, 0xa4, 0x40,
    0x3f, 0xf8, 0x65, 0x97, 0x6c, 0xf6, 0x0, 0xff,
    0xe2, 0x9a, 0x20, 0xc0, 0x3c, 0x79, 0x20, 0x5,
    0x40, 0xf, 0xfe, 0x20, 0x9b, 0x80, 0x22, 0xc0,
    0x3f, 0xf8, 0x84, 0x41, 0x31, 0x22, 0x0, 0x7f,
    0xf1, 0x54, 0x10, 0x81, 0x80, 0x3f, 0xf8, 0xba,
    0x1c, 0x0, 0x60, 0xf, 0xfe, 0x38, 0x90, 0x12,
    0x80, 0x7f, 0xf0, 0xc6, 0x3, 0x5, 0x82, 0xa8,
    0xa4, 0x1, 0xf0, 0x92, 0x3d, 0x71, 0x2a, 0x4,
    0xb0, 0x2d, 0x6f, 0xff, 0xdd, 0xb7, 0xa, 0x31,
    0x40, 0x14, 0xec, 0x21, 0x8, 0x7, 0x9, 0x23,
    0x46, 0x73, 0x80, 0x0,

    /* U+067A "ٺ" */
    0x0, 0xff, 0x90, 0x40, 0x3f, 0xf9, 0xd, 0x74,
    0x1, 0xff, 0xc8, 0x20, 0x30, 0xf, 0xfe, 0x42,
    0x5c, 0x80, 0x7f, 0xf2, 0x1a, 0xf4, 0x3, 0xff,
    0x90, 0x42, 0x80, 0x1f, 0xfc, 0x84, 0xe8, 0x0,
    0xf1, 0xdc, 0x80, 0x15, 0x0, 0x3f, 0xf8, 0x82,
    0x8e, 0x0, 0x8b, 0x0, 0xff, 0xe2, 0x11, 0x4,
    0xc4, 0x88, 0x1, 0xff, 0xc5, 0x50, 0x42, 0x6,
    0x0, 0xff, 0xe2, 0xe8, 0x70, 0x1, 0x80, 0x3f,
    0xf8, 0xe2, 0x40, 0x4a, 0x1, 0xff, 0xc3, 0x18,
    0xc, 0x15, 0xa, 0xa2, 0x90, 0x7, 0xc2, 0x48,
    0xf5, 0xc4, 0xa8, 0x14, 0xc0, 0xb5, 0xbf, 0xff,
    0x76, 0xdc, 0x28, 0xc5, 0x0, 0x53, 0xb0, 0x84,
    0x20, 0x1c, 0x24, 0x8d, 0x19, 0xce, 0x0,

    /* U+067B "ٻ" */
    0x0, 0xff, 0xef, 0x1e, 0xc8, 0x1, 0x94, 0x3,
    0xff, 0x88, 0x24, 0xe0, 0x8, 0xa0, 0xf, 0xfe,
    0x21, 0x18, 0xa0, 0x88, 0x80, 0x3f, 0xf8, 0xa8,
    0x6, 0x40, 0xc0, 0x1f, 0xfc, 0x5d, 0xe, 0x0,
    0x30, 0x7, 0xff, 0x1c, 0x48, 0x9, 0x40, 0x3f,
    0xf8, 0x63, 0x1, 0x82, 0xc1, 0x54, 0x52, 0x0,
    0xf8, 0x4d, 0x1e, 0xf8, 0x95, 0x2, 0x58, 0x16,
    0xb7, 0xff, 0xee, 0xcb, 0x84, 0x19, 0xa0, 0xa,
    0x7a, 0x14, 0x84, 0x3, 0x84, 0x91, 0xa3, 0x39,
    0x80, 0x38, 0x5e, 0xb7, 0xbf, 0xfb, 0xb6, 0xe5,
    0xcc, 0x3, 0xff, 0x84, 0x5c, 0xc0, 0x1f, 0xfd,
    0xf2, 0xe6, 0x0, 0xff, 0xe4, 0x17, 0x30, 0x7,
    0xff, 0x54,

    /* U+067C "ټ" */
    0x0, 0xfe, 0x23, 0x1, 0x40, 0xf, 0xfe, 0x36,
    0xe1, 0x55, 0xb8, 0x7, 0xff, 0x14, 0xc8, 0xcc,
    0x6, 0x1, 0xff, 0xc5, 0xcd, 0x18, 0xf4, 0x0,
    0xc7, 0x70, 0x0, 0x54, 0x0, 0xff, 0xe2, 0xa,
    0x30, 0x2, 0x2c, 0x3, 0xff, 0x88, 0x44, 0x13,
    0x12, 0x20, 0x7, 0xff, 0x15, 0x41, 0x8, 0x18,
    0x3, 0xff, 0x8b, 0xa1, 0xc0, 0x6, 0x0, 0xff,
    0xe3, 0x89, 0x1, 0x28, 0x7, 0xff, 0xc, 0x60,
    0x34, 0x54, 0x2a, 0x8a, 0x40, 0x1f, 0x9, 0x23,
    0xd7, 0x11, 0x14, 0x29, 0x81, 0x6b, 0x7f, 0xfe,
    0xed, 0xb8, 0x50, 0x4c, 0x0, 0xa7, 0x61, 0x8,
    0x40, 0x3e, 0x12, 0x48, 0xcb, 0x10, 0xc, 0x4f,
    0x7b, 0xdf, 0x27, 0xcc, 0xbf, 0xdb, 0x6e, 0x60,
    0x1f, 0xfd, 0x76, 0xe, 0x79, 0x0, 0xff, 0xe3,
    0xe6, 0xf1, 0x80, 0x7f, 0x0,

    /* U+067D "ٽ" */
    0x0, 0xfe, 0xcd, 0x18, 0xe4, 0x0, 0xff, 0xe2,
    0x99, 0x19, 0x84, 0xc0, 0x3f, 0xf8, 0xbb, 0x6d,
    0x14, 0xe0, 0x1f, 0xfc, 0x52, 0x1b, 0xf5, 0x0,
    0xff, 0xe3, 0xb0, 0xa8, 0x7, 0xff, 0x20, 0xfa,
    0x40, 0x3c, 0x77, 0x20, 0x5, 0x40, 0xf, 0xfe,
    0x20, 0xa3, 0x80, 0x22, 0xc0, 0x3f, 0xf8, 0x84,
    0x41, 0x31, 0x22, 0x0, 0x7f, 0xf1, 0x54, 0x10,
    0x81, 0x80, 0x3f, 0xf8, 0xba, 0x1c, 0x0, 0x60,
    0xf, 0xfe, 0x38, 0x90, 0x12, 0x80, 0x7f, 0xf0,
    0xc6, 0x3, 0x5, 0x42, 0xa8, 0xa4, 0x1, 0xf0,
    0x92, 0x3d, 0x71, 0x2a, 0x5, 0x30, 0x2d, 0x6f,
    0xff, 0xdd, 0xb7, 0xa, 0x31, 0x40, 0x14, 0xec,
    0x21, 0x8, 0x7, 0x9, 0x23, 0x46, 0x73, 0x80,
    0x0,

    /* U+067E "پ" */
    0x0, 0xff, 0xef, 0x1e, 0xc8, 0x1, 0x94, 0x3,
    0xff, 0x88, 0x24, 0xe0, 0x8, 0xa0, 0xf, 0xfe,
    0x21, 0x18, 0xa0, 0x88, 0x80, 0x3f, 0xf8, 0xa8,
    0x6, 0x40, 0xc0, 0x1f, 0xfc, 0x5d, 0xe, 0x0,
    0x30, 0x7, 0xff, 0x1c, 0x48, 0x9, 0x40, 0x3f,
    0xf8, 0x63, 0x1, 0x82, 0xc1, 0x54, 0x52, 0x0,
    0xf8, 0x4d, 0x1e, 0xf8, 0x95, 0x2, 0x58, 0x16,
    0xb7, 0xff, 0xee, 0xcb, 0x84, 0x19, 0xa0, 0xa,
    0x7a, 0x14, 0x84, 0x3, 0x84, 0x91, 0xa3, 0x39,
    0x80, 0x38, 0x5e, 0xb7, 0xbf, 0xfb, 0xb6, 0xe5,
    0xcc, 0x3, 0xff, 0x83, 0x7a, 0x35, 0xc4, 0x1,
    0xff, 0xc5, 0x52, 0x36, 0x11, 0x0, 0x7f, 0xf1,
    0x7f, 0x43, 0x74, 0x60, 0x1f, 0xfc, 0x51, 0x7d,
    0xb2, 0x0, 0xff, 0xe3, 0xb0, 0xe8, 0x7, 0xf8,

    /* U+067F "ٿ" */
    0x0, 0xfe, 0x23, 0x1, 0x40, 0xf, 0xfe, 0x36,
    0xe1, 0x55, 0xb8, 0x7, 0xff, 0x14, 0xc8, 0xcc,
    0x6, 0x1, 0xff, 0xc5, 0xee, 0xc, 0xda, 0x0,
    0x7f, 0xf1, 0x77, 0xa, 0xad, 0xc0, 0x3f, 0xf8,
    0xa6, 0x46, 0x60, 0x30, 0xf, 0xfe, 0x2e, 0x68,
    0xc7, 0xa0, 0x6, 0x3b, 0x90, 0x2, 0xa0, 0x7,
    0xff, 0x10, 0x51, 0xc0, 0x11, 0x60, 0x1f, 0xfc,
    0x42, 0x20, 0x98, 0x91, 0x0, 0x3f, 0xf8, 0xaa,
    0x8, 0x40, 0xc0, 0x1f, 0xfc, 0x5d, 0xe, 0x0,
    0x30, 0x7, 0xff, 0x1c, 0x48, 0x9, 0x40, 0x3f,
    0xf8, 0x63, 0x1, 0x82, 0xa1, 0x54, 0x52, 0x0,
    0xf8, 0x49, 0x1e, 0xb8, 0x95, 0x2, 0x98, 0x16,
    0xb7, 0xff, 0xee, 0xdb, 0x85, 0x18, 0xa0, 0xa,
    0x76, 0x10, 0x84, 0x3, 0x84, 0x91, 0xa3, 0x39,
    0xc0, 0x0,

    /* U+0680 "ڀ" */
    0x0, 0xff, 0xef, 0x1e, 0xc8, 0x1, 0x94, 0x3,
    0xff, 0x88, 0x24, 0xe0, 0x8, 0xa0, 0xf, 0xfe,
    0x21, 0x18, 0xa0, 0x88, 0x80, 0x3f, 0xf8, 0xa8,
    0x6, 0x40, 0xc0, 0x1f, 0xfc, 0x5d, 0xe, 0x0,
    0x30, 0x7, 0xff, 0x1c, 0x48, 0x9, 0x40, 0x3f,
    0xf8, 0x63, 0x1, 0x82, 0xc1, 0x54, 0x52, 0x0,
    0xf8, 0x4d, 0x1e, 0xf8, 0x95, 0x2, 0x58, 0x16,
    0xb7, 0xff, 0xee, 0xcb, 0x84, 0x19, 0xa0, 0xa,
    0x7a, 0x14, 0x84, 0x3, 0x84, 0x91, 0xa3, 0x39,
    0x80, 0x38, 0x5e, 0xb7, 0xbf, 0xfb, 0xb6, 0xe5,
    0xcc, 0x3, 0xff, 0x83, 0x3c, 0x31, 0xc6, 0x1,
    0xff, 0xc5, 0x51, 0x23, 0x17, 0x0, 0xff, 0xe2,
    0xf5, 0x1d, 0x51, 0x0, 0x3f, 0xf8, 0xbd, 0x47,
    0x54, 0x40, 0xf, 0xfe, 0x2b, 0x8, 0x8c, 0x5c,
    0x3, 0xf0,

    /* U+0681 "ځ" */
    0x0, 0xff, 0xe4, 0x1e, 0x7b, 0x80, 0x7f, 0xde,
    0xd6, 0xa0, 0x1f, 0xf1, 0xe2, 0x10, 0x7, 0xfc,
    0xd0, 0x8c, 0x80, 0x1f, 0xee, 0x1b, 0x93, 0x0,
    0xff, 0x62, 0xd7, 0x38, 0x7, 0xfa, 0xe9, 0x44,
    0x3, 0xff, 0xb0, 0x35, 0xbf, 0xd9, 0x6, 0x1,
    0xf0, 0xa9, 0x0, 0x9b, 0xe7, 0x4a, 0x90, 0x6,
    0xce, 0xfe, 0xc8, 0x41, 0x6a, 0xdf, 0xb0, 0x1,
    0x88, 0x9, 0xb6, 0x10, 0x7, 0xf8, 0x67, 0xa0,
    0x92, 0x33, 0xac, 0x3, 0x27, 0xb0, 0x3f, 0x5b,
    0x98, 0x80, 0x65, 0xb1, 0x5e, 0x81, 0x0, 0xf8,
    0xa8, 0x26, 0x84, 0x3, 0xfb, 0x82, 0x18, 0x3,
    0xfc, 0x66, 0x27, 0x0, 0xff, 0xac, 0x2c, 0x3,
    0xff, 0x80, 0x40, 0x40, 0x1f, 0xfc, 0x1, 0x1,
    0x0, 0xff, 0xe0, 0x10, 0x78, 0x7, 0xff, 0x2,
    0x81, 0x60, 0x3, 0xfe, 0x38, 0x7, 0xe7, 0x31,
    0x0, 0x12, 0x4d, 0x80, 0x1e, 0x84, 0x51, 0x9d,
    0xfe, 0xdb, 0x64, 0x20, 0x2, 0xf5, 0x31, 0x8,
    0x0, 0x96, 0x78, 0x80,

    /* U+0682 "ڂ" */
    0x0, 0xf3, 0x7a, 0x80, 0x7f, 0xf0, 0x30, 0x34,
    0x3, 0xff, 0x81, 0x75, 0x0, 0x1f, 0xfc, 0x7,
    0xa5, 0x0, 0xff, 0xe0, 0x78, 0x68, 0x7, 0xff,
    0x2, 0x6a, 0x0, 0x3f, 0xf8, 0x2a, 0x1, 0xff,
    0xca, 0x1a, 0xdf, 0xec, 0x83, 0x0, 0xf8, 0x54,
    0x80, 0x4d, 0xf3, 0xa5, 0x48, 0x3, 0x67, 0x7f,
    0x64, 0x20, 0xb5, 0x6f, 0xd8, 0x0, 0xc4, 0x4,
    0xdb, 0x8, 0x3, 0xfc, 0x33, 0xd0, 0x49, 0x19,
    0xd6, 0x1, 0x93, 0xd8, 0x1f, 0xad, 0xcc, 0x40,
    0x32, 0xd8, 0xaf, 0x40, 0x80, 0x7c, 0x54, 0x13,
    0x42, 0x1, 0xfd, 0xc1, 0xc, 0x1, 0xfe, 0x33,
    0x13, 0x80, 0x7f, 0xd6, 0x16, 0x1, 0xff, 0xc0,
    0x20, 0x20, 0xf, 0xfe, 0x0, 0x80, 0x80, 0x7f,
    0xf0, 0x8, 0x3c, 0x3, 0xff, 0x81, 0x40, 0xb0,
    0x1, 0xff, 0x1c, 0x3, 0xf3, 0x98, 0x80, 0x9,
    0x26, 0xc0, 0xf, 0x42, 0x28, 0xce, 0xff, 0x6d,
    0xb2, 0x10, 0x1, 0x7a, 0x98, 0x84, 0x0, 0x4b,
    0x3c, 0x40,

    /* U+0683 "ڃ" */
    0x1a, 0xdf, 0xf6, 0xd2, 0x80, 0x7c, 0x2a, 0x40,
    0x2, 0x5a, 0xfb, 0x63, 0x10, 0xb, 0x3b, 0xfd,
    0xb4, 0xc2, 0x93, 0x9d, 0xe4, 0x6, 0x20, 0x2,
    0x4f, 0x50, 0xf, 0xf0, 0xcf, 0x4a, 0x22, 0x2f,
    0xbc, 0x80, 0x24, 0xf6, 0x18, 0xeb, 0x74, 0x10,
    0xc, 0xd6, 0x2d, 0xce, 0x20, 0x1f, 0x1c, 0x85,
    0x48, 0x7, 0xfb, 0x82, 0x54, 0x3, 0xfc, 0x84,
    0x6c, 0x0, 0x41, 0x3, 0x30, 0x6, 0xd0, 0xa0,
    0x2, 0xde, 0xe, 0x60, 0x80, 0x22, 0x2, 0x0,
    0x30, 0xa0, 0x99, 0x10, 0x3, 0xf1, 0xf4, 0x86,
    0x68, 0x6, 0x20, 0xc0, 0xf, 0xfe, 0x6, 0x83,
    0xa0, 0x7, 0xfc, 0x8a, 0x17, 0x65, 0x21, 0x0,
    0x9, 0xb5, 0x28, 0x53, 0x82, 0x56, 0xf7, 0xfb,
    0xb2, 0x57, 0xc0, 0x11, 0xd2, 0xa4, 0x1, 0xa,
    0x3e, 0x50,

    /* U+0684 "ڄ" */
    0x1a, 0xdf, 0xec, 0x83, 0x0, 0xf8, 0x54, 0x80,
    0x4d, 0xf3, 0xa5, 0x48, 0x3, 0x67, 0x7f, 0x64,
    0x20, 0xb5, 0x6f, 0xd8, 0x0, 0xc4, 0x4, 0xdb,
    0x8, 0x3, 0xfc, 0x33, 0xd0, 0x49, 0x19, 0xd6,
    0x1, 0x93, 0xd8, 0x1f, 0xad, 0xcc, 0x40, 0x32,
    0xd8, 0xaf, 0x40, 0x80, 0x7c, 0x54, 0x13, 0x42,
    0x25, 0x0, 0xfb, 0x82, 0x18, 0x1, 0x54, 0x70,
    0xe, 0x33, 0x13, 0x80, 0x46, 0x6, 0x1, 0xd6,
    0x16, 0x1, 0xa6, 0x90, 0x3, 0x88, 0x8, 0x3,
    0x55, 0x1c, 0x3, 0x84, 0x4, 0x3, 0x60, 0x18,
    0x7, 0x10, 0x78, 0x6, 0x7f, 0x40, 0xe, 0xa0,
    0x58, 0x0, 0xff, 0x8e, 0x1, 0xf9, 0xcc, 0x40,
    0x4, 0x93, 0x80, 0x7, 0xa1, 0x14, 0x67, 0x7f,
    0xb6, 0xd8, 0xcc, 0x0, 0x5e, 0xa6, 0x21, 0x0,
    0x12, 0xcf, 0x18,

    /* U+0685 "څ" */
    0x0, 0xf9, 0x40, 0x3f, 0xf8, 0x31, 0x52, 0x1,
    0xff, 0xc0, 0xd0, 0xf0, 0xf, 0xf0, 0xef, 0x7e,
    0xf0, 0x80, 0x7e, 0x22, 0x20, 0x28, 0x90, 0x7,
    0xe3, 0xbd, 0xc, 0xb3, 0x0, 0xfe, 0x42, 0x2,
    0x40, 0xf, 0xfe, 0x40, 0xd6, 0xff, 0x64, 0x18,
    0x7, 0xc2, 0xa4, 0x2, 0x6f, 0x9d, 0x2a, 0x40,
    0x1b, 0x3b, 0xfb, 0x21, 0x5, 0xab, 0x7e, 0xc0,
    0x6, 0x20, 0x26, 0xd8, 0x40, 0x1f, 0xe1, 0x9e,
    0x82, 0x48, 0xce, 0xb0, 0xc, 0x9e, 0xc0, 0xfd,
    0x6e, 0x62, 0x1, 0x96, 0xc5, 0x7a, 0x4, 0x3,
    0xe2, 0xa0, 0x9a, 0x10, 0xf, 0xee, 0x8, 0x60,
    0xf, 0xf1, 0x98, 0x9c, 0x3, 0xfe, 0xb0, 0xb0,
    0xf, 0xfe, 0x1, 0x1, 0x0, 0x7f, 0xf0, 0x4,
    0x4, 0x3, 0xff, 0x80, 0x41, 0xe0, 0x1f, 0xfc,
    0xa, 0x5, 0x80, 0xf, 0xf8, 0xe0, 0x1f, 0x9c,
    0xc4, 0x0, 0x49, 0x36, 0x0, 0x7a, 0x11, 0x46,
    0x77, 0xfb, 0x6d, 0x90, 0x80, 0xb, 0xd4, 0xc4,
    0x20, 0x2, 0x59, 0xe2,

    /* U+0686 "چ" */
    0x1a, 0xdf, 0xf6, 0xd2, 0x80, 0x7c, 0x2a, 0x40,
    0x2, 0x5a, 0xfb, 0x63, 0x10, 0xb, 0x3b, 0xfd,
    0xb4, 0xc2, 0x93, 0x9d, 0xe4, 0x6, 0x20, 0x2,
    0x4f, 0x50, 0xf, 0xf0, 0xcf, 0x4a, 0x22, 0x2f,
    0xbc, 0x80, 0x24, 0xf6, 0x18, 0xeb, 0x74, 0x10,
    0xc, 0xd6, 0x2d, 0xce, 0x20, 0x1f, 0x1c, 0x85,
    0x48, 0x7, 0xfb, 0x82, 0x54, 0xba, 0x43, 0x34,
    0x3, 0x21, 0x1b, 0x3, 0x8a, 0x9, 0x90, 0x80,
    0x5a, 0x14, 0x0, 0x5b, 0xe4, 0xcc, 0x8, 0x4,
    0x40, 0x40, 0x12, 0x45, 0x21, 0x80, 0x7f, 0xd8,
    0x6, 0x1, 0xc4, 0x18, 0x1, 0x9f, 0xd0, 0x3,
    0xb4, 0x1d, 0x0, 0x3f, 0xe4, 0x50, 0xbb, 0x29,
    0x8, 0x0, 0x4d, 0xf1, 0x42, 0x9c, 0x12, 0xb7,
    0xbf, 0xdd, 0x90, 0x7e, 0x0, 0x8e, 0x95, 0x20,
    0x8, 0x51, 0xf2, 0x80,

    /* U+0687 "ڇ" */
    0x1a, 0xdf, 0xf6, 0xd2, 0x80, 0x7c, 0x2a, 0x40,
    0x2, 0x5a, 0xfb, 0x63, 0x10, 0xb, 0x3b, 0xfd,
    0xb4, 0xc2, 0x93, 0x9d, 0xe4, 0x6, 0x20, 0x2,
    0x4f, 0x50, 0xf, 0xf0, 0xcf, 0x4a, 0x22, 0x2f,
    0xbc, 0x80, 0x24, 0xf6, 0x18, 0xeb, 0x74, 0x10,
    0xc, 0xd6, 0x2d, 0xce, 0x20, 0x1f, 0x1c, 0x85,
    0x4a, 0x10, 0x19, 0x80, 0x3b, 0x82, 0x55, 0x2f,
    0xc7, 0x30, 0x40, 0x12, 0x11, 0xb0, 0x30, 0xb8,
    0x99, 0x18, 0x5, 0xa1, 0x40, 0x2, 0xa8, 0xf,
    0xe1, 0x0, 0x88, 0x8, 0x0, 0x97, 0xe3, 0x98,
    0x20, 0xf, 0xcc, 0x2e, 0x26, 0x46, 0x1, 0x10,
    0x60, 0x0, 0xba, 0x83, 0x34, 0x40, 0x2d, 0x7,
    0x40, 0xf, 0xf9, 0x14, 0x2e, 0xca, 0x42, 0x0,
    0x13, 0x7c, 0x50, 0xa7, 0x4, 0xad, 0xef, 0xf7,
    0x64, 0x1f, 0x80, 0x23, 0xa5, 0x48, 0x2, 0x14,
    0x7c, 0xa0,

    /* U+0688 "ڈ" */
    0x0, 0x91, 0x80, 0x3f, 0xb2, 0xc0, 0x3f, 0xbc,
    0x3, 0xfe, 0x3c, 0xff, 0x28, 0x6, 0x1e, 0x5,
    0x81, 0xf0, 0xd, 0x6c, 0x2d, 0x7, 0x20, 0x1a,
    0xf2, 0xf3, 0x74, 0x60, 0x18, 0x4d, 0xc, 0x80,
    0x3f, 0xf9, 0x2e, 0x40, 0x1f, 0x9e, 0x38, 0x3,
    0xf3, 0x9, 0xb0, 0x7, 0xc3, 0x61, 0x0, 0x1f,
    0x94, 0xc5, 0xc0, 0x3f, 0x40, 0x50, 0x7, 0xe4,
    0x22, 0x80, 0x3f, 0x38, 0x30, 0x7, 0xe1, 0x0,
    0x9a, 0xc, 0x0, 0x2e, 0x80, 0xa1, 0xf, 0x9f,
    0xee, 0x80, 0x91, 0xc, 0x62, 0x0, 0xa, 0xe3,
    0x0,

    /* U+0689 "ډ" */
    0x0, 0xf1, 0x0, 0x7f, 0x2e, 0xc0, 0x7, 0xe6,
    0x7, 0x30, 0xf, 0x8e, 0x3, 0xc0, 0x3f, 0x39,
    0x1a, 0x80, 0x7e, 0x80, 0xe0, 0xf, 0xca, 0x28,
    0x20, 0x1f, 0x90, 0x14, 0x3, 0xf0, 0x80, 0x83,
    0x41, 0x0, 0x5, 0xd0, 0x10, 0x21, 0xf7, 0xfd,
    0xd0, 0x10, 0x21, 0x8c, 0x1, 0x96, 0xdc, 0x0,
    0x52, 0x33, 0xa1, 0x8, 0x1, 0xff, 0xc4, 0xb9,
    0xd6, 0x20, 0xf, 0x2f, 0x6c, 0x80, 0x60,

    /* U+068A "ڊ" */
    0x0, 0xf1, 0x0, 0x7f, 0x2e, 0xc8, 0x7, 0xe7,
    0x6, 0x30, 0xf, 0x8a, 0x3, 0xc0, 0x3f, 0x39,
    0x1a, 0x80, 0x7e, 0x80, 0xe0, 0xf, 0xca, 0x28,
    0x20, 0x1f, 0x90, 0x14, 0x3, 0xf0, 0x80, 0x83,
    0x41, 0x80, 0x5, 0xd0, 0x10, 0x21, 0xf3, 0xfd,
    0xd0, 0x10, 0x21, 0x8c, 0x40, 0x1, 0x5b, 0x70,
    0x1, 0x4e, 0xff, 0xba, 0x90, 0x3, 0xff, 0x8a,
    0xfe, 0x80, 0x1f, 0xb4, 0xc, 0x3, 0xf5, 0xd3,
    0x80, 0x60,

    /* U+068B "ڋ" */
    0x0, 0x91, 0x80, 0x3f, 0xb2, 0xc0, 0x3f, 0xbc,
    0x3, 0xfe, 0x3c, 0xff, 0x20, 0x6, 0x1e, 0x5,
    0x81, 0xe0, 0xd, 0x6c, 0x2d, 0x1, 0x20, 0x1a,
    0xf2, 0xed, 0xbc, 0x60, 0x18, 0x4d, 0x10, 0x40,
    0x1f, 0xfc, 0x96, 0x20, 0xf, 0xcf, 0x3c, 0x1,
    0xf9, 0x84, 0xd8, 0x3, 0xe1, 0xb0, 0x80, 0xf,
    0xca, 0x62, 0xc0, 0x1f, 0xa0, 0x28, 0x3, 0xf2,
    0x11, 0x90, 0x7, 0xe7, 0x6, 0x0, 0xfc, 0x20,
    0x13, 0x41, 0x80, 0x5, 0xd0, 0x14, 0x21, 0xf3,
    0xfd, 0xd0, 0x12, 0x21, 0x8c, 0x40, 0x1, 0x5c,
    0x60, 0x1, 0x4e, 0xff, 0xba, 0x8c, 0x3, 0xff,
    0x8a, 0xfe, 0x80, 0x1f, 0xb4, 0xc, 0x3, 0xf5,
    0xd3, 0x80, 0x60,

    /* U+068C "ڌ" */
    0x0, 0x2f, 0xb8, 0xf5, 0x80, 0x76, 0x86, 0x90,
    0xa8, 0x7, 0x45, 0x59, 0xde, 0x0, 0x79, 0x44,
    0x10, 0x80, 0x3f, 0x88, 0x3, 0xf9, 0xb6, 0x40,
    0x3f, 0x20, 0x31, 0x80, 0x7c, 0x50, 0x1c, 0x1,
    0xf9, 0xc8, 0x8a, 0x1, 0xfa, 0x2, 0x40, 0x3f,
    0x28, 0x98, 0x80, 0x7e, 0x40, 0x50, 0xf, 0xc2,
    0x2, 0xd, 0x4, 0x0, 0x17, 0x40, 0x40, 0x87,
    0xdf, 0xf7, 0x40, 0x48, 0x86, 0xb1, 0x0, 0x5,
    0x6d, 0x80,

    /* U+068D "ڍ" */
    0x0, 0xf1, 0x0, 0x7f, 0x2e, 0xc8, 0x7, 0xe7,
    0x6, 0x30, 0xf, 0x8a, 0x3, 0x80, 0x3f, 0x39,
    0x11, 0x40, 0x3f, 0x40, 0x48, 0x7, 0xe5, 0x13,
    0x10, 0xf, 0xc8, 0xa, 0x1, 0xf8, 0x40, 0x41,
    0xa0, 0xc0, 0x2, 0xe8, 0x8, 0x10, 0xf9, 0xfe,
    0xe8, 0x8, 0x10, 0xc6, 0x20, 0x0, 0xad, 0xb8,
    0x0, 0xa7, 0x7f, 0xdd, 0x48, 0x1, 0xff, 0xc3,
    0x1e, 0xb0, 0xbe, 0x10, 0xc, 0xa2, 0xa0, 0x82,
    0x40, 0x19, 0x2f, 0x3, 0x6c, 0xc0, 0x0,

    /* U+068E "ڎ" */
    0x0, 0xc4, 0x80, 0x1f, 0xdf, 0x68, 0x1, 0xf9,
    0xc5, 0x80, 0x3c, 0x9f, 0xbf, 0x96, 0x1, 0xc6,
    0x1a, 0x42, 0xa0, 0x1c, 0xf5, 0x67, 0x78, 0x1,
    0xe5, 0x10, 0x42, 0x0, 0xfe, 0x20, 0xf, 0xe6,
    0xd9, 0x0, 0xfc, 0x80, 0xc6, 0x1, 0xf1, 0x40,
    0x70, 0x7, 0xe7, 0x22, 0x28, 0x7, 0xe8, 0x9,
    0x0, 0xfc, 0xa2, 0x62, 0x1, 0xf9, 0x1, 0x40,
    0x3f, 0x8, 0x8, 0x34, 0x10, 0x0, 0x5d, 0x1,
    0x2, 0x1f, 0x7f, 0xdd, 0x1, 0x22, 0x1a, 0xc4,
    0x0, 0x15, 0xb6, 0x0,

    /* U+068F "ڏ" */
    0x0, 0x94, 0x41, 0x8, 0x3, 0x9e, 0xac, 0xef,
    0x0, 0x38, 0xc3, 0x44, 0x4a, 0x1, 0xc9, 0xfb,
    0x98, 0xb0, 0xf, 0x9c, 0x58, 0x3, 0xf7, 0xda,
    0x0, 0x7e, 0x24, 0x0, 0xff, 0x88, 0x3, 0xf9,
    0xb6, 0x40, 0x3f, 0x20, 0x31, 0x80, 0x7c, 0x50,
    0x1c, 0x1, 0xf9, 0xc8, 0x8a, 0x1, 0xfa, 0x2,
    0x40, 0x3f, 0x28, 0x98, 0x80, 0x7e, 0x40, 0x50,
    0xf, 0xc2, 0x2, 0xd, 0x4, 0x0, 0x17, 0x40,
    0x40, 0x87, 0xdf, 0xf7, 0x40, 0x48, 0x86, 0xb1,
    0x0, 0x5, 0x6d, 0x80,

    /* U+0690 "ڐ" */
    0x0, 0x27, 0xb8, 0xf5, 0x80, 0x71, 0x86, 0x90,
    0xa8, 0x7, 0x3d, 0x59, 0xde, 0x0, 0x72, 0x53,
    0xd, 0x48, 0x7, 0x18, 0x69, 0xa, 0x80, 0x73,
    0xd5, 0x9d, 0xe0, 0x7, 0x94, 0x41, 0x8, 0x3,
    0xf8, 0x80, 0x3f, 0x9b, 0x64, 0x3, 0xf2, 0x3,
    0x18, 0x7, 0xc5, 0x1, 0xc0, 0x1f, 0x9c, 0x88,
    0xa0, 0x1f, 0xa0, 0x24, 0x3, 0xf2, 0x89, 0x88,
    0x7, 0xe4, 0x5, 0x0, 0xfc, 0x20, 0x20, 0xd0,
    0x40, 0x1, 0x74, 0x4, 0x8, 0x7d, 0xff, 0x74,
    0x4, 0x88, 0x6b, 0x10, 0x0, 0x56, 0xd8, 0x0,

    /* U+0691 "ڑ" */
    0x0, 0x96, 0x80, 0x3e, 0x24, 0x0, 0xf8, 0x45,
    0x7f, 0xe4, 0x0, 0xe7, 0xa2, 0xf0, 0x1, 0x69,
    0x70, 0x80, 0x80, 0x2d, 0xb, 0x6c, 0x6c, 0x1,
    0x19, 0x79, 0xb8, 0x20, 0x1, 0x34, 0x32, 0x0,
    0xff, 0xe2, 0x88, 0x7, 0x87, 0x3c, 0x3, 0xc2,
    0x2, 0xc0, 0x1e, 0x80, 0xa0, 0xf, 0x20, 0x98,
    0x7, 0xc8, 0x4, 0x1, 0xe3, 0x0, 0xfc, 0xa0,
    0x60, 0x1c, 0x46, 0x42, 0x1, 0xd2, 0x16, 0x1,
    0xd4, 0x86, 0xc0, 0x12, 0x6a, 0x96, 0x80, 0x13,
    0x6c, 0x93, 0x4, 0x0, 0xe4, 0x4a, 0xb1, 0x0,
    0x8f, 0x35, 0x40, 0x38,

    /* U+0692 "ڒ" */
    0x0, 0x8c, 0x0, 0x46, 0x1, 0x26, 0x8, 0x44,
    0x80, 0x48, 0x70, 0x2b, 0x0, 0x1a, 0x5a, 0xd0,
    0x80, 0x32, 0x92, 0xf8, 0x7, 0xbe, 0xd0, 0x3,
    0xc4, 0x80, 0x1f, 0xfc, 0xe9, 0xd0, 0xf, 0x90,
    0x94, 0x3, 0xd0, 0x1c, 0x1, 0xe5, 0x14, 0x0,
    0xf9, 0x0, 0x80, 0x3c, 0x60, 0x20, 0x1e, 0x20,
    0x20, 0xe, 0x14, 0x21, 0x0, 0xe8, 0xa, 0x0,
    0xe8, 0x62, 0x70, 0x8, 0xad, 0xc7, 0xc0, 0x7,
    0x7a, 0x85, 0x84, 0x0, 0x74, 0x8, 0xd2, 0x0,
    0x92, 0xbd, 0xc0, 0x38,

    /* U+0693 "ړ" */
    0x0, 0xff, 0xe1, 0xc5, 0x80, 0x7e, 0x54, 0x40,
    0x7, 0xd0, 0x1c, 0x1, 0xf2, 0x82, 0x80, 0x7e,
    0x40, 0x20, 0xf, 0x88, 0x3, 0xf8, 0x80, 0xc0,
    0x3c, 0x28, 0x22, 0x0, 0xf4, 0x4, 0x80, 0x79,
    0xd8, 0x25, 0x0, 0x22, 0xb8, 0x9, 0x95, 0x81,
    0xde, 0xa0, 0x82, 0x98, 0x1, 0xd0, 0x1f, 0x9f,
    0x2e, 0x1, 0x2b, 0xe0, 0x23, 0xb8, 0xe0,

    /* U+0694 "ڔ" */
    0x0, 0xe1, 0x40, 0xf, 0xf, 0xd8, 0x80, 0x70,
    0xa0, 0x30, 0x7, 0xa0, 0x28, 0x3, 0xc4, 0x50,
    0x80, 0x79, 0xc0, 0xc0, 0x3f, 0xf8, 0x6e, 0x4,
    0x1, 0xc6, 0x48, 0x1, 0xc3, 0xc1, 0xe0, 0x18,
    0xb0, 0x99, 0x0, 0x3, 0x1a, 0x49, 0x20, 0x6,
    0xe7, 0x8, 0xb2, 0x30, 0x40, 0x6d, 0x70, 0xdc,
    0x22, 0x7c, 0x90, 0x0, 0xc8, 0xc0,

    /* U+0695 "ڕ" */
    0x0, 0xff, 0xe1, 0x4e, 0x80, 0x7c, 0x84, 0xa0,
    0x1e, 0x80, 0xe0, 0xf, 0x28, 0xa0, 0x7, 0xc8,
    0x4, 0x1, 0xe3, 0x1, 0x0, 0xf1, 0x1, 0x0,
    0x70, 0xa1, 0x8, 0x7, 0x40, 0x50, 0x7, 0x43,
    0x13, 0x80, 0x45, 0x6e, 0x3e, 0x0, 0x3b, 0xd4,
    0x2c, 0x20, 0x3, 0xa0, 0x46, 0x90, 0x4, 0x95,
    0xee, 0xa0, 0x6, 0x0, 0x28, 0x2, 0x54, 0xec,
    0x3, 0xa2, 0xe2, 0x0, 0x1c, 0x84, 0xca, 0x1,
    0xec, 0xd0, 0x0,

    /* U+0696 "ږ" */
    0x0, 0xf0, 0x80, 0x78, 0x73, 0xc0, 0x3c, 0x2e,
    0x2c, 0x1, 0xef, 0xa, 0x0, 0xf2, 0x9, 0x80,
    0x7c, 0x80, 0x40, 0x4, 0x10, 0x1, 0x80, 0x4d,
    0x7a, 0x0, 0x20, 0x30, 0x51, 0x50, 0x14, 0x21,
    0x3, 0xe9, 0xb, 0xa, 0x0, 0xe9, 0x52, 0x70,
    0x8, 0xad, 0x87, 0xc0, 0x7, 0x7a, 0x85, 0x84,
    0x0, 0x74, 0x18, 0xd2, 0xcd, 0x14, 0xae, 0x70,
    0x1, 0x91, 0x82, 0x80, 0x6d, 0xc2,

    /* U+0697 "ڗ" */
    0x0, 0x94, 0x40, 0xc8, 0x2, 0x7a, 0xa1, 0x66,
    0x80, 0x46, 0x6, 0x62, 0x30, 0x9, 0x3e, 0x7,
    0x70, 0x3, 0xff, 0x88, 0x20, 0x1e, 0x1b, 0xf0,
    0xf, 0xb, 0x8b, 0x0, 0x7a, 0x3, 0x40, 0x3c,
    0x82, 0x80, 0x1f, 0x20, 0x10, 0x7, 0x8c, 0x3,
    0xf2, 0x81, 0x80, 0x70, 0x99, 0x8, 0x7, 0x58,
    0x58, 0x7, 0x4a, 0x9b, 0x0, 0x47, 0x8c, 0x3a,
    0x0, 0x4c, 0xc1, 0x9b, 0xc4, 0x2, 0x31, 0x9c,
    0x10, 0x9, 0x33, 0x98, 0x3, 0x80,

    /* U+0698 "ژ" */
    0x0, 0xd3, 0xc6, 0x1, 0xe5, 0x16, 0x0, 0xe4,
    0xfb, 0x62, 0x0, 0x9a, 0xe1, 0xb3, 0x40, 0x22,
    0x3, 0x31, 0x18, 0x4, 0x9f, 0x3, 0xb8, 0x1,
    0xff, 0xc4, 0x10, 0xf, 0xd, 0xf8, 0x7, 0x85,
    0xc5, 0x80, 0x3d, 0x1, 0xa0, 0x1e, 0x41, 0x40,
    0xf, 0x90, 0x8, 0x3, 0xc6, 0x1, 0xf9, 0x40,
    0xc0, 0x38, 0x4c, 0x84, 0x3, 0xac, 0x2c, 0x3,
    0xa5, 0x4d, 0x80, 0x23, 0xc6, 0x1d, 0x0, 0x26,
    0x60, 0xcd, 0xe2, 0x1, 0x18, 0xce, 0x8, 0x4,
    0x99, 0xcc, 0x1, 0xc0,

    /* U+0699 "ڙ" */
    0x0, 0x90, 0x40, 0xc8, 0x2, 0x6b, 0xa2, 0xcd,
    0x0, 0x88, 0xc, 0xc4, 0x60, 0x12, 0x5c, 0x8f,
    0x70, 0x2, 0x6b, 0xa2, 0xcd, 0x0, 0x88, 0xc,
    0xc4, 0x60, 0x12, 0x7c, 0xe, 0xe0, 0x7, 0xff,
    0x10, 0x40, 0x3c, 0x37, 0xe0, 0x1e, 0x17, 0x16,
    0x0, 0xf4, 0x6, 0x80, 0x79, 0x5, 0x0, 0x3e,
    0x40, 0x20, 0xf, 0x18, 0x7, 0xe5, 0x3, 0x0,
    0xe1, 0x32, 0x10, 0xe, 0xb0, 0xb0, 0xe, 0x95,
    0x36, 0x0, 0x8f, 0x18, 0x74, 0x0, 0x99, 0x83,
    0x37, 0x88, 0x4, 0x63, 0x38, 0x20, 0x12, 0x67,
    0x30, 0x7, 0x0,

    /* U+069A "ښ" */
    0x0, 0xff, 0xe3, 0x1f, 0x48, 0x7, 0xff, 0x35,
    0x85, 0x40, 0x3f, 0xf9, 0xab, 0x7a, 0x1, 0xff,
    0xce, 0x41, 0x0, 0x85, 0xe0, 0x3, 0xff, 0x9a,
    0x70, 0xe0, 0x1f, 0xfc, 0xd2, 0x20, 0x20, 0x7,
    0xff, 0x1, 0xb0, 0xc0, 0x30, 0xec, 0x0, 0x54,
    0x18, 0x1, 0xff, 0xc0, 0xf3, 0xb0, 0xc, 0x45,
    0x0, 0x48, 0x6, 0x2, 0x20, 0xf, 0xed, 0x4,
    0x0, 0xca, 0x4, 0x1, 0x18, 0x38, 0x47, 0x20,
    0x7, 0xe4, 0x3, 0x10, 0xb, 0x43, 0x80, 0x21,
    0x7, 0x7, 0x5, 0x0, 0xfe, 0x20, 0xa1, 0x4,
    0x40, 0x68, 0x80, 0x24, 0xc, 0x84, 0x84, 0x3,
    0xf8, 0x41, 0x3b, 0xec, 0x9, 0x3b, 0xfc, 0xe3,
    0x22, 0xc, 0x1, 0xff, 0xc0, 0x51, 0x2, 0x9c,
    0x61, 0x1, 0x5c, 0x11, 0x3, 0x0, 0x7f, 0x9,
    0x8d, 0x77, 0xeb, 0xc, 0xf7, 0xf5, 0x10, 0x10,
    0x93, 0x80, 0x7e, 0xa0, 0x60, 0xf, 0xfe, 0x15,
    0x84, 0x52, 0x0, 0x44, 0xda, 0x85, 0x20, 0x1a,
    0xf8, 0x40, 0x3e, 0x5a, 0x5, 0xbf, 0xfb, 0x64,
    0x8f, 0xc4, 0x3, 0x20, 0x90, 0x7, 0xe5, 0xe8,
    0x31, 0x0, 0x12, 0xd6, 0x10, 0x7, 0x6d, 0x98,
    0x7, 0x80,

    /* U+069B "ڛ" */
    0x0, 0xff, 0xe6, 0xb3, 0x80, 0x7f, 0xf3, 0x4a,
    0x60, 0x3, 0xff, 0x9a, 0x44, 0x4, 0x0, 0xff,
    0xe0, 0x36, 0x18, 0x6, 0x1c, 0x70, 0x9, 0x43,
    0x0, 0x3f, 0xf8, 0x1e, 0x76, 0x1, 0x88, 0xf4,
    0x2, 0xb0, 0x30, 0x11, 0x0, 0x7f, 0x68, 0x20,
    0x6, 0x50, 0x20, 0x8, 0x81, 0xc2, 0x39, 0x0,
    0x3f, 0x20, 0x18, 0x80, 0x58, 0x1c, 0x1, 0xce,
    0xe, 0xa, 0x1, 0xfc, 0x41, 0x42, 0x8, 0xa1,
    0xa2, 0x0, 0x90, 0x32, 0x12, 0x10, 0xf, 0xe1,
    0x4, 0xef, 0xb0, 0x24, 0xef, 0xf3, 0x8c, 0x88,
    0x30, 0x7, 0xff, 0x1, 0x44, 0xa, 0x71, 0x84,
    0x5, 0x70, 0x44, 0xc, 0x1, 0xfc, 0x26, 0x35,
    0xdf, 0xac, 0x33, 0xdf, 0xd4, 0x40, 0x42, 0x4e,
    0x1, 0xfa, 0x81, 0x80, 0xb, 0xee, 0x7f, 0x0,
    0x1e, 0xb0, 0x8a, 0x40, 0x8, 0x9b, 0x50, 0xa4,
    0x3, 0x9c, 0x4, 0x3, 0xcb, 0x40, 0xb7, 0xff,
    0x6c, 0x91, 0xf8, 0x80, 0x17, 0xf2, 0x7a, 0x40,
    0x3e, 0x5e, 0x83, 0x10, 0x1, 0x2d, 0x61, 0x0,
    0x73, 0x98, 0x7, 0xc0,

    /* U+069C "ڜ" */
    0x0, 0xff, 0xe3, 0xa0, 0x80, 0x7f, 0xf3, 0x56,
    0xf0, 0x3, 0xff, 0x9a, 0xe2, 0xe0, 0x1f, 0xfc,
    0xcb, 0xcf, 0xdf, 0x40, 0xf, 0xfe, 0x52, 0x9,
    0x60, 0x18, 0x7, 0xff, 0x2b, 0x6c, 0xea, 0x8e,
    0x1, 0xff, 0xca, 0x24, 0x1, 0x50, 0x0, 0xbc,
    0x0, 0x7f, 0xf3, 0x4e, 0x1c, 0x3, 0xff, 0x9a,
    0x44, 0x4, 0x0, 0xff, 0xe0, 0x36, 0x18, 0x6,
    0x1d, 0x80, 0xa, 0x83, 0x0, 0x3f, 0xf8, 0x1e,
    0x76, 0x1, 0x88, 0xa0, 0x9, 0x0, 0xc0, 0x44,
    0x1, 0xfd, 0xa0, 0x80, 0x19, 0x40, 0x80, 0x23,
    0x7, 0x8, 0xe4, 0x0, 0xfc, 0x80, 0x62, 0x1,
    0x68, 0x70, 0x4, 0x20, 0xe0, 0xe0, 0xa0, 0x1f,
    0xc4, 0x14, 0x20, 0x88, 0xd, 0x10, 0x4, 0x81,
    0x90, 0x90, 0x80, 0x7f, 0x8, 0x27, 0x7d, 0x81,
    0x27, 0x7f, 0x9c, 0x64, 0x41, 0x80, 0x3f, 0xf8,
    0xa, 0x20, 0x53, 0x8c, 0x20, 0x2b, 0x82, 0x20,
    0x60, 0xf, 0xe1, 0x31, 0xae, 0xfd, 0x61, 0x9e,
    0xfe, 0xa2, 0x2, 0x12, 0x70, 0xf, 0xd4, 0xc,
    0x0, 0x5f, 0x73, 0xf8, 0x0, 0xf5, 0x84, 0x52,
    0x0, 0x44, 0xda, 0x85, 0x20, 0x1c, 0xe0, 0x20,
    0x1e, 0x5a, 0x5, 0xbf, 0xfb, 0x64, 0x8f, 0xc4,
    0x0, 0xbf, 0x93, 0xd2, 0x1, 0xf2, 0xf4, 0x18,
    0x80, 0x9, 0x6b, 0x8, 0x3, 0x9c, 0xc0, 0x3e,

    /* U+069D "ڝ" */
    0x0, 0xff, 0xe5, 0xbe, 0x7f, 0xb1, 0x0, 0x3f,
    0xf9, 0x6d, 0xd0, 0x60, 0x3, 0xb6, 0x0, 0xff,
    0xe0, 0xad, 0x98, 0x7, 0x4c, 0x85, 0xb7, 0xfd,
    0x1, 0x20, 0x1f, 0xfc, 0x1c, 0x44, 0x0, 0x6a,
    0x62, 0xc9, 0x20, 0x3, 0xa0, 0x18, 0x11, 0x0,
    0x3f, 0xb4, 0x2c, 0x2, 0xb5, 0x3c, 0x30, 0xe,
    0x10, 0x10, 0xbd, 0x40, 0xf, 0xc8, 0x6, 0x81,
    0x8, 0x78, 0x20, 0x1c, 0x8a, 0x24, 0xe, 0x8,
    0x1, 0xfc, 0x41, 0x76, 0x71, 0xd0, 0x8, 0x4d,
    0xae, 0xc1, 0x60, 0x42, 0x60, 0x1f, 0xe1, 0x1,
    0x40, 0x1e, 0xff, 0xbb, 0x25, 0x6, 0x94, 0x4,
    0x1c, 0x3, 0xfc, 0x21, 0x94, 0xc6, 0x20, 0x10,
    0x9b, 0x57, 0x28, 0x0, 0x41, 0x80, 0x3f, 0x8c,
    0x84, 0x96, 0x73, 0xbf, 0xee, 0xc9, 0x50, 0xc,
    0x42, 0x4e, 0x1, 0xf0, 0xf0, 0x30, 0x7, 0xff,
    0x16, 0xc2, 0x29, 0x0, 0x22, 0x7f, 0x22, 0x40,
    0x6, 0xbe, 0x17, 0xf4, 0x0, 0xf9, 0x68, 0x56,
    0xff, 0xed, 0x81, 0x3c, 0x0, 0xe4, 0x12, 0xc0,
    0x30, 0xf, 0xcb, 0xf0, 0x62, 0x2, 0x4b, 0x78,
    0x20, 0x1d, 0xb6, 0x75, 0x47, 0x0, 0xf0,

    /* U+069E "ڞ" */
    0x0, 0xff, 0xe6, 0x47, 0x20, 0x7, 0xff, 0x40,
    0xc4, 0xc0, 0x3f, 0xfa, 0x15, 0x47, 0x0, 0xff,
    0xe7, 0x1f, 0x42, 0xee, 0x0, 0x7f, 0xf3, 0x54,
    0x54, 0x48, 0xc4, 0x3, 0xff, 0x98, 0xd7, 0xa3,
    0x98, 0x10, 0xf, 0xfe, 0x6a, 0x8, 0x19, 0x80,
    0x3f, 0xfd, 0xaf, 0x9f, 0xec, 0x40, 0xf, 0xfe,
    0x5b, 0x74, 0x18, 0x0, 0xed, 0x80, 0x3f, 0xf8,
    0x2b, 0x66, 0x1, 0xd3, 0x21, 0x6d, 0xff, 0x40,
    0x48, 0x7, 0xff, 0x7, 0x11, 0x0, 0x1a, 0x98,
    0xb2, 0x48, 0x0, 0xe8, 0x6, 0x4, 0x40, 0xf,
    0xed, 0xb, 0x0, 0xad, 0x4f, 0xc, 0x3, 0x84,
    0x4, 0x2f, 0x50, 0x3, 0xf2, 0x1, 0xa0, 0x42,
    0x1e, 0x8, 0x7, 0x22, 0x89, 0x3, 0x82, 0x0,
    0x7f, 0x10, 0x5d, 0x9c, 0x74, 0x2, 0x13, 0x6b,
    0xb0, 0x58, 0x10, 0x98, 0x7, 0xf8, 0x40, 0x50,
    0x7, 0xbf, 0xee, 0xc9, 0x41, 0xa5, 0x1, 0x7,
    0x0, 0xff, 0x8, 0x65, 0x31, 0x88, 0x4, 0x26,
    0xd5, 0xca, 0x0, 0x10, 0x60, 0xf, 0xe3, 0x21,
    0x25, 0x9c, 0xef, 0xfb, 0xb2, 0x54, 0x3, 0x10,
    0x93, 0x80, 0x7c, 0x3c, 0xc, 0x1, 0xff, 0xc5,
    0xb0, 0x8a, 0x40, 0x8, 0x9f, 0xc8, 0x90, 0x1,
    0xff, 0xc5, 0x5a, 0x15, 0xbf, 0xfb, 0x60, 0x4f,
    0x0, 0x3f, 0xf8, 0xeb, 0xf0, 0x62, 0x2, 0x4b,
    0x78, 0x20, 0x1f, 0xfc, 0x50,

    /* U+069F "ڟ" */
    0x0, 0xcb, 0xf2, 0x1, 0x9f, 0xd4, 0x3, 0xfc,
    0x60, 0x1b, 0x43, 0x40, 0x3f, 0x8, 0x7, 0xae,
    0xa0, 0x3, 0xfc, 0x20, 0x2, 0xeb, 0x5c, 0xd1,
    0x0, 0xf3, 0x83, 0x80, 0x18, 0x50, 0xc, 0x8c,
    0x3, 0xc2, 0x1, 0x92, 0xf0, 0x37, 0x8, 0x3,
    0xf0, 0x80, 0x48, 0x40, 0x46, 0x1, 0xf1, 0x80,
    0x7f, 0xf1, 0xcc, 0x2, 0x39, 0xdf, 0xe9, 0x10,
    0xe, 0x10, 0x10, 0x1a, 0xc6, 0x20, 0x16, 0xf1,
    0x0, 0xf8, 0xb1, 0x4a, 0x7b, 0xf4, 0xc6, 0x40,
    0x3e, 0xd2, 0x7d, 0x61, 0x2, 0xe0, 0x40, 0xf,
    0xd3, 0x0, 0x1c, 0x60, 0xe0, 0x18, 0x40, 0x16,
    0xc0, 0x1e, 0xb0, 0xc1, 0x32, 0x1a, 0x8, 0x51,
    0x11, 0x1a, 0xcf, 0x29, 0x3b, 0xb3, 0x79, 0x2,
    0x3b, 0xad, 0xca, 0x61, 0x4c, 0x2, 0x53, 0x21,
    0x10, 0x7, 0x12, 0x3e, 0xd8, 0x80,

    /* U+06A0 "ڠ" */
    0x0, 0xe4, 0x20, 0xf, 0xf8, 0xef, 0x0, 0x3f,
    0xe1, 0x12, 0x80, 0x7f, 0xab, 0x31, 0xbe, 0xa0,
    0x1f, 0x90, 0x5b, 0x3, 0x40, 0x3f, 0x65, 0xa5,
    0x52, 0x0, 0x3f, 0x12, 0x0, 0x14, 0x3, 0xff,
    0x96, 0xf9, 0xdc, 0xb0, 0xf, 0x87, 0x60, 0xc4,
    0x4a, 0x1, 0xf4, 0x11, 0x2f, 0xfd, 0x80, 0x1f,
    0x30, 0x62, 0x0, 0x8, 0x3, 0xc2, 0x4, 0x20,
    0x1f, 0xe1, 0x2, 0x20, 0x7, 0x8, 0x7, 0x30,
    0x62, 0x82, 0x4e, 0xf0, 0x7, 0x49, 0x8d, 0x7d,
    0xb1, 0x9, 0x0, 0x76, 0x88, 0x0, 0xe7, 0x78,
    0x80, 0x30, 0xe0, 0x9e, 0x61, 0x88, 0x3, 0xd6,
    0x4b, 0x86, 0x1, 0xf8, 0xd4, 0xe8, 0x3, 0xfd,
    0x61, 0x40, 0x1f, 0xf1, 0x82, 0x80, 0x7f, 0xf0,
    0x5c, 0x3, 0xfe, 0x20, 0xd0, 0xf, 0xfa, 0x81,
    0x94, 0x3, 0xfc, 0x6e, 0x15, 0x6a, 0x40, 0x1,
    0x26, 0xa5, 0x8, 0x90, 0x4a, 0xdf, 0xf7, 0x6c,
    0xaf, 0x80, 0x1b, 0xe5, 0x8, 0x0, 0x26, 0xf7,
    0x40,

    /* U+06A1 "ڡ" */
    0x0, 0xff, 0xe2, 0x1d, 0xfe, 0xa8, 0x7, 0xff,
    0x14, 0xb1, 0x0, 0xa9, 0x40, 0x3f, 0xf8, 0x92,
    0x13, 0xf2, 0x10, 0x0, 0x20, 0xf, 0xfe, 0x1,
    0x21, 0xb0, 0x32, 0x11, 0x87, 0x78, 0x80, 0x7f,
    0x9c, 0x14, 0x2, 0xc0, 0x50, 0x32, 0x10, 0xf,
    0xf0, 0x83, 0x98, 0x6, 0x12, 0x6, 0x0, 0xff,
    0x90, 0x87, 0x3f, 0xd0, 0x0, 0x10, 0x70, 0xf,
    0xfe, 0x6, 0x31, 0x91, 0x90, 0x9, 0x1, 0x98,
    0x3, 0xfe, 0x19, 0xcd, 0xc6, 0x5, 0x15, 0xc,
    0x94, 0x10, 0xf, 0xf8, 0x5d, 0x4, 0xc2, 0x94,
    0x1a, 0xfb, 0xfb, 0xbf, 0xbf, 0xa0, 0x20, 0x2,
    0xad, 0x84, 0x21, 0x1f, 0xf0, 0xa, 0x53, 0x0,

    /* U+06A2 "ڢ" */
    0x0, 0xff, 0xe2, 0x1d, 0xfe, 0xa8, 0x7, 0xff,
    0x14, 0xb1, 0x0, 0xa9, 0x40, 0x3f, 0xf8, 0x92,
    0x13, 0xf2, 0x10, 0x0, 0x20, 0xf, 0xfe, 0x1,
    0x21, 0xb0, 0x32, 0x11, 0x87, 0x78, 0x80, 0x7f,
    0x9c, 0x14, 0x2, 0xc0, 0x50, 0x32, 0x10, 0xf,
    0xf0, 0x83, 0x98, 0x6, 0x12, 0x6, 0x0, 0xff,
    0x90, 0x87, 0x3f, 0xd0, 0x0, 0x10, 0x70, 0xf,
    0xfe, 0x6, 0x31, 0x91, 0x90, 0x9, 0x1, 0x98,
    0x3, 0xfe, 0x19, 0xcd, 0xc6, 0x5, 0x15, 0xc,
    0x94, 0x10, 0xf, 0xf8, 0x5d, 0x4, 0xc2, 0x94,
    0x1a, 0xfb, 0xfb, 0xbf, 0xbf, 0xa0, 0x20, 0x2,
    0xad, 0x84, 0x21, 0x1f, 0xf0, 0xa, 0x53, 0x0,
    0x62, 0x7b, 0xde, 0xff, 0xff, 0x75, 0xa8, 0x7,
    0xff, 0x5f, 0x34, 0x3, 0xff, 0x90, 0x26, 0x44,
    0x0, 0xff, 0xe3, 0x8e, 0x60, 0x80, 0x3f, 0xc0,

    /* U+06A3 "ڣ" */
    0x0, 0xff, 0xe2, 0xd7, 0x10, 0x7, 0xff, 0x21,
    0x5, 0x80, 0x3f, 0xf9, 0x19, 0x68, 0x1, 0xff,
    0xc8, 0x24, 0x0, 0xff, 0xef, 0x9d, 0xfe, 0xa8,
    0x7, 0xff, 0x14, 0xb1, 0x0, 0xa9, 0x40, 0x3f,
    0xf8, 0x92, 0x13, 0xf2, 0x10, 0x0, 0x20, 0xf,
    0xfe, 0x1, 0x21, 0xb0, 0x32, 0x11, 0x87, 0x78,
    0x80, 0x7f, 0x9c, 0x14, 0x2, 0xc0, 0x50, 0x32,
    0x10, 0xf, 0xf0, 0x83, 0x98, 0x6, 0x12, 0x6,
    0x0, 0xff, 0x90, 0x87, 0x3f, 0xd0, 0x0, 0x10,
    0x70, 0xf, 0xfe, 0x6, 0x31, 0x91, 0x90, 0x9,
    0x1, 0x98, 0x3, 0xfe, 0x19, 0xcd, 0xc6, 0x5,
    0x15, 0xc, 0x94, 0x10, 0xf, 0xf8, 0x5d, 0x4,
    0xc2, 0x94, 0x1a, 0xfb, 0xfb, 0xbf, 0xbf, 0xa0,
    0x20, 0x2, 0xad, 0x84, 0x21, 0x1f, 0xf0, 0xa,
    0x53, 0x0, 0x62, 0x7b, 0xde, 0xff, 0xff, 0x75,
    0xa8, 0x7, 0xff, 0x7a, 0xb8, 0x80, 0x3f, 0xf9,
    0x8, 0x2c, 0x1, 0xff, 0xc8, 0xcb, 0x40, 0x8,

    /* U+06A4 "ڤ" */
    0x0, 0xff, 0xe2, 0xcf, 0x10, 0x7, 0xff, 0x21,
    0x5, 0xc0, 0x3f, 0xf9, 0x1f, 0x6a, 0x1, 0xff,
    0xc6, 0x4f, 0x55, 0x6d, 0x80, 0x7f, 0xf1, 0x4c,
    0x30, 0x88, 0x80, 0x1f, 0xfc, 0x57, 0xaa, 0x1d,
    0xe8, 0x7, 0xff, 0x19, 0x44, 0x10, 0x80, 0x3f,
    0xfb, 0xa7, 0x7f, 0xaa, 0x1, 0xff, 0xc5, 0x2c,
    0x40, 0x2a, 0x50, 0xf, 0xfe, 0x24, 0x84, 0xfc,
    0x84, 0x0, 0x8, 0x3, 0xff, 0x80, 0x48, 0x6c,
    0xc, 0x84, 0x61, 0xde, 0x20, 0x1f, 0xe7, 0x5,
    0x0, 0xb0, 0x14, 0xc, 0x84, 0x3, 0xfc, 0x20,
    0xe6, 0x1, 0x84, 0x81, 0x80, 0x3f, 0xe4, 0x21,
    0xcf, 0xf4, 0x0, 0x4, 0x1c, 0x3, 0xff, 0x81,
    0x8c, 0x64, 0x64, 0x2, 0x40, 0x66, 0x0, 0xff,
    0x86, 0x73, 0x71, 0x81, 0x45, 0x43, 0x25, 0x4,
    0x3, 0xfe, 0x17, 0x41, 0x30, 0xa5, 0x6, 0xbe,
    0xfe, 0xef, 0xef, 0xe8, 0x8, 0x0, 0xab, 0x61,
    0x8, 0x47, 0xfc, 0x2, 0x94, 0xc0,

    /* U+06A5 "ڥ" */
    0x0, 0xff, 0xe2, 0x1d, 0xfe, 0xa8, 0x7, 0xff,
    0x14, 0xb1, 0x0, 0xa9, 0x40, 0x3f, 0xf8, 0x92,
    0x13, 0xf2, 0x10, 0x0, 0x20, 0xf, 0xfe, 0x1,
    0x21, 0xb0, 0x32, 0x11, 0x87, 0x78, 0x80, 0x7f,
    0x9c, 0x14, 0x2, 0xc0, 0x50, 0x32, 0x10, 0xf,
    0xf0, 0x83, 0x98, 0x6, 0x12, 0x6, 0x0, 0xff,
    0x90, 0x87, 0x3f, 0xd0, 0x0, 0x10, 0x70, 0xf,
    0xfe, 0x6, 0x31, 0x91, 0x90, 0x9, 0x1, 0x98,
    0x3, 0xfe, 0x19, 0xcd, 0xc6, 0x5, 0x15, 0xc,
    0x94, 0x10, 0xf, 0xf8, 0x5d, 0x4, 0xc2, 0x94,
    0x1a, 0xfb, 0xfb, 0xbf, 0xbf, 0xa0, 0x20, 0x2,
    0xad, 0x84, 0x21, 0x1f, 0xf0, 0xa, 0x53, 0x0,
    0x62, 0x7b, 0xde, 0xff, 0xff, 0x75, 0xa8, 0x7,
    0xff, 0x71, 0xfd, 0xf, 0xa0, 0x3, 0xff, 0x8b,
    0xa0, 0x6a, 0x28, 0x1, 0xff, 0xc5, 0xba, 0x76,
    0xbd, 0x0, 0xff, 0xe2, 0x8a, 0xe6, 0xa0, 0x80,
    0x7f, 0xf1, 0x84, 0xc8, 0x80, 0x1f, 0xfc, 0x71,
    0xcc, 0x10, 0x4,

    /* U+06A6 "ڦ" */
    0x0, 0xff, 0xe2, 0x28, 0x81, 0x90, 0x7, 0xff,
    0x15, 0xea, 0x87, 0x9a, 0x1, 0xff, 0xc5, 0x30,
    0xc2, 0x14, 0x0, 0xff, 0xe2, 0xa7, 0xb8, 0xf5,
    0x80, 0x7f, 0xf1, 0x53, 0xdc, 0x76, 0xc0, 0x3f,
    0xf8, 0xa6, 0x18, 0x44, 0x40, 0xf, 0xfe, 0x2b,
    0xd5, 0xe, 0xf4, 0x3, 0xff, 0x8c, 0xa2, 0x8,
    0x40, 0x1f, 0xfd, 0xd3, 0xbf, 0xd5, 0x0, 0xff,
    0xe2, 0x96, 0x20, 0x15, 0x28, 0x7, 0xff, 0x12,
    0x42, 0x7e, 0x42, 0x0, 0x4, 0x1, 0xff, 0xc0,
    0x24, 0x36, 0x6, 0x42, 0x30, 0xef, 0x10, 0xf,
    0xf3, 0x82, 0x80, 0x58, 0xa, 0x6, 0x42, 0x1,
    0xfe, 0x10, 0x73, 0x0, 0xc2, 0x40, 0xc0, 0x1f,
    0xf2, 0x10, 0xe7, 0xfa, 0x0, 0x2, 0xe, 0x1,
    0xff, 0xc0, 0xc6, 0x32, 0x32, 0x1, 0x20, 0x33,
    0x0, 0x7f, 0xc3, 0x39, 0xb8, 0xc0, 0xa2, 0xa1,
    0x92, 0x82, 0x1, 0xff, 0xb, 0xa0, 0x98, 0x52,
    0x83, 0x5f, 0x7f, 0x77, 0xf7, 0xf4, 0x4, 0x0,
    0x55, 0xb0, 0x84, 0x23, 0xfe, 0x1, 0x4a, 0x60,

    /* U+06A7 "ڧ" */
    0x0, 0xff, 0xe0, 0xa0, 0x80, 0x7f, 0xf0, 0xda,
    0xf4, 0x3, 0xff, 0x86, 0xa2, 0x80, 0x1f, 0xfc,
    0x33, 0xe8, 0x0, 0xff, 0xea, 0x15, 0xf6, 0x20,
    0x7, 0xff, 0x0, 0x71, 0x4, 0xed, 0x0, 0x3f,
    0xe8, 0x17, 0xf7, 0x8, 0x0, 0xff, 0x98, 0xa0,
    0x20, 0x4c, 0x80, 0xa, 0x1, 0xe4, 0x7, 0x0,
    0x9c, 0x1c, 0x1a, 0xa4, 0x3, 0x84, 0xc, 0x2,
    0xf0, 0x20, 0xa0, 0xc0, 0xe, 0x60, 0x73, 0x1,
    0xe0, 0x0, 0x98, 0x28, 0x7, 0x19, 0x87, 0x3f,
    0x9c, 0x4, 0x80, 0x80, 0x3e, 0xd7, 0x32, 0x31,
    0x2, 0x0, 0xff, 0xc, 0x66, 0xe1, 0x82, 0x90,
    0x10, 0x80, 0x7f, 0x94, 0x94, 0x44, 0x41, 0x40,
    0x1f, 0xcd, 0x41, 0x0, 0x9, 0x4, 0xd6, 0x31,
    0x1, 0x36, 0xc9, 0xa, 0x20, 0x2, 0x50, 0x94,
    0xe7, 0x7f, 0x64, 0x99, 0xb1, 0x40, 0x32, 0xf4,
    0x20, 0x80, 0x4, 0xda, 0xf0, 0xc0, 0x20,

    /* U+06A8 "ڨ" */
    0x0, 0xff, 0xe0, 0x1f, 0x48, 0x7, 0xff, 0xd,
    0x85, 0x40, 0x3f, 0xf8, 0x44, 0xd7, 0xe8, 0x1,
    0xff, 0xc1, 0xdc, 0x68, 0xb6, 0x0, 0xff, 0xe0,
    0x19, 0x19, 0x80, 0x80, 0x3f, 0xf8, 0x19, 0xa3,
    0x1e, 0x80, 0x1f, 0xfd, 0x22, 0xbe, 0xc4, 0x0,
    0xff, 0xe0, 0xe, 0x20, 0x9d, 0xa0, 0x7, 0xfd,
    0x2, 0xfe, 0xe1, 0x0, 0x1f, 0xf3, 0x14, 0x4,
    0x9, 0x90, 0x1, 0x40, 0x3c, 0x80, 0xe0, 0x13,
    0x83, 0x83, 0x54, 0x80, 0x70, 0x81, 0x80, 0x5e,
    0x4, 0x14, 0x18, 0x1, 0xcc, 0xe, 0x60, 0x3c,
    0x0, 0x13, 0x5, 0x0, 0xe3, 0x30, 0xe7, 0xf3,
    0x80, 0x90, 0x10, 0x7, 0xda, 0xe6, 0x46, 0x20,
    0x40, 0x1f, 0xe1, 0x8c, 0xdc, 0x30, 0x52, 0x2,
    0x10, 0xf, 0xf2, 0x92, 0x88, 0x88, 0x28, 0x3,
    0xf9, 0xa8, 0x20, 0x1, 0x20, 0x9a, 0xc6, 0x20,
    0x26, 0xd9, 0x21, 0x44, 0x0, 0x4a, 0x12, 0x9c,
    0xef, 0xec, 0x93, 0x36, 0x28, 0x6, 0x5e, 0x84,
    0x10, 0x0, 0x9b, 0x5e, 0x18, 0x4,

    /* U+06A9 "ک" */
    0x0, 0xff, 0xe4, 0x18, 0x7, 0xff, 0x1d, 0xfb,
    0x40, 0x3f, 0xf8, 0xaf, 0xd0, 0x2a, 0x20, 0x1f,
    0xfc, 0x26, 0xe8, 0x15, 0xdb, 0x10, 0xf, 0xfe,
    0x0, 0xe4, 0x8a, 0xed, 0x10, 0x7, 0xff, 0xb,
    0x4c, 0xb2, 0x88, 0x3, 0xff, 0x86, 0x26, 0x1e,
    0x60, 0x1f, 0xfc, 0x51, 0x40, 0xc4, 0x0, 0xff,
    0xe3, 0x5b, 0x8d, 0xa0, 0x7, 0x99, 0x40, 0x3f,
    0xd1, 0x21, 0x68, 0x1, 0xd1, 0x40, 0x1f, 0xf3,
    0x50, 0x59, 0x0, 0x42, 0x22, 0x0, 0xff, 0xe0,
    0x2c, 0x87, 0x80, 0x44, 0xc, 0x1, 0xff, 0xc1,
    0x64, 0x24, 0x0, 0xcc, 0x1, 0xff, 0xc2, 0xf0,
    0xc0, 0x1, 0x1, 0x28, 0x7, 0xff, 0x4, 0x80,
    0x30, 0xb0, 0x55, 0x14, 0x80, 0x3c, 0x26, 0xb5,
    0x21, 0x60, 0x14, 0xb0, 0x2d, 0x6f, 0xff, 0xbb,
    0x29, 0x46, 0x8c, 0x3, 0x4f, 0x42, 0x90, 0x80,
    0x61, 0x24, 0x7b, 0xe5, 0x0, 0x80,

    /* U+06AA "ڪ" */
    0x0, 0xff, 0xe1, 0x13, 0xc0, 0x7, 0xff, 0x14,
    0x5f, 0x75, 0xe, 0x1, 0xff, 0xc4, 0x8e, 0x83,
    0x6a, 0xe0, 0xf, 0xfe, 0x10, 0xeb, 0x9d, 0x74,
    0xa8, 0x80, 0x7f, 0xf0, 0xb4, 0xa7, 0x14, 0x3,
    0xff, 0x8a, 0x46, 0x66, 0x0, 0xff, 0xe4, 0x9f,
    0x5c, 0xbb, 0x21, 0x0, 0x7f, 0xf0, 0x4a, 0x44,
    0x48, 0xd1, 0x37, 0xbf, 0xb2, 0x40, 0x1f, 0xe6,
    0xed, 0xa9, 0x88, 0x3b, 0x94, 0xdb, 0x5c, 0x3,
    0xfe, 0x25, 0x67, 0x74, 0x42, 0xba, 0xc6, 0x4,
    0x3, 0xff, 0x8e, 0x8e, 0x4, 0x1, 0xff, 0xc4,
    0x12, 0x59, 0x61, 0x39, 0xff, 0xff, 0xe1, 0xf6,
    0xd3, 0xe, 0x80, 0x88, 0x3, 0xff, 0x82, 0x24,
    0x8f, 0x7c, 0x60,

    /* U+06AB "ګ" */
    0x0, 0xff, 0xe4, 0x10, 0x7, 0xff, 0x1d, 0xbb,
    0xc0, 0x3f, 0xf8, 0xad, 0xd2, 0x20, 0x20, 0x1f,
    0xfc, 0x25, 0xe9, 0x13, 0x62, 0x0, 0xff, 0xe0,
    0x8d, 0xd0, 0xb8, 0xd5, 0x89, 0x0, 0x7f, 0xf0,
    0x35, 0x1f, 0xa2, 0x13, 0xaa, 0x60, 0x1f, 0xf0,
    0x98, 0x70, 0x83, 0x76, 0xd8, 0x7, 0xff, 0x0,
    0x50, 0x26, 0x0, 0x2, 0x40, 0x1f, 0xfc, 0x2b,
    0x60, 0x78, 0x0, 0xf4, 0xc8, 0x3, 0xfd, 0x32,
    0x7, 0x70, 0x7, 0x3b, 0x0, 0x7f, 0xcd, 0x41,
    0x8, 0x1, 0x8, 0x8c, 0x3, 0xff, 0x80, 0xb2,
    0x14, 0x1, 0x10, 0x38, 0x7, 0xff, 0x5, 0x90,
    0x54, 0x3, 0x30, 0x7, 0xff, 0xb, 0xc3, 0x40,
    0x4, 0x4, 0xa0, 0x1f, 0xfc, 0x12, 0xf, 0x0,
    0xb, 0x5, 0x51, 0x48, 0x3, 0xc2, 0x6b, 0x52,
    0x8, 0x1, 0x4b, 0x82, 0xd6, 0xff, 0xfb, 0xb2,
    0x94, 0x68, 0xc0, 0x34, 0x74, 0x29, 0x8, 0x6,
    0x12, 0x47, 0xbe, 0x50, 0x8,

    /* U+06AC "ڬ" */
    0x0, 0xff, 0x57, 0x10, 0x6, 0xbf, 0x30, 0xf,
    0xf2, 0xb, 0x0, 0x61, 0x7, 0x0, 0xff, 0x65,
    0xa0, 0x7, 0x84, 0x3, 0xfc, 0x48, 0x1, 0xc6,
    0x1, 0xff, 0xc1, 0x34, 0x0, 0xc2, 0x6, 0x1,
    0xfe, 0xac, 0x80, 0xf, 0x8, 0x7, 0xf4, 0x2c,
    0x60, 0x6, 0xf0, 0xf, 0xf8, 0x41, 0x0, 0x38,
    0x43, 0xc0, 0x3f, 0xa5, 0x71, 0x0, 0x3c, 0x21,
    0x9c, 0x20, 0x1e, 0x90, 0xd0, 0xc, 0x60, 0x11,
    0x80, 0x80, 0x66, 0xdc, 0x1b, 0x0, 0xf1, 0x90,
    0x28, 0x7, 0x9a, 0x78, 0x80, 0x30, 0x80, 0xb0,
    0x38, 0x7, 0x35, 0xb0, 0x7, 0x84, 0x5, 0x40,
    0xcc, 0x1, 0xff, 0xc1, 0xe0, 0xd1, 0x40, 0xc9,
    0x42, 0x0, 0xf0, 0x9b, 0xea, 0xb, 0x5, 0xa8,
    0x35, 0xef, 0xff, 0xbb, 0x20, 0x8f, 0x4, 0x1,
    0x5b, 0x8, 0x42, 0x1, 0x84, 0x96, 0x33, 0x4,
    0x0,

    /* U+06AD "ڭ" */
    0x0, 0xff, 0xa, 0x0, 0x7f, 0xf1, 0xb2, 0xd4,
    0x3, 0xff, 0x8a, 0x82, 0xe0, 0x1f, 0xfc, 0x59,
    0xe2, 0x0, 0xff, 0xe1, 0xa7, 0xb8, 0xf5, 0x80,
    0x57, 0xe6, 0x1, 0xf8, 0xc3, 0x8, 0x50, 0x2,
    0x10, 0x70, 0xf, 0xcf, 0x54, 0x3b, 0xd0, 0xe,
    0x10, 0xf, 0xe5, 0x10, 0x42, 0x0, 0x8c, 0x3,
    0xff, 0x82, 0x68, 0x1, 0x84, 0xc, 0x3, 0xfd,
    0x59, 0x0, 0x1e, 0x10, 0xf, 0xe8, 0x58, 0xc0,
    0xd, 0xe0, 0x1f, 0xf0, 0x82, 0x0, 0x70, 0x87,
    0x80, 0x7f, 0x4a, 0xe2, 0x0, 0x78, 0x43, 0x38,
    0x40, 0x3d, 0x21, 0xa0, 0x18, 0xc0, 0x23, 0x1,
    0x0, 0xcd, 0xb8, 0x36, 0x1, 0xe3, 0x20, 0x50,
    0xf, 0x34, 0xf1, 0x0, 0x61, 0x1, 0x60, 0x70,
    0xe, 0x6b, 0x60, 0xf, 0x8, 0xa, 0x81, 0x98,
    0x3, 0xff, 0x83, 0xc1, 0xa2, 0x81, 0x92, 0x84,
    0x1, 0xe1, 0x37, 0xd4, 0x16, 0xb, 0x50, 0x6b,
    0xdf, 0xff, 0x76, 0x41, 0x1e, 0x8, 0x2, 0xb6,
    0x10, 0x84, 0x3, 0x9, 0x2c, 0x66, 0x8, 0x0,

    /* U+06AE "ڮ" */
    0x0, 0xff, 0xe2, 0xdf, 0x98, 0x7, 0xff, 0x14,
    0x41, 0xc0, 0x3f, 0xf8, 0xe2, 0x1, 0xff, 0xc5,
    0x30, 0xf, 0xfe, 0x0, 0xcc, 0x0, 0x61, 0x3,
    0x0, 0xfe, 0x2f, 0x60, 0xf, 0x84, 0x3, 0xfa,
    0xc7, 0x60, 0x3, 0x78, 0x7, 0xfd, 0xc0, 0xa0,
    0x1c, 0x21, 0xe0, 0x62, 0x1, 0xe7, 0x88, 0x30,
    0x7, 0x84, 0x3b, 0x82, 0x1, 0xe1, 0xf, 0x0,
    0xc6, 0x1, 0x11, 0x4, 0x3, 0x47, 0xc9, 0xc0,
    0x7, 0x8c, 0xc0, 0xc0, 0x1d, 0x8d, 0x98, 0x10,
    0xc, 0x20, 0x20, 0x7, 0x0, 0xe4, 0x93, 0x0,
    0xf0, 0x80, 0x90, 0x1a, 0x0, 0x7f, 0xf0, 0x78,
    0x34, 0x54, 0x2e, 0x94, 0x80, 0x3c, 0x26, 0xfa,
    0x82, 0xc1, 0x4a, 0xb, 0x5b, 0xff, 0xee, 0xc8,
    0x23, 0xc1, 0x0, 0x56, 0xc2, 0x10, 0x80, 0x61,
    0x25, 0x8c, 0xc1, 0x0, 0x62, 0x7b, 0xde, 0xff,
    0xdd, 0xb4, 0xe6, 0x1, 0xfe, 0x9e, 0x27, 0xf4,
    0x0, 0xff, 0xe1, 0x10, 0xb7, 0x0, 0x80, 0x7f,
    0xf0, 0xaf, 0x5a, 0x31, 0x40, 0x3f, 0xf8, 0x63,
    0xb8, 0x60, 0x1f, 0xfc, 0x42, 0x17, 0x0, 0xfe,

    /* U+06AF "گ" */
    0x0, 0xff, 0xed, 0xa6, 0x40, 0x7, 0xff, 0x14,
    0xee, 0xc7, 0xc0, 0x1f, 0xfc, 0x31, 0x9c, 0x47,
    0xe6, 0x30, 0xf, 0xfe, 0xb, 0x7b, 0x2e, 0xc3,
    0x76, 0x80, 0x7f, 0xc7, 0xb2, 0x77, 0x4b, 0xd0,
    0x2a, 0x20, 0x1f, 0xe4, 0x28, 0xd2, 0xe8, 0x15,
    0xdb, 0x10, 0xf, 0xf3, 0xf3, 0x64, 0x8a, 0xed,
    0x10, 0x7, 0xff, 0x4, 0x74, 0xcb, 0x28, 0x80,
    0x3f, 0xf8, 0x62, 0x61, 0xe6, 0x1, 0xff, 0xc5,
    0x14, 0xc, 0x40, 0xf, 0xfe, 0x35, 0xb8, 0xda,
    0x0, 0x79, 0x94, 0x3, 0xfd, 0x12, 0x16, 0x80,
    0x1d, 0x14, 0x1, 0xff, 0x35, 0x5, 0x90, 0x4,
    0x22, 0x20, 0xf, 0xfe, 0x2, 0xc8, 0x78, 0x4,
    0x40, 0xc0, 0x1f, 0xfc, 0x16, 0x42, 0x40, 0xc,
    0xc0, 0x1f, 0xfc, 0x2f, 0xc, 0x0, 0x10, 0x12,
    0x80, 0x7f, 0xf0, 0x48, 0x3, 0xb, 0x5, 0x51,
    0x48, 0x3, 0xc2, 0x6b, 0x52, 0x16, 0x1, 0x4b,
    0x2, 0xd6, 0xff, 0xfb, 0xb2, 0x94, 0x68, 0xc0,
    0x34, 0xf4, 0x29, 0x8, 0x6, 0x12, 0x47, 0xbe,
    0x50, 0x8,

    /* U+06B0 "ڰ" */
    0x0, 0xff, 0xed, 0x95, 0xb8, 0x7, 0xff, 0x14,
    0x6b, 0x53, 0xc0, 0x3f, 0xf8, 0x8f, 0xca, 0xad,
    0x82, 0x0, 0xff, 0xe0, 0xae, 0xc1, 0xe5, 0x26,
    0xf8, 0x7, 0xfc, 0x57, 0x47, 0x58, 0xbb, 0x24,
    0x62, 0x1, 0xfe, 0xa4, 0x7e, 0xd, 0x92, 0x23,
    0x9, 0x0, 0x7f, 0xa3, 0x66, 0xe8, 0x98, 0xd6,
    0x9, 0x40, 0x3f, 0xe2, 0xd4, 0x6e, 0x98, 0x7e,
    0x7, 0x0, 0xff, 0x84, 0xc3, 0x4, 0x13, 0xf7,
    0x42, 0x1, 0xff, 0x9, 0x85, 0x38, 0x4, 0x40,
    0x1f, 0xfc, 0x2c, 0x60, 0x88, 0x0, 0x7a, 0x20,
    0x1, 0xfe, 0x98, 0x7, 0x70, 0x7, 0x33, 0x80,
    0x7f, 0xcf, 0x41, 0x8, 0x1, 0x8, 0x8c, 0x3,
    0xff, 0x80, 0xb2, 0x14, 0x1, 0x10, 0x38, 0x7,
    0xff, 0x5, 0x90, 0x54, 0x3, 0x30, 0x7, 0xff,
    0xb, 0xc3, 0x40, 0x4, 0x4, 0xa0, 0x1f, 0xfc,
    0x12, 0xf, 0x0, 0xb, 0x5, 0x51, 0x48, 0x3,
    0xc2, 0x6b, 0x52, 0x8, 0x1, 0x4b, 0x2, 0xd6,
    0xff, 0xfb, 0xb2, 0x94, 0x68, 0xc0, 0x34, 0xf4,
    0x29, 0x8, 0x6, 0x12, 0x47, 0xbe, 0x50, 0x8,

    /* U+06B1 "ڱ" */
    0x0, 0xff, 0xe1, 0x47, 0x18, 0x7, 0xff, 0x11,
    0x7d, 0xd0, 0x54, 0x3, 0xff, 0x89, 0xa1, 0xba,
    0xb6, 0x5d, 0x90, 0xf, 0xfe, 0xc, 0x55, 0x8b,
    0xe5, 0x1e, 0x0, 0x7f, 0xf0, 0x94, 0xeb, 0xa,
    0x39, 0xd4, 0x3, 0xff, 0x83, 0x1a, 0xaf, 0xeb,
    0x5b, 0x60, 0x1f, 0xf2, 0xf3, 0xa6, 0xcc, 0x6a,
    0x83, 0x0, 0x7f, 0xf0, 0xe, 0xed, 0x5c, 0xc0,
    0xfd, 0x0, 0x1f, 0xf2, 0xeb, 0x6b, 0x83, 0xf4,
    0x8, 0x7, 0xff, 0xb, 0xc9, 0x36, 0x4, 0x3,
    0xff, 0x86, 0x24, 0x10, 0x40, 0x1f, 0xfc, 0x51,
    0x50, 0xc5, 0x0, 0xff, 0xe3, 0x54, 0x5, 0x30,
    0x7, 0x9d, 0x80, 0x3f, 0xcf, 0x41, 0x2a, 0x1,
    0xd3, 0x20, 0xf, 0xf9, 0x6c, 0x28, 0xc0, 0x21,
    0x11, 0x80, 0x7f, 0xf0, 0x12, 0x83, 0x80, 0x22,
    0x7, 0x0, 0xff, 0xe0, 0xaa, 0x89, 0x0, 0x33,
    0x0, 0x7f, 0xf0, 0xb8, 0x30, 0x0, 0x40, 0x4a,
    0x1, 0xff, 0xc1, 0x20, 0xc, 0x2c, 0x15, 0x45,
    0x20, 0xf, 0x9, 0xad, 0x48, 0x58, 0x5, 0x2c,
    0xb, 0x5b, 0xff, 0xee, 0xca, 0x51, 0xa3, 0x0,
    0xd3, 0xd0, 0xa4, 0x20, 0x18, 0x49, 0x1e, 0xf9,
    0x40, 0x20,

    /* U+06B2 "ڲ" */
    0x0, 0xff, 0xed, 0xa6, 0x40, 0x7, 0xff, 0x14,
    0xee, 0xc7, 0xc0, 0x1f, 0xfc, 0x31, 0x9c, 0x47,
    0xe6, 0x30, 0xf, 0xfe, 0xb, 0x7b, 0x2e, 0xc3,
    0x76, 0x80, 0x7f, 0xc7, 0xb2, 0x77, 0x4b, 0xd0,
    0x2a, 0x20, 0x1f, 0xe4, 0x28, 0xd2, 0xe8, 0x15,
    0xdb, 0x10, 0xf, 0xf3, 0xf3, 0x64, 0x8a, 0xed,
    0x10, 0x7, 0xff, 0x4, 0x74, 0xcb, 0x28, 0x80,
    0x3f, 0xf8, 0x62, 0x61, 0xe6, 0x1, 0xff, 0xc5,
    0x14, 0xc, 0x40, 0xf, 0xfe, 0x35, 0xb8, 0xda,
    0x0, 0x79, 0x94, 0x3, 0xfd, 0x12, 0x16, 0x80,
    0x1d, 0x14, 0x1, 0xff, 0x35, 0x5, 0x90, 0x4,
    0x22, 0x20, 0xf, 0xfe, 0x2, 0xc8, 0x78, 0x4,
    0x40, 0xc0, 0x1f, 0xfc, 0x16, 0x42, 0x40, 0xc,
    0xc0, 0x1f, 0xfc, 0x2f, 0xc, 0x0, 0x10, 0x12,
    0x80, 0x7f, 0xf0, 0x48, 0x3, 0xb, 0x5, 0x51,
    0x48, 0x3, 0xc2, 0x6b, 0x52, 0x16, 0x1, 0x4b,
    0x2, 0xd6, 0xff, 0xfb, 0xb2, 0x94, 0x68, 0xc0,
    0x34, 0xf4, 0x29, 0x8, 0x6, 0x12, 0x47, 0xbe,
    0x50, 0xf, 0xb, 0xd6, 0xf7, 0xfe, 0xed, 0xb8,
    0x40, 0xf, 0xfe, 0xb4, 0xf1, 0xaf, 0xb0, 0x7,
    0xff, 0x11, 0x5, 0xb4, 0x30, 0x3, 0xff, 0x89,
    0xf4, 0xb1, 0x56, 0x1, 0xfc,

    /* U+06B3 "ڳ" */
    0x0, 0xff, 0xed, 0xa6, 0x40, 0x7, 0xff, 0x14,
    0xee, 0xc7, 0xc0, 0x1f, 0xfc, 0x31, 0x9c, 0x47,
    0xe6, 0x30, 0xf, 0xfe, 0xb, 0x7b, 0x2e, 0xc3,
    0x76, 0x80, 0x7f, 0xc7, 0xb2, 0x77, 0x4b, 0xd0,
    0x2a, 0x20, 0x1f, 0xe4, 0x28, 0xd2, 0xe8, 0x15,
    0xdb, 0x10, 0xf, 0xf3, 0xf3, 0x64, 0x8a, 0xed,
    0x10, 0x7, 0xff, 0x4, 0x74, 0xcb, 0x28, 0x80,
    0x3f, 0xf8, 0x62, 0x61, 0xe6, 0x1, 0xff, 0xc5,
    0x14, 0xc, 0x40, 0xf, 0xfe, 0x35, 0xb8, 0xda,
    0x0, 0x79, 0x94, 0x3, 0xfd, 0x12, 0x16, 0x80,
    0x1d, 0x14, 0x1, 0xff, 0x35, 0x5, 0x90, 0x4,
    0x22, 0x20, 0xf, 0xfe, 0x2, 0xc8, 0x78, 0x4,
    0x40, 0xc0, 0x1f, 0xfc, 0x16, 0x42, 0x40, 0xc,
    0xc0, 0x1f, 0xfc, 0x2f, 0xc, 0x0, 0x10, 0x12,
    0x80, 0x7f, 0xf0, 0x48, 0x3, 0xb, 0x5, 0x51,
    0x48, 0x3, 0xc2, 0x6b, 0x52, 0x16, 0x1, 0x4b,
    0x2, 0xd6, 0xff, 0xfb, 0xb2, 0x94, 0x68, 0xc0,
    0x34, 0xf4, 0x29, 0x8, 0x6, 0x12, 0x47, 0xbe,
    0x50, 0xf, 0xb, 0xd6, 0xf7, 0xfe, 0xed, 0xb8,
    0x40, 0xf, 0xfe, 0x16, 0xc8, 0x7, 0xff, 0x7b,
    0x64, 0x3, 0xff, 0x91, 0xb2, 0x1, 0xff, 0xd5,

    /* U+06B4 "ڴ" */
    0x0, 0xff, 0x8b, 0xa8, 0x3, 0xff, 0x8e, 0xc2,
    0x80, 0x1f, 0xfc, 0x74, 0xbc, 0x8e, 0x30, 0xf,
    0xfe, 0x22, 0xda, 0x20, 0x54, 0x3, 0xff, 0x89,
    0xa1, 0x9b, 0x6c, 0xbb, 0x20, 0x1f, 0xfc, 0x18,
    0xab, 0x17, 0xca, 0x3c, 0x0, 0xff, 0xe1, 0x29,
    0xd6, 0x1c, 0x72, 0x20, 0x3, 0xff, 0x83, 0x1a,
    0xad, 0xcd, 0x3d, 0x40, 0x1f, 0xf2, 0x73, 0xa6,
    0xc4, 0x39, 0x81, 0xc4, 0x3, 0xfc, 0x21, 0x57,
    0x5c, 0xc0, 0xdd, 0x22, 0x1, 0xfe, 0x5e, 0x7d,
    0x70, 0x6e, 0x91, 0x0, 0xff, 0xe1, 0x79, 0x1e,
    0xc8, 0x80, 0x7f, 0xf0, 0xc4, 0x83, 0xc8, 0x3,
    0xff, 0x8a, 0x2a, 0x18, 0x80, 0x1f, 0xfc, 0x6a,
    0x80, 0xb5, 0x0, 0xf3, 0x30, 0x3, 0xfc, 0xf4,
    0x14, 0xa0, 0x1d, 0x12, 0x1, 0xff, 0x2d, 0x85,
    0x18, 0x4, 0x22, 0x30, 0xf, 0xfe, 0x2, 0x48,
    0x70, 0x4, 0x40, 0xe0, 0x1f, 0xfc, 0x16, 0x42,
    0x40, 0xc, 0xc0, 0x1f, 0xfc, 0x2f, 0xc, 0x0,
    0x10, 0x12, 0x80, 0x7f, 0xf0, 0x48, 0x3, 0xb,
    0x5, 0x51, 0x48, 0x3, 0xc2, 0x6b, 0x52, 0x16,
    0x1, 0x4b, 0x2, 0xd6, 0xff, 0xfb, 0xb2, 0x94,
    0x68, 0xc0, 0x34, 0xf4, 0x29, 0x8, 0x6, 0x12,
    0x47, 0xbe, 0x50, 0x8,

    /* U+06B5 "ڵ" */
    0x0, 0xe8, 0x40, 0x5, 0x90, 0x7, 0xf8, 0x60,
    0x15, 0x44, 0x1, 0xfe, 0xb3, 0x49, 0x90, 0x1,
    0x3e, 0xc0, 0x3c, 0x4b, 0x46, 0xc0, 0x7, 0x7,
    0x0, 0xfa, 0x1, 0xc4, 0x3, 0xff, 0x80, 0x5d,
    0x0, 0x10, 0x80, 0x80, 0x7f, 0xf0, 0x4c, 0x3,
    0xff, 0x8a, 0x60, 0x1f, 0xfc, 0x11, 0x0, 0xff,
    0xe2, 0x88, 0x7, 0xff, 0x88, 0x40, 0x3f, 0xf8,
    0x66, 0x2, 0x1, 0xff, 0xc5, 0x69, 0x20, 0xf,
    0xe1, 0x0, 0xa9, 0x84, 0x3, 0xf8, 0x40, 0x23,
    0x13, 0x0, 0xfe, 0x30, 0x12, 0x2, 0x0, 0xff,
    0x8, 0x81, 0x81, 0xc0, 0x3f, 0x8c, 0x10, 0x18,
    0x14, 0x3, 0xfa, 0x43, 0x0, 0x88, 0x30, 0x1,
    0xf2, 0xa8, 0x58, 0x1, 0x20, 0xf8, 0xa4, 0x0,
    0x39, 0xa0, 0xa0, 0x9, 0x28, 0xe, 0xb7, 0xfd,
    0x8c, 0x14, 0x80, 0x19, 0x7a, 0xc, 0x40, 0x8e,
    0x39, 0x40, 0x20,

    /* U+06B6 "ڶ" */
    0x0, 0xff, 0xe0, 0x27, 0xd8, 0x7, 0xe4, 0x10,
    0x9, 0xc1, 0xc0, 0x3e, 0x5b, 0xc0, 0xf, 0xfe,
    0xb, 0xa, 0x0, 0x42, 0x2, 0x1, 0xf1, 0xf4,
    0x80, 0x46, 0x1, 0xff, 0xc5, 0x30, 0xf, 0xfe,
    0x8, 0x80, 0x7f, 0xf1, 0x44, 0x3, 0xff, 0xc4,
    0x20, 0x1f, 0xfc, 0x33, 0x1, 0x0, 0xff, 0xe2,
    0xac, 0x8, 0x7, 0xff, 0x7, 0x9d, 0x40, 0x3f,
    0xf8, 0x28, 0x28, 0x1, 0xfc, 0x60, 0x24, 0x4,
    0x1, 0xfe, 0x11, 0x3, 0x3, 0x80, 0x7f, 0x20,
    0x20, 0x30, 0x28, 0x7, 0xf7, 0x6, 0x1, 0x10,
    0x60, 0x3, 0xe5, 0x50, 0xb0, 0x2, 0x41, 0xf1,
    0x8, 0x0, 0x73, 0x41, 0x40, 0x12, 0x50, 0x1d,
    0xef, 0xfb, 0x18, 0x29, 0x0, 0x32, 0xf4, 0x18,
    0x81, 0x1c, 0x72, 0x80, 0x40,

    /* U+06B7 "ڷ" */
    0x0, 0xf9, 0x8, 0x3, 0xff, 0x82, 0x97, 0xe0,
    0x1f, 0xfc, 0x16, 0x17, 0x0, 0x93, 0xec, 0x3,
    0xc4, 0xdd, 0x6a, 0x0, 0x70, 0x70, 0xf, 0x65,
    0x9d, 0xd4, 0x0, 0x7f, 0x94, 0x4b, 0x43, 0x40,
    0x40, 0x40, 0x3d, 0x7c, 0x2f, 0xea, 0x6, 0x1,
    0xff, 0xc5, 0x30, 0xf, 0xfe, 0x8, 0x80, 0x7f,
    0xf1, 0x44, 0x3, 0xff, 0xc4, 0x20, 0x1f, 0xfc,
    0x33, 0x1, 0x0, 0xff, 0xe2, 0xac, 0x8, 0x7,
    0xff, 0x7, 0x9d, 0x40, 0x3f, 0xf8, 0x28, 0x28,
    0x1, 0xfc, 0x60, 0x24, 0x4, 0x1, 0xfe, 0x11,
    0x3, 0x3, 0x80, 0x7f, 0x20, 0x20, 0x30, 0x28,
    0x7, 0xf7, 0x6, 0x1, 0x10, 0x60, 0x3, 0xe5,
    0x50, 0xb0, 0x2, 0x41, 0xf1, 0x8, 0x0, 0x73,
    0x41, 0x40, 0x12, 0x50, 0x1d, 0xef, 0xfb, 0x18,
    0x29, 0x0, 0x32, 0xf4, 0x18, 0x81, 0x1c, 0x72,
    0x80, 0x40,

    /* U+06B8 "ڸ" */
    0x0, 0xff, 0xe0, 0x17, 0xe8, 0x7, 0xff, 0x4,
    0xc0, 0xc0, 0x3f, 0xf8, 0x22, 0x1, 0xff, 0xc5,
    0x10, 0xf, 0xff, 0x10, 0x80, 0x7f, 0xf0, 0xcc,
    0x4, 0x3, 0xff, 0x8a, 0xf6, 0x40, 0x1f, 0xc2,
    0x1, 0x5a, 0x8, 0x7, 0xf0, 0x80, 0x46, 0x26,
    0x1, 0xfc, 0x60, 0x24, 0x4, 0x1, 0xfe, 0x11,
    0x3, 0x3, 0x80, 0x7f, 0x20, 0x20, 0x30, 0x28,
    0x7, 0xf7, 0x7, 0x81, 0x10, 0x60, 0x3, 0xe5,
    0x50, 0xa8, 0x2, 0x41, 0xed, 0x4, 0x0, 0x73,
    0x41, 0x40, 0x12, 0x50, 0xa5, 0xf7, 0xfb, 0x18,
    0x69, 0x0, 0x32, 0xfc, 0x20, 0x81, 0x1c, 0x7a,
    0x80, 0x78, 0x5d, 0xc5, 0xe0, 0xee, 0x10, 0xf,
    0xe1, 0x18, 0xdc, 0x3, 0xfe, 0xdd, 0xf, 0x60,
    0x7, 0xff, 0x1, 0xfd, 0x40, 0x3f, 0xf8, 0x24,
    0x2, 0x1, 0xf0,

    /* U+06B9 "ڹ" */
    0x0, 0xf8, 0xcc, 0x1, 0xff, 0xc1, 0x2c, 0xc0,
    0x80, 0x7f, 0xf0, 0xc, 0x8c, 0x40, 0x3f, 0xf8,
    0x3, 0xb8, 0x1, 0xff, 0xd6, 0x19, 0xb0, 0xf,
    0xfe, 0x13, 0x21, 0x0, 0x7f, 0xf0, 0x5, 0x82,
    0x80, 0x8, 0xc0, 0x1f, 0xd4, 0xa, 0x0, 0xf9,
    0x40, 0xf, 0xc6, 0x4, 0x20, 0x80, 0x80, 0x1f,
    0xc6, 0x4, 0x40, 0x30, 0xf, 0xf3, 0x80, 0x18,
    0x1c, 0x3, 0xfc, 0xa0, 0x4c, 0xa, 0x1, 0xfc,
    0x82, 0x62, 0x42, 0x28, 0x0, 0xf8, 0xa8, 0x24,
    0x1, 0x60, 0xf6, 0x82, 0x0, 0x38, 0xd1, 0x45,
    0x0, 0x2c, 0x82, 0x5f, 0x7f, 0xb1, 0xc1, 0xac,
    0x3, 0x37, 0x42, 0x8, 0x9, 0xbe, 0x48, 0x7,
    0x85, 0xef, 0xbf, 0xb2, 0xc, 0x3, 0xff, 0x9c,
    0xde, 0xa0, 0x1f, 0xfc, 0x1f, 0xd, 0x0, 0xff,
    0xe0, 0xcd, 0x40, 0x7, 0xc0,

    /* U+06BA "ں" */
    0x0, 0xff, 0xe7, 0x8d, 0x58, 0x7, 0xff, 0x9,
    0x50, 0x80, 0x3f, 0xf8, 0x2, 0xc1, 0x60, 0x4,
    0x61, 0x0, 0xfd, 0x40, 0xe0, 0xf, 0x95, 0x0,
    0xfc, 0x60, 0x22, 0x4, 0x4, 0x0, 0xfe, 0x30,
    0x22, 0x1, 0x80, 0x7f, 0x9c, 0x0, 0xc0, 0xe0,
    0x1f, 0xe5, 0x2, 0x60, 0x50, 0xf, 0xe4, 0x13,
    0x12, 0x11, 0x38, 0x7, 0xc3, 0x21, 0x20, 0x8,
    0x8, 0xa4, 0x10, 0x1, 0x3f, 0x92, 0x28, 0x1,
    0xa4, 0x16, 0xfb, 0xfd, 0xb0, 0x2b, 0x60, 0x19,
    0xb9, 0xcc, 0x40, 0x49, 0xb2, 0x80, 0x20,

    /* U+06BB "ڻ" */
    0x0, 0xf6, 0x48, 0x7, 0xff, 0x9, 0xcc, 0x3,
    0xff, 0x86, 0xfb, 0xfa, 0x20, 0x1f, 0xe1, 0x24,
    0x92, 0x70, 0xf, 0xe3, 0x46, 0x83, 0x3, 0x0,
    0xfe, 0xe1, 0x6e, 0xa6, 0x50, 0xf, 0xef, 0xcb,
    0xce, 0x90, 0xf, 0xf1, 0x1a, 0x18, 0x80, 0x7f,
    0xf5, 0x46, 0xac, 0x3, 0xff, 0x84, 0xa8, 0x40,
    0x1f, 0xfc, 0x1, 0x60, 0xa0, 0x2, 0x30, 0x80,
    0x7e, 0xa0, 0x50, 0x7, 0xca, 0x80, 0x7e, 0x30,
    0x21, 0x4, 0x4, 0x0, 0xfe, 0x30, 0x22, 0x1,
    0x80, 0x7f, 0x9c, 0x0, 0xc0, 0xe0, 0x1f, 0xe5,
    0x2, 0x60, 0x50, 0xf, 0xe4, 0x13, 0x12, 0x11,
    0x38, 0x7, 0xc3, 0x21, 0x20, 0x8, 0x8, 0xa4,
    0x10, 0x1, 0x3f, 0x92, 0x28, 0x1, 0xa4, 0x16,
    0xfb, 0xfd, 0xb0, 0x2b, 0x60, 0x19, 0xb9, 0xcc,
    0x40, 0x49, 0xb2, 0x80, 0x20,

    /* U+06BC "ڼ" */
    0x0, 0xf8, 0xcc, 0x1, 0xff, 0xc1, 0x2c, 0xc0,
    0x80, 0x7f, 0xf0, 0xc, 0x8c, 0x40, 0x3f, 0xf8,
    0x3, 0xb8, 0x1, 0xff, 0xd6, 0x19, 0xb0, 0xf,
    0xfe, 0x13, 0x21, 0x0, 0x7f, 0xf0, 0x5, 0x82,
    0x80, 0x8, 0xc0, 0x1f, 0xd4, 0xa, 0x0, 0xf9,
    0x40, 0xf, 0xc6, 0x4, 0x20, 0x80, 0x80, 0x1f,
    0xc6, 0x4, 0x40, 0x30, 0xf, 0xf3, 0x80, 0x18,
    0x1c, 0x3, 0xfc, 0xa0, 0x6c, 0xa, 0x1, 0xfc,
    0x82, 0x60, 0x42, 0x28, 0x0, 0xf8, 0xa8, 0x24,
    0x1, 0x60, 0xf6, 0x82, 0x0, 0x38, 0xd1, 0x45,
    0x0, 0x2c, 0x82, 0x5f, 0x7f, 0xb1, 0xc1, 0x6c,
    0x3, 0x37, 0x42, 0x0, 0x44, 0xd9, 0x40, 0x1e,
    0x17, 0x90, 0x73, 0x69, 0x30, 0xf, 0xe6, 0x19,
    0xa6, 0x0, 0xff, 0x91, 0x7a, 0x6c, 0x3, 0xff,
    0x81, 0x7b, 0xcc, 0x1, 0xe0,

    /* U+06BD "ڽ" */
    0x0, 0xfb, 0x74, 0x1, 0xff, 0xc1, 0x12, 0x20,
    0x80, 0x7f, 0xc2, 0x99, 0x84, 0x10, 0xf, 0xf5,
    0x51, 0x11, 0x54, 0x0, 0xff, 0x18, 0x19, 0x80,
    0xc0, 0x3f, 0xd1, 0xe8, 0x8f, 0x80, 0xf, 0xfe,
    0xa0, 0xcd, 0x80, 0x7f, 0xf0, 0x99, 0x8, 0x3,
    0xff, 0x80, 0x2c, 0x14, 0x0, 0x46, 0x0, 0xfe,
    0xa0, 0x50, 0x7, 0xca, 0x0, 0x7e, 0x30, 0x21,
    0x4, 0x4, 0x0, 0xfe, 0x30, 0x22, 0x1, 0x80,
    0x7f, 0x9c, 0x0, 0xc0, 0xe0, 0x1f, 0xe5, 0x2,
    0x60, 0x50, 0xf, 0xe4, 0x13, 0x12, 0x11, 0x38,
    0x7, 0xc3, 0x21, 0x40, 0x8, 0x8, 0xa4, 0x10,
    0x1, 0x3f, 0x92, 0x30, 0x1, 0xa4, 0x16, 0xfb,
    0xfd, 0xb0, 0x2b, 0x60, 0x19, 0xb9, 0xcc, 0x40,
    0x49, 0xb2, 0x80, 0x20,

    /* U+06BE "ھ" */
    0x0, 0xf3, 0x38, 0x7, 0xff, 0xa, 0x21, 0x62,
    0x1, 0xff, 0xc0, 0x60, 0x4f, 0x30, 0xf, 0xf5,
    0xb8, 0x0, 0x71, 0x40, 0x3f, 0x2a, 0x23, 0xb0,
    0x42, 0x98, 0x3, 0xef, 0x9, 0x13, 0x60, 0x4,
    0xb0, 0x7, 0x84, 0xc, 0x3, 0x30, 0x49, 0x80,
    0x71, 0x83, 0x0, 0x18, 0x22, 0x1, 0x0, 0x1d,
    0x41, 0xd, 0x62, 0xc2, 0xe0, 0x80, 0x2, 0x0,
    0x14, 0x4, 0xa1, 0x48, 0x10, 0x4, 0xdb, 0xfd,
    0xf0, 0x1, 0x17, 0xf6, 0x82, 0x82, 0xa8, 0x46,
    0x49, 0xea, 0x41, 0x19, 0xa8, 0x0,

    /* U+06BF "ڿ" */
    0x0, 0xf1, 0xf4, 0x80, 0x7f, 0xf0, 0x18, 0x54,
    0x3, 0xff, 0x80, 0xb7, 0xa0, 0x1f, 0xfc, 0x14,
    0x10, 0xf, 0xfe, 0x48, 0xd6, 0xff, 0xb6, 0x94,
    0x3, 0xe1, 0x52, 0x0, 0x12, 0xd7, 0xdb, 0x18,
    0x80, 0x59, 0xdf, 0xed, 0xa6, 0x14, 0x9c, 0xef,
    0x20, 0x31, 0x0, 0x12, 0x7a, 0x80, 0x7f, 0x86,
    0x7a, 0x51, 0x11, 0x7d, 0xe4, 0x1, 0x27, 0xb0,
    0xc7, 0x5b, 0xa0, 0x80, 0x66, 0xb1, 0x6e, 0x71,
    0x0, 0xf8, 0xe4, 0x2a, 0x40, 0x3f, 0xdc, 0x12,
    0xa5, 0xd2, 0x19, 0xa0, 0x19, 0x8, 0xd8, 0x1c,
    0x50, 0x4c, 0x84, 0x2, 0xd0, 0xa0, 0x2, 0xdf,
    0x8e, 0x60, 0x40, 0x22, 0x2, 0x0, 0x91, 0x7d,
    0xcc, 0x3, 0xfe, 0xc0, 0x30, 0xe, 0x20, 0xc0,
    0xd, 0x54, 0x70, 0xe, 0xd0, 0x74, 0x0, 0x85,
    0x40, 0x3c, 0x8a, 0x17, 0x65, 0x21, 0x0, 0x9,
    0xb5, 0x20, 0x53, 0x82, 0x56, 0xf7, 0xfb, 0xb2,
    0x57, 0x80, 0x11, 0xd2, 0xa4, 0x1, 0xa, 0x3e,
    0x50,

    /* U+06C0 "ۀ" */
    0x0, 0xff, 0xe0, 0x47, 0xf0, 0x7, 0x2b, 0xdd,
    0x0, 0x71, 0x8a, 0x20, 0x3, 0x98, 0xb2, 0x30,
    0x3, 0x29, 0x99, 0x50, 0x3, 0x3c, 0xee, 0xa0,
    0x3, 0x13, 0x10, 0x7, 0xff, 0x11, 0x38, 0x80,
    0x3d, 0xa3, 0x86, 0x1, 0xca, 0x3, 0x84, 0x1,
    0x51, 0xd4, 0x87, 0x80, 0x15, 0x4c, 0xac, 0xe4,
    0xc1, 0x1, 0x0, 0x8, 0x1a, 0x22, 0x20, 0x80,
    0x44, 0x6c, 0x1, 0xe1, 0x12, 0x82, 0x28, 0xc,
    0x12, 0xb, 0x5, 0x7f, 0x38, 0x40, 0x4c, 0x8c,
    0x0, 0x98, 0x40,

    /* U+06C1 "ہ" */
    0x0, 0xc2, 0x1, 0xf2, 0xf2, 0x0, 0x7b, 0x42,
    0xd4, 0x3, 0xa, 0x80, 0x28, 0xc0, 0x2a, 0x2b,
    0xb0, 0x70, 0x1, 0x91, 0xd1, 0x10, 0x4e, 0x16,
    0x10, 0x0, 0x71, 0xb2, 0x22, 0x0, 0x62, 0x36,
    0x0, 0xf0, 0x89, 0x41, 0x14, 0x6, 0x9, 0x5,
    0x82, 0xbf, 0x9c, 0x20, 0x26, 0x46, 0x0, 0x4c,
    0x20,

    /* U+06C2 "ۂ" */
    0x0, 0xff, 0xe0, 0x47, 0xf0, 0x7, 0x2b, 0xdd,
    0x0, 0x71, 0x8a, 0x20, 0x3, 0x98, 0xb2, 0x30,
    0x3, 0x29, 0x99, 0x50, 0x3, 0x3c, 0xee, 0xa0,
    0x3, 0x13, 0x10, 0x7, 0xff, 0x11, 0x38, 0x80,
    0x3d, 0xa3, 0x86, 0x1, 0xca, 0x3, 0x84, 0x1,
    0x51, 0xd4, 0x87, 0x80, 0x15, 0x4c, 0xac, 0xe4,
    0xc1, 0x1, 0x0, 0x8, 0x1a, 0x22, 0x20, 0x80,
    0x44, 0x6c, 0x1, 0xe1, 0x12, 0x82, 0x28, 0xc,
    0x12, 0xb, 0x5, 0x7f, 0x38, 0x40, 0x4c, 0x8c,
    0x0, 0x98, 0x40,

    /* U+06C3 "ۃ" */
    0x0, 0x3f, 0xa2, 0x3a, 0x0, 0x2c, 0x3, 0x21,
    0x30, 0xa, 0xa8, 0xed, 0x54, 0x0, 0x85, 0x40,
    0xa, 0x20, 0x1c, 0x60, 0x1f, 0x3e, 0x28, 0x7,
    0xbc, 0x29, 0x80, 0x30, 0xb0, 0x84, 0xa0, 0x5,
    0xa3, 0xb8, 0x14, 0x0, 0x73, 0x83, 0x34, 0x8b,
    0x84, 0x83, 0x80, 0x18, 0x68, 0x85, 0x40, 0x31,
    0x11, 0x80, 0x40, 0x30, 0x89, 0x41, 0x14, 0x6,
    0x9, 0x5, 0x82, 0xbf, 0x9c, 0x20, 0x26, 0x46,
    0x0, 0x4d, 0x20,

    /* U+06C4 "ۄ" */
    0x0, 0x8f, 0x3f, 0x50, 0x3, 0x1e, 0x18, 0x15,
    0xa0, 0x5, 0xe1, 0x5e, 0xe1, 0x0, 0x3, 0x32,
    0x28, 0x41, 0x18, 0x82, 0x86, 0x0, 0x48, 0xa,
    0x1, 0x58, 0x80, 0x4, 0x8, 0x1c, 0xf, 0xb9,
    0xee, 0x6, 0x3, 0x88, 0x23, 0x0, 0x18, 0xb,
    0x91, 0xbf, 0xc0, 0x3, 0xe, 0x4b, 0x74, 0xa0,
    0x70, 0x0, 0xf2, 0x8d, 0xa1, 0x48, 0x0, 0xe3,
    0x84, 0xb, 0xc4, 0x0, 0x20, 0x3, 0x9d, 0x20,
    0xb, 0x7b, 0xf1, 0x80, 0x30,

    /* U+06C5 "ۅ" */
    0x0, 0x8f, 0x3f, 0x50, 0x3, 0x1e, 0x18, 0x15,
    0xa0, 0x5, 0xe1, 0x5e, 0xe1, 0x0, 0x3, 0x32,
    0x28, 0x41, 0x19, 0x2, 0x86, 0x0, 0x48, 0xe,
    0x1, 0x58, 0x80, 0x4, 0xc, 0x1c, 0xf, 0xb9,
    0xee, 0x6, 0x3, 0x88, 0x23, 0x0, 0x18, 0x4,
    0xab, 0xfb, 0x0, 0x4c, 0x2f, 0xbb, 0x68, 0x30,
    0x2, 0x6a, 0x58, 0x40, 0xe0, 0x1, 0x95, 0x2c,
    0x29, 0xa0, 0x10, 0x81, 0x35, 0xd8, 0x40, 0x0,

    /* U+06C6 "ۆ" */
    0x0, 0xff, 0xe0, 0xe1, 0x80, 0xf0, 0x80, 0x67,
    0x80, 0x85, 0x10, 0xd, 0x8, 0x86, 0xf0, 0xe,
    0x34, 0xb3, 0x40, 0xf, 0x42, 0x40, 0x7, 0xc7,
    0x68, 0x1, 0xff, 0xce, 0x3c, 0xfd, 0x40, 0xc,
    0x78, 0x60, 0x56, 0x60, 0x17, 0x85, 0x7b, 0x87,
    0x80, 0xc, 0xc8, 0xa1, 0x4, 0x62, 0xa, 0x18,
    0x1, 0x20, 0x28, 0x5, 0x62, 0x0, 0x10, 0x20,
    0x70, 0x3e, 0xe7, 0xb8, 0x18, 0xe, 0x20, 0x8c,
    0x0, 0x60, 0x1, 0xdf, 0x7e, 0x0, 0x98, 0x7,
    0xf, 0x84, 0x80, 0x62, 0x8e, 0x23, 0x70, 0x5,
    0xf6, 0xb8, 0x2e, 0x0, 0x4e, 0x22, 0x5c, 0xa0,
    0xd, 0xdb, 0xd4, 0x60, 0x18,

    /* U+06C7 "ۇ" */
    0x0, 0xd3, 0xf8, 0x20, 0x1c, 0xad, 0x43, 0x20,
    0x1e, 0x15, 0x71, 0x0, 0xe5, 0x4e, 0x5a, 0x0,
    0x85, 0xe9, 0x6, 0x8c, 0x2, 0x1d, 0x3b, 0xe5,
    0x0, 0xea, 0x95, 0x10, 0xf, 0xfe, 0x79, 0xe7,
    0xea, 0x0, 0x63, 0xc3, 0x2, 0xb3, 0x0, 0xbc,
    0x2b, 0xdc, 0x3c, 0x0, 0x66, 0x45, 0x8, 0x23,
    0x10, 0x50, 0xc0, 0x9, 0x1, 0x40, 0x2b, 0x10,
    0x0, 0x81, 0x3, 0x81, 0xf7, 0x3d, 0xc0, 0xc0,
    0x71, 0x4, 0x60, 0x3, 0x0, 0xe, 0xfb, 0xf0,
    0x4, 0xc0, 0x38, 0x7c, 0x24, 0x3, 0x14, 0x71,
    0x1b, 0x80, 0x2f, 0xb5, 0xc1, 0x70, 0x2, 0x71,
    0x12, 0xe5, 0x0, 0x6e, 0xde, 0xa3, 0x0, 0xc0,

    /* U+06C8 "ۈ" */
    0x0, 0xc7, 0xe2, 0x1, 0xf0, 0x81, 0x80, 0x7f,
    0xf1, 0x4c, 0x4, 0x3, 0xe1, 0xd3, 0x0, 0xfc,
    0x40, 0x1f, 0xfc, 0xf3, 0xcf, 0xd4, 0x0, 0xc7,
    0x86, 0x5, 0x66, 0x1, 0x78, 0x57, 0xb8, 0x78,
    0x0, 0xcc, 0x8a, 0x10, 0x46, 0x20, 0xa1, 0x80,
    0x12, 0x2, 0x80, 0x56, 0x20, 0x1, 0x2, 0x7,
    0x3, 0xee, 0x7b, 0x81, 0x80, 0xe2, 0x8, 0xc0,
    0x6, 0x0, 0x1d, 0xf7, 0xe0, 0x9, 0x80, 0x70,
    0xf8, 0x48, 0x6, 0x28, 0xe2, 0x37, 0x0, 0x5f,
    0x6b, 0x82, 0xe0, 0x4, 0xe2, 0x25, 0xca, 0x0,
    0xdd, 0xbd, 0x46, 0x1, 0x80,

    /* U+06C9 "ۉ" */
    0x0, 0xc9, 0x8a, 0x1, 0xf4, 0x14, 0x80, 0x78,
    0xcd, 0xa6, 0x80, 0x1d, 0xc, 0x6b, 0x0, 0x1c,
    0xf6, 0x16, 0xe2, 0x1, 0xb0, 0x80, 0x6c, 0x40,
    0x3f, 0xf9, 0x87, 0x9f, 0xa8, 0x1, 0x8f, 0xc,
    0xa, 0xcc, 0x2, 0xf0, 0xaf, 0x70, 0xf0, 0x1,
    0x99, 0x14, 0x20, 0x8c, 0x41, 0x43, 0x0, 0x24,
    0x5, 0x0, 0xac, 0x40, 0x2, 0x4, 0xe, 0x7,
    0xdc, 0xf7, 0x3, 0x1, 0xc4, 0x11, 0x80, 0xc,
    0x0, 0x3b, 0xef, 0xc0, 0x13, 0x0, 0xe1, 0xf0,
    0x90, 0xc, 0x51, 0xc4, 0x6e, 0x0, 0xbe, 0xd7,
    0x5, 0xc0, 0x9, 0xc4, 0x4b, 0x94, 0x1, 0xbb,
    0x7a, 0x8c, 0x3, 0x0,

    /* U+06CA "ۊ" */
    0x0, 0xb7, 0x2, 0x78, 0xc0, 0x22, 0x21, 0x8a,
    0xb, 0x0, 0x45, 0x98, 0x1c, 0xb5, 0x0, 0xc6,
    0x60, 0x14, 0x0, 0xff, 0xe1, 0x9e, 0x7e, 0xa0,
    0x6, 0x3c, 0x30, 0x2b, 0x30, 0xb, 0xc2, 0xbd,
    0xc3, 0xc0, 0x6, 0x64, 0x50, 0x82, 0x31, 0x5,
    0xc, 0x0, 0x90, 0x14, 0x2, 0xb1, 0x0, 0x8,
    0x10, 0x38, 0x1f, 0x73, 0xdc, 0xc, 0x7, 0x10,
    0x46, 0x0, 0x30, 0x0, 0xef, 0xbf, 0x0, 0x4c,
    0x3, 0x87, 0xc2, 0x40, 0x31, 0x47, 0x11, 0xb8,
    0x2, 0xfb, 0x5c, 0x17, 0x0, 0x27, 0x11, 0x2e,
    0x50, 0x6, 0xed, 0xea, 0x30, 0xc,

    /* U+06CB "ۋ" */
    0x0, 0xc9, 0xee, 0x1, 0xf1, 0x86, 0x0, 0x7c,
    0xf5, 0x40, 0xf, 0x6e, 0x96, 0x38, 0xc0, 0x21,
    0x22, 0xa, 0xb, 0x0, 0x43, 0x98, 0x1c, 0xb5,
    0x0, 0xc6, 0x60, 0x14, 0x0, 0xff, 0xe1, 0x9e,
    0x7e, 0xa0, 0x6, 0x3c, 0x30, 0x2b, 0x30, 0xb,
    0xc2, 0xbd, 0xc3, 0xc0, 0x6, 0x64, 0x50, 0x82,
    0x31, 0x5, 0xc, 0x0, 0x90, 0x14, 0x2, 0xb1,
    0x0, 0x8, 0x10, 0x38, 0x1f, 0x73, 0xdc, 0xc,
    0x7, 0x10, 0x46, 0x0, 0x30, 0x0, 0xef, 0xbf,
    0x0, 0x4c, 0x3, 0x87, 0xc2, 0x40, 0x31, 0x47,
    0x11, 0xb8, 0x2, 0xfb, 0x5c, 0x17, 0x0, 0x27,
    0x11, 0x2e, 0x50, 0x6, 0xed, 0xea, 0x30, 0xc,

    /* U+06CC "ی" */
    0x0, 0xff, 0xe0, 0x1d, 0x77, 0x31, 0x40, 0x3f,
    0xe8, 0xc5, 0x11, 0x1e, 0x80, 0x7f, 0xa1, 0xc6,
    0x7b, 0x95, 0x20, 0x1f, 0xc6, 0xe3, 0x8c, 0x22,
    0x51, 0x0, 0xfe, 0xa0, 0xb2, 0x0, 0xff, 0xe1,
    0x28, 0x38, 0x7, 0xcf, 0x64, 0x1, 0xcc, 0x1e,
    0xa0, 0x1e, 0xb4, 0x10, 0xe, 0xb2, 0x25, 0x6b,
    0x0, 0x63, 0x13, 0x0, 0xe1, 0xd9, 0x22, 0x4e,
    0x98, 0x10, 0x10, 0x7, 0xe6, 0xdb, 0x32, 0xe0,
    0x10, 0x70, 0xf, 0xf2, 0x78, 0x18, 0x8, 0x28,
    0x7, 0xfd, 0x20, 0xc0, 0x44, 0x19, 0x0, 0xfe,
    0x95, 0x19, 0x0, 0x48, 0x36, 0x28, 0x80, 0x4,
    0xe3, 0x98, 0x70, 0x40, 0x9, 0x40, 0x75, 0xdf,
    0xee, 0xc7, 0x16, 0xf2, 0x0, 0xcb, 0xd0, 0x82,
    0x0, 0x14, 0x8e, 0x91, 0x0, 0x80,

    /* U+06CD "ۍ" */
    0x0, 0xff, 0xe1, 0x8c, 0xf7, 0xeb, 0x0, 0x7f,
    0xf0, 0xcf, 0xd8, 0x40, 0xa8, 0x3, 0xff, 0x84,
    0x3a, 0x29, 0xbf, 0x7e, 0x1, 0xff, 0xc2, 0xb1,
    0x5b, 0x20, 0x43, 0x0, 0xff, 0xe1, 0x28, 0x50,
    0x7, 0xff, 0x18, 0x40, 0x80, 0x3f, 0x85, 0x6e,
    0x4, 0x3, 0x84, 0x44, 0xe0, 0x1e, 0x4b, 0xea,
    0x47, 0x30, 0xf, 0x58, 0x46, 0x18, 0x6, 0xe4,
    0x25, 0x3, 0x20, 0xf, 0x2d, 0x91, 0xe5, 0x0,
    0x5f, 0xba, 0xc0, 0x40, 0xf, 0xc9, 0xb2, 0xb,
    0x20, 0x5, 0x20, 0xe0, 0xf0, 0xf, 0xf3, 0x38,
    0x7, 0xde, 0x1c, 0x1, 0xff, 0x28, 0x60, 0x7,
    0x20, 0x31, 0x80, 0x7f, 0x51, 0x1a, 0x80, 0x71,
    0xa0, 0x64, 0x98, 0x4, 0x29, 0x1c, 0xa7, 0xa0,
    0x1f, 0x5a, 0x83, 0x67, 0xfd, 0xd6, 0xe2, 0xf8,
    0x20, 0x1f, 0xab, 0x18, 0xc4, 0x0, 0x4b, 0x3d,
    0x0, 0x1c,

    /* U+06CE "ێ" */
    0x0, 0x90, 0x0, 0x68, 0x1, 0xff, 0xc0, 0x5b,
    0x10, 0x8d, 0x0, 0xff, 0xe0, 0x29, 0x41, 0xa4,
    0x0, 0x63, 0xae, 0xe6, 0x28, 0x5, 0xd, 0xa,
    0x20, 0x14, 0x62, 0x88, 0x8f, 0x40, 0x25, 0x24,
    0x90, 0xa, 0x1c, 0x67, 0xb9, 0x52, 0x1, 0xbf,
    0x4c, 0x0, 0x6e, 0x38, 0xc2, 0x25, 0x10, 0xc,
    0x44, 0x0, 0xa8, 0x2c, 0x80, 0x3f, 0xf8, 0x4a,
    0xe, 0x1, 0xf3, 0xd9, 0x0, 0x73, 0x7, 0xa8,
    0x7, 0xad, 0x4, 0x3, 0xac, 0x89, 0x5a, 0xc0,
    0x18, 0xc4, 0xc0, 0x38, 0x76, 0x48, 0x93, 0xa6,
    0x4, 0x4, 0x1, 0xf9, 0xb6, 0xcc, 0xb8, 0x4,
    0x1c, 0x3, 0xfc, 0x9e, 0x6, 0x2, 0xa, 0x1,
    0xff, 0x48, 0x30, 0x11, 0x6, 0x40, 0x3f, 0xa5,
    0x46, 0x40, 0x12, 0xd, 0x8a, 0x20, 0x1, 0x38,
    0xe6, 0x1c, 0x10, 0x2, 0x50, 0x1d, 0x77, 0xfb,
    0xb1, 0xc5, 0xbc, 0x80, 0x32, 0xf4, 0x20, 0x80,
    0x5, 0x23, 0xa4, 0x40, 0x20,

    /* U+06CF "ۏ" */
    0x0, 0xcb, 0xee, 0x1, 0xf6, 0x86, 0x80, 0x7d,
    0x15, 0x60, 0x1f, 0x94, 0x40, 0x3f, 0xf8, 0x87,
    0x9f, 0xa8, 0x1, 0x8f, 0xc, 0xa, 0xcc, 0x2,
    0xf0, 0xaf, 0x70, 0xf0, 0x1, 0x99, 0x14, 0x20,
    0x8c, 0x41, 0x43, 0x0, 0x24, 0x5, 0x0, 0xac,
    0x40, 0x2, 0x4, 0xe, 0x7, 0xdc, 0xf7, 0x3,
    0x1, 0xc4, 0x11, 0x80, 0xc, 0x0, 0x3b, 0xef,
    0xc0, 0x13, 0x0, 0xe1, 0xf0, 0x90, 0xc, 0x51,
    0xc4, 0x6e, 0x0, 0xbe, 0xd7, 0x5, 0xc0, 0x9,
    0xc4, 0x4b, 0x94, 0x1, 0xbb, 0x7a, 0x8c, 0x3,
    0x0,

    /* U+06D0 "ې" */
    0x0, 0xff, 0xe0, 0x1d, 0x77, 0x31, 0x40, 0x3f,
    0xe8, 0xc5, 0x11, 0x1e, 0x80, 0x7f, 0xa1, 0xc6,
    0x7b, 0x95, 0x20, 0x1f, 0xc6, 0xe3, 0x8c, 0x22,
    0x51, 0x0, 0xfe, 0xa0, 0xb2, 0x0, 0xff, 0xe1,
    0x28, 0x38, 0x7, 0xcf, 0x64, 0x1, 0xcc, 0x18,
    0xa0, 0x1e, 0xb4, 0x10, 0xe, 0xb2, 0x1a, 0xd6,
    0x0, 0xc6, 0x26, 0x1, 0xc3, 0xb2, 0x44, 0x9e,
    0x30, 0x30, 0x20, 0xf, 0xcd, 0xb8, 0x63, 0xc0,
    0x13, 0x80, 0x7f, 0x8f, 0xc0, 0xc0, 0x41, 0x40,
    0x3f, 0xe9, 0x6, 0x2, 0x20, 0xc8, 0x7, 0xe1,
    0xa5, 0x28, 0x0, 0x48, 0x36, 0x29, 0x0, 0x5,
    0x27, 0xd4, 0xbc, 0x2, 0x4a, 0x13, 0xad, 0xff,
    0x75, 0xb0, 0xb6, 0x90, 0x6, 0x5e, 0x94, 0x20,
    0x12, 0x59, 0xe9, 0x0, 0xfc, 0xd7, 0xa4, 0xdb,
    0x4c, 0x20, 0x1f, 0xfc, 0x3, 0x10, 0xf, 0xfe,
    0x27, 0x48, 0x7, 0xff, 0x13, 0x64, 0x3, 0xff,
    0x88, 0x60, 0x1f, 0xe0,

    /* U+06D1 "ۑ" */
    0x0, 0xff, 0xe0, 0x1d, 0x77, 0x31, 0x40, 0x3f,
    0xe8, 0xc5, 0x11, 0x1e, 0x80, 0x7f, 0xa1, 0xc6,
    0x7b, 0x95, 0x20, 0x1f, 0xc6, 0xe3, 0x8c, 0x22,
    0x51, 0x0, 0xfe, 0xa0, 0xb2, 0x0, 0xff, 0xe1,
    0x28, 0x38, 0x7, 0xcf, 0x64, 0x1, 0xcc, 0x18,
    0xa0, 0x1e, 0xb4, 0x10, 0xe, 0xb2, 0x1a, 0xd6,
    0x0, 0xc6, 0x26, 0x1, 0xc3, 0xb2, 0x44, 0x9e,
    0x30, 0x30, 0x20, 0xf, 0xcd, 0xb8, 0x63, 0xc0,
    0x13, 0x80, 0x7f, 0x8f, 0xc0, 0xc0, 0x41, 0x40,
    0x3f, 0xe9, 0x6, 0x2, 0x20, 0xc8, 0x7, 0xe1,
    0xa5, 0x28, 0x0, 0x48, 0x36, 0x29, 0x0, 0x5,
    0x27, 0xd4, 0xbc, 0x2, 0x4a, 0x13, 0xad, 0xff,
    0x75, 0xb0, 0xb6, 0x90, 0x6, 0x5e, 0x94, 0x20,
    0x12, 0x59, 0xe9, 0x0, 0xfc, 0xc4, 0x7b, 0x25,
    0x2c, 0x20, 0x1f, 0xe2, 0x16, 0xd0, 0x60, 0xf,
    0xfe, 0x5, 0x6b, 0x5e, 0x28, 0x7, 0xff, 0x0,
    0x45, 0xb8, 0x60, 0x1f, 0xfc, 0x22, 0x17, 0x0,
    0xfe,

    /* U+06D2 "ے" */
    0x0, 0xf3, 0x28, 0x7, 0xff, 0x1e, 0xa6, 0xa8,
    0x1, 0xff, 0xc5, 0x55, 0x18, 0x2b, 0x0, 0x7f,
    0xf0, 0xca, 0xc3, 0xe8, 0x20, 0x3, 0xff, 0x84,
    0x3e, 0x2a, 0x6a, 0x62, 0xc0, 0x1f, 0xfc, 0x1c,
    0x22, 0x50, 0x2, 0xd, 0x0, 0x3f, 0xf8, 0x14,
    0x47, 0x80, 0x12, 0x61, 0x0, 0x7f, 0xc4, 0xa3,
    0x82, 0x1, 0xff, 0xc8, 0x10, 0xf, 0xfe, 0x31,
    0x18, 0xf4, 0xa9, 0x0, 0x7f, 0x9, 0xa3, 0x43,
    0x86, 0xa8, 0x35, 0x6f, 0xfd, 0xdd, 0x7f, 0xdd,
    0x97, 0x2f, 0xe0, 0x35, 0xd4, 0xc8, 0x42, 0x2,
    0x30, 0x4, 0x24, 0x8d, 0x32,

    /* U+06D3 "ۓ" */
    0x0, 0xff, 0xe6, 0xd, 0xfd, 0x0, 0x7f, 0xf1,
    0xad, 0xf2, 0x0, 0x3f, 0xf8, 0xc2, 0xa6, 0x40,
    0x1f, 0xfc, 0x6f, 0x68, 0x88, 0x3, 0xff, 0x8b,
    0x80, 0xeb, 0xe0, 0x1f, 0xfc, 0x5d, 0x9d, 0xd3,
    0x80, 0x7f, 0xf1, 0x55, 0x88, 0x3, 0xff, 0x96,
    0xca, 0x1, 0xff, 0xc7, 0xa9, 0xaa, 0x0, 0x7f,
    0xf1, 0x55, 0x46, 0xa, 0xc0, 0x1f, 0xfc, 0x32,
    0xb0, 0xfa, 0x8, 0x0, 0xff, 0xe1, 0xf, 0x8a,
    0x9a, 0x98, 0xb0, 0x7, 0xff, 0x7, 0x8, 0x94,
    0x0, 0x83, 0x40, 0xf, 0xfe, 0x5, 0x11, 0xe0,
    0x4, 0x98, 0x40, 0x1f, 0xf1, 0x28, 0xe0, 0x80,
    0x7f, 0xf2, 0x4, 0x3, 0xff, 0x8c, 0x46, 0x3d,
    0x2a, 0x40, 0x1f, 0xc2, 0x68, 0xd0, 0xe1, 0xaa,
    0xd, 0x5b, 0xff, 0x77, 0x5f, 0xf7, 0x65, 0xcb,
    0xf8, 0xd, 0x75, 0x32, 0x10, 0x80, 0x8c, 0x1,
    0x9, 0x23, 0x4c, 0x80,

    /* U+06D4 "۔" */
    0xb, 0xdd, 0xd0, 0x8, 0x45, 0x80,

    /* U+06D5 "ە" */
    0x0, 0xc2, 0x1, 0xf2, 0xf2, 0x0, 0x7b, 0x42,
    0xd4, 0x3, 0xa, 0x80, 0x28, 0xc0, 0x2a, 0x2b,
    0xb0, 0x70, 0x1, 0x91, 0xd1, 0x10, 0x4e, 0x16,
    0x10, 0x0, 0x71, 0xb2, 0x22, 0x0, 0x62, 0x36,
    0x0, 0xf0, 0x89, 0x41, 0x14, 0x6, 0x9, 0x5,
    0x82, 0xbf, 0x9c, 0x20, 0x26, 0x46, 0x0, 0x4c,
    0x20,

    /* U+06D6 "ۖ" */
    0x0, 0x12, 0x0, 0x7e, 0x78, 0x0, 0xfc, 0x22,
    0x2, 0x8, 0xf8, 0x0, 0x8c, 0xb1, 0x91, 0xd9,
    0x9b, 0x67, 0xa7, 0x26, 0xf1, 0x4, 0xdd, 0xdd,
    0xbe, 0xcd, 0x6f, 0x88, 0x9, 0x0, 0x23, 0xfb,
    0xcc, 0x3, 0x80,

    /* U+06D7 "ۗ" */
    0x0, 0x8c, 0x6a, 0x8, 0x2, 0xe5, 0xf1, 0x20,
    0x8, 0x45, 0x64, 0xc0, 0x18, 0xcc, 0xa2, 0x2a,
    0xf2, 0x92, 0x35, 0x75, 0xaf, 0xde, 0xd2, 0x42,
    0xae, 0x91, 0x0, 0x16, 0xf7, 0x2c, 0x2,

    /* U+06D8 "ۘ" */
    0x0, 0xff, 0xa3, 0xd8, 0x2, 0x56, 0x7b, 0x0,
    0x25, 0x26, 0x98, 0x55, 0xb3, 0xd3, 0x1, 0x64,
    0xee, 0xa0,

    /* U+06D9 "ۙ" */
    0x0, 0x13, 0x85, 0xbb, 0x40, 0x1d, 0xb8, 0x2,
    0x8d, 0x80, 0x5, 0x44, 0x0, 0xfa, 0x87, 0xd,
    0xce, 0x80,

    /* U+06DA "ۚ" */
    0x6e, 0xd7, 0x20, 0x4d, 0x78, 0xd7, 0x28, 0x56,
    0xb6, 0x76, 0xd9, 0x41, 0xca, 0x3f, 0x20, 0x3a,
    0x3c, 0x31, 0x87, 0xdc, 0xe6, 0xa, 0xed, 0xf7,

    /* U+06DB "ۛ" */
    0x0, 0x10, 0x80, 0x47, 0xbe, 0x1, 0x3a, 0xb1,
    0x4, 0x5e, 0xa6, 0xa6, 0x81, 0x28, 0xb0,

    /* U+06DC "ۜ" */
    0x0, 0xfc, 0xa6, 0x1, 0xa4, 0xd2, 0x32, 0xc9,
    0x80, 0x7, 0x78, 0x42, 0x55, 0x80, 0x3, 0x77,
    0x23, 0xf8, 0x30, 0x92, 0x47, 0x74, 0xb4, 0x5d,
    0xac, 0xe2, 0x2, 0x5, 0xdb, 0xd6, 0x1, 0xc0,

    /* U+06DD "۝" */
    0x0, 0xff, 0xed, 0x1c, 0x5f, 0x7f, 0xdd, 0x6e,
    0x40, 0x1f, 0xfc, 0x45, 0xdc, 0x70, 0x9a, 0xba,
    0x90, 0x8d, 0xc5, 0x0, 0xff, 0x16, 0x6e, 0xa8,
    0xe7, 0xed, 0xd5, 0x15, 0xef, 0xa0, 0xab, 0x37,
    0xc, 0x3, 0xdd, 0xfa, 0x2b, 0xcc, 0x1, 0xf8,
    0x5f, 0xd0, 0x37, 0xb8, 0x1, 0xe1, 0x30, 0xaf,
    0x0, 0xff, 0xe0, 0xf, 0xd8, 0x10, 0x88, 0x3,
    0x8c, 0xc1, 0xb5, 0xff, 0xff, 0xc1, 0xbb, 0x1,
    0x10, 0x40, 0x34, 0xf, 0xe8, 0x55, 0x7f, 0xf0,
    0xdf, 0x78, 0x54, 0x2, 0x17, 0x76, 0x6d, 0xaa,
    0xff, 0xf0, 0xef, 0x71, 0xac, 0x2, 0x60, 0x80,
    0xf, 0xfe, 0x4c, 0xa, 0x80, 0x25, 0x80, 0x3f,
    0xf9, 0x42, 0xd2, 0x4, 0x34, 0x1, 0xff, 0xcb,
    0xd3, 0x7, 0x3, 0x0, 0xff, 0xe5, 0xa0, 0x19,
    0x10, 0x3, 0xff, 0x9a, 0x4d, 0xe2, 0x1, 0xff,
    0xcd, 0x12, 0x0, 0xff, 0xe8, 0xf8, 0x80, 0x7f,
    0xf3, 0x44, 0x8a, 0x0, 0xff, 0xe6, 0x93, 0x38,
    0x18, 0x7, 0xff, 0x2c, 0xc0, 0xc8, 0x96, 0x1,
    0xff, 0xcb, 0xb3, 0x0, 0x53, 0x0, 0x7f, 0xf2,
    0xda, 0x40, 0xc, 0x2e, 0x1, 0xff, 0xc9, 0x70,
    0x50, 0x0, 0xc4, 0x2f, 0x10, 0x3, 0xff, 0x86,
    0x79, 0x71, 0x60, 0x19, 0xc6, 0x36, 0x8, 0x47,
    0xff, 0x85, 0xfd, 0x22, 0xa0, 0x18, 0x94, 0xc5,
    0x37, 0xbb, 0xff, 0x84, 0xa4, 0x44, 0x30, 0xc,
    0x4c, 0x20, 0xaf, 0x77, 0xff, 0xc1, 0x94, 0x11,
    0x39, 0x0, 0x74, 0xee, 0x85, 0xf9, 0x91, 0x3f,
    0x97, 0x24, 0x33, 0x64, 0x40, 0x39, 0x33, 0x72,
    0x93, 0x6d, 0xcc, 0x84, 0x46, 0xd5, 0xcd, 0x3b,
    0xac, 0x40, 0xf, 0xf2, 0xf5, 0x8c, 0xe6, 0xf7,
    0x32, 0x2, 0xb9, 0x80, 0x3f, 0xf8, 0x89, 0x5d,
    0xcd, 0xcd, 0xee, 0x52, 0x80, 0x7f, 0x0,

    /* U+06DE "۞" */
    0x0, 0xff, 0xeb, 0xd4, 0x80, 0x7f, 0xf2, 0x69,
    0x96, 0x40, 0x3f, 0xf8, 0xf4, 0xd9, 0x85, 0x90,
    0xf, 0xfe, 0xe, 0x77, 0x65, 0x2e, 0xe1, 0x37,
    0x76, 0xc0, 0xf, 0xc3, 0x5e, 0xa5, 0xdf, 0xfb,
    0x89, 0x3e, 0x84, 0x3, 0xf9, 0xe5, 0xb4, 0x47,
    0xda, 0xec, 0xe0, 0x1f, 0xe9, 0x6c, 0x10, 0xf,
    0xe, 0x4d, 0x0, 0x7f, 0x97, 0x4, 0x3, 0xf0,
    0xe3, 0x80, 0x7e, 0x42, 0xa2, 0x0, 0xff, 0x15,
    0x91, 0x80, 0x71, 0xd8, 0x30, 0x6, 0x4c, 0xc2,
    0x0, 0x66, 0xd, 0x20, 0x8, 0xb6, 0x88, 0x3,
    0xc, 0xee, 0xa4, 0x40, 0x31, 0x5e, 0x10, 0x3,
    0xd1, 0x40, 0x38, 0x90, 0x44, 0x84, 0x1, 0xca,
    0x9c, 0x0, 0xe4, 0x50, 0xe, 0x24, 0x11, 0x21,
    0x0, 0x72, 0xa7, 0x80, 0xf, 0x6c, 0x80, 0x30,
    0xce, 0xea, 0x44, 0x3, 0x15, 0xe9, 0x80, 0x47,
    0xa0, 0xa0, 0x19, 0x33, 0x8, 0x1, 0x94, 0x34,
    0xc0, 0x38, 0xca, 0x5c, 0x3, 0xfc, 0xd2, 0x46,
    0x1, 0xfa, 0xa9, 0x0, 0x1f, 0xa2, 0xe4, 0x3,
    0xfc, 0xd8, 0x92, 0x1, 0xe9, 0x4c, 0x50, 0xf,
    0xf6, 0x71, 0xb7, 0xff, 0x98, 0xfb, 0x0, 0x3f,
    0xb7, 0xfe, 0xe4, 0x47, 0x71, 0xf, 0xbf, 0xed,
    0x0, 0xff, 0xe0, 0xd, 0x85, 0xd9, 0xf0, 0x40,
    0x3f, 0xf8, 0xd6, 0x2d, 0x80, 0x1f, 0xfc, 0x9b,
    0xc0, 0xf, 0xf8,

    /* U+06DF "۟" */
    0x0, 0xf5, 0xfe, 0x9b, 0xb5, 0xbf, 0x78, 0xa9,
    0x1c, 0x8f, 0x3d, 0x8e, 0xeb, 0xd4,

    /* U+06E0 "۠" */
    0x9, 0xfc, 0x25, 0x6b, 0x79, 0xd4, 0x47, 0x28,
    0x88, 0x2, 0xf4, 0x1f, 0x56, 0x3e, 0x58, 0xd,
    0xd7, 0x98,

    /* U+06E1 "ۡ" */
    0x0, 0xf2, 0x77, 0x28, 0xc0, 0xe2, 0xc7, 0xd,
    0xd3, 0x51, 0x8f, 0x35, 0x6a, 0x43, 0x7b, 0x54,
    0x0,

    /* U+06E2 "ۢ" */
    0x0, 0xf2, 0xff, 0x18, 0x1c, 0xac, 0x80, 0x2d,
    0x44, 0x26, 0xa9, 0x0, 0x6, 0x43, 0x3, 0x20,
    0x0,

    /* U+06E3 "ۣ" */
    0x0, 0xfc, 0xa6, 0x1, 0xa4, 0xd2, 0x32, 0xc9,
    0x80, 0x7, 0x78, 0x42, 0x55, 0x80, 0x3, 0x77,
    0x23, 0xf8, 0x30, 0x92, 0x47, 0x74, 0xb4, 0x5d,
    0xac, 0xe2, 0x2, 0x5, 0xdb, 0xd6, 0x1, 0xc0,

    /* U+06E4 "ۤ" */
    0x0, 0xf2, 0x7e, 0x31, 0x2f, 0xca, 0xce, 0xe5,
    0xb4, 0xfe, 0x48,

    /* U+06E5 "ۥ" */
    0x9, 0xe6, 0x3, 0x66, 0x48, 0x30, 0x4, 0x28,
    0x6e, 0x2, 0x2f, 0x25, 0x8, 0xd4, 0xa0,

    /* U+06E6 "ۦ" */
    0x0, 0x1b, 0x0, 0x71, 0x64, 0x38, 0x4, 0x3e,
    0xd5, 0xe0, 0x13, 0x17, 0x86, 0x23, 0x3b, 0x32,
    0xef, 0xb8,

    /* U+06E7 "ۧ" */
    0x0, 0x9, 0x0, 0x7b, 0x35, 0x40, 0x35, 0x8c,
    0xf0, 0x4, 0xc9, 0xed, 0x62, 0x48, 0x82, 0xcf,
    0xf7, 0x6c, 0x16, 0xf6, 0xe6, 0xf6, 0x0,

    /* U+06E8 "ۨ" */
    0x0, 0x13, 0x0, 0x72, 0x50, 0x7, 0x36, 0x34,
    0x80, 0xd8, 0x81, 0xb0, 0x2a, 0x8, 0x30, 0x6,
    0x31, 0x92, 0x4, 0x46, 0x72, 0x48, 0x2, 0xfb,
    0x79, 0x0,

    /* U+06E9 "۩" */
    0x0, 0xff, 0xe3, 0x1d, 0x77, 0xe3, 0x88, 0x7,
    0x15, 0xe2, 0x92, 0x94, 0x74, 0x0, 0x47, 0xa8,
    0xfd, 0x95, 0xd6, 0x4f, 0x60, 0xf, 0xb, 0x81,
    0x0, 0x93, 0x51, 0xc, 0x6, 0x28, 0x1, 0xf7,
    0x87, 0x80, 0x4, 0x40, 0x1f, 0x18, 0x8, 0x38,
    0x61, 0x0, 0x73, 0x40, 0x50, 0x43, 0x95, 0x0,
    0x74, 0x8e, 0x10, 0x2, 0x0, 0x3f, 0x21, 0x80,
    0x7f, 0xf8, 0x44, 0x3c, 0x3, 0x84, 0x3, 0x88,
    0x4, 0x3, 0x8d, 0x80, 0x34, 0x2, 0x0, 0x73,
    0x9a, 0x80, 0x1d, 0xa, 0xa2, 0x38, 0x1, 0x40,
    0x18, 0x9d, 0xfc, 0xa0, 0x10,

    /* U+06EA "۪" */
    0x0, 0x8c, 0x3, 0x9f, 0x20, 0x2, 0x78, 0x83,
    0xc0, 0x2, 0xcd, 0xcd, 0x40, 0x1a, 0x1e, 0x18,
    0x0, 0x1d, 0x6d, 0x10,

    /* U+06EB "۫" */
    0x0, 0x9, 0x80, 0x43, 0x98, 0x30, 0x1c, 0x67,
    0xc3, 0x52, 0xdc, 0x5, 0x4b, 0x9b, 0x96, 0x4,
    0xb9, 0x60,

    /* U+06EC "۬" */
    0x0, 0xc7, 0xfe, 0x34, 0x0, 0x5a, 0x90, 0xd0,

    /* U+06ED "ۭ" */
    0x0, 0xf2, 0xff, 0x18, 0x1c, 0xac, 0x80, 0xda,
    0x88, 0x45, 0x52, 0x0, 0xc, 0x86, 0x6, 0x60,
    0x0,

    /* U+06EE "ۮ" */
    0x0, 0xd7, 0xc0, 0x1f, 0x8d, 0x1, 0xc0, 0x3e,
    0x96, 0x64, 0x80, 0x78, 0x96, 0xe0, 0x1c, 0x3,
    0x99, 0x84, 0x10, 0x40, 0x1c, 0x92, 0x0, 0x65,
    0x0, 0xff, 0xe4, 0x10, 0x7, 0xf2, 0xec, 0x0,
    0x7e, 0x60, 0x73, 0x0, 0xf8, 0xe0, 0x3c, 0x3,
    0xf3, 0x91, 0xa8, 0x7, 0xe8, 0xe, 0x0, 0xfc,
    0xa2, 0x82, 0x1, 0xf9, 0x1, 0x40, 0x3f, 0x8,
    0x8, 0x34, 0x10, 0x0, 0x5d, 0x1, 0x2, 0x1f,
    0x7f, 0xdd, 0x1, 0x2, 0x1a, 0xc4, 0x0, 0x15,
    0xb7, 0x0,

    /* U+06EF "ۯ" */
    0x0, 0xc2, 0x60, 0x1f, 0x66, 0xc, 0x3, 0x90,
    0xcd, 0x20, 0x1d, 0xd, 0xa, 0x40, 0x11, 0x9a,
    0x51, 0x10, 0x1, 0x15, 0x8, 0x4c, 0x0, 0x42,
    0xa0, 0x2, 0x20, 0x7, 0xff, 0x32, 0x74, 0x3,
    0xe4, 0x25, 0x0, 0xf4, 0x7, 0x0, 0x79, 0x45,
    0x0, 0x3e, 0x40, 0x20, 0xf, 0x18, 0x8, 0x7,
    0x88, 0x8, 0x3, 0x85, 0x8, 0x40, 0x3a, 0x2,
    0x80, 0x3a, 0x18, 0x9c, 0x2, 0x2b, 0x71, 0xf0,
    0x1, 0xde, 0xa1, 0x61, 0x0, 0x1d, 0x2, 0x34,
    0x80, 0x24, 0xaf, 0x70, 0xe,

    /* U+06F0 "۰" */
    0x2, 0xa0, 0x1, 0x62, 0xe0, 0x12, 0x81, 0x98,
    0x2d, 0x2c, 0xc0, 0x16, 0x80,

    /* U+06F1 "۱" */
    0x2, 0x0, 0xa7, 0x54, 0x1, 0xe1, 0xe0, 0x5,
    0x7, 0x0, 0x18, 0x10, 0x4, 0x40, 0x60, 0x6,
    0x6, 0x0, 0x18, 0x68, 0x3, 0x80, 0x80, 0x6,
    0x2, 0x0, 0x60, 0x60, 0x1, 0x1, 0x0, 0x4,
    0x3, 0x84, 0x4, 0x0, 0x60, 0x60, 0x6, 0x1,
    0x0, 0x8, 0x6, 0xaf, 0x30,

    /* U+06F2 "۲" */
    0x0, 0xff, 0x3e, 0xa0, 0x7, 0x5d, 0x80, 0xb0,
    0x3, 0xa, 0x39, 0x82, 0x90, 0x0, 0x6c, 0x2d,
    0x40, 0xb7, 0xfd, 0xca, 0x4e, 0x22, 0x2, 0x0,
    0x13, 0x60, 0x1, 0x42, 0x7f, 0xdb, 0x22, 0x0,
    0x20, 0x30, 0xf, 0xb8, 0x38, 0x3, 0xe2, 0x2,
    0x0, 0xf9, 0x81, 0x80, 0x3e, 0x10, 0x30, 0xf,
    0x88, 0x4, 0x3, 0xf0, 0x80, 0x80, 0x7c, 0x60,
    0x60, 0x1f, 0x8, 0x8, 0x7, 0xce, 0xe, 0x1,
    0xf4, 0x5a, 0x0, 0x70,

    /* U+06F3 "۳" */
    0x0, 0xff, 0xe0, 0xb6, 0xa0, 0x4, 0x66, 0x0,
    0x5d, 0x0, 0x96, 0x0, 0x5d, 0xc0, 0x3, 0x28,
    0x18, 0x20, 0x4, 0x4c, 0x0, 0x40, 0x35, 0x3,
    0x20, 0x70, 0xc, 0x40, 0x1, 0x10, 0x6e, 0xa0,
    0x13, 0x74, 0x84, 0x60, 0xa0, 0x45, 0x53, 0x19,
    0x93, 0xc0, 0x4, 0x15, 0xfa, 0xb3, 0xdc, 0xb2,
    0x0, 0x70, 0x70, 0x7, 0xf8, 0x80, 0x80, 0x3f,
    0xcc, 0xe, 0x1, 0xfe, 0x10, 0x20, 0xf, 0xf1,
    0x0, 0x80, 0x7f, 0xc2, 0x2, 0x1, 0xfe, 0x30,
    0x30, 0xf, 0xf0, 0x80, 0x80, 0x7f, 0x9c, 0x1c,
    0x3, 0xfd, 0xf6, 0xa0, 0x1f, 0x80,

    /* U+06F4 "۴" */
    0x6d, 0x40, 0x3, 0x6f, 0xe8, 0x3, 0x8b, 0x1,
    0x64, 0x88, 0x20, 0xd, 0x4, 0xc, 0xb, 0xdc,
    0x0, 0x20, 0x18, 0x60, 0x70, 0xa, 0x80, 0x88,
    0x33, 0xc1, 0x7b, 0x94, 0x0, 0x20, 0x35, 0x0,
    0x1b, 0x60, 0x1, 0x42, 0x3f, 0xed, 0x93, 0x0,
    0x70, 0x78, 0x7, 0xe2, 0x2, 0x0, 0xfc, 0xc0,
    0xc0, 0x1f, 0x88, 0x8, 0x3, 0xf0, 0x80, 0x80,
    0x7f, 0x8, 0x7, 0xf8, 0x80, 0x40, 0x3f, 0x38,
    0x18, 0x7, 0xe1, 0x0, 0xfc,

    /* U+06F5 "۵" */
    0x0, 0xe1, 0x0, 0xfc, 0x37, 0x80, 0x1f, 0x85,
    0x8a, 0xc0, 0x3f, 0x20, 0x23, 0x0, 0x79, 0x58,
    0x82, 0x4, 0x3, 0xac, 0x71, 0x6, 0x40, 0x34,
    0xc, 0xd, 0x3, 0x88, 0x0, 0x5c, 0x98, 0x5,
    0x81, 0xc0, 0xc, 0x10, 0x1, 0x50, 0x50, 0x2,
    0x85, 0x40, 0x23, 0x23, 0x2, 0x23, 0x80, 0x72,
    0x2, 0x38, 0x78, 0x7, 0x78, 0x11, 0x81, 0x0,
    0x71, 0x80, 0x80, 0x4, 0xa, 0x44, 0x3, 0x10,
    0x78, 0x2b, 0x28, 0x78, 0x1a, 0xa, 0xf4, 0x5,
    0xf2, 0x9a, 0x6, 0x18, 0x9d, 0x90, 0xa6, 0x80,

    /* U+06F6 "۶" */
    0x0, 0x8e, 0x73, 0x68, 0x80, 0x25, 0xc6, 0x32,
    0x53, 0x0, 0xd, 0x4, 0x77, 0xe0, 0x80, 0x10,
    0x11, 0xc4, 0xc, 0x2, 0x30, 0x20, 0xf, 0x88,
    0x10, 0x3, 0xe4, 0x22, 0x50, 0x1, 0x2c, 0x2,
    0xf1, 0x5e, 0xab, 0x44, 0x0, 0xb, 0x9c, 0x54,
    0x6d, 0x0, 0x30, 0x80, 0xe2, 0x0, 0x66, 0x60,
    0x61, 0x0, 0x62, 0x90, 0xb2, 0x0, 0xe9, 0x6,
    0x40, 0xe, 0x44, 0xc, 0x80, 0x7a, 0x2, 0xc0,
    0x3c, 0x66, 0x25, 0x0, 0xf1, 0xef, 0x0, 0x7c,

    /* U+06F7 "۷" */
    0x3, 0x40, 0xf, 0xc6, 0x20, 0xb9, 0x20, 0x1f,
    0xb7, 0x8d, 0x44, 0x8c, 0x3, 0xca, 0x24, 0x60,
    0xc1, 0x40, 0x1e, 0xe0, 0xb0, 0x5, 0x3, 0x0,
    0x71, 0x20, 0x30, 0x0, 0x8c, 0x18, 0x3, 0x50,
    0x30, 0x6, 0xb0, 0xd0, 0xc, 0xa1, 0x40, 0x19,
    0x81, 0x4, 0x0, 0x64, 0x66, 0x0, 0xc2, 0x80,
    0xc0, 0xa, 0xa, 0x0, 0xf6, 0x85, 0x80, 0x1c,
    0x1c, 0x3, 0xce, 0x6, 0x28, 0x28, 0x20, 0x1e,
    0x13, 0x7, 0xd0, 0xe0, 0xf, 0xd6, 0x1a, 0xe0,
    0xa0, 0x1f, 0x94, 0x10, 0x50, 0x3, 0xf8, 0x88,
    0x0, 0xd0, 0xf, 0xf2, 0x80, 0x1c, 0x3, 0xfd,
    0x80, 0x62, 0x1, 0xfe, 0x4f, 0xc0, 0xf, 0x0,

    /* U+06F8 "۸" */
    0x0, 0xf8, 0x40, 0x3f, 0xf8, 0x1d, 0xc2, 0x0,
    0xff, 0x18, 0x82, 0x0, 0x7f, 0xac, 0x1, 0x80,
    0x1f, 0xe5, 0x1, 0x40, 0xf, 0xe2, 0x22, 0xa0,
    0x98, 0x7, 0xea, 0xf, 0xf0, 0x58, 0x7, 0xe5,
    0x4, 0x40, 0x28, 0x7, 0xc6, 0x48, 0x22, 0x42,
    0x30, 0xf, 0x50, 0x70, 0x3, 0x42, 0xc0, 0x3c,
    0xc0, 0xa0, 0x7, 0x6, 0x0, 0xe6, 0x5, 0x0,
    0x85, 0x5, 0x0, 0x35, 0x7, 0x0, 0x6e, 0xe,
    0x0, 0x8c, 0xc2, 0x80, 0x19, 0x41, 0x44, 0x1,
    0x20, 0xc0, 0x1e, 0x60, 0x60, 0x15, 0x9, 0x0,
    0xf5, 0x4, 0x81, 0x11, 0x44, 0x3, 0xc6, 0x46,
    0x47, 0xb6, 0x1, 0xfb, 0x34, 0x80,

    /* U+06F9 "۹" */
    0x0, 0xc, 0xee, 0xa4, 0x3, 0x87, 0x18, 0x88,
    0xd6, 0x1, 0xac, 0x9b, 0xf0, 0x10, 0xc0, 0x25,
    0x29, 0x3, 0x70, 0xb0, 0x1, 0x82, 0x0, 0x58,
    0x6, 0x1, 0x88, 0x2, 0x40, 0x60, 0x1, 0x82,
    0x38, 0x6, 0x20, 0xa, 0x2, 0x3f, 0xbc, 0x0,
    0x20, 0x7, 0xa3, 0x1, 0x21, 0x3, 0x0, 0x97,
    0x3f, 0xda, 0xe0, 0x20, 0x1f, 0x84, 0x18, 0x3,
    0xf7, 0x1, 0x80, 0x7e, 0x20, 0xe0, 0xf, 0xcc,
    0x4, 0x1, 0xf8, 0x81, 0xc0, 0x3f, 0x8c, 0x84,
    0x3, 0xf5, 0xa8, 0x0,

    /* U+06FA "ۺ" */
    0x0, 0xff, 0xe3, 0xa0, 0x80, 0x7f, 0xf3, 0x56,
    0xf0, 0x3, 0xff, 0x9a, 0xe2, 0xe0, 0x1f, 0xfc,
    0xcb, 0xcf, 0xdf, 0x40, 0xf, 0xfe, 0x52, 0x9,
    0x60, 0x18, 0x7, 0xff, 0x2b, 0x6c, 0xea, 0x8e,
    0x1, 0xff, 0xca, 0x24, 0x1, 0x50, 0x0, 0xbc,
    0x0, 0x7f, 0xf3, 0x4e, 0x1c, 0x3, 0xff, 0x9a,
    0x44, 0x4, 0x0, 0xff, 0xe0, 0x36, 0x18, 0x6,
    0x1d, 0x80, 0xa, 0x83, 0x0, 0x3f, 0xf8, 0x1e,
    0x76, 0x1, 0x88, 0xa0, 0x9, 0x0, 0xc0, 0x44,
    0x1, 0xfd, 0xa0, 0x80, 0x19, 0x40, 0x80, 0x23,
    0x7, 0x8, 0xe4, 0x0, 0xfc, 0x80, 0x62, 0x1,
    0x68, 0x70, 0x4, 0x20, 0xe0, 0xe0, 0xa0, 0x1f,
    0xc4, 0x14, 0x20, 0x88, 0xd, 0x10, 0x4, 0x81,
    0x90, 0x90, 0x80, 0x7f, 0x8, 0x27, 0x7d, 0x81,
    0x27, 0x7f, 0x9c, 0x64, 0x41, 0x80, 0x3f, 0xf8,
    0xa, 0x20, 0x53, 0x8c, 0x20, 0x2b, 0x82, 0x20,
    0x60, 0xf, 0xe1, 0x31, 0xae, 0xfd, 0x61, 0x9e,
    0xfe, 0xa2, 0x2, 0x12, 0x70, 0xf, 0xd4, 0xc,
    0x1, 0xff, 0xc2, 0xb0, 0x8a, 0x40, 0x8, 0x9b,
    0x50, 0xa4, 0x3, 0x5f, 0x8, 0x7, 0xcb, 0x40,
    0xb7, 0xff, 0x6c, 0x91, 0xf8, 0x80, 0x64, 0x12,
    0x0, 0xfc, 0xbd, 0x6, 0x20, 0x2, 0x5a, 0xc2,
    0x0, 0xed, 0xb3, 0x0, 0xf0,

    /* U+06FB "ۻ" */
    0x0, 0xff, 0xe6, 0x47, 0x18, 0x7, 0xff, 0x41,
    0x5, 0x40, 0x3f, 0xfa, 0x1b, 0x6c, 0x1, 0xff,
    0xd0, 0x14, 0x0, 0xff, 0xf7, 0xbe, 0x7f, 0xb1,
    0x0, 0x3f, 0xf9, 0x6d, 0xd0, 0x60, 0x3, 0xb6,
    0x0, 0xff, 0xe0, 0xad, 0x98, 0x7, 0x4c, 0x85,
    0xb7, 0xfd, 0x1, 0x20, 0x1f, 0xfc, 0x1c, 0x44,
    0x0, 0x6a, 0x62, 0xc9, 0x20, 0x3, 0xa0, 0x18,
    0x11, 0x0, 0x3f, 0xb4, 0x2c, 0x2, 0xb5, 0x3c,
    0x30, 0xe, 0x10, 0x10, 0xbd, 0x40, 0xf, 0xc8,
    0x6, 0x81, 0x8, 0x78, 0x20, 0x1c, 0x8a, 0x24,
    0xe, 0x8, 0x1, 0xfc, 0x41, 0x76, 0x71, 0xd0,
    0x8, 0x4d, 0xae, 0xc1, 0x60, 0x42, 0x60, 0x1f,
    0xe1, 0x1, 0x40, 0x1e, 0xff, 0xbb, 0x25, 0x6,
    0x94, 0x4, 0x1c, 0x3, 0xfc, 0x21, 0x94, 0xc6,
    0x20, 0x10, 0x9b, 0x57, 0x28, 0x0, 0x41, 0x80,
    0x3f, 0x8c, 0x84, 0x96, 0x73, 0xbf, 0xee, 0xc9,
    0x50, 0xc, 0x42, 0x4e, 0x1, 0xf0, 0xf0, 0x30,
    0x7, 0xff, 0x16, 0xc2, 0x29, 0x0, 0x22, 0x7f,
    0x22, 0x40, 0x7, 0x1f, 0x40, 0x7, 0xf2, 0xd0,
    0xad, 0xff, 0xdb, 0x2, 0x78, 0x1, 0xe5, 0x14,
    0x0, 0xff, 0x2f, 0xc1, 0x88, 0x9, 0x2d, 0xe0,
    0x80, 0x79, 0xaf, 0x40, 0x3f, 0x0,

    /* U+06FC "ۼ" */
    0x0, 0xc5, 0xd4, 0x1, 0xff, 0x30, 0xa0, 0x7,
    0xfc, 0x97, 0x80, 0x1f, 0xfc, 0x4, 0x20, 0xf,
    0xfe, 0x63, 0xe7, 0x72, 0xc0, 0x3f, 0x64, 0x18,
    0x89, 0x40, 0x3e, 0x93, 0x2b, 0xff, 0x60, 0x7,
    0xcc, 0x18, 0x80, 0x2, 0x0, 0xf0, 0x81, 0x8,
    0x7, 0xf8, 0x40, 0x88, 0x1, 0xff, 0x30, 0x61,
    0x81, 0x46, 0x70, 0x7, 0x41, 0xe, 0x76, 0xb9,
    0x89, 0x0, 0x61, 0xc1, 0x1, 0x27, 0xcf, 0x20,
    0xe, 0xd1, 0x2a, 0xd8, 0x30, 0xf, 0x49, 0xa6,
    0xa8, 0x7, 0xe2, 0x62, 0xb0, 0xf, 0xf5, 0x5,
    0x80, 0x64, 0x20, 0xe, 0x30, 0x50, 0x9, 0x2f,
    0x0, 0x3e, 0x70, 0x9, 0x85, 0x0, 0x38, 0x83,
    0x40, 0x22, 0xea, 0x0, 0xea, 0x6, 0x50, 0xf,
    0xf1, 0xb8, 0x55, 0xb1, 0x0, 0x4, 0x96, 0x90,
    0x22, 0x0, 0x93, 0xbf, 0xee, 0xda, 0x5e, 0x0,
    0x3f, 0x4a, 0x10, 0x0, 0x4d, 0xee, 0x80,

    /* U+06FD "۽" */
    0x0, 0xa3, 0xbf, 0x88, 0x3, 0x63, 0x88, 0xc4,
    0x1, 0x31, 0x9b, 0xb9, 0xe0, 0x1b, 0xc2, 0x44,
    0x3, 0xc2, 0x6, 0x1, 0xf5, 0x4, 0x10, 0x1,
    0xc, 0x0, 0x54, 0x3b, 0x7d, 0x7e, 0x2, 0xde,
    0x20, 0x82, 0x92, 0xf, 0x2a, 0x29, 0x5d, 0x6a,
    0xe, 0xd7, 0xf4, 0xa2, 0x20, 0x0, 0xca, 0x7,
    0x29, 0xf0, 0x7, 0x84, 0x2, 0x10, 0xf, 0x18,
    0x80, 0x7c, 0x60, 0x11, 0x80,

    /* U+06FE "۾" */
    0x0, 0xd1, 0xbf, 0x8a, 0x1, 0x87, 0x5c, 0x80,
    0xe9, 0x80, 0x2a, 0x25, 0xef, 0x90, 0x90, 0x0,
    0xa1, 0xd0, 0x83, 0x28, 0x28, 0xf, 0x70, 0x3,
    0x70, 0x68, 0x0, 0x48, 0x3, 0x30, 0x10, 0x0,
    0xa7, 0x3b, 0xfe, 0x2, 0x5, 0xd6, 0x31, 0x0,
    0x10, 0x60, 0xd0, 0x2e, 0xff, 0xba, 0xe5, 0x1c,
    0xe, 0x88, 0x40, 0x55, 0x80, 0x41, 0x0, 0x78,
    0x9b, 0x0, 0x37, 0x80, 0x42, 0x6, 0x0, 0x10,
    0xf0, 0x10, 0x1, 0x80, 0x4a, 0x6, 0x1, 0x38,
    0x8, 0x0, 0x81, 0x80, 0x1e, 0x8b, 0xe0, 0x1,
    0x9e, 0x0, 0xfc,

    /* U+06FF "ۿ" */
    0x0, 0xf0, 0xdb, 0x80, 0x7f, 0xf0, 0x59, 0x20,
    0x40, 0x3f, 0xf8, 0x13, 0x43, 0x20, 0x1f, 0xf3,
    0x2, 0xc3, 0x88, 0x7, 0xfb, 0x20, 0x18, 0xc8,
    0x3, 0xfd, 0x4c, 0x0, 0xc3, 0x0, 0xff, 0xe7,
    0xb3, 0x80, 0x7f, 0xf0, 0xa2, 0x16, 0x20, 0x1f,
    0xfc, 0x6, 0x4, 0xf3, 0x0, 0xff, 0x5b, 0x80,
    0x7, 0x14, 0x3, 0xf2, 0xa2, 0x3b, 0x4, 0x29,
    0x80, 0x3e, 0xf0, 0x91, 0x36, 0x0, 0x4b, 0x0,
    0x78, 0x40, 0xc0, 0x33, 0x4, 0x98, 0x7, 0x18,
    0x30, 0x1, 0x82, 0x20, 0x10, 0x1, 0xd4, 0x10,
    0xd6, 0x2c, 0x2e, 0x8, 0x0, 0x20, 0x1, 0x40,
    0x4a, 0x14, 0x81, 0x0, 0x4d, 0xbf, 0xdf, 0x0,
    0x11, 0x7f, 0x68, 0x28, 0x2a, 0x84, 0x64, 0x9e,
    0xa4, 0x11, 0x9a, 0x80,

    /* U+2013 "–" */
    0xd, 0xdf, 0xf0, 0x0, 0x8b, 0xfc, 0x0,

    /* U+2014 "—" */
    0xd, 0xdf, 0xfe, 0x50, 0x0, 0x8b, 0xff, 0x94,
    0x0,

    /* U+2018 "‘" */
    0x0, 0x6e, 0x2, 0x12, 0x7, 0x6, 0x82, 0x82,
    0x28, 0x8, 0xb4, 0x90, 0x0,

    /* U+2019 "’" */
    0x9, 0xfc, 0x5, 0x4, 0x3, 0xb, 0x20, 0x23,
    0x40, 0xb0, 0xe2, 0x60,

    /* U+201C "“" */
    0x0, 0x6e, 0x0, 0x1f, 0xcc, 0x10, 0x90, 0x1,
    0x40, 0x61, 0xc1, 0xa0, 0x84, 0x60, 0x5, 0x4,
    0xe, 0x4, 0x5, 0x1, 0x10, 0x20, 0x68, 0x69,
    0x20, 0x19, 0x89, 0xc0,

    /* U+201D "”" */
    0x9, 0xfc, 0x2, 0xff, 0x18, 0x28, 0x20, 0x38,
    0x0, 0xc0, 0xc2, 0x83, 0x41, 0x80, 0x80, 0xc8,
    0x10, 0x28, 0x10, 0x28, 0x0, 0x64, 0x61, 0xc6,
    0xc0, 0x44, 0x80, 0x0,

    /* U+2022 "•" */
    0x2, 0xbd, 0xb2, 0x0, 0x7a, 0x12, 0x78, 0x9,
    0x0, 0x44, 0x20, 0x1f, 0x9, 0x0, 0x44, 0x21,
    0xc6, 0x7, 0xc0,

    /* U+2026 "…" */
    0x1, 0x20, 0xe, 0x20, 0xe, 0x20, 0x0, 0xfe,
    0xb8, 0x5, 0x7b, 0x60, 0x13, 0xef, 0x9, 0x8,
    0x68, 0x4, 0x80, 0x80, 0x16, 0x80, 0x91, 0x98,
    0x78, 0x2, 0x60, 0x70, 0xb, 0xc0, 0xcc,

    /* U+20AC "€" */
    0x0, 0xe1, 0x8d, 0xff, 0x75, 0x28, 0x7, 0x27,
    0x39, 0x9, 0xa, 0xd1, 0x80, 0x45, 0x60, 0xbd,
    0xcd, 0xfa, 0x83, 0x0, 0xb8, 0x16, 0x84, 0x2,
    0x57, 0x0, 0x88, 0xc2, 0xc0, 0x3f, 0xc8, 0x8,
    0x20, 0x1f, 0x9f, 0xe4, 0x13, 0xff, 0x9c, 0x2,
    0x47, 0x10, 0x47, 0x7e, 0x40, 0x8, 0xe1, 0x43,
    0x62, 0x38, 0xc0, 0x23, 0x85, 0xd, 0x88, 0xcc,
    0x1, 0x91, 0xc4, 0x11, 0xdf, 0x68, 0x6, 0x7f,
    0x90, 0x3f, 0xfd, 0x60, 0x1e, 0x70, 0x32, 0x0,
    0xff, 0xa, 0x4, 0x80, 0x7f, 0xd2, 0x9, 0x64,
    0x1, 0x13, 0x0, 0x62, 0xb1, 0x4d, 0xee, 0x7e,
    0xc0, 0x7, 0x27, 0xb9, 0x8, 0xc9, 0x60,

    /* U+2103 "℃" */
    0x0, 0xc2, 0x1, 0xff, 0x9, 0x0, 0x78, 0xf7,
    0xfb, 0x8c, 0x1, 0xe5, 0xbf, 0xed, 0xff, 0x5b,
    0x1, 0x60, 0xd5, 0xa4, 0xb0, 0x6, 0xaa, 0x20,
    0x11, 0x90, 0x25, 0x85, 0x86, 0xaa, 0x51, 0xd8,
    0x5, 0x8a, 0x11, 0xfb, 0x9b, 0xf5, 0x20, 0x62,
    0x20, 0x9, 0x8c, 0x1, 0x6, 0x18, 0xe0, 0x1c,
    0xa8, 0x4, 0x24, 0x1, 0x39, 0x0, 0x1c, 0x20,
    0xc0, 0x3f, 0xa4, 0x72, 0x1f, 0xa, 0x1, 0x40,
    0xe, 0x1, 0xfe, 0x1c, 0x46, 0x97, 0xc4, 0xc,
    0x4, 0x0, 0xff, 0xe0, 0x15, 0x77, 0x2c, 0xc0,
    0x6, 0x4, 0x1, 0xff, 0xc8, 0x10, 0x10, 0xf,
    0xfe, 0x40, 0x80, 0x80, 0x7f, 0xf2, 0xc, 0x8,
    0x3, 0xff, 0x91, 0xe0, 0x80, 0x1f, 0xfc, 0x87,
    0x0, 0x30, 0x7, 0xff, 0x1c, 0x58, 0x20, 0x80,
    0x3f, 0xf8, 0xf0, 0x22, 0xc6, 0x0, 0xe2, 0x20,
    0x7, 0xfc, 0x38, 0x43, 0x3f, 0xb9, 0xbf, 0xb4,
    0x1, 0xff, 0xc0, 0x2d, 0x83, 0x2, 0x32, 0x4,
    0xc0, 0xf, 0xfe, 0x13, 0xe7, 0xf6, 0xf7, 0xda,
    0x0,

    /* U+2109 "℉" */
    0x0, 0x8c, 0xc2, 0x1, 0xff, 0xc3, 0x5e, 0xcc,
    0x74, 0x0, 0xb, 0xff, 0xf9, 0x8e, 0x97, 0x35,
    0xdc, 0xc0, 0x18, 0x8b, 0xe3, 0xa0, 0xa3, 0x28,
    0x3b, 0x0, 0xdb, 0xbf, 0x29, 0x88, 0x80, 0x26,
    0x30, 0xf, 0xfe, 0x1, 0x9, 0x0, 0x4e, 0x40,
    0x1f, 0xfc, 0xa, 0xf, 0x65, 0xb2, 0x90, 0xf,
    0xfe, 0x1, 0x60, 0xcd, 0x2c, 0xa8, 0x7, 0xff,
    0x4, 0xf3, 0xfb, 0x8c, 0x1, 0xff, 0xc5, 0x10,
    0xf, 0xbf, 0xfe, 0x0, 0xff, 0xe0, 0x91, 0x7c,
    0x1, 0xff, 0xc1, 0xdd, 0xf8, 0x3, 0xff, 0xfe,
    0x1, 0xff, 0xeb, 0x2e, 0xe0, 0x7, 0xe0,

    /* U+2122 "™" */
    0x12, 0x2f, 0x1, 0x10, 0x3, 0x88, 0x8d, 0xbb,
    0xd8, 0x3b, 0xa6, 0x0, 0x9f, 0x74, 0xdb, 0x80,
    0xfb, 0x80, 0x15, 0x0, 0x54, 0x0, 0x12, 0x30,
    0xf2, 0x20, 0x1, 0x4c, 0x40, 0x88, 0x80, 0x1f,
    0xec, 0x6, 0xa, 0x32, 0x0, 0xff, 0x1a, 0xd8,
    0x35, 0x0, 0x7f, 0xf0, 0x38, 0xd8, 0x58, 0x3,
    0xff, 0x80, 0x83, 0x2a, 0x1, 0xff, 0xc2, 0x70,
    0xe0, 0xf, 0x52, 0x80, 0x6, 0x90, 0x22, 0xd0,
    0x2e, 0xc0,

    /* U+2190 "←" */
    0x0, 0x9e, 0xd4, 0x3, 0xe3, 0x85, 0x50, 0x7,
    0xdc, 0x16, 0x1, 0xf4, 0x12, 0xa8, 0x3, 0xc6,
    0xe0, 0x35, 0x5e, 0x84, 0x0, 0x22, 0xaf, 0x91,
    0xc8, 0x23, 0xbb, 0xda, 0x1e, 0x10, 0x2, 0x3e,
    0x2, 0x80, 0xb0, 0xf, 0xce, 0x6a, 0xa0, 0xf,
    0xdb, 0xa4, 0x0, 0xe0,

    /* U+2191 "↑" */
    0x0, 0xcf, 0x42, 0x1, 0xe2, 0xc8, 0x5f, 0x50,
    0xc, 0xda, 0x60, 0x1, 0xaa, 0x8, 0x4c, 0x86,
    0xcc, 0x31, 0x17, 0xc0, 0x9b, 0x90, 0x0, 0x57,
    0x22, 0x29, 0x90, 0x7, 0x9b, 0x84, 0x80, 0x3f,
    0x8, 0x7, 0xff, 0x69, 0x10, 0x20, 0x18,

    /* U+2192 "→" */
    0x0, 0xe1, 0xba, 0x0, 0xfe, 0x13, 0x59, 0x0,
    0xfe, 0x82, 0x64, 0x0, 0xfe, 0x90, 0xa0, 0x2,
    0x55, 0x7b, 0x80, 0x64, 0x9, 0x57, 0xe0, 0x2,
    0x3, 0x77, 0x7b, 0x40, 0x1c, 0x0, 0x11, 0xf4,
    0x3, 0x98, 0x7, 0xc8, 0xa5, 0x0, 0x1f, 0xa4,
    0x38, 0x3, 0xfb, 0xf4, 0xc0, 0x20,

    /* U+2193 "↓" */
    0x0, 0xd1, 0xa4, 0x1, 0xf8, 0xc8, 0x3, 0xff,
    0xb4, 0x60, 0x1f, 0x88, 0x67, 0x8, 0x3, 0x9f,
    0x4f, 0x4f, 0x60, 0x0, 0xfb, 0x4, 0x47, 0xc2,
    0x74, 0xa, 0x27, 0xd0, 0x1, 0xeb, 0x0, 0x6,
    0xe0, 0x3, 0xa6, 0xdb, 0x90, 0x2,

    /* U+2260 "≠" */
    0x0, 0xfd, 0x9c, 0x20, 0x1f, 0x94, 0xdc, 0x40,
    0x3f, 0x40, 0x58, 0x2, 0x7f, 0xfc, 0x41, 0xbe,
    0x42, 0x45, 0x84, 0x0, 0x45, 0x1c, 0x6e, 0xe6,
    0xa, 0xdd, 0x84, 0x3, 0x13, 0x9a, 0x80, 0x7e,
    0x90, 0xf0, 0xe, 0x7b, 0xb6, 0x20, 0x45, 0xde,
    0x1e, 0x44, 0x18, 0x1, 0x13, 0x8e, 0x35, 0x81,
    0xf7, 0x7c, 0x42, 0x4e, 0x30, 0x45, 0xe0, 0x4,
    0xc, 0x80, 0x7f, 0x47, 0xb8, 0x7, 0xe0,

    /* U+2264 "≤" */
    0x0, 0xff, 0x18, 0x7, 0xe1, 0x7d, 0xc2, 0x0,
    0xe5, 0xbe, 0x82, 0x43, 0x0, 0x1c, 0xf5, 0x21,
    0x46, 0xd8, 0xa6, 0x61, 0x85, 0x6f, 0x5c, 0x80,
    0x1a, 0x60, 0xff, 0x48, 0x1, 0xdc, 0x0, 0x7c,
    0x60, 0xf, 0x3f, 0x49, 0x9a, 0x7e, 0x90, 0x3,
    0xb, 0x66, 0xb0, 0xad, 0xf4, 0x0, 0x71, 0x4f,
    0x52, 0xb, 0x90, 0x7, 0xcb, 0x7d, 0x6, 0x1,
    0xfc, 0x2e, 0x20, 0x1f, 0xfc, 0x8, 0xee, 0xff,
    0x10, 0x8f, 0xfc, 0x0,

    /* U+2265 "≥" */
    0x31, 0x0, 0xff, 0x57, 0x52, 0x0, 0x7e, 0xc1,
    0x5b, 0xe8, 0x20, 0xe, 0x5e, 0xb5, 0x17, 0xdc,
    0x60, 0xe, 0x4a, 0xe9, 0x33, 0x4f, 0xd0, 0x7,
    0xb, 0x66, 0x8, 0x14, 0x80, 0x38, 0xe7, 0x48,
    0x8, 0xc0, 0x2, 0xfb, 0x8c, 0x2b, 0x9a, 0x27,
    0x5d, 0x4, 0x73, 0xf4, 0x60, 0xa, 0x51, 0x7d,
    0xc6, 0x0, 0xec, 0xbe, 0x82, 0x0, 0xf9, 0x50,
    0x3, 0xff, 0x95, 0x1d, 0xdf, 0xe2, 0x11, 0xff,
    0x80,

    /* U+FE70 "ﹰ" */
    0x0, 0x85, 0x69, 0x1, 0xf3, 0xa8, 0x58, 0x29,
    0x6f, 0xe4, 0xc3, 0x6b, 0x37, 0x48, 0x1f, 0x88,
    0xb8, 0xa1, 0x3d, 0x90, 0x60,

    /* U+FE71 "ﹱ" */
    0x0, 0xff, 0xe0, 0x24, 0x68, 0x80, 0xa, 0xbe,
    0xd1, 0x44, 0x0, 0x21, 0x3d, 0x9a, 0x1, 0x1c,
    0xd, 0x7d, 0x8, 0x1, 0x36, 0x4a, 0xbc, 0x40,
    0xb, 0x9d, 0x2a, 0x1, 0x84, 0xc0, 0x3f, 0xff,
    0xe0, 0x1f, 0xfd, 0x3c, 0xff, 0xf8, 0xcc, 0x1,
    0xe1, 0x10,

    /* U+FE72 "ﹲ" */
    0x0, 0xff, 0xe0, 0x9e, 0xfb, 0x80, 0x77, 0xbc,
    0x40, 0x7, 0x7d, 0xc7, 0x54, 0x4, 0x56, 0xb7,
    0x32, 0xf3, 0x10, 0x60, 0x7, 0x88, 0x70, 0x5,
    0x8e, 0x77, 0xa4, 0x0,

    /* U+FE73 "ﹳ" */
    0x4, 0x71, 0x0, 0xef, 0x85, 0x0, 0xe4, 0x14,
    0x0, 0xc4, 0x4, 0x1, 0xc2, 0xe, 0x1, 0xc2,
    0xa, 0x1, 0xc4, 0x41, 0x80, 0xe, 0x90, 0x7b,
    0x40, 0x9, 0x2c, 0x52, 0xfe, 0x0, 0x9, 0xd0,
    0x82, 0x0,

    /* U+FE74 "ﹴ" */
    0x0, 0xe5, 0x20, 0x27, 0xbf, 0xa6, 0xd, 0x92,
    0xaf, 0x40, 0xcf, 0xcf, 0xe5, 0xf, 0xea, 0x18,
    0x40, 0x5b, 0xfb, 0x61,

    /* U+FE76 "ﹶ" */
    0x0, 0xe2, 0x10, 0x1, 0xc6, 0xe9, 0x3, 0xf1,
    0x17, 0x14, 0x27, 0xb2, 0xc, 0x0,

    /* U+FE77 "ﹷ" */
    0x0, 0xc2, 0x80, 0x18, 0xe3, 0x7a, 0x0, 0x28,
    0xc5, 0x56, 0x60, 0x2, 0xbe, 0xd8, 0x30, 0xc,
    0x62, 0x1, 0xff, 0xff, 0x0, 0xff, 0xe9, 0xe7,
    0xff, 0xc6, 0x60, 0xf, 0x8, 0x80,

    /* U+FE78 "ﹸ" */
    0x0, 0xff, 0x5f, 0xd8, 0x4, 0xcb, 0x6a, 0xc0,
    0x1, 0x34, 0x21, 0x0, 0x33, 0x38, 0xd4, 0x5e,
    0xd4, 0x2c, 0x83, 0x4e, 0xf9, 0x0,

    /* U+FE79 "ﹹ" */
    0x0, 0xff, 0xe0, 0xc7, 0xe9, 0x0, 0x71, 0xbd,
    0x34, 0x0, 0x7c, 0x84, 0x20, 0x1c, 0x6f, 0xed,
    0xc0, 0x19, 0xe5, 0x46, 0x14, 0x3, 0x68, 0x5f,
    0x38, 0x7, 0x54, 0xb0, 0x80, 0x7f, 0xff, 0xc0,
    0x3f, 0xfb, 0xb9, 0xff, 0xf1, 0x81, 0x80, 0x78,
    0x44,

    /* U+FE7A "ﹺ" */
    0x0, 0xff, 0x1c, 0x6a, 0x85, 0x76, 0x2a, 0x90,
    0x6, 0x3b, 0x60, 0x40,

    /* U+FE7B "ﹻ" */
    0xcf, 0xff, 0x8c, 0xc0, 0x1e, 0x11, 0x7f, 0xfd,
    0xc4, 0x1, 0x24, 0x6d, 0x0, 0x51, 0xf6, 0x8b,
    0x0, 0x17, 0xcf, 0x64, 0x10, 0x0,

    /* U+FE7C "ﹼ" */
    0x0, 0xc2, 0x94, 0x0, 0x60, 0xb6, 0x75, 0x5,
    0xb0, 0x7e, 0x70, 0x10, 0x33, 0x9a, 0xd4, 0x50,
    0x71, 0x3b, 0x68, 0x7, 0xb2, 0xc4, 0x80, 0x0,

    /* U+FE7D "ﹽ" */
    0x0, 0x88, 0x30, 0x80, 0xa, 0x49, 0xe0, 0x28,
    0x0, 0xa7, 0xd3, 0x10, 0x10, 0x2, 0x53, 0x33,
    0x8d, 0x40, 0x17, 0x9d, 0x1b, 0xc4, 0x1, 0x18,
    0x81, 0x0, 0x7f, 0xff, 0xc0, 0x3f, 0xfa, 0x19,
    0xff, 0xf1, 0x98, 0x3, 0xc2, 0x20,

    /* U+FE7E "ﹾ" */
    0x0, 0xf3, 0xff, 0x18, 0xc5, 0x27, 0x90, 0xbe,
    0x9, 0x96, 0xcd, 0x86, 0x6f, 0x30,

    /* U+FE7F "ﹿ" */
    0x0, 0xff, 0xb3, 0xec, 0x3, 0x9c, 0x29, 0x58,
    0x3, 0x73, 0x21, 0x8, 0x6, 0xa5, 0xe1, 0x60,
    0xc, 0x7f, 0xba, 0x10, 0xf, 0x10, 0x7, 0xff,
    0xfc, 0x3, 0xff, 0xa3, 0x9f, 0xff, 0x19, 0x80,
    0x3c, 0x22,

    /* U+FE80 "ﺀ" */
    0x0, 0x9b, 0x37, 0x4, 0x3, 0x5c, 0x99, 0x18,
    0x80, 0x4a, 0x85, 0x9f, 0xc0, 0x1b, 0x2, 0xc,
    0x4, 0x3, 0x8, 0x7, 0xf6, 0x4, 0x0, 0x61,
    0x0, 0x23, 0x16, 0xb4, 0xfd, 0x80, 0x7, 0x8,
    0x92, 0xc0, 0x60, 0xdd, 0x44, 0x9, 0x5f, 0x20,
    0xa2, 0xb5, 0xf6, 0xa0, 0x11, 0xf5, 0x28, 0x7,
    0x80,

    /* U+FE81 "ﺁ" */
    0x0, 0xff, 0x3f, 0xfa, 0xd4, 0xdc, 0x4a, 0x62,
    0xd, 0x59, 0x24, 0x4e, 0x77, 0x6e, 0xaf, 0x8c,
    0x3, 0x89, 0x0, 0x38, 0x5d, 0x0, 0x3c, 0x51,
    0xe0, 0x1f, 0xfc, 0xc1, 0x7, 0x0, 0xff, 0xe1,
    0x98, 0x8, 0x7, 0xff, 0xc, 0x40, 0xc0, 0x3f,
    0xf9, 0xc2, 0x1, 0xff, 0xc4, 0x10, 0xf, 0xfe,
    0x29, 0x80, 0x80, 0x0,

    /* U+FE82 "ﺂ" */
    0x0, 0xff, 0xe0, 0x47, 0xfa, 0xd4, 0xe0, 0x40,
    0x4, 0xd1, 0x6, 0xac, 0x62, 0x0, 0x17, 0x3b,
    0xb7, 0x57, 0xc6, 0x1, 0xf1, 0x20, 0x7, 0xc2,
    0xc8, 0x1, 0xf8, 0xa7, 0xc0, 0x3f, 0xce, 0x1,
    0xf8, 0x40, 0x40, 0x3f, 0x18, 0x7, 0xff, 0x0,
    0xc0, 0x3f, 0x8, 0x8, 0x7, 0xff, 0x4c, 0x40,
    0x3f, 0xf8, 0x2, 0x1, 0xf8, 0xc0, 0xc0, 0x3f,
    0x8, 0x30, 0x7, 0xe5, 0xf, 0x20, 0xf, 0xa8,
    0x13, 0x7f, 0x40, 0x38, 0xed, 0x4, 0x4, 0x0,

    /* U+FE83 "ﺃ" */
    0x0, 0xe1, 0xbf, 0xb0, 0x86, 0xb8, 0x2, 0x74,
    0x30, 0xe5, 0x65, 0x60, 0x19, 0xac, 0x24, 0xae,
    0xa7, 0xa5, 0x10, 0x0, 0xba, 0x0, 0xa, 0x3c,
    0x3, 0xff, 0x80, 0x20, 0xe0, 0x1f, 0x18, 0x8,
    0x7, 0xc2, 0x6, 0x1, 0xff, 0xc2, 0x10, 0xf,
    0xc2, 0x1, 0xfc, 0x60, 0x20,

    /* U+FE84 "ﺄ" */
    0x0, 0xfe, 0x1b, 0xfb, 0x0, 0xe8, 0x7b, 0x80,
    0xe, 0x26, 0x43, 0x0, 0xe8, 0x58, 0x88, 0x3,
    0x20, 0x3a, 0xf8, 0x6, 0x28, 0xdd, 0x38, 0x6,
    0x57, 0x20, 0xf, 0x8f, 0x64, 0x3, 0xe2, 0x50,
    0xf, 0x8, 0x7, 0xf8, 0x40, 0x3c, 0x60, 0x1f,
    0xe3, 0x0, 0xf0, 0x80, 0x80, 0x7f, 0xf3, 0x44,
    0x4, 0x3, 0xff, 0x86, 0x60, 0x60, 0x1e, 0x10,
    0x60, 0xf, 0x28, 0x41, 0x0, 0x75, 0x1, 0xef,
    0xe8, 0x4, 0x78, 0x82, 0x2, 0x0,

    /* U+FE85 "ﺅ" */
    0x0, 0xff, 0xe0, 0x96, 0x7c, 0x80, 0x7a, 0x5e,
    0xec, 0x1, 0xe6, 0xc4, 0x20, 0xf, 0x54, 0xa2,
    0xa8, 0x3, 0x84, 0x57, 0x58, 0x1, 0xde, 0xb3,
    0xd2, 0x1, 0xd3, 0x4c, 0x20, 0x1f, 0xfc, 0xe3,
    0xcf, 0xd4, 0x0, 0xc7, 0x86, 0x5, 0x66, 0x1,
    0x78, 0x57, 0xb8, 0x78, 0x0, 0xcc, 0x8a, 0x10,
    0x46, 0x20, 0xa1, 0x80, 0x12, 0x2, 0x80, 0x56,
    0x20, 0x1, 0x2, 0x7, 0x3, 0xee, 0x7b, 0x81,
    0x80, 0xe2, 0x8, 0xc0, 0x6, 0x0, 0x1d, 0xf7,
    0xe0, 0x9, 0x80, 0x70, 0xf8, 0x48, 0x6, 0x28,
    0xe2, 0x37, 0x0, 0x5f, 0x6b, 0x82, 0xe0, 0x4,
    0xe2, 0x25, 0xca, 0x0, 0xdd, 0xbd, 0x46, 0x1,
    0x80,

    /* U+FE86 "ﺆ" */
    0x0, 0xff, 0xe2, 0x16, 0x7c, 0x80, 0x7f, 0x4b,
    0xe5, 0x80, 0x7f, 0x39, 0x98, 0x80, 0x3f, 0xa1,
    0xe6, 0x9c, 0x3, 0xf7, 0x3, 0x9, 0x0, 0x7e,
    0xfb, 0xfb, 0x50, 0xf, 0xca, 0x80, 0x1f, 0xfc,
    0xc3, 0xcf, 0xd5, 0x0, 0xf8, 0xf0, 0xc0, 0xa9,
    0x40, 0x3d, 0xc1, 0x5f, 0x1, 0x60, 0x1c, 0x64,
    0xaa, 0x7, 0x21, 0x20, 0xc, 0xa1, 0xa0, 0x12,
    0x3, 0x80, 0x7a, 0x8c, 0x1, 0xc0, 0x60, 0x19,
    0xc4, 0xb3, 0xfd, 0x1, 0x3f, 0xe5, 0x1, 0xc5,
    0x10, 0xf, 0x84, 0x0, 0x55, 0xdf, 0xa0, 0x3f,
    0xf2, 0x0, 0x70, 0xf0, 0x30, 0x7, 0xc2, 0xfe,
    0x66, 0x80, 0xe, 0xad, 0xe8, 0x14, 0xd0, 0xf,
    0x31, 0x2, 0x5d, 0x84, 0x3, 0xdf, 0x9f, 0x68,
    0x1, 0xf0,

    /* U+FE87 "ﺇ" */
    0x4f, 0xa0, 0x3, 0x80, 0x80, 0x7c, 0x20, 0xe0,
    0x1f, 0x18, 0x8, 0x7, 0xc2, 0x6, 0x1, 0xfc,
    0x20, 0x1f, 0xfc, 0x11, 0x0, 0xfe, 0x30, 0x10,
    0xf, 0xe3, 0x0, 0x66, 0x90, 0x16, 0xe2, 0x4,
    0xae, 0x28, 0x4, 0x42, 0x10, 0xd9, 0xc9, 0x24,
    0xb4, 0x95, 0xb2, 0x80,

    /* U+FE88 "ﺈ" */
    0x4f, 0xb0, 0xe, 0x70, 0x70, 0xe, 0x10, 0xf,
    0xe1, 0x0, 0xe3, 0x3, 0x0, 0xff, 0xe0, 0x88,
    0x8, 0x7, 0xff, 0x28, 0x40, 0x40, 0x3f, 0xf8,
    0x26, 0x6, 0x1, 0xf0, 0x80, 0x73, 0x3, 0x80,
    0x71, 0x4, 0x10, 0x6, 0xa0, 0x3d, 0xfe, 0x0,
    0x1e, 0x20, 0x81, 0x80, 0x47, 0x7d, 0xfa, 0x3,
    0x7c, 0xc0, 0x1a, 0x3, 0x1c, 0x3, 0x84, 0x84,
    0x3, 0x5a, 0xef, 0x28, 0x5, 0x62, 0x94, 0xa0,
    0x14, 0xf4, 0xa0, 0x6,

    /* U+FE89 "ﺉ" */
    0x0, 0xff, 0xe4, 0xc7, 0x79, 0x80, 0x7f, 0xf0,
    0x4d, 0xf7, 0xcc, 0x3, 0x8e, 0xbb, 0x98, 0xa0,
    0x2, 0x1a, 0x37, 0x10, 0xa, 0x31, 0x44, 0x47,
    0xa0, 0x12, 0xb6, 0x51, 0x0, 0x21, 0xc6, 0x7b,
    0x95, 0x20, 0x1, 0x8, 0xdd, 0x18, 0x1b, 0x8e,
    0x30, 0x89, 0x44, 0x2, 0xb7, 0x20, 0xa, 0x82,
    0xc8, 0x3, 0xff, 0x84, 0xa0, 0xe0, 0x1f, 0x3d,
    0x90, 0x7, 0x30, 0x7a, 0x80, 0x7a, 0xd0, 0x40,
    0x3a, 0xc8, 0x95, 0xac, 0x1, 0x8c, 0x4c, 0x3,
    0x87, 0x64, 0x89, 0x3a, 0x60, 0x40, 0x40, 0x1f,
    0x9b, 0x6c, 0xcb, 0x80, 0x41, 0xc0, 0x3f, 0xc9,
    0xe0, 0x60, 0x20, 0xa0, 0x1f, 0xf4, 0x83, 0x1,
    0x10, 0x64, 0x3, 0xfa, 0x54, 0x64, 0x1, 0x20,
    0xd8, 0xa2, 0x0, 0x13, 0x8e, 0x61, 0xc1, 0x0,
    0x25, 0x1, 0xd7, 0x7f, 0xbb, 0x1c, 0x5b, 0xc8,
    0x3, 0x2f, 0x42, 0x8, 0x0, 0x52, 0x3a, 0x44,
    0x2,

    /* U+FE8A "ﺊ" */
    0x0, 0xff, 0xe5, 0x37, 0x79, 0x80, 0x7f, 0xf0,
    0x8a, 0x62, 0xcc, 0x3, 0xff, 0x84, 0x20, 0x88,
    0x0, 0xff, 0xe1, 0x9a, 0xfb, 0xd9, 0x0, 0x7f,
    0xf0, 0x49, 0xca, 0x4, 0x3, 0xff, 0x84, 0x4b,
    0x9f, 0x44, 0x1, 0xff, 0xc2, 0x83, 0x0, 0xff,
    0xe1, 0x88, 0x80, 0x3f, 0xf8, 0xb1, 0xc8, 0x1,
    0xf1, 0x30, 0x80, 0x79, 0xc1, 0x40, 0x3e, 0x49,
    0xeb, 0x62, 0x0, 0x10, 0x90, 0x80, 0x7c, 0xaa,
    0x14, 0x9d, 0xf9, 0x10, 0x60, 0xf, 0xc7, 0x5d,
    0x0, 0x18, 0x41, 0x80, 0x3f, 0xe7, 0x2, 0xf9,
    0x21, 0x27, 0x0, 0xfe, 0x1b, 0x7, 0x0, 0xac,
    0x22, 0xd4, 0x40, 0x21, 0x49, 0xf4, 0x2b, 0x0,
    0x96, 0x41, 0x2b, 0xbf, 0xee, 0xb6, 0x16, 0xd1,
    0x0, 0xcd, 0xd0, 0x82, 0x0, 0x12, 0x69, 0xe9,
    0x0, 0xc0,

    /* U+FE8B "ﺋ" */
    0x0, 0xfa, 0x3b, 0xc4, 0x11, 0xee, 0xc2, 0x2,
    0xa, 0x80, 0x5, 0x3c, 0x7b, 0x3, 0x23, 0x92,
    0x12, 0x9d, 0xe9, 0x11, 0x39, 0x0, 0x7f, 0xc7,
    0x2, 0x1, 0x7b, 0xb8, 0x2, 0xa0, 0xd0, 0x9,
    0xc1, 0x0, 0x21, 0x30, 0x10, 0x9, 0x40, 0x80,
    0x23, 0x1, 0x0, 0x22, 0x4, 0xb3, 0xec, 0x60,
    0x8, 0x56, 0xd8, 0x0,

    /* U+FE8C "ﺌ" */
    0x0, 0xff, 0x86, 0xfe, 0xc0, 0x3d, 0xf, 0x70,
    0x1, 0xe3, 0x74, 0x30, 0xf, 0x42, 0xcc, 0xc0,
    0x1d, 0x42, 0xcb, 0xe0, 0x1d, 0x95, 0xd8, 0xc0,
    0x1c, 0x8a, 0x20, 0x1f, 0xfc, 0x74, 0xb4, 0x0,
    0xfb, 0x10, 0x80, 0x3e, 0x30, 0x50, 0xf, 0x90,
    0x4, 0x3, 0x86, 0x40, 0x10, 0x40, 0x16, 0x73,
    0x9, 0xae, 0xff, 0x8c, 0x85, 0x73, 0x58, 0x80,
    0x40,

    /* U+FE8D "ﺍ" */
    0x4f, 0xa0, 0x70, 0x10, 0xe, 0x10, 0x70, 0xe,
    0x30, 0x10, 0xe, 0x10, 0x30, 0xf, 0x84, 0x3,
    0xfc, 0x20, 0x1f, 0x18, 0x8, 0x7, 0xc6, 0x19,
    0xa4,

    /* U+FE8E "ﺎ" */
    0x4f, 0xb0, 0xe, 0x70, 0x70, 0xe, 0x10, 0xf,
    0xe1, 0x0, 0xe3, 0x3, 0x0, 0xff, 0xe0, 0x88,
    0x8, 0x7, 0xff, 0x28, 0x40, 0x40, 0x3f, 0xf8,
    0x26, 0x6, 0x1, 0xf0, 0x80, 0x73, 0x3, 0x80,
    0x71, 0x4, 0x10, 0x6, 0xa0, 0x3d, 0xfe, 0x0,
    0x1e, 0x20, 0x81, 0x80,

    /* U+FE8F "ﺏ" */
    0x0, 0xff, 0xef, 0x1e, 0xc8, 0x1, 0x94, 0x3,
    0xff, 0x88, 0x24, 0xe0, 0x8, 0xa0, 0xf, 0xfe,
    0x21, 0x18, 0xa0, 0x88, 0x80, 0x3f, 0xf8, 0xa8,
    0x6, 0x40, 0xc0, 0x1f, 0xfc, 0x5d, 0xe, 0x0,
    0x30, 0x7, 0xff, 0x1c, 0x48, 0x9, 0x40, 0x3f,
    0xf8, 0x63, 0x1, 0x82, 0xc1, 0x54, 0x52, 0x0,
    0xf8, 0x4d, 0x1e, 0xf8, 0x95, 0x2, 0x58, 0x16,
    0xb7, 0xff, 0xee, 0xcb, 0x84, 0x19, 0xa0, 0xa,
    0x7a, 0x14, 0x84, 0x3, 0x84, 0x91, 0xa3, 0x39,
    0x80, 0x38, 0x5e, 0xb7, 0xbf, 0xfb, 0xb6, 0xe5,
    0xcc, 0x3, 0xff, 0xb2, 0x9d, 0x0, 0x1f, 0xfc,
    0x83, 0x13, 0x0, 0xff, 0xe4, 0x3d, 0x50, 0x3,
    0xfc,

    /* U+FE90 "ﺐ" */
    0x1, 0x0, 0xff, 0xe7, 0xef, 0x88, 0x7, 0xff,
    0x34, 0xc8, 0x40, 0x3f, 0xf9, 0x84, 0xc, 0x1,
    0xff, 0xc6, 0x57, 0x0, 0xe6, 0x7, 0x0, 0xff,
    0xe2, 0xc5, 0x42, 0x80, 0x65, 0x3, 0x40, 0xf,
    0xfe, 0x8, 0xbf, 0x38, 0x1, 0xc0, 0x30, 0xa8,
    0x5c, 0xa1, 0x0, 0x70, 0x92, 0xc6, 0x74, 0x9,
    0x18, 0x41, 0x0, 0x6a, 0x50, 0x6b, 0xdf, 0xfe,
    0xed, 0xa7, 0x30, 0x4a, 0xd8, 0x5, 0xdf, 0xf1,
    0x80, 0x2b, 0x61, 0x8, 0x40, 0x21, 0x23, 0x68,
    0xbf, 0xb5, 0x4, 0xc6, 0x20, 0x10, 0xc, 0x4f,
    0x7b, 0xdf, 0xf7, 0x6e, 0x4b, 0xa0, 0x7, 0x1c,
    0xef, 0xf1, 0x80, 0x7f, 0xf6, 0xb3, 0x44, 0x3,
    0xff, 0x9a, 0x64, 0x40, 0xf, 0xfe, 0x6e, 0xd9,
    0x80, 0x7f, 0xf0, 0xc0,

    /* U+FE91 "ﺑ" */
    0x0, 0x1c, 0x88, 0x5, 0xc, 0xc0, 0xb, 0x43,
    0x0, 0x27, 0x4, 0x0, 0x84, 0xc0, 0x80, 0x25,
    0x1, 0x0, 0x8c, 0x4, 0x0, 0x88, 0x12, 0xcf,
    0xb1, 0x80, 0x21, 0x5b, 0x60, 0xee, 0x52, 0x0,
    0x7f, 0x2f, 0xb0, 0x5, 0xa1, 0x80, 0x14, 0x55,
    0x80, 0x0,

    /* U+FE92 "ﺒ" */
    0x0, 0x93, 0x14, 0x3, 0xec, 0x33, 0x0, 0x7c,
    0x80, 0xa0, 0x1f, 0x18, 0x8, 0x7, 0xd, 0x0,
    0x20, 0x80, 0x2c, 0xe5, 0x13, 0x5d, 0xff, 0x19,
    0xa, 0xe6, 0xb1, 0x0, 0x87, 0x72, 0x88, 0x67,
    0x7f, 0x8c, 0x3, 0xff, 0x83, 0x9a, 0x20, 0x1f,
    0x19, 0x18, 0x7, 0xd9, 0x82, 0x0, 0xc0,

    /* U+FE93 "ﺓ" */
    0x0, 0x3f, 0xa2, 0x3a, 0x0, 0x2c, 0x3, 0x21,
    0x30, 0xa, 0xa8, 0xed, 0x54, 0x0, 0x85, 0x40,
    0xa, 0x20, 0x1c, 0x60, 0x1f, 0x3e, 0x28, 0x7,
    0xbc, 0x29, 0x80, 0x30, 0xb0, 0x84, 0xa0, 0x5,
    0xa3, 0xb8, 0x14, 0x0, 0x73, 0x83, 0x34, 0x8b,
    0x84, 0x83, 0x80, 0x18, 0x68, 0x85, 0x40, 0x31,
    0x11, 0x80, 0x40, 0x30, 0x89, 0x41, 0x14, 0x6,
    0x9, 0x5, 0x82, 0xbf, 0x9c, 0x20, 0x26, 0x46,
    0x0, 0x4d, 0x20,

    /* U+FE94 "ﺔ" */
    0x0, 0xab, 0x89, 0x7d, 0x80, 0x3e, 0x71, 0x7d,
    0xf, 0x0, 0xfb, 0xed, 0x62, 0xa4, 0x3, 0xe2,
    0x40, 0x2, 0x80, 0x7f, 0xf3, 0xf, 0xec, 0x3,
    0xfc, 0xe0, 0xe0, 0x1f, 0xc, 0x75, 0x80, 0x80,
    0x79, 0xb9, 0xc0, 0xc0, 0x3e, 0x69, 0x2a, 0xec,
    0x3, 0x0, 0xe8, 0x1c, 0x50, 0x8, 0x40, 0x31,
    0x8a, 0x8, 0x7, 0xf0, 0x82, 0xb9, 0x0, 0x4,
    0x4, 0x2, 0x25, 0x8, 0xdf, 0xf0, 0x81, 0x0,
    0x6a, 0x93, 0x11, 0x11, 0x3, 0xc8, 0x3, 0x36,
    0x77, 0x37, 0xc0, 0xf7, 0xe4, 0x3, 0xe2, 0xd5,
    0x10, 0x0,

    /* U+FE95 "ﺕ" */
    0x0, 0xfe, 0x23, 0x1, 0x40, 0xf, 0xfe, 0x36,
    0xe1, 0x55, 0xb8, 0x7, 0xff, 0x14, 0xc8, 0xcc,
    0x6, 0x1, 0xff, 0xc5, 0xcd, 0x18, 0xf4, 0x0,
    0xc7, 0x72, 0x0, 0x54, 0x0, 0xff, 0xe2, 0xa,
    0x38, 0x2, 0x2c, 0x3, 0xff, 0x88, 0x44, 0x13,
    0x12, 0x20, 0x7, 0xff, 0x15, 0x41, 0x8, 0x18,
    0x3, 0xff, 0x8b, 0xa1, 0xc0, 0x6, 0x0, 0xff,
    0xe3, 0x89, 0x1, 0x28, 0x7, 0xff, 0xc, 0x60,
    0x30, 0x54, 0x2a, 0x8a, 0x40, 0x1f, 0x9, 0x23,
    0xd7, 0x12, 0xa0, 0x53, 0x2, 0xd6, 0xff, 0xfd,
    0xdb, 0x70, 0xa3, 0x14, 0x1, 0x4e, 0xc2, 0x10,
    0x80, 0x70, 0x92, 0x34, 0x67, 0x38, 0x0,

    /* U+FE96 "ﺖ" */
    0x0, 0xfe, 0x23, 0x1, 0x50, 0xf, 0xfe, 0x5e,
    0xe1, 0x55, 0x1c, 0x3, 0xff, 0x94, 0x64, 0x66,
    0x3, 0x0, 0xff, 0xe5, 0x66, 0x8c, 0x7a, 0x0,
    0x7f, 0xf0, 0x90, 0x80, 0x3f, 0xf9, 0xd3, 0xa2,
    0x1, 0xff, 0xcc, 0x12, 0x20, 0x80, 0x7f, 0xf3,
    0x8, 0x18, 0x3, 0xff, 0x8c, 0xd0, 0x1, 0xf3,
    0x0, 0x7f, 0xf1, 0x66, 0x4e, 0xa0, 0x18, 0x80,
    0x90, 0x3, 0xff, 0x82, 0x2f, 0xcc, 0x0, 0x60,
    0xc, 0x2a, 0x17, 0x4a, 0x40, 0x1c, 0x26, 0xd3,
    0x9d, 0x2, 0x48, 0x10, 0x40, 0x1a, 0x94, 0x16,
    0xb7, 0xff, 0xbb, 0x25, 0x8c, 0x12, 0xf6, 0x1,
    0x37, 0xfc, 0x60, 0xa, 0xd8, 0x42, 0x10, 0x8,
    0x49, 0x1a, 0x2f, 0xed, 0x0, 0xf1, 0x88, 0x4,
    0x0,

    /* U+FE97 "ﺗ" */
    0x3, 0x20, 0x24, 0x2, 0xcd, 0xf, 0xb4, 0x32,
    0x30, 0x71, 0x61, 0xdc, 0xa, 0xe2, 0x0, 0xff,
    0x1a, 0x0, 0x64, 0xc9, 0x0, 0xc8, 0x4, 0x40,
    0xc, 0xc0, 0x80, 0x1b, 0x3, 0xc0, 0x33, 0x81,
    0x0, 0x78, 0x40, 0x21, 0x80, 0xc0, 0xcf, 0xe5,
    0x26, 0x2, 0x13, 0x8d, 0x0, 0x0,

    /* U+FE98 "ﺘ" */
    0x0, 0x5e, 0x8b, 0xfa, 0x0, 0x72, 0x11, 0x30,
    0xc, 0x3, 0xb6, 0xce, 0xa8, 0xe0, 0x1c, 0x48,
    0x2, 0xa0, 0x1f, 0xfc, 0x7e, 0xc0, 0xf, 0xc2,
    0x30, 0x7, 0xe5, 0x7, 0x0, 0xfd, 0xa0, 0x60,
    0x1f, 0x2b, 0x3, 0xa0, 0x6, 0xcf, 0xa0, 0x41,
    0xbf, 0xf6, 0x81, 0x9, 0xcd, 0xc9, 0x80, 0x60,

    /* U+FE99 "ﺙ" */
    0x0, 0xff, 0x1f, 0x48, 0x7, 0xff, 0x21, 0x45,
    0x40, 0x3f, 0xf8, 0xe4, 0x4b, 0xf4, 0x0, 0xff,
    0xe3, 0x6d, 0xb4, 0x5b, 0x80, 0x7f, 0xf1, 0x4c,
    0x8c, 0xc0, 0x60, 0x1f, 0xfc, 0x5c, 0xd1, 0x8f,
    0x40, 0xc, 0x77, 0x20, 0x5, 0x40, 0xf, 0xfe,
    0x20, 0xa3, 0x80, 0x22, 0xc0, 0x3f, 0xf8, 0x84,
    0x41, 0x31, 0x22, 0x0, 0x7f, 0xf1, 0x54, 0x10,
    0x81, 0x80, 0x3f, 0xf8, 0xba, 0x1c, 0x0, 0x60,
    0xf, 0xfe, 0x38, 0x90, 0x12, 0x80, 0x7f, 0xf0,
    0xc6, 0x3, 0x5, 0x42, 0xa8, 0xa4, 0x1, 0xf0,
    0x92, 0x3d, 0x71, 0x2a, 0x5, 0x30, 0x2d, 0x6f,
    0xff, 0xdd, 0xb7, 0xa, 0x31, 0x40, 0x14, 0xec,
    0x21, 0x8, 0x7, 0x9, 0x23, 0x46, 0x73, 0x80,
    0x0,

    /* U+FE9A "ﺚ" */
    0x0, 0xff, 0x17, 0x48, 0x7, 0xff, 0x35, 0xc5,
    0x0, 0x3f, 0xf9, 0x84, 0x37, 0xca, 0x1, 0xff,
    0xcb, 0xdb, 0x78, 0xa7, 0x0, 0xff, 0xe5, 0x18,
    0x91, 0x81, 0x80, 0x7f, 0xf2, 0xb3, 0x86, 0x3d,
    0x0, 0x3f, 0xf8, 0x48, 0x40, 0x1f, 0xfc, 0xe9,
    0xd1, 0x0, 0xff, 0xe6, 0x9, 0x10, 0x40, 0x3f,
    0xf9, 0x84, 0xc, 0x1, 0xff, 0xc6, 0x68, 0x0,
    0xf9, 0x80, 0x3f, 0xf8, 0xb3, 0x27, 0x50, 0xc,
    0x40, 0x48, 0x1, 0xff, 0xc1, 0x17, 0xe6, 0x0,
    0x30, 0x6, 0x15, 0xb, 0xa5, 0x20, 0xe, 0x13,
    0x69, 0xce, 0x81, 0x24, 0x8, 0x20, 0xd, 0x4a,
    0xb, 0x5b, 0xff, 0xdd, 0x92, 0xc6, 0x9, 0x7b,
    0x0, 0x9b, 0xfe, 0x30, 0x5, 0x6c, 0x21, 0x8,
    0x4, 0x24, 0x8d, 0x17, 0xf6, 0x80, 0x78, 0xc4,
    0x2, 0x0,

    /* U+FE9B "ﺛ" */
    0x0, 0x27, 0xb8, 0x6, 0xc0, 0xd0, 0x8, 0xee,
    0xa5, 0x0, 0xb3, 0x9, 0xd6, 0x86, 0x46, 0x2e,
    0x2c, 0x3b, 0x81, 0x5c, 0x40, 0x1f, 0xe3, 0x40,
    0xc, 0x99, 0x20, 0x19, 0x0, 0x88, 0x1, 0x98,
    0x10, 0x3, 0x60, 0x78, 0x6, 0x70, 0x20, 0xf,
    0x8, 0x4, 0x30, 0x18, 0x19, 0xfc, 0xa4, 0xc0,
    0x42, 0x71, 0xa0, 0x0,

    /* U+FE9C "ﺜ" */
    0x0, 0xc8, 0x20, 0x1f, 0x96, 0xf0, 0x3, 0xf3,
    0x8b, 0x80, 0x7d, 0x79, 0xfb, 0xe8, 0x1, 0xc8,
    0x25, 0x80, 0x60, 0x1d, 0xb6, 0x75, 0x47, 0x0,
    0xe2, 0x40, 0x15, 0x0, 0xff, 0xe3, 0xf6, 0x0,
    0x7e, 0x11, 0x80, 0x3f, 0x28, 0x38, 0x7, 0xed,
    0x3, 0x0, 0xf9, 0x58, 0x1d, 0x0, 0x36, 0x7d,
    0x2, 0xd, 0xff, 0xb4, 0x8, 0x4e, 0x6e, 0x4c,
    0x3, 0x0,

    /* U+FE9D "ﺝ" */
    0x1a, 0xdf, 0xec, 0x83, 0x0, 0xf8, 0x54, 0x80,
    0x4d, 0xf3, 0xa5, 0x48, 0x3, 0x67, 0x7f, 0x64,
    0x20, 0xb5, 0x6f, 0xd8, 0x0, 0xc4, 0x4, 0xdb,
    0x8, 0x3, 0xfc, 0x33, 0xd0, 0x49, 0x19, 0xd6,
    0x1, 0x93, 0xd8, 0x1f, 0xad, 0xcc, 0x40, 0x32,
    0xd8, 0xaf, 0x40, 0x80, 0x7c, 0x54, 0x13, 0x42,
    0x1, 0xfd, 0xc1, 0xc, 0x1, 0xfe, 0x33, 0x13,
    0x80, 0x42, 0xa0, 0x1e, 0xb0, 0xb0, 0xd, 0x54,
    0x70, 0xe, 0x20, 0x20, 0xd, 0x80, 0x60, 0x1c,
    0x20, 0x20, 0x19, 0xfd, 0x0, 0x38, 0x83, 0xc0,
    0x3f, 0xf8, 0x14, 0xb, 0x0, 0x1f, 0xf1, 0xc0,
    0x3f, 0x39, 0x88, 0x0, 0x92, 0x2c, 0x0, 0xf4,
    0x22, 0x8c, 0xef, 0xf6, 0xdb, 0xa1, 0x0, 0x17,
    0xa9, 0x88, 0x40, 0x4, 0xb3, 0xc4,

    /* U+FE9E "ﺞ" */
    0x1a, 0xdf, 0xec, 0x83, 0x0, 0xfe, 0x15, 0x20,
    0x13, 0x7c, 0xe9, 0x52, 0x0, 0xf6, 0x77, 0xf6,
    0x42, 0xb, 0x56, 0xfd, 0x80, 0x63, 0x10, 0x13,
    0x6c, 0x20, 0xf, 0xfe, 0x0, 0xcf, 0x41, 0x8,
    0x57, 0x58, 0x7, 0x93, 0xd8, 0x1b, 0x60, 0x18,
    0x40, 0x3c, 0xb6, 0x2b, 0xd2, 0x46, 0xa, 0x1,
    0xe2, 0xa0, 0x8a, 0x10, 0x3, 0x86, 0x80, 0x7b,
    0x82, 0x1c, 0x3, 0x10, 0xa1, 0x80, 0x63, 0x31,
    0x38, 0x7, 0xa4, 0x35, 0x44, 0x1, 0x61, 0x60,
    0x13, 0xf2, 0x83, 0x98, 0xd7, 0x7c, 0x10, 0x10,
    0x5, 0xe2, 0x1, 0x64, 0x18, 0x4, 0x20, 0x1d,
    0x1e, 0xa0, 0x13, 0xe7, 0xfa, 0x8, 0x38, 0x3,
    0xff, 0x85, 0x40, 0xb0, 0x1, 0xff, 0xc1, 0x38,
    0x7, 0xe7, 0x31, 0x0, 0x12, 0x4d, 0x80, 0x67,
    0xa1, 0x14, 0x67, 0x7f, 0xb6, 0xd9, 0xc, 0x3,
    0x2f, 0x53, 0x10, 0x80, 0x9, 0x67, 0x8c, 0x0,

    /* U+FE9F "ﺟ" */
    0x5, 0xce, 0xe6, 0x40, 0x80, 0x7e, 0x31, 0x11,
    0xbf, 0x40, 0x7, 0x93, 0x3f, 0xdb, 0x24, 0xfc,
    0xa0, 0x18, 0x4c, 0x0, 0x4d, 0xae, 0x35, 0xd6,
    0x1, 0xfd, 0xc0, 0x1, 0x42, 0x0, 0xf2, 0xe4,
    0x83, 0x67, 0x90, 0x9, 0x2c, 0xf5, 0x1b, 0x6c,
    0x98, 0x3, 0x7b, 0x69, 0x85, 0x76, 0x48, 0x3,
    0x18, 0x92, 0xcf, 0x51, 0x0, 0x7b, 0xb9, 0xb4,
    0xc2, 0x1, 0xff, 0xcf, 0x3e, 0x80, 0xf, 0xf9,
    0x45, 0x0, 0x3f, 0xe6, 0xbd, 0x0, 0xf0,

    /* U+FEA0 "ﺠ" */
    0x5, 0xce, 0xe6, 0x40, 0x80, 0x7f, 0xc6, 0x22,
    0x37, 0xe8, 0x0, 0xfe, 0x4c, 0xff, 0x6c, 0x93,
    0xf2, 0x80, 0x7c, 0x26, 0x0, 0x26, 0xd7, 0x1a,
    0xeb, 0x0, 0xff, 0xe0, 0x70, 0x0, 0x50, 0x80,
    0x3f, 0x97, 0x24, 0x0, 0x3c, 0x40, 0x18, 0x49,
    0x67, 0xa8, 0xd7, 0x5c, 0x68, 0xc0, 0x2d, 0xed,
    0xa6, 0x15, 0xda, 0x29, 0x14, 0xcf, 0xf2, 0x18,
    0x92, 0xcf, 0x51, 0x0, 0x7, 0xd8, 0x80, 0xf,
    0xdc, 0xda, 0x61, 0x0, 0xe1, 0x9d, 0xff, 0x18,
    0x7, 0xff, 0x2a, 0x78, 0x80, 0x3f, 0xf8, 0x48,
    0x2e, 0x1, 0xff, 0xc2, 0xfb, 0x50, 0xf, 0xe0,

    /* U+FEA1 "ﺡ" */
    0x1a, 0xdf, 0xec, 0x83, 0x0, 0xf8, 0x54, 0x80,
    0x4d, 0xf3, 0xa5, 0x48, 0x3, 0x67, 0x7f, 0x64,
    0x20, 0xb5, 0x6f, 0xd8, 0x0, 0xc4, 0x4, 0xdb,
    0x8, 0x3, 0xfc, 0x33, 0xd0, 0x49, 0x19, 0xd6,
    0x1, 0x93, 0xd8, 0x1f, 0xad, 0xcc, 0x40, 0x32,
    0xd8, 0xaf, 0x40, 0x80, 0x7c, 0x54, 0x13, 0x42,
    0x1, 0xfd, 0xc1, 0xc, 0x1, 0xfe, 0x33, 0x13,
    0x80, 0x7f, 0xd6, 0x16, 0x1, 0xff, 0xc0, 0x20,
    0x20, 0xf, 0xfe, 0x0, 0x80, 0x80, 0x7f, 0xf0,
    0x8, 0x3c, 0x3, 0xff, 0x81, 0x40, 0xb0, 0x1,
    0xff, 0x1c, 0x3, 0xf3, 0x98, 0x80, 0x9, 0x26,
    0xc0, 0xf, 0x42, 0x28, 0xce, 0xff, 0x6d, 0xb2,
    0x10, 0x1, 0x7a, 0x98, 0x84, 0x0, 0x4b, 0x3c,
    0x40,

    /* U+FEA2 "ﺢ" */
    0x1a, 0xdf, 0xec, 0x83, 0x0, 0xfe, 0x15, 0x20,
    0x13, 0x7c, 0xe9, 0x52, 0x0, 0xf6, 0x77, 0xf6,
    0x42, 0xb, 0x56, 0xfd, 0x80, 0x63, 0x10, 0x13,
    0x6c, 0x20, 0xf, 0xfe, 0x0, 0xcf, 0x41, 0x8,
    0x57, 0x58, 0x7, 0x93, 0xd8, 0x1b, 0x60, 0x18,
    0x40, 0x3c, 0xb6, 0x2b, 0xd2, 0x46, 0xa, 0x1,
    0xe2, 0xa0, 0x8a, 0x10, 0x3, 0x86, 0x80, 0x7b,
    0x82, 0x1c, 0x3, 0x10, 0xa1, 0x80, 0x63, 0x31,
    0x38, 0x7, 0xa4, 0x35, 0x44, 0x1, 0x61, 0x60,
    0x1f, 0x39, 0x8d, 0x77, 0xc1, 0x1, 0x0, 0x7e,
    0xc8, 0x30, 0x8, 0x40, 0x3f, 0xe7, 0xcf, 0xf4,
    0x10, 0x70, 0x7, 0xff, 0xa, 0x81, 0x60, 0x3,
    0xff, 0x82, 0x70, 0xf, 0xce, 0x62, 0x0, 0x24,
    0x8b, 0x0, 0xcf, 0x42, 0x28, 0xce, 0xff, 0x6d,
    0xba, 0x10, 0x6, 0x5e, 0xa6, 0x21, 0x0, 0x12,
    0xcf, 0x10, 0x0,

    /* U+FEA3 "ﺣ" */
    0x5, 0xce, 0xe6, 0x40, 0x80, 0x7e, 0x31, 0x11,
    0xbf, 0x40, 0x7, 0x93, 0x3f, 0xdb, 0x24, 0xfc,
    0xa0, 0x18, 0x4c, 0x0, 0x4d, 0xae, 0x35, 0xd6,
    0x1, 0xfd, 0xc0, 0x1, 0x42, 0x0, 0xf2, 0xe4,
    0x83, 0x67, 0x90, 0x9, 0x2c, 0xf5, 0x1b, 0x6c,
    0x98, 0x3, 0x7b, 0x69, 0x85, 0x76, 0x48, 0x3,
    0x18, 0x92, 0xcf, 0x51, 0x0, 0x78,

    /* U+FEA4 "ﺤ" */
    0x5, 0xce, 0xe6, 0x40, 0x80, 0x7f, 0xc6, 0x22,
    0x37, 0xe8, 0x0, 0xfe, 0x4c, 0xff, 0x6c, 0x93,
    0xf2, 0x80, 0x7c, 0x26, 0x0, 0x26, 0xd7, 0x1a,
    0xeb, 0x0, 0xff, 0xe0, 0x70, 0x0, 0x50, 0x80,
    0x3f, 0x97, 0x24, 0x0, 0x3c, 0x40, 0x18, 0x49,
    0x67, 0xa8, 0xd7, 0x5c, 0x68, 0xc0, 0x2d, 0xed,
    0xa6, 0x15, 0xda, 0x29, 0x14, 0xcf, 0xf2, 0x18,
    0x92, 0xcf, 0x51, 0x0, 0x7, 0xd8, 0x80, 0xe,

    /* U+FEA5 "ﺥ" */
    0x0, 0xf3, 0x7a, 0x80, 0x7f, 0xf0, 0x3c, 0x34,
    0x3, 0xff, 0x81, 0x35, 0x0, 0x1f, 0xfc, 0x15,
    0x0, 0xff, 0xe5, 0xd, 0x6f, 0xf6, 0x41, 0x80,
    0x7c, 0x2a, 0x40, 0x26, 0xf9, 0xd2, 0xa4, 0x1,
    0xb3, 0xbf, 0xb2, 0x10, 0x5a, 0xb7, 0xec, 0x0,
    0x62, 0x2, 0x6d, 0x84, 0x1, 0xfe, 0x19, 0xe8,
    0x24, 0x8c, 0xeb, 0x0, 0xc9, 0xec, 0xf, 0xd6,
    0xe6, 0x20, 0x19, 0x6c, 0x57, 0xa0, 0x40, 0x3e,
    0x2a, 0x9, 0xa1, 0x0, 0xfe, 0xe0, 0x86, 0x0,
    0xff, 0x19, 0x89, 0xc0, 0x3f, 0xeb, 0xb, 0x0,
    0xff, 0xe0, 0x10, 0x10, 0x7, 0xff, 0x0, 0x40,
    0x40, 0x3f, 0xf8, 0x4, 0x1e, 0x1, 0xff, 0xc0,
    0xa0, 0x58, 0x0, 0xff, 0x8e, 0x1, 0xf9, 0xcc,
    0x40, 0x4, 0x93, 0x60, 0x7, 0xa1, 0x14, 0x67,
    0x7f, 0xb6, 0xd9, 0x8, 0x0, 0xbd, 0x4c, 0x42,
    0x0, 0x25, 0x9e, 0x20,

    /* U+FEA6 "ﺦ" */
    0x0, 0xf3, 0x7a, 0x80, 0x7f, 0xf0, 0xbc, 0x34,
    0x3, 0xff, 0x85, 0x35, 0x0, 0x1f, 0xfc, 0x35,
    0x0, 0xff, 0xe7, 0xd, 0x6f, 0xf6, 0x41, 0x80,
    0x7f, 0xa, 0x90, 0x9, 0xbe, 0x74, 0xa9, 0x0,
    0x7b, 0x3b, 0xfb, 0x21, 0x5, 0xab, 0x7e, 0xc0,
    0x31, 0x88, 0x9, 0xb6, 0x10, 0x7, 0xff, 0x0,
    0x67, 0xa0, 0x84, 0x2b, 0xac, 0x3, 0xc9, 0xec,
    0xd, 0xb0, 0xc, 0x20, 0x1e, 0x5b, 0x15, 0xe9,
    0x23, 0x5, 0x0, 0xf1, 0x50, 0x45, 0x8, 0x1,
    0xc3, 0x40, 0x3d, 0xc1, 0xe, 0x1, 0x88, 0x50,
    0xc0, 0x31, 0x98, 0x9c, 0x3, 0xd2, 0x1a, 0xa2,
    0x0, 0xb0, 0xb0, 0xf, 0x9c, 0xc6, 0xbb, 0xe0,
    0x80, 0x80, 0x3f, 0x64, 0x18, 0x4, 0x20, 0x1f,
    0xf3, 0xe7, 0xfa, 0x8, 0x38, 0x3, 0xff, 0x85,
    0x40, 0xb0, 0x1, 0xff, 0xc1, 0x38, 0x7, 0xe7,
    0x31, 0x0, 0x12, 0x45, 0x80, 0x67, 0xa1, 0x14,
    0x67, 0x7f, 0xb6, 0xdd, 0x8, 0x3, 0x2f, 0x53,
    0x10, 0x80, 0x9, 0x67, 0x88, 0x0,

    /* U+FEA7 "ﺧ" */
    0x0, 0x8c, 0xc0, 0x1f, 0xf0, 0xe6, 0x4, 0x3,
    0xfc, 0x24, 0x41, 0x0, 0xff, 0xb7, 0x40, 0x1f,
    0xfc, 0xc5, 0xce, 0xe6, 0x40, 0x80, 0x7e, 0x31,
    0x11, 0xbf, 0x40, 0x7, 0x93, 0x3f, 0xdb, 0x24,
    0xfc, 0xa0, 0x18, 0x4c, 0x0, 0x4d, 0xae, 0x35,
    0xd6, 0x1, 0xfd, 0xc0, 0x1, 0x42, 0x0, 0xf2,
    0xe4, 0x83, 0x67, 0x90, 0x9, 0x2c, 0xf5, 0x1b,
    0x6c, 0x98, 0x3, 0x7b, 0x69, 0x85, 0x76, 0x48,
    0x3, 0x18, 0x92, 0xcf, 0x51, 0x0, 0x78,

    /* U+FEA8 "ﺨ" */
    0x0, 0x90, 0x40, 0x3f, 0xf8, 0x4b, 0x78, 0x1,
    0xff, 0xc2, 0x61, 0x70, 0xf, 0xfe, 0x11, 0xf5,
    0x0, 0x7f, 0xf4, 0x97, 0x3b, 0x99, 0x2, 0x1,
    0xff, 0x18, 0x88, 0xdf, 0xa0, 0x3, 0xf9, 0x33,
    0xfd, 0xb2, 0x4f, 0xca, 0x1, 0xf0, 0x98, 0x0,
    0x9b, 0x5c, 0x6b, 0xac, 0x3, 0xff, 0x81, 0xc0,
    0x1, 0x42, 0x0, 0xfe, 0x5c, 0x90, 0x0, 0xf1,
    0x0, 0x61, 0x25, 0x9e, 0xa3, 0x5d, 0x71, 0xa3,
    0x0, 0xb7, 0xb6, 0x98, 0x57, 0x68, 0xa4, 0x53,
    0x3f, 0xc8, 0x62, 0x4b, 0x3d, 0x44, 0x0, 0x1f,
    0x62, 0x0, 0x38,

    /* U+FEA9 "ﺩ" */
    0x0, 0xf1, 0x0, 0x7f, 0x2e, 0xc0, 0x7, 0xe6,
    0x7, 0x30, 0xf, 0x8e, 0x3, 0xc0, 0x3f, 0x39,
    0x1a, 0x80, 0x7e, 0x80, 0xe0, 0xf, 0xca, 0x28,
    0x20, 0x1f, 0x90, 0x14, 0x3, 0xf0, 0x80, 0x83,
    0x41, 0x0, 0x5, 0xd0, 0x10, 0x21, 0xf7, 0xfd,
    0xd0, 0x10, 0x21, 0xac, 0x40, 0x1, 0x5b, 0x70,

    /* U+FEAA "ﺪ" */
    0x0, 0xf1, 0x0, 0x7f, 0xf0, 0x17, 0x5c, 0x3,
    0xfe, 0x60, 0x82, 0x0, 0xff, 0x1b, 0x4, 0x0,
    0x7f, 0xd0, 0x2a, 0x60, 0x1f, 0xe1, 0x90, 0x90,
    0xf, 0xf9, 0xc1, 0x44, 0x3, 0xfe, 0x50, 0x60,
    0xf, 0xf8, 0x42, 0x80, 0x33, 0x41, 0x0, 0x5,
    0xd0, 0xa, 0x0, 0x28, 0x7d, 0xff, 0x74, 0x3,
    0x83, 0xfd, 0x86, 0xb1, 0x0, 0x5, 0x72, 0x2c,
    0xc0, 0x40,

    /* U+FEAB "ﺫ" */
    0x0, 0xd5, 0xc4, 0x1, 0xf9, 0x5, 0x80, 0x3f,
    0x65, 0xa0, 0x7, 0xe2, 0x40, 0xf, 0xf8, 0x80,
    0x3f, 0x9b, 0x64, 0x3, 0xf2, 0x3, 0x18, 0x7,
    0xc5, 0x1, 0xc0, 0x1f, 0x9c, 0x88, 0xa0, 0x1f,
    0xa0, 0x24, 0x3, 0xf2, 0x89, 0x88, 0x7, 0xe4,
    0x5, 0x0, 0xfc, 0x20, 0x20, 0xd0, 0x40, 0x1,
    0x74, 0x4, 0x8, 0x7d, 0xff, 0x74, 0x4, 0x88,
    0x6b, 0x10, 0x0, 0x56, 0xd8, 0x0,

    /* U+FEAC "ﺬ" */
    0x0, 0xd3, 0xc6, 0x1, 0xff, 0x28, 0xa8, 0x7,
    0xfd, 0xb6, 0xc0, 0x1f, 0xf0, 0xa0, 0x7, 0xff,
    0x8, 0x80, 0x3f, 0xf8, 0xd, 0xb0, 0x1, 0xff,
    0x28, 0x39, 0x0, 0x7f, 0x8d, 0x82, 0x0, 0x3f,
    0xe9, 0x15, 0x30, 0xf, 0xfa, 0x2, 0x40, 0x3f,
    0xe6, 0x5, 0x10, 0xf, 0xf9, 0x41, 0x80, 0x3f,
    0xe1, 0xa, 0x0, 0xca, 0xe4, 0x0, 0x17, 0x40,
    0x28, 0x0, 0xae, 0x37, 0xfd, 0xd0, 0xe, 0xf,
    0xf6, 0x1a, 0xc4, 0x0, 0x15, 0xc8, 0xb3, 0x1,

    /* U+FEAD "ﺭ" */
    0x0, 0xff, 0xe1, 0x4e, 0x80, 0x7c, 0x84, 0xa0,
    0x1e, 0x80, 0xe0, 0xf, 0x28, 0xa0, 0x7, 0xc8,
    0x4, 0x1, 0xe3, 0x1, 0x0, 0xf1, 0x1, 0x0,
    0x70, 0xa1, 0x8, 0x7, 0x40, 0x50, 0x7, 0x43,
    0x13, 0x80, 0x45, 0x6e, 0x3e, 0x0, 0x3b, 0xd4,
    0x2c, 0x20, 0x3, 0xa0, 0x46, 0x90, 0x4, 0x95,
    0xee, 0x1, 0xc0,

    /* U+FEAE "ﺮ" */
    0x0, 0xf0, 0x80, 0x7f, 0xd, 0xe0, 0x7, 0xf0,
    0xb9, 0x28, 0x7, 0xf4, 0x4, 0x80, 0x7f, 0x20,
    0x99, 0x0, 0x7f, 0x20, 0x50, 0x7, 0xf1, 0x83,
    0xa0, 0x7, 0xe5, 0x0, 0x5f, 0xb8, 0x7, 0x11,
    0x95, 0x10, 0x8, 0x7, 0x48, 0x52, 0xef, 0xb0,
    0x6, 0xa4, 0x27, 0x0, 0xf1, 0xe2, 0x8f, 0x80,
    0x72, 0x66, 0xc, 0xde, 0x40, 0x1e, 0x31, 0x9c,
    0x10, 0xf, 0x25, 0xf3, 0x0, 0x7e,

    /* U+FEAF "ﺯ" */
    0x0, 0xc2, 0x80, 0x1f, 0x65, 0xa8, 0x7, 0x9c,
    0x5c, 0x3, 0xd5, 0xc4, 0x1, 0xff, 0xc5, 0x10,
    0xf, 0xd, 0xf8, 0x7, 0x85, 0xc5, 0x80, 0x3d,
    0x1, 0xa0, 0x1e, 0x41, 0x40, 0xf, 0x90, 0x8,
    0x3, 0xc6, 0x1, 0xf9, 0x40, 0xc0, 0x38, 0x4c,
    0x84, 0x3, 0xac, 0x2c, 0x3, 0xa5, 0x4d, 0x80,
    0x23, 0xc6, 0x1d, 0x0, 0x26, 0x60, 0xcd, 0xe2,
    0x1, 0x18, 0xce, 0x8, 0x4, 0x99, 0xcc, 0x1,
    0xc0,

    /* U+FEB0 "ﺰ" */
    0x0, 0xc6, 0x40, 0x1f, 0xc5, 0x9a, 0x1, 0xfc,
    0x64, 0x60, 0x1f, 0xc3, 0xb8, 0x1, 0xff, 0xcc,
    0x10, 0xf, 0xe1, 0xbc, 0x0, 0xfe, 0x17, 0x25,
    0x0, 0xfe, 0x90, 0x90, 0xf, 0xe5, 0x13, 0x20,
    0xf, 0xe4, 0xa, 0x0, 0xfe, 0x30, 0x74, 0x0,
    0xfc, 0xa0, 0xb, 0xf7, 0x0, 0xe2, 0x32, 0xa2,
    0x1, 0x0, 0xe9, 0xa, 0x5d, 0xf6, 0x0, 0xd4,
    0x84, 0xe0, 0x1e, 0x3c, 0x51, 0xf0, 0xe, 0x4c,
    0xc1, 0x9b, 0xc8, 0x3, 0xc6, 0x33, 0x82, 0x1,
    0xe4, 0xbe, 0x60, 0xf, 0xc0,

    /* U+FEB1 "ﺱ" */
    0x0, 0xff, 0xe6, 0xb3, 0x80, 0x7f, 0xf3, 0x4a,
    0x60, 0x3, 0xff, 0x9a, 0x44, 0x4, 0x0, 0xff,
    0xe0, 0x36, 0x18, 0x6, 0x1c, 0x70, 0x9, 0x43,
    0x0, 0x3f, 0xf8, 0x1e, 0x76, 0x1, 0x88, 0xf4,
    0x2, 0xb0, 0x30, 0x11, 0x0, 0x7f, 0x68, 0x20,
    0x6, 0x50, 0x20, 0x8, 0x81, 0xc2, 0x39, 0x0,
    0x3f, 0x20, 0x18, 0x80, 0x58, 0x1c, 0x1, 0xce,
    0xe, 0xa, 0x1, 0xfc, 0x41, 0x42, 0x8, 0xa1,
    0xa2, 0x0, 0x90, 0x32, 0x12, 0x10, 0xf, 0xe1,
    0x4, 0xef, 0xb0, 0x24, 0xef, 0xf3, 0x8c, 0x88,
    0x30, 0x7, 0xff, 0x1, 0x44, 0xa, 0x71, 0x84,
    0x5, 0x70, 0x44, 0xc, 0x1, 0xfc, 0x26, 0x35,
    0xdf, 0xac, 0x33, 0xdf, 0xd4, 0x40, 0x42, 0x4e,
    0x1, 0xfa, 0x81, 0x80, 0x3f, 0xf8, 0x56, 0x11,
    0x48, 0x1, 0x13, 0x6a, 0x14, 0x80, 0x7f, 0xf0,
    0x96, 0x81, 0x6f, 0xfe, 0xd9, 0x23, 0xf1, 0x0,
    0xff, 0xe1, 0xaf, 0x41, 0x88, 0x0, 0x96, 0xb0,
    0x80, 0x3f, 0xf8, 0x40,

    /* U+FEB2 "ﺲ" */
    0x0, 0xff, 0xe6, 0x9c, 0x10, 0x7, 0xff, 0x45,
    0x9d, 0x0, 0x3f, 0xf8, 0x8f, 0xc8, 0x1, 0x87,
    0xa4, 0x2, 0x60, 0x10, 0xf, 0xfe, 0x27, 0x8e,
    0x0, 0x62, 0x13, 0x0, 0xee, 0x0, 0xe2, 0x10,
    0xf, 0xec, 0x4, 0x0, 0xca, 0x1a, 0x1, 0x8,
    0x28, 0x7, 0x5f, 0x20, 0x7, 0xe4, 0x3, 0x10,
    0xb, 0x40, 0x40, 0x21, 0x3, 0x10, 0xc, 0xe0,
    0xa0, 0x1f, 0xc4, 0x14, 0x20, 0x88, 0xd, 0x10,
    0x18, 0x0, 0x69, 0x0, 0x8, 0x48, 0x40, 0x3f,
    0x84, 0x13, 0xbe, 0xc0, 0x93, 0xbf, 0x91, 0x94,
    0xf7, 0xd8, 0x41, 0x80, 0x3f, 0xf8, 0xa, 0x20,
    0x53, 0x8a, 0x20, 0x4f, 0x34, 0xe2, 0x0, 0x10,
    0x60, 0xf, 0xe1, 0x30, 0xae, 0xfd, 0x61, 0xae,
    0xfd, 0x80, 0x4, 0x77, 0xb1, 0x9, 0x38, 0x7,
    0xea, 0x6, 0x0, 0xff, 0xe3, 0x58, 0x45, 0x20,
    0x4, 0x4d, 0xa8, 0x30, 0x1, 0xff, 0xc6, 0x5a,
    0x15, 0xbf, 0xfb, 0x64, 0x89, 0x82, 0x1, 0xff,
    0xc7, 0x5f, 0x83, 0x10, 0x1, 0x2d, 0x69, 0x0,
    0x7f, 0xf1, 0x80,

    /* U+FEB3 "ﺳ" */
    0x0, 0xff, 0xe1, 0xb, 0xb0, 0x7, 0xff, 0xd,
    0xe2, 0x80, 0x3f, 0xf8, 0x6c, 0x6, 0x20, 0x12,
    0xb8, 0x80, 0x43, 0x8e, 0x1, 0x20, 0x20, 0x5,
    0xd0, 0x40, 0x12, 0x9f, 0x0, 0x5a, 0x4, 0x1,
    0x20, 0x18, 0x5, 0x81, 0xc0, 0x11, 0x7, 0x0,
    0x10, 0x4, 0x3, 0x20, 0x10, 0x7, 0x8, 0xc,
    0x80, 0xa0, 0x1, 0x4c, 0x3c, 0x40, 0x7c, 0x33,
    0x1c, 0x46, 0x17, 0xfe, 0xa0, 0x25, 0xef, 0xe4,
    0x34, 0x22, 0x36, 0x51, 0x80, 0xa, 0xb1, 0x44,
    0x5, 0xb0, 0x0,

    /* U+FEB4 "ﺴ" */
    0x0, 0xff, 0xe1, 0x9c, 0x10, 0x7, 0xff, 0x1d,
    0x5d, 0xc0, 0x1f, 0x34, 0x90, 0x4, 0x5d, 0x0,
    0x11, 0x1, 0x80, 0x7d, 0xac, 0x1, 0x9c, 0x44,
    0x1, 0x38, 0x70, 0x7, 0xc8, 0x4, 0x1, 0x68,
    0x78, 0x7, 0x18, 0x7, 0x94, 0x4, 0x3, 0x20,
    0x18, 0x4, 0xe0, 0x82, 0x1, 0x86, 0x0, 0x50,
    0x0, 0xa6, 0x1e, 0x20, 0x50, 0x0, 0xa2, 0x0,
    0x67, 0x11, 0x85, 0xff, 0xa8, 0x9, 0x7b, 0xf4,
    0xdd, 0x11, 0xbe, 0xc4, 0x46, 0xca, 0x30, 0x1,
    0x56, 0x28, 0x81, 0x44, 0x2d, 0xc4, 0xc,

    /* U+FEB5 "ﺵ" */
    0x0, 0xff, 0xe3, 0xa0, 0x80, 0x7f, 0xf3, 0x56,
    0xf0, 0x3, 0xff, 0x9a, 0xe2, 0xe0, 0x1f, 0xfc,
    0xcb, 0xcf, 0xdf, 0x40, 0xf, 0xfe, 0x52, 0x9,
    0x60, 0x18, 0x7, 0xff, 0x2b, 0x6c, 0xea, 0x8e,
    0x1, 0xff, 0xca, 0x24, 0x1, 0x50, 0x0, 0xbc,
    0x0, 0x7f, 0xf3, 0x4e, 0x1c, 0x3, 0xff, 0x9a,
    0x44, 0x4, 0x0, 0xff, 0xe0, 0x36, 0x18, 0x6,
    0x1d, 0x80, 0xa, 0x83, 0x0, 0x3f, 0xf8, 0x1e,
    0x76, 0x1, 0x88, 0xa0, 0x9, 0x0, 0xc0, 0x44,
    0x1, 0xfd, 0xa0, 0x80, 0x19, 0x40, 0x80, 0x23,
    0x7, 0x8, 0xe4, 0x0, 0xfc, 0x80, 0x62, 0x1,
    0x68, 0x70, 0x4, 0x20, 0xe0, 0xe0, 0xa0, 0x1f,
    0xc4, 0x14, 0x20, 0x88, 0xd, 0x10, 0x4, 0x81,
    0x90, 0x90, 0x80, 0x7f, 0x8, 0x27, 0x7d, 0x81,
    0x27, 0x7f, 0x9c, 0x64, 0x41, 0x80, 0x3f, 0xf8,
    0xa, 0x20, 0x53, 0x8c, 0x20, 0x2b, 0x82, 0x20,
    0x60, 0xf, 0xe1, 0x31, 0xae, 0xfd, 0x61, 0x9e,
    0xfe, 0xa2, 0x2, 0x12, 0x70, 0xf, 0xd4, 0xc,
    0x1, 0xff, 0xc2, 0xb0, 0x8a, 0x40, 0x8, 0x9b,
    0x50, 0xa4, 0x3, 0xff, 0x84, 0xb4, 0xb, 0x7f,
    0xf6, 0xc9, 0x1f, 0x88, 0x7, 0xff, 0xd, 0x7a,
    0xc, 0x40, 0x4, 0xb5, 0x84, 0x1, 0xff, 0xc2,

    /* U+FEB6 "ﺶ" */
    0x0, 0xff, 0xe3, 0xa0, 0x80, 0x7f, 0xf4, 0x56,
    0xf0, 0x3, 0xff, 0xa2, 0xe2, 0xe0, 0x1f, 0xfd,
    0xb, 0xcf, 0xdf, 0x40, 0xf, 0xfe, 0x72, 0x9,
    0x60, 0x18, 0x7, 0xff, 0x3b, 0x6c, 0xea, 0x8e,
    0x1, 0xff, 0xce, 0x24, 0x1, 0x50, 0xf, 0xfe,
    0xb9, 0x30, 0x80, 0x7f, 0xf4, 0x5e, 0x5c, 0x3,
    0xff, 0x88, 0xd8, 0x60, 0x18, 0x76, 0x0, 0x21,
    0x1, 0x0, 0xff, 0xe2, 0x79, 0xd8, 0x6, 0x22,
    0x80, 0x27, 0xe, 0x0, 0xe1, 0x10, 0x7, 0xf6,
    0x82, 0x0, 0x65, 0x2, 0x0, 0x84, 0x14, 0x3,
    0xa3, 0x90, 0x3, 0xf2, 0x1, 0x88, 0x5, 0xa1,
    0xc0, 0x10, 0x81, 0x88, 0x6, 0x70, 0x50, 0xf,
    0xe2, 0xa, 0x10, 0x44, 0x6, 0x88, 0xc, 0x0,
    0x28, 0x80, 0x4, 0x24, 0x20, 0x1f, 0xc2, 0x9,
    0xdf, 0x60, 0x49, 0xdf, 0xc8, 0xca, 0x9b, 0xec,
    0x20, 0xc0, 0x1f, 0xfc, 0x5, 0x10, 0x29, 0xc5,
    0x10, 0x27, 0x9a, 0x71, 0x0, 0x8, 0x30, 0x7,
    0xf0, 0x98, 0x57, 0x7e, 0xb0, 0xd7, 0x7e, 0xc0,
    0x2, 0x3b, 0xd8, 0x84, 0x9c, 0x3, 0xf5, 0x3,
    0x0, 0x7f, 0xf1, 0xac, 0x22, 0x90, 0x2, 0x26,
    0xd4, 0x18, 0x0, 0xff, 0xe3, 0x2d, 0x2, 0xdf,
    0xfd, 0xb2, 0x44, 0xc1, 0x0, 0xff, 0xe3, 0xaf,
    0x41, 0x88, 0x0, 0x96, 0xb4, 0x80, 0x3f, 0xf8,
    0xc0,

    /* U+FEB7 "ﺷ" */
    0x0, 0xfe, 0x14, 0x0, 0xff, 0xe2, 0x6d, 0xb0,
    0x7, 0xff, 0xd, 0x1, 0x40, 0x3f, 0xf8, 0x27,
    0xc1, 0xfd, 0x80, 0x1f, 0xfc, 0x5, 0x14, 0x22,
    0x18, 0x80, 0x7f, 0xcd, 0x7a, 0x59, 0x81, 0x0,
    0xff, 0xe0, 0x20, 0x81, 0x98, 0xa, 0x18, 0x3,
    0xff, 0x86, 0xee, 0xb0, 0xf, 0xfe, 0x1a, 0x81,
    0x8, 0x4, 0xae, 0x20, 0x11, 0x6b, 0x80, 0x4a,
    0x8, 0x1, 0x74, 0x10, 0x4, 0xc5, 0xc0, 0x16,
    0x1, 0x0, 0x48, 0x6, 0x1, 0x60, 0x70, 0x4,
    0xa1, 0xc0, 0x4, 0x1, 0x0, 0xc8, 0x4, 0x1,
    0x38, 0x8, 0xc, 0x80, 0xa0, 0x1, 0x4c, 0x3c,
    0x40, 0x7c, 0x33, 0x1c, 0x46, 0x17, 0xfe, 0xa0,
    0x25, 0xef, 0xe4, 0x34, 0x22, 0x36, 0x51, 0x80,
    0xa, 0xb1, 0x44, 0x5, 0xb0, 0x0,

    /* U+FEB8 "ﺸ" */
    0x0, 0xfe, 0x14, 0x0, 0xff, 0xe4, 0x6d, 0xb0,
    0x7, 0xff, 0x1d, 0x1, 0x40, 0x3f, 0xf8, 0xa7,
    0xc1, 0xfd, 0x80, 0x1f, 0xfc, 0x45, 0x14, 0x22,
    0x18, 0x80, 0x7f, 0xf0, 0xda, 0xf4, 0xb3, 0x2,
    0x1, 0xff, 0xc4, 0x41, 0x3, 0x30, 0x7, 0xff,
    0x30, 0x98, 0x40, 0x3f, 0xf8, 0xe9, 0x28, 0x1,
    0xf2, 0xb8, 0x80, 0x45, 0xae, 0x1, 0x10, 0x18,
    0x7, 0xdd, 0x4, 0x1, 0x31, 0x70, 0x4, 0xe1,
    0xc0, 0x1f, 0x20, 0x18, 0x5, 0x81, 0xc0, 0x1c,
    0x60, 0x1e, 0x40, 0x10, 0xc, 0x80, 0x40, 0x13,
    0x82, 0x8, 0x6, 0x19, 0x1, 0x40, 0x2, 0x98,
    0x78, 0x81, 0x40, 0x2, 0x84, 0x1, 0x9c, 0x46,
    0x17, 0xfe, 0xa0, 0x25, 0xef, 0xd3, 0x74, 0x47,
    0x7b, 0x11, 0x1b, 0x28, 0xc0, 0x5, 0x58, 0xa2,
    0x5, 0x10, 0xb7, 0x10, 0x30,

    /* U+FEB9 "ﺹ" */
    0x0, 0xff, 0xe5, 0xbe, 0x7f, 0xb1, 0x0, 0x3f,
    0xf9, 0x6d, 0xd0, 0x60, 0x3, 0xb6, 0x0, 0xff,
    0xe0, 0xad, 0x98, 0x7, 0x4c, 0x85, 0xb7, 0xfd,
    0x1, 0x20, 0x1f, 0xfc, 0x1c, 0x44, 0x0, 0x6a,
    0x62, 0xc9, 0x20, 0x3, 0xa0, 0x18, 0x11, 0x0,
    0x3f, 0xb4, 0x2c, 0x2, 0xb5, 0x3c, 0x30, 0xe,
    0x10, 0x10, 0xbd, 0x40, 0xf, 0xc8, 0x6, 0x81,
    0x8, 0x78, 0x20, 0x1c, 0x8a, 0x24, 0xe, 0x8,
    0x1, 0xfc, 0x41, 0x76, 0x71, 0xd0, 0x8, 0x4d,
    0xae, 0xc1, 0x60, 0x42, 0x60, 0x1f, 0xe1, 0x1,
    0x40, 0x1e, 0xff, 0xbb, 0x25, 0x6, 0x94, 0x4,
    0x1c, 0x3, 0xfc, 0x21, 0x94, 0xc6, 0x20, 0x10,
    0x9b, 0x57, 0x28, 0x0, 0x41, 0x80, 0x3f, 0x8c,
    0x84, 0x96, 0x73, 0xbf, 0xee, 0xc9, 0x50, 0xc,
    0x42, 0x4e, 0x1, 0xf0, 0xf0, 0x30, 0x7, 0xff,
    0x16, 0xc2, 0x29, 0x0, 0x22, 0x7f, 0x22, 0x40,
    0x7, 0xff, 0x15, 0x68, 0x56, 0xff, 0xed, 0x81,
    0x3c, 0x0, 0xff, 0xe3, 0xaf, 0xc1, 0x88, 0x9,
    0x2d, 0xe0, 0x80, 0x7f, 0xf1, 0x40,

    /* U+FEBA "ﺺ" */
    0x0, 0xff, 0xe5, 0xbe, 0x7f, 0xb1, 0x0, 0x3f,
    0xf9, 0xcb, 0xd0, 0x60, 0x3, 0xb6, 0x0, 0xff,
    0xe2, 0x2d, 0x98, 0x7, 0x4d, 0xb, 0x67, 0xfa,
    0x2, 0x0, 0x3f, 0xf8, 0x98, 0x88, 0x0, 0xd2,
    0xc3, 0x92, 0x60, 0x7, 0x41, 0x30, 0xc, 0x20,
    0x1f, 0xed, 0xc, 0x0, 0xa5, 0x8b, 0xcc, 0x3,
    0x84, 0x3, 0xd1, 0xe8, 0x1, 0xf9, 0x1, 0xc,
    0x1d, 0x8b, 0x4, 0x3, 0x8d, 0x44, 0xc0, 0x33,
    0x82, 0x80, 0x7f, 0x10, 0x6c, 0x40, 0x7c, 0x40,
    0x22, 0x5a, 0xc0, 0x53, 0x0, 0x88, 0x48, 0x40,
    0x3f, 0x84, 0x5, 0xc0, 0x77, 0xff, 0x6d, 0x28,
    0x1, 0x33, 0xfc, 0xc2, 0xc, 0x1, 0xfe, 0x10,
    0xb9, 0x52, 0x10, 0x8, 0x4d, 0x67, 0xb5, 0xcc,
    0x40, 0xc4, 0x18, 0x3, 0xf8, 0xc8, 0x51, 0xab,
    0x7b, 0xfe, 0xec, 0xa6, 0x12, 0x8c, 0xef, 0x52,
    0x12, 0x70, 0xf, 0x87, 0x81, 0x80, 0x3f, 0xf9,
    0x16, 0x11, 0x48, 0x1, 0x13, 0xf9, 0x12, 0x40,
    0x3f, 0xf9, 0xb, 0x40, 0xb7, 0xff, 0x6c, 0x9,
    0xe0, 0x80, 0x7f, 0xf2, 0x57, 0xa0, 0xc4, 0x0,
    0x4b, 0x58, 0x20, 0x1f, 0xfc, 0x80,

    /* U+FEBB "ﺻ" */
    0x0, 0xff, 0xe0, 0xa5, 0x77, 0xeb, 0x80, 0x7f,
    0xf0, 0x4a, 0xec, 0xa2, 0x5, 0x16, 0x1, 0x92,
    0x8, 0x3, 0x1e, 0xa1, 0xd7, 0xfa, 0xc5, 0x10,
    0x1, 0x6b, 0xb0, 0x4, 0x98, 0x13, 0x8a, 0x0,
    0x48, 0xc, 0x0, 0x9c, 0x10, 0x0, 0x76, 0x16,
    0xc0, 0x1c, 0x60, 0x19, 0x4, 0x2, 0x1d, 0xc,
    0x40, 0xe, 0x19, 0xb, 0x3, 0x90, 0x4, 0xe,
    0x8d, 0x98, 0x4, 0x49, 0x3c, 0x6a, 0x7b, 0x84,
    0xca, 0xfc, 0x61, 0x7f, 0xfb, 0x6d, 0x81, 0xe8,
    0xc, 0xa2, 0x6a, 0xd8, 0xc4, 0x3, 0x9, 0x2c,
    0xf4, 0x0, 0x0,

    /* U+FEBC "ﺼ" */
    0x0, 0xff, 0xe0, 0xa5, 0x77, 0xeb, 0x80, 0x7f,
    0xf1, 0xa, 0xec, 0xa2, 0x5, 0x14, 0x1, 0xf2,
    0x41, 0x0, 0x63, 0xd4, 0x3a, 0xff, 0x58, 0xaa,
    0x0, 0x7b, 0x5d, 0x80, 0x24, 0xc0, 0x9c, 0x50,
    0x2, 0x40, 0x60, 0x7, 0x9c, 0x10, 0x0, 0x76,
    0x16, 0xc0, 0x1c, 0x60, 0x1f, 0x20, 0x80, 0x43,
    0xa1, 0x88, 0x1, 0xc3, 0x21, 0xa0, 0x18, 0xe4,
    0x1, 0x3, 0xa3, 0x66, 0x1, 0x12, 0x4f, 0x18,
    0x8, 0x80, 0x1b, 0x84, 0xca, 0xfc, 0x61, 0x7f,
    0xfb, 0x6d, 0x80, 0x42, 0xfb, 0xec, 0xca, 0x26,
    0xad, 0x8c, 0x40, 0x30, 0x92, 0xc6, 0xf5, 0x29,
    0x0, 0x80,

    /* U+FEBD "ﺽ" */
    0x0, 0xff, 0xe6, 0x47, 0x18, 0x7, 0xff, 0x41,
    0x5, 0x40, 0x3f, 0xfa, 0x1b, 0x6c, 0x1, 0xff,
    0xd0, 0x14, 0x0, 0xff, 0xf7, 0xbe, 0x7f, 0xb1,
    0x0, 0x3f, 0xf9, 0x6d, 0xd0, 0x60, 0x3, 0xb6,
    0x0, 0xff, 0xe0, 0xad, 0x98, 0x7, 0x4c, 0x85,
    0xb7, 0xfd, 0x1, 0x20, 0x1f, 0xfc, 0x1c, 0x44,
    0x0, 0x6a, 0x62, 0xc9, 0x20, 0x3, 0xa0, 0x18,
    0x11, 0x0, 0x3f, 0xb4, 0x2c, 0x2, 0xb5, 0x3c,
    0x30, 0xe, 0x10, 0x10, 0xbd, 0x40, 0xf, 0xc8,
    0x6, 0x81, 0x8, 0x78, 0x20, 0x1c, 0x8a, 0x24,
    0xe, 0x8, 0x1, 0xfc, 0x41, 0x76, 0x71, 0xd0,
    0x8, 0x4d, 0xae, 0xc1, 0x60, 0x42, 0x60, 0x1f,
    0xe1, 0x1, 0x40, 0x1e, 0xff, 0xbb, 0x25, 0x6,
    0x94, 0x4, 0x1c, 0x3, 0xfc, 0x21, 0x94, 0xc6,
    0x20, 0x10, 0x9b, 0x57, 0x28, 0x0, 0x41, 0x80,
    0x3f, 0x8c, 0x84, 0x96, 0x73, 0xbf, 0xee, 0xc9,
    0x50, 0xc, 0x42, 0x4e, 0x1, 0xf0, 0xf0, 0x30,
    0x7, 0xff, 0x16, 0xc2, 0x29, 0x0, 0x22, 0x7f,
    0x22, 0x40, 0x7, 0xff, 0x15, 0x68, 0x56, 0xff,
    0xed, 0x81, 0x3c, 0x0, 0xff, 0xe3, 0xaf, 0xc1,
    0x88, 0x9, 0x2d, 0xe0, 0x80, 0x7f, 0xf1, 0x40,

    /* U+FEBE "ﺾ" */
    0x0, 0xff, 0xe6, 0x47, 0x18, 0x7, 0xff, 0x4d,
    0x5, 0x40, 0x3f, 0xfa, 0x7b, 0x6c, 0x1, 0xff,
    0xd3, 0x14, 0x0, 0xff, 0xfa, 0xbe, 0x7f, 0xb1,
    0x0, 0x3f, 0xf9, 0xcb, 0xd0, 0x60, 0x3, 0xb6,
    0x0, 0xff, 0xe2, 0x2d, 0x98, 0x7, 0x4d, 0xb,
    0x67, 0xfa, 0x2, 0x0, 0x3f, 0xf8, 0x98, 0x88,
    0x0, 0xd2, 0xc3, 0x92, 0x60, 0x7, 0x41, 0x30,
    0xc, 0x20, 0x1f, 0xed, 0xc, 0x0, 0xa5, 0x8b,
    0xcc, 0x3, 0x84, 0x3, 0xd1, 0xe8, 0x1, 0xf9,
    0x1, 0xc, 0x1d, 0x8b, 0x4, 0x3, 0x8d, 0x44,
    0xc0, 0x33, 0x82, 0x80, 0x7f, 0x10, 0x6c, 0x40,
    0x7c, 0x40, 0x22, 0x5a, 0xc0, 0x53, 0x0, 0x88,
    0x48, 0x40, 0x3f, 0x84, 0x5, 0xc0, 0x77, 0xff,
    0x6d, 0x28, 0x1, 0x33, 0xfc, 0xc2, 0xc, 0x1,
    0xfe, 0x10, 0xb9, 0x52, 0x10, 0x8, 0x4d, 0x67,
    0xb5, 0xcc, 0x40, 0xc4, 0x18, 0x3, 0xf8, 0xc8,
    0x51, 0xab, 0x7b, 0xfe, 0xec, 0xa6, 0x12, 0x8c,
    0xef, 0x52, 0x12, 0x70, 0xf, 0x87, 0x81, 0x80,
    0x3f, 0xf9, 0x16, 0x11, 0x48, 0x1, 0x13, 0xf9,
    0x12, 0x40, 0x3f, 0xf9, 0xb, 0x40, 0xb7, 0xff,
    0x6c, 0x9, 0xe0, 0x80, 0x7f, 0xf2, 0x57, 0xa0,
    0xc4, 0x0, 0x4b, 0x58, 0x20, 0x1f, 0xfc, 0x80,

    /* U+FEBF "ﺿ" */
    0x0, 0xff, 0xe1, 0x27, 0xc0, 0x7, 0xff, 0x18,
    0xc0, 0xc0, 0x3f, 0xf8, 0xcf, 0x54, 0x0, 0xff,
    0xe3, 0xa8, 0x80, 0x7f, 0xf6, 0x92, 0xbb, 0xf5,
    0xc0, 0x3f, 0xf8, 0x25, 0x76, 0x51, 0x2, 0x8b,
    0x0, 0xc9, 0x4, 0x1, 0x8f, 0x50, 0xeb, 0xfd,
    0x62, 0x88, 0x0, 0xb5, 0xd8, 0x2, 0x4c, 0x9,
    0xc5, 0x0, 0x24, 0x6, 0x0, 0x4e, 0x8, 0x0,
    0x3b, 0xb, 0x60, 0xe, 0x30, 0xc, 0x82, 0x1,
    0xe, 0x86, 0x20, 0x7, 0xc, 0x85, 0x81, 0xc8,
    0x2, 0x7, 0x46, 0xcc, 0x2, 0x24, 0x9e, 0x35,
    0x3d, 0xc2, 0x65, 0x7e, 0x30, 0xbf, 0xfd, 0xb6,
    0xc0, 0xf4, 0x6, 0x51, 0x35, 0x6c, 0x62, 0x1,
    0x84, 0x96, 0x7a, 0x0, 0x0,

    /* U+FEC0 "ﻀ" */
    0x0, 0xff, 0xe1, 0x27, 0xc0, 0x7, 0xff, 0x24,
    0xc0, 0xc0, 0x3f, 0xf9, 0x2f, 0x54, 0x0, 0xff,
    0xe5, 0x28, 0x80, 0x7f, 0xf8, 0x12, 0xbb, 0xf5,
    0xc0, 0x3f, 0xf8, 0x85, 0x76, 0x51, 0x2, 0x8a,
    0x0, 0xf9, 0x20, 0x80, 0x31, 0xea, 0x1d, 0x7f,
    0xac, 0x55, 0x0, 0x3d, 0xae, 0xc0, 0x12, 0x60,
    0x4e, 0x28, 0x1, 0x20, 0x30, 0x3, 0xce, 0x8,
    0x0, 0x3b, 0xb, 0x60, 0xe, 0x30, 0xf, 0x90,
    0x40, 0x21, 0xd0, 0xc4, 0x0, 0xe1, 0x90, 0xd0,
    0xc, 0x72, 0x0, 0x81, 0xd1, 0xb3, 0x0, 0x89,
    0x27, 0x8c, 0x4, 0x40, 0xd, 0xc2, 0x65, 0x7e,
    0x30, 0xbf, 0xfd, 0xb6, 0xc0, 0x21, 0x7d, 0xf6,
    0x65, 0x13, 0x56, 0xc6, 0x20, 0x18, 0x49, 0x63,
    0x7a, 0x94, 0x80, 0x40,

    /* U+FEC1 "ﻁ" */
    0x0, 0xcb, 0xf2, 0x1, 0xff, 0xc5, 0x30, 0xf,
    0xfe, 0x18, 0x80, 0x7f, 0xf1, 0xc4, 0x3, 0xff,
    0x86, 0xe0, 0xe0, 0x1f, 0xfc, 0x31, 0x0, 0xff,
    0xe3, 0x88, 0x7, 0xff, 0xc, 0xc0, 0x3f, 0xf8,
    0xe6, 0x1, 0x1c, 0xef, 0xf4, 0x88, 0x7, 0x8,
    0x8, 0xd, 0x63, 0x10, 0xb, 0x78, 0x80, 0x7c,
    0x58, 0xa5, 0x3d, 0xfa, 0x63, 0x20, 0x1f, 0x69,
    0x3e, 0xb0, 0x81, 0x70, 0x20, 0x7, 0xe9, 0x80,
    0xe, 0x30, 0x70, 0xc, 0x20, 0xb, 0x60, 0xf,
    0x58, 0x60, 0x99, 0xd, 0x4, 0x28, 0x88, 0x8d,
    0x67, 0x94, 0x9d, 0xd9, 0xbc, 0x81, 0x1d, 0xd6,
    0xe5, 0x30, 0xa6, 0x1, 0x29, 0x90, 0x88, 0x3,
    0x89, 0x1f, 0x6c, 0x40,

    /* U+FEC2 "ﻂ" */
    0x0, 0xcb, 0xf2, 0x1, 0xff, 0xc9, 0x30, 0xf,
    0xfe, 0x38, 0x80, 0x7f, 0xf2, 0xc4, 0x3, 0xff,
    0x8e, 0xe0, 0xe0, 0x1f, 0xfc, 0x71, 0x0, 0xff,
    0xe5, 0x88, 0x7, 0xff, 0x1c, 0xc0, 0x3f, 0xf9,
    0x66, 0x1, 0x1c, 0xef, 0xf4, 0x88, 0x7, 0xf0,
    0x80, 0x80, 0xd6, 0x31, 0x0, 0xb7, 0x88, 0x7,
    0xfc, 0x58, 0xa5, 0x3d, 0xfa, 0x63, 0x20, 0x1f,
    0xf6, 0x93, 0xeb, 0x8, 0x17, 0x2, 0x0, 0x7f,
    0xf0, 0x26, 0x0, 0x38, 0xc1, 0xc0, 0x3f, 0x8,
    0x2, 0xd8, 0x3, 0xd6, 0x18, 0x1, 0x84, 0xc8,
    0x68, 0x21, 0x44, 0x44, 0x6b, 0x3c, 0xa1, 0xe6,
    0x40, 0x7, 0xcd, 0xe4, 0x8, 0xee, 0xb7, 0x29,
    0x84, 0x81, 0xf3, 0x7c, 0x9, 0x4c, 0x84, 0x40,
    0x18, 0x49, 0x23, 0x75, 0x6a, 0x40, 0x60,

    /* U+FEC3 "ﻃ" */
    0x3, 0xfc, 0x0, 0xff, 0xe0, 0x88, 0x7, 0xff,
    0xc, 0xc0, 0x40, 0x3f, 0xf8, 0x66, 0x1, 0xff,
    0xc1, 0x10, 0xf, 0xfe, 0x28, 0x80, 0x7f, 0xf8,
    0x84, 0x3, 0xb, 0xef, 0xf5, 0x98, 0x7, 0x84,
    0x17, 0xe0, 0x80, 0x53, 0x10, 0x2, 0x30, 0x39,
    0xa1, 0x6c, 0xfe, 0x60, 0x90, 0xe, 0xe6, 0x2c,
    0x93, 0x1, 0x92, 0x20, 0x80, 0x4, 0xc, 0xb0,
    0xc0, 0x38, 0x40, 0x3c, 0x58, 0x20, 0x1c, 0xa6,
    0x61, 0x3, 0x30, 0xf8, 0x80, 0x4, 0xdf, 0x28,
    0x3c, 0x33, 0x0, 0x3b, 0xff, 0x76, 0x41, 0xa6,
    0x98, 0x18, 0x7, 0x9, 0x23, 0x4e, 0xd9, 0x0,
    0x0,

    /* U+FEC4 "ﻄ" */
    0x3, 0xfc, 0x0, 0xff, 0xe2, 0x8, 0x7, 0xff,
    0x18, 0xc0, 0x40, 0x3f, 0xf8, 0xc6, 0x1, 0xff,
    0xc4, 0x10, 0xf, 0xfe, 0x40, 0x80, 0x7f, 0xfa,
    0xc4, 0x3, 0xb, 0xef, 0xf5, 0x98, 0x7, 0xf0,
    0x82, 0xfc, 0x10, 0xa, 0x62, 0x0, 0x78, 0xc0,
    0xe6, 0x85, 0xb3, 0xf9, 0x82, 0x40, 0x3f, 0x73,
    0x16, 0x49, 0x80, 0xc9, 0x10, 0x40, 0x38, 0x40,
    0xcb, 0xc, 0x3, 0x84, 0x3, 0xf8, 0xb0, 0x40,
    0x39, 0x4c, 0x84, 0x3, 0x19, 0x87, 0xc4, 0x0,
    0x26, 0xf9, 0x40, 0xa2, 0x1, 0x66, 0x0, 0x77,
    0xfe, 0xec, 0x83, 0x10, 0x7e, 0xfe, 0x13, 0x0,
    0xe1, 0x24, 0x69, 0xde, 0xa5, 0x20, 0x30,

    /* U+FEC5 "ﻅ" */
    0x0, 0xcb, 0xf2, 0x1, 0xff, 0xc5, 0x30, 0xf,
    0xfe, 0x18, 0x80, 0x7f, 0xf1, 0xc4, 0x3, 0x3f,
    0xa0, 0x7, 0xe7, 0x7, 0x0, 0xd8, 0x6, 0x1,
    0xf8, 0x40, 0x3d, 0x54, 0x70, 0xf, 0xf0, 0x80,
    0x61, 0x50, 0xf, 0xe3, 0x0, 0xff, 0xe3, 0x98,
    0x4, 0x73, 0xbf, 0xd2, 0x20, 0x1c, 0x20, 0x20,
    0x35, 0x8c, 0x40, 0x2d, 0xe2, 0x1, 0xf1, 0x62,
    0x94, 0xf7, 0xe9, 0x8c, 0x80, 0x7d, 0xa4, 0xfa,
    0xc2, 0x5, 0xc0, 0x80, 0x1f, 0xa6, 0x0, 0x38,
    0xc1, 0xc0, 0x30, 0x80, 0x2d, 0x80, 0x3d, 0x61,
    0x82, 0x64, 0x34, 0x10, 0xa2, 0x22, 0x35, 0x9e,
    0x52, 0x77, 0x66, 0xf2, 0x4, 0x77, 0x5b, 0x94,
    0xc2, 0x98, 0x4, 0xa6, 0x42, 0x20, 0xe, 0x24,
    0x7d, 0xb1, 0x0,

    /* U+FEC6 "ﻆ" */
    0x0, 0xcb, 0xf2, 0x1, 0xff, 0xc9, 0x30, 0xf,
    0xfe, 0x38, 0x80, 0x7f, 0xf2, 0xc4, 0x3, 0x3f,
    0xa0, 0x7, 0xff, 0x1, 0xc1, 0xc0, 0x36, 0x1,
    0x80, 0x7f, 0xf0, 0x4, 0x3, 0xd5, 0x47, 0x0,
    0xff, 0xe1, 0x8, 0x6, 0x15, 0x0, 0xff, 0xe0,
    0x98, 0x7, 0xff, 0x2c, 0xc0, 0x23, 0x9d, 0xfe,
    0x91, 0x0, 0xfe, 0x10, 0x10, 0x1a, 0xc6, 0x20,
    0x16, 0xf1, 0x0, 0xff, 0x8b, 0x14, 0xa7, 0xbf,
    0x4c, 0x64, 0x3, 0xfe, 0xd2, 0x7d, 0x61, 0x2,
    0xe0, 0x40, 0xf, 0xfe, 0x4, 0xc0, 0x7, 0x18,
    0x38, 0x7, 0xe1, 0x0, 0x5b, 0x0, 0x7a, 0xc3,
    0x0, 0x30, 0x99, 0xd, 0x4, 0x28, 0x88, 0x8d,
    0x67, 0x94, 0x3c, 0xc8, 0x0, 0xf9, 0xbc, 0x81,
    0x1d, 0xd6, 0xe5, 0x30, 0x90, 0x3e, 0x6f, 0x81,
    0x29, 0x90, 0x88, 0x3, 0x9, 0x24, 0x6e, 0xad,
    0x48, 0xc, 0x0,

    /* U+FEC7 "ﻇ" */
    0x3, 0xfc, 0x0, 0xff, 0xe0, 0x88, 0x7, 0xff,
    0xc, 0xc0, 0x40, 0x3f, 0xf8, 0x66, 0x1, 0x8f,
    0xa4, 0x3, 0xc2, 0x1, 0xe6, 0x14, 0x0, 0xfc,
    0x20, 0x19, 0x6f, 0x0, 0x3f, 0xf8, 0x48, 0x20,
    0x1f, 0xfc, 0xb1, 0x0, 0xc2, 0xfb, 0xfd, 0x66,
    0x1, 0xe1, 0x5, 0xf8, 0x20, 0x14, 0xc4, 0x0,
    0x8c, 0xe, 0x68, 0x5b, 0x3f, 0x98, 0x24, 0x3,
    0xb9, 0x8b, 0x24, 0xc0, 0x64, 0x88, 0x20, 0x1,
    0x3, 0x2c, 0x30, 0xe, 0x10, 0xf, 0x16, 0x8,
    0x7, 0x29, 0x98, 0x40, 0xcc, 0x3e, 0x20, 0x1,
    0x37, 0xca, 0xf, 0xc, 0xc0, 0xe, 0xff, 0xdd,
    0x90, 0x69, 0xa6, 0x6, 0x1, 0xc2, 0x48, 0xd3,
    0xb6, 0x40, 0x0,

    /* U+FEC8 "ﻈ" */
    0x3, 0xfc, 0x0, 0xff, 0xe2, 0x8, 0x7, 0xff,
    0x18, 0xc0, 0x40, 0x3f, 0xf8, 0xc6, 0x1, 0x8f,
    0xa4, 0x3, 0xf8, 0x40, 0x3c, 0xc2, 0x80, 0x1f,
    0xf0, 0x80, 0x65, 0xbc, 0x0, 0xff, 0xe2, 0xa0,
    0x80, 0x7f, 0xf4, 0x44, 0x3, 0xb, 0xef, 0xf5,
    0x98, 0x7, 0xf0, 0x82, 0xfc, 0x10, 0xa, 0x62,
    0x0, 0x78, 0xc0, 0xe6, 0x85, 0xb3, 0xf9, 0x82,
    0x40, 0x3f, 0x73, 0x16, 0x49, 0x80, 0xc9, 0x10,
    0x40, 0x38, 0x40, 0xcb, 0xc, 0x3, 0x84, 0x3,
    0xf8, 0xb0, 0x40, 0x39, 0x4c, 0x84, 0x3, 0x19,
    0x87, 0xc4, 0x0, 0x26, 0xf9, 0x40, 0xa2, 0x1,
    0x66, 0x0, 0x77, 0xfe, 0xec, 0x83, 0x10, 0x7e,
    0xfe, 0x13, 0x0, 0xe1, 0x24, 0x69, 0xde, 0xa5,
    0x20, 0x30,

    /* U+FEC9 "ﻉ" */
    0x0, 0x9f, 0x3b, 0x96, 0x1, 0xf0, 0xec, 0x18,
    0x89, 0x40, 0x3e, 0x82, 0x25, 0xff, 0xb0, 0x3,
    0xe6, 0xc, 0x40, 0x1, 0x0, 0x78, 0x40, 0x84,
    0x3, 0xfc, 0x20, 0x44, 0x0, 0xe1, 0x0, 0xe6,
    0xc, 0x50, 0x49, 0xde, 0x0, 0xe9, 0x31, 0xaf,
    0xb6, 0x21, 0x20, 0xe, 0xd1, 0x0, 0x1c, 0xef,
    0x10, 0x6, 0x1c, 0x13, 0xcc, 0x31, 0x0, 0x7a,
    0xc9, 0x70, 0xc0, 0x3f, 0x1a, 0x9d, 0x0, 0x7f,
    0xac, 0x28, 0x3, 0xfe, 0x30, 0x50, 0xf, 0xfe,
    0xb, 0x80, 0x7f, 0xc4, 0x1a, 0x1, 0xff, 0x50,
    0x32, 0x80, 0x7f, 0x8d, 0xc2, 0xad, 0x48, 0x0,
    0x24, 0xd4, 0xa1, 0x12, 0x9, 0x5b, 0xfe, 0xed,
    0x95, 0xf0, 0x3, 0x7c, 0xa1, 0x0, 0x4, 0xde,
    0xe8,

    /* U+FECA "ﻊ" */
    0x0, 0xc9, 0x5d, 0xcc, 0x50, 0xf, 0x8b, 0x2d,
    0x44, 0x47, 0x4a, 0x1, 0xec, 0x36, 0xcf, 0xe7,
    0x9, 0x0, 0xe1, 0x11, 0x41, 0x80, 0xc8, 0x7,
    0xc2, 0xa5, 0xe4, 0x0, 0x50, 0x50, 0xf, 0x53,
    0xe, 0x11, 0x28, 0x2c, 0x3, 0xe9, 0x71, 0xcc,
    0xd, 0x10, 0x7, 0xe8, 0x21, 0x14, 0x28, 0x7,
    0xe3, 0xd2, 0x10, 0x94, 0x0, 0xf9, 0xb0, 0x9f,
    0x98, 0x6e, 0xc8, 0x20, 0x13, 0x48, 0xe4, 0x4,
    0xc8, 0x12, 0xfb, 0xe8, 0x64, 0x30, 0xc0, 0x26,
    0xe8, 0x31, 0x3, 0x70, 0x62, 0x0, 0xe1, 0x7c,
    0xef, 0x91, 0xe, 0x0, 0xff, 0xe0, 0x10, 0x58,
    0x7, 0xff, 0x1, 0x44, 0xf5, 0x88, 0x0, 0x24,
    0xb3, 0xa2, 0x0, 0xd1, 0x29, 0xdf, 0xf7, 0x6d,
    0x30, 0x10, 0x0, 0xfa, 0x54, 0x80, 0x2, 0x6f,
    0x7a, 0x60,

    /* U+FECB "ﻋ" */
    0x0, 0xcf, 0x9d, 0xcb, 0x10, 0xe, 0xc8, 0x31,
    0x12, 0x8, 0x6, 0x93, 0x2b, 0xff, 0x68, 0x7,
    0x30, 0x7a, 0x0, 0x8, 0x3, 0x8, 0x9, 0x0,
    0x7e, 0x10, 0x10, 0xf, 0xf1, 0x84, 0x0, 0x7f,
    0x78, 0x3c, 0x88, 0xb, 0xe0, 0x4, 0x74, 0xd,
    0xdb, 0xd0, 0x66, 0xdf, 0xf5, 0x0, 0x44, 0x71,
    0xc6, 0x60, 0x12, 0x47, 0xae, 0xc7, 0x10,

    /* U+FECC "ﻌ" */
    0x0, 0x8a, 0x77, 0xfd, 0x68, 0x1, 0xe9, 0xd6,
    0x20, 0x2, 0x59, 0x80, 0x68, 0x64, 0xbf, 0xf7,
    0x20, 0x50, 0x6, 0x10, 0x34, 0x0, 0xf, 0x0,
    0x80, 0x6b, 0x17, 0xa0, 0xb, 0xc2, 0xc0, 0x31,
    0x79, 0xad, 0x3, 0xaa, 0x18, 0x7, 0xe, 0x92,
    0xec, 0x15, 0x0, 0x70, 0x93, 0x88, 0x10, 0x32,
    0x10, 0x5, 0xbd, 0xb2, 0x64, 0xa0, 0x95, 0xbf,
    0xe7, 0x31, 0x37, 0xcd, 0xae, 0x95, 0x20, 0x0,
    0x80,

    /* U+FECD "ﻍ" */
    0x0, 0xc5, 0xd4, 0x1, 0xff, 0x30, 0xa0, 0x7,
    0xfc, 0x97, 0x80, 0x1f, 0xfc, 0x4, 0x20, 0xf,
    0xfe, 0x63, 0xe7, 0x72, 0xc0, 0x3e, 0x1d, 0x83,
    0x11, 0x28, 0x7, 0xd0, 0x44, 0xbf, 0xf6, 0x0,
    0x7c, 0xc1, 0x88, 0x0, 0x20, 0xf, 0x8, 0x10,
    0x80, 0x7f, 0x84, 0x8, 0x80, 0x1c, 0x20, 0x1c,
    0xc1, 0x8a, 0x9, 0x3b, 0xc0, 0x1d, 0x26, 0x35,
    0xf6, 0xc4, 0x24, 0x1, 0xda, 0x20, 0x3, 0x9d,
    0xe2, 0x0, 0xc3, 0x82, 0x79, 0x86, 0x20, 0xf,
    0x59, 0x2e, 0x18, 0x7, 0xe3, 0x53, 0xa0, 0xf,
    0xf5, 0x85, 0x0, 0x7f, 0xc6, 0xa, 0x1, 0xff,
    0xc1, 0x70, 0xf, 0xf8, 0x83, 0x40, 0x3f, 0xea,
    0x6, 0x50, 0xf, 0xf1, 0xb8, 0x55, 0xa9, 0x0,
    0x4, 0x9a, 0x94, 0x22, 0x41, 0x2b, 0x7f, 0xdd,
    0xb2, 0xbe, 0x0, 0x6f, 0x94, 0x20, 0x0, 0x9b,
    0xdd, 0x0,

    /* U+FECE "ﻎ" */
    0x0, 0xf2, 0x10, 0x7, 0xff, 0x1, 0x2f, 0x0,
    0x3f, 0xf8, 0xc, 0x2a, 0x1, 0xff, 0xc0, 0x2e,
    0xb0, 0xf, 0xfe, 0x72, 0x57, 0x73, 0x14, 0x3,
    0xe2, 0xcb, 0x51, 0x11, 0xd2, 0x80, 0x7b, 0xd,
    0xb3, 0xf9, 0xc2, 0x40, 0x38, 0x44, 0x50, 0x60,
    0x32, 0x1, 0xf0, 0xa9, 0x79, 0x0, 0x14, 0x14,
    0x3, 0xd4, 0xc3, 0x84, 0x4a, 0xb, 0x0, 0xfa,
    0x5c, 0x73, 0x3, 0x44, 0x1, 0xfa, 0x8, 0x45,
    0xa, 0x1, 0xf8, 0xf4, 0x84, 0x25, 0x0, 0x3e,
    0x6c, 0x27, 0xe6, 0x1b, 0xb2, 0x8, 0x4, 0xd2,
    0x39, 0x1, 0x32, 0x4, 0xbe, 0xfa, 0x19, 0xc,
    0x30, 0x9, 0xba, 0xc, 0x40, 0xdc, 0x18, 0x80,
    0x38, 0x5f, 0x3b, 0xe4, 0x43, 0x80, 0x3f, 0xf8,
    0x4, 0x16, 0x1, 0xff, 0xc0, 0x51, 0x3d, 0x62,
    0x0, 0x9, 0x2c, 0xe8, 0x80, 0x34, 0x4a, 0x77,
    0xfd, 0xdb, 0x4c, 0x4, 0x0, 0x3e, 0x95, 0x20,
    0x0, 0x9b, 0xde, 0x98, 0x0,

    /* U+FECF "ﻏ" */
    0x0, 0xe1, 0x40, 0xf, 0xf5, 0x5b, 0x0, 0x7f,
    0x18, 0x10, 0x7, 0xf4, 0x7a, 0x0, 0x7f, 0xf2,
    0x1f, 0x3b, 0x96, 0x20, 0x1d, 0x90, 0x62, 0x24,
    0x10, 0xd, 0x26, 0x57, 0xfe, 0xd0, 0xe, 0x60,
    0xf4, 0x0, 0x10, 0x6, 0x10, 0x12, 0x0, 0xfc,
    0x20, 0x20, 0x1f, 0xe3, 0x8, 0x0, 0xfe, 0xf0,
    0x79, 0x10, 0x17, 0xc0, 0x8, 0xe8, 0x1b, 0xb7,
    0xa0, 0xcd, 0xbf, 0xea, 0x0, 0x88, 0xe3, 0x8c,
    0xc0, 0x24, 0x8f, 0x5d, 0x8e, 0x20,

    /* U+FED0 "ﻐ" */
    0x0, 0xe4, 0xf7, 0x0, 0xff, 0x8c, 0x34, 0x3,
    0xfe, 0x7a, 0xb0, 0xf, 0xfe, 0x2, 0x88, 0x7,
    0xff, 0x2c, 0xa7, 0x7f, 0xd6, 0x80, 0x1e, 0x9d,
    0x62, 0x0, 0x25, 0x98, 0x6, 0x86, 0x4b, 0xff,
    0x72, 0x5, 0x0, 0x61, 0x3, 0x40, 0x0, 0xf0,
    0x8, 0x6, 0xb1, 0x7a, 0x0, 0xbc, 0x2c, 0x3,
    0x17, 0x9a, 0xd0, 0x3a, 0xa1, 0x80, 0x70, 0xe9,
    0x2e, 0xc1, 0x50, 0x7, 0x9, 0x38, 0x81, 0x3,
    0x21, 0x0, 0x5b, 0xdb, 0x26, 0x4a, 0x9, 0x5b,
    0xfe, 0x73, 0x13, 0x7c, 0xda, 0xe9, 0x52, 0x0,
    0x8,

    /* U+FED1 "ﻑ" */
    0x0, 0xff, 0xe2, 0xd7, 0x10, 0x7, 0xff, 0x21,
    0x5, 0x80, 0x3f, 0xf9, 0x19, 0x68, 0x1, 0xff,
    0xc8, 0x24, 0x0, 0xff, 0xef, 0x9d, 0xfe, 0xa8,
    0x7, 0xff, 0x14, 0xb1, 0x0, 0xa9, 0x40, 0x3f,
    0xf8, 0x92, 0x13, 0xf2, 0x10, 0x0, 0x20, 0xf,
    0xfe, 0x1, 0x21, 0xb0, 0x32, 0x11, 0x87, 0x78,
    0x80, 0x7f, 0x9c, 0x14, 0x2, 0xc0, 0x50, 0x32,
    0x10, 0xf, 0xf0, 0x83, 0x98, 0x6, 0x12, 0x6,
    0x0, 0xff, 0x90, 0x87, 0x3f, 0xd0, 0x0, 0x10,
    0x70, 0xf, 0xfe, 0x6, 0x31, 0x91, 0x90, 0x9,
    0x1, 0x98, 0x3, 0xfe, 0x19, 0xcd, 0xc6, 0x5,
    0x15, 0xc, 0x94, 0x10, 0xf, 0xf8, 0x5d, 0x4,
    0xc2, 0x94, 0x1a, 0xfb, 0xfb, 0xbf, 0xbf, 0xa0,
    0x20, 0x2, 0xad, 0x84, 0x21, 0x1f, 0xf0, 0xa,
    0x53, 0x0,

    /* U+FED2 "ﻒ" */
    0x0, 0xff, 0xe3, 0xbf, 0xa0, 0x7, 0xff, 0x37,
    0x0, 0xc0, 0x3f, 0xf9, 0xb5, 0x47, 0x0, 0xff,
    0xe6, 0x8a, 0x80, 0x7f, 0xfa, 0x57, 0x3f, 0x58,
    0x3, 0xff, 0x94, 0xd4, 0x60, 0x52, 0xe0, 0x1d,
    0x9c, 0x20, 0x1f, 0xfc, 0x1, 0x90, 0x9f, 0x90,
    0x81, 0x0, 0xc6, 0x2, 0x1, 0xff, 0xc0, 0x70,
    0x56, 0x6, 0x50, 0x70, 0x8, 0x81, 0x40, 0x3f,
    0xf8, 0x3c, 0x18, 0x1, 0x68, 0x70, 0x4, 0xc0,
    0xe0, 0x1f, 0xfc, 0x1f, 0xf, 0x0, 0xb4, 0x38,
    0x2, 0x50, 0x32, 0x0, 0xff, 0xe0, 0x30, 0x32,
    0x83, 0xa8, 0xb8, 0x4, 0x28, 0x1a, 0xe4, 0x1,
    0xfe, 0x19, 0xa, 0xd8, 0xb, 0x10, 0xd, 0x6a,
    0x11, 0xbf, 0xdb, 0xbd, 0xdc, 0xff, 0x48, 0x0,
    0x80, 0x15, 0xff, 0x28, 0x2, 0xb6, 0x10, 0x80,
    0x8b, 0x84, 0x40, 0x26, 0xb3, 0xb4, 0xc6, 0x40,
    0x1,

    /* U+FED3 "ﻓ" */
    0x0, 0xd1, 0xc6, 0x1, 0xf2, 0xa, 0x80, 0x7d,
    0xb4, 0xc0, 0x1f, 0xa, 0x80, 0x7f, 0xf1, 0x46,
    0xff, 0x9c, 0x3, 0xf, 0xa0, 0xc, 0x38, 0x5,
    0x22, 0xdf, 0x41, 0x0, 0x13, 0x8c, 0x82, 0xb0,
    0x28, 0x10, 0x28, 0x5, 0x81, 0xa0, 0x12, 0x90,
    0x0, 0x40, 0x40, 0x90, 0x77, 0xbe, 0xc0, 0x35,
    0x39, 0x8, 0x8, 0x70, 0x0, 0x63, 0x7f, 0xc6,
    0x8, 0x1, 0xc9, 0x84, 0xa7, 0x7d, 0xcf, 0xf5,
    0x9a, 0x58, 0x20, 0x8c, 0x4b, 0x56, 0x20,

    /* U+FED4 "ﻔ" */
    0x0, 0xc3, 0xb8, 0x1, 0xff, 0x19, 0x18, 0x7,
    0xfc, 0x59, 0xa0, 0x1f, 0xfc, 0x3, 0x20, 0xf,
    0xfe, 0x60, 0xcf, 0x7d, 0x90, 0x7, 0xc3, 0x8c,
    0x20, 0x98, 0x20, 0x1e, 0x82, 0x27, 0x70, 0xc6,
    0xc0, 0x3c, 0xe1, 0xe2, 0x2e, 0x5, 0x0, 0xf0,
    0x81, 0x0, 0x8, 0x40, 0x3e, 0x10, 0x20, 0x1,
    0x8, 0x80, 0x3d, 0x21, 0xc2, 0x5e, 0x12, 0x1,
    0xe7, 0x33, 0x7e, 0x91, 0xb0, 0x6, 0xdf, 0xf1,
    0x80, 0x80, 0xf, 0xbf, 0xda, 0x6, 0x2, 0x6b,
    0x36, 0xe8, 0x42, 0x2, 0x0,

    /* U+FED5 "ﻕ" */
    0x0, 0xff, 0x88, 0xc0, 0x50, 0x3, 0xff, 0x83,
    0xb8, 0x55, 0x6c, 0x1, 0xff, 0xc0, 0x32, 0x33,
    0x1, 0x0, 0x7f, 0xf0, 0x33, 0x46, 0x3d, 0x0,
    0x3f, 0xfa, 0x45, 0x7d, 0x88, 0x1, 0xff, 0xc0,
    0x1c, 0x41, 0x3b, 0x40, 0xf, 0xfa, 0x5, 0xfd,
    0xc2, 0x0, 0x3f, 0xe6, 0x28, 0x8, 0x13, 0x20,
    0x2, 0x80, 0x79, 0x1, 0xc0, 0x27, 0x7, 0x6,
    0xa9, 0x0, 0xe1, 0x3, 0x0, 0xbc, 0x8, 0x28,
    0x30, 0x3, 0x98, 0x1c, 0xc0, 0x78, 0x0, 0x26,
    0xa, 0x1, 0xc6, 0x61, 0xcf, 0xe7, 0x1, 0x20,
    0x20, 0xf, 0xb5, 0xcc, 0x8c, 0x40, 0x80, 0x3f,
    0xc3, 0x19, 0xb8, 0x60, 0xa4, 0x4, 0x20, 0x1f,
    0xe5, 0x25, 0x11, 0x10, 0x50, 0x7, 0xf3, 0x50,
    0x40, 0x2, 0x41, 0x35, 0x8c, 0x40, 0x4d, 0xb2,
    0x42, 0x88, 0x0, 0x94, 0x25, 0x39, 0xdf, 0xd9,
    0x26, 0x6c, 0x50, 0xc, 0xbd, 0x8, 0x20, 0x1,
    0x36, 0xbc, 0x30, 0x8,

    /* U+FED6 "ﻖ" */
    0x0, 0xff, 0xb3, 0x42, 0x38, 0xc0, 0x3f, 0xf8,
    0x42, 0x64, 0x44, 0x15, 0x0, 0xff, 0xe1, 0xe,
    0x60, 0xb6, 0xd8, 0x3, 0xff, 0x86, 0x66, 0x1,
    0x40, 0xf, 0xfe, 0xc9, 0xe7, 0xea, 0x80, 0x7f,
    0xf0, 0xcb, 0xc, 0xa, 0x94, 0x3, 0xff, 0x85,
    0x21, 0x3f, 0x1, 0x60, 0x1f, 0xfc, 0x12, 0x43,
    0x60, 0x72, 0x14, 0x0, 0xc5, 0x68, 0x1, 0xce,
    0x8, 0x1, 0x28, 0x10, 0x6, 0xb4, 0xc0, 0xf,
    0x94, 0xc0, 0x1e, 0x1c, 0x1, 0x9c, 0x28, 0x3,
    0x94, 0x4b, 0x3f, 0xd0, 0xf, 0xfe, 0x62, 0x11,
    0x10, 0x7, 0xbd, 0x84, 0x3, 0xe3, 0x60, 0x30,
    0xf, 0x86, 0x7b, 0xfc, 0x61, 0x9f, 0xe5, 0x60,
    0x21, 0x0, 0xff, 0x19, 0x88, 0xc0, 0x22, 0x10,
    0xb0, 0xf, 0xe4, 0xd0, 0x80, 0xe, 0x80, 0x5c,
    0x62, 0x0, 0x89, 0xae, 0xc2, 0xea, 0x1, 0xcd,
    0x0, 0x73, 0xbf, 0xf6, 0xca, 0xc, 0xc0, 0x7,
    0xcf, 0xce, 0x62, 0x0, 0x13, 0x5a, 0xe6, 0x0,
    0xfe, 0x18, 0xce, 0xff, 0x76, 0x52, 0x80, 0x7e,

    /* U+FED7 "ﻗ" */
    0x0, 0x1f, 0x48, 0x66, 0x80, 0x66, 0x14, 0x13,
    0x21, 0x0, 0x96, 0xf0, 0x73, 0x2, 0x1, 0x90,
    0x40, 0xcc, 0x1, 0xff, 0xc3, 0x1b, 0xfe, 0x70,
    0xc, 0x3e, 0x80, 0x30, 0xe0, 0x14, 0x8b, 0x7d,
    0x4, 0x0, 0x4e, 0x32, 0xa, 0xc0, 0xa0, 0x40,
    0xa0, 0x16, 0x6, 0x80, 0x4a, 0x40, 0x1, 0x1,
    0x2, 0x41, 0xde, 0xfb, 0x0, 0xd4, 0xe4, 0x20,
    0x21, 0xc0, 0x1, 0x8d, 0xff, 0x18, 0x20, 0x7,
    0x26, 0x12, 0x9d, 0xf7, 0x3f, 0xd6, 0x69, 0x60,
    0x82, 0x31, 0x2d, 0x58, 0x80,

    /* U+FED8 "ﻘ" */
    0x0, 0xa3, 0x8d, 0x3d, 0xc0, 0x3f, 0x20, 0xae,
    0x6, 0x80, 0x7e, 0xdb, 0x68, 0xab, 0x0, 0xfc,
    0x28, 0x0, 0x51, 0x0, 0xff, 0xe5, 0xc, 0xf7,
    0xd9, 0x0, 0x7c, 0x38, 0xc2, 0x9, 0x82, 0x1,
    0xe8, 0x22, 0x77, 0xc, 0x6c, 0x3, 0xce, 0x1e,
    0x22, 0xe0, 0x50, 0xf, 0x8, 0x10, 0x0, 0x84,
    0x3, 0xe1, 0x2, 0x0, 0x10, 0x88, 0x3, 0xd2,
    0x1c, 0x25, 0xe1, 0x20, 0x1e, 0x73, 0x37, 0xe9,
    0x1b, 0x0, 0x6d, 0xff, 0x18, 0x8, 0x0, 0xfb,
    0xfd, 0xa0, 0x60, 0x26, 0xb3, 0x6e, 0x84, 0x20,
    0x20,

    /* U+FED9 "ﻙ" */
    0x0, 0xff, 0xe2, 0xdf, 0x98, 0x7, 0xff, 0x14,
    0x41, 0xc0, 0x3f, 0xf8, 0xe2, 0x1, 0xff, 0xc5,
    0x30, 0xf, 0xfe, 0x0, 0xcc, 0x0, 0x61, 0x3,
    0x0, 0xfe, 0x2f, 0x60, 0xf, 0x84, 0x3, 0xfa,
    0xc7, 0x60, 0x3, 0x78, 0x7, 0xfd, 0xc0, 0xa0,
    0x1c, 0x21, 0xe0, 0x62, 0x1, 0xe7, 0x88, 0x30,
    0x7, 0x84, 0x3b, 0x82, 0x1, 0xe1, 0xf, 0x0,
    0xc6, 0x1, 0x11, 0x4, 0x3, 0x47, 0xc9, 0xc0,
    0x7, 0x8c, 0xc0, 0xc0, 0x1d, 0x8d, 0x98, 0x10,
    0xc, 0x20, 0x20, 0x7, 0x0, 0xe4, 0x93, 0x0,
    0xf0, 0x80, 0x90, 0x1a, 0x0, 0x7f, 0xf0, 0x78,
    0x34, 0x54, 0x2e, 0x94, 0x80, 0x3c, 0x26, 0xfa,
    0x82, 0xc1, 0x4a, 0xb, 0x5b, 0xff, 0xee, 0xc8,
    0x23, 0xc1, 0x0, 0x56, 0xc2, 0x10, 0x80, 0x61,
    0x25, 0x8c, 0xc1, 0x0,

    /* U+FEDA "ﻚ" */
    0x0, 0xff, 0xe2, 0xdf, 0x98, 0x7, 0xff, 0x24,
    0x41, 0xc0, 0x3f, 0xf9, 0x62, 0x1, 0xff, 0xc9,
    0x30, 0xf, 0xfe, 0x2b, 0xb8, 0x3, 0x8, 0x18,
    0x7, 0xff, 0x4, 0x76, 0x34, 0x3, 0xc2, 0x1,
    0xff, 0xc1, 0x82, 0xba, 0x0, 0xde, 0x1, 0xff,
    0xcb, 0x10, 0xf0, 0xf, 0xfe, 0xc, 0xad, 0xa0,
    0x7, 0x84, 0x3, 0xb3, 0x84, 0x3, 0xd0, 0x1c,
    0x1, 0x8c, 0x3, 0xe3, 0x1, 0x0, 0xcb, 0x9a,
    0x32, 0x1, 0xe3, 0x0, 0xc4, 0xa, 0x1, 0xc6,
    0x31, 0xe6, 0x1, 0x84, 0x3, 0xcc, 0xe, 0x1,
    0xcd, 0xae, 0x20, 0x1c, 0x20, 0xc0, 0x19, 0x40,
    0xcc, 0x1, 0xff, 0xc1, 0xe0, 0x30, 0xc, 0x28,
    0x19, 0x28, 0x40, 0x1e, 0x13, 0x7d, 0x40, 0x5,
    0x8, 0x5, 0x6a, 0xd, 0x7b, 0xff, 0xee, 0xc8,
    0x21, 0xa2, 0x5e, 0xe1, 0x0, 0x2b, 0x61, 0x8,
    0x40, 0x30, 0x92, 0x3d, 0x72, 0xe2, 0x8, 0x0,

    /* U+FEDB "ﻛ" */
    0x0, 0xff, 0xe3, 0x1d, 0x48, 0x7, 0x8a, 0xb1,
    0x5c, 0x3, 0x15, 0x6a, 0x8c, 0x70, 0x5, 0x1a,
    0xa3, 0x1c, 0xe0, 0x15, 0xb8, 0x3f, 0x38, 0x6,
    0x34, 0x1d, 0x80, 0xf, 0xc3, 0x60, 0x1f, 0x1d,
    0x8b, 0x50, 0x7, 0xc9, 0x84, 0xb6, 0x1, 0xf1,
    0x61, 0xa5, 0x0, 0x7c, 0x3a, 0x4a, 0xe0, 0x1f,
    0xf, 0x84, 0x80, 0x7e, 0x26, 0x14, 0x0, 0xfd,
    0xc0, 0x40, 0x1e, 0x15, 0x90, 0x50, 0x6, 0x7f,
    0xdd, 0x42, 0xc6, 0x0, 0x30, 0x8, 0x96, 0xe4,
    0x2,

    /* U+FEDC "ﻜ" */
    0x0, 0xff, 0xe4, 0x9d, 0xc8, 0x7, 0xf1, 0xde,
    0x23, 0x80, 0x7c, 0x55, 0x88, 0x31, 0xc0, 0x1e,
    0x8d, 0x51, 0x8e, 0x70, 0xf, 0x5b, 0x83, 0xf3,
    0x80, 0x7c, 0x68, 0x7b, 0x0, 0x1f, 0xf1, 0xb8,
    0x7, 0xf8, 0xe8, 0x29, 0x80, 0x3f, 0xcb, 0x41,
    0x2c, 0x1, 0xfe, 0x5b, 0x9, 0x60, 0xf, 0xf2,
    0x58, 0x4a, 0x0, 0x7f, 0x92, 0x42, 0x84, 0x3,
    0xfc, 0xc8, 0x30, 0x1, 0xff, 0x60, 0x31, 0x80,
    0x7e, 0x15, 0x90, 0x6, 0x30, 0x80, 0x33, 0xfe,
    0xea, 0x19, 0x70, 0x9e, 0xf3, 0x30, 0x4, 0x4d,
    0x8d, 0x14, 0x82, 0x30,

    /* U+FEDD "ﻝ" */
    0x0, 0xff, 0xe0, 0x27, 0xd8, 0x7, 0xff, 0x5,
    0xc1, 0xc0, 0x3f, 0xfa, 0x22, 0x2, 0x1, 0xff,
    0xc1, 0x30, 0xf, 0xfe, 0x29, 0x80, 0x7f, 0xf0,
    0x44, 0x3, 0xff, 0x8a, 0x20, 0x1f, 0xfe, 0x21,
    0x0, 0xff, 0xe1, 0x98, 0x8, 0x7, 0xff, 0x15,
    0xa4, 0x80, 0x3f, 0x84, 0x2, 0xa6, 0x10, 0xf,
    0xe1, 0x0, 0x8c, 0x4c, 0x3, 0xf8, 0xc0, 0x48,
    0x8, 0x3, 0xfc, 0x22, 0x6, 0x7, 0x0, 0xfe,
    0x30, 0x40, 0x60, 0x50, 0xf, 0xe9, 0xc, 0x2,
    0x20, 0xc0, 0x7, 0xca, 0xa1, 0x60, 0x4, 0x83,
    0xe2, 0x90, 0x0, 0xe6, 0x82, 0x80, 0x24, 0xa0,
    0x3a, 0xdf, 0xf6, 0x30, 0x52, 0x0, 0x65, 0xe8,
    0x31, 0x2, 0x38, 0xe5, 0x0, 0x80,

    /* U+FEDE "ﻞ" */
    0x0, 0xff, 0xe0, 0x27, 0xd8, 0x7, 0xff, 0x11,
    0xc1, 0xc0, 0x3f, 0xfa, 0xe2, 0x2, 0x1, 0xff,
    0xc4, 0x30, 0xf, 0xfe, 0x41, 0x80, 0x7f, 0xf1,
    0x4, 0x3, 0xff, 0x90, 0x20, 0x1f, 0xfd, 0x81,
    0x0, 0xff, 0xec, 0x98, 0x8, 0x6, 0x10, 0xf,
    0xfe, 0x9, 0x80, 0x68, 0xf4, 0x0, 0xfe, 0x10,
    0x40, 0xc, 0xe0, 0xa0, 0x1f, 0xf4, 0x20, 0x0,
    0x84, 0x84, 0x3, 0xf8, 0x40, 0x6f, 0xdc, 0x41,
    0x80, 0x3f, 0xc4, 0x12, 0x40, 0x1, 0x6, 0x0,
    0xfe, 0x70, 0x36, 0xdf, 0x72, 0x12, 0x60, 0xf,
    0x8e, 0x2, 0x40, 0x3a, 0xc2, 0x68, 0xc0, 0x23,
    0x8c, 0x5, 0x50, 0x7, 0x2c, 0x82, 0xe7, 0xfd,
    0x8e, 0xf, 0x40, 0x1f, 0x37, 0x39, 0x0, 0x4,
    0xdf, 0x60, 0x3, 0xc0,

    /* U+FEDF "ﻟ" */
    0x0, 0x57, 0xa8, 0x0, 0xc0, 0x30, 0x81, 0x80,
    0x61, 0x0, 0x78, 0x6, 0x10, 0xf0, 0xf, 0x8c,
    0x4, 0x3, 0x18, 0x0, 0x40, 0x33, 0x80, 0x80,
    0x67, 0x0, 0x8, 0x6, 0x10, 0x70, 0x1a, 0x3,
    0xde, 0x60, 0xa3, 0x15, 0xc2,

    /* U+FEE0 "ﻠ" */
    0x0, 0x4f, 0xb0, 0x7, 0x84, 0x4, 0x3, 0xff,
    0x87, 0xe1, 0xe0, 0x1f, 0xfc, 0x31, 0x1, 0x0,
    0xff, 0xe1, 0x98, 0x18, 0x7, 0x84, 0x3, 0xfc,
    0x20, 0x1e, 0x70, 0xf, 0xf3, 0x80, 0x78, 0x40,
    0x40, 0x3c, 0x20, 0x42, 0x1, 0x86, 0x80, 0x14,
    0x40, 0xd, 0xe6, 0x3, 0x4d, 0xf3, 0x30, 0xae,
    0xe3, 0x8, 0xc0,

    /* U+FEE1 "ﻡ" */
    0x0, 0xcf, 0xbd, 0x88, 0x1, 0x87, 0x60, 0x84,
    0xed, 0x40, 0x2b, 0x24, 0xde, 0x80, 0xb0, 0x0,
    0xa9, 0xd9, 0xb, 0xa8, 0xa8, 0xe, 0xf0, 0x6,
    0xe0, 0xd0, 0x1, 0x10, 0x3, 0x30, 0x10, 0x0,
    0x63, 0x37, 0xfb, 0x80, 0x40, 0x9c, 0xe6, 0x40,
    0x26, 0x18, 0x14, 0xb, 0x9f, 0xed, 0xa7, 0x45,
    0x13, 0xa3, 0x0, 0x12, 0xc0, 0x10, 0x20, 0x7,
    0xfb, 0xc0, 0x3f, 0x8, 0x78, 0x7, 0xe2, 0x2,
    0x0, 0xfc, 0xa0, 0xc0, 0x1f, 0x84, 0xd0, 0x3,
    0xf0,

    /* U+FEE2 "ﻢ" */
    0x0, 0xf8, 0x44, 0x1, 0xff, 0x2e, 0x77, 0x18,
    0x3, 0xf0, 0xdd, 0x18, 0x2, 0x44, 0x3, 0xc3,
    0x88, 0x33, 0xca, 0xc, 0x1, 0xed, 0x22, 0x7b,
    0xd, 0x85, 0x0, 0x73, 0x98, 0x8, 0x80, 0x2,
    0x84, 0x60, 0x1a, 0x40, 0x4e, 0x40, 0x2d, 0x9,
    0x0, 0x94, 0x53, 0x41, 0xac, 0xc0, 0x41, 0x58,
    0x1, 0x81, 0xa7, 0x82, 0x99, 0xf0, 0x0, 0x9f,
    0x72, 0x2, 0x3, 0xf7, 0x20, 0x3c, 0xb2, 0x1,
    0x0, 0x38, 0x0, 0x63, 0x7f, 0xd, 0x37, 0xd8,
    0x41, 0xc0, 0x3f, 0xf8, 0x4, 0x4, 0x1, 0xff,
    0xc0, 0xd0, 0xf0, 0xf, 0xfe, 0x3, 0x1, 0x0,
    0x7f, 0xf0, 0xc, 0x3, 0xff, 0x87, 0xf6, 0x1,
    0xff, 0xc0,

    /* U+FEE3 "ﻣ" */
    0x0, 0xe5, 0xde, 0xa1, 0x0, 0xf3, 0x51, 0xa,
    0xe0, 0x7, 0x14, 0x8e, 0x71, 0x93, 0x80, 0x6b,
    0xb, 0x31, 0xd0, 0x90, 0x8, 0x58, 0x94, 0x0,
    0x28, 0x22, 0x0, 0x40, 0x58, 0x6, 0x20, 0x9,
    0x18, 0x21, 0x40, 0x2, 0xe2, 0x2b, 0xb0, 0x20,
    0xd7, 0xef, 0xb, 0x3, 0x1d, 0x5e, 0xb1, 0x10,
    0x62, 0x0,

    /* U+FEE4 "ﻤ" */
    0x0, 0xe4, 0xdf, 0xb1, 0x0, 0xff, 0x35, 0x90,
    0x26, 0x0, 0x7f, 0x1c, 0x8e, 0x79, 0x93, 0x80,
    0x7e, 0x80, 0xd3, 0xe, 0x9, 0x0, 0xf9, 0x10,
    0x46, 0x0, 0x25, 0x15, 0x0, 0xf4, 0x1, 0x38,
    0x5, 0x81, 0x20, 0x1d, 0x6, 0x41, 0x12, 0x21,
    0xe0, 0x72, 0x20, 0xd, 0x70, 0xfa, 0x6, 0xef,
    0x61, 0x6, 0xed, 0x3, 0x36, 0x12, 0xeb, 0x8,
    0x26, 0x61, 0x0, 0x40,

    /* U+FEE5 "ﻥ" */
    0x0, 0xf8, 0xcc, 0x1, 0xff, 0xc1, 0x2c, 0xc0,
    0x80, 0x7f, 0xf0, 0xc, 0x8c, 0x40, 0x3f, 0xf8,
    0x3, 0xb8, 0x1, 0xff, 0xd6, 0x19, 0xb0, 0xf,
    0xfe, 0x13, 0x21, 0x0, 0x7f, 0xf0, 0x5, 0x82,
    0x80, 0x8, 0xc0, 0x1f, 0xd4, 0xa, 0x0, 0xf9,
    0x40, 0xf, 0xc6, 0x4, 0x20, 0x80, 0x80, 0x1f,
    0xc6, 0x4, 0x40, 0x30, 0xf, 0xf3, 0x80, 0x18,
    0x1c, 0x3, 0xfc, 0xa0, 0x4c, 0xa, 0x1, 0xfc,
    0x82, 0x62, 0x42, 0x27, 0x0, 0xf8, 0x64, 0x28,
    0x1, 0x1, 0x14, 0x82, 0x0, 0x27, 0xf2, 0x46,
    0x0, 0x34, 0x82, 0xdf, 0x7f, 0xb6, 0x5, 0x6c,
    0x3, 0x37, 0x39, 0x88, 0x9, 0x36, 0x50, 0x4,

    /* U+FEE6 "ﻦ" */
    0x0, 0xfb, 0x70, 0x3, 0xff, 0x88, 0x44, 0x31,
    0x0, 0xff, 0xe1, 0x96, 0x60, 0x40, 0x3f, 0xf8,
    0x86, 0x60, 0xf, 0xfe, 0xeb, 0x59, 0x80, 0x7f,
    0xf1, 0x3d, 0x2c, 0x3, 0x84, 0x40, 0x1f, 0xda,
    0x8, 0x1, 0xd1, 0xc8, 0x1, 0xf9, 0x0, 0xc4,
    0x3, 0x38, 0x28, 0x7, 0xf1, 0x6, 0x90, 0x0,
    0x84, 0x84, 0x3, 0xf8, 0x40, 0xf7, 0xdc, 0x41,
    0x80, 0x3f, 0xf8, 0xc, 0x40, 0x1, 0x6, 0x0,
    0xfe, 0x13, 0x9, 0xdf, 0x72, 0x12, 0x60, 0xf,
    0xd4, 0xa, 0x1, 0xd0, 0x13, 0x23, 0x0, 0x89,
    0xb5, 0x6, 0xc0, 0x39, 0xa0, 0x1b, 0x3f, 0xed,
    0x92, 0x26, 0x8, 0x7, 0x9f, 0x9c, 0xc4, 0x0,
    0x4b, 0x5a, 0x40, 0x1c,

    /* U+FEE7 "ﻧ" */
    0x0, 0x11, 0x80, 0x6d, 0xc2, 0x0, 0x8c, 0x8c,
    0x2, 0xcd, 0x10, 0xf, 0xe1, 0x61, 0x0, 0xb6,
    0x5c, 0x2, 0xb0, 0xc0, 0x9, 0x81, 0x0, 0x21,
    0x31, 0x10, 0x4, 0xa0, 0x40, 0x1c, 0x20, 0x4,
    0x70, 0x2c, 0xfb, 0x19, 0x2, 0x14, 0xb6, 0x0,

    /* U+FEE8 "ﻨ" */
    0x0, 0x1f, 0x48, 0x7, 0xcc, 0x28, 0x1, 0xf2,
    0xde, 0x0, 0x7e, 0x41, 0x0, 0xff, 0xe3, 0x2f,
    0x30, 0x7, 0xda, 0x26, 0x1, 0xf2, 0x3, 0x80,
    0x78, 0x4c, 0x3, 0xe1, 0xb0, 0x4, 0x10, 0x5,
    0xbc, 0xa2, 0x6b, 0xbf, 0xe3, 0x30, 0xae, 0x6b,
    0x10, 0x8, 0x0,

    /* U+FEE9 "ﻩ" */
    0x0, 0xc2, 0x1, 0xf2, 0xf2, 0x0, 0x7b, 0x42,
    0xd4, 0x3, 0xa, 0x80, 0x28, 0xc0, 0x2a, 0x2b,
    0xb0, 0x70, 0x1, 0x91, 0xd1, 0x10, 0x4e, 0x16,
    0x10, 0x0, 0x71, 0xb2, 0x22, 0x0, 0x62, 0x36,
    0x0, 0xf0, 0x89, 0x41, 0x14, 0x6, 0x9, 0x5,
    0x82, 0xbf, 0x9c, 0x20, 0x26, 0x46, 0x0, 0x4c,
    0x20,

    /* U+FEEA "ﻪ" */
    0x0, 0xf0, 0xc2, 0x80, 0x7f, 0x89, 0xf8, 0x3,
    0xf9, 0x24, 0x1c, 0x3, 0xe6, 0xeb, 0x50, 0x10,
    0xf, 0x54, 0x8a, 0xb8, 0x18, 0x7, 0x4a, 0xa7,
    0x54, 0x0, 0x78, 0x58, 0xac, 0x40, 0x21, 0x0,
    0xc4, 0xe, 0x1, 0xfe, 0x10, 0x57, 0x20, 0x11,
    0x0, 0x80, 0x44, 0xc1, 0x1b, 0xfc, 0x20, 0xa0,
    0x1a, 0x64, 0x62, 0x22, 0x20, 0x41, 0x0, 0x66,
    0xce, 0xe6, 0xf8, 0x1e, 0xfc, 0x80, 0x7c, 0x5a,
    0xa2, 0x0,

    /* U+FEEB "ﻫ" */
    0x0, 0xd4, 0x60, 0x1f, 0xe5, 0x56, 0x38, 0x7,
    0xf2, 0x18, 0x45, 0x80, 0x7c, 0x5e, 0x60, 0x4,
    0xd1, 0x0, 0xe9, 0x19, 0xf9, 0x2, 0xf2, 0x0,
    0xc8, 0x6c, 0xc, 0x40, 0x38, 0x20, 0x1, 0x0,
    0xe3, 0x6, 0x1d, 0x0, 0x8, 0x8c, 0x81, 0x4,
    0xe4, 0xcc, 0xc0, 0x8, 0xf, 0x5a, 0x8, 0x9,
    0xc, 0x1, 0x52, 0x25, 0xb, 0x28, 0xe8, 0x3,
    0x7b, 0x8, 0x2, 0x6e, 0xe3, 0x87, 0x18, 0xa4,
    0x77, 0x20, 0xc0, 0x5, 0x48,

    /* U+FEEC "ﻬ" */
    0x0, 0xe7, 0xee, 0x38, 0x7, 0xf4, 0xc0, 0x8a,
    0x14, 0x3, 0xe5, 0x61, 0xd9, 0xe, 0x0, 0xfa,
    0xc3, 0x49, 0x1, 0x80, 0x3c, 0xa2, 0x86, 0x1,
    0x8, 0x7, 0xb0, 0x38, 0x0, 0x80, 0x80, 0x1e,
    0x40, 0x40, 0x28, 0xa, 0x0, 0xf1, 0x2, 0xc6,
    0x8a, 0x88, 0x80, 0x2c, 0xf0, 0x5, 0xb8, 0x1,
    0x73, 0xbf, 0xc6, 0x42, 0x0, 0x9b, 0xb4, 0x90,
    0x8, 0x8, 0xbb, 0x84, 0xa, 0x88, 0x6c, 0x4,
    0xfe, 0x20, 0x2, 0x4, 0x80, 0x42, 0x68, 0x1,
    0xd4, 0xb, 0x22, 0x8, 0x66, 0x0, 0xe3, 0x90,
    0x6e, 0xfb, 0xb, 0x0, 0xf3, 0x62, 0x88, 0x14,
    0xb0, 0x4,

    /* U+FEED "ﻭ" */
    0x0, 0x8f, 0x3f, 0x50, 0x3, 0x1e, 0x18, 0x15,
    0x98, 0x5, 0xe1, 0x5e, 0xe1, 0xe0, 0x3, 0x32,
    0x28, 0x41, 0x18, 0x82, 0x86, 0x0, 0x48, 0xa,
    0x1, 0x58, 0x80, 0x4, 0x8, 0x1c, 0xf, 0xb9,
    0xee, 0x6, 0x3, 0x88, 0x23, 0x0, 0x18, 0x0,
    0x77, 0xdf, 0x80, 0x26, 0x1, 0xc3, 0xe1, 0x20,
    0x18, 0xa3, 0x88, 0xdc, 0x1, 0x7d, 0xae, 0xb,
    0x80, 0x13, 0x88, 0x97, 0x28, 0x3, 0x76, 0xf5,
    0x18, 0x6,

    /* U+FEEE "ﻮ" */
    0x0, 0x8f, 0x3f, 0x54, 0x3, 0xe3, 0xc3, 0x2,
    0xa5, 0x0, 0xf7, 0x5, 0x7c, 0x5, 0x80, 0x71,
    0x92, 0xa8, 0x1c, 0x84, 0x80, 0x32, 0x86, 0x80,
    0x48, 0xe, 0x1, 0xea, 0x30, 0x7, 0x1, 0x80,
    0x67, 0x12, 0xcf, 0xf4, 0x4, 0xff, 0x94, 0x7,
    0x14, 0x40, 0x3e, 0x10, 0x1, 0x57, 0x7e, 0x80,
    0xff, 0xc8, 0x1, 0xc3, 0xc0, 0xc0, 0x1f, 0xb,
    0xf9, 0x9a, 0x0, 0x3a, 0xb7, 0xa0, 0x53, 0x40,
    0x3c, 0xc4, 0x9, 0x76, 0x10, 0xf, 0x7e, 0x7d,
    0xa0, 0x7, 0xc0,

    /* U+FEEF "ﻯ" */
    0x0, 0xff, 0xe0, 0x1d, 0x77, 0x31, 0x40, 0x3f,
    0xe8, 0xc5, 0x11, 0x1e, 0x80, 0x7f, 0xa1, 0xc6,
    0x7b, 0x95, 0x20, 0x1f, 0xc6, 0xe3, 0x8c, 0x22,
    0x51, 0x0, 0xfe, 0xa0, 0xb2, 0x0, 0xff, 0xe1,
    0x28, 0x38, 0x7, 0xcf, 0x64, 0x1, 0xcc, 0x1e,
    0xa0, 0x1e, 0xb4, 0x10, 0xe, 0xb2, 0x25, 0x6b,
    0x0, 0x63, 0x13, 0x0, 0xe1, 0xd9, 0x22, 0x4e,
    0x98, 0x10, 0x10, 0x7, 0xe6, 0xdb, 0x32, 0xe0,
    0x10, 0x70, 0xf, 0xf2, 0x78, 0x18, 0x8, 0x28,
    0x7, 0xfd, 0x20, 0xc0, 0x44, 0x19, 0x0, 0xfe,
    0x95, 0x19, 0x0, 0x48, 0x36, 0x28, 0x80, 0x4,
    0xe3, 0x98, 0x70, 0x40, 0x9, 0x40, 0x75, 0xdf,
    0xee, 0xc7, 0x16, 0xf2, 0x0, 0xcb, 0xd0, 0x82,
    0x0, 0x14, 0x8e, 0x91, 0x0, 0x80,

    /* U+FEF0 "ﻰ" */
    0x1, 0x10, 0x7, 0xff, 0x16, 0x39, 0x0, 0x3e,
    0x26, 0x10, 0xf, 0x38, 0x28, 0x7, 0xc9, 0x3d,
    0x6c, 0x40, 0x2, 0x12, 0x10, 0xf, 0x95, 0x42,
    0x93, 0xbf, 0x22, 0xc, 0x1, 0xf8, 0xeb, 0xa0,
    0x3, 0x8, 0x30, 0x7, 0xfc, 0xe0, 0x5f, 0x24,
    0x24, 0xe0, 0x1f, 0xc3, 0x60, 0xe0, 0x15, 0x84,
    0x5a, 0x88, 0x4, 0x29, 0x3e, 0x85, 0x60, 0x12,
    0xc8, 0x25, 0x77, 0xfd, 0xd6, 0xc2, 0xda, 0x20,
    0x19, 0xba, 0x10, 0x40, 0x2, 0x4d, 0x3d, 0x20,
    0x18,

    /* U+FEF1 "ﻱ" */
    0x0, 0xff, 0xe0, 0x25, 0xf7, 0xe2, 0x80, 0x7f,
    0xd5, 0x68, 0x20, 0x7a, 0x1, 0xfe, 0xb5, 0x1a,
    0xff, 0x5c, 0x80, 0x7f, 0x2a, 0x17, 0xa8, 0x1,
    0x4, 0x3, 0xfb, 0x83, 0x84, 0x3, 0xc2, 0x20,
    0xf, 0x38, 0x30, 0x7, 0xd1, 0xc8, 0x1, 0xd4,
    0x15, 0x43, 0x0, 0xe7, 0x5, 0x0, 0xe6, 0xb3,
    0x5c, 0xd5, 0x0, 0x10, 0x98, 0x80, 0x79, 0x33,
    0xc, 0x55, 0x20, 0x20, 0xe0, 0x1f, 0xc7, 0x36,
    0xe, 0x2, 0xa, 0x1, 0xff, 0x60, 0x20, 0x10,
    0x89, 0xc0, 0x3f, 0xa1, 0xc2, 0x0, 0x10, 0x11,
    0x68, 0x20, 0x1, 0x38, 0xe7, 0xb, 0x20, 0x3,
    0x40, 0x25, 0xf7, 0xfb, 0xb1, 0xc5, 0x35, 0x0,
    0x33, 0xf4, 0x18, 0x80, 0x5, 0x23, 0x6c, 0x80,
    0x3c, 0x2f, 0x9d, 0xfe, 0xeb, 0x72, 0x0, 0xff,
    0xa, 0x0, 0x14, 0x3, 0xff, 0x83, 0x96, 0xb1,
    0x54, 0x0, 0xff, 0xe0, 0x20, 0xb6, 0x86, 0x0,
    0x7c,

    /* U+FEF2 "ﻲ" */
    0x0, 0xff, 0xe5, 0x47, 0x18, 0x7, 0xff, 0x19,
    0x44, 0x40, 0x1f, 0x2b, 0x80, 0x7e, 0x12, 0x28,
    0x3, 0xeb, 0x8c, 0x20, 0xf, 0x10, 0x30, 0x7,
    0xea, 0x13, 0xd7, 0x0, 0xf9, 0xc0, 0x3f, 0x27,
    0x28, 0x46, 0xb0, 0x80, 0x8, 0xc, 0x40, 0x3f,
    0xa8, 0x40, 0xa7, 0xb8, 0x22, 0x30, 0xa0, 0xf,
    0xe4, 0x11, 0x49, 0x1, 0x80, 0x3c, 0x13, 0x5c,
    0x80, 0x22, 0x5b, 0xb0, 0x5b, 0x6f, 0xe8, 0x81,
    0xe1, 0x12, 0x37, 0xfe, 0xda, 0x43, 0xc5, 0x0,
    0xf8, 0xf6, 0x94, 0x84, 0x44, 0x8f, 0x98, 0x30,
    0xf, 0xf2, 0xd6, 0xf7, 0x36, 0xe0, 0xc0, 0x3f,
    0xf8, 0x33, 0xc4, 0xbe, 0xc0, 0x1f, 0xfc, 0x34,
    0x17, 0xd0, 0xc0, 0xf, 0xfe, 0x1f, 0xda, 0xc5,
    0x50, 0x3, 0xfc,

    /* U+FEF3 "ﻳ" */
    0x0, 0x85, 0x9c, 0x3, 0x2c, 0xc8, 0x3, 0x20,
    0x88, 0xc0, 0x33, 0x82, 0x0, 0x6d, 0xe, 0x0,
    0xcc, 0x4, 0x1, 0xe1, 0x0, 0x86, 0x3, 0x3,
    0x3f, 0x94, 0xd8, 0x8, 0x4e, 0x30, 0x1, 0xdc,
    0xc7, 0x0, 0xff, 0x5f, 0xb, 0xfa, 0x82, 0x9,
    0x68, 0x68, 0x6d, 0x9d, 0xd4, 0x0,

    /* U+FEF4 "ﻴ" */
    0x0, 0xd7, 0x40, 0x1f, 0x85, 0x1c, 0x3, 0xf2,
    0x83, 0x80, 0x7e, 0xd0, 0x30, 0xf, 0x95, 0x81,
    0xc, 0x3, 0x67, 0xd0, 0x21, 0x67, 0xfb, 0x40,
    0x84, 0xe6, 0xe4, 0xc0, 0x37, 0x73, 0x18, 0x1b,
    0x3f, 0xda, 0x1, 0xff, 0xc1, 0x2e, 0x90, 0xcd,
    0x0, 0xe7, 0x14, 0x13, 0x22, 0x0, 0x65, 0xbc,
    0x1c, 0xc1, 0x0, 0x40,

    /* U+FEF5 "ﻵ" */
    0x0, 0xff, 0xe2, 0x16, 0x7d, 0xb1, 0xa9, 0x80,
    0x37, 0xc8, 0x1, 0xce, 0xf4, 0xe5, 0x20, 0x0,
    0x40, 0x40, 0x19, 0x71, 0x9b, 0x7a, 0xe0, 0x6,
    0x6, 0x0, 0xc9, 0x66, 0x84, 0x1, 0x18, 0x18,
    0x6, 0x84, 0xf3, 0x0, 0xff, 0xb5, 0x7, 0x1c,
    0x2, 0x30, 0x30, 0xc, 0x37, 0x1, 0x14, 0x0,
    0x60, 0x70, 0xf, 0x3e, 0xa, 0xe1, 0x98, 0x8,
    0x3, 0xe3, 0xf4, 0x3c, 0x5, 0x0, 0xfe, 0x1b,
    0x60, 0x7, 0x80, 0x7f, 0xc2, 0x0, 0xb1, 0x0,
    0xfe, 0x47, 0x5, 0x1b, 0x0, 0xfc, 0x76, 0x15,
    0x43, 0x52, 0x0, 0xf2, 0x60, 0x42, 0x85, 0x3,
    0x80, 0x74, 0x58, 0x53, 0x80, 0xe8, 0x8, 0x6,
    0x37, 0x0, 0x57, 0xfb, 0x90, 0x90, 0x3, 0xfe,
    0x16, 0xc0,

    /* U+FEF6 "ﻶ" */
    0x2, 0xcf, 0xb6, 0x25, 0x20, 0x6, 0xf8, 0x80,
    0x77, 0x3, 0x32, 0x76, 0xa8, 0x1, 0x8c, 0x3,
    0xb3, 0x13, 0xba, 0xbd, 0x80, 0x0, 0x80, 0x80,
    0x7e, 0x32, 0x42, 0x0, 0x9c, 0x3, 0xfa, 0xf1,
    0x40, 0x3e, 0x70, 0xf, 0xb8, 0x29, 0x40, 0x30,
    0x80, 0x7f, 0x2d, 0x85, 0x20, 0x7, 0x8, 0x7,
    0xe4, 0xb0, 0xb3, 0x0, 0x18, 0x18, 0x7, 0xf2,
    0x50, 0x68, 0x80, 0x7f, 0xf0, 0x96, 0x7, 0x0,
    0x21, 0x0, 0xff, 0x9d, 0x4a, 0x88, 0x3, 0xff,
    0x85, 0x44, 0xa8, 0x1e, 0x1, 0xff, 0xc1, 0xf0,
    0x8, 0x40, 0x3f, 0xf8, 0x22, 0x1, 0x10, 0x7,
    0xc2, 0x20, 0x14, 0x9c, 0x8, 0x4, 0x40, 0x7,
    0xaf, 0xbf, 0xad, 0x82, 0x9c, 0xc2, 0xff, 0xca,
    0x1, 0x84, 0x4, 0xdf, 0x94, 0x35, 0xc8, 0x2,

    /* U+FEF7 "ﻷ" */
    0x0, 0xff, 0xe1, 0x57, 0xe0, 0x7, 0xf4, 0x3d,
    0xf8, 0x7, 0xf0, 0xb2, 0x18, 0x7, 0x9, 0x80,
    0x2d, 0x65, 0xe4, 0x3, 0x7e, 0x10, 0x20, 0x35,
    0x8, 0x6, 0x20, 0x60, 0x29, 0xdd, 0x40, 0x6,
    0x60, 0x10, 0x42, 0xe1, 0x0, 0xe3, 0x3, 0x0,
    0x49, 0xfa, 0x0, 0x78, 0xc0, 0x18, 0xa3, 0x70,
    0x1, 0x18, 0x8, 0x5, 0x52, 0xf, 0x60, 0x7,
    0x6, 0x0, 0xcd, 0xa4, 0x9a, 0x64, 0x24, 0x1,
    0xc5, 0xa8, 0x58, 0x8, 0x1, 0xfa, 0xd8, 0x1,
    0xe0, 0x1f, 0xc2, 0x0, 0xb1, 0x0, 0xf9, 0x1c,
    0x18, 0x68, 0x3, 0xc9, 0x61, 0x52, 0x68, 0x40,
    0x19, 0x6c, 0x21, 0x42, 0x81, 0xc0, 0x28, 0xa0,
    0xa7, 0x1, 0xd0, 0x10, 0x1, 0xb8, 0x2, 0xbf,
    0xdc, 0x84, 0x80, 0x1f, 0xc2, 0xd8, 0x0,

    /* U+FEF8 "ﻸ" */
    0x0, 0xff, 0xe2, 0xd7, 0xe0, 0x7, 0xff, 0x1,
    0xdd, 0x7e, 0x1, 0xff, 0xc0, 0xe6, 0x43, 0x0,
    0xff, 0xe0, 0x6a, 0x29, 0xa8, 0x6, 0xdf, 0x10,
    0xe, 0x2a, 0xce, 0x0, 0xf1, 0x80, 0x62, 0x79,
    0xeb, 0x0, 0xc2, 0x2, 0x1, 0x9a, 0x90, 0x40,
    0x39, 0xc0, 0x3e, 0x9d, 0x30, 0xf, 0x9c, 0x3,
    0xb8, 0x30, 0xc0, 0x30, 0x80, 0x7c, 0xf2, 0x18,
    0x60, 0x1c, 0x20, 0x1e, 0x6a, 0xd, 0x20, 0x1,
    0x81, 0x80, 0x7c, 0xb2, 0x38, 0x20, 0x1f, 0xfc,
    0x6, 0x71, 0xd0, 0x8, 0x40, 0x3f, 0xa1, 0x4e,
    0x48, 0x3, 0xff, 0x81, 0x44, 0xc8, 0x1e, 0x1,
    0xff, 0x70, 0x4, 0x20, 0x1f, 0xf3, 0x80, 0x44,
    0x1, 0xc2, 0x20, 0x14, 0xab, 0x8, 0x4, 0x40,
    0x6, 0xbe, 0xfe, 0xb5, 0xa, 0x73, 0xb, 0xff,
    0x28, 0x0, 0x40, 0x4d, 0xf9, 0x43, 0x5c, 0x80,
    0x20,

    /* U+FEF9 "ﻹ" */
    0x0, 0xff, 0x8, 0x7, 0xfd, 0xdc, 0x20, 0xf,
    0xf1, 0x0, 0x80, 0x7f, 0x98, 0x18, 0x0, 0x94,
    0x1, 0xe3, 0x3, 0x0, 0x42, 0xe9, 0x80, 0x7f,
    0x6a, 0x16, 0x30, 0x4, 0x60, 0x60, 0x1, 0xb8,
    0x9, 0xa0, 0x3, 0x3, 0x80, 0x67, 0xc1, 0x5c,
    0x23, 0x2, 0x0, 0xe3, 0xf3, 0x36, 0x82, 0x80,
    0x7c, 0x38, 0xc0, 0xf, 0x0, 0xfe, 0x10, 0x4,
    0x8, 0x7, 0xc8, 0xe0, 0xa5, 0x60, 0x1e, 0x3b,
    0xa, 0xa1, 0xa9, 0x0, 0x64, 0xc0, 0x85, 0xa,
    0x7, 0x0, 0xa2, 0xc2, 0x9c, 0x7, 0x40, 0x40,
    0x6, 0xe0, 0xa, 0xff, 0x72, 0x12, 0x0, 0x7f,
    0xb, 0x60, 0x4, 0x7f, 0xfe, 0xe9, 0x10, 0x9,
    0x37, 0x84, 0x3, 0xfa, 0xaf, 0x44, 0x3, 0xfc,
    0x66, 0x0, 0xff, 0x45, 0x67, 0x80, 0x7f, 0x41,
    0xa6, 0x0, 0x7f, 0x76, 0x41, 0x80, 0x7c,

    /* U+FEFA "ﻺ" */
    0x0, 0xfe, 0xdf, 0x10, 0xf, 0xfe, 0x19, 0x80,
    0x7f, 0xf0, 0x44, 0x4, 0x3, 0xc4, 0x1, 0xe7,
    0x0, 0xfa, 0x74, 0xc0, 0x3e, 0x70, 0xe, 0xe0,
    0xc3, 0x0, 0xc2, 0x1, 0xf3, 0xc8, 0x61, 0x80,
    0x70, 0x80, 0x79, 0xa8, 0x34, 0x80, 0x6, 0x6,
    0x1, 0xf2, 0xc8, 0xe0, 0x80, 0x7f, 0xf0, 0x19,
    0xc7, 0x40, 0x21, 0x0, 0xfe, 0x85, 0x39, 0x20,
    0xf, 0xfe, 0x5, 0x13, 0x20, 0x78, 0x7, 0xfd,
    0xc0, 0x10, 0x80, 0x7f, 0xce, 0x1, 0x10, 0x7,
    0x8, 0x80, 0x52, 0xac, 0x20, 0x11, 0x0, 0x1a,
    0xfb, 0xfa, 0xd4, 0x29, 0xcc, 0x2f, 0xfc, 0xa0,
    0x1, 0x1, 0x37, 0xe5, 0xd, 0x72, 0x0, 0xd5,
    0xdf, 0xd9, 0x2, 0x0, 0x18, 0xdf, 0xf2, 0x80,
    0x13, 0x78, 0x40, 0x3f, 0xf8, 0x15, 0x7a, 0x20,
    0x1f, 0xfc, 0x13, 0x30, 0x7, 0xff, 0x6, 0x2b,
    0x3c, 0x3, 0xff, 0x81, 0x6, 0x98, 0x1, 0xff,
    0xc0, 0xec, 0x83, 0x0, 0xff, 0x0,

    /* U+FEFB "ﻻ" */
    0x0, 0xff, 0x8, 0x7, 0xfd, 0xdc, 0x20, 0xf,
    0xf1, 0x0, 0x80, 0x7f, 0x98, 0x18, 0x0, 0x94,
    0x1, 0xe3, 0x3, 0x0, 0x42, 0xe9, 0x80, 0x7f,
    0x6a, 0x16, 0x30, 0x4, 0x60, 0x60, 0x1, 0xb8,
    0x9, 0xa0, 0x3, 0x3, 0x80, 0x67, 0xc1, 0x5c,
    0x23, 0x2, 0x0, 0xe3, 0xf3, 0x36, 0x82, 0x80,
    0x7c, 0x38, 0xc0, 0xf, 0x0, 0xfe, 0x10, 0x4,
    0x8, 0x7, 0xc8, 0xe0, 0xa5, 0x60, 0x1e, 0x3b,
    0xa, 0xa1, 0xa9, 0x0, 0x64, 0xc0, 0x85, 0xa,
    0x7, 0x0, 0xa2, 0xc2, 0x9c, 0x7, 0x40, 0x40,
    0x6, 0xe0, 0xa, 0xff, 0x72, 0x12, 0x0, 0x7f,
    0xb, 0x60, 0x0,

    /* U+FEFC "ﻼ" */
    0x0, 0xfe, 0xdf, 0x10, 0xf, 0xfe, 0x19, 0x80,
    0x7f, 0xf0, 0x44, 0x4, 0x3, 0xc4, 0x1, 0xe7,
    0x0, 0xfa, 0x74, 0xc0, 0x3e, 0x70, 0xe, 0xe0,
    0xc3, 0x0, 0xc2, 0x1, 0xf3, 0xc8, 0x61, 0x80,
    0x70, 0x80, 0x79, 0xa8, 0x34, 0x80, 0x6, 0x6,
    0x1, 0xf2, 0xc8, 0xe0, 0x80, 0x7f, 0xf0, 0x19,
    0xc7, 0x40, 0x21, 0x0, 0xfe, 0x85, 0x39, 0x20,
    0xf, 0xfe, 0x5, 0x13, 0x20, 0x78, 0x7, 0xfd,
    0xc0, 0x10, 0x80, 0x7f, 0xce, 0x1, 0x10, 0x7,
    0x8, 0x80, 0x52, 0xac, 0x20, 0x11, 0x0, 0x1a,
    0xfb, 0xfa, 0xd4, 0x29, 0xcc, 0x2f, 0xfc, 0xa0,
    0x1, 0x1, 0x37, 0xe5, 0xd, 0x72, 0x0, 0x80
};


/*---------------------
 *  GLYPH DESCRIPTION
 *--------------------*/

static const lv_font_fmt_txt_glyph_dsc_t glyph_dsc[] = {
    {.bitmap_index = 0, .adv_w = 0, .box_w = 0, .box_h = 0, .ofs_x = 0, .ofs_y = 0} /* id = 0 reserved */,
    {.bitmap_index = 0, .adv_w = 220, .box_w = 13, .box_h = 17, .ofs_x = 0, .ofs_y = 0},
    {.bitmap_index = 70, .adv_w = 220, .box_w = 14, .box_h = 17, .ofs_x = 0, .ofs_y = 0},
    {.bitmap_index = 162, .adv_w = 197, .box_w = 10, .box_h = 18, .ofs_x = 1, .ofs_y = 0},
    {.bitmap_index = 246, .adv_w = 319, .box_w = 18, .box_h = 19, .ofs_x = 1, .ofs_y = -1},
    {.bitmap_index = 391, .adv_w = 319, .box_w = 18, .box_h = 19, .ofs_x = 1, .ofs_y = -1},
    {.bitmap_index = 538, .adv_w = 164, .box_w = 8, .box_h = 9, .ofs_x = 1, .ofs_y = 9},
    {.bitmap_index = 572, .adv_w = 220, .box_w = 12, .box_h = 14, .ofs_x = 1, .ofs_y = 0},
    {.bitmap_index = 605, .adv_w = 103, .box_w = 4, .box_h = 4, .ofs_x = 1, .ofs_y = 7},
    {.bitmap_index = 614, .adv_w = 286, .box_w = 18, .box_h = 17, .ofs_x = 0, .ofs_y = 0},
    {.bitmap_index = 728, .adv_w = 296, .box_w = 18, .box_h = 18, .ofs_x = 0, .ofs_y = -1},
    {.bitmap_index = 850, .adv_w = 300, .box_w = 19, .box_h = 18, .ofs_x = 0, .ofs_y = 0},
    {.bitmap_index = 994, .adv_w = 281, .box_w = 19, .box_h = 22, .ofs_x = -1, .ofs_y = 0},
    {.bitmap_index = 1135, .adv_w = 281, .box_w = 19, .box_h = 22, .ofs_x = -1, .ofs_y = 0},
    {.bitmap_index = 1276, .adv_w = 281, .box_w = 19, .box_h = 22, .ofs_x = -1, .ofs_y = 0},
    {.bitmap_index = 1422, .adv_w = 281, .box_w = 19, .box_h = 22, .ofs_x = -1, .ofs_y = 0},
    {.bitmap_index = 1567, .adv_w = 281, .box_w = 19, .box_h = 22, .ofs_x = -1, .ofs_y = 0},
    {.bitmap_index = 1707, .adv_w = 281, .box_w = 19, .box_h = 24, .ofs_x = -1, .ofs_y = 0},
    {.bitmap_index = 1857, .adv_w = 402, .box_w = 25, .box_h = 17, .ofs_x = -1, .ofs_y = 0},
    {.bitmap_index = 1965, .adv_w = 278, .box_w = 16, .box_h = 23, .ofs_x = 1, .ofs_y = -6},
    {.bitmap_index = 2102, .adv_w = 257, .box_w = 13, .box_h = 22, .ofs_x = 2, .ofs_y = 0},
    {.bitmap_index = 2164, .adv_w = 257, .box_w = 13, .box_h = 22, .ofs_x = 2, .ofs_y = 0},
    {.bitmap_index = 2226, .adv_w = 257, .box_w = 13, .box_h = 22, .ofs_x = 2, .ofs_y = 0},
    {.bitmap_index = 2292, .adv_w = 257, .box_w = 13, .box_h = 22, .ofs_x = 2, .ofs_y = 0},
    {.bitmap_index = 2356, .adv_w = 119, .box_w = 7, .box_h = 22, .ofs_x = -1, .ofs_y = 0},
    {.bitmap_index = 2382, .adv_w = 119, .box_w = 8, .box_h = 22, .ofs_x = 1, .ofs_y = 0},
    {.bitmap_index = 2408, .adv_w = 119, .box_w = 10, .box_h = 22, .ofs_x = -1, .ofs_y = 0},
    {.bitmap_index = 2443, .adv_w = 119, .box_w = 8, .box_h = 22, .ofs_x = 0, .ofs_y = 0},
    {.bitmap_index = 2469, .adv_w = 320, .box_w = 19, .box_h = 17, .ofs_x = 0, .ofs_y = 0},
    {.bitmap_index = 2575, .adv_w = 312, .box_w = 15, .box_h = 22, .ofs_x = 2, .ofs_y = 0},
    {.bitmap_index = 2679, .adv_w = 323, .box_w = 19, .box_h = 22, .ofs_x = 1, .ofs_y = 0},
    {.bitmap_index = 2834, .adv_w = 323, .box_w = 19, .box_h = 22, .ofs_x = 1, .ofs_y = 0},
    {.bitmap_index = 2991, .adv_w = 323, .box_w = 19, .box_h = 22, .ofs_x = 1, .ofs_y = 0},
    {.bitmap_index = 3152, .adv_w = 323, .box_w = 19, .box_h = 23, .ofs_x = 1, .ofs_y = 0},
    {.bitmap_index = 3318, .adv_w = 323, .box_w = 19, .box_h = 22, .ofs_x = 1, .ofs_y = 0},
    {.bitmap_index = 3474, .adv_w = 220, .box_w = 12, .box_h = 11, .ofs_x = 1, .ofs_y = 3},
    {.bitmap_index = 3535, .adv_w = 323, .box_w = 19, .box_h = 21, .ofs_x = 1, .ofs_y = -2},
    {.bitmap_index = 3702, .adv_w = 304, .box_w = 15, .box_h = 22, .ofs_x = 2, .ofs_y = 0},
    {.bitmap_index = 3785, .adv_w = 304, .box_w = 15, .box_h = 22, .ofs_x = 2, .ofs_y = 0},
    {.bitmap_index = 3867, .adv_w = 304, .box_w = 15, .box_h = 22, .ofs_x = 2, .ofs_y = 0},
    {.bitmap_index = 3953, .adv_w = 304, .box_w = 15, .box_h = 22, .ofs_x = 2, .ofs_y = 0},
    {.bitmap_index = 4036, .adv_w = 248, .box_w = 17, .box_h = 22, .ofs_x = -1, .ofs_y = 0},
    {.bitmap_index = 4142, .adv_w = 277, .box_w = 15, .box_h = 17, .ofs_x = 2, .ofs_y = 0},
    {.bitmap_index = 4211, .adv_w = 260, .box_w = 14, .box_h = 18, .ofs_x = 2, .ofs_y = 0},
    {.bitmap_index = 4310, .adv_w = 230, .box_w = 12, .box_h = 18, .ofs_x = 1, .ofs_y = 0},
    {.bitmap_index = 4402, .adv_w = 230, .box_w = 12, .box_h = 18, .ofs_x = 1, .ofs_y = 0},
    {.bitmap_index = 4493, .adv_w = 230, .box_w = 12, .box_h = 18, .ofs_x = 1, .ofs_y = 0},
    {.bitmap_index = 4590, .adv_w = 230, .box_w = 12, .box_h = 18, .ofs_x = 1, .ofs_y = 0},
    {.bitmap_index = 4688, .adv_w = 230, .box_w = 12, .box_h = 18, .ofs_x = 1, .ofs_y = 0},
    {.bitmap_index = 4783, .adv_w = 230, .box_w = 12, .box_h = 20, .ofs_x = 1, .ofs_y = 0},
    {.bitmap_index = 4883, .adv_w = 380, .box_w = 22, .box_h = 13, .ofs_x = 1, .ofs_y = 0},
    {.bitmap_index = 5013, .adv_w = 219, .box_w = 12, .box_h = 19, .ofs_x = 1, .ofs_y = -6},
    {.bitmap_index = 5105, .adv_w = 235, .box_w = 13, .box_h = 18, .ofs_x = 1, .ofs_y = 0},
    {.bitmap_index = 5198, .adv_w = 235, .box_w = 13, .box_h = 18, .ofs_x = 1, .ofs_y = 0},
    {.bitmap_index = 5291, .adv_w = 235, .box_w = 13, .box_h = 18, .ofs_x = 1, .ofs_y = 0},
    {.bitmap_index = 5390, .adv_w = 235, .box_w = 13, .box_h = 18, .ofs_x = 1, .ofs_y = 0},
    {.bitmap_index = 5485, .adv_w = 107, .box_w = 8, .box_h = 18, .ofs_x = -2, .ofs_y = 0},
    {.bitmap_index = 5511, .adv_w = 107, .box_w = 7, .box_h = 18, .ofs_x = 1, .ofs_y = 0},
    {.bitmap_index = 5536, .adv_w = 107, .box_w = 9, .box_h = 18, .ofs_x = -1, .ofs_y = 0},
    {.bitmap_index = 5567, .adv_w = 107, .box_w = 7, .box_h = 18, .ofs_x = 0, .ofs_y = 0},
    {.bitmap_index = 5590, .adv_w = 246, .box_w = 14, .box_h = 18, .ofs_x = 1, .ofs_y = 0},
    {.bitmap_index = 5710, .adv_w = 262, .box_w = 13, .box_h = 18, .ofs_x = 2, .ofs_y = 0},
    {.bitmap_index = 5783, .adv_w = 244, .box_w = 14, .box_h = 18, .ofs_x = 1, .ofs_y = 0},
    {.bitmap_index = 5885, .adv_w = 244, .box_w = 14, .box_h = 18, .ofs_x = 1, .ofs_y = 0},
    {.bitmap_index = 5987, .adv_w = 244, .box_w = 14, .box_h = 18, .ofs_x = 1, .ofs_y = 0},
    {.bitmap_index = 6096, .adv_w = 244, .box_w = 14, .box_h = 18, .ofs_x = 1, .ofs_y = 0},
    {.bitmap_index = 6206, .adv_w = 244, .box_w = 14, .box_h = 18, .ofs_x = 1, .ofs_y = 0},
    {.bitmap_index = 6310, .adv_w = 220, .box_w = 12, .box_h = 11, .ofs_x = 1, .ofs_y = 3},
    {.bitmap_index = 6349, .adv_w = 244, .box_w = 14, .box_h = 17, .ofs_x = 1, .ofs_y = -2},
    {.bitmap_index = 6457, .adv_w = 260, .box_w = 13, .box_h = 18, .ofs_x = 2, .ofs_y = 0},
    {.bitmap_index = 6521, .adv_w = 260, .box_w = 13, .box_h = 18, .ofs_x = 2, .ofs_y = 0},
    {.bitmap_index = 6586, .adv_w = 260, .box_w = 13, .box_h = 18, .ofs_x = 2, .ofs_y = 0},
    {.bitmap_index = 6655, .adv_w = 260, .box_w = 13, .box_h = 18, .ofs_x = 2, .ofs_y = 0},
    {.bitmap_index = 6722, .adv_w = 215, .box_w = 15, .box_h = 23, .ofs_x = -1, .ofs_y = -5},
    {.bitmap_index = 6846, .adv_w = 262, .box_w = 14, .box_h = 23, .ofs_x = 2, .ofs_y = -5},
    {.bitmap_index = 6937, .adv_w = 215, .box_w = 15, .box_h = 23, .ofs_x = -1, .ofs_y = -5},
    {.bitmap_index = 7063, .adv_w = 281, .box_w = 19, .box_h = 22, .ofs_x = -1, .ofs_y = 0},
    {.bitmap_index = 7197, .adv_w = 230, .box_w = 12, .box_h = 17, .ofs_x = 1, .ofs_y = 0},
    {.bitmap_index = 7282, .adv_w = 281, .box_w = 19, .box_h = 22, .ofs_x = -1, .ofs_y = 0},
    {.bitmap_index = 7426, .adv_w = 230, .box_w = 12, .box_h = 18, .ofs_x = 1, .ofs_y = 0},
    {.bitmap_index = 7522, .adv_w = 281, .box_w = 20, .box_h = 23, .ofs_x = -1, .ofs_y = -6},
    {.bitmap_index = 7673, .adv_w = 230, .box_w = 12, .box_h = 19, .ofs_x = 1, .ofs_y = -6},
    {.bitmap_index = 7771, .adv_w = 278, .box_w = 16, .box_h = 22, .ofs_x = 1, .ofs_y = 0},
    {.bitmap_index = 7901, .adv_w = 219, .box_w = 12, .box_h = 18, .ofs_x = 1, .ofs_y = 0},
    {.bitmap_index = 7987, .adv_w = 278, .box_w = 16, .box_h = 22, .ofs_x = 1, .ofs_y = 0},
    {.bitmap_index = 8121, .adv_w = 219, .box_w = 12, .box_h = 18, .ofs_x = 1, .ofs_y = 0},
    {.bitmap_index = 8213, .adv_w = 278, .box_w = 16, .box_h = 22, .ofs_x = 1, .ofs_y = 0},
    {.bitmap_index = 8339, .adv_w = 219, .box_w = 12, .box_h = 18, .ofs_x = 1, .ofs_y = 0},
    {.bitmap_index = 8421, .adv_w = 278, .box_w = 16, .box_h = 22, .ofs_x = 1, .ofs_y = 0},
    {.bitmap_index = 8555, .adv_w = 219, .box_w = 12, .box_h = 18, .ofs_x = 1, .ofs_y = 0},
    {.bitmap_index = 8646, .adv_w = 317, .box_w = 17, .box_h = 22, .ofs_x = 2, .ofs_y = 0},
    {.bitmap_index = 8772, .adv_w = 262, .box_w = 18, .box_h = 19, .ofs_x = 1, .ofs_y = 0},
    {.bitmap_index = 8877, .adv_w = 320, .box_w = 19, .box_h = 17, .ofs_x = 0, .ofs_y = 0},
    {.bitmap_index = 8983, .adv_w = 262, .box_w = 16, .box_h = 18, .ofs_x = 1, .ofs_y = 0},
    {.bitmap_index = 9089, .adv_w = 257, .box_w = 13, .box_h = 22, .ofs_x = 2, .ofs_y = 0},
    {.bitmap_index = 9148, .adv_w = 235, .box_w = 13, .box_h = 17, .ofs_x = 1, .ofs_y = 0},
    {.bitmap_index = 9235, .adv_w = 257, .box_w = 13, .box_h = 22, .ofs_x = 2, .ofs_y = 0},
    {.bitmap_index = 9303, .adv_w = 235, .box_w = 13, .box_h = 18, .ofs_x = 1, .ofs_y = 0},
    {.bitmap_index = 9402, .adv_w = 257, .box_w = 13, .box_h = 22, .ofs_x = 2, .ofs_y = 0},
    {.bitmap_index = 9460, .adv_w = 235, .box_w = 13, .box_h = 18, .ofs_x = 1, .ofs_y = 0},
    {.bitmap_index = 9549, .adv_w = 257, .box_w = 14, .box_h = 23, .ofs_x = 2, .ofs_y = -6},
    {.bitmap_index = 9618, .adv_w = 235, .box_w = 13, .box_h = 19, .ofs_x = 1, .ofs_y = -6},
    {.bitmap_index = 9718, .adv_w = 257, .box_w = 13, .box_h = 22, .ofs_x = 2, .ofs_y = 0},
    {.bitmap_index = 9784, .adv_w = 235, .box_w = 13, .box_h = 18, .ofs_x = 1, .ofs_y = 0},
    {.bitmap_index = 9882, .adv_w = 296, .box_w = 16, .box_h = 22, .ofs_x = 1, .ofs_y = 0},
    {.bitmap_index = 10014, .adv_w = 265, .box_w = 14, .box_h = 23, .ofs_x = 1, .ofs_y = -5},
    {.bitmap_index = 10153, .adv_w = 296, .box_w = 16, .box_h = 22, .ofs_x = 1, .ofs_y = 0},
    {.bitmap_index = 10284, .adv_w = 265, .box_w = 14, .box_h = 23, .ofs_x = 1, .ofs_y = -5},
    {.bitmap_index = 10422, .adv_w = 296, .box_w = 16, .box_h = 22, .ofs_x = 1, .ofs_y = 0},
    {.bitmap_index = 10546, .adv_w = 265, .box_w = 14, .box_h = 23, .ofs_x = 1, .ofs_y = -5},
    {.bitmap_index = 10676, .adv_w = 296, .box_w = 16, .box_h = 24, .ofs_x = 1, .ofs_y = -7},
    {.bitmap_index = 10811, .adv_w = 265, .box_w = 14, .box_h = 24, .ofs_x = 1, .ofs_y = -5},
    {.bitmap_index = 10947, .adv_w = 312, .box_w = 15, .box_h = 22, .ofs_x = 2, .ofs_y = 0},
    {.bitmap_index = 11005, .adv_w = 262, .box_w = 16, .box_h = 23, .ofs_x = -1, .ofs_y = 0},
    {.bitmap_index = 11088, .adv_w = 318, .box_w = 20, .box_h = 17, .ofs_x = 0, .ofs_y = 0},
    {.bitmap_index = 11145, .adv_w = 262, .box_w = 15, .box_h = 18, .ofs_x = 0, .ofs_y = 0},
    {.bitmap_index = 11216, .adv_w = 119, .box_w = 9, .box_h = 22, .ofs_x = -1, .ofs_y = 0},
    {.bitmap_index = 11245, .adv_w = 107, .box_w = 8, .box_h = 18, .ofs_x = -1, .ofs_y = 0},
    {.bitmap_index = 11274, .adv_w = 119, .box_w = 7, .box_h = 22, .ofs_x = 0, .ofs_y = 0},
    {.bitmap_index = 11293, .adv_w = 107, .box_w = 7, .box_h = 17, .ofs_x = 0, .ofs_y = 0},
    {.bitmap_index = 11310, .adv_w = 119, .box_w = 9, .box_h = 22, .ofs_x = -1, .ofs_y = 0},
    {.bitmap_index = 11340, .adv_w = 107, .box_w = 7, .box_h = 18, .ofs_x = 0, .ofs_y = 0},
    {.bitmap_index = 11365, .adv_w = 119, .box_w = 5, .box_h = 23, .ofs_x = 1, .ofs_y = -6},
    {.bitmap_index = 11388, .adv_w = 107, .box_w = 5, .box_h = 24, .ofs_x = 1, .ofs_y = -6},
    {.bitmap_index = 11421, .adv_w = 119, .box_w = 4, .box_h = 22, .ofs_x = 2, .ofs_y = 0},
    {.bitmap_index = 11435, .adv_w = 107, .box_w = 3, .box_h = 13, .ofs_x = 2, .ofs_y = 0},
    {.bitmap_index = 11440, .adv_w = 276, .box_w = 13, .box_h = 17, .ofs_x = 2, .ofs_y = 0},
    {.bitmap_index = 11491, .adv_w = 216, .box_w = 11, .box_h = 23, .ofs_x = 1, .ofs_y = -5},
    {.bitmap_index = 11548, .adv_w = 197, .box_w = 12, .box_h = 22, .ofs_x = -1, .ofs_y = 0},
    {.bitmap_index = 11620, .adv_w = 109, .box_w = 11, .box_h = 23, .ofs_x = -3, .ofs_y = -5},
    {.bitmap_index = 11670, .adv_w = 276, .box_w = 16, .box_h = 24, .ofs_x = 2, .ofs_y = -7},
    {.bitmap_index = 11793, .adv_w = 237, .box_w = 13, .box_h = 25, .ofs_x = 2, .ofs_y = -7},
    {.bitmap_index = 11883, .adv_w = 233, .box_w = 13, .box_h = 13, .ofs_x = 2, .ofs_y = 0},
    {.bitmap_index = 11946, .adv_w = 228, .box_w = 14, .box_h = 22, .ofs_x = 1, .ofs_y = 0},
    {.bitmap_index = 11988, .adv_w = 107, .box_w = 7, .box_h = 23, .ofs_x = 1, .ofs_y = 0},
    {.bitmap_index = 12011, .adv_w = 228, .box_w = 13, .box_h = 24, .ofs_x = 2, .ofs_y = -7},
    {.bitmap_index = 12054, .adv_w = 107, .box_w = 3, .box_h = 25, .ofs_x = 2, .ofs_y = -7},
    {.bitmap_index = 12070, .adv_w = 228, .box_w = 13, .box_h = 18, .ofs_x = 2, .ofs_y = 0},
    {.bitmap_index = 12106, .adv_w = 107, .box_w = 7, .box_h = 19, .ofs_x = 2, .ofs_y = 0},
    {.bitmap_index = 12128, .adv_w = 228, .box_w = 13, .box_h = 17, .ofs_x = 2, .ofs_y = 0},
    {.bitmap_index = 12160, .adv_w = 133, .box_w = 7, .box_h = 18, .ofs_x = 2, .ofs_y = 0},
    {.bitmap_index = 12178, .adv_w = 231, .box_w = 15, .box_h = 17, .ofs_x = 0, .ofs_y = 0},
    {.bitmap_index = 12230, .adv_w = 113, .box_w = 9, .box_h = 18, .ofs_x = -1, .ofs_y = 0},
    {.bitmap_index = 12264, .adv_w = 312, .box_w = 15, .box_h = 22, .ofs_x = 2, .ofs_y = 0},
    {.bitmap_index = 12363, .adv_w = 262, .box_w = 13, .box_h = 18, .ofs_x = 2, .ofs_y = 0},
    {.bitmap_index = 12429, .adv_w = 312, .box_w = 15, .box_h = 24, .ofs_x = 2, .ofs_y = -7},
    {.bitmap_index = 12536, .adv_w = 262, .box_w = 13, .box_h = 20, .ofs_x = 2, .ofs_y = -7},
    {.bitmap_index = 12606, .adv_w = 312, .box_w = 15, .box_h = 22, .ofs_x = 2, .ofs_y = 0},
    {.bitmap_index = 12710, .adv_w = 262, .box_w = 13, .box_h = 18, .ofs_x = 2, .ofs_y = 0},
    {.bitmap_index = 12780, .adv_w = 296, .box_w = 16, .box_h = 17, .ofs_x = 1, .ofs_y = 0},
    {.bitmap_index = 12847, .adv_w = 312, .box_w = 15, .box_h = 22, .ofs_x = 2, .ofs_y = -5},
    {.bitmap_index = 12953, .adv_w = 262, .box_w = 13, .box_h = 18, .ofs_x = 2, .ofs_y = -5},
    {.bitmap_index = 13022, .adv_w = 323, .box_w = 19, .box_h = 22, .ofs_x = 1, .ofs_y = 0},
    {.bitmap_index = 13170, .adv_w = 244, .box_w = 14, .box_h = 17, .ofs_x = 1, .ofs_y = 0},
    {.bitmap_index = 13265, .adv_w = 323, .box_w = 19, .box_h = 22, .ofs_x = 1, .ofs_y = 0},
    {.bitmap_index = 13425, .adv_w = 244, .box_w = 14, .box_h = 18, .ofs_x = 1, .ofs_y = 0},
    {.bitmap_index = 13533, .adv_w = 323, .box_w = 19, .box_h = 22, .ofs_x = 1, .ofs_y = 0},
    {.bitmap_index = 13694, .adv_w = 244, .box_w = 14, .box_h = 18, .ofs_x = 1, .ofs_y = 0},
    {.bitmap_index = 13803, .adv_w = 432, .box_w = 25, .box_h = 17, .ofs_x = 1, .ofs_y = 0},
    {.bitmap_index = 13920, .adv_w = 410, .box_w = 24, .box_h = 13, .ofs_x = 1, .ofs_y = 0},
    {.bitmap_index = 14055, .adv_w = 279, .box_w = 15, .box_h = 22, .ofs_x = 2, .ofs_y = 0},
    {.bitmap_index = 14157, .adv_w = 157, .box_w = 9, .box_h = 18, .ofs_x = 2, .ofs_y = 0},
    {.bitmap_index = 14201, .adv_w = 279, .box_w = 15, .box_h = 24, .ofs_x = 2, .ofs_y = -7},
    {.bitmap_index = 14311, .adv_w = 157, .box_w = 8, .box_h = 20, .ofs_x = 2, .ofs_y = -7},
    {.bitmap_index = 14355, .adv_w = 279, .box_w = 15, .box_h = 22, .ofs_x = 2, .ofs_y = 0},
    {.bitmap_index = 14464, .adv_w = 157, .box_w = 9, .box_h = 18, .ofs_x = 1, .ofs_y = 0},
    {.bitmap_index = 14510, .adv_w = 238, .box_w = 14, .box_h = 22, .ofs_x = 0, .ofs_y = 0},
    {.bitmap_index = 14631, .adv_w = 192, .box_w = 12, .box_h = 18, .ofs_x = 0, .ofs_y = 0},
    {.bitmap_index = 14725, .adv_w = 238, .box_w = 14, .box_h = 22, .ofs_x = 0, .ofs_y = 0},
    {.bitmap_index = 14851, .adv_w = 192, .box_w = 12, .box_h = 18, .ofs_x = 0, .ofs_y = 0},
    {.bitmap_index = 14950, .adv_w = 238, .box_w = 14, .box_h = 23, .ofs_x = 0, .ofs_y = -6},
    {.bitmap_index = 15078, .adv_w = 192, .box_w = 12, .box_h = 19, .ofs_x = 0, .ofs_y = -6},
    {.bitmap_index = 15179, .adv_w = 238, .box_w = 14, .box_h = 22, .ofs_x = 0, .ofs_y = 0},
    {.bitmap_index = 15305, .adv_w = 192, .box_w = 12, .box_h = 18, .ofs_x = 0, .ofs_y = 0},
    {.bitmap_index = 15402, .adv_w = 225, .box_w = 14, .box_h = 23, .ofs_x = 0, .ofs_y = -6},
    {.bitmap_index = 15456, .adv_w = 159, .box_w = 10, .box_h = 22, .ofs_x = 0, .ofs_y = -6},
    {.bitmap_index = 15519, .adv_w = 225, .box_w = 14, .box_h = 22, .ofs_x = 0, .ofs_y = 0},
    {.bitmap_index = 15573, .adv_w = 159, .box_w = 10, .box_h = 19, .ofs_x = 0, .ofs_y = 0},
    {.bitmap_index = 15626, .adv_w = 225, .box_w = 14, .box_h = 17, .ofs_x = 0, .ofs_y = 0},
    {.bitmap_index = 15670, .adv_w = 163, .box_w = 10, .box_h = 16, .ofs_x = 0, .ofs_y = 0},
    {.bitmap_index = 15724, .adv_w = 304, .box_w = 15, .box_h = 23, .ofs_x = 2, .ofs_y = 0},
    {.bitmap_index = 15817, .adv_w = 260, .box_w = 13, .box_h = 18, .ofs_x = 2, .ofs_y = 0},
    {.bitmap_index = 15888, .adv_w = 304, .box_w = 15, .box_h = 22, .ofs_x = 2, .ofs_y = 0},
    {.bitmap_index = 15967, .adv_w = 260, .box_w = 13, .box_h = 17, .ofs_x = 2, .ofs_y = 0},
    {.bitmap_index = 16024, .adv_w = 304, .box_w = 15, .box_h = 22, .ofs_x = 2, .ofs_y = 0},
    {.bitmap_index = 16111, .adv_w = 260, .box_w = 13, .box_h = 18, .ofs_x = 2, .ofs_y = 0},
    {.bitmap_index = 16179, .adv_w = 304, .box_w = 15, .box_h = 24, .ofs_x = 2, .ofs_y = 0},
    {.bitmap_index = 16271, .adv_w = 260, .box_w = 13, .box_h = 20, .ofs_x = 2, .ofs_y = 0},
    {.bitmap_index = 16344, .adv_w = 304, .box_w = 15, .box_h = 22, .ofs_x = 2, .ofs_y = 0},
    {.bitmap_index = 16433, .adv_w = 260, .box_w = 13, .box_h = 18, .ofs_x = 2, .ofs_y = 0},
    {.bitmap_index = 16503, .adv_w = 304, .box_w = 15, .box_h = 23, .ofs_x = 2, .ofs_y = -6},
    {.bitmap_index = 16591, .adv_w = 260, .box_w = 13, .box_h = 19, .ofs_x = 2, .ofs_y = -6},
    {.bitmap_index = 16661, .adv_w = 432, .box_w = 27, .box_h = 22, .ofs_x = 0, .ofs_y = 0},
    {.bitmap_index = 16878, .adv_w = 345, .box_w = 22, .box_h = 18, .ofs_x = 0, .ofs_y = 0},
    {.bitmap_index = 17036, .adv_w = 248, .box_w = 17, .box_h = 22, .ofs_x = -1, .ofs_y = 0},
    {.bitmap_index = 17147, .adv_w = 215, .box_w = 15, .box_h = 23, .ofs_x = -1, .ofs_y = -5},
    {.bitmap_index = 17278, .adv_w = 248, .box_w = 17, .box_h = 22, .ofs_x = -1, .ofs_y = 0},
    {.bitmap_index = 17385, .adv_w = 252, .box_w = 15, .box_h = 22, .ofs_x = 1, .ofs_y = 0},
    {.bitmap_index = 17486, .adv_w = 200, .box_w = 12, .box_h = 18, .ofs_x = 0, .ofs_y = 0},
    {.bitmap_index = 17561, .adv_w = 252, .box_w = 15, .box_h = 22, .ofs_x = 1, .ofs_y = 0},
    {.bitmap_index = 17658, .adv_w = 200, .box_w = 12, .box_h = 18, .ofs_x = 0, .ofs_y = 0},
    {.bitmap_index = 17730, .adv_w = 252, .box_w = 15, .box_h = 22, .ofs_x = 1, .ofs_y = 0},
    {.bitmap_index = 17836, .adv_w = 200, .box_w = 12, .box_h = 18, .ofs_x = 0, .ofs_y = 0},
    {.bitmap_index = 17916, .adv_w = 118, .box_w = 10, .box_h = 18, .ofs_x = 0, .ofs_y = 0},
    {.bitmap_index = 17952, .adv_w = 170, .box_w = 8, .box_h = 17, .ofs_x = 2, .ofs_y = 0},
    {.bitmap_index = 17970, .adv_w = 144, .box_w = 7, .box_h = 13, .ofs_x = 2, .ofs_y = 0},
    {.bitmap_index = 17987, .adv_w = 252, .box_w = 14, .box_h = 17, .ofs_x = 1, .ofs_y = 0},
    {.bitmap_index = 18022, .adv_w = 251, .box_w = 12, .box_h = 18, .ofs_x = 2, .ofs_y = 0},
    {.bitmap_index = 18055, .adv_w = 64, .box_w = 5, .box_h = 5, .ofs_x = 0, .ofs_y = 13},
    {.bitmap_index = 18069, .adv_w = 64, .box_w = 5, .box_h = 5, .ofs_x = -1, .ofs_y = -4},
    {.bitmap_index = 18082, .adv_w = 295, .box_w = 15, .box_h = 17, .ofs_x = 2, .ofs_y = 0},
    {.bitmap_index = 18160, .adv_w = 247, .box_w = 12, .box_h = 13, .ofs_x = 2, .ofs_y = 0},
    {.bitmap_index = 18210, .adv_w = 94, .box_w = 5, .box_h = 5, .ofs_x = 1, .ofs_y = -6},
    {.bitmap_index = 18222, .adv_w = 184, .box_w = 11, .box_h = 13, .ofs_x = 0, .ofs_y = 0},
    {.bitmap_index = 18280, .adv_w = 184, .box_w = 10, .box_h = 13, .ofs_x = 1, .ofs_y = 0},
    {.bitmap_index = 18343, .adv_w = 184, .box_w = 11, .box_h = 13, .ofs_x = 0, .ofs_y = 0},
    {.bitmap_index = 18407, .adv_w = 103, .box_w = 5, .box_h = 16, .ofs_x = 0, .ofs_y = -3},
    {.bitmap_index = 18438, .adv_w = 105, .box_w = 7, .box_h = 22, .ofs_x = -2, .ofs_y = -5},
    {.bitmap_index = 18463, .adv_w = 90, .box_w = 5, .box_h = 5, .ofs_x = 0, .ofs_y = 14},
    {.bitmap_index = 18475, .adv_w = 249, .box_w = 9, .box_h = 5, .ofs_x = 3, .ofs_y = 14},
    {.bitmap_index = 18495, .adv_w = 272, .box_w = 17, .box_h = 17, .ofs_x = 0, .ofs_y = 0},
    {.bitmap_index = 18607, .adv_w = 103, .box_w = 4, .box_h = 4, .ofs_x = 1, .ofs_y = 9},
    {.bitmap_index = 18616, .adv_w = 276, .box_w = 16, .box_h = 17, .ofs_x = 0, .ofs_y = 0},
    {.bitmap_index = 18668, .adv_w = 348, .box_w = 20, .box_h = 17, .ofs_x = 0, .ofs_y = 0},
    {.bitmap_index = 18714, .adv_w = 201, .box_w = 12, .box_h = 17, .ofs_x = 0, .ofs_y = 0},
    {.bitmap_index = 18751, .adv_w = 344, .box_w = 21, .box_h = 17, .ofs_x = 0, .ofs_y = 0},
    {.bitmap_index = 18887, .adv_w = 300, .box_w = 19, .box_h = 17, .ofs_x = 0, .ofs_y = 0},
    {.bitmap_index = 18975, .adv_w = 323, .box_w = 20, .box_h = 17, .ofs_x = 0, .ofs_y = 0},
    {.bitmap_index = 19107, .adv_w = 127, .box_w = 10, .box_h = 18, .ofs_x = -1, .ofs_y = 0},
    {.bitmap_index = 19151, .adv_w = 245, .box_w = 16, .box_h = 17, .ofs_x = 0, .ofs_y = 0},
    {.bitmap_index = 19249, .adv_w = 250, .box_w = 13, .box_h = 17, .ofs_x = 2, .ofs_y = 0},
    {.bitmap_index = 19331, .adv_w = 192, .box_w = 10, .box_h = 17, .ofs_x = 2, .ofs_y = 0},
    {.bitmap_index = 19347, .adv_w = 245, .box_w = 16, .box_h = 17, .ofs_x = 0, .ofs_y = 0},
    {.bitmap_index = 19446, .adv_w = 214, .box_w = 10, .box_h = 17, .ofs_x = 2, .ofs_y = 0},
    {.bitmap_index = 19479, .adv_w = 220, .box_w = 13, .box_h = 17, .ofs_x = 0, .ofs_y = 0},
    {.bitmap_index = 19550, .adv_w = 285, .box_w = 14, .box_h = 17, .ofs_x = 2, .ofs_y = 0},
    {.bitmap_index = 19578, .adv_w = 300, .box_w = 17, .box_h = 17, .ofs_x = 1, .ofs_y = 0},
    {.bitmap_index = 19694, .adv_w = 130, .box_w = 8, .box_h = 17, .ofs_x = 0, .ofs_y = 0},
    {.bitmap_index = 19719, .adv_w = 238, .box_w = 13, .box_h = 17, .ofs_x = 2, .ofs_y = 0},
    {.bitmap_index = 19795, .adv_w = 234, .box_w = 15, .box_h = 17, .ofs_x = 0, .ofs_y = 0},
    {.bitmap_index = 19890, .adv_w = 348, .box_w = 18, .box_h = 17, .ofs_x = 2, .ofs_y = 0},
    {.bitmap_index = 19998, .adv_w = 292, .box_w = 14, .box_h = 17, .ofs_x = 2, .ofs_y = 0},
    {.bitmap_index = 20071, .adv_w = 240, .box_w = 13, .box_h = 17, .ofs_x = 1, .ofs_y = 0},
    {.bitmap_index = 20105, .adv_w = 300, .box_w = 17, .box_h = 17, .ofs_x = 1, .ofs_y = 0},
    {.bitmap_index = 20217, .adv_w = 281, .box_w = 14, .box_h = 17, .ofs_x = 2, .ofs_y = 0},
    {.bitmap_index = 20238, .adv_w = 232, .box_w = 12, .box_h = 17, .ofs_x = 2, .ofs_y = 0},
    {.bitmap_index = 20292, .adv_w = 220, .box_w = 13, .box_h = 17, .ofs_x = 0, .ofs_y = 0},
    {.bitmap_index = 20362, .adv_w = 214, .box_w = 14, .box_h = 17, .ofs_x = 0, .ofs_y = 0},
    {.bitmap_index = 20386, .adv_w = 217, .box_w = 14, .box_h = 17, .ofs_x = 0, .ofs_y = 0},
    {.bitmap_index = 20454, .adv_w = 324, .box_w = 19, .box_h = 17, .ofs_x = 1, .ofs_y = 0},
    {.bitmap_index = 20571, .adv_w = 225, .box_w = 14, .box_h = 17, .ofs_x = 0, .ofs_y = 0},
    {.bitmap_index = 20668, .adv_w = 315, .box_w = 16, .box_h = 17, .ofs_x = 2, .ofs_y = 0},
    {.bitmap_index = 20733, .adv_w = 275, .box_w = 17, .box_h = 17, .ofs_x = 0, .ofs_y = 0},
    {.bitmap_index = 20849, .adv_w = 130, .box_w = 8, .box_h = 22, .ofs_x = 0, .ofs_y = 0},
    {.bitmap_index = 20892, .adv_w = 217, .box_w = 14, .box_h = 22, .ofs_x = 0, .ofs_y = 0},
    {.bitmap_index = 20985, .adv_w = 239, .box_w = 14, .box_h = 18, .ofs_x = 1, .ofs_y = 0},
    {.bitmap_index = 21076, .adv_w = 180, .box_w = 10, .box_h = 18, .ofs_x = 1, .ofs_y = 0},
    {.bitmap_index = 21155, .adv_w = 233, .box_w = 11, .box_h = 24, .ofs_x = 2, .ofs_y = -6},
    {.bitmap_index = 21213, .adv_w = 127, .box_w = 7, .box_h = 18, .ofs_x = 1, .ofs_y = 0},
    {.bitmap_index = 21244, .adv_w = 230, .box_w = 12, .box_h = 18, .ofs_x = 1, .ofs_y = 0},
    {.bitmap_index = 21328, .adv_w = 239, .box_w = 14, .box_h = 13, .ofs_x = 1, .ofs_y = 0},
    {.bitmap_index = 21399, .adv_w = 235, .box_w = 12, .box_h = 24, .ofs_x = 2, .ofs_y = -6},
    {.bitmap_index = 21496, .adv_w = 198, .box_w = 12, .box_h = 18, .ofs_x = 0, .ofs_y = -5},
    {.bitmap_index = 21571, .adv_w = 226, .box_w = 12, .box_h = 18, .ofs_x = 1, .ofs_y = 0},
    {.bitmap_index = 21667, .adv_w = 180, .box_w = 10, .box_h = 13, .ofs_x = 1, .ofs_y = 0},
    {.bitmap_index = 21728, .adv_w = 177, .box_w = 10, .box_h = 24, .ofs_x = 1, .ofs_y = -6},
    {.bitmap_index = 21818, .adv_w = 233, .box_w = 11, .box_h = 19, .ofs_x = 2, .ofs_y = -6},
    {.bitmap_index = 21858, .adv_w = 228, .box_w = 12, .box_h = 18, .ofs_x = 1, .ofs_y = 0},
    {.bitmap_index = 21951, .adv_w = 127, .box_w = 7, .box_h = 13, .ofs_x = 1, .ofs_y = 0},
    {.bitmap_index = 21966, .adv_w = 205, .box_w = 11, .box_h = 13, .ofs_x = 2, .ofs_y = 0},
    {.bitmap_index = 22021, .adv_w = 199, .box_w = 13, .box_h = 18, .ofs_x = 0, .ofs_y = 0},
    {.bitmap_index = 22110, .adv_w = 240, .box_w = 13, .box_h = 19, .ofs_x = 2, .ofs_y = -6},
    {.bitmap_index = 22159, .adv_w = 198, .box_w = 12, .box_h = 13, .ofs_x = 0, .ofs_y = 0},
    {.bitmap_index = 22225, .adv_w = 188, .box_w = 10, .box_h = 24, .ofs_x = 1, .ofs_y = -6},
    {.bitmap_index = 22320, .adv_w = 232, .box_w = 13, .box_h = 13, .ofs_x = 1, .ofs_y = 0},
    {.bitmap_index = 22396, .adv_w = 251, .box_w = 16, .box_h = 13, .ofs_x = 0, .ofs_y = 0},
    {.bitmap_index = 22435, .adv_w = 230, .box_w = 13, .box_h = 19, .ofs_x = 1, .ofs_y = -6},
    {.bitmap_index = 22511, .adv_w = 187, .box_w = 10, .box_h = 18, .ofs_x = 1, .ofs_y = -5},
    {.bitmap_index = 22583, .adv_w = 236, .box_w = 13, .box_h = 13, .ofs_x = 1, .ofs_y = 0},
    {.bitmap_index = 22658, .adv_w = 188, .box_w = 11, .box_h = 13, .ofs_x = 0, .ofs_y = 0},
    {.bitmap_index = 22689, .adv_w = 230, .box_w = 12, .box_h = 13, .ofs_x = 1, .ofs_y = 0},
    {.bitmap_index = 22746, .adv_w = 278, .box_w = 16, .box_h = 24, .ofs_x = 1, .ofs_y = -6},
    {.bitmap_index = 22850, .adv_w = 228, .box_w = 15, .box_h = 19, .ofs_x = 0, .ofs_y = -6},
    {.bitmap_index = 22960, .adv_w = 288, .box_w = 16, .box_h = 24, .ofs_x = 1, .ofs_y = -6},
    {.bitmap_index = 23048, .adv_w = 307, .box_w = 17, .box_h = 13, .ofs_x = 1, .ofs_y = 0},
    {.bitmap_index = 23141, .adv_w = 127, .box_w = 9, .box_h = 17, .ofs_x = -1, .ofs_y = 0},
    {.bitmap_index = 23179, .adv_w = 230, .box_w = 12, .box_h = 17, .ofs_x = 1, .ofs_y = 0},
    {.bitmap_index = 23258, .adv_w = 232, .box_w = 13, .box_h = 18, .ofs_x = 1, .ofs_y = 0},
    {.bitmap_index = 23354, .adv_w = 230, .box_w = 12, .box_h = 18, .ofs_x = 1, .ofs_y = 0},
    {.bitmap_index = 23430, .adv_w = 307, .box_w = 17, .box_h = 18, .ofs_x = 1, .ofs_y = 0},
    {.bitmap_index = 23546, .adv_w = 238, .box_w = 13, .box_h = 23, .ofs_x = 2, .ofs_y = -6},
    {.bitmap_index = 23655, .adv_w = 246, .box_w = 13, .box_h = 18, .ofs_x = 2, .ofs_y = 0},
    {.bitmap_index = 23765, .adv_w = 239, .box_w = 15, .box_h = 18, .ofs_x = 0, .ofs_y = 0},
    {.bitmap_index = 23880, .adv_w = 227, .box_w = 14, .box_h = 17, .ofs_x = 0, .ofs_y = 0},
    {.bitmap_index = 23947, .adv_w = 308, .box_w = 19, .box_h = 17, .ofs_x = 0, .ofs_y = 0},
    {.bitmap_index = 24034, .adv_w = 227, .box_w = 14, .box_h = 22, .ofs_x = 0, .ofs_y = 0},
    {.bitmap_index = 24126, .adv_w = 278, .box_w = 16, .box_h = 24, .ofs_x = 1, .ofs_y = -6},
    {.bitmap_index = 24230, .adv_w = 329, .box_w = 21, .box_h = 13, .ofs_x = 0, .ofs_y = 0},
    {.bitmap_index = 24333, .adv_w = 205, .box_w = 11, .box_h = 18, .ofs_x = 2, .ofs_y = -5},
    {.bitmap_index = 24414, .adv_w = 293, .box_w = 16, .box_h = 17, .ofs_x = 1, .ofs_y = 0},
    {.bitmap_index = 24512, .adv_w = 232, .box_w = 13, .box_h = 19, .ofs_x = 1, .ofs_y = -6},
    {.bitmap_index = 24597, .adv_w = 243, .box_w = 14, .box_h = 17, .ofs_x = 1, .ofs_y = 0},
    {.bitmap_index = 24672, .adv_w = 184, .box_w = 10, .box_h = 18, .ofs_x = 1, .ofs_y = -5},
    {.bitmap_index = 24747, .adv_w = 195, .box_w = 10, .box_h = 17, .ofs_x = 2, .ofs_y = 0},
    {.bitmap_index = 24780, .adv_w = 199, .box_w = 10, .box_h = 19, .ofs_x = 2, .ofs_y = -6},
    {.bitmap_index = 24814, .adv_w = 190, .box_w = 13, .box_h = 17, .ofs_x = -1, .ofs_y = 0},
    {.bitmap_index = 24884, .adv_w = 214, .box_w = 12, .box_h = 24, .ofs_x = 1, .ofs_y = -6},
    {.bitmap_index = 24988, .adv_w = 228, .box_w = 14, .box_h = 17, .ofs_x = -1, .ofs_y = 0},
    {.bitmap_index = 25085, .adv_w = 200, .box_w = 15, .box_h = 24, .ofs_x = -3, .ofs_y = -6},
    {.bitmap_index = 25208, .adv_w = 262, .box_w = 16, .box_h = 13, .ofs_x = 0, .ofs_y = 0},
    {.bitmap_index = 25295, .adv_w = 230, .box_w = 13, .box_h = 19, .ofs_x = 1, .ofs_y = -6},
    {.bitmap_index = 25396, .adv_w = 184, .box_w = 10, .box_h = 13, .ofs_x = 1, .ofs_y = 0},
    {.bitmap_index = 25451, .adv_w = 99, .box_w = 7, .box_h = 23, .ofs_x = -2, .ofs_y = -6},
    {.bitmap_index = 25484, .adv_w = 300, .box_w = 17, .box_h = 17, .ofs_x = 1, .ofs_y = 0},
    {.bitmap_index = 25599, .adv_w = 190, .box_w = 11, .box_h = 13, .ofs_x = 1, .ofs_y = 0},
    {.bitmap_index = 25662, .adv_w = 190, .box_w = 11, .box_h = 13, .ofs_x = 0, .ofs_y = 0},
    {.bitmap_index = 25723, .adv_w = 232, .box_w = 12, .box_h = 17, .ofs_x = 2, .ofs_y = 0},
    {.bitmap_index = 25781, .adv_w = 236, .box_w = 12, .box_h = 24, .ofs_x = 2, .ofs_y = -6},
    {.bitmap_index = 25858, .adv_w = 243, .box_w = 14, .box_h = 17, .ofs_x = 1, .ofs_y = 0},
    {.bitmap_index = 25945, .adv_w = 348, .box_w = 18, .box_h = 17, .ofs_x = 2, .ofs_y = 0},
    {.bitmap_index = 26030, .adv_w = 279, .box_w = 14, .box_h = 19, .ofs_x = 2, .ofs_y = -6},
    {.bitmap_index = 26089, .adv_w = 232, .box_w = 14, .box_h = 19, .ofs_x = 0, .ofs_y = -6},
    {.bitmap_index = 26187, .adv_w = 243, .box_w = 14, .box_h = 17, .ofs_x = 0, .ofs_y = 0},
    {.bitmap_index = 26275, .adv_w = 243, .box_w = 14, .box_h = 17, .ofs_x = 1, .ofs_y = 0},
    {.bitmap_index = 26371, .adv_w = 243, .box_w = 14, .box_h = 17, .ofs_x = 0, .ofs_y = 0},
    {.bitmap_index = 26470, .adv_w = 255, .box_w = 13, .box_h = 22, .ofs_x = 2, .ofs_y = 0},
    {.bitmap_index = 26531, .adv_w = 255, .box_w = 13, .box_h = 22, .ofs_x = 2, .ofs_y = 0},
    {.bitmap_index = 26593, .adv_w = 320, .box_w = 20, .box_h = 17, .ofs_x = 0, .ofs_y = 0},
    {.bitmap_index = 26677, .adv_w = 222, .box_w = 12, .box_h = 22, .ofs_x = 2, .ofs_y = 0},
    {.bitmap_index = 26717, .adv_w = 272, .box_w = 16, .box_h = 17, .ofs_x = 1, .ofs_y = 0},
    {.bitmap_index = 26826, .adv_w = 244, .box_w = 14, .box_h = 17, .ofs_x = 1, .ofs_y = 0},
    {.bitmap_index = 26929, .adv_w = 122, .box_w = 3, .box_h = 17, .ofs_x = 2, .ofs_y = 0},
    {.bitmap_index = 26934, .adv_w = 119, .box_w = 8, .box_h = 22, .ofs_x = 0, .ofs_y = 0},
    {.bitmap_index = 26960, .adv_w = 207, .box_w = 11, .box_h = 17, .ofs_x = 0, .ofs_y = 0},
    {.bitmap_index = 27002, .adv_w = 456, .box_w = 28, .box_h = 17, .ofs_x = 0, .ofs_y = 0},
    {.bitmap_index = 27126, .adv_w = 453, .box_w = 26, .box_h = 17, .ofs_x = 2, .ofs_y = 0},
    {.bitmap_index = 27206, .adv_w = 323, .box_w = 20, .box_h = 17, .ofs_x = 0, .ofs_y = 0},
    {.bitmap_index = 27272, .adv_w = 273, .box_w = 15, .box_h = 22, .ofs_x = 2, .ofs_y = 0},
    {.bitmap_index = 27375, .adv_w = 316, .box_w = 16, .box_h = 22, .ofs_x = 2, .ofs_y = 0},
    {.bitmap_index = 27480, .adv_w = 265, .box_w = 17, .box_h = 22, .ofs_x = 0, .ofs_y = 0},
    {.bitmap_index = 27615, .adv_w = 310, .box_w = 15, .box_h = 21, .ofs_x = 2, .ofs_y = -4},
    {.bitmap_index = 27648, .adv_w = 291, .box_w = 18, .box_h = 17, .ofs_x = 0, .ofs_y = 0},
    {.bitmap_index = 27757, .adv_w = 281, .box_w = 15, .box_h = 17, .ofs_x = 2, .ofs_y = 0},
    {.bitmap_index = 27824, .adv_w = 287, .box_w = 15, .box_h = 17, .ofs_x = 2, .ofs_y = 0},
    {.bitmap_index = 27910, .adv_w = 222, .box_w = 12, .box_h = 17, .ofs_x = 2, .ofs_y = 0},
    {.bitmap_index = 27930, .adv_w = 309, .box_w = 19, .box_h = 21, .ofs_x = 0, .ofs_y = -4},
    {.bitmap_index = 28022, .adv_w = 255, .box_w = 13, .box_h = 17, .ofs_x = 2, .ofs_y = 0},
    {.bitmap_index = 28061, .adv_w = 395, .box_w = 25, .box_h = 17, .ofs_x = 0, .ofs_y = 0},
    {.bitmap_index = 28208, .adv_w = 247, .box_w = 15, .box_h = 17, .ofs_x = 0, .ofs_y = 0},
    {.bitmap_index = 28311, .adv_w = 316, .box_w = 16, .box_h = 17, .ofs_x = 2, .ofs_y = 0},
    {.bitmap_index = 28390, .adv_w = 316, .box_w = 16, .box_h = 22, .ofs_x = 2, .ofs_y = 0},
    {.bitmap_index = 28500, .adv_w = 273, .box_w = 15, .box_h = 17, .ofs_x = 2, .ofs_y = 0},
    {.bitmap_index = 28580, .adv_w = 303, .box_w = 17, .box_h = 17, .ofs_x = 0, .ofs_y = 0},
    {.bitmap_index = 28656, .adv_w = 370, .box_w = 19, .box_h = 17, .ofs_x = 2, .ofs_y = 0},
    {.bitmap_index = 28756, .adv_w = 315, .box_w = 16, .box_h = 17, .ofs_x = 2, .ofs_y = 0},
    {.bitmap_index = 28787, .adv_w = 326, .box_w = 19, .box_h = 17, .ofs_x = 1, .ofs_y = 0},
    {.bitmap_index = 28917, .adv_w = 315, .box_w = 16, .box_h = 17, .ofs_x = 2, .ofs_y = 0},
    {.bitmap_index = 28940, .adv_w = 274, .box_w = 15, .box_h = 17, .ofs_x = 2, .ofs_y = 0},
    {.bitmap_index = 29006, .adv_w = 276, .box_w = 16, .box_h = 17, .ofs_x = 1, .ofs_y = 0},
    {.bitmap_index = 29113, .adv_w = 232, .box_w = 15, .box_h = 17, .ofs_x = 0, .ofs_y = 0},
    {.bitmap_index = 29140, .adv_w = 265, .box_w = 17, .box_h = 17, .ofs_x = 0, .ofs_y = 0},
    {.bitmap_index = 29245, .adv_w = 356, .box_w = 21, .box_h = 19, .ofs_x = 1, .ofs_y = -1},
    {.bitmap_index = 29377, .adv_w = 257, .box_w = 16, .box_h = 17, .ofs_x = 0, .ofs_y = 0},
    {.bitmap_index = 29487, .adv_w = 318, .box_w = 18, .box_h = 21, .ofs_x = 2, .ofs_y = -4},
    {.bitmap_index = 29527, .adv_w = 283, .box_w = 15, .box_h = 17, .ofs_x = 1, .ofs_y = 0},
    {.bitmap_index = 29577, .adv_w = 420, .box_w = 22, .box_h = 17, .ofs_x = 2, .ofs_y = 0},
    {.bitmap_index = 29614, .adv_w = 430, .box_w = 25, .box_h = 21, .ofs_x = 2, .ofs_y = -4},
    {.bitmap_index = 29668, .adv_w = 318, .box_w = 19, .box_h = 17, .ofs_x = 0, .ofs_y = 0},
    {.bitmap_index = 29747, .adv_w = 381, .box_w = 20, .box_h = 17, .ofs_x = 2, .ofs_y = 0},
    {.bitmap_index = 29824, .adv_w = 274, .box_w = 15, .box_h = 17, .ofs_x = 2, .ofs_y = 0},
    {.bitmap_index = 29888, .adv_w = 271, .box_w = 16, .box_h = 17, .ofs_x = 0, .ofs_y = 0},
    {.bitmap_index = 29998, .adv_w = 422, .box_w = 24, .box_h = 17, .ofs_x = 2, .ofs_y = 0},
    {.bitmap_index = 30141, .adv_w = 281, .box_w = 14, .box_h = 17, .ofs_x = 1, .ofs_y = 0},
    {.bitmap_index = 30219, .adv_w = 226, .box_w = 12, .box_h = 13, .ofs_x = 1, .ofs_y = 0},
    {.bitmap_index = 30290, .adv_w = 254, .box_w = 14, .box_h = 20, .ofs_x = 1, .ofs_y = 0},
    {.bitmap_index = 30411, .adv_w = 236, .box_w = 12, .box_h = 13, .ofs_x = 2, .ofs_y = 0},
    {.bitmap_index = 30474, .adv_w = 187, .box_w = 10, .box_h = 13, .ofs_x = 2, .ofs_y = 0},
    {.bitmap_index = 30489, .adv_w = 255, .box_w = 16, .box_h = 16, .ofs_x = 0, .ofs_y = -3},
    {.bitmap_index = 30563, .adv_w = 241, .box_w = 13, .box_h = 13, .ofs_x = 1, .ofs_y = 0},
    {.bitmap_index = 30636, .adv_w = 326, .box_w = 21, .box_h = 13, .ofs_x = 0, .ofs_y = 0},
    {.bitmap_index = 30737, .adv_w = 209, .box_w = 12, .box_h = 13, .ofs_x = 0, .ofs_y = 0},
    {.bitmap_index = 30809, .adv_w = 266, .box_w = 13, .box_h = 13, .ofs_x = 2, .ofs_y = 0},
    {.bitmap_index = 30861, .adv_w = 266, .box_w = 13, .box_h = 18, .ofs_x = 2, .ofs_y = 0},
    {.bitmap_index = 30939, .adv_w = 230, .box_w = 13, .box_h = 13, .ofs_x = 2, .ofs_y = 0},
    {.bitmap_index = 30996, .adv_w = 246, .box_w = 14, .box_h = 13, .ofs_x = 0, .ofs_y = 0},
    {.bitmap_index = 31049, .adv_w = 306, .box_w = 15, .box_h = 13, .ofs_x = 2, .ofs_y = 0},
    {.bitmap_index = 31119, .adv_w = 262, .box_w = 13, .box_h = 13, .ofs_x = 2, .ofs_y = 0},
    {.bitmap_index = 31139, .adv_w = 246, .box_w = 14, .box_h = 13, .ofs_x = 1, .ofs_y = 0},
    {.bitmap_index = 31220, .adv_w = 260, .box_w = 13, .box_h = 13, .ofs_x = 2, .ofs_y = 0},
    {.bitmap_index = 31239, .adv_w = 264, .box_w = 14, .box_h = 18, .ofs_x = 2, .ofs_y = -5},
    {.bitmap_index = 31325, .adv_w = 219, .box_w = 12, .box_h = 13, .ofs_x = 1, .ofs_y = 0},
    {.bitmap_index = 31391, .adv_w = 189, .box_w = 12, .box_h = 13, .ofs_x = 0, .ofs_y = 0},
    {.bitmap_index = 31410, .adv_w = 219, .box_w = 15, .box_h = 18, .ofs_x = -1, .ofs_y = -5},
    {.bitmap_index = 31512, .adv_w = 309, .box_w = 18, .box_h = 23, .ofs_x = 1, .ofs_y = -5},
    {.bitmap_index = 31625, .adv_w = 208, .box_w = 13, .box_h = 13, .ofs_x = 0, .ofs_y = 0},
    {.bitmap_index = 31698, .adv_w = 265, .box_w = 14, .box_h = 17, .ofs_x = 2, .ofs_y = -4},
    {.bitmap_index = 31725, .adv_w = 234, .box_w = 12, .box_h = 13, .ofs_x = 1, .ofs_y = 0},
    {.bitmap_index = 31762, .adv_w = 361, .box_w = 19, .box_h = 13, .ofs_x = 2, .ofs_y = 0},
    {.bitmap_index = 31788, .adv_w = 361, .box_w = 21, .box_h = 16, .ofs_x = 2, .ofs_y = -3},
    {.bitmap_index = 31827, .adv_w = 245, .box_w = 15, .box_h = 13, .ofs_x = 0, .ofs_y = 0},
    {.bitmap_index = 31883, .adv_w = 310, .box_w = 16, .box_h = 13, .ofs_x = 2, .ofs_y = 0},
    {.bitmap_index = 31940, .adv_w = 221, .box_w = 12, .box_h = 13, .ofs_x = 2, .ofs_y = 0},
    {.bitmap_index = 31984, .adv_w = 221, .box_w = 13, .box_h = 13, .ofs_x = 0, .ofs_y = 0},
    {.bitmap_index = 32058, .adv_w = 336, .box_w = 18, .box_h = 13, .ofs_x = 2, .ofs_y = 0},
    {.bitmap_index = 32152, .adv_w = 235, .box_w = 12, .box_h = 13, .ofs_x = 1, .ofs_y = 0},
    {.bitmap_index = 32211, .adv_w = 241, .box_w = 13, .box_h = 18, .ofs_x = 1, .ofs_y = 0},
    {.bitmap_index = 32302, .adv_w = 241, .box_w = 13, .box_h = 17, .ofs_x = 1, .ofs_y = 0},
    {.bitmap_index = 32395, .adv_w = 259, .box_w = 16, .box_h = 23, .ofs_x = -1, .ofs_y = -5},
    {.bitmap_index = 32489, .adv_w = 187, .box_w = 10, .box_h = 18, .ofs_x = 2, .ofs_y = 0},
    {.bitmap_index = 32524, .adv_w = 222, .box_w = 13, .box_h = 13, .ofs_x = 1, .ofs_y = 0},
    {.bitmap_index = 32599, .adv_w = 206, .box_w = 11, .box_h = 13, .ofs_x = 1, .ofs_y = 0},
    {.bitmap_index = 32669, .adv_w = 109, .box_w = 4, .box_h = 19, .ofs_x = 1, .ofs_y = 0},
    {.bitmap_index = 32685, .adv_w = 107, .box_w = 7, .box_h = 17, .ofs_x = 0, .ofs_y = 0},
    {.bitmap_index = 32708, .adv_w = 109, .box_w = 8, .box_h = 24, .ofs_x = -3, .ofs_y = -5},
    {.bitmap_index = 32749, .adv_w = 359, .box_w = 22, .box_h = 13, .ofs_x = 0, .ofs_y = 0},
    {.bitmap_index = 32838, .adv_w = 366, .box_w = 21, .box_h = 13, .ofs_x = 2, .ofs_y = 0},
    {.bitmap_index = 32895, .adv_w = 259, .box_w = 16, .box_h = 19, .ofs_x = -1, .ofs_y = 0},
    {.bitmap_index = 32972, .adv_w = 230, .box_w = 13, .box_h = 18, .ofs_x = 2, .ofs_y = 0},
    {.bitmap_index = 33049, .adv_w = 266, .box_w = 13, .box_h = 18, .ofs_x = 2, .ofs_y = 0},
    {.bitmap_index = 33121, .adv_w = 219, .box_w = 15, .box_h = 23, .ofs_x = -1, .ofs_y = -5},
    {.bitmap_index = 33250, .adv_w = 248, .box_w = 12, .box_h = 16, .ofs_x = 2, .ofs_y = -3},
    {.bitmap_index = 33276, .adv_w = 311, .box_w = 19, .box_h = 18, .ofs_x = 0, .ofs_y = 0},
    {.bitmap_index = 33367, .adv_w = 235, .box_w = 14, .box_h = 18, .ofs_x = 0, .ofs_y = 0},
    {.bitmap_index = 33435, .adv_w = 346, .box_w = 22, .box_h = 17, .ofs_x = 0, .ofs_y = 0},
    {.bitmap_index = 33571, .adv_w = 270, .box_w = 17, .box_h = 13, .ofs_x = 0, .ofs_y = 0},
    {.bitmap_index = 33660, .adv_w = 326, .box_w = 19, .box_h = 17, .ofs_x = 1, .ofs_y = 0},
    {.bitmap_index = 33789, .adv_w = 250, .box_w = 14, .box_h = 13, .ofs_x = 1, .ofs_y = 0},
    {.bitmap_index = 33868, .adv_w = 292, .box_w = 18, .box_h = 17, .ofs_x = 0, .ofs_y = 0},
    {.bitmap_index = 33979, .adv_w = 229, .box_w = 15, .box_h = 13, .ofs_x = 0, .ofs_y = 0},
    {.bitmap_index = 34056, .adv_w = 327, .box_w = 18, .box_h = 26, .ofs_x = 2, .ofs_y = -4},
    {.bitmap_index = 34200, .adv_w = 275, .box_w = 15, .box_h = 21, .ofs_x = 2, .ofs_y = -3},
    {.bitmap_index = 34302, .adv_w = 284, .box_w = 17, .box_h = 18, .ofs_x = 0, .ofs_y = 0},
    {.bitmap_index = 34391, .adv_w = 233, .box_w = 14, .box_h = 13, .ofs_x = 0, .ofs_y = 0},
    {.bitmap_index = 34455, .adv_w = 281, .box_w = 15, .box_h = 17, .ofs_x = 2, .ofs_y = 0},
    {.bitmap_index = 34543, .adv_w = 268, .box_w = 14, .box_h = 18, .ofs_x = 2, .ofs_y = -5},
    {.bitmap_index = 34643, .adv_w = 223, .box_w = 12, .box_h = 21, .ofs_x = 2, .ofs_y = 0},
    {.bitmap_index = 34673, .adv_w = 179, .box_w = 10, .box_h = 16, .ofs_x = 2, .ofs_y = 0},
    {.bitmap_index = 34696, .adv_w = 237, .box_w = 15, .box_h = 17, .ofs_x = 0, .ofs_y = 0},
    {.bitmap_index = 34738, .adv_w = 198, .box_w = 11, .box_h = 13, .ofs_x = 1, .ofs_y = 0},
    {.bitmap_index = 34766, .adv_w = 270, .box_w = 14, .box_h = 21, .ofs_x = 2, .ofs_y = -4},
    {.bitmap_index = 34853, .adv_w = 231, .box_w = 12, .box_h = 18, .ofs_x = 2, .ofs_y = -5},
    {.bitmap_index = 34922, .adv_w = 410, .box_w = 26, .box_h = 21, .ofs_x = 0, .ofs_y = -4},
    {.bitmap_index = 35086, .adv_w = 339, .box_w = 22, .box_h = 16, .ofs_x = 0, .ofs_y = -3},
    {.bitmap_index = 35203, .adv_w = 247, .box_w = 15, .box_h = 21, .ofs_x = 0, .ofs_y = -4},
    {.bitmap_index = 35316, .adv_w = 209, .box_w = 12, .box_h = 16, .ofs_x = 0, .ofs_y = -3},
    {.bitmap_index = 35398, .adv_w = 290, .box_w = 16, .box_h = 21, .ofs_x = 2, .ofs_y = -4},
    {.bitmap_index = 35493, .adv_w = 230, .box_w = 14, .box_h = 16, .ofs_x = 2, .ofs_y = -3},
    {.bitmap_index = 35561, .adv_w = 284, .box_w = 16, .box_h = 17, .ofs_x = 2, .ofs_y = 0},
    {.bitmap_index = 35652, .adv_w = 236, .box_w = 13, .box_h = 13, .ofs_x = 2, .ofs_y = 0},
    {.bitmap_index = 35712, .adv_w = 281, .box_w = 18, .box_h = 17, .ofs_x = 0, .ofs_y = 0},
    {.bitmap_index = 35815, .adv_w = 229, .box_w = 15, .box_h = 19, .ofs_x = 0, .ofs_y = 0},
    {.bitmap_index = 35899, .adv_w = 318, .box_w = 20, .box_h = 17, .ofs_x = 0, .ofs_y = 0},
    {.bitmap_index = 35997, .adv_w = 257, .box_w = 16, .box_h = 13, .ofs_x = 0, .ofs_y = 0},
    {.bitmap_index = 36064, .adv_w = 325, .box_w = 18, .box_h = 21, .ofs_x = 2, .ofs_y = -4},
    {.bitmap_index = 36113, .adv_w = 270, .box_w = 15, .box_h = 16, .ofs_x = 2, .ofs_y = -3},
    {.bitmap_index = 36154, .adv_w = 417, .box_w = 24, .box_h = 17, .ofs_x = 2, .ofs_y = 0},
    {.bitmap_index = 36198, .adv_w = 340, .box_w = 20, .box_h = 13, .ofs_x = 2, .ofs_y = 0},
    {.bitmap_index = 36228, .adv_w = 459, .box_w = 26, .box_h = 21, .ofs_x = 2, .ofs_y = -4},
    {.bitmap_index = 36340, .adv_w = 375, .box_w = 21, .box_h = 18, .ofs_x = 2, .ofs_y = -5},
    {.bitmap_index = 36429, .adv_w = 374, .box_w = 21, .box_h = 17, .ofs_x = 1, .ofs_y = 0},
    {.bitmap_index = 36588, .adv_w = 310, .box_w = 17, .box_h = 13, .ofs_x = 1, .ofs_y = 0},
    {.bitmap_index = 36696, .adv_w = 276, .box_w = 16, .box_h = 21, .ofs_x = 1, .ofs_y = -4},
    {.bitmap_index = 36814, .adv_w = 219, .box_w = 12, .box_h = 16, .ofs_x = 1, .ofs_y = -3},
    {.bitmap_index = 36891, .adv_w = 232, .box_w = 15, .box_h = 21, .ofs_x = 0, .ofs_y = -4},
    {.bitmap_index = 36934, .adv_w = 189, .box_w = 12, .box_h = 16, .ofs_x = 0, .ofs_y = -3},
    {.bitmap_index = 36966, .adv_w = 256, .box_w = 16, .box_h = 17, .ofs_x = 0, .ofs_y = 0},
    {.bitmap_index = 37043, .adv_w = 220, .box_w = 14, .box_h = 18, .ofs_x = 0, .ofs_y = -5},
    {.bitmap_index = 37123, .adv_w = 248, .box_w = 17, .box_h = 17, .ofs_x = -1, .ofs_y = 0},
    {.bitmap_index = 37211, .adv_w = 220, .box_w = 14, .box_h = 18, .ofs_x = 0, .ofs_y = -5},
    {.bitmap_index = 37300, .adv_w = 271, .box_w = 17, .box_h = 21, .ofs_x = 0, .ofs_y = -4},
    {.bitmap_index = 37425, .adv_w = 208, .box_w = 14, .box_h = 16, .ofs_x = 0, .ofs_y = -3},
    {.bitmap_index = 37510, .adv_w = 374, .box_w = 23, .box_h = 21, .ofs_x = 0, .ofs_y = -4},
    {.bitmap_index = 37569, .adv_w = 296, .box_w = 18, .box_h = 16, .ofs_x = 0, .ofs_y = -3},
    {.bitmap_index = 37611, .adv_w = 293, .box_w = 17, .box_h = 21, .ofs_x = 1, .ofs_y = -4},
    {.bitmap_index = 37682, .adv_w = 243, .box_w = 14, .box_h = 16, .ofs_x = 1, .ofs_y = -3},
    {.bitmap_index = 37735, .adv_w = 283, .box_w = 15, .box_h = 17, .ofs_x = 1, .ofs_y = 0},
    {.bitmap_index = 37797, .adv_w = 234, .box_w = 13, .box_h = 13, .ofs_x = 0, .ofs_y = 0},
    {.bitmap_index = 37844, .adv_w = 283, .box_w = 15, .box_h = 17, .ofs_x = 2, .ofs_y = 0},
    {.bitmap_index = 37895, .adv_w = 259, .box_w = 13, .box_h = 19, .ofs_x = 2, .ofs_y = 0},
    {.bitmap_index = 37944, .adv_w = 380, .box_w = 23, .box_h = 17, .ofs_x = 0, .ofs_y = 0},
    {.bitmap_index = 38085, .adv_w = 296, .box_w = 18, .box_h = 13, .ofs_x = 0, .ofs_y = 0},
    {.bitmap_index = 38180, .adv_w = 380, .box_w = 23, .box_h = 21, .ofs_x = 0, .ofs_y = -4},
    {.bitmap_index = 38334, .adv_w = 296, .box_w = 18, .box_h = 16, .ofs_x = 0, .ofs_y = -3},
    {.bitmap_index = 38440, .adv_w = 122, .box_w = 4, .box_h = 17, .ofs_x = 2, .ofs_y = 0},
    {.bitmap_index = 38445, .adv_w = 395, .box_w = 25, .box_h = 22, .ofs_x = 0, .ofs_y = 0},
    {.bitmap_index = 38629, .adv_w = 326, .box_w = 21, .box_h = 18, .ofs_x = 0, .ofs_y = 0},
    {.bitmap_index = 38763, .adv_w = 274, .box_w = 15, .box_h = 22, .ofs_x = 2, .ofs_y = -5},
    {.bitmap_index = 38867, .adv_w = 230, .box_w = 12, .box_h = 18, .ofs_x = 2, .ofs_y = -5},
    {.bitmap_index = 38945, .adv_w = 255, .box_w = 16, .box_h = 16, .ofs_x = 0, .ofs_y = -3},
    {.bitmap_index = 39021, .adv_w = 313, .box_w = 15, .box_h = 22, .ofs_x = 2, .ofs_y = -5},
    {.bitmap_index = 39074, .adv_w = 264, .box_w = 13, .box_h = 18, .ofs_x = 2, .ofs_y = -5},
    {.bitmap_index = 39117, .adv_w = 326, .box_w = 18, .box_h = 21, .ofs_x = 2, .ofs_y = -4},
    {.bitmap_index = 39174, .adv_w = 270, .box_w = 15, .box_h = 16, .ofs_x = 2, .ofs_y = -3},
    {.bitmap_index = 39216, .adv_w = 281, .box_w = 14, .box_h = 21, .ofs_x = 1, .ofs_y = -4},
    {.bitmap_index = 39281, .adv_w = 233, .box_w = 13, .box_h = 16, .ofs_x = 0, .ofs_y = -3},
    {.bitmap_index = 39335, .adv_w = 384, .box_w = 22, .box_h = 21, .ofs_x = 2, .ofs_y = -4},
    {.bitmap_index = 39469, .adv_w = 318, .box_w = 18, .box_h = 16, .ofs_x = 2, .ofs_y = -3},
    {.bitmap_index = 39564, .adv_w = 109, .box_w = 3, .box_h = 19, .ofs_x = 2, .ofs_y = 0},
    {.bitmap_index = 39570, .adv_w = 291, .box_w = 18, .box_h = 22, .ofs_x = 0, .ofs_y = 0},
    {.bitmap_index = 39710, .adv_w = 226, .box_w = 12, .box_h = 18, .ofs_x = 1, .ofs_y = 0},
    {.bitmap_index = 39806, .adv_w = 291, .box_w = 18, .box_h = 22, .ofs_x = 0, .ofs_y = 0},
    {.bitmap_index = 39940, .adv_w = 226, .box_w = 12, .box_h = 17, .ofs_x = 1, .ofs_y = 0},
    {.bitmap_index = 40033, .adv_w = 402, .box_w = 24, .box_h = 17, .ofs_x = 0, .ofs_y = 0},
    {.bitmap_index = 40140, .adv_w = 382, .box_w = 22, .box_h = 13, .ofs_x = 1, .ofs_y = 0},
    {.bitmap_index = 40269, .adv_w = 255, .box_w = 13, .box_h = 22, .ofs_x = 2, .ofs_y = 0},
    {.bitmap_index = 40339, .adv_w = 241, .box_w = 13, .box_h = 18, .ofs_x = 1, .ofs_y = 0},
    {.bitmap_index = 40437, .adv_w = 316, .box_w = 19, .box_h = 17, .ofs_x = 0, .ofs_y = 0},
    {.bitmap_index = 40559, .adv_w = 241, .box_w = 14, .box_h = 13, .ofs_x = 1, .ofs_y = 0},
    {.bitmap_index = 40637, .adv_w = 316, .box_w = 19, .box_h = 22, .ofs_x = 0, .ofs_y = 0},
    {.bitmap_index = 40786, .adv_w = 241, .box_w = 14, .box_h = 17, .ofs_x = 1, .ofs_y = 0},
    {.bitmap_index = 40885, .adv_w = 395, .box_w = 25, .box_h = 22, .ofs_x = 0, .ofs_y = 0},
    {.bitmap_index = 41061, .adv_w = 326, .box_w = 21, .box_h = 17, .ofs_x = 0, .ofs_y = 0},
    {.bitmap_index = 41191, .adv_w = 247, .box_w = 15, .box_h = 22, .ofs_x = 0, .ofs_y = 0},
    {.bitmap_index = 41317, .adv_w = 209, .box_w = 12, .box_h = 17, .ofs_x = 0, .ofs_y = 0},
    {.bitmap_index = 41410, .adv_w = 239, .box_w = 14, .box_h = 17, .ofs_x = 0, .ofs_y = 0},
    {.bitmap_index = 41498, .adv_w = 202, .box_w = 13, .box_h = 18, .ofs_x = -1, .ofs_y = -5},
    {.bitmap_index = 41584, .adv_w = 316, .box_w = 16, .box_h = 22, .ofs_x = 2, .ofs_y = 0},
    {.bitmap_index = 41682, .adv_w = 266, .box_w = 13, .box_h = 17, .ofs_x = 2, .ofs_y = 0},
    {.bitmap_index = 41749, .adv_w = 316, .box_w = 16, .box_h = 22, .ofs_x = 2, .ofs_y = 0},
    {.bitmap_index = 41854, .adv_w = 266, .box_w = 13, .box_h = 17, .ofs_x = 2, .ofs_y = 0},
    {.bitmap_index = 41929, .adv_w = 326, .box_w = 19, .box_h = 22, .ofs_x = 1, .ofs_y = 0},
    {.bitmap_index = 42084, .adv_w = 246, .box_w = 14, .box_h = 17, .ofs_x = 1, .ofs_y = 0},
    {.bitmap_index = 42186, .adv_w = 326, .box_w = 19, .box_h = 17, .ofs_x = 1, .ofs_y = 0},
    {.bitmap_index = 42315, .adv_w = 250, .box_w = 14, .box_h = 13, .ofs_x = 1, .ofs_y = 0},
    {.bitmap_index = 42394, .adv_w = 326, .box_w = 19, .box_h = 22, .ofs_x = 1, .ofs_y = 0},
    {.bitmap_index = 42549, .adv_w = 250, .box_w = 14, .box_h = 17, .ofs_x = 1, .ofs_y = 0},
    {.bitmap_index = 42650, .adv_w = 271, .box_w = 16, .box_h = 22, .ofs_x = 0, .ofs_y = 0},
    {.bitmap_index = 42784, .adv_w = 221, .box_w = 13, .box_h = 17, .ofs_x = 0, .ofs_y = 0},
    {.bitmap_index = 42880, .adv_w = 265, .box_w = 17, .box_h = 22, .ofs_x = 0, .ofs_y = 0},
    {.bitmap_index = 43005, .adv_w = 219, .box_w = 15, .box_h = 22, .ofs_x = -1, .ofs_y = -5},
    {.bitmap_index = 43122, .adv_w = 265, .box_w = 17, .box_h = 22, .ofs_x = 0, .ofs_y = 0},
    {.bitmap_index = 43253, .adv_w = 219, .box_w = 15, .box_h = 22, .ofs_x = -1, .ofs_y = -5},
    {.bitmap_index = 43377, .adv_w = 265, .box_w = 17, .box_h = 22, .ofs_x = 0, .ofs_y = 0},
    {.bitmap_index = 43512, .adv_w = 219, .box_w = 15, .box_h = 23, .ofs_x = -1, .ofs_y = -5},
    {.bitmap_index = 43643, .adv_w = 283, .box_w = 15, .box_h = 22, .ofs_x = 1, .ofs_y = 0},
    {.bitmap_index = 43718, .adv_w = 234, .box_w = 12, .box_h = 17, .ofs_x = 1, .ofs_y = 0},
    {.bitmap_index = 43776, .adv_w = 222, .box_w = 12, .box_h = 21, .ofs_x = 2, .ofs_y = -4},
    {.bitmap_index = 43812, .adv_w = 187, .box_w = 10, .box_h = 16, .ofs_x = 2, .ofs_y = -3},
    {.bitmap_index = 43840, .adv_w = 381, .box_w = 20, .box_h = 22, .ofs_x = 2, .ofs_y = 0},
    {.bitmap_index = 43947, .adv_w = 310, .box_w = 16, .box_h = 17, .ofs_x = 2, .ofs_y = 0},
    {.bitmap_index = 44028, .adv_w = 238, .box_w = 15, .box_h = 22, .ofs_x = 0, .ofs_y = -5},
    {.bitmap_index = 44100, .adv_w = 189, .box_w = 12, .box_h = 18, .ofs_x = 0, .ofs_y = -5},
    {.bitmap_index = 44161, .adv_w = 258, .box_w = 16, .box_h = 22, .ofs_x = 0, .ofs_y = -5},
    {.bitmap_index = 44297, .adv_w = 208, .box_w = 13, .box_h = 18, .ofs_x = 0, .ofs_y = -5},
    {.bitmap_index = 44396, .adv_w = 263, .box_w = 16, .box_h = 17, .ofs_x = 0, .ofs_y = 0},
    {.bitmap_index = 44509, .adv_w = 218, .box_w = 14, .box_h = 13, .ofs_x = 0, .ofs_y = 0},
    {.bitmap_index = 44590, .adv_w = 439, .box_w = 28, .box_h = 7, .ofs_x = 0, .ofs_y = -3},
    {.bitmap_index = 44627, .adv_w = 510, .box_w = 32, .box_h = 7, .ofs_x = 0, .ofs_y = -7},
    {.bitmap_index = 44680, .adv_w = 416, .box_w = 26, .box_h = 6, .ofs_x = 0, .ofs_y = -3},
    {.bitmap_index = 44719, .adv_w = 502, .box_w = 31, .box_h = 5, .ofs_x = 0, .ofs_y = -4},
    {.bitmap_index = 44759, .adv_w = 809, .box_w = 50, .box_h = 15, .ofs_x = 0, .ofs_y = -4},
    {.bitmap_index = 44929, .adv_w = 471, .box_w = 29, .box_h = 5, .ofs_x = 0, .ofs_y = 13},
    {.bitmap_index = 44992, .adv_w = 239, .box_w = 15, .box_h = 18, .ofs_x = 0, .ofs_y = -1},
    {.bitmap_index = 45098, .adv_w = 239, .box_w = 15, .box_h = 18, .ofs_x = 0, .ofs_y = -1},
    {.bitmap_index = 45199, .adv_w = 426, .box_w = 27, .box_h = 17, .ofs_x = 0, .ofs_y = -7},
    {.bitmap_index = 45360, .adv_w = 249, .box_w = 14, .box_h = 18, .ofs_x = 1, .ofs_y = -1},
    {.bitmap_index = 45455, .adv_w = 320, .box_w = 19, .box_h = 18, .ofs_x = 1, .ofs_y = -1},
    {.bitmap_index = 45574, .adv_w = 172, .box_w = 10, .box_h = 23, .ofs_x = 0, .ofs_y = -6},
    {.bitmap_index = 45663, .adv_w = 126, .box_w = 4, .box_h = 6, .ofs_x = 2, .ofs_y = 0},
    {.bitmap_index = 45676, .adv_w = 140, .box_w = 7, .box_h = 9, .ofs_x = 0, .ofs_y = -5},
    {.bitmap_index = 45705, .adv_w = 347, .box_w = 22, .box_h = 8, .ofs_x = 0, .ofs_y = 0},
    {.bitmap_index = 45773, .adv_w = 200, .box_w = 16, .box_h = 22, .ofs_x = -1, .ofs_y = -7},
    {.bitmap_index = 45917, .adv_w = 0, .box_w = 8, .box_h = 8, .ofs_x = 0, .ofs_y = 13},
    {.bitmap_index = 45946, .adv_w = 0, .box_w = 8, .box_h = 6, .ofs_x = 0, .ofs_y = 14},
    {.bitmap_index = 45970, .adv_w = 0, .box_w = 8, .box_h = 7, .ofs_x = 0, .ofs_y = 14},
    {.bitmap_index = 45997, .adv_w = 0, .box_w = 10, .box_h = 7, .ofs_x = 0, .ofs_y = 14},
    {.bitmap_index = 46032, .adv_w = 0, .box_w = 11, .box_h = 4, .ofs_x = 0, .ofs_y = 14},
    {.bitmap_index = 46051, .adv_w = 0, .box_w = 7, .box_h = 7, .ofs_x = 0, .ofs_y = 13},
    {.bitmap_index = 46073, .adv_w = 0, .box_w = 10, .box_h = 9, .ofs_x = 0, .ofs_y = 13},
    {.bitmap_index = 46113, .adv_w = 0, .box_w = 5, .box_h = 8, .ofs_x = 0, .ofs_y = 13},
    {.bitmap_index = 46132, .adv_w = 0, .box_w = 5, .box_h = 4, .ofs_x = 0, .ofs_y = 13},
    {.bitmap_index = 46142, .adv_w = 0, .box_w = 5, .box_h = 7, .ofs_x = 0, .ofs_y = 13},
    {.bitmap_index = 46159, .adv_w = 0, .box_w = 5, .box_h = 3, .ofs_x = 0, .ofs_y = -5},
    {.bitmap_index = 46167, .adv_w = 132, .box_w = 5, .box_h = 12, .ofs_x = 1, .ofs_y = 0},
    {.bitmap_index = 46197, .adv_w = 230, .box_w = 0, .box_h = 0, .ofs_x = 0, .ofs_y = 0},
    {.bitmap_index = 46197, .adv_w = 111, .box_w = 7, .box_h = 5, .ofs_x = 0, .ofs_y = 0},
    {.bitmap_index = 46214, .adv_w = 167, .box_w = 10, .box_h = 17, .ofs_x = 0, .ofs_y = 0},
    {.bitmap_index = 46280, .adv_w = 292, .box_w = 18, .box_h = 21, .ofs_x = 0, .ofs_y = -7},
    {.bitmap_index = 46418, .adv_w = 158, .box_w = 10, .box_h = 11, .ofs_x = 0, .ofs_y = -2},
    {.bitmap_index = 46467, .adv_w = 90, .box_w = 9, .box_h = 21, .ofs_x = -2, .ofs_y = 0},
    {.bitmap_index = 46519, .adv_w = 90, .box_w = 5, .box_h = 24, .ofs_x = 0, .ofs_y = 0},
    {.bitmap_index = 46564, .adv_w = 172, .box_w = 10, .box_h = 24, .ofs_x = 0, .ofs_y = -6},
    {.bitmap_index = 46661, .adv_w = 91, .box_w = 5, .box_h = 24, .ofs_x = 1, .ofs_y = -7},
    {.bitmap_index = 46705, .adv_w = 292, .box_w = 18, .box_h = 18, .ofs_x = 0, .ofs_y = -6},
    {.bitmap_index = 46834, .adv_w = 91, .box_w = 4, .box_h = 18, .ofs_x = 1, .ofs_y = -1},
    {.bitmap_index = 46859, .adv_w = 381, .box_w = 23, .box_h = 16, .ofs_x = 0, .ofs_y = -5},
    {.bitmap_index = 46956, .adv_w = 156, .box_w = 9, .box_h = 16, .ofs_x = 0, .ofs_y = 0},
    {.bitmap_index = 47023, .adv_w = 381, .box_w = 23, .box_h = 13, .ofs_x = 0, .ofs_y = 0},
    {.bitmap_index = 47118, .adv_w = 381, .box_w = 23, .box_h = 15, .ofs_x = 0, .ofs_y = 0},
    {.bitmap_index = 47223, .adv_w = 245, .box_w = 15, .box_h = 18, .ofs_x = 0, .ofs_y = -6},
    {.bitmap_index = 47333, .adv_w = 245, .box_w = 15, .box_h = 18, .ofs_x = 0, .ofs_y = -6},
    {.bitmap_index = 47438, .adv_w = 245, .box_w = 15, .box_h = 23, .ofs_x = 0, .ofs_y = -6},
    {.bitmap_index = 47562, .adv_w = 183, .box_w = 11, .box_h = 12, .ofs_x = 0, .ofs_y = 0},
    {.bitmap_index = 47610, .adv_w = 183, .box_w = 11, .box_h = 16, .ofs_x = 0, .ofs_y = 0},
    {.bitmap_index = 47672, .adv_w = 141, .box_w = 9, .box_h = 15, .ofs_x = -1, .ofs_y = -6},
    {.bitmap_index = 47723, .adv_w = 141, .box_w = 9, .box_h = 20, .ofs_x = -1, .ofs_y = -6},
    {.bitmap_index = 47788, .adv_w = 464, .box_w = 28, .box_h = 15, .ofs_x = 0, .ofs_y = -5},
    {.bitmap_index = 47928, .adv_w = 464, .box_w = 28, .box_h = 21, .ofs_x = 0, .ofs_y = -5},
    {.bitmap_index = 48104, .adv_w = 502, .box_w = 31, .box_h = 14, .ofs_x = 0, .ofs_y = -5},
    {.bitmap_index = 48254, .adv_w = 502, .box_w = 31, .box_h = 19, .ofs_x = 0, .ofs_y = -5},
    {.bitmap_index = 48422, .adv_w = 303, .box_w = 18, .box_h = 17, .ofs_x = 0, .ofs_y = 0},
    {.bitmap_index = 48522, .adv_w = 303, .box_w = 18, .box_h = 17, .ofs_x = 0, .ofs_y = 0},
    {.bitmap_index = 48629, .adv_w = 233, .box_w = 14, .box_h = 20, .ofs_x = 0, .ofs_y = -6},
    {.bitmap_index = 48734, .adv_w = 233, .box_w = 14, .box_h = 25, .ofs_x = 0, .ofs_y = -6},
    {.bitmap_index = 48856, .adv_w = 337, .box_w = 22, .box_h = 21, .ofs_x = 0, .ofs_y = 0},
    {.bitmap_index = 49004, .adv_w = 337, .box_w = 22, .box_h = 24, .ofs_x = 0, .ofs_y = -6},
    {.bitmap_index = 49167, .adv_w = 292, .box_w = 18, .box_h = 18, .ofs_x = 0, .ofs_y = -6},
    {.bitmap_index = 49299, .adv_w = 292, .box_w = 18, .box_h = 16, .ofs_x = 0, .ofs_y = -6},
    {.bitmap_index = 49419, .adv_w = 292, .box_w = 18, .box_h = 17, .ofs_x = 0, .ofs_y = -6},
    {.bitmap_index = 49546, .adv_w = 115, .box_w = 9, .box_h = 2, .ofs_x = 0, .ofs_y = 0},
    {.bitmap_index = 49553, .adv_w = 377, .box_w = 23, .box_h = 17, .ofs_x = 0, .ofs_y = 0},
    {.bitmap_index = 49667, .adv_w = 297, .box_w = 18, .box_h = 20, .ofs_x = 0, .ofs_y = -5},
    {.bitmap_index = 49799, .adv_w = 339, .box_w = 20, .box_h = 17, .ofs_x = 0, .ofs_y = 0},
    {.bitmap_index = 49915, .adv_w = 267, .box_w = 16, .box_h = 23, .ofs_x = 0, .ofs_y = -6},
    {.bitmap_index = 50017, .adv_w = 186, .box_w = 11, .box_h = 16, .ofs_x = 0, .ofs_y = -7},
    {.bitmap_index = 50090, .adv_w = 263, .box_w = 16, .box_h = 18, .ofs_x = 0, .ofs_y = -6},
    {.bitmap_index = 50186, .adv_w = 156, .box_w = 9, .box_h = 12, .ofs_x = 0, .ofs_y = 0},
    {.bitmap_index = 50235, .adv_w = 172, .box_w = 10, .box_h = 14, .ofs_x = 0, .ofs_y = -6},
    {.bitmap_index = 50301, .adv_w = 292, .box_w = 18, .box_h = 16, .ofs_x = 0, .ofs_y = -6},
    {.bitmap_index = 50411, .adv_w = 292, .box_w = 18, .box_h = 19, .ofs_x = 0, .ofs_y = -6},
    {.bitmap_index = 50540, .adv_w = 0, .box_w = 7, .box_h = 6, .ofs_x = 0, .ofs_y = 14},
    {.bitmap_index = 50561, .adv_w = 0, .box_w = 8, .box_h = 7, .ofs_x = 0, .ofs_y = 14},
    {.bitmap_index = 50587, .adv_w = 0, .box_w = 7, .box_h = 6, .ofs_x = 0, .ofs_y = -7},
    {.bitmap_index = 50607, .adv_w = 0, .box_w = 7, .box_h = 4, .ofs_x = 0, .ofs_y = 14},
    {.bitmap_index = 50621, .adv_w = 0, .box_w = 7, .box_h = 7, .ofs_x = 0, .ofs_y = 14},
    {.bitmap_index = 50644, .adv_w = 0, .box_w = 7, .box_h = 4, .ofs_x = 0, .ofs_y = -4},
    {.bitmap_index = 50656, .adv_w = 0, .box_w = 8, .box_h = 6, .ofs_x = 0, .ofs_y = 13},
    {.bitmap_index = 50680, .adv_w = 0, .box_w = 5, .box_h = 6, .ofs_x = 0, .ofs_y = 14},
    {.bitmap_index = 50694, .adv_w = 0, .box_w = 8, .box_h = 4, .ofs_x = 0, .ofs_y = 14},
    {.bitmap_index = 50710, .adv_w = 0, .box_w = 6, .box_h = 7, .ofs_x = 0, .ofs_y = 14},
    {.bitmap_index = 50730, .adv_w = 0, .box_w = 6, .box_h = 7, .ofs_x = 0, .ofs_y = -2},
    {.bitmap_index = 50750, .adv_w = 0, .box_w = 2, .box_h = 5, .ofs_x = 1, .ofs_y = -5},
    {.bitmap_index = 50756, .adv_w = 0, .box_w = 7, .box_h = 7, .ofs_x = 0, .ofs_y = 13},
    {.bitmap_index = 50779, .adv_w = 0, .box_w = 6, .box_h = 5, .ofs_x = 0, .ofs_y = 13},
    {.bitmap_index = 50794, .adv_w = 0, .box_w = 7, .box_h = 2, .ofs_x = 0, .ofs_y = 14},
    {.bitmap_index = 50799, .adv_w = 0, .box_w = 6, .box_h = 6, .ofs_x = 0, .ofs_y = 13},
    {.bitmap_index = 50818, .adv_w = 0, .box_w = 6, .box_h = 6, .ofs_x = 0, .ofs_y = 13},
    {.bitmap_index = 50836, .adv_w = 0, .box_w = 4, .box_h = 4, .ofs_x = 0, .ofs_y = -5},
    {.bitmap_index = 50844, .adv_w = 0, .box_w = 7, .box_h = 7, .ofs_x = 1, .ofs_y = 14},
    {.bitmap_index = 50867, .adv_w = 0, .box_w = 7, .box_h = 6, .ofs_x = 0, .ofs_y = 14},
    {.bitmap_index = 50889, .adv_w = 0, .box_w = 8, .box_h = 7, .ofs_x = 0, .ofs_y = -8},
    {.bitmap_index = 50914, .adv_w = 113, .box_w = 5, .box_h = 5, .ofs_x = 1, .ofs_y = 4},
    {.bitmap_index = 50927, .adv_w = 108, .box_w = 5, .box_h = 18, .ofs_x = 1, .ofs_y = -1},
    {.bitmap_index = 50972, .adv_w = 187, .box_w = 10, .box_h = 18, .ofs_x = 1, .ofs_y = -1},
    {.bitmap_index = 51040, .adv_w = 224, .box_w = 13, .box_h = 18, .ofs_x = 1, .ofs_y = -1},
    {.bitmap_index = 51126, .adv_w = 184, .box_w = 11, .box_h = 17, .ofs_x = 1, .ofs_y = 0},
    {.bitmap_index = 51200, .adv_w = 204, .box_w = 11, .box_h = 12, .ofs_x = 1, .ofs_y = 0},
    {.bitmap_index = 51262, .adv_w = 194, .box_w = 11, .box_h = 17, .ofs_x = 0, .ofs_y = 0},
    {.bitmap_index = 51326, .adv_w = 222, .box_w = 14, .box_h = 18, .ofs_x = 0, .ofs_y = -1},
    {.bitmap_index = 51422, .adv_w = 221, .box_w = 14, .box_h = 18, .ofs_x = 0, .ofs_y = -1},
    {.bitmap_index = 51516, .adv_w = 189, .box_w = 11, .box_h = 17, .ofs_x = 0, .ofs_y = 0},
    {.bitmap_index = 51592, .adv_w = 182, .box_w = 10, .box_h = 18, .ofs_x = 1, .ofs_y = -1},
    {.bitmap_index = 51670, .adv_w = 94, .box_w = 4, .box_h = 7, .ofs_x = 1, .ofs_y = -4},
    {.bitmap_index = 51685, .adv_w = 94, .box_w = 4, .box_h = 7, .ofs_x = 1, .ofs_y = 0},
    {.bitmap_index = 51700, .adv_w = 191, .box_w = 12, .box_h = 12, .ofs_x = 0, .ofs_y = 0},
    {.bitmap_index = 51752, .adv_w = 381, .box_w = 23, .box_h = 11, .ofs_x = 0, .ofs_y = 0},
    {.bitmap_index = 51826, .adv_w = 297, .box_w = 18, .box_h = 15, .ofs_x = 0, .ofs_y = -5},
    {.bitmap_index = 51934, .adv_w = 0, .box_w = 2, .box_h = 5, .ofs_x = 1, .ofs_y = 14},
    {.bitmap_index = 51940, .adv_w = 90, .box_w = 8, .box_h = 23, .ofs_x = -1, .ofs_y = 0},
    {.bitmap_index = 51997, .adv_w = 90, .box_w = 8, .box_h = 24, .ofs_x = -2, .ofs_y = 0},
    {.bitmap_index = 52056, .adv_w = 91, .box_w = 8, .box_h = 24, .ofs_x = -2, .ofs_y = -7},
    {.bitmap_index = 52116, .adv_w = 75, .box_w = 5, .box_h = 7, .ofs_x = 0, .ofs_y = 14},
    {.bitmap_index = 52133, .adv_w = 154, .box_w = 9, .box_h = 21, .ofs_x = 1, .ofs_y = -1},
    {.bitmap_index = 52189, .adv_w = 172, .box_w = 12, .box_h = 22, .ofs_x = 0, .ofs_y = -6},
    {.bitmap_index = 52291, .adv_w = 229, .box_w = 14, .box_h = 23, .ofs_x = 0, .ofs_y = -6},
    {.bitmap_index = 52415, .adv_w = 327, .box_w = 21, .box_h = 25, .ofs_x = 0, .ofs_y = -6},
    {.bitmap_index = 52572, .adv_w = 381, .box_w = 23, .box_h = 17, .ofs_x = 0, .ofs_y = 0},
    {.bitmap_index = 52688, .adv_w = 381, .box_w = 23, .box_h = 16, .ofs_x = 0, .ofs_y = 0},
    {.bitmap_index = 52791, .adv_w = 381, .box_w = 23, .box_h = 17, .ofs_x = 0, .ofs_y = -6},
    {.bitmap_index = 52889, .adv_w = 381, .box_w = 23, .box_h = 17, .ofs_x = 0, .ofs_y = -4},
    {.bitmap_index = 53006, .adv_w = 381, .box_w = 23, .box_h = 15, .ofs_x = 0, .ofs_y = 0},
    {.bitmap_index = 53111, .adv_w = 381, .box_w = 23, .box_h = 17, .ofs_x = 0, .ofs_y = -6},
    {.bitmap_index = 53223, .adv_w = 381, .box_w = 23, .box_h = 16, .ofs_x = 0, .ofs_y = 0},
    {.bitmap_index = 53337, .adv_w = 381, .box_w = 23, .box_h = 17, .ofs_x = 0, .ofs_y = -6},
    {.bitmap_index = 53451, .adv_w = 245, .box_w = 15, .box_h = 28, .ofs_x = 0, .ofs_y = -6},
    {.bitmap_index = 53591, .adv_w = 245, .box_w = 15, .box_h = 26, .ofs_x = 0, .ofs_y = -6},
    {.bitmap_index = 53729, .adv_w = 253, .box_w = 15, .box_h = 18, .ofs_x = 0, .ofs_y = -6},
    {.bitmap_index = 53843, .adv_w = 245, .box_w = 15, .box_h = 18, .ofs_x = 0, .ofs_y = -6},
    {.bitmap_index = 53958, .adv_w = 245, .box_w = 15, .box_h = 26, .ofs_x = 0, .ofs_y = -6},
    {.bitmap_index = 54098, .adv_w = 253, .box_w = 15, .box_h = 18, .ofs_x = 0, .ofs_y = -6},
    {.bitmap_index = 54214, .adv_w = 253, .box_w = 15, .box_h = 18, .ofs_x = 0, .ofs_y = -6},
    {.bitmap_index = 54336, .adv_w = 183, .box_w = 11, .box_h = 21, .ofs_x = 0, .ofs_y = 0},
    {.bitmap_index = 54417, .adv_w = 183, .box_w = 11, .box_h = 16, .ofs_x = 0, .ofs_y = -4},
    {.bitmap_index = 54480, .adv_w = 183, .box_w = 11, .box_h = 17, .ofs_x = 0, .ofs_y = -5},
    {.bitmap_index = 54546, .adv_w = 183, .box_w = 11, .box_h = 26, .ofs_x = 0, .ofs_y = -5},
    {.bitmap_index = 54645, .adv_w = 183, .box_w = 11, .box_h = 16, .ofs_x = 0, .ofs_y = 0},
    {.bitmap_index = 54711, .adv_w = 183, .box_w = 11, .box_h = 17, .ofs_x = 0, .ofs_y = -5},
    {.bitmap_index = 54782, .adv_w = 183, .box_w = 11, .box_h = 19, .ofs_x = 0, .ofs_y = 0},
    {.bitmap_index = 54858, .adv_w = 183, .box_w = 11, .box_h = 19, .ofs_x = 0, .ofs_y = 0},
    {.bitmap_index = 54934, .adv_w = 183, .box_w = 11, .box_h = 19, .ofs_x = 0, .ofs_y = 0},
    {.bitmap_index = 55014, .adv_w = 141, .box_w = 9, .box_h = 24, .ofs_x = -1, .ofs_y = -6},
    {.bitmap_index = 55098, .adv_w = 141, .box_w = 9, .box_h = 23, .ofs_x = -1, .ofs_y = -6},
    {.bitmap_index = 55174, .adv_w = 141, .box_w = 10, .box_h = 15, .ofs_x = -1, .ofs_y = -6},
    {.bitmap_index = 55229, .adv_w = 141, .box_w = 9, .box_h = 15, .ofs_x = -1, .ofs_y = -6},
    {.bitmap_index = 55283, .adv_w = 141, .box_w = 9, .box_h = 19, .ofs_x = -1, .ofs_y = -10},
    {.bitmap_index = 55350, .adv_w = 141, .box_w = 9, .box_h = 16, .ofs_x = -1, .ofs_y = -7},
    {.bitmap_index = 55412, .adv_w = 141, .box_w = 9, .box_h = 20, .ofs_x = -1, .ofs_y = -6},
    {.bitmap_index = 55482, .adv_w = 141, .box_w = 9, .box_h = 22, .ofs_x = -1, .ofs_y = -6},
    {.bitmap_index = 55558, .adv_w = 141, .box_w = 9, .box_h = 23, .ofs_x = -1, .ofs_y = -6},
    {.bitmap_index = 55641, .adv_w = 464, .box_w = 28, .box_h = 18, .ofs_x = 0, .ofs_y = -5},
    {.bitmap_index = 55803, .adv_w = 464, .box_w = 28, .box_h = 15, .ofs_x = 0, .ofs_y = -5},
    {.bitmap_index = 55951, .adv_w = 464, .box_w = 28, .box_h = 21, .ofs_x = 0, .ofs_y = -5},
    {.bitmap_index = 56135, .adv_w = 502, .box_w = 31, .box_h = 14, .ofs_x = 0, .ofs_y = -5},
    {.bitmap_index = 56294, .adv_w = 502, .box_w = 31, .box_h = 22, .ofs_x = 0, .ofs_y = -5},
    {.bitmap_index = 56483, .adv_w = 303, .box_w = 18, .box_h = 17, .ofs_x = 0, .ofs_y = 0},
    {.bitmap_index = 56601, .adv_w = 233, .box_w = 14, .box_h = 28, .ofs_x = 0, .ofs_y = -6},
    {.bitmap_index = 56738, .adv_w = 377, .box_w = 23, .box_h = 12, .ofs_x = 0, .ofs_y = 0},
    {.bitmap_index = 56834, .adv_w = 377, .box_w = 23, .box_h = 17, .ofs_x = 0, .ofs_y = -5},
    {.bitmap_index = 56954, .adv_w = 377, .box_w = 23, .box_h = 22, .ofs_x = 0, .ofs_y = -5},
    {.bitmap_index = 57090, .adv_w = 377, .box_w = 23, .box_h = 20, .ofs_x = 0, .ofs_y = 0},
    {.bitmap_index = 57224, .adv_w = 377, .box_w = 23, .box_h = 20, .ofs_x = 0, .ofs_y = -8},
    {.bitmap_index = 57363, .adv_w = 377, .box_w = 23, .box_h = 21, .ofs_x = 0, .ofs_y = 0},
    {.bitmap_index = 57507, .adv_w = 297, .box_w = 18, .box_h = 20, .ofs_x = 0, .ofs_y = -5},
    {.bitmap_index = 57634, .adv_w = 297, .box_w = 18, .box_h = 22, .ofs_x = 0, .ofs_y = -5},
    {.bitmap_index = 57776, .adv_w = 337, .box_w = 22, .box_h = 18, .ofs_x = 0, .ofs_y = 0},
    {.bitmap_index = 57902, .adv_w = 391, .box_w = 23, .box_h = 14, .ofs_x = 1, .ofs_y = 0},
    {.bitmap_index = 58001, .adv_w = 337, .box_w = 22, .box_h = 18, .ofs_x = 0, .ofs_y = 0},
    {.bitmap_index = 58134, .adv_w = 339, .box_w = 20, .box_h = 17, .ofs_x = 0, .ofs_y = 0},
    {.bitmap_index = 58255, .adv_w = 339, .box_w = 20, .box_h = 21, .ofs_x = 0, .ofs_y = 0},
    {.bitmap_index = 58399, .adv_w = 339, .box_w = 20, .box_h = 23, .ofs_x = 0, .ofs_y = -6},
    {.bitmap_index = 58551, .adv_w = 337, .box_w = 22, .box_h = 21, .ofs_x = 0, .ofs_y = 0},
    {.bitmap_index = 58697, .adv_w = 337, .box_w = 22, .box_h = 21, .ofs_x = 0, .ofs_y = 0},
    {.bitmap_index = 58849, .adv_w = 337, .box_w = 22, .box_h = 22, .ofs_x = 0, .ofs_y = 0},
    {.bitmap_index = 59011, .adv_w = 337, .box_w = 22, .box_h = 26, .ofs_x = 0, .ofs_y = -5},
    {.bitmap_index = 59184, .adv_w = 337, .box_w = 22, .box_h = 27, .ofs_x = 0, .ofs_y = -6},
    {.bitmap_index = 59352, .adv_w = 337, .box_w = 22, .box_h = 24, .ofs_x = 0, .ofs_y = 0},
    {.bitmap_index = 59524, .adv_w = 267, .box_w = 16, .box_h = 25, .ofs_x = 0, .ofs_y = -6},
    {.bitmap_index = 59647, .adv_w = 267, .box_w = 16, .box_h = 23, .ofs_x = 0, .ofs_y = -6},
    {.bitmap_index = 59756, .adv_w = 267, .box_w = 16, .box_h = 25, .ofs_x = 0, .ofs_y = -6},
    {.bitmap_index = 59878, .adv_w = 267, .box_w = 16, .box_h = 24, .ofs_x = 0, .ofs_y = -7},
    {.bitmap_index = 59993, .adv_w = 263, .box_w = 16, .box_h = 23, .ofs_x = 0, .ofs_y = -7},
    {.bitmap_index = 60110, .adv_w = 263, .box_w = 16, .box_h = 14, .ofs_x = 0, .ofs_y = -6},
    {.bitmap_index = 60189, .adv_w = 263, .box_w = 16, .box_h = 22, .ofs_x = 0, .ofs_y = -6},
    {.bitmap_index = 60306, .adv_w = 263, .box_w = 16, .box_h = 22, .ofs_x = 0, .ofs_y = -6},
    {.bitmap_index = 60423, .adv_w = 263, .box_w = 16, .box_h = 20, .ofs_x = 0, .ofs_y = -6},
    {.bitmap_index = 60531, .adv_w = 258, .box_w = 16, .box_h = 12, .ofs_x = 0, .ofs_y = 0},
    {.bitmap_index = 60609, .adv_w = 253, .box_w = 15, .box_h = 23, .ofs_x = 0, .ofs_y = -6},
    {.bitmap_index = 60746, .adv_w = 156, .box_w = 9, .box_h = 20, .ofs_x = 0, .ofs_y = 0},
    {.bitmap_index = 60821, .adv_w = 156, .box_w = 9, .box_h = 12, .ofs_x = 0, .ofs_y = 0},
    {.bitmap_index = 60870, .adv_w = 156, .box_w = 9, .box_h = 20, .ofs_x = 0, .ofs_y = 0},
    {.bitmap_index = 60945, .adv_w = 156, .box_w = 9, .box_h = 16, .ofs_x = 0, .ofs_y = 0},
    {.bitmap_index = 61012, .adv_w = 172, .box_w = 10, .box_h = 14, .ofs_x = 0, .ofs_y = -6},
    {.bitmap_index = 61081, .adv_w = 172, .box_w = 10, .box_h = 13, .ofs_x = 0, .ofs_y = -5},
    {.bitmap_index = 61145, .adv_w = 172, .box_w = 10, .box_h = 23, .ofs_x = 0, .ofs_y = -6},
    {.bitmap_index = 61238, .adv_w = 172, .box_w = 10, .box_h = 23, .ofs_x = 0, .ofs_y = -6},
    {.bitmap_index = 61334, .adv_w = 172, .box_w = 10, .box_h = 22, .ofs_x = 0, .ofs_y = -6},
    {.bitmap_index = 61419, .adv_w = 172, .box_w = 10, .box_h = 22, .ofs_x = 0, .ofs_y = -6},
    {.bitmap_index = 61511, .adv_w = 172, .box_w = 10, .box_h = 19, .ofs_x = 0, .ofs_y = -6},
    {.bitmap_index = 61597, .adv_w = 172, .box_w = 10, .box_h = 22, .ofs_x = 0, .ofs_y = -6},
    {.bitmap_index = 61693, .adv_w = 292, .box_w = 18, .box_h = 16, .ofs_x = 0, .ofs_y = -6},
    {.bitmap_index = 61803, .adv_w = 343, .box_w = 22, .box_h = 16, .ofs_x = 0, .ofs_y = -4},
    {.bitmap_index = 61925, .adv_w = 292, .box_w = 18, .box_h = 18, .ofs_x = 0, .ofs_y = -6},
    {.bitmap_index = 62058, .adv_w = 172, .box_w = 10, .box_h = 19, .ofs_x = 0, .ofs_y = -6},
    {.bitmap_index = 62139, .adv_w = 292, .box_w = 18, .box_h = 21, .ofs_x = 0, .ofs_y = -6},
    {.bitmap_index = 62271, .adv_w = 292, .box_w = 18, .box_h = 21, .ofs_x = 0, .ofs_y = -7},
    {.bitmap_index = 62408, .adv_w = 362, .box_w = 22, .box_h = 12, .ofs_x = 0, .ofs_y = 0},
    {.bitmap_index = 62493, .adv_w = 362, .box_w = 22, .box_h = 20, .ofs_x = 0, .ofs_y = 0},
    {.bitmap_index = 62617, .adv_w = 115, .box_w = 7, .box_h = 2, .ofs_x = 0, .ofs_y = 0},
    {.bitmap_index = 62623, .adv_w = 156, .box_w = 9, .box_h = 12, .ofs_x = 0, .ofs_y = 0},
    {.bitmap_index = 62672, .adv_w = 0, .box_w = 10, .box_h = 8, .ofs_x = -5, .ofs_y = 17},
    {.bitmap_index = 62707, .adv_w = 0, .box_w = 8, .box_h = 8, .ofs_x = -4, .ofs_y = 17},
    {.bitmap_index = 62738, .adv_w = 0, .box_w = 7, .box_h = 6, .ofs_x = -4, .ofs_y = 21},
    {.bitmap_index = 62756, .adv_w = 0, .box_w = 5, .box_h = 7, .ofs_x = -2, .ofs_y = 19},
    {.bitmap_index = 62774, .adv_w = 0, .box_w = 6, .box_h = 8, .ofs_x = -3, .ofs_y = 17},
    {.bitmap_index = 62798, .adv_w = 0, .box_w = 6, .box_h = 5, .ofs_x = -3, .ofs_y = 21},
    {.bitmap_index = 62813, .adv_w = 0, .box_w = 10, .box_h = 7, .ofs_x = 0, .ofs_y = 13},
    {.bitmap_index = 62845, .adv_w = 526, .box_w = 29, .box_h = 30, .ofs_x = 2, .ofs_y = -7},
    {.bitmap_index = 63092, .adv_w = 384, .box_w = 24, .box_h = 24, .ofs_x = 0, .ofs_y = -5},
    {.bitmap_index = 63279, .adv_w = 0, .box_w = 5, .box_h = 6, .ofs_x = 0, .ofs_y = 14},
    {.bitmap_index = 63293, .adv_w = 0, .box_w = 5, .box_h = 7, .ofs_x = 0, .ofs_y = 13},
    {.bitmap_index = 63311, .adv_w = 0, .box_w = 6, .box_h = 6, .ofs_x = 1, .ofs_y = 14},
    {.bitmap_index = 63328, .adv_w = 0, .box_w = 5, .box_h = 7, .ofs_x = 0, .ofs_y = 14},
    {.bitmap_index = 63345, .adv_w = 0, .box_w = 10, .box_h = 7, .ofs_x = 0, .ofs_y = 13},
    {.bitmap_index = 63377, .adv_w = 0, .box_w = 6, .box_h = 4, .ofs_x = 1, .ofs_y = 14},
    {.bitmap_index = 63388, .adv_w = 70, .box_w = 5, .box_h = 6, .ofs_x = 0, .ofs_y = 0},
    {.bitmap_index = 63403, .adv_w = 135, .box_w = 8, .box_h = 5, .ofs_x = 0, .ofs_y = 0},
    {.bitmap_index = 63421, .adv_w = 0, .box_w = 8, .box_h = 6, .ofs_x = 0, .ofs_y = 14},
    {.bitmap_index = 63444, .adv_w = 0, .box_w = 7, .box_h = 8, .ofs_x = 0, .ofs_y = 13},
    {.bitmap_index = 63470, .adv_w = 233, .box_w = 14, .box_h = 18, .ofs_x = 0, .ofs_y = 0},
    {.bitmap_index = 63555, .adv_w = 0, .box_w = 7, .box_h = 6, .ofs_x = 0, .ofs_y = -7},
    {.bitmap_index = 63575, .adv_w = 0, .box_w = 6, .box_h = 6, .ofs_x = 0, .ofs_y = 14},
    {.bitmap_index = 63593, .adv_w = 0, .box_w = 4, .box_h = 4, .ofs_x = 0, .ofs_y = 15},
    {.bitmap_index = 63601, .adv_w = 0, .box_w = 5, .box_h = 7, .ofs_x = 0, .ofs_y = -7},
    {.bitmap_index = 63618, .adv_w = 183, .box_w = 11, .box_h = 19, .ofs_x = 0, .ofs_y = 0},
    {.bitmap_index = 63692, .adv_w = 141, .box_w = 9, .box_h = 23, .ofs_x = -1, .ofs_y = -6},
    {.bitmap_index = 63769, .adv_w = 113, .box_w = 5, .box_h = 5, .ofs_x = 1, .ofs_y = 4},
    {.bitmap_index = 63782, .adv_w = 108, .box_w = 5, .box_h = 18, .ofs_x = 1, .ofs_y = -1},
    {.bitmap_index = 63827, .adv_w = 187, .box_w = 10, .box_h = 18, .ofs_x = 1, .ofs_y = -1},
    {.bitmap_index = 63895, .adv_w = 224, .box_w = 13, .box_h = 18, .ofs_x = 1, .ofs_y = -1},
    {.bitmap_index = 63981, .adv_w = 189, .box_w = 11, .box_h = 16, .ofs_x = 1, .ofs_y = 0},
    {.bitmap_index = 64050, .adv_w = 209, .box_w = 11, .box_h = 17, .ofs_x = 1, .ofs_y = 0},
    {.bitmap_index = 64130, .adv_w = 163, .box_w = 10, .box_h = 17, .ofs_x = 0, .ofs_y = -1},
    {.bitmap_index = 64202, .adv_w = 222, .box_w = 14, .box_h = 18, .ofs_x = 0, .ofs_y = -1},
    {.bitmap_index = 64298, .adv_w = 221, .box_w = 14, .box_h = 18, .ofs_x = 0, .ofs_y = -1},
    {.bitmap_index = 64392, .adv_w = 189, .box_w = 11, .box_h = 17, .ofs_x = 0, .ofs_y = 0},
    {.bitmap_index = 64468, .adv_w = 464, .box_w = 28, .box_h = 21, .ofs_x = 0, .ofs_y = -5},
    {.bitmap_index = 64649, .adv_w = 502, .box_w = 31, .box_h = 19, .ofs_x = 0, .ofs_y = -5},
    {.bitmap_index = 64823, .adv_w = 233, .box_w = 14, .box_h = 25, .ofs_x = 0, .ofs_y = -6},
    {.bitmap_index = 64950, .adv_w = 158, .box_w = 10, .box_h = 14, .ofs_x = 0, .ofs_y = -6},
    {.bitmap_index = 65011, .adv_w = 186, .box_w = 11, .box_h = 16, .ofs_x = 0, .ofs_y = -7},
    {.bitmap_index = 65094, .adv_w = 258, .box_w = 16, .box_h = 19, .ofs_x = 0, .ofs_y = 0},
    {.bitmap_index = 65202, .adv_w = 192, .box_w = 12, .box_h = 2, .ofs_x = 0, .ofs_y = 5},
    {.bitmap_index = 65209, .adv_w = 384, .box_w = 24, .box_h = 2, .ofs_x = 0, .ofs_y = 5},
    {.bitmap_index = 65218, .adv_w = 67, .box_w = 4, .box_h = 6, .ofs_x = 0, .ofs_y = 11},
    {.bitmap_index = 65231, .adv_w = 67, .box_w = 4, .box_h = 6, .ofs_x = 0, .ofs_y = 11},
    {.bitmap_index = 65243, .adv_w = 138, .box_w = 9, .box_h = 6, .ofs_x = 0, .ofs_y = 11},
    {.bitmap_index = 65271, .adv_w = 138, .box_w = 9, .box_h = 6, .ofs_x = 0, .ofs_y = 11},
    {.bitmap_index = 65299, .adv_w = 144, .box_w = 7, .box_h = 6, .ofs_x = 1, .ofs_y = 6},
    {.bitmap_index = 65318, .adv_w = 304, .box_w = 17, .box_h = 4, .ofs_x = 1, .ofs_y = 0},
    {.bitmap_index = 65349, .adv_w = 220, .box_w = 14, .box_h = 17, .ofs_x = 0, .ofs_y = 0},
    {.bitmap_index = 65444, .adv_w = 382, .box_w = 23, .box_h = 19, .ofs_x = 1, .ofs_y = -1},
    {.bitmap_index = 65589, .adv_w = 336, .box_w = 20, .box_h = 19, .ofs_x = 1, .ofs_y = -1},
    {.bitmap_index = 65676, .adv_w = 297, .box_w = 17, .box_h = 10, .ofs_x = 0, .ofs_y = 8},
    {.bitmap_index = 65742, .adv_w = 230, .box_w = 11, .box_h = 11, .ofs_x = 2, .ofs_y = 1},
    {.bitmap_index = 65786, .adv_w = 230, .box_w = 11, .box_h = 11, .ofs_x = 2, .ofs_y = 1},
    {.bitmap_index = 65825, .adv_w = 230, .box_w = 12, .box_h = 11, .ofs_x = 1, .ofs_y = 1},
    {.bitmap_index = 65871, .adv_w = 230, .box_w = 11, .box_h = 11, .ofs_x = 2, .ofs_y = 1},
    {.bitmap_index = 65909, .adv_w = 223, .box_w = 12, .box_h = 14, .ofs_x = 1, .ofs_y = 1},
    {.bitmap_index = 65972, .adv_w = 223, .box_w = 12, .box_h = 15, .ofs_x = 1, .ofs_y = 0},
    {.bitmap_index = 66040, .adv_w = 223, .box_w = 12, .box_h = 15, .ofs_x = 1, .ofs_y = 0},
    {.bitmap_index = 66105, .adv_w = 117, .box_w = 7, .box_h = 6, .ofs_x = 0, .ofs_y = 14},
    {.bitmap_index = 66126, .adv_w = 115, .box_w = 9, .box_h = 21, .ofs_x = 0, .ofs_y = 0},
    {.bitmap_index = 66168, .adv_w = 143, .box_w = 9, .box_h = 7, .ofs_x = 0, .ofs_y = 14},
    {.bitmap_index = 66196, .adv_w = 102, .box_w = 8, .box_h = 10, .ofs_x = 0, .ofs_y = -6},
    {.bitmap_index = 66230, .adv_w = 117, .box_w = 7, .box_h = 6, .ofs_x = 0, .ofs_y = -7},
    {.bitmap_index = 66250, .adv_w = 117, .box_w = 7, .box_h = 4, .ofs_x = 0, .ofs_y = 14},
    {.bitmap_index = 66264, .adv_w = 115, .box_w = 9, .box_h = 18, .ofs_x = 0, .ofs_y = 0},
    {.bitmap_index = 66294, .adv_w = 117, .box_w = 7, .box_h = 7, .ofs_x = 0, .ofs_y = 14},
    {.bitmap_index = 66316, .adv_w = 115, .box_w = 10, .box_h = 21, .ofs_x = -1, .ofs_y = 0},
    {.bitmap_index = 66357, .adv_w = 113, .box_w = 7, .box_h = 4, .ofs_x = 0, .ofs_y = -4},
    {.bitmap_index = 66369, .adv_w = 115, .box_w = 9, .box_h = 6, .ofs_x = 0, .ofs_y = -4},
    {.bitmap_index = 66391, .adv_w = 124, .box_w = 8, .box_h = 6, .ofs_x = 0, .ofs_y = 13},
    {.bitmap_index = 66415, .adv_w = 115, .box_w = 9, .box_h = 19, .ofs_x = 0, .ofs_y = 0},
    {.bitmap_index = 66453, .adv_w = 90, .box_w = 5, .box_h = 6, .ofs_x = 0, .ofs_y = 14},
    {.bitmap_index = 66467, .adv_w = 115, .box_w = 9, .box_h = 20, .ofs_x = 0, .ofs_y = 0},
    {.bitmap_index = 66501, .adv_w = 158, .box_w = 10, .box_h = 11, .ofs_x = 0, .ofs_y = -2},
    {.bitmap_index = 66550, .adv_w = 90, .box_w = 9, .box_h = 21, .ofs_x = -2, .ofs_y = 0},
    {.bitmap_index = 66602, .adv_w = 111, .box_w = 11, .box_h = 21, .ofs_x = -2, .ofs_y = 0},
    {.bitmap_index = 66674, .adv_w = 90, .box_w = 5, .box_h = 24, .ofs_x = 0, .ofs_y = 0},
    {.bitmap_index = 66719, .adv_w = 111, .box_w = 9, .box_h = 24, .ofs_x = 0, .ofs_y = 0},
    {.bitmap_index = 66789, .adv_w = 172, .box_w = 10, .box_h = 24, .ofs_x = 0, .ofs_y = -6},
    {.bitmap_index = 66886, .adv_w = 181, .box_w = 13, .box_h = 23, .ofs_x = 0, .ofs_y = -6},
    {.bitmap_index = 66992, .adv_w = 91, .box_w = 5, .box_h = 24, .ofs_x = 1, .ofs_y = -7},
    {.bitmap_index = 67036, .adv_w = 112, .box_w = 8, .box_h = 24, .ofs_x = 1, .ofs_y = -7},
    {.bitmap_index = 67104, .adv_w = 292, .box_w = 18, .box_h = 18, .ofs_x = 0, .ofs_y = -6},
    {.bitmap_index = 67233, .adv_w = 283, .box_w = 19, .box_h = 18, .ofs_x = 0, .ofs_y = -5},
    {.bitmap_index = 67347, .adv_w = 103, .box_w = 6, .box_h = 19, .ofs_x = 0, .ofs_y = 0},
    {.bitmap_index = 67399, .adv_w = 132, .box_w = 10, .box_h = 16, .ofs_x = 0, .ofs_y = 0},
    {.bitmap_index = 67456, .adv_w = 91, .box_w = 4, .box_h = 18, .ofs_x = 1, .ofs_y = -1},
    {.bitmap_index = 67481, .adv_w = 112, .box_w = 8, .box_h = 17, .ofs_x = 1, .ofs_y = 0},
    {.bitmap_index = 67525, .adv_w = 381, .box_w = 23, .box_h = 16, .ofs_x = 0, .ofs_y = -5},
    {.bitmap_index = 67622, .adv_w = 420, .box_w = 28, .box_h = 14, .ofs_x = 0, .ofs_y = -5},
    {.bitmap_index = 67730, .adv_w = 103, .box_w = 6, .box_h = 15, .ofs_x = 0, .ofs_y = -5},
    {.bitmap_index = 67772, .adv_w = 132, .box_w = 10, .box_h = 12, .ofs_x = 0, .ofs_y = -5},
    {.bitmap_index = 67819, .adv_w = 156, .box_w = 9, .box_h = 16, .ofs_x = 0, .ofs_y = 0},
    {.bitmap_index = 67886, .adv_w = 187, .box_w = 13, .box_h = 17, .ofs_x = 0, .ofs_y = 0},
    {.bitmap_index = 67968, .adv_w = 381, .box_w = 23, .box_h = 13, .ofs_x = 0, .ofs_y = 0},
    {.bitmap_index = 68063, .adv_w = 420, .box_w = 28, .box_h = 13, .ofs_x = 0, .ofs_y = 0},
    {.bitmap_index = 68168, .adv_w = 115, .box_w = 7, .box_h = 15, .ofs_x = 0, .ofs_y = 0},
    {.bitmap_index = 68214, .adv_w = 143, .box_w = 11, .box_h = 12, .ofs_x = 0, .ofs_y = 0},
    {.bitmap_index = 68262, .adv_w = 381, .box_w = 23, .box_h = 15, .ofs_x = 0, .ofs_y = 0},
    {.bitmap_index = 68367, .adv_w = 420, .box_w = 28, .box_h = 15, .ofs_x = 0, .ofs_y = 0},
    {.bitmap_index = 68481, .adv_w = 115, .box_w = 7, .box_h = 17, .ofs_x = 0, .ofs_y = 0},
    {.bitmap_index = 68533, .adv_w = 143, .box_w = 11, .box_h = 15, .ofs_x = 0, .ofs_y = 0},
    {.bitmap_index = 68591, .adv_w = 245, .box_w = 15, .box_h = 18, .ofs_x = 0, .ofs_y = -6},
    {.bitmap_index = 68701, .adv_w = 249, .box_w = 17, .box_h = 18, .ofs_x = 0, .ofs_y = -6},
    {.bitmap_index = 68829, .adv_w = 226, .box_w = 14, .box_h = 14, .ofs_x = 0, .ofs_y = -5},
    {.bitmap_index = 68900, .adv_w = 245, .box_w = 17, .box_h = 14, .ofs_x = 0, .ofs_y = -5},
    {.bitmap_index = 68988, .adv_w = 245, .box_w = 15, .box_h = 18, .ofs_x = 0, .ofs_y = -6},
    {.bitmap_index = 69093, .adv_w = 249, .box_w = 17, .box_h = 18, .ofs_x = 0, .ofs_y = -6},
    {.bitmap_index = 69216, .adv_w = 226, .box_w = 14, .box_h = 9, .ofs_x = 0, .ofs_y = 0},
    {.bitmap_index = 69270, .adv_w = 245, .box_w = 17, .box_h = 9, .ofs_x = 0, .ofs_y = 0},
    {.bitmap_index = 69334, .adv_w = 245, .box_w = 15, .box_h = 23, .ofs_x = 0, .ofs_y = -6},
    {.bitmap_index = 69458, .adv_w = 249, .box_w = 17, .box_h = 23, .ofs_x = 0, .ofs_y = -6},
    {.bitmap_index = 69600, .adv_w = 226, .box_w = 14, .box_h = 14, .ofs_x = 0, .ofs_y = 0},
    {.bitmap_index = 69671, .adv_w = 245, .box_w = 17, .box_h = 14, .ofs_x = 0, .ofs_y = 0},
    {.bitmap_index = 69754, .adv_w = 183, .box_w = 11, .box_h = 12, .ofs_x = 0, .ofs_y = 0},
    {.bitmap_index = 69802, .adv_w = 204, .box_w = 14, .box_h = 12, .ofs_x = 0, .ofs_y = 0},
    {.bitmap_index = 69860, .adv_w = 183, .box_w = 11, .box_h = 16, .ofs_x = 0, .ofs_y = 0},
    {.bitmap_index = 69922, .adv_w = 204, .box_w = 14, .box_h = 16, .ofs_x = 0, .ofs_y = 0},
    {.bitmap_index = 69994, .adv_w = 141, .box_w = 9, .box_h = 15, .ofs_x = -1, .ofs_y = -6},
    {.bitmap_index = 70045, .adv_w = 152, .box_w = 12, .box_h = 15, .ofs_x = -1, .ofs_y = -6},
    {.bitmap_index = 70107, .adv_w = 141, .box_w = 9, .box_h = 20, .ofs_x = -1, .ofs_y = -6},
    {.bitmap_index = 70172, .adv_w = 152, .box_w = 12, .box_h = 20, .ofs_x = -1, .ofs_y = -6},
    {.bitmap_index = 70249, .adv_w = 464, .box_w = 28, .box_h = 15, .ofs_x = 0, .ofs_y = -5},
    {.bitmap_index = 70389, .adv_w = 487, .box_w = 32, .box_h = 14, .ofs_x = 0, .ofs_y = -5},
    {.bitmap_index = 70536, .adv_w = 301, .box_w = 18, .box_h = 10, .ofs_x = 0, .ofs_y = 0},
    {.bitmap_index = 70611, .adv_w = 326, .box_w = 22, .box_h = 9, .ofs_x = 0, .ofs_y = 0},
    {.bitmap_index = 70690, .adv_w = 464, .box_w = 28, .box_h = 21, .ofs_x = 0, .ofs_y = -5},
    {.bitmap_index = 70866, .adv_w = 487, .box_w = 32, .box_h = 21, .ofs_x = 0, .ofs_y = -5},
    {.bitmap_index = 71051, .adv_w = 301, .box_w = 18, .box_h = 16, .ofs_x = 0, .ofs_y = 0},
    {.bitmap_index = 71161, .adv_w = 326, .box_w = 22, .box_h = 16, .ofs_x = 0, .ofs_y = 0},
    {.bitmap_index = 71278, .adv_w = 502, .box_w = 31, .box_h = 14, .ofs_x = 0, .ofs_y = -5},
    {.bitmap_index = 71428, .adv_w = 519, .box_w = 34, .box_h = 14, .ofs_x = 0, .ofs_y = -5},
    {.bitmap_index = 71586, .adv_w = 347, .box_w = 21, .box_h = 9, .ofs_x = 0, .ofs_y = 0},
    {.bitmap_index = 71669, .adv_w = 364, .box_w = 24, .box_h = 9, .ofs_x = 0, .ofs_y = 0},
    {.bitmap_index = 71759, .adv_w = 502, .box_w = 31, .box_h = 19, .ofs_x = 0, .ofs_y = -5},
    {.bitmap_index = 71927, .adv_w = 519, .box_w = 34, .box_h = 19, .ofs_x = 0, .ofs_y = -5},
    {.bitmap_index = 72103, .adv_w = 347, .box_w = 21, .box_h = 14, .ofs_x = 0, .ofs_y = 0},
    {.bitmap_index = 72204, .adv_w = 364, .box_w = 24, .box_h = 14, .ofs_x = 0, .ofs_y = 0},
    {.bitmap_index = 72312, .adv_w = 303, .box_w = 18, .box_h = 17, .ofs_x = 0, .ofs_y = 0},
    {.bitmap_index = 72412, .adv_w = 319, .box_w = 22, .box_h = 17, .ofs_x = 0, .ofs_y = 0},
    {.bitmap_index = 72523, .adv_w = 260, .box_w = 16, .box_h = 17, .ofs_x = 0, .ofs_y = 0},
    {.bitmap_index = 72612, .adv_w = 273, .box_w = 19, .box_h = 17, .ofs_x = 0, .ofs_y = 0},
    {.bitmap_index = 72707, .adv_w = 303, .box_w = 18, .box_h = 17, .ofs_x = 0, .ofs_y = 0},
    {.bitmap_index = 72814, .adv_w = 319, .box_w = 22, .box_h = 17, .ofs_x = 0, .ofs_y = 0},
    {.bitmap_index = 72937, .adv_w = 260, .box_w = 16, .box_h = 17, .ofs_x = 0, .ofs_y = 0},
    {.bitmap_index = 73036, .adv_w = 273, .box_w = 19, .box_h = 17, .ofs_x = 0, .ofs_y = 0},
    {.bitmap_index = 73142, .adv_w = 233, .box_w = 14, .box_h = 20, .ofs_x = 0, .ofs_y = -6},
    {.bitmap_index = 73247, .adv_w = 219, .box_w = 15, .box_h = 18, .ofs_x = 0, .ofs_y = -6},
    {.bitmap_index = 73361, .adv_w = 193, .box_w = 12, .box_h = 11, .ofs_x = 0, .ofs_y = 0},
    {.bitmap_index = 73416, .adv_w = 200, .box_w = 14, .box_h = 10, .ofs_x = 0, .ofs_y = 0},
    {.bitmap_index = 73481, .adv_w = 233, .box_w = 14, .box_h = 25, .ofs_x = 0, .ofs_y = -6},
    {.bitmap_index = 73603, .adv_w = 219, .box_w = 15, .box_h = 23, .ofs_x = 0, .ofs_y = -6},
    {.bitmap_index = 73736, .adv_w = 193, .box_w = 12, .box_h = 16, .ofs_x = 0, .ofs_y = 0},
    {.bitmap_index = 73806, .adv_w = 200, .box_w = 14, .box_h = 15, .ofs_x = 0, .ofs_y = 0},
    {.bitmap_index = 73887, .adv_w = 377, .box_w = 23, .box_h = 17, .ofs_x = 0, .ofs_y = 0},
    {.bitmap_index = 74001, .adv_w = 422, .box_w = 28, .box_h = 15, .ofs_x = 0, .ofs_y = 0},
    {.bitmap_index = 74122, .adv_w = 172, .box_w = 10, .box_h = 17, .ofs_x = 0, .ofs_y = 0},
    {.bitmap_index = 74193, .adv_w = 190, .box_w = 14, .box_h = 15, .ofs_x = 0, .ofs_y = 0},
    {.bitmap_index = 74270, .adv_w = 297, .box_w = 18, .box_h = 20, .ofs_x = 0, .ofs_y = -5},
    {.bitmap_index = 74402, .adv_w = 310, .box_w = 21, .box_h = 20, .ofs_x = 0, .ofs_y = -7},
    {.bitmap_index = 74546, .adv_w = 172, .box_w = 10, .box_h = 17, .ofs_x = 0, .ofs_y = 0},
    {.bitmap_index = 74623, .adv_w = 190, .box_w = 14, .box_h = 15, .ofs_x = 0, .ofs_y = 0},
    {.bitmap_index = 74704, .adv_w = 339, .box_w = 20, .box_h = 17, .ofs_x = 0, .ofs_y = 0},
    {.bitmap_index = 74820, .adv_w = 354, .box_w = 24, .box_h = 17, .ofs_x = 0, .ofs_y = 0},
    {.bitmap_index = 74948, .adv_w = 158, .box_w = 11, .box_h = 18, .ofs_x = 0, .ofs_y = 0},
    {.bitmap_index = 75021, .adv_w = 195, .box_w = 14, .box_h = 18, .ofs_x = 0, .ofs_y = 0},
    {.bitmap_index = 75105, .adv_w = 267, .box_w = 16, .box_h = 23, .ofs_x = 0, .ofs_y = -6},
    {.bitmap_index = 75207, .adv_w = 280, .box_w = 19, .box_h = 22, .ofs_x = 0, .ofs_y = -5},
    {.bitmap_index = 75315, .adv_w = 100, .box_w = 5, .box_h = 17, .ofs_x = 0, .ofs_y = 0},
    {.bitmap_index = 75352, .adv_w = 115, .box_w = 9, .box_h = 17, .ofs_x = 0, .ofs_y = 0},
    {.bitmap_index = 75403, .adv_w = 186, .box_w = 11, .box_h = 16, .ofs_x = 0, .ofs_y = -7},
    {.bitmap_index = 75476, .adv_w = 216, .box_w = 15, .box_h = 17, .ofs_x = 0, .ofs_y = -7},
    {.bitmap_index = 75574, .adv_w = 202, .box_w = 12, .box_h = 9, .ofs_x = 0, .ofs_y = 0},
    {.bitmap_index = 75624, .adv_w = 222, .box_w = 16, .box_h = 9, .ofs_x = 0, .ofs_y = 0},
    {.bitmap_index = 75684, .adv_w = 263, .box_w = 16, .box_h = 18, .ofs_x = 0, .ofs_y = -6},
    {.bitmap_index = 75780, .adv_w = 280, .box_w = 19, .box_h = 17, .ofs_x = 0, .ofs_y = -5},
    {.bitmap_index = 75880, .adv_w = 103, .box_w = 6, .box_h = 15, .ofs_x = 0, .ofs_y = 0},
    {.bitmap_index = 75920, .adv_w = 132, .box_w = 10, .box_h = 12, .ofs_x = 0, .ofs_y = 0},
    {.bitmap_index = 75963, .adv_w = 156, .box_w = 9, .box_h = 12, .ofs_x = 0, .ofs_y = 0},
    {.bitmap_index = 76012, .adv_w = 187, .box_w = 13, .box_h = 13, .ofs_x = 0, .ofs_y = 0},
    {.bitmap_index = 76078, .adv_w = 220, .box_w = 13, .box_h = 12, .ofs_x = 0, .ofs_y = 0},
    {.bitmap_index = 76147, .adv_w = 195, .box_w = 14, .box_h = 15, .ofs_x = 0, .ofs_y = -5},
    {.bitmap_index = 76237, .adv_w = 172, .box_w = 10, .box_h = 14, .ofs_x = 0, .ofs_y = -6},
    {.bitmap_index = 76303, .adv_w = 181, .box_w = 13, .box_h = 14, .ofs_x = 0, .ofs_y = -6},
    {.bitmap_index = 76378, .adv_w = 292, .box_w = 18, .box_h = 16, .ofs_x = 0, .ofs_y = -6},
    {.bitmap_index = 76488, .adv_w = 283, .box_w = 19, .box_h = 10, .ofs_x = 0, .ofs_y = -5},
    {.bitmap_index = 76561, .adv_w = 292, .box_w = 18, .box_h = 19, .ofs_x = 0, .ofs_y = -6},
    {.bitmap_index = 76690, .adv_w = 305, .box_w = 21, .box_h = 15, .ofs_x = 0, .ofs_y = -7},
    {.bitmap_index = 76797, .adv_w = 115, .box_w = 7, .box_h = 15, .ofs_x = -1, .ofs_y = -5},
    {.bitmap_index = 76843, .adv_w = 143, .box_w = 11, .box_h = 12, .ofs_x = 0, .ofs_y = -5},
    {.bitmap_index = 76895, .adv_w = 223, .box_w = 15, .box_h = 18, .ofs_x = -2, .ofs_y = 0},
    {.bitmap_index = 77001, .adv_w = 230, .box_w = 18, .box_h = 17, .ofs_x = -2, .ofs_y = 0},
    {.bitmap_index = 77113, .adv_w = 223, .box_w = 13, .box_h = 21, .ofs_x = 0, .ofs_y = 0},
    {.bitmap_index = 77224, .adv_w = 230, .box_w = 16, .box_h = 21, .ofs_x = 0, .ofs_y = 0},
    {.bitmap_index = 77345, .adv_w = 223, .box_w = 13, .box_h = 25, .ofs_x = 0, .ofs_y = -7},
    {.bitmap_index = 77464, .adv_w = 230, .box_w = 16, .box_h = 24, .ofs_x = 0, .ofs_y = -7},
    {.bitmap_index = 77598, .adv_w = 223, .box_w = 13, .box_h = 18, .ofs_x = 0, .ofs_y = 0},
    {.bitmap_index = 77689, .adv_w = 230, .box_w = 16, .box_h = 17, .ofs_x = 0, .ofs_y = 0}
};

/*---------------------
 *  CHARACTER MAPPING
 *--------------------*/

static const uint16_t unicode_list_0[] = {
    0x0, 0x2, 0x4, 0x6, 0xb, 0xd, 0xe, 0x14,
    0x19, 0x1a, 0x1b
};

static const uint8_t glyph_id_ofs_list_2[] = {
    0, 1, 2, 3, 4, 5, 6, 7,
    0, 0, 8, 9, 10, 11, 12, 13,
    0, 0, 0, 0, 14, 15, 16, 17,
    18, 19, 20, 0, 21
};

static const uint16_t unicode_list_6[] = {
    0x0, 0x1, 0x8, 0x9, 0x10, 0x11, 0x12, 0x13
};

static const uint16_t unicode_list_11[] = {
    0x0, 0x1, 0x5, 0x6, 0x9, 0xa, 0xf, 0x13,
    0x99, 0xf0, 0xf6, 0x10f, 0x17d, 0x17e, 0x17f, 0x180,
    0x24d, 0x251, 0x252, 0xde5d, 0xde5e, 0xde5f, 0xde60, 0xde61
};

/*Collect the unicode lists and glyph_id offsets*/
static const lv_font_fmt_txt_cmap_t cmaps[] =
{
    {
        .range_start = 163, .range_length = 28, .glyph_id_start = 1,
        .unicode_list = unicode_list_0, .glyph_id_ofs_list = NULL, .list_length = 11, .type = LV_FONT_FMT_TXT_CMAP_SPARSE_TINY
    },
    {
        .range_start = 192, .range_length = 192, .glyph_id_start = 12,
        .unicode_list = NULL, .glyph_id_ofs_list = NULL, .list_length = 0, .type = LV_FONT_FMT_TXT_CMAP_FORMAT0_TINY
    },
    {
        .range_start = 880, .range_length = 29, .glyph_id_start = 204,
        .unicode_list = NULL, .glyph_id_ofs_list = glyph_id_ofs_list_2, .list_length = 29, .type = LV_FONT_FMT_TXT_CMAP_FORMAT0_FULL
    },
    {
        .range_start = 910, .range_length = 20, .glyph_id_start = 226,
        .unicode_list = NULL, .glyph_id_ofs_list = NULL, .list_length = 0, .type = LV_FONT_FMT_TXT_CMAP_FORMAT0_TINY
    },
    {
        .range_start = 931, .range_length = 63, .glyph_id_start = 246,
        .unicode_list = NULL, .glyph_id_ofs_list = NULL, .list_length = 0, .type = LV_FONT_FMT_TXT_CMAP_FORMAT0_TINY
    },
    {
        .range_start = 1008, .range_length = 112, .glyph_id_start = 309,
        .unicode_list = NULL, .glyph_id_ofs_list = NULL, .list_length = 0, .type = LV_FONT_FMT_TXT_CMAP_FORMAT0_TINY
    },
    {
        .range_start = 1122, .range_length = 20, .glyph_id_start = 421,
        .unicode_list = unicode_list_6, .glyph_id_ofs_list = NULL, .list_length = 8, .type = LV_FONT_FMT_TXT_CMAP_SPARSE_TINY
    },
    {
        .range_start = 1162, .range_length = 59, .glyph_id_start = 429,
        .unicode_list = NULL, .glyph_id_ofs_list = NULL, .list_length = 0, .type = LV_FONT_FMT_TXT_CMAP_FORMAT0_TINY
    },
    {
        .range_start = 1222, .range_length = 58, .glyph_id_start = 488,
        .unicode_list = NULL, .glyph_id_ofs_list = NULL, .list_length = 0, .type = LV_FONT_FMT_TXT_CMAP_FORMAT0_TINY
    },
    {
        .range_start = 1536, .range_length = 29, .glyph_id_start = 546,
        .unicode_list = NULL, .glyph_id_ofs_list = NULL, .list_length = 0, .type = LV_FONT_FMT_TXT_CMAP_FORMAT0_TINY
    },
    {
        .range_start = 1566, .range_length = 226, .glyph_id_start = 575,
        .unicode_list = NULL, .glyph_id_ofs_list = NULL, .list_length = 0, .type = LV_FONT_FMT_TXT_CMAP_FORMAT0_TINY
    },
    {
        .range_start = 8211, .range_length = 56930, .glyph_id_start = 801,
        .unicode_list = unicode_list_11, .glyph_id_ofs_list = NULL, .list_length = 24, .type = LV_FONT_FMT_TXT_CMAP_SPARSE_TINY
    },
    {
        .range_start = 65142, .range_length = 135, .glyph_id_start = 825,
        .unicode_list = NULL, .glyph_id_ofs_list = NULL, .list_length = 0, .type = LV_FONT_FMT_TXT_CMAP_FORMAT0_TINY
    }
};

/*-----------------
 *    KERNING
 *----------------*/


/*Map glyph_ids to kern left classes*/
static const uint8_t kern_left_class_mapping[] =
{
    0, 0, 0, 0, 0, 0, 0, 0,
    0, 0, 0, 0, 1, 1, 1, 1,
    1, 1, 2, 3, 2, 2, 2, 2,
    4, 4, 4, 4, 5, 4, 5, 5,
    5, 5, 5, 0, 5, 6, 6, 6,
    6, 7, 8, 9, 10, 10, 10, 10,
    10, 10, 11, 12, 11, 11, 11, 11,
    13, 13, 13, 13, 0, 10, 9, 9,
    9, 9, 9, 0, 9, 13, 13, 13,
    13, 14, 9, 14, 1, 10, 1, 10,
    1, 15, 3, 12, 3, 12, 3, 12,
    3, 12, 5, 16, 5, 17, 2, 11,
    2, 11, 2, 11, 2, 18, 2, 11,
    0, 13, 0, 13, 0, 13, 0, 13,
    4, 10, 4, 10, 4, 13, 4, 13,
    4, 13, 4, 19, 4, 13, 6, 13,
    6, 13, 20, 21, 21, 22, 17, 22,
    17, 22, 16, 22, 17, 22, 17, 4,
    10, 4, 10, 4, 10, 10, 4, 10,
    5, 9, 5, 9, 5, 9, 2, 11,
    23, 24, 23, 24, 23, 24, 25, 26,
    25, 26, 25, 26, 25, 26, 27, 28,
    27, 29, 27, 28, 6, 13, 6, 13,
    6, 13, 6, 13, 6, 13, 6, 30,
    31, 14, 7, 14, 7, 32, 33, 32,
    33, 32, 33, 0, 0, 0, 0, 0,
    0, 0, 0, 0, 0, 0, 0, 0,
    0, 0, 34, 35, 34, 0, 0, 0,
    0, 36, 37, 0, 38, 34, 35, 39,
    34, 0, 40, 0, 36, 0, 41, 34,
    0, 0, 0, 36, 0, 0, 40, 42,
    37, 36, 0, 37, 0, 0, 37, 43,
    44, 45, 38, 46, 43, 47, 48, 49,
    44, 50, 45, 51, 38, 0, 52, 43,
    48, 53, 49, 44, 49, 0, 54, 55,
    46, 49, 56, 46, 49, 38, 46, 49,
    46, 49, 41, 0, 0, 0, 0, 0,
    49, 0, 0, 0, 0, 0, 0, 0,
    0, 0, 0, 0, 0, 0, 0, 0,
    0, 0, 0, 0, 0, 0, 0, 0,
    0, 0, 0, 0, 0, 2, 2, 57,
    58, 3, 25, 4, 4, 6, 59, 59,
    57, 60, 4, 61, 4, 1, 62, 63,
    58, 64, 2, 60, 63, 4, 4, 60,
    4, 4, 4, 5, 4, 65, 3, 66,
    61, 5, 60, 64, 4, 4, 64, 59,
    4, 59, 5, 5, 4, 13, 9, 67,
    68, 13, 11, 69, 67, 13, 13, 69,
    13, 13, 13, 9, 13, 9, 12, 68,
    14, 9, 69, 13, 13, 13, 13, 70,
    13, 70, 9, 9, 13, 11, 11, 13,
    0, 12, 26, 13, 13, 13, 70, 70,
    10, 69, 13, 14, 13, 71, 72, 60,
    69, 5, 9, 61, 14, 64, 13, 59,
    72, 65, 9, 58, 0, 73, 68, 71,
    72, 60, 69, 63, 67, 60, 69, 60,
    69, 20, 21, 60, 69, 64, 13, 58,
    68, 74, 13, 9, 9, 3, 12, 66,
    24, 75, 14, 75, 14, 60, 69, 64,
    13, 64, 13, 4, 13, 74, 10, 5,
    11, 5, 11, 4, 60, 69, 20, 69,
    13, 4, 13, 64, 13, 4, 13, 64,
    13, 17, 1, 10, 1, 10, 2, 11,
    2, 11, 5, 9, 5, 9, 60, 69,
    63, 67, 63, 67, 4, 13, 4, 13,
    5, 9, 5, 9, 5, 9, 5, 9,
    61, 14, 61, 14, 61, 14, 4, 13,
    58, 0, 4, 13, 66, 24, 60, 76,
    60, 69, 0, 0, 0, 0, 0, 0,
    0, 0, 0, 0, 0, 0, 0, 0,
    0, 0, 0, 0, 0, 0, 0, 0,
    0, 0, 0, 0, 0, 0, 0, 0,
    0, 0, 0, 0, 0, 0, 0, 0,
    0, 0, 0, 0, 0, 0, 0, 0,
    0, 0, 77, 77, 0, 0, 0, 0,
    0, 0, 0, 0, 0, 0, 0, 0,
    0, 0, 0, 0, 0, 0, 0, 0,
    0, 0, 0, 0, 0, 0, 0, 0,
    0, 0, 0, 0, 0, 0, 0, 0,
    0, 0, 0, 0, 0, 0, 0, 0,
    0, 78, 79, 80, 80, 81, 82, 0,
    83, 84, 0, 0, 0, 0, 0, 0,
    0, 0, 0, 0, 0, 0, 0, 0,
    0, 0, 0, 0, 0, 0, 0, 0,
    0, 0, 0, 0, 0, 0, 0, 0,
    0, 0, 0, 0, 0, 0, 0, 0,
    0, 0, 77, 77, 77, 77, 77, 77,
    77, 77, 77, 0, 0, 0, 0, 0,
    0, 0, 0, 0, 0, 0, 0, 0,
    0, 0, 0, 0, 0, 0, 0, 0,
    0, 0, 0, 0, 0, 0, 0, 0,
    0, 0, 0, 0, 0, 0, 0, 0,
    0, 0, 0, 0, 0, 0, 0, 0,
    0, 0, 0, 0, 0, 0, 0, 0,
    0, 0, 0, 0, 0, 0, 0, 0,
    0, 0, 0, 0, 0, 0, 0, 0,
    0, 0, 0, 0, 0, 0, 0, 0,
    0, 0, 0, 0, 0, 0, 0, 0,
    77, 78, 0, 80, 80, 80, 82, 0,
    83, 84, 0, 0, 0, 0, 0, 0,
    0, 85, 85, 0, 0, 0, 0, 0,
    0, 0, 0, 0, 0, 0, 0, 0,
    0, 0, 0, 0, 0, 0, 0, 0,
    0, 0, 0, 0, 0, 0, 0, 0,
    0, 0, 0, 0, 0, 0, 0, 0,
    0, 0, 0, 0, 0, 0, 0, 0,
    0, 0, 0, 0, 0, 0, 0, 0,
    0, 0, 0, 0, 0, 0, 0, 0,
    0, 0, 0, 0, 0, 0, 0, 0,
    0, 0, 0, 0, 0, 0, 0, 0,
    77, 77, 77, 77, 0, 0, 0, 0,
    0, 0, 0, 0, 0, 0, 0, 0,
    0, 0, 0, 0, 0, 0, 0, 0,
    0, 0, 0, 0, 0, 0, 0, 0,
    0, 0, 0, 0, 0, 0, 0, 0,
    0, 0, 0, 0, 0, 0, 0, 0,
    0, 0, 0, 0, 0, 0, 0, 0,
    0, 0, 0, 0, 0, 0, 0, 0,
    0, 0, 0, 0, 0, 0, 0, 0,
    0, 0, 0, 0, 0, 0, 0, 0
};

/*Map glyph_ids to kern right classes*/
static const uint8_t kern_right_class_mapping[] =
{
    0, 0, 0, 0, 0, 0, 0, 0,
    0, 0, 0, 0, 1, 1, 1, 1,
    1, 1, 1, 2, 3, 3, 3, 3,
    3, 3, 3, 3, 3, 3, 2, 2,
    2, 2, 2, 0, 2, 4, 4, 4,
    4, 5, 3, 6, 7, 7, 7, 7,
    7, 7, 7, 8, 8, 8, 8, 8,
    9, 10, 11, 12, 8, 10, 8, 8,
    8, 8, 8, 0, 8, 13, 13, 13,
    13, 14, 6, 14, 1, 7, 1, 7,
    1, 7, 2, 8, 2, 8, 2, 8,
    2, 8, 3, 8, 3, 8, 3, 8,
    3, 8, 3, 8, 3, 8, 3, 8,
    2, 8, 2, 8, 2, 8, 2, 8,
    3, 6, 3, 6, 3, 15, 3, 16,
    3, 17, 3, 18, 3, 10, 3, 18,
    19, 20, 3, 6, 10, 3, 6, 3,
    6, 3, 6, 3, 6, 3, 6, 3,
    10, 3, 10, 3, 10, 10, 3, 10,
    2, 8, 2, 8, 2, 8, 2, 8,
    3, 10, 3, 10, 3, 10, 21, 22,
    21, 22, 21, 22, 21, 22, 23, 24,
    23, 24, 23, 24, 4, 13, 4, 13,
    4, 13, 4, 13, 4, 13, 4, 13,
    25, 14, 5, 14, 5, 26, 27, 26,
    27, 26, 27, 0, 0, 0, 0, 0,
    0, 0, 0, 0, 0, 0, 0, 0,
    0, 0, 28, 0, 28, 0, 0, 0,
    0, 29, 30, 0, 31, 28, 0, 0,
    28, 0, 32, 0, 29, 0, 0, 28,
    0, 0, 0, 29, 0, 0, 32, 33,
    30, 29, 34, 30, 0, 0, 30, 35,
    36, 0, 31, 37, 35, 38, 39, 35,
    36, 40, 0, 41, 31, 38, 42, 38,
    39, 43, 35, 44, 38, 35, 35, 45,
    37, 35, 46, 37, 35, 31, 37, 35,
    37, 35, 0, 0, 0, 0, 0, 0,
    35, 0, 0, 0, 0, 0, 0, 0,
    0, 0, 0, 0, 0, 0, 0, 0,
    0, 0, 0, 0, 0, 0, 0, 0,
    0, 0, 0, 0, 0, 3, 3, 23,
    3, 2, 21, 3, 3, 19, 47, 3,
    23, 3, 3, 48, 3, 1, 3, 3,
    3, 47, 3, 48, 49, 3, 3, 3,
    47, 3, 3, 2, 3, 3, 2, 23,
    48, 2, 48, 3, 50, 3, 3, 23,
    3, 3, 49, 3, 48, 7, 2, 51,
    51, 52, 8, 53, 54, 51, 51, 51,
    52, 51, 51, 8, 51, 51, 8, 55,
    14, 8, 53, 51, 13, 51, 51, 55,
    51, 51, 54, 51, 53, 8, 8, 6,
    51, 8, 22, 51, 51, 56, 52, 51,
    57, 51, 51, 14, 51, 23, 55, 48,
    53, 2, 8, 25, 14, 3, 51, 3,
    58, 3, 51, 3, 51, 0, 59, 3,
    51, 48, 53, 49, 54, 3, 51, 3,
    51, 3, 6, 23, 55, 3, 51, 3,
    51, 3, 51, 2, 8, 2, 8, 23,
    55, 5, 14, 5, 14, 48, 53, 23,
    55, 50, 13, 50, 13, 3, 6, 60,
    61, 60, 61, 3, 48, 53, 3, 51,
    52, 3, 51, 3, 51, 50, 13, 3,
    51, 6, 1, 7, 1, 7, 1, 7,
    3, 8, 2, 8, 2, 8, 48, 53,
    49, 54, 49, 54, 3, 51, 3, 51,
    2, 8, 2, 8, 2, 8, 49, 54,
    48, 14, 48, 14, 48, 14, 50, 13,
    3, 51, 3, 51, 3, 51, 48, 53,
    48, 53, 0, 0, 0, 0, 0, 0,
    0, 0, 0, 0, 0, 0, 0, 0,
    0, 0, 0, 0, 0, 0, 0, 0,
    0, 0, 0, 0, 0, 0, 0, 0,
    0, 0, 0, 0, 0, 0, 0, 0,
    0, 0, 0, 0, 0, 62, 62, 62,
    0, 0, 0, 0, 0, 0, 0, 0,
    0, 0, 63, 63, 0, 0, 0, 0,
    0, 0, 0, 0, 0, 0, 0, 0,
    0, 0, 0, 0, 0, 0, 0, 0,
    0, 0, 0, 0, 0, 0, 0, 0,
    0, 0, 0, 0, 0, 0, 0, 0,
    0, 64, 0, 0, 0, 0, 65, 66,
    67, 68, 69, 0, 0, 0, 0, 0,
    0, 0, 0, 0, 0, 0, 0, 0,
    0, 0, 0, 0, 0, 0, 0, 0,
    0, 0, 62, 62, 62, 62, 62, 62,
    62, 0, 0, 0, 0, 0, 0, 0,
    0, 0, 0, 0, 0, 0, 0, 0,
    0, 0, 0, 0, 0, 0, 0, 0,
    0, 63, 0, 0, 0, 0, 0, 0,
    0, 0, 0, 0, 0, 0, 0, 0,
    0, 0, 0, 0, 0, 0, 0, 0,
    0, 0, 0, 0, 0, 0, 0, 0,
    0, 0, 0, 0, 0, 0, 0, 0,
    0, 0, 0, 0, 0, 0, 0, 0,
    0, 0, 0, 0, 0, 0, 0, 0,
    0, 0, 0, 0, 0, 0, 0, 0,
    0, 0, 0, 0, 0, 0, 0, 0,
    0, 0, 0, 0, 0, 0, 0, 0,
    0, 64, 0, 0, 0, 0, 70, 0,
    71, 72, 69, 0, 0, 0, 0, 0,
    0, 73, 73, 0, 74, 0, 74, 0,
    75, 0, 0, 0, 0, 0, 0, 0,
    0, 0, 0, 0, 0, 0, 0, 0,
    0, 0, 0, 0, 0, 0, 0, 0,
    0, 0, 0, 0, 0, 0, 0, 0,
    0, 0, 0, 0, 0, 0, 0, 0,
    0, 0, 0, 0, 0, 0, 0, 0,
    0, 0, 0, 0, 0, 0, 0, 0,
    0, 0, 0, 0, 62, 62, 0, 0,
    0, 0, 0, 0, 0, 0, 0, 0,
    0, 0, 0, 0, 0, 0, 0, 0,
    0, 0, 0, 0, 0, 0, 0, 0,
    0, 0, 0, 0, 0, 0, 0, 0,
    0, 0, 0, 0, 63, 0, 0, 0,
    63, 0, 0, 0, 0, 0, 0, 0,
    0, 0, 0, 0, 0, 0, 0, 0,
    0, 0, 0, 0, 0, 0, 0, 0,
    0, 0, 0, 0, 0, 0, 0, 0,
    0, 0, 0, 0, 0, 0, 0, 0,
    0, 0, 0, 0, 0, 0, 0, 0
};

/*Kern values between classes*/
static const int8_t kern_class_values[] =
{
    5, -4, 0, -6, -16, 0, 0, -2,
    0, 0, 0, 0, -4, -10, 0, 0,
    0, 0, 6, 0, 0, -2, -13, -2,
    -14, 0, -1, 0, 0, 0, 0, 0,
    0, 0, 0, 0, 0, 0, 0, 0,
    0, 0, 0, 0, 0, 0, 1, -13,
    0, -18, 0, 1, -13, 0, -18, 0,
    0, -10, -3, -26, -16, 0, 0, 0,
    0, 0, 0, 0, 0, 0, 0, 0,
    0, 0, 0, 0, -1, 0, 0, -3,
    0, -3, -3, 0, 0, 0, 0, -3,
    -3, 0, 0, 0, 0, 0, 0, 0,
    -3, 0, -5, -4, 0, -3, 0, 0,
    0, 0, 0, 0, 0, 0, 0, 0,
    0, 0, 0, 0, 0, 0, 0, 0,
    0, 0, -3, 0, 0, 0, 0, -5,
    0, 0, 0, 0, -5, 0, 0, -4,
    0, 0, 0, 0, 0, 0, 0, 0,
    0, 0, 0, 0, 0, 0, -7, -6,
    0, -1, -5, 0, -3, -8, 0, 0,
    0, 0, -7, 0, 0, 0, 0, 0,
    0, 0, -1, -8, -3, 0, -3, 0,
    -7, 0, 0, 0, 0, 0, 0, 0,
    0, 0, 0, 0, 0, 0, 0, 0,
    0, 0, 0, 0, -7, -7, 0, -3,
    0, -9, -7, -5, -6, 0, 0, -11,
    0, -12, -22, 0, 0, 0, 0, 0,
    0, 0, 0, 0, 0, 0, 0, 0,
    0, 0, 0, 0, 0, 0, 0, 0,
    0, 0, 0, 0, 0, 0, 0, 0,
    0, 0, 0, 0, 0, 0, 0, 0,
    0, -3, 0, 0, 0, 0, 0, 0,
    0, 0, 0, 0, 0, 0, 0, 0,
    0, 0, 0, 0, 0, 0, 0, -3,
    0, 0, -8, 0, 0, 0, 0, 0,
    0, 0, -3, 0, -3, -3, 0, 0,
    0, 0, 0, 0, 0, 0, 0, 0,
    0, 0, 0, 0, -4, 0, 0, 0,
    -12, 0, 0, 0, 0, 0, 0, 0,
    0, 0, 0, 0, 0, 0, -6, 31,
    0, 0, -4, 2, -8, -3, 0, 0,
    0, 0, 0, 0, 0, 0, 0, 0,
    0, 0, 0, 0, 0, 0, 0, 0,
    0, 0, -8, -10, -8, -6, 0, -7,
    -5, -7, -5, 31, 0, -5, 0, 0,
    -7, 0, 0, 0, 0, 0, 0, 0,
    0, 0, 0, 0, 0, 0, 0, -6,
    0, 0, 0, -4, 0, 0, 0, 0,
    0, 0, 0, 0, 0, 0, 0, 0,
    0, 0, -2, 0, 0, -5, 0, 0,
    0, 0, 0, 0, 0, 0, 0, 0,
    0, 0, 0, 0, 0, 0, 0, 0,
    0, 0, 0, 0, 0, -8, -4, 0,
    -9, 0, -6, -3, -6, -6, -2, 0,
    -6, 0, -7, -10, 0, 0, 0, 0,
    0, 0, 0, 0, 0, 0, 0, 0,
    0, 0, -16, -12, -5, -4, -1, 0,
    -25, -23, 13, -15, 11, 9, -13, -16,
    9, 9, 14, -9, -4, 9, -6, -26,
    -3, -8, -8, 0, -13, 0, 0, 0,
    0, 0, 0, 0, 0, 0, 0, 0,
    0, 0, 0, 0, 0, 0, 0, 0,
    -12, -12, 0, -5, -15, -22, -19, -21,
    -9, 9, 8, -13, 0, -10, -34, 0,
    0, 0, 0, 0, 0, 0, 0, 0,
    0, 0, 0, 0, 0, -12, 0, 0,
    0, -12, 0, -4, 0, 0, 0, 0,
    0, 0, 0, 0, 0, 0, 0, -15,
    -4, 0, 0, -10, 2, -4, -7, 0,
    0, 0, 0, 0, 0, 0, 0, 0,
    0, 0, 0, 0, 0, 0, 0, 0,
    0, 0, 0, 0, -12, 0, 0, 0,
    0, -4, 0, 0, -4, 0, 0, 0,
    0, 0, 0, 0, 0, 0, 0, 0,
    0, 0, 0, 0, 0, 0, 0, 0,
    -4, 0, 0, -7, -14, 0, -2, 0,
    0, 0, 0, 0, 0, -6, 0, 0,
    0, 0, 0, 0, 0, 0, -31, 0,
    -15, 0, -3, 0, 0, 0, 0, 0,
    0, 0, 0, 0, 0, 0, 0, 0,
    0, 0, 0, 0, 0, 0, -3, -4,
    -9, -10, 0, -2, -7, -2, -8, 0,
    0, -7, 0, -14, -7, 0, 0, 0,
    0, 0, 0, 0, 0, 0, 0, 0,
    0, 0, 0, 0, 0, 0, 0, 0,
    0, 0, 1, 0, 0, 0, 0, 0,
    -4, 0, 0, 0, 0, 0, 0, 0,
    0, 0, 0, 0, 0, 0, 0, 0,
    0, 0, 0, 0, 0, 0, 0, 0,
    0, 0, 0, 0, 0, 0, 0, 0,
    0, 0, 0, 0, -20, 0, 0, 0,
    0, -5, 0, 0, -5, 0, -20, -2,
    0, 0, 0, 0, 0, 0, 0, 0,
    0, 0, 0, 0, 0, 0, 0, 0,
    0, 0, -19, 0, -6, 0, 0, 0,
    0, 0, 0, -4, 0, 0, 0, 0,
    0, 0, 0, 0, -37, 0, -8, 0,
    -2, 0, 0, 0, 0, 0, 0, 0,
    0, 0, 0, 0, 0, 0, 0, 0,
    0, 0, 0, 0, -6, -14, 0, -8,
    0, -3, -6, -5, -8, 0, 0, -7,
    0, -8, -4, 0, 0, 0, 0, 0,
    0, 0, 0, 0, 0, 0, 0, 0,
    0, 0, -1, 0, -3, -8, -3, 0,
    -3, 0, 0, 0, 0, 0, -3, 0,
    0, 0, 0, 0, 0, 0, 0, -34,
    3, -5, 0, -3, 0, 0, 0, 0,
    0, 0, 0, 0, 0, 0, 0, 0,
    0, 0, 0, 0, 0, 0, 0, 0,
    0, 0, -1, 0, -6, -7, -7, -3,
    0, 0, -6, 0, -3, -11, 0, 0,
    0, 0, 0, 0, 0, 0, 0, 0,
    0, 0, 0, 0, 0, 0, 0, -5,
    -19, 0, 0, 0, 0, 0, 0, 0,
    0, 0, 0, 0, 0, 0, 0, 0,
    -6, 0, -32, 0, -3, 0, 0, 0,
    0, 0, 0, 0, 0, 0, 0, 0,
    0, 0, 0, 0, 0, 0, 0, 0,
    0, 0, 0, -16, -7, -16, 0, 0,
    0, -3, 0, 0, 0, -3, 0, -9,
    0, 0, 0, 0, 0, 0, 0, 0,
    0, 0, 0, 0, 0, 0, 0, -10,
    -3, 0, 0, -10, 0, -7, -6, 0,
    0, 0, 0, 0, -3, 0, 0, 0,
    0, 0, -6, -3, -3, -15, 6, 0,
    0, -4, 0, 0, 0, 0, 0, 0,
    0, 0, 0, 0, 0, 0, 0, 0,
    0, 0, 0, 0, 0, -10, -12, 0,
    -5, 0, -11, -12, -5, 1, -6, 0,
    -3, 0, -5, -10, 0, 0, 0, 0,
    0, 0, 0, 0, 0, 0, 0, 0,
    0, 0, 0, 0, 0, 0, 0, 0,
    0, 1, 0, 0, 0, 0, 0, -4,
    0, 0, 0, 0, 0, 8, 0, 0,
    0, 0, 0, 0, 0, 0, 0, 0,
    0, 0, 0, 0, 0, 0, 0, 0,
    0, 0, 0, 0, 0, 0, 0, 0,
    0, 0, 0, -20, 0, 0, 0, 0,
    -5, 0, 0, -5, 0, -20, -2, 0,
    0, 0, 0, 0, 0, 0, 0, 0,
    0, 0, 0, 0, 0, 0, 0, 0,
    0, 0, 26, 0, 0, 3, 3, 3,
    3, 3, 3, 3, 3, 3, 3, 0,
    0, 0, 0, 0, 17, 0, 0, 3,
    0, 0, 0, 0, 0, 0, 0, 0,
    0, 0, 0, 0, 0, 0, 0, 0,
    0, 0, 0, 0, 0, 0, 0, 3,
    0, 3, 0, 0, 0, 0, 0, 0,
    0, 0, 0, 0, 0, 0, 0, 0,
    0, 0, 0, 0, 0, 0, 0, 0,
    0, 0, 0, 0, 0, 0, 0, 0,
    0, 0, 0, 0, 0, 0, 0, 0,
    0, 0, 0, 0, 0, 0, 0, 5,
    0, 0, 0, 0, 0, 0, 0, 0,
    0, 0, 0, 0, 0, 0, 0, 0,
    0, 0, 0, 0, 0, 0, 0, 0,
    0, 0, 0, 0, 0, 0, 0, 0,
    0, 0, 0, 0, -2, 0, 0, 0,
    0, 0, 0, 0, 0, 0, 0, 0,
    0, 0, 0, 0, 0, 0, 0, -19,
    0, -6, 0, 0, 0, 0, 0, 0,
    -4, 0, 0, 0, 0, 0, 12, 0,
    0, -37, 0, -8, 0, -2, 0, 0,
    0, 0, 0, 0, 0, 0, 0, 0,
    0, 0, 0, 0, 0, 0, 0, 0,
    0, -6, -14, 0, -8, 0, -3, -6,
    -5, -8, 0, 0, -7, 0, -8, -4,
    0, 0, 0, 0, 0, 0, 0, 0,
    0, 0, 0, 0, 0, 0, 0, 0,
    0, -5, -19, 0, 0, 0, 0, 0,
    0, 0, 0, 0, 0, 0, 0, 0,
    0, 27, -6, 0, -32, 0, -3, 0,
    0, 0, 0, 0, 0, 0, 0, 0,
    0, 0, 0, 0, 0, 0, 0, 0,
    0, 0, 0, 0, 0, -16, -7, -16,
    0, 0, 0, -3, 0, 0, 0, -3,
    0, -9, 0, 0, 0, 0, 0, 0,
    0, 0, 0, 0, 0, 0, 0, 0,
    0, -11, -10, 0, -4, -18, 0, -5,
    -9, -4, -4, -4, -4, -7, -14, -4,
    -4, -4, -4, 0, -1, -6, -7, -17,
    -10, -15, 0, -9, 0, 0, 0, 0,
    0, 0, 0, 0, 0, 0, 0, 0,
    0, 0, 0, 0, 0, 0, 0, -1,
    -15, -9, -11, -4, 0, -16, -10, -17,
    -1, 0, -18, 0, -22, -31, 0, 0,
    0, 0, 0, 0, 0, 0, 0, 0,
    0, 0, 0, 0, 0, 0, 0, 0,
    -8, 0, -4, -8, -3, -3, -3, -3,
    -4, -11, -3, -3, -3, -3, 0, 0,
    0, -7, -10, 0, -3, 0, -5, 0,
    0, 0, 0, 0, 0, 0, 0, 0,
    0, 0, 0, 0, 0, 0, 0, 0,
    0, 0, 1, -3, 0, -6, -3, 3,
    -8, -9, 0, 0, 0, -7, 0, -5,
    -17, 0, 0, 0, 0, 0, 0, 0,
    0, 0, 0, 0, 0, 0, 0, 1,
    -5, 0, -5, -28, 0, 1, -3, 0,
    0, 0, 0, -3, -15, 0, 0, 0,
    0, 0, 0, -3, 0, -25, -2, -20,
    0, 0, 0, 0, 0, 0, 0, 0,
    0, 0, 0, 0, 0, 0, 0, 0,
    0, 0, 0, 0, 0, 0, -4, 0,
    0, 0, 0, -3, 0, 0, 0, 0,
    0, 0, 0, 0, 0, 0, 0, 0,
    0, 0, 0, 0, 0, 0, 0, 0,
    0, 0, 0, 0, 0, 0, -4, 0,
    -2, 0, 0, 0, 0, 0, 0, 0,
    0, 0, 0, 0, -4, 0, 0, 0,
    -4, 2, 0, 0, 0, 0, 0, 0,
    0, 0, 0, 0, 0, 0, 0, 0,
    0, 0, 0, 0, 0, 0, 0, 0,
    0, -8, 0, 0, 0, 0, 0, 0,
    0, 0, 0, 0, 0, 0, 0, 0,
    0, 0, 0, 0, 0, 0, 0, 0,
    0, 0, 0, 0, 0, -15, -9, -5,
    -7, -15, -3, -3, -5, -3, -3, -3,
    -3, 0, 6, -3, -3, -3, -3, 0,
    0, -6, -1, -15, 6, -10, 0, 0,
    0, 0, 0, 0, 0, 0, 0, 0,
    0, 0, 0, 0, 0, 0, 0, 0,
    0, 0, 0, -15, -16, -7, -6, -3,
    -14, -3, -8, 0, 0, 0, -5, 0,
    -5, -12, 0, 0, 0, 0, 0, 0,
    0, 0, 0, 0, 0, 0, 0, 0,
    0, 0, 0, 0, -6, 0, 0, 0,
    0, 0, 0, 0, 0, -4, 0, 0,
    0, 0, 0, 0, 0, 0, -4, 0,
    0, 0, 0, 0, 0, 0, 0, 0,
    0, 0, 0, 0, 0, 0, 0, 0,
    0, 0, 0, 0, 0, 0, -7, -5,
    0, -8, 0, 0, -4, -2, -5, 0,
    0, -6, 0, -12, -8, 0, 0, 0,
    0, 0, 0, 0, 0, 0, 0, 0,
    0, 0, 0, 0, 0, 0, 0, 0,
    0, 0, 0, 0, 0, 0, 0, 0,
    -4, 0, 0, 0, 0, 0, 0, 0,
    0, 0, 0, 0, 0, 0, 0, 0,
    0, 0, 0, 0, 0, 0, 0, 0,
    0, 0, 0, 0, 0, 0, 0, 0,
    0, 0, 0, 0, 0, 0, 0, -4,
    0, 0, 0, 0, -2, 0, 0, -4,
    0, 0, 0, 0, 0, 0, 0, 0,
    0, 0, 0, 0, 0, 0, -13, -4,
    0, -5, -3, 0, -11, -21, 5, -5,
    13, 7, -5, -13, 9, 12, 10, -5,
    -4, 11, -3, -15, 4, 1, -3, 0,
    -4, 0, 0, 0, 0, 0, 0, 0,
    0, 0, 0, 0, 0, 0, 0, 0,
    0, 0, 0, 0, -14, -12, 0, -5,
    -5, -26, -13, -17, -7, 11, 16, -11,
    0, -10, -41, 0, 0, 0, 0, 0,
    0, 0, 0, 0, 0, 0, 0, 0,
    0, 0, 0, 0, 0, 0, 0, 0,
    -7, 0, 0, 0, 0, 0, -4, 0,
    0, 0, 0, 0, 0, 0, 0, 0,
    -5, 0, 0, 0, 0, 0, 0, 0,
    0, 0, 0, 0, 0, 0, 0, 0,
    0, 0, 0, 0, 0, 0, 0, 0,
    0, 0, 0, 0, 0, 0, 0, 0,
    0, 0, 0, 0, 0, 0, 0, 0,
    0, 0, 0, 0, 0, 0, 0, 0,
    0, 0, 0, 0, 0, 0, 0, 0,
    0, 0, 0, -7, 5, 5, 5, 5,
    0, -4, 5, 5, 5, 5, 0, 4,
    0, 0, 0, -5, 0, 0, 0, 0,
    0, 0, 0, 0, 0, 0, 0, 0,
    0, 0, 0, 0, 0, 0, 0, 0,
    0, 0, 0, 0, 0, 0, 0, 0,
    0, 0, 0, 0, 0, 0, 0, 0,
    0, 0, 0, 0, 0, 0, 0, 0,
    0, 0, 0, 0, 0, 0, 0, 0,
    0, 0, -5, -19, 0, 0, 0, 0,
    0, 0, 0, 0, 0, 0, 0, 0,
    0, 0, 15, -6, 0, -32, 0, -3,
    0, 0, 0, 0, 0, 0, 0, 0,
    0, 0, 0, 0, 0, 0, 0, 0,
    0, 0, 0, 0, 0, 0, -16, -7,
    -16, 0, 0, 0, -3, 0, 0, 0,
    -3, 0, -9, 0, 0, 0, 0, 0,
    0, 0, 0, 0, 0, 0, 0, 0,
    0, 0, -14, -8, -6, 0, -8, 0,
    -21, -21, 7, -13, 14, 7, -12, -7,
    10, 7, 17, -8, -6, 12, -6, -22,
    -3, -1, 0, -4, -11, 0, 0, 0,
    0, 0, 0, 0, 0, 0, 0, 0,
    0, 0, 0, 0, 0, 0, 0, 0,
    -9, -9, -2, 0, -13, -15, -13, -18,
    -8, -8, 10, -13, 0, -10, -22, 0,
    0, 0, 0, 0, 0, 0, 0, 0,
    0, 0, 0, 0, 0, 0, -3, 0,
    0, 0, 0, 1, -5, 0, 0, 0,
    0, -3, -5, 0, 0, 0, 0, 0,
    0, 0, 0, 0, -3, 0, 0, 0,
    0, 0, 0, 0, 0, 0, 0, 0,
    0, 0, 0, 0, 0, 0, 0, 0,
    0, 0, 0, 0, -4, 0, 0, 0,
    0, 0, 0, 0, 0, 0, 0, 0,
    0, 0, 0, 0, 0, 0, 0, 0,
    0, 0, 0, 0, 0, 0, 0, 0,
    0, 0, 0, 0, 0, 0, 0, -3,
    0, 0, 0, 0, 0, -4, 0, 0,
    0, 0, 0, 0, 0, 0, 0, 1,
    0, 0, 0, 0, 0, 0, 0, 0,
    0, 0, 0, 0, 0, 0, 0, 0,
    0, 0, 0, 0, 0, 0, 0, 0,
    0, 0, 0, 0, -4, 0, 0, 0,
    0, 0, 0, 0, 0, 0, 0, 0,
    0, 0, 0, 0, 0, 0, 0, 0,
    0, 0, 0, 0, 0, 0, 0, 0,
    0, 0, 0, 0, 0, 0, 0, 0,
    0, 0, 0, 0, 0, 0, 0, 0,
    0, 0, 0, 0, 0, 0, 0, -8,
    -23, 0, 0, -27, 0, 0, 0, 0,
    0, 0, 0, 0, 0, 0, 0, 0,
    0, 0, 0, 0, 0, 0, 0, 0,
    0, 0, 0, 0, 0, 0, 0, 0,
    0, 0, 0, 0, 0, 0, 0, 0,
    0, 0, 0, 0, -27, 0, 0, 0,
    0, 0, 0, 0, 0, 0, 0, 0,
    0, 0, 0, 0, 0, 0, 0, 0,
    0, 0, 0, 0, 0, 0, 0, 0,
    0, 0, 0, 0, 0, 0, 0, 0,
    0, 0, 0, 0, 0, 0, 0, 0,
    0, 0, 0, 0, 0, 0, 0, 0,
    0, 0, 0, 0, 0, 0, 0, 0,
    0, 0, 0, 0, 0, 0, 0, 0,
    0, 0, 0, 0, 0, 0, 0, 0,
    -4, 0, 0, 0, 0, 0, 0, 0,
    0, 0, 0, 0, 0, 0, 0, 0,
    0, 0, 0, 0, 0, 0, 0, 0,
    0, 0, 0, 0, -8, 0, -4, 0,
    -4, -12, -8, 0, 0, 0, 0, 0,
    0, 0, 0, 0, 0, 0, 0, 0,
    0, 0, 0, 0, 0, 0, 0, 0,
    0, 0, 0, 0, 0, 0, 0, 0,
    0, 0, 0, 0, 0, 0, 0, 0,
    0, 0, 0, -15, 0, 0, 0, 0,
    0, 0, 0, 0, 0, 0, 0, 0,
    0, 0, 0, 0, 0, 0, 0, 0,
    0, 0, 0, 0, 0, 0, 0, -23,
    -8, 0, -12, 0, 0, 0, -19, -19,
    -12, -12, 0, -19, 0, 0, -19, 0,
    0, 0, 0, 0, 0, 0, 0, 0,
    0, 0, 0, 0, 0, 0, 0, 0,
    0, 0, 0, 0, 0, 0, 0, 0,
    0, 0, 0, 0, 0, 0, -23, 0,
    0, 0, 0, 0, 0, 0, 0, 0,
    0, 0, 0, 0, 0, 0, 0, 0,
    0, 0, 0, 0, 0, 0, 0, 0,
    0, 0, 0, 0, 0, 0, 0, 0,
    0, -8, -8, -4, 0, -8, -8, -8,
    0, -8, -8, -8, -8, 0, 0, 0,
    0, 0, 0, 0, 0, 0, 0, 0,
    0, 0, 0, 0, 0, 0, 0, 0,
    0, 0, 0, 0, 0, 0, 0, 0,
    15, -8, 0, 0, 0, 0, 0, 0,
    0, 0, 0, 0, 0, 0, 0, 0,
    0, 0, 0, 0, 0, 0, 0, 0,
    0, 0, 0, 0, 0, -27, -8, 0,
    -19, 0, 8, 0, -27, -27, -19, -19,
    -8, -27, 0, -8, -27, 0, 0, -8,
    0, 0, 0, 0, 0, 0, 0, 0,
    0, 0, 0, 0, 0, 0, 0, 0,
    0, 0, 0, 0, 0, 0, 0, 0,
    0, 0, -15, 0, -31, 0, 0, 0,
    0, 0, 0, 0, 0, 0, 0, 0,
    0, 0, 0, 0, 0, 0, 0, 0,
    0, 0, 0, 0, 0, 0, 0, 0,
    0, -4, 0, 0, 0, 0, 0, 0,
    0, 0, 0, 0, 0, 0, 0, 0,
    0, 0, 0, 0, 0, 0, 0, 0,
    0, 0, 0, 0, 0, 0, 0, 0,
    0, 0, 0, 0, 0, 0, 0, 0,
    0, 0, 0, 0, 0, 0, 0, 0,
    0, 0, 0, 0, 0, 0, 0, 0,
    0, 0, 0, 0, 0, 0, 0, 0,
    0, 0, 0, 0, 0, 0, 0, 0,
    0, 0, 0, 0, -8, 0, 0, 0,
    0, 0, 0, 0, 0, 0, 0, 0,
    0, 0, 0, 0, 0, 0, 0, 0,
    0, 0, 0, 0, 0, 0, 0, 0,
    0, 0, 0, 0, 0, 0, 0, 0,
    0, 0, 0, 0, 0, 0, 0, 0,
    0, 0, 0, 0, 0, 0, 0, 0,
    0, 0, 0, 0, 0, 0, 0, 0,
    0, 0, 0, 0, 0, 0, 0, 0,
    0, 0, 0, 0, 0, 0, -27, -8,
    0, -19, 0, 8, 0, -27, -27, -19,
    -19, -8, -27, 0, -8, -27, 0, 0,
    -8, 0, 0, 0, 0, 0, 0, 0,
    0, 0, 0, 0, 0, 0, 0, 0,
    0, 0, 0, 0, 0, 0, 0, 0,
    0, 0, 0, -15, 0, -23, 0, 0,
    0, 0, 0, 0, 0, 0, 0, 0,
    0, 0, 0, 0, 0, 0, 0, 0,
    0, 0, 0, 0, 0, 0, 0, 0,
    0, 0, 0, 0, 0, 0, 0, 0,
    -4, -8, -4, 0, -2, -8, -4, 0,
    -8, -4, -4, -4, 0, 0, 0, 0,
    0, 0, 0, 0, 0, 0, 0, 0,
    0, 0, 0, 0, 0, 0, 0, 0,
    0, 0, 0, 0, 0, 0, 0, 15,
    -8, 0, 0, 0, 0, 0, 0, 0,
    0, 0, 0, 0, 0, 0, 0, 0,
    0, 0, 0, 0, 0, 0, 0, 0,
    0, 0, 0, 0, 0, 0, 0, 0,
    0, 0, 0, -4, 0, 0, 0, 0,
    0, 0, 0, 0, 0, 0, 0, 0,
    0, 0, 0, 0, 0, 0, 0, 0,
    0, 0, 0, 0, 0, 0, 0, 0,
    0, 0, 0, 0, 0, 0, 0, 0,
    0, 0, 8, 0, 0, 0, 0, 0,
    0, 0, 0, 0, 0, 0, 0, 0,
    0, 0, 0, 0, 0, 0, 0, 0,
    0, 0, 0, 0, 0, 0, 0, 0,
    0, 0, 0, 0, 0, 0, 0, 0,
    0, 0, -2, 0, 0, 0, 0, -4,
    0, 0, 0, 0, 0, 0, 0, 0,
    0, 0, 0, 0, 0, 0, 0, 0,
    0, 0, 0, 0, 0, 0, 0, 0,
    0, 0, 0, 0, 0, -4, 0, 0,
    0, 0, 0, 0, 0, 0, 0, 0,
    0, 0, 0, 0, 0, 0, 0, 0,
    0, 0, 0, 0, 0, 0, 0, 0,
    0, 0, 0, 0, 0, 0, 0, 0,
    0, 0, 0, 0, 0, -8, 0, 0,
    -12, 0, -4, -4, -8, 0, 0, 0,
    0, 0, 0, 0, 0, 0, 0, 0,
    0, 0, 0, 0, 0, 0, 0, 0,
    0, 0, 0, 0, 0, 0, 0, 0,
    -4, 0, 0, 0, 0, 0, 0, 0,
    0, 0, 0, 0, 0, 0, 0, 0,
    0, 0, 0, 0, 0, 0, 0, 0,
    0, 0, 0, 0, 0, 0, 0, 0,
    0, 0, 0, 0, 0, 0, 0, 0,
    -8, 0, 0, -8, 0, 0, 0, -8,
    0, 0, 0, 0, 0, 0, 0, 0,
    0, 0, 0, 0, 0, 0, 0, 0,
    0, 0, 0, 0, 0, 0, 0, 0,
    0, 0, 0, -4, 0, 0, 0, 0,
    0, 0, 0, 0, 0, 0, 0, 0,
    0, 0, 0, 0, 0, 0, 0, 0,
    0, 0, 0, 0, 0, 0, 0, 0,
    0, 0, 0, 0, 0, 0, 0, -4,
    0, 0, 0, 0, 0, 0, -4, 0,
    0, 0, 0, 0, 0, 0, 0, 0,
    0, 0, 0, 0, 0, 0, 0, 0,
    0, 0, 0, 0, 0, 0, 0, 0,
    0, 0, 0, 0, 0, 0, 15, -15,
    0, 0, 0, 0, 0, 0, 0, 0,
    0, 0, 0, 0, 0, 0, 0, 0,
    0, 0, 0, 0, 0, 0, 0, 0,
    0, 0, 0, 0, 0, 0, 0, 0,
    0, 0, 0, 0, 0, 0, -8, 0,
    0, -8, 0, -4, -4, -8, 0, 0,
    0, 0, 0, 0, 0, 0, 0, 0,
    0, 0, 0, 0, 0, 0, 0, 0,
    0, 0, 0, 0, 0, 0, 0, 0,
    0, -4, 0, 0, 0, 0, 0, 0,
    0, 0, 0, 0, 0, 0, 0, 0,
    0, 0, 0, 0, 0, 0, 0, 0,
    0, 0, 0, 0, 0, 0, 0, 0,
    0, 0, 0, 0, 0, -10, -4, 0,
    0, 0, 0, 0, 0, 0, 0, -4,
    0, 0, 0, 0, 0, 0, 0, 0,
    0, 0, 0, 0, 0, 0, 0, 0,
    0, 0, 0, 0, 0, 0, 0, 0,
    0, 0, 0, 0, 8, 0, 0, 0,
    0, 0, 0, 0, 0, 0, 0, 0,
    0, 0, 0, 0, 0, 0, 0, 0,
    0, 0, 0, 0, 0, 0, 0, 0,
    0, 0, 0, 0, 0, 0, 0, 0,
    0, -4, 0, 0, 0, 0, 0, -8,
    0, 0, 0, 0, 0, 0, 0, 0,
    0, 0, 0, 0, 0, 0, 0, 0,
    0, 0, 0, 0, 0, 0, 0, 0,
    0, 0, 0, 0, 0, 0, 0, 0,
    0, 0, 0, 0, 0, 0, 0, 0,
    0, 0, 0, 0, 0, 0, 0, 0,
    0, 0, 0, 0, 0, 0, 0, 0,
    0, 0, 0, 0, 0, 0, 0, 0,
    0, 0, 0, -4, 0, 0, 0, -8,
    0, -8, 0, -4, -4, -8, -19, 0,
    0, 0, 0, 0, 0, 0, 0, 0,
    0, 0, 0, 0, 0, 0, 0, 0,
    0, 0, 0, 0, 0, 0, 0, 0,
    0, 0, 15, -8, 0, 0, 0, 0,
    0, 0, 0, 0, 0, 0, 0, 0,
    0, 0, 0, 0, 0, 0, 0, 0,
    0, 0, 0, 0, 0, 0, 0, 0,
    0, 0, -4, 0, 0, 0, -4, 0,
    -8, 0, 0, 0, 0, 0, 0, 0,
    0, 0, 0, 0, 0, 0, 0, 0,
    0, 0, 0, 0, 0, 0, 0, 0,
    0, 0, 0, 0, 0, 0, 0, 0,
    0, 0, 0, 0, 0, 8, 0, 0,
    0, 0, 0, 0, 0, 0, 0, 0,
    0, 0, 0, 0, 0, 0, 0, 0,
    0, 0, 0, 0, 0, 0, 0, 0,
    0, 0, 0, 0, 0, 0, 0, 0,
    0, -8, -8, 0, 0, 0, -8, 0,
    0, -8, 0, 0, 0, 0, 0, 0,
    0, 0, 0, 0, 0, 0, 0, 0,
    0, 0, 0, 0, 0, 0, 0, 0,
    0, 0, 0, 0, 0, 0, 0, 0,
    15, -15, 0, 0, 0, 0, 0, 0,
    0, 0, 0, 0, 0, 0, 0, 0,
    0, 0, 0, 0, 0, 0, 0, 0,
    0, 0, 0, 0, 0, 0, 0, 0,
    0, 0, 0, 0, -8, -8, 0, 0,
    0, -8, 0, 0, -8, 0, 0, 0,
    0, 0, 0, 0, 0, 0, 0, 0,
    0, 0, 0, 0, 0, 0, 0, 0,
    0, 0, 0, 0, 0, 0, 0, 0,
    0, 0, 0, 15, -8, 0, 0, 0,
    0, 0, 0, 0, 0, 0, 0, 0,
    0, 0, 0, 0, 0, 0, 0, 0,
    0, 0, 0, 0, 0, 0, 0, 0,
    0, 0, 0, 0, 0, 0, 0, -12,
    -8, -4, 0, 0, 0, 0, -13, 0,
    0, 0, 0, 0, 0, 0, 0, 0,
    0, 0, 0, 0, 0, 0, 0, 0,
    0, 0, 0, 0, 0, 0, 0, 0,
    0, 0, 0, 0, 0, 0, 15, 0,
    0, -8, 0, -15, -18, 0, 0, 0,
    0, 0, 0, 0, 0, -8, 0, 0,
    0, 0, 0, 0, -3, 0, -24, 0,
    -13, 0, 0, 0, 0, 0, 0, 0,
    0, 0, 0, 0, 0, 0, 0, 0,
    0, 0, 0, 0, 0, 0, 0, -10,
    0, -9, 0, -3, 0, 0, -7, 0,
    0, -3, 0, -18, -7, 0, 0, 0,
    0, 0, 0, 0, 0, 0, 0, 0,
    0, 0, 0, -51, -34, 0, 0, 0,
    -3, 0, -57, -39, -39, -39, -39, 0,
    -39, -39, -39, -39, -39, 0, 0, 0,
    0, 0, 0, 0, 0, 0, 0, 0,
    0, 0, 0, 0, 0, 0, 0, 0,
    0, 0, 0, 0, 0, 0, 0, 0,
    0, -34, 0, 0, -8, -39, -60, -40,
    -51, -36, 0, 0, 0, 0, -41, -81,
    0, 0, 0, 0, 0, 0, 0, 0,
    0, 0, 0, 0, 0, 0, -3, 0,
    0, 0, -17, 0, 0, 0, 0, 0,
    0, 0, 0, -8, 0, 0, 0, 0,
    -1, 0, -7, 0, -26, 0, -13, 0,
    0, 0, 0, 0, 0, 0, 0, 0,
    0, 0, 0, 0, 0, 0, 0, 0,
    0, 0, 0, 0, -9, -16, -8, -4,
    0, -6, -7, -6, -9, 0, 0, -7,
    0, -12, -6, 0, 0, 0, 0, 0,
    0, 0, 0, 0, 0, 0, 0, 0,
    0, -13, -10, -9, -4, -12, 0, -7,
    -12, -4, -4, -4, -4, -10, -11, -4,
    -4, -4, -4, 0, 0, -5, -8, -12,
    -9, -9, -4, -5, 0, 0, 0, 0,
    0, 0, 0, 0, 0, 0, 0, 0,
    0, 0, 0, 0, 0, 0, 0, -3,
    -7, -20, -14, -4, -5, -15, -14, -20,
    0, 0, -13, 0, -22, -31, 0, 0,
    0, 0, 0, 0, 0, 0, 0, 0,
    0, 0, 0, 0, -14, -8, -6, 0,
    -8, 0, -21, -21, -13, -13, -13, -13,
    -12, -7, -13, -13, -13, -13, -6, -8,
    -6, -22, -3, -1, 0, -4, -11, 0,
    0, 0, 0, 0, 0, 0, 0, 0,
    0, 0, 0, 0, 0, 0, 0, 0,
    0, 0, -9, -9, -2, 0, -13, -15,
    -13, -18, -8, -8, 10, -13, 0, -10,
    -22, 0, 0, 0, 0, 0, 0, 0,
    0, 0, 0, 0, 0, 0, 0, -1,
    0, 0, -5, -13, 0, 0, 0, 0,
    0, 0, 0, 0, -5, 0, 0, 0,
    0, 0, 0, 0, 0, -15, 0, -13,
    0, 0, 0, 0, 0, 0, 0, 0,
    0, 0, 0, 0, 0, 0, 0, 0,
    0, 0, 0, 0, 0, -7, -9, 0,
    -11, 0, -5, -9, -7, -11, 0, 0,
    -7, 0, -17, -8, 0, 0, 0, 0,
    0, 0, 0, 0, 0, 0, 0, 0,
    0, 0, 0, 0, 0, 0, -6, 0,
    0, 0, 0, 0, 0, 0, 0, 0,
    0, 0, 0, 0, 0, 0, 0, 0,
    -4, 0, -2, 0, 0, 0, 0, 0,
    0, 0, 0, 0, 0, 0, 0, 0,
    0, 0, 0, 0, 0, 0, 0, 0,
    0, -4, 0, 0, 0, 0, 0, 0,
    0, 0, 0, -8, 0, 0, -3, 0,
    0, 0, 0, 0, 0, 0, 0, 0,
    0, 0, 0, 0, 0, 1, 0, 0,
    0, -12, 0, 0, -5, 0, 0, 0,
    0, 0, -13, 0, 0, 0, 0, 0,
    0, 0, 0, -10, 0, -10, 0, 0,
    0, 0, 0, 0, 0, 0, 0, 0,
    0, 0, 0, 0, 0, 0, 0, 0,
    0, 0, 0, 0, 0, 0, -8, 0,
    0, -7, -6, -13, 0, 0, 0, 0,
    -17, -18, 0, 0, 0, 0, 0, 0,
    0, 0, 0, 0, 0, 0, 0, 0,
    -17, 0, -4, -3, -4, 0, -6, -5,
    -7, -7, -7, -7, 0, -3, -7, -7,
    -7, -7, -13, -4, 0, 0, -12, 2,
    -7, -7, 0, 0, 0, 0, 0, 0,
    0, 0, 0, 0, 0, 0, 0, 0,
    0, 0, 0, 0, 0, 0, -15, -10,
    -7, -7, -7, -16, -13, -7, -3, -4,
    0, -8, 0, -2, -7, 0, 0, 0,
    0, 0, 0, 0, 0, 0, 0, 0,
    0, 0, 0, -13, -4, 0, -5, -3,
    0, -11, -21, -5, -5, -5, -5, -5,
    -13, -5, -5, -5, -5, -4, 11, -3,
    -15, 4, 1, -3, 0, -4, 0, 0,
    0, 0, 0, 0, 0, 0, 0, 0,
    0, 0, 0, 0, 0, 0, 0, 0,
    0, -14, -12, 0, -5, -5, -26, -13,
    -17, -7, 11, 16, -11, 0, -10, -41,
    0, 0, 0, 0, 0, 0, 0, 0,
    0, 0, 0, 0, 0, 0, 0, 0,
    0, 0, 0, 0, 0, 0, 0, 0,
    0, 0, 0, 0, 0, 0, 0, 0,
    0, 0, 0, 0, 0, 0, 0, 0,
    0, 0, 0, 0, 0, 0, 0, 0,
    0, 0, 0, 0, 0, 0, 0, 0,
    0, 0, 0, 0, 0, 0, 0, 0,
    0, 0, 0, 0, 0, 0, 0, 0,
    0, 0, -3, 0, 0, 0, 0, 0,
    0, 0, 0, 0, 0, 0, 0, 0,
    0, -16, 0, 0, 0, -8, 0, 0,
    -9, 0, 0, 0, 0, 0, 1, 0,
    0, 0, 0, 0, 0, 0, 0, 0,
    0, -3, 0, 0, 0, 0, 0, 0,
    0, 0, 0, 0, 0, 0, 0, 0,
    0, 0, 0, 0, 0, 0, 0, -16,
    -14, -1, -4, 0, -13, -3, -5, 4,
    0, 0, -3, 0, 0, -7, 0, 0,
    0, 0, 0, 0, 0, 0, 0, 0,
    0, 0, 0, 0, 0, -3, 0, -5,
    -12, 0, -4, -7, 0, 0, 0, 0,
    -4, -12, 0, 0, 0, 0, 0, 2,
    -3, -4, -16, 0, -8, 0, -4, 0,
    0, 0, 0, 0, 0, 0, 0, 0,
    0, 0, 0, 0, 0, 0, 0, 0,
    0, 0, 0, 0, -3, -8, 0, 0,
    0, -11, -3, 2, 0, -6, 0, -7,
    -13, 0, 0, 0, 0, 0, 0, 0,
    0, 0, 0, 0, 0, 0, 0, 0,
    0, 0, 0, -13, 0, 0, 0, 0,
    0, 0, 0, 0, -13, 0, 0, 0,
    0, 0, 0, 0, 0, -42, 0, -15,
    0, 0, 0, 0, 0, 0, 0, 0,
    0, 0, 0, 0, 0, 0, 0, 0,
    0, 0, 0, 0, 0, -5, -12, 0,
    -27, 0, -6, -15, -3, -20, 0, 0,
    -6, 0, -20, -13, 0, 0, 0, 0,
    0, 0, 0, 0, 0, 0, 0, 0,
    0, 0, 0, 0, 0, 0, -11, 0,
    0, 0, 0, 0, 0, 0, 0, 0,
    0, 0, 0, 0, 0, 0, 0, 0,
    -24, 0, -12, 0, 0, 0, 0, 0,
    0, 0, 0, 0, 0, 0, 0, 0,
    0, 0, 0, 0, 0, 0, 0, 0,
    0, 0, 0, -3, 0, 0, 0, 0,
    0, 0, 0, -7, 0, 0, -2, 0,
    0, 0, 0, 0, 0, 0, 0, 0,
    0, 0, 0, 0, 0, 0, 0, 0,
    0, 0, 0, 0, -3, 0, 0, 0,
    0, -1, -11, 0, 0, 0, 0, 0,
    0, 0, 0, -9, 0, 0, 0, 0,
    0, 0, 0, 0, 0, 0, 0, 0,
    0, 0, 0, 0, 0, 0, 0, 0,
    0, 0, 0, 0, 0, 0, 0, 0,
    -3, -10, -1, -15, 0, 0, -14, 0,
    0, -9, 0, 0, 0, 0, 0, 0,
    0, 0, 0, 0, 0, 0, 0, 0,
    -12, -3, 0, 0, 0, 0, -7, -7,
    -4, -4, -4, -4, -7, 2, -4, -4,
    -4, -4, -6, -6, -1, -4, 2, 0,
    0, 0, -7, 0, 0, 0, 0, 0,
    0, 0, 0, 0, 0, 0, 0, 0,
    0, 0, 0, 0, 0, 0, -15, -7,
    -5, -5, -4, -14, -7, -9, -5, -6,
    0, -8, 0, -9, -9, 0, 0, 0,
    0, 0, 0, 0, 0, 0, 0, 0,
    0, 0, 0, 0, -10, 0, -8, -10,
    0, 0, 0, 0, 0, 0, 0, 0,
    0, 0, 0, 0, 0, 0, 0, -7,
    0, -32, 0, -8, 0, 0, 0, 0,
    0, 0, 0, 0, 0, 0, 0, 0,
    0, 0, 0, 0, 0, 0, 0, 0,
    0, -7, -10, -9, -15, 0, 0, -6,
    0, -9, 0, 0, -5, 0, -13, -10,
    0, 0, 0, 0, 0, 0, 0, 0,
    0, 0, 0, 0, 0, 0, -16, -12,
    -5, -4, -1, 0, -25, -23, -15, -15,
    -15, -15, -13, -16, -15, -15, -15, -15,
    -4, 9, -6, -26, -3, -8, -8, 0,
    -13, 0, 0, 0, 0, 0, 0, 0,
    0, 0, 0, 0, 0, 0, 0, 0,
    0, 0, 0, 0, -12, -12, 0, -5,
    -15, -22, -19, -21, -9, 9, 8, -13,
    0, -10, -34, 0, 0, 0, 0, 0,
    0, 0, 0, 0, 0, 0, 0, 0,
    0, 0, -3, 0, -5, -12, 0, -4,
    -7, 0, 0, 0, 0, -4, -12, 0,
    0, 0, 0, 0, 2, -3, -4, -16,
    0, -8, 0, -4, 0, 0, 0, 0,
    0, 0, 0, 0, 0, 0, 0, 0,
    0, 0, 0, 0, 0, 0, 0, 0,
    0, -3, -8, 0, 0, 0, -11, -3,
    19, 0, -6, 0, -7, -13, 0, 0,
    0, 0, 0, 0, 0, 0, 0, 0,
    0, 0, 0, 0, 0, 0, 0, 0,
    0, 0, 0, 0, 0, 0, 0, 0,
    0, 0, 0, 0, 0, 0, 0, 0,
    0, 0, 0, 0, 0, 0, 0, 0,
    0, 0, 0, 0, 0, 0, 0, 0,
    0, 0, 0, 0, 0, 0, 0, 0,
    0, 0, 0, 0, 0, 0, 0, 0,
    0, 0, 0, 0, 0, 0, 0, 0,
    0, 23, 65, 0, 0, 0, 0, 0,
    0, 0, 0, 0, 0, 0, 0, 0,
    0, 0, 0, 0, 0, 0, 0, 0,
    0, 0, 0, 0, 0, 0, 0, 0,
    0, 0, 0, 0, 0, 0, 0, 0,
    0, 0, 0, 0, 0, 0, 0, 0,
    0, 0, 0, 0, 0, 0, 0, 0,
    0, 0, 0, 0, 0, 0, 0, 0,
    0, 0, 0, 0, 0, 0, 0, 0,
    0, 0, 0, 0, 0, 0, 0, 0,
    -27, -8, -8, 0, 0, 0, 0, 0,
    0, 0, 0, 0, 0, 0, 0, 0,
    0, 0, 0, 0, 0, 0, 0, 0,
    0, 0, 0, 0, 0, 0, 0, 0,
    0, 0, 0, 0, 0, 0, 0, 0,
    0, 0, 0, 0, 0, 0, 0, 0,
    0, 0, 0, 0, 0, 0, 0, 0,
    0, 0, 0, 0, 0, 0, 0, 0,
    0, 0, 0, 0, 0, 0, 0, 0,
    0, 0, 0, -8, 0, 0, 0, 0,
    0, 0, 0, 0, 0, 0, 0, 0,
    0, 0, 0, 0, 0, 0, 0, 0,
    0, 0, 0, 0, 0, 0, 0, 0,
    0, 0, 0, 0, 0, 0, 0, 0,
    0, 0, 0, 0, 0, 0, 0, 0,
    0, 0, 0, 0, 0, 0, 0, 0,
    0, 0, 0, 0, 0, 0, 0, 0,
    0, 0, 0, 0, 0, 0, 0, 0,
    0, 0, 0, 0, -19, -23, 0, 0,
    -19, 8, -19, 0, -19, 0, 0, 0,
    0, 0, 0, 0, 0, 0, 0, 0,
    0, 0, 0, 0, 0, 0, 0, 0,
    0, 0, 0, 0, 0, 0, 0, 0,
    0, 0, 0, 0, 0, 0, 0, 0,
    0, 0, 0, 0, 0, 0, 0, 0,
    0, 0, 0, 0, 0, 0, 0, 0,
    0, 0, 0, 0, 0, 0, 0, 0,
    0, 0, 0, 0, 0, 0, 0, 0,
    0, -17, -12, 0, 0, 0, -12, 0,
    0, 0, 0, 0, 0, 0, 0, 0,
    0, 0, 0, 0, 0, 0, 0, 0,
    0, 0, 0, 0, 0, 0, 0, 0,
    0, 0, 0, 0, 0, 0, 0, 0,
    0, 0, 0, 0, 0, 0, 0, 0,
    0, 0, 0, 0, 0, 0, 0, 0,
    0, 0, 0, 0, 0, 0, 0, 0,
    0, 0, 0, 0, 0, 0, 0, 0,
    0, 0, 0, 0, -23, -12, 0, 0,
    0, -12, 0, 0, 0, 0, 0, 0,
    0, 0, 0, 0, 0, 0, 0, 0,
    0, 0, 0, 0, 0, 0, 0, 0,
    0, 0, 0, 0, 0, 0, 0, 0,
    0, 0, 0, 0, 0, 0, 0, 0,
    0, 0, 0, 0, 0, 0, 0, 0,
    0, 0, 0, 0, 0, 0, 0, 0,
    0, 0, 0, 0, 0, 0, 0, 0,
    0, 0, 0, 0, 0, -8, -12, 10,
    0, -17, 8, -12, 0, -17, 0, 0,
    0, 0, 0, 0, 0, 0, 0, 0,
    0, 0, 0, 0, 0, 0, 0, 0,
    0, 0, 0, 0, 0, 0, 0, 0,
    0, 0, 0, 0, 0, 0, 0, 0,
    0, 0, 0, 0, 0, 0, 0, 0,
    0, 0, 0, 0, 0, 0, 0, 0,
    0, 0, 0, 0, 0, 0, 0, 0,
    0, 0, 0, 0, 0, 0, 0, 0,
    -8, 0, -25, -15, 0, -8, 0, -15,
    0, 0, 0, 0, 0, 0, 0, 0,
    0, 0, 0, 0, 0, 0, 0, 0,
    0, 0, 0, 0, 0, 0, 0, 0,
    0, 0, 0, 0, 0, 0, 0, 0,
    0, 0, 0, 0, -15, 0, 0, 0,
    0, 0, 0, 0, 0, 0, 0, 0,
    0, 0, 0, 0, 0, 0, 0, 0,
    0, 0, 0, 0, 0, 0, 0, 0,
    0, 0, 0, 0, 0, 0, 0, 0,
    0, 0, 0, 0, 0, 0, 0
};


/*Collect the kern class' data in one place*/
static const lv_font_fmt_txt_kern_classes_t kern_classes =
{
    .class_pair_values   = kern_class_values,
    .left_class_mapping  = kern_left_class_mapping,
    .right_class_mapping = kern_right_class_mapping,
    .left_class_cnt      = 85,
    .right_class_cnt     = 75,
};

/*--------------------
 *  ALL CUSTOM DATA
 *--------------------*/

#if LVGL_VERSION_MAJOR == 8
/*Store all the custom data of the font*/
static  lv_font_fmt_txt_glyph_cache_t cache;
#endif

#if LVGL_VERSION_MAJOR >= 8
static const lv_font_fmt_txt_dsc_t font_dsc = {
#else
static lv_font_fmt_txt_dsc_t font_dsc = {
#endif
    .glyph_bitmap = glyph_bitmap,
    .glyph_dsc = glyph_dsc,
    .cmaps = cmaps,
    .kern_dsc = &kern_classes,
    .kern_scale = 16,
    .cmap_num = 13,
    .bpp = 4,
    .kern_classes = 1,
    .bitmap_format = 1,
#if LVGL_VERSION_MAJOR == 8
    .cache = &cache
#endif
};



/*-----------------
 *  PUBLIC FONT
 *----------------*/

/*Initialize a public general font descriptor*/
#if LVGL_VERSION_MAJOR >= 8
const lv_font_t extras_24 = {
#else
lv_font_t extras_24 = {
#endif
    .get_glyph_dsc = lv_font_get_glyph_dsc_fmt_txt,    /*Function pointer to get glyph's data*/
    .get_glyph_bitmap = lv_font_get_bitmap_fmt_txt,    /*Function pointer to get glyph's bitmap*/
    .line_height = 37,          /*The maximum line height required by the font*/
    .base_line = 10,             /*Baseline measured from the bottom of the line*/
#if !(LVGL_VERSION_MAJOR == 6 && LVGL_VERSION_MINOR == 0)
    .subpx = LV_FONT_SUBPX_NONE,
#endif
#if LV_VERSION_CHECK(7, 4, 0) || LVGL_VERSION_MAJOR >= 8
    .underline_position = -2,
    .underline_thickness = 1,
#endif
    .dsc = &font_dsc,          /*The custom font data. Will be accessed by `get_glyph_bitmap/dsc` */
#if LV_VERSION_CHECK(8, 2, 0) || LVGL_VERSION_MAJOR >= 9
    .fallback = NULL,
#endif
    .user_data = NULL,
};



#endif /*#if EXTRAS_24*/


#endif /* TLORA_PAGER */
