#include "device_caps.h"
// Was HAS_TANMATSU-only (Large/Huge UI-scale accented-Latin fallback); the T-Deck
// now also builds this for the "at a glance" notification's 20 px message body
// (see atGlanceEnsureFont() in UITask.cpp) -- an experiment to see whether a
// smaller-than-28px glance body is still legible on that panel.
#if defined(HAS_TANMATSU) || defined(HAS_TDECK_GT911)

/*******************************************************************************
 * Size: 20 px
 * Bpp: 4
 * Generated by scripts/build/gen-touch-fonts.sh with lv_font_conv 1.5.3
 * Sources: Montserrat Medium (LVGL v8.4.0)
 ******************************************************************************/

#if 1
#include "lvgl.h"
#else
#include "lvgl/lvgl.h"
#endif

#ifndef EXTRAS_LAT_20
#define EXTRAS_LAT_20 1
#endif

#if EXTRAS_LAT_20

/*-----------------
 *    BITMAPS
 *----------------*/

/*Store the image of the glyphs*/
static LV_ATTRIBUTE_LARGE_CONST const uint8_t glyph_bitmap[] = {
    /* U+00C0 "À" */
    0x0, 0xea, 0xf9, 0x0, 0xff, 0xe0, 0xd5, 0x1a,
    0xc0, 0x3f, 0xf8, 0x2b, 0xb8, 0x80, 0x1f, 0xfc,
    0x12, 0x74, 0x0, 0xff, 0xe0, 0xf7, 0xc0, 0x7,
    0xff, 0x1, 0x44, 0x18, 0x3, 0xff, 0x81, 0x0,
    0xa2, 0xc0, 0x1f, 0xe4, 0x25, 0xb0, 0xb0, 0xf,
    0xf7, 0x84, 0x8a, 0x92, 0x80, 0x7e, 0x24, 0x33,
    0x4, 0x84, 0x80, 0x7e, 0x80, 0x90, 0x1, 0x9e,
    0x0, 0xf0, 0xa8, 0xa8, 0x5, 0x21, 0x0, 0x1e,
    0x90, 0x90, 0xc, 0xa2, 0x84, 0x1, 0xcc, 0x11,
    0xff, 0xc2, 0x16, 0x1, 0x98, 0x49, 0x57, 0xe0,
    0x61, 0x0, 0xac, 0x3a, 0xab, 0xe6, 0x9, 0x0,
    0x29, 0x21, 0x80, 0x7d, 0x60, 0xc0, 0x9, 0xf,
    0x0, 0xfc, 0x4a, 0x2c,

    /* U+00C1 "Á" */
    0x0, 0xfc, 0x5b, 0xea, 0x1, 0xff, 0x1e, 0x6,
    0xa8, 0x7, 0xfc, 0x93, 0xa4, 0x1, 0xff, 0xc0,
    0x77, 0x0, 0x7f, 0xf0, 0xbb, 0xe0, 0x3, 0xff,
    0x80, 0xa2, 0xc, 0x1, 0xff, 0xc0, 0x80, 0x51,
    0x60, 0xf, 0xf2, 0x12, 0xd8, 0x58, 0x7, 0xfb,
    0xc2, 0x45, 0x49, 0x40, 0x3f, 0x12, 0x19, 0x82,
    0x42, 0x40, 0x3f, 0x40, 0x48, 0x0, 0xcf, 0x0,
    0x78, 0x54, 0x54, 0x2, 0x90, 0x80, 0xf, 0x48,
    0x48, 0x6, 0x51, 0x42, 0x0, 0xe6, 0x8, 0xff,
    0xe1, 0xb, 0x0, 0xcc, 0x24, 0xab, 0xf0, 0x30,
    0x80, 0x56, 0x1d, 0x55, 0xf3, 0x4, 0x80, 0x14,
    0x90, 0xc0, 0x3e, 0xb0, 0x60, 0x4, 0x87, 0x80,
    0x7e, 0x25, 0x16,

    /* U+00C2 "Â" */
    0x0, 0xf1, 0xf7, 0xd8, 0x7, 0xfc, 0x98, 0x98,
    0xb8, 0x20, 0x1f, 0xc7, 0x34, 0x7f, 0x68, 0x1,
    0xfc, 0xec, 0x0, 0x17, 0x50, 0xf, 0xfb, 0xbe,
    0x0, 0x3f, 0xf8, 0xa, 0x20, 0xc0, 0x1f, 0xfc,
    0x8, 0x5, 0x16, 0x0, 0xff, 0x21, 0x2d, 0x85,
    0x80, 0x7f, 0xbc, 0x24, 0x54, 0x94, 0x3, 0xf1,
    0x21, 0x98, 0x24, 0x24, 0x3, 0xf4, 0x4, 0x80,
    0xc, 0xf0, 0x7, 0x85, 0x45, 0x40, 0x29, 0x8,
    0x0, 0xf4, 0x84, 0x80, 0x65, 0x14, 0x20, 0xe,
    0x60, 0x8f, 0xfe, 0x10, 0xb0, 0xc, 0xc2, 0x4a,
    0xbf, 0x3, 0x8, 0x5, 0x61, 0xd5, 0x5f, 0x30,
    0x48, 0x1, 0x49, 0xc, 0x3, 0xeb, 0x6, 0x0,
    0x48, 0x78, 0x7, 0xe2, 0x51, 0x60,

    /* U+00C3 "Ã" */
    0x0, 0xff, 0xe4, 0xaf, 0x71, 0xc2, 0x64, 0x1,
    0xfd, 0x76, 0xdb, 0xf7, 0xb0, 0xf, 0xec, 0x53,
    0xce, 0xe1, 0x0, 0x7f, 0x10, 0x4, 0x20, 0x1f,
    0xfc, 0x1e, 0xf8, 0x0, 0xff, 0xe0, 0x28, 0x83,
    0x0, 0x7f, 0xf0, 0x20, 0x14, 0x58, 0x3, 0xfc,
    0x84, 0xb6, 0x16, 0x1, 0xfe, 0xf0, 0x91, 0x52,
    0x50, 0xf, 0xc4, 0x86, 0x60, 0x90, 0x90, 0xf,
    0xd0, 0x12, 0x0, 0x33, 0xc0, 0x1e, 0x15, 0x15,
    0x0, 0xa4, 0x20, 0x3, 0xd2, 0x12, 0x1, 0x94,
    0x50, 0x80, 0x39, 0x82, 0x3f, 0xf8, 0x42, 0xc0,
    0x33, 0x9, 0x2a, 0xfc, 0xc, 0x20, 0x15, 0x87,
    0x55, 0x7c, 0xc1, 0x20, 0x5, 0x24, 0x30, 0xf,
    0xac, 0x18, 0x1, 0x21, 0xe0, 0x1f, 0x89, 0x45,
    0x80,

    /* U+00C4 "Ä" */
    0x0, 0xe5, 0xf4, 0x9, 0xd1, 0x0, 0xfe, 0x30,
    0x10, 0x22, 0x0, 0x7f, 0x9b, 0x94, 0x2f, 0xc4,
    0x3, 0xfc, 0x20, 0x1f, 0xfc, 0x4e, 0xf8, 0x0,
    0xff, 0xe0, 0x28, 0x83, 0x0, 0x7f, 0xf0, 0x20,
    0x14, 0x58, 0x3, 0xfc, 0x84, 0xb6, 0x16, 0x1,
    0xfe, 0xf0, 0x91, 0x52, 0x50, 0xf, 0xc4, 0x86,
    0x60, 0x90, 0x90, 0xf, 0xd0, 0x12, 0x0, 0x33,
    0xc0, 0x1e, 0x15, 0x15, 0x0, 0xa4, 0x20, 0x3,
    0xd2, 0x12, 0x1, 0x94, 0x50, 0x80, 0x39, 0x82,
    0x3f, 0xf8, 0x42, 0xc0, 0x33, 0x9, 0x2a, 0xfc,
    0xc, 0x20, 0x15, 0x87, 0x55, 0x7c, 0xc1, 0x20,
    0x5, 0x24, 0x30, 0xf, 0xac, 0x18, 0x1, 0x21,
    0xe0, 0x1f, 0x89, 0x45, 0x80,

    /* U+00C5 "Å" */
    0x0, 0xf1, 0x66, 0xc8, 0x7, 0xff, 0x3, 0xbf,
    0x41, 0x80, 0x3f, 0xf9, 0xfd, 0x1a, 0xc, 0x1,
    0xff, 0x15, 0xec, 0x80, 0x7f, 0xf4, 0x7b, 0xe0,
    0x3, 0xff, 0x80, 0xa2, 0xc, 0x1, 0xff, 0xc0,
    0x80, 0x51, 0x60, 0xf, 0xf2, 0x12, 0xd8, 0x58,
    0x7, 0xfb, 0xc2, 0x45, 0x49, 0x40, 0x3f, 0x12,
    0x19, 0x82, 0x42, 0x40, 0x3f, 0x40, 0x48, 0x0,
    0xcf, 0x0, 0x78, 0x54, 0x54, 0x2, 0x90, 0x80,
    0xf, 0x48, 0x48, 0x6, 0x51, 0x42, 0x0, 0xe6,
    0x8, 0xff, 0xe1, 0xb, 0x0, 0xcc, 0x24, 0xab,
    0xf0, 0x30, 0x80, 0x56, 0x1d, 0x55, 0xf3, 0x4,
    0x80, 0x14, 0x90, 0xc0, 0x3e, 0xb0, 0x60, 0x4,
    0x87, 0x80, 0x7e, 0x25, 0x16,

    /* U+00C6 "Æ" */
    0x0, 0xfc, 0x3d, 0xff, 0xfe, 0x80, 0xf, 0xd0,
    0x22, 0x1, 0x33, 0xfb, 0x80, 0x3e, 0x26, 0x2b,
    0x4, 0xcc, 0xf9, 0x80, 0x3e, 0xe0, 0x90, 0xf,
    0xfe, 0x2a, 0x9a, 0xa0, 0x7, 0xff, 0x16, 0xc2,
    0x0, 0x3f, 0xf8, 0xb0, 0x2e, 0x40, 0x12, 0xff,
    0xfa, 0x80, 0x38, 0x9c, 0x60, 0x3, 0x9, 0x9f,
    0xb4, 0x3, 0xa4, 0x2c, 0x3, 0x93, 0x33, 0xce,
    0x1, 0x95, 0x2, 0xbf, 0xea, 0x0, 0xff, 0xe0,
    0xd8, 0x2a, 0xf1, 0x80, 0x7f, 0xf0, 0x20, 0x5a,
    0xab, 0xa4, 0x3, 0xfe, 0x27, 0x19, 0x0, 0xf9,
    0x33, 0x3e, 0xa0, 0x90, 0xb0, 0xf, 0xc2, 0x67,
    0xf3, 0x80,

    /* U+00C7 "Ç" */
    0x0, 0xc2, 0xf9, 0xdf, 0xd6, 0xa0, 0x1c, 0xbf,
    0x6, 0x24, 0x9, 0x58, 0x20, 0x5, 0xa1, 0x6d,
    0xfd, 0xec, 0x43, 0x40, 0x2a, 0x9, 0x91, 0x0,
    0x47, 0x78, 0xa1, 0x40, 0xcc, 0x0, 0xf8, 0xc0,
    0xa, 0x14, 0x1, 0xff, 0x10, 0x18, 0x7, 0xff,
    0x34, 0x80, 0xc0, 0x3f, 0xe5, 0xa, 0x0, 0xff,
    0xa8, 0x19, 0x80, 0x1f, 0x18, 0x0, 0xa8, 0x26,
    0x8c, 0x2, 0x3b, 0xc5, 0x0, 0x2d, 0xa, 0xe7,
    0xef, 0xe2, 0x1a, 0x0, 0x4b, 0xf0, 0x60, 0x42,
    0x95, 0x82, 0x1, 0x85, 0xf1, 0x23, 0xad, 0x40,
    0x3f, 0x8e, 0xa8, 0x1, 0xfe, 0x18, 0xa5, 0x0,
    0xfe, 0x1e, 0xf8, 0x80, 0x7, 0xf0, 0xff, 0x7b,
    0x80, 0x60,

    /* U+00C8 "È" */
    0x2, 0xcf, 0x60, 0xf, 0x8b, 0x1e, 0x5c, 0x3,
    0xf4, 0x5f, 0x90, 0x7, 0xe4, 0x82, 0x0, 0xdd,
    0xff, 0xfc, 0x1, 0x11, 0x9f, 0xc0, 0x16, 0x67,
    0xe0, 0xf, 0xfe, 0xc7, 0x7f, 0xf8, 0x80, 0x23,
    0x3f, 0xc0, 0x16, 0xe6, 0x78, 0x40, 0x3f, 0xfb,
    0x1b, 0x99, 0xf1, 0x80, 0xc, 0xff, 0x38,

    /* U+00C9 "É" */
    0x0, 0xe4, 0xfd, 0x30, 0xf, 0x2d, 0xae, 0x98,
    0x7, 0x9, 0x55, 0x0, 0x3e, 0x17, 0x50, 0xe,
    0xef, 0xff, 0xe0, 0x8, 0x8c, 0xfe, 0x0, 0xb3,
    0x3f, 0x0, 0x7f, 0xf6, 0x3b, 0xff, 0xc4, 0x1,
    0x19, 0xfe, 0x0, 0xb7, 0x33, 0xc2, 0x1, 0xff,
    0xd8, 0xdc, 0xcf, 0x8c, 0x0, 0x67, 0xf9, 0xc0,

    /* U+00CA "Ê" */
    0x0, 0x9b, 0xfd, 0x0, 0x1e, 0x79, 0x8a, 0x79,
    0x0, 0xc2, 0x16, 0xeb, 0x82, 0x40, 0x10, 0xba,
    0x0, 0xe, 0x8, 0x1, 0xdf, 0xff, 0xc0, 0x11,
    0x19, 0xfc, 0x1, 0x66, 0x7e, 0x0, 0xff, 0xec,
    0x77, 0xff, 0x88, 0x2, 0x33, 0xfc, 0x1, 0x6e,
    0x67, 0x84, 0x3, 0xff, 0xb1, 0xb9, 0x9f, 0x18,
    0x0, 0xcf, 0xf3, 0x80,

    /* U+00CB "Ë" */
    0x0, 0x4f, 0x8, 0x6d, 0x0, 0x71, 0x88, 0x0,
    0xd8, 0x3, 0xab, 0xc4, 0x3b, 0x0, 0x3f, 0xf8,
    0x5d, 0xff, 0xfc, 0x1, 0x11, 0x9f, 0xc0, 0x16,
    0x67, 0xe0, 0xf, 0xfe, 0xc7, 0x7f, 0xf8, 0x80,
    0x23, 0x3f, 0xc0, 0x16, 0xe6, 0x78, 0x40, 0x3f,
    0xfb, 0x1b, 0x99, 0xf1, 0x80, 0xc, 0xff, 0x38,

    /* U+00CC "Ì" */
    0x1c, 0xf6, 0x0, 0xe, 0x3c, 0xc0, 0x5, 0x16,
    0x4, 0x1, 0x24, 0x10, 0x5, 0xde, 0x20, 0x1f,
    0xff, 0xf0, 0x8,

    /* U+00CD "Í" */
    0x0, 0x27, 0xe9, 0x82, 0xda, 0xe1, 0x89, 0x55,
    0x4, 0x5, 0xd4, 0x3, 0x77, 0x88, 0x7, 0xff,
    0xfc, 0x3, 0x80,

    /* U+00CE "Î" */
    0x0, 0x2f, 0xfa, 0x0, 0x26, 0xa7, 0xa7, 0x90,
    0x11, 0x5c, 0x2e, 0x89, 0x8b, 0xa0, 0x0, 0xa0,
    0xc0, 0x2e, 0xf1, 0x0, 0xff, 0xff, 0x80, 0x7f,
    0xf4, 0xc0,

    /* U+00CF "Ï" */
    0x8e, 0x10, 0xcb, 0x21, 0x30, 0x26, 0xaf, 0x20,
    0xed, 0x0, 0xfd, 0xde, 0x20, 0x1f, 0xff, 0xf0,
    0xc,

    /* U+00D0 "Ð" */
    0x0, 0x5f, 0xff, 0xb6, 0x94, 0x3, 0xf1, 0x19,
    0xc4, 0x45, 0xac, 0x20, 0xf, 0x4e, 0x65, 0xbf,
    0x66, 0x6c, 0x20, 0xf, 0xf9, 0x31, 0x47, 0x80,
    0x3f, 0xf8, 0x34, 0x26, 0x60, 0xf, 0xfe, 0xb,
    0x5, 0xe7, 0xa0, 0x5f, 0xfc, 0x60, 0x1b, 0x40,
    0xad, 0x40, 0x2, 0xab, 0x8, 0x7, 0xcf, 0x48,
    0x15, 0x58, 0x80, 0x36, 0x81, 0x0, 0x7f, 0xf0,
    0x58, 0x2c, 0x3, 0xff, 0x81, 0x22, 0x66, 0x0,
    0xff, 0x26, 0x30, 0xf0, 0x7, 0x4e, 0x65, 0xbf,
    0x66, 0x58, 0x40, 0x1c, 0x46, 0x71, 0x11, 0x6b,
    0x48, 0x0,

    /* U+00D1 "Ñ" */
    0x0, 0xff, 0xe2, 0x47, 0xea, 0x86, 0x28, 0x7,
    0x13, 0xec, 0x43, 0xc1, 0x40, 0x38, 0xb8, 0x97,
    0x7b, 0x0, 0x3e, 0x10, 0x8, 0x40, 0x3b, 0xbc,
    0x80, 0x3e, 0xdf, 0x20, 0x7, 0x88, 0x7, 0xfc,
    0x54, 0x1, 0xff, 0xa, 0x40, 0x7, 0xfa, 0x81,
    0xd4, 0x3, 0xf9, 0x68, 0x28, 0xc0, 0x3f, 0x95,
    0xc3, 0x44, 0x3, 0xfa, 0x10, 0x74, 0x3, 0xfd,
    0x44, 0x72, 0x1, 0xfc, 0x3e, 0xc, 0xc0, 0xf,
    0xe2, 0xa0, 0x92, 0x0, 0xfe, 0x57, 0x0, 0xff,
    0xe0, 0x42, 0x0, 0x7f, 0xf0, 0x2c, 0x80, 0x0,

    /* U+00D2 "Ò" */
    0x0, 0xe7, 0x83, 0x0, 0xff, 0xe0, 0xa3, 0x69,
    0x0, 0x7f, 0xf0, 0xf, 0xf, 0x4, 0x3, 0xff,
    0x80, 0x59, 0x28, 0x1, 0xff, 0xc1, 0x17, 0x50,
    0xf, 0xf0, 0xb6, 0x77, 0xf5, 0xa8, 0x7, 0xc9,
    0xf2, 0x60, 0x42, 0x95, 0xa6, 0x1, 0x96, 0xc5,
    0xb7, 0xb7, 0xf1, 0xb, 0x8, 0x0, 0x34, 0x13,
    0x22, 0x0, 0x8e, 0xd8, 0x3c, 0x1, 0x20, 0xcc,
    0x0, 0xfa, 0x48, 0x8a, 0xa, 0x14, 0x1, 0xfd,
    0x61, 0xe0, 0x40, 0x60, 0x1f, 0xca, 0xc, 0x1,
    0xff, 0xc5, 0x20, 0x30, 0xf, 0xe5, 0x6, 0x5,
    0xa, 0x0, 0xfe, 0xb0, 0xf0, 0x90, 0x66, 0x0,
    0x7d, 0x24, 0x45, 0x1, 0xa0, 0x9a, 0x20, 0x8,
    0xed, 0x83, 0xc0, 0x25, 0xb1, 0x5d, 0xfd, 0xfc,
    0x42, 0xc2, 0x0, 0xc9, 0xf0, 0x62, 0x42, 0x95,
    0xa6, 0x0,

    /* U+00D3 "Ó" */
    0x0, 0xfe, 0x48, 0x60, 0xf, 0xfe, 0x2, 0x5a,
    0xb8, 0x7, 0xfc, 0x76, 0x78, 0x20, 0x1f, 0xf2,
    0xc6, 0x8, 0x7, 0xff, 0x1, 0x9c, 0x3, 0xfe,
    0x16, 0xce, 0xfe, 0xb5, 0x0, 0xf9, 0x3e, 0x4c,
    0x8, 0x52, 0xb4, 0xc0, 0x32, 0xd8, 0xb6, 0xf6,
    0xfe, 0x21, 0x61, 0x0, 0x6, 0x82, 0x64, 0x40,
    0x11, 0xdb, 0x7, 0x80, 0x24, 0x19, 0x80, 0x1f,
    0x49, 0x11, 0x41, 0x42, 0x80, 0x3f, 0xac, 0x3c,
    0x8, 0xc, 0x3, 0xf9, 0x41, 0x80, 0x3f, 0xf8,
    0xa4, 0x6, 0x1, 0xfc, 0xa0, 0xc0, 0xa1, 0x40,
    0x1f, 0xd6, 0x1e, 0x12, 0xc, 0xc0, 0xf, 0xa4,
    0x88, 0xa0, 0x34, 0x13, 0x44, 0x1, 0x1d, 0xb0,
    0x78, 0x4, 0xb6, 0x2b, 0xbf, 0xbf, 0x88, 0x58,
    0x40, 0x19, 0x3e, 0xc, 0x48, 0x52, 0xb4, 0xc0,
    0x0,

    /* U+00D4 "Ô" */
    0x0, 0xf9, 0x61, 0x0, 0x3f, 0xf8, 0xd, 0x4d,
    0x68, 0x1, 0xfe, 0x49, 0x6e, 0x4b, 0x20, 0xf,
    0xe3, 0x99, 0x5, 0xc2, 0x0, 0x7f, 0x3b, 0x0,
    0x4e, 0xc0, 0x1f, 0x85, 0xb3, 0xbf, 0xad, 0x40,
    0x3e, 0x4f, 0x93, 0x2, 0x14, 0xad, 0x30, 0xc,
    0xb6, 0x2d, 0xbd, 0xbf, 0x88, 0x58, 0x40, 0x1,
    0xa0, 0x99, 0x10, 0x4, 0x76, 0xc1, 0xe0, 0x9,
    0x6, 0x60, 0x7, 0xd2, 0x44, 0x50, 0x50, 0xa0,
    0xf, 0xeb, 0xf, 0x2, 0x3, 0x0, 0xfe, 0x50,
    0x60, 0xf, 0xfe, 0x29, 0x1, 0x80, 0x7f, 0x28,
    0x30, 0x28, 0x50, 0x7, 0xf5, 0x87, 0x84, 0x83,
    0x30, 0x3, 0xe9, 0x22, 0x28, 0xd, 0x4, 0xd1,
    0x0, 0x47, 0x6c, 0x1e, 0x1, 0x2d, 0x8a, 0xef,
    0xef, 0xe2, 0x16, 0x10, 0x6, 0x4f, 0x83, 0x12,
    0x14, 0xad, 0x30, 0x0,

    /* U+00D5 "Õ" */
    0x0, 0xff, 0xe4, 0xa7, 0x71, 0xc1, 0xe8, 0x3,
    0xfa, 0x21, 0x98, 0xf8, 0x90, 0xf, 0xee, 0x62,
    0xbe, 0xf3, 0x0, 0xfe, 0x20, 0x8, 0x40, 0x3f,
    0xc2, 0xd9, 0xdf, 0xd6, 0xa0, 0x1f, 0x27, 0xc9,
    0x81, 0xa, 0x56, 0x98, 0x6, 0x5b, 0x16, 0xde,
    0xdf, 0xc4, 0x2c, 0x20, 0x0, 0xd0, 0x4c, 0x88,
    0x2, 0x3b, 0x60, 0xf0, 0x4, 0x83, 0x30, 0x3,
    0xe9, 0x22, 0x28, 0x28, 0x50, 0x7, 0xf5, 0x87,
    0x81, 0x1, 0x80, 0x7f, 0x28, 0x30, 0x7, 0xff,
    0x14, 0x80, 0xc0, 0x3f, 0x94, 0x18, 0x14, 0x28,
    0x3, 0xfa, 0xc3, 0xc2, 0x41, 0x98, 0x1, 0xf4,
    0x91, 0x14, 0x6, 0x82, 0x68, 0x80, 0x23, 0xb6,
    0xf, 0x0, 0x96, 0xc5, 0x77, 0xf7, 0xf1, 0xb,
    0x8, 0x3, 0x27, 0xc1, 0x89, 0xa, 0x56, 0x98,
    0x0,

    /* U+00D6 "Ö" */
    0x0, 0xf0, 0x80, 0x7f, 0xf0, 0x93, 0x98, 0x27,
    0xc8, 0x3, 0xf9, 0xc0, 0xc0, 0x44, 0x1, 0xfe,
    0x3f, 0x50, 0x8e, 0x20, 0xf, 0xfe, 0x60, 0xb6,
    0x77, 0xf5, 0xa8, 0x7, 0xc9, 0xf2, 0x60, 0x42,
    0x95, 0xa6, 0x1, 0x96, 0xc5, 0xb7, 0xb7, 0xf1,
    0xb, 0x8, 0x0, 0x34, 0x13, 0x22, 0x0, 0x8e,
    0xd8, 0x3c, 0x1, 0x20, 0xcc, 0x0, 0xfa, 0x48,
    0x8a, 0xa, 0x14, 0x1, 0xfd, 0x61, 0xe0, 0x40,
    0x60, 0x1f, 0xca, 0xc, 0x1, 0xff, 0xc5, 0x20,
    0x30, 0xf, 0xe5, 0x6, 0x5, 0xa, 0x0, 0xfe,
    0xb0, 0xf0, 0x90, 0x66, 0x0, 0x7d, 0x24, 0x45,
    0x1, 0xa0, 0x9a, 0x20, 0x8, 0xed, 0x83, 0xc0,
    0x25, 0xb1, 0x5d, 0xfd, 0xfc, 0x42, 0xc2, 0x0,
    0xc9, 0xf0, 0x62, 0x42, 0x95, 0xa6, 0x0,

    /* U+00D7 "×" */
    0x0, 0xfc, 0x96, 0x1, 0x16, 0x9, 0xa5, 0x1,
    0x61, 0x93, 0xb9, 0x6b, 0x7, 0xc, 0x21, 0x94,
    0x6c, 0xc0, 0x2, 0x80, 0xd, 0x0, 0xe, 0x15,
    0x2b, 0x48, 0x59, 0x52, 0xd2, 0xb2, 0x5d, 0x28,
    0x2, 0xa5, 0x0,

    /* U+00D8 "Ø" */
    0x0, 0xff, 0xe0, 0xde, 0x80, 0x7f, 0xf0, 0x59,
    0x38, 0x3, 0x85, 0xb3, 0xbf, 0xad, 0xe6, 0xc,
    0x3, 0x27, 0xc9, 0x81, 0xa, 0x40, 0x20, 0x6,
    0x5b, 0x16, 0xde, 0xdf, 0x50, 0x6, 0x10, 0x0,
    0x68, 0x26, 0x44, 0x0, 0x25, 0x86, 0xf, 0x0,
    0x48, 0x33, 0x0, 0x37, 0x23, 0xc9, 0x11, 0x41,
    0x42, 0x80, 0x34, 0x1d, 0x0, 0x2c, 0x3c, 0x8,
    0xc, 0x2, 0x37, 0xa1, 0x0, 0x28, 0x30, 0x7,
    0xdc, 0xaa, 0x0, 0xf8, 0x80, 0xc0, 0x12, 0x76,
    0x1, 0x94, 0x18, 0x14, 0x28, 0x11, 0xa8, 0x40,
    0x35, 0x87, 0x84, 0x83, 0x3d, 0x32, 0x0, 0x69,
    0x22, 0x28, 0xd, 0x4, 0xd, 0x0, 0x47, 0x6c,
    0x1e, 0x1, 0x2b, 0x0, 0x33, 0xf7, 0xf1, 0xb,
    0x8, 0x2, 0x17, 0x58, 0x31, 0x21, 0x4a, 0xd3,
    0x0, 0xd4, 0x74, 0xf9, 0xdf, 0xd6, 0xa0, 0x1c,
    0x27, 0xe0, 0x1f, 0xfc, 0x0,

    /* U+00D9 "Ù" */
    0x0, 0x8e, 0x1c, 0x3, 0xfc, 0x63, 0x12, 0x1,
    0xfe, 0x98, 0x68, 0x0, 0xff, 0x3d, 0x78, 0x80,
    0x7f, 0x95, 0xc4, 0x3, 0xbf, 0xc0, 0x1f, 0x17,
    0xe8, 0x7, 0xff, 0xfc, 0x3, 0xff, 0x86, 0x20,
    0x1f, 0xfc, 0x22, 0x3, 0x0, 0xf3, 0x83, 0x2,
    0x5, 0x0, 0x7a, 0x43, 0x2, 0xc1, 0xa0, 0x2,
    0x1a, 0x31, 0x60, 0x2a, 0x7, 0xfd, 0xee, 0x28,
    0xe8, 0x4, 0xba, 0xc4, 0x41, 0x27, 0xf3, 0x0,

    /* U+00DA "Ú" */
    0x0, 0xfc, 0xf0, 0x40, 0x1f, 0xd7, 0x1e, 0x40,
    0x1f, 0xa9, 0x29, 0xc0, 0x3f, 0x11, 0x31, 0x40,
    0x3f, 0x8a, 0xc, 0x3, 0xdf, 0xe0, 0xf, 0x8b,
    0xf4, 0x3, 0xff, 0xfe, 0x1, 0xff, 0xc3, 0x10,
    0xf, 0xfe, 0x11, 0x1, 0x80, 0x79, 0xc1, 0x81,
    0x2, 0x80, 0x3d, 0x21, 0x81, 0x60, 0xd0, 0x1,
    0xd, 0x18, 0xb0, 0x15, 0x3, 0xfe, 0xf7, 0x14,
    0x74, 0x2, 0x5d, 0x62, 0x20, 0x93, 0xf9, 0x80,

    /* U+00DB "Û" */
    0x0, 0xe1, 0x87, 0x0, 0xff, 0x63, 0xc5, 0x80,
    0x7e, 0xb3, 0xcb, 0x49, 0x0, 0xf1, 0x9b, 0xd,
    0x30, 0x48, 0x3, 0x8e, 0x8, 0x0, 0x70, 0x40,
    0x17, 0xf8, 0x3, 0xe2, 0xfd, 0x0, 0xff, 0xff,
    0x80, 0x7f, 0xf0, 0xc4, 0x3, 0xff, 0x84, 0x40,
    0x60, 0x1e, 0x70, 0x60, 0x40, 0xa0, 0xf, 0x48,
    0x60, 0x58, 0x34, 0x0, 0x43, 0x46, 0x2c, 0x5,
    0x40, 0xff, 0xbd, 0xc5, 0x1d, 0x0, 0x97, 0x58,
    0x88, 0x24, 0xfe, 0x60,

    /* U+00DC "Ü" */
    0x0, 0xff, 0xe2, 0xe7, 0x0, 0xfd, 0x0, 0x7c,
    0xe6, 0x0, 0x12, 0x0, 0xfa, 0xf4, 0x7, 0xa0,
    0x3, 0xff, 0x8b, 0xfe, 0x0, 0xf8, 0xbf, 0x40,
    0x3f, 0xff, 0xe0, 0x1f, 0xfc, 0x31, 0x0, 0xff,
    0xe1, 0x10, 0x18, 0x7, 0x9c, 0x18, 0x10, 0x28,
    0x3, 0xd2, 0x18, 0x16, 0xd, 0x0, 0x10, 0xd1,
    0x8b, 0x1, 0x50, 0x3f, 0xef, 0x71, 0x47, 0x40,
    0x25, 0xd6, 0x22, 0x9, 0x3f, 0x98, 0x0,

    /* U+00DD "Ý" */
    0x0, 0xf8, 0x73, 0xdc, 0x3, 0xfc, 0x38, 0x58,
    0xe0, 0x1f, 0xe4, 0xaf, 0x30, 0xf, 0xf9, 0x5c,
    0x40, 0x3e, 0xcf, 0x50, 0xf, 0x93, 0xec, 0x1,
    0xc1, 0x62, 0x1, 0xe9, 0x9, 0x0, 0x13, 0x8c,
    0x0, 0x73, 0x94, 0x10, 0x5, 0x2, 0xc6, 0x1,
    0x14, 0x13, 0x80, 0x75, 0x87, 0x80, 0x52, 0x12,
    0x1, 0xe5, 0x43, 0x60, 0x54, 0x54, 0x0, 0xfa,
    0x42, 0x6, 0xc2, 0xc0, 0x3f, 0x13, 0x8f, 0x8c,
    0x8, 0x7, 0xf4, 0x10, 0x93, 0x80, 0x7f, 0xca,
    0x14, 0x1, 0xff, 0xf6,

    /* U+00DE "Þ" */
    0xef, 0x10, 0xf, 0xfb, 0x33, 0x5c, 0x18, 0x7,
    0x11, 0x9c, 0x8f, 0x92, 0x1, 0xbb, 0xfe, 0xd9,
    0x16, 0x80, 0xf, 0x89, 0xb4, 0x1c, 0x40, 0x3f,
    0x19, 0x81, 0x40, 0x3f, 0x98, 0x8, 0x3, 0xf9,
    0x80, 0x80, 0x3f, 0x19, 0x81, 0x40, 0x3c, 0x4d,
    0xa0, 0xe2, 0x0, 0xef, 0xfb, 0x64, 0x5a, 0x0,
    0x23, 0x3c, 0x8f, 0x92, 0x1, 0xb7, 0x32, 0xb8,
    0x30, 0xf, 0xfe, 0x18,

    /* U+00DF "ß" */
    0x0, 0xa3, 0x7f, 0xb1, 0x40, 0x30, 0xeb, 0x91,
    0x9d, 0x52, 0x1, 0x41, 0x2f, 0xe6, 0xe8, 0x58,
    0xc0, 0xc, 0x16, 0x1, 0x14, 0x82, 0x1, 0x1,
    0x88, 0x6, 0xf0, 0x20, 0x9, 0xc0, 0x31, 0xb8,
    0xa8, 0x8, 0x6, 0x6d, 0xc1, 0xc0, 0xf, 0xbc,
    0x80, 0x7c, 0x80, 0x3d, 0x3f, 0xae, 0x58, 0x20,
    0x1f, 0x14, 0x30, 0xb0, 0x7, 0xf6, 0x7, 0x0,
    0x7f, 0x10, 0x8, 0x7, 0xe3, 0x90, 0xb0, 0xc,
    0x7b, 0x9b, 0x82, 0xc6, 0x1, 0x9c, 0xcc, 0x47,
    0x52, 0x0,

    /* U+00E0 "à" */
    0x4, 0xee, 0x18, 0x7, 0x93, 0xcb, 0xc, 0x3,
    0xc3, 0x91, 0x60, 0x1f, 0x9e, 0x0, 0x39, 0x6f,
    0xbf, 0xad, 0x0, 0xf, 0x48, 0x68, 0x69, 0x6a,
    0xa, 0xae, 0xdb, 0xd8, 0xb, 0x2, 0xa1, 0x0,
    0x9c, 0x84, 0x80, 0x21, 0x1e, 0x1, 0x8, 0xee,
    0xe3, 0x0, 0x4b, 0x94, 0xdd, 0xc6, 0x0, 0x60,
    0xc6, 0x44, 0x9c, 0x0, 0x20, 0x20, 0x11, 0xa0,
    0x1, 0x83, 0x1d, 0xa7, 0x4, 0x1, 0x12, 0x31,
    0x2b, 0x4e, 0x0,

    /* U+00E1 "á" */
    0x0, 0xe7, 0xfb, 0x10, 0xe, 0x88, 0x3d, 0x88,
    0x6, 0x31, 0xb8, 0x0, 0xf1, 0xca, 0x0, 0x72,
    0xdf, 0x7f, 0x5a, 0x0, 0x1e, 0x90, 0xd0, 0xd2,
    0xd4, 0x15, 0x5d, 0xb7, 0xb0, 0x16, 0x5, 0x42,
    0x1, 0x39, 0x9, 0x0, 0x42, 0x3c, 0x2, 0x11,
    0xdd, 0xc6, 0x0, 0x97, 0x29, 0xbb, 0x8c, 0x0,
    0xc1, 0x8c, 0x89, 0x38, 0x0, 0x40, 0x40, 0x23,
    0x40, 0x3, 0x6, 0x3b, 0x4e, 0x8, 0x2, 0x24,
    0x62, 0x56, 0x9c, 0x0,

    /* U+00E2 "â" */
    0x0, 0xa7, 0xfc, 0x80, 0x1d, 0x4d, 0x4d, 0x6a,
    0x1, 0x21, 0xe2, 0xcc, 0xb4, 0x40, 0x9, 0x26,
    0x0, 0x68, 0x10, 0x2, 0xdf, 0x7f, 0x5a, 0x0,
    0x1e, 0x90, 0xd0, 0xd2, 0xd4, 0x15, 0x5d, 0xb7,
    0xb0, 0x16, 0x5, 0x42, 0x1, 0x39, 0x9, 0x0,
    0x42, 0x3c, 0x2, 0x11, 0xdd, 0xc6, 0x0, 0x97,
    0x29, 0xbb, 0x8c, 0x0, 0xc1, 0x8c, 0x89, 0x38,
    0x0, 0x40, 0x40, 0x23, 0x40, 0x3, 0x6, 0x3b,
    0x4e, 0x8, 0x2, 0x24, 0x62, 0x56, 0x9c, 0x0,

    /* U+00E3 "ã" */
    0x0, 0x5f, 0xd9, 0xf, 0x88, 0x1, 0x99, 0x65,
    0xbc, 0xc2, 0x0, 0x7c, 0x49, 0xfe, 0x90, 0x8,
    0x44, 0x1, 0x8, 0x6, 0x5b, 0xef, 0xeb, 0x40,
    0x3, 0xd2, 0x1a, 0x1a, 0x5a, 0x82, 0xab, 0xb6,
    0xf6, 0x2, 0xc0, 0xa8, 0x40, 0x27, 0x21, 0x20,
    0x8, 0x47, 0x80, 0x42, 0x3b, 0xb8, 0xc0, 0x12,
    0xe5, 0x37, 0x71, 0x80, 0x18, 0x31, 0x91, 0x27,
    0x0, 0x8, 0x8, 0x4, 0x68, 0x0, 0x60, 0xc7,
    0x69, 0xc1, 0x0, 0x44, 0x8c, 0x4a, 0xd3, 0x80,
    0x0,

    /* U+00E4 "ä" */
    0x0, 0x65, 0x81, 0x73, 0x80, 0x62, 0x60, 0x11,
    0x78, 0x6, 0xed, 0x3, 0xf8, 0x0, 0xff, 0xe0,
    0xad, 0xf7, 0xf5, 0xa0, 0x1, 0xe9, 0xd, 0xd,
    0x2d, 0x41, 0x55, 0xdb, 0x7b, 0x1, 0x60, 0x54,
    0x20, 0x13, 0x90, 0x90, 0x4, 0x23, 0xc0, 0x21,
    0x1d, 0xdc, 0x60, 0x9, 0x72, 0x9b, 0xb8, 0xc0,
    0xc, 0x18, 0xc8, 0x93, 0x80, 0x4, 0x4, 0x2,
    0x34, 0x0, 0x30, 0x63, 0xb4, 0xe0, 0x80, 0x22,
    0x46, 0x25, 0x69, 0xc0, 0x0,

    /* U+00E5 "å" */
    0x0, 0x9b, 0x70, 0x80, 0x38, 0xab, 0x63, 0x80,
    0x39, 0xd0, 0x10, 0x80, 0x39, 0xd0, 0xc, 0x80,
    0x38, 0xab, 0x7f, 0x80, 0x3c, 0xdb, 0x84, 0x1,
    0x96, 0xfb, 0xfa, 0xd0, 0x0, 0xf4, 0x86, 0x86,
    0x96, 0xa0, 0xaa, 0xed, 0xbd, 0x80, 0xb0, 0x2a,
    0x10, 0x9, 0xc8, 0x48, 0x2, 0x11, 0xe0, 0x10,
    0x8e, 0xee, 0x30, 0x4, 0xb9, 0x4d, 0xdc, 0x60,
    0x6, 0xc, 0x64, 0x49, 0xc0, 0x2, 0x2, 0x1,
    0x1a, 0x0, 0x18, 0x31, 0xda, 0x70, 0x40, 0x11,
    0x23, 0x12, 0xb4, 0xe0, 0x0,

    /* U+00E6 "æ" */
    0x5, 0xbe, 0xfe, 0xb3, 0x0, 0x46, 0xff, 0x51,
    0x0, 0x1e, 0x90, 0xd0, 0xd3, 0x1b, 0x5c, 0xce,
    0x5d, 0x50, 0x55, 0x76, 0xde, 0xc0, 0x49, 0x3f,
    0x66, 0xd0, 0x50, 0x95, 0x8, 0x4, 0xe4, 0x9,
    0x0, 0x12, 0xc8, 0x48, 0x4, 0x23, 0xc1, 0x82,
    0x3c, 0x80, 0x81, 0x1d, 0xdc, 0x61, 0x1d, 0xdd,
    0xa0, 0x52, 0xeb, 0x37, 0x71, 0x83, 0xdd, 0xfd,
    0x4c, 0x16, 0xc8, 0x90, 0x81, 0x22, 0x7e, 0x10,
    0x40, 0x9, 0xc8, 0x16, 0x44, 0x2, 0x78, 0x9,
    0xb, 0xdc, 0xe8, 0x3d, 0x16, 0xed, 0xcf, 0x85,
    0x7, 0xa3, 0x3d, 0x18, 0x5c, 0xe4, 0x43, 0x28,
    0xd0,

    /* U+00E7 "ç" */
    0x0, 0x8e, 0xbb, 0xfa, 0x44, 0x2, 0x7c, 0x53,
    0x30, 0x37, 0x90, 0x24, 0xd, 0xee, 0x74, 0xa,
    0x4, 0x5, 0x20, 0x4, 0xfc, 0xc0, 0x62, 0x80,
    0x1c, 0x20, 0x40, 0x40, 0x1f, 0x88, 0x8, 0x3,
    0xf8, 0xc5, 0x0, 0x38, 0x40, 0x10, 0x14, 0x80,
    0x13, 0xf3, 0x2, 0x40, 0xde, 0xe7, 0x40, 0xa0,
    0x1, 0xf1, 0x48, 0xc1, 0xbc, 0x80, 0x23, 0xa3,
    0x9e, 0x91, 0x0, 0xf2, 0xdc, 0x80, 0x7c, 0x32,
    0xae, 0x1, 0xe1, 0xef, 0x78, 0x0, 0xf0, 0xff,
    0x7b, 0x0, 0x40,

    /* U+00E8 "è" */
    0x0, 0xe, 0x7b, 0x80, 0x7e, 0x1c, 0x78, 0x80,
    0x7, 0xf4, 0x58, 0x98, 0x7, 0xf2, 0x49, 0x80,
    0x7c, 0x97, 0xdf, 0x8c, 0x1, 0xd1, 0x68, 0x48,
    0x53, 0x80, 0x12, 0xb9, 0x6e, 0x5f, 0x29, 0xc0,
    0x2, 0x43, 0x88, 0x2, 0xa2, 0x70, 0x1, 0x89,
    0x8, 0xf2, 0x2, 0x10, 0xf, 0x77, 0x98, 0x8,
    0x80, 0x37, 0x7f, 0x9c, 0xc, 0x5d, 0x13, 0xe1,
    0x8, 0xd, 0x40, 0x8, 0xac, 0x80, 0x9, 0x3,
    0x7d, 0x9b, 0xa4, 0x40, 0x4, 0xf8, 0xa0, 0x66,
    0x5c, 0x60,

    /* U+00E9 "é" */
    0x0, 0xf1, 0xff, 0x18, 0x7, 0xc9, 0x89, 0xe6,
    0x1, 0xf6, 0x45, 0x88, 0x7, 0xe8, 0x70, 0xf,
    0xc9, 0x7d, 0xf8, 0xc0, 0x1d, 0x16, 0x84, 0x85,
    0x38, 0x1, 0x2b, 0x96, 0xe5, 0xf2, 0x9c, 0x0,
    0x24, 0x38, 0x80, 0x2a, 0x27, 0x0, 0x18, 0x90,
    0x8f, 0x20, 0x21, 0x0, 0xf7, 0x79, 0x80, 0x88,
    0x3, 0x77, 0xf9, 0xc0, 0xc5, 0xd1, 0x3e, 0x10,
    0x80, 0xd4, 0x0, 0x8a, 0xc8, 0x0, 0x90, 0x37,
    0xd9, 0xba, 0x44, 0x0, 0x4f, 0x8a, 0x6, 0x65,
    0xc6, 0x0,

    /* U+00EA "ê" */
    0x0, 0xcb, 0xfe, 0x90, 0xf, 0x96, 0x9a, 0x9a,
    0x40, 0x38, 0x72, 0xa5, 0x70, 0xc, 0x3, 0xc,
    0xa8, 0x0, 0xe4, 0xc0, 0x39, 0x2f, 0xbf, 0x18,
    0x3, 0xa2, 0xd0, 0x90, 0xa7, 0x0, 0x25, 0x72,
    0xdc, 0xbe, 0x53, 0x80, 0x4, 0x87, 0x10, 0x5,
    0x44, 0xe0, 0x3, 0x12, 0x11, 0xe4, 0x4, 0x20,
    0x1e, 0xef, 0x30, 0x11, 0x0, 0x6e, 0xff, 0x38,
    0x18, 0xba, 0x27, 0xc2, 0x10, 0x1a, 0x80, 0x11,
    0x59, 0x0, 0x12, 0x6, 0xfb, 0x37, 0x48, 0x80,
    0x9, 0xf1, 0x40, 0xcc, 0xb8, 0xc0,

    /* U+00EB "ë" */
    0x0, 0x9f, 0x88, 0x33, 0x0, 0x1e, 0xe1, 0x0,
    0x8, 0x80, 0x3d, 0x3e, 0x41, 0xba, 0x0, 0xff,
    0xe3, 0x25, 0xf7, 0xe3, 0x0, 0x74, 0x5a, 0x12,
    0x14, 0xe0, 0x4, 0xae, 0x5b, 0x97, 0xca, 0x70,
    0x0, 0x90, 0xe2, 0x0, 0xa8, 0x9c, 0x0, 0x62,
    0x42, 0x3c, 0x80, 0x84, 0x3, 0xdd, 0xe6, 0x2,
    0x20, 0xd, 0xdf, 0xe7, 0x3, 0x17, 0x44, 0xf8,
    0x42, 0x3, 0x50, 0x2, 0x2b, 0x20, 0x2, 0x40,
    0xdf, 0x66, 0xe9, 0x10, 0x1, 0x3e, 0x28, 0x19,
    0x97, 0x18, 0x0,

    /* U+00EC "ì" */
    0x4e, 0xe1, 0x80, 0x13, 0xcb, 0xc, 0x0, 0x39,
    0x28, 0x1, 0x99, 0xc0, 0x23, 0xfb, 0x0, 0xff,
    0xf8, 0x80,

    /* U+00ED "í" */
    0x0, 0x47, 0xd8, 0x84, 0xbc, 0x58, 0x98, 0xe3,
    0x80, 0xe, 0xc, 0x2, 0x3f, 0xb0, 0xf, 0xff,
    0x98,

    /* U+00EE "î" */
    0x0, 0x4f, 0xf8, 0x80, 0xc, 0xc9, 0x3c, 0x10,
    0x1b, 0x6c, 0x94, 0x7, 0x40, 0x3, 0xa8, 0x0,
    0xfe, 0xc0, 0x3f, 0xff, 0x80,

    /* U+00EF "ï" */
    0x6e, 0x28, 0xe1, 0x1f, 0x3, 0xf9, 0xcf, 0x88,
    0x7, 0xc7, 0xf6, 0x1, 0xff, 0xf2,

    /* U+00F0 "ð" */
    0x1, 0xbe, 0xff, 0x6c, 0x99, 0x38, 0x0, 0x50,
    0x91, 0x0, 0xd9, 0xb0, 0x40, 0xf, 0xca, 0xc0,
    0xd, 0x4, 0x0, 0x19, 0xe8, 0x6b, 0xd0, 0x81,
    0x0, 0x1b, 0xbb, 0x6d, 0x9, 0xc1, 0x80, 0x5,
    0xd0, 0x40, 0x15, 0x86, 0x0, 0x4f, 0xbf, 0xeb,
    0x43, 0x6, 0x1, 0xd8, 0x23, 0x45, 0xb7, 0x3,
    0xb, 0x25, 0xec, 0xbe, 0x78, 0x0, 0x94, 0x28,
    0x40, 0x28, 0x30, 0x22, 0x1, 0x0, 0x79, 0x41,
    0x48, 0x8, 0x3, 0xca, 0x1a, 0xa, 0x14, 0x20,
    0x14, 0x1a, 0x20, 0x2c, 0x97, 0xae, 0xdc, 0xe7,
    0x40, 0x1, 0xd7, 0x24, 0x52, 0x9c, 0x10,

    /* U+00F1 "ñ" */
    0x0, 0xaf, 0xec, 0x87, 0xc4, 0x2, 0x56, 0xa3,
    0xde, 0x61, 0x0, 0x93, 0x16, 0x3f, 0xa4, 0x3,
    0x8, 0x80, 0x21, 0x0, 0x8f, 0xe8, 0xab, 0xbf,
    0xa4, 0x40, 0x27, 0xd5, 0x24, 0x6, 0xc0, 0x8,
    0x8f, 0xb2, 0xfc, 0xc9, 0xc0, 0x2e, 0x10, 0x0,
    0xc0, 0x58, 0x0, 0x88, 0x1, 0x94, 0x4, 0x0,
    0xc0, 0x1c, 0x20, 0x60, 0x1f, 0xfe, 0xb0,

    /* U+00F2 "ò" */
    0x0, 0xab, 0xe8, 0x3, 0xfa, 0xa5, 0x68, 0x3,
    0xf9, 0xb0, 0xd0, 0x3, 0xf8, 0xe5, 0x0, 0x3e,
    0x3a, 0xef, 0xd9, 0x10, 0xc, 0xf8, 0xa6, 0x73,
    0x7a, 0x0, 0x16, 0x6, 0xf7, 0x3a, 0x6, 0x84,
    0x24, 0x29, 0x0, 0x27, 0x61, 0x60, 0x31, 0x40,
    0xe, 0xa0, 0xc2, 0x2, 0x0, 0xf1, 0x3, 0x10,
    0x10, 0x7, 0x88, 0x18, 0xc, 0x50, 0x3, 0xa8,
    0x30, 0x20, 0x29, 0x0, 0x27, 0x61, 0x60, 0x48,
    0x1b, 0xdc, 0xe8, 0x1d, 0x10, 0x3, 0xe2, 0x99,
    0xcd, 0xe6, 0x0,

    /* U+00F3 "ó" */
    0x0, 0xf0, 0xef, 0xb0, 0x7, 0xc5, 0xe1, 0xac,
    0x1, 0xf2, 0xb6, 0x90, 0x7, 0xe7, 0x80, 0xf,
    0xc7, 0x5d, 0xfb, 0x22, 0x1, 0x9f, 0x14, 0xce,
    0x6f, 0x40, 0x2, 0xc0, 0xde, 0xe7, 0x40, 0xd0,
    0x84, 0x85, 0x20, 0x4, 0xec, 0x2c, 0x6, 0x28,
    0x1, 0xd4, 0x18, 0x40, 0x40, 0x1e, 0x20, 0x62,
    0x2, 0x0, 0xf1, 0x3, 0x1, 0x8a, 0x0, 0x75,
    0x6, 0x4, 0x5, 0x20, 0x4, 0xec, 0x2c, 0x9,
    0x3, 0x7b, 0x9d, 0x3, 0xa2, 0x0, 0x7c, 0x53,
    0x39, 0xbc, 0xc0,

    /* U+00F4 "ô" */
    0x0, 0xc5, 0xdf, 0x60, 0x1f, 0x1e, 0x2d, 0xae,
    0x0, 0x7a, 0xe6, 0xd3, 0xd5, 0x40, 0x1d, 0xe,
    0x0, 0x19, 0x50, 0xe, 0x3a, 0xef, 0xd9, 0x10,
    0xc, 0xf8, 0xa6, 0x73, 0x7a, 0x0, 0x16, 0x6,
    0xf7, 0x3a, 0x6, 0x84, 0x24, 0x29, 0x0, 0x27,
    0x61, 0x60, 0x31, 0x40, 0xe, 0xa0, 0xc2, 0x2,
    0x0, 0xf1, 0x3, 0x10, 0x10, 0x7, 0x88, 0x18,
    0xc, 0x50, 0x3, 0xa8, 0x30, 0x20, 0x29, 0x0,
    0x27, 0x61, 0x60, 0x48, 0x1b, 0xdc, 0xe8, 0x1d,
    0x10, 0x3, 0xe2, 0x99, 0xcd, 0xe6, 0x0,

    /* U+00F5 "õ" */
    0x0, 0x97, 0xb8, 0xe1, 0x32, 0x0, 0xeb, 0x6b,
    0xb7, 0xbd, 0x80, 0x76, 0x42, 0xe7, 0x70, 0x80,
    0x38, 0x80, 0x21, 0x0, 0xf8, 0xeb, 0xbf, 0x64,
    0x40, 0x33, 0xe2, 0x99, 0xcd, 0xe8, 0x0, 0x58,
    0x1b, 0xdc, 0xe8, 0x1a, 0x10, 0x90, 0xa4, 0x0,
    0x9d, 0x85, 0x80, 0xc5, 0x0, 0x3a, 0x83, 0x8,
    0x8, 0x3, 0xc4, 0xc, 0x40, 0x40, 0x1e, 0x20,
    0x60, 0x31, 0x40, 0xe, 0xa0, 0xc0, 0x80, 0xa4,
    0x0, 0x9d, 0x85, 0x81, 0x20, 0x6f, 0x73, 0xa0,
    0x74, 0x40, 0xf, 0x8a, 0x67, 0x37, 0x98, 0x0,

    /* U+00F6 "ö" */
    0x0, 0x97, 0xd0, 0x27, 0x84, 0x3, 0x8c, 0x4,
    0xc, 0x40, 0x3c, 0xde, 0xa1, 0x5e, 0x20, 0x1f,
    0xfc, 0x53, 0xae, 0xfd, 0x91, 0x0, 0xcf, 0x8a,
    0x67, 0x37, 0xa0, 0x1, 0x60, 0x6f, 0x73, 0xa0,
    0x68, 0x42, 0x42, 0x90, 0x2, 0x76, 0x16, 0x3,
    0x14, 0x0, 0xea, 0xc, 0x20, 0x20, 0xf, 0x10,
    0x31, 0x1, 0x0, 0x78, 0x81, 0x80, 0xc5, 0x0,
    0x3a, 0x83, 0x2, 0x2, 0x90, 0x2, 0x76, 0x16,
    0x4, 0x81, 0xbd, 0xce, 0x81, 0xd1, 0x0, 0x3e,
    0x29, 0x9c, 0xde, 0x60,

    /* U+00F7 "÷" */
    0x0, 0xca, 0x60, 0x1f, 0x1d, 0x68, 0x7, 0xc4,
    0x28, 0x1, 0xf0, 0xf5, 0x0, 0x7f, 0xf0, 0xab,
    0xff, 0xf2, 0x62, 0xaf, 0xe6, 0x65, 0x57, 0xe2,
    0x0, 0xca, 0x60, 0x1f, 0x1d, 0x68, 0x7, 0xc4,
    0x28, 0x1, 0x80,

    /* U+00F8 "ø" */
    0x0, 0xff, 0x38, 0x80, 0x7f, 0x3e, 0x8, 0x4,
    0x75, 0xdf, 0xb7, 0x12, 0x1, 0x3e, 0x29, 0x9c,
    0x80, 0xc0, 0x5, 0x81, 0xbd, 0xc8, 0x0, 0x50,
    0x84, 0x85, 0x20, 0xc, 0x63, 0xb, 0x1, 0x8a,
    0x0, 0x21, 0xce, 0x83, 0x8, 0x8, 0x0, 0x8f,
    0x20, 0x40, 0xc4, 0x4, 0x0, 0x9b, 0x0, 0x10,
    0x30, 0x18, 0xa4, 0x32, 0x80, 0x28, 0x30, 0x20,
    0x2d, 0xe8, 0x0, 0xec, 0x2c, 0x9, 0x0, 0xc,
    0xc7, 0x40, 0xe8, 0x80, 0x4, 0x10, 0xce, 0x6f,
    0x30, 0x0, 0xc6, 0x5f, 0x7e, 0xc8, 0x80, 0x4b,
    0x66, 0x1, 0xf8,

    /* U+00F9 "ù" */
    0x0, 0x2f, 0xf1, 0x0, 0x7c, 0xba, 0x58, 0x60,
    0x1f, 0x16, 0x42, 0x0, 0x7f, 0x33, 0x80, 0x64,
    0xfa, 0x0, 0xe3, 0xfb, 0x0, 0xff, 0xf6, 0x88,
    0x7, 0x30, 0x1, 0x81, 0x80, 0x3b, 0x0, 0x4,
    0x53, 0x80, 0x4a, 0xc0, 0x14, 0x84, 0x6d, 0x6d,
    0x18, 0x4, 0x98, 0x86, 0xa1, 0x1c, 0x0,

    /* U+00FA "ú" */
    0x0, 0xf4, 0xfd, 0x0, 0x7d, 0x4d, 0x34, 0x1,
    0xe4, 0x2d, 0x60, 0xf, 0x92, 0x8, 0x3, 0x27,
    0xd0, 0x7, 0x1f, 0xd8, 0x7, 0xff, 0xb4, 0x40,
    0x39, 0x80, 0xc, 0xc, 0x1, 0xd8, 0x0, 0x22,
    0x9c, 0x2, 0x56, 0x0, 0xa4, 0x23, 0x6b, 0x68,
    0xc0, 0x24, 0xc4, 0x35, 0x8, 0xe0, 0x0,

    /* U+00FB "û" */
    0x0, 0xd7, 0xfe, 0x30, 0xf, 0x5a, 0xda, 0xe2,
    0x0, 0x64, 0xcf, 0x4a, 0xa1, 0x80, 0x64, 0x71,
    0x0, 0x2b, 0x80, 0x13, 0xe8, 0x3, 0x8f, 0xec,
    0x3, 0xff, 0xda, 0x20, 0x1c, 0xc0, 0x6, 0x6,
    0x0, 0xec, 0x0, 0x11, 0x4e, 0x1, 0x2b, 0x0,
    0x52, 0x11, 0xb5, 0xb4, 0x60, 0x12, 0x62, 0x1a,
    0x84, 0x70, 0x0,

    /* U+00FC "ü" */
    0x0, 0xb6, 0x80, 0xfd, 0x40, 0x30, 0x98, 0x83,
    0x81, 0x80, 0x61, 0xeb, 0x4, 0xf6, 0x0, 0xff,
    0xe0, 0xa7, 0xd0, 0x7, 0x1f, 0xd8, 0x7, 0xff,
    0xb4, 0x40, 0x39, 0x80, 0xc, 0xc, 0x1, 0xd8,
    0x0, 0x22, 0x9c, 0x2, 0x56, 0x0, 0xa4, 0x23,
    0x6b, 0x68, 0xc0, 0x24, 0xc4, 0x35, 0x8, 0xe0,
    0x0,

    /* U+00FD "ý" */
    0x0, 0xf1, 0x6f, 0xa8, 0x7, 0xe3, 0xc0, 0xd5,
    0x0, 0xfc, 0x93, 0xa4, 0x1, 0xfc, 0xee, 0x0,
    0xfb, 0x7c, 0x80, 0x3d, 0xde, 0x0, 0xb0, 0xb0,
    0xe, 0x51, 0x70, 0x3, 0xb, 0x0, 0x77, 0x5,
    0x0, 0x4c, 0xe, 0x1, 0x12, 0x20, 0x80, 0x29,
    0xa, 0x0, 0xac, 0x3c, 0x3, 0xa, 0x92, 0x0,
    0x18, 0x90, 0x3, 0xa4, 0x3c, 0x18, 0x2c, 0x3,
    0xc6, 0x48, 0x56, 0xc, 0x1, 0xf5, 0x87, 0x13,
    0x80, 0x7e, 0x61, 0x30, 0xa0, 0xf, 0xe6, 0x4,
    0x20, 0xf, 0xe2, 0xf, 0x0, 0xf1, 0x80, 0xd,
    0x4d, 0x0, 0x38, 0xb3, 0x6f, 0x3, 0xc0, 0x3c,
    0x4e, 0x68, 0x76, 0x60, 0x1e,

    /* U+00FE "þ" */
    0x3f, 0xb0, 0xf, 0xff, 0x20, 0xcf, 0x7e, 0xc9,
    0x0, 0x66, 0xf6, 0x33, 0x9b, 0x10, 0x2, 0x20,
    0xcd, 0xce, 0x71, 0xa1, 0x0, 0xb4, 0xc0, 0x28,
    0x51, 0x60, 0x1, 0x18, 0x7, 0x70, 0x68, 0x1,
    0x80, 0x3c, 0xc0, 0xc0, 0x6, 0x0, 0xf3, 0x3,
    0x0, 0x8, 0xc0, 0x3b, 0x83, 0x40, 0x2d, 0x30,
    0xa, 0x14, 0x58, 0x0, 0x41, 0x9b, 0x9c, 0xe1,
    0x42, 0x0, 0x6f, 0x63, 0x30, 0x36, 0xa0, 0x6,
    0x19, 0xef, 0xe9, 0x20, 0xf, 0xfe, 0xd0,

    /* U+00FF "ÿ" */
    0x0, 0x97, 0xd0, 0x27, 0x84, 0x3, 0xc6, 0x2,
    0x6, 0x20, 0x1f, 0x37, 0xa8, 0x57, 0x88, 0x7,
    0xff, 0x17, 0x7c, 0x80, 0x3d, 0xde, 0x0, 0xb0,
    0xb0, 0xe, 0x51, 0x70, 0x3, 0xb, 0x0, 0x77,
    0x5, 0x0, 0x4c, 0xe, 0x1, 0x12, 0x20, 0x80,
    0x29, 0xa, 0x0, 0xac, 0x3c, 0x3, 0xa, 0x92,
    0x0, 0x18, 0x90, 0x3, 0xa4, 0x3c, 0x18, 0x2c,
    0x3, 0xc6, 0x48, 0x56, 0xc, 0x1, 0xf5, 0x87,
    0x13, 0x80, 0x7e, 0x61, 0x30, 0xa0, 0xf, 0xe6,
    0x4, 0x20, 0xf, 0xe2, 0xf, 0x0, 0xf1, 0x80,
    0xd, 0x4d, 0x0, 0x38, 0xb3, 0x6f, 0x3, 0xc0,
    0x3c, 0x4e, 0x68, 0x76, 0x60, 0x1e,

    /* U+0100 "Ā" */
    0x0, 0xff, 0xe4, 0xff, 0xfa, 0x40, 0x3f, 0xb3,
    0x3d, 0x0, 0x1f, 0xc6, 0x7e, 0x10, 0xf, 0xfb,
    0xbe, 0x0, 0x3f, 0xf8, 0xa, 0x20, 0xc0, 0x1f,
    0xfc, 0x8, 0x5, 0x16, 0x0, 0xff, 0x21, 0x2d,
    0x85, 0x80, 0x7f, 0xbc, 0x24, 0x54, 0x94, 0x3,
    0xf1, 0x21, 0x98, 0x24, 0x24, 0x3, 0xf4, 0x4,
    0x80, 0xc, 0xf0, 0x7, 0x85, 0x45, 0x40, 0x29,
    0x8, 0x0, 0xf4, 0x84, 0x80, 0x65, 0x14, 0x20,
    0xe, 0x60, 0x8f, 0xfe, 0x10, 0xb0, 0xc, 0xc2,
    0x4a, 0xbf, 0x3, 0x8, 0x5, 0x61, 0xd5, 0x5f,
    0x30, 0x48, 0x1, 0x49, 0xc, 0x3, 0xeb, 0x6,
    0x0, 0x48, 0x78, 0x7, 0xe2, 0x51, 0x60,

    /* U+0101 "ā" */
    0x7, 0xff, 0xf0, 0x80, 0x1b, 0x33, 0xc2, 0x0,
    0x13, 0x3f, 0x0, 0x4b, 0x7d, 0xfd, 0x68, 0x0,
    0x7a, 0x43, 0x43, 0x4b, 0x50, 0x55, 0x76, 0xde,
    0xc0, 0x58, 0x15, 0x8, 0x4, 0xe4, 0x24, 0x1,
    0x8, 0xf0, 0x8, 0x47, 0x77, 0x18, 0x2, 0x5c,
    0xa6, 0xee, 0x30, 0x3, 0x6, 0x32, 0x24, 0xe0,
    0x1, 0x1, 0x0, 0x8d, 0x0, 0xc, 0x18, 0xed,
    0x38, 0x20, 0x8, 0x91, 0x89, 0x5a, 0x70, 0x0,

    /* U+0102 "Ă" */
    0x0, 0xec, 0xa1, 0x3, 0xe6, 0x0, 0xfe, 0xe6,
    0xef, 0xc7, 0x60, 0xf, 0xe2, 0xce, 0xdf, 0x90,
    0xf, 0xfe, 0x0, 0x90, 0x7, 0xff, 0xb, 0xbe,
    0x0, 0x3f, 0xf8, 0xa, 0x20, 0xc0, 0x1f, 0xfc,
    0x8, 0x5, 0x16, 0x0, 0xff, 0x21, 0x2d, 0x85,
    0x80, 0x7f, 0xbc, 0x24, 0x54, 0x94, 0x3, 0xf1,
    0x21, 0x98, 0x24, 0x24, 0x3, 0xf4, 0x4, 0x80,
    0xc, 0xf0, 0x7, 0x85, 0x45, 0x40, 0x29, 0x8,
    0x0, 0xf4, 0x84, 0x80, 0x65, 0x14, 0x20, 0xe,
    0x60, 0x8f, 0xfe, 0x10, 0xb0, 0xc, 0xc2, 0x4a,
    0xbf, 0x3, 0x8, 0x5, 0x61, 0xd5, 0x5f, 0x30,
    0x48, 0x1, 0x49, 0xc, 0x3, 0xeb, 0x6, 0x0,
    0x48, 0x78, 0x7, 0xe2, 0x51, 0x60,

    /* U+0103 "ă" */
    0x4, 0xf4, 0x0, 0x4f, 0x0, 0x49, 0x17, 0xfe,
    0x4d, 0x0, 0xcf, 0xfd, 0xcd, 0x30, 0xf, 0x8,
    0x80, 0x39, 0x6f, 0xbf, 0xad, 0x0, 0xf, 0x48,
    0x68, 0x69, 0x6a, 0xa, 0xae, 0xdb, 0xd8, 0xb,
    0x2, 0xa1, 0x0, 0x9c, 0x84, 0x80, 0x21, 0x1e,
    0x1, 0x8, 0xee, 0xe3, 0x0, 0x4b, 0x94, 0xdd,
    0xc6, 0x0, 0x60, 0xc6, 0x44, 0x9c, 0x0, 0x20,
    0x20, 0x11, 0xa0, 0x1, 0x83, 0x1d, 0xa7, 0x4,
    0x1, 0x12, 0x31, 0x2b, 0x4e, 0x0,

    /* U+0104 "Ą" */
    0x0, 0xfb, 0xbe, 0x0, 0x3f, 0xf8, 0x2a, 0x20,
    0xc0, 0x1f, 0xfc, 0x18, 0x5, 0x16, 0x0, 0xff,
    0x90, 0x96, 0xc2, 0xc0, 0x3f, 0xef, 0x9, 0x15,
    0x25, 0x0, 0xfe, 0x24, 0x33, 0x4, 0x84, 0x80,
    0x7f, 0x40, 0x48, 0x0, 0xcf, 0x0, 0x7c, 0x2a,
    0x2a, 0x1, 0x48, 0x40, 0x7, 0xd2, 0x12, 0x1,
    0x94, 0x50, 0x80, 0x3c, 0xc1, 0x1f, 0xfc, 0x21,
    0x60, 0x1c, 0xc2, 0x4a, 0xbf, 0x3, 0x8, 0x6,
    0xb0, 0xea, 0xaf, 0x98, 0x24, 0x2, 0x52, 0x43,
    0x0, 0xfa, 0xc1, 0x80, 0x29, 0xf, 0x0, 0xfc,
    0x48, 0x32, 0x0, 0xcf, 0x40, 0xf, 0xc6, 0xad,
    0x0, 0x1f, 0xfc, 0x1d, 0x69, 0x10, 0xf, 0xfe,
    0x8, 0x80, 0x8, 0x3, 0xff, 0x82, 0xee, 0xfc,
    0x0, 0xff, 0xe0, 0xc7, 0x6f, 0x0,

    /* U+0105 "ą" */
    0x5, 0xbe, 0xfe, 0xb4, 0x0, 0x3d, 0x21, 0xa1,
    0xa5, 0xa8, 0x2a, 0xbb, 0x6f, 0x60, 0x2c, 0xa,
    0x84, 0x2, 0x72, 0x12, 0x0, 0x84, 0x78, 0x4,
    0x23, 0xbb, 0x8c, 0x1, 0x2e, 0x53, 0x77, 0x18,
    0x1, 0x83, 0x19, 0x12, 0x70, 0x0, 0x80, 0x80,
    0x46, 0x80, 0x6, 0xc, 0x76, 0x9c, 0x10, 0x4,
    0x48, 0xc4, 0xad, 0x18, 0x4, 0xd9, 0xfe, 0xcc,
    0x1d, 0x18, 0x7, 0x2b, 0x7a, 0x80, 0x78, 0x80,
    0xc0, 0x40, 0x39, 0x8b, 0x7d, 0x80, 0x38, 0x77,
    0xb8, 0xe0,

    /* U+0106 "Ć" */
    0x0, 0xfe, 0x68, 0x40, 0xf, 0xf3, 0xc9, 0xa0,
    0x7, 0xf3, 0x43, 0x58, 0x7, 0xf8, 0x66, 0x40,
    0x1f, 0xf3, 0xb0, 0x7, 0xf0, 0xbe, 0x77, 0xf5,
    0xa8, 0x7, 0x2f, 0xc1, 0x89, 0x2, 0x56, 0x8,
    0x1, 0x68, 0x5b, 0x7f, 0x7b, 0x10, 0xd0, 0xa,
    0x82, 0x64, 0x40, 0x11, 0xde, 0x28, 0x50, 0x33,
    0x0, 0x3e, 0x30, 0x2, 0x85, 0x0, 0x7f, 0xc4,
    0x6, 0x1, 0xff, 0xcd, 0x20, 0x30, 0xf, 0xf9,
    0x42, 0x80, 0x3f, 0xea, 0x6, 0x60, 0x7, 0xc6,
    0x0, 0x2a, 0x9, 0xa3, 0x0, 0x8e, 0xf1, 0x40,
    0xb, 0x42, 0xb9, 0xfb, 0xf8, 0x86, 0x80, 0x12,
    0xfc, 0x18, 0x90, 0xa5, 0x60, 0x80,

    /* U+0107 "ć" */
    0x0, 0xf2, 0x7e, 0x98, 0x7, 0x96, 0xd3, 0xc,
    0x3, 0x87, 0x26, 0xc4, 0x3, 0xc3, 0x2c, 0x1,
    0xf1, 0xd7, 0x7f, 0x48, 0x80, 0x4f, 0x8a, 0x66,
    0x6, 0xf2, 0x4, 0x81, 0xbd, 0xce, 0x81, 0x40,
    0x80, 0xa4, 0x0, 0x9f, 0x98, 0xc, 0x50, 0x3,
    0x84, 0x8, 0x8, 0x3, 0xf1, 0x1, 0x0, 0x7f,
    0x18, 0xa0, 0x7, 0x8, 0x2, 0x2, 0x90, 0x2,
    0x7e, 0x60, 0x48, 0x1b, 0xdc, 0xe8, 0x14, 0x0,
    0x3e, 0x29, 0x98, 0x1b, 0xc8,

    /* U+0108 "Ĉ" */
    0x0, 0xf9, 0xe0, 0x80, 0x3f, 0xd3, 0xd, 0x82,
    0x1, 0xf9, 0xda, 0x7c, 0xf0, 0x40, 0x3c, 0x21,
    0x4c, 0x39, 0x4a, 0x1, 0xe1, 0x75, 0x0, 0xb,
    0xa0, 0x7, 0x85, 0xf3, 0xbf, 0xad, 0x40, 0x39,
    0x7e, 0xc, 0x48, 0x12, 0xb0, 0x40, 0xb, 0x42,
    0xdb, 0xfb, 0xd8, 0x86, 0x80, 0x54, 0x13, 0x22,
    0x0, 0x8e, 0xf1, 0x42, 0x81, 0x98, 0x1, 0xf1,
    0x80, 0x14, 0x28, 0x3, 0xfe, 0x20, 0x30, 0xf,
    0xfe, 0x69, 0x1, 0x80, 0x7f, 0xca, 0x14, 0x1,
    0xff, 0x50, 0x33, 0x0, 0x3e, 0x30, 0x1, 0x50,
    0x4d, 0x18, 0x4, 0x77, 0x8a, 0x0, 0x5a, 0x15,
    0xcf, 0xdf, 0xc4, 0x34, 0x0, 0x97, 0xe0, 0xc4,
    0x85, 0x2b, 0x4,

    /* U+0109 "ĉ" */
    0x0, 0xcd, 0xfe, 0x70, 0xf, 0x34, 0xbc, 0xc4,
    0x0, 0x31, 0x7d, 0x43, 0x58, 0x98, 0x4, 0x52,
    0xa0, 0x4, 0x93, 0x0, 0xc7, 0x5d, 0xfd, 0x22,
    0x1, 0x3e, 0x29, 0x98, 0x1b, 0xc8, 0x12, 0x6,
    0xf7, 0x3a, 0x5, 0x2, 0x2, 0x90, 0x2, 0x7e,
    0x60, 0x31, 0x40, 0xe, 0x10, 0x20, 0x20, 0xf,
    0xc4, 0x4, 0x1, 0xfc, 0x62, 0x80, 0x1c, 0x20,
    0x8, 0xa, 0x40, 0x9, 0xf9, 0x81, 0x20, 0x6f,
    0x73, 0xa0, 0x50, 0x0, 0xf8, 0xa6, 0x60, 0x6f,
    0x20,

    /* U+010A "Ċ" */
    0x0, 0xf8, 0x94, 0x3, 0xff, 0x81, 0xf4, 0xa0,
    0x1f, 0xf3, 0x8b, 0x80, 0x7f, 0xd5, 0xc4, 0x1,
    0xff, 0xca, 0x17, 0xce, 0xfe, 0xb5, 0x0, 0xe5,
    0xf8, 0x31, 0x20, 0x4a, 0xc1, 0x0, 0x2d, 0xb,
    0x6f, 0xef, 0x62, 0x1a, 0x1, 0x50, 0x4c, 0x88,
    0x2, 0x3b, 0xc5, 0xa, 0x6, 0x60, 0x7, 0xc6,
    0x0, 0x50, 0xa0, 0xf, 0xf8, 0x80, 0xc0, 0x3f,
    0xf9, 0xa4, 0x6, 0x1, 0xff, 0x28, 0x50, 0x7,
    0xfd, 0x40, 0xcc, 0x0, 0xf8, 0xc0, 0x5, 0x41,
    0x34, 0x60, 0x11, 0xde, 0x28, 0x1, 0x68, 0x57,
    0x3f, 0x7f, 0x10, 0xd0, 0x2, 0x5f, 0x83, 0x12,
    0x14, 0xac, 0x10,

    /* U+010B "ċ" */
    0x0, 0xec, 0xd1, 0x0, 0xfc, 0x64, 0x60, 0x1f,
    0xb2, 0xc8, 0x3, 0xf1, 0xa0, 0x7, 0xc7, 0x5d,
    0xfd, 0x22, 0x1, 0x3e, 0x29, 0x98, 0x1b, 0xc8,
    0x12, 0x6, 0xf7, 0x3a, 0x5, 0x2, 0x2, 0x90,
    0x2, 0x7e, 0x60, 0x31, 0x40, 0xe, 0x10, 0x20,
    0x20, 0xf, 0xc4, 0x4, 0x1, 0xfc, 0x62, 0x80,
    0x1c, 0x20, 0x8, 0xa, 0x40, 0x9, 0xf9, 0x81,
    0x20, 0x6f, 0x73, 0xa0, 0x50, 0x0, 0xf8, 0xa6,
    0x60, 0x6f, 0x20,

    /* U+010C "Č" */
    0x0, 0xc2, 0xea, 0x0, 0x17, 0x40, 0xf, 0x8,
    0x53, 0x16, 0x52, 0x80, 0x7c, 0xed, 0x38, 0x78,
    0x20, 0x1f, 0xa6, 0x1b, 0x4, 0x3, 0xfc, 0xf0,
    0x40, 0x1f, 0x85, 0xf3, 0xbf, 0xad, 0x40, 0x39,
    0x7e, 0xc, 0x48, 0x12, 0xb0, 0x40, 0xb, 0x42,
    0xdb, 0xfb, 0xd8, 0x86, 0x80, 0x54, 0x13, 0x22,
    0x0, 0x8e, 0xf1, 0x42, 0x81, 0x98, 0x1, 0xf1,
    0x80, 0x14, 0x28, 0x3, 0xfe, 0x20, 0x30, 0xf,
    0xfe, 0x69, 0x1, 0x80, 0x7f, 0xca, 0x14, 0x1,
    0xff, 0x50, 0x33, 0x0, 0x3e, 0x30, 0x1, 0x50,
    0x4d, 0x18, 0x4, 0x77, 0x8a, 0x0, 0x5a, 0x15,
    0xcf, 0xdf, 0xc4, 0x34, 0x0, 0x97, 0xe0, 0xc4,
    0x85, 0x2b, 0x4,

    /* U+010D "č" */
    0x0, 0x16, 0xe0, 0x85, 0x71, 0x80, 0x45, 0x83,
    0xfa, 0x98, 0x60, 0x18, 0x71, 0xd3, 0x8, 0x3,
    0xc3, 0x32, 0x20, 0xf, 0x1d, 0x77, 0xf4, 0x88,
    0x4, 0xf8, 0xa6, 0x60, 0x6f, 0x20, 0x48, 0x1b,
    0xdc, 0xe8, 0x14, 0x8, 0xa, 0x40, 0x9, 0xf9,
    0x80, 0xc5, 0x0, 0x38, 0x40, 0x80, 0x80, 0x3f,
    0x10, 0x10, 0x7, 0xf1, 0x8a, 0x0, 0x70, 0x80,
    0x20, 0x29, 0x0, 0x27, 0xe6, 0x4, 0x81, 0xbd,
    0xce, 0x81, 0x40, 0x3, 0xe2, 0x99, 0x81, 0xbc,
    0x80,

    /* U+010E "Ď" */
    0x0, 0x3f, 0xb0, 0x27, 0x48, 0x7, 0xcf, 0x32,
    0xbb, 0x34, 0x80, 0x7e, 0x6b, 0x39, 0x80, 0xf,
    0xf2, 0x43, 0x0, 0x7d, 0xdf, 0xfe, 0xda, 0x40,
    0xf, 0x11, 0x9c, 0x44, 0x5b, 0xb0, 0x80, 0x6c,
    0xcd, 0xbf, 0x44, 0x98, 0x1, 0xfe, 0x5d, 0x32,
    0xa0, 0xf, 0xfb, 0x41, 0x44, 0x3, 0xfc, 0x2a,
    0xe, 0x1, 0xff, 0x10, 0x70, 0x7, 0xfd, 0xe1,
    0xe0, 0x1f, 0xf6, 0x80, 0x80, 0x7f, 0x85, 0x41,
    0xc0, 0x3f, 0xd4, 0xa, 0x20, 0x1f, 0x93, 0x50,
    0xac, 0x2, 0xdc, 0xcb, 0x7e, 0xc9, 0x30, 0x40,
    0x23, 0x3c, 0x44, 0x5b, 0xb0, 0x80, 0x0,

    /* U+010F "ď" */
    0x0, 0xff, 0xe0, 0xb7, 0x90, 0x7, 0xf0, 0xfe,
    0x80, 0x46, 0x1, 0xff, 0xc3, 0x10, 0xf, 0xfe,
    0x8b, 0x78, 0x6, 0x4b, 0xef, 0xc6, 0x0, 0xfe,
    0x8b, 0x43, 0x31, 0x4d, 0x0, 0x7c, 0xae, 0x37,
    0xb9, 0xd0, 0x80, 0x1f, 0x48, 0x5a, 0x0, 0x4e,
    0xc0, 0x1f, 0x18, 0xa8, 0x7, 0x50, 0x7, 0x88,
    0x8, 0x3, 0xc4, 0x1, 0xe2, 0x2, 0x0, 0xf1,
    0x0, 0x7c, 0x62, 0x80, 0x1d, 0x60, 0x1f, 0x48,
    0x51, 0x0, 0x4a, 0xe0, 0x1f, 0x2b, 0x8e, 0xdd,
    0x6d, 0x20, 0x7, 0xe8, 0xb4, 0x55, 0x4, 0x58,
    0x7, 0x80,

    /* U+0110 "Đ" */
    0x0, 0x5f, 0xff, 0xb6, 0x94, 0x3, 0xf1, 0x19,
    0xc4, 0x45, 0xac, 0x20, 0xf, 0x4e, 0x65, 0xbf,
    0x66, 0x6c, 0x20, 0xf, 0xf9, 0x31, 0x47, 0x80,
    0x3f, 0xf8, 0x34, 0x26, 0x60, 0xf, 0xfe, 0xb,
    0x5, 0xe7, 0xa0, 0x5f, 0xfc, 0x60, 0x1b, 0x40,
    0xad, 0x40, 0x2, 0xab, 0x8, 0x7, 0xcf, 0x48,
    0x15, 0x58, 0x80, 0x36, 0x81, 0x0, 0x7f, 0xf0,
    0x58, 0x2c, 0x3, 0xff, 0x81, 0x22, 0x66, 0x0,
    0xff, 0x26, 0x30, 0xf0, 0x7, 0x4e, 0x65, 0xbf,
    0x66, 0x58, 0x40, 0x1c, 0x46, 0x71, 0x11, 0x6b,
    0x48, 0x0,

    /* U+0111 "đ" */
    0x0, 0xf0, 0x8c, 0x7f, 0xc2, 0x20, 0xe, 0x4e,
    0xeb, 0x0, 0x7a, 0xc0, 0x39, 0x6e, 0xe9, 0x0,
    0x5c, 0x80, 0x70, 0xa2, 0x4e, 0x4, 0x86, 0x1,
    0x25, 0xf7, 0xe3, 0x0, 0x7d, 0x16, 0x86, 0x62,
    0x9a, 0x0, 0xe5, 0x71, 0xbd, 0xce, 0x84, 0x0,
    0xe9, 0xb, 0x40, 0x9, 0xd8, 0x3, 0x8c, 0x54,
    0x3, 0xa8, 0x3, 0x10, 0x10, 0x7, 0x88, 0x3,
    0x10, 0x10, 0x7, 0x88, 0x3, 0x8c, 0x50, 0x3,
    0xac, 0x3, 0xa4, 0x28, 0x80, 0x25, 0x70, 0xe,
    0x57, 0x1d, 0xba, 0xda, 0x40, 0xf, 0x45, 0xa2,
    0xa8, 0x22, 0xc0, 0x30,

    /* U+0112 "Ē" */
    0x0, 0xff, 0xe0, 0x1f, 0xff, 0x94, 0x2, 0x3c,
    0xcf, 0x20, 0x6, 0x33, 0xf0, 0x80, 0x3b, 0xff,
    0xf8, 0x2, 0x23, 0x3f, 0x80, 0x2c, 0xcf, 0xc0,
    0x1f, 0xfd, 0x8e, 0xff, 0xf1, 0x0, 0x46, 0x7f,
    0x80, 0x2d, 0xcc, 0xf0, 0x80, 0x7f, 0xf6, 0x37,
    0x33, 0xe3, 0x0, 0x19, 0xfe, 0x70,

    /* U+0113 "ē" */
    0x0, 0x17, 0xff, 0x98, 0x3, 0x16, 0x67, 0x9c,
    0x3, 0x8c, 0xfc, 0x20, 0x1c, 0x97, 0xdf, 0x8c,
    0x1, 0xd1, 0x68, 0x48, 0x53, 0x80, 0x12, 0xb9,
    0x6e, 0x5f, 0x29, 0xc0, 0x2, 0x43, 0x88, 0x2,
    0xa2, 0x70, 0x1, 0x89, 0x8, 0xf2, 0x2, 0x10,
    0xf, 0x77, 0x98, 0x8, 0x80, 0x37, 0x7f, 0x9c,
    0xc, 0x5d, 0x13, 0xe1, 0x8, 0xd, 0x40, 0x8,
    0xac, 0x80, 0x9, 0x3, 0x7d, 0x9b, 0xa4, 0x40,
    0x4, 0xf8, 0xa0, 0x66, 0x5c, 0x60,

    /* U+0114 "Ĕ" */
    0x0, 0x7b, 0x80, 0x17, 0xc8, 0x3, 0x54, 0xff,
    0xae, 0x48, 0x3, 0x2f, 0x76, 0x60, 0xf, 0x84,
    0x40, 0x1d, 0xdf, 0xff, 0xc0, 0x11, 0x19, 0xfc,
    0x1, 0x66, 0x7e, 0x0, 0xff, 0xec, 0x77, 0xff,
    0x88, 0x2, 0x33, 0xfc, 0x1, 0x6e, 0x67, 0x84,
    0x3, 0xff, 0xb1, 0xb9, 0x9f, 0x18, 0x0, 0xcf,
    0xf3, 0x80,

    /* U+0115 "ĕ" */
    0x0, 0xba, 0x0, 0x9, 0xe6, 0x1, 0xd4, 0xbf,
    0xea, 0x83, 0x0, 0xe4, 0xde, 0xe9, 0xc0, 0x3f,
    0x8, 0x80, 0x3f, 0x25, 0xf7, 0xe3, 0x0, 0x74,
    0x5a, 0x12, 0x14, 0xe0, 0x4, 0xae, 0x5b, 0x97,
    0xca, 0x70, 0x0, 0x90, 0xe2, 0x0, 0xa8, 0x9c,
    0x0, 0x62, 0x42, 0x3c, 0x80, 0x84, 0x3, 0xdd,
    0xe6, 0x2, 0x20, 0xd, 0xdf, 0xe7, 0x3, 0x17,
    0x44, 0xf8, 0x42, 0x3, 0x50, 0x2, 0x2b, 0x20,
    0x2, 0x40, 0xdf, 0x66, 0xe9, 0x10, 0x1, 0x3e,
    0x28, 0x19, 0x97, 0x18, 0x0,

    /* U+0116 "Ė" */
    0x0, 0xc6, 0x80, 0x1f, 0xd9, 0x64, 0x1, 0xf8,
    0xc8, 0xc0, 0x3f, 0x66, 0x88, 0x7, 0xff, 0xf,
    0xbf, 0xff, 0x80, 0x22, 0x33, 0xf8, 0x2, 0xcc,
    0xfc, 0x1, 0xff, 0xd8, 0xef, 0xff, 0x10, 0x4,
    0x67, 0xf8, 0x2, 0xdc, 0xcf, 0x8, 0x7, 0xff,
    0x63, 0x73, 0x3e, 0x30, 0x1, 0x9f, 0xe7,

    /* U+0117 "ė" */
    0x0, 0xeb, 0xe1, 0x0, 0xfe, 0x41, 0x20, 0xf,
    0xec, 0xb3, 0x0, 0xfe, 0x34, 0x0, 0xfc, 0x97,
    0xdf, 0x8c, 0x1, 0xd1, 0x68, 0x48, 0x53, 0x80,
    0x12, 0xb9, 0x6e, 0x5f, 0x29, 0xc0, 0x2, 0x43,
    0x88, 0x2, 0xa2, 0x70, 0x1, 0x89, 0x8, 0xf2,
    0x2, 0x10, 0xf, 0x77, 0x98, 0x8, 0x80, 0x37,
    0x7f, 0x9c, 0xc, 0x5d, 0x13, 0xe1, 0x8, 0xd,
    0x40, 0x8, 0xac, 0x80, 0x9, 0x3, 0x7d, 0x9b,
    0xa4, 0x40, 0x4, 0xf8, 0xa0, 0x66, 0x5c, 0x60,

    /* U+0118 "Ę" */
    0xef, 0xff, 0xe0, 0x8, 0x8c, 0xfe, 0x0, 0xb3,
    0x3f, 0x0, 0x7f, 0xf6, 0x3b, 0xff, 0xc4, 0x1,
    0x19, 0xfe, 0x0, 0xb7, 0x33, 0xc2, 0x1, 0xff,
    0xd8, 0xdc, 0xcf, 0x8c, 0x0, 0x67, 0xf9, 0xfb,
    0xff, 0xcc, 0x34, 0x80, 0x1e, 0x46, 0xf5, 0x0,
    0xf8, 0xc0, 0xc0, 0x40, 0x3c, 0xc5, 0xbf, 0x20,
    0x1e, 0x1d, 0xee, 0x40,

    /* U+0119 "ę" */
    0x0, 0x92, 0xfb, 0xf1, 0x80, 0x3a, 0x2d, 0x9,
    0xa, 0x70, 0x2, 0x57, 0x2d, 0xcb, 0xe5, 0x38,
    0x0, 0x48, 0x71, 0x0, 0x54, 0x4e, 0x0, 0x31,
    0x21, 0x1e, 0x40, 0x42, 0x1, 0xee, 0xf3, 0x1,
    0x10, 0x6, 0xef, 0xf3, 0x81, 0x8b, 0xa2, 0x7c,
    0x21, 0x1, 0xa8, 0x1, 0x15, 0x90, 0x1, 0x20,
    0x6f, 0xb3, 0x74, 0x88, 0x0, 0x9f, 0x14, 0xc,
    0x82, 0x98, 0x3, 0x1d, 0x76, 0x85, 0x28, 0x7,
    0xea, 0x35, 0x0, 0xfe, 0x11, 0xc0, 0x1f, 0xac,
    0xfb, 0x8a, 0x1, 0xf1, 0x76, 0xf2, 0x80,

    /* U+011A "Ě" */
    0x2, 0xdc, 0x10, 0xae, 0x30, 0x8, 0xb0, 0x7f,
    0x53, 0xc, 0x3, 0xe, 0x4d, 0x79, 0x0, 0x78,
    0x5d, 0xc2, 0x1, 0xbb, 0xff, 0xf8, 0x2, 0x23,
    0x3f, 0x80, 0x2c, 0xcf, 0xc0, 0x1f, 0xfd, 0x8e,
    0xff, 0xf1, 0x0, 0x46, 0x7f, 0x80, 0x2d, 0xcc,
    0xf0, 0x80, 0x7f, 0xf6, 0x37, 0x33, 0xe3, 0x0,
    0x19, 0xfe, 0x70,

    /* U+011B "ě" */
    0x0, 0xe, 0xe0, 0x84, 0xf9, 0x80, 0x61, 0xc1,
    0xfc, 0x6c, 0x30, 0xe, 0x1c, 0x65, 0xc3, 0x0,
    0xf8, 0x62, 0x4c, 0x3, 0xe4, 0xbe, 0xfc, 0x60,
    0xe, 0x8b, 0x42, 0x42, 0x9c, 0x0, 0x95, 0xcb,
    0x72, 0xf9, 0x4e, 0x0, 0x12, 0x1c, 0x40, 0x15,
    0x13, 0x80, 0xc, 0x48, 0x47, 0x90, 0x10, 0x80,
    0x7b, 0xbc, 0xc0, 0x44, 0x1, 0xbb, 0xfc, 0xe0,
    0x62, 0xe8, 0x9f, 0x8, 0x40, 0x6a, 0x0, 0x45,
    0x64, 0x0, 0x48, 0x1b, 0xec, 0xdd, 0x22, 0x0,
    0x27, 0xc5, 0x3, 0x32, 0xe3, 0x0,

    /* U+011C "Ĝ" */
    0x0, 0xf9, 0xe0, 0x80, 0x3f, 0xd3, 0xd, 0x82,
    0x1, 0xf9, 0xda, 0x7c, 0xf0, 0x40, 0x3c, 0x21,
    0x6c, 0x39, 0x4a, 0x1, 0xe1, 0x74, 0x0, 0xb,
    0xa0, 0x7, 0x85, 0xb3, 0xbf, 0xad, 0x80, 0x39,
    0x7e, 0x4c, 0x48, 0x12, 0x74, 0x80, 0xb, 0x42,
    0xdb, 0xfb, 0xda, 0xc4, 0xa0, 0x54, 0x13, 0x22,
    0x0, 0x8a, 0x75, 0xc2, 0x81, 0x98, 0x1, 0xf1,
    0x0, 0x14, 0x28, 0x3, 0xfe, 0x20, 0x30, 0xf,
    0xc2, 0x20, 0xf, 0xf8, 0xfa, 0x80, 0x80, 0xc0,
    0x3f, 0xe5, 0x9, 0x0, 0xff, 0xa4, 0x15, 0x80,
    0x3f, 0xc3, 0x41, 0x34, 0x60, 0x11, 0x48, 0x6,
    0x5b, 0x15, 0xcf, 0xdf, 0xd5, 0x1f, 0x0, 0x93,
    0xe0, 0xc4, 0x85, 0x27, 0x90,

    /* U+011D "ĝ" */
    0x0, 0xc3, 0x9f, 0xc4, 0x1, 0xe1, 0xd1, 0xb2,
    0xc2, 0x0, 0xe7, 0x4c, 0x4c, 0x65, 0x0, 0xe6,
    0x81, 0x0, 0x43, 0x80, 0x72, 0x5f, 0x7e, 0xb8,
    0x6f, 0x80, 0x22, 0xd0, 0xce, 0x8c, 0x30, 0x2,
    0xb8, 0xde, 0xe7, 0x51, 0x88, 0x2, 0x42, 0x90,
    0x2, 0x59, 0x0, 0x8c, 0x50, 0x3, 0x98, 0x0,
    0x40, 0x40, 0x1f, 0xc4, 0x4, 0x1, 0xe1, 0x0,
    0x8c, 0x54, 0x3, 0x98, 0x2, 0x90, 0xb4, 0x0,
    0x96, 0x0, 0x25, 0x71, 0xbd, 0xbe, 0xa3, 0x0,
    0xd1, 0x68, 0x68, 0x71, 0xa0, 0x20, 0x12, 0x5f,
    0x7e, 0xb9, 0x2, 0x80, 0xd2, 0x0, 0x62, 0xe0,
    0xe0, 0x55, 0x5f, 0x65, 0xee, 0x89, 0x54, 0x9,
    0xae, 0x44, 0x43, 0x4a, 0xa0, 0x0,

    /* U+011E "Ğ" */
    0x0, 0xe7, 0x20, 0x9, 0xcc, 0x3, 0xeb, 0x91,
    0x6, 0x81, 0x0, 0xfb, 0x9f, 0xbe, 0x28, 0x80,
    0x3e, 0x2c, 0xee, 0x94, 0x3, 0xfc, 0x22, 0x0,
    0xfe, 0x16, 0xce, 0xfe, 0xb6, 0x0, 0xe5, 0xf9,
    0x31, 0x20, 0x49, 0xd2, 0x0, 0x2d, 0xb, 0x6f,
    0xef, 0x6b, 0x12, 0x81, 0x50, 0x4c, 0x88, 0x2,
    0x29, 0xd7, 0xa, 0x6, 0x60, 0x7, 0xc4, 0x0,
    0x50, 0xa0, 0xf, 0xf8, 0x80, 0xc0, 0x3f, 0x8,
    0x80, 0x3f, 0xe3, 0xea, 0x2, 0x3, 0x0, 0xff,
    0x94, 0x24, 0x3, 0xfe, 0x90, 0x56, 0x0, 0xff,
    0xd, 0x4, 0xd1, 0x80, 0x45, 0x20, 0x19, 0x6c,
    0x57, 0x3f, 0x7f, 0x54, 0x7c, 0x2, 0x4f, 0x83,
    0x12, 0x14, 0x9e, 0x40,

    /* U+011F "ğ" */
    0x0, 0xa3, 0x48, 0x7, 0x28, 0x3, 0xa1, 0xf7,
    0xf9, 0xec, 0x3, 0xd5, 0xfb, 0xf6, 0x20, 0x1f,
    0x88, 0x3, 0xf2, 0x5f, 0x7e, 0xb8, 0x6f, 0x80,
    0x22, 0xd0, 0xce, 0x8c, 0x30, 0x2, 0xb8, 0xde,
    0xe7, 0x51, 0x88, 0x2, 0x42, 0x90, 0x2, 0x59,
    0x0, 0x8c, 0x50, 0x3, 0x98, 0x0, 0x40, 0x40,
    0x1f, 0xc4, 0x4, 0x1, 0xe1, 0x0, 0x8c, 0x54,
    0x3, 0x98, 0x2, 0x90, 0xb4, 0x0, 0x96, 0x0,
    0x25, 0x71, 0xbd, 0xbe, 0xa3, 0x0, 0xd1, 0x68,
    0x68, 0x71, 0xa0, 0x20, 0x12, 0x5f, 0x7e, 0xb9,
    0x2, 0x80, 0xd2, 0x0, 0x62, 0xe0, 0xe0, 0x55,
    0x5f, 0x65, 0xee, 0x89, 0x54, 0x9, 0xae, 0x44,
    0x43, 0x4a, 0xa0, 0x0,

    /* U+0120 "Ġ" */
    0x0, 0xf8, 0x94, 0x3, 0xff, 0x81, 0x94, 0x80,
    0x1f, 0xf2, 0xb, 0x0, 0x7f, 0xd5, 0xc4, 0x1,
    0xff, 0xca, 0x16, 0xce, 0xfe, 0xb6, 0x0, 0xe5,
    0xf9, 0x31, 0x20, 0x49, 0xd2, 0x0, 0x2d, 0xb,
    0x6f, 0xef, 0x6b, 0x12, 0x81, 0x50, 0x4c, 0x88,
    0x2, 0x29, 0xd7, 0xa, 0x6, 0x60, 0x7, 0xc4,
    0x0, 0x50, 0xa0, 0xf, 0xf8, 0x80, 0xc0, 0x3f,
    0x8, 0x80, 0x3f, 0xe3, 0xea, 0x2, 0x3, 0x0,
    0xff, 0x94, 0x24, 0x3, 0xfe, 0x90, 0x56, 0x0,
    0xff, 0xd, 0x4, 0xd1, 0x80, 0x45, 0x20, 0x19,
    0x6c, 0x57, 0x3f, 0x7f, 0x54, 0x7c, 0x2, 0x4f,
    0x83, 0x12, 0x14, 0x9e, 0x40,

    /* U+0121 "ġ" */
    0x0, 0xe5, 0xf7, 0x0, 0xfe, 0xd0, 0xd0, 0xf,
    0xe8, 0xab, 0x0, 0xff, 0x28, 0x80, 0x7c, 0x97,
    0xdf, 0xae, 0x1b, 0xe0, 0x8, 0xb4, 0x33, 0xa3,
    0xc, 0x0, 0xae, 0x37, 0xb9, 0xd4, 0x62, 0x0,
    0x90, 0xa4, 0x0, 0x96, 0x40, 0x23, 0x14, 0x0,
    0xe6, 0x0, 0x10, 0x10, 0x7, 0xf1, 0x1, 0x0,
    0x78, 0x40, 0x23, 0x15, 0x0, 0xe6, 0x0, 0xa4,
    0x2d, 0x0, 0x25, 0x80, 0x9, 0x5c, 0x6f, 0x6f,
    0xa8, 0xc0, 0x34, 0x5a, 0x1a, 0x1c, 0x68, 0x8,
    0x4, 0x97, 0xdf, 0xae, 0x40, 0xa0, 0x34, 0x80,
    0x18, 0xb8, 0x38, 0x15, 0x57, 0xd9, 0x7b, 0xa2,
    0x55, 0x2, 0x6b, 0x91, 0x10, 0xd2, 0xa8, 0x0,

    /* U+0122 "Ģ" */
    0x0, 0xc2, 0xd9, 0xdf, 0xd6, 0xc0, 0x1c, 0xbf,
    0x26, 0x24, 0x9, 0x3a, 0x40, 0x5, 0xa1, 0x6d,
    0xfd, 0xed, 0x62, 0x50, 0x2a, 0x9, 0x91, 0x0,
    0x45, 0x3a, 0xe1, 0x40, 0xcc, 0x0, 0xf8, 0x80,
    0xa, 0x14, 0x1, 0xff, 0x10, 0x18, 0x7, 0xe1,
    0x10, 0x7, 0xfc, 0x7d, 0x40, 0x40, 0x60, 0x1f,
    0xf2, 0x84, 0x80, 0x7f, 0xd2, 0xa, 0xc0, 0x1f,
    0xe1, 0xa0, 0x9a, 0x30, 0x8, 0xa4, 0x3, 0x2d,
    0x8a, 0xe7, 0xef, 0xea, 0x8f, 0x80, 0x49, 0xf0,
    0x62, 0x42, 0x93, 0xc8, 0x1, 0x85, 0xf3, 0xbf,
    0xad, 0x80, 0x3f, 0xf9, 0x77, 0xa0, 0x1f, 0xfc,
    0x1, 0x20, 0xf, 0xfe, 0x6, 0xa8, 0x7, 0xff,
    0x0, 0xa0, 0x3, 0x80,

    /* U+0123 "ģ" */
    0x0, 0xf5, 0xb8, 0x7, 0xf0, 0xa2, 0x80, 0x7f,
    0x38, 0x28, 0x7, 0xf1, 0x10, 0x40, 0x3f, 0x93,
    0x58, 0x3, 0xe4, 0xbe, 0xfd, 0x70, 0xdf, 0x0,
    0x45, 0xa1, 0x9d, 0x18, 0x60, 0x5, 0x71, 0xbd,
    0xce, 0xa3, 0x10, 0x4, 0x85, 0x20, 0x4, 0xb2,
    0x1, 0x18, 0xa0, 0x7, 0x30, 0x0, 0x80, 0x80,
    0x3f, 0x88, 0x8, 0x3, 0xc2, 0x1, 0x18, 0xa8,
    0x7, 0x30, 0x5, 0x21, 0x68, 0x1, 0x2c, 0x0,
    0x4a, 0xe3, 0x7b, 0x7d, 0x46, 0x1, 0xa2, 0xd0,
    0xd0, 0xe3, 0x40, 0x40, 0x24, 0xbe, 0xfd, 0x72,
    0x5, 0x1, 0xa4, 0x0, 0xc5, 0xc1, 0xc0, 0xaa,
    0xbe, 0xcb, 0xdd, 0x12, 0xa8, 0x13, 0x5c, 0x88,
    0x86, 0x95, 0x40,

    /* U+0124 "Ĥ" */
    0x0, 0xcb, 0xfe, 0x80, 0xf, 0xcd, 0x4f, 0x4f,
    0x20, 0x1e, 0x11, 0x5c, 0x2e, 0x89, 0x80, 0x70,
    0xba, 0x0, 0xa, 0xc, 0x2, 0xef, 0x10, 0xf,
    0xb7, 0xc8, 0x3, 0xff, 0xef, 0xdf, 0xff, 0x10,
    0x6, 0x23, 0x3f, 0x80, 0x3b, 0x33, 0xf1, 0x0,
    0x7f, 0xfd, 0xc0,

    /* U+0125 "ĥ" */
    0x0, 0x57, 0xf9, 0x0, 0x3f, 0x5a, 0x5b, 0x5a,
    0x80, 0x79, 0x33, 0x9, 0x34, 0x40, 0x1e, 0x47,
    0x20, 0x2, 0xb8, 0x7, 0xe3, 0xfb, 0x0, 0xff,
    0xf4, 0xc, 0xf7, 0xf4, 0x88, 0x7, 0x37, 0xb1,
    0x90, 0xb6, 0x0, 0x71, 0x1e, 0xee, 0x22, 0x38,
    0x7, 0x79, 0x0, 0xa, 0x42, 0xc0, 0x31, 0x10,
    0x3, 0x28, 0x8, 0x6, 0x60, 0xe, 0x10, 0x30,
    0xf, 0xff, 0xa8,

    /* U+0126 "Ħ" */
    0x0, 0x5f, 0xa0, 0x7, 0xd7, 0xe8, 0x1, 0xff,
    0xc7, 0xdf, 0x40, 0xbf, 0xff, 0x90, 0x2f, 0xd5,
    0x60, 0x0, 0xaa, 0xfc, 0x0, 0x15, 0x68, 0xa4,
    0xa, 0xaf, 0xc8, 0x15, 0x43, 0x0, 0xff, 0xe4,
    0xdf, 0xff, 0xc8, 0x1, 0xf8, 0x8c, 0xfe, 0x0,
    0xfe, 0x9c, 0xcf, 0x90, 0x3, 0xff, 0xfe, 0x1,
    0xff, 0xc2,

    /* U+0127 "ħ" */
    0x14, 0xfd, 0x11, 0xc0, 0x1b, 0xac, 0xb, 0xba,
    0xf0, 0xd, 0x70, 0x0, 0xbb, 0xa8, 0x3, 0x22,
    0x1, 0x13, 0x80, 0x3f, 0xc, 0xf7, 0xf4, 0x88,
    0x6, 0x6f, 0x63, 0x21, 0x6c, 0x0, 0xc4, 0x7b,
    0xb8, 0x88, 0xe0, 0x1b, 0xc8, 0x0, 0x52, 0x16,
    0x1, 0x11, 0x0, 0x32, 0x80, 0x80, 0x4c, 0x1,
    0xc2, 0x6, 0x1, 0xff, 0xf0,

    /* U+0128 "Ĩ" */
    0x0, 0xfe, 0x8f, 0xd5, 0xc, 0x52, 0x7d, 0x88,
    0x78, 0x29, 0x71, 0x2e, 0xf6, 0x0, 0x4, 0x2,
    0x10, 0xe, 0xef, 0x10, 0xf, 0xff, 0xf8, 0x7,
    0xff, 0x4c,

    /* U+0129 "ĩ" */
    0x7, 0xfb, 0x29, 0x90, 0x44, 0x96, 0xb5, 0x6,
    0xb4, 0xf7, 0x98, 0x10, 0x0, 0x40, 0x31, 0xfd,
    0x80, 0x7f, 0xff, 0x0,

    /* U+012A "Ī" */
    0x0, 0xf4, 0xff, 0xec, 0x8c, 0xcd, 0xc2, 0x67,
    0x88, 0x1, 0xde, 0x20, 0x1f, 0xff, 0xf0, 0xc,

    /* U+012B "ī" */
    0xef, 0xfc, 0xfb, 0x99, 0x98, 0xcf, 0x84, 0xf,
    0xec, 0x3, 0xff, 0xe4,

    /* U+012C "Ĭ" */
    0xf, 0x80, 0x2, 0xf9, 0x85, 0xb7, 0xfa, 0xe0,
    0xc1, 0x3b, 0x9b, 0xce, 0x1, 0x84, 0x80, 0x3d,
    0xde, 0x20, 0x1f, 0xff, 0xf0, 0xf, 0xfe, 0x98,

    /* U+012D "ĭ" */
    0xd8, 0x1, 0xe6, 0x96, 0xfe, 0x46, 0x4e, 0xe7,
    0xd0, 0x4, 0x20, 0x18, 0xfe, 0xc0, 0x3f, 0xfe,
    0x40,

    /* U+012E "Į" */
    0xe, 0xf1, 0x0, 0xff, 0xf2, 0x88, 0x4, 0x8c,
    0x28, 0x88, 0x2, 0x3, 0x17, 0x2d, 0xb1, 0xdd,
    0x50,

    /* U+012F "į" */
    0x3e, 0xb0, 0x41, 0x40, 0x77, 0x58, 0x2, 0x10,
    0xf, 0xec, 0x3, 0xff, 0xb6, 0x80, 0x21, 0x61,
    0x8, 0x80, 0x60, 0x10, 0x94, 0xe4, 0x5f, 0xe4,

    /* U+0130 "İ" */
    0x3, 0x40, 0x6, 0x59, 0x81, 0x91, 0x3, 0x34,
    0x40, 0x3b, 0xbc, 0x40, 0x3f, 0xfd, 0x0,

    /* U+0131 "ı" */
    0x3f, 0xb0, 0xf, 0xfe, 0x90,

    /* U+0132 "Ĳ" */
    0xf, 0xf0, 0x7, 0xa7, 0xd8, 0x3, 0xff, 0xfe,
    0x1, 0xfe, 0xff, 0x0, 0x7e, 0x30, 0xf, 0xe5,
    0x6, 0x0, 0xfc, 0x66, 0x3, 0xa, 0x82, 0x0,
    0x93, 0x42, 0x0, 0x51, 0xf7, 0xb7, 0xac, 0x55,
    0xc0, 0x7a, 0x50, 0x8, 0x12, 0xa8, 0x0,

    /* U+0133 "ĳ" */
    0x3e, 0xb0, 0x9, 0xfd, 0x90, 0x50, 0x2, 0xb0,
    0xd7, 0x75, 0x80, 0x5c, 0xf2, 0x10, 0x80, 0x11,
    0x41, 0x1f, 0xd8, 0x5, 0x1e, 0xc0, 0x1f, 0xff,
    0xf0, 0xf, 0xfe, 0x19, 0xfd, 0x80, 0x7f, 0xf0,
    0xc, 0x8, 0x2, 0xdb, 0xc4, 0x24, 0x0, 0xb,
    0x21, 0x2e, 0x0,

    /* U+0134 "Ĵ" */
    0x0, 0xc5, 0xe, 0x1, 0xe1, 0xc6, 0x89, 0x0,
    0xc3, 0x87, 0xf2, 0xce, 0x1, 0x2d, 0x60, 0xb5,
    0x0, 0x80, 0x11, 0xc4, 0x0, 0xae, 0x20, 0xc,
    0xff, 0xf2, 0x0, 0x14, 0xcf, 0x0, 0x74, 0xe6,
    0x64, 0x0, 0xff, 0xfe, 0x88, 0x7, 0x30, 0x30,
    0x6e, 0x10, 0x1, 0x88, 0x48, 0x18, 0xf7, 0x5d,
    0x21, 0x0, 0xa, 0x93, 0x21, 0x3a, 0x60,

    /* U+0135 "ĵ" */
    0x0, 0x9f, 0xfc, 0x60, 0x12, 0xc4, 0x17, 0x48,
    0x0, 0x54, 0xf5, 0x2e, 0x0, 0x75, 0x0, 0x3a,
    0x80, 0x43, 0xfa, 0x1, 0xff, 0xff, 0x0, 0xff,
    0xe3, 0x20, 0x38, 0x1, 0xf6, 0xe8, 0x38, 0x2,
    0x34, 0x2a, 0x40, 0x0,

    /* U+0136 "Ķ" */
    0xef, 0x10, 0xf, 0x5f, 0xc0, 0x7, 0xf5, 0xa3,
    0xc0, 0x7, 0xeb, 0x46, 0x80, 0xf, 0xd4, 0x8b,
    0x20, 0x1f, 0xa9, 0x52, 0x80, 0x3f, 0x52, 0xa5,
    0x80, 0x7e, 0x95, 0x8, 0x0, 0xfd, 0x6c, 0x21,
    0xa2, 0x1, 0xf2, 0x97, 0xa8, 0xe8, 0x7, 0xc5,
    0x83, 0x46, 0x6a, 0x0, 0xf7, 0x88, 0x3, 0x49,
    0x5c, 0x3, 0x8c, 0x2, 0x1f, 0x8, 0x40, 0xf,
    0xe2, 0xb0, 0xb2, 0x0, 0xfe, 0x49, 0xf, 0x1e,
    0xf1, 0x0, 0xf3, 0x7e, 0x88, 0x7, 0xff, 0x15,
    0x7d, 0x40, 0x3f, 0xc2, 0x6, 0x1, 0xfe, 0x50,
    0x70, 0xf, 0xf1, 0xd0, 0x80, 0x78,

    /* U+0137 "ķ" */
    0x3f, 0xb0, 0xf, 0xff, 0x41, 0x6f, 0xa8, 0x7,
    0xc5, 0x85, 0x2a, 0x1, 0xe3, 0xc1, 0x96, 0x0,
    0xf1, 0xe0, 0xcb, 0x0, 0x79, 0x30, 0x19, 0x80,
    0x1e, 0x5b, 0x0, 0x31, 0x0, 0x78, 0x42, 0x98,
    0x3c, 0x3, 0xeb, 0x59, 0x32, 0x90, 0xe, 0x44,
    0x0, 0x34, 0x59, 0x80, 0x1f, 0x86, 0x82, 0x48,
    0x3, 0xf2, 0x40, 0x78, 0x1f, 0xd8, 0x7, 0x3f,
    0xe8, 0x7, 0xff, 0x16, 0x38, 0x80, 0x3f, 0xbc,
    0x40, 0x3f, 0xc4, 0x64, 0x1, 0xfc, 0xde, 0x1,
    0xe0,

    /* U+0138 "ĸ" */
    0x3f, 0xb0, 0xc, 0x5b, 0xea, 0x1, 0xf1, 0x61,
    0x4a, 0x80, 0x78, 0xf0, 0x65, 0x80, 0x3c, 0x78,
    0x32, 0xc0, 0x1e, 0x4c, 0x6, 0x60, 0x7, 0x96,
    0xc0, 0xc, 0x40, 0x1e, 0x10, 0xa6, 0xf, 0x0,
    0xfa, 0xd6, 0x4c, 0xa4, 0x3, 0x91, 0x0, 0xd,
    0x16, 0x60, 0x7, 0xe1, 0xa0, 0x92, 0x0, 0xfc,
    0x90, 0x1e, 0x0,

    /* U+0139 "Ĺ" */
    0x0, 0x27, 0xe9, 0x80, 0x79, 0x6d, 0x70, 0xc0,
    0x38, 0x4a, 0xa8, 0x20, 0x1e, 0x17, 0x50, 0xf,
    0xee, 0xf1, 0x0, 0xff, 0xff, 0x80, 0x7f, 0xfb,
    0x37, 0x33, 0xd0, 0x1, 0x19, 0xfe,

    /* U+013A "ĺ" */
    0x0, 0x14, 0x38, 0x81, 0x62, 0xa0, 0x9e, 0xa6,
    0x18, 0x1f, 0xd0, 0x80, 0x7e, 0x3f, 0xb0, 0xf,
    0xff, 0xf8, 0x7, 0xff, 0x0,

    /* U+013B "Ļ" */
    0xef, 0x10, 0xf, 0xff, 0xf8, 0x7, 0xff, 0x83,
    0x73, 0x3d, 0x0, 0x3, 0x3f, 0xdd, 0xff, 0xfa,
    0xc0, 0x3f, 0xf8, 0x57, 0xc0, 0x1f, 0x88, 0x40,
    0x3f, 0x72, 0x80, 0x7e, 0x38, 0x0, 0xc0,

    /* U+013C "ļ" */
    0x3f, 0xb0, 0xf, 0xfe, 0xf1, 0xfd, 0x80, 0x43,
    0xd2, 0x0, 0x31, 0x2f, 0xb, 0x50,

    /* U+013D "Ľ" */
    0x0, 0xf1, 0xfa, 0x7, 0x78, 0x80, 0x73, 0x80,
    0x7f, 0x8, 0x7, 0xf1, 0x80, 0x7c, 0x7e, 0x20,
    0x1f, 0xff, 0xf0, 0xf, 0xdb, 0x99, 0xe8, 0x0,
    0x19, 0xfe,

    /* U+013E "ľ" */
    0x0, 0xcf, 0xe0, 0x7f, 0x60, 0x1f, 0xfc, 0x41,
    0x0, 0xe7, 0xe0, 0xf, 0xff, 0xf8, 0x4,

    /* U+013F "Ŀ" */
    0xef, 0x10, 0xf, 0xfe, 0xfa, 0xb0, 0x7, 0xc5,
    0x52, 0x40, 0x1e, 0x23, 0x22, 0x0, 0x7d, 0x9a,
    0x1, 0xff, 0xe0, 0xdc, 0xcf, 0x40, 0x0, 0xcf,
    0xf0,

    /* U+0140 "ŀ" */
    0x3f, 0xb0, 0xf, 0xfe, 0xf8, 0xa0, 0x7, 0x65,
    0xa0, 0x6, 0x71, 0x60, 0xd, 0x5c, 0x40, 0x1f,
    0xfd, 0x70,

    /* U+0141 "Ł" */
    0x0, 0x5f, 0xa0, 0x7, 0xff, 0x60, 0xa4, 0x3,
    0xfb, 0xb5, 0x4, 0x3, 0xce, 0xa, 0xad, 0x10,
    0xe, 0x23, 0x4, 0xa0, 0xf, 0x2e, 0x80, 0x3c,
    0x3, 0xf2, 0x18, 0x7, 0xf2, 0xdb, 0x80, 0x7f,
    0xf6, 0x67, 0x33, 0xd4, 0x1, 0x88, 0xcf, 0xce,

    /* U+0142 "ł" */
    0x0, 0xbf, 0x80, 0x3f, 0xfb, 0x8a, 0xc0, 0x1c,
    0x35, 0x80, 0x11, 0x0, 0x22, 0x80, 0x9, 0xa0,
    0x7, 0x0, 0xa4, 0xc0, 0x40, 0x37, 0xe0, 0x7,
    0x88, 0x3, 0xff, 0xa4,

    /* U+0143 "Ń" */
    0x0, 0xf2, 0x7e, 0x98, 0x7, 0xe5, 0xb5, 0xc3,
    0x0, 0xf8, 0x4a, 0xa8, 0x20, 0x1f, 0x85, 0xd4,
    0x3, 0xdd, 0xe4, 0x1, 0xf6, 0xf9, 0x0, 0x3c,
    0x40, 0x3f, 0xe2, 0xa0, 0xf, 0xf8, 0x52, 0x0,
    0x3f, 0xd4, 0xe, 0xa0, 0x1f, 0xcb, 0x41, 0x46,
    0x1, 0xfc, 0xae, 0x1a, 0x20, 0x1f, 0xd0, 0x83,
    0xa0, 0x1f, 0xea, 0x23, 0x90, 0xf, 0xe1, 0xf0,
    0x66, 0x0, 0x7f, 0x15, 0x4, 0x90, 0x7, 0xf2,
    0xb8, 0x7, 0xff, 0x2, 0x10, 0x3, 0xff, 0x81,
    0x64, 0x0,

    /* U+0144 "ń" */
    0x0, 0xf3, 0xfd, 0x88, 0x7, 0xa2, 0xf, 0x62,
    0x1, 0xc4, 0x19, 0x0, 0x1f, 0x14, 0x18, 0x6,
    0x3f, 0xa2, 0xae, 0xfe, 0x91, 0x0, 0x9f, 0x54,
    0x90, 0x1b, 0x0, 0x22, 0x3e, 0xcb, 0xf3, 0x27,
    0x0, 0xb8, 0x40, 0x3, 0x1, 0x60, 0x2, 0x20,
    0x6, 0x50, 0x10, 0x3, 0x0, 0x70, 0x81, 0x80,
    0x7f, 0xfa, 0xc0,

    /* U+0145 "Ņ" */
    0xef, 0x20, 0xf, 0xb7, 0xc8, 0x1, 0xe2, 0x1,
    0xff, 0x15, 0x0, 0x7f, 0xc2, 0x90, 0x1, 0xfe,
    0xa0, 0x75, 0x0, 0xfe, 0x5a, 0xa, 0x30, 0xf,
    0xe5, 0x70, 0xd1, 0x0, 0xfe, 0x84, 0x1d, 0x0,
    0xff, 0x51, 0x1c, 0x80, 0x7f, 0xf, 0x83, 0x30,
    0x3, 0xf8, 0xa8, 0x24, 0x80, 0x3f, 0x95, 0xc0,
    0x3f, 0xf8, 0x10, 0x80, 0x1f, 0xfc, 0xb, 0x20,
    0x7, 0x78, 0x80, 0x7d, 0xbe, 0x40, 0x1f, 0xfc,
    0x6b, 0xd0, 0xf, 0xf8, 0x48, 0x3, 0xfe, 0xd5,
    0x0, 0xff, 0x8a, 0x0, 0x3c,

    /* U+0146 "ņ" */
    0x3f, 0xa2, 0xae, 0xfe, 0x91, 0x0, 0x9f, 0x54,
    0x90, 0x1b, 0x0, 0x22, 0x3e, 0xcb, 0xf3, 0x27,
    0x0, 0xb8, 0x40, 0x3, 0x1, 0x60, 0x2, 0x20,
    0x6, 0x50, 0x10, 0x3, 0x0, 0x70, 0x81, 0x80,
    0x7f, 0xfa, 0xcf, 0xec, 0x3, 0xdf, 0xc0, 0x1f,
    0xfc, 0x4e, 0xa0, 0xf, 0xe3, 0x10, 0xf, 0xe6,
    0xd0, 0xf, 0xed, 0x60, 0xc,

    /* U+0147 "Ň" */
    0x0, 0xe, 0xe0, 0x85, 0x71, 0x80, 0x70, 0xe0,
    0x7e, 0xa6, 0x18, 0x7, 0x87, 0x25, 0x70, 0x80,
    0x3f, 0x9e, 0x8, 0x3, 0xbb, 0xc8, 0x3, 0xed,
    0xf2, 0x0, 0x78, 0x80, 0x7f, 0xc5, 0x40, 0x1f,
    0xf0, 0xa4, 0x0, 0x7f, 0xa8, 0x1d, 0x40, 0x3f,
    0x96, 0x82, 0x8c, 0x3, 0xf9, 0x5c, 0x34, 0x40,
    0x3f, 0xa1, 0x7, 0x40, 0x3f, 0xd4, 0x47, 0x20,
    0x1f, 0xc3, 0xe0, 0xcc, 0x0, 0xfe, 0x2a, 0x9,
    0x20, 0xf, 0xe5, 0x70, 0xf, 0xfe, 0x4, 0x20,
    0x7, 0xff, 0x2, 0xc8, 0x0,

    /* U+0148 "ň" */
    0x0, 0x1f, 0xc8, 0xe, 0x68, 0x80, 0x47, 0x8f,
    0x9e, 0x18, 0x20, 0x18, 0xf1, 0x27, 0x4, 0x3,
    0xc5, 0xe, 0x1, 0x8f, 0xe8, 0xab, 0xbf, 0xa4,
    0x40, 0x27, 0xd5, 0x24, 0x6, 0xc0, 0x8, 0x8f,
    0xb2, 0xfc, 0xc9, 0xc0, 0x2e, 0x10, 0x0, 0xc0,
    0x58, 0x0, 0x88, 0x1, 0x94, 0x4, 0x0, 0xc0,
    0x1c, 0x20, 0x60, 0x1f, 0xfe, 0xb0,

    /* U+0149 "ŉ" */
    0xe6, 0x0, 0xff, 0xe0, 0x18, 0x7, 0xff, 0x0,
    0x40, 0x3f, 0xf8, 0xe, 0xde, 0xe5, 0x5d, 0xfa,
    0xe0, 0x10, 0x80, 0x3b, 0x14, 0x40, 0xa2, 0xc2,
    0xc8, 0x0, 0xc2, 0xb3, 0x6, 0x8, 0x85, 0x0,
    0xd7, 0x4c, 0xf8, 0x81, 0xa0, 0x18, 0xd0, 0x3,
    0x70, 0x18, 0x6, 0x50, 0xe, 0x60, 0x10, 0xc,
    0x20, 0x1f, 0xff, 0x0,

    /* U+014A "Ŋ" */
    0xef, 0x20, 0xf, 0xb7, 0xc8, 0x1, 0xe2, 0x1,
    0xff, 0x15, 0x0, 0x7f, 0xc2, 0x90, 0x1, 0xfe,
    0xa0, 0x75, 0x0, 0xfe, 0x5a, 0xa, 0x30, 0xf,
    0xe5, 0x70, 0xd1, 0x0, 0xfe, 0x84, 0x1d, 0x0,
    0xff, 0x51, 0x1c, 0x80, 0x7f, 0xf, 0x83, 0x30,
    0x3, 0xf8, 0xa8, 0x24, 0x80, 0x3f, 0x95, 0xc0,
    0x3f, 0xf8, 0x10, 0x80, 0x1f, 0xfc, 0xb, 0x0,
    0x1f, 0x78, 0x80, 0x7f, 0x8, 0x6, 0x3b, 0x10,
    0x4, 0x1, 0x80, 0x75, 0xa7, 0x67, 0x38, 0x40,
    0x7, 0x44, 0x99, 0x85, 0x2d, 0x0,

    /* U+014B "ŋ" */
    0x3f, 0xa2, 0xae, 0xfe, 0x91, 0x0, 0x9f, 0x54,
    0x90, 0x1b, 0x0, 0x22, 0x3e, 0xcb, 0xf3, 0x27,
    0x0, 0xb8, 0x40, 0x3, 0x1, 0x60, 0x2, 0x20,
    0x6, 0x50, 0x10, 0x3, 0x0, 0x70, 0x81, 0x80,
    0x7f, 0xfa, 0xcf, 0xec, 0x3, 0x84, 0xc, 0x3,
    0xf2, 0x83, 0x0, 0x73, 0xed, 0xd8, 0x38, 0x3,
    0x84, 0x10, 0xa5, 0x40,

    /* U+014C "Ō" */
    0x0, 0xff, 0xe4, 0xef, 0xff, 0x58, 0x7, 0xf7,
    0xe6, 0x74, 0x80, 0x7f, 0x11, 0x9f, 0x10, 0x7,
    0xff, 0x30, 0x5b, 0x3b, 0xfa, 0xd4, 0x3, 0xe4,
    0xf9, 0x30, 0x21, 0x4a, 0xd3, 0x0, 0xcb, 0x62,
    0xdb, 0xdb, 0xf8, 0x85, 0x84, 0x0, 0x1a, 0x9,
    0x91, 0x0, 0x47, 0x6c, 0x1e, 0x0, 0x90, 0x66,
    0x0, 0x7d, 0x24, 0x45, 0x5, 0xa, 0x0, 0xfe,
    0xb0, 0xf0, 0x20, 0x30, 0xf, 0xe5, 0x6, 0x0,
    0xff, 0xe2, 0x90, 0x18, 0x7, 0xf2, 0x83, 0x2,
    0x85, 0x0, 0x7f, 0x58, 0x78, 0x48, 0x33, 0x0,
    0x3e, 0x92, 0x22, 0x80, 0xd0, 0x4d, 0x10, 0x4,
    0x76, 0xc1, 0xe0, 0x12, 0xd8, 0xae, 0xfe, 0xfe,
    0x21, 0x61, 0x0, 0x64, 0xf8, 0x31, 0x21, 0x4a,
    0xd3, 0x0, 0x0,

    /* U+014D "ō" */
    0x0, 0xbb, 0xff, 0xa4, 0x3, 0xb7, 0x33, 0xac,
    0x3, 0x8c, 0xfc, 0x40, 0x1c, 0x75, 0xdf, 0xb2,
    0x20, 0x19, 0xf1, 0x4c, 0xe6, 0xf4, 0x0, 0x2c,
    0xd, 0xee, 0x74, 0xd, 0x8, 0x48, 0x52, 0x0,
    0x4e, 0xc2, 0xc0, 0x62, 0x80, 0x1d, 0x41, 0x84,
    0x4, 0x1, 0xe2, 0x6, 0x20, 0x20, 0xf, 0x10,
    0x30, 0x18, 0xa0, 0x7, 0x50, 0x60, 0x40, 0x52,
    0x0, 0x4e, 0xc2, 0xc0, 0x90, 0x37, 0xb9, 0xd0,
    0x3a, 0x20, 0x7, 0xc5, 0x33, 0x9b, 0xcc, 0x0,

    /* U+014E "Ŏ" */
    0x0, 0xe6, 0x40, 0x9, 0x50, 0x3, 0xfb, 0xa4,
    0xc1, 0x28, 0x80, 0x3f, 0xa1, 0xf3, 0xed, 0xd8,
    0x3, 0xfd, 0x5f, 0xbf, 0x0, 0x1f, 0xfc, 0x12,
    0x0, 0xff, 0x85, 0xb3, 0xbf, 0xad, 0x40, 0x3e,
    0x4f, 0x93, 0x2, 0x14, 0xad, 0x30, 0xc, 0xb6,
    0x2d, 0xbd, 0xbf, 0x88, 0x58, 0x40, 0x1, 0xa0,
    0x99, 0x10, 0x4, 0x76, 0xc1, 0xe0, 0x9, 0x6,
    0x60, 0x7, 0xd2, 0x44, 0x50, 0x50, 0xa0, 0xf,
    0xeb, 0xf, 0x2, 0x3, 0x0, 0xfe, 0x50, 0x60,
    0xf, 0xfe, 0x29, 0x1, 0x80, 0x7f, 0x28, 0x30,
    0x28, 0x50, 0x7, 0xf5, 0x87, 0x84, 0x83, 0x30,
    0x3, 0xe9, 0x22, 0x28, 0xd, 0x4, 0xd1, 0x0,
    0x47, 0x6c, 0x1e, 0x1, 0x2d, 0x8a, 0xef, 0xef,
    0xe2, 0x16, 0x10, 0x6, 0x4f, 0x83, 0x12, 0x14,
    0xad, 0x30, 0x0,

    /* U+014F "ŏ" */
    0x0, 0xb2, 0xc4, 0xf, 0x98, 0x3, 0xb9, 0xfb,
    0xf1, 0xd8, 0x3, 0x8b, 0x3f, 0x7e, 0x40, 0x3f,
    0x88, 0x3, 0xf1, 0xd7, 0x7e, 0xc8, 0x80, 0x67,
    0xc5, 0x33, 0x9b, 0xd0, 0x0, 0xb0, 0x37, 0xb9,
    0xd0, 0x34, 0x21, 0x21, 0x48, 0x1, 0x3b, 0xb,
    0x1, 0x8a, 0x0, 0x75, 0x6, 0x10, 0x10, 0x7,
    0x88, 0x18, 0x80, 0x80, 0x3c, 0x40, 0xc0, 0x62,
    0x80, 0x1d, 0x41, 0x81, 0x1, 0x48, 0x1, 0x3b,
    0xb, 0x2, 0x40, 0xde, 0xe7, 0x40, 0xe8, 0x80,
    0x1f, 0x14, 0xce, 0x6f, 0x30,

    /* U+0150 "Ő" */
    0x0, 0xf9, 0xa9, 0x6, 0xa4, 0x3, 0xf8, 0xa4,
    0x52, 0xd6, 0x80, 0x3f, 0xb8, 0xad, 0x16, 0x4c,
    0x3, 0xfb, 0x34, 0x13, 0xd8, 0x3, 0xff, 0x98,
    0x2d, 0x9d, 0xfd, 0x6a, 0x1, 0xf2, 0x7c, 0x98,
    0x10, 0xa5, 0x69, 0x80, 0x65, 0xb1, 0x6d, 0xed,
    0xfc, 0x42, 0xc2, 0x0, 0xd, 0x4, 0xc8, 0x80,
    0x23, 0xb6, 0xf, 0x0, 0x48, 0x33, 0x0, 0x3e,
    0x92, 0x22, 0x82, 0x85, 0x0, 0x7f, 0x58, 0x78,
    0x10, 0x18, 0x7, 0xf2, 0x83, 0x0, 0x7f, 0xf1,
    0x48, 0xc, 0x3, 0xf9, 0x41, 0x81, 0x42, 0x80,
    0x3f, 0xac, 0x3c, 0x24, 0x19, 0x80, 0x1f, 0x49,
    0x11, 0x40, 0x68, 0x26, 0x88, 0x2, 0x3b, 0x60,
    0xf0, 0x9, 0x6c, 0x57, 0x7f, 0x7f, 0x10, 0xb0,
    0x80, 0x32, 0x7c, 0x18, 0x90, 0xa5, 0x69, 0x80,
    0x0,

    /* U+0151 "ő" */
    0x0, 0xec, 0xf3, 0x4f, 0xa0, 0xe, 0x63, 0x93,
    0xa2, 0xa0, 0xe, 0xc8, 0x65, 0x4f, 0x0, 0xf5,
    0x38, 0x2d, 0x10, 0x7, 0x1d, 0x77, 0xec, 0x88,
    0x6, 0x7c, 0x53, 0x39, 0xbd, 0x0, 0xb, 0x3,
    0x7b, 0x9d, 0x3, 0x42, 0x12, 0x14, 0x80, 0x13,
    0xb0, 0xb0, 0x18, 0xa0, 0x7, 0x50, 0x61, 0x1,
    0x0, 0x78, 0x81, 0x88, 0x8, 0x3, 0xc4, 0xc,
    0x6, 0x28, 0x1, 0xd4, 0x18, 0x10, 0x14, 0x80,
    0x13, 0xb0, 0xb0, 0x24, 0xd, 0xee, 0x74, 0xe,
    0x88, 0x1, 0xf1, 0x4c, 0xe6, 0xf3, 0x0,

    /* U+0152 "Œ" */
    0x0, 0xc2, 0xf9, 0xdf, 0xff, 0xfc, 0x11, 0x0,
    0x97, 0xa0, 0xc0, 0x8c, 0xc0, 0x2, 0x33, 0xf8,
    0x2, 0x6a, 0x6, 0xde, 0xdc, 0xc1, 0x87, 0x66,
    0x7c, 0x20, 0x52, 0x17, 0x24, 0x1, 0xff, 0xc4,
    0xb0, 0x64, 0x0, 0xff, 0xe3, 0x20, 0x58, 0x7,
    0xff, 0x1c, 0x80, 0x80, 0x3f, 0xb3, 0xff, 0xc6,
    0x1, 0xff, 0xc2, 0x33, 0xf8, 0x40, 0x4, 0x4,
    0x1, 0xfd, 0xf9, 0x9e, 0x20, 0x2, 0x5, 0x80,
    0x7f, 0xf1, 0xec, 0x19, 0x0, 0x3f, 0xf8, 0xc5,
    0x21, 0x70, 0x40, 0x1f, 0xfc, 0x56, 0x90, 0x7d,
    0xec, 0xc8, 0xc3, 0xb3, 0x3e, 0x40, 0x9, 0xba,
    0xc, 0xc, 0xe0, 0x1, 0x19, 0xfc, 0x40,

    /* U+0153 "œ" */
    0x0, 0x8e, 0xbb, 0xf6, 0x4, 0x0, 0x75, 0xdf,
    0xae, 0x1, 0xcf, 0x8a, 0x48, 0xf, 0xe4, 0xb8,
    0xa4, 0x87, 0x18, 0x20, 0x5, 0x81, 0xcc, 0x5e,
    0xc8, 0xfd, 0xe, 0x62, 0xf9, 0x8e, 0xc0, 0x12,
    0x14, 0x60, 0x13, 0x30, 0x82, 0x8c, 0x2, 0x93,
    0x51, 0x3, 0x14, 0x0, 0xea, 0x0, 0x30, 0x8f,
    0x20, 0x21, 0x1, 0x0, 0x78, 0x80, 0x1b, 0xdd,
    0xce, 0x4, 0x40, 0x20, 0xf, 0x10, 0x2, 0xef,
    0xf2, 0x81, 0x8a, 0x80, 0x75, 0x0, 0x5, 0x13,
    0xe2, 0x8, 0xb, 0x40, 0x9, 0xd8, 0x42, 0x94,
    0x2, 0x1a, 0x30, 0x2, 0x40, 0xde, 0xe7, 0x40,
    0xed, 0x5, 0x76, 0x6f, 0x2a, 0x0, 0x4f, 0x8a,
    0x67, 0x37, 0x9a, 0xeb, 0x1, 0x99, 0x2d, 0xc0,

    /* U+0154 "Ŕ" */
    0x0, 0xe1, 0xcf, 0x60, 0xf, 0x8b, 0x7, 0x18,
    0x3, 0xe4, 0xad, 0x30, 0xf, 0xcc, 0xe0, 0x1e,
    0xef, 0xfe, 0xec, 0x70, 0xe, 0x23, 0x31, 0x1,
    0xc6, 0x90, 0x5, 0x99, 0x6f, 0x6a, 0x17, 0x0,
    0x7e, 0x2b, 0x13, 0x30, 0x7, 0xf2, 0x3, 0x0,
    0x7f, 0x8, 0x7, 0xf8, 0x90, 0x1c, 0x3, 0xc2,
    0xbe, 0xa, 0x40, 0xe, 0xff, 0xba, 0x89, 0x68,
    0x2, 0x33, 0x90, 0x81, 0xa8, 0x3, 0x6e, 0x62,
    0xf0, 0x58, 0xc0, 0x3f, 0xd, 0x7, 0x0, 0x7f,
    0x23, 0x14, 0x80, 0x7f, 0x49, 0x32, 0x0,

    /* U+0155 "ŕ" */
    0x0, 0xd3, 0xf4, 0x1, 0xa9, 0xa6, 0x80, 0x24,
    0x3c, 0x60, 0xc, 0x92, 0x60, 0x11, 0xfd, 0xc,
    0xf4, 0x0, 0x4d, 0xec, 0x3e, 0x1, 0x18, 0x5f,
    0xb8, 0x6, 0xa4, 0x0, 0xe1, 0x40, 0xf, 0x10,
    0x7, 0xce, 0x1, 0xff, 0xd9,

    /* U+0156 "Ŗ" */
    0xef, 0xfe, 0xec, 0x70, 0xe, 0x23, 0x31, 0x1,
    0xc6, 0x90, 0x5, 0x99, 0x6f, 0x6a, 0x17, 0x0,
    0x7e, 0x2b, 0x13, 0x30, 0x7, 0xf2, 0x3, 0x0,
    0x7f, 0x8, 0x7, 0xf8, 0x90, 0x1c, 0x3, 0xc2,
    0xbe, 0xa, 0x40, 0xe, 0xff, 0xba, 0x89, 0x68,
    0x2, 0x33, 0x90, 0x81, 0xa8, 0x3, 0x6e, 0x62,
    0xf0, 0x58, 0xc0, 0x3f, 0xd, 0x7, 0x0, 0x7f,
    0x23, 0x14, 0x80, 0x7f, 0x49, 0x32, 0x77, 0x88,
    0x7, 0xb7, 0xd0, 0x3, 0xff, 0x88, 0xde, 0x80,
    0x1f, 0xc6, 0x1, 0xff, 0x38, 0xa0, 0x7, 0xfa,
    0xc0, 0x3c,

    /* U+0157 "ŗ" */
    0x3f, 0xa1, 0x9e, 0x80, 0x3, 0x7b, 0xf, 0x80,
    0xc, 0x2f, 0xdc, 0x2, 0xa4, 0x0, 0xc2, 0x80,
    0x1c, 0x40, 0x1e, 0x70, 0xf, 0xfe, 0xa1, 0xfd,
    0x80, 0x7f, 0xc3, 0xd2, 0x1, 0xe3, 0x0, 0xc2,
    0x5e, 0x1, 0xd6, 0xa0, 0x18,

    /* U+0158 "Ř" */
    0x0, 0x4f, 0x20, 0x37, 0xb8, 0x7, 0x4b, 0x5d,
    0xa6, 0x4e, 0x1, 0xe8, 0x93, 0xb6, 0x0, 0xfc,
    0xd0, 0x80, 0x1d, 0xdf, 0xfd, 0xd8, 0xe0, 0x1c,
    0x46, 0x62, 0x3, 0x8d, 0x20, 0xb, 0x32, 0xde,
    0xd4, 0x2e, 0x0, 0xfc, 0x56, 0x26, 0x60, 0xf,
    0xe4, 0x6, 0x0, 0xfe, 0x10, 0xf, 0xf1, 0x20,
    0x38, 0x7, 0x85, 0x7c, 0x14, 0x80, 0x1d, 0xff,
    0x75, 0x12, 0xd0, 0x4, 0x67, 0x21, 0x3, 0x50,
    0x6, 0xdc, 0xc5, 0xe0, 0xb1, 0x80, 0x7e, 0x1a,
    0xe, 0x0, 0xfe, 0x46, 0x29, 0x0, 0xfe, 0x92,
    0x64,

    /* U+0159 "ř" */
    0x6f, 0x70, 0x3e, 0xb0, 0x6a, 0x8b, 0xc4, 0xb0,
    0x2, 0xd9, 0x45, 0x0, 0x64, 0x97, 0x0, 0x8f,
    0xe8, 0x67, 0xa0, 0x2, 0x6f, 0x61, 0xf0, 0x8,
    0xc2, 0xfd, 0xc0, 0x35, 0x20, 0x7, 0xa, 0x0,
    0x78, 0x80, 0x3e, 0x70, 0xf, 0xfe, 0xc8,

    /* U+015A "Ś" */
    0x0, 0xf9, 0x21, 0x80, 0x3f, 0x25, 0xaa, 0x0,
    0x7c, 0x76, 0x78, 0x40, 0x1f, 0x2c, 0x60, 0x80,
    0x7e, 0x67, 0x0, 0xfc, 0xd9, 0xdf, 0xd8, 0xe2,
    0x1, 0x64, 0x99, 0xf4, 0x60, 0x2, 0xc, 0xdb,
    0xac, 0xde, 0x8b, 0x0, 0x20, 0x79, 0x0, 0x42,
    0xec, 0x1, 0x9c, 0x3, 0xfa, 0x82, 0xdc, 0x40,
    0x3e, 0x68, 0x8, 0xed, 0x94, 0x0, 0xe7, 0xe9,
    0x53, 0x6b, 0xe4, 0x0, 0xc2, 0xd5, 0xd8, 0xa3,
    0x64, 0x1, 0xf1, 0xd3, 0x82, 0x80, 0x80, 0x7d,
    0xe1, 0xe1, 0x96, 0x60, 0x18, 0xe4, 0x30, 0x1d,
    0x33, 0xf3, 0x1d, 0x82, 0xc8, 0x15, 0x8c, 0x46,
    0x60, 0x5b, 0x90,

    /* U+015B "ś" */
    0x0, 0xe5, 0xfd, 0x20, 0xe, 0x6a, 0x5d, 0x20,
    0xc, 0x5f, 0x54, 0x0, 0xf1, 0x4a, 0x80, 0x79,
    0x73, 0xbf, 0xa9, 0x40, 0x13, 0x46, 0x48, 0x6b,
    0x0, 0x2c, 0x3d, 0x97, 0xba, 0xe0, 0x30, 0x31,
    0x0, 0x88, 0xc0, 0x8a, 0xc6, 0x30, 0xe, 0xf3,
    0x34, 0xe7, 0xd9, 0x80, 0xb, 0x3a, 0xe1, 0x11,
    0x84, 0x1, 0xa, 0x3d, 0xb0, 0x20, 0x49, 0x80,
    0x62, 0x3, 0x56, 0xce, 0xbb, 0x72, 0x1a, 0xaa,
    0x94, 0x11, 0x4a, 0x30, 0x0,

    /* U+015C "Ŝ" */
    0x0, 0xe5, 0x84, 0x0, 0xfc, 0xb4, 0xd6, 0x80,
    0x1e, 0x4a, 0x6e, 0x4b, 0x20, 0xe, 0x39, 0x90,
    0x5c, 0x20, 0x7, 0x3b, 0x0, 0x4e, 0xc0, 0x1c,
    0xd9, 0xdf, 0xd8, 0xe2, 0x1, 0x64, 0x99, 0xf4,
    0x60, 0x2, 0xc, 0xdb, 0xac, 0xde, 0x8b, 0x0,
    0x20, 0x79, 0x0, 0x42, 0xec, 0x1, 0x9c, 0x3,
    0xfa, 0x82, 0xdc, 0x40, 0x3e, 0x68, 0x8, 0xed,
    0x94, 0x0, 0xe7, 0xe9, 0x53, 0x6b, 0xe4, 0x0,
    0xc2, 0xd5, 0xd8, 0xa3, 0x64, 0x1, 0xf1, 0xd3,
    0x82, 0x80, 0x80, 0x7d, 0xe1, 0xe1, 0x96, 0x60,
    0x18, 0xe4, 0x30, 0x1d, 0x33, 0xf3, 0x1d, 0x82,
    0xc8, 0x15, 0x8c, 0x46, 0x60, 0x5b, 0x90,

    /* U+015D "ŝ" */
    0x0, 0x9f, 0xfc, 0xc0, 0x1d, 0x10, 0x97, 0x96,
    0x0, 0x8c, 0x6d, 0xa2, 0xbc, 0x80, 0x7, 0x28,
    0x0, 0x59, 0x20, 0x9, 0x73, 0xbf, 0xa9, 0x40,
    0x13, 0x46, 0x48, 0x6b, 0x0, 0x2c, 0x3d, 0x97,
    0xba, 0xe0, 0x30, 0x31, 0x0, 0x88, 0xc0, 0x8a,
    0xc6, 0x30, 0xe, 0xf3, 0x34, 0xe7, 0xd9, 0x80,
    0xb, 0x3a, 0xe1, 0x11, 0x84, 0x1, 0xa, 0x3d,
    0xb0, 0x20, 0x49, 0x80, 0x62, 0x3, 0x56, 0xce,
    0xbb, 0x72, 0x1a, 0xaa, 0x94, 0x11, 0x4a, 0x30,
    0x0,

    /* U+015E "Ş" */
    0x0, 0x9b, 0x3b, 0xfb, 0x1c, 0x40, 0x2c, 0x93,
    0x3e, 0x8c, 0x0, 0x41, 0x9b, 0x75, 0x9b, 0xd1,
    0x60, 0x4, 0xf, 0x20, 0x8, 0x5d, 0x80, 0x33,
    0x80, 0x7f, 0x50, 0x5b, 0x88, 0x7, 0xcd, 0x1,
    0x1d, 0xb2, 0x80, 0x1c, 0xfd, 0x2a, 0x6d, 0x7c,
    0x80, 0x18, 0x5a, 0xbb, 0x14, 0x6c, 0x80, 0x3e,
    0x3a, 0x70, 0x50, 0x10, 0xf, 0xbc, 0x3c, 0x32,
    0xcc, 0x3, 0x1c, 0x86, 0x3, 0xa6, 0x7e, 0x63,
    0xb0, 0x59, 0x2, 0xb1, 0x88, 0xcc, 0xb, 0x72,
    0x1, 0x1c, 0xed, 0x17, 0x52, 0x0, 0x7c, 0x2d,
    0xc4, 0x1, 0xf0, 0xa5, 0xb, 0x80, 0x7d, 0x1f,
    0xc6, 0x80, 0x1f, 0x4f, 0x73, 0x4, 0x2,

    /* U+015F "ş" */
    0x0, 0x2e, 0x77, 0xf5, 0x28, 0x2, 0x68, 0xc9,
    0xd, 0x60, 0x5, 0x87, 0xb2, 0xf7, 0x5c, 0x6,
    0x6, 0x20, 0x11, 0x18, 0x11, 0x58, 0xc6, 0x1,
    0xde, 0x66, 0x9c, 0xfb, 0x30, 0x1, 0x67, 0x5c,
    0x22, 0x30, 0x80, 0x21, 0x47, 0xb6, 0x4, 0x9,
    0x30, 0xc, 0x40, 0x6a, 0xd9, 0xd7, 0x6e, 0x43,
    0x55, 0x52, 0x82, 0x20, 0xa3, 0x0, 0xb, 0x5c,
    0x75, 0x8e, 0x1, 0xe5, 0xb8, 0x0, 0xf0, 0xcb,
    0x30, 0x3, 0x8b, 0xbd, 0xe0, 0x3, 0x8b, 0xfb,
    0xd8, 0x2,

    /* U+0160 "Š" */
    0x0, 0x9d, 0x80, 0x27, 0x60, 0xe, 0x39, 0xa0,
    0xb8, 0x40, 0xe, 0x4a, 0x5e, 0x4b, 0x20, 0xf,
    0x2d, 0x35, 0xa0, 0x7, 0xe5, 0x84, 0x0, 0xf9,
    0xb3, 0xbf, 0xb1, 0xc4, 0x2, 0xc9, 0x33, 0xe8,
    0xc0, 0x4, 0x19, 0xb7, 0x59, 0xbd, 0x16, 0x0,
    0x40, 0xf2, 0x0, 0x85, 0xd8, 0x3, 0x38, 0x7,
    0xf5, 0x5, 0xb8, 0x80, 0x7c, 0xd0, 0x11, 0xdb,
    0x28, 0x1, 0xcf, 0xd2, 0xa6, 0xd7, 0xc8, 0x1,
    0x85, 0xab, 0xb1, 0x46, 0xc8, 0x3, 0xe3, 0xa7,
    0x5, 0x1, 0x0, 0xfb, 0xc3, 0xc3, 0x2c, 0xc0,
    0x31, 0xc8, 0x60, 0x3a, 0x67, 0xe6, 0x3b, 0x5,
    0x90, 0x2b, 0x18, 0x8c, 0xc0, 0xb7, 0x20,

    /* U+0161 "š" */
    0x3, 0xea, 0x1, 0xbe, 0x20, 0x1, 0xe2, 0x6e,
    0x36, 0x10, 0x4, 0x58, 0x88, 0xc2, 0x0, 0xe2,
    0x99, 0x8, 0x7, 0x2e, 0x77, 0xf5, 0x28, 0x2,
    0x68, 0xc9, 0xd, 0x60, 0x5, 0x87, 0xb2, 0xf7,
    0x5c, 0x6, 0x6, 0x20, 0x11, 0x18, 0x11, 0x58,
    0xc6, 0x1, 0xde, 0x66, 0x9c, 0xfb, 0x30, 0x1,
    0x67, 0x5c, 0x22, 0x30, 0x80, 0x21, 0x47, 0xb6,
    0x4, 0x9, 0x30, 0xc, 0x40, 0x6a, 0xd9, 0xd7,
    0x6e, 0x43, 0x55, 0x52, 0x82, 0x29, 0x46, 0x0,

    /* U+0162 "Ţ" */
    0xef, 0xff, 0xf5, 0x29, 0x9c, 0x40, 0x3, 0x3c,
    0x57, 0x99, 0x78, 0x16, 0x66, 0x80, 0xf, 0xff,
    0xf8, 0x7, 0xff, 0x9c, 0xc0, 0x3f, 0x88, 0x74,
    0x3, 0xf8, 0x53, 0x58, 0x3, 0xfa, 0x92, 0x80,
    0x3e, 0x3e, 0xf4, 0x90, 0xf, 0x8f, 0xfb, 0x8a,
    0x1, 0x80,

    /* U+0163 "ţ" */
    0x0, 0x3c, 0x0, 0x7a, 0x5c, 0x3, 0xff, 0x81,
    0x7e, 0x21, 0xff, 0xe, 0x28, 0x1, 0x56, 0x17,
    0xa1, 0xa, 0xa8, 0x3, 0xff, 0xbe, 0x40, 0x80,
    0x1d, 0x41, 0x76, 0xd7, 0x0, 0x34, 0x2, 0x1,
    0x0, 0x4e, 0x91, 0xaa, 0x1, 0x8e, 0xa8, 0x1,
    0x86, 0x29, 0x40, 0x21, 0xff, 0x44, 0x0, 0x21,
    0xee, 0x7b, 0x80,

    /* U+0164 "Ť" */
    0x0, 0x1f, 0xc8, 0xe, 0x68, 0x80, 0x63, 0xc7,
    0xcf, 0xc, 0x10, 0xe, 0x3c, 0x49, 0xc1, 0x0,
    0xf8, 0xa1, 0xc0, 0x3b, 0xbf, 0xff, 0xd4, 0xa6,
    0x71, 0x0, 0xc, 0xf1, 0x5e, 0x65, 0xe0, 0x59,
    0x9a, 0x0, 0x3f, 0xff, 0xe0, 0x1f, 0xfe, 0xd0,

    /* U+0165 "ť" */
    0x0, 0xe4, 0xf2, 0x0, 0xf8, 0xc0, 0x11, 0x20,
    0x10, 0x80, 0x19, 0x80, 0xd0, 0x17, 0xe2, 0x1f,
    0xb0, 0x38, 0xa0, 0x5, 0x58, 0x5e, 0x84, 0x2a,
    0xa0, 0xf, 0xfe, 0xf9, 0x2, 0x0, 0x75, 0x5,
    0xdb, 0x5c, 0x0, 0xd0, 0x48, 0x4,

    /* U+0166 "Ŧ" */
    0xef, 0xff, 0xf5, 0x29, 0x9c, 0x40, 0x3, 0x3c,
    0x57, 0x99, 0x78, 0x16, 0x66, 0x80, 0xf, 0xfe,
    0xc8, 0xd5, 0x38, 0xa, 0xa9, 0x0, 0x11, 0xaa,
    0x8c, 0x0, 0xab, 0x0, 0x45, 0xfe, 0xd0, 0x2f,
    0xf6, 0x80, 0x7f, 0xfc, 0x80,

    /* U+0167 "ŧ" */
    0x0, 0x34, 0x8, 0x7, 0x53, 0x98, 0x7, 0xfd,
    0x3e, 0x61, 0xbf, 0xe2, 0xc5, 0x10, 0x55, 0x8d,
    0x68, 0x82, 0x2a, 0x82, 0x2, 0x40, 0x23, 0x2,
    0xf0, 0x86, 0x77, 0x1, 0x2c, 0x1, 0x37, 0x60,
    0x14, 0x30, 0x44, 0x80, 0x3f, 0xe6, 0x7, 0x0,
    0xee, 0xa, 0xbd, 0x90, 0x2, 0x49, 0x20, 0x78,

    /* U+0168 "Ũ" */
    0x0, 0xff, 0xe2, 0xd7, 0xd9, 0x8f, 0x10, 0x7,
    0x23, 0xf6, 0xeb, 0x90, 0x80, 0x39, 0x30, 0x5b,
    0xb9, 0x40, 0x1f, 0x8, 0x4, 0x20, 0x1d, 0xfe,
    0x0, 0xf8, 0xbf, 0x40, 0x3f, 0xff, 0xe0, 0x1f,
    0xfc, 0x31, 0x0, 0xff, 0xe1, 0x10, 0x18, 0x7,
    0x9c, 0x18, 0x10, 0x28, 0x3, 0xd2, 0x18, 0x16,
    0xd, 0x0, 0x10, 0xd1, 0x8b, 0x1, 0x50, 0x3f,
    0xef, 0x71, 0x47, 0x40, 0x25, 0xd6, 0x22, 0x9,
    0x3f, 0x98, 0x0,

    /* U+0169 "ũ" */
    0x0, 0xe, 0x7d, 0x11, 0xf8, 0x6, 0x90, 0xb0,
    0xdc, 0x80, 0xd, 0x3a, 0x95, 0xfc, 0xe0, 0x18,
    0x44, 0x1, 0x8, 0x4, 0x9f, 0x40, 0x1c, 0x7f,
    0x60, 0x1f, 0xfe, 0xd1, 0x0, 0xe6, 0x0, 0x30,
    0x30, 0x7, 0x60, 0x0, 0x8a, 0x70, 0x9, 0x58,
    0x2, 0x90, 0x8d, 0xad, 0xa3, 0x0, 0x93, 0x10,
    0xd4, 0x23, 0x80, 0x0,

    /* U+016A "Ū" */
    0x0, 0xff, 0xe2, 0x2f, 0xff, 0x8c, 0x3, 0x93,
    0x33, 0xc6, 0x1, 0xc2, 0x67, 0xe0, 0xf, 0xfe,
    0x2f, 0xf8, 0x3, 0xe2, 0xfd, 0x0, 0xff, 0xff,
    0x80, 0x7f, 0xf0, 0xc4, 0x3, 0xff, 0x84, 0x40,
    0x60, 0x1e, 0x70, 0x60, 0x40, 0xa0, 0xf, 0x48,
    0x60, 0x58, 0x34, 0x0, 0x43, 0x46, 0x2c, 0x5,
    0x40, 0xff, 0xbd, 0xc5, 0x1d, 0x0, 0x97, 0x58,
    0x88, 0x24, 0xfe, 0x60,

    /* U+016B "ū" */
    0x0, 0x47, 0xff, 0x80, 0x34, 0xe6, 0x78, 0x3,
    0x9, 0x9f, 0x80, 0x9, 0xf4, 0x1, 0xc7, 0xf6,
    0x1, 0xff, 0xed, 0x10, 0xe, 0x60, 0x3, 0x3,
    0x0, 0x76, 0x0, 0x8, 0xa7, 0x0, 0x95, 0x80,
    0x29, 0x8, 0xda, 0xda, 0x30, 0x9, 0x31, 0xd,
    0x42, 0x38, 0x0,

    /* U+016C "Ŭ" */
    0x0, 0x89, 0xc0, 0x21, 0x80, 0xf, 0x1c, 0x40,
    0x6, 0xd4, 0x3, 0xc3, 0x6d, 0xfc, 0xfe, 0x1,
    0xf2, 0x77, 0x5a, 0x40, 0x1f, 0xc2, 0x20, 0xf,
    0x7f, 0x80, 0x3e, 0x2f, 0xd0, 0xf, 0xff, 0xf8,
    0x7, 0xff, 0xc, 0x40, 0x3f, 0xf8, 0x44, 0x6,
    0x1, 0xe7, 0x6, 0x4, 0xa, 0x0, 0xf4, 0x86,
    0x5, 0x83, 0x40, 0x4, 0x34, 0x62, 0xc0, 0x54,
    0xf, 0xfb, 0xdc, 0x51, 0xd0, 0x9, 0x75, 0x88,
    0x82, 0x4f, 0xe6, 0x0,

    /* U+016D "ŭ" */
    0x0, 0x2f, 0x18, 0xd, 0x60, 0x6, 0x56, 0xcf,
    0xe6, 0xe0, 0xe, 0x8f, 0xee, 0x61, 0x0, 0x7c,
    0x22, 0x0, 0xc9, 0xf4, 0x1, 0xc7, 0xf6, 0x1,
    0xff, 0xed, 0x10, 0xe, 0x60, 0x3, 0x3, 0x0,
    0x76, 0x0, 0x8, 0xa7, 0x0, 0x95, 0x80, 0x29,
    0x8, 0xda, 0xda, 0x30, 0x9, 0x31, 0xd, 0x42,
    0x38, 0x0,

    /* U+016E "Ů" */
    0x0, 0xe6, 0xdd, 0x20, 0x7, 0xe2, 0xad, 0xca,
    0x0, 0xff, 0xe4, 0x95, 0x6e, 0xa8, 0x3, 0xf9,
    0xb7, 0x10, 0x3, 0xff, 0x8d, 0xfe, 0x0, 0xf8,
    0xbf, 0x40, 0x3f, 0xff, 0xe0, 0x1f, 0xfc, 0x31,
    0x0, 0xff, 0xe1, 0x10, 0x18, 0x7, 0x9c, 0x18,
    0x10, 0x28, 0x3, 0xd2, 0x18, 0x16, 0xd, 0x0,
    0x10, 0xd1, 0x8b, 0x1, 0x50, 0x3f, 0xef, 0x71,
    0x47, 0x40, 0x25, 0xd6, 0x22, 0x9, 0x3f, 0x98,
    0x0,

    /* U+016F "ů" */
    0x0, 0xcf, 0xb6, 0x20, 0x1e, 0x4c, 0xde, 0xb0,
    0xf, 0x1e, 0x2, 0xa0, 0x7, 0x8f, 0x1, 0x54,
    0x1, 0xe4, 0xcd, 0xea, 0x0, 0xf9, 0xf6, 0xc4,
    0x2, 0x4f, 0xa0, 0xe, 0x3f, 0xb0, 0xf, 0xff,
    0x68, 0x80, 0x73, 0x0, 0x18, 0x18, 0x3, 0xb0,
    0x0, 0x45, 0x38, 0x4, 0xac, 0x1, 0x48, 0x46,
    0xd6, 0xd1, 0x80, 0x49, 0x88, 0x6a, 0x11, 0xc0,
    0x0,

    /* U+0170 "Ű" */
    0x0, 0xe1, 0xa9, 0x6, 0xa4, 0x0, 0xf5, 0xae,
    0x94, 0x8a, 0x0, 0x72, 0x2c, 0xa7, 0x15, 0x80,
    0x79, 0x3d, 0x83, 0x34, 0x3, 0xff, 0x8b, 0xfe,
    0x0, 0xf8, 0xbf, 0x40, 0x3f, 0xff, 0xe0, 0x1f,
    0xfc, 0x31, 0x0, 0xff, 0xe1, 0x10, 0x18, 0x7,
    0x9c, 0x18, 0x10, 0x28, 0x3, 0xd2, 0x18, 0x16,
    0xd, 0x0, 0x10, 0xd1, 0x8b, 0x1, 0x50, 0x3f,
    0xef, 0x71, 0x47, 0x40, 0x25, 0xd6, 0x22, 0x9,
    0x3f, 0x98, 0x0,

    /* U+0171 "ű" */
    0x0, 0xcd, 0xf2, 0x1b, 0xc4, 0x1, 0xc, 0xa4,
    0xc8, 0xa8, 0x80, 0x27, 0x5a, 0x13, 0xa4, 0x0,
    0xcd, 0x42, 0x2a, 0x50, 0x2, 0x7d, 0x0, 0x71,
    0xfd, 0x80, 0x7f, 0xfb, 0x44, 0x3, 0x98, 0x0,
    0xc0, 0xc0, 0x1d, 0x80, 0x2, 0x29, 0xc0, 0x25,
    0x60, 0xa, 0x42, 0x36, 0xb6, 0x8c, 0x2, 0x4c,
    0x43, 0x50, 0x8e, 0x0, 0x0,

    /* U+0172 "Ų" */
    0xf, 0xf0, 0x7, 0xc5, 0xfa, 0x1, 0xff, 0xff,
    0x0, 0xff, 0xe1, 0x88, 0x7, 0xff, 0x1, 0xc0,
    0x40, 0x80, 0x3c, 0xe0, 0x40, 0x81, 0x40, 0x1e,
    0xe0, 0xc0, 0x90, 0x76, 0x0, 0xd0, 0x84, 0xa0,
    0x70, 0x13, 0xd9, 0x8f, 0x72, 0xc0, 0x9, 0xed,
    0x0, 0xcc, 0x53, 0xa2, 0x1, 0x92, 0xe8, 0x67,
    0x58, 0x3, 0xf5, 0x4b, 0x0, 0x7f, 0x87, 0xc0,
    0x80, 0x3f, 0xa1, 0xff, 0x0, 0x3f, 0x9f, 0xf7,
    0x80, 0x30,

    /* U+0173 "ų" */
    0x4f, 0xa0, 0xe, 0x3f, 0xb0, 0xf, 0xff, 0x98,
    0x80, 0x73, 0x0, 0x4c, 0xc, 0x1, 0xd8, 0x1,
    0x11, 0x4e, 0x1, 0x2b, 0x0, 0x69, 0x8, 0xda,
    0xda, 0x30, 0xc, 0x98, 0x86, 0xa1, 0x1e, 0xa,
    0x1, 0x1d, 0xf7, 0xea, 0x6b, 0x78, 0x7, 0xee,
    0x69, 0x10, 0xf, 0xc4, 0x0, 0x20, 0xf, 0xd0,
    0xff, 0x80, 0x1f, 0x9f, 0xf7, 0x80,

    /* U+0174 "Ŵ" */
    0x0, 0xfe, 0x3f, 0xf5, 0x80, 0x7f, 0xf1, 0x53,
    0x16, 0xd6, 0xc0, 0x3f, 0xf8, 0x87, 0x54, 0x4f,
    0xc4, 0x0, 0xff, 0xe1, 0xba, 0x80, 0x5, 0xd0,
    0x3, 0xe3, 0xfd, 0x0, 0xfb, 0x3d, 0x80, 0x3c,
    0x7f, 0x66, 0x44, 0x30, 0xe, 0x13, 0xa, 0x0,
    0xf5, 0x87, 0x2, 0x85, 0x80, 0x73, 0x0, 0xc,
    0x40, 0x39, 0x41, 0x2, 0xc1, 0x40, 0x3a, 0xc1,
    0xc1, 0x80, 0x31, 0x92, 0x8, 0x19, 0x10, 0xc0,
    0x22, 0x34, 0xa0, 0xb0, 0xd, 0x61, 0xc0, 0x12,
    0x85, 0x80, 0x4a, 0x1c, 0x46, 0x61, 0x0, 0x94,
    0x10, 0x2, 0xb0, 0x50, 0xa, 0x81, 0x42, 0xc1,
    0x80, 0x6, 0x48, 0x20, 0x11, 0x91, 0xc, 0x8,
    0x8a, 0x0, 0x50, 0xb0, 0x5, 0x87, 0x0, 0x72,
    0x85, 0x85, 0x7, 0x80, 0x8, 0xcc, 0x40, 0xc0,
    0x80, 0x1d, 0x60, 0xa0, 0xa0, 0xa0, 0x15, 0x82,
    0x98, 0xa0, 0x80, 0x71, 0x91, 0x18, 0x94, 0x3,
    0x30, 0x5d, 0x83, 0x80, 0x3e, 0x50, 0x90, 0xe0,
    0xc, 0x26, 0x66, 0x5, 0x0, 0xfa, 0xc0, 0x24,
    0x0, 0xea, 0x1, 0x40, 0xf, 0xc6, 0x40, 0xc0,
    0x1e, 0x70, 0x7, 0x0, 0x60,

    /* U+0175 "ŵ" */
    0x0, 0xfa, 0x3f, 0xcc, 0x1, 0xff, 0xc1, 0x87,
    0x98, 0x96, 0x0, 0xff, 0x8c, 0x31, 0x9e, 0xf8,
    0x80, 0x3f, 0xc7, 0x6, 0x0, 0x48, 0x20, 0xe,
    0xbf, 0x10, 0xe, 0xef, 0x0, 0xe1, 0xfa, 0xe0,
    0x60, 0xc, 0xa2, 0xc, 0x1, 0x9c, 0x3d, 0x42,
    0x80, 0x37, 0x0, 0x34, 0x3, 0x50, 0xa8, 0x29,
    0x10, 0x0, 0x28, 0xa8, 0x81, 0x0, 0x9, 0xb8,
    0x3, 0x82, 0x80, 0xe, 0x1f, 0xc0, 0xc0, 0x6,
    0xa, 0x0, 0x20, 0xa8, 0x2, 0x85, 0x54, 0x36,
    0x0, 0xa1, 0x30, 0x9, 0x88, 0xc8, 0xdc, 0x0,
    0xe6, 0x46, 0x4c, 0x1, 0xac, 0x2a, 0x81, 0x40,
    0xa, 0xa, 0xb0, 0xa0, 0xc, 0x64, 0xec, 0x46,
    0x0, 0x32, 0x56, 0x32, 0x0, 0xea, 0x11, 0x50,
    0x6, 0xa2, 0x1b, 0x0, 0xf3, 0x0, 0x18, 0x3,
    0x28, 0x1, 0x80, 0x20,

    /* U+0176 "Ŷ" */
    0x0, 0xf1, 0x18, 0x80, 0x7f, 0xc5, 0x98, 0xf2,
    0x0, 0xfe, 0x1c, 0x3c, 0x3f, 0x10, 0xf, 0xd2,
    0x98, 0x78, 0xf2, 0x1, 0xfa, 0x28, 0x40, 0x6a,
    0x0, 0x3b, 0x3d, 0x40, 0x3e, 0x4f, 0xb0, 0x7,
    0x5, 0x88, 0x7, 0xa4, 0x24, 0x0, 0x4e, 0x30,
    0x1, 0xce, 0x50, 0x40, 0x14, 0xb, 0x18, 0x4,
    0x50, 0x4e, 0x1, 0xd6, 0x1e, 0x1, 0x48, 0x48,
    0x7, 0x95, 0xd, 0x81, 0x51, 0x50, 0x3, 0xe9,
    0x8, 0x1b, 0xb, 0x0, 0xfc, 0x4e, 0x3e, 0x30,
    0x20, 0x1f, 0xd0, 0x42, 0x4e, 0x1, 0xff, 0x28,
    0x50, 0x7, 0xff, 0xd8,

    /* U+0177 "ŷ" */
    0x0, 0xc7, 0xdf, 0x60, 0x1f, 0x93, 0x13, 0x17,
    0x4, 0x3, 0xc7, 0x34, 0x7f, 0x68, 0x1, 0xe7,
    0x60, 0x0, 0xba, 0x80, 0x6d, 0xf2, 0x0, 0xf7,
    0x78, 0x2, 0xc2, 0xc0, 0x39, 0x45, 0xc0, 0xc,
    0x2c, 0x1, 0xdc, 0x14, 0x1, 0x30, 0x38, 0x4,
    0x48, 0x82, 0x0, 0xa4, 0x28, 0x2, 0xb0, 0xf0,
    0xc, 0x2a, 0x48, 0x0, 0x62, 0x40, 0xe, 0x90,
    0xf0, 0x60, 0xb0, 0xf, 0x19, 0x21, 0x58, 0x30,
    0x7, 0xd6, 0x1c, 0x4e, 0x1, 0xf9, 0x84, 0xc2,
    0x80, 0x3f, 0x98, 0x10, 0x80, 0x3f, 0x88, 0x3c,
    0x3, 0xc6, 0x0, 0x35, 0x34, 0x0, 0xe2, 0xcd,
    0xbc, 0xf, 0x0, 0xf1, 0x39, 0xa1, 0xd9, 0x80,
    0x78,

    /* U+0178 "Ÿ" */
    0x0, 0xc7, 0xcc, 0xf, 0xc4, 0x1, 0xf9, 0xc4,
    0x41, 0xe2, 0x20, 0xf, 0xc9, 0xce, 0x11, 0xc6,
    0x1, 0xfc, 0x20, 0x10, 0x80, 0x7b, 0x3d, 0x40,
    0x3e, 0x4f, 0xb0, 0x7, 0x5, 0x88, 0x7, 0xa4,
    0x24, 0x0, 0x4e, 0x30, 0x1, 0xce, 0x50, 0x40,
    0x14, 0xb, 0x18, 0x4, 0x50, 0x4e, 0x1, 0xd6,
    0x1e, 0x1, 0x48, 0x48, 0x7, 0x95, 0xd, 0x81,
    0x51, 0x50, 0x3, 0xe9, 0x8, 0x1b, 0xb, 0x0,
    0xfc, 0x4e, 0x3e, 0x30, 0x20, 0x1f, 0xd0, 0x42,
    0x4e, 0x1, 0xff, 0x28, 0x50, 0x7, 0xff, 0xd8,

    /* U+0179 "Ź" */
    0x0, 0xfa, 0x7e, 0x80, 0x3f, 0xa9, 0xa6, 0x80,
    0x3f, 0x21, 0x6b, 0x0, 0x7f, 0x24, 0x10, 0x7,
    0xbf, 0xff, 0xe4, 0x3, 0x3f, 0xc2, 0x0, 0x60,
    0xcc, 0xfb, 0x4c, 0x24, 0x80, 0x3f, 0x51, 0x33,
    0x0, 0x3f, 0x42, 0x1c, 0x80, 0x7e, 0x57, 0x1d,
    0x0, 0xfc, 0x74, 0x1a, 0x20, 0x1f, 0xe, 0x85,
    0x18, 0x7, 0xed, 0x17, 0x50, 0xf, 0xd2, 0x69,
    0x0, 0x1f, 0x99, 0x85, 0x40, 0x1f, 0x92, 0x43,
    0xc4, 0x3, 0xe1, 0xa0, 0x1e, 0xcc, 0xf9, 0xcc,
    0x40, 0x4c, 0xff, 0x70,

    /* U+017A "ź" */
    0x0, 0xe2, 0xee, 0x20, 0x7, 0x1e, 0x97, 0xa0,
    0x7, 0x24, 0xe0, 0x80, 0x79, 0xd8, 0x3, 0xf,
    0xff, 0xe8, 0x15, 0x5f, 0x0, 0x34, 0x2a, 0xb8,
    0xc1, 0x94, 0x3, 0x99, 0x87, 0x20, 0x1c, 0x72,
    0x3a, 0x1, 0xc3, 0xc1, 0x42, 0x1, 0xd4, 0x50,
    0x80, 0x1c, 0xe8, 0x87, 0x0, 0xe4, 0x82, 0xa0,
    0xe, 0x1a, 0x1, 0xba, 0xac, 0xc4, 0x20, 0x6a,
    0xbd, 0xa0,

    /* U+017B "Ż" */
    0x0, 0xf2, 0x90, 0x7, 0xf9, 0x6b, 0xc0, 0x3f,
    0xcc, 0x28, 0x1, 0xfe, 0x3e, 0x90, 0xf, 0xfe,
    0x3f, 0xff, 0xfc, 0x80, 0x67, 0xf8, 0x40, 0xc,
    0x19, 0x9f, 0x69, 0x84, 0x90, 0x7, 0xea, 0x26,
    0x60, 0x7, 0xe8, 0x43, 0x90, 0xf, 0xca, 0xe3,
    0xa0, 0x1f, 0x8e, 0x83, 0x44, 0x3, 0xe1, 0xd0,
    0xa3, 0x0, 0xfd, 0xa2, 0xea, 0x1, 0xfa, 0x4d,
    0x20, 0x3, 0xf3, 0x30, 0xa8, 0x3, 0xf2, 0x48,
    0x78, 0x80, 0x7c, 0x34, 0x3, 0xd9, 0x9f, 0x39,
    0x88, 0x9, 0x9f, 0xee,

    /* U+017C "ż" */
    0x0, 0xd5, 0xc4, 0x1, 0xf3, 0x8b, 0x80, 0x7d,
    0xf4, 0xa0, 0x1f, 0x12, 0x80, 0x61, 0xff, 0xfd,
    0x2, 0xab, 0xe0, 0x6, 0x85, 0x57, 0x18, 0x32,
    0x80, 0x73, 0x30, 0xe4, 0x3, 0x8e, 0x47, 0x40,
    0x38, 0x78, 0x28, 0x40, 0x3a, 0x8a, 0x10, 0x3,
    0x9d, 0x10, 0xe0, 0x1c, 0x90, 0x54, 0x1, 0xc3,
    0x40, 0x37, 0x55, 0x98, 0x84, 0xd, 0x57, 0xb4,

    /* U+017D "Ž" */
    0x0, 0x97, 0xe0, 0xf, 0x6c, 0x3, 0xcb, 0x6f,
    0x98, 0x7b, 0x0, 0xf9, 0x31, 0x22, 0x80, 0x3f,
    0x8e, 0x1c, 0x3, 0xdf, 0xff, 0xf2, 0x1, 0x9f,
    0xe1, 0x0, 0x30, 0x66, 0x7d, 0xa6, 0x12, 0x40,
    0x1f, 0xa8, 0x99, 0x80, 0x1f, 0xa1, 0xe, 0x40,
    0x3f, 0x2b, 0x8e, 0x80, 0x7e, 0x3a, 0xd, 0x10,
    0xf, 0x87, 0x42, 0x8c, 0x3, 0xf6, 0x8b, 0xa8,
    0x7, 0xe9, 0x34, 0x80, 0xf, 0xcc, 0xc2, 0xa0,
    0xf, 0xc9, 0x21, 0xe2, 0x1, 0xf0, 0xd0, 0xf,
    0x66, 0x7c, 0xe6, 0x20, 0x26, 0x7f, 0xb8,

    /* U+017E "ž" */
    0x0, 0x66, 0x90, 0x47, 0xa0, 0x5, 0x8d, 0xb8,
    0xf6, 0x80, 0x1a, 0xe1, 0x31, 0x0, 0x3c, 0xf0,
    0x60, 0x10, 0xff, 0xfe, 0x81, 0x55, 0xf0, 0x3,
    0x42, 0xab, 0x8c, 0x19, 0x40, 0x39, 0x98, 0x72,
    0x1, 0xc7, 0x23, 0xa0, 0x1c, 0x3c, 0x14, 0x20,
    0x1d, 0x45, 0x8, 0x1, 0xce, 0x88, 0x70, 0xe,
    0x48, 0x2a, 0x0, 0xe1, 0xa0, 0x1b, 0xaa, 0xcc,
    0x42, 0x6, 0xab, 0xda,

    /* U+017F "ſ" */
    0x0, 0x93, 0x3f, 0xa0, 0x0, 0x76, 0x68, 0xa2,
    0x0, 0xa0, 0x8b, 0xb4, 0x80, 0x8, 0x10, 0x2,
    0x8f, 0x40, 0xe, 0xd5, 0x10, 0xe, 0x5a, 0x50,
    0xf, 0xff, 0xc8
};


/*---------------------
 *  GLYPH DESCRIPTION
 *--------------------*/

static const lv_font_fmt_txt_glyph_dsc_t glyph_dsc[] = {
    {.bitmap_index = 0, .adv_w = 0, .box_w = 0, .box_h = 0, .ofs_x = 0, .ofs_y = 0} /* id = 0 reserved */,
    {.bitmap_index = 0, .adv_w = 234, .box_w = 16, .box_h = 18, .ofs_x = -1, .ofs_y = 0},
    {.bitmap_index = 100, .adv_w = 234, .box_w = 16, .box_h = 18, .ofs_x = -1, .ofs_y = 0},
    {.bitmap_index = 199, .adv_w = 234, .box_w = 16, .box_h = 18, .ofs_x = -1, .ofs_y = 0},
    {.bitmap_index = 301, .adv_w = 234, .box_w = 16, .box_h = 19, .ofs_x = -1, .ofs_y = 0},
    {.bitmap_index = 406, .adv_w = 234, .box_w = 16, .box_h = 18, .ofs_x = -1, .ofs_y = 0},
    {.bitmap_index = 507, .adv_w = 234, .box_w = 16, .box_h = 20, .ofs_x = -1, .ofs_y = 0},
    {.bitmap_index = 608, .adv_w = 335, .box_w = 21, .box_h = 14, .ofs_x = -1, .ofs_y = 0},
    {.bitmap_index = 698, .adv_w = 231, .box_w = 14, .box_h = 19, .ofs_x = 0, .ofs_y = -5},
    {.bitmap_index = 796, .adv_w = 214, .box_w = 11, .box_h = 18, .ofs_x = 2, .ofs_y = 0},
    {.bitmap_index = 843, .adv_w = 214, .box_w = 11, .box_h = 18, .ofs_x = 2, .ofs_y = 0},
    {.bitmap_index = 891, .adv_w = 214, .box_w = 11, .box_h = 18, .ofs_x = 2, .ofs_y = 0},
    {.bitmap_index = 943, .adv_w = 214, .box_w = 11, .box_h = 18, .ofs_x = 2, .ofs_y = 0},
    {.bitmap_index = 991, .adv_w = 99, .box_w = 6, .box_h = 18, .ofs_x = -1, .ofs_y = 0},
    {.bitmap_index = 1010, .adv_w = 99, .box_w = 6, .box_h = 18, .ofs_x = 1, .ofs_y = 0},
    {.bitmap_index = 1029, .adv_w = 99, .box_w = 8, .box_h = 18, .ofs_x = -1, .ofs_y = 0},
    {.bitmap_index = 1055, .adv_w = 99, .box_w = 6, .box_h = 18, .ofs_x = 0, .ofs_y = 0},
    {.bitmap_index = 1072, .adv_w = 267, .box_w = 16, .box_h = 14, .ofs_x = 0, .ofs_y = 0},
    {.bitmap_index = 1154, .adv_w = 260, .box_w = 13, .box_h = 19, .ofs_x = 2, .ofs_y = 0},
    {.bitmap_index = 1234, .adv_w = 269, .box_w = 16, .box_h = 19, .ofs_x = 0, .ofs_y = 0},
    {.bitmap_index = 1348, .adv_w = 269, .box_w = 16, .box_h = 19, .ofs_x = 0, .ofs_y = 0},
    {.bitmap_index = 1461, .adv_w = 269, .box_w = 16, .box_h = 19, .ofs_x = 0, .ofs_y = 0},
    {.bitmap_index = 1577, .adv_w = 269, .box_w = 16, .box_h = 19, .ofs_x = 0, .ofs_y = 0},
    {.bitmap_index = 1690, .adv_w = 269, .box_w = 16, .box_h = 19, .ofs_x = 0, .ofs_y = 0},
    {.bitmap_index = 1801, .adv_w = 186, .box_w = 8, .box_h = 9, .ofs_x = 2, .ofs_y = 3},
    {.bitmap_index = 1836, .adv_w = 269, .box_w = 16, .box_h = 18, .ofs_x = 0, .ofs_y = -2},
    {.bitmap_index = 1961, .adv_w = 253, .box_w = 13, .box_h = 19, .ofs_x = 1, .ofs_y = 0},
    {.bitmap_index = 2025, .adv_w = 253, .box_w = 13, .box_h = 19, .ofs_x = 1, .ofs_y = 0},
    {.bitmap_index = 2089, .adv_w = 253, .box_w = 13, .box_h = 19, .ofs_x = 1, .ofs_y = 0},
    {.bitmap_index = 2157, .adv_w = 253, .box_w = 13, .box_h = 19, .ofs_x = 1, .ofs_y = 0},
    {.bitmap_index = 2220, .adv_w = 207, .box_w = 15, .box_h = 18, .ofs_x = -1, .ofs_y = 0},
    {.bitmap_index = 2296, .adv_w = 231, .box_w = 12, .box_h = 14, .ofs_x = 2, .ofs_y = 0},
    {.bitmap_index = 2356, .adv_w = 216, .box_w = 12, .box_h = 15, .ofs_x = 1, .ofs_y = 0},
    {.bitmap_index = 2430, .adv_w = 191, .box_w = 10, .box_h = 15, .ofs_x = 1, .ofs_y = 0},
    {.bitmap_index = 2497, .adv_w = 191, .box_w = 10, .box_h = 15, .ofs_x = 1, .ofs_y = 0},
    {.bitmap_index = 2565, .adv_w = 191, .box_w = 10, .box_h = 15, .ofs_x = 1, .ofs_y = 0},
    {.bitmap_index = 2637, .adv_w = 191, .box_w = 10, .box_h = 15, .ofs_x = 1, .ofs_y = 0},
    {.bitmap_index = 2710, .adv_w = 191, .box_w = 10, .box_h = 15, .ofs_x = 1, .ofs_y = 0},
    {.bitmap_index = 2779, .adv_w = 191, .box_w = 10, .box_h = 17, .ofs_x = 1, .ofs_y = 0},
    {.bitmap_index = 2856, .adv_w = 316, .box_w = 18, .box_h = 11, .ofs_x = 1, .ofs_y = 0},
    {.bitmap_index = 2945, .adv_w = 183, .box_w = 11, .box_h = 16, .ofs_x = 0, .ofs_y = -5},
    {.bitmap_index = 3020, .adv_w = 196, .box_w = 12, .box_h = 15, .ofs_x = 0, .ofs_y = 0},
    {.bitmap_index = 3094, .adv_w = 196, .box_w = 12, .box_h = 15, .ofs_x = 0, .ofs_y = 0},
    {.bitmap_index = 3168, .adv_w = 196, .box_w = 12, .box_h = 15, .ofs_x = 0, .ofs_y = 0},
    {.bitmap_index = 3246, .adv_w = 196, .box_w = 12, .box_h = 15, .ofs_x = 0, .ofs_y = 0},
    {.bitmap_index = 3321, .adv_w = 89, .box_w = 6, .box_h = 15, .ofs_x = -1, .ofs_y = 0},
    {.bitmap_index = 3339, .adv_w = 89, .box_w = 6, .box_h = 15, .ofs_x = 1, .ofs_y = 0},
    {.bitmap_index = 3356, .adv_w = 89, .box_w = 7, .box_h = 15, .ofs_x = -1, .ofs_y = 0},
    {.bitmap_index = 3377, .adv_w = 89, .box_w = 6, .box_h = 15, .ofs_x = 0, .ofs_y = 0},
    {.bitmap_index = 3391, .adv_w = 205, .box_w = 12, .box_h = 15, .ofs_x = 0, .ofs_y = 0},
    {.bitmap_index = 3478, .adv_w = 218, .box_w = 11, .box_h = 15, .ofs_x = 1, .ofs_y = 0},
    {.bitmap_index = 3533, .adv_w = 203, .box_w = 12, .box_h = 15, .ofs_x = 0, .ofs_y = 0},
    {.bitmap_index = 3608, .adv_w = 203, .box_w = 12, .box_h = 15, .ofs_x = 0, .ofs_y = 0},
    {.bitmap_index = 3683, .adv_w = 203, .box_w = 12, .box_h = 15, .ofs_x = 0, .ofs_y = 0},
    {.bitmap_index = 3762, .adv_w = 203, .box_w = 12, .box_h = 15, .ofs_x = 0, .ofs_y = 0},
    {.bitmap_index = 3842, .adv_w = 203, .box_w = 12, .box_h = 15, .ofs_x = 0, .ofs_y = 0},
    {.bitmap_index = 3918, .adv_w = 186, .box_w = 10, .box_h = 11, .ofs_x = 1, .ofs_y = 2},
    {.bitmap_index = 3953, .adv_w = 203, .box_w = 12, .box_h = 15, .ofs_x = 0, .ofs_y = -2},
    {.bitmap_index = 4036, .adv_w = 217, .box_w = 11, .box_h = 15, .ofs_x = 1, .ofs_y = 0},
    {.bitmap_index = 4083, .adv_w = 217, .box_w = 11, .box_h = 15, .ofs_x = 1, .ofs_y = 0},
    {.bitmap_index = 4130, .adv_w = 217, .box_w = 11, .box_h = 15, .ofs_x = 1, .ofs_y = 0},
    {.bitmap_index = 4181, .adv_w = 217, .box_w = 11, .box_h = 15, .ofs_x = 1, .ofs_y = 0},
    {.bitmap_index = 4230, .adv_w = 179, .box_w = 13, .box_h = 19, .ofs_x = -1, .ofs_y = -4},
    {.bitmap_index = 4323, .adv_w = 218, .box_w = 12, .box_h = 19, .ofs_x = 1, .ofs_y = -4},
    {.bitmap_index = 4394, .adv_w = 179, .box_w = 13, .box_h = 19, .ofs_x = -1, .ofs_y = -4},
    {.bitmap_index = 4488, .adv_w = 234, .box_w = 16, .box_h = 18, .ofs_x = -1, .ofs_y = 0},
    {.bitmap_index = 4583, .adv_w = 191, .box_w = 10, .box_h = 14, .ofs_x = 1, .ofs_y = 0},
    {.bitmap_index = 4647, .adv_w = 234, .box_w = 16, .box_h = 18, .ofs_x = -1, .ofs_y = 0},
    {.bitmap_index = 4749, .adv_w = 191, .box_w = 10, .box_h = 15, .ofs_x = 1, .ofs_y = 0},
    {.bitmap_index = 4819, .adv_w = 234, .box_w = 17, .box_h = 19, .ofs_x = -1, .ofs_y = -5},
    {.bitmap_index = 4929, .adv_w = 191, .box_w = 10, .box_h = 16, .ofs_x = 1, .ofs_y = -5},
    {.bitmap_index = 5003, .adv_w = 231, .box_w = 14, .box_h = 19, .ofs_x = 0, .ofs_y = 0},
    {.bitmap_index = 5097, .adv_w = 183, .box_w = 11, .box_h = 15, .ofs_x = 0, .ofs_y = 0},
    {.bitmap_index = 5166, .adv_w = 231, .box_w = 14, .box_h = 19, .ofs_x = 0, .ofs_y = 0},
    {.bitmap_index = 5265, .adv_w = 183, .box_w = 11, .box_h = 15, .ofs_x = 0, .ofs_y = 0},
    {.bitmap_index = 5338, .adv_w = 231, .box_w = 14, .box_h = 19, .ofs_x = 0, .ofs_y = 0},
    {.bitmap_index = 5429, .adv_w = 183, .box_w = 11, .box_h = 15, .ofs_x = 0, .ofs_y = 0},
    {.bitmap_index = 5496, .adv_w = 231, .box_w = 14, .box_h = 19, .ofs_x = 0, .ofs_y = 0},
    {.bitmap_index = 5595, .adv_w = 183, .box_w = 11, .box_h = 15, .ofs_x = 0, .ofs_y = 0},
    {.bitmap_index = 5668, .adv_w = 264, .box_w = 14, .box_h = 18, .ofs_x = 2, .ofs_y = 0},
    {.bitmap_index = 5755, .adv_w = 218, .box_w = 16, .box_h = 16, .ofs_x = 0, .ofs_y = 0},
    {.bitmap_index = 5837, .adv_w = 267, .box_w = 16, .box_h = 14, .ofs_x = 0, .ofs_y = 0},
    {.bitmap_index = 5919, .adv_w = 218, .box_w = 14, .box_h = 15, .ofs_x = 0, .ofs_y = 0},
    {.bitmap_index = 6003, .adv_w = 214, .box_w = 11, .box_h = 18, .ofs_x = 2, .ofs_y = 0},
    {.bitmap_index = 6049, .adv_w = 196, .box_w = 12, .box_h = 14, .ofs_x = 0, .ofs_y = 0},
    {.bitmap_index = 6119, .adv_w = 214, .box_w = 11, .box_h = 18, .ofs_x = 2, .ofs_y = 0},
    {.bitmap_index = 6169, .adv_w = 196, .box_w = 12, .box_h = 15, .ofs_x = 0, .ofs_y = 0},
    {.bitmap_index = 6246, .adv_w = 214, .box_w = 11, .box_h = 19, .ofs_x = 2, .ofs_y = 0},
    {.bitmap_index = 6293, .adv_w = 196, .box_w = 12, .box_h = 15, .ofs_x = 0, .ofs_y = 0},
    {.bitmap_index = 6365, .adv_w = 214, .box_w = 11, .box_h = 19, .ofs_x = 2, .ofs_y = -5},
    {.bitmap_index = 6417, .adv_w = 196, .box_w = 12, .box_h = 16, .ofs_x = 0, .ofs_y = -5},
    {.bitmap_index = 6496, .adv_w = 214, .box_w = 11, .box_h = 18, .ofs_x = 2, .ofs_y = 0},
    {.bitmap_index = 6547, .adv_w = 196, .box_w = 12, .box_h = 15, .ofs_x = 0, .ofs_y = 0},
    {.bitmap_index = 6625, .adv_w = 247, .box_w = 14, .box_h = 19, .ofs_x = 0, .ofs_y = 0},
    {.bitmap_index = 6726, .adv_w = 221, .box_w = 12, .box_h = 19, .ofs_x = 0, .ofs_y = -4},
    {.bitmap_index = 6828, .adv_w = 247, .box_w = 14, .box_h = 19, .ofs_x = 0, .ofs_y = 0},
    {.bitmap_index = 6928, .adv_w = 221, .box_w = 12, .box_h = 19, .ofs_x = 0, .ofs_y = -4},
    {.bitmap_index = 7028, .adv_w = 247, .box_w = 14, .box_h = 19, .ofs_x = 0, .ofs_y = 0},
    {.bitmap_index = 7121, .adv_w = 221, .box_w = 12, .box_h = 19, .ofs_x = 0, .ofs_y = -4},
    {.bitmap_index = 7217, .adv_w = 247, .box_w = 14, .box_h = 20, .ofs_x = 0, .ofs_y = -6},
    {.bitmap_index = 7317, .adv_w = 221, .box_w = 12, .box_h = 20, .ofs_x = 0, .ofs_y = -4},
    {.bitmap_index = 7416, .adv_w = 260, .box_w = 13, .box_h = 18, .ofs_x = 2, .ofs_y = 0},
    {.bitmap_index = 7459, .adv_w = 218, .box_w = 13, .box_h = 19, .ofs_x = -1, .ofs_y = 0},
    {.bitmap_index = 7518, .adv_w = 265, .box_w = 17, .box_h = 14, .ofs_x = 0, .ofs_y = 0},
    {.bitmap_index = 7568, .adv_w = 218, .box_w = 12, .box_h = 15, .ofs_x = 0, .ofs_y = 0},
    {.bitmap_index = 7621, .adv_w = 99, .box_w = 8, .box_h = 19, .ofs_x = -1, .ofs_y = 0},
    {.bitmap_index = 7647, .adv_w = 89, .box_w = 7, .box_h = 15, .ofs_x = -1, .ofs_y = 0},
    {.bitmap_index = 7667, .adv_w = 99, .box_w = 6, .box_h = 18, .ofs_x = 0, .ofs_y = 0},
    {.bitmap_index = 7683, .adv_w = 89, .box_w = 6, .box_h = 14, .ofs_x = 0, .ofs_y = 0},
    {.bitmap_index = 7695, .adv_w = 99, .box_w = 8, .box_h = 18, .ofs_x = -1, .ofs_y = 0},
    {.bitmap_index = 7719, .adv_w = 89, .box_w = 6, .box_h = 15, .ofs_x = 0, .ofs_y = 0},
    {.bitmap_index = 7736, .adv_w = 99, .box_w = 4, .box_h = 19, .ofs_x = 1, .ofs_y = -5},
    {.bitmap_index = 7753, .adv_w = 89, .box_w = 4, .box_h = 20, .ofs_x = 1, .ofs_y = -5},
    {.bitmap_index = 7777, .adv_w = 99, .box_w = 4, .box_h = 19, .ofs_x = 1, .ofs_y = 0},
    {.bitmap_index = 7792, .adv_w = 89, .box_w = 3, .box_h = 11, .ofs_x = 1, .ofs_y = 0},
    {.bitmap_index = 7797, .adv_w = 230, .box_w = 12, .box_h = 14, .ofs_x = 1, .ofs_y = 0},
    {.bitmap_index = 7836, .adv_w = 180, .box_w = 9, .box_h = 19, .ofs_x = 1, .ofs_y = -4},
    {.bitmap_index = 7879, .adv_w = 164, .box_w = 10, .box_h = 19, .ofs_x = -1, .ofs_y = 0},
    {.bitmap_index = 7934, .adv_w = 91, .box_w = 8, .box_h = 19, .ofs_x = -2, .ofs_y = -4},
    {.bitmap_index = 7970, .adv_w = 230, .box_w = 13, .box_h = 20, .ofs_x = 2, .ofs_y = -6},
    {.bitmap_index = 8056, .adv_w = 197, .box_w = 12, .box_h = 21, .ofs_x = 1, .ofs_y = -6},
    {.bitmap_index = 8129, .adv_w = 194, .box_w = 12, .box_h = 11, .ofs_x = 1, .ofs_y = 0},
    {.bitmap_index = 8180, .adv_w = 190, .box_w = 11, .box_h = 18, .ofs_x = 1, .ofs_y = 0},
    {.bitmap_index = 8210, .adv_w = 89, .box_w = 6, .box_h = 20, .ofs_x = 1, .ofs_y = 0},
    {.bitmap_index = 8231, .adv_w = 190, .box_w = 10, .box_h = 20, .ofs_x = 2, .ofs_y = -6},
    {.bitmap_index = 8262, .adv_w = 89, .box_w = 3, .box_h = 21, .ofs_x = 1, .ofs_y = -6},
    {.bitmap_index = 8276, .adv_w = 190, .box_w = 10, .box_h = 15, .ofs_x = 2, .ofs_y = 0},
    {.bitmap_index = 8302, .adv_w = 89, .box_w = 7, .box_h = 16, .ofs_x = 1, .ofs_y = 0},
    {.bitmap_index = 8317, .adv_w = 190, .box_w = 10, .box_h = 14, .ofs_x = 2, .ofs_y = 0},
    {.bitmap_index = 8342, .adv_w = 111, .box_w = 7, .box_h = 15, .ofs_x = 1, .ofs_y = 0},
    {.bitmap_index = 8360, .adv_w = 193, .box_w = 12, .box_h = 14, .ofs_x = 0, .ofs_y = 0},
    {.bitmap_index = 8400, .adv_w = 94, .box_w = 8, .box_h = 15, .ofs_x = -1, .ofs_y = 0},
    {.bitmap_index = 8428, .adv_w = 260, .box_w = 13, .box_h = 18, .ofs_x = 2, .ofs_y = 0},
    {.bitmap_index = 8502, .adv_w = 218, .box_w = 11, .box_h = 15, .ofs_x = 1, .ofs_y = 0},
    {.bitmap_index = 8553, .adv_w = 260, .box_w = 13, .box_h = 20, .ofs_x = 2, .ofs_y = -6},
    {.bitmap_index = 8630, .adv_w = 218, .box_w = 11, .box_h = 17, .ofs_x = 1, .ofs_y = -6},
    {.bitmap_index = 8683, .adv_w = 260, .box_w = 13, .box_h = 18, .ofs_x = 2, .ofs_y = 0},
    {.bitmap_index = 8760, .adv_w = 218, .box_w = 11, .box_h = 15, .ofs_x = 1, .ofs_y = 0},
    {.bitmap_index = 8814, .adv_w = 246, .box_w = 13, .box_h = 14, .ofs_x = 1, .ofs_y = 0},
    {.bitmap_index = 8866, .adv_w = 260, .box_w = 13, .box_h = 18, .ofs_x = 2, .ofs_y = -4},
    {.bitmap_index = 8944, .adv_w = 218, .box_w = 11, .box_h = 15, .ofs_x = 1, .ofs_y = -4},
    {.bitmap_index = 8996, .adv_w = 269, .box_w = 16, .box_h = 19, .ofs_x = 0, .ofs_y = 0},
    {.bitmap_index = 9103, .adv_w = 203, .box_w = 12, .box_h = 14, .ofs_x = 0, .ofs_y = 0},
    {.bitmap_index = 9175, .adv_w = 269, .box_w = 16, .box_h = 19, .ofs_x = 0, .ofs_y = 0},
    {.bitmap_index = 9290, .adv_w = 203, .box_w = 12, .box_h = 15, .ofs_x = 0, .ofs_y = 0},
    {.bitmap_index = 9367, .adv_w = 269, .box_w = 16, .box_h = 19, .ofs_x = 0, .ofs_y = 0},
    {.bitmap_index = 9480, .adv_w = 203, .box_w = 12, .box_h = 15, .ofs_x = 0, .ofs_y = 0},
    {.bitmap_index = 9559, .adv_w = 360, .box_w = 22, .box_h = 14, .ofs_x = 0, .ofs_y = 0},
    {.bitmap_index = 9654, .adv_w = 341, .box_w = 21, .box_h = 11, .ofs_x = 0, .ofs_y = 0},
    {.bitmap_index = 9758, .adv_w = 233, .box_w = 12, .box_h = 18, .ofs_x = 2, .ofs_y = 0},
    {.bitmap_index = 9837, .adv_w = 131, .box_w = 8, .box_h = 15, .ofs_x = 1, .ofs_y = 0},
    {.bitmap_index = 9874, .adv_w = 233, .box_w = 12, .box_h = 20, .ofs_x = 2, .ofs_y = -6},
    {.bitmap_index = 9956, .adv_w = 131, .box_w = 7, .box_h = 17, .ofs_x = 1, .ofs_y = -6},
    {.bitmap_index = 9993, .adv_w = 233, .box_w = 12, .box_h = 18, .ofs_x = 2, .ofs_y = 0},
    {.bitmap_index = 10074, .adv_w = 131, .box_w = 8, .box_h = 15, .ofs_x = 1, .ofs_y = 0},
    {.bitmap_index = 10113, .adv_w = 199, .box_w = 12, .box_h = 19, .ofs_x = 0, .ofs_y = 0},
    {.bitmap_index = 10204, .adv_w = 160, .box_w = 10, .box_h = 15, .ofs_x = 0, .ofs_y = 0},
    {.bitmap_index = 10273, .adv_w = 199, .box_w = 12, .box_h = 19, .ofs_x = 0, .ofs_y = 0},
    {.bitmap_index = 10368, .adv_w = 160, .box_w = 10, .box_h = 15, .ofs_x = 0, .ofs_y = 0},
    {.bitmap_index = 10441, .adv_w = 199, .box_w = 12, .box_h = 19, .ofs_x = 0, .ofs_y = -5},
    {.bitmap_index = 10536, .adv_w = 160, .box_w = 10, .box_h = 16, .ofs_x = 0, .ofs_y = -5},
    {.bitmap_index = 10610, .adv_w = 199, .box_w = 12, .box_h = 19, .ofs_x = 0, .ofs_y = 0},
    {.bitmap_index = 10705, .adv_w = 160, .box_w = 10, .box_h = 15, .ofs_x = 0, .ofs_y = 0},
    {.bitmap_index = 10777, .adv_w = 188, .box_w = 12, .box_h = 19, .ofs_x = 0, .ofs_y = -5},
    {.bitmap_index = 10819, .adv_w = 132, .box_w = 8, .box_h = 19, .ofs_x = 0, .ofs_y = -5},
    {.bitmap_index = 10870, .adv_w = 188, .box_w = 12, .box_h = 18, .ofs_x = 0, .ofs_y = 0},
    {.bitmap_index = 10910, .adv_w = 132, .box_w = 8, .box_h = 15, .ofs_x = 0, .ofs_y = 0},
    {.bitmap_index = 10948, .adv_w = 188, .box_w = 12, .box_h = 14, .ofs_x = 0, .ofs_y = 0},
    {.bitmap_index = 10985, .adv_w = 136, .box_w = 8, .box_h = 14, .ofs_x = 0, .ofs_y = 0},
    {.bitmap_index = 11033, .adv_w = 253, .box_w = 13, .box_h = 19, .ofs_x = 1, .ofs_y = 0},
    {.bitmap_index = 11100, .adv_w = 217, .box_w = 11, .box_h = 15, .ofs_x = 1, .ofs_y = 0},
    {.bitmap_index = 11152, .adv_w = 253, .box_w = 13, .box_h = 19, .ofs_x = 1, .ofs_y = 0},
    {.bitmap_index = 11212, .adv_w = 217, .box_w = 11, .box_h = 14, .ofs_x = 1, .ofs_y = 0},
    {.bitmap_index = 11255, .adv_w = 253, .box_w = 13, .box_h = 19, .ofs_x = 1, .ofs_y = 0},
    {.bitmap_index = 11323, .adv_w = 217, .box_w = 11, .box_h = 15, .ofs_x = 1, .ofs_y = 0},
    {.bitmap_index = 11373, .adv_w = 253, .box_w = 13, .box_h = 20, .ofs_x = 1, .ofs_y = 0},
    {.bitmap_index = 11438, .adv_w = 217, .box_w = 11, .box_h = 17, .ofs_x = 1, .ofs_y = 0},
    {.bitmap_index = 11495, .adv_w = 253, .box_w = 13, .box_h = 19, .ofs_x = 1, .ofs_y = 0},
    {.bitmap_index = 11562, .adv_w = 217, .box_w = 11, .box_h = 15, .ofs_x = 1, .ofs_y = 0},
    {.bitmap_index = 11615, .adv_w = 253, .box_w = 13, .box_h = 19, .ofs_x = 1, .ofs_y = -5},
    {.bitmap_index = 11681, .adv_w = 217, .box_w = 12, .box_h = 16, .ofs_x = 1, .ofs_y = -5},
    {.bitmap_index = 11735, .adv_w = 360, .box_w = 22, .box_h = 18, .ofs_x = 0, .ofs_y = 0},
    {.bitmap_index = 11892, .adv_w = 288, .box_w = 18, .box_h = 15, .ofs_x = 0, .ofs_y = 0},
    {.bitmap_index = 12008, .adv_w = 207, .box_w = 15, .box_h = 19, .ofs_x = -1, .ofs_y = 0},
    {.bitmap_index = 12092, .adv_w = 179, .box_w = 13, .box_h = 19, .ofs_x = -1, .ofs_y = -4},
    {.bitmap_index = 12189, .adv_w = 207, .box_w = 15, .box_h = 18, .ofs_x = -1, .ofs_y = 0},
    {.bitmap_index = 12269, .adv_w = 210, .box_w = 13, .box_h = 18, .ofs_x = 0, .ofs_y = 0},
    {.bitmap_index = 12345, .adv_w = 167, .box_w = 10, .box_h = 15, .ofs_x = 0, .ofs_y = 0},
    {.bitmap_index = 12403, .adv_w = 210, .box_w = 13, .box_h = 19, .ofs_x = 0, .ofs_y = 0},
    {.bitmap_index = 12479, .adv_w = 167, .box_w = 10, .box_h = 15, .ofs_x = 0, .ofs_y = 0},
    {.bitmap_index = 12535, .adv_w = 210, .box_w = 13, .box_h = 18, .ofs_x = 0, .ofs_y = 0},
    {.bitmap_index = 12614, .adv_w = 167, .box_w = 10, .box_h = 15, .ofs_x = 0, .ofs_y = 0},
    {.bitmap_index = 12674, .adv_w = 98, .box_w = 8, .box_h = 15, .ofs_x = 0, .ofs_y = 0}
};

/*---------------------
 *  CHARACTER MAPPING
 *--------------------*/



/*Collect the unicode lists and glyph_id offsets*/
static const lv_font_fmt_txt_cmap_t cmaps[] =
{
    {
        .range_start = 192, .range_length = 192, .glyph_id_start = 1,
        .unicode_list = NULL, .glyph_id_ofs_list = NULL, .list_length = 0, .type = LV_FONT_FMT_TXT_CMAP_FORMAT0_TINY
    }
};

/*-----------------
 *    KERNING
 *----------------*/


/*Map glyph_ids to kern left classes*/
static const uint8_t kern_left_class_mapping[] =
{
    0, 1, 1, 1, 1, 1, 1, 2,
    3, 2, 2, 2, 2, 4, 4, 4,
    4, 5, 4, 5, 5, 5, 5, 5,
    0, 5, 6, 6, 6, 6, 7, 8,
    9, 10, 10, 10, 10, 10, 10, 11,
    12, 11, 11, 11, 11, 13, 13, 13,
    13, 0, 10, 9, 9, 9, 9, 9,
    14, 9, 13, 13, 13, 13, 15, 9,
    15, 1, 10, 1, 10, 1, 16, 3,
    12, 3, 12, 3, 12, 3, 12, 5,
    17, 5, 18, 2, 11, 2, 11, 2,
    11, 2, 19, 2, 11, 0, 13, 0,
    13, 0, 13, 0, 13, 4, 10, 4,
    10, 4, 13, 4, 13, 4, 13, 4,
    20, 4, 13, 6, 13, 6, 13, 21,
    22, 22, 23, 18, 23, 18, 23, 17,
    23, 18, 23, 18, 4, 10, 4, 10,
    4, 10, 10, 4, 10, 5, 9, 5,
    9, 5, 9, 2, 11, 24, 25, 24,
    25, 24, 25, 26, 27, 26, 27, 26,
    27, 26, 27, 28, 29, 28, 30, 28,
    29, 6, 13, 6, 13, 6, 13, 6,
    13, 6, 13, 6, 31, 32, 15, 7,
    15, 7, 33, 34, 33, 34, 33, 34,
    0
};

/*Map glyph_ids to kern right classes*/
static const uint8_t kern_right_class_mapping[] =
{
    0, 1, 1, 1, 1, 1, 1, 1,
    2, 3, 3, 3, 3, 3, 3, 3,
    3, 3, 3, 2, 2, 2, 2, 2,
    0, 2, 4, 4, 4, 4, 5, 3,
    6, 7, 7, 7, 7, 7, 7, 7,
    8, 8, 8, 8, 8, 9, 10, 11,
    12, 8, 10, 8, 8, 8, 8, 8,
    13, 8, 14, 14, 14, 14, 15, 6,
    15, 1, 7, 1, 7, 1, 7, 2,
    8, 2, 8, 2, 8, 2, 8, 3,
    8, 3, 8, 3, 8, 3, 8, 3,
    8, 3, 8, 3, 8, 2, 8, 2,
    8, 2, 8, 2, 8, 3, 6, 3,
    6, 3, 16, 3, 17, 3, 18, 3,
    19, 3, 10, 3, 19, 20, 21, 3,
    6, 10, 3, 6, 3, 6, 3, 6,
    3, 6, 3, 6, 3, 10, 3, 10,
    3, 10, 10, 3, 10, 2, 8, 2,
    8, 2, 8, 2, 8, 3, 10, 3,
    10, 3, 10, 22, 23, 22, 23, 22,
    23, 22, 23, 24, 25, 24, 25, 24,
    25, 4, 14, 4, 14, 4, 14, 4,
    14, 4, 14, 4, 14, 26, 15, 5,
    15, 5, 27, 28, 27, 28, 27, 28,
    0
};

/*Kern values between classes*/
static const int8_t kern_class_values[] =
{
    4, -3, 0, -5, -13, 0, 0, -2,
    0, 0, 0, 0, -6, -3, -9, 0,
    0, 0, 0, 5, 0, 0, -2, -11,
    -2, -12, 0, -1, 0, -1, 0, 0,
    -3, 0, -2, -2, 0, 0, 0, 0,
    -6, -2, -3, 0, 0, 0, 0, 0,
    0, 0, -2, 0, -4, -3, 0, -3,
    -5, -5, 0, -1, -4, 0, -2, -7,
    0, 0, 0, 0, -1, -5, 0, 0,
    0, 0, 0, 0, 0, -1, -6, -3,
    0, -2, 0, -5, 0, 0, 0, 0,
    0, 0, 0, 0, 0, 0, 0, 0,
    0, 0, 0, 0, 0, 0, 0, 0,
    0, 0, 0, 0, 0, -2, 0, 0,
    -3, 0, 0, 0, -10, 0, 0, 0,
    0, 0, 0, 0, 2, 0, 0, 0,
    0, 0, 0, -5, 26, 0, 0, -3,
    2, -7, -3, 0, -5, 0, 0, 0,
    -3, 0, 0, 0, 0, 0, 0, 0,
    0, 0, 0, 0, 0, 0, 0, 0,
    -2, 0, 0, -4, 0, 0, 0, 0,
    -13, -10, -4, -3, -1, 0, -21, -19,
    11, -12, 9, 8, -10, -11, -13, 8,
    8, 12, -7, -3, 8, -5, -22, -3,
    -6, -7, 0, -11, -10, 0, 0, 0,
    -10, 0, -3, 0, 0, 0, 0, 0,
    0, 0, 0, 0, 0, 0, 0, -13,
    -3, 0, 0, -8, 2, -3, -6, 0,
    -4, 0, 0, -6, -12, 0, -2, 0,
    0, 0, 0, 0, 3, 0, -5, 0,
    0, 0, 0, 0, 0, 0, 0, -26,
    0, -13, 0, -3, 0, 0, 0, 0,
    0, 0, 0, 1, 0, 0, 0, 0,
    0, 0, -3, 0, 0, 0, 0, 0,
    0, 0, 0, 0, 0, 0, 0, 0,
    0, 0, 0, 0, -16, 0, -5, 0,
    0, 0, 0, 0, 3, 0, -3, 0,
    0, 0, 0, 0, 0, 0, 0, -31,
    0, -6, 0, -2, 0, -1, 0, -3,
    -7, -2, 0, -3, 0, 0, 0, 0,
    -4, 0, -2, 0, 0, 0, 0, 0,
    0, 0, 0, -28, 2, -4, 0, -2,
    0, 0, 0, -4, -16, 0, 0, 0,
    0, 0, 0, 0, 0, 0, 0, 0,
    0, 0, 0, 0, 0, -5, 0, -27,
    0, -3, 0, 0, 0, 0, 0, 0,
    0, 0, 0, 0, 0, 0, 0, 0,
    1, 0, 0, 0, 0, 0, 0, 0,
    0, 0, 0, 0, 0, 0, 0, 0,
    -9, -2, 0, 0, -9, 0, -5, -5,
    0, 0, 0, 0, -4, 0, -3, 0,
    0, 0, 0, 0, -5, -2, -2, -13,
    5, 0, 0, -3, 0, 0, 0, 0,
    0, 0, 0, 1, 0, 0, 0, 0,
    0, 0, -3, 0, 0, 0, 0, 0,
    6, 0, 0, 0, 0, 0, 0, 0,
    0, 0, 0, 0, 0, 21, 0, 0,
    3, 3, 3, 3, 0, 3, 3, 3,
    3, 3, 3, 0, 0, 0, 0, 0,
    14, 0, 0, 3, 0, 0, 0, 0,
    0, 0, 0, 0, 0, 0, 0, 0,
    0, 0, 0, 0, 0, 0, 0, 0,
    0, 0, 0, 0, 4, 0, 0, 0,
    0, 0, 0, 0, -16, 0, -5, 0,
    0, 0, 0, 0, 3, 0, -3, 0,
    0, 0, 0, 0, 10, 0, 0, -31,
    0, -6, 0, -2, 0, 0, 0, -4,
    -16, 0, 0, 0, 0, 0, 0, 0,
    0, 0, 0, 0, 0, 0, 0, 0,
    22, -5, 0, -27, 0, -3, 0, 0,
    -9, -8, 0, -3, -15, 0, -4, -7,
    -3, -3, -3, -3, -11, -6, -12, -3,
    -3, -3, -3, 0, -1, -5, -5, -14,
    -9, -13, 0, -7, 0, 0, 0, 0,
    -6, 0, -3, -7, -2, -2, -2, -2,
    -7, -3, -9, -2, -2, -2, -2, 0,
    0, 0, -5, -8, 0, -3, 0, -4,
    1, -4, 0, -4, -23, 0, 1, -2,
    0, 0, 0, 0, -3, -2, -12, 0,
    0, 0, 0, 0, 0, -2, 0, -21,
    -2, -17, 0, 0, 0, 0, 0, 0,
    -3, 0, -2, 0, 0, 0, 0, 0,
    -1, 0, 0, 0, 0, 0, 0, -3,
    0, 0, 0, -3, 2, 0, 0, 0,
    -13, -8, -4, -6, -12, -2, -3, -4,
    -2, -2, -2, -2, -3, 0, 5, -2,
    -2, -2, -2, 0, 0, -5, -1, -12,
    5, -9, 0, 0, 0, 0, 0, 0,
    -5, 0, 0, 0, 0, 0, 0, 0,
    5, 0, -3, 0, 0, 0, 0, 0,
    0, 0, 0, -3, 0, 0, 0, 0,
    0, 0, 0, 0, 0, 0, 0, 0,
    0, 0, 0, 0, 0, 0, -3, 0,
    0, 0, 0, 0, 0, 0, 0, 0,
    0, 0, 0, 0, -11, -3, 0, -4,
    -3, 0, -9, -18, 4, -4, 11, 6,
    -11, -4, -11, 8, 10, 8, -4, -3,
    9, -3, -12, 3, 1, -3, 0, -3,
    0, 0, 0, 0, 0, 0, 0, -6,
    0, 0, 0, 0, -3, 0, -3, 0,
    0, 0, 0, 0, 0, 0, 0, 0,
    -4, 0, 0, 0, 0, 0, 0, 0,
    0, 0, 0, -6, 4, 4, 4, 4,
    -3, 0, -3, 4, 4, 4, 4, 0,
    4, 0, 0, 0, -4, 0, 0, 0,
    0, 0, 0, -4, -16, 0, 0, 0,
    0, 0, 0, 0, 0, 0, 0, 0,
    0, 0, 0, 0, 12, -5, 0, -27,
    0, -3, 0, 0, -12, -7, -5, 0,
    -7, 0, -18, -18, 6, -11, 12, 6,
    -7, -10, -5, 8, 6, 14, -7, -5,
    10, -5, -19, -3, -1, 0, -3, -9,
    0, -3, 0, 0, 0, 0, 1, -4,
    0, 0, 0, 0, -4, -2, -4, 0,
    0, 0, 0, 0, 0, 0, 0, 0,
    -2, 0, 0, 0, 0, 0, 0, 0,
    0, 0, 0, -3, 0, 0, 0, 0,
    -4, 0, -3, 0, 0, 0, 0, 0,
    0, 0, 0, 0, 1, 0, 0, 0
};


/*Collect the kern class' data in one place*/
static const lv_font_fmt_txt_kern_classes_t kern_classes =
{
    .class_pair_values   = kern_class_values,
    .left_class_mapping  = kern_left_class_mapping,
    .right_class_mapping = kern_right_class_mapping,
    .left_class_cnt      = 34,
    .right_class_cnt     = 28,
};

/*--------------------
 *  ALL CUSTOM DATA
 *--------------------*/

#if LVGL_VERSION_MAJOR == 8
/*Store all the custom data of the font*/
static  lv_font_fmt_txt_glyph_cache_t cache;
#endif

#if LVGL_VERSION_MAJOR >= 8
static const lv_font_fmt_txt_dsc_t font_dsc = {
#else
static lv_font_fmt_txt_dsc_t font_dsc = {
#endif
    .glyph_bitmap = glyph_bitmap,
    .glyph_dsc = glyph_dsc,
    .cmaps = cmaps,
    .kern_dsc = &kern_classes,
    .kern_scale = 16,
    .cmap_num = 1,
    .bpp = 4,
    .kern_classes = 1,
    .bitmap_format = 1,
#if LVGL_VERSION_MAJOR == 8
    .cache = &cache
#endif
};



/*-----------------
 *  PUBLIC FONT
 *----------------*/

/*Initialize a public general font descriptor*/
#if LVGL_VERSION_MAJOR >= 8
const lv_font_t extras_lat_20 = {
#else
lv_font_t extras_lat_20 = {
#endif
    .get_glyph_dsc = lv_font_get_glyph_dsc_fmt_txt,    /*Function pointer to get glyph's data*/
    .get_glyph_bitmap = lv_font_get_bitmap_fmt_txt,    /*Function pointer to get glyph's bitmap*/
    .line_height = 26,          /*The maximum line height required by the font*/
    .base_line = 6,             /*Baseline measured from the bottom of the line*/
#if !(LVGL_VERSION_MAJOR == 6 && LVGL_VERSION_MINOR == 0)
    .subpx = LV_FONT_SUBPX_NONE,
#endif
#if LV_VERSION_CHECK(7, 4, 0) || LVGL_VERSION_MAJOR >= 8
    .underline_position = -1,
    .underline_thickness = 1,
#endif
    .dsc = &font_dsc,          /*The custom font data. Will be accessed by `get_glyph_bitmap/dsc` */
#if LV_VERSION_CHECK(8, 2, 0) || LVGL_VERSION_MAJOR >= 9
    .fallback = NULL,
#endif
    .user_data = NULL,
};



#endif /*#if EXTRAS_LAT_20*/


#endif /* HAS_TANMATSU || HAS_TDECK_GT911 */
