/*******************************************************************************
 * Size: 14 px
 * Bpp: 4
 * Generated by scripts/build/gen-touch-fonts.sh with lv_font_conv 1.5.3
 * Sources: Montserrat Medium (LVGL v8.4.0), Noto Sans 2.015, Noto Sans Symbols 2.008, Noto Sans Arabic UI 2.011
 ******************************************************************************/

#if 1
#include "lvgl.h"
#else
#include "lvgl/lvgl.h"
#endif

#ifndef EXTRAS_14
#define EXTRAS_14 1
#endif

#if EXTRAS_14

/*-----------------
 *    BITMAPS
 *----------------*/

/*Store the image of the glyphs*/
static LV_ATTRIBUTE_LARGE_CONST const uint8_t glyph_bitmap[] = {
    /* U+00A3 "£" */
    0x0, 0x26, 0x7f, 0x50, 0x5, 0x69, 0xd9, 0xe0,
    0x2, 0x9, 0x12, 0x50, 0xf, 0xe7, 0xd0, 0xef,
    0xe0, 0x3, 0xe8, 0x77, 0xf0, 0x7, 0x8, 0x7,
    0x30, 0x7, 0x86, 0x18, 0x8b, 0xc, 0x9b, 0x6e,
    0xe6,

    /* U+00A5 "¥" */
    0x8b, 0x0, 0xd6, 0xf0, 0xa6, 0x0, 0x35, 0x70,
    0x88, 0x0, 0x22, 0x0, 0x6, 0x61, 0x99, 0x98,
    0x1, 0x4c, 0xa2, 0x40, 0x2a, 0xb5, 0x4b, 0xa0,
    0x5, 0x7b, 0x33, 0xe8, 0x1, 0x5e, 0xcc, 0xfa,
    0x0, 0x57, 0xb3, 0x3e, 0x80, 0x3f, 0x80,

    /* U+00A7 "§" */
    0x4, 0xdf, 0xeb, 0x0, 0x54, 0x7f, 0xc0, 0x3,
    0xc0, 0x14, 0x0, 0x73, 0x7c, 0x88, 0x3, 0xaf,
    0x83, 0xc0, 0x4, 0xa3, 0x20, 0x60, 0xd8, 0xc8,
    0x6, 0x13, 0x2d, 0xb6, 0x0, 0x92, 0xf1, 0xc8,
    0x54, 0x41, 0xc0, 0xc2, 0x7b, 0xe6, 0x84,

    /* U+00A9 "©" */
    0x0, 0x96, 0xf3, 0x12, 0x40, 0x1a, 0xb2, 0xb3,
    0x1b, 0xc8, 0x0, 0x8d, 0x97, 0xee, 0x1e, 0x41,
    0x2, 0xba, 0x46, 0x72, 0x84, 0x59, 0xa0, 0x6b,
    0x10, 0x10, 0x22, 0x1f, 0x80, 0xb8, 0x3, 0xcf,
    0xc0, 0x42, 0x1, 0xe3, 0x40, 0xda, 0x10, 0x20,
    0x44, 0x5, 0x42, 0x56, 0x72, 0x4, 0x58, 0x39,
    0x4b, 0x6f, 0x16, 0x49, 0x0, 0x2b, 0x2b, 0x31,
    0xbc, 0xa0,

    /* U+00AE "®" */
    0x0, 0x96, 0xf3, 0x12, 0x40, 0x1a, 0xb2, 0xb3,
    0x1b, 0xc8, 0x0, 0x8d, 0x8e, 0xfd, 0xc, 0x82,
    0x5, 0x70, 0x7, 0xc4, 0x84, 0x59, 0xa0, 0x6,
    0x31, 0x4, 0x43, 0xf0, 0x5, 0xd3, 0xc0, 0x13,
    0xf0, 0x5, 0xc4, 0xc0, 0x11, 0xa0, 0x6, 0x88,
    0x2, 0x20, 0x2a, 0x5, 0x81, 0x54, 0x71, 0x60,
    0xe5, 0x30, 0x0, 0xdf, 0x92, 0x0, 0x56, 0x56,
    0x63, 0x79, 0x40,

    /* U+00B0 "°" */
    0x5, 0xcc, 0x20, 0xc, 0x6e, 0xa4, 0x9, 0x84,
    0x4c, 0x44, 0x61, 0x13, 0x10, 0xc6, 0x62, 0x40,

    /* U+00B1 "±" */
    0x0, 0xa2, 0x0, 0x1f, 0xfc, 0x74, 0xee, 0x3b,
    0xbb, 0x88, 0x8f, 0xf3, 0x3f, 0xf9, 0x0, 0x46,
    0x1, 0x10, 0x7, 0xff, 0x2, 0x64, 0x1, 0x27,
    0xfb, 0xb9, 0xfe, 0x40,

    /* U+00B7 "·" */
    0xc8, 0x0, 0x0,

    /* U+00BC "¼" */
    0x0, 0x18, 0x80, 0x63, 0x0, 0xd, 0xea, 0x0,
    0x52, 0x80, 0x2, 0xe4, 0x0, 0x8d, 0x1c, 0x0,
    0x6a, 0x1, 0xbe, 0x40, 0x3f, 0x33, 0x10, 0xc8,
    0x3, 0xd7, 0x61, 0xc5, 0x0, 0xe9, 0xa1, 0xb3,
    0x0, 0xd4, 0xe8, 0xe8, 0x6a, 0x1, 0xd3, 0x20,
    0x88, 0x0, 0x72, 0x82, 0x20, 0xbd, 0xa5, 0x0,
    0x11, 0x20, 0x9d, 0xc6, 0x94,

    /* U+00BD "½" */
    0x0, 0x20, 0x6, 0x21, 0x0, 0x26, 0x51, 0x0,
    0x7, 0xc0, 0x26, 0xd3, 0x0, 0xa2, 0xc4, 0x0,
    0x42, 0x1, 0x1a, 0x30, 0x7, 0xef, 0xac, 0xd7,
    0x0, 0xe6, 0x61, 0x7e, 0xc8, 0x80, 0x43, 0x76,
    0x53, 0x0, 0xed, 0xaa, 0x8, 0x1, 0xd0, 0x40,
    0x6, 0x8e, 0x0, 0x4b, 0xa0, 0xb, 0xe4, 0x0,
    0x73, 0xa0, 0x12, 0xb2, 0x0, 0x20, 0xff, 0x88,

    /* U+00BE "¾" */
    0x4c, 0xd8, 0x0, 0xd6, 0x80, 0xfd, 0xaa, 0x60,
    0x4, 0x4, 0x3, 0x20, 0x0, 0x80, 0x26, 0x0,
    0x2b, 0xf7, 0x20, 0x67, 0x30, 0xa, 0xfc, 0x54,
    0x22, 0xc1, 0x0, 0xc0, 0x34, 0x30, 0xcd, 0x85,
    0xee, 0x13, 0xb4, 0x19, 0x80, 0x11, 0xb9, 0x31,
    0x0, 0x89, 0x0, 0xe3, 0x76, 0x66, 0x10, 0x7,
    0x7c, 0x85, 0x4f, 0x85, 0x80, 0x15, 0xd0, 0x33,
    0xbc, 0x2c,

    /* U+00C0 "À" */
    0x0, 0x85, 0xd0, 0x3, 0xf8, 0x4e, 0x90, 0x3,
    0xf9, 0x34, 0xc0, 0x3f, 0xc6, 0xe0, 0x1f, 0xec,
    0xf1, 0x0, 0xfc, 0x66, 0x26, 0x0, 0xfd, 0xd,
    0x72, 0x1, 0xf1, 0x25, 0xb0, 0x28, 0x7, 0xad,
    0x48, 0x26, 0x0, 0x38, 0x5a, 0x40, 0xe, 0x48,
    0x1, 0x98, 0x33, 0xfe, 0xf, 0x0, 0xd3, 0x19,
    0x9a, 0xd0, 0x80, 0xa, 0x2e, 0x67, 0x90, 0xec,
    0x1, 0x2c, 0x1, 0xea, 0x61,

    /* U+00C1 "Á" */
    0x0, 0xf1, 0x41, 0x80, 0x7e, 0x1f, 0x3, 0x0,
    0xfc, 0x93, 0x0, 0x1f, 0xca, 0x80, 0x1f, 0xec,
    0xf1, 0x0, 0xfc, 0x66, 0x26, 0x0, 0xfd, 0xd,
    0x72, 0x1, 0xf1, 0x25, 0xb0, 0x28, 0x7, 0xad,
    0x48, 0x26, 0x0, 0x38, 0x5a, 0x40, 0xe, 0x48,
    0x1, 0x98, 0x33, 0xfe, 0xf, 0x0, 0xd3, 0x19,
    0x9a, 0xd0, 0x80, 0xa, 0x2e, 0x67, 0x90, 0xec,
    0x1, 0x2c, 0x1, 0xea, 0x61,

    /* U+00C2 "Â" */
    0x0, 0xe6, 0x70, 0xf, 0xe7, 0xbd, 0xa0, 0xf,
    0x84, 0x32, 0xb0, 0xc0, 0x3c, 0x2e, 0x20, 0xc6,
    0x1, 0xfb, 0x3c, 0x40, 0x3f, 0x19, 0x89, 0x80,
    0x3f, 0x43, 0x5c, 0x80, 0x7c, 0x49, 0x6c, 0xa,
    0x1, 0xeb, 0x52, 0x9, 0x80, 0xe, 0x16, 0x90,
    0x3, 0x92, 0x0, 0x66, 0xc, 0xff, 0x83, 0xc0,
    0x34, 0xc6, 0x66, 0xb4, 0x20, 0x2, 0x8b, 0x99,
    0xe4, 0x3b, 0x0, 0x4b, 0x0, 0x7a, 0x98, 0x40,

    /* U+00C3 "Ã" */
    0x0, 0xd5, 0x86, 0xca, 0x1, 0xe2, 0x3d, 0x9d,
    0x40, 0xf, 0x14, 0x8d, 0x58, 0x80, 0x7e, 0xcf,
    0x10, 0xf, 0xc6, 0x62, 0x60, 0xf, 0xd0, 0xd7,
    0x20, 0x1f, 0x12, 0x5b, 0x2, 0x80, 0x7a, 0xd4,
    0x82, 0x60, 0x3, 0x85, 0xa4, 0x0, 0xe4, 0x80,
    0x19, 0x83, 0x3f, 0xe0, 0xf0, 0xd, 0x31, 0x99,
    0xad, 0x8, 0x0, 0xa2, 0xe6, 0x79, 0xe, 0xc0,
    0x12, 0xc0, 0x1e, 0xa6, 0x10,

    /* U+00C4 "Ä" */
    0x0, 0xd6, 0xa5, 0xa0, 0x1f, 0xb9, 0xca, 0xc0,
    0x3f, 0x29, 0x3, 0x0, 0x7f, 0x67, 0x88, 0x7,
    0xe3, 0x31, 0x30, 0x7, 0xe8, 0x6b, 0x90, 0xf,
    0x89, 0x2d, 0x81, 0x40, 0x3d, 0x6a, 0x41, 0x30,
    0x1, 0xc2, 0xd2, 0x0, 0x72, 0x40, 0xc, 0xc1,
    0x9f, 0xf0, 0x78, 0x6, 0x98, 0xcc, 0xd6, 0x84,
    0x0, 0x51, 0x73, 0x3c, 0x87, 0x60, 0x9, 0x60,
    0xf, 0x53, 0x8,

    /* U+00C5 "Å" */
    0x0, 0xe8, 0x91, 0x0, 0xfc, 0xbb, 0x12, 0x1,
    0xff, 0xc8, 0x5c, 0x89, 0x0, 0xfe, 0x99, 0x8,
    0x7, 0xf6, 0x78, 0x80, 0x7e, 0x33, 0x13, 0x0,
    0x7e, 0x86, 0xb9, 0x0, 0xf8, 0x92, 0xd8, 0x14,
    0x3, 0xd6, 0xa4, 0x13, 0x0, 0x1c, 0x2d, 0x20,
    0x7, 0x24, 0x0, 0xcc, 0x19, 0xff, 0x7, 0x80,
    0x69, 0x8c, 0xcd, 0x68, 0x40, 0x5, 0x17, 0x33,
    0xc8, 0x76, 0x0, 0x96, 0x0, 0xf5, 0x30, 0x80,

    /* U+00C6 "Æ" */
    0x0, 0xf3, 0xff, 0xfd, 0x40, 0x1c, 0x30, 0xa1,
    0x37, 0x7a, 0x40, 0x3a, 0xd2, 0x41, 0x13, 0x8c,
    0x3, 0x1a, 0xc8, 0x7, 0xff, 0x3, 0xe0, 0x80,
    0x1b, 0xff, 0x84, 0x2, 0x61, 0x70, 0xa, 0xb3,
    0x30, 0x80, 0x50, 0x5f, 0xec, 0x7, 0x33, 0xc0,
    0x14, 0x2e, 0x65, 0x20, 0x1f, 0x89, 0xe0, 0xce,
    0x50, 0x44, 0xf0, 0x4a, 0x98, 0x7, 0x4d, 0xde,
    0xa0,

    /* U+00C7 "Ç" */
    0x0, 0x9f, 0x3f, 0xd6, 0x80, 0x16, 0x42, 0xcc,
    0x86, 0xd4, 0x28, 0xb6, 0x59, 0x95, 0x8a, 0x2b,
    0x4, 0x1, 0x8c, 0x14, 0x10, 0x3, 0xff, 0x8a,
    0xa0, 0x80, 0x1f, 0xa, 0xc1, 0x0, 0x63, 0x0,
    0x59, 0x6c, 0xb3, 0x2b, 0x14, 0x7, 0x21, 0x26,
    0x43, 0x6a, 0x1, 0x3e, 0x96, 0xda, 0x0, 0x7a,
    0x30, 0x3, 0xeb, 0x87, 0x0, 0x80,

    /* U+00C8 "È" */
    0x2, 0x82, 0x0, 0xe2, 0xfc, 0x20, 0xe, 0x7a,
    0x70, 0xf, 0x22, 0x80, 0x51, 0xff, 0xe6, 0x1,
    0xbb, 0xe7, 0x0, 0x22, 0x70, 0x80, 0x7f, 0xf,
    0xfe, 0xc0, 0x0, 0xe6, 0x6e, 0x0, 0x8c, 0xf1,
    0x0, 0x7f, 0xc8, 0x9c, 0x40, 0x37, 0x7e,

    /* U+00C9 "É" */
    0x0, 0xc6, 0xe2, 0x1, 0x8f, 0x48, 0x40, 0x32,
    0xea, 0x80, 0x73, 0x18, 0x5, 0x1f, 0xfe, 0x60,
    0x1b, 0xbe, 0x70, 0x2, 0x27, 0x8, 0x7, 0xf0,
    0xff, 0xec, 0x0, 0xe, 0x66, 0xe0, 0x8, 0xcf,
    0x10, 0x7, 0xfc, 0x89, 0xc4, 0x3, 0x77, 0xe0,

    /* U+00CA "Ê" */
    0x0, 0x9d, 0x80, 0x3a, 0xb2, 0xa0, 0x2, 0x2d,
    0xbc, 0xf1, 0x0, 0x13, 0x80, 0x1c, 0x42, 0x3f,
    0xfc, 0xc0, 0x37, 0x7c, 0xe0, 0x4, 0x4e, 0x10,
    0xf, 0xe1, 0xff, 0xd8, 0x0, 0x1c, 0xcd, 0xc0,
    0x11, 0x9e, 0x20, 0xf, 0xf9, 0x13, 0x88, 0x6,
    0xef, 0xc0,

    /* U+00CB "Ë" */
    0x0, 0x69, 0xa6, 0x0, 0x6b, 0x25, 0x90, 0xc,
    0xc2, 0x25, 0x0, 0x47, 0xff, 0x98, 0x6, 0xef,
    0x9c, 0x0, 0x89, 0xc2, 0x1, 0xfc, 0x3f, 0xfb,
    0x0, 0x3, 0x99, 0xb8, 0x2, 0x33, 0xc4, 0x1,
    0xff, 0x22, 0x71, 0x0, 0xdd, 0xf8,

    /* U+00CC "Ì" */
    0x17, 0x40, 0x0, 0x9d, 0x20, 0x1, 0x30, 0xc0,
    0x22, 0x70, 0xa, 0x38, 0x3, 0xff, 0xc4,

    /* U+00CD "Í" */
    0x1, 0x73, 0x1c, 0xf3, 0x48, 0x80, 0x2a, 0x80,
    0x11, 0xc0, 0x1f, 0xfd, 0xa0,

    /* U+00CE "Î" */
    0x0, 0x2b, 0x80, 0x4d, 0x1b, 0x60, 0x1, 0xca,
    0xd3, 0x7, 0x10, 0x63, 0x0, 0x47, 0x0, 0x7f,
    0xfb, 0x0,

    /* U+00CF "Ï" */
    0xa6, 0x1e, 0x1e, 0x41, 0x81, 0x42, 0x6, 0x0,
    0x47, 0x0, 0x7f, 0xf8, 0xc0,

    /* U+00D0 "Ð" */
    0x6, 0xff, 0xdd, 0x6a, 0x1, 0xd7, 0x74, 0x5,
    0x48, 0x6, 0x44, 0x9a, 0xe9, 0x94, 0x3, 0xf2,
    0xa4, 0xec, 0x87, 0xfa, 0xc0, 0x2c, 0x3f, 0x60,
    0xdd, 0x48, 0x6, 0x12, 0xf0, 0x22, 0x80, 0x2c,
    0x20, 0xf, 0xca, 0x92, 0x1, 0x22, 0x4d, 0x74,
    0xca, 0x1, 0x5d, 0xd0, 0x15, 0x20,

    /* U+00D1 "Ñ" */
    0x0, 0x1e, 0xc8, 0x60, 0x6, 0xbe, 0xcc, 0x58,
    0x6, 0x83, 0x5c, 0x70, 0x4, 0x70, 0x80, 0x68,
    0xe0, 0x1d, 0x0, 0xfc, 0x72, 0x1, 0xe1, 0x96,
    0x60, 0x7, 0x99, 0x92, 0x60, 0x1e, 0x93, 0xd1,
    0x0, 0xf6, 0x85, 0x0, 0x78, 0x75, 0x18, 0x3,
    0xc7, 0x22, 0x1, 0xf3, 0x28, 0x0,

    /* U+00D2 "Ò" */
    0x0, 0x8e, 0x8, 0x3, 0xf8, 0xff, 0xc2, 0x1,
    0xfc, 0xf2, 0x80, 0x1f, 0xe4, 0x50, 0xf, 0xcf,
    0x9f, 0xd6, 0xa0, 0x1d, 0x90, 0xb3, 0x1, 0x52,
    0x1, 0x51, 0x6c, 0xb3, 0x2e, 0x99, 0x80, 0x2b,
    0x4, 0x1, 0x95, 0x56, 0xa, 0x8, 0x1, 0xec,
    0x20, 0xf, 0xfe, 0xa, 0x82, 0x0, 0x7b, 0x8,
    0x5, 0x60, 0x80, 0x32, 0xaa, 0xc0, 0x14, 0x5b,
    0x2c, 0xcb, 0xa5, 0x60, 0xb, 0x21, 0x26, 0x2,
    0xa8, 0x0,

    /* U+00D3 "Ó" */
    0x0, 0xf1, 0xb8, 0x80, 0x7e, 0x3d, 0x21, 0x0,
    0xfc, 0x9a, 0xa0, 0x1f, 0xce, 0x60, 0x1f, 0x9f,
    0x3f, 0xad, 0x40, 0x3b, 0x21, 0x66, 0x2, 0xa4,
    0x2, 0xa2, 0xd9, 0x66, 0x5d, 0x33, 0x0, 0x56,
    0x8, 0x3, 0x2a, 0xac, 0x14, 0x10, 0x3, 0xd8,
    0x40, 0x1f, 0xfc, 0x15, 0x4, 0x0, 0xf6, 0x10,
    0xa, 0xc1, 0x0, 0x65, 0x55, 0x80, 0x28, 0xb6,
    0x59, 0x97, 0x4a, 0xc0, 0x16, 0x42, 0x4c, 0x5,
    0x50, 0x0,

    /* U+00D4 "Ô" */
    0x0, 0xe7, 0x60, 0xf, 0xea, 0xda, 0x70, 0xf,
    0x8f, 0x2b, 0x0, 0x40, 0x3c, 0x6c, 0x0, 0x71,
    0x0, 0xf3, 0xe7, 0xf5, 0xa8, 0x7, 0x64, 0x2c,
    0xc0, 0x54, 0x80, 0x54, 0x5b, 0x2c, 0xcb, 0xa6,
    0x60, 0xa, 0xc1, 0x0, 0x65, 0x55, 0x82, 0x82,
    0x0, 0x7b, 0x8, 0x3, 0xff, 0x82, 0xa0, 0x80,
    0x1e, 0xc2, 0x1, 0x58, 0x20, 0xc, 0xaa, 0xb0,
    0x5, 0x16, 0xcb, 0x32, 0xe9, 0x58, 0x2, 0xc8,
    0x49, 0x80, 0xaa, 0x0, 0x0,

    /* U+00D5 "Õ" */
    0x0, 0x87, 0x2c, 0x64, 0x80, 0x3c, 0x95, 0x14,
    0x4, 0x1, 0xe5, 0x63, 0xb9, 0x0, 0xf9, 0xf3,
    0xfa, 0xd4, 0x3, 0xb2, 0x16, 0x60, 0x2a, 0x40,
    0x2a, 0x2d, 0x96, 0x65, 0xd3, 0x30, 0x5, 0x60,
    0x80, 0x32, 0xaa, 0xc1, 0x41, 0x0, 0x3d, 0x84,
    0x1, 0xff, 0xc1, 0x50, 0x40, 0xf, 0x61, 0x0,
    0xac, 0x10, 0x6, 0x55, 0x58, 0x2, 0x8b, 0x65,
    0x99, 0x74, 0xac, 0x1, 0x64, 0x24, 0xc0, 0x55,
    0x0, 0x0,

    /* U+00D6 "Ö" */
    0x0, 0xda, 0x4b, 0x60, 0x1f, 0xac, 0x9f, 0x80,
    0x3f, 0x30, 0x12, 0x80, 0x7c, 0xf9, 0xfd, 0x6a,
    0x1, 0xd9, 0xb, 0x30, 0x15, 0x20, 0x15, 0x16,
    0xcb, 0x32, 0xe9, 0x98, 0x2, 0xb0, 0x40, 0x19,
    0x55, 0x60, 0xa0, 0x80, 0x1e, 0xc2, 0x0, 0xff,
    0xe0, 0xa8, 0x20, 0x7, 0xb0, 0x80, 0x56, 0x8,
    0x3, 0x2a, 0xac, 0x1, 0x45, 0xb2, 0xcc, 0xba,
    0x56, 0x0, 0xb2, 0x12, 0x60, 0x2a, 0x80, 0x0,

    /* U+00D7 "×" */
    0x2, 0x0, 0xc4, 0x0, 0xf7, 0x0, 0x3f, 0x0,
    0x32, 0x59, 0xeb, 0x40, 0x3, 0x91, 0x3e, 0x20,
    0x13, 0x80, 0x1c, 0x2, 0x5b, 0xcd, 0xb4, 0x0,
    0x4e, 0x91, 0xef, 0x80, 0x30, 0xc0, 0x7, 0x60,

    /* U+00D8 "Ø" */
    0x0, 0xfe, 0x43, 0x0, 0xfe, 0x29, 0x20, 0xc,
    0xf9, 0xfd, 0x9b, 0x22, 0x1, 0x64, 0x2c, 0xc1,
    0x86, 0x80, 0x54, 0x5b, 0x2c, 0x85, 0x2c, 0xc0,
    0x15, 0x82, 0x0, 0x74, 0xb2, 0xd8, 0x28, 0x20,
    0x1, 0xd5, 0x3, 0x8, 0x3, 0x8a, 0xa4, 0x3,
    0x94, 0x10, 0x3a, 0x40, 0x2c, 0x20, 0x15, 0x8a,
    0x54, 0x0, 0x2a, 0xac, 0x1, 0x42, 0xa6, 0xcc,
    0xba, 0x56, 0x0, 0x89, 0x1e, 0x60, 0x2a, 0x80,
    0x14, 0x2d, 0xef, 0xf5, 0xa8, 0x4,

    /* U+00D9 "Ù" */
    0x0, 0x2b, 0x80, 0x7c, 0x97, 0x40, 0x1e, 0x1c,
    0xd2, 0x0, 0xf9, 0xc8, 0x2, 0x9c, 0x0, 0xeb,
    0xa0, 0xf, 0xff, 0x8, 0x90, 0x7, 0x31, 0xe0,
    0xa0, 0x4, 0x65, 0x88, 0x77, 0xd, 0x18, 0x4a,
    0x18, 0xcc, 0x96, 0x66, 0x0,

    /* U+00DA "Ú" */
    0x0, 0xe6, 0x60, 0x7, 0xa2, 0xdc, 0x3, 0x8b,
    0xf4, 0x40, 0x38, 0x9c, 0x3, 0x4e, 0x0, 0x75,
    0xd0, 0x7, 0xff, 0x84, 0x48, 0x3, 0x98, 0xf0,
    0x50, 0x2, 0x32, 0xc4, 0x3b, 0x86, 0x8c, 0x25,
    0xc, 0x66, 0x4b, 0x33, 0x0,

    /* U+00DB "Û" */
    0x0, 0x8a, 0xc, 0x3, 0x8b, 0x3, 0x48, 0x3,
    0x3d, 0x46, 0xa0, 0x6, 0x54, 0x3, 0x60, 0x4,
    0xe0, 0x7, 0x5d, 0x0, 0x7f, 0xf8, 0x44, 0x80,
    0x39, 0x8f, 0x5, 0x0, 0x23, 0x2c, 0x43, 0xb8,
    0x68, 0xc2, 0x50, 0xc6, 0x64, 0xb3, 0x30, 0x0,

    /* U+00DC "Ü" */
    0x0, 0x26, 0x5, 0xb0, 0x6, 0x59, 0xe, 0x40,
    0xc, 0x2a, 0xa, 0x40, 0x9, 0xc0, 0xe, 0xba,
    0x0, 0xff, 0xf0, 0x89, 0x0, 0x73, 0x1e, 0xa,
    0x0, 0x46, 0x58, 0x87, 0x70, 0xd1, 0x84, 0xa1,
    0x8c, 0xc9, 0x66, 0x60, 0x0,

    /* U+00DD "Ý" */
    0x0, 0xf3, 0x30, 0x3, 0xf4, 0xd3, 0x80, 0x7c,
    0x5d, 0x82, 0x1, 0xf1, 0x38, 0x7, 0xb2, 0xc0,
    0x3a, 0x70, 0x1, 0xc8, 0xa0, 0x11, 0x37, 0x80,
    0x9, 0xac, 0x2, 0xe6, 0x30, 0xa, 0x42, 0x1,
    0x4e, 0x0, 0x3a, 0xdc, 0xee, 0x44, 0x3, 0x94,
    0xf0, 0xd8, 0x3, 0xef, 0x9, 0x0, 0xfc, 0x20,
    0xe0, 0x1f, 0xfc, 0xe0,

    /* U+00DE "Þ" */
    0x8e, 0x0, 0xfc, 0x3f, 0xf6, 0xc0, 0x4, 0x39,
    0x8b, 0xa6, 0xb0, 0x8, 0xcc, 0x8f, 0x48, 0x60,
    0x1e, 0x40, 0x60, 0xf, 0x18, 0x8, 0x6, 0x14,
    0xe2, 0x40, 0x1f, 0xf7, 0x5b, 0x78, 0x0, 0x73,
    0x2e, 0xb2, 0x0, 0x8c, 0xe1, 0x0, 0x80,

    /* U+00DF "ß" */
    0x3, 0xcf, 0xe9, 0x0, 0x16, 0x35, 0xc3, 0xd0,
    0x51, 0x52, 0x35, 0xa8, 0x1b, 0x80, 0x7f, 0x8e,
    0x1c, 0x3, 0x46, 0x16, 0x80, 0x69, 0xc8, 0xa6,
    0x0, 0x84, 0xdd, 0xa8, 0x3, 0xfe, 0x54, 0x86,
    0xa0, 0xa, 0xec, 0xb0, 0xc0,

    /* U+00E0 "à" */
    0x1, 0xca, 0x0, 0xe1, 0xc0, 0x90, 0xf, 0x54,
    0x80, 0x64, 0xcf, 0xea, 0x10, 0x7, 0xdd, 0xcf,
    0x40, 0xb, 0x74, 0x59, 0x40, 0x2, 0x67, 0x72,
    0x80, 0x86, 0xd3, 0x3e, 0x80, 0xa, 0x12, 0x42,
    0x1, 0x28, 0x30, 0x1c, 0x80, 0x6, 0xeb, 0xfa,
    0x80, 0x0,

    /* U+00E1 "á" */
    0x0, 0xd3, 0xa4, 0x1, 0x9c, 0xb0, 0x80, 0x33,
    0xd8, 0x80, 0x49, 0x9f, 0xd4, 0x20, 0xf, 0xbb,
    0x9e, 0x80, 0x16, 0xe8, 0xb2, 0x80, 0x4, 0xce,
    0xe5, 0x1, 0xd, 0xa6, 0x7d, 0x0, 0x14, 0x24,
    0x84, 0x2, 0x50, 0x60, 0x39, 0x0, 0xd, 0xd7,
    0xf5, 0x0, 0x0,

    /* U+00E2 "â" */
    0x0, 0x17, 0x70, 0xc0, 0x21, 0xeb, 0xde, 0x20,
    0x0, 0xe2, 0x9e, 0x90, 0x1, 0x33, 0xfa, 0x84,
    0x1, 0xf7, 0x73, 0xd0, 0x2, 0xdd, 0x16, 0x50,
    0x0, 0x99, 0xdc, 0xa0, 0x21, 0xb4, 0xcf, 0xa0,
    0x2, 0x84, 0x90, 0x80, 0x4a, 0xc, 0x7, 0x20,
    0x1, 0xba, 0xfe, 0xa0, 0x0,

    /* U+00E3 "ã" */
    0x0, 0x66, 0x9b, 0xa8, 0x0, 0xd7, 0x23, 0x14,
    0x0, 0x72, 0x37, 0x60, 0x9, 0x33, 0xfa, 0x84,
    0x1, 0xf7, 0x73, 0xd0, 0x2, 0xdd, 0x16, 0x50,
    0x0, 0x99, 0xdc, 0xa0, 0x21, 0xb4, 0xcf, 0xa0,
    0x2, 0x84, 0x90, 0x80, 0x4a, 0xc, 0x7, 0x20,
    0x1, 0xba, 0xfe, 0xa0, 0x0,

    /* U+00E4 "ä" */
    0x0, 0x62, 0x9e, 0x80, 0x69, 0x42, 0xb0, 0xc,
    0xa2, 0x26, 0x0, 0x93, 0x3f, 0xa8, 0x40, 0x1f,
    0x77, 0x3d, 0x0, 0x2d, 0xd1, 0x65, 0x0, 0x9,
    0x9d, 0xca, 0x2, 0x1b, 0x4c, 0xfa, 0x0, 0x28,
    0x49, 0x8, 0x4, 0xa0, 0xc0, 0x72, 0x0, 0x1b,
    0xaf, 0xea, 0x0, 0x0,

    /* U+00E5 "å" */
    0x0, 0xd, 0x50, 0x80, 0x33, 0xf5, 0xd0, 0x6,
    0x7e, 0xba, 0x0, 0xc3, 0x54, 0x20, 0x9, 0x33,
    0xfa, 0x84, 0x1, 0xf7, 0x73, 0xd0, 0x2, 0xdd,
    0x16, 0x50, 0x0, 0x99, 0xdc, 0xa0, 0x21, 0xb4,
    0xcf, 0xa0, 0x2, 0x84, 0x90, 0x80, 0x4a, 0xc,
    0x7, 0x20, 0x1, 0xba, 0xfe, 0xa0, 0x0,

    /* U+00E6 "æ" */
    0x4, 0xcf, 0xf5, 0x8a, 0xef, 0xeb, 0x80, 0x5f,
    0x76, 0xa6, 0xfa, 0xa5, 0xd4, 0xc0, 0x2, 0xdd,
    0x16, 0x46, 0x5d, 0x1e, 0x9c, 0x41, 0x33, 0xb9,
    0x41, 0x1d, 0xd5, 0x1, 0xd, 0xdb, 0x3e, 0x82,
    0xff, 0xf7, 0x1a, 0x83, 0x10, 0x90, 0x78, 0x8f,
    0x2, 0x85, 0xa3, 0x42, 0xaa, 0x95, 0x5b, 0x0,
    0x36, 0xd7, 0x69, 0xab, 0x6a, 0xb7, 0x90,

    /* U+00E7 "ç" */
    0x0, 0x3e, 0xfe, 0xb0, 0x2, 0x62, 0xad, 0x65,
    0x9, 0xa9, 0xd2, 0x35, 0x1c, 0x14, 0x2, 0x20,
    0xf, 0xe7, 0x5, 0x0, 0x88, 0x9, 0xa9, 0xd2,
    0x35, 0x2, 0x62, 0x6d, 0x65, 0x0, 0xf, 0xb,
    0xac, 0x1, 0x9c, 0xe0, 0x3, 0x1e, 0x25, 0x80,
    0x0,

    /* U+00E8 "è" */
    0x0, 0x56, 0x88, 0x7, 0x55, 0x34, 0x3, 0xcf,
    0x80, 0x1d, 0x1d, 0xf8, 0x80, 0xa, 0x5b, 0xc4,
    0xb4, 0x25, 0xf5, 0x38, 0x78, 0x70, 0xce, 0xe9,
    0xcc, 0x1, 0x9f, 0xf7, 0x71, 0xc1, 0x44, 0x60,
    0x12, 0x68, 0x82, 0x37, 0xa0, 0x4c, 0x2d, 0xc3,
    0x20,

    /* U+00E9 "é" */
    0x0, 0xcb, 0xc8, 0x1, 0x92, 0x31, 0x0, 0x32,
    0x69, 0x0, 0x68, 0xef, 0xc4, 0x0, 0x52, 0xde,
    0x25, 0xa1, 0x2f, 0xa9, 0xc3, 0xc3, 0x86, 0x77,
    0x4e, 0x60, 0xc, 0xff, 0xbb, 0x8e, 0xa, 0x23,
    0x0, 0x93, 0x44, 0x11, 0xbd, 0x2, 0x61, 0x6e,
    0x19, 0x0,

    /* U+00EA "ê" */
    0x0, 0xb3, 0xd8, 0x3, 0x52, 0x75, 0x28, 0x5,
    0x50, 0x38, 0xa0, 0x14, 0x77, 0xe2, 0x0, 0x29,
    0x6f, 0x12, 0xd0, 0x97, 0xd4, 0xe1, 0xe1, 0xc3,
    0x3b, 0xa7, 0x30, 0x6, 0x7f, 0xdd, 0xc7, 0x5,
    0x11, 0x80, 0x49, 0xa2, 0x8, 0xde, 0x81, 0x30,
    0xb7, 0xc, 0x80,

    /* U+00EB "ë" */
    0x0, 0x44, 0x3, 0x88, 0x2, 0xbb, 0x4, 0x10,
    0x4, 0x66, 0x6, 0x0, 0xd1, 0xdf, 0x88, 0x0,
    0xa5, 0xbc, 0x4b, 0x42, 0x5f, 0x53, 0x87, 0x87,
    0xc, 0xee, 0x9c, 0xc0, 0x19, 0xff, 0x77, 0x1c,
    0x14, 0x46, 0x1, 0x26, 0x88, 0x23, 0x7a, 0x4,
    0xc2, 0xdc, 0x32, 0x0,

    /* U+00EC "ì" */
    0x2d, 0x90, 0x2d, 0x37, 0x0, 0x53, 0x80, 0x2e,
    0x80, 0x3f, 0xfa, 0x0,

    /* U+00ED "í" */
    0x0, 0x56, 0x8, 0x49, 0xe0, 0x84, 0xc8, 0x2,
    0xba, 0x0, 0xff, 0xec, 0x80,

    /* U+00EE "î" */
    0x2, 0xee, 0x8, 0x2, 0x6e, 0x2c, 0x1, 0x6a,
    0xd4, 0x1, 0x5d, 0x0, 0x7f, 0xf8, 0x0,

    /* U+00EF "ï" */
    0x97, 0x97, 0xa5, 0xa5, 0x32, 0x32, 0xb, 0xa0,
    0xf, 0xfe, 0x88,

    /* U+00F0 "ð" */
    0x8, 0xef, 0xd9, 0x57, 0x0, 0x65, 0x50, 0x1a,
    0x80, 0x24, 0xeb, 0x5d, 0x4c, 0x0, 0xbb, 0x90,
    0x50, 0x82, 0x3, 0xbd, 0xf6, 0x20, 0xa1, 0xa9,
    0x78, 0x5e, 0x2, 0x87, 0xca, 0x72, 0xe0, 0x24,
    0x6, 0x1, 0x60, 0x31, 0x1, 0x80, 0x58, 0x44,
    0x43, 0xd5, 0x49, 0x59, 0x0, 0x6a, 0x5d, 0x96,
    0xd0, 0x0,

    /* U+00F1 "ñ" */
    0x2, 0xdb, 0x1b, 0x10, 0x2, 0x4c, 0x69, 0x88,
    0x1, 0x90, 0xf2, 0x0, 0x17, 0x32, 0xef, 0xb2,
    0x0, 0x31, 0x55, 0x1b, 0xc0, 0x3, 0x68, 0xbc,
    0x44, 0x4, 0x0, 0x8c, 0x18, 0x3, 0xe1, 0x0,
    0xff, 0xe6, 0x0,

    /* U+00F2 "ò" */
    0x0, 0x47, 0x10, 0x7, 0xa2, 0xfc, 0x40, 0x3c,
    0xba, 0x20, 0x1c, 0xfb, 0xfa, 0xc0, 0x14, 0xc5,
    0x5a, 0xcb, 0x81, 0x35, 0x3a, 0x44, 0x40, 0xe0,
    0xa0, 0x13, 0x1, 0x80, 0x78, 0xc0, 0xe, 0xa,
    0x1, 0x28, 0x19, 0x35, 0x3a, 0x44, 0x40, 0x9,
    0x8a, 0xb5, 0x97, 0x0,

    /* U+00F3 "ó" */
    0x0, 0xc7, 0xcc, 0x1, 0xc7, 0xd4, 0xc0, 0x1c,
    0x7a, 0x80, 0x1c, 0xfb, 0xfa, 0xc0, 0x14, 0xc5,
    0x5a, 0xcb, 0x81, 0x35, 0x3a, 0x44, 0x40, 0xe0,
    0xa0, 0x13, 0x1, 0x80, 0x78, 0xc0, 0xe, 0xa,
    0x1, 0x28, 0x19, 0x35, 0x3a, 0x44, 0x40, 0x9,
    0x8a, 0xb5, 0x97, 0x0,

    /* U+00F4 "ô" */
    0x0, 0xab, 0xe0, 0x3, 0xa4, 0xf8, 0xdc, 0x3,
    0x4c, 0x86, 0xdc, 0x3, 0x3e, 0xfe, 0xb0, 0x5,
    0x31, 0x56, 0xb2, 0xe0, 0x4d, 0x4e, 0x91, 0x10,
    0x38, 0x28, 0x4, 0xc0, 0x60, 0x1e, 0x30, 0x3,
    0x82, 0x80, 0x4a, 0x6, 0x4d, 0x4e, 0x91, 0x10,
    0x2, 0x62, 0xad, 0x65, 0xc0,

    /* U+00F5 "õ" */
    0x0, 0x37, 0x38, 0xd8, 0x6, 0xde, 0xc, 0xf0,
    0xd, 0x60, 0xfa, 0x80, 0x19, 0xf7, 0xf5, 0x80,
    0x29, 0x8a, 0xb5, 0x97, 0x2, 0x6a, 0x74, 0x88,
    0x81, 0xc1, 0x40, 0x26, 0x3, 0x0, 0xf1, 0x80,
    0x1c, 0x14, 0x2, 0x50, 0x32, 0x6a, 0x74, 0x88,
    0x80, 0x13, 0x15, 0x6b, 0x2e, 0x0,

    /* U+00F6 "ö" */
    0x0, 0x35, 0x6, 0x20, 0x6, 0x4e, 0x9, 0x50,
    0xc, 0x48, 0xa, 0x20, 0x19, 0xf7, 0xf5, 0x80,
    0x29, 0x8a, 0xb5, 0x97, 0x2, 0x6a, 0x74, 0x88,
    0x81, 0xc1, 0x40, 0x26, 0x3, 0x0, 0xf1, 0x80,
    0x1c, 0x14, 0x2, 0x50, 0x32, 0x6a, 0x74, 0x88,
    0x80, 0x13, 0x15, 0x6b, 0x2e, 0x0,

    /* U+00F7 "÷" */
    0x0, 0x9d, 0xc0, 0x1e, 0xee, 0x0, 0x7a, 0x64,
    0x1, 0x27, 0x77, 0x91, 0x1f, 0xfe, 0x40, 0x11,
    0x33, 0x4, 0x40, 0x1b, 0xb8, 0x1, 0x0,

    /* U+00F8 "ø" */
    0x0, 0xf1, 0xc8, 0x4, 0xfb, 0xfb, 0x90, 0x0,
    0x98, 0xab, 0x20, 0x60, 0x26, 0xa7, 0x54, 0x88,
    0x3, 0x82, 0x85, 0xcb, 0x1, 0x80, 0x48, 0x44,
    0x30, 0x3, 0x83, 0x44, 0x1, 0x40, 0xc9, 0xa4,
    0x12, 0x22, 0x0, 0x58, 0xd, 0xac, 0xb8, 0x2,
    0x77, 0x5f, 0xac, 0x0,

    /* U+00F9 "ù" */
    0x4, 0xe5, 0x0, 0xe4, 0xc9, 0x40, 0xe, 0x2c,
    0x40, 0xb, 0x20, 0x2, 0x2f, 0x30, 0xf, 0xfe,
    0x68, 0x80, 0x42, 0x0, 0x62, 0x0, 0x90, 0x1,
    0xe9, 0x6, 0xf2, 0x0, 0x59, 0x5c, 0xbb, 0x0,
    0x0,

    /* U+00FA "ú" */
    0x0, 0x87, 0x64, 0x3, 0xaa, 0xe4, 0x3, 0xad,
    0x80, 0x2c, 0x80, 0x8, 0xbc, 0xc0, 0x3f, 0xf9,
    0xa2, 0x1, 0x8, 0x1, 0x88, 0x2, 0x40, 0x7,
    0xa4, 0x1b, 0xc8, 0x1, 0x65, 0x72, 0xec, 0x0,

    /* U+00FB "û" */
    0x0, 0x37, 0x60, 0x6, 0x5d, 0xfb, 0xa0, 0x9,
    0x6c, 0x5e, 0x80, 0x19, 0x0, 0x11, 0x79, 0x80,
    0x7f, 0xf3, 0x44, 0x2, 0x10, 0x3, 0x10, 0x4,
    0x80, 0xf, 0x48, 0x37, 0x90, 0x2, 0xca, 0xe5,
    0xd8, 0x0,

    /* U+00FC "ü" */
    0x2, 0xe0, 0x88, 0x0, 0x45, 0x1, 0x76, 0x0,
    0xcc, 0x6, 0x60, 0x6, 0x40, 0x4, 0x5e, 0x60,
    0x1f, 0xfc, 0xd1, 0x0, 0x84, 0x0, 0xc4, 0x1,
    0x20, 0x3, 0xd2, 0xd, 0xe4, 0x0, 0xb2, 0xb9,
    0x76, 0x0, 0x0,

    /* U+00FD "ý" */
    0x0, 0xc3, 0xb4, 0x1, 0xea, 0xa8, 0x3, 0xd6,
    0xe0, 0x1b, 0x64, 0x3, 0x55, 0x2, 0xd8, 0x2,
    0x15, 0x90, 0x60, 0x60, 0x3, 0x11, 0x80, 0x1a,
    0x80, 0x15, 0x60, 0x15, 0x99, 0x90, 0x98, 0x2,
    0x23, 0xae, 0x60, 0xe, 0x96, 0x5b, 0x0, 0xe5,
    0x13, 0x20, 0xf, 0xa4, 0x3, 0x4a, 0x51, 0xa8,
    0x4, 0x25, 0x6d, 0xe0, 0x18,

    /* U+00FE "þ" */
    0xba, 0x0, 0xff, 0xe6, 0x47, 0x7e, 0x18, 0x1,
    0x55, 0x76, 0x7c, 0x30, 0x1c, 0x54, 0xb3, 0x90,
    0x41, 0x0, 0xad, 0x0, 0x3f, 0x90, 0x40, 0x2b,
    0x40, 0x1c, 0x55, 0x59, 0xc8, 0x2d, 0x5d, 0x3e,
    0x18, 0x1, 0xfb, 0xf0, 0xc0, 0x3f, 0xf8, 0xa0,

    /* U+00FF "ÿ" */
    0x0, 0x17, 0x4, 0x40, 0x3, 0x14, 0x5, 0xd8,
    0x3, 0x98, 0xc, 0xc0, 0x16, 0xc8, 0x6, 0xaa,
    0x5, 0xb0, 0x4, 0x2b, 0x20, 0xc0, 0xc0, 0x6,
    0x23, 0x0, 0x35, 0x0, 0x2a, 0xc0, 0x2b, 0x33,
    0x21, 0x30, 0x4, 0x47, 0x5c, 0xc0, 0x1d, 0x2c,
    0xb6, 0x1, 0xca, 0x26, 0x40, 0x1f, 0x48, 0x6,
    0x94, 0xa3, 0x50, 0x8, 0x4a, 0xdb, 0xc0, 0x30,

    /* U+0100 "Ā" */
    0x0, 0x8b, 0xbb, 0x28, 0x7, 0x8b, 0xbb, 0x28,
    0x7, 0xff, 0x23, 0x3c, 0x40, 0x3f, 0x19, 0x89,
    0x80, 0x3f, 0x43, 0x5c, 0x80, 0x7c, 0x49, 0x6c,
    0xa, 0x1, 0xeb, 0x52, 0x9, 0x80, 0xe, 0x16,
    0x90, 0x3, 0x92, 0x0, 0x66, 0xc, 0xff, 0x83,
    0xc0, 0x34, 0xc6, 0x66, 0xb4, 0x20, 0x2, 0x8b,
    0x99, 0xe4, 0x3b, 0x0, 0x4b, 0x0, 0x7a, 0x98,
    0x40,

    /* U+0101 "ā" */
    0x2, 0xee, 0xca, 0x0, 0x2e, 0xec, 0xa0, 0x4,
    0xcf, 0xea, 0x10, 0x7, 0xdd, 0xcf, 0x40, 0xb,
    0x74, 0x59, 0x40, 0x2, 0x67, 0x72, 0x80, 0x86,
    0xd3, 0x3e, 0x80, 0xa, 0x12, 0x42, 0x1, 0x28,
    0x30, 0x1c, 0x80, 0x6, 0xeb, 0xfa, 0x80, 0x0,

    /* U+0102 "Ă" */
    0x0, 0xcc, 0x0, 0x42, 0x0, 0xfa, 0xc8, 0x24,
    0x3, 0xf7, 0x73, 0x6c, 0x80, 0x3e, 0x3c, 0xd6,
    0x0, 0xfe, 0xcf, 0x10, 0xf, 0xc6, 0x62, 0x60,
    0xf, 0xd0, 0xd7, 0x20, 0x1f, 0x12, 0x5b, 0x2,
    0x80, 0x7a, 0xd4, 0x82, 0x60, 0x3, 0x85, 0xa4,
    0x0, 0xe4, 0x80, 0x19, 0x83, 0x3f, 0xe0, 0xf0,
    0xd, 0x31, 0x99, 0xad, 0x8, 0x0, 0xa2, 0xe6,
    0x79, 0xe, 0xc0, 0x12, 0xc0, 0x1e, 0xa6, 0x10,

    /* U+0103 "ă" */
    0x1, 0xd1, 0xc, 0x30, 0x0, 0xc6, 0xe5, 0x98,
    0x4, 0xb9, 0x87, 0x0, 0x93, 0x3f, 0xa8, 0x40,
    0x1f, 0x77, 0x3d, 0x0, 0x2d, 0xd1, 0x65, 0x0,
    0x9, 0x9d, 0xca, 0x2, 0x1b, 0x4c, 0xfa, 0x0,
    0x28, 0x49, 0x8, 0x4, 0xa0, 0xc0, 0x72, 0x0,
    0x1b, 0xaf, 0xea, 0x0, 0x0,

    /* U+0104 "Ą" */
    0x0, 0xec, 0xf1, 0x0, 0xfc, 0x66, 0x26, 0x0,
    0xfd, 0xd, 0x72, 0x1, 0xf1, 0x25, 0xb0, 0x28,
    0x7, 0xad, 0x48, 0x26, 0x0, 0x38, 0x5a, 0x40,
    0xe, 0x48, 0x1, 0x98, 0x33, 0xfe, 0xf, 0x0,
    0xd3, 0x19, 0x9a, 0xd0, 0x80, 0xa, 0x2e, 0x67,
    0x90, 0xec, 0x1, 0x2c, 0x1, 0xea, 0x61, 0xc,
    0x90, 0xf, 0x54, 0x88, 0x7, 0xe5, 0x66, 0x0,
    0x7f, 0x23, 0xea, 0x80,

    /* U+0105 "ą" */
    0x4, 0xcf, 0xea, 0x10, 0x7, 0xdd, 0xcf, 0x40,
    0xb, 0x74, 0x59, 0x40, 0x2, 0x67, 0x72, 0x80,
    0x86, 0xd3, 0x3e, 0x80, 0xa, 0x12, 0x42, 0x1,
    0x28, 0x30, 0x1c, 0x80, 0x6, 0xeb, 0xf9, 0x40,
    0x24, 0xdf, 0xc4, 0xa2, 0x0, 0xce, 0xaa, 0x0,
    0xe4, 0x46, 0xa0,

    /* U+0106 "Ć" */
    0x0, 0xf2, 0xb8, 0x7, 0xcb, 0x68, 0x1, 0xf1,
    0x61, 0x80, 0x7c, 0xe4, 0x1, 0xe7, 0xcf, 0xf5,
    0xa0, 0x5, 0x90, 0xb3, 0x21, 0xb5, 0xa, 0x2d,
    0x96, 0x65, 0x62, 0x8a, 0xc1, 0x0, 0x63, 0x5,
    0x4, 0x0, 0xff, 0xe2, 0xa8, 0x20, 0x7, 0xc2,
    0xb0, 0x40, 0x18, 0xc0, 0x16, 0x5b, 0x2c, 0xca,
    0xc5, 0x1, 0xc8, 0x49, 0x90, 0xda, 0x80,

    /* U+0107 "ć" */
    0x0, 0xcd, 0xc8, 0x1, 0x96, 0xb1, 0x0, 0x32,
    0xe1, 0x0, 0x67, 0xdf, 0xd6, 0x0, 0x4c, 0x55,
    0xac, 0xa1, 0x35, 0x3a, 0x46, 0xa3, 0x82, 0x80,
    0x44, 0x1, 0xfc, 0xe0, 0xa0, 0x11, 0x1, 0x35,
    0x3a, 0x46, 0xa0, 0x4c, 0x55, 0xac, 0xa0,

    /* U+0108 "Ĉ" */
    0x0, 0xc2, 0xe8, 0x1, 0xf6, 0xf4, 0xa8, 0x7,
    0x24, 0xcb, 0x8, 0x3, 0x91, 0x40, 0x5c, 0x3,
    0x9f, 0x3f, 0xd6, 0x80, 0x16, 0x42, 0xcc, 0x86,
    0xd4, 0x28, 0xb6, 0x59, 0x95, 0x8a, 0x2b, 0x4,
    0x1, 0x8c, 0x14, 0x10, 0x3, 0xff, 0x8a, 0xa0,
    0x80, 0x1f, 0xa, 0xc1, 0x0, 0x63, 0x0, 0x59,
    0x6c, 0xb3, 0x2b, 0x14, 0x7, 0x21, 0x26, 0x43,
    0x6a,

    /* U+0109 "ĉ" */
    0x0, 0xe, 0xfa, 0x80, 0x6a, 0xa6, 0xca, 0x0,
    0x56, 0xe5, 0x88, 0x1, 0x3e, 0xfe, 0xb0, 0x2,
    0x62, 0xad, 0x65, 0x9, 0xa9, 0xd2, 0x35, 0x1c,
    0x14, 0x2, 0x20, 0xf, 0xe7, 0x5, 0x0, 0x88,
    0x9, 0xa9, 0xd2, 0x35, 0x2, 0x62, 0xad, 0x65,
    0x0,

    /* U+010A "Ċ" */
    0x0, 0xe9, 0x40, 0xf, 0xc8, 0x40, 0x1f, 0xb5,
    0x80, 0x3f, 0xf8, 0x8f, 0x9f, 0xeb, 0x40, 0xb,
    0x21, 0x66, 0x43, 0x6a, 0x14, 0x5b, 0x2c, 0xca,
    0xc5, 0x15, 0x82, 0x0, 0xc6, 0xa, 0x8, 0x1,
    0xff, 0xc5, 0x50, 0x40, 0xf, 0x85, 0x60, 0x80,
    0x31, 0x80, 0x2c, 0xb6, 0x59, 0x95, 0x8a, 0x3,
    0x90, 0x93, 0x21, 0xb5,

    /* U+010B "ċ" */
    0x0, 0x9b, 0x40, 0x3c, 0x48, 0x1, 0xe4, 0x90,
    0xe, 0x7d, 0xfd, 0x60, 0x4, 0xc5, 0x5a, 0xca,
    0x13, 0x53, 0xa4, 0x6a, 0x38, 0x28, 0x4, 0x40,
    0x1f, 0xce, 0xa, 0x1, 0x10, 0x13, 0x53, 0xa4,
    0x6a, 0x4, 0xc5, 0x5a, 0xca, 0x0,

    /* U+010C "Č" */
    0x0, 0x91, 0x40, 0x5c, 0x3, 0x92, 0x65, 0xe4,
    0x1, 0xed, 0xea, 0x50, 0xf, 0xb, 0xa0, 0x7,
    0x9f, 0x3f, 0xd6, 0x80, 0x16, 0x42, 0xcc, 0x86,
    0xd4, 0x28, 0xb6, 0x59, 0x95, 0x8a, 0x2b, 0x4,
    0x1, 0x8c, 0x14, 0x10, 0x3, 0xff, 0x8a, 0xa0,
    0x80, 0x1f, 0xa, 0xc1, 0x0, 0x63, 0x0, 0x59,
    0x6c, 0xb3, 0x2b, 0x14, 0x7, 0x21, 0x26, 0x43,
    0x6a,

    /* U+010D "č" */
    0x0, 0x5c, 0x16, 0xa0, 0x5, 0x69, 0x90, 0x80,
    0x1b, 0x39, 0x40, 0x33, 0xef, 0xeb, 0x0, 0x26,
    0x2a, 0xd6, 0x50, 0x9a, 0x9d, 0x23, 0x51, 0xc1,
    0x40, 0x22, 0x0, 0xfe, 0x70, 0x50, 0x8, 0x80,
    0x9a, 0x9d, 0x23, 0x50, 0x26, 0x2a, 0xd6, 0x50,

    /* U+010E "Ď" */
    0x0, 0x39, 0x2, 0xa0, 0x7, 0x1e, 0x4c, 0x28,
    0x7, 0x25, 0x76, 0x8, 0x7, 0x91, 0xc4, 0x3,
    0x47, 0xfe, 0xea, 0x40, 0x8, 0x6e, 0xe8, 0x6b,
    0x70, 0x9, 0x12, 0x6c, 0x88, 0x18, 0x7, 0xce,
    0x52, 0x1, 0xf9, 0x1c, 0x3, 0xff, 0x8c, 0x8e,
    0x1, 0xf3, 0x94, 0x80, 0x11, 0x26, 0xb8, 0x81,
    0x80, 0xdd, 0xd0, 0x36, 0xe0,

    /* U+010F "ď" */
    0x0, 0xfe, 0x68, 0x0, 0xf0, 0xfa, 0x8, 0x7,
    0xfd, 0xe0, 0x1f, 0xce, 0xe0, 0x4, 0x77, 0xe2,
    0x80, 0x75, 0x3c, 0xda, 0x58, 0x6, 0x25, 0xa7,
    0x48, 0x80, 0x6, 0x70, 0x50, 0x9, 0x40, 0x3f,
    0xc6, 0x1, 0x9c, 0x14, 0x2, 0x70, 0xc, 0x4b,
    0x6c, 0x6f, 0x0, 0x1d, 0x4d, 0x19, 0x74, 0x1,
    0x80,

    /* U+0110 "Đ" */
    0x6, 0xff, 0xdd, 0x6a, 0x1, 0xd7, 0x74, 0x5,
    0x48, 0x6, 0x44, 0x9a, 0xe9, 0x94, 0x3, 0xf2,
    0xa4, 0xec, 0x87, 0xfa, 0xc0, 0x2c, 0x3f, 0x60,
    0xdd, 0x48, 0x6, 0x12, 0xf0, 0x22, 0x80, 0x2c,
    0x20, 0xf, 0xca, 0x92, 0x1, 0x22, 0x4d, 0x74,
    0xca, 0x1, 0x5d, 0xd0, 0x15, 0x20,

    /* U+0111 "đ" */
    0x0, 0xf0, 0xfa, 0x0, 0x77, 0x74, 0x16, 0xe0,
    0x1b, 0xfd, 0xa1, 0x2e, 0x0, 0x8e, 0xe6, 0xb0,
    0x10, 0x2, 0x9e, 0x6d, 0x2c, 0x2, 0x25, 0xa7,
    0x48, 0x80, 0x4, 0xe0, 0xa0, 0x12, 0x80, 0x7f,
    0x18, 0x4, 0xe0, 0xa0, 0x13, 0x80, 0x44, 0xb6,
    0xc6, 0xf0, 0x1, 0xa9, 0xa3, 0x2e, 0x80, 0x20,

    /* U+0112 "Ē" */
    0x4, 0xee, 0xc6, 0x0, 0x4e, 0xec, 0x60, 0x1f,
    0xd1, 0xff, 0xe6, 0x1, 0xbb, 0xe7, 0x0, 0x22,
    0x70, 0x80, 0x7f, 0xf, 0xfe, 0xc0, 0x0, 0xe6,
    0x6e, 0x0, 0x8c, 0xf1, 0x0, 0x7f, 0xc8, 0x9c,
    0x40, 0x37, 0x7e,

    /* U+0113 "ē" */
    0x0, 0x77, 0x68, 0x0, 0xbb, 0xb4, 0x0, 0x51,
    0xdf, 0x88, 0x0, 0xa5, 0xbc, 0x4b, 0x42, 0x5f,
    0x53, 0x87, 0x87, 0xc, 0xee, 0x9c, 0xc0, 0x19,
    0xff, 0x77, 0x1c, 0x14, 0x46, 0x1, 0x26, 0x88,
    0x23, 0x7a, 0x4, 0xc2, 0xdc, 0x32, 0x0,

    /* U+0114 "Ĕ" */
    0x2, 0x40, 0x2, 0x88, 0x0, 0xe4, 0x4a, 0xc4,
    0x0, 0x31, 0x9d, 0x40, 0x19, 0x77, 0x10, 0x1,
    0x1f, 0xfe, 0x60, 0x1b, 0xbe, 0x70, 0x2, 0x27,
    0x8, 0x7, 0xf0, 0xff, 0xec, 0x0, 0xe, 0x66,
    0xe0, 0x8, 0xcf, 0x10, 0x7, 0xfc, 0x89, 0xc4,
    0x3, 0x77, 0xe0,

    /* U+0115 "ĕ" */
    0x0, 0x69, 0x4, 0xb0, 0x5, 0xd3, 0x80, 0xc0,
    0x11, 0xde, 0x48, 0x6, 0x8e, 0xfc, 0x40, 0x5,
    0x2d, 0xe2, 0x5a, 0x12, 0xfa, 0x9c, 0x3c, 0x38,
    0x67, 0x74, 0xe6, 0x0, 0xcf, 0xfb, 0xb8, 0xe0,
    0xa2, 0x30, 0x9, 0x34, 0x41, 0x1b, 0xd0, 0x26,
    0x16, 0xe1, 0x90,

    /* U+0116 "Ė" */
    0x0, 0xaa, 0x0, 0x3d, 0xbc, 0x1, 0xe7, 0x60,
    0xa, 0x3f, 0xfc, 0xc0, 0x37, 0x7c, 0xe0, 0x4,
    0x4e, 0x10, 0xf, 0xe1, 0xff, 0xd8, 0x0, 0x1c,
    0xcd, 0xc0, 0x11, 0x9e, 0x20, 0xf, 0xf9, 0x13,
    0x88, 0x6, 0xef, 0xc0,

    /* U+0117 "ė" */
    0x0, 0x97, 0x80, 0x3c, 0xce, 0x1, 0xe3, 0x90,
    0xe, 0x8e, 0xfc, 0x40, 0x5, 0x2d, 0xe2, 0x5a,
    0x12, 0xfa, 0x9c, 0x3c, 0x38, 0x67, 0x74, 0xe6,
    0x0, 0xcf, 0xfb, 0xb8, 0xe0, 0xa2, 0x30, 0x9,
    0x34, 0x41, 0x1b, 0xd0, 0x26, 0x16, 0xe1, 0x90,

    /* U+0118 "Ę" */
    0x8f, 0xff, 0x30, 0xd, 0xdf, 0x38, 0x1, 0x13,
    0x84, 0x3, 0xf8, 0x7f, 0xf6, 0x0, 0x7, 0x33,
    0x70, 0x4, 0x67, 0x88, 0x3, 0xfe, 0x44, 0xe2,
    0x1, 0xbb, 0xe9, 0x8f, 0xfc, 0xed, 0x40, 0x1c,
    0xf2, 0x20, 0x1c, 0xdd, 0x40,

    /* U+0119 "ę" */
    0x0, 0x47, 0x7e, 0x20, 0x2, 0x96, 0xf1, 0x2d,
    0x9, 0x7d, 0x4e, 0x1e, 0x1c, 0x33, 0xba, 0x73,
    0x0, 0x67, 0xfd, 0xdc, 0x70, 0x51, 0x18, 0x4,
    0x9a, 0x20, 0x8d, 0xe8, 0x13, 0xb, 0x72, 0xe8,
    0x0, 0x7d, 0xc4, 0x90, 0xe, 0xbc, 0x0, 0xf5,
    0xd6, 0x90,

    /* U+011A "Ě" */
    0x2, 0x70, 0x3, 0x88, 0x0, 0xb6, 0xf3, 0xc4,
    0x2, 0xac, 0xa8, 0x0, 0xe7, 0x60, 0xa, 0x3f,
    0xfc, 0xc0, 0x37, 0x7c, 0xe0, 0x4, 0x4e, 0x10,
    0xf, 0xe1, 0xff, 0xd8, 0x0, 0x1c, 0xcd, 0xc0,
    0x11, 0x9e, 0x20, 0xf, 0xf9, 0x13, 0x88, 0x6,
    0xef, 0xc0,

    /* U+011B "ě" */
    0x0, 0x5c, 0x96, 0xa8, 0x5, 0x65, 0x90, 0xa0,
    0x1a, 0xf9, 0x40, 0x34, 0x77, 0xe2, 0x0, 0x29,
    0x6f, 0x12, 0xd0, 0x97, 0xd4, 0xe1, 0xe1, 0xc3,
    0x3b, 0xa7, 0x30, 0x6, 0x7f, 0xdd, 0xc7, 0x5,
    0x11, 0x80, 0x49, 0xa2, 0x8, 0xde, 0x81, 0x30,
    0xb7, 0xc, 0x80,

    /* U+011C "Ĝ" */
    0x0, 0xc2, 0xe8, 0x1, 0xf6, 0xf5, 0x28, 0x7,
    0x24, 0xcb, 0xc8, 0x3, 0x91, 0x40, 0x5c, 0x3,
    0x9f, 0x3f, 0xd8, 0xa0, 0x16, 0x42, 0xcc, 0x9a,
    0x98, 0x28, 0xb6, 0x59, 0x95, 0xac, 0x2b, 0x4,
    0x1, 0x88, 0x14, 0x10, 0x3, 0xff, 0x87, 0x72,
    0xa0, 0x80, 0x1f, 0xa, 0xc1, 0x80, 0x7d, 0x45,
    0x92, 0xcc, 0xa4, 0x10, 0x6, 0x42, 0x4c, 0x9a,
    0x60,

    /* U+011D "ĝ" */
    0x0, 0xa3, 0xec, 0x3, 0x98, 0xf8, 0xa4, 0x3,
    0x35, 0x8c, 0xc8, 0x3, 0x3f, 0x7e, 0x27, 0x30,
    0x54, 0x4d, 0xdc, 0x20, 0x4b, 0x4e, 0x8f, 0x40,
    0x7, 0x5, 0x0, 0x94, 0x3, 0xfe, 0x70, 0x60,
    0x9, 0x80, 0x4, 0xd2, 0xe8, 0xf2, 0x6, 0x13,
    0x13, 0x77, 0x0, 0x67, 0xef, 0xc7, 0x7, 0xc,
    0xb6, 0x46, 0xd4, 0x20, 0xf1, 0x8b, 0xb3, 0x58,
    0x0,

    /* U+011E "Ğ" */
    0x0, 0x8c, 0xc0, 0x7, 0x0, 0xe7, 0x80, 0x4b,
    0x0, 0xe4, 0xcd, 0xfe, 0x0, 0xf3, 0xed, 0x90,
    0x7, 0x3e, 0x7f, 0xb1, 0x40, 0x2c, 0x85, 0x99,
    0x35, 0x30, 0x51, 0x6c, 0xb3, 0x2b, 0x58, 0x56,
    0x8, 0x3, 0x10, 0x28, 0x20, 0x7, 0xff, 0xe,
    0xe5, 0x41, 0x0, 0x3e, 0x15, 0x83, 0x0, 0xfa,
    0x8b, 0x25, 0x99, 0x48, 0x20, 0xc, 0x84, 0x99,
    0x34, 0xc0,

    /* U+011F "ğ" */
    0x0, 0x43, 0x82, 0x58, 0x6, 0x8d, 0xd7, 0xc8,
    0x7, 0x56, 0xd9, 0x0, 0x67, 0xef, 0xc4, 0xe6,
    0xa, 0x89, 0xbb, 0x84, 0x9, 0x69, 0xd1, 0xe8,
    0x0, 0xe0, 0xa0, 0x12, 0x80, 0x7f, 0xce, 0xc,
    0x1, 0x30, 0x0, 0x9a, 0x5d, 0x1e, 0x40, 0xc2,
    0x62, 0x6e, 0xe0, 0xc, 0xfd, 0xf8, 0xe0, 0xe1,
    0x96, 0xc8, 0xda, 0x84, 0x1e, 0x31, 0x76, 0x6b,
    0x0,

    /* U+0120 "Ġ" */
    0x0, 0xe9, 0x30, 0xf, 0xc8, 0xc0, 0x1f, 0xb5,
    0x40, 0x3f, 0xf8, 0x8f, 0x9f, 0xec, 0x50, 0xb,
    0x21, 0x66, 0x4d, 0x4c, 0x14, 0x5b, 0x2c, 0xca,
    0xd6, 0x15, 0x82, 0x0, 0xc4, 0xa, 0x8, 0x1,
    0xff, 0xc3, 0xb9, 0x50, 0x40, 0xf, 0x85, 0x60,
    0xc0, 0x3e, 0xa2, 0xc9, 0x66, 0x52, 0x8, 0x3,
    0x21, 0x26, 0x4d, 0x30,

    /* U+0121 "ġ" */
    0x0, 0x87, 0x90, 0x3, 0xc2, 0x8c, 0x1, 0xf5,
    0x10, 0x7, 0x3f, 0x7e, 0x27, 0x30, 0x54, 0x4d,
    0xdc, 0x20, 0x4b, 0x4e, 0x8f, 0x40, 0x7, 0x5,
    0x0, 0x94, 0x3, 0xfe, 0x70, 0x60, 0x9, 0x80,
    0x4, 0xd2, 0xe8, 0xf2, 0x6, 0x13, 0x13, 0x77,
    0x0, 0x67, 0xef, 0xc7, 0x7, 0xc, 0xb6, 0x46,
    0xd4, 0x20, 0xf1, 0x8b, 0xb3, 0x58, 0x0,

    /* U+0122 "Ģ" */
    0x0, 0x9f, 0x3f, 0xd8, 0xa0, 0x16, 0x42, 0xcc,
    0x9a, 0x98, 0x28, 0xb6, 0x59, 0x95, 0xac, 0x2b,
    0x4, 0x1, 0x88, 0x14, 0x10, 0x3, 0xff, 0x87,
    0x72, 0xa0, 0x80, 0x1f, 0xa, 0xc1, 0x80, 0x7d,
    0x45, 0x92, 0xcc, 0xa4, 0x10, 0x6, 0x42, 0x4c,
    0x9a, 0x60, 0x2, 0x7d, 0xff, 0x63, 0x0, 0x79,
    0x84, 0x3, 0xf5, 0xa8, 0x7, 0xe6, 0x40, 0x8,

    /* U+0123 "ģ" */
    0x0, 0xd0, 0x40, 0x1f, 0x31, 0x0, 0x78, 0x41,
    0x0, 0x3c, 0x3c, 0x80, 0x1c, 0xfd, 0xf8, 0x9c,
    0xc1, 0x51, 0x37, 0x70, 0x81, 0x2d, 0x3a, 0x3d,
    0x0, 0x1c, 0x14, 0x2, 0x50, 0xf, 0xf9, 0xc1,
    0x80, 0x26, 0x0, 0x13, 0x4b, 0xa3, 0xc8, 0x18,
    0x4c, 0x4d, 0xdc, 0x1, 0x9f, 0xbf, 0x1c, 0x1c,
    0x32, 0xd9, 0x1b, 0x50, 0x83, 0xc6, 0x2e, 0xcd,
    0x60,

    /* U+0124 "Ĥ" */
    0x0, 0x85, 0xd0, 0x3, 0x87, 0x3a, 0x90, 0x3,
    0x2c, 0x4e, 0x18, 0x6, 0x45, 0x2, 0x70, 0x4,
    0x70, 0x7, 0x47, 0x0, 0x7f, 0xf4, 0x7, 0xff,
    0x9c, 0x0, 0x39, 0x9c, 0xc0, 0x11, 0x9f, 0x8,
    0x7, 0xff, 0x40,

    /* U+0125 "ĥ" */
    0x3, 0xee, 0x10, 0x7, 0x17, 0x55, 0xf8, 0x80,
    0x62, 0xd4, 0x5d, 0x10, 0xf, 0x5d, 0x0, 0x7f,
    0xf4, 0xa3, 0xbe, 0xc8, 0x3, 0x2a, 0x5c, 0xb7,
    0x80, 0x61, 0xc5, 0x6e, 0x22, 0x0, 0x48, 0x1,
    0x18, 0x30, 0x7, 0xf0, 0x80, 0x7f, 0xf4, 0x80,

    /* U+0126 "Ħ" */
    0x6, 0xf0, 0xe, 0x6f, 0x0, 0x74, 0x87, 0xff,
    0x48, 0x7b, 0x63, 0x6, 0x67, 0x30, 0x63, 0x97,
    0x81, 0x9f, 0x78, 0x18, 0x80, 0x5f, 0xfd, 0x20,
    0x1e, 0xcc, 0xe7, 0x0, 0xf1, 0x9f, 0x70, 0x7,
    0xff, 0x6c,

    /* U+0127 "ħ" */
    0xb, 0xa0, 0xf, 0x72, 0x2f, 0x71, 0xc0, 0x2f,
    0x24, 0xff, 0x38, 0x4, 0x2c, 0x33, 0xfe, 0xb2,
    0x0, 0x95, 0x2e, 0x5b, 0xc0, 0x21, 0xc5, 0x6e,
    0x22, 0x0, 0x10, 0x2, 0x30, 0x60, 0xf, 0xc2,
    0x1, 0xff, 0xcf,

    /* U+0128 "Ĩ" */
    0x9, 0xc3, 0x56, 0x13, 0xd9, 0xe7, 0x1a, 0x1a,
    0xb1, 0x0, 0x47, 0x0, 0x7f, 0xfb, 0x0,

    /* U+0129 "ĩ" */
    0xa, 0xc1, 0xc0, 0x1e, 0xdb, 0xb, 0x2c, 0x70,
    0x5, 0xd0, 0x7, 0xff, 0x60,

    /* U+012A "Ī" */
    0x9e, 0xe8, 0x27, 0xba, 0x0, 0xfa, 0x38, 0x3,
    0xff, 0xc6,

    /* U+012B "ī" */
    0xde, 0xe5, 0xef, 0x72, 0xc2, 0xe8, 0x3, 0xff,
    0xa2,

    /* U+012C "Ĭ" */
    0x6, 0x0, 0x21, 0x85, 0x98, 0x40, 0x3, 0xbf,
    0x68, 0xc0, 0xf3, 0x58, 0x2, 0x8e, 0x0, 0xff,
    0xf6, 0x0,

    /* U+012D "ĭ" */
    0xd1, 0x2c, 0x9d, 0xef, 0x4c, 0xc1, 0x85, 0xd0,
    0x7, 0xff, 0x44,

    /* U+012E "Į" */
    0x8e, 0x0, 0xff, 0xe7, 0x8, 0x2, 0x1, 0x58,
    0x17, 0xcc,

    /* U+012F "į" */
    0xb, 0xa0, 0x0, 0x90, 0x2, 0xa0, 0x1, 0x74,
    0x1, 0xff, 0xce, 0x76, 0x0, 0x3f, 0x80, 0xb1,
    0x80, 0x8b, 0x40,

    /* U+0130 "İ" */
    0x7c, 0x34, 0x44, 0x43, 0x80, 0x3f, 0xf8, 0xc0,

    /* U+0131 "ı" */
    0xba, 0x0, 0xff, 0xe1, 0x0,

    /* U+0132 "Ĳ" */
    0x9c, 0x0, 0xd7, 0x60, 0xf, 0xfe, 0xa0, 0xb0,
    0x7, 0xc, 0x50, 0x6, 0x63, 0x0, 0xe3, 0x2c,
    0x8c, 0x76, 0x8d, 0x35, 0x95, 0x99, 0x33, 0xe8,
    0x0,

    /* U+0133 "ĳ" */
    0xba, 0x0, 0x65, 0x9, 0x0, 0x18, 0xaa, 0x0,
    0x15, 0x17, 0x40, 0xc, 0x90, 0xf, 0xfe, 0xf5,
    0xd0, 0x7, 0x95, 0x47, 0x80, 0x57, 0x4c, 0xa0,

    /* U+0134 "Ĵ" */
    0x0, 0x91, 0xc4, 0x2, 0x4a, 0xec, 0x10, 0x1,
    0xe4, 0xc2, 0x80, 0x1c, 0x81, 0x50, 0xb, 0xff,
    0x60, 0x15, 0xdc, 0x80, 0x12, 0x24, 0x40, 0x1f,
    0xfd, 0x22, 0x0, 0x89, 0x83, 0x2d, 0x61, 0x30,
    0x35, 0xe9, 0x9d, 0x80,

    /* U+0135 "ĵ" */
    0x0, 0xf, 0x70, 0x40, 0x2b, 0x8b, 0xa0, 0xa,
    0x99, 0x6c, 0x3, 0x55, 0x80, 0x7f, 0xfa, 0xc4,
    0x2, 0x64, 0x46, 0x80, 0x6, 0xec, 0x8e, 0x0,

    /* U+0136 "Ķ" */
    0x8e, 0x0, 0xc9, 0xea, 0x1, 0xe4, 0xb9, 0x50,
    0xe, 0x3b, 0x86, 0x0, 0xe3, 0xc7, 0x70, 0x7,
    0x16, 0x9c, 0x0, 0x7b, 0x8, 0xd8, 0x3, 0x85,
    0x72, 0x24, 0xc0, 0x30, 0xd8, 0x3a, 0xe8, 0x80,
    0x7d, 0x45, 0xa0, 0x1f, 0xb4, 0xa8, 0x23, 0x80,
    0x30, 0xf5, 0x0, 0x62, 0x50, 0xf, 0xcd, 0x60,
    0x1f, 0x9d, 0x80, 0x38,

    /* U+0137 "ķ" */
    0xba, 0x0, 0xff, 0xe7, 0xe6, 0x0, 0x30, 0xe0,
    0x60, 0x4, 0x3a, 0x3a, 0x1, 0xe, 0x9d, 0x88,
    0x4, 0x82, 0x90, 0x20, 0x11, 0x65, 0x1e, 0x80,
    0x4e, 0x22, 0xe3, 0x70, 0xe, 0x38, 0x81, 0xdd,
    0x0, 0x4f, 0xe6, 0x0, 0x16, 0x0, 0xf1, 0xc8,
    0x7, 0x8d, 0x40, 0x30,

    /* U+0138 "ĸ" */
    0xba, 0x0, 0xb3, 0x0, 0x18, 0x70, 0x30, 0x2,
    0x1d, 0x1d, 0x0, 0x87, 0x4e, 0xc4, 0x2, 0x41,
    0x48, 0x10, 0x8, 0xb2, 0x8f, 0x40, 0x27, 0x11,
    0x71, 0xb8, 0x7, 0x1c, 0x40, 0xc0,

    /* U+0139 "Ĺ" */
    0x1, 0x73, 0x0, 0xc3, 0x9e, 0x60, 0x19, 0x22,
    0x0, 0x1c, 0xaa, 0x0, 0xf4, 0x70, 0x7, 0xff,
    0xd1, 0x13, 0x80, 0x3, 0x77, 0xc4,

    /* U+013A "ĺ" */
    0x1, 0xba, 0x10, 0x7f, 0xa1, 0x6, 0x40, 0xa,
    0xe8, 0x3, 0xff, 0xd0,

    /* U+013B "Ļ" */
    0x8e, 0x0, 0xff, 0xfa, 0x22, 0x70, 0x0, 0x6e,
    0xf8, 0xa3, 0xff, 0xc4, 0x1, 0x21, 0x80, 0x7b,
    0x28, 0x3, 0xdf, 0xa0, 0x10,

    /* U+013C "ļ" */
    0xba, 0x0, 0xff, 0xe4, 0x5d, 0x21, 0xed, 0xe,
    0x80,

    /* U+013D "Ľ" */
    0x0, 0xee, 0x30, 0x8e, 0x0, 0xc2, 0x1, 0xe2,
    0x30, 0xf, 0x60, 0x80, 0x7f, 0xf7, 0xd1, 0x38,
    0x0, 0x37, 0x7c, 0x40,

    /* U+013E "ľ" */
    0x0, 0x16, 0xdd, 0x1, 0x80, 0x46, 0x0, 0x2d,
    0x0, 0xff, 0xea, 0x0,

    /* U+013F "Ŀ" */
    0x8e, 0x0, 0xff, 0xe7, 0x26, 0x0, 0x78, 0x48,
    0x3, 0xcb, 0xc0, 0x1f, 0xfc, 0x84, 0x4e, 0x0,
    0xd, 0xdf, 0x10,

    /* U+0140 "ŀ" */
    0xba, 0x0, 0xff, 0xe6, 0xa7, 0x0, 0x4c, 0xe0,
    0x11, 0x48, 0x7, 0xff, 0x10,

    /* U+0141 "Ł" */
    0x6, 0xf0, 0xf, 0xfe, 0x30, 0xc0, 0x7, 0xde,
    0x1, 0xeb, 0xb, 0x80, 0xd, 0x4, 0xa, 0x1,
    0xd5, 0x0, 0x1f, 0x10, 0x80, 0x7f, 0x91, 0x38,
    0x40, 0x2b, 0xbe, 0x50,

    /* U+0142 "ł" */
    0x0, 0x4d, 0x80, 0x7f, 0xf2, 0xd3, 0x80, 0x26,
    0xd, 0x0, 0x58, 0x11, 0x80, 0x39, 0x58, 0x2,
    0x53, 0x0, 0xff, 0xe1, 0x80,

    /* U+0143 "Ń" */
    0x0, 0xe5, 0x70, 0xf, 0x35, 0xa8, 0x7, 0x8,
    0xbc, 0x80, 0x38, 0x5c, 0x40, 0x28, 0xe1, 0x0,
    0xd1, 0xc0, 0x3a, 0x1, 0xf8, 0xe4, 0x3, 0xc3,
    0x2c, 0xc0, 0xf, 0x33, 0x24, 0xc0, 0x3d, 0x27,
    0xa2, 0x1, 0xed, 0xa, 0x0, 0xf0, 0xea, 0x30,
    0x7, 0x8e, 0x44, 0x3, 0xe6, 0x50,

    /* U+0144 "ń" */
    0x0, 0xd9, 0x60, 0x1d, 0x49, 0x60, 0x1d, 0x50,
    0x1, 0x5c, 0xcb, 0xbe, 0xc8, 0x0, 0xc5, 0x54,
    0x6f, 0x0, 0xd, 0xa2, 0xf1, 0x10, 0x10, 0x2,
    0x30, 0x60, 0xf, 0x84, 0x3, 0xff, 0x98,

    /* U+0145 "Ņ" */
    0x8e, 0x10, 0xd, 0x1c, 0x3, 0xa0, 0x1f, 0x8e,
    0x40, 0x3c, 0x32, 0xcc, 0x0, 0xf3, 0x32, 0x4c,
    0x3, 0xd2, 0x7a, 0x20, 0x1e, 0xd0, 0xa0, 0xf,
    0xe, 0xa3, 0x0, 0x78, 0xe4, 0x40, 0x3e, 0x65,
    0x8, 0xe0, 0xe, 0xae, 0x0, 0xcc, 0x20, 0x1f,
    0x5a, 0x80, 0x7c, 0xc8, 0x1, 0x0,

    /* U+0146 "ņ" */
    0xb9, 0x97, 0x7d, 0x90, 0x1, 0x8a, 0xa8, 0xde,
    0x0, 0x1b, 0x45, 0xe2, 0x20, 0x20, 0x4, 0x60,
    0xc0, 0x1f, 0x8, 0x7, 0xff, 0x32, 0xe8, 0x3,
    0x7a, 0x80, 0x4a, 0x40, 0x1e, 0xe4, 0x0, 0xf0,
    0xb8, 0x4,

    /* U+0147 "Ň" */
    0x0, 0x22, 0x81, 0x38, 0x6, 0x58, 0x9c, 0x30,
    0xc, 0x39, 0xd4, 0x80, 0x1c, 0x2e, 0x80, 0x14,
    0x70, 0x80, 0x68, 0xe0, 0x1d, 0x0, 0xfc, 0x72,
    0x1, 0xe1, 0x96, 0x60, 0x7, 0x99, 0x92, 0x60,
    0x1e, 0x93, 0xd1, 0x0, 0xf6, 0x85, 0x0, 0x78,
    0x75, 0x18, 0x3, 0xc7, 0x22, 0x1, 0xf3, 0x28,
    0x0,

    /* U+0148 "ň" */
    0x4, 0xd3, 0x7c, 0x0, 0x92, 0x7b, 0x30, 0x1,
    0x93, 0x6c, 0x2, 0xb9, 0x97, 0x7d, 0x90, 0x1,
    0x8a, 0xa8, 0xde, 0x0, 0x1b, 0x45, 0xe2, 0x20,
    0x20, 0x4, 0x60, 0xc0, 0x1f, 0x8, 0x7, 0xff,
    0x30,

    /* U+0149 "ŉ" */
    0x3a, 0x0, 0xfe, 0x30, 0xf, 0xce, 0x2f, 0xa7,
    0x9f, 0x88, 0xf, 0xe0, 0x78, 0x60, 0x76, 0x46,
    0xe0, 0x2d, 0xfe, 0xa0, 0x50, 0xd, 0x20, 0x5,
    0x2e, 0x0, 0x84, 0x3, 0x8, 0x7, 0xff, 0x4c,

    /* U+014A "Ŋ" */
    0x8e, 0x10, 0xd, 0x1c, 0x3, 0xa0, 0x1f, 0x8e,
    0x40, 0x3c, 0x32, 0xcc, 0x0, 0xf3, 0x32, 0x4c,
    0x3, 0xd2, 0x7a, 0x20, 0x1e, 0xd0, 0xa0, 0xf,
    0xe, 0xa3, 0x0, 0x78, 0xe0, 0x40, 0x3e, 0x74,
    0x8, 0xe0, 0xe, 0x12, 0x0, 0x9b, 0x19, 0xd6,
    0xc0, 0x27, 0x69, 0x93, 0xb8,

    /* U+014B "ŋ" */
    0xb9, 0x97, 0x7d, 0x90, 0x1, 0x8a, 0xa8, 0xde,
    0x0, 0x1b, 0x45, 0xe2, 0x20, 0x20, 0x4, 0x60,
    0xc0, 0x1f, 0x8, 0x7, 0xff, 0x32, 0xe8, 0x3,
    0x84, 0x2, 0x24, 0x80, 0x50, 0x9, 0x29, 0xa4,
    0x40,

    /* U+014C "Ō" */
    0x0, 0x97, 0xbb, 0x10, 0x7, 0x97, 0xbb, 0x10,
    0x7, 0xff, 0x19, 0xf3, 0xfa, 0xd4, 0x3, 0xb2,
    0x16, 0x60, 0x2a, 0x40, 0x2a, 0x2d, 0x96, 0x65,
    0xd3, 0x30, 0x5, 0x60, 0x80, 0x32, 0xaa, 0xc1,
    0x41, 0x0, 0x3d, 0x84, 0x1, 0xff, 0xc1, 0x50,
    0x40, 0xf, 0x61, 0x0, 0xac, 0x10, 0x6, 0x55,
    0x58, 0x2, 0x8b, 0x65, 0x99, 0x74, 0xac, 0x1,
    0x64, 0x24, 0xc0, 0x55, 0x0, 0x0,

    /* U+014D "ō" */
    0x0, 0x67, 0x75, 0x40, 0x1b, 0x3b, 0xaa, 0x0,
    0xcf, 0xbf, 0xac, 0x1, 0x4c, 0x55, 0xac, 0xb8,
    0x13, 0x53, 0xa4, 0x44, 0xe, 0xa, 0x1, 0x30,
    0x18, 0x7, 0x8c, 0x0, 0xe0, 0xa0, 0x12, 0x81,
    0x93, 0x53, 0xa4, 0x44, 0x0, 0x98, 0xab, 0x59,
    0x70,

    /* U+014E "Ŏ" */
    0x0, 0x89, 0x0, 0xc, 0x1, 0xfa, 0x40, 0xac,
    0x3, 0xe2, 0xbd, 0xee, 0x0, 0x7e, 0x6d, 0xc3,
    0x0, 0xf9, 0xf3, 0xfa, 0xd4, 0x3, 0xb2, 0x16,
    0x60, 0x2a, 0x40, 0x2a, 0x2d, 0x96, 0x65, 0xd3,
    0x30, 0x5, 0x60, 0x80, 0x32, 0xaa, 0xc1, 0x41,
    0x0, 0x3d, 0x84, 0x1, 0xff, 0xc1, 0x50, 0x40,
    0xf, 0x61, 0x0, 0xac, 0x10, 0x6, 0x55, 0x58,
    0x2, 0x8b, 0x65, 0x99, 0x74, 0xac, 0x1, 0x64,
    0x24, 0xc0, 0x55, 0x0, 0x0,

    /* U+014F "ŏ" */
    0x0, 0x5a, 0x3, 0xc8, 0x6, 0x9f, 0xcd, 0x80,
    0xc, 0x57, 0x94, 0x20, 0x19, 0xf7, 0xf5, 0x80,
    0x29, 0x8a, 0xb5, 0x97, 0x2, 0x6a, 0x74, 0x88,
    0x81, 0xc1, 0x40, 0x26, 0x3, 0x0, 0xf1, 0x80,
    0x1c, 0x14, 0x2, 0x50, 0x32, 0x6a, 0x74, 0x88,
    0x80, 0x13, 0x15, 0x6b, 0x2e, 0x0,

    /* U+0150 "Ő" */
    0x0, 0xc3, 0xcd, 0x18, 0x1, 0xf4, 0xba, 0x2e,
    0x80, 0x7d, 0x12, 0x5a, 0x20, 0x1e, 0x7c, 0xfe,
    0xb5, 0x0, 0xec, 0x85, 0x98, 0xa, 0x90, 0xa,
    0x8b, 0x65, 0x99, 0x74, 0xcc, 0x1, 0x58, 0x20,
    0xc, 0xaa, 0xb0, 0x50, 0x40, 0xf, 0x61, 0x0,
    0x7f, 0xf0, 0x54, 0x10, 0x3, 0xd8, 0x40, 0x2b,
    0x4, 0x1, 0x95, 0x56, 0x0, 0xa2, 0xd9, 0x66,
    0x5d, 0x2b, 0x0, 0x59, 0x9, 0x30, 0x15, 0x40,
    0x0,

    /* U+0151 "ő" */
    0x0, 0x9b, 0x4b, 0x94, 0x2, 0x1b, 0xfb, 0x75,
    0x0, 0x87, 0x4a, 0x64, 0x1, 0x9f, 0x7f, 0x58,
    0x2, 0x98, 0xab, 0x59, 0x70, 0x26, 0xa7, 0x48,
    0x88, 0x1c, 0x14, 0x2, 0x60, 0x30, 0xf, 0x18,
    0x1, 0xc1, 0x40, 0x25, 0x3, 0x26, 0xa7, 0x48,
    0x88, 0x1, 0x31, 0x56, 0xb2, 0xe0,

    /* U+0152 "Œ" */
    0x0, 0x9f, 0x3f, 0xff, 0xb0, 0x7, 0x61, 0x6a,
    0xe4, 0x22, 0xef, 0x78, 0x59, 0xec, 0xaa, 0x20,
    0x11, 0x38, 0xc5, 0x60, 0x80, 0x39, 0xc0, 0x39,
    0x41, 0x0, 0x3d, 0x7f, 0xf8, 0x80, 0x3f, 0xa7,
    0x33, 0x12, 0x82, 0x0, 0x79, 0x4c, 0xf0, 0xa,
    0x41, 0x0, 0x7f, 0xf0, 0x28, 0xf6, 0x55, 0x10,
    0x8, 0x9e, 0x1, 0xd8, 0x4a, 0xb9, 0x8, 0xbb,
    0xe0,

    /* U+0153 "œ" */
    0x0, 0x3e, 0xfe, 0xb0, 0x26, 0x7f, 0x40, 0x5,
    0x31, 0x79, 0x53, 0x56, 0x99, 0x6b, 0x40, 0x4d,
    0x4c, 0x6f, 0xa, 0xf0, 0x6b, 0xea, 0x4e, 0xa,
    0x1, 0x30, 0x3f, 0x75, 0x80, 0xc0, 0x1e, 0x30,
    0x8f, 0xfd, 0xc8, 0xe0, 0xa0, 0x12, 0x85, 0x88,
    0xe0, 0x1, 0x35, 0x3a, 0x44, 0x47, 0x8a, 0xac,
    0xb0, 0x4, 0xc5, 0x5a, 0xd3, 0xeb, 0xd5, 0x1a,
    0x0,

    /* U+0154 "Ŕ" */
    0x0, 0xc2, 0xe6, 0x1, 0xc3, 0x9c, 0x60, 0x1c,
    0xb1, 0x20, 0x1e, 0x45, 0x0, 0xd1, 0xff, 0xb5,
    0xc0, 0x21, 0xbb, 0x52, 0xc5, 0x80, 0x48, 0x85,
    0x8a, 0x43, 0x0, 0xf2, 0x3, 0x0, 0x78, 0x81,
    0x80, 0x30, 0xa7, 0x11, 0x80, 0xff, 0xba, 0xc7,
    0xc0, 0x3, 0x99, 0x13, 0x10, 0x4, 0x67, 0x7a,
    0xb0, 0x7, 0x8a, 0xa4, 0xc0,

    /* U+0155 "ŕ" */
    0x0, 0x2f, 0x20, 0x24, 0x62, 0x2, 0x69, 0x5,
    0xcc, 0x72, 0x3, 0x2c, 0xa8, 0xe, 0x38, 0x82,
    0x88, 0x4, 0x20, 0x1f, 0xfc, 0x60,

    /* U+0156 "Ŗ" */
    0x8f, 0xfd, 0xae, 0x1, 0xd, 0xda, 0x96, 0x2c,
    0x2, 0x44, 0x2c, 0x52, 0x18, 0x7, 0x90, 0x18,
    0x3, 0xc4, 0xc, 0x1, 0x85, 0x38, 0x8c, 0x7,
    0xfd, 0xd6, 0x3e, 0x0, 0x1c, 0xc8, 0x98, 0x80,
    0x23, 0x3b, 0xd5, 0x80, 0x3c, 0x55, 0x27, 0x1c,
    0x1, 0x97, 0xcc, 0x2, 0x25, 0x0, 0xf9, 0xe0,
    0x3, 0xe1, 0x50, 0xc,

    /* U+0157 "ŗ" */
    0xb9, 0x8e, 0x40, 0x65, 0x95, 0x1, 0xc7, 0x10,
    0x51, 0x0, 0x84, 0x3, 0xff, 0x8d, 0x74, 0x1,
    0x21, 0x80, 0x5b, 0x40, 0x10, 0xe8, 0x4,

    /* U+0158 "Ř" */
    0x0, 0x38, 0x83, 0x18, 0x6, 0x1c, 0xad, 0x30,
    0xc, 0xd1, 0xb6, 0x1, 0xe5, 0x70, 0xd, 0x1f,
    0xfb, 0x5c, 0x2, 0x1b, 0xb5, 0x2c, 0x58, 0x4,
    0x88, 0x58, 0xa4, 0x30, 0xf, 0x20, 0x30, 0x7,
    0x88, 0x18, 0x3, 0xa, 0x71, 0x18, 0xf, 0xfb,
    0xac, 0x7c, 0x0, 0x39, 0x91, 0x31, 0x0, 0x46,
    0x77, 0xab, 0x0, 0x78, 0xaa, 0x4c,

    /* U+0159 "ř" */
    0xb, 0x82, 0xd5, 0xb, 0x3c, 0x85, 0x0, 0x5f,
    0x28, 0x2, 0xe6, 0x39, 0x0, 0xc, 0xb2, 0xa0,
    0x1, 0xc7, 0x10, 0x2, 0x88, 0x6, 0x10, 0xf,
    0xfe, 0x48,

    /* U+015A "Ś" */
    0x0, 0xe6, 0x60, 0x7, 0xa6, 0x9c, 0x3, 0x8b,
    0xb0, 0x40, 0x38, 0x9c, 0x3, 0x86, 0x7b, 0xf6,
    0x88, 0x1, 0xaf, 0x17, 0x61, 0x50, 0x23, 0xa6,
    0x46, 0xb7, 0x3, 0xc, 0x0, 0xf0, 0xcb, 0xec,
    0xa8, 0x6, 0x6e, 0xb3, 0xbe, 0x50, 0x8, 0x5a,
    0xb9, 0xe8, 0x0, 0x40, 0x1b, 0x0, 0x4f, 0x69,
    0x51, 0xed, 0x4, 0xec, 0x6e, 0xd2, 0xf4, 0x0,

    /* U+015B "ś" */
    0x0, 0x8f, 0x9c, 0x2, 0x2e, 0xa7, 0x0, 0x8b,
    0x50, 0x2, 0x5d, 0xfe, 0xa1, 0x3a, 0xa6, 0x58,
    0xa, 0x83, 0x9a, 0xd0, 0x38, 0xf4, 0xb0, 0x80,
    0xfc, 0x1c, 0x71, 0x80, 0xb5, 0x71, 0x53, 0x63,
    0x23, 0x17, 0xa3, 0x45, 0xda, 0x18,

    /* U+015C "Ŝ" */
    0x0, 0x8e, 0xc, 0x3, 0x8b, 0x43, 0x48, 0x3,
    0x26, 0xc6, 0xa0, 0x6, 0x63, 0x3, 0x60, 0x8,
    0x67, 0xbf, 0x68, 0x80, 0x1a, 0xf1, 0x76, 0x15,
    0x2, 0x3a, 0x64, 0x6b, 0x70, 0x30, 0xc0, 0xf,
    0xc, 0xbe, 0xca, 0x80, 0x66, 0xeb, 0x3b, 0xe5,
    0x0, 0x85, 0xab, 0x9e, 0x80, 0x4, 0x1, 0xb0,
    0x4, 0xf6, 0x95, 0x1e, 0xd0, 0x4e, 0xc6, 0xed,
    0x2f, 0x40,

    /* U+015D "ŝ" */
    0x0, 0x57, 0xc8, 0x5, 0x1, 0xc6, 0xe0, 0x8,
    0xa1, 0xa7, 0x0, 0x2e, 0xff, 0x50, 0x9d, 0x53,
    0x2c, 0x5, 0x41, 0xcd, 0x68, 0x1c, 0x7a, 0x58,
    0x40, 0x7e, 0xe, 0x38, 0xc0, 0x5a, 0xb8, 0xa9,
    0xb1, 0x91, 0x8b, 0xd1, 0xa2, 0xed, 0xc,

    /* U+015E "Ş" */
    0x1, 0x9e, 0xfd, 0xa2, 0x0, 0x6b, 0xc5, 0xd8,
    0x54, 0x8, 0xe9, 0x91, 0xad, 0xc0, 0xc3, 0x0,
    0x3c, 0x32, 0xfb, 0x2a, 0x1, 0x9b, 0xac, 0xef,
    0x94, 0x2, 0x16, 0xae, 0x7a, 0x0, 0x10, 0x6,
    0xc0, 0x13, 0xda, 0x54, 0x7b, 0x41, 0x3b, 0x1b,
    0xb4, 0xbd, 0x0, 0x12, 0xfc, 0xbe, 0x44, 0x3,
    0xd, 0xe8, 0x7, 0xb2, 0xec, 0x1, 0x0,

    /* U+015F "ş" */
    0x5, 0xdf, 0xea, 0x13, 0xaa, 0x65, 0x80, 0xa8,
    0x39, 0xad, 0x3, 0x8f, 0x4b, 0x8, 0xf, 0xc1,
    0xc7, 0x18, 0xb, 0x57, 0x15, 0x36, 0x32, 0x31,
    0x7a, 0x34, 0x5d, 0xa1, 0x8a, 0xbc, 0xb1, 0xc0,
    0x21, 0x8d, 0x0, 0xdb, 0x16, 0x0,

    /* U+0160 "Š" */
    0x0, 0x31, 0x81, 0xb0, 0x6, 0x4d, 0x8d, 0x40,
    0xc, 0x5a, 0x1a, 0x40, 0x1c, 0x70, 0x60, 0x18,
    0x67, 0xbf, 0x68, 0x80, 0x1a, 0xf1, 0x76, 0x15,
    0x2, 0x3a, 0x64, 0x6b, 0x70, 0x30, 0xc0, 0xf,
    0xc, 0xbe, 0xca, 0x80, 0x66, 0xeb, 0x3b, 0xe5,
    0x0, 0x85, 0xab, 0x9e, 0x80, 0x4, 0x1, 0xb0,
    0x4, 0xf6, 0x95, 0x1e, 0xd0, 0x4e, 0xc6, 0xed,
    0x2f, 0x40,

    /* U+0161 "š" */
    0x8, 0xb1, 0xb7, 0x0, 0x41, 0x79, 0xb8, 0x5,
    0x3d, 0x0, 0x12, 0xef, 0xf5, 0x9, 0xd5, 0x32,
    0xc0, 0x54, 0x1c, 0xd6, 0x81, 0xc7, 0xa5, 0x84,
    0x7, 0xe0, 0xe3, 0x8c, 0x5, 0xab, 0x8a, 0x9b,
    0x19, 0x18, 0xbd, 0x1a, 0x2e, 0xd0, 0xc0,

    /* U+0162 "Ţ" */
    0xff, 0xfc, 0x57, 0x72, 0x15, 0xdc, 0x48, 0x91,
    0xa, 0x24, 0x1, 0xff, 0xef, 0x10, 0xf, 0xb9,
    0x40, 0x3e, 0x62, 0x60, 0xe, 0x4c, 0x74, 0x0,
    0x80,

    /* U+0163 "ţ" */
    0x8, 0xd0, 0xf, 0xec, 0x72, 0xff, 0x7, 0x31,
    0x66, 0x81, 0x8, 0x19, 0x0, 0x7f, 0xf2, 0x34,
    0x95, 0x42, 0xa, 0xd5, 0x64, 0x0, 0x92, 0xc3,
    0x0, 0xa7, 0xc0, 0x2c, 0x95, 0x0,

    /* U+0164 "Ť" */
    0x1, 0x70, 0x3, 0x18, 0x4, 0x21, 0xb5, 0x86,
    0x1, 0x9e, 0xf6, 0x80, 0x3c, 0xce, 0x1, 0xbf,
    0xff, 0x15, 0xdc, 0x85, 0x77, 0x12, 0x24, 0x42,
    0x89, 0x0, 0x7f, 0xfd, 0x0,

    /* U+0165 "ť" */
    0x0, 0xde, 0x0, 0x12, 0x0, 0xd3, 0xe1, 0x1,
    0x8e, 0x5f, 0x1, 0xcc, 0x59, 0xa0, 0x42, 0x6,
    0x40, 0x1f, 0xfc, 0x8d, 0x25, 0x50, 0x82, 0xb5,
    0x59, 0x0,

    /* U+0166 "Ŧ" */
    0xff, 0xfc, 0x57, 0x72, 0x15, 0xdc, 0x48, 0x91,
    0xa, 0x24, 0x1, 0xff, 0x5f, 0xb1, 0xff, 0x0,
    0x53, 0x86, 0x19, 0x80, 0x8, 0x8d, 0x4c, 0xc4,
    0x1, 0xff, 0xd1,

    /* U+0167 "ŧ" */
    0x7, 0xe0, 0xf, 0xeb, 0x81, 0xff, 0x4, 0xb8,
    0xe6, 0x0, 0xbc, 0xc, 0xc1, 0x10, 0x1f, 0xd0,
    0x88, 0xf, 0xe8, 0x7, 0xe3, 0x16, 0x52, 0x4,
    0x68, 0xb6,

    /* U+0168 "Ũ" */
    0x0, 0x26, 0xb8, 0x58, 0x6, 0xec, 0xc, 0xe0,
    0xd, 0x42, 0xf8, 0xa0, 0x9, 0xc0, 0xe, 0xba,
    0x0, 0xff, 0xf0, 0x89, 0x0, 0x73, 0x1e, 0xa,
    0x0, 0x46, 0x58, 0x87, 0x70, 0xd1, 0x84, 0xa1,
    0x8c, 0xc9, 0x66, 0x60, 0x0,

    /* U+0169 "ũ" */
    0x3, 0xea, 0xd, 0x0, 0xaf, 0x7b, 0x28, 0x2,
    0x83, 0x4c, 0x70, 0x6, 0x40, 0x4, 0x5e, 0x60,
    0x1f, 0xfc, 0xd1, 0x0, 0x84, 0x0, 0xc4, 0x1,
    0x20, 0x3, 0xd2, 0xd, 0xe4, 0x0, 0xb2, 0xb9,
    0x76, 0x0, 0x0,

    /* U+016A "Ū" */
    0x0, 0x57, 0x75, 0x60, 0x1a, 0xbb, 0xab, 0x0,
    0xff, 0xa7, 0x0, 0x3a, 0xe8, 0x3, 0xff, 0xc2,
    0x24, 0x1, 0xcc, 0x78, 0x28, 0x1, 0x19, 0x62,
    0x1d, 0xc3, 0x46, 0x12, 0x86, 0x33, 0x25, 0x99,
    0x80,

    /* U+016B "ū" */
    0x8, 0xee, 0xc0, 0x14, 0x77, 0x60, 0x6, 0x40,
    0x4, 0x5e, 0x60, 0x1f, 0xfc, 0xd1, 0x0, 0x84,
    0x0, 0xc4, 0x1, 0x20, 0x3, 0xd2, 0xd, 0xe4,
    0x0, 0xb2, 0xb9, 0x76, 0x0, 0x0,

    /* U+016C "Ŭ" */
    0x0, 0x28, 0x80, 0xb0, 0x6, 0x29, 0x6, 0xf0,
    0xc, 0xe3, 0xba, 0x80, 0xe, 0x9d, 0xa1, 0x0,
    0x4e, 0x0, 0x75, 0xd0, 0x7, 0xff, 0x84, 0x48,
    0x3, 0x98, 0xf0, 0x50, 0x2, 0x32, 0xc4, 0x3b,
    0x86, 0x8c, 0x25, 0xc, 0x66, 0x4b, 0x33, 0x0,

    /* U+016D "ŭ" */
    0x6, 0x90, 0x2d, 0x0, 0x98, 0x32, 0x78, 0x3,
    0x4e, 0x59, 0x80, 0x32, 0x0, 0x22, 0xf3, 0x0,
    0xff, 0xe6, 0x88, 0x4, 0x20, 0x6, 0x20, 0x9,
    0x0, 0x1e, 0x90, 0x6f, 0x20, 0x5, 0x95, 0xcb,
    0xb0, 0x0,

    /* U+016E "Ů" */
    0x0, 0x92, 0x94, 0x3, 0xdf, 0x5e, 0x1, 0xff,
    0xc3, 0xea, 0xf0, 0xf, 0x2d, 0x28, 0x5, 0x38,
    0x1, 0xd7, 0x40, 0x1f, 0xfe, 0x11, 0x20, 0xe,
    0x63, 0xc1, 0x40, 0x8, 0xcb, 0x10, 0xee, 0x1a,
    0x30, 0x94, 0x31, 0x99, 0x2c, 0xcc, 0x0,

    /* U+016F "ů" */
    0x0, 0x25, 0xc0, 0x7, 0x7d, 0xf9, 0x80, 0x6f,
    0xaf, 0x30, 0xc, 0x95, 0x0, 0x16, 0x40, 0x4,
    0x5e, 0x60, 0x1f, 0xfc, 0xd1, 0x0, 0x84, 0x0,
    0xc4, 0x1, 0x20, 0x3, 0xd2, 0xd, 0xe4, 0x0,
    0xb2, 0xb9, 0x76, 0x0, 0x0,

    /* U+0170 "Ű" */
    0x0, 0x93, 0x8b, 0x5c, 0x3, 0x4d, 0x2b, 0xb8,
    0x3, 0x6a, 0x3d, 0x0, 0x27, 0x0, 0x3a, 0xe8,
    0x3, 0xff, 0xc2, 0x24, 0x1, 0xcc, 0x78, 0x28,
    0x1, 0x19, 0x62, 0x1d, 0xc3, 0x46, 0x12, 0x86,
    0x33, 0x25, 0x99, 0x80,

    /* U+0171 "ű" */
    0x0, 0x17, 0x9d, 0xd0, 0x5, 0x32, 0x67, 0xa0,
    0xa, 0xd9, 0x70, 0x1, 0x90, 0x1, 0x17, 0x98,
    0x7, 0xff, 0x34, 0x40, 0x21, 0x0, 0x31, 0x0,
    0x48, 0x0, 0xf4, 0x83, 0x79, 0x0, 0x2c, 0xae,
    0x5d, 0x80, 0x0,

    /* U+0172 "Ų" */
    0x9c, 0x0, 0xeb, 0xa0, 0xf, 0xff, 0x8, 0x90,
    0x7, 0x39, 0xe8, 0x98, 0x4, 0x47, 0x8a, 0x5a,
    0xe8, 0xf8, 0x6a, 0x18, 0x91, 0x72, 0xd8, 0x0,
    0x1a, 0xa2, 0xf4, 0x0, 0x74, 0xc8, 0x3, 0xea,
    0xdc, 0x0, 0x80,

    /* U+0173 "ų" */
    0xc8, 0x0, 0x8b, 0xcc, 0x3, 0xff, 0x9a, 0x20,
    0x10, 0x80, 0x18, 0x80, 0x24, 0x0, 0x7a, 0x41,
    0xbc, 0x80, 0x16, 0x57, 0x2e, 0xc0, 0x13, 0x6f,
    0xec, 0xd1, 0x80, 0x67, 0x55, 0x0, 0x72, 0x23,
    0x50,

    /* U+0174 "Ŵ" */
    0x0, 0xf9, 0xd8, 0x3, 0xff, 0x83, 0x5b, 0x4e,
    0x1, 0xff, 0x1e, 0x56, 0x0, 0x80, 0x7f, 0x8d,
    0x80, 0xe, 0x20, 0x1c, 0xde, 0x20, 0x1b, 0x6c,
    0x3, 0x17, 0x93, 0x83, 0x80, 0x46, 0x48, 0x20,
    0x15, 0x11, 0x5, 0x34, 0x2, 0xb4, 0x17, 0x0,
    0x96, 0x80, 0x1a, 0x80, 0x13, 0x6b, 0xe8, 0x0,
    0x88, 0xa0, 0x7, 0x5, 0x3, 0x17, 0xd4, 0x10,
    0xa2, 0x20, 0x0, 0x4f, 0xc2, 0x90, 0x50, 0x5c,
    0x15, 0x40, 0x1a, 0x94, 0x1f, 0x40, 0xf, 0xa4,
    0x4b, 0x0, 0xce, 0x12, 0x2e, 0x0, 0xd4, 0xb2,
    0x30, 0xc, 0x26, 0xc8, 0x20, 0x4, 0x16, 0x50,
    0xf, 0x58, 0x68, 0x6, 0x70, 0xb0, 0x8,

    /* U+0175 "ŵ" */
    0x0, 0xc3, 0x9e, 0xc0, 0x1f, 0xd5, 0x7d, 0x48,
    0x1, 0xfa, 0xdc, 0x71, 0x0, 0x36, 0x40, 0x4,
    0xde, 0x20, 0x16, 0xad, 0x28, 0x5, 0x40, 0xe0,
    0x3, 0x25, 0x72, 0x30, 0x23, 0x6a, 0x0, 0x52,
    0x80, 0xa5, 0x82, 0xa5, 0x98, 0x83, 0xf0, 0x3,
    0x98, 0x2b, 0x48, 0xd9, 0x1, 0x0, 0xa, 0x2c,
    0x4c, 0x17, 0x6d, 0x70, 0xc, 0xb2, 0xa0, 0x6,
    0x36, 0xd0, 0xd, 0xe1, 0xc0, 0x1, 0x41, 0x40,
    0x0,

    /* U+0176 "Ŷ" */
    0x0, 0xe4, 0x10, 0xf, 0xd7, 0x5a, 0x1, 0xf4,
    0x7, 0x35, 0x0, 0x7a, 0x2c, 0x2a, 0x80, 0x1b,
    0x2c, 0x3, 0xa7, 0x0, 0x1c, 0x8a, 0x1, 0x13,
    0x78, 0x0, 0x9a, 0xc0, 0x2e, 0x63, 0x0, 0xa4,
    0x20, 0x14, 0xe0, 0x3, 0xad, 0xce, 0xe4, 0x40,
    0x39, 0x4f, 0xd, 0x80, 0x3e, 0xf0, 0x90, 0xf,
    0xc2, 0xe, 0x1, 0xff, 0xce,

    /* U+0177 "ŷ" */
    0x0, 0x9b, 0xb0, 0x40, 0x32, 0x6f, 0xdd, 0x80,
    0x32, 0x58, 0xbd, 0x0, 0x5b, 0x20, 0x1a, 0xa8,
    0x16, 0xc0, 0x10, 0xac, 0x83, 0x3, 0x0, 0x18,
    0x8c, 0x0, 0xd4, 0x0, 0xab, 0x0, 0xac, 0xcc,
    0x84, 0xc0, 0x11, 0x1d, 0x73, 0x0, 0x74, 0xb2,
    0xd8, 0x7, 0x28, 0x99, 0x0, 0x7d, 0x20, 0x1a,
    0x52, 0x8d, 0x40, 0x21, 0x2b, 0x6f, 0x0, 0xc0,

    /* U+0178 "Ÿ" */
    0x0, 0x97, 0x2, 0xd4, 0x3, 0xcf, 0x21, 0xce,
    0x1, 0xe2, 0x50, 0x52, 0x0, 0xd9, 0x60, 0x1d,
    0x38, 0x0, 0xe4, 0x50, 0x8, 0x9b, 0xc0, 0x4,
    0xd6, 0x1, 0x73, 0x18, 0x5, 0x21, 0x0, 0xa7,
    0x0, 0x1d, 0x6e, 0x77, 0x22, 0x1, 0xca, 0x78,
    0x6c, 0x1, 0xf7, 0x84, 0x80, 0x7e, 0x10, 0x70,
    0xf, 0xfe, 0x70,

    /* U+0179 "Ź" */
    0x0, 0xe5, 0x70, 0xf, 0x35, 0xa0, 0x7, 0x87,
    0xcc, 0x3, 0xce, 0x20, 0x12, 0x7f, 0xfd, 0x2b,
    0x77, 0xca, 0x14, 0x28, 0x99, 0xd6, 0x4c, 0x3,
    0xe, 0xab, 0x0, 0x76, 0x95, 0x0, 0x74, 0x96,
    0x80, 0x73, 0x32, 0x84, 0x3, 0x1c, 0xc2, 0x0,
    0x61, 0xd2, 0x34, 0x4c, 0x6e, 0x25, 0x77, 0xde,

    /* U+017A "ź" */
    0x0, 0x87, 0x64, 0x2, 0x1d, 0xb9, 0x0, 0x87,
    0x18, 0x0, 0xbf, 0xfd, 0x49, 0x99, 0x40, 0x70,
    0x99, 0x8a, 0x61, 0x0, 0x2d, 0x57, 0x0, 0xa0,
    0xa8, 0x2, 0x47, 0xa1, 0x0, 0xd, 0x2b, 0x99,
    0x89, 0xc5, 0x73, 0x2e,

    /* U+017B "Ż" */
    0x0, 0xda, 0xa0, 0x1f, 0x3b, 0x0, 0x7d, 0x46,
    0x1, 0x27, 0xff, 0xd2, 0xb7, 0x7c, 0xa1, 0x42,
    0x89, 0x9d, 0x64, 0xc0, 0x30, 0xea, 0xb0, 0x7,
    0x69, 0x50, 0x7, 0x49, 0x68, 0x7, 0x33, 0x28,
    0x40, 0x31, 0xcc, 0x20, 0x6, 0x1d, 0x23, 0x44,
    0xc6, 0xe2, 0x57, 0x7d, 0xe0,

    /* U+017C "ż" */
    0x0, 0xb9, 0x0, 0x39, 0x1c, 0x3, 0xa8, 0xc0,
    0xb, 0xff, 0xd4, 0x99, 0x94, 0x7, 0x9, 0x98,
    0xa6, 0x10, 0x2, 0xd5, 0x70, 0xa, 0xa, 0x80,
    0x24, 0x7a, 0x10, 0x0, 0xd2, 0xb9, 0x98, 0x9c,
    0x57, 0x32, 0xe0,

    /* U+017D "Ž" */
    0x0, 0x22, 0x81, 0x38, 0x6, 0x49, 0x96, 0x18,
    0x7, 0x6f, 0x52, 0x0, 0x70, 0xba, 0x0, 0x49,
    0xff, 0xf4, 0xad, 0xdf, 0x28, 0x50, 0xa2, 0x67,
    0x59, 0x30, 0xc, 0x3a, 0xac, 0x1, 0xda, 0x54,
    0x1, 0xd2, 0x5a, 0x1, 0xcc, 0xca, 0x10, 0xc,
    0x73, 0x8, 0x1, 0x87, 0x48, 0xd1, 0x31, 0xb8,
    0x95, 0xdf, 0x78,

    /* U+017E "ž" */
    0x5, 0xd2, 0x9a, 0x0, 0x2c, 0x61, 0xd0, 0x4,
    0xbd, 0x40, 0x5, 0xff, 0xea, 0x4c, 0xca, 0x3,
    0x84, 0xcc, 0x53, 0x8, 0x1, 0x6a, 0xb8, 0x5,
    0x5, 0x40, 0x12, 0x3d, 0x8, 0x0, 0x69, 0x5c,
    0xcc, 0x4e, 0x2b, 0x99, 0x70,

    /* U+017F "ſ" */
    0x0, 0x3f, 0x71, 0x40, 0xe2, 0x1a, 0xe0, 0xa0,
    0xc6, 0x55, 0x20, 0x1a, 0xdc, 0x3, 0xf, 0x0,
    0x7f, 0xf5, 0x80,

    /* U+0370 "Ͱ" */
    0xaa, 0x0, 0x7f, 0xf1, 0xd7, 0xfd, 0x20, 0x9b,
    0xa8, 0x1, 0x22, 0x8, 0x7, 0xff, 0xc,

    /* U+0371 "ͱ" */
    0xd6, 0x0, 0xff, 0xa7, 0xf8, 0x1f, 0x70, 0x38,
    0x88, 0x1, 0xf8,

    /* U+0372 "Ͳ" */
    0x2f, 0xff, 0x94, 0x7, 0x74, 0x15, 0xa8, 0x0,
    0x32, 0x20, 0x31, 0x8, 0x7, 0xf8, 0xb8, 0x3,
    0xa1, 0x0, 0xc0, 0x38, 0x84, 0x3, 0xff, 0xb0,

    /* U+0373 "ͳ" */
    0xdf, 0xff, 0x5, 0xf0, 0x66, 0x80, 0x42, 0x0,
    0x30, 0x85, 0x0, 0x86, 0x54, 0x40, 0x33, 0x0,
    0x7f, 0xf7, 0x80,

    /* U+0374 "ʹ" */
    0xe, 0x82, 0x19, 0x68, 0x10,

    /* U+0375 "͵" */
    0x2, 0x90, 0x81, 0x25, 0xc0,

    /* U+0376 "Ͷ" */
    0xa8, 0x0, 0xc9, 0xec, 0x1, 0xea, 0x0, 0xfa,
    0x55, 0x0, 0x38, 0xda, 0x40, 0x3d, 0xd2, 0x4e,
    0x1, 0x9d, 0x98, 0x1, 0xc5, 0x32, 0x0, 0xf7,
    0x41, 0x0, 0x72, 0x83, 0x0, 0x78, 0xb8, 0x3,
    0xc0,

    /* U+0377 "ͷ" */
    0xd5, 0x0, 0xf, 0x60, 0x6, 0xb0, 0xe, 0x35,
    0x90, 0xd, 0xd0, 0x40, 0x13, 0x83, 0x80, 0x45,
    0x1c, 0x1, 0xa5, 0x4c, 0x3, 0xac, 0x3, 0x0,

    /* U+037A "ͺ" */
    0x72, 0xa, 0x60, 0x5a, 0x10,

    /* U+037B "ͻ" */
    0x4d, 0xfe, 0x70, 0x59, 0xdb, 0x86, 0x14, 0x25,
    0x7a, 0x0, 0xdc, 0x40, 0x1f, 0xef, 0x53, 0x31,
    0x33, 0x3d, 0xf7, 0x57, 0x48,

    /* U+037C "ͼ" */
    0x0, 0x47, 0x7e, 0x88, 0x4a, 0xd6, 0xc0, 0x83,
    0x4a, 0x12, 0x81, 0x82, 0xab, 0x0, 0x39, 0xec,
    0x0, 0x40, 0xa4, 0xe0, 0x1, 0x59, 0x42, 0x51,
    0xa, 0x4a, 0xd9, 0x0,

    /* U+037D "ͽ" */
    0x4d, 0xfe, 0x70, 0x59, 0xdb, 0x86, 0x14, 0x25,
    0x7a, 0x1, 0xe1, 0xe2, 0x1, 0x61, 0x0, 0xd0,
    0x1e, 0xa6, 0x62, 0x66, 0x7b, 0xee, 0xae, 0x90,

    /* U+037E ";" */
    0xd, 0x80, 0xd, 0xb0, 0x1, 0xfe, 0x84, 0x7,
    0x3, 0x14, 0x43, 0x0,

    /* U+037F "Ϳ" */
    0x0, 0xae, 0x0, 0x3f, 0xfd, 0x4, 0x9a, 0x3f,
    0xaa, 0xa1, 0xee, 0x50, 0x0,

    /* U+0384 "΄" */
    0x6, 0x51, 0x96, 0x45, 0x30,

    /* U+0385 "΅" */
    0x0, 0x32, 0x6, 0xac, 0x9e, 0xf8, 0x23, 0xf8,

    /* U+0386 "Ά" */
    0x5f, 0x20, 0x5f, 0x30, 0xb, 0x1c, 0x83, 0x86,
    0x80, 0x2e, 0x90, 0x14, 0xb7, 0x0, 0x9c, 0x41,
    0x8d, 0x41, 0x40, 0x3a, 0x68, 0x1b, 0x80, 0x32,
    0xb, 0x85, 0x21, 0x0, 0x5c, 0x1d, 0xfa, 0x14,
    0x0, 0x15, 0x9d, 0xd9, 0xd8, 0x0, 0xc4, 0xc4,
    0x54, 0x8a, 0x5, 0x50, 0x3, 0xb, 0x78,

    /* U+0387 "·" */
    0xc8, 0x0, 0x0,

    /* U+0388 "Έ" */
    0x5f, 0x15, 0xff, 0xe3, 0xc7, 0x10, 0x1d, 0xdc,
    0x7f, 0x0, 0x11, 0x16, 0x6, 0x0, 0xff, 0xe0,
    0x8f, 0xfe, 0x0, 0xe1, 0xdd, 0xc0, 0x1e, 0x22,
    0xc0, 0x1f, 0xfc, 0x42, 0x2c, 0x1, 0xc3, 0xbb,
    0x8c,

    /* U+0389 "Ή" */
    0x5f, 0x15, 0xe0, 0xe, 0xf4, 0xc7, 0x10, 0xf,
    0xef, 0x80, 0xf, 0xf3, 0x0, 0x7f, 0xf0, 0xc7,
    0xff, 0x80, 0x3c, 0x3b, 0xbc, 0x1, 0xf1, 0x17,
    0x0, 0x7f, 0xf6, 0x80,

    /* U+038A "Ί" */
    0x5f, 0x1c, 0xff, 0x56, 0x38, 0xe2, 0x35, 0x7c,
    0x0, 0x73, 0x0, 0x7f, 0xf8, 0x2d, 0x1a, 0x40,

    /* U+038C "Ό" */
    0x5f, 0x20, 0x5c, 0xef, 0xc6, 0x0, 0x63, 0x13,
    0xd5, 0xee, 0x54, 0x40, 0x6, 0x6, 0x25, 0xcc,
    0xcd, 0x4e, 0x50, 0x2e, 0xc, 0x1, 0x90, 0x94,
    0x1, 0xc4, 0x1, 0xe6, 0xd0, 0xf, 0xf8, 0xc0,
    0x1a, 0x40, 0x1e, 0x6e, 0x0, 0x20, 0x30, 0x6,
    0x42, 0x50, 0x0, 0xc4, 0xb9, 0x93, 0x53, 0x90,
    0x4, 0xf5, 0x79, 0xb5, 0x10, 0x0,

    /* U+038E "Ύ" */
    0x5f, 0x1b, 0x90, 0xd, 0x75, 0x8e, 0x30, 0xc4,
    0x0, 0x34, 0x8f, 0x80, 0x35, 0x80, 0x4, 0x31,
    0x30, 0x5, 0xa, 0x46, 0x90, 0x1, 0xc4, 0xd1,
    0x7, 0x10, 0xf, 0x42, 0xaa, 0x0, 0x3e, 0x15,
    0x70, 0xf, 0xfe, 0xc0,

    /* U+038F "Ώ" */
    0x5f, 0x20, 0x7d, 0xfe, 0xb3, 0x0, 0x63, 0x15,
    0xcd, 0xe5, 0x16, 0x20, 0xc, 0x2a, 0x63, 0x1a,
    0x4b, 0x50, 0x40, 0xfa, 0x90, 0x6, 0xb1, 0x30,
    0x3, 0x10, 0x7, 0x10, 0x30, 0x1, 0xc4, 0x3,
    0x84, 0x4, 0x1, 0x8a, 0x1, 0xca, 0x8, 0x0,
    0x72, 0x40, 0xd, 0x10, 0x0, 0x8a, 0xe9, 0x40,
    0x16, 0xea, 0x20, 0xc, 0xa1, 0x80, 0x54, 0x46,
    0xb8,

    /* U+0390 "ΐ" */
    0x0, 0xbd, 0x80, 0x1c, 0xc4, 0x74, 0x16, 0xbc,
    0x9c, 0xb, 0xca, 0x28, 0x1, 0xff, 0xd4, 0x6c,
    0x10, 0xa, 0x1f, 0x90,

    /* U+0391 "Α" */
    0x0, 0x93, 0xcc, 0x3, 0xdc, 0x32, 0x1, 0xc2,
    0xb6, 0xa0, 0x1c, 0xc6, 0xa4, 0xc0, 0x1a, 0xa8,
    0xb, 0x40, 0x11, 0x93, 0x85, 0x19, 0x0, 0x24,
    0x3b, 0xf4, 0x2c, 0x0, 0xb3, 0xbb, 0x3b, 0x81,
    0x85, 0x88, 0xa8, 0x15, 0xa9, 0x0, 0xe6, 0xe0,

    /* U+0392 "Β" */
    0xaf, 0xfb, 0xa8, 0x80, 0xb, 0xba, 0xa6, 0xe0,
    0x8, 0x88, 0x92, 0x60, 0x1c, 0x3e, 0xa0, 0x5,
    0xff, 0x70, 0x50, 0x1, 0x77, 0x56, 0x38, 0x1,
    0x11, 0x12, 0x8d, 0x0, 0x3f, 0xc2, 0x23, 0xa1,
    0x40, 0x5e, 0xe6, 0x86, 0x0,

    /* U+0393 "Γ" */
    0xaf, 0xfd, 0x40, 0xbb, 0xb5, 0x80, 0x8, 0xa1,
    0x0, 0xff, 0xef, 0x0,

    /* U+0394 "Δ" */
    0x0, 0x93, 0xcc, 0x3, 0xde, 0x52, 0x1, 0xc2,
    0x9c, 0xa2, 0x1, 0xa5, 0x4d, 0x18, 0x3, 0x37,
    0x7, 0x50, 0x4, 0xa0, 0x80, 0xa6, 0x80, 0xe,
    0x90, 0x9, 0xb8, 0x9, 0x18, 0x2, 0xa5, 0x1a,
    0x32, 0x33, 0x84, 0x99, 0x4f, 0x33, 0x8a, 0xc0,

    /* U+0395 "Ε" */
    0xaf, 0xfe, 0x5, 0xdd, 0xc0, 0x2, 0x2c, 0x1,
    0xf2, 0xff, 0xd4, 0x9, 0xbb, 0x58, 0x9, 0x14,
    0x20, 0x1f, 0x88, 0xb0, 0x2e, 0xee,

    /* U+0396 "Ζ" */
    0x4f, 0xff, 0x2a, 0x6e, 0xe6, 0x14, 0x2, 0x28,
    0x1a, 0xc4, 0x3, 0x72, 0xa8, 0x3, 0x39, 0x58,
    0x6, 0x28, 0xa1, 0x0, 0xdc, 0xa8, 0x1, 0x9c,
    0xac, 0x3, 0x14, 0x49, 0x91, 0x42, 0xa1, 0x1b,
    0xb9, 0x80,

    /* U+0397 "Η" */
    0xaa, 0x0, 0x64, 0xf0, 0xf, 0xfe, 0x6a, 0xff,
    0xeb, 0x0, 0x26, 0xee, 0x90, 0x0, 0x91, 0x70,
    0x7, 0xff, 0x34,

    /* U+0398 "Θ" */
    0x0, 0x14, 0xf7, 0xf4, 0x88, 0x4, 0x58, 0x55,
    0xb4, 0x5e, 0x20, 0x8, 0x3b, 0x42, 0x4b, 0x38,
    0x0, 0x2d, 0x80, 0x75, 0x38, 0x8, 0x2c, 0xff,
    0xd2, 0x62, 0x1, 0xa3, 0x76, 0x81, 0x0, 0x8,
    0x28, 0x91, 0x42, 0x42, 0x0, 0x5b, 0x0, 0xea,
    0x70, 0x4, 0x1d, 0xa1, 0x25, 0x84, 0x0, 0xb,
    0xa, 0xb6, 0x8b, 0x4, 0x0,

    /* U+0399 "Ι" */
    0x5f, 0xf7, 0x12, 0xd8, 0x71, 0x0, 0x7f, 0xf5,
    0xd6, 0xc3, 0x88,

    /* U+039A "Κ" */
    0xaa, 0x0, 0x4d, 0xc4, 0x1, 0x92, 0x34, 0x80,
    0x23, 0xaa, 0x18, 0x4, 0x5b, 0x68, 0x1, 0xe,
    0x12, 0x80, 0x64, 0x93, 0x60, 0xc, 0xaf, 0x32,
    0x20, 0xe, 0x65, 0xf0, 0xf, 0x50, 0x48, 0x7,
    0xb9, 0x90,

    /* U+039B "Λ" */
    0x0, 0x9f, 0xc0, 0x3e, 0xa2, 0x60, 0xe, 0x33,
    0x5e, 0x80, 0x75, 0x33, 0x10, 0x40, 0x33, 0xd8,
    0x23, 0x0, 0x4a, 0x66, 0xe, 0xa0, 0xb, 0x94,
    0x0, 0xa4, 0x60, 0x29, 0x40, 0x12, 0xd0, 0x31,
    0x90, 0x5, 0xee, 0x15, 0x60, 0x19, 0x45, 0x40,

    /* U+039C "Μ" */
    0xaf, 0x60, 0xe, 0xbf, 0x50, 0x2a, 0x0, 0xc2,
    0x82, 0x0, 0x53, 0x20, 0x9, 0x94, 0x3, 0x2d,
    0x0, 0x55, 0xc0, 0x1b, 0x98, 0x0, 0x66, 0x40,
    0xc, 0x80, 0x81, 0x4c, 0x1, 0xe6, 0xe0, 0x6a,
    0x0, 0xf5, 0x2b, 0x99, 0x0, 0x78, 0x8e, 0x24,
    0x3, 0xf5, 0x2, 0x80, 0x60,

    /* U+039D "Ν" */
    0xaf, 0x20, 0xd, 0xc8, 0x0, 0x90, 0xf, 0x9d,
    0x54, 0x1, 0xef, 0xbb, 0x0, 0x7b, 0xd5, 0x52,
    0x1, 0xf4, 0xb1, 0x80, 0x78, 0xa3, 0xc0, 0x3e,
    0x70, 0x63, 0x0, 0xf7, 0x41, 0x80, 0x78, 0x98,
    0x40,

    /* U+039E "Ξ" */
    0xe, 0xff, 0xe9, 0xc, 0xcf, 0x40, 0x11, 0x9f,
    0x8, 0x7, 0xf2, 0xff, 0xf0, 0x82, 0xe6, 0x70,
    0x80, 0xc, 0xf8, 0x3, 0xfc, 0x67, 0xe2, 0x26,
    0x67, 0xc0,

    /* U+039F "Ο" */
    0x0, 0x14, 0xf7, 0xf4, 0x88, 0x4, 0x58, 0x55,
    0xb4, 0x5e, 0x20, 0x8, 0x3b, 0x42, 0x4b, 0x38,
    0x0, 0x2d, 0x80, 0x75, 0x38, 0x8, 0x28, 0x7,
    0x18, 0x80, 0x7f, 0x8, 0x0, 0x41, 0x40, 0x38,
    0x84, 0x0, 0xb6, 0x1, 0xd4, 0xe0, 0x8, 0x3b,
    0x42, 0x4b, 0x8, 0x0, 0x16, 0x15, 0x6d, 0x16,
    0x8, 0x0,

    /* U+03A0 "Π" */
    0xaf, 0xff, 0x68, 0x2e, 0xee, 0x80, 0x8, 0x8b,
    0x8, 0x7, 0xff, 0xb4,

    /* U+03A1 "Ρ" */
    0xaf, 0xfb, 0x58, 0x0, 0xbb, 0x95, 0x2a, 0x0,
    0x23, 0x75, 0xf0, 0xf, 0xf9, 0x55, 0xe0, 0xbf,
    0xeb, 0x85, 0x5, 0xde, 0xe3, 0x80, 0x44, 0x20,
    0x1f, 0xfc, 0x50,

    /* U+03A3 "Σ" */
    0x5f, 0xff, 0x22, 0x5, 0x37, 0x72, 0xe, 0x22,
    0x8, 0xa0, 0x1, 0x5c, 0xa0, 0x7, 0x24, 0x58,
    0x80, 0x76, 0x28, 0x80, 0x68, 0x7a, 0x0, 0xca,
    0xda, 0x1, 0x8a, 0xa0, 0xc8, 0xa1, 0x50, 0x9d,
    0xdc, 0xc0,

    /* U+03A4 "Τ" */
    0xdf, 0xff, 0x57, 0xee, 0x8d, 0xb7, 0x56, 0x45,
    0x38, 0x91, 0x4, 0x3, 0xff, 0xd8,

    /* U+03A5 "Υ" */
    0xba, 0x0, 0xd7, 0x50, 0xa4, 0x0, 0x34, 0x83,
    0x58, 0x0, 0x43, 0x90, 0x42, 0x91, 0xa4, 0x80,
    0x9, 0xa2, 0x21, 0x0, 0xa1, 0x54, 0xe0, 0x18,
    0x55, 0xc0, 0x3f, 0xf9, 0xe0,

    /* U+03A6 "Φ" */
    0x0, 0xeb, 0x80, 0xf, 0x92, 0xf9, 0x1f, 0xa8,
    0xc0, 0x27, 0xbc, 0xd3, 0x6d, 0x3c, 0x40, 0x4,
    0x53, 0x9b, 0x89, 0xcb, 0xc0, 0x18, 0x28, 0x7,
    0xac, 0xc0, 0x3f, 0xf8, 0x26, 0x8, 0x1, 0xeb,
    0x20, 0x3, 0xd2, 0x0, 0x66, 0x78, 0x0, 0x44,
    0xd7, 0xa3, 0xfd, 0xd2, 0x80, 0x4f, 0xdc, 0x36,
    0xfd, 0x50, 0x0,

    /* U+03A7 "Χ" */
    0x6e, 0x10, 0xa, 0xe4, 0x18, 0xa0, 0x0, 0xaa,
    0x90, 0x7, 0x31, 0x8d, 0xd0, 0x4, 0x51, 0xd6,
    0x88, 0x0, 0xce, 0xb, 0x60, 0x1c, 0x24, 0xa,
    0x1, 0xd4, 0xf3, 0x20, 0xc, 0xaa, 0x86, 0x18,
    0x0, 0xd, 0xd8, 0x1, 0xee, 0x61, 0xa, 0xa0,
    0x1, 0xb7, 0x80,

    /* U+03A8 "Ψ" */
    0xb8, 0x0, 0x72, 0x80, 0xf9, 0x80, 0x7f, 0xf2,
    0x44, 0x3, 0xf1, 0x28, 0x7, 0x28, 0x15, 0x1b,
    0x80, 0x45, 0x2a, 0x27, 0x75, 0xe3, 0x5a, 0x94,
    0x0, 0x4d, 0xf1, 0x9f, 0x90, 0xf, 0x8c, 0x3,
    0xff, 0x84,

    /* U+03A9 "Ω" */
    0x0, 0x2e, 0x7f, 0xb1, 0x40, 0x27, 0xab, 0xcc,
    0x5d, 0x40, 0xc, 0x53, 0x99, 0x9e, 0x9c, 0x9c,
    0x54, 0x3, 0x28, 0xaf, 0x10, 0x7, 0x97, 0xbc,
    0x40, 0x3c, 0xc2, 0x84, 0x20, 0x1c, 0x58, 0x6b,
    0x0, 0x1a, 0x11, 0x3, 0x29, 0x0, 0x7, 0x58,
    0x1b, 0xc2, 0x71, 0x14, 0x16, 0x50,

    /* U+03AA "Ϊ" */
    0x0, 0xe7, 0xa0, 0xd4, 0x68, 0xf, 0x41, 0x20,
    0x20, 0x5f, 0xf7, 0x12, 0xd8, 0x71, 0x0, 0x7f,
    0xf5, 0xd6, 0xc3, 0x88,

    /* U+03AB "Ϋ" */
    0x0, 0xff, 0x71, 0xa6, 0x80, 0x6d, 0x34, 0xf0,
    0xc, 0x60, 0x2, 0x0, 0x5d, 0x0, 0x6b, 0xa8,
    0x52, 0x0, 0x1a, 0x41, 0xac, 0x0, 0x21, 0xc8,
    0x21, 0x48, 0xd2, 0x40, 0x4, 0xd1, 0x10, 0x80,
    0x50, 0xaa, 0x70, 0xc, 0x2a, 0xe0, 0x1f, 0xfc,
    0xf0,

    /* U+03AC "ά" */
    0x0, 0xd7, 0x60, 0xf, 0x92, 0x40, 0x3c, 0x34,
    0x40, 0x18, 0x6b, 0xad, 0xa9, 0x80, 0x16, 0xf9,
    0x92, 0x80, 0x4b, 0x26, 0x54, 0x1, 0x10, 0x28,
    0x4, 0x40, 0x1f, 0xf1, 0x2, 0x80, 0x44, 0x1,
    0x2c, 0x10, 0xc8, 0x70, 0x2, 0x9b, 0x3f, 0xd2,
    0xca,

    /* U+03AD "έ" */
    0x0, 0x87, 0xd0, 0x3, 0x3a, 0x20, 0x3, 0x14,
    0x80, 0x4b, 0xb7, 0x94, 0x0, 0xab, 0xec, 0xf0,
    0x0, 0x80, 0x92, 0x80, 0x36, 0x7f, 0x0, 0x3,
    0x93, 0xf8, 0x0, 0x40, 0x60, 0xc, 0xe0, 0xe4,
    0x46, 0x2, 0xaa, 0x6e, 0xc0,

    /* U+03AE "ή" */
    0x0, 0x2f, 0x90, 0x6, 0xc7, 0x20, 0xd, 0xf0,
    0x1, 0x6b, 0x6f, 0xea, 0x80, 0x22, 0x1f, 0x34,
    0x20, 0xe6, 0x8, 0x2a, 0x1c, 0x1, 0x18, 0x80,
    0x80, 0x63, 0x0, 0xff, 0xe4, 0xeb, 0x0, 0x7f,
    0xf3, 0x80,

    /* U+03AF "ί" */
    0xe, 0x80, 0x30, 0x80, 0x5, 0x0, 0x38, 0x80,
    0x3f, 0xf9, 0x4d, 0x82, 0x10, 0xfc, 0x80,

    /* U+03B0 "ΰ" */
    0x0, 0xbd, 0xc0, 0x2d, 0x61, 0x2c, 0x0, 0x42,
    0xd2, 0x40, 0x70, 0x1a, 0x15, 0x80, 0x71, 0x82,
    0x0, 0x70, 0x88, 0x3, 0x8c, 0xc0, 0x1c, 0x67,
    0x80, 0x4, 0x2e, 0x94, 0x44, 0xe3, 0x28, 0x7d,
    0xd3, 0x68, 0x0,

    /* U+03B1 "α" */
    0x1, 0xaf, 0xe6, 0xa6, 0x0, 0x5b, 0xe6, 0x4a,
    0x1, 0x2c, 0x99, 0x50, 0x4, 0x40, 0xa0, 0x11,
    0x0, 0x7f, 0xc4, 0xa, 0x1, 0x10, 0x4, 0xb0,
    0x43, 0x21, 0xc0, 0xa, 0x6c, 0xff, 0x4b, 0x28,

    /* U+03B2 "β" */
    0x7, 0xdf, 0xc4, 0x5, 0x99, 0x6a, 0x58, 0xf3,
    0x21, 0x40, 0x2b, 0xf0, 0x7, 0x8, 0x5, 0x6,
    0x80, 0xa, 0xf5, 0xf0, 0xa, 0xbe, 0x75, 0x0,
    0x32, 0x37, 0x80, 0x79, 0xc3, 0x8, 0x51, 0xac,
    0x1b, 0x3a, 0xa5, 0xc2, 0xbb, 0xf9, 0xc0, 0x3f,
    0xf9, 0x40,

    /* U+03B3 "γ" */
    0xd6, 0x0, 0x9f, 0x2a, 0x80, 0x19, 0x94, 0xc4,
    0x1, 0xc6, 0x44, 0x70, 0x2, 0xf8, 0x56, 0x81,
    0x1b, 0x82, 0xa0, 0x5b, 0x8, 0x11, 0xd3, 0xc0,
    0x5, 0x6b, 0x42, 0x1, 0x18, 0x20, 0x7, 0xff,
    0x10,

    /* U+03B4 "δ" */
    0x0, 0x26, 0xfe, 0xb8, 0x5, 0x76, 0xe9, 0xd0,
    0x0, 0x82, 0xa, 0x50, 0x0, 0x5b, 0x10, 0x3,
    0xb8, 0x26, 0xc0, 0x2a, 0xcf, 0xd2, 0xc0, 0x25,
    0xa1, 0x9, 0x24, 0x71, 0x10, 0x4, 0x44, 0x11,
    0x80, 0x22, 0x34, 0x2a, 0x21, 0x90, 0x50, 0xc1,
    0xce, 0x2c, 0x0,

    /* U+03B5 "ε" */
    0x5, 0xdf, 0xea, 0x0, 0x55, 0xf6, 0x78, 0x0,
    0x40, 0x49, 0x40, 0x1b, 0x3f, 0x80, 0x1, 0xc9,
    0xfc, 0x0, 0x20, 0x30, 0x6, 0x70, 0x72, 0x23,
    0x1, 0x55, 0x37, 0x60,

    /* U+03B6 "ζ" */
    0xc, 0xff, 0xca, 0x19, 0xfe, 0x92, 0x50, 0x8,
    0xe3, 0xc0, 0x37, 0x41, 0x0, 0x52, 0xcc, 0x0,
    0x91, 0xe8, 0x3, 0x44, 0x88, 0x4, 0x46, 0xa0,
    0x18, 0x40, 0x3c, 0x63, 0x24, 0x1, 0xb0, 0x37,
    0x4e, 0x0, 0x2b, 0xeb, 0x84, 0x0, 0x85, 0x80,
    0x3c, 0x62, 0x80,

    /* U+03B7 "η" */
    0xd6, 0xbf, 0xd5, 0x0, 0x44, 0x3e, 0x68, 0x41,
    0xcc, 0x10, 0x54, 0x38, 0x2, 0x31, 0x1, 0x0,
    0xc6, 0x1, 0xff, 0xc9, 0xd6, 0x0, 0xff, 0xe7,
    0x0,

    /* U+03B8 "θ" */
    0x0, 0x47, 0x7d, 0x8, 0x1, 0x99, 0x58, 0xd4,
    0x0, 0xb9, 0x43, 0xe4, 0x21, 0x25, 0x0, 0x11,
    0x10, 0xc0, 0xc0, 0x21, 0xe1, 0xe, 0xff, 0x8c,
    0x2, 0xff, 0xc8, 0x4, 0x4, 0x1, 0x37, 0x9,
    0x38, 0x0, 0x49, 0x2, 0xec, 0x65, 0x46, 0x40,
    0xcc, 0xdd, 0xe, 0x80,

    /* U+03B9 "ι" */
    0xd6, 0x0, 0xff, 0xe5, 0x36, 0x8, 0x43, 0xf2,
    0x0,

    /* U+03BA "κ" */
    0xd7, 0x0, 0x5d, 0x80, 0x34, 0x35, 0x0, 0x4a,
    0xfe, 0x20, 0xe, 0xa8, 0x20, 0x9, 0x92, 0x40,
    0x33, 0xd9, 0x50, 0x5, 0xe1, 0xca, 0xa0, 0xc,
    0x51, 0x62,

    /* U+03BB "λ" */
    0xfe, 0x70, 0xe, 0xed, 0x95, 0x0, 0xc2, 0x71,
    0x0, 0xf, 0x29, 0x18, 0x7, 0x50, 0xd0, 0x7,
    0x3c, 0x38, 0x6, 0x43, 0x60, 0x50, 0xb, 0x94,
    0x1b, 0x80, 0x25, 0xb0, 0xb4, 0x10, 0x51, 0x30,
    0x32, 0x60, 0xe7, 0x0, 0xae, 0xc,

    /* U+03BC "μ" */
    0xd6, 0x0, 0xb1, 0xc0, 0x3f, 0xfa, 0xc2, 0x1,
    0x18, 0x5, 0x46, 0x52, 0x1c, 0x0, 0x6d, 0xd0,
    0xd3, 0xb0, 0x6f, 0x7c, 0x2f, 0x30, 0x7, 0xff,
    0x30,

    /* U+03BD "ν" */
    0xd6, 0x0, 0x9f, 0x16, 0x80, 0x33, 0x51, 0x88,
    0x3, 0x8c, 0x88, 0xe0, 0x5, 0xf0, 0x5d, 0x2,
    0x37, 0xa, 0x40, 0xb5, 0x10, 0x22, 0x4b, 0x40,
    0x4, 0xad, 0x24, 0x0,

    /* U+03BE "ξ" */
    0xc, 0xff, 0xca, 0x1a, 0x8f, 0xbe, 0xa1, 0x5,
    0x4, 0x1, 0x17, 0x0, 0x76, 0xc9, 0x80, 0x66,
    0x7c, 0xff, 0x18, 0x42, 0xef, 0xf8, 0xc5, 0xf8,
    0x80, 0x22, 0x3, 0x0, 0xc6, 0x30, 0x20, 0x1b,
    0x57, 0xb1, 0x80, 0x7, 0x9b, 0x72, 0x80, 0x11,
    0x38, 0x7, 0x8c, 0x50,

    /* U+03BF "ο" */
    0x0, 0x47, 0x7e, 0x18, 0x2, 0x17, 0x74, 0x9a,
    0x20, 0xf2, 0x65, 0x6, 0xc4, 0xa, 0x1, 0x26,
    0x88, 0x7, 0xc6, 0xa, 0x1, 0x26, 0x83, 0xc9,
    0x94, 0x13, 0x4, 0x2e, 0xe9, 0x30, 0x40,

    /* U+03C0 "π" */
    0xcf, 0xff, 0xb7, 0x2c, 0x3f, 0xe2, 0xad, 0x0,
    0xff, 0xef, 0xe8, 0x7, 0xd6, 0xf2,

    /* U+03C1 "ρ" */
    0x0, 0x3f, 0x7d, 0x90, 0x1, 0xa7, 0x74, 0x58,
    0x0, 0xb8, 0x32, 0x90, 0x60, 0x22, 0x0, 0x4b,
    0xc0, 0x7, 0x0, 0xc2, 0x1, 0xe5, 0xf0, 0x4,
    0x91, 0x24, 0x1c, 0x0, 0x79, 0xa5, 0x82, 0x0,
    0xae, 0xfb, 0x20, 0xf, 0xfe, 0x68,

    /* U+03C2 "ς" */
    0x0, 0x47, 0x7e, 0x88, 0x4a, 0xd6, 0xc0, 0x83,
    0x4a, 0x12, 0x81, 0x82, 0x80, 0x7f, 0xc4, 0xa,
    0x1, 0x85, 0x24, 0x80, 0x35, 0x36, 0xe3, 0x0,
    0x6, 0xfa, 0xe5, 0x0, 0x21, 0x71, 0x0, 0xe3,
    0x14, 0x0, 0xc7, 0xc0,

    /* U+03C3 "σ" */
    0x0, 0x3e, 0xff, 0xe2, 0x8, 0xa9, 0xf9, 0x4f,
    0x20, 0x79, 0x40, 0x65, 0x40, 0x20, 0x50, 0x9,
    0x70, 0x2, 0x10, 0xf, 0x10, 0x20, 0x4, 0xba,
    0x0, 0x69, 0x31, 0x93, 0x50, 0x4, 0xae, 0xf1,
    0x78, 0x0,

    /* U+03C4 "τ" */
    0xcf, 0xfe, 0x6c, 0xf3, 0x8f, 0xf3, 0x0, 0x7f,
    0xf3, 0x3c, 0x3, 0x99, 0x4, 0x40, 0x14, 0x7,
    0x78, 0x0,

    /* U+03C5 "υ" */
    0xe5, 0x0, 0x1f, 0x80, 0x71, 0x82, 0x0, 0x70,
    0x88, 0x3, 0x8c, 0xc0, 0x1c, 0x67, 0x80, 0x4,
    0x2e, 0x94, 0x44, 0xe3, 0x28, 0x7d, 0xd3, 0x68,
    0x0,

    /* U+03C6 "φ" */
    0x0, 0xd1, 0x60, 0x1f, 0xfc, 0xe2, 0x85, 0x54,
    0x98, 0x4, 0x9a, 0x2c, 0x43, 0x8a, 0x0, 0x97,
    0x93, 0x78, 0xaa, 0x0, 0x95, 0x0, 0x65, 0x4,
    0x20, 0x30, 0xe, 0x11, 0x10, 0x10, 0x7, 0xb,
    0xa, 0x48, 0x6, 0x82, 0x30, 0xa7, 0xd4, 0x6c,
    0x5e, 0x0, 0xe, 0xcb, 0x84, 0x69, 0x80, 0x64,
    0x36, 0x40, 0xf, 0xfe, 0x58,

    /* U+03C7 "χ" */
    0x8e, 0x30, 0x9, 0x78, 0x21, 0xfc, 0x2, 0x88,
    0x0, 0x20, 0xcc, 0xa, 0xc, 0x0, 0x16, 0x90,
    0x88, 0x0, 0x6a, 0x57, 0x5, 0x0, 0xc6, 0x68,
    0x90, 0xf, 0x28, 0x20, 0x7, 0x13, 0xb, 0x0,
    0x74, 0xbc, 0xd8, 0x6, 0x45, 0x86, 0x24, 0x0,
    0xa6, 0x0, 0x5a, 0x4, 0x1c, 0x18, 0x1, 0x1,
    0xc4,

    /* U+03C8 "ψ" */
    0x0, 0x9b, 0x40, 0x3f, 0xf9, 0x5c, 0xa0, 0x1d,
    0xe4, 0x1, 0xf1, 0x38, 0x7, 0xc2, 0x40, 0x1f,
    0x38, 0x18, 0x7, 0x9c, 0x1b, 0x40, 0x30, 0x99,
    0xb9, 0xd8, 0x41, 0x34, 0xd1, 0x66, 0xe0, 0xa9,
    0xb4, 0x0, 0xdb, 0x25, 0xd4, 0x20, 0x1f, 0xfd,
    0x0,

    /* U+03C9 "ω" */
    0x2, 0xf2, 0x0, 0xda, 0xa0, 0x8, 0x62, 0x0,
    0xd7, 0x0, 0x4, 0xd0, 0x2, 0x80, 0x1c, 0x88,
    0x2, 0xc0, 0xa, 0x30, 0x10, 0x60, 0xf, 0xfe,
    0x0, 0xb8, 0x7, 0x8, 0x30, 0x3c, 0x93, 0x94,
    0x8d, 0x99, 0x4, 0xbe, 0xde, 0x7, 0x37, 0x0,

    /* U+03CA "ϊ" */
    0xe, 0x15, 0xb0, 0x5, 0x8a, 0x78, 0x1, 0x75,
    0xd0, 0x3, 0xff, 0xaa, 0xd8, 0x20, 0x14, 0x3f,
    0x20,

    /* U+03CB "ϋ" */
    0xd, 0x24, 0xc0, 0xa, 0x9, 0x60, 0x1, 0xc0,
    0x1, 0x7f, 0x0, 0xe3, 0x4, 0x0, 0xe1, 0x10,
    0x7, 0x19, 0x80, 0x38, 0xcf, 0x0, 0x8, 0x5d,
    0x28, 0x89, 0xc6, 0x50, 0xfb, 0xa6, 0xd0,

    /* U+03CC "ό" */
    0x0, 0xd1, 0xa0, 0x1e, 0x58, 0x0, 0xf5, 0x28,
    0x6, 0x8e, 0x8c, 0x30, 0x4, 0x2e, 0xe9, 0x34,
    0x41, 0xe4, 0xca, 0xd, 0x88, 0x14, 0x2, 0x4d,
    0x10, 0xf, 0x8c, 0x14, 0x2, 0x4d, 0x7, 0x93,
    0x28, 0x26, 0x8, 0x5d, 0xd2, 0x60, 0x80,

    /* U+03CD "ύ" */
    0x0, 0xb6, 0x40, 0x30, 0x94, 0x0, 0x63, 0xb1,
    0x0, 0x72, 0x92, 0x1f, 0x80, 0x71, 0x82, 0x0,
    0x70, 0x88, 0x3, 0x8c, 0xc0, 0x1c, 0x67, 0x80,
    0x4, 0x2e, 0x94, 0x44, 0xe3, 0x28, 0x7d, 0xd3,
    0x68, 0x0,

    /* U+03CE "ώ" */
    0x0, 0xe2, 0xf4, 0x0, 0xfc, 0xa8, 0x80, 0xf,
    0xc5, 0x20, 0x1c, 0x5e, 0x40, 0xa4, 0x1a, 0xa0,
    0x8, 0x62, 0x0, 0xd7, 0x0, 0x4, 0xd0, 0x2,
    0x80, 0x1c, 0x88, 0x2, 0xc0, 0xa, 0x30, 0x10,
    0x60, 0xf, 0xfe, 0x0, 0xb8, 0x7, 0x8, 0x30,
    0x3c, 0x93, 0x94, 0x8d, 0x99, 0x4, 0xbe, 0xde,
    0x7, 0x37, 0x0,

    /* U+03CF "Ϗ" */
    0xaa, 0x0, 0x4d, 0xc4, 0x1, 0x92, 0x34, 0x80,
    0x23, 0xba, 0x30, 0x8, 0xb6, 0x90, 0x2, 0x1c,
    0x25, 0x0, 0xc9, 0x26, 0xc0, 0x19, 0x5e, 0x64,
    0x40, 0x1c, 0xcb, 0xe0, 0x1e, 0xa0, 0x90, 0xf,
    0x73, 0x25, 0x50, 0x2, 0x31, 0xc0, 0xe, 0x41,
    0xb7, 0x71, 0x99, 0xa9, 0x4c, 0xd9, 0xb9, 0x73,
    0x40,

    /* U+03D0 "ϐ" */
    0x0, 0x4f, 0x7d, 0x88, 0x2, 0x8b, 0x39, 0xe4,
    0xd, 0xc3, 0x78, 0x28, 0x2d, 0x2f, 0xfb, 0x8,
    0xc, 0x67, 0xfd, 0x22, 0xe, 0xd9, 0xf8, 0xb4,
    0x0, 0x95, 0x2, 0xe4, 0x17, 0xf0, 0x8, 0xc0,
    0xf1, 0x0, 0x25, 0x2, 0x53, 0x71, 0x39, 0x60,
    0x2b, 0xae, 0xd5, 0x90,

    /* U+03D1 "ϑ" */
    0x0, 0x47, 0x7d, 0x0, 0x64, 0x7c, 0xc3, 0xd0,
    0x4, 0x24, 0x43, 0xf5, 0x20, 0x2, 0x1c, 0x9,
    0x11, 0x0, 0x3, 0x85, 0xfe, 0x29, 0x7b, 0xe7,
    0xae, 0xf5, 0x53, 0xd2, 0x60, 0x6, 0x30, 0x10,
    0x10, 0x9, 0xb8, 0x0, 0x3e, 0x0, 0x13, 0x40,
    0x1, 0x58, 0x95, 0x29, 0x80, 0x21, 0xfb, 0xa,
    0x80, 0x0,

    /* U+03D2 "ϒ" */
    0xba, 0x0, 0xd1, 0xe5, 0xa, 0x40, 0x3, 0x7c,
    0x23, 0x58, 0x0, 0x43, 0x18, 0x2, 0x14, 0xd1,
    0x10, 0x1, 0x13, 0x44, 0x42, 0x1, 0xa1, 0x9,
    0xc0, 0x38, 0x55, 0xc0, 0x3f, 0xfa, 0x60,

    /* U+03D3 "ϓ" */
    0x5f, 0x1c, 0x90, 0xd, 0x3e, 0x38, 0xe3, 0xc,
    0x20, 0x3, 0x6d, 0x1f, 0x80, 0x44, 0x40, 0x3,
    0xdc, 0x81, 0x80, 0x28, 0x62, 0x42, 0x80, 0xf,
    0x1a, 0xc4, 0xc0, 0x7, 0xe8, 0x50, 0x60, 0xf,
    0xc4, 0x8a, 0x1, 0xff, 0xdc,

    /* U+03D4 "ϔ" */
    0x0, 0xff, 0xb5, 0xf, 0x80, 0x3b, 0xd0, 0xf4,
    0x3, 0x88, 0x0, 0x60, 0x15, 0xd0, 0x6, 0x8f,
    0x28, 0x52, 0x0, 0x1b, 0xe1, 0x1a, 0xc0, 0x2,
    0x18, 0xc0, 0x10, 0xa6, 0x88, 0x80, 0x8, 0x9a,
    0x22, 0x10, 0xd, 0x8, 0x4e, 0x1, 0xc2, 0xae,
    0x1, 0xff, 0xd3,

    /* U+03D5 "ϕ" */
    0x0, 0xd1, 0x60, 0x1f, 0xfc, 0xe2, 0x85, 0x54,
    0x98, 0x4, 0x9a, 0x2c, 0x43, 0x8a, 0x0, 0x97,
    0x93, 0x78, 0xaa, 0x0, 0x95, 0x0, 0x65, 0x4,
    0x20, 0x30, 0xe, 0x11, 0x10, 0x10, 0x7, 0xb,
    0xa, 0x48, 0x6, 0x82, 0x30, 0xa7, 0xd4, 0x6c,
    0x5e, 0x0, 0xe, 0xcb, 0x84, 0x69, 0x80, 0x64,
    0x36, 0x40, 0xf, 0xfe, 0x58,

    /* U+03D6 "ϖ" */
    0xbf, 0xff, 0xf5, 0xdc, 0x1d, 0xde, 0xa, 0xb0,
    0xc4, 0x11, 0x0, 0x4, 0x49, 0xa0, 0x2, 0x20,
    0x2, 0x20, 0x0, 0x22, 0x0, 0x7f, 0xf0, 0x88,
    0x80, 0x3, 0x30, 0x0, 0x88, 0x0, 0xb4, 0x53,
    0x77, 0x1a, 0x22, 0xc0, 0x7, 0x37, 0xb1, 0xd,
    0xa9, 0x30,

    /* U+03D7 "ϗ" */
    0xd7, 0x0, 0x5d, 0x80, 0x34, 0x35, 0x0, 0x4a,
    0xfe, 0x20, 0xe, 0xa8, 0x20, 0x9, 0x92, 0x40,
    0x33, 0xd9, 0x48, 0x5, 0xe1, 0xcc, 0x80, 0x18,
    0xa2, 0x87, 0x5c, 0x0, 0xa2, 0x48, 0x20, 0x32,
    0x66, 0x2d, 0xec, 0x2d, 0x0,

    /* U+03D8 "Ϙ" */
    0x0, 0x1d, 0xf7, 0xf4, 0x88, 0x1, 0x30, 0xab,
    0x6d, 0x7c, 0x42, 0x5a, 0x50, 0x97, 0x2, 0x44,
    0xb4, 0x3, 0x9d, 0x0, 0x3f, 0xc2, 0x2c, 0x0,
    0xe4, 0x50, 0x87, 0x70, 0x81, 0x51, 0xc0, 0x35,
    0x53, 0xbf, 0x47, 0x4, 0x0, 0xbb, 0x41, 0xf6,
    0x40, 0x1c, 0x20, 0x1c,

    /* U+03D9 "ϙ" */
    0x0, 0x47, 0x7d, 0x90, 0x1, 0xd6, 0xb4, 0xf0,
    0x42, 0x20, 0x85, 0x6, 0xc4, 0x8, 0x1, 0x3e,
    0x88, 0x7, 0x18, 0x10, 0x10, 0x4, 0x46, 0x27,
    0x60, 0x1, 0x4d, 0xf, 0x79, 0x7c, 0x54, 0x3,
    0xd3, 0x98, 0xa0, 0x8, 0xb0, 0xd4, 0x3, 0xff,
    0x8c,

    /* U+03DA "Ϛ" */
    0x0, 0x1d, 0x77, 0xf5, 0x90, 0x2e, 0x5, 0x65,
    0x19, 0x4, 0x35, 0x21, 0xa4, 0x0, 0x96, 0x80,
    0x78, 0x40, 0x3f, 0x8b, 0xc0, 0x3e, 0xe4, 0xc6,
    0x40, 0xc, 0x7c, 0x95, 0x62, 0x1, 0x86, 0x3c,
    0x3, 0xff, 0x82,

    /* U+03DB "ϛ" */
    0x0, 0x47, 0x7e, 0x88, 0x4a, 0xd6, 0xc0, 0x83,
    0x4a, 0x12, 0x81, 0x82, 0x80, 0x7f, 0xc4, 0x4,
    0x1, 0x85, 0x79, 0x0, 0x35, 0x25, 0x7b, 0x0,
    0x53, 0xd5, 0x22, 0x0, 0x10, 0x10, 0x10, 0x6,
    0xfd, 0x48, 0x0,

    /* U+03DC "Ϝ" */
    0xaf, 0xfd, 0x80, 0xbb, 0xb8, 0x0, 0x45, 0x8,
    0x7, 0xcb, 0xff, 0x38, 0x26, 0xe8, 0xc0, 0x2,
    0x44, 0x70, 0xe, 0x96, 0x0, 0xc4, 0x20, 0x1e,

    /* U+03DD "ϝ" */
    0xaf, 0xfd, 0xc0, 0xbb, 0xb6, 0x1, 0x91, 0x60,
    0xf, 0xfe, 0xb, 0x7f, 0xce, 0xb, 0xba, 0x4f,
    0x3, 0x22, 0x0, 0x7a, 0x64, 0x1, 0x88, 0x40,
    0x3f, 0xf8, 0x0,

    /* U+03DE "Ϟ" */
    0xe, 0xe2, 0x0, 0x76, 0x2f, 0x0, 0x71, 0x9,
    0x0, 0x79, 0x6c, 0x3, 0x94, 0x33, 0xfe, 0x40,
    0x4d, 0xda, 0x1, 0x0, 0x48, 0xae, 0x50, 0xf,
    0x26, 0x0, 0x78, 0xc4, 0x40, 0x1d, 0x31, 0x0,

    /* U+03DF "ϟ" */
    0xe, 0xe2, 0x0, 0x76, 0x27, 0x80, 0x71, 0x1,
    0x0, 0x79, 0x34, 0x3, 0x90, 0x10, 0x3, 0xb9,
    0xc0, 0x2, 0xa0, 0x5, 0x3a, 0xee, 0x50, 0x20,
    0x39, 0xdb, 0x20, 0x2f, 0xec, 0xaa, 0x68, 0x8,
    0x4, 0x44, 0x70, 0xe, 0x54, 0x10, 0xe, 0xad,
    0x0, 0xe1, 0x24, 0x0, 0xf9, 0xc4, 0x3, 0xb,
    0xd5, 0x80,

    /* U+03E0 "Ϡ" */
    0x7, 0xdf, 0xea, 0x20, 0xb, 0x6f, 0x29, 0xf0,
    0x80, 0x14, 0xc1, 0x0, 0x50, 0x1, 0x2e, 0x5e,
    0xc2, 0x80, 0x4b, 0xce, 0x92, 0x6, 0x1, 0xd,
    0xd5, 0x83, 0x0, 0x6d, 0xe6, 0x1, 0x0, 0xcc,
    0x4, 0xe, 0x1, 0xe7, 0x3, 0x0, 0xf7, 0xa8,
    0x0,

    /* U+03E1 "ϡ" */
    0x19, 0x40, 0xf, 0x8e, 0xf4, 0xc0, 0x30, 0xd7,
    0xae, 0x38, 0x7, 0xa2, 0xe1, 0x40, 0x38, 0x48,
    0x68, 0x40, 0x23, 0xed, 0x83, 0x90, 0x8, 0xfa,
    0xda, 0x58, 0x3, 0x8, 0x9a, 0x44, 0x80, 0x25,
    0xec, 0x91, 0x70, 0x9, 0x3e, 0x94, 0xcc, 0x1,
    0x8, 0x7, 0xff, 0x0, 0x88, 0x1, 0xe2, 0x5,
    0x0, 0xf2, 0x88, 0x80, 0x3d, 0x6c, 0x0,

    /* U+03F0 "ϰ" */
    0x9f, 0x90, 0x8, 0xfd, 0x2, 0x71, 0x90, 0x1,
    0xc2, 0x80, 0x3, 0x4c, 0xa, 0x24, 0x0, 0xc2,
    0x26, 0x73, 0x20, 0xc, 0x27, 0x3c, 0x1e, 0x1,
    0x95, 0x50, 0x6e, 0x1, 0x84, 0x48, 0xe0, 0x74,
    0x40, 0x6, 0x1a, 0x0, 0x4b, 0x69, 0x80,

    /* U+03F1 "ϱ" */
    0x0, 0x3f, 0x7d, 0x90, 0x1, 0xa6, 0xb4, 0xb0,
    0x1, 0x52, 0x85, 0x20, 0xc0, 0x66, 0x0, 0x97,
    0x80, 0xe, 0x1, 0x8, 0x80, 0x3c, 0x9e, 0x0,
    0x93, 0x29, 0x7, 0x0, 0x1e, 0xe8, 0xb0, 0x40,
    0x15, 0xdf, 0x64, 0x0, 0x48, 0x10, 0xe, 0x97,
    0xef, 0xe5, 0x0, 0x16, 0x7f, 0x26, 0x80,

    /* U+03F2 "ϲ" */
    0x0, 0x47, 0x7e, 0x88, 0x4a, 0xd6, 0xc0, 0x83,
    0x4a, 0x12, 0x81, 0x82, 0x80, 0x7f, 0xc4, 0xa,
    0x1, 0x85, 0x65, 0x9, 0x44, 0x29, 0x2b, 0x64,
    0x0,

    /* U+03F3 "ϳ" */
    0x0, 0x5a, 0x80, 0x35, 0x80, 0x16, 0xa0, 0x1f,
    0xfd, 0x81, 0x22, 0xab, 0x55, 0x0,

    /* U+03F4 "ϴ" */
    0x0, 0x14, 0xf7, 0xf4, 0x88, 0x4, 0x58, 0x55,
    0x94, 0x5e, 0x20, 0x8, 0x5b, 0x43, 0x4b, 0x28,
    0x0, 0x2f, 0x0, 0x75, 0x38, 0x8, 0x57, 0xff,
    0x48, 0x80, 0x53, 0xbb, 0xd0, 0x0, 0x10, 0x1,
    0x17, 0x78, 0x80, 0x16, 0xc0, 0x39, 0x9c, 0x1,
    0x7, 0x88, 0x4b, 0xa7, 0x0, 0x2, 0xc5, 0xad,
    0xb4, 0xc1, 0x0,

    /* U+03F5 "ϵ" */
    0x0, 0x47, 0x7e, 0x98, 0x4a, 0x56, 0xc9, 0x3,
    0x7a, 0x12, 0x9, 0x86, 0x7f, 0xa8, 0x2, 0xcd,
    0xd5, 0x81, 0x83, 0x11, 0x4, 0x0, 0xb0, 0x84,
    0x84, 0x14, 0xb5, 0xb2, 0x20,

    /* U+03F6 "϶" */
    0x4d, 0xfe, 0x80, 0x2, 0xce, 0xd2, 0xc0, 0xa,
    0x12, 0x4b, 0x0, 0x33, 0xfd, 0x62, 0x20, 0xdd,
    0xac, 0x2, 0x12, 0x21, 0x88, 0x90, 0xc9, 0x62,
    0x40, 0xb7, 0x51, 0x7, 0x0,

    /* U+03F7 "Ϸ" */
    0xaa, 0x0, 0x79, 0x7f, 0xb1, 0x40, 0xb, 0xba,
    0x4a, 0x30, 0x1, 0x1c, 0x25, 0x0, 0x71, 0x10,
    0x3, 0x88, 0x80, 0x10, 0xba, 0x50, 0x2f, 0xf4,
    0xd1, 0x82, 0xef, 0x71, 0x40, 0x22, 0x10, 0x8,

    /* U+03F8 "ϸ" */
    0xd6, 0x0, 0xff, 0xe4, 0xd, 0xff, 0x30, 0x2,
    0x7b, 0x6e, 0x4c, 0x1d, 0x49, 0x55, 0x21, 0xc0,
    0x16, 0xb0, 0x7, 0xed, 0x0, 0xb5, 0x81, 0x54,
    0x2a, 0xa9, 0x8, 0xee, 0x5c, 0x98, 0xd, 0xff,
    0x30, 0x7, 0xff, 0x28,

    /* U+03F9 "Ϲ" */
    0x0, 0xc, 0x6f, 0xf5, 0x90, 0xe, 0x2c, 0x6d,
    0x19, 0x4, 0x1e, 0xa9, 0x24, 0x0, 0x1a, 0x0,
    0x3c, 0x20, 0x40, 0x1f, 0xfc, 0x31, 0x2, 0x0,
    0xf9, 0x6c, 0x3, 0xe8, 0x3c, 0x52, 0x36, 0x0,
    0x16, 0x35, 0xee, 0xc0,

    /* U+03FA "Ϻ" */
    0xaf, 0x50, 0xe, 0xaf, 0x50, 0x3b, 0x0, 0xc8,
    0x81, 0x0, 0x5a, 0xc8, 0x5, 0x36, 0x60, 0xf,
    0x96, 0x20, 0x86, 0x53, 0x0, 0x89, 0xf8, 0x9e,
    0x40, 0x3d, 0x5, 0x8e, 0x40, 0x1f, 0x53, 0xc0,
    0x7, 0xe4, 0x90, 0xf, 0xfe, 0x78,

    /* U+03FB "ϻ" */
    0xde, 0x0, 0xd7, 0xe0, 0x30, 0x0, 0x54, 0x0,
    0x3b, 0x88, 0x6e, 0x0, 0x1b, 0x1d, 0xe, 0x80,
    0x13, 0x8b, 0xc0, 0x7, 0x67, 0x88, 0x7, 0x8,
    0x80, 0x3f, 0xf8, 0xa7, 0xe0, 0x1f, 0xfc, 0xc0,

    /* U+03FC "ϼ" */
    0x0, 0x3f, 0x7d, 0x90, 0x1, 0xa7, 0x74, 0x58,
    0x0, 0xa8, 0x32, 0x90, 0x60, 0x32, 0x0, 0x97,
    0x80, 0xe, 0x1, 0x84, 0x3, 0xcb, 0xe0, 0x9,
    0x22, 0x48, 0x38, 0x0, 0xf3, 0x4b, 0x4, 0x1,
    0x5d, 0xf6, 0x40, 0x1f, 0xda, 0x1b, 0xdc, 0x0,
    0xb0, 0x2b, 0xfc, 0x1, 0x0,

    /* U+03FD "Ͻ" */
    0x3b, 0xef, 0xd9, 0x10, 0x1c, 0xdd, 0x42, 0x60,
    0x13, 0x99, 0x2e, 0x14, 0x0, 0x70, 0xb2, 0x80,
    0x7b, 0xc8, 0x3, 0xff, 0x85, 0xe6, 0x1, 0xc2,
    0xd6, 0x2c, 0x64, 0xde, 0x6e, 0x15, 0x9b, 0x6d,
    0x80,

    /* U+03FE "Ͼ" */
    0x0, 0xc, 0x6f, 0xf5, 0x90, 0xe, 0x2c, 0x6d,
    0x19, 0x4, 0x1e, 0xa9, 0x24, 0x0, 0x1a, 0x0,
    0x3c, 0x20, 0x40, 0x7c, 0x60, 0x1f, 0xf0, 0x81,
    0x1, 0xf1, 0x80, 0x4b, 0x60, 0x1f, 0x41, 0xe2,
    0x91, 0xb0, 0x0, 0xb1, 0xaf, 0x76, 0x0,

    /* U+03FF "Ͽ" */
    0x3b, 0xef, 0xd9, 0x10, 0x1c, 0xdd, 0x42, 0x60,
    0x13, 0x99, 0x2e, 0x14, 0x0, 0x70, 0xb2, 0x80,
    0x17, 0x84, 0x3c, 0x80, 0x3f, 0xcb, 0xc2, 0x1e,
    0x60, 0x1c, 0x2d, 0x62, 0xc6, 0x4d, 0xe6, 0xe1,
    0x59, 0xb6, 0xd8, 0x0,

    /* U+0400 "Ѐ" */
    0x2, 0x73, 0x0, 0xe2, 0x1d, 0x20, 0xe, 0x6a,
    0x40, 0xf, 0x23, 0x0, 0x4f, 0xff, 0xe7, 0x0,
    0x5d, 0xf2, 0x80, 0xa2, 0x71, 0x0, 0x7f, 0xf,
    0xfe, 0xd0, 0xb, 0x33, 0x78, 0x0, 0x4c, 0xf1,
    0x0, 0x7f, 0x85, 0x13, 0x8c, 0x1, 0x77, 0xd2,

    /* U+0401 "Ё" */
    0x0, 0x69, 0xa6, 0x80, 0x6b, 0x25, 0xb0, 0xc,
    0xc2, 0x26, 0x0, 0x3f, 0xff, 0x9c, 0x1, 0x77,
    0xca, 0x2, 0x89, 0xc4, 0x1, 0xfc, 0x3f, 0xfb,
    0x40, 0x2c, 0xcd, 0xe0, 0x1, 0x33, 0xc4, 0x1,
    0xfe, 0x14, 0x4e, 0x30, 0x5, 0xdf, 0x48,

    /* U+0402 "Ђ" */
    0xcf, 0xff, 0xa4, 0x2, 0xfb, 0xb3, 0x5, 0xde,
    0x0, 0x8d, 0x11, 0xc2, 0x89, 0x10, 0x7, 0xff,
    0x1c, 0x6b, 0xbf, 0xa8, 0x40, 0x3c, 0x77, 0x68,
    0x4a, 0x0, 0xe1, 0x95, 0x46, 0xb4, 0x0, 0xff,
    0xe4, 0x23, 0x5a, 0x0, 0x7c, 0x77, 0x9, 0x40,

    /* U+0403 "Ѓ" */
    0x0, 0xcc, 0xc0, 0xc, 0xf6, 0x80, 0x10, 0x86,
    0x10, 0x4, 0x2e, 0x20, 0x7, 0xff, 0xf0, 0xd,
    0xdf, 0x0, 0x11, 0x38, 0x3, 0xff, 0xca,

    /* U+0404 "Є" */
    0x0, 0x9f, 0x7f, 0xac, 0xc0, 0x2c, 0x95, 0x99,
    0x6, 0x18, 0x48, 0xfc, 0x33, 0xdf, 0x18, 0x34,
    0x8, 0x6, 0x10, 0x30, 0xaf, 0xfc, 0x1, 0xd1,
    0x99, 0x80, 0x23, 0xe, 0x33, 0xc0, 0x19, 0x98,
    0x80, 0x19, 0x80, 0x12, 0x57, 0x2c, 0xf9, 0x26,
    0x0, 0xd7, 0x49, 0x93, 0x61, 0x80,

    /* U+0405 "Ѕ" */
    0x0, 0x46, 0xff, 0x51, 0x80, 0x2d, 0xaa, 0xe0,
    0x28, 0x0, 0x90, 0xe8, 0xd5, 0x20, 0x1, 0xf0,
    0xf, 0xad, 0xba, 0x54, 0x3, 0x2f, 0xd8, 0x5f,
    0xb0, 0x6, 0x59, 0xe7, 0x91, 0x2, 0x0, 0xd6,
    0x4, 0x4d, 0xa6, 0x46, 0xe2, 0x32, 0xc0, 0x8b,
    0x84, 0xc0,

    /* U+0406 "І" */
    0x7e, 0x0, 0xff, 0xe3, 0x0,

    /* U+0407 "Ї" */
    0xa6, 0x1e, 0x1e, 0x41, 0x81, 0x42, 0x6, 0x0,
    0x47, 0x0, 0x7f, 0xf8, 0xc0,

    /* U+0408 "Ј" */
    0xc, 0xff, 0xc4, 0x1f, 0x76, 0x80, 0x8, 0xd1,
    0x20, 0xf, 0xfe, 0x98, 0x80, 0x18, 0xa, 0x3d,
    0x96, 0xc, 0x21, 0xe2, 0x9b, 0x80,

    /* U+0409 "Љ" */
    0x0, 0x37, 0xff, 0xc0, 0x1f, 0xe2, 0xbb, 0xc0,
    0x1f, 0xf0, 0x89, 0x13, 0x0, 0x7f, 0xf0, 0x1c,
    0x3, 0xdf, 0xf6, 0xb8, 0x6, 0xf0, 0xf, 0xb3,
    0x2a, 0x88, 0x0, 0x42, 0x20, 0xf, 0x19, 0xce,
    0xe6, 0x0, 0x88, 0x80, 0x1f, 0xed, 0x10, 0x9,
    0x34, 0x3, 0xfd, 0x82, 0x7, 0x40, 0x80, 0x1e,
    0x44, 0x2c, 0xb3, 0x3, 0xd2, 0x44, 0x3, 0xd7,
    0x6a, 0x49, 0x80,

    /* U+040A "Њ" */
    0x7e, 0x0, 0xea, 0xb0, 0xf, 0xff, 0x60, 0xff,
    0xf2, 0xa7, 0xfd, 0xd2, 0x20, 0x1, 0xcc, 0xe4,
    0x3c, 0xc5, 0xcb, 0x58, 0x4, 0x67, 0xc2, 0xe6,
    0x64, 0x77, 0x28, 0x7, 0xff, 0xc, 0x40, 0x3f,
    0x9c, 0xce, 0x67, 0x60, 0xf, 0xe3, 0xcc, 0xae,
    0x20, 0x0,

    /* U+040B "Ћ" */
    0xdf, 0xff, 0xa0, 0x2, 0xeb, 0xb2, 0x8d, 0xdd,
    0x40, 0x11, 0xa2, 0x34, 0x11, 0x22, 0x0, 0xff,
    0xe3, 0x8d, 0x77, 0xfa, 0x40, 0x3f, 0x45, 0xc3,
    0x50, 0x7, 0xd, 0x32, 0x3c, 0x28, 0x7, 0xf8,
    0xc0, 0x40, 0x3f, 0xf9, 0x80,

    /* U+040C "Ќ" */
    0x0, 0xc5, 0x4, 0x1, 0xc5, 0x9c, 0x40, 0x1c,
    0x94, 0xc0, 0x1e, 0x64, 0x0, 0xcf, 0xc0, 0x19,
    0x7c, 0xc0, 0x38, 0xaa, 0x86, 0x1, 0xde, 0xca,
    0x1, 0x8, 0xa8, 0x64, 0x2, 0x1e, 0xe2, 0xf8,
    0x6, 0x1b, 0xb1, 0x40, 0x7, 0x22, 0x39, 0x18,
    0x3, 0xc6, 0xf2, 0x20, 0x1e, 0x82, 0xa0, 0xf,
    0xb9, 0x18,

    /* U+040D "Ѝ" */
    0x0, 0x23, 0x88, 0x7, 0x93, 0x74, 0x1, 0xf5,
    0x51, 0x0, 0x3e, 0x64, 0x0, 0x9f, 0x80, 0x3a,
    0xbc, 0x3, 0xcc, 0xa0, 0x1e, 0x39, 0x20, 0xf,
    0x72, 0x58, 0x7, 0x51, 0xd0, 0x7, 0x32, 0xe8,
    0x80, 0x63, 0x98, 0x30, 0xc, 0x3c, 0x8e, 0x1,
    0xe3, 0xa0, 0xf, 0xb4, 0x40, 0x38,

    /* U+040E "Ў" */
    0x0, 0x21, 0x80, 0x18, 0x3, 0x8e, 0x40, 0xe0,
    0x3, 0x9c, 0xf7, 0xe8, 0x3, 0xd3, 0xb8, 0x80,
    0x14, 0x70, 0x7, 0x17, 0xa4, 0x3, 0x80, 0x68,
    0x44, 0x4, 0xc0, 0x80, 0x9, 0x60, 0x0, 0xe3,
    0x20, 0x9, 0x53, 0x0, 0xad, 0xc4, 0xd2, 0x0,
    0x32, 0x94, 0x41, 0x88, 0x3, 0xa5, 0x92, 0x0,
    0x3c, 0x81, 0x2, 0x1, 0x91, 0xb0, 0x9c, 0x3,
    0xba, 0x5f, 0xc0, 0x38,

    /* U+040F "Џ" */
    0x7e, 0x0, 0xea, 0xc0, 0xf, 0xff, 0xaa, 0x27,
    0x8, 0x0, 0x6e, 0xf9, 0x1, 0xff, 0xe0, 0xbf,
    0xf6, 0x0, 0x7f, 0xf0, 0x5d, 0x80, 0x20,

    /* U+0410 "А" */
    0x0, 0xd3, 0xe6, 0x1, 0xf0, 0xb1, 0x48, 0x7,
    0xd2, 0x7c, 0xa2, 0x1, 0xe6, 0x93, 0x49, 0x0,
    0xe6, 0x35, 0xf, 0x60, 0xe, 0xbb, 0x0, 0x10,
    0xd8, 0x2, 0x42, 0x9f, 0xf8, 0xac, 0x2, 0xf6,
    0xcc, 0xe2, 0x50, 0x24, 0xb3, 0x3e, 0x69, 0xb,
    0x32, 0x0, 0xea, 0x33, 0x0,

    /* U+0411 "Б" */
    0x7f, 0xff, 0x70, 0x0, 0x6e, 0xfb, 0x40, 0x24,
    0x4e, 0x30, 0xf, 0xf8, 0x7f, 0xee, 0xc4, 0x0,
    0xe, 0xed, 0x4d, 0x64, 0x0, 0x22, 0x92, 0x81,
    0x40, 0x3f, 0x8, 0x0, 0xce, 0x4b, 0x4, 0x1,
    0xcc, 0xa8, 0x30, 0x80,

    /* U+0412 "В" */
    0x7f, 0xfd, 0xd6, 0x40, 0x1, 0xdd, 0xa9, 0xb0,
    0x2, 0x22, 0x92, 0x4, 0x40, 0x1c, 0x3e, 0x62,
    0x3, 0xff, 0x72, 0x78, 0x0, 0x77, 0x6c, 0x7c,
    0x20, 0x1, 0x14, 0x72, 0x54, 0x1, 0xff, 0x19,
    0xe9, 0x2b, 0x1, 0xcc, 0xcb, 0x66,

    /* U+0413 "Г" */
    0x7f, 0xff, 0x0, 0xdd, 0xf0, 0x1, 0x13, 0x80,
    0x3f, 0xfc, 0xa0,

    /* U+0414 "Д" */
    0x0, 0x3f, 0xff, 0x98, 0x2, 0xf3, 0xbb, 0xc0,
    0x1e, 0x74, 0x4c, 0x1, 0xc2, 0x20, 0xf, 0xe3,
    0x30, 0x7, 0xf0, 0x88, 0x3, 0xf9, 0x74, 0x3,
    0xf1, 0xa, 0x0, 0x7c, 0x9c, 0x48, 0xab, 0x83,
    0xd2, 0xc, 0xaa, 0xb8, 0x1a, 0x42, 0x3f, 0xfe,
    0x80, 0xf, 0xfe, 0x5, 0x20, 0x7, 0xc9, 0x60,

    /* U+0415 "Е" */
    0x7f, 0xff, 0x38, 0x2, 0xef, 0x94, 0x5, 0x13,
    0x88, 0x3, 0xf8, 0x7f, 0xf6, 0x80, 0x59, 0x9b,
    0xc0, 0x2, 0x67, 0x88, 0x3, 0xfc, 0x28, 0x9c,
    0x60, 0xb, 0xbe, 0x90,

    /* U+0416 "Ж" */
    0x2f, 0x50, 0x9, 0xf8, 0x3, 0x74, 0x81, 0x45,
    0x88, 0x7, 0xd2, 0x72, 0x0, 0x72, 0xb0, 0xf,
    0x23, 0x70, 0x6, 0xe5, 0x50, 0xf8, 0x8, 0xa9,
    0xcc, 0x3, 0x12, 0xd7, 0x38, 0xf7, 0x6, 0x40,
    0x38, 0x95, 0xad, 0x86, 0xec, 0x12, 0x1, 0xd2,
    0x32, 0x9c, 0x8, 0x87, 0x71, 0x0, 0x48, 0x8b,
    0x0, 0xf4, 0xc, 0x0, 0x52, 0x6a, 0x1, 0xf5,
    0xaa, 0x3, 0x97, 0x80, 0x7e, 0x53, 0x90,

    /* U+0417 "З" */
    0x6, 0xce, 0xfc, 0x50, 0xa, 0xae, 0xd4, 0xd4,
    0xc0, 0xc, 0x75, 0x55, 0x26, 0x80, 0x78, 0xd7,
    0x0, 0x2b, 0xff, 0x62, 0xb8, 0x5, 0x39, 0x8a,
    0x69, 0x0, 0x88, 0xcc, 0xb0, 0xc2, 0x2, 0x1,
    0x88, 0x0, 0xbd, 0xa, 0xa9, 0x85, 0x15, 0xa4,
    0xaa, 0x24, 0x50, 0x0,

    /* U+0418 "И" */
    0x7e, 0x0, 0xea, 0xf0, 0xf, 0x32, 0x80, 0x78,
    0xe4, 0x80, 0x3d, 0xc9, 0x60, 0x1d, 0x47, 0x40,
    0x1c, 0xcb, 0xa2, 0x1, 0x8e, 0x60, 0xc0, 0x30,
    0xf2, 0x38, 0x7, 0x8e, 0x80, 0x3e, 0xd1, 0x0,
    0xe0,

    /* U+0419 "Й" */
    0x0, 0x29, 0x0, 0x1c, 0x3, 0x14, 0x1, 0xc8,
    0x6, 0x73, 0xdf, 0xd0, 0xe, 0x9d, 0xc3, 0x0,
    0x3f, 0x0, 0x75, 0x78, 0x7, 0x99, 0x40, 0x3c,
    0x72, 0x40, 0x1e, 0xe4, 0xb0, 0xe, 0xa3, 0xa0,
    0xe, 0x65, 0xd1, 0x0, 0xc7, 0x30, 0x60, 0x18,
    0x79, 0x1c, 0x3, 0xc7, 0x40, 0x1f, 0x68, 0x80,
    0x70,

    /* U+041A "К" */
    0x7e, 0x0, 0xcb, 0xe6, 0x1, 0xc5, 0x54, 0x30,
    0xe, 0xf6, 0x50, 0x8, 0x45, 0x43, 0x20, 0x10,
    0xf7, 0x17, 0xc0, 0x30, 0xdd, 0x8a, 0x0, 0x39,
    0x11, 0xc8, 0xc0, 0x1e, 0x37, 0x91, 0x0, 0xf4,
    0x15, 0x0, 0x7d, 0xc8, 0xc0,

    /* U+041B "Л" */
    0x0, 0x37, 0xff, 0xa0, 0x2, 0x2b, 0xbc, 0x20,
    0x10, 0x89, 0x13, 0x18, 0x6, 0x70, 0xf, 0xde,
    0x1, 0xfc, 0x22, 0x0, 0xfc, 0x44, 0x0, 0xfc,
    0x9a, 0x1, 0xe3, 0xa0, 0x40, 0xf, 0x7a, 0x48,
    0x80, 0x78,

    /* U+041C "М" */
    0x7e, 0x0, 0xf9, 0xf8, 0x6, 0x0, 0x38, 0x60,
    0x40, 0xe, 0x40, 0x1a, 0xc0, 0x21, 0x49, 0x0,
    0x8d, 0x58, 0x2, 0x94, 0x40, 0x3, 0xdf, 0xc0,
    0x22, 0x79, 0x5, 0x28, 0x0, 0xe8, 0x37, 0xb8,
    0x0, 0xfa, 0xe0, 0x98, 0x3, 0xe5, 0x57, 0x80,
    0x7f, 0x51, 0x80, 0x60,

    /* U+041D "Н" */
    0x7e, 0x0, 0xe7, 0xf0, 0xf, 0xfe, 0x80, 0xff,
    0xf4, 0x0, 0x59, 0x9c, 0xc0, 0x1, 0x33, 0xee,
    0x0, 0xff, 0xe8, 0x0,

    /* U+041E "О" */
    0x0, 0x9b, 0x3f, 0xb1, 0x40, 0x3b, 0x25, 0x66,
    0x1a, 0xa8, 0x1, 0x49, 0xe4, 0xb3, 0x2a, 0xd5,
    0xc0, 0xd, 0x6, 0x1, 0x91, 0xa4, 0xc, 0x14,
    0x3, 0xd8, 0x22, 0x0, 0xff, 0x84, 0x81, 0x40,
    0x3d, 0x84, 0x2, 0xd0, 0x60, 0x19, 0x5a, 0x80,
    0x12, 0x79, 0x2c, 0xca, 0xa2, 0xb8, 0x5, 0x92,
    0xb3, 0x26, 0xaa, 0x0, 0x0,

    /* U+041F "П" */
    0x7f, 0xff, 0xc0, 0x37, 0x7c, 0xc0, 0x12, 0x27,
    0x78, 0x7, 0xff, 0xd0,

    /* U+0420 "Р" */
    0x7f, 0xfd, 0xb0, 0x1, 0xae, 0xd4, 0xad, 0x80,
    0x1, 0x44, 0x2c, 0x51, 0xa0, 0x7, 0x90, 0x8,
    0x3, 0xc4, 0x6, 0x1, 0x85, 0x38, 0x54, 0x7,
    0xfd, 0xd6, 0xf8, 0x1, 0x66, 0x5d, 0x64, 0x0,
    0x13, 0x38, 0x40, 0x3f, 0xf8, 0x0,

    /* U+0421 "С" */
    0x0, 0x9b, 0x3f, 0xd8, 0xa0, 0x16, 0x4a, 0xcc,
    0x9a, 0x94, 0x24, 0xf2, 0x59, 0x95, 0x8a, 0xd,
    0x6, 0x1, 0x8c, 0xc, 0x10, 0x3, 0xf8, 0x40,
    0x3e, 0x30, 0x50, 0xf, 0xcd, 0x6, 0x1, 0x8c,
    0x1, 0x27, 0x94, 0xcc, 0xac, 0x50, 0x6, 0x43,
    0x4c, 0x9a, 0xd4,

    /* U+0422 "Т" */
    0xdf, 0xff, 0x93, 0xae, 0xca, 0x37, 0x72, 0x9a,
    0x23, 0x41, 0x12, 0x10, 0xf, 0xff, 0x98,

    /* U+0423 "У" */
    0x8e, 0x0, 0xe2, 0xf4, 0x80, 0x70, 0xd, 0x8,
    0x80, 0x98, 0x10, 0x1, 0x2c, 0x0, 0x1c, 0x64,
    0x1, 0x2a, 0x60, 0x15, 0xb8, 0x9a, 0x40, 0x6,
    0x52, 0x88, 0x31, 0x0, 0x74, 0xb2, 0x40, 0x7,
    0x90, 0x20, 0x40, 0x32, 0x36, 0x13, 0x80, 0x77,
    0x4b, 0xf8, 0x7, 0x0,

    /* U+0424 "Ф" */
    0x0, 0xf2, 0x0, 0x7f, 0xc5, 0x64, 0x1, 0xf1,
    0x4e, 0xe8, 0x37, 0x52, 0x40, 0x12, 0x6a, 0xc5,
    0x5, 0x42, 0xe9, 0x80, 0x29, 0x71, 0x5c, 0x1d,
    0x71, 0x38, 0xc, 0x60, 0x3, 0xe8, 0x23, 0x60,
    0x20, 0xf, 0x8c, 0x1c, 0x40, 0x80, 0x3e, 0x20,
    0x74, 0xb, 0x0, 0xfa, 0xc4, 0xc2, 0x5a, 0x4c,
    0x40, 0x4e, 0x5a, 0xc0, 0xd, 0x49, 0x98, 0xc,
    0xc2, 0xda, 0x80, 0x4b, 0xbd, 0x61, 0x7d, 0x88,
    0x0,

    /* U+0425 "Х" */
    0x3f, 0x70, 0x8, 0xbd, 0xc0, 0xde, 0x8, 0x1,
    0xe6, 0xe0, 0x8, 0x3e, 0x8, 0x2e, 0x0, 0xdc,
    0x76, 0xf2, 0x40, 0x18, 0xa1, 0xd, 0x80, 0x3d,
    0xa0, 0x42, 0x1, 0xca, 0xa9, 0xa, 0x0, 0xc3,
    0x6c, 0xca, 0x46, 0x0, 0xa8, 0xe4, 0x11, 0xa4,
    0x81, 0x93, 0x80, 0x29, 0x2e, 0x0,

    /* U+0426 "Ц" */
    0x7e, 0x0, 0xea, 0xc0, 0xf, 0xff, 0xf8, 0x7,
    0x91, 0x38, 0x44, 0x82, 0x3, 0x77, 0xc8, 0x56,
    0xaf, 0xff, 0xf8, 0x3, 0xff, 0x94, 0xec,

    /* U+0427 "Ч" */
    0x4f, 0x20, 0xd, 0x38, 0x1, 0xff, 0xc6, 0x60,
    0x60, 0xf, 0x10, 0xca, 0x9, 0x2a, 0x0, 0x34,
    0x2f, 0xb6, 0xc0, 0x23, 0xde, 0xcd, 0xe4, 0x0,
    0xc2, 0x64, 0x1, 0xff, 0xc9,

    /* U+0428 "Ш" */
    0x7e, 0x0, 0xde, 0xa0, 0x14, 0xe0, 0x7, 0xff,
    0xfc, 0x3, 0xff, 0x8c, 0x89, 0x83, 0x51, 0x22,
    0x0, 0xd, 0xde, 0x7, 0xbb, 0x90, 0x0,

    /* U+0429 "Щ" */
    0x7e, 0x0, 0xde, 0xa0, 0x14, 0xe0, 0x7, 0xff,
    0xfc, 0x3, 0xff, 0xac, 0x89, 0x83, 0x51, 0x31,
    0xa0, 0x80, 0xdd, 0xe0, 0x7b, 0xb8, 0x82, 0xd5,
    0xff, 0xff, 0xf8, 0x0, 0x1f, 0xfd, 0x27, 0x60,

    /* U+042A "Ъ" */
    0xdf, 0xfa, 0x0, 0x3e, 0xeb, 0xb0, 0x80, 0x7e,
    0x34, 0x41, 0x80, 0x7f, 0xf0, 0x1f, 0xfe, 0xd7,
    0x0, 0xf3, 0x66, 0x55, 0x10, 0x0, 0xe1, 0x33,
    0x9d, 0x98, 0x1, 0xfe, 0xf1, 0x0, 0xff, 0x79,
    0x0, 0x70, 0x99, 0xd0, 0xd6, 0x1, 0xcd, 0x99,
    0x24, 0xb0, 0x0,

    /* U+042B "Ы" */
    0x7e, 0x0, 0xfd, 0xec, 0x1, 0xff, 0xcd, 0x1f,
    0xfb, 0xa8, 0x80, 0x38, 0x73, 0x2b, 0x7f, 0x0,
    0xf1, 0x9c, 0xbe, 0x48, 0x1, 0xfc, 0x40, 0x40,
    0x1f, 0xc6, 0x4, 0x1, 0xc6, 0x72, 0xf1, 0xa0,
    0x6, 0x1c, 0xca, 0x13, 0x40, 0x30,

    /* U+042C "Ь" */
    0x7e, 0x0, 0xff, 0xe7, 0xf, 0xfd, 0xd4, 0x40,
    0x1, 0xcc, 0xad, 0xfc, 0x2, 0x33, 0x97, 0xc9,
    0x0, 0x3c, 0x40, 0x40, 0x1e, 0x30, 0x20, 0x1,
    0x9c, 0xbc, 0x68, 0x3, 0x99, 0x42, 0x68, 0x0,

    /* U+042D "Э" */
    0x4, 0xbe, 0xfd, 0x60, 0x9, 0x2c, 0x66, 0x49,
    0x36, 0x0, 0x4d, 0xa7, 0x69, 0xd5, 0x80, 0x1,
    0x0, 0x62, 0x96, 0x0, 0xdf, 0xfa, 0x4, 0x40,
    0x16, 0x66, 0x80, 0xe, 0x33, 0xda, 0x22, 0x4,
    0x0, 0xc8, 0xac, 0xb, 0x76, 0x66, 0x55, 0xa4,
    0x2, 0xd8, 0x44, 0xbc, 0x58, 0x0,

    /* U+042E "Ю" */
    0x7e, 0x0, 0x86, 0x37, 0xfa, 0x48, 0x3, 0xc5,
    0xed, 0x57, 0x65, 0xd4, 0x0, 0xee, 0xf, 0x74,
    0x5c, 0x5a, 0x0, 0x84, 0xcd, 0x62, 0x1, 0xac,
    0x58, 0x7, 0xb0, 0x1c, 0x3, 0x84, 0xbc, 0x6,
    0xe4, 0x3, 0xf8, 0x40, 0x8, 0xc0, 0x80, 0x1c,
    0x25, 0xc0, 0x19, 0xa0, 0x80, 0x35, 0xb, 0x0,
    0x69, 0x2d, 0x96, 0x7d, 0x4a, 0x0, 0xf6, 0x42,
    0x4c, 0x9f, 0x50, 0x0,

    /* U+042F "Я" */
    0x0, 0x36, 0x7f, 0xeb, 0x8, 0x95, 0xab, 0xb1,
    0x80, 0x1d, 0xd2, 0xa8, 0x86, 0x2, 0xc, 0x0,
    0xf1, 0x81, 0x0, 0x78, 0x52, 0x10, 0x40, 0x3a,
    0x96, 0xfb, 0xfc, 0xa0, 0x1, 0xd1, 0xbc, 0xc2,
    0x0, 0xa, 0x6d, 0xc, 0xc2, 0x0, 0xe5, 0x50,
    0x7, 0x0,

    /* U+0430 "а" */
    0x5, 0xcf, 0xea, 0x10, 0x7, 0x5d, 0xcf, 0x40,
    0xb, 0x74, 0x59, 0x40, 0x2, 0x67, 0x72, 0xc0,
    0x45, 0x69, 0x9f, 0x60, 0x6a, 0x10, 0x42, 0x20,
    0x2, 0x83, 0x81, 0xc0, 0x0, 0x6a, 0x9f, 0xd4,
    0x0,

    /* U+0431 "б" */
    0x0, 0xc2, 0xb3, 0xa4, 0x0, 0x1a, 0xea, 0x55,
    0x18, 0xe, 0x35, 0xfe, 0x40, 0x84, 0xe, 0x20,
    0x7, 0x3d, 0x4f, 0x7d, 0x8, 0x0, 0x60, 0xae,
    0x53, 0x0, 0x40, 0xad, 0x5b, 0x9, 0x80, 0x16,
    0x1, 0x11, 0xf8, 0x80, 0x7f, 0x2d, 0x80, 0x42,
    0x7e, 0x10, 0x74, 0x8b, 0x84, 0xc0, 0x58, 0xd7,
    0x64, 0xc0,

    /* U+0432 "в" */
    0xbf, 0xfb, 0xa4, 0x0, 0xbd, 0xca, 0x67, 0x0,
    0x8, 0x94, 0x48, 0x17, 0xba, 0x25, 0x5, 0xff,
    0x60, 0xc0, 0x0, 0x44, 0x68, 0x80, 0x0, 0x88,
    0xd1, 0x41, 0x7b, 0x9a, 0xf0,

    /* U+0433 "г" */
    0xbf, 0xfd, 0x80, 0x97, 0x77, 0x80, 0xa2, 0x46,
    0x1, 0xff, 0xd2,

    /* U+0434 "д" */
    0x1, 0xff, 0xeb, 0x0, 0xd5, 0x76, 0x40, 0x8,
    0xc1, 0x12, 0x10, 0x8, 0x40, 0x40, 0x3c, 0xc0,
    0x1f, 0x88, 0xc0, 0x3c, 0x92, 0xa8, 0x90, 0xb9,
    0xd0, 0xb5, 0xdc, 0x87, 0xc1, 0x3f, 0xfd, 0x20,
    0x46, 0x1, 0xc6, 0xc0,

    /* U+0435 "е" */
    0x0, 0x3e, 0xfe, 0x28, 0x5, 0x35, 0x19, 0x74,
    0xa0, 0x2d, 0xea, 0x6e, 0xe9, 0x4, 0xc, 0xee,
    0x9c, 0xc0, 0x2c, 0xff, 0xbb, 0x80, 0x80, 0xa2,
    0x30, 0x8, 0xb, 0x44, 0xa3, 0x7a, 0x0, 0x26,
    0x12, 0xe1, 0x90, 0x0,

    /* U+0436 "ж" */
    0x4f, 0x20, 0x5, 0xc8, 0x1, 0x3c, 0xd1, 0xb8,
    0x3, 0xd5, 0x6, 0x12, 0x2e, 0x1, 0xa4, 0x9c,
    0x2, 0xb8, 0xf4, 0x6f, 0x68, 0x0, 0xd6, 0x98,
    0x69, 0x87, 0xe0, 0x13, 0x14, 0x9b, 0x91, 0xc2,
    0x20, 0x1, 0xc, 0x40, 0x19, 0x11, 0x21, 0x3,
    0x0, 0x1e, 0x92, 0x60,

    /* U+0437 "з" */
    0x19, 0xdf, 0xd9, 0x0, 0xa3, 0x2d, 0xa0, 0x65,
    0x4d, 0xc8, 0x2, 0x8e, 0xe0, 0xc0, 0x2, 0x7f,
    0x6, 0x40, 0x2, 0x23, 0x44, 0x35, 0xb2, 0x3b,
    0x2a, 0x15, 0xda, 0xa2, 0x0,

    /* U+0438 "и" */
    0xba, 0x0, 0x8f, 0xd8, 0x3, 0xe, 0x80, 0x7a,
    0x88, 0x3, 0xa1, 0x74, 0x3, 0x2b, 0xd0, 0x80,
    0x4d, 0x50, 0x80, 0x18, 0xd1, 0xc0, 0x38, 0xac,
    0x3, 0x80,

    /* U+0439 "й" */
    0x5, 0xa0, 0x2d, 0x0, 0x94, 0xf7, 0xa4, 0x3,
    0x4e, 0xe2, 0x0, 0x2e, 0x80, 0x23, 0xf6, 0x0,
    0xc3, 0xa0, 0x1e, 0xa2, 0x0, 0xe8, 0x5d, 0x0,
    0xca, 0xf4, 0x20, 0x13, 0x54, 0x20, 0x6, 0x34,
    0x70, 0xe, 0x2b, 0x0, 0xe0,

    /* U+043A "к" */
    0xba, 0x0, 0xb2, 0x80, 0x3a, 0x42, 0x80, 0x33,
    0x3e, 0x80, 0x4b, 0xf3, 0x2, 0x1, 0x26, 0x2c,
    0x0, 0x61, 0x3b, 0x9, 0x0, 0xe1, 0xb6, 0x40,
    0xe, 0x55, 0x50, 0x0,

    /* U+043B "л" */
    0x0, 0x7f, 0xf5, 0x0, 0x85, 0x5d, 0x8c, 0x0,
    0x60, 0x89, 0x30, 0x0, 0x40, 0x40, 0x39, 0xc4,
    0x3, 0xc6, 0x40, 0x1c, 0x74, 0x80, 0x1d, 0xa3,
    0x20, 0x1c,

    /* U+043C "м" */
    0xbe, 0x0, 0xea, 0xd0, 0x17, 0x0, 0x8d, 0x40,
    0x7, 0x2, 0x0, 0xf3, 0x0, 0x22, 0x24, 0x14,
    0x68, 0x2, 0x97, 0x28, 0x81, 0x80, 0x44, 0xd8,
    0x2a, 0x1, 0xd0, 0x3e, 0x1, 0xe1, 0xe3, 0x0,
    0x80,

    /* U+043D "н" */
    0xba, 0x0, 0x8b, 0xcc, 0x3, 0xff, 0x8a, 0xbf,
    0xf6, 0x80, 0x49, 0x99, 0x58, 0x4, 0x26, 0x73,
    0x0, 0x7f, 0xf1, 0x80,

    /* U+043E "о" */
    0x0, 0x3e, 0xfe, 0xb0, 0x5, 0x31, 0x56, 0xb3,
    0x0, 0x2d, 0x4e, 0x91, 0x2e, 0x28, 0xa, 0x1,
    0x38, 0x28, 0x7, 0xf2, 0x3, 0x0, 0x4c, 0xa,
    0x2d, 0x2e, 0x91, 0x7, 0x10, 0x98, 0xab, 0x59,
    0x80,

    /* U+043F "п" */
    0xbf, 0xff, 0x10, 0x25, 0xdd, 0x20, 0x10, 0xa2,
    0x60, 0xf, 0xfe, 0xf0,

    /* U+0440 "р" */
    0xb9, 0x8e, 0xfc, 0x30, 0x3, 0x25, 0x63, 0x61,
    0x80, 0xea, 0x1d, 0x24, 0x2, 0x8, 0x5, 0xaa,
    0x2, 0x1, 0x84, 0x0, 0x82, 0x1, 0x5a, 0x80,
    0x31, 0x96, 0xce, 0x1, 0x6a, 0x29, 0xf0, 0xc0,
    0xf, 0xdf, 0x86, 0x1, 0xff, 0xc5,

    /* U+0441 "с" */
    0x0, 0x36, 0xfe, 0xb0, 0x2, 0x26, 0xae, 0xa5,
    0x45, 0xe9, 0xd1, 0xf5, 0x50, 0x14, 0x2, 0x20,
    0xf, 0xe4, 0x5, 0x0, 0x88, 0x5, 0xe9, 0xd2,
    0x35, 0x42, 0x26, 0xad, 0x65, 0x40,

    /* U+0442 "т" */
    0xff, 0xf6, 0xe5, 0xc0, 0x55, 0xf1, 0xa2, 0x1,
    0x10, 0x60, 0x1f, 0xfd, 0x70,

    /* U+0443 "у" */
    0xb, 0xa0, 0xd, 0x36, 0x1c, 0xa2, 0x1, 0x37,
    0x82, 0x8b, 0x0, 0x18, 0x50, 0x0, 0xd4, 0x0,
    0xa9, 0x0, 0xa4, 0x90, 0xcc, 0xc0, 0x10, 0xaf,
    0x52, 0x88, 0x6, 0xe5, 0x6e, 0x0, 0xe4, 0x22,
    0x20, 0x7, 0x8e, 0x80, 0x34, 0x24, 0x83, 0x80,
    0x63, 0xb4, 0xd0, 0xc,

    /* U+0444 "ф" */
    0x0, 0xef, 0x40, 0xf, 0xfe, 0x83, 0xef, 0x85,
    0xec, 0x88, 0x2, 0xa1, 0x28, 0x1e, 0x9f, 0x0,
    0x96, 0xa5, 0x43, 0x1f, 0x9, 0x9c, 0x14, 0x3,
    0x89, 0x30, 0x3, 0xf9, 0xc1, 0xc1, 0x40, 0x38,
    0x8f, 0x9, 0xaa, 0x14, 0xd, 0xf0, 0x98, 0x26,
    0x4b, 0x41, 0x14, 0xf8, 0x1, 0x36, 0xf8, 0x5e,
    0xc8, 0x80, 0x7f, 0xf2, 0xc0,

    /* U+0445 "х" */
    0x6f, 0x20, 0x4, 0x70, 0xb2, 0xf0, 0x1b, 0xe8,
    0x85, 0x94, 0xf3, 0x98, 0x0, 0x69, 0x86, 0x0,
    0x31, 0x1, 0x8, 0x4, 0x53, 0x22, 0xb0, 0xb,
    0x95, 0xb9, 0x58, 0x20, 0xac, 0xa, 0x64, 0x40,

    /* U+0446 "ц" */
    0xba, 0x0, 0x93, 0xc0, 0x3f, 0xfc, 0x82, 0x89,
    0x18, 0x20, 0x1, 0x2e, 0xe8, 0xb, 0x3b, 0xff,
    0xf0, 0x7, 0xf0, 0x80,

    /* U+0447 "ч" */
    0x6f, 0x0, 0x8b, 0xcc, 0x3, 0xff, 0x88, 0xa0,
    0xc0, 0x28, 0x0, 0x37, 0x9f, 0xea, 0x0, 0xa3,
    0xf7, 0xf8, 0x3, 0x88, 0x3, 0xff, 0x80,

    /* U+0448 "ш" */
    0xba, 0x0, 0xf, 0xa0, 0x1, 0xf8, 0x3, 0xff,
    0xd8, 0x28, 0x85, 0x3, 0x44, 0x70, 0x1, 0x2e,
    0xe0, 0x8b, 0xb3, 0x0,

    /* U+0449 "щ" */
    0xba, 0x0, 0xf, 0xa0, 0x1, 0xf8, 0x3, 0xff,
    0xe4, 0x28, 0x85, 0x3, 0x44, 0x60, 0x98, 0x25,
    0xdc, 0x11, 0x76, 0x40, 0xcb, 0xff, 0xfe, 0xb0,
    0xf, 0xf9, 0xa0,

    /* U+044A "ъ" */
    0xff, 0xa8, 0x3, 0xb2, 0xcc, 0x3, 0xc6, 0x8c,
    0x1, 0xfc, 0xbf, 0xda, 0xe0, 0x19, 0x37, 0x2e,
    0x10, 0x2, 0x12, 0x23, 0x9, 0x80, 0x42, 0x33,
    0x9, 0x80, 0x49, 0xdc, 0xb9, 0x40,

    /* U+044B "ы" */
    0xba, 0x0, 0xe5, 0xf0, 0xf, 0xfe, 0x3a, 0xff,
    0x6b, 0x0, 0x65, 0xdc, 0xb9, 0x40, 0xc, 0x44,
    0x61, 0x30, 0xc, 0x22, 0x61, 0x30, 0x9, 0x7b,
    0x97, 0x28, 0x0,

    /* U+044C "ь" */
    0xba, 0x0, 0xff, 0xe4, 0x2f, 0xf6, 0xb8, 0x1,
    0x77, 0x22, 0xc, 0x0, 0x22, 0x29, 0xf8, 0x0,
    0x44, 0xa7, 0x80, 0xbd, 0xc8, 0x82, 0x80,

    /* U+044D "э" */
    0x9, 0xef, 0xd6, 0x0, 0x29, 0x56, 0x44, 0x24,
    0x16, 0xd0, 0xd7, 0x18, 0x80, 0x11, 0xfe, 0xd0,
    0x40, 0x4, 0xee, 0xc0, 0x18, 0x48, 0x8e, 0x8,
    0xda, 0xa6, 0xf4, 0xc4, 0xc9, 0x79, 0x53, 0x20,

    /* U+044E "ю" */
    0xba, 0x0, 0x26, 0x7f, 0x48, 0x80, 0x64, 0xb6,
    0xca, 0x4d, 0x0, 0x87, 0xce, 0x8d, 0x30, 0xd4,
    0x17, 0x92, 0xc0, 0x21, 0x3c, 0x4, 0xb2, 0x0,
    0xfc, 0x28, 0xb4, 0x1, 0x11, 0xe0, 0x5, 0x27,
    0x6a, 0xde, 0x6a, 0x1, 0xe, 0x5, 0x42, 0x68,
    0x0,

    /* U+044F "я" */
    0x3, 0xbe, 0xff, 0x90, 0x34, 0x2e, 0xe0, 0x1,
    0x8c, 0xaa, 0x20, 0x0, 0x40, 0xa0, 0x1c, 0x35,
    0x3f, 0xdc, 0x0, 0x94, 0xdf, 0xfc, 0x1, 0x39,
    0xc0, 0x88, 0x0, 0x31, 0x0, 0xe,

    /* U+0450 "ѐ" */
    0x0, 0x56, 0x88, 0x7, 0xaa, 0x98, 0x20, 0x1e,
    0x7d, 0x10, 0xe, 0x7d, 0xfc, 0x50, 0xa, 0x6a,
    0x32, 0xe9, 0x40, 0x5b, 0xd4, 0xdd, 0xd2, 0x8,
    0x19, 0xdd, 0x39, 0x80, 0x59, 0xff, 0x77, 0x1,
    0x1, 0x44, 0x60, 0x10, 0x16, 0x89, 0x46, 0xf4,
    0x0, 0x4c, 0x25, 0xc3, 0x20, 0x0,

    /* U+0451 "ё" */
    0x0, 0x44, 0x3, 0x4c, 0x3, 0x5d, 0x82, 0xc8,
    0x3, 0x27, 0x7d, 0x20, 0x5, 0x35, 0x19, 0x74,
    0xa0, 0x2d, 0xea, 0x6e, 0xe9, 0x4, 0xc, 0xee,
    0x9c, 0xc0, 0x2c, 0xff, 0xbb, 0x80, 0x80, 0xa2,
    0x30, 0x8, 0xb, 0x44, 0xa3, 0x7a, 0x0, 0x26,
    0x12, 0xe1, 0x90, 0x0,

    /* U+0452 "ђ" */
    0x0, 0x5c, 0x80, 0x78, 0xb9, 0x1b, 0xb9, 0xa0,
    0x11, 0x7a, 0x2f, 0xfb, 0x0, 0x30, 0x81, 0xcf,
    0xf5, 0x90, 0x6, 0x64, 0xba, 0x6f, 0x0, 0xc3,
    0x8a, 0xae, 0x23, 0x0, 0x94, 0x2, 0x30, 0x60,
    0x8, 0x40, 0x3f, 0xfb, 0x57, 0x40, 0x1f, 0xf1,
    0x23, 0x83, 0x80, 0x73, 0xd4, 0xc8, 0x80,

    /* U+0453 "ѓ" */
    0x0, 0xa3, 0x88, 0x0, 0xe9, 0xe4, 0x0, 0x7c,
    0x10, 0xbf, 0xfd, 0x80, 0x97, 0x77, 0x80, 0xa2,
    0x46, 0x1, 0xff, 0xd2,

    /* U+0454 "є" */
    0x0, 0x36, 0xff, 0x48, 0x84, 0x42, 0xf2, 0x8d,
    0x5, 0xf1, 0x8d, 0x29, 0x50, 0x37, 0xfd, 0x20,
    0x1b, 0x76, 0x80, 0x2, 0x2, 0x91, 0x4, 0x0,
    0x2f, 0xe, 0x6b, 0xae, 0x11, 0x35, 0x96, 0x8c,

    /* U+0455 "ѕ" */
    0x3, 0xbf, 0xec, 0x40, 0xd1, 0xba, 0x57, 0x11,
    0x72, 0x22, 0x4c, 0x52, 0xe9, 0xc8, 0x1, 0x74,
    0x77, 0xae, 0x0, 0x59, 0xc6, 0xa2, 0xd7, 0x45,
    0x47, 0x35, 0xab, 0xb2, 0x58,

    /* U+0456 "і" */
    0xbb, 0x11, 0x26, 0x57, 0x40, 0x1f, 0xfc, 0x20,

    /* U+0457 "ї" */
    0x97, 0x97, 0xa5, 0xa5, 0x39, 0x91, 0x0, 0x7f,
    0xf4, 0x0,

    /* U+0458 "ј" */
    0x0, 0xae, 0xc0, 0x11, 0x10, 0x2, 0x99, 0x0,
    0x57, 0x40, 0x1f, 0xfd, 0xd6, 0x44, 0x61, 0x5d,
    0x95, 0x80,

    /* U+0459 "љ" */
    0x0, 0x7f, 0xf8, 0x3, 0xc2, 0x15, 0x76, 0x0,
    0xfc, 0x60, 0x89, 0x0, 0x7e, 0x10, 0x10, 0xd,
    0xfd, 0xb0, 0x0, 0x71, 0x0, 0xed, 0xc8, 0x76,
    0x3, 0x20, 0xe, 0x22, 0x29, 0xf9, 0xd2, 0x0,
    0x71, 0x99, 0x8f, 0xf4, 0x64, 0x3, 0xb3, 0x10,
    0xec,

    /* U+045A "њ" */
    0xba, 0x0, 0x93, 0xc4, 0x3, 0xff, 0xa2, 0xbf,
    0xf5, 0x87, 0x7f, 0xb0, 0x81, 0x33, 0x29, 0xb,
    0xcb, 0x1e, 0x1, 0x33, 0x88, 0x14, 0xd2, 0x88,
    0x3, 0xe3, 0x12, 0xb5, 0x0, 0xfb, 0x7b, 0x1a,
    0x80,

    /* U+045B "ћ" */
    0x0, 0x8, 0x80, 0x3f, 0x55, 0x80, 0x79, 0xb5,
    0x17, 0x76, 0x0, 0x9b, 0x51, 0x77, 0x60, 0xf,
    0xa3, 0xbe, 0xc8, 0x3, 0x2a, 0x5d, 0x37, 0x80,
    0x61, 0xc5, 0x57, 0x11, 0x80, 0x4a, 0x1, 0x18,
    0x30, 0x4, 0x20, 0x1f, 0xfd, 0x80,

    /* U+045C "ќ" */
    0x0, 0x97, 0xd4, 0x3, 0x25, 0xe2, 0x80, 0x64,
    0xe3, 0x0, 0xae, 0x80, 0x2c, 0xa0, 0xe, 0x90,
    0xa0, 0xc, 0xcf, 0xa0, 0x12, 0xfc, 0xc0, 0x80,
    0x49, 0x8b, 0x0, 0x18, 0x4e, 0xc2, 0x40, 0x38,
    0x6d, 0x90, 0x3, 0x95, 0x54, 0x0,

    /* U+045D "ѝ" */
    0x4, 0xe6, 0x0, 0xe4, 0xcb, 0x50, 0xe, 0x2d,
    0x50, 0xa, 0xe8, 0x2, 0x3f, 0x60, 0xc, 0x3a,
    0x1, 0xea, 0x20, 0xe, 0x85, 0xd0, 0xc, 0xaf,
    0x42, 0x1, 0x35, 0x42, 0x0, 0x63, 0x47, 0x0,
    0xe2, 0xb0, 0xe,

    /* U+045E "ў" */
    0x0, 0x25, 0x81, 0x70, 0x6, 0x42, 0xde, 0xa0,
    0xe, 0x9d, 0xc4, 0x0, 0xae, 0x80, 0x34, 0xd8,
    0x72, 0x88, 0x4, 0xde, 0xa, 0x2c, 0x0, 0x61,
    0x40, 0x3, 0x50, 0x2, 0xa4, 0x2, 0x92, 0x43,
    0x33, 0x0, 0x42, 0xbd, 0x4a, 0x20, 0x1b, 0x95,
    0xb8, 0x3, 0x90, 0x88, 0x80, 0x1e, 0x3a, 0x0,
    0xd0, 0x92, 0xe, 0x1, 0x8e, 0xd3, 0x40, 0x30,

    /* U+045F "џ" */
    0xba, 0x0, 0xa6, 0xc0, 0x3f, 0xfb, 0x2, 0x89,
    0x10, 0x1, 0x2e, 0xe4, 0xb, 0xfe, 0xd, 0xfb,
    0x0, 0xf8,

    /* U+0462 "Ѣ" */
    0x0, 0xf, 0xa0, 0x7, 0xff, 0x16, 0xff, 0x82,
    0xff, 0xc6, 0x1, 0x56, 0xe0, 0x56, 0xe8, 0xc0,
    0x21, 0x22, 0x5, 0x6e, 0xbf, 0x14, 0x3, 0xa7,
    0x31, 0x6d, 0x48, 0x1, 0x88, 0xcc, 0x94, 0x5c,
    0x1, 0xfc, 0xec, 0x1, 0xfc, 0xea, 0x1, 0x88,
    0xcc, 0x94, 0x54, 0x1, 0xa7, 0x31, 0x43, 0x86,

    /* U+0463 "ѣ" */
    0x2, 0xf2, 0x0, 0xff, 0xe5, 0xfe, 0x86, 0xff,
    0x0, 0x5f, 0x81, 0x9f, 0xc0, 0x18, 0x40, 0x40,
    0x3f, 0x6f, 0xf5, 0x98, 0x6, 0xbd, 0xd0, 0xe8,
    0x6, 0x62, 0x3e, 0x11, 0x0, 0x42, 0x22, 0xe1,
    0x10, 0x5, 0x9d, 0xa3, 0xa0,

    /* U+046A "Ѫ" */
    0x9, 0xff, 0xfe, 0x30, 0x5, 0x94, 0x6e, 0xf1,
    0xb1, 0x80, 0xb, 0x2c, 0x48, 0xab, 0xb4, 0x80,
    0x61, 0xc9, 0x20, 0x7f, 0x70, 0xf, 0x4a, 0x7b,
    0xc5, 0xa8, 0x7, 0x5a, 0x55, 0x23, 0x6a, 0x8a,
    0x1, 0x2a, 0x7a, 0x10, 0x13, 0xba, 0xc0, 0x29,
    0x62, 0x0, 0xe8, 0x16, 0x2, 0x3a, 0x0, 0xf9,
    0x68, 0x28, 0x8c, 0x3, 0xee, 0x32,

    /* U+046B "ѫ" */
    0xe, 0xff, 0xf5, 0x80, 0x24, 0xbb, 0xfd, 0xa3,
    0xe0, 0x7, 0x75, 0x80, 0x3e, 0x50, 0x2, 0xa6,
    0x8b, 0x77, 0x0, 0x43, 0x66, 0xe8, 0xb2, 0x1,
    0x58, 0x72, 0xc6, 0xa4, 0x1, 0x2c, 0x88, 0x0,
    0xa5, 0xc2, 0xd0, 0x80, 0x32, 0x13, 0x0,

    /* U+0472 "Ѳ" */
    0x0, 0x9b, 0x3f, 0xb1, 0x40, 0x3b, 0x25, 0x66,
    0x1a, 0xa8, 0x1, 0x49, 0xe4, 0xb3, 0x2a, 0xd5,
    0xc0, 0xd, 0x6, 0x1, 0x91, 0xa4, 0xc, 0x23,
    0xff, 0xcc, 0x22, 0x0, 0x56, 0x67, 0x9c, 0x4,
    0x80, 0x8c, 0xfc, 0x24, 0x2, 0xd0, 0x60, 0x19,
    0x5a, 0x80, 0x12, 0x79, 0x2c, 0xca, 0xa2, 0xb8,
    0x5, 0x92, 0xb3, 0x26, 0xaa, 0x0, 0x0,

    /* U+0473 "ѳ" */
    0x0, 0x36, 0xfe, 0xb8, 0x5, 0x17, 0x1b, 0x35,
    0x40, 0x17, 0xf5, 0x24, 0xc5, 0x34, 0xc, 0xee,
    0xbc, 0x14, 0x1, 0x9f, 0xf8, 0x0, 0x80, 0x82,
    0x32, 0x82, 0x8b, 0xcb, 0x9b, 0x52, 0x98, 0x44,
    0xd6, 0x5c, 0xd0, 0x0,

    /* U+0474 "Ѵ" */
    0x0, 0xff, 0xa7, 0x80, 0x38, 0x6f, 0xda, 0x85,
    0x40, 0x35, 0xac, 0xa1, 0x9b, 0x80, 0x21, 0x5b,
    0x62, 0xa, 0x42, 0x0, 0x30, 0xa8, 0x4, 0xc1,
    0x40, 0xa, 0x70, 0xe, 0x66, 0x1, 0x95, 0x0,
    0x75, 0x8a, 0xd9, 0x18, 0x7, 0x11, 0xcb, 0x50,
    0x7, 0xd2, 0x62, 0xa0, 0x1f, 0x28, 0x99, 0x0,
    0x60,

    /* U+0475 "ѵ" */
    0xbb, 0x0, 0x6a, 0xf3, 0xe4, 0x20, 0x2, 0xa9,
    0x89, 0x46, 0x80, 0x1c, 0x92, 0x20, 0xcc, 0x1,
    0x4e, 0x0, 0xa4, 0x55, 0xc5, 0x40, 0x21, 0x4e,
    0xa7, 0x0, 0xef, 0x43, 0xa0, 0xe, 0x41, 0x23,
    0x0, 0x80,

    /* U+048A "Ҋ" */
    0x0, 0x29, 0x0, 0x1c, 0x3, 0xc5, 0x0, 0x72,
    0x1, 0xe7, 0x3d, 0xfd, 0x0, 0xfa, 0x77, 0xc,
    0x3, 0x3f, 0x0, 0x75, 0x78, 0x7, 0xe6, 0x50,
    0xf, 0xc5, 0x24, 0x1, 0xfb, 0xd2, 0xc0, 0x3e,
    0x93, 0xa0, 0xf, 0x95, 0xb4, 0x40, 0x3c, 0x37,
    0x6, 0x1, 0xf6, 0xab, 0x80, 0x7c, 0x25, 0x40,
    0x1f, 0xda, 0x20, 0x1d, 0xe8, 0xfe, 0x60, 0x19,
    0xac, 0x10, 0x3, 0xf1, 0xa0, 0x7, 0xf0, 0xf8,
    0x0,

    /* U+048B "ҋ" */
    0x5, 0xa0, 0x2e, 0x0, 0xca, 0x59, 0xda, 0x1,
    0xd1, 0x98, 0x30, 0xa, 0xe8, 0x2, 0x3f, 0x60,
    0xf, 0x70, 0x7, 0xd4, 0x1, 0xf3, 0x2f, 0x80,
    0x71, 0xcd, 0x90, 0x6, 0x1e, 0x74, 0x0, 0xe4,
    0x68, 0x0, 0xf1, 0x50, 0x6, 0x97, 0xbd, 0x10,
    0xb, 0xc1, 0x40, 0x3c, 0x64, 0x40,

    /* U+048C "Ҍ" */
    0x2, 0xf4, 0x0, 0xff, 0xe2, 0x46, 0x85, 0xff,
    0x90, 0x2, 0x9c, 0xa, 0xdd, 0x20, 0x4, 0x22,
    0xa, 0xdd, 0x7e, 0x28, 0x6, 0x9c, 0xc5, 0xb5,
    0x20, 0x4, 0x46, 0x64, 0xa2, 0xe0, 0xf, 0xce,
    0x20, 0x1f, 0x9c, 0x80, 0x22, 0x33, 0x25, 0x15,
    0x0, 0x53, 0x98, 0xa1, 0xc3,

    /* U+048D "ҍ" */
    0x4, 0xf1, 0x0, 0xea, 0xb0, 0xef, 0xc0, 0xa,
    0xe8, 0x33, 0x74, 0x1, 0x8, 0x83, 0x73, 0xec,
    0x80, 0x36, 0xfe, 0x7, 0x80, 0x62, 0x12, 0xe2,
    0x0, 0xc6, 0x25, 0xc4, 0x1, 0xb7, 0xb0, 0x3c,
    0x0,

    /* U+048E "Ҏ" */
    0x7f, 0xfd, 0xb0, 0x1, 0xae, 0xd4, 0xad, 0x80,
    0x1, 0x44, 0x2c, 0x51, 0xa0, 0x6, 0x60, 0x40,
    0x20, 0xd, 0x4e, 0x40, 0x60, 0x1b, 0xe3, 0xc5,
    0x40, 0x7f, 0xd8, 0x5, 0xa0, 0x16, 0x65, 0xcd,
    0x20, 0x1, 0x33, 0x86, 0x4c, 0x40, 0x3e, 0x91,

    /* U+048F "ҏ" */
    0xb9, 0x6d, 0xfc, 0x40, 0x9, 0x2a, 0x31, 0x6d,
    0x0, 0x5, 0xaa, 0x72, 0x90, 0x0, 0x41, 0x0,
    0xb8, 0xc0, 0x38, 0x88, 0x60, 0x12, 0x8, 0x27,
    0xea, 0x0, 0xb, 0x18, 0x8d, 0x20, 0x0, 0xf1,
    0x76, 0x22, 0x30, 0x4, 0xbb, 0xf9, 0xc4, 0x1,
    0xf1, 0xb8, 0x7, 0xf8,

    /* U+0490 "Ґ" */
    0x0, 0xe2, 0x70, 0xe, 0x78, 0x0, 0xf9, 0xff,
    0xf5, 0x0, 0x6, 0xef, 0x80, 0x8, 0x9c, 0x1,
    0xff, 0xe5,

    /* U+0491 "ґ" */
    0x0, 0xcc, 0x60, 0x1a, 0xd2, 0xff, 0xe2, 0x0,
    0x25, 0xdc, 0xc0, 0x28, 0x90, 0x80, 0x7f, 0xf4,
    0x80,

    /* U+0492 "Ғ" */
    0x1, 0xff, 0xf2, 0x80, 0x51, 0x77, 0x90, 0x2,
    0x34, 0x4c, 0x20, 0x1f, 0xfc, 0x68, 0xe0, 0xbf,
    0xf9, 0x42, 0x70, 0x27, 0x76, 0x50, 0x12, 0x2,
    0x2c, 0x1, 0xff, 0xc8,

    /* U+0493 "ғ" */
    0x7, 0xff, 0xe0, 0x0, 0xdd, 0xe0, 0x9, 0x13,
    0x0, 0x7c, 0xb0, 0x3d, 0xd0, 0x2b, 0x8f, 0xfc,
    0x0, 0xf0, 0x11, 0x80, 0x3f, 0x0,

    /* U+0494 "Ҕ" */
    0x7f, 0xff, 0x18, 0x0, 0x6e, 0xf8, 0x80, 0x24,
    0x4e, 0x10, 0xf, 0xfe, 0x4, 0x6f, 0xeb, 0x0,
    0x42, 0x71, 0x89, 0x2e, 0x0, 0x1b, 0x53, 0x96,
    0x90, 0xf, 0xb4, 0x48, 0x3, 0xf1, 0x80, 0x7b,
    0x4, 0x4f, 0xc0, 0x1, 0x67, 0x90, 0xc, 0xdd,
    0x2e, 0xe0, 0xc, 0xfb, 0xf0, 0x0,

    /* U+0495 "ҕ" */
    0xbf, 0xfd, 0x20, 0x12, 0x5d, 0xe0, 0x8, 0x51,
    0x22, 0x0, 0xff, 0x9f, 0x3f, 0xa0, 0x3, 0x56,
    0x4b, 0xc8, 0x1, 0xd8, 0xde, 0x18, 0x3, 0xc4,
    0x3, 0x74, 0x1, 0x60, 0x88, 0x0, 0x2b, 0x2d,
    0x20, 0x13, 0xd2, 0x4b, 0x80,

    /* U+0496 "Җ" */
    0x2f, 0x50, 0x9, 0xf8, 0x3, 0x74, 0x81, 0x45,
    0x88, 0x7, 0xd2, 0x72, 0x0, 0x72, 0xb0, 0xf,
    0x23, 0x70, 0x6, 0xe5, 0x50, 0xf8, 0x8, 0xa9,
    0xcc, 0x3, 0x12, 0xd7, 0x38, 0xf7, 0x6, 0x40,
    0x38, 0x95, 0xad, 0x86, 0xec, 0x12, 0x1, 0xd2,
    0x32, 0x9c, 0x8, 0x87, 0x71, 0x0, 0x48, 0x8b,
    0x0, 0xf4, 0xc, 0x0, 0x52, 0x6a, 0x1, 0xf5,
    0xac, 0x9b, 0x97, 0x80, 0x7e, 0x50, 0x6f, 0x7f,
    0x30, 0x9, 0xf8, 0x3, 0x7b, 0x80, 0x7f, 0xf4,
    0x72, 0x80,

    /* U+0497 "җ" */
    0x4f, 0x20, 0x5, 0xc8, 0x1, 0x3c, 0xc1, 0x1b,
    0x80, 0x3d, 0x50, 0x60, 0x9, 0x17, 0x0, 0xd2,
    0x4e, 0x1, 0xae, 0x3d, 0x1b, 0xda, 0x0, 0x3a,
    0xd3, 0xd, 0x30, 0xfc, 0x3, 0x31, 0x49, 0xb9,
    0x1c, 0x22, 0x0, 0x28, 0x62, 0x0, 0xc8, 0x8b,
    0x40, 0x81, 0x80, 0xf, 0x48, 0x5a, 0x47, 0x88,
    0x2, 0xe4, 0x0, 0x5e, 0x1, 0xff, 0xc1, 0x86,

    /* U+0498 "Ҙ" */
    0x6, 0xce, 0xfc, 0x50, 0xa, 0xae, 0xd4, 0xd4,
    0xc0, 0xc, 0x75, 0x55, 0x26, 0x80, 0x78, 0xd7,
    0x0, 0x2b, 0xff, 0x62, 0xb8, 0x5, 0x39, 0x8a,
    0x69, 0x0, 0x88, 0xcc, 0xb0, 0xc2, 0x2, 0x1,
    0x88, 0x0, 0xbd, 0xa, 0xa9, 0x85, 0x15, 0xa4,
    0xaa, 0x24, 0x50, 0x1, 0x72, 0x47, 0x5c, 0x3,
    0xfe,

    /* U+0499 "ҙ" */
    0x19, 0xdf, 0xd9, 0x0, 0xa3, 0x2d, 0xa0, 0x65,
    0x4d, 0xc8, 0x2, 0x8e, 0xe0, 0xc0, 0x2, 0x7e,
    0xc6, 0x0, 0x2, 0x24, 0x42, 0xa4, 0x10, 0x1b,
    0xb8, 0x17, 0x7f, 0x16, 0xd3, 0x70, 0x32, 0xc4,
    0x0, 0x44, 0x10, 0x0,

    /* U+049A "Қ" */
    0x7e, 0x0, 0xcb, 0xe6, 0x1, 0xe2, 0xaa, 0x18,
    0x7, 0xbd, 0x94, 0x3, 0x8, 0xa8, 0x64, 0x3,
    0xf, 0x71, 0x7c, 0x3, 0x86, 0xec, 0x50, 0x1,
    0xe4, 0x47, 0x23, 0x0, 0x7c, 0x6f, 0x22, 0x1,
    0xf4, 0x17, 0x20, 0x80, 0x7b, 0x82, 0xdd, 0xdc,
    0x1, 0x8f, 0xc4, 0x3, 0xff, 0x8f, 0x2a,

    /* U+049B "қ" */
    0xba, 0x0, 0xb2, 0x80, 0x3a, 0x42, 0x80, 0x33,
    0x3e, 0x80, 0x4b, 0xf3, 0x2, 0x1, 0x26, 0x2c,
    0x0, 0x61, 0x3b, 0x9, 0x0, 0xe1, 0xb6, 0x83,
    0x0, 0xca, 0xf, 0xb7, 0x40, 0x17, 0xc9, 0x80,
    0x79, 0x6c,

    /* U+049C "Ҝ" */
    0x7e, 0x0, 0xc3, 0xce, 0x1, 0xf5, 0x13, 0x80,
    0x45, 0xc0, 0xc9, 0xc0, 0x1e, 0x29, 0xa2, 0x0,
    0x87, 0x47, 0x49, 0x40, 0x30, 0xd0, 0x49, 0x28,
    0x7, 0x38, 0xb2, 0xd8, 0x7, 0x1c, 0x85, 0x8c,
    0x80, 0x61, 0x70, 0x18, 0x63, 0x0, 0xf9, 0xcb,
    0xc0,

    /* U+049D "ҝ" */
    0xba, 0x0, 0xa3, 0x40, 0x38, 0xdf, 0xc0, 0x2b,
    0x5d, 0x82, 0x0, 0x2a, 0x50, 0x38, 0x4, 0x86,
    0xe2, 0xc0, 0x10, 0xbe, 0x3c, 0x0, 0x69, 0x49,
    0x8, 0x0, 0x88, 0x6, 0x1c, 0x80,

    /* U+049E "Ҟ" */
    0x2, 0xf3, 0x0, 0x87, 0x9c, 0x1f, 0x43, 0x3e,
    0x3, 0x51, 0xc1, 0xac, 0x2f, 0x66, 0x43, 0x40,
    0x1, 0x60, 0x1, 0xbb, 0x78, 0x7, 0xaf, 0xa5,
    0xc8, 0x3, 0xd3, 0x6a, 0xe2, 0x1, 0xe5, 0x4a,
    0x2a, 0x0, 0xfe, 0x94, 0x60, 0xf, 0xc8, 0xd0,
    0x20, 0x1f, 0xa4, 0xe8, 0x0,

    /* U+049F "ҟ" */
    0x1, 0x10, 0x7, 0xd5, 0x60, 0x1e, 0xe4, 0x5e,
    0xb0, 0xd, 0xe8, 0x8f, 0xa0, 0xc, 0x20, 0x23,
    0x6, 0x50, 0x7, 0xa4, 0x28, 0x3, 0x99, 0xf4,
    0x3, 0x2f, 0xcc, 0x8, 0x6, 0x4c, 0x58, 0x0,
    0xe1, 0x3b, 0x9, 0x0, 0xf0, 0xdb, 0x20, 0x7,
    0x95, 0x54, 0x0,

    /* U+04A0 "Ҡ" */
    0xdf, 0xfa, 0x0, 0x35, 0xe0, 0x75, 0xd8, 0x40,
    0x34, 0x2e, 0x81, 0xa2, 0xc, 0x2, 0x47, 0xd1,
    0x0, 0xf0, 0x95, 0x49, 0x80, 0x79, 0xfb, 0x4d,
    0x80, 0x3e, 0x5b, 0x92, 0x50, 0xf, 0x89, 0x19,
    0x96, 0x20, 0x1f, 0xd2, 0x76, 0x1, 0xfe, 0x95,
    0x50, 0x7, 0xf2, 0x35, 0x88,

    /* U+04A1 "ҡ" */
    0xff, 0xa8, 0x2, 0xca, 0xc, 0xb3, 0x0, 0xa4,
    0x68, 0xd, 0x18, 0x0, 0xcf, 0x80, 0x1c, 0xbf,
    0x32, 0x10, 0xe, 0x4c, 0x59, 0x10, 0xe, 0x13,
    0xa0, 0xb0, 0xf, 0xd4, 0xa8, 0x1, 0xf2, 0x2d,
    0x0,

    /* U+04A2 "Ң" */
    0x7e, 0x0, 0xe7, 0xf0, 0xf, 0xfe, 0xc0, 0xff,
    0xf4, 0x0, 0x76, 0x67, 0x30, 0x6, 0x13, 0x3e,
    0xe0, 0xf, 0xfe, 0x4f, 0x2, 0x10, 0x7, 0xc8,
    0x16, 0xaf, 0xc0, 0x1d, 0xbe, 0x40, 0x1f, 0xfc,
    0x9b, 0x40,

    /* U+04A3 "ң" */
    0xba, 0x0, 0x8b, 0xcc, 0x3, 0xff, 0x90, 0xbf,
    0xf6, 0x80, 0x64, 0xcc, 0xac, 0x3, 0x9, 0x9c,
    0xc0, 0x1f, 0xe4, 0x10, 0xe, 0x60, 0x87, 0xba,
    0x0, 0x93, 0xc4, 0x3, 0xf4, 0xa8,

    /* U+04A4 "Ҥ" */
    0x7e, 0x0, 0xed, 0xff, 0xf0, 0x7, 0xfa, 0xef,
    0x80, 0x3f, 0xc8, 0x9c, 0x1, 0xff, 0xc5, 0x1f,
    0xfe, 0x20, 0xf, 0xec, 0xce, 0x0, 0xfe, 0x13,
    0x3e, 0x20, 0xf, 0xff, 0x40,

    /* U+04A5 "ҥ" */
    0xba, 0x0, 0x93, 0xff, 0x94, 0x3, 0xe5, 0xbb,
    0x90, 0x3, 0xed, 0x44, 0x84, 0x17, 0xfe, 0xb0,
    0xf, 0x93, 0x32, 0x90, 0xf, 0x84, 0xce, 0x20,
    0xf, 0xfe, 0x90,

    /* U+04A6 "Ҧ" */
    0x7f, 0xff, 0xc0, 0x1f, 0x86, 0xef, 0x98, 0x3,
    0xfc, 0x89, 0xde, 0x1, 0xff, 0xd5, 0x9e, 0xfd,
    0x70, 0xf, 0xf8, 0xae, 0xcb, 0xe, 0x1, 0xfe,
    0xb5, 0x48, 0x68, 0x0, 0xff, 0xe1, 0x68, 0x10,
    0x7, 0xff, 0x5, 0xc0, 0x3f, 0xf8, 0x76, 0x24,
    0xfc, 0x1, 0xcd, 0xe0, 0x1, 0x67, 0x90, 0xf,
    0xf9, 0xba, 0x5d, 0xc0, 0x1f, 0xf3, 0xef, 0xc0,
    0x0,

    /* U+04A7 "ҧ" */
    0xbf, 0xff, 0x0, 0x7c, 0x97, 0x73, 0x80, 0x7e,
    0x14, 0x4b, 0x40, 0x3f, 0xf9, 0xf7, 0xfe, 0xb2,
    0x0, 0xfd, 0x97, 0x4d, 0xe0, 0x1f, 0x9d, 0x17,
    0xc9, 0x0, 0x3f, 0xc4, 0x3, 0x74, 0x1, 0x2f,
    0x80, 0x48, 0xc, 0x1, 0xf9, 0x5e, 0x90, 0xc0,
    0x3e, 0x2a, 0x97, 0xb0,

    /* U+04A8 "Ҩ" */
    0x0, 0x2e, 0x8, 0x1e, 0x7f, 0x48, 0x4, 0x74,
    0x82, 0x78, 0xf3, 0x26, 0xc0, 0x4, 0x1c, 0x7,
    0x9d, 0xb3, 0xd1, 0xa0, 0x25, 0x0, 0xe, 0xc0,
    0x25, 0x3, 0x20, 0x50, 0x8, 0x80, 0x30, 0x81,
    0x83, 0x80, 0x44, 0x1, 0x84, 0x84, 0x5a, 0x0,
    0x6a, 0x0, 0x98, 0x54, 0x25, 0x90, 0x20, 0xe0,
    0xe, 0x68, 0x0, 0xeb, 0x72, 0x90, 0xf9, 0x88,
    0x2, 0x0, 0x55, 0xa, 0xe4, 0x94, 0xa2, 0xe8,

    /* U+04A9 "ҩ" */
    0x1, 0xc4, 0x7, 0xef, 0xb2, 0x0, 0x50, 0x23,
    0x44, 0x2d, 0xfc, 0x9, 0x3c, 0x29, 0x98, 0x9c,
    0x46, 0xc0, 0x60, 0x5e, 0x0, 0x20, 0x70, 0x0,
    0x81, 0x78, 0x0, 0xc1, 0x50, 0x64, 0x29, 0xc8,
    0x21, 0x44, 0x2d, 0xe8, 0x89, 0x98, 0x6e, 0x10,
    0x5b, 0x1a, 0x32, 0x2, 0xa4,

    /* U+04AA "Ҫ" */
    0x0, 0x9b, 0x3f, 0xd8, 0xa0, 0x16, 0x4a, 0xcc,
    0x9a, 0x94, 0x24, 0xf2, 0x59, 0x95, 0x8a, 0xd,
    0x6, 0x1, 0x8c, 0xc, 0x10, 0x3, 0xf8, 0x40,
    0x3e, 0x30, 0x50, 0xf, 0xcd, 0x6, 0x1, 0x8c,
    0x1, 0x27, 0x94, 0xcc, 0xac, 0x50, 0x6, 0x43,
    0x4c, 0x9a, 0xd4, 0x2, 0x7c, 0xa, 0xc4, 0x0,
    0xff, 0x80,

    /* U+04AB "ҫ" */
    0x0, 0x36, 0xfe, 0xb0, 0x2, 0x26, 0xae, 0xa5,
    0x45, 0xe9, 0xd1, 0xf5, 0x50, 0x14, 0x2, 0x20,
    0xf, 0xe4, 0x5, 0x0, 0x88, 0x5, 0xe9, 0xd2,
    0x35, 0x42, 0x26, 0x2d, 0x65, 0x40, 0xd, 0x81,
    0xac, 0x1, 0x89, 0xc0, 0x20,

    /* U+04AC "Ҭ" */
    0xdf, 0xff, 0x93, 0xae, 0xca, 0x37, 0x72, 0x9a,
    0x23, 0x41, 0x12, 0x10, 0xf, 0xff, 0x27, 0xa,
    0x8, 0x7, 0x30, 0x5b, 0x80, 0x77, 0xf8, 0x40,
    0x3f, 0xf8, 0xb2, 0xa0, 0x0,

    /* U+04AD "ҭ" */
    0xff, 0xf6, 0xe5, 0xc0, 0x55, 0xf1, 0xa2, 0x1,
    0x10, 0x60, 0x1f, 0xfc, 0xb7, 0x4, 0x10, 0x8,
    0xc2, 0x94, 0x2, 0x7f, 0x0, 0xfa, 0x18, 0x0,

    /* U+04AE "Ү" */
    0xad, 0x0, 0xe6, 0xe0, 0xb2, 0x70, 0x8, 0x62,
    0xc0, 0x66, 0x4, 0x1, 0x64, 0xa0, 0x6, 0x2b,
    0x3, 0x5e, 0x0, 0xdc, 0xa9, 0xec, 0x40, 0x18,
    0xd6, 0xca, 0x0, 0x3d, 0x61, 0x22, 0x1, 0xe1,
    0x2, 0x0, 0xff, 0xe6, 0x0,

    /* U+04AF "ү" */
    0xbb, 0x0, 0x68, 0xbe, 0x41, 0x0, 0x9b, 0x94,
    0x58, 0x0, 0xa0, 0xa0, 0xd4, 0x0, 0x96, 0x0,
    0x49, 0x21, 0x1d, 0x0, 0x5, 0x3a, 0xd0, 0x80,
    0x2f, 0x56, 0xe0, 0xc, 0x82, 0x25, 0x0, 0xe4,
    0x50, 0xf, 0xfe, 0x38,

    /* U+04B0 "Ұ" */
    0xc, 0xb0, 0xe, 0x8c, 0x0, 0x7a, 0x20, 0x2,
    0x27, 0xf0, 0x1, 0xb4, 0x80, 0x52, 0xa6, 0x1,
    0x41, 0xb8, 0x2a, 0x58, 0x6, 0x18, 0x81, 0x44,
    0x4, 0x3, 0x98, 0xb0, 0xdc, 0x3, 0xb3, 0xc8,
    0x45, 0xf8, 0x1, 0xb7, 0x54, 0x13, 0xba, 0x0,
    0xc2, 0x4e, 0xa, 0x42, 0x1, 0xff, 0xc1,

    /* U+04B1 "ұ" */
    0xbb, 0x0, 0x68, 0xbf, 0x42, 0x0, 0x9f, 0x90,
    0xa8, 0x0, 0xc2, 0xa1, 0x4c, 0x0, 0xb9, 0x0,
    0x30, 0xaa, 0x13, 0x0, 0x5, 0xa7, 0xd8, 0x40,
    0x2b, 0x34, 0xa0, 0xb, 0xb0, 0x1, 0xbc, 0x0,
    0xff, 0x19, 0xbf, 0xc0, 0x1, 0x13, 0x38, 0x88,
    0x3, 0xf8,

    /* U+04B2 "Ҳ" */
    0x3f, 0x70, 0x8, 0xbd, 0xc0, 0xe2, 0x4, 0x0,
    0xf3, 0x70, 0x3, 0x9f, 0x84, 0x17, 0x0, 0x6e,
    0x2b, 0x79, 0x20, 0xc, 0x52, 0x86, 0xc0, 0x1e,
    0xc0, 0x21, 0x0, 0xe5, 0x55, 0x5, 0x0, 0x61,
    0xb6, 0x5a, 0x46, 0x0, 0xa8, 0xe4, 0x11, 0xa5,
    0x8d, 0x93, 0x80, 0x29, 0x9, 0x86, 0xf3, 0x0,
    0xde, 0xc0, 0x1f, 0xfc, 0x7d, 0xe0,

    /* U+04B3 "ҳ" */
    0x6f, 0x20, 0x4, 0x70, 0x83, 0x2f, 0x1, 0xbe,
    0x88, 0x2, 0xca, 0x79, 0xcc, 0x2, 0x1a, 0x61,
    0x80, 0xe, 0x20, 0x21, 0x0, 0xc5, 0x32, 0x2b,
    0x0, 0xdc, 0xad, 0xcb, 0x26, 0x10, 0x56, 0x5,
    0xd, 0x83, 0x1c, 0x20, 0x7, 0xd0, 0xf, 0xc6,
    0xe2,

    /* U+04B4 "Ҵ" */
    0xcf, 0xff, 0x70, 0x2, 0x70, 0x1, 0xf7, 0x66,
    0xb, 0xb5, 0x0, 0x78, 0xd1, 0x1c, 0x8, 0x90,
    0x7, 0xff, 0xfc, 0x3, 0xc8, 0x9c, 0x42, 0x82,
    0x1, 0xd7, 0x7c, 0x85, 0x6a, 0x1, 0x3f, 0xff,
    0xe0, 0xf, 0xfe, 0x83, 0xb0,

    /* U+04B5 "ҵ" */
    0xff, 0xf2, 0x17, 0x98, 0x65, 0xc8, 0x55, 0xa8,
    0x6, 0x34, 0x50, 0x74, 0x10, 0xf, 0xfe, 0xeb,
    0xa2, 0x1c, 0x14, 0x40, 0x35, 0x5d, 0xa8, 0x25,
    0x40, 0x7, 0xff, 0xe0, 0xf, 0xf9, 0x5c,

    /* U+04B6 "Ҷ" */
    0x4f, 0x20, 0xd, 0x38, 0x1, 0xff, 0xcc, 0x60,
    0x60, 0xf, 0xc4, 0x32, 0x82, 0x4a, 0x80, 0x1b,
    0x42, 0xfb, 0x6c, 0x3, 0x8f, 0x7b, 0x37, 0x90,
    0x3, 0xc2, 0x64, 0x1, 0xff, 0xc0, 0x53, 0x41,
    0x0, 0xf8, 0xc2, 0xd4, 0x3, 0xef, 0xf0, 0x7,
    0xff, 0x29, 0xd8,

    /* U+04B7 "ҷ" */
    0x6f, 0x0, 0x8b, 0xcc, 0x3, 0xff, 0x8e, 0xa0,
    0xc0, 0x28, 0x1, 0x1b, 0xcf, 0xf5, 0x0, 0x68,
    0xfd, 0xfe, 0x0, 0xf1, 0x0, 0x48, 0x20, 0x1c,
    0xc1, 0xe, 0x1, 0xc9, 0xe2, 0x1, 0xfa, 0x54,

    /* U+04B8 "Ҹ" */
    0x4f, 0x10, 0xd, 0x58, 0x1, 0xff, 0xc6, 0x70,
    0x20, 0xe3, 0x0, 0x8c, 0x20, 0x40, 0x6, 0xc0,
    0xa, 0x4e, 0x1c, 0xc1, 0x80, 0x17, 0xac, 0x63,
    0x94, 0x2, 0x14, 0x4, 0x10, 0xf, 0x49, 0x0,
    0x7c, 0xe2, 0x1, 0x0,

    /* U+04B9 "ҹ" */
    0x6e, 0x0, 0x8b, 0xcc, 0x3, 0xfe, 0x21, 0x0,
    0x88, 0x4a, 0x10, 0x40, 0x8, 0x5a, 0x91, 0x80,
    0x16, 0xd1, 0x26, 0x0, 0x65, 0x6c, 0x10, 0xe,
    0xa5, 0x0, 0x80,

    /* U+04BA "Һ" */
    0x7e, 0x0, 0xff, 0xe7, 0xc, 0xf7, 0xfa, 0xc8,
    0x2, 0x28, 0xb9, 0x6c, 0x10, 0x1b, 0x64, 0x6f,
    0x17, 0x0, 0xf1, 0x13, 0x80, 0x3f, 0xf9, 0xe0,

    /* U+04BB "һ" */
    0x11, 0x0, 0x7a, 0xac, 0x3, 0xff, 0x98, 0xfd,
    0xf6, 0x40, 0x5, 0xbb, 0x53, 0x78, 0x0, 0x71,
    0x55, 0xc4, 0x60, 0xa0, 0x11, 0x83, 0x0, 0x80,
    0x7f, 0xf4, 0x80,

    /* U+04BC "Ҽ" */
    0x0, 0xe4, 0xbe, 0xfd, 0x80, 0xc, 0x20, 0x8,
    0xb0, 0x8a, 0x56, 0xe1, 0x6, 0xf0, 0x47, 0x9b,
    0x65, 0x8f, 0x3a, 0x1, 0x2, 0xe3, 0x60, 0xc,
    0x30, 0x82, 0xc7, 0xaa, 0x7f, 0xfe, 0xa0, 0x21,
    0xdd, 0x21, 0x66, 0x7e, 0x30, 0x1, 0x61, 0x10,
    0xcf, 0xe0, 0xc, 0xe3, 0x40, 0x18, 0x58, 0x3,
    0xd4, 0x9a, 0xeb, 0x1d, 0x2, 0x1, 0xc9, 0xaf,
    0x34, 0xaf, 0xe2, 0x0,

    /* U+04BD "ҽ" */
    0x0, 0xd1, 0xdf, 0xac, 0x0, 0x34, 0xb, 0x68,
    0xca, 0x98, 0x9, 0xd3, 0x4d, 0x63, 0x7a, 0x70,
    0xf6, 0xc0, 0xde, 0xea, 0xc0, 0x97, 0xe8, 0x33,
    0xff, 0x71, 0x0, 0x10, 0x14, 0x46, 0x1, 0x0,
    0x86, 0x21, 0x2a, 0xd8, 0xe0, 0x19, 0xe9, 0x6a,
    0x11, 0x80,

    /* U+04BE "Ҿ" */
    0x0, 0xe4, 0xbe, 0xfd, 0x80, 0xc, 0x20, 0x8,
    0xb0, 0x8a, 0x56, 0xe1, 0x6, 0xf0, 0x47, 0x9b,
    0x65, 0x8f, 0x3a, 0x1, 0x2, 0xe3, 0x60, 0xc,
    0x30, 0x82, 0xc7, 0xaa, 0x7f, 0xfe, 0xa0, 0x21,
    0xdd, 0x21, 0x66, 0x7e, 0x30, 0x1, 0x61, 0x10,
    0xcf, 0xe0, 0xc, 0xe3, 0x40, 0x18, 0x58, 0x3,
    0xd4, 0x9a, 0xeb, 0x1d, 0x2, 0x1, 0xc9, 0xaf,
    0x14, 0xaf, 0xe2, 0x1, 0xe2, 0xab, 0xd, 0x81,
    0x0, 0xff, 0xe2, 0x0,

    /* U+04BF "ҿ" */
    0x0, 0xd1, 0xdf, 0xac, 0x0, 0x34, 0xb, 0x68,
    0xca, 0x98, 0x9, 0xd3, 0x4d, 0x63, 0x7a, 0x70,
    0xf6, 0xc0, 0xde, 0xea, 0xc0, 0x97, 0xe8, 0x33,
    0xff, 0x71, 0x0, 0x10, 0x14, 0x46, 0x1, 0x0,
    0x86, 0x21, 0x2a, 0xd8, 0xe0, 0x19, 0xe9, 0x2a,
    0x51, 0x80, 0x39, 0x7c, 0x36, 0x44, 0x3, 0xc6,
    0xe6, 0x1, 0x0,

    /* U+04C0 "Ӏ" */
    0x7e, 0x0, 0xff, 0xe3, 0x0,

    /* U+04C1 "Ӂ" */
    0x0, 0xc2, 0xc0, 0x3, 0x40, 0xf, 0xe1, 0x82,
    0x8, 0x20, 0xf, 0xf5, 0x76, 0x93, 0x0, 0x7f,
    0x93, 0x36, 0x40, 0x3c, 0x5e, 0xa0, 0x13, 0xf0,
    0x6, 0xe9, 0x2, 0x8b, 0x10, 0xf, 0xa4, 0xe4,
    0x0, 0xe5, 0x60, 0x1e, 0x46, 0xe0, 0xd, 0xca,
    0xa1, 0xf0, 0x11, 0x53, 0x98, 0x6, 0x25, 0xae,
    0x71, 0xee, 0xc, 0x80, 0x71, 0x2b, 0x5b, 0xd,
    0xd8, 0x24, 0x3, 0xa4, 0x65, 0x38, 0x11, 0xe,
    0xe2, 0x0, 0x91, 0x16, 0x1, 0xe8, 0x18, 0x0,
    0xa4, 0xd4, 0x3, 0xeb, 0x54, 0x7, 0x2f, 0x0,
    0xfc, 0xa7, 0x20,

    /* U+04C2 "ӂ" */
    0x0, 0x8b, 0x40, 0x78, 0x3, 0xe2, 0xac, 0xdb,
    0x0, 0xfc, 0xf9, 0x85, 0x0, 0xc9, 0xe4, 0x0,
    0xb9, 0x0, 0x27, 0x9a, 0x37, 0x0, 0x7a, 0xa0,
    0xc2, 0x45, 0xc0, 0x34, 0x93, 0x80, 0x57, 0x1e,
    0x8d, 0xed, 0x0, 0x1a, 0xd3, 0xd, 0x30, 0xfc,
    0x2, 0x62, 0x93, 0x72, 0x38, 0x44, 0x0, 0x21,
    0x88, 0x3, 0x22, 0x24, 0x20, 0x60, 0x3, 0xd2,
    0x4c,

    /* U+04C3 "Ӄ" */
    0x7e, 0x0, 0xcb, 0xe4, 0x1, 0xc5, 0x54, 0x20,
    0xe, 0xf6, 0x50, 0x8, 0x45, 0x63, 0x20, 0x10,
    0xf7, 0x12, 0x0, 0x30, 0xdd, 0x8e, 0x44, 0x3,
    0x22, 0x34, 0x34, 0x3, 0xc3, 0xc6, 0xe0, 0x1e,
    0x37, 0x81, 0x0, 0xf4, 0x83, 0x3f, 0x0, 0x61,
    0x16, 0x80, 0x73, 0x38, 0xe8, 0x6, 0x2b, 0x85,
    0x70,

    /* U+04C4 "ӄ" */
    0xba, 0x0, 0xb2, 0x80, 0x3a, 0x42, 0x80, 0x33,
    0x3e, 0x80, 0x4b, 0xf2, 0xe2, 0x1, 0x26, 0x4b,
    0x28, 0x4, 0x26, 0xcf, 0x62, 0x1, 0xd0, 0x12,
    0x1, 0xe6, 0x50, 0xba, 0x0, 0xb8, 0x80, 0x32,
    0x1d, 0x18, 0x6, 0xdc, 0x1f, 0x0,

    /* U+04C6 "ӆ" */
    0x0, 0x7f, 0xf5, 0x0, 0x4, 0x2a, 0xec, 0x60,
    0x11, 0x82, 0x24, 0xc0, 0x10, 0x80, 0x80, 0x79,
    0xc4, 0x3, 0xe3, 0x20, 0xf, 0x1d, 0x20, 0x6,
    0x12, 0xd1, 0x90, 0xc, 0x91, 0xd8, 0x20, 0x15,
    0x1f, 0x80, 0x7c, 0xc8,

    /* U+04C7 "Ӈ" */
    0x7e, 0x0, 0xe7, 0xe0, 0xf, 0xfe, 0x40, 0x8f,
    0x78, 0x0, 0x7b, 0xb9, 0xc0, 0x3, 0x77, 0xcc,
    0x1, 0x22, 0x77, 0x0, 0x7f, 0xf4, 0x1f, 0x80,
    0x3b, 0xc0, 0x3c, 0xa8, 0xaa, 0x0, 0xe9, 0xb1,
    0xa0,

    /* U+04C8 "ӈ" */
    0xba, 0x0, 0xde, 0x80, 0x1f, 0xfc, 0x55, 0xff,
    0xc0, 0x12, 0x66, 0x60, 0x8, 0x4c, 0xf0, 0x7,
    0xff, 0x1a, 0xe8, 0x2, 0x10, 0xe, 0x24, 0x90,
    0x50, 0x9, 0x29, 0xa4, 0x40,

    /* U+04C9 "Ӊ" */
    0x7e, 0x0, 0xe7, 0xf0, 0xf, 0xfe, 0xc0, 0xff,
    0xf4, 0x0, 0x76, 0x67, 0x30, 0x6, 0x13, 0x3e,
    0xe0, 0xf, 0xfe, 0xb7, 0xa3, 0xf0, 0x7, 0x3d,
    0x82, 0x0, 0x7e, 0x34, 0x0, 0xfe, 0x1f, 0x0,

    /* U+04CA "ӊ" */
    0xba, 0x0, 0x8b, 0xcc, 0x3, 0xff, 0x90, 0xbf,
    0xf6, 0x80, 0x64, 0xcc, 0xac, 0x3, 0x9, 0x9c,
    0xc0, 0x1f, 0xfc, 0x7c, 0x4b, 0xa0, 0x8, 0xb0,
    0x10, 0x3, 0xca, 0xa0,

    /* U+04CB "Ӌ" */
    0x4f, 0x10, 0xd, 0x56, 0x1, 0xff, 0xc6, 0x70,
    0x20, 0xf, 0x18, 0xf2, 0x9, 0x2b, 0x80, 0x34,
    0x2f, 0xb6, 0xc, 0x0, 0x7b, 0xd9, 0xba, 0x40,
    0xc, 0x26, 0x40, 0x1f, 0x85, 0x18, 0x3, 0xc9,
    0x66, 0x1, 0xfb, 0xec, 0x3, 0xff, 0x84, 0xf0,
    0x0,

    /* U+04CC "ӌ" */
    0x7e, 0x0, 0x8b, 0xcc, 0x3, 0xf0, 0x80, 0x7c,
    0x42, 0xc0, 0x2a, 0x0, 0x46, 0x9f, 0xeb, 0x0,
    0xa7, 0xf7, 0xf8, 0x3, 0x88, 0x3, 0xf3, 0xe8,
    0x7, 0xc5, 0xe6, 0x1, 0x85, 0x80, 0x0,

    /* U+04CD "Ӎ" */
    0x7e, 0x0, 0xf9, 0xf8, 0x2, 0x18, 0x0, 0xe1,
    0x81, 0x0, 0xce, 0x20, 0x1a, 0x0, 0x38, 0x52,
    0xc0, 0x22, 0x66, 0x0, 0x74, 0xa9, 0x80, 0x25,
    0x7c, 0x3, 0x89, 0xbc, 0x11, 0x16, 0x1, 0xf4,
    0x1a, 0xcc, 0x8, 0x7, 0xc3, 0x14, 0x6e, 0x1,
    0xfc, 0xe5, 0x60, 0x1f, 0xf6, 0xa8, 0x6, 0xf5,
    0x7e, 0x0, 0xf9, 0xb0, 0x10, 0x3, 0xfc, 0xa6,
    0x20, 0x1f, 0xe3, 0x90,

    /* U+04CE "ӎ" */
    0xbe, 0x0, 0xea, 0xd0, 0x8, 0x5c, 0x2, 0x35,
    0x0, 0xc5, 0x20, 0x14, 0x10, 0x6, 0x52, 0x70,
    0x45, 0xb0, 0xe, 0xf8, 0x18, 0x81, 0x80, 0x71,
    0xa6, 0x8b, 0x0, 0x7d, 0x27, 0x20, 0x1f, 0x8b,
    0x10, 0x0, 0x5e, 0x17, 0x0, 0x3, 0x0, 0x2c,
    0x20, 0x7, 0xf7, 0x60, 0x0,

    /* U+04CF "ӏ" */
    0x11, 0x55, 0x80, 0x7f, 0xf2, 0x0,

    /* U+04D0 "Ӑ" */
    0x0, 0x9c, 0x0, 0x4a, 0x1, 0xe9, 0x30, 0xb2,
    0x0, 0xf6, 0xfe, 0x83, 0x80, 0x78, 0xf3, 0x64,
    0x3, 0xf4, 0xf9, 0x80, 0x7c, 0x2c, 0x52, 0x1,
    0xf4, 0x9f, 0x28, 0x80, 0x79, 0xa4, 0xd2, 0x40,
    0x39, 0x8d, 0x43, 0xd8, 0x3, 0xae, 0xc0, 0x4,
    0x36, 0x0, 0x90, 0xa7, 0xfe, 0x2b, 0x0, 0xbd,
    0xb3, 0x38, 0x94, 0x9, 0x2c, 0xcf, 0x9a, 0x42,
    0xcc, 0x80, 0x3a, 0x8c, 0xc0,

    /* U+04D1 "ӑ" */
    0x1, 0xe1, 0xd, 0x20, 0x0, 0xc6, 0xea, 0x88,
    0x2, 0x6c, 0xd7, 0x0, 0x97, 0x3f, 0xa8, 0x40,
    0x1d, 0x77, 0x3d, 0x0, 0x2d, 0xd1, 0x65, 0x0,
    0x9, 0x9d, 0xcb, 0x1, 0x15, 0xa6, 0x7d, 0x81,
    0xa8, 0x41, 0x8, 0x80, 0xa, 0xe, 0x7, 0x0,
    0x1, 0xaa, 0x7f, 0x50, 0x0,

    /* U+04D2 "Ӓ" */
    0x0, 0xa2, 0x1, 0xa4, 0x1, 0xeb, 0xb0, 0x59,
    0x0, 0x78, 0xcc, 0xc, 0x1, 0xfa, 0x7c, 0xc0,
    0x3e, 0x16, 0x29, 0x0, 0xfa, 0x4f, 0x94, 0x40,
    0x3c, 0xd2, 0x69, 0x20, 0x1c, 0xc6, 0xa1, 0xec,
    0x1, 0xd7, 0x60, 0x2, 0x1b, 0x0, 0x48, 0x53,
    0xff, 0x15, 0x80, 0x5e, 0xd9, 0x9c, 0x4a, 0x4,
    0x96, 0x67, 0xcd, 0x21, 0x66, 0x40, 0x1d, 0x46,
    0x60,

    /* U+04D3 "ӓ" */
    0x0, 0x62, 0x1e, 0x80, 0x69, 0x52, 0xb0, 0x9,
    0x67, 0xbf, 0x4, 0x1, 0xd7, 0x73, 0xd0, 0x2,
    0xdd, 0x16, 0x50, 0x0, 0x99, 0xdc, 0xb0, 0x11,
    0x5a, 0x67, 0xd8, 0x1a, 0x84, 0x10, 0x88, 0x0,
    0xa0, 0xe0, 0x70, 0x0, 0x1a, 0xa7, 0xf5, 0x0,
    0x0,

    /* U+04D4 "Ӕ" */
    0x0, 0xe5, 0xff, 0xfb, 0x0, 0x3a, 0xd4, 0x22,
    0xef, 0x78, 0x6, 0x83, 0x80, 0x34, 0x4c, 0x60,
    0x11, 0x3f, 0x0, 0x7f, 0xd2, 0xc6, 0x0, 0xbf,
    0xfc, 0x40, 0x4, 0x59, 0x0, 0xa7, 0x33, 0x10,
    0x2, 0x47, 0xfd, 0xa0, 0x46, 0x78, 0x0, 0xe1,
    0x99, 0x58, 0x7, 0xc3, 0x12, 0x67, 0x30, 0x1a,
    0x27, 0x41, 0xa0, 0x7, 0x45, 0xdf, 0x0,

    /* U+04D5 "ӕ" */
    0x5, 0xcf, 0xf5, 0xa, 0xef, 0xeb, 0x80, 0x5d,
    0x76, 0xa7, 0xfa, 0xa5, 0xd4, 0xc0, 0x2, 0xdd,
    0x16, 0x46, 0x5d, 0x1e, 0xdc, 0x0, 0x99, 0xdc,
    0xb0, 0x8e, 0xea, 0xc0, 0xc6, 0xed, 0x9f, 0x41,
    0x7f, 0xfb, 0x8d, 0x41, 0xc8, 0x4c, 0x3c, 0x47,
    0x81, 0x42, 0x91, 0xe5, 0x55, 0x4a, 0xad, 0x70,
    0x1b, 0x7b, 0xa8, 0xaa, 0x35, 0x5a, 0x30, 0x0,

    /* U+04D6 "Ӗ" */
    0x2, 0x40, 0x2, 0x90, 0x0, 0x64, 0x6, 0x0,
    0x23, 0xac, 0xdb, 0x20, 0x9, 0xf3, 0xc, 0x0,
    0x7f, 0xff, 0x38, 0x2, 0xef, 0x94, 0x5, 0x13,
    0x88, 0x3, 0xf8, 0x7f, 0xf6, 0x80, 0x59, 0x9b,
    0xc0, 0x2, 0x67, 0x88, 0x3, 0xfc, 0x28, 0x9c,
    0x60, 0xb, 0xbe, 0x90,

    /* U+04D7 "ӗ" */
    0x0, 0x61, 0x84, 0xb0, 0x6, 0xff, 0x69, 0xb0,
    0x6, 0x3c, 0xda, 0x0, 0xe7, 0xdf, 0xc5, 0x0,
    0xa6, 0xa3, 0x2e, 0x94, 0x5, 0xbd, 0x4d, 0xdd,
    0x20, 0x81, 0x9d, 0xd3, 0x98, 0x5, 0x9f, 0xf7,
    0x70, 0x10, 0x14, 0x46, 0x1, 0x1, 0x68, 0x94,
    0x6f, 0x40, 0x4, 0xc2, 0x5c, 0x32, 0x0,

    /* U+04D8 "Ә" */
    0x0, 0x14, 0xef, 0xf5, 0x10, 0x4, 0x5a, 0xaa,
    0xa9, 0x6d, 0x50, 0x1, 0x6e, 0x42, 0xbe, 0x45,
    0x10, 0x0, 0x80, 0x39, 0xca, 0xdb, 0xff, 0xf1,
    0x10, 0xc3, 0x37, 0x7c, 0x60, 0xe0, 0xc4, 0x5c,
    0x67, 0x12, 0x58, 0x80, 0x6b, 0xa, 0xa, 0x3f,
    0x85, 0x7d, 0x5a, 0x20, 0x1d, 0x65, 0xa9, 0x7d,
    0x50,

    /* U+04D9 "ә" */
    0x1, 0xae, 0xfc, 0x40, 0x9, 0xc6, 0xec, 0x96,
    0xa0, 0x6, 0xb5, 0x48, 0x9b, 0x2, 0xee, 0xe8,
    0x11, 0x18, 0xd7, 0xfd, 0x60, 0x1, 0x2c, 0x11,
    0xb0, 0x44, 0x10, 0xf0, 0x90, 0xd0, 0x0, 0x5a,
    0x5b, 0x5a, 0x60,

    /* U+04DA "Ӛ" */
    0x0, 0x87, 0x85, 0xe4, 0x3, 0xc3, 0x22, 0x9a,
    0x1, 0xf3, 0x81, 0xa0, 0x7, 0x14, 0xef, 0xf5,
    0x10, 0x4, 0x5a, 0xaa, 0xa9, 0x6d, 0x50, 0x1,
    0x6e, 0x42, 0xbe, 0x45, 0x10, 0x0, 0x80, 0x39,
    0xca, 0xdb, 0xff, 0xf1, 0x10, 0xc3, 0x37, 0x7c,
    0x60, 0xe0, 0xc4, 0x5c, 0x67, 0x12, 0x58, 0x80,
    0x6b, 0xa, 0xa, 0x3f, 0x85, 0x7d, 0x5a, 0x20,
    0x1d, 0x65, 0xa9, 0x7d, 0x50,

    /* U+04DB "ӛ" */
    0x0, 0x35, 0x86, 0x28, 0x6, 0x4e, 0x9, 0x40,
    0x8, 0x62, 0xfe, 0x54, 0x2, 0x71, 0xbb, 0x25,
    0xa8, 0x1, 0xad, 0x52, 0x26, 0xc0, 0xbb, 0xba,
    0x4, 0x46, 0x35, 0xff, 0x58, 0x0, 0x4b, 0x4,
    0x6c, 0x11, 0x4, 0x3c, 0x24, 0x34, 0x0, 0x16,
    0x96, 0xd6, 0x98, 0x0,

    /* U+04DC "Ӝ" */
    0x0, 0xe9, 0x71, 0xe1, 0x0, 0xff, 0x6a, 0xc,
    0x8, 0x7, 0xf9, 0xc, 0x18, 0x3, 0xc5, 0xea,
    0x1, 0x3f, 0x0, 0x6e, 0x90, 0x28, 0xb1, 0x0,
    0xfa, 0x4e, 0x40, 0xe, 0x56, 0x1, 0xe4, 0x6e,
    0x0, 0xdc, 0xaa, 0x1f, 0x1, 0x15, 0x39, 0x80,
    0x62, 0x5a, 0xe7, 0x1e, 0xe0, 0xc8, 0x7, 0x12,
    0xb5, 0xb0, 0xdd, 0x82, 0x40, 0x3a, 0x46, 0x53,
    0x81, 0x10, 0xee, 0x20, 0x9, 0x11, 0x60, 0x1e,
    0x81, 0x80, 0xa, 0x4d, 0x40, 0x3e, 0xb5, 0x40,
    0x72, 0xf0, 0xf, 0xca, 0x72, 0x0,

    /* U+04DD "ӝ" */
    0x0, 0xda, 0x6b, 0x80, 0x1f, 0xac, 0x92, 0x40,
    0x32, 0x79, 0x3, 0x54, 0x28, 0x27, 0x9a, 0x37,
    0x0, 0x7a, 0xa0, 0xc2, 0x45, 0xc0, 0x34, 0x93,
    0x80, 0x57, 0x1e, 0x8d, 0xed, 0x0, 0x1a, 0xd3,
    0xd, 0x30, 0xfc, 0x2, 0x62, 0x93, 0x72, 0x38,
    0x44, 0x0, 0x21, 0x88, 0x3, 0x22, 0x24, 0x20,
    0x60, 0x3, 0xd2, 0x4c,

    /* U+04DE "Ӟ" */
    0x0, 0x35, 0x86, 0x28, 0x6, 0x4e, 0x9, 0x40,
    0xc, 0x4a, 0xa, 0x20, 0x13, 0x67, 0x7e, 0x28,
    0x5, 0x57, 0x6a, 0x6a, 0x60, 0x6, 0x3a, 0xaa,
    0x93, 0x40, 0x3c, 0x6b, 0x80, 0x15, 0xff, 0xb1,
    0x5c, 0x2, 0x9c, 0xc5, 0x34, 0x80, 0x44, 0x66,
    0x58, 0x61, 0x1, 0x0, 0xc4, 0x0, 0x5e, 0x85,
    0x54, 0xc2, 0x8a, 0xd2, 0x55, 0x12, 0x28, 0x0,

    /* U+04DF "ӟ" */
    0x3, 0xd0, 0x98, 0x0, 0x15, 0x86, 0xd8, 0xc,
    0x5f, 0xcd, 0x0, 0x51, 0x96, 0xd0, 0x32, 0xa6,
    0xe4, 0x1, 0x47, 0x70, 0x60, 0x1, 0x3f, 0x83,
    0x20, 0x1, 0x11, 0xa2, 0x1a, 0xd9, 0x1d, 0x95,
    0xa, 0xed, 0x51, 0x0,

    /* U+04E0 "Ӡ" */
    0x3f, 0xff, 0x48, 0x1d, 0xde, 0x60, 0xa0, 0x2,
    0x24, 0xd, 0x86, 0x1, 0x8e, 0xec, 0x60, 0x1d,
    0xe1, 0x30, 0x1, 0xdb, 0x96, 0xf4, 0x1, 0x84,
    0xda, 0x14, 0x0, 0x20, 0x1b, 0xc4, 0x1b, 0xe5,
    0x55, 0x2e, 0xc0, 0xd0, 0xb5, 0x44, 0x88, 0x0,

    /* U+04E1 "ӡ" */
    0xf, 0xff, 0x40, 0x5d, 0xe7, 0xb, 0x4, 0x49,
    0x5a, 0x4c, 0x3, 0x52, 0x30, 0x6, 0x74, 0xf0,
    0xf, 0x1d, 0x69, 0x0, 0x4f, 0x9c, 0x10, 0x1,
    0xc2, 0xa8, 0x6, 0x1, 0x88, 0x83, 0x96, 0xcc,
    0xa5, 0xa1, 0xb0, 0x89, 0x79, 0x60,

    /* U+04E2 "Ӣ" */
    0x0, 0x3f, 0x76, 0x0, 0xcf, 0xdd, 0x80, 0x3f,
    0xe7, 0xe0, 0xe, 0xaf, 0x0, 0xf3, 0x28, 0x7,
    0x8e, 0x48, 0x3, 0xdc, 0x96, 0x1, 0xd4, 0x74,
    0x1, 0xcc, 0xba, 0x20, 0x18, 0xe6, 0xc, 0x3,
    0xf, 0x23, 0x80, 0x78, 0xe8, 0x3, 0xed, 0x10,
    0xe,

    /* U+04E3 "ӣ" */
    0x7, 0xee, 0xc0, 0x13, 0xf7, 0x60, 0x5, 0xd0,
    0x4, 0x7e, 0xc0, 0x18, 0x74, 0x3, 0xd4, 0x40,
    0x1d, 0xb, 0xa0, 0x19, 0x5e, 0x84, 0x2, 0x6a,
    0x84, 0x0, 0xc6, 0x8e, 0x1, 0xc5, 0x60, 0x1c,

    /* U+04E4 "Ӥ" */
    0x0, 0x17, 0x3, 0xc8, 0x6, 0x28, 0x4, 0xd0,
    0xe, 0x60, 0x34, 0x0, 0x3f, 0x0, 0x75, 0x78,
    0x7, 0x99, 0x40, 0x3c, 0x72, 0x40, 0x1e, 0xe4,
    0xb0, 0xe, 0xa3, 0xa0, 0xe, 0x65, 0xd1, 0x0,
    0xc7, 0x30, 0x60, 0x18, 0x79, 0x1c, 0x3, 0xc7,
    0x40, 0x1f, 0x68, 0x80, 0x70,

    /* U+04E5 "ӥ" */
    0x1, 0xe1, 0x79, 0x0, 0x86, 0x5, 0x34, 0x1,
    0x74, 0xc0, 0x6f, 0xec, 0x1, 0x87, 0x40, 0x3d,
    0x44, 0x1, 0xd0, 0xba, 0x1, 0x95, 0xe8, 0x40,
    0x26, 0xa8, 0x40, 0xc, 0x68, 0xe0, 0x1c, 0x56,
    0x1, 0xc0,

    /* U+04E6 "Ӧ" */
    0x0, 0xda, 0x69, 0x80, 0x1f, 0xac, 0x96, 0x40,
    0x3f, 0x30, 0x89, 0x40, 0x3e, 0x6c, 0xfe, 0xc5,
    0x0, 0xec, 0x95, 0x98, 0x6a, 0xa0, 0x5, 0x27,
    0x92, 0xcc, 0xab, 0x57, 0x0, 0x34, 0x18, 0x6,
    0x46, 0x90, 0x30, 0x50, 0xf, 0x60, 0x88, 0x3,
    0xfe, 0x12, 0x5, 0x0, 0xf6, 0x10, 0xb, 0x41,
    0x80, 0x65, 0x6a, 0x0, 0x49, 0xe4, 0xb3, 0x2a,
    0x8a, 0xe0, 0x16, 0x4a, 0xcc, 0x9a, 0xa8, 0x0,

    /* U+04E7 "ӧ" */
    0x0, 0x35, 0x86, 0x28, 0x6, 0x4e, 0x9, 0x40,
    0xc, 0xb1, 0xf0, 0xe0, 0x14, 0xc5, 0x5a, 0xcc,
    0x0, 0xb5, 0x3a, 0x44, 0xb8, 0xa0, 0x28, 0x4,
    0xe0, 0xa0, 0x1f, 0xc8, 0xc, 0x1, 0x30, 0x28,
    0xb4, 0xba, 0x44, 0x1c, 0x42, 0x62, 0xad, 0x66,
    0x0,

    /* U+04E8 "Ө" */
    0x0, 0x9b, 0x3f, 0xb1, 0x40, 0x3b, 0x25, 0x66,
    0x1a, 0xa8, 0x1, 0x49, 0xe4, 0xb3, 0x2a, 0xd5,
    0xc0, 0xd, 0x6, 0x1, 0x91, 0xa4, 0xc, 0x23,
    0xff, 0xcc, 0x22, 0x0, 0x56, 0x67, 0x9c, 0x4,
    0x80, 0x8c, 0xfc, 0x24, 0x2, 0xd0, 0x60, 0x19,
    0x5a, 0x80, 0x12, 0x79, 0x2c, 0xca, 0xa2, 0xb8,
    0x5, 0x92, 0xb3, 0x26, 0xaa, 0x0, 0x0,

    /* U+04E9 "ө" */
    0x0, 0x36, 0xfe, 0xb8, 0x5, 0x17, 0x1b, 0x35,
    0x40, 0x17, 0xf5, 0x24, 0xc5, 0x34, 0xc, 0xee,
    0xbc, 0x14, 0x1, 0x9f, 0xf8, 0x0, 0x80, 0x82,
    0x32, 0x82, 0x8b, 0xcb, 0x9b, 0x52, 0x98, 0x44,
    0xd6, 0x5c, 0xd0, 0x0,

    /* U+04EA "Ӫ" */
    0x0, 0xda, 0x69, 0x80, 0x1f, 0xac, 0x96, 0x40,
    0x3f, 0x30, 0x89, 0x40, 0x3e, 0x6c, 0xfe, 0xc5,
    0x0, 0xec, 0x95, 0x98, 0x6a, 0xa0, 0x5, 0x27,
    0x92, 0xcc, 0xab, 0x57, 0x0, 0x34, 0x18, 0x6,
    0x46, 0x90, 0x30, 0x8f, 0xff, 0x30, 0x88, 0x1,
    0x59, 0x9e, 0x70, 0x12, 0x2, 0x33, 0xf0, 0x90,
    0xb, 0x41, 0x80, 0x65, 0x6a, 0x0, 0x49, 0xe4,
    0xb3, 0x2a, 0x8a, 0xe0, 0x16, 0x4a, 0xcc, 0x9a,
    0xa8, 0x0,

    /* U+04EB "ӫ" */
    0x0, 0x2e, 0x5, 0xb0, 0x6, 0x49, 0xe, 0x40,
    0xc, 0xf1, 0xf0, 0xa0, 0x14, 0x5c, 0x6c, 0xd5,
    0x0, 0x5f, 0xd4, 0x93, 0x14, 0xd0, 0x33, 0xba,
    0xf0, 0x50, 0x6, 0x7f, 0xe0, 0x2, 0x2, 0x8,
    0xca, 0xa, 0x2f, 0x2e, 0x6d, 0x4a, 0x61, 0x13,
    0x59, 0x73, 0x40,

    /* U+04EC "Ӭ" */
    0x0, 0x2d, 0x86, 0x28, 0x7, 0x3f, 0x4, 0xb8,
    0x7, 0x12, 0x82, 0x90, 0x6, 0x4b, 0xef, 0xd6,
    0x0, 0x92, 0xc6, 0x64, 0x93, 0x60, 0x4, 0xda,
    0x76, 0x9d, 0x58, 0x0, 0x10, 0x6, 0x29, 0x60,
    0xd, 0xff, 0xa0, 0x44, 0x1, 0x66, 0x68, 0x0,
    0xe3, 0x3d, 0xa2, 0x20, 0x40, 0xc, 0x8a, 0xc0,
    0xb7, 0x66, 0x65, 0x5a, 0x40, 0x2d, 0x84, 0x4b,
    0xc5, 0x80, 0x0,

    /* U+04ED "ӭ" */
    0x3, 0xd0, 0x98, 0x0, 0x8a, 0xc3, 0x6c, 0x2,
    0x88, 0x7c, 0xa8, 0x1, 0x4a, 0xb2, 0x21, 0x20,
    0xb6, 0x86, 0xb8, 0xc4, 0x0, 0x8f, 0xf6, 0x82,
    0x0, 0x27, 0x76, 0x0, 0xc2, 0x44, 0x70, 0x46,
    0xd5, 0x37, 0xa6, 0x26, 0x4b, 0xca, 0x99, 0x0,

    /* U+04EE "Ӯ" */
    0x0, 0x3f, 0x76, 0x0, 0xe7, 0xee, 0xc0, 0x1f,
    0xfc, 0x18, 0xe0, 0xe, 0x2f, 0x48, 0x7, 0x0,
    0xd0, 0x88, 0x9, 0x81, 0x0, 0x12, 0xc0, 0x1,
    0xc6, 0x40, 0x12, 0xa6, 0x1, 0x5b, 0x89, 0xa4,
    0x0, 0x65, 0x28, 0x83, 0x10, 0x7, 0x4b, 0x24,
    0x0, 0x79, 0x2, 0x4, 0x3, 0x23, 0x61, 0x38,
    0x7, 0x74, 0xbf, 0x80, 0x70,

    /* U+04EF "ӯ" */
    0x0, 0x37, 0x76, 0x10, 0x9, 0xbb, 0xb0, 0x80,
    0x2e, 0x80, 0x34, 0xd8, 0x72, 0x88, 0x4, 0xde,
    0xa, 0x2c, 0x0, 0x61, 0x40, 0x3, 0x50, 0x2,
    0xa4, 0x2, 0x92, 0x43, 0x33, 0x0, 0x42, 0xbd,
    0x4a, 0x20, 0x1b, 0x95, 0xb8, 0x3, 0x90, 0x88,
    0x80, 0x1e, 0x3a, 0x0, 0xd0, 0x92, 0xe, 0x1,
    0x8e, 0xd3, 0x40, 0x30,

    /* U+04F0 "Ӱ" */
    0x0, 0x98, 0xd, 0x0, 0x38, 0xa0, 0x53, 0x40,
    0x38, 0xb8, 0x5e, 0x40, 0x3f, 0xf8, 0x31, 0xc0,
    0x1c, 0x5e, 0x90, 0xe, 0x1, 0xa1, 0x10, 0x13,
    0x2, 0x0, 0x25, 0x80, 0x3, 0x8c, 0x80, 0x25,
    0x4c, 0x2, 0xb7, 0x13, 0x48, 0x0, 0xca, 0x51,
    0x6, 0x20, 0xe, 0x96, 0x48, 0x0, 0xf2, 0x4,
    0x8, 0x6, 0x46, 0xc2, 0x70, 0xe, 0xe9, 0x7f,
    0x0, 0xe0,

    /* U+04F1 "ӱ" */
    0x0, 0xf, 0xb, 0xd0, 0x6, 0x18, 0x15, 0xe0,
    0xa, 0xe9, 0x80, 0x92, 0x6c, 0x39, 0x44, 0x2,
    0x6f, 0x5, 0x16, 0x0, 0x30, 0xa0, 0x1, 0xa8,
    0x1, 0x52, 0x1, 0x49, 0x21, 0x99, 0x80, 0x21,
    0x5e, 0xa5, 0x10, 0xd, 0xca, 0xdc, 0x1, 0xc8,
    0x44, 0x40, 0xf, 0x1d, 0x0, 0x68, 0x49, 0x7,
    0x0, 0xc7, 0x69, 0xa0, 0x18,

    /* U+04F2 "Ӳ" */
    0x0, 0x8b, 0xd2, 0xa8, 0x1, 0xd1, 0x0, 0x6a,
    0x0, 0xea, 0x74, 0xc0, 0xa, 0x38, 0x3, 0x8b,
    0xd2, 0x1, 0xc0, 0x34, 0x22, 0x2, 0x60, 0x40,
    0x4, 0xb0, 0x0, 0x71, 0x90, 0x4, 0xa9, 0x80,
    0x56, 0xe2, 0x69, 0x0, 0x19, 0x4a, 0x20, 0xc4,
    0x1, 0xd2, 0xc9, 0x0, 0x1e, 0x40, 0x81, 0x0,
    0xc8, 0xd8, 0x4e, 0x1, 0xdd, 0x2f, 0xe0, 0x1c,

    /* U+04F3 "ӳ" */
    0x0, 0x87, 0x92, 0x6c, 0x3, 0x5b, 0x3a, 0x50,
    0x6, 0xa8, 0x3d, 0x10, 0x5, 0xd0, 0x6, 0x9b,
    0xe, 0x51, 0x0, 0x9b, 0xc1, 0x45, 0x80, 0xc,
    0x28, 0x0, 0x6a, 0x0, 0x54, 0x80, 0x52, 0x48,
    0x66, 0x60, 0x8, 0x57, 0xa9, 0x44, 0x3, 0x72,
    0xb7, 0x0, 0x72, 0x11, 0x10, 0x3, 0xc7, 0x40,
    0x1a, 0x12, 0x41, 0xc0, 0x31, 0xda, 0x68, 0x6,

    /* U+04F4 "Ӵ" */
    0x0, 0xf, 0xb, 0xc8, 0x6, 0x18, 0x14, 0xd0,
    0xe, 0x60, 0x34, 0x0, 0x27, 0x90, 0x6, 0x9c,
    0x0, 0xff, 0xe3, 0x30, 0x30, 0x7, 0x88, 0x65,
    0x4, 0x95, 0x0, 0x1a, 0x17, 0xdb, 0x60, 0x11,
    0xef, 0x66, 0xf2, 0x0, 0x61, 0x32, 0x0, 0xff,
    0xe4, 0x80,

    /* U+04F5 "ӵ" */
    0x0, 0x71, 0x35, 0x80, 0x68, 0x24, 0xe0, 0x3,
    0x7b, 0x1, 0x3f, 0x98, 0x7, 0xff, 0x11, 0x41,
    0x80, 0x50, 0x0, 0x6f, 0x3f, 0xd4, 0x1, 0x47,
    0xef, 0xf0, 0x7, 0x10, 0x7, 0xff, 0x0,

    /* U+04F6 "Ӷ" */
    0x7f, 0xff, 0x0, 0xdd, 0xf0, 0x1, 0x13, 0x80,
    0x3f, 0xfa, 0xfc, 0x28, 0x20, 0x13, 0x5, 0xb8,
    0x5, 0xfe, 0x10, 0xf, 0xfe, 0xc, 0xa8, 0x4,

    /* U+04F7 "ӷ" */
    0xbf, 0xfd, 0x80, 0x97, 0x77, 0x80, 0xa2, 0x46,
    0x1, 0xff, 0xc6, 0x54, 0x30, 0x8, 0x45, 0xc0,
    0x17, 0xc0, 0x7, 0x25, 0x80, 0x40,

    /* U+04F8 "Ӹ" */
    0x0, 0xda, 0x69, 0x80, 0x1f, 0xac, 0x96, 0x40,
    0x3f, 0x30, 0x89, 0x40, 0x33, 0xf0, 0x7, 0xef,
    0x60, 0xf, 0xfe, 0x68, 0xff, 0xdd, 0x44, 0x1,
    0xc3, 0x99, 0x5b, 0xf8, 0x7, 0x8c, 0xe5, 0xf2,
    0x40, 0xf, 0xe2, 0x2, 0x0, 0xfe, 0x30, 0x20,
    0xe, 0x33, 0x97, 0x8d, 0x0, 0x30, 0xe6, 0x50,
    0x9a, 0x1, 0x80,

    /* U+04F9 "ӹ" */
    0x0, 0xf, 0xb, 0x50, 0x6, 0x18, 0x14, 0xe0,
    0x5, 0xd0, 0x30, 0x12, 0x2f, 0x80, 0x7f, 0xf1,
    0xd7, 0xfb, 0x58, 0x3, 0x2e, 0xe5, 0xca, 0x0,
    0x62, 0x23, 0x9, 0x80, 0x61, 0x13, 0x9, 0x80,
    0x4b, 0xdc, 0xb9, 0x40, 0x0,

    /* U+04FA "Ӻ" */
    0x1, 0xff, 0xf2, 0x80, 0x51, 0x77, 0x90, 0x2,
    0x34, 0x4c, 0x20, 0x1f, 0xfc, 0x69, 0xe0, 0xbf,
    0xf9, 0x42, 0x30, 0x27, 0x76, 0x50, 0x12, 0x2,
    0x2c, 0x1, 0xc6, 0x60, 0xf, 0xa2, 0x40, 0x38,
    0x7d, 0x0, 0x3c, 0xca, 0x9a, 0x1, 0x8a, 0xe9,
    0x5c, 0x3, 0x0,

    /* U+04FB "ӻ" */
    0x5, 0xff, 0xd0, 0x1, 0x5d, 0xd4, 0x1, 0x22,
    0x44, 0x1, 0xf3, 0xd0, 0x77, 0x34, 0x1e, 0x43,
    0xfd, 0x80, 0x3, 0x0, 0x8, 0x80, 0x37, 0x10,
    0x4, 0xb8, 0x6, 0x0, 0x43, 0x91, 0x10, 0x3,
    0x30, 0xf4, 0x1, 0x0,

    /* U+04FC "Ӽ" */
    0x4f, 0x50, 0xd, 0xb2, 0x8f, 0x44, 0x0, 0xa0,
    0x90, 0x83, 0xe0, 0x55, 0x70, 0x5, 0xc7, 0x37,
    0x6, 0x1, 0x14, 0xb1, 0x38, 0x7, 0x78, 0x10,
    0x80, 0x64, 0x6b, 0x2d, 0x0, 0x86, 0x9d, 0x38,
    0xe0, 0x1, 0x47, 0x0, 0x52, 0xe6, 0xe9, 0xe0,
    0x13, 0x14, 0x3f, 0x90, 0x6, 0x44, 0x0, 0x72,
    0x1a, 0x10, 0x7, 0x76, 0x7, 0x0,

    /* U+04FD "ӽ" */
    0x5f, 0x30, 0x4, 0x70, 0xaa, 0xb8, 0xd, 0xe8,
    0x42, 0xce, 0x79, 0xd0, 0x0, 0x3a, 0xc1, 0x0,
    0x19, 0x80, 0x88, 0x1, 0x15, 0x42, 0x78, 0x5,
    0xc8, 0xf4, 0x72, 0xe, 0x54, 0x3, 0x6c, 0x4f,
    0xc2, 0x0, 0x50, 0x40, 0x8, 0x51, 0x80, 0x80,
    0x22, 0xa9, 0x74,

    /* U+04FE "Ӿ" */
    0x1e, 0x90, 0x8, 0x7a, 0x40, 0x69, 0x94, 0x1,
    0xa7, 0x20, 0x4, 0x7a, 0x28, 0x3f, 0x0, 0xd0,
    0x78, 0xf4, 0x40, 0x15, 0x79, 0x88, 0x57, 0x90,
    0x2, 0xf4, 0xc0, 0x11, 0xa4, 0x0, 0x17, 0x3b,
    0x49, 0x30, 0x8, 0x6d, 0x52, 0x86, 0xc0, 0x2b,
    0xb, 0x1, 0x95, 0x40, 0x55, 0x58, 0x80, 0x19,
    0x28, 0x0,

    /* U+04FF "ӿ" */
    0x3f, 0x60, 0x2, 0xf9, 0x1c, 0xc8, 0xca, 0xac,
    0x81, 0x99, 0xde, 0xe8, 0x0, 0xb7, 0x22, 0x35,
    0x80, 0x29, 0x84, 0x1a, 0x80, 0x6, 0xf1, 0x7,
    0x0, 0xa4, 0xd9, 0xca, 0x81, 0x53, 0x80, 0x1c,
    0x8a,

    /* U+0600 "؀" */
    0x0, 0xff, 0xe1, 0x28, 0x7, 0xff, 0xb, 0x78,
    0x3, 0xff, 0x82, 0xa3, 0x60, 0xbf, 0xff, 0xf5,
    0x1f, 0xea, 0xee, 0xff, 0xf0, 0x7b, 0x40,

    /* U+0601 "؁" */
    0x0, 0x3f, 0x10, 0x7, 0xff, 0xa, 0x92, 0x9b,
    0x7f, 0xff, 0xf8, 0x2c, 0x57, 0x10, 0xee, 0x7f,
    0x77, 0xfa, 0xe, 0x3d, 0x40, 0x44, 0x2, 0x3f,
    0xe4, 0x50,

    /* U+0602 "؂" */
    0x3d, 0xe4, 0x0, 0xff, 0xe0, 0x4d, 0x36, 0x0,
    0x7f, 0xf0, 0x3a, 0x5d, 0xdf, 0xff, 0xee, 0x14,
    0xee, 0x6e, 0xff, 0xde, 0x20,

    /* U+0603 "؃" */
    0x0, 0xff, 0xe1, 0xb7, 0x48, 0x7, 0xff, 0x4,
    0xbd, 0xb6, 0xd8, 0x2b, 0xff, 0xfe, 0xd2, 0x94,
    0xa7, 0xb, 0xdd, 0xff, 0xbb, 0x7b, 0x7e, 0x0,

    /* U+0604 "؄" */
    0x0, 0xff, 0xe7, 0x98, 0x7, 0xff, 0x43, 0x58,
    0x3, 0xff, 0x99, 0x6, 0xd, 0x80, 0x1f, 0xfc,
    0x59, 0xe9, 0x10, 0x9, 0x80, 0x1a, 0xc0, 0x1f,
    0xfc, 0x47, 0x2d, 0x3f, 0x50, 0x71, 0x0, 0x13,
    0x0, 0x7f, 0xf1, 0x3b, 0xe, 0xa9, 0x3f, 0x2f,
    0xbf, 0x50, 0x6, 0xd3, 0x7b, 0xdc, 0xff, 0xee,
    0xe9, 0x28, 0x41, 0x33, 0xfa, 0x3b, 0xf4, 0x93,
    0xbf, 0xba, 0xcc, 0x6e, 0xf6, 0x65, 0xd4, 0xc0,
    0x1f, 0xe0,

    /* U+0605 "؅" */
    0x8, 0xfd, 0x95, 0x21, 0x0, 0xe1, 0x47, 0x54,
    0x5c, 0x80, 0x9d, 0xef, 0xff, 0x81, 0xdb, 0x8d,
    0x67, 0x3f, 0xdd, 0xbd, 0xcf, 0xeb, 0x72,

    /* U+0606 "؆" */
    0x41, 0x2, 0x13, 0x10, 0x6, 0x40, 0x5b, 0xda,
    0x0, 0x29, 0xc3, 0xb4, 0x90, 0x0, 0x44, 0x51,
    0x8a, 0x10, 0xa, 0x79, 0x8c, 0xdd, 0xc6, 0x5,
    0x50, 0x84, 0x43, 0xd8, 0x0, 0xec, 0x6a, 0xc2,
    0x1, 0x55, 0x3e, 0x0, 0x38, 0xc0, 0x98, 0x3,
    0xd5, 0x0, 0x1f, 0x33, 0x0, 0x30,

    /* U+0607 "؇" */
    0x41, 0x2, 0x30, 0xd, 0x90, 0x12, 0x20, 0x1a,
    0x9c, 0x4, 0x3, 0x88, 0x8a, 0x76, 0x1, 0xd3,
    0xd3, 0x23, 0xee, 0x30, 0x2a, 0x84, 0x22, 0x1e,
    0xc0, 0x7, 0x63, 0x56, 0x10, 0xa, 0xa9, 0xf0,
    0x1, 0xc6, 0x4, 0xc0, 0x1e, 0xa8, 0x0, 0xf9,
    0x98, 0x1, 0x80,

    /* U+0608 "؈" */
    0x0, 0xff, 0xe0, 0xac, 0x80, 0x7f, 0x3f, 0x50,
    0x0, 0x5c, 0x3, 0xf2, 0x56, 0xbb, 0x81, 0x4,
    0x80, 0x8, 0x40, 0x17, 0x51, 0xdd, 0x80, 0x4,
    0x2b, 0xb7, 0x20, 0x1b, 0x4c, 0xc4, 0x44, 0x22,
    0x1c, 0x1e, 0x80, 0x50, 0xd9, 0x43, 0xb3, 0x21,
    0x65, 0x23, 0x0, 0x8b, 0x3e, 0x17, 0xf5, 0x80,
    0x22, 0xd0, 0xe, 0x19, 0xf0, 0xf, 0x53, 0xb8,
    0x80, 0x5b, 0x11, 0x40, 0x3c, 0xd3, 0x2d, 0xfe,
    0xba, 0xa0, 0x7, 0xe6, 0xee, 0x6f, 0xeb, 0x80,
    0x78,

    /* U+0609 "؉" */
    0x2, 0x30, 0x3, 0x80, 0x69, 0xd0, 0x6c, 0x0,
    0xd5, 0x40, 0xbf, 0x0, 0xc2, 0x88, 0x14, 0x0,
    0xf4, 0x48, 0x7, 0x8c, 0x54, 0x3, 0xd3, 0x60,
    0x1e, 0x24, 0x60, 0xf, 0x5c, 0x85, 0x29, 0xe0,
    0x89, 0xdc, 0x3, 0x80, 0x44, 0x1c, 0x0, 0x5c,
    0x9f, 0x18,

    /* U+060A "؊" */
    0x2, 0x30, 0x3, 0x80, 0x7d, 0x3a, 0xd, 0x80,
    0x1f, 0x55, 0x2, 0xfc, 0x3, 0xe1, 0x44, 0xa,
    0x0, 0x7f, 0x44, 0x80, 0x7f, 0x18, 0xa8, 0x7,
    0xf4, 0xd8, 0x7, 0xf1, 0x23, 0x0, 0x7f, 0x5c,
    0x85, 0x29, 0xe0, 0xc3, 0x80, 0xbb, 0x80, 0x70,
    0x8, 0x83, 0x80, 0x38, 0x0, 0xb9, 0x3e, 0x39,
    0xb0,

    /* U+060B "؋" */
    0x0, 0x35, 0x0, 0x67, 0x90, 0xc, 0x26, 0x1,
    0xab, 0xe0, 0x1, 0x3, 0x6e, 0x60, 0xb0, 0x8a,
    0x80, 0x6c, 0x5, 0xc1, 0x15, 0xef, 0xc2, 0xf9,
    0x2, 0xbd, 0xcd, 0xcd, 0x2f, 0xf7, 0x59, 0x80,
    0x50, 0x80, 0x1b, 0xc4, 0x3, 0x2b, 0x80, 0x0,

    /* U+060C "،" */
    0x0, 0x8f, 0x42, 0x9c, 0x5, 0xc0,

    /* U+060D "؍" */
    0x0, 0xf9, 0x70, 0x0, 0x37, 0xe0, 0xb, 0x93,
    0x2, 0x77, 0x0, 0x6, 0x40, 0x20,

    /* U+060E "؎" */
    0x8, 0xee, 0x28, 0x7, 0xe7, 0x4d, 0x8a, 0x10,
    0xf, 0xb6, 0x8d, 0x84, 0xc0, 0x3e, 0xc8, 0x75,
    0x11, 0x11, 0x99, 0x67, 0x95, 0xab, 0x60, 0x73,
    0x73, 0x60, 0xed, 0x40,

    /* U+060F "؏" */
    0x0, 0x2e, 0xf4, 0x0, 0x71, 0xd4, 0x6d, 0x0,
    0x72, 0x21, 0x4c, 0x80, 0x38, 0xd1, 0x0, 0xae,
    0x1, 0x91, 0xef, 0xe3, 0xc0, 0x3c, 0x37, 0xb0,
    0x1, 0x91, 0xbd, 0x0, 0x3d, 0xf2, 0x2f, 0x9d,
    0xae, 0x0, 0x60, 0xdc, 0x9c, 0x89, 0x40, 0x68,
    0xbb, 0x29, 0x2a, 0x8c, 0x1c, 0x4, 0x40, 0x2c,
    0xaa, 0x40, 0xcb, 0xef, 0xea, 0xd2, 0x4d, 0x3c,
    0xfd, 0xfc, 0x30,

    /* U+0610 "ؐ" */
    0x10, 0x8c, 0x29, 0x90, 0x52, 0x72, 0x1e, 0x30,
    0x7d, 0xd0, 0x0,

    /* U+0611 "ؑ" */
    0x10, 0x87, 0x6, 0x85, 0x1, 0x17, 0xca, 0x8a,
    0x3a, 0x10, 0x0,

    /* U+0612 "ؒ" */
    0x0, 0xe6, 0xb5, 0xa0, 0x22, 0x38, 0x87, 0x4c,
    0x68, 0x0,

    /* U+0613 "ؓ" */
    0x9, 0x0, 0xc3, 0x73, 0x8f, 0x29, 0xea, 0xc4,
    0x61, 0xd9, 0xdc, 0x80,

    /* U+0614 "ؔ" */
    0x0, 0x89, 0x54, 0x11, 0xba, 0xe9, 0xc0,

    /* U+0615 "ؕ" */
    0x15, 0x0, 0xa3, 0x10, 0x9e, 0x32, 0x87, 0xa4,

    /* U+0616 "ؖ" */
    0x0, 0x55, 0x80, 0x61, 0x0, 0x85, 0x84, 0x2,
    0xc5, 0xa8, 0x0, 0x5c, 0x5c, 0x51, 0x80,

    /* U+0617 "ؗ" */
    0x9, 0x0, 0x71, 0x87, 0xbc, 0x8a, 0x0,

    /* U+0618 "ؘ" */
    0x2, 0x55, 0x58, 0x80,

    /* U+0619 "ؙ" */
    0x2b, 0x54, 0xcf, 0x3b, 0x85, 0xc2,

    /* U+061A "ؚ" */
    0x5, 0x74, 0x36,

    /* U+061B "؛" */
    0xd, 0x23, 0x31, 0x52, 0x86, 0x78, 0x2a, 0x5,
    0xb8, 0x3f, 0x0,

    /* U+061C "؜" */

    /* U+061E "؞" */
    0x0, 0xe8, 0x90, 0x1c, 0xa2, 0x6d, 0xba,

    /* U+061F "؟" */
    0x1a, 0xee, 0x62, 0x58, 0xe6, 0x24, 0x1b, 0x48,
    0x8a, 0x88, 0xa0, 0xd, 0xd, 0x82, 0x1, 0x52,
    0xd8, 0x6, 0x84, 0x0, 0xc3, 0xc0, 0x19, 0x30,
    0x40, 0x21, 0x20, 0x0,

    /* U+0620 "ؠ" */
    0x0, 0xf0, 0xd7, 0xe9, 0x80, 0x7b, 0x3, 0x20,
    0xc0, 0x3a, 0x1a, 0x8d, 0x40, 0xa, 0x1, 0x8,
    0x8, 0x4, 0xb2, 0x1, 0x40, 0x74, 0x88, 0x6a,
    0x80, 0x43, 0x7a, 0x5a, 0x1e, 0x40, 0x1c, 0x42,
    0xc0, 0xa9, 0x4, 0x2, 0x74, 0x96, 0x5, 0x69,
    0xbf, 0xda, 0x5e, 0x20, 0x4, 0xcc, 0x13, 0xf4,
    0x8, 0x7, 0x5f, 0x18, 0x7, 0xea, 0x8d, 0x0,
    0xe0,

    /* U+0621 "ء" */
    0x4, 0xde, 0x20, 0x1b, 0x8c, 0x20, 0x30, 0x52,
    0x0, 0x11, 0xc9, 0xc0, 0x1a, 0xb6, 0x88, 0x90,
    0x2f, 0xa4, 0x40,

    /* U+0622 "آ" */
    0x5c, 0x70, 0x30, 0xd0, 0xd6, 0x51, 0x7d, 0x50,
    0x7, 0x90, 0x7, 0xe1, 0x10, 0x7, 0xe3, 0x70,
    0xf, 0xfe, 0x8, 0x88, 0x3, 0xc0,

    /* U+0623 "أ" */
    0x6b, 0x2d, 0xb2, 0x27, 0x45, 0xf4, 0x17, 0x90,
    0x6, 0x11, 0x0, 0x63, 0x70, 0xf, 0x84, 0x40,
    0x10,

    /* U+0624 "ؤ" */
    0x0, 0x4c, 0x80, 0x21, 0x39, 0x0, 0x85, 0xf1,
    0x40, 0x28, 0xc5, 0x0, 0x94, 0x3, 0xe, 0x73,
    0x0, 0x2d, 0x6e, 0x44, 0x16, 0x14, 0xd0, 0x0,
    0x84, 0xe4, 0x11, 0x7a, 0x82, 0xf, 0xd8, 0xe,
    0x7, 0x19, 0x2, 0xb8, 0x76, 0xe0, 0xbf, 0x68,
    0x0,

    /* U+0625 "إ" */
    0xf, 0x20, 0xf, 0x8, 0x80, 0x3c, 0x6e, 0x1,
    0xf0, 0x80, 0x4, 0x3, 0x18, 0x1, 0xc0, 0x2b,
    0x60, 0x5, 0x28, 0x19, 0x28, 0xb, 0x50, 0x17,
    0x50, 0x0,

    /* U+0626 "ئ" */
    0x1, 0xb7, 0x0, 0xfc, 0x86, 0xe0, 0x1, 0xae,
    0xd3, 0x6, 0x7b, 0x20, 0xc0, 0xd9, 0x30, 0x3f,
    0xb2, 0x77, 0x51, 0xa0, 0x1, 0x80, 0x2e, 0x61,
    0x0, 0x96, 0x80, 0x28, 0x7e, 0xa1, 0xd, 0x50,
    0x8, 0x6f, 0x47, 0x43, 0xc8, 0x3, 0x88, 0x58,
    0x15, 0x20, 0x80, 0x4e, 0x92, 0xc0, 0xad, 0x77,
    0xfb, 0x4b, 0xc4, 0x0, 0x9b, 0xdb, 0xdc, 0x81,
    0x0, 0x0,

    /* U+0627 "ا" */
    0xf2, 0x0, 0x8, 0x80, 0x6, 0xe0, 0x10, 0x88,
    0x0, 0x6e, 0x0,

    /* U+0628 "ب" */
    0x0, 0xff, 0x96, 0x1, 0x6c, 0x3, 0xf8, 0x58,
    0x34, 0x80, 0x3f, 0x90, 0x48, 0x8, 0x3, 0xfe,
    0x3b, 0x4a, 0x53, 0x22, 0x8d, 0x5f, 0x54, 0x4f,
    0x2, 0x33, 0x77, 0x4f, 0x4d, 0x0, 0xe, 0xb7,
    0xff, 0x76, 0x4a, 0x0, 0x7e, 0xc5, 0x0, 0xff,
    0xe0, 0x72, 0x80, 0x78,

    /* U+0629 "ة" */
    0x0, 0xfa, 0x62, 0xdc, 0x1, 0x13, 0x4e, 0x0,
    0x12, 0x10, 0xd, 0x92, 0x1, 0x42, 0xa9, 0xc0,
    0xda, 0xb6, 0x42, 0xdc, 0x4, 0x8f, 0xd0, 0xd4,
    0x88, 0xee, 0xc8, 0xb1,

    /* U+062A "ت" */
    0x0, 0xff, 0xe3, 0xdb, 0x62, 0x80, 0x7f, 0xa9,
    0xb9, 0x40, 0x8, 0xc0, 0x92, 0x1, 0x8, 0x10,
    0x6, 0x80, 0x30, 0xf, 0xf2, 0x8, 0xbc, 0x80,
    0x3f, 0xe3, 0xb4, 0x95, 0x32, 0x28, 0xd5, 0xf5,
    0x8, 0xf0, 0xe3, 0x37, 0x74, 0xf4, 0x58, 0x0,

    /* U+062B "ث" */
    0x0, 0xff, 0xe4, 0x5b, 0x0, 0x7f, 0xf0, 0x25,
    0xc0, 0x3f, 0xeb, 0x5d, 0x50, 0xf, 0xf5, 0x3f,
    0x28, 0x1, 0x18, 0x12, 0x40, 0x21, 0x2, 0x0,
    0xd0, 0x6, 0x1, 0xfe, 0x41, 0x17, 0x90, 0x7,
    0xfc, 0x76, 0x92, 0xa6, 0x45, 0x1a, 0xbe, 0xa1,
    0x1e, 0x1c, 0x66, 0xee, 0x9e, 0x8b, 0x0,

    /* U+062C "ج" */
    0x5e, 0xfd, 0x94, 0x10, 0x2, 0x77, 0x41, 0x7d,
    0xe0, 0x20, 0x9, 0x64, 0x9c, 0x0, 0x1f, 0x8e,
    0xdb, 0x18, 0x3, 0x5a, 0xc8, 0x3, 0x39, 0x40,
    0x10, 0x80, 0x59, 0x40, 0x8, 0x70, 0x9, 0x8c,
    0x1, 0x4c, 0x1, 0x3f, 0x80, 0x7d, 0xb, 0x46,
    0x0, 0x27, 0x12, 0xd1, 0xcf, 0xf6, 0xe1, 0x81,
    0x5f, 0xef, 0x7d, 0x90,

    /* U+062D "ح" */
    0x6e, 0xe5, 0x10, 0x7, 0x46, 0x9e, 0xc9, 0x80,
    0x19, 0x87, 0x32, 0x6c, 0xf0, 0x8, 0xee, 0x16,
    0xb0, 0x0, 0xb8, 0x7d, 0x4a, 0x60, 0x55, 0x70,
    0x1, 0xd6, 0xe8, 0x1, 0xe4, 0xd0, 0xf, 0x9b,
    0x40, 0x3e, 0xf7, 0x93, 0x10, 0x26, 0x4, 0xc2,
    0xce, 0xfd, 0xd1, 0x1, 0xdf, 0xef, 0x7d, 0x90,

    /* U+062E "خ" */
    0x0, 0x8f, 0x40, 0x3e, 0x3e, 0x0, 0xfc, 0x60,
    0x19, 0x7b, 0xf6, 0x50, 0x40, 0x9, 0xdd, 0x5,
    0xf7, 0x80, 0x81, 0x43, 0x2d, 0x60, 0x1, 0x70,
    0xfe, 0x94, 0xc0, 0xaa, 0xe0, 0x3, 0xad, 0xd0,
    0x3, 0xc9, 0xa0, 0x1f, 0x36, 0x80, 0x7d, 0xef,
    0x26, 0x20, 0x2a, 0x9, 0x85, 0x9d, 0xfd, 0xc2,
    0x3, 0xbf, 0xde, 0xfb, 0x20,

    /* U+062F "د" */
    0x0, 0x90, 0x80, 0x3b, 0x78, 0x3, 0xa4, 0x94,
    0x3, 0xa2, 0x40, 0x39, 0xc, 0x5, 0xcc, 0xd6,
    0x40, 0x59, 0xb8, 0xbc, 0x0,

    /* U+0630 "ذ" */
    0x0, 0xfe, 0x89, 0x0, 0xe9, 0x80, 0xe, 0x13,
    0x10, 0xe, 0x8a, 0x0, 0xeb, 0x54, 0x0, 0xc3,
    0x10, 0x0, 0xe4, 0x30, 0x17, 0x33, 0x58, 0x81,
    0x66, 0xe2, 0xe8, 0x0,

    /* U+0631 "ر" */
    0x0, 0x95, 0x0, 0x31, 0xc0, 0x6, 0x63, 0x10,
    0xc, 0x44, 0x0, 0x84, 0x88, 0x1, 0x43, 0x8,
    0x15, 0xa4, 0x1, 0x69, 0x68, 0x81, 0x74, 0x80,
    0x40,

    /* U+0632 "ز" */
    0x0, 0xfc, 0x3e, 0x1, 0x87, 0x40, 0x38, 0x80,
    0x3a, 0x20, 0x1, 0xb1, 0x80, 0x32, 0x1, 0x0,
    0x7f, 0x18, 0x10, 0x0, 0x7a, 0x0, 0x63, 0x95,
    0x80, 0x7, 0x90, 0x0,

    /* U+0633 "س" */
    0x0, 0xff, 0xe1, 0x1b, 0x0, 0x7f, 0xf0, 0xd6,
    0x0, 0x3f, 0x5b, 0x0, 0x1a, 0x41, 0xc4, 0x40,
    0xa0, 0x1c, 0x58, 0x0, 0xf1, 0x1, 0x22, 0x2c,
    0x0, 0x77, 0xaa, 0x1b, 0x91, 0x10, 0x89, 0xa8,
    0x1, 0xc4, 0x15, 0xac, 0x3b, 0x32, 0x1f, 0x20,
    0xe, 0x35, 0xee, 0x45, 0xfe, 0xb0, 0x2a, 0x49,
    0x0, 0xb4, 0x40, 0x3, 0xf1, 0x62, 0xef, 0xf5,
    0x59, 0x0, 0x7f, 0x1e, 0x76, 0xf6, 0x20, 0x7,
    0xf0,

    /* U+0634 "ش" */
    0x0, 0xff, 0xe8, 0x78, 0x80, 0x7f, 0xf0, 0xf4,
    0x40, 0x3f, 0xf8, 0x5e, 0xde, 0x20, 0x1f, 0xfc,
    0x1d, 0x4d, 0x10, 0x20, 0xf, 0xf8, 0x80, 0x81,
    0xf8, 0x3, 0xf4, 0x20, 0x1, 0x18, 0x14, 0xc0,
    0x6, 0x1, 0xc5, 0xa0, 0xd, 0xe0, 0x21, 0x34,
    0xe0, 0xe, 0xc6, 0x43, 0x72, 0x22, 0x9, 0x62,
    0x0, 0x71, 0x5, 0x6b, 0xe, 0xcc, 0x84, 0x8,
    0x3, 0x8d, 0x7b, 0x91, 0x7f, 0xac, 0x14, 0x90,
    0x40, 0x2d, 0x30, 0x1, 0xf8, 0xb1, 0x37, 0xfa,
    0xa8, 0x40, 0x1f, 0xc7, 0x9d, 0xbd, 0x88, 0x1,
    0xfc,

    /* U+0635 "ص" */
    0x0, 0xff, 0xe0, 0xc, 0xf7, 0x24, 0x3, 0xf4,
    0x20, 0x1, 0x3c, 0x37, 0x49, 0x0, 0x80, 0x1c,
    0x3c, 0xb, 0x54, 0x93, 0x32, 0x8a, 0x48, 0x7,
    0x7a, 0xcd, 0x5b, 0x1a, 0xcb, 0x56, 0x20, 0x7,
    0x10, 0x88, 0xab, 0x72, 0x3, 0xc, 0x8, 0x3,
    0xb1, 0x23, 0x7f, 0xed, 0x92, 0xa, 0x49, 0x20,
    0x17, 0x74, 0x0, 0x7f, 0x16, 0x2e, 0xff, 0x5e,
    0x10, 0x7, 0xf8, 0xf3, 0xb7, 0xb0, 0xc0, 0x3f,
    0xc0,

    /* U+0636 "ض" */
    0x0, 0xff, 0xea, 0x62, 0x80, 0x7f, 0xf1, 0x39,
    0x40, 0x3f, 0xf8, 0x84, 0x1, 0xff, 0xc3, 0x19,
    0xee, 0x48, 0x7, 0xe8, 0x40, 0x2, 0x78, 0x6e,
    0x92, 0x1, 0x0, 0x38, 0x78, 0x16, 0xa9, 0x26,
    0x65, 0x14, 0x90, 0xe, 0xf5, 0x9a, 0xb6, 0x35,
    0x96, 0xac, 0x40, 0xe, 0x21, 0x11, 0x56, 0xe4,
    0x6, 0x18, 0x10, 0x7, 0x62, 0x46, 0xff, 0xdb,
    0x24, 0x14, 0x92, 0x40, 0x2e, 0xe8, 0x0, 0xfe,
    0x2c, 0x5d, 0xfe, 0xbc, 0x20, 0xf, 0xf1, 0xe7,
    0x6f, 0x61, 0x80, 0x7f, 0x80,

    /* U+0637 "ط" */
    0x0, 0x26, 0x80, 0x7f, 0x39, 0x80, 0x7f, 0xf2,
    0x4, 0x40, 0x1f, 0xfc, 0x83, 0x0, 0x15, 0x77,
    0x1c, 0x3, 0x9f, 0x37, 0x57, 0x8, 0x0, 0x10,
    0xbf, 0x73, 0x53, 0x13, 0x34, 0xc, 0x12, 0x35,
    0x8a, 0xdf, 0x30, 0xde, 0x55, 0xf, 0x0,

    /* U+0638 "ظ" */
    0x0, 0x26, 0x80, 0x7f, 0x39, 0x80, 0x7f, 0xf0,
    0x57, 0x0, 0x38, 0x44, 0x0, 0x5e, 0x0, 0xff,
    0x10, 0x7, 0x18, 0x0, 0xab, 0xb8, 0xe0, 0x1c,
    0xf9, 0xba, 0xb8, 0x40, 0x0, 0x85, 0xfb, 0x9a,
    0x98, 0x99, 0xa0, 0x60, 0x91, 0xac, 0x56, 0xf9,
    0x86, 0xf2, 0xa8, 0x78, 0x0,

    /* U+0639 "ع" */
    0x5, 0xdf, 0x80, 0xc, 0x75, 0x79, 0x40, 0x19,
    0x10, 0xc6, 0x40, 0x19, 0x10, 0xa4, 0xf0, 0x1,
    0x1c, 0x56, 0xeb, 0x80, 0x21, 0xa6, 0xea, 0x60,
    0xa, 0x52, 0x44, 0x3, 0x97, 0x0, 0x3e, 0x12,
    0x0, 0xfa, 0x61, 0xc8, 0x0, 0x4a, 0xb, 0x76,
    0xdf, 0xf6, 0xf8, 0x1, 0x33, 0xf7, 0xbe, 0x80,

    /* U+063A "غ" */
    0x0, 0xff, 0x8f, 0x80, 0x3e, 0x3c, 0x0, 0xfc,
    0x40, 0x1e, 0x5d, 0xf8, 0x0, 0xc7, 0x57, 0x94,
    0x1, 0x91, 0xc, 0x64, 0x1, 0x91, 0xa, 0x4f,
    0x0, 0x11, 0xc5, 0x6e, 0xb8, 0x2, 0x1a, 0x6e,
    0xa6, 0x0, 0xa5, 0x24, 0x40, 0x39, 0x70, 0x3,
    0xe1, 0x20, 0xf, 0xa6, 0x1c, 0x80, 0x4, 0xa0,
    0xb7, 0x6d, 0xff, 0x6f, 0x80, 0x13, 0x3f, 0x7b,
    0xe8, 0x0,

    /* U+063B "ػ" */
    0x0, 0xff, 0xe5, 0x2e, 0x80, 0x7f, 0xb8, 0x7c,
    0xc0, 0x3f, 0xb1, 0xe3, 0x10, 0x3, 0xe1, 0xbc,
    0x1c, 0x40, 0xf, 0xb1, 0x2e, 0xc6, 0x1, 0xf8,
    0xe9, 0x0, 0x3f, 0xd9, 0x50, 0x1, 0x2d, 0x80,
    0x71, 0x62, 0xb8, 0x3, 0x48, 0x3, 0xc3, 0x92,
    0x40, 0x2, 0x0, 0xf8, 0x55, 0xc2, 0xd2, 0x94,
    0xc8, 0x86, 0x90, 0x8c, 0x7, 0x81, 0x19, 0xbb,
    0x48, 0xe1, 0x80,

    /* U+063C "ؼ" */
    0x0, 0xff, 0xe5, 0xbf, 0x18, 0x7, 0xe6, 0xeb,
    0xa3, 0x0, 0xfa, 0xed, 0x58, 0x80, 0x1f, 0x92,
    0x90, 0x3, 0xfd, 0x93, 0x0, 0x12, 0xd8, 0x7,
    0x1e, 0x2b, 0x80, 0x34, 0x80, 0x3c, 0x5f, 0x24,
    0x0, 0x20, 0xf, 0x89, 0x5c, 0x2d, 0x29, 0x4c,
    0x88, 0x69, 0x8, 0xc0, 0x78, 0x11, 0x9b, 0xb4,
    0x8e, 0x18, 0x0, 0xeb, 0x7f, 0xee, 0xd9, 0x30,
    0xf, 0x4a, 0x61, 0x0, 0x7f, 0x4c, 0xa0, 0x80,
    0x3f, 0xd8, 0x80, 0x1e,

    /* U+063D "ؽ" */
    0x0, 0x3b, 0x0, 0x7f, 0x65, 0x0, 0x6, 0xbb,
    0x4c, 0x1b, 0xe5, 0x43, 0x3, 0x64, 0xc1, 0x91,
    0x54, 0xee, 0xa3, 0x40, 0x3, 0x0, 0x5c, 0xc2,
    0x1, 0x2d, 0x0, 0x50, 0xfd, 0x42, 0x1a, 0xa0,
    0x10, 0xde, 0x8e, 0x87, 0x90, 0x7, 0x10, 0xb0,
    0x2a, 0x41, 0x0, 0x9d, 0x25, 0x81, 0x5a, 0xef,
    0xf6, 0x97, 0x88, 0x1, 0x37, 0xb7, 0xb9, 0x2,
    0x0,

    /* U+063E "ؾ" */
    0x0, 0xf0, 0xd7, 0x69, 0x83, 0xd4, 0xc8, 0x30,
    0x36, 0x4c, 0x1a, 0xe2, 0xe, 0xea, 0x34, 0x0,
    0x38, 0x8d, 0xcc, 0x20, 0x12, 0xd0, 0x5, 0xf,
    0xd4, 0x21, 0xaa, 0x1, 0xd, 0xe8, 0xe8, 0x79,
    0x0, 0x71, 0xb, 0x2, 0xa4, 0x10, 0x9, 0xd2,
    0x58, 0x16, 0x26, 0xff, 0x69, 0x78, 0x80, 0xf,
    0x3b, 0x7b, 0x90, 0x20, 0x0,

    /* U+063F "ؿ" */
    0x0, 0xff, 0xe0, 0xbc, 0x0, 0x6, 0xbb, 0x48,
    0x1f, 0x46, 0x43, 0x3, 0x64, 0x81, 0xae, 0x20,
    0xee, 0xa3, 0x40, 0x3, 0x88, 0xdc, 0xc2, 0x1,
    0x2d, 0x0, 0x50, 0xfd, 0x42, 0x1a, 0xa0, 0x10,
    0xde, 0x8e, 0x87, 0x90, 0x7, 0x10, 0xb0, 0x2a,
    0x41, 0x0, 0x9d, 0x25, 0x81, 0x62, 0x6f, 0xf6,
    0x97, 0x88, 0x0, 0xf3, 0xb7, 0xb9, 0x2, 0x0,

    /* U+0640 "ـ" */
    0x12, 0x28, 0x7b, 0x76, 0xa0,

    /* U+0641 "ف" */
    0x0, 0xff, 0x69, 0x0, 0x7f, 0xf0, 0x24, 0x80,
    0x3f, 0xf8, 0x8, 0x1, 0xff, 0xc0, 0x6e, 0xd2,
    0x0, 0xfe, 0x28, 0xa5, 0xe0, 0x5b, 0x0, 0xf2,
    0x12, 0x41, 0x86, 0x90, 0x7, 0x90, 0xbf, 0xc0,
    0x20, 0x40, 0x1e, 0x2e, 0xe6, 0x0, 0xda, 0x4a,
    0x10, 0x8f, 0x14, 0x98, 0x1e, 0x1c, 0xef, 0x77,
    0x63, 0x78, 0x0,

    /* U+0642 "ق" */
    0x0, 0xff, 0xe2, 0xc4, 0xca, 0x0, 0x3e, 0x98,
    0x84, 0x80, 0x7c, 0x23, 0x80, 0x3e, 0x5d, 0xd1,
    0x80, 0x78, 0x6e, 0x2b, 0x80, 0x18, 0x20, 0x4,
    0x35, 0x72, 0x15, 0x11, 0x0, 0x10, 0x3f, 0xc0,
    0x7a, 0xe0, 0x10, 0xef, 0x60, 0x1f, 0xb8, 0x7,
    0xc, 0x98, 0xa9, 0x51, 0x80, 0xa5, 0xaf, 0x81,
    0x5b, 0x67, 0xf5, 0x86, 0x98, 0x1, 0x33, 0xb7,
    0xbe, 0xc8, 0x0,

    /* U+0643 "ك" */
    0x0, 0xff, 0x71, 0x80, 0x7f, 0x8d, 0xc0, 0x3c,
    0x86, 0x1, 0x8, 0x7, 0x2c, 0x8, 0x0, 0x40,
    0x3e, 0x72, 0x0, 0x8d, 0x24, 0x2, 0x77, 0x20,
    0x1, 0xc4, 0xc0, 0x37, 0x52, 0x0, 0x4, 0x3c,
    0x80, 0x2c, 0x60, 0x9, 0x86, 0xd2, 0x54, 0xc8,
    0x86, 0xb2, 0x68, 0x78, 0x71, 0x9b, 0xb4, 0x8e,
    0x90,

    /* U+0644 "ل" */
    0x0, 0xfa, 0x64, 0x1, 0xf0, 0x98, 0x7, 0xde,
    0x1, 0xfc, 0x20, 0x1f, 0x8, 0x7, 0xf3, 0x80,
    0x7c, 0x60, 0x5, 0x0, 0xf9, 0x60, 0x3, 0xcf,
    0xa8, 0x1, 0xc4, 0x20, 0x40, 0x1d, 0x79, 0x49,
    0x2, 0x5, 0x22, 0xc5, 0x89, 0xdf, 0xa5, 0xe0,
    0x3, 0xce, 0xdf, 0xb2, 0x0,

    /* U+0645 "م" */
    0x1, 0xae, 0xd2, 0x0, 0x51, 0xea, 0xf8, 0x2,
    0x64, 0x70, 0x64, 0x9, 0xbf, 0xc2, 0x6d, 0x10,
    0xca, 0x91, 0xc9, 0x53, 0x46, 0x0, 0xfc, 0x5e,
    0x1, 0xd9, 0xc0, 0x1c,

    /* U+0646 "ن" */
    0x0, 0xff, 0xe0, 0xf1, 0x80, 0x7d, 0x86, 0x1,
    0xf1, 0x0, 0x14, 0x3, 0xf5, 0xa0, 0x30, 0x7,
    0x3f, 0x2d, 0x0, 0x76, 0x3e, 0xa8, 0x7, 0x8,
    0x80, 0x80, 0x3b, 0x56, 0x92, 0x8, 0x6, 0x1a,
    0xca, 0xd7, 0x7f, 0x93, 0x8, 0x13, 0x7b, 0x7f,
    0xc, 0x0,

    /* U+0647 "ه" */
    0x0, 0x28, 0x7, 0x55, 0x0, 0x28, 0x56, 0x70,
    0x35, 0xad, 0x91, 0xb4, 0x1, 0x22, 0x7a, 0x1a,
    0x91, 0x1d, 0xd9, 0x16, 0x20,

    /* U+0648 "و" */
    0x1, 0xce, 0x60, 0x5, 0xad, 0xc8, 0x82, 0xc2,
    0x9a, 0x0, 0x10, 0x9c, 0x82, 0x2f, 0x50, 0x41,
    0xfb, 0x1, 0xc0, 0xe3, 0x20, 0x57, 0xe, 0xdc,
    0x17, 0xed, 0x0, 0x0,

    /* U+0649 "ى" */
    0x0, 0xf0, 0xd7, 0x69, 0x80, 0x7b, 0x3, 0x64,
    0xc0, 0x39, 0xdd, 0x46, 0x80, 0x6, 0x0, 0xb9,
    0x84, 0x2, 0x5a, 0x0, 0xa1, 0xfa, 0x84, 0x35,
    0x40, 0x21, 0xbd, 0x1d, 0xf, 0x20, 0xe, 0x21,
    0x60, 0x54, 0x82, 0x1, 0x3a, 0x4b, 0x2, 0xb5,
    0xdf, 0xed, 0x2f, 0x10, 0x2, 0x6f, 0x6f, 0x72,
    0x4, 0x0,

    /* U+064A "ي" */
    0x0, 0xf0, 0xd7, 0xe9, 0x80, 0x7b, 0x3, 0x20,
    0xc0, 0x3a, 0x1a, 0x8d, 0x40, 0xa, 0x1, 0x8,
    0x8, 0x4, 0xb2, 0x1, 0x40, 0x74, 0x88, 0x6a,
    0x80, 0x43, 0x7a, 0x5a, 0x1e, 0x40, 0x1c, 0x42,
    0xc0, 0xa9, 0x4, 0x2, 0x74, 0x96, 0x5, 0x69,
    0xbf, 0xda, 0x5e, 0x20, 0x4, 0xce, 0xde, 0xe4,
    0x8, 0x7, 0x7b, 0x71, 0x0, 0x7d, 0x89, 0xa4,
    0x1, 0x80,

    /* U+064B "ً" */
    0x0, 0x22, 0xab, 0x30, 0xcf, 0x69, 0x62, 0x79,
    0x0,

    /* U+064C "ٌ" */
    0x0, 0x3d, 0x94, 0x4e, 0x61, 0xe1, 0x2, 0xd0,
    0x26, 0x30, 0x40,

    /* U+064D "ٍ" */
    0x0, 0xc5, 0x19, 0x3, 0xd7, 0xed, 0x82, 0xc0,

    /* U+064E "َ" */
    0x0, 0xc2, 0xf9, 0x4, 0x79, 0x0,

    /* U+064F "ُ" */
    0x5, 0xc4, 0xf, 0x8d, 0x32, 0x9b, 0xb, 0xd2,

    /* U+0650 "ِ" */
    0x0, 0x9, 0xa6, 0x53, 0x2e, 0x5a, 0x80,

    /* U+0651 "ّ" */
    0x0, 0x94, 0x18, 0xe7, 0x4, 0x3c, 0x4c, 0x40,

    /* U+0652 "ْ" */
    0x2c, 0x6a, 0xed, 0xbe, 0xd0,

    /* U+0653 "ٓ" */
    0x7d, 0x62, 0x31, 0xdf, 0xf0, 0x80,

    /* U+0654 "ٔ" */
    0x3b, 0x40, 0xb8, 0x40, 0xdd, 0x60, 0x36, 0x60,
    0x0,

    /* U+0655 "ٕ" */
    0x3b, 0x40, 0xb8, 0x40, 0xdd, 0x60, 0x36, 0x60,
    0x0,

    /* U+0656 "ٖ" */
    0x22, 0x3a, 0x8, 0x80,

    /* U+0657 "ٗ" */
    0x1, 0x78, 0x2f, 0xf4, 0xa5, 0x98, 0xa4, 0xe0,
    0x0,

    /* U+0658 "٘" */
    0x0, 0xd, 0x85, 0x6e, 0x70,

    /* U+0659 "ٙ" */
    0x6a, 0xa3, 0x0,

    /* U+065A "ٚ" */
    0x70, 0x60, 0xf5, 0xc0, 0x9a, 0xe0, 0x1f, 0x40,

    /* U+065B "ٛ" */
    0x8, 0x0, 0x29, 0xb8, 0x75, 0xd8, 0x28, 0x30,
    0x0,

    /* U+065C "ٜ" */
    0x6a, 0xe, 0x70,

    /* U+065D "ٝ" */
    0xa, 0xa0, 0x0, 0x40, 0x4, 0x2, 0x4e, 0xe0,
    0x4, 0x60, 0x80,

    /* U+065E "ٞ" */
    0xc, 0x27, 0xb, 0x95, 0x60, 0xc6, 0x63, 0xb9,
    0x0,

    /* U+065F "ٟ" */
    0x2, 0xb6, 0x0, 0x36, 0x30, 0x4c, 0x5c, 0xc,
    0xe6, 0x20, 0x40,

    /* U+0660 "٠" */
    0x0, 0xeb, 0xa0, 0x6, 0x88, 0x1, 0xac, 0x0,

    /* U+0661 "١" */
    0x16, 0x0, 0xa4, 0x40, 0x49, 0x0, 0xc, 0x40,
    0x2, 0xe0, 0x7, 0x10, 0x0, 0x98, 0x0, 0xc4,
    0x0, 0x10, 0x8, 0xc0, 0x40, 0x7c, 0x40,

    /* U+0662 "٢" */
    0x1a, 0x0, 0x98, 0xc5, 0x50, 0xa, 0x4, 0xa,
    0xff, 0x58, 0x81, 0xdd, 0xbf, 0x0, 0x2, 0x28,
    0x3, 0x73, 0x0, 0x71, 0x90, 0x7, 0x30, 0x80,
    0x70, 0x80, 0x78, 0x90, 0x3, 0x0,

    /* U+0663 "٣" */
    0x3, 0x0, 0xc4, 0x41, 0xc1, 0xd, 0x25, 0xb1,
    0x13, 0x91, 0xc, 0x48, 0x16, 0x74, 0xfa, 0x7c,
    0x9, 0xbb, 0x3f, 0xc8, 0x1c, 0x42, 0x1, 0xc4,
    0xc0, 0x1e, 0x12, 0x0, 0xf3, 0x0, 0x7c, 0x60,
    0x20, 0x1c, 0x3a, 0x20, 0x18,

    /* U+0664 "٤" */
    0x0, 0x94, 0xc0, 0x21, 0xcb, 0x60, 0xb, 0x5b,
    0x94, 0x0, 0x47, 0x40, 0x18, 0x87, 0x28, 0xc0,
    0x2c, 0x36, 0x10, 0xb, 0x97, 0x8, 0x0, 0x47,
    0x40, 0x18, 0xc1, 0x84, 0x94, 0x86, 0xeb, 0xb6,
    0x58,

    /* U+0665 "٥" */
    0x0, 0x4f, 0x61, 0x80, 0x1d, 0x35, 0x34, 0x1,
    0x32, 0x38, 0x35, 0x11, 0x28, 0x1, 0xc8, 0x40,
    0x38, 0x40, 0xec, 0x91, 0x54, 0x1c, 0xdb, 0x50,
    0x60,

    /* U+0666 "٦" */
    0x22, 0x0, 0x4, 0x1, 0x5b, 0xfe, 0xe4, 0x8,
    0xfd, 0xd1, 0x80, 0x62, 0x23, 0x90, 0x7, 0x8,
    0x80, 0x38, 0xb8, 0x3, 0xbc, 0x80, 0x38, 0x98,
    0x3, 0x9c, 0x80, 0x38, 0x80, 0x40, 0x3b, 0x44,

    /* U+0667 "٧" */
    0x45, 0x0, 0xc6, 0x85, 0x0, 0x1a, 0x31, 0xc9,
    0x0, 0x4, 0x92, 0x2b, 0xc0, 0xa, 0x51, 0xe,
    0x50, 0x3, 0x70, 0x1, 0x5, 0x50, 0x10, 0x2,
    0x7f, 0xd6, 0x0, 0xda, 0x8f, 0x60, 0x19, 0x4,
    0xc, 0x3, 0x91, 0xc0, 0x3d, 0x72, 0x1, 0x0,

    /* U+0668 "٨" */
    0x0, 0x89, 0x0, 0x3d, 0x14, 0x1, 0xe4, 0x12,
    0x0, 0xc8, 0x6a, 0xa0, 0xd, 0xab, 0xf6, 0x1,
    0x9a, 0x94, 0xc4, 0x0, 0xc6, 0x40, 0xac, 0x0,
    0xab, 0x0, 0x7d, 0x1, 0x99, 0x80, 0xa, 0x69,
    0x6a, 0x20, 0x13, 0xec, 0x50, 0x6, 0x99, 0x0,

    /* U+0669 "٩" */
    0x5, 0xed, 0x30, 0x3b, 0xa4, 0xf0, 0xb6, 0x48,
    0x30, 0xf4, 0x11, 0x8d, 0xc3, 0xbc, 0x58, 0x33,
    0xbd, 0xc, 0x0, 0x20, 0x42, 0x1, 0xbb, 0x80,
    0x18, 0xd4, 0x3, 0x2a, 0x0,

    /* U+066A "٪" */
    0x2, 0x30, 0x3, 0x80, 0x27, 0x41, 0xb0, 0x1,
    0x54, 0xb, 0xf0, 0x0, 0xa2, 0x5, 0x0, 0x34,
    0x48, 0x6, 0x31, 0x50, 0xd, 0x36, 0x1, 0x89,
    0x18, 0x3, 0x5c, 0x85, 0x28, 0xb, 0xb8, 0x7,
    0x0, 0x70, 0x1, 0x72, 0x0,

    /* U+066B "٫" */
    0xd, 0xa0, 0x3, 0x3, 0x48, 0xb2, 0x80,

    /* U+066C "٬" */
    0x4, 0xa0, 0x8f, 0x23, 0x30, 0x8, 0x80,

    /* U+066D "٭" */
    0x0, 0x84, 0x3, 0xd6, 0x1, 0xc4, 0xa2, 0x0,
    0x5e, 0xd0, 0xed, 0x45, 0xe1, 0x2, 0xd4, 0x2,
    0x7, 0x22, 0x0, 0x13, 0x23, 0x50, 0x0,

    /* U+066E "ٮ" */
    0x0, 0xff, 0x96, 0x1, 0x6c, 0x3, 0xf8, 0x58,
    0x34, 0x80, 0x3f, 0x90, 0x48, 0x8, 0x3, 0xfe,
    0x3b, 0x4a, 0x53, 0x22, 0x8d, 0x5f, 0x54, 0x4f,
    0x2, 0x33, 0x77, 0x4f, 0x4d, 0x0,

    /* U+066F "ٯ" */
    0x0, 0xf2, 0xee, 0x8c, 0x3, 0xc3, 0x71, 0x5c,
    0x0, 0xc1, 0x0, 0x21, 0xab, 0x90, 0xa8, 0x88,
    0x0, 0x81, 0xfe, 0x3, 0xd7, 0x0, 0x87, 0x7b,
    0x0, 0xfd, 0xc0, 0x38, 0x64, 0xc5, 0x4a, 0x8c,
    0x5, 0x2d, 0x7c, 0xa, 0xdb, 0x3f, 0xac, 0x34,
    0xc0, 0x9, 0x9d, 0xbd, 0xf6, 0x40, 0x0,

    /* U+0670 "ٰ" */
    0x22, 0x3a, 0x8, 0x80,

    /* U+0671 "ٱ" */
    0x0, 0x36, 0x28, 0x1f, 0xef, 0x27, 0xae, 0xfa,
    0x66, 0x48, 0x0, 0xf2, 0x0, 0xfc, 0x22, 0x0,
    0xfc, 0x6e, 0x1, 0xff, 0xc1, 0x11, 0x0, 0x78,

    /* U+0672 "ٲ" */
    0x0, 0xd, 0xb0, 0x4, 0xde, 0xc0, 0x11, 0xe0,
    0x80, 0x2a, 0x12, 0x40, 0x15, 0x98, 0x80, 0xd,
    0xe4, 0x1, 0xfe, 0x11, 0x0, 0x7f, 0x8d, 0xc0,
    0x3f, 0xf8, 0x82, 0x20, 0xf, 0x80,

    /* U+0673 "ٳ" */
    0x0, 0x79, 0x0, 0x7e, 0x11, 0x0, 0x7e, 0x37,
    0x0, 0xfe, 0x10, 0x8, 0x40, 0x38, 0xc0, 0x27,
    0x0, 0xd6, 0xc0, 0x1, 0xa6, 0x0, 0x19, 0x30,
    0x2c, 0xa4, 0x2, 0xde, 0x40, 0x0,

    /* U+0674 "ٴ" */
    0x7b, 0xb, 0xb0, 0x3e, 0xbf, 0xe3, 0x80,

    /* U+0675 "ٵ" */
    0x0, 0x45, 0x0, 0x47, 0x41, 0xe4, 0xc, 0x60,
    0x21, 0xc2, 0x20, 0xb8, 0x20, 0xe, 0x37, 0x0,
    0xfe, 0x10, 0x8, 0x40, 0x38, 0xc0, 0x27, 0x0,
    0xc0,

    /* U+0676 "ٶ" */
    0x0, 0xd1, 0x60, 0x1c, 0x96, 0x1, 0xcf, 0xae,
    0x1, 0xa3, 0x5c, 0x7, 0x39, 0x40, 0x2b, 0x5b,
    0x91, 0x0, 0x2c, 0x29, 0xa0, 0x4, 0x84, 0xe4,
    0x0, 0x8b, 0xd4, 0x10, 0x3, 0xf6, 0x3, 0x80,
    0xe, 0x32, 0x4, 0x17, 0xe, 0xdc, 0x0, 0xbf,
    0x68, 0x1, 0x0,

    /* U+0677 "ٷ" */
    0x2, 0xb8, 0x9, 0x90, 0x0, 0x44, 0x82, 0x52,
    0x7, 0x23, 0xe2, 0xda, 0xa7, 0x56, 0x61, 0xda,
    0xa0, 0x2, 0xde, 0x70, 0xd, 0xf5, 0x34, 0x1,
    0x11, 0xbb, 0x80, 0xc0, 0x21, 0x32, 0x36, 0x0,
    0x13, 0x66, 0x93, 0x0, 0x53, 0xf4, 0x26, 0x1,
    0x24, 0xd5, 0x80, 0x4f, 0x67, 0x8a, 0x1, 0x3f,
    0xd1, 0x80, 0x40,

    /* U+0678 "ٸ" */
    0x0, 0xfe, 0x2b, 0x50, 0xf, 0xf2, 0xfa, 0x80,
    0x7f, 0x8e, 0xb0, 0x40, 0x3f, 0x9e, 0xf0, 0x40,
    0x3f, 0x8d, 0x40, 0x3f, 0xd, 0x76, 0x98, 0x7,
    0xec, 0xd, 0x93, 0x0, 0xf9, 0xdd, 0x46, 0x80,
    0x19, 0x80, 0x2e, 0x61, 0x0, 0xe5, 0xa0, 0xa,
    0x1f, 0xa8, 0x40, 0x2d, 0x50, 0x8, 0x6f, 0x47,
    0x40, 0x2f, 0x20, 0xe, 0x21, 0x60, 0x9, 0x52,
    0x8, 0x4, 0xe9, 0x2c, 0x2, 0x2b, 0x5d, 0xfe,
    0xd2, 0xf1, 0x0, 0xc9, 0xbd, 0xbd, 0xc8, 0x10,
    0xc,

    /* U+0679 "ٹ" */
    0x0, 0xe2, 0x90, 0xf, 0xfe, 0xa, 0x6b, 0x80,
    0x7f, 0x84, 0x59, 0x60, 0x1f, 0xe8, 0x1d, 0x80,
    0xf, 0xf5, 0xee, 0x20, 0x1, 0x18, 0x12, 0x40,
    0x3f, 0xd0, 0x6, 0x1, 0xfe, 0x41, 0x17, 0x90,
    0x7, 0xfc, 0x76, 0x92, 0xa6, 0x45, 0x1a, 0xbe,
    0xa1, 0x1e, 0x1c, 0x66, 0xee, 0x9e, 0x8b, 0x0,

    /* U+067A "ٺ" */
    0x0, 0xff, 0xe4, 0x62, 0x80, 0x7f, 0xf0, 0x39,
    0x40, 0x3f, 0xf8, 0x1c, 0xa0, 0x1f, 0xfc, 0xe,
    0x50, 0x9, 0x18, 0x12, 0x40, 0x31, 0x0, 0x74,
    0x1, 0x80, 0x7f, 0x90, 0x45, 0xe4, 0x1, 0xff,
    0x1d, 0xa4, 0xa9, 0x91, 0x46, 0xaf, 0xa8, 0x47,
    0x87, 0x19, 0xbb, 0xa7, 0xa2, 0xc0,

    /* U+067B "ٻ" */
    0x0, 0xff, 0x96, 0x1, 0x6c, 0x3, 0xf8, 0x58,
    0x34, 0x80, 0x3f, 0x90, 0x48, 0x8, 0x3, 0xfe,
    0x3b, 0x4a, 0x53, 0x22, 0x8d, 0x5f, 0x54, 0x4f,
    0x2, 0x33, 0x77, 0x4f, 0x4d, 0x0, 0xe, 0xb7,
    0xff, 0x76, 0x4a, 0x0, 0x7e, 0x93, 0x0, 0xff,
    0xe7, 0x49, 0x80, 0x78,

    /* U+067C "ټ" */
    0x0, 0xff, 0xe3, 0xdb, 0x62, 0x80, 0x7f, 0xa9,
    0xb9, 0x40, 0x8, 0xc0, 0x92, 0x1, 0x8, 0x10,
    0x6, 0x80, 0x30, 0xf, 0xf2, 0x8, 0xbc, 0x80,
    0x3f, 0xe3, 0xb4, 0x95, 0x32, 0x28, 0xd5, 0xf4,
    0xc8, 0xf0, 0xe3, 0x37, 0x6c, 0xbb, 0x56, 0x0,
    0xe, 0xb7, 0xe6, 0x93, 0xfb, 0x1c, 0x3, 0xe4,
    0xe3, 0x0, 0xf0,

    /* U+067D "ٽ" */
    0x0, 0xff, 0xe3, 0xdb, 0xe2, 0x80, 0x7f, 0xa9,
    0xb9, 0x40, 0x3f, 0xc3, 0x48, 0x1, 0xff, 0xc0,
    0x96, 0x0, 0x91, 0x81, 0x24, 0x3, 0x10, 0x7,
    0x40, 0x18, 0x7, 0xf9, 0x4, 0x5e, 0x40, 0x1f,
    0xf1, 0xda, 0x4a, 0x99, 0x14, 0x6a, 0xfa, 0x84,
    0x78, 0x71, 0x9b, 0xba, 0x7a, 0x2c, 0x0,

    /* U+067E "پ" */
    0x0, 0xff, 0x96, 0x1, 0x6c, 0x3, 0xf8, 0x58,
    0x34, 0x80, 0x3f, 0x90, 0x48, 0x8, 0x3, 0xfe,
    0x3b, 0x4a, 0x53, 0x22, 0x8d, 0x5f, 0x54, 0x4f,
    0x2, 0x33, 0x77, 0x4f, 0x4d, 0x0, 0xe, 0xb7,
    0xff, 0x76, 0x4a, 0x0, 0x7d, 0x2b, 0x66, 0x1,
    0xfe, 0x9e, 0xe1, 0x80, 0x7f, 0xd4, 0xa0, 0x1e,

    /* U+067F "ٿ" */
    0x0, 0xff, 0xe3, 0xdb, 0xe2, 0x80, 0x7f, 0xa5,
    0xb9, 0x40, 0x3f, 0xd2, 0xdc, 0xa0, 0x1f, 0xea,
    0x7e, 0x50, 0x2, 0x30, 0x24, 0x80, 0x42, 0x4,
    0x1, 0xa0, 0xc, 0x3, 0xfc, 0x82, 0x2f, 0x20,
    0xf, 0xf8, 0xed, 0x25, 0x4c, 0x8a, 0x35, 0x7d,
    0x42, 0x3c, 0x38, 0xcd, 0xdd, 0x3d, 0x16, 0x0,

    /* U+0680 "ڀ" */
    0x0, 0xff, 0x96, 0x1, 0x6c, 0x3, 0xf8, 0x58,
    0x34, 0x80, 0x3f, 0x90, 0x48, 0x8, 0x3, 0xfe,
    0x3b, 0x4a, 0x53, 0x22, 0x8d, 0x5f, 0x54, 0x4f,
    0x2, 0x33, 0x77, 0x4f, 0x4d, 0x0, 0xe, 0xb7,
    0xff, 0x76, 0x4a, 0x0, 0x7d, 0xd, 0x66, 0x1,
    0xfe, 0x11, 0x3b, 0x80, 0x3f, 0xd0, 0xda, 0x80,
    0x1c,

    /* U+0681 "ځ" */
    0x0, 0xa2, 0xc0, 0x3e, 0x4b, 0x0, 0xfd, 0xae,
    0x1, 0xe9, 0xc7, 0x0, 0xf2, 0x88, 0x6, 0x6e,
    0xe5, 0x10, 0x7, 0x46, 0x9e, 0xc9, 0x80, 0x19,
    0x87, 0x32, 0x6c, 0xf0, 0x8, 0xee, 0x16, 0xb0,
    0x0, 0xb8, 0x7d, 0x4a, 0x60, 0x55, 0x70, 0x1,
    0xd6, 0xe8, 0x1, 0xe4, 0xd0, 0xf, 0x9b, 0x40,
    0x3e, 0xf7, 0x93, 0x10, 0x26, 0x4, 0xc2, 0xce,
    0xfd, 0xd1, 0x1, 0xdf, 0xef, 0x7d, 0x90,

    /* U+0682 "ڂ" */
    0x0, 0xff, 0xe0, 0x1f, 0x0, 0x7c, 0x78, 0x1,
    0xf1, 0xf8, 0x7, 0xc7, 0xc0, 0x1f, 0x8c, 0x3,
    0x2f, 0x7e, 0xca, 0x8, 0x1, 0x3b, 0xa0, 0xbe,
    0xf0, 0x10, 0x28, 0x65, 0xac, 0x0, 0x2e, 0x1f,
    0xd2, 0x98, 0x15, 0x5c, 0x0, 0x75, 0xba, 0x0,
    0x79, 0x34, 0x3, 0xe6, 0xd0, 0xf, 0xbd, 0xe4,
    0xc4, 0x5, 0x41, 0x30, 0xb3, 0xbf, 0xb8, 0x40,
    0x77, 0xfb, 0xdf, 0x64,

    /* U+0683 "ڃ" */
    0x5e, 0xfd, 0x95, 0x10, 0x2, 0x7f, 0xc3, 0x5d,
    0xe8, 0x22, 0x28, 0x74, 0x9b, 0x40, 0x3c, 0x1d,
    0xb6, 0x40, 0x1d, 0x6b, 0x20, 0xc, 0xc5, 0x4,
    0x24, 0x20, 0xc, 0xa0, 0xb6, 0x87, 0x0, 0x31,
    0x4, 0xbd, 0x30, 0x1, 0xb0, 0x3, 0xef, 0x78,
    0x20, 0x0, 0xb1, 0xa6, 0x1e, 0xff, 0xba, 0x98,
    0xe, 0xff, 0xb7, 0xf1, 0x40,

    /* U+0684 "ڄ" */
    0x6e, 0xe5, 0x10, 0x7, 0x46, 0x9e, 0xc9, 0x80,
    0x19, 0x87, 0x32, 0x6c, 0xf0, 0x8, 0xee, 0x16,
    0xb0, 0x0, 0xb8, 0x7f, 0x4a, 0x60, 0x55, 0x71,
    0x4e, 0x1, 0x5b, 0xa0, 0x4b, 0x0, 0x49, 0xa0,
    0x8, 0x60, 0x9, 0xb4, 0x1, 0x6c, 0x1, 0x7b,
    0xc9, 0x80, 0x93, 0xa, 0x61, 0x67, 0x7e, 0xe8,
    0xc0, 0xef, 0xf7, 0xbe, 0xc8,

    /* U+0685 "څ" */
    0x0, 0xff, 0xe0, 0x16, 0x80, 0x78, 0xb2, 0x74,
    0x3, 0x8a, 0x93, 0x80, 0x3c, 0x80, 0x60, 0x12,
    0xf7, 0xec, 0xa0, 0x80, 0x13, 0xba, 0xb, 0xef,
    0x1, 0x2, 0x86, 0x5a, 0xc0, 0x2, 0xe1, 0xfd,
    0x29, 0x81, 0x55, 0xc0, 0x7, 0x5b, 0xa0, 0x7,
    0x93, 0x40, 0x3e, 0x6d, 0x0, 0xfb, 0xde, 0x4c,
    0x40, 0x54, 0x13, 0xb, 0x3b, 0xfb, 0x84, 0x7,
    0x7f, 0xbd, 0xf6, 0x40,

    /* U+0686 "چ" */
    0x6e, 0xe5, 0xa0, 0x7, 0x46, 0x9d, 0xd9, 0x0,
    0xc, 0xc3, 0x8c, 0x4b, 0xf4, 0x0, 0x1d, 0xea,
    0xd6, 0x20, 0x2e, 0x1f, 0x52, 0x98, 0x15, 0x61,
    0x45, 0xb0, 0x2, 0xdc, 0xee, 0x64, 0xc0, 0x4,
    0xd0, 0x1b, 0x50, 0x8, 0x48, 0x1, 0x6c, 0x1,
    0x4c, 0x39, 0x8, 0xca, 0x6b, 0x57, 0xbf, 0xee,
    0x97, 0x5, 0xcf, 0xed, 0xfc, 0x40,

    /* U+0687 "ڇ" */
    0x6e, 0xe5, 0xa0, 0x7, 0x46, 0x9d, 0xd9, 0x0,
    0xc, 0xc3, 0x8c, 0x4b, 0xf4, 0x0, 0x1d, 0xea,
    0xd6, 0x20, 0x2e, 0x1f, 0x52, 0x98, 0x15, 0x60,
    0xc5, 0xb0, 0x2, 0xdc, 0xe2, 0x64, 0xc0, 0x4,
    0xd0, 0x89, 0x93, 0x0, 0x4, 0x82, 0x26, 0x98,
    0x1, 0x30, 0xe6, 0x23, 0x29, 0xad, 0x5e, 0xff,
    0xba, 0x5c, 0x17, 0x3f, 0xb7, 0xf1, 0x0,

    /* U+0688 "ڈ" */
    0x0, 0x60, 0x7, 0x87, 0x28, 0x3, 0xb9, 0xc0,
    0x28, 0xe, 0xa0, 0xa, 0x37, 0x1c, 0x3, 0x88,
    0x40, 0x3a, 0x28, 0x3, 0xad, 0x54, 0x1, 0x86,
    0x64, 0x1, 0xca, 0x60, 0x2e, 0x66, 0xb1, 0x2,
    0xcd, 0xc5, 0xd0,

    /* U+0689 "ډ" */
    0x0, 0x90, 0x80, 0x3b, 0x78, 0x3, 0xa4, 0x94,
    0x3, 0xa2, 0x40, 0x39, 0xc, 0x5, 0xcc, 0xd6,
    0x40, 0x57, 0x98, 0x5f, 0x3, 0xf7, 0x6e, 0x20,
    0x1, 0x91, 0x90, 0x0,

    /* U+068A "ڊ" */
    0x0, 0x90, 0x80, 0x3b, 0x78, 0x3, 0xa4, 0x94,
    0x3, 0xa2, 0x40, 0x39, 0xc, 0x5, 0xcc, 0xd6,
    0x40, 0x59, 0xb8, 0xbc, 0x7, 0x7d, 0xf8, 0x60,
    0x13, 0x58, 0x7, 0x34, 0x80, 0x40,

    /* U+068B "ڋ" */
    0x0, 0x60, 0x7, 0x87, 0x28, 0x3, 0xb9, 0xc0,
    0x28, 0xf, 0xa0, 0xa, 0x37, 0x4e, 0x1, 0xc4,
    0x20, 0x1d, 0x14, 0x1, 0xd6, 0xa8, 0x1, 0x86,
    0x60, 0x3, 0x94, 0xc0, 0x5c, 0xcd, 0x62, 0x7,
    0x9b, 0x8b, 0xa0, 0x57, 0xdf, 0x86, 0x1, 0x35,
    0x80, 0x73, 0x48, 0x4,

    /* U+068C "ڌ" */
    0x0, 0xfc, 0xf5, 0x30, 0x1, 0x35, 0xc4, 0x80,
    0x42, 0x23, 0x0, 0xf4, 0x50, 0x7, 0x5a, 0xa0,
    0x6, 0x18, 0x80, 0x7, 0x21, 0x80, 0xb9, 0x9a,
    0xc4, 0xb, 0x37, 0x17, 0x40,

    /* U+068D "ڍ" */
    0x0, 0x90, 0x80, 0x3b, 0x78, 0x3, 0xa4, 0x94,
    0x3, 0xa2, 0x40, 0x39, 0xc, 0x5, 0xcc, 0xd6,
    0x40, 0x59, 0xb8, 0xbc, 0x7, 0x7d, 0xf8, 0x60,
    0x5, 0xc6, 0xb0, 0x9, 0x79, 0xa4, 0x0,

    /* U+068E "ڎ" */
    0x0, 0xfe, 0x89, 0x0, 0xe9, 0x80, 0xc, 0xf7,
    0x10, 0x0, 0x9a, 0xe2, 0x40, 0x21, 0x11, 0x80,
    0x7a, 0x28, 0x3, 0xad, 0x50, 0x3, 0xc, 0x40,
    0x3, 0x90, 0xc0, 0x5c, 0xcd, 0x62, 0x5, 0x9b,
    0x8b, 0xa0,

    /* U+068F "ڏ" */
    0x0, 0xfc, 0xf5, 0x32, 0x0, 0x9a, 0xe2, 0x0,
    0x10, 0xcc, 0x8, 0x6, 0x98, 0x0, 0xe1, 0x31,
    0x0, 0xe8, 0xa0, 0xe, 0xb5, 0x40, 0xc, 0x31,
    0x0, 0xe, 0x43, 0x1, 0x73, 0x35, 0x88, 0x16,
    0x6e, 0x2e, 0x80,

    /* U+0690 "ڐ" */
    0x0, 0xfc, 0xf5, 0x30, 0x1, 0x34, 0x42, 0x40,
    0x26, 0x88, 0x48, 0x4, 0xd7, 0x12, 0x1, 0x8,
    0x8c, 0x3, 0xd1, 0x40, 0x1d, 0x6a, 0x80, 0x18,
    0x62, 0x0, 0x1c, 0x86, 0x2, 0xe6, 0x6b, 0x10,
    0x2c, 0xdc, 0x5d, 0x0,

    /* U+0691 "ڑ" */
    0x0, 0x29, 0x0, 0x62, 0xed, 0x30, 0x7, 0xdd,
    0x90, 0x9, 0x6f, 0x58, 0xb, 0x72, 0xc4, 0x3,
    0xfa, 0x20, 0x1, 0xb1, 0x80, 0x32, 0x1, 0x0,
    0x7f, 0x10, 0x10, 0x0, 0x7e, 0x0, 0x63, 0x95,
    0x80, 0x7, 0x90, 0x0,

    /* U+0692 "ڒ" */
    0x0, 0x28, 0x30, 0x5, 0xc7, 0xe0, 0x17, 0xe5,
    0x80, 0x49, 0xa4, 0x1, 0x88, 0x3, 0x95, 0x0,
    0x31, 0xc0, 0x6, 0x63, 0x10, 0xc, 0x44, 0x0,
    0x84, 0x88, 0x1, 0x43, 0x8, 0x15, 0xa4, 0x1,
    0x69, 0x68, 0x81, 0x74, 0x80, 0x40,

    /* U+0693 "ړ" */
    0x0, 0xfe, 0x98, 0x0, 0xda, 0xc0, 0x19, 0x0,
    0x80, 0x3f, 0x88, 0x8, 0x2, 0xe0, 0x40, 0x6e,
    0x3f, 0xe2, 0xbb, 0xb7, 0x80,

    /* U+0694 "ڔ" */
    0x0, 0xfe, 0x99, 0x0, 0x6a, 0x60, 0xc, 0x62,
    0x40, 0x1f, 0xc6, 0x4, 0x0, 0x2d, 0xb0, 0x19,
    0xd9, 0x50, 0xb, 0x5f, 0xc4, 0x52, 0x41, 0xa2,

    /* U+0695 "ڕ" */
    0x0, 0x95, 0x0, 0x31, 0xc0, 0x6, 0x63, 0x10,
    0xc, 0x44, 0x0, 0x84, 0x88, 0x1, 0x43, 0x8,
    0x15, 0xa4, 0x1, 0x69, 0x68, 0x81, 0x75, 0xab,
    0x0, 0x4, 0xbf, 0x80, 0x34, 0x48, 0x0,

    /* U+0696 "ږ" */
    0x0, 0x99, 0x40, 0x31, 0xc0, 0x6, 0x52, 0x10,
    0x22, 0x0, 0x98, 0x55, 0x8, 0x8, 0x22, 0x7e,
    0x0, 0x67, 0xa9, 0x80, 0x7, 0x8f, 0xe2, 0x2a,
    0x30, 0xd1,

    /* U+0697 "ڗ" */
    0x0, 0xfd, 0xe7, 0xe0, 0x16, 0x9e, 0x80, 0x44,
    0x4, 0x1, 0xa2, 0x0, 0x1b, 0x18, 0x3, 0x20,
    0x10, 0x7, 0xf1, 0x81, 0x0, 0x7, 0xa0, 0x6,
    0x39, 0x58, 0x0, 0x79, 0x0, 0x0,

    /* U+0698 "ژ" */
    0x0, 0xfc, 0x3e, 0x20, 0x10, 0xe8, 0x80, 0x5e,
    0xde, 0x1, 0x6a, 0x68, 0x4, 0x40, 0x40, 0x1a,
    0x20, 0x1, 0xb1, 0x80, 0x32, 0x1, 0x0, 0x7f,
    0x18, 0x10, 0x0, 0x7a, 0x0, 0x63, 0x95, 0x80,
    0x7, 0x90, 0x0,

    /* U+0699 "ڙ" */
    0x0, 0xfd, 0xe9, 0xe0, 0x16, 0x26, 0x0, 0x58,
    0x98, 0x1, 0x6a, 0x68, 0x4, 0x40, 0x40, 0x1a,
    0x20, 0x1, 0xb1, 0x80, 0x32, 0x1, 0x0, 0x7f,
    0x18, 0x10, 0x0, 0x7a, 0x0, 0x63, 0x95, 0x80,
    0x7, 0x90, 0x0,

    /* U+069A "ښ" */
    0x0, 0xff, 0xe7, 0x8f, 0x88, 0x7, 0xff, 0x8,
    0x74, 0x40, 0x4, 0x1, 0xff, 0xc0, 0x20, 0x3,
    0xf0, 0x7, 0xe8, 0x40, 0x2, 0x30, 0x29, 0x80,
    0xc, 0x3, 0x8b, 0x40, 0x1b, 0xc0, 0x42, 0x69,
    0xc0, 0x1d, 0x8c, 0x86, 0xe4, 0x44, 0x12, 0xc4,
    0x0, 0xe2, 0xa, 0xd6, 0x1d, 0x99, 0x8, 0x10,
    0x7, 0x1a, 0xf7, 0x22, 0xff, 0x58, 0x29, 0x20,
    0x80, 0x5a, 0x60, 0x1, 0xaa, 0x1, 0x8b, 0x13,
    0x7f, 0xaa, 0x84, 0x0, 0xf5, 0x0, 0xe3, 0xce,
    0xde, 0xc4, 0x0, 0x88, 0x3, 0x80,

    /* U+069B "ڛ" */
    0x0, 0xff, 0xe1, 0x1b, 0x0, 0x7f, 0xf0, 0xd6,
    0x0, 0x3f, 0x5b, 0x0, 0x1a, 0x41, 0xc4, 0x40,
    0xa0, 0x1c, 0x58, 0x0, 0xf1, 0x1, 0x22, 0x2c,
    0x0, 0x77, 0xaa, 0x1b, 0x91, 0x10, 0x89, 0xa8,
    0x1, 0xc4, 0x15, 0xac, 0x3b, 0x32, 0x1f, 0x20,
    0xe, 0x35, 0xee, 0x45, 0xfe, 0xb0, 0x2a, 0x49,
    0x0, 0xb4, 0x40, 0x29, 0x74, 0x80, 0x22, 0xc5,
    0xdf, 0xea, 0xb2, 0xa, 0xe9, 0x20, 0xc, 0x79,
    0xdb, 0xd8, 0x80, 0x15, 0x20, 0x6,

    /* U+069C "ڜ" */
    0x0, 0xff, 0xe8, 0x78, 0x80, 0x7f, 0xf0, 0xf4,
    0x40, 0x3f, 0xf8, 0x5e, 0xde, 0x20, 0x1f, 0xfc,
    0x1d, 0x4d, 0x10, 0x20, 0xf, 0xf8, 0x80, 0x81,
    0xf8, 0x3, 0xf4, 0x20, 0x1, 0x18, 0x14, 0xc0,
    0x6, 0x1, 0xc5, 0xa0, 0xd, 0xe0, 0x21, 0x34,
    0xe0, 0xe, 0xc6, 0x43, 0x72, 0x22, 0x9, 0x62,
    0x0, 0x71, 0x5, 0x6b, 0xe, 0xcc, 0x84, 0x8,
    0x3, 0x8d, 0x7b, 0x91, 0x7f, 0xac, 0x14, 0x90,
    0x40, 0x2d, 0x30, 0x14, 0xba, 0x40, 0x11, 0x62,
    0x6f, 0xf5, 0x50, 0x82, 0xba, 0x48, 0x3, 0x1e,
    0x76, 0xf6, 0x20, 0x5, 0x48, 0x1, 0x80,

    /* U+069D "ڝ" */
    0x0, 0xff, 0xe0, 0xc, 0xf7, 0x24, 0x3, 0xf4,
    0x20, 0x1, 0x3c, 0x37, 0x49, 0x0, 0x80, 0x1c,
    0x3c, 0xb, 0x54, 0x93, 0x32, 0x8a, 0x48, 0x7,
    0x7a, 0xcd, 0x5b, 0x1a, 0xcb, 0x56, 0x20, 0x7,
    0x10, 0x88, 0xab, 0x72, 0x3, 0xc, 0x8, 0x3,
    0xb1, 0x23, 0x7f, 0xed, 0x92, 0xa, 0x49, 0x20,
    0x17, 0x74, 0x0, 0x35, 0x78, 0xc0, 0x22, 0xc5,
    0xdf, 0xeb, 0xc2, 0x0, 0x7a, 0xe1, 0x80, 0x63,
    0xce, 0xde, 0xc3, 0x0, 0x88, 0x8, 0x3, 0x0,

    /* U+069E "ڞ" */
    0x0, 0xff, 0xea, 0x62, 0x80, 0x7f, 0xf1, 0x39,
    0x40, 0x3f, 0xf8, 0x76, 0x9a, 0xa0, 0x1f, 0xfc,
    0x29, 0x6f, 0x50, 0xf, 0xfe, 0x11, 0x1, 0x0,
    0x7f, 0xf0, 0x86, 0x7b, 0x92, 0x1, 0xfa, 0x10,
    0x0, 0x9e, 0x1b, 0xa4, 0x80, 0x40, 0xe, 0x1e,
    0x5, 0xaa, 0x49, 0x99, 0x45, 0x24, 0x3, 0xbd,
    0x66, 0xad, 0x8d, 0x65, 0xab, 0x10, 0x3, 0x88,
    0x44, 0x55, 0xb9, 0x1, 0x86, 0x4, 0x1, 0xd8,
    0x91, 0xbf, 0xf6, 0xc9, 0x5, 0x24, 0x90, 0xb,
    0xba, 0x0, 0x3f, 0x8b, 0x17, 0x7f, 0xaf, 0x8,
    0x3, 0xfc, 0x79, 0xdb, 0xd8, 0x60, 0x1f, 0xe0,

    /* U+069F "ڟ" */
    0x0, 0xff, 0xe0, 0xa6, 0x80, 0x17, 0x40, 0x39,
    0xcc, 0x0, 0xbe, 0x1, 0xf9, 0x35, 0xf0, 0x3,
    0x8, 0x81, 0x3d, 0x78, 0x3, 0xf1, 0x1, 0x0,
    0x63, 0x0, 0x15, 0x77, 0x1c, 0x3, 0x9f, 0x37,
    0x57, 0x8, 0x0, 0x10, 0xbf, 0x73, 0x53, 0x13,
    0x34, 0xc, 0x12, 0x35, 0x8a, 0xdf, 0x30, 0xde,
    0x55, 0xf, 0x0,

    /* U+06A0 "ڠ" */
    0x0, 0xff, 0x8b, 0xc0, 0x3e, 0x2d, 0x0, 0xf0,
    0xfb, 0x70, 0x7, 0xe, 0xa6, 0x0, 0x78, 0x80,
    0x80, 0x39, 0x77, 0xe0, 0x3, 0x1d, 0x5e, 0x50,
    0x6, 0x44, 0x31, 0x90, 0x6, 0x44, 0x29, 0x3c,
    0x0, 0x47, 0x15, 0xba, 0xe0, 0x8, 0x69, 0xba,
    0x98, 0x2, 0x94, 0x91, 0x0, 0xe5, 0xc0, 0xf,
    0x84, 0x80, 0x3e, 0x98, 0x72, 0x0, 0x12, 0x82,
    0xdd, 0xb7, 0xfd, 0xbe, 0x0, 0x4c, 0xfd, 0xef,
    0xa0,

    /* U+06A1 "ڡ" */
    0x0, 0xfe, 0x6e, 0xd2, 0x0, 0xfe, 0x28, 0xa5,
    0xe0, 0x5b, 0x0, 0xf2, 0x12, 0x41, 0x86, 0x90,
    0x7, 0x90, 0xbf, 0xc0, 0x20, 0x40, 0x1e, 0x2e,
    0xe6, 0x0, 0xda, 0x4a, 0x10, 0x8f, 0x14, 0x98,
    0x1e, 0x1c, 0xef, 0x77, 0x63, 0x78, 0x0,

    /* U+06A2 "ڢ" */
    0x0, 0xfe, 0x6e, 0xd2, 0x0, 0xfe, 0x28, 0xa5,
    0xe0, 0x5b, 0x0, 0xf2, 0x12, 0x41, 0x86, 0x90,
    0x7, 0x90, 0xbf, 0xc0, 0x20, 0x40, 0x1e, 0x2e,
    0xe6, 0x0, 0xda, 0x4a, 0x10, 0x8f, 0x14, 0x98,
    0x1e, 0x1c, 0xef, 0x77, 0x63, 0x78, 0x0, 0xeb,
    0x7f, 0xfe, 0xc3, 0x0, 0xf1, 0x78, 0x7, 0xff,
    0x0, 0xb4, 0x3, 0xe0,

    /* U+06A3 "ڣ" */
    0x0, 0xff, 0x69, 0x0, 0x7f, 0xf0, 0x24, 0x80,
    0x3f, 0xf8, 0x8, 0x1, 0xff, 0xc0, 0x6e, 0xd2,
    0x0, 0xfe, 0x28, 0xa5, 0xe0, 0x5b, 0x0, 0xf2,
    0x12, 0x41, 0x86, 0x90, 0x7, 0x90, 0xbf, 0xc0,
    0x20, 0x40, 0x1e, 0x2e, 0xe6, 0x0, 0xda, 0x4a,
    0x10, 0x8f, 0x14, 0x98, 0x1e, 0x1c, 0xef, 0x77,
    0x63, 0x78, 0x0, 0xeb, 0x7f, 0xfe, 0xc3, 0x0,
    0xff, 0xb8, 0xc0, 0x3f, 0xf8, 0x18, 0x60, 0x0,

    /* U+06A4 "ڤ" */
    0x0, 0xff, 0xe6, 0x71, 0x80, 0x7f, 0xf0, 0x30,
    0xc0, 0x3f, 0xed, 0x6d, 0x20, 0xf, 0xf4, 0xa4,
    0x90, 0x7, 0xf9, 0x1, 0x0, 0x3f, 0xe6, 0xed,
    0x20, 0xf, 0xe2, 0x8a, 0x5e, 0x5, 0xb0, 0xf,
    0x21, 0x24, 0x18, 0x69, 0x0, 0x79, 0xb, 0xfc,
    0x2, 0x4, 0x1, 0xe2, 0xee, 0x60, 0xd, 0xa4,
    0xa1, 0x8, 0xf1, 0x49, 0x81, 0xe1, 0xce, 0xf7,
    0x76, 0x37, 0x80,

    /* U+06A5 "ڥ" */
    0x0, 0xfe, 0x6e, 0xd2, 0x0, 0xfe, 0x28, 0xa5,
    0xe0, 0x5b, 0x0, 0xf2, 0x12, 0x41, 0x86, 0x90,
    0x7, 0x90, 0xbf, 0xc0, 0x20, 0x40, 0x1e, 0x2e,
    0xe6, 0x0, 0xda, 0x4a, 0x10, 0x8f, 0x14, 0x98,
    0x1e, 0x1c, 0xef, 0x77, 0x63, 0x78, 0x0, 0xeb,
    0x7f, 0xfe, 0xc3, 0x0, 0xff, 0x7a, 0x78, 0x80,
    0x7f, 0xb5, 0x34, 0x40, 0x3f, 0xc7, 0xe6, 0x1,
    0xff, 0xe, 0x88, 0x0,

    /* U+06A6 "ڦ" */
    0x0, 0xff, 0xe5, 0xea, 0x79, 0x0, 0x7f, 0xbd,
    0x34, 0x80, 0x3f, 0xde, 0x9e, 0x40, 0x1f, 0xe9,
    0x49, 0x20, 0xf, 0xf2, 0x2, 0x0, 0x7f, 0xcd,
    0xda, 0x40, 0x1f, 0xc5, 0x14, 0xbc, 0xb, 0x60,
    0x1e, 0x42, 0x48, 0x30, 0xd2, 0x0, 0xf2, 0x17,
    0xf8, 0x4, 0x8, 0x3, 0xc5, 0xdc, 0xc0, 0x1b,
    0x49, 0x42, 0x11, 0xe2, 0x93, 0x3, 0xc3, 0x9d,
    0xee, 0xec, 0x6f, 0x0,

    /* U+06A7 "ڧ" */
    0x0, 0xff, 0xe3, 0x4c, 0x0, 0x7f, 0x44, 0x80,
    0x7f, 0x8, 0x80, 0x3f, 0x2e, 0xe8, 0xc0, 0x3c,
    0x37, 0x15, 0xc0, 0xc, 0x10, 0x2, 0x1a, 0xb9,
    0xa, 0x88, 0x80, 0x8, 0x1f, 0xe0, 0x3d, 0x70,
    0x8, 0x77, 0xb0, 0xf, 0xdc, 0x3, 0x86, 0x4c,
    0x54, 0xa8, 0xc0, 0x52, 0xd7, 0xc0, 0xad, 0xb3,
    0xfa, 0xc3, 0x4c, 0x0, 0x99, 0xdb, 0xdf, 0x64,
    0x0,

    /* U+06A8 "ڨ" */
    0x0, 0xfa, 0x20, 0x1, 0xfd, 0x54, 0x0, 0xfd,
    0x17, 0x68, 0x0, 0xfa, 0x62, 0x12, 0x1, 0xf1,
    0x7e, 0x10, 0x7, 0xdb, 0x69, 0xe0, 0x3, 0x0,
    0x90, 0x96, 0xc, 0xb, 0x4, 0x0, 0x22, 0x1,
    0x11, 0x29, 0x88, 0x1, 0x3, 0xfc, 0x21, 0xec,
    0x1, 0xe, 0xf6, 0x1, 0x7b, 0x80, 0x70, 0xca,
    0x83, 0x15, 0x18, 0x0, 0xed, 0x20, 0x7, 0x1b,
    0x3f, 0xd8, 0x3e, 0x40, 0x3, 0xce, 0xde, 0xfa,
    0x10, 0x0,

    /* U+06A9 "ک" */
    0x0, 0xff, 0xe5, 0xbf, 0x18, 0x7, 0xe6, 0xeb,
    0xa3, 0x0, 0xfa, 0xed, 0x58, 0x80, 0x1f, 0x92,
    0x90, 0x3, 0xfd, 0x93, 0x0, 0x12, 0xd8, 0x7,
    0x1e, 0x2b, 0x80, 0x34, 0x80, 0x3c, 0x5f, 0x24,
    0x0, 0x20, 0xf, 0x89, 0x5c, 0x2d, 0x29, 0x4c,
    0x88, 0x69, 0x8, 0xc0, 0x78, 0x11, 0x9b, 0xb4,
    0x8e, 0x18, 0x0,

    /* U+06AA "ڪ" */
    0x0, 0xfe, 0x11, 0x0, 0x7f, 0x97, 0x3d, 0x0,
    0x3f, 0x16, 0xf4, 0x72, 0x80, 0x7e, 0xea, 0xb4,
    0x0, 0xff, 0x3d, 0x52, 0x19, 0x4, 0x3, 0xeb,
    0x9c, 0xfe, 0xdc, 0xc0, 0x80, 0x79, 0x19, 0xe2,
    0x75, 0x98, 0x4, 0x5f, 0x8d, 0x19, 0xc8, 0x99,
    0xbb, 0xf6, 0x4e, 0xc2, 0x80,

    /* U+06AB "ګ" */
    0x0, 0xff, 0xe5, 0xbf, 0x18, 0x7, 0xe6, 0xea,
    0x47, 0x0, 0xfa, 0xfb, 0xd0, 0x58, 0x3, 0xe4,
    0x40, 0x4d, 0x90, 0x90, 0x7, 0x61, 0x68, 0x4,
    0xf2, 0x1, 0xc7, 0x83, 0x40, 0xe, 0x20, 0xf,
    0x17, 0xa9, 0x80, 0x8, 0x3, 0xe2, 0x45, 0xa,
    0x4a, 0x53, 0x22, 0x1a, 0x42, 0xa0, 0x16, 0x9c,
    0x66, 0xed, 0x3, 0x84, 0x0,

    /* U+06AC "ڬ" */
    0x0, 0xf7, 0x8, 0x3, 0x8c, 0x3, 0xd4, 0x20,
    0x3, 0x70, 0xf, 0x28, 0x80, 0x42, 0x1, 0xc7,
    0x84, 0x0, 0x10, 0xf, 0x2b, 0x98, 0x4, 0x66,
    0x80, 0x9, 0x98, 0x80, 0x7, 0x14, 0x20, 0xb,
    0x51, 0x0, 0x1, 0xf, 0x0, 0xdb, 0x0, 0x13,
    0xd, 0xac, 0xa9, 0x91, 0xd, 0x64, 0xd0, 0xf0,
    0xe3, 0x37, 0x69, 0x1d, 0x20,

    /* U+06AD "ڭ" */
    0x0, 0xff, 0xe3, 0x79, 0x0, 0x7f, 0xb4, 0x80,
    0x3f, 0xb4, 0x78, 0x43, 0x8c, 0x3, 0xa4, 0xe8,
    0x40, 0xdc, 0x3, 0x90, 0x54, 0x2, 0x10, 0xe,
    0x3c, 0x20, 0x0, 0x80, 0x79, 0x5c, 0xc0, 0x23,
    0x34, 0x0, 0x4c, 0xc4, 0x0, 0x38, 0xa1, 0x0,
    0x5a, 0x88, 0x0, 0x8, 0x78, 0x6, 0xd8, 0x0,
    0x98, 0x6d, 0x65, 0x4c, 0x88, 0x6b, 0x26, 0x87,
    0x87, 0x19, 0xbb, 0x48, 0xe9, 0x0,

    /* U+06AE "ڮ" */
    0x0, 0xff, 0x71, 0x80, 0x7f, 0x8d, 0xc0, 0x3c,
    0x86, 0x1, 0x8, 0x7, 0x2c, 0x8, 0x0, 0x40,
    0x3e, 0x72, 0x0, 0x8d, 0x24, 0x2, 0x77, 0x20,
    0x1, 0xc4, 0xc0, 0x37, 0x52, 0x0, 0x4, 0x3c,
    0x80, 0x2c, 0x60, 0x9, 0x86, 0xd2, 0x54, 0xc8,
    0x86, 0xb2, 0x68, 0x78, 0x71, 0x9b, 0xb4, 0x8e,
    0x90, 0x1d, 0x6f, 0xfd, 0xd9, 0x4, 0x1, 0xd2,
    0x98, 0x40, 0x1f, 0xa6, 0x50, 0x40, 0x1f, 0xd8,
    0x80, 0x1c,

    /* U+06AF "گ" */
    0x0, 0xff, 0x32, 0x0, 0x7f, 0x26, 0xe3, 0x0,
    0x7c, 0x57, 0x13, 0xb8, 0x60, 0x1e, 0x9d, 0xaa,
    0x5d, 0x18, 0x7, 0xaf, 0x6e, 0xb1, 0x0, 0x3f,
    0x25, 0x20, 0x7, 0xfb, 0x26, 0x0, 0x25, 0xb0,
    0xe, 0x3c, 0x57, 0x0, 0x69, 0x0, 0x78, 0xbe,
    0x48, 0x0, 0x40, 0x1f, 0x12, 0xb8, 0x5a, 0x52,
    0x99, 0x10, 0xd2, 0x11, 0x80, 0xf0, 0x23, 0x37,
    0x69, 0x1c, 0x30,

    /* U+06B0 "ڰ" */
    0x0, 0xff, 0x32, 0x0, 0x7f, 0x26, 0xe9, 0x80,
    0x3e, 0x1a, 0x89, 0xdc, 0x30, 0xf, 0x56, 0x54,
    0xc2, 0x30, 0x7, 0xaf, 0x3b, 0x18, 0x58, 0x3,
    0xe5, 0x40, 0x8b, 0x31, 0x20, 0xe, 0xc2, 0xd0,
    0x9, 0xe4, 0x3, 0x8f, 0x6, 0x80, 0x1c, 0x40,
    0x1e, 0x2f, 0x53, 0x0, 0x10, 0x7, 0xc4, 0x8a,
    0x14, 0x94, 0xa6, 0x44, 0x34, 0x84, 0x40, 0x16,
    0x9c, 0x66, 0xed, 0x3, 0xa4, 0x0,

    /* U+06B1 "ڱ" */
    0x0, 0xff, 0xe4, 0xd4, 0x0, 0x7f, 0x1f, 0x5c,
    0xba, 0x80, 0x7c, 0x78, 0x9f, 0xae, 0x1, 0xf0,
    0xcc, 0xab, 0x30, 0x60, 0x1e, 0xad, 0xaa, 0xac,
    0xc0, 0x3d, 0x79, 0x75, 0x8a, 0x1, 0xf9, 0x69,
    0x0, 0x3f, 0xd9, 0x30, 0x1, 0x2d, 0x0, 0x71,
    0xe2, 0xb8, 0x3, 0x4c, 0x3, 0xc5, 0xf0, 0x40,
    0x2, 0x0, 0xf8, 0x91, 0xc2, 0xd2, 0x94, 0xc8,
    0x86, 0x90, 0x8c, 0x7, 0x81, 0x19, 0xbb, 0x48,
    0xe1, 0x80,

    /* U+06B2 "ڲ" */
    0x0, 0xff, 0x32, 0x0, 0x7f, 0x26, 0xe3, 0x0,
    0x7c, 0x57, 0x13, 0xb8, 0x60, 0x1e, 0x9d, 0xaa,
    0x5d, 0x18, 0x7, 0xaf, 0x6e, 0xb1, 0x0, 0x3f,
    0x25, 0x20, 0x7, 0xfb, 0x26, 0x0, 0x25, 0xb0,
    0xe, 0x3c, 0x57, 0x0, 0x69, 0x0, 0x78, 0xbe,
    0x48, 0x0, 0x40, 0x1f, 0x12, 0xb8, 0x5a, 0x52,
    0x99, 0x10, 0xd2, 0x11, 0x80, 0xf0, 0x23, 0x37,
    0x69, 0x1c, 0x30, 0x1, 0xd6, 0xff, 0xdd, 0xb2,
    0x60, 0x1e, 0xc6, 0xd5, 0x0, 0xfe, 0xe6, 0xf5,
    0x0, 0xe0,

    /* U+06B3 "ڳ" */
    0x0, 0xff, 0x32, 0x0, 0x7f, 0x26, 0xe3, 0x0,
    0x7c, 0x57, 0x13, 0xb8, 0x60, 0x1e, 0x9d, 0xaa,
    0x5d, 0x18, 0x7, 0xaf, 0x6e, 0xb1, 0x0, 0x3f,
    0x25, 0x20, 0x7, 0xfb, 0x26, 0x0, 0x25, 0xb0,
    0xe, 0x3c, 0x57, 0x0, 0x69, 0x0, 0x78, 0xbe,
    0x48, 0x0, 0x40, 0x1f, 0x12, 0xb8, 0x5a, 0x52,
    0x99, 0x10, 0xd2, 0x11, 0x80, 0xf0, 0x23, 0x37,
    0x69, 0x1c, 0x30, 0x1, 0xd6, 0xff, 0xdd, 0xb2,
    0x60, 0x1f, 0x51, 0x0, 0x7f, 0xf3, 0x2c, 0x80,
    0x3c,

    /* U+06B4 "ڴ" */
    0x0, 0xff, 0xe3, 0x8f, 0x88, 0x7, 0xf8, 0x72,
    0xe0, 0x3, 0xf8, 0xf6, 0xe5, 0xd4, 0x3, 0xe3,
    0xc4, 0xfd, 0x70, 0xf, 0x86, 0x65, 0x59, 0x83,
    0x0, 0xf5, 0x6d, 0x55, 0x66, 0x1, 0xeb, 0xcb,
    0xb6, 0x28, 0x7, 0xe5, 0xb5, 0x0, 0xff, 0x64,
    0x38, 0x4, 0x94, 0x1, 0xc7, 0x94, 0xe0, 0xc,
    0x30, 0xf, 0x17, 0xc8, 0x80, 0x8, 0x3, 0xe2,
    0x54, 0xb, 0x4a, 0x53, 0x22, 0x1a, 0x42, 0x30,
    0x1e, 0x4, 0x66, 0xed, 0x23, 0x86, 0x0,

    /* U+06B5 "ڵ" */
    0x0, 0xff, 0xe0, 0x58, 0x58, 0x7, 0xb2, 0xb0,
    0x26, 0x40, 0x13, 0x83, 0x80, 0x98, 0x6, 0xa0,
    0x7, 0x80, 0x7f, 0x8, 0x7, 0xc2, 0x1, 0xfc,
    0xe0, 0x1f, 0x18, 0x1, 0x40, 0x3e, 0x58, 0x0,
    0xf3, 0xea, 0x0, 0x71, 0x8, 0x10, 0x7, 0x5e,
    0x52, 0x40, 0x81, 0x48, 0xb1, 0x62, 0x77, 0xe9,
    0x78, 0x0, 0xf3, 0xb7, 0xec, 0x80,

    /* U+06B6 "ڶ" */
    0x0, 0xfa, 0x64, 0x1, 0xf, 0x88, 0x9, 0x80,
    0x43, 0xa2, 0x1e, 0x1, 0xc4, 0x1, 0x8, 0x7,
    0xc2, 0x1, 0xfc, 0xe0, 0x1f, 0x18, 0x1, 0x0,
    0x3e, 0x49, 0x0, 0xf3, 0xe2, 0x0, 0x71, 0x8,
    0x10, 0x7, 0x5e, 0x52, 0x38, 0x80, 0xc8, 0xb1,
    0x65, 0xf7, 0xf1, 0x78, 0x0, 0xf3, 0xf7, 0xec,
    0x80,

    /* U+06B7 "ڷ" */
    0x0, 0xff, 0xe0, 0xf8, 0x80, 0x7d, 0xa2, 0x13,
    0x20, 0xb, 0xdb, 0xc4, 0x46, 0x1, 0x6a, 0x68,
    0xf8, 0x6, 0x20, 0x20, 0x0, 0x80, 0x7c, 0x20,
    0x1f, 0xce, 0x1, 0xf1, 0x80, 0x10, 0x3, 0xe4,
    0x90, 0xf, 0x3e, 0x20, 0x7, 0x10, 0x81, 0x0,
    0x75, 0xe5, 0x23, 0x88, 0xc, 0x8b, 0x16, 0x5f,
    0x7f, 0x17, 0x80, 0xf, 0x3f, 0x7e, 0xc8, 0x0,

    /* U+06B8 "ڸ" */
    0x0, 0xf9, 0xe8, 0x3, 0xf0, 0x80, 0x7c, 0x20,
    0x1f, 0x8d, 0xc0, 0x3f, 0x85, 0xc0, 0x3e, 0x7b,
    0x0, 0xf3, 0xf2, 0x80, 0x71, 0xf, 0x90, 0x7,
    0x5f, 0xb2, 0xc0, 0x81, 0x48, 0x28, 0xf8, 0xff,
    0xc3, 0x80, 0x1, 0x90, 0xa7, 0x80, 0xe, 0xf5,
    0xb0, 0xf, 0x1e, 0x8, 0x7, 0x8b, 0x40, 0x30,

    /* U+06B9 "ڹ" */
    0x0, 0xff, 0xe0, 0xf1, 0x80, 0x7d, 0x86, 0x1,
    0xf1, 0x0, 0x18, 0x3, 0xf4, 0x28, 0x30, 0x7,
    0x3f, 0xad, 0x0, 0x76, 0x3e, 0xa8, 0x7, 0x8,
    0x80, 0x80, 0x3b, 0x56, 0x92, 0x8, 0x6, 0x1a,
    0xca, 0xd7, 0x7f, 0x93, 0x8, 0x13, 0x7b, 0x7f,
    0xc, 0x3, 0x16, 0x0, 0x7c, 0x78, 0x1, 0x80,

    /* U+06BA "ں" */
    0x0, 0xf9, 0x0, 0x3f, 0x5a, 0x2, 0x80, 0x73,
    0x72, 0xc0, 0x7, 0x63, 0xea, 0x0, 0x70, 0x80,
    0x8, 0x3, 0xb5, 0x29, 0x1c, 0x80, 0x61, 0xac,
    0xae, 0xb7, 0xf9, 0x30, 0x81, 0x37, 0xb7, 0xf0,
    0xc0,

    /* U+06BB "ڻ" */
    0x0, 0x91, 0x40, 0x3e, 0x18, 0xd5, 0x0, 0xe3,
    0x7e, 0xf0, 0xe, 0xb6, 0xf9, 0x0, 0xed, 0xcc,
    0x18, 0x7, 0xf2, 0x80, 0x7e, 0xb4, 0x5, 0x0,
    0xe7, 0xe5, 0x90, 0xe, 0xc7, 0xd5, 0x0, 0xe1,
    0x10, 0x10, 0x7, 0x6a, 0xd2, 0x41, 0x0, 0xc3,
    0x59, 0x5a, 0xef, 0xf2, 0x61, 0x2, 0x6f, 0x6f,
    0xe1, 0x80,

    /* U+06BC "ڼ" */
    0x0, 0xff, 0xe0, 0xf1, 0x80, 0x7d, 0x86, 0x1,
    0xf1, 0x0, 0x18, 0x3, 0xf4, 0x28, 0x30, 0x7,
    0x3f, 0xad, 0x0, 0x76, 0x3e, 0xa8, 0x7, 0x8,
    0x0, 0x80, 0x3b, 0x52, 0x92, 0x8, 0x6, 0x1a,
    0xca, 0xd3, 0x7f, 0x93, 0x8, 0x13, 0x19, 0xd7,
    0xc, 0x3, 0x61, 0xe0, 0x4,

    /* U+06BD "ڽ" */
    0x0, 0xff, 0xe0, 0xe1, 0x80, 0x7b, 0x63, 0x4c,
    0x3, 0xbd, 0x30, 0xc0, 0x38, 0x80, 0x81, 0x40,
    0x3f, 0x5a, 0x3, 0x0, 0x73, 0xf2, 0xd0, 0x7,
    0x63, 0xea, 0x80, 0x70, 0x88, 0x8, 0x3, 0xb5,
    0x69, 0x20, 0x80, 0x61, 0xac, 0xad, 0x77, 0xf9,
    0x30, 0x81, 0x37, 0xb7, 0xf0, 0xc0,

    /* U+06BE "ھ" */
    0x0, 0xc2, 0x1, 0xf3, 0x61, 0x0, 0x7b, 0xcb,
    0x50, 0x3, 0x2a, 0xb9, 0x6d, 0x40, 0x22, 0x51,
    0xd2, 0xa3, 0x0, 0x1b, 0x95, 0x43, 0x49, 0x11,
    0x8f, 0x41, 0xc0, 0x6b, 0x35, 0xa0, 0x75, 0xe0,

    /* U+06BF "ڿ" */
    0x0, 0x87, 0x84, 0x3, 0xc3, 0x42, 0x1, 0xf2,
    0x0, 0x65, 0xef, 0xd9, 0x51, 0x0, 0x27, 0xfc,
    0x35, 0xde, 0x82, 0x23, 0x96, 0x5a, 0xc4, 0x5,
    0xc3, 0xea, 0x53, 0x2, 0xac, 0x80, 0xe, 0xb7,
    0x38, 0x79, 0x50, 0x2, 0x68, 0x46, 0xf2, 0x80,
    0x4, 0x80, 0x16, 0xc0, 0x14, 0xc3, 0x90, 0x8c,
    0xa6, 0xb5, 0x7b, 0xfe, 0xe9, 0x60, 0x5c, 0xfe,
    0xdf, 0xc5,

    /* U+06C0 "ۀ" */
    0x2, 0xb5, 0x0, 0x97, 0x94, 0x2, 0x3a, 0xc1,
    0x0, 0x36, 0xe0, 0x80, 0x8, 0x3, 0xd9, 0x0,
    0x13, 0xaa, 0xc0, 0x53, 0x7f, 0x61, 0x4e, 0x4,
    0x43, 0xf4, 0x34, 0x22, 0x3b, 0xb2, 0x6c, 0x40,

    /* U+06C1 "ہ" */
    0x0, 0x28, 0x7, 0x55, 0x0, 0x28, 0x56, 0x70,
    0x35, 0xad, 0x91, 0xb4, 0x1, 0x22, 0x7a, 0x1a,
    0x91, 0x1d, 0xd9, 0x16, 0x20,

    /* U+06C2 "ۂ" */
    0x2, 0xb5, 0x0, 0x97, 0x94, 0x2, 0x3a, 0xc1,
    0x0, 0x36, 0xe0, 0x80, 0x8, 0x3, 0xd9, 0x0,
    0x13, 0xaa, 0xc0, 0x53, 0x7f, 0x61, 0x4e, 0x4,
    0x43, 0xf4, 0x34, 0x22, 0x3b, 0xb2, 0x6c, 0x40,

    /* U+06C3 "ۃ" */
    0x0, 0xfa, 0x62, 0xdc, 0x1, 0x13, 0x4e, 0x0,
    0x12, 0x10, 0xd, 0x92, 0x1, 0x42, 0xa9, 0xc0,
    0xda, 0xb6, 0x42, 0xdc, 0x4, 0x8f, 0xd0, 0xd4,
    0x88, 0xee, 0xc8, 0xb1,

    /* U+06C4 "ۄ" */
    0x1, 0xce, 0x60, 0x5, 0xad, 0xc8, 0x82, 0xc2,
    0x9a, 0x0, 0x10, 0x9c, 0x82, 0x2f, 0x50, 0x45,
    0x8b, 0xa0, 0x8b, 0xa3, 0x8c, 0x44, 0x94, 0x69,
    0x6, 0xee, 0x40, 0x0,

    /* U+06C5 "ۅ" */
    0x1, 0xce, 0x60, 0x5, 0xad, 0xc8, 0x82, 0xc2,
    0x9a, 0x0, 0x10, 0x9c, 0x82, 0x2f, 0x50, 0x4a,
    0x8c, 0x41, 0xb, 0x28, 0x54, 0x9b, 0xa1, 0xe8,
    0x1b, 0xbe, 0x0, 0x0,

    /* U+06C6 "ۆ" */
    0x1, 0x40, 0x60, 0x0, 0xc3, 0x18, 0x5, 0x76,
    0x50, 0x9, 0xf0, 0x3, 0x84, 0x2, 0x1c, 0xe6,
    0x0, 0x5a, 0xdc, 0x88, 0x2c, 0x29, 0xa0, 0x1,
    0x9, 0xc8, 0x22, 0xf5, 0x4, 0x1f, 0xb0, 0x1c,
    0xe, 0x32, 0x5, 0x70, 0xed, 0xc1, 0x7e, 0xd0,
    0x0,

    /* U+06C7 "ۇ" */
    0x0, 0x4e, 0x18, 0x4, 0x56, 0xc0, 0x6, 0xe,
    0x50, 0x2, 0x5c, 0x80, 0x44, 0x1, 0xc3, 0x9c,
    0xc0, 0xb, 0x5b, 0x91, 0x5, 0x85, 0x34, 0x0,
    0x21, 0x39, 0x4, 0x5e, 0xa0, 0x83, 0xf6, 0x3,
    0x81, 0xc6, 0x40, 0xae, 0x1d, 0xb8, 0x2f, 0xda,
    0x0, 0x0,

    /* U+06C8 "ۈ" */
    0x0, 0x9, 0x80, 0x63, 0xa0, 0xf, 0xf1, 0x48,
    0x7, 0xf0, 0xe7, 0x30, 0x2, 0xd6, 0xe4, 0x41,
    0x61, 0x4d, 0x0, 0x8, 0x4e, 0x41, 0x17, 0xa8,
    0x20, 0xfd, 0x80, 0xe0, 0x71, 0x90, 0x2b, 0x87,
    0x6e, 0xb, 0xf6, 0x80, 0x0,

    /* U+06C9 "ۉ" */
    0x0, 0x13, 0x0, 0x68, 0xa1, 0x0, 0x11, 0xfc,
    0x0, 0xa, 0xe, 0x40, 0x21, 0x0, 0xc3, 0x9c,
    0xc0, 0xb, 0x5b, 0x91, 0x5, 0x85, 0x34, 0x0,
    0x21, 0x39, 0x4, 0x5e, 0xa0, 0x83, 0xf6, 0x3,
    0x81, 0xc6, 0x40, 0xae, 0x1d, 0xb8, 0x2f, 0xda,
    0x0, 0x0,

    /* U+06CA "ۊ" */
    0x0, 0xf9, 0x39, 0x70, 0x0, 0x98, 0xbc, 0x1,
    0x10, 0x10, 0x0, 0x73, 0x98, 0x1, 0x6b, 0x72,
    0x20, 0xb0, 0xa6, 0x80, 0x4, 0x27, 0x20, 0x8b,
    0xd4, 0x10, 0x7e, 0xc0, 0x70, 0x38, 0xc8, 0x15,
    0xc3, 0xb7, 0x5, 0xfb, 0x40, 0x0,

    /* U+06CB "ۋ" */
    0x0, 0xfc, 0x76, 0x1, 0x1e, 0xf6, 0x0, 0xf,
    0x17, 0x80, 0x22, 0x2, 0x0, 0xe, 0x73, 0x0,
    0x2d, 0x6e, 0x44, 0x16, 0x14, 0xd0, 0x0, 0x84,
    0xe4, 0x11, 0x7a, 0x82, 0xf, 0xd8, 0xe, 0x7,
    0x19, 0x2, 0xb8, 0x76, 0xe0, 0xbf, 0x68, 0x0,

    /* U+06CC "ی" */
    0x0, 0xf0, 0xd7, 0x69, 0x80, 0x7b, 0x3, 0x64,
    0xc0, 0x39, 0xdd, 0x46, 0x80, 0x6, 0x0, 0xb9,
    0x84, 0x2, 0x5a, 0x0, 0xa1, 0xfa, 0x84, 0x35,
    0x40, 0x21, 0xbd, 0x1d, 0xf, 0x20, 0xe, 0x21,
    0x60, 0x54, 0x82, 0x1, 0x3a, 0x4b, 0x2, 0xb5,
    0xdf, 0xed, 0x2f, 0x10, 0x2, 0x6f, 0x6f, 0x72,
    0x4, 0x0,

    /* U+06CD "ۍ" */
    0x0, 0xfc, 0x35, 0xf8, 0x20, 0x1f, 0xb0, 0x32,
    0x44, 0x3, 0xe5, 0xa, 0x35, 0x0, 0x94, 0x80,
    0x23, 0x10, 0xd, 0x3f, 0x54, 0x0, 0x99, 0xf5,
    0x40, 0x1b, 0xc3, 0x60, 0x1a, 0xe2, 0x98, 0x10,
    0x41, 0xc0, 0x39, 0x44, 0x80, 0x24, 0x94, 0x10,
    0x15, 0xd4, 0x40, 0x5, 0x49, 0x7d, 0xfd, 0x37,
    0x40, 0x1d, 0x3f, 0xdb, 0xf8, 0xc0, 0x10,

    /* U+06CE "ێ" */
    0x5, 0x43, 0x50, 0xf, 0x92, 0x25, 0x0, 0x6b,
    0xb4, 0xc0, 0x50, 0x84, 0x30, 0x36, 0x4c, 0x1,
    0x10, 0x7, 0x75, 0x1a, 0x0, 0x18, 0x2, 0xe6,
    0x10, 0x9, 0x68, 0x2, 0x87, 0xea, 0x10, 0xd5,
    0x0, 0x86, 0xf4, 0x74, 0x3c, 0x80, 0x38, 0x85,
    0x81, 0x52, 0x8, 0x4, 0xe9, 0x2c, 0xa, 0xd7,
    0x7f, 0xb4, 0xbc, 0x40, 0x9, 0xbd, 0xbd, 0xc8,
    0x10, 0x0,

    /* U+06CF "ۏ" */
    0x0, 0xfc, 0xba, 0x1, 0x97, 0xc0, 0x38, 0x80,
    0x21, 0xce, 0x60, 0x5, 0xad, 0xc8, 0x82, 0xc2,
    0x9a, 0x0, 0x10, 0x9c, 0x82, 0x2f, 0x50, 0x41,
    0xfb, 0x1, 0xc0, 0xe3, 0x20, 0x57, 0xe, 0xdc,
    0x17, 0xed, 0x0, 0x0,

    /* U+06D0 "ې" */
    0x0, 0xf0, 0xd7, 0xe9, 0x80, 0x7b, 0x3, 0x20,
    0xc0, 0x3a, 0x1a, 0x8d, 0x40, 0xa, 0x1, 0x8,
    0x8, 0x4, 0xb2, 0x1, 0x40, 0x74, 0x88, 0x6a,
    0x80, 0x43, 0x7a, 0x5a, 0x1e, 0x40, 0x1c, 0x42,
    0xc0, 0xa9, 0x4, 0x2, 0x74, 0x96, 0x5, 0x69,
    0xbf, 0xda, 0x5e, 0x20, 0x4, 0xcf, 0xde, 0xe4,
    0x8, 0x7, 0xb8, 0x40, 0x3f, 0x84, 0x3, 0xfd,
    0x80, 0x1e,

    /* U+06D1 "ۑ" */
    0x0, 0xf0, 0xd7, 0xe9, 0x80, 0x7b, 0x3, 0x20,
    0xc0, 0x3a, 0x1a, 0x8d, 0x40, 0xa, 0x1, 0x8,
    0x8, 0x4, 0xb2, 0x1, 0x40, 0x74, 0x88, 0x6a,
    0x80, 0x43, 0x7a, 0x5a, 0x1e, 0x40, 0x1c, 0x42,
    0xc0, 0xa9, 0x4, 0x2, 0x74, 0x96, 0x5, 0x69,
    0xbf, 0xda, 0x5e, 0x20, 0x4, 0xce, 0xde, 0xe4,
    0x8, 0x7, 0x50, 0xe8, 0x7, 0xeb, 0xcd, 0x0,
    0xfe, 0xd1, 0x0, 0xe0,

    /* U+06D2 "ے" */
    0x0, 0x91, 0x40, 0x3f, 0xc7, 0x54, 0x50, 0xf,
    0xc3, 0xd3, 0x56, 0x1, 0xf0, 0xe3, 0xb9, 0x60,
    0x3, 0xe6, 0x65, 0x0, 0x18, 0x3, 0xe2, 0x48,
    0x42, 0x20, 0x91, 0xd, 0x19, 0x55, 0x83, 0x19,
    0xbd, 0xba, 0xca, 0xd0,

    /* U+06D3 "ۓ" */
    0x4, 0xb3, 0x0, 0xff, 0x74, 0x98, 0x7, 0xfb,
    0x31, 0x60, 0x1f, 0xe5, 0xcb, 0x0, 0xff, 0x19,
    0x2b, 0x0, 0x7f, 0x8e, 0xe1, 0x80, 0x3f, 0xe,
    0xc5, 0xc0, 0x7, 0xc3, 0x8e, 0xcb, 0x0, 0x1f,
    0x33, 0x24, 0x0, 0xc0, 0x1f, 0x1a, 0x4a, 0x99,
    0x9, 0x10, 0xd1, 0x95, 0x30, 0x27, 0x75, 0xdb,
    0xac, 0xad, 0x0,

    /* U+06D4 "۔" */
    0x1, 0x19, 0xbb, 0x98,

    /* U+06D5 "ە" */
    0x0, 0x28, 0x7, 0x55, 0x0, 0x28, 0x56, 0x70,
    0x35, 0xad, 0x91, 0xb4, 0x1, 0x22, 0x7a, 0x1a,
    0x91, 0x1d, 0xd9, 0x16, 0x20,

    /* U+06D6 "ۖ" */
    0x1, 0x0, 0xe4, 0x40, 0x7, 0x9, 0xcc, 0x43,
    0xfd, 0x25, 0xe0, 0xf, 0xab, 0x70,

    /* U+06D7 "ۗ" */
    0x0, 0x19, 0x90, 0x2, 0x47, 0x20, 0xd, 0x96,
    0x0, 0x9d, 0x25, 0x0, 0x8f, 0xa0, 0x0,

    /* U+06D8 "ۘ" */
    0x0, 0x52, 0x84, 0x67, 0xc0, 0xef, 0xc4, 0xda,
    0x80,

    /* U+06D9 "ۙ" */
    0x1, 0x41, 0xa, 0xc3, 0xd, 0x20, 0x1c, 0x22,
    0x0,

    /* U+06DA "ۚ" */
    0x4b, 0xc4, 0x73, 0xc4, 0xbb, 0x38, 0x54, 0x6a,
    0x0,

    /* U+06DB "ۛ" */
    0x0, 0xe8, 0x60, 0x62, 0xa4, 0x6b, 0xd4,

    /* U+06DC "ۜ" */
    0x0, 0xe1, 0x10, 0x31, 0xbc, 0x58, 0xf, 0xe6,
    0x57, 0xb9, 0x6a,

    /* U+06DD "۝" */
    0x0, 0xe5, 0xac, 0xca, 0x98, 0x40, 0x3c, 0xd1,
    0xd9, 0x39, 0x94, 0x77, 0xcb, 0x80, 0x61, 0x89,
    0x91, 0x80, 0x45, 0x1b, 0x8a, 0xa0, 0x1, 0xe4,
    0xde, 0x67, 0xdf, 0xd0, 0x60, 0x8, 0xa9, 0xcc,
    0xfe, 0xba, 0xd0, 0x22, 0x8, 0x7, 0xff, 0x3,
    0x55, 0x30, 0x3, 0xff, 0x82, 0xf9, 0xcc, 0x1,
    0xff, 0xc1, 0x12, 0x0, 0xff, 0xe2, 0xf3, 0x80,
    0x7f, 0xf0, 0x89, 0x30, 0x3, 0xff, 0x82, 0x98,
    0x44, 0x0, 0xff, 0xe0, 0xea, 0x84, 0xc9, 0x80,
    0x3f, 0x91, 0xfc, 0x0, 0x3c, 0xbb, 0x99, 0xfc,
    0x80, 0x11, 0x5, 0xbe, 0x67, 0xc8, 0x56, 0xe0,
    0x13, 0xc4, 0xda, 0x80, 0x47, 0x7d, 0x50, 0x20,
    0x1c, 0x76, 0x77, 0x7a, 0x98, 0x3, 0x0,

    /* U+06DE "۞" */
    0x0, 0xf1, 0x98, 0x3, 0xfe, 0x3a, 0xa1, 0x80,
    0x7c, 0xf3, 0x7e, 0x0, 0xfb, 0x97, 0x0, 0xdd,
    0x87, 0x93, 0x2c, 0x3d, 0xe0, 0xe, 0xd8, 0x0,
    0xd1, 0x80, 0x18, 0xde, 0x0, 0xe, 0xe0, 0x4,
    0x39, 0x80, 0xcb, 0x80, 0xc, 0xc4, 0x60, 0x7,
    0x91, 0x30, 0xf, 0xf8, 0x4c, 0xa5, 0xc0, 0x6,
    0x62, 0x30, 0x3, 0xc1, 0x1, 0xbc, 0x0, 0x1d,
    0xc0, 0x8, 0x73, 0x0, 0xd7, 0x20, 0x1a, 0xb0,
    0x3, 0xb2, 0x83, 0xaa, 0x9c, 0x7b, 0x80, 0x19,
    0x66, 0x58, 0x3, 0x93, 0x25, 0x0, 0xf8, 0xa2,
    0x48, 0x3, 0x80,

    /* U+06DF "۟" */
    0x4c, 0x6f, 0xca, 0xec, 0xa0,

    /* U+06E0 "۠" */
    0x3b, 0x58, 0xbe, 0x0, 0xbe, 0xf8,

    /* U+06E1 "ۡ" */
    0x1b, 0xa3, 0x1a, 0x5, 0x2a, 0xf6,

    /* U+06E2 "ۢ" */
    0x1b, 0x60, 0x2d, 0x7c, 0xa5, 0x71,

    /* U+06E3 "ۣ" */
    0x0, 0xe1, 0x10, 0x31, 0xbc, 0x58, 0xf, 0xe6,
    0x57, 0xb9, 0x6a,

    /* U+06E4 "ۤ" */
    0x1c, 0x64, 0xd, 0xed,

    /* U+06E5 "ۥ" */
    0x4b, 0x22, 0x32, 0xb, 0x38,

    /* U+06E6 "ۦ" */
    0x4, 0x20, 0x2, 0x6a, 0x80, 0xc, 0xb2, 0xd8,

    /* U+06E7 "ۧ" */
    0x6, 0x40, 0x3, 0x9, 0x0, 0xf, 0x36, 0xd8,

    /* U+06E8 "ۨ" */
    0x6, 0x20, 0x27, 0x65, 0xb2, 0x2, 0xaf, 0xf3,
    0x0,

    /* U+06E9 "۩" */
    0x0, 0x36, 0x74, 0x90, 0x3, 0x31, 0xff, 0x62,
    0xb0, 0x51, 0x8b, 0x6d, 0x91, 0x4, 0x2, 0x43,
    0x47, 0xb0, 0x1, 0x4f, 0x86, 0x80, 0x62, 0x20,
    0x7, 0xf0, 0x98, 0x4, 0x20, 0xf, 0xf0, 0x0,
    0x8c, 0xc2, 0xb1, 0xdd, 0xd, 0x0,

    /* U+06EA "۪" */
    0x0, 0xe8, 0xa0, 0x43, 0x33, 0x26, 0xb, 0x0,

    /* U+06EB "۫" */
    0x2, 0x0, 0x17, 0x50, 0x22, 0xb0, 0xb7, 0xf0,
    0x80,

    /* U+06EC "۬" */
    0x6b, 0xe, 0x60,

    /* U+06ED "ۭ" */
    0x1c, 0x60, 0x5d, 0x7d, 0xa5, 0x61,

    /* U+06EE "ۮ" */
    0x0, 0xfe, 0xa9, 0x0, 0xc4, 0x64, 0x40, 0x9,
    0xae, 0x18, 0x2, 0x42, 0x34, 0x0, 0xe4, 0x20,
    0xe, 0xde, 0x0, 0xe9, 0x25, 0x0, 0xe8, 0x90,
    0xe, 0x43, 0x1, 0x73, 0x35, 0x90, 0x16, 0x6e,
    0x2f, 0x0,

    /* U+06EF "ۯ" */
    0x0, 0x98, 0x3, 0x35, 0x20, 0x5, 0xba, 0xf0,
    0xa, 0x46, 0x80, 0x22, 0x1, 0x0, 0xca, 0x80,
    0x18, 0xe0, 0x3, 0x31, 0x88, 0x6, 0x22, 0x0,
    0x42, 0x44, 0x0, 0xa1, 0x84, 0xa, 0xd2, 0x0,
    0xb4, 0xb4, 0x40, 0xba, 0x40, 0x20,

    /* U+06F0 "۰" */
    0x0, 0xeb, 0xa0, 0x6, 0x88, 0x1, 0xac, 0x0,

    /* U+06F1 "۱" */
    0x16, 0x0, 0xa4, 0x40, 0x49, 0x0, 0xc, 0x40,
    0x2, 0xe0, 0x7, 0x10, 0x0, 0x98, 0x0, 0xc4,
    0x0, 0x10, 0x8, 0xc0, 0x40, 0x7c, 0x40,

    /* U+06F2 "۲" */
    0x1a, 0x0, 0x98, 0xc5, 0x50, 0xa, 0x4, 0xa,
    0xff, 0x58, 0x81, 0xdd, 0xbf, 0x0, 0x2, 0x28,
    0x3, 0x73, 0x0, 0x71, 0x90, 0x7, 0x30, 0x80,
    0x70, 0x80, 0x78, 0x90, 0x3, 0x0,

    /* U+06F3 "۳" */
    0x3, 0x0, 0xc4, 0x41, 0xc1, 0xd, 0x25, 0xb1,
    0x13, 0x91, 0xc, 0x48, 0x16, 0x74, 0xfa, 0x7c,
    0x9, 0xbb, 0x3f, 0xc8, 0x1c, 0x42, 0x1, 0xc4,
    0xc0, 0x1e, 0x12, 0x0, 0xf3, 0x0, 0x7c, 0x60,
    0x20, 0x1c, 0x3a, 0x20, 0x18,

    /* U+06F4 "۴" */
    0x2c, 0x4, 0xdb, 0x2, 0x32, 0x8a, 0xa0, 0x0,
    0x9d, 0xb9, 0x4c, 0x1a, 0x95, 0xfc, 0x0, 0x6d,
    0xfd, 0x66, 0x1c, 0x40, 0x1c, 0x6c, 0x1, 0xcc,
    0x60, 0x1c, 0x22, 0x0, 0xe3, 0x0, 0xe0,

    /* U+06F5 "۵" */
    0x0, 0x90, 0x3, 0x86, 0x9c, 0x3, 0x18, 0x41,
    0x0, 0x5d, 0xd, 0x0, 0x4, 0x6, 0x85, 0x10,
    0xf9, 0x1, 0x47, 0x5, 0x50, 0x3, 0x3c, 0x2,
    0x10, 0x22, 0x0, 0x9e, 0xae, 0x18, 0x46, 0x3d,
    0xa4, 0x80,

    /* U+06F6 "۶" */
    0x2, 0xce, 0xa0, 0x7, 0xae, 0x40, 0x9, 0x41,
    0x10, 0x4, 0xa4, 0xc, 0x43, 0xd7, 0x30, 0xa0,
    0x56, 0x56, 0x80, 0x73, 0x48, 0x0, 0xf7, 0x40,
    0x2, 0x94, 0x0, 0x4f, 0x40, 0x18,

    /* U+06F7 "۷" */
    0x45, 0x0, 0xc6, 0x85, 0x0, 0x1a, 0x31, 0xc9,
    0x0, 0x4, 0x92, 0x2b, 0xc0, 0xa, 0x51, 0xe,
    0x50, 0x3, 0x70, 0x1, 0x5, 0x50, 0x10, 0x2,
    0x7f, 0xd6, 0x0, 0xda, 0x8f, 0x60, 0x19, 0x4,
    0xc, 0x3, 0x91, 0xc0, 0x3d, 0x72, 0x1, 0x0,

    /* U+06F8 "۸" */
    0x0, 0x89, 0x0, 0x3d, 0x14, 0x1, 0xe4, 0x12,
    0x0, 0xc8, 0x6a, 0xa0, 0xd, 0xab, 0xf6, 0x1,
    0x9a, 0x94, 0xc4, 0x0, 0xc6, 0x40, 0xac, 0x0,
    0xab, 0x0, 0x7d, 0x1, 0x99, 0x80, 0xa, 0x69,
    0x6a, 0x20, 0x13, 0xec, 0x50, 0x6, 0x99, 0x0,

    /* U+06F9 "۹" */
    0x5, 0xed, 0x30, 0x3b, 0xa4, 0xf0, 0xb6, 0x48,
    0x30, 0xf4, 0x11, 0x8d, 0xc3, 0xbc, 0x58, 0x33,
    0xbd, 0xc, 0x0, 0x20, 0x42, 0x1, 0xbb, 0x80,
    0x18, 0xd4, 0x3, 0x2a, 0x0,

    /* U+06FA "ۺ" */
    0x0, 0xff, 0xe8, 0x78, 0x80, 0x7f, 0xf0, 0xf4,
    0x40, 0x3f, 0xf8, 0x5e, 0xde, 0x20, 0x1f, 0xfc,
    0x1d, 0x4d, 0x10, 0x20, 0xf, 0xf8, 0x80, 0x81,
    0xf8, 0x3, 0xf4, 0x20, 0x1, 0x18, 0x14, 0xc0,
    0x6, 0x1, 0xc5, 0xa0, 0xd, 0xe0, 0x21, 0x34,
    0xe0, 0xe, 0xc6, 0x43, 0x72, 0x22, 0x9, 0x62,
    0x0, 0x71, 0x5, 0x6b, 0xe, 0xcc, 0x84, 0x8,
    0x3, 0x8d, 0x7b, 0x91, 0x7f, 0xac, 0x14, 0x90,
    0x40, 0x2d, 0x30, 0x0, 0xd5, 0x0, 0xc5, 0x89,
    0xbf, 0xd5, 0x42, 0x0, 0x7a, 0x80, 0x71, 0xe7,
    0x6f, 0x62, 0x0, 0x44, 0x1, 0xc0,

    /* U+06FB "ۻ" */
    0x0, 0xff, 0xea, 0x62, 0x80, 0x7f, 0xf1, 0x39,
    0x40, 0x3f, 0xf8, 0x84, 0x1, 0xff, 0xc3, 0x19,
    0xee, 0x48, 0x7, 0xe8, 0x40, 0x2, 0x78, 0x6e,
    0x92, 0x1, 0x0, 0x38, 0x78, 0x16, 0xa9, 0x26,
    0x65, 0x14, 0x90, 0xe, 0xf5, 0x9a, 0xb6, 0x35,
    0x96, 0xac, 0x40, 0xe, 0x21, 0x11, 0x56, 0xe4,
    0x6, 0x18, 0x10, 0x7, 0x62, 0x46, 0xff, 0xdb,
    0x24, 0x14, 0x92, 0x40, 0x2e, 0xe8, 0x0, 0xb8,
    0xc0, 0x31, 0x62, 0xef, 0xf5, 0xe1, 0x0, 0x58,
    0x60, 0x1c, 0x79, 0xdb, 0xd8, 0x60, 0x18, 0x80,
    0x38,

    /* U+06FC "ۼ" */
    0x0, 0xff, 0x8f, 0x80, 0x3e, 0x3c, 0x0, 0xfc,
    0x40, 0x1e, 0x6d, 0xf8, 0x0, 0xc7, 0x37, 0x94,
    0x1, 0x91, 0xc, 0x64, 0x1, 0x91, 0xa, 0x4f,
    0x0, 0x11, 0xc5, 0x6e, 0xb8, 0x2, 0x1a, 0x6e,
    0xa6, 0x0, 0xa1, 0x24, 0x40, 0x39, 0x30, 0x1,
    0xe4, 0x1, 0x9, 0x0, 0x34, 0x80, 0x29, 0x87,
    0x22, 0x1, 0x28, 0x2d, 0xdb, 0x7f, 0xdb, 0xe0,
    0x4, 0xcf, 0xde, 0xfa, 0x0,

    /* U+06FD "۽" */
    0x4, 0xce, 0x20, 0x1b, 0x9c, 0x20, 0x30, 0x52,
    0x0, 0x13, 0x63, 0xd8, 0x32, 0x1e, 0xf0, 0x14,
    0xdd, 0x8, 0x22, 0x34, 0xbc, 0x3, 0xe0,

    /* U+06FE "۾" */
    0x1, 0xae, 0xd2, 0x0, 0x51, 0xea, 0xf8, 0x2,
    0x64, 0x70, 0x64, 0x9, 0xbf, 0xc2, 0x6d, 0x10,
    0xca, 0x81, 0xc6, 0x50, 0x76, 0x1, 0xf2, 0xab,
    0x20, 0x2f, 0x33, 0x0, 0x58, 0x3, 0x50, 0x60,

    /* U+06FF "ۿ" */
    0x0, 0xc6, 0x1, 0xf1, 0xea, 0x0, 0x7a, 0x77,
    0xc0, 0x3d, 0xc7, 0xe0, 0x1e, 0x41, 0x40, 0xf,
    0x36, 0x10, 0x7, 0xbc, 0xb5, 0x0, 0x32, 0xab,
    0x96, 0xd4, 0x2, 0x25, 0x1d, 0x2a, 0x30, 0x1,
    0xb9, 0x54, 0x34, 0x91, 0x18, 0xf4, 0x1c, 0x6,
    0xb3, 0x5a, 0x7, 0x5e, 0x0,

    /* U+2013 "–" */
    0x6f, 0xfe, 0x67, 0xdd, 0xe7,

    /* U+2014 "—" */
    0x6f, 0xff, 0xfe, 0x3, 0x3e, 0xef, 0xff, 0x1,
    0xc0,

    /* U+2018 "‘" */
    0xd, 0x23, 0x22, 0x59, 0x87, 0xc8, 0x0,

    /* U+2019 "’" */
    0x3f, 0x25, 0x22, 0x7a, 0x87, 0x48, 0x0,

    /* U+201C "“" */
    0xd, 0x24, 0xb3, 0x22, 0x71, 0xd9, 0x82, 0xef,
    0xc8, 0xb2, 0x0,

    /* U+201D "”" */
    0x3f, 0x2a, 0xb5, 0x22, 0x3e, 0x7d, 0x1, 0x37,
    0x30, 0xc0, 0x80,

    /* U+2022 "•" */
    0x39, 0x50, 0xf6, 0xa1, 0x20, 0x1, 0xc8, 0x29,
    0x0,

    /* U+2026 "…" */
    0xc8, 0x2, 0xe3, 0x7, 0xd0, 0xc, 0x20, 0x1e,

    /* U+20AC "€" */
    0x0, 0xc, 0xf7, 0xeb, 0x0, 0x30, 0xb7, 0x52,
    0xa0, 0xc7, 0x66, 0x48, 0x75, 0x23, 0xff, 0x8,
    0x52, 0xb7, 0xfc, 0x21, 0x4a, 0xdf, 0xea, 0x0,
    0x54, 0x97, 0xfa, 0x80, 0x27, 0x23, 0x0, 0xe1,
    0x7d, 0x52, 0x54, 0x0, 0x43, 0x5e, 0xc0, 0x80,

    /* U+2103 "℃" */
    0x0, 0xff, 0x8, 0x80, 0x29, 0xcc, 0x40, 0x5,
    0x3f, 0xdd, 0x29, 0x2e, 0x61, 0x8, 0x31, 0x73,
    0xfa, 0x90, 0xc4, 0x0, 0x26, 0xe7, 0xa6, 0x2,
    0x82, 0x2a, 0xdd, 0x58, 0xdb, 0x8, 0x7, 0x9f,
    0x74, 0xc0, 0x5e, 0x1, 0xff, 0xce, 0x2f, 0x0,
    0xff, 0xe0, 0x23, 0x80, 0x7f, 0xf0, 0x24, 0x30,
    0xc0, 0x6, 0x20, 0x1e, 0x1f, 0x7c, 0xff, 0x69,
    0x80, 0x7c, 0x37, 0xfd, 0xd1, 0x0,

    /* U+2109 "℉" */
    0x0, 0xff, 0xe0, 0xc6, 0x62, 0x3, 0xbf, 0xf5,
    0x92, 0xe6, 0x14, 0x42, 0x3b, 0xaa, 0x1, 0x0,
    0x9, 0x80, 0x8f, 0x13, 0xd5, 0x1c, 0x80, 0x3e,
    0xb9, 0x95, 0x80, 0x4, 0x8a, 0x10, 0x1, 0x98,
    0x2, 0x8d, 0xd9, 0xc0, 0x3e, 0x9f, 0xf9, 0x80,
    0x3f, 0xfb, 0x0,

    /* U+2122 "™" */
    0x9d, 0xeb, 0x7f, 0x10, 0x9e, 0x98, 0x6b, 0x2,
    0x70, 0x53, 0x0, 0xe5, 0xa4, 0xb3, 0x0, 0xee,
    0x78, 0x60, 0xb, 0xc0, 0x43, 0x98, 0x4c,

    /* U+2190 "←" */
    0x0, 0x31, 0x0, 0x66, 0xb2, 0x0, 0x86, 0x60,
    0x8a, 0x6, 0xb, 0xcc, 0x99, 0xca, 0x3b, 0xa6,
    0xe, 0x81, 0x0, 0xc7, 0xa0, 0x18,

    /* U+2191 "↑" */
    0x0, 0x2e, 0x18, 0x0, 0x6a, 0xcf, 0x60, 0x18,
    0xb4, 0x7c, 0x8d, 0xe0, 0x40, 0x68, 0xc0, 0x3f,
    0xf8, 0x85, 0xa0, 0x10,

    /* U+2192 "→" */
    0x0, 0xce, 0x40, 0x1f, 0x70, 0x4, 0x45, 0x28,
    0xb8, 0x3, 0x33, 0x14, 0x80, 0x3b, 0xaf, 0x1a,
    0x0, 0xe8, 0x44, 0x0, 0x76, 0xd0, 0x0,

    /* U+2193 "↓" */
    0x0, 0x16, 0x80, 0x78, 0xc0, 0x3f, 0xca, 0x60,
    0x12, 0x93, 0x6c, 0xd, 0xc1, 0x9b, 0xc4, 0xf,
    0x44, 0x6, 0xf6, 0x0, 0x0,

    /* U+2260 "≠" */
    0x0, 0xe7, 0x60, 0x0, 0x8c, 0x50, 0xa0, 0x3d,
    0xd6, 0x86, 0x18, 0xff, 0xb0, 0x7f, 0xc6, 0x1,
    0x7d, 0x80, 0x6f, 0xf1, 0xd7, 0xf8, 0xc3, 0x46,
    0xb7, 0x63, 0x6, 0x45, 0x22, 0x80,

    /* U+2264 "≤" */
    0x0, 0xf1, 0x8, 0x4, 0x2d, 0x98, 0x30, 0x4a,
    0xed, 0x9e, 0x21, 0xb7, 0xcb, 0x50, 0x0, 0xd3,
    0x65, 0x20, 0x4, 0xb7, 0xdb, 0x3c, 0x40, 0x10,
    0xbe, 0xe8, 0xc0, 0x47, 0x88, 0x45, 0xdd, 0xe3,

    /* U+2265 "≥" */
    0x3, 0x0, 0xfb, 0x74, 0xe2, 0x1, 0xba, 0x77,
    0xad, 0x40, 0x24, 0xae, 0x7a, 0x30, 0x1, 0xcf,
    0x4, 0x98, 0x6e, 0x87, 0x71, 0x80, 0x13, 0xd0,
    0x40, 0x19, 0x44, 0x78, 0x7, 0xbb, 0xc6,

    /* U+FE70 "ﹰ" */
    0x0, 0x22, 0xab, 0x30, 0xcf, 0x69, 0x62, 0x79,
    0x0,

    /* U+FE71 "ﹱ" */
    0x1, 0x55, 0x3, 0xd1, 0x38, 0x21, 0x5a, 0x0,
    0x2b, 0x18, 0xc, 0xc0, 0x1f, 0xfd, 0x1, 0x22,
    0x87, 0xb7, 0x6a,

    /* U+FE72 "ﹲ" */
    0x0, 0x26, 0x32, 0xe6, 0xce, 0xaa, 0x82, 0xfc,
    0x2b, 0x79, 0x0,

    /* U+FE73 "ﹳ" */
    0x5, 0x0, 0x96, 0x40, 0x2d, 0x50, 0xb, 0xc8,
    0x2, 0x54, 0x92, 0x2, 0xc5, 0xd6, 0x3, 0xce,
    0x60,

    /* U+FE74 "ﹴ" */
    0x0, 0xc5, 0x19, 0x3, 0xd7, 0xed, 0x82, 0xc0,

    /* U+FE76 "ﹶ" */
    0x0, 0xc2, 0xf9, 0x4, 0x79, 0x0,

    /* U+FE77 "ﹷ" */
    0x0, 0xe4, 0xac, 0x40, 0x4, 0x62, 0x2, 0x10,
    0x7, 0xff, 0x40, 0x48, 0xa1, 0xed, 0xda, 0x80,

    /* U+FE78 "ﹸ" */
    0x3, 0xc6, 0x4, 0x9d, 0x21, 0xbf, 0x2, 0xe4,

    /* U+FE79 "ﹹ" */
    0x0, 0x45, 0x88, 0x4, 0x98, 0xa0, 0x2, 0x6b,
    0x40, 0x2, 0xfe, 0x0, 0x4e, 0xa0, 0x1f, 0xfd,
    0x61, 0x22, 0x84, 0x3b, 0x76, 0xa0,

    /* U+FE7A "ﹺ" */
    0x0, 0x9, 0xa6, 0x53, 0x2e, 0x5a, 0x80,

    /* U+FE7B "ﹻ" */
    0x12, 0x28, 0x7b, 0x76, 0xaf, 0xf7, 0x55, 0x96,
    0x58, 0x0, 0xb2, 0x94, 0x0,

    /* U+FE7C "ﹼ" */
    0x0, 0x94, 0x18, 0xe7, 0x4, 0x3c, 0x4c, 0x40,

    /* U+FE7D "ﹽ" */
    0x0, 0xa, 0x3, 0x3a, 0xf8, 0x6f, 0xd6, 0x81,
    0xf, 0x30, 0x4c, 0x80, 0x3f, 0xfa, 0x2, 0x45,
    0xf, 0x6e, 0xd4,

    /* U+FE7E "ﹾ" */
    0x2c, 0x6a, 0xed, 0xbe, 0xd0,

    /* U+FE7F "ﹿ" */
    0xa, 0xb0, 0x1, 0x10, 0xcc, 0x4, 0x64, 0x60,
    0xb, 0xa0, 0xf, 0xfe, 0xa0, 0x91, 0x43, 0xdb,
    0xb5, 0x0,

    /* U+FE80 "ﺀ" */
    0x4, 0xde, 0x20, 0x1b, 0x8c, 0x20, 0x30, 0x52,
    0x0, 0x11, 0xc9, 0xc0, 0x1a, 0xb6, 0x88, 0x90,
    0x2f, 0xa4, 0x40,

    /* U+FE81 "ﺁ" */
    0x5c, 0x70, 0x30, 0xd0, 0xd6, 0x51, 0x7d, 0x50,
    0x7, 0x90, 0x7, 0xe1, 0x10, 0x7, 0xe3, 0x70,
    0xf, 0xfe, 0x8, 0x88, 0x3, 0xc0,

    /* U+FE82 "ﺂ" */
    0x5c, 0x70, 0x30, 0x6, 0x6, 0xb0, 0x28, 0x3e,
    0xa8, 0x5, 0x64, 0x1, 0x90, 0x40, 0x30, 0x80,
    0x71, 0xb8, 0x7, 0x8, 0x6, 0x10, 0xe, 0x73,
    0x0, 0xc5, 0xa6, 0x1, 0x5b, 0xe4, 0x80,

    /* U+FE83 "ﺃ" */
    0x6b, 0x2d, 0xb2, 0x27, 0x45, 0xf4, 0x17, 0x90,
    0x6, 0x11, 0x0, 0x63, 0x70, 0xf, 0x84, 0x40,
    0x10,

    /* U+FE84 "ﺄ" */
    0x6b, 0x20, 0x6, 0xd9, 0x0, 0xb, 0xa4, 0x1,
    0x5f, 0x20, 0x3, 0xd2, 0x0, 0x88, 0x40, 0x33,
    0x80, 0x46, 0x1, 0xc2, 0x1, 0x9, 0x80, 0x4e,
    0x1, 0x8b, 0x4c, 0x1, 0x6f, 0x92,

    /* U+FE85 "ﺅ" */
    0x0, 0x4c, 0x80, 0x21, 0x39, 0x0, 0x85, 0xf1,
    0x40, 0x28, 0xc5, 0x0, 0x94, 0x3, 0xe, 0x73,
    0x0, 0x2d, 0x6e, 0x44, 0x16, 0x14, 0xd0, 0x0,
    0x84, 0xe4, 0x11, 0x7a, 0x82, 0xf, 0xd8, 0xe,
    0x7, 0x19, 0x2, 0xb8, 0x76, 0xe0, 0xbf, 0x68,
    0x0,

    /* U+FE86 "ﺆ" */
    0x0, 0x4d, 0x0, 0x70, 0x9d, 0x0, 0x70, 0xbe,
    0x28, 0x7, 0x46, 0xa8, 0x7, 0x28, 0x80, 0x70,
    0xe7, 0x30, 0x6, 0xa5, 0xb9, 0x10, 0x9, 0x21,
    0x4d, 0x0, 0x33, 0x93, 0x69, 0x0, 0x26, 0x35,
    0x5f, 0x48, 0x1b, 0xb4, 0x3b, 0xc8, 0x9, 0xf2,
    0x4, 0x0, 0xbb, 0x74, 0xe0, 0x12, 0xfe, 0x20,
    0x6,

    /* U+FE87 "ﺇ" */
    0xf, 0x20, 0xf, 0x8, 0x80, 0x3c, 0x6e, 0x1,
    0xf0, 0x80, 0x4, 0x3, 0x18, 0x1, 0xc0, 0x2b,
    0x60, 0x5, 0x28, 0x19, 0x28, 0xb, 0x50, 0x17,
    0x50, 0x0,

    /* U+FE88 "ﺈ" */
    0xf, 0x20, 0x8, 0x44, 0x1, 0x9c, 0x2, 0x30,
    0xe, 0x10, 0x8, 0x40, 0x38, 0xc0, 0x27, 0x10,
    0x8, 0xac, 0xc0, 0x16, 0x19, 0x20, 0x59, 0xf2,
    0x14, 0xc0, 0x2, 0x36, 0x0, 0x1b, 0xd0, 0x80,
    0xf5, 0x8, 0x0,

    /* U+FE89 "ﺉ" */
    0x1, 0xb7, 0x0, 0xfc, 0x86, 0xe0, 0x1, 0xae,
    0xd3, 0x6, 0x7b, 0x20, 0xc0, 0xd9, 0x30, 0x3f,
    0xb2, 0x77, 0x51, 0xa0, 0x1, 0x80, 0x2e, 0x61,
    0x0, 0x96, 0x80, 0x28, 0x7e, 0xa1, 0xd, 0x50,
    0x8, 0x6f, 0x47, 0x43, 0xc8, 0x3, 0x88, 0x58,
    0x15, 0x20, 0x80, 0x4e, 0x92, 0xc0, 0xad, 0x77,
    0xfb, 0x4b, 0xc4, 0x0, 0x9b, 0xdb, 0xdc, 0x81,
    0x0, 0x0,

    /* U+FE8A "ﺊ" */
    0x1, 0xb7, 0x0, 0xfc, 0x98, 0xe0, 0x1f, 0x9e,
    0x30, 0x80, 0x3e, 0x3d, 0xc2, 0x0, 0xf9, 0x48,
    0x3, 0xf2, 0xc8, 0x6, 0x3e, 0x84, 0x1d, 0x40,
    0xc, 0x76, 0x97, 0x80, 0x40, 0x1c, 0xb2, 0x7b,
    0x49, 0x4, 0x0, 0x27, 0xb9, 0x2, 0xc4, 0xdf,
    0xf6, 0xe6, 0xa8, 0x0, 0xf3, 0xf7, 0xbe, 0xcc,
    0x0,

    /* U+FE8B "ﺋ" */
    0x3b, 0x40, 0xa8, 0x40, 0xcd, 0xc0, 0x6d, 0xc0,
    0x33, 0x0, 0x4c, 0xc0, 0x0, 0xe8, 0x1, 0x50,
    0x0, 0x40, 0x2, 0x72, 0xc, 0xbe, 0x0,

    /* U+FE8C "ﺌ" */
    0xa, 0x80, 0x8, 0xcd, 0x0, 0x11, 0x3e, 0x20,
    0x0, 0x6b, 0x10, 0x2, 0x40, 0xf, 0x71, 0x0,
    0x44, 0x24, 0x0, 0x28, 0x6, 0x20, 0xc6, 0xab,
    0xd5,

    /* U+FE8D "ﺍ" */
    0xf2, 0x0, 0x8, 0x80, 0x6, 0xe0, 0x10, 0x88,
    0x0, 0x6e, 0x0,

    /* U+FE8E "ﺎ" */
    0xf2, 0x0, 0x8, 0x80, 0x27, 0x0, 0x18, 0x6,
    0x10, 0x0, 0x80, 0x63, 0x0, 0x38, 0x80, 0xa,
    0xcc, 0x2c, 0x32, 0x40,

    /* U+FE8F "ﺏ" */
    0x0, 0xff, 0x96, 0x1, 0x6c, 0x3, 0xf8, 0x58,
    0x34, 0x80, 0x3f, 0x90, 0x48, 0x8, 0x3, 0xfe,
    0x3b, 0x4a, 0x53, 0x22, 0x8d, 0x5f, 0x54, 0x4f,
    0x2, 0x33, 0x77, 0x4f, 0x4d, 0x0, 0xe, 0xb7,
    0xff, 0x76, 0x4a, 0x0, 0x7e, 0xc5, 0x0, 0xff,
    0xe0, 0x72, 0x80, 0x78,

    /* U+FE90 "ﺐ" */
    0x38, 0x0, 0xff, 0xe1, 0x21, 0x0, 0x7f, 0x84,
    0x2, 0xf0, 0xf, 0xf2, 0xfc, 0x80, 0x2d, 0x65,
    0x4c, 0x88, 0x6d, 0x3d, 0x64, 0xa6, 0x27, 0x87,
    0x19, 0xbb, 0x50, 0x57, 0x6b, 0xee, 0x1, 0xd6,
    0xff, 0xdd, 0x92, 0x80, 0x37, 0xda, 0x1, 0xc3,
    0xe2, 0x1, 0xff, 0xc1, 0x1d, 0x10, 0xf, 0xc0,

    /* U+FE91 "ﺑ" */
    0x5, 0x40, 0x6, 0xf8, 0x2, 0xd0, 0x0, 0x60,
    0x2, 0x72, 0xc, 0xbe, 0xe, 0xc3, 0x1, 0xf1,
    0x1, 0xd1, 0x0,

    /* U+FE92 "ﺒ" */
    0x0, 0xfd, 0xc4, 0x1, 0x10, 0x90, 0x0, 0xa0,
    0x18, 0x83, 0x1a, 0xaf, 0x57, 0xb1, 0x77, 0xd4,
    0xf, 0x80, 0x31, 0xe0, 0x4,

    /* U+FE93 "ﺓ" */
    0x0, 0xfa, 0x62, 0xdc, 0x1, 0x13, 0x4e, 0x0,
    0x12, 0x10, 0xd, 0x92, 0x1, 0x42, 0xa9, 0xc0,
    0xda, 0xb6, 0x42, 0xdc, 0x4, 0x8f, 0xd0, 0xd4,
    0x88, 0xee, 0xc8, 0xb1,

    /* U+FE94 "ﺔ" */
    0x1, 0xe3, 0xd0, 0xc, 0x34, 0x72, 0x1, 0xc8,
    0x8, 0x1, 0xf7, 0x88, 0x6, 0x5b, 0x3, 0x0,
    0xb2, 0x30, 0x4, 0x0, 0xe1, 0xae, 0x20, 0x1c,
    0x20, 0x6c, 0x0, 0x74, 0xdc, 0xe, 0x30, 0x4,
    0x66, 0x3d, 0xf1, 0x40,

    /* U+FE95 "ﺕ" */
    0x0, 0xff, 0xe3, 0xdb, 0x62, 0x80, 0x7f, 0xa9,
    0xb9, 0x40, 0x8, 0xc0, 0x92, 0x1, 0x8, 0x10,
    0x6, 0x80, 0x30, 0xf, 0xf2, 0x8, 0xbc, 0x80,
    0x3f, 0xe3, 0xb4, 0x95, 0x32, 0x28, 0xd5, 0xf5,
    0x8, 0xf0, 0xe3, 0x37, 0x74, 0xf4, 0x58, 0x0,

    /* U+FE96 "ﺖ" */
    0x0, 0xff, 0xe4, 0xdb, 0xe2, 0x80, 0x7f, 0xf0,
    0x29, 0xf9, 0x40, 0x3e, 0x38, 0x0, 0x84, 0x8,
    0x3, 0xf2, 0x10, 0x7, 0xf8, 0x80, 0x2f, 0x0,
    0xff, 0x2e, 0x48, 0x2, 0xd6, 0x54, 0xc8, 0xd1,
    0xa7, 0xac, 0x94, 0xc4, 0xf0, 0xe3, 0x37, 0x2a,
    0x81, 0x5d, 0xaf, 0xb8,

    /* U+FE97 "ﺗ" */
    0x0, 0xcf, 0x71, 0x2f, 0x53, 0x0, 0x24, 0x20,
    0xba, 0x0, 0x51, 0x20, 0x1, 0xb1, 0x19, 0x36,
    0x74, 0x10,

    /* U+FE98 "ﺘ" */
    0x0, 0xfb, 0x17, 0x50, 0x1, 0xcb, 0xe8, 0x0,
    0x21, 0x20, 0xd, 0x6e, 0x1, 0x90, 0xc0, 0x4,
    0xe3, 0xa4, 0x39, 0x52, 0xbb, 0xa0,

    /* U+FE99 "ﺙ" */
    0x0, 0xff, 0xe4, 0x5b, 0x0, 0x7f, 0xf0, 0x25,
    0xc0, 0x3f, 0xeb, 0x5d, 0x50, 0xf, 0xf5, 0x3f,
    0x28, 0x1, 0x18, 0x12, 0x40, 0x21, 0x2, 0x0,
    0xd0, 0x6, 0x1, 0xfe, 0x41, 0x17, 0x90, 0x7,
    0xfc, 0x76, 0x92, 0xa6, 0x45, 0x1a, 0xbe, 0xa1,
    0x1e, 0x1c, 0x66, 0xee, 0x9e, 0x8b, 0x0,

    /* U+FE9A "ﺚ" */
    0x0, 0xff, 0xe5, 0x5b, 0x0, 0x7f, 0xf0, 0xa5,
    0xc0, 0x3f, 0xf8, 0x34, 0xba, 0xa0, 0x1f, 0xfc,
    0xb, 0x6e, 0x50, 0xf, 0x8e, 0x0, 0x21, 0x11,
    0x0, 0x7e, 0x42, 0x0, 0xff, 0x10, 0x5, 0xe0,
    0x1f, 0xe5, 0xc9, 0x0, 0x5a, 0xca, 0x99, 0x1a,
    0x34, 0xf5, 0x92, 0x98, 0x9e, 0x1c, 0x66, 0xe5,
    0x50, 0x2b, 0xb5, 0xf7, 0x0,

    /* U+FE9B "ﺛ" */
    0x6, 0x90, 0x2, 0x50, 0x34, 0xdc, 0xb5, 0x4c,
    0x0, 0x90, 0x82, 0xe8, 0x1, 0x44, 0x80, 0x6,
    0xc4, 0x64, 0xd9, 0xd0, 0x40,

    /* U+FE9C "ﺜ" */
    0x0, 0xfd, 0x48, 0x1, 0x5e, 0x4a, 0x0, 0x25,
    0xbd, 0x0, 0x4, 0x24, 0x1, 0xad, 0xc0, 0x32,
    0x18, 0x0, 0x9c, 0x74, 0x87, 0x2a, 0x57, 0x74,

    /* U+FE9D "ﺝ" */
    0x5e, 0xfd, 0x94, 0x10, 0x2, 0x77, 0x41, 0x7d,
    0xe0, 0x20, 0x9, 0x64, 0x9c, 0x0, 0x1f, 0x8e,
    0xdb, 0x18, 0x3, 0x5a, 0xc8, 0x3, 0x39, 0x40,
    0x10, 0x80, 0x59, 0x40, 0x8, 0x70, 0x9, 0x8c,
    0x1, 0x4c, 0x1, 0x3f, 0x80, 0x7d, 0xb, 0x46,
    0x0, 0x27, 0x12, 0xd1, 0xcf, 0xf6, 0xe1, 0x81,
    0x5f, 0xef, 0x7d, 0x90,

    /* U+FE9E "ﺞ" */
    0x5e, 0xfd, 0x94, 0x10, 0x9, 0x3b, 0xa0, 0xbe,
    0xf0, 0x0, 0x80, 0x25, 0x89, 0x70, 0x2, 0x3f,
    0x1d, 0x83, 0x30, 0x5, 0xad, 0x64, 0xce, 0x1,
    0x39, 0x40, 0x0, 0xcd, 0x46, 0x19, 0x40, 0x7a,
    0x1e, 0x39, 0x4c, 0x60, 0x7a, 0x5, 0x7f, 0x4f,
    0xe0, 0x1f, 0xa1, 0x68, 0xc0, 0x4, 0xe2, 0x5,
    0xa3, 0x9f, 0xed, 0xc3, 0x0, 0x15, 0xfe, 0xf7,
    0xd9, 0x0,

    /* U+FE9F "ﺟ" */
    0x1d, 0xec, 0x50, 0x8, 0x67, 0x66, 0x30, 0xc0,
    0x8, 0x6b, 0xe5, 0x94, 0x46, 0xd7, 0x8f, 0x95,
    0x9b, 0xb7, 0xc9, 0x87, 0x72, 0xd8, 0x40, 0x3d,
    0x4e, 0x1, 0xeb, 0x60, 0x8,

    /* U+FEA0 "ﺠ" */
    0x1d, 0xec, 0x50, 0xe, 0x19, 0xd9, 0x8c, 0x30,
    0xc, 0x86, 0xbe, 0x59, 0x40, 0x2, 0x36, 0xbc,
    0x61, 0xc2, 0xc, 0xdd, 0xba, 0x2a, 0xf5, 0xfb,
    0x96, 0xc0, 0x4, 0xdf, 0x70, 0xb, 0x8c, 0x3,
    0xf6, 0x18, 0x7, 0x0,

    /* U+FEA1 "ﺡ" */
    0x6e, 0xe5, 0x10, 0x7, 0x46, 0x9e, 0xc9, 0x80,
    0x19, 0x87, 0x32, 0x6c, 0xf0, 0x8, 0xee, 0x16,
    0xb0, 0x0, 0xb8, 0x7d, 0x4a, 0x60, 0x55, 0x70,
    0x1, 0xd6, 0xe8, 0x1, 0xe4, 0xd0, 0xf, 0x9b,
    0x40, 0x3e, 0xf7, 0x93, 0x10, 0x26, 0x4, 0xc2,
    0xce, 0xfd, 0xd1, 0x1, 0xdf, 0xef, 0x7d, 0x90,

    /* U+FEA2 "ﺢ" */
    0x5e, 0xfd, 0x94, 0x10, 0x9, 0x3b, 0xa0, 0xbe,
    0xf0, 0x0, 0x80, 0x25, 0x89, 0x70, 0x2, 0x3f,
    0x1d, 0x83, 0x30, 0x5, 0xad, 0x64, 0xce, 0x1,
    0x39, 0x40, 0x0, 0xcd, 0x46, 0x19, 0x40, 0x1b,
    0xc7, 0x29, 0x8c, 0x3, 0x15, 0xfd, 0x3f, 0x80,
    0x7e, 0x85, 0xa3, 0x0, 0x13, 0x88, 0x16, 0x8e,
    0x7f, 0xb7, 0xc, 0x0, 0x57, 0xfb, 0xdf, 0x64,
    0x0,

    /* U+FEA3 "ﺣ" */
    0x1d, 0xec, 0x50, 0x8, 0x67, 0x26, 0x30, 0xc0,
    0x8, 0x4b, 0xe5, 0x94, 0x46, 0xd7, 0x8f, 0x95,
    0x9b, 0xb7, 0xc9, 0x80,

    /* U+FEA4 "ﺤ" */
    0x1d, 0xec, 0x50, 0xe, 0x19, 0xc9, 0x8c, 0x30,
    0xc, 0x84, 0xbe, 0x59, 0x40, 0x2, 0x36, 0xbc,
    0x61, 0xc2, 0xc, 0xdd, 0xba, 0x2a, 0xf5, 0xc0,

    /* U+FEA5 "ﺥ" */
    0x0, 0x8f, 0x40, 0x3e, 0x3e, 0x0, 0xfc, 0x60,
    0x19, 0x7b, 0xf6, 0x50, 0x40, 0x9, 0xdd, 0x5,
    0xf7, 0x80, 0x81, 0x43, 0x2d, 0x60, 0x1, 0x70,
    0xfe, 0x94, 0xc0, 0xaa, 0xe0, 0x3, 0xad, 0xd0,
    0x3, 0xc9, 0xa0, 0x1f, 0x36, 0x80, 0x7d, 0xef,
    0x26, 0x20, 0x2a, 0x9, 0x85, 0x9d, 0xfd, 0xc2,
    0x3, 0xbf, 0xde, 0xfb, 0x20,

    /* U+FEA6 "ﺦ" */
    0x0, 0x8f, 0x40, 0x3f, 0x1f, 0x0, 0x7f, 0x18,
    0x7, 0x2f, 0x7e, 0xca, 0x8, 0x4, 0x9d, 0xd0,
    0x5f, 0x78, 0x0, 0x40, 0x12, 0xc4, 0xb8, 0x1,
    0x1f, 0x8e, 0xc1, 0x98, 0x2, 0xd6, 0xb2, 0x67,
    0x0, 0x9c, 0xa0, 0x0, 0x66, 0xa3, 0xc, 0xa0,
    0xd, 0xe3, 0x94, 0xc6, 0x1, 0x8a, 0xfe, 0x9f,
    0xc0, 0x3f, 0x42, 0xd1, 0x80, 0x9, 0xc4, 0xb,
    0x47, 0x3f, 0xdb, 0x86, 0x0, 0x2b, 0xfd, 0xef,
    0xb2, 0x0,

    /* U+FEA7 "ﺧ" */
    0x0, 0xfe, 0x3e, 0x0, 0xf1, 0xe0, 0x7, 0xc4,
    0x1, 0xc3, 0xbd, 0x8a, 0x1, 0xc, 0xe4, 0xc6,
    0x18, 0x1, 0x9, 0x7c, 0xb2, 0x88, 0xda, 0xf1,
    0xf2, 0xb3, 0x76, 0xf9, 0x30,

    /* U+FEA8 "ﺨ" */
    0x0, 0xff, 0x9b, 0x0, 0x3f, 0x37, 0x0, 0x7f,
    0x10, 0x7, 0xc3, 0xbd, 0x8a, 0x1, 0xc3, 0x39,
    0x31, 0x86, 0x1, 0x90, 0x97, 0xcb, 0x28, 0x0,
    0x46, 0xd7, 0x8c, 0x38, 0x41, 0x9b, 0xb7, 0x45,
    0x5e, 0xb8,

    /* U+FEA9 "ﺩ" */
    0x0, 0x90, 0x80, 0x3b, 0x78, 0x3, 0xa4, 0x94,
    0x3, 0xa2, 0x40, 0x39, 0xc, 0x5, 0xcc, 0xd6,
    0x40, 0x59, 0xb8, 0xbc, 0x0,

    /* U+FEAA "ﺪ" */
    0x0, 0x90, 0x80, 0x3e, 0xd9, 0x0, 0xfa, 0x15,
    0x0, 0x3c, 0x33, 0xe0, 0x1f, 0x2a, 0x10, 0x0,
    0x5c, 0xca, 0xc2, 0x48, 0xb, 0x37, 0x4b, 0x6f,
    0x80,

    /* U+FEAB "ﺫ" */
    0x0, 0xfe, 0x89, 0x0, 0xe9, 0x80, 0xe, 0x13,
    0x10, 0xe, 0x8a, 0x0, 0xeb, 0x54, 0x0, 0xc3,
    0x10, 0x0, 0xe4, 0x30, 0x17, 0x33, 0x58, 0x81,
    0x66, 0xe2, 0xe8, 0x0,

    /* U+FEAC "ﺬ" */
    0x0, 0xff, 0x9e, 0x80, 0x3e, 0x6b, 0x0, 0xf8,
    0x4c, 0x40, 0x3e, 0x8b, 0x0, 0xfa, 0xd4, 0xc0,
    0x3c, 0x2f, 0x0, 0x1f, 0x52, 0x8, 0x0, 0x5c,
    0xca, 0xc2, 0x88, 0xa, 0xf3, 0x56, 0xdf, 0x0,

    /* U+FEAD "ﺭ" */
    0x0, 0x95, 0x0, 0x31, 0xc0, 0x6, 0x63, 0x10,
    0xc, 0x44, 0x0, 0x84, 0x88, 0x1, 0x43, 0x8,
    0x15, 0xa4, 0x1, 0x69, 0x68, 0x81, 0x74, 0x80,
    0x40,

    /* U+FEAE "ﺮ" */
    0x0, 0x99, 0x40, 0x3e, 0x90, 0xf, 0x31, 0x98,
    0x3, 0xc5, 0x4, 0x1, 0x84, 0x83, 0x8, 0x2,
    0xb5, 0xbe, 0x20, 0x3c, 0x6a, 0x0, 0x8b, 0x13,
    0x0, 0x31, 0x7c, 0x0, 0x70,

    /* U+FEAF "ﺯ" */
    0x0, 0xfc, 0x3e, 0x1, 0x87, 0x40, 0x38, 0x80,
    0x3a, 0x20, 0x1, 0xb1, 0x80, 0x32, 0x1, 0x0,
    0x7f, 0x18, 0x10, 0x0, 0x7a, 0x0, 0x63, 0x95,
    0x80, 0x7, 0x90, 0x0,

    /* U+FEB0 "ﺰ" */
    0x0, 0xff, 0x26, 0x80, 0x79, 0x3c, 0x3, 0xe2,
    0x0, 0xf9, 0xd8, 0x3, 0xc5, 0x60, 0x1e, 0x52,
    0x30, 0xf, 0xc, 0x10, 0x6, 0x11, 0x6, 0x10,
    0x5, 0x4b, 0x7c, 0x40, 0x78, 0xf4, 0x1, 0x16,
    0x26, 0x0, 0x62, 0xf8, 0x0, 0xe0,

    /* U+FEB1 "ﺱ" */
    0x0, 0xff, 0xe1, 0x1b, 0x0, 0x7f, 0xf0, 0xd6,
    0x0, 0x3f, 0x5b, 0x0, 0x1a, 0x41, 0xc4, 0x40,
    0xa0, 0x1c, 0x58, 0x0, 0xf1, 0x1, 0x22, 0x2c,
    0x0, 0x77, 0xaa, 0x1b, 0x91, 0x10, 0x89, 0xa8,
    0x1, 0xc4, 0x15, 0xac, 0x3b, 0x32, 0x1f, 0x20,
    0xe, 0x35, 0xee, 0x45, 0xfe, 0xb0, 0x2a, 0x49,
    0x0, 0xb4, 0x40, 0x3, 0xf1, 0x62, 0xef, 0xf5,
    0x59, 0x0, 0x7f, 0x1e, 0x76, 0xf6, 0x20, 0x7,
    0xf0,

    /* U+FEB2 "ﺲ" */
    0x0, 0xff, 0xe1, 0xf8, 0x7, 0xfb, 0x18, 0x0,
    0xd4, 0x1, 0x8, 0x4, 0xc0, 0x1c, 0x98, 0x0,
    0xf2, 0x0, 0x88, 0x0, 0xb4, 0x1, 0xdc, 0xa8,
    0x6e, 0x64, 0xa1, 0xe6, 0x1a, 0xa0, 0x1c, 0x41,
    0x5a, 0xc1, 0xb1, 0x6b, 0x8b, 0xe4, 0x1, 0xd8,
    0xbd, 0xc8, 0xbf, 0xd4, 0x9f, 0x55, 0x24, 0x90,
    0xb, 0xba, 0x40, 0x3f, 0xc5, 0x8b, 0xbf, 0xd5,
    0x66, 0x1, 0xff, 0x1e, 0x76, 0xf6, 0xa0, 0x7,
    0xfc,

    /* U+FEB3 "ﺳ" */
    0x0, 0xfc, 0x6c, 0x1, 0xfc, 0xd0, 0x1, 0x60,
    0x1, 0x2c, 0x14, 0x48, 0x10, 0x80, 0x6, 0x20,
    0x2, 0x12, 0xf0, 0x33, 0x53, 0x12, 0x19, 0x60,
    0x4e, 0x61, 0xd7, 0x6a, 0x4,

    /* U+FEB4 "ﺴ" */
    0x0, 0xfe, 0xe1, 0x0, 0xdc, 0x0, 0x4c, 0x0,
    0x19, 0x0, 0x48, 0x1, 0x1b, 0x0, 0x5, 0x40,
    0x5, 0x0, 0x66, 0xa6, 0x34, 0x2b, 0x30, 0xc7,
    0x9c, 0xc3, 0xae, 0x4d, 0xae, 0x38,

    /* U+FEB5 "ﺵ" */
    0x0, 0xff, 0xe8, 0x78, 0x80, 0x7f, 0xf0, 0xf4,
    0x40, 0x3f, 0xf8, 0x5e, 0xde, 0x20, 0x1f, 0xfc,
    0x1d, 0x4d, 0x10, 0x20, 0xf, 0xf8, 0x80, 0x81,
    0xf8, 0x3, 0xf4, 0x20, 0x1, 0x18, 0x14, 0xc0,
    0x6, 0x1, 0xc5, 0xa0, 0xd, 0xe0, 0x21, 0x34,
    0xe0, 0xe, 0xc6, 0x43, 0x72, 0x22, 0x9, 0x62,
    0x0, 0x71, 0x5, 0x6b, 0xe, 0xcc, 0x84, 0x8,
    0x3, 0x8d, 0x7b, 0x91, 0x7f, 0xac, 0x14, 0x90,
    0x40, 0x2d, 0x30, 0x1, 0xf8, 0xb1, 0x37, 0xfa,
    0xa8, 0x40, 0x1f, 0xc7, 0x9d, 0xbd, 0x88, 0x1,
    0xfc,

    /* U+FEB6 "ﺶ" */
    0x0, 0xff, 0xe9, 0x78, 0x80, 0x7f, 0xf1, 0x74,
    0x40, 0x3f, 0xf8, 0x9e, 0xde, 0x20, 0x1f, 0xfc,
    0x3d, 0x4d, 0x10, 0xf, 0xfe, 0x19, 0x1, 0x0,
    0x1c, 0x3, 0xfd, 0x8, 0x0, 0x46, 0x0, 0x40,
    0x6, 0x30, 0xe, 0x2d, 0x0, 0x6f, 0x0, 0x4,
    0xc0, 0x9, 0xc0, 0x1d, 0x8c, 0x86, 0xe4, 0x45,
    0x18, 0x30, 0xc4, 0x0, 0xe2, 0xa, 0xd6, 0x1d,
    0x8b, 0x2c, 0x50, 0x20, 0xe, 0x35, 0xee, 0x45,
    0xfe, 0xa4, 0xfa, 0xd2, 0x41, 0x0, 0xb4, 0x48,
    0x7, 0xf8, 0xb1, 0x37, 0xfa, 0xec, 0x60, 0x1f,
    0xf1, 0xe7, 0x6f, 0x6a, 0x0, 0x7f, 0xc0,

    /* U+FEB7 "ﺷ" */
    0x0, 0xff, 0xe2, 0x44, 0x80, 0x7f, 0x4c, 0x0,
    0x7e, 0x8b, 0x88, 0x0, 0x7d, 0x37, 0x12, 0x4,
    0x1, 0xc2, 0x39, 0xbc, 0x2, 0x80, 0x1, 0xc0,
    0x39, 0x8, 0x1b, 0x0, 0x10, 0x80, 0x48, 0xa8,
    0x3, 0x35, 0x31, 0x19, 0x8b, 0x2, 0x73, 0xe,
    0xbb, 0xa8, 0x10,

    /* U+FEB8 "ﺸ" */
    0x0, 0xff, 0xe3, 0x44, 0x80, 0x7f, 0xd3, 0x0,
    0x1f, 0xe8, 0xb8, 0x80, 0x7, 0xf4, 0xdc, 0x48,
    0x7, 0xf0, 0x8e, 0x7, 0x0, 0xe8, 0x0, 0x1c,
    0x0, 0x28, 0x80, 0x23, 0x60, 0x2, 0x10, 0x0,
    0x5c, 0x0, 0x50, 0x6, 0x6a, 0x62, 0x42, 0x83,
    0xc, 0x9, 0xcc, 0x3a, 0xec, 0xda, 0xe3, 0x80,

    /* U+FEB9 "ﺹ" */
    0x0, 0xff, 0xe0, 0xc, 0xf7, 0x24, 0x3, 0xf4,
    0x20, 0x1, 0x3c, 0x37, 0x49, 0x0, 0x80, 0x1c,
    0x3c, 0xb, 0x54, 0x93, 0x32, 0x8a, 0x48, 0x7,
    0x7a, 0xcd, 0x5b, 0x1a, 0xcb, 0x56, 0x20, 0x7,
    0x10, 0x88, 0xab, 0x72, 0x3, 0xc, 0x8, 0x3,
    0xb1, 0x23, 0x7f, 0xed, 0x92, 0xa, 0x49, 0x20,
    0x17, 0x74, 0x0, 0x7f, 0x16, 0x2e, 0xff, 0x5e,
    0x10, 0x7, 0xf8, 0xf3, 0xb7, 0xb0, 0xc0, 0x3f,
    0xc0,

    /* U+FEBA "ﺺ" */
    0x0, 0xff, 0xe0, 0xc, 0x77, 0x24, 0x3, 0xfc,
    0xe8, 0x0, 0x4f, 0x2d, 0xd2, 0x38, 0x4, 0x60,
    0x1d, 0xda, 0x9, 0x55, 0x19, 0x97, 0x80, 0x9,
    0xc0, 0x1d, 0xed, 0x15, 0x6c, 0x69, 0xe, 0x24,
    0x18, 0x80, 0x1c, 0x42, 0x23, 0xad, 0xc9, 0x28,
    0x5d, 0x70, 0x20, 0xe, 0xc4, 0x9d, 0xff, 0xb6,
    0x9f, 0x7d, 0xe9, 0x20, 0x80, 0x5d, 0xd2, 0x1,
    0xff, 0x16, 0x26, 0xff, 0x55, 0x98, 0x7, 0xff,
    0x0, 0xf3, 0xb7, 0xb5, 0x0, 0x3f, 0xf8, 0x0,

    /* U+FEBB "ﺻ" */
    0x0, 0xf9, 0xb7, 0xf0, 0xc0, 0x29, 0x0, 0xe,
    0x54, 0x62, 0xf0, 0x0, 0xd8, 0x7, 0x2f, 0x14,
    0xec, 0x81, 0x78, 0x1f, 0x5c, 0x95, 0xa7, 0x1c,
    0x2d, 0x37, 0x44, 0xb5, 0x48, 0x2b, 0x80,

    /* U+FEBC "ﺼ" */
    0x0, 0xf9, 0xb7, 0xf0, 0xc0, 0x34, 0x80, 0x7,
    0x2a, 0x31, 0x78, 0x2, 0x36, 0x1, 0xcb, 0xc5,
    0x3b, 0x20, 0x2, 0xf0, 0x3e, 0xb9, 0x2b, 0x4e,
    0x13, 0x1d, 0xa6, 0xe8, 0x96, 0xa9, 0x7, 0x6f,
    0x1c,

    /* U+FEBD "ﺽ" */
    0x0, 0xff, 0xea, 0x62, 0x80, 0x7f, 0xf1, 0x39,
    0x40, 0x3f, 0xf8, 0x84, 0x1, 0xff, 0xc3, 0x19,
    0xee, 0x48, 0x7, 0xe8, 0x40, 0x2, 0x78, 0x6e,
    0x92, 0x1, 0x0, 0x38, 0x78, 0x16, 0xa9, 0x26,
    0x65, 0x14, 0x90, 0xe, 0xf5, 0x9a, 0xb6, 0x35,
    0x96, 0xac, 0x40, 0xe, 0x21, 0x11, 0x56, 0xe4,
    0x6, 0x18, 0x10, 0x7, 0x62, 0x46, 0xff, 0xdb,
    0x24, 0x14, 0x92, 0x40, 0x2e, 0xe8, 0x0, 0xfe,
    0x2c, 0x5d, 0xfe, 0xbc, 0x20, 0xf, 0xf1, 0xe7,
    0x6f, 0x61, 0x80, 0x7f, 0x80,

    /* U+FEBE "ﺾ" */
    0x0, 0xff, 0xeb, 0x62, 0x80, 0x7f, 0xf1, 0xb9,
    0x40, 0x3f, 0xf8, 0xc4, 0x1, 0xff, 0xc5, 0x18,
    0xee, 0x48, 0x7, 0xf9, 0xd0, 0x0, 0x9e, 0x5b,
    0xa4, 0x70, 0x8, 0xc0, 0x3b, 0xb4, 0x12, 0xaa,
    0x33, 0x2f, 0x0, 0x13, 0x80, 0x3b, 0xda, 0x2a,
    0xd8, 0xd2, 0x1c, 0x48, 0x31, 0x0, 0x38, 0x84,
    0x47, 0x5b, 0x92, 0x50, 0xba, 0xe0, 0x40, 0x1d,
    0x89, 0x3b, 0xff, 0x6d, 0x3e, 0xfb, 0xd2, 0x41,
    0x0, 0xbb, 0xa4, 0x3, 0xfe, 0x2c, 0x4d, 0xfe,
    0xab, 0x30, 0xf, 0xfe, 0x1, 0xe7, 0x6f, 0x6a,
    0x0, 0x7f, 0xf0, 0x0,

    /* U+FEBF "ﺿ" */
    0x0, 0xff, 0xe4, 0xbd, 0x0, 0x7f, 0xcf, 0x60,
    0x1f, 0xfc, 0x1, 0x0, 0xff, 0x36, 0xfe, 0x18,
    0x5, 0x20, 0x1, 0xca, 0x8c, 0x5e, 0x0, 0x1b,
    0x0, 0xe5, 0xe2, 0x9d, 0x90, 0x2f, 0x3, 0xeb,
    0x92, 0xb4, 0xe3, 0x85, 0xa6, 0xe8, 0x96, 0xa9,
    0x5, 0x70, 0x0,

    /* U+FEC0 "ﻀ" */
    0x0, 0xff, 0xe5, 0x3d, 0x0, 0x7f, 0xf0, 0x1e,
    0xc0, 0x3f, 0xf8, 0x22, 0x1, 0xff, 0x36, 0xfe,
    0x18, 0x6, 0x90, 0x0, 0xe5, 0x46, 0x2f, 0x0,
    0x46, 0xc0, 0x39, 0x78, 0xa7, 0x64, 0x0, 0x5e,
    0x7, 0xd7, 0x25, 0x69, 0xc2, 0x63, 0xb4, 0xdd,
    0x12, 0xd5, 0x20, 0xed, 0xe3, 0x80,

    /* U+FEC1 "ﻁ" */
    0x0, 0x26, 0x80, 0x7f, 0x39, 0x80, 0x7f, 0xf2,
    0x4, 0x40, 0x1f, 0xfc, 0x83, 0x0, 0x15, 0x77,
    0x1c, 0x3, 0x9f, 0x37, 0x57, 0x8, 0x0, 0x10,
    0xbf, 0x73, 0x53, 0x13, 0x34, 0xc, 0x12, 0x35,
    0x8a, 0xdf, 0x30, 0xde, 0x55, 0xf, 0x0,

    /* U+FEC2 "ﻂ" */
    0x0, 0x26, 0x80, 0x7f, 0xce, 0x60, 0x1f, 0xfc,
    0xc1, 0x10, 0x7, 0xff, 0x30, 0xc0, 0x5, 0x5d,
    0xc7, 0x0, 0xf9, 0xf3, 0x75, 0x70, 0x80, 0x18,
    0x42, 0xfd, 0xcd, 0x4c, 0x40, 0x6, 0x68, 0x18,
    0x24, 0x6b, 0x33, 0x82, 0xf9, 0x86, 0xf2, 0xa9,
    0x8f, 0x78, 0x60,

    /* U+FEC3 "ﻃ" */
    0xf, 0x30, 0xf, 0x84, 0x3, 0xf9, 0xc0, 0x3e,
    0x30, 0xf, 0xc2, 0x20, 0xf, 0xc6, 0xf, 0xbf,
    0x62, 0xf, 0xdb, 0x73, 0x81, 0x60, 0x7, 0xac,
    0x43, 0xe6, 0x26, 0x62, 0x92, 0x3d, 0xce, 0x93,
    0x6e, 0x47, 0x6a, 0x80,

    /* U+FEC4 "ﻄ" */
    0xf, 0x30, 0xf, 0xe1, 0x0, 0xff, 0x9c, 0x3,
    0xf8, 0xc0, 0x3f, 0xc2, 0x20, 0xf, 0xf1, 0x83,
    0xef, 0xd8, 0x80, 0x4f, 0xdb, 0x73, 0x81, 0x40,
    0x19, 0xeb, 0x10, 0xf9, 0xc0, 0x4, 0xcc, 0x52,
    0x47, 0xb5, 0x20, 0xd2, 0x6d, 0xc8, 0xf9, 0x4d,
    0x70,

    /* U+FEC5 "ﻅ" */
    0x0, 0x26, 0x80, 0x7f, 0x39, 0x80, 0x7f, 0xf0,
    0x57, 0x0, 0x38, 0x44, 0x0, 0x5e, 0x0, 0xff,
    0x10, 0x7, 0x18, 0x0, 0xab, 0xb8, 0xe0, 0x1c,
    0xf9, 0xba, 0xb8, 0x40, 0x0, 0x85, 0xfb, 0x9a,
    0x98, 0x99, 0xa0, 0x60, 0x91, 0xac, 0x56, 0xf9,
    0x86, 0xf2, 0xa8, 0x78, 0x0,

    /* U+FEC6 "ﻆ" */
    0x0, 0x26, 0x80, 0x7f, 0xce, 0x60, 0x1f, 0xfc,
    0x35, 0xc0, 0xf, 0x84, 0x40, 0x5, 0xe0, 0xf,
    0xfe, 0x1, 0x0, 0x7c, 0x60, 0x2, 0xae, 0xe3,
    0x80, 0x7c, 0xf9, 0xba, 0xb8, 0x40, 0xc, 0x21,
    0x7e, 0xe6, 0xa6, 0x20, 0x3, 0x34, 0xc, 0x12,
    0x35, 0x99, 0xc1, 0x7c, 0xc3, 0x79, 0x54, 0xc7,
    0xbc, 0x30,

    /* U+FEC7 "ﻇ" */
    0xf, 0x30, 0xf, 0x84, 0x3, 0xf9, 0xc0, 0x1c,
    0x80, 0x11, 0x80, 0x58, 0x80, 0x10, 0x88, 0x0,
    0x40, 0x1c, 0x60, 0xfb, 0xf6, 0x20, 0xfd, 0xb7,
    0x38, 0x16, 0x0, 0x7a, 0xc4, 0x3e, 0x62, 0x66,
    0x29, 0x23, 0xdc, 0xe9, 0x36, 0xe4, 0x76, 0xa8,

    /* U+FEC8 "ﻈ" */
    0xf, 0x30, 0xf, 0xe1, 0x0, 0xff, 0x9c, 0x1,
    0xc8, 0x1, 0xc6, 0x1, 0x62, 0x0, 0x70, 0x88,
    0x0, 0x40, 0x1f, 0x18, 0x3e, 0xfd, 0x88, 0x4,
    0xfd, 0xb7, 0x38, 0x14, 0x1, 0x9e, 0xb1, 0xf,
    0x9c, 0x0, 0x4c, 0xc5, 0x24, 0x7b, 0x52, 0xd,
    0x26, 0xdc, 0x8f, 0x94, 0xd7,

    /* U+FEC9 "ﻉ" */
    0x5, 0xdf, 0x80, 0xc, 0x75, 0x79, 0x40, 0x19,
    0x10, 0xc6, 0x40, 0x19, 0x10, 0xa4, 0xf0, 0x1,
    0x1c, 0x56, 0xeb, 0x80, 0x21, 0xa6, 0xea, 0x60,
    0xa, 0x52, 0x44, 0x3, 0x97, 0x0, 0x3e, 0x12,
    0x0, 0xfa, 0x61, 0xc8, 0x0, 0x4a, 0xb, 0x76,
    0xdf, 0xf6, 0xf8, 0x1, 0x33, 0xf7, 0xbe, 0x80,

    /* U+FECA "ﻊ" */
    0x0, 0x46, 0xf4, 0x80, 0x6c, 0x29, 0xd7, 0x40,
    0x9, 0x98, 0x86, 0xe, 0x1, 0x53, 0x65, 0x21,
    0x80, 0x69, 0x35, 0xb0, 0xc, 0xb9, 0x29, 0xec,
    0x60, 0x55, 0x6d, 0x71, 0x79, 0x16, 0xc8, 0x0,
    0x6d, 0xf8, 0x3e, 0x0, 0xfb, 0x25, 0x44, 0x5,
    0x98, 0xd, 0x37, 0xdf, 0xd4, 0x60, 0x7, 0xee,
    0x6f, 0xe2, 0x80,

    /* U+FECB "ﻋ" */
    0x0, 0x4f, 0x70, 0xc0, 0x14, 0xbb, 0xa3, 0x0,
    0x3c, 0x19, 0x80, 0x27, 0xe0, 0xc, 0x5c, 0x9b,
    0x5c, 0xd9, 0x66, 0xfb, 0x8c,

    /* U+FECC "ﻌ" */
    0x2, 0xae, 0xe4, 0x0, 0x7, 0x37, 0x56, 0xe2,
    0x1, 0x8d, 0x0, 0x21, 0xc9, 0x8d, 0x71, 0x2,
    0x64, 0x73, 0xe3, 0x1c, 0x93, 0xc8, 0xad, 0xc0,

    /* U+FECD "ﻍ" */
    0x0, 0xff, 0x8f, 0x80, 0x3e, 0x3c, 0x0, 0xfc,
    0x40, 0x1e, 0x5d, 0xf8, 0x0, 0xc7, 0x57, 0x94,
    0x1, 0x91, 0xc, 0x64, 0x1, 0x91, 0xa, 0x4f,
    0x0, 0x11, 0xc5, 0x6e, 0xb8, 0x2, 0x1a, 0x6e,
    0xa6, 0x0, 0xa5, 0x24, 0x40, 0x39, 0x70, 0x3,
    0xe1, 0x20, 0xf, 0xa6, 0x1c, 0x80, 0x4, 0xa0,
    0xb7, 0x6d, 0xff, 0x6f, 0x80, 0x13, 0x3f, 0x7b,
    0xe8, 0x0,

    /* U+FECE "ﻎ" */
    0x0, 0xff, 0xe0, 0x4c, 0x0, 0x7d, 0x12, 0x1,
    0xf0, 0x88, 0x3, 0xd1, 0xbd, 0x20, 0x1b, 0xa,
    0x75, 0xd0, 0x2, 0x66, 0x21, 0x83, 0x80, 0x54,
    0xd9, 0x48, 0x60, 0x1a, 0x4d, 0x6c, 0x3, 0x2e,
    0x4a, 0x7b, 0x18, 0x15, 0x5b, 0x5c, 0x5e, 0x45,
    0xb2, 0x0, 0x1b, 0x7e, 0xf, 0x80, 0x3e, 0xc9,
    0x51, 0x1, 0x66, 0x3, 0x4d, 0xf7, 0xf5, 0x18,
    0x1, 0xfb, 0x9b, 0xf8, 0xa0,

    /* U+FECF "ﻏ" */
    0x0, 0xff, 0x6a, 0x0, 0x77, 0xa0, 0x7, 0x10,
    0x7, 0x4f, 0x70, 0xc0, 0x14, 0xbb, 0xa3, 0x0,
    0x3c, 0x19, 0x80, 0x27, 0xe0, 0xc, 0x5c, 0x9b,
    0x5c, 0xd9, 0x66, 0xfb, 0x8c,

    /* U+FED0 "ﻐ" */
    0x0, 0xff, 0xad, 0x80, 0x3d, 0x2c, 0x1, 0xe2,
    0x0, 0xe2, 0xae, 0xe4, 0x0, 0x7, 0x37, 0x56,
    0xe2, 0x1, 0x8d, 0x0, 0x21, 0xc9, 0x8d, 0x71,
    0x2, 0x64, 0x73, 0xe3, 0x1c, 0x93, 0xc8, 0xad,
    0xc0,

    /* U+FED1 "ﻑ" */
    0x0, 0xff, 0x69, 0x0, 0x7f, 0xf0, 0x24, 0x80,
    0x3f, 0xf8, 0x8, 0x1, 0xff, 0xc0, 0x6e, 0xd2,
    0x0, 0xfe, 0x28, 0xa5, 0xe0, 0x5b, 0x0, 0xf2,
    0x12, 0x41, 0x86, 0x90, 0x7, 0x90, 0xbf, 0xc0,
    0x20, 0x40, 0x1e, 0x2e, 0xe6, 0x0, 0xda, 0x4a,
    0x10, 0x8f, 0x14, 0x98, 0x1e, 0x1c, 0xef, 0x77,
    0x63, 0x78, 0x0,

    /* U+FED2 "ﻒ" */
    0x0, 0xff, 0xe8, 0x53, 0x80, 0x7f, 0xf0, 0xed,
    0x80, 0x3f, 0xf8, 0x62, 0x20, 0xf, 0xfe, 0x12,
    0x77, 0x10, 0x2, 0x49, 0x0, 0xf8, 0xae, 0x26,
    0xc4, 0x0, 0x60, 0x1f, 0x90, 0xd9, 0xc5, 0x40,
    0x1e, 0x60, 0x1f, 0x11, 0x4, 0xc5, 0x80, 0x16,
    0xb0, 0x62, 0x38, 0x9c, 0xbf, 0x11, 0x8c, 0xf,
    0xb, 0xbb, 0xb7, 0x5, 0xde, 0xad, 0x0,

    /* U+FED3 "ﻓ" */
    0x0, 0x35, 0x0, 0x67, 0x90, 0xc, 0x26, 0x1,
    0xab, 0xe0, 0x1, 0x3, 0x6e, 0x60, 0xb0, 0x8a,
    0x80, 0x6c, 0x5, 0xc1, 0x15, 0xef, 0xc2, 0xf9,
    0x2, 0xbd, 0xcd, 0xcd, 0x20,

    /* U+FED4 "ﻔ" */
    0x0, 0xff, 0x17, 0x80, 0x78, 0xb4, 0x3, 0xe2,
    0x0, 0xf5, 0x7d, 0x80, 0x68, 0x6b, 0x79, 0x0,
    0x96, 0x52, 0x50, 0x2, 0x6d, 0xd, 0x60, 0x1,
    0x73, 0xe3, 0xf1, 0x6, 0x59, 0xaa, 0x5e, 0xb8,

    /* U+FED5 "ﻕ" */
    0x0, 0xff, 0xe2, 0xc4, 0xca, 0x0, 0x3e, 0x98,
    0x84, 0x80, 0x7c, 0x23, 0x80, 0x3e, 0x5d, 0xd1,
    0x80, 0x78, 0x6e, 0x2b, 0x80, 0x18, 0x20, 0x4,
    0x35, 0x72, 0x15, 0x11, 0x0, 0x10, 0x3f, 0xc0,
    0x7a, 0xe0, 0x10, 0xef, 0x60, 0x1f, 0xb8, 0x7,
    0xc, 0x98, 0xa9, 0x51, 0x80, 0xa5, 0xaf, 0x81,
    0x5b, 0x67, 0xf5, 0x86, 0x98, 0x1, 0x33, 0xb7,
    0xbe, 0xc8, 0x0,

    /* U+FED6 "ﻖ" */
    0x0, 0xff, 0xe3, 0xc4, 0xd4, 0x0, 0x7f, 0x4c,
    0x5c, 0x80, 0x7f, 0x16, 0x69, 0x80, 0x7f, 0x6c,
    0x2f, 0x80, 0x63, 0x0, 0x90, 0x96, 0x8, 0x40,
    0x5, 0x82, 0x0, 0x12, 0x33, 0x2, 0x8, 0x29,
    0x88, 0x1, 0x5f, 0x74, 0x15, 0x81, 0xec, 0x1,
    0xa7, 0xb4, 0x3f, 0x43, 0xdc, 0x3, 0xd0, 0xa0,
    0x13, 0x15, 0x18, 0x0, 0xed, 0x2c, 0x2, 0x1c,
    0x6c, 0xff, 0x69, 0x78, 0x80, 0x63, 0xce, 0xde,
    0xe4, 0x88, 0x6,

    /* U+FED7 "ﻗ" */
    0x5, 0xb6, 0x90, 0x2, 0x43, 0xd8, 0x0, 0x4c,
    0x48, 0x2, 0xaf, 0x80, 0x4, 0xd, 0xb9, 0x82,
    0xc2, 0x2a, 0x1, 0xb0, 0x17, 0x4, 0x57, 0xbf,
    0xb, 0xe4, 0xa, 0xf7, 0x37, 0x34, 0x80,

    /* U+FED8 "ﻘ" */
    0x0, 0xfe, 0x1f, 0x3f, 0x0, 0xc3, 0xa7, 0xa0,
    0x1c, 0x40, 0x40, 0x1d, 0x5f, 0x60, 0x1a, 0x1a,
    0xde, 0x40, 0x25, 0x94, 0x94, 0x0, 0x9b, 0x43,
    0x58, 0x0, 0x5c, 0xf8, 0xfc, 0x41, 0x96, 0x6a,
    0x97, 0xae,

    /* U+FED9 "ﻙ" */
    0x0, 0xff, 0x71, 0x80, 0x7f, 0x8d, 0xc0, 0x3c,
    0x86, 0x1, 0x8, 0x7, 0x2c, 0x8, 0x0, 0x40,
    0x3e, 0x72, 0x0, 0x8d, 0x24, 0x2, 0x77, 0x20,
    0x1, 0xc4, 0xc0, 0x37, 0x52, 0x0, 0x4, 0x3c,
    0x80, 0x2c, 0x60, 0x9, 0x86, 0xd2, 0x54, 0xc8,
    0x86, 0xb2, 0x68, 0x78, 0x71, 0x9b, 0xb4, 0x8e,
    0x90,

    /* U+FEDA "ﻚ" */
    0x0, 0xff, 0x71, 0x80, 0x7f, 0xf0, 0xd, 0xc0,
    0x3f, 0x19, 0x0, 0x42, 0x1, 0xf2, 0x70, 0x80,
    0x4, 0x3, 0xf1, 0x39, 0x80, 0x46, 0x0, 0x38,
    0x0, 0x99, 0x88, 0x0, 0x71, 0x0, 0x21, 0x0,
    0x5c, 0xa8, 0x0, 0x10, 0xb, 0xc0, 0x37, 0x48,
    0x4, 0xde, 0x0, 0xb5, 0x95, 0x32, 0x21, 0xad,
    0x1b, 0x20, 0x1e, 0x1c, 0x66, 0xed, 0x7, 0x93,
    0x6e,

    /* U+FEDB "ﻛ" */
    0x0, 0xcf, 0x20, 0x7, 0xeb, 0xd2, 0xdb, 0xac,
    0x4a, 0xc, 0x40, 0x4, 0x8d, 0x80, 0x43, 0x81,
    0x60, 0x1a, 0xdd, 0xc0, 0x1a, 0x28, 0x4, 0x8f,
    0x44, 0x3b, 0x74, 0x5c, 0x0,

    /* U+FEDC "ﻜ" */
    0x0, 0x85, 0xe4, 0x3, 0x3f, 0xde, 0x80, 0xb,
    0x6e, 0xb1, 0x0, 0x14, 0xd8, 0x80, 0x1a, 0x96,
    0x40, 0x38, 0xbd, 0x24, 0x3, 0x87, 0x1d, 0x80,
    0x38, 0x6e, 0x44, 0x0, 0x24, 0x78, 0x18, 0x83,
    0xdb, 0xa3, 0xe5, 0xab,

    /* U+FEDD "ﻝ" */
    0x0, 0xfa, 0x64, 0x1, 0xf0, 0x98, 0x7, 0xde,
    0x1, 0xfc, 0x20, 0x1f, 0x8, 0x7, 0xf3, 0x80,
    0x7c, 0x60, 0x5, 0x0, 0xf9, 0x60, 0x3, 0xcf,
    0xa8, 0x1, 0xc4, 0x20, 0x40, 0x1d, 0x79, 0x49,
    0x2, 0x5, 0x22, 0xc5, 0x89, 0xdf, 0xa5, 0xe0,
    0x3, 0xce, 0xdf, 0xb2, 0x0,

    /* U+FEDE "ﻞ" */
    0x0, 0xfa, 0x64, 0x1, 0xfc, 0x26, 0x1, 0xfd,
    0xe0, 0x1f, 0xf0, 0x80, 0x7f, 0x8, 0x7, 0xfc,
    0xe0, 0x1f, 0xc6, 0x1, 0x94, 0x3, 0x84, 0x40,
    0x5, 0x80, 0xf, 0x13, 0x8e, 0xa0, 0x7, 0x8,
    0xab, 0x40, 0x80, 0x3b, 0x9b, 0x72, 0x92, 0x4,
    0xa, 0x56, 0x40, 0x5, 0x6b, 0xdf, 0xa5, 0x82,
    0x1, 0x26, 0xf6, 0xfd, 0x90, 0x4,

    /* U+FEDF "ﻟ" */
    0x9, 0x80, 0xc, 0x22, 0xf, 0x30, 0xc, 0x22,
    0x0, 0x38, 0x18, 0x17, 0xb6, 0x34, 0x0,

    /* U+FEE0 "ﻠ" */
    0x9, 0x90, 0x4, 0x20, 0x1c, 0x60, 0x17, 0x80,
    0x70, 0x80, 0x42, 0x1, 0xce, 0x1, 0x18, 0x80,
    0xb, 0xc9, 0x87, 0x1a, 0xa2, 0x80,

    /* U+FEE1 "ﻡ" */
    0x1, 0xae, 0xd2, 0x0, 0x51, 0xea, 0xf8, 0x2,
    0x64, 0x70, 0x64, 0x9, 0xbf, 0xc2, 0x6d, 0x10,
    0xca, 0x91, 0xc9, 0x53, 0x46, 0x0, 0xfc, 0x5e,
    0x1, 0xd9, 0xc0, 0x1c,

    /* U+FEE2 "ﻢ" */
    0x0, 0xff, 0x8a, 0xbe, 0x40, 0x31, 0xe1, 0xdb,
    0x10, 0x5, 0xa7, 0x28, 0xd4, 0x0, 0x85, 0x1c,
    0x41, 0x74, 0x4, 0xec, 0x5a, 0x66, 0x53, 0x8,
    0x82, 0x7b, 0x93, 0xcc, 0x24, 0x1, 0xf2, 0xf0,
    0x7, 0xdb, 0xc0, 0x1f, 0x0,

    /* U+FEE3 "ﻣ" */
    0x0, 0x16, 0x73, 0x0, 0x5c, 0x97, 0x24, 0x8,
    0x30, 0xac, 0xa5, 0x22, 0x82, 0x43, 0x8b, 0x53,
    0xc0, 0xc0,

    /* U+FEE4 "ﻤ" */
    0x0, 0xd, 0xf3, 0x0, 0x76, 0x9d, 0xc9, 0x0,
    0x4c, 0x50, 0xad, 0x60, 0x3, 0x80, 0xb3, 0x16,
    0x50, 0xd9, 0xf1, 0xc5, 0x8b, 0xa0,

    /* U+FEE5 "ﻥ" */
    0x0, 0xff, 0xe0, 0xf1, 0x80, 0x7d, 0x86, 0x1,
    0xf1, 0x0, 0x14, 0x3, 0xf5, 0xa0, 0x30, 0x7,
    0x3f, 0x2d, 0x0, 0x76, 0x3e, 0xa8, 0x7, 0x8,
    0x80, 0x80, 0x3b, 0x56, 0x92, 0x8, 0x6, 0x1a,
    0xca, 0xd7, 0x7f, 0x93, 0x8, 0x13, 0x7b, 0x7f,
    0xc, 0x0,

    /* U+FEE6 "ﻦ" */
    0x0, 0xff, 0xe1, 0xf1, 0x80, 0x7f, 0x61, 0x80,
    0x7f, 0x10, 0x7, 0xff, 0x6, 0xd8, 0x2, 0x50,
    0xe, 0x2c, 0x0, 0x2c, 0x80, 0x77, 0xaa, 0x87,
    0x54, 0x3, 0x88, 0x23, 0x40, 0x80, 0x38, 0xd7,
    0x72, 0x91, 0xc4, 0x5, 0xa2, 0x40, 0x5, 0x75,
    0xdf, 0xd7, 0x63, 0x0, 0x93, 0x7b, 0x7b, 0x50,
    0x2,

    /* U+FEE7 "ﻧ" */
    0x0, 0xec, 0x50, 0x7, 0x28, 0x0, 0xc8, 0x1,
    0x10, 0x0, 0x6a, 0x0, 0x14, 0x40, 0x9c, 0x43,
    0x2b, 0x40,

    /* U+FEE8 "ﻨ" */
    0x0, 0xf9, 0xac, 0x3, 0x34, 0x80, 0x71, 0x80,
    0x77, 0x10, 0x4, 0x40, 0x40, 0x2, 0x80, 0x62,
    0xc, 0x6a, 0xbd, 0x50,

    /* U+FEE9 "ﻩ" */
    0x0, 0x28, 0x7, 0x55, 0x0, 0x28, 0x56, 0x70,
    0x35, 0xad, 0x91, 0xb4, 0x1, 0x22, 0x7a, 0x1a,
    0x91, 0x1d, 0xd9, 0x16, 0x20,

    /* U+FEEA "ﻪ" */
    0x0, 0xd0, 0x1, 0xe2, 0x71, 0x0, 0x8f, 0x34,
    0xc, 0x0, 0x58, 0xb8, 0x2, 0x0, 0xa5, 0x93,
    0x17, 0x0, 0x7b, 0x8, 0x18, 0x80, 0x1e, 0xf7,
    0x3, 0x8c, 0x0, 0xf9, 0x8f, 0x7c, 0x50,

    /* U+FEEB "ﻫ" */
    0x0, 0x8, 0x7, 0xdb, 0x40, 0x1c, 0x42, 0xb8,
    0x20, 0x14, 0xd7, 0x1e, 0x8, 0x1, 0x90, 0x48,
    0x74, 0x0, 0xf4, 0x87, 0xa4, 0x85, 0xad, 0x6c,
    0x40, 0x39, 0x4e, 0xe6, 0xc5, 0x50,

    /* U+FEEC "ﻬ" */
    0x0, 0x16, 0x71, 0x0, 0x6f, 0x44, 0x40, 0x4,
    0xa1, 0x18, 0x20, 0x16, 0x50, 0x66, 0x0, 0x2,
    0xbd, 0x4a, 0x44, 0xf, 0x35, 0x33, 0x56, 0xd7,
    0x25, 0xce, 0x26, 0x50, 0x74, 0x98, 0x3b, 0x0,
    0x15, 0xb3, 0xc1, 0x40, 0x28, 0xfe, 0xc0, 0x0,

    /* U+FEED "ﻭ" */
    0x1, 0xce, 0x60, 0x5, 0xad, 0xc8, 0x82, 0xc2,
    0x9a, 0x0, 0x10, 0x9c, 0x82, 0x2f, 0x50, 0x41,
    0xfb, 0x1, 0xc0, 0xe3, 0x20, 0x57, 0xe, 0xdc,
    0x17, 0xed, 0x0, 0x0,

    /* U+FEEE "ﻮ" */
    0x1, 0xce, 0x60, 0xd, 0x4b, 0x72, 0x20, 0x12,
    0x42, 0x9a, 0x0, 0x67, 0x26, 0xd2, 0x0, 0x4c,
    0x6a, 0xbe, 0x90, 0x37, 0x68, 0x77, 0x90, 0x13,
    0xe4, 0x8, 0x1, 0x76, 0xe9, 0xc0, 0x25, 0xfc,
    0x40, 0xc,

    /* U+FEEF "ﻯ" */
    0x0, 0xf0, 0xd7, 0x69, 0x80, 0x7b, 0x3, 0x64,
    0xc0, 0x39, 0xdd, 0x46, 0x80, 0x6, 0x0, 0xb9,
    0x84, 0x2, 0x5a, 0x0, 0xa1, 0xfa, 0x84, 0x35,
    0x40, 0x21, 0xbd, 0x1d, 0xf, 0x20, 0xe, 0x21,
    0x60, 0x54, 0x82, 0x1, 0x3a, 0x4b, 0x2, 0xb5,
    0xdf, 0xed, 0x2f, 0x10, 0x2, 0x6f, 0x6f, 0x72,
    0x4, 0x0,

    /* U+FEF0 "ﻰ" */
    0x5, 0x0, 0xfe, 0x58, 0x0, 0xc7, 0xd2, 0x83,
    0xa8, 0x1, 0x8e, 0xd6, 0xf3, 0xc8, 0x3, 0x96,
    0x4f, 0x55, 0x20, 0x80, 0x4, 0xf7, 0x20, 0x58,
    0x9b, 0xfe, 0xdc, 0xd5, 0x0, 0x1e, 0x7e, 0xf7,
    0xd9, 0x80, 0x0,

    /* U+FEF1 "ﻱ" */
    0x0, 0xf0, 0xd7, 0xe9, 0x80, 0x7b, 0x3, 0x20,
    0xc0, 0x3a, 0x1a, 0x8d, 0x40, 0xa, 0x1, 0x8,
    0x8, 0x4, 0xb2, 0x1, 0x40, 0x74, 0x88, 0x6a,
    0x80, 0x43, 0x7a, 0x5a, 0x1e, 0x40, 0x1c, 0x42,
    0xc0, 0xa9, 0x4, 0x2, 0x74, 0x96, 0x5, 0x69,
    0xbf, 0xda, 0x5e, 0x20, 0x4, 0xce, 0xde, 0xe4,
    0x8, 0x7, 0x7b, 0x71, 0x0, 0x7d, 0x89, 0xa4,
    0x1, 0x80,

    /* U+FEF2 "ﻲ" */
    0x0, 0xff, 0xe0, 0x1e, 0x80, 0x61, 0x10, 0x6,
    0x47, 0x0, 0xcf, 0xea, 0x1, 0x78, 0x7, 0x36,
    0xde, 0x20, 0xda, 0xc1, 0x0, 0x5, 0x45, 0xea,
    0xce, 0xd3, 0x7f, 0xdd, 0x54, 0xbe, 0xa0, 0x4c,
    0xed, 0xd7, 0xe2, 0x80, 0x7b, 0xdb, 0x48, 0x3,
    0xf6, 0x26, 0x90, 0x7, 0x0,

    /* U+FEF3 "ﻳ" */
    0x0, 0x13, 0x80, 0x43, 0x0, 0x11, 0x89, 0x80,
    0x4a, 0xe0, 0x48, 0xac, 0x19, 0x36, 0x41, 0xda,
    0xa0, 0xe, 0x4f, 0x20, 0xc4, 0xd2,

    /* U+FEF4 "ﻴ" */
    0x0, 0xfd, 0x4c, 0x1, 0x9c, 0x80, 0x4, 0xe5,
    0xa4, 0x39, 0x52, 0xbb, 0xae, 0xd6, 0xcf, 0xc0,
    0xf3, 0xf1, 0x0, 0x69, 0xe8, 0x80,

    /* U+FEF5 "ﻵ" */
    0x0, 0xfe, 0x4d, 0xa0, 0x40, 0xa8, 0x7, 0xce,
    0xd3, 0x3, 0x10, 0x30, 0x3d, 0x70, 0x13, 0x0,
    0xaf, 0x8, 0x4, 0x80, 0x3, 0x97, 0x8a, 0x5c,
    0x1, 0x9f, 0x6d, 0x1c, 0x3, 0x8d, 0x41, 0x80,
    0x3a, 0x9f, 0x64, 0x40, 0x3, 0x8d, 0xe2, 0x23,
    0x0, 0x39, 0x9b, 0x35, 0xc8,

    /* U+FEF6 "ﻶ" */
    0x3d, 0xed, 0xa0, 0xa7, 0x0, 0x8f, 0x7f, 0x68,
    0x1, 0xe0, 0x18, 0xfc, 0xc0, 0x6, 0x20, 0x18,
    0xe7, 0x48, 0x4, 0x3, 0xce, 0xde, 0x0, 0x30,
    0xf, 0x43, 0x50, 0x7, 0xf5, 0x23, 0x8, 0x7,
    0xc3, 0x2, 0xe0, 0x1c, 0x66, 0x78, 0x53, 0x41,
    0x0, 0x1e, 0x62, 0xed, 0x4d, 0x5e, 0x0,

    /* U+FEF7 "ﻷ" */
    0x5b, 0x20, 0xe, 0xeb, 0x20, 0x0, 0x88, 0xf,
    0x68, 0x1, 0x72, 0x19, 0x34, 0x0, 0x21, 0x7,
    0xb5, 0x0, 0xe3, 0xbb, 0x40, 0x8, 0x80, 0x9,
    0x89, 0x69, 0xa0, 0x11, 0x60, 0x12, 0x0, 0x73,
    0xd, 0x80, 0x6b, 0x6f, 0x42, 0x1, 0xc7, 0x92,
    0x10, 0x3, 0x99, 0xb7, 0x4e, 0x40,

    /* U+FEF8 "ﻸ" */
    0x4b, 0x20, 0xf, 0xbe, 0xc8, 0x3, 0xec, 0xa8,
    0x0, 0x53, 0x80, 0x6c, 0x90, 0xb, 0xc0, 0x25,
    0xf1, 0x0, 0x18, 0x80, 0x44, 0xb4, 0x0, 0x10,
    0xe, 0xc6, 0xa0, 0x1, 0x80, 0x76, 0xbb, 0x80,
    0x3e, 0x1f, 0x95, 0x10, 0xf, 0x14, 0x13, 0x80,
    0x63, 0x33, 0x42, 0x9a, 0x8, 0x1e, 0x62, 0xae,
    0x9a, 0xbc, 0x0,

    /* U+FEF9 "ﻹ" */
    0x0, 0xe9, 0x80, 0xf, 0x84, 0xf, 0x4c, 0x0,
    0x26, 0x7, 0x58, 0xc0, 0x24, 0x0, 0x7c, 0x89,
    0x4d, 0x0, 0x8f, 0xd4, 0x90, 0x3, 0x8, 0xc,
    0x0, 0x6b, 0x7f, 0x71, 0x1, 0xc7, 0x92, 0x13,
    0x7, 0x33, 0x6e, 0x9c, 0x81, 0xbf, 0xee, 0x80,
    0x3, 0x50, 0x7, 0xb6, 0x80, 0x3c, 0x38, 0xa0,
    0x1d, 0x58, 0xa0, 0x18,

    /* U+FEFA "ﻺ" */
    0x0, 0xea, 0x70, 0xf, 0xef, 0x0, 0x8a, 0x40,
    0x23, 0x10, 0x8, 0x96, 0x80, 0x2, 0x1, 0xd8,
    0xd4, 0x0, 0x30, 0xe, 0xd7, 0x70, 0x7, 0xc3,
    0xf2, 0xa2, 0x1, 0xe2, 0x82, 0x70, 0xc, 0x66,
    0x68, 0x53, 0x41, 0x3, 0xcc, 0x55, 0xd3, 0x57,
    0x81, 0xff, 0xb1, 0x42, 0x7b, 0x80, 0x6, 0xa0,
    0xf, 0xdb, 0x40, 0x1f, 0x87, 0x14, 0x3, 0xea,
    0xc5, 0x0, 0xf0,

    /* U+FEFB "ﻻ" */
    0x0, 0xe9, 0x80, 0xf, 0x84, 0xf, 0x4c, 0x0,
    0x26, 0x7, 0x58, 0xc0, 0x24, 0x0, 0x7c, 0x89,
    0x4d, 0x0, 0x8f, 0xd4, 0x90, 0x3, 0x8, 0xc,
    0x0, 0x6b, 0x7f, 0x71, 0x1, 0xc7, 0x92, 0x13,
    0x7, 0x33, 0x6e, 0x9c, 0x80,

    /* U+FEFC "ﻼ" */
    0x0, 0xea, 0x70, 0xf, 0xef, 0x0, 0x8a, 0x40,
    0x23, 0x10, 0x8, 0x96, 0x80, 0x2, 0x1, 0xd8,
    0xd4, 0x0, 0x30, 0xe, 0xd7, 0x70, 0x7, 0xc3,
    0xf2, 0xa2, 0x1, 0xe2, 0x82, 0x70, 0xc, 0x66,
    0x68, 0x53, 0x41, 0x3, 0xcc, 0x55, 0xd3, 0x57,
    0x80
};


/*---------------------
 *  GLYPH DESCRIPTION
 *--------------------*/

static const lv_font_fmt_txt_glyph_dsc_t glyph_dsc[] = {
    {.bitmap_index = 0, .adv_w = 0, .box_w = 0, .box_h = 0, .ofs_x = 0, .ofs_y = 0} /* id = 0 reserved */,
    {.bitmap_index = 0, .adv_w = 128, .box_w = 8, .box_h = 10, .ofs_x = 0, .ofs_y = 0},
    {.bitmap_index = 33, .adv_w = 128, .box_w = 8, .box_h = 10, .ofs_x = 0, .ofs_y = 0},
    {.bitmap_index = 72, .adv_w = 115, .box_w = 7, .box_h = 11, .ofs_x = 0, .ofs_y = 0},
    {.bitmap_index = 111, .adv_w = 186, .box_w = 11, .box_h = 11, .ofs_x = 0, .ofs_y = 0},
    {.bitmap_index = 169, .adv_w = 186, .box_w = 11, .box_h = 11, .ofs_x = 0, .ofs_y = 0},
    {.bitmap_index = 228, .adv_w = 96, .box_w = 6, .box_h = 5, .ofs_x = 0, .ofs_y = 6},
    {.bitmap_index = 244, .adv_w = 128, .box_w = 8, .box_h = 9, .ofs_x = 0, .ofs_y = 0},
    {.bitmap_index = 272, .adv_w = 60, .box_w = 2, .box_h = 2, .ofs_x = 1, .ofs_y = 4},
    {.bitmap_index = 275, .adv_w = 167, .box_w = 11, .box_h = 11, .ofs_x = 0, .ofs_y = 0},
    {.bitmap_index = 328, .adv_w = 173, .box_w = 11, .box_h = 11, .ofs_x = 0, .ofs_y = 0},
    {.bitmap_index = 384, .adv_w = 175, .box_w = 11, .box_h = 11, .ofs_x = 0, .ofs_y = 0},
    {.bitmap_index = 442, .adv_w = 164, .box_w = 12, .box_h = 14, .ofs_x = -1, .ofs_y = 0},
    {.bitmap_index = 503, .adv_w = 164, .box_w = 12, .box_h = 14, .ofs_x = -1, .ofs_y = 0},
    {.bitmap_index = 564, .adv_w = 164, .box_w = 12, .box_h = 14, .ofs_x = -1, .ofs_y = 0},
    {.bitmap_index = 628, .adv_w = 164, .box_w = 12, .box_h = 13, .ofs_x = -1, .ofs_y = 0},
    {.bitmap_index = 689, .adv_w = 164, .box_w = 12, .box_h = 13, .ofs_x = -1, .ofs_y = 0},
    {.bitmap_index = 748, .adv_w = 164, .box_w = 12, .box_h = 15, .ofs_x = -1, .ofs_y = 0},
    {.bitmap_index = 812, .adv_w = 235, .box_w = 15, .box_h = 10, .ofs_x = -1, .ofs_y = 0},
    {.bitmap_index = 869, .adv_w = 162, .box_w = 10, .box_h = 13, .ofs_x = 0, .ofs_y = -3},
    {.bitmap_index = 923, .adv_w = 150, .box_w = 8, .box_h = 14, .ofs_x = 1, .ofs_y = 0},
    {.bitmap_index = 962, .adv_w = 150, .box_w = 8, .box_h = 14, .ofs_x = 1, .ofs_y = 0},
    {.bitmap_index = 1002, .adv_w = 150, .box_w = 8, .box_h = 14, .ofs_x = 1, .ofs_y = 0},
    {.bitmap_index = 1044, .adv_w = 150, .box_w = 8, .box_h = 13, .ofs_x = 1, .ofs_y = 0},
    {.bitmap_index = 1082, .adv_w = 69, .box_w = 5, .box_h = 14, .ofs_x = -1, .ofs_y = 0},
    {.bitmap_index = 1097, .adv_w = 69, .box_w = 4, .box_h = 14, .ofs_x = 1, .ofs_y = 0},
    {.bitmap_index = 1110, .adv_w = 69, .box_w = 6, .box_h = 14, .ofs_x = -1, .ofs_y = 0},
    {.bitmap_index = 1128, .adv_w = 69, .box_w = 5, .box_h = 13, .ofs_x = 0, .ofs_y = 0},
    {.bitmap_index = 1141, .adv_w = 187, .box_w = 11, .box_h = 10, .ofs_x = 0, .ofs_y = 0},
    {.bitmap_index = 1187, .adv_w = 182, .box_w = 9, .box_h = 13, .ofs_x = 1, .ofs_y = 0},
    {.bitmap_index = 1233, .adv_w = 188, .box_w = 12, .box_h = 14, .ofs_x = 0, .ofs_y = 0},
    {.bitmap_index = 1299, .adv_w = 188, .box_w = 12, .box_h = 14, .ofs_x = 0, .ofs_y = 0},
    {.bitmap_index = 1365, .adv_w = 188, .box_w = 12, .box_h = 14, .ofs_x = 0, .ofs_y = 0},
    {.bitmap_index = 1434, .adv_w = 188, .box_w = 12, .box_h = 13, .ofs_x = 0, .ofs_y = 0},
    {.bitmap_index = 1500, .adv_w = 188, .box_w = 12, .box_h = 13, .ofs_x = 0, .ofs_y = 0},
    {.bitmap_index = 1564, .adv_w = 128, .box_w = 8, .box_h = 8, .ofs_x = 0, .ofs_y = 1},
    {.bitmap_index = 1596, .adv_w = 188, .box_w = 12, .box_h = 13, .ofs_x = 0, .ofs_y = -1},
    {.bitmap_index = 1666, .adv_w = 177, .box_w = 9, .box_h = 14, .ofs_x = 1, .ofs_y = 0},
    {.bitmap_index = 1703, .adv_w = 177, .box_w = 9, .box_h = 14, .ofs_x = 1, .ofs_y = 0},
    {.bitmap_index = 1740, .adv_w = 177, .box_w = 9, .box_h = 14, .ofs_x = 1, .ofs_y = 0},
    {.bitmap_index = 1780, .adv_w = 177, .box_w = 9, .box_h = 13, .ofs_x = 1, .ofs_y = 0},
    {.bitmap_index = 1817, .adv_w = 145, .box_w = 11, .box_h = 14, .ofs_x = -1, .ofs_y = 0},
    {.bitmap_index = 1869, .adv_w = 162, .box_w = 9, .box_h = 10, .ofs_x = 1, .ofs_y = 0},
    {.bitmap_index = 1908, .adv_w = 151, .box_w = 8, .box_h = 11, .ofs_x = 1, .ofs_y = 0},
    {.bitmap_index = 1945, .adv_w = 134, .box_w = 8, .box_h = 11, .ofs_x = 0, .ofs_y = 0},
    {.bitmap_index = 1987, .adv_w = 134, .box_w = 8, .box_h = 11, .ofs_x = 0, .ofs_y = 0},
    {.bitmap_index = 2030, .adv_w = 134, .box_w = 8, .box_h = 11, .ofs_x = 0, .ofs_y = 0},
    {.bitmap_index = 2075, .adv_w = 134, .box_w = 8, .box_h = 11, .ofs_x = 0, .ofs_y = 0},
    {.bitmap_index = 2120, .adv_w = 134, .box_w = 8, .box_h = 11, .ofs_x = 0, .ofs_y = 0},
    {.bitmap_index = 2164, .adv_w = 134, .box_w = 8, .box_h = 12, .ofs_x = 0, .ofs_y = 0},
    {.bitmap_index = 2211, .adv_w = 222, .box_w = 14, .box_h = 8, .ofs_x = 0, .ofs_y = 0},
    {.bitmap_index = 2266, .adv_w = 128, .box_w = 8, .box_h = 11, .ofs_x = 0, .ofs_y = -3},
    {.bitmap_index = 2307, .adv_w = 137, .box_w = 8, .box_h = 11, .ofs_x = 0, .ofs_y = 0},
    {.bitmap_index = 2348, .adv_w = 137, .box_w = 8, .box_h = 11, .ofs_x = 0, .ofs_y = 0},
    {.bitmap_index = 2390, .adv_w = 137, .box_w = 8, .box_h = 11, .ofs_x = 0, .ofs_y = 0},
    {.bitmap_index = 2433, .adv_w = 137, .box_w = 8, .box_h = 11, .ofs_x = 0, .ofs_y = 0},
    {.bitmap_index = 2477, .adv_w = 62, .box_w = 4, .box_h = 11, .ofs_x = -1, .ofs_y = 0},
    {.bitmap_index = 2489, .adv_w = 62, .box_w = 5, .box_h = 11, .ofs_x = 0, .ofs_y = 0},
    {.bitmap_index = 2502, .adv_w = 62, .box_w = 6, .box_h = 11, .ofs_x = -1, .ofs_y = 0},
    {.bitmap_index = 2517, .adv_w = 62, .box_w = 4, .box_h = 11, .ofs_x = 0, .ofs_y = 0},
    {.bitmap_index = 2528, .adv_w = 143, .box_w = 9, .box_h = 11, .ofs_x = 0, .ofs_y = 0},
    {.bitmap_index = 2578, .adv_w = 153, .box_w = 8, .box_h = 11, .ofs_x = 1, .ofs_y = 0},
    {.bitmap_index = 2613, .adv_w = 142, .box_w = 9, .box_h = 11, .ofs_x = 0, .ofs_y = 0},
    {.bitmap_index = 2657, .adv_w = 142, .box_w = 9, .box_h = 11, .ofs_x = 0, .ofs_y = 0},
    {.bitmap_index = 2701, .adv_w = 142, .box_w = 9, .box_h = 11, .ofs_x = 0, .ofs_y = 0},
    {.bitmap_index = 2746, .adv_w = 142, .box_w = 9, .box_h = 11, .ofs_x = 0, .ofs_y = 0},
    {.bitmap_index = 2792, .adv_w = 142, .box_w = 9, .box_h = 11, .ofs_x = 0, .ofs_y = 0},
    {.bitmap_index = 2838, .adv_w = 128, .box_w = 8, .box_h = 7, .ofs_x = 0, .ofs_y = 2},
    {.bitmap_index = 2861, .adv_w = 142, .box_w = 9, .box_h = 10, .ofs_x = 0, .ofs_y = -1},
    {.bitmap_index = 2905, .adv_w = 152, .box_w = 8, .box_h = 11, .ofs_x = 1, .ofs_y = 0},
    {.bitmap_index = 2938, .adv_w = 152, .box_w = 8, .box_h = 11, .ofs_x = 1, .ofs_y = 0},
    {.bitmap_index = 2970, .adv_w = 152, .box_w = 8, .box_h = 11, .ofs_x = 1, .ofs_y = 0},
    {.bitmap_index = 3004, .adv_w = 152, .box_w = 8, .box_h = 11, .ofs_x = 1, .ofs_y = 0},
    {.bitmap_index = 3039, .adv_w = 125, .box_w = 9, .box_h = 14, .ofs_x = -1, .ofs_y = -3},
    {.bitmap_index = 3092, .adv_w = 153, .box_w = 8, .box_h = 14, .ofs_x = 1, .ofs_y = -3},
    {.bitmap_index = 3132, .adv_w = 125, .box_w = 9, .box_h = 14, .ofs_x = -1, .ofs_y = -3},
    {.bitmap_index = 3188, .adv_w = 164, .box_w = 12, .box_h = 13, .ofs_x = -1, .ofs_y = 0},
    {.bitmap_index = 3245, .adv_w = 134, .box_w = 8, .box_h = 10, .ofs_x = 0, .ofs_y = 0},
    {.bitmap_index = 3285, .adv_w = 164, .box_w = 12, .box_h = 14, .ofs_x = -1, .ofs_y = 0},
    {.bitmap_index = 3349, .adv_w = 134, .box_w = 8, .box_h = 11, .ofs_x = 0, .ofs_y = 0},
    {.bitmap_index = 3394, .adv_w = 164, .box_w = 12, .box_h = 13, .ofs_x = -1, .ofs_y = -3},
    {.bitmap_index = 3454, .adv_w = 134, .box_w = 8, .box_h = 11, .ofs_x = 0, .ofs_y = -3},
    {.bitmap_index = 3497, .adv_w = 162, .box_w = 10, .box_h = 14, .ofs_x = 0, .ofs_y = 0},
    {.bitmap_index = 3552, .adv_w = 128, .box_w = 8, .box_h = 11, .ofs_x = 0, .ofs_y = 0},
    {.bitmap_index = 3591, .adv_w = 162, .box_w = 10, .box_h = 14, .ofs_x = 0, .ofs_y = 0},
    {.bitmap_index = 3648, .adv_w = 128, .box_w = 8, .box_h = 11, .ofs_x = 0, .ofs_y = 0},
    {.bitmap_index = 3689, .adv_w = 162, .box_w = 10, .box_h = 14, .ofs_x = 0, .ofs_y = 0},
    {.bitmap_index = 3741, .adv_w = 128, .box_w = 8, .box_h = 11, .ofs_x = 0, .ofs_y = 0},
    {.bitmap_index = 3779, .adv_w = 162, .box_w = 10, .box_h = 14, .ofs_x = 0, .ofs_y = 0},
    {.bitmap_index = 3836, .adv_w = 128, .box_w = 8, .box_h = 11, .ofs_x = 0, .ofs_y = 0},
    {.bitmap_index = 3876, .adv_w = 185, .box_w = 10, .box_h = 14, .ofs_x = 1, .ofs_y = 0},
    {.bitmap_index = 3929, .adv_w = 153, .box_w = 11, .box_h = 12, .ofs_x = 0, .ofs_y = 0},
    {.bitmap_index = 3978, .adv_w = 187, .box_w = 11, .box_h = 10, .ofs_x = 0, .ofs_y = 0},
    {.bitmap_index = 4024, .adv_w = 153, .box_w = 10, .box_h = 11, .ofs_x = 0, .ofs_y = 0},
    {.bitmap_index = 4072, .adv_w = 150, .box_w = 8, .box_h = 13, .ofs_x = 1, .ofs_y = 0},
    {.bitmap_index = 4107, .adv_w = 137, .box_w = 8, .box_h = 10, .ofs_x = 0, .ofs_y = 0},
    {.bitmap_index = 4146, .adv_w = 150, .box_w = 8, .box_h = 14, .ofs_x = 1, .ofs_y = 0},
    {.bitmap_index = 4189, .adv_w = 137, .box_w = 8, .box_h = 11, .ofs_x = 0, .ofs_y = 0},
    {.bitmap_index = 4232, .adv_w = 150, .box_w = 8, .box_h = 13, .ofs_x = 1, .ofs_y = 0},
    {.bitmap_index = 4268, .adv_w = 137, .box_w = 8, .box_h = 11, .ofs_x = 0, .ofs_y = 0},
    {.bitmap_index = 4308, .adv_w = 150, .box_w = 8, .box_h = 13, .ofs_x = 1, .ofs_y = -3},
    {.bitmap_index = 4345, .adv_w = 137, .box_w = 8, .box_h = 11, .ofs_x = 0, .ofs_y = -3},
    {.bitmap_index = 4387, .adv_w = 150, .box_w = 8, .box_h = 14, .ofs_x = 1, .ofs_y = 0},
    {.bitmap_index = 4429, .adv_w = 137, .box_w = 8, .box_h = 11, .ofs_x = 0, .ofs_y = 0},
    {.bitmap_index = 4472, .adv_w = 173, .box_w = 10, .box_h = 14, .ofs_x = 0, .ofs_y = 0},
    {.bitmap_index = 4529, .adv_w = 155, .box_w = 9, .box_h = 14, .ofs_x = 0, .ofs_y = -3},
    {.bitmap_index = 4586, .adv_w = 173, .box_w = 10, .box_h = 14, .ofs_x = 0, .ofs_y = 0},
    {.bitmap_index = 4644, .adv_w = 155, .box_w = 9, .box_h = 14, .ofs_x = 0, .ofs_y = -3},
    {.bitmap_index = 4701, .adv_w = 173, .box_w = 10, .box_h = 14, .ofs_x = 0, .ofs_y = 0},
    {.bitmap_index = 4753, .adv_w = 155, .box_w = 9, .box_h = 14, .ofs_x = 0, .ofs_y = -3},
    {.bitmap_index = 4808, .adv_w = 173, .box_w = 10, .box_h = 14, .ofs_x = 0, .ofs_y = -4},
    {.bitmap_index = 4864, .adv_w = 155, .box_w = 9, .box_h = 15, .ofs_x = 0, .ofs_y = -3},
    {.bitmap_index = 4921, .adv_w = 182, .box_w = 9, .box_h = 14, .ofs_x = 1, .ofs_y = 0},
    {.bitmap_index = 4956, .adv_w = 153, .box_w = 10, .box_h = 14, .ofs_x = -1, .ofs_y = 0},
    {.bitmap_index = 4996, .adv_w = 185, .box_w = 12, .box_h = 10, .ofs_x = 0, .ofs_y = 0},
    {.bitmap_index = 5030, .adv_w = 153, .box_w = 9, .box_h = 11, .ofs_x = 0, .ofs_y = 0},
    {.bitmap_index = 5065, .adv_w = 69, .box_w = 6, .box_h = 13, .ofs_x = -1, .ofs_y = 0},
    {.bitmap_index = 5080, .adv_w = 62, .box_w = 5, .box_h = 11, .ofs_x = -1, .ofs_y = 0},
    {.bitmap_index = 5093, .adv_w = 69, .box_w = 5, .box_h = 13, .ofs_x = 0, .ofs_y = 0},
    {.bitmap_index = 5103, .adv_w = 62, .box_w = 4, .box_h = 10, .ofs_x = 0, .ofs_y = 0},
    {.bitmap_index = 5112, .adv_w = 69, .box_w = 6, .box_h = 14, .ofs_x = -1, .ofs_y = 0},
    {.bitmap_index = 5130, .adv_w = 62, .box_w = 4, .box_h = 11, .ofs_x = 0, .ofs_y = 0},
    {.bitmap_index = 5141, .adv_w = 69, .box_w = 3, .box_h = 13, .ofs_x = 1, .ofs_y = -3},
    {.bitmap_index = 5151, .adv_w = 62, .box_w = 4, .box_h = 14, .ofs_x = 0, .ofs_y = -3},
    {.bitmap_index = 5170, .adv_w = 69, .box_w = 2, .box_h = 13, .ofs_x = 1, .ofs_y = 0},
    {.bitmap_index = 5178, .adv_w = 62, .box_w = 2, .box_h = 8, .ofs_x = 1, .ofs_y = 0},
    {.bitmap_index = 5183, .adv_w = 161, .box_w = 8, .box_h = 10, .ofs_x = 1, .ofs_y = 0},
    {.bitmap_index = 5208, .adv_w = 126, .box_w = 6, .box_h = 14, .ofs_x = 1, .ofs_y = -3},
    {.bitmap_index = 5232, .adv_w = 115, .box_w = 7, .box_h = 14, .ofs_x = -1, .ofs_y = 0},
    {.bitmap_index = 5268, .adv_w = 64, .box_w = 7, .box_h = 14, .ofs_x = -2, .ofs_y = -3},
    {.bitmap_index = 5292, .adv_w = 161, .box_w = 10, .box_h = 14, .ofs_x = 1, .ofs_y = -4},
    {.bitmap_index = 5344, .adv_w = 138, .box_w = 8, .box_h = 15, .ofs_x = 1, .ofs_y = -4},
    {.bitmap_index = 5388, .adv_w = 136, .box_w = 8, .box_h = 8, .ofs_x = 1, .ofs_y = 0},
    {.bitmap_index = 5418, .adv_w = 133, .box_w = 8, .box_h = 14, .ofs_x = 1, .ofs_y = 0},
    {.bitmap_index = 5440, .adv_w = 62, .box_w = 5, .box_h = 14, .ofs_x = 0, .ofs_y = 0},
    {.bitmap_index = 5452, .adv_w = 133, .box_w = 8, .box_h = 14, .ofs_x = 1, .ofs_y = -4},
    {.bitmap_index = 5473, .adv_w = 62, .box_w = 2, .box_h = 15, .ofs_x = 1, .ofs_y = -4},
    {.bitmap_index = 5482, .adv_w = 133, .box_w = 8, .box_h = 11, .ofs_x = 1, .ofs_y = 0},
    {.bitmap_index = 5502, .adv_w = 62, .box_w = 4, .box_h = 12, .ofs_x = 1, .ofs_y = 0},
    {.bitmap_index = 5514, .adv_w = 133, .box_w = 8, .box_h = 10, .ofs_x = 1, .ofs_y = 0},
    {.bitmap_index = 5533, .adv_w = 78, .box_w = 5, .box_h = 11, .ofs_x = 1, .ofs_y = 0},
    {.bitmap_index = 5546, .adv_w = 135, .box_w = 9, .box_h = 10, .ofs_x = 0, .ofs_y = 0},
    {.bitmap_index = 5574, .adv_w = 66, .box_w = 6, .box_h = 11, .ofs_x = -1, .ofs_y = 0},
    {.bitmap_index = 5595, .adv_w = 182, .box_w = 9, .box_h = 14, .ofs_x = 1, .ofs_y = 0},
    {.bitmap_index = 5641, .adv_w = 153, .box_w = 8, .box_h = 11, .ofs_x = 1, .ofs_y = 0},
    {.bitmap_index = 5672, .adv_w = 182, .box_w = 9, .box_h = 14, .ofs_x = 1, .ofs_y = -4},
    {.bitmap_index = 5718, .adv_w = 153, .box_w = 8, .box_h = 12, .ofs_x = 1, .ofs_y = -4},
    {.bitmap_index = 5752, .adv_w = 182, .box_w = 9, .box_h = 14, .ofs_x = 1, .ofs_y = 0},
    {.bitmap_index = 5801, .adv_w = 153, .box_w = 8, .box_h = 11, .ofs_x = 1, .ofs_y = 0},
    {.bitmap_index = 5834, .adv_w = 172, .box_w = 10, .box_h = 10, .ofs_x = 0, .ofs_y = 0},
    {.bitmap_index = 5866, .adv_w = 182, .box_w = 9, .box_h = 13, .ofs_x = 1, .ofs_y = -3},
    {.bitmap_index = 5911, .adv_w = 153, .box_w = 8, .box_h = 11, .ofs_x = 1, .ofs_y = -3},
    {.bitmap_index = 5944, .adv_w = 188, .box_w = 12, .box_h = 13, .ofs_x = 0, .ofs_y = 0},
    {.bitmap_index = 6006, .adv_w = 142, .box_w = 9, .box_h = 10, .ofs_x = 0, .ofs_y = 0},
    {.bitmap_index = 6047, .adv_w = 188, .box_w = 12, .box_h = 14, .ofs_x = 0, .ofs_y = 0},
    {.bitmap_index = 6116, .adv_w = 142, .box_w = 9, .box_h = 11, .ofs_x = 0, .ofs_y = 0},
    {.bitmap_index = 6162, .adv_w = 188, .box_w = 12, .box_h = 13, .ofs_x = 0, .ofs_y = 0},
    {.bitmap_index = 6227, .adv_w = 142, .box_w = 9, .box_h = 11, .ofs_x = 0, .ofs_y = 0},
    {.bitmap_index = 6273, .adv_w = 252, .box_w = 15, .box_h = 10, .ofs_x = 0, .ofs_y = 0},
    {.bitmap_index = 6330, .adv_w = 239, .box_w = 15, .box_h = 8, .ofs_x = 0, .ofs_y = 0},
    {.bitmap_index = 6387, .adv_w = 163, .box_w = 9, .box_h = 14, .ofs_x = 1, .ofs_y = 0},
    {.bitmap_index = 6440, .adv_w = 92, .box_w = 5, .box_h = 11, .ofs_x = 1, .ofs_y = 0},
    {.bitmap_index = 6462, .adv_w = 163, .box_w = 9, .box_h = 14, .ofs_x = 1, .ofs_y = -4},
    {.bitmap_index = 6514, .adv_w = 92, .box_w = 5, .box_h = 12, .ofs_x = 1, .ofs_y = -4},
    {.bitmap_index = 6537, .adv_w = 163, .box_w = 9, .box_h = 14, .ofs_x = 1, .ofs_y = 0},
    {.bitmap_index = 6591, .adv_w = 92, .box_w = 6, .box_h = 11, .ofs_x = 0, .ofs_y = 0},
    {.bitmap_index = 6617, .adv_w = 139, .box_w = 9, .box_h = 14, .ofs_x = 0, .ofs_y = 0},
    {.bitmap_index = 6673, .adv_w = 112, .box_w = 7, .box_h = 11, .ofs_x = 0, .ofs_y = 0},
    {.bitmap_index = 6711, .adv_w = 139, .box_w = 9, .box_h = 14, .ofs_x = 0, .ofs_y = 0},
    {.bitmap_index = 6769, .adv_w = 112, .box_w = 7, .box_h = 11, .ofs_x = 0, .ofs_y = 0},
    {.bitmap_index = 6808, .adv_w = 139, .box_w = 9, .box_h = 13, .ofs_x = 0, .ofs_y = -3},
    {.bitmap_index = 6863, .adv_w = 112, .box_w = 7, .box_h = 11, .ofs_x = 0, .ofs_y = -3},
    {.bitmap_index = 6901, .adv_w = 139, .box_w = 9, .box_h = 14, .ofs_x = 0, .ofs_y = 0},
    {.bitmap_index = 6959, .adv_w = 112, .box_w = 7, .box_h = 11, .ofs_x = 0, .ofs_y = 0},
    {.bitmap_index = 6998, .adv_w = 131, .box_w = 9, .box_h = 13, .ofs_x = 0, .ofs_y = -3},
    {.bitmap_index = 7023, .adv_w = 93, .box_w = 6, .box_h = 13, .ofs_x = 0, .ofs_y = -3},
    {.bitmap_index = 7053, .adv_w = 131, .box_w = 9, .box_h = 14, .ofs_x = 0, .ofs_y = 0},
    {.bitmap_index = 7082, .adv_w = 93, .box_w = 6, .box_h = 11, .ofs_x = 0, .ofs_y = 0},
    {.bitmap_index = 7108, .adv_w = 131, .box_w = 9, .box_h = 10, .ofs_x = 0, .ofs_y = 0},
    {.bitmap_index = 7135, .adv_w = 95, .box_w = 6, .box_h = 10, .ofs_x = 0, .ofs_y = 0},
    {.bitmap_index = 7161, .adv_w = 177, .box_w = 9, .box_h = 13, .ofs_x = 1, .ofs_y = 0},
    {.bitmap_index = 7198, .adv_w = 152, .box_w = 8, .box_h = 11, .ofs_x = 1, .ofs_y = 0},
    {.bitmap_index = 7233, .adv_w = 177, .box_w = 9, .box_h = 13, .ofs_x = 1, .ofs_y = 0},
    {.bitmap_index = 7266, .adv_w = 152, .box_w = 8, .box_h = 10, .ofs_x = 1, .ofs_y = 0},
    {.bitmap_index = 7296, .adv_w = 177, .box_w = 9, .box_h = 14, .ofs_x = 1, .ofs_y = 0},
    {.bitmap_index = 7336, .adv_w = 152, .box_w = 8, .box_h = 11, .ofs_x = 1, .ofs_y = 0},
    {.bitmap_index = 7370, .adv_w = 177, .box_w = 9, .box_h = 15, .ofs_x = 1, .ofs_y = 0},
    {.bitmap_index = 7409, .adv_w = 152, .box_w = 8, .box_h = 12, .ofs_x = 1, .ofs_y = 0},
    {.bitmap_index = 7446, .adv_w = 177, .box_w = 9, .box_h = 13, .ofs_x = 1, .ofs_y = 0},
    {.bitmap_index = 7482, .adv_w = 152, .box_w = 8, .box_h = 11, .ofs_x = 1, .ofs_y = 0},
    {.bitmap_index = 7517, .adv_w = 177, .box_w = 9, .box_h = 13, .ofs_x = 1, .ofs_y = -3},
    {.bitmap_index = 7552, .adv_w = 152, .box_w = 8, .box_h = 11, .ofs_x = 1, .ofs_y = -3},
    {.bitmap_index = 7585, .adv_w = 252, .box_w = 16, .box_h = 14, .ofs_x = 0, .ofs_y = 0},
    {.bitmap_index = 7680, .adv_w = 201, .box_w = 13, .box_h = 11, .ofs_x = 0, .ofs_y = 0},
    {.bitmap_index = 7745, .adv_w = 145, .box_w = 11, .box_h = 14, .ofs_x = -1, .ofs_y = 0},
    {.bitmap_index = 7798, .adv_w = 125, .box_w = 9, .box_h = 14, .ofs_x = -1, .ofs_y = -3},
    {.bitmap_index = 7854, .adv_w = 145, .box_w = 11, .box_h = 13, .ofs_x = -1, .ofs_y = 0},
    {.bitmap_index = 7905, .adv_w = 147, .box_w = 9, .box_h = 14, .ofs_x = 0, .ofs_y = 0},
    {.bitmap_index = 7953, .adv_w = 117, .box_w = 7, .box_h = 11, .ofs_x = 0, .ofs_y = 0},
    {.bitmap_index = 7989, .adv_w = 147, .box_w = 9, .box_h = 13, .ofs_x = 0, .ofs_y = 0},
    {.bitmap_index = 8034, .adv_w = 117, .box_w = 7, .box_h = 11, .ofs_x = 0, .ofs_y = 0},
    {.bitmap_index = 8069, .adv_w = 147, .box_w = 9, .box_h = 14, .ofs_x = 0, .ofs_y = 0},
    {.bitmap_index = 8120, .adv_w = 117, .box_w = 7, .box_h = 11, .ofs_x = 0, .ofs_y = 0},
    {.bitmap_index = 8157, .adv_w = 69, .box_w = 6, .box_h = 11, .ofs_x = 0, .ofs_y = 0},
    {.bitmap_index = 8176, .adv_w = 99, .box_w = 5, .box_h = 10, .ofs_x = 1, .ofs_y = 0},
    {.bitmap_index = 8191, .adv_w = 84, .box_w = 4, .box_h = 8, .ofs_x = 1, .ofs_y = 0},
    {.bitmap_index = 8202, .adv_w = 147, .box_w = 9, .box_h = 10, .ofs_x = 0, .ofs_y = 0},
    {.bitmap_index = 8226, .adv_w = 146, .box_w = 7, .box_h = 11, .ofs_x = 1, .ofs_y = 0},
    {.bitmap_index = 8245, .adv_w = 37, .box_w = 3, .box_h = 3, .ofs_x = 0, .ofs_y = 8},
    {.bitmap_index = 8250, .adv_w = 37, .box_w = 3, .box_h = 3, .ofs_x = -1, .ofs_y = -2},
    {.bitmap_index = 8255, .adv_w = 172, .box_w = 9, .box_h = 10, .ofs_x = 1, .ofs_y = 0},
    {.bitmap_index = 8288, .adv_w = 144, .box_w = 7, .box_h = 8, .ofs_x = 1, .ofs_y = 0},
    {.bitmap_index = 8312, .adv_w = 55, .box_w = 3, .box_h = 3, .ofs_x = 1, .ofs_y = -4},
    {.bitmap_index = 8317, .adv_w = 108, .box_w = 6, .box_h = 8, .ofs_x = 0, .ofs_y = 0},
    {.bitmap_index = 8338, .adv_w = 108, .box_w = 7, .box_h = 8, .ofs_x = 0, .ofs_y = 0},
    {.bitmap_index = 8366, .adv_w = 108, .box_w = 6, .box_h = 8, .ofs_x = 0, .ofs_y = 0},
    {.bitmap_index = 8390, .adv_w = 60, .box_w = 3, .box_h = 10, .ofs_x = 0, .ofs_y = -2},
    {.bitmap_index = 8402, .adv_w = 61, .box_w = 5, .box_h = 14, .ofs_x = -2, .ofs_y = -4},
    {.bitmap_index = 8415, .adv_w = 52, .box_w = 3, .box_h = 3, .ofs_x = 0, .ofs_y = 9},
    {.bitmap_index = 8420, .adv_w = 145, .box_w = 5, .box_h = 3, .ofs_x = 2, .ofs_y = 9},
    {.bitmap_index = 8428, .adv_w = 159, .box_w = 10, .box_h = 10, .ofs_x = 0, .ofs_y = 0},
    {.bitmap_index = 8475, .adv_w = 60, .box_w = 2, .box_h = 2, .ofs_x = 1, .ofs_y = 6},
    {.bitmap_index = 8478, .adv_w = 161, .box_w = 10, .box_h = 10, .ofs_x = 0, .ofs_y = 0},
    {.bitmap_index = 8511, .adv_w = 203, .box_w = 12, .box_h = 10, .ofs_x = 0, .ofs_y = 0},
    {.bitmap_index = 8539, .adv_w = 117, .box_w = 7, .box_h = 10, .ofs_x = 0, .ofs_y = 0},
    {.bitmap_index = 8555, .adv_w = 200, .box_w = 12, .box_h = 10, .ofs_x = 0, .ofs_y = 0},
    {.bitmap_index = 8609, .adv_w = 175, .box_w = 11, .box_h = 10, .ofs_x = 0, .ofs_y = 0},
    {.bitmap_index = 8645, .adv_w = 188, .box_w = 12, .box_h = 10, .ofs_x = 0, .ofs_y = 0},
    {.bitmap_index = 8702, .adv_w = 74, .box_w = 6, .box_h = 11, .ofs_x = -1, .ofs_y = 0},
    {.bitmap_index = 8722, .adv_w = 143, .box_w = 9, .box_h = 10, .ofs_x = 0, .ofs_y = 0},
    {.bitmap_index = 8762, .adv_w = 146, .box_w = 8, .box_h = 10, .ofs_x = 1, .ofs_y = 0},
    {.bitmap_index = 8799, .adv_w = 112, .box_w = 6, .box_h = 10, .ofs_x = 1, .ofs_y = 0},
    {.bitmap_index = 8811, .adv_w = 143, .box_w = 9, .box_h = 10, .ofs_x = 0, .ofs_y = 0},
    {.bitmap_index = 8851, .adv_w = 125, .box_w = 6, .box_h = 10, .ofs_x = 1, .ofs_y = 0},
    {.bitmap_index = 8873, .adv_w = 128, .box_w = 8, .box_h = 10, .ofs_x = 0, .ofs_y = 0},
    {.bitmap_index = 8907, .adv_w = 166, .box_w = 8, .box_h = 10, .ofs_x = 1, .ofs_y = 0},
    {.bitmap_index = 8926, .adv_w = 175, .box_w = 11, .box_h = 10, .ofs_x = 0, .ofs_y = 0},
    {.bitmap_index = 8979, .adv_w = 76, .box_w = 5, .box_h = 10, .ofs_x = 0, .ofs_y = 0},
    {.bitmap_index = 8990, .adv_w = 139, .box_w = 8, .box_h = 10, .ofs_x = 1, .ofs_y = 0},
    {.bitmap_index = 9024, .adv_w = 136, .box_w = 9, .box_h = 10, .ofs_x = 0, .ofs_y = 0},
    {.bitmap_index = 9064, .adv_w = 203, .box_w = 11, .box_h = 10, .ofs_x = 1, .ofs_y = 0},
    {.bitmap_index = 9109, .adv_w = 170, .box_w = 9, .box_h = 10, .ofs_x = 1, .ofs_y = 0},
    {.bitmap_index = 9142, .adv_w = 140, .box_w = 8, .box_h = 10, .ofs_x = 0, .ofs_y = 0},
    {.bitmap_index = 9168, .adv_w = 175, .box_w = 11, .box_h = 10, .ofs_x = 0, .ofs_y = 0},
    {.bitmap_index = 9218, .adv_w = 164, .box_w = 8, .box_h = 10, .ofs_x = 1, .ofs_y = 0},
    {.bitmap_index = 9230, .adv_w = 136, .box_w = 7, .box_h = 10, .ofs_x = 1, .ofs_y = 0},
    {.bitmap_index = 9257, .adv_w = 128, .box_w = 8, .box_h = 10, .ofs_x = 0, .ofs_y = 0},
    {.bitmap_index = 9291, .adv_w = 125, .box_w = 8, .box_h = 10, .ofs_x = 0, .ofs_y = 0},
    {.bitmap_index = 9305, .adv_w = 127, .box_w = 8, .box_h = 10, .ofs_x = 0, .ofs_y = 0},
    {.bitmap_index = 9334, .adv_w = 189, .box_w = 12, .box_h = 10, .ofs_x = 0, .ofs_y = 0},
    {.bitmap_index = 9385, .adv_w = 131, .box_w = 9, .box_h = 10, .ofs_x = 0, .ofs_y = 0},
    {.bitmap_index = 9428, .adv_w = 184, .box_w = 10, .box_h = 10, .ofs_x = 1, .ofs_y = 0},
    {.bitmap_index = 9462, .adv_w = 161, .box_w = 10, .box_h = 10, .ofs_x = 0, .ofs_y = 0},
    {.bitmap_index = 9508, .adv_w = 76, .box_w = 5, .box_h = 14, .ofs_x = 0, .ofs_y = 0},
    {.bitmap_index = 9528, .adv_w = 127, .box_w = 8, .box_h = 14, .ofs_x = 0, .ofs_y = 0},
    {.bitmap_index = 9569, .adv_w = 140, .box_w = 9, .box_h = 11, .ofs_x = 0, .ofs_y = 0},
    {.bitmap_index = 9610, .adv_w = 105, .box_w = 7, .box_h = 11, .ofs_x = 0, .ofs_y = 0},
    {.bitmap_index = 9647, .adv_w = 136, .box_w = 7, .box_h = 15, .ofs_x = 1, .ofs_y = -4},
    {.bitmap_index = 9681, .adv_w = 74, .box_w = 4, .box_h = 11, .ofs_x = 1, .ofs_y = 0},
    {.bitmap_index = 9696, .adv_w = 134, .box_w = 7, .box_h = 11, .ofs_x = 1, .ofs_y = 0},
    {.bitmap_index = 9731, .adv_w = 140, .box_w = 9, .box_h = 8, .ofs_x = 0, .ofs_y = 0},
    {.bitmap_index = 9763, .adv_w = 137, .box_w = 7, .box_h = 15, .ofs_x = 1, .ofs_y = -4},
    {.bitmap_index = 9805, .adv_w = 116, .box_w = 7, .box_h = 11, .ofs_x = 0, .ofs_y = -3},
    {.bitmap_index = 9838, .adv_w = 132, .box_w = 8, .box_h = 11, .ofs_x = 0, .ofs_y = 0},
    {.bitmap_index = 9881, .adv_w = 105, .box_w = 7, .box_h = 8, .ofs_x = 0, .ofs_y = 0},
    {.bitmap_index = 9909, .adv_w = 103, .box_w = 7, .box_h = 14, .ofs_x = 0, .ofs_y = -3},
    {.bitmap_index = 9952, .adv_w = 136, .box_w = 7, .box_h = 12, .ofs_x = 1, .ofs_y = -4},
    {.bitmap_index = 9977, .adv_w = 133, .box_w = 8, .box_h = 11, .ofs_x = 0, .ofs_y = 0},
    {.bitmap_index = 10021, .adv_w = 74, .box_w = 4, .box_h = 8, .ofs_x = 1, .ofs_y = 0},
    {.bitmap_index = 10030, .adv_w = 120, .box_w = 7, .box_h = 8, .ofs_x = 1, .ofs_y = 0},
    {.bitmap_index = 10056, .adv_w = 116, .box_w = 8, .box_h = 11, .ofs_x = 0, .ofs_y = 0},
    {.bitmap_index = 10094, .adv_w = 140, .box_w = 8, .box_h = 12, .ofs_x = 1, .ofs_y = -4},
    {.bitmap_index = 10119, .adv_w = 116, .box_w = 7, .box_h = 8, .ofs_x = 0, .ofs_y = 0},
    {.bitmap_index = 10147, .adv_w = 110, .box_w = 7, .box_h = 14, .ofs_x = 0, .ofs_y = -3},
    {.bitmap_index = 10191, .adv_w = 136, .box_w = 8, .box_h = 8, .ofs_x = 0, .ofs_y = 0},
    {.bitmap_index = 10222, .adv_w = 146, .box_w = 9, .box_h = 8, .ofs_x = 0, .ofs_y = 0},
    {.bitmap_index = 10236, .adv_w = 134, .box_w = 8, .box_h = 12, .ofs_x = 0, .ofs_y = -4},
    {.bitmap_index = 10274, .adv_w = 109, .box_w = 7, .box_h = 12, .ofs_x = 0, .ofs_y = -4},
    {.bitmap_index = 10310, .adv_w = 138, .box_w = 9, .box_h = 8, .ofs_x = 0, .ofs_y = 0},
    {.bitmap_index = 10344, .adv_w = 110, .box_w = 7, .box_h = 8, .ofs_x = 0, .ofs_y = 0},
    {.bitmap_index = 10362, .adv_w = 134, .box_w = 7, .box_h = 8, .ofs_x = 1, .ofs_y = 0},
    {.bitmap_index = 10387, .adv_w = 162, .box_w = 10, .box_h = 15, .ofs_x = 0, .ofs_y = -4},
    {.bitmap_index = 10440, .adv_w = 133, .box_w = 9, .box_h = 12, .ofs_x = 0, .ofs_y = -4},
    {.bitmap_index = 10489, .adv_w = 168, .box_w = 9, .box_h = 15, .ofs_x = 1, .ofs_y = -4},
    {.bitmap_index = 10530, .adv_w = 179, .box_w = 11, .box_h = 8, .ofs_x = 0, .ofs_y = 0},
    {.bitmap_index = 10570, .adv_w = 74, .box_w = 6, .box_h = 10, .ofs_x = -1, .ofs_y = 0},
    {.bitmap_index = 10587, .adv_w = 134, .box_w = 7, .box_h = 10, .ofs_x = 1, .ofs_y = 0},
    {.bitmap_index = 10618, .adv_w = 136, .box_w = 8, .box_h = 11, .ofs_x = 0, .ofs_y = 0},
    {.bitmap_index = 10657, .adv_w = 134, .box_w = 7, .box_h = 11, .ofs_x = 1, .ofs_y = 0},
    {.bitmap_index = 10691, .adv_w = 179, .box_w = 11, .box_h = 11, .ofs_x = 0, .ofs_y = 0},
    {.bitmap_index = 10742, .adv_w = 139, .box_w = 8, .box_h = 14, .ofs_x = 1, .ofs_y = -4},
    {.bitmap_index = 10791, .adv_w = 144, .box_w = 8, .box_h = 11, .ofs_x = 1, .ofs_y = 0},
    {.bitmap_index = 10835, .adv_w = 140, .box_w = 9, .box_h = 11, .ofs_x = 0, .ofs_y = 0},
    {.bitmap_index = 10885, .adv_w = 133, .box_w = 9, .box_h = 10, .ofs_x = 0, .ofs_y = 0},
    {.bitmap_index = 10916, .adv_w = 180, .box_w = 12, .box_h = 10, .ofs_x = 0, .ofs_y = 0},
    {.bitmap_index = 10953, .adv_w = 133, .box_w = 9, .box_h = 14, .ofs_x = 0, .ofs_y = 0},
    {.bitmap_index = 10996, .adv_w = 162, .box_w = 10, .box_h = 15, .ofs_x = 0, .ofs_y = -4},
    {.bitmap_index = 11049, .adv_w = 192, .box_w = 12, .box_h = 8, .ofs_x = 0, .ofs_y = 0},
    {.bitmap_index = 11091, .adv_w = 120, .box_w = 7, .box_h = 11, .ofs_x = 1, .ofs_y = -3},
    {.bitmap_index = 11128, .adv_w = 171, .box_w = 10, .box_h = 10, .ofs_x = 0, .ofs_y = 0},
    {.bitmap_index = 11172, .adv_w = 136, .box_w = 8, .box_h = 12, .ofs_x = 0, .ofs_y = -4},
    {.bitmap_index = 11213, .adv_w = 142, .box_w = 9, .box_h = 10, .ofs_x = 0, .ofs_y = 0},
    {.bitmap_index = 11248, .adv_w = 108, .box_w = 7, .box_h = 11, .ofs_x = 0, .ofs_y = -3},
    {.bitmap_index = 11283, .adv_w = 114, .box_w = 6, .box_h = 10, .ofs_x = 1, .ofs_y = 0},
    {.bitmap_index = 11307, .adv_w = 116, .box_w = 6, .box_h = 12, .ofs_x = 1, .ofs_y = -4},
    {.bitmap_index = 11334, .adv_w = 111, .box_w = 8, .box_h = 10, .ofs_x = -1, .ofs_y = 0},
    {.bitmap_index = 11366, .adv_w = 125, .box_w = 8, .box_h = 15, .ofs_x = 0, .ofs_y = -4},
    {.bitmap_index = 11416, .adv_w = 133, .box_w = 9, .box_h = 10, .ofs_x = -1, .ofs_y = 0},
    {.bitmap_index = 11457, .adv_w = 117, .box_w = 9, .box_h = 15, .ofs_x = -2, .ofs_y = -4},
    {.bitmap_index = 11512, .adv_w = 153, .box_w = 10, .box_h = 8, .ofs_x = 0, .ofs_y = 0},
    {.bitmap_index = 11551, .adv_w = 134, .box_w = 8, .box_h = 12, .ofs_x = 0, .ofs_y = -4},
    {.bitmap_index = 11598, .adv_w = 108, .box_w = 7, .box_h = 8, .ofs_x = 0, .ofs_y = 0},
    {.bitmap_index = 11623, .adv_w = 58, .box_w = 4, .box_h = 14, .ofs_x = -1, .ofs_y = -4},
    {.bitmap_index = 11637, .adv_w = 175, .box_w = 11, .box_h = 10, .ofs_x = 0, .ofs_y = 0},
    {.bitmap_index = 11688, .adv_w = 111, .box_w = 7, .box_h = 8, .ofs_x = 0, .ofs_y = 0},
    {.bitmap_index = 11717, .adv_w = 111, .box_w = 7, .box_h = 8, .ofs_x = 0, .ofs_y = 0},
    {.bitmap_index = 11746, .adv_w = 136, .box_w = 7, .box_h = 10, .ofs_x = 1, .ofs_y = 0},
    {.bitmap_index = 11778, .adv_w = 138, .box_w = 7, .box_h = 15, .ofs_x = 1, .ofs_y = -4},
    {.bitmap_index = 11814, .adv_w = 142, .box_w = 9, .box_h = 10, .ofs_x = 0, .ofs_y = 0},
    {.bitmap_index = 11850, .adv_w = 203, .box_w = 11, .box_h = 10, .ofs_x = 1, .ofs_y = 0},
    {.bitmap_index = 11888, .adv_w = 163, .box_w = 8, .box_h = 12, .ofs_x = 1, .ofs_y = -4},
    {.bitmap_index = 11920, .adv_w = 136, .box_w = 8, .box_h = 12, .ofs_x = 0, .ofs_y = -4},
    {.bitmap_index = 11965, .adv_w = 142, .box_w = 8, .box_h = 10, .ofs_x = 0, .ofs_y = 0},
    {.bitmap_index = 11998, .adv_w = 142, .box_w = 9, .box_h = 10, .ofs_x = 0, .ofs_y = 0},
    {.bitmap_index = 12037, .adv_w = 142, .box_w = 8, .box_h = 10, .ofs_x = 0, .ofs_y = 0},
    {.bitmap_index = 12073, .adv_w = 149, .box_w = 8, .box_h = 14, .ofs_x = 1, .ofs_y = 0},
    {.bitmap_index = 12113, .adv_w = 149, .box_w = 8, .box_h = 13, .ofs_x = 1, .ofs_y = 0},
    {.bitmap_index = 12152, .adv_w = 187, .box_w = 12, .box_h = 10, .ofs_x = 0, .ofs_y = 0},
    {.bitmap_index = 12192, .adv_w = 129, .box_w = 7, .box_h = 14, .ofs_x = 1, .ofs_y = 0},
    {.bitmap_index = 12215, .adv_w = 159, .box_w = 10, .box_h = 10, .ofs_x = 0, .ofs_y = 0},
    {.bitmap_index = 12261, .adv_w = 142, .box_w = 9, .box_h = 10, .ofs_x = 0, .ofs_y = 0},
    {.bitmap_index = 12303, .adv_w = 71, .box_w = 2, .box_h = 10, .ofs_x = 1, .ofs_y = 0},
    {.bitmap_index = 12308, .adv_w = 69, .box_w = 5, .box_h = 13, .ofs_x = 0, .ofs_y = 0},
    {.bitmap_index = 12321, .adv_w = 121, .box_w = 7, .box_h = 10, .ofs_x = 0, .ofs_y = 0},
    {.bitmap_index = 12343, .adv_w = 266, .box_w = 17, .box_h = 10, .ofs_x = 0, .ofs_y = 0},
    {.bitmap_index = 12402, .adv_w = 264, .box_w = 16, .box_h = 10, .ofs_x = 1, .ofs_y = 0},
    {.bitmap_index = 12444, .adv_w = 189, .box_w = 12, .box_h = 10, .ofs_x = 0, .ofs_y = 0},
    {.bitmap_index = 12481, .adv_w = 159, .box_w = 9, .box_h = 14, .ofs_x = 1, .ofs_y = 0},
    {.bitmap_index = 12531, .adv_w = 184, .box_w = 9, .box_h = 14, .ofs_x = 1, .ofs_y = 0},
    {.bitmap_index = 12577, .adv_w = 155, .box_w = 10, .box_h = 14, .ofs_x = 0, .ofs_y = 0},
    {.bitmap_index = 12637, .adv_w = 181, .box_w = 9, .box_h = 13, .ofs_x = 1, .ofs_y = -3},
    {.bitmap_index = 12660, .adv_w = 170, .box_w = 11, .box_h = 10, .ofs_x = 0, .ofs_y = 0},
    {.bitmap_index = 12705, .adv_w = 164, .box_w = 9, .box_h = 10, .ofs_x = 1, .ofs_y = 0},
    {.bitmap_index = 12741, .adv_w = 167, .box_w = 9, .box_h = 10, .ofs_x = 1, .ofs_y = 0},
    {.bitmap_index = 12779, .adv_w = 129, .box_w = 7, .box_h = 10, .ofs_x = 1, .ofs_y = 0},
    {.bitmap_index = 12790, .adv_w = 180, .box_w = 11, .box_h = 13, .ofs_x = 0, .ofs_y = -3},
    {.bitmap_index = 12838, .adv_w = 149, .box_w = 8, .box_h = 10, .ofs_x = 1, .ofs_y = 0},
    {.bitmap_index = 12866, .adv_w = 230, .box_w = 15, .box_h = 10, .ofs_x = 0, .ofs_y = 0},
    {.bitmap_index = 12929, .adv_w = 144, .box_w = 9, .box_h = 10, .ofs_x = 0, .ofs_y = 0},
    {.bitmap_index = 12973, .adv_w = 184, .box_w = 9, .box_h = 10, .ofs_x = 1, .ofs_y = 0},
    {.bitmap_index = 13006, .adv_w = 184, .box_w = 9, .box_h = 14, .ofs_x = 1, .ofs_y = 0},
    {.bitmap_index = 13055, .adv_w = 159, .box_w = 9, .box_h = 10, .ofs_x = 1, .ofs_y = 0},
    {.bitmap_index = 13092, .adv_w = 177, .box_w = 10, .box_h = 10, .ofs_x = 0, .ofs_y = 0},
    {.bitmap_index = 13126, .adv_w = 216, .box_w = 11, .box_h = 10, .ofs_x = 1, .ofs_y = 0},
    {.bitmap_index = 13170, .adv_w = 184, .box_w = 9, .box_h = 10, .ofs_x = 1, .ofs_y = 0},
    {.bitmap_index = 13190, .adv_w = 190, .box_w = 12, .box_h = 10, .ofs_x = 0, .ofs_y = 0},
    {.bitmap_index = 13243, .adv_w = 184, .box_w = 9, .box_h = 10, .ofs_x = 1, .ofs_y = 0},
    {.bitmap_index = 13255, .adv_w = 160, .box_w = 9, .box_h = 10, .ofs_x = 1, .ofs_y = 0},
    {.bitmap_index = 13293, .adv_w = 161, .box_w = 10, .box_h = 10, .ofs_x = 0, .ofs_y = 0},
    {.bitmap_index = 13336, .adv_w = 135, .box_w = 9, .box_h = 10, .ofs_x = 0, .ofs_y = 0},
    {.bitmap_index = 13351, .adv_w = 155, .box_w = 10, .box_h = 10, .ofs_x = 0, .ofs_y = 0},
    {.bitmap_index = 13395, .adv_w = 207, .box_w = 13, .box_h = 12, .ofs_x = 0, .ofs_y = 0},
    {.bitmap_index = 13460, .adv_w = 150, .box_w = 10, .box_h = 10, .ofs_x = 0, .ofs_y = 0},
    {.bitmap_index = 13506, .adv_w = 186, .box_w = 11, .box_h = 13, .ofs_x = 1, .ofs_y = -3},
    {.bitmap_index = 13529, .adv_w = 165, .box_w = 9, .box_h = 10, .ofs_x = 0, .ofs_y = 0},
    {.bitmap_index = 13558, .adv_w = 245, .box_w = 13, .box_h = 10, .ofs_x = 1, .ofs_y = 0},
    {.bitmap_index = 13581, .adv_w = 251, .box_w = 15, .box_h = 13, .ofs_x = 1, .ofs_y = -3},
    {.bitmap_index = 13613, .adv_w = 185, .box_w = 12, .box_h = 10, .ofs_x = 0, .ofs_y = 0},
    {.bitmap_index = 13656, .adv_w = 222, .box_w = 12, .box_h = 10, .ofs_x = 1, .ofs_y = 0},
    {.bitmap_index = 13694, .adv_w = 160, .box_w = 9, .box_h = 10, .ofs_x = 1, .ofs_y = 0},
    {.bitmap_index = 13726, .adv_w = 158, .box_w = 10, .box_h = 10, .ofs_x = 0, .ofs_y = 0},
    {.bitmap_index = 13772, .adv_w = 246, .box_w = 14, .box_h = 10, .ofs_x = 1, .ofs_y = 0},
    {.bitmap_index = 13832, .adv_w = 164, .box_w = 9, .box_h = 10, .ofs_x = 0, .ofs_y = 0},
    {.bitmap_index = 13874, .adv_w = 132, .box_w = 8, .box_h = 8, .ofs_x = 0, .ofs_y = 0},
    {.bitmap_index = 13907, .adv_w = 148, .box_w = 9, .box_h = 12, .ofs_x = 0, .ofs_y = 0},
    {.bitmap_index = 13957, .adv_w = 138, .box_w = 7, .box_h = 8, .ofs_x = 1, .ofs_y = 0},
    {.bitmap_index = 13986, .adv_w = 109, .box_w = 6, .box_h = 8, .ofs_x = 1, .ofs_y = 0},
    {.bitmap_index = 13997, .adv_w = 149, .box_w = 9, .box_h = 10, .ofs_x = 0, .ofs_y = -2},
    {.bitmap_index = 14033, .adv_w = 141, .box_w = 9, .box_h = 8, .ofs_x = 0, .ofs_y = 0},
    {.bitmap_index = 14069, .adv_w = 190, .box_w = 12, .box_h = 8, .ofs_x = 0, .ofs_y = 0},
    {.bitmap_index = 14113, .adv_w = 122, .box_w = 7, .box_h = 8, .ofs_x = 0, .ofs_y = 0},
    {.bitmap_index = 14142, .adv_w = 155, .box_w = 8, .box_h = 8, .ofs_x = 1, .ofs_y = 0},
    {.bitmap_index = 14168, .adv_w = 155, .box_w = 8, .box_h = 11, .ofs_x = 1, .ofs_y = 0},
    {.bitmap_index = 14205, .adv_w = 134, .box_w = 8, .box_h = 8, .ofs_x = 1, .ofs_y = 0},
    {.bitmap_index = 14233, .adv_w = 144, .box_w = 8, .box_h = 8, .ofs_x = 0, .ofs_y = 0},
    {.bitmap_index = 14259, .adv_w = 179, .box_w = 9, .box_h = 8, .ofs_x = 1, .ofs_y = 0},
    {.bitmap_index = 14292, .adv_w = 153, .box_w = 8, .box_h = 8, .ofs_x = 1, .ofs_y = 0},
    {.bitmap_index = 14312, .adv_w = 144, .box_w = 9, .box_h = 8, .ofs_x = 0, .ofs_y = 0},
    {.bitmap_index = 14345, .adv_w = 152, .box_w = 8, .box_h = 8, .ofs_x = 1, .ofs_y = 0},
    {.bitmap_index = 14357, .adv_w = 154, .box_w = 8, .box_h = 11, .ofs_x = 1, .ofs_y = -3},
    {.bitmap_index = 14395, .adv_w = 128, .box_w = 8, .box_h = 8, .ofs_x = 0, .ofs_y = 0},
    {.bitmap_index = 14425, .adv_w = 110, .box_w = 7, .box_h = 8, .ofs_x = 0, .ofs_y = 0},
    {.bitmap_index = 14438, .adv_w = 128, .box_w = 9, .box_h = 11, .ofs_x = -1, .ofs_y = -3},
    {.bitmap_index = 14482, .adv_w = 180, .box_w = 11, .box_h = 14, .ofs_x = 0, .ofs_y = -3},
    {.bitmap_index = 14535, .adv_w = 121, .box_w = 8, .box_h = 8, .ofs_x = 0, .ofs_y = 0},
    {.bitmap_index = 14567, .adv_w = 155, .box_w = 9, .box_h = 10, .ofs_x = 1, .ofs_y = -2},
    {.bitmap_index = 14587, .adv_w = 136, .box_w = 8, .box_h = 8, .ofs_x = 0, .ofs_y = 0},
    {.bitmap_index = 14610, .adv_w = 211, .box_w = 11, .box_h = 8, .ofs_x = 1, .ofs_y = 0},
    {.bitmap_index = 14630, .adv_w = 211, .box_w = 12, .box_h = 10, .ofs_x = 1, .ofs_y = -2},
    {.bitmap_index = 14657, .adv_w = 143, .box_w = 9, .box_h = 8, .ofs_x = 0, .ofs_y = 0},
    {.bitmap_index = 14687, .adv_w = 181, .box_w = 9, .box_h = 8, .ofs_x = 1, .ofs_y = 0},
    {.bitmap_index = 14714, .adv_w = 129, .box_w = 7, .box_h = 8, .ofs_x = 1, .ofs_y = 0},
    {.bitmap_index = 14737, .adv_w = 129, .box_w = 8, .box_h = 8, .ofs_x = 0, .ofs_y = 0},
    {.bitmap_index = 14769, .adv_w = 196, .box_w = 11, .box_h = 8, .ofs_x = 1, .ofs_y = 0},
    {.bitmap_index = 14810, .adv_w = 137, .box_w = 8, .box_h = 8, .ofs_x = 0, .ofs_y = 0},
    {.bitmap_index = 14840, .adv_w = 141, .box_w = 9, .box_h = 11, .ofs_x = 0, .ofs_y = 0},
    {.bitmap_index = 14886, .adv_w = 141, .box_w = 9, .box_h = 10, .ofs_x = 0, .ofs_y = 0},
    {.bitmap_index = 14930, .adv_w = 151, .box_w = 10, .box_h = 14, .ofs_x = -1, .ofs_y = -3},
    {.bitmap_index = 14977, .adv_w = 109, .box_w = 6, .box_h = 11, .ofs_x = 1, .ofs_y = 0},
    {.bitmap_index = 14997, .adv_w = 129, .box_w = 8, .box_h = 8, .ofs_x = 0, .ofs_y = 0},
    {.bitmap_index = 15029, .adv_w = 120, .box_w = 7, .box_h = 8, .ofs_x = 0, .ofs_y = 0},
    {.bitmap_index = 15058, .adv_w = 63, .box_w = 2, .box_h = 11, .ofs_x = 1, .ofs_y = 0},
    {.bitmap_index = 15066, .adv_w = 62, .box_w = 4, .box_h = 10, .ofs_x = 0, .ofs_y = 0},
    {.bitmap_index = 15076, .adv_w = 64, .box_w = 5, .box_h = 14, .ofs_x = -2, .ofs_y = -3},
    {.bitmap_index = 15094, .adv_w = 209, .box_w = 13, .box_h = 8, .ofs_x = 0, .ofs_y = 0},
    {.bitmap_index = 15135, .adv_w = 213, .box_w = 12, .box_h = 8, .ofs_x = 1, .ofs_y = 0},
    {.bitmap_index = 15168, .adv_w = 151, .box_w = 10, .box_h = 12, .ofs_x = -1, .ofs_y = 0},
    {.bitmap_index = 15206, .adv_w = 134, .box_w = 8, .box_h = 11, .ofs_x = 1, .ofs_y = 0},
    {.bitmap_index = 15244, .adv_w = 155, .box_w = 8, .box_h = 11, .ofs_x = 1, .ofs_y = 0},
    {.bitmap_index = 15279, .adv_w = 128, .box_w = 9, .box_h = 14, .ofs_x = -1, .ofs_y = -3},
    {.bitmap_index = 15335, .adv_w = 145, .box_w = 7, .box_h = 10, .ofs_x = 1, .ofs_y = -2},
    {.bitmap_index = 15353, .adv_w = 182, .box_w = 11, .box_h = 11, .ofs_x = 0, .ofs_y = 0},
    {.bitmap_index = 15401, .adv_w = 137, .box_w = 9, .box_h = 11, .ofs_x = 0, .ofs_y = 0},
    {.bitmap_index = 15438, .adv_w = 202, .box_w = 13, .box_h = 10, .ofs_x = 0, .ofs_y = 0},
    {.bitmap_index = 15492, .adv_w = 158, .box_w = 10, .box_h = 8, .ofs_x = 0, .ofs_y = 0},
    {.bitmap_index = 15531, .adv_w = 190, .box_w = 12, .box_h = 10, .ofs_x = 0, .ofs_y = 0},
    {.bitmap_index = 15586, .adv_w = 146, .box_w = 9, .box_h = 8, .ofs_x = 0, .ofs_y = 0},
    {.bitmap_index = 15622, .adv_w = 170, .box_w = 11, .box_h = 11, .ofs_x = 0, .ofs_y = 0},
    {.bitmap_index = 15671, .adv_w = 134, .box_w = 9, .box_h = 8, .ofs_x = 0, .ofs_y = 0},
    {.bitmap_index = 15705, .adv_w = 191, .box_w = 11, .box_h = 17, .ofs_x = 1, .ofs_y = -3},
    {.bitmap_index = 15770, .adv_w = 160, .box_w = 9, .box_h = 13, .ofs_x = 1, .ofs_y = -2},
    {.bitmap_index = 15816, .adv_w = 166, .box_w = 10, .box_h = 11, .ofs_x = 0, .ofs_y = 0},
    {.bitmap_index = 15861, .adv_w = 136, .box_w = 9, .box_h = 8, .ofs_x = 0, .ofs_y = 0},
    {.bitmap_index = 15894, .adv_w = 164, .box_w = 9, .box_h = 10, .ofs_x = 1, .ofs_y = 0},
    {.bitmap_index = 15934, .adv_w = 157, .box_w = 9, .box_h = 11, .ofs_x = 1, .ofs_y = -3},
    {.bitmap_index = 15978, .adv_w = 130, .box_w = 7, .box_h = 13, .ofs_x = 1, .ofs_y = 0},
    {.bitmap_index = 15996, .adv_w = 104, .box_w = 6, .box_h = 10, .ofs_x = 1, .ofs_y = 0},
    {.bitmap_index = 16013, .adv_w = 138, .box_w = 9, .box_h = 10, .ofs_x = 0, .ofs_y = 0},
    {.bitmap_index = 16041, .adv_w = 116, .box_w = 7, .box_h = 8, .ofs_x = 0, .ofs_y = 0},
    {.bitmap_index = 16063, .adv_w = 157, .box_w = 9, .box_h = 13, .ofs_x = 1, .ofs_y = -3},
    {.bitmap_index = 16109, .adv_w = 135, .box_w = 8, .box_h = 11, .ofs_x = 1, .ofs_y = -3},
    {.bitmap_index = 16146, .adv_w = 239, .box_w = 15, .box_h = 13, .ofs_x = 0, .ofs_y = -3},
    {.bitmap_index = 16220, .adv_w = 198, .box_w = 13, .box_h = 10, .ofs_x = 0, .ofs_y = -2},
    {.bitmap_index = 16276, .adv_w = 144, .box_w = 9, .box_h = 12, .ofs_x = 0, .ofs_y = -2},
    {.bitmap_index = 16325, .adv_w = 122, .box_w = 7, .box_h = 10, .ofs_x = 0, .ofs_y = -2},
    {.bitmap_index = 16361, .adv_w = 169, .box_w = 10, .box_h = 13, .ofs_x = 1, .ofs_y = -3},
    {.bitmap_index = 16408, .adv_w = 134, .box_w = 8, .box_h = 10, .ofs_x = 1, .ofs_y = -2},
    {.bitmap_index = 16442, .adv_w = 166, .box_w = 10, .box_h = 10, .ofs_x = 1, .ofs_y = 0},
    {.bitmap_index = 16483, .adv_w = 138, .box_w = 8, .box_h = 8, .ofs_x = 1, .ofs_y = 0},
    {.bitmap_index = 16513, .adv_w = 164, .box_w = 11, .box_h = 10, .ofs_x = 0, .ofs_y = 0},
    {.bitmap_index = 16558, .adv_w = 134, .box_w = 9, .box_h = 12, .ofs_x = 0, .ofs_y = 0},
    {.bitmap_index = 16601, .adv_w = 185, .box_w = 12, .box_h = 10, .ofs_x = 0, .ofs_y = 0},
    {.bitmap_index = 16646, .adv_w = 150, .box_w = 10, .box_h = 8, .ofs_x = 0, .ofs_y = 0},
    {.bitmap_index = 16679, .adv_w = 190, .box_w = 11, .box_h = 13, .ofs_x = 1, .ofs_y = -3},
    {.bitmap_index = 16713, .adv_w = 157, .box_w = 9, .box_h = 10, .ofs_x = 1, .ofs_y = -2},
    {.bitmap_index = 16743, .adv_w = 243, .box_w = 15, .box_h = 10, .ofs_x = 1, .ofs_y = 0},
    {.bitmap_index = 16772, .adv_w = 198, .box_w = 12, .box_h = 8, .ofs_x = 1, .ofs_y = 0},
    {.bitmap_index = 16799, .adv_w = 268, .box_w = 16, .box_h = 13, .ofs_x = 1, .ofs_y = -3},
    {.bitmap_index = 16856, .adv_w = 219, .box_w = 13, .box_h = 11, .ofs_x = 1, .ofs_y = -3},
    {.bitmap_index = 16900, .adv_w = 218, .box_w = 13, .box_h = 10, .ofs_x = 0, .ofs_y = 0},
    {.bitmap_index = 16964, .adv_w = 181, .box_w = 11, .box_h = 8, .ofs_x = 0, .ofs_y = 0},
    {.bitmap_index = 17009, .adv_w = 161, .box_w = 10, .box_h = 12, .ofs_x = 0, .ofs_y = -2},
    {.bitmap_index = 17059, .adv_w = 128, .box_w = 8, .box_h = 10, .ofs_x = 0, .ofs_y = -2},
    {.bitmap_index = 17096, .adv_w = 135, .box_w = 9, .box_h = 13, .ofs_x = 0, .ofs_y = -3},
    {.bitmap_index = 17125, .adv_w = 110, .box_w = 7, .box_h = 10, .ofs_x = 0, .ofs_y = -2},
    {.bitmap_index = 17149, .adv_w = 149, .box_w = 10, .box_h = 10, .ofs_x = 0, .ofs_y = 0},
    {.bitmap_index = 17186, .adv_w = 129, .box_w = 8, .box_h = 11, .ofs_x = 0, .ofs_y = -3},
    {.bitmap_index = 17222, .adv_w = 145, .box_w = 11, .box_h = 10, .ofs_x = -1, .ofs_y = 0},
    {.bitmap_index = 17269, .adv_w = 129, .box_w = 8, .box_h = 11, .ofs_x = 0, .ofs_y = -3},
    {.bitmap_index = 17311, .adv_w = 158, .box_w = 10, .box_h = 13, .ofs_x = 0, .ofs_y = -3},
    {.bitmap_index = 17365, .adv_w = 121, .box_w = 9, .box_h = 10, .ofs_x = 0, .ofs_y = -2},
    {.bitmap_index = 17406, .adv_w = 218, .box_w = 14, .box_h = 13, .ofs_x = 0, .ofs_y = -3},
    {.bitmap_index = 17443, .adv_w = 173, .box_w = 11, .box_h = 10, .ofs_x = 0, .ofs_y = -2},
    {.bitmap_index = 17474, .adv_w = 171, .box_w = 11, .box_h = 13, .ofs_x = 0, .ofs_y = -3},
    {.bitmap_index = 17517, .adv_w = 142, .box_w = 9, .box_h = 10, .ofs_x = 0, .ofs_y = -2},
    {.bitmap_index = 17549, .adv_w = 165, .box_w = 9, .box_h = 10, .ofs_x = 0, .ofs_y = 0},
    {.bitmap_index = 17585, .adv_w = 136, .box_w = 8, .box_h = 8, .ofs_x = 0, .ofs_y = 0},
    {.bitmap_index = 17612, .adv_w = 165, .box_w = 9, .box_h = 10, .ofs_x = 1, .ofs_y = 0},
    {.bitmap_index = 17636, .adv_w = 151, .box_w = 8, .box_h = 12, .ofs_x = 1, .ofs_y = 0},
    {.bitmap_index = 17663, .adv_w = 222, .box_w = 14, .box_h = 10, .ofs_x = 0, .ofs_y = 0},
    {.bitmap_index = 17723, .adv_w = 173, .box_w = 11, .box_h = 8, .ofs_x = 0, .ofs_y = 0},
    {.bitmap_index = 17765, .adv_w = 222, .box_w = 14, .box_h = 12, .ofs_x = 0, .ofs_y = -2},
    {.bitmap_index = 17833, .adv_w = 173, .box_w = 11, .box_h = 10, .ofs_x = 0, .ofs_y = -2},
    {.bitmap_index = 17884, .adv_w = 71, .box_w = 2, .box_h = 10, .ofs_x = 1, .ofs_y = 0},
    {.bitmap_index = 17889, .adv_w = 230, .box_w = 15, .box_h = 14, .ofs_x = 0, .ofs_y = 0},
    {.bitmap_index = 17972, .adv_w = 190, .box_w = 12, .box_h = 11, .ofs_x = 0, .ofs_y = 0},
    {.bitmap_index = 18029, .adv_w = 160, .box_w = 9, .box_h = 13, .ofs_x = 1, .ofs_y = -3},
    {.bitmap_index = 18078, .adv_w = 134, .box_w = 8, .box_h = 11, .ofs_x = 1, .ofs_y = -3},
    {.bitmap_index = 18116, .adv_w = 149, .box_w = 9, .box_h = 10, .ofs_x = 0, .ofs_y = -2},
    {.bitmap_index = 18152, .adv_w = 183, .box_w = 9, .box_h = 13, .ofs_x = 1, .ofs_y = -3},
    {.bitmap_index = 18185, .adv_w = 154, .box_w = 8, .box_h = 11, .ofs_x = 1, .ofs_y = -3},
    {.bitmap_index = 18214, .adv_w = 190, .box_w = 11, .box_h = 13, .ofs_x = 1, .ofs_y = -3},
    {.bitmap_index = 18246, .adv_w = 157, .box_w = 9, .box_h = 10, .ofs_x = 1, .ofs_y = -2},
    {.bitmap_index = 18274, .adv_w = 164, .box_w = 9, .box_h = 13, .ofs_x = 0, .ofs_y = -3},
    {.bitmap_index = 18315, .adv_w = 136, .box_w = 8, .box_h = 10, .ofs_x = 0, .ofs_y = -2},
    {.bitmap_index = 18346, .adv_w = 224, .box_w = 13, .box_h = 13, .ofs_x = 1, .ofs_y = -3},
    {.bitmap_index = 18406, .adv_w = 186, .box_w = 11, .box_h = 10, .ofs_x = 1, .ofs_y = -2},
    {.bitmap_index = 18451, .adv_w = 63, .box_w = 2, .box_h = 12, .ofs_x = 1, .ofs_y = 0},
    {.bitmap_index = 18457, .adv_w = 170, .box_w = 11, .box_h = 14, .ofs_x = 0, .ofs_y = 0},
    {.bitmap_index = 18518, .adv_w = 132, .box_w = 8, .box_h = 11, .ofs_x = 0, .ofs_y = 0},
    {.bitmap_index = 18563, .adv_w = 170, .box_w = 11, .box_h = 13, .ofs_x = 0, .ofs_y = 0},
    {.bitmap_index = 18620, .adv_w = 132, .box_w = 8, .box_h = 10, .ofs_x = 0, .ofs_y = 0},
    {.bitmap_index = 18661, .adv_w = 234, .box_w = 14, .box_h = 10, .ofs_x = 0, .ofs_y = 0},
    {.bitmap_index = 18716, .adv_w = 223, .box_w = 14, .box_h = 8, .ofs_x = 0, .ofs_y = 0},
    {.bitmap_index = 18772, .adv_w = 149, .box_w = 8, .box_h = 14, .ofs_x = 1, .ofs_y = 0},
    {.bitmap_index = 18816, .adv_w = 141, .box_w = 9, .box_h = 11, .ofs_x = 0, .ofs_y = 0},
    {.bitmap_index = 18863, .adv_w = 184, .box_w = 11, .box_h = 10, .ofs_x = 0, .ofs_y = 0},
    {.bitmap_index = 18912, .adv_w = 140, .box_w = 9, .box_h = 8, .ofs_x = 0, .ofs_y = 0},
    {.bitmap_index = 18947, .adv_w = 184, .box_w = 11, .box_h = 13, .ofs_x = 0, .ofs_y = 0},
    {.bitmap_index = 19008, .adv_w = 140, .box_w = 9, .box_h = 10, .ofs_x = 0, .ofs_y = 0},
    {.bitmap_index = 19052, .adv_w = 230, .box_w = 15, .box_h = 13, .ofs_x = 0, .ofs_y = 0},
    {.bitmap_index = 19130, .adv_w = 190, .box_w = 12, .box_h = 10, .ofs_x = 0, .ofs_y = 0},
    {.bitmap_index = 19182, .adv_w = 144, .box_w = 9, .box_h = 13, .ofs_x = 0, .ofs_y = 0},
    {.bitmap_index = 19238, .adv_w = 122, .box_w = 7, .box_h = 10, .ofs_x = 0, .ofs_y = 0},
    {.bitmap_index = 19274, .adv_w = 140, .box_w = 9, .box_h = 10, .ofs_x = 0, .ofs_y = 0},
    {.bitmap_index = 19314, .adv_w = 118, .box_w = 8, .box_h = 11, .ofs_x = -1, .ofs_y = -3},
    {.bitmap_index = 19352, .adv_w = 184, .box_w = 9, .box_h = 13, .ofs_x = 1, .ofs_y = 0},
    {.bitmap_index = 19393, .adv_w = 155, .box_w = 8, .box_h = 10, .ofs_x = 1, .ofs_y = 0},
    {.bitmap_index = 19425, .adv_w = 184, .box_w = 9, .box_h = 13, .ofs_x = 1, .ofs_y = 0},
    {.bitmap_index = 19470, .adv_w = 155, .box_w = 8, .box_h = 10, .ofs_x = 1, .ofs_y = 0},
    {.bitmap_index = 19504, .adv_w = 190, .box_w = 12, .box_h = 13, .ofs_x = 0, .ofs_y = 0},
    {.bitmap_index = 19568, .adv_w = 144, .box_w = 9, .box_h = 10, .ofs_x = 0, .ofs_y = 0},
    {.bitmap_index = 19609, .adv_w = 190, .box_w = 12, .box_h = 10, .ofs_x = 0, .ofs_y = 0},
    {.bitmap_index = 19664, .adv_w = 146, .box_w = 9, .box_h = 8, .ofs_x = 0, .ofs_y = 0},
    {.bitmap_index = 19700, .adv_w = 190, .box_w = 12, .box_h = 13, .ofs_x = 0, .ofs_y = 0},
    {.bitmap_index = 19766, .adv_w = 146, .box_w = 9, .box_h = 10, .ofs_x = 0, .ofs_y = 0},
    {.bitmap_index = 19809, .adv_w = 158, .box_w = 10, .box_h = 13, .ofs_x = 0, .ofs_y = 0},
    {.bitmap_index = 19868, .adv_w = 129, .box_w = 8, .box_h = 10, .ofs_x = 0, .ofs_y = 0},
    {.bitmap_index = 19908, .adv_w = 155, .box_w = 10, .box_h = 13, .ofs_x = 0, .ofs_y = 0},
    {.bitmap_index = 19961, .adv_w = 128, .box_w = 9, .box_h = 13, .ofs_x = -1, .ofs_y = -3},
    {.bitmap_index = 20013, .adv_w = 155, .box_w = 10, .box_h = 14, .ofs_x = 0, .ofs_y = 0},
    {.bitmap_index = 20071, .adv_w = 128, .box_w = 9, .box_h = 13, .ofs_x = -1, .ofs_y = -3},
    {.bitmap_index = 20124, .adv_w = 155, .box_w = 10, .box_h = 13, .ofs_x = 0, .ofs_y = 0},
    {.bitmap_index = 20180, .adv_w = 128, .box_w = 9, .box_h = 14, .ofs_x = -1, .ofs_y = -3},
    {.bitmap_index = 20236, .adv_w = 165, .box_w = 9, .box_h = 13, .ofs_x = 0, .ofs_y = 0},
    {.bitmap_index = 20278, .adv_w = 136, .box_w = 8, .box_h = 10, .ofs_x = 0, .ofs_y = 0},
    {.bitmap_index = 20309, .adv_w = 129, .box_w = 7, .box_h = 13, .ofs_x = 1, .ofs_y = -3},
    {.bitmap_index = 20333, .adv_w = 109, .box_w = 6, .box_h = 10, .ofs_x = 1, .ofs_y = -2},
    {.bitmap_index = 20355, .adv_w = 222, .box_w = 12, .box_h = 13, .ofs_x = 1, .ofs_y = 0},
    {.bitmap_index = 20406, .adv_w = 181, .box_w = 9, .box_h = 10, .ofs_x = 1, .ofs_y = 0},
    {.bitmap_index = 20443, .adv_w = 139, .box_w = 9, .box_h = 13, .ofs_x = 0, .ofs_y = -3},
    {.bitmap_index = 20486, .adv_w = 110, .box_w = 7, .box_h = 11, .ofs_x = 0, .ofs_y = -3},
    {.bitmap_index = 20522, .adv_w = 151, .box_w = 9, .box_h = 13, .ofs_x = 0, .ofs_y = -3},
    {.bitmap_index = 20576, .adv_w = 121, .box_w = 8, .box_h = 11, .ofs_x = 0, .ofs_y = -3},
    {.bitmap_index = 20619, .adv_w = 153, .box_w = 10, .box_h = 10, .ofs_x = 0, .ofs_y = 0},
    {.bitmap_index = 20669, .adv_w = 127, .box_w = 8, .box_h = 8, .ofs_x = 0, .ofs_y = 0},
    {.bitmap_index = 20702, .adv_w = 256, .box_w = 16, .box_h = 5, .ofs_x = 0, .ofs_y = -3},
    {.bitmap_index = 20725, .adv_w = 297, .box_w = 19, .box_h = 4, .ofs_x = 0, .ofs_y = -4},
    {.bitmap_index = 20751, .adv_w = 243, .box_w = 16, .box_h = 4, .ofs_x = 0, .ofs_y = -3},
    {.bitmap_index = 20772, .adv_w = 293, .box_w = 19, .box_h = 4, .ofs_x = 0, .ofs_y = -3},
    {.bitmap_index = 20796, .adv_w = 472, .box_w = 29, .box_h = 8, .ofs_x = 0, .ofs_y = -2},
    {.bitmap_index = 20862, .adv_w = 275, .box_w = 17, .box_h = 3, .ofs_x = 0, .ofs_y = 7},
    {.bitmap_index = 20885, .adv_w = 139, .box_w = 9, .box_h = 11, .ofs_x = 0, .ofs_y = -1},
    {.bitmap_index = 20931, .adv_w = 139, .box_w = 9, .box_h = 11, .ofs_x = 0, .ofs_y = -1},
    {.bitmap_index = 20974, .adv_w = 248, .box_w = 16, .box_h = 11, .ofs_x = 0, .ofs_y = -5},
    {.bitmap_index = 21047, .adv_w = 145, .box_w = 9, .box_h = 11, .ofs_x = 0, .ofs_y = -1},
    {.bitmap_index = 21089, .adv_w = 187, .box_w = 12, .box_h = 11, .ofs_x = 0, .ofs_y = -1},
    {.bitmap_index = 21138, .adv_w = 100, .box_w = 6, .box_h = 14, .ofs_x = 0, .ofs_y = -4},
    {.bitmap_index = 21178, .adv_w = 73, .box_w = 3, .box_h = 4, .ofs_x = 1, .ofs_y = 0},
    {.bitmap_index = 21184, .adv_w = 82, .box_w = 5, .box_h = 6, .ofs_x = 0, .ofs_y = -3},
    {.bitmap_index = 21198, .adv_w = 202, .box_w = 13, .box_h = 5, .ofs_x = 0, .ofs_y = 0},
    {.bitmap_index = 21226, .adv_w = 117, .box_w = 10, .box_h = 13, .ofs_x = -1, .ofs_y = -5},
    {.bitmap_index = 21285, .adv_w = 0, .box_w = 5, .box_h = 4, .ofs_x = 0, .ofs_y = 8},
    {.bitmap_index = 21296, .adv_w = 0, .box_w = 5, .box_h = 4, .ofs_x = 0, .ofs_y = 8},
    {.bitmap_index = 21307, .adv_w = 0, .box_w = 5, .box_h = 4, .ofs_x = 0, .ofs_y = 8},
    {.bitmap_index = 21317, .adv_w = 0, .box_w = 6, .box_h = 4, .ofs_x = 0, .ofs_y = 8},
    {.bitmap_index = 21329, .adv_w = 0, .box_w = 7, .box_h = 2, .ofs_x = 0, .ofs_y = 8},
    {.bitmap_index = 21336, .adv_w = 0, .box_w = 4, .box_h = 4, .ofs_x = 0, .ofs_y = 8},
    {.bitmap_index = 21344, .adv_w = 0, .box_w = 6, .box_h = 5, .ofs_x = 0, .ofs_y = 8},
    {.bitmap_index = 21359, .adv_w = 0, .box_w = 3, .box_h = 4, .ofs_x = 0, .ofs_y = 8},
    {.bitmap_index = 21366, .adv_w = 0, .box_w = 3, .box_h = 2, .ofs_x = 0, .ofs_y = 8},
    {.bitmap_index = 21370, .adv_w = 0, .box_w = 3, .box_h = 4, .ofs_x = 0, .ofs_y = 7},
    {.bitmap_index = 21376, .adv_w = 0, .box_w = 3, .box_h = 2, .ofs_x = 0, .ofs_y = -3},
    {.bitmap_index = 21379, .adv_w = 77, .box_w = 3, .box_h = 7, .ofs_x = 1, .ofs_y = 0},
    {.bitmap_index = 21390, .adv_w = 134, .box_w = 0, .box_h = 0, .ofs_x = 0, .ofs_y = 0},
    {.bitmap_index = 21390, .adv_w = 65, .box_w = 4, .box_h = 4, .ofs_x = 0, .ofs_y = 0},
    {.bitmap_index = 21397, .adv_w = 97, .box_w = 6, .box_h = 10, .ofs_x = 0, .ofs_y = 0},
    {.bitmap_index = 21425, .adv_w = 170, .box_w = 11, .box_h = 12, .ofs_x = 0, .ofs_y = -4},
    {.bitmap_index = 21482, .adv_w = 92, .box_w = 6, .box_h = 6, .ofs_x = 0, .ofs_y = -1},
    {.bitmap_index = 21501, .adv_w = 53, .box_w = 5, .box_h = 12, .ofs_x = -1, .ofs_y = 0},
    {.bitmap_index = 21523, .adv_w = 53, .box_w = 3, .box_h = 13, .ofs_x = 0, .ofs_y = 0},
    {.bitmap_index = 21540, .adv_w = 100, .box_w = 6, .box_h = 14, .ofs_x = 0, .ofs_y = -4},
    {.bitmap_index = 21581, .adv_w = 53, .box_w = 4, .box_h = 15, .ofs_x = 0, .ofs_y = -5},
    {.bitmap_index = 21607, .adv_w = 170, .box_w = 11, .box_h = 11, .ofs_x = 0, .ofs_y = -4},
    {.bitmap_index = 21665, .adv_w = 53, .box_w = 2, .box_h = 10, .ofs_x = 1, .ofs_y = 0},
    {.bitmap_index = 21676, .adv_w = 222, .box_w = 14, .box_h = 9, .ofs_x = 0, .ofs_y = -3},
    {.bitmap_index = 21720, .adv_w = 91, .box_w = 6, .box_h = 10, .ofs_x = 0, .ofs_y = 0},
    {.bitmap_index = 21748, .adv_w = 222, .box_w = 14, .box_h = 8, .ofs_x = 0, .ofs_y = 0},
    {.bitmap_index = 21788, .adv_w = 222, .box_w = 14, .box_h = 10, .ofs_x = 0, .ofs_y = 0},
    {.bitmap_index = 21835, .adv_w = 143, .box_w = 9, .box_h = 12, .ofs_x = 0, .ofs_y = -5},
    {.bitmap_index = 21887, .adv_w = 143, .box_w = 9, .box_h = 12, .ofs_x = 0, .ofs_y = -5},
    {.bitmap_index = 21935, .adv_w = 143, .box_w = 9, .box_h = 14, .ofs_x = 0, .ofs_y = -4},
    {.bitmap_index = 21988, .adv_w = 107, .box_w = 7, .box_h = 7, .ofs_x = 0, .ofs_y = 0},
    {.bitmap_index = 22009, .adv_w = 107, .box_w = 7, .box_h = 10, .ofs_x = 0, .ofs_y = 0},
    {.bitmap_index = 22037, .adv_w = 82, .box_w = 6, .box_h = 9, .ofs_x = -1, .ofs_y = -4},
    {.bitmap_index = 22062, .adv_w = 82, .box_w = 6, .box_h = 12, .ofs_x = -1, .ofs_y = -3},
    {.bitmap_index = 22090, .adv_w = 271, .box_w = 17, .box_h = 10, .ofs_x = 0, .ofs_y = -4},
    {.bitmap_index = 22155, .adv_w = 271, .box_w = 17, .box_h = 14, .ofs_x = 0, .ofs_y = -4},
    {.bitmap_index = 22236, .adv_w = 293, .box_w = 18, .box_h = 9, .ofs_x = 0, .ofs_y = -4},
    {.bitmap_index = 22301, .adv_w = 293, .box_w = 18, .box_h = 13, .ofs_x = 0, .ofs_y = -4},
    {.bitmap_index = 22378, .adv_w = 177, .box_w = 11, .box_h = 10, .ofs_x = 0, .ofs_y = 0},
    {.bitmap_index = 22417, .adv_w = 177, .box_w = 11, .box_h = 10, .ofs_x = 0, .ofs_y = 0},
    {.bitmap_index = 22462, .adv_w = 136, .box_w = 9, .box_h = 12, .ofs_x = 0, .ofs_y = -5},
    {.bitmap_index = 22510, .adv_w = 136, .box_w = 9, .box_h = 16, .ofs_x = 0, .ofs_y = -5},
    {.bitmap_index = 22568, .adv_w = 196, .box_w = 13, .box_h = 13, .ofs_x = 0, .ofs_y = 0},
    {.bitmap_index = 22627, .adv_w = 196, .box_w = 13, .box_h = 15, .ofs_x = 0, .ofs_y = -4},
    {.bitmap_index = 22695, .adv_w = 170, .box_w = 11, .box_h = 11, .ofs_x = 0, .ofs_y = -4},
    {.bitmap_index = 22752, .adv_w = 170, .box_w = 11, .box_h = 10, .ofs_x = 0, .ofs_y = -4},
    {.bitmap_index = 22805, .adv_w = 170, .box_w = 11, .box_h = 11, .ofs_x = 0, .ofs_y = -4},
    {.bitmap_index = 22861, .adv_w = 67, .box_w = 5, .box_h = 2, .ofs_x = 0, .ofs_y = 0},
    {.bitmap_index = 22866, .adv_w = 220, .box_w = 14, .box_h = 10, .ofs_x = 0, .ofs_y = 0},
    {.bitmap_index = 22917, .adv_w = 173, .box_w = 11, .box_h = 13, .ofs_x = 0, .ofs_y = -3},
    {.bitmap_index = 22976, .adv_w = 198, .box_w = 12, .box_h = 10, .ofs_x = 0, .ofs_y = 0},
    {.bitmap_index = 23025, .adv_w = 156, .box_w = 9, .box_h = 14, .ofs_x = 0, .ofs_y = -4},
    {.bitmap_index = 23070, .adv_w = 108, .box_w = 7, .box_h = 9, .ofs_x = 0, .ofs_y = -4},
    {.bitmap_index = 23098, .adv_w = 153, .box_w = 9, .box_h = 12, .ofs_x = 0, .ofs_y = -4},
    {.bitmap_index = 23140, .adv_w = 91, .box_w = 6, .box_h = 7, .ofs_x = 0, .ofs_y = 0},
    {.bitmap_index = 23161, .adv_w = 100, .box_w = 6, .box_h = 9, .ofs_x = 0, .ofs_y = -4},
    {.bitmap_index = 23189, .adv_w = 170, .box_w = 11, .box_h = 10, .ofs_x = 0, .ofs_y = -4},
    {.bitmap_index = 23239, .adv_w = 170, .box_w = 11, .box_h = 12, .ofs_x = 0, .ofs_y = -4},
    {.bitmap_index = 23297, .adv_w = 0, .box_w = 4, .box_h = 4, .ofs_x = 0, .ofs_y = 8},
    {.bitmap_index = 23306, .adv_w = 0, .box_w = 5, .box_h = 4, .ofs_x = 0, .ofs_y = 8},
    {.bitmap_index = 23317, .adv_w = 0, .box_w = 4, .box_h = 4, .ofs_x = 0, .ofs_y = -4},
    {.bitmap_index = 23325, .adv_w = 0, .box_w = 4, .box_h = 3, .ofs_x = 0, .ofs_y = 8},
    {.bitmap_index = 23331, .adv_w = 0, .box_w = 4, .box_h = 4, .ofs_x = 0, .ofs_y = 8},
    {.bitmap_index = 23339, .adv_w = 0, .box_w = 4, .box_h = 3, .ofs_x = 0, .ofs_y = -3},
    {.bitmap_index = 23346, .adv_w = 0, .box_w = 5, .box_h = 3, .ofs_x = 0, .ofs_y = 8},
    {.bitmap_index = 23354, .adv_w = 0, .box_w = 3, .box_h = 3, .ofs_x = 0, .ofs_y = 9},
    {.bitmap_index = 23359, .adv_w = 0, .box_w = 5, .box_h = 2, .ofs_x = 0, .ofs_y = 8},
    {.bitmap_index = 23365, .adv_w = 0, .box_w = 4, .box_h = 4, .ofs_x = 0, .ofs_y = 8},
    {.bitmap_index = 23374, .adv_w = 0, .box_w = 4, .box_h = 4, .ofs_x = 0, .ofs_y = -1},
    {.bitmap_index = 23383, .adv_w = 0, .box_w = 2, .box_h = 3, .ofs_x = 0, .ofs_y = -3},
    {.bitmap_index = 23387, .adv_w = 0, .box_w = 4, .box_h = 4, .ofs_x = 0, .ofs_y = 8},
    {.bitmap_index = 23396, .adv_w = 0, .box_w = 3, .box_h = 3, .ofs_x = 0, .ofs_y = 8},
    {.bitmap_index = 23401, .adv_w = 0, .box_w = 4, .box_h = 1, .ofs_x = 0, .ofs_y = 9},
    {.bitmap_index = 23404, .adv_w = 0, .box_w = 4, .box_h = 4, .ofs_x = 0, .ofs_y = 7},
    {.bitmap_index = 23412, .adv_w = 0, .box_w = 4, .box_h = 4, .ofs_x = 0, .ofs_y = 7},
    {.bitmap_index = 23421, .adv_w = 0, .box_w = 3, .box_h = 2, .ofs_x = 0, .ofs_y = -3},
    {.bitmap_index = 23424, .adv_w = 0, .box_w = 5, .box_h = 4, .ofs_x = 0, .ofs_y = 8},
    {.bitmap_index = 23435, .adv_w = 0, .box_w = 4, .box_h = 4, .ofs_x = 0, .ofs_y = 7},
    {.bitmap_index = 23444, .adv_w = 0, .box_w = 5, .box_h = 4, .ofs_x = 0, .ofs_y = -5},
    {.bitmap_index = 23455, .adv_w = 66, .box_w = 4, .box_h = 4, .ofs_x = 0, .ofs_y = 2},
    {.bitmap_index = 23463, .adv_w = 63, .box_w = 4, .box_h = 11, .ofs_x = 0, .ofs_y = -1},
    {.bitmap_index = 23486, .adv_w = 109, .box_w = 7, .box_h = 10, .ofs_x = 0, .ofs_y = 0},
    {.bitmap_index = 23516, .adv_w = 131, .box_w = 8, .box_h = 11, .ofs_x = 0, .ofs_y = -1},
    {.bitmap_index = 23553, .adv_w = 107, .box_w = 7, .box_h = 10, .ofs_x = 0, .ofs_y = 0},
    {.bitmap_index = 23586, .adv_w = 119, .box_w = 7, .box_h = 7, .ofs_x = 0, .ofs_y = 0},
    {.bitmap_index = 23611, .adv_w = 113, .box_w = 7, .box_h = 11, .ofs_x = 0, .ofs_y = -1},
    {.bitmap_index = 23643, .adv_w = 129, .box_w = 8, .box_h = 11, .ofs_x = 0, .ofs_y = -1},
    {.bitmap_index = 23683, .adv_w = 129, .box_w = 8, .box_h = 11, .ofs_x = 0, .ofs_y = -1},
    {.bitmap_index = 23723, .adv_w = 110, .box_w = 6, .box_h = 10, .ofs_x = 0, .ofs_y = 0},
    {.bitmap_index = 23752, .adv_w = 106, .box_w = 7, .box_h = 11, .ofs_x = 0, .ofs_y = -1},
    {.bitmap_index = 23789, .adv_w = 55, .box_w = 3, .box_h = 4, .ofs_x = 0, .ofs_y = -2},
    {.bitmap_index = 23796, .adv_w = 55, .box_w = 3, .box_h = 4, .ofs_x = 0, .ofs_y = 0},
    {.bitmap_index = 23803, .adv_w = 112, .box_w = 7, .box_h = 7, .ofs_x = 0, .ofs_y = 0},
    {.bitmap_index = 23826, .adv_w = 222, .box_w = 14, .box_h = 6, .ofs_x = 0, .ofs_y = 0},
    {.bitmap_index = 23856, .adv_w = 173, .box_w = 11, .box_h = 9, .ofs_x = 0, .ofs_y = -3},
    {.bitmap_index = 23903, .adv_w = 0, .box_w = 2, .box_h = 3, .ofs_x = 0, .ofs_y = 8},
    {.bitmap_index = 23907, .adv_w = 53, .box_w = 5, .box_h = 13, .ofs_x = -1, .ofs_y = 0},
    {.bitmap_index = 23931, .adv_w = 53, .box_w = 6, .box_h = 14, .ofs_x = -2, .ofs_y = 0},
    {.bitmap_index = 23961, .adv_w = 53, .box_w = 5, .box_h = 15, .ofs_x = -1, .ofs_y = -5},
    {.bitmap_index = 23991, .adv_w = 44, .box_w = 3, .box_h = 4, .ofs_x = 0, .ofs_y = 8},
    {.bitmap_index = 23998, .adv_w = 90, .box_w = 5, .box_h = 12, .ofs_x = 1, .ofs_y = 0},
    {.bitmap_index = 24023, .adv_w = 100, .box_w = 7, .box_h = 13, .ofs_x = 0, .ofs_y = -4},
    {.bitmap_index = 24066, .adv_w = 134, .box_w = 8, .box_h = 13, .ofs_x = 0, .ofs_y = -4},
    {.bitmap_index = 24117, .adv_w = 191, .box_w = 13, .box_h = 15, .ofs_x = 0, .ofs_y = -4},
    {.bitmap_index = 24190, .adv_w = 222, .box_w = 14, .box_h = 10, .ofs_x = 0, .ofs_y = 0},
    {.bitmap_index = 24238, .adv_w = 222, .box_w = 14, .box_h = 10, .ofs_x = 0, .ofs_y = 0},
    {.bitmap_index = 24284, .adv_w = 222, .box_w = 14, .box_h = 10, .ofs_x = 0, .ofs_y = -4},
    {.bitmap_index = 24328, .adv_w = 222, .box_w = 14, .box_h = 10, .ofs_x = 0, .ofs_y = -2},
    {.bitmap_index = 24379, .adv_w = 222, .box_w = 14, .box_h = 10, .ofs_x = 0, .ofs_y = 0},
    {.bitmap_index = 24426, .adv_w = 222, .box_w = 14, .box_h = 10, .ofs_x = 0, .ofs_y = -4},
    {.bitmap_index = 24474, .adv_w = 222, .box_w = 14, .box_h = 10, .ofs_x = 0, .ofs_y = 0},
    {.bitmap_index = 24522, .adv_w = 222, .box_w = 14, .box_h = 10, .ofs_x = 0, .ofs_y = -4},
    {.bitmap_index = 24571, .adv_w = 143, .box_w = 9, .box_h = 17, .ofs_x = 0, .ofs_y = -5},
    {.bitmap_index = 24634, .adv_w = 143, .box_w = 9, .box_h = 17, .ofs_x = 0, .ofs_y = -4},
    {.bitmap_index = 24694, .adv_w = 148, .box_w = 9, .box_h = 12, .ofs_x = 0, .ofs_y = -5},
    {.bitmap_index = 24747, .adv_w = 143, .box_w = 9, .box_h = 12, .ofs_x = 0, .ofs_y = -5},
    {.bitmap_index = 24800, .adv_w = 143, .box_w = 9, .box_h = 16, .ofs_x = 0, .ofs_y = -4},
    {.bitmap_index = 24860, .adv_w = 148, .box_w = 9, .box_h = 12, .ofs_x = 0, .ofs_y = -5},
    {.bitmap_index = 24914, .adv_w = 148, .box_w = 9, .box_h = 12, .ofs_x = 0, .ofs_y = -5},
    {.bitmap_index = 24969, .adv_w = 107, .box_w = 7, .box_h = 12, .ofs_x = 0, .ofs_y = 0},
    {.bitmap_index = 25004, .adv_w = 107, .box_w = 7, .box_h = 9, .ofs_x = 0, .ofs_y = -2},
    {.bitmap_index = 25032, .adv_w = 107, .box_w = 7, .box_h = 10, .ofs_x = 0, .ofs_y = -3},
    {.bitmap_index = 25062, .adv_w = 107, .box_w = 7, .box_h = 15, .ofs_x = 0, .ofs_y = -3},
    {.bitmap_index = 25106, .adv_w = 107, .box_w = 7, .box_h = 10, .ofs_x = 0, .ofs_y = 0},
    {.bitmap_index = 25135, .adv_w = 107, .box_w = 7, .box_h = 10, .ofs_x = 0, .ofs_y = -3},
    {.bitmap_index = 25166, .adv_w = 107, .box_w = 7, .box_h = 12, .ofs_x = 0, .ofs_y = 0},
    {.bitmap_index = 25200, .adv_w = 107, .box_w = 7, .box_h = 12, .ofs_x = 0, .ofs_y = 0},
    {.bitmap_index = 25235, .adv_w = 107, .box_w = 7, .box_h = 12, .ofs_x = 0, .ofs_y = 0},
    {.bitmap_index = 25271, .adv_w = 82, .box_w = 6, .box_h = 14, .ofs_x = -1, .ofs_y = -3},
    {.bitmap_index = 25307, .adv_w = 82, .box_w = 6, .box_h = 14, .ofs_x = -1, .ofs_y = -4},
    {.bitmap_index = 25345, .adv_w = 82, .box_w = 6, .box_h = 9, .ofs_x = -1, .ofs_y = -3},
    {.bitmap_index = 25366, .adv_w = 82, .box_w = 6, .box_h = 10, .ofs_x = -1, .ofs_y = -4},
    {.bitmap_index = 25390, .adv_w = 82, .box_w = 6, .box_h = 11, .ofs_x = -1, .ofs_y = -6},
    {.bitmap_index = 25421, .adv_w = 82, .box_w = 6, .box_h = 9, .ofs_x = -1, .ofs_y = -4},
    {.bitmap_index = 25447, .adv_w = 82, .box_w = 6, .box_h = 12, .ofs_x = -1, .ofs_y = -3},
    {.bitmap_index = 25477, .adv_w = 82, .box_w = 6, .box_h = 14, .ofs_x = -1, .ofs_y = -3},
    {.bitmap_index = 25512, .adv_w = 82, .box_w = 6, .box_h = 14, .ofs_x = -1, .ofs_y = -3},
    {.bitmap_index = 25547, .adv_w = 271, .box_w = 17, .box_h = 12, .ofs_x = 0, .ofs_y = -4},
    {.bitmap_index = 25625, .adv_w = 271, .box_w = 17, .box_h = 10, .ofs_x = 0, .ofs_y = -4},
    {.bitmap_index = 25695, .adv_w = 271, .box_w = 17, .box_h = 14, .ofs_x = 0, .ofs_y = -4},
    {.bitmap_index = 25782, .adv_w = 293, .box_w = 18, .box_h = 9, .ofs_x = 0, .ofs_y = -4},
    {.bitmap_index = 25854, .adv_w = 293, .box_w = 18, .box_h = 15, .ofs_x = 0, .ofs_y = -4},
    {.bitmap_index = 25942, .adv_w = 177, .box_w = 11, .box_h = 11, .ofs_x = 0, .ofs_y = 0},
    {.bitmap_index = 25993, .adv_w = 136, .box_w = 9, .box_h = 18, .ofs_x = 0, .ofs_y = -5},
    {.bitmap_index = 26058, .adv_w = 220, .box_w = 14, .box_h = 7, .ofs_x = 0, .ofs_y = 0},
    {.bitmap_index = 26097, .adv_w = 220, .box_w = 14, .box_h = 10, .ofs_x = 0, .ofs_y = -3},
    {.bitmap_index = 26149, .adv_w = 220, .box_w = 14, .box_h = 13, .ofs_x = 0, .ofs_y = -3},
    {.bitmap_index = 26213, .adv_w = 220, .box_w = 14, .box_h = 13, .ofs_x = 0, .ofs_y = 0},
    {.bitmap_index = 26272, .adv_w = 220, .box_w = 14, .box_h = 12, .ofs_x = 0, .ofs_y = -5},
    {.bitmap_index = 26332, .adv_w = 220, .box_w = 14, .box_h = 13, .ofs_x = 0, .ofs_y = 0},
    {.bitmap_index = 26392, .adv_w = 173, .box_w = 11, .box_h = 13, .ofs_x = 0, .ofs_y = -3},
    {.bitmap_index = 26449, .adv_w = 173, .box_w = 11, .box_h = 14, .ofs_x = 0, .ofs_y = -4},
    {.bitmap_index = 26515, .adv_w = 196, .box_w = 13, .box_h = 11, .ofs_x = 0, .ofs_y = 0},
    {.bitmap_index = 26566, .adv_w = 228, .box_w = 14, .box_h = 9, .ofs_x = 0, .ofs_y = 0},
    {.bitmap_index = 26611, .adv_w = 196, .box_w = 13, .box_h = 11, .ofs_x = 0, .ofs_y = 0},
    {.bitmap_index = 26664, .adv_w = 198, .box_w = 12, .box_h = 10, .ofs_x = 0, .ofs_y = 0},
    {.bitmap_index = 26717, .adv_w = 198, .box_w = 12, .box_h = 13, .ofs_x = 0, .ofs_y = 0},
    {.bitmap_index = 26779, .adv_w = 198, .box_w = 12, .box_h = 14, .ofs_x = 0, .ofs_y = -4},
    {.bitmap_index = 26845, .adv_w = 196, .box_w = 13, .box_h = 12, .ofs_x = 0, .ofs_y = 0},
    {.bitmap_index = 26904, .adv_w = 196, .box_w = 13, .box_h = 12, .ofs_x = 0, .ofs_y = 0},
    {.bitmap_index = 26966, .adv_w = 196, .box_w = 13, .box_h = 14, .ofs_x = 0, .ofs_y = 0},
    {.bitmap_index = 27032, .adv_w = 196, .box_w = 13, .box_h = 15, .ofs_x = 0, .ofs_y = -3},
    {.bitmap_index = 27106, .adv_w = 196, .box_w = 13, .box_h = 16, .ofs_x = 0, .ofs_y = -4},
    {.bitmap_index = 27179, .adv_w = 196, .box_w = 13, .box_h = 15, .ofs_x = 0, .ofs_y = 0},
    {.bitmap_index = 27250, .adv_w = 156, .box_w = 9, .box_h = 16, .ofs_x = 0, .ofs_y = -4},
    {.bitmap_index = 27304, .adv_w = 156, .box_w = 9, .box_h = 14, .ofs_x = 0, .ofs_y = -4},
    {.bitmap_index = 27353, .adv_w = 156, .box_w = 9, .box_h = 16, .ofs_x = 0, .ofs_y = -4},
    {.bitmap_index = 27409, .adv_w = 156, .box_w = 9, .box_h = 15, .ofs_x = 0, .ofs_y = -5},
    {.bitmap_index = 27457, .adv_w = 153, .box_w = 9, .box_h = 14, .ofs_x = 0, .ofs_y = -4},
    {.bitmap_index = 27505, .adv_w = 153, .box_w = 9, .box_h = 9, .ofs_x = 0, .ofs_y = -4},
    {.bitmap_index = 27538, .adv_w = 153, .box_w = 9, .box_h = 14, .ofs_x = 0, .ofs_y = -4},
    {.bitmap_index = 27588, .adv_w = 153, .box_w = 9, .box_h = 13, .ofs_x = 0, .ofs_y = -3},
    {.bitmap_index = 27633, .adv_w = 153, .box_w = 9, .box_h = 13, .ofs_x = 0, .ofs_y = -4},
    {.bitmap_index = 27679, .adv_w = 151, .box_w = 9, .box_h = 8, .ofs_x = 0, .ofs_y = 0},
    {.bitmap_index = 27711, .adv_w = 148, .box_w = 9, .box_h = 14, .ofs_x = 0, .ofs_y = -4},
    {.bitmap_index = 27769, .adv_w = 91, .box_w = 6, .box_h = 11, .ofs_x = 0, .ofs_y = 0},
    {.bitmap_index = 27801, .adv_w = 91, .box_w = 6, .box_h = 7, .ofs_x = 0, .ofs_y = 0},
    {.bitmap_index = 27822, .adv_w = 91, .box_w = 6, .box_h = 11, .ofs_x = 0, .ofs_y = 0},
    {.bitmap_index = 27854, .adv_w = 91, .box_w = 6, .box_h = 10, .ofs_x = 0, .ofs_y = 0},
    {.bitmap_index = 27882, .adv_w = 100, .box_w = 6, .box_h = 9, .ofs_x = 0, .ofs_y = -4},
    {.bitmap_index = 27910, .adv_w = 100, .box_w = 6, .box_h = 9, .ofs_x = 0, .ofs_y = -4},
    {.bitmap_index = 27938, .adv_w = 100, .box_w = 6, .box_h = 14, .ofs_x = 0, .ofs_y = -4},
    {.bitmap_index = 27979, .adv_w = 100, .box_w = 6, .box_h = 14, .ofs_x = 0, .ofs_y = -4},
    {.bitmap_index = 28021, .adv_w = 100, .box_w = 6, .box_h = 14, .ofs_x = 0, .ofs_y = -4},
    {.bitmap_index = 28058, .adv_w = 100, .box_w = 6, .box_h = 14, .ofs_x = 0, .ofs_y = -4},
    {.bitmap_index = 28100, .adv_w = 100, .box_w = 6, .box_h = 13, .ofs_x = 0, .ofs_y = -4},
    {.bitmap_index = 28138, .adv_w = 100, .box_w = 6, .box_h = 14, .ofs_x = 0, .ofs_y = -4},
    {.bitmap_index = 28178, .adv_w = 170, .box_w = 11, .box_h = 10, .ofs_x = 0, .ofs_y = -4},
    {.bitmap_index = 28228, .adv_w = 200, .box_w = 13, .box_h = 10, .ofs_x = 0, .ofs_y = -3},
    {.bitmap_index = 28283, .adv_w = 170, .box_w = 11, .box_h = 11, .ofs_x = 0, .ofs_y = -4},
    {.bitmap_index = 28341, .adv_w = 100, .box_w = 6, .box_h = 13, .ofs_x = 0, .ofs_y = -4},
    {.bitmap_index = 28377, .adv_w = 170, .box_w = 11, .box_h = 13, .ofs_x = 0, .ofs_y = -5},
    {.bitmap_index = 28435, .adv_w = 170, .box_w = 11, .box_h = 13, .ofs_x = 0, .ofs_y = -5},
    {.bitmap_index = 28495, .adv_w = 211, .box_w = 13, .box_h = 7, .ofs_x = 0, .ofs_y = 0},
    {.bitmap_index = 28531, .adv_w = 211, .box_w = 13, .box_h = 11, .ofs_x = 0, .ofs_y = 0},
    {.bitmap_index = 28582, .adv_w = 67, .box_w = 4, .box_h = 2, .ofs_x = 0, .ofs_y = 0},
    {.bitmap_index = 28586, .adv_w = 91, .box_w = 6, .box_h = 7, .ofs_x = 0, .ofs_y = 0},
    {.bitmap_index = 28607, .adv_w = 0, .box_w = 6, .box_h = 5, .ofs_x = -3, .ofs_y = 10},
    {.bitmap_index = 28621, .adv_w = 0, .box_w = 6, .box_h = 5, .ofs_x = -3, .ofs_y = 10},
    {.bitmap_index = 28636, .adv_w = 0, .box_w = 4, .box_h = 4, .ofs_x = -2, .ofs_y = 11},
    {.bitmap_index = 28645, .adv_w = 0, .box_w = 4, .box_h = 4, .ofs_x = -2, .ofs_y = 11},
    {.bitmap_index = 28654, .adv_w = 0, .box_w = 4, .box_h = 4, .ofs_x = -2, .ofs_y = 10},
    {.bitmap_index = 28663, .adv_w = 0, .box_w = 4, .box_h = 4, .ofs_x = -2, .ofs_y = 11},
    {.bitmap_index = 28670, .adv_w = 0, .box_w = 6, .box_h = 4, .ofs_x = 0, .ofs_y = 8},
    {.bitmap_index = 28681, .adv_w = 307, .box_w = 17, .box_h = 17, .ofs_x = 1, .ofs_y = -4},
    {.bitmap_index = 28784, .adv_w = 224, .box_w = 14, .box_h = 14, .ofs_x = 0, .ofs_y = -3},
    {.bitmap_index = 28867, .adv_w = 0, .box_w = 3, .box_h = 3, .ofs_x = 0, .ofs_y = 8},
    {.bitmap_index = 28872, .adv_w = 0, .box_w = 3, .box_h = 4, .ofs_x = 0, .ofs_y = 8},
    {.bitmap_index = 28878, .adv_w = 0, .box_w = 4, .box_h = 3, .ofs_x = 0, .ofs_y = 9},
    {.bitmap_index = 28884, .adv_w = 0, .box_w = 3, .box_h = 4, .ofs_x = 0, .ofs_y = 8},
    {.bitmap_index = 28890, .adv_w = 0, .box_w = 6, .box_h = 4, .ofs_x = 0, .ofs_y = 8},
    {.bitmap_index = 28901, .adv_w = 0, .box_w = 4, .box_h = 2, .ofs_x = 0, .ofs_y = 8},
    {.bitmap_index = 28905, .adv_w = 41, .box_w = 3, .box_h = 3, .ofs_x = 0, .ofs_y = 0},
    {.bitmap_index = 28910, .adv_w = 79, .box_w = 5, .box_h = 3, .ofs_x = 0, .ofs_y = 0},
    {.bitmap_index = 28918, .adv_w = 0, .box_w = 5, .box_h = 3, .ofs_x = 0, .ofs_y = 8},
    {.bitmap_index = 28926, .adv_w = 0, .box_w = 4, .box_h = 4, .ofs_x = 0, .ofs_y = 8},
    {.bitmap_index = 28935, .adv_w = 136, .box_w = 8, .box_h = 10, .ofs_x = 0, .ofs_y = 0},
    {.bitmap_index = 28973, .adv_w = 0, .box_w = 4, .box_h = 4, .ofs_x = 0, .ofs_y = -4},
    {.bitmap_index = 28981, .adv_w = 0, .box_w = 4, .box_h = 4, .ofs_x = 0, .ofs_y = 8},
    {.bitmap_index = 28990, .adv_w = 0, .box_w = 3, .box_h = 2, .ofs_x = 0, .ofs_y = 9},
    {.bitmap_index = 28993, .adv_w = 0, .box_w = 3, .box_h = 4, .ofs_x = 0, .ofs_y = -4},
    {.bitmap_index = 28999, .adv_w = 107, .box_w = 7, .box_h = 12, .ofs_x = 0, .ofs_y = 0},
    {.bitmap_index = 29033, .adv_w = 82, .box_w = 6, .box_h = 14, .ofs_x = -1, .ofs_y = -4},
    {.bitmap_index = 29071, .adv_w = 66, .box_w = 4, .box_h = 4, .ofs_x = 0, .ofs_y = 2},
    {.bitmap_index = 29079, .adv_w = 63, .box_w = 4, .box_h = 11, .ofs_x = 0, .ofs_y = -1},
    {.bitmap_index = 29102, .adv_w = 109, .box_w = 7, .box_h = 10, .ofs_x = 0, .ofs_y = 0},
    {.bitmap_index = 29132, .adv_w = 131, .box_w = 8, .box_h = 11, .ofs_x = 0, .ofs_y = -1},
    {.bitmap_index = 29169, .adv_w = 110, .box_w = 7, .box_h = 10, .ofs_x = 0, .ofs_y = 0},
    {.bitmap_index = 29200, .adv_w = 122, .box_w = 7, .box_h = 10, .ofs_x = 0, .ofs_y = 0},
    {.bitmap_index = 29234, .adv_w = 95, .box_w = 6, .box_h = 10, .ofs_x = 0, .ofs_y = 0},
    {.bitmap_index = 29264, .adv_w = 129, .box_w = 8, .box_h = 11, .ofs_x = 0, .ofs_y = -1},
    {.bitmap_index = 29304, .adv_w = 129, .box_w = 8, .box_h = 11, .ofs_x = 0, .ofs_y = -1},
    {.bitmap_index = 29344, .adv_w = 110, .box_w = 6, .box_h = 10, .ofs_x = 0, .ofs_y = 0},
    {.bitmap_index = 29373, .adv_w = 271, .box_w = 17, .box_h = 14, .ofs_x = 0, .ofs_y = -4},
    {.bitmap_index = 29459, .adv_w = 293, .box_w = 18, .box_h = 13, .ofs_x = 0, .ofs_y = -4},
    {.bitmap_index = 29540, .adv_w = 136, .box_w = 9, .box_h = 16, .ofs_x = 0, .ofs_y = -5},
    {.bitmap_index = 29601, .adv_w = 92, .box_w = 6, .box_h = 8, .ofs_x = 0, .ofs_y = -3},
    {.bitmap_index = 29624, .adv_w = 108, .box_w = 7, .box_h = 9, .ofs_x = 0, .ofs_y = -4},
    {.bitmap_index = 29656, .adv_w = 151, .box_w = 9, .box_h = 12, .ofs_x = 0, .ofs_y = 0},
    {.bitmap_index = 29701, .adv_w = 112, .box_w = 7, .box_h = 2, .ofs_x = 0, .ofs_y = 3},
    {.bitmap_index = 29706, .adv_w = 224, .box_w = 14, .box_h = 2, .ofs_x = 0, .ofs_y = 3},
    {.bitmap_index = 29715, .adv_w = 39, .box_w = 3, .box_h = 4, .ofs_x = 0, .ofs_y = 6},
    {.bitmap_index = 29722, .adv_w = 39, .box_w = 3, .box_h = 4, .ofs_x = 0, .ofs_y = 6},
    {.bitmap_index = 29729, .adv_w = 80, .box_w = 5, .box_h = 4, .ofs_x = 0, .ofs_y = 6},
    {.bitmap_index = 29740, .adv_w = 80, .box_w = 5, .box_h = 4, .ofs_x = 0, .ofs_y = 6},
    {.bitmap_index = 29751, .adv_w = 84, .box_w = 4, .box_h = 4, .ofs_x = 1, .ofs_y = 4},
    {.bitmap_index = 29760, .adv_w = 177, .box_w = 10, .box_h = 2, .ofs_x = 1, .ofs_y = 0},
    {.bitmap_index = 29768, .adv_w = 128, .box_w = 8, .box_h = 10, .ofs_x = 0, .ofs_y = 0},
    {.bitmap_index = 29808, .adv_w = 223, .box_w = 14, .box_h = 12, .ofs_x = 0, .ofs_y = -1},
    {.bitmap_index = 29870, .adv_w = 196, .box_w = 12, .box_h = 11, .ofs_x = 0, .ofs_y = 0},
    {.bitmap_index = 29913, .adv_w = 173, .box_w = 10, .box_h = 5, .ofs_x = 0, .ofs_y = 5},
    {.bitmap_index = 29936, .adv_w = 134, .box_w = 7, .box_h = 7, .ofs_x = 1, .ofs_y = 0},
    {.bitmap_index = 29958, .adv_w = 134, .box_w = 7, .box_h = 7, .ofs_x = 1, .ofs_y = 0},
    {.bitmap_index = 29978, .adv_w = 134, .box_w = 8, .box_h = 7, .ofs_x = 0, .ofs_y = 0},
    {.bitmap_index = 30001, .adv_w = 134, .box_w = 7, .box_h = 7, .ofs_x = 1, .ofs_y = 0},
    {.bitmap_index = 30022, .adv_w = 130, .box_w = 8, .box_h = 8, .ofs_x = 0, .ofs_y = 1},
    {.bitmap_index = 30052, .adv_w = 130, .box_w = 8, .box_h = 9, .ofs_x = 0, .ofs_y = 0},
    {.bitmap_index = 30084, .adv_w = 130, .box_w = 8, .box_h = 9, .ofs_x = 0, .ofs_y = 0},
    {.bitmap_index = 30115, .adv_w = 68, .box_w = 4, .box_h = 4, .ofs_x = 0, .ofs_y = 8},
    {.bitmap_index = 30124, .adv_w = 67, .box_w = 5, .box_h = 12, .ofs_x = 0, .ofs_y = 0},
    {.bitmap_index = 30143, .adv_w = 84, .box_w = 5, .box_h = 4, .ofs_x = 0, .ofs_y = 8},
    {.bitmap_index = 30154, .adv_w = 60, .box_w = 5, .box_h = 7, .ofs_x = 0, .ofs_y = -4},
    {.bitmap_index = 30171, .adv_w = 68, .box_w = 4, .box_h = 4, .ofs_x = 0, .ofs_y = -4},
    {.bitmap_index = 30179, .adv_w = 68, .box_w = 4, .box_h = 3, .ofs_x = 0, .ofs_y = 8},
    {.bitmap_index = 30185, .adv_w = 67, .box_w = 5, .box_h = 11, .ofs_x = 0, .ofs_y = 0},
    {.bitmap_index = 30201, .adv_w = 68, .box_w = 4, .box_h = 4, .ofs_x = 0, .ofs_y = 8},
    {.bitmap_index = 30209, .adv_w = 67, .box_w = 6, .box_h = 12, .ofs_x = -1, .ofs_y = 0},
    {.bitmap_index = 30231, .adv_w = 66, .box_w = 4, .box_h = 3, .ofs_x = 0, .ofs_y = -3},
    {.bitmap_index = 30238, .adv_w = 67, .box_w = 5, .box_h = 5, .ofs_x = 0, .ofs_y = -3},
    {.bitmap_index = 30251, .adv_w = 72, .box_w = 5, .box_h = 3, .ofs_x = 0, .ofs_y = 8},
    {.bitmap_index = 30259, .adv_w = 67, .box_w = 5, .box_h = 12, .ofs_x = 0, .ofs_y = 0},
    {.bitmap_index = 30278, .adv_w = 53, .box_w = 3, .box_h = 3, .ofs_x = 0, .ofs_y = 9},
    {.bitmap_index = 30283, .adv_w = 67, .box_w = 5, .box_h = 12, .ofs_x = 0, .ofs_y = 0},
    {.bitmap_index = 30301, .adv_w = 92, .box_w = 6, .box_h = 6, .ofs_x = 0, .ofs_y = -1},
    {.bitmap_index = 30320, .adv_w = 53, .box_w = 5, .box_h = 12, .ofs_x = -1, .ofs_y = 0},
    {.bitmap_index = 30342, .adv_w = 65, .box_w = 6, .box_h = 12, .ofs_x = -1, .ofs_y = 0},
    {.bitmap_index = 30373, .adv_w = 53, .box_w = 3, .box_h = 13, .ofs_x = 0, .ofs_y = 0},
    {.bitmap_index = 30390, .adv_w = 65, .box_w = 5, .box_h = 13, .ofs_x = 0, .ofs_y = 0},
    {.bitmap_index = 30420, .adv_w = 100, .box_w = 6, .box_h = 14, .ofs_x = 0, .ofs_y = -4},
    {.bitmap_index = 30461, .adv_w = 106, .box_w = 8, .box_h = 14, .ofs_x = 0, .ofs_y = -4},
    {.bitmap_index = 30510, .adv_w = 53, .box_w = 4, .box_h = 15, .ofs_x = 0, .ofs_y = -5},
    {.bitmap_index = 30536, .adv_w = 65, .box_w = 5, .box_h = 15, .ofs_x = 0, .ofs_y = -5},
    {.bitmap_index = 30571, .adv_w = 170, .box_w = 11, .box_h = 11, .ofs_x = 0, .ofs_y = -4},
    {.bitmap_index = 30629, .adv_w = 165, .box_w = 11, .box_h = 11, .ofs_x = 0, .ofs_y = -4},
    {.bitmap_index = 30678, .adv_w = 60, .box_w = 4, .box_h = 11, .ofs_x = 0, .ofs_y = 0},
    {.bitmap_index = 30701, .adv_w = 77, .box_w = 6, .box_h = 9, .ofs_x = 0, .ofs_y = 0},
    {.bitmap_index = 30726, .adv_w = 53, .box_w = 2, .box_h = 10, .ofs_x = 1, .ofs_y = 0},
    {.bitmap_index = 30737, .adv_w = 65, .box_w = 4, .box_h = 10, .ofs_x = 1, .ofs_y = 0},
    {.bitmap_index = 30757, .adv_w = 222, .box_w = 14, .box_h = 9, .ofs_x = 0, .ofs_y = -3},
    {.bitmap_index = 30801, .adv_w = 245, .box_w = 16, .box_h = 8, .ofs_x = 0, .ofs_y = -3},
    {.bitmap_index = 30849, .adv_w = 60, .box_w = 4, .box_h = 9, .ofs_x = 0, .ofs_y = -3},
    {.bitmap_index = 30868, .adv_w = 77, .box_w = 6, .box_h = 8, .ofs_x = 0, .ofs_y = -3},
    {.bitmap_index = 30889, .adv_w = 91, .box_w = 6, .box_h = 10, .ofs_x = 0, .ofs_y = 0},
    {.bitmap_index = 30917, .adv_w = 109, .box_w = 8, .box_h = 10, .ofs_x = 0, .ofs_y = 0},
    {.bitmap_index = 30953, .adv_w = 222, .box_w = 14, .box_h = 8, .ofs_x = 0, .ofs_y = 0},
    {.bitmap_index = 30993, .adv_w = 245, .box_w = 16, .box_h = 8, .ofs_x = 0, .ofs_y = 0},
    {.bitmap_index = 31037, .adv_w = 67, .box_w = 4, .box_h = 9, .ofs_x = 0, .ofs_y = 0},
    {.bitmap_index = 31055, .adv_w = 84, .box_w = 6, .box_h = 8, .ofs_x = 0, .ofs_y = 0},
    {.bitmap_index = 31077, .adv_w = 222, .box_w = 14, .box_h = 10, .ofs_x = 0, .ofs_y = 0},
    {.bitmap_index = 31124, .adv_w = 245, .box_w = 16, .box_h = 10, .ofs_x = 0, .ofs_y = 0},
    {.bitmap_index = 31177, .adv_w = 67, .box_w = 4, .box_h = 10, .ofs_x = 0, .ofs_y = 0},
    {.bitmap_index = 31198, .adv_w = 84, .box_w = 6, .box_h = 9, .ofs_x = 0, .ofs_y = 0},
    {.bitmap_index = 31222, .adv_w = 143, .box_w = 9, .box_h = 12, .ofs_x = 0, .ofs_y = -5},
    {.bitmap_index = 31274, .adv_w = 145, .box_w = 10, .box_h = 12, .ofs_x = 0, .ofs_y = -5},
    {.bitmap_index = 31332, .adv_w = 132, .box_w = 8, .box_h = 8, .ofs_x = 0, .ofs_y = -3},
    {.bitmap_index = 31361, .adv_w = 143, .box_w = 10, .box_h = 8, .ofs_x = 0, .ofs_y = -3},
    {.bitmap_index = 31397, .adv_w = 143, .box_w = 9, .box_h = 12, .ofs_x = 0, .ofs_y = -5},
    {.bitmap_index = 31445, .adv_w = 145, .box_w = 10, .box_h = 12, .ofs_x = 0, .ofs_y = -5},
    {.bitmap_index = 31502, .adv_w = 132, .box_w = 8, .box_h = 5, .ofs_x = 0, .ofs_y = 0},
    {.bitmap_index = 31522, .adv_w = 143, .box_w = 10, .box_h = 5, .ofs_x = 0, .ofs_y = 0},
    {.bitmap_index = 31546, .adv_w = 143, .box_w = 9, .box_h = 14, .ofs_x = 0, .ofs_y = -4},
    {.bitmap_index = 31599, .adv_w = 145, .box_w = 10, .box_h = 15, .ofs_x = 0, .ofs_y = -5},
    {.bitmap_index = 31665, .adv_w = 132, .box_w = 8, .box_h = 9, .ofs_x = 0, .ofs_y = 0},
    {.bitmap_index = 31694, .adv_w = 143, .box_w = 10, .box_h = 9, .ofs_x = 0, .ofs_y = 0},
    {.bitmap_index = 31728, .adv_w = 107, .box_w = 7, .box_h = 7, .ofs_x = 0, .ofs_y = 0},
    {.bitmap_index = 31749, .adv_w = 119, .box_w = 9, .box_h = 7, .ofs_x = 0, .ofs_y = 0},
    {.bitmap_index = 31774, .adv_w = 107, .box_w = 7, .box_h = 10, .ofs_x = 0, .ofs_y = 0},
    {.bitmap_index = 31802, .adv_w = 119, .box_w = 9, .box_h = 10, .ofs_x = 0, .ofs_y = 0},
    {.bitmap_index = 31834, .adv_w = 82, .box_w = 6, .box_h = 9, .ofs_x = -1, .ofs_y = -4},
    {.bitmap_index = 31859, .adv_w = 89, .box_w = 8, .box_h = 9, .ofs_x = -1, .ofs_y = -4},
    {.bitmap_index = 31888, .adv_w = 82, .box_w = 6, .box_h = 12, .ofs_x = -1, .ofs_y = -3},
    {.bitmap_index = 31916, .adv_w = 89, .box_w = 8, .box_h = 13, .ofs_x = -1, .ofs_y = -4},
    {.bitmap_index = 31954, .adv_w = 271, .box_w = 17, .box_h = 10, .ofs_x = 0, .ofs_y = -4},
    {.bitmap_index = 32019, .adv_w = 284, .box_w = 19, .box_h = 9, .ofs_x = 0, .ofs_y = -4},
    {.bitmap_index = 32084, .adv_w = 176, .box_w = 11, .box_h = 6, .ofs_x = 0, .ofs_y = 0},
    {.bitmap_index = 32113, .adv_w = 190, .box_w = 13, .box_h = 5, .ofs_x = 0, .ofs_y = 0},
    {.bitmap_index = 32143, .adv_w = 271, .box_w = 17, .box_h = 14, .ofs_x = 0, .ofs_y = -4},
    {.bitmap_index = 32224, .adv_w = 284, .box_w = 19, .box_h = 14, .ofs_x = 0, .ofs_y = -4},
    {.bitmap_index = 32311, .adv_w = 176, .box_w = 11, .box_h = 10, .ofs_x = 0, .ofs_y = 0},
    {.bitmap_index = 32354, .adv_w = 190, .box_w = 13, .box_h = 10, .ofs_x = 0, .ofs_y = 0},
    {.bitmap_index = 32402, .adv_w = 293, .box_w = 18, .box_h = 9, .ofs_x = 0, .ofs_y = -4},
    {.bitmap_index = 32467, .adv_w = 303, .box_w = 20, .box_h = 9, .ofs_x = 0, .ofs_y = -4},
    {.bitmap_index = 32539, .adv_w = 202, .box_w = 13, .box_h = 5, .ofs_x = 0, .ofs_y = 0},
    {.bitmap_index = 32570, .adv_w = 213, .box_w = 14, .box_h = 5, .ofs_x = 0, .ofs_y = 0},
    {.bitmap_index = 32603, .adv_w = 293, .box_w = 18, .box_h = 13, .ofs_x = 0, .ofs_y = -4},
    {.bitmap_index = 32680, .adv_w = 303, .box_w = 20, .box_h = 13, .ofs_x = 0, .ofs_y = -4},
    {.bitmap_index = 32764, .adv_w = 202, .box_w = 13, .box_h = 9, .ofs_x = 0, .ofs_y = 0},
    {.bitmap_index = 32807, .adv_w = 213, .box_w = 14, .box_h = 9, .ofs_x = 0, .ofs_y = 0},
    {.bitmap_index = 32853, .adv_w = 177, .box_w = 11, .box_h = 10, .ofs_x = 0, .ofs_y = 0},
    {.bitmap_index = 32892, .adv_w = 186, .box_w = 13, .box_h = 10, .ofs_x = 0, .ofs_y = 0},
    {.bitmap_index = 32935, .adv_w = 152, .box_w = 9, .box_h = 10, .ofs_x = 0, .ofs_y = 0},
    {.bitmap_index = 32971, .adv_w = 159, .box_w = 11, .box_h = 10, .ofs_x = 0, .ofs_y = 0},
    {.bitmap_index = 33012, .adv_w = 177, .box_w = 11, .box_h = 10, .ofs_x = 0, .ofs_y = 0},
    {.bitmap_index = 33057, .adv_w = 186, .box_w = 13, .box_h = 10, .ofs_x = 0, .ofs_y = 0},
    {.bitmap_index = 33107, .adv_w = 152, .box_w = 9, .box_h = 10, .ofs_x = 0, .ofs_y = 0},
    {.bitmap_index = 33147, .adv_w = 159, .box_w = 11, .box_h = 10, .ofs_x = 0, .ofs_y = 0},
    {.bitmap_index = 33192, .adv_w = 136, .box_w = 9, .box_h = 12, .ofs_x = 0, .ofs_y = -5},
    {.bitmap_index = 33240, .adv_w = 128, .box_w = 9, .box_h = 12, .ofs_x = 0, .ofs_y = -5},
    {.bitmap_index = 33291, .adv_w = 113, .box_w = 7, .box_h = 6, .ofs_x = 0, .ofs_y = 0},
    {.bitmap_index = 33312, .adv_w = 117, .box_w = 8, .box_h = 6, .ofs_x = 0, .ofs_y = 0},
    {.bitmap_index = 33336, .adv_w = 136, .box_w = 9, .box_h = 16, .ofs_x = 0, .ofs_y = -5},
    {.bitmap_index = 33394, .adv_w = 128, .box_w = 9, .box_h = 16, .ofs_x = 0, .ofs_y = -5},
    {.bitmap_index = 33455, .adv_w = 113, .box_w = 7, .box_h = 10, .ofs_x = 0, .ofs_y = 0},
    {.bitmap_index = 33484, .adv_w = 117, .box_w = 8, .box_h = 10, .ofs_x = 0, .ofs_y = 0},
    {.bitmap_index = 33517, .adv_w = 220, .box_w = 14, .box_h = 10, .ofs_x = 0, .ofs_y = 0},
    {.bitmap_index = 33568, .adv_w = 246, .box_w = 17, .box_h = 10, .ofs_x = 0, .ofs_y = 0},
    {.bitmap_index = 33623, .adv_w = 100, .box_w = 6, .box_h = 10, .ofs_x = 0, .ofs_y = 0},
    {.bitmap_index = 33652, .adv_w = 111, .box_w = 8, .box_h = 10, .ofs_x = 0, .ofs_y = 0},
    {.bitmap_index = 33684, .adv_w = 173, .box_w = 11, .box_h = 13, .ofs_x = 0, .ofs_y = -3},
    {.bitmap_index = 33743, .adv_w = 181, .box_w = 13, .box_h = 13, .ofs_x = 0, .ofs_y = -5},
    {.bitmap_index = 33810, .adv_w = 100, .box_w = 6, .box_h = 10, .ofs_x = 0, .ofs_y = 0},
    {.bitmap_index = 33841, .adv_w = 111, .box_w = 8, .box_h = 10, .ofs_x = 0, .ofs_y = 0},
    {.bitmap_index = 33875, .adv_w = 198, .box_w = 12, .box_h = 10, .ofs_x = 0, .ofs_y = 0},
    {.bitmap_index = 33924, .adv_w = 207, .box_w = 14, .box_h = 10, .ofs_x = 0, .ofs_y = 0},
    {.bitmap_index = 33981, .adv_w = 92, .box_w = 6, .box_h = 10, .ofs_x = 0, .ofs_y = 0},
    {.bitmap_index = 34010, .adv_w = 114, .box_w = 8, .box_h = 10, .ofs_x = 0, .ofs_y = 0},
    {.bitmap_index = 34046, .adv_w = 156, .box_w = 9, .box_h = 14, .ofs_x = 0, .ofs_y = -4},
    {.bitmap_index = 34091, .adv_w = 164, .box_w = 11, .box_h = 14, .ofs_x = 0, .ofs_y = -4},
    {.bitmap_index = 34145, .adv_w = 58, .box_w = 3, .box_h = 10, .ofs_x = 0, .ofs_y = 0},
    {.bitmap_index = 34160, .adv_w = 67, .box_w = 5, .box_h = 10, .ofs_x = 0, .ofs_y = 0},
    {.bitmap_index = 34182, .adv_w = 108, .box_w = 7, .box_h = 9, .ofs_x = 0, .ofs_y = -4},
    {.bitmap_index = 34210, .adv_w = 126, .box_w = 9, .box_h = 10, .ofs_x = 0, .ofs_y = -4},
    {.bitmap_index = 34247, .adv_w = 118, .box_w = 7, .box_h = 5, .ofs_x = 0, .ofs_y = 0},
    {.bitmap_index = 34265, .adv_w = 129, .box_w = 9, .box_h = 5, .ofs_x = 0, .ofs_y = 0},
    {.bitmap_index = 34287, .adv_w = 153, .box_w = 9, .box_h = 12, .ofs_x = 0, .ofs_y = -4},
    {.bitmap_index = 34329, .adv_w = 164, .box_w = 11, .box_h = 12, .ofs_x = 0, .ofs_y = -4},
    {.bitmap_index = 34378, .adv_w = 60, .box_w = 4, .box_h = 9, .ofs_x = 0, .ofs_y = 0},
    {.bitmap_index = 34396, .adv_w = 77, .box_w = 6, .box_h = 8, .ofs_x = 0, .ofs_y = 0},
    {.bitmap_index = 34416, .adv_w = 91, .box_w = 6, .box_h = 7, .ofs_x = 0, .ofs_y = 0},
    {.bitmap_index = 34437, .adv_w = 109, .box_w = 8, .box_h = 8, .ofs_x = 0, .ofs_y = 0},
    {.bitmap_index = 34468, .adv_w = 129, .box_w = 8, .box_h = 8, .ofs_x = 0, .ofs_y = 0},
    {.bitmap_index = 34498, .adv_w = 114, .box_w = 8, .box_h = 10, .ofs_x = 0, .ofs_y = -4},
    {.bitmap_index = 34538, .adv_w = 100, .box_w = 6, .box_h = 9, .ofs_x = 0, .ofs_y = -4},
    {.bitmap_index = 34566, .adv_w = 106, .box_w = 8, .box_h = 9, .ofs_x = 0, .ofs_y = -4},
    {.bitmap_index = 34600, .adv_w = 170, .box_w = 11, .box_h = 10, .ofs_x = 0, .ofs_y = -4},
    {.bitmap_index = 34650, .adv_w = 165, .box_w = 11, .box_h = 7, .ofs_x = 0, .ofs_y = -4},
    {.bitmap_index = 34685, .adv_w = 170, .box_w = 11, .box_h = 12, .ofs_x = 0, .ofs_y = -4},
    {.bitmap_index = 34743, .adv_w = 178, .box_w = 12, .box_h = 9, .ofs_x = 0, .ofs_y = -4},
    {.bitmap_index = 34788, .adv_w = 67, .box_w = 5, .box_h = 9, .ofs_x = -1, .ofs_y = -3},
    {.bitmap_index = 34810, .adv_w = 84, .box_w = 6, .box_h = 8, .ofs_x = 0, .ofs_y = -3},
    {.bitmap_index = 34832, .adv_w = 130, .box_w = 9, .box_h = 11, .ofs_x = -1, .ofs_y = 0},
    {.bitmap_index = 34877, .adv_w = 134, .box_w = 11, .box_h = 10, .ofs_x = -1, .ofs_y = 0},
    {.bitmap_index = 34924, .adv_w = 130, .box_w = 8, .box_h = 12, .ofs_x = 0, .ofs_y = 0},
    {.bitmap_index = 34970, .adv_w = 134, .box_w = 10, .box_h = 12, .ofs_x = 0, .ofs_y = 0},
    {.bitmap_index = 35021, .adv_w = 130, .box_w = 8, .box_h = 15, .ofs_x = 0, .ofs_y = -5},
    {.bitmap_index = 35073, .adv_w = 134, .box_w = 10, .box_h = 15, .ofs_x = 0, .ofs_y = -5},
    {.bitmap_index = 35132, .adv_w = 130, .box_w = 8, .box_h = 10, .ofs_x = 0, .ofs_y = 0},
    {.bitmap_index = 35169, .adv_w = 134, .box_w = 10, .box_h = 10, .ofs_x = 0, .ofs_y = 0}
};

/*---------------------
 *  CHARACTER MAPPING
 *--------------------*/

static const uint16_t unicode_list_0[] = {
    0x0, 0x2, 0x4, 0x6, 0xb, 0xd, 0xe, 0x14,
    0x19, 0x1a, 0x1b
};

static const uint8_t glyph_id_ofs_list_2[] = {
    0, 1, 2, 3, 4, 5, 6, 7,
    0, 0, 8, 9, 10, 11, 12, 13,
    0, 0, 0, 0, 14, 15, 16, 17,
    18, 19, 20, 0, 21
};

static const uint16_t unicode_list_6[] = {
    0x0, 0x1, 0x8, 0x9, 0x10, 0x11, 0x12, 0x13
};

static const uint16_t unicode_list_11[] = {
    0x0, 0x1, 0x5, 0x6, 0x9, 0xa, 0xf, 0x13,
    0x99, 0xf0, 0xf6, 0x10f, 0x17d, 0x17e, 0x17f, 0x180,
    0x24d, 0x251, 0x252, 0xde5d, 0xde5e, 0xde5f, 0xde60, 0xde61
};

/*Collect the unicode lists and glyph_id offsets*/
static const lv_font_fmt_txt_cmap_t cmaps[] =
{
    {
        .range_start = 163, .range_length = 28, .glyph_id_start = 1,
        .unicode_list = unicode_list_0, .glyph_id_ofs_list = NULL, .list_length = 11, .type = LV_FONT_FMT_TXT_CMAP_SPARSE_TINY
    },
    {
        .range_start = 192, .range_length = 192, .glyph_id_start = 12,
        .unicode_list = NULL, .glyph_id_ofs_list = NULL, .list_length = 0, .type = LV_FONT_FMT_TXT_CMAP_FORMAT0_TINY
    },
    {
        .range_start = 880, .range_length = 29, .glyph_id_start = 204,
        .unicode_list = NULL, .glyph_id_ofs_list = glyph_id_ofs_list_2, .list_length = 29, .type = LV_FONT_FMT_TXT_CMAP_FORMAT0_FULL
    },
    {
        .range_start = 910, .range_length = 20, .glyph_id_start = 226,
        .unicode_list = NULL, .glyph_id_ofs_list = NULL, .list_length = 0, .type = LV_FONT_FMT_TXT_CMAP_FORMAT0_TINY
    },
    {
        .range_start = 931, .range_length = 63, .glyph_id_start = 246,
        .unicode_list = NULL, .glyph_id_ofs_list = NULL, .list_length = 0, .type = LV_FONT_FMT_TXT_CMAP_FORMAT0_TINY
    },
    {
        .range_start = 1008, .range_length = 112, .glyph_id_start = 309,
        .unicode_list = NULL, .glyph_id_ofs_list = NULL, .list_length = 0, .type = LV_FONT_FMT_TXT_CMAP_FORMAT0_TINY
    },
    {
        .range_start = 1122, .range_length = 20, .glyph_id_start = 421,
        .unicode_list = unicode_list_6, .glyph_id_ofs_list = NULL, .list_length = 8, .type = LV_FONT_FMT_TXT_CMAP_SPARSE_TINY
    },
    {
        .range_start = 1162, .range_length = 59, .glyph_id_start = 429,
        .unicode_list = NULL, .glyph_id_ofs_list = NULL, .list_length = 0, .type = LV_FONT_FMT_TXT_CMAP_FORMAT0_TINY
    },
    {
        .range_start = 1222, .range_length = 58, .glyph_id_start = 488,
        .unicode_list = NULL, .glyph_id_ofs_list = NULL, .list_length = 0, .type = LV_FONT_FMT_TXT_CMAP_FORMAT0_TINY
    },
    {
        .range_start = 1536, .range_length = 29, .glyph_id_start = 546,
        .unicode_list = NULL, .glyph_id_ofs_list = NULL, .list_length = 0, .type = LV_FONT_FMT_TXT_CMAP_FORMAT0_TINY
    },
    {
        .range_start = 1566, .range_length = 226, .glyph_id_start = 575,
        .unicode_list = NULL, .glyph_id_ofs_list = NULL, .list_length = 0, .type = LV_FONT_FMT_TXT_CMAP_FORMAT0_TINY
    },
    {
        .range_start = 8211, .range_length = 56930, .glyph_id_start = 801,
        .unicode_list = unicode_list_11, .glyph_id_ofs_list = NULL, .list_length = 24, .type = LV_FONT_FMT_TXT_CMAP_SPARSE_TINY
    },
    {
        .range_start = 65142, .range_length = 135, .glyph_id_start = 825,
        .unicode_list = NULL, .glyph_id_ofs_list = NULL, .list_length = 0, .type = LV_FONT_FMT_TXT_CMAP_FORMAT0_TINY
    }
};

/*-----------------
 *    KERNING
 *----------------*/


/*Map glyph_ids to kern left classes*/
static const uint8_t kern_left_class_mapping[] =
{
    0, 0, 0, 0, 0, 0, 0, 0,
    0, 0, 0, 0, 1, 1, 1, 1,
    1, 1, 2, 3, 2, 2, 2, 2,
    4, 4, 4, 4, 5, 4, 5, 5,
    5, 5, 5, 0, 5, 6, 6, 6,
    6, 7, 8, 9, 10, 10, 10, 10,
    10, 10, 11, 12, 11, 11, 11, 11,
    13, 13, 13, 13, 0, 10, 9, 9,
    9, 9, 9, 0, 9, 13, 13, 13,
    13, 14, 9, 14, 1, 10, 1, 10,
    1, 15, 3, 12, 3, 12, 3, 12,
    3, 12, 5, 16, 5, 17, 2, 11,
    2, 11, 2, 11, 2, 18, 2, 11,
    0, 13, 0, 13, 0, 13, 0, 13,
    4, 10, 4, 10, 4, 13, 4, 13,
    4, 13, 4, 19, 4, 13, 6, 13,
    6, 13, 20, 21, 21, 22, 17, 22,
    17, 22, 16, 22, 17, 22, 17, 4,
    10, 4, 10, 4, 10, 10, 4, 10,
    5, 9, 5, 9, 5, 9, 2, 11,
    23, 24, 23, 24, 23, 24, 25, 26,
    25, 26, 25, 26, 25, 26, 27, 28,
    27, 29, 27, 28, 6, 13, 6, 13,
    6, 13, 6, 13, 6, 13, 6, 30,
    31, 14, 7, 14, 7, 32, 33, 32,
    33, 32, 33, 0, 0, 0, 0, 0,
    0, 0, 0, 0, 0, 0, 0, 0,
    0, 0, 34, 35, 34, 0, 0, 0,
    0, 36, 37, 0, 38, 34, 35, 39,
    34, 0, 40, 0, 36, 0, 41, 34,
    0, 0, 0, 36, 0, 0, 40, 42,
    37, 36, 0, 37, 0, 0, 37, 43,
    44, 45, 38, 46, 43, 47, 48, 49,
    44, 50, 45, 51, 38, 0, 52, 43,
    48, 53, 49, 44, 49, 0, 54, 55,
    46, 49, 56, 46, 49, 38, 46, 49,
    46, 49, 41, 0, 0, 0, 0, 0,
    49, 0, 0, 0, 0, 0, 0, 0,
    0, 0, 0, 0, 0, 0, 0, 0,
    0, 0, 0, 0, 0, 0, 0, 0,
    0, 0, 0, 0, 0, 2, 2, 57,
    58, 3, 25, 4, 4, 6, 59, 59,
    57, 60, 4, 61, 4, 1, 62, 63,
    58, 64, 2, 60, 63, 4, 4, 60,
    4, 4, 4, 5, 4, 65, 3, 66,
    61, 5, 60, 64, 4, 4, 64, 59,
    4, 59, 5, 5, 4, 13, 9, 67,
    68, 13, 11, 69, 67, 13, 13, 69,
    13, 13, 13, 9, 13, 9, 12, 68,
    14, 9, 69, 13, 13, 13, 13, 70,
    13, 70, 9, 9, 13, 11, 11, 13,
    0, 12, 26, 13, 13, 13, 70, 70,
    10, 69, 13, 14, 13, 71, 72, 60,
    69, 5, 9, 61, 14, 64, 13, 59,
    72, 65, 9, 58, 0, 73, 68, 71,
    72, 60, 69, 63, 67, 60, 69, 60,
    69, 20, 21, 60, 69, 64, 13, 58,
    68, 74, 13, 9, 9, 3, 12, 66,
    24, 75, 14, 75, 14, 60, 69, 64,
    13, 64, 13, 4, 13, 74, 10, 5,
    11, 5, 11, 4, 60, 69, 20, 69,
    13, 4, 13, 64, 13, 4, 13, 64,
    13, 17, 1, 10, 1, 10, 2, 11,
    2, 11, 5, 9, 5, 9, 60, 69,
    63, 67, 63, 67, 4, 13, 4, 13,
    5, 9, 5, 9, 5, 9, 5, 9,
    61, 14, 61, 14, 61, 14, 4, 13,
    58, 0, 4, 13, 66, 24, 60, 76,
    60, 69, 0, 0, 0, 0, 0, 0,
    0, 0, 0, 0, 0, 0, 0, 0,
    0, 0, 0, 0, 0, 0, 0, 0,
    0, 0, 0, 0, 0, 0, 0, 0,
    0, 0, 0, 0, 0, 0, 0, 0,
    0, 0, 0, 0, 0, 0, 0, 0,
    0, 0, 77, 77, 0, 0, 0, 0,
    0, 0, 0, 0, 0, 0, 0, 0,
    0, 0, 0, 0, 0, 0, 0, 0,
    0, 0, 0, 0, 0, 0, 0, 0,
    0, 0, 0, 0, 0, 0, 0, 0,
    0, 0, 0, 0, 0, 0, 0, 0,
    0, 78, 79, 80, 80, 81, 82, 0,
    83, 84, 0, 0, 0, 0, 0, 0,
    0, 0, 0, 0, 0, 0, 0, 0,
    0, 0, 0, 0, 0, 0, 0, 0,
    0, 0, 0, 0, 0, 0, 0, 0,
    0, 0, 0, 0, 0, 0, 0, 0,
    0, 0, 77, 77, 77, 77, 77, 77,
    77, 77, 77, 0, 0, 0, 0, 0,
    0, 0, 0, 0, 0, 0, 0, 0,
    0, 0, 0, 0, 0, 0, 0, 0,
    0, 0, 0, 0, 0, 0, 0, 0,
    0, 0, 0, 0, 0, 0, 0, 0,
    0, 0, 0, 0, 0, 0, 0, 0,
    0, 0, 0, 0, 0, 0, 0, 0,
    0, 0, 0, 0, 0, 0, 0, 0,
    0, 0, 0, 0, 0, 0, 0, 0,
    0, 0, 0, 0, 0, 0, 0, 0,
    0, 0, 0, 0, 0, 0, 0, 0,
    77, 78, 0, 80, 80, 80, 82, 0,
    83, 84, 0, 0, 0, 0, 0, 0,
    0, 85, 85, 0, 0, 0, 0, 0,
    0, 0, 0, 0, 0, 0, 0, 0,
    0, 0, 0, 0, 0, 0, 0, 0,
    0, 0, 0, 0, 0, 0, 0, 0,
    0, 0, 0, 0, 0, 0, 0, 0,
    0, 0, 0, 0, 0, 0, 0, 0,
    0, 0, 0, 0, 0, 0, 0, 0,
    0, 0, 0, 0, 0, 0, 0, 0,
    0, 0, 0, 0, 0, 0, 0, 0,
    0, 0, 0, 0, 0, 0, 0, 0,
    77, 77, 77, 77, 0, 0, 0, 0,
    0, 0, 0, 0, 0, 0, 0, 0,
    0, 0, 0, 0, 0, 0, 0, 0,
    0, 0, 0, 0, 0, 0, 0, 0,
    0, 0, 0, 0, 0, 0, 0, 0,
    0, 0, 0, 0, 0, 0, 0, 0,
    0, 0, 0, 0, 0, 0, 0, 0,
    0, 0, 0, 0, 0, 0, 0, 0,
    0, 0, 0, 0, 0, 0, 0, 0,
    0, 0, 0, 0, 0, 0, 0, 0
};

/*Map glyph_ids to kern right classes*/
static const uint8_t kern_right_class_mapping[] =
{
    0, 0, 0, 0, 0, 0, 0, 0,
    0, 0, 0, 0, 1, 1, 1, 1,
    1, 1, 1, 2, 3, 3, 3, 3,
    3, 3, 3, 3, 3, 3, 2, 2,
    2, 2, 2, 0, 2, 4, 4, 4,
    4, 5, 3, 6, 7, 7, 7, 7,
    7, 7, 7, 8, 8, 8, 8, 8,
    9, 10, 11, 12, 8, 10, 8, 8,
    8, 8, 8, 0, 8, 13, 13, 13,
    13, 14, 6, 14, 1, 7, 1, 7,
    1, 7, 2, 8, 2, 8, 2, 8,
    2, 8, 3, 8, 3, 8, 3, 8,
    3, 8, 3, 8, 3, 8, 3, 8,
    2, 8, 2, 8, 2, 8, 2, 8,
    3, 6, 3, 6, 3, 15, 3, 16,
    3, 17, 3, 18, 3, 10, 3, 18,
    19, 20, 3, 6, 10, 3, 6, 3,
    6, 3, 6, 3, 6, 3, 6, 3,
    10, 3, 10, 3, 10, 10, 3, 10,
    2, 8, 2, 8, 2, 8, 2, 8,
    3, 10, 3, 10, 3, 10, 21, 22,
    21, 22, 21, 22, 21, 22, 23, 24,
    23, 24, 23, 24, 4, 13, 4, 13,
    4, 13, 4, 13, 4, 13, 4, 13,
    25, 14, 5, 14, 5, 26, 27, 26,
    27, 26, 27, 0, 0, 0, 0, 0,
    0, 0, 0, 0, 0, 0, 0, 0,
    0, 0, 28, 0, 28, 0, 0, 0,
    0, 29, 30, 0, 31, 28, 0, 0,
    28, 0, 32, 0, 29, 0, 0, 28,
    0, 0, 0, 29, 0, 0, 32, 33,
    30, 29, 34, 30, 0, 0, 30, 35,
    36, 0, 31, 37, 35, 38, 39, 35,
    36, 40, 0, 41, 31, 38, 42, 38,
    39, 43, 35, 44, 38, 35, 35, 45,
    37, 35, 46, 37, 35, 31, 37, 35,
    37, 35, 0, 0, 0, 0, 0, 0,
    35, 0, 0, 0, 0, 0, 0, 0,
    0, 0, 0, 0, 0, 0, 0, 0,
    0, 0, 0, 0, 0, 0, 0, 0,
    0, 0, 0, 0, 0, 3, 3, 23,
    3, 2, 21, 3, 3, 19, 47, 3,
    23, 3, 3, 48, 3, 1, 3, 3,
    3, 47, 3, 48, 49, 3, 3, 3,
    47, 3, 3, 2, 3, 3, 2, 23,
    48, 2, 48, 3, 50, 3, 3, 23,
    3, 3, 49, 3, 48, 7, 2, 51,
    51, 52, 8, 53, 54, 51, 51, 51,
    52, 51, 51, 8, 51, 51, 8, 55,
    14, 8, 53, 51, 13, 51, 51, 55,
    51, 51, 54, 51, 53, 8, 8, 6,
    51, 8, 22, 51, 51, 56, 52, 51,
    57, 51, 51, 14, 51, 23, 55, 48,
    53, 2, 8, 25, 14, 3, 51, 3,
    58, 3, 51, 3, 51, 0, 59, 3,
    51, 48, 53, 49, 54, 3, 51, 3,
    51, 3, 6, 23, 55, 3, 51, 3,
    51, 3, 51, 2, 8, 2, 8, 23,
    55, 5, 14, 5, 14, 48, 53, 23,
    55, 50, 13, 50, 13, 3, 6, 60,
    61, 60, 61, 3, 48, 53, 3, 51,
    52, 3, 51, 3, 51, 50, 13, 3,
    51, 6, 1, 7, 1, 7, 1, 7,
    3, 8, 2, 8, 2, 8, 48, 53,
    49, 54, 49, 54, 3, 51, 3, 51,
    2, 8, 2, 8, 2, 8, 49, 54,
    48, 14, 48, 14, 48, 14, 50, 13,
    3, 51, 3, 51, 3, 51, 48, 53,
    48, 53, 0, 0, 0, 0, 0, 0,
    0, 0, 0, 0, 0, 0, 0, 0,
    0, 0, 0, 0, 0, 0, 0, 0,
    0, 0, 0, 0, 0, 0, 0, 0,
    0, 0, 0, 0, 0, 0, 0, 0,
    0, 0, 0, 0, 0, 62, 62, 62,
    0, 0, 0, 0, 0, 0, 0, 0,
    0, 0, 63, 63, 0, 0, 0, 0,
    0, 0, 0, 0, 0, 0, 0, 0,
    0, 0, 0, 0, 0, 0, 0, 0,
    0, 0, 0, 0, 0, 0, 0, 0,
    0, 0, 0, 0, 0, 0, 0, 0,
    0, 64, 0, 0, 0, 0, 65, 66,
    67, 68, 69, 0, 0, 0, 0, 0,
    0, 0, 0, 0, 0, 0, 0, 0,
    0, 0, 0, 0, 0, 0, 0, 0,
    0, 0, 62, 62, 62, 62, 62, 62,
    62, 0, 0, 0, 0, 0, 0, 0,
    0, 0, 0, 0, 0, 0, 0, 0,
    0, 0, 0, 0, 0, 0, 0, 0,
    0, 63, 0, 0, 0, 0, 0, 0,
    0, 0, 0, 0, 0, 0, 0, 0,
    0, 0, 0, 0, 0, 0, 0, 0,
    0, 0, 0, 0, 0, 0, 0, 0,
    0, 0, 0, 0, 0, 0, 0, 0,
    0, 0, 0, 0, 0, 0, 0, 0,
    0, 0, 0, 0, 0, 0, 0, 0,
    0, 0, 0, 0, 0, 0, 0, 0,
    0, 0, 0, 0, 0, 0, 0, 0,
    0, 0, 0, 0, 0, 0, 0, 0,
    0, 64, 0, 0, 0, 0, 70, 0,
    71, 72, 69, 0, 0, 0, 0, 0,
    0, 73, 73, 0, 74, 0, 74, 0,
    75, 0, 0, 0, 0, 0, 0, 0,
    0, 0, 0, 0, 0, 0, 0, 0,
    0, 0, 0, 0, 0, 0, 0, 0,
    0, 0, 0, 0, 0, 0, 0, 0,
    0, 0, 0, 0, 0, 0, 0, 0,
    0, 0, 0, 0, 0, 0, 0, 0,
    0, 0, 0, 0, 0, 0, 0, 0,
    0, 0, 0, 0, 62, 62, 0, 0,
    0, 0, 0, 0, 0, 0, 0, 0,
    0, 0, 0, 0, 0, 0, 0, 0,
    0, 0, 0, 0, 0, 0, 0, 0,
    0, 0, 0, 0, 0, 0, 0, 0,
    0, 0, 0, 0, 63, 0, 0, 0,
    63, 0, 0, 0, 0, 0, 0, 0,
    0, 0, 0, 0, 0, 0, 0, 0,
    0, 0, 0, 0, 0, 0, 0, 0,
    0, 0, 0, 0, 0, 0, 0, 0,
    0, 0, 0, 0, 0, 0, 0, 0,
    0, 0, 0, 0, 0, 0, 0, 0
};

/*Kern values between classes*/
static const int8_t kern_class_values[] =
{
    3, -2, 0, -3, -9, 0, 0, -1,
    0, 0, 0, 0, -2, -6, 0, 0,
    0, 0, 3, 0, 0, -1, -8, -1,
    -8, 0, 0, 0, 0, 0, 0, 0,
    0, 0, 0, 0, 0, 0, 0, 0,
    0, 0, 0, 0, 0, 0, 1, -7,
    0, -11, 0, 1, -7, 0, -10, 0,
    0, -6, -2, -15, -9, 0, 0, 0,
    0, 0, 0, 0, 0, 0, 0, 0,
    0, 0, 0, 0, -1, 0, 0, -2,
    0, -2, -2, 0, 0, 0, 0, -2,
    -2, 0, 0, 0, 0, 0, 0, 0,
    -2, 0, -3, -2, 0, -2, 0, 0,
    0, 0, 0, 0, 0, 0, 0, 0,
    0, 0, 0, 0, 0, 0, 0, 0,
    0, 0, -2, 0, 0, 0, 0, -3,
    0, 0, 0, 0, -3, 0, 0, -2,
    0, 0, 0, 0, 0, 0, 0, 0,
    0, 0, 0, 0, 0, 0, -4, -3,
    0, -1, -3, 0, -2, -5, 0, 0,
    0, 0, -4, 0, 0, 0, 0, 0,
    0, 0, -1, -4, -2, 0, -2, 0,
    -4, 0, 0, 0, 0, 0, 0, 0,
    0, 0, 0, 0, 0, 0, 0, 0,
    0, 0, 0, 0, -4, -4, 0, -2,
    0, -5, -4, -3, -3, 0, 0, -6,
    0, -7, -13, 0, 0, 0, 0, 0,
    0, 0, 0, 0, 0, 0, 0, 0,
    0, 0, 0, 0, 0, 0, 0, 0,
    0, 0, 0, 0, 0, 0, 0, 0,
    0, 0, 0, 0, 0, 0, 0, 0,
    0, -2, 0, 0, 0, 0, 0, 0,
    0, 0, 0, 0, 0, 0, 0, 0,
    0, 0, 0, 0, 0, 0, 0, -2,
    0, 0, -4, 0, 0, 0, 0, 0,
    0, 0, -2, 0, -2, -2, 0, 0,
    0, 0, 0, 0, 0, 0, 0, 0,
    0, 0, 0, 0, -2, 0, 0, 0,
    -7, 0, 0, 0, 0, 0, 0, 0,
    0, 0, 0, 0, 0, 0, -3, 18,
    0, 0, -2, 1, -5, -2, 0, 0,
    0, 0, 0, 0, 0, 0, 0, 0,
    0, 0, 0, 0, 0, 0, 0, 0,
    0, 0, -4, -6, -4, -3, 0, -4,
    -3, -4, -3, 18, 0, -3, 0, 0,
    -4, 0, 0, 0, 0, 0, 0, 0,
    0, 0, 0, 0, 0, 0, 0, -3,
    0, 0, 0, -2, 0, 0, 0, 0,
    0, 0, 0, 0, 0, 0, 0, 0,
    0, 0, -1, 0, 0, -3, 0, 0,
    0, 0, 0, 0, 0, 0, 0, 0,
    0, 0, 0, 0, 0, 0, 0, 0,
    0, 0, 0, 0, 0, -5, -2, 0,
    -5, 0, -3, -2, -3, -3, -1, 0,
    -4, 0, -4, -6, 0, 0, 0, 0,
    0, 0, 0, 0, 0, 0, 0, 0,
    0, 0, -9, -7, -3, -2, -1, 0,
    -15, -13, 7, -9, 6, 5, -8, -9,
    5, 5, 8, -5, -2, 5, -3, -15,
    -2, -4, -5, 0, -7, 0, 0, 0,
    0, 0, 0, 0, 0, 0, 0, 0,
    0, 0, 0, 0, 0, 0, 0, 0,
    -7, -7, 0, -3, -9, -13, -11, -12,
    -5, 5, 5, -8, 0, -6, -20, 0,
    0, 0, 0, 0, 0, 0, 0, 0,
    0, 0, 0, 0, 0, -7, 0, 0,
    0, -7, 0, -2, 0, 0, 0, 0,
    0, 0, 0, 0, 0, 0, 0, -9,
    -2, 0, 0, -6, 1, -2, -4, 0,
    0, 0, 0, 0, 0, 0, 0, 0,
    0, 0, 0, 0, 0, 0, 0, 0,
    0, 0, 0, 0, -7, 0, 0, 0,
    0, -2, 0, 0, -2, 0, 0, 0,
    0, 0, 0, 0, 0, 0, 0, 0,
    0, 0, 0, 0, 0, 0, 0, 0,
    -2, 0, 0, -4, -8, 0, -1, 0,
    0, 0, 0, 0, 0, -3, 0, 0,
    0, 0, 0, 0, 0, 0, -18, 0,
    -9, 0, -2, 0, 0, 0, 0, 0,
    0, 0, 0, 0, 0, 0, 0, 0,
    0, 0, 0, 0, 0, 0, -2, -2,
    -5, -6, 0, -1, -4, -1, -4, 0,
    0, -4, 0, -8, -4, 0, 0, 0,
    0, 0, 0, 0, 0, 0, 0, 0,
    0, 0, 0, 0, 0, 0, 0, 0,
    0, 0, 1, 0, 0, 0, 0, 0,
    -2, 0, 0, 0, 0, 0, 0, 0,
    0, 0, 0, 0, 0, 0, 0, 0,
    0, 0, 0, 0, 0, 0, 0, 0,
    0, 0, 0, 0, 0, 0, 0, 0,
    0, 0, 0, 0, -12, 0, 0, 0,
    0, -3, 0, 0, -3, 0, -12, -1,
    0, 0, 0, 0, 0, 0, 0, 0,
    0, 0, 0, 0, 0, 0, 0, 0,
    0, 0, -11, 0, -3, 0, 0, 0,
    0, 0, 0, -2, 0, 0, 0, 0,
    0, 0, 0, 0, -22, 0, -4, 0,
    -1, 0, 0, 0, 0, 0, 0, 0,
    0, 0, 0, 0, 0, 0, 0, 0,
    0, 0, 0, 0, -4, -8, 0, -5,
    0, -2, -3, -3, -5, 0, 0, -4,
    0, -4, -2, 0, 0, 0, 0, 0,
    0, 0, 0, 0, 0, 0, 0, 0,
    0, 0, -1, 0, -2, -5, -2, 0,
    -2, 0, 0, 0, 0, 0, -2, 0,
    0, 0, 0, 0, 0, 0, 0, -20,
    2, -3, 0, -2, 0, 0, 0, 0,
    0, 0, 0, 0, 0, 0, 0, 0,
    0, 0, 0, 0, 0, 0, 0, 0,
    0, 0, -1, 0, -4, -4, -4, -2,
    0, 0, -4, 0, -2, -6, 0, 0,
    0, 0, 0, 0, 0, 0, 0, 0,
    0, 0, 0, 0, 0, 0, 0, -3,
    -11, 0, 0, 0, 0, 0, 0, 0,
    0, 0, 0, 0, 0, 0, 0, 0,
    -4, 0, -19, 0, -2, 0, 0, 0,
    0, 0, 0, 0, 0, 0, 0, 0,
    0, 0, 0, 0, 0, 0, 0, 0,
    0, 0, 0, -9, -4, -9, 0, 0,
    0, -2, 0, 0, 0, -2, 0, -5,
    0, 0, 0, 0, 0, 0, 0, 0,
    0, 0, 0, 0, 0, 0, 0, -6,
    -2, 0, 0, -6, 0, -4, -3, 0,
    0, 0, 0, 0, -2, 0, 0, 0,
    0, 0, -3, -2, -2, -9, 3, 0,
    0, -2, 0, 0, 0, 0, 0, 0,
    0, 0, 0, 0, 0, 0, 0, 0,
    0, 0, 0, 0, 0, -6, -7, 0,
    -3, 0, -6, -7, -3, 1, -3, 0,
    -2, 0, -3, -6, 0, 0, 0, 0,
    0, 0, 0, 0, 0, 0, 0, 0,
    0, 0, 0, 0, 0, 0, 0, 0,
    0, 1, 0, 0, 0, 0, 0, -2,
    0, 0, 0, 0, 0, 4, 0, 0,
    0, 0, 0, 0, 0, 0, 0, 0,
    0, 0, 0, 0, 0, 0, 0, 0,
    0, 0, 0, 0, 0, 0, 0, 0,
    0, 0, 0, -12, 0, 0, 0, 0,
    -3, 0, 0, -3, 0, -12, -1, 0,
    0, 0, 0, 0, 0, 0, 0, 0,
    0, 0, 0, 0, 0, 0, 0, 0,
    0, 0, 15, 0, 0, 2, 2, 2,
    2, 2, 2, 2, 2, 2, 2, 0,
    0, 0, 0, 0, 10, 0, 0, 2,
    0, 0, 0, 0, 0, 0, 0, 0,
    0, 0, 0, 0, 0, 0, 0, 0,
    0, 0, 0, 0, 0, 0, 0, 2,
    0, 2, 0, 0, 0, 0, 0, 0,
    0, 0, 0, 0, 0, 0, 0, 0,
    0, 0, 0, 0, 0, 0, 0, 0,
    0, 0, 0, 0, 0, 0, 0, 0,
    0, 0, 0, 0, 0, 0, 0, 0,
    0, 0, 0, 0, 0, 0, 0, 3,
    0, 0, 0, 0, 0, 0, 0, 0,
    0, 0, 0, 0, 0, 0, 0, 0,
    0, 0, 0, 0, 0, 0, 0, 0,
    0, 0, 0, 0, 0, 0, 0, 0,
    0, 0, 0, 0, -1, 0, 0, 0,
    0, 0, 0, 0, 0, 0, 0, 0,
    0, 0, 0, 0, 0, 0, 0, -11,
    0, -3, 0, 0, 0, 0, 0, 0,
    -2, 0, 0, 0, 0, 0, 7, 0,
    0, -22, 0, -4, 0, -1, 0, 0,
    0, 0, 0, 0, 0, 0, 0, 0,
    0, 0, 0, 0, 0, 0, 0, 0,
    0, -4, -8, 0, -5, 0, -2, -3,
    -3, -5, 0, 0, -4, 0, -4, -2,
    0, 0, 0, 0, 0, 0, 0, 0,
    0, 0, 0, 0, 0, 0, 0, 0,
    0, -3, -11, 0, 0, 0, 0, 0,
    0, 0, 0, 0, 0, 0, 0, 0,
    0, 16, -4, 0, -19, 0, -2, 0,
    0, 0, 0, 0, 0, 0, 0, 0,
    0, 0, 0, 0, 0, 0, 0, 0,
    0, 0, 0, 0, 0, -9, -4, -9,
    0, 0, 0, -2, 0, 0, 0, -2,
    0, -5, 0, 0, 0, 0, 0, 0,
    0, 0, 0, 0, 0, 0, 0, 0,
    0, -6, -6, 0, -2, -11, 0, -3,
    -5, -2, -2, -2, -2, -4, -8, -2,
    -2, -2, -2, 0, -1, -3, -4, -10,
    -6, -9, 0, -5, 0, 0, 0, 0,
    0, 0, 0, 0, 0, 0, 0, 0,
    0, 0, 0, 0, 0, 0, 0, 0,
    -9, -5, -6, -2, 0, -9, -6, -10,
    -1, 0, -10, 0, -13, -18, 0, 0,
    0, 0, 0, 0, 0, 0, 0, 0,
    0, 0, 0, 0, 0, 0, 0, 0,
    -4, 0, -2, -5, -2, -2, -2, -2,
    -2, -6, -2, -2, -2, -2, 0, 0,
    0, -4, -6, 0, -2, 0, -3, 0,
    0, 0, 0, 0, 0, 0, 0, 0,
    0, 0, 0, 0, 0, 0, 0, 0,
    0, 0, 1, -2, 0, -4, -2, 2,
    -4, -5, 0, 0, 0, -4, 0, -3,
    -10, 0, 0, 0, 0, 0, 0, 0,
    0, 0, 0, 0, 0, 0, 0, 1,
    -3, 0, -3, -16, 0, 1, -2, 0,
    0, 0, 0, -2, -9, 0, 0, 0,
    0, 0, 0, -2, 0, -15, -1, -12,
    0, 0, 0, 0, 0, 0, 0, 0,
    0, 0, 0, 0, 0, 0, 0, 0,
    0, 0, 0, 0, 0, 0, -2, 0,
    0, 0, 0, -2, 0, 0, 0, 0,
    0, 0, 0, 0, 0, 0, 0, 0,
    0, 0, 0, 0, 0, 0, 0, 0,
    0, 0, 0, 0, 0, 0, -2, 0,
    -1, 0, 0, 0, 0, 0, 0, 0,
    0, 0, 0, 0, -2, 0, 0, 0,
    -2, 1, 0, 0, 0, 0, 0, 0,
    0, 0, 0, 0, 0, 0, 0, 0,
    0, 0, 0, 0, 0, 0, 0, 0,
    0, -4, 0, 0, 0, 0, 0, 0,
    0, 0, 0, 0, 0, 0, 0, 0,
    0, 0, 0, 0, 0, 0, 0, 0,
    0, 0, 0, 0, 0, -9, -5, -3,
    -4, -9, -2, -2, -3, -2, -2, -2,
    -2, 0, 3, -2, -2, -2, -2, 0,
    0, -4, -1, -9, 3, -6, 0, 0,
    0, 0, 0, 0, 0, 0, 0, 0,
    0, 0, 0, 0, 0, 0, 0, 0,
    0, 0, 0, -9, -9, -4, -4, -2,
    -8, -2, -5, 0, 0, 0, -3, 0,
    -3, -7, 0, 0, 0, 0, 0, 0,
    0, 0, 0, 0, 0, 0, 0, 0,
    0, 0, 0, 0, -3, 0, 0, 0,
    0, 0, 0, 0, 0, -2, 0, 0,
    0, 0, 0, 0, 0, 0, -2, 0,
    0, 0, 0, 0, 0, 0, 0, 0,
    0, 0, 0, 0, 0, 0, 0, 0,
    0, 0, 0, 0, 0, 0, -4, -3,
    0, -5, 0, 0, -2, -1, -3, 0,
    0, -3, 0, -7, -4, 0, 0, 0,
    0, 0, 0, 0, 0, 0, 0, 0,
    0, 0, 0, 0, 0, 0, 0, 0,
    0, 0, 0, 0, 0, 0, 0, 0,
    -2, 0, 0, 0, 0, 0, 0, 0,
    0, 0, 0, 0, 0, 0, 0, 0,
    0, 0, 0, 0, 0, 0, 0, 0,
    0, 0, 0, 0, 0, 0, 0, 0,
    0, 0, 0, 0, 0, 0, 0, -2,
    0, 0, 0, 0, -1, 0, 0, -2,
    0, 0, 0, 0, 0, 0, 0, 0,
    0, 0, 0, 0, 0, 0, -8, -2,
    0, -3, -2, 0, -6, -12, 3, -3,
    8, 4, -3, -7, 5, 7, 6, -3,
    -2, 6, -2, -9, 2, 1, -2, 0,
    -2, 0, 0, 0, 0, 0, 0, 0,
    0, 0, 0, 0, 0, 0, 0, 0,
    0, 0, 0, 0, -8, -7, 0, -3,
    -3, -15, -7, -10, -4, 6, 9, -6,
    0, -6, -24, 0, 0, 0, 0, 0,
    0, 0, 0, 0, 0, 0, 0, 0,
    0, 0, 0, 0, 0, 0, 0, 0,
    -4, 0, 0, 0, 0, 0, -2, 0,
    0, 0, 0, 0, 0, 0, 0, 0,
    -3, 0, 0, 0, 0, 0, 0, 0,
    0, 0, 0, 0, 0, 0, 0, 0,
    0, 0, 0, 0, 0, 0, 0, 0,
    0, 0, 0, 0, 0, 0, 0, 0,
    0, 0, 0, 0, 0, 0, 0, 0,
    0, 0, 0, 0, 0, 0, 0, 0,
    0, 0, 0, 0, 0, 0, 0, 0,
    0, 0, 0, -4, 3, 3, 3, 3,
    0, -2, 3, 3, 3, 3, 0, 2,
    0, 0, 0, -3, 0, 0, 0, 0,
    0, 0, 0, 0, 0, 0, 0, 0,
    0, 0, 0, 0, 0, 0, 0, 0,
    0, 0, 0, 0, 0, 0, 0, 0,
    0, 0, 0, 0, 0, 0, 0, 0,
    0, 0, 0, 0, 0, 0, 0, 0,
    0, 0, 0, 0, 0, 0, 0, 0,
    0, 0, -3, -11, 0, 0, 0, 0,
    0, 0, 0, 0, 0, 0, 0, 0,
    0, 0, 9, -4, 0, -19, 0, -2,
    0, 0, 0, 0, 0, 0, 0, 0,
    0, 0, 0, 0, 0, 0, 0, 0,
    0, 0, 0, 0, 0, 0, -9, -4,
    -9, 0, 0, 0, -2, 0, 0, 0,
    -2, 0, -5, 0, 0, 0, 0, 0,
    0, 0, 0, 0, 0, 0, 0, 0,
    0, 0, -8, -5, -3, 0, -5, 0,
    -12, -12, 4, -8, 8, 4, -7, -4,
    6, 4, 10, -5, -3, 7, -3, -13,
    -2, -1, 0, -2, -6, 0, 0, 0,
    0, 0, 0, 0, 0, 0, 0, 0,
    0, 0, 0, 0, 0, 0, 0, 0,
    -5, -5, -1, 0, -8, -9, -7, -11,
    -4, -4, 6, -8, 0, -6, -13, 0,
    0, 0, 0, 0, 0, 0, 0, 0,
    0, 0, 0, 0, 0, 0, -2, 0,
    0, 0, 0, 0, -3, 0, 0, 0,
    0, -2, -3, 0, 0, 0, 0, 0,
    0, 0, 0, 0, -2, 0, 0, 0,
    0, 0, 0, 0, 0, 0, 0, 0,
    0, 0, 0, 0, 0, 0, 0, 0,
    0, 0, 0, 0, -2, 0, 0, 0,
    0, 0, 0, 0, 0, 0, 0, 0,
    0, 0, 0, 0, 0, 0, 0, 0,
    0, 0, 0, 0, 0, 0, 0, 0,
    0, 0, 0, 0, 0, 0, 0, -2,
    0, 0, 0, 0, 0, -2, 0, 0,
    0, 0, 0, 0, 0, 0, 0, 0,
    0, 0, 0, 0, 0, 0, 0, 0,
    0, 0, 0, 0, 0, 0, 0, 0,
    0, 0, 0, 0, 0, 0, 0, 0,
    0, 0, 0, 0, -2, 0, 0, 0,
    0, 0, 0, 0, 0, 0, 0, 0,
    0, 0, 0, 0, 0, 0, 0, 0,
    0, 0, 0, 0, 0, 0, 0, 0,
    0, 0, 0, 0, 0, 0, 0, 0,
    0, 0, 0, 0, 0, 0, 0, 0,
    0, 0, 0, 0, 0, 0, 0, -4,
    -13, 0, 0, -16, 0, 0, 0, 0,
    0, 0, 0, 0, 0, 0, 0, 0,
    0, 0, 0, 0, 0, 0, 0, 0,
    0, 0, 0, 0, 0, 0, 0, 0,
    0, 0, 0, 0, 0, 0, 0, 0,
    0, 0, 0, 0, -16, 0, 0, 0,
    0, 0, 0, 0, 0, 0, 0, 0,
    0, 0, 0, 0, 0, 0, 0, 0,
    0, 0, 0, 0, 0, 0, 0, 0,
    0, 0, 0, 0, 0, 0, 0, 0,
    0, 0, 0, 0, 0, 0, 0, 0,
    0, 0, 0, 0, 0, 0, 0, 0,
    0, 0, 0, 0, 0, 0, 0, 0,
    0, 0, 0, 0, 0, 0, 0, 0,
    0, 0, 0, 0, 0, 0, 0, 0,
    -2, 0, 0, 0, 0, 0, 0, 0,
    0, 0, 0, 0, 0, 0, 0, 0,
    0, 0, 0, 0, 0, 0, 0, 0,
    0, 0, 0, 0, -4, 0, -2, 0,
    -2, -7, -4, 0, 0, 0, 0, 0,
    0, 0, 0, 0, 0, 0, 0, 0,
    0, 0, 0, 0, 0, 0, 0, 0,
    0, 0, 0, 0, 0, 0, 0, 0,
    0, 0, 0, 0, 0, 0, 0, 0,
    0, 0, 0, -9, 0, 0, 0, 0,
    0, 0, 0, 0, 0, 0, 0, 0,
    0, 0, 0, 0, 0, 0, 0, 0,
    0, 0, 0, 0, 0, 0, 0, -13,
    -4, 0, -7, 0, 0, 0, -11, -11,
    -7, -7, 0, -11, 0, 0, -11, 0,
    0, 0, 0, 0, 0, 0, 0, 0,
    0, 0, 0, 0, 0, 0, 0, 0,
    0, 0, 0, 0, 0, 0, 0, 0,
    0, 0, 0, 0, 0, 0, -13, 0,
    0, 0, 0, 0, 0, 0, 0, 0,
    0, 0, 0, 0, 0, 0, 0, 0,
    0, 0, 0, 0, 0, 0, 0, 0,
    0, 0, 0, 0, 0, 0, 0, 0,
    0, -4, -4, -2, 0, -4, -4, -4,
    0, -4, -4, -4, -4, 0, 0, 0,
    0, 0, 0, 0, 0, 0, 0, 0,
    0, 0, 0, 0, 0, 0, 0, 0,
    0, 0, 0, 0, 0, 0, 0, 0,
    9, -4, 0, 0, 0, 0, 0, 0,
    0, 0, 0, 0, 0, 0, 0, 0,
    0, 0, 0, 0, 0, 0, 0, 0,
    0, 0, 0, 0, 0, -16, -4, 0,
    -11, 0, 4, 0, -16, -16, -11, -11,
    -4, -16, 0, -4, -16, 0, 0, -4,
    0, 0, 0, 0, 0, 0, 0, 0,
    0, 0, 0, 0, 0, 0, 0, 0,
    0, 0, 0, 0, 0, 0, 0, 0,
    0, 0, -9, 0, -18, 0, 0, 0,
    0, 0, 0, 0, 0, 0, 0, 0,
    0, 0, 0, 0, 0, 0, 0, 0,
    0, 0, 0, 0, 0, 0, 0, 0,
    0, -2, 0, 0, 0, 0, 0, 0,
    0, 0, 0, 0, 0, 0, 0, 0,
    0, 0, 0, 0, 0, 0, 0, 0,
    0, 0, 0, 0, 0, 0, 0, 0,
    0, 0, 0, 0, 0, 0, 0, 0,
    0, 0, 0, 0, 0, 0, 0, 0,
    0, 0, 0, 0, 0, 0, 0, 0,
    0, 0, 0, 0, 0, 0, 0, 0,
    0, 0, 0, 0, 0, 0, 0, 0,
    0, 0, 0, 0, -4, 0, 0, 0,
    0, 0, 0, 0, 0, 0, 0, 0,
    0, 0, 0, 0, 0, 0, 0, 0,
    0, 0, 0, 0, 0, 0, 0, 0,
    0, 0, 0, 0, 0, 0, 0, 0,
    0, 0, 0, 0, 0, 0, 0, 0,
    0, 0, 0, 0, 0, 0, 0, 0,
    0, 0, 0, 0, 0, 0, 0, 0,
    0, 0, 0, 0, 0, 0, 0, 0,
    0, 0, 0, 0, 0, 0, -16, -4,
    0, -11, 0, 4, 0, -16, -16, -11,
    -11, -4, -16, 0, -4, -16, 0, 0,
    -4, 0, 0, 0, 0, 0, 0, 0,
    0, 0, 0, 0, 0, 0, 0, 0,
    0, 0, 0, 0, 0, 0, 0, 0,
    0, 0, 0, -9, 0, -13, 0, 0,
    0, 0, 0, 0, 0, 0, 0, 0,
    0, 0, 0, 0, 0, 0, 0, 0,
    0, 0, 0, 0, 0, 0, 0, 0,
    0, 0, 0, 0, 0, 0, 0, 0,
    -2, -4, -2, 0, -1, -4, -2, 0,
    -4, -2, -2, -2, 0, 0, 0, 0,
    0, 0, 0, 0, 0, 0, 0, 0,
    0, 0, 0, 0, 0, 0, 0, 0,
    0, 0, 0, 0, 0, 0, 0, 9,
    -4, 0, 0, 0, 0, 0, 0, 0,
    0, 0, 0, 0, 0, 0, 0, 0,
    0, 0, 0, 0, 0, 0, 0, 0,
    0, 0, 0, 0, 0, 0, 0, 0,
    0, 0, 0, -2, 0, 0, 0, 0,
    0, 0, 0, 0, 0, 0, 0, 0,
    0, 0, 0, 0, 0, 0, 0, 0,
    0, 0, 0, 0, 0, 0, 0, 0,
    0, 0, 0, 0, 0, 0, 0, 0,
    0, 0, 4, 0, 0, 0, 0, 0,
    0, 0, 0, 0, 0, 0, 0, 0,
    0, 0, 0, 0, 0, 0, 0, 0,
    0, 0, 0, 0, 0, 0, 0, 0,
    0, 0, 0, 0, 0, 0, 0, 0,
    0, 0, -1, 0, 0, 0, 0, -2,
    0, 0, 0, 0, 0, 0, 0, 0,
    0, 0, 0, 0, 0, 0, 0, 0,
    0, 0, 0, 0, 0, 0, 0, 0,
    0, 0, 0, 0, 0, -2, 0, 0,
    0, 0, 0, 0, 0, 0, 0, 0,
    0, 0, 0, 0, 0, 0, 0, 0,
    0, 0, 0, 0, 0, 0, 0, 0,
    0, 0, 0, 0, 0, 0, 0, 0,
    0, 0, 0, 0, 0, -4, 0, 0,
    -7, 0, -2, -2, -4, 0, 0, 0,
    0, 0, 0, 0, 0, 0, 0, 0,
    0, 0, 0, 0, 0, 0, 0, 0,
    0, 0, 0, 0, 0, 0, 0, 0,
    -2, 0, 0, 0, 0, 0, 0, 0,
    0, 0, 0, 0, 0, 0, 0, 0,
    0, 0, 0, 0, 0, 0, 0, 0,
    0, 0, 0, 0, 0, 0, 0, 0,
    0, 0, 0, 0, 0, 0, 0, 0,
    -4, 0, 0, -4, 0, 0, 0, -4,
    0, 0, 0, 0, 0, 0, 0, 0,
    0, 0, 0, 0, 0, 0, 0, 0,
    0, 0, 0, 0, 0, 0, 0, 0,
    0, 0, 0, -2, 0, 0, 0, 0,
    0, 0, 0, 0, 0, 0, 0, 0,
    0, 0, 0, 0, 0, 0, 0, 0,
    0, 0, 0, 0, 0, 0, 0, 0,
    0, 0, 0, 0, 0, 0, 0, -2,
    0, 0, 0, 0, 0, 0, -2, 0,
    0, 0, 0, 0, 0, 0, 0, 0,
    0, 0, 0, 0, 0, 0, 0, 0,
    0, 0, 0, 0, 0, 0, 0, 0,
    0, 0, 0, 0, 0, 0, 9, -9,
    0, 0, 0, 0, 0, 0, 0, 0,
    0, 0, 0, 0, 0, 0, 0, 0,
    0, 0, 0, 0, 0, 0, 0, 0,
    0, 0, 0, 0, 0, 0, 0, 0,
    0, 0, 0, 0, 0, 0, -4, 0,
    0, -4, 0, -2, -2, -4, 0, 0,
    0, 0, 0, 0, 0, 0, 0, 0,
    0, 0, 0, 0, 0, 0, 0, 0,
    0, 0, 0, 0, 0, 0, 0, 0,
    0, -2, 0, 0, 0, 0, 0, 0,
    0, 0, 0, 0, 0, 0, 0, 0,
    0, 0, 0, 0, 0, 0, 0, 0,
    0, 0, 0, 0, 0, 0, 0, 0,
    0, 0, 0, 0, 0, -6, -2, 0,
    0, 0, 0, 0, 0, 0, 0, -2,
    0, 0, 0, 0, 0, 0, 0, 0,
    0, 0, 0, 0, 0, 0, 0, 0,
    0, 0, 0, 0, 0, 0, 0, 0,
    0, 0, 0, 0, 4, 0, 0, 0,
    0, 0, 0, 0, 0, 0, 0, 0,
    0, 0, 0, 0, 0, 0, 0, 0,
    0, 0, 0, 0, 0, 0, 0, 0,
    0, 0, 0, 0, 0, 0, 0, 0,
    0, -2, 0, 0, 0, 0, 0, -4,
    0, 0, 0, 0, 0, 0, 0, 0,
    0, 0, 0, 0, 0, 0, 0, 0,
    0, 0, 0, 0, 0, 0, 0, 0,
    0, 0, 0, 0, 0, 0, 0, 0,
    0, 0, 0, 0, 0, 0, 0, 0,
    0, 0, 0, 0, 0, 0, 0, 0,
    0, 0, 0, 0, 0, 0, 0, 0,
    0, 0, 0, 0, 0, 0, 0, 0,
    0, 0, 0, -2, 0, 0, 0, -4,
    0, -4, 0, -2, -2, -4, -11, 0,
    0, 0, 0, 0, 0, 0, 0, 0,
    0, 0, 0, 0, 0, 0, 0, 0,
    0, 0, 0, 0, 0, 0, 0, 0,
    0, 0, 9, -4, 0, 0, 0, 0,
    0, 0, 0, 0, 0, 0, 0, 0,
    0, 0, 0, 0, 0, 0, 0, 0,
    0, 0, 0, 0, 0, 0, 0, 0,
    0, 0, -2, 0, 0, 0, -2, 0,
    -4, 0, 0, 0, 0, 0, 0, 0,
    0, 0, 0, 0, 0, 0, 0, 0,
    0, 0, 0, 0, 0, 0, 0, 0,
    0, 0, 0, 0, 0, 0, 0, 0,
    0, 0, 0, 0, 0, 4, 0, 0,
    0, 0, 0, 0, 0, 0, 0, 0,
    0, 0, 0, 0, 0, 0, 0, 0,
    0, 0, 0, 0, 0, 0, 0, 0,
    0, 0, 0, 0, 0, 0, 0, 0,
    0, -4, -4, 0, 0, 0, -4, 0,
    0, -4, 0, 0, 0, 0, 0, 0,
    0, 0, 0, 0, 0, 0, 0, 0,
    0, 0, 0, 0, 0, 0, 0, 0,
    0, 0, 0, 0, 0, 0, 0, 0,
    9, -9, 0, 0, 0, 0, 0, 0,
    0, 0, 0, 0, 0, 0, 0, 0,
    0, 0, 0, 0, 0, 0, 0, 0,
    0, 0, 0, 0, 0, 0, 0, 0,
    0, 0, 0, 0, -4, -4, 0, 0,
    0, -4, 0, 0, -4, 0, 0, 0,
    0, 0, 0, 0, 0, 0, 0, 0,
    0, 0, 0, 0, 0, 0, 0, 0,
    0, 0, 0, 0, 0, 0, 0, 0,
    0, 0, 0, 9, -4, 0, 0, 0,
    0, 0, 0, 0, 0, 0, 0, 0,
    0, 0, 0, 0, 0, 0, 0, 0,
    0, 0, 0, 0, 0, 0, 0, 0,
    0, 0, 0, 0, 0, 0, 0, -7,
    -4, -2, 0, 0, 0, 0, -7, 0,
    0, 0, 0, 0, 0, 0, 0, 0,
    0, 0, 0, 0, 0, 0, 0, 0,
    0, 0, 0, 0, 0, 0, 0, 0,
    0, 0, 0, 0, 0, 0, 9, 0,
    0, -4, 0, -9, -11, 0, 0, 0,
    0, 0, 0, 0, 0, -5, 0, 0,
    0, 0, 0, 0, -2, 0, -14, 0,
    -8, 0, 0, 0, 0, 0, 0, 0,
    0, 0, 0, 0, 0, 0, 0, 0,
    0, 0, 0, 0, 0, 0, 0, -6,
    0, -5, 0, -2, 0, 0, -4, 0,
    0, -2, 0, -10, -4, 0, 0, 0,
    0, 0, 0, 0, 0, 0, 0, 0,
    0, 0, 0, -30, -20, 0, 0, 0,
    -2, 0, -33, -23, -23, -23, -23, 0,
    -23, -23, -23, -23, -23, 0, 0, 0,
    0, 0, 0, 0, 0, 0, 0, 0,
    0, 0, 0, 0, 0, 0, 0, 0,
    0, 0, 0, 0, 0, 0, 0, 0,
    0, -20, 0, 0, -4, -23, -35, -23,
    -30, -21, 0, 0, 0, 0, -24, -47,
    0, 0, 0, 0, 0, 0, 0, 0,
    0, 0, 0, 0, 0, 0, -2, 0,
    0, 0, -10, 0, 0, 0, 0, 0,
    0, 0, 0, -4, 0, 0, 0, 0,
    -1, 0, -4, 0, -15, 0, -8, 0,
    0, 0, 0, 0, 0, 0, 0, 0,
    0, 0, 0, 0, 0, 0, 0, 0,
    0, 0, 0, 0, -5, -9, -4, -2,
    0, -3, -4, -3, -5, 0, 0, -4,
    0, -7, -3, 0, 0, 0, 0, 0,
    0, 0, 0, 0, 0, 0, 0, 0,
    0, -7, -6, -5, -2, -7, 0, -4,
    -7, -2, -2, -2, -2, -6, -6, -2,
    -2, -2, -2, 0, 0, -3, -4, -7,
    -5, -5, -2, -3, 0, 0, 0, 0,
    0, 0, 0, 0, 0, 0, 0, 0,
    0, 0, 0, 0, 0, 0, 0, -2,
    -4, -12, -8, -2, -3, -9, -8, -12,
    0, 0, -8, 0, -13, -18, 0, 0,
    0, 0, 0, 0, 0, 0, 0, 0,
    0, 0, 0, 0, -8, -5, -3, 0,
    -5, 0, -12, -12, -8, -8, -8, -8,
    -7, -4, -8, -8, -8, -8, -3, -4,
    -3, -13, -2, -1, 0, -2, -6, 0,
    0, 0, 0, 0, 0, 0, 0, 0,
    0, 0, 0, 0, 0, 0, 0, 0,
    0, 0, -5, -5, -1, 0, -8, -9,
    -7, -11, -4, -4, 6, -8, 0, -6,
    -13, 0, 0, 0, 0, 0, 0, 0,
    0, 0, 0, 0, 0, 0, 0, -1,
    0, 0, -3, -7, 0, 0, 0, 0,
    0, 0, 0, 0, -3, 0, 0, 0,
    0, 0, 0, 0, 0, -9, 0, -8,
    0, 0, 0, 0, 0, 0, 0, 0,
    0, 0, 0, 0, 0, 0, 0, 0,
    0, 0, 0, 0, 0, -4, -5, 0,
    -6, 0, -3, -5, -4, -6, 0, 0,
    -4, 0, -10, -4, 0, 0, 0, 0,
    0, 0, 0, 0, 0, 0, 0, 0,
    0, 0, 0, 0, 0, 0, -3, 0,
    0, 0, 0, 0, 0, 0, 0, 0,
    0, 0, 0, 0, 0, 0, 0, 0,
    -2, 0, -1, 0, 0, 0, 0, 0,
    0, 0, 0, 0, 0, 0, 0, 0,
    0, 0, 0, 0, 0, 0, 0, 0,
    0, -2, 0, 0, 0, 0, 0, 0,
    0, 0, 0, -4, 0, 0, -2, 0,
    0, 0, 0, 0, 0, 0, 0, 0,
    0, 0, 0, 0, 0, 1, 0, 0,
    0, -7, 0, 0, -3, 0, 0, 0,
    0, 0, -7, 0, 0, 0, 0, 0,
    0, 0, 0, -6, 0, -6, 0, 0,
    0, 0, 0, 0, 0, 0, 0, 0,
    0, 0, 0, 0, 0, 0, 0, 0,
    0, 0, 0, 0, 0, 0, -5, 0,
    0, -4, -4, -7, 0, 0, 0, 0,
    -10, -11, 0, 0, 0, 0, 0, 0,
    0, 0, 0, 0, 0, 0, 0, 0,
    -10, 0, -2, -2, -2, 0, -3, -3,
    -4, -4, -4, -4, 0, -2, -4, -4,
    -4, -4, -7, -2, 0, 0, -7, 1,
    -4, -4, 0, 0, 0, 0, 0, 0,
    0, 0, 0, 0, 0, 0, 0, 0,
    0, 0, 0, 0, 0, 0, -9, -6,
    -4, -4, -4, -9, -7, -4, -2, -2,
    0, -5, 0, -1, -4, 0, 0, 0,
    0, 0, 0, 0, 0, 0, 0, 0,
    0, 0, 0, -8, -2, 0, -3, -2,
    0, -6, -12, -3, -3, -3, -3, -3,
    -7, -3, -3, -3, -3, -2, 6, -2,
    -9, 2, 1, -2, 0, -2, 0, 0,
    0, 0, 0, 0, 0, 0, 0, 0,
    0, 0, 0, 0, 0, 0, 0, 0,
    0, -8, -7, 0, -3, -3, -15, -7,
    -10, -4, 6, 9, -6, 0, -6, -24,
    0, 0, 0, 0, 0, 0, 0, 0,
    0, 0, 0, 0, 0, 0, 0, 0,
    0, 0, 0, 0, 0, 0, 0, 0,
    0, 0, 0, 0, 0, 0, 0, 0,
    0, 0, 0, 0, 0, 0, 0, 0,
    0, 0, 0, 0, 0, 0, 0, 0,
    0, 0, 0, 0, 0, 0, 0, 0,
    0, 0, 0, 0, 0, 0, 0, 0,
    0, 0, 0, 0, 0, 0, 0, 0,
    0, 0, -2, 0, 0, 0, 0, 0,
    0, 0, 0, 0, 0, 0, 0, 0,
    0, -9, 0, 0, 0, -5, 0, 0,
    -5, 0, 0, 0, 0, 0, 1, 0,
    0, 0, 0, 0, 0, 0, 0, 0,
    0, -2, 0, 0, 0, 0, 0, 0,
    0, 0, 0, 0, 0, 0, 0, 0,
    0, 0, 0, 0, 0, 0, 0, -9,
    -8, -1, -2, 0, -8, -2, -3, 2,
    0, 0, -2, 0, 0, -4, 0, 0,
    0, 0, 0, 0, 0, 0, 0, 0,
    0, 0, 0, 0, 0, -2, 0, -3,
    -7, 0, -2, -4, 0, 0, 0, 0,
    -2, -7, 0, 0, 0, 0, 0, 1,
    -2, -2, -9, 0, -5, 0, -2, 0,
    0, 0, 0, 0, 0, 0, 0, 0,
    0, 0, 0, 0, 0, 0, 0, 0,
    0, 0, 0, 0, -2, -5, 0, 0,
    0, -6, -2, 1, 0, -3, 0, -4,
    -7, 0, 0, 0, 0, 0, 0, 0,
    0, 0, 0, 0, 0, 0, 0, 0,
    0, 0, 0, -7, 0, 0, 0, 0,
    0, 0, 0, 0, -7, 0, 0, 0,
    0, 0, 0, 0, 0, -25, 0, -9,
    0, 0, 0, 0, 0, 0, 0, 0,
    0, 0, 0, 0, 0, 0, 0, 0,
    0, 0, 0, 0, 0, -3, -7, 0,
    -16, 0, -4, -9, -2, -12, 0, 0,
    -4, 0, -11, -8, 0, 0, 0, 0,
    0, 0, 0, 0, 0, 0, 0, 0,
    0, 0, 0, 0, 0, 0, -6, 0,
    0, 0, 0, 0, 0, 0, 0, 0,
    0, 0, 0, 0, 0, 0, 0, 0,
    -14, 0, -7, 0, 0, 0, 0, 0,
    0, 0, 0, 0, 0, 0, 0, 0,
    0, 0, 0, 0, 0, 0, 0, 0,
    0, 0, 0, -2, 0, 0, 0, 0,
    0, 0, 0, -4, 0, 0, -1, 0,
    0, 0, 0, 0, 0, 0, 0, 0,
    0, 0, 0, 0, 0, 0, 0, 0,
    0, 0, 0, 0, -2, 0, 0, 0,
    0, -1, -6, 0, 0, 0, 0, 0,
    0, 0, 0, -5, 0, 0, 0, 0,
    0, 0, 0, 0, 0, 0, 0, 0,
    0, 0, 0, 0, 0, 0, 0, 0,
    0, 0, 0, 0, 0, 0, 0, 0,
    -2, -6, -1, -9, 0, 0, -8, 0,
    0, -5, 0, 0, 0, 0, 0, 0,
    0, 0, 0, 0, 0, 0, 0, 0,
    -7, -2, 0, 0, 0, 0, -4, -4,
    -2, -2, -2, -2, -4, 1, -2, -2,
    -2, -2, -3, -3, -1, -2, 1, 0,
    0, 0, -4, 0, 0, 0, 0, 0,
    0, 0, 0, 0, 0, 0, 0, 0,
    0, 0, 0, 0, 0, 0, -9, -4,
    -3, -3, -2, -8, -4, -5, -3, -3,
    0, -5, 0, -5, -5, 0, 0, 0,
    0, 0, 0, 0, 0, 0, 0, 0,
    0, 0, 0, 0, -6, 0, -4, -6,
    0, 0, 0, 0, 0, 0, 0, 0,
    0, 0, 0, 0, 0, 0, 0, -4,
    0, -19, 0, -5, 0, 0, 0, 0,
    0, 0, 0, 0, 0, 0, 0, 0,
    0, 0, 0, 0, 0, 0, 0, 0,
    0, -4, -6, -5, -9, 0, 0, -3,
    0, -5, 0, 0, -3, 0, -7, -6,
    0, 0, 0, 0, 0, 0, 0, 0,
    0, 0, 0, 0, 0, 0, -9, -7,
    -3, -2, -1, 0, -15, -13, -9, -9,
    -9, -9, -8, -9, -9, -9, -9, -9,
    -2, 5, -3, -15, -2, -4, -5, 0,
    -7, 0, 0, 0, 0, 0, 0, 0,
    0, 0, 0, 0, 0, 0, 0, 0,
    0, 0, 0, 0, -7, -7, 0, -3,
    -9, -13, -11, -12, -5, 5, 5, -8,
    0, -6, -20, 0, 0, 0, 0, 0,
    0, 0, 0, 0, 0, 0, 0, 0,
    0, 0, -2, 0, -3, -7, 0, -2,
    -4, 0, 0, 0, 0, -2, -7, 0,
    0, 0, 0, 0, 1, -2, -2, -9,
    0, -5, 0, -2, 0, 0, 0, 0,
    0, 0, 0, 0, 0, 0, 0, 0,
    0, 0, 0, 0, 0, 0, 0, 0,
    0, -2, -5, 0, 0, 0, -6, -2,
    11, 0, -3, 0, -4, -7, 0, 0,
    0, 0, 0, 0, 0, 0, 0, 0,
    0, 0, 0, 0, 0, 0, 0, 0,
    0, 0, 0, 0, 0, 0, 0, 0,
    0, 0, 0, 0, 0, 0, 0, 0,
    0, 0, 0, 0, 0, 0, 0, 0,
    0, 0, 0, 0, 0, 0, 0, 0,
    0, 0, 0, 0, 0, 0, 0, 0,
    0, 0, 0, 0, 0, 0, 0, 0,
    0, 0, 0, 0, 0, 0, 0, 0,
    0, 13, 38, 0, 0, 0, 0, 0,
    0, 0, 0, 0, 0, 0, 0, 0,
    0, 0, 0, 0, 0, 0, 0, 0,
    0, 0, 0, 0, 0, 0, 0, 0,
    0, 0, 0, 0, 0, 0, 0, 0,
    0, 0, 0, 0, 0, 0, 0, 0,
    0, 0, 0, 0, 0, 0, 0, 0,
    0, 0, 0, 0, 0, 0, 0, 0,
    0, 0, 0, 0, 0, 0, 0, 0,
    0, 0, 0, 0, 0, 0, 0, 0,
    -16, -4, -4, 0, 0, 0, 0, 0,
    0, 0, 0, 0, 0, 0, 0, 0,
    0, 0, 0, 0, 0, 0, 0, 0,
    0, 0, 0, 0, 0, 0, 0, 0,
    0, 0, 0, 0, 0, 0, 0, 0,
    0, 0, 0, 0, 0, 0, 0, 0,
    0, 0, 0, 0, 0, 0, 0, 0,
    0, 0, 0, 0, 0, 0, 0, 0,
    0, 0, 0, 0, 0, 0, 0, 0,
    0, 0, 0, -4, 0, 0, 0, 0,
    0, 0, 0, 0, 0, 0, 0, 0,
    0, 0, 0, 0, 0, 0, 0, 0,
    0, 0, 0, 0, 0, 0, 0, 0,
    0, 0, 0, 0, 0, 0, 0, 0,
    0, 0, 0, 0, 0, 0, 0, 0,
    0, 0, 0, 0, 0, 0, 0, 0,
    0, 0, 0, 0, 0, 0, 0, 0,
    0, 0, 0, 0, 0, 0, 0, 0,
    0, 0, 0, 0, -11, -13, 0, 0,
    -11, 4, -11, 0, -11, 0, 0, 0,
    0, 0, 0, 0, 0, 0, 0, 0,
    0, 0, 0, 0, 0, 0, 0, 0,
    0, 0, 0, 0, 0, 0, 0, 0,
    0, 0, 0, 0, 0, 0, 0, 0,
    0, 0, 0, 0, 0, 0, 0, 0,
    0, 0, 0, 0, 0, 0, 0, 0,
    0, 0, 0, 0, 0, 0, 0, 0,
    0, 0, 0, 0, 0, 0, 0, 0,
    0, -10, -7, 0, 0, 0, -7, 0,
    0, 0, 0, 0, 0, 0, 0, 0,
    0, 0, 0, 0, 0, 0, 0, 0,
    0, 0, 0, 0, 0, 0, 0, 0,
    0, 0, 0, 0, 0, 0, 0, 0,
    0, 0, 0, 0, 0, 0, 0, 0,
    0, 0, 0, 0, 0, 0, 0, 0,
    0, 0, 0, 0, 0, 0, 0, 0,
    0, 0, 0, 0, 0, 0, 0, 0,
    0, 0, 0, 0, -13, -7, 0, 0,
    0, -7, 0, 0, 0, 0, 0, 0,
    0, 0, 0, 0, 0, 0, 0, 0,
    0, 0, 0, 0, 0, 0, 0, 0,
    0, 0, 0, 0, 0, 0, 0, 0,
    0, 0, 0, 0, 0, 0, 0, 0,
    0, 0, 0, 0, 0, 0, 0, 0,
    0, 0, 0, 0, 0, 0, 0, 0,
    0, 0, 0, 0, 0, 0, 0, 0,
    0, 0, 0, 0, 0, -4, -7, 6,
    0, -10, 4, -7, 0, -10, 0, 0,
    0, 0, 0, 0, 0, 0, 0, 0,
    0, 0, 0, 0, 0, 0, 0, 0,
    0, 0, 0, 0, 0, 0, 0, 0,
    0, 0, 0, 0, 0, 0, 0, 0,
    0, 0, 0, 0, 0, 0, 0, 0,
    0, 0, 0, 0, 0, 0, 0, 0,
    0, 0, 0, 0, 0, 0, 0, 0,
    0, 0, 0, 0, 0, 0, 0, 0,
    -4, 0, -15, -9, 0, -4, 0, -9,
    0, 0, 0, 0, 0, 0, 0, 0,
    0, 0, 0, 0, 0, 0, 0, 0,
    0, 0, 0, 0, 0, 0, 0, 0,
    0, 0, 0, 0, 0, 0, 0, 0,
    0, 0, 0, 0, -9, 0, 0, 0,
    0, 0, 0, 0, 0, 0, 0, 0,
    0, 0, 0, 0, 0, 0, 0, 0,
    0, 0, 0, 0, 0, 0, 0, 0,
    0, 0, 0, 0, 0, 0, 0, 0,
    0, 0, 0, 0, 0, 0, 0
};


/*Collect the kern class' data in one place*/
static const lv_font_fmt_txt_kern_classes_t kern_classes =
{
    .class_pair_values   = kern_class_values,
    .left_class_mapping  = kern_left_class_mapping,
    .right_class_mapping = kern_right_class_mapping,
    .left_class_cnt      = 85,
    .right_class_cnt     = 75,
};

/*--------------------
 *  ALL CUSTOM DATA
 *--------------------*/

#if LVGL_VERSION_MAJOR == 8
/*Store all the custom data of the font*/
static  lv_font_fmt_txt_glyph_cache_t cache;
#endif

#if LVGL_VERSION_MAJOR >= 8
static const lv_font_fmt_txt_dsc_t font_dsc = {
#else
static lv_font_fmt_txt_dsc_t font_dsc = {
#endif
    .glyph_bitmap = glyph_bitmap,
    .glyph_dsc = glyph_dsc,
    .cmaps = cmaps,
    .kern_dsc = &kern_classes,
    .kern_scale = 16,
    .cmap_num = 13,
    .bpp = 4,
    .kern_classes = 1,
    .bitmap_format = 1,
#if LVGL_VERSION_MAJOR == 8
    .cache = &cache
#endif
};



/*-----------------
 *  PUBLIC FONT
 *----------------*/

/*Initialize a public general font descriptor*/
#if LVGL_VERSION_MAJOR >= 8
const lv_font_t extras_14 = {
#else
lv_font_t extras_14 = {
#endif
    .get_glyph_dsc = lv_font_get_glyph_dsc_fmt_txt,    /*Function pointer to get glyph's data*/
    .get_glyph_bitmap = lv_font_get_bitmap_fmt_txt,    /*Function pointer to get glyph's bitmap*/
    .line_height = 21,          /*The maximum line height required by the font*/
    .base_line = 6,             /*Baseline measured from the bottom of the line*/
#if !(LVGL_VERSION_MAJOR == 6 && LVGL_VERSION_MINOR == 0)
    .subpx = LV_FONT_SUBPX_NONE,
#endif
#if LV_VERSION_CHECK(7, 4, 0) || LVGL_VERSION_MAJOR >= 8
    .underline_position = -1,
    .underline_thickness = 1,
#endif
    .dsc = &font_dsc,          /*The custom font data. Will be accessed by `get_glyph_bitmap/dsc` */
#if LV_VERSION_CHECK(8, 2, 0) || LVGL_VERSION_MAJOR >= 9
    .fallback = NULL,
#endif
    .user_data = NULL,
};



#endif /*#if EXTRAS_14*/
