#include "device_caps.h"
#if defined(HAS_TANMATSU)

/*******************************************************************************
 * Size: 24 px
 * Bpp: 4
 * Generated by scripts/build/gen-touch-fonts.sh with lv_font_conv 1.5.3
 * Sources: Montserrat Medium (LVGL v8.4.0)
 ******************************************************************************/

#if 1
#include "lvgl.h"
#else
#include "lvgl/lvgl.h"
#endif

#ifndef EXTRAS_LAT_24
#define EXTRAS_LAT_24 1
#endif

#if EXTRAS_LAT_24

/*-----------------
 *    BITMAPS
 *----------------*/

/*Store the image of the glyphs*/
static LV_ATTRIBUTE_LARGE_CONST const uint8_t glyph_bitmap[] = {
    /* U+00C0 "À" */
    0x0, 0xe2, 0x78, 0x40, 0xf, 0xfe, 0x19, 0x11,
    0xed, 0x80, 0x3f, 0xf8, 0x6b, 0xa7, 0x2e, 0x1,
    0xff, 0xc3, 0x2c, 0x9f, 0x20, 0xf, 0xfe, 0x23,
    0x41, 0x0, 0x7f, 0xf0, 0xeb, 0xfc, 0x40, 0x1f,
    0xfc, 0x21, 0x50, 0x4, 0x0, 0x7f, 0xf0, 0xa4,
    0x4, 0x14, 0x40, 0x3f, 0xf8, 0x2e, 0x16, 0x41,
    0x20, 0x1f, 0xfc, 0x7, 0x1, 0x5b, 0x6, 0x0,
    0xff, 0xe0, 0x50, 0x48, 0x30, 0x89, 0x80, 0x3f,
    0xca, 0x40, 0xc0, 0x6, 0xb, 0x0, 0xff, 0x48,
    0x28, 0x80, 0x24, 0x9, 0x40, 0x3f, 0x19, 0x82,
    0x40, 0x21, 0x50, 0x90, 0xf, 0xd2, 0x6, 0x60,
    0xd, 0xc0, 0x66, 0x0, 0xf1, 0x28, 0x48, 0x7,
    0x21, 0x4, 0x80, 0x7a, 0xc0, 0x15, 0xff, 0xe2,
    0x5, 0x20, 0xc, 0x2c, 0x1, 0xff, 0xc0, 0xb0,
    0xc, 0xc0, 0xe, 0xff, 0xfc, 0xe0, 0xc2, 0x1,
    0x48, 0x30, 0x80, 0x7e, 0x90, 0x3, 0x0, 0x14,
    0x42, 0xc0, 0x3f, 0x85, 0x82, 0x40, 0x12, 0xa,
    0x40, 0x1f, 0xeb, 0x1, 0x50,

    /* U+00C1 "Á" */
    0x0, 0xff, 0x9e, 0x18, 0x3, 0xff, 0x84, 0x39,
    0x6, 0xe0, 0x1f, 0xfc, 0x11, 0xc3, 0x8b, 0x10,
    0xf, 0xfe, 0xa, 0x2e, 0x38, 0x7, 0xff, 0xd,
    0x60, 0xc0, 0x3f, 0xf8, 0x95, 0xfe, 0x20, 0xf,
    0xfe, 0x10, 0xa8, 0x2, 0x0, 0x3f, 0xf8, 0x52,
    0x2, 0xa, 0x20, 0x1f, 0xfc, 0x17, 0xb, 0x20,
    0x90, 0xf, 0xfe, 0x3, 0x80, 0xad, 0x83, 0x0,
    0x7f, 0xf0, 0x28, 0x24, 0x18, 0x44, 0xc0, 0x1f,
    0xe5, 0x20, 0x60, 0x3, 0x5, 0x80, 0x7f, 0xa4,
    0x14, 0x40, 0x12, 0x4, 0xa0, 0x1f, 0x8c, 0xc1,
    0x20, 0x10, 0xa8, 0x48, 0x7, 0xe9, 0x3, 0x30,
    0x6, 0xe0, 0x33, 0x0, 0x78, 0x94, 0x24, 0x3,
    0x90, 0x82, 0x40, 0x3d, 0x60, 0xa, 0xff, 0xf1,
    0x2, 0x90, 0x6, 0x16, 0x0, 0xff, 0xe0, 0x58,
    0x6, 0x60, 0x7, 0x7f, 0xfe, 0x70, 0x61, 0x0,
    0xa4, 0x18, 0x40, 0x3f, 0x48, 0x1, 0x80, 0xa,
    0x21, 0x60, 0x1f, 0xc2, 0xc1, 0x20, 0x9, 0x5,
    0x20, 0xf, 0xf5, 0x80, 0xa8,

    /* U+00C2 "Â" */
    0x0, 0xfc, 0x90, 0xe2, 0x1, 0xff, 0xc2, 0x6b,
    0x68, 0xc1, 0x0, 0xff, 0xe0, 0x3c, 0xa7, 0xd9,
    0x61, 0x0, 0x7f, 0x84, 0x26, 0xc5, 0x35, 0x50,
    0x3, 0xfc, 0x2e, 0xc0, 0x11, 0x43, 0x0, 0x7f,
    0xf0, 0x6b, 0xfc, 0x40, 0x1f, 0xfc, 0x21, 0x50,
    0x4, 0x0, 0x7f, 0xf0, 0xa4, 0x4, 0x14, 0x40,
    0x3f, 0xf8, 0x2e, 0x16, 0x41, 0x20, 0x1f, 0xfc,
    0x7, 0x1, 0x5b, 0x6, 0x0, 0xff, 0xe0, 0x50,
    0x48, 0x30, 0x89, 0x80, 0x3f, 0xca, 0x40, 0xc0,
    0x6, 0xb, 0x0, 0xff, 0x48, 0x28, 0x80, 0x24,
    0x9, 0x40, 0x3f, 0x19, 0x82, 0x40, 0x21, 0x50,
    0x90, 0xf, 0xd2, 0x6, 0x60, 0xd, 0xc0, 0x66,
    0x0, 0xf1, 0x28, 0x48, 0x7, 0x21, 0x4, 0x80,
    0x7a, 0xc0, 0x15, 0xff, 0xe2, 0x5, 0x20, 0xc,
    0x2c, 0x1, 0xff, 0xc0, 0xb0, 0xc, 0xc0, 0xe,
    0xff, 0xfc, 0xe0, 0xc2, 0x1, 0x48, 0x30, 0x80,
    0x7e, 0x90, 0x3, 0x0, 0x14, 0x42, 0xc0, 0x3f,
    0x85, 0x82, 0x40, 0x12, 0xa, 0x40, 0x1f, 0xeb,
    0x1, 0x50,

    /* U+00C3 "Ã" */
    0x0, 0xff, 0xe0, 0x8, 0x80, 0x3f, 0xe7, 0xff,
    0x62, 0xe, 0xd8, 0x7, 0xf8, 0x62, 0xbd, 0x2f,
    0x8a, 0x40, 0x3f, 0xc3, 0x6a, 0x11, 0xd9, 0xc6,
    0x1, 0xff, 0x20, 0x4, 0x26, 0x1, 0xff, 0xc3,
    0xaf, 0xf1, 0x0, 0x7f, 0xf0, 0x85, 0x40, 0x10,
    0x1, 0xff, 0xc2, 0x90, 0x10, 0x51, 0x0, 0xff,
    0xe0, 0xb8, 0x59, 0x4, 0x80, 0x7f, 0xf0, 0x1c,
    0x5, 0x6c, 0x18, 0x3, 0xff, 0x81, 0x41, 0x20,
    0xc2, 0x26, 0x0, 0xff, 0x29, 0x3, 0x0, 0x18,
    0x2c, 0x3, 0xfd, 0x20, 0xa2, 0x0, 0x90, 0x25,
    0x0, 0xfc, 0x66, 0x9, 0x0, 0x85, 0x42, 0x40,
    0x3f, 0x48, 0x19, 0x80, 0x37, 0x1, 0x98, 0x3,
    0xc4, 0xa1, 0x20, 0x1c, 0x84, 0x12, 0x1, 0xeb,
    0x0, 0x57, 0xff, 0x88, 0x14, 0x80, 0x30, 0xb0,
    0x7, 0xff, 0x2, 0xc0, 0x33, 0x0, 0x3b, 0xff,
    0xf3, 0x83, 0x8, 0x5, 0x20, 0xc2, 0x1, 0xfa,
    0x40, 0xc, 0x0, 0x51, 0xb, 0x0, 0xfe, 0x16,
    0x9, 0x0, 0x48, 0x29, 0x0, 0x7f, 0xac, 0x5,
    0x40,

    /* U+00C4 "Ä" */
    0x0, 0xf0, 0xb9, 0x0, 0x15, 0x40, 0x1f, 0xfc,
    0x8, 0x84, 0x81, 0x55, 0x8, 0x3, 0xfe, 0xc0,
    0xc0, 0x22, 0xc0, 0x1f, 0xf2, 0xfb, 0x80, 0x37,
    0x40, 0x1f, 0xfd, 0x5a, 0xff, 0x10, 0x7, 0xff,
    0x8, 0x54, 0x1, 0x0, 0x1f, 0xfc, 0x29, 0x1,
    0x5, 0x10, 0xf, 0xfe, 0xb, 0x85, 0x90, 0x48,
    0x7, 0xff, 0x1, 0xc0, 0x56, 0xc1, 0x80, 0x3f,
    0xf8, 0x14, 0x12, 0xc, 0x22, 0x60, 0xf, 0xf2,
    0x90, 0x30, 0x1, 0x82, 0xc0, 0x3f, 0xd2, 0xa,
    0x20, 0x9, 0x2, 0x50, 0xf, 0xc6, 0x60, 0x90,
    0x8, 0x54, 0x24, 0x3, 0xf4, 0x81, 0x98, 0x3,
    0x70, 0x19, 0x80, 0x3c, 0x4a, 0x12, 0x1, 0xc8,
    0x41, 0x20, 0x1e, 0xb0, 0x5, 0x7f, 0xf8, 0x81,
    0x48, 0x3, 0xb, 0x0, 0x7f, 0xf0, 0x2c, 0x3,
    0x30, 0x3, 0xbf, 0xff, 0x38, 0x30, 0x80, 0x52,
    0xc, 0x20, 0x1f, 0xa4, 0x0, 0xc0, 0x5, 0x10,
    0xb0, 0xf, 0xe1, 0x60, 0x90, 0x4, 0x82, 0x90,
    0x7, 0xfa, 0xc0, 0x54,

    /* U+00C5 "Å" */
    0x0, 0xfd, 0x1b, 0x88, 0x1, 0xff, 0xc2, 0x83,
    0xf9, 0xa2, 0x0, 0xff, 0xe0, 0xaf, 0x92, 0xa9,
    0xc0, 0x3f, 0xf8, 0x2f, 0xa0, 0x4a, 0xc0, 0x1f,
    0xfc, 0x1b, 0x2f, 0xd8, 0x30, 0xf, 0xfe, 0x8,
    0xdf, 0xf9, 0x80, 0x3f, 0xfa, 0xd5, 0xfe, 0x20,
    0xf, 0xfe, 0x10, 0xa8, 0x2, 0x0, 0x3f, 0xf8,
    0x52, 0x2, 0xa, 0x20, 0x1f, 0xfc, 0x17, 0xb,
    0x20, 0x90, 0xf, 0xfe, 0x3, 0x80, 0xad, 0x83,
    0x0, 0x7f, 0xf0, 0x28, 0x24, 0x18, 0x44, 0xc0,
    0x1f, 0xe5, 0x20, 0x60, 0x3, 0x5, 0x80, 0x7f,
    0xa4, 0x14, 0x40, 0x12, 0x4, 0xa0, 0x1f, 0x8c,
    0xc1, 0x20, 0x10, 0xa8, 0x48, 0x7, 0xe9, 0x3,
    0x30, 0x6, 0xe0, 0x33, 0x0, 0x78, 0x94, 0x24,
    0x3, 0x90, 0x82, 0x40, 0x3d, 0x60, 0xa, 0xff,
    0xf1, 0x2, 0x90, 0x6, 0x16, 0x0, 0xff, 0xe0,
    0x58, 0x6, 0x60, 0x7, 0x7f, 0xfe, 0x70, 0x61,
    0x0, 0xa4, 0x18, 0x40, 0x3f, 0x48, 0x1, 0x80,
    0xa, 0x21, 0x60, 0x1f, 0xc2, 0xc1, 0x20, 0x9,
    0x5, 0x20, 0xf, 0xf5, 0x80, 0xa8,

    /* U+00C6 "Æ" */
    0x0, 0xff, 0x2f, 0xff, 0xff, 0x5, 0xc0, 0x3f,
    0xd0, 0x1, 0xff, 0xcb, 0x72, 0x24, 0x0, 0x3b,
    0xbf, 0x9c, 0x3, 0xf0, 0xc0, 0x40, 0x80, 0x4,
    0x7f, 0x80, 0x3f, 0xac, 0x11, 0x40, 0x3f, 0xf9,
    0x8, 0xa1, 0x0, 0x1f, 0xfc, 0x99, 0x6, 0x30,
    0xf, 0xfe, 0x43, 0x10, 0x40, 0x7, 0x7f, 0xfe,
    0x60, 0xf, 0xc, 0x84, 0x8, 0x7, 0xff, 0x22,
    0x0, 0x9c, 0x3, 0xdd, 0xdf, 0x98, 0x3, 0x8d,
    0x82, 0x0, 0x3e, 0x11, 0xfc, 0x1, 0xef, 0x0,
    0x57, 0xfe, 0x90, 0xf, 0xfe, 0x1b, 0x18, 0x7,
    0xff, 0x2e, 0x1, 0xbf, 0xfd, 0x20, 0x1f, 0xfc,
    0x28, 0x11, 0x48, 0x7, 0xf0, 0x8f, 0xf8, 0x9,
    0xc2, 0xc0, 0x3f, 0xdd, 0xdf, 0xda, 0x12, 0x6,
    0xa0, 0x1f, 0xfc, 0x80,

    /* U+00C7 "Ç" */
    0x0, 0xe5, 0xad, 0xff, 0x6d, 0x28, 0x7, 0x8f,
    0x69, 0x48, 0x0, 0x4b, 0x5a, 0x60, 0x12, 0xe1,
    0x2, 0x4d, 0xe5, 0x30, 0x16, 0x10, 0x1d, 0x1,
    0x65, 0xb2, 0x1a, 0xcf, 0x1b, 0x90, 0x70, 0xe,
    0x18, 0x7, 0x87, 0x20, 0x14, 0x82, 0x84, 0x3,
    0xfe, 0xc0, 0x14, 0x0, 0xff, 0xe0, 0x28, 0x20,
    0x7, 0xff, 0x4, 0x40, 0xc0, 0x3f, 0xf8, 0x22,
    0x6, 0x1, 0xff, 0xc1, 0x50, 0x70, 0xf, 0xfe,
    0xe, 0x1, 0x20, 0x7, 0xff, 0x1, 0x48, 0x28,
    0x40, 0x3f, 0xf8, 0x1c, 0x3, 0x86, 0x1, 0xe1,
    0xc8, 0x0, 0x1d, 0x1, 0x65, 0xa9, 0x99, 0x27,
    0x8d, 0xc8, 0x0, 0xb8, 0x40, 0x95, 0x98, 0xb6,
    0x2, 0xc2, 0x0, 0x8f, 0x69, 0x44, 0x0, 0x4b,
    0x5a, 0x60, 0x1e, 0x5a, 0xa0, 0x76, 0xd2, 0x80,
    0x7f, 0xb0, 0x31, 0x0, 0x3f, 0xf8, 0x11, 0xc3,
    0x40, 0x1f, 0xf2, 0x11, 0x80, 0x7f, 0xf0, 0x67,
    0x74, 0x56, 0x1, 0xff, 0x6e, 0x63, 0x94, 0x3,
    0x80,

    /* U+00C8 "È" */
    0x0, 0x24, 0x40, 0x80, 0x3f, 0x90, 0x1f, 0xc,
    0x3, 0xfa, 0x2c, 0x30, 0xc0, 0x3f, 0x93, 0xe1,
    0x0, 0x3f, 0xc2, 0xee, 0x0, 0xe7, 0xff, 0xff,
    0x98, 0x3, 0xff, 0x86, 0x3d, 0xdf, 0xcc, 0x1,
    0x8, 0xff, 0x0, 0x7f, 0xf7, 0x87, 0xff, 0xf2,
    0x80, 0x7f, 0xf1, 0x7, 0xbb, 0xf2, 0x80, 0x61,
    0x1f, 0xc0, 0x1f, 0xfe, 0x1, 0x1f, 0xf0, 0x0,
    0x7b, 0xbf, 0xa8, 0x3, 0xff, 0x82,

    /* U+00C9 "É" */
    0x0, 0xf8, 0xa2, 0x8, 0x1, 0xf8, 0xf1, 0xc1,
    0x0, 0x3e, 0x4c, 0xb, 0x80, 0xf, 0xc7, 0x1e,
    0x80, 0x1f, 0xce, 0xe1, 0x0, 0xe7, 0xff, 0xff,
    0x98, 0x3, 0xff, 0x86, 0x3d, 0xdf, 0xcc, 0x1,
    0x8, 0xff, 0x0, 0x7f, 0xf7, 0x87, 0xff, 0xf2,
    0x80, 0x7f, 0xf1, 0x7, 0xbb, 0xf2, 0x80, 0x61,
    0x1f, 0xc0, 0x1f, 0xfe, 0x1, 0x1f, 0xf0, 0x0,
    0x7b, 0xbf, 0xa8, 0x3, 0xff, 0x82,

    /* U+00CA "Ê" */
    0x0, 0xe6, 0x86, 0x0, 0xfe, 0xa9, 0x69, 0x90,
    0x7, 0xd6, 0xaf, 0xce, 0xd4, 0x1, 0xc8, 0x77,
    0x1, 0x14, 0x46, 0x1, 0x92, 0x10, 0x2, 0x58,
    0x30, 0x3, 0xff, 0xff, 0xcc, 0x1, 0xff, 0xc3,
    0x1e, 0xef, 0xe6, 0x0, 0x84, 0x7f, 0x80, 0x3f,
    0xfb, 0xc3, 0xff, 0xf9, 0x40, 0x3f, 0xf8, 0x83,
    0xdd, 0xf9, 0x40, 0x30, 0x8f, 0xe0, 0xf, 0xff,
    0x0, 0x8f, 0xf8, 0x0, 0x3d, 0xdf, 0xd4, 0x1,
    0xff, 0xc1,

    /* U+00CB "Ë" */
    0x0, 0x8d, 0x80, 0x26, 0x20, 0xf, 0x6c, 0xb0,
    0x3c, 0xf8, 0x7, 0x90, 0x54, 0x10, 0x50, 0x3,
    0xd5, 0xc6, 0x7, 0xd2, 0x1, 0xff, 0xc4, 0x7f,
    0xff, 0xf9, 0x80, 0x3f, 0xf8, 0x63, 0xdd, 0xfc,
    0xc0, 0x10, 0x8f, 0xf0, 0x7, 0xff, 0x78, 0x7f,
    0xff, 0x28, 0x7, 0xff, 0x10, 0x7b, 0xbf, 0x28,
    0x6, 0x11, 0xfc, 0x1, 0xff, 0xe0, 0x11, 0xff,
    0x0, 0x7, 0xbb, 0xfa, 0x80, 0x3f, 0xf8, 0x20,

    /* U+00CC "Ì" */
    0x28, 0x82, 0x0, 0x45, 0xaf, 0x6a, 0x1, 0x2e,
    0x95, 0x30, 0x4, 0x5b, 0x2, 0x20, 0xc, 0xee,
    0x10, 0x9, 0xff, 0x80, 0x3f, 0xff, 0xe0, 0x1f,
    0xfd, 0xa0,

    /* U+00CD "Í" */
    0x0, 0xcf, 0xc, 0x1, 0xe, 0x41, 0xb8, 0x0,
    0xb0, 0xe2, 0xc4, 0x0, 0x8b, 0x8e, 0x1, 0x9a,
    0xc, 0x3, 0x9f, 0xf8, 0x3, 0xff, 0xfe, 0x1,
    0xff, 0xed,

    /* U+00CE "Î" */
    0x0, 0x96, 0x1c, 0x3, 0xcf, 0x4d, 0x18, 0x20,
    0x14, 0x41, 0x3a, 0x8f, 0x4, 0x8, 0x26, 0xc1,
    0x71, 0x50, 0xa, 0x18, 0x2, 0x38, 0x50, 0xc,
    0xff, 0xc0, 0x1f, 0xff, 0xf0, 0xf, 0xff, 0xf8,
    0x7, 0xff, 0x8,

    /* U+00CF "Ï" */
    0x17, 0x10, 0x2, 0xa0, 0x5c, 0x58, 0x1d, 0x58,
    0xe0, 0x60, 0x11, 0xc, 0x5b, 0xd8, 0x7, 0x70,
    0x3, 0xfe, 0x7f, 0xe0, 0xf, 0xff, 0xf8, 0x7,
    0xff, 0xb0,

    /* U+00D0 "Ð" */
    0x0, 0x27, 0xff, 0xed, 0xa5, 0x0, 0xff, 0xe2,
    0x12, 0xd6, 0x98, 0x7, 0xec, 0xee, 0xd9, 0x4a,
    0x5, 0x8c, 0x1, 0xf1, 0x8, 0xe3, 0x5a, 0xd3,
    0x9, 0x40, 0xf, 0xfe, 0x11, 0x61, 0x5, 0x0,
    0x7f, 0xf1, 0x38, 0x5, 0x40, 0x3f, 0xf8, 0x66,
    0x41, 0xf5, 0xd6, 0x0, 0xee, 0xd8, 0x1, 0xe7,
    0x6, 0x11, 0x0, 0x61, 0x1c, 0x1, 0xe3, 0x1,
    0xbf, 0xb0, 0x7, 0x7f, 0xda, 0x1, 0xe3, 0x1,
    0x0, 0xff, 0xe2, 0x38, 0x30, 0x7, 0xff, 0xc,
    0xc8, 0x3c, 0x3, 0xff, 0x87, 0xc0, 0x2a, 0x1,
    0xff, 0xc1, 0x2c, 0x20, 0xa0, 0xf, 0x10, 0x8e,
    0x35, 0xad, 0x30, 0x94, 0x0, 0xf6, 0x77, 0x6c,
    0xa5, 0x1, 0xb6, 0x0, 0xff, 0xe0, 0x92, 0xd7,
    0x20, 0x4,

    /* U+00D1 "Ñ" */
    0x0, 0xff, 0x8, 0x80, 0x3e, 0x8f, 0xf5, 0xa1,
    0x6c, 0x0, 0x78, 0x9e, 0xfc, 0xef, 0x4a, 0xc0,
    0x3c, 0x78, 0x81, 0x1d, 0x9c, 0x40, 0x1e, 0x13,
    0x0, 0x84, 0xc0, 0x39, 0xff, 0x40, 0x3f, 0x9f,
    0xfc, 0x0, 0x2a, 0x0, 0xff, 0xe1, 0x2b, 0x80,
    0x7f, 0xf0, 0xa1, 0x0, 0x3f, 0xf8, 0x4, 0x14,
    0x40, 0x1f, 0xe1, 0xe0, 0x1f, 0x0, 0xff, 0x8e,
    0x80, 0xa8, 0x3, 0xfe, 0x57, 0x5, 0x70, 0xf,
    0xfa, 0x10, 0x21, 0x0, 0x3f, 0xea, 0x10, 0xa1,
    0x0, 0xff, 0xe, 0x80, 0xe8, 0x7, 0xfc, 0x72,
    0x7, 0x40, 0x1f, 0xf3, 0x30, 0x16, 0x80, 0x3f,
    0xe9, 0x30, 0x20, 0xf, 0xfe, 0x6, 0x88, 0x7,
    0xff, 0x4, 0x74, 0x3, 0xff, 0x84, 0x72, 0x0,

    /* U+00D2 "Ò" */
    0x0, 0xe7, 0x87, 0x0, 0xff, 0xe2, 0x2a, 0x45,
    0x80, 0x7f, 0xf0, 0xcb, 0x19, 0x30, 0x3, 0xff,
    0x89, 0x36, 0x8a, 0x1, 0xff, 0xc4, 0x48, 0x50,
    0xf, 0xfe, 0xa, 0xd6, 0xff, 0xba, 0xd8, 0x3,
    0xf8, 0xb6, 0x94, 0x80, 0x2, 0x93, 0xc8, 0x1,
    0xe5, 0xd2, 0x4, 0x9c, 0xc5, 0x28, 0xd, 0xb8,
    0x6, 0x3a, 0x2, 0xcb, 0x63, 0x32, 0xd7, 0x18,
    0x42, 0x80, 0x5c, 0x3, 0x86, 0x1, 0xe1, 0xc3,
    0xa, 0x10, 0x42, 0xa, 0x10, 0xf, 0xee, 0x0,
    0x30, 0x68, 0xa, 0x0, 0x7f, 0x89, 0x2, 0xc1,
    0x41, 0x0, 0x3f, 0xf8, 0x6, 0x6, 0x2, 0x6,
    0x1, 0xff, 0xc0, 0xe0, 0x8, 0x40, 0xc0, 0x3f,
    0xf8, 0x1c, 0x1, 0x28, 0x38, 0x7, 0xff, 0x0,
    0xc0, 0xc3, 0x0, 0x90, 0x3, 0xfc, 0x48, 0x16,
    0xa, 0x41, 0x42, 0x1, 0xfd, 0xc0, 0x6, 0x0,
    0x70, 0xe, 0x18, 0x7, 0x87, 0xc, 0x28, 0x40,
    0x7, 0x40, 0x59, 0x6a, 0x66, 0x59, 0xe3, 0x7,
    0x50, 0xc, 0xb8, 0x40, 0x95, 0x98, 0xa6, 0x1,
    0xb8, 0x0, 0xf1, 0xed, 0x29, 0x0, 0x5, 0x27,
    0x90, 0x3, 0x0,

    /* U+00D3 "Ó" */
    0x0, 0xff, 0x2c, 0x38, 0x80, 0x7f, 0xf0, 0xa2,
    0x98, 0xc4, 0x3, 0xff, 0x83, 0x2e, 0x9e, 0x80,
    0x1f, 0xfc, 0x13, 0x19, 0xb1, 0x0, 0xff, 0xe1,
    0x1c, 0x30, 0x7, 0xff, 0x9, 0x6b, 0x7f, 0xdd,
    0x6c, 0x1, 0xfc, 0x5b, 0x4a, 0x40, 0x1, 0x49,
    0xe4, 0x0, 0xf2, 0xe9, 0x2, 0x4e, 0x62, 0x94,
    0x6, 0xdc, 0x3, 0x1d, 0x1, 0x65, 0xb1, 0x99,
    0x6b, 0x8c, 0x21, 0x40, 0x2e, 0x1, 0xc3, 0x0,
    0xf0, 0xe1, 0x85, 0x8, 0x21, 0x5, 0x8, 0x7,
    0xf7, 0x0, 0x18, 0x34, 0x5, 0x0, 0x3f, 0xc4,
    0x81, 0x60, 0xa0, 0x80, 0x1f, 0xfc, 0x3, 0x3,
    0x1, 0x3, 0x0, 0xff, 0xe0, 0x70, 0x4, 0x20,
    0x60, 0x1f, 0xfc, 0xe, 0x0, 0x94, 0x1c, 0x3,
    0xff, 0x80, 0x60, 0x61, 0x80, 0x48, 0x1, 0xfe,
    0x24, 0xb, 0x5, 0x20, 0xa1, 0x0, 0xfe, 0xe0,
    0x3, 0x0, 0x38, 0x7, 0xc, 0x3, 0xc3, 0x86,
    0x14, 0x20, 0x3, 0xa0, 0x2c, 0xb5, 0x33, 0x2c,
    0xf1, 0x83, 0xa8, 0x6, 0x5c, 0x20, 0x4a, 0xcc,
    0x53, 0x0, 0xdc, 0x0, 0x78, 0xf6, 0x94, 0x80,
    0x2, 0x93, 0xc8, 0x1, 0x80,

    /* U+00D4 "Ô" */
    0x0, 0xf8, 0xa2, 0x6, 0x1, 0xff, 0xc2, 0x2c,
    0x76, 0xc4, 0x0, 0xff, 0xe0, 0x1e, 0x6, 0x79,
    0xda, 0x80, 0x7f, 0xc9, 0x3e, 0x63, 0x90, 0x42,
    0x1, 0xfe, 0x77, 0x8, 0x4, 0xee, 0x10, 0xf,
    0xf2, 0xd6, 0xff, 0xba, 0xd8, 0x3, 0xf8, 0xb6,
    0x94, 0x80, 0x2, 0x93, 0xc8, 0x1, 0xe5, 0xd2,
    0x4, 0x9c, 0xc5, 0x28, 0xd, 0xb8, 0x6, 0x3a,
    0x2, 0xcb, 0x63, 0x32, 0xd7, 0x18, 0x42, 0x80,
    0x5c, 0x3, 0x86, 0x1, 0xe1, 0xc3, 0xa, 0x10,
    0x42, 0xa, 0x10, 0xf, 0xee, 0x0, 0x30, 0x68,
    0xa, 0x0, 0x7f, 0x89, 0x2, 0xc1, 0x41, 0x0,
    0x3f, 0xf8, 0x6, 0x6, 0x2, 0x6, 0x1, 0xff,
    0xc0, 0xe0, 0x8, 0x40, 0xc0, 0x3f, 0xf8, 0x1c,
    0x1, 0x28, 0x38, 0x7, 0xff, 0x0, 0xc0, 0xc3,
    0x0, 0x90, 0x3, 0xfc, 0x48, 0x16, 0xa, 0x41,
    0x42, 0x1, 0xfd, 0xc0, 0x6, 0x0, 0x70, 0xe,
    0x18, 0x7, 0x87, 0xc, 0x28, 0x40, 0x7, 0x40,
    0x59, 0x6a, 0x66, 0x59, 0xe3, 0x7, 0x50, 0xc,
    0xb8, 0x40, 0x95, 0x98, 0xa6, 0x1, 0xb8, 0x0,
    0xf1, 0xed, 0x29, 0x0, 0x5, 0x27, 0x90, 0x3,
    0x0,

    /* U+00D5 "Õ" */
    0x0, 0xf8, 0x40, 0x31, 0x0, 0x7f, 0xc3, 0xbd,
    0x60, 0x3, 0xd0, 0xf, 0xfa, 0xe, 0x5f, 0xa,
    0x48, 0x3, 0xfe, 0x49, 0x6c, 0x7d, 0x59, 0x0,
    0xff, 0xb9, 0x80, 0x17, 0x9c, 0x80, 0x1f, 0xf1,
    0x88, 0x4, 0x62, 0x1, 0xff, 0xc0, 0x5a, 0xdf,
    0xf7, 0x5b, 0x0, 0x7f, 0x16, 0xd2, 0x90, 0x0,
    0x52, 0x79, 0x0, 0x3c, 0xba, 0x40, 0x93, 0x98,
    0xa5, 0x1, 0xb7, 0x0, 0xc7, 0x40, 0x59, 0x6c,
    0x66, 0x5a, 0xe3, 0x8, 0x50, 0xb, 0x80, 0x70,
    0xc0, 0x3c, 0x38, 0x61, 0x42, 0x8, 0x41, 0x42,
    0x1, 0xfd, 0xc0, 0x6, 0xd, 0x1, 0x40, 0xf,
    0xf1, 0x20, 0x58, 0x28, 0x20, 0x7, 0xff, 0x0,
    0xc0, 0xc0, 0x40, 0xc0, 0x3f, 0xf8, 0x1c, 0x1,
    0x8, 0x18, 0x7, 0xff, 0x3, 0x80, 0x25, 0x7,
    0x0, 0xff, 0xe0, 0x18, 0x18, 0x60, 0x12, 0x0,
    0x7f, 0x89, 0x2, 0xc1, 0x48, 0x28, 0x40, 0x3f,
    0xb8, 0x0, 0xc0, 0xe, 0x1, 0xc3, 0x0, 0xf0,
    0xe1, 0x85, 0x8, 0x0, 0xe8, 0xb, 0x2d, 0x4c,
    0xcb, 0x3c, 0x60, 0xea, 0x1, 0x97, 0x8, 0x12,
    0xb3, 0x14, 0xc0, 0x37, 0x0, 0x1e, 0x3d, 0xa5,
    0x20, 0x0, 0xa4, 0xf2, 0x0, 0x60,

    /* U+00D6 "Ö" */
    0x0, 0xf3, 0x20, 0x0, 0x9c, 0x3, 0xff, 0x80,
    0x93, 0x60, 0xf, 0x87, 0x0, 0xff, 0x98, 0x4c,
    0x0, 0x80, 0x60, 0x1f, 0xf1, 0x76, 0x0, 0x27,
    0xd0, 0x3, 0xff, 0xa4, 0xb5, 0xbf, 0xee, 0xb6,
    0x0, 0xfe, 0x2d, 0xa5, 0x20, 0x0, 0xa4, 0xf2,
    0x0, 0x79, 0x74, 0x81, 0x27, 0x31, 0x4a, 0x3,
    0x6e, 0x1, 0x8e, 0x80, 0xb2, 0xd8, 0xcc, 0xb5,
    0xc6, 0x10, 0xa0, 0x17, 0x0, 0xe1, 0x80, 0x78,
    0x70, 0xc2, 0x84, 0x10, 0x82, 0x84, 0x3, 0xfb,
    0x80, 0xc, 0x1a, 0x2, 0x80, 0x1f, 0xe2, 0x40,
    0xb0, 0x50, 0x40, 0xf, 0xfe, 0x1, 0x81, 0x80,
    0x81, 0x80, 0x7f, 0xf0, 0x38, 0x2, 0x10, 0x30,
    0xf, 0xfe, 0x7, 0x0, 0x4a, 0xe, 0x1, 0xff,
    0xc0, 0x30, 0x30, 0xc0, 0x24, 0x0, 0xff, 0x12,
    0x5, 0x82, 0x90, 0x50, 0x80, 0x7f, 0x70, 0x1,
    0x80, 0x1c, 0x3, 0x86, 0x1, 0xe1, 0xc3, 0xa,
    0x10, 0x1, 0xd0, 0x16, 0x5a, 0x99, 0x96, 0x78,
    0xc1, 0xd4, 0x3, 0x2e, 0x10, 0x25, 0x66, 0x29,
    0x80, 0x6e, 0x0, 0x3c, 0x7b, 0x4a, 0x40, 0x1,
    0x49, 0xe4, 0x0, 0xc0,

    /* U+00D7 "×" */
    0x0, 0xff, 0xa9, 0x80, 0x33, 0x50, 0x1a, 0xcb,
    0x0, 0x1a, 0x54, 0x8e, 0x82, 0x55, 0xa4, 0x2c,
    0x81, 0x68, 0x2a, 0x42, 0x90, 0x2, 0x56, 0x0,
    0x32, 0x80, 0x65, 0x60, 0x3, 0x28, 0x4, 0xb4,
    0x15, 0x21, 0x48, 0x7, 0x41, 0x2a, 0xd2, 0x16,
    0x46, 0xb2, 0xc0, 0x6, 0x95, 0x20, 0xa6, 0x0,
    0xcd, 0x40,

    /* U+00D8 "Ø" */
    0x0, 0xff, 0xe1, 0xf, 0x68, 0x7, 0xff, 0x12,
    0xc7, 0x80, 0x3e, 0x5a, 0xdf, 0xf7, 0x5b, 0x31,
    0x5c, 0xc0, 0x38, 0xb6, 0x94, 0x80, 0x2, 0x93,
    0x20, 0x80, 0xe, 0x5d, 0x20, 0x49, 0xcc, 0x52,
    0x80, 0x4e, 0x1, 0x8e, 0x80, 0xb2, 0xd8, 0xcc,
    0xba, 0x1, 0x42, 0x80, 0x5c, 0x3, 0x86, 0x1,
    0x8e, 0x17, 0xcc, 0x28, 0x41, 0x8, 0x28, 0x40,
    0x3b, 0x86, 0xc3, 0x80, 0xc, 0x1a, 0x2, 0x80,
    0x1d, 0x25, 0x42, 0x4, 0x81, 0x60, 0xa0, 0x80,
    0x1c, 0x8c, 0xc4, 0x0, 0x8c, 0xc, 0x4, 0xc,
    0x3, 0xd, 0x14, 0x80, 0x6e, 0x0, 0x84, 0xc,
    0x3, 0x50, 0xf8, 0x7, 0x70, 0x4, 0xa0, 0xe0,
    0x13, 0x24, 0x10, 0x7, 0x18, 0x18, 0x60, 0x12,
    0x1, 0x4a, 0x38, 0x7, 0x12, 0x5, 0x82, 0x90,
    0x50, 0xf0, 0xd0, 0x7, 0xb8, 0x0, 0xc0, 0xe,
    0x1, 0xe3, 0xb1, 0x0, 0xc3, 0x86, 0x14, 0x20,
    0x3, 0xa0, 0xb, 0x94, 0xcc, 0xb3, 0xc6, 0xe,
    0xa0, 0x19, 0x0, 0x24, 0xac, 0xc5, 0x30, 0xd,
    0xc0, 0x7, 0x58, 0x5d, 0x29, 0x0, 0x5, 0x27,
    0x90, 0x3, 0x95, 0x4e, 0x8b, 0x5b, 0xfe, 0xeb,
    0x60, 0xf, 0x8a, 0x20, 0x1, 0xff, 0xc3,

    /* U+00D9 "Ù" */
    0x0, 0x92, 0x20, 0x40, 0x1f, 0xf2, 0x3, 0xe1,
    0x80, 0x7f, 0xd1, 0x61, 0x88, 0x1, 0xff, 0x27,
    0xc1, 0x80, 0x7f, 0xf0, 0x5, 0xdc, 0x1, 0xea,
    0xfc, 0x0, 0xfe, 0xcf, 0x90, 0xf, 0xff, 0xf8,
    0x7, 0xff, 0x84, 0xc0, 0x3f, 0xf8, 0x82, 0x1,
    0xfc, 0x20, 0x3c, 0x4, 0x1, 0xfc, 0x41, 0xc8,
    0x0, 0x50, 0xf, 0x94, 0x0, 0x86, 0x60, 0xb1,
    0x0, 0xe1, 0xb0, 0x32, 0xf, 0x1, 0xf7, 0x32,
    0x38, 0xf1, 0xf, 0x0, 0x1d, 0x80, 0xc6, 0x6e,
    0x38, 0x8a, 0xcc, 0x2, 0x4e, 0x83, 0x10, 0x13,
    0x8f, 0x40, 0x0,

    /* U+00DA "Ú" */
    0x0, 0xfc, 0x51, 0x4, 0x0, 0xff, 0x1e, 0x38,
    0x20, 0x7, 0xf2, 0x60, 0x5c, 0x0, 0x7f, 0x8e,
    0x3d, 0x0, 0x3f, 0xe7, 0x70, 0x80, 0x7a, 0xbf,
    0x0, 0x3f, 0xb3, 0xe4, 0x3, 0xff, 0xfe, 0x1,
    0xff, 0xe1, 0x30, 0xf, 0xfe, 0x20, 0x80, 0x7f,
    0x8, 0xf, 0x1, 0x0, 0x7f, 0x10, 0x72, 0x0,
    0x14, 0x3, 0xe5, 0x0, 0x21, 0x98, 0x2c, 0x40,
    0x38, 0x6c, 0xc, 0x83, 0xc0, 0x7d, 0xcc, 0x8e,
    0x3c, 0x43, 0xc0, 0x7, 0x60, 0x31, 0x9b, 0x8e,
    0x22, 0xb3, 0x0, 0x93, 0xa0, 0xc4, 0x4, 0xe3,
    0xd0, 0x0,

    /* U+00DB "Û" */
    0x0, 0xf3, 0x43, 0x0, 0x7f, 0xd5, 0x2d, 0x34,
    0x1, 0xfd, 0x6a, 0xfc, 0xeb, 0x60, 0x1f, 0x21,
    0xdc, 0x4, 0x59, 0xa0, 0x7, 0x92, 0x10, 0x2,
    0x48, 0x40, 0xa, 0xbf, 0x0, 0x3f, 0xb3, 0xe4,
    0x3, 0xff, 0xfe, 0x1, 0xff, 0xe1, 0x30, 0xf,
    0xfe, 0x20, 0x80, 0x7f, 0x8, 0xf, 0x1, 0x0,
    0x7f, 0x10, 0x72, 0x0, 0x14, 0x3, 0xe5, 0x0,
    0x21, 0x98, 0x2c, 0x40, 0x38, 0x6c, 0xc, 0x83,
    0xc0, 0x7d, 0xcc, 0x8e, 0x3c, 0x43, 0xc0, 0x7,
    0x60, 0x31, 0x9b, 0x8e, 0x22, 0xb3, 0x0, 0x93,
    0xa0, 0xc4, 0x4, 0xe3, 0xd0, 0x0,

    /* U+00DC "Ü" */
    0x0, 0xc6, 0xc0, 0x13, 0x18, 0x7, 0xed, 0x96,
    0x6, 0x9d, 0x0, 0xfc, 0xe2, 0xa0, 0xa2, 0xe0,
    0x1f, 0xa7, 0x8c, 0xf, 0xa4, 0x3, 0xff, 0x8f,
    0x5f, 0x80, 0x1f, 0xd9, 0xf2, 0x1, 0xff, 0xff,
    0x0, 0xff, 0xf0, 0x98, 0x7, 0xff, 0x10, 0x40,
    0x3f, 0x84, 0x7, 0x80, 0x80, 0x3f, 0x88, 0x39,
    0x0, 0xa, 0x1, 0xf2, 0x80, 0x10, 0xcc, 0x16,
    0x20, 0x1c, 0x36, 0x6, 0x41, 0xe0, 0x3e, 0xe6,
    0x47, 0x1e, 0x21, 0xe0, 0x3, 0xb0, 0x18, 0xcd,
    0xc7, 0x11, 0x59, 0x80, 0x49, 0xd0, 0x62, 0x2,
    0x71, 0xe8, 0x0,

    /* U+00DD "Ý" */
    0x0, 0xff, 0x3c, 0x30, 0x7, 0xff, 0x0, 0x72,
    0xd, 0xc0, 0x3f, 0xe1, 0xc3, 0x8b, 0x10, 0xf,
    0xf9, 0xd7, 0x1c, 0x3, 0xff, 0x82, 0xd0, 0x60,
    0x1f, 0xb3, 0xf0, 0x3, 0xf8, 0x7f, 0xca, 0x1e,
    0x6, 0xa0, 0x1f, 0xac, 0x11, 0x40, 0xd8, 0x2c,
    0x3, 0xe4, 0x50, 0x90, 0xa, 0x4, 0x52, 0x1,
    0xe9, 0x7, 0x20, 0x8, 0x60, 0x18, 0x80, 0x33,
    0x90, 0xc0, 0x7, 0x31, 0x87, 0x0, 0x43, 0x1,
    0x60, 0x1f, 0x78, 0x1a, 0x80, 0x2c, 0x11, 0x40,
    0x3e, 0x36, 0xb, 0x4, 0x50, 0x90, 0xf, 0xe8,
    0x11, 0x4c, 0x81, 0xc8, 0x3, 0xf8, 0x60, 0x18,
    0x86, 0x0, 0x3f, 0xe6, 0x30, 0x5, 0x80, 0x7f,
    0xf0, 0x68, 0x0, 0xa0, 0x1f, 0xff, 0xf0, 0xf,
    0xfe, 0x20,

    /* U+00DE "Þ" */
    0x7f, 0xe0, 0xf, 0xfe, 0x88, 0xff, 0xf7, 0x5b,
    0x0, 0x7f, 0xf0, 0x5, 0x27, 0x48, 0x3, 0xe,
    0xef, 0x5b, 0x1, 0x60, 0x80, 0x62, 0x2e, 0x49,
    0xc0, 0x18, 0x0, 0xff, 0x8d, 0x81, 0xc0, 0x3f,
    0xf8, 0x18, 0x2, 0x1, 0xff, 0xcf, 0xc0, 0x10,
    0xf, 0xf8, 0xd8, 0x1c, 0x3, 0x8, 0xf1, 0xc6,
    0x0, 0xc0, 0x4, 0x3d, 0xdd, 0x8e, 0x5, 0x82,
    0x1, 0xfc, 0x29, 0x3a, 0x40, 0x18, 0x7f, 0xfb,
    0xad, 0x80, 0x3f, 0xfa, 0xc0,

    /* U+00DF "ß" */
    0x0, 0x9f, 0x3b, 0xf6, 0x48, 0x3, 0x8b, 0x60,
    0xc4, 0x9, 0xb5, 0x80, 0x37, 0x10, 0xce, 0xf6,
    0x20, 0x49, 0x0, 0x14, 0xc3, 0x58, 0x84, 0xec,
    0x82, 0xc0, 0x1e, 0x8, 0x60, 0x1c, 0xa0, 0x40,
    0x6, 0x3, 0x0, 0xfc, 0x20, 0x1b, 0xc0, 0x38,
    0x58, 0x3c, 0x0, 0x20, 0x1c, 0x2b, 0x82, 0x8a,
    0x1, 0xf2, 0xf5, 0x10, 0xc8, 0x7, 0xe1, 0x0,
    0x87, 0x5c, 0x3, 0xe4, 0xff, 0x6b, 0x4, 0x30,
    0x7, 0xf1, 0x4b, 0x84, 0x0, 0x7f, 0xd4, 0x2,
    0x20, 0xf, 0xf0, 0x80, 0x7f, 0xf0, 0x68, 0x4,
    0x40, 0x1c, 0x62, 0x23, 0x96, 0x6, 0x0, 0xe2,
    0xce, 0xe6, 0x30, 0x2c, 0x0, 0x70, 0x98, 0x0,
    0x52, 0xa8, 0x0,

    /* U+00E0 "à" */
    0x1, 0xbf, 0xe2, 0x0, 0xf8, 0x6d, 0xc7, 0x8,
    0x3, 0xf4, 0x50, 0xe1, 0x0, 0x7e, 0x5e, 0xd0,
    0xf, 0xf0, 0x99, 0x0, 0x79, 0xaf, 0xbf, 0xdb,
    0x2, 0x0, 0x2e, 0x94, 0x10, 0x1, 0x3f, 0x88,
    0x10, 0x25, 0x77, 0xec, 0x0, 0xd0, 0x3, 0xed,
    0x44, 0x9, 0xe4, 0x10, 0x0, 0x20, 0x1e, 0x70,
    0x1, 0x80, 0xd, 0xea, 0xb5, 0x80, 0x1c, 0x2b,
    0x21, 0x57, 0x80, 0x26, 0x50, 0x9e, 0xff, 0xc0,
    0x16, 0x83, 0x30, 0x40, 0x3e, 0x70, 0x10, 0xe,
    0x50, 0x9, 0x1, 0x88, 0x2, 0x4a, 0x0, 0xa4,
    0x87, 0x72, 0xf6, 0xc8, 0x2, 0x1c, 0x72, 0x34,
    0x7, 0xd1, 0x0, 0x0,

    /* U+00E1 "á" */
    0x0, 0xf1, 0x77, 0xd8, 0x7, 0xc5, 0x82, 0xf6,
    0x1, 0xe2, 0xc1, 0xb8, 0x0, 0xfd, 0xbc, 0x80,
    0x1f, 0x88, 0xc4, 0x3, 0xe6, 0xbe, 0xff, 0x6c,
    0x8, 0x0, 0xba, 0x50, 0x40, 0x4, 0xfe, 0x20,
    0x40, 0x95, 0xdf, 0xb0, 0x3, 0x40, 0xf, 0xb5,
    0x10, 0x27, 0x90, 0x40, 0x0, 0x80, 0x79, 0xc0,
    0x6, 0x0, 0x37, 0xaa, 0xd6, 0x0, 0x70, 0xac,
    0x85, 0x5e, 0x0, 0x99, 0x42, 0x7b, 0xff, 0x0,
    0x5a, 0xc, 0xc1, 0x0, 0xf9, 0xc0, 0x40, 0x39,
    0x40, 0x24, 0x6, 0x20, 0x9, 0x28, 0x2, 0x92,
    0x1d, 0xcb, 0xdb, 0x20, 0x8, 0x71, 0xc8, 0xd0,
    0x1f, 0x44, 0x0,

    /* U+00E2 "â" */
    0x0, 0xd3, 0xfe, 0x90, 0xf, 0xa5, 0x91, 0xd,
    0x20, 0x1d, 0x2c, 0xcb, 0xb3, 0x32, 0x40, 0x35,
    0x64, 0x80, 0x27, 0x28, 0x3, 0x19, 0x80, 0x31,
    0x98, 0x3, 0x35, 0xf7, 0xfb, 0x60, 0x40, 0x5,
    0xd2, 0x82, 0x0, 0x27, 0xf1, 0x2, 0x4, 0xae,
    0xfd, 0x80, 0x1a, 0x0, 0x7d, 0xa8, 0x81, 0x3c,
    0x82, 0x0, 0x4, 0x3, 0xce, 0x0, 0x30, 0x1,
    0xbd, 0x56, 0xb0, 0x3, 0x85, 0x64, 0x2a, 0xf0,
    0x4, 0xca, 0x13, 0xdf, 0xf8, 0x2, 0xd0, 0x66,
    0x8, 0x7, 0xce, 0x2, 0x1, 0xca, 0x1, 0x20,
    0x31, 0x0, 0x49, 0x40, 0x14, 0x90, 0xee, 0x5e,
    0xd9, 0x0, 0x43, 0x8e, 0x46, 0x80, 0xfa, 0x20,
    0x0,

    /* U+00E3 "ã" */
    0x0, 0xe, 0x7c, 0x0, 0x17, 0xc0, 0x35, 0x93,
    0xb5, 0x17, 0x20, 0x6, 0x58, 0x86, 0x3e, 0xac,
    0x0, 0x6b, 0x70, 0x2d, 0xce, 0x30, 0xc, 0x82,
    0x1, 0x18, 0x7, 0x9a, 0xfb, 0xfd, 0xb0, 0x20,
    0x2, 0xe9, 0x41, 0x0, 0x13, 0xf8, 0x81, 0x2,
    0x57, 0x7e, 0xc0, 0xd, 0x0, 0x3e, 0xd4, 0x40,
    0x9e, 0x41, 0x0, 0x2, 0x1, 0xe7, 0x0, 0x18,
    0x0, 0xde, 0xab, 0x58, 0x1, 0xc2, 0xb2, 0x15,
    0x78, 0x2, 0x65, 0x9, 0xef, 0xfc, 0x1, 0x68,
    0x33, 0x4, 0x3, 0xe7, 0x1, 0x0, 0xe5, 0x0,
    0x90, 0x18, 0x80, 0x24, 0xa0, 0xa, 0x48, 0x77,
    0x2f, 0x6c, 0x80, 0x21, 0xc7, 0x23, 0x40, 0x7d,
    0x10, 0x0,

    /* U+00E4 "ä" */
    0x0, 0x1f, 0x50, 0x2, 0xb8, 0x80, 0x32, 0x8a,
    0x0, 0x14, 0x5c, 0x3, 0x34, 0xe8, 0x3, 0x25,
    0x40, 0x39, 0x8c, 0x0, 0x6c, 0x1, 0xff, 0xc5,
    0x6b, 0xef, 0xf6, 0xc0, 0x80, 0xb, 0xa5, 0x4,
    0x0, 0x4f, 0xe2, 0x4, 0x9, 0x5d, 0xfb, 0x0,
    0x34, 0x0, 0xfb, 0x51, 0x2, 0x79, 0x4, 0x0,
    0x8, 0x7, 0x9c, 0x0, 0x60, 0x3, 0x7a, 0xad,
    0x60, 0x7, 0xa, 0xc8, 0x55, 0xe0, 0x9, 0x94,
    0x27, 0xbf, 0xf0, 0x5, 0xa0, 0xcc, 0x10, 0xf,
    0x9c, 0x4, 0x3, 0x94, 0x2, 0x40, 0x62, 0x0,
    0x92, 0x80, 0x29, 0x21, 0xdc, 0xbd, 0xb2, 0x0,
    0x87, 0x1c, 0x8d, 0x1, 0xf4, 0x40, 0x0,

    /* U+00E5 "å" */
    0x0, 0xcf, 0xba, 0x60, 0xf, 0x96, 0xba, 0x61,
    0x0, 0x3d, 0xf4, 0x68, 0xda, 0x1, 0xed, 0xc0,
    0x14, 0xf0, 0xf, 0x38, 0xff, 0x2b, 0x0, 0x7d,
    0x5f, 0xe9, 0x0, 0xff, 0xe3, 0x35, 0xf7, 0xfb,
    0x60, 0x40, 0x5, 0xd2, 0x82, 0x0, 0x27, 0xf1,
    0x2, 0x4, 0xae, 0xfd, 0x80, 0x1a, 0x0, 0x7d,
    0xa8, 0x81, 0x3c, 0x82, 0x0, 0x4, 0x3, 0xce,
    0x0, 0x30, 0x1, 0xbd, 0x56, 0xb0, 0x3, 0x85,
    0x64, 0x2a, 0xf0, 0x4, 0xca, 0x13, 0xdf, 0xf8,
    0x2, 0xd0, 0x66, 0x8, 0x7, 0xce, 0x2, 0x1,
    0xca, 0x1, 0x20, 0x31, 0x0, 0x49, 0x40, 0x14,
    0x90, 0xee, 0x5e, 0xd9, 0x0, 0x43, 0x8e, 0x46,
    0x80, 0xfa, 0x20, 0x0,

    /* U+00E6 "æ" */
    0x0, 0x35, 0xf7, 0xf6, 0x38, 0x4, 0x97, 0xdf,
    0xb4, 0x60, 0x11, 0x74, 0xa0, 0x80, 0x9c, 0x68,
    0xd5, 0xa0, 0x81, 0x2e, 0x40, 0x0, 0x81, 0x2b,
    0xbf, 0x60, 0xb, 0x94, 0x63, 0x7f, 0x18, 0x1d,
    0xc0, 0xf, 0xb5, 0x10, 0x27, 0x90, 0xb, 0x5c,
    0x80, 0xe6, 0x41, 0x2, 0x2, 0x1, 0xe7, 0x0,
    0x31, 0x80, 0x73, 0x10, 0x30, 0x0, 0xe2, 0xa9,
    0x76, 0xa0, 0x2, 0xdd, 0xfc, 0x0, 0xd0, 0xac,
    0x75, 0x52, 0x24, 0x0, 0x34, 0x4f, 0x88, 0x5,
    0x94, 0x27, 0xbf, 0xf0, 0x2, 0x7f, 0xff, 0xaf,
    0x41, 0x98, 0x20, 0x11, 0x0, 0x34, 0x3, 0xfc,
    0xe0, 0x1f, 0x28, 0x1, 0x14, 0x3, 0xcc, 0x0,
    0x40, 0x64, 0x0, 0x9a, 0x1, 0x2, 0xa4, 0xc0,
    0x53, 0x26, 0x2, 0x8, 0x2f, 0xb7, 0xe4, 0x2a,
    0xd4, 0x1b, 0x3f, 0xac, 0xc3, 0x0, 0x1b, 0x4,
    0x24, 0x46, 0xd5, 0xa, 0xb5, 0x20, 0x1, 0xbf,
    0x20, 0x0,

    /* U+00E7 "ç" */
    0x0, 0x8e, 0xb7, 0xfb, 0x18, 0x3, 0x4e, 0x29,
    0x0, 0x9c, 0xe0, 0x84, 0xb0, 0x36, 0x76, 0xc0,
    0x1d, 0xa3, 0x4, 0xc8, 0xc4, 0x9f, 0x1a, 0xf8,
    0xd, 0x80, 0x38, 0xe4, 0x5c, 0x2c, 0x3, 0xf8,
    0x80, 0x80, 0x3f, 0x88, 0x8, 0x3, 0xf9, 0xc2,
    0xc0, 0x3f, 0xb8, 0xd, 0x80, 0x38, 0xa4, 0x51,
    0x82, 0x64, 0x62, 0x4f, 0xad, 0x61, 0x2c, 0xd,
    0x9d, 0xb0, 0x7, 0x60, 0x9, 0xc5, 0x0, 0x9,
    0xce, 0x8, 0x4, 0x74, 0xaa, 0xec, 0x60, 0xf,
    0x91, 0x68, 0x3, 0xfb, 0xa9, 0x5c, 0x3, 0xe4,
    0x10, 0xf, 0xe5, 0xbe, 0xa3, 0x60, 0xf, 0x2f,
    0x66, 0xe0, 0x80, 0x40,

    /* U+00E8 "è" */
    0x0, 0x37, 0xf9, 0x80, 0x3f, 0x9b, 0x6, 0x58,
    0x3, 0xf8, 0xfc, 0xe5, 0xc0, 0x3f, 0x87, 0x30,
    0x80, 0x1f, 0xf1, 0x98, 0x3, 0xf2, 0xdf, 0x7e,
    0xd1, 0x80, 0x75, 0x51, 0x4, 0x9, 0x72, 0x0,
    0x2a, 0x51, 0x9e, 0xfd, 0x70, 0x77, 0x2, 0x28,
    0x63, 0x8, 0x14, 0x50, 0x40, 0xf0, 0x31, 0x0,
    0x72, 0x98, 0x3b, 0x81, 0x6e, 0xfe, 0x10, 0xf2,
    0x3, 0x44, 0xf8, 0x80, 0xc8, 0x27, 0xff, 0xfa,
    0x9c, 0x28, 0x3, 0xfd, 0xc0, 0x6c, 0x1, 0xe6,
    0x0, 0x22, 0x84, 0xd1, 0x88, 0x92, 0xe6, 0x0,
    0x14, 0xc0, 0xb9, 0xdc, 0xb4, 0xc, 0x0, 0xa7,
    0x14, 0x80, 0x4, 0xfc, 0x80,

    /* U+00E9 "é" */
    0x0, 0xfa, 0xbf, 0x8c, 0x3, 0xf5, 0x29, 0xf9,
    0x80, 0x7d, 0x4a, 0xd8, 0x20, 0x1f, 0xc, 0xe4,
    0x80, 0x7f, 0x9, 0x98, 0x3, 0xf9, 0x6f, 0xbf,
    0x68, 0xc0, 0x3a, 0xa8, 0x82, 0x4, 0xb9, 0x0,
    0x15, 0x28, 0xcf, 0x7e, 0xb8, 0x3b, 0x81, 0x14,
    0x31, 0x84, 0xa, 0x28, 0x20, 0x78, 0x18, 0x80,
    0x39, 0x4c, 0x1d, 0xc0, 0xb7, 0x7f, 0x8, 0x79,
    0x1, 0xa2, 0x7c, 0x40, 0x64, 0x13, 0xff, 0xfd,
    0x4e, 0x14, 0x1, 0xfe, 0xe0, 0x36, 0x0, 0xf3,
    0x0, 0x11, 0x42, 0x68, 0xc4, 0x49, 0x73, 0x0,
    0xa, 0x60, 0x5c, 0xee, 0x5a, 0x6, 0x0, 0x53,
    0x8a, 0x40, 0x2, 0x7e, 0x40,

    /* U+00EA "ê" */
    0x0, 0xc9, 0xfe, 0xd1, 0x0, 0xf9, 0x2c, 0x5c,
    0xb0, 0x40, 0x39, 0x2c, 0xb2, 0x2c, 0xb0, 0x40,
    0x33, 0x66, 0x90, 0x27, 0x70, 0x3, 0x88, 0xc0,
    0x30, 0x98, 0x80, 0x72, 0xdf, 0x7e, 0xd1, 0x80,
    0x75, 0x51, 0x4, 0x9, 0x72, 0x0, 0x2a, 0x51,
    0x9e, 0xfd, 0x70, 0x77, 0x2, 0x28, 0x63, 0x8,
    0x14, 0x50, 0x40, 0xf0, 0x31, 0x0, 0x72, 0x98,
    0x3b, 0x81, 0x6e, 0xfe, 0x10, 0xf2, 0x3, 0x44,
    0xf8, 0x80, 0xc8, 0x27, 0xff, 0xfa, 0x9c, 0x28,
    0x3, 0xfd, 0xc0, 0x6c, 0x1, 0xe6, 0x0, 0x22,
    0x84, 0xd1, 0x88, 0x92, 0xe6, 0x0, 0x14, 0xc0,
    0xb9, 0xdc, 0xb4, 0xc, 0x0, 0xa7, 0x14, 0x80,
    0x4, 0xfc, 0x80,

    /* U+00EB "ë" */
    0x0, 0xaf, 0x84, 0x17, 0xdc, 0x3, 0xc8, 0x2a,
    0x1a, 0x16, 0x1, 0xeb, 0x94, 0x9, 0x8e, 0x0,
    0xf2, 0x30, 0x0, 0x5c, 0x80, 0x3f, 0xf8, 0xeb,
    0x7d, 0xfb, 0x46, 0x1, 0xd5, 0x44, 0x10, 0x25,
    0xc8, 0x0, 0xa9, 0x46, 0x7b, 0xf5, 0xc1, 0xdc,
    0x8, 0xa1, 0x8c, 0x20, 0x51, 0x41, 0x3, 0xc0,
    0xc4, 0x1, 0xca, 0x60, 0xee, 0x5, 0xbb, 0xf8,
    0x43, 0xc8, 0xd, 0x13, 0xe2, 0x3, 0x20, 0x9f,
    0xff, 0xea, 0x70, 0xa0, 0xf, 0xf7, 0x1, 0xb0,
    0x7, 0x98, 0x0, 0x8a, 0x13, 0x46, 0x22, 0x4b,
    0x98, 0x0, 0x53, 0x2, 0xe7, 0x72, 0xd0, 0x30,
    0x2, 0x9c, 0x52, 0x0, 0x13, 0xf2, 0x0,

    /* U+00EC "ì" */
    0x7, 0xff, 0x30, 0x6, 0x7c, 0x19, 0x60, 0xc,
    0x7e, 0x72, 0xe0, 0x18, 0x73, 0x54, 0x3, 0xc4,
    0x40, 0xe, 0xdf, 0x70, 0xf, 0xff, 0xf8, 0x7,
    0xff, 0x28,

    /* U+00ED "í" */
    0x0, 0xaf, 0xf8, 0xc0, 0x16, 0x88, 0xf3, 0xc,
    0x47, 0xb1, 0x0, 0x77, 0x20, 0x3, 0x10, 0x80,
    0x76, 0xfb, 0x80, 0x7f, 0xff, 0xc0, 0x3f, 0xf8,
    0x0,

    /* U+00EE "î" */
    0x0, 0x1f, 0xfb, 0x0, 0x30, 0xe8, 0x29, 0xd0,
    0x5, 0xa3, 0x74, 0xea, 0xe0, 0xe, 0xe2, 0x4,
    0x6a, 0x80, 0x8, 0x40, 0x22, 0x20, 0x6, 0xdf,
    0x70, 0xf, 0xff, 0xf8, 0x7, 0xff, 0x60,

    /* U+00EF "ï" */
    0x4f, 0x70, 0xcd, 0x3, 0xc, 0x13, 0x22, 0x3c,
    0xc8, 0x6e, 0xc4, 0xc, 0x40, 0x88, 0x0, 0xff,
    0x6f, 0xb8, 0x7, 0xff, 0xfc, 0x3, 0xfe,

    /* U+00F0 "ð" */
    0x7, 0xce, 0xff, 0x75, 0xa8, 0x1, 0x80, 0x2d,
    0x31, 0x0, 0xa, 0x57, 0x7c, 0xa8, 0x2, 0x6f,
    0xbf, 0xd0, 0x0, 0x10, 0x65, 0x0, 0x1a, 0x1c,
    0x74, 0x2, 0x98, 0x20, 0x6, 0x9d, 0x73, 0x8e,
    0xad, 0x2, 0x60, 0x8, 0x52, 0xf5, 0xc4, 0x5,
    0xc2, 0x80, 0x28, 0xb4, 0x0, 0xeb, 0x3, 0x0,
    0x85, 0xf3, 0xb9, 0x8e, 0x24, 0x0, 0x30, 0x3f,
    0x83, 0x11, 0x1c, 0x79, 0x80, 0x1c, 0xb4, 0x45,
    0x3b, 0xfa, 0xe3, 0xe0, 0x1, 0xb1, 0x17, 0xb1,
    0x1, 0x44, 0x90, 0x0, 0x50, 0x24, 0x40, 0x39,
    0x88, 0x0, 0xc4, 0x4, 0x1, 0xf3, 0x80, 0x91,
    0x0, 0x80, 0x3e, 0x70, 0x40, 0x40, 0x91, 0x0,
    0xe5, 0x20, 0x80, 0xb0, 0x1c, 0x51, 0x2, 0x8a,
    0x7, 0x20, 0x2b, 0x12, 0xae, 0xfd, 0x70, 0x78,
    0x0, 0x93, 0xdc, 0x80, 0x4, 0xb9, 0x0, 0x10,

    /* U+00F1 "ñ" */
    0x0, 0xa7, 0xec, 0x40, 0x7c, 0xc0, 0x33, 0x31,
    0xdb, 0xa, 0x44, 0xc0, 0x36, 0xac, 0x6b, 0xeb,
    0xc0, 0x7, 0x44, 0x0, 0x15, 0xbc, 0xc0, 0x1c,
    0x64, 0x1, 0x10, 0x80, 0x6d, 0xf6, 0x18, 0xdf,
    0xf6, 0x38, 0x7, 0x7f, 0x39, 0x0, 0xe, 0x30,
    0x3, 0x30, 0x4f, 0x7e, 0xb8, 0x1c, 0x80, 0x6b,
    0x61, 0x2, 0x86, 0x6, 0x0, 0x8d, 0x0, 0x3a,
    0x80, 0x4, 0x0, 0x40, 0xf, 0x10, 0x0, 0x40,
    0x1e, 0x1, 0xe1, 0x0, 0x38, 0x7, 0xff, 0xfc,
    0x2,

    /* U+00F2 "ò" */
    0x0, 0x1f, 0x7d, 0x0, 0x7f, 0x8f, 0xcd, 0x68,
    0x3, 0xfc, 0x38, 0xcb, 0x40, 0x1f, 0xf4, 0xe4,
    0x88, 0x7, 0xfc, 0x66, 0x10, 0xf, 0xc9, 0x5b,
    0xfd, 0x6a, 0x1, 0xe9, 0xb5, 0x20, 0x14, 0xac,
    0x10, 0xa, 0x98, 0x1b, 0x3b, 0x60, 0xf, 0x0,
    0x8, 0xa1, 0x32, 0x31, 0x27, 0xc0, 0x28, 0xe,
    0x3, 0x60, 0xe, 0x37, 0x6, 0x7, 0xb, 0x0,
    0xfa, 0xc0, 0x44, 0x40, 0x40, 0x1f, 0x10, 0x0,
    0x88, 0x4, 0x1, 0xf1, 0x0, 0x9, 0xc2, 0xc0,
    0x3e, 0xb0, 0x11, 0x70, 0x1b, 0x0, 0x71, 0xb8,
    0x30, 0x22, 0x84, 0xc8, 0xc4, 0x9f, 0x0, 0xa0,
    0x1, 0x4c, 0xd, 0x9d, 0xb0, 0x7, 0x80, 0x1a,
    0x6d, 0x48, 0x5, 0x2b, 0x4, 0x0,

    /* U+00F3 "ó" */
    0x0, 0xf9, 0xbf, 0xcc, 0x1, 0xfc, 0xf2, 0x38,
    0xc0, 0x1f, 0x9e, 0xf, 0xcc, 0x3, 0xf9, 0x33,
    0x2, 0x1, 0xfe, 0x33, 0x0, 0x7f, 0x92, 0xb7,
    0xfa, 0xd4, 0x3, 0xd3, 0x6a, 0x40, 0x29, 0x58,
    0x20, 0x15, 0x30, 0x36, 0x76, 0xc0, 0x1e, 0x0,
    0x11, 0x42, 0x64, 0x62, 0x4f, 0x80, 0x50, 0x1c,
    0x6, 0xc0, 0x1c, 0x6e, 0xc, 0xe, 0x16, 0x1,
    0xf5, 0x80, 0x88, 0x80, 0x80, 0x3e, 0x20, 0x1,
    0x10, 0x8, 0x3, 0xe2, 0x0, 0x13, 0x85, 0x80,
    0x7d, 0x60, 0x22, 0xe0, 0x36, 0x0, 0xe3, 0x70,
    0x60, 0x45, 0x9, 0x91, 0x89, 0x3e, 0x1, 0x40,
    0x2, 0x98, 0x1b, 0x3b, 0x60, 0xf, 0x0, 0x34,
    0xda, 0x90, 0xa, 0x56, 0x8, 0x0,

    /* U+00F4 "ô" */
    0x0, 0xc3, 0xbf, 0xe4, 0x0, 0xfc, 0x38, 0x4e,
    0x36, 0x60, 0x1e, 0x1c, 0x2b, 0x8c, 0x2c, 0x30,
    0xe, 0x3e, 0xe2, 0x1, 0x66, 0x4, 0x3, 0x88,
    0xc4, 0x2, 0x13, 0x20, 0xf, 0x25, 0x6f, 0xf5,
    0xa8, 0x7, 0xa6, 0xd4, 0x80, 0x52, 0xb0, 0x40,
    0x2a, 0x60, 0x6c, 0xed, 0x80, 0x3c, 0x0, 0x22,
    0x84, 0xc8, 0xc4, 0x9f, 0x0, 0xa0, 0x38, 0xd,
    0x80, 0x38, 0xdc, 0x18, 0x1c, 0x2c, 0x3, 0xeb,
    0x1, 0x11, 0x1, 0x0, 0x7c, 0x40, 0x2, 0x20,
    0x10, 0x7, 0xc4, 0x0, 0x27, 0xb, 0x0, 0xfa,
    0xc0, 0x45, 0xc0, 0x6c, 0x1, 0xc6, 0xe0, 0xc0,
    0x8a, 0x13, 0x23, 0x12, 0x7c, 0x2, 0x80, 0x5,
    0x30, 0x36, 0x76, 0xc0, 0x1e, 0x0, 0x69, 0xb5,
    0x20, 0x14, 0xac, 0x10, 0x0,

    /* U+00F5 "õ" */
    0x0, 0x97, 0xb5, 0x0, 0x17, 0x20, 0x1c, 0x34,
    0xaf, 0x6c, 0x69, 0x80, 0x1c, 0x81, 0x75, 0x32,
    0xc4, 0x50, 0xe, 0x4c, 0x0, 0x37, 0x6d, 0x80,
    0x78, 0x4c, 0x2, 0x12, 0x0, 0xfc, 0x95, 0xbf,
    0xd6, 0xa0, 0x1e, 0x9b, 0x52, 0x1, 0x4a, 0xc1,
    0x0, 0xa9, 0x81, 0xb3, 0xb6, 0x0, 0xf0, 0x0,
    0x8a, 0x13, 0x23, 0x12, 0x7c, 0x2, 0x80, 0xe0,
    0x36, 0x0, 0xe3, 0x70, 0x60, 0x70, 0xb0, 0xf,
    0xac, 0x4, 0x44, 0x4, 0x1, 0xf1, 0x0, 0x8,
    0x80, 0x40, 0x1f, 0x10, 0x0, 0x9c, 0x2c, 0x3,
    0xeb, 0x1, 0x17, 0x1, 0xb0, 0x7, 0x1b, 0x83,
    0x2, 0x28, 0x4c, 0x8c, 0x49, 0xf0, 0xa, 0x0,
    0x14, 0xc0, 0xd9, 0xdb, 0x0, 0x78, 0x1, 0xa6,
    0xd4, 0x80, 0x52, 0xb0, 0x40, 0x0,

    /* U+00F6 "ö" */
    0x0, 0xa3, 0xd0, 0xb, 0xac, 0x3, 0xe4, 0xc,
    0x7, 0x14, 0x0, 0xfb, 0xa2, 0x41, 0x66, 0xc0,
    0x3e, 0x27, 0x10, 0x3, 0x20, 0x7, 0xff, 0x25,
    0x2b, 0x7f, 0xad, 0x40, 0x3d, 0x36, 0xa4, 0x2,
    0x95, 0x82, 0x1, 0x53, 0x3, 0x67, 0x6c, 0x1,
    0xe0, 0x1, 0x14, 0x26, 0x46, 0x24, 0xf8, 0x5,
    0x1, 0xc0, 0x6c, 0x1, 0xc6, 0xe0, 0xc0, 0xe1,
    0x60, 0x1f, 0x58, 0x8, 0x88, 0x8, 0x3, 0xe2,
    0x0, 0x11, 0x0, 0x80, 0x3e, 0x20, 0x1, 0x38,
    0x58, 0x7, 0xd6, 0x2, 0x2e, 0x3, 0x60, 0xe,
    0x37, 0x6, 0x4, 0x50, 0x99, 0x18, 0x93, 0xe0,
    0x14, 0x0, 0x29, 0x81, 0xb3, 0xb6, 0x0, 0xf0,
    0x3, 0x4d, 0xa9, 0x0, 0xa5, 0x60, 0x80, 0x0,

    /* U+00F7 "÷" */
    0x0, 0xc3, 0x98, 0x10, 0xf, 0xc8, 0x66, 0x40,
    0xf, 0xc8, 0x44, 0x40, 0xf, 0xc3, 0xba, 0x10,
    0xf, 0xfe, 0x83, 0x7f, 0xff, 0x94, 0xc4, 0x7f,
    0xc0, 0xbd, 0xdf, 0xe5, 0x0, 0xff, 0xe2, 0xe,
    0x58, 0x80, 0x7e, 0x43, 0x44, 0x0, 0x7e, 0x42,
    0x22, 0x0, 0x60,

    /* U+00F8 "ø" */
    0x0, 0xff, 0x9c, 0xc0, 0x3f, 0xe7, 0x93, 0x0,
    0xc9, 0x5b, 0xfd, 0x71, 0xa, 0x0, 0xd3, 0x6a,
    0x40, 0x28, 0xe0, 0xa0, 0x15, 0x30, 0x36, 0x76,
    0x88, 0x3, 0x0, 0x8, 0xa1, 0x32, 0x31, 0x1,
    0x80, 0x28, 0xe, 0x3, 0x60, 0xb, 0x95, 0xdc,
    0xc, 0xe, 0x16, 0x1, 0x39, 0x58, 0x58, 0x8,
    0x88, 0x8, 0x0, 0x51, 0x62, 0x4, 0x0, 0x22,
    0x1, 0x0, 0x39, 0x54, 0x0, 0x20, 0x1, 0x38,
    0x58, 0x31, 0x58, 0x5, 0x60, 0x22, 0xe0, 0x38,
    0x9b, 0x10, 0x1, 0xb8, 0x30, 0x22, 0x83, 0x83,
    0x9, 0x3e, 0x1, 0x40, 0x2, 0x80, 0x2c, 0xed,
    0x80, 0x3c, 0x0, 0x84, 0x19, 0x48, 0x5, 0x2b,
    0x4, 0x2, 0xa4, 0x9a, 0xdf, 0xeb, 0x50, 0xc,
    0x27, 0x40, 0x1f, 0xf0,

    /* U+00F9 "ù" */
    0x0, 0x57, 0xf1, 0x80, 0x7f, 0x54, 0x8e, 0x98,
    0x7, 0xf3, 0x60, 0x61, 0x80, 0x7f, 0x1f, 0x69,
    0x0, 0x7f, 0xc4, 0x20, 0x1d, 0xfe, 0x60, 0xf,
    0x27, 0xf8, 0x3, 0xff, 0xfe, 0x1, 0x84, 0x3,
    0xf0, 0x80, 0x46, 0x1c, 0x1, 0xed, 0x0, 0x9c,
    0x18, 0x3, 0x85, 0x80, 0x29, 0x1, 0xb2, 0x0,
    0x26, 0x8, 0x4, 0x6e, 0x9, 0xbf, 0xeb, 0x26,
    0x0, 0xd1, 0x68, 0x20, 0x2b, 0x96, 0x1, 0x0,

    /* U+00FA "ú" */
    0x0, 0xf0, 0xef, 0xd8, 0x80, 0x7c, 0x5e, 0x4f,
    0x62, 0x1, 0xe2, 0xc1, 0xb8, 0x0, 0xfc, 0x79,
    0xc8, 0x1, 0xfc, 0x24, 0x20, 0x1e, 0xff, 0x30,
    0x7, 0x93, 0xfc, 0x1, 0xff, 0xff, 0x0, 0xc2,
    0x1, 0xf8, 0x40, 0x23, 0xe, 0x0, 0xf6, 0x80,
    0x4e, 0xc, 0x1, 0xc2, 0xc0, 0x14, 0x80, 0xd9,
    0x0, 0x13, 0x4, 0x2, 0x37, 0x4, 0xdf, 0xf5,
    0x93, 0x0, 0x68, 0xb4, 0x10, 0x15, 0xcb, 0x0,
    0x80,

    /* U+00FB "û" */
    0x0, 0xd1, 0xfe, 0xa0, 0xf, 0xd2, 0xe8, 0xaa,
    0xa0, 0xf, 0x4b, 0x32, 0xea, 0x16, 0x80, 0x3a,
    0xf6, 0x40, 0xf, 0xd0, 0x1, 0xc4, 0x40, 0xc,
    0x24, 0x1, 0x7f, 0x98, 0x3, 0xc9, 0xfe, 0x0,
    0xff, 0xff, 0x80, 0x61, 0x0, 0xfc, 0x20, 0x11,
    0x87, 0x0, 0x7b, 0x40, 0x27, 0x6, 0x0, 0xe1,
    0x60, 0xa, 0x40, 0x6c, 0x80, 0x9, 0x82, 0x1,
    0x1b, 0x82, 0x6f, 0xfa, 0xc9, 0x80, 0x34, 0x5a,
    0x8, 0xa, 0xe5, 0x80, 0x40,

    /* U+00FC "ü" */
    0x0, 0x17, 0x58, 0x2, 0x78, 0xc0, 0x39, 0xc5,
    0x0, 0x8, 0x28, 0x1, 0xcb, 0x36, 0x0, 0xe9,
    0x70, 0xf, 0x32, 0x0, 0xd, 0x80, 0x3f, 0xf8,
    0xbf, 0xe6, 0x0, 0xf2, 0x7f, 0x80, 0x3f, 0xff,
    0xe0, 0x18, 0x40, 0x3f, 0x8, 0x4, 0x61, 0xc0,
    0x1e, 0xd0, 0x9, 0xc1, 0x80, 0x38, 0x58, 0x2,
    0x90, 0x1b, 0x20, 0x2, 0x60, 0x80, 0x46, 0xe0,
    0x9b, 0xfe, 0xb2, 0x60, 0xd, 0x16, 0x82, 0x2,
    0xb9, 0x60, 0x10,

    /* U+00FD "ý" */
    0x0, 0xfd, 0x5f, 0xc6, 0x1, 0xfe, 0xb5, 0x3f,
    0x30, 0xf, 0xeb, 0x47, 0xc1, 0x0, 0xff, 0x4f,
    0x40, 0x7, 0xff, 0x0, 0x84, 0x3, 0xf6, 0xfc,
    0x80, 0x7c, 0x3f, 0xe3, 0xb, 0x6, 0x0, 0xf9,
    0x80, 0xcc, 0xc, 0x20, 0xc0, 0x1e, 0xa0, 0x90,
    0x9, 0x82, 0xc0, 0x39, 0x8, 0x54, 0x2, 0xa0,
    0x24, 0x0, 0xde, 0xc, 0x1, 0x89, 0x3, 0xc0,
    0x22, 0x40, 0x90, 0xe, 0xf0, 0x41, 0x0, 0x50,
    0x28, 0x80, 0x72, 0x10, 0x48, 0x1, 0x82, 0x40,
    0x3e, 0xb0, 0x60, 0x61, 0x33, 0x0, 0x7c, 0xc2,
    0x26, 0xa0, 0x90, 0xf, 0xe6, 0x8, 0x31, 0x50,
    0xf, 0xe9, 0x1, 0x9, 0x0, 0xff, 0xa, 0x80,
    0x18, 0x3, 0xff, 0x82, 0xa2, 0x1, 0xfe, 0x25,
    0x9, 0x0, 0xfa, 0x90, 0xb, 0x81, 0xc, 0x3,
    0xca, 0xab, 0xfd, 0x31, 0xa0, 0xf, 0x95, 0xc8,
    0x5, 0xbc, 0x40, 0x3e,

    /* U+00FE "þ" */
    0xdf, 0x70, 0xf, 0xff, 0xdb, 0xef, 0xf6, 0x38,
    0x80, 0x77, 0x6c, 0x10, 0x9, 0xc7, 0x98, 0x6,
    0x62, 0x4b, 0xed, 0x91, 0x16, 0x90, 0x6, 0x7b,
    0x41, 0x26, 0xf1, 0x14, 0x0, 0x43, 0x0, 0x1c,
    0x30, 0xa, 0x20, 0x7, 0x0, 0xf9, 0xc0, 0x4,
    0x0, 0xe0, 0xf, 0x84, 0x0, 0xc0, 0xe, 0x0,
    0xf8, 0x40, 0xc, 0x0, 0x70, 0xf, 0x9c, 0x0,
    0x40, 0x1, 0x80, 0xe, 0x28, 0x5, 0x10, 0x9,
    0xe8, 0xc4, 0x9b, 0x4, 0x20, 0x2, 0x62, 0x5c,
    0xed, 0x91, 0x16, 0x10, 0x5, 0xdb, 0x6, 0x2,
    0x71, 0xe6, 0x1, 0xe7, 0xcf, 0xec, 0x71, 0x0,
    0xff, 0xf7, 0x80,

    /* U+00FF "ÿ" */
    0x0, 0xd7, 0xc4, 0x9, 0xf0, 0x1, 0xf9, 0x5,
    0x83, 0x1, 0x0, 0x3f, 0x5c, 0xa0, 0x4c, 0x70,
    0x7, 0xe4, 0x60, 0x0, 0xb9, 0x0, 0x7f, 0xf2,
    0x37, 0xe4, 0x3, 0xe1, 0xff, 0x18, 0x58, 0x30,
    0x7, 0xcc, 0x6, 0x60, 0x61, 0x6, 0x0, 0xf5,
    0x4, 0x80, 0x4c, 0x16, 0x1, 0xc8, 0x42, 0xa0,
    0x15, 0x1, 0x20, 0x6, 0xf0, 0x60, 0xc, 0x48,
    0x1e, 0x1, 0x12, 0x4, 0x80, 0x77, 0x82, 0x8,
    0x2, 0x81, 0x44, 0x3, 0x90, 0x82, 0x40, 0xc,
    0x12, 0x1, 0xf5, 0x83, 0x3, 0x9, 0x98, 0x3,
    0xe6, 0x11, 0x35, 0x4, 0x80, 0x7f, 0x30, 0x41,
    0x8a, 0x80, 0x7f, 0x48, 0x8, 0x48, 0x7, 0xf8,
    0x54, 0x0, 0xc0, 0x1f, 0xfc, 0x15, 0x10, 0xf,
    0xf1, 0x28, 0x48, 0x7, 0xd4, 0x80, 0x5c, 0x8,
    0x60, 0x1e, 0x55, 0x5f, 0xe9, 0x8d, 0x0, 0x7c,
    0xae, 0x40, 0x2d, 0xe2, 0x1, 0xf0,

    /* U+0100 "Ā" */
    0x0, 0xf1, 0x17, 0xc2, 0x1, 0xfe, 0x2d, 0xdf,
    0xa8, 0x3, 0xfc, 0x55, 0x5f, 0x40, 0x7, 0xfc,
    0xab, 0xf1, 0x80, 0x7f, 0xf5, 0x2b, 0xfc, 0x40,
    0x1f, 0xfc, 0x21, 0x50, 0x4, 0x0, 0x7f, 0xf0,
    0xa4, 0x4, 0x14, 0x40, 0x3f, 0xf8, 0x2e, 0x16,
    0x41, 0x20, 0x1f, 0xfc, 0x7, 0x1, 0x5b, 0x6,
    0x0, 0xff, 0xe0, 0x50, 0x48, 0x30, 0x89, 0x80,
    0x3f, 0xca, 0x40, 0xc0, 0x6, 0xb, 0x0, 0xff,
    0x48, 0x28, 0x80, 0x24, 0x9, 0x40, 0x3f, 0x19,
    0x82, 0x40, 0x21, 0x50, 0x90, 0xf, 0xd2, 0x6,
    0x60, 0xd, 0xc0, 0x66, 0x0, 0xf1, 0x28, 0x48,
    0x7, 0x21, 0x4, 0x80, 0x7a, 0xc0, 0x15, 0xff,
    0xe2, 0x5, 0x20, 0xc, 0x2c, 0x1, 0xff, 0xc0,
    0xb0, 0xc, 0xc0, 0xe, 0xff, 0xfc, 0xe0, 0xc2,
    0x1, 0x48, 0x30, 0x80, 0x7e, 0x90, 0x3, 0x0,
    0x14, 0x42, 0xc0, 0x3f, 0x85, 0x82, 0x40, 0x12,
    0xa, 0x40, 0x1f, 0xeb, 0x1, 0x50,

    /* U+0101 "ā" */
    0x0, 0x77, 0xff, 0xb8, 0x3, 0x44, 0x7e, 0x0,
    0xcc, 0xef, 0xe6, 0x0, 0xff, 0xe2, 0x35, 0xf7,
    0xfb, 0x60, 0x40, 0x5, 0xd2, 0x82, 0x0, 0x27,
    0xf1, 0x2, 0x4, 0xae, 0xfd, 0x80, 0x1a, 0x0,
    0x7d, 0xa8, 0x81, 0x3c, 0x82, 0x0, 0x4, 0x3,
    0xce, 0x0, 0x30, 0x1, 0xbd, 0x56, 0xb0, 0x3,
    0x85, 0x64, 0x2a, 0xf0, 0x4, 0xca, 0x13, 0xdf,
    0xf8, 0x2, 0xd0, 0x66, 0x8, 0x7, 0xce, 0x2,
    0x1, 0xca, 0x1, 0x20, 0x31, 0x0, 0x49, 0x40,
    0x14, 0x90, 0xee, 0x5e, 0xd9, 0x0, 0x43, 0x8e,
    0x46, 0x80, 0xfa, 0x20, 0x0,

    /* U+0102 "Ă" */
    0x0, 0xf4, 0x20, 0x6, 0x75, 0x0, 0xff, 0x96,
    0x94, 0x4a, 0x60, 0xc0, 0x3f, 0xef, 0x5a, 0xed,
    0x78, 0x60, 0xf, 0xf8, 0xaf, 0xb3, 0x79, 0xc0,
    0x3f, 0xf8, 0x42, 0x64, 0x1, 0xff, 0xc4, 0xaf,
    0xf1, 0x0, 0x7f, 0xf0, 0x85, 0x40, 0x10, 0x1,
    0xff, 0xc2, 0x90, 0x10, 0x51, 0x0, 0xff, 0xe0,
    0xb8, 0x59, 0x4, 0x80, 0x7f, 0xf0, 0x1c, 0x5,
    0x6c, 0x18, 0x3, 0xff, 0x81, 0x41, 0x20, 0xc2,
    0x26, 0x0, 0xff, 0x29, 0x3, 0x0, 0x18, 0x2c,
    0x3, 0xfd, 0x20, 0xa2, 0x0, 0x90, 0x25, 0x0,
    0xfc, 0x66, 0x9, 0x0, 0x85, 0x42, 0x40, 0x3f,
    0x48, 0x19, 0x80, 0x37, 0x1, 0x98, 0x3, 0xc4,
    0xa1, 0x20, 0x1c, 0x84, 0x12, 0x1, 0xeb, 0x0,
    0x57, 0xff, 0x88, 0x14, 0x80, 0x30, 0xb0, 0x7,
    0xff, 0x2, 0xc0, 0x33, 0x0, 0x3b, 0xff, 0xf3,
    0x83, 0x8, 0x5, 0x20, 0xc2, 0x1, 0xfa, 0x40,
    0xc, 0x0, 0x51, 0xb, 0x0, 0xfe, 0x16, 0x9,
    0x0, 0x48, 0x29, 0x0, 0x7f, 0xac, 0x5, 0x40,

    /* U+0103 "ă" */
    0x0, 0x6e, 0x0, 0x6d, 0xc0, 0xd, 0x47, 0x24,
    0x49, 0x2b, 0x0, 0xce, 0xe6, 0xdd, 0x34, 0x38,
    0x7, 0x47, 0xe6, 0x3d, 0xc0, 0x3f, 0x19, 0x80,
    0x3e, 0x6b, 0xef, 0xf6, 0xc0, 0x80, 0xb, 0xa5,
    0x4, 0x0, 0x4f, 0xe2, 0x4, 0x9, 0x5d, 0xfb,
    0x0, 0x34, 0x0, 0xfb, 0x51, 0x2, 0x79, 0x4,
    0x0, 0x8, 0x7, 0x9c, 0x0, 0x60, 0x3, 0x7a,
    0xad, 0x60, 0x7, 0xa, 0xc8, 0x55, 0xe0, 0x9,
    0x94, 0x27, 0xbf, 0xf0, 0x5, 0xa0, 0xcc, 0x10,
    0xf, 0x9c, 0x4, 0x3, 0x94, 0x2, 0x40, 0x62,
    0x0, 0x92, 0x80, 0x29, 0x21, 0xdc, 0xbd, 0xb2,
    0x0, 0x87, 0x1c, 0x8d, 0x1, 0xf4, 0x40, 0x0,

    /* U+0104 "Ą" */
    0x0, 0xfd, 0x5f, 0xe2, 0x0, 0xff, 0xe1, 0x8a,
    0x80, 0x20, 0x3, 0xff, 0x87, 0x20, 0x20, 0xa2,
    0x1, 0xff, 0xc2, 0x70, 0xb2, 0x9, 0x0, 0xff,
    0xe0, 0xb8, 0xa, 0xd8, 0x30, 0x7, 0xff, 0x6,
    0x82, 0x41, 0x84, 0x4c, 0x1, 0xff, 0x29, 0x3,
    0x0, 0x18, 0x2c, 0x3, 0xfe, 0x90, 0x51, 0x0,
    0x48, 0x12, 0x80, 0x7f, 0x19, 0x82, 0x40, 0x21,
    0x50, 0x90, 0xf, 0xe9, 0x3, 0x30, 0x6, 0xe0,
    0x33, 0x0, 0x7c, 0x4a, 0x12, 0x1, 0xc8, 0x41,
    0x20, 0x1f, 0x58, 0x2, 0xbf, 0xfc, 0x40, 0xa4,
    0x1, 0xc2, 0xc0, 0x1f, 0xfc, 0xb, 0x0, 0xe6,
    0x0, 0x77, 0xff, 0xe7, 0x6, 0x10, 0xd, 0x20,
    0xc2, 0x1, 0xfa, 0x40, 0xc, 0x1, 0x28, 0x85,
    0x80, 0x7f, 0xb, 0x4, 0x80, 0x52, 0xa, 0x40,
    0x1f, 0xeb, 0x1, 0x70, 0x6, 0x7d, 0x0, 0x7f,
    0xd6, 0xe, 0xc0, 0x1f, 0xfc, 0x37, 0x6b, 0x81,
    0x0, 0xff, 0xe1, 0xd1, 0xa0, 0x7, 0xff, 0x14,
    0x4c, 0xc2, 0x80, 0x1f, 0xfc, 0x38, 0x1c, 0xea,
    0x0, 0xff, 0xe1, 0xa7, 0x66, 0x38, 0x0,

    /* U+0105 "ą" */
    0x0, 0x35, 0xf7, 0xfb, 0x60, 0x40, 0x5, 0xd2,
    0x82, 0x0, 0x27, 0xf1, 0x2, 0x4, 0xae, 0xfd,
    0x80, 0x1a, 0x0, 0x7d, 0xa8, 0x81, 0x3c, 0x82,
    0x0, 0x4, 0x3, 0xce, 0x0, 0x30, 0x1, 0xbd,
    0x56, 0xb0, 0x3, 0x85, 0x64, 0x2a, 0xf0, 0x4,
    0xca, 0x13, 0xdf, 0xf8, 0x2, 0xd0, 0x66, 0x8,
    0x7, 0xce, 0x2, 0x1, 0xca, 0x1, 0x20, 0x31,
    0x0, 0x49, 0x40, 0x14, 0x90, 0xee, 0x5e, 0xd9,
    0x0, 0x43, 0x8e, 0x46, 0x80, 0xf8, 0x1, 0x86,
    0x37, 0xfd, 0xb5, 0x83, 0x28, 0x1, 0xf7, 0x7,
    0xb0, 0x7, 0xc4, 0x74, 0x20, 0x1f, 0x8c, 0x30,
    0x8a, 0x0, 0xf0, 0xba, 0x6e, 0xac, 0x3, 0xe8,
    0xec, 0xd9,

    /* U+0106 "Ć" */
    0x0, 0xff, 0x3c, 0x30, 0x7, 0xff, 0x2, 0xe1,
    0x1c, 0x3, 0xfc, 0x38, 0x8f, 0x82, 0x1, 0xfe,
    0x44, 0x5c, 0x0, 0x7f, 0xf0, 0x16, 0x10, 0x3,
    0xfe, 0x5a, 0xdf, 0xf6, 0xd2, 0x80, 0x78, 0xf6,
    0x94, 0x80, 0x4, 0xb5, 0xa6, 0x1, 0x2e, 0x10,
    0x24, 0xde, 0x53, 0x1, 0x61, 0x1, 0xd0, 0x16,
    0x5b, 0x21, 0xac, 0xf1, 0xb9, 0x7, 0x0, 0xe1,
    0x80, 0x78, 0x72, 0x1, 0x48, 0x28, 0x40, 0x3f,
    0xec, 0x1, 0x40, 0xf, 0xfe, 0x2, 0x82, 0x0,
    0x7f, 0xf0, 0x44, 0xc, 0x3, 0xff, 0x82, 0x20,
    0x60, 0x1f, 0xfc, 0x15, 0x7, 0x0, 0xff, 0xe0,
    0xe0, 0x12, 0x0, 0x7f, 0xf0, 0x14, 0x82, 0x84,
    0x3, 0xff, 0x81, 0xc0, 0x38, 0x60, 0x1e, 0x1c,
    0x80, 0x1, 0xd0, 0x16, 0x5a, 0x99, 0x92, 0x78,
    0xdc, 0x80, 0xb, 0x84, 0x9, 0x59, 0x8b, 0x60,
    0x2c, 0x20, 0x8, 0xf6, 0x94, 0x40, 0x4, 0xb5,
    0xa6, 0x0,

    /* U+0107 "ć" */
    0x0, 0xfa, 0xff, 0x48, 0x3, 0xeb, 0x44, 0x61,
    0x0, 0x7b, 0x11, 0xec, 0x40, 0x3c, 0x3f, 0xb0,
    0x1, 0xf8, 0x4c, 0x80, 0x3f, 0x1d, 0x6f, 0xf6,
    0x30, 0x6, 0x9c, 0x52, 0x1, 0x39, 0xc1, 0x9,
    0x60, 0x6c, 0xed, 0x80, 0x3b, 0x46, 0x9, 0x91,
    0x89, 0x3e, 0x35, 0xf0, 0x1b, 0x0, 0x71, 0xc8,
    0xb8, 0x58, 0x7, 0xf1, 0x1, 0x0, 0x7f, 0x10,
    0x10, 0x7, 0xf3, 0x85, 0x80, 0x7f, 0x70, 0x1b,
    0x0, 0x71, 0x48, 0xa3, 0x4, 0xc8, 0xc4, 0x9f,
    0x5a, 0xc2, 0x58, 0x1b, 0x3b, 0x60, 0xe, 0xc0,
    0x13, 0x8a, 0x40, 0x27, 0x38, 0x20,

    /* U+0108 "Ĉ" */
    0x0, 0xf9, 0x21, 0xc4, 0x3, 0xfe, 0x5b, 0x68,
    0xf2, 0x0, 0xfe, 0x6a, 0x3f, 0xb0, 0xc2, 0x0,
    0xf8, 0x45, 0x18, 0x29, 0xf2, 0x80, 0x1f, 0xb,
    0xb8, 0x2, 0x17, 0x60, 0xf, 0xcb, 0x5b, 0xfe,
    0xda, 0x50, 0xf, 0x1e, 0xd2, 0x90, 0x0, 0x96,
    0xb4, 0xc0, 0x25, 0xc2, 0x4, 0x9b, 0xca, 0x60,
    0x2c, 0x20, 0x3a, 0x2, 0xcb, 0x64, 0x35, 0x9e,
    0x37, 0x20, 0xe0, 0x1c, 0x30, 0xf, 0xe, 0x40,
    0x29, 0x5, 0x8, 0x7, 0xfd, 0x80, 0x28, 0x1,
    0xff, 0xc0, 0x50, 0x40, 0xf, 0xfe, 0x8, 0x81,
    0x80, 0x7f, 0xf0, 0x44, 0xc, 0x3, 0xff, 0x82,
    0xa0, 0xe0, 0x1f, 0xfc, 0x1c, 0x2, 0x40, 0xf,
    0xfe, 0x2, 0x90, 0x50, 0x80, 0x7f, 0xf0, 0x38,
    0x7, 0xc, 0x3, 0xc3, 0x90, 0x0, 0x3a, 0x2,
    0xcb, 0x53, 0x32, 0x4f, 0x1b, 0x90, 0x1, 0x70,
    0x81, 0x2b, 0x31, 0x6c, 0x5, 0x84, 0x1, 0x1e,
    0xd2, 0x88, 0x0, 0x96, 0xb4, 0xc0,

    /* U+0109 "ĉ" */
    0x0, 0xcb, 0xfe, 0xc1, 0x0, 0xf2, 0xd0, 0xb1,
    0xe8, 0x80, 0x65, 0xa3, 0xf9, 0x91, 0xe8, 0x6,
    0x6c, 0xc0, 0x83, 0x6f, 0x88, 0x4, 0x66, 0x0,
    0xc4, 0x62, 0x1, 0x8e, 0xb7, 0xfb, 0x18, 0x3,
    0x4e, 0x29, 0x0, 0x9c, 0xe0, 0x84, 0xb0, 0x36,
    0x76, 0xc0, 0x1d, 0xa3, 0x4, 0xc8, 0xc4, 0x9f,
    0x1a, 0xf8, 0xd, 0x80, 0x38, 0xe4, 0x5c, 0x2c,
    0x3, 0xf8, 0x80, 0x80, 0x3f, 0x88, 0x8, 0x3,
    0xf9, 0xc2, 0xc0, 0x3f, 0xb8, 0xd, 0x80, 0x38,
    0xa4, 0x51, 0x82, 0x64, 0x62, 0x4f, 0xad, 0x61,
    0x2c, 0xd, 0x9d, 0xb0, 0x7, 0x60, 0x9, 0xc5,
    0x20, 0x13, 0x9c, 0x10,

    /* U+010A "Ċ" */
    0x0, 0xf8, 0xb2, 0x80, 0x3f, 0xf8, 0x34, 0x6a,
    0x60, 0x1f, 0xfc, 0xb, 0x13, 0x30, 0x7, 0xff,
    0x0, 0xfb, 0x0, 0x3f, 0xf9, 0xeb, 0x5b, 0xfe,
    0xda, 0x50, 0xf, 0x1e, 0xd2, 0x90, 0x0, 0x96,
    0xb4, 0xc0, 0x25, 0xc2, 0x4, 0x9b, 0xca, 0x60,
    0x2c, 0x20, 0x3a, 0x2, 0xcb, 0x64, 0x35, 0x9e,
    0x37, 0x20, 0xe0, 0x1c, 0x30, 0xf, 0xe, 0x40,
    0x29, 0x5, 0x8, 0x7, 0xfd, 0x80, 0x28, 0x1,
    0xff, 0xc0, 0x50, 0x40, 0xf, 0xfe, 0x8, 0x81,
    0x80, 0x7f, 0xf0, 0x44, 0xc, 0x3, 0xff, 0x82,
    0xa0, 0xe0, 0x1f, 0xfc, 0x1c, 0x2, 0x40, 0xf,
    0xfe, 0x2, 0x90, 0x50, 0x80, 0x7f, 0xf0, 0x38,
    0x7, 0xc, 0x3, 0xc3, 0x90, 0x0, 0x3a, 0x2,
    0xcb, 0x53, 0x32, 0x4f, 0x1b, 0x90, 0x1, 0x70,
    0x81, 0x2b, 0x31, 0x6c, 0x5, 0x84, 0x1, 0x1e,
    0xd2, 0x88, 0x0, 0x96, 0xb4, 0xc0,

    /* U+010B "ċ" */
    0x0, 0xeb, 0xe4, 0x0, 0xfc, 0x28, 0x3c, 0x1,
    0xf8, 0x5c, 0xe4, 0x3, 0xfa, 0x30, 0xc0, 0x3f,
    0xf8, 0xe7, 0x5b, 0xfd, 0x8c, 0x1, 0xa7, 0x14,
    0x80, 0x4e, 0x70, 0x42, 0x58, 0x1b, 0x3b, 0x60,
    0xe, 0xd1, 0x82, 0x64, 0x62, 0x4f, 0x8d, 0x7c,
    0x6, 0xc0, 0x1c, 0x72, 0x2e, 0x16, 0x1, 0xfc,
    0x40, 0x40, 0x1f, 0xc4, 0x4, 0x1, 0xfc, 0xe1,
    0x60, 0x1f, 0xdc, 0x6, 0xc0, 0x1c, 0x52, 0x28,
    0xc1, 0x32, 0x31, 0x27, 0xd6, 0xb0, 0x96, 0x6,
    0xce, 0xd8, 0x3, 0xb0, 0x4, 0xe2, 0x90, 0x9,
    0xce, 0x8,

    /* U+010C "Č" */
    0x0, 0xc2, 0xee, 0x0, 0x85, 0xd8, 0x3, 0xe1,
    0x14, 0x60, 0xa7, 0xca, 0x0, 0x7e, 0x6a, 0x3f,
    0xb0, 0xc2, 0x0, 0xfe, 0x5b, 0x68, 0xf2, 0x0,
    0xff, 0x92, 0x1c, 0x40, 0x3f, 0xcb, 0x5b, 0xfe,
    0xda, 0x50, 0xf, 0x1e, 0xd2, 0x90, 0x0, 0x96,
    0xb4, 0xc0, 0x25, 0xc2, 0x4, 0x9b, 0xca, 0x60,
    0x2c, 0x20, 0x3a, 0x2, 0xcb, 0x64, 0x35, 0x9e,
    0x37, 0x20, 0xe0, 0x1c, 0x30, 0xf, 0xe, 0x40,
    0x29, 0x5, 0x8, 0x7, 0xfd, 0x80, 0x28, 0x1,
    0xff, 0xc0, 0x50, 0x40, 0xf, 0xfe, 0x8, 0x81,
    0x80, 0x7f, 0xf0, 0x44, 0xc, 0x3, 0xff, 0x82,
    0xa0, 0xe0, 0x1f, 0xfc, 0x1c, 0x2, 0x40, 0xf,
    0xfe, 0x2, 0x90, 0x50, 0x80, 0x7f, 0xf0, 0x38,
    0x7, 0xc, 0x3, 0xc3, 0x90, 0x0, 0x3a, 0x2,
    0xcb, 0x53, 0x32, 0x4f, 0x1b, 0x90, 0x1, 0x70,
    0x81, 0x2b, 0x31, 0x6c, 0x5, 0x84, 0x1, 0x1e,
    0xd2, 0x88, 0x0, 0x96, 0xb4, 0xc0,

    /* U+010D "č" */
    0x0, 0x47, 0xc8, 0x0, 0xfb, 0x84, 0x1, 0x43,
    0xb6, 0x36, 0x6, 0x10, 0x6, 0x87, 0x39, 0x1c,
    0x20, 0xf, 0x46, 0x63, 0xc8, 0x3, 0xf1, 0x98,
    0x40, 0x3e, 0x3a, 0xdf, 0xec, 0x60, 0xd, 0x38,
    0xa4, 0x2, 0x73, 0x82, 0x12, 0xc0, 0xd9, 0xdb,
    0x0, 0x76, 0x8c, 0x13, 0x23, 0x12, 0x7c, 0x6b,
    0xe0, 0x36, 0x0, 0xe3, 0x91, 0x70, 0xb0, 0xf,
    0xe2, 0x2, 0x0, 0xfe, 0x20, 0x20, 0xf, 0xe7,
    0xb, 0x0, 0xfe, 0xe0, 0x36, 0x0, 0xe2, 0x91,
    0x46, 0x9, 0x91, 0x89, 0x3e, 0xb5, 0x84, 0xb0,
    0x36, 0x76, 0xc0, 0x1d, 0x80, 0x27, 0x14, 0x80,
    0x4e, 0x70, 0x40,

    /* U+010E "Ď" */
    0x0, 0x9d, 0xc2, 0x1, 0x3b, 0x84, 0x3, 0xf2,
    0x4f, 0x99, 0x6c, 0x10, 0x80, 0x7e, 0x3c, 0xc,
    0xd2, 0xb5, 0x0, 0xff, 0x16, 0x3b, 0xb1, 0x0,
    0x3f, 0xf8, 0x5, 0x10, 0x30, 0xf, 0xcf, 0xff,
    0xfb, 0x65, 0x0, 0x3f, 0xf8, 0x44, 0xd7, 0x84,
    0x1, 0xc3, 0xdd, 0xb7, 0x25, 0x0, 0xf5, 0x0,
    0x38, 0x47, 0x11, 0xb5, 0xd8, 0x42, 0x88, 0x3,
    0xff, 0x80, 0x98, 0x3, 0x20, 0x1f, 0xfc, 0x12,
    0x80, 0x42, 0x0, 0xff, 0xe0, 0xb0, 0x1, 0x40,
    0x3f, 0xf8, 0x22, 0x41, 0xc0, 0x1f, 0xfc, 0x21,
    0x3, 0x0, 0xff, 0xe1, 0x8, 0x18, 0x7, 0xff,
    0x4, 0x48, 0x38, 0x3, 0xff, 0x82, 0xc0, 0x5,
    0x0, 0xff, 0xe0, 0x14, 0x2, 0x10, 0x7, 0xfc,
    0x78, 0x3, 0x20, 0x18, 0x47, 0x8d, 0x6f, 0x4,
    0x28, 0x80, 0x21, 0xee, 0xec, 0xa4, 0x3, 0xd4,
    0x0, 0xff, 0x89, 0xaf, 0x8, 0x2,

    /* U+010F "ď" */
    0x0, 0xff, 0xe1, 0xbd, 0x90, 0x7, 0xf8, 0xbf,
    0xc6, 0x18, 0x80, 0x1f, 0xfc, 0x63, 0x0, 0xff,
    0xe2, 0x88, 0x7, 0xff, 0x56, 0xfc, 0x3, 0x2d,
    0xf7, 0xf4, 0x90, 0x7, 0xf0, 0xdd, 0x20, 0x80,
    0xb6, 0xa8, 0x7, 0xea, 0x40, 0x6c, 0xed, 0x80,
    0x80, 0xf, 0x95, 0x2, 0x64, 0x62, 0x4f, 0x80,
    0x1f, 0xb8, 0xd, 0x80, 0x38, 0xdc, 0x3, 0xe6,
    0xb, 0x0, 0xfa, 0xc0, 0x3e, 0x20, 0x20, 0xf,
    0x88, 0x3, 0xe2, 0x2, 0x0, 0xf8, 0x80, 0x3e,
    0x60, 0xc0, 0xf, 0x90, 0x3, 0xee, 0x4, 0x50,
    0xe, 0x29, 0x0, 0xf9, 0x50, 0x29, 0xc4, 0x0,
    0xb8, 0x20, 0x1f, 0xa9, 0x2, 0x3b, 0x9f, 0x43,
    0x0, 0x1f, 0x86, 0xe9, 0x4, 0x65, 0xc7, 0x0,
    0xf8,

    /* U+0110 "Đ" */
    0x0, 0x27, 0xff, 0xed, 0xa5, 0x0, 0xff, 0xe2,
    0x12, 0xd6, 0x98, 0x7, 0xec, 0xee, 0xd9, 0x4a,
    0x5, 0x8c, 0x1, 0xf1, 0x8, 0xe3, 0x5a, 0xd3,
    0x9, 0x40, 0xf, 0xfe, 0x11, 0x61, 0x5, 0x0,
    0x7f, 0xf1, 0x38, 0x5, 0x40, 0x3f, 0xf8, 0x66,
    0x41, 0xf5, 0xd6, 0x0, 0xee, 0xd8, 0x1, 0xe7,
    0x6, 0x11, 0x0, 0x61, 0x1c, 0x1, 0xe3, 0x1,
    0xbf, 0xb0, 0x7, 0x7f, 0xda, 0x1, 0xe3, 0x1,
    0x0, 0xff, 0xe2, 0x38, 0x30, 0x7, 0xff, 0xc,
    0xc8, 0x3c, 0x3, 0xff, 0x87, 0xc0, 0x2a, 0x1,
    0xff, 0xc1, 0x2c, 0x20, 0xa0, 0xf, 0x10, 0x8e,
    0x35, 0xad, 0x30, 0x94, 0x0, 0xf6, 0x77, 0x6c,
    0xa5, 0x1, 0xb6, 0x0, 0xff, 0xe0, 0x92, 0xd7,
    0x20, 0x4,

    /* U+0111 "đ" */
    0x0, 0xff, 0x17, 0xf8, 0xc0, 0x3f, 0xf9, 0x65,
    0xff, 0xb4, 0x1, 0x9e, 0xc0, 0x1c, 0x6a, 0xb8,
    0xc0, 0x4, 0xaa, 0x0, 0xe1, 0xaa, 0xdc, 0x0,
    0xea, 0x30, 0x9, 0x6f, 0xbf, 0xa4, 0x80, 0x3e,
    0x1b, 0xa4, 0x10, 0x16, 0xd5, 0x0, 0xf5, 0x20,
    0x36, 0x76, 0xc0, 0x40, 0x7, 0x2a, 0x4, 0xc8,
    0xc4, 0x9f, 0x0, 0x3d, 0xc0, 0x6c, 0x1, 0xc6,
    0xe0, 0x1c, 0xc1, 0x60, 0x1f, 0x58, 0x7, 0x10,
    0x10, 0x7, 0xc4, 0x1, 0xc4, 0x4, 0x1, 0xf1,
    0x0, 0x73, 0x6, 0x0, 0x7c, 0x80, 0x1d, 0xc0,
    0x8a, 0x1, 0xc5, 0x20, 0x1c, 0xa8, 0x14, 0xe2,
    0x0, 0x5c, 0x10, 0xf, 0x52, 0x4, 0x77, 0x3e,
    0x86, 0x0, 0x3c, 0x37, 0x48, 0x23, 0x2e, 0x38,
    0x7, 0x0,

    /* U+0112 "Ē" */
    0x0, 0x88, 0xbe, 0x0, 0xe7, 0xdd, 0xf9, 0x80,
    0x32, 0xd5, 0x7c, 0x80, 0x18, 0x95, 0x7e, 0x20,
    0xf, 0xfe, 0x1b, 0xff, 0xff, 0xcc, 0x1, 0xff,
    0xc3, 0x1e, 0xef, 0xe6, 0x0, 0x84, 0x7f, 0x80,
    0x3f, 0xfb, 0xc3, 0xff, 0xf9, 0x40, 0x3f, 0xf8,
    0x83, 0xdd, 0xf9, 0x40, 0x30, 0x8f, 0xe0, 0xf,
    0xff, 0x0, 0x8f, 0xf8, 0x0, 0x3d, 0xdf, 0xd4,
    0x1, 0xff, 0xc1,

    /* U+0113 "ē" */
    0x0, 0x47, 0xff, 0xc8, 0x1, 0xae, 0x23, 0xe6,
    0x0, 0xc6, 0xef, 0xf1, 0x0, 0x7f, 0xf1, 0x96,
    0xfb, 0xf6, 0x8c, 0x3, 0xaa, 0x88, 0x20, 0x4b,
    0x90, 0x1, 0x52, 0x8c, 0xf7, 0xeb, 0x83, 0xb8,
    0x11, 0x43, 0x18, 0x40, 0xa2, 0x82, 0x7, 0x81,
    0x88, 0x3, 0x94, 0xc1, 0xdc, 0xb, 0x77, 0xf0,
    0x87, 0x90, 0x1a, 0x27, 0xc4, 0x6, 0x41, 0x3f,
    0xff, 0xd4, 0xe1, 0x40, 0x1f, 0xee, 0x3, 0x60,
    0xf, 0x30, 0x1, 0x14, 0x26, 0x8c, 0x44, 0x97,
    0x30, 0x0, 0xa6, 0x5, 0xce, 0xe5, 0xa0, 0x60,
    0x5, 0x38, 0xa4, 0x0, 0x27, 0xe4, 0x0,

    /* U+0114 "Ĕ" */
    0x0, 0x1c, 0x8, 0x4, 0x50, 0x40, 0x18, 0x5e,
    0x8c, 0x4f, 0x9c, 0xc0, 0x31, 0x53, 0x67, 0x60,
    0xd8, 0x80, 0x72, 0xee, 0xb3, 0x74, 0x80, 0x1f,
    0x88, 0xc8, 0x3, 0x9f, 0xff, 0xfe, 0x60, 0xf,
    0xfe, 0x18, 0xf7, 0x7f, 0x30, 0x4, 0x23, 0xfc,
    0x1, 0xff, 0xde, 0x1f, 0xff, 0xca, 0x1, 0xff,
    0xc4, 0x1e, 0xef, 0xca, 0x1, 0x84, 0x7f, 0x0,
    0x7f, 0xf8, 0x4, 0x7f, 0xc0, 0x1, 0xee, 0xfe,
    0xa0, 0xf, 0xfe, 0x8,

    /* U+0115 "ĕ" */
    0x0, 0x3f, 0x90, 0x4, 0xde, 0x40, 0x19, 0x43,
    0x8c, 0x56, 0x8, 0x80, 0x18, 0xac, 0x73, 0xa9,
    0x70, 0x3, 0xc9, 0xba, 0xce, 0xb1, 0x0, 0xfc,
    0x46, 0x20, 0x1f, 0x96, 0xfb, 0xf6, 0x8c, 0x3,
    0xaa, 0x88, 0x20, 0x4b, 0x90, 0x1, 0x52, 0x8c,
    0xf7, 0xeb, 0x83, 0xb8, 0x11, 0x43, 0x18, 0x40,
    0xa2, 0x82, 0x7, 0x81, 0x88, 0x3, 0x94, 0xc1,
    0xdc, 0xb, 0x77, 0xf0, 0x87, 0x90, 0x1a, 0x27,
    0xc4, 0x6, 0x41, 0x3f, 0xff, 0xd4, 0xe1, 0x40,
    0x1f, 0xee, 0x3, 0x60, 0xf, 0x30, 0x1, 0x14,
    0x26, 0x8c, 0x44, 0x97, 0x30, 0x0, 0xa6, 0x5,
    0xce, 0xe5, 0xa0, 0x60, 0x5, 0x38, 0xa4, 0x0,
    0x27, 0xe4, 0x0,

    /* U+0116 "Ė" */
    0x0, 0xe6, 0xc5, 0x0, 0xff, 0x41, 0xc0, 0x7,
    0xf9, 0x82, 0x80, 0x3f, 0xd1, 0xee, 0x1, 0xff,
    0xc6, 0x7f, 0xff, 0xf9, 0x80, 0x3f, 0xf8, 0x63,
    0xdd, 0xfc, 0xc0, 0x10, 0x8f, 0xf0, 0x7, 0xff,
    0x78, 0x7f, 0xff, 0x28, 0x7, 0xff, 0x10, 0x7b,
    0xbf, 0x28, 0x6, 0x11, 0xfc, 0x1, 0xff, 0xe0,
    0x11, 0xff, 0x0, 0x7, 0xbb, 0xfa, 0x80, 0x3f,
    0xf8, 0x20,

    /* U+0117 "ė" */
    0x0, 0xe9, 0xf5, 0x0, 0xff, 0x30, 0x70, 0x7,
    0xfa, 0xf, 0xc0, 0x3f, 0xcf, 0x88, 0x1, 0xff,
    0xc9, 0x5b, 0xef, 0xda, 0x30, 0xe, 0xaa, 0x20,
    0x81, 0x2e, 0x40, 0x5, 0x4a, 0x33, 0xdf, 0xae,
    0xe, 0xe0, 0x45, 0xc, 0x61, 0x2, 0x8a, 0x8,
    0x1e, 0x6, 0x20, 0xe, 0x53, 0x7, 0x70, 0x2d,
    0xdf, 0xc2, 0x1e, 0x40, 0x68, 0x9f, 0x10, 0x19,
    0x4, 0xff, 0xff, 0x53, 0x85, 0x0, 0x7f, 0xb8,
    0xd, 0x80, 0x3c, 0xc0, 0x4, 0x50, 0x9a, 0x31,
    0x12, 0x5c, 0xc0, 0x2, 0x98, 0x17, 0x3b, 0x96,
    0x81, 0x80, 0x14, 0xe2, 0x90, 0x0, 0x9f, 0x90,
    0x0,

    /* U+0118 "Ę" */
    0x7f, 0xff, 0xf9, 0x80, 0x3f, 0xf8, 0xa3, 0xdd,
    0xfc, 0xc0, 0x18, 0x47, 0xf8, 0x3, 0xff, 0xc4,
    0x3f, 0xff, 0x94, 0x3, 0xff, 0x8c, 0x3d, 0xdf,
    0x94, 0x3, 0x84, 0x7f, 0x0, 0x7f, 0xf9, 0x4,
    0x7f, 0xc0, 0x10, 0xf7, 0x7f, 0x50, 0x7, 0xff,
    0x5, 0x41, 0xff, 0xff, 0x38, 0x2e, 0x0, 0x7f,
    0x2b, 0xcd, 0x10, 0x7, 0xf7, 0xb, 0x0, 0x7f,
    0xc2, 0x25, 0x14, 0x0, 0xfe, 0x81, 0xae, 0xb1,
    0x0, 0xfc, 0x5d, 0x98, 0xf1,

    /* U+0119 "ę" */
    0x0, 0x96, 0xfb, 0xf6, 0x8c, 0x3, 0xaa, 0x88,
    0x20, 0x4b, 0x90, 0x1, 0x52, 0x8c, 0xf7, 0xeb,
    0x83, 0xb8, 0x11, 0x43, 0x18, 0x40, 0xa2, 0x82,
    0x7, 0x81, 0x88, 0x3, 0x94, 0xc1, 0xdc, 0xb,
    0x77, 0xf0, 0x87, 0x90, 0x1a, 0x27, 0xc4, 0x6,
    0x41, 0x3f, 0xff, 0xd4, 0xe1, 0x40, 0x1f, 0xee,
    0x3, 0x60, 0xf, 0x30, 0x1, 0x14, 0x26, 0x8c,
    0x44, 0x97, 0x30, 0x0, 0xa6, 0x5, 0xce, 0xe5,
    0xa0, 0x60, 0x5, 0x38, 0xa4, 0x1, 0xe, 0x20,
    0x6, 0x3a, 0xdf, 0x50, 0xd3, 0x0, 0xfc, 0x4a,
    0xe6, 0x1, 0xfc, 0x81, 0x80, 0x1f, 0xe2, 0xd,
    0x13, 0x10, 0xf, 0x91, 0x99, 0xd8, 0xe0, 0x1f,
    0xa7, 0xb3, 0x98, 0x0,

    /* U+011A "Ě" */
    0x0, 0x24, 0x20, 0x4, 0xb0, 0x60, 0x19, 0xe,
    0xe0, 0x26, 0x88, 0xc0, 0x3a, 0xd5, 0xf9, 0x96,
    0x80, 0x3e, 0xa9, 0x69, 0xa0, 0xf, 0xe6, 0x86,
    0x0, 0xe7, 0xff, 0xff, 0x98, 0x3, 0xff, 0x86,
    0x3d, 0xdf, 0xcc, 0x1, 0x8, 0xff, 0x0, 0x7f,
    0xf7, 0x87, 0xff, 0xf2, 0x80, 0x7f, 0xf1, 0x7,
    0xbb, 0xf2, 0x80, 0x61, 0x1f, 0xc0, 0x1f, 0xfe,
    0x1, 0x1f, 0xf0, 0x0, 0x7b, 0xbf, 0xa8, 0x3,
    0xff, 0x82,

    /* U+011B "ě" */
    0x0, 0x37, 0xd8, 0x0, 0xb7, 0xcc, 0x3, 0x34,
    0x26, 0xae, 0x16, 0x18, 0x7, 0x3c, 0x15, 0xe,
    0x18, 0x7, 0xcf, 0xb9, 0xa6, 0x1, 0xfc, 0x46,
    0x40, 0x1f, 0x96, 0xfb, 0xf6, 0x8c, 0x3, 0xaa,
    0x88, 0x20, 0x4b, 0x90, 0x1, 0x52, 0x8c, 0xf7,
    0xeb, 0x83, 0xb8, 0x11, 0x43, 0x18, 0x40, 0xa2,
    0x82, 0x7, 0x81, 0x88, 0x3, 0x94, 0xc1, 0xdc,
    0xb, 0x77, 0xf0, 0x87, 0x90, 0x1a, 0x27, 0xc4,
    0x6, 0x41, 0x3f, 0xff, 0xd4, 0xe1, 0x40, 0x1f,
    0xee, 0x3, 0x60, 0xf, 0x30, 0x1, 0x14, 0x26,
    0x8c, 0x44, 0x97, 0x30, 0x0, 0xa6, 0x5, 0xce,
    0xe5, 0xa0, 0x60, 0x5, 0x38, 0xa4, 0x0, 0x27,
    0xe4, 0x0,

    /* U+011C "Ĝ" */
    0x0, 0xf9, 0x21, 0xc4, 0x3, 0xfe, 0x5b, 0x68,
    0xc2, 0x0, 0xfe, 0x6a, 0x3f, 0xb3, 0xc2, 0x0,
    0xf8, 0x45, 0x18, 0x29, 0x92, 0x80, 0x1f, 0xb,
    0xb8, 0x2, 0x27, 0x60, 0xf, 0xcb, 0x5b, 0xfe,
    0xeb, 0x60, 0xf, 0x1e, 0xd2, 0x90, 0x0, 0x52,
    0x79, 0x40, 0x25, 0xc2, 0x4, 0x9b, 0xcb, 0x71,
    0x15, 0x28, 0x1d, 0x1, 0x65, 0xb2, 0x1a, 0x47,
    0x32, 0x28, 0x70, 0xe, 0x18, 0x7, 0xd3, 0x60,
    0xa4, 0x16, 0x20, 0x1f, 0xf6, 0x0, 0xa8, 0x7,
    0xff, 0x1, 0x41, 0x0, 0x3f, 0xf8, 0x22, 0x6,
    0x1, 0xfe, 0x79, 0x41, 0x3, 0x0, 0xff, 0x53,
    0x1a, 0x82, 0x0, 0x7f, 0xf0, 0x70, 0x5, 0x40,
    0x3f, 0xf8, 0xa, 0x41, 0x62, 0x1, 0xff, 0xc0,
    0xe0, 0x1c, 0x30, 0xf, 0xf8, 0xe8, 0xb, 0x2d,
    0x8c, 0x91, 0xf4, 0x80, 0x32, 0xe1, 0x2, 0x4e,
    0x6d, 0xc1, 0x3, 0xb8, 0x2, 0x3d, 0xa5, 0x20,
    0x0, 0xa4, 0x74, 0x0,

    /* U+011D "ĝ" */
    0x0, 0xea, 0xff, 0x38, 0x7, 0xf5, 0x2a, 0x8e,
    0x1c, 0x3, 0xea, 0x57, 0xac, 0x48, 0x70, 0xe,
    0x19, 0xd8, 0x0, 0x5e, 0x20, 0x7, 0x9, 0x90,
    0x6, 0x33, 0x0, 0x79, 0x6f, 0xbf, 0xa8, 0xc3,
    0x7d, 0x40, 0x17, 0x48, 0x20, 0x2b, 0x90, 0x1,
    0xad, 0x1, 0xb3, 0xb6, 0x45, 0xc8, 0x0, 0x88,
    0x9, 0x91, 0x89, 0x37, 0x88, 0x5, 0xe0, 0x6c,
    0x1, 0xc3, 0x60, 0x13, 0x5, 0x80, 0x7c, 0xa0,
    0x11, 0x1, 0x0, 0x7e, 0x10, 0x1, 0x1, 0x0,
    0x7e, 0x10, 0x3, 0x85, 0x80, 0x7c, 0xa0, 0x17,
    0x1, 0xb0, 0x7, 0xd, 0x80, 0x48, 0xa1, 0x34,
    0x62, 0x4d, 0xe2, 0x1, 0xa9, 0x1, 0x73, 0xb6,
    0x45, 0xc0, 0x3a, 0xe9, 0x4, 0x5, 0x72, 0x0,
    0x2, 0x1, 0x2d, 0xf7, 0xf5, 0x19, 0x0, 0x14,
    0xc, 0x40, 0x3e, 0x80, 0x21, 0xe, 0xe4, 0xa9,
    0x8, 0x92, 0xd4, 0x20, 0x0, 0xe0, 0xd5, 0xbd,
    0xcb, 0x40, 0x85, 0x0, 0x56, 0xb9, 0x88, 0x0,
    0x9b, 0x1c, 0x0,

    /* U+011E "Ğ" */
    0x0, 0xe7, 0x40, 0xc, 0xea, 0x1, 0xfa, 0xe9,
    0x44, 0xa2, 0x4, 0x1, 0xfb, 0x56, 0xbb, 0x5d,
    0xe0, 0xf, 0xc3, 0x7d, 0x98, 0xf8, 0x0, 0xff,
    0x84, 0xcc, 0x1, 0xff, 0x2d, 0x6f, 0xfb, 0xad,
    0x80, 0x3c, 0x7b, 0x4a, 0x40, 0x1, 0x49, 0xe5,
    0x0, 0x97, 0x8, 0x12, 0x6f, 0x2d, 0xc4, 0x54,
    0xa0, 0x74, 0x5, 0x96, 0xc8, 0x69, 0x1c, 0xc8,
    0xa1, 0xc0, 0x38, 0x60, 0x1f, 0x4d, 0x82, 0x90,
    0x58, 0x80, 0x7f, 0xd8, 0x2, 0xa0, 0x1f, 0xfc,
    0x5, 0x4, 0x0, 0xff, 0xe0, 0x88, 0x18, 0x7,
    0xf9, 0xe5, 0x4, 0xc, 0x3, 0xfd, 0x4c, 0x6a,
    0x8, 0x1, 0xff, 0xc1, 0xc0, 0x15, 0x0, 0xff,
    0xe0, 0x29, 0x5, 0x88, 0x7, 0xff, 0x3, 0x80,
    0x70, 0xc0, 0x3f, 0xe3, 0xa0, 0x2c, 0xb6, 0x32,
    0x47, 0xd2, 0x0, 0xcb, 0x84, 0x9, 0x39, 0xb7,
    0x4, 0xe, 0xe0, 0x8, 0xf6, 0x94, 0x80, 0x2,
    0x91, 0xd0, 0x0,

    /* U+011F "ğ" */
    0x0, 0xba, 0xc0, 0x37, 0x58, 0x7, 0x9d, 0x1c,
    0x89, 0x43, 0xc0, 0x1e, 0x96, 0x8d, 0xd2, 0x4a,
    0x80, 0x7d, 0x3f, 0x9b, 0xcc, 0x1, 0xfe, 0x32,
    0x0, 0xfe, 0x5b, 0xef, 0xea, 0x30, 0xdf, 0x50,
    0x5, 0xd2, 0x8, 0xa, 0xe4, 0x0, 0x6b, 0x40,
    0x6c, 0xed, 0x91, 0x72, 0x0, 0x22, 0x2, 0x64,
    0x62, 0x4d, 0xe2, 0x1, 0x78, 0x1b, 0x0, 0x70,
    0xd8, 0x4, 0xc1, 0x60, 0x1f, 0x28, 0x4, 0x40,
    0x40, 0x1f, 0x84, 0x0, 0x40, 0x40, 0x1f, 0x84,
    0x0, 0xe1, 0x60, 0x1f, 0x28, 0x5, 0xc0, 0x6c,
    0x1, 0xc3, 0x60, 0x12, 0x28, 0x4d, 0x18, 0x93,
    0x78, 0x80, 0x6a, 0x40, 0x5c, 0xed, 0x91, 0x70,
    0xe, 0xba, 0x41, 0x1, 0x5c, 0x80, 0x0, 0x80,
    0x4b, 0x7d, 0xfd, 0x46, 0x40, 0x5, 0x3, 0x10,
    0xf, 0xa0, 0x8, 0x43, 0xb9, 0x2a, 0x42, 0x24,
    0xb5, 0x8, 0x0, 0x38, 0x35, 0x6f, 0x72, 0xd0,
    0x21, 0x40, 0x15, 0xae, 0x62, 0x0, 0x26, 0xc7,
    0x0, 0x0,

    /* U+0120 "Ġ" */
    0x0, 0xf8, 0xb2, 0x80, 0x3f, 0xf8, 0x34, 0x6a,
    0x60, 0x1f, 0xfc, 0xb, 0x13, 0x30, 0x7, 0xff,
    0x0, 0xfb, 0x0, 0x3f, 0xf9, 0xeb, 0x5b, 0xfe,
    0xeb, 0x60, 0xf, 0x1e, 0xd2, 0x90, 0x0, 0x52,
    0x79, 0x40, 0x25, 0xc2, 0x4, 0x9b, 0xcb, 0x71,
    0x15, 0x28, 0x1d, 0x1, 0x65, 0xb2, 0x1a, 0x47,
    0x32, 0x28, 0x70, 0xe, 0x18, 0x7, 0xd3, 0x60,
    0xa4, 0x16, 0x20, 0x1f, 0xf6, 0x0, 0xa8, 0x7,
    0xff, 0x1, 0x41, 0x0, 0x3f, 0xf8, 0x22, 0x6,
    0x1, 0xfe, 0x79, 0x41, 0x3, 0x0, 0xff, 0x53,
    0x1a, 0x82, 0x0, 0x7f, 0xf0, 0x70, 0x5, 0x40,
    0x3f, 0xf8, 0xa, 0x41, 0x62, 0x1, 0xff, 0xc0,
    0xe0, 0x1c, 0x30, 0xf, 0xf8, 0xe8, 0xb, 0x2d,
    0x8c, 0x91, 0xf4, 0x80, 0x32, 0xe1, 0x2, 0x4e,
    0x6d, 0xc1, 0x3, 0xb8, 0x2, 0x3d, 0xa5, 0x20,
    0x0, 0xa4, 0x74, 0x0,

    /* U+0121 "ġ" */
    0x0, 0xe2, 0xec, 0x0, 0xff, 0x94, 0x4d, 0x0,
    0x3f, 0xcc, 0x6a, 0x80, 0x1f, 0xe1, 0xca, 0x0,
    0xff, 0xe5, 0xad, 0xf7, 0xf5, 0x18, 0x6f, 0xa8,
    0x2, 0xe9, 0x4, 0x5, 0x72, 0x0, 0x35, 0xa0,
    0x36, 0x76, 0xc8, 0xb9, 0x0, 0x11, 0x1, 0x32,
    0x31, 0x26, 0xf1, 0x0, 0xbc, 0xd, 0x80, 0x38,
    0x6c, 0x2, 0x60, 0xb0, 0xf, 0x94, 0x2, 0x20,
    0x20, 0xf, 0xc2, 0x0, 0x20, 0x20, 0xf, 0xc2,
    0x0, 0x70, 0xb0, 0xf, 0x94, 0x2, 0xe0, 0x36,
    0x0, 0xe1, 0xb0, 0x9, 0x14, 0x26, 0x8c, 0x49,
    0xbc, 0x40, 0x35, 0x20, 0x2e, 0x76, 0xc8, 0xb8,
    0x7, 0x5d, 0x20, 0x80, 0xae, 0x40, 0x0, 0x40,
    0x25, 0xbe, 0xfe, 0xa3, 0x20, 0x2, 0x81, 0x88,
    0x7, 0xd0, 0x4, 0x21, 0xdc, 0x95, 0x21, 0x12,
    0x5a, 0x84, 0x0, 0x1c, 0x1a, 0xb7, 0xb9, 0x68,
    0x10, 0xa0, 0xa, 0xd7, 0x31, 0x0, 0x13, 0x63,
    0x80, 0x0,

    /* U+0122 "Ģ" */
    0x0, 0xe5, 0xad, 0xff, 0x75, 0xb0, 0x7, 0x8f,
    0x69, 0x48, 0x0, 0x29, 0x3c, 0xa0, 0x12, 0xe1,
    0x2, 0x4d, 0xe5, 0xb8, 0x8a, 0x94, 0xe, 0x80,
    0xb2, 0xd9, 0xd, 0x23, 0x99, 0x14, 0x38, 0x7,
    0xc, 0x3, 0xe9, 0xb0, 0x52, 0xb, 0x10, 0xf,
    0xfb, 0x0, 0x54, 0x3, 0xff, 0x80, 0xa0, 0x80,
    0x1f, 0xfc, 0x11, 0x3, 0x0, 0xff, 0x3c, 0xa0,
    0x81, 0x80, 0x7f, 0xa9, 0x8d, 0x41, 0x0, 0x3f,
    0xf8, 0x38, 0x2, 0xa0, 0x1f, 0xfc, 0x5, 0x20,
    0xb1, 0x0, 0xff, 0xe0, 0x70, 0xe, 0x18, 0x7,
    0xfc, 0x74, 0x5, 0x96, 0xc6, 0x48, 0xfa, 0x40,
    0x19, 0x70, 0x81, 0x27, 0x36, 0xe0, 0x81, 0xdc,
    0x1, 0x1e, 0xd2, 0x90, 0x0, 0x52, 0x3a, 0x0,
    0x3c, 0xb5, 0xbf, 0xee, 0xb7, 0x10, 0xf, 0xfe,
    0x6a, 0x7d, 0x0, 0x7f, 0xf0, 0x44, 0x10, 0x3,
    0xff, 0x82, 0xa4, 0xe0, 0x1f, 0xfc, 0x11, 0x2b,
    0x0, 0xff, 0xe0, 0x8f, 0x10, 0x7, 0x80,

    /* U+0123 "ģ" */
    0x0, 0xf3, 0x78, 0x7, 0xff, 0x2, 0x90, 0x3,
    0xfe, 0x23, 0x10, 0xf, 0xf9, 0x1, 0x48, 0x3,
    0xfc, 0xee, 0x82, 0x0, 0xff, 0xc, 0x38, 0x7,
    0xf2, 0xdf, 0x7f, 0x51, 0x86, 0xfa, 0x80, 0x2e,
    0x90, 0x40, 0x57, 0x20, 0x3, 0x5a, 0x3, 0x67,
    0x6c, 0x8b, 0x90, 0x1, 0x10, 0x13, 0x23, 0x12,
    0x6f, 0x10, 0xb, 0xc0, 0xd8, 0x3, 0x86, 0xc0,
    0x26, 0xb, 0x0, 0xf9, 0x40, 0x22, 0x2, 0x0,
    0xfc, 0x20, 0x2, 0x2, 0x0, 0xfc, 0x20, 0x7,
    0xb, 0x0, 0xf9, 0x40, 0x2e, 0x3, 0x60, 0xe,
    0x1b, 0x0, 0x91, 0x42, 0x68, 0xc4, 0x9b, 0xc4,
    0x3, 0x52, 0x2, 0xe7, 0x6c, 0x8b, 0x80, 0x75,
    0xd2, 0x8, 0xa, 0xe4, 0x0, 0x4, 0x2, 0x5b,
    0xef, 0xea, 0x32, 0x0, 0x28, 0x18, 0x80, 0x7d,
    0x0, 0x42, 0x1d, 0xc9, 0x52, 0x11, 0x25, 0xa8,
    0x40, 0x1, 0xc1, 0xab, 0x7b, 0x96, 0x81, 0xa,
    0x0, 0xad, 0x73, 0x10, 0x1, 0x36, 0x38, 0x0,

    /* U+0124 "Ĥ" */
    0x0, 0xf2, 0xc3, 0x80, 0x7f, 0xcf, 0x4d, 0x18,
    0x20, 0x1f, 0xa2, 0x9, 0xd4, 0x78, 0x20, 0x1e,
    0x20, 0x9b, 0x5, 0xc5, 0x40, 0xf, 0x14, 0x30,
    0x4, 0x70, 0xa0, 0x13, 0xff, 0x0, 0x7f, 0x3f,
    0xf8, 0x3, 0xff, 0xfe, 0x1, 0xff, 0xc5, 0x1f,
    0xff, 0xe8, 0x0, 0xff, 0xe3, 0x8f, 0x77, 0xf4,
    0x0, 0x70, 0x8f, 0xf0, 0x7, 0xff, 0xfc, 0x3,
    0xff, 0x8c,

    /* U+0125 "ĥ" */
    0x0, 0x9e, 0x14, 0x3, 0xff, 0x81, 0x90, 0xd4,
    0xe0, 0x1f, 0xc3, 0x87, 0x3c, 0xb1, 0x0, 0xf,
    0xc8, 0x8c, 0x60, 0xa9, 0x2, 0x0, 0xf9, 0x60,
    0xc0, 0x26, 0x82, 0x0, 0xff, 0x6f, 0xb8, 0x7,
    0xff, 0xfc, 0x3, 0x86, 0x37, 0xfd, 0x8e, 0x1,
    0xfb, 0x7d, 0xc8, 0x0, 0x71, 0x80, 0x1f, 0x28,
    0xbe, 0x75, 0xa8, 0x1c, 0x80, 0x7d, 0x50, 0x62,
    0x94, 0xa0, 0xc0, 0x1e, 0x35, 0x0, 0xe9, 0x0,
    0x10, 0x7, 0x20, 0x7, 0x88, 0x0, 0x20, 0x1d,
    0xe0, 0x1e, 0x10, 0x3, 0x80, 0x7f, 0xff, 0xc0,
    0x3f, 0xf9, 0x20,

    /* U+0126 "Ħ" */
    0x0, 0x27, 0xf8, 0x40, 0x3f, 0x1f, 0xf8, 0x80,
    0x3f, 0xfb, 0xd9, 0xf6, 0x0, 0xef, 0xff, 0xd8,
    0x0, 0xdf, 0x97, 0x10, 0xc, 0x23, 0xf8, 0x3,
    0x8, 0xaf, 0xac, 0x1, 0xdd, 0xfd, 0x80, 0xd,
    0xe8, 0x0, 0xff, 0xe6, 0xf7, 0xff, 0xec, 0x0,
    0xff, 0xe9, 0x67, 0x77, 0xea, 0x0, 0xff, 0x10,
    0x8f, 0xe6, 0x0, 0xff, 0xff, 0x80, 0x7f, 0xf9,
    0x80,

    /* U+0127 "ħ" */
    0x0, 0x6f, 0xb8, 0x7, 0xff, 0x37, 0xfc, 0x41,
    0x1f, 0xfa, 0x0, 0x39, 0x54, 0x1, 0x2a, 0xed,
    0x0, 0xea, 0xa1, 0x4, 0x55, 0x65, 0x0, 0xff,
    0xc, 0x6f, 0xfb, 0x1c, 0x3, 0xed, 0xf7, 0x20,
    0x1, 0xc6, 0x0, 0x79, 0x45, 0xf3, 0xad, 0x40,
    0xe4, 0x3, 0xd5, 0x6, 0x29, 0x4a, 0xc, 0x1,
    0xc6, 0xa0, 0x1d, 0x20, 0x2, 0x0, 0xc8, 0x1,
    0xe2, 0x0, 0x8, 0x6, 0xf0, 0xf, 0x8, 0x1,
    0xc0, 0x3f, 0xff, 0xe0, 0x1f, 0xfc, 0x30,

    /* U+0128 "Ĩ" */
    0x0, 0xf8, 0x44, 0x11, 0xfe, 0xb4, 0x2d, 0x82,
    0x7b, 0xf3, 0xbd, 0x2b, 0x3c, 0x40, 0x8e, 0xce,
    0x21, 0x30, 0x8, 0x4c, 0x3, 0x9f, 0xf8, 0x3,
    0xff, 0xfe, 0x1, 0xff, 0xfc,

    /* U+0129 "ĩ" */
    0x4, 0xed, 0x20, 0x9b, 0x9, 0x26, 0xc3, 0x43,
    0x2, 0x8b, 0x4c, 0x2a, 0xb, 0x40, 0xac, 0xe2,
    0x4, 0x0, 0x8c, 0x40, 0x36, 0xfb, 0x80, 0x7f,
    0xff, 0xc0, 0x3f, 0xf9, 0x60,

    /* U+012A "Ī" */
    0x12, 0x2f, 0x36, 0xef, 0x62, 0xd5, 0x78, 0x95,
    0x79, 0x0, 0x3f, 0x9f, 0xf8, 0x3, 0xff, 0xfe,
    0x1, 0xff, 0xdb,

    /* U+012B "ī" */
    0xdf, 0xfe, 0x8b, 0x88, 0xeb, 0x67, 0x7e, 0x30,
    0xf, 0xed, 0xf7, 0x0, 0xff, 0xff, 0x80, 0x7f,
    0xc0,

    /* U+012C "Ĭ" */
    0x18, 0x30, 0xc, 0xe8, 0x2d, 0xa8, 0x25, 0x50,
    0x21, 0x85, 0x7d, 0xa9, 0xa, 0x5, 0x9d, 0x9b,
    0xce, 0x1, 0x84, 0xc8, 0x3, 0xcf, 0xfc, 0x1,
    0xff, 0xff, 0x0, 0xff, 0xfe, 0x0,

    /* U+012D "ĭ" */
    0xd9, 0x0, 0xbe, 0x11, 0x90, 0xa0, 0x32, 0x12,
    0xf5, 0xe1, 0x6, 0xf7, 0x39, 0xc0, 0x22, 0x31,
    0x0, 0xdb, 0xee, 0x1, 0xff, 0xff, 0x0, 0xff,
    0x80,

    /* U+012E "Į" */
    0x7, 0xfe, 0x0, 0xff, 0xff, 0x80, 0x61, 0x0,
    0x20, 0x40, 0x3, 0xcd, 0xc0, 0x6, 0x80, 0x19,
    0x8, 0x41, 0xcf, 0x6c, 0x23, 0x72, 0x80,

    /* U+012F "į" */
    0xb, 0xf6, 0x2, 0x40, 0xb0, 0x24, 0xa, 0x0,
    0x5f, 0xb8, 0x7, 0xdb, 0xee, 0x1, 0xff, 0xef,
    0xe0, 0x3, 0x8c, 0x1, 0xad, 0x88, 0x58, 0x20,
    0x3, 0xc1, 0xc8, 0x18, 0xa7, 0x4c, 0x77, 0x34,
    0xc0,

    /* U+0130 "İ" */
    0x3c, 0x80, 0x93, 0x71, 0xf0, 0x41, 0x5f, 0xb0,
    0xe, 0x7f, 0xe0, 0xf, 0xff, 0xa8,

    /* U+0131 "ı" */
    0xdf, 0x70, 0xf, 0xfe, 0xc0,

    /* U+0132 "Ĳ" */
    0xaf, 0xc0, 0xf, 0xa3, 0xf8, 0x3, 0xff, 0xfe,
    0x1, 0xff, 0xd1, 0xf7, 0xa0, 0xf, 0xf2, 0xc3,
    0x0, 0x7f, 0x18, 0x7, 0xf8, 0xc1, 0x80, 0x3f,
    0x85, 0x3, 0x5, 0x40, 0x3e, 0xb0, 0x3, 0x4d,
    0x6c, 0x21, 0x1b, 0x62, 0x84, 0x8f, 0x81, 0x3d,
    0xee, 0x49, 0x84, 0x30, 0x3f, 0x42, 0x8, 0x0,
    0x9b, 0x5c, 0x0,

    /* U+0133 "ĳ" */
    0xb, 0xf6, 0x0, 0x87, 0x39, 0x9, 0x2, 0xc0,
    0x24, 0x31, 0xe2, 0x40, 0xa0, 0x9, 0x8, 0x38,
    0x2f, 0xdc, 0x2, 0x1d, 0xf4, 0x0, 0xff, 0xe0,
    0x6f, 0xb8, 0x6, 0xff, 0x20, 0x7, 0xff, 0xfc,
    0x3, 0xff, 0xdd, 0xbe, 0xe0, 0x1f, 0xfc, 0x21,
    0x0, 0x38, 0x6, 0x51, 0xb, 0x0, 0x18, 0x4,
    0x75, 0xde, 0xa1, 0x0, 0x18, 0x50, 0x40, 0xa5,
    0xc0,

    /* U+0134 "Ĵ" */
    0x0, 0xe5, 0x87, 0x10, 0xf, 0x9e, 0x9a, 0x30,
    0x40, 0x39, 0xe1, 0x3a, 0x8b, 0x4, 0x2, 0x2f,
    0x9b, 0x5, 0xd5, 0x70, 0x8, 0xa1, 0x80, 0x22,
    0x86, 0x0, 0xa3, 0xff, 0xf0, 0x7, 0xff, 0xe,
    0x3b, 0xba, 0x0, 0x3c, 0x23, 0xc0, 0x1f, 0xff,
    0xf0, 0xf, 0xfe, 0x58, 0x80, 0x7f, 0x78, 0x18,
    0x1, 0x68, 0x3, 0x94, 0x1c, 0x1, 0x4b, 0x88,
    0x27, 0x64, 0x1e, 0x0, 0xa0, 0x3b, 0xec, 0x40,
    0x55, 0x0, 0x17, 0x58, 0x80, 0x7, 0x34, 0x0,

    /* U+0135 "ĵ" */
    0x0, 0xc3, 0xdf, 0xa2, 0x1, 0xec, 0x16, 0x2d,
    0x0, 0xeb, 0x2a, 0x98, 0x39, 0x0, 0xd3, 0xca,
    0xf, 0xd6, 0x1, 0x88, 0x40, 0x21, 0x20, 0xf,
    0x5f, 0xc8, 0x7, 0xff, 0xfc, 0x3, 0xff, 0xfe,
    0xc, 0x2, 0x1, 0x90, 0x81, 0x48, 0x30, 0x3,
    0x56, 0xfd, 0x1, 0xa0, 0x6, 0x71, 0x1, 0x6c,
    0x0, 0xc0,

    /* U+0136 "Ķ" */
    0x7f, 0xe0, 0xf, 0xcd, 0xfe, 0x50, 0xf, 0xf9,
    0xa4, 0x25, 0x40, 0x3f, 0xcb, 0x21, 0x2c, 0x1,
    0xfe, 0x5a, 0x8, 0x60, 0xf, 0xf2, 0x50, 0x3b,
    0x80, 0x3f, 0xc9, 0x60, 0xd0, 0x1, 0xfe, 0x3b,
    0x5, 0x90, 0xf, 0xf1, 0xe0, 0x15, 0x0, 0x7f,
    0x8b, 0x40, 0x4, 0x80, 0x1f, 0xc3, 0x82, 0x44,
    0xb, 0x20, 0xf, 0xe1, 0x2c, 0xf0, 0x7, 0x88,
    0x7, 0xe1, 0xc1, 0x2b, 0x2, 0xa0, 0xf, 0xd8,
    0x20, 0x4, 0x90, 0x48, 0x0, 0xf0, 0x90, 0x6,
    0x67, 0x7, 0x50, 0xf, 0xfe, 0x4, 0x20, 0x51,
    0x80, 0x7f, 0xf0, 0x2c, 0xc3, 0x44, 0x3, 0xff,
    0x81, 0xa2, 0x2d, 0x7, 0xfe, 0x0, 0xfc, 0x3d,
    0xf8, 0x1, 0xff, 0xca, 0x1d, 0xd0, 0x80, 0x7f,
    0xf0, 0x48, 0x86, 0x1, 0xff, 0xc0, 0x16, 0x22,
    0x0, 0x7f, 0xf0, 0x52, 0xc0, 0x3f, 0xf8, 0x58,
    0xc0, 0x1f, 0x80,

    /* U+0137 "ķ" */
    0xdf, 0x70, 0xf, 0xff, 0xd1, 0xf7, 0xd0, 0x7,
    0xe3, 0xc1, 0x4a, 0x0, 0xf9, 0x30, 0x12, 0xc0,
    0x3e, 0x5b, 0x4, 0xb0, 0xf, 0x9a, 0x81, 0x2c,
    0x3, 0xe7, 0x90, 0x5, 0x0, 0x7d, 0x30, 0x1,
    0x50, 0x7, 0xc2, 0xf, 0x0, 0x8e, 0x1, 0xf4,
    0x41, 0xd4, 0x21, 0x0, 0x39, 0x9c, 0x1, 0x44,
    0x14, 0x20, 0x1b, 0x80, 0x37, 0x88, 0xb4, 0x3,
    0xf8, 0xa8, 0xe, 0x40, 0x3f, 0x92, 0x1, 0x97,
    0x7d, 0xc0, 0x3c, 0xff, 0xe5, 0x0, 0xff, 0xe2,
    0xbf, 0xb8, 0x7, 0xfb, 0x83, 0x40, 0x3f, 0xd0,
    0x1e, 0x1, 0xfe, 0x41, 0x50, 0xf, 0xf2, 0xf8,
    0x7, 0xc0,

    /* U+0138 "ĸ" */
    0xdf, 0x70, 0xe, 0x3e, 0xfa, 0x0, 0xfc, 0x78,
    0x29, 0x40, 0x1f, 0x26, 0x2, 0x58, 0x7, 0xcb,
    0x60, 0x96, 0x1, 0xf3, 0x50, 0x25, 0x80, 0x7c,
    0xf2, 0x0, 0xa0, 0xf, 0xa6, 0x0, 0x2a, 0x0,
    0xf8, 0x41, 0xe0, 0x11, 0xc0, 0x3e, 0x88, 0x3a,
    0x84, 0x20, 0x7, 0x33, 0x80, 0x28, 0x82, 0x84,
    0x3, 0x70, 0x6, 0xf1, 0x16, 0x80, 0x7f, 0x15,
    0x1, 0xc8, 0x7, 0xf2, 0x40, 0x32, 0x80,

    /* U+0139 "Ĺ" */
    0x0, 0xcf, 0xc, 0x1, 0xfc, 0x39, 0x6, 0xe0,
    0x1f, 0x8b, 0xe, 0x2c, 0x40, 0x3f, 0x22, 0xe3,
    0x80, 0x7f, 0x9a, 0xc, 0x3, 0xfe, 0x7f, 0xe0,
    0xf, 0xff, 0xf8, 0x7, 0xff, 0xfc, 0x3, 0xff,
    0xc4, 0x23, 0xfc, 0x1, 0x87, 0xbb, 0xf8, 0x3,
    0xff, 0x86,

    /* U+013A "ĺ" */
    0x0, 0xaf, 0xf4, 0xc0, 0x71, 0x17, 0x4c, 0x70,
    0xe6, 0x80, 0x3, 0xbe, 0xc0, 0x1f, 0xf6, 0xfb,
    0x80, 0x7f, 0xff, 0xc0, 0x3f, 0xfc, 0x60,

    /* U+013B "Ļ" */
    0x7f, 0xe0, 0xf, 0xff, 0xf8, 0x7, 0xff, 0xfc,
    0x3, 0xff, 0xa8, 0x23, 0xfc, 0x1, 0xf, 0x77,
    0xf0, 0x7, 0xff, 0x9, 0xff, 0xff, 0xe0, 0xf,
    0xfe, 0x3b, 0x7b, 0x80, 0x7f, 0xb8, 0x30, 0x3,
    0xfd, 0x1, 0xa0, 0x1f, 0xe4, 0x6, 0x0, 0xff,
    0x27, 0x0, 0x78,

    /* U+013C "ļ" */
    0xdf, 0x70, 0xf, 0xff, 0x3e, 0xfb, 0x80, 0x53,
    0xe8, 0x41, 0x90, 0x17, 0x63, 0x34, 0xe0, 0x0,

    /* U+013D "Ľ" */
    0x0, 0xfc, 0xfe, 0xa0, 0x7, 0xfe, 0x0, 0xff,
    0xe4, 0x8, 0x7, 0xff, 0x1, 0xc0, 0x3f, 0xc4,
    0x84, 0x1, 0xfe, 0x5b, 0x10, 0xf, 0xff, 0xf8,
    0x7, 0xff, 0x8c, 0x47, 0xf8, 0x2, 0x1e, 0xef,
    0xe0, 0xf, 0xfe, 0x10,

    /* U+013E "ľ" */
    0x0, 0xc9, 0x6b, 0xbe, 0xe0, 0x48, 0x40, 0x1e,
    0x10, 0xf, 0x18, 0x7, 0x84, 0x3, 0x37, 0xa0,
    0x7, 0xff, 0xfc, 0x3, 0xff, 0x88,

    /* U+013F "Ŀ" */
    0x7f, 0xe0, 0xf, 0xff, 0xf8, 0x7, 0xc7, 0xd8,
    0x1, 0xfe, 0xa1, 0x33, 0x0, 0x7f, 0x50, 0x99,
    0x80, 0x3f, 0x8f, 0xb0, 0x3, 0xff, 0xdc, 0x23,
    0xfc, 0x1, 0xf, 0x77, 0xf0, 0x7, 0xff, 0x8,

    /* U+0140 "ŀ" */
    0xdf, 0x70, 0xf, 0xff, 0x6c, 0x7b, 0x80, 0x65,
    0xb, 0x0, 0xd0, 0x90, 0x1, 0x96, 0xd0, 0x3,
    0xff, 0xbc,

    /* U+0141 "Ł" */
    0x0, 0x27, 0xf8, 0x40, 0x3f, 0xfe, 0x7, 0xca,
    0x1, 0xff, 0x4e, 0x9, 0x80, 0x7f, 0xce, 0x38,
    0xc0, 0x1f, 0x8c, 0x0, 0x5e, 0x60, 0x1f, 0x96,
    0x0, 0x18, 0x20, 0x1f, 0x9e, 0x80, 0x3f, 0xf8,
    0x2a, 0x92, 0x1, 0xff, 0xc0, 0x2b, 0x20, 0xf,
    0xff, 0x19, 0x8, 0xfe, 0x0, 0xf6, 0x77, 0x7e,
    0x30, 0xf, 0xfe, 0x18,

    /* U+0142 "ł" */
    0x0, 0xab, 0xec, 0x3, 0xff, 0xd4, 0xac, 0x1,
    0xe4, 0xa8, 0x0, 0xc2, 0x0, 0x2c, 0x0, 0x91,
    0x0, 0xd, 0x20, 0x3, 0xd8, 0x1, 0x0, 0x35,
    0x89, 0x0, 0x7b, 0xbd, 0xc0, 0x3c, 0x42, 0x1,
    0xff, 0xde,

    /* U+0143 "Ń" */
    0x0, 0xfe, 0x78, 0x60, 0xf, 0xf0, 0xe4, 0x1b,
    0x80, 0x7f, 0x16, 0x1c, 0x58, 0x80, 0x7f, 0x22,
    0xe3, 0x80, 0x7f, 0xcd, 0x6, 0x1, 0xe7, 0xfd,
    0x0, 0xfe, 0x7f, 0xf0, 0x0, 0xa8, 0x3, 0xff,
    0x84, 0xae, 0x1, 0xff, 0xc2, 0x84, 0x0, 0xff,
    0xe0, 0x10, 0x51, 0x0, 0x7f, 0x87, 0x80, 0x7c,
    0x3, 0xfe, 0x3a, 0x2, 0xa0, 0xf, 0xf9, 0x5c,
    0x15, 0xc0, 0x3f, 0xe8, 0x40, 0x84, 0x0, 0xff,
    0xa8, 0x42, 0x84, 0x3, 0xfc, 0x3a, 0x3, 0xa0,
    0x1f, 0xf1, 0xc8, 0x1d, 0x0, 0x7f, 0xcc, 0xc0,
    0x5a, 0x0, 0xff, 0xa4, 0xc0, 0x80, 0x3f, 0xf8,
    0x1a, 0x20, 0x1f, 0xfc, 0x11, 0xd0, 0xf, 0xfe,
    0x11, 0xc8, 0x0,

    /* U+0144 "ń" */
    0x0, 0xfb, 0x3f, 0x48, 0x3, 0xe1, 0xc3, 0x5d,
    0x20, 0xf, 0xe, 0x1c, 0xd0, 0x7, 0xf7, 0xf3,
    0x0, 0x7f, 0x9, 0x8, 0x7, 0xb7, 0xd8, 0x63,
    0x7f, 0xd8, 0xe0, 0x1d, 0xfc, 0xe4, 0x0, 0x38,
    0xc0, 0xc, 0xc1, 0x3d, 0xfa, 0xe0, 0x72, 0x1,
    0xad, 0x84, 0xa, 0x18, 0x18, 0x2, 0x34, 0x0,
    0xea, 0x0, 0x10, 0x1, 0x0, 0x3c, 0x40, 0x1,
    0x0, 0x78, 0x7, 0x84, 0x0, 0xe0, 0x1f, 0xff,
    0xf0, 0x8,

    /* U+0145 "Ņ" */
    0x7f, 0xd0, 0xf, 0xe7, 0xff, 0x0, 0xa, 0x80,
    0x3f, 0xf8, 0x4a, 0xe0, 0x1f, 0xfc, 0x28, 0x40,
    0xf, 0xfe, 0x1, 0x5, 0x10, 0x7, 0xf8, 0x78,
    0x7, 0xc0, 0x3f, 0xe3, 0xa0, 0x2a, 0x0, 0xff,
    0x95, 0xc1, 0x5c, 0x3, 0xfe, 0x84, 0x8, 0x40,
    0xf, 0xfa, 0x84, 0x28, 0x40, 0x3f, 0xc3, 0xa0,
    0x3a, 0x1, 0xff, 0x1c, 0x81, 0xd0, 0x7, 0xfc,
    0xcc, 0x5, 0xa0, 0xf, 0xfa, 0x4c, 0x8, 0x3,
    0xff, 0x81, 0xa2, 0x1, 0xff, 0xc1, 0x1d, 0x0,
    0xff, 0xe1, 0x1c, 0x80, 0x1f, 0xf8, 0x3, 0xf9,
    0xbf, 0xc0, 0x1f, 0xfc, 0x94, 0xfa, 0x0, 0xff,
    0xe0, 0x8, 0x20, 0x7, 0xff, 0x1, 0x49, 0xc0,
    0x3f, 0xf8, 0x2, 0x56, 0x1, 0xff, 0xc0, 0x1e,
    0x20, 0xf, 0x0,

    /* U+0146 "ņ" */
    0xdf, 0x61, 0x8d, 0xff, 0x63, 0x80, 0x77, 0xf3,
    0x90, 0x0, 0xe3, 0x0, 0x33, 0x4, 0xf7, 0xeb,
    0x81, 0xc8, 0x6, 0xb6, 0x10, 0x28, 0x60, 0x60,
    0x8, 0xd0, 0x3, 0xa8, 0x0, 0x40, 0x4, 0x0,
    0xf1, 0x0, 0x4, 0x1, 0xe0, 0x1e, 0x10, 0x3,
    0x80, 0x7f, 0xff, 0xc0, 0x2d, 0xf7, 0x0, 0xfb,
    0xfc, 0x80, 0x1f, 0xfc, 0x6b, 0xe3, 0x0, 0xff,
    0x30, 0xa8, 0x7, 0xfa, 0x1, 0xc0, 0x3f, 0xd8,
    0xa2, 0x1, 0xfe, 0x8a, 0x0, 0xf0,

    /* U+0147 "Ň" */
    0x0, 0x8a, 0x18, 0x2, 0x38, 0x50, 0xf, 0x10,
    0x4d, 0x8a, 0xe2, 0xa0, 0x7, 0xd1, 0x4, 0xfa,
    0x3c, 0x10, 0xf, 0xcf, 0x4d, 0x18, 0x20, 0x1f,
    0xe5, 0x87, 0x0, 0xf3, 0xfe, 0x80, 0x7f, 0x3f,
    0xf8, 0x0, 0x54, 0x1, 0xff, 0xc2, 0x57, 0x0,
    0xff, 0xe1, 0x42, 0x0, 0x7f, 0xf0, 0x8, 0x28,
    0x80, 0x3f, 0xc3, 0xc0, 0x3e, 0x1, 0xff, 0x1d,
    0x1, 0x50, 0x7, 0xfc, 0xae, 0xa, 0xe0, 0x1f,
    0xf4, 0x20, 0x42, 0x0, 0x7f, 0xd4, 0x21, 0x42,
    0x1, 0xfe, 0x1d, 0x1, 0xd0, 0xf, 0xf8, 0xe4,
    0xe, 0x80, 0x3f, 0xe6, 0x60, 0x2d, 0x0, 0x7f,
    0xd2, 0x60, 0x40, 0x1f, 0xfc, 0xd, 0x10, 0xf,
    0xfe, 0x8, 0xe8, 0x7, 0xff, 0x8, 0xe4, 0x0,

    /* U+0148 "ň" */
    0x0, 0x47, 0xc8, 0x0, 0xfb, 0x84, 0x1, 0xa1,
    0xda, 0xdb, 0x3, 0x8, 0x3, 0xa1, 0xd2, 0x4b,
    0xc8, 0x3, 0xe8, 0xdd, 0x84, 0x3, 0xf8, 0x88,
    0x1, 0xed, 0xf6, 0x18, 0xdf, 0xf6, 0x38, 0x7,
    0x7f, 0x39, 0x0, 0xe, 0x30, 0x3, 0x30, 0x4f,
    0x7e, 0xb8, 0x1c, 0x80, 0x6b, 0x61, 0x2, 0x86,
    0x6, 0x0, 0x8d, 0x0, 0x3a, 0x80, 0x4, 0x0,
    0x40, 0xf, 0x10, 0x0, 0x40, 0x1e, 0x1, 0xe1,
    0x0, 0x38, 0x7, 0xff, 0xfc, 0x2,

    /* U+0149 "ŉ" */
    0xae, 0x0, 0xff, 0xe1, 0x98, 0x7, 0xff, 0x8,
    0x44, 0x1, 0xff, 0xc3, 0x70, 0xf, 0xfe, 0x18,
    0x85, 0x7c, 0x3, 0xe7, 0xfb, 0x60, 0x40, 0x23,
    0x0, 0x8b, 0x60, 0xc0, 0x4, 0xfe, 0x21, 0x16,
    0x1, 0x29, 0x3f, 0x7f, 0x40, 0xd, 0x1, 0x90,
    0x6, 0x98, 0x10, 0x17, 0x80, 0x42, 0x0, 0xe1,
    0x60, 0xe, 0x60, 0x3, 0x80, 0x72, 0x80, 0x78,
    0x44, 0x6, 0x1, 0xc2, 0x1, 0xff, 0xff, 0x0,
    0xff, 0xe9, 0x80,

    /* U+014A "Ŋ" */
    0x7f, 0xd0, 0xf, 0xe7, 0xff, 0x0, 0xa, 0x80,
    0x3f, 0xf8, 0x4a, 0xe0, 0x1f, 0xfc, 0x28, 0x40,
    0xf, 0xfe, 0x1, 0x5, 0x10, 0x7, 0xf8, 0x78,
    0x7, 0xc0, 0x3f, 0xe3, 0xa0, 0x2a, 0x0, 0xff,
    0x95, 0xc1, 0x5c, 0x3, 0xfe, 0x83, 0x8, 0x40,
    0xf, 0xfb, 0x44, 0x28, 0x40, 0x3f, 0xc3, 0xa0,
    0x3a, 0x1, 0xff, 0x1c, 0x81, 0xd0, 0x7, 0xfc,
    0xcc, 0x5, 0xa0, 0xf, 0xfa, 0x4c, 0x8, 0x3,
    0xff, 0x81, 0xa2, 0x1, 0xff, 0xc1, 0x1d, 0x0,
    0xff, 0xe1, 0x1b, 0x80, 0x1f, 0xf8, 0x3, 0xf8,
    0x40, 0x80, 0x3c, 0xc0, 0x1c, 0xe0, 0xe0, 0x1c,
    0x73, 0xaa, 0x47, 0x62, 0x1c, 0x1, 0xe1, 0x2a,
    0xdc, 0x40, 0x54, 0x0, 0xe3, 0xf7, 0x20, 0x1,
    0xcd, 0x0,

    /* U+014B "ŋ" */
    0xdf, 0x61, 0x8d, 0xff, 0x63, 0x80, 0x77, 0xf3,
    0x90, 0x0, 0xe3, 0x0, 0x33, 0x4, 0xf7, 0xeb,
    0x1, 0xc0, 0x6, 0xb6, 0x10, 0x29, 0x50, 0x70,
    0x8, 0xd0, 0x3, 0xa4, 0x0, 0x40, 0x4, 0x0,
    0xf1, 0x0, 0x4, 0x1, 0xe0, 0x1e, 0x10, 0x3,
    0x80, 0x7f, 0xff, 0xc0, 0x2d, 0xf7, 0x0, 0xfe,
    0x70, 0xf, 0xe2, 0x0, 0x8, 0x7, 0x98, 0x1,
    0x0, 0x24, 0x1, 0xc9, 0x3f, 0xe5, 0x9, 0x0,
    0xf3, 0xa0, 0x81, 0x4b, 0x80,

    /* U+014C "Ō" */
    0x0, 0xe1, 0x22, 0xf8, 0x3, 0xfe, 0xcd, 0xdf,
    0x80, 0x3f, 0xe9, 0xaa, 0xf8, 0x3, 0xfe, 0x45,
    0x5f, 0x80, 0x3f, 0xfa, 0x4b, 0x5b, 0xfe, 0xeb,
    0x60, 0xf, 0xe2, 0xda, 0x52, 0x0, 0xa, 0x4f,
    0x20, 0x7, 0x97, 0x48, 0x12, 0x73, 0x14, 0xa0,
    0x36, 0xe0, 0x18, 0xe8, 0xb, 0x2d, 0x8c, 0xcb,
    0x5c, 0x61, 0xa, 0x1, 0x70, 0xe, 0x18, 0x7,
    0x87, 0xc, 0x28, 0x41, 0x8, 0x28, 0x40, 0x3f,
    0xb8, 0x0, 0xc1, 0xa0, 0x28, 0x1, 0xfe, 0x24,
    0xb, 0x5, 0x4, 0x0, 0xff, 0xe0, 0x18, 0x18,
    0x8, 0x18, 0x7, 0xff, 0x3, 0x80, 0x21, 0x3,
    0x0, 0xff, 0xe0, 0x70, 0x4, 0xa0, 0xe0, 0x1f,
    0xfc, 0x3, 0x3, 0xc, 0x2, 0x40, 0xf, 0xf1,
    0x20, 0x58, 0x29, 0x5, 0x8, 0x7, 0xf7, 0x0,
    0x18, 0x1, 0xc0, 0x38, 0x60, 0x1e, 0x1c, 0x30,
    0xa1, 0x0, 0x1d, 0x1, 0x65, 0xa9, 0x99, 0x67,
    0x8c, 0x1d, 0x40, 0x32, 0xe1, 0x2, 0x56, 0x62,
    0x98, 0x6, 0xe0, 0x3, 0xc7, 0xb4, 0xa4, 0x0,
    0x14, 0x9e, 0x40, 0xc,

    /* U+014D "ō" */
    0x0, 0x27, 0xff, 0xd0, 0x1, 0xcd, 0x11, 0xf5,
    0x80, 0x71, 0x3b, 0xfc, 0x60, 0x1f, 0xfc, 0x84,
    0xad, 0xfe, 0xb5, 0x0, 0xf4, 0xda, 0x90, 0xa,
    0x56, 0x8, 0x5, 0x4c, 0xd, 0x9d, 0xb0, 0x7,
    0x80, 0x4, 0x50, 0x99, 0x18, 0x93, 0xe0, 0x14,
    0x7, 0x1, 0xb0, 0x7, 0x1b, 0x83, 0x3, 0x85,
    0x80, 0x7d, 0x60, 0x22, 0x20, 0x20, 0xf, 0x88,
    0x0, 0x44, 0x2, 0x0, 0xf8, 0x80, 0x4, 0xe1,
    0x60, 0x1f, 0x58, 0x8, 0xb8, 0xd, 0x80, 0x38,
    0xdc, 0x18, 0x11, 0x42, 0x64, 0x62, 0x4f, 0x80,
    0x50, 0x0, 0xa6, 0x6, 0xce, 0xd8, 0x3, 0xc0,
    0xd, 0x36, 0xa4, 0x2, 0x95, 0x82, 0x0,

    /* U+014E "Ŏ" */
    0x0, 0xe5, 0x60, 0xc, 0xae, 0x1, 0xff, 0x6c,
    0xc1, 0xb, 0x56, 0x0, 0x7f, 0xd0, 0xee, 0xde,
    0x95, 0xa0, 0xf, 0xfe, 0x4, 0x7e, 0x63, 0xa8,
    0x40, 0x3f, 0xf8, 0x46, 0x61, 0x0, 0xff, 0xe0,
    0xad, 0x6f, 0xfb, 0xad, 0x80, 0x3f, 0x8b, 0x69,
    0x48, 0x0, 0x29, 0x3c, 0x80, 0x1e, 0x5d, 0x20,
    0x49, 0xcc, 0x52, 0x80, 0xdb, 0x80, 0x63, 0xa0,
    0x2c, 0xb6, 0x33, 0x2d, 0x71, 0x84, 0x28, 0x5,
    0xc0, 0x38, 0x60, 0x1e, 0x1c, 0x30, 0xa1, 0x4,
    0x20, 0xa1, 0x0, 0xfe, 0xe0, 0x3, 0x6, 0x80,
    0xa0, 0x7, 0xf8, 0x90, 0x2c, 0x14, 0x10, 0x3,
    0xff, 0x80, 0x60, 0x60, 0x20, 0x60, 0x1f, 0xfc,
    0xe, 0x0, 0x84, 0xc, 0x3, 0xff, 0x81, 0xc0,
    0x12, 0x83, 0x80, 0x7f, 0xf0, 0xc, 0xc, 0x30,
    0x9, 0x0, 0x3f, 0xc4, 0x81, 0x60, 0xa4, 0x14,
    0x20, 0x1f, 0xdc, 0x0, 0x60, 0x7, 0x0, 0xe1,
    0x80, 0x78, 0x70, 0xc2, 0x84, 0x0, 0x74, 0x5,
    0x96, 0xa6, 0x65, 0x9e, 0x30, 0x75, 0x0, 0xcb,
    0x84, 0x9, 0x59, 0x8a, 0x60, 0x1b, 0x80, 0xf,
    0x1e, 0xd2, 0x90, 0x0, 0x52, 0x79, 0x0, 0x30,

    /* U+014F "ŏ" */
    0x0, 0x1f, 0xb0, 0x4, 0x7e, 0xc0, 0x1c, 0x65,
    0xa, 0x29, 0xc0, 0xe0, 0x1e, 0xf5, 0xae, 0xb0,
    0xb1, 0x0, 0xf1, 0x5f, 0x66, 0xe9, 0x0, 0x3f,
    0x84, 0xc8, 0x3, 0xf9, 0x2b, 0x7f, 0xad, 0x40,
    0x3d, 0x36, 0xa4, 0x2, 0x95, 0x82, 0x1, 0x53,
    0x3, 0x67, 0x6c, 0x1, 0xe0, 0x1, 0x14, 0x26,
    0x46, 0x24, 0xf8, 0x5, 0x1, 0xc0, 0x6c, 0x1,
    0xc6, 0xe0, 0xc0, 0xe1, 0x60, 0x1f, 0x58, 0x8,
    0x88, 0x8, 0x3, 0xe2, 0x0, 0x11, 0x0, 0x80,
    0x3e, 0x20, 0x1, 0x38, 0x58, 0x7, 0xd6, 0x2,
    0x2e, 0x3, 0x60, 0xe, 0x37, 0x6, 0x4, 0x50,
    0x99, 0x18, 0x93, 0xe0, 0x14, 0x0, 0x29, 0x81,
    0xb3, 0xb6, 0x0, 0xf0, 0x3, 0x4d, 0xa9, 0x0,
    0xa5, 0x60, 0x80, 0x0,

    /* U+0150 "Ő" */
    0x0, 0xf8, 0xbf, 0xc6, 0x3d, 0xec, 0x1, 0xff,
    0x78, 0x51, 0xd8, 0xbb, 0x0, 0x7f, 0xa0, 0x9d,
    0x56, 0x48, 0x0, 0xff, 0xab, 0x60, 0x13, 0x6c,
    0x3, 0xff, 0x80, 0x44, 0x0, 0x9, 0x0, 0x7f,
    0xf0, 0x16, 0xb7, 0xfd, 0xd6, 0xc0, 0x1f, 0xc5,
    0xb4, 0xa4, 0x0, 0x14, 0x9e, 0x40, 0xf, 0x2e,
    0x90, 0x24, 0xe6, 0x29, 0x40, 0x6d, 0xc0, 0x31,
    0xd0, 0x16, 0x5b, 0x19, 0x96, 0xb8, 0xc2, 0x14,
    0x2, 0xe0, 0x1c, 0x30, 0xf, 0xe, 0x18, 0x50,
    0x82, 0x10, 0x50, 0x80, 0x7f, 0x70, 0x1, 0x83,
    0x40, 0x50, 0x3, 0xfc, 0x48, 0x16, 0xa, 0x8,
    0x1, 0xff, 0xc0, 0x30, 0x30, 0x10, 0x30, 0xf,
    0xfe, 0x7, 0x0, 0x42, 0x6, 0x1, 0xff, 0xc0,
    0xe0, 0x9, 0x41, 0xc0, 0x3f, 0xf8, 0x6, 0x6,
    0x18, 0x4, 0x80, 0x1f, 0xe2, 0x40, 0xb0, 0x52,
    0xa, 0x10, 0xf, 0xee, 0x0, 0x30, 0x3, 0x80,
    0x70, 0xc0, 0x3c, 0x38, 0x61, 0x42, 0x0, 0x3a,
    0x2, 0xcb, 0x53, 0x32, 0xcf, 0x18, 0x3a, 0x80,
    0x65, 0xc2, 0x4, 0xac, 0xc5, 0x30, 0xd, 0xc0,
    0x7, 0x8f, 0x69, 0x48, 0x0, 0x29, 0x3c, 0x80,
    0x18,

    /* U+0151 "ő" */
    0x0, 0xea, 0xfb, 0x7, 0xfd, 0x0, 0xf2, 0xa8,
    0xac, 0xa0, 0x7c, 0x3, 0x86, 0xc7, 0x3, 0x82,
    0x88, 0x3, 0xd9, 0xe2, 0x1d, 0xc4, 0x0, 0xf0,
    0x90, 0x80, 0x8, 0x40, 0x3e, 0x4a, 0xdf, 0xeb,
    0x50, 0xf, 0x4d, 0xa9, 0x0, 0xa5, 0x60, 0x80,
    0x54, 0xc0, 0xd9, 0xdb, 0x0, 0x78, 0x0, 0x45,
    0x9, 0x91, 0x89, 0x3e, 0x1, 0x40, 0x70, 0x1b,
    0x0, 0x71, 0xb8, 0x30, 0x38, 0x58, 0x7, 0xd6,
    0x2, 0x22, 0x2, 0x0, 0xf8, 0x80, 0x4, 0x40,
    0x20, 0xf, 0x88, 0x0, 0x4e, 0x16, 0x1, 0xf5,
    0x80, 0x8b, 0x80, 0xd8, 0x3, 0x8d, 0xc1, 0x81,
    0x14, 0x26, 0x46, 0x24, 0xf8, 0x5, 0x0, 0xa,
    0x60, 0x6c, 0xed, 0x80, 0x3c, 0x0, 0xd3, 0x6a,
    0x40, 0x29, 0x58, 0x20, 0x0,

    /* U+0152 "Œ" */
    0x0, 0xe5, 0xad, 0xff, 0xff, 0xe2, 0x28, 0x4,
    0x7b, 0x4a, 0x40, 0x1f, 0xfc, 0x76, 0xc2, 0x5,
    0xac, 0xee, 0x98, 0xb, 0xbb, 0xf9, 0x41, 0x24,
    0xf, 0x69, 0x4c, 0x47, 0x0, 0x4, 0x7f, 0x80,
    0x14, 0x5, 0xa4, 0x1, 0xff, 0xc7, 0x51, 0x9,
    0x10, 0xf, 0xfe, 0x46, 0x1, 0x20, 0x7, 0xff,
    0x25, 0x41, 0xc0, 0x3f, 0xe2, 0xff, 0xfc, 0x80,
    0x20, 0x60, 0x1f, 0xfc, 0xa1, 0x3, 0x0, 0xff,
    0x8b, 0xbb, 0xf2, 0x3, 0x3, 0x80, 0x7f, 0xf0,
    0x4, 0x7f, 0x0, 0x3c, 0x9, 0x0, 0x3f, 0xf9,
    0x2a, 0x21, 0x20, 0x1f, 0xfc, 0xaa, 0x2, 0xc2,
    0x0, 0xff, 0xe4, 0x24, 0x81, 0xed, 0x29, 0x88,
    0xe0, 0x0, 0x8f, 0xf8, 0x0, 0xd8, 0x20, 0xb5,
    0x9d, 0xd3, 0x1, 0x77, 0x7f, 0x58, 0x4, 0x7d,
    0x4a, 0x40, 0x1f, 0xfc, 0x50,

    /* U+0153 "œ" */
    0x0, 0x92, 0xb7, 0xfa, 0xd8, 0x3, 0x2d, 0xf7,
    0xec, 0x90, 0x7, 0x4d, 0xa9, 0x0, 0xa4, 0xe0,
    0x8a, 0xe9, 0x4, 0x9, 0xb5, 0xc0, 0x2a, 0x60,
    0x7d, 0xfe, 0x91, 0x3d, 0xa4, 0x1a, 0xef, 0xd6,
    0x8, 0x50, 0x45, 0xa, 0x82, 0x1, 0x6c, 0x3,
    0x41, 0xf5, 0x10, 0x29, 0x80, 0xb0, 0xe0, 0x35,
    0x0, 0xe2, 0x70, 0x4, 0x88, 0x7, 0x39, 0xa,
    0xb8, 0x58, 0x7, 0xd6, 0x0, 0xbb, 0xfc, 0x60,
    0x44, 0x2, 0x0, 0xf8, 0x80, 0x6, 0x89, 0xf0,
    0x87, 0x10, 0x10, 0x7, 0xc4, 0x0, 0xaf, 0xff,
    0xe9, 0x70, 0xb0, 0xf, 0xac, 0x1, 0xe0, 0x1f,
    0xee, 0x3, 0x60, 0xe, 0x37, 0x0, 0x2a, 0x80,
    0x3c, 0xc0, 0x4, 0x50, 0x99, 0x18, 0x93, 0xe0,
    0x23, 0x5, 0x49, 0x80, 0xae, 0x4b, 0x0, 0x29,
    0x81, 0xb3, 0xb6, 0x1, 0x2a, 0x58, 0x1b, 0x3f,
    0xa8, 0xc5, 0x40, 0x29, 0xb5, 0x20, 0x14, 0xab,
    0x10, 0x9b, 0x52, 0x1, 0x38, 0xe3, 0x0,

    /* U+0154 "Ŕ" */
    0x0, 0xfc, 0xd0, 0xe0, 0x1f, 0xf5, 0x4a, 0x28,
    0x7, 0xfa, 0xd5, 0xb0, 0x80, 0x3f, 0x90, 0xee,
    0x40, 0x3f, 0xe4, 0x84, 0x0, 0xf9, 0xff, 0xfe,
    0xeb, 0x60, 0xf, 0xfe, 0x0, 0xa4, 0xe9, 0x0,
    0x61, 0xee, 0xdb, 0x6c, 0x5, 0x82, 0x1, 0x84,
    0x71, 0x24, 0xe0, 0xc, 0x0, 0x7f, 0xc6, 0xc0,
    0xe0, 0x1f, 0xfc, 0xc, 0x1, 0x0, 0xff, 0xe7,
    0xe0, 0x8, 0x7, 0xfc, 0x6c, 0xc, 0x1, 0x84,
    0x78, 0xe3, 0x0, 0x64, 0x2, 0x1e, 0xee, 0xc7,
    0x2, 0xc1, 0x0, 0xff, 0x97, 0x48, 0x3, 0xf,
    0xff, 0x40, 0x29, 0x0, 0x7f, 0xce, 0x61, 0xe0,
    0x1f, 0xfc, 0xd, 0x12, 0x90, 0xf, 0xf8, 0x6c,
    0x19, 0x0, 0x3f, 0xe5, 0x60, 0xa1,

    /* U+0155 "ŕ" */
    0x0, 0xcd, 0xfe, 0x60, 0xc, 0xf2, 0x38, 0xc0,
    0x13, 0xc1, 0xf9, 0x80, 0x64, 0xcc, 0x8, 0x7,
    0x19, 0x80, 0x3b, 0x7d, 0x86, 0x37, 0xc0, 0x30,
    0xfb, 0x90, 0x7, 0x40, 0xa5, 0x58, 0x7, 0x45,
    0xaa, 0x0, 0x62, 0x70, 0xf, 0x90, 0x3, 0xf7,
    0x0, 0x7f, 0xfc, 0x0,

    /* U+0156 "Ŗ" */
    0x7f, 0xff, 0xba, 0xd8, 0x3, 0xff, 0x80, 0x29,
    0x3a, 0x40, 0x18, 0x7b, 0xb6, 0xdb, 0x1, 0x60,
    0x80, 0x61, 0x1c, 0x49, 0x38, 0x3, 0x0, 0x1f,
    0xf1, 0xb0, 0x38, 0x7, 0xff, 0x3, 0x0, 0x40,
    0x3f, 0xf9, 0xf8, 0x2, 0x1, 0xff, 0x1b, 0x3,
    0x0, 0x61, 0x1e, 0x38, 0xc0, 0x19, 0x0, 0x87,
    0xbb, 0xb1, 0xc0, 0xb0, 0x40, 0x3f, 0xe5, 0xd2,
    0x0, 0xc3, 0xff, 0xd0, 0xa, 0x40, 0x1f, 0xf3,
    0x98, 0x78, 0x7, 0xff, 0x3, 0x44, 0xa4, 0x3,
    0xfe, 0x1b, 0x6, 0x40, 0xf, 0xf9, 0x58, 0x28,
    0x5f, 0xf8, 0x3, 0xf4, 0xff, 0x8, 0x7, 0xff,
    0x20, 0x7b, 0x0, 0x3f, 0xf8, 0x6, 0x26, 0x20,
    0x1f, 0xf1, 0x29, 0x88, 0x7, 0xff, 0x1, 0x24,
    0x3, 0xff, 0x83, 0xea, 0x1, 0xf0,

    /* U+0157 "ŗ" */
    0xdf, 0x61, 0x8d, 0xf0, 0x8, 0x7d, 0xc8, 0x3,
    0x40, 0xa5, 0x58, 0x6, 0x8b, 0x54, 0x0, 0x89,
    0xc0, 0x3c, 0x80, 0x1f, 0x70, 0x7, 0xff, 0xa7,
    0x7d, 0xc0, 0x3f, 0xf8, 0x33, 0xe8, 0x1, 0xc4,
    0x18, 0x1, 0xd0, 0x16, 0x1, 0xd6, 0x66, 0x0,
    0xe9, 0xc0, 0xf, 0x0,

    /* U+0158 "Ř" */
    0x0, 0xb, 0xb8, 0x2, 0x17, 0x70, 0x7, 0x84,
    0xa3, 0x48, 0xfe, 0x50, 0x3, 0xe5, 0xb2, 0xdc,
    0xc, 0x30, 0xf, 0xc9, 0x8e, 0xec, 0x20, 0xf,
    0xf1, 0xc4, 0x8, 0x3, 0xcf, 0xff, 0xf7, 0x5b,
    0x0, 0x7f, 0xf0, 0x5, 0x27, 0x48, 0x3, 0xf,
    0x76, 0xdb, 0x60, 0x2c, 0x10, 0xc, 0x23, 0x89,
    0x27, 0x0, 0x60, 0x3, 0xfe, 0x36, 0x7, 0x0,
    0xff, 0xe0, 0x60, 0x8, 0x7, 0xff, 0x3f, 0x0,
    0x40, 0x3f, 0xe3, 0x60, 0x60, 0xc, 0x23, 0xc7,
    0x18, 0x3, 0x20, 0x10, 0xf7, 0x76, 0x38, 0x16,
    0x8, 0x7, 0xfc, 0xba, 0x40, 0x18, 0x7f, 0xfa,
    0x1, 0x48, 0x3, 0xfe, 0x73, 0xf, 0x0, 0xff,
    0xe0, 0x68, 0x94, 0x80, 0x7f, 0xc3, 0x60, 0xc8,
    0x1, 0xff, 0x2b, 0x5, 0x8,

    /* U+0159 "ř" */
    0x3f, 0xd2, 0x0, 0x5f, 0xb1, 0xe1, 0x62, 0xea,
    0x4b, 0x1, 0xe0, 0xd1, 0x4b, 0x0, 0x47, 0xb9,
    0xac, 0x1, 0xc4, 0x64, 0x1, 0xb7, 0xd8, 0x63,
    0x7c, 0x3, 0xf, 0xb9, 0x0, 0x74, 0xa, 0x55,
    0x80, 0x74, 0x5a, 0xa0, 0x6, 0x27, 0x0, 0xf9,
    0x0, 0x3f, 0x70, 0x7, 0xff, 0xbc,

    /* U+015A "Ś" */
    0x0, 0xfe, 0x78, 0x60, 0xf, 0xe1, 0xc8, 0x37,
    0x0, 0xfc, 0x58, 0x71, 0x62, 0x1, 0xf9, 0x17,
    0x1c, 0x3, 0xfc, 0xd0, 0x60, 0x1f, 0xcd, 0x7d,
    0xfe, 0xda, 0x50, 0xc, 0x5d, 0x28, 0x20, 0x2,
    0x5a, 0xd1, 0x0, 0x60, 0x8a, 0x37, 0xb9, 0x6e,
    0x23, 0x3, 0x8, 0x63, 0x90, 0x89, 0x23, 0xb8,
    0x0, 0xf0, 0x32, 0x0, 0xf8, 0x80, 0x2, 0x4,
    0x1, 0xff, 0x58, 0xe, 0x18, 0x7, 0xf1, 0xc0,
    0x1e, 0x6c, 0xa8, 0x80, 0x79, 0xed, 0x0, 0x9a,
    0xbb, 0x14, 0x3, 0x92, 0xfa, 0x98, 0x80, 0xea,
    0xc0, 0x3c, 0x2b, 0x3b, 0xa5, 0x4, 0x70, 0xf,
    0xe2, 0xa4, 0xb, 0x0, 0xff, 0xb0, 0x8, 0x16,
    0x0, 0x3f, 0x58, 0x28, 0x43, 0xf4, 0x21, 0x9,
    0x2e, 0x18, 0x78, 0x71, 0xb, 0xde, 0xf6, 0xd1,
    0x84, 0xa0, 0x1e, 0xdb, 0x10, 0x80, 0x9b, 0xeb,
    0x0,

    /* U+015B "ś" */
    0x0, 0xf1, 0x77, 0xd0, 0x7, 0xc5, 0x83, 0x14,
    0x1, 0xe3, 0xc0, 0xb7, 0x0, 0xf8, 0x77, 0xd0,
    0x3, 0xf1, 0x18, 0x80, 0x7c, 0x31, 0x9f, 0xee,
    0xb7, 0x10, 0x1, 0x7b, 0x98, 0x0, 0x52, 0x28,
    0x1, 0x22, 0x2b, 0xef, 0xd9, 0x38, 0x0, 0x20,
    0x5a, 0x8, 0x13, 0x61, 0x80, 0x4, 0x30, 0x3,
    0xf9, 0x81, 0xb6, 0x54, 0x80, 0x3a, 0x1c, 0x9,
    0xab, 0x7a, 0x44, 0x2, 0x8f, 0xb8, 0x52, 0x16,
    0xd0, 0xe, 0x47, 0xad, 0xa0, 0x33, 0x0, 0x80,
    0x79, 0x40, 0xe, 0x1f, 0x8c, 0x40, 0x3, 0xa0,
    0x2, 0x98, 0x9c, 0xef, 0xfb, 0x14, 0x24, 0x4f,
    0xa1, 0x4, 0x0, 0x4d, 0xac, 0x0,

    /* U+015C "Ŝ" */
    0x0, 0xf2, 0xc3, 0x80, 0x7f, 0x9e, 0x9a, 0x30,
    0x40, 0x3e, 0x78, 0x4e, 0xa3, 0xc1, 0x0, 0xe2,
    0xf9, 0xb0, 0x5d, 0x57, 0x0, 0xe2, 0x86, 0x0,
    0x8a, 0x18, 0x3, 0xcd, 0x7d, 0xfe, 0xda, 0x50,
    0xc, 0x5d, 0x28, 0x20, 0x2, 0x5a, 0xd1, 0x0,
    0x60, 0x8a, 0x37, 0xb9, 0x6e, 0x23, 0x3, 0x8,
    0x63, 0x90, 0x89, 0x23, 0xb8, 0x0, 0xf0, 0x32,
    0x0, 0xf8, 0x80, 0x2, 0x4, 0x1, 0xff, 0x58,
    0xe, 0x18, 0x7, 0xf1, 0xc0, 0x1e, 0x6c, 0xa8,
    0x80, 0x79, 0xed, 0x0, 0x9a, 0xbb, 0x14, 0x3,
    0x92, 0xfa, 0x98, 0x80, 0xea, 0xc0, 0x3c, 0x2b,
    0x3b, 0xa5, 0x4, 0x70, 0xf, 0xe2, 0xa4, 0xb,
    0x0, 0xff, 0xb0, 0x8, 0x16, 0x0, 0x3f, 0x58,
    0x28, 0x43, 0xf4, 0x21, 0x9, 0x2e, 0x18, 0x78,
    0x71, 0xb, 0xde, 0xf6, 0xd1, 0x84, 0xa0, 0x1e,
    0xdb, 0x10, 0x80, 0x9b, 0xeb, 0x0,

    /* U+015D "ŝ" */
    0x0, 0xd5, 0xfe, 0x80, 0xf, 0xa9, 0x50, 0xde,
    0x0, 0x3a, 0x55, 0xaf, 0x15, 0xe0, 0x3, 0x56,
    0x48, 0x2, 0xb2, 0xc0, 0x31, 0x98, 0x3, 0x19,
    0x80, 0x30, 0xc6, 0x7f, 0xba, 0xdc, 0x40, 0x5,
    0xee, 0x60, 0x1, 0x48, 0xa0, 0x4, 0x88, 0xaf,
    0xbf, 0x64, 0xe0, 0x0, 0x81, 0x68, 0x20, 0x4d,
    0x86, 0x0, 0x10, 0xc0, 0xf, 0xe6, 0x6, 0xd9,
    0x52, 0x0, 0xe8, 0x70, 0x26, 0xad, 0xe9, 0x10,
    0xa, 0x3e, 0xe1, 0x48, 0x5b, 0x40, 0x39, 0x1e,
    0xb6, 0x80, 0xcc, 0x2, 0x1, 0xe5, 0x0, 0x38,
    0x7e, 0x31, 0x0, 0xe, 0x80, 0xa, 0x62, 0x73,
    0xbf, 0xec, 0x50, 0x91, 0x3e, 0x84, 0x10, 0x1,
    0x36, 0xb0, 0x0,

    /* U+015E "Ş" */
    0x0, 0xcd, 0x7d, 0xfe, 0xda, 0x50, 0xc, 0x5d,
    0x28, 0x20, 0x2, 0x5a, 0xd1, 0x0, 0x60, 0x8a,
    0x37, 0xb9, 0x6e, 0x23, 0x3, 0x8, 0x63, 0x90,
    0x89, 0x23, 0xb8, 0x0, 0xf0, 0x32, 0x0, 0xf8,
    0x80, 0x2, 0x4, 0x1, 0xff, 0x58, 0xe, 0x18,
    0x7, 0xf1, 0xc0, 0x1e, 0x6c, 0xa8, 0x80, 0x79,
    0xed, 0x0, 0x9a, 0xbb, 0x14, 0x3, 0x92, 0xfa,
    0x98, 0x80, 0xea, 0xc0, 0x3c, 0x2b, 0x3b, 0xa5,
    0x4, 0x70, 0xf, 0xe2, 0xa4, 0xb, 0x0, 0xff,
    0xb0, 0x8, 0x16, 0x0, 0x3f, 0x58, 0x28, 0x43,
    0xf4, 0x21, 0x9, 0x2e, 0x18, 0x78, 0x71, 0xb,
    0xde, 0xf6, 0xd1, 0x84, 0xa0, 0x1e, 0xdb, 0x10,
    0x80, 0xd, 0xf5, 0x80, 0x32, 0x4e, 0xe0, 0x6e,
    0x41, 0x0, 0x7e, 0x40, 0xf5, 0x0, 0xff, 0x37,
    0x35, 0x0, 0x7f, 0x19, 0x3, 0x80, 0x7f, 0xbf,
    0x78, 0xe4, 0x3, 0xfb, 0x37, 0x3d, 0x80, 0x30,

    /* U+015F "ş" */
    0x0, 0xc, 0x67, 0xfb, 0xad, 0xc4, 0x0, 0x5e,
    0xe6, 0x0, 0x14, 0x8a, 0x0, 0x48, 0x8a, 0xfb,
    0xf6, 0x4e, 0x0, 0x8, 0x16, 0x82, 0x4, 0xd8,
    0x60, 0x1, 0xc, 0x0, 0xfe, 0x60, 0x6d, 0x95,
    0x20, 0xe, 0x87, 0x2, 0x6a, 0xde, 0x91, 0x0,
    0xa3, 0xee, 0x14, 0x85, 0xb4, 0x3, 0x91, 0xeb,
    0x68, 0xc, 0xc0, 0x20, 0x1e, 0x50, 0x3, 0x87,
    0xe3, 0x10, 0x0, 0xe8, 0x0, 0xa6, 0x27, 0x3b,
    0xfe, 0xc5, 0x9, 0x13, 0xe8, 0x41, 0x0, 0x13,
    0x6b, 0x0, 0x5, 0xef, 0x86, 0x76, 0x48, 0x3,
    0xc4, 0x30, 0xe0, 0x1f, 0x8b, 0xda, 0xc, 0x3,
    0xc4, 0x62, 0x1, 0xfd, 0x79, 0xce, 0xc6, 0x1,
    0xe9, 0xdc, 0xe9, 0x0, 0xc0,

    /* U+0160 "Š" */
    0x0, 0x8a, 0x18, 0x2, 0x38, 0x60, 0xe, 0x20,
    0x9b, 0x15, 0xc5, 0x70, 0xf, 0x44, 0x13, 0xe8,
    0xf0, 0x40, 0x3e, 0x7a, 0x68, 0xc1, 0x0, 0xfe,
    0x58, 0x70, 0xf, 0xe6, 0xbe, 0xff, 0x6d, 0x28,
    0x6, 0x2e, 0x94, 0x10, 0x1, 0x2d, 0x68, 0x80,
    0x30, 0x45, 0x1b, 0xdc, 0xb7, 0x11, 0x81, 0x84,
    0x31, 0xc8, 0x44, 0x91, 0xdc, 0x0, 0x78, 0x19,
    0x0, 0x7c, 0x40, 0x1, 0x2, 0x0, 0xff, 0xac,
    0x7, 0xc, 0x3, 0xf8, 0xe0, 0xf, 0x36, 0x54,
    0x40, 0x3c, 0xf6, 0x80, 0x4d, 0x5d, 0x8a, 0x1,
    0xc9, 0x7d, 0x4c, 0x40, 0x75, 0x60, 0x1e, 0x15,
    0x9d, 0xd2, 0x82, 0x38, 0x7, 0xf1, 0x52, 0x5,
    0x80, 0x7f, 0xd8, 0x4, 0xb, 0x0, 0x1f, 0xac,
    0x14, 0x21, 0xfa, 0x10, 0x84, 0x97, 0xc, 0x3c,
    0x38, 0x85, 0xef, 0x7b, 0x68, 0xc2, 0x50, 0xf,
    0x6d, 0x88, 0x40, 0x4d, 0xf5, 0x80,

    /* U+0161 "š" */
    0x0, 0x67, 0xa8, 0x1, 0xfe, 0xc0, 0x36, 0x9d,
    0x44, 0xc2, 0x58, 0x6, 0x1d, 0x37, 0x64, 0xb0,
    0xf, 0xe, 0x65, 0x60, 0x1f, 0xc6, 0x60, 0xf,
    0x86, 0x33, 0xfd, 0xd6, 0xe2, 0x0, 0x2f, 0x73,
    0x0, 0xa, 0x45, 0x0, 0x24, 0x45, 0x7d, 0xfb,
    0x27, 0x0, 0x4, 0xb, 0x41, 0x2, 0x6c, 0x30,
    0x0, 0x86, 0x0, 0x7f, 0x30, 0x36, 0xca, 0x90,
    0x7, 0x43, 0x81, 0x35, 0x6f, 0x48, 0x80, 0x51,
    0xf7, 0xa, 0x42, 0xda, 0x1, 0xc8, 0xf5, 0xb4,
    0x6, 0x60, 0x10, 0xf, 0x28, 0x1, 0xc3, 0xf1,
    0x88, 0x0, 0x74, 0x0, 0x53, 0x13, 0x9d, 0xff,
    0x62, 0x84, 0x89, 0xf4, 0x20, 0x80, 0x9, 0xb5,
    0x80,

    /* U+0162 "Ţ" */
    0xef, 0xff, 0xfe, 0x8, 0x7, 0xff, 0xb, 0xfb,
    0xb6, 0x0, 0x2b, 0xbb, 0x84, 0x7c, 0x0, 0x61,
    0x1e, 0x0, 0xff, 0xff, 0x80, 0x7f, 0xff, 0xc0,
    0x3f, 0xfb, 0x24, 0x48, 0x30, 0xf, 0xf0, 0x95,
    0x30, 0x7, 0xf8, 0x75, 0x65, 0x0, 0x3f, 0x11,
    0x9b, 0xc0, 0x40, 0x3f, 0x2e, 0x74, 0x2a, 0x80,
    0x3f, 0x3e, 0xe7, 0x50, 0x7, 0x0,

    /* U+0163 "ţ" */
    0x0, 0x3f, 0xe8, 0x7, 0xff, 0x36, 0xbe, 0x0,
    0xbf, 0xe7, 0x3, 0x10, 0x8, 0x47, 0x4, 0xf4,
    0x1, 0x77, 0x4c, 0x1, 0xff, 0xf5, 0x30, 0xf,
    0x8c, 0x5, 0xc0, 0x54, 0x2, 0x43, 0x8, 0xfe,
    0xa1, 0x0, 0xb1, 0x80, 0x4, 0xe0, 0x1d, 0x26,
    0xfb, 0x2, 0x1, 0x84, 0xda, 0x40, 0x3c, 0x3f,
    0x2c, 0xa0, 0x18, 0x4c, 0x40, 0x3e, 0x6c, 0xe8,
    0x55, 0x0, 0x67, 0xdc, 0xea, 0x0, 0x0,

    /* U+0164 "Ť" */
    0x0, 0x9d, 0xc2, 0x1, 0x3b, 0x80, 0x3c, 0x71,
    0xe6, 0x5b, 0x6, 0x1, 0xe4, 0xc0, 0xcd, 0x2b,
    0x40, 0xf, 0x8f, 0x1d, 0xd8, 0x80, 0x1f, 0xc5,
    0x10, 0x30, 0xe, 0xef, 0xff, 0xfe, 0x8, 0x7,
    0xff, 0xb, 0xfb, 0xb6, 0x0, 0x2b, 0xbb, 0x84,
    0x7c, 0x0, 0x61, 0x1e, 0x0, 0xff, 0xff, 0x80,
    0x7f, 0xff, 0xc0, 0x3f, 0xfa, 0x80,

    /* U+0165 "ť" */
    0x0, 0xf1, 0x7c, 0x80, 0x7f, 0xf0, 0x84, 0x40,
    0x10, 0x80, 0x4f, 0xd8, 0x1, 0x78, 0x7, 0xc5,
    0xce, 0x1, 0xf8, 0x40, 0x15, 0xf0, 0x5, 0xff,
    0x38, 0x18, 0x80, 0x42, 0x38, 0x27, 0xa0, 0xb,
    0xba, 0x60, 0xf, 0xff, 0xa9, 0x80, 0x7c, 0x60,
    0x2e, 0x2, 0xa0, 0x12, 0x18, 0x47, 0xf5, 0x8,
    0x5, 0x8c, 0x20, 0x4e, 0x0,

    /* U+0166 "Ŧ" */
    0xef, 0xff, 0xfe, 0x8, 0x7, 0xff, 0xb, 0xfb,
    0xb6, 0x0, 0x2b, 0xbb, 0x84, 0x7c, 0x0, 0x61,
    0x1e, 0x0, 0xff, 0xf7, 0x67, 0xfb, 0x40, 0x19,
    0xfe, 0xd0, 0xc, 0xe2, 0x20, 0xc, 0x23, 0x0,
    0x6b, 0xee, 0x68, 0x3, 0x3b, 0x98, 0x1, 0xff,
    0xff, 0x0, 0xff, 0x80,

    /* U+0167 "ŧ" */
    0x0, 0x2f, 0xf8, 0x3, 0xff, 0x9b, 0x1f, 0x40,
    0xf, 0xfa, 0x43, 0xc4, 0x2, 0x11, 0xc0, 0xfd,
    0x40, 0xe, 0xea, 0x0, 0x3f, 0xf9, 0x27, 0xf4,
    0x0, 0xff, 0x94, 0x5, 0x40, 0x25, 0x59, 0x80,
    0xaa, 0x80, 0xa, 0xa8, 0xc0, 0x3f, 0xf9, 0x6e,
    0x0, 0x90, 0x2, 0x80, 0x44, 0xa0, 0xdf, 0xea,
    0x30, 0xa, 0x9c, 0x80, 0x58, 0x80,

    /* U+0168 "Ũ" */
    0x0, 0xff, 0x8, 0x80, 0x3e, 0x8f, 0xe4, 0x0,
    0x63, 0x0, 0x78, 0x9d, 0xeb, 0x55, 0x12, 0x0,
    0x79, 0x6, 0x26, 0x55, 0x45, 0x30, 0xf, 0x26,
    0x80, 0x1b, 0xb6, 0x80, 0x3e, 0x23, 0x0, 0x84,
    0x80, 0x3a, 0xbf, 0x0, 0x3f, 0xb3, 0xe4, 0x3,
    0xff, 0xfe, 0x1, 0xff, 0xe1, 0x30, 0xf, 0xfe,
    0x20, 0x80, 0x7f, 0x8, 0xf, 0x1, 0x0, 0x7f,
    0x10, 0x72, 0x0, 0x14, 0x3, 0xe5, 0x0, 0x21,
    0x98, 0x2c, 0x40, 0x38, 0x6c, 0xc, 0x83, 0xc0,
    0x7d, 0xcc, 0x8e, 0x3c, 0x43, 0xc0, 0x7, 0x60,
    0x31, 0x9b, 0x8e, 0x22, 0xb3, 0x0, 0x93, 0xa0,
    0xc4, 0x4, 0xe3, 0xd0, 0x0,

    /* U+0169 "ũ" */
    0x0, 0xd, 0xfc, 0x80, 0x13, 0xc0, 0x3a, 0x15,
    0xdd, 0x65, 0xc6, 0x1, 0xc9, 0x31, 0xef, 0xab,
    0x0, 0x1d, 0xcc, 0x3, 0x98, 0xe4, 0x0, 0xe3,
    0x10, 0x8, 0xc4, 0x3, 0x7f, 0x98, 0x3, 0xc9,
    0xfe, 0x0, 0xff, 0xff, 0x80, 0x61, 0x0, 0xfc,
    0x20, 0x11, 0x87, 0x0, 0x7b, 0x40, 0x27, 0x6,
    0x0, 0xe1, 0x60, 0xa, 0x40, 0x6c, 0x80, 0x9,
    0x82, 0x1, 0x1b, 0x82, 0x6f, 0xfa, 0xc9, 0x80,
    0x34, 0x5a, 0x8, 0xa, 0xe5, 0x80, 0x40,

    /* U+016A "Ū" */
    0x0, 0xc4, 0x5f, 0x0, 0x7c, 0xdb, 0xbf, 0x30,
    0x7, 0x92, 0xab, 0xe4, 0x0, 0xf1, 0x2a, 0xfc,
    0x40, 0x1f, 0xfc, 0x6a, 0xfc, 0x0, 0xfe, 0xcf,
    0x90, 0xf, 0xff, 0xf8, 0x7, 0xff, 0x84, 0xc0,
    0x3f, 0xf8, 0x82, 0x1, 0xfc, 0x20, 0x3c, 0x4,
    0x1, 0xfc, 0x41, 0xc8, 0x0, 0x50, 0xf, 0x94,
    0x0, 0x86, 0x60, 0xb1, 0x0, 0xe1, 0xb0, 0x32,
    0xf, 0x1, 0xf7, 0x32, 0x38, 0xf1, 0xf, 0x0,
    0x1d, 0x80, 0xc6, 0x6e, 0x38, 0x8a, 0xcc, 0x2,
    0x4e, 0x83, 0x10, 0x13, 0x8f, 0x40, 0x0,

    /* U+016B "ū" */
    0x0, 0x6f, 0xff, 0xc0, 0x1d, 0x71, 0x1f, 0x0,
    0x73, 0x3b, 0xfc, 0x1, 0xff, 0xc4, 0xff, 0x30,
    0x7, 0x93, 0xfc, 0x1, 0xff, 0xff, 0x0, 0xc2,
    0x1, 0xf8, 0x40, 0x23, 0xe, 0x0, 0xf6, 0x80,
    0x4e, 0xc, 0x1, 0xc2, 0xc0, 0x14, 0x80, 0xd9,
    0x0, 0x13, 0x4, 0x2, 0x37, 0x4, 0xdf, 0xf5,
    0x93, 0x0, 0x68, 0xb4, 0x10, 0x15, 0xcb, 0x0,
    0x80,

    /* U+016C "Ŭ" */
    0x0, 0x8a, 0x8, 0x2, 0x28, 0x20, 0xf, 0x9f,
    0x8c, 0x4f, 0x9c, 0x3, 0xe2, 0xb1, 0xce, 0xc1,
    0xb2, 0x0, 0xf9, 0x37, 0x59, 0xba, 0x40, 0xf,
    0xf1, 0x19, 0x0, 0x7a, 0xbf, 0x0, 0x3f, 0xb3,
    0xe4, 0x3, 0xff, 0xfe, 0x1, 0xff, 0xe1, 0x30,
    0xf, 0xfe, 0x20, 0x80, 0x7f, 0x8, 0xf, 0x1,
    0x0, 0x7f, 0x10, 0x72, 0x0, 0x14, 0x3, 0xe5,
    0x0, 0x21, 0x98, 0x2c, 0x40, 0x38, 0x6c, 0xc,
    0x83, 0xc0, 0x7d, 0xcc, 0x8e, 0x3c, 0x43, 0xc0,
    0x7, 0x60, 0x31, 0x9b, 0x8e, 0x22, 0xb3, 0x0,
    0x93, 0xa0, 0xc4, 0x4, 0xe3, 0xd0, 0x0,

    /* U+016D "ŭ" */
    0x0, 0x66, 0x80, 0x6b, 0xe0, 0xe, 0xa2, 0x92,
    0x24, 0x23, 0x0, 0x73, 0x43, 0x6e, 0x9d, 0xd0,
    0x1, 0xe7, 0xfd, 0xcf, 0x80, 0xf, 0xe2, 0x30,
    0xf, 0x7f, 0x98, 0x3, 0xc9, 0xfe, 0x0, 0xff,
    0xff, 0x80, 0x61, 0x0, 0xfc, 0x20, 0x11, 0x87,
    0x0, 0x7b, 0x40, 0x27, 0x6, 0x0, 0xe1, 0x60,
    0xa, 0x40, 0x6c, 0x80, 0x9, 0x82, 0x1, 0x1b,
    0x82, 0x6f, 0xfa, 0xc9, 0x80, 0x34, 0x5a, 0x8,
    0xa, 0xe5, 0x80, 0x40,

    /* U+016E "Ů" */
    0x0, 0xe2, 0xbe, 0xa1, 0x0, 0xff, 0x79, 0xe1,
    0x68, 0x7, 0xf0, 0x94, 0x14, 0x18, 0x80, 0x7e,
    0x11, 0x20, 0x28, 0x88, 0x3, 0xfb, 0x67, 0xe3,
    0x40, 0x3f, 0xc7, 0xbf, 0xa6, 0x1, 0xff, 0xc8,
    0xaf, 0xc0, 0xf, 0xec, 0xf9, 0x0, 0xff, 0xff,
    0x80, 0x7f, 0xf8, 0x4c, 0x3, 0xff, 0x88, 0x20,
    0x1f, 0xc2, 0x3, 0xc0, 0x40, 0x1f, 0xc4, 0x1c,
    0x80, 0x5, 0x0, 0xf9, 0x40, 0x8, 0x66, 0xb,
    0x10, 0xe, 0x1b, 0x3, 0x20, 0xf0, 0x1f, 0x73,
    0x23, 0x8f, 0x10, 0xf0, 0x1, 0xd8, 0xc, 0x66,
    0xe3, 0x88, 0xac, 0xc0, 0x24, 0xe8, 0x31, 0x1,
    0x38, 0xf4, 0x0, 0x0,

    /* U+016F "ů" */
    0x0, 0xcd, 0xba, 0x70, 0xf, 0xc9, 0x13, 0xd4,
    0xc0, 0x1f, 0x63, 0x21, 0xde, 0x0, 0x7d, 0xa8,
    0x21, 0xba, 0x0, 0xf9, 0x55, 0xde, 0x2e, 0x1,
    0xfa, 0x7f, 0xd4, 0x1, 0xff, 0xc6, 0xff, 0x30,
    0x7, 0x93, 0xfc, 0x1, 0xff, 0xff, 0x0, 0xc2,
    0x1, 0xf8, 0x40, 0x23, 0xe, 0x0, 0xf6, 0x80,
    0x4e, 0xc, 0x1, 0xc2, 0xc0, 0x14, 0x80, 0xd9,
    0x0, 0x13, 0x4, 0x2, 0x37, 0x4, 0xdf, 0xf5,
    0x93, 0x0, 0x68, 0xb4, 0x10, 0x15, 0xcb, 0x0,
    0x80,

    /* U+0170 "Ű" */
    0x0, 0xf5, 0xfc, 0x84, 0xfe, 0x0, 0x7c, 0xc8,
    0x72, 0x8c, 0x5a, 0x1, 0xe2, 0x92, 0xd0, 0xa0,
    0xf1, 0x0, 0xf1, 0xee, 0x8, 0x67, 0x10, 0x7,
    0xc2, 0x42, 0x0, 0x21, 0x0, 0xd5, 0xf8, 0x1,
    0xfd, 0x9f, 0x20, 0x1f, 0xff, 0xf0, 0xf, 0xff,
    0x9, 0x80, 0x7f, 0xf1, 0x4, 0x3, 0xf8, 0x40,
    0x78, 0x8, 0x3, 0xf8, 0x83, 0x90, 0x0, 0xa0,
    0x1f, 0x28, 0x1, 0xc, 0xc1, 0x62, 0x1, 0xc3,
    0x60, 0x64, 0x1e, 0x3, 0xee, 0x64, 0x71, 0xe2,
    0x1e, 0x0, 0x3b, 0x1, 0x8c, 0xdc, 0x71, 0x15,
    0x98, 0x4, 0x9d, 0x6, 0x20, 0x27, 0x1e, 0x80,
    0x0,

    /* U+0171 "ű" */
    0x0, 0xc7, 0xfe, 0x31, 0xef, 0x50, 0xe, 0xe0,
    0xa3, 0xa1, 0x75, 0x0, 0xd2, 0x50, 0xaa, 0x45,
    0x80, 0xe, 0xbd, 0x70, 0x4d, 0xa0, 0xf, 0x11,
    0x0, 0x2, 0x40, 0x1b, 0xfc, 0xc0, 0x1e, 0x4f,
    0xf0, 0x7, 0xff, 0xfc, 0x3, 0x8, 0x7, 0xe1,
    0x0, 0x8c, 0x38, 0x3, 0xda, 0x1, 0x38, 0x30,
    0x7, 0xb, 0x0, 0x52, 0x3, 0x64, 0x0, 0x4c,
    0x10, 0x8, 0xdc, 0x13, 0x7f, 0xd6, 0x4c, 0x1,
    0xa2, 0xd0, 0x40, 0x57, 0x2c, 0x2,

    /* U+0172 "Ų" */
    0xaf, 0xc0, 0xf, 0xec, 0xf9, 0x0, 0xff, 0xff,
    0x80, 0x7f, 0xf8, 0x4c, 0x3, 0xff, 0x88, 0x20,
    0x1f, 0xc2, 0x3, 0xc0, 0x40, 0x1f, 0xc4, 0x1c,
    0x60, 0x5, 0x0, 0xf9, 0x0, 0x8, 0x81, 0x8,
    0x10, 0xe, 0x19, 0x3, 0x20, 0xb0, 0x2c, 0x62,
    0x12, 0x6f, 0x20, 0xf0, 0x2, 0xc0, 0x14, 0xef,
    0x6c, 0x88, 0x51, 0x80, 0x4f, 0x8a, 0x20, 0x19,
    0xb9, 0x40, 0x38, 0xeb, 0x90, 0x23, 0xe4, 0x40,
    0x3f, 0x42, 0x5b, 0x80, 0x7f, 0xc8, 0x48, 0x1,
    0xff, 0xc0, 0x72, 0x41, 0x40, 0xf, 0xf4, 0x8d,
    0xf5, 0x0, 0x7f, 0x8b, 0xb3, 0x1c, 0x1, 0xc0,

    /* U+0173 "ų" */
    0xff, 0x30, 0x7, 0x93, 0xfc, 0x1, 0xff, 0xff,
    0x0, 0xc2, 0x1, 0xf8, 0x40, 0x23, 0xe, 0x0,
    0xf6, 0x80, 0x4e, 0xc, 0x1, 0xc2, 0xc0, 0x14,
    0x80, 0xd9, 0x0, 0x13, 0x4, 0x2, 0x37, 0x4,
    0xdf, 0xf5, 0x93, 0x0, 0x68, 0xb4, 0x10, 0x15,
    0xca, 0x0, 0xe4, 0xbe, 0xfe, 0xa7, 0xd3, 0xb0,
    0xf, 0xc3, 0x6b, 0x88, 0x1, 0xf9, 0xc3, 0xc0,
    0x3f, 0xc6, 0x1a, 0x26, 0x20, 0x1f, 0x2a, 0x37,
    0x62, 0x0, 0x7e, 0xbd, 0xce, 0x50,

    /* U+0174 "Ŵ" */
    0x0, 0xff, 0xe0, 0x34, 0x38, 0x7, 0xff, 0x2e,
    0x64, 0xd1, 0x40, 0x1f, 0xfc, 0x9a, 0x67, 0xe8,
    0x5b, 0x0, 0xff, 0xe3, 0xa1, 0x54, 0x3, 0xd9,
    0xa0, 0x7, 0xff, 0x19, 0x21, 0x40, 0x24, 0x84,
    0x0, 0xfe, 0x1f, 0xf3, 0x0, 0x7e, 0xaf, 0xe0,
    0xf, 0xc7, 0xfe, 0x11, 0x20, 0x68, 0x7, 0xe5,
    0x1, 0x30, 0xf, 0xac, 0xc, 0x43, 0x41, 0x4,
    0x3, 0xca, 0x1, 0x58, 0x7, 0xca, 0x14, 0x0,
    0x70, 0x3, 0x80, 0x7b, 0x80, 0x41, 0x80, 0x3c,
    0x64, 0xe, 0x0, 0x14, 0xd, 0x0, 0xe1, 0x40,
    0xa0, 0x13, 0x0, 0xeb, 0x3, 0x10, 0xb, 0x41,
    0x4, 0x3, 0x38, 0x12, 0x18, 0x58, 0x7, 0x28,
    0x50, 0x6, 0x70, 0x2, 0x0, 0x6d, 0xa, 0xa,
    0x6, 0x0, 0xc6, 0x40, 0xe0, 0x18, 0x4c, 0x38,
    0x2, 0x14, 0x5, 0x7, 0x1, 0x30, 0xa, 0xc0,
    0xc4, 0x3, 0xa8, 0x10, 0x2, 0x70, 0x22, 0x0,
    0x98, 0x58, 0x4, 0xa1, 0x60, 0x1e, 0x70, 0x2,
    0x80, 0x34, 0x28, 0x2, 0xa0, 0x60, 0x1, 0x90,
    0x30, 0x7, 0x84, 0xc3, 0x80, 0x50, 0x14, 0x2,
    0x70, 0x13, 0xb, 0x3, 0x10, 0xf, 0xa8, 0x10,
    0x1c, 0xc, 0x80, 0x21, 0x40, 0xb0, 0x50, 0xb0,
    0xf, 0xce, 0x0, 0x5a, 0xb, 0x0, 0xed, 0x6,
    0x32, 0x5, 0x0, 0xfc, 0x26, 0x12, 0x60, 0xa0,
    0x1c, 0xe0, 0x30, 0x6, 0x40, 0x1f, 0xd6, 0x6,
    0x6, 0x40, 0x1c, 0x28, 0x8, 0x16, 0x1, 0xfe,
    0x60, 0xa, 0xc0, 0x3e, 0xd0, 0x9, 0x40, 0x3f,
    0xc2, 0x60, 0x6, 0x0, 0xf9, 0xc0, 0x6, 0x40,
    0x1c,

    /* U+0175 "ŵ" */
    0x0, 0xfc, 0x39, 0xfe, 0x50, 0xf, 0xfe, 0x20,
    0xe9, 0xb9, 0x52, 0x80, 0x7f, 0xf0, 0x87, 0x4e,
    0xa3, 0xe, 0x94, 0x3, 0xff, 0x85, 0xdc, 0x50,
    0x1c, 0xd7, 0x0, 0xff, 0xe0, 0x89, 0x8, 0x6,
    0x22, 0x0, 0x7d, 0x5f, 0x0, 0x1e, 0x5f, 0xf0,
    0x7, 0xd9, 0xe9, 0xe0, 0xa0, 0x1e, 0xe0, 0x2,
    0x80, 0x71, 0x18, 0xa2, 0x89, 0x18, 0x6, 0x14,
    0x0, 0x70, 0x7, 0x50, 0x30, 0x1, 0xc2, 0x80,
    0x33, 0x2, 0x2, 0x8, 0x6, 0x60, 0xa0, 0x5,
    0x3, 0x80, 0x6b, 0xf, 0x40, 0x60, 0x9, 0x4,
    0xc8, 0x0, 0x64, 0x28, 0x0, 0x23, 0x14, 0xe0,
    0xb0, 0xb, 0x82, 0x80, 0x35, 0x7, 0x0, 0x28,
    0x18, 0x14, 0x4c, 0x80, 0xa, 0xe, 0x1, 0x94,
    0x14, 0x0, 0xc1, 0x40, 0x7, 0xa, 0x5, 0x4,
    0x10, 0xc, 0x46, 0xa, 0x82, 0x64, 0x0, 0xa0,
    0x60, 0xe0, 0xe0, 0xf, 0x50, 0x77, 0x2, 0x80,
    0x23, 0x21, 0x54, 0x15, 0x0, 0xf3, 0x82, 0x28,
    0x30, 0x6, 0xa0, 0xa0, 0x70, 0xf, 0x85, 0x40,
    0xa, 0x1, 0xcc, 0x1, 0x50, 0x7, 0xee, 0x0,
    0x70, 0x7, 0xa, 0x1, 0x18, 0x6,

    /* U+0176 "Ŷ" */
    0x0, 0xf9, 0x62, 0x2, 0x1, 0xff, 0xc0, 0x6a,
    0x67, 0xc1, 0x0, 0xff, 0x34, 0x9f, 0xd1, 0x60,
    0x80, 0x7e, 0x2f, 0x7c, 0x15, 0xc4, 0x60, 0xf,
    0xc5, 0x30, 0x1, 0x1c, 0xb8, 0x7, 0x67, 0xe0,
    0x7, 0xf0, 0xff, 0x94, 0x3c, 0xd, 0x40, 0x3f,
    0x58, 0x22, 0x81, 0xb0, 0x58, 0x7, 0xc8, 0xa1,
    0x20, 0x14, 0x8, 0xa4, 0x3, 0xd2, 0xe, 0x40,
    0x10, 0xc0, 0x31, 0x0, 0x67, 0x21, 0x80, 0xe,
    0x63, 0xe, 0x0, 0x86, 0x2, 0xc0, 0x3e, 0xf0,
    0x35, 0x0, 0x58, 0x22, 0x80, 0x7c, 0x6c, 0x16,
    0x8, 0xa1, 0x20, 0x1f, 0xd0, 0x22, 0x99, 0x3,
    0x90, 0x7, 0xf0, 0xc0, 0x31, 0xc, 0x0, 0x7f,
    0xcc, 0x60, 0xb, 0x0, 0xff, 0xe0, 0xd0, 0x1,
    0x40, 0x3f, 0xff, 0xe0, 0x1f, 0xfc, 0x40,

    /* U+0177 "ŷ" */
    0x0, 0xe4, 0xff, 0x68, 0x80, 0x7f, 0x25, 0x8b,
    0x97, 0x90, 0x7, 0xc9, 0x65, 0xf1, 0x81, 0x84,
    0x1, 0xe5, 0xdd, 0x8, 0x1f, 0xe1, 0x80, 0x78,
    0x48, 0x3, 0x9, 0x8, 0x6, 0xdf, 0x90, 0xf,
    0x87, 0xfc, 0x61, 0x60, 0xc0, 0x1f, 0x30, 0x19,
    0x81, 0x84, 0x18, 0x3, 0xd4, 0x12, 0x1, 0x30,
    0x58, 0x7, 0x21, 0xa, 0x80, 0x54, 0x4, 0x80,
    0x1b, 0xc1, 0x80, 0x31, 0x20, 0x78, 0x4, 0x48,
    0x12, 0x1, 0xde, 0x8, 0x20, 0xa, 0x5, 0x10,
    0xe, 0x42, 0x9, 0x0, 0x30, 0x48, 0x7, 0xd6,
    0xc, 0xc, 0x26, 0x60, 0xf, 0x98, 0x44, 0xd4,
    0x12, 0x1, 0xfc, 0xc1, 0x6, 0x2a, 0x1, 0xfd,
    0x20, 0x21, 0x20, 0x1f, 0xe1, 0x50, 0x3, 0x0,
    0x7f, 0xf0, 0x54, 0x40, 0x3f, 0xc4, 0xa1, 0x20,
    0x1f, 0x52, 0x1, 0x70, 0x21, 0x80, 0x79, 0x55,
    0x7f, 0xa6, 0x34, 0x1, 0xf2, 0xb9, 0x0, 0xb7,
    0x88, 0x7, 0xc0,

    /* U+0178 "Ÿ" */
    0x0, 0xe1, 0x71, 0x0, 0x2a, 0x80, 0x3f, 0xd1,
    0xa, 0x2, 0xaa, 0x10, 0x7, 0xf7, 0x86, 0x1,
    0x16, 0x0, 0xfe, 0x6f, 0x70, 0x6, 0xe8, 0x3,
    0xff, 0x97, 0x9f, 0x80, 0x1f, 0xc3, 0xfe, 0x50,
    0xf0, 0x35, 0x0, 0xfd, 0x60, 0x8a, 0x6, 0xc1,
    0x60, 0x1f, 0x22, 0x84, 0x80, 0x50, 0x22, 0x90,
    0xf, 0x48, 0x39, 0x0, 0x43, 0x0, 0xc4, 0x1,
    0x9c, 0x86, 0x0, 0x39, 0x8c, 0x38, 0x2, 0x18,
    0xb, 0x0, 0xfb, 0xc0, 0xd4, 0x1, 0x60, 0x8a,
    0x1, 0xf1, 0xb0, 0x58, 0x22, 0x84, 0x80, 0x7f,
    0x40, 0x8a, 0x64, 0xe, 0x40, 0x1f, 0xc3, 0x0,
    0xc4, 0x30, 0x1, 0xff, 0x31, 0x80, 0x2c, 0x3,
    0xff, 0x83, 0x40, 0x5, 0x0, 0xff, 0xff, 0x80,
    0x7f, 0xf1, 0x0,

    /* U+0179 "Ź" */
    0x0, 0xfc, 0xb0, 0xe2, 0x1, 0xfe, 0x8a, 0x64,
    0x10, 0xf, 0xea, 0x74, 0xf3, 0x0, 0xfe, 0x32,
    0x9b, 0x10, 0xf, 0xf1, 0xc3, 0x0, 0x7d, 0x9f,
    0xff, 0xfc, 0xc, 0x0, 0xff, 0xe1, 0x38, 0x6f,
    0x77, 0xf1, 0x80, 0x24, 0x4, 0x7f, 0xa4, 0xc2,
    0xc8, 0x3, 0xf9, 0x5c, 0x1d, 0x0, 0x3f, 0x8a,
    0x81, 0x20, 0x3, 0xfd, 0xe0, 0x56, 0x1, 0xfe,
    0xb2, 0xf, 0x0, 0xff, 0x42, 0x5, 0x10, 0x7,
    0xf2, 0x38, 0x3a, 0x80, 0x7f, 0x15, 0x82, 0x40,
    0x7, 0xfb, 0xc0, 0xa8, 0x3, 0xfd, 0x64, 0x1c,
    0x20, 0x1f, 0xd0, 0x81, 0x46, 0x1, 0xfc, 0x8e,
    0xa, 0x82, 0x3f, 0xc1, 0x40, 0x5, 0xee, 0xff,
    0x8, 0x80, 0x3f, 0xf8, 0x40,

    /* U+017A "ź" */
    0x0, 0xfa, 0xff, 0x48, 0x3, 0xec, 0x44, 0x69,
    0x0, 0x70, 0xe1, 0xc5, 0x80, 0x7c, 0x3d, 0xc7,
    0x0, 0xfe, 0x21, 0x0, 0xf7, 0x7f, 0xff, 0x30,
    0x18, 0x8f, 0x80, 0x23, 0xd, 0xee, 0xef, 0x10,
    0x55, 0x0, 0x7d, 0xa2, 0x54, 0x1, 0xf4, 0x18,
    0x78, 0x7, 0xca, 0xe1, 0x64, 0x1, 0xe2, 0xa0,
    0x74, 0x0, 0xfb, 0xc1, 0x20, 0x3, 0xeb, 0x22,
    0x50, 0x7, 0xce, 0x81, 0xe2, 0x1, 0xe4, 0x80,
    0xa2, 0x0, 0xfa, 0x80, 0x17, 0xdd, 0xe8, 0x1,
    0x0, 0x8, 0xfe,

    /* U+017B "Ż" */
    0x0, 0xf5, 0x58, 0x80, 0x7f, 0xca, 0xa4, 0x70,
    0xf, 0xf9, 0x8, 0x50, 0x3, 0xfe, 0x1d, 0xe2,
    0x0, 0xff, 0xe4, 0xe7, 0xff, 0xff, 0x3, 0x0,
    0x3f, 0xf8, 0x4e, 0x1b, 0xdd, 0xfc, 0x60, 0x9,
    0x1, 0x1f, 0xe9, 0x30, 0xb2, 0x0, 0xfe, 0x57,
    0x7, 0x40, 0xf, 0xe2, 0xa0, 0x48, 0x0, 0xff,
    0x78, 0x15, 0x80, 0x7f, 0xac, 0x83, 0xc0, 0x3f,
    0xd0, 0x81, 0x44, 0x1, 0xfc, 0x8e, 0xe, 0xa0,
    0x1f, 0xc5, 0x60, 0x90, 0x1, 0xfe, 0xf0, 0x2a,
    0x0, 0xff, 0x59, 0x7, 0x8, 0x7, 0xf4, 0x20,
    0x51, 0x80, 0x7f, 0x23, 0x82, 0xa0, 0x8f, 0xf0,
    0x50, 0x1, 0x7b, 0xbf, 0xc2, 0x20, 0xf, 0xfe,
    0x10,

    /* U+017C "ż" */
    0x0, 0xea, 0xe4, 0x0, 0xfc, 0x2a, 0x3c, 0x1,
    0xf8, 0x5c, 0xe4, 0x3, 0xfa, 0x30, 0xc0, 0x3f,
    0xf8, 0xbd, 0xff, 0xfc, 0xc0, 0x62, 0x3e, 0x0,
    0x8c, 0x37, 0xbb, 0xbc, 0x41, 0x54, 0x1, 0xf6,
    0x89, 0x50, 0x7, 0xd0, 0x61, 0xe0, 0x1f, 0x2b,
    0x85, 0x90, 0x7, 0x8a, 0x81, 0xd0, 0x3, 0xef,
    0x4, 0x80, 0xf, 0xac, 0x89, 0x40, 0x1f, 0x3a,
    0x7, 0x88, 0x7, 0x92, 0x2, 0x88, 0x3, 0xea,
    0x0, 0x5f, 0x77, 0xa0, 0x4, 0x0, 0x23, 0xf8,

    /* U+017D "Ž" */
    0x0, 0x9d, 0xc2, 0x1, 0x3b, 0x80, 0x3e, 0x48,
    0xf3, 0x2d, 0x82, 0x0, 0xf8, 0xf0, 0x33, 0x4a,
    0xd4, 0x3, 0xf1, 0xe3, 0xbb, 0x10, 0x3, 0xfc,
    0x51, 0x3, 0x0, 0xf6, 0x7f, 0xff, 0xf0, 0x30,
    0x3, 0xff, 0x84, 0xe1, 0xbd, 0xdf, 0xc6, 0x0,
    0x90, 0x11, 0xfe, 0x93, 0xb, 0x20, 0xf, 0xe5,
    0x70, 0x74, 0x0, 0xfe, 0x2a, 0x4, 0x80, 0xf,
    0xf7, 0x81, 0x58, 0x7, 0xfa, 0xc8, 0x3c, 0x3,
    0xfd, 0x8, 0x14, 0x40, 0x1f, 0xc8, 0xe0, 0xea,
    0x1, 0xfc, 0x56, 0x9, 0x0, 0x1f, 0xef, 0x2,
    0xa0, 0xf, 0xf5, 0x90, 0x70, 0x80, 0x7f, 0x42,
    0x5, 0x18, 0x7, 0xf2, 0x38, 0x2a, 0x8, 0xff,
    0x5, 0x0, 0x17, 0xbb, 0xfc, 0x22, 0x0, 0xff,
    0xe1, 0x0,

    /* U+017E "ž" */
    0x0, 0x47, 0xd0, 0x0, 0xfb, 0x84, 0x1, 0x44,
    0x17, 0x1b, 0x3, 0x8, 0x3, 0x3c, 0x1c, 0x8e,
    0x10, 0x7, 0x9f, 0xb7, 0xc8, 0x3, 0xf0, 0x90,
    0x80, 0x77, 0x7f, 0xff, 0x30, 0x18, 0x8f, 0x80,
    0x23, 0xd, 0xee, 0xef, 0x10, 0x55, 0x0, 0x7d,
    0xa2, 0x54, 0x1, 0xf4, 0x18, 0x78, 0x7, 0xca,
    0xe1, 0x64, 0x1, 0xe2, 0xa0, 0x74, 0x0, 0xfb,
    0xc1, 0x20, 0x3, 0xeb, 0x22, 0x50, 0x7, 0xce,
    0x81, 0xe2, 0x1, 0xe4, 0x80, 0xa2, 0x0, 0xfa,
    0x80, 0x17, 0xdd, 0xe8, 0x1, 0x0, 0x8, 0xfe,

    /* U+017F "ſ" */
    0x0, 0xcd, 0x9f, 0xd6, 0x60, 0x13, 0xc9, 0x80,
    0xa0, 0x6, 0x80, 0x5f, 0xf5, 0x98, 0x0, 0xc0,
    0x10, 0x0, 0x40, 0xf, 0x18, 0x6, 0x6f, 0xc0,
    0xf, 0x8c, 0x40, 0x3f, 0x2f, 0x60, 0x7, 0xff,
    0xfc, 0x3, 0xff, 0xa8
};


/*---------------------
 *  GLYPH DESCRIPTION
 *--------------------*/

static const lv_font_fmt_txt_glyph_dsc_t glyph_dsc[] = {
    {.bitmap_index = 0, .adv_w = 0, .box_w = 0, .box_h = 0, .ofs_x = 0, .ofs_y = 0} /* id = 0 reserved */,
    {.bitmap_index = 0, .adv_w = 281, .box_w = 19, .box_h = 22, .ofs_x = -1, .ofs_y = 0},
    {.bitmap_index = 141, .adv_w = 281, .box_w = 19, .box_h = 22, .ofs_x = -1, .ofs_y = 0},
    {.bitmap_index = 282, .adv_w = 281, .box_w = 19, .box_h = 22, .ofs_x = -1, .ofs_y = 0},
    {.bitmap_index = 428, .adv_w = 281, .box_w = 19, .box_h = 22, .ofs_x = -1, .ofs_y = 0},
    {.bitmap_index = 573, .adv_w = 281, .box_w = 19, .box_h = 22, .ofs_x = -1, .ofs_y = 0},
    {.bitmap_index = 713, .adv_w = 281, .box_w = 19, .box_h = 24, .ofs_x = -1, .ofs_y = 0},
    {.bitmap_index = 863, .adv_w = 402, .box_w = 25, .box_h = 17, .ofs_x = -1, .ofs_y = 0},
    {.bitmap_index = 971, .adv_w = 278, .box_w = 16, .box_h = 23, .ofs_x = 1, .ofs_y = -6},
    {.bitmap_index = 1108, .adv_w = 257, .box_w = 13, .box_h = 22, .ofs_x = 2, .ofs_y = 0},
    {.bitmap_index = 1170, .adv_w = 257, .box_w = 13, .box_h = 22, .ofs_x = 2, .ofs_y = 0},
    {.bitmap_index = 1232, .adv_w = 257, .box_w = 13, .box_h = 22, .ofs_x = 2, .ofs_y = 0},
    {.bitmap_index = 1298, .adv_w = 257, .box_w = 13, .box_h = 22, .ofs_x = 2, .ofs_y = 0},
    {.bitmap_index = 1362, .adv_w = 119, .box_w = 7, .box_h = 22, .ofs_x = -1, .ofs_y = 0},
    {.bitmap_index = 1388, .adv_w = 119, .box_w = 8, .box_h = 22, .ofs_x = 1, .ofs_y = 0},
    {.bitmap_index = 1414, .adv_w = 119, .box_w = 10, .box_h = 22, .ofs_x = -1, .ofs_y = 0},
    {.bitmap_index = 1449, .adv_w = 119, .box_w = 8, .box_h = 22, .ofs_x = 0, .ofs_y = 0},
    {.bitmap_index = 1475, .adv_w = 320, .box_w = 19, .box_h = 17, .ofs_x = 0, .ofs_y = 0},
    {.bitmap_index = 1581, .adv_w = 312, .box_w = 15, .box_h = 22, .ofs_x = 2, .ofs_y = 0},
    {.bitmap_index = 1685, .adv_w = 323, .box_w = 19, .box_h = 22, .ofs_x = 1, .ofs_y = 0},
    {.bitmap_index = 1840, .adv_w = 323, .box_w = 19, .box_h = 22, .ofs_x = 1, .ofs_y = 0},
    {.bitmap_index = 1997, .adv_w = 323, .box_w = 19, .box_h = 22, .ofs_x = 1, .ofs_y = 0},
    {.bitmap_index = 2158, .adv_w = 323, .box_w = 19, .box_h = 23, .ofs_x = 1, .ofs_y = 0},
    {.bitmap_index = 2324, .adv_w = 323, .box_w = 19, .box_h = 22, .ofs_x = 1, .ofs_y = 0},
    {.bitmap_index = 2480, .adv_w = 223, .box_w = 10, .box_h = 11, .ofs_x = 2, .ofs_y = 3},
    {.bitmap_index = 2530, .adv_w = 323, .box_w = 19, .box_h = 21, .ofs_x = 1, .ofs_y = -2},
    {.bitmap_index = 2697, .adv_w = 304, .box_w = 15, .box_h = 22, .ofs_x = 2, .ofs_y = 0},
    {.bitmap_index = 2780, .adv_w = 304, .box_w = 15, .box_h = 22, .ofs_x = 2, .ofs_y = 0},
    {.bitmap_index = 2862, .adv_w = 304, .box_w = 15, .box_h = 22, .ofs_x = 2, .ofs_y = 0},
    {.bitmap_index = 2948, .adv_w = 304, .box_w = 15, .box_h = 22, .ofs_x = 2, .ofs_y = 0},
    {.bitmap_index = 3031, .adv_w = 248, .box_w = 17, .box_h = 22, .ofs_x = -1, .ofs_y = 0},
    {.bitmap_index = 3137, .adv_w = 277, .box_w = 15, .box_h = 17, .ofs_x = 2, .ofs_y = 0},
    {.bitmap_index = 3206, .adv_w = 260, .box_w = 14, .box_h = 18, .ofs_x = 2, .ofs_y = 0},
    {.bitmap_index = 3305, .adv_w = 230, .box_w = 12, .box_h = 18, .ofs_x = 1, .ofs_y = 0},
    {.bitmap_index = 3397, .adv_w = 230, .box_w = 12, .box_h = 18, .ofs_x = 1, .ofs_y = 0},
    {.bitmap_index = 3488, .adv_w = 230, .box_w = 12, .box_h = 18, .ofs_x = 1, .ofs_y = 0},
    {.bitmap_index = 3585, .adv_w = 230, .box_w = 12, .box_h = 18, .ofs_x = 1, .ofs_y = 0},
    {.bitmap_index = 3683, .adv_w = 230, .box_w = 12, .box_h = 18, .ofs_x = 1, .ofs_y = 0},
    {.bitmap_index = 3778, .adv_w = 230, .box_w = 12, .box_h = 20, .ofs_x = 1, .ofs_y = 0},
    {.bitmap_index = 3878, .adv_w = 380, .box_w = 22, .box_h = 13, .ofs_x = 1, .ofs_y = 0},
    {.bitmap_index = 4008, .adv_w = 219, .box_w = 12, .box_h = 19, .ofs_x = 1, .ofs_y = -6},
    {.bitmap_index = 4100, .adv_w = 235, .box_w = 13, .box_h = 18, .ofs_x = 1, .ofs_y = 0},
    {.bitmap_index = 4193, .adv_w = 235, .box_w = 13, .box_h = 18, .ofs_x = 1, .ofs_y = 0},
    {.bitmap_index = 4286, .adv_w = 235, .box_w = 13, .box_h = 18, .ofs_x = 1, .ofs_y = 0},
    {.bitmap_index = 4385, .adv_w = 235, .box_w = 13, .box_h = 18, .ofs_x = 1, .ofs_y = 0},
    {.bitmap_index = 4480, .adv_w = 107, .box_w = 8, .box_h = 18, .ofs_x = -2, .ofs_y = 0},
    {.bitmap_index = 4506, .adv_w = 107, .box_w = 7, .box_h = 18, .ofs_x = 1, .ofs_y = 0},
    {.bitmap_index = 4531, .adv_w = 107, .box_w = 9, .box_h = 18, .ofs_x = -1, .ofs_y = 0},
    {.bitmap_index = 4562, .adv_w = 107, .box_w = 7, .box_h = 18, .ofs_x = 0, .ofs_y = 0},
    {.bitmap_index = 4585, .adv_w = 246, .box_w = 14, .box_h = 18, .ofs_x = 1, .ofs_y = 0},
    {.bitmap_index = 4705, .adv_w = 262, .box_w = 13, .box_h = 18, .ofs_x = 2, .ofs_y = 0},
    {.bitmap_index = 4778, .adv_w = 244, .box_w = 14, .box_h = 18, .ofs_x = 1, .ofs_y = 0},
    {.bitmap_index = 4880, .adv_w = 244, .box_w = 14, .box_h = 18, .ofs_x = 1, .ofs_y = 0},
    {.bitmap_index = 4982, .adv_w = 244, .box_w = 14, .box_h = 18, .ofs_x = 1, .ofs_y = 0},
    {.bitmap_index = 5091, .adv_w = 244, .box_w = 14, .box_h = 18, .ofs_x = 1, .ofs_y = 0},
    {.bitmap_index = 5201, .adv_w = 244, .box_w = 14, .box_h = 18, .ofs_x = 1, .ofs_y = 0},
    {.bitmap_index = 5305, .adv_w = 223, .box_w = 12, .box_h = 13, .ofs_x = 1, .ofs_y = 2},
    {.bitmap_index = 5348, .adv_w = 244, .box_w = 14, .box_h = 17, .ofs_x = 1, .ofs_y = -2},
    {.bitmap_index = 5456, .adv_w = 260, .box_w = 13, .box_h = 18, .ofs_x = 2, .ofs_y = 0},
    {.bitmap_index = 5520, .adv_w = 260, .box_w = 13, .box_h = 18, .ofs_x = 2, .ofs_y = 0},
    {.bitmap_index = 5585, .adv_w = 260, .box_w = 13, .box_h = 18, .ofs_x = 2, .ofs_y = 0},
    {.bitmap_index = 5654, .adv_w = 260, .box_w = 13, .box_h = 18, .ofs_x = 2, .ofs_y = 0},
    {.bitmap_index = 5721, .adv_w = 215, .box_w = 15, .box_h = 23, .ofs_x = -1, .ofs_y = -5},
    {.bitmap_index = 5845, .adv_w = 262, .box_w = 14, .box_h = 23, .ofs_x = 2, .ofs_y = -5},
    {.bitmap_index = 5936, .adv_w = 215, .box_w = 15, .box_h = 23, .ofs_x = -1, .ofs_y = -5},
    {.bitmap_index = 6062, .adv_w = 281, .box_w = 19, .box_h = 22, .ofs_x = -1, .ofs_y = 0},
    {.bitmap_index = 6196, .adv_w = 230, .box_w = 12, .box_h = 17, .ofs_x = 1, .ofs_y = 0},
    {.bitmap_index = 6281, .adv_w = 281, .box_w = 19, .box_h = 22, .ofs_x = -1, .ofs_y = 0},
    {.bitmap_index = 6425, .adv_w = 230, .box_w = 12, .box_h = 18, .ofs_x = 1, .ofs_y = 0},
    {.bitmap_index = 6521, .adv_w = 281, .box_w = 20, .box_h = 23, .ofs_x = -1, .ofs_y = -6},
    {.bitmap_index = 6672, .adv_w = 230, .box_w = 12, .box_h = 19, .ofs_x = 1, .ofs_y = -6},
    {.bitmap_index = 6770, .adv_w = 278, .box_w = 16, .box_h = 22, .ofs_x = 1, .ofs_y = 0},
    {.bitmap_index = 6900, .adv_w = 219, .box_w = 12, .box_h = 18, .ofs_x = 1, .ofs_y = 0},
    {.bitmap_index = 6986, .adv_w = 278, .box_w = 16, .box_h = 22, .ofs_x = 1, .ofs_y = 0},
    {.bitmap_index = 7120, .adv_w = 219, .box_w = 12, .box_h = 18, .ofs_x = 1, .ofs_y = 0},
    {.bitmap_index = 7212, .adv_w = 278, .box_w = 16, .box_h = 22, .ofs_x = 1, .ofs_y = 0},
    {.bitmap_index = 7338, .adv_w = 219, .box_w = 12, .box_h = 18, .ofs_x = 1, .ofs_y = 0},
    {.bitmap_index = 7420, .adv_w = 278, .box_w = 16, .box_h = 22, .ofs_x = 1, .ofs_y = 0},
    {.bitmap_index = 7554, .adv_w = 219, .box_w = 12, .box_h = 18, .ofs_x = 1, .ofs_y = 0},
    {.bitmap_index = 7645, .adv_w = 317, .box_w = 17, .box_h = 22, .ofs_x = 2, .ofs_y = 0},
    {.bitmap_index = 7771, .adv_w = 262, .box_w = 18, .box_h = 19, .ofs_x = 1, .ofs_y = 0},
    {.bitmap_index = 7876, .adv_w = 320, .box_w = 19, .box_h = 17, .ofs_x = 0, .ofs_y = 0},
    {.bitmap_index = 7982, .adv_w = 262, .box_w = 16, .box_h = 18, .ofs_x = 1, .ofs_y = 0},
    {.bitmap_index = 8088, .adv_w = 257, .box_w = 13, .box_h = 22, .ofs_x = 2, .ofs_y = 0},
    {.bitmap_index = 8147, .adv_w = 235, .box_w = 13, .box_h = 17, .ofs_x = 1, .ofs_y = 0},
    {.bitmap_index = 8234, .adv_w = 257, .box_w = 13, .box_h = 22, .ofs_x = 2, .ofs_y = 0},
    {.bitmap_index = 8302, .adv_w = 235, .box_w = 13, .box_h = 18, .ofs_x = 1, .ofs_y = 0},
    {.bitmap_index = 8401, .adv_w = 257, .box_w = 13, .box_h = 22, .ofs_x = 2, .ofs_y = 0},
    {.bitmap_index = 8459, .adv_w = 235, .box_w = 13, .box_h = 18, .ofs_x = 1, .ofs_y = 0},
    {.bitmap_index = 8548, .adv_w = 257, .box_w = 14, .box_h = 23, .ofs_x = 2, .ofs_y = -6},
    {.bitmap_index = 8617, .adv_w = 235, .box_w = 13, .box_h = 19, .ofs_x = 1, .ofs_y = -6},
    {.bitmap_index = 8717, .adv_w = 257, .box_w = 13, .box_h = 22, .ofs_x = 2, .ofs_y = 0},
    {.bitmap_index = 8783, .adv_w = 235, .box_w = 13, .box_h = 18, .ofs_x = 1, .ofs_y = 0},
    {.bitmap_index = 8881, .adv_w = 296, .box_w = 16, .box_h = 22, .ofs_x = 1, .ofs_y = 0},
    {.bitmap_index = 9013, .adv_w = 265, .box_w = 14, .box_h = 23, .ofs_x = 1, .ofs_y = -5},
    {.bitmap_index = 9152, .adv_w = 296, .box_w = 16, .box_h = 22, .ofs_x = 1, .ofs_y = 0},
    {.bitmap_index = 9283, .adv_w = 265, .box_w = 14, .box_h = 23, .ofs_x = 1, .ofs_y = -5},
    {.bitmap_index = 9421, .adv_w = 296, .box_w = 16, .box_h = 22, .ofs_x = 1, .ofs_y = 0},
    {.bitmap_index = 9545, .adv_w = 265, .box_w = 14, .box_h = 23, .ofs_x = 1, .ofs_y = -5},
    {.bitmap_index = 9675, .adv_w = 296, .box_w = 16, .box_h = 24, .ofs_x = 1, .ofs_y = -7},
    {.bitmap_index = 9810, .adv_w = 265, .box_w = 14, .box_h = 24, .ofs_x = 1, .ofs_y = -5},
    {.bitmap_index = 9946, .adv_w = 312, .box_w = 15, .box_h = 22, .ofs_x = 2, .ofs_y = 0},
    {.bitmap_index = 10004, .adv_w = 262, .box_w = 16, .box_h = 23, .ofs_x = -1, .ofs_y = 0},
    {.bitmap_index = 10087, .adv_w = 318, .box_w = 20, .box_h = 17, .ofs_x = 0, .ofs_y = 0},
    {.bitmap_index = 10144, .adv_w = 262, .box_w = 15, .box_h = 18, .ofs_x = 0, .ofs_y = 0},
    {.bitmap_index = 10215, .adv_w = 119, .box_w = 9, .box_h = 22, .ofs_x = -1, .ofs_y = 0},
    {.bitmap_index = 10244, .adv_w = 107, .box_w = 8, .box_h = 18, .ofs_x = -1, .ofs_y = 0},
    {.bitmap_index = 10273, .adv_w = 119, .box_w = 7, .box_h = 22, .ofs_x = 0, .ofs_y = 0},
    {.bitmap_index = 10292, .adv_w = 107, .box_w = 7, .box_h = 17, .ofs_x = 0, .ofs_y = 0},
    {.bitmap_index = 10309, .adv_w = 119, .box_w = 9, .box_h = 22, .ofs_x = -1, .ofs_y = 0},
    {.bitmap_index = 10339, .adv_w = 107, .box_w = 7, .box_h = 18, .ofs_x = 0, .ofs_y = 0},
    {.bitmap_index = 10364, .adv_w = 119, .box_w = 5, .box_h = 23, .ofs_x = 1, .ofs_y = -6},
    {.bitmap_index = 10387, .adv_w = 107, .box_w = 5, .box_h = 24, .ofs_x = 1, .ofs_y = -6},
    {.bitmap_index = 10420, .adv_w = 119, .box_w = 4, .box_h = 22, .ofs_x = 2, .ofs_y = 0},
    {.bitmap_index = 10434, .adv_w = 107, .box_w = 3, .box_h = 13, .ofs_x = 2, .ofs_y = 0},
    {.bitmap_index = 10439, .adv_w = 276, .box_w = 13, .box_h = 17, .ofs_x = 2, .ofs_y = 0},
    {.bitmap_index = 10490, .adv_w = 216, .box_w = 11, .box_h = 23, .ofs_x = 1, .ofs_y = -5},
    {.bitmap_index = 10547, .adv_w = 197, .box_w = 12, .box_h = 22, .ofs_x = -1, .ofs_y = 0},
    {.bitmap_index = 10619, .adv_w = 109, .box_w = 11, .box_h = 23, .ofs_x = -3, .ofs_y = -5},
    {.bitmap_index = 10669, .adv_w = 276, .box_w = 16, .box_h = 24, .ofs_x = 2, .ofs_y = -7},
    {.bitmap_index = 10792, .adv_w = 237, .box_w = 13, .box_h = 25, .ofs_x = 2, .ofs_y = -7},
    {.bitmap_index = 10882, .adv_w = 233, .box_w = 13, .box_h = 13, .ofs_x = 2, .ofs_y = 0},
    {.bitmap_index = 10945, .adv_w = 228, .box_w = 14, .box_h = 22, .ofs_x = 1, .ofs_y = 0},
    {.bitmap_index = 10987, .adv_w = 107, .box_w = 7, .box_h = 23, .ofs_x = 1, .ofs_y = 0},
    {.bitmap_index = 11010, .adv_w = 228, .box_w = 13, .box_h = 24, .ofs_x = 2, .ofs_y = -7},
    {.bitmap_index = 11053, .adv_w = 107, .box_w = 3, .box_h = 25, .ofs_x = 2, .ofs_y = -7},
    {.bitmap_index = 11069, .adv_w = 228, .box_w = 13, .box_h = 18, .ofs_x = 2, .ofs_y = 0},
    {.bitmap_index = 11105, .adv_w = 107, .box_w = 7, .box_h = 19, .ofs_x = 2, .ofs_y = 0},
    {.bitmap_index = 11127, .adv_w = 228, .box_w = 13, .box_h = 17, .ofs_x = 2, .ofs_y = 0},
    {.bitmap_index = 11159, .adv_w = 133, .box_w = 7, .box_h = 18, .ofs_x = 2, .ofs_y = 0},
    {.bitmap_index = 11177, .adv_w = 231, .box_w = 15, .box_h = 17, .ofs_x = 0, .ofs_y = 0},
    {.bitmap_index = 11229, .adv_w = 113, .box_w = 9, .box_h = 18, .ofs_x = -1, .ofs_y = 0},
    {.bitmap_index = 11263, .adv_w = 312, .box_w = 15, .box_h = 22, .ofs_x = 2, .ofs_y = 0},
    {.bitmap_index = 11362, .adv_w = 262, .box_w = 13, .box_h = 18, .ofs_x = 2, .ofs_y = 0},
    {.bitmap_index = 11428, .adv_w = 312, .box_w = 15, .box_h = 24, .ofs_x = 2, .ofs_y = -7},
    {.bitmap_index = 11535, .adv_w = 262, .box_w = 13, .box_h = 20, .ofs_x = 2, .ofs_y = -7},
    {.bitmap_index = 11605, .adv_w = 312, .box_w = 15, .box_h = 22, .ofs_x = 2, .ofs_y = 0},
    {.bitmap_index = 11709, .adv_w = 262, .box_w = 13, .box_h = 18, .ofs_x = 2, .ofs_y = 0},
    {.bitmap_index = 11779, .adv_w = 296, .box_w = 16, .box_h = 17, .ofs_x = 1, .ofs_y = 0},
    {.bitmap_index = 11846, .adv_w = 312, .box_w = 15, .box_h = 22, .ofs_x = 2, .ofs_y = -5},
    {.bitmap_index = 11952, .adv_w = 262, .box_w = 13, .box_h = 18, .ofs_x = 2, .ofs_y = -5},
    {.bitmap_index = 12021, .adv_w = 323, .box_w = 19, .box_h = 22, .ofs_x = 1, .ofs_y = 0},
    {.bitmap_index = 12169, .adv_w = 244, .box_w = 14, .box_h = 17, .ofs_x = 1, .ofs_y = 0},
    {.bitmap_index = 12264, .adv_w = 323, .box_w = 19, .box_h = 22, .ofs_x = 1, .ofs_y = 0},
    {.bitmap_index = 12424, .adv_w = 244, .box_w = 14, .box_h = 18, .ofs_x = 1, .ofs_y = 0},
    {.bitmap_index = 12532, .adv_w = 323, .box_w = 19, .box_h = 22, .ofs_x = 1, .ofs_y = 0},
    {.bitmap_index = 12693, .adv_w = 244, .box_w = 14, .box_h = 18, .ofs_x = 1, .ofs_y = 0},
    {.bitmap_index = 12802, .adv_w = 432, .box_w = 25, .box_h = 17, .ofs_x = 1, .ofs_y = 0},
    {.bitmap_index = 12919, .adv_w = 410, .box_w = 24, .box_h = 13, .ofs_x = 1, .ofs_y = 0},
    {.bitmap_index = 13054, .adv_w = 279, .box_w = 15, .box_h = 22, .ofs_x = 2, .ofs_y = 0},
    {.bitmap_index = 13156, .adv_w = 157, .box_w = 9, .box_h = 18, .ofs_x = 2, .ofs_y = 0},
    {.bitmap_index = 13200, .adv_w = 279, .box_w = 15, .box_h = 24, .ofs_x = 2, .ofs_y = -7},
    {.bitmap_index = 13310, .adv_w = 157, .box_w = 8, .box_h = 20, .ofs_x = 2, .ofs_y = -7},
    {.bitmap_index = 13354, .adv_w = 279, .box_w = 15, .box_h = 22, .ofs_x = 2, .ofs_y = 0},
    {.bitmap_index = 13463, .adv_w = 157, .box_w = 9, .box_h = 18, .ofs_x = 1, .ofs_y = 0},
    {.bitmap_index = 13509, .adv_w = 238, .box_w = 14, .box_h = 22, .ofs_x = 0, .ofs_y = 0},
    {.bitmap_index = 13630, .adv_w = 192, .box_w = 12, .box_h = 18, .ofs_x = 0, .ofs_y = 0},
    {.bitmap_index = 13724, .adv_w = 238, .box_w = 14, .box_h = 22, .ofs_x = 0, .ofs_y = 0},
    {.bitmap_index = 13850, .adv_w = 192, .box_w = 12, .box_h = 18, .ofs_x = 0, .ofs_y = 0},
    {.bitmap_index = 13949, .adv_w = 238, .box_w = 14, .box_h = 23, .ofs_x = 0, .ofs_y = -6},
    {.bitmap_index = 14077, .adv_w = 192, .box_w = 12, .box_h = 19, .ofs_x = 0, .ofs_y = -6},
    {.bitmap_index = 14178, .adv_w = 238, .box_w = 14, .box_h = 22, .ofs_x = 0, .ofs_y = 0},
    {.bitmap_index = 14304, .adv_w = 192, .box_w = 12, .box_h = 18, .ofs_x = 0, .ofs_y = 0},
    {.bitmap_index = 14401, .adv_w = 225, .box_w = 14, .box_h = 23, .ofs_x = 0, .ofs_y = -6},
    {.bitmap_index = 14455, .adv_w = 159, .box_w = 10, .box_h = 22, .ofs_x = 0, .ofs_y = -6},
    {.bitmap_index = 14518, .adv_w = 225, .box_w = 14, .box_h = 22, .ofs_x = 0, .ofs_y = 0},
    {.bitmap_index = 14572, .adv_w = 159, .box_w = 10, .box_h = 19, .ofs_x = 0, .ofs_y = 0},
    {.bitmap_index = 14625, .adv_w = 225, .box_w = 14, .box_h = 17, .ofs_x = 0, .ofs_y = 0},
    {.bitmap_index = 14669, .adv_w = 163, .box_w = 10, .box_h = 16, .ofs_x = 0, .ofs_y = 0},
    {.bitmap_index = 14723, .adv_w = 304, .box_w = 15, .box_h = 23, .ofs_x = 2, .ofs_y = 0},
    {.bitmap_index = 14816, .adv_w = 260, .box_w = 13, .box_h = 18, .ofs_x = 2, .ofs_y = 0},
    {.bitmap_index = 14887, .adv_w = 304, .box_w = 15, .box_h = 22, .ofs_x = 2, .ofs_y = 0},
    {.bitmap_index = 14966, .adv_w = 260, .box_w = 13, .box_h = 17, .ofs_x = 2, .ofs_y = 0},
    {.bitmap_index = 15023, .adv_w = 304, .box_w = 15, .box_h = 22, .ofs_x = 2, .ofs_y = 0},
    {.bitmap_index = 15110, .adv_w = 260, .box_w = 13, .box_h = 18, .ofs_x = 2, .ofs_y = 0},
    {.bitmap_index = 15178, .adv_w = 304, .box_w = 15, .box_h = 24, .ofs_x = 2, .ofs_y = 0},
    {.bitmap_index = 15270, .adv_w = 260, .box_w = 13, .box_h = 20, .ofs_x = 2, .ofs_y = 0},
    {.bitmap_index = 15343, .adv_w = 304, .box_w = 15, .box_h = 22, .ofs_x = 2, .ofs_y = 0},
    {.bitmap_index = 15432, .adv_w = 260, .box_w = 13, .box_h = 18, .ofs_x = 2, .ofs_y = 0},
    {.bitmap_index = 15502, .adv_w = 304, .box_w = 15, .box_h = 23, .ofs_x = 2, .ofs_y = -6},
    {.bitmap_index = 15590, .adv_w = 260, .box_w = 13, .box_h = 19, .ofs_x = 2, .ofs_y = -6},
    {.bitmap_index = 15660, .adv_w = 432, .box_w = 27, .box_h = 22, .ofs_x = 0, .ofs_y = 0},
    {.bitmap_index = 15877, .adv_w = 345, .box_w = 22, .box_h = 18, .ofs_x = 0, .ofs_y = 0},
    {.bitmap_index = 16035, .adv_w = 248, .box_w = 17, .box_h = 22, .ofs_x = -1, .ofs_y = 0},
    {.bitmap_index = 16146, .adv_w = 215, .box_w = 15, .box_h = 23, .ofs_x = -1, .ofs_y = -5},
    {.bitmap_index = 16277, .adv_w = 248, .box_w = 17, .box_h = 22, .ofs_x = -1, .ofs_y = 0},
    {.bitmap_index = 16384, .adv_w = 252, .box_w = 15, .box_h = 22, .ofs_x = 1, .ofs_y = 0},
    {.bitmap_index = 16485, .adv_w = 200, .box_w = 12, .box_h = 18, .ofs_x = 0, .ofs_y = 0},
    {.bitmap_index = 16560, .adv_w = 252, .box_w = 15, .box_h = 22, .ofs_x = 1, .ofs_y = 0},
    {.bitmap_index = 16657, .adv_w = 200, .box_w = 12, .box_h = 18, .ofs_x = 0, .ofs_y = 0},
    {.bitmap_index = 16729, .adv_w = 252, .box_w = 15, .box_h = 22, .ofs_x = 1, .ofs_y = 0},
    {.bitmap_index = 16835, .adv_w = 200, .box_w = 12, .box_h = 18, .ofs_x = 0, .ofs_y = 0},
    {.bitmap_index = 16915, .adv_w = 118, .box_w = 10, .box_h = 18, .ofs_x = 0, .ofs_y = 0}
};

/*---------------------
 *  CHARACTER MAPPING
 *--------------------*/



/*Collect the unicode lists and glyph_id offsets*/
static const lv_font_fmt_txt_cmap_t cmaps[] =
{
    {
        .range_start = 192, .range_length = 192, .glyph_id_start = 1,
        .unicode_list = NULL, .glyph_id_ofs_list = NULL, .list_length = 0, .type = LV_FONT_FMT_TXT_CMAP_FORMAT0_TINY
    }
};

/*-----------------
 *    KERNING
 *----------------*/


/*Map glyph_ids to kern left classes*/
static const uint8_t kern_left_class_mapping[] =
{
    0, 1, 1, 1, 1, 1, 1, 2,
    3, 2, 2, 2, 2, 4, 4, 4,
    4, 5, 4, 5, 5, 5, 5, 5,
    0, 5, 6, 6, 6, 6, 7, 8,
    9, 10, 10, 10, 10, 10, 10, 11,
    12, 11, 11, 11, 11, 13, 13, 13,
    13, 0, 10, 9, 9, 9, 9, 9,
    14, 9, 13, 13, 13, 13, 15, 9,
    15, 1, 10, 1, 10, 1, 16, 3,
    12, 3, 12, 3, 12, 3, 12, 5,
    17, 5, 18, 2, 11, 2, 11, 2,
    11, 2, 19, 2, 11, 0, 13, 0,
    13, 0, 13, 0, 13, 4, 10, 4,
    10, 4, 13, 4, 13, 4, 13, 4,
    20, 4, 13, 6, 13, 6, 13, 21,
    22, 22, 23, 18, 23, 18, 23, 17,
    23, 18, 23, 18, 4, 10, 4, 10,
    4, 10, 10, 4, 10, 5, 9, 5,
    9, 5, 9, 2, 11, 24, 25, 24,
    25, 24, 25, 26, 27, 26, 27, 26,
    27, 26, 27, 28, 29, 28, 30, 28,
    29, 6, 13, 6, 13, 6, 13, 6,
    13, 6, 13, 6, 31, 32, 15, 7,
    15, 7, 33, 34, 33, 34, 33, 34,
    0
};

/*Map glyph_ids to kern right classes*/
static const uint8_t kern_right_class_mapping[] =
{
    0, 1, 1, 1, 1, 1, 1, 1,
    2, 3, 3, 3, 3, 3, 3, 3,
    3, 3, 3, 2, 2, 2, 2, 2,
    0, 2, 4, 4, 4, 4, 5, 3,
    6, 7, 7, 7, 7, 7, 7, 7,
    8, 8, 8, 8, 8, 9, 10, 11,
    12, 8, 10, 8, 8, 8, 8, 8,
    13, 8, 14, 14, 14, 14, 15, 6,
    15, 1, 7, 1, 7, 1, 7, 2,
    8, 2, 8, 2, 8, 2, 8, 3,
    8, 3, 8, 3, 8, 3, 8, 3,
    8, 3, 8, 3, 8, 2, 8, 2,
    8, 2, 8, 2, 8, 3, 6, 3,
    6, 3, 16, 3, 17, 3, 18, 3,
    19, 3, 10, 3, 19, 20, 21, 3,
    6, 10, 3, 6, 3, 6, 3, 6,
    3, 6, 3, 6, 3, 10, 3, 10,
    3, 10, 10, 3, 10, 2, 8, 2,
    8, 2, 8, 2, 8, 3, 10, 3,
    10, 3, 10, 22, 23, 22, 23, 22,
    23, 22, 23, 24, 25, 24, 25, 24,
    25, 4, 14, 4, 14, 4, 14, 4,
    14, 4, 14, 4, 14, 26, 15, 5,
    15, 5, 27, 28, 27, 28, 27, 28,
    0
};

/*Kern values between classes*/
static const int8_t kern_class_values[] =
{
    5, -4, 0, -6, -16, 0, 0, -2,
    0, 0, 0, 0, -7, -4, -10, 0,
    0, 0, 0, 6, 0, 0, -2, -13,
    -2, -14, 0, -1, 0, -1, 0, 0,
    -3, 0, -3, -3, 0, 0, 0, 0,
    -8, -3, -3, 0, 0, 0, 0, 0,
    0, 0, -3, 0, -5, -4, 0, -3,
    -7, -6, 0, -1, -5, 0, -3, -8,
    0, 0, 0, 0, -1, -7, 0, 0,
    0, 0, 0, 0, 0, -1, -8, -3,
    0, -3, 0, -7, 0, 0, 0, 0,
    0, 0, 0, 0, 0, 0, 0, 0,
    0, 0, 0, 0, 0, 0, 0, 0,
    0, 0, 0, 0, 0, -3, 0, 0,
    -4, 0, 0, 0, -12, 0, 0, 0,
    0, 0, 0, 0, 3, 0, 0, 0,
    0, 0, 0, -6, 31, 0, 0, -4,
    2, -8, -3, 0, -6, 0, 0, 0,
    -4, 0, 0, 0, 0, 0, 0, 0,
    0, 0, 0, 0, 0, 0, 0, 0,
    -2, 0, 0, -5, 0, 0, 0, 0,
    -16, -12, -5, -4, -1, 0, -25, -23,
    13, -15, 11, 9, -12, -13, -16, 9,
    9, 14, -9, -4, 9, -6, -26, -3,
    -8, -8, 0, -13, -12, 0, 0, 0,
    -12, 0, -4, 0, 0, 0, 0, 0,
    0, 0, 0, 0, 0, 0, 0, -15,
    -4, 0, 0, -10, 2, -4, -7, 0,
    -4, 0, 0, -7, -14, 0, -2, 0,
    0, 0, 0, 0, 4, 0, -6, 0,
    0, 0, 0, 0, 0, 0, 0, -31,
    0, -15, 0, -3, 0, 0, 0, 0,
    0, 0, 0, 1, 0, 0, 0, 0,
    0, 0, -4, 0, 0, 0, 0, 0,
    0, 0, 0, 0, 0, 0, 0, 0,
    0, 0, 0, 0, -19, 0, -6, 0,
    0, 0, 0, 0, 4, 0, -4, 0,
    0, 0, 0, 0, 0, 0, 0, -37,
    0, -8, 0, -2, 0, -1, 0, -3,
    -8, -3, 0, -3, 0, 0, 0, 0,
    -4, 0, -3, 0, 0, 0, 0, 0,
    0, 0, 0, -34, 3, -5, 0, -3,
    0, 0, 0, -5, -19, 0, 0, 0,
    0, 0, 0, 0, 0, 0, 0, 0,
    0, 0, 0, 0, 0, -6, 0, -32,
    0, -3, 0, 0, 0, 0, 0, 0,
    0, 0, 0, 0, 0, 0, 0, 0,
    1, 0, 0, 0, 0, 0, 0, 0,
    0, 0, 0, 0, 0, 0, 0, 0,
    -10, -3, 0, 0, -10, 0, -7, -6,
    0, 0, 0, 0, -5, 0, -3, 0,
    0, 0, 0, 0, -6, -3, -3, -15,
    6, 0, 0, -4, 0, 0, 0, 0,
    0, 0, 0, 1, 0, 0, 0, 0,
    0, 0, -4, 0, 0, 0, 0, 0,
    8, 0, 0, 0, 0, 0, 0, 0,
    0, 0, 0, 0, 0, 26, 0, 0,
    3, 3, 3, 3, 0, 3, 3, 3,
    3, 3, 3, 0, 0, 0, 0, 0,
    17, 0, 0, 3, 0, 0, 0, 0,
    0, 0, 0, 0, 0, 0, 0, 0,
    0, 0, 0, 0, 0, 0, 0, 0,
    0, 0, 0, 0, 5, 0, 0, 0,
    0, 0, 0, 0, -19, 0, -6, 0,
    0, 0, 0, 0, 4, 0, -4, 0,
    0, 0, 0, 0, 12, 0, 0, -37,
    0, -8, 0, -2, 0, 0, 0, -5,
    -19, 0, 0, 0, 0, 0, 0, 0,
    0, 0, 0, 0, 0, 0, 0, 0,
    27, -6, 0, -32, 0, -3, 0, 0,
    -11, -10, 0, -4, -18, 0, -5, -9,
    -4, -4, -4, -4, -13, -7, -14, -4,
    -4, -4, -4, 0, -1, -6, -7, -17,
    -10, -15, 0, -9, 0, 0, 0, 0,
    -8, 0, -4, -8, -3, -3, -3, -3,
    -9, -4, -11, -3, -3, -3, -3, 0,
    0, 0, -7, -10, 0, -3, 0, -5,
    1, -5, 0, -5, -28, 0, 1, -3,
    0, 0, 0, 0, -3, -3, -15, 0,
    0, 0, 0, 0, 0, -3, 0, -25,
    -2, -20, 0, 0, 0, 0, 0, 0,
    -4, 0, -2, 0, 0, 0, 0, 0,
    -1, 0, 0, 0, 0, 0, 0, -4,
    0, 0, 0, -4, 2, 0, 0, 0,
    -15, -9, -5, -7, -15, -3, -3, -5,
    -3, -3, -3, -3, -3, 0, 6, -3,
    -3, -3, -3, 0, 0, -6, -1, -15,
    6, -10, 0, 0, 0, 0, 0, 0,
    -6, 0, 0, 0, 0, 0, 0, 0,
    7, 0, -4, 0, 0, 0, 0, 0,
    0, 0, 0, -4, 0, 0, 0, 0,
    0, 0, 0, 0, 0, 0, 0, 0,
    0, 0, 0, 0, 0, 0, -4, 0,
    0, 0, 0, 0, 0, 0, 0, 0,
    0, 0, 0, 0, -13, -4, 0, -5,
    -3, 0, -11, -21, 5, -5, 13, 7,
    -13, -5, -13, 9, 12, 10, -5, -4,
    11, -3, -15, 4, 1, -3, 0, -4,
    0, 0, 0, 0, 0, 0, 0, -7,
    0, 0, 0, 0, -4, 0, -4, 0,
    0, 0, 0, 0, 0, 0, 0, 0,
    -5, 0, 0, 0, 0, 0, 0, 0,
    0, 0, 0, -7, 5, 5, 5, 5,
    -4, 0, -4, 5, 5, 5, 5, 0,
    4, 0, 0, 0, -5, 0, 0, 0,
    0, 0, 0, -5, -19, 0, 0, 0,
    0, 0, 0, 0, 0, 0, 0, 0,
    0, 0, 0, 0, 15, -6, 0, -32,
    0, -3, 0, 0, -14, -8, -6, 0,
    -8, 0, -21, -21, 7, -13, 14, 7,
    -9, -12, -7, 10, 7, 17, -8, -6,
    12, -6, -22, -3, -1, 0, -4, -11,
    0, -3, 0, 0, 0, 0, 1, -5,
    0, 0, 0, 0, -5, -3, -5, 0,
    0, 0, 0, 0, 0, 0, 0, 0,
    -3, 0, 0, 0, 0, 0, 0, 0,
    0, 0, 0, -3, 0, 0, 0, 0,
    -5, 0, -4, 0, 0, 0, 0, 0,
    0, 0, 0, 0, 1, 0, 0, 0
};


/*Collect the kern class' data in one place*/
static const lv_font_fmt_txt_kern_classes_t kern_classes =
{
    .class_pair_values   = kern_class_values,
    .left_class_mapping  = kern_left_class_mapping,
    .right_class_mapping = kern_right_class_mapping,
    .left_class_cnt      = 34,
    .right_class_cnt     = 28,
};

/*--------------------
 *  ALL CUSTOM DATA
 *--------------------*/

#if LVGL_VERSION_MAJOR == 8
/*Store all the custom data of the font*/
static  lv_font_fmt_txt_glyph_cache_t cache;
#endif

#if LVGL_VERSION_MAJOR >= 8
static const lv_font_fmt_txt_dsc_t font_dsc = {
#else
static lv_font_fmt_txt_dsc_t font_dsc = {
#endif
    .glyph_bitmap = glyph_bitmap,
    .glyph_dsc = glyph_dsc,
    .cmaps = cmaps,
    .kern_dsc = &kern_classes,
    .kern_scale = 16,
    .cmap_num = 1,
    .bpp = 4,
    .kern_classes = 1,
    .bitmap_format = 1,
#if LVGL_VERSION_MAJOR == 8
    .cache = &cache
#endif
};



/*-----------------
 *  PUBLIC FONT
 *----------------*/

/*Initialize a public general font descriptor*/
#if LVGL_VERSION_MAJOR >= 8
const lv_font_t extras_lat_24 = {
#else
lv_font_t extras_lat_24 = {
#endif
    .get_glyph_dsc = lv_font_get_glyph_dsc_fmt_txt,    /*Function pointer to get glyph's data*/
    .get_glyph_bitmap = lv_font_get_bitmap_fmt_txt,    /*Function pointer to get glyph's bitmap*/
    .line_height = 31,          /*The maximum line height required by the font*/
    .base_line = 7,             /*Baseline measured from the bottom of the line*/
#if !(LVGL_VERSION_MAJOR == 6 && LVGL_VERSION_MINOR == 0)
    .subpx = LV_FONT_SUBPX_NONE,
#endif
#if LV_VERSION_CHECK(7, 4, 0) || LVGL_VERSION_MAJOR >= 8
    .underline_position = -2,
    .underline_thickness = 1,
#endif
    .dsc = &font_dsc,          /*The custom font data. Will be accessed by `get_glyph_bitmap/dsc` */
#if LV_VERSION_CHECK(8, 2, 0) || LVGL_VERSION_MAJOR >= 9
    .fallback = NULL,
#endif
    .user_data = NULL,
};



#endif /*#if EXTRAS_LAT_24*/


#endif /* HAS_TANMATSU */
