/*******************************************************************************
 * Size: 12 px
 * Bpp: 4
 * Generated by scripts/build/gen-touch-fonts.sh with lv_font_conv 1.5.3
 * Sources: Montserrat Medium (LVGL v8.4.0), Noto Sans 2.015, Noto Sans Symbols 2.008, Noto Sans Arabic UI 2.011
 ******************************************************************************/

#if 1
#include "lvgl.h"
#else
#include "lvgl/lvgl.h"
#endif

#ifndef EXTRAS_12
#define EXTRAS_12 1
#endif

#if EXTRAS_12

/*-----------------
 *    BITMAPS
 *----------------*/

/*Store the image of the glyphs*/
static LV_ATTRIBUTE_LARGE_CONST const uint8_t glyph_bitmap[] = {
    /* U+00A3 "£" */
    0x0, 0x47, 0x72, 0xc0, 0x8, 0xbf, 0xd0, 0x0,
    0x27, 0x10, 0x30, 0xf, 0xcf, 0xb, 0xba, 0x10,
    0x78, 0x5d, 0xd0, 0x80, 0x4, 0xc0, 0x30, 0xde,
    0x80, 0x68, 0x3b, 0xff, 0x98,

    /* U+00A5 "¥" */
    0x98, 0x0, 0xa9, 0xad, 0x80, 0x4, 0x8c, 0x48,
    0xe1, 0x12, 0x0, 0x99, 0x12, 0x30, 0x0, 0xd7,
    0x18, 0x40, 0x16, 0xc2, 0xb2, 0x1, 0xfd, 0x78,
    0x1b, 0x20, 0x1f, 0x80,

    /* U+00A7 "§" */
    0x7, 0xde, 0xc1, 0x14, 0xef, 0x70, 0x44, 0x72,
    0x24, 0x0, 0x72, 0xf8, 0x2, 0x6b, 0xe4, 0x41,
    0x10, 0xc1, 0xc0, 0x1b, 0xfa, 0x8, 0x7, 0x92,
    0xa4, 0x22, 0x4, 0x26, 0x2c, 0xdd, 0x22, 0x0,

    /* U+00A9 "©" */
    0x0, 0xc, 0xdd, 0xa0, 0x40, 0x22, 0xaa, 0x5d,
    0xd4, 0x40, 0x9, 0xa0, 0xcd, 0x5a, 0x90, 0x33,
    0xf, 0x7e, 0xb8, 0x99, 0x36, 0x90, 0x98, 0x8,
    0x6b, 0x80, 0x80, 0x7e, 0x6c, 0x21, 0x20, 0x10,
    0xd7, 0x34, 0x1e, 0xe6, 0xa0, 0xa1, 0x7, 0x68,
    0x66, 0xb6, 0xf0, 0x0, 0xb6, 0xaa, 0xbd, 0x20,

    /* U+00AE "®" */
    0x0, 0xc, 0xdd, 0xa0, 0x40, 0x22, 0xaa, 0x5d,
    0xd4, 0x40, 0x9, 0xaa, 0x6e, 0x5, 0x48, 0x19,
    0x84, 0xe6, 0x20, 0x26, 0x4d, 0xa0, 0x18, 0x43,
    0x5c, 0x4, 0x1, 0x37, 0x0, 0x13, 0x60, 0x2,
    0x55, 0xc3, 0x5c, 0xd0, 0x40, 0x17, 0x4, 0x84,
    0x1d, 0xb2, 0x83, 0xdd, 0x0, 0xb, 0x6a, 0xab,
    0xd2, 0x0,

    /* U+00B0 "°" */
    0x8, 0xb9, 0x3, 0x1b, 0xe5, 0x0, 0xe3, 0x1c,
    0xe5,

    /* U+00B1 "±" */
    0x0, 0xb4, 0x3, 0xff, 0x8a, 0xbd, 0xc2, 0xee,
    0x1a, 0xf7, 0xb, 0xb8, 0x60, 0x1f, 0xef, 0x0,
    0x97, 0xb9, 0x9d, 0xc3,

    /* U+00B7 "·" */
    0xa, 0x21, 0x41,

    /* U+00BC "¼" */
    0x1a, 0xd0, 0xa, 0x14, 0x16, 0x40, 0x22, 0x35,
    0x4, 0x30, 0xa, 0x60, 0x3, 0xc8, 0x46, 0xe0,
    0x1d, 0x10, 0x68, 0x10, 0x5, 0xbd, 0x86, 0x18,
    0x4, 0xf6, 0xf7, 0x0, 0x1a, 0x20, 0x2f, 0xc7,
    0x60, 0x66, 0x41, 0xdc, 0x3b,

    /* U+00BD "½" */
    0x3, 0x50, 0x9, 0x44, 0x1b, 0xf8, 0x0, 0x5c,
    0x20, 0xfc, 0x1, 0x4c, 0x80, 0x2, 0x1, 0x21,
    0x10, 0x3, 0xd1, 0xb7, 0x86, 0x1, 0x35, 0xad,
    0xfc, 0x81, 0x5d, 0x38, 0x83, 0x10, 0x2, 0x28,
    0x0, 0x5d, 0x0, 0x28, 0xc0, 0x33, 0x40, 0x9,
    0x80, 0x4, 0x36, 0xc8,

    /* U+00BE "¾" */
    0x5b, 0xb1, 0x80, 0x56, 0x0, 0x4b, 0xfa, 0x0,
    0x47, 0x0, 0x6, 0xea, 0x80, 0x46, 0xa0, 0x15,
    0xe4, 0x4, 0xc2, 0x20, 0x8, 0x4, 0x10, 0x89,
    0x58, 0x15, 0x71, 0x1c, 0x80, 0x8, 0xbb, 0x25,
    0x28, 0x60, 0x6, 0x1b, 0x6d, 0x5b, 0x63, 0x0,
    0x5f, 0x84, 0xe5, 0xb1, 0x80,

    /* U+00C0 "À" */
    0x0, 0x8d, 0xc0, 0x3f, 0x18, 0x58, 0x7, 0xe7,
    0xb0, 0xf, 0xcd, 0xe6, 0x1, 0xf5, 0x95, 0x0,
    0x79, 0xf, 0x98, 0x40, 0x3b, 0xd8, 0xcc, 0xc0,
    0x18, 0x52, 0x82, 0xa4, 0x3, 0x49, 0x90, 0x38,
    0xa8, 0x4, 0xc7, 0xdc, 0xf0, 0xe0, 0x3, 0x6,
    0xff, 0xd6, 0x84, 0x15, 0x24, 0x23, 0x22, 0x2c,

    /* U+00C1 "Á" */
    0x0, 0xe1, 0x72, 0x0, 0xf0, 0xe9, 0x10, 0x3,
    0xc3, 0x8a, 0x1, 0xf3, 0x79, 0x80, 0x7d, 0x65,
    0x40, 0x1e, 0x43, 0xe6, 0x10, 0xe, 0xf6, 0x33,
    0x30, 0x6, 0x14, 0xa0, 0xa9, 0x0, 0xd2, 0x64,
    0xe, 0x2a, 0x1, 0x31, 0xf7, 0x3c, 0x38, 0x0,
    0xc1, 0xbf, 0xf5, 0xa1, 0x5, 0x49, 0x8, 0xc8,
    0x8b,

    /* U+00C2 "Â" */
    0x0, 0xc6, 0xe2, 0x1, 0xe4, 0x82, 0xd2, 0x0,
    0xe4, 0xb5, 0xc2, 0x0, 0xf3, 0x79, 0x80, 0x7d,
    0x65, 0x40, 0x1e, 0x43, 0xe6, 0x10, 0xe, 0xf6,
    0x33, 0x30, 0x6, 0x14, 0xa0, 0xa9, 0x0, 0xd2,
    0x64, 0xe, 0x2a, 0x1, 0x31, 0xf7, 0x3c, 0x38,
    0x0, 0xc1, 0xbf, 0xf5, 0xa1, 0x5, 0x49, 0x8,
    0xc8, 0x8b,

    /* U+00C3 "Ã" */
    0x0, 0x8f, 0x15, 0x10, 0x1, 0xc9, 0xc5, 0xe8,
    0x1, 0xce, 0x4f, 0x60, 0x1f, 0x37, 0x98, 0x7,
    0xd6, 0x54, 0x1, 0xe4, 0x3e, 0x61, 0x0, 0xef,
    0x63, 0x33, 0x0, 0x61, 0x4a, 0xa, 0x90, 0xd,
    0x26, 0x40, 0xe2, 0xa0, 0x13, 0x1f, 0x73, 0xc3,
    0x80, 0xc, 0x1b, 0xff, 0x5a, 0x10, 0x54, 0x90,
    0x8c, 0x88, 0xb0,

    /* U+00C4 "Ä" */
    0x0, 0xff, 0xe0, 0x9e, 0x7, 0x0, 0x78, 0xf8,
    0x30, 0x3, 0xe4, 0xf1, 0x0, 0xfa, 0xca, 0x80,
    0x3c, 0x87, 0xcc, 0x20, 0x1d, 0xec, 0x66, 0x60,
    0xc, 0x29, 0x41, 0x52, 0x1, 0xa4, 0xc8, 0x1c,
    0x54, 0x2, 0x63, 0xee, 0x78, 0x70, 0x1, 0x83,
    0x7f, 0xeb, 0x42, 0xa, 0x92, 0x11, 0x91, 0x16,

    /* U+00C5 "Å" */
    0x0, 0xcd, 0x26, 0x1, 0xf7, 0xcd, 0x0, 0x7d,
    0x93, 0x40, 0x1f, 0x2c, 0x98, 0x7, 0xcd, 0xe6,
    0x1, 0xf5, 0x95, 0x0, 0x79, 0xf, 0x98, 0x40,
    0x3b, 0xd8, 0xcc, 0xc0, 0x18, 0x52, 0x82, 0xa4,
    0x3, 0x49, 0x90, 0x38, 0xa8, 0x4, 0xc7, 0xdc,
    0xf0, 0xe0, 0x3, 0x6, 0xff, 0xd6, 0x84, 0x15,
    0x24, 0x23, 0x22, 0x2c,

    /* U+00C6 "Æ" */
    0x0, 0xe4, 0xff, 0xf5, 0x80, 0x74, 0xb0, 0x6e,
    0xea, 0x0, 0xcc, 0x14, 0x4, 0x58, 0x40, 0x34,
    0x40, 0x3, 0xfd, 0x6, 0xa0, 0xf, 0xfc, 0x60,
    0x1, 0x78, 0x0, 0xb7, 0x71, 0x80, 0x2c, 0x2f,
    0xb0, 0x8, 0xb0, 0x0, 0xd6, 0xff, 0xd6, 0x4,
    0x5c, 0x10, 0xe8, 0x22, 0x70, 0xdd, 0xd8,

    /* U+00C7 "Ç" */
    0x0, 0x1d, 0xf7, 0xd9, 0x80, 0x17, 0xb, 0x70,
    0xf4, 0x1, 0x73, 0x23, 0x34, 0x70, 0x20, 0x30,
    0x7, 0x88, 0x80, 0x1f, 0x11, 0x0, 0x3e, 0x40,
    0x60, 0xf, 0xae, 0x64, 0x66, 0x8e, 0x0, 0x2e,
    0x16, 0x60, 0xf4, 0x2, 0x3b, 0x5c, 0xb3, 0x0,
    0xeb, 0xe0, 0xf, 0x2d, 0x38, 0x4,

    /* U+00C8 "È" */
    0x4, 0x60, 0xe, 0x4f, 0x90, 0xe, 0x99, 0x0,
    0x57, 0xff, 0xc6, 0xf, 0xbb, 0x8c, 0x3c, 0x8b,
    0x0, 0x7f, 0x47, 0xfd, 0x40, 0x7, 0xdd, 0xac,
    0x1, 0xe4, 0x50, 0x80, 0x3c, 0x8b, 0x0, 0x1f,
    0x77, 0x28,

    /* U+00C9 "É" */
    0x0, 0x89, 0xc4, 0x2, 0x3e, 0x41, 0x0, 0x8f,
    0xc, 0x1, 0x7f, 0xfc, 0x60, 0xfb, 0xb8, 0xc3,
    0xc8, 0xb0, 0x7, 0xf4, 0x7f, 0xd4, 0x0, 0x7d,
    0xda, 0xc0, 0x1e, 0x45, 0x8, 0x3, 0xc8, 0xb0,
    0x1, 0xf7, 0x72, 0x80,

    /* U+00CA "Ê" */
    0x0, 0x23, 0x80, 0x66, 0xe2, 0xb1, 0x0, 0x35,
    0x2d, 0x88, 0x5f, 0xff, 0x18, 0x3e, 0xee, 0x30,
    0xf2, 0x2c, 0x1, 0xfd, 0x1f, 0xf5, 0x0, 0x1f,
    0x76, 0xb0, 0x7, 0x91, 0x42, 0x0, 0xf2, 0x2c,
    0x0, 0x7d, 0xdc, 0xa0,

    /* U+00CB "Ë" */
    0x0, 0xfc, 0xd2, 0x5a, 0x1, 0x34, 0x17, 0x80,
    0x2f, 0xfb, 0xf7, 0xcc, 0x1f, 0x77, 0x18, 0x79,
    0x16, 0x0, 0xfe, 0x8f, 0xfa, 0x80, 0xf, 0xbb,
    0x58, 0x3, 0xc8, 0xa1, 0x0, 0x79, 0x16, 0x0,
    0x3e, 0xee, 0x50,

    /* U+00CC "Ì" */
    0x7, 0x30, 0x2, 0xfa, 0x1, 0x62, 0x0, 0x2d,
    0xc0, 0x3f, 0xfa, 0x80,

    /* U+00CD "Í" */
    0x0, 0x2a, 0x80, 0xf, 0xea, 0x0, 0x7a, 0x0,
    0xad, 0xc0, 0x3f, 0xfb, 0xc0,

    /* U+00CE "Î" */
    0x0, 0x3a, 0x80, 0x56, 0x38, 0xe0, 0xb, 0x69,
    0x70, 0xa, 0xdc, 0x3, 0xff, 0xcc,

    /* U+00CF "Ï" */
    0x0, 0xd8, 0x70, 0xfc, 0x72, 0xc5, 0x6c, 0x20,
    0x1f, 0xfd, 0x40,

    /* U+00D0 "Ð" */
    0xa, 0xff, 0xba, 0xcc, 0x3, 0x36, 0xec, 0x78,
    0xa0, 0x18, 0x88, 0x71, 0x34, 0x1, 0xf9, 0x85,
    0x71, 0x5b, 0xb4, 0x2, 0x23, 0xd3, 0x5f, 0xc0,
    0x8, 0x8c, 0x58, 0xc4, 0x40, 0x6, 0x15, 0x0,
    0x88, 0x87, 0x13, 0x40, 0x13, 0x6e, 0xc7, 0x6a,
    0x0,

    /* U+00D1 "Ñ" */
    0x0, 0x4d, 0x4, 0x80, 0x42, 0x28, 0xbc, 0x0,
    0x86, 0xa, 0xd4, 0x1, 0x72, 0x1, 0xad, 0xc1,
    0x94, 0x3, 0xc7, 0x44, 0x1, 0xd6, 0xbe, 0x1,
    0xea, 0x9, 0x0, 0xf7, 0xb2, 0x80, 0x71, 0x4d,
    0x30, 0x7, 0x32, 0x90, 0x7, 0xa8, 0x80,

    /* U+00D2 "Ò" */
    0x0, 0x99, 0x0, 0x3f, 0x3f, 0xb0, 0x7, 0xc3,
    0x6c, 0x1, 0xe3, 0xbe, 0xfb, 0x40, 0x9, 0x70,
    0xb7, 0xe, 0xd8, 0x1, 0x73, 0x23, 0x34, 0x54,
    0x8a, 0x3, 0x0, 0x65, 0x24, 0x22, 0x0, 0x79,
    0x88, 0xa0, 0xf, 0x31, 0x20, 0x30, 0x6, 0x52,
    0x40, 0xb9, 0x91, 0x9a, 0x2a, 0x44, 0x17, 0xb,
    0x70, 0xed, 0x80,

    /* U+00D3 "Ó" */
    0x0, 0xe3, 0x60, 0xf, 0x97, 0xdc, 0x3, 0xe5,
    0xc1, 0x0, 0xe3, 0xbe, 0xfb, 0x40, 0x9, 0x70,
    0xb7, 0xe, 0xd8, 0x1, 0x73, 0x23, 0x34, 0x54,
    0x8a, 0x3, 0x0, 0x65, 0x24, 0x22, 0x0, 0x79,
    0x88, 0xa0, 0xf, 0x31, 0x20, 0x30, 0x6, 0x52,
    0x40, 0xb9, 0x91, 0x9a, 0x2a, 0x44, 0x17, 0xb,
    0x70, 0xed, 0x80,

    /* U+00D4 "Ô" */
    0x0, 0xcc, 0xc0, 0xf, 0xa3, 0x86, 0x80, 0x3d,
    0x10, 0x7a, 0x0, 0xe3, 0xbe, 0xfb, 0x40, 0x9,
    0x70, 0xb7, 0xe, 0xd8, 0x1, 0x73, 0x23, 0x34,
    0x54, 0x8a, 0x3, 0x0, 0x65, 0x24, 0x22, 0x0,
    0x79, 0x88, 0xa0, 0xf, 0x31, 0x20, 0x30, 0x6,
    0x52, 0x40, 0xb9, 0x91, 0x9a, 0x2a, 0x44, 0x17,
    0xb, 0x70, 0xed, 0x80,

    /* U+00D5 "Õ" */
    0x0, 0x9e, 0xc6, 0x40, 0x3d, 0xd5, 0x62, 0x1,
    0xe9, 0x1a, 0x80, 0xe, 0x3b, 0xef, 0xb4, 0x0,
    0x97, 0xb, 0x70, 0xed, 0x80, 0x17, 0x32, 0x33,
    0x45, 0x48, 0xa0, 0x30, 0x6, 0x52, 0x42, 0x20,
    0x7, 0x98, 0x8a, 0x0, 0xf3, 0x12, 0x3, 0x0,
    0x65, 0x24, 0xb, 0x99, 0x19, 0xa2, 0xa4, 0x41,
    0x70, 0xb7, 0xe, 0xd8, 0x0,

    /* U+00D6 "Ö" */
    0x0, 0xff, 0xe0, 0xcb, 0x2d, 0x0, 0x7a, 0x19,
    0x6c, 0x3, 0xc2, 0x0, 0x10, 0xe, 0x3b, 0xef,
    0xb4, 0x0, 0x97, 0xb, 0x70, 0xed, 0x80, 0x17,
    0x32, 0x33, 0x45, 0x48, 0xa0, 0x30, 0x6, 0x52,
    0x42, 0x20, 0x7, 0x98, 0x8a, 0x0, 0xf3, 0x12,
    0x3, 0x0, 0x65, 0x24, 0xb, 0x99, 0x19, 0xa2,
    0xa4, 0x41, 0x70, 0xb7, 0xe, 0xd8, 0x0,

    /* U+00D7 "×" */
    0x1, 0x0, 0x84, 0x1, 0x86, 0xb, 0xa0, 0xf,
    0xe7, 0x8d, 0x0, 0x15, 0xc4, 0x88, 0x0, 0xee,
    0x64, 0x20, 0xe, 0xe3, 0x46, 0x80, 0x30, 0xc1,
    0x74, 0x0,

    /* U+00D8 "Ø" */
    0x0, 0xf8, 0xb0, 0x2, 0x3b, 0xef, 0xbd, 0xe0,
    0x2, 0xe1, 0x6e, 0x20, 0x20, 0x2, 0xe6, 0x46,
    0x27, 0x52, 0x28, 0xc, 0x0, 0x9f, 0x52, 0x42,
    0x20, 0x1, 0x8c, 0xc0, 0xc4, 0x50, 0xd, 0x40,
    0x1, 0x89, 0x1, 0xab, 0xc0, 0xa, 0x48, 0x17,
    0x28, 0x7, 0x15, 0x22, 0x8, 0x7, 0xb8, 0x76,
    0xc0, 0xa, 0xcc, 0x77, 0xda, 0x0, 0x0,

    /* U+00D9 "Ù" */
    0x1, 0x72, 0x0, 0xe1, 0x4e, 0x30, 0xe, 0x3c,
    0x30, 0xb, 0x58, 0x3, 0x72, 0x0, 0x7f, 0xf5,
    0x4, 0x40, 0x18, 0x5d, 0x74, 0x2, 0x20, 0x2b,
    0x58, 0x35, 0xf5, 0x12, 0xb4, 0xcb, 0x5a, 0x0,

    /* U+00DA "Ú" */
    0x0, 0xcc, 0x80, 0x1d, 0x3e, 0x80, 0x1d, 0x32,
    0x0, 0xb5, 0x80, 0x37, 0x20, 0x7, 0xff, 0x50,
    0x44, 0x1, 0x85, 0xd7, 0x40, 0x22, 0x2, 0xb5,
    0x83, 0x5f, 0x51, 0x2b, 0x4c, 0xb5, 0xa0,

    /* U+00DB "Û" */
    0x0, 0x9d, 0x0, 0x30, 0xd9, 0x7b, 0x0, 0x43,
    0x6b, 0x6c, 0x0, 0xd6, 0x0, 0xdc, 0x80, 0x1f,
    0xfd, 0x41, 0x10, 0x6, 0x17, 0x5d, 0x0, 0x88,
    0xa, 0xd6, 0xd, 0x7d, 0x44, 0xad, 0x32, 0xd6,
    0x80,

    /* U+00DC "Ü" */
    0x0, 0xff, 0x69, 0x52, 0x80, 0x6f, 0x2b, 0x50,
    0xc, 0x40, 0x20, 0x16, 0xb0, 0x6, 0xe4, 0x0,
    0xff, 0xea, 0x8, 0x80, 0x30, 0xba, 0xe8, 0x4,
    0x40, 0x56, 0xb0, 0x6b, 0xea, 0x25, 0x69, 0x96,
    0xb4, 0x0,

    /* U+00DD "Ý" */
    0x0, 0xe5, 0x50, 0x7, 0x9f, 0xd4, 0x3, 0xcf,
    0x40, 0x1b, 0x20, 0x3, 0x54, 0x7, 0xb8, 0x80,
    0xd, 0x20, 0xd, 0x6c, 0x1, 0xf0, 0x1, 0x5a,
    0x9a, 0x8b, 0x0, 0x43, 0x1f, 0x72, 0x1, 0xce,
    0x4a, 0x80, 0x1e, 0x5c, 0x0, 0xff, 0xe4, 0x80,

    /* U+00DE "Þ" */
    0xb7, 0x0, 0xfa, 0x3f, 0xda, 0xe0, 0x13, 0xee,
    0xa2, 0xa4, 0x1, 0xe4, 0x45, 0x97, 0x0, 0xf3,
    0x88, 0x7, 0x17, 0xa8, 0x2, 0x3f, 0xda, 0xd6,
    0x0, 0x7d, 0xd7, 0xd0, 0x80, 0x3c, 0x88, 0x1,
    0x80,

    /* U+00DF "ß" */
    0x8, 0xef, 0xa1, 0x7, 0x5d, 0xd0, 0xd8, 0x5c,
    0x19, 0x7b, 0x81, 0x8, 0x3, 0x94, 0x2, 0x2f,
    0x5c, 0x0, 0x8b, 0x66, 0xc8, 0x2, 0x26, 0x5a,
    0x0, 0xfe, 0x22, 0x2a, 0xac, 0x1, 0x5b, 0x72,
    0x60,

    /* U+00E0 "à" */
    0x3, 0xe3, 0x0, 0xc7, 0xbe, 0x20, 0x18, 0xf0,
    0x40, 0x28, 0xdf, 0xc3, 0x0, 0x14, 0xea, 0xf0,
    0x2, 0x90, 0xa0, 0x84, 0x23, 0x7b, 0xc0, 0xd1,
    0xb3, 0xb8, 0x1, 0x84, 0x1c, 0x0, 0x8f, 0xdb,
    0xe0, 0x0,

    /* U+00E1 "á" */
    0x0, 0x8f, 0x8c, 0x2, 0x1f, 0xd3, 0x0, 0x87,
    0xc, 0x2, 0x8d, 0xfc, 0x30, 0x1, 0x4e, 0xaf,
    0x0, 0x29, 0xa, 0x8, 0x42, 0x37, 0xbc, 0xd,
    0x1b, 0x3b, 0x80, 0x18, 0x41, 0xc0, 0x8, 0xfd,
    0xbe, 0x0,

    /* U+00E2 "â" */
    0x0, 0x3f, 0xb8, 0x4, 0x99, 0xd8, 0x60, 0x4,
    0xb1, 0xb3, 0x0, 0x46, 0xfe, 0x18, 0x0, 0xa7,
    0x57, 0x80, 0x14, 0x85, 0x4, 0x21, 0x1b, 0xde,
    0x6, 0x8d, 0x9d, 0xc0, 0xc, 0x20, 0xe0, 0x4,
    0x7e, 0xdf, 0x0, 0x0,

    /* U+00E3 "ã" */
    0x2, 0xc7, 0x46, 0x0, 0x27, 0xf, 0xb8, 0x1,
    0x89, 0xac, 0x40, 0x11, 0xbf, 0x86, 0x0, 0x29,
    0xd5, 0xe0, 0x5, 0x21, 0x41, 0x8, 0x46, 0xf7,
    0x81, 0xa3, 0x67, 0x70, 0x3, 0x8, 0x38, 0x1,
    0x1f, 0xb7, 0xc0, 0x0,

    /* U+00E4 "ä" */
    0x2, 0xc0, 0xd1, 0x0, 0x17, 0x87, 0x8, 0x4,
    0x60, 0x60, 0x14, 0x6f, 0xe1, 0x80, 0xa, 0x75,
    0x78, 0x1, 0x48, 0x50, 0x42, 0x11, 0xbd, 0xe0,
    0x68, 0xd9, 0xdc, 0x0, 0xc2, 0xe, 0x0, 0x47,
    0xed, 0xf0, 0x0,

    /* U+00E5 "å" */
    0x0, 0x24, 0xa0, 0x6, 0xd9, 0xd0, 0xd, 0xb3,
    0xa0, 0x19, 0x25, 0x0, 0x28, 0xdf, 0xc3, 0x0,
    0x14, 0xea, 0xf0, 0x2, 0x90, 0xa0, 0x84, 0x23,
    0x7b, 0xc0, 0xd1, 0xb3, 0xb8, 0x1, 0x84, 0x1c,
    0x0, 0x8f, 0xdb, 0xe0, 0x0,

    /* U+00E6 "æ" */
    0x8, 0xdf, 0xc3, 0x6e, 0xfa, 0x10, 0x1, 0x4e,
    0xae, 0x45, 0x68, 0x68, 0x2, 0x90, 0xa0, 0x2d,
    0xa, 0x88, 0xc2, 0x37, 0xbc, 0x2f, 0xba, 0x6,
    0x45, 0xde, 0xe0, 0x5f, 0x76, 0x50, 0x33, 0x14,
    0x8d, 0xa1, 0x34, 0x2, 0x36, 0xe8, 0xfe, 0x6b,
    0x6e, 0xc0,

    /* U+00E7 "ç" */
    0x2, 0xbf, 0xe8, 0x0, 0x78, 0xed, 0x21, 0xa8,
    0x51, 0x26, 0x19, 0x30, 0x7, 0x13, 0x0, 0x72,
    0x85, 0x12, 0x69, 0x87, 0x8e, 0xd2, 0x98, 0x15,
    0x9f, 0xc0, 0x6, 0x8a, 0x0, 0xd1, 0xd, 0x0,
    0x0,

    /* U+00E8 "è" */
    0x2, 0xd5, 0x0, 0xc5, 0x92, 0x60, 0x18, 0x70,
    0xc0, 0x22, 0xbf, 0xd5, 0x0, 0x61, 0xf4, 0xda,
    0x29, 0x40, 0xa4, 0x79, 0x1f, 0x75, 0xe, 0x44,
    0xee, 0xd8, 0xa7, 0x24, 0x74, 0x41, 0x85, 0xba,
    0x32,

    /* U+00E9 "é" */
    0x0, 0x87, 0x94, 0x3, 0x55, 0xa8, 0x6, 0xb5,
    0x0, 0x8a, 0xff, 0x54, 0x1, 0x87, 0xd3, 0x68,
    0xa5, 0x2, 0x91, 0xe4, 0x7d, 0xd4, 0x39, 0x13,
    0xbb, 0x62, 0x9c, 0x91, 0xd1, 0x6, 0x16, 0xe8,
    0xc8,

    /* U+00EA "ê" */
    0x0, 0x27, 0xd0, 0x4, 0x51, 0xa6, 0xc0, 0x2,
    0xc2, 0x96, 0x0, 0x15, 0xfe, 0xa8, 0x3, 0xf,
    0xa6, 0xd1, 0x4a, 0x5, 0x23, 0xc8, 0xfb, 0xa8,
    0x72, 0x27, 0x76, 0xc5, 0x39, 0x23, 0xa2, 0xc,
    0x2d, 0xd1, 0x90,

    /* U+00EB "ë" */
    0x0, 0x68, 0xd2, 0x0, 0x5c, 0x30, 0x80, 0x11,
    0x81, 0x0, 0x45, 0x7f, 0xaa, 0x0, 0xc3, 0xe9,
    0xb4, 0x52, 0x81, 0x48, 0xf2, 0x3e, 0xea, 0x1c,
    0x89, 0xdd, 0xb1, 0x4e, 0x48, 0xe8, 0x83, 0xb,
    0x74, 0x64,

    /* U+00EC "ì" */
    0x2d, 0x50, 0x2c, 0x92, 0x1, 0xc2, 0x0, 0x72,
    0x0, 0x7f, 0xf3, 0x0,

    /* U+00ED "í" */
    0x1, 0xe5, 0xa, 0xa2, 0x85, 0xa0, 0x3, 0x90,
    0x3, 0xff, 0x9a,

    /* U+00EE "î" */
    0x3, 0xf8, 0x0, 0x46, 0x99, 0x82, 0xca, 0xcc,
    0x1, 0xc8, 0x1, 0xff, 0xd3,

    /* U+00EF "ï" */
    0xa4, 0xd0, 0x84, 0xe0, 0x20, 0x30, 0x7, 0x20,
    0x7, 0xff, 0x34,

    /* U+00F0 "ð" */
    0xb, 0xfe, 0xb6, 0x60, 0x2, 0x35, 0xd2, 0x40,
    0x36, 0x1e, 0xbe, 0x80, 0xb, 0x28, 0xa9, 0x0,
    0x5, 0x3d, 0x82, 0x4, 0x39, 0x94, 0xf0, 0x1,
    0xcd, 0xc9, 0x68, 0x8, 0x40, 0x38, 0xc1, 0x4d,
    0x85, 0x26, 0x40, 0x57, 0x6e, 0x9b, 0x50,

    /* U+00F1 "ñ" */
    0x7, 0xc2, 0xa0, 0xb, 0xb2, 0xc8, 0x2, 0x90,
    0x98, 0x0, 0x73, 0x6f, 0xe1, 0x0, 0x22, 0x79,
    0xb8, 0x1, 0x8, 0x36, 0x60, 0x2, 0x0, 0x8,
    0x8, 0x7, 0x8c, 0x3, 0xff, 0x84,

    /* U+00F2 "ò" */
    0x1, 0xc7, 0x0, 0xe1, 0xcc, 0x20, 0x7, 0xad,
    0x0, 0x31, 0x5f, 0xf4, 0x0, 0x58, 0x3b, 0xa6,
    0x80, 0x53, 0xa2, 0x3a, 0x70, 0x26, 0x0, 0x94,
    0x4, 0x98, 0x2, 0x50, 0x15, 0xa, 0x23, 0xa7,
    0x0, 0x78, 0xee, 0x9a, 0x0,

    /* U+00F3 "ó" */
    0x0, 0xda, 0xe0, 0x1d, 0x54, 0x70, 0xe, 0xa7,
    0x0, 0xc5, 0x7f, 0xd0, 0x1, 0x60, 0xee, 0x9a,
    0x1, 0x4e, 0x88, 0xe9, 0xc0, 0x98, 0x2, 0x50,
    0x12, 0x60, 0x9, 0x40, 0x54, 0x28, 0x8e, 0x9c,
    0x1, 0xe3, 0xba, 0x68, 0x0,

    /* U+00F4 "ô" */
    0x0, 0x1f, 0x58, 0x6, 0x1f, 0xd3, 0x80, 0x8,
    0x70, 0xe2, 0x0, 0x11, 0x5f, 0xf4, 0x0, 0x58,
    0x3b, 0xa6, 0x80, 0x53, 0xa2, 0x3a, 0x70, 0x26,
    0x0, 0x94, 0x4, 0x98, 0x2, 0x50, 0x15, 0xa,
    0x23, 0xa7, 0x0, 0x78, 0xee, 0x9a, 0x0,

    /* U+00F5 "õ" */
    0x0, 0x5d, 0x5, 0x0, 0x45, 0x91, 0x7c, 0x1,
    0x13, 0x95, 0xa0, 0x4, 0x57, 0xfd, 0x0, 0x16,
    0xe, 0xe9, 0xa0, 0x14, 0xe8, 0x8e, 0x9c, 0x9,
    0x80, 0x25, 0x1, 0x26, 0x0, 0x94, 0x5, 0x42,
    0x88, 0xe9, 0xc0, 0x1e, 0x3b, 0xa6, 0x80,

    /* U+00F6 "ö" */
    0x0, 0x61, 0x43, 0x0, 0x6f, 0x2a, 0x70, 0xc,
    0x60, 0x42, 0x1, 0x15, 0xff, 0x40, 0x5, 0x83,
    0xba, 0x68, 0x5, 0x3a, 0x23, 0xa7, 0x2, 0x60,
    0x9, 0x40, 0x49, 0x80, 0x25, 0x1, 0x50, 0xa2,
    0x3a, 0x70, 0x7, 0x8e, 0xe9, 0xa0, 0x0,

    /* U+00F7 "÷" */
    0x0, 0x17, 0x0, 0x71, 0x48, 0x7, 0x9c, 0x2,
    0x5e, 0xee, 0x35, 0xef, 0x9e, 0xe1, 0x80, 0xe,
    0x40, 0x20,

    /* U+00F8 "ø" */
    0x0, 0xe3, 0x70, 0x1, 0x5f, 0xf6, 0x38, 0x3,
    0x7, 0x5c, 0x20, 0x14, 0xe8, 0x8e, 0xdc, 0x9,
    0x82, 0x20, 0xa0, 0x24, 0xc4, 0x4, 0xa0, 0x2a,
    0x1b, 0x67, 0x4e, 0x0, 0xa0, 0xcd, 0x68, 0x0,
    0x6f, 0xfb, 0xa0, 0x0,

    /* U+00F9 "ù" */
    0x9, 0xb0, 0xe, 0x93, 0x70, 0xe, 0x87, 0x0,
    0xbc, 0xc0, 0x5, 0xe0, 0x1f, 0xfc, 0xa1, 0x70,
    0x3, 0x0, 0x13, 0xc8, 0x90, 0x0, 0xb0, 0xdc,
    0xa0, 0x0,

    /* U+00FA "ú" */
    0x0, 0xaa, 0x80, 0x19, 0x8e, 0x80, 0x33, 0x48,
    0x5, 0xe6, 0x0, 0x2f, 0x0, 0xff, 0xe5, 0xb,
    0x80, 0x18, 0x0, 0x9e, 0x44, 0x80, 0x5, 0x86,
    0xe5, 0x0, 0x0,

    /* U+00FB "û" */
    0x1, 0xdd, 0x8, 0x5, 0x71, 0x34, 0x1, 0x52,
    0xa5, 0x80, 0x3c, 0xc0, 0x5, 0xe0, 0x1f, 0xfc,
    0xa1, 0x70, 0x3, 0x0, 0x13, 0xc8, 0x90, 0x0,
    0xb0, 0xdc, 0xa0, 0x0,

    /* U+00FC "ü" */
    0x8, 0x65, 0x90, 0xa, 0x9d, 0x2c, 0x2, 0x21,
    0x11, 0x0, 0x3c, 0xc0, 0x5, 0xe0, 0x1f, 0xfc,
    0xa1, 0x70, 0x3, 0x0, 0x13, 0xc8, 0x90, 0x0,
    0xb0, 0xdc, 0xa0, 0x0,

    /* U+00FD "ý" */
    0x0, 0xd1, 0x82, 0x1, 0x90, 0xf0, 0x40, 0x32,
    0x58, 0x6, 0xd5, 0x0, 0xa6, 0x2, 0xb8, 0x2,
    0x7a, 0x6, 0x42, 0x5, 0x22, 0x0, 0xaa, 0x83,
    0xa4, 0x2, 0xea, 0x15, 0x50, 0x4, 0x87, 0x4e,
    0x1, 0xcc, 0x94, 0x1, 0xda, 0x46, 0x1, 0x29,
    0x4d, 0x80, 0x43, 0x3a, 0xac, 0x1, 0x0,

    /* U+00FE "þ" */
    0xe4, 0x0, 0xff, 0xe4, 0x16, 0x7e, 0x20, 0x2,
    0x65, 0xb7, 0x62, 0x8, 0x52, 0x74, 0xa0, 0x30,
    0x8, 0xc8, 0x8, 0x2, 0x32, 0x9, 0x52, 0x84,
    0xa0, 0x99, 0x6a, 0x59, 0x1, 0x67, 0xe2, 0x0,
    0x7f, 0xf0, 0xc0,

    /* U+00FF "ÿ" */
    0x0, 0x34, 0x16, 0x0, 0x67, 0xa2, 0xf0, 0xc,
    0x24, 0x6, 0x1, 0x6a, 0x80, 0x53, 0x1, 0x5c,
    0x1, 0x3d, 0x3, 0x21, 0x2, 0x91, 0x0, 0x55,
    0x41, 0xd2, 0x1, 0x75, 0xa, 0xa8, 0x2, 0x43,
    0xa7, 0x0, 0xe6, 0x4a, 0x0, 0xed, 0x23, 0x0,
    0x94, 0xa6, 0xc0, 0x21, 0x9d, 0x56, 0x0, 0x80,

    /* U+0100 "Ā" */
    0x0, 0x9f, 0x32, 0x40, 0xe, 0x7c, 0xc9, 0x0,
    0x3c, 0xde, 0x60, 0x1f, 0x59, 0x50, 0x7, 0x90,
    0xf9, 0x84, 0x3, 0xbd, 0x8c, 0xcc, 0x1, 0x85,
    0x28, 0x2a, 0x40, 0x34, 0x99, 0x3, 0x8a, 0x80,
    0x4c, 0x7d, 0xcf, 0xe, 0x0, 0x30, 0x6f, 0xfd,
    0x68, 0x41, 0x52, 0x42, 0x32, 0x22, 0xc0,

    /* U+0101 "ā" */
    0x5, 0xcc, 0x94, 0x0, 0xb9, 0x92, 0x80, 0x23,
    0x7f, 0xc, 0x0, 0x53, 0xab, 0xc0, 0xa, 0x42,
    0x82, 0x10, 0x8d, 0xef, 0x3, 0x46, 0xce, 0xe0,
    0x6, 0x10, 0x70, 0x2, 0x3f, 0x6f, 0x80, 0x0,

    /* U+0102 "Ă" */
    0x0, 0x8c, 0x81, 0x8, 0x3, 0x8a, 0x2f, 0x48,
    0x3, 0x86, 0xae, 0x40, 0x3e, 0x6f, 0x30, 0xf,
    0xac, 0xa8, 0x3, 0xc8, 0x7c, 0xc2, 0x1, 0xde,
    0xc6, 0x66, 0x0, 0xc2, 0x94, 0x15, 0x20, 0x1a,
    0x4c, 0x81, 0xc5, 0x40, 0x26, 0x3e, 0xe7, 0x87,
    0x0, 0x18, 0x37, 0xfe, 0xb4, 0x20, 0xa9, 0x21,
    0x19, 0x11, 0x60,

    /* U+0103 "ă" */
    0x5, 0x80, 0x85, 0x0, 0x28, 0xd8, 0x28, 0x5,
    0x37, 0x0, 0x14, 0x6f, 0xe1, 0x80, 0xa, 0x75,
    0x78, 0x1, 0x48, 0x50, 0x42, 0x11, 0xbd, 0xe0,
    0x68, 0xd9, 0xdc, 0x0, 0xc2, 0xe, 0x0, 0x47,
    0xed, 0xf0, 0x0,

    /* U+0104 "Ą" */
    0x0, 0xcd, 0xe6, 0x1, 0xfa, 0xca, 0x80, 0x3e,
    0x43, 0xe6, 0x10, 0xf, 0x7b, 0x19, 0x98, 0x3,
    0x85, 0x28, 0x2a, 0x40, 0x3a, 0x4c, 0x81, 0xc5,
    0x40, 0x33, 0x1f, 0x73, 0xc3, 0x80, 0x26, 0xd,
    0xff, 0xad, 0x8, 0x1, 0x52, 0x42, 0x32, 0x1c,
    0x80, 0x31, 0xc0, 0x30, 0xbc, 0x80, 0x7e, 0x7c,
    0x20, 0xf, 0xc9, 0x56, 0x0,

    /* U+0105 "ą" */
    0x8, 0xdf, 0xc3, 0x0, 0x14, 0xea, 0xf0, 0x2,
    0x90, 0xa0, 0x84, 0x23, 0x7b, 0xc0, 0xd1, 0xb3,
    0xb8, 0x1, 0x84, 0x1c, 0x0, 0x8f, 0xdb, 0xe0,
    0x14, 0xf6, 0x94, 0x90, 0x4, 0x2c, 0xc0, 0xc,
    0x2f, 0x86,

    /* U+0106 "Ć" */
    0x0, 0xe4, 0x60, 0xf, 0x37, 0xb8, 0x7, 0x9a,
    0xc4, 0x3, 0x1d, 0xf7, 0xd9, 0x80, 0x17, 0xb,
    0x70, 0xf4, 0x1, 0x73, 0x23, 0x34, 0x70, 0x20,
    0x30, 0x7, 0x88, 0x80, 0x1f, 0x11, 0x0, 0x3e,
    0x40, 0x60, 0xf, 0xae, 0x64, 0x66, 0x8e, 0x0,
    0x2e, 0x16, 0x60, 0xf4, 0x0,

    /* U+0107 "ć" */
    0x0, 0x8b, 0x94, 0x3, 0x75, 0x28, 0x6, 0xc4,
    0x0, 0x8a, 0xff, 0xa0, 0x1, 0xe3, 0xb4, 0x86,
    0xa1, 0x44, 0x98, 0x64, 0xc0, 0x1c, 0x4c, 0x1,
    0xca, 0x14, 0x49, 0xa6, 0x1e, 0x3b, 0x4a, 0x60,

    /* U+0108 "Ĉ" */
    0x0, 0xcc, 0xa0, 0x1e, 0xa1, 0xc8, 0x0, 0xea,
    0x79, 0x80, 0xc, 0x77, 0xdf, 0x66, 0x0, 0x5c,
    0x2d, 0xc3, 0xd0, 0x5, 0xcc, 0x8c, 0xd1, 0xc0,
    0x80, 0xc0, 0x1e, 0x22, 0x0, 0x7c, 0x44, 0x0,
    0xf9, 0x1, 0x80, 0x3e, 0xb9, 0x91, 0x9a, 0x38,
    0x0, 0xb8, 0x59, 0x83, 0xd0,

    /* U+0109 "ĉ" */
    0x0, 0x2f, 0xc8, 0x4, 0x53, 0xc6, 0xa0, 0x2,
    0xc1, 0xa5, 0x0, 0x15, 0xff, 0x40, 0x3, 0xc7,
    0x69, 0xd, 0x42, 0x89, 0x30, 0xc9, 0x80, 0x38,
    0x98, 0x3, 0x94, 0x28, 0x93, 0x4c, 0x3c, 0x76,
    0x94, 0xc0,

    /* U+010A "Ċ" */
    0x0, 0xd2, 0xe0, 0x1f, 0x6a, 0x0, 0x7c, 0x86,
    0x1, 0xc7, 0x7d, 0xf6, 0x60, 0x5, 0xc2, 0xdc,
    0x3d, 0x0, 0x5c, 0xc8, 0xcd, 0x1c, 0x8, 0xc,
    0x1, 0xe2, 0x20, 0x7, 0xc4, 0x40, 0xf, 0x90,
    0x18, 0x3, 0xeb, 0x99, 0x19, 0xa3, 0x80, 0xb,
    0x85, 0x98, 0x3d, 0x0,

    /* U+010B "ċ" */
    0x0, 0xb4, 0xc0, 0x3a, 0xc8, 0x3, 0x98, 0x40,
    0x22, 0xbf, 0xe8, 0x0, 0x78, 0xed, 0x21, 0xa8,
    0x51, 0x26, 0x19, 0x30, 0x7, 0x13, 0x0, 0x72,
    0x85, 0x12, 0x69, 0x87, 0x8e, 0xd2, 0x98,

    /* U+010C "Č" */
    0x0, 0x9c, 0x49, 0x80, 0x39, 0x33, 0x90, 0x3,
    0x8f, 0x70, 0x80, 0x31, 0xdf, 0x7d, 0x98, 0x1,
    0x70, 0xb7, 0xf, 0x40, 0x17, 0x32, 0x33, 0x47,
    0x2, 0x3, 0x0, 0x78, 0x88, 0x1, 0xf1, 0x10,
    0x3, 0xe4, 0x6, 0x0, 0xfa, 0xe6, 0x46, 0x68,
    0xe0, 0x2, 0xe1, 0x66, 0xf, 0x40,

    /* U+010D "č" */
    0x2, 0xd2, 0xb5, 0x0, 0x14, 0xe1, 0xa8, 0x4,
    0x9d, 0x0, 0x11, 0x5f, 0xf4, 0x0, 0x3c, 0x76,
    0x90, 0xd4, 0x28, 0x93, 0xc, 0x98, 0x3, 0x89,
    0x80, 0x39, 0x42, 0x89, 0x34, 0xc3, 0xc7, 0x69,
    0x4c,

    /* U+010E "Ď" */
    0x2, 0x50, 0x53, 0x0, 0xc5, 0xba, 0xc3, 0x0,
    0xe8, 0xd9, 0x0, 0xd7, 0xff, 0x75, 0x18, 0x4,
    0xfb, 0xb1, 0xe2, 0x0, 0x3c, 0x88, 0x73, 0x14,
    0x1, 0xf3, 0x89, 0x80, 0x7c, 0x2c, 0x1, 0xf0,
    0xb0, 0x7, 0x9c, 0x4c, 0x3c, 0x88, 0x73, 0x14,
    0x0, 0x7d, 0xd8, 0xb1, 0x0,

    /* U+010F "ď" */
    0x0, 0xe1, 0xf1, 0xd1, 0x0, 0xfe, 0x10, 0xf,
    0xd4, 0x0, 0x2b, 0xfd, 0x70, 0x3, 0x80, 0x30,
    0xb7, 0xac, 0x3, 0x29, 0xc9, 0x1c, 0x80, 0x62,
    0x60, 0x9, 0x40, 0x31, 0x30, 0x4, 0x40, 0x19,
    0x4e, 0x44, 0xb8, 0x3, 0xb0, 0xbb, 0x2c, 0x3,
    0x0,

    /* U+0110 "Đ" */
    0xa, 0xff, 0xba, 0xcc, 0x3, 0x36, 0xec, 0x78,
    0xa0, 0x18, 0x88, 0x71, 0x34, 0x1, 0xf9, 0x85,
    0x71, 0x5b, 0xb4, 0x2, 0x23, 0xd3, 0x5f, 0xc0,
    0x8, 0x8c, 0x58, 0xc4, 0x40, 0x6, 0x15, 0x0,
    0x88, 0x87, 0x13, 0x40, 0x13, 0x6e, 0xc7, 0x6a,
    0x0,

    /* U+0111 "đ" */
    0x0, 0xe1, 0xf1, 0x0, 0xcf, 0xdc, 0xe, 0x20,
    0x9, 0xfb, 0x81, 0xc4, 0x5, 0x7f, 0xae, 0x1,
    0xb0, 0xb7, 0xac, 0x2, 0x53, 0x92, 0x39, 0x0,
    0x89, 0x80, 0x25, 0x0, 0x89, 0x80, 0x22, 0x0,
    0x94, 0xe4, 0x4b, 0x80, 0x36, 0x17, 0x65, 0x80,
    0x40,

    /* U+0112 "Ē" */
    0x8, 0xcc, 0x88, 0x1, 0x19, 0x91, 0x5, 0xff,
    0xf1, 0x83, 0xee, 0xe3, 0xf, 0x22, 0xc0, 0x1f,
    0xd1, 0xff, 0x50, 0x1, 0xf7, 0x6b, 0x0, 0x79,
    0x14, 0x20, 0xf, 0x22, 0xc0, 0x7, 0xdd, 0xca,

    /* U+0113 "ē" */
    0x3, 0xcc, 0xa0, 0x0, 0x79, 0x94, 0x0, 0xa,
    0xff, 0x54, 0x1, 0x87, 0xd3, 0x68, 0xa5, 0x2,
    0x91, 0xe4, 0x7d, 0xd4, 0x39, 0x13, 0xbb, 0x62,
    0x9c, 0x91, 0xd1, 0x6, 0x16, 0xe8, 0xc8,

    /* U+0114 "Ĕ" */
    0x5, 0x10, 0x50, 0x9, 0xaa, 0xf4, 0x2, 0x3b,
    0xb4, 0x0, 0x2f, 0xff, 0x8c, 0x1f, 0x77, 0x18,
    0x79, 0x16, 0x0, 0xfe, 0x8f, 0xfa, 0x80, 0xf,
    0xbb, 0x58, 0x3, 0xc8, 0xa1, 0x0, 0x79, 0x16,
    0x0, 0x3e, 0xee, 0x50,

    /* U+0115 "ĕ" */
    0x2, 0xb0, 0x58, 0x0, 0x16, 0xdf, 0xc8, 0x4,
    0xd7, 0x42, 0x0, 0x2b, 0xfd, 0x50, 0x6, 0x1f,
    0x4d, 0xa2, 0x94, 0xa, 0x47, 0x91, 0xf7, 0x50,
    0xe4, 0x4e, 0xed, 0x8a, 0x72, 0x47, 0x44, 0x18,
    0x5b, 0xa3, 0x20,

    /* U+0116 "Ė" */
    0x0, 0xa, 0x80, 0x72, 0x48, 0x7, 0x2e, 0x0,
    0x57, 0xff, 0xc6, 0xf, 0xbb, 0x8c, 0x3c, 0x8b,
    0x0, 0x7f, 0x47, 0xfd, 0x40, 0x7, 0xdd, 0xac,
    0x1, 0xe4, 0x50, 0x80, 0x3c, 0x8b, 0x0, 0x1f,
    0x77, 0x28,

    /* U+0117 "ė" */
    0x0, 0xb4, 0xc0, 0x3a, 0xc8, 0x3, 0x98, 0x40,
    0x22, 0xbf, 0xd5, 0x0, 0x61, 0xf4, 0xda, 0x29,
    0x40, 0xa4, 0x79, 0x1f, 0x75, 0xe, 0x44, 0xee,
    0xd8, 0xa7, 0x24, 0x74, 0x41, 0x85, 0xba, 0x32,

    /* U+0118 "Ę" */
    0xbf, 0xfe, 0x30, 0x7d, 0xdc, 0x61, 0xe4, 0x58,
    0x3, 0xfa, 0x3f, 0xea, 0x0, 0x3e, 0xed, 0x60,
    0xf, 0x22, 0x84, 0x1, 0xe4, 0x58, 0x0, 0xfb,
    0xb9, 0xaf, 0xfe, 0x96, 0x60, 0x6, 0xb9, 0x0,
    0xe5, 0xc6,

    /* U+0119 "ę" */
    0x2, 0xbf, 0xd5, 0x0, 0x61, 0xf4, 0xda, 0x29,
    0x40, 0xa4, 0x79, 0x1f, 0x75, 0xe, 0x44, 0xee,
    0xd8, 0xa7, 0x24, 0x74, 0x41, 0x85, 0xb8, 0xc4,
    0x5, 0x7e, 0x7a, 0x1, 0x89, 0x84, 0x3, 0x10,
    0xe1, 0x0,

    /* U+011A "Ě" */
    0x5, 0x30, 0x71, 0x0, 0x27, 0xe9, 0x8, 0x0,
    0x73, 0x54, 0x1, 0x7f, 0xfc, 0x60, 0xfb, 0xb8,
    0xc3, 0xc8, 0xb0, 0x7, 0xf4, 0x7f, 0xd4, 0x0,
    0x7d, 0xda, 0xc0, 0x1e, 0x45, 0x8, 0x3, 0xc8,
    0xb0, 0x1, 0xf7, 0x72, 0x80,

    /* U+011B "ě" */
    0x2, 0xd2, 0xa6, 0x0, 0x14, 0xe1, 0xb0, 0x4,
    0x9d, 0x20, 0x11, 0x5f, 0xea, 0x80, 0x30, 0xfa,
    0x6d, 0x14, 0xa0, 0x52, 0x3c, 0x8f, 0xba, 0x87,
    0x22, 0x77, 0x6c, 0x53, 0x92, 0x3a, 0x20, 0xc2,
    0xdd, 0x19, 0x0,

    /* U+011C "Ĝ" */
    0x0, 0xcc, 0xa0, 0x1e, 0xa1, 0xc8, 0x0, 0xea,
    0x79, 0x80, 0xc, 0x77, 0xdf, 0x88, 0x0, 0x5c,
    0x2a, 0xc4, 0xa1, 0xb, 0x89, 0x43, 0x8e, 0x14,
    0x7, 0x0, 0xf1, 0x10, 0x3, 0xa0, 0x8a, 0x0,
    0xe6, 0x14, 0x6, 0x0, 0xfa, 0xe6, 0x46, 0x67,
    0x10, 0x2, 0xe1, 0x6e, 0x5d, 0x8c,

    /* U+011D "ĝ" */
    0x0, 0xf, 0x68, 0x80, 0x6a, 0xa5, 0xd8, 0x3,
    0x5a, 0x35, 0x0, 0x45, 0x7f, 0xcd, 0xc4, 0x18,
    0x3b, 0xaa, 0x10, 0x53, 0xa2, 0x3e, 0x0, 0x13,
    0x0, 0x44, 0x0, 0x26, 0x0, 0x88, 0x0, 0xa7,
    0x44, 0x7e, 0x1, 0x60, 0xee, 0xa0, 0x2, 0x2b,
    0xfe, 0x70, 0x20, 0xc6, 0x23, 0x95, 0x0, 0x55,
    0xee, 0x86, 0xc0,

    /* U+011E "Ğ" */
    0x0, 0x98, 0x0, 0xc0, 0x1e, 0xbb, 0x10, 0x7,
    0x35, 0xd9, 0x0, 0x31, 0xdf, 0x7e, 0x20, 0x1,
    0x70, 0xab, 0x12, 0x84, 0x2e, 0x25, 0xe, 0x38,
    0x50, 0x1c, 0x3, 0xc4, 0x40, 0xe, 0x82, 0x28,
    0x3, 0x98, 0x50, 0x18, 0x3, 0xeb, 0x99, 0x19,
    0x9c, 0x40, 0xb, 0x85, 0xb9, 0x76, 0x30,

    /* U+011F "ğ" */
    0x0, 0x60, 0x3, 0x0, 0x33, 0x12, 0x28, 0x6,
    0xb9, 0xe8, 0x0, 0x8a, 0x91, 0xf, 0xc4, 0x18,
    0x3b, 0xaa, 0x10, 0x53, 0xa2, 0x3e, 0x0, 0x13,
    0x0, 0x44, 0x0, 0x26, 0x0, 0x88, 0x0, 0xa7,
    0x44, 0x7e, 0x1, 0x60, 0xee, 0xa0, 0x2, 0x2b,
    0xfe, 0x70, 0x20, 0xc6, 0x23, 0x95, 0x0, 0x55,
    0xee, 0x86, 0xc0,

    /* U+0120 "Ġ" */
    0x0, 0xd2, 0xe0, 0x1f, 0x6a, 0x0, 0x7c, 0x86,
    0x1, 0xc7, 0x7d, 0xf8, 0x80, 0x5, 0xc2, 0xac,
    0x4a, 0x10, 0xb8, 0x94, 0x38, 0xe1, 0x40, 0x70,
    0xf, 0x11, 0x0, 0x3a, 0x8, 0xa0, 0xe, 0x61,
    0x40, 0x60, 0xf, 0xae, 0x64, 0x66, 0x71, 0x0,
    0x2e, 0x16, 0xe5, 0xd8, 0xc0,

    /* U+0121 "ġ" */
    0x0, 0xa5, 0xc0, 0x3d, 0xa8, 0x1, 0xe4, 0x30,
    0xc, 0x57, 0xfc, 0xdc, 0x41, 0x83, 0xba, 0xa1,
    0x5, 0x3a, 0x23, 0xe0, 0x1, 0x30, 0x4, 0x40,
    0x2, 0x60, 0x8, 0x80, 0xa, 0x74, 0x47, 0xe0,
    0x16, 0xe, 0xea, 0x0, 0x22, 0xbf, 0xe7, 0x2,
    0xc, 0x62, 0x39, 0x50, 0x5, 0x5e, 0xe8, 0x6c,
    0x0,

    /* U+0122 "Ģ" */
    0x0, 0x1d, 0xf7, 0xe2, 0x0, 0x17, 0xa, 0xb1,
    0x28, 0x42, 0xe2, 0x50, 0xe3, 0x85, 0x1, 0xc0,
    0x3c, 0x44, 0x0, 0xe8, 0x22, 0x80, 0x39, 0x85,
    0x1, 0x80, 0x3e, 0xb9, 0x91, 0x99, 0xc4, 0x0,
    0xb8, 0x5b, 0x97, 0x63, 0x0, 0x1d, 0xf7, 0xe2,
    0x0, 0x74, 0xa8, 0x7, 0xdc, 0xc0, 0x1f, 0x31,
    0x80, 0x40,

    /* U+0123 "ģ" */
    0x0, 0x91, 0x80, 0x3d, 0xa0, 0x1f, 0x52, 0x80,
    0x62, 0xbc, 0xd6, 0xe2, 0xc, 0x1d, 0xd5, 0x8,
    0x29, 0xd1, 0x1f, 0x0, 0x9, 0x80, 0x22, 0x0,
    0x13, 0x0, 0x44, 0x0, 0x53, 0xa2, 0x3f, 0x0,
    0xb0, 0x77, 0x50, 0x1, 0x15, 0xff, 0x38, 0x10,
    0x63, 0x11, 0xca, 0x80, 0x2a, 0xf7, 0x43, 0x60,

    /* U+0124 "Ĥ" */
    0x0, 0x9d, 0x40, 0x3a, 0xc7, 0x1c, 0x3, 0x5b,
    0x4b, 0x80, 0x2d, 0xc0, 0x35, 0xb8, 0x7, 0xff,
    0x36, 0x3f, 0xf2, 0x0, 0x1f, 0x77, 0x18, 0x3,
    0xc8, 0xb3, 0x80, 0x7f, 0xf1, 0x40,

    /* U+0125 "ĥ" */
    0x6, 0xdb, 0x0, 0xe1, 0xd, 0xf4, 0x0, 0xc2,
    0xdc, 0x8, 0x1, 0xff, 0xcd, 0x3d, 0xfc, 0x20,
    0xd, 0x32, 0xd6, 0xe0, 0xd, 0x8, 0x50, 0x60,
    0x18, 0x80, 0x4, 0x2, 0x1, 0xf8, 0xc0, 0x3f,
    0xf8, 0xc0,

    /* U+0126 "Ħ" */
    0xa, 0x90, 0xd, 0x52, 0x1a, 0xad, 0xdd, 0x95,
    0xaf, 0xd, 0x7f, 0xf2, 0x22, 0x85, 0x8c, 0x47,
    0x88, 0x40, 0xd, 0xff, 0x94, 0x3, 0x2e, 0xee,
    0x50, 0xc, 0x64, 0x58, 0x3, 0xff, 0x96,

    /* U+0127 "ħ" */
    0xe, 0x40, 0xe, 0xe1, 0xbe, 0xa0, 0xb, 0x86,
    0xfa, 0x80, 0x38, 0xf7, 0xf0, 0x80, 0x29, 0x96,
    0xb7, 0x0, 0x50, 0x85, 0x6, 0x1, 0x10, 0x0,
    0x80, 0x40, 0x3e, 0x30, 0xf, 0xfe, 0x20,

    /* U+0128 "Ĩ" */
    0x9, 0xa0, 0x91, 0x14, 0x5e, 0xc, 0x15, 0xa8,
    0x2, 0xdc, 0x3, 0xff, 0xba,

    /* U+0129 "ĩ" */
    0xa, 0x95, 0x50, 0x16, 0xf2, 0x4, 0x25, 0x88,
    0x3, 0x90, 0x3, 0xff, 0xa6,

    /* U+012A "Ī" */
    0x9c, 0xc2, 0xce, 0x61, 0x42, 0xdc, 0x3, 0xff,
    0xaa,

    /* U+012B "ī" */
    0xbc, 0xc1, 0xde, 0x60, 0xc3, 0x90, 0x3, 0xff,
    0x9a,

    /* U+012C "Ĭ" */
    0x6, 0x0, 0x28, 0x2, 0xec, 0xc0, 0xd7, 0x63,
    0x0, 0x5b, 0x80, 0x7f, 0xf7, 0x40,

    /* U+012D "ĭ" */
    0xc0, 0x93, 0x9b, 0x3, 0x5b, 0x90, 0x7, 0x20,
    0x7, 0xff, 0x34,

    /* U+012E "Į" */
    0xb, 0x70, 0xf, 0xfe, 0x53, 0xf8, 0x35, 0x3,
    0x10, 0x3c, 0x80,

    /* U+012F "į" */
    0xd, 0x40, 0x56, 0x8, 0x20, 0xe4, 0x0, 0xff,
    0xe2, 0x8, 0x0, 0xd0, 0xd4, 0x9, 0x18,

    /* U+0130 "İ" */
    0x42, 0xe4, 0xa6, 0xb7, 0x0, 0xff, 0xe2, 0x0,

    /* U+0131 "ı" */
    0xe4, 0x0, 0xff, 0xe0, 0x0,

    /* U+0132 "Ĳ" */
    0xd6, 0x0, 0xb1, 0xc0, 0x3f, 0xfa, 0x18, 0xc0,
    0x18, 0x44, 0x1, 0x9, 0xac, 0xb9, 0xa5, 0x19,
    0xb6, 0xf6, 0xc7, 0x40,

    /* U+0133 "ĳ" */
    0xd, 0x40, 0x8a, 0x5, 0x60, 0xcf, 0x8, 0x20,
    0x45, 0xe, 0x40, 0x8a, 0x0, 0xff, 0xec, 0xf2,
    0x0, 0x71, 0x9, 0x90, 0x2, 0xb9, 0xe4,

    /* U+0134 "Ĵ" */
    0x0, 0x9d, 0x40, 0x35, 0x8e, 0x38, 0x5, 0x6d,
    0x2e, 0x0, 0x4f, 0xfc, 0x0, 0x4d, 0xd5, 0x0,
    0x62, 0x23, 0x0, 0x7f, 0xf3, 0xdc, 0x40, 0x1a,
    0xa5, 0xe8, 0x0, 0x88, 0x68, 0x40, 0x0,

    /* U+0135 "ĵ" */
    0x0, 0x17, 0xc8, 0x5, 0x38, 0x66, 0x0, 0x59,
    0xd1, 0x80, 0x5a, 0x80, 0x1f, 0xfe, 0x2, 0x29,
    0x80, 0x1f, 0xae, 0x40,

    /* U+0136 "Ķ" */
    0xb7, 0x0, 0x9f, 0x44, 0x3, 0x2c, 0xf8, 0x80,
    0x49, 0x7a, 0x40, 0x11, 0xd5, 0xc, 0x2, 0xed,
    0x16, 0x0, 0xcc, 0xd7, 0x80, 0x65, 0x89, 0x1a,
    0x0, 0xb4, 0x1, 0xa8, 0xe0, 0x1c, 0x3b, 0x7,
    0x6e, 0x1, 0x1f, 0x98, 0x5, 0xc0, 0x1f, 0x28,
    0x7, 0xd4, 0x1, 0x80,

    /* U+0137 "ķ" */
    0xe4, 0x0, 0xff, 0xe5, 0xdd, 0x0, 0x6b, 0xa,
    0x0, 0xad, 0xec, 0x2, 0xa4, 0x10, 0xc, 0x5c,
    0x12, 0x1, 0x40, 0xfb, 0x20, 0x6, 0x29, 0xa1,
    0xe4, 0x0, 0x37, 0x8, 0x2, 0xd0, 0x3, 0x89,
    0x80, 0x3a, 0xc8, 0x2,

    /* U+0138 "ĸ" */
    0xe4, 0x0, 0x5d, 0x0, 0x6b, 0xa, 0x0, 0xad,
    0xec, 0x2, 0xa4, 0x10, 0xc, 0x5c, 0x12, 0x1,
    0x40, 0xfb, 0x20, 0x6, 0x29, 0xa1,

    /* U+0139 "Ĺ" */
    0x0, 0x2a, 0x80, 0x39, 0xfd, 0x40, 0x39, 0xe8,
    0x3, 0xd6, 0xe0, 0x1f, 0xfe, 0xbf, 0x22, 0xc0,
    0x13, 0xee, 0xe0,

    /* U+013A "ĺ" */
    0x0, 0x32, 0x3, 0x52, 0x0, 0xe0, 0x2, 0x50,
    0x3, 0xff, 0xb2,

    /* U+013B "Ļ" */
    0xb7, 0x0, 0xff, 0xf2, 0x79, 0x16, 0x0, 0x3e,
    0xee, 0xb, 0xff, 0xe0, 0x8, 0xf0, 0x3, 0x89,
    0x80, 0x38, 0x6c, 0x2,

    /* U+013C "ļ" */
    0xe4, 0x0, 0xff, 0xe3, 0x72, 0x61, 0x31, 0x40,
    0x0,

    /* U+013D "Ľ" */
    0x0, 0xd8, 0x41, 0x6e, 0x1, 0x18, 0x7, 0x50,
    0x80, 0x73, 0x0, 0x7f, 0xf4, 0xfc, 0x8b, 0x0,
    0x1f, 0x77, 0x0,

    /* U+013E "ľ" */
    0xe4, 0xb3, 0x0, 0x84, 0x1, 0xc6, 0x0, 0x51,
    0x0, 0xff, 0xe6, 0x0,

    /* U+013F "Ŀ" */
    0xb7, 0x0, 0xff, 0xe5, 0x16, 0x80, 0x71, 0xa8,
    0x7, 0xc, 0x0, 0x7f, 0xbc, 0x8b, 0x0, 0x1f,
    0x77, 0x0,

    /* U+0140 "ŀ" */
    0xe4, 0x0, 0xff, 0xe2, 0x28, 0x80, 0x25, 0x40,
    0x18, 0x80, 0x1f, 0xfc, 0x0,

    /* U+0141 "Ł" */
    0xa, 0x90, 0xf, 0xfe, 0x25, 0x18, 0x6, 0x66,
    0x69, 0x80, 0x46, 0x62, 0x70, 0xc, 0x86, 0x80,
    0x1c, 0xec, 0x1, 0xfc, 0x45, 0x80, 0x26, 0xdd,
    0xc2,

    /* U+0142 "ł" */
    0x0, 0x6a, 0x80, 0x7f, 0xf0, 0x88, 0x80, 0x2,
    0x86, 0x5, 0x7, 0x40, 0xf1, 0xd0, 0x5, 0x18,
    0x7, 0xff, 0x0,

    /* U+0143 "Ń" */
    0x0, 0xca, 0xa0, 0xe, 0x7f, 0x50, 0xe, 0x7a,
    0x0, 0xae, 0x40, 0x35, 0xb8, 0x32, 0x80, 0x78,
    0xe8, 0x80, 0x3a, 0xd7, 0xc0, 0x3d, 0x41, 0x20,
    0x1e, 0xf6, 0x50, 0xe, 0x29, 0xa6, 0x0, 0xe6,
    0x52, 0x0, 0xf5, 0x10, 0x0,

    /* U+0144 "ń" */
    0x0, 0xa6, 0xc0, 0x32, 0x9d, 0x80, 0x65, 0xa0,
    0xb, 0x9b, 0x7f, 0x8, 0x1, 0x13, 0xcd, 0xc0,
    0x8, 0x41, 0xb3, 0x0, 0x10, 0x0, 0x40, 0x40,
    0x3c, 0x60, 0x1f, 0xfc, 0x20,

    /* U+0145 "Ņ" */
    0xb9, 0x0, 0xd6, 0xe0, 0xca, 0x1, 0xe3, 0xa2,
    0x0, 0xeb, 0x5f, 0x0, 0xf5, 0x4, 0x80, 0x7b,
    0xd9, 0x40, 0x38, 0xa6, 0x98, 0x3, 0x99, 0x48,
    0x3, 0xd4, 0x41, 0x6e, 0x1, 0xb5, 0xc0, 0x29,
    0x50, 0xf, 0x73, 0x0, 0x79, 0x8c, 0x2,

    /* U+0146 "ņ" */
    0xe6, 0xdf, 0xc2, 0x0, 0x44, 0xf3, 0x70, 0x2,
    0x10, 0x6c, 0xc0, 0x4, 0x0, 0x10, 0x10, 0xf,
    0x18, 0x7, 0xff, 0xb, 0x90, 0x2, 0xf2, 0x0,
    0x34, 0x80, 0x72, 0xf0, 0x7, 0x13, 0x80, 0x40,

    /* U+0147 "Ň" */
    0x0, 0x38, 0x12, 0x80, 0x63, 0xde, 0x40, 0xc,
    0x9b, 0x82, 0x0, 0xb9, 0x0, 0xd6, 0xe0, 0xca,
    0x1, 0xe3, 0xa2, 0x0, 0xeb, 0x5f, 0x0, 0xf5,
    0x4, 0x80, 0x7b, 0xd9, 0x40, 0x38, 0xa6, 0x98,
    0x3, 0x99, 0x48, 0x3, 0xd4, 0x40,

    /* U+0148 "ň" */
    0x9, 0x84, 0xc0, 0xa, 0x4e, 0x74, 0x3, 0x5e,
    0x88, 0x3, 0x9b, 0x7f, 0x8, 0x1, 0x13, 0xcd,
    0xc0, 0x8, 0x41, 0xb3, 0x0, 0x10, 0x0, 0x40,
    0x40, 0x3c, 0x60, 0x1f, 0xfc, 0x20,

    /* U+0149 "ŉ" */
    0x56, 0x0, 0xff, 0xe2, 0x9e, 0xbe, 0x7e, 0x18,
    0x3a, 0x4, 0x2c, 0x7, 0x1, 0x8, 0x34, 0xbe,
    0x91, 0x0, 0x2c, 0x0, 0x8, 0x8, 0x7, 0xff,
    0x3c,

    /* U+014A "Ŋ" */
    0xb9, 0x0, 0xd6, 0xe0, 0xca, 0x1, 0xe3, 0xa2,
    0x0, 0xeb, 0x5f, 0x0, 0xf5, 0x4, 0x80, 0x7b,
    0xd9, 0x40, 0x38, 0xa6, 0x98, 0x3, 0x99, 0x48,
    0x3, 0xd4, 0x41, 0x6e, 0x1, 0xc2, 0x0, 0x1c,
    0x35, 0x24, 0x0, 0xa, 0xe5, 0xc1, 0x0,

    /* U+014B "ŋ" */
    0xe6, 0xdf, 0xc2, 0x0, 0x44, 0xf3, 0x70, 0x2,
    0x10, 0x60, 0xc0, 0x4, 0x0, 0x20, 0x10, 0xf,
    0x18, 0x7, 0xff, 0xb, 0x90, 0x3, 0x18, 0x4,
    0x68, 0x2, 0x0, 0x2d, 0xa9, 0x0,

    /* U+014C "Ō" */
    0x0, 0xaf, 0x32, 0x0, 0xf5, 0xe6, 0x40, 0x1c,
    0x77, 0xdf, 0x68, 0x1, 0x2e, 0x16, 0xe1, 0xdb,
    0x0, 0x2e, 0x64, 0x66, 0x8a, 0x91, 0x40, 0x60,
    0xc, 0xa4, 0x84, 0x40, 0xf, 0x31, 0x14, 0x1,
    0xe6, 0x24, 0x6, 0x0, 0xca, 0x48, 0x17, 0x32,
    0x33, 0x45, 0x48, 0x82, 0xe1, 0x6e, 0x1d, 0xb0,
    0x0,

    /* U+014D "ō" */
    0x1, 0xcc, 0xa4, 0x2, 0x1c, 0xca, 0x40, 0x22,
    0xbf, 0xe8, 0x0, 0xb0, 0x77, 0x4d, 0x0, 0xa7,
    0x44, 0x74, 0xe0, 0x4c, 0x1, 0x28, 0x9, 0x30,
    0x4, 0xa0, 0x2a, 0x14, 0x47, 0x4e, 0x0, 0xf1,
    0xdd, 0x34, 0x0,

    /* U+014E "Ŏ" */
    0x0, 0x98, 0x0, 0xc0, 0x1e, 0x2b, 0xb1, 0x80,
    0x79, 0x2e, 0xca, 0x1, 0xc7, 0x7d, 0xf6, 0x80,
    0x12, 0xe1, 0x6e, 0x1d, 0xb0, 0x2, 0xe6, 0x46,
    0x68, 0xa9, 0x14, 0x6, 0x0, 0xca, 0x48, 0x44,
    0x0, 0xf3, 0x11, 0x40, 0x1e, 0x62, 0x40, 0x60,
    0xc, 0xa4, 0x81, 0x73, 0x23, 0x34, 0x54, 0x88,
    0x2e, 0x16, 0xe1, 0xdb, 0x0,

    /* U+014F "ŏ" */
    0x0, 0x60, 0x1d, 0x0, 0x69, 0xb9, 0xb0, 0xc,
    0xb7, 0x42, 0x1, 0x15, 0xff, 0x40, 0x5, 0x83,
    0xba, 0x68, 0x5, 0x3a, 0x23, 0xa7, 0x2, 0x60,
    0x9, 0x40, 0x49, 0x80, 0x25, 0x1, 0x50, 0xa2,
    0x3a, 0x70, 0x7, 0x8e, 0xe9, 0xa0, 0x0,

    /* U+0150 "Ő" */
    0x0, 0xce, 0xcd, 0x0, 0x71, 0x5a, 0x5b, 0x80,
    0x71, 0x61, 0x68, 0x80, 0x63, 0xbe, 0xfb, 0x40,
    0x9, 0x70, 0xb7, 0xe, 0xd8, 0x1, 0x73, 0x23,
    0x34, 0x54, 0x8a, 0x3, 0x0, 0x65, 0x24, 0x22,
    0x0, 0x79, 0x88, 0xa0, 0xf, 0x31, 0x20, 0x30,
    0x6, 0x52, 0x40, 0xb9, 0x91, 0x9a, 0x2a, 0x44,
    0x17, 0xb, 0x70, 0xed, 0x80,

    /* U+0151 "ő" */
    0x0, 0xf, 0x1e, 0xa0, 0x4, 0x96, 0xf6, 0x80,
    0x12, 0xa9, 0x18, 0x2, 0x2b, 0xfe, 0x80, 0xb,
    0x7, 0x74, 0xd0, 0xa, 0x74, 0x47, 0x4e, 0x4,
    0xc0, 0x12, 0x80, 0x93, 0x0, 0x4a, 0x2, 0xa1,
    0x44, 0x74, 0xe0, 0xf, 0x1d, 0xd3, 0x40, 0x0,

    /* U+0152 "Œ" */
    0x0, 0x1d, 0xf7, 0xff, 0xd4, 0xb, 0x87, 0xba,
    0xa1, 0xdd, 0xd6, 0x15, 0x30, 0x64, 0x20, 0x45,
    0x85, 0x5, 0x80, 0x3f, 0xc4, 0x40, 0xe, 0x1f,
    0xfc, 0x45, 0x0, 0x70, 0xee, 0xe2, 0x41, 0x60,
    0xe, 0x22, 0xc0, 0xa, 0x98, 0x32, 0x10, 0x22,
    0xc2, 0xb, 0x87, 0xba, 0xa1, 0xdd, 0xd8,

    /* U+0153 "œ" */
    0x2, 0xbf, 0xe7, 0x7, 0xef, 0xa1, 0x0, 0x60,
    0xf6, 0xce, 0x56, 0xe8, 0x28, 0x14, 0xe8, 0x4f,
    0x4e, 0x4c, 0xa9, 0x48, 0x8c, 0x1, 0x10, 0x57,
    0x74, 0x2c, 0x4c, 0x1, 0x28, 0x57, 0x75, 0xe8,
    0xa1, 0x44, 0x74, 0x74, 0x84, 0xd0, 0x0, 0xf1,
    0xdd, 0x4e, 0x4c, 0xb6, 0xac, 0x0,

    /* U+0154 "Ŕ" */
    0x0, 0xce, 0x40, 0x18, 0x70, 0x88, 0x1, 0x87,
    0x14, 0x2, 0xbf, 0xfb, 0x60, 0x2, 0x7d, 0xd4,
    0x2c, 0x80, 0x3c, 0x88, 0xb2, 0xe0, 0x1e, 0x71,
    0x0, 0xe1, 0x84, 0x0, 0x47, 0xfb, 0x82, 0x80,
    0xf, 0xba, 0x42, 0x10, 0x7, 0x91, 0x29, 0x8c,
    0x3, 0x86, 0x38, 0x0,

    /* U+0155 "ŕ" */
    0x0, 0x6b, 0x85, 0x51, 0xc2, 0x9c, 0x39, 0xb6,
    0x2, 0x2e, 0x42, 0x58, 0x40, 0xc0, 0x3f, 0xf8,
    0x40,

    /* U+0156 "Ŗ" */
    0xbf, 0xfb, 0x60, 0x2, 0x7d, 0xd4, 0x2c, 0x80,
    0x3c, 0x88, 0xb2, 0xe0, 0x1e, 0x71, 0x0, 0xe1,
    0x84, 0x0, 0x47, 0xfb, 0x82, 0x80, 0xf, 0xba,
    0x42, 0x10, 0x7, 0x91, 0x29, 0x8c, 0x3, 0x86,
    0x38, 0x2d, 0xc0, 0x27, 0xd0, 0x8, 0x78, 0x3,
    0xc2, 0xa0, 0x1f, 0x50, 0x6,

    /* U+0157 "ŗ" */
    0xe6, 0xd8, 0x8, 0xb9, 0x9, 0x61, 0x3, 0x0,
    0xff, 0xe1, 0x72, 0x0, 0x30, 0x80, 0xc, 0x40,
    0x8, 0x0, 0x80,

    /* U+0158 "Ř" */
    0x3, 0x50, 0x52, 0x0, 0x8f, 0x37, 0x44, 0x1,
    0xa7, 0x60, 0x2, 0xbf, 0xfb, 0x60, 0x2, 0x7d,
    0xd4, 0x2c, 0x80, 0x3c, 0x88, 0xb2, 0xe0, 0x1e,
    0x71, 0x0, 0xe1, 0x84, 0x0, 0x47, 0xfb, 0x82,
    0x80, 0xf, 0xba, 0x42, 0x10, 0x7, 0x91, 0x29,
    0x8c, 0x3, 0x86, 0x38, 0x0,

    /* U+0159 "ř" */
    0x1d, 0x39, 0x81, 0xfd, 0x28, 0x2, 0xeb, 0x0,
    0x73, 0x6c, 0x0, 0x22, 0xe4, 0x1, 0x2c, 0x20,
    0x3, 0x0, 0xff, 0xe2, 0x80,

    /* U+015A "Ś" */
    0x0, 0xca, 0xa0, 0xc, 0xfe, 0xa0, 0x19, 0xe8,
    0x2, 0x3c, 0xfe, 0xb3, 0x1c, 0xbd, 0xd6, 0x3a,
    0x8b, 0x91, 0xba, 0x28, 0xc9, 0x0, 0x43, 0xa5,
    0xba, 0x70, 0x1, 0x5f, 0xcd, 0xd0, 0x6, 0x48,
    0x45, 0xb4, 0x23, 0xf5, 0x51, 0xce, 0xe8, 0x68,

    /* U+015B "ś" */
    0x0, 0xae, 0x80, 0x27, 0x2a, 0x0, 0x9e, 0x40,
    0x29, 0xef, 0xc2, 0x64, 0xcd, 0xa3, 0x10, 0x1,
    0x30, 0xba, 0x6f, 0x48, 0x84, 0xfe, 0x2c, 0x2b,
    0x10, 0x38, 0x8a, 0xb7, 0x6, 0x0,

    /* U+015C "Ŝ" */
    0x0, 0x9d, 0x40, 0x35, 0x8e, 0x38, 0x5, 0x6d,
    0x2e, 0x0, 0x3c, 0xfe, 0xb3, 0x1c, 0xbd, 0xd6,
    0x3a, 0x8b, 0x91, 0xba, 0x28, 0xc9, 0x0, 0x43,
    0xa5, 0xba, 0x70, 0x1, 0x5f, 0xcd, 0xd0, 0x6,
    0x48, 0x45, 0xb4, 0x23, 0xf5, 0x51, 0xce, 0xe8,
    0x68,

    /* U+015D "ŝ" */
    0x1, 0xdd, 0x8, 0x2, 0xa2, 0x16, 0x0, 0xb5,
    0x55, 0x0, 0x27, 0xbf, 0x9, 0x93, 0x36, 0x8c,
    0x40, 0x4, 0xc2, 0xe9, 0xbd, 0x22, 0x13, 0xf8,
    0xb0, 0xac, 0x40, 0xe2, 0x2a, 0xdc, 0x18,

    /* U+015E "Ş" */
    0x3, 0xcf, 0xeb, 0x31, 0xcb, 0xdd, 0x63, 0xa8,
    0xb9, 0x1b, 0xa2, 0x8c, 0x90, 0x4, 0x3a, 0x5b,
    0xa7, 0x0, 0x15, 0xfc, 0xdd, 0x0, 0x64, 0x84,
    0x5b, 0x42, 0x3f, 0x55, 0x1c, 0xee, 0xd, 0x4,
    0x6a, 0xdd, 0x8, 0x5, 0x72, 0x1, 0x92, 0x9c,
    0x0,

    /* U+015F "ş" */
    0x9, 0xef, 0xc2, 0x64, 0xcd, 0xa3, 0x10, 0x1,
    0x30, 0xba, 0x6f, 0x48, 0x84, 0xfe, 0x2c, 0x2b,
    0x10, 0x38, 0x8a, 0xb7, 0x43, 0x9, 0x8f, 0x34,
    0x1, 0x4d, 0x8, 0x0, 0xf5, 0xc4, 0x0,

    /* U+0160 "Š" */
    0x0, 0x38, 0x12, 0x80, 0x47, 0xbc, 0x80, 0x12,
    0x6e, 0x8, 0x0, 0xf3, 0xfa, 0xcc, 0x72, 0xf7,
    0x58, 0xea, 0x2e, 0x46, 0xe8, 0xa3, 0x24, 0x1,
    0xe, 0x96, 0xe9, 0xc0, 0x5, 0x7f, 0x37, 0x40,
    0x19, 0x21, 0x16, 0xd0, 0x8f, 0xd5, 0x47, 0x3b,
    0xa1, 0xa0,

    /* U+0161 "š" */
    0xb, 0x56, 0xb0, 0x5, 0x45, 0x58, 0x0, 0x77,
    0x0, 0x29, 0xef, 0xc2, 0x64, 0xcd, 0xa3, 0x10,
    0x1, 0x30, 0xba, 0x6f, 0x48, 0x84, 0xfe, 0x2c,
    0x2b, 0x10, 0x38, 0x8a, 0xb7, 0x6, 0x0,

    /* U+0162 "Ţ" */
    0xff, 0xfb, 0x75, 0x81, 0x9b, 0xa2, 0x28, 0x8,
    0xa0, 0xf, 0xff, 0x0, 0x98, 0x80, 0x75, 0x48,
    0x6, 0x9a, 0xf0, 0x0,

    /* U+0163 "ţ" */
    0x5, 0x30, 0xb, 0x94, 0x1, 0xa9, 0x3e, 0x7a,
    0x93, 0xe6, 0x1, 0xff, 0xc4, 0x1c, 0x11, 0x4,
    0x27, 0x38, 0x14, 0xc3, 0x0, 0x1b, 0x8, 0xb,
    0x40, 0x80,

    /* U+0164 "Ť" */
    0x2, 0x50, 0x53, 0x0, 0x16, 0xeb, 0xc, 0x2,
    0x8d, 0x90, 0x7, 0xff, 0xdb, 0xac, 0xc, 0xdd,
    0x11, 0x40, 0x45, 0x0, 0x7f, 0xf7, 0x80,

    /* U+0165 "ť" */
    0x0, 0xa5, 0x1, 0x48, 0x1c, 0x39, 0x20, 0xf5,
    0x27, 0x8f, 0x52, 0x7c, 0xc0, 0x3f, 0xf8, 0x83,
    0x82, 0x20, 0x87, 0xe7,

    /* U+0166 "Ŧ" */
    0xff, 0xfb, 0x75, 0x81, 0x9b, 0xa2, 0x28, 0x8,
    0xa0, 0xf, 0xdb, 0xc1, 0xda, 0x0, 0xcc, 0x6,
    0x60, 0x0, 0x24, 0x4, 0x20, 0x1f, 0xfc, 0x30,

    /* U+0167 "ŧ" */
    0x5, 0x30, 0xb, 0x90, 0x1, 0x89, 0x1e, 0x98,
    0x91, 0xe8, 0x1, 0xd0, 0x91, 0xc5, 0xb, 0x1c,
    0x40, 0x78, 0x22, 0xb, 0x7e, 0x60,

    /* U+0168 "Ũ" */
    0x0, 0x5c, 0x84, 0x80, 0x45, 0x95, 0x7a, 0x1,
    0x13, 0x9d, 0xa0, 0x3, 0x58, 0x3, 0x72, 0x0,
    0x7f, 0xf5, 0x4, 0x40, 0x18, 0x5d, 0x74, 0x2,
    0x20, 0x2b, 0x58, 0x35, 0xf5, 0x12, 0xb4, 0xcb,
    0x5a, 0x0,

    /* U+0169 "ũ" */
    0x8, 0xc2, 0xa0, 0x8, 0x76, 0x34, 0x2, 0x91,
    0xa7, 0x0, 0x79, 0x80, 0xb, 0xc0, 0x3f, 0xf9,
    0x42, 0xe0, 0x6, 0x0, 0x27, 0x91, 0x20, 0x1,
    0x61, 0xb9, 0x40, 0x0,

    /* U+016A "Ū" */
    0x2, 0xcc, 0xa0, 0x2, 0x2c, 0xca, 0x0, 0x1a,
    0xc0, 0x1b, 0x90, 0x3, 0xff, 0xa8, 0x22, 0x0,
    0xc2, 0xeb, 0xa0, 0x11, 0x1, 0x5a, 0xc1, 0xaf,
    0xa8, 0x95, 0xa6, 0x5a, 0xd0, 0x0,

    /* U+016B "ū" */
    0xb, 0xcc, 0x80, 0x2b, 0xcc, 0x80, 0x1e, 0x60,
    0x2, 0xf0, 0xf, 0xfe, 0x50, 0xb8, 0x1, 0x80,
    0x9, 0xe4, 0x48, 0x0, 0x58, 0x6e, 0x50, 0x0,

    /* U+016C "Ŭ" */
    0x0, 0x28, 0xa, 0x80, 0x6d, 0xba, 0x70, 0xd,
    0x17, 0x62, 0x0, 0x6b, 0x0, 0x6e, 0x40, 0xf,
    0xfe, 0xa0, 0x88, 0x3, 0xb, 0xae, 0x80, 0x44,
    0x5, 0x6b, 0x6, 0xbe, 0xa2, 0x56, 0x99, 0x6b,
    0x40,

    /* U+016D "ŭ" */
    0xc, 0x10, 0xc0, 0xb, 0xea, 0xfc, 0x2, 0x3b,
    0xb1, 0x80, 0x3c, 0xc0, 0x5, 0xe0, 0x1f, 0xfc,
    0xa1, 0x70, 0x3, 0x0, 0x13, 0xc8, 0x90, 0x0,
    0xb0, 0xdc, 0xa0, 0x0,

    /* U+016E "Ů" */
    0x0, 0x14, 0xb8, 0x7, 0x54, 0x70, 0x7, 0x54,
    0x70, 0x7, 0x14, 0xb8, 0x5, 0xac, 0x1, 0xb9,
    0x0, 0x3f, 0xfa, 0x82, 0x20, 0xc, 0x2e, 0xba,
    0x1, 0x10, 0x15, 0xac, 0x1a, 0xfa, 0x89, 0x5a,
    0x65, 0xad, 0x0,

    /* U+016F "ů" */
    0x0, 0x44, 0x80, 0x63, 0xdd, 0x20, 0x4, 0x7b,
    0x88, 0x1, 0xa2, 0x0, 0x17, 0x98, 0x0, 0xbc,
    0x3, 0xff, 0x94, 0x2e, 0x0, 0x60, 0x2, 0x79,
    0x12, 0x0, 0x16, 0x1b, 0x94, 0x0,

    /* U+0170 "Ű" */
    0x0, 0xa8, 0xa4, 0xc0, 0x27, 0x37, 0x33, 0x0,
    0x4f, 0x2b, 0x40, 0xd, 0x60, 0xd, 0xc8, 0x1,
    0xff, 0xd4, 0x11, 0x0, 0x61, 0x75, 0xd0, 0x8,
    0x80, 0xad, 0x60, 0xd7, 0xd4, 0x4a, 0xd3, 0x2d,
    0x68, 0x0,

    /* U+0171 "ű" */
    0x0, 0x5b, 0x53, 0x80, 0xc, 0xc8, 0x6e, 0x0,
    0x38, 0x29, 0x0, 0x79, 0x80, 0xb, 0xc0, 0x3f,
    0xf9, 0x42, 0xe0, 0x6, 0x0, 0x27, 0x91, 0x20,
    0x1, 0x61, 0xb9, 0x40, 0x0,

    /* U+0172 "Ų" */
    0xd6, 0x0, 0xdc, 0x80, 0x1f, 0xfd, 0x41, 0x10,
    0x7, 0x97, 0x40, 0x22, 0x16, 0xa5, 0x72, 0x4e,
    0x42, 0x39, 0xad, 0xb0, 0xa0, 0x3, 0x61, 0xde,
    0x8, 0x4, 0x96, 0x80, 0x1c, 0xf5, 0x60, 0x10,

    /* U+0173 "ų" */
    0xf3, 0x0, 0x17, 0x80, 0x7f, 0xf2, 0x85, 0xc0,
    0xc, 0x0, 0x4f, 0x22, 0x40, 0x2, 0xc3, 0x72,
    0x80, 0x3, 0x7f, 0xdb, 0x40, 0x18, 0x85, 0x40,
    0x31, 0x36, 0x10,

    /* U+0174 "Ŵ" */
    0x0, 0xf3, 0xa0, 0x7, 0xf8, 0x6c, 0xb9, 0x80,
    0x3f, 0x86, 0xd6, 0x98, 0x3, 0x9f, 0x0, 0x37,
    0x40, 0x4, 0x5e, 0xa, 0x62, 0x0, 0x31, 0x50,
    0x9, 0x54, 0x4, 0x47, 0x0, 0x5b, 0x11, 0x0,
    0x17, 0xe0, 0x5, 0xd0, 0x3, 0x52, 0x28, 0x9,
    0xa8, 0x2, 0xd0, 0xc, 0xf, 0x6c, 0x1d, 0x0,
    0x23, 0x15, 0xb7, 0x7, 0x31, 0xdd, 0x0, 0x67,
    0xf5, 0xd0, 0x14, 0x64, 0x70, 0xd, 0xaa, 0x68,
    0x0, 0xd8, 0x31, 0x0, 0xc8, 0x8, 0x1, 0x38,
    0x58, 0x4,

    /* U+0175 "ŵ" */
    0x0, 0xd3, 0xea, 0x1, 0xf2, 0x9f, 0x49, 0x0,
    0x79, 0x68, 0x70, 0x80, 0x2c, 0x50, 0x1, 0xf8,
    0x80, 0x1e, 0x2b, 0xc0, 0x14, 0xe, 0x0, 0xab,
    0x75, 0x0, 0x3c, 0x68, 0x10, 0x18, 0xa2, 0xa1,
    0x3a, 0x8d, 0x28, 0x3, 0x7f, 0x68, 0x11, 0xd6,
    0xc0, 0xe, 0x8e, 0xe0, 0xe8, 0x3, 0x0, 0xa,
    0xa8, 0x41, 0x1, 0x40, 0x0,

    /* U+0176 "Ŷ" */
    0x0, 0xd0, 0xc0, 0x1e, 0xa0, 0xd6, 0x0, 0xe8,
    0x85, 0xa8, 0x5, 0x90, 0x40, 0x3, 0xa8, 0xf,
    0x71, 0x0, 0x1a, 0x40, 0x1a, 0xd8, 0x3, 0xe0,
    0x2, 0xb5, 0x35, 0x16, 0x0, 0x86, 0x3e, 0xe4,
    0x3, 0x9c, 0x95, 0x0, 0x3c, 0xb8, 0x1, 0xff,
    0xc9,

    /* U+0177 "ŷ" */
    0x0, 0xb3, 0x8c, 0x3, 0x45, 0xe4, 0x8, 0x5,
    0xe, 0x56, 0x20, 0xd, 0x50, 0xa, 0x60, 0x2b,
    0x80, 0x27, 0xa0, 0x64, 0x20, 0x52, 0x20, 0xa,
    0xa8, 0x3a, 0x40, 0x2e, 0xa1, 0x55, 0x0, 0x48,
    0x74, 0xe0, 0x1c, 0xc9, 0x40, 0x1d, 0xa4, 0x60,
    0x12, 0x94, 0xd8, 0x4, 0x33, 0xaa, 0xc0, 0x10,

    /* U+0178 "Ÿ" */
    0x0, 0xff, 0xe0, 0x5a, 0x43, 0x80, 0x74, 0xa4,
    0xb0, 0x5, 0x90, 0x40, 0x22, 0xa8, 0xf, 0x71,
    0x0, 0x1a, 0x40, 0x1a, 0xd8, 0x3, 0xe0, 0x2,
    0xb5, 0x35, 0x16, 0x0, 0x86, 0x3e, 0xe4, 0x3,
    0x9c, 0x95, 0x0, 0x3c, 0xb8, 0x1, 0xff, 0xc9,

    /* U+0179 "Ź" */
    0x0, 0xc8, 0xc0, 0x1c, 0xb0, 0xe0, 0x1c, 0xb8,
    0x20, 0x6, 0xff, 0xf2, 0xb6, 0xee, 0x62, 0x50,
    0x22, 0x85, 0xb8, 0x3, 0xe, 0xc9, 0x80, 0x6a,
    0x46, 0x0, 0xd0, 0xd4, 0x1, 0x91, 0xfc, 0x3,
    0xd, 0x38, 0x11, 0x42, 0xc2, 0xfb, 0xba, 0x40,

    /* U+017A "ź" */
    0x0, 0xa3, 0x0, 0x25, 0x2c, 0x0, 0x96, 0x80,
    0xf, 0xff, 0xad, 0xff, 0xda, 0x10, 0x1, 0x74,
    0x18, 0x2, 0x41, 0xc0, 0x8, 0xfa, 0x0, 0x1a,
    0xb1, 0x0, 0x48, 0xd7, 0xfb, 0x40,

    /* U+017B "Ż" */
    0x0, 0x8c, 0xc0, 0x1e, 0xba, 0x0, 0xf4, 0x48,
    0x4, 0xdf, 0xfe, 0x56, 0xdd, 0xcc, 0x4a, 0x4,
    0x50, 0xb7, 0x0, 0x61, 0xd9, 0x30, 0xd, 0x48,
    0xc0, 0x1a, 0x1a, 0x80, 0x32, 0x3f, 0x80, 0x61,
    0xa7, 0x2, 0x28, 0x58, 0x5f, 0x77, 0x48,

    /* U+017C "ż" */
    0x0, 0x35, 0x0, 0x64, 0xe0, 0xc, 0x48, 0x0,
    0x7f, 0xfd, 0x6f, 0xfe, 0xd0, 0x80, 0xb, 0xa0,
    0xc0, 0x12, 0xe, 0x0, 0x47, 0xd0, 0x0, 0xd5,
    0x88, 0x2, 0x46, 0xbf, 0xda,

    /* U+017D "Ž" */
    0x0, 0x30, 0x89, 0x80, 0x32, 0x6e, 0x28, 0x6,
    0x2c, 0xd3, 0x0, 0x37, 0xff, 0x95, 0xb7, 0x73,
    0x12, 0x81, 0x14, 0x2d, 0xc0, 0x18, 0x76, 0x4c,
    0x3, 0x52, 0x30, 0x6, 0x86, 0xa0, 0xc, 0x8f,
    0xe0, 0x18, 0x69, 0xc0, 0x8a, 0x16, 0x17, 0xdd,
    0xd2,

    /* U+017E "ž" */
    0x9, 0x84, 0xc0, 0x4, 0x94, 0xe8, 0x5, 0x5a,
    0x20, 0xff, 0xfa, 0xdf, 0xfd, 0xa1, 0x0, 0x17,
    0x41, 0x80, 0x24, 0x1c, 0x0, 0x8f, 0xa0, 0x1,
    0xab, 0x10, 0x4, 0x8d, 0x7f, 0xb4,

    /* U+017F "ſ" */
    0x1, 0xbf, 0x80, 0x60, 0xea, 0xe, 0x31, 0x2b,
    0x60, 0xa, 0xd4, 0x3, 0xff, 0xa0,

    /* U+0370 "Ͱ" */
    0xd4, 0x0, 0xff, 0xe1, 0xdf, 0xe0, 0x5f, 0xe0,
    0x7, 0xff, 0x0,

    /* U+0371 "ͱ" */
    0xf1, 0x0, 0xff, 0xbb, 0xcc, 0x3b, 0xcc, 0x3,
    0xf0,

    /* U+0372 "Ͳ" */
    0x4f, 0xff, 0x10, 0x37, 0xb4, 0x7a, 0x0, 0x7f,
    0x3f, 0x0, 0x62, 0x3, 0x70, 0xd, 0x24, 0x1,
    0xff, 0xd4,

    /* U+0373 "ͳ" */
    0xfe, 0xff, 0x76, 0x8f, 0x34, 0x78, 0x7, 0xde,
    0x1, 0xe, 0x8, 0x6, 0x10, 0xf, 0xfe, 0x90,

    /* U+0374 "ʹ" */
    0x1f, 0x24, 0x52, 0x6b, 0x0,

    /* U+0375 "͵" */
    0x1, 0x30, 0xb6, 0x25, 0x40,

    /* U+0376 "Ͷ" */
    0xd3, 0x0, 0x9f, 0xc4, 0x3, 0xc, 0x80, 0x7a,
    0xa4, 0x40, 0x32, 0xb3, 0x80, 0x75, 0xf0, 0x8,
    0x0, 0x65, 0xcc, 0x3, 0x3b, 0xa4, 0x3, 0xae,
    0xc0, 0x1e, 0x55, 0x0, 0x70,

    /* U+0377 "ͷ" */
    0xf0, 0xb, 0x6c, 0x2, 0x80, 0xc, 0x4d, 0x0,
    0x14, 0xc0, 0x80, 0x15, 0xd8, 0x2, 0x8f, 0x0,
    0xce, 0x60, 0x10,

    /* U+037A "ͺ" */
    0x2, 0x0, 0x60, 0x1, 0x60,

    /* U+037B "ͻ" */
    0x5e, 0xfb, 0x10, 0x4f, 0xf1, 0x50, 0x8, 0x82,
    0x10, 0x3, 0x8, 0x8, 0x4, 0x40, 0x24, 0x0,
    0x86, 0x4, 0xef, 0x9, 0x0,

    /* U+037C "ͼ" */
    0x2, 0xcf, 0xd2, 0xc, 0xbf, 0xf1, 0x18, 0x38,
    0x10, 0x31, 0x7, 0x10, 0x31, 0x6, 0x90, 0x18,
    0x31, 0x88, 0x83, 0x6b, 0xfc, 0x60,

    /* U+037D "ͽ" */
    0x5e, 0xfb, 0x10, 0x4f, 0xf1, 0x50, 0x8, 0x82,
    0x10, 0x0, 0xd4, 0x20, 0x20, 0xd0, 0x40, 0x22,
    0x2, 0x86, 0x7, 0xef, 0x9, 0x0,

    /* U+037E ";" */
    0x1e, 0x31, 0x41, 0xa, 0x20, 0xf, 0x88, 0xb,
    0x45, 0xd0, 0x77, 0x80,

    /* U+037F "Ϳ" */
    0x0, 0x71, 0x80, 0x7f, 0xf4, 0xc4, 0x8, 0x4b,
    0xb6, 0x3, 0xbd, 0xc0,

    /* U+0384 "΄" */
    0x2, 0x2, 0xd1, 0x48, 0x10,

    /* U+0385 "΅" */
    0x0, 0x9, 0x0, 0xe4, 0x43, 0x47, 0x56, 0xf0,

    /* U+0386 "Ά" */
    0x7c, 0x0, 0x7a, 0x80, 0x59, 0xe0, 0xc5, 0xc0,
    0x14, 0x98, 0x54, 0xa8, 0x80, 0x8, 0x8, 0x51,
    0xd8, 0x3, 0x52, 0x85, 0x58, 0x6, 0x57, 0xed,
    0x32, 0x0, 0x18, 0xf7, 0xf9, 0xe8, 0x1, 0x56,
    0x23, 0x53, 0x0, 0x19, 0x80, 0x11, 0x11, 0x0,

    /* U+0387 "·" */
    0x1e, 0x31, 0x41,

    /* U+0388 "Έ" */
    0x7c, 0xe, 0xff, 0xbb, 0x3c, 0x1, 0x9f, 0xee,
    0x93, 0x0, 0xf1, 0x0, 0x7f, 0xd9, 0xfe, 0xb0,
    0xd, 0x9f, 0xeb, 0x0, 0xff, 0xe4, 0x67, 0xfb,
    0x80,

    /* U+0389 "Ή" */
    0x7c, 0xe, 0x30, 0x9, 0xaf, 0x3c, 0x3, 0xf4,
    0x98, 0x7, 0xe2, 0x0, 0xff, 0xe0, 0xef, 0x75,
    0x20, 0x1d, 0x5f, 0xf4, 0x0, 0x73, 0x88, 0xe0,
    0xf, 0xfe, 0x48,

    /* U+038A "Ί" */
    0x7c, 0x3e, 0xf9, 0xcf, 0x3a, 0x39, 0x91, 0x80,
    0x62, 0x0, 0xff, 0xe9, 0x9c, 0x9c, 0x80,

    /* U+038C "Ό" */
    0x6d, 0x2, 0xbe, 0xfb, 0x30, 0x6, 0xc8, 0xe1,
    0xff, 0x6e, 0x18, 0x42, 0x42, 0x40, 0x89, 0x9e,
    0x40, 0xc1, 0x3c, 0x3, 0x5a, 0x0, 0x46, 0x20,
    0x18, 0x44, 0x1, 0x18, 0x80, 0x61, 0x10, 0x4,
    0x9e, 0x1, 0xad, 0x0, 0x28, 0x47, 0x11, 0x33,
    0xc0, 0x4, 0x39, 0x8e, 0xe6, 0xe1, 0x0,

    /* U+038E "Ύ" */
    0x7c, 0x3e, 0x0, 0x87, 0x87, 0x3c, 0xd1, 0xc0,
    0x12, 0xe3, 0x26, 0x11, 0x20, 0x2d, 0x0, 0x40,
    0x2, 0x47, 0x96, 0x10, 0xe, 0x89, 0x69, 0x0,
    0xf1, 0x23, 0x88, 0x7, 0xc6, 0x20, 0x1f, 0xfc,
    0xb0,

    /* U+038F "Ώ" */
    0x6d, 0x4, 0xcf, 0xea, 0x10, 0xd9, 0x5a, 0x9f,
    0xf1, 0xe0, 0x42, 0x44, 0x14, 0x6, 0x45, 0x8c,
    0x49, 0xc0, 0x35, 0xe0, 0x4, 0x20, 0x1c, 0x20,
    0x20, 0x40, 0x1b, 0x8c, 0x0, 0xf6, 0x1, 0x9e,
    0x80, 0x10, 0xaa, 0x0, 0x5c, 0x10, 0x1f, 0x9d,
    0x3, 0x24, 0xe0,

    /* U+0390 "ΐ" */
    0x0, 0x2e, 0x80, 0x5b, 0xa8, 0xd0, 0x7, 0xca,
    0xf8, 0x0, 0xb8, 0x8, 0x3, 0xff, 0xa0, 0x60,
    0x1a, 0x36, 0x80,

    /* U+0391 "Α" */
    0x0, 0xb5, 0xc0, 0x38, 0xc6, 0x80, 0x3a, 0xa8,
    0x26, 0x1, 0x9d, 0xd5, 0x40, 0x9, 0x50, 0x59,
    0xc0, 0x2e, 0x5e, 0xe0, 0xa8, 0xa, 0xef, 0xfa,
    0x78, 0x19, 0xc8, 0x44, 0xc8, 0x35, 0xa0, 0x19,
    0x58,

    /* U+0392 "Β" */
    0xdf, 0xf7, 0x50, 0x80, 0x2f, 0xfc, 0x16, 0x1,
    0x87, 0x9c, 0x3, 0xf, 0x28, 0x2, 0xff, 0x86,
    0x40, 0x17, 0xfe, 0xcc, 0x0, 0x73, 0x90, 0x80,
    0x67, 0x11, 0x5, 0xff, 0xaf, 0x40,

    /* U+0393 "Γ" */
    0xdf, 0xfa, 0xc2, 0xff, 0xd6, 0x1, 0xff, 0xd7,

    /* U+0394 "Δ" */
    0x0, 0xb6, 0x0, 0x38, 0xc5, 0x40, 0x3a, 0xa8,
    0xc8, 0x1, 0x9d, 0xbb, 0x80, 0x13, 0x20, 0x2a,
    0x8, 0x2, 0xb8, 0x0, 0xee, 0x2, 0x22, 0x0,
    0x36, 0xc2, 0x98, 0x2, 0x43, 0x32, 0xbf, 0xfe,
    0x1b,

    /* U+0395 "Ε" */
    0xdf, 0xfc, 0x17, 0xff, 0x0, 0x7f, 0xd7, 0xfe,
    0xb0, 0xbf, 0xf5, 0x80, 0x7f, 0xd7, 0xff, 0x0,

    /* U+0396 "Ζ" */
    0x6f, 0xfe, 0x46, 0xff, 0xa8, 0x90, 0x2, 0x1b,
    0xe0, 0xd, 0xe, 0x60, 0x11, 0xbc, 0x0, 0x6e,
    0xb1, 0x0, 0xa1, 0x94, 0x2, 0x26, 0x90, 0xd,
    0x43, 0xbf, 0xf3, 0x0,

    /* U+0397 "Η" */
    0xd4, 0x0, 0x96, 0xc0, 0x3f, 0xf9, 0x55, 0xdd,
    0x50, 0x2, 0xff, 0xe9, 0x0, 0x8, 0xe3, 0x0,
    0xff, 0xe1, 0x80,

    /* U+0398 "Θ" */
    0x0, 0x36, 0xff, 0x48, 0x4, 0xf1, 0x3d, 0x87,
    0x80, 0x9, 0xa4, 0x12, 0xa2, 0x42, 0x14, 0x0,
    0xcf, 0x82, 0x22, 0xff, 0xa0, 0x47, 0x17, 0xfd,
    0x2, 0x22, 0x14, 0x0, 0xcf, 0x81, 0x34, 0x80,
    0x54, 0x48, 0xf, 0x13, 0xf8, 0x78, 0x0,

    /* U+0399 "Ι" */
    0x5e, 0xe3, 0x2b, 0x3b, 0x0, 0x7f, 0xf3, 0x15,
    0x9d, 0x80,

    /* U+039A "Κ" */
    0xd4, 0x0, 0x36, 0x0, 0x64, 0xbd, 0x0, 0x8a,
    0xbc, 0x40, 0x3, 0xf4, 0x40, 0x15, 0x90, 0x7,
    0x45, 0x50, 0x40, 0x22, 0x57, 0xa0, 0xe, 0x96,
    0x60, 0x7, 0x74, 0x10,

    /* U+039B "Λ" */
    0x0, 0xbd, 0x40, 0x39, 0x4f, 0xc0, 0x3b, 0xa1,
    0x0, 0x30, 0xaa, 0x21, 0x40, 0x27, 0x70, 0x77,
    0x0, 0x2a, 0xd0, 0x45, 0x10, 0x12, 0x40, 0x2,
    0x38, 0x33, 0x80, 0x5d, 0x41, 0x5a, 0x1, 0x21,
    0x90,

    /* U+039C "Μ" */
    0xde, 0x0, 0xc3, 0xf6, 0x6, 0x80, 0x13, 0x90,
    0x1, 0x78, 0x2, 0xa5, 0x0, 0x5a, 0x0, 0x8,
    0x74, 0x0, 0x28, 0xc1, 0x54, 0x0, 0xdd, 0xa0,
    0xac, 0x1, 0x91, 0x54, 0xc2, 0x1, 0xcf, 0x7c,
    0x1, 0xea, 0x15, 0x0, 0x80,

    /* U+039D "Ν" */
    0xdb, 0x0, 0xde, 0xa, 0x80, 0x1d, 0x14, 0x1,
    0xc8, 0x88, 0x0, 0xeb, 0x62, 0x0, 0xc3, 0x32,
    0x0, 0xe7, 0x65, 0x0, 0xee, 0xb0, 0xe, 0x37,
    0x0,

    /* U+039E "Ξ" */
    0xf, 0xfe, 0x80, 0xff, 0xe8, 0x0, 0xff, 0xe1,
    0xc7, 0x76, 0x0, 0x47, 0xfe, 0x0, 0x84, 0x70,
    0x7, 0xe4, 0xff, 0xec,

    /* U+039F "Ο" */
    0x0, 0x36, 0xff, 0x48, 0x4, 0xf1, 0x3d, 0x87,
    0x80, 0x9, 0xa4, 0x12, 0xa2, 0x42, 0x14, 0x0,
    0xcf, 0x82, 0x20, 0xe, 0x11, 0xc0, 0x1c, 0x22,
    0x21, 0x40, 0xc, 0xf8, 0x13, 0x48, 0x5, 0x44,
    0x80, 0xf1, 0x3f, 0x87, 0x80,

    /* U+03A0 "Π" */
    0xdf, 0xfe, 0x90, 0xbf, 0xfa, 0x0, 0x3f, 0xfc,
    0xc0,

    /* U+03A1 "Ρ" */
    0xdf, 0xf7, 0x40, 0x2, 0xff, 0x15, 0x80, 0x22,
    0x5f, 0x0, 0x8d, 0x7c, 0x2f, 0xfa, 0x98, 0x2f,
    0xf5, 0xc0, 0x3f, 0xf8, 0xe0,

    /* U+03A3 "Σ" */
    0x6f, 0xfe, 0x47, 0x1a, 0xff, 0x90, 0x76, 0xcc,
    0x3, 0x1c, 0x68, 0x80, 0x66, 0x5, 0x0, 0xd2,
    0xe8, 0x1, 0x2a, 0xa4, 0x2, 0x2b, 0xe0, 0xd,
    0x43, 0xbf, 0xf3, 0x0,

    /* U+03A4 "Τ" */
    0xef, 0xfe, 0x8e, 0xfc, 0x1f, 0xf4, 0x0, 0x7f,
    0xf9, 0x40,

    /* U+03A5 "Υ" */
    0xb6, 0x0, 0xaa, 0x22, 0x0, 0x12, 0x49, 0xab,
    0x5, 0xc8, 0x84, 0x59, 0x3b, 0x80, 0x6, 0xd9,
    0x20, 0x1a, 0x5, 0xc0, 0x30, 0x80, 0x7f, 0xf1,
    0x80,

    /* U+03A6 "Φ" */
    0x0, 0xcf, 0x20, 0x1c, 0x33, 0xd0, 0xdd, 0x44,
    0x0, 0xd0, 0xf8, 0x6f, 0xdc, 0x3, 0x29, 0x10,
    0x0, 0xb9, 0x2b, 0x28, 0x7, 0x98, 0x99, 0x40,
    0x3c, 0xc4, 0x65, 0x22, 0x0, 0x18, 0x15, 0xd,
    0xf, 0x86, 0xf2, 0xc0, 0x0, 0xcf, 0x43, 0x75,
    0x8, 0x0,

    /* U+03A7 "Χ" */
    0x7b, 0x0, 0xa9, 0xdc, 0xca, 0x8, 0xee, 0xe,
    0x80, 0x9e, 0x0, 0x1a, 0x6a, 0x18, 0x5, 0xa5,
    0xa0, 0x1a, 0x5e, 0x40, 0x27, 0x74, 0x33, 0x80,
    0xcd, 0x84, 0xc8, 0x6e, 0x44, 0x9, 0xac,

    /* U+03A8 "Ψ" */
    0xe3, 0x9, 0x70, 0x5c, 0x0, 0xff, 0xe5, 0x1b,
    0x93, 0x0, 0x6e, 0x2a, 0x82, 0x0, 0x1b, 0x53,
    0x5f, 0xb4, 0x7d, 0x18, 0x36, 0xb4, 0x62, 0x0,
    0x7f, 0x0,

    /* U+03A9 "Ω" */
    0x0, 0x4f, 0x7e, 0xa8, 0x5, 0x87, 0x9f, 0x36,
    0xc0, 0xa3, 0x44, 0x9, 0x50, 0x1a, 0x80, 0x19,
    0x4, 0x84, 0x40, 0x1c, 0x22, 0xe2, 0x0, 0xc2,
    0x22, 0x64, 0x10, 0x9, 0x98, 0x22, 0xbd, 0x10,
    0x4b, 0x80, 0xba, 0x39, 0xa, 0x3e, 0x40,

    /* U+03AA "Ϊ" */
    0x0, 0xd0, 0xc9, 0x52, 0xc9, 0x62, 0x0, 0x15,
    0xee, 0x32, 0xb3, 0xb0, 0x7, 0xff, 0x31, 0x59,
    0xd8,

    /* U+03AB "Ϋ" */
    0x0, 0xfc, 0x76, 0x1c, 0x1, 0x1d, 0x6, 0x0,
    0x61, 0x2, 0x0, 0x5b, 0x0, 0x55, 0x11, 0x0,
    0x9, 0x24, 0xd5, 0x82, 0xe4, 0x42, 0x2c, 0x9d,
    0xc0, 0x3, 0x6c, 0x90, 0xd, 0x2, 0xe0, 0x18,
    0x40, 0x3f, 0xf8, 0xc0,

    /* U+03AC "ά" */
    0x0, 0x97, 0x40, 0x3d, 0x90, 0x1, 0xeb, 0x50,
    0xc, 0x7b, 0xaa, 0x95, 0x0, 0x6c, 0x7f, 0x30,
    0x0, 0xcc, 0xa0, 0x86, 0x0, 0x61, 0x0, 0x9c,
    0x0, 0xc2, 0x1, 0x38, 0x0, 0xcc, 0xa0, 0x67,
    0x0, 0x36, 0x3a, 0x65, 0x4,

    /* U+03AD "έ" */
    0x0, 0xae, 0x0, 0x33, 0x40, 0x6, 0xc0, 0xa,
    0x3b, 0xf0, 0x49, 0xbf, 0xa0, 0x4c, 0xc, 0x10,
    0x6, 0x77, 0x84, 0x12, 0xbb, 0x82, 0x2, 0x20,
    0x0, 0x82, 0xab, 0xfd, 0x82,

    /* U+03AE "ή" */
    0x0, 0x6a, 0x80, 0x44, 0x2a, 0x1, 0x16, 0x80,
    0x5c, 0xfb, 0xa8, 0x1, 0xfc, 0xd6, 0x20, 0xa0,
    0x2, 0xb0, 0x18, 0x4, 0x20, 0x1f, 0xfc, 0x6f,
    0x10, 0xf, 0xfe, 0x20,

    /* U+03AF "ί" */
    0x3, 0xe1, 0x4, 0x81, 0x6, 0x60, 0x3, 0x80,
    0x3f, 0xf9, 0x6, 0x0, 0x8d, 0xa0,

    /* U+03B0 "ΰ" */
    0x0, 0xa6, 0x80, 0x22, 0xb5, 0xec, 0x0, 0x14,
    0xf2, 0x70, 0x3, 0xc8, 0x81, 0xa2, 0x1, 0xc4,
    0x40, 0xe, 0x17, 0x0, 0xf0, 0x80, 0x71, 0x30,
    0x12, 0x83, 0x19, 0x82, 0x6f, 0xab, 0xc0,

    /* U+03B1 "α" */
    0x3, 0xdf, 0xa9, 0x50, 0x6, 0xc7, 0xf3, 0x0,
    0xc, 0xca, 0x8, 0x60, 0x6, 0x10, 0x9, 0xc0,
    0xc, 0x20, 0x13, 0x80, 0xc, 0xca, 0x6, 0x70,
    0x3, 0x63, 0xa6, 0x50, 0x40,

    /* U+03B2 "β" */
    0x1b, 0xfe, 0x60, 0xa3, 0xfc, 0x92, 0x5a, 0x2,
    0x36, 0x13, 0x2, 0x14, 0x3, 0xdc, 0x90, 0x1,
    0xee, 0x49, 0x80, 0x45, 0x54, 0x0, 0xc2, 0x60,
    0xa0, 0x37, 0x81, 0x1d, 0xea, 0xc1, 0xbd, 0xc8,
    0x0, 0xff, 0xe0, 0x80,

    /* U+03B3 "γ" */
    0xd3, 0x0, 0x26, 0x2d, 0x0, 0x4f, 0x48, 0x0,
    0x32, 0x20, 0x18, 0x66, 0x2, 0xac, 0x95, 0x40,
    0xaa, 0x98, 0x0, 0x10, 0xb, 0x0, 0x4d, 0x80,
    0x1f, 0xee, 0x50, 0x0,

    /* U+03B4 "δ" */
    0x0, 0x4f, 0x72, 0x40, 0x8, 0xbd, 0xfc, 0x1,
    0x8, 0xb, 0x80, 0x11, 0xf5, 0x0, 0x26, 0x7b,
    0x97, 0x2, 0x8c, 0x6c, 0x92, 0x44, 0x8, 0xa,
    0x38, 0x8, 0x4, 0x20, 0xe8, 0x80, 0x45, 0x41,
    0xb9, 0xf9, 0xa1,

    /* U+03B5 "ε" */
    0x8, 0xee, 0x60, 0x93, 0x7f, 0x40, 0x98, 0x18,
    0x20, 0xc, 0xef, 0x8, 0x25, 0x77, 0x4, 0x4,
    0x40, 0x1, 0x5, 0x57, 0xfb, 0x4,

    /* U+03B6 "ζ" */
    0xd, 0xdb, 0xdc, 0x37, 0x5c, 0x4e, 0x1, 0x77,
    0x0, 0x2a, 0x53, 0x0, 0x23, 0xc0, 0x5, 0x32,
    0x0, 0x8c, 0x10, 0x2, 0x70, 0xe, 0x53, 0x92,
    0x0, 0xe, 0x6, 0x69, 0x1, 0x4f, 0x32, 0x0,
    0x67, 0x20, 0xd, 0x28,

    /* U+03B7 "η" */
    0xe7, 0xcd, 0x80, 0x1f, 0xcd, 0x62, 0xa, 0x0,
    0x2b, 0x1, 0x80, 0x42, 0x1, 0xff, 0xc6, 0xf1,
    0x0, 0xff, 0xe2, 0x0,

    /* U+03B8 "θ" */
    0x1, 0xbf, 0xc2, 0x0, 0x56, 0x7c, 0xf8, 0xa,
    0xb8, 0x28, 0x1a, 0x90, 0x4, 0xea, 0x27, 0xdd,
    0x28, 0x81, 0xf7, 0x4c, 0xc, 0x20, 0x11, 0x9,
    0x10, 0x2, 0x55, 0xa, 0x40, 0x31, 0x98, 0x29,
    0x3e, 0xbc, 0x0,

    /* U+03B9 "ι" */
    0xf, 0x0, 0xff, 0xe4, 0x18, 0x2, 0x36, 0x80,

    /* U+03BA "κ" */
    0xf2, 0x8, 0xb0, 0x9, 0x55, 0x40, 0x6, 0xbf,
    0x10, 0x4, 0x81, 0x0, 0x52, 0x92, 0x1, 0x35,
    0xba, 0x0, 0x43, 0x54, 0x10,

    /* U+03BB "λ" */
    0xed, 0x40, 0xd, 0xdc, 0xa0, 0xe, 0x35, 0x50,
    0x7, 0xb8, 0x3, 0xb, 0xa8, 0x80, 0x4e, 0xae,
    0xe0, 0xb, 0x76, 0xa0, 0x0, 0xaa, 0x20, 0x84,
    0x1d, 0x0, 0x8, 0xc1, 0xb8, 0x0, 0x99, 0x18,

    /* U+03BC "μ" */
    0xf1, 0x0, 0x53, 0x0, 0x7f, 0xf3, 0x98, 0x2,
    0x70, 0x43, 0x10, 0x6, 0xff, 0xaa, 0x4c, 0x2b,
    0xed, 0x78, 0xc0, 0x3f, 0xf8, 0x40,

    /* U+03BD "ν" */
    0xd3, 0x0, 0x26, 0x2d, 0x80, 0x4f, 0x6a, 0x0,
    0x32, 0x30, 0x20, 0xdc, 0x5, 0x50, 0xa2, 0x85,
    0xdd, 0x20, 0x3, 0x26, 0x70,

    /* U+03BE "ξ" */
    0xd, 0xef, 0xe6, 0xb, 0x7e, 0xe3, 0x5, 0xd8,
    0x40, 0x21, 0x50, 0xd, 0xb3, 0xfa, 0x81, 0xb1,
    0xfa, 0x88, 0x16, 0x0, 0xfe, 0x43, 0xa3, 0x0,
    0xbc, 0xf7, 0x44, 0x3, 0x3c, 0xc8, 0x1, 0x9d,
    0x40, 0x34, 0x98,

    /* U+03BF "ο" */
    0x2, 0xbe, 0xd5, 0x0, 0x7e, 0xf7, 0x2c, 0x8c,
    0xcc, 0x6, 0xea, 0xc4, 0x1, 0xf, 0x31, 0x0,
    0x43, 0xc6, 0x66, 0x3, 0x75, 0xf, 0xaf, 0xea,
    0x20,

    /* U+03C0 "π" */
    0xbf, 0xf7, 0x73, 0xfa, 0x2d, 0xdd, 0xdc, 0x4b,
    0x80, 0xf, 0xfe, 0xce, 0xd2, 0x80,

    /* U+03C1 "ρ" */
    0x1, 0xbe, 0xd4, 0x0, 0x56, 0x74, 0xd8, 0x82,
    0x38, 0x22, 0x1c, 0x84, 0x2, 0x2e, 0x0, 0xe3,
    0xe0, 0x13, 0x3, 0x57, 0x1, 0x8f, 0xeb, 0x10,
    0x5, 0xfe, 0xa0, 0x7, 0xff, 0xc,

    /* U+03C2 "ς" */
    0x2, 0xbf, 0xe2, 0xf, 0xdf, 0xc2, 0x30, 0x60,
    0x20, 0x61, 0x0, 0xc2, 0x40, 0x19, 0x1, 0xc0,
    0x36, 0x63, 0xa4, 0x0, 0x57, 0xea, 0xc0, 0x10,
    0xb9, 0x0, 0x6c, 0x40,

    /* U+03C3 "σ" */
    0x2, 0xbe, 0xe7, 0xe8, 0x7e, 0x76, 0x16, 0x99,
    0x9c, 0x8, 0x55, 0x88, 0x2, 0x52, 0x61, 0x0,
    0x88, 0x86, 0x65, 0x4, 0x54, 0xc, 0x9e, 0x9d,
    0x10,

    /* U+03C4 "τ" */
    0xbe, 0xfe, 0xe3, 0xdf, 0x87, 0x71, 0xc0, 0x3f,
    0xf8, 0xe2, 0x4, 0x1, 0xa3, 0x38, 0x80,

    /* U+03C5 "υ" */
    0xf, 0x0, 0xbc, 0x40, 0x38, 0x88, 0x1, 0xc2,
    0xe0, 0x1e, 0x10, 0xe, 0x26, 0x2, 0x50, 0x63,
    0x30, 0x4d, 0xf5, 0x78, 0x0,

    /* U+03C6 "φ" */
    0x0, 0x8b, 0x80, 0x3f, 0xf8, 0x82, 0x1, 0xe2,
    0xce, 0x1e, 0x90, 0xb, 0xe7, 0xc7, 0x8e, 0x40,
    0xcc, 0xa0, 0x14, 0x38, 0x31, 0x0, 0x63, 0x10,
    0x72, 0x0, 0xc4, 0x40, 0x25, 0x81, 0x1, 0xfb,
    0x0, 0x58, 0xe8, 0xe5, 0x30, 0x5, 0x38, 0x3a,
    0xc0, 0x1f, 0xfc, 0x80,

    /* U+03C7 "χ" */
    0x9d, 0x0, 0x97, 0x2, 0x5d, 0xc0, 0x8, 0xf0,
    0x4, 0x48, 0x2b, 0x98, 0x0, 0x95, 0xa2, 0x0,
    0x1b, 0xe5, 0x8, 0x3, 0x30, 0x60, 0x7, 0x4a,
    0x48, 0x6, 0x47, 0xb2, 0x30, 0xa, 0x7c, 0x26,
    0x0, 0xe, 0xe3, 0x7, 0x77, 0x0,

    /* U+03C8 "ψ" */
    0x0, 0xde, 0x1, 0xff, 0xcb, 0xf0, 0xc, 0x5a,
    0x1, 0xf1, 0x10, 0x3, 0xf0, 0x88, 0x3, 0xf1,
    0x80, 0x4, 0x2, 0x11, 0x10, 0x2c, 0x8, 0xd,
    0xa8, 0x2, 0xcb, 0x83, 0xc2, 0x80, 0x3, 0x7e,
    0x1d, 0x40, 0x1f, 0xfc, 0x80,

    /* U+03C9 "ω" */
    0x7, 0x90, 0x8, 0x78, 0x42, 0x6c, 0x2, 0x17,
    0x92, 0x2, 0x7, 0x30, 0xc3, 0x13, 0x0, 0x63,
    0x80, 0xb8, 0x98, 0x4, 0x20, 0x2e, 0x46, 0xa2,
    0xd8, 0x1d, 0x81, 0xd7, 0xf2, 0x1e, 0xe,

    /* U+03CA "ϊ" */
    0xd, 0xb, 0x30, 0xf0, 0x93, 0x2, 0xf2, 0x0,
    0xff, 0xe6, 0x18, 0x5, 0x1b, 0x40,

    /* U+03CB "ϋ" */
    0x3, 0xb0, 0xd0, 0x8, 0xe4, 0x3c, 0x2, 0xf2,
    0x2, 0xf1, 0x0, 0xe2, 0x20, 0x7, 0xb, 0x80,
    0x78, 0x40, 0x38, 0x98, 0x9, 0x41, 0x8c, 0xc1,
    0x37, 0xd5, 0xe0,

    /* U+03CC "ό" */
    0x0, 0x8f, 0xc4, 0x3, 0x24, 0x8, 0x6, 0x67,
    0x0, 0x8a, 0xff, 0x54, 0x1, 0xfb, 0xdc, 0xb2,
    0x33, 0x30, 0x1b, 0xab, 0x10, 0x4, 0x3c, 0xc4,
    0x1, 0xf, 0x19, 0x98, 0xd, 0xd4, 0x3e, 0xbf,
    0xa8, 0x80,

    /* U+03CD "ύ" */
    0x0, 0x9f, 0x0, 0x3b, 0x3c, 0x3, 0xa4, 0xc0,
    0x2f, 0x2, 0xf, 0x10, 0xe, 0x22, 0x0, 0x70,
    0xb8, 0x7, 0x84, 0x3, 0x89, 0x80, 0x94, 0x18,
    0xcc, 0x13, 0x7d, 0x5e, 0x0,

    /* U+03CE "ώ" */
    0x0, 0xef, 0x20, 0xf, 0x23, 0x10, 0x7, 0x96,
    0x40, 0x33, 0xc8, 0x8, 0xf, 0x8, 0x4d, 0x80,
    0x42, 0xf2, 0x40, 0x40, 0xe6, 0x18, 0x62, 0x60,
    0xc, 0x70, 0x17, 0x13, 0x0, 0x84, 0x5, 0xc8,
    0xd4, 0x5b, 0x3, 0xb0, 0x3a, 0xfe, 0x43, 0xc1,
    0xc0,

    /* U+03CF "Ϗ" */
    0xd4, 0x0, 0x36, 0x0, 0x64, 0xbd, 0x0, 0x8a,
    0xbc, 0x40, 0x3, 0xf4, 0x40, 0x15, 0x90, 0x7,
    0x45, 0x50, 0x40, 0x22, 0x57, 0xa0, 0xe, 0x96,
    0x60, 0x7, 0x74, 0x16, 0xa0, 0x0, 0xc5, 0x94,
    0x80, 0xa8, 0xd0, 0xbf, 0xd8, 0x7a, 0x0,

    /* U+03D0 "ϐ" */
    0x4, 0xde, 0xc1, 0x2, 0xae, 0xe3, 0xb8, 0x2d,
    0x3b, 0x80, 0xe0, 0x93, 0xbd, 0x62, 0x4, 0xb9,
    0xd4, 0x20, 0xf, 0xce, 0x3a, 0x1, 0xb0, 0x4,
    0x20, 0x13, 0x0, 0x75, 0xf8, 0x2, 0xd4, 0x1c,
    0xbb, 0x81, 0x40,

    /* U+03D1 "ϑ" */
    0x1, 0xcf, 0xb1, 0x0, 0xa5, 0x7c, 0xe8, 0x2,
    0x1e, 0x8, 0x51, 0x0, 0x54, 0xa0, 0x2a, 0x4,
    0x75, 0x77, 0x12, 0x92, 0x1, 0xeb, 0x9d, 0xc8,
    0x0, 0x10, 0x0, 0xf8, 0x0, 0xcc, 0x0, 0x53,
    0x0, 0x12, 0x3, 0xa, 0x0, 0x3e, 0x3b, 0x7c,
    0x0,

    /* U+03D2 "ϒ" */
    0xb6, 0x0, 0x9f, 0xa2, 0x0, 0x2, 0x9f, 0x35,
    0x60, 0xb9, 0x10, 0x88, 0x13, 0xb8, 0x0, 0x6b,
    0x92, 0x1, 0xa0, 0x5c, 0x3, 0x8, 0x7, 0xff,
    0x18,

    /* U+03D3 "ϓ" */
    0x7c, 0x3e, 0x0, 0x87, 0x5b, 0x3c, 0xd5, 0xc0,
    0x10, 0xad, 0x26, 0x11, 0x20, 0x2f, 0x20, 0x40,
    0x3, 0x57, 0x89, 0x10, 0xe, 0x99, 0x3b, 0x80,
    0x3c, 0x4a, 0xc0, 0x1f, 0x87, 0xc0, 0x3f, 0xf9,
    0x60,

    /* U+03D4 "ϔ" */
    0x0, 0xfc, 0x58, 0x1a, 0x1, 0x16, 0x86, 0x0,
    0x61, 0x1, 0x0, 0x5b, 0x0, 0x4f, 0xd1, 0x0,
    0x1, 0x4f, 0x9a, 0xb0, 0x5c, 0x88, 0x44, 0x9,
    0xdc, 0x0, 0x35, 0xc9, 0x0, 0xd0, 0x2e, 0x1,
    0x84, 0x3, 0xff, 0x8c,

    /* U+03D5 "ϕ" */
    0x0, 0x8b, 0x80, 0x3f, 0xf8, 0x82, 0x1, 0xe2,
    0xce, 0x1e, 0x90, 0xb, 0xe7, 0xc7, 0x8e, 0x40,
    0xcc, 0xa0, 0x14, 0x38, 0x31, 0x0, 0x63, 0x10,
    0x72, 0x0, 0xc4, 0x40, 0x25, 0x81, 0x1, 0xfb,
    0x0, 0x58, 0xe8, 0xe5, 0x30, 0x5, 0x38, 0x3a,
    0xc0, 0x1f, 0xfc, 0x80,

    /* U+03D6 "ϖ" */
    0xbf, 0xff, 0xe0, 0xb7, 0x77, 0xfe, 0xc2, 0xf0,
    0x2, 0x60, 0x1a, 0x81, 0x90, 0x80, 0x5, 0xc1,
    0xbc, 0x0, 0x26, 0x0, 0x17, 0x3, 0x0, 0x84,
    0xc0, 0x9, 0xc1, 0x8c, 0x2a, 0x42, 0x0, 0x81,
    0xf3, 0x9f, 0x8e, 0x0, 0x0,

    /* U+03D7 "ϗ" */
    0xf2, 0x8, 0xb0, 0x9, 0x55, 0x40, 0x6, 0xbf,
    0x10, 0x4, 0x81, 0x0, 0x52, 0x92, 0x1, 0x35,
    0xb9, 0x80, 0x43, 0x5e, 0x1e, 0x40, 0x86, 0x46,
    0x0, 0x73, 0x2b, 0xcc, 0x6e, 0x80,

    /* U+03D8 "Ϙ" */
    0x0, 0x46, 0xff, 0x48, 0x5, 0x29, 0xdf, 0x85,
    0x80, 0x2d, 0xc6, 0x5, 0x64, 0x64, 0x24, 0x1,
    0x89, 0x44, 0x40, 0x1c, 0x26, 0x44, 0x80, 0x9,
    0x4d, 0x43, 0xd7, 0x6b, 0x2e, 0x80, 0x5, 0xbc,
    0xb3, 0xc8, 0x1, 0x8c, 0x10, 0x2,

    /* U+03D9 "ϙ" */
    0x2, 0xbe, 0xd5, 0x0, 0x7e, 0xf7, 0x2c, 0x8c,
    0x18, 0xd, 0xd5, 0x84, 0x2, 0x1e, 0x62, 0x0,
    0x87, 0x8c, 0xca, 0x4, 0xea, 0x1f, 0x3d, 0xf6,
    0x40, 0x58, 0x1e, 0xa0, 0x1f, 0xfc, 0x30,

    /* U+03DA "Ϛ" */
    0x0, 0x3e, 0xff, 0x58, 0x2, 0xaf, 0xbf, 0xdc,
    0x2, 0xbc, 0x60, 0x2a, 0x4, 0x24, 0x1, 0xc4,
    0x22, 0x0, 0xe1, 0x4a, 0x10, 0xe, 0xa1, 0xfe,
    0x20, 0x8, 0x6b, 0x80, 0x40, 0x3f, 0xc0,

    /* U+03DB "ϛ" */
    0x2, 0xbf, 0xe2, 0xf, 0xdf, 0xc2, 0x33, 0x30,
    0x10, 0x39, 0x0, 0x70, 0x80, 0x65, 0x24, 0x0,
    0x86, 0x6b, 0x14, 0x0, 0xdd, 0x34, 0x40, 0x12,
    0x90, 0x0, 0xb7, 0x4a, 0x40,

    /* U+03DC "Ϝ" */
    0xdf, 0xfb, 0x42, 0xff, 0xda, 0x1, 0xff, 0x57,
    0x71, 0xc2, 0xfd, 0xbc, 0x4, 0x5b, 0xc0, 0x12,
    0xb0, 0x7, 0x0,

    /* U+03DD "ϝ" */
    0xdf, 0xfb, 0x83, 0x3f, 0xdc, 0x1, 0xff, 0x67,
    0xfa, 0x43, 0x3e, 0x0, 0x31, 0x78, 0x4, 0xac,
    0x1, 0xfe,

    /* U+03DE "Ϟ" */
    0xe, 0xd1, 0x0, 0xdc, 0xa, 0x1, 0xc6, 0xc0,
    0x18, 0x80, 0x80, 0x32, 0x8f, 0x74, 0xa0, 0xfd,
    0xf8, 0x28, 0x0, 0x11, 0x32, 0x8, 0x6, 0xc2,
    0x0, 0xeb, 0x7a,

    /* U+03DF "ϟ" */
    0x1f, 0xc0, 0xc, 0x3e, 0x44, 0x0, 0xc2, 0x22,
    0x0, 0xce, 0xa0, 0x1d, 0xbe, 0x0, 0x10, 0x14,
    0x3a, 0xde, 0x17, 0x1c, 0xda, 0x31, 0x6e, 0xa7,
    0xeb, 0x0, 0xe7, 0x60, 0xc, 0x84, 0x20, 0x1b,
    0x6c, 0x3, 0x8c, 0x3, 0xdd, 0x34, 0x0,

    /* U+03E0 "Ϡ" */
    0x8, 0xef, 0xd5, 0x0, 0xbb, 0x3d, 0x29, 0x0,
    0xc, 0x16, 0xaf, 0x20, 0x12, 0xee, 0x59, 0x8,
    0x1, 0xda, 0x34, 0x8, 0x2, 0x60, 0xe2, 0x70,
    0x9, 0xa0, 0x9, 0xc0, 0x38, 0x40, 0xc0, 0x39,
    0xd0, 0x0,

    /* U+03E1 "ϡ" */
    0xb, 0x70, 0xf, 0x7e, 0xf2, 0x80, 0x64, 0xad,
    0xb6, 0x0, 0xe3, 0x89, 0x20, 0x8, 0xf6, 0x96,
    0x40, 0x22, 0xcc, 0x5a, 0x8, 0x0, 0x44, 0x96,
    0x8, 0x1, 0x47, 0x71, 0x88, 0x2, 0x8a, 0x41,
    0x0, 0xf8, 0x40, 0x3e, 0x53, 0x0, 0xf1, 0xa8,
    0x7, 0x29, 0x88,

    /* U+03F0 "ϰ" */
    0x9e, 0x50, 0x1, 0xf8, 0xcd, 0x58, 0x3, 0x90,
    0x41, 0x4, 0x28, 0xcc, 0x1, 0x99, 0x89, 0xc0,
    0x1, 0x8, 0xd0, 0xc, 0x81, 0x62, 0x58, 0x0,
    0xf6, 0x50, 0x96, 0xe0,

    /* U+03F1 "ϱ" */
    0x2, 0xbe, 0xd4, 0x0, 0x76, 0x74, 0xd8, 0x81,
    0xb8, 0x22, 0x1c, 0x84, 0x2, 0x2e, 0x0, 0xe3,
    0xf0, 0x13, 0x3, 0x46, 0x1, 0x8f, 0xea, 0x12,
    0x8, 0xfd, 0x40, 0x5, 0x7f, 0x7b, 0x0, 0x13,
    0x3a, 0x7c, 0x0,

    /* U+03F2 "ϲ" */
    0x2, 0xcf, 0xd2, 0xc, 0xbf, 0xf1, 0x18, 0x38,
    0x10, 0x31, 0x0, 0x66, 0x20, 0xc, 0x60, 0xc0,
    0x22, 0xd, 0xaf, 0xf1, 0x80,

    /* U+03F3 "ϳ" */
    0x0, 0x70, 0x80, 0x2c, 0x40, 0x14, 0x20, 0x1f,
    0xfd, 0x12, 0x1, 0x9d, 0x80,

    /* U+03F4 "ϴ" */
    0x0, 0x36, 0xff, 0x48, 0x4, 0xf1, 0x3d, 0x87,
    0x80, 0x9, 0xa4, 0x12, 0xa2, 0x42, 0x14, 0x0,
    0xc9, 0x82, 0x1f, 0xfc, 0xa2, 0x20, 0xff, 0xe6,
    0x12, 0x14, 0x0, 0xc9, 0x81, 0x32, 0x40, 0x2a,
    0x14, 0x7, 0xb9, 0xfc, 0x3c, 0x0,

    /* U+03F5 "ϵ" */
    0x2, 0xcf, 0xe4, 0xc, 0xaf, 0xf2, 0x99, 0x98,
    0x4, 0x4c, 0x5d, 0xcd, 0x6, 0x2e, 0xe6, 0x81,
    0x99, 0x40, 0x2, 0x19, 0x3f, 0xca,

    /* U+03F6 "϶" */
    0x5e, 0xfb, 0x20, 0x4f, 0xf6, 0x78, 0x8, 0x81,
    0xc8, 0x81, 0xdd, 0x0, 0x87, 0x74, 0x22, 0x20,
    0x4, 0x11, 0x17, 0xfc, 0x7a, 0x0,

    /* U+03F7 "Ϸ" */
    0xd4, 0x0, 0xeb, 0xfd, 0x70, 0x5, 0xff, 0x4a,
    0x80, 0x46, 0xd8, 0x1, 0xfc, 0x6d, 0x41, 0x7f,
    0xd6, 0x61, 0x7f, 0xaa, 0x1, 0xf0,

    /* U+03F8 "ϸ" */
    0xf1, 0x0, 0xff, 0xe2, 0xbf, 0x71, 0xc0, 0x1f,
    0xdf, 0x48, 0x16, 0x3, 0x5a, 0x6, 0x0, 0x12,
    0x2, 0x0, 0x71, 0x4, 0x80, 0xae, 0x86, 0x77,
    0xd2, 0x3, 0xf7, 0x1c, 0x3, 0xff, 0x82,

    /* U+03F9 "Ϲ" */
    0x0, 0x26, 0x7f, 0x58, 0x1, 0x6a, 0x7b, 0xf8,
    0x1, 0x76, 0x51, 0x12, 0x81, 0xa, 0x80, 0x70,
    0x88, 0x3, 0xc2, 0x20, 0xf, 0x10, 0xa8, 0x7,
    0xa2, 0xd4, 0x44, 0x60, 0x6, 0x88, 0x77, 0x24,
    0x0,

    /* U+03FA "Ϻ" */
    0xde, 0x0, 0xc3, 0xf6, 0x4, 0xe0, 0x14, 0x18,
    0x3, 0xe4, 0x40, 0xd2, 0x40, 0x3, 0x36, 0x1f,
    0x20, 0x19, 0xdd, 0x2e, 0x80, 0x1d, 0xd, 0x20,
    0x1e, 0x5f, 0x20, 0xf, 0xfe, 0x48,

    /* U+03FB "ϻ" */
    0xf9, 0x0, 0xb2, 0xc1, 0xc8, 0x18, 0x80, 0x17,
    0xc3, 0x70, 0x0, 0x57, 0xcb, 0x30, 0xa, 0x69,
    0x80, 0x31, 0x38, 0x7, 0xff, 0xd, 0x6c, 0x3,
    0xff, 0x84,

    /* U+03FC "ϼ" */
    0x1, 0xbe, 0xd4, 0x0, 0x56, 0x74, 0xd8, 0x82,
    0x38, 0x22, 0x1c, 0x84, 0x2, 0x2e, 0x0, 0xe3,
    0xe0, 0x13, 0x3, 0x57, 0x1, 0x8f, 0xeb, 0x10,
    0x5, 0xfe, 0xa0, 0x78, 0xf7, 0x10, 0x1, 0xe3,
    0xdc, 0x40, 0x0,

    /* U+03FD "Ͻ" */
    0x4d, 0xfe, 0xb2, 0x6, 0xee, 0x61, 0x60, 0x91,
    0x89, 0x49, 0x48, 0x7, 0x52, 0x0, 0x71, 0x88,
    0x7, 0x18, 0x80, 0x75, 0x58, 0x90, 0x15, 0x13,
    0x17, 0xfb, 0x3, 0xc4,

    /* U+03FE "Ͼ" */
    0x0, 0x26, 0x7f, 0x58, 0x1, 0x6a, 0x7b, 0xfc,
    0x0, 0xbb, 0x28, 0x89, 0x0, 0x85, 0x42, 0x4c,
    0x0, 0x22, 0x0, 0x23, 0x80, 0x4, 0x40, 0xd,
    0x40, 0x1, 0xa, 0x80, 0x7a, 0x2d, 0x44, 0x46,
    0x0, 0x68, 0x87, 0x72, 0x40,

    /* U+03FF "Ͽ" */
    0x4d, 0xfe, 0xb2, 0x5, 0xef, 0xc2, 0xc1, 0x11,
    0x81, 0x49, 0x48, 0x1, 0xd4, 0x29, 0x0, 0x18,
    0x40, 0x62, 0x0, 0xb7, 0x3, 0x10, 0xe, 0xab,
    0x13, 0x2, 0xa2, 0x62, 0xef, 0xc0, 0xf1,

    /* U+0400 "Ѐ" */
    0x4, 0x60, 0xe, 0x4e, 0x90, 0xe, 0x89, 0x0,
    0xaf, 0xff, 0x8c, 0x1b, 0x77, 0x18, 0x9, 0x16,
    0x0, 0xfe, 0x7f, 0xfa, 0x80, 0xd, 0xbb, 0x58,
    0x0, 0x48, 0xa1, 0x0, 0x9, 0x16, 0x0, 0x36,
    0xee, 0x60,

    /* U+0401 "Ё" */
    0x0, 0xfc, 0xb4, 0x3c, 0x1, 0x2d, 0x8e, 0x0,
    0x2f, 0xfb, 0xf7, 0xcc, 0x1b, 0x77, 0x18, 0x9,
    0x16, 0x0, 0xfe, 0x7f, 0xfa, 0x80, 0xd, 0xbb,
    0x58, 0x0, 0x48, 0xa1, 0x0, 0x9, 0x16, 0x0,
    0x36, 0xee, 0x60,

    /* U+0402 "Ђ" */
    0xdf, 0xff, 0x30, 0x3, 0x37, 0x41, 0x5b, 0xa6,
    0x0, 0x9, 0x10, 0x18, 0x88, 0x1, 0xf4, 0xef,
    0x62, 0x80, 0x7a, 0x72, 0xe8, 0xc0, 0x34, 0xa1,
    0x3a, 0x20, 0x3, 0xff, 0x88, 0x4a, 0x88, 0x0,
    0xe3, 0xd8, 0x93,

    /* U+0403 "Ѓ" */
    0x0, 0x91, 0x80, 0x26, 0xf7, 0x0, 0x9a, 0xc4,
    0x2f, 0xff, 0x60, 0x3e, 0xee, 0xf, 0x22, 0x84,
    0x3, 0xff, 0xb0,

    /* U+0404 "Є" */
    0x0, 0x25, 0xff, 0x59, 0x0, 0x12, 0xcb, 0x28,
    0xbc, 0x1, 0x51, 0x26, 0x93, 0xa0, 0x62, 0xe0,
    0x1e, 0x60, 0xff, 0xb8, 0x2, 0x60, 0xdd, 0xbc,
    0x2, 0x31, 0x52, 0x20, 0x80, 0x6b, 0x89, 0x34,
    0x9d, 0x0, 0x2d, 0xae, 0x59, 0x78, 0x0,

    /* U+0405 "Ѕ" */
    0x3, 0xbf, 0xeb, 0x30, 0x6, 0x96, 0xeb, 0x18,
    0x8, 0x64, 0x8d, 0xd4, 0x8, 0x68, 0x80, 0x3b,
    0xc3, 0x7a, 0x0, 0x21, 0xaf, 0xa4, 0xc0, 0xe,
    0x4e, 0x30, 0x3c, 0x52, 0x38, 0x30, 0x3b, 0x8d,
    0xc0, 0xd0,

    /* U+0406 "І" */
    0xb8, 0x0, 0xff, 0xe2, 0x0,

    /* U+0407 "Ї" */
    0x0, 0xd8, 0x70, 0xfc, 0x72, 0xc5, 0x6c, 0x20,
    0x1f, 0xfd, 0x40,

    /* U+0408 "Ј" */
    0xf, 0xfc, 0x81, 0xbb, 0x8, 0x0, 0x8a, 0x0,
    0xff, 0xe6, 0xb, 0xc4, 0x93, 0x81, 0x51, 0x6d,
    0x50, 0x40,

    /* U+0409 "Љ" */
    0x0, 0x67, 0xff, 0x28, 0x7, 0xea, 0xdd, 0x80,
    0x3f, 0x85, 0x88, 0xa0, 0xf, 0xfe, 0x1d, 0x77,
    0x31, 0xc0, 0x23, 0x10, 0xd, 0x1f, 0x93, 0x26,
    0x0, 0x9, 0x80, 0x62, 0x12, 0x56, 0xd0, 0x21,
    0x10, 0x7, 0xf8, 0x61, 0x0, 0x38, 0x84, 0x95,
    0xf7, 0x4f, 0x0, 0x1d, 0x1d, 0xb1, 0x6,

    /* U+040A "Њ" */
    0xb8, 0x0, 0xda, 0xa0, 0x1f, 0xfd, 0x47, 0xff,
    0xc5, 0x5f, 0xed, 0x70, 0x3, 0x6e, 0xe2, 0x8d,
    0xd5, 0xc3, 0x0, 0x91, 0x60, 0x22, 0x99, 0x98,
    0x1, 0xff, 0xcb, 0x46, 0xf0, 0xf, 0xab, 0xfd,
    0x30, 0xa0,

    /* U+040B "Ћ" */
    0xdf, 0xff, 0x28, 0x3, 0x37, 0x41, 0x5b, 0xa5,
    0x0, 0x9, 0x10, 0x18, 0x88, 0x1, 0xf4, 0xef,
    0xea, 0x0, 0x70, 0xc6, 0x25, 0x90, 0x6, 0x85,
    0x39, 0x24, 0x0, 0xfc, 0xfc, 0x1, 0xff, 0xc8,

    /* U+040C "Ќ" */
    0x0, 0x85, 0xc4, 0x3, 0x16, 0x98, 0x80, 0x62,
    0xc4, 0x0, 0xad, 0xc0, 0x26, 0xd0, 0xe, 0x28,
    0xe0, 0xe, 0x96, 0x30, 0xc, 0xcc, 0x80, 0xa,
    0x3e, 0x60, 0x3, 0x36, 0xb4, 0x0, 0x6e, 0x29,
    0x19, 0x0, 0xf7, 0x32, 0x0, 0x71, 0x4d, 0x8,

    /* U+040D "Ѝ" */
    0x0, 0x39, 0x80, 0x79, 0x7d, 0x0, 0x38, 0xb1,
    0x0, 0x2b, 0x80, 0xd, 0xb2, 0x1, 0xd2, 0x40,
    0x1c, 0xac, 0x80, 0x18, 0x6e, 0x88, 0x3, 0x52,
    0x28, 0x6, 0x76, 0xa0, 0xc, 0x71, 0xc0, 0x1c,
    0x90, 0x60, 0x1c, 0x6e, 0x1, 0xc0,

    /* U+040E "Ў" */
    0x0, 0x68, 0x86, 0x80, 0x74, 0xd5, 0xc0, 0x7,
    0x25, 0xd9, 0x40, 0x28, 0xb0, 0xc, 0x9c, 0x12,
    0x86, 0x1, 0x44, 0x0, 0x5e, 0x0, 0x8, 0x4c,
    0x0, 0x94, 0x30, 0x88, 0x0, 0x42, 0xf2, 0x82,
    0xc0, 0x1a, 0x52, 0x60, 0x3, 0x85, 0xc1, 0x40,
    0x31, 0xa3, 0xc8, 0x7, 0x75, 0x4a, 0x0, 0x60,

    /* U+040F "Џ" */
    0xb8, 0x0, 0xda, 0xa0, 0x1f, 0xfe, 0x51, 0x22,
    0xc0, 0x13, 0x6e, 0xe2, 0xb, 0xff, 0x24, 0xff,
    0x94, 0x3, 0xf0,

    /* U+0410 "А" */
    0x0, 0x93, 0xd4, 0x3, 0xdc, 0x52, 0x1, 0xc2,
    0xbe, 0x66, 0x0, 0xd2, 0x84, 0xb4, 0x1, 0x9b,
    0x83, 0x98, 0x40, 0xc, 0xa, 0x8, 0x4c, 0x0,
    0xa1, 0xee, 0x8a, 0x40, 0xcd, 0x9f, 0xf6, 0x8a,
    0xcb, 0x18, 0x8c, 0x4f, 0xc0,

    /* U+0411 "Б" */
    0xbf, 0xfe, 0xa0, 0x3, 0xf7, 0x6b, 0x0, 0x84,
    0x78, 0x0, 0xfd, 0xcd, 0xa1, 0x0, 0x3f, 0xfb,
    0x87, 0x40, 0x21, 0x11, 0xd1, 0x88, 0x7, 0xff,
    0x0, 0xac, 0xc4, 0x1f, 0xfd, 0x81, 0xa0,

    /* U+0412 "В" */
    0xbf, 0xfb, 0xa8, 0x40, 0xf, 0xfe, 0xc6, 0xb0,
    0xe, 0x2a, 0x60, 0xe, 0x1d, 0x40, 0x3, 0xff,
    0xb9, 0x68, 0x0, 0xff, 0xf4, 0x60, 0x7, 0x98,
    0x4c, 0x3, 0xb, 0x81, 0x3, 0xff, 0xba, 0xec,
    0x20,

    /* U+0413 "Г" */
    0xbf, 0xfd, 0x80, 0xfb, 0xb8, 0x3c, 0x8a, 0x10,
    0xf, 0xfe, 0xc0,

    /* U+0414 "Д" */
    0x0, 0x6f, 0xff, 0x8, 0x6, 0xbd, 0xd6, 0x0,
    0x71, 0xb1, 0x14, 0x1, 0xc2, 0x60, 0x1f, 0xc2,
    0x1, 0xf0, 0x80, 0x7f, 0x21, 0x80, 0x7c, 0x52,
    0x84, 0x52, 0x81, 0x7, 0x9b, 0xee, 0xd6, 0x18,
    0xa1, 0x7f, 0xfe, 0x30, 0xf, 0xf8,

    /* U+0415 "Е" */
    0xbf, 0xfe, 0x30, 0x6d, 0xdc, 0x60, 0x24, 0x58,
    0x3, 0xf9, 0xff, 0xea, 0x0, 0x36, 0xed, 0x60,
    0x1, 0x22, 0x84, 0x0, 0x24, 0x58, 0x0, 0xdb,
    0xb9, 0x80,

    /* U+0416 "Ж" */
    0x4e, 0x10, 0x3, 0x60, 0x5, 0x54, 0x4, 0x59,
    0x0, 0xf1, 0xad, 0x80, 0x25, 0xc8, 0x3, 0xbe,
    0x4, 0x0, 0x4f, 0x0, 0x19, 0x45, 0xc0, 0x35,
    0x2f, 0xc9, 0xfd, 0x50, 0x3, 0xa0, 0xf5, 0xcf,
    0x62, 0x44, 0x2, 0x45, 0xe2, 0xe0, 0x27, 0x28,
    0x0, 0xa5, 0xc8, 0x3, 0xbd, 0x8c, 0x1c, 0xe0,
    0x3, 0xc6, 0xde, 0x0,

    /* U+0417 "З" */
    0x19, 0xdf, 0xd6, 0x0, 0x8e, 0x76, 0xe5, 0x40,
    0x69, 0x9, 0x99, 0x80, 0x1c, 0x29, 0xe0, 0x17,
    0xfb, 0x85, 0x80, 0x2d, 0xd6, 0x3d, 0x0, 0x44,
    0x43, 0xf5, 0x6, 0x94, 0x24, 0x94, 0x7, 0x19,
    0xda, 0x4a, 0x0,

    /* U+0418 "И" */
    0xb8, 0x0, 0xdb, 0x20, 0x1d, 0x24, 0x1, 0xca,
    0xc8, 0x1, 0x86, 0xe8, 0x80, 0x35, 0x22, 0x80,
    0x67, 0x6a, 0x0, 0xc7, 0x1c, 0x1, 0xc9, 0x6,
    0x1, 0xc6, 0xe0, 0x1c,

    /* U+0419 "Й" */
    0x0, 0x30, 0x1, 0x80, 0x30, 0xde, 0x18, 0x6,
    0x7b, 0xc5, 0x0, 0x5c, 0x0, 0x6d, 0x90, 0xe,
    0x92, 0x0, 0xe5, 0x64, 0x0, 0xc3, 0x74, 0x40,
    0x1a, 0x91, 0x40, 0x33, 0xb5, 0x0, 0x63, 0x8e,
    0x0, 0xe4, 0x83, 0x0, 0xe3, 0x70, 0xe,

    /* U+041A "К" */
    0xb7, 0x0, 0x9b, 0x40, 0x38, 0xa3, 0x80, 0x3a,
    0x58, 0xc0, 0x33, 0x32, 0x0, 0x28, 0xf9, 0x80,
    0xc, 0xda, 0xd0, 0x1, 0xb8, 0xa4, 0x64, 0x3,
    0xdc, 0xc8, 0x1, 0xc5, 0x34, 0x20,

    /* U+041B "Л" */
    0x0, 0x67, 0xff, 0x10, 0x5, 0x5b, 0xb0, 0x6,
    0x16, 0x22, 0x80, 0x3f, 0xf8, 0x26, 0x20, 0x1f,
    0x9, 0x80, 0x78, 0x84, 0x40, 0x1c, 0x30, 0x80,
    0x1e, 0xd7, 0x80, 0xf, 0x0,

    /* U+041C "М" */
    0xb9, 0x0, 0xe1, 0xf3, 0x6, 0x20, 0xd, 0x0,
    0x10, 0xc0, 0x4, 0x4e, 0x1, 0x32, 0x18, 0x2,
    0x24, 0x40, 0x1f, 0x1e, 0x6, 0x8e, 0x1, 0x98,
    0x57, 0xe0, 0x3, 0xd3, 0x42, 0xc0, 0x1e, 0x45,
    0x90, 0xf, 0xd4, 0x80, 0x18,

    /* U+041D "Н" */
    0xb8, 0x0, 0xd5, 0x0, 0x1f, 0xfc, 0xd7, 0xff,
    0xca, 0x0, 0x6d, 0xdc, 0x80, 0x1, 0x22, 0xc2,
    0x1, 0xff, 0xc5,

    /* U+041E "О" */
    0x0, 0x1d, 0xf7, 0xe2, 0x0, 0x49, 0x85, 0x58,
    0x96, 0xc0, 0xa, 0x89, 0x43, 0x8a, 0x91, 0x41,
    0x70, 0xc, 0xa4, 0xe2, 0x40, 0x1e, 0x6e, 0x12,
    0x0, 0xf3, 0x72, 0xb, 0x80, 0x65, 0x27, 0xa,
    0x89, 0x33, 0x45, 0x48, 0x82, 0x61, 0x6e, 0x25,
    0xb0, 0x0,

    /* U+041F "П" */
    0xbf, 0xff, 0x40, 0x36, 0xee, 0x50, 0x0, 0x91,
    0x60, 0xf, 0xff, 0x30,

    /* U+0420 "Р" */
    0xbf, 0xfb, 0x60, 0x2, 0x6d, 0xd4, 0xad, 0x0,
    0x4, 0x88, 0x9c, 0xa0, 0x1f, 0xfc, 0x12, 0x84,
    0x0, 0x3f, 0xfb, 0x42, 0x80, 0xd, 0xba, 0xfb,
    0x10, 0x0, 0x91, 0x0, 0x3f, 0xf8, 0x0,

    /* U+0421 "С" */
    0x0, 0x1d, 0xf7, 0xe2, 0x0, 0x13, 0xa, 0xb2,
    0xe8, 0x42, 0xa2, 0x50, 0xdf, 0x84, 0xc5, 0xc0,
    0x3c, 0xc4, 0x1, 0xf3, 0x10, 0x7, 0xc6, 0x2e,
    0x1, 0xf5, 0x44, 0xa1, 0xc7, 0x8, 0x26, 0x15,
    0x62, 0x68, 0x80,

    /* U+0422 "Т" */
    0xdf, 0xff, 0xe, 0x6e, 0x82, 0xb7, 0x42, 0x22,
    0x20, 0x31, 0x10, 0x3, 0xff, 0xca,

    /* U+0423 "У" */
    0x8b, 0x0, 0xc9, 0xc1, 0x28, 0x60, 0x14, 0x40,
    0x5, 0xe0, 0x0, 0x84, 0xc0, 0x9, 0x43, 0x8,
    0x80, 0x4, 0x2f, 0x28, 0x2c, 0x1, 0xa5, 0x26,
    0x0, 0x38, 0x5c, 0x14, 0x3, 0x1a, 0x3c, 0x80,
    0x77, 0x54, 0xa0, 0x6,

    /* U+0424 "Ф" */
    0x0, 0xed, 0x10, 0xf, 0x2d, 0xf1, 0x7e, 0x30,
    0x5, 0x37, 0xb8, 0x15, 0x37, 0x40, 0x4d, 0x8c,
    0x40, 0xcb, 0x88, 0x91, 0x90, 0x7, 0xa, 0x60,
    0x7, 0xfc, 0xa6, 0x20, 0x1e, 0x4d, 0x34, 0xd3,
    0x0, 0x8a, 0xcd, 0x42, 0xd3, 0x7c, 0x37, 0x45,
    0x80, 0x14, 0x77, 0x3, 0x3e, 0x44, 0x0,

    /* U+0425 "Х" */
    0x4f, 0x20, 0x1, 0x7a, 0x21, 0xb8, 0x1, 0xcc,
    0x81, 0x4, 0xee, 0x29, 0x0, 0xd, 0x44, 0x28,
    0x3, 0x20, 0x89, 0x0, 0x33, 0x98, 0x40, 0x4,
    0x51, 0x34, 0xe6, 0x0, 0xe6, 0x44, 0x37, 0x83,
    0x8c, 0x80, 0x24, 0x9c,

    /* U+0426 "Ц" */
    0xb8, 0x0, 0xda, 0xa0, 0x1f, 0xfe, 0xc1, 0x22,
    0xc0, 0x42, 0xd, 0xbb, 0x8a, 0x2e, 0xdf, 0xfe,
    0x80, 0xf, 0xf0,

    /* U+0427 "Ч" */
    0x5d, 0x0, 0xd5, 0x0, 0x1f, 0xfc, 0x41, 0x30,
    0xf, 0x28, 0xc0, 0x1, 0x1c, 0x6, 0xdb, 0xfd,
    0x46, 0x0, 0x4e, 0xec, 0x80, 0x18, 0x44, 0x1,
    0xff, 0x0,

    /* U+0428 "Ш" */
    0xb8, 0x0, 0xbc, 0x80, 0xb, 0xa0, 0x1f, 0xff,
    0x71, 0x22, 0x81, 0x88, 0x86, 0x0, 0x6d, 0xd8,
    0x2f, 0x75, 0x20,

    /* U+0429 "Щ" */
    0xb8, 0x0, 0xbc, 0x80, 0xb, 0xa0, 0x1f, 0xff,
    0xf0, 0xf, 0x9, 0x14, 0xc, 0x45, 0xc0, 0x6,
    0xdd, 0x82, 0xf7, 0x50, 0x1a, 0x37, 0xff, 0xfe,
    0x0, 0xff, 0xe1, 0x80,

    /* U+042A "Ъ" */
    0xdf, 0xf7, 0x0, 0x7b, 0x36, 0x40, 0x3e, 0x12,
    0x30, 0xf, 0xf0, 0xf7, 0x56, 0x80, 0x18, 0x7f,
    0xd8, 0x76, 0x40, 0x18, 0x44, 0x50, 0x48, 0x1,
    0xfc, 0x60, 0x1e, 0x17, 0x24, 0x0, 0x87, 0xfd,
    0xd7, 0x61,

    /* U+042B "Ы" */
    0xb8, 0x0, 0xf4, 0xc8, 0x3, 0xff, 0x92, 0xfd,
    0xcd, 0x91, 0x0, 0xcf, 0xfe, 0xe5, 0xa0, 0xe,
    0x11, 0x1f, 0xa0, 0x7, 0xff, 0x14, 0xa1, 0x0,
    0x33, 0xff, 0xb0, 0x68, 0x2,

    /* U+042C "Ь" */
    0xb8, 0x0, 0xff, 0xe5, 0xbf, 0x73, 0x64, 0x40,
    0xf, 0xfe, 0xe5, 0xa0, 0x8, 0x44, 0x7e, 0x80,
    0x1f, 0xfc, 0x12, 0x84, 0x0, 0x3f, 0xfb, 0x6,
    0x80,

    /* U+042D "Э" */
    0x7, 0xdf, 0xe8, 0x0, 0x35, 0x46, 0x42, 0xe0,
    0x36, 0xa9, 0xb6, 0x13, 0x0, 0x70, 0xb6, 0x80,
    0x1b, 0xfe, 0x76, 0x0, 0x36, 0xec, 0xec, 0x1,
    0x11, 0x4b, 0xad, 0xac, 0x6b, 0xa2, 0xcc, 0xab,
    0xcb, 0x5c, 0x0,

    /* U+042E "Ю" */
    0xb8, 0x0, 0xa7, 0xbf, 0x14, 0x3, 0xda, 0x5b,
    0xd5, 0x6e, 0x1, 0xa0, 0x6c, 0xc5, 0xb6, 0x4,
    0x2, 0x59, 0x0, 0xc6, 0x67, 0x7, 0xf2, 0x60,
    0xe, 0x6e, 0x6, 0xd1, 0x50, 0xe, 0x7e, 0x1,
    0x27, 0xb0, 0xc, 0x84, 0xe0, 0x14, 0x1e, 0x29,
    0xbd, 0xc0, 0x80, 0x43, 0xeb, 0x79, 0x74, 0xe0,

    /* U+042F "Я" */
    0x1, 0xae, 0xff, 0x9c, 0x30, 0x77, 0x63, 0x3,
    0x2b, 0x32, 0x23, 0x80, 0x7f, 0x18, 0x40, 0x7,
    0xb1, 0x7f, 0xe4, 0x0, 0x18, 0xc6, 0xe8, 0xc0,
    0xc, 0x2e, 0x44, 0x70, 0x18, 0x90, 0xe,

    /* U+0430 "а" */
    0x8, 0xdf, 0xc3, 0x0, 0x17, 0x6a, 0xf0, 0x2,
    0x8c, 0xa0, 0x80, 0x11, 0xbd, 0xe0, 0x28, 0xb9,
    0xdc, 0x0, 0x8, 0x8, 0x38, 0x1, 0x53, 0xb7,
    0xc0, 0x0,

    /* U+0431 "б" */
    0x0, 0xe1, 0x50, 0x8, 0x63, 0x7a, 0x0, 0x5,
    0xe5, 0x3d, 0xa0, 0x9, 0x6a, 0x41, 0x0, 0x93,
    0x75, 0xf6, 0x40, 0x41, 0x13, 0x83, 0xe0, 0x21,
    0x28, 0x74, 0x68, 0x40, 0xa0, 0x11, 0x10, 0x44,
    0x40, 0x11, 0x10, 0x27, 0x8c, 0x68, 0xd0, 0x1d,
    0x77, 0x83, 0x0,

    /* U+0432 "в" */
    0xef, 0xfa, 0x80, 0x17, 0xfc, 0xec, 0x1, 0x8,
    0x10, 0x57, 0x78, 0xa8, 0x57, 0x7b, 0x40, 0x7,
    0xd7, 0xfe, 0x68,

    /* U+0433 "г" */
    0xef, 0xfb, 0x2, 0xbb, 0x9a, 0x2, 0x38, 0x3,
    0xff, 0x90,

    /* U+0434 "д" */
    0x5, 0xff, 0xd2, 0x0, 0x34, 0xee, 0x30, 0x6,
    0x11, 0xc0, 0x17, 0x18, 0x7, 0x8b, 0x80, 0x38,
    0x90, 0xc4, 0x63, 0x1c, 0x1b, 0xee, 0x32, 0xc0,
    0x67, 0xfe, 0x70, 0x62, 0x0, 0xd9, 0x80,

    /* U+0435 "е" */
    0x2, 0xbf, 0xd6, 0x0, 0x79, 0xf4, 0xc2, 0x28,
    0x40, 0xa4, 0x79, 0x13, 0xba, 0x87, 0x22, 0x77,
    0x6c, 0x50, 0x92, 0x3a, 0x20, 0xc2, 0xdc, 0x32,

    /* U+0436 "ж" */
    0x6d, 0x0, 0x3d, 0x0, 0x2a, 0x41, 0x85, 0x80,
    0x31, 0xa4, 0x0, 0x3e, 0x0, 0x37, 0xc0, 0x80,
    0xc, 0xbe, 0x17, 0xcd, 0x80, 0x24, 0x3c, 0x74,
    0xd2, 0x70, 0xa, 0x60, 0xfc, 0x4a, 0x60, 0x82,
    0x1, 0xc0, 0x32, 0x2c, 0x80,

    /* U+0437 "з" */
    0x2b, 0xee, 0x50, 0x9e, 0xe6, 0x1a, 0x5, 0x88,
    0x8c, 0x20, 0xd, 0xf4, 0x90, 0x6, 0xfb, 0x6a,
    0x29, 0x14, 0xf, 0xdb, 0x83, 0xc0,

    /* U+0438 "и" */
    0xe4, 0x0, 0x1f, 0x98, 0x4, 0x3a, 0x1, 0xd4,
    0xe0, 0x1a, 0x1e, 0x40, 0x2c, 0x6e, 0x0, 0xcf,
    0x64, 0x1, 0x9d, 0x40, 0x30,

    /* U+0439 "й" */
    0x5, 0x0, 0x30, 0x4, 0x37, 0x80, 0x19, 0x2f,
    0x18, 0x1, 0xc8, 0x0, 0x3f, 0x30, 0x8, 0x74,
    0x3, 0xa9, 0xc0, 0x34, 0x3c, 0x80, 0x58, 0xdc,
    0x1, 0x9e, 0xc8, 0x3, 0x3a, 0x80, 0x60,

    /* U+043A "к" */
    0xe4, 0x0, 0x54, 0x0, 0x65, 0x78, 0x0, 0x86,
    0xf8, 0x2, 0xbe, 0x43, 0x0, 0xab, 0x15, 0x0,
    0x21, 0x39, 0xa1, 0x0, 0xcc, 0x94, 0x0,

    /* U+043B "л" */
    0x5, 0xff, 0xd2, 0x6, 0x9d, 0xc6, 0x0, 0x88,
    0x44, 0x1, 0x8, 0x80, 0x3b, 0xbc, 0x3, 0xb,
    0xa0, 0x6, 0xf4, 0x30, 0xc,

    /* U+043C "м" */
    0xe8, 0x0, 0xda, 0xe0, 0xe2, 0x0, 0x72, 0x0,
    0x2c, 0x0, 0x25, 0x0, 0x12, 0xe5, 0xc, 0x40,
    0x1, 0x89, 0x68, 0x0, 0xcc, 0xc8, 0x0, 0xf6,
    0x30, 0x4,

    /* U+043D "н" */
    0xe4, 0x0, 0xf, 0x80, 0x7f, 0xf1, 0x2f, 0xfd,
    0xc0, 0x15, 0x6e, 0xb0, 0x2, 0x12, 0x28, 0x3,
    0xf8,

    /* U+043E "о" */
    0x2, 0xbf, 0xe8, 0x0, 0xbc, 0x77, 0x4b, 0x0,
    0xa1, 0x44, 0x7c, 0xe0, 0x4c, 0x1, 0x18, 0x9,
    0x28, 0x4, 0x60, 0x2a, 0x74, 0x47, 0xce, 0x0,
    0xc1, 0xdd, 0x2c, 0x0,

    /* U+043F "п" */
    0xef, 0xfe, 0x0, 0x57, 0x73, 0x0, 0x21, 0x1c,
    0x1, 0xff, 0xd2,

    /* U+0440 "р" */
    0xe7, 0xdf, 0xc4, 0x0, 0x44, 0xf5, 0x59, 0x4,
    0x20, 0xb2, 0xd0, 0x18, 0x5, 0xa4, 0x6, 0x1,
    0x69, 0x4, 0x29, 0x42, 0xd0, 0x4c, 0xb5, 0x6c,
    0x80, 0xb3, 0xf5, 0x0, 0x3f, 0xf8, 0x60,

    /* U+0441 "с" */
    0x1, 0xaf, 0xe8, 0x0, 0x60, 0x6d, 0x21, 0xa8,
    0x51, 0x26, 0x19, 0x30, 0x7, 0x13, 0x0, 0x72,
    0x85, 0x12, 0x69, 0x86, 0x6, 0xd2, 0x98,

    /* U+0442 "т" */
    0xff, 0xed, 0xee, 0x2b, 0x76, 0x8, 0x80, 0x46,
    0x0, 0xff, 0xe6, 0x0,

    /* U+0443 "у" */
    0xc, 0x70, 0xa, 0x24, 0x2a, 0x80, 0x13, 0x50,
    0x31, 0x18, 0x21, 0x98, 0x0, 0xd4, 0x1d, 0x40,
    0x15, 0x38, 0xab, 0x0, 0x46, 0x6a, 0x51, 0x0,
    0xd4, 0x9c, 0x1, 0xc6, 0x28, 0x1, 0x29, 0x7c,
    0x80, 0x69, 0xd1, 0x70, 0x8,

    /* U+0444 "ф" */
    0x0, 0xd6, 0xc0, 0x1f, 0xfc, 0x31, 0xae, 0x49,
    0xd7, 0x0, 0xb0, 0x34, 0xe2, 0x15, 0x0, 0xa1,
    0x46, 0xe2, 0xbc, 0xe0, 0x4c, 0x1, 0xc6, 0x2,
    0x4c, 0x1, 0xc6, 0x2, 0xa1, 0x46, 0xe2, 0xba,
    0xe0, 0xc, 0xd, 0x38, 0x84, 0xc0, 0x0, 0x6b,
    0x92, 0x75, 0xc0, 0x3f, 0xf9, 0x40,

    /* U+0445 "х" */
    0x6d, 0x0, 0x2e, 0x83, 0x32, 0x6, 0xf8, 0x1,
    0x4d, 0x8c, 0x60, 0x1, 0x72, 0x90, 0x8, 0x9d,
    0x20, 0x2, 0xf8, 0xb7, 0x50, 0x86, 0x60, 0x55,
    0x88,

    /* U+0446 "ц" */
    0xe4, 0x0, 0x27, 0x0, 0x7f, 0xf4, 0x84, 0x70,
    0x8, 0x57, 0x72, 0x87, 0xfb, 0xff, 0x60, 0x7,
    0x89, 0xc0,

    /* U+0447 "ч" */
    0x8a, 0x0, 0xbc, 0xc0, 0x3e, 0xf0, 0xf, 0x12,
    0x8, 0x18, 0x1, 0x53, 0xbf, 0xc0, 0x15, 0x7f,
    0xb0, 0x3, 0xf8,

    /* U+0448 "ш" */
    0xe4, 0x0, 0x71, 0x80, 0x3c, 0x80, 0x3f, 0xfb,
    0xa2, 0x30, 0x38, 0x88, 0x2, 0xae, 0xe0, 0xdf,
    0x70, 0x0,

    /* U+0449 "щ" */
    0xe4, 0x0, 0x71, 0x80, 0x3c, 0x80, 0x3f, 0xfc,
    0x42, 0x30, 0x38, 0x88, 0x18, 0x1, 0x5d, 0xc1,
    0xbe, 0xe0, 0x59, 0x77, 0xff, 0xe0, 0xf, 0xfa,
    0xc,

    /* U+044A "ъ" */
    0xff, 0x88, 0x3, 0x77, 0x0, 0x3c, 0x22, 0xd,
    0xfd, 0x60, 0xd, 0xbf, 0xd2, 0x40, 0x1c, 0x62,
    0xc0, 0x1c, 0x62, 0xa0, 0x16, 0xff, 0x50, 0x80,

    /* U+044B "ы" */
    0xe4, 0x0, 0xd3, 0x20, 0xf, 0xea, 0xed, 0x70,
    0xd, 0x5d, 0xf2, 0x80, 0x1c, 0x4a, 0x40, 0x1c,
    0x48, 0xa0, 0x15, 0xfe, 0x41, 0x80, 0x0,

    /* U+044C "ь" */
    0xe4, 0x0, 0xff, 0xab, 0xb9, 0x0, 0xa, 0xef,
    0x65, 0x0, 0x85, 0x34, 0x2, 0x24, 0xd0, 0xbf,
    0xc6, 0x50,

    /* U+044D "э" */
    0x2b, 0xfe, 0x91, 0x7, 0xce, 0xc3, 0xd0, 0x57,
    0x12, 0xa2, 0x30, 0x6, 0xf7, 0x5, 0x80, 0x1b,
    0xdc, 0x16, 0x57, 0x12, 0xa2, 0x34, 0xce, 0xc3,
    0xd0,

    /* U+044E "ю" */
    0xe4, 0x2, 0xbf, 0xe6, 0x0, 0xde, 0x7d, 0xb0,
    0xc0, 0x4, 0x8, 0x13, 0xbb, 0x5, 0xd9, 0xc0,
    0x26, 0x20, 0x98, 0x70, 0x9, 0x48, 0x9, 0xce,
    0x49, 0x26, 0xc0, 0x2c, 0x2d, 0xa9, 0x60,

    /* U+044F "я" */
    0x5, 0xdf, 0xf8, 0xca, 0xa3, 0xb8, 0x40, 0xe4,
    0xa2, 0x20, 0x3, 0x91, 0x0, 0x31, 0x4e, 0xf7,
    0x8, 0x2, 0x3e, 0xe1, 0x1, 0x47, 0x0, 0x60,

    /* U+0450 "ѐ" */
    0x1, 0x71, 0x0, 0xc2, 0x9a, 0x40, 0x18, 0xf0,
    0x80, 0x22, 0xbf, 0xd6, 0x0, 0x79, 0xf4, 0xc2,
    0x28, 0x40, 0xa4, 0x79, 0x13, 0xba, 0x87, 0x22,
    0x77, 0x6c, 0x50, 0x92, 0x3a, 0x20, 0xc2, 0xdc,
    0x32,

    /* U+0451 "ё" */
    0x0, 0x68, 0xd2, 0x0, 0x5c, 0x30, 0xa0, 0x2,
    0x8f, 0xf3, 0x80, 0x3c, 0xfa, 0x61, 0x14, 0x20,
    0x52, 0x3c, 0x89, 0xdd, 0x43, 0x91, 0x3b, 0xb6,
    0x28, 0x49, 0x1d, 0x10, 0x61, 0x6e, 0x19, 0x0,

    /* U+0452 "ђ" */
    0x0, 0x38, 0x80, 0x7d, 0x24, 0x1, 0xc3, 0xc3,
    0xbd, 0xc1, 0x0, 0xf, 0xc, 0x10, 0xe9, 0x0,
    0x68, 0x9d, 0x6e, 0x0, 0xd2, 0xa5, 0x66, 0x20,
    0x11, 0x80, 0x4, 0xc, 0x3, 0xff, 0xa3, 0xc8,
    0x1, 0xfe, 0x34, 0x2, 0x0, 0xc3, 0xb5, 0x20,

    /* U+0453 "ѓ" */
    0x0, 0x9c, 0x80, 0x6c, 0x48, 0x6, 0xd8, 0x3b,
    0xfe, 0xc0, 0xae, 0xe6, 0x80, 0x8e, 0x0, 0xff,
    0xe4, 0x0,

    /* U+0454 "є" */
    0x1, 0xaf, 0xf5, 0x8, 0x61, 0xee, 0x89, 0x54,
    0x32, 0x44, 0x84, 0x23, 0xff, 0x60, 0x0, 0x89,
    0xfe, 0xc0, 0x2, 0x84, 0x88, 0xa1, 0x3, 0xf,
    0xb8, 0x4a,

    /* U+0455 "ѕ" */
    0x6, 0xdf, 0xd5, 0x29, 0x97, 0x4b, 0x8, 0x0,
    0x50, 0xcd, 0x15, 0xf6, 0x40, 0xfd, 0xc2, 0xe2,
    0x83, 0x1, 0x0, 0x1e, 0xf1, 0xf0,

    /* U+0456 "і" */
    0xd, 0x40, 0x56, 0x8, 0x20, 0xe4, 0x0, 0xff,
    0xe3, 0x0,

    /* U+0457 "ї" */
    0xa4, 0xd0, 0x84, 0xe0, 0x2e, 0x70, 0xf, 0xfe,
    0x68,

    /* U+0458 "ј" */
    0x0, 0x9c, 0x80, 0x2a, 0x70, 0xb, 0x54, 0x2,
    0xe4, 0x0, 0xff, 0xec, 0x11, 0x5, 0x83, 0xf5,
    0xc8,

    /* U+0459 "љ" */
    0x5, 0xff, 0xe0, 0xe, 0x34, 0xee, 0x0, 0x7e,
    0x21, 0x10, 0x3, 0xb9, 0x62, 0x2, 0x20, 0xd,
    0xdc, 0x1b, 0xe, 0xf0, 0xf, 0x7b, 0xb, 0xa0,
    0x7, 0xf, 0x37, 0xa1, 0x80, 0x6f, 0xe0, 0xb0,

    /* U+045A "њ" */
    0xe4, 0x0, 0x1f, 0x0, 0x7f, 0xf4, 0x2f, 0xfd,
    0x83, 0xfd, 0xaa, 0x0, 0xad, 0xd5, 0xe, 0xe5,
    0xd0, 0x0, 0x48, 0x8c, 0x4, 0x50, 0x7, 0xc3,
    0xdc, 0x9a, 0x0,

    /* U+045B "ћ" */
    0x0, 0x49, 0x80, 0x72, 0xe3, 0x76, 0x60, 0x40,
    0xb, 0x83, 0x39, 0x81, 0x0, 0xe3, 0xcf, 0xc2,
    0x0, 0xd3, 0x2d, 0x6f, 0x0, 0xd2, 0xa5, 0x64,
    0x20, 0x11, 0x80, 0x4, 0xc, 0x3, 0xff, 0x9e,

    /* U+045C "ќ" */
    0x0, 0x99, 0x0, 0x35, 0x72, 0x0, 0x6a, 0x80,
    0xb, 0x90, 0x1, 0x50, 0x1, 0x95, 0xe0, 0x2,
    0x1b, 0xe0, 0xa, 0xf9, 0xc, 0x2, 0xac, 0x54,
    0x0, 0x84, 0xe6, 0x84, 0x3, 0x32, 0x50, 0x0,

    /* U+045D "ѝ" */
    0x6, 0x50, 0xe, 0x7e, 0x70, 0xc, 0x36, 0xe0,
    0x17, 0x20, 0x0, 0xfc, 0xc0, 0x21, 0xd0, 0xe,
    0xa7, 0x0, 0xd0, 0xf2, 0x1, 0x63, 0x70, 0x6,
    0x7b, 0x20, 0xc, 0xea, 0x1, 0x80,

    /* U+045E "ў" */
    0x0, 0x20, 0x82, 0x80, 0x63, 0x70, 0x80, 0xc,
    0xf9, 0x70, 0x1, 0x63, 0xd5, 0xac, 0x48, 0x55,
    0x0, 0x26, 0xa0, 0x62, 0x30, 0x43, 0x30, 0x1,
    0xa8, 0x3a, 0x80, 0x2a, 0x71, 0x56, 0x0, 0x8c,
    0xd4, 0xa2, 0x1, 0xa9, 0x38, 0x3, 0x8c, 0x50,
    0x2, 0x52, 0xf9, 0x0, 0xd3, 0xa2, 0xe0, 0x10,

    /* U+045F "џ" */
    0xe4, 0x0, 0x45, 0x0, 0x7f, 0xf3, 0x44, 0x70,
    0x2, 0xbb, 0x8c, 0x1d, 0xeb, 0x3f, 0x40, 0xf,
    0x50, 0x0,

    /* U+0462 "Ѣ" */
    0x0, 0x22, 0x80, 0x7e, 0xcf, 0x0, 0xf5, 0xfb,
    0xaf, 0xf8, 0xc0, 0x2b, 0xf7, 0x5f, 0xf1, 0x80,
    0x79, 0x7b, 0xaa, 0x20, 0xc, 0xbf, 0xec, 0xf,
    0x0, 0xe1, 0x11, 0x51, 0x10, 0x3, 0xff, 0x88,
    0x32, 0x44, 0x0, 0x97, 0xfe, 0x2f, 0x0,

    /* U+0463 "ѣ" */
    0x3, 0x50, 0xe, 0x5e, 0x0, 0xff, 0xba, 0x53,
    0xb8, 0x21, 0xd2, 0x9d, 0xc1, 0x0, 0x93, 0xb9,
    0x84, 0x0, 0x4e, 0xe2, 0x70, 0x7, 0x59, 0x80,
    0x75, 0x18, 0x1, 0x3f, 0xcb, 0xc0,

    /* U+046A "Ѫ" */
    0xc, 0xff, 0xfa, 0x40, 0x1e, 0x5d, 0xff, 0x61,
    0x40, 0x0, 0xe7, 0x40, 0x5, 0xde, 0x20, 0x12,
    0x4d, 0x8f, 0x79, 0x0, 0x65, 0x84, 0xe3, 0xe3,
    0x0, 0x92, 0xa7, 0x43, 0xeb, 0x44, 0x1, 0x10,
    0x40, 0x9, 0x92, 0x0, 0xcc, 0xe0, 0x1d, 0x2c,
    0x14, 0xa0, 0x1e, 0x32, 0x60,

    /* U+046B "ѫ" */
    0x1f, 0xee, 0xde, 0xe0, 0x32, 0xbd, 0xcb, 0x37,
    0x0, 0x36, 0x52, 0x4e, 0x0, 0x45, 0x6b, 0x64,
    0xe0, 0x17, 0xd5, 0xa7, 0xd2, 0x2, 0x3, 0x0,
    0x6, 0xfc, 0x3a, 0x80, 0x33, 0xa0, 0x80,

    /* U+0472 "Ѳ" */
    0x0, 0x1d, 0xf7, 0xe2, 0x0, 0x49, 0x85, 0x58,
    0x96, 0xc0, 0xa, 0x89, 0x43, 0x8a, 0x91, 0x41,
    0x70, 0xc, 0xa4, 0xe2, 0x1d, 0xde, 0x2d, 0x10,
    0xcf, 0xfe, 0x1c, 0x41, 0x51, 0x1c, 0x82, 0xc1,
    0x51, 0x26, 0x68, 0xa9, 0x10, 0x4c, 0x2d, 0xc4,
    0xb6, 0x0,

    /* U+0473 "ѳ" */
    0x1, 0xaf, 0xe9, 0x0, 0xb0, 0xbb, 0xca, 0x81,
    0x42, 0x4, 0x56, 0xa2, 0x44, 0xee, 0xc0, 0x45,
    0x77, 0x60, 0x25, 0x8, 0x11, 0x5a, 0x88, 0x61,
    0x77, 0x95, 0x0,

    /* U+0474 "Ѵ" */
    0x0, 0xfe, 0xaa, 0x0, 0x63, 0xde, 0xe2, 0x88,
    0x5, 0xef, 0xa8, 0x4e, 0x0, 0x23, 0xb3, 0xa,
    0xb0, 0x5, 0x28, 0x80, 0x18, 0x8c, 0x17, 0xc0,
    0x21, 0x4a, 0x32, 0x50, 0xd, 0xcf, 0x4a, 0x1,
    0xca, 0xd, 0xc0, 0x1e, 0x70, 0x40, 0x8,

    /* U+0475 "ѵ" */
    0xb8, 0x0, 0xab, 0xc3, 0x98, 0x0, 0x6b, 0x20,
    0xa0, 0x81, 0x4a, 0xc0, 0x6, 0xe0, 0x7e, 0x0,
    0xa9, 0x54, 0x8, 0x1, 0x11, 0xd3, 0x0, 0x74,
    0x85, 0x0, 0x40,

    /* U+048A "Ҋ" */
    0x0, 0x30, 0x1, 0x80, 0x38, 0x6f, 0xc, 0x3,
    0x9e, 0xf1, 0x40, 0x2b, 0x80, 0xd, 0xb2, 0x1,
    0xe9, 0x20, 0xf, 0x2b, 0x20, 0x7, 0xd, 0xd1,
    0x0, 0x76, 0xa2, 0x80, 0x73, 0x8d, 0x0, 0x71,
    0xc7, 0x0, 0x79, 0x20, 0xc0, 0x30, 0x81, 0xb8,
    0x6, 0x68, 0xbc, 0x0, 0xd2, 0x98, 0x1, 0xf2,
    0xa0,

    /* U+048B "ҋ" */
    0x6, 0x0, 0x30, 0x6, 0x2b, 0xb0, 0x7, 0x25,
    0xd9, 0x80, 0x2e, 0x40, 0x1, 0xf9, 0x80, 0x61,
    0xd0, 0xf, 0x52, 0x0, 0x73, 0xb5, 0x0, 0x63,
    0x9f, 0x0, 0xe8, 0xb2, 0x0, 0xe7, 0x50, 0xb,
    0x7, 0xa0, 0x2, 0xd2, 0x10, 0xe, 0x18, 0x0,

    /* U+048C "Ҍ" */
    0x3, 0x60, 0xf, 0x96, 0x80, 0x3d, 0x32, 0x3f,
    0xf2, 0x80, 0x53, 0x23, 0xff, 0x28, 0x7, 0x1f,
    0x75, 0x66, 0x1, 0x17, 0xfb, 0xf, 0x4, 0x0,
    0x23, 0x14, 0xa, 0x0, 0x7e, 0x10, 0xe, 0x17,
    0x5, 0x0, 0x1f, 0xfb, 0xaf, 0x44,

    /* U+048D "ҍ" */
    0x8, 0xa0, 0xd, 0x6e, 0xbf, 0xe0, 0x5, 0xba,
    0xff, 0x80, 0x32, 0xf7, 0x30, 0xc0, 0xb, 0xdc,
    0xbe, 0x0, 0xef, 0x10, 0x2, 0xff, 0x93, 0xc0,

    /* U+048E "Ҏ" */
    0xbf, 0xfb, 0x60, 0x2, 0x6d, 0xd4, 0xad, 0x0,
    0x4, 0x88, 0x9c, 0xa0, 0x1a, 0x90, 0x3, 0xd7,
    0x30, 0x80, 0x7, 0xfe, 0x24, 0xa0, 0x3, 0x6e,
    0xbd, 0x98, 0x0, 0x12, 0x20, 0x48, 0x7, 0xe7,
    0x0,

    /* U+048F "ҏ" */
    0xe5, 0xbf, 0xd5, 0x0, 0x5f, 0xf5, 0xd1, 0x84,
    0xa0, 0xb3, 0x28, 0xc, 0x2, 0xe2, 0x3, 0x3,
    0xad, 0x20, 0x95, 0x17, 0x5b, 0x8, 0xed, 0x2,
    0x0, 0x15, 0xfe, 0xcb, 0x0, 0x72, 0x20, 0x3,
    0xe0,

    /* U+0490 "Ґ" */
    0x0, 0xc9, 0xa0, 0x1e, 0xbf, 0xfa, 0xc0, 0xd,
    0xbb, 0x60, 0x9, 0x14, 0x20, 0x1f, 0xfd, 0x80,

    /* U+0491 "ґ" */
    0x0, 0x91, 0x0, 0x16, 0xe7, 0x7f, 0x98, 0x1,
    0x5d, 0xc8, 0x1, 0x18, 0x3, 0xff, 0x92,

    /* U+0492 "Ғ" */
    0x6, 0xff, 0xe2, 0x0, 0x16, 0xee, 0x20, 0x8,
    0x8b, 0x0, 0x7f, 0x4c, 0x8b, 0xfe, 0x50, 0x99,
    0x17, 0xfc, 0xa0, 0x1f, 0xfc, 0xd0,

    /* U+0493 "ғ" */
    0xb, 0xff, 0xc0, 0x7, 0xee, 0x80, 0x1e, 0x23,
    0x0, 0x79, 0x92, 0x7b, 0x84, 0xc9, 0x3d, 0xc2,
    0x0, 0xf0,

    /* U+0494 "Ҕ" */
    0xbf, 0xfe, 0x10, 0x6d, 0xdc, 0x20, 0x24, 0x58,
    0x3, 0xf8, 0xef, 0xb1, 0x40, 0xd, 0xf9, 0x54,
    0x50, 0x54, 0x26, 0x7e, 0x0, 0xed, 0x60, 0xe,
    0x26, 0xb8, 0x0, 0x24, 0x70, 0x5, 0xf7, 0xa,
    0x1, 0x77, 0xb8, 0x0,

    /* U+0495 "ҕ" */
    0xef, 0xfa, 0x80, 0x15, 0xdc, 0xb0, 0x0, 0x8e,
    0x0, 0xfd, 0xfb, 0xd2, 0x0, 0x3f, 0xa4, 0x90,
    0xc2, 0x48, 0x7e, 0x40, 0x8, 0xc0, 0x4, 0x90,
    0xa0, 0xc, 0xa5, 0x80,

    /* U+0496 "Җ" */
    0x4e, 0x10, 0x3, 0x60, 0x5, 0x54, 0x4, 0x59,
    0x0, 0xf1, 0xad, 0x80, 0x25, 0xc8, 0x3, 0xbe,
    0x4, 0x0, 0x4f, 0x0, 0x19, 0x45, 0xc0, 0x35,
    0x2f, 0xc9, 0xfd, 0x50, 0x3, 0xa0, 0xf5, 0xcf,
    0x62, 0x44, 0x2, 0x45, 0xe2, 0xe0, 0x27, 0x28,
    0x0, 0xa5, 0xc8, 0x3, 0xbd, 0x94, 0x5c, 0xe0,
    0x3, 0xc6, 0x55, 0x6f, 0xc0, 0x13, 0x60, 0x5,
    0xb0, 0x1, 0xff, 0xc2,

    /* U+0497 "җ" */
    0x6d, 0x0, 0x3d, 0x0, 0x2a, 0x41, 0x85, 0x80,
    0x31, 0xa4, 0x0, 0x3e, 0x0, 0x37, 0xc0, 0x80,
    0xc, 0xbe, 0x17, 0xcd, 0x80, 0x24, 0x3c, 0x74,
    0xd2, 0x70, 0xa, 0x60, 0xfc, 0x4a, 0x60, 0xc2,
    0x1, 0xc0, 0x32, 0x6, 0x44, 0x34, 0x0, 0xf4,
    0x0, 0xf7, 0x0, 0xff, 0x66, 0x0,

    /* U+0498 "Ҙ" */
    0x19, 0xdf, 0xd6, 0x0, 0x8e, 0x76, 0xe5, 0x40,
    0x69, 0x9, 0x99, 0x80, 0x1c, 0x29, 0xe0, 0x17,
    0xfb, 0x85, 0x80, 0x2d, 0xd6, 0x3d, 0x0, 0x44,
    0x43, 0xf5, 0x6, 0x94, 0x24, 0x94, 0x7, 0x19,
    0xdb, 0x4a, 0x1, 0x8d, 0x1c, 0x91, 0x0, 0xfe,

    /* U+0499 "ҙ" */
    0x2b, 0xee, 0x50, 0x9e, 0xe6, 0x1a, 0x5, 0x88,
    0x8c, 0x20, 0xd, 0xf4, 0x90, 0x6, 0xfb, 0x6a,
    0x20, 0x4, 0x40, 0x9, 0xfe, 0x5e, 0x4d, 0x76,
    0xc2, 0x0, 0x5e, 0x80, 0x0,

    /* U+049A "Қ" */
    0xb7, 0x0, 0x9b, 0x40, 0x38, 0xa3, 0x80, 0x3a,
    0x58, 0xc0, 0x33, 0x32, 0x0, 0x28, 0xf9, 0x80,
    0xc, 0xda, 0xd0, 0x1, 0xb8, 0xa4, 0x64, 0x3,
    0xdc, 0xcc, 0x20, 0xc, 0x51, 0x3b, 0x6e, 0x1,
    0x3e, 0x8, 0x7, 0xe0,

    /* U+049B "қ" */
    0xe4, 0x0, 0x54, 0x0, 0x65, 0x78, 0x0, 0x86,
    0xf8, 0x2, 0xbe, 0x43, 0x0, 0xab, 0x15, 0x0,
    0x21, 0x39, 0xa2, 0x0, 0xcc, 0x1b, 0x3c, 0x80,
    0xe, 0x80, 0xf, 0x26, 0x80,

    /* U+049C "Ҝ" */
    0xb7, 0x0, 0x8b, 0xc8, 0x3, 0xa5, 0xc8, 0x1,
    0x46, 0xaa, 0x80, 0xc, 0xf1, 0x60, 0x14, 0x2d,
    0x9a, 0x80, 0x4c, 0x92, 0xc, 0x1, 0x71, 0xa5,
    0xc8, 0x80, 0x50, 0x4a, 0x94, 0x1, 0xea, 0x45,

    /* U+049D "ҝ" */
    0xe4, 0x0, 0x3d, 0x80, 0x61, 0x99, 0x0, 0xa,
    0xe1, 0x88, 0x1, 0x28, 0xd2, 0x1, 0x42, 0x22,
    0x0, 0x22, 0xca, 0x64, 0x0, 0xb, 0x8c, 0x48,
    0x0,

    /* U+049E "Ҟ" */
    0x6, 0xc0, 0x8, 0xfc, 0xa2, 0x4f, 0xac, 0x3e,
    0xa, 0x24, 0xfa, 0xdc, 0x1c, 0x3, 0x8a, 0x78,
    0x3, 0x1f, 0xeb, 0x90, 0x6, 0x3d, 0xa6, 0x30,
    0xe, 0x25, 0x7e, 0x0, 0xfa, 0x2, 0x0, 0x3e,
    0xf7, 0x40,

    /* U+049F "ҟ" */
    0x9, 0x30, 0xe, 0xe6, 0xde, 0x10, 0xb, 0x86,
    0xb8, 0x40, 0x3f, 0x54, 0x0, 0x72, 0xbc, 0x0,
    0x61, 0xbe, 0x0, 0xd7, 0xc8, 0x60, 0x1a, 0xb1,
    0x50, 0x3, 0x9, 0xcd, 0x8, 0x7, 0x32, 0x50,
    0x0,

    /* U+04A0 "Ҡ" */
    0xdf, 0xf7, 0x0, 0x43, 0xc7, 0x9b, 0x20, 0x1a,
    0x9c, 0xc4, 0x88, 0x1, 0x2b, 0x48, 0x7, 0x86,
    0xf8, 0x3, 0x87, 0xf9, 0x4c, 0x3, 0x87, 0x6d,
    0x10, 0x1, 0xe2, 0x49, 0xa1, 0x0, 0xf9, 0x96,
    0xc0, 0x3f, 0x52, 0x28,

    /* U+04A1 "ҡ" */
    0xff, 0x88, 0x1, 0x8d, 0xdc, 0x0, 0x9d, 0xcc,
    0x22, 0x0, 0x14, 0xd0, 0x6, 0xdd, 0x30, 0x80,
    0x6c, 0xa7, 0x20, 0xc, 0x2a, 0xfe, 0x1, 0xe8,
    0x19,

    /* U+04A2 "Ң" */
    0xb8, 0x0, 0xd5, 0x0, 0x1f, 0xfd, 0x17, 0xff,
    0xca, 0x1, 0x36, 0xee, 0x40, 0x8, 0x48, 0xb0,
    0x80, 0x7e, 0x62, 0x10, 0xf, 0x1a, 0xe5, 0xc0,
    0x6, 0xfb, 0x0, 0xff, 0x0,

    /* U+04A3 "ң" */
    0xe4, 0x0, 0xf, 0x80, 0x7f, 0xf1, 0xef, 0xfd,
    0xc0, 0x1a, 0xb7, 0x58, 0x1, 0x84, 0x8a, 0x2,
    0x0, 0xe2, 0xd, 0xe, 0x40, 0x1, 0xf8, 0x7,
    0xe7, 0x0,

    /* U+04A4 "Ҥ" */
    0xb8, 0x0, 0xdf, 0xfd, 0xc0, 0x1f, 0xb7, 0x6f,
    0x0, 0xfc, 0x45, 0x8, 0x7, 0xff, 0x5, 0xff,
    0xf0, 0x7, 0xcd, 0xbb, 0x80, 0x3e, 0x12, 0x2c,
    0x1, 0xff, 0xd2,

    /* U+04A5 "ҥ" */
    0xe4, 0x0, 0x1f, 0xfe, 0x90, 0xf, 0x67, 0x72,
    0x0, 0x3c, 0x42, 0x30, 0x5f, 0xfb, 0x0, 0x3d,
    0x5b, 0xaa, 0x0, 0xf0, 0x91, 0x18, 0x3, 0xff,
    0x86,

    /* U+04A6 "Ҧ" */
    0xbf, 0xff, 0x40, 0x7, 0x9b, 0x77, 0x28, 0x7,
    0xc2, 0x45, 0x80, 0x3f, 0xf9, 0xe7, 0x7d, 0xac,
    0x1, 0xf9, 0xbb, 0x2e, 0x54, 0x3, 0xe5, 0x51,
    0x33, 0xc8, 0x7, 0xfd, 0xa2, 0x1, 0xff, 0x13,
    0x5c, 0x0, 0x6a, 0x80, 0x1, 0xc7, 0x0, 0x7f,
    0x7e, 0x42, 0x80, 0x7f, 0x77, 0xb8, 0x0,

    /* U+04A7 "ҧ" */
    0xef, 0xfd, 0xa0, 0x1e, 0xae, 0xe4, 0x80, 0x7c,
    0x23, 0x18, 0x7, 0xff, 0x28, 0xef, 0xb1, 0x0,
    0x3e, 0xfc, 0xbb, 0x10, 0x7, 0x1a, 0x13, 0x9a,
    0x72, 0x0, 0x17, 0x40, 0x3f, 0xf8, 0x5, 0x6,
    0xe0, 0x1e, 0x6d, 0x4b, 0x10,

    /* U+04A8 "Ҩ" */
    0x0, 0x52, 0x82, 0x67, 0xea, 0x0, 0x21, 0xd4,
    0xad, 0x31, 0x6c, 0x81, 0xe4, 0x2d, 0x20, 0xe1,
    0x2c, 0xc1, 0x0, 0xb0, 0x2, 0xc2, 0x71, 0x0,
    0xfb, 0xc5, 0x84, 0x40, 0x78, 0x1, 0x27, 0x91,
    0xc0, 0x4a, 0x18, 0x28, 0xa8, 0x73, 0x51, 0x4e,
    0x4c, 0x70, 0x81, 0x68, 0x6c, 0x91, 0xf, 0x2c,

    /* U+04A9 "ҩ" */
    0x5, 0xb0, 0x6e, 0xfa, 0x1, 0xaf, 0x39, 0xad,
    0x69, 0x42, 0x44, 0xc5, 0x28, 0x62, 0x1, 0xe1,
    0x53, 0x14, 0x40, 0x87, 0x51, 0xa6, 0x82, 0xed,
    0x3, 0x85, 0xa6, 0xa8, 0x3a, 0x68,

    /* U+04AA "Ҫ" */
    0x0, 0x1d, 0xf7, 0xe2, 0x0, 0x13, 0xa, 0xb2,
    0xe8, 0x42, 0xa2, 0x50, 0xdf, 0x84, 0xc5, 0xc0,
    0x3c, 0xc4, 0x1, 0xf3, 0x10, 0x7, 0xc6, 0x2e,
    0x1, 0xf5, 0x44, 0xa1, 0xc7, 0x8, 0x26, 0x15,
    0xe2, 0x68, 0x80, 0xe, 0xd2, 0x30, 0xc0, 0x3f,
    0xc0,

    /* U+04AB "ҫ" */
    0x1, 0xaf, 0xe8, 0x0, 0x60, 0x6d, 0x21, 0xa8,
    0x51, 0x26, 0x19, 0x30, 0x7, 0x13, 0x0, 0x72,
    0x85, 0x12, 0x69, 0x86, 0x6, 0xda, 0x98, 0xd,
    0x1d, 0x40, 0x6, 0xa7, 0x0, 0x0,

    /* U+04AC "Ҭ" */
    0xdf, 0xff, 0xe, 0x6e, 0x82, 0xb7, 0x42, 0x22,
    0x20, 0x31, 0x10, 0x3, 0xff, 0xb2, 0xc2, 0x1,
    0xea, 0x60, 0xe, 0xf5, 0x0, 0xff, 0x80,

    /* U+04AD "ҭ" */
    0xff, 0xed, 0xee, 0x2b, 0x76, 0x8, 0x80, 0x46,
    0x0, 0xff, 0xe1, 0x90, 0x6, 0x55, 0x40, 0x5,
    0xec, 0x1, 0xdb, 0x80,

    /* U+04AE "Ү" */
    0xaa, 0x0, 0x68, 0xab, 0x53, 0x0, 0x13, 0x58,
    0xbf, 0x80, 0x21, 0x84, 0x20, 0x94, 0xd2, 0x0,
    0x2b, 0x8f, 0x80, 0xc, 0xa2, 0xc, 0x1, 0xca,
    0xa0, 0xf, 0xfe, 0x38,

    /* U+04AF "ү" */
    0xb7, 0x0, 0x9e, 0x7a, 0x80, 0x2a, 0xa2, 0x91,
    0x82, 0x1, 0x83, 0x50, 0x75, 0x0, 0x29, 0xc5,
    0x58, 0x0, 0x66, 0xa4, 0x10, 0xa, 0x93, 0x80,
    0x32, 0x82, 0x80, 0x7f, 0xf1, 0x0,

    /* U+04B0 "Ұ" */
    0xb, 0x80, 0xd, 0x50, 0x12, 0xe4, 0x0, 0x44,
    0x40, 0x13, 0xc8, 0x2, 0x6c, 0x2, 0x85, 0x53,
    0xb2, 0x80, 0x6b, 0xb4, 0xc8, 0x3, 0x7d, 0x8,
    0xb6, 0x80, 0x2f, 0xf2, 0x47, 0xd0, 0x7, 0xff,
    0x1c,

    /* U+04B1 "ұ" */
    0xb7, 0x0, 0x9e, 0xb6, 0x80, 0x2a, 0xe6, 0x22,
    0x1, 0x99, 0x1, 0x68, 0x29, 0x80, 0x1c, 0xc0,
    0xf4, 0x0, 0x40, 0x92, 0x20, 0x4, 0xcc, 0xa0,
    0x0, 0xf3, 0x84, 0xf0, 0xf, 0x68, 0x7f, 0x0,
    0x7e,

    /* U+04B2 "Ҳ" */
    0x4f, 0x20, 0x1, 0x7a, 0x2, 0x37, 0x0, 0x39,
    0x90, 0x1, 0x24, 0xee, 0x29, 0x0, 0xd5, 0x10,
    0xa0, 0xe, 0x41, 0x12, 0x0, 0x73, 0x98, 0x40,
    0x6, 0x28, 0x9a, 0x73, 0x0, 0xb9, 0x91, 0xd,
    0xa4, 0xe, 0x32, 0x0, 0x91, 0xd5, 0x7d, 0x0,
    0xde, 0x60, 0x1f, 0xe0,

    /* U+04B3 "ҳ" */
    0x6d, 0x0, 0x2e, 0x83, 0x32, 0x6, 0xf8, 0x1,
    0x4d, 0x8c, 0x60, 0x1, 0x72, 0x90, 0x8, 0x9d,
    0x20, 0x2, 0xf8, 0xb7, 0x61, 0x86, 0x60, 0x54,
    0xf4, 0x58, 0x1, 0x34, 0x40, 0x38, 0xe4,

    /* U+04B4 "Ҵ" */
    0xdf, 0xfe, 0xc0, 0x1f, 0x10, 0xcd, 0xd0, 0x56,
    0xe8, 0x3, 0x84, 0x88, 0xc, 0x42, 0x1, 0xff,
    0xed, 0x62, 0x2c, 0x4, 0x1, 0xd5, 0xbb, 0x60,
    0x63, 0x0, 0x5f, 0xff, 0x20, 0x7, 0xff, 0x4,

    /* U+04B5 "ҵ" */
    0xff, 0xe6, 0x4e, 0xe, 0xe2, 0xb7, 0x30, 0x4,
    0x22, 0x31, 0x10, 0x7, 0xff, 0x34, 0x47, 0x0,
    0x80, 0x4d, 0xdc, 0xa1, 0xc0, 0x4, 0xff, 0xeb,
    0x0, 0xfc, 0xd6,

    /* U+04B6 "Ҷ" */
    0x5d, 0x0, 0xd5, 0x0, 0x1f, 0xfc, 0x71, 0x30,
    0xf, 0x94, 0x60, 0x0, 0x8e, 0x0, 0x1b, 0x6f,
    0xf5, 0x18, 0x4, 0x9d, 0xd9, 0x0, 0x38, 0x44,
    0x2, 0x42, 0x1, 0xe4, 0x5d, 0x0, 0xf7, 0xd0,
    0x7, 0xf8,

    /* U+04B7 "ҷ" */
    0x8a, 0x0, 0xbc, 0xc0, 0x3f, 0xbc, 0x3, 0xe2,
    0x41, 0x3, 0x0, 0x95, 0x3b, 0xfc, 0x1, 0xab,
    0xfd, 0x80, 0xe0, 0x1f, 0x59, 0x80, 0x77, 0x88,
    0x7, 0xd2, 0x40,

    /* U+04B8 "Ҹ" */
    0x5d, 0x0, 0xd5, 0x0, 0x1f, 0xfc, 0x41, 0x30,
    0x77, 0x0, 0x4a, 0x15, 0xdc, 0x64, 0x1, 0xd6,
    0x6b, 0x4c, 0x0, 0x79, 0x10, 0xb7, 0x0, 0xc2,
    0x40, 0x1e, 0x65, 0x0, 0x80,

    /* U+04B9 "ҹ" */
    0x8a, 0x0, 0xbc, 0xc0, 0x3e, 0xf1, 0x14, 0x0,
    0x48, 0x88, 0x59, 0x0, 0x1d, 0x99, 0xb0, 0x2,
    0x48, 0x55, 0x0, 0x62, 0xb0, 0x8,

    /* U+04BA "Һ" */
    0xb8, 0x0, 0xff, 0xe5, 0xa5, 0xf7, 0x28, 0x40,
    0x3, 0xba, 0xa6, 0xd0, 0x2, 0xb1, 0xa7, 0x18,
    0x80, 0x71, 0x1, 0x80, 0x7c, 0x20, 0x1f, 0x80,

    /* U+04BB "һ" */
    0xa2, 0x0, 0xe4, 0x60, 0xf, 0xfe, 0x9, 0xe7,
    0xe1, 0x0, 0x26, 0x5a, 0xde, 0x0, 0x85, 0x2b,
    0x21, 0x2, 0x0, 0x8, 0x18, 0x7, 0xff, 0x24,

    /* U+04BC "Ҽ" */
    0x0, 0xc5, 0x5d, 0xf6, 0x60, 0x1, 0x10, 0x1e,
    0x86, 0xe1, 0xe2, 0x84, 0xd8, 0x7b, 0x51, 0x9a,
    0x21, 0x60, 0x1, 0x11, 0xc0, 0x6, 0x71, 0x4a,
    0x5e, 0xe, 0xff, 0xe0, 0x12, 0xec, 0xb, 0xdd,
    0xf2, 0x80, 0xc, 0xb4, 0x8b, 0xc0, 0x1b, 0x9a,
    0x90, 0xdf, 0xd0, 0x3, 0x1e, 0x85, 0x65, 0xd2,
    0x0,

    /* U+04BD "ҽ" */
    0x0, 0x93, 0x7f, 0x50, 0x14, 0xcd, 0x71, 0xd1,
    0x67, 0xcb, 0x2e, 0xa2, 0xaf, 0x5f, 0xa, 0xfd,
    0xd3, 0x12, 0x72, 0xb7, 0x76, 0xb0, 0x4, 0xb3,
    0x91, 0xd0, 0x80, 0xe, 0xed, 0xbb, 0x8,

    /* U+04BE "Ҿ" */
    0x0, 0xc5, 0x5d, 0xf6, 0x60, 0x1, 0x10, 0x1e,
    0x86, 0xe1, 0xe2, 0x84, 0xd8, 0x7b, 0x51, 0x9a,
    0x21, 0x60, 0x1, 0x11, 0xc0, 0x6, 0x71, 0x4a,
    0x5e, 0xe, 0xff, 0xe0, 0x12, 0xec, 0xb, 0xdd,
    0xf2, 0x80, 0xc, 0xb4, 0x8b, 0xc0, 0x1b, 0x9a,
    0x90, 0xdf, 0xd0, 0x3, 0x1e, 0x85, 0xe5, 0xd2,
    0x0, 0x71, 0x54, 0xa6, 0x28, 0x7, 0xff, 0x8,

    /* U+04BF "ҿ" */
    0x0, 0x93, 0x7f, 0x50, 0x14, 0xcd, 0x71, 0xd1,
    0x67, 0xcb, 0x2e, 0xa2, 0xaf, 0x5f, 0xa, 0xfd,
    0xd3, 0x12, 0x72, 0xb7, 0x76, 0xb0, 0x4, 0xb3,
    0x91, 0xd0, 0x80, 0xe, 0xed, 0xb9, 0xa2, 0x1,
    0x26, 0x6, 0xb8, 0x7, 0xa0, 0xc0, 0x0,

    /* U+04C0 "Ӏ" */
    0xb8, 0x0, 0xff, 0xe2, 0x0,

    /* U+04C1 "Ӂ" */
    0x0, 0xcc, 0x0, 0x51, 0x0, 0xfc, 0x57, 0x6d,
    0x10, 0xf, 0xc9, 0x76, 0x80, 0xe, 0x4e, 0x10,
    0x3, 0x60, 0x5, 0x54, 0x4, 0x59, 0x0, 0xf1,
    0xad, 0x80, 0x25, 0xc8, 0x3, 0xbe, 0x4, 0x0,
    0x4f, 0x0, 0x19, 0x45, 0xc0, 0x35, 0x2f, 0xc9,
    0xfd, 0x50, 0x3, 0xa0, 0xf5, 0xcf, 0x62, 0x44,
    0x2, 0x45, 0xe2, 0xe0, 0x27, 0x28, 0x0, 0xa5,
    0xc8, 0x3, 0xbd, 0x8c, 0x1c, 0xe0, 0x3, 0xc6,
    0xde, 0x0,

    /* U+04C2 "ӂ" */
    0x0, 0x94, 0x0, 0xc0, 0x1f, 0xd, 0xe0, 0x7,
    0xe4, 0xbc, 0x60, 0xc, 0xda, 0x0, 0x7a, 0x0,
    0x54, 0x83, 0xb, 0x0, 0x63, 0x48, 0x0, 0x7c,
    0x0, 0x6f, 0x81, 0x0, 0x19, 0x7c, 0x2f, 0x9b,
    0x0, 0x48, 0x78, 0xe9, 0xa4, 0xe0, 0x14, 0xc1,
    0xf8, 0x94, 0xc1, 0x4, 0x3, 0x80, 0x64, 0x59,
    0x0,

    /* U+04C3 "Ӄ" */
    0xb7, 0x0, 0x9f, 0x40, 0x38, 0xa3, 0x80, 0x3a,
    0x5c, 0xc0, 0x33, 0x32, 0x0, 0x28, 0xf9, 0xb0,
    0xc, 0xda, 0xf0, 0x40, 0x17, 0x14, 0x27, 0x0,
    0x7a, 0x8a, 0x0, 0x3d, 0x6e, 0x16, 0xe0, 0x12,
    0x1, 0x80, 0x63, 0x40, 0x10, 0xd, 0xd4, 0xe4,

    /* U+04C4 "ӄ" */
    0xe4, 0x0, 0x54, 0x0, 0x4a, 0xf0, 0x0, 0x1b,
    0xe0, 0x5, 0xf1, 0x18, 0x2, 0xb4, 0x5c, 0x0,
    0x25, 0xf0, 0x40, 0x11, 0x35, 0xf2, 0x0, 0x31,
    0x40, 0x2, 0x5a, 0xe0, 0x5, 0xc5, 0x80,

    /* U+04C6 "ӆ" */
    0x5, 0xff, 0xd2, 0x0, 0x34, 0xee, 0x30, 0x6,
    0x21, 0x10, 0x6, 0x11, 0x0, 0x7b, 0xbc, 0x3,
    0x85, 0xd0, 0x3, 0xbd, 0xc, 0x2, 0x66, 0x75,
    0x0, 0x52, 0x48, 0x1, 0xea, 0x20,

    /* U+04C7 "Ӈ" */
    0xb8, 0x0, 0xd6, 0xe0, 0x1f, 0xfc, 0xd7, 0xff,
    0xc8, 0x0, 0x6d, 0xdc, 0x60, 0x1, 0x22, 0xce,
    0x1, 0xff, 0xc5, 0xb8, 0x0, 0xff, 0x11, 0x14,
    0x80, 0x34, 0x6a, 0x28,

    /* U+04C8 "ӈ" */
    0xe4, 0x0, 0xbc, 0x40, 0x3f, 0xf8, 0x77, 0xff,
    0x0, 0x55, 0xbb, 0x0, 0x42, 0x45, 0x0, 0x7f,
    0x72, 0x0, 0x7e, 0x35, 0x1, 0x0, 0xe, 0xdc,
    0x80,

    /* U+04C9 "Ӊ" */
    0xb8, 0x0, 0xd5, 0x0, 0x1f, 0xfd, 0x17, 0xff,
    0xca, 0x1, 0x36, 0xee, 0x40, 0x8, 0x48, 0xb0,
    0x80, 0x7f, 0x8, 0x80, 0x3e, 0x68, 0xb8, 0x0,
    0xd4, 0x98, 0x1, 0xf2, 0xa0,

    /* U+04CA "ӊ" */
    0xe4, 0x0, 0xf, 0x80, 0x7f, 0xf1, 0xef, 0xfd,
    0xc0, 0x1a, 0xb7, 0x58, 0x1, 0x84, 0x8a, 0x0,
    0xfe, 0xe0, 0xe4, 0x0, 0xd, 0x20, 0x7, 0x87,
    0x80,

    /* U+04CB "Ӌ" */
    0x6c, 0x0, 0xd6, 0xe0, 0x1f, 0xfc, 0x42, 0x20,
    0x7, 0x94, 0x60, 0x0, 0x8c, 0x3, 0x6d, 0xfe,
    0x93, 0x0, 0x27, 0x75, 0xaa, 0x1, 0x84, 0x44,
    0xe0, 0x1c, 0x5a, 0x60, 0x1f, 0x7b, 0x80, 0x7e,

    /* U+04CC "ӌ" */
    0x8a, 0x0, 0xbc, 0x80, 0x3e, 0xe7, 0x10, 0x20,
    0x3, 0xf, 0x7f, 0x0, 0x59, 0xfe, 0xc0, 0xf,
    0xfe, 0x0, 0xf8, 0x7, 0xde, 0x40, 0x10, 0xb8,
    0x0,

    /* U+04CD "Ӎ" */
    0xb9, 0x0, 0xe1, 0xf3, 0x0, 0x31, 0x0, 0x68,
    0x0, 0xc3, 0x0, 0x11, 0x38, 0x6, 0x64, 0x30,
    0x4, 0x48, 0x80, 0x5f, 0x1e, 0x6, 0x8e, 0x1,
    0xcc, 0x2b, 0xf0, 0x1, 0xf4, 0xd0, 0x30, 0x7,
    0xc8, 0xb0, 0x1, 0x30, 0x80, 0x6a, 0x40, 0xa,
    0x9e, 0xdc, 0x3, 0xdc, 0x2e, 0x1, 0xf8, 0x8c,
    0x40,

    /* U+04CE "ӎ" */
    0xe8, 0x0, 0xda, 0xe0, 0x7, 0x10, 0x3, 0x10,
    0x4, 0xb0, 0x0, 0x84, 0x0, 0xa5, 0xca, 0x18,
    0x80, 0x21, 0x89, 0x69, 0x0, 0xe6, 0x64, 0x88,
    0x7, 0xbd, 0xc0, 0x10, 0xdc, 0x40, 0x40, 0x9,
    0x24, 0x0, 0xf9, 0x48,

    /* U+04CF "ӏ" */
    0xa2, 0x46, 0x0, 0xff, 0xe2, 0x0,

    /* U+04D0 "Ӑ" */
    0x0, 0x19, 0x80, 0x90, 0x3, 0x14, 0xdc, 0xb0,
    0x6, 0x1a, 0xbb, 0x10, 0x7, 0x27, 0xa8, 0x7,
    0xb8, 0xa4, 0x3, 0x85, 0x7c, 0xcc, 0x1, 0xa5,
    0x9, 0x68, 0x3, 0x37, 0x7, 0x30, 0x80, 0x18,
    0x14, 0x10, 0x98, 0x1, 0x43, 0xdd, 0x14, 0x81,
    0x9b, 0x3f, 0xed, 0x15, 0x96, 0x31, 0x18, 0x9f,
    0x80,

    /* U+04D1 "ӑ" */
    0x2, 0x30, 0x42, 0x0, 0x1c, 0xdf, 0x10, 0x0,
    0x6a, 0xe8, 0x2, 0x8d, 0xfc, 0x30, 0x1, 0x76,
    0xaf, 0x0, 0x28, 0xca, 0x8, 0x1, 0x1b, 0xde,
    0x2, 0x8b, 0x9d, 0xc0, 0x0, 0x80, 0x83, 0x80,
    0x15, 0x3b, 0x7c, 0x0,

    /* U+04D2 "Ӓ" */
    0x0, 0xff, 0x87, 0x83, 0x48, 0x3, 0xe, 0x7,
    0x90, 0x7, 0x37, 0xb8, 0x7, 0xb8, 0xa4, 0x3,
    0x85, 0x7c, 0xcc, 0x1, 0xa5, 0x9, 0x68, 0x3,
    0x37, 0x7, 0x30, 0x80, 0x18, 0x14, 0x10, 0x98,
    0x1, 0x43, 0xdd, 0x14, 0x81, 0x9b, 0x3f, 0xed,
    0x15, 0x96, 0x31, 0x18, 0x9f, 0x80,

    /* U+04D3 "ӓ" */
    0x2, 0xc0, 0xd1, 0x0, 0x17, 0x87, 0x8, 0x2,
    0x3b, 0xfc, 0x60, 0x2, 0xed, 0x5e, 0x0, 0x51,
    0x94, 0x10, 0x2, 0x37, 0xbc, 0x5, 0x17, 0x3b,
    0x80, 0x1, 0x1, 0x7, 0x0, 0x2a, 0x76, 0xf8,
    0x0,

    /* U+04D4 "Ӕ" */
    0x0, 0xc7, 0xff, 0xed, 0x0, 0xd0, 0xc1, 0x9b,
    0xb6, 0x0, 0x48, 0xb6, 0x4, 0x58, 0x40, 0x29,
    0x91, 0x80, 0x7e, 0x63, 0x70, 0x7, 0x7f, 0xc8,
    0x0, 0x88, 0x0, 0x59, 0xbb, 0x20, 0x40, 0xc7,
    0x78, 0x11, 0x60, 0x17, 0xaf, 0xf6, 0x81, 0x17,
    0x5a, 0xa8, 0x44, 0x41, 0x9b, 0xb8,

    /* U+04D5 "ӕ" */
    0x8, 0xdf, 0xc3, 0x6e, 0xfa, 0x10, 0x1, 0x76,
    0xae, 0x5d, 0x68, 0x68, 0x2, 0x8c, 0xa0, 0x25,
    0xa, 0x88, 0xc2, 0x37, 0xbc, 0x2b, 0xba, 0x7,
    0x55, 0x6f, 0x78, 0x57, 0x76, 0x41, 0x33, 0x15,
    0x8d, 0x21, 0x34, 0x2, 0x36, 0xe8, 0x3e, 0x6b,
    0x6a, 0xc0,

    /* U+04D6 "Ӗ" */
    0x5, 0x10, 0x52, 0x0, 0xd, 0x5e, 0x10, 0x1,
    0x2e, 0xd2, 0x0, 0xbf, 0xfe, 0x30, 0x6d, 0xdc,
    0x60, 0x24, 0x58, 0x3, 0xf9, 0xff, 0xea, 0x0,
    0x36, 0xed, 0x60, 0x1, 0x22, 0x84, 0x0, 0x24,
    0x58, 0x0, 0xdb, 0xb9, 0x80,

    /* U+04D7 "ӗ" */
    0x0, 0x28, 0x12, 0x0, 0x5b, 0x92, 0xc0, 0x14,
    0x65, 0x90, 0x0, 0xaf, 0xf5, 0x80, 0x1e, 0x7d,
    0x30, 0x8a, 0x10, 0x29, 0x1e, 0x44, 0xee, 0xa1,
    0xc8, 0x9d, 0xdb, 0x14, 0x24, 0x8e, 0x88, 0x30,
    0xb7, 0xc, 0x80,

    /* U+04D8 "Ә" */
    0x0, 0x36, 0x7f, 0x51, 0x0, 0x4d, 0x15, 0x94,
    0x3a, 0x60, 0x6, 0xf6, 0x34, 0xb5, 0xf0, 0x8,
    0x40, 0x34, 0x18, 0xbf, 0xff, 0xb4, 0x8, 0x4b,
    0xff, 0xb8, 0x9, 0xc9, 0x0, 0x34, 0x98, 0x8a,
    0x2d, 0xcc, 0xd4, 0xfc, 0x0, 0x7a, 0xbc, 0xd0,
    0xd2, 0x0,

    /* U+04D9 "ә" */
    0x3, 0xcf, 0xd6, 0x0, 0xae, 0xb6, 0x20, 0xc0,
    0x8, 0x62, 0x5b, 0xb0, 0x27, 0xf7, 0x56, 0x40,
    0xc3, 0xdd, 0x51, 0x1, 0x12, 0x48, 0xe6, 0x80,
    0x1a, 0x7b, 0xaa, 0x70,

    /* U+04DA "Ӛ" */
    0x0, 0xff, 0xe0, 0xd2, 0xbc, 0x80, 0x7a, 0xd5,
    0xe0, 0x3, 0xc2, 0x0, 0x10, 0xe, 0x6c, 0xfe,
    0xa2, 0x0, 0x9a, 0x2b, 0x28, 0x74, 0xc0, 0xd,
    0xec, 0x69, 0x6b, 0xe0, 0x10, 0x80, 0x68, 0x31,
    0x7f, 0xff, 0x68, 0x10, 0x97, 0xff, 0x70, 0x13,
    0x92, 0x0, 0x69, 0x31, 0x14, 0x5b, 0x99, 0xa9,
    0xf8, 0x0, 0xf5, 0x79, 0xa1, 0xa4, 0x0,

    /* U+04DB "ӛ" */
    0x0, 0x59, 0xc3, 0x0, 0x68, 0x3a, 0x70, 0x8,
    0xff, 0xe7, 0x0, 0xae, 0xb6, 0x20, 0xc0, 0x8,
    0x62, 0x5b, 0xb0, 0x27, 0xf7, 0x56, 0x40, 0xc3,
    0xdd, 0x51, 0x1, 0x12, 0x48, 0xe6, 0x80, 0x1a,
    0x7b, 0xaa, 0x70,

    /* U+04DC "Ӝ" */
    0x0, 0xff, 0xe2, 0xb4, 0x9e, 0x0, 0x7f, 0x34,
    0x1f, 0x0, 0x72, 0x70, 0x80, 0x1f, 0x8, 0x1,
    0x54, 0x4, 0x59, 0x0, 0xf1, 0xad, 0x80, 0x25,
    0xc8, 0x3, 0xbe, 0x4, 0x0, 0x4f, 0x0, 0x19,
    0x45, 0xc0, 0x35, 0x2f, 0xc9, 0xfd, 0x50, 0x3,
    0xa0, 0xf5, 0xcf, 0x62, 0x44, 0x2, 0x45, 0xe2,
    0xe0, 0x27, 0x28, 0x0, 0xa5, 0xc8, 0x3, 0xbd,
    0x8c, 0x1c, 0xe0, 0x3, 0xc6, 0xde, 0x0,

    /* U+04DD "ӝ" */
    0x0, 0xa1, 0x92, 0x80, 0x3e, 0xa7, 0x48, 0x0,
    0xcd, 0xa0, 0x4d, 0x44, 0x15, 0x20, 0xc2, 0xc0,
    0x18, 0xd2, 0x0, 0x1f, 0x0, 0x1b, 0xe0, 0x40,
    0x6, 0x5f, 0xb, 0xe6, 0xc0, 0x12, 0x1e, 0x3a,
    0x69, 0x38, 0x5, 0x30, 0x7e, 0x25, 0x30, 0x41,
    0x0, 0xe0, 0x19, 0x16, 0x40,

    /* U+04DE "Ӟ" */
    0x0, 0xff, 0x61, 0xcb, 0x80, 0x6e, 0x38, 0x70,
    0xc, 0x40, 0x20, 0x10, 0xce, 0xfe, 0xb0, 0x4,
    0x73, 0xb7, 0x2a, 0x3, 0x48, 0x4c, 0xcc, 0x0,
    0xe1, 0x4f, 0x0, 0xbf, 0xdc, 0x2c, 0x1, 0x6e,
    0xb1, 0xe8, 0x2, 0x22, 0x1f, 0xa8, 0x34, 0xa1,
    0x24, 0xa0, 0x38, 0xce, 0xd2, 0x50, 0x0,

    /* U+04DF "ӟ" */
    0x7, 0x83, 0xb0, 0x3, 0x51, 0xc0, 0x15, 0x67,
    0x48, 0x9e, 0xe6, 0x1a, 0x5, 0x88, 0x8c, 0x20,
    0xd, 0xf4, 0x90, 0x6, 0xfb, 0x6a, 0x29, 0x14,
    0xf, 0xdb, 0x83, 0xc0,

    /* U+04E0 "Ӡ" */
    0x4f, 0xfe, 0x74, 0xee, 0xa8, 0x58, 0x4, 0x41,
    0x74, 0x20, 0x16, 0xca, 0x0, 0x46, 0x69, 0xa1,
    0x0, 0x1f, 0xe0, 0xd8, 0x6, 0x2d, 0x76, 0x94,
    0x24, 0xb4, 0x70, 0xad, 0xa4, 0x90,

    /* U+04E1 "ӡ" */
    0xf, 0xfe, 0x80, 0xee, 0xb0, 0x28, 0x4, 0x6f,
    0x82, 0x0, 0x9c, 0x1c, 0x3, 0x40, 0xb8, 0x6,
    0xcb, 0x98, 0x0, 0x8d, 0xad, 0x40, 0x3e, 0x1e,
    0x63, 0x48, 0x51, 0x8a, 0xca, 0x48,

    /* U+04E2 "Ӣ" */
    0x0, 0x66, 0x54, 0x1, 0xb3, 0x2a, 0x0, 0x5c,
    0x0, 0x6d, 0x90, 0xe, 0x92, 0x0, 0xe5, 0x64,
    0x0, 0xc3, 0x74, 0x40, 0x1a, 0x91, 0x40, 0x33,
    0xb5, 0x0, 0x63, 0x8e, 0x0, 0xe4, 0x83, 0x0,
    0xe3, 0x70, 0xe,

    /* U+04E3 "ӣ" */
    0xa, 0xcc, 0x80, 0x2a, 0xcc, 0x80, 0x1c, 0x80,
    0x3, 0xf3, 0x0, 0x87, 0x40, 0x3a, 0x9c, 0x3,
    0x43, 0xc8, 0x5, 0x8d, 0xc0, 0x19, 0xec, 0x80,
    0x33, 0xa8, 0x6,

    /* U+04E4 "Ӥ" */
    0x0, 0xff, 0x5a, 0x3c, 0x0, 0x6a, 0x46, 0x90,
    0x5, 0xc0, 0x80, 0x8b, 0x64, 0x3, 0xa4, 0x80,
    0x39, 0x59, 0x0, 0x30, 0xdd, 0x10, 0x6, 0xa4,
    0x50, 0xc, 0xed, 0x40, 0x18, 0xe3, 0x80, 0x39,
    0x20, 0xc0, 0x38, 0xdc, 0x3, 0x80,

    /* U+04E5 "ӥ" */
    0x8, 0x74, 0xa0, 0xa, 0x99, 0x20, 0x1, 0xcc,
    0x20, 0x3e, 0x60, 0x10, 0xe8, 0x7, 0x53, 0x80,
    0x68, 0x79, 0x0, 0xb1, 0xb8, 0x3, 0x3d, 0x90,
    0x6, 0x75, 0x0, 0xc0,

    /* U+04E6 "Ӧ" */
    0x0, 0xff, 0xe0, 0xc3, 0xa5, 0x80, 0x7a, 0x59,
    0x28, 0x3, 0xc2, 0x20, 0x10, 0xe, 0x3b, 0xef,
    0xc4, 0x0, 0x93, 0xa, 0xb1, 0x2d, 0x80, 0x15,
    0x12, 0x87, 0x15, 0x22, 0x82, 0xe0, 0x19, 0x49,
    0xc4, 0x80, 0x3c, 0xdc, 0x24, 0x1, 0xe6, 0xe4,
    0x17, 0x0, 0xca, 0x4e, 0x15, 0x12, 0x66, 0x8a,
    0x91, 0x4, 0xc2, 0xdc, 0x4b, 0x60,

    /* U+04E7 "ӧ" */
    0x0, 0x59, 0xc3, 0x0, 0x68, 0x3a, 0x70, 0x8,
    0xa3, 0xf2, 0x40, 0x2f, 0x1d, 0xd2, 0xc0, 0x28,
    0x51, 0x1f, 0x38, 0x13, 0x0, 0x46, 0x2, 0x4a,
    0x1, 0x18, 0xa, 0x9d, 0x11, 0xf3, 0x80, 0x30,
    0x77, 0x4b, 0x0,

    /* U+04E8 "Ө" */
    0x0, 0x1d, 0xf7, 0xe2, 0x0, 0x49, 0x85, 0x58,
    0x96, 0xc0, 0xa, 0x89, 0x43, 0x8a, 0x91, 0x41,
    0x70, 0xc, 0xa4, 0xe2, 0x1d, 0xde, 0x2d, 0x10,
    0xcf, 0xfe, 0x1c, 0x41, 0x51, 0x1c, 0x82, 0xc1,
    0x51, 0x26, 0x68, 0xa9, 0x10, 0x4c, 0x2d, 0xc4,
    0xb6, 0x0,

    /* U+04E9 "ө" */
    0x1, 0xaf, 0xe9, 0x0, 0xb0, 0xbb, 0xca, 0x81,
    0x42, 0x4, 0x56, 0xa2, 0x44, 0xee, 0xc0, 0x45,
    0x77, 0x60, 0x25, 0x8, 0x11, 0x5a, 0x88, 0x61,
    0x77, 0x95, 0x0,

    /* U+04EA "Ӫ" */
    0x0, 0xff, 0xe0, 0xc3, 0xa5, 0x80, 0x7a, 0x59,
    0x28, 0x3, 0xc2, 0x20, 0x10, 0xe, 0x3b, 0xef,
    0xc4, 0x0, 0x93, 0xa, 0xb1, 0x2d, 0x80, 0x15,
    0x12, 0x87, 0x15, 0x22, 0x82, 0xe0, 0x19, 0x49,
    0xc4, 0x3b, 0xbc, 0x5a, 0x21, 0x9f, 0xfc, 0x38,
    0x82, 0xa2, 0x39, 0x5, 0x82, 0xa2, 0x4c, 0xd1,
    0x52, 0x20, 0x98, 0x5b, 0x89, 0x6c, 0x0,

    /* U+04EB "ӫ" */
    0x0, 0x52, 0x3b, 0x80, 0x34, 0xa3, 0x30, 0x2,
    0x19, 0xff, 0x40, 0x5, 0x85, 0xde, 0x54, 0xa,
    0x10, 0x22, 0xb5, 0x12, 0x27, 0x76, 0x2, 0x2b,
    0xbb, 0x1, 0x28, 0x40, 0x8a, 0xd4, 0x43, 0xb,
    0xbc, 0xa8, 0x0,

    /* U+04EC "Ӭ" */
    0x0, 0xff, 0x61, 0xc3, 0x80, 0x6e, 0x39, 0x70,
    0xc, 0x40, 0x20, 0x19, 0xf7, 0xfa, 0x0, 0xd,
    0x51, 0x90, 0xb8, 0xd, 0xaa, 0x6d, 0x84, 0xc0,
    0x1c, 0x2d, 0xa0, 0x6, 0xff, 0x9d, 0x80, 0xd,
    0xbb, 0x3b, 0x0, 0x44, 0x52, 0xeb, 0x6b, 0x1a,
    0xe8, 0xb3, 0x2a, 0xf2, 0xd7, 0x0,

    /* U+04ED "ӭ" */
    0x7, 0x83, 0xb0, 0x9, 0xa8, 0xe0, 0x0, 0x55,
    0xbd, 0x42, 0xf, 0x9d, 0x87, 0xa0, 0xae, 0x25,
    0x44, 0x60, 0xd, 0xee, 0xb, 0x0, 0x37, 0xb8,
    0x2c, 0xae, 0x25, 0x44, 0x69, 0x9d, 0x87, 0xa0,

    /* U+04EE "Ӯ" */
    0x0, 0x56, 0x64, 0x1, 0xd5, 0x99, 0x0, 0x51,
    0x60, 0x19, 0x38, 0x25, 0xc, 0x2, 0x88, 0x0,
    0xbc, 0x0, 0x10, 0x98, 0x1, 0x28, 0x61, 0x10,
    0x0, 0x85, 0xe5, 0x5, 0x80, 0x34, 0xa4, 0xc0,
    0x7, 0xb, 0x82, 0x80, 0x63, 0x47, 0x90, 0xe,
    0xea, 0x94, 0x0, 0xc0,

    /* U+04EF "ӯ" */
    0x0, 0x46, 0x64, 0x40, 0x14, 0x66, 0x44, 0x0,
    0xc7, 0x0, 0xa2, 0x42, 0xa8, 0x1, 0x35, 0x3,
    0x11, 0x82, 0x19, 0x80, 0xd, 0x41, 0xd4, 0x1,
    0x53, 0x8a, 0xb0, 0x4, 0x66, 0xa5, 0x10, 0xd,
    0x49, 0xc0, 0x1c, 0x62, 0x80, 0x12, 0x97, 0xc8,
    0x6, 0x9d, 0x17, 0x0, 0x80,

    /* U+04F0 "Ӱ" */
    0x0, 0xff, 0xa1, 0xd6, 0xc0, 0x3a, 0x59, 0x68,
    0x3, 0x84, 0x40, 0x20, 0x14, 0x58, 0x6, 0x4e,
    0x9, 0x43, 0x0, 0xa2, 0x0, 0x2f, 0x0, 0x4,
    0x26, 0x0, 0x4a, 0x18, 0x44, 0x0, 0x21, 0x79,
    0x41, 0x60, 0xd, 0x29, 0x30, 0x1, 0xc2, 0xe0,
    0xa0, 0x18, 0xd1, 0xe4, 0x3, 0xba, 0xa5, 0x0,
    0x30,

    /* U+04F1 "ӱ" */
    0x0, 0x2c, 0x96, 0x0, 0x64, 0xb2, 0xf0, 0xb,
    0x18, 0x80, 0xe2, 0x42, 0xa8, 0x1, 0x35, 0x3,
    0x11, 0x82, 0x19, 0x80, 0xd, 0x41, 0xd4, 0x1,
    0x53, 0x8a, 0xb0, 0x4, 0x66, 0xa5, 0x10, 0xd,
    0x49, 0xc0, 0x1c, 0x62, 0x80, 0x12, 0x97, 0xc8,
    0x6, 0x9d, 0x17, 0x0, 0x80,

    /* U+04F2 "Ӳ" */
    0x0, 0x99, 0x8a, 0xe0, 0x18, 0xad, 0x21, 0x80,
    0x31, 0x69, 0x68, 0x80, 0x22, 0xc0, 0x32, 0x70,
    0x4a, 0x18, 0x5, 0x10, 0x1, 0x78, 0x0, 0x21,
    0x30, 0x2, 0x50, 0xc2, 0x20, 0x1, 0xb, 0xca,
    0xb, 0x0, 0x69, 0x49, 0x80, 0xe, 0x17, 0x5,
    0x0, 0xc6, 0x8f, 0x20, 0x1d, 0xd5, 0x28, 0x1,
    0x80,

    /* U+04F3 "ӳ" */
    0x0, 0xa2, 0x9a, 0xc0, 0x30, 0xdf, 0xd0, 0x3,
    0x1e, 0x46, 0x66, 0xa, 0xa0, 0x4, 0xd4, 0xc,
    0x46, 0x8, 0x66, 0x0, 0x35, 0x7, 0x50, 0x5,
    0x4e, 0x2a, 0xc0, 0x11, 0x9a, 0x94, 0x40, 0x35,
    0x27, 0x0, 0x71, 0x8a, 0x0, 0x4a, 0x5f, 0x20,
    0x1a, 0x74, 0x5c, 0x2,

    /* U+04F4 "Ӵ" */
    0x0, 0xff, 0x43, 0xa5, 0x80, 0x69, 0x64, 0xa0,
    0x2, 0xe8, 0x88, 0x6, 0xa0, 0x3, 0xff, 0x88,
    0x26, 0x1, 0xe5, 0x18, 0x0, 0x23, 0x80, 0xdb,
    0x7f, 0xa8, 0xc0, 0x9, 0xdd, 0x90, 0x3, 0x8,
    0x80, 0x3f, 0xe0,

    /* U+04F5 "ӵ" */
    0x4, 0xa1, 0xd0, 0x9, 0x20, 0x78, 0x1, 0x14,
    0x40, 0x7e, 0x60, 0x1f, 0x78, 0x7, 0x89, 0x4,
    0xc, 0x0, 0xa9, 0xdf, 0xe0, 0xa, 0xbf, 0xd8,
    0x1, 0xfc,

    /* U+04F6 "Ӷ" */
    0xbf, 0xfd, 0x80, 0xfb, 0xb8, 0x3c, 0x8a, 0x10,
    0xf, 0xfe, 0x63, 0xe8, 0x80, 0x46, 0xba, 0x1,
    0x7d, 0x0, 0x7f, 0x80,

    /* U+04F7 "ӷ" */
    0xef, 0xfb, 0x2, 0xbb, 0x9a, 0x2, 0x38, 0x3,
    0xfc, 0x22, 0x0, 0xd4, 0x80, 0xf, 0x20, 0xd,
    0x6c, 0x0,

    /* U+04F8 "Ӹ" */
    0x0, 0xff, 0xe0, 0xd2, 0xb4, 0x80, 0x7a, 0xd5,
    0xa0, 0x2, 0xb8, 0x1, 0x0, 0x8, 0x4c, 0x80,
    0x3f, 0xf9, 0x2f, 0xdc, 0xd9, 0x10, 0xc, 0xff,
    0xee, 0x5a, 0x0, 0xe1, 0x11, 0xfa, 0x0, 0x7f,
    0xf1, 0x4a, 0x10, 0x3, 0x3f, 0xfb, 0x6, 0x80,
    0x20,

    /* U+04F9 "ӹ" */
    0x0, 0x4a, 0xaa, 0x40, 0x35, 0xa2, 0x2c, 0x1,
    0xc8, 0x42, 0x22, 0x99, 0x0, 0x7f, 0x57, 0x6b,
    0x80, 0x6a, 0xef, 0x94, 0x0, 0xe2, 0x52, 0x0,
    0xe2, 0x45, 0x0, 0xaf, 0xf2, 0xc, 0x0,

    /* U+04FA "Ӻ" */
    0x6, 0xff, 0xe2, 0x0, 0x16, 0xee, 0x20, 0x8,
    0x8b, 0x0, 0x7f, 0xf1, 0x6a, 0x4b, 0xfe, 0x50,
    0xa9, 0x2f, 0xf9, 0x40, 0x31, 0x0, 0x78, 0xb4,
    0x3, 0x9b, 0x40, 0x3c, 0x4a, 0x40, 0x18, 0xf2,
    0x64, 0x1, 0x80,

    /* U+04FB "ӻ" */
    0x9, 0xff, 0xa4, 0x0, 0xdd, 0xc8, 0x0, 0x84,
    0x60, 0xf, 0x43, 0x33, 0xb8, 0x30, 0xcc, 0xee,
    0x8, 0x1, 0xd8, 0x2, 0x94, 0xe0, 0x1, 0xb,
    0xf0, 0x2, 0xf9, 0x98, 0x0,

    /* U+04FC "Ӽ" */
    0x5f, 0x10, 0x0, 0xf2, 0xad, 0x40, 0xb, 0x55,
    0x5, 0xab, 0x22, 0xd0, 0x0, 0x6a, 0x6a, 0x44,
    0x2, 0x42, 0x6, 0x0, 0xce, 0x4, 0xe0, 0x11,
    0x47, 0x72, 0xc, 0x1, 0xce, 0x64, 0xfc, 0xe,
    0x30, 0x0, 0x83, 0x57, 0xd0, 0xc, 0x9e, 0x1,
    0x84, 0x4c, 0x60, 0x19, 0xb8, 0x2c,

    /* U+04FD "ӽ" */
    0x6d, 0x0, 0x2f, 0x3, 0x32, 0x46, 0xf4, 0x1,
    0x4f, 0x8c, 0x60, 0x1, 0x72, 0xa0, 0x8, 0x99,
    0x24, 0x2, 0xe8, 0xb6, 0x60, 0x40, 0x38, 0x4c,
    0x4, 0x60, 0x1, 0xd, 0x0, 0x22, 0x21, 0x80,
    0x69, 0xd4, 0x40,

    /* U+04FE "Ӿ" */
    0x2f, 0x30, 0x0, 0xf2, 0x93, 0xf0, 0x2, 0xd5,
    0x41, 0x1, 0xa, 0xaa, 0x0, 0xb9, 0xee, 0x44,
    0x1, 0xb8, 0x3, 0x3e, 0x0, 0xda, 0x2, 0x6f,
    0x0, 0xd, 0xcf, 0x32, 0x0, 0x2d, 0x58, 0xde,
    0x81, 0x52, 0x80, 0x10, 0x72,

    /* U+04FF "ӿ" */
    0x4e, 0x10, 0x2e, 0x24, 0x7a, 0xf, 0x82, 0x9,
    0x5c, 0x66, 0x0, 0x34, 0x4d, 0x6c, 0x1, 0x82,
    0x87, 0x60, 0xb, 0x7b, 0x18, 0x6, 0x79, 0xe,
    0x73,

    /* U+0600 "؀" */
    0x0, 0xff, 0xe6, 0xbd, 0x80, 0x7f, 0xc5, 0x56,
    0xd, 0xdd, 0xfd, 0x85, 0xd0,

    /* U+0601 "؁" */
    0x0, 0x5b, 0x80, 0x7f, 0xf0, 0x25, 0x4e, 0xfb,
    0xbf, 0xeb, 0xe9, 0x8c, 0xee, 0xff, 0x79, 0x3e,
    0x0, 0x7f, 0xf0, 0x6, 0x40,

    /* U+0602 "؂" */
    0x4d, 0xa0, 0xf, 0xf7, 0xcb, 0x80, 0x7f, 0xbe,
    0x4b, 0xbb, 0xfb, 0x40,

    /* U+0603 "؃" */
    0x0, 0xff, 0x88, 0x27, 0x88, 0x3, 0xfe, 0xc7,
    0xe7, 0x4a, 0xee, 0xfe, 0xf3, 0x88, 0x2b, 0xd7,
    0xff, 0xf7, 0x6f, 0xfb, 0x4,

    /* U+0604 "؄" */
    0x0, 0xff, 0xf2, 0x59, 0x80, 0x7f, 0xf2, 0x9,
    0x80, 0xec, 0x3, 0xff, 0x84, 0x7d, 0x64, 0x0,
    0x4f, 0xc, 0x20, 0xf, 0xfe, 0x17, 0xe7, 0x7a,
    0x8d, 0x18, 0x19, 0x0, 0x7f, 0xf0, 0x84, 0x97,
    0xfb, 0xd0, 0x7e, 0xe4, 0x5a, 0x6f, 0x7b, 0xbf,
    0x8a, 0x0, 0xaf, 0xa2, 0xff, 0x4, 0x87, 0x67,
    0x7b, 0xbf, 0xe0, 0xf, 0xe0,

    /* U+0605 "؅" */
    0xb, 0xeb, 0x63, 0x10, 0x8, 0x49, 0x64, 0x98,
    0xff, 0xbf, 0xfb, 0xb2, 0x77, 0x44, 0xf0, 0x2b,
    0x39, 0xdf, 0xee, 0xdb, 0x84, 0x0,

    /* U+0606 "؆" */
    0x0, 0xfd, 0x66, 0x2d, 0xc, 0x0, 0xf9, 0x1a,
    0x15, 0x0, 0x23, 0x82, 0x49, 0x80, 0x4a, 0xd0,
    0x3d, 0xc3, 0xa, 0xa0, 0x45, 0xf1, 0x81, 0x2,
    0x21, 0x40, 0x35, 0x5d, 0x80, 0x39, 0x89, 0x80,
    0x3d, 0xe0, 0x18,

    /* U+0607 "؇" */
    0x0, 0xfd, 0x66, 0x50, 0x1, 0xbe, 0x44, 0x3,
    0x91, 0xc0, 0x4, 0x1, 0x95, 0x50, 0x7d, 0xc3,
    0xa, 0xa0, 0x45, 0xf1, 0x81, 0x2, 0x21, 0x40,
    0x35, 0x5d, 0x80, 0x39, 0x89, 0x80, 0x3d, 0xe0,
    0x18,

    /* U+0608 "؈" */
    0x0, 0xff, 0x91, 0xc0, 0x3e, 0x1b, 0xe5, 0x7,
    0xa0, 0xf, 0xa7, 0x31, 0x60, 0x66, 0x2, 0x9d,
    0x20, 0x1, 0x91, 0xc, 0x84, 0x0, 0xbc, 0x64,
    0x0, 0xfb, 0xf2, 0xdf, 0x80, 0x75, 0x0, 0xc9,
    0xdc, 0x1f, 0xe6, 0x0, 0x10, 0x40, 0x4, 0x7b,
    0x20, 0x1e, 0xc4, 0xfe, 0xff, 0x4b, 0x80, 0x78,
    0xb3, 0xfe, 0xc5, 0x0, 0xe0,

    /* U+0609 "؉" */
    0x0, 0xc2, 0x1, 0xb5, 0x83, 0x0, 0x34, 0xa3,
    0x28, 0x6, 0x42, 0xb9, 0x0, 0xe5, 0x41, 0x0,
    0xe9, 0xb0, 0xe, 0x46, 0x20, 0xe, 0xf9, 0x35,
    0x17, 0x2, 0x3, 0x59, 0x2a, 0x12, 0xa0, 0x6c,
    0x3d, 0x10,

    /* U+060A "؊" */
    0x0, 0xc2, 0x1, 0xed, 0x60, 0xc0, 0xf, 0x4a,
    0x32, 0x80, 0x79, 0xa, 0xe4, 0x3, 0xe5, 0x41,
    0x0, 0xfa, 0x6c, 0x3, 0xe4, 0x62, 0x0, 0xfb,
    0xe4, 0xd4, 0x5c, 0x1c, 0x8, 0xd, 0x64, 0xa8,
    0xe8, 0xca, 0x81, 0xb0, 0xf4, 0xf4, 0xc0,

    /* U+060B "؋" */
    0x0, 0x61, 0x0, 0x5a, 0x40, 0x10, 0x80, 0x47,
    0xba, 0x10, 0xef, 0x59, 0x13, 0x2b, 0x41, 0x6e,
    0xc0, 0x4, 0x7a, 0x5f, 0x7e, 0x1b, 0xf7, 0xec,
    0x0, 0x54, 0x1, 0xf0,

    /* U+060C "،" */
    0x34, 0x87, 0x72, 0x0,

    /* U+060D "؍" */
    0x0, 0x41, 0x82, 0x20, 0xc2, 0x38, 0x1a, 0xc8,
    0x1d, 0xc0, 0x0,

    /* U+060E "؎" */
    0x1b, 0xfb, 0x0, 0xfa, 0xf7, 0xc5, 0x40, 0x3e,
    0xf2, 0x30, 0x8, 0x4d, 0xda, 0xc7, 0x9e, 0xbf,
    0xf9, 0x0,

    /* U+060F "؏" */
    0x0, 0x47, 0x68, 0x7, 0x31, 0xf6, 0x80, 0x77,
    0x18, 0x7, 0xd4, 0xd5, 0x4e, 0x0, 0xc4, 0xcf,
    0xfc, 0x1, 0x91, 0x75, 0x40, 0x3b, 0xe4, 0xef,
    0xb5, 0x80, 0xd, 0x9d, 0xfd, 0xf0, 0x40, 0x2b,
    0x88, 0x4, 0x41, 0x1, 0x34, 0x1, 0x61, 0x33,
    0x25, 0x4f, 0xfb, 0x30, 0x7, 0x29, 0x9f, 0xd4,
    0x20,

    /* U+0610 "ؐ" */
    0x23, 0xa7, 0xa8, 0x31, 0xdb, 0x96,

    /* U+0611 "ؑ" */
    0x11, 0x48, 0xcc, 0x12, 0x6, 0xc2, 0xca, 0x18,
    0x0,

    /* U+0612 "ؒ" */
    0x69, 0x45, 0x3f, 0x72, 0xd4, 0xa6,

    /* U+0613 "ؓ" */
    0x6, 0x0, 0x89, 0x2a, 0x29, 0x78, 0x3c, 0x4b,
    0x6b, 0x7c,

    /* U+0614 "ؔ" */
    0x0, 0x90, 0x85, 0xee, 0xdd, 0x2,

    /* U+0615 "ؕ" */
    0x1, 0x0, 0x1a, 0x0, 0x5d, 0x21, 0x65, 0xc0,

    /* U+0616 "ؖ" */
    0x5, 0x85, 0x0, 0x8, 0x18, 0x39, 0x61, 0x80,
    0x3f, 0x71, 0x0,

    /* U+0617 "ؗ" */
    0x6, 0x0, 0x78, 0x0, 0xc2, 0x30, 0x0,

    /* U+0618 "ؘ" */
    0x0, 0x96, 0x8d, 0x68, 0xc0,

    /* U+0619 "ؙ" */
    0x4a, 0x12, 0x2, 0x3f, 0x30,

    /* U+061A "ؚ" */
    0x3a, 0x32, 0xa3,

    /* U+061B "؛" */
    0x2, 0xb0, 0xbc, 0x4, 0x30, 0xd4, 0x8, 0x10,
    0x62,

    /* U+061C "؜" */

    /* U+061E "؞" */
    0xb, 0x30, 0x5, 0x10, 0x43, 0xe0, 0x0,

    /* U+061F "؟" */
    0x2c, 0xed, 0x79, 0xae, 0xc4, 0x75, 0x1, 0x3a,
    0xf1, 0x0, 0x35, 0x68, 0x4, 0xcc, 0x40, 0xa,
    0x58, 0x2, 0x56, 0x0, 0xb0, 0xc0,

    /* U+0620 "ؠ" */
    0x0, 0xe3, 0xbe, 0xa0, 0xc, 0x3d, 0xfd, 0x62,
    0x40, 0x4, 0x64, 0x1, 0x6a, 0x0, 0x2e, 0x62,
    0x3, 0xb8, 0x1, 0x3e, 0x1b, 0x7d, 0xa0, 0x0,
    0xa5, 0x9d, 0xae, 0x3f, 0xdd, 0xcd, 0x10, 0x6c,
    0x77, 0x63, 0x80, 0x70, 0x88, 0x3, 0xe1, 0x10,
    0x6,

    /* U+0621 "ء" */
    0x8, 0xe7, 0x3, 0x4e, 0x70, 0xf, 0x1b, 0x6f,
    0x24, 0x8d, 0xfa, 0x0,

    /* U+0622 "آ" */
    0x3a, 0xbb, 0x9, 0xd5, 0xd8, 0x40, 0x68, 0x3,
    0x38, 0x6, 0x30, 0x8, 0x40, 0x38, 0x40, 0x3f,
    0xf8, 0xa0,

    /* U+0623 "أ" */
    0x68, 0xc, 0xc1, 0x10, 0xcd, 0x3a, 0x20, 0xe0,
    0x3, 0x1, 0x0, 0x84, 0x3, 0xfc,

    /* U+0624 "ؤ" */
    0x2, 0xa3, 0x0, 0x36, 0x88, 0x5, 0xae, 0x0,
    0x4a, 0x50, 0x2, 0xf6, 0x0, 0x23, 0xd5, 0x8c,
    0x7, 0x30, 0x6d, 0xf4, 0x0, 0xbf, 0x3f, 0x28,
    0xe5, 0x50, 0xfe, 0xc8, 0x0,

    /* U+0625 "إ" */
    0x2d, 0x3, 0x30, 0x6, 0x11, 0x0, 0x7f, 0xc2,
    0x0, 0x60, 0x21, 0x13, 0x71, 0xbf, 0x88,

    /* U+0626 "ئ" */
    0x4, 0xa1, 0x0, 0xf6, 0x71, 0x80, 0xdf, 0xd0,
    0x77, 0x18, 0x33, 0xbe, 0xc1, 0xa9, 0x15, 0xd4,
    0x5, 0x60, 0x0, 0xc9, 0x2, 0x19, 0xc0, 0x3,
    0xf0, 0xf4, 0x0, 0xe1, 0x85, 0x1d, 0x85, 0x11,
    0x1d, 0x2, 0xa5, 0xcf, 0x73, 0xfd, 0x60,

    /* U+0627 "ا" */
    0x2d, 0x3, 0x30, 0x6, 0x11, 0x0, 0x7f, 0xc2,
    0x0, 0x60,

    /* U+0628 "ب" */
    0x0, 0xff, 0xe0, 0x8, 0x80, 0x3e, 0x1d, 0x6,
    0x60, 0x7, 0xc2, 0x5, 0xc2, 0x1, 0xf9, 0xdb,
    0xed, 0x0, 0x30, 0x93, 0xb9, 0x5a, 0xe3, 0xff,
    0xbb, 0xf0, 0x41, 0xb3, 0xff, 0x76, 0x40, 0x80,
    0x7a, 0x50, 0x3, 0xfd, 0x8, 0x1, 0xc0,

    /* U+0629 "ة" */
    0xb, 0x4c, 0x0, 0x52, 0x68, 0x4, 0xc2, 0x0,
    0x49, 0x60, 0x18, 0xdb, 0x29, 0xb2, 0xb5, 0x1e,
    0xf, 0x1b, 0x4f, 0x36,

    /* U+062A "ت" */
    0x0, 0xcc, 0xf8, 0x40, 0x1f, 0x99, 0xf4, 0x80,
    0x64, 0x1d, 0xc0, 0x18, 0x40, 0x2, 0x83, 0xc2,
    0x1, 0xf9, 0xd7, 0xac, 0xc0, 0x30, 0x93, 0x22,
    0xbd, 0x7f, 0xfb, 0xb9, 0x82,

    /* U+062B "ث" */
    0x0, 0xe9, 0x50, 0xf, 0xf4, 0x28, 0x7, 0xf3,
    0x33, 0x8, 0x3, 0xf3, 0x3e, 0x90, 0xc, 0x83,
    0xb8, 0x3, 0x8, 0x0, 0x50, 0x78, 0x40, 0x3f,
    0x3a, 0xf5, 0x98, 0x6, 0x12, 0x64, 0x57, 0xaf,
    0xff, 0x77, 0x30, 0x40,

    /* U+062C "ج" */
    0x7f, 0xeb, 0x51, 0x0, 0x3f, 0xfb, 0x6b, 0xb4,
    0x0, 0x37, 0x68, 0xdd, 0x0, 0x30, 0xb5, 0xc8,
    0x1, 0x9, 0x0, 0x20, 0x12, 0x58, 0x25, 0x80,
    0x66, 0x4, 0xa0, 0xa, 0xa8, 0xa2, 0x2, 0xa0,
    0xd5, 0xdf, 0xec, 0xc0, 0x0,

    /* U+062D "ح" */
    0x7f, 0xeb, 0x51, 0x0, 0x3f, 0xfb, 0x6b, 0xb4,
    0x0, 0x37, 0x68, 0xdd, 0x0, 0x30, 0xb5, 0xc8,
    0x1, 0x9, 0x0, 0x1c, 0x96, 0x1, 0xf3, 0x0,
    0x7a, 0xa8, 0xa2, 0x2, 0xa0, 0xd5, 0xdf, 0xec,
    0xc0, 0x0,

    /* U+062E "خ" */
    0x0, 0xac, 0xc0, 0x3d, 0x46, 0x1, 0x3f, 0xf5,
    0x28, 0x80, 0x1f, 0xfd, 0xb5, 0xda, 0x1, 0x4c,
    0x3e, 0x68, 0x2, 0x8f, 0xe0, 0xc0, 0xa, 0xf6,
    0x20, 0x1b, 0xa4, 0x3, 0xcc, 0xc0, 0xf, 0x33,
    0x80, 0x7b, 0xed, 0x84, 0x9, 0x81, 0x37, 0x5f,
    0xf8, 0x0,

    /* U+062F "د" */
    0x0, 0xb, 0x0, 0x61, 0xb4, 0x0, 0xd3, 0x0,
    0x19, 0x8, 0x44, 0x60, 0x40, 0x5, 0xef, 0xc8,
    0x10,

    /* U+0630 "ذ" */
    0x0, 0x68, 0x80, 0x6c, 0x10, 0xe, 0x60, 0xc,
    0x36, 0x80, 0x1a, 0x60, 0x3, 0x21, 0x8, 0x8c,
    0x8, 0x0, 0xbd, 0xf9, 0x2,

    /* U+0631 "ر" */
    0x0, 0xfd, 0xa2, 0x1, 0x23, 0x80, 0x59, 0xc0,
    0x11, 0x78, 0x0, 0xa9, 0x81, 0xf2, 0x44, 0x5d,
    0x88, 0x0,

    /* U+0632 "ز" */
    0x0, 0x2c, 0x80, 0x4b, 0x20, 0x18, 0xc0, 0x37,
    0x18, 0x5, 0x48, 0x1, 0x17, 0x80, 0x59, 0xa0,
    0x6, 0x55, 0xe, 0xec, 0x3, 0xd6, 0x20,

    /* U+0633 "س" */
    0x0, 0xff, 0xe0, 0x33, 0x0, 0x3c, 0x80, 0x12,
    0x81, 0xe8, 0x7, 0xbd, 0x40, 0xa4, 0x11, 0x96,
    0x40, 0x31, 0xf0, 0x28, 0x0, 0xc7, 0x3c, 0x3,
    0x72, 0xfd, 0xaf, 0xfa, 0x0, 0x3d, 0xd1, 0xf9,
    0x3f, 0xa9, 0x50, 0x80, 0x5, 0x53, 0x0, 0x78,
    0xea, 0x3f, 0xbf, 0xc0, 0x1f, 0x0,

    /* U+0634 "ش" */
    0x0, 0xfe, 0x95, 0x0, 0xff, 0xe0, 0x42, 0x80,
    0x7f, 0xcd, 0x36, 0x40, 0x1f, 0xe6, 0x8a, 0x22,
    0x80, 0x3c, 0x20, 0x1c, 0xb6, 0x1, 0xed, 0x40,
    0x1c, 0x5, 0x45, 0x80, 0xc, 0x9c, 0xc, 0x20,
    0x16, 0x70, 0x6, 0xe4, 0xfb, 0x5f, 0xf4, 0x80,
    0x78, 0x63, 0xf2, 0x7f, 0x53, 0x61, 0x0, 0xb,
    0x4c, 0x1, 0xe4, 0xa8, 0xfe, 0xff, 0x0, 0x7c,

    /* U+0635 "ص" */
    0x0, 0xff, 0xa3, 0xb8, 0xa0, 0x1f, 0x51, 0x0,
    0xe0, 0xfe, 0xd8, 0x9, 0x0, 0x72, 0x6, 0xdc,
    0x89, 0x80, 0xbd, 0x80, 0x6d, 0x89, 0x67, 0x3,
    0x95, 0x1f, 0xf0, 0x6, 0x12, 0x22, 0x7f, 0xb8,
    0x6c, 0x4, 0x40, 0x1b, 0xea, 0xfb, 0xfd, 0xb0,
    0x0, 0xb9, 0x50, 0x3, 0x23, 0x0, 0x7e, 0x3d,
    0x9f, 0xec, 0xf0, 0xf, 0xe0,

    /* U+0636 "ض" */
    0x0, 0xff, 0xe0, 0x61, 0x0, 0x7f, 0xf0, 0xb4,
    0x80, 0x3f, 0xf8, 0x31, 0xfc, 0xa0, 0x1f, 0x51,
    0x0, 0xe0, 0xfe, 0xd8, 0x9, 0x0, 0x72, 0x6,
    0xdc, 0x89, 0x80, 0xbd, 0x80, 0x6d, 0x89, 0x67,
    0x3, 0x95, 0x1f, 0xf0, 0x6, 0x12, 0x22, 0x7f,
    0xb8, 0x6c, 0x4, 0x40, 0x1b, 0xea, 0xfb, 0xfd,
    0xb0, 0x0, 0xb9, 0x50, 0x3, 0x23, 0x0, 0x7e,
    0x3d, 0x9f, 0xec, 0xf0, 0xf, 0xe0,

    /* U+0637 "ط" */
    0x0, 0x52, 0x0, 0x7e, 0x10, 0xf, 0x8c, 0x3,
    0xf8, 0xc0, 0x3e, 0x11, 0xab, 0xb4, 0x80, 0x2c,
    0xcb, 0xa3, 0x80, 0x1e, 0x9c, 0xc0, 0x82, 0x36,
    0x49, 0x8a, 0x6a, 0xc7, 0xa4, 0xff, 0xa2, 0xa0,

    /* U+0638 "ظ" */
    0x0, 0x52, 0x0, 0x7e, 0x10, 0xf, 0x8c, 0x0,
    0x94, 0x1, 0xc6, 0x9, 0x60, 0x18, 0x46, 0xaf,
    0xd2, 0x0, 0xb3, 0x2e, 0x8e, 0x0, 0x7a, 0x73,
    0x2, 0x8, 0xd9, 0x26, 0x29, 0xab, 0x1e, 0x93,
    0xfe, 0x8a, 0x80,

    /* U+0639 "ع" */
    0x8, 0xed, 0x0, 0x98, 0xfb, 0x40, 0x2e, 0x30,
    0xe, 0xa6, 0x9b, 0xf0, 0x1, 0x29, 0x77, 0x80,
    0x1c, 0xad, 0x40, 0x2b, 0xb0, 0x7, 0x8, 0x80,
    0x3a, 0xf9, 0x0, 0x4, 0x8d, 0x1f, 0xdf, 0xe3,

    /* U+063A "غ" */
    0x0, 0x42, 0x80, 0x74, 0x28, 0x6, 0x8e, 0xd0,
    0x9, 0x8f, 0xb4, 0x2, 0xe3, 0x0, 0xea, 0x69,
    0xbf, 0x0, 0x12, 0x97, 0x78, 0x1, 0xca, 0xd4,
    0x2, 0xbb, 0x0, 0x70, 0x88, 0x3, 0xaf, 0x90,
    0x0, 0x48, 0xd1, 0xfd, 0xfe, 0x30,

    /* U+063B "ػ" */
    0x0, 0xfd, 0x48, 0x1, 0xf0, 0xed, 0xb1, 0x0,
    0x78, 0x66, 0xf5, 0x0, 0x3c, 0xf6, 0x7a, 0xc0,
    0x1e, 0x8b, 0x92, 0x0, 0xfb, 0x20, 0xc0, 0xe,
    0xe0, 0xc, 0x7b, 0xc4, 0x1c, 0x20, 0x1c, 0x33,
    0x1, 0xd4, 0x60, 0x18, 0xb0, 0x41, 0xef, 0xff,
    0xc3, 0x40,

    /* U+063C "ؼ" */
    0x0, 0xfe, 0x54, 0x0, 0xf9, 0x77, 0x9c, 0x3,
    0xd5, 0x3d, 0x66, 0x1, 0xe4, 0x93, 0x0, 0x8,
    0x80, 0x36, 0x43, 0x0, 0x19, 0x80, 0x18, 0xb2,
    0xcc, 0x38, 0x40, 0x38, 0x66, 0x3, 0xed, 0x0,
    0x31, 0x60, 0x83, 0x5c, 0x7f, 0xdd, 0xe1, 0x60,
    0x6, 0xcb, 0x74, 0xcd, 0x81, 0x0, 0xc9, 0x16,
    0x40, 0x1f, 0xa1, 0x40, 0x3f, 0xa1, 0x40, 0x38,

    /* U+063D "ؽ" */
    0x0, 0x48, 0x7, 0xc8, 0xe, 0x3, 0x7f, 0x40,
    0x52, 0x21, 0x9d, 0xf6, 0xc, 0xc, 0xae, 0xa0,
    0x2b, 0x0, 0x6, 0x48, 0x10, 0xce, 0x0, 0x1f,
    0x87, 0xa0, 0x7, 0xc, 0x28, 0xec, 0x28, 0x88,
    0xe8, 0x15, 0x2e, 0x7b, 0x9f, 0xeb, 0x0,

    /* U+063E "ؾ" */
    0x0, 0xe1, 0xbf, 0x90, 0xa5, 0xd0, 0xce, 0xf8,
    0xb, 0x5c, 0x57, 0x50, 0x14, 0x60, 0x16, 0x48,
    0x10, 0xc1, 0x0, 0x1f, 0x87, 0xa0, 0x80, 0x61,
    0x85, 0x1d, 0x85, 0x11, 0x1d, 0x2, 0xa5, 0xcf,
    0x73, 0xfd, 0x60,

    /* U+063F "ؿ" */
    0x0, 0x58, 0x80, 0xdf, 0xc8, 0x57, 0x60, 0x67,
    0x7c, 0x5, 0xae, 0x2b, 0xa8, 0xa, 0x30, 0xb,
    0x24, 0x8, 0x60, 0x80, 0xf, 0xc3, 0xd0, 0x40,
    0x30, 0xc2, 0x8e, 0xc2, 0x88, 0x8e, 0x81, 0x52,
    0xe7, 0xb9, 0xfe, 0xb0,

    /* U+0640 "ـ" */
    0xef, 0xf8, 0x40,

    /* U+0641 "ف" */
    0x0, 0xfc, 0xb0, 0x1, 0xfe, 0x58, 0x0, 0xff,
    0xe5, 0x57, 0x30, 0x7, 0xe7, 0x3c, 0x80, 0x77,
    0x0, 0x76, 0xf9, 0x10, 0xf8, 0x40, 0x3b, 0xaf,
    0x8c, 0x7a, 0x8c, 0x3, 0x26, 0xe0, 0x93, 0xdf,
    0xf7, 0xff, 0x64, 0x0,

    /* U+0642 "ق" */
    0x0, 0xe6, 0x7c, 0x20, 0xe, 0x67, 0xd2, 0x0,
    0xf8, 0x40, 0x3c, 0x9d, 0x82, 0x1, 0xd3, 0x8b,
    0x27, 0x40, 0x2, 0x32, 0xd3, 0xbd, 0x0, 0x12,
    0x75, 0x80, 0x80, 0x6a, 0xe7, 0xcc, 0x4a, 0x88,
    0x14, 0xab, 0x2d, 0xcf, 0x7f, 0xbb, 0x4,

    /* U+0643 "ك" */
    0x0, 0xfc, 0xb4, 0x1, 0xf8, 0x40, 0x3c, 0xe8,
    0x0, 0x10, 0xc, 0x9a, 0x80, 0xee, 0x12, 0x0,
    0x20, 0x90, 0x5, 0x2a, 0x0, 0x87, 0x30, 0x11,
    0xc0, 0x9, 0xc1, 0x0, 0xf, 0xda, 0x0, 0x80,
    0xa, 0x15, 0xae, 0x3f, 0xee, 0xe6, 0xc8,

    /* U+0644 "ل" */
    0x0, 0xf4, 0xa8, 0x7, 0xc6, 0x1, 0xe1, 0x10,
    0x7, 0xff, 0xb, 0xfc, 0x1, 0xe1, 0x3, 0x60,
    0xf, 0x58, 0x80, 0x61, 0xf1, 0x10, 0x6, 0xc3,
    0xdb, 0x30, 0x17, 0x64, 0x44, 0x7f, 0xdb, 0x80,

    /* U+0645 "م" */
    0x3, 0xde, 0x60, 0x7, 0x73, 0x20, 0x43, 0xc,
    0x91, 0x42, 0xfb, 0xd5, 0xe4, 0xfb, 0xf0, 0xca,
    0x80, 0x6, 0x2, 0xe0, 0x1b, 0x44, 0x3, 0x0,

    /* U+0646 "ن" */
    0x0, 0x9d, 0x80, 0x3c, 0xec, 0x1, 0xfd, 0x20,
    0x1f, 0x22, 0x16, 0x0, 0x32, 0xe6, 0x38, 0x3,
    0x70, 0x80, 0x7b, 0xfd, 0xb0, 0x80, 0x2e, 0xf2,
    0x5c, 0x7f, 0xb7, 0x4,

    /* U+0647 "ه" */
    0x1, 0x50, 0x9, 0x29, 0x40, 0x63, 0x20, 0x66,
    0xce, 0xdc, 0x78, 0x3c, 0x2d, 0x3c, 0xd8,

    /* U+0648 "و" */
    0x5, 0xec, 0x0, 0x47, 0xab, 0x18, 0xe, 0x60,
    0xdb, 0xe8, 0x1, 0x7e, 0x7e, 0x51, 0xca, 0xa1,
    0xfd, 0x90,

    /* U+0649 "ى" */
    0x0, 0xe1, 0xbf, 0xa0, 0xe, 0xce, 0xfb, 0x0,
    0xca, 0xea, 0x2, 0xb0, 0x0, 0x64, 0x81, 0xc,
    0xe0, 0x1, 0xf8, 0x7a, 0x0, 0x70, 0xc2, 0x8e,
    0xc2, 0x88, 0x8e, 0x81, 0x52, 0xe7, 0xb9, 0xfe,
    0xb0,

    /* U+064A "ي" */
    0x0, 0xe1, 0xbf, 0xa0, 0xe, 0xce, 0xfb, 0x0,
    0xca, 0xea, 0x2, 0x90, 0x0, 0x64, 0x92, 0xd,
    0xe0, 0x1, 0xf8, 0xe2, 0x0, 0x70, 0xc2, 0x8e,
    0xc2, 0x80, 0xe, 0x81, 0x52, 0xe7, 0xff, 0x58,
    0x1, 0x73, 0xfd, 0x8a, 0x1, 0x96, 0x68, 0xc0,
    0x39, 0x62, 0xcc, 0x2,

    /* U+064B "ً" */
    0x17, 0xa1, 0x21, 0xd0, 0x61, 0x41,

    /* U+064C "ٌ" */
    0x0, 0x53, 0x44, 0xf, 0xe5, 0x11, 0xa3, 0x18,
    0x80,

    /* U+064D "ٍ" */
    0x0, 0x8, 0x25, 0x40, 0xb9, 0x98, 0x6, 0x28,
    0x40,

    /* U+064E "َ" */
    0x3, 0x71, 0x54, 0x40, 0x80,

    /* U+064F "ُ" */
    0x7, 0x90, 0x6, 0x80, 0x10, 0x44, 0xd, 0x50,
    0x0,

    /* U+0650 "ِ" */
    0x0, 0x28, 0xac, 0x80, 0x80,

    /* U+0651 "ّ" */
    0x0, 0x85, 0x15, 0x52, 0x59, 0x90,

    /* U+0652 "ْ" */
    0x3b, 0x1b, 0x87, 0xc9, 0x40,

    /* U+0653 "ٓ" */
    0x6b, 0xb4, 0x0,

    /* U+0654 "ٔ" */
    0x4a, 0xd, 0x81, 0xe9, 0x57, 0xb4,

    /* U+0655 "ٕ" */
    0x4a, 0xd, 0x81, 0xe9, 0x57, 0xb4,

    /* U+0656 "ٖ" */
    0x0, 0x39, 0x8b, 0x80,

    /* U+0657 "ٗ" */
    0x0, 0x8, 0xe, 0x49, 0x35, 0xf1, 0x26, 0xa0,
    0x0,

    /* U+0658 "٘" */
    0x0, 0xd, 0x1b, 0xe4, 0xb8,

    /* U+0659 "ٙ" */
    0x59, 0x90, 0x0,

    /* U+065A "ٚ" */
    0x0, 0xa8, 0xdf, 0xf9, 0x97, 0xc4,

    /* U+065B "ٛ" */
    0x0, 0x8f, 0x42, 0xa5, 0xed, 0x18,

    /* U+065C "ٜ" */
    0x44, 0x6e, 0x80,

    /* U+065D "ٝ" */
    0xa, 0x50, 0x3d, 0xf0, 0x3d, 0x33, 0x5, 0x58,
    0x80,

    /* U+065E "ٞ" */
    0x17, 0x62, 0x1e, 0x32, 0x5a, 0xc0,

    /* U+065F "ٟ" */
    0x4, 0xa0, 0x6, 0x58, 0x41, 0x5a, 0x45, 0x51,
    0x0,

    /* U+0660 "٠" */
    0x3, 0x0, 0x6c, 0x6, 0x48,

    /* U+0661 "١" */
    0x0, 0x92, 0xc1, 0x10, 0x0, 0x12, 0x5, 0x60,
    0x12, 0x2, 0x10, 0xee, 0x1, 0x80, 0x16, 0x40,

    /* U+0662 "٢" */
    0x14, 0x0, 0x11, 0x52, 0x21, 0x2c, 0x65, 0xdc,
    0x24, 0x2, 0xde, 0x90, 0x3, 0x38, 0x6, 0x22,
    0x0, 0x6e, 0xf0, 0xc, 0x22, 0x0, 0xcb, 0xe0,
    0x10,

    /* U+0663 "٣" */
    0x0, 0xf9, 0x2c, 0x11, 0xc, 0xea, 0x83, 0xc4,
    0x7c, 0x22, 0xf1, 0xa8, 0xa0, 0x2a, 0xbc, 0xd3,
    0x6, 0x20, 0xe, 0x21, 0x0, 0xef, 0xf0, 0x7,
    0x11, 0x0, 0x39, 0x68, 0x3, 0x0,

    /* U+0664 "٤" */
    0x0, 0x84, 0x2, 0x2c, 0xa0, 0xb, 0xea, 0xc0,
    0x8, 0xcc, 0x0, 0x95, 0xf6, 0x40, 0x2, 0x83,
    0x60, 0x2, 0x5c, 0x20, 0x3, 0x0, 0x80, 0x89,
    0x17, 0xfd, 0x88,

    /* U+0665 "٥" */
    0x2, 0xde, 0x60, 0x7, 0xc7, 0xc1, 0x90, 0x28,
    0xb5, 0x80, 0x80, 0x38, 0x48, 0xa0, 0xdf, 0x8,
    0xcf, 0x16,

    /* U+0666 "٦" */
    0x21, 0x0, 0xd5, 0xff, 0x40, 0x47, 0x7d, 0x0,
    0x70, 0x90, 0x6, 0x71, 0x0, 0xc4, 0xc0, 0x18,
    0x48, 0x3, 0x88, 0x40, 0x32, 0x10,

    /* U+0667 "٧" */
    0x1, 0x0, 0xe9, 0x90, 0x5, 0x10, 0xa6, 0x0,
    0x9a, 0x8c, 0xc8, 0xa, 0xa2, 0xa, 0xe0, 0xef,
    0x0, 0x32, 0x8a, 0xa0, 0x0, 0x4e, 0xdc, 0x3,
    0x5a, 0xe8, 0x6, 0x40, 0x40, 0xc, 0x7e, 0x1,
    0x0,

    /* U+0668 "٨" */
    0x0, 0xfe, 0x1f, 0x20, 0xc, 0x80, 0x80, 0x1b,
    0xdf, 0x40, 0x21, 0x48, 0x50, 0x9, 0xdc, 0xe,
    0xa0, 0xa, 0xa0, 0x6f, 0x1, 0x89, 0x82, 0x29,
    0x55, 0x80, 0x4c, 0xb2, 0xc0, 0x14, 0x38,

    /* U+0669 "٩" */
    0xa, 0xe9, 0x0, 0x39, 0x72, 0x10, 0x77, 0x82,
    0xa0, 0x5d, 0xb9, 0xb8, 0xb, 0x3a, 0x84, 0x3,
    0x31, 0x0, 0x62, 0x60, 0xe, 0x60,

    /* U+066A "٪" */
    0x0, 0xc2, 0x0, 0xd6, 0xc, 0x0, 0x4a, 0x32,
    0x80, 0x10, 0xae, 0x40, 0x25, 0x41, 0x0, 0xa6,
    0xc0, 0x24, 0x62, 0x0, 0xbe, 0x4d, 0x40, 0x80,
    0xd6, 0x40, 0xa8, 0x1b, 0x0,

    /* U+066B "٫" */
    0x5, 0x2, 0xa6, 0x22, 0x21, 0xb9, 0x0,

    /* U+066C "٬" */
    0x2, 0x20, 0x71, 0x98, 0x80, 0x23,

    /* U+066D "٭" */
    0x0, 0xfc, 0x66, 0x0, 0xd6, 0x80, 0x5, 0xe7,
    0x8d, 0x45, 0xd0, 0x7, 0xa0, 0x5d, 0x4d, 0x0,
    0x25, 0x5a, 0x40,

    /* U+066E "ٮ" */
    0x0, 0xff, 0xe0, 0x8, 0x80, 0x3e, 0x1d, 0x6,
    0x60, 0x7, 0xc2, 0x5, 0xc2, 0x1, 0xf9, 0xdb,
    0xed, 0x0, 0x30, 0x93, 0xb9, 0x5a, 0xe3, 0xff,
    0xbb, 0xf0, 0x40,

    /* U+066F "ٯ" */
    0x0, 0xe4, 0xec, 0x10, 0xe, 0x9c, 0x59, 0x3a,
    0x0, 0x11, 0x96, 0x9d, 0xe8, 0x0, 0x93, 0xac,
    0x4, 0x3, 0x57, 0x3e, 0x62, 0x54, 0x40, 0xa5,
    0x59, 0x6e, 0x7b, 0xfd, 0xd8, 0x20,

    /* U+0670 "ٰ" */
    0x0, 0x39, 0x8b, 0x80,

    /* U+0671 "ٱ" */
    0x1, 0x9a, 0x12, 0xa3, 0x30, 0x95, 0xd4, 0x80,
    0x6, 0x80, 0x33, 0x80, 0x63, 0x0, 0x84, 0x3,
    0x84, 0x3, 0xff, 0x8a,

    /* U+0672 "ٲ" */
    0x4, 0xa1, 0x3, 0x81, 0x7d, 0x84, 0x7a, 0xa2,
    0x0, 0xd0, 0x4, 0xe0, 0x11, 0x80, 0x4, 0x3,
    0x8, 0x7, 0xff, 0x4,

    /* U+0673 "ٳ" */
    0x2, 0xd0, 0x1, 0x98, 0x3, 0xc2, 0x20, 0xf,
    0xfe, 0x18, 0x80, 0x4c, 0x0, 0x11, 0x81, 0x74,
    0x53, 0x79, 0x11, 0x34, 0x80,

    /* U+0674 "ٴ" */
    0x87, 0x3, 0x60, 0x5, 0x95, 0xd1, 0x0,

    /* U+0675 "ٵ" */
    0x0, 0x1c, 0x91, 0x35, 0x81, 0xc, 0xc3, 0xee,
    0x0, 0x46, 0x11, 0x80, 0x3f, 0xf8, 0xe2, 0x1,
    0x98, 0x2,

    /* U+0676 "ٶ" */
    0x0, 0x8e, 0x44, 0x2, 0xba, 0x10, 0xb, 0x74,
    0xe0, 0x12, 0x73, 0x82, 0xf6, 0x80, 0x51, 0xea,
    0xc0, 0x60, 0x39, 0x80, 0x36, 0xfa, 0x0, 0xaf,
    0xcf, 0xc0, 0xa3, 0x95, 0x40, 0x3f, 0xb2, 0x0,

    /* U+0677 "ٷ" */
    0x4, 0xa1, 0x68, 0x0, 0x18, 0x2e, 0xc0, 0x26,
    0x1a, 0x16, 0xa2, 0x2e, 0x42, 0x35, 0x0, 0x11,
    0xd2, 0x1, 0x21, 0xfa, 0x90, 0x0, 0xc8, 0x51,
    0xc0, 0xa, 0x9e, 0xc0, 0x11, 0x6e, 0x85, 0x0,
    0x9, 0x39, 0x62, 0x0, 0x2f, 0xf2, 0x80, 0x0,

    /* U+0678 "ٸ" */
    0x0, 0xfc, 0xf0, 0x1, 0xfd, 0xb4, 0x20, 0x1f,
    0x8e, 0xcc, 0x3, 0xf4, 0xc8, 0x80, 0x38, 0x6f,
    0xe8, 0x3, 0xec, 0xef, 0xb0, 0xf, 0x2b, 0xa8,
    0x8, 0x1, 0x60, 0x0, 0xc9, 0x2, 0x1, 0x67,
    0x0, 0xf, 0xc3, 0xd0, 0x3, 0xe1, 0x85, 0x10,
    0x6, 0xc2, 0x88, 0x8e, 0x81, 0x40, 0x9, 0x73,
    0xdc, 0xff, 0x58, 0x4,

    /* U+0679 "ٹ" */
    0x0, 0xe5, 0x0, 0xff, 0xa2, 0xd0, 0x3, 0xf8,
    0x63, 0x0, 0x3f, 0x38, 0x44, 0x80, 0x7e, 0x7c,
    0xb1, 0x1, 0xa0, 0x77, 0x0, 0x7c, 0x2e, 0x3c,
    0x20, 0x1f, 0x9d, 0x7a, 0xcc, 0x3, 0x9, 0x32,
    0x2b, 0xd7, 0xff, 0xbb, 0x98, 0x20,

    /* U+067A "ٺ" */
    0x0, 0xe9, 0x40, 0xf, 0xf4, 0x20, 0x7, 0xfa,
    0x10, 0x3, 0xfd, 0x8, 0x0, 0x19, 0x7, 0x70,
    0x4, 0x20, 0x10, 0xa0, 0xf0, 0x80, 0x7e, 0x75,
    0xeb, 0x30, 0xc, 0x24, 0xc8, 0xaf, 0x5f, 0xfe,
    0xee, 0x60, 0x80,

    /* U+067B "ٻ" */
    0x0, 0xff, 0xe0, 0x8, 0x80, 0x3e, 0x1d, 0x6,
    0x60, 0x7, 0xc2, 0x5, 0xc2, 0x1, 0xf9, 0xdb,
    0xed, 0x0, 0x30, 0x93, 0xb9, 0x5a, 0xe3, 0xff,
    0xbb, 0xf0, 0x41, 0xb3, 0xff, 0x76, 0x40, 0x80,
    0x79, 0xc8, 0x3, 0xfe, 0x10, 0xe,

    /* U+067C "ټ" */
    0x0, 0xcc, 0xf8, 0x40, 0x1f, 0x99, 0xf4, 0x80,
    0x64, 0x1d, 0xc0, 0x18, 0x40, 0x2, 0x83, 0xc2,
    0x1, 0xf9, 0xd7, 0xac, 0xc0, 0x30, 0x93, 0x22,
    0xbd, 0x7f, 0xf7, 0x66, 0x34, 0x41, 0xf3, 0xf2,
    0x57, 0xfa, 0x8c, 0x3, 0x8f, 0xf0, 0x3, 0x80,

    /* U+067D "ٽ" */
    0x0, 0xcc, 0xf8, 0x40, 0x1f, 0x99, 0xf4, 0x80,
    0x3f, 0xa5, 0x0, 0x3f, 0xd0, 0xa0, 0x1, 0x90,
    0x77, 0x0, 0x42, 0x1, 0xa, 0xf, 0x8, 0x7,
    0xe7, 0x5e, 0xb3, 0x0, 0xc2, 0x4c, 0x8a, 0xf5,
    0xff, 0xee, 0xe6, 0x8,

    /* U+067E "پ" */
    0x0, 0xff, 0xe0, 0x8, 0x80, 0x3e, 0x1d, 0x6,
    0x60, 0x7, 0xc2, 0x5, 0xc2, 0x1, 0xf9, 0xdb,
    0xed, 0x0, 0x30, 0x93, 0xb9, 0x5a, 0xe3, 0xff,
    0xbb, 0xf0, 0x41, 0xb3, 0xe6, 0xf, 0xb2, 0x4,
    0x3, 0x99, 0xf0, 0x3, 0xfd, 0x28, 0x1, 0xfe,
    0x94, 0x0, 0xe0,

    /* U+067F "ٿ" */
    0x0, 0xcc, 0xf8, 0x40, 0x1f, 0x99, 0xf4, 0x80,
    0x3f, 0x33, 0xe9, 0x0, 0x7e, 0x67, 0xd2, 0x1,
    0x90, 0x77, 0x0, 0x61, 0x0, 0xa, 0xf, 0x8,
    0x7, 0xe7, 0x5e, 0xb3, 0x0, 0xc2, 0x4c, 0x8a,
    0xf5, 0xff, 0xee, 0xe6, 0x8,

    /* U+0680 "ڀ" */
    0x0, 0xff, 0xe0, 0x8, 0x80, 0x3e, 0x1d, 0x6,
    0x60, 0x7, 0xc2, 0x5, 0xc2, 0x1, 0xf9, 0xdb,
    0xed, 0x0, 0x30, 0x93, 0xb9, 0x5a, 0xe3, 0xff,
    0xbb, 0xf0, 0x41, 0xb3, 0xe9, 0xd3, 0xf2, 0x4,
    0x3, 0x96, 0x2c, 0x40, 0x3f, 0x2c, 0x58, 0x80,
    0x7e, 0x58, 0xb1, 0x0, 0xc0,

    /* U+0681 "ځ" */
    0x0, 0x15, 0x10, 0x7, 0x27, 0x10, 0x7, 0x15,
    0x48, 0x7, 0x2f, 0xc8, 0x7, 0x8, 0x80, 0x33,
    0xff, 0x5a, 0x88, 0x1, 0xff, 0xdb, 0x5d, 0xa0,
    0x1, 0xbb, 0x46, 0xe8, 0x1, 0x85, 0xae, 0x40,
    0x8, 0x48, 0x0, 0xe4, 0xb0, 0xf, 0x98, 0x3,
    0xd5, 0x45, 0x10, 0x15, 0x6, 0xae, 0xff, 0x66,
    0x0,

    /* U+0682 "ڂ" */
    0x0, 0xac, 0xc0, 0x3d, 0x46, 0x1, 0xea, 0x30,
    0xf, 0x51, 0x80, 0x4f, 0xfd, 0x4a, 0x20, 0x7,
    0xff, 0x6d, 0x76, 0x80, 0x53, 0xf, 0x9a, 0x0,
    0xa3, 0xf8, 0x30, 0x2, 0xbd, 0x88, 0x6, 0xe9,
    0x0, 0xf3, 0x30, 0x3, 0xcc, 0xe0, 0x1e, 0xfb,
    0x61, 0x2, 0x60, 0x4d, 0xd7, 0xfe, 0x0,

    /* U+0683 "ڃ" */
    0x7f, 0xeb, 0x62, 0x0, 0x37, 0xf7, 0x23, 0x7c,
    0x46, 0xa8, 0x9d, 0xf1, 0xc, 0xdd, 0x39, 0x0,
    0x21, 0x5c, 0x40, 0x32, 0x50, 0xeb, 0xb8, 0x0,
    0x23, 0x63, 0xb8, 0x1, 0x5c, 0x82, 0x2, 0x82,
    0xf1, 0xf, 0xfb, 0x8c,

    /* U+0684 "ڄ" */
    0x7f, 0xeb, 0x51, 0x0, 0x3f, 0xfb, 0x6b, 0xb4,
    0x0, 0x37, 0x68, 0xdd, 0x0, 0x30, 0xb5, 0xc8,
    0x1, 0x9, 0x7, 0x20, 0x12, 0x58, 0x39, 0x80,
    0x66, 0x4, 0xb0, 0xa, 0xa8, 0xa2, 0x22, 0x70,
    0x6a, 0xef, 0xfb, 0x80,

    /* U+0685 "څ" */
    0x0, 0xa8, 0xc0, 0x3a, 0x33, 0x84, 0x3, 0x43,
    0x60, 0x80, 0x1f, 0xfa, 0xd0, 0x40, 0xf, 0xfe,
    0xda, 0xed, 0x0, 0xa6, 0x1f, 0x34, 0x1, 0x47,
    0xf0, 0x60, 0x5, 0x7b, 0x10, 0xd, 0xd2, 0x1,
    0xe6, 0x60, 0x7, 0x99, 0xc0, 0x3d, 0xf6, 0xc2,
    0x4, 0xc0, 0x9b, 0xaf, 0xfc, 0x0,

    /* U+0686 "چ" */
    0x7f, 0xeb, 0x62, 0x0, 0x37, 0xf7, 0x23, 0x7c,
    0x46, 0xa8, 0x9d, 0xf1, 0xc, 0xdd, 0x39, 0x0,
    0x21, 0x5a, 0xd9, 0x80, 0x4, 0xa1, 0xfc, 0x60,
    0x0, 0x88, 0x12, 0xc0, 0x2a, 0xe4, 0x11, 0x98,
    0x5e, 0x21, 0xff, 0x61, 0x80,

    /* U+0687 "ڇ" */
    0x7f, 0xeb, 0x62, 0x0, 0x37, 0xf7, 0x23, 0x7c,
    0x46, 0xa8, 0x9d, 0xf1, 0xc, 0xdd, 0x39, 0x0,
    0x21, 0x5b, 0x19, 0x80, 0x4, 0xa0, 0x8, 0x40,
    0x2, 0x36, 0xb3, 0x80, 0x2b, 0x90, 0x0, 0x2c,
    0x2f, 0x10, 0xff, 0xb0, 0xc0,

    /* U+0688 "ڈ" */
    0x2, 0x30, 0xc, 0x2a, 0x1, 0xd5, 0x64, 0x0,
    0xa7, 0x13, 0x0, 0x4d, 0xd0, 0x80, 0x42, 0xc0,
    0x18, 0x6d, 0x0, 0x34, 0xc0, 0x6, 0x42, 0x11,
    0x18, 0x10, 0x1, 0x7b, 0xf2, 0x4,

    /* U+0689 "ډ" */
    0x0, 0xb, 0x0, 0x61, 0xb4, 0x0, 0xd3, 0x0,
    0x19, 0x8, 0x44, 0x60, 0x40, 0x5, 0xdf, 0xc8,
    0x14, 0x9b, 0x76, 0x0, 0x2f, 0x50, 0x0,

    /* U+068A "ڊ" */
    0x0, 0xb, 0x0, 0x61, 0xb3, 0x0, 0xd1, 0xe0,
    0x19, 0x48, 0x44, 0x40, 0x40, 0x5, 0xff, 0x64,
    0xa, 0x6f, 0xf3, 0x0, 0x56, 0x40, 0x1a, 0x88,
    0x0,

    /* U+068B "ڋ" */
    0x4, 0x60, 0xc, 0xf5, 0x42, 0x0, 0x53, 0x99,
    0x80, 0x13, 0x72, 0x20, 0x10, 0xb0, 0x6, 0x1b,
    0x40, 0xd, 0x10, 0x0, 0xca, 0x42, 0x22, 0x2,
    0x0, 0x2f, 0xfb, 0x20, 0x53, 0x7f, 0x98, 0x2,
    0xb2, 0x0, 0xd4, 0x40, 0x0,

    /* U+068C "ڌ" */
    0xa, 0x5d, 0x0, 0xad, 0x70, 0x2, 0x11, 0x38,
    0x6, 0x1b, 0x40, 0xd, 0x30, 0x1, 0x90, 0x84,
    0x46, 0x4, 0x0, 0x5e, 0xfc, 0x81,

    /* U+068D "ڍ" */
    0x0, 0xb, 0x0, 0x61, 0xb4, 0x0, 0xd1, 0x0,
    0xc, 0xa4, 0x22, 0x30, 0x20, 0x2, 0xf7, 0xe4,
    0xa, 0x6f, 0xf3, 0x0, 0x21, 0xb4, 0x2, 0x86,
    0xc0, 0x0,

    /* U+068E "ڎ" */
    0x0, 0x60, 0x80, 0x55, 0x38, 0x1, 0x5a, 0xe0,
    0x4, 0x22, 0x70, 0xc, 0x36, 0x80, 0x1a, 0x60,
    0x3, 0x21, 0x8, 0x8c, 0x8, 0x0, 0xbd, 0xf9,
    0x2,

    /* U+068F "ڏ" */
    0x9, 0x4c, 0x0, 0xa6, 0x34, 0x3, 0x68, 0x80,
    0x73, 0x0, 0x61, 0xb4, 0x0, 0xd3, 0x0, 0x19,
    0x8, 0x44, 0x60, 0x40, 0x5, 0xef, 0xc8, 0x10,

    /* U+0690 "ڐ" */
    0x9, 0x4c, 0x0, 0x8c, 0x44, 0x1, 0x5a, 0xe0,
    0x4, 0x22, 0x70, 0xc, 0x36, 0x80, 0x1a, 0x60,
    0x3, 0x21, 0x8, 0x8c, 0x8, 0x0, 0xbd, 0xf9,
    0x2,

    /* U+0691 "ڑ" */
    0x0, 0x8, 0x6, 0xb0, 0xe, 0xa8, 0x3, 0x60,
    0xe0, 0x3c, 0xa6, 0x0, 0x8c, 0x3, 0x71, 0x80,
    0x54, 0x80, 0x11, 0x78, 0x5, 0x9a, 0x0, 0x65,
    0x50, 0xee, 0xc0, 0x3d, 0x62, 0x0,

    /* U+0692 "ڒ" */
    0x0, 0xf0, 0xd3, 0x18, 0x9, 0x61, 0x80, 0x22,
    0xc0, 0x30, 0x80, 0x6d, 0x10, 0x9, 0x1c, 0x2,
    0xce, 0x0, 0x8b, 0xc0, 0x5, 0x4c, 0xf, 0x92,
    0x22, 0xec, 0x40,

    /* U+0693 "ړ" */
    0x0, 0xa4, 0x3, 0x89, 0x40, 0x37, 0x68, 0x6,
    0x30, 0xe, 0xac, 0x0, 0x26, 0x3f, 0x81, 0x44,
    0xc, 0x80,

    /* U+0694 "ڔ" */
    0x0, 0xfd, 0xa2, 0x1, 0x23, 0x80, 0x59, 0xc0,
    0x11, 0x78, 0x0, 0xa9, 0x81, 0xf2, 0x44, 0x5d,
    0x84, 0xe3, 0x24, 0xce,

    /* U+0695 "ڕ" */
    0x0, 0xfd, 0xa2, 0x1, 0x23, 0x80, 0x59, 0xc0,
    0x11, 0x78, 0x0, 0xa9, 0x81, 0xf2, 0x44, 0x5d,
    0xa8, 0x22, 0x97, 0x85, 0x0, 0x27, 0x20,

    /* U+0696 "ږ" */
    0x0, 0xfd, 0xa2, 0x1, 0x2b, 0x80, 0x86, 0xf8,
    0x42, 0x17, 0x4, 0xb5, 0x30, 0x3e, 0x48, 0x8b,
    0xb0, 0x9c, 0x64, 0x99, 0xc0,

    /* U+0697 "ڗ" */
    0x2, 0xb7, 0x60, 0x2a, 0x76, 0x0, 0x9, 0x80,
    0x6e, 0x30, 0xa, 0x90, 0x2, 0x2f, 0x0, 0xb3,
    0x40, 0xc, 0xaa, 0x1d, 0xd8, 0x7, 0xac, 0x40,

    /* U+0698 "ژ" */
    0x0, 0x24, 0x0, 0xa, 0x3d, 0x80, 0xb5, 0xd8,
    0x0, 0x26, 0x1, 0xb8, 0xc0, 0x2a, 0x40, 0x8,
    0xbc, 0x2, 0xcd, 0x0, 0x32, 0xa8, 0x77, 0x60,
    0x1e, 0xb1, 0x0,

    /* U+0699 "ڙ" */
    0x2, 0xc7, 0x60, 0x2d, 0x76, 0x2, 0xd7, 0x60,
    0x2d, 0x76, 0x0, 0x9, 0x80, 0x6e, 0x30, 0xa,
    0x90, 0x2, 0x2f, 0x0, 0xb3, 0x40, 0xc, 0xaa,
    0x1d, 0xd8, 0x7, 0xac, 0x40,

    /* U+069A "ښ" */
    0x0, 0xfe, 0x95, 0x0, 0xff, 0xe0, 0x42, 0x81,
    0x10, 0x3, 0xc2, 0x0, 0x11, 0x2, 0xd8, 0x7,
    0xb5, 0x0, 0x70, 0x15, 0x16, 0x0, 0x32, 0x70,
    0x30, 0x80, 0x59, 0xc0, 0x1b, 0x93, 0xed, 0x7f,
    0xd2, 0x1, 0xe1, 0x8f, 0xc9, 0xfd, 0x4d, 0x84,
    0x0, 0x2d, 0x30, 0x34, 0x0, 0x49, 0x51, 0xfd,
    0xfe, 0x0, 0x34, 0x0, 0x40,

    /* U+069B "ڛ" */
    0x0, 0xff, 0xe0, 0x33, 0x0, 0x3c, 0x80, 0x12,
    0x81, 0xe8, 0x7, 0xbd, 0x40, 0xa4, 0x11, 0x96,
    0x40, 0x31, 0xf0, 0x28, 0x0, 0xc7, 0x3c, 0x3,
    0x72, 0xfd, 0xaf, 0xfa, 0x0, 0x3d, 0xd1, 0xac,
    0x17, 0xa9, 0x50, 0x80, 0x5, 0x53, 0x15, 0x4a,
    0x0, 0xe, 0xa3, 0xfb, 0xfc, 0x0, 0x57, 0x0,
    0x80,

    /* U+069C "ڜ" */
    0x0, 0xfe, 0x95, 0x0, 0xff, 0xe0, 0x42, 0x80,
    0x7f, 0xcd, 0x36, 0x40, 0x1f, 0xe6, 0x8a, 0x22,
    0x80, 0x3c, 0x20, 0x1c, 0xb6, 0x1, 0xed, 0x40,
    0x1c, 0x5, 0x45, 0x80, 0xc, 0x9c, 0xc, 0x20,
    0x16, 0x70, 0x6, 0xe4, 0xfb, 0x5f, 0xf4, 0x80,
    0x78, 0x63, 0x58, 0x2f, 0x53, 0x61, 0x0, 0xb,
    0x4c, 0x55, 0x28, 0x0, 0x4a, 0x8f, 0xef, 0xf0,
    0x1, 0x5c, 0x2,

    /* U+069D "ڝ" */
    0x0, 0xff, 0xa3, 0xb8, 0xa0, 0x1f, 0x51, 0x0,
    0xe0, 0xfe, 0xd8, 0x9, 0x0, 0x72, 0x6, 0xdc,
    0x89, 0x80, 0xbd, 0x80, 0x6d, 0x89, 0x67, 0x3,
    0x95, 0x1f, 0xf0, 0x6, 0x12, 0x22, 0x7f, 0xb8,
    0x6c, 0x4, 0x40, 0x1b, 0xea, 0xfb, 0xfd, 0xb0,
    0x0, 0xb9, 0x50, 0x3, 0x23, 0x3, 0x45, 0x90,
    0x4, 0x7b, 0x3f, 0xd9, 0xe0, 0x6, 0x8a, 0x20,
    0x8,

    /* U+069E "ڞ" */
    0x0, 0xff, 0xe0, 0x59, 0x0, 0x7f, 0xf0, 0x67,
    0xbc, 0x3, 0xff, 0x83, 0xb, 0x80, 0x1f, 0xfc,
    0x19, 0xef, 0x50, 0xf, 0xa8, 0x80, 0x70, 0x7f,
    0x6c, 0x4, 0x80, 0x39, 0x3, 0x6e, 0x44, 0xc0,
    0x5e, 0xc0, 0x36, 0xc4, 0xb3, 0x81, 0xca, 0x8f,
    0xf8, 0x3, 0x9, 0x11, 0x3f, 0xdc, 0x36, 0x2,
    0x20, 0xd, 0xf5, 0x7d, 0xfe, 0xd8, 0x0, 0x5c,
    0xa8, 0x1, 0x91, 0x80, 0x3f, 0x1e, 0xcf, 0xf6,
    0x78, 0x7, 0xf0,

    /* U+069F "ڟ" */
    0x0, 0x52, 0x0, 0x7e, 0x10, 0x39, 0x0, 0xc6,
    0x3, 0xde, 0xe0, 0x18, 0xc7, 0x19, 0xc0, 0x21,
    0x1a, 0xfb, 0x48, 0x2, 0xcc, 0xba, 0x38, 0x1,
    0xe9, 0xcc, 0x8, 0x23, 0x64, 0x98, 0xa6, 0xac,
    0x7a, 0x4f, 0xfa, 0x2a, 0x0,

    /* U+06A0 "ڠ" */
    0x0, 0x43, 0x0, 0x74, 0x30, 0x6, 0x58, 0xb3,
    0x0, 0x96, 0x28, 0xc0, 0x28, 0xec, 0x0, 0x98,
    0xfb, 0x40, 0x2e, 0x30, 0xe, 0xa6, 0x9b, 0xf0,
    0x1, 0x29, 0x77, 0x80, 0x1c, 0xad, 0x40, 0x2b,
    0xb0, 0x7, 0x8, 0x80, 0x3a, 0xf9, 0x0, 0x4,
    0x8d, 0x1f, 0xdf, 0xe3,

    /* U+06A1 "ڡ" */
    0x0, 0xfd, 0x5c, 0xc0, 0x1f, 0x9c, 0xf2, 0x1,
    0xdc, 0x1, 0xdb, 0xe4, 0x43, 0xe1, 0x0, 0xee,
    0xbe, 0x31, 0xea, 0x30, 0xc, 0x9b, 0x82, 0x4f,
    0x7f, 0xdf, 0xfd, 0x90, 0x0,

    /* U+06A2 "ڢ" */
    0x0, 0xfd, 0x5c, 0xc0, 0x1f, 0x9c, 0xf2, 0x1,
    0xdc, 0x1, 0xdb, 0xe4, 0x43, 0xe1, 0x0, 0xee,
    0xbe, 0x31, 0xea, 0x30, 0xc, 0x9b, 0x82, 0x4f,
    0x7f, 0xdf, 0xfd, 0x90, 0x0, 0x7c, 0xef, 0xfe,
    0xe6, 0x0, 0xf6, 0x80, 0x7f, 0xd8, 0x1, 0xe0,

    /* U+06A3 "ڣ" */
    0x0, 0xfc, 0xb0, 0x1, 0xfe, 0x58, 0x0, 0xff,
    0xe5, 0x57, 0x30, 0x7, 0xe7, 0x3c, 0x80, 0x77,
    0x0, 0x76, 0xf9, 0x10, 0xf8, 0x40, 0x3b, 0xaf,
    0x8c, 0x7a, 0x8c, 0x3, 0x26, 0xe0, 0x93, 0xdf,
    0xf7, 0xff, 0x64, 0x0, 0x1f, 0x3b, 0xff, 0xb9,
    0x80, 0x3f, 0x96, 0x0, 0x3f, 0xcb, 0x0, 0x0,

    /* U+06A4 "ڤ" */
    0x0, 0xfc, 0x90, 0x1, 0xfc, 0x5e, 0xc, 0x1,
    0xf8, 0xaa, 0x18, 0x3, 0xf8, 0x40, 0x3f, 0xea,
    0xe6, 0x0, 0xfc, 0xe7, 0x90, 0xe, 0xe0, 0xe,
    0xdf, 0x22, 0x1f, 0x8, 0x7, 0x75, 0xf1, 0x8f,
    0x51, 0x80, 0x64, 0xdc, 0x12, 0x7b, 0xfe, 0xff,
    0xec, 0x80,

    /* U+06A5 "ڥ" */
    0x0, 0xfd, 0x5c, 0xc0, 0x1f, 0x9c, 0xf2, 0x1,
    0xdc, 0x1, 0xdb, 0xe4, 0x43, 0xe1, 0x0, 0xee,
    0xbe, 0x31, 0xea, 0x30, 0xc, 0x9b, 0x82, 0x4f,
    0x7f, 0xdf, 0xfd, 0x90, 0x0, 0x7c, 0xef, 0xfe,
    0xe6, 0x0, 0xfc, 0x73, 0x24, 0x0, 0xfc, 0x7f,
    0xc8, 0x1, 0xfc, 0xce, 0x0,

    /* U+06A6 "ڦ" */
    0x0, 0xf8, 0xad, 0xd4, 0x3, 0xfd, 0xe6, 0x1,
    0xf8, 0xaa, 0x18, 0x3, 0xf8, 0x40, 0x3f, 0xea,
    0xe6, 0x0, 0xfc, 0xe7, 0x90, 0xe, 0xe0, 0xe,
    0xdf, 0x22, 0x1f, 0x8, 0x7, 0x75, 0xf1, 0x8f,
    0x51, 0x80, 0x64, 0xdc, 0x12, 0x7b, 0xfe, 0xff,
    0xec, 0x80,

    /* U+06A7 "ڧ" */
    0x0, 0xf4, 0xa0, 0x7, 0xd0, 0x80, 0x1f, 0x8,
    0x7, 0xc9, 0xd8, 0x20, 0x1d, 0x38, 0xb2, 0x74,
    0x0, 0x23, 0x2d, 0x3b, 0xd0, 0x1, 0x27, 0x58,
    0x8, 0x6, 0xae, 0x7c, 0xc4, 0xa8, 0x81, 0x4a,
    0xb2, 0xdc, 0xf7, 0xfb, 0xb0, 0x40,

    /* U+06A8 "ڨ" */
    0x0, 0xf4, 0xa8, 0x7, 0x98, 0x64, 0x80, 0x39,
    0xa3, 0x48, 0x3, 0xe1, 0x0, 0xf2, 0x76, 0x8,
    0x7, 0x4e, 0x2c, 0x9d, 0x0, 0x8, 0xcb, 0x4e,
    0xf4, 0x0, 0x49, 0xd6, 0x2, 0x1, 0xab, 0x9f,
    0x31, 0x2a, 0x20, 0x52, 0xac, 0xb7, 0x3d, 0xfe,
    0xec, 0x10,

    /* U+06A9 "ک" */
    0x0, 0xfe, 0x54, 0x0, 0xf9, 0x77, 0x9c, 0x3,
    0xd5, 0x3d, 0x66, 0x1, 0xe4, 0x93, 0x0, 0x8,
    0x80, 0x36, 0x43, 0x0, 0x19, 0x80, 0x18, 0xb2,
    0xcc, 0x38, 0x40, 0x38, 0x66, 0x3, 0xed, 0x0,
    0x31, 0x60, 0x83, 0x5c, 0x7f, 0xdd, 0xe1, 0x60,

    /* U+06AA "ڪ" */
    0x0, 0xff, 0xe3, 0x2d, 0xe8, 0x7, 0xc3, 0x98,
    0x9d, 0x0, 0xfa, 0x52, 0x48, 0x3, 0xf5, 0xa7,
    0x6e, 0x4a, 0x80, 0x71, 0xe7, 0x6e, 0x5f, 0xb0,
    0x7, 0xe1, 0x3, 0x14, 0xff, 0xfd, 0xc2, 0xe0,

    /* U+06AB "ګ" */
    0x0, 0xfc, 0x32, 0xc0, 0x1f, 0x47, 0x98, 0x80,
    0x7b, 0x3b, 0x40, 0xc0, 0x3c, 0x3a, 0x74, 0x86,
    0x80, 0x1b, 0x1e, 0x80, 0x16, 0x40, 0x18, 0x71,
    0xd8, 0x4, 0x3, 0xe9, 0xd0, 0xcb, 0x41, 0x0,
    0x8b, 0x4, 0x16, 0xe3, 0xbf, 0xdd, 0xc0, 0xb0,

    /* U+06AC "ڬ" */
    0x0, 0xed, 0x10, 0x5a, 0x0, 0xec, 0x10, 0x10,
    0xf, 0x21, 0x80, 0x4, 0x3, 0x1f, 0x18, 0x3b,
    0x84, 0x40, 0x2, 0x2, 0x0, 0x99, 0x80, 0x6,
    0x70, 0x0, 0x8b, 0x84, 0x0, 0xb8, 0x40, 0x1,
    0xfb, 0x40, 0x20, 0x1, 0x42, 0xb5, 0xc7, 0xfd,
    0xdc, 0xd9,

    /* U+06AD "ڭ" */
    0x0, 0xeb, 0x10, 0xf, 0xab, 0xb0, 0x16, 0x80,
    0x35, 0xae, 0x0, 0x80, 0x70, 0xa9, 0x0, 0x4,
    0x3, 0x1f, 0x18, 0x3b, 0x84, 0x40, 0x2, 0x2,
    0x0, 0x99, 0x80, 0x6, 0x70, 0x0, 0x8b, 0x84,
    0x0, 0xb8, 0x40, 0x1, 0xfb, 0x40, 0x20, 0x1,
    0x42, 0xb5, 0xc7, 0xfd, 0xdc, 0xd9,

    /* U+06AE "ڮ" */
    0x0, 0xfc, 0xb4, 0x1, 0xf8, 0x40, 0x3c, 0xe8,
    0x0, 0x10, 0xc, 0x9a, 0x80, 0xee, 0x12, 0x0,
    0x20, 0x90, 0x5, 0x2a, 0x0, 0x87, 0x30, 0x11,
    0xc0, 0x9, 0xc1, 0x0, 0xf, 0xda, 0x0, 0x80,
    0xa, 0x15, 0xae, 0x3f, 0xee, 0xe6, 0xc8, 0x36,
    0x5b, 0xa6, 0x61, 0xc0, 0x32, 0x45, 0x90, 0x7,
    0xd0, 0xa0, 0x1f, 0xa1, 0x40, 0x30,

    /* U+06AF "گ" */
    0x0, 0xff, 0xe3, 0xc5, 0x0, 0x7c, 0xbb, 0xd8,
    0x80, 0x1d, 0x39, 0x76, 0xd7, 0x0, 0xe9, 0x3a,
    0xeb, 0x30, 0xf, 0x24, 0x98, 0x0, 0x44, 0x1,
    0xb2, 0x18, 0x0, 0xcc, 0x0, 0xc5, 0x96, 0x61,
    0xc2, 0x1, 0xc3, 0x30, 0x1f, 0x68, 0x1, 0x8b,
    0x4, 0x1a, 0xe3, 0xfe, 0xef, 0xb, 0x0,

    /* U+06B0 "ڰ" */
    0x0, 0xfe, 0x10, 0xf, 0xc5, 0x70, 0x1, 0xf4,
    0x77, 0x8b, 0x0, 0x74, 0xf5, 0xd1, 0x70, 0x7,
    0x4d, 0xe, 0x6, 0x80, 0x78, 0xb4, 0xa9, 0x4d,
    0x0, 0x37, 0xbd, 0x0, 0x2c, 0x80, 0x30, 0xe3,
    0xb0, 0x8, 0x7, 0xd3, 0xa1, 0x96, 0x82, 0x1,
    0x16, 0x8, 0x2d, 0xc7, 0x7f, 0xbb, 0x81, 0x60,

    /* U+06B1 "ڱ" */
    0x0, 0xfb, 0x8, 0x3, 0xe3, 0xbd, 0x69, 0x0,
    0xf1, 0xc5, 0xc6, 0x88, 0x7, 0x37, 0x62, 0x52,
    0x0, 0x72, 0xdc, 0x7, 0xa8, 0x7, 0x1c, 0xec,
    0x8, 0x7, 0xd7, 0xc6, 0x0, 0x77, 0x0, 0x64,
    0xfe, 0x20, 0xe1, 0x0, 0xe2, 0x98, 0xe, 0xb3,
    0x0, 0xc4, 0x62, 0xf, 0x5f, 0xfe, 0xea, 0x0,

    /* U+06B2 "ڲ" */
    0x0, 0xff, 0xe3, 0xc5, 0x0, 0x7c, 0xbb, 0xd8,
    0x80, 0x1d, 0x39, 0x76, 0xd7, 0x0, 0xe9, 0x3a,
    0xeb, 0x30, 0xf, 0x24, 0x98, 0x0, 0x44, 0x1,
    0xb2, 0x18, 0x0, 0xcc, 0x0, 0xc5, 0x96, 0x61,
    0xc2, 0x1, 0xc3, 0x30, 0x1f, 0x68, 0x1, 0x8b,
    0x4, 0x1a, 0xe3, 0xfe, 0xef, 0xb, 0x0, 0x36,
    0x7f, 0xdd, 0xb0, 0x20, 0x19, 0x66, 0x8c, 0x3,
    0xe5, 0x8b, 0x30, 0xc,

    /* U+06B3 "ڳ" */
    0x0, 0xff, 0xe3, 0xc5, 0x0, 0x7c, 0xbb, 0xd8,
    0x80, 0x1d, 0x39, 0x76, 0xd7, 0x0, 0xe9, 0x3a,
    0xeb, 0x30, 0xf, 0x24, 0x98, 0x0, 0x44, 0x1,
    0xb2, 0x18, 0x0, 0xcc, 0x0, 0xc5, 0x96, 0x61,
    0xc2, 0x1, 0xc3, 0x30, 0x1f, 0x68, 0x1, 0x8b,
    0x4, 0x1a, 0xe3, 0xfe, 0xef, 0xb, 0x0, 0x36,
    0x7c, 0xdf, 0x6c, 0x8, 0x7, 0x32, 0x0, 0x7f,
    0x32, 0x0, 0x70,

    /* U+06B4 "ڴ" */
    0x0, 0xe1, 0xd0, 0xf, 0xe1, 0xcc, 0x10, 0x7,
    0xc7, 0x5a, 0xd2, 0x1, 0xe3, 0x8b, 0x8d, 0x10,
    0xe, 0x6e, 0xc4, 0xa4, 0x0, 0xe5, 0xb8, 0xf,
    0x50, 0xe, 0x39, 0xd8, 0x10, 0xf, 0xaf, 0x4c,
    0x0, 0xee, 0x0, 0xc9, 0x9c, 0x41, 0xc2, 0x1,
    0xc5, 0x10, 0xe, 0xb3, 0x0, 0xc4, 0x41, 0x7,
    0xaf, 0xff, 0x75, 0x0,

    /* U+06B5 "ڵ" */
    0x0, 0x22, 0x1c, 0x3, 0x93, 0xf8, 0x25, 0x40,
    0x2f, 0xb0, 0x1, 0x80, 0x48, 0x40, 0x22, 0x0,
    0xff, 0xe1, 0x7f, 0x80, 0x3c, 0x20, 0x6c, 0x1,
    0xeb, 0x10, 0xc, 0x3e, 0x22, 0x0, 0xd8, 0x7b,
    0x66, 0x2, 0xec, 0x88, 0x8f, 0xfb, 0x70, 0x0,

    /* U+06B6 "ڶ" */
    0x0, 0xf4, 0xa8, 0x5, 0x2a, 0x0, 0x30, 0xa,
    0x14, 0x4, 0x40, 0x10, 0x80, 0x7f, 0xbf, 0xc0,
    0x1e, 0x10, 0x24, 0x0, 0xf2, 0x98, 0x6, 0x1f,
    0xe1, 0x0, 0xd8, 0x79, 0x66, 0x2, 0xec, 0x8b,
    0x1f, 0xf6, 0xe0, 0x0,

    /* U+06B7 "ڷ" */
    0x0, 0xa1, 0x40, 0x3d, 0xa, 0x12, 0xa0, 0x6,
    0x8b, 0x20, 0x30, 0x3, 0x45, 0x10, 0x88, 0x3,
    0x8, 0x7, 0xf7, 0xf8, 0x3, 0xc2, 0x4, 0x80,
    0x1e, 0x53, 0x0, 0xc3, 0xfc, 0x20, 0x1b, 0xf,
    0x2c, 0xc0, 0x5d, 0x91, 0x63, 0xfe, 0xdc, 0x0,

    /* U+06B8 "ڸ" */
    0x0, 0xf4, 0x30, 0x7, 0xc2, 0x1, 0xef, 0xf0,
    0x7, 0x84, 0xd, 0x80, 0x3d, 0x62, 0x1, 0x87,
    0xc4, 0x40, 0x1b, 0xf, 0x6c, 0xc0, 0x5d, 0x91,
    0x11, 0xff, 0x6e, 0x0, 0x17, 0x3f, 0xa8, 0x40,
    0x25, 0x6b, 0x0, 0xe5, 0xf9, 0x0, 0xf4, 0x90,
    0x4,

    /* U+06B9 "ڹ" */
    0x0, 0x9d, 0x80, 0x3c, 0xec, 0x1, 0xfd, 0x20,
    0x1f, 0x22, 0x16, 0x0, 0x32, 0xe6, 0x38, 0x3,
    0x70, 0x80, 0x7b, 0xfd, 0xb0, 0x80, 0x2e, 0xf2,
    0x5c, 0x7f, 0xb7, 0x4, 0x17, 0x3f, 0xa8, 0x80,
    0x35, 0x98, 0x7, 0xa8, 0xc0, 0x20,

    /* U+06BA "ں" */
    0x0, 0xf2, 0x80, 0x7d, 0x66, 0x8e, 0x1, 0x9a,
    0xf0, 0x40, 0x37, 0x8, 0x80, 0x3b, 0xfb, 0x61,
    0x0, 0x59, 0xd9, 0x2e, 0x3f, 0xd9, 0x81,

    /* U+06BB "ڻ" */
    0x0, 0xff, 0xa8, 0x3, 0xe6, 0xa7, 0x0, 0xc8,
    0x0, 0x20, 0xc, 0x99, 0x4a, 0x1, 0xfa, 0x40,
    0x3e, 0x44, 0x2c, 0x0, 0x65, 0xcc, 0x70, 0x6,
    0xe1, 0x0, 0xf7, 0xfb, 0x61, 0x0, 0x5d, 0xe4,
    0xb8, 0xff, 0x6e, 0x8,

    /* U+06BC "ڼ" */
    0x0, 0x9d, 0x80, 0x3c, 0xec, 0x1, 0xfd, 0x20,
    0x1f, 0x22, 0x16, 0x0, 0x32, 0xe6, 0x38, 0x3,
    0x70, 0x80, 0x7b, 0xfd, 0xb0, 0x80, 0x2e, 0x8c,
    0x95, 0x1f, 0xd9, 0xe0, 0x4, 0xd6, 0x5b, 0x20,
    0x8, 0x43, 0x40, 0x20,

    /* U+06BD "ڽ" */
    0x0, 0x99, 0x80, 0x1c, 0x99, 0x84, 0x0, 0xc9,
    0x76, 0x40, 0xe, 0x11, 0x4, 0x80, 0x7c, 0x88,
    0x58, 0x0, 0xcb, 0x98, 0xe0, 0xd, 0xc2, 0x1,
    0xef, 0xf6, 0xc2, 0x0, 0xbb, 0xc9, 0x71, 0xfe,
    0xdc, 0x10,

    /* U+06BE "ھ" */
    0x0, 0xac, 0xc0, 0x38, 0x97, 0x18, 0x3, 0x75,
    0x4c, 0x9c, 0x3, 0x30, 0x2d, 0x18, 0x2, 0x7e,
    0x20, 0xa9, 0x3d, 0x68, 0x5a, 0xaa,

    /* U+06BF "ڿ" */
    0x0, 0xa5, 0x40, 0x3d, 0xa, 0x1, 0x3f, 0xf5,
    0x31, 0x0, 0x1b, 0xfb, 0x91, 0xbe, 0x22, 0x8,
    0xb6, 0xcf, 0x10, 0xa3, 0xf8, 0x30, 0x2, 0xb5,
    0x88, 0x6, 0xe8, 0x1b, 0x66, 0x0, 0x19, 0x83,
    0xf8, 0xc0, 0x1, 0x60, 0x4b, 0x0, 0xa6, 0x94,
    0x46, 0x61, 0x5a, 0xef, 0xfb, 0xc,

    /* U+06C0 "ۀ" */
    0x5, 0xa0, 0xb, 0xec, 0x40, 0x5, 0xaa, 0x0,
    0x8c, 0x40, 0x0, 0xb0, 0x4, 0x92, 0xc0, 0x31,
    0xb6, 0x53, 0x65, 0x6a, 0x3c, 0x1e, 0x36, 0x9e,
    0x6c,

    /* U+06C1 "ہ" */
    0x1, 0x50, 0x9, 0x29, 0x40, 0x63, 0x20, 0x66,
    0xce, 0xdc, 0x78, 0x3c, 0x2d, 0x3c, 0xd8,

    /* U+06C2 "ۂ" */
    0x5, 0xa0, 0xb, 0xec, 0x40, 0x5, 0xaa, 0x0,
    0x8c, 0x40, 0x0, 0xb0, 0x4, 0x92, 0xc0, 0x31,
    0xb6, 0x53, 0x65, 0x6a, 0x3c, 0x1e, 0x36, 0x9e,
    0x6c,

    /* U+06C3 "ۃ" */
    0xb, 0x4c, 0x0, 0x52, 0x68, 0x4, 0xc2, 0x0,
    0x49, 0x60, 0x18, 0xdb, 0x29, 0xb2, 0xb5, 0x1e,
    0xf, 0x1b, 0x4f, 0x36,

    /* U+06C4 "ۄ" */
    0x5, 0xeb, 0x0, 0x47, 0x93, 0x18, 0xe, 0x79,
    0xb7, 0xd1, 0x98, 0x25, 0x75, 0x7e, 0x11, 0x86,
    0x93, 0x4,

    /* U+06C5 "ۅ" */
    0x5, 0xeb, 0x0, 0x47, 0x93, 0x18, 0xe, 0x79,
    0xb7, 0xd1, 0x98, 0x10, 0x74, 0xe5, 0xc1, 0x9f,
    0x1b, 0x4,

    /* U+06C6 "ۆ" */
    0x0, 0xf3, 0x1c, 0x0, 0x1a, 0x3c, 0x2, 0x86,
    0x0, 0x8c, 0x40, 0xb, 0xd8, 0x0, 0x8f, 0x56,
    0x30, 0x1c, 0xc1, 0xb7, 0xd0, 0x2, 0xfc, 0xfc,
    0xa3, 0x95, 0x43, 0xfb, 0x20,

    /* U+06C7 "ۇ" */
    0x1, 0xb8, 0x0, 0x84, 0x80, 0x12, 0x32, 0x0,
    0x9b, 0x30, 0x0, 0x80, 0x65, 0xec, 0x0, 0x47,
    0xab, 0x18, 0xe, 0x60, 0xdb, 0xe8, 0x1, 0x7e,
    0x7e, 0x51, 0xca, 0xa1, 0xfd, 0x90,

    /* U+06C8 "ۈ" */
    0x0, 0x48, 0x80, 0x7e, 0x91, 0x0, 0xf9, 0x7b,
    0x0, 0x11, 0xea, 0xc6, 0x3, 0x98, 0x36, 0xfa,
    0x0, 0x5f, 0x9f, 0x94, 0x72, 0xa8, 0x7f, 0x64,
    0x0,

    /* U+06C9 "ۉ" */
    0x0, 0x52, 0x0, 0xf, 0x78, 0x2, 0x79, 0x0,
    0x18, 0x18, 0x1, 0x7b, 0x0, 0x11, 0xea, 0xc6,
    0x3, 0x98, 0x36, 0xfa, 0x0, 0x5f, 0x9f, 0x94,
    0x72, 0xa8, 0x7f, 0x64, 0x0,

    /* U+06CA "ۊ" */
    0x7, 0x6c, 0x10, 0x76, 0xd1, 0x0, 0x84, 0x0,
    0xbd, 0x80, 0x8, 0xf5, 0x63, 0x1, 0xcc, 0x1b,
    0x7d, 0x0, 0x2f, 0xcf, 0xca, 0x39, 0x54, 0x3f,
    0xb2, 0x0,

    /* U+06CB "ۋ" */
    0x0, 0x49, 0x80, 0x1f, 0xbc, 0x41, 0xdd, 0xa2,
    0x1, 0x8, 0x1, 0x7b, 0x0, 0x11, 0xea, 0xc6,
    0x3, 0x98, 0x36, 0xfa, 0x0, 0x5f, 0x9f, 0x94,
    0x72, 0xa8, 0x7f, 0x64, 0x0,

    /* U+06CC "ی" */
    0x0, 0xe1, 0xbf, 0xa0, 0xe, 0xce, 0xfb, 0x0,
    0xca, 0xea, 0x2, 0xb0, 0x0, 0x64, 0x81, 0xc,
    0xe0, 0x1, 0xf8, 0x7a, 0x0, 0x70, 0xc2, 0x8e,
    0xc2, 0x88, 0x8e, 0x81, 0x52, 0xe7, 0xb9, 0xfe,
    0xb0,

    /* U+06CD "ۍ" */
    0x0, 0xf9, 0x37, 0x90, 0x3, 0xc5, 0x5d, 0xe8,
    0x1, 0xe5, 0x93, 0x10, 0x39, 0xd1, 0x0, 0x1d,
    0x18, 0x2, 0xf8, 0x4, 0x0, 0x93, 0xd0, 0x10,
    0x82, 0x1, 0x92, 0xc, 0x0, 0x64, 0xe2, 0x2,
    0xd1, 0x0, 0xb, 0x37, 0xfd, 0x9f, 0xe3, 0x0,

    /* U+06CE "ێ" */
    0x6, 0x6, 0x0, 0xf1, 0x50, 0x0, 0x6f, 0xe8,
    0x10, 0x98, 0x33, 0xbe, 0xc0, 0x10, 0xa, 0xea,
    0x2, 0xb0, 0x0, 0x64, 0x81, 0xc, 0xe0, 0x1,
    0xf8, 0x7a, 0x0, 0x70, 0xc2, 0x8e, 0xc2, 0x88,
    0x8e, 0x81, 0x52, 0xe7, 0xb9, 0xfe, 0xb0,

    /* U+06CF "ۏ" */
    0x0, 0x52, 0x0, 0x56, 0x80, 0x10, 0x80, 0x4b,
    0xd8, 0x0, 0x8f, 0x56, 0x30, 0x1c, 0xc1, 0xb7,
    0xd0, 0x2, 0xfc, 0xfc, 0xa3, 0x95, 0x43, 0xfb,
    0x20,

    /* U+06D0 "ې" */
    0x0, 0xe3, 0xbe, 0xa0, 0xc, 0x3d, 0xfd, 0x62,
    0x40, 0x4, 0x64, 0x1, 0x6a, 0x0, 0x2e, 0x62,
    0x3, 0xb8, 0x1, 0x3e, 0x1b, 0x7d, 0xa0, 0x0,
    0xa5, 0x9d, 0xae, 0x3f, 0xdd, 0xcd, 0x10, 0x6c,
    0xff, 0x63, 0x80, 0x73, 0x20, 0x7, 0xff, 0x4,

    /* U+06D1 "ۑ" */
    0x0, 0xe1, 0xbe, 0xa0, 0xe, 0xce, 0xe5, 0x80,
    0x65, 0x75, 0x1, 0x48, 0x0, 0x32, 0x49, 0x6,
    0xf0, 0x0, 0xfc, 0x71, 0x0, 0x38, 0x61, 0x47,
    0x61, 0x40, 0x7, 0x40, 0xa9, 0x73, 0xff, 0xac,
    0x0, 0xb0, 0xeb, 0xaa, 0x1, 0x90, 0x3c, 0x40,
    0x3d, 0xa, 0x1, 0x80,

    /* U+06D2 "ے" */
    0x0, 0xb, 0x0, 0x7f, 0x55, 0x40, 0x1f, 0x40,
    0x63, 0x10, 0x7, 0x29, 0xd8, 0x61, 0x0, 0x76,
    0x81, 0x80, 0x70, 0x91, 0xc6, 0x7f, 0x7f, 0xfa,
    0xc0,

    /* U+06D3 "ۓ" */
    0x6, 0x80, 0xf, 0xed, 0x80, 0xf, 0xe1, 0xb3,
    0x0, 0xfd, 0x56, 0x60, 0x1f, 0xc9, 0xa6, 0x1,
    0xf0, 0xd5, 0x38, 0x3, 0xed, 0x67, 0x41, 0x0,
    0xe7, 0x68, 0x9, 0x10, 0xf, 0x9, 0x80, 0x70,
    0x9a, 0x3e, 0xc7, 0x7f, 0xfb, 0x0,

    /* U+06D4 "۔" */
    0x6e, 0xe2, 0x0,

    /* U+06D5 "ە" */
    0x1, 0x50, 0x9, 0x29, 0x40, 0x63, 0x20, 0x66,
    0xce, 0xdc, 0x78, 0x3c, 0x2d, 0x3c, 0xd8,

    /* U+06D6 "ۖ" */
    0x1, 0x40, 0xc, 0x64, 0x72, 0x66, 0x8c, 0x90,
    0x8, 0xfe, 0xa4, 0xc0,

    /* U+06D7 "ۗ" */
    0x2, 0x33, 0x2, 0x55, 0xb6, 0x7, 0x1, 0x53,
    0x0,

    /* U+06D8 "ۘ" */
    0x2, 0xa3, 0x45, 0x0, 0x0,

    /* U+06D9 "ۙ" */
    0x79, 0x1, 0x30, 0xfc, 0x0,

    /* U+06DA "ۚ" */
    0x29, 0xb2, 0x31, 0xb2, 0x4d, 0x50, 0x5c, 0xc1,
    0x0,

    /* U+06DB "ۛ" */
    0x7, 0x50, 0x3d, 0x91, 0x3a, 0xc1,

    /* U+06DC "ۜ" */
    0x0, 0xf9, 0x52, 0x20, 0x1d, 0xbf, 0xd5, 0xd2,
    0xe0,

    /* U+06DD "۝" */
    0x0, 0xc9, 0x35, 0x32, 0x71, 0x0, 0xe2, 0x7b,
    0x38, 0xa9, 0x92, 0x44, 0x18, 0x2, 0x57, 0x1d,
    0xba, 0xaa, 0x4f, 0x0, 0x35, 0xbc, 0x55, 0x7c,
    0x5a, 0x60, 0x88, 0x72, 0x0, 0xf9, 0xaa, 0x43,
    0x64, 0x3, 0xfc, 0x26, 0x6, 0x20, 0x1f, 0xf7,
    0x98, 0x7, 0xff, 0xc, 0xc0, 0x3f, 0xf8, 0x1c,
    0x7a, 0xa0, 0x1f, 0xf0, 0x82, 0x7a, 0x88, 0x7,
    0xc9, 0x14, 0x0, 0xd4, 0xaa, 0xfc, 0x7e, 0x40,
    0x5, 0x60, 0xdb, 0xaa, 0xa4, 0x3c, 0x44, 0x0,
    0x27, 0xb3, 0x8a, 0x9a, 0x4b, 0x86, 0x0, 0x0,

    /* U+06DE "۞" */
    0x0, 0xe1, 0x0, 0xff, 0xc, 0x48, 0x7, 0xd3,
    0x2a, 0x11, 0x5c, 0x48, 0x6, 0x10, 0xa8, 0x85,
    0x8, 0x80, 0x32, 0xd8, 0x80, 0x6, 0xd4, 0x2,
    0x84, 0x20, 0x66, 0x1, 0x24, 0x2, 0x78, 0x80,
    0x80, 0x4, 0x7, 0x91, 0x1e, 0x20, 0x20, 0x1,
    0x1, 0xe4, 0x8, 0x43, 0x6, 0x60, 0x12, 0x40,
    0x4, 0xb6, 0x40, 0x2, 0xb5, 0x0, 0xde, 0x13,
    0x76, 0x91, 0xf0, 0xc, 0xf1, 0x64, 0x4b, 0x87,
    0x0, 0xfa, 0x64, 0x1, 0xc0,

    /* U+06DF "۟" */
    0x5a, 0x2f, 0x95, 0xf9, 0x60,

    /* U+06E0 "۠" */
    0x5a, 0x2f, 0x95, 0xfa, 0x50,

    /* U+06E1 "ۡ" */
    0x2a, 0x80, 0x2b, 0x40, 0x38, 0xd0,

    /* U+06E2 "ۢ" */
    0x2b, 0x21, 0x13, 0x5d, 0x92, 0x44, 0x0,

    /* U+06E3 "ۣ" */
    0x0, 0xf9, 0x52, 0x20, 0x1d, 0xbf, 0xd5, 0xd2,
    0xe0,

    /* U+06E4 "ۤ" */
    0x3b, 0xb1, 0x9a, 0xec, 0x60,

    /* U+06E5 "ۥ" */
    0x49, 0xc, 0x40, 0xf4, 0x0,

    /* U+06E6 "ۦ" */
    0x6, 0x0, 0x37, 0xa0, 0x71, 0xf4, 0x80,

    /* U+06E7 "ۧ" */
    0x9, 0x10, 0x8f, 0x20, 0xdc, 0x99, 0x0,

    /* U+06E8 "ۨ" */
    0x7, 0x0, 0x13, 0xc8, 0x58, 0x18, 0x6d, 0x60,
    0x0,

    /* U+06E9 "۩" */
    0x0, 0x1b, 0xa8, 0x5, 0x52, 0x59, 0xa4, 0xe5,
    0x4b, 0x33, 0xa, 0x0, 0x46, 0x2c, 0xc4, 0x0,
    0x55, 0x0, 0x80, 0x21, 0x0, 0xfe, 0x35, 0x0,
    0x8, 0x8d, 0x37, 0x30, 0x72,

    /* U+06EA "۪" */
    0x0, 0xc3, 0x70, 0x4, 0x24, 0x7, 0x14, 0x0,

    /* U+06EB "۫" */
    0x8, 0x8, 0xa, 0x92, 0xb0,

    /* U+06EC "۬" */
    0x44, 0x6e, 0x80,

    /* U+06ED "ۭ" */
    0x2b, 0x21, 0x13, 0x5d, 0x92, 0x44, 0x0,

    /* U+06EE "ۮ" */
    0x0, 0x30, 0x6, 0x3d, 0x50, 0x9, 0x2f, 0x40,
    0x27, 0x8, 0x0, 0xc2, 0xc0, 0x18, 0x6d, 0x0,
    0x34, 0xc0, 0x6, 0x42, 0x11, 0x18, 0x10, 0x1,
    0x7b, 0xf2, 0x4,

    /* U+06EF "ۯ" */
    0x0, 0xfa, 0x28, 0x2, 0x12, 0x30, 0x4, 0x40,
    0xc0, 0x2, 0x1, 0xda, 0x20, 0x12, 0x38, 0x5,
    0x9c, 0x1, 0x17, 0x80, 0xa, 0x98, 0x1f, 0x24,
    0x45, 0xd8, 0x80,

    /* U+06F0 "۰" */
    0x3, 0x0, 0x6c, 0x6, 0x48,

    /* U+06F1 "۱" */
    0x0, 0x92, 0xc1, 0x10, 0x0, 0x12, 0x5, 0x60,
    0x12, 0x2, 0x10, 0xee, 0x1, 0x80, 0x16, 0x40,

    /* U+06F2 "۲" */
    0x14, 0x0, 0x11, 0x52, 0x21, 0x2c, 0x65, 0xdc,
    0x24, 0x2, 0xde, 0x90, 0x3, 0x38, 0x6, 0x22,
    0x0, 0x6e, 0xf0, 0xc, 0x22, 0x0, 0xcb, 0xe0,
    0x10,

    /* U+06F3 "۳" */
    0x0, 0xf9, 0x2c, 0x11, 0xc, 0xea, 0x83, 0xc4,
    0x7c, 0x22, 0xf1, 0xa8, 0xa0, 0x2a, 0xbc, 0xd3,
    0x6, 0x20, 0xe, 0x21, 0x0, 0xef, 0xf0, 0x7,
    0x11, 0x0, 0x39, 0x68, 0x3, 0x0,

    /* U+06F4 "۴" */
    0x39, 0x1c, 0xd0, 0x17, 0x20, 0xc1, 0x20, 0xe2,
    0xa2, 0x2, 0x9e, 0xb3, 0x6, 0x10, 0xc, 0x44,
    0x0, 0xdd, 0xe0, 0x18, 0xc4, 0x2,

    /* U+06F5 "۵" */
    0x0, 0xfc, 0xd4, 0x1, 0x85, 0x54, 0x0, 0x2a,
    0xc8, 0x0, 0x44, 0xd, 0x90, 0x1d, 0x43, 0x74,
    0x4e, 0x0, 0x52, 0x1, 0x28, 0x71, 0x20, 0xc4,
    0xa9,

    /* U+06F6 "۶" */
    0x5, 0xee, 0x8, 0xaf, 0x38, 0x4c, 0x8, 0x0,
    0x49, 0x4f, 0x1, 0x4d, 0x72, 0xa, 0x38, 0x22,
    0xbf, 0x0, 0x33, 0x8, 0x0, 0xf0, 0x1, 0x0,

    /* U+06F7 "۷" */
    0x1, 0x0, 0xe9, 0x90, 0x5, 0x10, 0xa6, 0x0,
    0x9a, 0x8c, 0xc8, 0xa, 0xa2, 0xa, 0xe0, 0xef,
    0x0, 0x32, 0x8a, 0xa0, 0x0, 0x4e, 0xdc, 0x3,
    0x5a, 0xe8, 0x6, 0x40, 0x40, 0xc, 0x7e, 0x1,
    0x0,

    /* U+06F8 "۸" */
    0x0, 0xfe, 0x1f, 0x20, 0xc, 0x80, 0x80, 0x1b,
    0xdf, 0x40, 0x21, 0x48, 0x50, 0x9, 0xdc, 0xe,
    0xa0, 0xa, 0xa0, 0x6f, 0x1, 0x89, 0x82, 0x29,
    0x55, 0x80, 0x4c, 0xb2, 0xc0, 0x14, 0x38,

    /* U+06F9 "۹" */
    0xa, 0xe9, 0x0, 0x39, 0x72, 0x10, 0x77, 0x82,
    0xa0, 0x5d, 0xb9, 0xb8, 0xb, 0x3a, 0x84, 0x3,
    0x31, 0x0, 0x62, 0x60, 0xe, 0x60,

    /* U+06FA "ۺ" */
    0x0, 0xfe, 0x95, 0x0, 0xff, 0xe0, 0x42, 0x80,
    0x7f, 0xcd, 0x36, 0x40, 0x1f, 0xe6, 0x8a, 0x22,
    0x80, 0x3c, 0x20, 0x1c, 0xb6, 0x1, 0xed, 0x40,
    0x1c, 0x5, 0x45, 0x80, 0xc, 0x9c, 0xc, 0x20,
    0x16, 0x70, 0x6, 0xe4, 0xfb, 0x5f, 0xf4, 0x80,
    0x78, 0x63, 0xf2, 0x7f, 0x53, 0x61, 0x0, 0xb,
    0x4c, 0xd, 0x0, 0x12, 0x54, 0x7f, 0x7f, 0x80,
    0xd, 0x0, 0x10,

    /* U+06FB "ۻ" */
    0x0, 0xff, 0xe0, 0x61, 0x0, 0x7f, 0xf0, 0xb4,
    0x80, 0x3f, 0xf8, 0x31, 0xfc, 0xa0, 0x1f, 0x51,
    0x0, 0xe0, 0xfe, 0xd8, 0x9, 0x0, 0x72, 0x6,
    0xdc, 0x89, 0x80, 0xbd, 0x80, 0x6d, 0x89, 0x67,
    0x3, 0x95, 0x1f, 0xf0, 0x6, 0x12, 0x22, 0x7f,
    0xb8, 0x6c, 0x4, 0x40, 0x1b, 0xea, 0xfb, 0xfd,
    0xb0, 0x0, 0xb9, 0x50, 0x3, 0x23, 0x0, 0x25,
    0x0, 0x31, 0xec, 0xff, 0x67, 0x80, 0x50, 0x80,
    0x18,

    /* U+06FC "ۼ" */
    0x0, 0x42, 0x80, 0x74, 0x28, 0x6, 0x8e, 0xd0,
    0x9, 0x8f, 0xb4, 0x2, 0xe3, 0x0, 0x8, 0x2,
    0x56, 0xb3, 0xc0, 0x2, 0x20, 0xfe, 0x0, 0x42,
    0x51, 0x80, 0x4b, 0x41, 0xa, 0x0, 0x11, 0x4,
    0x28, 0x2, 0xb9, 0x0, 0x4, 0x8d, 0x3f, 0xdf,
    0xe3,

    /* U+06FD "۽" */
    0x8, 0xe7, 0x3, 0x4e, 0x70, 0x11, 0x0, 0x46,
    0xfd, 0xc4, 0x93, 0xbe, 0x48, 0x9f, 0x90, 0xf,
    0x0,

    /* U+06FE "۾" */
    0x3, 0xde, 0x60, 0x7, 0x73, 0x20, 0x43, 0xc,
    0x91, 0x42, 0xfb, 0xd5, 0xa4, 0xff, 0xd8, 0x44,
    0xa9, 0x44, 0x0, 0xb8, 0x6, 0xf0, 0x84, 0x70,

    /* U+06FF "ۿ" */
    0x0, 0x8c, 0x40, 0x3d, 0x30, 0x1, 0xc9, 0xe2,
    0x20, 0xc, 0x8b, 0x2, 0x1, 0xd6, 0x60, 0x1c,
    0x4b, 0x8c, 0x1, 0xba, 0xa6, 0x4e, 0x1, 0x98,
    0x16, 0x8c, 0x1, 0x3f, 0x10, 0x54, 0x9e, 0xb4,
    0x2d, 0x55, 0x0,

    /* U+2013 "–" */
    0x8f, 0xfd, 0x0,

    /* U+2014 "—" */
    0x8f, 0xff, 0xf4, 0x0,

    /* U+2018 "‘" */
    0xc, 0x66, 0x6e, 0xa9, 0xc0,

    /* U+2019 "’" */
    0x5d, 0xd2, 0x9d, 0x50, 0x80,

    /* U+201C "“" */
    0xc, 0xc, 0x6, 0x61, 0x88, 0x6e, 0xad, 0xc2,
    0x9e, 0x6c, 0x0,

    /* U+201D "”" */
    0x5d, 0x2f, 0xd, 0x57, 0x30, 0x3a, 0xda, 0xa,
    0x29, 0x60,

    /* U+2022 "•" */
    0x0, 0x8, 0x3, 0x79, 0x40, 0x83, 0x41, 0x7,
    0x0,

    /* U+2026 "…" */
    0x9, 0x20, 0x93, 0x7, 0x50, 0x71, 0x5, 0x60,
    0xd2,

    /* U+20AC "€" */
    0x0, 0x26, 0x7e, 0xa8, 0x1d, 0x47, 0xf9, 0xc2,
    0xa5, 0x0, 0x89, 0x2d, 0x3b, 0xa2, 0x9, 0x2d,
    0xd8, 0x82, 0x4b, 0xb6, 0xc0, 0x12, 0xcb, 0xb6,
    0x1, 0x5b, 0x28, 0x9, 0x1, 0x54, 0xff, 0x98,

    /* U+2103 "℃" */
    0x6, 0xba, 0x10, 0x2, 0x56, 0x5b, 0xe, 0xdc,
    0xd8, 0x3d, 0x67, 0x79, 0x98, 0x40, 0x80, 0x63,
    0x18, 0x91, 0x48, 0x97, 0x52, 0xe6, 0x40, 0x1d,
    0x17, 0x63, 0xe6, 0x0, 0xff, 0x78, 0x80, 0x7f,
    0x8d, 0x40, 0x3f, 0xc8, 0x54, 0x1, 0xfe, 0xd0,
    0xfd, 0xe8, 0x0, 0xf0, 0xd7, 0xe7, 0x40,

    /* U+2109 "℉" */
    0x7, 0xba, 0x24, 0xcc, 0xc4, 0x4d, 0xb8, 0x80,
    0xbf, 0x74, 0x46, 0x20, 0x20, 0x11, 0x14, 0x3,
    0xd7, 0x56, 0x1, 0xf2, 0xdc, 0x88, 0x2e, 0x64,
    0x1, 0xf2, 0xf7, 0x40, 0x1f, 0x88, 0xa0, 0xf,
    0xfe, 0x28, 0x98, 0x6,

    /* U+2122 "™" */
    0x55, 0x89, 0x0, 0xa, 0x3, 0x20, 0xf6, 0x29,
    0x42, 0x8e, 0xa2, 0x8f, 0xa8, 0x1, 0xd9, 0xa0,
    0x18, 0x41, 0xc4, 0xf4, 0x84,

    /* U+2190 "←" */
    0x7, 0x80, 0x8, 0xaa, 0x0, 0x28, 0x2e, 0xe9,
    0x64, 0xbb, 0xa5, 0x35, 0x80, 0xd, 0x10, 0x0,
    0x80,

    /* U+2191 "↑" */
    0x3, 0xc5, 0x0, 0x3f, 0x97, 0x50, 0x16, 0x5,
    0x78, 0x28, 0x4, 0xa0, 0x1f, 0xd4, 0x20, 0x0,

    /* U+2192 "→" */
    0x0, 0x96, 0x40, 0x39, 0x56, 0x2, 0xee, 0x8a,
    0x0, 0xbb, 0xa5, 0xb0, 0xc, 0xa0, 0xc0, 0x19,
    0x6c, 0x0,

    /* U+2193 "↓" */
    0x0, 0x68, 0x6, 0x30, 0xf, 0xb1, 0x41, 0x37,
    0x5c, 0x3f, 0x83, 0x79, 0x62,

    /* U+2260 "≠" */
    0x0, 0xc4, 0x80, 0x1d, 0x20, 0x3, 0xff, 0x92,
    0xc8, 0xff, 0xc9, 0x9e, 0x40, 0x4, 0x3, 0x0,
    0x17, 0x5a, 0xf7, 0x8, 0x96, 0xbd, 0xd1, 0x3,
    0x58, 0x6,

    /* U+2264 "≤" */
    0x0, 0xff, 0x1c, 0xf1, 0x3, 0xef, 0xfb, 0x88,
    0x90, 0xfc, 0xc0, 0x2, 0xed, 0xfc, 0x60, 0x0,
    0xbe, 0xff, 0x88, 0x3, 0x1c, 0x91, 0xff, 0xf1,
    0x0,

    /* U+2265 "≥" */
    0x0, 0xf8, 0xba, 0x4c, 0x2, 0x2e, 0xff, 0x6b,
    0x80, 0x4d, 0xcf, 0x4, 0xd, 0x9f, 0xbc, 0x44,
    0xff, 0x6b, 0x88, 0x14, 0x98, 0x6, 0x3f, 0xfe,
    0x20,

    /* U+FE70 "ﹰ" */
    0x17, 0xa1, 0x21, 0xd0, 0x61, 0x41,

    /* U+FE71 "ﹱ" */
    0x0, 0xe3, 0x8a, 0x0, 0x3f, 0x18, 0x0, 0x82,
    0x0, 0xc, 0xc1, 0x0, 0xff, 0xe7, 0xf7, 0xfc,
    0x20,

    /* U+FE72 "ﹲ" */
    0x0, 0x3c, 0x82, 0xc6, 0x98, 0x29, 0xb1, 0x0,
    0x23, 0xa0, 0x0,

    /* U+FE73 "ﹳ" */
    0x47, 0x0, 0x60, 0x80, 0x4, 0x2, 0xd8, 0x40,
    0x4a, 0x8b,

    /* U+FE74 "ﹴ" */
    0x0, 0x8, 0x25, 0x40, 0xb9, 0x98, 0x6, 0x28,
    0x40,

    /* U+FE76 "ﹶ" */
    0x3, 0x71, 0x54, 0x40, 0x80,

    /* U+FE77 "ﹷ" */
    0x5, 0x80, 0x3, 0x84, 0x80, 0x1d, 0x44, 0x3,
    0xff, 0x9f, 0xdf, 0xf0, 0x80,

    /* U+FE78 "ﹸ" */
    0x6, 0xa0, 0x6, 0x69, 0x98, 0x34, 0xc6, 0x28,
    0x0,

    /* U+FE79 "ﹹ" */
    0x0, 0x4b, 0x80, 0x42, 0x7a, 0x1, 0x48, 0x48,
    0x5, 0x14, 0x60, 0x1f, 0xfd, 0x5e, 0xff, 0x84,

    /* U+FE7A "ﹺ" */
    0x0, 0x28, 0xac, 0x80, 0x80,

    /* U+FE7B "ﹻ" */
    0xef, 0xf8, 0x7b, 0x95, 0xa2, 0x70, 0x4, 0x0,

    /* U+FE7C "ﹼ" */
    0x0, 0x85, 0x15, 0x52, 0x59, 0x90,

    /* U+FE7D "ﹽ" */
    0x0, 0x8, 0x1, 0x21, 0xcc, 0x38, 0x30, 0xc2,
    0xa2, 0x80, 0x3f, 0xf9, 0xfd, 0xff, 0x8,

    /* U+FE7E "ﹾ" */
    0x3b, 0x1b, 0x87, 0xc9, 0x40,

    /* U+FE7F "ﹿ" */
    0xa, 0x50, 0x2, 0x76, 0x0, 0x17, 0xb0, 0x0,
    0x34, 0xa0, 0x1f, 0xfc, 0xfe, 0xff, 0x84,

    /* U+FE80 "ﺀ" */
    0x8, 0xe7, 0x3, 0x4e, 0x70, 0xf, 0x1b, 0x6f,
    0x24, 0x8d, 0xfa, 0x0,

    /* U+FE81 "ﺁ" */
    0x3a, 0xbb, 0x9, 0xd5, 0xd8, 0x40, 0x68, 0x3,
    0x38, 0x6, 0x30, 0x8, 0x40, 0x38, 0x40, 0x3f,
    0xf8, 0xa0,

    /* U+FE82 "ﺂ" */
    0x3a, 0xbb, 0x0, 0xe, 0xae, 0xc0, 0x10, 0xe8,
    0x7, 0x18, 0x6, 0x11, 0x0, 0x7f, 0xf1, 0x44,
    0x40, 0x18, 0xd4, 0x3, 0x45, 0x70, 0x0,

    /* U+FE83 "ﺃ" */
    0x68, 0xc, 0xc1, 0x10, 0xcd, 0x3a, 0x20, 0xe0,
    0x3, 0x1, 0x0, 0x84, 0x3, 0xfc,

    /* U+FE84 "ﺄ" */
    0x68, 0x0, 0xb2, 0x0, 0x35, 0x98, 0x2, 0xa8,
    0x60, 0x1, 0xc0, 0xc, 0x60, 0x10, 0x88, 0x3,
    0xff, 0x84, 0x22, 0x0, 0x8d, 0x0, 0x28, 0xbe,
    0x0,

    /* U+FE85 "ﺅ" */
    0x2, 0xa3, 0x0, 0x36, 0x88, 0x5, 0xae, 0x0,
    0x4a, 0x50, 0x2, 0xf6, 0x0, 0x23, 0xd5, 0x8c,
    0x7, 0x30, 0x6d, 0xf4, 0x0, 0xbf, 0x3f, 0x28,
    0xe5, 0x50, 0xfe, 0xc8, 0x0,

    /* U+FE86 "ﺆ" */
    0x2, 0xa3, 0x0, 0xcf, 0xa2, 0x1, 0x9b, 0x1c,
    0x3, 0x1d, 0xa8, 0x6, 0x5e, 0xc1, 0x0, 0xaf,
    0xd5, 0x80, 0x6, 0x61, 0xdd, 0x0, 0xd, 0xfe,
    0xd7, 0xc8, 0x2b, 0xce, 0xbc, 0x88, 0xfa, 0xaa,
    0x0, 0x37, 0xf4, 0x80, 0x40,

    /* U+FE87 "ﺇ" */
    0x2d, 0x3, 0x30, 0x6, 0x11, 0x0, 0x7f, 0xc2,
    0x0, 0x60, 0x21, 0x13, 0x71, 0xbf, 0x88,

    /* U+FE88 "ﺈ" */
    0x2d, 0x0, 0x8c, 0xc0, 0x10, 0x88, 0x3, 0xff,
    0x8e, 0x22, 0x0, 0x8d, 0x0, 0x28, 0xbe, 0x1,
    0xcf, 0xe0, 0x2e, 0x30, 0x0, 0xf0, 0x80, 0x0,

    /* U+FE89 "ﺉ" */
    0x4, 0xa1, 0x0, 0xf6, 0x71, 0x80, 0xdf, 0xd0,
    0x77, 0x18, 0x33, 0xbe, 0xc1, 0xa9, 0x15, 0xd4,
    0x5, 0x60, 0x0, 0xc9, 0x2, 0x19, 0xc0, 0x3,
    0xf0, 0xf4, 0x0, 0xe1, 0x85, 0x1d, 0x85, 0x11,
    0x1d, 0x2, 0xa5, 0xcf, 0x73, 0xfd, 0x60,

    /* U+FE8A "ﺊ" */
    0x4, 0xa1, 0x0, 0xfb, 0x24, 0x3, 0xf7, 0x4a,
    0x80, 0x7c, 0xd4, 0x80, 0x1e, 0x59, 0x0, 0x86,
    0x50, 0x1, 0x9e, 0x1, 0xf, 0x57, 0xa0, 0x8,
    0x6, 0x77, 0x4a, 0x6c, 0xa8, 0x81, 0x42, 0x38,
    0x25, 0x4f, 0x7f, 0x83, 0x4, 0x0,

    /* U+FE8B "ﺋ" */
    0x5a, 0xc, 0x81, 0xe9, 0x57, 0xb4, 0x8, 0x10,
    0x27, 0xc, 0xf0, 0x11, 0x76, 0x48,

    /* U+FE8C "ﺌ" */
    0x1a, 0x30, 0x2, 0xe9, 0x0, 0x1e, 0xa4, 0x0,
    0x7b, 0x0, 0x10, 0xa8, 0x4, 0x9e, 0x1, 0x70,
    0x80, 0x38, 0x4b, 0xe0,

    /* U+FE8D "ﺍ" */
    0x2d, 0x3, 0x30, 0x6, 0x11, 0x0, 0x7f, 0xc2,
    0x0, 0x60,

    /* U+FE8E "ﺎ" */
    0x2d, 0x0, 0x8c, 0xc0, 0x10, 0x88, 0x3, 0xff,
    0x8e, 0x22, 0x0, 0x8d, 0x0, 0x28, 0xbe, 0x0,

    /* U+FE8F "ﺏ" */
    0x0, 0xff, 0xe0, 0x8, 0x80, 0x3e, 0x1d, 0x6,
    0x60, 0x7, 0xc2, 0x5, 0xc2, 0x1, 0xf9, 0xdb,
    0xed, 0x0, 0x30, 0x93, 0xb9, 0x5a, 0xe3, 0xff,
    0xbb, 0xf0, 0x41, 0xb3, 0xff, 0x76, 0x40, 0x80,
    0x7a, 0x50, 0x3, 0xfd, 0x8, 0x1, 0xc0,

    /* U+FE90 "ﺐ" */
    0x0, 0xff, 0xe1, 0x3b, 0x80, 0x3f, 0xf8, 0x1c,
    0x20, 0x1f, 0xa1, 0xc0, 0x1d, 0x66, 0x1, 0x9,
    0xbe, 0xb6, 0x0, 0x1e, 0xbf, 0xfe, 0x9e, 0xf,
    0x80, 0x7c, 0xff, 0xbb, 0x21, 0x2, 0xfe, 0x0,
    0x3b, 0x40, 0x3f, 0xf8, 0x38, 0x1, 0xf8,

    /* U+FE91 "ﺑ" */
    0xa, 0x20, 0x34, 0xc, 0xf0, 0xd1, 0xe3, 0x9e,
    0xb1, 0x3b, 0x3, 0xa0,

    /* U+FE92 "ﺒ" */
    0x1, 0x40, 0x9, 0x38, 0x2, 0xe1, 0x0, 0x70,
    0x97, 0xc7, 0x54, 0xfc, 0x3, 0x38, 0x4, 0xce,
    0x0,

    /* U+FE93 "ﺓ" */
    0xb, 0x4c, 0x0, 0x52, 0x68, 0x4, 0xc2, 0x0,
    0x49, 0x60, 0x18, 0xdb, 0x29, 0xb2, 0xb5, 0x1e,
    0xf, 0x1b, 0x4f, 0x36,

    /* U+FE94 "ﺔ" */
    0x5, 0x9a, 0x30, 0x9, 0x66, 0xcc, 0x3, 0x88,
    0x40, 0x30, 0xc3, 0x80, 0x53, 0xec, 0x1, 0x31,
    0xf2, 0x88, 0x3, 0xc8, 0x3f, 0xc0, 0xb, 0x4f,
    0x94, 0x0, 0x16, 0x7f, 0x37, 0x20,

    /* U+FE95 "ﺕ" */
    0x0, 0xcc, 0xf8, 0x40, 0x1f, 0x99, 0xf4, 0x80,
    0x64, 0x1d, 0xc0, 0x18, 0x40, 0x2, 0x83, 0xc2,
    0x1, 0xf9, 0xd7, 0xac, 0xc0, 0x30, 0x93, 0x22,
    0xbd, 0x7f, 0xfb, 0xb9, 0x82,

    /* U+FE96 "ﺖ" */
    0x0, 0xcc, 0xf6, 0x40, 0x1f, 0xe6, 0x7a, 0x20,
    0xf, 0x3b, 0x80, 0x30, 0x80, 0x7d, 0xc2, 0x1,
    0xf9, 0xd8, 0x1, 0xd4, 0x60, 0x10, 0x9b, 0xec,
    0xe8, 0x1, 0xef, 0xff, 0xe9, 0xe0, 0xf8,

    /* U+FE97 "ﺗ" */
    0x76, 0xc1, 0x76, 0xd1, 0x4, 0x20, 0x1, 0xd0,
    0x1, 0x50, 0x0, 0xc2, 0x1d, 0x1e, 0x0,

    /* U+FE98 "ﺘ" */
    0xd, 0x4a, 0x0, 0xb1, 0x2c, 0x2, 0x16, 0x10,
    0x8, 0x60, 0x3, 0x48, 0x8, 0x3, 0x91, 0xbf,
    0x80,

    /* U+FE99 "ﺙ" */
    0x0, 0xe9, 0x50, 0xf, 0xf4, 0x28, 0x7, 0xf3,
    0x33, 0x8, 0x3, 0xf3, 0x3e, 0x90, 0xc, 0x83,
    0xb8, 0x3, 0x8, 0x0, 0x50, 0x78, 0x40, 0x3f,
    0x3a, 0xf5, 0x98, 0x6, 0x12, 0x64, 0x57, 0xaf,
    0xff, 0x77, 0x30, 0x40,

    /* U+FE9A "ﺚ" */
    0x0, 0xe9, 0x50, 0xf, 0xfe, 0x4, 0x28, 0x7,
    0xfc, 0xd3, 0x64, 0x1, 0xfe, 0x68, 0xa2, 0x0,
    0xf3, 0xb8, 0x3, 0x8, 0x7, 0xdc, 0x20, 0x1f,
    0x9d, 0x80, 0x1d, 0x46, 0x1, 0x9, 0xbe, 0xce,
    0x80, 0x1e, 0xff, 0xfe, 0x9e, 0xf, 0x80,

    /* U+FE9B "ﺛ" */
    0xa, 0x40, 0x5, 0xa0, 0x3b, 0xb0, 0x5d, 0xb4,
    0x41, 0x8, 0x0, 0x74, 0x0, 0x54, 0x0, 0x30,
    0x87, 0x47, 0x80,

    /* U+FE9C "ﺜ" */
    0x1, 0xb0, 0xd, 0x9d, 0x40, 0x16, 0x2d, 0x80,
    0x42, 0xc2, 0x1, 0xc, 0x0, 0x69, 0x1, 0x0,
    0x72, 0x37, 0xf0, 0x0,

    /* U+FE9D "ﺝ" */
    0x7f, 0xeb, 0x51, 0x0, 0x3f, 0xfb, 0x6b, 0xb4,
    0x0, 0x37, 0x68, 0xdd, 0x0, 0x30, 0xb5, 0xc8,
    0x1, 0x9, 0x0, 0x20, 0x12, 0x58, 0x25, 0x80,
    0x66, 0x4, 0xa0, 0xa, 0xa8, 0xa2, 0x2, 0xa0,
    0xd5, 0xdf, 0xec, 0xc0, 0x0,

    /* U+FE9E "ﺞ" */
    0x7f, 0xeb, 0x51, 0x0, 0x9f, 0xfd, 0xb5, 0xda,
    0x1, 0xd, 0xd9, 0x97, 0x40, 0x2c, 0x2d, 0x86,
    0x0, 0xa1, 0x20, 0x4, 0x4c, 0x0, 0x4b, 0xa,
    0x2f, 0xaf, 0x30, 0x60, 0xa2, 0x26, 0x79, 0xd5,
    0x14, 0x40, 0x54, 0x0, 0xd5, 0xdf, 0xec, 0xc0,
    0x0,

    /* U+FE9F "ﺟ" */
    0x2e, 0xe6, 0x30, 0x81, 0x77, 0x55, 0xce, 0x4,
    0xdc, 0xda, 0xfd, 0xfe, 0xea, 0x20, 0xed, 0x92,
    0x0, 0xe2, 0xc0, 0xe, 0x2d, 0x0, 0x80,

    /* U+FEA0 "ﺠ" */
    0x2e, 0xe6, 0x30, 0x80, 0x45, 0xdd, 0x57, 0x38,
    0x4, 0x4d, 0xcc, 0x46, 0x0, 0xef, 0xfa, 0xa6,
    0x5e, 0x3d, 0xb2, 0x60, 0x9b, 0xe2, 0x0, 0x59,
    0x0, 0xf9, 0x60, 0x3, 0x80,

    /* U+FEA1 "ﺡ" */
    0x7f, 0xeb, 0x51, 0x0, 0x3f, 0xfb, 0x6b, 0xb4,
    0x0, 0x37, 0x68, 0xdd, 0x0, 0x30, 0xb5, 0xc8,
    0x1, 0x9, 0x0, 0x1c, 0x96, 0x1, 0xf3, 0x0,
    0x7a, 0xa8, 0xa2, 0x2, 0xa0, 0xd5, 0xdf, 0xec,
    0xc0, 0x0,

    /* U+FEA2 "ﺢ" */
    0x7f, 0xeb, 0x51, 0x0, 0x9f, 0xfd, 0xb5, 0xda,
    0x1, 0xd, 0xd9, 0x97, 0x40, 0x2c, 0x2d, 0x86,
    0x0, 0xa1, 0x20, 0x4, 0x4c, 0x0, 0x4b, 0x0,
    0xbe, 0xbc, 0xc1, 0x80, 0x22, 0xcf, 0x3a, 0xa2,
    0x88, 0xa, 0x80, 0x1a, 0xbb, 0xfd, 0x98, 0x0,
    0x0,

    /* U+FEA3 "ﺣ" */
    0x2e, 0xe6, 0x30, 0x81, 0x77, 0x57, 0xd0, 0x4,
    0xde, 0xfb, 0x1d, 0xff, 0x51, 0x0,

    /* U+FEA4 "ﺤ" */
    0x2e, 0xe6, 0x30, 0x80, 0x45, 0xdd, 0x5f, 0x40,
    0x4, 0x4d, 0xee, 0x58, 0x0, 0xef, 0xf7, 0x54,
    0xcb, 0xc4,

    /* U+FEA5 "ﺥ" */
    0x0, 0xac, 0xc0, 0x3d, 0x46, 0x1, 0x3f, 0xf5,
    0x28, 0x80, 0x1f, 0xfd, 0xb5, 0xda, 0x1, 0x4c,
    0x3e, 0x68, 0x2, 0x8f, 0xe0, 0xc0, 0xa, 0xf6,
    0x20, 0x1b, 0xa4, 0x3, 0xcc, 0xc0, 0xf, 0x33,
    0x80, 0x7b, 0xed, 0x84, 0x9, 0x81, 0x37, 0x5f,
    0xf8, 0x0,

    /* U+FEA6 "ﺦ" */
    0x0, 0xac, 0xc0, 0x3e, 0xa3, 0x0, 0xf8, 0x40,
    0x39, 0xff, 0xad, 0x44, 0x2, 0x7f, 0xf6, 0xd7,
    0x68, 0x4, 0x37, 0x66, 0x5d, 0x0, 0xb0, 0xb6,
    0x18, 0x2, 0x84, 0x80, 0x11, 0x30, 0x1, 0x2c,
    0x2, 0xfa, 0xf3, 0x6, 0x0, 0x8b, 0x3c, 0xea,
    0x8a, 0x20, 0x2a, 0x0, 0x6a, 0xef, 0xf6, 0x60,
    0x0,

    /* U+FEA7 "ﺧ" */
    0x7, 0x70, 0x7, 0x3b, 0x80, 0x3f, 0xe2, 0xee,
    0x63, 0x8, 0x17, 0x75, 0x7d, 0x0, 0x4d, 0xef,
    0xb1, 0xdf, 0xf5, 0x10, 0x0,

    /* U+FEA8 "ﺨ" */
    0x9, 0x50, 0xf, 0xa1, 0x40, 0x3e, 0x10, 0xf,
    0x8b, 0xb9, 0x8c, 0x20, 0x11, 0x77, 0x57, 0xd0,
    0x1, 0x13, 0x7b, 0x96, 0x0, 0x3b, 0xfd, 0xd5,
    0x32, 0xf1,

    /* U+FEA9 "ﺩ" */
    0x0, 0xb, 0x0, 0x61, 0xb4, 0x0, 0xd3, 0x0,
    0x19, 0x8, 0x44, 0x60, 0x40, 0x5, 0xef, 0xc8,
    0x10,

    /* U+FEAA "ﺪ" */
    0x0, 0xb, 0x0, 0x70, 0xc1, 0x0, 0x75, 0xc0,
    0x7, 0x2a, 0x8, 0x9, 0x1, 0x4, 0x2, 0xff,
    0xb2, 0xb, 0x0,

    /* U+FEAB "ﺫ" */
    0x0, 0x68, 0x80, 0x6c, 0x10, 0xe, 0x60, 0xc,
    0x36, 0x80, 0x1a, 0x60, 0x3, 0x21, 0x8, 0x8c,
    0x8, 0x0, 0xbd, 0xf9, 0x2,

    /* U+FEAC "ﺬ" */
    0x0, 0x60, 0x80, 0x76, 0x88, 0x7, 0x98, 0x3,
    0x86, 0x8, 0x3, 0xae, 0x40, 0x39, 0x54, 0x20,
    0x24, 0x4, 0x10, 0xb, 0xfe, 0xc8, 0x2c,

    /* U+FEAD "ﺭ" */
    0x0, 0xfd, 0xa2, 0x1, 0x23, 0x80, 0x59, 0xc0,
    0x11, 0x78, 0x0, 0xa9, 0x81, 0xf2, 0x44, 0x5d,
    0x88, 0x0,

    /* U+FEAE "ﺮ" */
    0x0, 0xff, 0x68, 0x80, 0x72, 0xb0, 0x7, 0x6d,
    0x8, 0x6, 0x21, 0xf3, 0x0, 0x14, 0xef, 0x18,
    0xc6, 0x50, 0x80, 0x6f, 0x40, 0x8,

    /* U+FEAF "ﺯ" */
    0x0, 0x2c, 0x80, 0x4b, 0x20, 0x18, 0xc0, 0x37,
    0x18, 0x5, 0x48, 0x1, 0x17, 0x80, 0x59, 0xa0,
    0x6, 0x55, 0xe, 0xec, 0x3, 0xd6, 0x20,

    /* U+FEB0 "ﺰ" */
    0x0, 0x43, 0x0, 0x74, 0x30, 0x7, 0x88, 0x3,
    0xd8, 0x40, 0x1d, 0x34, 0x1, 0xc6, 0xc2, 0x1,
    0x8c, 0xbc, 0xc0, 0x7, 0x3b, 0xc6, 0x31, 0xb4,
    0x20, 0x1b, 0xd0, 0x2,

    /* U+FEB1 "ﺱ" */
    0x0, 0xff, 0xe0, 0x33, 0x0, 0x3c, 0x80, 0x12,
    0x81, 0xe8, 0x7, 0xbd, 0x40, 0xa4, 0x11, 0x96,
    0x40, 0x31, 0xf0, 0x28, 0x0, 0xc7, 0x3c, 0x3,
    0x72, 0xfd, 0xaf, 0xfa, 0x0, 0x3d, 0xd1, 0xf9,
    0x3f, 0xa9, 0x50, 0x80, 0x5, 0x53, 0x0, 0x78,
    0xea, 0x3f, 0xbf, 0xc0, 0x1f, 0x0,

    /* U+FEB2 "ﺲ" */
    0x0, 0xf1, 0x80, 0x46, 0x5, 0x60, 0x1f, 0xbd,
    0x0, 0xbc, 0xd, 0x80, 0xb, 0x20, 0x19, 0x3c,
    0x14, 0x0, 0xa4, 0x81, 0x9e, 0x1, 0xb9, 0x7e,
    0xd7, 0xe6, 0xe6, 0x80, 0x3d, 0xd1, 0xf9, 0x3f,
    0xa9, 0xb5, 0x48, 0x40, 0x2, 0xa9, 0x80, 0x3f,
    0x1d, 0x47, 0xf7, 0xf8, 0x3, 0xf8,

    /* U+FEB3 "ﺳ" */
    0x0, 0xf9, 0xd0, 0x4, 0x80, 0x8, 0x0, 0xd0,
    0x7a, 0x3, 0x80, 0x45, 0xa, 0x0, 0x58, 0x1,
    0x9f, 0x55, 0x3d, 0x17, 0xe2, 0x0,

    /* U+FEB4 "ﺴ" */
    0x0, 0xe3, 0x3, 0xa0, 0x9, 0xa4, 0xb, 0xc0,
    0x58, 0x2, 0xa1, 0xa, 0x70, 0x63, 0x30, 0x6a,
    0xa7, 0xa0, 0xfc, 0xdf, 0x50,

    /* U+FEB5 "ﺵ" */
    0x0, 0xfe, 0x95, 0x0, 0xff, 0xe0, 0x42, 0x80,
    0x7f, 0xcd, 0x36, 0x40, 0x1f, 0xe6, 0x8a, 0x22,
    0x80, 0x3c, 0x20, 0x1c, 0xb6, 0x1, 0xed, 0x40,
    0x1c, 0x5, 0x45, 0x80, 0xc, 0x9c, 0xc, 0x20,
    0x16, 0x70, 0x6, 0xe4, 0xfb, 0x5f, 0xf4, 0x80,
    0x78, 0x63, 0xf2, 0x7f, 0x53, 0x61, 0x0, 0xb,
    0x4c, 0x1, 0xe4, 0xa8, 0xfe, 0xff, 0x0, 0x7c,

    /* U+FEB6 "ﺶ" */
    0x0, 0xfe, 0x95, 0x0, 0xff, 0xe1, 0x42, 0x80,
    0x7f, 0xf0, 0x5a, 0x6c, 0x80, 0x3f, 0xf8, 0xd,
    0x14, 0x40, 0x1f, 0xe1, 0x0, 0xe2, 0x90, 0xf,
    0xda, 0x80, 0x38, 0x6, 0x80, 0x5, 0x80, 0xc,
    0x9c, 0xc, 0x20, 0x44, 0x30, 0xce, 0x0, 0xdc,
    0x9f, 0x6b, 0xfd, 0x7d, 0x40, 0x1e, 0x18, 0xfc,
    0x9f, 0xd4, 0xda, 0xd8, 0x40, 0x2, 0xd3, 0x0,
    0x7e, 0x4a, 0x8f, 0xef, 0xf0, 0x7, 0xf0,

    /* U+FEB7 "ﺷ" */
    0x0, 0xc9, 0x20, 0x1f, 0x24, 0x0, 0x78, 0xb1,
    0x98, 0x1, 0xc5, 0xae, 0xc6, 0x20, 0x18, 0x44,
    0x17, 0x20, 0xd0, 0x5, 0xa1, 0x66, 0x14, 0x0,
    0xa7, 0x7, 0xd, 0x54, 0xf4, 0x2f, 0x98,

    /* U+FEB8 "ﺸ" */
    0x0, 0xc9, 0x20, 0x1f, 0xc9, 0x0, 0x1f, 0x8b,
    0x19, 0x80, 0x1f, 0x16, 0xbb, 0x0, 0x7e, 0x11,
    0x1, 0x40, 0x4, 0xd0, 0x5, 0xa0, 0x4, 0x0,
    0xa8, 0x1, 0x4e, 0xc, 0x66, 0xd, 0x54, 0xf4,
    0x1f, 0x9b, 0xea,

    /* U+FEB9 "ﺹ" */
    0x0, 0xff, 0xa3, 0xb8, 0xa0, 0x1f, 0x51, 0x0,
    0xe0, 0xfe, 0xd8, 0x9, 0x0, 0x72, 0x6, 0xdc,
    0x89, 0x80, 0xbd, 0x80, 0x6d, 0x89, 0x67, 0x3,
    0x95, 0x1f, 0xf0, 0x6, 0x12, 0x22, 0x7f, 0xb8,
    0x6c, 0x4, 0x40, 0x1b, 0xea, 0xfb, 0xfd, 0xb0,
    0x0, 0xb9, 0x50, 0x3, 0x23, 0x0, 0x7e, 0x3d,
    0x9f, 0xec, 0xf0, 0xf, 0xe0,

    /* U+FEBA "ﺺ" */
    0x0, 0xff, 0xa3, 0xb8, 0x80, 0x1f, 0xa8, 0x80,
    0x18, 0x3f, 0xb4, 0x0, 0x11, 0x0, 0x73, 0x85,
    0xda, 0x44, 0xc0, 0x41, 0xe0, 0x3, 0x6c, 0x40,
    0x5c, 0xa, 0x40, 0x2f, 0xf0, 0x6, 0x11, 0x22,
    0x3f, 0xe0, 0x4f, 0xa0, 0x10, 0xd, 0xf5, 0x9d,
    0xfe, 0xd9, 0xae, 0xaa, 0x4a, 0x80, 0x19, 0xd8,
    0x3, 0xf8, 0xea, 0x7f, 0xb3, 0x0, 0x1f, 0xe0,

    /* U+FEBB "ﺻ" */
    0x0, 0xf3, 0x6f, 0x38, 0x0, 0xdc, 0x1, 0x59,
    0x8f, 0xa2, 0x4, 0xf0, 0x92, 0xa1, 0x13, 0x9,
    0xca, 0x32, 0xd1, 0x25, 0x31, 0xec, 0xd5, 0x9e,
    0xea, 0x4f, 0x0,

    /* U+FEBC "ﺼ" */
    0x0, 0xf3, 0x6f, 0x38, 0x4, 0x6e, 0x0, 0xac,
    0xc7, 0xd1, 0x0, 0x13, 0xc2, 0x4a, 0x84, 0x4c,
    0xc0, 0x39, 0x46, 0x5a, 0x24, 0xa4, 0x1, 0xd9,
    0xab, 0x3d, 0xd4, 0x9b, 0xd6, 0x0,

    /* U+FEBD "ﺽ" */
    0x0, 0xff, 0xe0, 0x61, 0x0, 0x7f, 0xf0, 0xb4,
    0x80, 0x3f, 0xf8, 0x31, 0xfc, 0xa0, 0x1f, 0x51,
    0x0, 0xe0, 0xfe, 0xd8, 0x9, 0x0, 0x72, 0x6,
    0xdc, 0x89, 0x80, 0xbd, 0x80, 0x6d, 0x89, 0x67,
    0x3, 0x95, 0x1f, 0xf0, 0x6, 0x12, 0x22, 0x7f,
    0xb8, 0x6c, 0x4, 0x40, 0x1b, 0xea, 0xfb, 0xfd,
    0xb0, 0x0, 0xb9, 0x50, 0x3, 0x23, 0x0, 0x7e,
    0x3d, 0x9f, 0xec, 0xf0, 0xf, 0xe0,

    /* U+FEBE "ﺾ" */
    0x0, 0xff, 0xe0, 0x61, 0x0, 0x7f, 0xf0, 0xf4,
    0x80, 0x3f, 0xf8, 0x51, 0xfc, 0x80, 0x1f, 0xa8,
    0x80, 0x18, 0x3f, 0xb4, 0x0, 0x11, 0x0, 0x73,
    0x85, 0xda, 0x44, 0xc0, 0x41, 0xe0, 0x3, 0x6c,
    0x40, 0x5c, 0xa, 0x40, 0x2f, 0xf0, 0x6, 0x11,
    0x22, 0x3f, 0xe0, 0x4f, 0xa0, 0x10, 0xd, 0xf5,
    0x9d, 0xfe, 0xd9, 0xae, 0xaa, 0x4a, 0x80, 0x19,
    0xd8, 0x3, 0xf8, 0xea, 0x7f, 0xb3, 0x0, 0x1f,
    0xe0,

    /* U+FEBF "ﺿ" */
    0x0, 0xfa, 0x90, 0x3, 0xfa, 0xd0, 0x3, 0xf3,
    0x67, 0x38, 0x0, 0xdc, 0x1, 0x59, 0x8f, 0xa2,
    0x4, 0xf0, 0x92, 0xa1, 0x13, 0x9, 0xca, 0x32,
    0xd1, 0x25, 0x31, 0xec, 0xd5, 0x9e, 0xea, 0x4f,
    0x0,

    /* U+FEC0 "ﻀ" */
    0x0, 0xfa, 0x90, 0x3, 0xfd, 0x68, 0x1, 0xfc,
    0xd9, 0xce, 0x1, 0x1b, 0x80, 0x2b, 0x31, 0xf4,
    0x40, 0x4, 0xf0, 0x92, 0xa1, 0x13, 0x30, 0xe,
    0x51, 0x96, 0x89, 0x29, 0x0, 0x76, 0x6a, 0xcf,
    0x75, 0x26, 0xf5, 0x80,

    /* U+FEC1 "ﻁ" */
    0x0, 0x52, 0x0, 0x7e, 0x10, 0xf, 0x8c, 0x3,
    0xf8, 0xc0, 0x3e, 0x11, 0xab, 0xb4, 0x80, 0x2c,
    0xcb, 0xa3, 0x80, 0x1e, 0x9c, 0xc0, 0x82, 0x36,
    0x49, 0x8a, 0x6a, 0xc7, 0xa4, 0xff, 0xa2, 0xa0,

    /* U+FEC2 "ﻂ" */
    0x0, 0x52, 0x0, 0x7f, 0x84, 0x3, 0xf8, 0xc0,
    0x3f, 0xe3, 0x0, 0xfe, 0x11, 0xab, 0xb4, 0x80,
    0x3b, 0x32, 0xe8, 0xe0, 0xd, 0xe9, 0xcc, 0x8,
    0x40, 0x1, 0x16, 0x49, 0x8a, 0x6a, 0x88, 0x47,
    0xa4, 0xff, 0x45, 0x87, 0x30,

    /* U+FEC3 "ﻃ" */
    0x1e, 0x0, 0xf0, 0x80, 0x7e, 0x10, 0xf, 0xfe,
    0x58, 0x82, 0xef, 0xd8, 0x80, 0x2f, 0xfe, 0x29,
    0x0, 0x6d, 0x19, 0x97, 0x78, 0x67, 0xf2, 0x61,
    0x40,

    /* U+FEC4 "ﻄ" */
    0x1e, 0x0, 0xfc, 0x20, 0x1f, 0xe1, 0x0, 0xff,
    0xe8, 0x88, 0x2e, 0xfd, 0x88, 0x6, 0xbf, 0xf8,
    0xa4, 0x3, 0x6d, 0x19, 0x97, 0x40, 0x1c, 0x33,
    0xd9, 0x2b, 0x7c, 0x0,

    /* U+FEC5 "ﻅ" */
    0x0, 0x52, 0x0, 0x7e, 0x10, 0xf, 0x8c, 0x0,
    0x94, 0x1, 0xc6, 0x9, 0x60, 0x18, 0x46, 0xaf,
    0xd2, 0x0, 0xb3, 0x2e, 0x8e, 0x0, 0x7a, 0x73,
    0x2, 0x8, 0xd9, 0x26, 0x29, 0xab, 0x1e, 0x93,
    0xfe, 0x8a, 0x80,

    /* U+FEC6 "ﻆ" */
    0x0, 0x52, 0x0, 0x7f, 0x84, 0x3, 0xf8, 0xc0,
    0x9, 0x40, 0x1f, 0x18, 0x25, 0x80, 0x78, 0x46,
    0xaf, 0xd2, 0x0, 0xec, 0xcb, 0xa3, 0x80, 0x37,
    0xa7, 0x30, 0x21, 0x0, 0x4, 0x59, 0x26, 0x29,
    0xaa, 0x21, 0x1e, 0x93, 0xfd, 0x16, 0x1c, 0xc0,

    /* U+FEC7 "ﻇ" */
    0x1e, 0x0, 0xf0, 0x80, 0x7e, 0x10, 0x4, 0xa8,
    0x7, 0xa1, 0x40, 0x3c, 0x20, 0x18, 0x41, 0x77,
    0xec, 0x40, 0x17, 0xff, 0x14, 0x80, 0x36, 0x8c,
    0xcb, 0xbc, 0x33, 0xf9, 0x30, 0xa0,

    /* U+FEC8 "ﻈ" */
    0x1e, 0x0, 0xfc, 0x20, 0x1f, 0xe1, 0x0, 0x4a,
    0x80, 0x7e, 0x85, 0x0, 0xfc, 0x20, 0x1e, 0x10,
    0x5d, 0xfb, 0x10, 0xd, 0x7f, 0xf1, 0x48, 0x6,
    0xda, 0x33, 0x2e, 0x80, 0x38, 0x67, 0xb2, 0x56,
    0xf8, 0x0,

    /* U+FEC9 "ﻉ" */
    0x8, 0xed, 0x0, 0x98, 0xfb, 0x40, 0x2e, 0x30,
    0xe, 0xa6, 0x9b, 0xf0, 0x1, 0x29, 0x77, 0x80,
    0x1c, 0xad, 0x40, 0x2b, 0xb0, 0x7, 0x8, 0x80,
    0x3a, 0xf9, 0x0, 0x4, 0x8d, 0x1f, 0xdf, 0xe3,

    /* U+FECA "ﻊ" */
    0x3, 0xbf, 0xc1, 0x0, 0xb7, 0xfc, 0xce, 0x1,
    0x37, 0x8b, 0x20, 0x5, 0x5, 0xd4, 0x40, 0x13,
    0x22, 0xd2, 0x0, 0x16, 0xb2, 0xa6, 0x5e, 0x9d,
    0x2, 0xb, 0xbe, 0x85, 0xc4, 0x0, 0x43, 0x9,
    0x3f, 0xf7, 0x7b, 0x80,

    /* U+FECB "ﻋ" */
    0x3, 0xdf, 0x60, 0x6, 0xcf, 0xb0, 0x4, 0xa0,
    0x1a, 0x31, 0xa5, 0xba, 0x7, 0xf1, 0x80,

    /* U+FECC "ﻌ" */
    0x6, 0xde, 0xb0, 0x2, 0x5e, 0x73, 0xa0, 0x23,
    0x41, 0xa, 0x0, 0x25, 0xf6, 0x80, 0x1d, 0xed,
    0x39, 0xd6,

    /* U+FECD "ﻍ" */
    0x0, 0x42, 0x80, 0x74, 0x28, 0x6, 0x8e, 0xd0,
    0x9, 0x8f, 0xb4, 0x2, 0xe3, 0x0, 0xea, 0x69,
    0xbf, 0x0, 0x12, 0x97, 0x78, 0x1, 0xca, 0xd4,
    0x2, 0xbb, 0x0, 0x70, 0x88, 0x3, 0xaf, 0x90,
    0x0, 0x48, 0xd1, 0xfd, 0xfe, 0x30,

    /* U+FECE "ﻎ" */
    0x0, 0xe, 0x80, 0x78, 0x70, 0x3, 0x8e, 0xfb,
    0x4, 0x2, 0xdf, 0xf3, 0x38, 0x4, 0xde, 0x2c,
    0x80, 0x14, 0x17, 0x51, 0x0, 0x4c, 0x8b, 0x48,
    0x0, 0x5a, 0xca, 0x99, 0x7a, 0x74, 0x8, 0x2e,
    0xfa, 0x17, 0x10, 0x1, 0xc, 0x24, 0xff, 0xdd,
    0xee, 0x0,

    /* U+FECF "ﻏ" */
    0x0, 0x24, 0x80, 0x64, 0x80, 0xe, 0x10, 0x8,
    0xf7, 0xd8, 0x1, 0xb3, 0xec, 0x1, 0x28, 0x6,
    0x8c, 0x69, 0x6e, 0x81, 0xfc, 0x60,

    /* U+FED0 "ﻐ" */
    0x0, 0x15, 0x80, 0x71, 0x50, 0x6, 0x6d, 0xfb,
    0x0, 0x25, 0xe7, 0x3a, 0x2, 0x34, 0x10, 0xa0,
    0x2, 0x5f, 0x68, 0x1, 0xde, 0xd3, 0x9d, 0x60,

    /* U+FED1 "ﻑ" */
    0x0, 0xfc, 0xb0, 0x1, 0xfe, 0x58, 0x0, 0xff,
    0xe5, 0x57, 0x30, 0x7, 0xe7, 0x3c, 0x80, 0x77,
    0x0, 0x76, 0xf9, 0x10, 0xf8, 0x40, 0x3b, 0xaf,
    0x8c, 0x7a, 0x8c, 0x3, 0x26, 0xe0, 0x93, 0xdf,
    0xf7, 0xff, 0x64, 0x0,

    /* U+FED2 "ﻒ" */
    0x0, 0xfe, 0x4a, 0x0, 0xff, 0xe0, 0x25, 0x80,
    0x7f, 0xf0, 0x44, 0x3, 0xfe, 0x1c, 0xe6, 0x0,
    0x3b, 0x80, 0x3d, 0x69, 0xf0, 0x21, 0xc2, 0x1,
    0xe1, 0xc1, 0x23, 0xe, 0xa2, 0x0, 0xee, 0xab,
    0x0, 0x9e, 0xfb, 0xb7, 0xfa, 0xd4, 0x87, 0x68,

    /* U+FED3 "ﻓ" */
    0x0, 0x61, 0x0, 0x5a, 0x40, 0x10, 0x80, 0x47,
    0xba, 0x10, 0xef, 0x59, 0x13, 0x2b, 0x41, 0x6e,
    0xc0, 0x4, 0x7a, 0x5f, 0x7e, 0x1b, 0x80,

    /* U+FED4 "ﻔ" */
    0x0, 0x3b, 0x0, 0x73, 0xb0, 0x6, 0x3d, 0xe4,
    0x0, 0xba, 0x6a, 0x80, 0x11, 0x22, 0x0, 0x33,
    0x56, 0x38, 0x3, 0x9d, 0x9d, 0xde, 0xc0,

    /* U+FED5 "ﻕ" */
    0x0, 0xe6, 0x7c, 0x20, 0xe, 0x67, 0xd2, 0x0,
    0xf8, 0x40, 0x3c, 0x9d, 0x82, 0x1, 0xd3, 0x8b,
    0x27, 0x40, 0x2, 0x32, 0xd3, 0xbd, 0x0, 0x12,
    0x75, 0x80, 0x80, 0x6a, 0xe7, 0xcc, 0x4a, 0x88,
    0x14, 0xab, 0x2d, 0xcf, 0x7f, 0xbb, 0x4,

    /* U+FED6 "ﻖ" */
    0x0, 0xe6, 0x7c, 0x20, 0xf, 0x99, 0xf4, 0x80,
    0x3e, 0x4e, 0xd1, 0x0, 0xfa, 0xb1, 0x64, 0x0,
    0x54, 0x0, 0x23, 0x36, 0x98, 0x2, 0x88, 0x0,
    0x4f, 0xd6, 0x9e, 0x43, 0xe0, 0x15, 0x7b, 0xbb,
    0xcb, 0x25, 0x44, 0xa, 0x16, 0x40, 0xb, 0x10,
    0xef, 0xf0, 0x60, 0x80, 0x0,

    /* U+FED7 "ﻗ" */
    0x9, 0x5d, 0x0, 0x42, 0xe0, 0x0, 0x40, 0x40,
    0x7, 0xba, 0x10, 0xef, 0x59, 0x13, 0x2b, 0x41,
    0x6e, 0xc0, 0x4, 0x7a, 0x5f, 0x7e, 0x1b, 0x80,

    /* U+FED8 "ﻘ" */
    0x4, 0x9a, 0x40, 0x9, 0x22, 0xd0, 0x2, 0x3c,
    0xf4, 0x0, 0xba, 0x6a, 0x80, 0x11, 0x22, 0x0,
    0x33, 0x56, 0x38, 0x3, 0x9d, 0x9d, 0xde, 0xc0,

    /* U+FED9 "ﻙ" */
    0x0, 0xfc, 0xb4, 0x1, 0xf8, 0x40, 0x3c, 0xe8,
    0x0, 0x10, 0xc, 0x9a, 0x80, 0xee, 0x12, 0x0,
    0x20, 0x90, 0x5, 0x2a, 0x0, 0x87, 0x30, 0x11,
    0xc0, 0x9, 0xc1, 0x0, 0xf, 0xda, 0x0, 0x80,
    0xa, 0x15, 0xae, 0x3f, 0xee, 0xe6, 0xc8,

    /* U+FEDA "ﻚ" */
    0x0, 0xfc, 0xb4, 0x1, 0xfe, 0x10, 0xf, 0xcc,
    0x80, 0x1, 0x0, 0xf2, 0x6a, 0x3, 0x80, 0x42,
    0x20, 0x2, 0x81, 0x0, 0x1c, 0x0, 0xcc, 0x0,
    0x3b, 0x80, 0x2, 0x20, 0x7, 0x8, 0x1, 0x70,
    0x80, 0x6, 0x0, 0xfb, 0x40, 0x30, 0x1, 0x40,
    0x98, 0x35, 0x47, 0xfd, 0xdc, 0x2b, 0xd8,

    /* U+FEDB "ﻛ" */
    0x0, 0xca, 0x1, 0x3f, 0x60, 0x16, 0xeb, 0x24,
    0x2d, 0xe8, 0x80, 0x10, 0x32, 0x1, 0xd, 0x9c,
    0x0, 0x6a, 0x61, 0x0, 0x84, 0xcc, 0x1d, 0xf9,
    0x44, 0x0,

    /* U+FEDC "ﻜ" */
    0x0, 0xca, 0x1, 0x9f, 0xb0, 0x0, 0x5b, 0xac,
    0x90, 0x5, 0xad, 0x10, 0x5, 0xa, 0xe0, 0x18,
    0x72, 0xd8, 0x3, 0xe, 0xc1, 0x0, 0x71, 0xf9,
    0x7, 0x7e, 0x5d, 0xb2, 0x0,

    /* U+FEDD "ﻝ" */
    0x0, 0xf4, 0xa8, 0x7, 0xc6, 0x1, 0xe1, 0x10,
    0x7, 0xff, 0xb, 0xfc, 0x1, 0xe1, 0x3, 0x60,
    0xf, 0x58, 0x80, 0x61, 0xf1, 0x10, 0x6, 0xc3,
    0xdb, 0x30, 0x17, 0x64, 0x44, 0x7f, 0xdb, 0x80,

    /* U+FEDE "ﻞ" */
    0x0, 0xf5, 0x28, 0x7, 0xe3, 0x30, 0x7, 0xe1,
    0x0, 0xff, 0x8, 0x7, 0xef, 0x0, 0xff, 0x78,
    0x7, 0xe1, 0x10, 0x1, 0x64, 0x3, 0x90, 0x43,
    0x3c, 0x3, 0xde, 0x60, 0x1e, 0xc9, 0xe3, 0xa8,
    0x40, 0x18, 0x64, 0x0, 0x1d, 0x47, 0xf8, 0x74,
    0x2,

    /* U+FEDF "ﻟ" */
    0xd, 0x20, 0x11, 0x3, 0x80, 0x4e, 0x2, 0x20,
    0xc, 0x66, 0x2, 0x27, 0xa, 0x0,

    /* U+FEE0 "ﻠ" */
    0xc, 0x30, 0xf, 0xce, 0xe0, 0xf, 0xc2, 0x20,
    0xf, 0xc6, 0x60, 0x8, 0xb4, 0x1, 0xc0, 0x5c,
    0x20,

    /* U+FEE1 "ﻡ" */
    0x3, 0xde, 0x60, 0x7, 0x73, 0x20, 0x43, 0xc,
    0x91, 0x42, 0xfb, 0xd5, 0xe4, 0xfb, 0xf0, 0xca,
    0x80, 0x6, 0x2, 0xe0, 0x1b, 0x44, 0x3, 0x0,

    /* U+FEE2 "ﻢ" */
    0x0, 0x36, 0xd8, 0x6, 0x9d, 0xe1, 0x60, 0x2,
    0xa3, 0x84, 0xd8, 0x84, 0xf4, 0xf6, 0x3f, 0x98,
    0x89, 0x77, 0xeb, 0x8c, 0x44, 0x1, 0xe5, 0x50,
    0x7, 0xa1, 0x80, 0x3c,

    /* U+FEE3 "ﻣ" */
    0x0, 0x3f, 0x50, 0x1, 0x2f, 0xc1, 0x86, 0x68,
    0x73, 0xb2, 0xb7, 0xae, 0x80,

    /* U+FEE4 "ﻤ" */
    0x0, 0x3f, 0x50, 0x6, 0x5c, 0xf0, 0x70, 0x1,
    0x5b, 0x9f, 0x49, 0x7, 0xdc, 0xe5, 0x3e, 0x30,

    /* U+FEE5 "ﻥ" */
    0x0, 0x9d, 0x80, 0x3c, 0xec, 0x1, 0xfd, 0x20,
    0x1f, 0x22, 0x16, 0x0, 0x32, 0xe6, 0x38, 0x3,
    0x70, 0x80, 0x7b, 0xfd, 0xb0, 0x80, 0x2e, 0xf2,
    0x5c, 0x7f, 0xb7, 0x4,

    /* U+FEE6 "ﻦ" */
    0x0, 0x9d, 0x80, 0x3f, 0x3b, 0x0, 0x7f, 0xc8,
    0x1, 0xfd, 0xea, 0x0, 0x59, 0x0, 0xc7, 0xc0,
    0xc, 0xf0, 0xd, 0xcb, 0xe6, 0x1, 0xee, 0x8f,
    0x3d, 0x84, 0x0, 0x2a, 0x9c, 0x0, 0x97, 0x1f,
    0xdc, 0xf1, 0x0, 0x0,

    /* U+FEE7 "ﻧ" */
    0xd, 0x0, 0x60, 0x1, 0x84, 0x35, 0x3, 0x30,
    0x2, 0x2e, 0xc9,

    /* U+FEE8 "ﻨ" */
    0x9, 0x50, 0xa, 0x14, 0x3, 0x28, 0x4, 0x9e,
    0x1, 0x70, 0x80, 0x38, 0x4b, 0xe0,

    /* U+FEE9 "ﻩ" */
    0x1, 0x50, 0x9, 0x29, 0x40, 0x63, 0x20, 0x66,
    0xce, 0xdc, 0x78, 0x3c, 0x2d, 0x3c, 0xd8,

    /* U+FEEA "ﻪ" */
    0x0, 0x90, 0x80, 0x31, 0x42, 0x0, 0x55, 0xe2,
    0x1, 0x38, 0x6a, 0x88, 0x3, 0x88, 0x3f, 0xc0,
    0xb, 0x4f, 0x94, 0x0, 0x16, 0x7f, 0x37, 0x20,

    /* U+FEEB "ﻫ" */
    0x1, 0xb2, 0x0, 0xca, 0x98, 0x80, 0x15, 0x73,
    0xda, 0x0, 0x42, 0xd, 0x42, 0xf, 0xa9, 0xa,
    0xae, 0x55, 0xf, 0x3a, 0x0,

    /* U+FEEC "ﻬ" */
    0x0, 0x3f, 0x38, 0x4, 0x97, 0xb2, 0x1, 0x7c,
    0x9, 0x80, 0x4a, 0x1c, 0xa0, 0xe, 0x1e, 0x77,
    0x7c, 0x71, 0x5d, 0x9e, 0xa0, 0x16, 0xc0, 0x40,
    0x28, 0xe, 0x25, 0x0,

    /* U+FEED "ﻭ" */
    0x5, 0xec, 0x0, 0x47, 0xab, 0x18, 0xe, 0x60,
    0xdb, 0xe8, 0x1, 0x7e, 0x7e, 0x51, 0xca, 0xa1,
    0xfd, 0x90,

    /* U+FEEE "ﻮ" */
    0x5, 0xec, 0x10, 0xa, 0xfd, 0x58, 0x0, 0x66,
    0x1d, 0xd0, 0x0, 0xdf, 0xed, 0x7c, 0x82, 0xbc,
    0xeb, 0xc8, 0x8f, 0xaa, 0xa0, 0x3, 0x7f, 0x48,
    0x4,

    /* U+FEEF "ﻯ" */
    0x0, 0xe1, 0xbf, 0xa0, 0xe, 0xce, 0xfb, 0x0,
    0xca, 0xea, 0x2, 0xb0, 0x0, 0x64, 0x81, 0xc,
    0xe0, 0x1, 0xf8, 0x7a, 0x0, 0x70, 0xc2, 0x8e,
    0xc2, 0x88, 0x8e, 0x81, 0x52, 0xe7, 0xb9, 0xfe,
    0xb0,

    /* U+FEF0 "ﻰ" */
    0x0, 0xff, 0x2c, 0x80, 0x45, 0x28, 0x0, 0xcf,
    0x0, 0x8b, 0xab, 0xd0, 0x4, 0x3, 0x3b, 0xa5,
    0x2a, 0x54, 0x40, 0xa1, 0x1c, 0xe, 0xa7, 0xbf,
    0xc1, 0x82, 0x0,

    /* U+FEF1 "ﻱ" */
    0x0, 0xe1, 0xbf, 0xa0, 0xe, 0xce, 0xfb, 0x0,
    0xca, 0xea, 0x2, 0x90, 0x0, 0x64, 0x92, 0xd,
    0xe0, 0x1, 0xf8, 0xe2, 0x0, 0x70, 0xc2, 0x8e,
    0xc2, 0x80, 0xe, 0x81, 0x52, 0xe7, 0xff, 0x58,
    0x1, 0x73, 0xfd, 0x8a, 0x1, 0x96, 0x68, 0xc0,
    0x39, 0x62, 0xcc, 0x2,

    /* U+FEF2 "ﻲ" */
    0x24, 0x0, 0xfe, 0xa3, 0x0, 0x92, 0x40, 0x30,
    0x88, 0x2, 0x41, 0xd5, 0x0, 0x64, 0x20, 0x80,
    0xf1, 0x47, 0x2, 0xdc, 0x77, 0xe6, 0x5b, 0xc0,
    0x5, 0xcf, 0xf6, 0xd1, 0x80, 0x72, 0xcd, 0x18,
    0x7, 0xcb, 0x16, 0x60, 0x1c,

    /* U+FEF3 "ﻳ" */
    0x0, 0x3a, 0x80, 0x7, 0xc0, 0x8, 0xe0, 0x1,
    0x60, 0xef, 0x80, 0xec, 0x30, 0xd4, 0xa0, 0xc4,
    0xb0,

    /* U+FEF4 "ﻴ" */
    0x0, 0x28, 0x6, 0x1b, 0x0, 0xd2, 0x62, 0x0,
    0xe4, 0x5f, 0xe0, 0xec, 0x8e, 0xe0, 0xe, 0x33,
    0x80, 0x7, 0x59, 0xc0, 0x0,

    /* U+FEF5 "ﻵ" */
    0x0, 0xfc, 0x98, 0xc2, 0x4d, 0x20, 0xda, 0x16,
    0x46, 0x60, 0x22, 0x75, 0x0, 0x80, 0x44, 0x4c,
    0x12, 0x30, 0x0, 0xd5, 0x33, 0x7c, 0x3, 0x34,
    0xa1, 0x0, 0x74, 0x3c, 0x80, 0x45, 0x97, 0x2,
    0x40, 0xb, 0x38, 0xf6, 0x20,

    /* U+FEF6 "ﻶ" */
    0x3c, 0x61, 0x26, 0x90, 0x0, 0xe8, 0x59, 0x80,
    0x62, 0x5, 0xa1, 0x33, 0x0, 0x47, 0xc8, 0x1,
    0xe2, 0xf9, 0x31, 0x10, 0x6, 0x2f, 0xe3, 0x0,
    0xf1, 0x4c, 0x38, 0x7, 0x9, 0x91, 0x4, 0x0,
    0xbf, 0xee, 0xc7, 0xe9,

    /* U+FEF7 "ﻷ" */
    0x69, 0x0, 0xec, 0x81, 0x2, 0x30, 0x3b, 0x20,
    0x49, 0xa, 0x23, 0x2, 0x0, 0x18, 0xe0, 0x88,
    0xc0, 0x13, 0x2f, 0xef, 0x0, 0x96, 0x90, 0x80,
    0x34, 0x3c, 0x80, 0xb, 0x2a, 0x4, 0x82, 0xce,
    0x7d, 0x88,

    /* U+FEF8 "ﻸ" */
    0x78, 0x0, 0xf7, 0xa, 0x3, 0x48, 0x3, 0x69,
    0x0, 0x3d, 0x20, 0x3, 0x30, 0x1, 0x2, 0x40,
    0x3d, 0x44, 0xe2, 0x20, 0xd, 0x75, 0xa0, 0x1e,
    0xe6, 0x70, 0xc, 0x36, 0x44, 0x10, 0x5f, 0xf0,
    0xe3, 0xf4, 0x80,

    /* U+FEF9 "ﻹ" */
    0x0, 0xc6, 0x80, 0x1c, 0xdc, 0x9, 0x40, 0x1,
    0x0, 0x21, 0x69, 0x9, 0x80, 0x22, 0x72, 0x7c,
    0x2, 0x4a, 0x33, 0x0, 0x68, 0x88, 0x0, 0x59,
    0x4e, 0x24, 0x16, 0x73, 0xec, 0x41, 0xd5, 0xfe,
    0xa0, 0x6, 0xb0, 0x7, 0x1b, 0x0, 0x60,

    /* U+FEFA "ﻺ" */
    0x0, 0xcd, 0x20, 0x1f, 0xe4, 0xa0, 0x1, 0x98,
    0x0, 0x81, 0x20, 0x1e, 0xa2, 0x71, 0x10, 0x6,
    0xba, 0xd0, 0xf, 0x73, 0x38, 0x6, 0x1b, 0x22,
    0x8, 0x2f, 0xf8, 0x71, 0xfa, 0x56, 0x2e, 0x46,
    0x7e, 0x43, 0x58, 0x3, 0xc6, 0xc0, 0x1c,

    /* U+FEFB "ﻻ" */
    0x0, 0xc6, 0x80, 0x1c, 0xdc, 0x9, 0x40, 0x1,
    0x0, 0x21, 0x69, 0x9, 0x80, 0x22, 0x72, 0x7c,
    0x2, 0x4a, 0x33, 0x0, 0x68, 0x88, 0x0, 0x59,
    0x4e, 0x24, 0x16, 0x73, 0xec, 0x40,

    /* U+FEFC "ﻼ" */
    0x0, 0xcd, 0x20, 0x1f, 0xe4, 0xa0, 0x1, 0x98,
    0x0, 0x81, 0x20, 0x1e, 0xa2, 0x71, 0x10, 0x6,
    0xba, 0xd0, 0xf, 0x73, 0x38, 0x6, 0x1b, 0x22,
    0x8, 0x2f, 0xf8, 0x71, 0xfa, 0x40
};


/*---------------------
 *  GLYPH DESCRIPTION
 *--------------------*/

static const lv_font_fmt_txt_glyph_dsc_t glyph_dsc[] = {
    {.bitmap_index = 0, .adv_w = 0, .box_w = 0, .box_h = 0, .ofs_x = 0, .ofs_y = 0} /* id = 0 reserved */,
    {.bitmap_index = 0, .adv_w = 110, .box_w = 7, .box_h = 9, .ofs_x = 0, .ofs_y = 0},
    {.bitmap_index = 29, .adv_w = 110, .box_w = 7, .box_h = 9, .ofs_x = 0, .ofs_y = 0},
    {.bitmap_index = 57, .adv_w = 98, .box_w = 6, .box_h = 10, .ofs_x = 0, .ofs_y = 0},
    {.bitmap_index = 89, .adv_w = 160, .box_w = 10, .box_h = 10, .ofs_x = 0, .ofs_y = 0},
    {.bitmap_index = 137, .adv_w = 160, .box_w = 10, .box_h = 10, .ofs_x = 0, .ofs_y = 0},
    {.bitmap_index = 187, .adv_w = 82, .box_w = 5, .box_h = 4, .ofs_x = 0, .ofs_y = 5},
    {.bitmap_index = 196, .adv_w = 110, .box_w = 7, .box_h = 8, .ofs_x = 0, .ofs_y = 0},
    {.bitmap_index = 216, .adv_w = 51, .box_w = 3, .box_h = 2, .ofs_x = 0, .ofs_y = 4},
    {.bitmap_index = 219, .adv_w = 143, .box_w = 9, .box_h = 9, .ofs_x = 0, .ofs_y = 0},
    {.bitmap_index = 256, .adv_w = 148, .box_w = 9, .box_h = 10, .ofs_x = 0, .ofs_y = 0},
    {.bitmap_index = 300, .adv_w = 150, .box_w = 10, .box_h = 9, .ofs_x = 0, .ofs_y = 0},
    {.bitmap_index = 345, .adv_w = 141, .box_w = 10, .box_h = 12, .ofs_x = -1, .ofs_y = 0},
    {.bitmap_index = 393, .adv_w = 141, .box_w = 10, .box_h = 12, .ofs_x = -1, .ofs_y = 0},
    {.bitmap_index = 442, .adv_w = 141, .box_w = 10, .box_h = 12, .ofs_x = -1, .ofs_y = 0},
    {.bitmap_index = 492, .adv_w = 141, .box_w = 10, .box_h = 12, .ofs_x = -1, .ofs_y = 0},
    {.bitmap_index = 543, .adv_w = 141, .box_w = 10, .box_h = 12, .ofs_x = -1, .ofs_y = 0},
    {.bitmap_index = 591, .adv_w = 141, .box_w = 10, .box_h = 13, .ofs_x = -1, .ofs_y = 0},
    {.bitmap_index = 643, .adv_w = 201, .box_w = 13, .box_h = 9, .ofs_x = -1, .ofs_y = 0},
    {.bitmap_index = 690, .adv_w = 139, .box_w = 9, .box_h = 12, .ofs_x = 0, .ofs_y = -3},
    {.bitmap_index = 736, .adv_w = 129, .box_w = 7, .box_h = 12, .ofs_x = 1, .ofs_y = 0},
    {.bitmap_index = 770, .adv_w = 129, .box_w = 7, .box_h = 12, .ofs_x = 1, .ofs_y = 0},
    {.bitmap_index = 806, .adv_w = 129, .box_w = 7, .box_h = 12, .ofs_x = 1, .ofs_y = 0},
    {.bitmap_index = 842, .adv_w = 129, .box_w = 7, .box_h = 12, .ofs_x = 1, .ofs_y = 0},
    {.bitmap_index = 877, .adv_w = 60, .box_w = 4, .box_h = 12, .ofs_x = -1, .ofs_y = 0},
    {.bitmap_index = 889, .adv_w = 60, .box_w = 5, .box_h = 12, .ofs_x = 0, .ofs_y = 0},
    {.bitmap_index = 902, .adv_w = 60, .box_w = 6, .box_h = 12, .ofs_x = -1, .ofs_y = 0},
    {.bitmap_index = 916, .adv_w = 60, .box_w = 4, .box_h = 12, .ofs_x = 0, .ofs_y = 0},
    {.bitmap_index = 927, .adv_w = 160, .box_w = 10, .box_h = 9, .ofs_x = 0, .ofs_y = 0},
    {.bitmap_index = 968, .adv_w = 156, .box_w = 8, .box_h = 12, .ofs_x = 1, .ofs_y = 0},
    {.bitmap_index = 1007, .adv_w = 161, .box_w = 10, .box_h = 12, .ofs_x = 0, .ofs_y = 0},
    {.bitmap_index = 1058, .adv_w = 161, .box_w = 10, .box_h = 12, .ofs_x = 0, .ofs_y = 0},
    {.bitmap_index = 1109, .adv_w = 161, .box_w = 10, .box_h = 12, .ofs_x = 0, .ofs_y = 0},
    {.bitmap_index = 1161, .adv_w = 161, .box_w = 10, .box_h = 12, .ofs_x = 0, .ofs_y = 0},
    {.bitmap_index = 1214, .adv_w = 161, .box_w = 10, .box_h = 13, .ofs_x = 0, .ofs_y = 0},
    {.bitmap_index = 1269, .adv_w = 110, .box_w = 7, .box_h = 7, .ofs_x = 0, .ofs_y = 1},
    {.bitmap_index = 1295, .adv_w = 161, .box_w = 10, .box_h = 11, .ofs_x = 0, .ofs_y = -1},
    {.bitmap_index = 1350, .adv_w = 152, .box_w = 8, .box_h = 12, .ofs_x = 1, .ofs_y = 0},
    {.bitmap_index = 1382, .adv_w = 152, .box_w = 8, .box_h = 12, .ofs_x = 1, .ofs_y = 0},
    {.bitmap_index = 1413, .adv_w = 152, .box_w = 8, .box_h = 12, .ofs_x = 1, .ofs_y = 0},
    {.bitmap_index = 1446, .adv_w = 152, .box_w = 8, .box_h = 13, .ofs_x = 1, .ofs_y = 0},
    {.bitmap_index = 1480, .adv_w = 124, .box_w = 9, .box_h = 12, .ofs_x = -1, .ofs_y = 0},
    {.bitmap_index = 1520, .adv_w = 139, .box_w = 8, .box_h = 9, .ofs_x = 1, .ofs_y = 0},
    {.bitmap_index = 1553, .adv_w = 130, .box_w = 7, .box_h = 10, .ofs_x = 1, .ofs_y = 0},
    {.bitmap_index = 1586, .adv_w = 115, .box_w = 7, .box_h = 10, .ofs_x = 0, .ofs_y = 0},
    {.bitmap_index = 1620, .adv_w = 115, .box_w = 7, .box_h = 10, .ofs_x = 0, .ofs_y = 0},
    {.bitmap_index = 1654, .adv_w = 115, .box_w = 7, .box_h = 10, .ofs_x = 0, .ofs_y = 0},
    {.bitmap_index = 1690, .adv_w = 115, .box_w = 7, .box_h = 10, .ofs_x = 0, .ofs_y = 0},
    {.bitmap_index = 1726, .adv_w = 115, .box_w = 7, .box_h = 10, .ofs_x = 0, .ofs_y = 0},
    {.bitmap_index = 1761, .adv_w = 115, .box_w = 7, .box_h = 11, .ofs_x = 0, .ofs_y = 0},
    {.bitmap_index = 1798, .adv_w = 190, .box_w = 12, .box_h = 7, .ofs_x = 0, .ofs_y = 0},
    {.bitmap_index = 1840, .adv_w = 110, .box_w = 7, .box_h = 10, .ofs_x = 0, .ofs_y = -3},
    {.bitmap_index = 1873, .adv_w = 118, .box_w = 7, .box_h = 10, .ofs_x = 0, .ofs_y = 0},
    {.bitmap_index = 1906, .adv_w = 118, .box_w = 7, .box_h = 10, .ofs_x = 0, .ofs_y = 0},
    {.bitmap_index = 1939, .adv_w = 118, .box_w = 7, .box_h = 10, .ofs_x = 0, .ofs_y = 0},
    {.bitmap_index = 1974, .adv_w = 118, .box_w = 7, .box_h = 10, .ofs_x = 0, .ofs_y = 0},
    {.bitmap_index = 2008, .adv_w = 54, .box_w = 4, .box_h = 10, .ofs_x = -1, .ofs_y = 0},
    {.bitmap_index = 2020, .adv_w = 54, .box_w = 4, .box_h = 10, .ofs_x = 0, .ofs_y = 0},
    {.bitmap_index = 2031, .adv_w = 54, .box_w = 5, .box_h = 10, .ofs_x = -1, .ofs_y = 0},
    {.bitmap_index = 2044, .adv_w = 54, .box_w = 4, .box_h = 10, .ofs_x = 0, .ofs_y = 0},
    {.bitmap_index = 2055, .adv_w = 123, .box_w = 8, .box_h = 10, .ofs_x = 0, .ofs_y = 0},
    {.bitmap_index = 2094, .adv_w = 131, .box_w = 7, .box_h = 10, .ofs_x = 1, .ofs_y = 0},
    {.bitmap_index = 2124, .adv_w = 122, .box_w = 8, .box_h = 10, .ofs_x = 0, .ofs_y = 0},
    {.bitmap_index = 2161, .adv_w = 122, .box_w = 8, .box_h = 10, .ofs_x = 0, .ofs_y = 0},
    {.bitmap_index = 2198, .adv_w = 122, .box_w = 8, .box_h = 10, .ofs_x = 0, .ofs_y = 0},
    {.bitmap_index = 2237, .adv_w = 122, .box_w = 8, .box_h = 10, .ofs_x = 0, .ofs_y = 0},
    {.bitmap_index = 2276, .adv_w = 122, .box_w = 8, .box_h = 10, .ofs_x = 0, .ofs_y = 0},
    {.bitmap_index = 2315, .adv_w = 110, .box_w = 7, .box_h = 6, .ofs_x = 0, .ofs_y = 2},
    {.bitmap_index = 2333, .adv_w = 122, .box_w = 8, .box_h = 9, .ofs_x = 0, .ofs_y = -1},
    {.bitmap_index = 2369, .adv_w = 130, .box_w = 7, .box_h = 10, .ofs_x = 1, .ofs_y = 0},
    {.bitmap_index = 2395, .adv_w = 130, .box_w = 7, .box_h = 10, .ofs_x = 1, .ofs_y = 0},
    {.bitmap_index = 2422, .adv_w = 130, .box_w = 7, .box_h = 10, .ofs_x = 1, .ofs_y = 0},
    {.bitmap_index = 2450, .adv_w = 130, .box_w = 7, .box_h = 10, .ofs_x = 1, .ofs_y = 0},
    {.bitmap_index = 2478, .adv_w = 107, .box_w = 8, .box_h = 13, .ofs_x = -1, .ofs_y = -3},
    {.bitmap_index = 2525, .adv_w = 131, .box_w = 7, .box_h = 13, .ofs_x = 1, .ofs_y = -3},
    {.bitmap_index = 2560, .adv_w = 107, .box_w = 8, .box_h = 13, .ofs_x = -1, .ofs_y = -3},
    {.bitmap_index = 2608, .adv_w = 141, .box_w = 10, .box_h = 11, .ofs_x = -1, .ofs_y = 0},
    {.bitmap_index = 2655, .adv_w = 115, .box_w = 7, .box_h = 9, .ofs_x = 0, .ofs_y = 0},
    {.bitmap_index = 2687, .adv_w = 141, .box_w = 10, .box_h = 12, .ofs_x = -1, .ofs_y = 0},
    {.bitmap_index = 2738, .adv_w = 115, .box_w = 7, .box_h = 10, .ofs_x = 0, .ofs_y = 0},
    {.bitmap_index = 2773, .adv_w = 141, .box_w = 11, .box_h = 12, .ofs_x = -1, .ofs_y = -3},
    {.bitmap_index = 2826, .adv_w = 115, .box_w = 7, .box_h = 10, .ofs_x = 0, .ofs_y = -3},
    {.bitmap_index = 2860, .adv_w = 139, .box_w = 9, .box_h = 12, .ofs_x = 0, .ofs_y = 0},
    {.bitmap_index = 2905, .adv_w = 110, .box_w = 7, .box_h = 10, .ofs_x = 0, .ofs_y = 0},
    {.bitmap_index = 2937, .adv_w = 139, .box_w = 9, .box_h = 12, .ofs_x = 0, .ofs_y = 0},
    {.bitmap_index = 2982, .adv_w = 110, .box_w = 7, .box_h = 10, .ofs_x = 0, .ofs_y = 0},
    {.bitmap_index = 3016, .adv_w = 139, .box_w = 9, .box_h = 12, .ofs_x = 0, .ofs_y = 0},
    {.bitmap_index = 3060, .adv_w = 110, .box_w = 7, .box_h = 10, .ofs_x = 0, .ofs_y = 0},
    {.bitmap_index = 3091, .adv_w = 139, .box_w = 9, .box_h = 12, .ofs_x = 0, .ofs_y = 0},
    {.bitmap_index = 3137, .adv_w = 110, .box_w = 7, .box_h = 10, .ofs_x = 0, .ofs_y = 0},
    {.bitmap_index = 3170, .adv_w = 159, .box_w = 9, .box_h = 12, .ofs_x = 1, .ofs_y = 0},
    {.bitmap_index = 3215, .adv_w = 131, .box_w = 10, .box_h = 10, .ofs_x = 0, .ofs_y = 0},
    {.bitmap_index = 3256, .adv_w = 160, .box_w = 10, .box_h = 9, .ofs_x = 0, .ofs_y = 0},
    {.bitmap_index = 3297, .adv_w = 131, .box_w = 9, .box_h = 10, .ofs_x = 0, .ofs_y = 0},
    {.bitmap_index = 3338, .adv_w = 129, .box_w = 7, .box_h = 11, .ofs_x = 1, .ofs_y = 0},
    {.bitmap_index = 3370, .adv_w = 118, .box_w = 7, .box_h = 9, .ofs_x = 0, .ofs_y = 0},
    {.bitmap_index = 3401, .adv_w = 129, .box_w = 7, .box_h = 12, .ofs_x = 1, .ofs_y = 0},
    {.bitmap_index = 3437, .adv_w = 118, .box_w = 7, .box_h = 10, .ofs_x = 0, .ofs_y = 0},
    {.bitmap_index = 3472, .adv_w = 129, .box_w = 7, .box_h = 12, .ofs_x = 1, .ofs_y = 0},
    {.bitmap_index = 3506, .adv_w = 118, .box_w = 7, .box_h = 10, .ofs_x = 0, .ofs_y = 0},
    {.bitmap_index = 3538, .adv_w = 129, .box_w = 7, .box_h = 12, .ofs_x = 1, .ofs_y = -3},
    {.bitmap_index = 3572, .adv_w = 118, .box_w = 7, .box_h = 10, .ofs_x = 0, .ofs_y = -3},
    {.bitmap_index = 3606, .adv_w = 129, .box_w = 7, .box_h = 12, .ofs_x = 1, .ofs_y = 0},
    {.bitmap_index = 3643, .adv_w = 118, .box_w = 7, .box_h = 10, .ofs_x = 0, .ofs_y = 0},
    {.bitmap_index = 3678, .adv_w = 148, .box_w = 9, .box_h = 12, .ofs_x = 0, .ofs_y = 0},
    {.bitmap_index = 3724, .adv_w = 132, .box_w = 8, .box_h = 13, .ofs_x = 0, .ofs_y = -3},
    {.bitmap_index = 3775, .adv_w = 148, .box_w = 9, .box_h = 12, .ofs_x = 0, .ofs_y = 0},
    {.bitmap_index = 3822, .adv_w = 132, .box_w = 8, .box_h = 13, .ofs_x = 0, .ofs_y = -3},
    {.bitmap_index = 3873, .adv_w = 148, .box_w = 9, .box_h = 12, .ofs_x = 0, .ofs_y = 0},
    {.bitmap_index = 3918, .adv_w = 132, .box_w = 8, .box_h = 13, .ofs_x = 0, .ofs_y = -3},
    {.bitmap_index = 3967, .adv_w = 148, .box_w = 9, .box_h = 13, .ofs_x = 0, .ofs_y = -4},
    {.bitmap_index = 4017, .adv_w = 132, .box_w = 8, .box_h = 13, .ofs_x = 0, .ofs_y = -3},
    {.bitmap_index = 4065, .adv_w = 156, .box_w = 8, .box_h = 12, .ofs_x = 1, .ofs_y = 0},
    {.bitmap_index = 4095, .adv_w = 131, .box_w = 9, .box_h = 12, .ofs_x = -1, .ofs_y = 0},
    {.bitmap_index = 4129, .adv_w = 159, .box_w = 10, .box_h = 9, .ofs_x = 0, .ofs_y = 0},
    {.bitmap_index = 4160, .adv_w = 131, .box_w = 8, .box_h = 10, .ofs_x = 0, .ofs_y = 0},
    {.bitmap_index = 4191, .adv_w = 60, .box_w = 5, .box_h = 12, .ofs_x = -1, .ofs_y = 0},
    {.bitmap_index = 4204, .adv_w = 54, .box_w = 5, .box_h = 10, .ofs_x = -1, .ofs_y = 0},
    {.bitmap_index = 4217, .adv_w = 60, .box_w = 4, .box_h = 11, .ofs_x = 0, .ofs_y = 0},
    {.bitmap_index = 4226, .adv_w = 54, .box_w = 4, .box_h = 9, .ofs_x = 0, .ofs_y = 0},
    {.bitmap_index = 4235, .adv_w = 60, .box_w = 5, .box_h = 12, .ofs_x = -1, .ofs_y = 0},
    {.bitmap_index = 4249, .adv_w = 54, .box_w = 4, .box_h = 10, .ofs_x = 0, .ofs_y = 0},
    {.bitmap_index = 4260, .adv_w = 60, .box_w = 3, .box_h = 12, .ofs_x = 0, .ofs_y = -3},
    {.bitmap_index = 4271, .adv_w = 54, .box_w = 3, .box_h = 13, .ofs_x = 0, .ofs_y = -3},
    {.bitmap_index = 4286, .adv_w = 60, .box_w = 2, .box_h = 12, .ofs_x = 1, .ofs_y = 0},
    {.bitmap_index = 4294, .adv_w = 54, .box_w = 2, .box_h = 7, .ofs_x = 1, .ofs_y = 0},
    {.bitmap_index = 4299, .adv_w = 138, .box_w = 7, .box_h = 9, .ofs_x = 1, .ofs_y = 0},
    {.bitmap_index = 4319, .adv_w = 108, .box_w = 6, .box_h = 13, .ofs_x = 0, .ofs_y = -3},
    {.bitmap_index = 4342, .adv_w = 98, .box_w = 7, .box_h = 12, .ofs_x = -1, .ofs_y = 0},
    {.bitmap_index = 4373, .adv_w = 55, .box_w = 6, .box_h = 13, .ofs_x = -2, .ofs_y = -3},
    {.bitmap_index = 4393, .adv_w = 138, .box_w = 8, .box_h = 13, .ofs_x = 1, .ofs_y = -4},
    {.bitmap_index = 4437, .adv_w = 118, .box_w = 7, .box_h = 14, .ofs_x = 1, .ofs_y = -4},
    {.bitmap_index = 4473, .adv_w = 116, .box_w = 7, .box_h = 7, .ofs_x = 1, .ofs_y = 0},
    {.bitmap_index = 4495, .adv_w = 114, .box_w = 8, .box_h = 12, .ofs_x = 0, .ofs_y = 0},
    {.bitmap_index = 4514, .adv_w = 54, .box_w = 4, .box_h = 13, .ofs_x = 0, .ofs_y = 0},
    {.bitmap_index = 4525, .adv_w = 114, .box_w = 7, .box_h = 13, .ofs_x = 1, .ofs_y = -4},
    {.bitmap_index = 4545, .adv_w = 54, .box_w = 2, .box_h = 14, .ofs_x = 1, .ofs_y = -4},
    {.bitmap_index = 4554, .adv_w = 114, .box_w = 7, .box_h = 10, .ofs_x = 1, .ofs_y = 0},
    {.bitmap_index = 4573, .adv_w = 54, .box_w = 4, .box_h = 10, .ofs_x = 1, .ofs_y = 0},
    {.bitmap_index = 4585, .adv_w = 114, .box_w = 7, .box_h = 9, .ofs_x = 1, .ofs_y = 0},
    {.bitmap_index = 4603, .adv_w = 66, .box_w = 4, .box_h = 10, .ofs_x = 1, .ofs_y = 0},
    {.bitmap_index = 4616, .adv_w = 116, .box_w = 8, .box_h = 9, .ofs_x = 0, .ofs_y = 0},
    {.bitmap_index = 4641, .adv_w = 57, .box_w = 5, .box_h = 10, .ofs_x = -1, .ofs_y = 0},
    {.bitmap_index = 4660, .adv_w = 156, .box_w = 8, .box_h = 12, .ofs_x = 1, .ofs_y = 0},
    {.bitmap_index = 4697, .adv_w = 131, .box_w = 7, .box_h = 10, .ofs_x = 1, .ofs_y = 0},
    {.bitmap_index = 4726, .adv_w = 156, .box_w = 8, .box_h = 13, .ofs_x = 1, .ofs_y = -4},
    {.bitmap_index = 4765, .adv_w = 131, .box_w = 7, .box_h = 11, .ofs_x = 1, .ofs_y = -4},
    {.bitmap_index = 4797, .adv_w = 156, .box_w = 8, .box_h = 12, .ofs_x = 1, .ofs_y = 0},
    {.bitmap_index = 4835, .adv_w = 131, .box_w = 7, .box_h = 10, .ofs_x = 1, .ofs_y = 0},
    {.bitmap_index = 4865, .adv_w = 148, .box_w = 9, .box_h = 9, .ofs_x = 0, .ofs_y = 0},
    {.bitmap_index = 4890, .adv_w = 156, .box_w = 8, .box_h = 12, .ofs_x = 1, .ofs_y = -3},
    {.bitmap_index = 4929, .adv_w = 131, .box_w = 7, .box_h = 10, .ofs_x = 1, .ofs_y = -3},
    {.bitmap_index = 4959, .adv_w = 161, .box_w = 10, .box_h = 11, .ofs_x = 0, .ofs_y = 0},
    {.bitmap_index = 5008, .adv_w = 122, .box_w = 8, .box_h = 9, .ofs_x = 0, .ofs_y = 0},
    {.bitmap_index = 5043, .adv_w = 161, .box_w = 10, .box_h = 12, .ofs_x = 0, .ofs_y = 0},
    {.bitmap_index = 5096, .adv_w = 122, .box_w = 8, .box_h = 10, .ofs_x = 0, .ofs_y = 0},
    {.bitmap_index = 5135, .adv_w = 161, .box_w = 10, .box_h = 12, .ofs_x = 0, .ofs_y = 0},
    {.bitmap_index = 5188, .adv_w = 122, .box_w = 8, .box_h = 10, .ofs_x = 0, .ofs_y = 0},
    {.bitmap_index = 5228, .adv_w = 216, .box_w = 13, .box_h = 9, .ofs_x = 0, .ofs_y = 0},
    {.bitmap_index = 5275, .adv_w = 205, .box_w = 13, .box_h = 7, .ofs_x = 0, .ofs_y = 0},
    {.bitmap_index = 5321, .adv_w = 140, .box_w = 8, .box_h = 12, .ofs_x = 1, .ofs_y = 0},
    {.bitmap_index = 5365, .adv_w = 79, .box_w = 4, .box_h = 10, .ofs_x = 1, .ofs_y = 0},
    {.bitmap_index = 5382, .adv_w = 140, .box_w = 8, .box_h = 13, .ofs_x = 1, .ofs_y = -4},
    {.bitmap_index = 5427, .adv_w = 79, .box_w = 4, .box_h = 11, .ofs_x = 1, .ofs_y = -4},
    {.bitmap_index = 5446, .adv_w = 140, .box_w = 8, .box_h = 12, .ofs_x = 1, .ofs_y = 0},
    {.bitmap_index = 5491, .adv_w = 79, .box_w = 5, .box_h = 10, .ofs_x = 0, .ofs_y = 0},
    {.bitmap_index = 5512, .adv_w = 119, .box_w = 7, .box_h = 12, .ofs_x = 0, .ofs_y = 0},
    {.bitmap_index = 5552, .adv_w = 96, .box_w = 6, .box_h = 10, .ofs_x = 0, .ofs_y = 0},
    {.bitmap_index = 5582, .adv_w = 119, .box_w = 7, .box_h = 12, .ofs_x = 0, .ofs_y = 0},
    {.bitmap_index = 5623, .adv_w = 96, .box_w = 6, .box_h = 10, .ofs_x = 0, .ofs_y = 0},
    {.bitmap_index = 5654, .adv_w = 119, .box_w = 7, .box_h = 12, .ofs_x = 0, .ofs_y = -3},
    {.bitmap_index = 5695, .adv_w = 96, .box_w = 6, .box_h = 10, .ofs_x = 0, .ofs_y = -3},
    {.bitmap_index = 5726, .adv_w = 119, .box_w = 7, .box_h = 12, .ofs_x = 0, .ofs_y = 0},
    {.bitmap_index = 5768, .adv_w = 96, .box_w = 6, .box_h = 10, .ofs_x = 0, .ofs_y = 0},
    {.bitmap_index = 5799, .adv_w = 113, .box_w = 7, .box_h = 12, .ofs_x = 0, .ofs_y = -3},
    {.bitmap_index = 5819, .adv_w = 79, .box_w = 5, .box_h = 12, .ofs_x = 0, .ofs_y = -3},
    {.bitmap_index = 5845, .adv_w = 113, .box_w = 7, .box_h = 12, .ofs_x = 0, .ofs_y = 0},
    {.bitmap_index = 5868, .adv_w = 79, .box_w = 5, .box_h = 10, .ofs_x = 0, .ofs_y = 0},
    {.bitmap_index = 5888, .adv_w = 113, .box_w = 7, .box_h = 9, .ofs_x = 0, .ofs_y = 0},
    {.bitmap_index = 5912, .adv_w = 81, .box_w = 5, .box_h = 9, .ofs_x = 0, .ofs_y = 0},
    {.bitmap_index = 5934, .adv_w = 152, .box_w = 8, .box_h = 12, .ofs_x = 1, .ofs_y = 0},
    {.bitmap_index = 5968, .adv_w = 130, .box_w = 7, .box_h = 10, .ofs_x = 1, .ofs_y = 0},
    {.bitmap_index = 5996, .adv_w = 152, .box_w = 8, .box_h = 11, .ofs_x = 1, .ofs_y = 0},
    {.bitmap_index = 6026, .adv_w = 130, .box_w = 7, .box_h = 9, .ofs_x = 1, .ofs_y = 0},
    {.bitmap_index = 6050, .adv_w = 152, .box_w = 8, .box_h = 12, .ofs_x = 1, .ofs_y = 0},
    {.bitmap_index = 6083, .adv_w = 130, .box_w = 7, .box_h = 10, .ofs_x = 1, .ofs_y = 0},
    {.bitmap_index = 6111, .adv_w = 152, .box_w = 8, .box_h = 13, .ofs_x = 1, .ofs_y = 0},
    {.bitmap_index = 6146, .adv_w = 130, .box_w = 7, .box_h = 11, .ofs_x = 1, .ofs_y = 0},
    {.bitmap_index = 6176, .adv_w = 152, .box_w = 8, .box_h = 12, .ofs_x = 1, .ofs_y = 0},
    {.bitmap_index = 6210, .adv_w = 130, .box_w = 7, .box_h = 10, .ofs_x = 1, .ofs_y = 0},
    {.bitmap_index = 6239, .adv_w = 152, .box_w = 8, .box_h = 12, .ofs_x = 1, .ofs_y = -3},
    {.bitmap_index = 6271, .adv_w = 130, .box_w = 7, .box_h = 10, .ofs_x = 1, .ofs_y = -3},
    {.bitmap_index = 6298, .adv_w = 216, .box_w = 14, .box_h = 12, .ofs_x = 0, .ofs_y = 0},
    {.bitmap_index = 6372, .adv_w = 173, .box_w = 11, .box_h = 10, .ofs_x = 0, .ofs_y = 0},
    {.bitmap_index = 6425, .adv_w = 124, .box_w = 9, .box_h = 12, .ofs_x = -1, .ofs_y = 0},
    {.bitmap_index = 6466, .adv_w = 107, .box_w = 8, .box_h = 13, .ofs_x = -1, .ofs_y = -3},
    {.bitmap_index = 6514, .adv_w = 124, .box_w = 9, .box_h = 12, .ofs_x = -1, .ofs_y = 0},
    {.bitmap_index = 6554, .adv_w = 126, .box_w = 8, .box_h = 12, .ofs_x = 0, .ofs_y = 0},
    {.bitmap_index = 6594, .adv_w = 100, .box_w = 6, .box_h = 10, .ofs_x = 0, .ofs_y = 0},
    {.bitmap_index = 6624, .adv_w = 126, .box_w = 8, .box_h = 12, .ofs_x = 0, .ofs_y = 0},
    {.bitmap_index = 6663, .adv_w = 100, .box_w = 6, .box_h = 10, .ofs_x = 0, .ofs_y = 0},
    {.bitmap_index = 6692, .adv_w = 126, .box_w = 8, .box_h = 12, .ofs_x = 0, .ofs_y = 0},
    {.bitmap_index = 6733, .adv_w = 100, .box_w = 6, .box_h = 10, .ofs_x = 0, .ofs_y = 0},
    {.bitmap_index = 6763, .adv_w = 59, .box_w = 5, .box_h = 10, .ofs_x = 0, .ofs_y = 0},
    {.bitmap_index = 6777, .adv_w = 85, .box_w = 4, .box_h = 9, .ofs_x = 1, .ofs_y = 0},
    {.bitmap_index = 6788, .adv_w = 72, .box_w = 4, .box_h = 7, .ofs_x = 1, .ofs_y = 0},
    {.bitmap_index = 6797, .adv_w = 126, .box_w = 8, .box_h = 9, .ofs_x = 0, .ofs_y = 0},
    {.bitmap_index = 6815, .adv_w = 126, .box_w = 6, .box_h = 10, .ofs_x = 1, .ofs_y = 0},
    {.bitmap_index = 6831, .adv_w = 32, .box_w = 3, .box_h = 3, .ofs_x = 0, .ofs_y = 7},
    {.bitmap_index = 6836, .adv_w = 32, .box_w = 3, .box_h = 3, .ofs_x = -1, .ofs_y = -2},
    {.bitmap_index = 6841, .adv_w = 147, .box_w = 8, .box_h = 9, .ofs_x = 1, .ofs_y = 0},
    {.bitmap_index = 6870, .adv_w = 123, .box_w = 6, .box_h = 7, .ofs_x = 1, .ofs_y = 0},
    {.bitmap_index = 6889, .adv_w = 47, .box_w = 3, .box_h = 3, .ofs_x = 0, .ofs_y = -3},
    {.bitmap_index = 6894, .adv_w = 92, .box_w = 6, .box_h = 7, .ofs_x = 0, .ofs_y = 0},
    {.bitmap_index = 6915, .adv_w = 92, .box_w = 6, .box_h = 7, .ofs_x = 0, .ofs_y = 0},
    {.bitmap_index = 6937, .adv_w = 92, .box_w = 6, .box_h = 7, .ofs_x = 0, .ofs_y = 0},
    {.bitmap_index = 6959, .adv_w = 51, .box_w = 3, .box_h = 9, .ofs_x = 0, .ofs_y = -2},
    {.bitmap_index = 6971, .adv_w = 52, .box_w = 4, .box_h = 12, .ofs_x = -1, .ofs_y = -3},
    {.bitmap_index = 6983, .adv_w = 45, .box_w = 3, .box_h = 3, .ofs_x = 0, .ofs_y = 8},
    {.bitmap_index = 6988, .adv_w = 124, .box_w = 5, .box_h = 3, .ofs_x = 1, .ofs_y = 8},
    {.bitmap_index = 6996, .adv_w = 136, .box_w = 9, .box_h = 9, .ofs_x = 0, .ofs_y = 0},
    {.bitmap_index = 7036, .adv_w = 51, .box_w = 3, .box_h = 2, .ofs_x = 0, .ofs_y = 5},
    {.bitmap_index = 7039, .adv_w = 138, .box_w = 8, .box_h = 9, .ofs_x = 0, .ofs_y = 0},
    {.bitmap_index = 7064, .adv_w = 174, .box_w = 10, .box_h = 9, .ofs_x = 0, .ofs_y = 0},
    {.bitmap_index = 7091, .adv_w = 100, .box_w = 6, .box_h = 9, .ofs_x = 0, .ofs_y = 0},
    {.bitmap_index = 7106, .adv_w = 172, .box_w = 11, .box_h = 9, .ofs_x = 0, .ofs_y = 0},
    {.bitmap_index = 7153, .adv_w = 150, .box_w = 10, .box_h = 9, .ofs_x = 0, .ofs_y = 0},
    {.bitmap_index = 7186, .adv_w = 161, .box_w = 10, .box_h = 9, .ofs_x = 0, .ofs_y = 0},
    {.bitmap_index = 7229, .adv_w = 64, .box_w = 6, .box_h = 10, .ofs_x = -1, .ofs_y = 0},
    {.bitmap_index = 7248, .adv_w = 123, .box_w = 8, .box_h = 9, .ofs_x = 0, .ofs_y = 0},
    {.bitmap_index = 7281, .adv_w = 125, .box_w = 7, .box_h = 9, .ofs_x = 1, .ofs_y = 0},
    {.bitmap_index = 7311, .adv_w = 96, .box_w = 5, .box_h = 9, .ofs_x = 1, .ofs_y = 0},
    {.bitmap_index = 7319, .adv_w = 123, .box_w = 8, .box_h = 9, .ofs_x = 0, .ofs_y = 0},
    {.bitmap_index = 7352, .adv_w = 107, .box_w = 5, .box_h = 9, .ofs_x = 1, .ofs_y = 0},
    {.bitmap_index = 7368, .adv_w = 110, .box_w = 7, .box_h = 9, .ofs_x = 0, .ofs_y = 0},
    {.bitmap_index = 7396, .adv_w = 142, .box_w = 7, .box_h = 9, .ofs_x = 1, .ofs_y = 0},
    {.bitmap_index = 7415, .adv_w = 150, .box_w = 9, .box_h = 9, .ofs_x = 0, .ofs_y = 0},
    {.bitmap_index = 7454, .adv_w = 65, .box_w = 4, .box_h = 9, .ofs_x = 0, .ofs_y = 0},
    {.bitmap_index = 7464, .adv_w = 119, .box_w = 7, .box_h = 9, .ofs_x = 1, .ofs_y = 0},
    {.bitmap_index = 7492, .adv_w = 117, .box_w = 8, .box_h = 9, .ofs_x = 0, .ofs_y = 0},
    {.bitmap_index = 7525, .adv_w = 174, .box_w = 9, .box_h = 9, .ofs_x = 1, .ofs_y = 0},
    {.bitmap_index = 7562, .adv_w = 146, .box_w = 7, .box_h = 9, .ofs_x = 1, .ofs_y = 0},
    {.bitmap_index = 7587, .adv_w = 120, .box_w = 7, .box_h = 9, .ofs_x = 0, .ofs_y = 0},
    {.bitmap_index = 7607, .adv_w = 150, .box_w = 9, .box_h = 9, .ofs_x = 0, .ofs_y = 0},
    {.bitmap_index = 7644, .adv_w = 140, .box_w = 7, .box_h = 9, .ofs_x = 1, .ofs_y = 0},
    {.bitmap_index = 7653, .adv_w = 116, .box_w = 6, .box_h = 9, .ofs_x = 1, .ofs_y = 0},
    {.bitmap_index = 7674, .adv_w = 110, .box_w = 7, .box_h = 9, .ofs_x = 0, .ofs_y = 0},
    {.bitmap_index = 7702, .adv_w = 107, .box_w = 7, .box_h = 9, .ofs_x = 0, .ofs_y = 0},
    {.bitmap_index = 7712, .adv_w = 109, .box_w = 7, .box_h = 9, .ofs_x = 0, .ofs_y = 0},
    {.bitmap_index = 7737, .adv_w = 162, .box_w = 10, .box_h = 9, .ofs_x = 0, .ofs_y = 0},
    {.bitmap_index = 7779, .adv_w = 113, .box_w = 7, .box_h = 9, .ofs_x = 0, .ofs_y = 0},
    {.bitmap_index = 7810, .adv_w = 158, .box_w = 8, .box_h = 9, .ofs_x = 1, .ofs_y = 0},
    {.bitmap_index = 7836, .adv_w = 138, .box_w = 9, .box_h = 9, .ofs_x = 0, .ofs_y = 0},
    {.bitmap_index = 7875, .adv_w = 65, .box_w = 4, .box_h = 13, .ofs_x = 0, .ofs_y = 0},
    {.bitmap_index = 7892, .adv_w = 109, .box_w = 7, .box_h = 13, .ofs_x = 0, .ofs_y = 0},
    {.bitmap_index = 7928, .adv_w = 120, .box_w = 8, .box_h = 10, .ofs_x = 0, .ofs_y = 0},
    {.bitmap_index = 7965, .adv_w = 90, .box_w = 6, .box_h = 10, .ofs_x = 0, .ofs_y = 0},
    {.bitmap_index = 7994, .adv_w = 117, .box_w = 6, .box_h = 13, .ofs_x = 1, .ofs_y = -3},
    {.bitmap_index = 8022, .adv_w = 64, .box_w = 4, .box_h = 10, .ofs_x = 0, .ofs_y = 0},
    {.bitmap_index = 8036, .adv_w = 115, .box_w = 7, .box_h = 10, .ofs_x = 0, .ofs_y = 0},
    {.bitmap_index = 8067, .adv_w = 120, .box_w = 8, .box_h = 7, .ofs_x = 0, .ofs_y = 0},
    {.bitmap_index = 8096, .adv_w = 118, .box_w = 6, .box_h = 13, .ofs_x = 1, .ofs_y = -3},
    {.bitmap_index = 8132, .adv_w = 99, .box_w = 6, .box_h = 10, .ofs_x = 0, .ofs_y = -3},
    {.bitmap_index = 8160, .adv_w = 113, .box_w = 7, .box_h = 10, .ofs_x = 0, .ofs_y = 0},
    {.bitmap_index = 8195, .adv_w = 90, .box_w = 6, .box_h = 7, .ofs_x = 0, .ofs_y = 0},
    {.bitmap_index = 8217, .adv_w = 88, .box_w = 6, .box_h = 13, .ofs_x = 0, .ofs_y = -3},
    {.bitmap_index = 8253, .adv_w = 117, .box_w = 6, .box_h = 10, .ofs_x = 1, .ofs_y = -3},
    {.bitmap_index = 8273, .adv_w = 114, .box_w = 7, .box_h = 10, .ofs_x = 0, .ofs_y = 0},
    {.bitmap_index = 8308, .adv_w = 64, .box_w = 4, .box_h = 7, .ofs_x = 0, .ofs_y = 0},
    {.bitmap_index = 8316, .adv_w = 103, .box_w = 6, .box_h = 7, .ofs_x = 1, .ofs_y = 0},
    {.bitmap_index = 8337, .adv_w = 100, .box_w = 7, .box_h = 10, .ofs_x = 0, .ofs_y = 0},
    {.bitmap_index = 8369, .adv_w = 120, .box_w = 7, .box_h = 10, .ofs_x = 1, .ofs_y = -3},
    {.bitmap_index = 8391, .adv_w = 99, .box_w = 6, .box_h = 7, .ofs_x = 0, .ofs_y = 0},
    {.bitmap_index = 8412, .adv_w = 94, .box_w = 6, .box_h = 13, .ofs_x = 0, .ofs_y = -3},
    {.bitmap_index = 8447, .adv_w = 116, .box_w = 7, .box_h = 7, .ofs_x = 0, .ofs_y = 0},
    {.bitmap_index = 8472, .adv_w = 125, .box_w = 8, .box_h = 7, .ofs_x = 0, .ofs_y = 0},
    {.bitmap_index = 8486, .adv_w = 115, .box_w = 7, .box_h = 10, .ofs_x = 0, .ofs_y = -3},
    {.bitmap_index = 8516, .adv_w = 94, .box_w = 6, .box_h = 10, .ofs_x = 0, .ofs_y = -3},
    {.bitmap_index = 8544, .adv_w = 118, .box_w = 7, .box_h = 7, .ofs_x = 0, .ofs_y = 0},
    {.bitmap_index = 8569, .adv_w = 94, .box_w = 6, .box_h = 7, .ofs_x = 0, .ofs_y = 0},
    {.bitmap_index = 8584, .adv_w = 115, .box_w = 7, .box_h = 7, .ofs_x = 0, .ofs_y = 0},
    {.bitmap_index = 8605, .adv_w = 139, .box_w = 9, .box_h = 13, .ofs_x = 0, .ofs_y = -3},
    {.bitmap_index = 8649, .adv_w = 114, .box_w = 8, .box_h = 10, .ofs_x = 0, .ofs_y = -3},
    {.bitmap_index = 8687, .adv_w = 144, .box_w = 9, .box_h = 13, .ofs_x = 0, .ofs_y = -3},
    {.bitmap_index = 8724, .adv_w = 153, .box_w = 9, .box_h = 7, .ofs_x = 0, .ofs_y = 0},
    {.bitmap_index = 8755, .adv_w = 64, .box_w = 5, .box_h = 9, .ofs_x = -1, .ofs_y = 0},
    {.bitmap_index = 8769, .adv_w = 115, .box_w = 7, .box_h = 9, .ofs_x = 0, .ofs_y = 0},
    {.bitmap_index = 8796, .adv_w = 116, .box_w = 7, .box_h = 10, .ofs_x = 0, .ofs_y = 0},
    {.bitmap_index = 8830, .adv_w = 115, .box_w = 7, .box_h = 10, .ofs_x = 0, .ofs_y = 0},
    {.bitmap_index = 8859, .adv_w = 153, .box_w = 9, .box_h = 10, .ofs_x = 0, .ofs_y = 0},
    {.bitmap_index = 8900, .adv_w = 119, .box_w = 7, .box_h = 12, .ofs_x = 1, .ofs_y = -3},
    {.bitmap_index = 8939, .adv_w = 123, .box_w = 7, .box_h = 10, .ofs_x = 1, .ofs_y = 0},
    {.bitmap_index = 8974, .adv_w = 120, .box_w = 8, .box_h = 10, .ofs_x = 0, .ofs_y = 0},
    {.bitmap_index = 9015, .adv_w = 114, .box_w = 7, .box_h = 9, .ofs_x = 0, .ofs_y = 0},
    {.bitmap_index = 9040, .adv_w = 154, .box_w = 10, .box_h = 9, .ofs_x = 0, .ofs_y = 0},
    {.bitmap_index = 9073, .adv_w = 114, .box_w = 7, .box_h = 13, .ofs_x = 0, .ofs_y = 0},
    {.bitmap_index = 9109, .adv_w = 139, .box_w = 9, .box_h = 13, .ofs_x = 0, .ofs_y = -3},
    {.bitmap_index = 9153, .adv_w = 165, .box_w = 11, .box_h = 7, .ofs_x = 0, .ofs_y = 0},
    {.bitmap_index = 9190, .adv_w = 103, .box_w = 6, .box_h = 10, .ofs_x = 1, .ofs_y = -3},
    {.bitmap_index = 9220, .adv_w = 146, .box_w = 9, .box_h = 9, .ofs_x = 0, .ofs_y = 0},
    {.bitmap_index = 9258, .adv_w = 116, .box_w = 7, .box_h = 10, .ofs_x = 0, .ofs_y = -3},
    {.bitmap_index = 9289, .adv_w = 121, .box_w = 8, .box_h = 9, .ofs_x = 0, .ofs_y = 0},
    {.bitmap_index = 9320, .adv_w = 92, .box_w = 6, .box_h = 10, .ofs_x = 0, .ofs_y = -3},
    {.bitmap_index = 9349, .adv_w = 98, .box_w = 5, .box_h = 9, .ofs_x = 1, .ofs_y = 0},
    {.bitmap_index = 9368, .adv_w = 99, .box_w = 5, .box_h = 10, .ofs_x = 1, .ofs_y = -3},
    {.bitmap_index = 9386, .adv_w = 95, .box_w = 7, .box_h = 9, .ofs_x = -1, .ofs_y = 0},
    {.bitmap_index = 9413, .adv_w = 107, .box_w = 7, .box_h = 13, .ofs_x = 0, .ofs_y = -3},
    {.bitmap_index = 9452, .adv_w = 114, .box_w = 8, .box_h = 9, .ofs_x = -1, .ofs_y = 0},
    {.bitmap_index = 9486, .adv_w = 100, .box_w = 8, .box_h = 13, .ofs_x = -2, .ofs_y = -3},
    {.bitmap_index = 9529, .adv_w = 131, .box_w = 8, .box_h = 7, .ofs_x = 0, .ofs_y = 0},
    {.bitmap_index = 9557, .adv_w = 115, .box_w = 7, .box_h = 10, .ofs_x = 0, .ofs_y = -3},
    {.bitmap_index = 9592, .adv_w = 92, .box_w = 6, .box_h = 7, .ofs_x = 0, .ofs_y = 0},
    {.bitmap_index = 9613, .adv_w = 50, .box_w = 4, .box_h = 12, .ofs_x = -1, .ofs_y = -3},
    {.bitmap_index = 9626, .adv_w = 150, .box_w = 9, .box_h = 9, .ofs_x = 0, .ofs_y = 0},
    {.bitmap_index = 9664, .adv_w = 95, .box_w = 6, .box_h = 7, .ofs_x = 0, .ofs_y = 0},
    {.bitmap_index = 9686, .adv_w = 95, .box_w = 6, .box_h = 7, .ofs_x = 0, .ofs_y = 0},
    {.bitmap_index = 9708, .adv_w = 116, .box_w = 6, .box_h = 9, .ofs_x = 1, .ofs_y = 0},
    {.bitmap_index = 9730, .adv_w = 118, .box_w = 6, .box_h = 13, .ofs_x = 1, .ofs_y = -3},
    {.bitmap_index = 9761, .adv_w = 121, .box_w = 8, .box_h = 9, .ofs_x = 0, .ofs_y = 0},
    {.bitmap_index = 9794, .adv_w = 174, .box_w = 9, .box_h = 9, .ofs_x = 1, .ofs_y = 0},
    {.bitmap_index = 9824, .adv_w = 139, .box_w = 7, .box_h = 10, .ofs_x = 1, .ofs_y = -3},
    {.bitmap_index = 9850, .adv_w = 116, .box_w = 7, .box_h = 10, .ofs_x = 0, .ofs_y = -3},
    {.bitmap_index = 9885, .adv_w = 121, .box_w = 7, .box_h = 9, .ofs_x = 0, .ofs_y = 0},
    {.bitmap_index = 9913, .adv_w = 121, .box_w = 8, .box_h = 9, .ofs_x = 0, .ofs_y = 0},
    {.bitmap_index = 9950, .adv_w = 121, .box_w = 7, .box_h = 9, .ofs_x = 0, .ofs_y = 0},
    {.bitmap_index = 9981, .adv_w = 128, .box_w = 7, .box_h = 12, .ofs_x = 1, .ofs_y = 0},
    {.bitmap_index = 10015, .adv_w = 128, .box_w = 7, .box_h = 12, .ofs_x = 1, .ofs_y = 0},
    {.bitmap_index = 10050, .adv_w = 160, .box_w = 10, .box_h = 9, .ofs_x = 0, .ofs_y = 0},
    {.bitmap_index = 10085, .adv_w = 111, .box_w = 6, .box_h = 12, .ofs_x = 1, .ofs_y = 0},
    {.bitmap_index = 10104, .adv_w = 136, .box_w = 9, .box_h = 9, .ofs_x = 0, .ofs_y = 0},
    {.bitmap_index = 10143, .adv_w = 122, .box_w = 8, .box_h = 9, .ofs_x = 0, .ofs_y = 0},
    {.bitmap_index = 10177, .adv_w = 61, .box_w = 2, .box_h = 9, .ofs_x = 1, .ofs_y = 0},
    {.bitmap_index = 10182, .adv_w = 60, .box_w = 4, .box_h = 12, .ofs_x = 0, .ofs_y = 0},
    {.bitmap_index = 10193, .adv_w = 104, .box_w = 6, .box_h = 9, .ofs_x = 0, .ofs_y = 0},
    {.bitmap_index = 10211, .adv_w = 228, .box_w = 14, .box_h = 9, .ofs_x = 0, .ofs_y = 0},
    {.bitmap_index = 10258, .adv_w = 227, .box_w = 13, .box_h = 9, .ofs_x = 1, .ofs_y = 0},
    {.bitmap_index = 10292, .adv_w = 162, .box_w = 10, .box_h = 9, .ofs_x = 0, .ofs_y = 0},
    {.bitmap_index = 10324, .adv_w = 137, .box_w = 8, .box_h = 12, .ofs_x = 1, .ofs_y = 0},
    {.bitmap_index = 10364, .adv_w = 158, .box_w = 8, .box_h = 12, .ofs_x = 1, .ofs_y = 0},
    {.bitmap_index = 10402, .adv_w = 133, .box_w = 9, .box_h = 12, .ofs_x = 0, .ofs_y = 0},
    {.bitmap_index = 10450, .adv_w = 155, .box_w = 8, .box_h = 11, .ofs_x = 1, .ofs_y = -2},
    {.bitmap_index = 10469, .adv_w = 146, .box_w = 9, .box_h = 9, .ofs_x = 0, .ofs_y = 0},
    {.bitmap_index = 10506, .adv_w = 140, .box_w = 8, .box_h = 9, .ofs_x = 1, .ofs_y = 0},
    {.bitmap_index = 10537, .adv_w = 143, .box_w = 8, .box_h = 9, .ofs_x = 1, .ofs_y = 0},
    {.bitmap_index = 10570, .adv_w = 111, .box_w = 6, .box_h = 9, .ofs_x = 1, .ofs_y = 0},
    {.bitmap_index = 10581, .adv_w = 154, .box_w = 10, .box_h = 11, .ofs_x = 0, .ofs_y = -2},
    {.bitmap_index = 10619, .adv_w = 128, .box_w = 7, .box_h = 9, .ofs_x = 1, .ofs_y = 0},
    {.bitmap_index = 10645, .adv_w = 198, .box_w = 13, .box_h = 9, .ofs_x = 0, .ofs_y = 0},
    {.bitmap_index = 10697, .adv_w = 123, .box_w = 8, .box_h = 9, .ofs_x = 0, .ofs_y = 0},
    {.bitmap_index = 10732, .adv_w = 158, .box_w = 8, .box_h = 9, .ofs_x = 1, .ofs_y = 0},
    {.bitmap_index = 10760, .adv_w = 158, .box_w = 8, .box_h = 12, .ofs_x = 1, .ofs_y = 0},
    {.bitmap_index = 10799, .adv_w = 137, .box_w = 8, .box_h = 9, .ofs_x = 1, .ofs_y = 0},
    {.bitmap_index = 10829, .adv_w = 152, .box_w = 9, .box_h = 9, .ofs_x = 0, .ofs_y = 0},
    {.bitmap_index = 10858, .adv_w = 185, .box_w = 10, .box_h = 9, .ofs_x = 1, .ofs_y = 0},
    {.bitmap_index = 10895, .adv_w = 157, .box_w = 8, .box_h = 9, .ofs_x = 1, .ofs_y = 0},
    {.bitmap_index = 10914, .adv_w = 163, .box_w = 10, .box_h = 9, .ofs_x = 0, .ofs_y = 0},
    {.bitmap_index = 10956, .adv_w = 158, .box_w = 8, .box_h = 9, .ofs_x = 1, .ofs_y = 0},
    {.bitmap_index = 10968, .adv_w = 137, .box_w = 8, .box_h = 9, .ofs_x = 1, .ofs_y = 0},
    {.bitmap_index = 10999, .adv_w = 138, .box_w = 9, .box_h = 9, .ofs_x = 0, .ofs_y = 0},
    {.bitmap_index = 11034, .adv_w = 116, .box_w = 8, .box_h = 9, .ofs_x = 0, .ofs_y = 0},
    {.bitmap_index = 11048, .adv_w = 133, .box_w = 9, .box_h = 9, .ofs_x = 0, .ofs_y = 0},
    {.bitmap_index = 11084, .adv_w = 178, .box_w = 11, .box_h = 10, .ofs_x = 0, .ofs_y = 0},
    {.bitmap_index = 11131, .adv_w = 128, .box_w = 8, .box_h = 9, .ofs_x = 0, .ofs_y = 0},
    {.bitmap_index = 11167, .adv_w = 159, .box_w = 9, .box_h = 11, .ofs_x = 1, .ofs_y = -2},
    {.bitmap_index = 11186, .adv_w = 141, .box_w = 8, .box_h = 9, .ofs_x = 0, .ofs_y = 0},
    {.bitmap_index = 11212, .adv_w = 210, .box_w = 11, .box_h = 9, .ofs_x = 1, .ofs_y = 0},
    {.bitmap_index = 11231, .adv_w = 215, .box_w = 13, .box_h = 11, .ofs_x = 1, .ofs_y = -2},
    {.bitmap_index = 11259, .adv_w = 159, .box_w = 10, .box_h = 9, .ofs_x = 0, .ofs_y = 0},
    {.bitmap_index = 11293, .adv_w = 191, .box_w = 10, .box_h = 9, .ofs_x = 1, .ofs_y = 0},
    {.bitmap_index = 11322, .adv_w = 137, .box_w = 8, .box_h = 9, .ofs_x = 1, .ofs_y = 0},
    {.bitmap_index = 11347, .adv_w = 136, .box_w = 8, .box_h = 9, .ofs_x = 0, .ofs_y = 0},
    {.bitmap_index = 11382, .adv_w = 211, .box_w = 12, .box_h = 9, .ofs_x = 1, .ofs_y = 0},
    {.bitmap_index = 11430, .adv_w = 140, .box_w = 8, .box_h = 9, .ofs_x = 0, .ofs_y = 0},
    {.bitmap_index = 11461, .adv_w = 113, .box_w = 7, .box_h = 7, .ofs_x = 0, .ofs_y = 0},
    {.bitmap_index = 11487, .adv_w = 127, .box_w = 8, .box_h = 11, .ofs_x = 0, .ofs_y = 0},
    {.bitmap_index = 11530, .adv_w = 118, .box_w = 6, .box_h = 7, .ofs_x = 1, .ofs_y = 0},
    {.bitmap_index = 11549, .adv_w = 94, .box_w = 5, .box_h = 7, .ofs_x = 1, .ofs_y = 0},
    {.bitmap_index = 11559, .adv_w = 127, .box_w = 8, .box_h = 9, .ofs_x = 0, .ofs_y = -2},
    {.bitmap_index = 11590, .adv_w = 121, .box_w = 7, .box_h = 7, .ofs_x = 0, .ofs_y = 0},
    {.bitmap_index = 11614, .adv_w = 163, .box_w = 11, .box_h = 7, .ofs_x = 0, .ofs_y = 0},
    {.bitmap_index = 11651, .adv_w = 104, .box_w = 6, .box_h = 7, .ofs_x = 0, .ofs_y = 0},
    {.bitmap_index = 11673, .adv_w = 133, .box_w = 7, .box_h = 7, .ofs_x = 1, .ofs_y = 0},
    {.bitmap_index = 11694, .adv_w = 133, .box_w = 7, .box_h = 10, .ofs_x = 1, .ofs_y = 0},
    {.bitmap_index = 11725, .adv_w = 115, .box_w = 7, .box_h = 7, .ofs_x = 1, .ofs_y = 0},
    {.bitmap_index = 11748, .adv_w = 123, .box_w = 7, .box_h = 7, .ofs_x = 0, .ofs_y = 0},
    {.bitmap_index = 11769, .adv_w = 153, .box_w = 8, .box_h = 7, .ofs_x = 1, .ofs_y = 0},
    {.bitmap_index = 11795, .adv_w = 131, .box_w = 7, .box_h = 7, .ofs_x = 1, .ofs_y = 0},
    {.bitmap_index = 11812, .adv_w = 123, .box_w = 8, .box_h = 7, .ofs_x = 0, .ofs_y = 0},
    {.bitmap_index = 11840, .adv_w = 130, .box_w = 7, .box_h = 7, .ofs_x = 1, .ofs_y = 0},
    {.bitmap_index = 11851, .adv_w = 132, .box_w = 7, .box_h = 10, .ofs_x = 1, .ofs_y = -3},
    {.bitmap_index = 11882, .adv_w = 110, .box_w = 7, .box_h = 7, .ofs_x = 0, .ofs_y = 0},
    {.bitmap_index = 11905, .adv_w = 95, .box_w = 6, .box_h = 7, .ofs_x = 0, .ofs_y = 0},
    {.bitmap_index = 11917, .adv_w = 110, .box_w = 8, .box_h = 10, .ofs_x = -1, .ofs_y = -3},
    {.bitmap_index = 11954, .adv_w = 155, .box_w = 10, .box_h = 12, .ofs_x = 0, .ofs_y = -3},
    {.bitmap_index = 12000, .adv_w = 104, .box_w = 7, .box_h = 7, .ofs_x = 0, .ofs_y = 0},
    {.bitmap_index = 12025, .adv_w = 132, .box_w = 7, .box_h = 9, .ofs_x = 1, .ofs_y = -2},
    {.bitmap_index = 12043, .adv_w = 117, .box_w = 7, .box_h = 7, .ofs_x = 0, .ofs_y = 0},
    {.bitmap_index = 12062, .adv_w = 181, .box_w = 10, .box_h = 7, .ofs_x = 1, .ofs_y = 0},
    {.bitmap_index = 12080, .adv_w = 181, .box_w = 11, .box_h = 9, .ofs_x = 1, .ofs_y = -2},
    {.bitmap_index = 12105, .adv_w = 123, .box_w = 8, .box_h = 7, .ofs_x = 0, .ofs_y = 0},
    {.bitmap_index = 12129, .adv_w = 155, .box_w = 8, .box_h = 7, .ofs_x = 1, .ofs_y = 0},
    {.bitmap_index = 12152, .adv_w = 110, .box_w = 6, .box_h = 7, .ofs_x = 1, .ofs_y = 0},
    {.bitmap_index = 12170, .adv_w = 110, .box_w = 7, .box_h = 7, .ofs_x = 0, .ofs_y = 0},
    {.bitmap_index = 12195, .adv_w = 168, .box_w = 9, .box_h = 7, .ofs_x = 1, .ofs_y = 0},
    {.bitmap_index = 12226, .adv_w = 118, .box_w = 7, .box_h = 7, .ofs_x = 0, .ofs_y = 0},
    {.bitmap_index = 12250, .adv_w = 121, .box_w = 7, .box_h = 10, .ofs_x = 0, .ofs_y = 0},
    {.bitmap_index = 12283, .adv_w = 121, .box_w = 7, .box_h = 9, .ofs_x = 0, .ofs_y = 0},
    {.bitmap_index = 12315, .adv_w = 130, .box_w = 9, .box_h = 13, .ofs_x = -1, .ofs_y = -3},
    {.bitmap_index = 12355, .adv_w = 94, .box_w = 5, .box_h = 10, .ofs_x = 1, .ofs_y = 0},
    {.bitmap_index = 12373, .adv_w = 111, .box_w = 7, .box_h = 7, .ofs_x = 0, .ofs_y = 0},
    {.bitmap_index = 12399, .adv_w = 103, .box_w = 6, .box_h = 7, .ofs_x = 0, .ofs_y = 0},
    {.bitmap_index = 12421, .adv_w = 54, .box_w = 3, .box_h = 10, .ofs_x = 0, .ofs_y = 0},
    {.bitmap_index = 12431, .adv_w = 54, .box_w = 4, .box_h = 9, .ofs_x = 0, .ofs_y = 0},
    {.bitmap_index = 12440, .adv_w = 55, .box_w = 5, .box_h = 13, .ofs_x = -2, .ofs_y = -3},
    {.bitmap_index = 12457, .adv_w = 179, .box_w = 11, .box_h = 7, .ofs_x = 0, .ofs_y = 0},
    {.bitmap_index = 12489, .adv_w = 183, .box_w = 11, .box_h = 7, .ofs_x = 1, .ofs_y = 0},
    {.bitmap_index = 12516, .adv_w = 129, .box_w = 9, .box_h = 10, .ofs_x = -1, .ofs_y = 0},
    {.bitmap_index = 12548, .adv_w = 115, .box_w = 7, .box_h = 10, .ofs_x = 1, .ofs_y = 0},
    {.bitmap_index = 12580, .adv_w = 133, .box_w = 7, .box_h = 10, .ofs_x = 1, .ofs_y = 0},
    {.bitmap_index = 12610, .adv_w = 110, .box_w = 8, .box_h = 13, .ofs_x = -1, .ofs_y = -3},
    {.bitmap_index = 12658, .adv_w = 124, .box_w = 6, .box_h = 9, .ofs_x = 1, .ofs_y = -2},
    {.bitmap_index = 12676, .adv_w = 156, .box_w = 10, .box_h = 10, .ofs_x = 0, .ofs_y = 0},
    {.bitmap_index = 12715, .adv_w = 118, .box_w = 7, .box_h = 10, .ofs_x = 0, .ofs_y = 0},
    {.bitmap_index = 12745, .adv_w = 173, .box_w = 11, .box_h = 9, .ofs_x = 0, .ofs_y = 0},
    {.bitmap_index = 12790, .adv_w = 135, .box_w = 9, .box_h = 7, .ofs_x = 0, .ofs_y = 0},
    {.bitmap_index = 12821, .adv_w = 163, .box_w = 10, .box_h = 9, .ofs_x = 0, .ofs_y = 0},
    {.bitmap_index = 12863, .adv_w = 125, .box_w = 8, .box_h = 7, .ofs_x = 0, .ofs_y = 0},
    {.bitmap_index = 12890, .adv_w = 146, .box_w = 9, .box_h = 10, .ofs_x = 0, .ofs_y = 0},
    {.bitmap_index = 12929, .adv_w = 114, .box_w = 8, .box_h = 7, .ofs_x = 0, .ofs_y = 0},
    {.bitmap_index = 12956, .adv_w = 163, .box_w = 9, .box_h = 14, .ofs_x = 1, .ofs_y = -2},
    {.bitmap_index = 13005, .adv_w = 137, .box_w = 8, .box_h = 12, .ofs_x = 1, .ofs_y = -2},
    {.bitmap_index = 13045, .adv_w = 142, .box_w = 9, .box_h = 10, .ofs_x = 0, .ofs_y = 0},
    {.bitmap_index = 13083, .adv_w = 116, .box_w = 7, .box_h = 7, .ofs_x = 0, .ofs_y = 0},
    {.bitmap_index = 13107, .adv_w = 141, .box_w = 8, .box_h = 9, .ofs_x = 1, .ofs_y = 0},
    {.bitmap_index = 13140, .adv_w = 134, .box_w = 7, .box_h = 10, .ofs_x = 1, .ofs_y = -3},
    {.bitmap_index = 13173, .adv_w = 112, .box_w = 6, .box_h = 11, .ofs_x = 1, .ofs_y = 0},
    {.bitmap_index = 13189, .adv_w = 89, .box_w = 5, .box_h = 9, .ofs_x = 1, .ofs_y = 0},
    {.bitmap_index = 13204, .adv_w = 119, .box_w = 8, .box_h = 9, .ofs_x = 0, .ofs_y = 0},
    {.bitmap_index = 13226, .adv_w = 99, .box_w = 6, .box_h = 7, .ofs_x = 0, .ofs_y = 0},
    {.bitmap_index = 13244, .adv_w = 135, .box_w = 7, .box_h = 12, .ofs_x = 1, .ofs_y = -3},
    {.bitmap_index = 13280, .adv_w = 115, .box_w = 6, .box_h = 10, .ofs_x = 1, .ofs_y = -3},
    {.bitmap_index = 13308, .adv_w = 205, .box_w = 13, .box_h = 11, .ofs_x = 0, .ofs_y = -2},
    {.bitmap_index = 13368, .adv_w = 169, .box_w = 11, .box_h = 9, .ofs_x = 0, .ofs_y = -2},
    {.bitmap_index = 13414, .adv_w = 123, .box_w = 8, .box_h = 11, .ofs_x = 0, .ofs_y = -2},
    {.bitmap_index = 13454, .adv_w = 104, .box_w = 6, .box_h = 9, .ofs_x = 0, .ofs_y = -2},
    {.bitmap_index = 13483, .adv_w = 145, .box_w = 8, .box_h = 11, .ofs_x = 1, .ofs_y = -2},
    {.bitmap_index = 13519, .adv_w = 115, .box_w = 7, .box_h = 9, .ofs_x = 1, .ofs_y = -2},
    {.bitmap_index = 13548, .adv_w = 142, .box_w = 8, .box_h = 9, .ofs_x = 1, .ofs_y = 0},
    {.bitmap_index = 13580, .adv_w = 118, .box_w = 7, .box_h = 7, .ofs_x = 1, .ofs_y = 0},
    {.bitmap_index = 13605, .adv_w = 141, .box_w = 9, .box_h = 9, .ofs_x = 0, .ofs_y = 0},
    {.bitmap_index = 13639, .adv_w = 115, .box_w = 8, .box_h = 10, .ofs_x = 0, .ofs_y = 0},
    {.bitmap_index = 13672, .adv_w = 159, .box_w = 10, .box_h = 9, .ofs_x = 0, .ofs_y = 0},
    {.bitmap_index = 13708, .adv_w = 129, .box_w = 8, .box_h = 7, .ofs_x = 0, .ofs_y = 0},
    {.bitmap_index = 13733, .adv_w = 163, .box_w = 9, .box_h = 11, .ofs_x = 1, .ofs_y = -2},
    {.bitmap_index = 13762, .adv_w = 135, .box_w = 8, .box_h = 9, .ofs_x = 1, .ofs_y = -2},
    {.bitmap_index = 13788, .adv_w = 209, .box_w = 12, .box_h = 9, .ofs_x = 1, .ofs_y = 0},
    {.bitmap_index = 13815, .adv_w = 170, .box_w = 10, .box_h = 7, .ofs_x = 1, .ofs_y = 0},
    {.bitmap_index = 13840, .adv_w = 230, .box_w = 13, .box_h = 12, .ofs_x = 1, .ofs_y = -3},
    {.bitmap_index = 13887, .adv_w = 187, .box_w = 11, .box_h = 10, .ofs_x = 1, .ofs_y = -3},
    {.bitmap_index = 13924, .adv_w = 187, .box_w = 11, .box_h = 9, .ofs_x = 0, .ofs_y = 0},
    {.bitmap_index = 13972, .adv_w = 155, .box_w = 9, .box_h = 7, .ofs_x = 0, .ofs_y = 0},
    {.bitmap_index = 14002, .adv_w = 138, .box_w = 9, .box_h = 11, .ofs_x = 0, .ofs_y = -2},
    {.bitmap_index = 14043, .adv_w = 110, .box_w = 7, .box_h = 9, .ofs_x = 0, .ofs_y = -2},
    {.bitmap_index = 14073, .adv_w = 116, .box_w = 8, .box_h = 11, .ofs_x = 0, .ofs_y = -2},
    {.bitmap_index = 14096, .adv_w = 95, .box_w = 6, .box_h = 9, .ofs_x = 0, .ofs_y = -2},
    {.bitmap_index = 14116, .adv_w = 128, .box_w = 8, .box_h = 9, .ofs_x = 0, .ofs_y = 0},
    {.bitmap_index = 14144, .adv_w = 110, .box_w = 7, .box_h = 10, .ofs_x = 0, .ofs_y = -3},
    {.bitmap_index = 14174, .adv_w = 124, .box_w = 9, .box_h = 9, .ofs_x = -1, .ofs_y = 0},
    {.bitmap_index = 14207, .adv_w = 110, .box_w = 7, .box_h = 10, .ofs_x = 0, .ofs_y = -3},
    {.bitmap_index = 14240, .adv_w = 135, .box_w = 9, .box_h = 11, .ofs_x = 0, .ofs_y = -2},
    {.bitmap_index = 14284, .adv_w = 104, .box_w = 7, .box_h = 9, .ofs_x = 0, .ofs_y = -2},
    {.bitmap_index = 14315, .adv_w = 187, .box_w = 12, .box_h = 11, .ofs_x = 0, .ofs_y = -2},
    {.bitmap_index = 14347, .adv_w = 148, .box_w = 9, .box_h = 9, .ofs_x = 0, .ofs_y = -2},
    {.bitmap_index = 14374, .adv_w = 146, .box_w = 9, .box_h = 11, .ofs_x = 0, .ofs_y = -2},
    {.bitmap_index = 14408, .adv_w = 122, .box_w = 8, .box_h = 9, .ofs_x = 0, .ofs_y = -2},
    {.bitmap_index = 14435, .adv_w = 141, .box_w = 8, .box_h = 9, .ofs_x = 0, .ofs_y = 0},
    {.bitmap_index = 14464, .adv_w = 117, .box_w = 7, .box_h = 7, .ofs_x = 0, .ofs_y = 0},
    {.bitmap_index = 14486, .adv_w = 141, .box_w = 8, .box_h = 9, .ofs_x = 1, .ofs_y = 0},
    {.bitmap_index = 14510, .adv_w = 129, .box_w = 7, .box_h = 10, .ofs_x = 1, .ofs_y = 0},
    {.bitmap_index = 14534, .adv_w = 190, .box_w = 12, .box_h = 9, .ofs_x = 0, .ofs_y = 0},
    {.bitmap_index = 14583, .adv_w = 148, .box_w = 9, .box_h = 7, .ofs_x = 0, .ofs_y = 0},
    {.bitmap_index = 14614, .adv_w = 190, .box_w = 12, .box_h = 11, .ofs_x = 0, .ofs_y = -2},
    {.bitmap_index = 14670, .adv_w = 148, .box_w = 9, .box_h = 9, .ofs_x = 0, .ofs_y = -2},
    {.bitmap_index = 14709, .adv_w = 61, .box_w = 2, .box_h = 9, .ofs_x = 1, .ofs_y = 0},
    {.bitmap_index = 14714, .adv_w = 198, .box_w = 13, .box_h = 12, .ofs_x = 0, .ofs_y = 0},
    {.bitmap_index = 14780, .adv_w = 163, .box_w = 11, .box_h = 10, .ofs_x = 0, .ofs_y = 0},
    {.bitmap_index = 14829, .adv_w = 137, .box_w = 8, .box_h = 12, .ofs_x = 1, .ofs_y = -3},
    {.bitmap_index = 14869, .adv_w = 115, .box_w = 6, .box_h = 10, .ofs_x = 1, .ofs_y = -3},
    {.bitmap_index = 14900, .adv_w = 127, .box_w = 8, .box_h = 9, .ofs_x = 0, .ofs_y = -2},
    {.bitmap_index = 14930, .adv_w = 156, .box_w = 8, .box_h = 12, .ofs_x = 1, .ofs_y = -3},
    {.bitmap_index = 14958, .adv_w = 132, .box_w = 7, .box_h = 10, .ofs_x = 1, .ofs_y = -3},
    {.bitmap_index = 14983, .adv_w = 163, .box_w = 9, .box_h = 11, .ofs_x = 1, .ofs_y = -2},
    {.bitmap_index = 15012, .adv_w = 135, .box_w = 8, .box_h = 9, .ofs_x = 1, .ofs_y = -2},
    {.bitmap_index = 15037, .adv_w = 141, .box_w = 8, .box_h = 11, .ofs_x = 0, .ofs_y = -2},
    {.bitmap_index = 15069, .adv_w = 116, .box_w = 7, .box_h = 9, .ofs_x = 0, .ofs_y = -2},
    {.bitmap_index = 15094, .adv_w = 192, .box_w = 11, .box_h = 11, .ofs_x = 1, .ofs_y = -2},
    {.bitmap_index = 15143, .adv_w = 159, .box_w = 9, .box_h = 9, .ofs_x = 1, .ofs_y = -2},
    {.bitmap_index = 15179, .adv_w = 54, .box_w = 2, .box_h = 10, .ofs_x = 1, .ofs_y = 0},
    {.bitmap_index = 15185, .adv_w = 146, .box_w = 9, .box_h = 12, .ofs_x = 0, .ofs_y = 0},
    {.bitmap_index = 15234, .adv_w = 113, .box_w = 7, .box_h = 10, .ofs_x = 0, .ofs_y = 0},
    {.bitmap_index = 15270, .adv_w = 146, .box_w = 9, .box_h = 12, .ofs_x = 0, .ofs_y = 0},
    {.bitmap_index = 15316, .adv_w = 113, .box_w = 7, .box_h = 9, .ofs_x = 0, .ofs_y = 0},
    {.bitmap_index = 15349, .adv_w = 201, .box_w = 12, .box_h = 9, .ofs_x = 0, .ofs_y = 0},
    {.bitmap_index = 15395, .adv_w = 191, .box_w = 12, .box_h = 7, .ofs_x = 0, .ofs_y = 0},
    {.bitmap_index = 15437, .adv_w = 128, .box_w = 7, .box_h = 12, .ofs_x = 1, .ofs_y = 0},
    {.bitmap_index = 15474, .adv_w = 121, .box_w = 7, .box_h = 10, .ofs_x = 0, .ofs_y = 0},
    {.bitmap_index = 15509, .adv_w = 158, .box_w = 10, .box_h = 9, .ofs_x = 0, .ofs_y = 0},
    {.bitmap_index = 15551, .adv_w = 120, .box_w = 8, .box_h = 7, .ofs_x = 0, .ofs_y = 0},
    {.bitmap_index = 15579, .adv_w = 158, .box_w = 10, .box_h = 13, .ofs_x = 0, .ofs_y = 0},
    {.bitmap_index = 15634, .adv_w = 120, .box_w = 8, .box_h = 9, .ofs_x = 0, .ofs_y = 0},
    {.bitmap_index = 15669, .adv_w = 198, .box_w = 13, .box_h = 12, .ofs_x = 0, .ofs_y = 0},
    {.bitmap_index = 15732, .adv_w = 163, .box_w = 11, .box_h = 9, .ofs_x = 0, .ofs_y = 0},
    {.bitmap_index = 15777, .adv_w = 123, .box_w = 8, .box_h = 13, .ofs_x = 0, .ofs_y = 0},
    {.bitmap_index = 15824, .adv_w = 104, .box_w = 6, .box_h = 9, .ofs_x = 0, .ofs_y = 0},
    {.bitmap_index = 15852, .adv_w = 120, .box_w = 7, .box_h = 9, .ofs_x = 0, .ofs_y = 0},
    {.bitmap_index = 15882, .adv_w = 101, .box_w = 7, .box_h = 10, .ofs_x = -1, .ofs_y = -3},
    {.bitmap_index = 15912, .adv_w = 158, .box_w = 8, .box_h = 11, .ofs_x = 1, .ofs_y = 0},
    {.bitmap_index = 15947, .adv_w = 133, .box_w = 7, .box_h = 9, .ofs_x = 1, .ofs_y = 0},
    {.bitmap_index = 15974, .adv_w = 158, .box_w = 8, .box_h = 12, .ofs_x = 1, .ofs_y = 0},
    {.bitmap_index = 16012, .adv_w = 133, .box_w = 7, .box_h = 9, .ofs_x = 1, .ofs_y = 0},
    {.bitmap_index = 16040, .adv_w = 163, .box_w = 10, .box_h = 13, .ofs_x = 0, .ofs_y = 0},
    {.bitmap_index = 16094, .adv_w = 123, .box_w = 8, .box_h = 9, .ofs_x = 0, .ofs_y = 0},
    {.bitmap_index = 16129, .adv_w = 163, .box_w = 10, .box_h = 9, .ofs_x = 0, .ofs_y = 0},
    {.bitmap_index = 16171, .adv_w = 125, .box_w = 8, .box_h = 7, .ofs_x = 0, .ofs_y = 0},
    {.bitmap_index = 16198, .adv_w = 163, .box_w = 10, .box_h = 13, .ofs_x = 0, .ofs_y = 0},
    {.bitmap_index = 16253, .adv_w = 125, .box_w = 8, .box_h = 9, .ofs_x = 0, .ofs_y = 0},
    {.bitmap_index = 16288, .adv_w = 136, .box_w = 8, .box_h = 13, .ofs_x = 0, .ofs_y = 0},
    {.bitmap_index = 16334, .adv_w = 110, .box_w = 7, .box_h = 9, .ofs_x = 0, .ofs_y = 0},
    {.bitmap_index = 16366, .adv_w = 133, .box_w = 9, .box_h = 11, .ofs_x = 0, .ofs_y = 0},
    {.bitmap_index = 16410, .adv_w = 110, .box_w = 8, .box_h = 12, .ofs_x = -1, .ofs_y = -3},
    {.bitmap_index = 16455, .adv_w = 133, .box_w = 9, .box_h = 13, .ofs_x = 0, .ofs_y = 0},
    {.bitmap_index = 16504, .adv_w = 110, .box_w = 8, .box_h = 12, .ofs_x = -1, .ofs_y = -3},
    {.bitmap_index = 16549, .adv_w = 133, .box_w = 9, .box_h = 12, .ofs_x = 0, .ofs_y = 0},
    {.bitmap_index = 16598, .adv_w = 110, .box_w = 8, .box_h = 12, .ofs_x = -1, .ofs_y = -3},
    {.bitmap_index = 16642, .adv_w = 141, .box_w = 8, .box_h = 12, .ofs_x = 0, .ofs_y = 0},
    {.bitmap_index = 16677, .adv_w = 117, .box_w = 7, .box_h = 9, .ofs_x = 0, .ofs_y = 0},
    {.bitmap_index = 16703, .adv_w = 111, .box_w = 6, .box_h = 11, .ofs_x = 1, .ofs_y = -2},
    {.bitmap_index = 16723, .adv_w = 94, .box_w = 5, .box_h = 9, .ofs_x = 1, .ofs_y = -2},
    {.bitmap_index = 16741, .adv_w = 191, .box_w = 10, .box_h = 12, .ofs_x = 1, .ofs_y = 0},
    {.bitmap_index = 16782, .adv_w = 155, .box_w = 8, .box_h = 9, .ofs_x = 1, .ofs_y = 0},
    {.bitmap_index = 16813, .adv_w = 119, .box_w = 8, .box_h = 12, .ofs_x = 0, .ofs_y = -3},
    {.bitmap_index = 16848, .adv_w = 94, .box_w = 6, .box_h = 10, .ofs_x = 0, .ofs_y = -3},
    {.bitmap_index = 16877, .adv_w = 129, .box_w = 8, .box_h = 12, .ofs_x = 0, .ofs_y = -3},
    {.bitmap_index = 16923, .adv_w = 104, .box_w = 7, .box_h = 10, .ofs_x = 0, .ofs_y = -3},
    {.bitmap_index = 16958, .adv_w = 131, .box_w = 8, .box_h = 9, .ofs_x = 0, .ofs_y = 0},
    {.bitmap_index = 16995, .adv_w = 109, .box_w = 7, .box_h = 7, .ofs_x = 0, .ofs_y = 0},
    {.bitmap_index = 17020, .adv_w = 219, .box_w = 14, .box_h = 4, .ofs_x = 0, .ofs_y = -2},
    {.bitmap_index = 17033, .adv_w = 255, .box_w = 16, .box_h = 4, .ofs_x = 0, .ofs_y = -4},
    {.bitmap_index = 17054, .adv_w = 208, .box_w = 13, .box_h = 3, .ofs_x = 0, .ofs_y = -2},
    {.bitmap_index = 17066, .adv_w = 251, .box_w = 16, .box_h = 4, .ofs_x = 0, .ofs_y = -3},
    {.bitmap_index = 17087, .adv_w = 405, .box_w = 25, .box_h = 8, .ofs_x = 0, .ofs_y = -2},
    {.bitmap_index = 17140, .adv_w = 235, .box_w = 15, .box_h = 3, .ofs_x = 0, .ofs_y = 6},
    {.bitmap_index = 17162, .adv_w = 119, .box_w = 8, .box_h = 10, .ofs_x = 0, .ofs_y = 0},
    {.bitmap_index = 17197, .adv_w = 119, .box_w = 8, .box_h = 10, .ofs_x = 0, .ofs_y = 0},
    {.bitmap_index = 17230, .adv_w = 213, .box_w = 14, .box_h = 9, .ofs_x = 0, .ofs_y = -4},
    {.bitmap_index = 17283, .adv_w = 125, .box_w = 8, .box_h = 10, .ofs_x = 0, .ofs_y = -1},
    {.bitmap_index = 17317, .adv_w = 160, .box_w = 10, .box_h = 10, .ofs_x = 0, .ofs_y = -1},
    {.bitmap_index = 17356, .adv_w = 86, .box_w = 5, .box_h = 12, .ofs_x = 0, .ofs_y = -3},
    {.bitmap_index = 17384, .adv_w = 63, .box_w = 2, .box_h = 3, .ofs_x = 1, .ofs_y = 0},
    {.bitmap_index = 17388, .adv_w = 70, .box_w = 4, .box_h = 5, .ofs_x = 0, .ofs_y = -3},
    {.bitmap_index = 17399, .adv_w = 174, .box_w = 11, .box_h = 4, .ofs_x = 0, .ofs_y = 0},
    {.bitmap_index = 17417, .adv_w = 100, .box_w = 9, .box_h = 12, .ofs_x = -1, .ofs_y = -4},
    {.bitmap_index = 17466, .adv_w = 0, .box_w = 4, .box_h = 3, .ofs_x = 0, .ofs_y = 7},
    {.bitmap_index = 17472, .adv_w = 0, .box_w = 4, .box_h = 4, .ofs_x = 0, .ofs_y = 6},
    {.bitmap_index = 17481, .adv_w = 0, .box_w = 4, .box_h = 3, .ofs_x = 0, .ofs_y = 7},
    {.bitmap_index = 17487, .adv_w = 0, .box_w = 5, .box_h = 4, .ofs_x = 0, .ofs_y = 7},
    {.bitmap_index = 17497, .adv_w = 0, .box_w = 6, .box_h = 2, .ofs_x = 0, .ofs_y = 7},
    {.bitmap_index = 17503, .adv_w = 0, .box_w = 4, .box_h = 4, .ofs_x = 0, .ofs_y = 7},
    {.bitmap_index = 17511, .adv_w = 0, .box_w = 5, .box_h = 4, .ofs_x = 0, .ofs_y = 7},
    {.bitmap_index = 17522, .adv_w = 0, .box_w = 3, .box_h = 4, .ofs_x = 0, .ofs_y = 7},
    {.bitmap_index = 17529, .adv_w = 0, .box_w = 3, .box_h = 3, .ofs_x = 0, .ofs_y = 6},
    {.bitmap_index = 17534, .adv_w = 0, .box_w = 3, .box_h = 3, .ofs_x = 0, .ofs_y = 7},
    {.bitmap_index = 17539, .adv_w = 0, .box_w = 3, .box_h = 2, .ofs_x = 0, .ofs_y = -3},
    {.bitmap_index = 17542, .adv_w = 66, .box_w = 3, .box_h = 6, .ofs_x = 0, .ofs_y = 0},
    {.bitmap_index = 17551, .adv_w = 115, .box_w = 0, .box_h = 0, .ofs_x = 0, .ofs_y = 0},
    {.bitmap_index = 17551, .adv_w = 55, .box_w = 4, .box_h = 3, .ofs_x = 0, .ofs_y = 0},
    {.bitmap_index = 17558, .adv_w = 83, .box_w = 5, .box_h = 9, .ofs_x = 0, .ofs_y = 0},
    {.bitmap_index = 17580, .adv_w = 146, .box_w = 9, .box_h = 10, .ofs_x = 0, .ofs_y = -3},
    {.bitmap_index = 17621, .adv_w = 79, .box_w = 5, .box_h = 5, .ofs_x = 0, .ofs_y = -1},
    {.bitmap_index = 17633, .adv_w = 45, .box_w = 5, .box_h = 10, .ofs_x = -1, .ofs_y = 0},
    {.bitmap_index = 17651, .adv_w = 45, .box_w = 3, .box_h = 11, .ofs_x = 0, .ofs_y = 0},
    {.bitmap_index = 17665, .adv_w = 86, .box_w = 5, .box_h = 11, .ofs_x = 0, .ofs_y = -3},
    {.bitmap_index = 17694, .adv_w = 46, .box_w = 3, .box_h = 12, .ofs_x = 0, .ofs_y = -3},
    {.bitmap_index = 17709, .adv_w = 146, .box_w = 9, .box_h = 9, .ofs_x = 0, .ofs_y = -3},
    {.bitmap_index = 17748, .adv_w = 46, .box_w = 3, .box_h = 9, .ofs_x = 0, .ofs_y = 0},
    {.bitmap_index = 17758, .adv_w = 191, .box_w = 12, .box_h = 9, .ofs_x = 0, .ofs_y = -3},
    {.bitmap_index = 17797, .adv_w = 78, .box_w = 5, .box_h = 8, .ofs_x = 0, .ofs_y = 0},
    {.bitmap_index = 17817, .adv_w = 191, .box_w = 12, .box_h = 6, .ofs_x = 0, .ofs_y = 0},
    {.bitmap_index = 17846, .adv_w = 191, .box_w = 12, .box_h = 8, .ofs_x = 0, .ofs_y = 0},
    {.bitmap_index = 17882, .adv_w = 123, .box_w = 8, .box_h = 9, .ofs_x = 0, .ofs_y = -3},
    {.bitmap_index = 17919, .adv_w = 123, .box_w = 8, .box_h = 9, .ofs_x = 0, .ofs_y = -3},
    {.bitmap_index = 17953, .adv_w = 123, .box_w = 8, .box_h = 12, .ofs_x = 0, .ofs_y = -3},
    {.bitmap_index = 17995, .adv_w = 92, .box_w = 6, .box_h = 6, .ofs_x = 0, .ofs_y = 0},
    {.bitmap_index = 18012, .adv_w = 92, .box_w = 6, .box_h = 8, .ofs_x = 0, .ofs_y = 0},
    {.bitmap_index = 18033, .adv_w = 70, .box_w = 5, .box_h = 8, .ofs_x = -1, .ofs_y = -3},
    {.bitmap_index = 18051, .adv_w = 70, .box_w = 5, .box_h = 10, .ofs_x = -1, .ofs_y = -3},
    {.bitmap_index = 18074, .adv_w = 232, .box_w = 14, .box_h = 8, .ofs_x = 0, .ofs_y = -3},
    {.bitmap_index = 18120, .adv_w = 232, .box_w = 14, .box_h = 11, .ofs_x = 0, .ofs_y = -3},
    {.bitmap_index = 18176, .adv_w = 251, .box_w = 16, .box_h = 8, .ofs_x = 0, .ofs_y = -3},
    {.bitmap_index = 18229, .adv_w = 251, .box_w = 16, .box_h = 10, .ofs_x = 0, .ofs_y = -3},
    {.bitmap_index = 18291, .adv_w = 151, .box_w = 9, .box_h = 9, .ofs_x = 0, .ofs_y = 0},
    {.bitmap_index = 18323, .adv_w = 151, .box_w = 9, .box_h = 9, .ofs_x = 0, .ofs_y = 0},
    {.bitmap_index = 18358, .adv_w = 117, .box_w = 7, .box_h = 10, .ofs_x = 0, .ofs_y = -3},
    {.bitmap_index = 18390, .adv_w = 117, .box_w = 7, .box_h = 12, .ofs_x = 0, .ofs_y = -3},
    {.bitmap_index = 18428, .adv_w = 168, .box_w = 11, .box_h = 10, .ofs_x = 0, .ofs_y = 0},
    {.bitmap_index = 18470, .adv_w = 168, .box_w = 11, .box_h = 13, .ofs_x = 0, .ofs_y = -4},
    {.bitmap_index = 18526, .adv_w = 146, .box_w = 9, .box_h = 9, .ofs_x = 0, .ofs_y = -3},
    {.bitmap_index = 18565, .adv_w = 146, .box_w = 9, .box_h = 8, .ofs_x = 0, .ofs_y = -3},
    {.bitmap_index = 18600, .adv_w = 146, .box_w = 9, .box_h = 8, .ofs_x = 0, .ofs_y = -3},
    {.bitmap_index = 18636, .adv_w = 58, .box_w = 5, .box_h = 1, .ofs_x = 0, .ofs_y = 0},
    {.bitmap_index = 18639, .adv_w = 189, .box_w = 12, .box_h = 9, .ofs_x = 0, .ofs_y = 0},
    {.bitmap_index = 18675, .adv_w = 149, .box_w = 9, .box_h = 10, .ofs_x = 0, .ofs_y = -2},
    {.bitmap_index = 18714, .adv_w = 169, .box_w = 10, .box_h = 9, .ofs_x = 0, .ofs_y = 0},
    {.bitmap_index = 18753, .adv_w = 133, .box_w = 8, .box_h = 11, .ofs_x = 0, .ofs_y = -2},
    {.bitmap_index = 18785, .adv_w = 93, .box_w = 6, .box_h = 8, .ofs_x = 0, .ofs_y = -3},
    {.bitmap_index = 18809, .adv_w = 132, .box_w = 8, .box_h = 9, .ofs_x = 0, .ofs_y = -3},
    {.bitmap_index = 18837, .adv_w = 78, .box_w = 5, .box_h = 6, .ofs_x = 0, .ofs_y = 0},
    {.bitmap_index = 18852, .adv_w = 86, .box_w = 5, .box_h = 7, .ofs_x = 0, .ofs_y = -3},
    {.bitmap_index = 18870, .adv_w = 146, .box_w = 9, .box_h = 8, .ofs_x = 0, .ofs_y = -3},
    {.bitmap_index = 18903, .adv_w = 146, .box_w = 9, .box_h = 11, .ofs_x = 0, .ofs_y = -4},
    {.bitmap_index = 18947, .adv_w = 0, .box_w = 4, .box_h = 3, .ofs_x = 0, .ofs_y = 7},
    {.bitmap_index = 18953, .adv_w = 0, .box_w = 4, .box_h = 4, .ofs_x = 0, .ofs_y = 6},
    {.bitmap_index = 18962, .adv_w = 0, .box_w = 4, .box_h = 4, .ofs_x = 0, .ofs_y = -4},
    {.bitmap_index = 18971, .adv_w = 0, .box_w = 4, .box_h = 2, .ofs_x = 0, .ofs_y = 7},
    {.bitmap_index = 18976, .adv_w = 0, .box_w = 4, .box_h = 4, .ofs_x = 0, .ofs_y = 6},
    {.bitmap_index = 18985, .adv_w = 0, .box_w = 4, .box_h = 2, .ofs_x = 0, .ofs_y = -2},
    {.bitmap_index = 18990, .adv_w = 0, .box_w = 4, .box_h = 3, .ofs_x = 0, .ofs_y = 7},
    {.bitmap_index = 18996, .adv_w = 0, .box_w = 3, .box_h = 3, .ofs_x = 0, .ofs_y = 7},
    {.bitmap_index = 19001, .adv_w = 0, .box_w = 4, .box_h = 1, .ofs_x = 0, .ofs_y = 7},
    {.bitmap_index = 19004, .adv_w = 0, .box_w = 3, .box_h = 4, .ofs_x = 0, .ofs_y = 6},
    {.bitmap_index = 19010, .adv_w = 0, .box_w = 3, .box_h = 4, .ofs_x = 0, .ofs_y = -2},
    {.bitmap_index = 19016, .adv_w = 0, .box_w = 2, .box_h = 3, .ofs_x = 0, .ofs_y = -3},
    {.bitmap_index = 19020, .adv_w = 0, .box_w = 4, .box_h = 4, .ofs_x = 0, .ofs_y = 7},
    {.bitmap_index = 19029, .adv_w = 0, .box_w = 3, .box_h = 3, .ofs_x = 0, .ofs_y = 7},
    {.bitmap_index = 19034, .adv_w = 0, .box_w = 4, .box_h = 1, .ofs_x = 0, .ofs_y = 7},
    {.bitmap_index = 19037, .adv_w = 0, .box_w = 3, .box_h = 4, .ofs_x = 0, .ofs_y = 6},
    {.bitmap_index = 19043, .adv_w = 0, .box_w = 3, .box_h = 4, .ofs_x = 0, .ofs_y = 6},
    {.bitmap_index = 19049, .adv_w = 0, .box_w = 2, .box_h = 2, .ofs_x = 0, .ofs_y = -3},
    {.bitmap_index = 19052, .adv_w = 0, .box_w = 4, .box_h = 4, .ofs_x = 0, .ofs_y = 6},
    {.bitmap_index = 19061, .adv_w = 0, .box_w = 4, .box_h = 3, .ofs_x = 0, .ofs_y = 7},
    {.bitmap_index = 19067, .adv_w = 0, .box_w = 4, .box_h = 4, .ofs_x = 0, .ofs_y = -5},
    {.bitmap_index = 19076, .adv_w = 57, .box_w = 3, .box_h = 3, .ofs_x = 0, .ofs_y = 2},
    {.bitmap_index = 19081, .adv_w = 54, .box_w = 3, .box_h = 10, .ofs_x = 0, .ofs_y = -1},
    {.bitmap_index = 19097, .adv_w = 94, .box_w = 6, .box_h = 9, .ofs_x = 0, .ofs_y = 0},
    {.bitmap_index = 19122, .adv_w = 112, .box_w = 7, .box_h = 10, .ofs_x = 0, .ofs_y = -1},
    {.bitmap_index = 19152, .adv_w = 92, .box_w = 6, .box_h = 9, .ofs_x = 0, .ofs_y = 0},
    {.bitmap_index = 19179, .adv_w = 102, .box_w = 6, .box_h = 6, .ofs_x = 0, .ofs_y = 0},
    {.bitmap_index = 19197, .adv_w = 97, .box_w = 6, .box_h = 9, .ofs_x = 0, .ofs_y = 0},
    {.bitmap_index = 19219, .adv_w = 111, .box_w = 7, .box_h = 10, .ofs_x = 0, .ofs_y = -1},
    {.bitmap_index = 19252, .adv_w = 111, .box_w = 7, .box_h = 10, .ofs_x = 0, .ofs_y = -1},
    {.bitmap_index = 19283, .adv_w = 94, .box_w = 6, .box_h = 8, .ofs_x = 0, .ofs_y = 0},
    {.bitmap_index = 19305, .adv_w = 91, .box_w = 6, .box_h = 10, .ofs_x = 0, .ofs_y = -1},
    {.bitmap_index = 19334, .adv_w = 47, .box_w = 3, .box_h = 4, .ofs_x = 0, .ofs_y = -2},
    {.bitmap_index = 19341, .adv_w = 47, .box_w = 3, .box_h = 4, .ofs_x = 0, .ofs_y = 0},
    {.bitmap_index = 19347, .adv_w = 96, .box_w = 6, .box_h = 7, .ofs_x = 0, .ofs_y = -1},
    {.bitmap_index = 19366, .adv_w = 191, .box_w = 12, .box_h = 6, .ofs_x = 0, .ofs_y = 0},
    {.bitmap_index = 19393, .adv_w = 149, .box_w = 9, .box_h = 7, .ofs_x = 0, .ofs_y = -2},
    {.bitmap_index = 19423, .adv_w = 0, .box_w = 2, .box_h = 3, .ofs_x = 0, .ofs_y = 7},
    {.bitmap_index = 19427, .adv_w = 45, .box_w = 5, .box_h = 11, .ofs_x = -1, .ofs_y = 0},
    {.bitmap_index = 19447, .adv_w = 45, .box_w = 4, .box_h = 12, .ofs_x = -1, .ofs_y = 0},
    {.bitmap_index = 19467, .adv_w = 46, .box_w = 4, .box_h = 13, .ofs_x = -1, .ofs_y = -4},
    {.bitmap_index = 19488, .adv_w = 37, .box_w = 3, .box_h = 4, .ofs_x = 0, .ofs_y = 6},
    {.bitmap_index = 19495, .adv_w = 77, .box_w = 5, .box_h = 10, .ofs_x = 0, .ofs_y = 0},
    {.bitmap_index = 19513, .adv_w = 86, .box_w = 6, .box_h = 11, .ofs_x = 0, .ofs_y = -3},
    {.bitmap_index = 19545, .adv_w = 115, .box_w = 7, .box_h = 11, .ofs_x = 0, .ofs_y = -3},
    {.bitmap_index = 19585, .adv_w = 163, .box_w = 11, .box_h = 12, .ofs_x = 0, .ofs_y = -3},
    {.bitmap_index = 19637, .adv_w = 191, .box_w = 12, .box_h = 9, .ofs_x = 0, .ofs_y = 0},
    {.bitmap_index = 19675, .adv_w = 191, .box_w = 12, .box_h = 8, .ofs_x = 0, .ofs_y = 0},
    {.bitmap_index = 19710, .adv_w = 191, .box_w = 12, .box_h = 9, .ofs_x = 0, .ofs_y = -3},
    {.bitmap_index = 19748, .adv_w = 191, .box_w = 12, .box_h = 8, .ofs_x = 0, .ofs_y = -2},
    {.bitmap_index = 19788, .adv_w = 191, .box_w = 12, .box_h = 8, .ofs_x = 0, .ofs_y = 0},
    {.bitmap_index = 19824, .adv_w = 191, .box_w = 12, .box_h = 10, .ofs_x = 0, .ofs_y = -4},
    {.bitmap_index = 19867, .adv_w = 191, .box_w = 12, .box_h = 8, .ofs_x = 0, .ofs_y = 0},
    {.bitmap_index = 19904, .adv_w = 191, .box_w = 12, .box_h = 10, .ofs_x = 0, .ofs_y = -4},
    {.bitmap_index = 19949, .adv_w = 123, .box_w = 8, .box_h = 14, .ofs_x = 0, .ofs_y = -3},
    {.bitmap_index = 19998, .adv_w = 123, .box_w = 8, .box_h = 14, .ofs_x = 0, .ofs_y = -3},
    {.bitmap_index = 20045, .adv_w = 127, .box_w = 8, .box_h = 9, .ofs_x = 0, .ofs_y = -3},
    {.bitmap_index = 20081, .adv_w = 123, .box_w = 8, .box_h = 9, .ofs_x = 0, .ofs_y = -3},
    {.bitmap_index = 20117, .adv_w = 123, .box_w = 8, .box_h = 13, .ofs_x = 0, .ofs_y = -3},
    {.bitmap_index = 20163, .adv_w = 127, .box_w = 8, .box_h = 9, .ofs_x = 0, .ofs_y = -3},
    {.bitmap_index = 20200, .adv_w = 127, .box_w = 8, .box_h = 9, .ofs_x = 0, .ofs_y = -3},
    {.bitmap_index = 20237, .adv_w = 92, .box_w = 6, .box_h = 11, .ofs_x = 0, .ofs_y = 0},
    {.bitmap_index = 20267, .adv_w = 92, .box_w = 6, .box_h = 8, .ofs_x = 0, .ofs_y = -2},
    {.bitmap_index = 20290, .adv_w = 92, .box_w = 6, .box_h = 9, .ofs_x = 0, .ofs_y = -3},
    {.bitmap_index = 20315, .adv_w = 92, .box_w = 6, .box_h = 13, .ofs_x = 0, .ofs_y = -3},
    {.bitmap_index = 20352, .adv_w = 92, .box_w = 6, .box_h = 8, .ofs_x = 0, .ofs_y = 0},
    {.bitmap_index = 20374, .adv_w = 92, .box_w = 6, .box_h = 9, .ofs_x = 0, .ofs_y = -3},
    {.bitmap_index = 20400, .adv_w = 92, .box_w = 6, .box_h = 9, .ofs_x = 0, .ofs_y = 0},
    {.bitmap_index = 20425, .adv_w = 92, .box_w = 6, .box_h = 9, .ofs_x = 0, .ofs_y = 0},
    {.bitmap_index = 20449, .adv_w = 92, .box_w = 6, .box_h = 9, .ofs_x = 0, .ofs_y = 0},
    {.bitmap_index = 20474, .adv_w = 70, .box_w = 5, .box_h = 13, .ofs_x = -1, .ofs_y = -3},
    {.bitmap_index = 20504, .adv_w = 70, .box_w = 5, .box_h = 12, .ofs_x = -1, .ofs_y = -3},
    {.bitmap_index = 20531, .adv_w = 70, .box_w = 6, .box_h = 7, .ofs_x = -1, .ofs_y = -3},
    {.bitmap_index = 20549, .adv_w = 70, .box_w = 5, .box_h = 9, .ofs_x = -1, .ofs_y = -4},
    {.bitmap_index = 20569, .adv_w = 70, .box_w = 5, .box_h = 10, .ofs_x = -1, .ofs_y = -5},
    {.bitmap_index = 20592, .adv_w = 70, .box_w = 5, .box_h = 9, .ofs_x = -1, .ofs_y = -4},
    {.bitmap_index = 20613, .adv_w = 70, .box_w = 5, .box_h = 10, .ofs_x = -1, .ofs_y = -3},
    {.bitmap_index = 20637, .adv_w = 70, .box_w = 5, .box_h = 11, .ofs_x = -1, .ofs_y = -3},
    {.bitmap_index = 20664, .adv_w = 70, .box_w = 5, .box_h = 12, .ofs_x = -1, .ofs_y = -3},
    {.bitmap_index = 20693, .adv_w = 232, .box_w = 14, .box_h = 9, .ofs_x = 0, .ofs_y = -3},
    {.bitmap_index = 20746, .adv_w = 232, .box_w = 14, .box_h = 8, .ofs_x = 0, .ofs_y = -3},
    {.bitmap_index = 20795, .adv_w = 232, .box_w = 14, .box_h = 11, .ofs_x = 0, .ofs_y = -3},
    {.bitmap_index = 20854, .adv_w = 251, .box_w = 16, .box_h = 8, .ofs_x = 0, .ofs_y = -3},
    {.bitmap_index = 20911, .adv_w = 251, .box_w = 16, .box_h = 11, .ofs_x = 0, .ofs_y = -3},
    {.bitmap_index = 20978, .adv_w = 151, .box_w = 9, .box_h = 9, .ofs_x = 0, .ofs_y = 0},
    {.bitmap_index = 21015, .adv_w = 117, .box_w = 7, .box_h = 14, .ofs_x = 0, .ofs_y = -3},
    {.bitmap_index = 21059, .adv_w = 189, .box_w = 12, .box_h = 6, .ofs_x = 0, .ofs_y = 0},
    {.bitmap_index = 21088, .adv_w = 189, .box_w = 12, .box_h = 9, .ofs_x = 0, .ofs_y = -3},
    {.bitmap_index = 21128, .adv_w = 189, .box_w = 12, .box_h = 12, .ofs_x = 0, .ofs_y = -3},
    {.bitmap_index = 21176, .adv_w = 189, .box_w = 12, .box_h = 10, .ofs_x = 0, .ofs_y = 0},
    {.bitmap_index = 21218, .adv_w = 189, .box_w = 12, .box_h = 10, .ofs_x = 0, .ofs_y = -4},
    {.bitmap_index = 21263, .adv_w = 189, .box_w = 12, .box_h = 10, .ofs_x = 0, .ofs_y = 0},
    {.bitmap_index = 21305, .adv_w = 149, .box_w = 9, .box_h = 10, .ofs_x = 0, .ofs_y = -2},
    {.bitmap_index = 21343, .adv_w = 149, .box_w = 9, .box_h = 11, .ofs_x = 0, .ofs_y = -2},
    {.bitmap_index = 21385, .adv_w = 168, .box_w = 11, .box_h = 9, .ofs_x = 0, .ofs_y = 0},
    {.bitmap_index = 21425, .adv_w = 195, .box_w = 12, .box_h = 8, .ofs_x = 0, .ofs_y = 0},
    {.bitmap_index = 21457, .adv_w = 168, .box_w = 11, .box_h = 9, .ofs_x = 0, .ofs_y = 0},
    {.bitmap_index = 21497, .adv_w = 169, .box_w = 10, .box_h = 9, .ofs_x = 0, .ofs_y = 0},
    {.bitmap_index = 21539, .adv_w = 169, .box_w = 10, .box_h = 10, .ofs_x = 0, .ofs_y = 0},
    {.bitmap_index = 21585, .adv_w = 169, .box_w = 10, .box_h = 13, .ofs_x = 0, .ofs_y = -4},
    {.bitmap_index = 21639, .adv_w = 168, .box_w = 11, .box_h = 11, .ofs_x = 0, .ofs_y = 0},
    {.bitmap_index = 21686, .adv_w = 168, .box_w = 11, .box_h = 11, .ofs_x = 0, .ofs_y = 0},
    {.bitmap_index = 21734, .adv_w = 168, .box_w = 11, .box_h = 11, .ofs_x = 0, .ofs_y = 0},
    {.bitmap_index = 21782, .adv_w = 168, .box_w = 11, .box_h = 14, .ofs_x = 0, .ofs_y = -3},
    {.bitmap_index = 21842, .adv_w = 168, .box_w = 11, .box_h = 14, .ofs_x = 0, .ofs_y = -3},
    {.bitmap_index = 21901, .adv_w = 168, .box_w = 11, .box_h = 12, .ofs_x = 0, .ofs_y = 0},
    {.bitmap_index = 21953, .adv_w = 133, .box_w = 8, .box_h = 12, .ofs_x = 0, .ofs_y = -2},
    {.bitmap_index = 21993, .adv_w = 133, .box_w = 8, .box_h = 11, .ofs_x = 0, .ofs_y = -2},
    {.bitmap_index = 22029, .adv_w = 133, .box_w = 8, .box_h = 12, .ofs_x = 0, .ofs_y = -2},
    {.bitmap_index = 22069, .adv_w = 133, .box_w = 8, .box_h = 13, .ofs_x = 0, .ofs_y = -4},
    {.bitmap_index = 22110, .adv_w = 132, .box_w = 8, .box_h = 12, .ofs_x = 0, .ofs_y = -4},
    {.bitmap_index = 22148, .adv_w = 132, .box_w = 8, .box_h = 7, .ofs_x = 0, .ofs_y = -3},
    {.bitmap_index = 22171, .adv_w = 132, .box_w = 8, .box_h = 12, .ofs_x = 0, .ofs_y = -3},
    {.bitmap_index = 22207, .adv_w = 132, .box_w = 8, .box_h = 11, .ofs_x = 0, .ofs_y = -3},
    {.bitmap_index = 22243, .adv_w = 132, .box_w = 8, .box_h = 10, .ofs_x = 0, .ofs_y = -3},
    {.bitmap_index = 22277, .adv_w = 129, .box_w = 8, .box_h = 6, .ofs_x = 0, .ofs_y = 0},
    {.bitmap_index = 22299, .adv_w = 127, .box_w = 8, .box_h = 12, .ofs_x = 0, .ofs_y = -3},
    {.bitmap_index = 22345, .adv_w = 78, .box_w = 5, .box_h = 10, .ofs_x = 0, .ofs_y = 0},
    {.bitmap_index = 22370, .adv_w = 78, .box_w = 5, .box_h = 6, .ofs_x = 0, .ofs_y = 0},
    {.bitmap_index = 22385, .adv_w = 78, .box_w = 5, .box_h = 10, .ofs_x = 0, .ofs_y = 0},
    {.bitmap_index = 22410, .adv_w = 78, .box_w = 5, .box_h = 8, .ofs_x = 0, .ofs_y = 0},
    {.bitmap_index = 22430, .adv_w = 86, .box_w = 5, .box_h = 7, .ofs_x = 0, .ofs_y = -3},
    {.bitmap_index = 22448, .adv_w = 86, .box_w = 5, .box_h = 7, .ofs_x = 0, .ofs_y = -3},
    {.bitmap_index = 22466, .adv_w = 86, .box_w = 5, .box_h = 12, .ofs_x = 0, .ofs_y = -3},
    {.bitmap_index = 22495, .adv_w = 86, .box_w = 5, .box_h = 12, .ofs_x = 0, .ofs_y = -3},
    {.bitmap_index = 22525, .adv_w = 86, .box_w = 5, .box_h = 11, .ofs_x = 0, .ofs_y = -3},
    {.bitmap_index = 22550, .adv_w = 86, .box_w = 5, .box_h = 11, .ofs_x = 0, .ofs_y = -3},
    {.bitmap_index = 22579, .adv_w = 86, .box_w = 5, .box_h = 10, .ofs_x = 0, .ofs_y = -3},
    {.bitmap_index = 22605, .adv_w = 86, .box_w = 5, .box_h = 11, .ofs_x = 0, .ofs_y = -3},
    {.bitmap_index = 22634, .adv_w = 146, .box_w = 9, .box_h = 8, .ofs_x = 0, .ofs_y = -3},
    {.bitmap_index = 22667, .adv_w = 171, .box_w = 11, .box_h = 8, .ofs_x = 0, .ofs_y = -2},
    {.bitmap_index = 22707, .adv_w = 146, .box_w = 9, .box_h = 9, .ofs_x = 0, .ofs_y = -3},
    {.bitmap_index = 22746, .adv_w = 86, .box_w = 5, .box_h = 10, .ofs_x = 0, .ofs_y = -3},
    {.bitmap_index = 22771, .adv_w = 146, .box_w = 9, .box_h = 10, .ofs_x = 0, .ofs_y = -3},
    {.bitmap_index = 22811, .adv_w = 146, .box_w = 9, .box_h = 11, .ofs_x = 0, .ofs_y = -4},
    {.bitmap_index = 22855, .adv_w = 181, .box_w = 11, .box_h = 6, .ofs_x = 0, .ofs_y = 0},
    {.bitmap_index = 22880, .adv_w = 181, .box_w = 11, .box_h = 10, .ofs_x = 0, .ofs_y = 0},
    {.bitmap_index = 22918, .adv_w = 57, .box_w = 4, .box_h = 1, .ofs_x = 0, .ofs_y = 0},
    {.bitmap_index = 22921, .adv_w = 78, .box_w = 5, .box_h = 6, .ofs_x = 0, .ofs_y = 0},
    {.bitmap_index = 22936, .adv_w = 0, .box_w = 6, .box_h = 4, .ofs_x = -3, .ofs_y = 9},
    {.bitmap_index = 22948, .adv_w = 0, .box_w = 4, .box_h = 4, .ofs_x = -2, .ofs_y = 9},
    {.bitmap_index = 22957, .adv_w = 0, .box_w = 4, .box_h = 2, .ofs_x = -2, .ofs_y = 10},
    {.bitmap_index = 22962, .adv_w = 0, .box_w = 3, .box_h = 3, .ofs_x = -1, .ofs_y = 9},
    {.bitmap_index = 22967, .adv_w = 0, .box_w = 4, .box_h = 4, .ofs_x = -2, .ofs_y = 9},
    {.bitmap_index = 22976, .adv_w = 0, .box_w = 4, .box_h = 3, .ofs_x = -2, .ofs_y = 9},
    {.bitmap_index = 22982, .adv_w = 0, .box_w = 5, .box_h = 4, .ofs_x = 0, .ofs_y = 7},
    {.bitmap_index = 22991, .adv_w = 263, .box_w = 15, .box_h = 14, .ofs_x = 1, .ofs_y = -3},
    {.bitmap_index = 23071, .adv_w = 192, .box_w = 12, .box_h = 13, .ofs_x = 0, .ofs_y = -3},
    {.bitmap_index = 23140, .adv_w = 0, .box_w = 3, .box_h = 3, .ofs_x = 0, .ofs_y = 7},
    {.bitmap_index = 23145, .adv_w = 0, .box_w = 3, .box_h = 3, .ofs_x = 0, .ofs_y = 7},
    {.bitmap_index = 23150, .adv_w = 0, .box_w = 4, .box_h = 3, .ofs_x = 0, .ofs_y = 7},
    {.bitmap_index = 23156, .adv_w = 0, .box_w = 3, .box_h = 4, .ofs_x = 0, .ofs_y = 6},
    {.bitmap_index = 23163, .adv_w = 0, .box_w = 5, .box_h = 4, .ofs_x = 0, .ofs_y = 7},
    {.bitmap_index = 23172, .adv_w = 0, .box_w = 4, .box_h = 2, .ofs_x = 0, .ofs_y = 6},
    {.bitmap_index = 23177, .adv_w = 35, .box_w = 3, .box_h = 3, .ofs_x = 0, .ofs_y = 0},
    {.bitmap_index = 23182, .adv_w = 67, .box_w = 4, .box_h = 3, .ofs_x = 0, .ofs_y = 0},
    {.bitmap_index = 23189, .adv_w = 0, .box_w = 4, .box_h = 3, .ofs_x = 0, .ofs_y = 7},
    {.bitmap_index = 23196, .adv_w = 0, .box_w = 4, .box_h = 4, .ofs_x = 0, .ofs_y = 7},
    {.bitmap_index = 23205, .adv_w = 117, .box_w = 7, .box_h = 9, .ofs_x = 0, .ofs_y = 0},
    {.bitmap_index = 23234, .adv_w = 0, .box_w = 4, .box_h = 4, .ofs_x = 0, .ofs_y = -4},
    {.bitmap_index = 23242, .adv_w = 0, .box_w = 3, .box_h = 3, .ofs_x = 0, .ofs_y = 7},
    {.bitmap_index = 23247, .adv_w = 0, .box_w = 2, .box_h = 2, .ofs_x = 0, .ofs_y = 7},
    {.bitmap_index = 23250, .adv_w = 0, .box_w = 3, .box_h = 4, .ofs_x = 0, .ofs_y = -4},
    {.bitmap_index = 23257, .adv_w = 92, .box_w = 6, .box_h = 10, .ofs_x = 0, .ofs_y = 0},
    {.bitmap_index = 23284, .adv_w = 70, .box_w = 5, .box_h = 12, .ofs_x = -1, .ofs_y = -3},
    {.bitmap_index = 23311, .adv_w = 57, .box_w = 3, .box_h = 3, .ofs_x = 0, .ofs_y = 2},
    {.bitmap_index = 23316, .adv_w = 54, .box_w = 3, .box_h = 10, .ofs_x = 0, .ofs_y = -1},
    {.bitmap_index = 23332, .adv_w = 94, .box_w = 6, .box_h = 9, .ofs_x = 0, .ofs_y = 0},
    {.bitmap_index = 23357, .adv_w = 112, .box_w = 7, .box_h = 10, .ofs_x = 0, .ofs_y = -1},
    {.bitmap_index = 23387, .adv_w = 94, .box_w = 6, .box_h = 8, .ofs_x = 0, .ofs_y = 0},
    {.bitmap_index = 23409, .adv_w = 105, .box_w = 6, .box_h = 9, .ofs_x = 0, .ofs_y = 0},
    {.bitmap_index = 23434, .adv_w = 82, .box_w = 5, .box_h = 9, .ofs_x = 0, .ofs_y = -1},
    {.bitmap_index = 23458, .adv_w = 111, .box_w = 7, .box_h = 10, .ofs_x = 0, .ofs_y = -1},
    {.bitmap_index = 23491, .adv_w = 111, .box_w = 7, .box_h = 10, .ofs_x = 0, .ofs_y = -1},
    {.bitmap_index = 23522, .adv_w = 94, .box_w = 6, .box_h = 8, .ofs_x = 0, .ofs_y = 0},
    {.bitmap_index = 23544, .adv_w = 232, .box_w = 14, .box_h = 11, .ofs_x = 0, .ofs_y = -3},
    {.bitmap_index = 23603, .adv_w = 251, .box_w = 16, .box_h = 10, .ofs_x = 0, .ofs_y = -3},
    {.bitmap_index = 23668, .adv_w = 117, .box_w = 7, .box_h = 12, .ofs_x = 0, .ofs_y = -3},
    {.bitmap_index = 23709, .adv_w = 79, .box_w = 5, .box_h = 7, .ofs_x = 0, .ofs_y = -3},
    {.bitmap_index = 23726, .adv_w = 93, .box_w = 6, .box_h = 8, .ofs_x = 0, .ofs_y = -3},
    {.bitmap_index = 23750, .adv_w = 129, .box_w = 8, .box_h = 10, .ofs_x = 0, .ofs_y = 0},
    {.bitmap_index = 23785, .adv_w = 96, .box_w = 6, .box_h = 1, .ofs_x = 0, .ofs_y = 3},
    {.bitmap_index = 23788, .adv_w = 192, .box_w = 12, .box_h = 1, .ofs_x = 0, .ofs_y = 3},
    {.bitmap_index = 23792, .adv_w = 34, .box_w = 2, .box_h = 4, .ofs_x = 0, .ofs_y = 5},
    {.bitmap_index = 23797, .adv_w = 34, .box_w = 2, .box_h = 4, .ofs_x = 0, .ofs_y = 5},
    {.bitmap_index = 23802, .adv_w = 69, .box_w = 5, .box_h = 4, .ofs_x = 0, .ofs_y = 5},
    {.bitmap_index = 23813, .adv_w = 69, .box_w = 5, .box_h = 4, .ofs_x = 0, .ofs_y = 5},
    {.bitmap_index = 23823, .adv_w = 72, .box_w = 4, .box_h = 4, .ofs_x = 0, .ofs_y = 3},
    {.bitmap_index = 23832, .adv_w = 152, .box_w = 9, .box_h = 2, .ofs_x = 0, .ofs_y = 0},
    {.bitmap_index = 23841, .adv_w = 110, .box_w = 7, .box_h = 9, .ofs_x = 0, .ofs_y = 0},
    {.bitmap_index = 23873, .adv_w = 191, .box_w = 12, .box_h = 10, .ofs_x = 0, .ofs_y = -1},
    {.bitmap_index = 23920, .adv_w = 168, .box_w = 11, .box_h = 9, .ofs_x = 0, .ofs_y = 0},
    {.bitmap_index = 23956, .adv_w = 148, .box_w = 9, .box_h = 5, .ofs_x = 0, .ofs_y = 4},
    {.bitmap_index = 23977, .adv_w = 115, .box_w = 6, .box_h = 6, .ofs_x = 1, .ofs_y = 0},
    {.bitmap_index = 23994, .adv_w = 115, .box_w = 6, .box_h = 6, .ofs_x = 1, .ofs_y = 0},
    {.bitmap_index = 24010, .adv_w = 115, .box_w = 7, .box_h = 6, .ofs_x = 0, .ofs_y = 0},
    {.bitmap_index = 24028, .adv_w = 115, .box_w = 5, .box_h = 6, .ofs_x = 1, .ofs_y = 0},
    {.bitmap_index = 24041, .adv_w = 112, .box_w = 7, .box_h = 8, .ofs_x = 0, .ofs_y = 0},
    {.bitmap_index = 24067, .adv_w = 112, .box_w = 7, .box_h = 8, .ofs_x = 0, .ofs_y = 0},
    {.bitmap_index = 24092, .adv_w = 112, .box_w = 7, .box_h = 8, .ofs_x = 0, .ofs_y = 0},
    {.bitmap_index = 24117, .adv_w = 58, .box_w = 4, .box_h = 3, .ofs_x = 0, .ofs_y = 7},
    {.bitmap_index = 24123, .adv_w = 58, .box_w = 5, .box_h = 11, .ofs_x = 0, .ofs_y = 0},
    {.bitmap_index = 24140, .adv_w = 72, .box_w = 5, .box_h = 4, .ofs_x = 0, .ofs_y = 6},
    {.bitmap_index = 24151, .adv_w = 51, .box_w = 4, .box_h = 5, .ofs_x = 0, .ofs_y = -3},
    {.bitmap_index = 24161, .adv_w = 58, .box_w = 4, .box_h = 4, .ofs_x = 0, .ofs_y = -4},
    {.bitmap_index = 24170, .adv_w = 58, .box_w = 4, .box_h = 2, .ofs_x = 0, .ofs_y = 7},
    {.bitmap_index = 24175, .adv_w = 58, .box_w = 5, .box_h = 9, .ofs_x = 0, .ofs_y = 0},
    {.bitmap_index = 24188, .adv_w = 59, .box_w = 4, .box_h = 4, .ofs_x = 0, .ofs_y = 6},
    {.bitmap_index = 24197, .adv_w = 58, .box_w = 6, .box_h = 10, .ofs_x = -1, .ofs_y = 0},
    {.bitmap_index = 24213, .adv_w = 56, .box_w = 4, .box_h = 2, .ofs_x = 0, .ofs_y = -2},
    {.bitmap_index = 24218, .adv_w = 58, .box_w = 5, .box_h = 3, .ofs_x = 0, .ofs_y = -2},
    {.bitmap_index = 24226, .adv_w = 62, .box_w = 4, .box_h = 3, .ofs_x = 0, .ofs_y = 7},
    {.bitmap_index = 24232, .adv_w = 58, .box_w = 5, .box_h = 10, .ofs_x = 0, .ofs_y = 0},
    {.bitmap_index = 24247, .adv_w = 45, .box_w = 3, .box_h = 3, .ofs_x = 0, .ofs_y = 7},
    {.bitmap_index = 24252, .adv_w = 58, .box_w = 5, .box_h = 10, .ofs_x = 0, .ofs_y = 0},
    {.bitmap_index = 24267, .adv_w = 79, .box_w = 5, .box_h = 5, .ofs_x = 0, .ofs_y = -1},
    {.bitmap_index = 24279, .adv_w = 45, .box_w = 5, .box_h = 10, .ofs_x = -1, .ofs_y = 0},
    {.bitmap_index = 24297, .adv_w = 55, .box_w = 6, .box_h = 10, .ofs_x = -1, .ofs_y = 0},
    {.bitmap_index = 24320, .adv_w = 45, .box_w = 3, .box_h = 11, .ofs_x = 0, .ofs_y = 0},
    {.bitmap_index = 24334, .adv_w = 55, .box_w = 5, .box_h = 12, .ofs_x = 0, .ofs_y = 0},
    {.bitmap_index = 24359, .adv_w = 86, .box_w = 5, .box_h = 11, .ofs_x = 0, .ofs_y = -3},
    {.bitmap_index = 24388, .adv_w = 91, .box_w = 7, .box_h = 11, .ofs_x = 0, .ofs_y = -3},
    {.bitmap_index = 24425, .adv_w = 46, .box_w = 3, .box_h = 12, .ofs_x = 0, .ofs_y = -3},
    {.bitmap_index = 24440, .adv_w = 56, .box_w = 5, .box_h = 12, .ofs_x = 0, .ofs_y = -3},
    {.bitmap_index = 24464, .adv_w = 146, .box_w = 9, .box_h = 9, .ofs_x = 0, .ofs_y = -3},
    {.bitmap_index = 24503, .adv_w = 141, .box_w = 10, .box_h = 9, .ofs_x = 0, .ofs_y = -3},
    {.bitmap_index = 24541, .adv_w = 52, .box_w = 3, .box_h = 9, .ofs_x = 0, .ofs_y = 0},
    {.bitmap_index = 24555, .adv_w = 66, .box_w = 5, .box_h = 8, .ofs_x = 0, .ofs_y = 0},
    {.bitmap_index = 24575, .adv_w = 46, .box_w = 3, .box_h = 9, .ofs_x = 0, .ofs_y = 0},
    {.bitmap_index = 24585, .adv_w = 56, .box_w = 5, .box_h = 9, .ofs_x = 0, .ofs_y = 0},
    {.bitmap_index = 24601, .adv_w = 191, .box_w = 12, .box_h = 9, .ofs_x = 0, .ofs_y = -3},
    {.bitmap_index = 24640, .adv_w = 210, .box_w = 14, .box_h = 8, .ofs_x = 0, .ofs_y = -3},
    {.bitmap_index = 24679, .adv_w = 52, .box_w = 3, .box_h = 8, .ofs_x = 0, .ofs_y = -3},
    {.bitmap_index = 24691, .adv_w = 66, .box_w = 5, .box_h = 7, .ofs_x = 0, .ofs_y = -3},
    {.bitmap_index = 24708, .adv_w = 78, .box_w = 5, .box_h = 8, .ofs_x = 0, .ofs_y = 0},
    {.bitmap_index = 24728, .adv_w = 93, .box_w = 7, .box_h = 9, .ofs_x = 0, .ofs_y = 0},
    {.bitmap_index = 24758, .adv_w = 191, .box_w = 12, .box_h = 6, .ofs_x = 0, .ofs_y = 0},
    {.bitmap_index = 24787, .adv_w = 210, .box_w = 14, .box_h = 6, .ofs_x = 0, .ofs_y = 0},
    {.bitmap_index = 24818, .adv_w = 57, .box_w = 4, .box_h = 7, .ofs_x = 0, .ofs_y = 0},
    {.bitmap_index = 24833, .adv_w = 72, .box_w = 6, .box_h = 6, .ofs_x = 0, .ofs_y = 0},
    {.bitmap_index = 24850, .adv_w = 191, .box_w = 12, .box_h = 8, .ofs_x = 0, .ofs_y = 0},
    {.bitmap_index = 24886, .adv_w = 210, .box_w = 14, .box_h = 8, .ofs_x = 0, .ofs_y = 0},
    {.bitmap_index = 24925, .adv_w = 57, .box_w = 4, .box_h = 9, .ofs_x = 0, .ofs_y = 0},
    {.bitmap_index = 24944, .adv_w = 72, .box_w = 6, .box_h = 7, .ofs_x = 0, .ofs_y = 0},
    {.bitmap_index = 24964, .adv_w = 123, .box_w = 8, .box_h = 9, .ofs_x = 0, .ofs_y = -3},
    {.bitmap_index = 25001, .adv_w = 125, .box_w = 9, .box_h = 9, .ofs_x = 0, .ofs_y = -3},
    {.bitmap_index = 25042, .adv_w = 113, .box_w = 7, .box_h = 7, .ofs_x = 0, .ofs_y = -3},
    {.bitmap_index = 25065, .adv_w = 122, .box_w = 9, .box_h = 7, .ofs_x = 0, .ofs_y = -3},
    {.bitmap_index = 25094, .adv_w = 123, .box_w = 8, .box_h = 9, .ofs_x = 0, .ofs_y = -3},
    {.bitmap_index = 25128, .adv_w = 125, .box_w = 9, .box_h = 9, .ofs_x = 0, .ofs_y = -3},
    {.bitmap_index = 25169, .adv_w = 113, .box_w = 7, .box_h = 4, .ofs_x = 0, .ofs_y = 0},
    {.bitmap_index = 25183, .adv_w = 122, .box_w = 9, .box_h = 4, .ofs_x = 0, .ofs_y = 0},
    {.bitmap_index = 25201, .adv_w = 123, .box_w = 8, .box_h = 12, .ofs_x = 0, .ofs_y = -3},
    {.bitmap_index = 25243, .adv_w = 125, .box_w = 9, .box_h = 12, .ofs_x = 0, .ofs_y = -3},
    {.bitmap_index = 25292, .adv_w = 113, .box_w = 7, .box_h = 7, .ofs_x = 0, .ofs_y = 0},
    {.bitmap_index = 25313, .adv_w = 122, .box_w = 9, .box_h = 7, .ofs_x = 0, .ofs_y = 0},
    {.bitmap_index = 25339, .adv_w = 92, .box_w = 6, .box_h = 6, .ofs_x = 0, .ofs_y = 0},
    {.bitmap_index = 25356, .adv_w = 102, .box_w = 7, .box_h = 6, .ofs_x = 0, .ofs_y = 0},
    {.bitmap_index = 25375, .adv_w = 92, .box_w = 6, .box_h = 8, .ofs_x = 0, .ofs_y = 0},
    {.bitmap_index = 25396, .adv_w = 102, .box_w = 7, .box_h = 8, .ofs_x = 0, .ofs_y = 0},
    {.bitmap_index = 25419, .adv_w = 70, .box_w = 5, .box_h = 8, .ofs_x = -1, .ofs_y = -3},
    {.bitmap_index = 25437, .adv_w = 76, .box_w = 7, .box_h = 8, .ofs_x = -1, .ofs_y = -3},
    {.bitmap_index = 25459, .adv_w = 70, .box_w = 5, .box_h = 10, .ofs_x = -1, .ofs_y = -3},
    {.bitmap_index = 25482, .adv_w = 76, .box_w = 7, .box_h = 10, .ofs_x = -1, .ofs_y = -3},
    {.bitmap_index = 25510, .adv_w = 232, .box_w = 14, .box_h = 8, .ofs_x = 0, .ofs_y = -3},
    {.bitmap_index = 25556, .adv_w = 244, .box_w = 16, .box_h = 7, .ofs_x = 0, .ofs_y = -3},
    {.bitmap_index = 25602, .adv_w = 151, .box_w = 9, .box_h = 5, .ofs_x = 0, .ofs_y = 0},
    {.bitmap_index = 25624, .adv_w = 163, .box_w = 11, .box_h = 4, .ofs_x = 0, .ofs_y = 0},
    {.bitmap_index = 25645, .adv_w = 232, .box_w = 14, .box_h = 11, .ofs_x = 0, .ofs_y = -3},
    {.bitmap_index = 25701, .adv_w = 244, .box_w = 16, .box_h = 11, .ofs_x = 0, .ofs_y = -3},
    {.bitmap_index = 25764, .adv_w = 151, .box_w = 9, .box_h = 8, .ofs_x = 0, .ofs_y = 0},
    {.bitmap_index = 25795, .adv_w = 163, .box_w = 11, .box_h = 8, .ofs_x = 0, .ofs_y = 0},
    {.bitmap_index = 25830, .adv_w = 251, .box_w = 16, .box_h = 8, .ofs_x = 0, .ofs_y = -3},
    {.bitmap_index = 25883, .adv_w = 260, .box_w = 17, .box_h = 8, .ofs_x = 0, .ofs_y = -3},
    {.bitmap_index = 25939, .adv_w = 173, .box_w = 11, .box_h = 5, .ofs_x = 0, .ofs_y = 0},
    {.bitmap_index = 25966, .adv_w = 182, .box_w = 12, .box_h = 5, .ofs_x = 0, .ofs_y = 0},
    {.bitmap_index = 25996, .adv_w = 251, .box_w = 16, .box_h = 10, .ofs_x = 0, .ofs_y = -3},
    {.bitmap_index = 26058, .adv_w = 260, .box_w = 17, .box_h = 10, .ofs_x = 0, .ofs_y = -3},
    {.bitmap_index = 26123, .adv_w = 173, .box_w = 11, .box_h = 7, .ofs_x = 0, .ofs_y = 0},
    {.bitmap_index = 26156, .adv_w = 182, .box_w = 12, .box_h = 7, .ofs_x = 0, .ofs_y = 0},
    {.bitmap_index = 26192, .adv_w = 151, .box_w = 9, .box_h = 9, .ofs_x = 0, .ofs_y = 0},
    {.bitmap_index = 26224, .adv_w = 160, .box_w = 11, .box_h = 9, .ofs_x = 0, .ofs_y = 0},
    {.bitmap_index = 26261, .adv_w = 130, .box_w = 8, .box_h = 9, .ofs_x = 0, .ofs_y = 0},
    {.bitmap_index = 26286, .adv_w = 136, .box_w = 10, .box_h = 9, .ofs_x = 0, .ofs_y = 0},
    {.bitmap_index = 26314, .adv_w = 151, .box_w = 9, .box_h = 9, .ofs_x = 0, .ofs_y = 0},
    {.bitmap_index = 26349, .adv_w = 160, .box_w = 11, .box_h = 9, .ofs_x = 0, .ofs_y = 0},
    {.bitmap_index = 26389, .adv_w = 130, .box_w = 8, .box_h = 9, .ofs_x = 0, .ofs_y = 0},
    {.bitmap_index = 26419, .adv_w = 136, .box_w = 10, .box_h = 9, .ofs_x = 0, .ofs_y = 0},
    {.bitmap_index = 26453, .adv_w = 117, .box_w = 7, .box_h = 10, .ofs_x = 0, .ofs_y = -3},
    {.bitmap_index = 26485, .adv_w = 110, .box_w = 8, .box_h = 9, .ofs_x = 0, .ofs_y = -3},
    {.bitmap_index = 26521, .adv_w = 97, .box_w = 6, .box_h = 5, .ofs_x = 0, .ofs_y = 0},
    {.bitmap_index = 26536, .adv_w = 100, .box_w = 7, .box_h = 5, .ofs_x = 0, .ofs_y = 0},
    {.bitmap_index = 26554, .adv_w = 117, .box_w = 7, .box_h = 12, .ofs_x = 0, .ofs_y = -3},
    {.bitmap_index = 26592, .adv_w = 110, .box_w = 8, .box_h = 11, .ofs_x = 0, .ofs_y = -3},
    {.bitmap_index = 26634, .adv_w = 97, .box_w = 6, .box_h = 8, .ofs_x = 0, .ofs_y = 0},
    {.bitmap_index = 26656, .adv_w = 100, .box_w = 7, .box_h = 7, .ofs_x = 0, .ofs_y = 0},
    {.bitmap_index = 26680, .adv_w = 189, .box_w = 12, .box_h = 9, .ofs_x = 0, .ofs_y = 0},
    {.bitmap_index = 26716, .adv_w = 211, .box_w = 14, .box_h = 8, .ofs_x = 0, .ofs_y = 0},
    {.bitmap_index = 26756, .adv_w = 86, .box_w = 5, .box_h = 9, .ofs_x = 0, .ofs_y = 0},
    {.bitmap_index = 26779, .adv_w = 95, .box_w = 7, .box_h = 7, .ofs_x = 0, .ofs_y = 0},
    {.bitmap_index = 26802, .adv_w = 149, .box_w = 9, .box_h = 10, .ofs_x = 0, .ofs_y = -2},
    {.bitmap_index = 26841, .adv_w = 155, .box_w = 11, .box_h = 9, .ofs_x = 0, .ofs_y = -3},
    {.bitmap_index = 26886, .adv_w = 86, .box_w = 5, .box_h = 9, .ofs_x = 0, .ofs_y = 0},
    {.bitmap_index = 26910, .adv_w = 95, .box_w = 7, .box_h = 7, .ofs_x = 0, .ofs_y = 0},
    {.bitmap_index = 26934, .adv_w = 169, .box_w = 10, .box_h = 9, .ofs_x = 0, .ofs_y = 0},
    {.bitmap_index = 26973, .adv_w = 177, .box_w = 12, .box_h = 9, .ofs_x = 0, .ofs_y = 0},
    {.bitmap_index = 27020, .adv_w = 79, .box_w = 6, .box_h = 9, .ofs_x = 0, .ofs_y = 0},
    {.bitmap_index = 27046, .adv_w = 98, .box_w = 7, .box_h = 9, .ofs_x = 0, .ofs_y = 0},
    {.bitmap_index = 27075, .adv_w = 133, .box_w = 8, .box_h = 11, .ofs_x = 0, .ofs_y = -2},
    {.bitmap_index = 27107, .adv_w = 140, .box_w = 10, .box_h = 12, .ofs_x = 0, .ofs_y = -3},
    {.bitmap_index = 27148, .adv_w = 50, .box_w = 3, .box_h = 9, .ofs_x = 0, .ofs_y = 0},
    {.bitmap_index = 27162, .adv_w = 58, .box_w = 5, .box_h = 9, .ofs_x = 0, .ofs_y = 0},
    {.bitmap_index = 27179, .adv_w = 93, .box_w = 6, .box_h = 8, .ofs_x = 0, .ofs_y = -3},
    {.bitmap_index = 27203, .adv_w = 108, .box_w = 8, .box_h = 8, .ofs_x = 0, .ofs_y = -4},
    {.bitmap_index = 27231, .adv_w = 101, .box_w = 6, .box_h = 4, .ofs_x = 0, .ofs_y = 0},
    {.bitmap_index = 27244, .adv_w = 111, .box_w = 8, .box_h = 4, .ofs_x = 0, .ofs_y = 0},
    {.bitmap_index = 27260, .adv_w = 132, .box_w = 8, .box_h = 9, .ofs_x = 0, .ofs_y = -3},
    {.bitmap_index = 27288, .adv_w = 140, .box_w = 10, .box_h = 9, .ofs_x = 0, .ofs_y = -3},
    {.bitmap_index = 27324, .adv_w = 52, .box_w = 3, .box_h = 7, .ofs_x = 0, .ofs_y = 0},
    {.bitmap_index = 27335, .adv_w = 66, .box_w = 5, .box_h = 6, .ofs_x = 0, .ofs_y = 0},
    {.bitmap_index = 27349, .adv_w = 78, .box_w = 5, .box_h = 6, .ofs_x = 0, .ofs_y = 0},
    {.bitmap_index = 27364, .adv_w = 93, .box_w = 7, .box_h = 7, .ofs_x = 0, .ofs_y = 0},
    {.bitmap_index = 27388, .adv_w = 110, .box_w = 7, .box_h = 6, .ofs_x = 0, .ofs_y = 0},
    {.bitmap_index = 27409, .adv_w = 97, .box_w = 7, .box_h = 8, .ofs_x = 0, .ofs_y = -3},
    {.bitmap_index = 27437, .adv_w = 86, .box_w = 5, .box_h = 7, .ofs_x = 0, .ofs_y = -3},
    {.bitmap_index = 27455, .adv_w = 91, .box_w = 7, .box_h = 7, .ofs_x = 0, .ofs_y = -3},
    {.bitmap_index = 27480, .adv_w = 146, .box_w = 9, .box_h = 8, .ofs_x = 0, .ofs_y = -3},
    {.bitmap_index = 27513, .adv_w = 141, .box_w = 10, .box_h = 6, .ofs_x = 0, .ofs_y = -3},
    {.bitmap_index = 27540, .adv_w = 146, .box_w = 9, .box_h = 11, .ofs_x = 0, .ofs_y = -4},
    {.bitmap_index = 27584, .adv_w = 152, .box_w = 11, .box_h = 8, .ofs_x = 0, .ofs_y = -4},
    {.bitmap_index = 27621, .adv_w = 57, .box_w = 4, .box_h = 8, .ofs_x = -1, .ofs_y = -3},
    {.bitmap_index = 27638, .adv_w = 72, .box_w = 6, .box_h = 7, .ofs_x = 0, .ofs_y = -3},
    {.bitmap_index = 27659, .adv_w = 112, .box_w = 8, .box_h = 10, .ofs_x = -1, .ofs_y = 0},
    {.bitmap_index = 27696, .adv_w = 115, .box_w = 9, .box_h = 9, .ofs_x = -1, .ofs_y = 0},
    {.bitmap_index = 27732, .adv_w = 112, .box_w = 7, .box_h = 10, .ofs_x = 0, .ofs_y = 0},
    {.bitmap_index = 27766, .adv_w = 115, .box_w = 8, .box_h = 10, .ofs_x = 0, .ofs_y = 0},
    {.bitmap_index = 27801, .adv_w = 112, .box_w = 7, .box_h = 12, .ofs_x = 0, .ofs_y = -3},
    {.bitmap_index = 27840, .adv_w = 115, .box_w = 8, .box_h = 12, .ofs_x = 0, .ofs_y = -3},
    {.bitmap_index = 27879, .adv_w = 112, .box_w = 7, .box_h = 9, .ofs_x = 0, .ofs_y = 0},
    {.bitmap_index = 27909, .adv_w = 115, .box_w = 8, .box_h = 9, .ofs_x = 0, .ofs_y = 0}
};

/*---------------------
 *  CHARACTER MAPPING
 *--------------------*/

static const uint16_t unicode_list_0[] = {
    0x0, 0x2, 0x4, 0x6, 0xb, 0xd, 0xe, 0x14,
    0x19, 0x1a, 0x1b
};

static const uint8_t glyph_id_ofs_list_2[] = {
    0, 1, 2, 3, 4, 5, 6, 7,
    0, 0, 8, 9, 10, 11, 12, 13,
    0, 0, 0, 0, 14, 15, 16, 17,
    18, 19, 20, 0, 21
};

static const uint16_t unicode_list_6[] = {
    0x0, 0x1, 0x8, 0x9, 0x10, 0x11, 0x12, 0x13
};

static const uint16_t unicode_list_11[] = {
    0x0, 0x1, 0x5, 0x6, 0x9, 0xa, 0xf, 0x13,
    0x99, 0xf0, 0xf6, 0x10f, 0x17d, 0x17e, 0x17f, 0x180,
    0x24d, 0x251, 0x252, 0xde5d, 0xde5e, 0xde5f, 0xde60, 0xde61
};

/*Collect the unicode lists and glyph_id offsets*/
static const lv_font_fmt_txt_cmap_t cmaps[] =
{
    {
        .range_start = 163, .range_length = 28, .glyph_id_start = 1,
        .unicode_list = unicode_list_0, .glyph_id_ofs_list = NULL, .list_length = 11, .type = LV_FONT_FMT_TXT_CMAP_SPARSE_TINY
    },
    {
        .range_start = 192, .range_length = 192, .glyph_id_start = 12,
        .unicode_list = NULL, .glyph_id_ofs_list = NULL, .list_length = 0, .type = LV_FONT_FMT_TXT_CMAP_FORMAT0_TINY
    },
    {
        .range_start = 880, .range_length = 29, .glyph_id_start = 204,
        .unicode_list = NULL, .glyph_id_ofs_list = glyph_id_ofs_list_2, .list_length = 29, .type = LV_FONT_FMT_TXT_CMAP_FORMAT0_FULL
    },
    {
        .range_start = 910, .range_length = 20, .glyph_id_start = 226,
        .unicode_list = NULL, .glyph_id_ofs_list = NULL, .list_length = 0, .type = LV_FONT_FMT_TXT_CMAP_FORMAT0_TINY
    },
    {
        .range_start = 931, .range_length = 63, .glyph_id_start = 246,
        .unicode_list = NULL, .glyph_id_ofs_list = NULL, .list_length = 0, .type = LV_FONT_FMT_TXT_CMAP_FORMAT0_TINY
    },
    {
        .range_start = 1008, .range_length = 112, .glyph_id_start = 309,
        .unicode_list = NULL, .glyph_id_ofs_list = NULL, .list_length = 0, .type = LV_FONT_FMT_TXT_CMAP_FORMAT0_TINY
    },
    {
        .range_start = 1122, .range_length = 20, .glyph_id_start = 421,
        .unicode_list = unicode_list_6, .glyph_id_ofs_list = NULL, .list_length = 8, .type = LV_FONT_FMT_TXT_CMAP_SPARSE_TINY
    },
    {
        .range_start = 1162, .range_length = 59, .glyph_id_start = 429,
        .unicode_list = NULL, .glyph_id_ofs_list = NULL, .list_length = 0, .type = LV_FONT_FMT_TXT_CMAP_FORMAT0_TINY
    },
    {
        .range_start = 1222, .range_length = 58, .glyph_id_start = 488,
        .unicode_list = NULL, .glyph_id_ofs_list = NULL, .list_length = 0, .type = LV_FONT_FMT_TXT_CMAP_FORMAT0_TINY
    },
    {
        .range_start = 1536, .range_length = 29, .glyph_id_start = 546,
        .unicode_list = NULL, .glyph_id_ofs_list = NULL, .list_length = 0, .type = LV_FONT_FMT_TXT_CMAP_FORMAT0_TINY
    },
    {
        .range_start = 1566, .range_length = 226, .glyph_id_start = 575,
        .unicode_list = NULL, .glyph_id_ofs_list = NULL, .list_length = 0, .type = LV_FONT_FMT_TXT_CMAP_FORMAT0_TINY
    },
    {
        .range_start = 8211, .range_length = 56930, .glyph_id_start = 801,
        .unicode_list = unicode_list_11, .glyph_id_ofs_list = NULL, .list_length = 24, .type = LV_FONT_FMT_TXT_CMAP_SPARSE_TINY
    },
    {
        .range_start = 65142, .range_length = 135, .glyph_id_start = 825,
        .unicode_list = NULL, .glyph_id_ofs_list = NULL, .list_length = 0, .type = LV_FONT_FMT_TXT_CMAP_FORMAT0_TINY
    }
};

/*-----------------
 *    KERNING
 *----------------*/


/*Map glyph_ids to kern left classes*/
static const uint8_t kern_left_class_mapping[] =
{
    0, 0, 0, 0, 0, 0, 0, 0,
    0, 0, 0, 0, 1, 1, 1, 1,
    1, 1, 2, 3, 2, 2, 2, 2,
    4, 4, 4, 4, 5, 4, 5, 5,
    5, 5, 5, 0, 5, 6, 6, 6,
    6, 7, 8, 9, 10, 10, 10, 10,
    10, 10, 11, 12, 11, 11, 11, 11,
    13, 13, 13, 13, 0, 10, 9, 9,
    9, 9, 9, 0, 9, 13, 13, 13,
    13, 14, 9, 14, 1, 10, 1, 10,
    1, 15, 3, 12, 3, 12, 3, 12,
    3, 12, 5, 16, 5, 17, 2, 11,
    2, 11, 2, 11, 2, 18, 2, 11,
    0, 13, 0, 13, 0, 13, 0, 13,
    4, 10, 4, 10, 4, 13, 4, 13,
    4, 13, 4, 19, 4, 13, 6, 13,
    6, 13, 20, 21, 21, 22, 17, 22,
    17, 22, 16, 22, 17, 22, 17, 4,
    10, 4, 10, 4, 10, 10, 4, 10,
    5, 9, 5, 9, 5, 9, 2, 11,
    23, 24, 23, 24, 23, 24, 25, 26,
    25, 26, 25, 26, 25, 26, 27, 28,
    27, 29, 27, 28, 6, 13, 6, 13,
    6, 13, 6, 13, 6, 13, 6, 30,
    31, 14, 7, 14, 7, 32, 33, 32,
    33, 32, 33, 0, 0, 0, 0, 0,
    0, 0, 0, 0, 0, 0, 0, 0,
    0, 0, 34, 35, 34, 0, 0, 0,
    0, 36, 37, 0, 38, 34, 35, 39,
    34, 0, 40, 0, 36, 0, 41, 34,
    0, 0, 0, 36, 0, 0, 40, 42,
    37, 36, 0, 37, 0, 0, 37, 43,
    44, 45, 38, 46, 43, 47, 48, 49,
    44, 50, 45, 51, 38, 0, 52, 43,
    48, 53, 49, 44, 49, 0, 54, 55,
    46, 49, 56, 46, 49, 38, 46, 49,
    46, 49, 41, 0, 0, 0, 0, 0,
    49, 0, 0, 0, 0, 0, 0, 0,
    0, 0, 0, 0, 0, 0, 0, 0,
    0, 0, 0, 0, 0, 0, 0, 0,
    0, 0, 0, 0, 0, 2, 2, 57,
    58, 3, 25, 4, 4, 6, 59, 59,
    57, 60, 4, 61, 4, 1, 62, 63,
    58, 64, 2, 60, 63, 4, 4, 60,
    4, 4, 4, 5, 4, 65, 3, 66,
    61, 5, 60, 64, 4, 4, 64, 59,
    4, 59, 5, 5, 4, 13, 9, 67,
    68, 13, 11, 69, 67, 13, 13, 69,
    13, 13, 13, 9, 13, 9, 12, 68,
    14, 9, 69, 13, 13, 13, 13, 70,
    13, 70, 9, 9, 13, 11, 11, 13,
    0, 12, 26, 13, 13, 13, 70, 70,
    10, 69, 13, 14, 13, 71, 72, 60,
    69, 5, 9, 61, 14, 64, 13, 59,
    72, 65, 9, 58, 0, 73, 68, 71,
    72, 60, 69, 63, 67, 60, 69, 60,
    69, 20, 21, 60, 69, 64, 13, 58,
    68, 74, 13, 9, 9, 3, 12, 66,
    24, 75, 14, 75, 14, 60, 69, 64,
    13, 64, 13, 4, 13, 74, 10, 5,
    11, 5, 11, 4, 60, 69, 20, 69,
    13, 4, 13, 64, 13, 4, 13, 64,
    13, 17, 1, 10, 1, 10, 2, 11,
    2, 11, 5, 9, 5, 9, 60, 69,
    63, 67, 63, 67, 4, 13, 4, 13,
    5, 9, 5, 9, 5, 9, 5, 9,
    61, 14, 61, 14, 61, 14, 4, 13,
    58, 0, 4, 13, 66, 24, 60, 76,
    60, 69, 0, 0, 0, 0, 0, 0,
    0, 0, 0, 0, 0, 0, 0, 0,
    0, 0, 0, 0, 0, 0, 0, 0,
    0, 0, 0, 0, 0, 0, 0, 0,
    0, 0, 0, 0, 0, 0, 0, 0,
    0, 0, 0, 0, 0, 0, 0, 0,
    0, 0, 77, 77, 0, 0, 0, 0,
    0, 0, 0, 0, 0, 0, 0, 0,
    0, 0, 0, 0, 0, 0, 0, 0,
    0, 0, 0, 0, 0, 0, 0, 0,
    0, 0, 0, 0, 0, 0, 0, 0,
    0, 0, 0, 0, 0, 0, 0, 0,
    0, 78, 79, 80, 80, 81, 82, 0,
    83, 84, 0, 0, 0, 0, 0, 0,
    0, 0, 0, 0, 0, 0, 0, 0,
    0, 0, 0, 0, 0, 0, 0, 0,
    0, 0, 0, 0, 0, 0, 0, 0,
    0, 0, 0, 0, 0, 0, 0, 0,
    0, 0, 77, 77, 77, 77, 77, 77,
    77, 77, 77, 0, 0, 0, 0, 0,
    0, 0, 0, 0, 0, 0, 0, 0,
    0, 0, 0, 0, 0, 0, 0, 0,
    0, 0, 0, 0, 0, 0, 0, 0,
    0, 0, 0, 0, 0, 0, 0, 0,
    0, 0, 0, 0, 0, 0, 0, 0,
    0, 0, 0, 0, 0, 0, 0, 0,
    0, 0, 0, 0, 0, 0, 0, 0,
    0, 0, 0, 0, 0, 0, 0, 0,
    0, 0, 0, 0, 0, 0, 0, 0,
    0, 0, 0, 0, 0, 0, 0, 0,
    77, 78, 0, 80, 80, 80, 82, 0,
    83, 84, 0, 0, 0, 0, 0, 0,
    0, 85, 85, 0, 0, 0, 0, 0,
    0, 0, 0, 0, 0, 0, 0, 0,
    0, 0, 0, 0, 0, 0, 0, 0,
    0, 0, 0, 0, 0, 0, 0, 0,
    0, 0, 0, 0, 0, 0, 0, 0,
    0, 0, 0, 0, 0, 0, 0, 0,
    0, 0, 0, 0, 0, 0, 0, 0,
    0, 0, 0, 0, 0, 0, 0, 0,
    0, 0, 0, 0, 0, 0, 0, 0,
    0, 0, 0, 0, 0, 0, 0, 0,
    77, 77, 77, 77, 0, 0, 0, 0,
    0, 0, 0, 0, 0, 0, 0, 0,
    0, 0, 0, 0, 0, 0, 0, 0,
    0, 0, 0, 0, 0, 0, 0, 0,
    0, 0, 0, 0, 0, 0, 0, 0,
    0, 0, 0, 0, 0, 0, 0, 0,
    0, 0, 0, 0, 0, 0, 0, 0,
    0, 0, 0, 0, 0, 0, 0, 0,
    0, 0, 0, 0, 0, 0, 0, 0,
    0, 0, 0, 0, 0, 0, 0, 0
};

/*Map glyph_ids to kern right classes*/
static const uint8_t kern_right_class_mapping[] =
{
    0, 0, 0, 0, 0, 0, 0, 0,
    0, 0, 0, 0, 1, 1, 1, 1,
    1, 1, 1, 2, 3, 3, 3, 3,
    3, 3, 3, 3, 3, 3, 2, 2,
    2, 2, 2, 0, 2, 4, 4, 4,
    4, 5, 3, 6, 7, 7, 7, 7,
    7, 7, 7, 8, 8, 8, 8, 8,
    9, 10, 11, 12, 8, 10, 8, 8,
    8, 8, 8, 0, 8, 13, 13, 13,
    13, 14, 6, 14, 1, 7, 1, 7,
    1, 7, 2, 8, 2, 8, 2, 8,
    2, 8, 3, 8, 3, 8, 3, 8,
    3, 8, 3, 8, 3, 8, 3, 8,
    2, 8, 2, 8, 2, 8, 2, 8,
    3, 6, 3, 6, 3, 15, 3, 16,
    3, 17, 3, 18, 3, 10, 3, 18,
    19, 20, 3, 6, 10, 3, 6, 3,
    6, 3, 6, 3, 6, 3, 6, 3,
    10, 3, 10, 3, 10, 10, 3, 10,
    2, 8, 2, 8, 2, 8, 2, 8,
    3, 10, 3, 10, 3, 10, 21, 22,
    21, 22, 21, 22, 21, 22, 23, 24,
    23, 24, 23, 24, 4, 13, 4, 13,
    4, 13, 4, 13, 4, 13, 4, 13,
    25, 14, 5, 14, 5, 26, 27, 26,
    27, 26, 27, 0, 0, 0, 0, 0,
    0, 0, 0, 0, 0, 0, 0, 0,
    0, 0, 28, 0, 28, 0, 0, 0,
    0, 29, 30, 0, 31, 28, 0, 0,
    28, 0, 32, 0, 29, 0, 0, 28,
    0, 0, 0, 29, 0, 0, 32, 33,
    30, 29, 34, 30, 0, 0, 30, 35,
    36, 0, 31, 37, 35, 38, 39, 35,
    36, 40, 0, 41, 31, 38, 42, 38,
    39, 43, 35, 44, 38, 35, 35, 45,
    37, 35, 46, 37, 35, 31, 37, 35,
    37, 35, 0, 0, 0, 0, 0, 0,
    35, 0, 0, 0, 0, 0, 0, 0,
    0, 0, 0, 0, 0, 0, 0, 0,
    0, 0, 0, 0, 0, 0, 0, 0,
    0, 0, 0, 0, 0, 3, 3, 23,
    3, 2, 21, 3, 3, 19, 47, 3,
    23, 3, 3, 48, 3, 1, 3, 3,
    3, 47, 3, 48, 49, 3, 3, 3,
    47, 3, 3, 2, 3, 3, 2, 23,
    48, 2, 48, 3, 50, 3, 3, 23,
    3, 3, 49, 3, 48, 7, 2, 51,
    51, 52, 8, 53, 54, 51, 51, 51,
    52, 51, 51, 8, 51, 51, 8, 55,
    14, 8, 53, 51, 13, 51, 51, 55,
    51, 51, 54, 51, 53, 8, 8, 6,
    51, 8, 22, 51, 51, 56, 52, 51,
    57, 51, 51, 14, 51, 23, 55, 48,
    53, 2, 8, 25, 14, 3, 51, 3,
    58, 3, 51, 3, 51, 0, 59, 3,
    51, 48, 53, 49, 54, 3, 51, 3,
    51, 3, 6, 23, 55, 3, 51, 3,
    51, 3, 51, 2, 8, 2, 8, 23,
    55, 5, 14, 5, 14, 48, 53, 23,
    55, 50, 13, 50, 13, 3, 6, 60,
    61, 60, 61, 3, 48, 53, 3, 51,
    52, 3, 51, 3, 51, 50, 13, 3,
    51, 6, 1, 7, 1, 7, 1, 7,
    3, 8, 2, 8, 2, 8, 48, 53,
    49, 54, 49, 54, 3, 51, 3, 51,
    2, 8, 2, 8, 2, 8, 49, 54,
    48, 14, 48, 14, 48, 14, 50, 13,
    3, 51, 3, 51, 3, 51, 48, 53,
    48, 53, 0, 0, 0, 0, 0, 0,
    0, 0, 0, 0, 0, 0, 0, 0,
    0, 0, 0, 0, 0, 0, 0, 0,
    0, 0, 0, 0, 0, 0, 0, 0,
    0, 0, 0, 0, 0, 0, 0, 0,
    0, 0, 0, 0, 0, 62, 62, 62,
    0, 0, 0, 0, 0, 0, 0, 0,
    0, 0, 63, 63, 0, 0, 0, 0,
    0, 0, 0, 0, 0, 0, 0, 0,
    0, 0, 0, 0, 0, 0, 0, 0,
    0, 0, 0, 0, 0, 0, 0, 0,
    0, 0, 0, 0, 0, 0, 0, 0,
    0, 64, 0, 0, 0, 0, 65, 66,
    67, 68, 69, 0, 0, 0, 0, 0,
    0, 0, 0, 0, 0, 0, 0, 0,
    0, 0, 0, 0, 0, 0, 0, 0,
    0, 0, 62, 62, 62, 62, 62, 62,
    62, 0, 0, 0, 0, 0, 0, 0,
    0, 0, 0, 0, 0, 0, 0, 0,
    0, 0, 0, 0, 0, 0, 0, 0,
    0, 63, 0, 0, 0, 0, 0, 0,
    0, 0, 0, 0, 0, 0, 0, 0,
    0, 0, 0, 0, 0, 0, 0, 0,
    0, 0, 0, 0, 0, 0, 0, 0,
    0, 0, 0, 0, 0, 0, 0, 0,
    0, 0, 0, 0, 0, 0, 0, 0,
    0, 0, 0, 0, 0, 0, 0, 0,
    0, 0, 0, 0, 0, 0, 0, 0,
    0, 0, 0, 0, 0, 0, 0, 0,
    0, 0, 0, 0, 0, 0, 0, 0,
    0, 64, 0, 0, 0, 0, 70, 0,
    71, 72, 69, 0, 0, 0, 0, 0,
    0, 73, 73, 0, 74, 0, 74, 0,
    75, 0, 0, 0, 0, 0, 0, 0,
    0, 0, 0, 0, 0, 0, 0, 0,
    0, 0, 0, 0, 0, 0, 0, 0,
    0, 0, 0, 0, 0, 0, 0, 0,
    0, 0, 0, 0, 0, 0, 0, 0,
    0, 0, 0, 0, 0, 0, 0, 0,
    0, 0, 0, 0, 0, 0, 0, 0,
    0, 0, 0, 0, 62, 62, 0, 0,
    0, 0, 0, 0, 0, 0, 0, 0,
    0, 0, 0, 0, 0, 0, 0, 0,
    0, 0, 0, 0, 0, 0, 0, 0,
    0, 0, 0, 0, 0, 0, 0, 0,
    0, 0, 0, 0, 63, 0, 0, 0,
    63, 0, 0, 0, 0, 0, 0, 0,
    0, 0, 0, 0, 0, 0, 0, 0,
    0, 0, 0, 0, 0, 0, 0, 0,
    0, 0, 0, 0, 0, 0, 0, 0,
    0, 0, 0, 0, 0, 0, 0, 0,
    0, 0, 0, 0, 0, 0, 0, 0
};

/*Kern values between classes*/
static const int8_t kern_class_values[] =
{
    2, -2, 0, -3, -8, 0, 0, -1,
    0, 0, 0, 0, -2, -5, 0, 0,
    0, 0, 3, 0, 0, -1, -7, -1,
    -7, 0, 0, 0, 0, 0, 0, 0,
    0, 0, 0, 0, 0, 0, 0, 0,
    0, 0, 0, 0, 0, 0, 1, -6,
    0, -9, 0, 1, -6, 0, -9, 0,
    0, -5, -2, -13, -8, 0, 0, 0,
    0, 0, 0, 0, 0, 0, 0, 0,
    0, 0, 0, 0, -1, 0, 0, -2,
    0, -1, -1, 0, 0, 0, 0, -1,
    -2, 0, 0, 0, 0, 0, 0, 0,
    -1, 0, -2, -2, 0, -2, 0, 0,
    0, 0, 0, 0, 0, 0, 0, 0,
    0, 0, 0, 0, 0, 0, 0, 0,
    0, 0, -2, 0, 0, 0, 0, -2,
    0, 0, 0, 0, -2, 0, 0, -2,
    0, 0, 0, 0, 0, 0, 0, 0,
    0, 0, 0, 0, 0, 0, -3, -3,
    0, -1, -2, 0, -1, -4, 0, 0,
    0, 0, -3, 0, 0, 0, 0, 0,
    0, 0, -1, -4, -2, 0, -1, 0,
    -3, 0, 0, 0, 0, 0, 0, 0,
    0, 0, 0, 0, 0, 0, 0, 0,
    0, 0, 0, 0, -3, -3, 0, -2,
    0, -4, -3, -2, -3, 0, 0, -6,
    0, -6, -11, 0, 0, 0, 0, 0,
    0, 0, 0, 0, 0, 0, 0, 0,
    0, 0, 0, 0, 0, 0, 0, 0,
    0, 0, 0, 0, 0, 0, 0, 0,
    0, 0, 0, 0, 0, 0, 0, 0,
    0, -1, 0, 0, 0, 0, 0, 0,
    0, 0, 0, 0, 0, 0, 0, 0,
    0, 0, 0, 0, 0, 0, 0, -2,
    0, 0, -4, 0, 0, 0, 0, 0,
    0, 0, -1, 0, -2, -2, 0, 0,
    0, 0, 0, 0, 0, 0, 0, 0,
    0, 0, 0, 0, -2, 0, 0, 0,
    -6, 0, 0, 0, 0, 0, 0, 0,
    0, 0, 0, 0, 0, 0, -3, 15,
    0, 0, -2, 1, -4, -2, 0, 0,
    0, 0, 0, 0, 0, 0, 0, 0,
    0, 0, 0, 0, 0, 0, 0, 0,
    0, 0, -4, -5, -4, -3, 0, -3,
    -2, -3, -2, 15, 0, -2, 0, 0,
    -3, 0, 0, 0, 0, 0, 0, 0,
    0, 0, 0, 0, 0, 0, 0, -3,
    0, 0, 0, -2, 0, 0, 0, 0,
    0, 0, 0, 0, 0, 0, 0, 0,
    0, 0, -1, 0, 0, -2, 0, 0,
    0, 0, 0, 0, 0, 0, 0, 0,
    0, 0, 0, 0, 0, 0, 0, 0,
    0, 0, 0, 0, 0, -4, -2, 0,
    -5, 0, -3, -1, -3, -3, -1, 0,
    -3, 0, -3, -5, 0, 0, 0, 0,
    0, 0, 0, 0, 0, 0, 0, 0,
    0, 0, -8, -6, -2, -2, -1, 0,
    -12, -12, 6, -7, 6, 5, -7, -8,
    5, 5, 7, -4, -2, 5, -3, -13,
    -2, -4, -4, 0, -6, 0, 0, 0,
    0, 0, 0, 0, 0, 0, 0, 0,
    0, 0, 0, 0, 0, 0, 0, 0,
    -6, -6, 0, -2, -7, -11, -10, -11,
    -4, 5, 4, -7, 0, -5, -17, 0,
    0, 0, 0, 0, 0, 0, 0, 0,
    0, 0, 0, 0, 0, -6, 0, 0,
    0, -6, 0, -2, 0, 0, 0, 0,
    0, 0, 0, 0, 0, 0, 0, -8,
    -2, 0, 0, -5, 1, -2, -3, 0,
    0, 0, 0, 0, 0, 0, 0, 0,
    0, 0, 0, 0, 0, 0, 0, 0,
    0, 0, 0, 0, -6, 0, 0, 0,
    0, -2, 0, 0, -2, 0, 0, 0,
    0, 0, 0, 0, 0, 0, 0, 0,
    0, 0, 0, 0, 0, 0, 0, 0,
    -2, 0, 0, -4, -7, 0, -1, 0,
    0, 0, 0, 0, 0, -3, 0, 0,
    0, 0, 0, 0, 0, 0, -16, 0,
    -8, 0, -2, 0, 0, 0, 0, 0,
    0, 0, 0, 0, 0, 0, 0, 0,
    0, 0, 0, 0, 0, 0, -1, -2,
    -4, -5, 0, -1, -3, -1, -4, 0,
    0, -3, 0, -7, -4, 0, 0, 0,
    0, 0, 0, 0, 0, 0, 0, 0,
    0, 0, 0, 0, 0, 0, 0, 0,
    0, 0, 1, 0, 0, 0, 0, 0,
    -2, 0, 0, 0, 0, 0, 0, 0,
    0, 0, 0, 0, 0, 0, 0, 0,
    0, 0, 0, 0, 0, 0, 0, 0,
    0, 0, 0, 0, 0, 0, 0, 0,
    0, 0, 0, 0, -10, 0, 0, 0,
    0, -2, 0, 0, -2, 0, -10, -1,
    0, 0, 0, 0, 0, 0, 0, 0,
    0, 0, 0, 0, 0, 0, 0, 0,
    0, 0, -10, 0, -3, 0, 0, 0,
    0, 0, 0, -2, 0, 0, 0, 0,
    0, 0, 0, 0, -19, 0, -4, 0,
    -1, 0, 0, 0, 0, 0, 0, 0,
    0, 0, 0, 0, 0, 0, 0, 0,
    0, 0, 0, 0, -3, -7, 0, -4,
    0, -2, -3, -2, -4, 0, 0, -3,
    0, -4, -2, 0, 0, 0, 0, 0,
    0, 0, 0, 0, 0, 0, 0, 0,
    0, 0, -1, 0, -2, -4, -1, 0,
    -2, 0, 0, 0, 0, 0, -1, 0,
    0, 0, 0, 0, 0, 0, 0, -17,
    1, -3, 0, -1, 0, 0, 0, 0,
    0, 0, 0, 0, 0, 0, 0, 0,
    0, 0, 0, 0, 0, 0, 0, 0,
    0, 0, -1, 0, -3, -3, -3, -1,
    0, 0, -3, 0, -2, -6, 0, 0,
    0, 0, 0, 0, 0, 0, 0, 0,
    0, 0, 0, 0, 0, 0, 0, -2,
    -9, 0, 0, 0, 0, 0, 0, 0,
    0, 0, 0, 0, 0, 0, 0, 0,
    -3, 0, -16, 0, -2, 0, 0, 0,
    0, 0, 0, 0, 0, 0, 0, 0,
    0, 0, 0, 0, 0, 0, 0, 0,
    0, 0, 0, -8, -4, -8, 0, 0,
    0, -2, 0, 0, 0, -1, 0, -4,
    0, 0, 0, 0, 0, 0, 0, 0,
    0, 0, 0, 0, 0, 0, 0, -5,
    -1, 0, 0, -5, 0, -3, -3, 0,
    0, 0, 0, 0, -2, 0, 0, 0,
    0, 0, -3, -1, -1, -8, 3, 0,
    0, -2, 0, 0, 0, 0, 0, 0,
    0, 0, 0, 0, 0, 0, 0, 0,
    0, 0, 0, 0, 0, -5, -6, 0,
    -2, 0, -5, -6, -2, 1, -3, 0,
    -1, 0, -2, -5, 0, 0, 0, 0,
    0, 0, 0, 0, 0, 0, 0, 0,
    0, 0, 0, 0, 0, 0, 0, 0,
    0, 1, 0, 0, 0, 0, 0, -2,
    0, 0, 0, 0, 0, 4, 0, 0,
    0, 0, 0, 0, 0, 0, 0, 0,
    0, 0, 0, 0, 0, 0, 0, 0,
    0, 0, 0, 0, 0, 0, 0, 0,
    0, 0, 0, -10, 0, 0, 0, 0,
    -2, 0, 0, -2, 0, -10, -1, 0,
    0, 0, 0, 0, 0, 0, 0, 0,
    0, 0, 0, 0, 0, 0, 0, 0,
    0, 0, 13, 0, 0, 2, 2, 2,
    2, 2, 2, 2, 2, 2, 2, 0,
    0, 0, 0, 0, 8, 0, 0, 2,
    0, 0, 0, 0, 0, 0, 0, 0,
    0, 0, 0, 0, 0, 0, 0, 0,
    0, 0, 0, 0, 0, 0, 0, 2,
    0, 2, 0, 0, 0, 0, 0, 0,
    0, 0, 0, 0, 0, 0, 0, 0,
    0, 0, 0, 0, 0, 0, 0, 0,
    0, 0, 0, 0, 0, 0, 0, 0,
    0, 0, 0, 0, 0, 0, 0, 0,
    0, 0, 0, 0, 0, 0, 0, 2,
    0, 0, 0, 0, 0, 0, 0, 0,
    0, 0, 0, 0, 0, 0, 0, 0,
    0, 0, 0, 0, 0, 0, 0, 0,
    0, 0, 0, 0, 0, 0, 0, 0,
    0, 0, 0, 0, -1, 0, 0, 0,
    0, 0, 0, 0, 0, 0, 0, 0,
    0, 0, 0, 0, 0, 0, 0, -10,
    0, -3, 0, 0, 0, 0, 0, 0,
    -2, 0, 0, 0, 0, 0, 6, 0,
    0, -19, 0, -4, 0, -1, 0, 0,
    0, 0, 0, 0, 0, 0, 0, 0,
    0, 0, 0, 0, 0, 0, 0, 0,
    0, -3, -7, 0, -4, 0, -2, -3,
    -2, -4, 0, 0, -3, 0, -4, -2,
    0, 0, 0, 0, 0, 0, 0, 0,
    0, 0, 0, 0, 0, 0, 0, 0,
    0, -2, -9, 0, 0, 0, 0, 0,
    0, 0, 0, 0, 0, 0, 0, 0,
    0, 13, -3, 0, -16, 0, -2, 0,
    0, 0, 0, 0, 0, 0, 0, 0,
    0, 0, 0, 0, 0, 0, 0, 0,
    0, 0, 0, 0, 0, -8, -4, -8,
    0, 0, 0, -2, 0, 0, 0, -1,
    0, -4, 0, 0, 0, 0, 0, 0,
    0, 0, 0, 0, 0, 0, 0, 0,
    0, -5, -5, 0, -2, -9, 0, -2,
    -4, -2, -2, -2, -2, -3, -7, -2,
    -2, -2, -2, 0, -1, -3, -3, -8,
    -5, -8, 0, -4, 0, 0, 0, 0,
    0, 0, 0, 0, 0, 0, 0, 0,
    0, 0, 0, 0, 0, 0, 0, 0,
    -7, -4, -6, -2, 0, -8, -5, -8,
    -1, 0, -9, 0, -11, -16, 0, 0,
    0, 0, 0, 0, 0, 0, 0, 0,
    0, 0, 0, 0, 0, 0, 0, 0,
    -4, 0, -2, -4, -1, -1, -1, -1,
    -2, -5, -1, -1, -1, -1, 0, 0,
    0, -3, -5, 0, -2, 0, -2, 0,
    0, 0, 0, 0, 0, 0, 0, 0,
    0, 0, 0, 0, 0, 0, 0, 0,
    0, 0, 1, -1, 0, -3, -1, 1,
    -4, -4, 0, 0, 0, -4, 0, -2,
    -8, 0, 0, 0, 0, 0, 0, 0,
    0, 0, 0, 0, 0, 0, 0, 1,
    -2, 0, -2, -14, 0, 1, -1, 0,
    0, 0, 0, -1, -7, 0, 0, 0,
    0, 0, 0, -1, 0, -12, -1, -10,
    0, 0, 0, 0, 0, 0, 0, 0,
    0, 0, 0, 0, 0, 0, 0, 0,
    0, 0, 0, 0, 0, 0, -2, 0,
    0, 0, 0, -1, 0, 0, 0, 0,
    0, 0, 0, 0, 0, 0, 0, 0,
    0, 0, 0, 0, 0, 0, 0, 0,
    0, 0, 0, 0, 0, 0, -2, 0,
    -1, 0, 0, 0, 0, 0, 0, 0,
    0, 0, 0, 0, -2, 0, 0, 0,
    -2, 1, 0, 0, 0, 0, 0, 0,
    0, 0, 0, 0, 0, 0, 0, 0,
    0, 0, 0, 0, 0, 0, 0, 0,
    0, -4, 0, 0, 0, 0, 0, 0,
    0, 0, 0, 0, 0, 0, 0, 0,
    0, 0, 0, 0, 0, 0, 0, 0,
    0, 0, 0, 0, 0, -8, -5, -2,
    -4, -7, -1, -2, -2, -1, -1, -1,
    -1, 0, 3, -1, -1, -1, -1, 0,
    0, -3, -1, -7, 3, -5, 0, 0,
    0, 0, 0, 0, 0, 0, 0, 0,
    0, 0, 0, 0, 0, 0, 0, 0,
    0, 0, 0, -7, -8, -4, -3, -1,
    -7, -1, -4, 0, 0, 0, -2, 0,
    -2, -6, 0, 0, 0, 0, 0, 0,
    0, 0, 0, 0, 0, 0, 0, 0,
    0, 0, 0, 0, -3, 0, 0, 0,
    0, 0, 0, 0, 0, -2, 0, 0,
    0, 0, 0, 0, 0, 0, -2, 0,
    0, 0, 0, 0, 0, 0, 0, 0,
    0, 0, 0, 0, 0, 0, 0, 0,
    0, 0, 0, 0, 0, 0, -3, -2,
    0, -4, 0, 0, -2, -1, -2, 0,
    0, -3, 0, -6, -4, 0, 0, 0,
    0, 0, 0, 0, 0, 0, 0, 0,
    0, 0, 0, 0, 0, 0, 0, 0,
    0, 0, 0, 0, 0, 0, 0, 0,
    -2, 0, 0, 0, 0, 0, 0, 0,
    0, 0, 0, 0, 0, 0, 0, 0,
    0, 0, 0, 0, 0, 0, 0, 0,
    0, 0, 0, 0, 0, 0, 0, 0,
    0, 0, 0, 0, 0, 0, 0, -2,
    0, 0, 0, 0, -1, 0, 0, -2,
    0, 0, 0, 0, 0, 0, 0, 0,
    0, 0, 0, 0, 0, 0, -7, -2,
    0, -2, -2, 0, -5, -11, 2, -2,
    7, 3, -2, -6, 5, 6, 5, -2,
    -2, 6, -2, -7, 2, 1, -2, 0,
    -2, 0, 0, 0, 0, 0, 0, 0,
    0, 0, 0, 0, 0, 0, 0, 0,
    0, 0, 0, 0, -7, -6, 0, -2,
    -2, -13, -6, -8, -4, 6, 8, -5,
    0, -5, -21, 0, 0, 0, 0, 0,
    0, 0, 0, 0, 0, 0, 0, 0,
    0, 0, 0, 0, 0, 0, 0, 0,
    -3, 0, 0, 0, 0, 0, -2, 0,
    0, 0, 0, 0, 0, 0, 0, 0,
    -2, 0, 0, 0, 0, 0, 0, 0,
    0, 0, 0, 0, 0, 0, 0, 0,
    0, 0, 0, 0, 0, 0, 0, 0,
    0, 0, 0, 0, 0, 0, 0, 0,
    0, 0, 0, 0, 0, 0, 0, 0,
    0, 0, 0, 0, 0, 0, 0, 0,
    0, 0, 0, 0, 0, 0, 0, 0,
    0, 0, 0, -3, 3, 3, 3, 3,
    0, -2, 3, 3, 3, 3, 0, 2,
    0, 0, 0, -2, 0, 0, 0, 0,
    0, 0, 0, 0, 0, 0, 0, 0,
    0, 0, 0, 0, 0, 0, 0, 0,
    0, 0, 0, 0, 0, 0, 0, 0,
    0, 0, 0, 0, 0, 0, 0, 0,
    0, 0, 0, 0, 0, 0, 0, 0,
    0, 0, 0, 0, 0, 0, 0, 0,
    0, 0, -2, -9, 0, 0, 0, 0,
    0, 0, 0, 0, 0, 0, 0, 0,
    0, 0, 7, -3, 0, -16, 0, -2,
    0, 0, 0, 0, 0, 0, 0, 0,
    0, 0, 0, 0, 0, 0, 0, 0,
    0, 0, 0, 0, 0, 0, -8, -4,
    -8, 0, 0, 0, -2, 0, 0, 0,
    -1, 0, -4, 0, 0, 0, 0, 0,
    0, 0, 0, 0, 0, 0, 0, 0,
    0, 0, -7, -4, -3, 0, -4, 0,
    -11, -11, 3, -7, 7, 4, -6, -3,
    5, 4, 8, -4, -3, 6, -3, -11,
    -2, -1, 0, -2, -5, 0, 0, 0,
    0, 0, 0, 0, 0, 0, 0, 0,
    0, 0, 0, 0, 0, 0, 0, 0,
    -4, -4, -1, 0, -7, -7, -6, -9,
    -4, -4, 5, -7, 0, -5, -11, 0,
    0, 0, 0, 0, 0, 0, 0, 0,
    0, 0, 0, 0, 0, 0, -2, 0,
    0, 0, 0, 0, -2, 0, 0, 0,
    0, -1, -2, 0, 0, 0, 0, 0,
    0, 0, 0, 0, -1, 0, 0, 0,
    0, 0, 0, 0, 0, 0, 0, 0,
    0, 0, 0, 0, 0, 0, 0, 0,
    0, 0, 0, 0, -2, 0, 0, 0,
    0, 0, 0, 0, 0, 0, 0, 0,
    0, 0, 0, 0, 0, 0, 0, 0,
    0, 0, 0, 0, 0, 0, 0, 0,
    0, 0, 0, 0, 0, 0, 0, -2,
    0, 0, 0, 0, 0, -2, 0, 0,
    0, 0, 0, 0, 0, 0, 0, 0,
    0, 0, 0, 0, 0, 0, 0, 0,
    0, 0, 0, 0, 0, 0, 0, 0,
    0, 0, 0, 0, 0, 0, 0, 0,
    0, 0, 0, 0, -2, 0, 0, 0,
    0, 0, 0, 0, 0, 0, 0, 0,
    0, 0, 0, 0, 0, 0, 0, 0,
    0, 0, 0, 0, 0, 0, 0, 0,
    0, 0, 0, 0, 0, 0, 0, 0,
    0, 0, 0, 0, 0, 0, 0, 0,
    0, 0, 0, 0, 0, 0, 0, -4,
    -12, 0, 0, -13, 0, 0, 0, 0,
    0, 0, 0, 0, 0, 0, 0, 0,
    0, 0, 0, 0, 0, 0, 0, 0,
    0, 0, 0, 0, 0, 0, 0, 0,
    0, 0, 0, 0, 0, 0, 0, 0,
    0, 0, 0, 0, -13, 0, 0, 0,
    0, 0, 0, 0, 0, 0, 0, 0,
    0, 0, 0, 0, 0, 0, 0, 0,
    0, 0, 0, 0, 0, 0, 0, 0,
    0, 0, 0, 0, 0, 0, 0, 0,
    0, 0, 0, 0, 0, 0, 0, 0,
    0, 0, 0, 0, 0, 0, 0, 0,
    0, 0, 0, 0, 0, 0, 0, 0,
    0, 0, 0, 0, 0, 0, 0, 0,
    0, 0, 0, 0, 0, 0, 0, 0,
    -2, 0, 0, 0, 0, 0, 0, 0,
    0, 0, 0, 0, 0, 0, 0, 0,
    0, 0, 0, 0, 0, 0, 0, 0,
    0, 0, 0, 0, -4, 0, -2, 0,
    -2, -6, -4, 0, 0, 0, 0, 0,
    0, 0, 0, 0, 0, 0, 0, 0,
    0, 0, 0, 0, 0, 0, 0, 0,
    0, 0, 0, 0, 0, 0, 0, 0,
    0, 0, 0, 0, 0, 0, 0, 0,
    0, 0, 0, -8, 0, 0, 0, 0,
    0, 0, 0, 0, 0, 0, 0, 0,
    0, 0, 0, 0, 0, 0, 0, 0,
    0, 0, 0, 0, 0, 0, 0, -12,
    -4, 0, -6, 0, 0, 0, -10, -10,
    -6, -6, 0, -10, 0, 0, -10, 0,
    0, 0, 0, 0, 0, 0, 0, 0,
    0, 0, 0, 0, 0, 0, 0, 0,
    0, 0, 0, 0, 0, 0, 0, 0,
    0, 0, 0, 0, 0, 0, -12, 0,
    0, 0, 0, 0, 0, 0, 0, 0,
    0, 0, 0, 0, 0, 0, 0, 0,
    0, 0, 0, 0, 0, 0, 0, 0,
    0, 0, 0, 0, 0, 0, 0, 0,
    0, -4, -4, -2, 0, -4, -4, -4,
    0, -4, -4, -4, -4, 0, 0, 0,
    0, 0, 0, 0, 0, 0, 0, 0,
    0, 0, 0, 0, 0, 0, 0, 0,
    0, 0, 0, 0, 0, 0, 0, 0,
    8, -4, 0, 0, 0, 0, 0, 0,
    0, 0, 0, 0, 0, 0, 0, 0,
    0, 0, 0, 0, 0, 0, 0, 0,
    0, 0, 0, 0, 0, -13, -4, 0,
    -10, 0, 4, 0, -13, -13, -10, -10,
    -4, -13, 0, -4, -13, 0, 0, -4,
    0, 0, 0, 0, 0, 0, 0, 0,
    0, 0, 0, 0, 0, 0, 0, 0,
    0, 0, 0, 0, 0, 0, 0, 0,
    0, 0, -8, 0, -15, 0, 0, 0,
    0, 0, 0, 0, 0, 0, 0, 0,
    0, 0, 0, 0, 0, 0, 0, 0,
    0, 0, 0, 0, 0, 0, 0, 0,
    0, -2, 0, 0, 0, 0, 0, 0,
    0, 0, 0, 0, 0, 0, 0, 0,
    0, 0, 0, 0, 0, 0, 0, 0,
    0, 0, 0, 0, 0, 0, 0, 0,
    0, 0, 0, 0, 0, 0, 0, 0,
    0, 0, 0, 0, 0, 0, 0, 0,
    0, 0, 0, 0, 0, 0, 0, 0,
    0, 0, 0, 0, 0, 0, 0, 0,
    0, 0, 0, 0, 0, 0, 0, 0,
    0, 0, 0, 0, -4, 0, 0, 0,
    0, 0, 0, 0, 0, 0, 0, 0,
    0, 0, 0, 0, 0, 0, 0, 0,
    0, 0, 0, 0, 0, 0, 0, 0,
    0, 0, 0, 0, 0, 0, 0, 0,
    0, 0, 0, 0, 0, 0, 0, 0,
    0, 0, 0, 0, 0, 0, 0, 0,
    0, 0, 0, 0, 0, 0, 0, 0,
    0, 0, 0, 0, 0, 0, 0, 0,
    0, 0, 0, 0, 0, 0, -13, -4,
    0, -10, 0, 4, 0, -13, -13, -10,
    -10, -4, -13, 0, -4, -13, 0, 0,
    -4, 0, 0, 0, 0, 0, 0, 0,
    0, 0, 0, 0, 0, 0, 0, 0,
    0, 0, 0, 0, 0, 0, 0, 0,
    0, 0, 0, -8, 0, -12, 0, 0,
    0, 0, 0, 0, 0, 0, 0, 0,
    0, 0, 0, 0, 0, 0, 0, 0,
    0, 0, 0, 0, 0, 0, 0, 0,
    0, 0, 0, 0, 0, 0, 0, 0,
    -2, -4, -2, 0, -1, -4, -2, 0,
    -4, -2, -2, -2, 0, 0, 0, 0,
    0, 0, 0, 0, 0, 0, 0, 0,
    0, 0, 0, 0, 0, 0, 0, 0,
    0, 0, 0, 0, 0, 0, 0, 8,
    -4, 0, 0, 0, 0, 0, 0, 0,
    0, 0, 0, 0, 0, 0, 0, 0,
    0, 0, 0, 0, 0, 0, 0, 0,
    0, 0, 0, 0, 0, 0, 0, 0,
    0, 0, 0, -2, 0, 0, 0, 0,
    0, 0, 0, 0, 0, 0, 0, 0,
    0, 0, 0, 0, 0, 0, 0, 0,
    0, 0, 0, 0, 0, 0, 0, 0,
    0, 0, 0, 0, 0, 0, 0, 0,
    0, 0, 4, 0, 0, 0, 0, 0,
    0, 0, 0, 0, 0, 0, 0, 0,
    0, 0, 0, 0, 0, 0, 0, 0,
    0, 0, 0, 0, 0, 0, 0, 0,
    0, 0, 0, 0, 0, 0, 0, 0,
    0, 0, -1, 0, 0, 0, 0, -2,
    0, 0, 0, 0, 0, 0, 0, 0,
    0, 0, 0, 0, 0, 0, 0, 0,
    0, 0, 0, 0, 0, 0, 0, 0,
    0, 0, 0, 0, 0, -2, 0, 0,
    0, 0, 0, 0, 0, 0, 0, 0,
    0, 0, 0, 0, 0, 0, 0, 0,
    0, 0, 0, 0, 0, 0, 0, 0,
    0, 0, 0, 0, 0, 0, 0, 0,
    0, 0, 0, 0, 0, -4, 0, 0,
    -6, 0, -2, -2, -4, 0, 0, 0,
    0, 0, 0, 0, 0, 0, 0, 0,
    0, 0, 0, 0, 0, 0, 0, 0,
    0, 0, 0, 0, 0, 0, 0, 0,
    -2, 0, 0, 0, 0, 0, 0, 0,
    0, 0, 0, 0, 0, 0, 0, 0,
    0, 0, 0, 0, 0, 0, 0, 0,
    0, 0, 0, 0, 0, 0, 0, 0,
    0, 0, 0, 0, 0, 0, 0, 0,
    -4, 0, 0, -4, 0, 0, 0, -4,
    0, 0, 0, 0, 0, 0, 0, 0,
    0, 0, 0, 0, 0, 0, 0, 0,
    0, 0, 0, 0, 0, 0, 0, 0,
    0, 0, 0, -2, 0, 0, 0, 0,
    0, 0, 0, 0, 0, 0, 0, 0,
    0, 0, 0, 0, 0, 0, 0, 0,
    0, 0, 0, 0, 0, 0, 0, 0,
    0, 0, 0, 0, 0, 0, 0, -2,
    0, 0, 0, 0, 0, 0, -2, 0,
    0, 0, 0, 0, 0, 0, 0, 0,
    0, 0, 0, 0, 0, 0, 0, 0,
    0, 0, 0, 0, 0, 0, 0, 0,
    0, 0, 0, 0, 0, 0, 8, -8,
    0, 0, 0, 0, 0, 0, 0, 0,
    0, 0, 0, 0, 0, 0, 0, 0,
    0, 0, 0, 0, 0, 0, 0, 0,
    0, 0, 0, 0, 0, 0, 0, 0,
    0, 0, 0, 0, 0, 0, -4, 0,
    0, -4, 0, -2, -2, -4, 0, 0,
    0, 0, 0, 0, 0, 0, 0, 0,
    0, 0, 0, 0, 0, 0, 0, 0,
    0, 0, 0, 0, 0, 0, 0, 0,
    0, -2, 0, 0, 0, 0, 0, 0,
    0, 0, 0, 0, 0, 0, 0, 0,
    0, 0, 0, 0, 0, 0, 0, 0,
    0, 0, 0, 0, 0, 0, 0, 0,
    0, 0, 0, 0, 0, -5, -2, 0,
    0, 0, 0, 0, 0, 0, 0, -2,
    0, 0, 0, 0, 0, 0, 0, 0,
    0, 0, 0, 0, 0, 0, 0, 0,
    0, 0, 0, 0, 0, 0, 0, 0,
    0, 0, 0, 0, 4, 0, 0, 0,
    0, 0, 0, 0, 0, 0, 0, 0,
    0, 0, 0, 0, 0, 0, 0, 0,
    0, 0, 0, 0, 0, 0, 0, 0,
    0, 0, 0, 0, 0, 0, 0, 0,
    0, -2, 0, 0, 0, 0, 0, -4,
    0, 0, 0, 0, 0, 0, 0, 0,
    0, 0, 0, 0, 0, 0, 0, 0,
    0, 0, 0, 0, 0, 0, 0, 0,
    0, 0, 0, 0, 0, 0, 0, 0,
    0, 0, 0, 0, 0, 0, 0, 0,
    0, 0, 0, 0, 0, 0, 0, 0,
    0, 0, 0, 0, 0, 0, 0, 0,
    0, 0, 0, 0, 0, 0, 0, 0,
    0, 0, 0, -2, 0, 0, 0, -4,
    0, -4, 0, -2, -2, -4, -10, 0,
    0, 0, 0, 0, 0, 0, 0, 0,
    0, 0, 0, 0, 0, 0, 0, 0,
    0, 0, 0, 0, 0, 0, 0, 0,
    0, 0, 8, -4, 0, 0, 0, 0,
    0, 0, 0, 0, 0, 0, 0, 0,
    0, 0, 0, 0, 0, 0, 0, 0,
    0, 0, 0, 0, 0, 0, 0, 0,
    0, 0, -2, 0, 0, 0, -2, 0,
    -4, 0, 0, 0, 0, 0, 0, 0,
    0, 0, 0, 0, 0, 0, 0, 0,
    0, 0, 0, 0, 0, 0, 0, 0,
    0, 0, 0, 0, 0, 0, 0, 0,
    0, 0, 0, 0, 0, 4, 0, 0,
    0, 0, 0, 0, 0, 0, 0, 0,
    0, 0, 0, 0, 0, 0, 0, 0,
    0, 0, 0, 0, 0, 0, 0, 0,
    0, 0, 0, 0, 0, 0, 0, 0,
    0, -4, -4, 0, 0, 0, -4, 0,
    0, -4, 0, 0, 0, 0, 0, 0,
    0, 0, 0, 0, 0, 0, 0, 0,
    0, 0, 0, 0, 0, 0, 0, 0,
    0, 0, 0, 0, 0, 0, 0, 0,
    8, -8, 0, 0, 0, 0, 0, 0,
    0, 0, 0, 0, 0, 0, 0, 0,
    0, 0, 0, 0, 0, 0, 0, 0,
    0, 0, 0, 0, 0, 0, 0, 0,
    0, 0, 0, 0, -4, -4, 0, 0,
    0, -4, 0, 0, -4, 0, 0, 0,
    0, 0, 0, 0, 0, 0, 0, 0,
    0, 0, 0, 0, 0, 0, 0, 0,
    0, 0, 0, 0, 0, 0, 0, 0,
    0, 0, 0, 8, -4, 0, 0, 0,
    0, 0, 0, 0, 0, 0, 0, 0,
    0, 0, 0, 0, 0, 0, 0, 0,
    0, 0, 0, 0, 0, 0, 0, 0,
    0, 0, 0, 0, 0, 0, 0, -6,
    -4, -2, 0, 0, 0, 0, -6, 0,
    0, 0, 0, 0, 0, 0, 0, 0,
    0, 0, 0, 0, 0, 0, 0, 0,
    0, 0, 0, 0, 0, 0, 0, 0,
    0, 0, 0, 0, 0, 0, 8, 0,
    0, -4, 0, -8, -9, 0, 0, 0,
    0, 0, 0, 0, 0, -4, 0, 0,
    0, 0, 0, 0, -2, 0, -12, 0,
    -7, 0, 0, 0, 0, 0, 0, 0,
    0, 0, 0, 0, 0, 0, 0, 0,
    0, 0, 0, 0, 0, 0, 0, -5,
    0, -5, 0, -2, 0, 0, -3, 0,
    0, -2, 0, -9, -3, 0, 0, 0,
    0, 0, 0, 0, 0, 0, 0, 0,
    0, 0, 0, -26, -17, 0, 0, 0,
    -1, 0, -29, -19, -19, -19, -19, 0,
    -19, -19, -19, -19, -19, 0, 0, 0,
    0, 0, 0, 0, 0, 0, 0, 0,
    0, 0, 0, 0, 0, 0, 0, 0,
    0, 0, 0, 0, 0, 0, 0, 0,
    0, -17, 0, 0, -4, -19, -30, -20,
    -26, -18, 0, 0, 0, 0, -20, -40,
    0, 0, 0, 0, 0, 0, 0, 0,
    0, 0, 0, 0, 0, 0, -2, 0,
    0, 0, -8, 0, 0, 0, 0, 0,
    0, 0, 0, -4, 0, 0, 0, 0,
    -1, 0, -3, 0, -13, 0, -7, 0,
    0, 0, 0, 0, 0, 0, 0, 0,
    0, 0, 0, 0, 0, 0, 0, 0,
    0, 0, 0, 0, -5, -8, -4, -2,
    0, -3, -3, -3, -4, 0, 0, -3,
    0, -6, -3, 0, 0, 0, 0, 0,
    0, 0, 0, 0, 0, 0, 0, 0,
    0, -6, -5, -4, -2, -6, 0, -3,
    -6, -2, -2, -2, -2, -5, -5, -2,
    -2, -2, -2, 0, 0, -2, -4, -6,
    -4, -4, -2, -2, 0, 0, 0, 0,
    0, 0, 0, 0, 0, 0, 0, 0,
    0, 0, 0, 0, 0, 0, 0, -2,
    -4, -10, -7, -2, -2, -7, -7, -10,
    0, 0, -7, 0, -11, -16, 0, 0,
    0, 0, 0, 0, 0, 0, 0, 0,
    0, 0, 0, 0, -7, -4, -3, 0,
    -4, 0, -11, -11, -7, -7, -7, -7,
    -6, -3, -7, -7, -7, -7, -3, -4,
    -3, -11, -2, -1, 0, -2, -5, 0,
    0, 0, 0, 0, 0, 0, 0, 0,
    0, 0, 0, 0, 0, 0, 0, 0,
    0, 0, -4, -4, -1, 0, -7, -7,
    -6, -9, -4, -4, 5, -7, 0, -5,
    -11, 0, 0, 0, 0, 0, 0, 0,
    0, 0, 0, 0, 0, 0, 0, -1,
    0, 0, -2, -6, 0, 0, 0, 0,
    0, 0, 0, 0, -3, 0, 0, 0,
    0, 0, 0, 0, 0, -7, 0, -7,
    0, 0, 0, 0, 0, 0, 0, 0,
    0, 0, 0, 0, 0, 0, 0, 0,
    0, 0, 0, 0, 0, -3, -4, 0,
    -5, 0, -2, -4, -3, -5, 0, 0,
    -3, 0, -8, -4, 0, 0, 0, 0,
    0, 0, 0, 0, 0, 0, 0, 0,
    0, 0, 0, 0, 0, 0, -3, 0,
    0, 0, 0, 0, 0, 0, 0, 0,
    0, 0, 0, 0, 0, 0, 0, 0,
    -2, 0, -1, 0, 0, 0, 0, 0,
    0, 0, 0, 0, 0, 0, 0, 0,
    0, 0, 0, 0, 0, 0, 0, 0,
    0, -2, 0, 0, 0, 0, 0, 0,
    0, 0, 0, -4, 0, 0, -2, 0,
    0, 0, 0, 0, 0, 0, 0, 0,
    0, 0, 0, 0, 0, 1, 0, 0,
    0, -6, 0, 0, -2, 0, 0, 0,
    0, 0, -6, 0, 0, 0, 0, 0,
    0, 0, 0, -5, 0, -5, 0, 0,
    0, 0, 0, 0, 0, 0, 0, 0,
    0, 0, 0, 0, 0, 0, 0, 0,
    0, 0, 0, 0, 0, 0, -4, 0,
    0, -4, -3, -6, 0, 0, 0, 0,
    -8, -9, 0, 0, 0, 0, 0, 0,
    0, 0, 0, 0, 0, 0, 0, 0,
    -9, 0, -2, -2, -2, 0, -3, -2,
    -4, -4, -4, -4, 0, -1, -4, -4,
    -4, -4, -6, -2, 0, 0, -6, 1,
    -3, -3, 0, 0, 0, 0, 0, 0,
    0, 0, 0, 0, 0, 0, 0, 0,
    0, 0, 0, 0, 0, 0, -7, -5,
    -3, -3, -4, -8, -6, -4, -2, -2,
    0, -4, 0, -1, -3, 0, 0, 0,
    0, 0, 0, 0, 0, 0, 0, 0,
    0, 0, 0, -7, -2, 0, -2, -2,
    0, -5, -11, -2, -2, -2, -2, -2,
    -6, -2, -2, -2, -2, -2, 6, -2,
    -7, 2, 1, -2, 0, -2, 0, 0,
    0, 0, 0, 0, 0, 0, 0, 0,
    0, 0, 0, 0, 0, 0, 0, 0,
    0, -7, -6, 0, -2, -2, -13, -6,
    -8, -4, 6, 8, -5, 0, -5, -21,
    0, 0, 0, 0, 0, 0, 0, 0,
    0, 0, 0, 0, 0, 0, 0, 0,
    0, 0, 0, 0, 0, 0, 0, 0,
    0, 0, 0, 0, 0, 0, 0, 0,
    0, 0, 0, 0, 0, 0, 0, 0,
    0, 0, 0, 0, 0, 0, 0, 0,
    0, 0, 0, 0, 0, 0, 0, 0,
    0, 0, 0, 0, 0, 0, 0, 0,
    0, 0, 0, 0, 0, 0, 0, 0,
    0, 0, -2, 0, 0, 0, 0, 0,
    0, 0, 0, 0, 0, 0, 0, 0,
    0, -8, 0, 0, 0, -4, 0, 0,
    -4, 0, 0, 0, 0, 0, 1, 0,
    0, 0, 0, 0, 0, 0, 0, 0,
    0, -2, 0, 0, 0, 0, 0, 0,
    0, 0, 0, 0, 0, 0, 0, 0,
    0, 0, 0, 0, 0, 0, 0, -8,
    -7, -1, -2, 0, -7, -2, -2, 2,
    0, 0, -2, 0, 0, -4, 0, 0,
    0, 0, 0, 0, 0, 0, 0, 0,
    0, 0, 0, 0, 0, -2, 0, -2,
    -6, 0, -2, -3, 0, 0, 0, 0,
    -2, -6, 0, 0, 0, 0, 0, 1,
    -2, -2, -8, 0, -4, 0, -2, 0,
    0, 0, 0, 0, 0, 0, 0, 0,
    0, 0, 0, 0, 0, 0, 0, 0,
    0, 0, 0, 0, -2, -4, 0, 0,
    0, -5, -2, 1, 0, -3, 0, -3,
    -6, 0, 0, 0, 0, 0, 0, 0,
    0, 0, 0, 0, 0, 0, 0, 0,
    0, 0, 0, -6, 0, 0, 0, 0,
    0, 0, 0, 0, -6, 0, 0, 0,
    0, 0, 0, 0, 0, -21, 0, -7,
    0, 0, 0, 0, 0, 0, 0, 0,
    0, 0, 0, 0, 0, 0, 0, 0,
    0, 0, 0, 0, 0, -2, -6, 0,
    -14, 0, -3, -7, -2, -10, 0, 0,
    -3, 0, -10, -7, 0, 0, 0, 0,
    0, 0, 0, 0, 0, 0, 0, 0,
    0, 0, 0, 0, 0, 0, -6, 0,
    0, 0, 0, 0, 0, 0, 0, 0,
    0, 0, 0, 0, 0, 0, 0, 0,
    -12, 0, -6, 0, 0, 0, 0, 0,
    0, 0, 0, 0, 0, 0, 0, 0,
    0, 0, 0, 0, 0, 0, 0, 0,
    0, 0, 0, -2, 0, 0, 0, 0,
    0, 0, 0, -3, 0, 0, -1, 0,
    0, 0, 0, 0, 0, 0, 0, 0,
    0, 0, 0, 0, 0, 0, 0, 0,
    0, 0, 0, 0, -1, 0, 0, 0,
    0, -1, -6, 0, 0, 0, 0, 0,
    0, 0, 0, -5, 0, 0, 0, 0,
    0, 0, 0, 0, 0, 0, 0, 0,
    0, 0, 0, 0, 0, 0, 0, 0,
    0, 0, 0, 0, 0, 0, 0, 0,
    -1, -5, -1, -8, 0, 0, -7, 0,
    0, -4, 0, 0, 0, 0, 0, 0,
    0, 0, 0, 0, 0, 0, 0, 0,
    -6, -2, 0, 0, 0, 0, -4, -3,
    -2, -2, -2, -2, -3, 1, -2, -2,
    -2, -2, -3, -3, -1, -2, 1, 0,
    0, 0, -3, 0, 0, 0, 0, 0,
    0, 0, 0, 0, 0, 0, 0, 0,
    0, 0, 0, 0, 0, 0, -7, -3,
    -2, -2, -2, -7, -4, -4, -2, -3,
    0, -4, 0, -4, -4, 0, 0, 0,
    0, 0, 0, 0, 0, 0, 0, 0,
    0, 0, 0, 0, -5, 0, -4, -5,
    0, 0, 0, 0, 0, 0, 0, 0,
    0, 0, 0, 0, 0, 0, 0, -3,
    0, -16, 0, -4, 0, 0, 0, 0,
    0, 0, 0, 0, 0, 0, 0, 0,
    0, 0, 0, 0, 0, 0, 0, 0,
    0, -3, -5, -4, -7, 0, 0, -3,
    0, -4, 0, 0, -2, 0, -6, -5,
    0, 0, 0, 0, 0, 0, 0, 0,
    0, 0, 0, 0, 0, 0, -8, -6,
    -2, -2, -1, 0, -12, -12, -7, -7,
    -7, -7, -7, -8, -7, -7, -7, -7,
    -2, 5, -3, -13, -2, -4, -4, 0,
    -6, 0, 0, 0, 0, 0, 0, 0,
    0, 0, 0, 0, 0, 0, 0, 0,
    0, 0, 0, 0, -6, -6, 0, -2,
    -7, -11, -10, -11, -4, 5, 4, -7,
    0, -5, -17, 0, 0, 0, 0, 0,
    0, 0, 0, 0, 0, 0, 0, 0,
    0, 0, -2, 0, -2, -6, 0, -2,
    -3, 0, 0, 0, 0, -2, -6, 0,
    0, 0, 0, 0, 1, -2, -2, -8,
    0, -4, 0, -2, 0, 0, 0, 0,
    0, 0, 0, 0, 0, 0, 0, 0,
    0, 0, 0, 0, 0, 0, 0, 0,
    0, -2, -4, 0, 0, 0, -5, -2,
    10, 0, -3, 0, -3, -6, 0, 0,
    0, 0, 0, 0, 0, 0, 0, 0,
    0, 0, 0, 0, 0, 0, 0, 0,
    0, 0, 0, 0, 0, 0, 0, 0,
    0, 0, 0, 0, 0, 0, 0, 0,
    0, 0, 0, 0, 0, 0, 0, 0,
    0, 0, 0, 0, 0, 0, 0, 0,
    0, 0, 0, 0, 0, 0, 0, 0,
    0, 0, 0, 0, 0, 0, 0, 0,
    0, 0, 0, 0, 0, 0, 0, 0,
    0, 12, 33, 0, 0, 0, 0, 0,
    0, 0, 0, 0, 0, 0, 0, 0,
    0, 0, 0, 0, 0, 0, 0, 0,
    0, 0, 0, 0, 0, 0, 0, 0,
    0, 0, 0, 0, 0, 0, 0, 0,
    0, 0, 0, 0, 0, 0, 0, 0,
    0, 0, 0, 0, 0, 0, 0, 0,
    0, 0, 0, 0, 0, 0, 0, 0,
    0, 0, 0, 0, 0, 0, 0, 0,
    0, 0, 0, 0, 0, 0, 0, 0,
    -13, -4, -4, 0, 0, 0, 0, 0,
    0, 0, 0, 0, 0, 0, 0, 0,
    0, 0, 0, 0, 0, 0, 0, 0,
    0, 0, 0, 0, 0, 0, 0, 0,
    0, 0, 0, 0, 0, 0, 0, 0,
    0, 0, 0, 0, 0, 0, 0, 0,
    0, 0, 0, 0, 0, 0, 0, 0,
    0, 0, 0, 0, 0, 0, 0, 0,
    0, 0, 0, 0, 0, 0, 0, 0,
    0, 0, 0, -4, 0, 0, 0, 0,
    0, 0, 0, 0, 0, 0, 0, 0,
    0, 0, 0, 0, 0, 0, 0, 0,
    0, 0, 0, 0, 0, 0, 0, 0,
    0, 0, 0, 0, 0, 0, 0, 0,
    0, 0, 0, 0, 0, 0, 0, 0,
    0, 0, 0, 0, 0, 0, 0, 0,
    0, 0, 0, 0, 0, 0, 0, 0,
    0, 0, 0, 0, 0, 0, 0, 0,
    0, 0, 0, 0, -10, -12, 0, 0,
    -10, 4, -10, 0, -10, 0, 0, 0,
    0, 0, 0, 0, 0, 0, 0, 0,
    0, 0, 0, 0, 0, 0, 0, 0,
    0, 0, 0, 0, 0, 0, 0, 0,
    0, 0, 0, 0, 0, 0, 0, 0,
    0, 0, 0, 0, 0, 0, 0, 0,
    0, 0, 0, 0, 0, 0, 0, 0,
    0, 0, 0, 0, 0, 0, 0, 0,
    0, 0, 0, 0, 0, 0, 0, 0,
    0, -9, -6, 0, 0, 0, -6, 0,
    0, 0, 0, 0, 0, 0, 0, 0,
    0, 0, 0, 0, 0, 0, 0, 0,
    0, 0, 0, 0, 0, 0, 0, 0,
    0, 0, 0, 0, 0, 0, 0, 0,
    0, 0, 0, 0, 0, 0, 0, 0,
    0, 0, 0, 0, 0, 0, 0, 0,
    0, 0, 0, 0, 0, 0, 0, 0,
    0, 0, 0, 0, 0, 0, 0, 0,
    0, 0, 0, 0, -12, -6, 0, 0,
    0, -6, 0, 0, 0, 0, 0, 0,
    0, 0, 0, 0, 0, 0, 0, 0,
    0, 0, 0, 0, 0, 0, 0, 0,
    0, 0, 0, 0, 0, 0, 0, 0,
    0, 0, 0, 0, 0, 0, 0, 0,
    0, 0, 0, 0, 0, 0, 0, 0,
    0, 0, 0, 0, 0, 0, 0, 0,
    0, 0, 0, 0, 0, 0, 0, 0,
    0, 0, 0, 0, 0, -4, -6, 5,
    0, -9, 4, -6, 0, -9, 0, 0,
    0, 0, 0, 0, 0, 0, 0, 0,
    0, 0, 0, 0, 0, 0, 0, 0,
    0, 0, 0, 0, 0, 0, 0, 0,
    0, 0, 0, 0, 0, 0, 0, 0,
    0, 0, 0, 0, 0, 0, 0, 0,
    0, 0, 0, 0, 0, 0, 0, 0,
    0, 0, 0, 0, 0, 0, 0, 0,
    0, 0, 0, 0, 0, 0, 0, 0,
    -4, 0, -12, -8, 0, -4, 0, -8,
    0, 0, 0, 0, 0, 0, 0, 0,
    0, 0, 0, 0, 0, 0, 0, 0,
    0, 0, 0, 0, 0, 0, 0, 0,
    0, 0, 0, 0, 0, 0, 0, 0,
    0, 0, 0, 0, -8, 0, 0, 0,
    0, 0, 0, 0, 0, 0, 0, 0,
    0, 0, 0, 0, 0, 0, 0, 0,
    0, 0, 0, 0, 0, 0, 0, 0,
    0, 0, 0, 0, 0, 0, 0, 0,
    0, 0, 0, 0, 0, 0, 0
};


/*Collect the kern class' data in one place*/
static const lv_font_fmt_txt_kern_classes_t kern_classes =
{
    .class_pair_values   = kern_class_values,
    .left_class_mapping  = kern_left_class_mapping,
    .right_class_mapping = kern_right_class_mapping,
    .left_class_cnt      = 85,
    .right_class_cnt     = 75,
};

/*--------------------
 *  ALL CUSTOM DATA
 *--------------------*/

#if LVGL_VERSION_MAJOR == 8
/*Store all the custom data of the font*/
static  lv_font_fmt_txt_glyph_cache_t cache;
#endif

#if LVGL_VERSION_MAJOR >= 8
static const lv_font_fmt_txt_dsc_t font_dsc = {
#else
static lv_font_fmt_txt_dsc_t font_dsc = {
#endif
    .glyph_bitmap = glyph_bitmap,
    .glyph_dsc = glyph_dsc,
    .cmaps = cmaps,
    .kern_dsc = &kern_classes,
    .kern_scale = 16,
    .cmap_num = 13,
    .bpp = 4,
    .kern_classes = 1,
    .bitmap_format = 1,
#if LVGL_VERSION_MAJOR == 8
    .cache = &cache
#endif
};



/*-----------------
 *  PUBLIC FONT
 *----------------*/

/*Initialize a public general font descriptor*/
#if LVGL_VERSION_MAJOR >= 8
const lv_font_t extras_12 = {
#else
lv_font_t extras_12 = {
#endif
    .get_glyph_dsc = lv_font_get_glyph_dsc_fmt_txt,    /*Function pointer to get glyph's data*/
    .get_glyph_bitmap = lv_font_get_bitmap_fmt_txt,    /*Function pointer to get glyph's bitmap*/
    .line_height = 18,          /*The maximum line height required by the font*/
    .base_line = 5,             /*Baseline measured from the bottom of the line*/
#if !(LVGL_VERSION_MAJOR == 6 && LVGL_VERSION_MINOR == 0)
    .subpx = LV_FONT_SUBPX_NONE,
#endif
#if LV_VERSION_CHECK(7, 4, 0) || LVGL_VERSION_MAJOR >= 8
    .underline_position = -1,
    .underline_thickness = 1,
#endif
    .dsc = &font_dsc,          /*The custom font data. Will be accessed by `get_glyph_bitmap/dsc` */
#if LV_VERSION_CHECK(8, 2, 0) || LVGL_VERSION_MAJOR >= 9
    .fallback = NULL,
#endif
    .user_data = NULL,
};



#endif /*#if EXTRAS_12*/
