/*******************************************************************************
 * Size: 16 px
 * Bpp: 4
 * Generated by scripts/build/gen-touch-fonts.sh with lv_font_conv 1.5.3
 * Sources: Montserrat Medium (LVGL v8.4.0), Noto Sans 2.015, Noto Sans Symbols 2.008, Noto Sans Arabic UI 2.011
 ******************************************************************************/

#if 1
#include "lvgl.h"
#else
#include "lvgl/lvgl.h"
#endif

#ifndef EXTRAS_16
#define EXTRAS_16 1
#endif

#if EXTRAS_16

/*-----------------
 *    BITMAPS
 *----------------*/

/*Store the image of the glyphs*/
static LV_ATTRIBUTE_LARGE_CONST const uint8_t glyph_bitmap[] = {
    /* U+00A3 "£" */
    0x0, 0x9b, 0x7f, 0x64, 0x2, 0x69, 0xab, 0xb1,
    0x80, 0x54, 0xae, 0x8d, 0x40, 0x11, 0x10, 0x3,
    0xff, 0x96, 0xde, 0x2f, 0xfe, 0xb0, 0x3, 0x68,
    0xb6, 0xea, 0x80, 0x22, 0xe, 0x22, 0x8, 0x4,
    0x22, 0x20, 0xe, 0x2a, 0x20, 0x55, 0xc4, 0xa8,
    0x55, 0x5d, 0x60,

    /* U+00A5 "¥" */
    0x8e, 0x0, 0xed, 0x99, 0x3, 0x80, 0x4a, 0x50,
    0x33, 0x20, 0xa, 0x18, 0x41, 0xc1, 0xc1, 0x4a,
    0x0, 0x28, 0x90, 0x87, 0x10, 0x9, 0x8e, 0xce,
    0x0, 0x28, 0xf2, 0x41, 0xf9, 0x0, 0x4e, 0xe0,
    0x56, 0xc0, 0x0, 0x48, 0x40, 0x48, 0x40, 0x11,
    0xfa, 0x17, 0xf2, 0x0, 0x9d, 0xc0, 0xad, 0x80,
    0x0, 0x90, 0x80, 0x90, 0x80,

    /* U+00A7 "§" */
    0x2, 0xae, 0xfe, 0x90, 0x4, 0x8e, 0xea, 0xbc,
    0x0, 0xe2, 0x64, 0x8c, 0x0, 0xe4, 0xe8, 0x10,
    0x9, 0xe, 0xb, 0x98, 0x1, 0x10, 0x6a, 0xa4,
    0x88, 0x17, 0x8, 0x38, 0x5, 0xcf, 0xd3, 0xf0,
    0x20, 0x59, 0x80, 0x2f, 0x0, 0xc7, 0x34, 0xe2,
    0x10, 0x64, 0x4f, 0x11, 0x1, 0x6e, 0xb0, 0x70,
    0x0,

    /* U+00A9 "©" */
    0x0, 0x86, 0x37, 0xb6, 0x8c, 0x3, 0x93, 0x3b,
    0x3b, 0x7f, 0x9c, 0x2, 0x29, 0xc6, 0x8e, 0xdd,
    0xb1, 0x80, 0x13, 0x21, 0xb5, 0xde, 0xc0, 0xa8,
    0x0, 0x2a, 0xa, 0x71, 0x99, 0x0, 0x51, 0x49,
    0x40, 0x80, 0x80, 0x3b, 0x48, 0x2, 0x10, 0x10,
    0xf, 0x89, 0x40, 0x8e, 0x0, 0x4, 0x0, 0xe2,
    0x5, 0x50, 0x72, 0xff, 0xa8, 0x5, 0xd0, 0x22,
    0xc8, 0x99, 0xfe, 0x80, 0xa9, 0x10, 0x3a, 0xc6,
    0x10, 0x2, 0x69, 0xb8, 0x4, 0x9f, 0xd9, 0xdb,
    0xdc, 0x80, 0x0,

    /* U+00AE "®" */
    0x0, 0x86, 0x37, 0xb6, 0x8c, 0x3, 0x93, 0x3b,
    0x3b, 0x7f, 0x9c, 0x2, 0x29, 0xc1, 0xee, 0x63,
    0x6e, 0x30, 0x2, 0x64, 0x3e, 0x98, 0xbc, 0x15,
    0x0, 0x5, 0x40, 0x8, 0xa8, 0x80, 0x51, 0x49,
    0x40, 0x3a, 0xc8, 0x1, 0xa4, 0x1, 0xc9, 0xef,
    0xc0, 0x18, 0x94, 0x2, 0x4c, 0x7, 0x0, 0x71,
    0x2, 0xa8, 0x2, 0x38, 0x90, 0x17, 0x40, 0x8b,
    0x2d, 0xc0, 0x74, 0x5a, 0x91, 0x3, 0xac, 0x36,
    0x0, 0x6c, 0x1b, 0x80, 0x49, 0xfd, 0x9d, 0xbd,
    0xc8, 0x0, 0x0,

    /* U+00B0 "°" */
    0x3, 0xce, 0xb1, 0xd, 0x8e, 0xca, 0x11, 0x20,
    0x32, 0x88, 0x90, 0x19, 0x43, 0x63, 0xf2, 0x40,

    /* U+00B1 "±" */
    0x0, 0xde, 0x40, 0x1f, 0xfd, 0x23, 0xff, 0x83,
    0x7f, 0xc8, 0x7b, 0xb0, 0x5e, 0xe9, 0x0, 0x8a,
    0x6, 0x22, 0x0, 0x7f, 0xc4, 0x56, 0x81, 0x10,
    0xf, 0x77, 0xe5,

    /* U+00B7 "·" */
    0x1, 0xc, 0xe1, 0x52, 0x10,

    /* U+00BC "¼" */
    0x2, 0xdc, 0x0, 0xc9, 0xa0, 0x3, 0xc4, 0x0,
    0xe9, 0x80, 0x1, 0xe6, 0x0, 0x33, 0xb2, 0x80,
    0x44, 0x1, 0x86, 0x64, 0x1, 0xfd, 0x6e, 0x40,
    0x20, 0x1e, 0x34, 0x80, 0xcd, 0x0, 0xf7, 0xc0,
    0xc8, 0x7, 0x2e, 0x28, 0xb2, 0x1d, 0x0, 0x7a,
    0xe4, 0x66, 0xc0, 0x3d, 0x8, 0x89, 0x2e, 0x93,
    0xc0, 0x1, 0x3d, 0x84, 0x7f, 0xa4, 0xf0, 0x1,
    0x2e, 0x20, 0x1f, 0x0,

    /* U+00BD "½" */
    0x4, 0xe9, 0x0, 0xd8, 0xc0, 0x5, 0xa5, 0x0,
    0xca, 0x2c, 0x0, 0x7c, 0x30, 0xd, 0x72, 0x1,
    0x11, 0x0, 0x34, 0x2a, 0x0, 0x7e, 0x17, 0x90,
    0xf, 0xeb, 0x76, 0xce, 0xb1, 0x0, 0xc6, 0x90,
    0xfd, 0xc1, 0x90, 0x4, 0x4f, 0xc0, 0x19, 0x1,
    0x80, 0x66, 0x6, 0x0, 0x8d, 0xe4, 0x2, 0x8f,
    0x0, 0x8f, 0xb4, 0x40, 0x10, 0x86, 0x0, 0x3e,
    0xe1, 0x80, 0x9, 0xec, 0x2, 0xe2, 0xde, 0x90,
    0x2e, 0x10, 0xb, 0x3b, 0xfd, 0x20,

    /* U+00BE "¾" */
    0x4c, 0xed, 0x40, 0xd, 0x12, 0x0, 0x78, 0xea,
    0x90, 0x8, 0x9a, 0x0, 0x6, 0x81, 0xec, 0x1,
    0x4c, 0x84, 0x2, 0xaf, 0x78, 0x0, 0x2b, 0x38,
    0x6, 0xaf, 0xbc, 0x0, 0x44, 0x80, 0x80, 0xc,
    0x40, 0x40, 0xe, 0xc8, 0x8e, 0x60, 0x4f, 0xe9,
    0xb1, 0x99, 0xf, 0x90, 0x1, 0xfb, 0x98, 0x96,
    0xc5, 0x50, 0x1, 0xf1, 0xa4, 0x39, 0x98, 0x3,
    0xef, 0x80, 0x97, 0xf2, 0x95, 0x0, 0x98, 0x18,
    0x3b, 0xfc, 0x52, 0xa0, 0x1, 0x8f, 0x0, 0xfc,

    /* U+00C0 "À" */
    0x0, 0xd1, 0xea, 0x1, 0xfe, 0x88, 0x51, 0x80,
    0x7f, 0x9e, 0x94, 0x3, 0xfc, 0x55, 0x60, 0x1f,
    0xeb, 0x2, 0x40, 0xf, 0xe6, 0x60, 0xf8, 0x7,
    0xe6, 0xb, 0x94, 0x20, 0xf, 0xac, 0xc9, 0x82,
    0x80, 0x3c, 0x85, 0x40, 0x28, 0xc0, 0x1e, 0xf0,
    0x60, 0x7, 0x8b, 0x0, 0x61, 0x45, 0x11, 0x94,
    0x6c, 0x3, 0x48, 0x2f, 0x76, 0x12, 0x30, 0x9,
    0x8e, 0xef, 0xc1, 0x20, 0x6, 0x18, 0x44, 0xf2,
    0xa8, 0x42, 0x89, 0x0, 0x3d, 0x1, 0x20,

    /* U+00C1 "Á" */
    0x0, 0xfa, 0x7d, 0x0, 0x3f, 0x9d, 0xd8, 0x80,
    0x1f, 0x84, 0x30, 0xc0, 0x3f, 0x8e, 0x3c, 0x3,
    0xfd, 0x60, 0x48, 0x1, 0xfc, 0xcc, 0x1f, 0x0,
    0xfc, 0xc1, 0x72, 0x84, 0x1, 0xf5, 0x99, 0x30,
    0x50, 0x7, 0x90, 0xa8, 0x5, 0x18, 0x3, 0xde,
    0xc, 0x0, 0xf1, 0x60, 0xc, 0x28, 0xa2, 0x32,
    0x8d, 0x80, 0x69, 0x5, 0xee, 0xc2, 0x46, 0x1,
    0x31, 0xdd, 0xf8, 0x24, 0x0, 0xc3, 0x8, 0x9e,
    0x55, 0x8, 0x51, 0x20, 0x7, 0xa0, 0x24,

    /* U+00C2 "Â" */
    0x0, 0xe5, 0xfe, 0x10, 0xf, 0xc7, 0x52, 0x98,
    0x1, 0xf9, 0x69, 0xaa, 0x88, 0x1, 0xf3, 0x3f,
    0xeb, 0xa0, 0x7, 0xeb, 0x2, 0x40, 0xf, 0xe6,
    0x60, 0xf8, 0x7, 0xe6, 0xb, 0x94, 0x20, 0xf,
    0xac, 0xc9, 0x82, 0x80, 0x3c, 0x85, 0x40, 0x28,
    0xc0, 0x1e, 0xf0, 0x60, 0x7, 0x8b, 0x0, 0x61,
    0x45, 0x11, 0x94, 0x6c, 0x3, 0x48, 0x2f, 0x76,
    0x12, 0x30, 0x9, 0x8e, 0xef, 0xc1, 0x20, 0x6,
    0x18, 0x44, 0xf2, 0xa8, 0x42, 0x89, 0x0, 0x3d,
    0x1, 0x20,

    /* U+00C3 "Ã" */
    0x0, 0xc9, 0xb4, 0x2e, 0xc0, 0x1f, 0x7c, 0xfe,
    0x5b, 0x80, 0x7d, 0x68, 0xbb, 0x82, 0x1, 0xf8,
    0xbf, 0x40, 0x3f, 0xd6, 0x4, 0x80, 0x1f, 0xcc,
    0xc1, 0xf0, 0xf, 0xcc, 0x17, 0x28, 0x40, 0x1f,
    0x59, 0x93, 0x5, 0x0, 0x79, 0xa, 0x80, 0x51,
    0x80, 0x3d, 0xe0, 0xc0, 0xf, 0x16, 0x0, 0xc2,
    0x8a, 0x23, 0x28, 0xd8, 0x6, 0x90, 0x5e, 0xec,
    0x24, 0x60, 0x13, 0x1d, 0xdf, 0x82, 0x40, 0xc,
    0x30, 0x89, 0xe5, 0x50, 0x85, 0x12, 0x0, 0x7a,
    0x2, 0x40,

    /* U+00C4 "Ä" */
    0x0, 0xc5, 0x20, 0x52, 0x1, 0xf9, 0x9c, 0x59,
    0xc0, 0x3f, 0x27, 0xa, 0x70, 0x7, 0xf1, 0x7e,
    0x80, 0x7f, 0xac, 0x9, 0x0, 0x3f, 0x99, 0x83,
    0xe0, 0x1f, 0x98, 0x2e, 0x50, 0x80, 0x3e, 0xb3,
    0x26, 0xa, 0x0, 0xf2, 0x15, 0x0, 0xa3, 0x0,
    0x7b, 0xc1, 0x80, 0x1e, 0x2c, 0x1, 0x85, 0x14,
    0x46, 0x51, 0xb0, 0xd, 0x20, 0xbd, 0xd8, 0x48,
    0xc0, 0x26, 0x3b, 0xbf, 0x4, 0x80, 0x18, 0x61,
    0x13, 0xca, 0xa1, 0xa, 0x24, 0x0, 0xf4, 0x4,
    0x80,

    /* U+00C5 "Å" */
    0x0, 0xe3, 0xba, 0x0, 0xff, 0x45, 0xf3, 0x80,
    0x7f, 0xf0, 0x3c, 0x3, 0xfa, 0x2f, 0xa4, 0x3,
    0xf8, 0xee, 0x84, 0x3, 0xf8, 0xbf, 0x40, 0x3f,
    0xd6, 0x4, 0x80, 0x1f, 0xcc, 0xc1, 0xf0, 0xf,
    0xcc, 0x17, 0x28, 0x40, 0x1f, 0x59, 0x93, 0x5,
    0x0, 0x79, 0xa, 0x80, 0x51, 0x80, 0x3d, 0xe0,
    0xc0, 0xf, 0x16, 0x0, 0xc2, 0x8a, 0x23, 0x28,
    0xd8, 0x6, 0x90, 0x5e, 0xec, 0x24, 0x60, 0x13,
    0x1d, 0xdf, 0x82, 0x40, 0xc, 0x30, 0x89, 0xe5,
    0x50, 0x85, 0x12, 0x0, 0x7a, 0x2, 0x40,

    /* U+00C6 "Æ" */
    0x0, 0xfa, 0xbf, 0xff, 0x50, 0x7, 0x89, 0x50,
    0x1a, 0x23, 0xb8, 0x3, 0xd2, 0x5e, 0x18, 0xef,
    0xc8, 0x1, 0xc8, 0x88, 0x0, 0xff, 0xe1, 0x49,
    0xa8, 0x0, 0xc4, 0x78, 0x3, 0x98, 0xa0, 0x2,
    0x9e, 0xed, 0xe0, 0x1d, 0x6, 0x80, 0x13, 0xdd,
    0xea, 0x0, 0xd0, 0x32, 0x23, 0x6, 0xa2, 0x70,
    0x4, 0x2e, 0x15, 0xdc, 0xa0, 0xf, 0xf5, 0x85,
    0x5d, 0xd0, 0x1, 0xfc, 0x6a, 0xea, 0x89, 0x18,
    0x7b, 0xbf, 0x30, 0x40, 0xc0, 0x7, 0x96, 0x23,
    0xac,

    /* U+00C7 "Ç" */
    0x0, 0x8a, 0x37, 0xfa, 0xd0, 0x2, 0x4d, 0x76,
    0x77, 0x35, 0xc8, 0x15, 0x96, 0xdc, 0x4e, 0xbe,
    0x4, 0x87, 0x90, 0x6, 0x85, 0x4, 0x52, 0x0,
    0xf8, 0x83, 0x0, 0x3f, 0xf8, 0xe4, 0x18, 0x1,
    0xfc, 0x8a, 0x40, 0x1f, 0xa4, 0x3c, 0x80, 0x34,
    0x28, 0x15, 0x16, 0xdc, 0x4e, 0xbe, 0x80, 0x17,
    0x59, 0x8e, 0xe6, 0xb8, 0x0, 0x8a, 0x78, 0xb2,
    0xd0, 0x3, 0xc5, 0x18, 0x1, 0xf1, 0xfd, 0xb0,
    0x4,

    /* U+00C8 "È" */
    0x0, 0x5f, 0x10, 0x7, 0xad, 0x30, 0x40, 0x3d,
    0x50, 0x80, 0x12, 0xff, 0xd3, 0x5f, 0xe9, 0x0,
    0x34, 0x47, 0x68, 0x3, 0x5d, 0xf9, 0x0, 0x3f,
    0xe1, 0x1f, 0x0, 0x55, 0xdd, 0xbc, 0x2, 0x8b,
    0xbd, 0x40, 0x11, 0xa2, 0x70, 0x7, 0xff, 0x27,
    0x5d, 0xf9, 0x80, 0xd, 0x11, 0xd6,

    /* U+00C9 "É" */
    0x0, 0xec, 0xe2, 0x0, 0xea, 0x1f, 0x20, 0xc,
    0x5b, 0x82, 0x0, 0x5f, 0xf6, 0xc7, 0x7f, 0xa4,
    0x0, 0xd1, 0x1d, 0xa0, 0xd, 0x77, 0xe4, 0x0,
    0xff, 0x84, 0x7c, 0x1, 0x57, 0x76, 0xf0, 0xa,
    0x2e, 0xf5, 0x0, 0x46, 0x89, 0xc0, 0x1f, 0xfc,
    0x9d, 0x77, 0xe6, 0x0, 0x34, 0x47, 0x58,

    /* U+00CA "Ê" */
    0x0, 0xa3, 0xf0, 0x3, 0x95, 0xec, 0x28, 0x3,
    0x16, 0x26, 0xe8, 0x81, 0x7e, 0x33, 0xfa, 0x36,
    0x40, 0xd, 0x11, 0xda, 0x0, 0xd7, 0x7e, 0x40,
    0xf, 0xf8, 0x47, 0xc0, 0x15, 0x77, 0x6f, 0x0,
    0xa2, 0xef, 0x50, 0x4, 0x68, 0x9c, 0x1, 0xff,
    0xc9, 0xd7, 0x7e, 0x60, 0x3, 0x44, 0x75, 0x80,

    /* U+00CB "Ë" */
    0x0, 0x24, 0x2, 0x38, 0x6, 0x34, 0x3, 0xc0,
    0xc, 0xf8, 0xf, 0x60, 0x5, 0xff, 0xfa, 0x40,
    0xd, 0x11, 0xda, 0x0, 0xd7, 0x7e, 0x40, 0xf,
    0xf8, 0x47, 0xc0, 0x15, 0x77, 0x6f, 0x0, 0xa2,
    0xef, 0x50, 0x4, 0x68, 0x9c, 0x1, 0xff, 0xc9,
    0xd7, 0x7e, 0x60, 0x3, 0x44, 0x75, 0x80,

    /* U+00CC "Ì" */
    0x1d, 0xd0, 0x80, 0xe0, 0xe8, 0x0, 0x72, 0xcc,
    0x0, 0xb0, 0xe0, 0x1f, 0xfe, 0xb0,

    /* U+00CD "Í" */
    0x1, 0xec, 0x10, 0xd5, 0xc1, 0x4b, 0xb0, 0x0,
    0x61, 0x0, 0x3f, 0xfd, 0xa0,

    /* U+00CE "Î" */
    0x0, 0x57, 0xd0, 0x5, 0x9, 0x68, 0xe0, 0x3f,
    0x89, 0x80, 0x22, 0x77, 0x7b, 0x38, 0x80, 0x7f,
    0xff, 0xc0, 0x0,

    /* U+00CF "Ï" */
    0x66, 0x3, 0x2e, 0x78, 0x66, 0x2a, 0x42, 0xa4,
    0x17, 0xd0, 0x3, 0xff, 0xd8,

    /* U+00D0 "Ð" */
    0x3, 0xff, 0xee, 0xb4, 0x0, 0xf2, 0xc4, 0x4e,
    0xb7, 0x40, 0x1d, 0x8e, 0xf4, 0xf3, 0xac, 0x0,
    0x7f, 0xa1, 0x1c, 0x41, 0xc0, 0x46, 0x0, 0xde,
    0xf, 0xb6, 0x11, 0xdc, 0x90, 0x9, 0x43, 0xb9,
    0x0, 0xb7, 0x70, 0x7, 0x8d, 0x3, 0x11, 0x4,
    0x1, 0x28, 0x70, 0x7, 0xfb, 0xc1, 0xc0, 0x3f,
    0xa1, 0x1c, 0x40, 0x2c, 0x77, 0xa7, 0x9d, 0x60,
    0x3, 0x2c, 0x44, 0xeb, 0x74, 0x0,

    /* U+00D1 "Ñ" */
    0x0, 0xa3, 0x5c, 0x30, 0x40, 0x30, 0xa7, 0xfb,
    0x90, 0x40, 0x30, 0xe1, 0x47, 0x40, 0x4, 0xbe,
    0xa0, 0x1c, 0x9e, 0xa0, 0xa, 0x20, 0xf, 0xf7,
    0x80, 0x7f, 0x29, 0x48, 0x7, 0xee, 0x56, 0x50,
    0xf, 0xd4, 0x54, 0x40, 0x1f, 0xbc, 0x3c, 0x3,
    0xf1, 0x49, 0x48, 0x7, 0xe6, 0x56, 0xe0, 0xf,
    0xd4, 0x4a, 0x1, 0xfd, 0xe0, 0x1f, 0xe2, 0x90,
    0x0,

    /* U+00D2 "Ò" */
    0x0, 0xd1, 0xea, 0x1, 0xfe, 0x8b, 0xb3, 0x0,
    0x7f, 0x93, 0x98, 0x3, 0xf0, 0xc6, 0xff, 0x5a,
    0x80, 0x72, 0x73, 0xb3, 0xb9, 0x6a, 0x80, 0x11,
    0x59, 0x6d, 0xc4, 0xf3, 0xac, 0x80, 0x24, 0x3c,
    0x80, 0x34, 0x2b, 0x10, 0x22, 0x90, 0x7, 0xa4,
    0x14, 0x83, 0x0, 0x3e, 0x30, 0xe0, 0xf, 0xfe,
    0x9, 0x6, 0x0, 0x7c, 0x61, 0xc0, 0x8a, 0x40,
    0x1e, 0x90, 0x50, 0x90, 0xf2, 0x0, 0xd0, 0xac,
    0x40, 0x56, 0x5b, 0x71, 0x3c, 0xeb, 0x20, 0x12,
    0x6b, 0xb3, 0xb9, 0x6a, 0x80, 0x0,

    /* U+00D3 "Ó" */
    0x0, 0xf0, 0xe6, 0x90, 0x7, 0xe1, 0xc5, 0xd2,
    0x0, 0xfc, 0x3b, 0x20, 0x1f, 0x86, 0x37, 0xfa,
    0xd4, 0x3, 0x93, 0x9d, 0x9d, 0xcb, 0x54, 0x0,
    0x8a, 0xcb, 0x6e, 0x27, 0x9d, 0x64, 0x1, 0x21,
    0xe4, 0x1, 0xa1, 0x58, 0x81, 0x14, 0x80, 0x3d,
    0x20, 0xa4, 0x18, 0x1, 0xf1, 0x87, 0x0, 0x7f,
    0xf0, 0x48, 0x30, 0x3, 0xe3, 0xe, 0x4, 0x52,
    0x0, 0xf4, 0x82, 0x84, 0x87, 0x90, 0x6, 0x85,
    0x62, 0x2, 0xb2, 0xdb, 0x89, 0xe7, 0x59, 0x0,
    0x93, 0x5d, 0x9d, 0xcb, 0x54, 0x0, 0x0,

    /* U+00D4 "Ô" */
    0x0, 0xe8, 0xfd, 0x20, 0xf, 0xd2, 0x9d, 0x78,
    0x40, 0x1f, 0x4e, 0xb, 0x71, 0x0, 0x78, 0x63,
    0x7f, 0xad, 0x40, 0x39, 0x39, 0xd9, 0xdc, 0xb5,
    0x40, 0x8, 0xac, 0xb6, 0xe2, 0x79, 0xd6, 0x40,
    0x12, 0x1e, 0x40, 0x1a, 0x15, 0x88, 0x11, 0x48,
    0x3, 0xd2, 0xa, 0x41, 0x80, 0x1f, 0x18, 0x70,
    0x7, 0xff, 0x4, 0x83, 0x0, 0x3e, 0x30, 0xe0,
    0x45, 0x20, 0xf, 0x48, 0x28, 0x48, 0x79, 0x0,
    0x68, 0x56, 0x20, 0x2b, 0x2d, 0xb8, 0x9e, 0x75,
    0x90, 0x9, 0x35, 0xd9, 0xdc, 0xb5, 0x40, 0x0,

    /* U+00D5 "Õ" */
    0x0, 0xcb, 0xb2, 0x32, 0x80, 0x1f, 0x47, 0x7e,
    0x12, 0x0, 0x7d, 0xa6, 0xdb, 0x60, 0x1f, 0xc,
    0x6f, 0xf5, 0xa8, 0x7, 0x27, 0x3b, 0x3b, 0x96,
    0xa8, 0x1, 0x15, 0x96, 0xdc, 0x4f, 0x3a, 0xc8,
    0x2, 0x43, 0xc8, 0x3, 0x42, 0xb1, 0x2, 0x29,
    0x0, 0x7a, 0x41, 0x48, 0x30, 0x3, 0xe3, 0xe,
    0x0, 0xff, 0xe0, 0x90, 0x60, 0x7, 0xc6, 0x1c,
    0x8, 0xa4, 0x1, 0xe9, 0x5, 0x9, 0xf, 0x20,
    0xd, 0xa, 0xc4, 0x5, 0x65, 0xb7, 0x13, 0xce,
    0xb2, 0x1, 0x26, 0xbb, 0x3b, 0x96, 0xa8, 0x0,

    /* U+00D6 "Ö" */
    0x0, 0xcb, 0xa0, 0xda, 0x1, 0xf9, 0x90, 0x9,
    0x40, 0x3f, 0x1c, 0x82, 0x40, 0x7, 0xc3, 0x1b,
    0xfd, 0x6a, 0x1, 0xc9, 0xce, 0xce, 0xe5, 0xaa,
    0x0, 0x45, 0x65, 0xb7, 0x13, 0xce, 0xb2, 0x0,
    0x90, 0xf2, 0x0, 0xd0, 0xac, 0x40, 0x8a, 0x40,
    0x1e, 0x90, 0x52, 0xc, 0x0, 0xf8, 0xc3, 0x80,
    0x3f, 0xf8, 0x24, 0x18, 0x1, 0xf1, 0x87, 0x2,
    0x29, 0x0, 0x7a, 0x41, 0x42, 0x43, 0xc8, 0x3,
    0x42, 0xb1, 0x1, 0x59, 0x6d, 0xc4, 0xf3, 0xac,
    0x80, 0x49, 0xae, 0xce, 0xe5, 0xaa, 0x0, 0x0,

    /* U+00D7 "×" */
    0x20, 0xe, 0x30, 0x9b, 0x0, 0xab, 0x82, 0x9a,
    0xc2, 0x53, 0x0, 0x71, 0xb9, 0xf0, 0x40, 0x2,
    0x82, 0xa4, 0x1, 0x43, 0xda, 0xd0, 0x1, 0xdd,
    0xa9, 0x89, 0x20, 0x38, 0x60, 0x58, 0x20,

    /* U+00D8 "Ø" */
    0x0, 0xff, 0x36, 0x0, 0x61, 0x8d, 0xfe, 0xb7,
    0x8e, 0x0, 0x93, 0x9d, 0x9d, 0xcb, 0x2, 0x40,
    0x2, 0xb2, 0xdb, 0x89, 0x60, 0x4, 0x80, 0x24,
    0x3c, 0x80, 0x6, 0xda, 0xac, 0x40, 0x8a, 0x40,
    0x17, 0x41, 0x48, 0x29, 0x6, 0x0, 0x50, 0xcc,
    0x3, 0xe, 0x0, 0xe3, 0x6a, 0x0, 0xe2, 0xc,
    0x0, 0x75, 0x88, 0x0, 0xc3, 0x81, 0x14, 0xa5,
    0xd4, 0x2, 0x90, 0x50, 0x90, 0xd6, 0xb0, 0xa,
    0x15, 0x88, 0xa, 0x40, 0x15, 0x13, 0xce, 0xb2,
    0x1, 0x62, 0x3b, 0x3b, 0x96, 0xa8, 0x1, 0x2b,
    0xdc, 0x6f, 0xf5, 0xa8, 0x4,

    /* U+00D9 "Ù" */
    0x0, 0x16, 0x60, 0x40, 0x3e, 0x2c, 0x4c, 0x20,
    0xf, 0xd1, 0xa4, 0x1, 0x9b, 0xcc, 0x3, 0xa3,
    0xc4, 0x3, 0xff, 0xea, 0x26, 0xe, 0x1, 0xc2,
    0x0, 0x60, 0x30, 0xe, 0x52, 0x3, 0x29, 0x20,
    0x9, 0x4d, 0x40, 0x12, 0x3b, 0x51, 0x74, 0x50,
    0x0, 0x4c, 0x44, 0x3b, 0x3e, 0x0, 0x0,

    /* U+00DA "Ú" */
    0x0, 0xe4, 0xf9, 0x0, 0xf9, 0x6a, 0x92, 0x1,
    0xf2, 0xf2, 0x80, 0x66, 0xf3, 0x0, 0xe8, 0xf1,
    0x0, 0xff, 0xfa, 0x89, 0x83, 0x80, 0x70, 0x80,
    0x18, 0xc, 0x3, 0x94, 0x80, 0xca, 0x48, 0x2,
    0x53, 0x50, 0x4, 0x8e, 0xd4, 0x5d, 0x14, 0x0,
    0x13, 0x11, 0xe, 0xcf, 0x80, 0x0,

    /* U+00DB "Û" */
    0x0, 0x87, 0x7e, 0x40, 0x3c, 0x59, 0x5c, 0x54,
    0x1, 0xc5, 0xae, 0x37, 0x40, 0x13, 0x79, 0x80,
    0x74, 0x78, 0x80, 0x7f, 0xfd, 0x44, 0xc1, 0xc0,
    0x38, 0x40, 0xc, 0x6, 0x1, 0xca, 0x40, 0x65,
    0x24, 0x1, 0x29, 0xa8, 0x2, 0x47, 0x6a, 0x2e,
    0x8a, 0x0, 0x9, 0x88, 0x87, 0x67, 0xc0, 0x0,

    /* U+00DC "Ü" */
    0x0, 0xb1, 0xc3, 0x18, 0x3, 0xc8, 0x60, 0x84,
    0x1, 0xe8, 0x40, 0x84, 0x0, 0x9b, 0xcc, 0x3,
    0xa3, 0xc4, 0x3, 0xff, 0xea, 0x26, 0xe, 0x1,
    0xc2, 0x0, 0x60, 0x30, 0xe, 0x52, 0x3, 0x29,
    0x20, 0x9, 0x4d, 0x40, 0x12, 0x3b, 0x51, 0x74,
    0x50, 0x0, 0x4c, 0x44, 0x3b, 0x3e, 0x0, 0x0,

    /* U+00DD "Ý" */
    0x0, 0xf2, 0x7c, 0x80, 0x7e, 0x3b, 0x79, 0x0,
    0xfc, 0xb5, 0x0, 0x1d, 0x9c, 0x0, 0x65, 0x0,
    0x3f, 0x90, 0x78, 0xb8, 0x6, 0x18, 0x62, 0x3,
    0x58, 0x10, 0xa, 0x6, 0x0, 0x2b, 0xb, 0x0,
    0x13, 0x40, 0x80, 0x42, 0xea, 0x61, 0x24, 0xc0,
    0x1d, 0x3, 0xe8, 0x89, 0x0, 0xfa, 0xce, 0xd1,
    0x0, 0x1f, 0x29, 0x84, 0x80, 0x7f, 0x28, 0x10,
    0x7, 0xff, 0x70,

    /* U+00DE "Þ" */
    0x5f, 0x40, 0xf, 0xe2, 0x28, 0x40, 0x3d, 0x3b,
    0xae, 0xf9, 0x10, 0x9, 0xea, 0x92, 0xcc, 0xc0,
    0xb, 0x15, 0x4d, 0x34, 0x4c, 0x1, 0xf2, 0x86,
    0x0, 0x7f, 0xf1, 0x50, 0x8, 0x0, 0x24, 0x43,
    0x6a, 0x19, 0x0, 0x56, 0xeb, 0x24, 0xb4, 0x40,
    0xf, 0x54, 0xbd, 0xc3, 0x0, 0xb1, 0x54, 0x84,
    0x1, 0x0,

    /* U+00DF "ß" */
    0x0, 0x47, 0x7f, 0x40, 0x6, 0xc7, 0x74, 0x3b,
    0xac, 0x0, 0x87, 0x32, 0x79, 0x84, 0x10, 0x30,
    0x60, 0x8, 0x40, 0x2f, 0x0, 0x85, 0x61, 0x84,
    0x3, 0xbe, 0x87, 0x0, 0x3d, 0xb4, 0xb4, 0xe0,
    0x1c, 0x6b, 0x4b, 0x0, 0x1f, 0xb4, 0x4, 0x3,
    0xec, 0x1, 0x0, 0x8d, 0xdd, 0x69, 0x0, 0x19,
    0x62, 0xd, 0x2e, 0x0,

    /* U+00E0 "à" */
    0x0, 0x47, 0xa0, 0x7, 0xa2, 0xe5, 0x40, 0x3c,
    0x9a, 0xa0, 0x18, 0x67, 0xbf, 0x60, 0x2, 0xd7,
    0x68, 0x77, 0x48, 0x3, 0xb9, 0xf, 0x4a, 0xc0,
    0x2, 0x0, 0xd8, 0x4, 0x5, 0x7d, 0xfe, 0x90,
    0xb, 0x1e, 0xb7, 0x50, 0x0, 0x21, 0x94, 0x22,
    0x0, 0x44, 0x32, 0x84, 0xf0, 0x1, 0x63, 0xde,
    0xe4, 0x80, 0x0,

    /* U+00E1 "á" */
    0x0, 0xc3, 0xb8, 0x20, 0x18, 0xb1, 0x70, 0x40,
    0x31, 0x6c, 0x0, 0x61, 0x9e, 0xfd, 0x80, 0xb,
    0x5d, 0xa1, 0xdd, 0x20, 0xe, 0xe4, 0x3d, 0x2b,
    0x0, 0x8, 0x3, 0x60, 0x10, 0x15, 0xf7, 0xfa,
    0x40, 0x2c, 0x7a, 0xdd, 0x40, 0x0, 0x86, 0x50,
    0x88, 0x1, 0x10, 0xca, 0x13, 0xc0, 0x5, 0x8f,
    0x7b, 0x92, 0x0,

    /* U+00E2 "â" */
    0x0, 0xa7, 0xf4, 0x40, 0x35, 0x1f, 0x56, 0x88,
    0x5, 0x54, 0x17, 0xc1, 0x0, 0xc, 0xf7, 0xec,
    0x0, 0x5a, 0xed, 0xe, 0xe9, 0x0, 0x77, 0x21,
    0xe9, 0x58, 0x0, 0x40, 0x1b, 0x0, 0x80, 0xaf,
    0xbf, 0xd2, 0x1, 0x63, 0xd6, 0xea, 0x0, 0x4,
    0x32, 0x84, 0x40, 0x8, 0x86, 0x50, 0x9e, 0x0,
    0x2c, 0x7b, 0xdc, 0x90, 0x0,

    /* U+00E3 "ã" */
    0x0, 0x3f, 0xd0, 0x5a, 0x0, 0x55, 0xd9, 0xa2,
    0x80, 0x16, 0x8b, 0x6d, 0x0, 0x43, 0x3d, 0xfb,
    0x0, 0x16, 0xbb, 0x43, 0xba, 0x40, 0x1d, 0xc8,
    0x7a, 0x56, 0x0, 0x10, 0x6, 0xc0, 0x20, 0x2b,
    0xef, 0xf4, 0x80, 0x58, 0xf5, 0xba, 0x80, 0x1,
    0xc, 0xa1, 0x10, 0x2, 0x21, 0x94, 0x27, 0x80,
    0xb, 0x1e, 0xf7, 0x24, 0x0,

    /* U+00E4 "ä" */
    0x0, 0x3e, 0x3, 0xd8, 0x6, 0x34, 0x3, 0xc0,
    0xc, 0x90, 0x8, 0xe0, 0x10, 0xcf, 0x7e, 0xc0,
    0x5, 0xae, 0xd0, 0xee, 0x90, 0x7, 0x72, 0x1e,
    0x95, 0x80, 0x4, 0x1, 0xb0, 0x8, 0xa, 0xfb,
    0xfd, 0x20, 0x16, 0x3d, 0x6e, 0xa0, 0x0, 0x43,
    0x28, 0x44, 0x0, 0x88, 0x65, 0x9, 0xe0, 0x2,
    0xc7, 0xbd, 0xc9, 0x0, 0x0,

    /* U+00E5 "å" */
    0x0, 0x96, 0xe0, 0x3, 0xdd, 0x7e, 0x80, 0x1f,
    0x84, 0x3, 0xba, 0xf9, 0x40, 0x39, 0x6e, 0x40,
    0x30, 0xcf, 0x7e, 0xc0, 0x5, 0xae, 0xd0, 0xee,
    0x90, 0x7, 0x72, 0x1e, 0x95, 0x80, 0x4, 0x1,
    0xb0, 0x8, 0xa, 0xfb, 0xfd, 0x20, 0x16, 0x3d,
    0x6e, 0xa0, 0x0, 0x43, 0x28, 0x44, 0x0, 0x88,
    0x65, 0x9, 0xe0, 0x2, 0xc7, 0xbd, 0xc9, 0x0,
    0x0,

    /* U+00E6 "æ" */
    0x1, 0x9e, 0xfe, 0x80, 0x3b, 0xfe, 0xa2, 0x0,
    0xa9, 0xda, 0x11, 0xef, 0x1a, 0x19, 0x30, 0x80,
    0x13, 0xd0, 0xf4, 0xa8, 0x7a, 0xf1, 0xe1, 0x20,
    0x2, 0x0, 0xd8, 0x12, 0x1, 0xb, 0x20, 0x0,
    0xef, 0xbf, 0xd2, 0x15, 0xff, 0x9c, 0x8, 0x34,
    0x2b, 0x75, 0x1, 0x3b, 0xbe, 0x22, 0xe, 0xa1,
    0x13, 0x82, 0x88, 0xb0, 0x10, 0x10, 0xc4, 0x1e,
    0x99, 0xcf, 0x61, 0xeb, 0x54, 0x1, 0x8a, 0xd0,
    0xd7, 0x18, 0xcc, 0x87, 0x95, 0x0,

    /* U+00E7 "ç" */
    0x0, 0x1d, 0x77, 0xe2, 0x0, 0x13, 0x1d, 0xa0,
    0x2d, 0x2, 0x4b, 0x61, 0xf2, 0x14, 0xca, 0xc0,
    0x33, 0x8b, 0x82, 0x80, 0x79, 0xc1, 0x40, 0x3c,
    0x65, 0x60, 0x19, 0x84, 0x24, 0xb5, 0xdd, 0x92,
    0xa0, 0x98, 0xf1, 0x0, 0xb4, 0x0, 0x1d, 0x15,
    0x62, 0x0, 0x77, 0xc2, 0x0, 0x76, 0x60, 0x54,
    0x0,

    /* U+00E8 "è" */
    0x0, 0x2f, 0xb8, 0x7, 0xcb, 0xb7, 0x0, 0x1f,
    0x16, 0x40, 0x7, 0x8e, 0xff, 0xa8, 0x80, 0x24,
    0xc7, 0x99, 0x26, 0x10, 0x2, 0x8f, 0x19, 0xfc,
    0x20, 0xc, 0x64, 0x2, 0x19, 0x50, 0x70, 0xaf,
    0xfd, 0x0, 0x2e, 0x11, 0xbb, 0xe1, 0x31, 0xb2,
    0x2c, 0x4, 0x0, 0xa3, 0xd8, 0x7a, 0xd5, 0x0,
    0x26, 0x3b, 0x43, 0xca, 0x80,

    /* U+00E9 "é" */
    0x0, 0xea, 0xe4, 0x0, 0xf5, 0x7, 0xa0, 0x7,
    0xaa, 0x82, 0x1, 0xc7, 0x7f, 0xd4, 0x40, 0x12,
    0x63, 0xcc, 0x93, 0x8, 0x1, 0x47, 0x8c, 0xfe,
    0x10, 0x6, 0x32, 0x1, 0xc, 0xa8, 0x38, 0x57,
    0xfe, 0x80, 0x17, 0x8, 0xdd, 0xf0, 0x98, 0xd9,
    0x16, 0x2, 0x0, 0x51, 0xec, 0x3d, 0x6a, 0x80,
    0x13, 0x1d, 0xa1, 0xe5, 0x40,

    /* U+00EA "ê" */
    0x0, 0x9b, 0xf8, 0xc0, 0x39, 0xaf, 0x6b, 0x90,
    0x3, 0x36, 0x92, 0x6a, 0x0, 0x63, 0xbf, 0xea,
    0x20, 0x9, 0x31, 0xe6, 0x49, 0x84, 0x0, 0xa3,
    0xc6, 0x7f, 0x8, 0x3, 0x19, 0x0, 0x86, 0x54,
    0x1c, 0x2b, 0xff, 0x40, 0xb, 0x84, 0x6e, 0xf8,
    0x4c, 0x6c, 0x8b, 0x1, 0x0, 0x28, 0xf6, 0x1e,
    0xb5, 0x40, 0x9, 0x8e, 0xd0, 0xf2, 0xa0,

    /* U+00EB "ë" */
    0x0, 0x1f, 0x9, 0xf0, 0x80, 0x61, 0x71, 0x13,
    0x88, 0x6, 0x29, 0x2, 0x90, 0xe, 0x3b, 0xfe,
    0xa2, 0x0, 0x93, 0x1e, 0x64, 0x98, 0x40, 0xa,
    0x3c, 0x67, 0xf0, 0x80, 0x31, 0x90, 0x8, 0x65,
    0x41, 0xc2, 0xbf, 0xf4, 0x0, 0xb8, 0x46, 0xef,
    0x84, 0xc6, 0xc8, 0xb0, 0x10, 0x2, 0x8f, 0x61,
    0xeb, 0x54, 0x0, 0x98, 0xed, 0xf, 0x2a, 0x0,

    /* U+00EC "ì" */
    0x2d, 0xc1, 0x2, 0xd4, 0xa1, 0x0, 0x45, 0x88,
    0x2, 0x3c, 0x3, 0xff, 0xba,

    /* U+00ED "í" */
    0x6, 0xf7, 0x6, 0xac, 0x70, 0x6c, 0x30, 0x4,
    0x78, 0x7, 0xff, 0x7c,

    /* U+00EE "î" */
    0x1, 0xdf, 0x60, 0x5, 0x53, 0x6d, 0x2, 0xdc,
    0xb5, 0x0, 0x11, 0xe0, 0x1f, 0xfe, 0x60,

    /* U+00EF "ï" */
    0x8a, 0x4e, 0xd, 0xc6, 0x70, 0x56, 0x29, 0x0,
    0x47, 0x80, 0x7f, 0xf7, 0x80,

    /* U+00F0 "ð" */
    0x5, 0xdf, 0xec, 0x64, 0x70, 0x0, 0xac, 0xc8,
    0xa6, 0xf4, 0x0, 0x93, 0xd2, 0xe, 0x1, 0xda,
    0x97, 0xd1, 0x5, 0x20, 0x6, 0x61, 0x40, 0xa,
    0x8, 0x0, 0x8e, 0xff, 0x50, 0x3, 0x82, 0x9d,
    0xd5, 0x41, 0xf0, 0x1, 0x2b, 0xca, 0xaa, 0xd8,
    0x3d, 0x83, 0x0, 0x36, 0x2, 0x30, 0x60, 0x6,
    0xb2, 0x32, 0x67, 0xa6, 0x7d, 0x3e, 0x0, 0x4c,
    0x3c, 0xc9, 0xf4, 0xc0,

    /* U+00F1 "ñ" */
    0x0, 0x4f, 0xc0, 0x68, 0x80, 0x5, 0x78, 0x39,
    0x44, 0x0, 0x38, 0x31, 0xd0, 0x0, 0x8e, 0x3b,
    0xfe, 0xa1, 0x0, 0xe, 0xc, 0xb2, 0xe0, 0x4,
    0xf4, 0xd1, 0x24, 0x80, 0x9, 0x0, 0x9c, 0xc,
    0x0, 0x20, 0x10, 0x87, 0x80, 0x7f, 0xf6, 0x0,

    /* U+00F2 "ò" */
    0x0, 0x27, 0x50, 0x7, 0xc9, 0xe3, 0x40, 0x1f,
    0xd, 0xd0, 0x7, 0x8e, 0xfb, 0xf1, 0x0, 0x24,
    0xc6, 0x64, 0x5, 0xb0, 0x2, 0x8b, 0x61, 0xf1,
    0x24, 0x4c, 0x6c, 0x3, 0x40, 0x23, 0x82, 0x80,
    0x62, 0x2, 0x70, 0x50, 0xc, 0x40, 0x46, 0x36,
    0x1, 0xa0, 0x10, 0x28, 0xb5, 0xdd, 0x89, 0x22,
    0x9, 0x8d, 0x30, 0x16, 0xc0,

    /* U+00F3 "ó" */
    0x0, 0xe8, 0xf5, 0x0, 0xf4, 0x26, 0xa8, 0x7,
    0xa3, 0x8, 0x3, 0x8e, 0xfb, 0xf1, 0x0, 0x24,
    0xc6, 0x64, 0x5, 0xb0, 0x2, 0x8b, 0x61, 0xf1,
    0x24, 0x4c, 0x6c, 0x3, 0x40, 0x23, 0x82, 0x80,
    0x62, 0x2, 0x70, 0x50, 0xc, 0x40, 0x46, 0x36,
    0x1, 0xa0, 0x10, 0x28, 0xb5, 0xdd, 0x89, 0x22,
    0x9, 0x8d, 0x30, 0x16, 0xc0,

    /* U+00F4 "ô" */
    0x0, 0x93, 0xbd, 0x80, 0x39, 0x26, 0xb6, 0xd8,
    0x3, 0x26, 0xa1, 0x6b, 0x0, 0x63, 0xbe, 0xfc,
    0x40, 0x9, 0x31, 0x99, 0x1, 0x6c, 0x0, 0xa2,
    0xd8, 0x7c, 0x49, 0x13, 0x1b, 0x0, 0xd0, 0x8,
    0xe0, 0xa0, 0x18, 0x80, 0x9c, 0x14, 0x3, 0x10,
    0x11, 0x8d, 0x80, 0x68, 0x4, 0xa, 0x2d, 0x77,
    0x62, 0x48, 0x82, 0x63, 0x4c, 0x5, 0xb0, 0x0,

    /* U+00F5 "õ" */
    0x0, 0x16, 0xe8, 0xd2, 0x80, 0x35, 0x5f, 0x7c,
    0xc8, 0x3, 0x43, 0x1e, 0x69, 0x80, 0x63, 0xbe,
    0xfc, 0x40, 0x9, 0x31, 0x99, 0x1, 0x6c, 0x0,
    0xa2, 0xd8, 0x7c, 0x49, 0x13, 0x1b, 0x0, 0xd0,
    0x8, 0xe0, 0xa0, 0x18, 0x80, 0x9c, 0x14, 0x3,
    0x10, 0x11, 0x8d, 0x80, 0x68, 0x4, 0xa, 0x2d,
    0x77, 0x62, 0x48, 0x82, 0x63, 0x4c, 0x5, 0xb0,
    0x0,

    /* U+00F6 "ö" */
    0x0, 0xf, 0x18, 0xf1, 0x80, 0x61, 0x71, 0x13,
    0x90, 0x7, 0x49, 0x4, 0x88, 0x6, 0x3b, 0xef,
    0xc4, 0x0, 0x93, 0x19, 0x90, 0x16, 0xc0, 0xa,
    0x2d, 0x87, 0xc4, 0x91, 0x31, 0xb0, 0xd, 0x0,
    0x8e, 0xa, 0x1, 0x88, 0x9, 0xc1, 0x40, 0x31,
    0x1, 0x18, 0xd8, 0x6, 0x80, 0x40, 0xa2, 0xd7,
    0x76, 0x24, 0x88, 0x26, 0x34, 0xc0, 0x5b, 0x0,

    /* U+00F7 "÷" */
    0x0, 0x8f, 0x90, 0x3, 0xff, 0x86, 0x7c, 0x80,
    0x1f, 0xfc, 0x3, 0xff, 0xf9, 0x4f, 0x77, 0xe5,
    0x2, 0x20, 0xe3, 0x11, 0x0, 0x3f, 0xc0,

    /* U+00F8 "ø" */
    0x0, 0xf8, 0xec, 0x2, 0x3b, 0xef, 0xcc, 0x48,
    0x1, 0x31, 0x99, 0x6, 0x8, 0x0, 0xa2, 0xd8,
    0x53, 0x49, 0x13, 0x1b, 0x0, 0x4f, 0xc0, 0x23,
    0x82, 0x83, 0x19, 0x88, 0x9, 0xc1, 0x46, 0xa0,
    0x8, 0x8, 0xc6, 0xea, 0x0, 0x10, 0x8, 0x14,
    0x48, 0x6f, 0x89, 0x22, 0x8, 0x7, 0x30, 0x16,
    0xc0, 0x9, 0xac, 0xef, 0xc4, 0x0, 0x0,

    /* U+00F9 "ù" */
    0x1, 0xbd, 0x20, 0xe, 0x1b, 0xae, 0x20, 0xf,
    0x3e, 0x10, 0x5, 0x5c, 0x1, 0x8b, 0xd4, 0x3,
    0xff, 0xb0, 0x62, 0x1, 0x98, 0x1, 0xe0, 0x60,
    0x17, 0x0, 0x18, 0x75, 0xda, 0xd4, 0x2, 0xc5,
    0x99, 0x6, 0x0, 0x0,

    /* U+00FA "ú" */
    0x0, 0xc9, 0xf2, 0x1, 0xc9, 0x37, 0x20, 0x1c,
    0x9a, 0x80, 0x15, 0x70, 0x6, 0x2f, 0x50, 0xf,
    0xfe, 0xc1, 0x88, 0x6, 0x60, 0x7, 0x81, 0x80,
    0x5c, 0x0, 0x61, 0xd7, 0x6b, 0x50, 0xb, 0x16,
    0x64, 0x18, 0x0,

    /* U+00FB "û" */
    0x0, 0xe, 0xf5, 0x0, 0x61, 0xda, 0xe3, 0xa0,
    0x8, 0x71, 0xc2, 0x68, 0x1, 0x5c, 0x1, 0x8b,
    0xd4, 0x3, 0xff, 0xb0, 0x62, 0x1, 0x98, 0x1,
    0xe0, 0x60, 0x17, 0x0, 0x18, 0x75, 0xda, 0xd4,
    0x2, 0xc5, 0x99, 0x6, 0x0, 0x0,

    /* U+00FC "ü" */
    0x0, 0x5b, 0x85, 0xb8, 0x6, 0xc3, 0xc, 0x30,
    0xc, 0xe8, 0xe, 0x80, 0xa, 0xe0, 0xc, 0x5e,
    0xa0, 0x1f, 0xfd, 0x83, 0x10, 0xc, 0xc0, 0xf,
    0x3, 0x0, 0xb8, 0x0, 0xc3, 0xae, 0xd6, 0xa0,
    0x16, 0x2c, 0xc8, 0x30, 0x0,

    /* U+00FD "ý" */
    0x0, 0xe5, 0xf7, 0x0, 0xf3, 0x4e, 0x38, 0x7,
    0x9b, 0xc, 0x3, 0x6e, 0x0, 0x76, 0x58, 0x59,
    0x98, 0x2, 0x23, 0xf0, 0x61, 0x90, 0xa, 0xc9,
    0x0, 0xc, 0xa2, 0x0, 0x6a, 0x0, 0xa4, 0x18,
    0x1c, 0x18, 0x2, 0x15, 0x90, 0xa6, 0x10, 0xd,
    0x23, 0x25, 0x60, 0x1c, 0x66, 0x64, 0x20, 0xf,
    0x50, 0x78, 0x7, 0xd8, 0x48, 0x1, 0xe, 0x3c,
    0xac, 0x0, 0x73, 0x4b, 0xc2, 0x80, 0x60,

    /* U+00FE "þ" */
    0x8f, 0x0, 0xff, 0xe9, 0x15, 0xff, 0x59, 0x80,
    0x6c, 0x78, 0x65, 0xc3, 0x0, 0x93, 0x1e, 0x3c,
    0x7c, 0x2, 0x80, 0x8, 0x64, 0xc4, 0x0, 0x40,
    0x18, 0x80, 0x80, 0x4, 0x1, 0x88, 0x8, 0x1,
    0x0, 0x10, 0xc9, 0x8, 0x1, 0x31, 0xe3, 0xc7,
    0x80, 0x2c, 0x78, 0x65, 0xc3, 0x0, 0x8a, 0xff,
    0xac, 0xc0, 0x3f, 0xf9, 0x40,

    /* U+00FF "ÿ" */
    0x0, 0xb5, 0x83, 0x54, 0x3, 0x95, 0x40, 0x8c,
    0x1, 0xd0, 0x61, 0x26, 0x1, 0x6e, 0x0, 0x76,
    0x58, 0x59, 0x98, 0x2, 0x23, 0xf0, 0x61, 0x90,
    0xa, 0xc9, 0x0, 0xc, 0xa2, 0x0, 0x6a, 0x0,
    0xa4, 0x18, 0x1c, 0x18, 0x2, 0x15, 0x90, 0xa6,
    0x10, 0xd, 0x23, 0x25, 0x60, 0x1c, 0x66, 0x64,
    0x20, 0xf, 0x50, 0x78, 0x7, 0xd8, 0x48, 0x1,
    0xe, 0x3c, 0xac, 0x0, 0x73, 0x4b, 0xc2, 0x80,
    0x60,

    /* U+0100 "Ā" */
    0x0, 0xd5, 0xdd, 0x98, 0x3, 0xeb, 0xff, 0xcc,
    0x1, 0xf0, 0x9f, 0x60, 0x80, 0x7f, 0x58, 0x12,
    0x0, 0x7f, 0x33, 0x7, 0xc0, 0x3f, 0x30, 0x5c,
    0xa1, 0x0, 0x7d, 0x66, 0x4c, 0x14, 0x1, 0xe4,
    0x2a, 0x1, 0x46, 0x0, 0xf7, 0x83, 0x0, 0x3c,
    0x58, 0x3, 0xa, 0x28, 0x8c, 0xa3, 0x60, 0x1a,
    0x41, 0x7b, 0xb0, 0x91, 0x80, 0x4c, 0x77, 0x7e,
    0x9, 0x0, 0x30, 0xc2, 0x27, 0x95, 0x42, 0x14,
    0x48, 0x1, 0xe8, 0x9,

    /* U+0101 "ā" */
    0x0, 0x7f, 0xf2, 0x0, 0x5f, 0xfc, 0x80, 0x1f,
    0xf0, 0xcf, 0x7e, 0xc0, 0x5, 0xae, 0xd0, 0xee,
    0x90, 0x7, 0x72, 0x1e, 0x95, 0x80, 0x4, 0x1,
    0xb0, 0x8, 0xa, 0xfb, 0xfd, 0x20, 0x16, 0x3d,
    0x6e, 0xa0, 0x0, 0x43, 0x28, 0x44, 0x0, 0x88,
    0x65, 0x9, 0xe0, 0x2, 0xc7, 0xbd, 0xc9, 0x0,
    0x0,

    /* U+0102 "Ă" */
    0x0, 0xd3, 0x20, 0x1d, 0x40, 0xf, 0xa0, 0xfb,
    0xe9, 0x0, 0x3e, 0x1a, 0xee, 0x38, 0x7, 0xf1,
    0x7e, 0x80, 0x7f, 0xac, 0x9, 0x0, 0x3f, 0x99,
    0x83, 0xe0, 0x1f, 0x98, 0x2e, 0x50, 0x80, 0x3e,
    0xb3, 0x26, 0xa, 0x0, 0xf2, 0x15, 0x0, 0xa3,
    0x0, 0x7b, 0xc1, 0x80, 0x1e, 0x2c, 0x1, 0x85,
    0x14, 0x46, 0x51, 0xb0, 0xd, 0x20, 0xbd, 0xd8,
    0x48, 0xc0, 0x26, 0x3b, 0xbf, 0x4, 0x80, 0x18,
    0x61, 0x13, 0xca, 0xa1, 0xa, 0x24, 0x0, 0xf4,
    0x4, 0x80,

    /* U+0103 "ă" */
    0x0, 0x63, 0x1, 0x70, 0x80, 0x5d, 0xbd, 0xf6,
    0x20, 0x11, 0x5f, 0x6a, 0x80, 0x43, 0x3d, 0xfb,
    0x0, 0x16, 0xbb, 0x43, 0xba, 0x40, 0x1d, 0xc8,
    0x7a, 0x56, 0x0, 0x10, 0x6, 0xc0, 0x20, 0x2b,
    0xef, 0xf4, 0x80, 0x58, 0xf5, 0xba, 0x80, 0x1,
    0xc, 0xa1, 0x10, 0x2, 0x21, 0x94, 0x27, 0x80,
    0xb, 0x1e, 0xf7, 0x24, 0x0,

    /* U+0104 "Ą" */
    0x0, 0xe2, 0xfd, 0x0, 0xff, 0xac, 0x49, 0x0,
    0x3f, 0xcd, 0x7, 0xe0, 0x1f, 0xcc, 0x2d, 0x8,
    0x40, 0x1f, 0xad, 0x81, 0xa, 0x80, 0x3e, 0x42,
    0x90, 0x5, 0xb0, 0x7, 0xde, 0xa0, 0x22, 0x70,
    0x60, 0xe, 0x14, 0x5e, 0xec, 0x36, 0x1, 0xd2,
    0x77, 0x7d, 0x44, 0x60, 0x19, 0xad, 0x13, 0x94,
    0xe4, 0x2, 0x61, 0x60, 0xf, 0x5a, 0x88, 0x2,
    0x8c, 0x40, 0x3c, 0xa1, 0xa0, 0xc, 0xc0, 0x7,
    0xdc, 0xda, 0x1, 0xfe, 0x32, 0x91, 0x0, 0xff,
    0x1a, 0xfe, 0x0,

    /* U+0105 "ą" */
    0x1, 0x9e, 0xfd, 0x80, 0xa, 0xc9, 0xa5, 0x1e,
    0x40, 0x15, 0x70, 0xd3, 0xc, 0x0, 0x1a, 0xef,
    0xf4, 0x1, 0x6, 0xbd, 0x6e, 0xa0, 0x0, 0x27,
    0x68, 0x45, 0x0, 0x7e, 0xf0, 0x0, 0x9c, 0x21,
    0xca, 0x80, 0x5a, 0x95, 0x84, 0xe0, 0x10, 0xd7,
    0x7f, 0x92, 0xc8, 0x3, 0xa2, 0x90, 0x3, 0xd5,
    0x1c, 0x80,

    /* U+0106 "Ć" */
    0x0, 0xf1, 0x6d, 0x88, 0x7, 0x8b, 0x2a, 0xc4,
    0x3, 0xc5, 0xce, 0x1, 0xe2, 0x8d, 0xfe, 0xb4,
    0x0, 0x93, 0x5d, 0x9d, 0xcd, 0x72, 0x5, 0x65,
    0xb7, 0x13, 0xaf, 0x81, 0x21, 0xe4, 0x1, 0xa1,
    0x41, 0x14, 0x80, 0x3e, 0x20, 0xc0, 0xf, 0xfe,
    0x39, 0x6, 0x0, 0x7f, 0x22, 0x90, 0x7, 0xe9,
    0xf, 0x20, 0xd, 0xa, 0x5, 0x45, 0xb7, 0x13,
    0xaf, 0xa0, 0x5, 0xd6, 0x63, 0xb9, 0xae, 0x0,

    /* U+0107 "ć" */
    0x0, 0xeb, 0xd3, 0x0, 0xeb, 0x1d, 0x30, 0xe,
    0xba, 0x0, 0xe3, 0xae, 0xfc, 0x40, 0x2, 0x63,
    0xb4, 0x5, 0xa0, 0x49, 0x6c, 0x3e, 0x42, 0x99,
    0x58, 0x6, 0x71, 0x70, 0x50, 0xf, 0x38, 0x28,
    0x7, 0x8c, 0xac, 0x3, 0x30, 0x84, 0x96, 0xbb,
    0xb2, 0x54, 0x13, 0x1e, 0x60, 0x2d, 0x0,

    /* U+0108 "Ĉ" */
    0x0, 0xea, 0xfc, 0x10, 0xf, 0x58, 0x72, 0x60,
    0x80, 0x75, 0xd0, 0xc6, 0x88, 0x6, 0x28, 0xdf,
    0xeb, 0x40, 0x9, 0x35, 0xd9, 0xdc, 0xd7, 0x20,
    0x56, 0x5b, 0x71, 0x3a, 0xf8, 0x12, 0x1e, 0x40,
    0x1a, 0x14, 0x11, 0x48, 0x3, 0xe2, 0xc, 0x0,
    0xff, 0xe3, 0x90, 0x60, 0x7, 0xf2, 0x29, 0x0,
    0x7e, 0x90, 0xf2, 0x0, 0xd0, 0xa0, 0x54, 0x5b,
    0x71, 0x3a, 0xfa, 0x0, 0x5d, 0x66, 0x3b, 0x9a,
    0xe0,

    /* U+0109 "ĉ" */
    0x0, 0x9f, 0xf8, 0xc0, 0x33, 0xde, 0xd7, 0x18,
    0x4, 0xf8, 0x49, 0xa6, 0x1, 0x1d, 0x77, 0xe2,
    0x0, 0x13, 0x1d, 0xa0, 0x2d, 0x2, 0x4b, 0x61,
    0xf2, 0x14, 0xca, 0xc0, 0x33, 0x8b, 0x82, 0x80,
    0x79, 0xc1, 0x40, 0x3c, 0x65, 0x60, 0x19, 0x84,
    0x24, 0xb5, 0xdd, 0x92, 0xa0, 0x98, 0xf3, 0x1,
    0x68,

    /* U+010A "Ċ" */
    0x0, 0xe3, 0xf5, 0x0, 0xfe, 0x11, 0x0, 0x7e,
    0x3e, 0x40, 0xf, 0x14, 0x6f, 0xf5, 0xa0, 0x4,
    0x9a, 0xec, 0xee, 0x6b, 0x90, 0x2b, 0x2d, 0xb8,
    0x9d, 0x7c, 0x9, 0xf, 0x20, 0xd, 0xa, 0x8,
    0xa4, 0x1, 0xf1, 0x6, 0x0, 0x7f, 0xf1, 0xc8,
    0x30, 0x3, 0xf9, 0x14, 0x80, 0x3f, 0x48, 0x79,
    0x0, 0x68, 0x50, 0x2a, 0x2d, 0xb8, 0x9d, 0x7d,
    0x0, 0x2e, 0xb3, 0x1d, 0xcd, 0x70,

    /* U+010B "ċ" */
    0x0, 0xdb, 0x20, 0x1f, 0xfc, 0x4d, 0x90, 0xe,
    0x3a, 0xef, 0xc4, 0x0, 0x26, 0x3b, 0x40, 0x5a,
    0x4, 0x96, 0xc3, 0xe4, 0x29, 0x95, 0x80, 0x67,
    0x17, 0x5, 0x0, 0xf3, 0x82, 0x80, 0x78, 0xca,
    0xc0, 0x33, 0x8, 0x49, 0x6b, 0xbb, 0x25, 0x41,
    0x31, 0xe6, 0x2, 0xd0,

    /* U+010C "Č" */
    0x0, 0xd7, 0x43, 0x3a, 0x20, 0x1d, 0x61, 0xcb,
    0x82, 0x1, 0xea, 0xfc, 0x10, 0xe, 0x28, 0xdf,
    0xeb, 0x40, 0x9, 0x35, 0xd9, 0xdc, 0xd7, 0x20,
    0x56, 0x5b, 0x71, 0x3a, 0xf8, 0x12, 0x1e, 0x40,
    0x1a, 0x14, 0x11, 0x48, 0x3, 0xe2, 0xc, 0x0,
    0xff, 0xe3, 0x90, 0x60, 0x7, 0xf2, 0x29, 0x0,
    0x7e, 0x90, 0xf2, 0x0, 0xd0, 0xa0, 0x54, 0x5b,
    0x71, 0x3a, 0xfa, 0x0, 0x5d, 0x66, 0x3b, 0x9a,
    0xe0,

    /* U+010D "č" */
    0x0, 0x3e, 0x93, 0x71, 0x80, 0x4f, 0x79, 0x78,
    0x60, 0x19, 0xbb, 0x48, 0x3, 0x1d, 0x77, 0xe2,
    0x0, 0x13, 0x1d, 0xa0, 0x2d, 0x2, 0x4b, 0x61,
    0xf2, 0x14, 0xca, 0xc0, 0x33, 0x8b, 0x82, 0x80,
    0x79, 0xc1, 0x40, 0x3c, 0x65, 0x60, 0x19, 0x84,
    0x24, 0xb5, 0xdd, 0x92, 0xa0, 0x98, 0xf3, 0x1,
    0x68,

    /* U+010E "Ď" */
    0x0, 0x37, 0x10, 0xeb, 0x80, 0x79, 0x99, 0x98,
    0x77, 0x0, 0x7d, 0x10, 0xaa, 0x0, 0x72, 0xff,
    0xd3, 0x1d, 0x46, 0x1, 0xcd, 0x11, 0x3a, 0x64,
    0x0, 0x6d, 0x77, 0xa7, 0x95, 0xd8, 0x3, 0xfa,
    0x8a, 0x0, 0x3f, 0xd6, 0x28, 0x1, 0xfc, 0xa0,
    0x40, 0x1f, 0xfc, 0x95, 0x2, 0x0, 0xfe, 0xb1,
    0x40, 0xf, 0xd4, 0x50, 0x1, 0x6b, 0xbd, 0x3c,
    0xae, 0xc0, 0x13, 0x44, 0x4e, 0x99, 0x0, 0x0,

    /* U+010F "ď" */
    0x0, 0xff, 0x17, 0x88, 0x7, 0xc3, 0xee, 0x0,
    0x10, 0xf, 0xfe, 0x59, 0x60, 0x4, 0x77, 0xfe,
    0xa2, 0x0, 0x8c, 0x0, 0x98, 0xcf, 0xd, 0xa0,
    0x1e, 0xa2, 0xd8, 0x7c, 0x50, 0xe, 0x31, 0xb0,
    0xd, 0x0, 0x1c, 0xe0, 0xa0, 0x18, 0x80, 0x39,
    0xc1, 0x80, 0x31, 0x0, 0x71, 0x8c, 0x80, 0x69,
    0x0, 0xf5, 0x1e, 0x32, 0xda, 0x0, 0x79, 0x31,
    0xe6, 0x83, 0x0, 0x38,

    /* U+0110 "Đ" */
    0x3, 0xff, 0xee, 0xb4, 0x0, 0xf2, 0xc4, 0x4e,
    0xb7, 0x40, 0x1d, 0x8e, 0xf4, 0xf3, 0xac, 0x0,
    0x7f, 0xa1, 0x1c, 0x41, 0xc0, 0x46, 0x0, 0xde,
    0xf, 0xb6, 0x11, 0xdc, 0x90, 0x9, 0x43, 0xb9,
    0x0, 0xb7, 0x70, 0x7, 0x8d, 0x3, 0x11, 0x4,
    0x1, 0x28, 0x70, 0x7, 0xfb, 0xc1, 0xc0, 0x3f,
    0xa1, 0x1c, 0x40, 0x2c, 0x77, 0xa7, 0x9d, 0x60,
    0x3, 0x2c, 0x44, 0xeb, 0x74, 0x0,

    /* U+0111 "đ" */
    0x0, 0xf8, 0x7d, 0xc0, 0x39, 0xbf, 0xdc, 0x11,
    0xc0, 0x19, 0xf7, 0x58, 0xd, 0x80, 0x3, 0xbe,
    0xd8, 0x0, 0x71, 0x2, 0x63, 0x3c, 0x36, 0x80,
    0x6a, 0x2d, 0x87, 0xc5, 0x0, 0x8c, 0x6c, 0x3,
    0x40, 0x4, 0xe0, 0xa0, 0x18, 0x80, 0x27, 0x6,
    0x0, 0xc4, 0x1, 0x18, 0xc8, 0x6, 0x90, 0xd,
    0x47, 0x8c, 0xb6, 0x80, 0x19, 0x31, 0xe6, 0x83,
    0x0, 0x20,

    /* U+0112 "Ē" */
    0x0, 0x6f, 0x76, 0x30, 0xb, 0x3f, 0xf1, 0x82,
    0xff, 0x77, 0x7c, 0x80, 0x1a, 0x23, 0xb4, 0x1,
    0xae, 0xfc, 0x80, 0x1f, 0xf0, 0x8f, 0x80, 0x2a,
    0xee, 0xde, 0x1, 0x45, 0xde, 0xa0, 0x8, 0xd1,
    0x38, 0x3, 0xff, 0x93, 0xae, 0xfc, 0xc0, 0x6,
    0x88, 0xeb,

    /* U+0113 "ē" */
    0x0, 0x5f, 0xfe, 0x80, 0xd, 0x7f, 0xfa, 0x0,
    0x3f, 0xf8, 0x47, 0x7f, 0xd4, 0x40, 0x12, 0x63,
    0xcc, 0x93, 0x8, 0x1, 0x47, 0x8c, 0xfe, 0x10,
    0x6, 0x32, 0x1, 0xc, 0xa8, 0x38, 0x57, 0xfe,
    0x80, 0x17, 0x8, 0xdd, 0xf0, 0x98, 0xd9, 0x16,
    0x2, 0x0, 0x51, 0xec, 0x3d, 0x6a, 0x80, 0x13,
    0x1d, 0xa1, 0xe5, 0x40,

    /* U+0114 "Ĕ" */
    0x0, 0x63, 0x1, 0x70, 0x80, 0x5d, 0xbd, 0xf6,
    0x20, 0x11, 0x5f, 0x6a, 0x80, 0x17, 0xff, 0xe9,
    0x0, 0x34, 0x47, 0x68, 0x3, 0x5d, 0xf9, 0x0,
    0x3f, 0xe1, 0x1f, 0x0, 0x55, 0xdd, 0xbc, 0x2,
    0x8b, 0xbd, 0x40, 0x11, 0xa2, 0x70, 0x7, 0xff,
    0x27, 0x5d, 0xf9, 0x80, 0xd, 0x11, 0xd6,

    /* U+0115 "ĕ" */
    0x0, 0x45, 0x0, 0xe2, 0x80, 0x68, 0xe, 0xf4,
    0x50, 0xe, 0xae, 0xe4, 0x0, 0x71, 0xdf, 0xf5,
    0x10, 0x4, 0x98, 0xf3, 0x24, 0xc2, 0x0, 0x51,
    0xe3, 0x3f, 0x84, 0x1, 0x8c, 0x80, 0x43, 0x2a,
    0xe, 0x15, 0xff, 0xa0, 0x5, 0xc2, 0x37, 0x7c,
    0x26, 0x36, 0x45, 0x80, 0x80, 0x14, 0x7b, 0xf,
    0x5a, 0xa0, 0x4, 0xc7, 0x68, 0x79, 0x50,

    /* U+0116 "Ė" */
    0x0, 0x8b, 0x98, 0x3, 0xff, 0x86, 0x5c, 0xc0,
    0x12, 0xff, 0xfd, 0x20, 0x6, 0x88, 0xed, 0x0,
    0x6b, 0xbf, 0x20, 0x7, 0xfc, 0x23, 0xe0, 0xa,
    0xbb, 0xb7, 0x80, 0x51, 0x77, 0xa8, 0x2, 0x34,
    0x4e, 0x0, 0xff, 0xe4, 0xeb, 0xbf, 0x30, 0x1,
    0xa2, 0x3a, 0xc0,

    /* U+0117 "ė" */
    0x0, 0xdb, 0x40, 0x1f, 0x84, 0x3, 0xfb, 0x28,
    0x3, 0xc7, 0x7f, 0xd4, 0x40, 0x12, 0x63, 0xcc,
    0x93, 0x8, 0x1, 0x47, 0x8c, 0xfe, 0x10, 0x6,
    0x32, 0x1, 0xc, 0xa8, 0x38, 0x57, 0xfe, 0x80,
    0x17, 0x8, 0xdd, 0xf0, 0x98, 0xd9, 0x16, 0x2,
    0x0, 0x51, 0xec, 0x3d, 0x6a, 0x80, 0x13, 0x1d,
    0xa1, 0xe5, 0x40,

    /* U+0118 "Ę" */
    0x5f, 0xff, 0xa4, 0x2, 0x68, 0x8e, 0xd0, 0xb,
    0x5d, 0xf9, 0x0, 0x3f, 0xf8, 0x22, 0x3e, 0x0,
    0xd5, 0xdd, 0xbc, 0x3, 0x45, 0xde, 0xa0, 0xc,
    0x68, 0x9c, 0x1, 0xff, 0xcc, 0xd7, 0x7e, 0x60,
    0x9, 0xa2, 0x3a, 0x41, 0x7f, 0xf9, 0x5b, 0x40,
    0x3c, 0x4b, 0x24, 0x1, 0xe2, 0x5f, 0xd0,

    /* U+0119 "ę" */
    0x0, 0x1d, 0xff, 0x59, 0x80, 0x49, 0x83, 0x30,
    0x18, 0xa0, 0xa, 0x8a, 0x66, 0x5b, 0x40, 0x18,
    0xc7, 0xfe, 0x62, 0x17, 0x9, 0xdd, 0xf0, 0xb8,
    0x71, 0x17, 0x80, 0xc5, 0xc8, 0x2, 0x70, 0xa,
    0x83, 0x65, 0xee, 0x14, 0x0, 0x98, 0xaf, 0x9,
    0x2a, 0x1, 0x1d, 0x73, 0xc3, 0x0, 0x7c, 0xc6,
    0x1, 0xfa, 0x6b, 0x8c, 0x0,

    /* U+011A "Ě" */
    0x0, 0x65, 0x3, 0x71, 0x0, 0x5a, 0xf9, 0x34,
    0x40, 0x10, 0xfa, 0x5a, 0x0, 0x17, 0xfd, 0xaf,
    0x7f, 0xe9, 0x0, 0x34, 0x47, 0x68, 0x3, 0x5d,
    0xf9, 0x0, 0x3f, 0xe1, 0x1f, 0x0, 0x55, 0xdd,
    0xbc, 0x2, 0x8b, 0xbd, 0x40, 0x11, 0xa2, 0x70,
    0x7, 0xff, 0x27, 0x5d, 0xf9, 0x80, 0xd, 0x11,
    0xd6,

    /* U+011B "ě" */
    0x0, 0x36, 0x9a, 0xf2, 0x0, 0x66, 0x8d, 0xbd,
    0x40, 0xe, 0x5e, 0xe1, 0x80, 0x71, 0xdf, 0xf5,
    0x10, 0x4, 0x98, 0xf3, 0x24, 0xc2, 0x0, 0x51,
    0xe3, 0x3f, 0x84, 0x1, 0x8c, 0x80, 0x43, 0x2a,
    0xe, 0x15, 0xff, 0xa0, 0x5, 0xc2, 0x37, 0x7c,
    0x26, 0x36, 0x45, 0x80, 0x80, 0x14, 0x7b, 0xf,
    0x5a, 0xa0, 0x4, 0xc7, 0x68, 0x79, 0x50,

    /* U+011C "Ĝ" */
    0x0, 0xea, 0xfc, 0x0, 0xfd, 0x61, 0xeb, 0x82,
    0x1, 0xeb, 0xa0, 0x9c, 0x10, 0xe, 0x18, 0xdf,
    0xeb, 0x50, 0xc, 0x9c, 0xec, 0xee, 0x6a, 0xb0,
    0x1, 0x59, 0x6d, 0xc4, 0xec, 0xe8, 0x2, 0x43,
    0xc8, 0x3, 0x33, 0x0, 0x8, 0xa4, 0x1, 0xf8,
    0x83, 0x0, 0x3f, 0xf8, 0xd3, 0xe0, 0x41, 0x80,
    0x1f, 0xe4, 0x52, 0x0, 0xfe, 0x90, 0xf2, 0x0,
    0xc6, 0x1, 0x15, 0x96, 0xdc, 0x4e, 0xa9, 0x80,
    0x49, 0xae, 0xce, 0xe1, 0x9c, 0x0,

    /* U+011D "ĝ" */
    0x0, 0x8b, 0x7e, 0x0, 0x38, 0xbe, 0xf8, 0xe4,
    0x3, 0x16, 0xb0, 0xdc, 0x80, 0x63, 0xbf, 0xf5,
    0x97, 0x48, 0x26, 0x2b, 0xc3, 0xe8, 0x80, 0x28,
    0xbe, 0x1f, 0x14, 0x0, 0x63, 0x62, 0x1, 0x58,
    0x1, 0xc0, 0x80, 0x30, 0x80, 0x1c, 0x8, 0x3,
    0x8, 0x0, 0xc6, 0xc0, 0x34, 0x0, 0x54, 0x5b,
    0xf, 0x8c, 0x2, 0x9, 0x8c, 0xf0, 0xf8, 0x1e,
    0x0, 0x3b, 0xff, 0x5b, 0x1, 0x84, 0xf4, 0xbb,
    0xaa, 0x88, 0x80, 0x89, 0x58, 0x83, 0xba, 0xc0,

    /* U+011E "Ğ" */
    0x0, 0xdc, 0xa0, 0x7e, 0x1, 0xf6, 0xcf, 0x72,
    0xc0, 0x3e, 0x3c, 0xed, 0x40, 0xf, 0xc, 0x6f,
    0xf5, 0xa8, 0x6, 0x4e, 0x76, 0x77, 0x35, 0x58,
    0x0, 0xac, 0xb6, 0xe2, 0x76, 0x74, 0x1, 0x21,
    0xe4, 0x1, 0x99, 0x80, 0x4, 0x52, 0x0, 0xfc,
    0x41, 0x80, 0x1f, 0xfc, 0x69, 0xf0, 0x20, 0xc0,
    0xf, 0xf2, 0x29, 0x0, 0x7f, 0x48, 0x79, 0x0,
    0x63, 0x0, 0x8a, 0xcb, 0x6e, 0x27, 0x54, 0xc0,
    0x24, 0xd7, 0x67, 0x70, 0xce, 0x0,

    /* U+011F "ğ" */
    0x0, 0x1f, 0x10, 0x3d, 0x80, 0x63, 0x8f, 0xec,
    0x90, 0xe, 0x6d, 0xeb, 0x20, 0xc, 0x77, 0xfe,
    0xb2, 0xe9, 0x4, 0xc5, 0x78, 0x7d, 0x10, 0x5,
    0x17, 0xc3, 0xe2, 0x80, 0xc, 0x6c, 0x40, 0x2b,
    0x0, 0x38, 0x10, 0x6, 0x10, 0x3, 0x81, 0x0,
    0x61, 0x0, 0x18, 0xd8, 0x6, 0x80, 0xa, 0x8b,
    0x61, 0xf1, 0x80, 0x41, 0x31, 0x9e, 0x1f, 0x3,
    0xc0, 0x7, 0x7f, 0xeb, 0x60, 0x30, 0x9e, 0x97,
    0x75, 0x51, 0x10, 0x11, 0x2b, 0x10, 0x77, 0x58,
    0x0,

    /* U+0120 "Ġ" */
    0x0, 0xe3, 0xf4, 0x0, 0xff, 0x8, 0x7, 0xf8,
    0xf9, 0x0, 0x3e, 0x18, 0xdf, 0xeb, 0x50, 0xc,
    0x9c, 0xec, 0xee, 0x6a, 0xb0, 0x1, 0x59, 0x6d,
    0xc4, 0xec, 0xe8, 0x2, 0x43, 0xc8, 0x3, 0x33,
    0x0, 0x8, 0xa4, 0x1, 0xf8, 0x83, 0x0, 0x3f,
    0xf8, 0xd3, 0xe0, 0x41, 0x80, 0x1f, 0xe4, 0x52,
    0x0, 0xfe, 0x90, 0xf2, 0x0, 0xc6, 0x1, 0x15,
    0x96, 0xdc, 0x4e, 0xa9, 0x80, 0x49, 0xae, 0xce,
    0xe1, 0x9c, 0x0,

    /* U+0121 "ġ" */
    0x0, 0xcf, 0xc2, 0x1, 0xff, 0xc5, 0x7e, 0x10,
    0xe, 0x3b, 0xff, 0x59, 0x74, 0x82, 0x62, 0xbc,
    0x3e, 0x88, 0x2, 0x8b, 0xe1, 0xf1, 0x40, 0x6,
    0x36, 0x20, 0x15, 0x80, 0x1c, 0x8, 0x3, 0x8,
    0x1, 0xc0, 0x80, 0x30, 0x80, 0xc, 0x6c, 0x3,
    0x40, 0x5, 0x45, 0xb0, 0xf8, 0xc0, 0x20, 0x98,
    0xcf, 0xf, 0x81, 0xe0, 0x3, 0xbf, 0xf5, 0xb0,
    0x18, 0x4f, 0x4b, 0xba, 0xa8, 0x88, 0x8, 0x95,
    0x88, 0x3b, 0xac, 0x0,

    /* U+0122 "Ģ" */
    0x0, 0x86, 0x37, 0xfa, 0xd4, 0x3, 0x27, 0x3b,
    0x3b, 0x9a, 0xac, 0x0, 0x56, 0x5b, 0x71, 0x3b,
    0x3a, 0x0, 0x90, 0xf2, 0x0, 0xcc, 0xc0, 0x2,
    0x29, 0x0, 0x7e, 0x20, 0xc0, 0xf, 0xfe, 0x34,
    0xf8, 0x10, 0x60, 0x7, 0xf9, 0x14, 0x80, 0x3f,
    0xa4, 0x3c, 0x80, 0x31, 0x80, 0x45, 0x65, 0xb7,
    0x13, 0xaa, 0x60, 0x12, 0x6b, 0xb3, 0xb8, 0x67,
    0x0, 0x31, 0x46, 0xff, 0x63, 0x0, 0x7c, 0x58,
    0x20, 0x1f, 0xc6, 0x70, 0x7, 0xf8, 0xc8, 0x3,
    0x0,

    /* U+0123 "ģ" */
    0x0, 0xee, 0x0, 0xfc, 0xaa, 0x0, 0xfd, 0xa8,
    0x20, 0x1f, 0x47, 0x8, 0x7, 0xe1, 0x0, 0xf1,
    0xdf, 0xfa, 0xcb, 0xa4, 0x13, 0x15, 0xe1, 0xf4,
    0x40, 0x14, 0x5f, 0xf, 0x8a, 0x0, 0x31, 0xb1,
    0x0, 0xac, 0x0, 0xe0, 0x40, 0x18, 0x40, 0xe,
    0x4, 0x1, 0x84, 0x0, 0x63, 0x60, 0x1a, 0x0,
    0x2a, 0x2d, 0x87, 0xc6, 0x1, 0x4, 0xc6, 0x78,
    0x7c, 0xf, 0x0, 0x1d, 0xff, 0xad, 0x80, 0xc2,
    0x7a, 0x5d, 0xd5, 0x44, 0x40, 0x44, 0xac, 0x41,
    0xdd, 0x60,

    /* U+0124 "Ĥ" */
    0x0, 0xd5, 0xf4, 0x1, 0xf4, 0x25, 0xa3, 0x80,
    0x70, 0xfe, 0x26, 0x0, 0x80, 0x17, 0xd5, 0xc8,
    0x9, 0xd7, 0xd4, 0x3, 0xff, 0xae, 0x24, 0x5c,
    0x20, 0x1a, 0xb7, 0x7a, 0x80, 0x33, 0xd5, 0x73,
    0x80, 0x6c, 0x55, 0xec, 0x0, 0xff, 0xf1, 0x0,

    /* U+0125 "ĥ" */
    0x0, 0x33, 0x88, 0x7, 0xd3, 0x7d, 0x84, 0x1,
    0xc7, 0xdb, 0x32, 0x40, 0xe, 0x37, 0x0, 0x23,
    0x0, 0x7d, 0x1e, 0x1, 0xff, 0xd5, 0x2b, 0xfe,
    0xa1, 0x0, 0xed, 0x7, 0x72, 0xe0, 0x7, 0x3d,
    0xc4, 0xc8, 0x90, 0x3, 0x48, 0x4, 0xe0, 0x60,
    0x18, 0x40, 0x21, 0xf, 0x0, 0xff, 0xf0, 0x0,

    /* U+0126 "Ħ" */
    0x3, 0xf6, 0x0, 0xe2, 0xf7, 0x0, 0x9c, 0x4,
    0x7e, 0xf, 0x10, 0xdb, 0x8, 0xee, 0xec, 0x7,
    0xe1, 0xe8, 0x5, 0xbb, 0xe9, 0x4, 0xb1, 0x34,
    0xd, 0x66, 0xe2, 0xc, 0x40, 0xd, 0x1b, 0xbd,
    0x60, 0x1f, 0x35, 0x57, 0x48, 0x7, 0xde, 0xab,
    0xc8, 0x1, 0xff, 0xf0,

    /* U+0127 "ħ" */
    0x8, 0xf0, 0xf, 0xbd, 0xc3, 0xfe, 0x50, 0xb,
    0x50, 0x37, 0x65, 0x0, 0x88, 0xc0, 0x13, 0xbd,
    0x42, 0x1, 0xb4, 0x1d, 0xcb, 0x80, 0x19, 0xee,
    0x26, 0x44, 0x80, 0x14, 0x80, 0x4e, 0x6, 0x1,
    0x8, 0x4, 0x21, 0xe0, 0x1f, 0xfd, 0xc0,

    /* U+0128 "Ĩ" */
    0x8, 0xd7, 0xc, 0x11, 0x27, 0xfb, 0x90, 0x45,
    0x85, 0x1d, 0x0, 0x12, 0xfa, 0x0, 0x7f, 0xff,
    0xc0, 0x30,

    /* U+0129 "ĩ" */
    0x9, 0xe5, 0x77, 0x2, 0x67, 0x52, 0x86, 0x95,
    0xe9, 0x0, 0x23, 0xc0, 0x3f, 0xfc, 0xc0,

    /* U+012A "Ī" */
    0x9e, 0xea, 0x27, 0xfe, 0x80, 0x4e, 0x50, 0xf,
    0xff, 0x60,

    /* U+012B "ī" */
    0xef, 0xf9, 0x7b, 0xfe, 0x50, 0xf, 0x47, 0x80,
    0x7f, 0xf7, 0x80,

    /* U+012C "Ĭ" */
    0xe, 0x30, 0x4e, 0x0, 0x57, 0xf4, 0x68, 0x1,
    0x33, 0xb0, 0xc0, 0x25, 0xf4, 0x0, 0xff, 0xff,
    0x80, 0x60,

    /* U+012D "ĭ" */
    0xd3, 0xc, 0x49, 0xee, 0x2a, 0x23, 0x7a, 0x40,
    0x11, 0xe0, 0x1f, 0xfd, 0xe0,

    /* U+012E "Į" */
    0x5f, 0x40, 0xf, 0xfe, 0xa0, 0x82, 0x2f, 0x60,
    0x74, 0x50,

    /* U+012F "į" */
    0x9, 0xe1, 0x3, 0x13, 0xa, 0xf2, 0x8, 0xf0,
    0xf, 0xfe, 0x90, 0x80, 0x47, 0x0, 0x5, 0x50,
    0x1, 0x75, 0x80,

    /* U+0130 "İ" */
    0x4f, 0x30, 0x10, 0x4e, 0x35, 0xf4, 0x0, 0xff,
    0xea, 0x80,

    /* U+0131 "ı" */
    0x8f, 0x0, 0xff, 0xe2, 0x0,

    /* U+0132 "Ĳ" */
    0x6f, 0x30, 0xd, 0x5e, 0x1, 0xff, 0xe1, 0x56,
    0x20, 0xe, 0x13, 0x91, 0x0, 0xc2, 0x1, 0xf9,
    0x54, 0x2a, 0x1, 0xa0, 0x75, 0xeb, 0x66, 0x31,
    0xd1, 0x99, 0x42, 0xce, 0x31, 0x60,

    /* U+0133 "ĳ" */
    0x9e, 0x10, 0x1e, 0x93, 0x13, 0x3, 0x13, 0xaf,
    0x20, 0x2f, 0xa8, 0xf0, 0xb, 0xe0, 0x3, 0xff,
    0xd9, 0x1e, 0x1, 0xbc, 0x0, 0xcc, 0xa0, 0x40,
    0x6, 0x4a, 0x41, 0x80,

    /* U+0134 "Ĵ" */
    0x0, 0x9f, 0xf8, 0x80, 0x28, 0xad, 0xbc, 0x30,
    0x4, 0x69, 0x2f, 0x18, 0x3, 0xff, 0xa8, 0x1,
    0x11, 0x80, 0x33, 0xbe, 0x0, 0xff, 0xf2, 0x98,
    0x39, 0x0, 0xc, 0x3c, 0x2b, 0x26, 0x34, 0x1c,
    0x31, 0x1d, 0xcb, 0x82,

    /* U+0135 "ĵ" */
    0x0, 0xb7, 0xdc, 0x2, 0xa5, 0xeb, 0x50, 0x5,
    0x40, 0xe2, 0x80, 0x4f, 0xe2, 0x1, 0xff, 0xf0,
    0xf0, 0x10, 0x18, 0x66, 0x18, 0x0, 0x9a, 0x4b,
    0x80, 0x0,

    /* U+0136 "Ķ" */
    0x5f, 0x40, 0xc, 0x5d, 0x60, 0x1f, 0xe, 0x15,
    0x80, 0x78, 0x70, 0x34, 0x3, 0xed, 0x3c, 0x10,
    0xf, 0x59, 0xe9, 0x0, 0x7a, 0x51, 0x8c, 0x3,
    0xd0, 0xc2, 0xc8, 0x1, 0xe3, 0x6f, 0x1a, 0x10,
    0xe, 0x59, 0x1d, 0x1d, 0x0, 0xee, 0x0, 0x1c,
    0x9c, 0x0, 0x7e, 0x66, 0x3a, 0x80, 0x7e, 0x93,
    0xa2, 0x5f, 0x40, 0xe, 0xcf, 0x20, 0xf, 0xfe,
    0x1d, 0x50, 0x3, 0xfb, 0x40, 0x3f, 0xe9, 0x0,
    0xe0,

    /* U+0137 "ķ" */
    0x8f, 0x0, 0xff, 0xe9, 0xe, 0xf0, 0x80, 0x61,
    0xc3, 0xc1, 0x0, 0x87, 0xf, 0x8, 0x2, 0x2c,
    0x2d, 0x20, 0xd, 0x84, 0x8, 0x1, 0xed, 0x48,
    0x30, 0xd, 0x85, 0x43, 0xa2, 0x1, 0x10, 0xe,
    0x8d, 0x0, 0x78, 0xe1, 0x1e, 0x3c, 0x3, 0x3f,
    0xb8, 0x7, 0xff, 0x2, 0xa8, 0x1, 0xf6, 0x80,
    0x7f, 0x70, 0x6,

    /* U+0138 "ĸ" */
    0x8f, 0x0, 0x87, 0x78, 0x40, 0x30, 0xe1, 0xe0,
    0x80, 0x43, 0x87, 0x84, 0x1, 0x16, 0x16, 0x90,
    0x6, 0xc2, 0x4, 0x0, 0xf6, 0xa4, 0x18, 0x6,
    0xc2, 0xa1, 0xd1, 0x0, 0x88, 0x7, 0x46, 0x80,
    0x3c, 0x70, 0x8e,

    /* U+0139 "Ĺ" */
    0x1, 0xec, 0x10, 0xe, 0xd5, 0xc1, 0x0, 0xc9,
    0x76, 0x0, 0xf0, 0xc2, 0x0, 0x7f, 0xff, 0xc0,
    0x3f, 0xf8, 0x5a, 0xef, 0xc4, 0x0, 0x68, 0x8e,
    0x70,

    /* U+013A "ĺ" */
    0x5, 0xf7, 0x6, 0xbc, 0x70, 0x6e, 0x30, 0xf,
    0xa3, 0xc0, 0x3f, 0xfd, 0xc0,

    /* U+013B "Ļ" */
    0x5f, 0x40, 0xf, 0xff, 0xf8, 0x7, 0xff, 0xb,
    0x5d, 0xf8, 0x80, 0xd, 0x11, 0xce, 0xbf, 0xff,
    0x28, 0x7, 0xff, 0x7, 0x94, 0x3, 0xe2, 0x0,
    0xfc, 0xca, 0x1, 0x0,

    /* U+013C "ļ" */
    0x8f, 0x0, 0xff, 0xeb, 0x47, 0x80, 0x66, 0xd0,
    0x20, 0xa, 0x80,

    /* U+013D "Ľ" */
    0x5f, 0x40, 0xb, 0xcc, 0x3, 0xf0, 0x80, 0x7e,
    0x30, 0xf, 0xb0, 0x40, 0x3e, 0x30, 0xf, 0xff,
    0x2e, 0xbb, 0xf1, 0x0, 0x1a, 0x23, 0x9c,

    /* U+013E "ľ" */
    0x0, 0xa6, 0xa3, 0xc0, 0x6, 0x1, 0x84, 0x2,
    0xb9, 0x0, 0x88, 0x40, 0x3f, 0xfb, 0x80,

    /* U+013F "Ŀ" */
    0x5f, 0x40, 0xf, 0xfe, 0xd4, 0x70, 0x80, 0x78,
    0x44, 0x1, 0xf4, 0xf8, 0x80, 0x7f, 0xf4, 0xb5,
    0xdf, 0x88, 0x0, 0xd1, 0x1c, 0xe0,

    /* U+0140 "ŀ" */
    0x8f, 0x0, 0xff, 0xe7, 0x5d, 0x80, 0x21, 0x10,
    0x5, 0x54, 0x0, 0xff, 0xe4, 0x0,

    /* U+0141 "Ł" */
    0x3, 0xf6, 0x0, 0xff, 0xe4, 0x88, 0x7, 0xc3,
    0x76, 0x0, 0xfa, 0x1e, 0xc0, 0x39, 0x0, 0x18,
    0x20, 0x19, 0xa0, 0x24, 0x3, 0xc7, 0x0, 0x1f,
    0x95, 0x0, 0x3f, 0xf9, 0x38, 0xef, 0xc6, 0x1,
    0x2c, 0x47, 0x20,

    /* U+0142 "ł" */
    0x0, 0x37, 0x90, 0x7, 0xff, 0x2e, 0x98, 0x0,
    0x20, 0xe4, 0x5, 0x1, 0x68, 0x1e, 0x0, 0x60,
    0x6, 0x48, 0x6, 0x10, 0xf, 0xfe, 0x20,

    /* U+0143 "Ń" */
    0x0, 0xe1, 0xec, 0x10, 0xf, 0xb5, 0x70, 0x40,
    0x3c, 0x97, 0x60, 0xc, 0xbe, 0xa0, 0x8e, 0x0,
    0x4f, 0x50, 0x5, 0x10, 0x7, 0xfb, 0xc0, 0x3f,
    0x94, 0xa4, 0x3, 0xf7, 0x2b, 0x28, 0x7, 0xea,
    0x2a, 0x20, 0xf, 0xde, 0x1e, 0x1, 0xf8, 0xa4,
    0xa4, 0x3, 0xf3, 0x2b, 0x70, 0x7, 0xea, 0x25,
    0x0, 0xfe, 0xf0, 0xf, 0xf1, 0x48, 0x0,

    /* U+0144 "ń" */
    0x0, 0xc7, 0xd4, 0x1, 0xc7, 0xd7, 0x40, 0x1c,
    0x7a, 0xa0, 0x14, 0x71, 0xdf, 0xf5, 0x8, 0x0,
    0x70, 0x65, 0x97, 0x0, 0x27, 0xa6, 0x89, 0x24,
    0x0, 0x48, 0x4, 0xe0, 0x60, 0x1, 0x0, 0x84,
    0x3c, 0x3, 0xff, 0xb0,

    /* U+0145 "Ņ" */
    0x5f, 0x50, 0xe, 0x4f, 0x50, 0x5, 0x10, 0x7,
    0xfb, 0xc0, 0x3f, 0x94, 0xa4, 0x3, 0xf7, 0x2b,
    0x28, 0x7, 0xea, 0x2a, 0x20, 0xf, 0xde, 0x1e,
    0x1, 0xf8, 0xa4, 0xa4, 0x3, 0xf3, 0x2b, 0x70,
    0x7, 0xea, 0x25, 0x0, 0xfe, 0xf0, 0xf, 0xf1,
    0x48, 0x1, 0x7d, 0x0, 0x39, 0xbd, 0x40, 0x3f,
    0xf8, 0x67, 0xc4, 0x1, 0xf8, 0x80, 0xc0, 0x3f,
    0x90, 0x40, 0x30,

    /* U+0146 "ņ" */
    0x8e, 0x3b, 0xfe, 0xa1, 0x0, 0xe, 0xc, 0xb2,
    0xe0, 0x4, 0xf4, 0xd1, 0x24, 0x80, 0x9, 0x0,
    0x9c, 0xc, 0x0, 0x20, 0x10, 0x87, 0x80, 0x7f,
    0xf6, 0x23, 0xc0, 0x3b, 0xe0, 0x3, 0xff, 0x80,
    0x7c, 0x40, 0x1e, 0x20, 0x30, 0xf, 0x90, 0x40,
    0x20,

    /* U+0147 "Ň" */
    0x0, 0xe, 0xc0, 0x46, 0x88, 0x6, 0x1f, 0x7c,
    0x6f, 0x10, 0xe, 0x2c, 0x4d, 0x20, 0x9, 0x7d,
    0x40, 0xe0, 0xc1, 0x3d, 0x40, 0x14, 0x40, 0x1f,
    0xef, 0x0, 0xfe, 0x52, 0x90, 0xf, 0xdc, 0xac,
    0xa0, 0x1f, 0xa8, 0xa8, 0x80, 0x3f, 0x78, 0x78,
    0x7, 0xe2, 0x92, 0x90, 0xf, 0xcc, 0xad, 0xc0,
    0x1f, 0xa8, 0x94, 0x3, 0xfb, 0xc0, 0x3f, 0xc5,
    0x20, 0x0,

    /* U+0148 "ň" */
    0x1, 0xca, 0x1a, 0xb0, 0x8, 0x70, 0x30, 0xec,
    0x3, 0xab, 0x64, 0x2, 0x8e, 0x3b, 0xfe, 0xa1,
    0x0, 0xe, 0xc, 0xb2, 0xe0, 0x4, 0xf4, 0xd1,
    0x24, 0x80, 0x9, 0x0, 0x9c, 0xc, 0x0, 0x20,
    0x10, 0x87, 0x80, 0x7f, 0xf6, 0x0,

    /* U+0149 "ŉ" */
    0x1e, 0x0, 0xfe, 0x33, 0x0, 0x7f, 0x84, 0x3,
    0xfe, 0x1f, 0x79, 0xef, 0xc5, 0x2, 0x80, 0x4,
    0x24, 0xc0, 0x52, 0x2, 0x0, 0x7, 0x1d, 0xd8,
    0x3e, 0x1, 0x98, 0x40, 0x24, 0x50, 0xd, 0xe0,
    0x18, 0xc4, 0x3, 0xff, 0xc0,

    /* U+014A "Ŋ" */
    0x5f, 0x50, 0xe, 0x4f, 0x50, 0x5, 0x10, 0x7,
    0xfb, 0xc0, 0x3f, 0x94, 0xa4, 0x3, 0xf7, 0x2b,
    0x28, 0x7, 0xea, 0x2a, 0x20, 0xf, 0xde, 0x1e,
    0x1, 0xf8, 0xa4, 0xa4, 0x3, 0xf3, 0x2b, 0x70,
    0x7, 0xea, 0x25, 0x0, 0xfe, 0xf0, 0x0, 0x80,
    0x7c, 0x50, 0x0, 0x5f, 0x40, 0x10, 0xe, 0x60,
    0xd, 0xb9, 0x13, 0x6, 0x40, 0x1b, 0xdd, 0xe6,
    0xd0,

    /* U+014B "ŋ" */
    0x8e, 0x3b, 0xfe, 0xa1, 0x0, 0xe, 0xc, 0xb2,
    0xe0, 0x4, 0xf4, 0xd1, 0x44, 0x80, 0x9, 0x0,
    0x90, 0xc, 0x0, 0x20, 0x10, 0x87, 0x80, 0x7f,
    0xf6, 0x23, 0xc0, 0x30, 0x87, 0x80, 0x66, 0x65,
    0x2, 0x0, 0x6d, 0x95, 0x93,

    /* U+014C "Ō" */
    0x0, 0xd9, 0xdd, 0x90, 0x3, 0xed, 0xff, 0xc8,
    0x1, 0xf0, 0x8f, 0x0, 0x7c, 0x31, 0xbf, 0xd6,
    0xa0, 0x1c, 0x9c, 0xec, 0xee, 0x5a, 0xa0, 0x4,
    0x56, 0x5b, 0x71, 0x3c, 0xeb, 0x20, 0x9, 0xf,
    0x20, 0xd, 0xa, 0xc4, 0x8, 0xa4, 0x1, 0xe9,
    0x5, 0x20, 0xc0, 0xf, 0x8c, 0x38, 0x3, 0xff,
    0x82, 0x41, 0x80, 0x1f, 0x18, 0x70, 0x22, 0x90,
    0x7, 0xa4, 0x14, 0x24, 0x3c, 0x80, 0x34, 0x2b,
    0x10, 0x15, 0x96, 0xdc, 0x4f, 0x3a, 0xc8, 0x4,
    0x9a, 0xec, 0xee, 0x5a, 0xa0, 0x0,

    /* U+014D "ō" */
    0x0, 0x47, 0xfe, 0xb0, 0xd, 0x1f, 0xfa, 0xc0,
    0x3f, 0xf8, 0x47, 0x7d, 0xf8, 0x80, 0x12, 0x63,
    0x32, 0x2, 0xd8, 0x1, 0x45, 0xb0, 0xf8, 0x92,
    0x26, 0x36, 0x1, 0xa0, 0x11, 0xc1, 0x40, 0x31,
    0x1, 0x38, 0x28, 0x6, 0x20, 0x23, 0x1b, 0x0,
    0xd0, 0x8, 0x14, 0x5a, 0xee, 0xc4, 0x91, 0x4,
    0xc6, 0x98, 0xb, 0x60,

    /* U+014E "Ŏ" */
    0x0, 0xd6, 0xe0, 0x5c, 0x60, 0x1f, 0x4e, 0x77,
    0xc1, 0x80, 0x7c, 0x57, 0xda, 0xc0, 0x1f, 0xc,
    0x6f, 0xf5, 0xa8, 0x7, 0x27, 0x3b, 0x3b, 0x96,
    0xa8, 0x1, 0x15, 0x96, 0xdc, 0x4f, 0x3a, 0xc8,
    0x2, 0x43, 0xc8, 0x3, 0x42, 0xb1, 0x2, 0x29,
    0x0, 0x7a, 0x41, 0x48, 0x30, 0x3, 0xe3, 0xe,
    0x0, 0xff, 0xe0, 0x90, 0x60, 0x7, 0xc6, 0x1c,
    0x8, 0xa4, 0x1, 0xe9, 0x5, 0x9, 0xf, 0x20,
    0xd, 0xa, 0xc4, 0x5, 0x65, 0xb7, 0x13, 0xce,
    0xb2, 0x1, 0x26, 0xbb, 0x3b, 0x96, 0xa8, 0x0,

    /* U+014F "ŏ" */
    0x0, 0x36, 0x8, 0x54, 0x0, 0x66, 0x4f, 0xe3,
    0x80, 0xe, 0x8e, 0xe4, 0x80, 0x71, 0xdf, 0x7e,
    0x20, 0x4, 0x98, 0xcc, 0x80, 0xb6, 0x0, 0x51,
    0x6c, 0x3e, 0x24, 0x89, 0x8d, 0x80, 0x68, 0x4,
    0x70, 0x50, 0xc, 0x40, 0x4e, 0xa, 0x1, 0x88,
    0x8, 0xc6, 0xc0, 0x34, 0x2, 0x5, 0x16, 0xbb,
    0xb1, 0x24, 0x41, 0x31, 0xa6, 0x2, 0xd8, 0x0,

    /* U+0150 "Ő" */
    0x0, 0xe3, 0xf5, 0x6f, 0x20, 0xf, 0xb9, 0xd2,
    0x68, 0x80, 0x3e, 0xf8, 0xd, 0x50, 0xf, 0xc,
    0x7f, 0xd2, 0xa0, 0x1c, 0x9c, 0xec, 0xee, 0x5a,
    0xa0, 0x4, 0x56, 0x5b, 0x71, 0x3c, 0xeb, 0x20,
    0x9, 0xf, 0x20, 0xd, 0xa, 0xc4, 0x8, 0xa4,
    0x1, 0xe9, 0x5, 0x20, 0xc0, 0xf, 0x8c, 0x38,
    0x3, 0xff, 0x82, 0x41, 0x80, 0x1f, 0x18, 0x70,
    0x22, 0x90, 0x7, 0xa4, 0x14, 0x24, 0x3c, 0x80,
    0x34, 0x2b, 0x10, 0x15, 0x96, 0xdc, 0x4f, 0x3a,
    0xc8, 0x4, 0x9a, 0xec, 0xee, 0x5a, 0xa0, 0x0,

    /* U+0151 "ő" */
    0x0, 0xdb, 0x45, 0xee, 0x1, 0xa0, 0x2a, 0x55,
    0xc0, 0x35, 0x60, 0x45, 0x0, 0x63, 0x9f, 0xf9,
    0x0, 0x24, 0xc6, 0x64, 0x5, 0xb0, 0x2, 0x8b,
    0x61, 0xf1, 0x24, 0x4c, 0x6c, 0x3, 0x40, 0x23,
    0x82, 0x80, 0x62, 0x2, 0x70, 0x50, 0xc, 0x40,
    0x46, 0x36, 0x1, 0xa0, 0x10, 0x28, 0xb5, 0xdd,
    0x89, 0x22, 0x9, 0x8d, 0x30, 0x16, 0xc0,

    /* U+0152 "Œ" */
    0x0, 0x8a, 0x77, 0xff, 0xfd, 0xc0, 0x12, 0xeb,
    0x3c, 0x44, 0x7, 0x11, 0xe0, 0x1, 0xd1, 0xf5,
    0x3b, 0xc0, 0xae, 0xfc, 0xc0, 0x8, 0xd, 0x10,
    0xf, 0xfe, 0x12, 0x30, 0x80, 0x7c, 0x23, 0xc0,
    0x2, 0xf, 0x0, 0xf9, 0xbb, 0xb8, 0xc0, 0x3f,
    0xe4, 0xbb, 0xe3, 0x2, 0xf, 0x0, 0xf8, 0x91,
    0x38, 0x2, 0x46, 0x10, 0xf, 0xfe, 0x1c, 0x6,
    0x88, 0x7, 0xff, 0x8, 0xe8, 0xfa, 0xa1, 0xdc,
    0xa, 0xef, 0xe0, 0x9, 0x75, 0x9d, 0xd1, 0x0,
    0x38, 0x8f, 0x8,

    /* U+0153 "œ" */
    0x0, 0x1d, 0xf7, 0xd9, 0x80, 0xcf, 0x7e, 0x20,
    0x4, 0x98, 0xd3, 0x27, 0xc5, 0xc7, 0x99, 0x3d,
    0xa8, 0x2, 0x8b, 0x5d, 0xb1, 0x68, 0xb1, 0xda,
    0xd6, 0xc0, 0xc6, 0x0, 0x34, 0x83, 0x10, 0x5,
    0x22, 0x6e, 0xc, 0x1, 0x88, 0x1b, 0xff, 0x60,
    0x33, 0x82, 0x80, 0x62, 0x5, 0xdd, 0xf2, 0x18,
    0xd8, 0x6, 0x80, 0x40, 0x22, 0x8c, 0xc2, 0x14,
    0x5a, 0xee, 0xc4, 0x93, 0xd9, 0x79, 0xe8, 0x0,
    0x26, 0x34, 0xc0, 0x5b, 0x63, 0x3c, 0x3b, 0x40,
    0x0,

    /* U+0154 "Ŕ" */
    0x0, 0xe8, 0xf5, 0x0, 0xf3, 0x3d, 0xa8, 0x7,
    0x87, 0x10, 0x2, 0x5f, 0xfa, 0x33, 0x5c, 0x3,
    0x34, 0x41, 0xda, 0x30, 0x2, 0xd7, 0x74, 0x5c,
    0x1b, 0x0, 0x7c, 0xe1, 0x80, 0x1f, 0xfc, 0x53,
    0x2, 0x0, 0x9, 0x10, 0xdb, 0x46, 0x40, 0x15,
    0xba, 0xc9, 0x2d, 0x10, 0x3, 0xd5, 0x40, 0xa6,
    0x1, 0x62, 0xad, 0xc, 0x80, 0x1f, 0x39, 0xd0,
    0x7, 0xee, 0x19,

    /* U+0155 "ŕ" */
    0x0, 0xe, 0x69, 0x0, 0xea, 0xe9, 0x0, 0xe4,
    0x80, 0x23, 0x8a, 0xfc, 0x0, 0x38, 0xcc, 0x0,
    0x93, 0x64, 0x2, 0x80, 0xe, 0x20, 0xf, 0xfe,
    0x78,

    /* U+0156 "Ŗ" */
    0x5f, 0xfe, 0xd7, 0x0, 0xcd, 0x10, 0x76, 0x8c,
    0x0, 0xb5, 0xdd, 0x17, 0x6, 0xc0, 0x1f, 0x38,
    0x60, 0x7, 0xff, 0x14, 0xc0, 0x80, 0x2, 0x44,
    0x36, 0xd1, 0x90, 0x5, 0x6e, 0xb2, 0x4b, 0x44,
    0x0, 0xf5, 0x50, 0x29, 0x80, 0x58, 0xab, 0x43,
    0x20, 0x7, 0xce, 0x74, 0x1, 0xfb, 0x86, 0x57,
    0xd0, 0x3, 0x17, 0xc8, 0x7, 0xff, 0xa, 0xe4,
    0x3, 0xf1, 0x80, 0x7f, 0xa8, 0x3, 0x0,

    /* U+0157 "ŗ" */
    0x8e, 0x2b, 0xf0, 0x0, 0xe3, 0x30, 0x2, 0x4d,
    0x90, 0xa, 0x0, 0x38, 0x80, 0x3f, 0xf9, 0xf1,
    0xe0, 0x1f, 0xe6, 0xd0, 0xc, 0x40, 0x1e, 0xa0,
    0xc,

    /* U+0158 "Ř" */
    0x0, 0x46, 0x89, 0x72, 0x80, 0x68, 0x7c, 0xc3,
    0x28, 0x7, 0x55, 0x22, 0x0, 0x12, 0xff, 0xd1,
    0x3a, 0xe0, 0x19, 0xa2, 0xe, 0xd1, 0x80, 0x16,
    0xbb, 0xa2, 0xe0, 0xd8, 0x3, 0xe7, 0xc, 0x0,
    0xff, 0xe2, 0x98, 0x10, 0x0, 0x48, 0x86, 0xda,
    0x32, 0x0, 0xad, 0xd6, 0x49, 0x68, 0x80, 0x1e,
    0xaa, 0x5, 0x30, 0xb, 0x15, 0x68, 0x64, 0x0,
    0xf9, 0xce, 0x80, 0x3f, 0x70, 0xc8,

    /* U+0159 "ř" */
    0x9, 0xc2, 0x7d, 0x20, 0x9b, 0xca, 0xc2, 0x0,
    0x3f, 0x68, 0x80, 0x23, 0x8a, 0xfc, 0x2, 0x1c,
    0x66, 0x0, 0x64, 0xd9, 0x0, 0xd0, 0x1, 0xe2,
    0x0, 0xff, 0xe9, 0x80,

    /* U+015A "Ś" */
    0x0, 0xe6, 0xf6, 0x0, 0xf4, 0x5e, 0x30, 0x7,
    0xa3, 0x4c, 0x3, 0x97, 0x3b, 0xf6, 0x48, 0x0,
    0xf4, 0xd, 0xe, 0xd6, 0x0, 0x93, 0xc8, 0x7a,
    0xe8, 0x0, 0xa, 0x0, 0x61, 0x10, 0x0, 0x9d,
    0x40, 0x3e, 0xe1, 0xae, 0xa5, 0x0, 0xc7, 0xd4,
    0x88, 0xae, 0x40, 0xc, 0xb5, 0xd6, 0x16, 0x20,
    0x1e, 0x4b, 0x2, 0x8, 0x0, 0xed, 0x1, 0x27,
    0xfa, 0x77, 0x5b, 0xa9, 0x13, 0x59, 0xe2, 0xf,
    0x14, 0x0,

    /* U+015B "ś" */
    0x0, 0xd3, 0xc8, 0x1, 0xa8, 0xbd, 0x0, 0x35,
    0x58, 0x80, 0x45, 0x5d, 0xfb, 0x22, 0x2c, 0x79,
    0x92, 0x20, 0x54, 0x79, 0xda, 0x74, 0x18, 0x21,
    0x4, 0x2, 0x29, 0x5b, 0xed, 0x60, 0x3, 0x77,
    0x29, 0xa5, 0x40, 0x40, 0x56, 0xc0, 0x97, 0xa9,
    0xda, 0xc1, 0x10, 0xcf, 0x10, 0x7b, 0x30,

    /* U+015C "Ŝ" */
    0x0, 0x8f, 0xbd, 0x80, 0x38, 0xf6, 0xf6, 0xdc,
    0x3, 0x1f, 0x29, 0x6b, 0x80, 0x65, 0xce, 0xfd,
    0x92, 0x0, 0x3d, 0x3, 0x43, 0xb5, 0x80, 0x24,
    0xf2, 0x1e, 0xba, 0x0, 0x2, 0x80, 0x18, 0x44,
    0x0, 0x27, 0x50, 0xf, 0xb8, 0x6b, 0xa9, 0x40,
    0x31, 0xf5, 0x22, 0x2b, 0x90, 0x3, 0x2d, 0x75,
    0x85, 0x88, 0x7, 0x92, 0xc0, 0x82, 0x0, 0x3b,
    0x40, 0x49, 0xfe, 0x9d, 0xd6, 0xea, 0x44, 0xd6,
    0x78, 0x83, 0xc5, 0x0,

    /* U+015D "ŝ" */
    0x0, 0x2f, 0xf9, 0x0, 0x25, 0x8c, 0xc4, 0xa0,
    0x1, 0x74, 0xcd, 0xa8, 0x0, 0x2a, 0xef, 0xd9,
    0x11, 0x63, 0xcc, 0x91, 0x2, 0xa3, 0xce, 0xd3,
    0xa0, 0xc1, 0x8, 0x20, 0x11, 0x4a, 0xdf, 0x6b,
    0x0, 0x1b, 0xb9, 0x4d, 0x2a, 0x2, 0x2, 0xb6,
    0x4, 0xbd, 0x4e, 0xd6, 0x8, 0x86, 0x78, 0x83,
    0xd9, 0x80,

    /* U+015E "Ş" */
    0x0, 0x2e, 0x77, 0xec, 0x90, 0x1, 0xe8, 0x1a,
    0x1d, 0xac, 0x1, 0x27, 0x90, 0xf5, 0xd0, 0x0,
    0x14, 0x0, 0xc2, 0x20, 0x1, 0x3a, 0x80, 0x7d,
    0xc3, 0x5d, 0x4a, 0x1, 0x8f, 0xa9, 0x11, 0x5c,
    0x80, 0x19, 0x6b, 0xac, 0x2c, 0x40, 0x3c, 0x96,
    0x4, 0x10, 0x1, 0xda, 0x2, 0x4f, 0xf4, 0xee,
    0xb7, 0x52, 0x26, 0xb3, 0xc4, 0x1e, 0x28, 0x0,
    0x53, 0xae, 0xba, 0xe0, 0x1e, 0x93, 0xb0, 0xf,
    0x37, 0xbf, 0x80, 0x40,

    /* U+015F "ş" */
    0x2, 0xae, 0xfd, 0x91, 0x16, 0x3c, 0xc9, 0x10,
    0x2a, 0x3c, 0xed, 0x3a, 0xc, 0x10, 0x82, 0x1,
    0x14, 0xad, 0xf6, 0xb0, 0x1, 0xbb, 0x94, 0xd2,
    0xa0, 0x20, 0x2b, 0x60, 0x4b, 0xd4, 0xed, 0x60,
    0x88, 0x67, 0x89, 0x7b, 0x31, 0x9d, 0x48, 0xc4,
    0x0, 0xd5, 0x8e, 0x1, 0xa7, 0xd9, 0x0, 0x0,

    /* U+0160 "Š" */
    0x0, 0x1f, 0x29, 0x6b, 0x80, 0x63, 0xdb, 0xdb,
    0x70, 0xe, 0x3e, 0xf6, 0x0, 0xe5, 0xce, 0xfd,
    0x92, 0x0, 0x3d, 0x3, 0x43, 0xb5, 0x80, 0x24,
    0xf2, 0x1e, 0xba, 0x0, 0x2, 0x80, 0x18, 0x44,
    0x0, 0x27, 0x50, 0xf, 0xb8, 0x6b, 0xa9, 0x40,
    0x31, 0xf5, 0x22, 0x2b, 0x90, 0x3, 0x2d, 0x75,
    0x85, 0x88, 0x7, 0x92, 0xc0, 0x82, 0x0, 0x3b,
    0x40, 0x49, 0xfe, 0x9d, 0xd6, 0xea, 0x44, 0xd6,
    0x78, 0x83, 0xc5, 0x0,

    /* U+0161 "š" */
    0x5, 0xe3, 0x4e, 0x40, 0x2, 0xd6, 0xd6, 0xa0,
    0x4, 0x9d, 0xc3, 0x0, 0x8a, 0xbb, 0xf6, 0x44,
    0x58, 0xf3, 0x24, 0x40, 0xa8, 0xf3, 0xb4, 0xe8,
    0x30, 0x42, 0x8, 0x4, 0x52, 0xb7, 0xda, 0xc0,
    0x6, 0xee, 0x53, 0x4a, 0x80, 0x80, 0xad, 0x81,
    0x2f, 0x53, 0xb5, 0x82, 0x21, 0x9e, 0x20, 0xf6,
    0x60,

    /* U+0162 "Ţ" */
    0xff, 0xfe, 0x59, 0x88, 0x38, 0x24, 0x44, 0xec,
    0xee, 0x90, 0xc7, 0x78, 0x80, 0x3f, 0xff, 0xe0,
    0x1f, 0xfc, 0x61, 0x12, 0x0, 0x7e, 0xcc, 0x10,
    0x7, 0xb7, 0x10, 0x80, 0x20,

    /* U+0163 "ţ" */
    0x2, 0x81, 0x0, 0xce, 0xe2, 0x0, 0xff, 0x65,
    0x6, 0x7d, 0x4, 0x38, 0x45, 0x48, 0x26, 0x82,
    0x29, 0x80, 0x7f, 0xf2, 0xc4, 0x1c, 0x3, 0x28,
    0x43, 0x40, 0x0, 0x68, 0xe5, 0x4, 0x0, 0xac,
    0xf8, 0x20, 0x14, 0x14, 0x0, 0x51, 0xef, 0x60,

    /* U+0164 "Ť" */
    0x0, 0x5d, 0x81, 0x78, 0x80, 0x35, 0xb6, 0x55,
    0x8, 0x3, 0xbd, 0x29, 0x0, 0x2f, 0xfb, 0x5e,
    0xbf, 0xe5, 0x98, 0x83, 0x82, 0x44, 0x4e, 0xce,
    0xe9, 0xc, 0x77, 0x88, 0x3, 0xff, 0xfe, 0x1,
    0xff, 0xc3,

    /* U+0165 "ť" */
    0x0, 0xcf, 0x60, 0x1e, 0x10, 0x2, 0xf9, 0x91,
    0x3, 0x28, 0x32, 0x88, 0x21, 0xc2, 0x2a, 0x41,
    0x34, 0x11, 0x4c, 0x3, 0xff, 0x96, 0x20, 0xe0,
    0x19, 0x42, 0x1a, 0x0, 0x3, 0x43, 0x28, 0x20,

    /* U+0166 "Ŧ" */
    0xff, 0xfe, 0x59, 0x88, 0x38, 0x24, 0x44, 0xec,
    0xee, 0x90, 0xc7, 0x78, 0x80, 0x3f, 0xf9, 0x42,
    0x61, 0xe2, 0x1, 0xa3, 0xb4, 0x1f, 0xb8, 0x1,
    0x55, 0xd0, 0x25, 0xe8, 0x4, 0x48, 0x80, 0xc4,
    0x30, 0xf, 0xfe, 0xa0,

    /* U+0167 "ŧ" */
    0x3, 0xf4, 0x0, 0xff, 0x5e, 0x5, 0xfd, 0x84,
    0x40, 0x1e, 0xa0, 0xd, 0x3, 0x14, 0xc1, 0xf0,
    0x2f, 0xe0, 0x1a, 0x42, 0x36, 0x40, 0x54, 0xc,
    0x84, 0x3, 0x8, 0x6, 0x31, 0x86, 0x90, 0xa,
    0x82, 0x54, 0x40,

    /* U+0168 "Ũ" */
    0x0, 0xab, 0x54, 0x74, 0x3, 0x90, 0x7f, 0xeb,
    0x0, 0xe4, 0xb2, 0xae, 0x60, 0x9, 0xbc, 0xc0,
    0x3a, 0x3c, 0x40, 0x3f, 0xfe, 0xa2, 0x60, 0xe0,
    0x1c, 0x20, 0x6, 0x3, 0x0, 0xe5, 0x20, 0x32,
    0x92, 0x0, 0x94, 0xd4, 0x1, 0x23, 0xb5, 0x17,
    0x45, 0x0, 0x4, 0xc4, 0x43, 0xb3, 0xe0, 0x0,

    /* U+0169 "ũ" */
    0x0, 0x5f, 0x38, 0x70, 0x4, 0x61, 0xfd, 0xc9,
    0x0, 0x8e, 0xc6, 0x79, 0xc0, 0x15, 0xc0, 0x18,
    0xbd, 0x40, 0x3f, 0xfb, 0x6, 0x20, 0x19, 0x80,
    0x1e, 0x6, 0x1, 0x70, 0x1, 0x87, 0x5d, 0xad,
    0x40, 0x2c, 0x59, 0x90, 0x60, 0x0,

    /* U+016A "Ū" */
    0x0, 0x1f, 0x76, 0xd0, 0xe, 0x3f, 0xfd, 0x80,
    0x1e, 0x11, 0xe0, 0x9, 0xbc, 0xc0, 0x3a, 0x3c,
    0x40, 0x3f, 0xfe, 0xa2, 0x60, 0xe0, 0x1c, 0x20,
    0x6, 0x3, 0x0, 0xe5, 0x20, 0x32, 0x92, 0x0,
    0x94, 0xd4, 0x1, 0x23, 0xb5, 0x17, 0x45, 0x0,
    0x4, 0xc4, 0x43, 0xb3, 0xe0, 0x0,

    /* U+016B "ū" */
    0x3, 0xff, 0xe0, 0x8, 0xff, 0xf8, 0x3, 0xfe,
    0xae, 0x0, 0xc5, 0xea, 0x1, 0xff, 0xd8, 0x31,
    0x0, 0xcc, 0x0, 0xf0, 0x30, 0xb, 0x80, 0xc,
    0x3a, 0xed, 0x6a, 0x1, 0x62, 0xcc, 0x83, 0x0,
    0x0,

    /* U+016C "Ŭ" */
    0x0, 0xf, 0x10, 0x36, 0x0, 0x70, 0xdf, 0xf6,
    0xf0, 0x7, 0x97, 0x7a, 0xc8, 0x2, 0x6f, 0x30,
    0xe, 0x8f, 0x10, 0xf, 0xff, 0xa8, 0x98, 0x38,
    0x7, 0x8, 0x1, 0x80, 0xc0, 0x39, 0x48, 0xc,
    0xa4, 0x80, 0x25, 0x35, 0x0, 0x48, 0xed, 0x45,
    0xd1, 0x40, 0x1, 0x31, 0x10, 0xec, 0xf8, 0x0,

    /* U+016D "ŭ" */
    0x1, 0xf2, 0x6, 0xd0, 0x8, 0x6b, 0xfa, 0xbc,
    0x3, 0x2e, 0xf6, 0x10, 0x2, 0xb8, 0x3, 0x17,
    0xa8, 0x7, 0xff, 0x60, 0xc4, 0x3, 0x30, 0x3,
    0xc0, 0xc0, 0x2e, 0x0, 0x30, 0xeb, 0xb5, 0xa8,
    0x5, 0x8b, 0x32, 0xc, 0x0, 0x0,

    /* U+016E "Ů" */
    0x0, 0xd3, 0x6a, 0x1, 0xf2, 0xf5, 0xf0, 0x7,
    0xff, 0x19, 0x7a, 0xf8, 0x3, 0xf4, 0xda, 0x80,
    0x66, 0xf3, 0x0, 0xe8, 0xf1, 0x0, 0xff, 0xfa,
    0x89, 0x83, 0x80, 0x70, 0x80, 0x18, 0xc, 0x3,
    0x94, 0x80, 0xca, 0x48, 0x2, 0x53, 0x50, 0x4,
    0x8e, 0xd4, 0x5d, 0x14, 0x0, 0x13, 0x11, 0xe,
    0xcf, 0x80, 0x0,

    /* U+016F "ů" */
    0x0, 0xa2, 0xd4, 0x3, 0x93, 0xef, 0x80, 0x3f,
    0xf8, 0x49, 0xd7, 0xc0, 0x1e, 0x9b, 0x50, 0xa,
    0xb8, 0x3, 0x17, 0xa8, 0x7, 0xff, 0x60, 0xc4,
    0x3, 0x30, 0x3, 0xc0, 0xc0, 0x2e, 0x0, 0x30,
    0xeb, 0xb5, 0xa8, 0x5, 0x8b, 0x32, 0xc, 0x0,
    0x0,

    /* U+0170 "Ű" */
    0x0, 0xd3, 0xa3, 0x96, 0x1, 0xc8, 0xde, 0xc3,
    0x40, 0x1c, 0xbc, 0x4b, 0x82, 0x0, 0x6f, 0x31,
    0x10, 0x10, 0xc7, 0x88, 0x7, 0xff, 0xd4, 0x4c,
    0x1c, 0x3, 0x84, 0x0, 0xc0, 0x60, 0x1c, 0xa4,
    0x6, 0x52, 0x40, 0x12, 0x9a, 0x80, 0x24, 0x76,
    0xa2, 0xe8, 0xa0, 0x0, 0x98, 0x88, 0x76, 0x7c,
    0x0, 0x0,

    /* U+0171 "ű" */
    0x0, 0xa7, 0x87, 0x30, 0x1, 0x1b, 0x6b, 0x96,
    0x80, 0x45, 0xa6, 0x9e, 0x21, 0x5c, 0x24, 0x4,
    0x7e, 0xa0, 0x1f, 0xfd, 0x83, 0x10, 0xc, 0xc0,
    0xf, 0x3, 0x0, 0xb8, 0x0, 0xc3, 0xae, 0xd6,
    0xa0, 0x16, 0x2c, 0xc8, 0x30, 0x0,

    /* U+0172 "Ų" */
    0x6f, 0x30, 0xe, 0x8f, 0x10, 0xf, 0xff, 0xa8,
    0x80, 0x1c, 0x3, 0x84, 0x0, 0xa0, 0x60, 0x1c,
    0xa8, 0x6, 0x32, 0x20, 0x12, 0x1f, 0x80, 0x2c,
    0x7e, 0x1e, 0xa9, 0x28, 0x0, 0x5a, 0x27, 0x8d,
    0xf6, 0x0, 0xcb, 0x8b, 0xae, 0x20, 0x1e, 0x24,
    0x30, 0xf, 0xc4, 0xbd, 0xa0, 0x18,

    /* U+0173 "ų" */
    0xae, 0x0, 0xc5, 0xea, 0x1, 0xff, 0xd8, 0x31,
    0x0, 0xcc, 0x0, 0xf0, 0x30, 0xb, 0x80, 0xc,
    0x3a, 0xed, 0x6a, 0x1, 0x62, 0xcc, 0x82, 0x80,
    0xc0, 0xaf, 0xbe, 0x62, 0x98, 0x3, 0xad, 0x14,
    0x3, 0xd4, 0x9e, 0xe0,

    /* U+0174 "Ŵ" */
    0x0, 0xf8, 0xff, 0xc6, 0x1, 0xff, 0xc1, 0x1d,
    0x78, 0xd2, 0x0, 0xff, 0xe0, 0x24, 0x41, 0xed,
    0xc0, 0x3c, 0xbe, 0x80, 0x12, 0xb6, 0xfa, 0xa8,
    0x2, 0x2f, 0x55, 0x6, 0x80, 0x62, 0x20, 0x20,
    0x6, 0x50, 0x50, 0x47, 0x0, 0xca, 0x3, 0xa0,
    0x1a, 0xd0, 0x1, 0xa2, 0x60, 0x15, 0xaa, 0x38,
    0x4, 0x27, 0xa0, 0x7, 0xb, 0x0, 0x9, 0xff,
    0x9, 0x80, 0x1c, 0x1c, 0x0, 0x26, 0xa0, 0x6,
    0x4, 0x40, 0x58, 0x2, 0x8c, 0x40, 0x2b, 0x22,
    0x5, 0xa0, 0x82, 0xa8, 0x4, 0xec, 0x3, 0x28,
    0x28, 0x9e, 0x80, 0x3c, 0x88, 0xe0, 0xa0, 0x18,
    0x89, 0x6e, 0xe, 0x0, 0x50, 0x5d, 0x22, 0x0,
    0x72, 0x9d, 0x98, 0x80, 0x49, 0x48, 0xa0, 0x1e,
    0xb0, 0x2b, 0x0, 0xda, 0x41, 0x60, 0x1e, 0x31,
    0x5, 0x0, 0xce, 0x2, 0x60, 0x10,

    /* U+0175 "ŵ" */
    0x0, 0xe3, 0xef, 0x70, 0xf, 0xf1, 0xf5, 0x75,
    0xb8, 0x7, 0xf1, 0xea, 0xe, 0x38, 0x7, 0x5d,
    0x80, 0x34, 0xf8, 0x80, 0x49, 0xe3, 0xa8, 0x20,
    0x13, 0x83, 0x80, 0x5a, 0x62, 0xc0, 0xe0, 0x5,
    0x13, 0xd0, 0x9, 0xa8, 0x0, 0xb4, 0x0, 0xf4,
    0x94, 0x10, 0x50, 0x70, 0x7, 0x98, 0x82, 0xf2,
    0x8b, 0x7, 0xa0, 0x80, 0x14, 0x19, 0x80, 0xa0,
    0xf6, 0xb, 0xc0, 0x19, 0x6f, 0x54, 0x1, 0xa7,
    0x0, 0xa0, 0x1b, 0x8d, 0x38, 0x0, 0x82, 0xea,
    0x1, 0xc8, 0x22, 0x40, 0x9, 0x83, 0x80, 0x20,

    /* U+0176 "Ŷ" */
    0x0, 0xc5, 0xbc, 0xa0, 0x1f, 0x16, 0x56, 0xdb,
    0x0, 0x78, 0xfd, 0xcf, 0x9c, 0x3, 0x67, 0x8,
    0x80, 0x21, 0x7f, 0x20, 0xf1, 0x70, 0xc, 0x30,
    0xc4, 0x6, 0xb0, 0x20, 0x14, 0xc, 0x0, 0x56,
    0x16, 0x0, 0x26, 0x81, 0x0, 0x85, 0xd4, 0xc2,
    0x49, 0x80, 0x3a, 0x7, 0xd1, 0x12, 0x1, 0xf5,
    0x9d, 0xa2, 0x0, 0x3e, 0x53, 0x9, 0x0, 0xfe,
    0x50, 0x20, 0xf, 0xfe, 0xe0,

    /* U+0177 "ŷ" */
    0x0, 0x8b, 0xb9, 0x0, 0x1c, 0x5d, 0x7e, 0x50,
    0x1, 0x8b, 0x14, 0x6a, 0x0, 0x2d, 0xc0, 0xe,
    0xcb, 0xb, 0x33, 0x0, 0x44, 0x7e, 0xc, 0x32,
    0x1, 0x59, 0x20, 0x1, 0x94, 0x40, 0xd, 0x40,
    0x14, 0x83, 0x3, 0x83, 0x0, 0x42, 0xb2, 0x14,
    0xc2, 0x1, 0xa4, 0x64, 0xac, 0x3, 0x8c, 0xcc,
    0x84, 0x1, 0xea, 0xf, 0x0, 0xfb, 0x9, 0x0,
    0x21, 0xc7, 0x95, 0x80, 0xe, 0x69, 0x78, 0x50,
    0xc,

    /* U+0178 "Ÿ" */
    0x0, 0xd2, 0x61, 0x24, 0x1, 0xf2, 0x30, 0x3b,
    0x0, 0x7d, 0xaa, 0x1c, 0x80, 0x1b, 0x38, 0x3,
    0xcf, 0xe4, 0x1e, 0x2e, 0x1, 0x86, 0x18, 0x80,
    0xd6, 0x4, 0x2, 0x81, 0x80, 0xa, 0xc2, 0xc0,
    0x4, 0xd0, 0x20, 0x10, 0xba, 0x98, 0x49, 0x30,
    0x7, 0x40, 0xfa, 0x22, 0x40, 0x3e, 0xb3, 0xb4,
    0x40, 0x7, 0xca, 0x61, 0x20, 0x1f, 0xca, 0x4,
    0x1, 0xff, 0xdc,

    /* U+0179 "Ź" */
    0x0, 0xe2, 0xeb, 0x0, 0xf8, 0x7d, 0x2c, 0x3,
    0xe5, 0xba, 0x0, 0xc7, 0xff, 0x5c, 0xff, 0xda,
    0x5, 0x11, 0xe4, 0x4, 0x1, 0x77, 0xe6, 0x53,
    0x90, 0xf, 0xb4, 0x78, 0x3, 0xe8, 0x3a, 0x20,
    0xf, 0x23, 0xb2, 0x80, 0x78, 0x68, 0xe4, 0x3,
    0xed, 0x1e, 0x0, 0xfa, 0xe, 0x88, 0x3, 0xc8,
    0xec, 0xa0, 0x1e, 0x1a, 0x1, 0x77, 0xf0, 0x20,
    0x83, 0xc4, 0x78, 0x0,

    /* U+017A "ź" */
    0x0, 0xcd, 0xee, 0x1, 0x9e, 0xb5, 0xc0, 0x33,
    0xe1, 0x0, 0x13, 0xff, 0xd2, 0xb5, 0x59, 0x3,
    0x45, 0x56, 0x14, 0x74, 0x0, 0x86, 0x8e, 0x0,
    0x35, 0x6, 0x80, 0x68, 0x4a, 0x10, 0x9, 0x1e,
    0x10, 0x2, 0x1a, 0x12, 0x55, 0x8d, 0x4, 0x55,
    0x5b, 0xc0,

    /* U+017B "Ż" */
    0x0, 0xcb, 0xc4, 0x1, 0xff, 0xc7, 0x5e, 0x20,
    0xc, 0x7f, 0xff, 0xb4, 0xa, 0x23, 0xc8, 0x8,
    0x2, 0xef, 0xcc, 0xa7, 0x20, 0x1f, 0x68, 0xf0,
    0x7, 0xd0, 0x74, 0x40, 0x1e, 0x47, 0x65, 0x0,
    0xf0, 0xd1, 0xc8, 0x7, 0xda, 0x3c, 0x1, 0xf4,
    0x1d, 0x10, 0x7, 0x91, 0xd9, 0x40, 0x3c, 0x34,
    0x2, 0xef, 0xe0, 0x41, 0x7, 0x88, 0xf0, 0x0,

    /* U+017C "ż" */
    0x0, 0xa3, 0x40, 0x3f, 0xf8, 0x51, 0xa0, 0x12,
    0x7f, 0xfa, 0x56, 0xab, 0x20, 0x68, 0xaa, 0xc2,
    0x8e, 0x80, 0x10, 0xd1, 0xc0, 0x6, 0xa0, 0xd0,
    0xd, 0x9, 0x42, 0x1, 0x23, 0xc2, 0x0, 0x43,
    0x42, 0x4a, 0xb1, 0xa0, 0x8a, 0xab, 0x78,

    /* U+017D "Ž" */
    0x0, 0x17, 0x30, 0x56, 0x0, 0x71, 0x6c, 0xe3,
    0xe8, 0x7, 0x8e, 0xd3, 0xc4, 0x2, 0x3f, 0xfa,
    0xdf, 0x7f, 0xda, 0x5, 0x11, 0xe4, 0x4, 0x1,
    0x77, 0xe6, 0x53, 0x90, 0xf, 0xb4, 0x78, 0x3,
    0xe8, 0x3a, 0x20, 0xf, 0x23, 0xb2, 0x80, 0x78,
    0x68, 0xe4, 0x3, 0xed, 0x1e, 0x0, 0xfa, 0xe,
    0x88, 0x3, 0xc8, 0xec, 0xa0, 0x1e, 0x1a, 0x1,
    0x77, 0xf0, 0x20, 0x83, 0xc4, 0x78, 0x0,

    /* U+017E "ž" */
    0x3, 0xe6, 0x2d, 0x80, 0x1, 0xe5, 0x7d, 0xc0,
    0x4, 0x59, 0xac, 0x0, 0x4f, 0xff, 0x4a, 0xd5,
    0x64, 0xd, 0x15, 0x58, 0x51, 0xd0, 0x2, 0x1a,
    0x38, 0x0, 0xd4, 0x1a, 0x1, 0xa1, 0x28, 0x40,
    0x24, 0x78, 0x40, 0x8, 0x68, 0x49, 0x56, 0x34,
    0x11, 0x55, 0x6f,

    /* U+017F "ſ" */
    0x0, 0x1e, 0x7e, 0x90, 0x3, 0x46, 0x68, 0x80,
    0x86, 0xd9, 0xc2, 0x74, 0x3, 0xaa, 0x40, 0x38,
    0xd0, 0x3, 0xff, 0xc6,

    /* U+0370 "Ͱ" */
    0x7f, 0x0, 0xff, 0xe9, 0x7f, 0xcc, 0x0, 0xcc,
    0x9c, 0x0, 0x67, 0x8, 0x7, 0xff, 0x30,

    /* U+0371 "ͱ" */
    0xac, 0x0, 0xff, 0xe3, 0x9f, 0xfa, 0x80, 0xb3,
    0x10, 0x2, 0x66, 0x20, 0xf, 0xf0,

    /* U+0372 "Ͳ" */
    0xf, 0xff, 0xd0, 0x0, 0xab, 0x60, 0xbb, 0x20,
    0x4, 0xe9, 0xc0, 0x88, 0x10, 0xf, 0xfe, 0x57,
    0x90, 0x7, 0x54, 0x0, 0x7f, 0xfc, 0x0,

    /* U+0373 "ͳ" */
    0xaf, 0xff, 0x84, 0x17, 0x5c, 0x36, 0xc0, 0x23,
    0x2f, 0x2, 0x50, 0xf, 0xfa, 0xa4, 0x3, 0xf,
    0x88, 0x7, 0xff, 0xf0,

    /* U+0374 "ʹ" */
    0xb, 0xe0, 0x2, 0x40, 0x21, 0x30, 0x26, 0x0,
    0x0,

    /* U+0375 "͵" */
    0x0, 0x10, 0x0, 0xf0, 0x1, 0x8, 0x6, 0x98,
    0x0,

    /* U+0376 "Ͷ" */
    0x7e, 0x0, 0xe2, 0xfc, 0x0, 0xfb, 0x80, 0x3f,
    0x39, 0xa8, 0x7, 0x8a, 0x1c, 0x80, 0x3d, 0x25,
    0x2, 0x1, 0xcc, 0x92, 0x1, 0xe1, 0x95, 0x40,
    0xf, 0x50, 0xd8, 0x7, 0x1a, 0xa4, 0x8, 0x7,
    0x1d, 0xa3, 0x0, 0x78, 0x45, 0x20, 0x1f, 0xa0,
    0x80, 0x3c,

    /* U+0377 "ͷ" */
    0xab, 0x0, 0x8b, 0xf8, 0x3, 0xa4, 0x3, 0xca,
    0x8e, 0x1, 0x86, 0xe3, 0x80, 0x34, 0x1b, 0x80,
    0x42, 0x6d, 0x20, 0x1d, 0xca, 0x80, 0x19, 0x4a,
    0xc0, 0x3d, 0x22, 0x1, 0x80,

    /* U+037A "ͺ" */
    0x43, 0xe, 0xa0, 0xd6, 0x87, 0xf8,

    /* U+037B "ͻ" */
    0x3c, 0xff, 0x59, 0x81, 0x5d, 0xa9, 0xf0, 0x44,
    0xe8, 0xba, 0x12, 0x1, 0x84, 0xcc, 0x1, 0xcc,
    0xe0, 0x1c, 0xcc, 0x0, 0xc4, 0x78, 0x8e, 0x8d,
    0x84, 0xcf, 0x57, 0xf, 0x80,

    /* U+037C "ͼ" */
    0x0, 0x26, 0x7f, 0x58, 0x1, 0x2d, 0xaa, 0xf0,
    0x1, 0x7, 0x4a, 0xa7, 0x0, 0x1d, 0x85, 0x30,
    0x0, 0x40, 0x81, 0x84, 0x0, 0x20, 0x41, 0x8e,
    0x1, 0x15, 0x80, 0x7a, 0xe, 0x95, 0x52, 0x0,
    0x5a, 0x6a, 0xb2, 0x0,

    /* U+037D "ͽ" */
    0x3c, 0xff, 0x59, 0x81, 0x5d, 0xa9, 0xf0, 0x44,
    0xe8, 0xba, 0x12, 0x0, 0xa6, 0x13, 0x30, 0x1,
    0x84, 0x19, 0xc0, 0x18, 0xe0, 0xcc, 0x0, 0xc4,
    0x78, 0x8e, 0x8d, 0x84, 0xcf, 0x57, 0xf, 0x80,

    /* U+037E ";" */
    0xa, 0xd0, 0x3, 0x10, 0x3, 0x78, 0x0, 0x22,
    0x0, 0xff, 0xe1, 0x66, 0x0, 0x6, 0x80, 0x41,
    0x40, 0x86, 0x40, 0xd8, 0x0,

    /* U+037F "Ϳ" */
    0x0, 0xa3, 0x80, 0x3f, 0xfd, 0xc2, 0x60, 0x26,
    0xe8, 0x8e, 0xc2, 0x84, 0xcd, 0xc1,

    /* U+0384 "΄" */
    0x9, 0xc0, 0x3, 0x58, 0x21, 0x38, 0x0,

    /* U+0385 "΅" */
    0x0, 0x1e, 0xa0, 0x3d, 0xd8, 0xcb, 0x13, 0x4e,
    0x12, 0x80,

    /* U+0386 "Ά" */
    0x3f, 0x70, 0x5, 0x78, 0x80, 0x6b, 0x27, 0x0,
    0x28, 0x38, 0x6, 0x29, 0x0, 0x28, 0xbd, 0x0,
    0x6a, 0x40, 0x7, 0x25, 0x99, 0x0, 0x78, 0x53,
    0x8c, 0xa8, 0x3, 0xcc, 0x28, 0x14, 0xc0, 0x1e,
    0xa7, 0x11, 0x20, 0xa0, 0x6, 0x32, 0x6e, 0xe6,
    0x7, 0x0, 0x6a, 0x2b, 0xbc, 0xea, 0x1, 0x9e,
    0x91, 0x34, 0x83, 0x0, 0x14, 0x58, 0x3, 0xa,
    0x50, 0x3, 0x90, 0x40, 0x3b, 0x8c, 0x80,

    /* U+0387 "·" */
    0x9d, 0x2, 0x20, 0xdf, 0x8,

    /* U+0388 "Έ" */
    0x3f, 0x60, 0xdf, 0xfe, 0x9b, 0x26, 0x0, 0x25,
    0xdf, 0xc, 0x80, 0x44, 0x89, 0x8a, 0x50, 0x3,
    0xff, 0x84, 0x60, 0x1f, 0xe5, 0xff, 0xc8, 0x1,
    0xc9, 0x99, 0x90, 0x3, 0x88, 0xcf, 0x0, 0x7f,
    0xf4, 0x9, 0x13, 0x10, 0x7, 0x25, 0xdf, 0x0,

    /* U+0389 "Ή" */
    0x3f, 0x60, 0xd9, 0x0, 0xe8, 0xeb, 0x26, 0x0,
    0xff, 0xc, 0x80, 0x7f, 0xd2, 0x80, 0x1f, 0xfc,
    0x43, 0x11, 0xe0, 0xf, 0x97, 0xbb, 0x9c, 0x3,
    0xc9, 0x77, 0xca, 0x1, 0xe2, 0x44, 0xe2, 0x0,
    0xff, 0xf4, 0x80,

    /* U+038A "Ί" */
    0x3f, 0x66, 0x7f, 0xd5, 0x64, 0xcc, 0xd0, 0x8a,
    0x19, 0x0, 0x18, 0x8, 0x4a, 0x0, 0x7f, 0xfb,
    0x8c, 0x4, 0x3, 0x36, 0x84, 0x50,

    /* U+038C "Ό" */
    0x3f, 0x80, 0x3, 0x67, 0x7e, 0xb8, 0x4, 0x83,
    0x1, 0x52, 0xb7, 0x4b, 0x18, 0x0, 0xc8, 0x6,
    0x5a, 0x95, 0x54, 0x61, 0xc0, 0x5b, 0x5, 0x9a,
    0x80, 0x63, 0x56, 0x0, 0x84, 0xac, 0x3, 0xde,
    0x26, 0x0, 0x30, 0x20, 0xf, 0x30, 0x38, 0x7,
    0xff, 0x10, 0xc0, 0x80, 0x3c, 0xc0, 0xe0, 0x1,
    0x2b, 0x0, 0xf7, 0x89, 0x80, 0x56, 0x6a, 0x1,
    0x8d, 0x58, 0x3, 0x32, 0xd4, 0xaa, 0xa3, 0xe,
    0x0, 0x3a, 0xa5, 0x6e, 0x96, 0x30, 0x0,

    /* U+038E "Ύ" */
    0x3f, 0x65, 0xf3, 0x0, 0xcb, 0xe7, 0x64, 0xca,
    0x7e, 0x1, 0xa1, 0xc, 0x64, 0x1, 0x6, 0x80,
    0x5, 0x29, 0x9, 0x40, 0x2, 0x1c, 0x0, 0x21,
    0x48, 0x3, 0xd0, 0x68, 0xc5, 0x0, 0x1f, 0x22,
    0x22, 0xc, 0x40, 0x1f, 0xa0, 0xc6, 0x0, 0x3f,
    0x8c, 0xc8, 0x20, 0x1f, 0xf0, 0x80, 0x7f, 0xf7,
    0xc0,

    /* U+038F "Ώ" */
    0x3f, 0x80, 0x18, 0xdf, 0xeb, 0x40, 0x9, 0x6,
    0x7, 0x1a, 0xa9, 0x1, 0x6e, 0x0, 0xc8, 0xa,
    0x3f, 0x75, 0x6b, 0x78, 0x30, 0xb6, 0x24, 0x81,
    0x0, 0xd0, 0x34, 0x1, 0x20, 0x38, 0x7, 0x91,
    0x0, 0x10, 0x80, 0x80, 0x78, 0xcc, 0x1, 0xc2,
    0x1, 0xff, 0x20, 0x10, 0x7, 0x95, 0x0, 0x23,
    0x35, 0x0, 0x71, 0x1c, 0x80, 0x6f, 0x64, 0x0,
    0xdc, 0xa6, 0x1, 0x13, 0xb5, 0xa8, 0xe, 0x17,
    0xa0, 0x5, 0x76, 0x60, 0xf0, 0x23, 0x1a, 0xb1,

    /* U+0390 "ΐ" */
    0x0, 0xb3, 0x40, 0x2d, 0x43, 0xbc, 0x50, 0xa0,
    0x46, 0xb7, 0x7, 0x4b, 0x7, 0x20, 0x5, 0xd8,
    0x3, 0xff, 0xb8, 0x20, 0x1e, 0xd4, 0x48, 0x2,
    0x74, 0xb9, 0x0,

    /* U+0391 "Α" */
    0x0, 0xd7, 0xc0, 0x1f, 0x85, 0x5, 0x40, 0x3e,
    0x62, 0x5e, 0x0, 0xfa, 0x97, 0xd0, 0x40, 0x38,
    0xca, 0x94, 0x5c, 0x3, 0xa8, 0x88, 0xf, 0x40,
    0x1c, 0xf4, 0x22, 0xd3, 0x20, 0x9, 0x46, 0x3b,
    0x96, 0x14, 0x1, 0x71, 0xdd, 0xe5, 0x60, 0x0,
    0xa4, 0xa2, 0x69, 0x14, 0x6, 0x5, 0x0, 0xc6,
    0x5c, 0x14, 0xa0, 0x1e, 0xa5, 0x0,

    /* U+0392 "Β" */
    0x7f, 0xfd, 0xb2, 0x20, 0x15, 0xda, 0x95, 0xb4,
    0x2, 0x44, 0x2c, 0x40, 0xc4, 0x3, 0xc2, 0x1,
    0xe1, 0x3b, 0x61, 0x0, 0x7f, 0xbb, 0x16, 0x40,
    0x2c, 0xc5, 0xcb, 0x60, 0x4, 0x66, 0x46, 0xd3,
    0x50, 0xf, 0x18, 0x68, 0x7, 0x90, 0x38, 0x0,
    0x89, 0x3d, 0xb, 0x0, 0x2e, 0xea, 0x7f, 0x0,

    /* U+0393 "Γ" */
    0x7f, 0xfe, 0x90, 0x5, 0xdf, 0x0, 0x11, 0x31,
    0x0, 0x7f, 0xfc, 0xc0,

    /* U+0394 "Δ" */
    0x0, 0xd7, 0xc0, 0x1f, 0x85, 0x5, 0x40, 0x3e,
    0x62, 0x6e, 0x0, 0xfa, 0xaa, 0x41, 0x0, 0xe4,
    0x26, 0x32, 0x60, 0xe, 0xe4, 0x10, 0xaa, 0x0,
    0x61, 0x5e, 0x0, 0x29, 0x20, 0x4, 0xe0, 0xa0,
    0x2, 0x3e, 0x0, 0xa9, 0x80, 0x35, 0x28, 0x0,
    0xcd, 0x40, 0x19, 0xc1, 0x82, 0x81, 0x95, 0x72,
    0x15, 0x2, 0x5, 0x57, 0x88, 0xc0,

    /* U+0395 "Ε" */
    0x7f, 0xff, 0x0, 0x2e, 0xf8, 0x0, 0x89, 0xc0,
    0x1f, 0xfc, 0x4f, 0xfd, 0x40, 0xc, 0xcd, 0x0,
    0x3, 0x3c, 0x40, 0x1f, 0xfc, 0x44, 0x4e, 0x0,
    0x5d, 0xf0,

    /* U+0396 "Ζ" */
    0x3f, 0xff, 0x98, 0xaa, 0xb9, 0x1, 0x5, 0x57,
    0x3a, 0x39, 0x0, 0x74, 0x94, 0x0, 0x73, 0x27,
    0x0, 0x70, 0xc3, 0x18, 0x7, 0x58, 0x40, 0x7,
    0x22, 0xd8, 0x80, 0x74, 0xa2, 0x80, 0x74, 0x14,
    0x80, 0x71, 0x3a, 0x3a, 0xae, 0x24, 0x4, 0xaa,
    0xf0,

    /* U+0397 "Η" */
    0x7f, 0x0, 0xe2, 0xf4, 0x0, 0xff, 0xea, 0x8,
    0xf8, 0x3, 0x77, 0x76, 0x0, 0x6b, 0xbe, 0xa0,
    0xc, 0x89, 0xce, 0x1, 0xff, 0xde,

    /* U+0398 "Θ" */
    0x0, 0x96, 0xfb, 0xf6, 0x4, 0x3, 0x45, 0x4,
    0x55, 0x1b, 0x4, 0x0, 0x6e, 0xeb, 0x65, 0x7f,
    0x3a, 0x0, 0x48, 0xc0, 0x6, 0x19, 0x41, 0x4,
    0x40, 0x7, 0x94, 0x10, 0x4, 0x89, 0xff, 0xa8,
    0x80, 0x80, 0x22, 0xcc, 0xd0, 0x1, 0x84, 0x80,
    0xcf, 0x11, 0x0, 0x81, 0x10, 0x1, 0xe5, 0x4,
    0x9, 0x18, 0x0, 0xc3, 0x2a, 0x20, 0x6e, 0xea,
    0x55, 0x3f, 0x9d, 0x80, 0x51, 0x43, 0x75, 0x46,
    0xc1, 0x0,

    /* U+0399 "Ι" */
    0x5f, 0xfa, 0xd7, 0x82, 0x2c, 0x4, 0x4, 0x3,
    0xff, 0xb2, 0x20, 0x20, 0xbc, 0x11, 0x60,

    /* U+039A "Κ" */
    0x7f, 0x0, 0xcd, 0xe8, 0x1, 0xc9, 0x32, 0x40,
    0xc, 0x54, 0xcc, 0x0, 0xc3, 0xeb, 0x20, 0x1d,
    0xa3, 0x60, 0x1d, 0x47, 0x40, 0x1e, 0x64, 0x92,
    0x0, 0xec, 0xa1, 0xe0, 0xf, 0xd, 0x1b, 0x80,
    0x79, 0x1a, 0xc, 0x3, 0xd2, 0x5c, 0x1, 0xf7,
    0x94, 0x0,

    /* U+039B "Λ" */
    0x0, 0xdd, 0x60, 0x1f, 0x28, 0xa0, 0x80, 0x7b,
    0xd8, 0x5c, 0x3, 0xcb, 0xad, 0xa0, 0x1c, 0xa0,
    0x96, 0x82, 0x1, 0xb9, 0x40, 0xc5, 0x80, 0x21,
    0x4e, 0x0, 0x3d, 0x80, 0x4e, 0x28, 0x0, 0xa3,
    0x20, 0x5, 0x20, 0x4, 0x63, 0x40, 0x47, 0xc0,
    0x19, 0xd4, 0x14, 0x50, 0x3, 0x69, 0x1d, 0x38,
    0x7, 0x20, 0xd8,

    /* U+039C "Μ" */
    0x7f, 0xd0, 0xf, 0x2f, 0xf8, 0x4, 0x8c, 0x3,
    0xb8, 0x40, 0x6, 0x6a, 0x0, 0xc2, 0x88, 0x0,
    0xad, 0xc0, 0x33, 0x96, 0x80, 0x4c, 0x28, 0x1,
    0x55, 0x0, 0x23, 0x14, 0xe0, 0x1, 0x1a, 0x80,
    0x76, 0xa8, 0x2, 0x8c, 0x80, 0x39, 0x81, 0x41,
    0xa8, 0x3, 0xe5, 0xe4, 0x17, 0x0, 0xfb, 0x93,
    0xd4, 0x40, 0x3e, 0x41, 0x4f, 0x0, 0xfe, 0x71,
    0x50, 0xc,

    /* U+039D "Ν" */
    0x7f, 0x80, 0xe, 0xb9, 0x0, 0x39, 0x0, 0x7c,
    0x65, 0xc0, 0x1f, 0xc, 0x9b, 0x0, 0x7c, 0x8b,
    0x22, 0x1, 0xf5, 0x85, 0x80, 0x71, 0x80, 0xc2,
    0xa0, 0x7, 0xce, 0x52, 0x1, 0xfb, 0x8a, 0x0,
    0x3e, 0x36, 0x76, 0x0, 0xfa, 0x4, 0x80, 0x3e,
    0x18, 0x0, 0x0,

    /* U+039E "Ξ" */
    0xb, 0xff, 0xf5, 0x80, 0x22, 0xab, 0xd0, 0x0,
    0x35, 0x5f, 0x18, 0x7, 0xff, 0x4, 0x47, 0xc0,
    0x10, 0xf7, 0x78, 0x40, 0x3, 0x77, 0xe1, 0x0,
    0x91, 0x3c, 0x1, 0xff, 0xcb, 0x55, 0xfc, 0x0,
    0xaa, 0xfc, 0x0,

    /* U+039F "Ο" */
    0x0, 0x96, 0xfb, 0xf6, 0x4, 0x3, 0x45, 0x4,
    0x55, 0x1b, 0x4, 0x0, 0x6e, 0xeb, 0x65, 0x7f,
    0x3a, 0x0, 0x48, 0xc0, 0x6, 0x19, 0x41, 0x4,
    0x40, 0x7, 0x94, 0x10, 0x4, 0x80, 0x3c, 0x40,
    0x40, 0x1f, 0xfc, 0x11, 0x20, 0xf, 0x10, 0x10,
    0x22, 0x0, 0x3c, 0xa0, 0x81, 0x23, 0x0, 0x18,
    0x65, 0x44, 0xd, 0xdd, 0x4a, 0xa7, 0xf3, 0xb0,
    0xa, 0x28, 0x6e, 0xa8, 0xd8, 0x20,

    /* U+03A0 "Π" */
    0x7f, 0xff, 0xc4, 0x0, 0xbb, 0xe7, 0x0, 0xc8,
    0x9d, 0x80, 0x1f, 0xff, 0xf0, 0xf, 0xfe, 0x28,

    /* U+03A1 "Ρ" */
    0x7f, 0xfb, 0xad, 0x0, 0x2b, 0xb4, 0x3d, 0xa0,
    0x1, 0x10, 0xd8, 0x5e, 0x1, 0xe7, 0x60, 0xf,
    0x3b, 0x0, 0x42, 0x74, 0x5e, 0x0, 0xfe, 0xc7,
    0xa4, 0x0, 0x66, 0x37, 0x4a, 0x1, 0x19, 0x88,
    0x3, 0xff, 0x9e,

    /* U+03A3 "Σ" */
    0x3f, 0xff, 0x94, 0x84, 0x55, 0x5c, 0x83, 0xa3,
    0xaa, 0xb8, 0x40, 0xe5, 0xd4, 0x3, 0xcc, 0xb4,
    0x60, 0x1e, 0xa2, 0xe0, 0xf, 0x11, 0x2c, 0x3,
    0xde, 0xac, 0x1, 0xd4, 0x14, 0x1, 0xcc, 0xbe,
    0x1, 0xc5, 0x2a, 0xea, 0xb8, 0x90, 0x16, 0xab,
    0xc0,

    /* U+03A4 "Τ" */
    0xdf, 0xff, 0xae, 0x6e, 0xd0, 0x13, 0x76, 0x84,
    0x48, 0xc1, 0x12, 0x30, 0xf, 0xff, 0xf8, 0x7,
    0x80,

    /* U+03A5 "Υ" */
    0xbc, 0x0, 0xec, 0xc0, 0x41, 0xa8, 0x4, 0x87,
    0x0, 0x69, 0x0, 0x14, 0x1a, 0x0, 0x20, 0x94,
    0x10, 0xfc, 0x2, 0x35, 0x80, 0x84, 0x30, 0xd,
    0x5, 0x47, 0x0, 0x1c, 0x4a, 0xb1, 0x80, 0x7a,
    0x43, 0x80, 0x3f, 0xfc, 0x0,

    /* U+03A6 "Φ" */
    0x0, 0xf7, 0xb8, 0x7, 0xc3, 0x3d, 0xe1, 0x1f,
    0x8a, 0x1, 0x17, 0xa4, 0x58, 0x35, 0x2d, 0x48,
    0x3, 0x8f, 0x59, 0x3, 0x96, 0x69, 0x90, 0xe,
    0xc0, 0x3e, 0x51, 0xc2, 0x2, 0x0, 0xfc, 0x45,
    0x1, 0x0, 0x7e, 0x22, 0x1, 0xd0, 0x7, 0xc8,
    0x38, 0x1e, 0x76, 0x60, 0x10, 0xb5, 0xa2, 0x0,
    0xf1, 0xf3, 0xc2, 0x3a, 0x1e, 0xc0, 0x23, 0xcf,
    0xd0, 0x7e, 0xe4, 0x0, 0x7c, 0x41, 0xe2, 0x1,
    0x80,

    /* U+03A7 "Χ" */
    0x6f, 0x30, 0xd, 0x96, 0xc, 0x7e, 0x1, 0x31,
    0xc8, 0x3, 0x8d, 0x80, 0x62, 0x4, 0x0, 0x27,
    0x81, 0x83, 0x70, 0xd, 0x7, 0x4d, 0x20, 0x1e,
    0x84, 0x54, 0x0, 0xf6, 0x2, 0x8, 0x7, 0x1b,
    0x58, 0x40, 0x7, 0x7a, 0xa5, 0xb1, 0x80, 0x4c,
    0x76, 0xa, 0x7e, 0x0, 0x18, 0x80, 0x80, 0x3c,
    0xd8, 0x2c, 0xdc, 0x2, 0x36, 0x81,

    /* U+03A8 "Ψ" */
    0x9e, 0x0, 0x17, 0xa0, 0x3, 0x2c, 0x3, 0xff,
    0xa8, 0x22, 0x0, 0xfc, 0x21, 0xc2, 0x1, 0xf1,
    0x92, 0x2, 0x80, 0x71, 0x8e, 0x12, 0x5a, 0x8,
    0x1, 0x38, 0xd0, 0x2d, 0x2f, 0x2, 0xec, 0xda,
    0x1, 0x57, 0xd8, 0x4f, 0x58, 0x80, 0x73, 0x1,
    0x8, 0x7, 0xff, 0x8,

    /* U+03A9 "Ω" */
    0x0, 0xc, 0x6f, 0xf5, 0xa0, 0x6, 0x1c, 0x65,
    0xa8, 0xb, 0x70, 0xa, 0x8f, 0xe1, 0x5a, 0xde,
    0xc, 0x9, 0x20, 0x40, 0x34, 0xd, 0x2, 0x2,
    0x0, 0x79, 0x10, 0x2, 0x4, 0x1, 0xe2, 0x20,
    0x8, 0x8, 0x7, 0x84, 0x40, 0xa0, 0xa0, 0x1e,
    0x55, 0x1, 0x9b, 0x40, 0x38, 0x8f, 0xc0, 0x1e,
    0xc8, 0x1, 0xb9, 0x50, 0x9, 0xda, 0xd4, 0x1,
    0x85, 0xe8, 0x17, 0x66, 0xe, 0x3, 0x30, 0xd5,
    0x88,

    /* U+03AA "Ϊ" */
    0x5c, 0x5, 0xc7, 0xb0, 0x7a, 0x27, 0x2, 0x65,
    0xff, 0xad, 0x78, 0x22, 0xc0, 0x40, 0x40, 0x3f,
    0xfb, 0x22, 0x2, 0xb, 0xc1, 0x16,

    /* U+03AB "Ϋ" */
    0x0, 0x44, 0x84, 0x48, 0x7, 0x66, 0x3, 0x30,
    0x1, 0xc8, 0xa0, 0x8a, 0x1, 0x5e, 0x0, 0x76,
    0x60, 0x20, 0xd4, 0x2, 0x43, 0x80, 0x34, 0x80,
    0xa, 0xd, 0x0, 0x10, 0x4a, 0x8, 0x7e, 0x1,
    0x1a, 0xc0, 0x42, 0x18, 0x6, 0x82, 0xa3, 0x80,
    0xe, 0x25, 0x58, 0xc0, 0x3d, 0x21, 0xc0, 0x1f,
    0xfe, 0x0,

    /* U+03AC "ά" */
    0x0, 0xc3, 0xf2, 0x1, 0xf2, 0xc, 0x0, 0x7d,
    0xb0, 0x20, 0x1f, 0x43, 0x0, 0x79, 0xb7, 0xf0,
    0xed, 0xc0, 0xd, 0x29, 0x75, 0xc8, 0x1, 0x5a,
    0x4a, 0x34, 0x80, 0x62, 0xc0, 0x9, 0x0, 0x21,
    0x2, 0x0, 0xc2, 0x0, 0x10, 0x20, 0xc, 0x20,
    0x11, 0x60, 0x4, 0x60, 0x1a, 0xd2, 0xd, 0x78,
    0x70, 0x81, 0xa5, 0x72, 0x65, 0x9, 0x40,

    /* U+03AD "έ" */
    0x0, 0xd1, 0xe4, 0x1, 0x95, 0xc8, 0x2, 0x11,
    0x40, 0x6, 0x1c, 0x0, 0x86, 0xbb, 0xf6, 0x2,
    0x9e, 0xae, 0x84, 0x12, 0x91, 0xf, 0x20, 0x96,
    0x20, 0x1a, 0x87, 0xbd, 0x80, 0x18, 0xd9, 0xac,
    0x6, 0x50, 0x64, 0x0, 0x20, 0xf5, 0x45, 0x71,
    0xc7, 0xbb, 0xbc,

    /* U+03AE "ή" */
    0x0, 0xb3, 0x40, 0x38, 0x4e, 0x40, 0x39, 0x54,
    0x80, 0x1c, 0x94, 0x1, 0xaa, 0x5b, 0x7f, 0x50,
    0x0, 0xdb, 0xdc, 0x4b, 0x10, 0x5, 0x18, 0xc8,
    0x20, 0x10, 0x80, 0x63, 0x1, 0x0, 0xe1, 0x0,
    0xff, 0xea, 0x56, 0x0, 0x7f, 0xf4, 0x80,

    /* U+03AF "ί" */
    0x9, 0xf1, 0x4, 0x71, 0x1a, 0x0, 0x70, 0x1,
    0x76, 0x0, 0xff, 0xe5, 0x8, 0x5, 0xa8, 0x93,
    0xa5, 0xc8,

    /* U+03B0 "ΰ" */
    0x0, 0x9b, 0xd0, 0x2, 0x8a, 0xf3, 0x35, 0x80,
    0x33, 0xcf, 0xd3, 0x40, 0x8, 0xb4, 0x66, 0x60,
    0xba, 0x0, 0x97, 0xc0, 0x3c, 0xe0, 0x60, 0x1c,
    0x40, 0xa0, 0x1f, 0x8, 0x7, 0xf0, 0x80, 0x42,
    0x4, 0x46, 0x0, 0x9c, 0x13, 0xa, 0xd, 0xa5,
    0x85, 0x5d, 0xb2, 0x1e, 0x40,

    /* U+03B1 "α" */
    0x0, 0x36, 0xfe, 0x1d, 0xb8, 0x1, 0xa5, 0x2e,
    0xb9, 0x0, 0x2b, 0x49, 0x46, 0x90, 0xc, 0x58,
    0x1, 0x20, 0x4, 0x20, 0x40, 0x18, 0x40, 0x2,
    0x4, 0x1, 0x84, 0x2, 0x2c, 0x0, 0x8c, 0x3,
    0x5a, 0x41, 0xaf, 0xe, 0x10, 0x34, 0xae, 0x4c,
    0xa1, 0x28,

    /* U+03B2 "β" */
    0x2, 0xbf, 0xeb, 0x20, 0x1c, 0xb, 0xb3, 0x78,
    0x30, 0xda, 0x2f, 0x12, 0x71, 0x80, 0x44, 0x4,
    0x60, 0x18, 0x81, 0x40, 0x30, 0xc2, 0x98, 0x0,
    0xbf, 0x82, 0xc0, 0x22, 0xdc, 0x2f, 0x20, 0x8,
    0x8e, 0x56, 0x40, 0x3c, 0x6a, 0x1, 0xe3, 0x20,
    0x38, 0x43, 0x94, 0x90, 0x13, 0xbc, 0x5a, 0x50,
    0x2b, 0xff, 0x62, 0x80, 0x7f, 0xf3, 0x40,

    /* U+03B3 "γ" */
    0xd9, 0x0, 0xd5, 0x94, 0xe0, 0x18, 0x5d, 0x45,
    0x0, 0x27, 0x22, 0x1e, 0x80, 0x47, 0xe1, 0x6e,
    0x0, 0x30, 0x40, 0x51, 0x30, 0xa3, 0x20, 0x23,
    0xb2, 0x68, 0x0, 0xad, 0xb9, 0x50, 0x2, 0x61,
    0x15, 0x80, 0x61, 0x12, 0x88, 0x7, 0xff, 0x26,
    0x70, 0x2,

    /* U+03B4 "δ" */
    0x0, 0xa7, 0xbf, 0x18, 0x2, 0xa7, 0xac, 0x4b,
    0x0, 0x9d, 0x90, 0xe3, 0x40, 0x27, 0x62, 0x0,
    0xf5, 0x96, 0xb8, 0x7, 0x31, 0xac, 0xe0, 0x80,
    0x1e, 0x32, 0xb8, 0x34, 0x1, 0x10, 0x30, 0x7,
    0x1a, 0x18, 0x20, 0x4, 0x42, 0x60, 0x1f, 0xc6,
    0x16, 0x1, 0x18, 0x98, 0x43, 0xc1, 0xae, 0x9a,
    0x3, 0xca, 0xe5, 0xb6, 0x0,

    /* U+03B5 "ε" */
    0x1, 0xae, 0xfd, 0x80, 0xa7, 0xab, 0xa1, 0x4,
    0xa4, 0x43, 0xc8, 0x25, 0x88, 0x6, 0xa1, 0xef,
    0x60, 0x6, 0x36, 0x6b, 0x1, 0x94, 0x19, 0x0,
    0x8, 0x3d, 0x51, 0x5c, 0x71, 0xee, 0xef,

    /* U+03B6 "ζ" */
    0xa, 0xff, 0xe4, 0xa, 0xee, 0x94, 0x90, 0x0,
    0x22, 0x45, 0xf0, 0xc, 0x55, 0x24, 0x1, 0xb9,
    0x18, 0x3, 0x41, 0x50, 0x6, 0x27, 0xb1, 0x0,
    0xd0, 0x6a, 0x1, 0xcb, 0x60, 0x1c, 0x20, 0x20,
    0x1c, 0x21, 0xa0, 0x1e, 0x94, 0xd8, 0x30, 0x9,
    0xb1, 0x1b, 0x30, 0x1, 0x1c, 0xf4, 0x99, 0x80,
    0x39, 0x40, 0x80, 0x3a, 0x88, 0x40, 0x3a, 0x74,
    0x0,

    /* U+03B7 "η" */
    0xa9, 0x6d, 0xfd, 0x40, 0x3, 0x6f, 0x71, 0x2c,
    0x40, 0x14, 0x63, 0x20, 0x80, 0x42, 0x1, 0x8c,
    0x4, 0x3, 0x84, 0x3, 0xff, 0xa9, 0x58, 0x1,
    0xff, 0xd2,

    /* U+03B8 "θ" */
    0x0, 0x1e, 0x7f, 0x40, 0x4, 0x3a, 0xf7, 0xf,
    0x0, 0x9, 0xb, 0x46, 0x87, 0x10, 0x57, 0x0,
    0x98, 0x10, 0xb, 0xc0, 0x21, 0x16, 0x88, 0x18,
    0x6, 0x31, 0x0, 0x57, 0xfe, 0x23, 0x0, 0x4e,
    0xee, 0x23, 0x10, 0x1, 0x16, 0x1, 0x3, 0xe0,
    0xc, 0x5a, 0x8, 0xa0, 0x12, 0x82, 0x4, 0x9d,
    0x1a, 0xdb, 0x88, 0xe, 0xb6, 0x5b, 0x40, 0x0,

    /* U+03B9 "ι" */
    0xbb, 0x0, 0x7f, 0xf2, 0x84, 0x2, 0xd4, 0x49,
    0xd2, 0xe4,

    /* U+03BA "κ" */
    0xad, 0x0, 0xe, 0xd8, 0x7, 0x50, 0x50, 0x6,
    0x94, 0xf1, 0x0, 0x99, 0x96, 0x40, 0x11, 0xc8,
    0x7, 0x86, 0xd2, 0x84, 0x2, 0x24, 0xa0, 0xb0,
    0xe, 0x1b, 0x55, 0x0, 0x72, 0xaa, 0xc4,

    /* U+03BB "λ" */
    0xfe, 0xa1, 0x0, 0xec, 0xa7, 0xa0, 0xe, 0x34,
    0xe4, 0x30, 0xf, 0x19, 0x50, 0x7, 0xc6, 0xe0,
    0x1e, 0x43, 0x14, 0x0, 0xee, 0x45, 0xe0, 0xe,
    0x5c, 0xf5, 0x0, 0xca, 0xa, 0xa0, 0x60, 0xb,
    0xd0, 0x0, 0x9a, 0x1, 0x2e, 0x80, 0x39, 0x4,
    0x14, 0x1c, 0x0, 0xa1, 0x3, 0xc6, 0x20, 0x13,
    0xb2, 0x80,

    /* U+03BC "μ" */
    0xac, 0x0, 0xdd, 0x0, 0x1f, 0xfd, 0xf1, 0x0,
    0x88, 0x2, 0x30, 0xc, 0x32, 0x6b, 0xc2, 0x64,
    0x6, 0x59, 0x10, 0xb4, 0xb0, 0x7b, 0xfd, 0x55,
    0x7c, 0x83, 0x80, 0x7f, 0xf3, 0x40,

    /* U+03BD "ν" */
    0xd9, 0x0, 0xd5, 0x94, 0xe0, 0x18, 0x5d, 0x45,
    0x0, 0x27, 0x22, 0xb4, 0x2, 0x3f, 0xa, 0x70,
    0x1, 0x82, 0x2, 0x89, 0x85, 0x19, 0x1, 0x1d,
    0x93, 0x48, 0x5, 0x6b, 0xc8, 0xa0, 0x12, 0x91,
    0x28, 0x0,

    /* U+03BE "ξ" */
    0xa, 0xff, 0xe5, 0xa, 0x84, 0x9c, 0xe5, 0x5,
    0x8a, 0x63, 0x10, 0x6, 0x90, 0x80, 0x76, 0x13,
    0x0, 0x72, 0x5c, 0xff, 0xc2, 0x5, 0x4d, 0x9b,
    0xa1, 0xe, 0x49, 0x32, 0x20, 0x0, 0xfc, 0x3,
    0x84, 0xc, 0x3, 0x84, 0xac, 0x80, 0x3b, 0x8f,
    0x6d, 0x84, 0x0, 0x7f, 0xf, 0x3e, 0x1, 0xb,
    0xe5, 0x89, 0x80, 0x7c, 0x40, 0x1d, 0xa4, 0x20,
    0x1d, 0x3a, 0x0,

    /* U+03BF "ο" */
    0x0, 0x26, 0x7f, 0x50, 0x80, 0x12, 0xda, 0xec,
    0xf8, 0x0, 0x83, 0xa4, 0x5c, 0x27, 0x3, 0xb0,
    0x8, 0x4f, 0x4, 0x8, 0x3, 0x33, 0x88, 0x10,
    0x6, 0x67, 0x3, 0xb0, 0x8, 0x4f, 0x3, 0xce,
    0x91, 0x70, 0x58, 0xf, 0x1a, 0xec, 0xfe, 0x20,

    /* U+03C0 "π" */
    0xcf, 0xff, 0xe1, 0xdd, 0x4, 0x6e, 0xc1, 0x1a,
    0x22, 0x20, 0x12, 0x28, 0x4, 0x80, 0x3f, 0xfd,
    0x3, 0x86, 0x1, 0xfa, 0x17, 0xc0,

    /* U+03C1 "ρ" */
    0x3, 0xcf, 0xea, 0x10, 0x2c, 0x6b, 0xb2, 0x60,
    0x58, 0xd2, 0x2e, 0x13, 0x2a, 0x0, 0x44, 0x4c,
    0x12, 0x0, 0xc2, 0x23, 0x0, 0xe1, 0x10, 0x7,
    0x11, 0x3c, 0x19, 0xd1, 0x7c, 0x94, 0x13, 0x2e,
    0xc9, 0x80, 0x2, 0xbf, 0xe9, 0x10, 0xf, 0xfe,
    0x68,

    /* U+03C2 "ς" */
    0x0, 0x26, 0x7f, 0x58, 0x1, 0x2d, 0xaa, 0xf0,
    0x1, 0x7, 0x4a, 0xa7, 0x0, 0x1d, 0x80, 0x70,
    0x81, 0x0, 0x70, 0x81, 0x0, 0x78, 0xac, 0x3,
    0xd0, 0x76, 0x80, 0x19, 0x6d, 0xef, 0x9c, 0x2,
    0x4c, 0xd7, 0x83, 0x0, 0xc5, 0x40, 0x20, 0x1c,
    0x82, 0x40, 0x1c, 0x98, 0x0,

    /* U+03C3 "σ" */
    0x0, 0x1d, 0x77, 0xfe, 0x50, 0x3c, 0x1a, 0xd4,
    0x46, 0xa8, 0x7a, 0x5a, 0x14, 0xa0, 0x80, 0xf,
    0x40, 0x22, 0x1b, 0x1, 0x3, 0x0, 0xc4, 0x20,
    0x20, 0x60, 0x18, 0x44, 0x0, 0x2d, 0x0, 0x88,
    0x98, 0x0, 0x84, 0x94, 0x5f, 0x44, 0x0, 0x16,
    0x96, 0xec, 0x96, 0x0,

    /* U+03C4 "τ" */
    0xcf, 0xff, 0x2e, 0xe9, 0xc3, 0x76, 0x51, 0x2f,
    0x2, 0x28, 0x3, 0xff, 0x9e, 0x20, 0x1f, 0x28,
    0x49, 0x98, 0x2, 0x38, 0x4c, 0x80,

    /* U+03C5 "υ" */
    0xba, 0x0, 0x97, 0xc0, 0x3c, 0xe0, 0x60, 0x1c,
    0x40, 0xa0, 0x1f, 0x8, 0x7, 0xf0, 0x80, 0x42,
    0x4, 0x46, 0x0, 0x9c, 0x13, 0xa, 0xd, 0xa5,
    0x85, 0x5d, 0xb2, 0x1e, 0x40,

    /* U+03C6 "φ" */
    0x0, 0xee, 0x80, 0xf, 0xfe, 0x91, 0x81, 0x8,
    0x7, 0x2f, 0x60, 0xaf, 0x58, 0x80, 0x16, 0xa7,
    0xc5, 0xf1, 0xb0, 0x1, 0x8, 0xe0, 0x11, 0xf9,
    0x30, 0x16, 0x0, 0x71, 0x13, 0x4, 0x4, 0x3,
    0xc2, 0x30, 0x70, 0x7, 0x84, 0x81, 0x54, 0x1,
    0xc8, 0x58, 0x10, 0x78, 0x80, 0x2f, 0x68, 0xa0,
    0x5e, 0xd6, 0x2d, 0x31, 0x60, 0x10, 0xd7, 0x8b,
    0xf3, 0x80, 0x7f, 0xf5, 0xc0,

    /* U+03C7 "χ" */
    0x7f, 0x70, 0xc, 0xde, 0x4c, 0xf0, 0x40, 0x14,
    0x39, 0xc, 0x15, 0x80, 0x1c, 0x20, 0x2, 0xb6,
    0x10, 0x98, 0x0, 0xcc, 0x32, 0xe6, 0xc0, 0x1c,
    0xcc, 0x89, 0x0, 0xf4, 0x89, 0xa0, 0x7, 0x90,
    0x8, 0x3, 0xeb, 0x61, 0x50, 0xe, 0x93, 0x95,
    0x80, 0xc, 0x6d, 0x21, 0x24, 0x80, 0x17, 0xaa,
    0x1, 0xa4, 0x98, 0xb1, 0xd8, 0x5, 0x23, 0x88,

    /* U+03C8 "ψ" */
    0x0, 0xd7, 0x40, 0x1f, 0xfd, 0x6b, 0xa0, 0xf,
    0x73, 0x80, 0x7e, 0x5d, 0x0, 0xfc, 0x4c, 0x1,
    0xf8, 0x44, 0x1, 0xfe, 0x11, 0x0, 0x78, 0x87,
    0x50, 0x40, 0x30, 0xad, 0xb0, 0xeb, 0x38, 0xb7,
    0x8b, 0xe, 0x3c, 0x1a, 0x42, 0x78, 0x81, 0x5f,
    0x22, 0xf5, 0x8, 0x7, 0xff, 0x4c,

    /* U+03C9 "ω" */
    0xd, 0x90, 0xe, 0xca, 0x6, 0x28, 0x0, 0xef,
    0x52, 0xd4, 0x10, 0xe, 0x31, 0xa5, 0x30, 0x2,
    0x78, 0x80, 0x14, 0x83, 0xc0, 0x3e, 0x11, 0x7,
    0x80, 0x7c, 0x20, 0xa8, 0x0, 0x20, 0x20, 0x2,
    0xe7, 0x9b, 0xa5, 0xac, 0x25, 0xb, 0x24, 0xca,
    0xd6, 0x86, 0xde, 0xc4,

    /* U+03CA "ϊ" */
    0xe, 0x40, 0xe4, 0x6, 0x50, 0x65, 0x8, 0x10,
    0x81, 0x0, 0x5d, 0x80, 0x3f, 0xfa, 0xc2, 0x1,
    0xda, 0x89, 0x0, 0x1d, 0x2e, 0x40,

    /* U+03CB "ϋ" */
    0x9, 0x90, 0x44, 0x80, 0x5b, 0x81, 0x98, 0x0,
    0x91, 0x41, 0x14, 0x1, 0x74, 0x1, 0x2f, 0x80,
    0x79, 0xc0, 0xc0, 0x38, 0x81, 0x40, 0x3e, 0x10,
    0xf, 0xe1, 0x0, 0x84, 0x8, 0x8c, 0x1, 0x38,
    0x26, 0x14, 0x1b, 0x4b, 0xa, 0xbb, 0x64, 0x3c,
    0x80,

    /* U+03CC "ό" */
    0x0, 0xed, 0xc0, 0xf, 0x11, 0x3c, 0x3, 0xce,
    0xe3, 0x0, 0xf2, 0xc0, 0x7, 0x26, 0x7f, 0x50,
    0x80, 0x12, 0xda, 0xec, 0xf8, 0x0, 0x83, 0xa4,
    0x5c, 0x27, 0x3, 0xb0, 0x8, 0x4f, 0x4, 0x8,
    0x3, 0x33, 0x88, 0x10, 0x6, 0x67, 0x3, 0xb0,
    0x8, 0x4f, 0x3, 0xce, 0x91, 0x70, 0x58, 0xf,
    0x1a, 0xec, 0xfe, 0x20,

    /* U+03CD "ύ" */
    0x0, 0x8f, 0xdc, 0x3, 0xac, 0x9c, 0x3, 0x86,
    0x40, 0x3d, 0x28, 0x1, 0x5d, 0x0, 0x4b, 0xe0,
    0x1e, 0x70, 0x30, 0xe, 0x20, 0x50, 0xf, 0x84,
    0x3, 0xf8, 0x40, 0x21, 0x2, 0x23, 0x0, 0x4e,
    0x9, 0x85, 0x6, 0xd2, 0xc2, 0xae, 0xd9, 0xf,
    0x20,

    /* U+03CE "ώ" */
    0x0, 0xe5, 0xf5, 0x0, 0xfd, 0x86, 0xa0, 0x1f,
    0x8b, 0xc0, 0x3f, 0xac, 0xc0, 0x3b, 0x64, 0x3,
    0xb2, 0x81, 0x8a, 0x0, 0x3b, 0xd4, 0xb5, 0x4,
    0x3, 0x8c, 0x69, 0x4c, 0x0, 0x9e, 0x20, 0x5,
    0x20, 0xf0, 0xf, 0x84, 0x41, 0xe0, 0x1f, 0x8,
    0x2a, 0x0, 0x8, 0x8, 0x0, 0xb9, 0xe6, 0xe9,
    0x6b, 0x9, 0x42, 0xc9, 0x32, 0xb5, 0xa1, 0xb7,
    0xb1,

    /* U+03CF "Ϗ" */
    0x7f, 0x0, 0xcd, 0xe8, 0x1, 0xc9, 0x32, 0x40,
    0xc, 0x54, 0xcc, 0x0, 0xc3, 0xeb, 0x20, 0x1d,
    0xa3, 0x60, 0x1d, 0x47, 0x40, 0x1e, 0x64, 0x92,
    0x0, 0xec, 0xa1, 0xe0, 0xf, 0xd, 0x1b, 0x80,
    0x79, 0x1a, 0xc, 0x3, 0xd2, 0x5c, 0x1, 0xf7,
    0x94, 0x3f, 0x80, 0x62, 0x14, 0x0, 0xf3, 0xd,
    0x35, 0x3a, 0xaa, 0x64, 0x6c, 0x87, 0x55, 0x2c,
    0xe0, 0x0,

    /* U+03D0 "ϐ" */
    0x0, 0x1d, 0xff, 0x50, 0x4, 0x78, 0x59, 0x49,
    0x0, 0xf, 0x1a, 0x36, 0x30, 0x1, 0x1b, 0xe7,
    0xe8, 0xc8, 0x20, 0x4f, 0xef, 0x60, 0x87, 0xa,
    0x66, 0xe4, 0x0, 0x4, 0x51, 0x39, 0xd, 0x40,
    0x2, 0xc5, 0x35, 0xb5, 0x21, 0x0, 0xe4, 0x7,
    0xe2, 0x0, 0xf0, 0xa0, 0x20, 0x4, 0xe0, 0xa4,
    0xb4, 0xa6, 0xf2, 0xe2, 0x14, 0xf7, 0x95, 0x30,
    0x0,

    /* U+03D1 "ϑ" */
    0x0, 0x1e, 0x7e, 0xb0, 0x7, 0x6b, 0x62, 0xcb,
    0x0, 0x44, 0x32, 0x70, 0xd0, 0x1, 0x10, 0x28,
    0x2, 0xc5, 0x0, 0x27, 0x97, 0x22, 0x9, 0x80,
    0x51, 0x57, 0xbe, 0x31, 0x75, 0xf4, 0xb9, 0xfa,
    0x66, 0x98, 0x75, 0x0, 0x89, 0xdc, 0x44, 0xe1,
    0x0, 0xce, 0x40, 0xe, 0x30, 0xc, 0x7e, 0x1,
    0xf3, 0x3, 0x80, 0x30, 0x9c, 0xda, 0x60, 0x40,
    0x9, 0x13, 0x97, 0x2e, 0x0,

    /* U+03D2 "ϒ" */
    0xbc, 0x0, 0xe8, 0xf4, 0x83, 0x50, 0x8, 0xde,
    0x90, 0xd2, 0x0, 0x28, 0x45, 0x0, 0x41, 0x28,
    0x1a, 0x40, 0x4, 0x6b, 0x1, 0xe8, 0x60, 0x1a,
    0xa, 0x4e, 0x40, 0x38, 0x95, 0x94, 0x80, 0x3d,
    0x21, 0xc0, 0x1f, 0xfe, 0x0,

    /* U+03D3 "ϓ" */
    0x3f, 0x66, 0x79, 0x0, 0x63, 0xea, 0xb2, 0x66,
    0x14, 0x0, 0x6e, 0x4b, 0x19, 0x0, 0x42, 0x98,
    0x1, 0x8a, 0xc6, 0x50, 0x0, 0xa5, 0x0, 0xb,
    0x61, 0x0, 0xf4, 0x21, 0xb1, 0x40, 0x7, 0xca,
    0x71, 0x7, 0x10, 0xf, 0xd0, 0x83, 0x20, 0x1f,
    0xc8, 0x4a, 0x20, 0x1f, 0xf1, 0x80, 0x7f, 0xf7,
    0xc0,

    /* U+03D4 "ϔ" */
    0x0, 0x3d, 0x3, 0xd0, 0x7, 0x1f, 0x81, 0xf8,
    0x7, 0x22, 0x82, 0x28, 0x5, 0x78, 0x1, 0xd1,
    0xe9, 0x6, 0xa0, 0x11, 0xbd, 0x21, 0xa4, 0x0,
    0x50, 0x8a, 0x0, 0x82, 0x50, 0x34, 0x80, 0x8,
    0xd6, 0x3, 0xd0, 0xc0, 0x34, 0x14, 0x9c, 0x80,
    0x71, 0x2b, 0x29, 0x0, 0x7a, 0x43, 0x80, 0x3f,
    0xfc, 0x0,

    /* U+03D5 "ϕ" */
    0x0, 0xee, 0x80, 0xf, 0xfe, 0x91, 0x81, 0x8,
    0x7, 0x2f, 0x60, 0xaf, 0x58, 0x80, 0x16, 0xa7,
    0xc5, 0xf1, 0xb0, 0x1, 0x8, 0xe0, 0x11, 0xf9,
    0x30, 0x16, 0x0, 0x71, 0x13, 0x4, 0x4, 0x3,
    0xc2, 0x30, 0x70, 0x7, 0x84, 0x81, 0x54, 0x1,
    0xc8, 0x58, 0x10, 0x78, 0x80, 0x2f, 0x68, 0xa0,
    0x5e, 0xd6, 0x2d, 0x31, 0x60, 0x10, 0xd7, 0x8b,
    0xf3, 0x80, 0x7f, 0xf5, 0xc0,

    /* U+03D6 "ϖ" */
    0xaf, 0xff, 0xfe, 0x3, 0x46, 0x3, 0x66, 0x78,
    0xd3, 0x1c, 0x80, 0x16, 0x67, 0xeb, 0x43, 0x10,
    0x50, 0x20, 0x5, 0x38, 0x0, 0xc0, 0x40, 0x2,
    0x20, 0x9, 0xfc, 0x0, 0xe0, 0x40, 0x1, 0x10,
    0x7, 0xce, 0x2, 0x0, 0x50, 0x30, 0x1, 0x90,
    0x3, 0x0, 0x80, 0x6, 0x5e, 0x92, 0xa8, 0xca,
    0xee, 0x0, 0xde, 0x16, 0xb3, 0x71, 0x4d, 0x0,
    0x0,

    /* U+03D7 "ϗ" */
    0xad, 0x0, 0xe, 0xd8, 0x7, 0x50, 0x50, 0x6,
    0x94, 0xf1, 0x0, 0x99, 0x96, 0x40, 0x11, 0xc8,
    0x7, 0x86, 0xd2, 0x84, 0x2, 0x24, 0xa0, 0xb0,
    0xe, 0x1b, 0x56, 0x0, 0xe5, 0x69, 0x2a, 0xd0,
    0xb, 0x0, 0x4c, 0x80, 0x5, 0x8, 0x6d, 0xff,
    0x6a, 0x50, 0x2e, 0xff, 0x7c, 0x88, 0x0,

    /* U+03D8 "Ϙ" */
    0x0, 0x9f, 0x3b, 0xf6, 0x0, 0x3b, 0x21, 0x6e,
    0xd4, 0xda, 0x20, 0x7, 0x3b, 0x95, 0x47, 0xf2,
    0xb0, 0x5, 0x1a, 0x0, 0x61, 0x75, 0x0, 0x12,
    0x80, 0x7b, 0x40, 0x80, 0x3f, 0xf8, 0x26, 0xa0,
    0x1e, 0xc0, 0x20, 0xa3, 0x50, 0xc, 0x4c, 0xc0,
    0x3, 0x2d, 0x51, 0x99, 0x3a, 0x70, 0x1, 0x55,
    0x6, 0x64, 0x53, 0x82, 0x1, 0x96, 0xd4, 0xad,
    0x80, 0x3f, 0xf8, 0x60,

    /* U+03D9 "ϙ" */
    0x0, 0x26, 0x7f, 0x50, 0x80, 0x12, 0xda, 0xec,
    0xf8, 0x0, 0x83, 0xa4, 0x5c, 0x27, 0x3, 0xb0,
    0x8, 0x4f, 0x4, 0x8, 0x3, 0x33, 0x88, 0x10,
    0x6, 0x17, 0x3, 0xc0, 0xc, 0x98, 0x12, 0x8e,
    0x3, 0x60, 0xc0, 0xb3, 0x1f, 0xcd, 0x82, 0x0,
    0x6f, 0x16, 0xd3, 0x0, 0xe3, 0x10, 0xf, 0xfe,
    0x48,

    /* U+03DA "Ϛ" */
    0x0, 0x9b, 0x3b, 0xf6, 0x8c, 0x1, 0x72, 0xd1,
    0x56, 0x20, 0x7, 0x4a, 0xa3, 0x2b, 0x59, 0x85,
    0x1a, 0x80, 0x7c, 0x48, 0x1, 0xfc, 0x20, 0x1f,
    0x8d, 0xc0, 0x3f, 0x48, 0xd0, 0x80, 0x79, 0x61,
    0x7b, 0x68, 0x3, 0x9f, 0xa8, 0x50, 0x3, 0xc2,
    0xa8, 0x1, 0xff, 0xc2,

    /* U+03DB "ϛ" */
    0x0, 0x26, 0x7f, 0x58, 0x1, 0x2d, 0xaa, 0xf0,
    0x1, 0x9, 0x4a, 0xa7, 0x0, 0x1e, 0x0, 0x70,
    0x81, 0x0, 0x70, 0x81, 0x0, 0x78, 0xac, 0x3,
    0xd2, 0x78, 0xc2, 0x1, 0x26, 0xac, 0x73, 0x80,
    0x45, 0x3c, 0xd0, 0x1, 0x8, 0x4, 0x20, 0x14,
    0x7f, 0x9e, 0x80, 0x29, 0xee, 0x90, 0x0,

    /* U+03DC "Ϝ" */
    0x7f, 0xfe, 0xc0, 0x5, 0xde, 0xf0, 0x2, 0x26,
    0x30, 0xf, 0xfe, 0x5f, 0xfe, 0x60, 0x6, 0x64,
    0x1, 0x8c, 0xe0, 0xf, 0xb1, 0xc0, 0x38, 0xc4,
    0x3, 0xe0,

    /* U+03DD "ϝ" */
    0x7f, 0xfe, 0xe0, 0x5, 0x57, 0x0, 0x15, 0x72,
    0x0, 0x7f, 0xf1, 0x3f, 0xf3, 0x0, 0x33, 0x20,
    0xc, 0x67, 0x0, 0x7c, 0xc4, 0x1, 0xd2, 0x80,
    0x1f, 0xfc, 0x90,

    /* U+03DE "Ϟ" */
    0xd, 0xf7, 0x0, 0xf4, 0xac, 0x0, 0x79, 0x30,
    0x3, 0xf6, 0x18, 0x7, 0xc8, 0x81, 0x1c, 0x0,
    0x41, 0x7e, 0xec, 0x40, 0xb7, 0x79, 0x4, 0x80,
    0x51, 0x33, 0x38, 0x7, 0x88, 0x98, 0x1, 0xe7,
    0x4, 0x0, 0xf0, 0x83, 0x18, 0x7, 0x22, 0xc5,
    0x80,

    /* U+03DF "ϟ" */
    0xb, 0xfa, 0x0, 0xf4, 0x41, 0x4c, 0x3, 0x8d,
    0x0, 0x40, 0x3c, 0x82, 0x40, 0x1e, 0xa7, 0x0,
    0xf1, 0x12, 0x80, 0x3d, 0x42, 0x60, 0x4d, 0x22,
    0xc, 0x77, 0xfb, 0x2c, 0x26, 0x26, 0x11, 0x68,
    0x80, 0x2d, 0xeb, 0x74, 0x47, 0x0, 0x90, 0x4,
    0xa0, 0xa0, 0x1e, 0xe4, 0x0, 0xf0, 0xa7, 0x0,
    0x79, 0x1, 0x40, 0x3d, 0xa4, 0x1, 0xf8, 0x90,
    0x80, 0x3a, 0x4e, 0xec, 0x0,

    /* U+03E0 "Ϡ" */
    0x5, 0xcf, 0xf6, 0xb0, 0x6, 0x85, 0x9a, 0x49,
    0xa0, 0xb, 0x65, 0x9c, 0x81, 0x58, 0x3, 0x46,
    0xbe, 0x25, 0x80, 0x44, 0xd3, 0x87, 0x84, 0x20,
    0x2, 0xe6, 0x19, 0x80, 0x50, 0xc, 0xbe, 0x92,
    0x2, 0x1, 0x8e, 0x75, 0x0, 0xc0, 0x33, 0x38,
    0x30, 0x10, 0x7, 0xc2, 0xc, 0x1, 0xf6, 0x1,
    0x0, 0x7c, 0xea, 0x0,

    /* U+03E1 "ϡ" */
    0x25, 0x10, 0xf, 0x9a, 0xba, 0x88, 0x3, 0x93,
    0xe9, 0xb5, 0x80, 0x3c, 0xb8, 0xf2, 0xe0, 0x1f,
    0x44, 0x4a, 0x1, 0xc7, 0x32, 0xb, 0x0, 0xc5,
    0x87, 0x7a, 0x2c, 0x1, 0x17, 0xd2, 0x92, 0x50,
    0x7, 0x89, 0xd8, 0xc0, 0x31, 0x6e, 0xb2, 0x80,
    0xc0, 0x22, 0xbe, 0xb6, 0x7, 0x0, 0xcc, 0x20,
    0x10, 0x80, 0x7c, 0x60, 0x20, 0x1f, 0x30, 0x30,
    0x7, 0xc6, 0x24, 0x1, 0xf5, 0xa0, 0x7, 0xc4,
    0x7c, 0x0,

    /* U+03F0 "ϰ" */
    0x8f, 0xb1, 0x0, 0x8b, 0xdc, 0x26, 0xd6, 0x80,
    0x2f, 0x6, 0x1, 0x49, 0x40, 0x5, 0x11, 0x4,
    0x2, 0x20, 0x16, 0x52, 0x70, 0xf, 0x2c, 0xd0,
    0x10, 0x6, 0x20, 0x96, 0x53, 0x0, 0xed, 0x0,
    0x48, 0x10, 0x80, 0x64, 0xf, 0x0, 0x23, 0x29,
    0x2, 0xd, 0x10, 0x2, 0x16, 0xa8,

    /* U+03F1 "ϱ" */
    0x3, 0xcf, 0xe9, 0x10, 0x2c, 0x7b, 0x87, 0xc0,
    0xb1, 0xb4, 0x6d, 0x25, 0x52, 0x0, 0x46, 0x58,
    0x24, 0x1, 0x84, 0x8c, 0x3, 0x84, 0x40, 0x1c,
    0x44, 0xc0, 0x78, 0x45, 0xf2, 0x63, 0x53, 0xbb,
    0x26, 0x0, 0x9d, 0xff, 0x48, 0x82, 0x32, 0x8,
    0x6, 0x85, 0xbe, 0xfe, 0x40, 0x5, 0x7e, 0xe1,
    0x98, 0x0,

    /* U+03F2 "ϲ" */
    0x0, 0x26, 0x7f, 0x58, 0x1, 0x2d, 0xaa, 0xf0,
    0x1, 0x7, 0x4a, 0xa7, 0x0, 0x1d, 0x80, 0x70,
    0x81, 0x0, 0x70, 0x81, 0x0, 0x78, 0xac, 0x3,
    0xd0, 0x74, 0xaa, 0x90, 0x2, 0xd3, 0x55, 0x90,
    0x0,

    /* U+03F3 "ϳ" */
    0x0, 0x45, 0x0, 0x3c, 0x80, 0xf, 0x0, 0xa,
    0xc0, 0xf, 0xfe, 0xdb, 0x9a, 0x20, 0xfe, 0xd6,
    0x40,

    /* U+03F4 "ϴ" */
    0x0, 0x96, 0xfb, 0xf6, 0x4, 0x3, 0x45, 0x4,
    0x55, 0x1b, 0x4, 0x0, 0x6f, 0x16, 0xca, 0xfe,
    0x74, 0x0, 0x92, 0x70, 0xc, 0x30, 0x82, 0x8,
    0xe0, 0x1e, 0x40, 0x40, 0x15, 0xff, 0xf6, 0x81,
    0x0, 0x17, 0x33, 0xd6, 0x1, 0x8, 0x8c, 0xfc,
    0xe0, 0x40, 0x88, 0x10, 0xe, 0xb0, 0x40, 0x90,
    0x90, 0xc, 0x2e, 0xa2, 0x6, 0xee, 0xb5, 0x53,
    0xf9, 0x58, 0x5, 0x14, 0x17, 0x54, 0x6c, 0x10,

    /* U+03F5 "ϵ" */
    0x0, 0x25, 0xff, 0xb0, 0x81, 0x2c, 0x6a, 0x88,
    0x41, 0x7, 0x4a, 0xa8, 0x0, 0x1d, 0x80, 0x70,
    0x84, 0x7f, 0xd0, 0x2, 0xf, 0x99, 0x48, 0x0,
    0xc8, 0xce, 0x10, 0x4, 0x2c, 0xa2, 0x1c, 0x81,
    0x2d, 0x6e, 0xe0,

    /* U+03F6 "϶" */
    0x3c, 0xff, 0x59, 0x80, 0x9, 0x2a, 0x81, 0x86,
    0x3, 0xa, 0xab, 0x28, 0x0, 0xf2, 0xa0, 0x2,
    0xbf, 0xe7, 0x0, 0xaf, 0x32, 0x61, 0x0, 0x9,
    0x9c, 0xa8, 0xa, 0xc8, 0xb6, 0x70, 0x0, 0xbb,
    0x87, 0x48, 0x0,

    /* U+03F7 "Ϸ" */
    0x7f, 0x0, 0xff, 0xe2, 0x7f, 0xd8, 0xa0, 0x16,
    0x5d, 0x3d, 0x28, 0x0, 0xd1, 0x6c, 0xb8, 0x3,
    0xce, 0xc0, 0x1e, 0x76, 0x0, 0x84, 0xa4, 0xbc,
    0x1, 0xfd, 0xa9, 0x48, 0x0, 0xcc, 0x76, 0xa8,
    0x4, 0x66, 0x10, 0xf, 0xf8,

    /* U+03F8 "ϸ" */
    0xac, 0x0, 0xff, 0xea, 0x2e, 0xfe, 0xa0, 0x0,
    0xa6, 0x2d, 0xec, 0xc0, 0x75, 0x52, 0x8a, 0x40,
    0x84, 0x2, 0x44, 0x0, 0x80, 0x61, 0x10, 0x8,
    0x6, 0x11, 0x1, 0x10, 0x2, 0x44, 0x0, 0xfa,
    0xa5, 0x14, 0x82, 0xc4, 0x2d, 0xec, 0xc1, 0xd7,
    0x7f, 0x50, 0x3, 0xff, 0x9a,

    /* U+03F9 "Ϲ" */
    0x0, 0x8e, 0xbb, 0xfa, 0xcc, 0x0, 0xd8, 0xd1,
    0x52, 0x1, 0x14, 0xae, 0x32, 0xbd, 0x98, 0x58,
    0x50, 0x7, 0xce, 0xa0, 0x1f, 0x84, 0x80, 0x3f,
    0xf8, 0xc2, 0x60, 0x1f, 0x91, 0x2, 0x1, 0xf7,
    0x4, 0x0, 0x7c, 0x8e, 0xd8, 0xca, 0xd2, 0x40,
    0x8, 0xa7, 0x8a, 0x82, 0x30,

    /* U+03FA "Ϻ" */
    0x7f, 0xc0, 0xf, 0x27, 0xf8, 0x4, 0xd4, 0x3,
    0xa4, 0x40, 0x6, 0xd6, 0x1, 0x98, 0xe4, 0x2,
    0x80, 0x80, 0x0, 0xc4, 0x0, 0x30, 0xc3, 0x88,
    0x41, 0x30, 0x4, 0x60, 0xc5, 0x66, 0xde, 0x1,
    0xf4, 0xaf, 0x29, 0x80, 0x7c, 0x8a, 0x76, 0x1,
    0xfd, 0x5c, 0x20, 0x1f, 0xfd, 0xc0,

    /* U+03FB "ϻ" */
    0xaf, 0x50, 0xd, 0x5e, 0x80, 0xb, 0x0, 0x91,
    0x40, 0x24, 0x39, 0x0, 0x4b, 0x0, 0x69, 0x63,
    0x80, 0x80, 0xc, 0x8b, 0xcf, 0xc0, 0x1e, 0xb1,
    0x73, 0x0, 0xf0, 0xe4, 0x0, 0x7f, 0xf4, 0xc7,
    0xd0, 0x3, 0xff, 0xa4,

    /* U+03FC "ϼ" */
    0x0, 0x1e, 0x7f, 0x50, 0x80, 0xf, 0x1a, 0xec,
    0x98, 0x0, 0x91, 0xa4, 0x5c, 0x26, 0x7, 0x40,
    0x8, 0x89, 0x80, 0x2, 0x0, 0xc2, 0x20, 0x30,
    0xe, 0x11, 0x0, 0x78, 0x89, 0xe0, 0x6, 0x74,
    0x5f, 0x25, 0x0, 0x26, 0x5d, 0x93, 0x0, 0x22,
    0xbf, 0xe9, 0x10, 0xe1, 0x7f, 0xf6, 0x0, 0x58,
    0x2d, 0xba, 0xe0, 0x8, 0x80, 0x48, 0xa0, 0x8,

    /* U+03FD "Ͻ" */
    0x2a, 0xdf, 0xec, 0x60, 0xc, 0xd5, 0x48, 0x79,
    0xa0, 0x1, 0x63, 0xab, 0x5b, 0xaa, 0x80, 0x3e,
    0x81, 0x90, 0xf, 0xce, 0x60, 0x1f, 0xb8, 0x4,
    0x3, 0xe1, 0x0, 0xfe, 0xe0, 0x10, 0xf, 0x95,
    0x0, 0x3e, 0x82, 0xf0, 0x4, 0xb2, 0xb6, 0x3b,
    0x90, 0x0, 0x71, 0x50, 0xf5, 0x0, 0x0,

    /* U+03FE "Ͼ" */
    0x0, 0x8e, 0xbb, 0xfa, 0xcc, 0x0, 0xd8, 0xd1,
    0x52, 0x1, 0x14, 0xae, 0x32, 0xbd, 0x98, 0x58,
    0x50, 0x7, 0xce, 0xa0, 0x1f, 0x84, 0x80, 0x11,
    0xc2, 0x1, 0xf1, 0x9, 0x80, 0x42, 0x60, 0xa,
    0xe2, 0x0, 0x91, 0x2, 0x0, 0x10, 0xd, 0xc1,
    0x0, 0x1f, 0x23, 0xb6, 0x32, 0xb4, 0x90, 0x2,
    0x29, 0xe2, 0xa0, 0x8c,

    /* U+03FF "Ͽ" */
    0x2a, 0xdf, 0xec, 0x60, 0xc, 0xd5, 0x48, 0x79,
    0xa0, 0x1, 0x63, 0xab, 0x5b, 0xaa, 0x80, 0x3e,
    0x81, 0x90, 0xf, 0xce, 0x60, 0x1b, 0x64, 0x1,
    0xc0, 0x20, 0x1, 0x22, 0x0, 0x4, 0x3, 0xf,
    0x58, 0x3, 0x80, 0x40, 0x21, 0x0, 0x95, 0x0,
    0x3e, 0x82, 0xf0, 0x4, 0xb2, 0xb6, 0x3b, 0x90,
    0x0, 0x71, 0x50, 0xf5, 0x0, 0x0,

    /* U+0400 "Ѐ" */
    0x0, 0x57, 0x98, 0x7, 0xa9, 0xb4, 0x80, 0x3d,
    0x30, 0xe0, 0x12, 0x7f, 0xd3, 0x5f, 0xea, 0x0,
    0x2c, 0x47, 0x70, 0x3, 0xdd, 0xf9, 0x0, 0x3f,
    0xe3, 0x11, 0xe0, 0xa, 0x7b, 0xb8, 0x2, 0x7b,
    0xbe, 0x0, 0xb5, 0x13, 0x80, 0x3f, 0xf9, 0x3e,
    0xef, 0xcc, 0x0, 0x58, 0x8f, 0x0,

    /* U+0401 "Ё" */
    0x0, 0x1c, 0x2, 0x40, 0x6, 0x55, 0x1, 0x20,
    0x6, 0x6d, 0x6, 0xc0, 0x2, 0x7f, 0xfd, 0x40,
    0x5, 0x88, 0xee, 0x0, 0x7b, 0xbf, 0x20, 0x7,
    0xfc, 0x62, 0x3c, 0x1, 0x4f, 0x77, 0x0, 0x4f,
    0x77, 0xc0, 0x16, 0xa2, 0x70, 0x7, 0xff, 0x27,
    0xdd, 0xf9, 0x80, 0xb, 0x11, 0xe0,

    /* U+0402 "Ђ" */
    0xcf, 0xff, 0xda, 0x1, 0x4c, 0x44, 0x7, 0x11,
    0x58, 0x4, 0xae, 0xf0, 0x33, 0xbc, 0xc0, 0x1f,
    0xfc, 0xc1, 0x0, 0xfe, 0x7b, 0xfe, 0xfc, 0x40,
    0xf, 0x10, 0x4d, 0x41, 0x59, 0x80, 0x72, 0xdb,
    0x2b, 0xe0, 0x50, 0x7, 0xf8, 0x84, 0x80, 0x3f,
    0xc4, 0x24, 0x1, 0xf0, 0xbc, 0x60, 0x58, 0x7,
    0xcb, 0xc, 0xb8, 0x40,

    /* U+0403 "Ѓ" */
    0x0, 0xc7, 0xf4, 0x1, 0xc5, 0xad, 0x40, 0x1c,
    0xf1, 0x20, 0x12, 0x7f, 0xaa, 0x7f, 0xe1, 0x0,
    0x34, 0x47, 0x8, 0x3, 0x1d, 0xf8, 0x3, 0xff,
    0xfe, 0x1, 0xf0,

    /* U+0404 "Є" */
    0x0, 0x8a, 0x77, 0xfa, 0x8c, 0x2, 0x4d, 0x67,
    0x79, 0x31, 0xc0, 0xad, 0x3a, 0xa2, 0x7a, 0x14,
    0x20, 0x6c, 0x40, 0x33, 0x90, 0x2a, 0x8, 0xf0,
    0x4, 0x20, 0xbd, 0xdb, 0xc0, 0x39, 0x2e, 0xf5,
    0x0, 0x42, 0xc, 0x89, 0xc0, 0x19, 0x49, 0x0,
    0x3f, 0x40, 0x51, 0x80, 0x43, 0x6a, 0x5, 0x43,
    0x97, 0x15, 0xe8, 0x60, 0x5, 0xd6, 0x57, 0x44,
    0x63, 0x0,

    /* U+0405 "Ѕ" */
    0x0, 0x25, 0xf7, 0xf5, 0x18, 0x1, 0x6d, 0x99,
    0xe, 0x9e, 0x0, 0x92, 0xd8, 0x79, 0xee, 0x0,
    0x9, 0xc0, 0x38, 0x80, 0xa, 0xa6, 0x0, 0xfa,
    0x4a, 0x7e, 0xd8, 0x40, 0x22, 0xdb, 0x65, 0x9e,
    0x60, 0xc, 0x93, 0xd8, 0x52, 0x40, 0x1e, 0x3e,
    0x7, 0x7, 0x10, 0xc, 0xa0, 0x22, 0x9e, 0xa7,
    0x75, 0x49, 0xa0, 0xfb, 0xba, 0x20, 0xee, 0xc0,

    /* U+0406 "І" */
    0x4f, 0x50, 0xf, 0xfe, 0xa8,

    /* U+0407 "Ї" */
    0x66, 0x3, 0x2e, 0x78, 0x66, 0x2a, 0x42, 0xa4,
    0x17, 0xd0, 0x3, 0xff, 0xd8,

    /* U+0408 "Ј" */
    0x9, 0xff, 0xe1, 0xd, 0x88, 0x90, 0x2, 0x47,
    0x78, 0xc0, 0x3f, 0xfc, 0x62, 0x2, 0x4e, 0x1,
    0x29, 0x2, 0xc5, 0xbd, 0x9d, 0x3, 0xcb, 0x43,
    0x43, 0x80,

    /* U+0409 "Љ" */
    0x0, 0xbf, 0xff, 0x0, 0x7f, 0xf0, 0x16, 0x23,
    0x0, 0x7f, 0xf0, 0x4, 0x3d, 0xdf, 0x0, 0x7f,
    0xf0, 0x84, 0x3, 0xc2, 0x30, 0x7, 0xc6, 0x1,
    0xfb, 0xba, 0xfe, 0x80, 0xc, 0x20, 0xe0, 0x1e,
    0xbb, 0xa9, 0xdd, 0x60, 0x13, 0x80, 0x80, 0x79,
    0x12, 0x59, 0x64, 0x30, 0x0, 0x81, 0x80, 0x7f,
    0xda, 0xc, 0x0, 0xd1, 0x10, 0x7, 0xfc, 0x20,
    0x19, 0x54, 0x1, 0xff, 0xc0, 0xe0, 0x45, 0xa2,
    0xe0, 0xf, 0x99, 0xa8, 0xd4, 0x61, 0x95, 0x75,
    0x0, 0xfa, 0x66, 0x71, 0x99, 0x0,

    /* U+040A "Њ" */
    0x4f, 0x50, 0xe, 0x7f, 0x20, 0xf, 0xff, 0x99,
    0x91, 0x77, 0x80, 0x91, 0x4, 0x3, 0xd3, 0xbb,
    0xce, 0x19, 0xba, 0xef, 0xa1, 0x0, 0x9e, 0xab,
    0x98, 0x26, 0xaa, 0x65, 0xc0, 0xb, 0x55, 0x7b,
    0x81, 0x15, 0x69, 0x62, 0x30, 0xf, 0xfe, 0x1e,
    0x3, 0x80, 0x7f, 0xf0, 0xf0, 0x18, 0x3, 0xfc,
    0x8a, 0xa6, 0xa6, 0x52, 0x0, 0xff, 0x4d, 0x52,
    0x5e, 0x68, 0x0,

    /* U+040B "Ћ" */
    0xcf, 0xff, 0xd8, 0x1, 0x4c, 0x44, 0x7, 0x11,
    0x48, 0x4, 0xae, 0xf0, 0x2b, 0xbc, 0xa0, 0x1f,
    0xfd, 0x62, 0x9d, 0xfe, 0xa2, 0x0, 0xf2, 0x3b,
    0xca, 0xac, 0x10, 0xe, 0x5e, 0xa8, 0xb9, 0x16,
    0x0, 0xe3, 0x0, 0xcc, 0x1a, 0x1, 0xff, 0x8,
    0x80, 0x3f, 0xf9, 0xc0,

    /* U+040C "Ќ" */
    0x0, 0xeb, 0xe3, 0x0, 0xfa, 0x57, 0xc, 0x3,
    0xc3, 0xd8, 0x40, 0x19, 0x3d, 0x45, 0xc8, 0xf,
    0xe0, 0x3, 0xf7, 0x1c, 0x0, 0x7d, 0x25, 0xc0,
    0x1f, 0x2b, 0x51, 0x0, 0x63, 0x23, 0xb6, 0x50,
    0xe, 0x9d, 0xc1, 0x80, 0xf, 0x3d, 0x48, 0x40,
    0x7, 0xb5, 0x59, 0xa3, 0x0, 0xfd, 0x3, 0xc0,
    0x1f, 0x86, 0xca, 0x0, 0x3f, 0x2a, 0x9c, 0x80,
    0x3f, 0x58, 0x70, 0x0,

    /* U+040D "Ѝ" */
    0x0, 0xe, 0x70, 0x80, 0x7c, 0x38, 0xb8, 0x1,
    0xfd, 0x74, 0x80, 0x19, 0x3d, 0x40, 0xe, 0x80,
    0xde, 0xc0, 0x1f, 0x14, 0x80, 0x7f, 0x70, 0x7,
    0xf4, 0x1c, 0x0, 0x7c, 0x8e, 0xca, 0x1, 0xe1,
    0xa2, 0x90, 0xf, 0xa8, 0x78, 0x3, 0xe6, 0x48,
    0x30, 0xf, 0x14, 0xa3, 0x80, 0x7d, 0x3, 0x40,
    0x1f, 0xd4, 0x20, 0x1f, 0x99, 0x0, 0x3e,

    /* U+040E "Ў" */
    0x0, 0x1f, 0x90, 0x1f, 0x80, 0x71, 0xcf, 0xf7,
    0xd0, 0x7, 0x9b, 0x7b, 0x14, 0x2, 0x8f, 0x30,
    0xf, 0x75, 0x40, 0xc0, 0x7, 0x30, 0xc0, 0x4a,
    0x10, 0x6, 0x86, 0x20, 0x71, 0x80, 0x9, 0x86,
    0xc0, 0x29, 0x52, 0x0, 0x43, 0x10, 0x4, 0xe3,
    0x0, 0xc3, 0x0, 0x1d, 0x2a, 0x50, 0xc2, 0x1,
    0xce, 0x38, 0x30, 0x1, 0xf4, 0x8b, 0x88, 0x7,
    0xdc, 0x12, 0x1, 0xc9, 0x16, 0xd2, 0x20, 0x1c,
    0x6e, 0xb2, 0xc0, 0x1c,

    /* U+040F "Џ" */
    0x4f, 0x50, 0xe, 0x7f, 0x20, 0xf, 0xff, 0xf8,
    0x7, 0xff, 0x3b, 0xdd, 0xfb, 0x0, 0x32, 0xc4,
    0x72, 0x0, 0x13, 0xfe, 0xb0, 0xcf, 0xf8, 0x80,
    0x3f, 0xf8, 0x6c, 0xe4, 0x1, 0x80,

    /* U+0410 "А" */
    0x0, 0xee, 0xf1, 0x0, 0xfc, 0xa2, 0xc, 0x1,
    0xfa, 0x4d, 0x64, 0x3, 0xe3, 0x35, 0x70, 0xa8,
    0x7, 0xa4, 0x19, 0x6, 0x40, 0x38, 0x55, 0x80,
    0x12, 0x64, 0x1, 0x98, 0x28, 0x0, 0xc1, 0x60,
    0x1a, 0x48, 0x82, 0x20, 0x46, 0x10, 0x2, 0x89,
    0x77, 0x64, 0x6, 0x0, 0x48, 0xdd, 0xf8, 0xa8,
    0x8, 0xd9, 0x13, 0xd6, 0x49, 0x61, 0x20, 0x1e,
    0x61, 0xf0,

    /* U+0411 "Б" */
    0x4f, 0xff, 0xc6, 0x0, 0x69, 0x9f, 0x10, 0x3,
    0x19, 0xbc, 0x20, 0x1f, 0xfc, 0x11, 0x10, 0x7,
    0xd5, 0xdc, 0xff, 0x62, 0x80, 0x51, 0x77, 0x48,
    0x53, 0x0, 0x9, 0x12, 0x6c, 0x1a, 0x0, 0xfc,
    0x42, 0x1, 0xf0, 0x93, 0x0, 0x35, 0x56, 0x7c,
    0x1f, 0x0, 0x3d, 0x55, 0x2d, 0x88,

    /* U+0412 "В" */
    0x4f, 0xfe, 0xea, 0x20, 0xc, 0xf5, 0x53, 0x26,
    0x88, 0x5, 0xaa, 0xb4, 0x58, 0x38, 0x7, 0xe6,
    0x0, 0xfc, 0x27, 0xe4, 0xc0, 0x15, 0x7f, 0xbb,
    0xe, 0x40, 0x34, 0x66, 0x54, 0xb6, 0xa0, 0x11,
    0x19, 0xcb, 0x47, 0x0, 0x1f, 0xcc, 0x40, 0x1f,
    0xce, 0x20, 0x16, 0xaa, 0xcd, 0x85, 0x20, 0x13,
    0xd5, 0x50, 0x14, 0xe0,

    /* U+0413 "Г" */
    0x4f, 0xff, 0x84, 0x0, 0xd1, 0x1c, 0x20, 0xc,
    0x77, 0xe0, 0xf, 0xff, 0xf8, 0x7, 0xc0,

    /* U+0414 "Д" */
    0x0, 0x17, 0xff, 0xd8, 0x1, 0xe6, 0x88, 0xc2,
    0x1, 0xf5, 0x3b, 0xe3, 0x0, 0xe1, 0x0, 0xff,
    0xe0, 0x38, 0x8, 0x7, 0xff, 0x0, 0xc0, 0x3f,
    0xc4, 0x2, 0x1, 0xfe, 0xe1, 0x0, 0xff, 0x8d,
    0x40, 0x3f, 0xc2, 0x98, 0x1, 0xfc, 0xda, 0x1f,
    0x11, 0xc6, 0x50, 0x74, 0x60, 0xef, 0xe1, 0x13,
    0xa8, 0x27, 0xff, 0xee, 0x0, 0xff, 0xe1, 0xd7,
    0x0, 0x7e, 0x17, 0x50,

    /* U+0415 "Е" */
    0x4f, 0xff, 0xa8, 0x0, 0xb1, 0x1d, 0xc0, 0xf,
    0x77, 0xe4, 0x0, 0xff, 0x8c, 0x47, 0x80, 0x29,
    0xee, 0xe0, 0x9, 0xee, 0xf8, 0x2, 0xd4, 0x4e,
    0x0, 0xff, 0xe4, 0xfb, 0xbf, 0x30, 0x1, 0x62,
    0x3c,

    /* U+0416 "Ж" */
    0x2f, 0x90, 0xd, 0x1e, 0x1, 0x8b, 0xe4, 0xa,
    0x18, 0xc0, 0x3f, 0xb8, 0x64, 0x0, 0xe5, 0xe0,
    0x1f, 0x98, 0xe8, 0x3, 0x71, 0xb8, 0x7, 0x86,
    0x15, 0x0, 0x31, 0xb4, 0x19, 0x8, 0x11, 0x2c,
    0x6c, 0x3, 0xd6, 0x19, 0xac, 0x1b, 0xa5, 0x61,
    0x0, 0xf5, 0x84, 0xd2, 0x5, 0x50, 0xd8, 0x40,
    0x38, 0xd9, 0x59, 0x4c, 0x15, 0x5e, 0x16, 0x1,
    0xd0, 0x10, 0x1, 0xe3, 0x55, 0x18, 0x4, 0x88,
    0x72, 0x0, 0xfa, 0x3, 0xc0, 0x29, 0x19, 0x0,
    0xfc, 0x4e, 0x6a, 0xc, 0x52, 0x20, 0x1f, 0xd2,
    0x30, 0x0,

    /* U+0417 "З" */
    0x4, 0xad, 0xfe, 0xa3, 0x0, 0xa9, 0xd2, 0x1d,
    0x31, 0x0, 0x19, 0xb2, 0xf3, 0xe3, 0x0, 0x2,
    0x0, 0xc2, 0x40, 0x1c, 0x22, 0x27, 0x3a, 0x0,
    0x9b, 0xb9, 0xb0, 0xcc, 0x0, 0x9e, 0xed, 0x4e,
    0xd2, 0x1, 0xa, 0x21, 0x62, 0xc, 0x40, 0x1f,
    0x10, 0x30, 0xb0, 0x7, 0x48, 0x32, 0xce, 0xcb,
    0xcf, 0x1b, 0x92, 0x62, 0x22, 0x1d, 0x6a, 0x0,

    /* U+0418 "И" */
    0x4f, 0x50, 0xe, 0x6f, 0x60, 0xf, 0x8a, 0x40,
    0x3f, 0xb8, 0x3, 0xfa, 0xe, 0x0, 0x3e, 0x47,
    0x65, 0x0, 0xf0, 0xd1, 0x48, 0x7, 0xd4, 0x3c,
    0x1, 0xf3, 0x24, 0x18, 0x7, 0x8a, 0x51, 0xc0,
    0x3e, 0x81, 0xa0, 0xf, 0xea, 0x10, 0xf, 0xcc,
    0x80, 0x1f, 0x0,

    /* U+0419 "Й" */
    0x0, 0xf, 0x98, 0x17, 0x90, 0x6, 0x1a, 0xee,
    0x7c, 0x90, 0x7, 0x2e, 0xf6, 0xb0, 0x4, 0x9e,
    0xa0, 0x1c, 0xde, 0xc0, 0x1f, 0x14, 0x80, 0x7f,
    0x70, 0x7, 0xf4, 0x1c, 0x0, 0x7c, 0x8e, 0xca,
    0x1, 0xe1, 0xa2, 0x90, 0xf, 0xa8, 0x78, 0x3,
    0xe6, 0x48, 0x30, 0xf, 0x14, 0xa3, 0x80, 0x7d,
    0x3, 0x40, 0x1f, 0xd4, 0x20, 0x1f, 0x99, 0x0,
    0x3e,

    /* U+041A "К" */
    0x4f, 0x50, 0xc, 0x7f, 0x0, 0x1f, 0xb8, 0xe0,
    0x3, 0xe9, 0x2e, 0x0, 0xf9, 0x5a, 0x88, 0x3,
    0x19, 0x1d, 0xb2, 0x80, 0x74, 0xee, 0xc, 0x0,
    0x79, 0xea, 0x42, 0x0, 0x3d, 0xaa, 0xcd, 0x18,
    0x7, 0xe8, 0x1e, 0x0, 0xfc, 0x36, 0x50, 0x1,
    0xf9, 0x54, 0xe4, 0x1, 0xfa, 0xc3, 0x80,

    /* U+041B "Л" */
    0x0, 0xbf, 0xfe, 0xe0, 0xc, 0xb1, 0x18, 0x80,
    0x21, 0xf, 0x77, 0xe0, 0xe, 0x10, 0xf, 0xc6,
    0x1, 0xfe, 0x10, 0x70, 0xf, 0xce, 0x2, 0x1,
    0xf8, 0x40, 0xc0, 0x3f, 0x68, 0x88, 0x3, 0xf2,
    0xa8, 0x3, 0xe5, 0xa2, 0xe0, 0xf, 0xa5, 0x5d,
    0x40, 0x3e,

    /* U+041C "М" */
    0x4f, 0x50, 0xf, 0xdd, 0x40, 0x8, 0x0, 0xf9,
    0xc4, 0x2, 0x27, 0x0, 0xe1, 0x80, 0xc, 0x52,
    0x20, 0x1a, 0x4, 0x40, 0x15, 0x8c, 0x80, 0x44,
    0xd0, 0x1, 0x8a, 0x1c, 0x80, 0x10, 0x4c, 0x1,
    0xce, 0x30, 0x6, 0xb2, 0x1, 0xf4, 0x29, 0xf9,
    0xa0, 0x7, 0xcc, 0x7a, 0x7e, 0x1, 0xfd, 0x2,
    0xa6, 0x1, 0xfc, 0x91, 0x60, 0x1f, 0xf3, 0x88,
    0x7, 0x0,

    /* U+041D "Н" */
    0x4f, 0x50, 0xe, 0x3f, 0x60, 0xf, 0xfe, 0xb9,
    0x91, 0x73, 0x0, 0x69, 0xdd, 0xea, 0x0, 0xcf,
    0x55, 0xd0, 0x1, 0xb5, 0x57, 0x90, 0x3, 0xff,
    0xc4,

    /* U+041E "О" */
    0x0, 0x86, 0x37, 0xfa, 0xd4, 0x3, 0x93, 0xdd,
    0x9d, 0xcd, 0x56, 0x1, 0x15, 0x9e, 0xdc, 0x4e,
    0xc2, 0x50, 0x2, 0x3, 0xc8, 0x3, 0x3b, 0x29,
    0x2, 0xa8, 0x80, 0x3d, 0x61, 0x44, 0x1a, 0x1,
    0xf1, 0x9, 0x0, 0x7f, 0xc2, 0x4, 0x1a, 0x1,
    0xf1, 0x1, 0x2, 0xa8, 0x80, 0x3d, 0x61, 0x41,
    0x1, 0xe4, 0x1, 0x9d, 0x94, 0x80, 0xac, 0xf6,
    0xe2, 0x76, 0x12, 0x80, 0x24, 0xf7, 0x67, 0x73,
    0x55, 0x80, 0x0,

    /* U+041F "П" */
    0x4f, 0xff, 0xe6, 0x0, 0x2c, 0x47, 0x38, 0x6,
    0xf7, 0x7e, 0xa0, 0xf, 0xff, 0xf8, 0x7, 0xff,
    0x38,

    /* U+0420 "Р" */
    0x4f, 0xfe, 0xd8, 0x0, 0xcb, 0x10, 0x76, 0x7d,
    0x0, 0xbd, 0xdd, 0x17, 0x24, 0xe0, 0x1f, 0x30,
    0xe0, 0x7, 0xff, 0x14, 0x84, 0x80, 0x6, 0x44,
    0x36, 0xc0, 0xb0, 0x4, 0xee, 0xb2, 0x4f, 0x8,
    0x0, 0xf5, 0x4b, 0xdd, 0x18, 0x5, 0xaa, 0xa4,
    0x20, 0xf, 0xfe, 0x58,

    /* U+0421 "С" */
    0x0, 0x86, 0x37, 0xfa, 0xd4, 0x3, 0x27, 0xbb,
    0x3b, 0x9a, 0xa8, 0x0, 0x2b, 0x3d, 0xb8, 0x9d,
    0x8c, 0x0, 0x40, 0x79, 0x0, 0x67, 0x60, 0x2,
    0xa1, 0x0, 0x7e, 0x10, 0xc0, 0xf, 0xfe, 0x48,
    0x86, 0x0, 0x7f, 0x95, 0x8, 0x3, 0xfa, 0x3,
    0xc8, 0x3, 0x3b, 0x0, 0xa, 0xcf, 0x6e, 0x27,
    0x63, 0x0, 0x24, 0xf7, 0x67, 0x73, 0x55, 0x0,

    /* U+0422 "Т" */
    0xcf, 0xff, 0xcf, 0x31, 0x10, 0x1c, 0x44, 0x8a,
    0xef, 0x2, 0xbb, 0xc6, 0x1, 0xff, 0xff, 0x0,
    0xff, 0xe1, 0x80,

    /* U+0423 "У" */
    0x8f, 0x30, 0xf, 0x75, 0x40, 0xc0, 0x7, 0x30,
    0xc0, 0x4a, 0x10, 0x6, 0x86, 0x20, 0x71, 0x80,
    0x9, 0x86, 0xc0, 0x29, 0x52, 0x0, 0x43, 0x10,
    0x4, 0xe3, 0x0, 0xc3, 0x0, 0x1d, 0x2a, 0x50,
    0xc2, 0x1, 0xce, 0x38, 0x30, 0x1, 0xf4, 0x8b,
    0x88, 0x7, 0xdc, 0x12, 0x1, 0xc9, 0x16, 0xd2,
    0x20, 0x1c, 0x6e, 0xb2, 0xc0, 0x1c,

    /* U+0424 "Ф" */
    0x0, 0xf1, 0xd0, 0x80, 0x7f, 0xf0, 0x19, 0x48,
    0x3, 0xf9, 0xf7, 0xe8, 0x33, 0xf1, 0x80, 0x31,
    0x74, 0x24, 0xb8, 0x4c, 0x9e, 0x70, 0x2, 0xe0,
    0xd9, 0x6d, 0x4, 0x6b, 0xb1, 0xc8, 0x11, 0xc9,
    0x0, 0x7c, 0x8a, 0xc0, 0xc0, 0x60, 0x1f, 0xda,
    0x2, 0xc0, 0x40, 0x1f, 0xdc, 0x2, 0x44, 0xb0,
    0xf, 0xc4, 0xca, 0x0, 0x92, 0xe6, 0x33, 0x0,
    0x93, 0xe0, 0xc0, 0x1, 0x35, 0x67, 0x24, 0x33,
    0x61, 0xfc, 0x80, 0x22, 0xbf, 0xd8, 0xa, 0xdf,
    0x91, 0x0, 0xf8, 0x88, 0xe, 0x40, 0x1c,

    /* U+0425 "Х" */
    0x2f, 0xb0, 0xc, 0x5f, 0x80, 0x50, 0x8c, 0x1,
    0x70, 0x70, 0x1, 0xce, 0x44, 0x18, 0xe0, 0x80,
    0x2e, 0xa, 0x29, 0x37, 0x0, 0xc4, 0xe9, 0x81,
    0xc0, 0x1e, 0x82, 0x17, 0x20, 0xf, 0x11, 0x1,
    0x0, 0x3e, 0x90, 0x63, 0x70, 0xe, 0x64, 0x89,
    0x38, 0x20, 0x8, 0xa4, 0xdc, 0x38, 0x38, 0x2,
    0x90, 0xe0, 0x1, 0x41, 0xb0, 0x32, 0x41, 0x0,
    0x4e, 0x72, 0x40,

    /* U+0426 "Ц" */
    0x4f, 0x50, 0xe, 0x7f, 0x20, 0xf, 0xff, 0xf8,
    0x7, 0xff, 0x63, 0xdd, 0xfb, 0x2, 0x98, 0x0,
    0xb1, 0x1c, 0x80, 0xf0, 0x9f, 0xff, 0xcc, 0x1,
    0xff, 0xcb, 0xd9,

    /* U+0427 "Ч" */
    0x2f, 0x70, 0xe, 0x8f, 0x0, 0xff, 0xeb, 0x18,
    0x78, 0x7, 0xe1, 0x5, 0x0, 0xfe, 0x72, 0xb4,
    0x24, 0x96, 0x0, 0xa1, 0x92, 0xf6, 0xdc, 0xc0,
    0x34, 0xf5, 0xdb, 0x79, 0x40, 0x38, 0x51, 0x4,
    0x1, 0xff, 0xce,

    /* U+0428 "Ш" */
    0x4f, 0x50, 0xd, 0xf0, 0x1, 0xb3, 0x0, 0x1f,
    0xff, 0xf0, 0xf, 0xff, 0x97, 0xbb, 0xe0, 0x47,
    0x7c, 0x40, 0x12, 0xc4, 0x60, 0x38, 0x8c, 0x20,

    /* U+0429 "Щ" */
    0x4f, 0x50, 0xd, 0xf0, 0x1, 0xb3, 0x0, 0x1f,
    0xff, 0xf0, 0xf, 0xff, 0xf8, 0x7, 0xde, 0xef,
    0x81, 0x1d, 0xf1, 0x99, 0xcc, 0x0, 0xb1, 0x18,
    0xe, 0x23, 0x0, 0x21, 0x11, 0xff, 0xff, 0xc2,
    0x0, 0xff, 0xeb, 0x3a, 0x0,

    /* U+042A "Ъ" */
    0xcf, 0xfc, 0x40, 0x1f, 0x4c, 0x41, 0x40, 0x3f,
    0x95, 0xdd, 0x80, 0x1f, 0xfc, 0x21, 0x18, 0x3,
    0xfd, 0x9d, 0xcf, 0xea, 0x10, 0xf, 0x4d, 0xdc,
    0xcb, 0xe2, 0x1, 0xc8, 0x9a, 0x28, 0x5c, 0x3,
    0xfc, 0xa1, 0xe0, 0x1f, 0xe1, 0x1, 0x0, 0xff,
    0x38, 0x68, 0x7, 0x2a, 0xcd, 0x32, 0x35, 0x0,
    0xe8, 0xaa, 0x4a, 0x3e, 0x0,

    /* U+042B "Ы" */
    0x4f, 0x50, 0xf, 0xcf, 0xe4, 0x1, 0xff, 0xd3,
    0x11, 0x0, 0x7f, 0xd5, 0xdc, 0xff, 0x59, 0x80,
    0x7d, 0x17, 0x74, 0x2e, 0x10, 0x7, 0x89, 0x12,
    0x7c, 0xb, 0x0, 0xff, 0x88, 0x54, 0x3, 0xff,
    0x82, 0xe0, 0x1f, 0xf2, 0x9, 0x80, 0x7b, 0x55,
    0x68, 0xb1, 0x90, 0xf, 0x3d, 0x54, 0xcc, 0xf1,
    0x0, 0xc0,

    /* U+042C "Ь" */
    0x4f, 0x50, 0xf, 0xfe, 0x90, 0x88, 0x3, 0xea,
    0xee, 0x7f, 0xac, 0xc0, 0x28, 0xbb, 0xa1, 0x70,
    0x80, 0x4, 0x89, 0x3e, 0x5, 0x80, 0x7c, 0x42,
    0xa0, 0x1f, 0xce, 0x1, 0xf2, 0x9, 0x80, 0x35,
    0x56, 0x8b, 0x19, 0x0, 0x3d, 0x54, 0xcc, 0xf1,

    /* U+042D "Э" */
    0x1, 0x8d, 0xfe, 0xb4, 0x0, 0x8f, 0x9d, 0xf2,
    0xdc, 0x80, 0xd, 0xba, 0xa2, 0x79, 0x9a, 0x0,
    0x48, 0x80, 0x69, 0x48, 0x0, 0xe1, 0x1d, 0xa2,
    0x80, 0x14, 0xf7, 0x69, 0x2, 0x0, 0xae, 0xfa,
    0x0, 0x38, 0x91, 0x30, 0x0, 0x80, 0x3f, 0x48,
    0xa0, 0xe1, 0x0, 0x6b, 0x18, 0x2, 0x26, 0xdc,
    0x4f, 0x23, 0x30, 0xf, 0xdd, 0x9d, 0xcb, 0x72,
    0x0,

    /* U+042E "Ю" */
    0x4f, 0x50, 0xc, 0xd9, 0xfe, 0xc6, 0x0, 0xfe,
    0xc9, 0x78, 0x83, 0xcd, 0x80, 0x7d, 0x47, 0x56,
    0xee, 0xbb, 0x25, 0x0, 0x71, 0xab, 0x28, 0x6,
    0x47, 0x52, 0x0, 0xc8, 0x16, 0x1, 0xe9, 0xa,
    0x0, 0x57, 0xc0, 0x10, 0x7, 0x84, 0x44, 0x0,
    0x57, 0x30, 0xf, 0xe1, 0x0, 0xbe, 0x28, 0xc,
    0x3, 0xc4, 0x4, 0x1, 0x9c, 0x24, 0x3, 0xd6,
    0x16, 0x1, 0x85, 0x95, 0xc0, 0x33, 0xb2, 0x98,
    0x7, 0x4a, 0x46, 0xcc, 0xb6, 0xe, 0x80, 0x3e,
    0xba, 0x16, 0x60, 0xce, 0x0, 0x0,

    /* U+042F "Я" */
    0x0, 0x15, 0x77, 0xff, 0x1, 0xea, 0xbc, 0x44,
    0x60, 0xf, 0xd, 0x97, 0x79, 0x40, 0x6, 0xa4,
    0x1, 0xf8, 0xc0, 0x3f, 0xa, 0x0, 0x7e, 0x92,
    0xa3, 0x11, 0x8c, 0x0, 0xf0, 0xb9, 0xdd, 0x28,
    0x4, 0xe4, 0x97, 0x72, 0x0, 0x50, 0x52, 0x89,
    0x10, 0x0, 0x9d, 0xc4, 0x1, 0xee, 0x18, 0x0,
    0xf0,

    /* U+0430 "а" */
    0x2, 0xae, 0xfd, 0x80, 0xb, 0x9d, 0xa1, 0x9e,
    0x40, 0x1d, 0xb0, 0xf6, 0xac, 0x0, 0x20, 0xd,
    0x80, 0x20, 0x77, 0xdf, 0xe9, 0x3, 0xd, 0x7a,
    0xdd, 0x40, 0x0, 0x86, 0x50, 0x89, 0xe0, 0x2,
    0x19, 0x32, 0x77, 0x0, 0x5a, 0xf9, 0xb9, 0x0,
    0x0,

    /* U+0431 "б" */
    0x0, 0xfc, 0x82, 0x1, 0x92, 0x33, 0xed, 0x0,
    0x3, 0x96, 0xcf, 0x18, 0xa0, 0xc, 0x2a, 0xeb,
    0x73, 0x0, 0x31, 0x6a, 0x80, 0x7b, 0x51, 0xf3,
    0xfa, 0x44, 0x0, 0xaf, 0x6d, 0x8, 0xd8, 0x0,
    0x13, 0x9a, 0x7a, 0xa1, 0x38, 0x0, 0x58, 0x2,
    0x52, 0xb0, 0x12, 0x0, 0xe6, 0x10, 0x52, 0x0,
    0xe6, 0x10, 0xe1, 0x50, 0x9, 0xa, 0xc1, 0x52,
    0xa5, 0xa2, 0xcd, 0xc0, 0x16, 0xee, 0x95, 0x7c,
    0x0,

    /* U+0432 "в" */
    0x8f, 0xfd, 0xae, 0x1, 0x66, 0x2d, 0x21, 0x80,
    0x6, 0x64, 0x90, 0xf0, 0xe, 0x50, 0xd0, 0x7,
    0xfd, 0x48, 0x80, 0x6, 0xed, 0x4b, 0x20, 0x2,
    0x29, 0x51, 0x0, 0x4, 0x49, 0x95, 0xc0, 0x17,
    0x74, 0x2d, 0x80,

    /* U+0433 "г" */
    0x8f, 0xfe, 0xb0, 0x4, 0xce, 0xf0, 0x3, 0x36,
    0x40, 0xf, 0xfe, 0xf0,

    /* U+0434 "д" */
    0x0, 0x67, 0xff, 0x68, 0x6, 0x13, 0x99, 0x88,
    0x3, 0xc8, 0xcd, 0x80, 0x38, 0xfc, 0x3, 0xf8,
    0x44, 0x1, 0xf8, 0x80, 0x80, 0x3f, 0x38, 0x28,
    0x7, 0xcd, 0x4, 0xec, 0xd8, 0xd8, 0x20, 0x89,
    0x33, 0x88, 0x64, 0x41, 0xbf, 0xfd, 0x40, 0x1f,
    0xfc, 0x1e, 0x90, 0xf, 0x2f, 0x8,

    /* U+0435 "е" */
    0x0, 0x1d, 0xff, 0x51, 0x0, 0x49, 0x8d, 0x12,
    0xfa, 0x40, 0x9, 0x3d, 0x77, 0x69, 0x48, 0x11,
    0x24, 0x3, 0x52, 0x3, 0x5, 0x7f, 0xe8, 0x2,
    0x60, 0x8d, 0xdf, 0x11, 0x56, 0x45, 0x80, 0x80,
    0x1c, 0x7d, 0xf, 0x5a, 0xa0, 0x3, 0xd4, 0x68,
    0x78, 0x50,

    /* U+0436 "ж" */
    0x4f, 0x50, 0xb, 0xe0, 0x2, 0xcd, 0x4, 0x5b,
    0x0, 0xf9, 0x8e, 0x40, 0x16, 0x30, 0x1, 0xe8,
    0x54, 0x0, 0xc, 0x39, 0x88, 0x8, 0xa4, 0x6c,
    0x3, 0x38, 0x67, 0x3, 0x73, 0x28, 0x80, 0x68,
    0x9, 0xb0, 0x5b, 0x45, 0x20, 0x8, 0xdd, 0x98,
    0x80, 0x49, 0x43, 0xc0, 0x17, 0xc, 0x0, 0x70,
    0xc1, 0xb0, 0x39, 0x58, 0x80, 0x79, 0x8e, 0x44,

    /* U+0437 "з" */
    0x7, 0xce, 0xfc, 0x50, 0x4, 0xac, 0x40, 0x29,
    0x3, 0xa5, 0x9f, 0x43, 0x40, 0x39, 0xc3, 0x40,
    0x9, 0xfe, 0x96, 0x40, 0x2, 0x6e, 0x4b, 0x40,
    0x4, 0x46, 0xc4, 0xaa, 0xe9, 0x77, 0x59, 0x52,
    0xca, 0x44, 0x1e, 0x5c,

    /* U+0438 "и" */
    0x8f, 0x0, 0xc7, 0xf2, 0x1, 0xc3, 0xa0, 0x1f,
    0x50, 0x7, 0xd0, 0x94, 0x20, 0x19, 0x5e, 0x10,
    0x3, 0x1d, 0x2b, 0x80, 0x76, 0x95, 0x0, 0x7d,
    0xe0, 0x1f, 0x51, 0x0, 0x70,

    /* U+0439 "й" */
    0x0, 0x38, 0x0, 0x5c, 0x3, 0x53, 0x4, 0xd8,
    0x6, 0xea, 0xe4, 0xe0, 0xc, 0x79, 0xd8, 0x40,
    0x8, 0xf0, 0xc, 0x7f, 0x20, 0x1c, 0x3a, 0x1,
    0xf5, 0x0, 0x7d, 0x9, 0x42, 0x1, 0x95, 0xe1,
    0x0, 0x31, 0xd2, 0xb8, 0x7, 0x69, 0x50, 0x7,
    0xde, 0x1, 0xf5, 0x10, 0x7, 0x0,

    /* U+043A "к" */
    0x8f, 0x0, 0xd9, 0xa0, 0x1e, 0x73, 0xf0, 0xe,
    0x38, 0x92, 0x0, 0x84, 0x5c, 0xac, 0x1, 0xbb,
    0x85, 0x20, 0x1d, 0x74, 0x3e, 0x1, 0xc8, 0xb4,
    0x70, 0x1, 0xe4, 0x77, 0x20, 0x7, 0xa1, 0x28,
    0x80,

    /* U+043B "л" */
    0x0, 0x67, 0xff, 0x60, 0x0, 0x52, 0x66, 0x20,
    0xc, 0x6c, 0xd0, 0x80, 0x47, 0xe0, 0x1f, 0x8,
    0x80, 0x3f, 0x10, 0x7, 0x94, 0x18, 0x3, 0x92,
    0x8, 0x80, 0x1d, 0x47, 0xc0, 0x1e,

    /* U+043C "м" */
    0x8f, 0x50, 0xe, 0x7f, 0x40, 0x4, 0x0, 0x61,
    0x80, 0xc, 0x4e, 0x1, 0x40, 0x80, 0x43, 0x12,
    0x20, 0x4d, 0x0, 0x19, 0xc2, 0x42, 0x55, 0x0,
    0x3a, 0xdd, 0x92, 0x0, 0x3c, 0xa7, 0x2e, 0x40,
    0x1f, 0x78, 0xc0, 0x7, 0xe3, 0xe0, 0xe,

    /* U+043D "н" */
    0x8f, 0x0, 0xc5, 0xec, 0x1, 0xff, 0xc8, 0x11,
    0xe0, 0xd, 0xdd, 0xb0, 0x3, 0x5d, 0xe9, 0x0,
    0xc8, 0x9c, 0x1, 0xff, 0xc8,

    /* U+043E "о" */
    0x0, 0x1d, 0x77, 0xe2, 0x0, 0x47, 0x88, 0xd0,
    0x16, 0xe0, 0xe, 0x2f, 0x87, 0xc5, 0x81, 0x22,
    0x58, 0x80, 0x52, 0xe, 0xc0, 0x40, 0x18, 0xc0,
    0x58, 0x8, 0x3, 0x18, 0x9, 0x12, 0xc4, 0x2,
    0x90, 0x70, 0xe2, 0xf8, 0x7c, 0x59, 0x10, 0x3d,
    0x46, 0x80, 0xb6, 0x0,

    /* U+043F "п" */
    0x8f, 0xff, 0x94, 0x1, 0x33, 0x9c, 0x3, 0x33,
    0x6b, 0x0, 0xff, 0xf6, 0x0,

    /* U+0440 "р" */
    0x8f, 0x2b, 0xfe, 0xb3, 0x0, 0xda, 0x13, 0xd,
    0x88, 0x1, 0x2d, 0xb3, 0x34, 0xa4, 0x2, 0x80,
    0xd, 0x64, 0x40, 0x1, 0x0, 0x62, 0x1, 0x0,
    0x10, 0x6, 0x30, 0x10, 0x4, 0x0, 0x43, 0x24,
    0x40, 0x2, 0x63, 0xc7, 0x8c, 0x80, 0x58, 0xf0,
    0xeb, 0x88, 0x1, 0x15, 0xff, 0xac, 0xc0, 0x3f,
    0xf9, 0x40,

    /* U+0441 "с" */
    0x0, 0x15, 0x77, 0xe2, 0x0, 0xf, 0x51, 0xa0,
    0x2d, 0x43, 0x8b, 0xe1, 0xf2, 0x10, 0x89, 0x62,
    0x1, 0x38, 0xb0, 0x10, 0x7, 0x98, 0x8, 0x3,
    0xc4, 0x4b, 0x0, 0xcc, 0x21, 0xc5, 0xd0, 0xf9,
    0x28, 0x7, 0xa8, 0xd0, 0x16, 0xa0,

    /* U+0442 "т" */
    0xff, 0xfb, 0x66, 0x61, 0x29, 0x94, 0x33, 0x46,
    0xcd, 0x28, 0x7, 0xff, 0x90,

    /* U+0443 "у" */
    0xb, 0xd0, 0xe, 0xad, 0x0, 0x79, 0x20, 0x4,
    0x2b, 0x60, 0x4, 0x2f, 0x0, 0xa4, 0x18, 0x2,
    0xb4, 0x20, 0x3, 0x38, 0x6, 0x60, 0xb0, 0x51,
    0xa0, 0xe, 0x76, 0x9, 0x42, 0x0, 0xea, 0x9,
    0x3f, 0x0, 0xf1, 0x23, 0x12, 0x0, 0x7d, 0xe1,
    0x60, 0x1f, 0xb4, 0x58, 0x3, 0xad, 0xe1, 0xa4,
    0x3, 0xc3, 0x2c, 0xee, 0x0, 0xe0,

    /* U+0444 "ф" */
    0x0, 0xe5, 0xf3, 0x0, 0xff, 0xf1, 0x1d, 0x75,
    0x6, 0x6c, 0x90, 0x4, 0x98, 0x8e, 0xa0, 0xce,
    0xda, 0x60, 0xa, 0x2f, 0x9f, 0xa, 0xa6, 0x8f,
    0x81, 0x8d, 0x88, 0x7, 0x13, 0x18, 0xb8, 0x28,
    0x7, 0xda, 0x6, 0xe0, 0xa0, 0x1f, 0x68, 0x19,
    0x86, 0xc4, 0x3, 0x89, 0xcc, 0x42, 0x8b, 0xe7,
    0x2, 0xe7, 0x47, 0x80, 0x9, 0xa8, 0xec, 0xe,
    0x8d, 0xe4, 0x1, 0x15, 0x75, 0x6, 0x6c, 0x88,
    0x7, 0xff, 0x40,

    /* U+0445 "х" */
    0x5f, 0x50, 0xa, 0xb8, 0x55, 0xa8, 0x81, 0x96,
    0x84, 0x24, 0xb8, 0xa5, 0xd0, 0x2, 0xe3, 0xd3,
    0x80, 0xc, 0x68, 0x12, 0x1, 0xca, 0x85, 0x62,
    0x1, 0xd, 0xae, 0x5, 0x0, 0x5a, 0x14, 0x34,
    0x8c, 0xe, 0x7a, 0x0, 0x46, 0x93,

    /* U+0446 "ц" */
    0x8f, 0x0, 0xcb, 0xe6, 0x1, 0xff, 0xf3, 0x66,
    0xd8, 0x16, 0x60, 0x9, 0x9c, 0xc0, 0xf7, 0x1f,
    0xff, 0x8, 0x7, 0xff, 0x1f, 0x24,

    /* U+0447 "ч" */
    0x5f, 0x30, 0x9, 0x3d, 0x0, 0x3f, 0xf8, 0xc2,
    0xe, 0x1, 0xe5, 0x8, 0x31, 0x4e, 0x0, 0xd,
    0x16, 0x75, 0xb0, 0x4, 0xbd, 0xb9, 0xf0, 0x1,
    0xc4, 0x60, 0x1f, 0xfc, 0x10,

    /* U+0448 "ш" */
    0x8f, 0x0, 0x8f, 0xd0, 0x2, 0xf9, 0x0, 0xff,
    0xff, 0x80, 0x73, 0x35, 0x61, 0xac, 0xd0, 0x6,
    0x99, 0x9c, 0x1a, 0x66, 0x0, 0x0,

    /* U+0449 "щ" */
    0x8f, 0x0, 0x8f, 0xd0, 0x2, 0xf9, 0x0, 0xff,
    0xff, 0x80, 0x7f, 0xf0, 0x19, 0xab, 0xd, 0x66,
    0x81, 0x94, 0x1, 0x33, 0x38, 0x34, 0xcc, 0x0,
    0x88, 0x7f, 0xff, 0xcc, 0x1, 0xff, 0xc3,

    /* U+044A "ъ" */
    0xff, 0xc6, 0x1, 0xd3, 0x26, 0x0, 0xf9, 0x99,
    0x80, 0x1f, 0xf6, 0x7f, 0xb5, 0xc0, 0x3a, 0xb3,
    0xb, 0xa, 0x1, 0x98, 0xcd, 0x3, 0xe0, 0x1f,
    0xfc, 0x25, 0x34, 0xa1, 0xf0, 0xd, 0x39, 0x6f,
    0x4a,

    /* U+044B "ы" */
    0x8f, 0x0, 0xf1, 0x7b, 0x0, 0x7f, 0xf3, 0x3f,
    0xed, 0x50, 0xf, 0x66, 0x2d, 0xe8, 0xc0, 0x38,
    0xcc, 0x94, 0x16, 0x1, 0xf8, 0x40, 0x3e, 0x33,
    0x25, 0x5, 0x80, 0x76, 0x62, 0xde, 0xcc, 0x2,

    /* U+044C "ь" */
    0x8f, 0x0, 0xff, 0xe6, 0x7f, 0xda, 0xc0, 0x16,
    0x64, 0x92, 0xa0, 0x3, 0x3a, 0x47, 0xc0, 0x3c,
    0x26, 0x0, 0x33, 0x25, 0x6, 0x80, 0x33, 0x16,
    0xd4, 0x80,

    /* U+044D "э" */
    0x6, 0xcf, 0xeb, 0x40, 0x2, 0xca, 0xd4, 0x3d,
    0xb0, 0x2e, 0xca, 0xb6, 0x2c, 0x88, 0x10, 0x6,
    0x80, 0x70, 0x1, 0xff, 0xda, 0x2, 0x0, 0x3c,
    0xca, 0xc0, 0x40, 0x40, 0xce, 0xd0, 0x75, 0xe9,
    0x66, 0x5b, 0x50, 0xac, 0xac, 0xc8, 0x2d, 0x40,

    /* U+044E "ю" */
    0x8f, 0x0, 0x92, 0xff, 0xac, 0xc0, 0x3c, 0xb6,
    0xf3, 0xf, 0x88, 0x1, 0xd6, 0x78, 0xcc, 0xc3,
    0x90, 0xa, 0x24, 0x64, 0x3, 0x49, 0x10, 0x0,
    0xec, 0xc, 0x1, 0x98, 0x18, 0x1, 0xfa, 0xc,
    0x1, 0x94, 0x18, 0x2, 0x22, 0x48, 0x6, 0xb2,
    0x20, 0x6, 0xe3, 0xd7, 0x76, 0x97, 0x0, 0x71,
    0xe3, 0x44, 0x1b, 0xc, 0x0,

    /* U+044F "я" */
    0x0, 0x46, 0xff, 0xe4, 0xa, 0x74, 0x99, 0x40,
    0x4, 0xad, 0x2c, 0xd0, 0x0, 0x43, 0x80, 0x3c,
    0x25, 0x44, 0x1, 0xef, 0x1d, 0xff, 0x70, 0x4,
    0x48, 0x19, 0xb8, 0x1, 0x1b, 0xc9, 0x91, 0x0,
    0x2e, 0x46, 0x0, 0xe0,

    /* U+0450 "ѐ" */
    0x0, 0x2b, 0x88, 0x7, 0xcb, 0xde, 0x40, 0x1f,
    0x4d, 0xa0, 0x7, 0xe5, 0x60, 0xf, 0x1d, 0xff,
    0x51, 0x0, 0x49, 0x8d, 0x12, 0xfa, 0x40, 0x9,
    0x3d, 0x77, 0x69, 0x48, 0x11, 0x24, 0x3, 0x52,
    0x3, 0x5, 0x7f, 0xe8, 0x2, 0x60, 0x8d, 0xdf,
    0x11, 0x56, 0x45, 0x80, 0x80, 0x1c, 0x7d, 0xf,
    0x5a, 0xa0, 0x3, 0xd4, 0x68, 0x78, 0x50,

    /* U+0451 "ё" */
    0x0, 0x1f, 0x9, 0xf0, 0x80, 0x62, 0x71, 0x13,
    0x88, 0x6, 0x19, 0x2, 0x90, 0xe, 0x3b, 0xfe,
    0xa2, 0x0, 0x93, 0x1a, 0x25, 0xf4, 0x80, 0x12,
    0x7a, 0xee, 0xd2, 0x90, 0x22, 0x48, 0x6, 0xa4,
    0x6, 0xa, 0xff, 0xd0, 0x4, 0xc1, 0x1b, 0xbe,
    0x22, 0xac, 0x8b, 0x1, 0x0, 0x38, 0xfa, 0x1e,
    0xb5, 0x40, 0x7, 0xa8, 0xd0, 0xf0, 0xa0,

    /* U+0452 "ђ" */
    0x0, 0x47, 0x80, 0x7c, 0x5e, 0xe1, 0xff, 0x60,
    0x4, 0x5a, 0xc1, 0xbb, 0x80, 0x31, 0x8, 0x11,
    0x42, 0x1, 0xf1, 0x5f, 0xf5, 0x10, 0x7, 0x63,
    0xbc, 0xbe, 0x1, 0xcf, 0x91, 0x34, 0x4a, 0x1,
    0xac, 0x2, 0x50, 0xd0, 0xc, 0x40, 0x1f, 0xfe,
    0x88, 0xf0, 0xf, 0x78, 0x7, 0x99, 0x94, 0x8,
    0x1, 0xec, 0x94, 0x83,

    /* U+0453 "ѓ" */
    0x0, 0xc9, 0x4, 0x1, 0x25, 0x81, 0x0, 0xa,
    0xa6, 0x0, 0x22, 0xe6, 0x0, 0x47, 0xff, 0x58,
    0x2, 0x67, 0x78, 0x1, 0x9b, 0x20, 0x7, 0xff,
    0x78,

    /* U+0454 "є" */
    0x0, 0x15, 0x77, 0xec, 0x0, 0xf, 0x52, 0x69,
    0x5a, 0x43, 0x8b, 0x9d, 0x63, 0xe4, 0x89, 0x0,
    0x18, 0x41, 0x82, 0xbf, 0xe6, 0x0, 0x30, 0x46,
    0x64, 0xe0, 0x2, 0x25, 0x99, 0xc2, 0x20, 0x7,
    0x1e, 0xb2, 0xbf, 0xc8, 0x1e, 0xbc, 0x55, 0x1a,
    0x40,

    /* U+0455 "ѕ" */
    0x0, 0x46, 0xfe, 0xd1, 0x85, 0xba, 0xca, 0xb8,
    0x1, 0x1e, 0x1a, 0x34, 0xc0, 0x99, 0x84, 0x1,
    0xb8, 0xa7, 0x7a, 0x44, 0xf, 0x3a, 0xd9, 0x96,
    0x2, 0x2, 0x90, 0x8c, 0x3d, 0x70, 0xd2, 0x88,
    0x19, 0x77, 0x4a, 0x44, 0x0,

    /* U+0456 "і" */
    0x8e, 0x21, 0x10, 0x4f, 0x90, 0x5, 0x1e, 0x1,
    0xff, 0xcd,

    /* U+0457 "ї" */
    0x8a, 0x4e, 0xd, 0xc6, 0x70, 0x56, 0x29, 0x0,
    0x47, 0x80, 0x7f, 0xf7, 0x80,

    /* U+0458 "ј" */
    0x0, 0xfe, 0x9f, 0x20, 0x8, 0x44, 0x1, 0xa3,
    0x88, 0x3, 0xfa, 0x3c, 0x3, 0xff, 0xd6, 0x50,
    0xcc, 0x40, 0x66, 0x4a, 0xc8, 0x0,

    /* U+0459 "љ" */
    0x0, 0x67, 0xff, 0x80, 0x3f, 0xa, 0x4c, 0xc0,
    0x1f, 0xf1, 0xb3, 0x40, 0x1f, 0xe3, 0xf0, 0xe,
    0xff, 0xb1, 0x0, 0x21, 0x10, 0x7, 0x66, 0x2c,
    0x2c, 0x80, 0x22, 0x0, 0xe3, 0x32, 0x70, 0x20,
    0x28, 0x30, 0x7, 0xe6, 0x3, 0x48, 0x22, 0x0,
    0x72, 0xa9, 0xa4, 0x52, 0x8f, 0x80, 0x3d, 0x54,
    0x86, 0xd1,

    /* U+045A "њ" */
    0x8f, 0x0, 0xc9, 0xe6, 0x1, 0xff, 0xd7, 0x21,
    0x1c, 0xc, 0x22, 0x0, 0xed, 0xee, 0xa8, 0x2b,
    0xb9, 0xf6, 0x20, 0xa, 0xbb, 0x9c, 0x22, 0xe9,
    0xd2, 0x0, 0xa, 0x89, 0x60, 0x22, 0x16, 0xd,
    0x40, 0x3f, 0x29, 0x99, 0xce, 0xc0, 0x3f, 0x4e,
    0x62, 0xa1, 0xc0,

    /* U+045B "ћ" */
    0x0, 0x1b, 0x80, 0x7f, 0x5c, 0x0, 0x7d, 0x1e,
    0xe1, 0xff, 0x68, 0x5, 0x1e, 0xe1, 0xff, 0x68,
    0x7, 0xc7, 0x7f, 0xd4, 0x20, 0x1d, 0x8e, 0xf2,
    0xe0, 0x7, 0x36, 0x44, 0xc8, 0x94, 0x3, 0x58,
    0x4, 0xc0, 0x40, 0x18, 0x80, 0x3b, 0xc0, 0x3f,
    0xfc, 0x0,

    /* U+045C "ќ" */
    0x0, 0xc5, 0x8, 0x1, 0xc3, 0xe6, 0x80, 0x1d,
    0xaf, 0x60, 0x1e, 0xca, 0x0, 0xd1, 0xe0, 0x1b,
    0x34, 0x3, 0xce, 0x7e, 0x1, 0xc7, 0x12, 0x40,
    0x10, 0x8b, 0x95, 0x80, 0x37, 0x70, 0xa4, 0x3,
    0xae, 0x87, 0xc0, 0x39, 0x16, 0x8e, 0x0, 0x3c,
    0x8e, 0xe4, 0x0, 0xf4, 0x25, 0x10,

    /* U+045D "ѝ" */
    0x1, 0x75, 0x0, 0xf0, 0x8a, 0x94, 0x3, 0xcd,
    0x54, 0x30, 0xf, 0x2f, 0x98, 0x5, 0x1e, 0x1,
    0x8f, 0xe4, 0x3, 0x87, 0x40, 0x3e, 0xa0, 0xf,
    0xa1, 0x28, 0x40, 0x32, 0xbc, 0x20, 0x6, 0x3a,
    0x57, 0x0, 0xed, 0x2a, 0x0, 0xfb, 0xc0, 0x3e,
    0xa2, 0x0, 0xe0,

    /* U+045E "ў" */
    0x0, 0xf, 0x80, 0x13, 0x0, 0x38, 0x49, 0x83,
    0xd0, 0x3, 0xdd, 0x5c, 0x30, 0x1, 0xe3, 0xce,
    0xa0, 0xe, 0xbd, 0x0, 0xea, 0xd0, 0x7, 0x92,
    0x0, 0x42, 0xb6, 0x0, 0x42, 0xf0, 0xa, 0x41,
    0x80, 0x2b, 0x42, 0x0, 0x33, 0x80, 0x66, 0xb,
    0x5, 0x1a, 0x0, 0xe7, 0x60, 0x94, 0x20, 0xe,
    0xa0, 0x93, 0xf0, 0xf, 0x12, 0x31, 0x20, 0x7,
    0xde, 0x16, 0x1, 0xfb, 0x45, 0x80, 0x3a, 0xde,
    0x1a, 0x40, 0x3c, 0x32, 0xce, 0xe0, 0xe,

    /* U+045F "џ" */
    0x8f, 0x0, 0xd7, 0xa0, 0x1f, 0xfe, 0x66, 0x6e,
    0x0, 0xa6, 0x71, 0x4, 0x7f, 0x9c, 0x7f, 0xda,
    0x1, 0xf8,

    /* U+0462 "Ѣ" */
    0x0, 0x95, 0x80, 0x3f, 0xee, 0xb0, 0xf, 0xd7,
    0xfe, 0x42, 0xff, 0x90, 0x3, 0x4e, 0x60, 0xc7,
    0x32, 0x40, 0xc, 0x46, 0x67, 0x32, 0x28, 0x3,
    0xf8, 0xbb, 0xaf, 0xe8, 0x0, 0xf0, 0xdd, 0xd4,
    0x8f, 0x60, 0x1c, 0x68, 0x92, 0xd2, 0xa1, 0x0,
    0x7f, 0xbc, 0x1c, 0x3, 0xff, 0x80, 0x20, 0x1f,
    0xee, 0x5, 0x0, 0xc6, 0xab, 0x35, 0xa3, 0x88,
    0x6, 0x1a, 0xaa, 0x5e, 0x60, 0x0,

    /* U+0463 "ѣ" */
    0x0, 0x3a, 0x80, 0x7e, 0x9f, 0x0, 0xff, 0xe7,
    0x7f, 0x85, 0x7f, 0xd8, 0x1, 0x6e, 0x85, 0x37,
    0x5c, 0x1, 0x11, 0x0, 0x48, 0xa0, 0xf, 0x2f,
    0xfb, 0xac, 0x80, 0x32, 0x66, 0x2d, 0xb0, 0x3,
    0x9, 0x99, 0x64, 0x50, 0x3, 0xe1, 0x7, 0x0,
    0x84, 0xcc, 0xb6, 0x46, 0x1, 0x26, 0x62, 0xd3,
    0xc0,

    /* U+046A "Ѫ" */
    0x6, 0xff, 0xff, 0x60, 0x4, 0x82, 0x77, 0x7e,
    0x70, 0xa0, 0x8, 0xa8, 0xf1, 0x13, 0x33, 0xab,
    0x0, 0x64, 0x87, 0x60, 0x0, 0xe1, 0xd0, 0x7,
    0x9d, 0x65, 0x47, 0x3, 0x40, 0x3f, 0x51, 0xd6,
    0x15, 0x8, 0x7, 0xcd, 0xa6, 0x4, 0x15, 0x22,
    0x1, 0xcf, 0x2f, 0x6a, 0x19, 0x2f, 0x80, 0x18,
    0xa1, 0xa9, 0x8, 0xd, 0xf4, 0xa0, 0x2, 0xb0,
    0x80, 0xf, 0x1b, 0x38, 0x80, 0xb3, 0x4, 0x3,
    0xeb, 0x6, 0x9, 0xb, 0x0, 0xfc, 0x49, 0x20,

    /* U+046B "ѫ" */
    0xc, 0xff, 0xfc, 0x1, 0x48, 0x56, 0xed, 0x82,
    0xe0, 0x12, 0xcd, 0x9, 0x1f, 0x3c, 0x0, 0x66,
    0x8d, 0x3c, 0x49, 0x0, 0xe5, 0xa1, 0xc2, 0x78,
    0x0, 0xc9, 0x4b, 0x81, 0x36, 0xf0, 0x1, 0x42,
    0x41, 0x1, 0x2c, 0x38, 0x81, 0x1f, 0x80, 0x73,
    0x3, 0x85, 0x8a, 0x0, 0x70, 0xad, 0x80,

    /* U+0472 "Ѳ" */
    0x0, 0x86, 0x37, 0xfa, 0xd4, 0x3, 0x93, 0xdd,
    0x9d, 0xcd, 0x56, 0x1, 0x15, 0x9e, 0xdc, 0x4e,
    0xc2, 0x50, 0x2, 0x3, 0xc8, 0x3, 0x3b, 0x29,
    0x2, 0xa1, 0x88, 0xfa, 0x82, 0x88, 0x13, 0xbb,
    0xec, 0x7, 0x0, 0x25, 0xdf, 0xe0, 0x42, 0x1,
    0x44, 0xf9, 0x80, 0xc1, 0x54, 0x40, 0x1e, 0xb0,
    0xa0, 0x80, 0xf2, 0x0, 0xce, 0xca, 0x40, 0x56,
    0x7b, 0x71, 0x3b, 0x9, 0x40, 0x12, 0x7b, 0xb3,
    0xb9, 0xaa, 0xc0, 0x0,

    /* U+0473 "ѳ" */
    0x0, 0x15, 0x77, 0xe3, 0x0, 0x47, 0xaf, 0x14,
    0xb3, 0x20, 0x7, 0x1e, 0xb2, 0xcc, 0x98, 0xc8,
    0x92, 0x1, 0x98, 0x29, 0x82, 0xbf, 0xf8, 0xd,
    0x82, 0x37, 0x78, 0xc, 0x89, 0x64, 0x59, 0xc2,
    0x83, 0x8f, 0x19, 0x66, 0x98, 0xc0, 0xf5, 0xa2,
    0x96, 0x64, 0x0,

    /* U+0474 "Ѵ" */
    0x0, 0xff, 0xe0, 0x4f, 0x90, 0x7, 0xa7, 0xfa,
    0x82, 0x80, 0x39, 0xd9, 0x24, 0xc9, 0x80, 0x3a,
    0x52, 0xdc, 0x28, 0x54, 0x2, 0x41, 0xf0, 0x9,
    0x83, 0x80, 0x2e, 0x14, 0x0, 0x85, 0x50, 0x40,
    0xa, 0xe0, 0x1d, 0xc0, 0xc0, 0xa1, 0xa0, 0x1c,
    0x83, 0x41, 0xe2, 0x80, 0x1e, 0x62, 0x45, 0x70,
    0xf, 0xa8, 0x28, 0x28, 0x3, 0xe2, 0x31, 0x11,
    0x80, 0x7e, 0x90, 0x70, 0xe,

    /* U+0475 "ѵ" */
    0xbf, 0x0, 0xea, 0xf6, 0xf0, 0x60, 0x9, 0x94,
    0xd5, 0x6, 0x80, 0x2b, 0x3c, 0x30, 0x93, 0x20,
    0x32, 0xa0, 0x9, 0x82, 0xc2, 0xc1, 0x80, 0x21,
    0x56, 0x6, 0x50, 0xe, 0x90, 0xa1, 0xe0, 0xe,
    0x32, 0x51, 0x40, 0xf, 0x58, 0x30, 0x6,

    /* U+048A "Ҋ" */
    0x0, 0xf, 0x98, 0x17, 0x90, 0x7, 0x86, 0xbb,
    0x9f, 0x24, 0x1, 0xf2, 0xef, 0x6b, 0x0, 0x72,
    0x7a, 0x80, 0x73, 0x7b, 0x0, 0x7f, 0x14, 0x80,
    0x7f, 0xdc, 0x1, 0xff, 0x39, 0xb8, 0x7, 0xf1,
    0x42, 0xd0, 0x7, 0xf7, 0xd, 0x80, 0x7f, 0x41,
    0xe8, 0x80, 0x7e, 0x37, 0x83, 0x0, 0xfe, 0xe3,
    0x70, 0xf, 0xe8, 0x3d, 0x0, 0xff, 0x15, 0x8,
    0x7, 0x8, 0x6, 0x64, 0x0, 0xf4, 0x70, 0x27,
    0xc8, 0x7, 0x17, 0x93, 0x80, 0x7f, 0x84, 0xb0,
    0x3, 0xfc, 0xa0, 0x80,

    /* U+048B "ҋ" */
    0x0, 0x38, 0x4, 0xe0, 0x1d, 0x4a, 0xf, 0x60,
    0x1d, 0xf3, 0xd9, 0xc0, 0x1c, 0x59, 0xd6, 0x40,
    0x14, 0x78, 0x6, 0x3f, 0x90, 0xf, 0xe, 0x80,
    0x7e, 0xa0, 0xf, 0xd0, 0x94, 0x20, 0x1c, 0x8f,
    0x8, 0x1, 0xc5, 0x4a, 0xe0, 0x1e, 0xf3, 0xa0,
    0xf, 0x8b, 0xc0, 0x31, 0x20, 0x2, 0xc8, 0x3,
    0x27, 0xc7, 0xa0, 0x6, 0xe2, 0xc0, 0xf, 0x84,
    0x94,

    /* U+048C "Ҍ" */
    0x0, 0x32, 0x80, 0x7f, 0xaf, 0x80, 0x3f, 0x47,
    0x92, 0x7f, 0xc4, 0x1, 0xa7, 0x4, 0xf3, 0x22,
    0x0, 0xc2, 0x66, 0x2, 0x28, 0x3, 0xf1, 0xf7,
    0x5f, 0xae, 0x1, 0xc7, 0x77, 0x53, 0x44, 0x0,
    0x33, 0xa2, 0x4b, 0x66, 0xe0, 0x1f, 0xe4, 0x2,
    0x0, 0xff, 0xe4, 0xa8, 0x90, 0x4, 0xca, 0xb3,
    0x61, 0x40, 0x6, 0x2a, 0xaa, 0x42, 0x98, 0x0,

    /* U+048D "ҍ" */
    0x0, 0x7c, 0x0, 0x7a, 0xbc, 0x1f, 0xfd, 0x40,
    0x15, 0xe0, 0x36, 0x62, 0x0, 0x21, 0x30, 0x6c,
    0xca, 0xc8, 0x3, 0x36, 0x62, 0xdb, 0xc0, 0x30,
    0x99, 0x96, 0xc8, 0x80, 0x1f, 0x8, 0x7, 0x11,
    0x99, 0xa4, 0xc8, 0x2, 0x5c, 0xc4, 0x26, 0x80,

    /* U+048E "Ҏ" */
    0x4f, 0xfe, 0xd8, 0x0, 0xcb, 0x10, 0x76, 0x7d,
    0x0, 0xbd, 0xdd, 0x17, 0x24, 0xe0, 0x1f, 0x30,
    0xe0, 0x6, 0x4d, 0x0, 0xfc, 0x83, 0x24, 0x24,
    0x0, 0x32, 0x24, 0x36, 0x5, 0x80, 0x27, 0x75,
    0x60, 0x34, 0x40, 0x7, 0xaa, 0x5e, 0xac, 0x80,
    0x5a, 0xaa, 0x42, 0xb2, 0x50, 0xf, 0x87, 0x14,
    0x3, 0xf1, 0x0,

    /* U+048F "ҏ" */
    0x8f, 0x19, 0xef, 0xc4, 0x0, 0xda, 0x51, 0x23,
    0x68, 0x1, 0x35, 0xb3, 0x34, 0xe8, 0x2, 0x80,
    0xd, 0x22, 0x40, 0x2, 0x0, 0xc2, 0xc, 0x0,
    0x30, 0x4, 0xa1, 0x3, 0x0, 0x24, 0x1, 0x95,
    0x64, 0x40, 0x3, 0x63, 0x90, 0x94, 0x80, 0x5a,
    0xb3, 0x6, 0x5a, 0x1, 0xc, 0xf7, 0xe7, 0x98,
    0x7, 0xe2, 0xa0, 0xf, 0xf8,

    /* U+0490 "Ґ" */
    0x0, 0xf3, 0x78, 0x80, 0x7f, 0x27, 0xff, 0x48,
    0x6, 0x58, 0x8e, 0x10, 0x7, 0xbb, 0xf0, 0x7,
    0xff, 0xfc, 0x3, 0xe0,

    /* U+0491 "ґ" */
    0x0, 0xe8, 0x20, 0xc, 0x2e, 0xe8, 0xff, 0xb8,
    0x3, 0x4c, 0xe7, 0x0, 0x33, 0x62, 0x0, 0xff,
    0xef, 0x0,

    /* U+0492 "Ғ" */
    0x0, 0x6f, 0xff, 0xa0, 0x2, 0x28, 0x8e, 0xb0,
    0x8, 0x5d, 0xf8, 0xc0, 0x3f, 0xfa, 0x51, 0xe4,
    0x7f, 0xf9, 0xc2, 0x70, 0x89, 0x99, 0x98, 0x4,
    0xc0, 0x4c, 0xf0, 0x80, 0x7f, 0xf4, 0xc0,

    /* U+0493 "ғ" */
    0x4, 0xff, 0xf0, 0x4, 0xd3, 0x38, 0x2, 0xd6,
    0x6c, 0x1, 0xff, 0xc4, 0x4b, 0xb, 0xff, 0x68,
    0x25, 0x4, 0xee, 0xbc, 0x0, 0x20, 0x45, 0x80,
    0x3f, 0x80,

    /* U+0494 "Ҕ" */
    0x4f, 0xff, 0x98, 0x2, 0x58, 0x8e, 0x40, 0xb,
    0xdd, 0xf8, 0x80, 0x3f, 0xf9, 0x79, 0x7f, 0xee,
    0x70, 0xc, 0xc5, 0x54, 0x58, 0x90, 0xa, 0x64,
    0xaa, 0xb4, 0x62, 0x0, 0x18, 0x6, 0xf0, 0x40,
    0xf, 0x98, 0x4, 0x3, 0xe1, 0x2, 0x0, 0xfa,
    0x41, 0x11, 0xea, 0x2, 0x52, 0xae, 0x20, 0x1a,
    0xb5, 0x9e, 0x0, 0x3a, 0x2f, 0xa0, 0x0,

    /* U+0495 "ҕ" */
    0x8f, 0xfe, 0x80, 0xd, 0x33, 0xac, 0x3, 0x33,
    0x63, 0x0, 0xff, 0xe0, 0xdf, 0xfb, 0xa0, 0x3,
    0xa6, 0x91, 0xe4, 0x2, 0xb6, 0x5a, 0x56, 0x10,
    0xf, 0x78, 0x10, 0x7, 0x8c, 0x6, 0x3c, 0x3,
    0x50, 0x90, 0x4, 0xb1, 0xa7, 0x60, 0x1a, 0xdc,
    0x6d, 0x40,

    /* U+0496 "Җ" */
    0x2f, 0x90, 0xd, 0x1e, 0x1, 0x8b, 0xe4, 0xa,
    0x18, 0xc0, 0x3f, 0xb8, 0x64, 0x0, 0xe5, 0xe0,
    0x1f, 0x98, 0xe8, 0x3, 0x71, 0xb8, 0x7, 0x86,
    0x15, 0x0, 0x31, 0xb4, 0x19, 0x8, 0x11, 0x2c,
    0x6c, 0x3, 0xd6, 0x19, 0xac, 0x1b, 0xa5, 0x61,
    0x0, 0xf5, 0x84, 0xd2, 0x5, 0x50, 0xd8, 0x40,
    0x38, 0xd9, 0x59, 0x4c, 0x15, 0x5e, 0x16, 0x1,
    0xd0, 0x10, 0x1, 0xe3, 0x55, 0x18, 0x4, 0x88,
    0x72, 0x0, 0xfa, 0x3, 0xc0, 0x29, 0x19, 0x0,
    0xfc, 0x4e, 0x78, 0xcc, 0x29, 0x10, 0xf, 0xe9,
    0x3, 0x86, 0xf7, 0x0, 0xd1, 0xe0, 0x18, 0x7d,
    0x4c, 0x3, 0xff, 0xa9, 0xf6,

    /* U+0497 "җ" */
    0x4f, 0x50, 0xb, 0xe0, 0x2, 0xcd, 0x0, 0x22,
    0xd8, 0x7, 0xcc, 0x72, 0x1, 0x58, 0xc0, 0x7,
    0xa1, 0x50, 0x2, 0x18, 0x73, 0x10, 0x11, 0x48,
    0xd8, 0x7, 0x38, 0x67, 0x3, 0x73, 0x28, 0x80,
    0x74, 0x4, 0xd8, 0x2d, 0xa2, 0x90, 0x6, 0x37,
    0x66, 0x20, 0x12, 0x50, 0xf0, 0x6, 0xe1, 0x80,
    0xe, 0x18, 0x3c, 0x60, 0x72, 0xb1, 0x0, 0xf3,
    0x1, 0xc8, 0x3f, 0xa8, 0x5, 0xf0, 0x1, 0x7c,
    0x80, 0x7f, 0xf1, 0x40,

    /* U+0498 "Ҙ" */
    0x4, 0xad, 0xfe, 0xa3, 0x0, 0xa9, 0xd2, 0x1d,
    0x31, 0x0, 0x19, 0xb2, 0xf3, 0xe3, 0x0, 0x2,
    0x0, 0xc2, 0x40, 0x1c, 0x22, 0x27, 0x3a, 0x0,
    0x9b, 0xb9, 0xb0, 0xcc, 0x0, 0x9e, 0xed, 0x4e,
    0xd2, 0x1, 0xa, 0x21, 0x62, 0xc, 0x40, 0x1f,
    0x10, 0x30, 0xb0, 0x7, 0x48, 0x32, 0xce, 0xcb,
    0xcf, 0x1b, 0x92, 0x62, 0x22, 0x19, 0x6a, 0x0,
    0x7, 0x3a, 0x2d, 0x6a, 0x1, 0xff, 0xc4, 0x9d,
    0x0, 0xc0,

    /* U+0499 "ҙ" */
    0x7, 0xce, 0xfc, 0x50, 0x4, 0xac, 0x40, 0x29,
    0x3, 0xa5, 0x9f, 0x43, 0x40, 0x39, 0xc3, 0x40,
    0x9, 0xfe, 0x96, 0x40, 0x2, 0x6e, 0x4b, 0x38,
    0x4, 0x46, 0xc7, 0x69, 0x6c, 0x66, 0x83, 0x56,
    0x9, 0xcc, 0x3b, 0x49, 0x5f, 0xa1, 0xfc, 0x80,
    0x7f, 0x0,

    /* U+049A "Қ" */
    0x4f, 0x50, 0xc, 0x7f, 0x0, 0x1f, 0xb8, 0xe0,
    0x3, 0xe9, 0x2e, 0x0, 0xf9, 0x5a, 0x88, 0x3,
    0x19, 0x1d, 0xb2, 0x80, 0x74, 0xee, 0xc, 0x0,
    0x79, 0xea, 0x42, 0x0, 0x3d, 0xaa, 0xcd, 0x18,
    0x7, 0xe8, 0x1e, 0x0, 0xfc, 0x36, 0x50, 0x1,
    0xf9, 0x54, 0xf4, 0xc0, 0x1f, 0x58, 0x2d, 0xa7,
    0xa8, 0x6, 0x1f, 0x50, 0xf, 0xfe, 0x4f, 0xd8,

    /* U+049B "қ" */
    0x8f, 0x0, 0xd9, 0xa0, 0x1f, 0x39, 0xf8, 0x7,
    0x8e, 0x24, 0x80, 0x30, 0x8b, 0x95, 0x80, 0x3b,
    0xb8, 0x52, 0x1, 0xeb, 0xa1, 0xf0, 0xf, 0x22,
    0xd1, 0xc0, 0x7, 0xc8, 0xee, 0xa6, 0x0, 0xf4,
    0x2, 0xc8, 0xc7, 0x80, 0x6f, 0xb0, 0xf, 0xfe,
    0x0,

    /* U+049C "Ҝ" */
    0x4f, 0x50, 0xe, 0xcd, 0x0, 0xfc, 0xc7, 0x20,
    0x1f, 0xc, 0xb2, 0x0, 0x69, 0xa0, 0xa1, 0x90,
    0xc, 0x60, 0x6, 0x4a, 0x0, 0xe9, 0x65, 0x92,
    0x40, 0xe, 0x74, 0x43, 0x12, 0x0, 0x76, 0x90,
    0xc8, 0xc8, 0x7, 0xf5, 0x93, 0x80, 0x74, 0x40,
    0x14, 0xe0, 0x40, 0x30, 0x90, 0x3, 0xc2, 0xc0,
    0x3f, 0x1b, 0x2a, 0x0,

    /* U+049D "ҝ" */
    0x8f, 0x0, 0xd1, 0xe2, 0x1, 0xc4, 0xf0, 0x20,
    0x2, 0xa0, 0x93, 0x70, 0x9, 0x91, 0x93, 0xc0,
    0x35, 0x8c, 0x99, 0x80, 0x34, 0x8b, 0x9a, 0x0,
    0x65, 0x8, 0x3a, 0x10, 0x8, 0xf8, 0x38, 0x6c,
    0x3, 0xc5, 0xa, 0x80,

    /* U+049E "Ҟ" */
    0x0, 0x75, 0x0, 0x76, 0x68, 0x7, 0xf4, 0x1f,
    0x3, 0xf8, 0xaf, 0xf9, 0x91, 0xe4, 0xc1, 0xb0,
    0x53, 0x30, 0x94, 0x8c, 0x0, 0x13, 0x0, 0x8,
    0xa4, 0x28, 0x3, 0xc9, 0xba, 0x48, 0x10, 0xf,
    0x1d, 0x50, 0xa0, 0x3, 0xe6, 0x55, 0x48, 0xc8,
    0x7, 0xf2, 0x33, 0xc, 0x3, 0xfa, 0x7, 0x80,
    0x3f, 0x86, 0xc9, 0xc0, 0x3f, 0x95, 0x20, 0x80,

    /* U+049F "ҟ" */
    0x3, 0x70, 0xf, 0xd7, 0x0, 0x1f, 0x7b, 0x87,
    0xf9, 0xc0, 0x36, 0xb0, 0x66, 0xb0, 0x6, 0x21,
    0x3, 0x21, 0xc, 0xd0, 0xf, 0xa0, 0xfc, 0x3,
    0xc6, 0xf2, 0x40, 0x18, 0x87, 0x95, 0x80, 0x3b,
    0x78, 0xa4, 0x3, 0xd5, 0x41, 0xf0, 0xf, 0x2a,
    0xa8, 0xe0, 0x3, 0xe4, 0x77, 0x20, 0x7, 0xd0,
    0x74, 0x40,

    /* U+04A0 "Ҡ" */
    0xcf, 0xfc, 0x40, 0x19, 0x3d, 0xa6, 0x20, 0xa0,
    0x1c, 0x34, 0xac, 0xae, 0xec, 0x0, 0xea, 0x3a,
    0x0, 0xfe, 0x74, 0xe0, 0xf, 0x98, 0x92, 0x20,
    0x60, 0x1f, 0x5e, 0xd8, 0xb8, 0x7, 0xe8, 0xa7,
    0x17, 0x0, 0xfc, 0xaa, 0x84, 0x81, 0x0, 0xff,
    0x48, 0x50, 0x7, 0xf8, 0xa1, 0x14, 0x3, 0xfc,
    0xe7, 0x62, 0x1, 0xfe, 0xe1, 0xb0,

    /* U+04A1 "ҡ" */
    0xff, 0xc6, 0x1, 0x57, 0xd, 0x4b, 0x0, 0x65,
    0x55, 0xa, 0xb6, 0x0, 0x43, 0x6c, 0x80, 0x1c,
    0xe3, 0x47, 0x20, 0x1e, 0xbe, 0x48, 0x0, 0xfa,
    0x6c, 0xac, 0x40, 0x3c, 0xa9, 0xe3, 0x40, 0x1f,
    0x8a, 0x91, 0xc0, 0x3f, 0x2b, 0x41, 0x80,

    /* U+04A2 "Ң" */
    0x4f, 0x50, 0xe, 0x3f, 0x60, 0xf, 0xfe, 0xf9,
    0x91, 0x73, 0x0, 0x7a, 0x77, 0x7a, 0x80, 0x3c,
    0xf5, 0x5d, 0x0, 0x1e, 0xd5, 0x5e, 0x40, 0xf,
    0xfe, 0xd3, 0x85, 0xb8, 0x7, 0xf1, 0x1, 0x41,
    0x27, 0xa8, 0x7, 0x37, 0xd0, 0x7, 0xff, 0x35,
    0xdc, 0x60,

    /* U+04A3 "ң" */
    0x8f, 0x0, 0xc5, 0xec, 0x1, 0xff, 0xcb, 0x11,
    0xe0, 0xe, 0xee, 0xd8, 0x1, 0xd7, 0x7a, 0x40,
    0x39, 0x13, 0x80, 0x3f, 0x84, 0x29, 0x0, 0x3c,
    0xe0, 0x7f, 0x1e, 0x1, 0x93, 0xd0, 0x3, 0xfe,

    /* U+04A4 "Ҥ" */
    0x4f, 0x50, 0xe, 0x6f, 0xff, 0x88, 0x3, 0xfe,
    0x88, 0xe3, 0x0, 0xff, 0x1b, 0xbf, 0x8, 0x7,
    0xff, 0x1c, 0xc8, 0xb8, 0x40, 0x3f, 0xd3, 0xbb,
    0xd0, 0x1, 0xfe, 0x7a, 0xae, 0x60, 0xf, 0xf6,
    0xaa, 0xf7, 0x80, 0x7f, 0xff, 0xc0,

    /* U+04A5 "ҥ" */
    0x8f, 0x0, 0xc9, 0xff, 0xe1, 0x0, 0xfe, 0x99,
    0xc2, 0x1, 0xf8, 0xd9, 0xb0, 0x4, 0x23, 0xc0,
    0x1f, 0xdd, 0xda, 0x80, 0x3f, 0xae, 0xf3, 0x80,
    0x7f, 0x22, 0x6c, 0x0, 0xff, 0xeb, 0x80,

    /* U+04A6 "Ҧ" */
    0x4f, 0xff, 0xe6, 0x0, 0xfe, 0x58, 0x8e, 0x70,
    0xf, 0xfb, 0xdd, 0xfa, 0x80, 0x3f, 0xfd, 0x79,
    0x8f, 0xf7, 0x38, 0x7, 0xff, 0x1, 0x5a, 0x69,
    0x62, 0x40, 0x3f, 0xe9, 0xa6, 0x5b, 0x56, 0x20,
    0xf, 0xfe, 0x1c, 0x82, 0x0, 0x7f, 0xf0, 0xc8,
    0x4, 0x3, 0xff, 0x86, 0x40, 0x20, 0x1f, 0xfc,
    0x3a, 0x7, 0x4f, 0x50, 0xe, 0x2f, 0x60, 0x12,
    0x96, 0x71, 0x0, 0xff, 0xe0, 0x56, 0xb3, 0xc0,
    0x7, 0xff, 0x6, 0x2f, 0xa0, 0x0,

    /* U+04A7 "ҧ" */
    0x8f, 0xff, 0x88, 0x3, 0xf4, 0xce, 0x50, 0xf,
    0xf3, 0x36, 0xc0, 0xf, 0xfe, 0x9c, 0xff, 0xba,
    0x0, 0x3f, 0xe9, 0xa7, 0x74, 0x80, 0x7f, 0x4b,
    0x2c, 0xb3, 0x4, 0x3, 0xff, 0x81, 0x80, 0xa0,
    0x1f, 0xfc, 0x27, 0x8f, 0x0, 0xcd, 0xe4, 0x1,
    0x48, 0x98, 0x7, 0xf2, 0xc6, 0x9c, 0x0, 0x7f,
    0xa1, 0xc6, 0x98, 0x0,

    /* U+04A8 "Ҩ" */
    0x0, 0xad, 0xc0, 0x5, 0x5d, 0xf6, 0x60, 0x1a,
    0xd0, 0xc0, 0xf5, 0x19, 0x8b, 0x86, 0x0, 0x54,
    0x84, 0xf, 0x1f, 0x89, 0xf1, 0xe0, 0x7, 0xb,
    0x81, 0x1b, 0x8, 0x0, 0x58, 0x88, 0x8, 0x80,
    0x3, 0x86, 0x80, 0x6d, 0x6, 0x10, 0x20, 0xc,
    0x20, 0x1f, 0x8, 0x8, 0x1, 0x80, 0x80, 0x31,
    0x2, 0x81, 0x20, 0x0, 0xc3, 0x0, 0x35, 0x98,
    0x85, 0x12, 0x0, 0x1d, 0x4c, 0x0, 0x87, 0x0,
    0x7, 0x2a, 0x40, 0x82, 0xd2, 0x4b, 0x74, 0x0,
    0xbc, 0xee, 0xcf, 0x43, 0xb6, 0x7c, 0xe6, 0x0,
    0x2d, 0x87, 0x98, 0x27, 0x42, 0x99, 0x30,

    /* U+04A9 "ҩ" */
    0x0, 0x4d, 0x0, 0x23, 0xbf, 0x10, 0x0, 0xed,
    0xe1, 0x4e, 0xd2, 0x16, 0x61, 0x28, 0xa4, 0xb1,
    0x6, 0xc1, 0x92, 0x1e, 0x6, 0x4, 0x0, 0x95,
    0x84, 0x3, 0xf9, 0xdc, 0x41, 0xa0, 0xa1, 0x60,
    0x1, 0x3d, 0x15, 0x73, 0x17, 0x71, 0x8e, 0x9b,
    0x5, 0x96, 0x4f, 0xe, 0x79, 0x52, 0x80, 0xeb,
    0xa4, 0x82, 0x28, 0xcf, 0x0,

    /* U+04AA "Ҫ" */
    0x0, 0x86, 0x37, 0xfa, 0xd4, 0x3, 0x27, 0xbb,
    0x3b, 0x9a, 0xa8, 0x0, 0x2b, 0x3d, 0xb8, 0x9d,
    0x8c, 0x0, 0x40, 0x79, 0x0, 0x67, 0x60, 0x2,
    0xa1, 0x0, 0x7e, 0x10, 0xc0, 0xf, 0xfe, 0x48,
    0x86, 0x0, 0x7f, 0x95, 0x8, 0x3, 0xfa, 0x3,
    0xc8, 0x3, 0x3b, 0x0, 0xa, 0xcf, 0x6e, 0x27,
    0x63, 0x0, 0x24, 0xf7, 0x47, 0x66, 0x55, 0x0,
    0x30, 0xc6, 0x5, 0xd9, 0x40, 0x3f, 0xf8, 0xe4,
    0xec, 0x1, 0x80,

    /* U+04AB "ҫ" */
    0x0, 0x15, 0x77, 0xe2, 0x0, 0xf, 0x51, 0xa0,
    0x2d, 0x43, 0x8b, 0xe1, 0xf2, 0x10, 0x89, 0x62,
    0x1, 0x38, 0xb0, 0x10, 0x7, 0x98, 0x8, 0x3,
    0xc4, 0x4b, 0x0, 0xcc, 0x21, 0xc5, 0xd0, 0xf9,
    0x28, 0x7, 0xa8, 0xf0, 0x16, 0xa0, 0x2, 0xa4,
    0x3c, 0x40, 0xf, 0xf0,

    /* U+04AC "Ҭ" */
    0xcf, 0xff, 0xcf, 0x31, 0x10, 0x1c, 0x44, 0x8a,
    0xef, 0x2, 0xbb, 0xc6, 0x1, 0xff, 0xff, 0x67,
    0x20, 0xf, 0xd0, 0xe0, 0x1e, 0xfd, 0x0, 0xff,
    0xe3, 0x9b, 0xb8, 0x0,

    /* U+04AD "ҭ" */
    0xff, 0xfb, 0x66, 0x61, 0x29, 0x94, 0x33, 0x46,
    0xcd, 0x28, 0x7, 0xff, 0x5c, 0x91, 0x80, 0x3e,
    0x90, 0xe, 0xf9, 0x0, 0xff, 0x80,

    /* U+04AE "Ү" */
    0xaf, 0x20, 0xe, 0x4f, 0x4b, 0x8, 0x0, 0xe9,
    0x44, 0xc, 0x29, 0x80, 0x4e, 0x52, 0x0, 0x71,
    0xf0, 0x0, 0xcb, 0x10, 0x5, 0x66, 0xa1, 0x3,
    0x0, 0x19, 0x4e, 0xcd, 0xa0, 0x40, 0x3b, 0xc7,
    0x9, 0xc0, 0x3c, 0x6a, 0x10, 0x1, 0xfb, 0x41,
    0xc0, 0x3f, 0xfb, 0x20,

    /* U+04AF "ү" */
    0xbe, 0x0, 0xe9, 0xd0, 0xf1, 0x50, 0x8, 0x5a,
    0x81, 0xa, 0x40, 0x26, 0x6, 0x0, 0x59, 0x90,
    0x2, 0x98, 0x40, 0xc, 0x16, 0x8, 0x54, 0x1,
    0x99, 0x81, 0xe6, 0x60, 0xd, 0x61, 0x9, 0x20,
    0x1c, 0x48, 0xe2, 0xa0, 0x1e, 0xe0, 0x90, 0xf,
    0x98, 0x8, 0x3, 0xff, 0x98,

    /* U+04B0 "Ұ" */
    0xc, 0xe0, 0xf, 0x3f, 0x90, 0x78, 0xc0, 0x6,
    0x18, 0x72, 0x3, 0x67, 0x10, 0xa, 0x6, 0x0,
    0x28, 0xb, 0x0, 0x1b, 0x40, 0x6, 0x18, 0x53,
    0xf, 0x26, 0x0, 0xe7, 0x2f, 0x53, 0xe0, 0xf,
    0xa0, 0xe9, 0xc, 0x3, 0xab, 0xe8, 0x0, 0x9f,
    0xc0, 0x1a, 0x33, 0x4, 0x19, 0x8d, 0x0, 0xc4,
    0x66, 0x40, 0x33, 0x80, 0x3f, 0xf9, 0xc0,

    /* U+04B1 "ұ" */
    0xbe, 0x0, 0xe9, 0xd0, 0xf1, 0x50, 0x8, 0x5a,
    0x81, 0xa, 0x40, 0x26, 0x6, 0x0, 0x59, 0x90,
    0x2, 0x58, 0x40, 0xc, 0x16, 0xa, 0x36, 0x1,
    0x9d, 0x86, 0x50, 0x80, 0x35, 0x5, 0x9f, 0x80,
    0x71, 0x22, 0x92, 0x0, 0x6d, 0xf4, 0x2, 0xff,
    0x0, 0x5f, 0xb4, 0xf, 0xba, 0x0, 0x88, 0x8c,
    0x1a, 0x44, 0x0, 0xff, 0xe0, 0x0,

    /* U+04B2 "Ҳ" */
    0x2f, 0xb0, 0xc, 0x5f, 0x80, 0x2, 0x84, 0x60,
    0xb, 0x83, 0x80, 0x27, 0x39, 0x10, 0x63, 0x82,
    0x0, 0xde, 0x14, 0x52, 0x6e, 0x1, 0xc6, 0xe9,
    0x81, 0xc0, 0x1f, 0x41, 0xb, 0x90, 0x7, 0xc4,
    0x40, 0x40, 0xf, 0xd2, 0xa, 0x6e, 0x1, 0xe6,
    0x48, 0xa3, 0x82, 0x0, 0xc3, 0x26, 0xe1, 0xc1,
    0xc0, 0x1a, 0x83, 0x80, 0x5, 0x7, 0xce, 0xc,
    0x90, 0x40, 0x13, 0x80, 0xc0, 0xb7, 0xb8, 0x7,
    0x7c, 0x80, 0x7f, 0xf2, 0xd5, 0xc4,

    /* U+04B3 "ҳ" */
    0x5f, 0x50, 0xa, 0xb8, 0x41, 0x5a, 0x88, 0x19,
    0x68, 0x40, 0x12, 0x5c, 0x52, 0xe8, 0x1, 0xb8,
    0xf4, 0xe0, 0x3, 0x8d, 0x2, 0x40, 0x3c, 0xa8,
    0x56, 0x20, 0x18, 0x6d, 0x70, 0x28, 0x3, 0x68,
    0x58, 0xd2, 0x63, 0xb, 0x9e, 0x88, 0x21, 0x9a,
    0x49, 0xfc, 0xc0, 0x2c, 0xd0, 0xf, 0xfe, 0x0,

    /* U+04B4 "Ҵ" */
    0xcf, 0xff, 0xc0, 0x1, 0xf7, 0x0, 0x4c, 0x44,
    0x7, 0x11, 0x0, 0x7c, 0xae, 0xf0, 0x33, 0xbc,
    0x1, 0xff, 0xff, 0x0, 0xff, 0xf2, 0xb3, 0xbf,
    0x48, 0x63, 0x88, 0x7, 0x1c, 0x47, 0x38, 0x24,
    0x10, 0x6, 0xff, 0xfe, 0xb0, 0xf, 0xfe, 0x9b,
    0x39, 0x0,

    /* U+04B5 "ҵ" */
    0xef, 0xff, 0x18, 0x7c, 0x5, 0xcc, 0x84, 0xa6,
    0x44, 0x1, 0x95, 0x98, 0x6c, 0xd0, 0x80, 0x7f,
    0xfb, 0x19, 0xb8, 0xd, 0x0, 0x31, 0x4c, 0xe0,
    0x48, 0x0, 0xb7, 0xff, 0xc8, 0x1, 0xff, 0x13,
    0x80,

    /* U+04B6 "Ҷ" */
    0x2f, 0x70, 0xe, 0x8f, 0x0, 0xff, 0xed, 0x18,
    0x78, 0x7, 0xf0, 0x82, 0x80, 0x7f, 0x9c, 0xad,
    0x9, 0x25, 0x80, 0x34, 0x32, 0x5e, 0xdb, 0x98,
    0x7, 0x4f, 0x5d, 0xb7, 0x94, 0x3, 0xc2, 0x88,
    0x20, 0xf, 0xfe, 0xa, 0x4, 0x28, 0x7, 0xe3,
    0x7, 0xe0, 0xf, 0xdf, 0xe3, 0x0, 0xff, 0xe5,
    0xd7, 0x0,

    /* U+04B7 "ҷ" */
    0x5f, 0x30, 0x9, 0x3d, 0x0, 0x3f, 0xf9, 0x22,
    0xe, 0x1, 0xf2, 0x84, 0x18, 0xa7, 0x0, 0x43,
    0x45, 0x9d, 0x6c, 0x1, 0x97, 0xb7, 0x3e, 0x0,
    0x3c, 0x46, 0x4, 0x1c, 0x60, 0x1e, 0xf0, 0x5a,
    0x0, 0xf4, 0xf9, 0x0, 0x7f, 0xc0,

    /* U+04B8 "Ҹ" */
    0x2f, 0x60, 0xe, 0x9f, 0x0, 0xff, 0xeb, 0x10,
    0x70, 0x27, 0x0, 0x78, 0x98, 0x80, 0x31, 0x80,
    0x52, 0x3b, 0x23, 0x7e, 0xa0, 0x12, 0x62, 0x80,
    0x50, 0xa0, 0x18, 0xea, 0x46, 0xdc, 0xc0, 0x3f,
    0xf8, 0xa9, 0xa0, 0x1f, 0xe3, 0x0, 0xe0,

    /* U+04B9 "ҹ" */
    0x5f, 0x30, 0x9, 0x3c, 0xc0, 0x3f, 0xf8, 0xc2,
    0xe, 0x5e, 0x1, 0x94, 0x65, 0x41, 0xa0, 0x0,
    0x34, 0x10, 0x10, 0xe0, 0x12, 0x6e, 0x83, 0xbc,
    0x3, 0x8d, 0x0, 0x3e, 0x1b, 0x0, 0xc0,

    /* U+04BA "Һ" */
    0x4f, 0x50, 0xf, 0xfe, 0xa0, 0x80, 0x7b, 0xf3,
    0xfb, 0xf1, 0x0, 0x25, 0x68, 0xa7, 0x3b, 0x30,
    0x5, 0x51, 0xd6, 0x34, 0x24, 0x3, 0xe2, 0x37,
    0x0, 0xfc, 0xc6, 0x1, 0xff, 0xd2,

    /* U+04BB "һ" */
    0x37, 0x0, 0xfa, 0xe0, 0x3, 0xff, 0x9e, 0x77,
    0xfd, 0x42, 0x1, 0x63, 0xbc, 0xb8, 0x1, 0x36,
    0x44, 0xc8, 0x94, 0x1, 0x60, 0x13, 0x81, 0x0,
    0x8, 0x2, 0x10, 0xf0, 0xf, 0xfe, 0xc0,

    /* U+04BC "Ҽ" */
    0x0, 0xf1, 0xd7, 0x7f, 0x49, 0x0, 0x7e, 0x8c,
    0x47, 0x72, 0x3e, 0xb0, 0x0, 0xac, 0xc1, 0x9d,
    0xba, 0x62, 0xbd, 0x25, 0x1, 0x10, 0x41, 0x7,
    0x20, 0x18, 0x6c, 0x60, 0xc, 0x19, 0x6, 0xc4,
    0x7e, 0x43, 0x5, 0x48, 0xb0, 0x8e, 0xef, 0x94,
    0x8, 0x2f, 0x64, 0x1a, 0xef, 0xf8, 0x80, 0x4,
    0xc0, 0x68, 0x9f, 0xc0, 0x1c, 0xaa, 0x20, 0xf,
    0xfe, 0xc, 0x7, 0x90, 0x4, 0x36, 0xe0, 0x1e,
    0x2b, 0x2d, 0xa8, 0xae, 0x4e, 0x0, 0xf9, 0x35,
    0x9d, 0xc8, 0xb9, 0x20, 0x0,

    /* U+04BD "ҽ" */
    0x0, 0xc3, 0x3d, 0xfa, 0xc0, 0x1, 0x10, 0xe,
    0x33, 0x25, 0xe6, 0x41, 0x3a, 0x12, 0x5b, 0xd,
    0x50, 0xc6, 0x22, 0x6, 0x52, 0x0, 0x9c, 0x2e,
    0x8f, 0xc5, 0x7f, 0xf8, 0x8, 0xfb, 0x45, 0x37,
    0x7d, 0x60, 0x2, 0x74, 0x12, 0x2c, 0x2, 0x1,
    0x41, 0x64, 0xbc, 0x6f, 0x80, 0x61, 0xc7, 0x48,
    0x67, 0xf0,

    /* U+04BE "Ҿ" */
    0x0, 0xf1, 0xd7, 0x7f, 0x49, 0x0, 0x7e, 0x8c,
    0x47, 0x72, 0x3e, 0xb0, 0x0, 0xac, 0xc1, 0x9d,
    0xba, 0x62, 0xbd, 0x25, 0x1, 0x10, 0x41, 0x7,
    0x20, 0x18, 0x6c, 0x60, 0xc, 0x19, 0x6, 0xc4,
    0x7e, 0x43, 0x5, 0x48, 0xb0, 0x8e, 0xef, 0x94,
    0x8, 0x2f, 0x64, 0x1a, 0xef, 0xf8, 0x80, 0x4,
    0xc0, 0x68, 0x9f, 0xc0, 0x1c, 0xaa, 0x20, 0xf,
    0xfe, 0xc, 0x7, 0x90, 0x4, 0x36, 0xe0, 0x1e,
    0x2b, 0x2d, 0xa8, 0xae, 0x4e, 0x0, 0xf9, 0x35,
    0x95, 0xd5, 0x59, 0x20, 0x1f, 0x8a, 0x70, 0x2e,
    0x8c, 0x3, 0xff, 0x9e, 0x4e, 0xc0, 0x1c,

    /* U+04BF "ҿ" */
    0x0, 0xc3, 0x3d, 0xfa, 0xc0, 0x1, 0x10, 0xe,
    0x33, 0x25, 0xe6, 0x41, 0x3a, 0x12, 0x5b, 0xd,
    0x50, 0xc6, 0x22, 0x6, 0x52, 0x0, 0x9c, 0x2e,
    0x8f, 0xc5, 0x7f, 0xf8, 0x8, 0xfb, 0x45, 0x37,
    0x7d, 0x60, 0x2, 0x74, 0x12, 0x2c, 0x2, 0x1,
    0x41, 0x64, 0xbc, 0x6f, 0x80, 0x61, 0xc7, 0x68,
    0x77, 0x78, 0x7, 0xc, 0x58, 0x6d, 0x10, 0x7,
    0xff, 0x4,

    /* U+04C0 "Ӏ" */
    0x4f, 0x50, 0xf, 0xfe, 0xa8,

    /* U+04C1 "Ӂ" */
    0x0, 0xe6, 0xd1, 0x6, 0xd0, 0xf, 0xf9, 0x97,
    0x3a, 0xb8, 0x3, 0xff, 0x81, 0x1b, 0xd8, 0x60,
    0x1e, 0x2f, 0x90, 0xd, 0x1e, 0x1, 0x8b, 0xe4,
    0xa, 0x18, 0xc0, 0x3f, 0xb8, 0x64, 0x0, 0xe5,
    0xe0, 0x1f, 0x98, 0xe8, 0x3, 0x71, 0xb8, 0x7,
    0x86, 0x15, 0x0, 0x31, 0xb4, 0x19, 0x8, 0x11,
    0x2c, 0x6c, 0x3, 0xd6, 0x19, 0xac, 0x1b, 0xa5,
    0x61, 0x0, 0xf5, 0x84, 0xd2, 0x5, 0x50, 0xd8,
    0x40, 0x38, 0xd9, 0x59, 0x4c, 0x15, 0x5e, 0x16,
    0x1, 0xd0, 0x10, 0x1, 0xe3, 0x55, 0x18, 0x4,
    0x88, 0x72, 0x0, 0xfa, 0x3, 0xc0, 0x29, 0x19,
    0x0, 0xfc, 0x4e, 0x6a, 0xc, 0x52, 0x20, 0x1f,
    0xd2, 0x30, 0x0,

    /* U+04C2 "ӂ" */
    0x0, 0xca, 0x40, 0x6, 0x20, 0xf, 0xdb, 0x0,
    0x72, 0x60, 0x1f, 0xa0, 0x3b, 0x94, 0x20, 0x1f,
    0xd5, 0xda, 0xa0, 0x1c, 0x9e, 0xa0, 0x17, 0xc0,
    0x5, 0x9a, 0x8, 0xb6, 0x1, 0xf3, 0x1c, 0x80,
    0x2c, 0x60, 0x3, 0xd0, 0xa8, 0x0, 0x18, 0x73,
    0x10, 0x11, 0x48, 0xd8, 0x6, 0x70, 0xce, 0x6,
    0xe6, 0x51, 0x0, 0xd0, 0x13, 0x60, 0xb6, 0x8a,
    0x40, 0x11, 0xbb, 0x31, 0x0, 0x92, 0x87, 0x80,
    0x2e, 0x18, 0x0, 0xe1, 0x83, 0x60, 0x72, 0xb1,
    0x0, 0xf3, 0x1c, 0x88,

    /* U+04C3 "Ӄ" */
    0x4f, 0x50, 0xc, 0x7f, 0x0, 0x1f, 0xb8, 0xe0,
    0x3, 0xe9, 0x2e, 0x0, 0xf9, 0x5a, 0x88, 0x3,
    0x19, 0x1d, 0xb2, 0x80, 0x74, 0xee, 0xd, 0x80,
    0x79, 0xea, 0x43, 0x80, 0x3d, 0xaa, 0xd6, 0x76,
    0x1, 0xf9, 0x21, 0x1c, 0x3, 0xf3, 0xa4, 0x10,
    0x7, 0xe9, 0x8, 0x0, 0xfc, 0x46, 0xa0, 0x9e,
    0xa0, 0x1c, 0xe0, 0x1f, 0x14, 0x4a, 0x18, 0x7,
    0x85, 0x58, 0xf8, 0x0,

    /* U+04C4 "ӄ" */
    0x8f, 0x0, 0xd9, 0xa0, 0x1e, 0x73, 0xf0, 0xe,
    0x38, 0x92, 0x0, 0x84, 0x5c, 0x8c, 0x1, 0xbb,
    0x85, 0xc0, 0x1d, 0x76, 0x4a, 0x40, 0xc, 0x88,
    0xb3, 0xa1, 0x0, 0xf6, 0x8c, 0x0, 0x78, 0x59,
    0x81, 0x1e, 0x1, 0xb8, 0x4, 0x3, 0x3b, 0x50,
    0x88, 0x2, 0x1b, 0x90, 0xd0,

    /* U+04C6 "ӆ" */
    0x0, 0x67, 0xff, 0x60, 0x6, 0x14, 0x99, 0x88,
    0x3, 0xc6, 0xcd, 0x8, 0x7, 0x1f, 0x80, 0x7f,
    0x8, 0x80, 0x3f, 0xc4, 0x1, 0xf9, 0x41, 0x80,
    0x3e, 0x48, 0x22, 0x0, 0x61, 0x50, 0xa3, 0xe0,
    0xe, 0x28, 0xe, 0xe1, 0x80, 0x6c, 0x44, 0x0,
    0x7f, 0x36, 0x80,

    /* U+04C7 "Ӈ" */
    0x4f, 0x50, 0xe, 0x4f, 0x40, 0xf, 0xfe, 0xb9,
    0x91, 0x70, 0x80, 0x69, 0xdd, 0xea, 0x0, 0xcf,
    0x55, 0xce, 0x1, 0xb5, 0x57, 0xb0, 0x3, 0xff,
    0xc4, 0x9e, 0xa0, 0x1c, 0x20, 0x1f, 0xa5, 0xe0,
    0x14, 0x3, 0x85, 0x60, 0x2c, 0x40,

    /* U+04C8 "ӈ" */
    0x8f, 0x0, 0xef, 0x70, 0xf, 0xfe, 0x40, 0x8e,
    0x20, 0xd, 0xdd, 0xb4, 0x3, 0x5d, 0xea, 0x0,
    0xc8, 0x99, 0x40, 0x3f, 0xf9, 0x11, 0xe0, 0x18,
    0x40, 0x40, 0x33, 0x32, 0x81, 0x40, 0x36, 0x4a,
    0xc9, 0x80,

    /* U+04C9 "Ӊ" */
    0x4f, 0x50, 0xe, 0x3f, 0x60, 0xf, 0xfe, 0xf9,
    0x91, 0x73, 0x0, 0x7a, 0x77, 0x7a, 0x80, 0x3c,
    0xf5, 0x5d, 0x0, 0x1e, 0xd5, 0x5e, 0x40, 0xf,
    0xff, 0x4c, 0xf0, 0x27, 0xa8, 0x7, 0x1f, 0x8b,
    0x80, 0x7f, 0x84, 0x58, 0x1, 0xfe, 0x50, 0x50,

    /* U+04CA "ӊ" */
    0x8f, 0x0, 0xc5, 0xec, 0x1, 0xff, 0xcb, 0x11,
    0xe0, 0xe, 0xee, 0xd8, 0x1, 0xd7, 0x7a, 0x40,
    0x39, 0x13, 0x80, 0x3f, 0xef, 0x30, 0xf, 0xcd,
    0x71, 0xe0, 0x18, 0xb8, 0x2c, 0x3, 0xe4, 0x13,

    /* U+04CB "Ӌ" */
    0x3f, 0x60, 0xe, 0x9f, 0x0, 0xff, 0xe4, 0x8,
    0x8, 0x7, 0xc6, 0x18, 0x1, 0xf0, 0xa2, 0x24,
    0xc9, 0x21, 0xc0, 0x14, 0xad, 0x9b, 0x6c, 0x60,
    0x1, 0xae, 0xcb, 0xde, 0x40, 0xc, 0x26, 0x84,
    0x1, 0xff, 0xc7, 0x47, 0x50, 0xf, 0xb2, 0xc,
    0x3, 0xfb, 0xfc, 0x1, 0xff, 0xc4, 0xc8, 0x0,
    0x0,

    /* U+04CC "ӌ" */
    0x6f, 0x20, 0x9, 0x7c, 0xc0, 0x3f, 0x8c, 0x3,
    0xf0, 0x83, 0x0, 0x79, 0x42, 0xc, 0x53, 0x80,
    0x3, 0x45, 0x9d, 0x6c, 0x1, 0x2f, 0x6e, 0x7c,
    0x0, 0x71, 0x19, 0x88, 0x3, 0xef, 0x80, 0xf,
    0xcb, 0xe6, 0x1, 0xfc,

    /* U+04CD "Ӎ" */
    0x4f, 0x50, 0xf, 0xdd, 0x40, 0x1a, 0x0, 0x3e,
    0x71, 0x0, 0xe2, 0x60, 0xf, 0x48, 0x7, 0x86,
    0x0, 0x39, 0xc4, 0x3, 0xd2, 0x2e, 0x1, 0xc,
    0x38, 0x80, 0x71, 0xb4, 0x80, 0x52, 0x30, 0x1,
    0xf4, 0xc, 0x0, 0xbc, 0x80, 0x7e, 0x17, 0x70,
    0xc0, 0xb8, 0x7, 0xf4, 0x8d, 0xb4, 0x0, 0x7f,
    0x86, 0x54, 0x98, 0x3, 0xfe, 0x71, 0x80, 0xf,
    0xfe, 0xf, 0x28, 0x6, 0x5f, 0x44, 0x7a, 0x0,
    0x7e, 0xe8, 0x4, 0x0, 0xff, 0xe0, 0x62, 0x0,
    0x7f, 0xf0, 0x57, 0x40,

    /* U+04CE "ӎ" */
    0x8f, 0x50, 0xe, 0x7f, 0x40, 0xa, 0x0, 0x30,
    0xc8, 0x7, 0x13, 0x0, 0x52, 0x1, 0xc2, 0xf0,
    0x0, 0x27, 0x80, 0xe, 0x80, 0x80, 0x84, 0x40,
    0x7, 0xa1, 0xd5, 0x52, 0x1, 0xf3, 0x15, 0x31,
    0x0, 0x7e, 0x91, 0x80, 0x8, 0xcc, 0x1, 0x93,
    0x84, 0x2, 0x8b, 0x8e, 0x0, 0xf1, 0x70, 0x58,
    0x7, 0xf2, 0x81, 0x80,

    /* U+04CF "ӏ" */
    0x37, 0xb, 0x80, 0xf, 0xfe, 0xb0,

    /* U+04D0 "Ӑ" */
    0x0, 0xa6, 0xc0, 0x13, 0x40, 0x1e, 0x81, 0xee,
    0x1d, 0x80, 0x78, 0x6b, 0xb9, 0x42, 0x1, 0xfb,
    0xbc, 0x40, 0x3f, 0x28, 0x83, 0x0, 0x7e, 0x93,
    0x59, 0x0, 0xf8, 0xcd, 0x5c, 0x2a, 0x1, 0xe9,
    0x6, 0x41, 0x90, 0xe, 0x15, 0x60, 0x4, 0x99,
    0x0, 0x66, 0xa, 0x0, 0x30, 0x58, 0x6, 0x92,
    0x20, 0x88, 0x11, 0x84, 0x0, 0xa2, 0x5d, 0xd9,
    0x1, 0x80, 0x12, 0x37, 0x7e, 0x2a, 0x2, 0x36,
    0x44, 0xf5, 0x92, 0x58, 0x48, 0x7, 0x98, 0x7c,

    /* U+04D1 "ӑ" */
    0x0, 0x30, 0x80, 0x1c, 0x3, 0x64, 0x82, 0xc8,
    0x6, 0x83, 0xe8, 0xa0, 0xc, 0x57, 0xda, 0x80,
    0x11, 0x57, 0x7e, 0xc0, 0x5, 0xce, 0xd0, 0xcf,
    0x20, 0xe, 0xd8, 0x7b, 0x56, 0x0, 0x10, 0x6,
    0xc0, 0x10, 0x3b, 0xef, 0xf4, 0x81, 0x86, 0xbd,
    0x6e, 0xa0, 0x0, 0x43, 0x28, 0x44, 0xf0, 0x1,
    0xc, 0x99, 0x3b, 0x80, 0x2d, 0x7c, 0xdc, 0x80,
    0x0,

    /* U+04D2 "Ӓ" */
    0x0, 0xd2, 0x21, 0x22, 0x1, 0xe1, 0x72, 0x23,
    0x90, 0x7, 0x87, 0x8c, 0xb8, 0xc0, 0x3f, 0x77,
    0x88, 0x7, 0xe5, 0x10, 0x60, 0xf, 0xd2, 0x6b,
    0x20, 0x1f, 0x19, 0xab, 0x85, 0x40, 0x3d, 0x20,
    0xc8, 0x32, 0x1, 0xc2, 0xac, 0x0, 0x93, 0x20,
    0xc, 0xc1, 0x40, 0x6, 0xb, 0x0, 0xd2, 0x44,
    0x11, 0x2, 0x30, 0x80, 0x14, 0x4b, 0xbb, 0x20,
    0x30, 0x2, 0x46, 0xef, 0xc5, 0x40, 0x46, 0xc8,
    0x9e, 0xb2, 0x4b, 0x9, 0x0, 0xf3, 0xf, 0x80,

    /* U+04D3 "ӓ" */
    0x0, 0x3d, 0x83, 0xd8, 0x6, 0x3c, 0x2, 0xc0,
    0xc, 0x8e, 0xa, 0xe0, 0x11, 0x57, 0x7e, 0xc0,
    0x5, 0xce, 0xd0, 0xcf, 0x20, 0xe, 0xd8, 0x7b,
    0x56, 0x0, 0x10, 0x6, 0xc0, 0x10, 0x3b, 0xef,
    0xf4, 0x81, 0x86, 0xbd, 0x6e, 0xa0, 0x0, 0x43,
    0x28, 0x44, 0xf0, 0x1, 0xc, 0x99, 0x3b, 0x80,
    0x2d, 0x7c, 0xdc, 0x80, 0x0,

    /* U+04D4 "Ӕ" */
    0x0, 0xf4, 0x7f, 0xfe, 0xc0, 0xe, 0x17, 0x40,
    0x48, 0x8e, 0x90, 0xe, 0x81, 0x80, 0xc7, 0x7e,
    0x50, 0xc, 0x4d, 0x22, 0x1, 0xff, 0xc0, 0x91,
    0x70, 0x8, 0x47, 0x80, 0x32, 0x22, 0x0, 0x28,
    0xee, 0xe1, 0x0, 0xa4, 0x98, 0x2, 0x6b, 0xbe,
    0x10, 0x3, 0x15, 0x8, 0xc1, 0xc8, 0x9c, 0x1,
    0x40, 0x47, 0x73, 0x0, 0x3f, 0xa0, 0x66, 0xee,
    0xa0, 0xf, 0xc2, 0xea, 0xc8, 0x93, 0x86, 0x3b,
    0xfa, 0x2, 0xc0, 0x3c, 0x91, 0x1e,

    /* U+04D5 "ӕ" */
    0x2, 0xae, 0xfe, 0x80, 0x3b, 0xfe, 0xa2, 0x0,
    0xb9, 0xda, 0x15, 0xef, 0x1a, 0x19, 0x30, 0x40,
    0x1d, 0xb0, 0xf6, 0xa8, 0x7a, 0xf1, 0xe1, 0x60,
    0x2, 0x0, 0xd8, 0x12, 0x1, 0xb, 0x28, 0x0,
    0xef, 0xbf, 0xd2, 0x15, 0xff, 0x9c, 0x4, 0x34,
    0x2b, 0x74, 0xe1, 0x3b, 0xbe, 0x12, 0x1e, 0x42,
    0x28, 0x34, 0x8b, 0x1, 0x1, 0xd, 0xbb, 0xad,
    0x5d, 0x36, 0x1e, 0xb5, 0x0, 0x18, 0xb3, 0xf,
    0x71, 0x8c, 0xc8, 0x79, 0x40,

    /* U+04D6 "Ӗ" */
    0x0, 0x72, 0x80, 0xea, 0x80, 0x55, 0x3d, 0x8a,
    0xa0, 0x9, 0x33, 0xb6, 0x0, 0x9, 0xff, 0xf5,
    0x0, 0x16, 0x23, 0xb8, 0x1, 0xee, 0xfc, 0x80,
    0x1f, 0xf1, 0x88, 0xf0, 0x5, 0x3d, 0xdc, 0x1,
    0x3d, 0xdf, 0x0, 0x5a, 0x89, 0xc0, 0x1f, 0xfc,
    0x9f, 0x77, 0xe6, 0x0, 0x2c, 0x47, 0x80,

    /* U+04D7 "ӗ" */
    0x0, 0x22, 0x0, 0xa, 0x60, 0x18, 0x60, 0x45,
    0x6e, 0x1, 0x95, 0x5f, 0xe9, 0x40, 0xe, 0x9e,
    0xe3, 0x80, 0x71, 0xdf, 0xf5, 0x10, 0x4, 0x98,
    0xd1, 0x2f, 0xa4, 0x0, 0x93, 0xd7, 0x76, 0x94,
    0x81, 0x12, 0x40, 0x35, 0x20, 0x30, 0x57, 0xfe,
    0x80, 0x26, 0x8, 0xdd, 0xf1, 0x15, 0x64, 0x58,
    0x8, 0x1, 0xc7, 0xd0, 0xf5, 0xaa, 0x0, 0x3d,
    0x46, 0x87, 0x85, 0x0,

    /* U+04D8 "Ә" */
    0x0, 0x96, 0xfb, 0xf6, 0x48, 0x3, 0xae, 0x99,
    0xde, 0x6d, 0x60, 0xd, 0x93, 0xb3, 0x15, 0xc9,
    0x28, 0x1, 0x3b, 0x0, 0x61, 0xb2, 0x80, 0xf,
    0xfa, 0x8c, 0x97, 0xff, 0xfa, 0x1, 0x84, 0x23,
    0x33, 0xe8, 0x0, 0x30, 0x79, 0x9f, 0xdc, 0xc,
    0x46, 0xc2, 0x1, 0xc2, 0xc6, 0x41, 0x3, 0xa2,
    0x1, 0x16, 0x4, 0x0, 0x12, 0x4f, 0xaa, 0x2b,
    0x4a, 0x50, 0x2, 0x6c, 0x54, 0x77, 0x36, 0xb0,
    0x0,

    /* U+04D9 "ә" */
    0x0, 0x36, 0x7f, 0x51, 0x80, 0x4b, 0x2d, 0xc,
    0x98, 0x80, 0x5, 0xca, 0x78, 0xf2, 0x90, 0x8,
    0xc0, 0x21, 0x82, 0x31, 0xff, 0xf5, 0x3, 0x8,
    0x36, 0xee, 0x90, 0x60, 0x44, 0x11, 0x6d, 0x13,
    0x9, 0x2d, 0x76, 0xc4, 0xa0, 0x1, 0x6b, 0xcc,
    0x9f, 0x10, 0x0,

    /* U+04DA "Ӛ" */
    0x0, 0xcf, 0x61, 0x16, 0x1, 0xf8, 0xb0, 0x37,
    0x0, 0x3f, 0x2b, 0x82, 0xb8, 0x7, 0xcb, 0x7d,
    0xfb, 0x24, 0x1, 0xd7, 0x4c, 0xef, 0x36, 0xb0,
    0x6, 0xc9, 0xd9, 0x8a, 0xe4, 0x94, 0x0, 0x9d,
    0x80, 0x30, 0xd9, 0x40, 0x7, 0xfd, 0x46, 0x4b,
    0xff, 0xfd, 0x0, 0xc2, 0x11, 0x99, 0xf4, 0x0,
    0x18, 0x3c, 0xcf, 0xee, 0x6, 0x23, 0x61, 0x0,
    0xe1, 0x63, 0x20, 0x81, 0xd1, 0x0, 0x8b, 0x2,
    0x0, 0x9, 0x27, 0xd5, 0x15, 0xa5, 0x28, 0x1,
    0x36, 0x2a, 0x3b, 0x9b, 0x58, 0x0,

    /* U+04DB "ӛ" */
    0x0, 0xf, 0x20, 0xf1, 0x80, 0x61, 0x76, 0x17,
    0x10, 0xe, 0x92, 0x9, 0x20, 0xc, 0xd9, 0xfd,
    0x46, 0x1, 0x2c, 0xb4, 0x32, 0x62, 0x0, 0x17,
    0x29, 0xe3, 0xca, 0x40, 0x23, 0x0, 0x86, 0x8,
    0xc7, 0xff, 0xd4, 0xc, 0x20, 0xdb, 0xba, 0x41,
    0x81, 0x10, 0x45, 0xb4, 0x4c, 0x24, 0xb5, 0xdb,
    0x12, 0x80, 0x5, 0xaf, 0x32, 0x7c, 0x40,

    /* U+04DC "Ӝ" */
    0x0, 0xf4, 0x18, 0x49, 0x80, 0x7f, 0xf0, 0x15,
    0x40, 0x8c, 0x1, 0xff, 0xc0, 0xd6, 0xd, 0x50,
    0xf, 0x17, 0xc8, 0x6, 0x8f, 0x0, 0xc5, 0xf2,
    0x5, 0xc, 0x60, 0x1f, 0xdc, 0x32, 0x0, 0x72,
    0xf0, 0xf, 0xcc, 0x74, 0x1, 0xb8, 0xdc, 0x3,
    0xc3, 0xa, 0x80, 0x18, 0xda, 0xc, 0x84, 0x8,
    0x96, 0x36, 0x1, 0xeb, 0xc, 0xd6, 0xd, 0xd2,
    0xb0, 0x80, 0x7a, 0xc2, 0x69, 0x2, 0xa8, 0x6c,
    0x20, 0x1c, 0x6c, 0xac, 0xa6, 0xa, 0xaf, 0xb,
    0x0, 0xe8, 0x8, 0x0, 0xf1, 0xaa, 0x8c, 0x2,
    0x44, 0x39, 0x0, 0x7d, 0x1, 0xe0, 0x14, 0x8c,
    0x80, 0x7e, 0x27, 0x35, 0x6, 0x29, 0x10, 0xf,
    0xe9, 0x18, 0x0,

    /* U+04DD "ӝ" */
    0x0, 0xcb, 0xa0, 0xba, 0x1, 0xfc, 0xc8, 0xc,
    0x80, 0x1f, 0xc7, 0x20, 0x72, 0x1, 0xc9, 0xea,
    0x1, 0x7c, 0x0, 0x59, 0xa0, 0x8b, 0x60, 0x1f,
    0x31, 0xc8, 0x2, 0xc6, 0x0, 0x3d, 0xa, 0x80,
    0x1, 0x87, 0x31, 0x1, 0x14, 0x8d, 0x80, 0x67,
    0xc, 0xe0, 0x6e, 0x65, 0x10, 0xd, 0x1, 0x36,
    0xb, 0x68, 0xa4, 0x1, 0x1b, 0xb3, 0x10, 0x9,
    0x28, 0x78, 0x2, 0xe1, 0x80, 0xe, 0x18, 0x36,
    0x7, 0x2b, 0x10, 0xf, 0x31, 0xc8, 0x80,

    /* U+04DE "Ӟ" */
    0x0, 0xf, 0x20, 0xf1, 0x80, 0x61, 0x46, 0x14,
    0x10, 0xe, 0xa2, 0xa, 0x20, 0x9, 0x2b, 0x7f,
    0xa8, 0xc0, 0x2a, 0x74, 0x87, 0x4c, 0x40, 0x6,
    0x6c, 0xbc, 0xf8, 0xc0, 0x0, 0x80, 0x30, 0x90,
    0x7, 0x8, 0x89, 0xce, 0x80, 0x26, 0xee, 0x6c,
    0x33, 0x0, 0x27, 0xbb, 0x53, 0xb4, 0x80, 0x42,
    0x88, 0x58, 0x83, 0x10, 0x7, 0xc4, 0xc, 0x2c,
    0x1, 0xd2, 0xc, 0xb3, 0xb2, 0xf3, 0xc6, 0xe4,
    0x98, 0x88, 0x87, 0x5a, 0x80,

    /* U+04DF "ӟ" */
    0x0, 0x6a, 0x86, 0xa8, 0x4, 0x8c, 0x8, 0xc0,
    0x14, 0x98, 0x49, 0x80, 0x1f, 0x3b, 0xf1, 0x40,
    0x12, 0xb1, 0x0, 0xa4, 0xe, 0x96, 0x7d, 0xd,
    0x0, 0xe7, 0xd, 0x0, 0x27, 0xfa, 0x59, 0x0,
    0x9, 0xb9, 0x2d, 0x0, 0x11, 0x1b, 0x12, 0xab,
    0xa5, 0xdd, 0x65, 0x4b, 0x29, 0x10, 0x79, 0x70,

    /* U+04E0 "Ӡ" */
    0x1f, 0xff, 0xa8, 0x6, 0x67, 0x90, 0x3c, 0x0,
    0xcd, 0x95, 0x1d, 0x40, 0x38, 0x75, 0x60, 0x3,
    0xda, 0x74, 0x1, 0xe4, 0x32, 0xd8, 0x0, 0xe5,
    0xcb, 0x77, 0x50, 0x6, 0x13, 0x4a, 0x55, 0x0,
    0x7e, 0xd0, 0x21, 0x70, 0xe, 0xb1, 0x25, 0x8e,
    0x97, 0x8d, 0x38, 0x4, 0xb4, 0x78, 0x66, 0x5b,
    0x0,

    /* U+04E1 "ӡ" */
    0xe, 0xff, 0xf3, 0x4, 0x4c, 0xe3, 0x4, 0x6,
    0x6c, 0x47, 0x24, 0x1, 0x86, 0x99, 0x80, 0x1d,
    0xa5, 0x20, 0x1c, 0xa6, 0x6c, 0x40, 0xc, 0x97,
    0x21, 0x68, 0x1, 0xa, 0x36, 0xc, 0x0, 0x7c,
    0xa2, 0xe, 0x1, 0x85, 0x18, 0xa3, 0xaa, 0x27,
    0xc2, 0xb, 0x5d, 0xf2, 0xe1, 0x80,

    /* U+04E2 "Ӣ" */
    0x0, 0xbb, 0xb8, 0x80, 0x3b, 0xff, 0x88, 0x0,
    0x9e, 0xa2, 0x3c, 0xde, 0xc0, 0x1f, 0x14, 0x80,
    0x7f, 0x70, 0x7, 0xf4, 0x1c, 0x0, 0x7c, 0x8e,
    0xca, 0x1, 0xe1, 0xa2, 0x90, 0xf, 0xa8, 0x78,
    0x3, 0xe6, 0x48, 0x30, 0xf, 0x14, 0xa3, 0x80,
    0x7d, 0x3, 0x40, 0x1f, 0xd4, 0x20, 0x1f, 0x99,
    0x0, 0x3e,

    /* U+04E3 "ӣ" */
    0x2, 0xff, 0xe1, 0x0, 0x17, 0xff, 0x8, 0x7,
    0xfa, 0x3c, 0x3, 0x1f, 0xc8, 0x7, 0xe, 0x80,
    0x7d, 0x40, 0x1f, 0x42, 0x50, 0x80, 0x65, 0x78,
    0x40, 0xc, 0x74, 0xae, 0x1, 0xda, 0x54, 0x1,
    0xf7, 0x80, 0x7d, 0x44, 0x1, 0xc0,

    /* U+04E4 "Ӥ" */
    0x0, 0x95, 0xc1, 0x58, 0x3, 0xdb, 0xa0, 0xcc,
    0x0, 0x7a, 0x28, 0x26, 0x80, 0x24, 0xf5, 0x0,
    0xe6, 0xf6, 0x0, 0xf8, 0xa4, 0x3, 0xfb, 0x80,
    0x3f, 0xa0, 0xe0, 0x3, 0xe4, 0x76, 0x50, 0xf,
    0xd, 0x14, 0x80, 0x7d, 0x43, 0xc0, 0x1f, 0x32,
    0x41, 0x80, 0x78, 0xa5, 0x1c, 0x3, 0xe8, 0x1a,
    0x0, 0xfe, 0xa1, 0x0, 0xfc, 0xc8, 0x1, 0xf0,

    /* U+04E5 "ӥ" */
    0x0, 0x54, 0x85, 0x40, 0x6, 0xcc, 0x6, 0x68,
    0x6, 0x65, 0x6, 0x50, 0x4, 0x78, 0x6, 0x3f,
    0x90, 0xe, 0x1d, 0x0, 0xfa, 0x80, 0x3e, 0x84,
    0xa1, 0x0, 0xca, 0xf0, 0x80, 0x18, 0xe9, 0x5c,
    0x3, 0xb4, 0xa8, 0x3, 0xef, 0x0, 0xfa, 0x88,
    0x3, 0x80,

    /* U+04E6 "Ӧ" */
    0x0, 0xcb, 0xa0, 0xba, 0x1, 0xf9, 0x90, 0x19,
    0x0, 0x3f, 0x1c, 0x81, 0xc8, 0x7, 0xc3, 0x1b,
    0xfd, 0x6a, 0x1, 0xc9, 0xee, 0xce, 0xe6, 0xab,
    0x0, 0x8a, 0xcf, 0x6e, 0x27, 0x61, 0x28, 0x1,
    0x1, 0xe4, 0x1, 0x9d, 0x94, 0x81, 0x54, 0x40,
    0x1e, 0xb0, 0xa2, 0xd, 0x0, 0xf8, 0x84, 0x80,
    0x3f, 0xe1, 0x2, 0xd, 0x0, 0xf8, 0x80, 0x81,
    0x54, 0x40, 0x1e, 0xb0, 0xa0, 0x80, 0xf2, 0x0,
    0xce, 0xca, 0x40, 0x56, 0x7b, 0x71, 0x3b, 0x9,
    0x40, 0x12, 0x7b, 0xb3, 0xb9, 0xaa, 0xc0, 0x0,

    /* U+04E7 "ӧ" */
    0x0, 0xf, 0x20, 0xf1, 0x80, 0x61, 0x76, 0x17,
    0x10, 0xe, 0x92, 0x9, 0x20, 0xc, 0x75, 0xdf,
    0x88, 0x1, 0x1e, 0x23, 0x40, 0x5b, 0x80, 0x38,
    0xbe, 0x1f, 0x16, 0x4, 0x89, 0x62, 0x1, 0x48,
    0x3b, 0x1, 0x0, 0x63, 0x1, 0x60, 0x20, 0xc,
    0x60, 0x24, 0x4b, 0x10, 0xa, 0x41, 0xc3, 0x8b,
    0xe1, 0xf1, 0x64, 0x40, 0xf5, 0x1a, 0x2, 0xd8,
    0x0,

    /* U+04E8 "Ө" */
    0x0, 0x86, 0x37, 0xfa, 0xd4, 0x3, 0x93, 0xdd,
    0x9d, 0xcd, 0x56, 0x1, 0x15, 0x9e, 0xdc, 0x4e,
    0xc2, 0x50, 0x2, 0x3, 0xc8, 0x3, 0x3b, 0x29,
    0x2, 0xa1, 0x88, 0xfa, 0x82, 0x88, 0x13, 0xbb,
    0xec, 0x7, 0x0, 0x25, 0xdf, 0xe0, 0x42, 0x1,
    0x44, 0xf9, 0x80, 0xc1, 0x54, 0x40, 0x1e, 0xb0,
    0xa0, 0x80, 0xf2, 0x0, 0xce, 0xca, 0x40, 0x56,
    0x7b, 0x71, 0x3b, 0x9, 0x40, 0x12, 0x7b, 0xb3,
    0xb9, 0xaa, 0xc0, 0x0,

    /* U+04E9 "ө" */
    0x0, 0x15, 0x77, 0xe3, 0x0, 0x47, 0xaf, 0x14,
    0xb3, 0x20, 0x7, 0x1e, 0xb2, 0xcc, 0x98, 0xc8,
    0x92, 0x1, 0x98, 0x29, 0x82, 0xbf, 0xf8, 0xd,
    0x82, 0x37, 0x78, 0xc, 0x89, 0x64, 0x59, 0xc2,
    0x83, 0x8f, 0x19, 0x66, 0x98, 0xc0, 0xf5, 0xa2,
    0x96, 0x64, 0x0,

    /* U+04EA "Ӫ" */
    0x0, 0xcb, 0xa0, 0xba, 0x1, 0xf9, 0x90, 0x19,
    0x0, 0x3f, 0x1c, 0x81, 0xc8, 0x7, 0xc3, 0x1b,
    0xfd, 0x6a, 0x1, 0xc9, 0xee, 0xce, 0xe6, 0xab,
    0x0, 0x8a, 0xcf, 0x6e, 0x27, 0x61, 0x28, 0x1,
    0x1, 0xe4, 0x1, 0x9d, 0x94, 0x81, 0x50, 0xc4,
    0x7d, 0x41, 0x44, 0x9, 0xdd, 0xf6, 0x3, 0x80,
    0x12, 0xef, 0xf0, 0x21, 0x0, 0xa2, 0x7c, 0xc0,
    0x60, 0xaa, 0x20, 0xf, 0x58, 0x50, 0x40, 0x79,
    0x0, 0x67, 0x65, 0x20, 0x2b, 0x3d, 0xb8, 0x9d,
    0x84, 0xa0, 0x9, 0x3d, 0xd9, 0xdc, 0xd5, 0x60,
    0x0,

    /* U+04EB "ӫ" */
    0x0, 0xb5, 0x43, 0x54, 0x3, 0x91, 0x81, 0x1c,
    0x3, 0xa4, 0xc2, 0x48, 0x3, 0x15, 0x77, 0xe3,
    0x0, 0x47, 0xaf, 0x14, 0xb3, 0x20, 0x7, 0x1e,
    0xb2, 0xcc, 0x98, 0xc8, 0x92, 0x1, 0x98, 0x29,
    0x82, 0xbf, 0xf8, 0xd, 0x82, 0x37, 0x78, 0xc,
    0x89, 0x64, 0x59, 0xc2, 0x83, 0x8f, 0x19, 0x66,
    0x98, 0xc0, 0xf5, 0xa2, 0x96, 0x64, 0x0,

    /* U+04EC "Ӭ" */
    0x0, 0xf, 0x20, 0xf1, 0x80, 0x70, 0xbb, 0xa,
    0x8, 0x7, 0xa4, 0x82, 0x88, 0x3, 0xc, 0x6f,
    0xf5, 0xa0, 0x4, 0x7c, 0xef, 0x96, 0xe4, 0x0,
    0x6d, 0xd5, 0x13, 0xcc, 0xd0, 0x2, 0x44, 0x3,
    0x4a, 0x40, 0x7, 0x8, 0xed, 0x14, 0x0, 0xa7,
    0xbb, 0x48, 0x10, 0x5, 0x77, 0xd0, 0x1, 0xc4,
    0x89, 0x80, 0x4, 0x1, 0xfa, 0x45, 0x7, 0x8,
    0x3, 0x58, 0xc0, 0x11, 0x36, 0xe2, 0x79, 0x19,
    0x80, 0x7e, 0xec, 0xee, 0x5b, 0x90, 0x0,

    /* U+04ED "ӭ" */
    0x0, 0x6a, 0x86, 0xa8, 0x6, 0x46, 0x4, 0x60,
    0xd, 0x26, 0x12, 0x60, 0x13, 0x67, 0xf5, 0xa0,
    0x1, 0x65, 0x6a, 0x1e, 0xd8, 0x17, 0x65, 0x5b,
    0x16, 0x44, 0x8, 0x3, 0x40, 0x38, 0x0, 0xff,
    0xed, 0x1, 0x0, 0x1e, 0x65, 0x60, 0x20, 0x20,
    0x67, 0x68, 0x3a, 0xf4, 0xb3, 0x2d, 0xa8, 0x56,
    0x56, 0x64, 0x16, 0xa0,

    /* U+04EE "Ӯ" */
    0x0, 0x17, 0x77, 0x0, 0x71, 0x7f, 0xf0, 0x7,
    0x84, 0x78, 0x2, 0x8f, 0x30, 0xf, 0x75, 0x40,
    0xc0, 0x7, 0x30, 0xc0, 0x4a, 0x10, 0x6, 0x86,
    0x20, 0x71, 0x80, 0x9, 0x86, 0xc0, 0x29, 0x52,
    0x0, 0x43, 0x10, 0x4, 0xe3, 0x0, 0xc3, 0x0,
    0x1d, 0x2a, 0x50, 0xc2, 0x1, 0xce, 0x38, 0x30,
    0x1, 0xf4, 0x8b, 0x88, 0x7, 0xdc, 0x12, 0x1,
    0xc9, 0x16, 0xd2, 0x20, 0x1c, 0x6e, 0xb2, 0xc0,
    0x1c,

    /* U+04EF "ӯ" */
    0x0, 0x27, 0xff, 0x0, 0x72, 0x7f, 0xf0, 0x7,
    0xff, 0xe, 0xf4, 0x3, 0xab, 0x40, 0x1e, 0x48,
    0x1, 0xa, 0xd8, 0x1, 0xb, 0xc0, 0x29, 0x6,
    0x0, 0xad, 0x8, 0x0, 0xce, 0x1, 0x98, 0x2c,
    0x14, 0x68, 0x3, 0x9d, 0x82, 0x50, 0x80, 0x3a,
    0x82, 0x4f, 0xc0, 0x3c, 0x48, 0xc4, 0x80, 0x1f,
    0x78, 0x58, 0x7, 0xed, 0x16, 0x0, 0xeb, 0x78,
    0x69, 0x0, 0xf0, 0xcb, 0x3b, 0x80, 0x38,

    /* U+04F0 "Ӱ" */
    0x0, 0xaa, 0x2, 0xa0, 0x3, 0xdb, 0xa0, 0xdd,
    0x0, 0x79, 0xd4, 0x1d, 0x40, 0x28, 0xf3, 0x0,
    0xf7, 0x54, 0xc, 0x0, 0x73, 0xc, 0x4, 0xa1,
    0x0, 0x68, 0x62, 0x7, 0x18, 0x0, 0x98, 0x6c,
    0x2, 0x95, 0x20, 0x4, 0x31, 0x0, 0x4e, 0x30,
    0xc, 0x30, 0x1, 0xd2, 0xa5, 0xc, 0x20, 0x1c,
    0xe3, 0x83, 0x0, 0x1f, 0x48, 0xb8, 0x80, 0x7d,
    0xc1, 0x20, 0x1c, 0x91, 0x6d, 0x22, 0x1, 0xc6,
    0xeb, 0x2c, 0x1, 0xc0,

    /* U+04F1 "ӱ" */
    0x0, 0xad, 0xc3, 0x1c, 0x3, 0xd8, 0x61, 0x66,
    0x1, 0xe7, 0x40, 0x74, 0x0, 0xd7, 0xa0, 0x1d,
    0x5a, 0x0, 0xf2, 0x40, 0x8, 0x56, 0xc0, 0x8,
    0x5e, 0x1, 0x48, 0x30, 0x5, 0x68, 0x40, 0x6,
    0x70, 0xc, 0xc1, 0x60, 0xa3, 0x40, 0x1c, 0xec,
    0x12, 0x84, 0x1, 0xd4, 0x12, 0x7e, 0x1, 0xe2,
    0x46, 0x24, 0x0, 0xfb, 0xc2, 0xc0, 0x3f, 0x68,
    0xb0, 0x7, 0x5b, 0xc3, 0x48, 0x7, 0x86, 0x59,
    0xdc, 0x1, 0xc0,

    /* U+04F2 "Ӳ" */
    0x0, 0xe3, 0x11, 0x18, 0x7, 0xab, 0x83, 0x24,
    0x3, 0x91, 0x7d, 0x82, 0x80, 0x39, 0x3c, 0x9f,
    0x40, 0x28, 0xf3, 0x0, 0xf7, 0x54, 0xc, 0x0,
    0x73, 0xc, 0x4, 0xa1, 0x0, 0x68, 0x62, 0x7,
    0x18, 0x0, 0x98, 0x6c, 0x2, 0x95, 0x20, 0x4,
    0x31, 0x0, 0x4e, 0x30, 0xc, 0x30, 0x1, 0xd2,
    0xa5, 0xc, 0x20, 0x1c, 0xe3, 0x83, 0x0, 0x1f,
    0x48, 0xb8, 0x80, 0x7d, 0xc1, 0x20, 0x1c, 0x91,
    0x6d, 0x22, 0x1, 0xc6, 0xeb, 0x2c, 0x1, 0xc0,

    /* U+04F3 "ӳ" */
    0x0, 0xd3, 0xc3, 0x96, 0x1, 0xc8, 0xda, 0xc5,
    0x40, 0x1c, 0xba, 0x6b, 0xe2, 0x1, 0xc2, 0x40,
    0x42, 0x1, 0xaf, 0x40, 0x3a, 0xb4, 0x1, 0xe4,
    0x80, 0x10, 0xad, 0x80, 0x10, 0xbc, 0x2, 0x90,
    0x60, 0xa, 0xd0, 0x80, 0xc, 0xe0, 0x19, 0x82,
    0xc1, 0x46, 0x80, 0x39, 0xd8, 0x25, 0x8, 0x3,
    0xa8, 0x24, 0xfc, 0x3, 0xc4, 0x8c, 0x48, 0x1,
    0xf7, 0x85, 0x80, 0x7e, 0xd1, 0x60, 0xe, 0xb7,
    0x86, 0x90, 0xf, 0xc, 0xb3, 0xb8, 0x3, 0x80,

    /* U+04F4 "Ӵ" */
    0x0, 0x99, 0x41, 0xd4, 0x3, 0xd9, 0x80, 0xdd,
    0x0, 0x7a, 0xa4, 0x2a, 0x0, 0x22, 0xf7, 0x0,
    0xe8, 0xf0, 0xf, 0xfe, 0xb1, 0x87, 0x80, 0x7e,
    0x10, 0x50, 0xf, 0xe7, 0x2b, 0x42, 0x49, 0x60,
    0xa, 0x19, 0x2f, 0x6d, 0xcc, 0x3, 0x4f, 0x5d,
    0xb7, 0x94, 0x3, 0x85, 0x10, 0x40, 0x1f, 0xfc,
    0xe0,

    /* U+04F5 "ӵ" */
    0x0, 0x54, 0x5, 0xc0, 0x6, 0xdd, 0x6, 0x68,
    0x6, 0x75, 0x7, 0x50, 0x2, 0xf9, 0x80, 0x49,
    0xe8, 0x1, 0xff, 0xc6, 0x10, 0x70, 0xf, 0x28,
    0x41, 0x8a, 0x70, 0x0, 0x68, 0xb3, 0xad, 0x80,
    0x25, 0xed, 0xcf, 0x80, 0xe, 0x23, 0x0, 0xff,
    0xe0, 0x80,

    /* U+04F6 "Ӷ" */
    0x4f, 0xff, 0x84, 0x0, 0xd1, 0x1c, 0x20, 0xc,
    0x77, 0xe0, 0xf, 0xff, 0xa0, 0x84, 0xb8, 0x7,
    0x68, 0x1c, 0x0, 0x74, 0x7c, 0x0, 0x7f, 0xf1,
    0x51, 0xc0, 0x38,

    /* U+04F7 "ӷ" */
    0x8f, 0xfe, 0xb0, 0x4, 0xce, 0xf0, 0x3, 0x36,
    0x40, 0xf, 0xfe, 0x81, 0x83, 0x90, 0x4, 0x81,
    0xe, 0x1, 0x7f, 0x0, 0x7f, 0xf0, 0x0,

    /* U+04F8 "Ӹ" */
    0x0, 0xc3, 0x22, 0x29, 0x0, 0xfe, 0x27, 0x32,
    0x72, 0x0, 0xfc, 0x7c, 0x47, 0xc4, 0x1, 0x93,
    0xd4, 0x3, 0xf3, 0xf9, 0x0, 0x7f, 0xf4, 0xc4,
    0x40, 0x1f, 0xf5, 0x77, 0x3f, 0xd6, 0x60, 0x1f,
    0x45, 0xdd, 0xb, 0x84, 0x1, 0xe2, 0x44, 0x9f,
    0x2, 0xc0, 0x3f, 0xe2, 0x15, 0x0, 0xff, 0xe0,
    0xb8, 0x7, 0xfc, 0x82, 0x60, 0x1e, 0xd5, 0x5a,
    0x2c, 0x64, 0x3, 0xcf, 0x55, 0x33, 0x3c, 0x40,
    0x30,

    /* U+04F9 "ӹ" */
    0x0, 0x9f, 0x1, 0xec, 0x3, 0xc6, 0x80, 0x78,
    0x1, 0xe4, 0x80, 0x47, 0x0, 0xa3, 0xc0, 0x3c,
    0x5e, 0xc0, 0x1f, 0xfc, 0xcf, 0xfb, 0x54, 0x3,
    0xd9, 0x8b, 0x7a, 0x30, 0xe, 0x33, 0x25, 0x5,
    0x80, 0x7e, 0x10, 0xf, 0x8c, 0xc9, 0x41, 0x60,
    0x1d, 0x98, 0xb7, 0xb3, 0x0, 0x80,

    /* U+04FA "Ӻ" */
    0x0, 0x6f, 0xff, 0xa0, 0x2, 0x28, 0x8e, 0xb0,
    0x8, 0x5d, 0xf8, 0xc0, 0x3f, 0xfa, 0x51, 0xe4,
    0x7f, 0xf9, 0xc2, 0x70, 0x8f, 0x33, 0x30, 0x9,
    0x80, 0xc, 0xf0, 0x80, 0x7f, 0xf0, 0x85, 0xc8,
    0x3, 0xe2, 0x87, 0x0, 0xf6, 0xe0, 0x7, 0xce,
    0xde, 0xe, 0x1, 0x87, 0x24, 0x68, 0x80, 0x30,

    /* U+04FB "ӻ" */
    0x2, 0xff, 0xe7, 0x0, 0x96, 0x66, 0x40, 0xb,
    0x19, 0xa3, 0x0, 0xfc, 0xfa, 0x13, 0xfe, 0xc0,
    0x6b, 0x8, 0xdd, 0x80, 0x58, 0x4, 0x88, 0x20,
    0x1b, 0x14, 0x3, 0xcb, 0xc0, 0x18, 0xbc, 0x80,
    0x32, 0x34, 0x16, 0x0, 0x47, 0xc, 0xc7, 0x0,
    0x80,

    /* U+04FC "Ӽ" */
    0x3f, 0xa0, 0xe, 0xdd, 0x1, 0xba, 0xa0, 0x5,
    0x5, 0xc0, 0x8, 0x2a, 0x10, 0x37, 0x83, 0x0,
    0xbc, 0x6c, 0x38, 0xdc, 0x3, 0x14, 0x2e, 0x17,
    0x0, 0x79, 0xcc, 0xce, 0x40, 0x1e, 0x12, 0x6,
    0x10, 0xf, 0x50, 0xc8, 0xe8, 0x7, 0x32, 0x4b,
    0x39, 0xc0, 0x4, 0x52, 0x8c, 0x10, 0x6e, 0x40,
    0x9, 0xa, 0x0, 0xb8, 0x24, 0x1d, 0x24, 0x40,
    0x22, 0x64, 0x27, 0xf6, 0x0, 0xee, 0x1, 0x0,
    0xf3, 0xb4, 0x81, 0x0, 0x70, 0xdc, 0x9d, 0x88,

    /* U+04FD "ӽ" */
    0x4f, 0x60, 0xa, 0xb8, 0x51, 0xa4, 0x81, 0x96,
    0x84, 0x24, 0xbc, 0xe5, 0x90, 0x2, 0xf2, 0xc2,
    0x90, 0xc, 0x48, 0x14, 0x1, 0xca, 0x85, 0x8,
    0x1, 0xd, 0xa6, 0x9d, 0x8, 0x2, 0x82, 0x83,
    0x42, 0x81, 0xd2, 0x84, 0x6, 0xd0, 0xdf, 0xd0,
    0x2, 0x40, 0x40, 0xc, 0xad, 0x60, 0x60, 0x1b,
    0x25, 0x21, 0x0,

    /* U+04FE "Ӿ" */
    0x1e, 0xd0, 0xc, 0x3d, 0xa0, 0x34, 0x52, 0x1,
    0x58, 0xf0, 0x1, 0x19, 0x88, 0xa, 0xa7, 0x30,
    0xa, 0x4a, 0x8e, 0x8e, 0x0, 0x3b, 0x87, 0x3,
    0xc0, 0x34, 0x7e, 0x0, 0x59, 0xea, 0x0, 0x9c,
    0x90, 0xa, 0x71, 0x0, 0x2, 0x74, 0x14, 0x14,
    0x62, 0x1, 0x31, 0xc2, 0xb9, 0xb0, 0x4, 0x30,
    0x4e, 0x10, 0x50, 0x20, 0xb, 0x1e, 0x0, 0xa4,
    0x6c, 0x11, 0x58, 0xc0, 0x24, 0x55, 0x20,

    /* U+04FF "ӿ" */
    0x2f, 0x90, 0x9, 0xfc, 0xca, 0x19, 0x0, 0xa1,
    0xcc, 0x1c, 0xe8, 0x78, 0xe0, 0x2, 0xe1, 0xf3,
    0xe0, 0xa, 0x74, 0x4, 0x36, 0xc0, 0x11, 0x60,
    0x21, 0x54, 0x0, 0xc, 0x17, 0x94, 0x8, 0x2,
    0xf, 0x87, 0xca, 0x81, 0x1e, 0x4c, 0xa, 0x55,
    0x40,

    /* U+0600 "؀" */
    0x0, 0xff, 0xe1, 0xa6, 0x8, 0x7, 0xff, 0xc,
    0xee, 0xc2, 0x1, 0xff, 0xc3, 0xa4, 0x61, 0x4,
    0xff, 0xff, 0xe0, 0xb2, 0x77, 0x9, 0x33, 0x3f,
    0xf8, 0x9c, 0x40,

    /* U+0601 "؁" */
    0x0, 0xf0, 0x8f, 0xff, 0xc, 0x25, 0xf, 0xed,
    0x7b, 0xbf, 0xf8, 0x62, 0x65, 0xec, 0xb5, 0x4b,
    0xbf, 0xfe, 0x9, 0x13, 0xe5, 0xe7, 0xf5, 0x51,
    0x3f, 0xf8, 0xa, 0x6, 0xbd, 0x60, 0x24, 0x1,
    0xff, 0xc1, 0x39, 0x0,

    /* U+0602 "؂" */
    0x1b, 0xe8, 0x0, 0xff, 0xe1, 0x40, 0x5b, 0x80,
    0x7f, 0xf1, 0x18, 0x3, 0xff, 0x87, 0x6d, 0x81,
    0xff, 0xff, 0xc1, 0x32, 0xdd, 0x66, 0x7f, 0xf0,
    0x8c,

    /* U+0603 "؃" */
    0x0, 0xff, 0xed, 0x2f, 0x70, 0xc0, 0x47, 0xff,
    0x82, 0xbc, 0xd7, 0x27, 0x73, 0xdd, 0xff, 0xc1,
    0xa0, 0x91, 0x83, 0xab, 0xbf, 0xfe, 0x16, 0xf6,
    0xe6, 0xf1, 0x0,

    /* U+0604 "؄" */
    0x0, 0xff, 0xe9, 0xd, 0x18, 0x7, 0xff, 0x48,
    0x5e, 0xc0, 0x3f, 0xf9, 0xe9, 0x80, 0x5, 0x40,
    0xf, 0xfe, 0x39, 0xef, 0xc8, 0x80, 0x58, 0x1,
    0x68, 0x80, 0x7f, 0xf1, 0xf5, 0x69, 0x3a, 0x9,
    0x1c, 0x48, 0x71, 0x80, 0x3f, 0xf8, 0xc6, 0x30,
    0xbb, 0x2d, 0xb6, 0xc3, 0xbc, 0xf0, 0x1, 0xff,
    0xc6, 0x10, 0xc, 0xdd, 0xba, 0x9c, 0xdc, 0xe3,
    0x2, 0x69, 0xbd, 0xef, 0xff, 0xfe, 0x0, 0x48,
    0x6, 0x22, 0x0, 0x8, 0xc0, 0x5, 0xb4, 0x19,
    0x15, 0x99, 0xff, 0x4c, 0x90, 0x80, 0x3f, 0xe2,
    0xfc, 0x97, 0x54, 0x33, 0xff, 0x91, 0xb4, 0x80,
    0x3f, 0xe0,

    /* U+0605 "؅" */
    0x0, 0xff, 0xe4, 0xbf, 0xfb, 0x25, 0x90, 0x84,
    0x2, 0x12, 0x35, 0x8a, 0x2, 0x89, 0xa4, 0x28,
    0xbd, 0xef, 0xfb, 0xb7, 0x52, 0x3e, 0x0, 0xa6,
    0x58, 0xbe, 0xfe, 0xdc, 0xc6, 0xeb, 0xfb, 0x25,
    0x40,

    /* U+0606 "؆" */
    0x0, 0xff, 0x54, 0x81, 0x44, 0xc1, 0x80, 0x39,
    0x80, 0x98, 0x8c, 0x80, 0x8, 0x2a, 0x5, 0x76,
    0x10, 0x9, 0xb8, 0x1c, 0x3, 0xd4, 0x85, 0x60,
    0xdf, 0xea, 0x2, 0x4a, 0x0, 0x44, 0x32, 0xc0,
    0x1c, 0xc0, 0xc6, 0xe6, 0x20, 0x5, 0x4, 0x8b,
    0x0, 0xf3, 0xd1, 0xb0, 0x7, 0xa8, 0x6c, 0x3,
    0xe3, 0x46, 0x0, 0xfd, 0x60, 0x1c,

    /* U+0607 "؇" */
    0x0, 0xff, 0x54, 0x81, 0x60, 0x80, 0x6e, 0x60,
    0x76, 0x10, 0xc, 0x82, 0xa6, 0x40, 0x1e, 0x6e,
    0x23, 0x70, 0xe, 0xa4, 0x6b, 0x76, 0xff, 0x50,
    0x12, 0x50, 0x2, 0x21, 0x96, 0x0, 0xe6, 0x6,
    0x37, 0x31, 0x0, 0x28, 0x24, 0x58, 0x7, 0x9e,
    0x8d, 0x80, 0x3d, 0x43, 0x60, 0x1f, 0x1a, 0x30,
    0x7, 0xeb, 0x0, 0xe0,

    /* U+0608 "؈" */
    0x0, 0xff, 0xe2, 0x8, 0x7, 0xff, 0x12, 0x30,
    0x3, 0xfc, 0xdf, 0xcc, 0x0, 0xc2, 0x20, 0x7,
    0xe3, 0x99, 0x34, 0x90, 0x20, 0xb8, 0x0, 0xd4,
    0x3, 0x52, 0xb4, 0xa, 0x80, 0xc, 0xcb, 0xb9,
    0x48, 0x1, 0x91, 0x94, 0xf1, 0x5c, 0x94, 0xe5,
    0xc5, 0x0, 0x28, 0x58, 0xa2, 0x4a, 0xa4, 0x1b,
    0x20, 0x90, 0x6, 0x1b, 0xef, 0xa, 0xfd, 0x70,
    0xb, 0x8c, 0x40, 0x3d, 0x22, 0xa0, 0x1e, 0x61,
    0xf6, 0x31, 0x25, 0xc6, 0xa0, 0xf, 0x87, 0x16,
    0x73, 0xb6, 0x9b, 0x50, 0x3, 0xf1, 0x5f, 0x66,
    0x37, 0xe8, 0x80, 0x3c,

    /* U+0609 "؉" */
    0x2, 0xa0, 0x2, 0xc8, 0x6, 0xa5, 0x60, 0x9e,
    0x0, 0xd1, 0x6c, 0x84, 0xe0, 0x1c, 0x81, 0xec,
    0x1, 0xf1, 0xa4, 0x80, 0x7d, 0x2c, 0x20, 0x1e,
    0x25, 0xb0, 0xf, 0xad, 0x48, 0x3, 0xc2, 0xd2,
    0x2, 0x0, 0x10, 0x4, 0xa1, 0xa7, 0x2a, 0xb9,
    0x1, 0xbc, 0x18, 0x41, 0xc4, 0x1, 0x48, 0x5,
    0xca, 0x5c, 0x80,

    /* U+060A "؊" */
    0x2, 0xa0, 0x2, 0xc8, 0x7, 0xd4, 0xac, 0x13,
    0xc0, 0x1f, 0x45, 0xb2, 0x13, 0x80, 0x7e, 0x40,
    0xf6, 0x0, 0xff, 0x1a, 0x48, 0x7, 0xfa, 0x58,
    0x40, 0x3f, 0x89, 0x6c, 0x3, 0xfd, 0x6a, 0x40,
    0x1f, 0xc2, 0xd2, 0x2, 0x0, 0x10, 0x0, 0x80,
    0x25, 0xd, 0x39, 0x55, 0xc8, 0xdc, 0x60, 0xde,
    0xc, 0x20, 0xe2, 0xa, 0x2e, 0x14, 0x80, 0x5c,
    0xa5, 0xc8, 0x7c, 0x80,

    /* U+060B "؋" */
    0x0, 0xf, 0x18, 0x6, 0x19, 0x20, 0xe, 0x71,
    0x0, 0xd1, 0xfc, 0x80, 0x5, 0x7a, 0x4a, 0x0,
    0x7b, 0xad, 0xa, 0x3, 0x10, 0x8c, 0x41, 0xb,
    0xdc, 0x10, 0x2, 0x7e, 0xc8, 0x21, 0xa2, 0xd4,
    0xa9, 0x65, 0xd2, 0x45, 0x7, 0xfd, 0x8e, 0x1,
    0x8a, 0xc0, 0x38, 0xdc, 0x3, 0x85, 0x80, 0x20,

    /* U+060C "،" */
    0x5, 0x12, 0xa3, 0x51, 0x2, 0x16,

    /* U+060D "؍" */
    0x0, 0x8c, 0x2, 0x2c, 0x50, 0x7, 0x32, 0x83,
    0xc, 0x80, 0x22, 0x40, 0x8, 0x90, 0x1, 0x28,
    0x2,

    /* U+060E "؎" */
    0x0, 0xff, 0xe2, 0x37, 0x7e, 0x8, 0x7, 0xf2,
    0x4c, 0x50, 0xd8, 0x7, 0xf6, 0xb3, 0x16, 0xd0,
    0x3, 0xfc, 0xa0, 0x1f, 0xe1, 0x70, 0xb3, 0xe9,
    0xa3, 0x55, 0x33, 0xc5, 0xf4, 0x11, 0x3a, 0x48,
    0x4e, 0xa9, 0x32, 0x50, 0x8e, 0x20,

    /* U+060F "؏" */
    0x0, 0xff, 0xe0, 0x9e, 0x7f, 0x90, 0x3, 0x87,
    0x1e, 0xe9, 0x40, 0x39, 0x2, 0xd1, 0x44, 0x3,
    0x84, 0x8, 0x2, 0x10, 0xc, 0x85, 0x8f, 0x5f,
    0x40, 0x1d, 0x81, 0xd, 0x54, 0x0, 0xe9, 0x1a,
    0xc5, 0x10, 0xc, 0x6f, 0x8a, 0x1, 0xf5, 0x21,
    0x9a, 0xbb, 0xf9, 0xc0, 0xa, 0x6f, 0x81, 0x76,
    0x98, 0x60, 0x3, 0x45, 0xd2, 0xa3, 0xae, 0x2,
    0x8d, 0x20, 0x6, 0x63, 0x4, 0xb, 0x62, 0x13,
    0xa3, 0xb5, 0xe, 0x49, 0xde, 0xc6, 0xc2, 0x5f,
    0x1a, 0xfd, 0xce, 0xc3, 0x0,

    /* U+0610 "ؐ" */
    0x0, 0x26, 0xd0, 0x3c, 0xc6, 0x20, 0x12, 0xe,
    0xc0, 0x1d, 0xee, 0x30, 0x33, 0x0, 0x30,

    /* U+0611 "ؑ" */
    0x0, 0x26, 0x1b, 0xc6, 0xd0, 0x12, 0xa5, 0x29,
    0xde, 0xe3, 0x34, 0x1, 0x0,

    /* U+0612 "ؒ" */
    0x0, 0xe7, 0xc9, 0x48, 0x77, 0x3, 0x14, 0xec,
    0xa1, 0x11, 0xa7, 0x20,

    /* U+0613 "ؓ" */
    0x8, 0x4d, 0xb6, 0x55, 0xc, 0xfb, 0xe, 0xb3,
    0x87, 0x2f, 0xf3, 0xce, 0xe2, 0xb, 0x23, 0x80,
    0x32, 0x40,

    /* U+0614 "ؔ" */
    0x0, 0xd0, 0x52, 0x11, 0xdd, 0x1e, 0x70, 0x0,

    /* U+0615 "ؕ" */
    0x1, 0x0, 0xda, 0x1, 0x8b, 0x28, 0x8, 0x9a,
    0xe1, 0x61, 0x56, 0x0,

    /* U+0616 "ؖ" */
    0x0, 0x52, 0xb0, 0x6, 0x13, 0x10, 0xe, 0x3f,
    0x0, 0x2d, 0x83, 0x8, 0x2, 0xe6, 0xce, 0x48,
    0x2a, 0x73, 0x28, 0x0,

    /* U+0617 "ؗ" */
    0xa, 0x10, 0xe4, 0x7, 0xf0, 0x53, 0xac, 0x80,

    /* U+0618 "ؘ" */
    0x16, 0xb2, 0x20, 0xc9, 0x0,

    /* U+0619 "ؙ" */
    0x1c, 0xa0, 0x4b, 0x61, 0x79, 0x51, 0x16, 0xc8,
    0x0,

    /* U+061A "ؚ" */
    0x1, 0x51, 0x4c, 0xd1, 0x4d, 0x80,

    /* U+061B "؛" */
    0x8, 0xa0, 0x6c, 0x41, 0x5c, 0x13, 0x8e, 0x0,
    0xd7, 0xe2, 0x44, 0x10,

    /* U+061C "؜" */

    /* U+061E "؞" */
    0x1, 0x60, 0x9, 0x2c, 0x0, 0x47, 0x8e, 0x9,
    0x45, 0x22,

    /* U+061F "؟" */
    0x8, 0xef, 0xd9, 0x28, 0x78, 0xb8, 0x31, 0x46,
    0x62, 0x2d, 0x1a, 0xa8, 0x3, 0xa0, 0x68, 0x3,
    0xe, 0x8e, 0x0, 0x75, 0x8a, 0x80, 0x75, 0x0,
    0x79, 0xd4, 0x3, 0xbe, 0xc0, 0x38, 0x88, 0x0,

    /* U+0620 "ؠ" */
    0x0, 0xff, 0xe3, 0x8d, 0x7f, 0xa4, 0x3, 0xc3,
    0xed, 0x54, 0xd0, 0xf, 0x41, 0x62, 0xa9, 0x0,
    0x3c, 0x88, 0x0, 0xc3, 0xe4, 0x1, 0x53, 0xd1,
    0x80, 0x10, 0x48, 0x2, 0x7c, 0xc, 0xb0, 0x23,
    0x0, 0xe3, 0xac, 0x44, 0x9, 0x8, 0x7, 0xa8,
    0x51, 0x87, 0x14, 0x84, 0x97, 0x1f, 0x40, 0x18,
    0xd5, 0xbd, 0xb6, 0xbe, 0x60, 0x2, 0xbf, 0xcc,
    0x6f, 0x48, 0x80, 0x7a, 0xfd, 0x80, 0x3f, 0x93,
    0xbc, 0x3, 0xf9, 0x3f, 0xc0, 0x1c,

    /* U+0621 "ء" */
    0x0, 0xfc, 0x59, 0xf6, 0x1, 0x7b, 0xdc, 0x0,
    0x45, 0x8, 0x60, 0x11, 0x58, 0x0, 0x80, 0x1c,
    0xd9, 0xde, 0xf, 0xa2, 0x11, 0x80, 0x97, 0xd8,
    0xc2, 0x0,

    /* U+0622 "آ" */
    0x6d, 0xff, 0x70, 0xb6, 0xff, 0xb8, 0x40, 0x6,
    0x40, 0x1b, 0x94, 0x3, 0x8, 0x7, 0xbc, 0x3,
    0x38, 0x7, 0x84, 0x3, 0xfc, 0x26, 0x1, 0xfe,
    0x30, 0xf, 0x8, 0x0,

    /* U+0623 "أ" */
    0x5d, 0x60, 0x9f, 0x60, 0xbe, 0xa2, 0xf4, 0x92,
    0x8b, 0x10, 0x7, 0x28, 0x0, 0x40, 0x37, 0x80,
    0x1c, 0x3, 0x8, 0x7, 0x84, 0xc0, 0x3c, 0x60,
    0x18, 0x40,

    /* U+0624 "ؤ" */
    0x0, 0x2e, 0xa8, 0x6, 0x8d, 0x50, 0xc, 0xb3,
    0x20, 0xc, 0x66, 0xc0, 0xd, 0x74, 0xa0, 0x1f,
    0xf5, 0x7e, 0x98, 0x2, 0x1e, 0x9b, 0x80, 0xb,
    0xb, 0x24, 0x40, 0x3f, 0x47, 0x1, 0xb, 0x7b,
    0xa0, 0x10, 0x5d, 0xf6, 0x12, 0x0, 0x15, 0x35,
    0x81, 0xf6, 0xbd, 0xa8, 0x14, 0xe6, 0xa0, 0x0,

    /* U+0625 "إ" */
    0xd, 0x70, 0x0, 0x80, 0x6f, 0x0, 0x38, 0x6,
    0x10, 0xf, 0x9, 0x80, 0x78, 0xc0, 0x30, 0x80,
    0x4, 0x2, 0xbe, 0x0, 0x57, 0x81, 0x1d, 0x1,
    0x3e, 0x30, 0x5e, 0xb0,

    /* U+0626 "ئ" */
    0x0, 0x56, 0x8, 0x7, 0xe1, 0x7c, 0x0, 0x86,
    0xbf, 0xd2, 0x2, 0x1d, 0x60, 0x3e, 0xd5, 0x4d,
    0x0, 0x47, 0xd0, 0x41, 0x62, 0xa9, 0x0, 0xa,
    0x20, 0x4, 0x40, 0x6, 0x1f, 0x20, 0xa, 0x9e,
    0x8c, 0x0, 0x82, 0x40, 0x13, 0xe0, 0x65, 0x81,
    0x18, 0x7, 0x1d, 0x62, 0x20, 0x48, 0x40, 0x3d,
    0x42, 0x8c, 0x38, 0xa4, 0x24, 0xd8, 0xfa, 0x0,
    0xc6, 0xad, 0xed, 0x85, 0xf3, 0x0, 0x15, 0xfe,
    0x63, 0x7a, 0x44, 0x0,

    /* U+0627 "ا" */
    0xd7, 0x10, 0x7, 0xb8, 0x0, 0x40, 0x2, 0x60,
    0x3, 0x0, 0x8, 0x82, 0xf8,

    /* U+0628 "ب" */
    0x0, 0xff, 0xe0, 0xba, 0x1, 0x48, 0x7, 0xfd,
    0x9e, 0xe, 0xe0, 0xf, 0xfb, 0x50, 0x8, 0xc0,
    0x3f, 0xe5, 0x1, 0x11, 0x10, 0x3, 0xfd, 0x62,
    0x27, 0x2d, 0x96, 0x55, 0xcc, 0xf3, 0xaf, 0x40,
    0x3b, 0xb, 0x15, 0x5a, 0x2c, 0xef, 0x90, 0x2,
    0x7c, 0xef, 0xfd, 0xd9, 0x4c, 0x20, 0x1f, 0xcc,
    0x40, 0x1f, 0xfc, 0x2b, 0x40, 0xf, 0x80,

    /* U+0629 "ة" */
    0x2, 0x61, 0x70, 0x3, 0xd9, 0x48, 0x82, 0xe9,
    0xf0, 0x80, 0xc, 0x40, 0x34, 0x79, 0x0, 0x9,
    0x4b, 0x4, 0x3e, 0x70, 0xa5, 0xd, 0xc2, 0x18,
    0xc8, 0x0, 0xe2, 0x66, 0x85, 0xf5, 0x48, 0x6a,
    0x7b,

    /* U+062A "ت" */
    0x0, 0xf3, 0x12, 0x98, 0x7, 0xff, 0x2, 0xdf,
    0xac, 0x3, 0xff, 0x81, 0xab, 0x70, 0x1, 0x53,
    0x1, 0x60, 0x7, 0xff, 0x2, 0x81, 0x8, 0x3,
    0xfe, 0xf3, 0x1, 0x30, 0xf, 0xf9, 0x80, 0x44,
    0x44, 0x0, 0xff, 0x58, 0x89, 0x8b, 0x65, 0x95,
    0x73, 0x3c, 0xeb, 0x50, 0x3, 0x60, 0xa2, 0xab,
    0x45, 0x9d, 0xfa, 0x0,

    /* U+062B "ث" */
    0x0, 0xfb, 0x18, 0x3, 0xff, 0x82, 0xd4, 0x26,
    0x1, 0xff, 0xc0, 0xb3, 0xcb, 0x0, 0xff, 0xe0,
    0x6a, 0xdc, 0x0, 0x54, 0xc0, 0x58, 0x1, 0xff,
    0xc0, 0xa0, 0x42, 0x0, 0xff, 0xbc, 0xc0, 0x4c,
    0x3, 0xfe, 0x60, 0x11, 0x11, 0x0, 0x3f, 0xd6,
    0x22, 0x62, 0xd9, 0x65, 0x5c, 0xcf, 0x3a, 0xd4,
    0x0, 0xd8, 0x28, 0xaa, 0xd1, 0x67, 0x7e, 0x80,

    /* U+062C "ج" */
    0x0, 0xff, 0x2f, 0xfd, 0x90, 0x84, 0x20, 0xbf,
    0xf4, 0x25, 0xef, 0x10, 0x4, 0x92, 0x66, 0x8b,
    0x20, 0x4, 0xdb, 0xee, 0x3a, 0x0, 0x21, 0xae,
    0x88, 0x3, 0x13, 0xd2, 0x0, 0x7a, 0xcd, 0x40,
    0xe, 0x20, 0x12, 0xa0, 0x0, 0x64, 0x80, 0x30,
    0x80, 0x7, 0x8c, 0x2, 0x47, 0x20, 0xf, 0xa4,
    0xf1, 0xcc, 0x44, 0x70, 0x63, 0x8f, 0x39, 0xdc,
    0xc3, 0x0, 0xc, 0xf6, 0xe6, 0xfd, 0x98,

    /* U+062D "ح" */
    0x0, 0xff, 0x2f, 0xfd, 0x90, 0x84, 0x20, 0xbf,
    0xf4, 0x25, 0xef, 0x10, 0x4, 0x92, 0x66, 0x8b,
    0x20, 0x4, 0xdb, 0xee, 0x3a, 0x0, 0x21, 0xae,
    0x88, 0x3, 0x13, 0xd2, 0x0, 0x7a, 0xcd, 0x40,
    0x3e, 0x54, 0x0, 0xfe, 0x10, 0xf, 0xc8, 0xe4,
    0x1, 0xf4, 0x9e, 0x41, 0x89, 0x24, 0x18, 0xe3,
    0xb6, 0x76, 0xd9, 0x80, 0x6, 0x7b, 0x73, 0x7e,
    0xcc,

    /* U+062E "خ" */
    0x0, 0xd3, 0x20, 0xf, 0xdb, 0xa0, 0xf, 0xc8,
    0x80, 0xc, 0xbf, 0xee, 0x81, 0x0, 0xe7, 0xb9,
    0x5e, 0x93, 0x10, 0x58, 0x47, 0xd5, 0x6c, 0xe2,
    0x0, 0x9b, 0x55, 0x22, 0x88, 0x1, 0x72, 0xbf,
    0x6e, 0xa0, 0xb, 0x6e, 0x80, 0xe, 0x54, 0xc1,
    0x0, 0xf7, 0x30, 0x80, 0x7c, 0xe2, 0x1, 0xf9,
    0x94, 0x3, 0xf4, 0x1f, 0x39, 0x88, 0x8d, 0xc8,
    0x9e, 0x91, 0x9d, 0xcc, 0xc0, 0x80, 0xd7, 0xee,
    0x6f, 0xd9, 0x80,

    /* U+062F "د" */
    0x0, 0xca, 0x1, 0xc7, 0x4a, 0x1, 0x8d, 0xac,
    0x3, 0xa4, 0x18, 0x3, 0x9e, 0x80, 0x3b, 0x84,
    0x56, 0xea, 0xf2, 0x80, 0x33, 0x52, 0xf2,

    /* U+0630 "ذ" */
    0x0, 0x9c, 0x3, 0x8e, 0x44, 0x3, 0x1f, 0x8,
    0x7, 0x94, 0x3, 0x8e, 0x94, 0x3, 0x1b, 0x58,
    0x7, 0x48, 0x30, 0x7, 0x3e, 0x80, 0x77, 0x30,
    0xdb, 0xab, 0xca, 0x0, 0xcd, 0x4b, 0xc8,

    /* U+0631 "ر" */
    0x0, 0xc6, 0x1, 0x93, 0x8, 0x2, 0x42, 0xa0,
    0xc, 0xa6, 0x1, 0xb9, 0xc0, 0x36, 0x28, 0x4,
    0x6b, 0x40, 0x6, 0xc7, 0x33, 0x74, 0xc4, 0x0,
    0xdb, 0x9c, 0x0,

    /* U+0632 "ز" */
    0x0, 0x98, 0x80, 0x35, 0x20, 0x6, 0xc6, 0x0,
    0xff, 0x27, 0x8, 0x4, 0x80, 0xe0, 0x19, 0xf4,
    0x3, 0x7b, 0x80, 0x6e, 0x60, 0x8, 0x5b, 0xc0,
    0x5, 0x8a, 0xa2, 0x9d, 0x6b, 0x3, 0x5a, 0xb0,
    0x0,

    /* U+0633 "س" */
    0x0, 0xff, 0xe2, 0xa, 0x80, 0x7f, 0xf1, 0x5e,
    0x84, 0x3, 0xf2, 0xa0, 0x4, 0xc6, 0xe, 0xa,
    0x1, 0xfb, 0xfc, 0x1, 0x5a, 0x80, 0x99, 0x82,
    0xc4, 0x3, 0xb1, 0x0, 0x2, 0x44, 0x0, 0x3f,
    0xaa, 0x8, 0x7, 0x10, 0x52, 0xd0, 0x72, 0xb2,
    0x61, 0x10, 0x3, 0xce, 0xd, 0x4d, 0x4d, 0x51,
    0x4, 0x12, 0x10, 0xe, 0xb2, 0xcf, 0xd5, 0xcf,
    0xe7, 0x6, 0x1c, 0x52, 0x13, 0x97, 0x80, 0xf,
    0xf7, 0xbd, 0x6f, 0x62, 0x52, 0x80, 0x7f, 0x86,
    0xbf, 0x31, 0xda, 0xa0, 0x1f, 0xe0,

    /* U+0634 "ش" */
    0x0, 0xff, 0xe0, 0x1b, 0x0, 0x7f, 0xf1, 0x56,
    0x80, 0x3f, 0xf8, 0x86, 0x6e, 0x60, 0xf, 0xfe,
    0x1d, 0xfb, 0xd8, 0x7, 0xff, 0xe, 0x29, 0x74,
    0x5, 0x0, 0x3f, 0xf8, 0xaf, 0x60, 0x1f, 0xca,
    0x80, 0x12, 0x98, 0x38, 0x20, 0x7, 0xef, 0xf0,
    0x5, 0xa, 0x2, 0x66, 0xb, 0x10, 0xe, 0xc4,
    0x0, 0x9, 0x10, 0x0, 0xfe, 0xa8, 0x20, 0x1c,
    0x41, 0x4b, 0x41, 0xca, 0xc9, 0x84, 0x40, 0xf,
    0x38, 0x35, 0x35, 0x35, 0x44, 0x10, 0x48, 0x40,
    0x3a, 0xcb, 0x3f, 0x57, 0x3f, 0x9c, 0x18, 0x71,
    0x48, 0x4e, 0x5e, 0x0, 0x3f, 0xde, 0xf5, 0xbd,
    0x89, 0x4a, 0x1, 0xfe, 0x1a, 0xfc, 0xc7, 0x6a,
    0x80, 0x7f, 0x80,

    /* U+0635 "ص" */
    0x0, 0xff, 0xeb, 0x8c, 0xff, 0xb4, 0xc0, 0x3f,
    0x95, 0x0, 0x25, 0xe5, 0xaa, 0xe, 0x80, 0x7f,
    0x7f, 0x80, 0xb, 0x51, 0x8a, 0xae, 0x12, 0xc,
    0x20, 0xe, 0xc4, 0x23, 0xaa, 0x38, 0x4, 0x80,
    0x4a, 0x64, 0x1, 0xca, 0x1b, 0xa3, 0x5, 0x67,
    0xc9, 0x90, 0x11, 0x0, 0x3f, 0x4a, 0x95, 0x52,
    0x29, 0x75, 0x80, 0x48, 0x40, 0x3a, 0x49, 0xaf,
    0xbf, 0xdd, 0xb2, 0x40, 0x6, 0x2c, 0x51, 0x11,
    0xd2, 0xc0, 0x7, 0xff, 0x3, 0x1e, 0xbb, 0x98,
    0xf4, 0xa0, 0x1f, 0xfc, 0x1, 0xaf, 0xcc, 0x76,
    0xa8, 0x7, 0xff, 0x0,

    /* U+0636 "ض" */
    0x0, 0xff, 0xe2, 0x29, 0x80, 0x7f, 0xf1, 0xf9,
    0x0, 0x3f, 0xf8, 0xf6, 0xe0, 0x1f, 0xfd, 0xa1,
    0x9f, 0xf6, 0x98, 0x7, 0xf2, 0xa0, 0x4, 0xbc,
    0xb5, 0x41, 0xd0, 0xf, 0xef, 0xf0, 0x1, 0x6a,
    0x31, 0x55, 0xc2, 0x41, 0x84, 0x1, 0xd8, 0x84,
    0x75, 0x47, 0x0, 0x90, 0x9, 0x4c, 0x80, 0x39,
    0x43, 0x74, 0x60, 0xac, 0xf9, 0x32, 0x2, 0x20,
    0x7, 0xe9, 0x52, 0xaa, 0x45, 0x2e, 0xb0, 0x9,
    0x8, 0x7, 0x49, 0x35, 0xf7, 0xfb, 0xb6, 0x48,
    0x0, 0xc5, 0x8a, 0x22, 0x3a, 0x58, 0x0, 0xff,
    0xe0, 0x63, 0xd7, 0x73, 0x1e, 0x94, 0x3, 0xff,
    0x80, 0x35, 0xf9, 0x8e, 0xd5, 0x0, 0xff, 0xe0,
    0x0,

    /* U+0637 "ط" */
    0x0, 0xb9, 0x80, 0x3f, 0xc6, 0x20, 0x1f, 0xfc,
    0xa1, 0xf0, 0xf, 0xf8, 0x40, 0x3f, 0xce, 0x0,
    0x3b, 0xff, 0x58, 0x80, 0x42, 0x71, 0x83, 0x72,
    0xb6, 0x1, 0x95, 0xb2, 0x91, 0xa1, 0xc0, 0x30,
    0xe1, 0x80, 0x58, 0xc8, 0xee, 0x57, 0x46, 0x79,
    0xe4, 0x93, 0xa9, 0x6, 0x99, 0x96, 0x7c, 0x80,

    /* U+0638 "ظ" */
    0x0, 0xb9, 0x80, 0x3f, 0xc6, 0x20, 0x2, 0x60,
    0xf, 0xf3, 0xd8, 0x7, 0x87, 0xc0, 0xb, 0xa0,
    0x1f, 0x8, 0x7, 0xf9, 0xc0, 0x7, 0x7f, 0xeb,
    0x10, 0x8, 0x4e, 0x30, 0x6e, 0x56, 0xc0, 0x32,
    0xb6, 0x52, 0x34, 0x38, 0x6, 0x1c, 0x30, 0xb,
    0x19, 0x1d, 0xca, 0xe8, 0xcf, 0x3c, 0x92, 0x75,
    0x20, 0xd3, 0x32, 0xcf, 0x90,

    /* U+0639 "ع" */
    0x0, 0xff, 0x8f, 0x3f, 0xc8, 0x1, 0x87, 0x1e,
    0xe9, 0x40, 0x32, 0x5, 0xa2, 0x88, 0x7, 0x84,
    0x2, 0x10, 0x9, 0x4b, 0xde, 0xbe, 0x80, 0x37,
    0x8c, 0xc, 0xc8, 0x3, 0x71, 0xed, 0xb1, 0x0,
    0x4e, 0x58, 0x40, 0x1e, 0xc7, 0x0, 0xfc, 0xe2,
    0x1, 0xf9, 0x94, 0x40, 0x3e, 0x83, 0xc6, 0x21,
    0x24, 0x80, 0x2c, 0x49, 0xde, 0xdb, 0x31, 0x2,
    0x9f, 0xdc, 0xdf, 0xb1,

    /* U+063A "غ" */
    0x0, 0xad, 0xc0, 0x3f, 0x72, 0x0, 0x7e, 0x53,
    0x0, 0xf1, 0xe7, 0xf9, 0x0, 0x30, 0xe3, 0xdd,
    0x28, 0x6, 0x40, 0xb4, 0x51, 0x0, 0xf0, 0x80,
    0x42, 0x1, 0x29, 0x7b, 0xd7, 0xd0, 0x6, 0xf1,
    0x81, 0x99, 0x0, 0x6e, 0x3d, 0xb6, 0x20, 0x9,
    0xcb, 0x8, 0x3, 0xd8, 0xe0, 0x1f, 0x9c, 0x40,
    0x3f, 0x32, 0x88, 0x7, 0xd0, 0x78, 0xc4, 0x24,
    0x90, 0x5, 0x89, 0x3b, 0xdb, 0x66, 0x20, 0x53,
    0xfb, 0x9b, 0xf6, 0x20,

    /* U+063B "ػ" */
    0x0, 0xff, 0x9c, 0x80, 0x3f, 0xe5, 0x3a, 0x70,
    0xf, 0xfb, 0x93, 0x5d, 0xc0, 0x1f, 0xeb, 0x59,
    0xd9, 0x0, 0xff, 0x46, 0xbc, 0xf0, 0x7, 0xf6,
    0x3c, 0xf3, 0x0, 0x7f, 0x8d, 0x98, 0x1, 0xff,
    0xc0, 0xb7, 0xa0, 0xc, 0x32, 0x1, 0xe4, 0xc4,
    0xa0, 0x9, 0x1c, 0x3, 0xe2, 0xc4, 0x60, 0x1,
    0x18, 0x7, 0xe2, 0x88, 0x0, 0x4, 0x88, 0x1,
    0xf8, 0x84, 0x0, 0xe5, 0xb2, 0xca, 0xb9, 0xe6,
    0x90, 0x0, 0x3b, 0xb, 0x15, 0x55, 0xd1, 0xdd,
    0x80, 0x0,

    /* U+063C "ؼ" */
    0x0, 0xff, 0xe0, 0xb, 0x0, 0x7f, 0xc3, 0x3d,
    0x60, 0x1f, 0xe8, 0xe4, 0xad, 0x0, 0xfe, 0xb6,
    0x9d, 0x50, 0xf, 0xf2, 0x3b, 0x0, 0x7f, 0xf0,
    0x2d, 0xa8, 0x3, 0x14, 0x80, 0x79, 0x35, 0x28,
    0x2, 0x77, 0x0, 0x7c, 0x58, 0x8c, 0x0, 0x23,
    0x0, 0xfc, 0x51, 0x0, 0x0, 0x91, 0x0, 0x3f,
    0x10, 0x80, 0x1c, 0xb6, 0x59, 0x57, 0x3c, 0xd2,
    0x80, 0x7, 0x61, 0x62, 0xaa, 0xba, 0x3b, 0xa0,
    0xc, 0xf9, 0xd3, 0xf3, 0xdb, 0x4a, 0x1, 0xf0,
    0xc1, 0xc1, 0x80, 0x7f, 0x87, 0x97, 0x8c, 0x3,
    0xfe, 0x18, 0x20, 0xf, 0x80,

    /* U+063D "ؽ" */
    0x0, 0x27, 0x88, 0x7, 0xf7, 0xbc, 0x0, 0x6,
    0xbf, 0xd2, 0x4, 0x30, 0x82, 0x2f, 0x6a, 0xa6,
    0x81, 0x50, 0x68, 0xc1, 0x62, 0xa9, 0x0, 0x3c,
    0x88, 0x0, 0xc3, 0xe4, 0x1, 0x53, 0xd1, 0x80,
    0x10, 0x48, 0x2, 0x7c, 0xc, 0xb0, 0x23, 0x0,
    0xe3, 0xac, 0x44, 0x9, 0x8, 0x7, 0xa8, 0x51,
    0x87, 0x14, 0x84, 0x9b, 0x1f, 0x40, 0x18, 0xd5,
    0xbd, 0xb0, 0xbe, 0x60, 0x2, 0xbf, 0xcc, 0x6f,
    0x48, 0x80, 0x0,

    /* U+063E "ؾ" */
    0x0, 0xff, 0xe3, 0x8d, 0x7f, 0xa8, 0xf, 0x8b,
    0x8c, 0x7d, 0xaa, 0x9c, 0x5, 0x25, 0x25, 0x5,
    0x8a, 0xa4, 0x1, 0x70, 0x71, 0x44, 0x0, 0x61,
    0xf2, 0x0, 0xa9, 0xe8, 0xc0, 0x8, 0x24, 0x1,
    0x3e, 0x6, 0x58, 0x11, 0x80, 0x71, 0xd6, 0x22,
    0x4, 0x84, 0x3, 0xd4, 0x28, 0xc3, 0x8a, 0x42,
    0x4d, 0x8f, 0xa0, 0xc, 0x6a, 0xde, 0xd8, 0x5f,
    0x30, 0x1, 0x5f, 0xe6, 0x37, 0xa4, 0x40, 0x0,

    /* U+063F "ؿ" */
    0x0, 0x17, 0x10, 0x7, 0xf1, 0x49, 0x0, 0x6,
    0xbf, 0xd4, 0x7, 0xcb, 0xc6, 0x3e, 0xd5, 0x4e,
    0x2, 0x92, 0x92, 0x82, 0xc5, 0x52, 0x0, 0xb8,
    0x38, 0xa2, 0x0, 0x30, 0xf9, 0x0, 0x54, 0xf4,
    0x60, 0x4, 0x12, 0x0, 0x9f, 0x3, 0x2c, 0x8,
    0xc0, 0x38, 0xeb, 0x11, 0x2, 0x42, 0x1, 0xea,
    0x14, 0x61, 0xc5, 0x21, 0x26, 0xc7, 0xd0, 0x6,
    0x35, 0x6f, 0x6c, 0x2f, 0x98, 0x0, 0xaf, 0xf3,
    0x1b, 0xd2, 0x20, 0x0,

    /* U+0640 "ـ" */
    0x45, 0x59, 0x6, 0xea, 0xab, 0x70,

    /* U+0641 "ف" */
    0x0, 0xff, 0x9e, 0xc0, 0x3f, 0xf8, 0x49, 0xc0,
    0x1f, 0xfc, 0x23, 0x50, 0xf, 0xfe, 0x8, 0xe7,
    0xd8, 0x7, 0xff, 0x2, 0x9e, 0x96, 0x0, 0x58,
    0x3, 0xe1, 0x49, 0x59, 0x50, 0x48, 0x0, 0xf8,
    0xc1, 0x80, 0x48, 0x8, 0xc0, 0x3e, 0x24, 0xbf,
    0x90, 0x0, 0x90, 0x80, 0x7d, 0x7d, 0x8e, 0x40,
    0xe3, 0xf0, 0xc8, 0x9e, 0x55, 0x32, 0x80, 0xfc,
    0xa4, 0x5d, 0xfd, 0x9, 0x0,

    /* U+0642 "ق" */
    0x0, 0xf9, 0x10, 0x4c, 0x1, 0xfb, 0x39, 0x2c,
    0x3, 0xf4, 0x53, 0x68, 0x7, 0xff, 0x21, 0x7b,
    0xdc, 0x3, 0xe1, 0xa9, 0x88, 0x18, 0x18, 0x6,
    0x63, 0x77, 0x1d, 0x8e, 0x28, 0x5, 0xe2, 0x33,
    0x12, 0x2, 0x80, 0x54, 0x7d, 0xc5, 0x32, 0x10,
    0xc, 0x5d, 0xb8, 0x3e, 0x22, 0x20, 0xe, 0x24,
    0x17, 0x61, 0xc6, 0x31, 0x25, 0xb8, 0x91, 0xc,
    0x59, 0xce, 0xda, 0xb, 0x60, 0x1, 0x5f, 0xe6,
    0x37, 0xed, 0x0, 0x0,

    /* U+0643 "ك" */
    0x0, 0xff, 0x9f, 0x40, 0x3f, 0xf8, 0x2, 0x60,
    0x1f, 0x84, 0x40, 0x1f, 0xf2, 0xfa, 0x0, 0xc,
    0x40, 0x3e, 0xe9, 0x50, 0x0, 0x80, 0x48, 0x1,
    0xaa, 0x88, 0x1, 0xc9, 0x60, 0x11, 0xd9, 0xb8,
    0x1, 0xc0, 0x4c, 0x80, 0x21, 0xcf, 0x30, 0xc,
    0x62, 0x42, 0x0, 0x26, 0x10, 0x9, 0x40, 0x9c,
    0x7e, 0x59, 0x57, 0x3d, 0x4b, 0x80, 0xfb, 0x2c,
    0x55, 0x57, 0x63, 0xb8, 0x0,

    /* U+0644 "ل" */
    0x0, 0xfd, 0x1a, 0x1, 0xfd, 0xe0, 0x1f, 0xe1,
    0x30, 0xf, 0xfe, 0x41, 0x88, 0x7, 0xff, 0x20,
    0x40, 0x3f, 0xce, 0x1, 0x10, 0x7, 0xe1, 0x16,
    0x90, 0x7, 0xe7, 0x12, 0x0, 0xe7, 0x1, 0x11,
    0x80, 0x78, 0xc8, 0x8, 0x82, 0x1, 0xd5, 0x40,
    0x52, 0xc5, 0x21, 0x4c, 0x6, 0x0, 0x63, 0xd6,
    0xf5, 0xbe, 0x8, 0x0, 0x6b, 0xf3, 0x1d, 0x62,
    0x0,

    /* U+0645 "م" */
    0x0, 0xff, 0x37, 0x7d, 0x0, 0x4d, 0x31, 0x49,
    0x20, 0x1, 0xa6, 0x5b, 0x70, 0x3, 0xa8, 0x1,
    0x4, 0x40, 0xb9, 0xfe, 0xe0, 0x14, 0xa5, 0xbb,
    0x44, 0x3, 0x4e, 0x51, 0xe, 0xe0, 0x36, 0x0,
    0xf1, 0x88, 0x7, 0xbd, 0x80, 0x3c, 0x90, 0x1,
    0xe0,

    /* U+0646 "ن" */
    0x0, 0xc2, 0xc0, 0x1f, 0xc9, 0x60, 0x1f, 0xcb,
    0xa0, 0x1f, 0xfc, 0x17, 0x10, 0xf, 0xe9, 0x60,
    0x1, 0x0, 0x79, 0xe8, 0xb, 0x48, 0x3, 0xb0,
    0x85, 0x4, 0x80, 0x39, 0xc0, 0x2, 0x60, 0x1e,
    0x60, 0x12, 0x20, 0x80, 0x77, 0xa0, 0x28, 0xe2,
    0x88, 0x92, 0xd2, 0x0, 0x1e, 0xd5, 0xdc, 0xb7,
    0xc3, 0x0, 0xd, 0xfe, 0x63, 0xb0, 0xc0, 0x0,

    /* U+0647 "ه" */
    0x0, 0x10, 0x80, 0x69, 0xc2, 0x0, 0x12, 0x8f,
    0x88, 0x74, 0xe0, 0xca, 0x13, 0x84, 0x31, 0x90,
    0x1, 0xc4, 0xcd, 0xb, 0xea, 0x90, 0xd4, 0xf6,

    /* U+0648 "و" */
    0x0, 0xfe, 0xaf, 0xd3, 0x0, 0x43, 0xd3, 0x70,
    0x1, 0x61, 0x64, 0x88, 0x7, 0xe8, 0xe0, 0x21,
    0x6f, 0x74, 0x2, 0xb, 0xbe, 0xc2, 0x40, 0x2,
    0xa6, 0xb0, 0x3e, 0xd7, 0xb5, 0x2, 0x9c, 0xd4,
    0x0, 0x0,

    /* U+0649 "ى" */
    0x0, 0xff, 0xe3, 0x8d, 0x7f, 0xa4, 0x3, 0xc3,
    0xed, 0x54, 0xd0, 0xf, 0x41, 0x62, 0xa9, 0x0,
    0x3c, 0x88, 0x0, 0xc3, 0xe4, 0x1, 0x53, 0xd1,
    0x80, 0x10, 0x48, 0x2, 0x7c, 0xc, 0xb0, 0x23,
    0x0, 0xe3, 0xac, 0x44, 0x9, 0x8, 0x7, 0xa8,
    0x51, 0x87, 0x14, 0x84, 0x9b, 0x1f, 0x40, 0x18,
    0xd5, 0xbd, 0xb0, 0xbe, 0x60, 0x2, 0xbf, 0xcc,
    0x6f, 0x48, 0x80, 0x0,

    /* U+064A "ي" */
    0x0, 0xff, 0xe3, 0x8d, 0x7f, 0xa4, 0x3, 0xc3,
    0xed, 0x35, 0xa0, 0x1e, 0x82, 0xc6, 0x54, 0x0,
    0xf2, 0x20, 0x3, 0xf, 0x90, 0x5, 0x4f, 0x46,
    0x0, 0x41, 0x20, 0x9, 0xf0, 0x32, 0xc0, 0x8c,
    0x3, 0x8e, 0xb1, 0x10, 0x24, 0x20, 0x1e, 0xa1,
    0x46, 0x1c, 0x52, 0x12, 0x6c, 0x7d, 0x0, 0x63,
    0x56, 0xf6, 0xc2, 0xf9, 0x80, 0xa, 0xff, 0x31,
    0xbd, 0x22, 0x1, 0xc4, 0xc4, 0xa0, 0x1f, 0x96,
    0x56, 0x40, 0x38,

    /* U+064B "ً" */
    0x0, 0x84, 0x5, 0xf3, 0x4, 0x40, 0xf8, 0x30,
    0xbe, 0xd0, 0x2e, 0xd8, 0x10,

    /* U+064C "ٌ" */
    0x0, 0x26, 0xd0, 0x4e, 0xea, 0x1c, 0x24, 0x45,
    0x54, 0x0, 0x46, 0xf3, 0x80,

    /* U+064D "ٍ" */
    0x0, 0xf2, 0x46, 0x9a, 0x76, 0xc1, 0x30, 0x47,
    0x80, 0x3b, 0x68, 0x40,

    /* U+064E "َ" */
    0x0, 0xa, 0x89, 0xe6, 0x34, 0xb, 0xb6, 0x4,

    /* U+064F "ُ" */
    0x2, 0xca, 0x0, 0x2c, 0x88, 0x81, 0x61, 0xc5,
    0xf9, 0x74, 0x0,

    /* U+0650 "ِ" */
    0x0, 0x88, 0x4a, 0x76, 0x40, 0x73, 0x6c, 0x40,

    /* U+0651 "ّ" */
    0x0, 0x19, 0x3b, 0x1f, 0x86, 0x72, 0x97, 0xf6,
    0x45, 0x6a, 0x80,

    /* U+0652 "ْ" */
    0x1c, 0xb0, 0x69, 0x23, 0x59, 0x23,

    /* U+0653 "ٓ" */
    0x7e, 0x92, 0x50, 0x7, 0xf6, 0x70, 0x0,

    /* U+0654 "ٔ" */
    0x2c, 0xa0, 0xaa, 0x82, 0xed, 0x2a, 0xa7, 0xc5,

    /* U+0655 "ٕ" */
    0x2c, 0xa0, 0xaa, 0x82, 0xed, 0x2a, 0xa4, 0xc5,

    /* U+0656 "ٖ" */
    0x37, 0xd, 0x0, 0x0,

    /* U+0657 "ٗ" */
    0x0, 0xf2, 0x66, 0x10, 0xa4, 0x31, 0x1e, 0x95,
    0x1, 0x2c, 0x90, 0x0,

    /* U+0658 "٘" */
    0x40, 0x42, 0x81, 0xe1, 0x8c, 0x33, 0x0,

    /* U+0659 "ٙ" */
    0x6c, 0xc8, 0x0,

    /* U+065A "ٚ" */
    0x0, 0xd8, 0x4e, 0xd3, 0x16, 0xca, 0xd6, 0x0,

    /* U+065B "ٛ" */
    0x0, 0xee, 0x80, 0x56, 0x51, 0xe9, 0xb7, 0xb1,
    0x66, 0x0,

    /* U+065C "ٜ" */
    0x0, 0xa3, 0xcf, 0xc0, 0x0,

    /* U+065D "ٝ" */
    0x9, 0xd4, 0x0, 0x24, 0xe8, 0x1, 0xa6, 0x80,
    0x17, 0x5f, 0x20,

    /* U+065E "ٞ" */
    0x0, 0xf6, 0x13, 0x18, 0x6a, 0xe1, 0x84, 0x75,
    0x2, 0xf5, 0xe0, 0x2b, 0x96, 0x80,

    /* U+065F "ٟ" */
    0x0, 0x4e, 0x88, 0x11, 0x34, 0x40, 0x80, 0x4a,
    0x75, 0xa9, 0xe3, 0x75, 0x6a,

    /* U+0660 "٠" */
    0x4a, 0xe, 0x57, 0xa9, 0x70,

    /* U+0661 "١" */
    0xb, 0x20, 0x2, 0xa8, 0x0, 0xba, 0x0, 0x37,
    0x0, 0x71, 0x0, 0x8, 0x4, 0x18, 0x8, 0x8,
    0x1c, 0x2, 0x20, 0x1, 0x8, 0x0, 0x40, 0x2c,
    0x70,

    /* U+0662 "٢" */
    0x0, 0xfe, 0xf4, 0x0, 0xb8, 0xc0, 0xb4, 0x44,
    0xe2, 0x60, 0xed, 0xdc, 0x8a, 0x0, 0x68, 0xee,
    0x7a, 0x80, 0x8, 0x48, 0xc0, 0x33, 0x1, 0x0,
    0x71, 0x0, 0x80, 0x70, 0x83, 0x0, 0x78, 0x4c,
    0x3, 0xc6, 0x20, 0x1e, 0x72, 0x0, 0xc0,

    /* U+0663 "٣" */
    0xa, 0x20, 0x15, 0x6, 0x50, 0x44, 0x2, 0xc0,
    0xf, 0x2, 0xd0, 0xf0, 0x3, 0xdc, 0xc, 0xdc,
    0xa3, 0xef, 0x21, 0xc1, 0xbf, 0x9b, 0xea, 0x4,
    0x6, 0x0, 0x20, 0x9, 0x80, 0x80, 0x3c, 0x40,
    0xe0, 0x1f, 0x88, 0x3, 0xe1, 0x10, 0x7, 0xc7,
    0xe0, 0x1f, 0x64, 0x0, 0x70,

    /* U+0664 "٤" */
    0x0, 0x9f, 0x0, 0x30, 0xe4, 0x20, 0x80, 0x56,
    0x3b, 0x2, 0x1, 0x2c, 0x90, 0x7, 0xc, 0x33,
    0x0, 0x36, 0x4, 0xc0, 0x6, 0x13, 0x6e, 0x0,
    0xdc, 0xd2, 0x1, 0x84, 0xb4, 0x3, 0x84, 0xa1,
    0x51, 0x64, 0xc3, 0xda, 0xee, 0x21,

    /* U+0665 "٥" */
    0x0, 0xfc, 0xbd, 0xf6, 0x20, 0x74, 0xd4, 0xd4,
    0x12, 0x90, 0xbc, 0x84, 0x98, 0x0, 0x30, 0x40,
    0x20, 0x8, 0x84, 0xc8, 0x2, 0x22, 0x2c, 0xb2,
    0xd0, 0x24, 0x3c, 0x53, 0x58, 0x80,

    /* U+0666 "٦" */
    0x34, 0x21, 0x11, 0x80, 0x12, 0xf7, 0xb9, 0x80,
    0x7, 0xec, 0xc5, 0x80, 0x61, 0x33, 0x28, 0x10,
    0x7, 0x8, 0x8, 0x7, 0xcc, 0x1, 0xe2, 0x30,
    0xf, 0xf, 0x0, 0x79, 0x48, 0x3, 0xdc, 0xe0,
    0x1e, 0x32, 0x0, 0xf2, 0xc8, 0x0,

    /* U+0667 "٧" */
    0x0, 0xfe, 0x6c, 0x0, 0xe7, 0x82, 0x33, 0x0,
    0x69, 0x4, 0x2a, 0x0, 0x94, 0x64, 0x29, 0x80,
    0x2e, 0x51, 0x5, 0x5, 0x1, 0x4e, 0x0, 0x11,
    0xf0, 0x30, 0xa0, 0x5, 0x68, 0x16, 0xc0, 0x19,
    0x41, 0x8e, 0x80, 0x31, 0x1c, 0x11, 0x0, 0x39,
    0x5, 0x40, 0x3d, 0x61, 0x80, 0x1e, 0x3f, 0x40,
    0x8,

    /* U+0668 "٨" */
    0x0, 0xd4, 0xa0, 0x1e, 0x35, 0xf0, 0xf, 0x20,
    0x20, 0x7, 0xaa, 0x4, 0xc0, 0x31, 0x11, 0x92,
    0xc0, 0x35, 0x18, 0xe2, 0x80, 0x66, 0xa0, 0x62,
    0x30, 0x2, 0x8b, 0x80, 0xa5, 0x0, 0x25, 0x44,
    0x1, 0xae, 0x6, 0x6e, 0x0, 0x98, 0x59, 0x9,
    0x0, 0x33, 0x63, 0xe8, 0x7, 0x4d, 0x0,

    /* U+0669 "٩" */
    0x0, 0xfc, 0xbd, 0xf6, 0x0, 0x2a, 0x9a, 0x57,
    0x5, 0x37, 0x56, 0xc0, 0x12, 0x41, 0xe5, 0x6,
    0x4b, 0xe9, 0x10, 0x5, 0x76, 0xe8, 0x8, 0x0,
    0x24, 0x40, 0x10, 0xe, 0x26, 0x0, 0xe6, 0x20,
    0xe, 0x3d, 0x0, 0xea, 0x90,

    /* U+066A "٪" */
    0x2, 0xa0, 0x2, 0xc8, 0x52, 0xb0, 0x4f, 0x4,
    0x5b, 0x21, 0x38, 0x1, 0x3, 0xd8, 0x3, 0x1a,
    0x48, 0x6, 0x96, 0x10, 0x8, 0x96, 0xc0, 0x35,
    0xa9, 0x0, 0x42, 0xd2, 0x2, 0x0, 0x94, 0x34,
    0xe5, 0x6, 0xf0, 0x61, 0x0, 0x52, 0x1, 0x72,
    0x80,

    /* U+066B "٫" */
    0x5, 0x70, 0x5, 0x41, 0x83, 0x81, 0x81, 0x30,
    0x1, 0x20, 0x0,

    /* U+066C "٬" */
    0x0, 0x40, 0x82, 0x30, 0x84, 0x30, 0x11, 0xb0,
    0x11, 0x40,

    /* U+066D "٭" */
    0x0, 0x88, 0x40, 0x3c, 0xae, 0x1, 0xeb, 0xd0,
    0x9, 0x7b, 0xcd, 0x3f, 0x51, 0x79, 0x0, 0xb,
    0xa8, 0x0, 0x71, 0x1, 0x0, 0x88, 0x3f, 0x5c,
    0x80, 0x2c, 0x12, 0xc0, 0x0,

    /* U+066E "ٮ" */
    0x0, 0xff, 0xe0, 0xba, 0x1, 0x48, 0x7, 0xfd,
    0x9e, 0xe, 0xe0, 0xf, 0xfb, 0x50, 0x8, 0xc0,
    0x3f, 0xe5, 0x1, 0x11, 0x10, 0x3, 0xfd, 0x62,
    0x27, 0x2d, 0x96, 0x55, 0xcc, 0xf3, 0xaf, 0x40,
    0x3b, 0xb, 0x15, 0x5a, 0x2c, 0xef, 0x90, 0x0,

    /* U+066F "ٯ" */
    0x0, 0xff, 0xe3, 0xaf, 0x7b, 0x80, 0x7c, 0x35,
    0x31, 0x3, 0x3, 0x0, 0xcc, 0x6e, 0xe3, 0xb1,
    0xc5, 0x0, 0xbc, 0x46, 0x62, 0x40, 0x50, 0xa,
    0x8f, 0xb8, 0xa6, 0x42, 0x1, 0x8b, 0xb7, 0x7,
    0xc4, 0x44, 0x1, 0xc4, 0x82, 0xec, 0x38, 0xc6,
    0x24, 0xb7, 0x12, 0x21, 0x8b, 0x39, 0xdb, 0x41,
    0x6c, 0x0, 0x2b, 0xfc, 0xc6, 0xfd, 0xa0, 0x0,

    /* U+0670 "ٰ" */
    0x37, 0xd, 0x0, 0x0,

    /* U+0671 "ٱ" */
    0x0, 0x26, 0xd8, 0x81, 0x46, 0x1, 0x2f, 0x96,
    0x9, 0xae, 0xf6, 0xd0, 0x4, 0x64, 0x1, 0xb9,
    0x40, 0x30, 0x80, 0x7b, 0xc0, 0x33, 0x80, 0x78,
    0x40, 0x3f, 0xc2, 0x60, 0x1f, 0xe3, 0x0, 0xf0,
    0x80, 0x0,

    /* U+0672 "ٲ" */
    0x0, 0x16, 0x50, 0x4, 0xcb, 0x40, 0xb, 0x94,
    0xa3, 0xa, 0xdd, 0x51, 0x80, 0x81, 0x90, 0x6,
    0xe5, 0x0, 0xc2, 0x1, 0xef, 0x0, 0xce, 0x1,
    0xe1, 0x0, 0xff, 0x9, 0x80, 0x7f, 0x8c, 0x3,
    0xc2, 0x0,

    /* U+0673 "ٳ" */
    0x0, 0x6b, 0x80, 0x42, 0x1, 0xde, 0x1, 0x38,
    0x7, 0x8, 0x7, 0xe1, 0x30, 0xf, 0xc6, 0x1,
    0xc2, 0x1, 0x8, 0x6, 0xbe, 0x0, 0xab, 0x80,
    0x4, 0x76, 0x0, 0x21, 0x1, 0x6c, 0x7a, 0x56,
    0xcc, 0x52, 0x0,

    /* U+0674 "ٴ" */
    0x7d, 0x40, 0x9d, 0x40, 0x7a, 0xa0, 0x11, 0x24,
    0x0,

    /* U+0675 "ٵ" */
    0x0, 0x1e, 0x40, 0x5, 0x31, 0x0, 0xd7, 0xcd,
    0x41, 0x10, 0xb, 0xe9, 0x87, 0xbf, 0x49, 0x38,
    0x7, 0x84, 0x3, 0xfc, 0x26, 0x1, 0xfe, 0x30,
    0xf, 0x8, 0x6, 0x10, 0xe, 0xbe, 0x0, 0xc0,

    /* U+0676 "ٶ" */
    0x0, 0xc3, 0x76, 0x0, 0xe4, 0x3b, 0x0, 0xe4,
    0x57, 0x50, 0xc, 0xa1, 0xee, 0x1, 0x93, 0x60,
    0x80, 0x15, 0xfa, 0x60, 0x14, 0x3d, 0x37, 0x0,
    0x4b, 0xb, 0x24, 0x40, 0x1, 0xfa, 0x38, 0x8,
    0x2, 0xde, 0xe8, 0x4, 0x0, 0xbb, 0xec, 0x24,
    0x1, 0x15, 0x35, 0x80, 0xf, 0xb5, 0xed, 0x40,
    0x5, 0x39, 0xa8, 0x1, 0x0,

    /* U+0677 "ٷ" */
    0x0, 0x4e, 0x10, 0x7, 0x11, 0x25, 0x46, 0xf0,
    0x0, 0x4d, 0xa2, 0xe7, 0x80, 0x3, 0x65, 0x64,
    0x57, 0x53, 0x9d, 0xd0, 0x38, 0x7b, 0x9d, 0x30,
    0x1, 0x76, 0x8, 0x2, 0xaf, 0xd2, 0x0, 0xd0,
    0xf4, 0x3c, 0x1, 0x9a, 0x17, 0x8c, 0x40, 0x37,
    0xa3, 0x81, 0x0, 0x56, 0xf7, 0x40, 0x20, 0x12,
    0xef, 0xb0, 0x90, 0x6, 0x3a, 0x6b, 0x0, 0x8f,
    0xb1, 0xed, 0x40, 0x22, 0x9c, 0xd4, 0x0, 0x80,

    /* U+0678 "ٸ" */
    0x0, 0xff, 0xa7, 0x48, 0x3, 0xfc, 0x4b, 0xa4,
    0x1, 0xfe, 0x20, 0x66, 0x0, 0x7f, 0x84, 0xb4,
    0x3, 0xfe, 0x1e, 0xb6, 0x0, 0xff, 0xe4, 0x8d,
    0x7f, 0xa4, 0x3, 0xf0, 0xfb, 0x55, 0x34, 0x3,
    0xf4, 0x16, 0x2a, 0x90, 0x3, 0xf2, 0x20, 0x3,
    0xc3, 0xe4, 0x1, 0x53, 0xd1, 0x80, 0x64, 0x12,
    0x0, 0x9f, 0x3, 0x2c, 0x2, 0x23, 0x0, 0xe3,
    0xac, 0x44, 0x0, 0x4, 0x84, 0x3, 0xd4, 0x28,
    0x0, 0x61, 0xc5, 0x21, 0x26, 0xc7, 0xd0, 0xd,
    0x8d, 0x5b, 0xdb, 0xb, 0xe6, 0x1, 0x8a, 0xff,
    0x31, 0xbd, 0x22, 0x1, 0x80,

    /* U+0679 "ٹ" */
    0x0, 0xf1, 0x20, 0x7, 0xff, 0x9, 0xf0, 0x3,
    0xff, 0x84, 0x2b, 0xd6, 0x1, 0xff, 0xc0, 0x26,
    0xc5, 0x10, 0xf, 0xf0, 0xc2, 0xe4, 0x88, 0x7,
    0xf8, 0x7b, 0xa7, 0x0, 0x94, 0xc0, 0x5c, 0x3,
    0xfe, 0xe9, 0x4, 0x90, 0xf, 0xfb, 0x50, 0x8,
    0xc0, 0x3f, 0xe5, 0x11, 0x88, 0x80, 0x1f, 0xe4,
    0x11, 0x39, 0x64, 0xb2, 0xae, 0x67, 0x9d, 0x8b,
    0x1, 0xc9, 0x58, 0xaa, 0xd1, 0x67, 0x7c, 0xa0,

    /* U+067A "ٺ" */
    0x0, 0xf9, 0x88, 0x3, 0xff, 0x85, 0x68, 0x1,
    0xff, 0xc2, 0xb4, 0x0, 0xff, 0xe1, 0x5a, 0x0,
    0x7f, 0xf0, 0xb5, 0x80, 0x35, 0x30, 0x16, 0x0,
    0x7f, 0xf0, 0x28, 0x10, 0x80, 0x3f, 0xef, 0x30,
    0x13, 0x0, 0xff, 0x98, 0x4, 0x44, 0x40, 0xf,
    0xf5, 0x88, 0x98, 0xb6, 0x59, 0x57, 0x33, 0xce,
    0xb5, 0x0, 0x36, 0xa, 0x2a, 0xb4, 0x59, 0xdf,
    0xa0, 0x0,

    /* U+067B "ٻ" */
    0x0, 0xff, 0xe0, 0xba, 0x1, 0x48, 0x7, 0xfd,
    0x9e, 0xe, 0xe0, 0xf, 0xfb, 0x50, 0x8, 0xc0,
    0x3f, 0xe5, 0x1, 0x11, 0x10, 0x3, 0xfd, 0x62,
    0x27, 0x2d, 0x96, 0x55, 0xcc, 0xf3, 0xaf, 0x40,
    0x3b, 0xb, 0x15, 0x5a, 0x2c, 0xef, 0x90, 0x2,
    0x7c, 0xef, 0xfd, 0xd9, 0x4c, 0x20, 0x1f, 0xd4,
    0x80, 0x1f, 0xfc, 0x21, 0x10, 0x7, 0xff, 0xa,
    0x94, 0x3, 0xe0,

    /* U+067C "ټ" */
    0x0, 0xf3, 0x12, 0x98, 0x7, 0xff, 0x2, 0xdf,
    0xac, 0x3, 0xff, 0x81, 0xab, 0x70, 0x1, 0x53,
    0x1, 0x60, 0x7, 0xff, 0x3, 0x41, 0x8, 0x3,
    0xfe, 0xf4, 0x1, 0x30, 0xf, 0xf9, 0x80, 0x44,
    0x44, 0x0, 0xff, 0x58, 0x89, 0x8b, 0x65, 0x95,
    0x73, 0x3c, 0xeb, 0xc0, 0x3, 0x60, 0xa2, 0xab,
    0x4c, 0x95, 0x31, 0x80, 0x27, 0xbe, 0xf5, 0xb4,
    0xee, 0x64, 0x98, 0x7, 0xee, 0x91, 0x10, 0x7,
    0x80,

    /* U+067D "ٽ" */
    0x0, 0xf6, 0xad, 0xc0, 0x7, 0xff, 0x2, 0x4b,
    0x68, 0x3, 0xff, 0x80, 0x96, 0x4, 0x1, 0xff,
    0xc1, 0xc6, 0x0, 0xd4, 0xc0, 0x58, 0x1, 0xff,
    0xc0, 0xa0, 0x42, 0x0, 0xff, 0xbc, 0xc0, 0x4c,
    0x3, 0xfe, 0x60, 0x11, 0x11, 0x0, 0x3f, 0xd6,
    0x22, 0x62, 0xd9, 0x65, 0x5c, 0xcf, 0x3a, 0xd4,
    0x0, 0xd8, 0x28, 0xaa, 0xd1, 0x67, 0x7e, 0x80,

    /* U+067E "پ" */
    0x0, 0xff, 0xe0, 0xba, 0x1, 0x48, 0x7, 0xfd,
    0x9e, 0xe, 0xe0, 0xf, 0xfb, 0x50, 0x8, 0xc0,
    0x3f, 0xe5, 0x1, 0x11, 0x10, 0x3, 0xfd, 0x62,
    0x27, 0x2d, 0x96, 0x55, 0xcc, 0xf3, 0xaf, 0x40,
    0x3b, 0xb, 0x15, 0x5a, 0x2c, 0xef, 0x90, 0x2,
    0x7c, 0xef, 0xae, 0xac, 0xc5, 0x30, 0x80, 0x7e,
    0x84, 0x94, 0x0, 0xff, 0xe0, 0x68, 0x6b, 0x0,
    0x7f, 0xf0, 0x65, 0x0, 0x3e,

    /* U+067F "ٿ" */
    0x0, 0xf3, 0x12, 0x98, 0x7, 0xff, 0x2, 0xdf,
    0xac, 0x3, 0xff, 0x81, 0x6f, 0xd6, 0x1, 0xff,
    0xc0, 0xb7, 0xeb, 0x0, 0xff, 0xe0, 0x6a, 0xdc,
    0x0, 0x54, 0xc0, 0x58, 0x1, 0xff, 0xc0, 0xa0,
    0x42, 0x0, 0xff, 0xbc, 0xc0, 0x4c, 0x3, 0xfe,
    0x60, 0x11, 0x11, 0x0, 0x3f, 0xd6, 0x22, 0x62,
    0xd9, 0x65, 0x5c, 0xcf, 0x3a, 0xd4, 0x0, 0xd8,
    0x28, 0xaa, 0xd1, 0x67, 0x7e, 0x80,

    /* U+0680 "ڀ" */
    0x0, 0xff, 0xe0, 0xba, 0x1, 0x48, 0x7, 0xfd,
    0x9e, 0xe, 0xe0, 0xf, 0xfb, 0x50, 0x8, 0xc0,
    0x3f, 0xe5, 0x1, 0x11, 0x10, 0x3, 0xfd, 0x62,
    0x27, 0x2d, 0x96, 0x55, 0xcc, 0xf3, 0xaf, 0x40,
    0x3b, 0xb, 0x15, 0x5a, 0x2c, 0xef, 0x90, 0x2,
    0x7c, 0xef, 0xad, 0xbc, 0xc5, 0x30, 0x80, 0x7e,
    0x94, 0xf5, 0x0, 0xff, 0xe0, 0x4a, 0x7a, 0x80,
    0x7f, 0xf0, 0x25, 0x3d, 0x40, 0x3c,

    /* U+0681 "ځ" */
    0x0, 0x8f, 0x20, 0x3, 0xea, 0x88, 0x0, 0x7d,
    0xb0, 0xe6, 0x1, 0xec, 0x70, 0x20, 0xf, 0x45,
    0xb8, 0x80, 0x7f, 0xf0, 0x57, 0xfe, 0xc8, 0x42,
    0x10, 0x5f, 0xfa, 0x12, 0xf7, 0x88, 0x2, 0x49,
    0x33, 0x45, 0x90, 0x2, 0x6d, 0xf7, 0x1d, 0x0,
    0x10, 0xd7, 0x44, 0x1, 0x89, 0xe9, 0x0, 0x3d,
    0x66, 0xa0, 0x1f, 0x2a, 0x0, 0x7f, 0x8, 0x7,
    0xe4, 0x72, 0x0, 0xfa, 0x4f, 0x20, 0xc4, 0x92,
    0xc, 0x71, 0xdb, 0x3b, 0x6c, 0xc0, 0x3, 0x3d,
    0xb9, 0xbf, 0x66,

    /* U+0682 "ڂ" */
    0x0, 0xd5, 0x20, 0x1f, 0xbf, 0x40, 0x3f, 0x66,
    0x80, 0x7e, 0xdd, 0x0, 0x7e, 0x44, 0x0, 0x65,
    0xff, 0x74, 0x8, 0x7, 0x3d, 0xca, 0xf4, 0x98,
    0x82, 0xc2, 0x3e, 0xab, 0x67, 0x10, 0x4, 0xda,
    0xa9, 0x14, 0x40, 0xb, 0x95, 0xfb, 0x75, 0x0,
    0x5b, 0x74, 0x0, 0x72, 0xa6, 0x8, 0x7, 0xb9,
    0x84, 0x3, 0xe7, 0x10, 0xf, 0xcc, 0xa0, 0x1f,
    0xa0, 0xf9, 0xcc, 0x44, 0x6e, 0x44, 0xf4, 0x8c,
    0xee, 0x66, 0x4, 0x6, 0xbf, 0x73, 0x7e, 0xcc,

    /* U+0683 "ڃ" */
    0x0, 0xff, 0x2f, 0xfd, 0xb2, 0xa4, 0x20, 0xbf,
    0xf7, 0x1d, 0x6f, 0x38, 0x4, 0x9e, 0xa6, 0xf4,
    0xa0, 0x9, 0xb6, 0xdc, 0x85, 0x20, 0x96, 0xba,
    0x20, 0xc, 0x6d, 0x68, 0x1, 0xea, 0x34, 0x7,
    0x6, 0x10, 0x2, 0xa0, 0x14, 0x95, 0xa8, 0x7,
    0x17, 0x16, 0xa0, 0x1, 0x54, 0x1, 0xfa, 0xcf,
    0x58, 0xc4, 0x46, 0xcc, 0x2c, 0x48, 0xce, 0xe6,
    0x58, 0x81, 0x4f, 0x73, 0x31, 0xda, 0xe0,

    /* U+0684 "ڄ" */
    0x0, 0xff, 0x2f, 0xfd, 0x90, 0x84, 0x20, 0xbf,
    0xf4, 0x25, 0xef, 0x10, 0x4, 0x92, 0x66, 0x8b,
    0x20, 0x4, 0xdb, 0xee, 0x3a, 0x0, 0x21, 0xae,
    0x88, 0x3, 0x13, 0xd2, 0x3, 0x88, 0x5, 0x66,
    0xa0, 0x32, 0x40, 0x12, 0xa0, 0x0, 0x64, 0x80,
    0x30, 0x80, 0x6, 0x48, 0x2, 0x47, 0x20, 0x1e,
    0x30, 0xa, 0x4f, 0x20, 0xc4, 0x92, 0xc, 0x71,
    0xdb, 0x3b, 0x6c, 0xc0, 0x3, 0x3d, 0xb9, 0xbf,
    0x66,

    /* U+0685 "څ" */
    0x0, 0xc8, 0x80, 0xf, 0xdb, 0xa0, 0xf, 0xa8,
    0x7a, 0xc0, 0x3d, 0xf8, 0x9c, 0x1, 0xe5, 0x43,
    0x50, 0x9, 0x7f, 0xdd, 0x2, 0x1, 0xcf, 0x72,
    0xbd, 0x26, 0x20, 0xb0, 0x8f, 0xaa, 0xd9, 0xc4,
    0x1, 0x36, 0xaa, 0x45, 0x10, 0x2, 0xe5, 0x7e,
    0xdd, 0x40, 0x16, 0xdd, 0x0, 0x1c, 0xa9, 0x82,
    0x1, 0xee, 0x61, 0x0, 0xf9, 0xc4, 0x3, 0xf3,
    0x28, 0x7, 0xe8, 0x3e, 0x73, 0x11, 0x1b, 0x91,
    0x3d, 0x23, 0x3b, 0x99, 0x81, 0x1, 0xaf, 0xdc,
    0xdf, 0xb3,

    /* U+0686 "چ" */
    0x0, 0xff, 0x2f, 0xfd, 0xb2, 0xa4, 0x20, 0xbf,
    0xf7, 0x1d, 0x6f, 0x38, 0x4, 0x9e, 0xa6, 0xf4,
    0xa0, 0x9, 0xb6, 0xdc, 0x85, 0x20, 0x96, 0xba,
    0x20, 0xc, 0x6d, 0x68, 0xe0, 0xe2, 0x0, 0xa3,
    0x42, 0x92, 0xa5, 0x0, 0x2a, 0x1, 0x72, 0xe2,
    0x0, 0x78, 0x64, 0x80, 0x25, 0x50, 0x0, 0x78,
    0xc0, 0x2b, 0x3d, 0x73, 0x11, 0x1b, 0x30, 0xb1,
    0x27, 0x3b, 0x99, 0x62, 0x5, 0x3d, 0xcc, 0xc7,
    0x6b, 0x80,

    /* U+0687 "ڇ" */
    0x0, 0xff, 0x2f, 0xfd, 0xb2, 0xa4, 0x20, 0xbf,
    0xf7, 0x1d, 0x6f, 0x38, 0x4, 0x9e, 0xa6, 0xf4,
    0xa0, 0x9, 0xb6, 0xdc, 0x85, 0x20, 0x96, 0xba,
    0x20, 0xc, 0x6d, 0x68, 0xe0, 0xe2, 0x0, 0xa3,
    0x42, 0x92, 0xa5, 0x0, 0x2a, 0x1, 0x49, 0x52,
    0x80, 0x71, 0x49, 0x52, 0x80, 0x15, 0x40, 0x5c,
    0x5a, 0x80, 0xb, 0x3d, 0x73, 0x11, 0x1b, 0xb1,
    0x62, 0x4e, 0x77, 0x32, 0x84, 0xa, 0x7b, 0x99,
    0x8e, 0xd7,

    /* U+0688 "ڈ" */
    0x0, 0x28, 0x80, 0x77, 0x90, 0x7, 0xbf, 0x9c,
    0x2, 0x1b, 0xac, 0x0, 0x32, 0xcc, 0xa0, 0x0,
    0xdd, 0xcd, 0x30, 0xe, 0x10, 0xe, 0x3e, 0x20,
    0xc, 0x69, 0xc0, 0x1d, 0x46, 0xa0, 0x18, 0x5b,
    0x80, 0x3b, 0x98, 0x6d, 0xd5, 0xe5, 0xc0, 0x66,
    0xa5, 0xe8,

    /* U+0689 "ډ" */
    0x0, 0xca, 0x1, 0xc7, 0x4a, 0x1, 0x8d, 0xac,
    0x3, 0xa4, 0x18, 0x3, 0x9e, 0x80, 0x3b, 0x84,
    0x56, 0xea, 0xf2, 0x86, 0x31, 0x50, 0xf2, 0x54,
    0x5a, 0x72, 0x1, 0x2f, 0xd0, 0x0,

    /* U+068A "ڊ" */
    0x0, 0xca, 0x1, 0xc7, 0x4a, 0x1, 0x8d, 0xac,
    0x3, 0xa4, 0x18, 0x3, 0x9e, 0x80, 0x3b, 0x84,
    0x56, 0xea, 0xf2, 0x80, 0x33, 0x52, 0xf2, 0x35,
    0xdf, 0xd2, 0x1, 0x9c, 0x40, 0x30, 0xc9, 0x0,
    0x0,

    /* U+068B "ڋ" */
    0x0, 0x28, 0x80, 0x77, 0x90, 0x7, 0xbf, 0x9c,
    0x2, 0x1b, 0xac, 0x0, 0x32, 0xcc, 0xa0, 0x0,
    0xdd, 0xcd, 0x30, 0xe, 0x10, 0xe, 0x3e, 0x20,
    0xc, 0x69, 0xc0, 0x1d, 0x46, 0xa0, 0x18, 0x5b,
    0x80, 0x3b, 0x98, 0x6d, 0xd5, 0xe5, 0xc0, 0x66,
    0xa5, 0xe8, 0x6b, 0xbf, 0xa4, 0x3, 0x38, 0x80,
    0x61, 0x92, 0x0, 0x0,

    /* U+068C "ڌ" */
    0x1, 0x70, 0x71, 0x0, 0x2c, 0x94, 0x90, 0x1,
    0x38, 0xb8, 0xc0, 0x39, 0x40, 0x38, 0xe9, 0x40,
    0x31, 0xb5, 0x80, 0x74, 0x83, 0x0, 0x73, 0xe8,
    0x7, 0x73, 0xd, 0xba, 0xbc, 0xa0, 0xc, 0xd4,
    0xbc, 0x80,

    /* U+068D "ڍ" */
    0x0, 0xca, 0x1, 0xc7, 0x4a, 0x1, 0x8d, 0xac,
    0x3, 0xa4, 0x18, 0x3, 0x9e, 0x80, 0x3b, 0x84,
    0x56, 0xea, 0xf2, 0x80, 0x33, 0x52, 0xf2, 0x35,
    0xdf, 0xd2, 0x1, 0x38, 0xb1, 0x0, 0x6, 0x4a,
    0xdc, 0x0,

    /* U+068E "ڎ" */
    0x0, 0x9c, 0x3, 0x8a, 0x48, 0x2, 0x15, 0xe5,
    0x10, 0x1, 0x49, 0x49, 0x0, 0xf, 0x8b, 0x8c,
    0x3, 0x94, 0x3, 0x8e, 0x94, 0x3, 0x1b, 0x58,
    0x7, 0x48, 0x30, 0x7, 0x3e, 0x80, 0x77, 0x30,
    0xdb, 0xab, 0xca, 0x0, 0xcd, 0x4b, 0xc8,

    /* U+068F "ڏ" */
    0x1, 0x70, 0x71, 0x0, 0x14, 0x94, 0x90, 0x0,
    0xf9, 0x78, 0xc0, 0x22, 0x92, 0x0, 0xc5, 0xc4,
    0x1, 0xe5, 0x0, 0xe3, 0xa5, 0x0, 0xc6, 0xd6,
    0x1, 0xd2, 0xc, 0x1, 0xcf, 0xa0, 0x1d, 0xcc,
    0x36, 0xea, 0xf2, 0x80, 0x33, 0x52, 0xf2,

    /* U+0690 "ڐ" */
    0x1, 0x70, 0x71, 0x0, 0x14, 0x94, 0x90, 0x0,
    0xa4, 0xa4, 0x80, 0x5, 0x25, 0x24, 0x0, 0x3e,
    0x2e, 0x30, 0xe, 0x50, 0xe, 0x3a, 0x50, 0xc,
    0x6d, 0x60, 0x1d, 0x20, 0xc0, 0x1c, 0xfa, 0x1,
    0xdc, 0xc3, 0x6e, 0xaf, 0x28, 0x3, 0x35, 0x2f,
    0x20,

    /* U+0691 "ڑ" */
    0x0, 0xfe, 0x49, 0x0, 0xf2, 0x76, 0x0, 0x44,
    0x38, 0x42, 0x0, 0x82, 0xc6, 0x10, 0x7, 0x75,
    0x0, 0x1f, 0xf0, 0xc0, 0x7, 0x1b, 0xa0, 0x6,
    0x24, 0xd0, 0xe, 0xc5, 0x0, 0xff, 0xe0, 0x5a,
    0x0, 0x67, 0x29, 0x0, 0x1d, 0xc5, 0x8, 0x1e,
    0x3e, 0xa0, 0x0, 0xf3, 0x4, 0x1, 0x0,

    /* U+0692 "ڒ" */
    0x0, 0x50, 0x2a, 0x80, 0x1a, 0xf2, 0x80, 0x7,
    0x95, 0x10, 0xb, 0x24, 0x3, 0x10, 0x7, 0x8c,
    0x3, 0x26, 0x10, 0x4, 0x85, 0x40, 0x19, 0x4c,
    0x3, 0x73, 0x80, 0x6c, 0x50, 0x8, 0xd6, 0x80,
    0xd, 0x8e, 0x66, 0xe9, 0x88, 0x1, 0xb7, 0x38,
    0x0,

    /* U+0693 "ړ" */
    0x0, 0x8e, 0xc0, 0x38, 0x91, 0x40, 0x30, 0xaf,
    0x80, 0x76, 0x30, 0x7, 0x73, 0x80, 0x72, 0xe8,
    0x6, 0xb2, 0xd1, 0x13, 0xf2, 0x46, 0x21, 0xcb,
    0x6d, 0xe2, 0x17, 0x41, 0x65, 0x88,

    /* U+0694 "ڔ" */
    0x0, 0x85, 0xc0, 0x31, 0x41, 0x80, 0x46, 0x94,
    0x1, 0xb1, 0x40, 0x3f, 0xd8, 0x80, 0x13, 0x24,
    0x81, 0x54, 0xd0, 0x9e, 0xbe, 0x32, 0x1d, 0xe9,
    0xdf, 0x0,

    /* U+0695 "ڕ" */
    0x0, 0xc6, 0x1, 0x93, 0x8, 0x2, 0x42, 0xa0,
    0xc, 0xa6, 0x1, 0xb9, 0xc0, 0x36, 0x28, 0x4,
    0x6b, 0x40, 0x6, 0xc7, 0x33, 0x74, 0xc4, 0x0,
    0xdb, 0x94, 0xc, 0x20, 0x65, 0x10, 0x1, 0x7d,
    0x38, 0x4, 0x9c, 0x0,

    /* U+0696 "ږ" */
    0x0, 0xca, 0x1, 0x92, 0x8c, 0x2, 0x43, 0xb0,
    0xd, 0x68, 0x6, 0xa0, 0x19, 0x38, 0x31, 0x41,
    0xed, 0x92, 0x0, 0xa6, 0x54, 0x27, 0xa9, 0x8c,
    0x87, 0x7a, 0x77, 0xc0,

    /* U+0697 "ڗ" */
    0x0, 0x31, 0x29, 0x80, 0x2d, 0xfe, 0xc0, 0x1a,
    0xb5, 0x0, 0x1f, 0xc9, 0xc2, 0x1, 0x20, 0x38,
    0x6, 0x7d, 0x0, 0xde, 0xe0, 0x1b, 0x98, 0x2,
    0x16, 0xf0, 0x1, 0x62, 0xa8, 0xa7, 0x5a, 0xc0,
    0xd6, 0xac, 0x0,

    /* U+0698 "ژ" */
    0x0, 0x94, 0xc0, 0x37, 0x20, 0x4, 0xd2, 0x46,
    0x0, 0xb4, 0xfb, 0x0, 0x6b, 0x54, 0x0, 0x7f,
    0x27, 0x8, 0x4, 0x80, 0xe0, 0x19, 0xf4, 0x3,
    0x7b, 0x80, 0x6e, 0x60, 0x8, 0x5b, 0xc0, 0x5,
    0x8a, 0xa2, 0x9d, 0x6b, 0x3, 0x5a, 0xb0, 0x0,

    /* U+0699 "ڙ" */
    0x0, 0x31, 0x29, 0x80, 0x2d, 0x3e, 0xc0, 0x16,
    0x9f, 0x60, 0xb, 0x4f, 0xb0, 0x6, 0xb5, 0x40,
    0x7, 0xf2, 0x70, 0x80, 0x48, 0xe, 0x1, 0x9f,
    0x40, 0x37, 0xb8, 0x6, 0xe6, 0x0, 0x85, 0xbc,
    0x0, 0x58, 0xaa, 0x29, 0xd6, 0xb0, 0x35, 0xab,
    0x0, 0x0,

    /* U+069A "ښ" */
    0x0, 0xff, 0xe0, 0x1a, 0x80, 0x7f, 0xf1, 0x53,
    0x80, 0x3f, 0xf8, 0xaf, 0x60, 0x1, 0x40, 0xf,
    0xfe, 0x2b, 0xd8, 0x7, 0xf2, 0xa0, 0x4, 0xa6,
    0xe, 0x8, 0x1, 0xfb, 0xfc, 0x1, 0x42, 0x80,
    0x99, 0x82, 0xc4, 0x3, 0xb1, 0x0, 0x2, 0x44,
    0x0, 0x3f, 0xaa, 0x8, 0x7, 0x10, 0x52, 0xd0,
    0x72, 0xb2, 0x61, 0x10, 0x3, 0xce, 0xd, 0x4d,
    0x4d, 0x51, 0x4, 0x12, 0x10, 0xe, 0xb2, 0xcf,
    0xd5, 0xcf, 0xe7, 0x6, 0x1c, 0x52, 0x13, 0x97,
    0x80, 0x0, 0xb8, 0x7, 0xbd, 0xeb, 0x7b, 0x12,
    0x94, 0x0, 0x52, 0x20, 0x1c, 0x35, 0xf9, 0x8e,
    0xd5, 0x0, 0x8f, 0x84, 0x3, 0x0,

    /* U+069B "ڛ" */
    0x0, 0xff, 0xe2, 0xa, 0x80, 0x7f, 0xf1, 0x5e,
    0x84, 0x3, 0xf2, 0xa0, 0x4, 0xc6, 0xe, 0xa,
    0x1, 0xfb, 0xfc, 0x1, 0x5a, 0x80, 0x99, 0x82,
    0xc4, 0x3, 0xb1, 0x0, 0x2, 0x44, 0x0, 0x3f,
    0xaa, 0x8, 0x7, 0x10, 0x52, 0xd0, 0x72, 0xb2,
    0x61, 0x10, 0x3, 0xce, 0xd, 0x4d, 0x4d, 0x51,
    0x4, 0x12, 0x10, 0xe, 0xb2, 0xce, 0xb5, 0xaf,
    0xe7, 0x6, 0x1c, 0x52, 0x13, 0x97, 0x80, 0x2b,
    0x3b, 0x10, 0xd, 0xef, 0x5b, 0xd8, 0x94, 0xa0,
    0x7d, 0x9a, 0x20, 0x18, 0x6b, 0xf3, 0x1d, 0xaa,
    0x1, 0x1e, 0x80, 0x70,

    /* U+069C "ڜ" */
    0x0, 0xff, 0xe0, 0x1b, 0x0, 0x7f, 0xf1, 0x56,
    0x80, 0x3f, 0xf8, 0x86, 0x6e, 0x60, 0xf, 0xfe,
    0x1d, 0xfb, 0xd8, 0x7, 0xff, 0xe, 0x29, 0x74,
    0x5, 0x0, 0x3f, 0xf8, 0xaf, 0x60, 0x1f, 0xca,
    0x80, 0x12, 0x98, 0x38, 0x20, 0x7, 0xef, 0xf0,
    0x5, 0xa, 0x2, 0x66, 0xb, 0x10, 0xe, 0xc4,
    0x0, 0x9, 0x10, 0x0, 0xfe, 0xa8, 0x20, 0x1c,
    0x41, 0x4b, 0x41, 0xca, 0xc9, 0x84, 0x40, 0xf,
    0x38, 0x35, 0x35, 0x35, 0x44, 0x10, 0x48, 0x40,
    0x3a, 0xcb, 0x3a, 0xd6, 0xbf, 0x9c, 0x18, 0x71,
    0x48, 0x4e, 0x5e, 0x0, 0xac, 0xec, 0x40, 0x37,
    0xbd, 0x6f, 0x62, 0x52, 0x81, 0xf6, 0x68, 0x80,
    0x61, 0xaf, 0xcc, 0x76, 0xa8, 0x4, 0x7a, 0x1,
    0xc0,

    /* U+069D "ڝ" */
    0x0, 0xff, 0xeb, 0x8c, 0xff, 0xb4, 0xc0, 0x3f,
    0x95, 0x0, 0x25, 0xe5, 0xaa, 0xe, 0x80, 0x7f,
    0x7f, 0x80, 0xb, 0x51, 0x8a, 0xae, 0x12, 0xc,
    0x20, 0xe, 0xc4, 0x23, 0xaa, 0x38, 0x4, 0x80,
    0x4a, 0x64, 0x1, 0xca, 0x1b, 0xa3, 0x5, 0x67,
    0xc9, 0x90, 0x11, 0x0, 0x3f, 0x4a, 0x95, 0x52,
    0x29, 0x75, 0x80, 0x48, 0x40, 0x3a, 0x49, 0xaf,
    0xbf, 0xdd, 0xb2, 0x40, 0x6, 0x2c, 0x51, 0x11,
    0xd2, 0xc0, 0x0, 0x5c, 0x1c, 0x40, 0x3b, 0x1e,
    0xbb, 0x98, 0xf4, 0xa0, 0x2, 0x92, 0x92, 0x0,
    0xe1, 0xaf, 0xcc, 0x76, 0xa8, 0x4, 0x7c, 0x5c,
    0x60, 0x18,

    /* U+069E "ڞ" */
    0x0, 0xff, 0xe2, 0x5c, 0x0, 0x7f, 0xf1, 0x9b,
    0x7d, 0x0, 0x3f, 0xf8, 0xb4, 0x1d, 0xa0, 0x1f,
    0xfc, 0x5c, 0x69, 0x90, 0x7, 0xff, 0x64, 0x67,
    0xfd, 0xa6, 0x1, 0xfc, 0xa8, 0x1, 0x2f, 0x2d,
    0x50, 0x74, 0x3, 0xfb, 0xfc, 0x0, 0x5a, 0x8c,
    0x55, 0x70, 0x90, 0x61, 0x0, 0x76, 0x21, 0x1d,
    0x51, 0xc0, 0x24, 0x2, 0x53, 0x20, 0xe, 0x50,
    0xdd, 0x18, 0x2b, 0x3e, 0x4c, 0x80, 0x88, 0x1,
    0xfa, 0x54, 0xaa, 0x91, 0x4b, 0xac, 0x2, 0x42,
    0x1, 0xd2, 0x4d, 0x7d, 0xfe, 0xed, 0x92, 0x0,
    0x31, 0x62, 0x88, 0x8e, 0x96, 0x0, 0x3f, 0xf8,
    0x18, 0xf5, 0xdc, 0xc7, 0xa5, 0x0, 0xff, 0xe0,
    0xd, 0x7e, 0x63, 0xb5, 0x40, 0x3f, 0xf8, 0x0,

    /* U+069F "ڟ" */
    0x0, 0xb9, 0x80, 0xb, 0xa0, 0x1e, 0x31, 0x2,
    0x25, 0xb8, 0x7, 0xe4, 0xb5, 0x90, 0xe, 0x1f,
    0x6, 0xc3, 0xe0, 0xf, 0x8, 0x7, 0xf9, 0xc0,
    0x7, 0x7f, 0xeb, 0x10, 0x8, 0x4e, 0x30, 0x6e,
    0x56, 0xc0, 0x32, 0xb6, 0x52, 0x34, 0x38, 0x6,
    0x1c, 0x30, 0xb, 0x19, 0x1d, 0xca, 0xe8, 0xcf,
    0x3c, 0x92, 0x75, 0x20, 0xd3, 0x32, 0xcf, 0x90,

    /* U+06A0 "ڠ" */
    0x0, 0xad, 0xc0, 0x3f, 0x72, 0x0, 0x7d, 0x87,
    0x52, 0x1, 0xea, 0x4d, 0xd0, 0x7, 0x98, 0x91,
    0x0, 0x1c, 0x79, 0xfe, 0x40, 0xc, 0x38, 0xf7,
    0x4a, 0x1, 0x90, 0x2d, 0x14, 0x40, 0x3c, 0x20,
    0x10, 0x80, 0x4a, 0x5e, 0xf5, 0xf4, 0x1, 0xbc,
    0x60, 0x66, 0x40, 0x1b, 0x8f, 0x6d, 0x88, 0x2,
    0x72, 0xc2, 0x0, 0xf6, 0x38, 0x7, 0xe7, 0x10,
    0xf, 0xcc, 0xa2, 0x1, 0xf4, 0x1e, 0x31, 0x9,
    0x24, 0x1, 0x62, 0x4e, 0xf6, 0xd9, 0x88, 0x14,
    0xfe, 0xe6, 0xfd, 0x88,

    /* U+06A1 "ڡ" */
    0x0, 0xff, 0xe7, 0xe, 0x7d, 0x80, 0x7f, 0xf0,
    0x29, 0xe9, 0x60, 0x5, 0x80, 0x3e, 0x14, 0x95,
    0x95, 0x4, 0x80, 0xf, 0x8c, 0x18, 0x4, 0x80,
    0x8c, 0x3, 0xe2, 0x4b, 0xf9, 0x0, 0x9, 0x8,
    0x7, 0xd7, 0xd8, 0xe4, 0xe, 0x3f, 0xc, 0x89,
    0xe5, 0x53, 0x28, 0xf, 0xca, 0x45, 0xdf, 0xd0,
    0x90, 0x0,

    /* U+06A2 "ڢ" */
    0x0, 0xff, 0xe7, 0xe, 0x7d, 0x80, 0x7f, 0xf0,
    0x29, 0xe9, 0x60, 0x5, 0x80, 0x3e, 0x14, 0x95,
    0x95, 0x4, 0x80, 0xf, 0x8c, 0x18, 0x4, 0x80,
    0x8c, 0x3, 0xe2, 0x4b, 0xf9, 0x0, 0x9, 0x8,
    0x7, 0xd7, 0xd8, 0xe4, 0xe, 0x3f, 0xc, 0x89,
    0xe5, 0x53, 0x28, 0xf, 0xca, 0x45, 0xdf, 0xd0,
    0x90, 0x0, 0x17, 0xce, 0xff, 0xfb, 0xa8, 0x3,
    0xf0, 0xb8, 0x7, 0xff, 0x9, 0x64, 0x3, 0xf0,

    /* U+06A3 "ڣ" */
    0x0, 0xff, 0x9e, 0xc0, 0x3f, 0xf8, 0x49, 0xc0,
    0x1f, 0xfc, 0x23, 0x50, 0xf, 0xfe, 0x8, 0xe7,
    0xd8, 0x7, 0xff, 0x2, 0x9e, 0x96, 0x0, 0x58,
    0x3, 0xe1, 0x49, 0x59, 0x50, 0x48, 0x0, 0xf8,
    0xc1, 0x80, 0x48, 0x8, 0xc0, 0x3e, 0x24, 0xbf,
    0x90, 0x0, 0x90, 0x80, 0x7d, 0x7d, 0x8e, 0x40,
    0xe3, 0xf0, 0xc8, 0x9e, 0x55, 0x32, 0x80, 0xfc,
    0xa4, 0x5d, 0xfd, 0x9, 0x0, 0x1, 0x7c, 0xef,
    0xff, 0xba, 0x80, 0x3f, 0xf8, 0x26, 0xa0, 0x1f,
    0xfc, 0x24, 0xe0, 0x8,

    /* U+06A4 "ڤ" */
    0x0, 0xff, 0x9a, 0xc0, 0x3f, 0xf8, 0x4b, 0xa0,
    0x1f, 0xfc, 0x18, 0x93, 0xd0, 0xf, 0xfe, 0x5,
    0xfb, 0xd8, 0x7, 0xff, 0x0, 0xd4, 0x98, 0x3,
    0xff, 0x80, 0x39, 0xf6, 0x1, 0xff, 0xc0, 0xa7,
    0xa5, 0x80, 0x16, 0x0, 0xf8, 0x52, 0x56, 0x54,
    0x12, 0x0, 0x3e, 0x30, 0x60, 0x12, 0x2, 0x30,
    0xf, 0x89, 0x2f, 0xe4, 0x0, 0x24, 0x20, 0x1f,
    0x5f, 0x63, 0x90, 0x38, 0xfc, 0x32, 0x27, 0x95,
    0x4c, 0xa0, 0x3f, 0x29, 0x17, 0x7f, 0x42, 0x40,
    0x0,

    /* U+06A5 "ڥ" */
    0x0, 0xff, 0xe7, 0xe, 0x7d, 0x80, 0x7f, 0xf0,
    0x29, 0xe9, 0x60, 0x5, 0x80, 0x3e, 0x14, 0x95,
    0x95, 0x4, 0x80, 0xf, 0x8c, 0x18, 0x4, 0x80,
    0x8c, 0x3, 0xe2, 0x4b, 0xf9, 0x0, 0x9, 0x8,
    0x7, 0xd7, 0xd8, 0xe4, 0xe, 0x3f, 0xc, 0x89,
    0xe5, 0x53, 0x28, 0xf, 0xca, 0x45, 0xdf, 0xd0,
    0x90, 0x0, 0x17, 0xce, 0xff, 0xfb, 0xa8, 0x3,
    0xff, 0x80, 0xa6, 0x65, 0x0, 0xff, 0xe0, 0x7d,
    0xa7, 0x0, 0x7f, 0xf0, 0x2b, 0xe, 0xc0, 0x3f,
    0xf8, 0x3b, 0xa0, 0x8,

    /* U+06A6 "ڦ" */
    0x0, 0xff, 0x1a, 0x93, 0x0, 0x7f, 0xf0, 0x2f,
    0xde, 0xc0, 0x3f, 0xf8, 0x11, 0x4b, 0xa0, 0x1f,
    0xfc, 0x8, 0xa5, 0xd0, 0xf, 0xfe, 0x5, 0xfb,
    0xd8, 0x7, 0xff, 0x0, 0xd4, 0x98, 0x3, 0xff,
    0x80, 0x39, 0xf6, 0x1, 0xff, 0xc0, 0xa7, 0xa5,
    0x80, 0x16, 0x0, 0xf8, 0x52, 0x56, 0x54, 0x12,
    0x0, 0x3e, 0x30, 0x60, 0x12, 0x2, 0x30, 0xf,
    0x89, 0x2f, 0xe4, 0x0, 0x24, 0x20, 0x1f, 0x5f,
    0x63, 0x90, 0x38, 0xfc, 0x32, 0x27, 0x95, 0x4c,
    0xa0, 0x3f, 0x29, 0x17, 0x7f, 0x42, 0x40, 0x0,

    /* U+06A7 "ڧ" */
    0x0, 0xfc, 0x6a, 0x1, 0xfe, 0x4e, 0x0, 0xff,
    0x3d, 0x80, 0x7f, 0xf2, 0x57, 0xbd, 0xc0, 0x3e,
    0x1a, 0x98, 0x81, 0x81, 0x80, 0x66, 0x37, 0x71,
    0xd8, 0xe2, 0x80, 0x5e, 0x23, 0x31, 0x20, 0x28,
    0x5, 0x47, 0xdc, 0x53, 0x21, 0x0, 0xc5, 0xdb,
    0x83, 0xe2, 0x22, 0x0, 0xe2, 0x41, 0x76, 0x1c,
    0x63, 0x12, 0x5b, 0x89, 0x10, 0xc5, 0x9c, 0xed,
    0xa0, 0xb6, 0x0, 0x15, 0xfe, 0x63, 0x7e, 0xd0,
    0x0,

    /* U+06A8 "ڨ" */
    0x0, 0xfc, 0xf6, 0x1, 0xfe, 0x4e, 0x0, 0xfe,
    0x89, 0xd, 0x0, 0xfd, 0x9e, 0xf6, 0x1, 0xf9,
    0x14, 0x98, 0x3, 0xf2, 0xf7, 0xb8, 0x7, 0xc3,
    0x53, 0x10, 0x30, 0x30, 0xc, 0xc6, 0xee, 0x3b,
    0x1c, 0x50, 0xb, 0xc4, 0x66, 0x24, 0x5, 0x0,
    0xa8, 0xfb, 0x8a, 0x64, 0x20, 0x18, 0xbb, 0x70,
    0x7c, 0x44, 0x40, 0x1c, 0x48, 0x2e, 0xc3, 0x8c,
    0x62, 0x4b, 0x71, 0x22, 0x18, 0xb3, 0x9d, 0xb4,
    0x16, 0xc0, 0x2, 0xbf, 0xcc, 0x6f, 0xda, 0x0,
    0x0,

    /* U+06A9 "ک" */
    0x0, 0xff, 0xe0, 0xb, 0x0, 0x7f, 0xc3, 0x3d,
    0x60, 0x1f, 0xe8, 0xe4, 0xad, 0x0, 0xfe, 0xb6,
    0x9d, 0x50, 0xf, 0xf2, 0x3b, 0x0, 0x7f, 0xf0,
    0x2d, 0xa8, 0x3, 0x14, 0x80, 0x79, 0x35, 0x28,
    0x2, 0x77, 0x0, 0x7c, 0x58, 0x8c, 0x0, 0x23,
    0x0, 0xfc, 0x51, 0x0, 0x0, 0x91, 0x0, 0x3f,
    0x10, 0x80, 0x1c, 0xb6, 0x59, 0x57, 0x3c, 0xd2,
    0x80, 0x7, 0x61, 0x62, 0xaa, 0xba, 0x3b, 0xa0,
    0x0,

    /* U+06AA "ڪ" */
    0x0, 0xff, 0xe6, 0xad, 0x68, 0x7, 0xfc, 0xdd,
    0x5, 0x20, 0x1f, 0xe9, 0xba, 0xd8, 0x40, 0xf,
    0xe1, 0x68, 0x40, 0xf, 0xfe, 0x0, 0x95, 0x7f,
    0x65, 0xca, 0x80, 0x7e, 0xdb, 0x99, 0x21, 0x9a,
    0xf8, 0x80, 0x3e, 0x46, 0x78, 0x85, 0x71, 0xa0,
    0x2a, 0xff, 0x99, 0xe8, 0x94, 0x6e, 0xab, 0xfa,
    0x2c, 0xf4, 0xc0,

    /* U+06AB "ګ" */
    0x0, 0xff, 0xe0, 0x98, 0x7, 0xff, 0x1, 0x77,
    0x0, 0x3f, 0xcb, 0xb4, 0xe6, 0x20, 0x1f, 0xa7,
    0xfd, 0x6c, 0xe2, 0x1, 0xf9, 0x9c, 0x13, 0x2c,
    0x3, 0xfa, 0x4b, 0x8, 0x2, 0x3e, 0x0, 0xf3,
    0x60, 0x78, 0x80, 0x14, 0x3, 0xf1, 0xe9, 0x40,
    0x0, 0x4c, 0x3, 0xf1, 0xcb, 0x80, 0x8, 0x86,
    0x1, 0xf8, 0x84, 0x0, 0xa5, 0x94, 0xea, 0xb9,
    0xe6, 0x94, 0x2, 0xd8, 0x19, 0xaa, 0xae, 0x8e,
    0xa8, 0x0,

    /* U+06AC "ڬ" */
    0x0, 0xf1, 0x70, 0x80, 0x1f, 0x40, 0x3e, 0x39,
    0x10, 0x0, 0x98, 0x7, 0xc2, 0xe0, 0x1f, 0xfc,
    0x2, 0xc6, 0x0, 0x18, 0x80, 0x7d, 0x36, 0xc0,
    0x1, 0x0, 0x88, 0x3, 0x45, 0x10, 0x7, 0x26,
    0x80, 0x44, 0x86, 0xc0, 0x7, 0x1, 0x32, 0x0,
    0x87, 0xf1, 0x0, 0x31, 0x81, 0x8, 0x0, 0xe0,
    0x80, 0x25, 0x2, 0x61, 0xf9, 0x65, 0x5c, 0xf5,
    0x2e, 0x3, 0xec, 0xb1, 0x55, 0x5d, 0x8e, 0xe0,
    0x0,

    /* U+06AD "ڭ" */
    0x0, 0xf9, 0xc0, 0x3f, 0xf8, 0x5, 0x24, 0x1,
    0xff, 0x17, 0x10, 0x7, 0xf8, 0xf8, 0xb8, 0xc1,
    0xf4, 0x3, 0xc5, 0x25, 0x24, 0x2, 0x60, 0x1e,
    0x17, 0x7, 0x10, 0xf, 0xf1, 0x63, 0x0, 0xc,
    0x40, 0x3e, 0x9b, 0x60, 0x0, 0x80, 0x44, 0x1,
    0xa2, 0x88, 0x3, 0x93, 0x40, 0x22, 0x43, 0x60,
    0x3, 0x80, 0x99, 0x0, 0x43, 0xf8, 0x80, 0x18,
    0xc0, 0x84, 0x0, 0x70, 0x40, 0x12, 0x81, 0x30,
    0xfc, 0xb2, 0xae, 0x7a, 0x97, 0x1, 0xf6, 0x58,
    0xaa, 0xae, 0xc7, 0x70, 0x0,

    /* U+06AE "ڮ" */
    0x0, 0xff, 0x9f, 0x40, 0x3f, 0xf8, 0x2, 0x60,
    0x1f, 0x84, 0x40, 0x1f, 0xf2, 0xfa, 0x0, 0xc,
    0x40, 0x3e, 0xe9, 0x50, 0x0, 0x80, 0x48, 0x1,
    0xaa, 0x88, 0x1, 0xc9, 0x60, 0x11, 0xd9, 0xb8,
    0x1, 0xc0, 0x4c, 0x80, 0x21, 0xcf, 0x30, 0xc,
    0x62, 0x42, 0x0, 0x26, 0x10, 0x9, 0x40, 0x9c,
    0x7e, 0x59, 0x57, 0x3d, 0x4b, 0x80, 0xfb, 0x2c,
    0x55, 0x57, 0x63, 0xb8, 0x0, 0xc, 0x67, 0x4f,
    0xcf, 0x64, 0xa0, 0x7, 0x86, 0xe, 0xc, 0x3,
    0xf8, 0x79, 0x78, 0xc0, 0x3f, 0xc3, 0x4, 0x1,
    0xe0,

    /* U+06AF "گ" */
    0x0, 0xff, 0xe0, 0x20, 0x7, 0xff, 0x0, 0xf2,
    0x84, 0x3, 0xf8, 0x6b, 0x6f, 0x1c, 0x3, 0xf3,
    0xf1, 0xe7, 0x6d, 0x80, 0x7e, 0xdc, 0x1d, 0x4a,
    0xd0, 0xf, 0xd5, 0xd, 0x3a, 0xa0, 0x1f, 0xe4,
    0x76, 0x0, 0xff, 0xe0, 0x5b, 0x50, 0x6, 0x29,
    0x0, 0xf2, 0x6a, 0x50, 0x4, 0xee, 0x0, 0xf8,
    0xb1, 0x18, 0x0, 0x46, 0x1, 0xf8, 0xa2, 0x0,
    0x1, 0x22, 0x0, 0x7e, 0x21, 0x0, 0x39, 0x6c,
    0xb2, 0xae, 0x79, 0xa5, 0x0, 0xe, 0xc2, 0xc5,
    0x55, 0x74, 0x77, 0x40, 0x0,

    /* U+06B0 "ڰ" */
    0x0, 0xff, 0x86, 0x0, 0x3f, 0xf8, 0xf, 0xc4,
    0x20, 0x1f, 0xc9, 0xb7, 0x9d, 0x60, 0x1f, 0xae,
    0xa2, 0x1f, 0x6a, 0x1, 0xfb, 0x73, 0xac, 0x65,
    0x8c, 0x3, 0xe6, 0xf1, 0xef, 0xa2, 0x30, 0xf,
    0xc4, 0xe0, 0x59, 0x60, 0x1f, 0xd8, 0x7e, 0x20,
    0x11, 0xf0, 0x7, 0x8f, 0xcf, 0x0, 0x25, 0x0,
    0xfc, 0x38, 0x70, 0x0, 0x13, 0x0, 0xfc, 0x36,
    0xc0, 0x1, 0x23, 0x0, 0xfc, 0x22, 0x0, 0x31,
    0x65, 0x3a, 0xae, 0x79, 0xb5, 0x0, 0xb6, 0x6,
    0x6a, 0xab, 0xa3, 0xba, 0x0, 0x0,

    /* U+06B1 "ڱ" */
    0x0, 0xfe, 0x26, 0x0, 0xff, 0x93, 0x96, 0x80,
    0xc0, 0x3f, 0x96, 0x5f, 0xf3, 0x84, 0x3, 0xf0,
    0xad, 0x6d, 0x74, 0x80, 0x7e, 0x8d, 0x2d, 0xcc,
    0x20, 0x7, 0xf6, 0xe, 0x35, 0xe0, 0x7, 0xe8,
    0xf7, 0xbc, 0x40, 0xf, 0xf1, 0xba, 0x0, 0x7f,
    0xf0, 0x2d, 0xec, 0x3, 0x15, 0x0, 0x79, 0x31,
    0xac, 0x2, 0x74, 0x0, 0xf8, 0xbd, 0x5c, 0x0,
    0x46, 0x1, 0xf8, 0xae, 0x40, 0x2, 0x44, 0x0,
    0xfc, 0x22, 0x0, 0x31, 0x6c, 0xb2, 0xae, 0x79,
    0xa5, 0x0, 0xb6, 0xa, 0x2a, 0xab, 0xa3, 0xba,
    0x0, 0x0,

    /* U+06B2 "ڲ" */
    0x0, 0xff, 0xe0, 0x20, 0x7, 0xff, 0x0, 0xf2,
    0x84, 0x3, 0xf8, 0x6b, 0x6f, 0x1c, 0x3, 0xf3,
    0xf1, 0xe7, 0x6d, 0x80, 0x7e, 0xdc, 0x1d, 0x4a,
    0xd0, 0xf, 0xd5, 0xd, 0x3a, 0xa0, 0x1f, 0xe4,
    0x76, 0x0, 0xff, 0xe0, 0x5b, 0x50, 0x6, 0x29,
    0x0, 0xf2, 0x6a, 0x50, 0x4, 0xee, 0x0, 0xf8,
    0xb1, 0x18, 0x0, 0x46, 0x1, 0xf8, 0xa2, 0x0,
    0x1, 0x22, 0x0, 0x7e, 0x21, 0x0, 0x39, 0x6c,
    0xb2, 0xae, 0x79, 0xa5, 0x0, 0xe, 0xc2, 0xc5,
    0x55, 0x74, 0x77, 0x40, 0x19, 0xf3, 0xbf, 0xee,
    0xda, 0x50, 0xf, 0xce, 0xc, 0x40, 0x1f, 0xe2,
    0x92, 0xb7, 0x0, 0xf0,

    /* U+06B3 "ڳ" */
    0x0, 0xff, 0xe0, 0x20, 0x7, 0xff, 0x0, 0xf2,
    0x84, 0x3, 0xf8, 0x6b, 0x6f, 0x1c, 0x3, 0xf3,
    0xf1, 0xe7, 0x6d, 0x80, 0x7e, 0xdc, 0x1d, 0x4a,
    0xd0, 0xf, 0xd5, 0xd, 0x3a, 0xa0, 0x1f, 0xe4,
    0x76, 0x0, 0xff, 0xe0, 0x5b, 0x50, 0x6, 0x29,
    0x0, 0xf2, 0x6a, 0x50, 0x4, 0xee, 0x0, 0xf8,
    0xb1, 0x18, 0x0, 0x46, 0x1, 0xf8, 0xa2, 0x0,
    0x1, 0x22, 0x0, 0x7e, 0x21, 0x0, 0x39, 0x6c,
    0xb2, 0xae, 0x79, 0xa5, 0x0, 0xe, 0xc2, 0xc5,
    0x55, 0x74, 0x77, 0x40, 0x19, 0xf3, 0xbf, 0xee,
    0xda, 0x50, 0xf, 0xed, 0x10, 0xf, 0xfe, 0x9,
    0x80, 0x7f, 0xf0, 0xb0, 0x40, 0x3e,

    /* U+06B4 "ڴ" */
    0x0, 0xf8, 0x78, 0x80, 0x3f, 0xf8, 0x3, 0x22,
    0xc0, 0x1f, 0xf2, 0x4a, 0x50, 0x18, 0x7, 0xf2,
    0xcb, 0xfe, 0x70, 0x80, 0x7e, 0x16, 0xad, 0xae,
    0x90, 0xf, 0xd1, 0xc5, 0xb9, 0x84, 0x0, 0xfc,
    0x38, 0x38, 0xd7, 0x80, 0x1f, 0xa7, 0xde, 0xb1,
    0x0, 0x3f, 0xc6, 0xea, 0x1, 0xff, 0xc0, 0xb7,
    0xb0, 0xc, 0x54, 0x1, 0xe4, 0xc5, 0xb0, 0x9,
    0xd0, 0x3, 0xe2, 0xc5, 0x70, 0x1, 0x18, 0x7,
    0xe2, 0xb9, 0x0, 0x9, 0x10, 0x3, 0xf0, 0x88,
    0x0, 0xc5, 0xb2, 0xca, 0xb9, 0xe6, 0x94, 0x2,
    0xd8, 0x28, 0xaa, 0xae, 0x8e, 0xe8, 0x0,

    /* U+06B5 "ڵ" */
    0x0, 0xf0, 0x80, 0x7c, 0xee, 0x2a, 0x0, 0xf9,
    0xea, 0x20, 0x11, 0xa0, 0x1c, 0xa2, 0x61, 0xe0,
    0x1e, 0x8b, 0x0, 0x9, 0x80, 0x7f, 0xf2, 0xc,
    0x40, 0x3f, 0xf9, 0x2, 0x1, 0xfe, 0x70, 0x8,
    0x80, 0x3f, 0x8, 0xb4, 0x80, 0x3f, 0x38, 0x90,
    0x7, 0x38, 0x8, 0x8c, 0x3, 0xc6, 0x40, 0x44,
    0x10, 0xe, 0xaa, 0x2, 0x96, 0x29, 0xa, 0x60,
    0x30, 0x3, 0x1e, 0xb7, 0xad, 0xf0, 0x40, 0x3,
    0x5f, 0x98, 0xeb, 0x10, 0x0,

    /* U+06B6 "ڶ" */
    0x0, 0xfd, 0x1a, 0x1, 0xcd, 0x60, 0xf, 0x0,
    0xf2, 0xe8, 0x0, 0x4c, 0x3, 0x8d, 0x80, 0x3f,
    0xf8, 0x26, 0x20, 0x1f, 0xfc, 0x81, 0x0, 0xff,
    0x38, 0x4, 0x20, 0x1f, 0x84, 0x5c, 0x40, 0x1f,
    0x9c, 0x48, 0x3, 0x9c, 0x4, 0x46, 0x1, 0xe3,
    0x20, 0x12, 0x10, 0xe, 0xaa, 0x3, 0xe, 0x29,
    0xa, 0x60, 0x30, 0x3, 0xde, 0xb7, 0xad, 0xf0,
    0x40, 0x3, 0x5f, 0x98, 0xeb, 0x10, 0x0,

    /* U+06B7 "ڷ" */
    0x0, 0xcd, 0x80, 0x1f, 0xcb, 0x40, 0x8, 0xd0,
    0xc, 0xf0, 0x7a, 0x1e, 0x1, 0xc9, 0xcf, 0x40,
    0x26, 0x1, 0x8d, 0x49, 0xc0, 0x3f, 0xf8, 0x6,
    0x20, 0x1f, 0xfc, 0x81, 0x0, 0xff, 0x38, 0x4,
    0x20, 0x1f, 0x84, 0x5c, 0x40, 0x1f, 0x9c, 0x48,
    0x3, 0x9c, 0x4, 0x46, 0x1, 0xe3, 0x20, 0x12,
    0x10, 0xe, 0xaa, 0x3, 0xe, 0x29, 0xa, 0x60,
    0x30, 0x3, 0xde, 0xb7, 0xad, 0xf0, 0x40, 0x3,
    0x5f, 0x98, 0xeb, 0x10, 0x0,

    /* U+06B8 "ڸ" */
    0x0, 0xfc, 0xdc, 0x1, 0xfe, 0x10, 0xf, 0xe3,
    0x0, 0xff, 0x8, 0x7, 0xff, 0x8, 0x40, 0x3c,
    0xe0, 0x22, 0xe2, 0x0, 0xfc, 0x82, 0x40, 0x1c,
    0xe0, 0x24, 0x60, 0x1e, 0x32, 0x1, 0x21, 0x0,
    0xea, 0x50, 0x61, 0xc5, 0x21, 0x4c, 0x39, 0x0,
    0x63, 0xd6, 0xf5, 0xbe, 0x8, 0x0, 0xab, 0xb3,
    0x1d, 0x64, 0x1, 0xcc, 0x96, 0xe0, 0x1f, 0x3e,
    0x8b, 0x0, 0x7e, 0xb8, 0x0, 0xe0,

    /* U+06B9 "ڹ" */
    0x0, 0xc4, 0xc0, 0x1f, 0xcf, 0x60, 0x1f, 0xcb,
    0xa0, 0x1f, 0xfc, 0x17, 0x10, 0xf, 0xe9, 0x60,
    0x1, 0x0, 0x79, 0xe8, 0x7, 0x48, 0x3, 0xb0,
    0x85, 0xc4, 0x80, 0x39, 0xc0, 0xc4, 0xc0, 0x3c,
    0xc0, 0x42, 0x42, 0x1, 0xdc, 0x60, 0xc3, 0xa8,
    0x0, 0x3a, 0x5f, 0x0, 0x60, 0x5f, 0xfb, 0x1e,
    0xcc, 0x0, 0x59, 0xd7, 0x6d, 0xd2, 0x0, 0x70,
    0x80, 0x8, 0x3, 0xf6, 0xe8, 0x3, 0x80,

    /* U+06BA "ں" */
    0x0, 0xfc, 0x80, 0x1f, 0xc3, 0x6c, 0x0, 0x10,
    0xe, 0x16, 0xa0, 0x1e, 0x20, 0xe, 0xc3, 0x7,
    0x12, 0x0, 0xe6, 0x2, 0x13, 0x0, 0xf3, 0x81,
    0x9, 0x8, 0x7, 0x71, 0x83, 0xe, 0x28, 0x88,
    0xe9, 0x7c, 0x1, 0x8d, 0x5d, 0xcc, 0x6c, 0x30,
    0x1, 0x5f, 0xe6, 0x3b, 0xc, 0x0,

    /* U+06BB "ڻ" */
    0x0, 0xc6, 0x1, 0xfe, 0xe1, 0x0, 0xfe, 0x1d,
    0xe5, 0x0, 0xf8, 0x66, 0x58, 0x1, 0xe8, 0x3b,
    0xb8, 0x3, 0xd1, 0xdc, 0xc2, 0x0, 0xff, 0x88,
    0x3, 0xf8, 0x75, 0x40, 0x3f, 0xa, 0xf0, 0xf,
    0x10, 0x7, 0x7a, 0x2, 0x1, 0x0, 0x73, 0x1,
    0x10, 0xc0, 0x3c, 0xe0, 0x42, 0x42, 0x1, 0xdc,
    0x60, 0xc3, 0x8a, 0x22, 0x3a, 0x5f, 0x0, 0x63,
    0x57, 0x73, 0x1b, 0xc, 0x0, 0x57, 0xd9, 0x8e,
    0xc3, 0x0, 0x0,

    /* U+06BC "ڼ" */
    0x0, 0xc4, 0xc0, 0x1f, 0xcf, 0x60, 0x1f, 0xcb,
    0xa0, 0x1f, 0xfc, 0x17, 0x10, 0xf, 0xe9, 0x60,
    0x1, 0x0, 0x79, 0xe8, 0x7, 0x48, 0x3, 0xb0,
    0x85, 0xc4, 0x80, 0x39, 0xc0, 0xc4, 0xc0, 0x3c,
    0xc0, 0x42, 0x42, 0x1, 0xdc, 0x60, 0xe3, 0xa8,
    0x0, 0x3a, 0x5f, 0x1, 0xc0, 0xbf, 0xf6, 0x3d,
    0x98, 0x0, 0xb3, 0x44, 0xa3, 0x50, 0x3, 0xc9,
    0x3c, 0x1, 0xf1, 0x4, 0x58, 0x6,

    /* U+06BD "ڽ" */
    0x0, 0xc9, 0xc0, 0x1f, 0x88, 0xe1, 0xc0, 0x3e,
    0x7a, 0x59, 0x10, 0xf, 0x2e, 0x9f, 0x8, 0x7,
    0xfc, 0xe2, 0x1, 0xfd, 0x2c, 0x0, 0x20, 0xf,
    0x3d, 0x1, 0x69, 0x0, 0x76, 0x10, 0xa0, 0x90,
    0x7, 0x38, 0x0, 0x4c, 0x3, 0xcc, 0x2, 0x44,
    0x10, 0xe, 0xf4, 0x5, 0x1c, 0x51, 0x12, 0x5a,
    0x40, 0x3, 0xda, 0xbb, 0x96, 0xf8, 0x60, 0x1,
    0xbf, 0xcc, 0x76, 0x18, 0x0,

    /* U+06BE "ھ" */
    0x0, 0xff, 0xe1, 0xe3, 0x80, 0x7f, 0xa2, 0x80,
    0x3e, 0xb1, 0x65, 0xc1, 0x0, 0xc2, 0x9f, 0x28,
    0x7a, 0x1, 0xf9, 0xd8, 0xa4, 0x2, 0x13, 0x96,
    0x3b, 0x86, 0x4, 0x54, 0x4a, 0x51, 0xbc, 0x40,
    0xee, 0xca, 0xf0, 0xd6, 0xf6, 0x0,

    /* U+06BF "ڿ" */
    0x0, 0xcf, 0x60, 0x1f, 0x93, 0x40, 0x3f, 0x1b,
    0x0, 0x65, 0xff, 0x74, 0x90, 0x7, 0x3d, 0xc2,
    0xed, 0xa8, 0x82, 0xc2, 0x36, 0x42, 0x57, 0x38,
    0x4, 0xdb, 0x9, 0x14, 0xa0, 0x39, 0x2b, 0xf6,
    0xea, 0x41, 0xa1, 0xd0, 0x1, 0xcc, 0x7a, 0x7c,
    0x5a, 0x80, 0xd, 0x61, 0x2b, 0xa8, 0x50, 0x3,
    0x8, 0x1, 0x19, 0x82, 0x0, 0x74, 0x0, 0xf,
    0x18, 0x5, 0x27, 0x8c, 0x42, 0x23, 0x66, 0x1e,
    0x34, 0xef, 0x73, 0x2c, 0x40, 0xeb, 0xf7, 0x31,
    0xda, 0xe0,

    /* U+06C0 "ۀ" */
    0x0, 0x56, 0x0, 0x48, 0x18, 0x1, 0x23, 0xcc,
    0x0, 0xd, 0xbe, 0x40, 0x7, 0x6c, 0x20, 0x11,
    0x88, 0x6, 0x8f, 0x20, 0x1, 0x29, 0x60, 0x87,
    0xce, 0x14, 0xa1, 0xb8, 0x43, 0x19, 0x0, 0x1c,
    0x4c, 0xd0, 0xbe, 0xa9, 0xd, 0x4f, 0x60,

    /* U+06C1 "ہ" */
    0x0, 0x10, 0x80, 0x69, 0xc2, 0x0, 0x12, 0x8f,
    0x88, 0x74, 0xe0, 0xca, 0x13, 0x84, 0x31, 0x90,
    0x1, 0xc4, 0xcd, 0xb, 0xea, 0x90, 0xd4, 0xf6,

    /* U+06C2 "ۂ" */
    0x0, 0x56, 0x0, 0x48, 0x18, 0x1, 0x23, 0xcc,
    0x0, 0xd, 0xbe, 0x40, 0x7, 0x6c, 0x20, 0x11,
    0x88, 0x6, 0x8f, 0x20, 0x1, 0x29, 0x60, 0x87,
    0xce, 0x14, 0xa1, 0xb8, 0x43, 0x19, 0x0, 0x1c,
    0x4c, 0xd0, 0xbe, 0xa9, 0xd, 0x4f, 0x60,

    /* U+06C3 "ۃ" */
    0x2, 0x61, 0x70, 0x3, 0xd9, 0x48, 0x82, 0xe9,
    0xf0, 0x80, 0xc, 0x40, 0x34, 0x79, 0x0, 0x9,
    0x4b, 0x4, 0x3e, 0x70, 0xa5, 0xd, 0xc2, 0x18,
    0xc8, 0x0, 0xe2, 0x66, 0x85, 0xf5, 0x48, 0x6a,
    0x7b,

    /* U+06C4 "ۄ" */
    0x0, 0xfe, 0x8f, 0xd2, 0x0, 0x33, 0x28, 0x78,
    0x1, 0x52, 0xb0, 0x62, 0x4, 0x40, 0x50, 0x20,
    0x3e, 0x47, 0x0, 0xb9, 0xae, 0x40, 0x83, 0xc3,
    0x1c, 0xc4, 0x9a, 0x35, 0xfc, 0x1d, 0x68, 0xb0,
    0xc1, 0x73, 0xb0, 0xc0, 0x0,

    /* U+06C5 "ۅ" */
    0x0, 0xfe, 0xaf, 0xe3, 0x0, 0x43, 0xd2, 0xf0,
    0x1, 0x61, 0x64, 0x88, 0x7, 0xe8, 0xe0, 0x21,
    0x6f, 0x76, 0x1, 0x5, 0xdf, 0xb1, 0x21, 0xff,
    0xaa, 0xc1, 0x0, 0x5, 0x6a, 0x9, 0x9d, 0xa8,
    0x0,

    /* U+06C6 "ۆ" */
    0x0, 0x18, 0x10, 0x80, 0x5c, 0x30, 0x40, 0x14,
    0x50, 0x98, 0x4, 0xa1, 0x0, 0x1d, 0x66, 0x1,
    0xff, 0x57, 0xe9, 0x80, 0x21, 0xe9, 0xb8, 0x0,
    0xb0, 0xb2, 0x44, 0x3, 0xf4, 0x70, 0x10, 0xb7,
    0xba, 0x1, 0x5, 0xdf, 0x61, 0x20, 0x1, 0x53,
    0x58, 0x1f, 0x6b, 0xda, 0x81, 0x4e, 0x6a, 0x0,
    0x0,

    /* U+06C7 "ۇ" */
    0x0, 0x26, 0xd8, 0x6, 0xc8, 0x70, 0xd, 0x96,
    0xc0, 0x14, 0x6d, 0xd0, 0x5, 0x12, 0xa0, 0x1f,
    0xfc, 0xa, 0xfd, 0x30, 0x4, 0x3d, 0x37, 0x0,
    0x16, 0x16, 0x48, 0x80, 0x7e, 0x8e, 0x2, 0x16,
    0xf7, 0x40, 0x20, 0xbb, 0xec, 0x24, 0x0, 0x2a,
    0x6b, 0x3, 0xed, 0x7b, 0x50, 0x29, 0xcd, 0x40,
    0x0,

    /* U+06C8 "ۈ" */
    0x0, 0xa4, 0x3, 0xca, 0x20, 0x1c, 0xe6, 0x1,
    0xd6, 0x40, 0x1f, 0xfc, 0x6a, 0xfd, 0x30, 0x4,
    0x3d, 0x37, 0x0, 0x16, 0x16, 0x48, 0x80, 0x7e,
    0x8e, 0x2, 0x16, 0xf7, 0x40, 0x20, 0xbb, 0xec,
    0x24, 0x0, 0x2a, 0x6b, 0x3, 0xed, 0x7b, 0x50,
    0x29, 0xcd, 0x40, 0x0,

    /* U+06C9 "ۉ" */
    0x0, 0x8c, 0x3, 0x8b, 0x1c, 0x3, 0x5d, 0x50,
    0x3, 0x1a, 0xd9, 0x80, 0x54, 0xc, 0x60, 0x1f,
    0xea, 0xfd, 0x30, 0x4, 0x3d, 0x37, 0x0, 0x16,
    0x16, 0x48, 0x80, 0x7e, 0x8e, 0x2, 0x16, 0xf7,
    0x40, 0x20, 0xbb, 0xec, 0x24, 0x0, 0x2a, 0x6b,
    0x3, 0xed, 0x7b, 0x50, 0x29, 0xcd, 0x40, 0x0,

    /* U+06CA "ۊ" */
    0x0, 0x38, 0xa9, 0x0, 0x52, 0xb2, 0xa0, 0x17,
    0x26, 0x38, 0x7, 0xfa, 0xbf, 0x4c, 0x1, 0xf,
    0x4d, 0xc0, 0x5, 0x85, 0x92, 0x20, 0x1f, 0xa3,
    0x80, 0x85, 0xbd, 0xd0, 0x8, 0x2e, 0xfb, 0x9,
    0x0, 0xa, 0x9a, 0xc0, 0xfb, 0x5e, 0xd4, 0xa,
    0x73, 0x50, 0x0,

    /* U+06CB "ۋ" */
    0x0, 0x98, 0x80, 0x3a, 0xdc, 0x3, 0x3e, 0x1,
    0x0, 0x52, 0xb2, 0xa0, 0x17, 0x26, 0x38, 0x7,
    0xfa, 0xbf, 0x4c, 0x1, 0xf, 0x4d, 0xc0, 0x5,
    0x85, 0x92, 0x20, 0x1f, 0xa3, 0x80, 0x85, 0xbd,
    0xd0, 0x8, 0x2e, 0xfb, 0x9, 0x0, 0xa, 0x9a,
    0xc0, 0xfb, 0x5e, 0xd4, 0xa, 0x73, 0x50, 0x0,

    /* U+06CC "ی" */
    0x0, 0xff, 0xe3, 0x8d, 0x7f, 0xa4, 0x3, 0xc3,
    0xed, 0x54, 0xd0, 0xf, 0x41, 0x62, 0xa9, 0x0,
    0x3c, 0x88, 0x0, 0xc3, 0xe4, 0x1, 0x53, 0xd1,
    0x80, 0x10, 0x48, 0x2, 0x7c, 0xc, 0xb0, 0x23,
    0x0, 0xe3, 0xac, 0x44, 0x9, 0x8, 0x7, 0xa8,
    0x51, 0x87, 0x14, 0x84, 0x9b, 0x1f, 0x40, 0x18,
    0xd5, 0xbd, 0xb0, 0xbe, 0x60, 0x2, 0xbf, 0xcc,
    0x6f, 0x48, 0x80, 0x0,

    /* U+06CD "ۍ" */
    0x0, 0xff, 0xe6, 0xbf, 0xfa, 0xc0, 0x3f, 0xd3,
    0x10, 0xae, 0x0, 0xfe, 0x36, 0xc7, 0x55, 0x0,
    0x7f, 0x28, 0x98, 0x6, 0x28, 0xde, 0x10, 0x9,
    0x2, 0xc8, 0x2, 0x92, 0x63, 0x10, 0x8, 0xb0,
    0x36, 0x0, 0x17, 0x42, 0xe0, 0x1c, 0x57, 0xe,
    0x20, 0x11, 0xb0, 0x7, 0xd8, 0x42, 0x1, 0x51,
    0xda, 0x10, 0x93, 0x6a, 0xf8, 0x6, 0x3b, 0x7b,
    0xde, 0xd8, 0x5f, 0x20, 0xe, 0x4c, 0xec, 0xc7,
    0x72, 0x4, 0x2,

    /* U+06CE "ێ" */
    0x0, 0xff, 0xe0, 0x95, 0x6, 0x8, 0x7, 0xc4,
    0x2c, 0xa2, 0x3, 0x5f, 0xe9, 0x0, 0x7c, 0xd8,
    0xf, 0xb5, 0x53, 0x40, 0x9, 0xe4, 0x10, 0x58,
    0xaa, 0x40, 0xf, 0x22, 0x0, 0x30, 0xf9, 0x0,
    0x54, 0xf4, 0x60, 0x4, 0x12, 0x0, 0x9f, 0x3,
    0x2c, 0x8, 0xc0, 0x38, 0xeb, 0x11, 0x2, 0x42,
    0x1, 0xea, 0x14, 0x61, 0xc5, 0x21, 0x26, 0xc7,
    0xd0, 0x6, 0x35, 0x6f, 0x6c, 0x2f, 0x98, 0x0,
    0xaf, 0xf3, 0x1b, 0xd2, 0x20, 0x0,

    /* U+06CF "ۏ" */
    0x0, 0x98, 0x80, 0x3a, 0xdc, 0x3, 0xb5, 0x40,
    0x3f, 0xea, 0xfd, 0x30, 0x4, 0x3d, 0x37, 0x0,
    0x16, 0x16, 0x48, 0x80, 0x7e, 0x8e, 0x2, 0x16,
    0xf7, 0x40, 0x20, 0xbb, 0xec, 0x24, 0x0, 0x2a,
    0x6b, 0x3, 0xed, 0x7b, 0x50, 0x29, 0xcd, 0x40,
    0x0,

    /* U+06D0 "ې" */
    0x0, 0xff, 0xe4, 0x4f, 0xfa, 0x40, 0x3e, 0xc4,
    0x9a, 0xd0, 0xf, 0x38, 0x6b, 0x2a, 0x0, 0x7a,
    0xac, 0x3, 0xa8, 0x40, 0x21, 0x96, 0x0, 0x91,
    0x40, 0x37, 0x14, 0xf3, 0x1, 0x90, 0x80, 0x45,
    0x96, 0x52, 0x60, 0x1f, 0x93, 0xc0, 0x50, 0x88,
    0x1, 0xe8, 0x52, 0x35, 0xc6, 0x21, 0x26, 0xd2,
    0xa0, 0x5, 0x5e, 0xe7, 0xfd, 0xd2, 0x1, 0x96,
    0xec, 0xbb, 0x26, 0x1, 0xf2, 0xc8, 0x7, 0xf9,
    0x64, 0x3, 0xfc, 0xb4, 0x1, 0xe0,

    /* U+06D1 "ۑ" */
    0x0, 0xff, 0xe3, 0x8d, 0x7f, 0xa4, 0x3, 0xc3,
    0xed, 0x54, 0xd0, 0xf, 0x41, 0x62, 0xa9, 0x0,
    0x3c, 0x88, 0x0, 0xc3, 0xe4, 0x1, 0x53, 0xd1,
    0x80, 0x10, 0x48, 0x2, 0x7c, 0xc, 0xb0, 0x23,
    0x0, 0xe3, 0xac, 0x44, 0x9, 0x8, 0x7, 0xa8,
    0x51, 0x87, 0x14, 0x84, 0x97, 0x1f, 0x40, 0x18,
    0xd5, 0xbd, 0xb6, 0xbe, 0x60, 0x2, 0xbf, 0xcc,
    0x6f, 0x48, 0x80, 0x73, 0x43, 0x70, 0x7, 0xe4,
    0xd2, 0x90, 0xf, 0xc4, 0x76, 0xa0, 0x1c,

    /* U+06D2 "ے" */
    0x0, 0xcc, 0x40, 0x1f, 0xfc, 0xb, 0x9c, 0x10,
    0xf, 0xf3, 0x26, 0x9d, 0x80, 0x7f, 0x2c, 0xc1,
    0x43, 0x0, 0x7e, 0x3a, 0x87, 0x5, 0xc0, 0xf,
    0xc8, 0x2e, 0x1, 0xff, 0xc0, 0x50, 0xe9, 0x65,
    0x44, 0xca, 0xd1, 0x4a, 0x5f, 0x25, 0x77, 0xea,
    0x84, 0x7,

    /* U+06D3 "ۓ" */
    0x2, 0xca, 0x0, 0xff, 0xe0, 0x2d, 0x50, 0x3,
    0xff, 0x80, 0xb7, 0xa, 0x1, 0xff, 0x23, 0x7a,
    0x0, 0x7f, 0xcd, 0x6e, 0x20, 0x1f, 0xfc, 0x12,
    0xb5, 0x0, 0xff, 0xe0, 0x7b, 0xd1, 0x80, 0x7f,
    0xa4, 0xb5, 0x20, 0x3, 0xfa, 0x1a, 0x86, 0x4,
    0x3, 0xf1, 0xbd, 0x28, 0x1d, 0x0, 0x7e, 0x41,
    0x50, 0xf, 0xfe, 0x3, 0x7, 0x4b, 0x2a, 0x26,
    0x57, 0x8a, 0x51, 0xe8, 0x3b, 0xbf, 0x54, 0xa0,
    0x38,

    /* U+06D4 "۔" */
    0x3, 0x38, 0x53, 0x32, 0x70,

    /* U+06D5 "ە" */
    0x0, 0x10, 0x80, 0x69, 0xc2, 0x0, 0x12, 0x8f,
    0x88, 0x74, 0xe0, 0xca, 0x13, 0x84, 0x31, 0x90,
    0x1, 0xc4, 0xcd, 0xb, 0xea, 0x90, 0xd4, 0xf6,

    /* U+06D6 "ۖ" */
    0x0, 0x28, 0x80, 0x7b, 0x48, 0x3, 0xe7, 0x38,
    0xc2, 0x1b, 0x28, 0x95, 0x63, 0x0, 0xc, 0xd6,
    0xd0, 0x80,

    /* U+06D7 "ۗ" */
    0x0, 0x19, 0x30, 0x80, 0x2d, 0x2c, 0x3, 0x8,
    0x94, 0x68, 0xb1, 0x94, 0x4, 0x5d, 0x42,

    /* U+06D8 "ۘ" */
    0x0, 0xaa, 0x40, 0x13, 0xaa, 0x16, 0x18, 0xa1,
    0x73, 0x72,

    /* U+06D9 "ۙ" */
    0x16, 0x84, 0x1b, 0xf1, 0xb, 0xe0, 0x3a, 0x34,

    /* U+06DA "ۚ" */
    0x7c, 0x40, 0x66, 0x5c, 0x59, 0x24, 0xc, 0xd8,
    0xc6, 0xe4, 0x80,

    /* U+06DB "ۛ" */
    0xa, 0x70, 0x3d, 0x2, 0xae, 0xc4,

    /* U+06DC "ۜ" */
    0x0, 0xe3, 0x12, 0x2, 0x99, 0x23, 0xc1, 0x3,
    0x2d, 0xaf, 0xfb, 0xaf, 0x30, 0x60,

    /* U+06DD "۝" */
    0x0, 0xf0, 0xbd, 0xee, 0xad, 0x80, 0x3f, 0xf8,
    0xd, 0xfe, 0x9d, 0xd4, 0xf7, 0x14, 0x3, 0xe2,
    0x9b, 0xb6, 0x41, 0x0, 0xa, 0x32, 0xea, 0x48,
    0x3, 0x5c, 0xf7, 0x8, 0x3, 0xc5, 0xb9, 0x36,
    0x1, 0x8e, 0x65, 0xdd, 0xfe, 0xa9, 0x30, 0x8,
    0xca, 0x73, 0x7b, 0xbf, 0x6e, 0x49, 0x10, 0x1,
    0x32, 0x0, 0xff, 0xe1, 0x4d, 0x80, 0x4, 0x40,
    0x1f, 0xfc, 0x21, 0x20, 0x42, 0x0, 0xff, 0xe2,
    0x11, 0x4, 0x40, 0x1f, 0xfc, 0x41, 0x60, 0xf,
    0xfe, 0x40, 0x98, 0x7, 0xff, 0x10, 0xd9, 0x14,
    0x3, 0xff, 0x88, 0xc4, 0x8, 0xc0, 0x1f, 0xfc,
    0x26, 0x40, 0x4, 0xc4, 0x18, 0x3, 0xfc, 0xb1,
    0xb, 0x0, 0x1a, 0x4f, 0x77, 0xfd, 0x92, 0xe4,
    0x1, 0x18, 0xf3, 0x77, 0x7e, 0xd1, 0x10, 0x7,
    0x54, 0xfb, 0xeb, 0x8, 0x4, 0x95, 0x85, 0x34,
    0x1, 0x8e, 0x65, 0xd7, 0x98, 0xdd, 0xbb, 0x3a,
    0xa4, 0xc0, 0x0,

    /* U+06DE "۞" */
    0x0, 0xf9, 0xdc, 0x1, 0xff, 0xc1, 0x70, 0x3,
    0x80, 0x7e, 0x2b, 0xad, 0xad, 0xd5, 0x6d, 0x59,
    0x80, 0x61, 0xcd, 0x5d, 0xaa, 0x6a, 0xe6, 0x0,
    0x3d, 0x7b, 0x0, 0x1a, 0x3e, 0xc0, 0x39, 0x82,
    0x80, 0x3d, 0x2e, 0xc0, 0x12, 0x45, 0x80, 0x6,
    0x64, 0x20, 0xc, 0x84, 0x2, 0x99, 0x0, 0x4d,
    0x76, 0x60, 0xa, 0x64, 0x44, 0x89, 0x0, 0x9a,
    0xec, 0xc0, 0x14, 0xc1, 0x2, 0xc5, 0x80, 0x6,
    0x64, 0x20, 0xb, 0x85, 0x0, 0x99, 0xec, 0x3,
    0xd6, 0xc, 0x1, 0xd9, 0xd4, 0x1, 0xab, 0xac,
    0x3, 0x87, 0x38, 0x7e, 0xed, 0xe3, 0xd8, 0x20,
    0x18, 0xae, 0xe9, 0x22, 0x4d, 0xdc, 0x40, 0x1f,
    0x9b, 0xfc, 0xc0, 0x1e,

    /* U+06DF "۟" */
    0x4d, 0xa0, 0xfe, 0x4, 0xfe, 0x4,

    /* U+06E0 "۠" */
    0x3c, 0xa0, 0x9f, 0x4, 0x10, 0x3, 0xc7, 0x81,
    0x80,

    /* U+06E1 "ۡ" */
    0x1c, 0xc3, 0x80, 0xf4, 0xd0, 0x8b, 0xb3, 0x2,

    /* U+06E2 "ۢ" */
    0xc, 0xb0, 0x5, 0xb1, 0x2f, 0x41, 0xf, 0x28,
    0x23, 0x80, 0x0,

    /* U+06E3 "ۣ" */
    0x0, 0xe3, 0x12, 0x2, 0x99, 0x23, 0xc1, 0x3,
    0x2d, 0xaf, 0xfb, 0xaf, 0x30, 0x60,

    /* U+06E4 "ۤ" */
    0xc, 0x92, 0x31, 0xff, 0x80,

    /* U+06E5 "ۥ" */
    0x2c, 0x5a, 0x5e, 0xb5, 0x1b, 0x8,

    /* U+06E6 "ۦ" */
    0x9, 0xc0, 0x9, 0x82, 0x4, 0x0, 0x69, 0x39,
    0xa6,

    /* U+06E7 "ۧ" */
    0x0, 0xfa, 0xb0, 0x2, 0x72, 0xf1, 0x0, 0x1a,
    0x76, 0x60, 0x80,

    /* U+06E8 "ۨ" */
    0x3, 0x70, 0x8, 0xde, 0x41, 0x94, 0x10, 0x38,
    0xc4, 0x1, 0x54, 0xc8, 0x0,

    /* U+06E9 "۩" */
    0x0, 0xca, 0x60, 0x1e, 0x9f, 0x8d, 0xe6, 0x0,
    0xb0, 0xb7, 0x5d, 0x71, 0x20, 0x87, 0x64, 0x0,
    0x5d, 0x60, 0x70, 0x30, 0xc, 0x80, 0x3, 0x7c,
    0x0, 0x92, 0x28, 0x1, 0x0, 0x1c, 0x6a, 0x1,
    0xff, 0xca, 0x10, 0xe, 0x10, 0xa, 0xd4, 0x2,
    0x52, 0x50, 0x2, 0xab, 0xfe, 0xe0, 0xf0,

    /* U+06EA "۪" */
    0x3, 0xb1, 0x2, 0xed, 0xd0, 0x13, 0x55, 0x0,
    0x17, 0xc, 0x0,

    /* U+06EB "۫" */
    0x0, 0xe7, 0x90, 0x6c, 0x9, 0x77, 0x2d, 0x8e,
    0xf1, 0x0,

    /* U+06EC "۬" */
    0x0, 0xa3, 0xcf, 0xc0, 0x0,

    /* U+06ED "ۭ" */
    0xc, 0xb0, 0x5, 0xb1, 0x2f, 0x49, 0xf, 0x20,
    0x23, 0x80, 0x0,

    /* U+06EE "ۮ" */
    0x0, 0xc, 0x80, 0x74, 0xab, 0x0, 0x42, 0x9b,
    0x60, 0x11, 0xf8, 0xc8, 0x4, 0x46, 0x8, 0x1,
    0xe5, 0x0, 0xe3, 0xa5, 0x0, 0xc6, 0xd6, 0x1,
    0xd2, 0xc, 0x1, 0xcf, 0x40, 0x1d, 0xc2, 0x2b,
    0x75, 0x79, 0x40, 0x19, 0xa9, 0x79,

    /* U+06EF "ۯ" */
    0x0, 0xad, 0x40, 0x24, 0x18, 0x0, 0xbe, 0x11,
    0x40, 0x10, 0x50, 0x80, 0x3, 0x1, 0x10, 0x6,
    0x30, 0xc, 0x98, 0x40, 0x12, 0x15, 0x0, 0x65,
    0x30, 0xd, 0xce, 0x1, 0xb1, 0x40, 0x23, 0x5a,
    0x0, 0x36, 0x39, 0x9b, 0xa6, 0x20, 0x6, 0xdc,
    0xe0, 0x0,

    /* U+06F0 "۰" */
    0x4a, 0xe, 0x57, 0xa9, 0x70,

    /* U+06F1 "۱" */
    0xb, 0x20, 0x2, 0xa8, 0x0, 0xba, 0x0, 0x37,
    0x0, 0x71, 0x0, 0x8, 0x4, 0x18, 0x8, 0x8,
    0x1c, 0x2, 0x20, 0x1, 0x8, 0x0, 0x40, 0x2c,
    0x70,

    /* U+06F2 "۲" */
    0x0, 0xfe, 0xf4, 0x0, 0xb8, 0xc0, 0xb4, 0x44,
    0xe2, 0x60, 0xed, 0xdc, 0x8a, 0x0, 0x68, 0xee,
    0x7a, 0x80, 0x8, 0x48, 0xc0, 0x33, 0x1, 0x0,
    0x71, 0x0, 0x80, 0x70, 0x83, 0x0, 0x78, 0x4c,
    0x3, 0xc6, 0x20, 0x1e, 0x72, 0x0, 0xc0,

    /* U+06F3 "۳" */
    0xa, 0x20, 0x15, 0x6, 0x50, 0x44, 0x2, 0xc0,
    0xf, 0x2, 0xd0, 0xf0, 0x3, 0xdc, 0xc, 0xdc,
    0xa3, 0xef, 0x21, 0xc1, 0xbf, 0x9b, 0xea, 0x4,
    0x6, 0x0, 0x20, 0x9, 0x80, 0x80, 0x3c, 0x40,
    0xe0, 0x1f, 0x88, 0x3, 0xe1, 0x10, 0x7, 0xc7,
    0xe0, 0x1f, 0x64, 0x0, 0x70,

    /* U+06F4 "۴" */
    0x0, 0xfc, 0x3a, 0x61, 0x7f, 0x20, 0x26, 0x8a,
    0xab, 0xb0, 0x1, 0x75, 0x84, 0x1c, 0x80, 0xd7,
    0x2, 0xe4, 0x1, 0xc1, 0xbd, 0xf8, 0x40, 0x40,
    0x62, 0x1, 0x98, 0xc, 0x3, 0x88, 0x18, 0x3,
    0xc2, 0x20, 0xf, 0x19, 0x80, 0x3c, 0x22, 0x0,
    0xc0,

    /* U+06F5 "۵" */
    0x0, 0x2b, 0x80, 0x71, 0x42, 0x0, 0x6c, 0x9,
    0x0, 0x99, 0x74, 0x9c, 0x1, 0x16, 0x51, 0x20,
    0xa6, 0xa0, 0xc2, 0x7d, 0x40, 0x1, 0x34, 0x64,
    0x0, 0x97, 0x4c, 0x5, 0x40, 0x22, 0xa9, 0xb5,
    0x4c, 0xf7, 0x54, 0xa6, 0x60,

    /* U+06F6 "۶" */
    0x0, 0xfe, 0xaf, 0xf3, 0x0, 0x29, 0x2e, 0xc8,
    0x0, 0x48, 0x44, 0x10, 0x0, 0xfc, 0x3, 0xa5,
    0xa1, 0x74, 0x41, 0x2d, 0xa9, 0x4, 0x2, 0x18,
    0x90, 0x0, 0xd3, 0x38, 0x5, 0x67, 0x20, 0x11,
    0x2c, 0x80, 0x66, 0x62, 0x0, 0x60,

    /* U+06F7 "۷" */
    0x0, 0xfe, 0x6c, 0x0, 0xe7, 0x82, 0x33, 0x0,
    0x69, 0x4, 0x2a, 0x0, 0x94, 0x64, 0x29, 0x80,
    0x2e, 0x51, 0x5, 0x5, 0x1, 0x4e, 0x0, 0x11,
    0xf0, 0x30, 0xa0, 0x5, 0x68, 0x16, 0xc0, 0x19,
    0x41, 0x8e, 0x80, 0x31, 0x1c, 0x11, 0x0, 0x39,
    0x5, 0x40, 0x3d, 0x61, 0x80, 0x1e, 0x3f, 0x40,
    0x8,

    /* U+06F8 "۸" */
    0x0, 0xd4, 0xa0, 0x1e, 0x35, 0xf0, 0xf, 0x20,
    0x20, 0x7, 0xaa, 0x4, 0xc0, 0x31, 0x11, 0x92,
    0xc0, 0x35, 0x18, 0xe2, 0x80, 0x66, 0xa0, 0x62,
    0x30, 0x2, 0x8b, 0x80, 0xa5, 0x0, 0x25, 0x44,
    0x1, 0xae, 0x6, 0x6e, 0x0, 0x98, 0x59, 0x9,
    0x0, 0x33, 0x63, 0xe8, 0x7, 0x4d, 0x0,

    /* U+06F9 "۹" */
    0x0, 0xfc, 0xbd, 0xf6, 0x0, 0x2a, 0x9a, 0x57,
    0x5, 0x37, 0x56, 0xc0, 0x12, 0x41, 0xe5, 0x6,
    0x4b, 0xe9, 0x10, 0x5, 0x76, 0xe8, 0x8, 0x0,
    0x24, 0x40, 0x10, 0xe, 0x26, 0x0, 0xe6, 0x20,
    0xe, 0x3d, 0x0, 0xea, 0x90,

    /* U+06FA "ۺ" */
    0x0, 0xff, 0xe0, 0x1b, 0x0, 0x7f, 0xf1, 0x56,
    0x80, 0x3f, 0xf8, 0x86, 0x6e, 0x60, 0xf, 0xfe,
    0x1d, 0xfb, 0xd8, 0x7, 0xff, 0xe, 0x29, 0x74,
    0x5, 0x0, 0x3f, 0xf8, 0xaf, 0x60, 0x1f, 0xca,
    0x80, 0x12, 0x98, 0x38, 0x20, 0x7, 0xef, 0xf0,
    0x5, 0xa, 0x2, 0x66, 0xb, 0x10, 0xe, 0xc4,
    0x0, 0x9, 0x10, 0x0, 0xfe, 0xa8, 0x20, 0x1c,
    0x41, 0x4b, 0x41, 0xca, 0xc9, 0x84, 0x40, 0xf,
    0x38, 0x35, 0x35, 0x35, 0x44, 0x10, 0x48, 0x40,
    0x3a, 0xcb, 0x3f, 0x57, 0x3f, 0x9c, 0x18, 0x71,
    0x48, 0x4e, 0x5e, 0x0, 0x2, 0xe0, 0x1e, 0xf7,
    0xad, 0xec, 0x4a, 0x50, 0x1, 0x48, 0x80, 0x70,
    0xd7, 0xe6, 0x3b, 0x54, 0x2, 0x3e, 0x10, 0xc,

    /* U+06FB "ۻ" */
    0x0, 0xff, 0xe2, 0x29, 0x80, 0x7f, 0xf1, 0xf9,
    0x0, 0x3f, 0xf8, 0xf6, 0xe0, 0x1f, 0xfd, 0xa1,
    0x9f, 0xf6, 0x98, 0x7, 0xf2, 0xa0, 0x4, 0xbc,
    0xb5, 0x41, 0xd0, 0xf, 0xef, 0xf0, 0x1, 0x6a,
    0x31, 0x55, 0xc2, 0x41, 0x84, 0x1, 0xd8, 0x84,
    0x75, 0x47, 0x0, 0x90, 0x9, 0x4c, 0x80, 0x39,
    0x43, 0x74, 0x60, 0xac, 0xf9, 0x32, 0x2, 0x20,
    0x7, 0xe9, 0x52, 0xaa, 0x45, 0x2e, 0xb0, 0x9,
    0x8, 0x7, 0x49, 0x35, 0xf7, 0xfb, 0xb6, 0x48,
    0x0, 0xc5, 0x8a, 0x22, 0x3a, 0x58, 0x0, 0x85,
    0xc0, 0x3e, 0xc7, 0xae, 0xe6, 0x3d, 0x28, 0x4,
    0x52, 0x20, 0x1e, 0x1a, 0xfc, 0xc7, 0x6a, 0x80,
    0x63, 0xe1, 0x0, 0xe0,

    /* U+06FC "ۼ" */
    0x0, 0xad, 0xc0, 0x3f, 0x72, 0x0, 0x7e, 0x53,
    0x0, 0xf1, 0xe7, 0xf9, 0x0, 0x30, 0xeb, 0xdd,
    0x28, 0x6, 0x41, 0xb4, 0x51, 0x0, 0xf0, 0x80,
    0x7c, 0xa3, 0x8b, 0x1b, 0x60, 0x1b, 0xa, 0x95,
    0x50, 0x1, 0xa4, 0xaf, 0x60, 0xc0, 0x26, 0x5c,
    0x40, 0xf, 0x6b, 0x88, 0x13, 0x0, 0x66, 0x10,
    0x2, 0x50, 0x6, 0x75, 0x0, 0x36, 0x0, 0x68,
    0x2d, 0x62, 0x12, 0x47, 0x2, 0xd4, 0x9d, 0xed,
    0xbc, 0x10, 0x29, 0xfd, 0xcd, 0xfb, 0x10,

    /* U+06FD "۽" */
    0x0, 0xfc, 0x59, 0xf6, 0x1, 0x73, 0xdc, 0x0,
    0x47, 0x8, 0x60, 0x19, 0x40, 0x3a, 0x65, 0x15,
    0x60, 0x7e, 0xe, 0xda, 0x8, 0x51, 0xb8, 0xc0,
    0xf6, 0x88, 0x54, 0x0, 0x9f, 0xc8, 0x80, 0x1f,
    0x80,

    /* U+06FE "۾" */
    0x0, 0xff, 0x37, 0x7d, 0x0, 0x4d, 0x31, 0x49,
    0x20, 0x1, 0xa6, 0x5b, 0x60, 0x3, 0xa8, 0x1,
    0x0, 0x41, 0xb3, 0xfd, 0xc2, 0x25, 0x95, 0xbb,
    0x4d, 0x87, 0xa4, 0xe2, 0xfa, 0x80, 0x4, 0xc,
    0xc8, 0x0, 0x26, 0x0, 0xf6, 0x80, 0x2c, 0xb4,
    0x0, 0xb8, 0x1, 0xe0,

    /* U+06FF "ۿ" */
    0x0, 0xc9, 0x0, 0x1f, 0xd0, 0x84, 0x1, 0xf2,
    0x2c, 0x40, 0x3, 0xe7, 0x84, 0xe0, 0xf, 0x8c,
    0x41, 0x0, 0x3f, 0x63, 0x80, 0x7f, 0xa2, 0x80,
    0x3e, 0xb1, 0x65, 0xc1, 0x0, 0xc2, 0x9f, 0x28,
    0x7a, 0x1, 0xf9, 0xd8, 0xa4, 0x2, 0x13, 0x96,
    0x3b, 0x86, 0x4, 0x54, 0x4a, 0x51, 0xbc, 0x40,
    0xee, 0xca, 0xf0, 0xd6, 0xf6, 0x0,

    /* U+2013 "–" */
    0x0, 0xfc, 0xbf, 0xfe, 0x54, 0xcc, 0xf2, 0x0,

    /* U+2014 "—" */
    0x0, 0xff, 0xe2, 0x2f, 0xff, 0xff, 0x9, 0x53,
    0x33, 0xff, 0x84, 0x80,

    /* U+2018 "‘" */
    0xa, 0x71, 0x53, 0x70, 0x5d, 0x11, 0x5f, 0x0,

    /* U+2019 "’" */
    0x1f, 0x75, 0x5, 0x32, 0x26, 0x50, 0x5b, 0x80,

    /* U+201C "“" */
    0xa, 0x70, 0xb6, 0x15, 0x31, 0x45, 0x70, 0x56,
    0x3, 0xd1, 0x15, 0x90, 0x5f, 0x6, 0x68, 0x0,

    /* U+201D "”" */
    0x1f, 0x72, 0xf6, 0x50, 0x57, 0x4, 0x32, 0x26,
    0x99, 0x65, 0x82, 0x50, 0x5b, 0x6, 0x30, 0x0,

    /* U+2022 "•" */
    0x0, 0xc9, 0xfe, 0x4f, 0x0, 0x78, 0x6, 0x81,
    0x14, 0x0,

    /* U+2026 "…" */
    0x1, 0x0, 0x88, 0x2, 0x20, 0xce, 0x10, 0x9d,
    0x30, 0x6d, 0x66, 0x10, 0x87, 0x8, 0x80, 0x80,
    0x80,

    /* U+20AC "€" */
    0x0, 0x8e, 0xff, 0xd8, 0xc0, 0x3, 0xc0, 0xaa,
    0x20, 0x80, 0x39, 0x2d, 0x55, 0xe, 0x6, 0x50,
    0x1, 0xd3, 0x81, 0x9f, 0xee, 0x0, 0x43, 0x8e,
    0xed, 0xe0, 0x1, 0xf0, 0x22, 0x84, 0x1, 0x30,
    0x3f, 0xf3, 0x80, 0x22, 0xc2, 0xb7, 0x4e, 0x0,
    0x14, 0x2e, 0x22, 0x0, 0x74, 0xa6, 0x32, 0xbb,
    0x0, 0x12, 0xde, 0x6a, 0x86,

    /* U+2103 "℃" */
    0x0, 0x1a, 0x90, 0x7, 0xa, 0x32, 0x8, 0x2,
    0x7f, 0x7d, 0x80, 0x3, 0x5d, 0x71, 0x7c, 0x80,
    0xd9, 0x1f, 0x0, 0xc, 0x4b, 0xfe, 0xfb, 0x40,
    0x1, 0x3, 0x18, 0x41, 0x6a, 0x0, 0x48, 0x0,
    0xac, 0xda, 0x90, 0x54, 0x30, 0xf, 0x97, 0xb3,
    0x90, 0xb, 0x0, 0x3f, 0xc2, 0x0, 0x10, 0xf,
    0xfe, 0x18, 0x87, 0x0, 0x7f, 0xf0, 0x89, 0x40,
    0x3f, 0xf8, 0x54, 0x6a, 0x1, 0xff, 0xc1, 0x73,
    0xa8, 0x32, 0x36, 0x0, 0xfe, 0xc7, 0x6c, 0xdc,
    0xb1, 0x0, 0xfe, 0x8e, 0xe6, 0xf6, 0x88,

    /* U+2109 "℉" */
    0x0, 0x23, 0x18, 0x1, 0x15, 0x78, 0x82, 0x7c,
    0x79, 0xc2, 0xab, 0xc8, 0xd, 0x6f, 0xf2, 0x0,
    0x7f, 0xfc, 0xc0, 0x1, 0x1, 0x30, 0xf, 0xe7,
    0xc9, 0xe8, 0x0, 0xfe, 0x8f, 0xdc, 0x50, 0x0,
    0x8f, 0x0, 0x44, 0x82, 0x1, 0x37, 0x76, 0x20,
    0xf, 0xcd, 0xbb, 0x88, 0x3, 0xf0, 0x91, 0x60,
    0xf, 0xff, 0x37, 0xc0, 0x7, 0x0,

    /* U+2122 "™" */
    0x89, 0x98, 0xe5, 0x40, 0xb, 0x21, 0x9c, 0xba,
    0x4d, 0x0, 0x9, 0x60, 0x43, 0x74, 0x10, 0x63,
    0x27, 0x0, 0xfd, 0xb5, 0x4e, 0x0, 0xfc, 0xce,
    0xaa, 0x0, 0xfe, 0x44, 0x0, 0x64, 0xb0, 0x7,
    0x85, 0x48, 0x78, 0x0,

    /* U+2190 "←" */
    0x0, 0x2d, 0x0, 0x70, 0xde, 0x0, 0x75, 0x13,
    0x0, 0x64, 0x41, 0xff, 0xe8, 0x42, 0x4c, 0xcd,
    0x21, 0xc8, 0xe6, 0x70, 0x81, 0xc4, 0x0, 0x30,

    /* U+2191 "↑" */
    0x0, 0x16, 0x30, 0x4, 0xfa, 0x73, 0x63, 0x15,
    0x63, 0x23, 0xf7, 0xa8, 0x7, 0x54, 0x30, 0xe,
    0x40, 0xf, 0xfe, 0x2f, 0xa8, 0x0,

    /* U+2192 "→" */
    0x0, 0x8e, 0x80, 0x3c, 0x6d, 0x40, 0x1e, 0xf5,
    0x40, 0xef, 0xfb, 0x2, 0x83, 0x33, 0x58, 0x48,
    0x11, 0x9d, 0xc6, 0xe0, 0x18, 0xd3, 0x80, 0x0,

    /* U+2193 "↓" */
    0x0, 0xb1, 0x40, 0x38, 0x40, 0x3f, 0xc2, 0x1,
    0xc3, 0x36, 0x20, 0x6, 0xe9, 0x1e, 0x2b, 0x8b,
    0x1a, 0xa0, 0xaf, 0xa0, 0x1, 0x7a, 0xc4, 0x0,

    /* U+2260 "≠" */
    0x0, 0xff, 0xe0, 0xeb, 0x0, 0x91, 0x4e, 0x68,
    0x1f, 0xbb, 0x40, 0xe9, 0xe6, 0xe9, 0x8f, 0x74,
    0x64, 0x43, 0x68, 0x22, 0x2, 0x2d, 0x90, 0xaa,
    0x86, 0xa8, 0xa5, 0x55, 0x17, 0x2a, 0xbf, 0xf1,
    0x93, 0xc0, 0x7, 0x0,

    /* U+2264 "≤" */
    0x0, 0xf2, 0x90, 0x4, 0x73, 0xf6, 0x2, 0xfb,
    0x85, 0x5c, 0x5f, 0x15, 0xd6, 0xa0, 0x6, 0x19,
    0x83, 0x0, 0xa3, 0xac, 0xb3, 0x5c, 0x2, 0x5b,
    0xea, 0xa1, 0x80, 0x61, 0x7d, 0x33, 0x22, 0x78,
    0x36, 0xef, 0xc6,

    /* U+2265 "≥" */
    0x61, 0x0, 0xf5, 0x75, 0xa8, 0x6, 0xcc, 0x15,
    0xf4, 0x98, 0x0, 0xe7, 0xad, 0x30, 0xc0, 0x2,
    0xf0, 0x48, 0x4b, 0x7d, 0x54, 0xeb, 0x18, 0x2c,
    0xd7, 0x10, 0x6, 0xc9, 0x80, 0x71, 0xa2, 0x78,
    0x36, 0xef, 0xc6,

    /* U+FE70 "ﹰ" */
    0x0, 0x84, 0x5, 0xf3, 0x4, 0x40, 0xf8, 0x30,
    0xbe, 0xd0, 0x2e, 0xd8, 0x10,

    /* U+FE71 "ﹱ" */
    0x0, 0x88, 0x0, 0x53, 0xb2, 0x0, 0x6c, 0xec,
    0x0, 0xc, 0x40, 0x40, 0x9, 0xb6, 0xc0, 0x1,
    0x0, 0xff, 0xee, 0xa2, 0xac, 0x83, 0x75, 0x55,
    0xb8,

    /* U+FE72 "ﹲ" */
    0x0, 0xaf, 0x9, 0x35, 0xc2, 0xdd, 0x2f, 0x5a,
    0xd4, 0x13, 0xfb, 0x0,

    /* U+FE73 "ﹳ" */
    0x1, 0x0, 0xc3, 0xc4, 0x1, 0x38, 0x90, 0x4,
    0x26, 0x1, 0x88, 0x82, 0x1, 0x29, 0x62, 0x88,
    0x3, 0x1e, 0xb8, 0x0, 0x35, 0xf8, 0x0,

    /* U+FE74 "ﹴ" */
    0x0, 0xf2, 0x46, 0x9a, 0x76, 0xc1, 0x30, 0x47,
    0x80, 0x3b, 0x68, 0x40,

    /* U+FE76 "ﹶ" */
    0x0, 0xa, 0x89, 0xe6, 0x34, 0xb, 0xb6, 0x4,

    /* U+FE77 "ﹷ" */
    0x0, 0x23, 0x80, 0x1f, 0x78, 0x80, 0xb, 0xb4,
    0xa0, 0x2, 0x0, 0xff, 0xee, 0xa2, 0xac, 0x83,
    0x75, 0x55, 0xb8,

    /* U+FE78 "ﹸ" */
    0x1, 0xbc, 0x10, 0x52, 0x44, 0x2, 0x2a, 0x91,
    0x71, 0x7c, 0x40,

    /* U+FE79 "ﹹ" */
    0x0, 0x36, 0xb0, 0x6, 0xac, 0xa0, 0xd, 0x58,
    0xa0, 0x15, 0xd9, 0x64, 0x2, 0xbd, 0x80, 0xf,
    0xff, 0x4a, 0x2a, 0xc8, 0x21, 0x75, 0x55, 0xb8,

    /* U+FE7A "ﹺ" */
    0x0, 0x88, 0x4a, 0x76, 0x40, 0x73, 0x6c, 0x40,

    /* U+FE7B "ﹻ" */
    0x45, 0x59, 0x6, 0xea, 0xab, 0x7f, 0xfb, 0x74,
    0xc3, 0x3b, 0x22, 0x0, 0xdd, 0x59, 0x80,

    /* U+FE7C "ﹼ" */
    0x0, 0x19, 0x3b, 0x1f, 0x86, 0x72, 0x97, 0xf6,
    0x45, 0x6a, 0x80,

    /* U+FE7D "ﹽ" */
    0x0, 0x1b, 0x90, 0x51, 0xd7, 0xb8, 0x33, 0x48,
    0x80, 0x59, 0xec, 0x10, 0x9c, 0x10, 0xf, 0xfe,
    0xda, 0x2a, 0xc8, 0x37, 0x55, 0x5b, 0x80,

    /* U+FE7E "ﹾ" */
    0x1c, 0xb0, 0x69, 0x23, 0x59, 0x23,

    /* U+FE7F "ﹿ" */
    0x9, 0xd4, 0x0, 0xa, 0xf7, 0x0, 0x2, 0xdd,
    0xc0, 0xa, 0xb5, 0x0, 0x3f, 0xfc, 0x8, 0xab,
    0x20, 0xdd, 0x55, 0x6e,

    /* U+FE80 "ﺀ" */
    0x0, 0xfc, 0x59, 0xf6, 0x1, 0x7b, 0xdc, 0x0,
    0x45, 0x8, 0x60, 0x11, 0x58, 0x0, 0x80, 0x1c,
    0xd9, 0xde, 0xf, 0xa2, 0x11, 0x80, 0x97, 0xd8,
    0xc2, 0x0,

    /* U+FE81 "ﺁ" */
    0x6d, 0xff, 0x70, 0xb6, 0xff, 0xb8, 0x40, 0x6,
    0x40, 0x1b, 0x94, 0x3, 0x8, 0x7, 0xbc, 0x3,
    0x38, 0x7, 0x84, 0x3, 0xfc, 0x26, 0x1, 0xfe,
    0x30, 0xf, 0x8, 0x0,

    /* U+FE82 "ﺂ" */
    0x6e, 0xa1, 0x41, 0x1, 0xfc, 0xff, 0x8, 0x38,
    0xb7, 0x58, 0x6, 0x53, 0x0, 0xe9, 0xb0, 0xf,
    0xfe, 0x3, 0x88, 0x7, 0xff, 0x0, 0x4c, 0x3,
    0xc2, 0x1, 0xc6, 0x1, 0xe1, 0x60, 0xe, 0xd2,
    0x85, 0x0, 0x95, 0x99, 0x48,

    /* U+FE83 "ﺃ" */
    0x5d, 0x60, 0x9f, 0x60, 0xbe, 0xa2, 0xf4, 0x92,
    0x8b, 0x10, 0x7, 0x28, 0x0, 0x40, 0x37, 0x80,
    0x1c, 0x3, 0x8, 0x7, 0x84, 0xc0, 0x3c, 0x60,
    0x18, 0x40,

    /* U+FE84 "ﺄ" */
    0x5d, 0x60, 0xa, 0x7d, 0x80, 0x2b, 0xea, 0x20,
    0x7, 0xa4, 0x90, 0x2, 0x2c, 0x80, 0x37, 0x30,
    0x6, 0x1f, 0x0, 0xce, 0x20, 0x1f, 0xe1, 0x30,
    0xe, 0x10, 0xc, 0x60, 0x1c, 0x2c, 0x1, 0xb4,
    0xa1, 0x40, 0xa, 0xcc, 0xa4,

    /* U+FE85 "ﺅ" */
    0x0, 0x2e, 0xa8, 0x6, 0x8d, 0x50, 0xc, 0xb3,
    0x20, 0xc, 0x66, 0xc0, 0xd, 0x74, 0xa0, 0x1f,
    0xf5, 0x7e, 0x98, 0x2, 0x1e, 0x9b, 0x80, 0xb,
    0xb, 0x24, 0x40, 0x3f, 0x47, 0x1, 0xb, 0x7b,
    0xa0, 0x10, 0x5d, 0xf6, 0x12, 0x0, 0x15, 0x35,
    0x81, 0xf6, 0xbd, 0xa8, 0x14, 0xe6, 0xa0, 0x0,

    /* U+FE86 "ﺆ" */
    0x0, 0x2e, 0xa8, 0x7, 0xa3, 0x54, 0x3, 0xc9,
    0x30, 0x1, 0xe2, 0x27, 0x0, 0x7a, 0xec, 0xc0,
    0x1f, 0xfc, 0x3a, 0xfd, 0x30, 0xd, 0xf, 0x4d,
    0xc0, 0x19, 0xad, 0x64, 0x88, 0x1, 0xb5, 0x5c,
    0x15, 0x0, 0x1a, 0xf5, 0x40, 0x8b, 0x30, 0x3c,
    0xf7, 0x2f, 0xf1, 0x80, 0xa, 0x5e, 0x0, 0x23,
    0xed, 0x4a, 0x50, 0x8, 0xa6, 0xf5, 0x40, 0x30,

    /* U+FE87 "ﺇ" */
    0xd, 0x70, 0x0, 0x80, 0x6f, 0x0, 0x38, 0x6,
    0x10, 0xf, 0x9, 0x80, 0x78, 0xc0, 0x30, 0x80,
    0x4, 0x2, 0xbe, 0x0, 0x57, 0x81, 0x1d, 0x1,
    0x3e, 0x30, 0x5e, 0xb0,

    /* U+FE88 "ﺈ" */
    0xd, 0x70, 0xc, 0x3e, 0x1, 0xc2, 0x1, 0x9c,
    0x3, 0x84, 0xc0, 0x38, 0x40, 0x31, 0x80, 0x79,
    0xc0, 0x30, 0x88, 0x3, 0x69, 0x42, 0x80, 0x15,
    0x99, 0x48, 0x0, 0x9e, 0xf4, 0x9, 0xb0, 0x8,
    0x4a, 0xc0, 0x21, 0x6c, 0x70, 0xa, 0xf5, 0xc0,
    0x0,

    /* U+FE89 "ﺉ" */
    0x0, 0x56, 0x8, 0x7, 0xe1, 0x7c, 0x0, 0x86,
    0xbf, 0xd2, 0x2, 0x1d, 0x60, 0x3e, 0xd5, 0x4d,
    0x0, 0x47, 0xd0, 0x41, 0x62, 0xa9, 0x0, 0xa,
    0x20, 0x4, 0x40, 0x6, 0x1f, 0x20, 0xa, 0x9e,
    0x8c, 0x0, 0x82, 0x40, 0x13, 0xe0, 0x65, 0x81,
    0x18, 0x7, 0x1d, 0x62, 0x20, 0x48, 0x40, 0x3d,
    0x42, 0x8c, 0x38, 0xa4, 0x24, 0xd8, 0xfa, 0x0,
    0xc6, 0xad, 0xed, 0x85, 0xf3, 0x0, 0x15, 0xfe,
    0x63, 0x7a, 0x44, 0x0,

    /* U+FE8A "ﺊ" */
    0x0, 0x4e, 0x90, 0x7, 0xf0, 0xae, 0x90, 0x7,
    0xf0, 0x85, 0x48, 0x7, 0xf9, 0xf2, 0x0, 0x3f,
    0xd6, 0xc2, 0x1, 0xfd, 0x62, 0x1, 0xc6, 0x1,
    0x95, 0x4, 0x3, 0x26, 0x6c, 0x28, 0x91, 0x0,
    0x39, 0x35, 0x5e, 0x9c, 0x48, 0x40, 0x38, 0xa8,
    0x31, 0x98, 0x38, 0xa4, 0x24, 0x91, 0xa8, 0x60,
    0xf, 0x7a, 0xde, 0xdb, 0x49, 0xb0, 0x8, 0x6b,
    0xf7, 0x37, 0xf1, 0x80, 0x20,

    /* U+FE8B "ﺋ" */
    0x2c, 0x90, 0xa9, 0x90, 0x5c, 0x4a, 0xa9, 0x35,
    0x5a, 0x50, 0x2, 0x40, 0x3, 0xd8, 0x1, 0x81,
    0x0, 0x48, 0x80, 0x1, 0x4, 0x73, 0x5a, 0xba,
    0x30,

    /* U+FE8C "ﺌ" */
    0x9, 0xd2, 0x0, 0x85, 0x74, 0x80, 0x21, 0xa,
    0xa0, 0x6, 0x6c, 0xb0, 0xd, 0x4c, 0x20, 0x1c,
    0x88, 0x0, 0xef, 0xd0, 0xe, 0x4e, 0x0, 0x92,
    0x82, 0x99, 0x2, 0x9e, 0xd2, 0x2c, 0x80,

    /* U+FE8D "ﺍ" */
    0xd7, 0x10, 0x7, 0xb8, 0x0, 0x40, 0x2, 0x60,
    0x3, 0x0, 0x8, 0x82, 0xf8,

    /* U+FE8E "ﺎ" */
    0xd7, 0x0, 0x87, 0xc0, 0x30, 0x80, 0x4e, 0x1,
    0x84, 0xc0, 0x30, 0x80, 0x46, 0x1, 0xce, 0x1,
    0x8, 0x80, 0x2d, 0x28, 0x50, 0x56, 0x65, 0x20,

    /* U+FE8F "ﺏ" */
    0x0, 0xff, 0xe0, 0xba, 0x1, 0x48, 0x7, 0xfd,
    0x9e, 0xe, 0xe0, 0xf, 0xfb, 0x50, 0x8, 0xc0,
    0x3f, 0xe5, 0x1, 0x11, 0x10, 0x3, 0xfd, 0x62,
    0x27, 0x2d, 0x96, 0x55, 0xcc, 0xf3, 0xaf, 0x40,
    0x3b, 0xb, 0x15, 0x5a, 0x2c, 0xef, 0x90, 0x2,
    0x7c, 0xef, 0xfd, 0xd9, 0x4c, 0x20, 0x1f, 0xcc,
    0x40, 0x1f, 0xfc, 0x2b, 0x40, 0xf, 0x80,

    /* U+FE90 "ﺐ" */
    0x15, 0x0, 0xff, 0xe2, 0xa5, 0x0, 0x7f, 0xf1,
    0x48, 0x80, 0x1f, 0xfc, 0x9, 0x40, 0x8, 0x48,
    0x40, 0x3f, 0x9b, 0x58, 0xc0, 0x27, 0x1f, 0x96,
    0x55, 0x9a, 0x2f, 0xe5, 0x11, 0x4c, 0x80, 0x3f,
    0x2b, 0x15, 0x54, 0x21, 0x57, 0x4c, 0x9e, 0x2c,
    0x80, 0x5f, 0x3b, 0xfe, 0xec, 0x95, 0x10, 0x2a,
    0xef, 0x20, 0xf, 0xb, 0x80, 0x7f, 0xf1, 0x4a,
    0x44, 0x3, 0xfc,

    /* U+FE91 "ﺑ" */
    0x1, 0x50, 0x3, 0x50, 0x1, 0x81, 0x0, 0x48,
    0x80, 0x1, 0x4, 0x73, 0x5a, 0xba, 0x3e, 0xc5,
    0x0, 0x39, 0x0, 0x29, 0xc0,

    /* U+FE92 "ﺒ" */
    0x0, 0x2a, 0x80, 0x3b, 0xb4, 0x3, 0x93, 0xc0,
    0x24, 0xa0, 0xa6, 0x40, 0xa7, 0xb4, 0x8b, 0x2e,
    0xd4, 0x9e, 0xf2, 0x0, 0x39, 0x0, 0x75, 0x38,
    0x4,

    /* U+FE93 "ﺓ" */
    0x2, 0x61, 0x70, 0x3, 0xd9, 0x48, 0x82, 0xe9,
    0xf0, 0x80, 0xc, 0x40, 0x34, 0x79, 0x0, 0x9,
    0x4b, 0x4, 0x3e, 0x70, 0xa5, 0xd, 0xc2, 0x18,
    0xc8, 0x0, 0xe2, 0x66, 0x85, 0xf5, 0x48, 0x6a,
    0x7b,

    /* U+FE94 "ﺔ" */
    0x0, 0x63, 0x4c, 0x80, 0x3a, 0x97, 0x74, 0x1,
    0xcc, 0x68, 0x80, 0xf, 0x9a, 0x80, 0x38, 0x9e,
    0xdc, 0x3, 0x46, 0x73, 0x98, 0x4, 0x8d, 0xf3,
    0xe2, 0x1, 0x18, 0x28, 0x80, 0x73, 0x1d, 0xf5,
    0x0, 0x80, 0x7, 0x7b, 0x38, 0xa9, 0x44, 0x0,
    0x26, 0x3e, 0xf4, 0xe0,

    /* U+FE95 "ﺕ" */
    0x0, 0xf3, 0x12, 0x98, 0x7, 0xff, 0x2, 0xdf,
    0xac, 0x3, 0xff, 0x81, 0xab, 0x70, 0x1, 0x53,
    0x1, 0x60, 0x7, 0xff, 0x2, 0x81, 0x8, 0x3,
    0xfe, 0xf3, 0x1, 0x30, 0xf, 0xf9, 0x80, 0x44,
    0x44, 0x0, 0xff, 0x58, 0x89, 0x8b, 0x65, 0x95,
    0x73, 0x3c, 0xeb, 0x50, 0x3, 0x60, 0xa2, 0xab,
    0x45, 0x9d, 0xfa, 0x0,

    /* U+FE96 "ﺖ" */
    0x0, 0xf3, 0x12, 0x98, 0x7, 0xff, 0xe, 0xdf,
    0xec, 0x3, 0xff, 0x87, 0xab, 0x50, 0x1, 0xfc,
    0x56, 0x1, 0xff, 0xc5, 0x45, 0x0, 0xff, 0xe2,
    0x89, 0x80, 0x7f, 0xc3, 0x8c, 0x1, 0x9, 0x10,
    0x3, 0xf0, 0xbf, 0x98, 0x80, 0x4c, 0x5b, 0x2c,
    0xab, 0x34, 0xe7, 0x43, 0xa4, 0xb2, 0x0, 0x36,
    0xa, 0x2a, 0xa8, 0x55, 0x57, 0x4d, 0x24, 0x59,
    0x0,

    /* U+FE97 "ﺗ" */
    0x27, 0x7, 0x7, 0xa2, 0x92, 0x5d, 0x2e, 0x20,
    0x1, 0x80, 0x45, 0x88, 0x0, 0x23, 0xc0, 0x9,
    0xc, 0x2, 0xe7, 0x4, 0x6b, 0x40, 0xab, 0x58,
    0x0,

    /* U+FE98 "ﺘ" */
    0x8, 0xa5, 0xd0, 0xb, 0x3d, 0xe8, 0x2, 0x45,
    0x27, 0x0, 0xc5, 0x20, 0x1c, 0x88, 0x0, 0xec,
    0x10, 0x9, 0x21, 0x4d, 0xd4, 0xa9, 0xa2, 0x13,
    0x56,

    /* U+FE99 "ﺙ" */
    0x0, 0xfb, 0x18, 0x3, 0xff, 0x82, 0xd4, 0x26,
    0x1, 0xff, 0xc0, 0xb3, 0xcb, 0x0, 0xff, 0xe0,
    0x6a, 0xdc, 0x0, 0x54, 0xc0, 0x58, 0x1, 0xff,
    0xc0, 0xa0, 0x42, 0x0, 0xff, 0xbc, 0xc0, 0x4c,
    0x3, 0xfe, 0x60, 0x11, 0x11, 0x0, 0x3f, 0xd6,
    0x22, 0x62, 0xd9, 0x65, 0x5c, 0xcf, 0x3a, 0xd4,
    0x0, 0xd8, 0x28, 0xaa, 0xd1, 0x67, 0x7e, 0x80,

    /* U+FE9A "ﺚ" */
    0x0, 0xfb, 0x1c, 0x3, 0xff, 0x88, 0xd4, 0x6,
    0x1, 0xff, 0xc3, 0xb3, 0xdb, 0x0, 0xff, 0xe1,
    0xea, 0xd4, 0x0, 0x7f, 0x15, 0x80, 0x7f, 0xf1,
    0x51, 0x40, 0x3f, 0xf8, 0xa2, 0x60, 0x1f, 0xf0,
    0xe3, 0x0, 0x42, 0x44, 0x0, 0xfc, 0x2f, 0xe6,
    0x20, 0x13, 0x16, 0xcb, 0x2a, 0xcd, 0x39, 0xd0,
    0xe9, 0x2c, 0x80, 0xd, 0x82, 0x8a, 0xaa, 0x15,
    0x55, 0xd3, 0x49, 0x16, 0x40,

    /* U+FE9B "ﺛ" */
    0x3, 0xe1, 0x2, 0xb6, 0x60, 0x3a, 0xd4, 0x92,
    0xe9, 0x71, 0x0, 0xc, 0x2, 0x2c, 0x40, 0x1,
    0x1e, 0x0, 0x48, 0x60, 0x17, 0x38, 0x23, 0x5a,
    0x5, 0x5a, 0xc0, 0x0,

    /* U+FE9C "ﺜ" */
    0x0, 0x1b, 0x0, 0x72, 0xd0, 0x6, 0x8c, 0x9d,
    0x0, 0xaf, 0xde, 0x80, 0x23, 0x52, 0x70, 0xc,
    0x52, 0x1, 0xc8, 0x80, 0xe, 0xc1, 0x0, 0x92,
    0x14, 0xdd, 0x4a, 0x9a, 0x21, 0x35, 0x60,

    /* U+FE9D "ﺝ" */
    0x0, 0xff, 0x2f, 0xfd, 0x90, 0x84, 0x20, 0xbf,
    0xf4, 0x25, 0xef, 0x10, 0x4, 0x92, 0x66, 0x8b,
    0x20, 0x4, 0xdb, 0xee, 0x3a, 0x0, 0x21, 0xae,
    0x88, 0x3, 0x13, 0xd2, 0x0, 0x7a, 0xcd, 0x40,
    0xe, 0x20, 0x12, 0xa0, 0x0, 0x64, 0x80, 0x30,
    0x80, 0x7, 0x8c, 0x2, 0x47, 0x20, 0xf, 0xa4,
    0xf1, 0xcc, 0x44, 0x70, 0x63, 0x8f, 0x39, 0xdc,
    0xc3, 0x0, 0xc, 0xf6, 0xe6, 0xfd, 0x98,

    /* U+FE9E "ﺞ" */
    0x0, 0xff, 0xe0, 0x2f, 0xfd, 0x90, 0x84, 0x20,
    0x12, 0xff, 0xd0, 0x97, 0xbc, 0x40, 0x1c, 0x92,
    0x60, 0xb4, 0x40, 0x1a, 0x6d, 0xf5, 0x89, 0x40,
    0x34, 0x35, 0x50, 0xb8, 0xc0, 0x31, 0x3d, 0x28,
    0x0, 0xd0, 0x80, 0x2b, 0x35, 0x2, 0x14, 0x3f,
    0x64, 0x5, 0x40, 0x4, 0x40, 0x35, 0xe6, 0x84,
    0x4, 0x1, 0x52, 0x3, 0x5f, 0xc2, 0x8e, 0x40,
    0x1f, 0xd2, 0x78, 0xe6, 0x22, 0x38, 0x30, 0x0,
    0xe3, 0xce, 0x77, 0x30, 0xc0, 0x30, 0xcf, 0x6e,
    0x6f, 0xd9, 0x80, 0x0,

    /* U+FE9F "ﺟ" */
    0x0, 0xff, 0x77, 0xf5, 0x98, 0x6, 0xbb, 0x8b,
    0x28, 0x80, 0xa, 0x8b, 0x38, 0xbb, 0x60, 0x19,
    0xb4, 0xa6, 0x48, 0xd5, 0xd1, 0xd, 0x62, 0xa8,
    0x18, 0xe6, 0x0, 0xbb, 0x96, 0xc0, 0x1f, 0x85,
    0xc0, 0x3e, 0x29, 0x10, 0x8,

    /* U+FEA0 "ﺠ" */
    0x0, 0xff, 0xe0, 0x77, 0xf5, 0x98, 0x7, 0xae,
    0xe2, 0xca, 0x20, 0xc, 0xa8, 0xb3, 0x8b, 0xb6,
    0x1, 0xe6, 0xd1, 0x8, 0x0, 0x23, 0x57, 0x44,
    0x38, 0x61, 0x8e, 0xa0, 0x63, 0x98, 0x35, 0xe3,
    0xfb, 0x96, 0xc0, 0x11, 0xe7, 0x60, 0x4, 0x6c,
    0x1, 0xfc, 0xb4, 0x1, 0xe0,

    /* U+FEA1 "ﺡ" */
    0x0, 0xff, 0x2f, 0xfd, 0x90, 0x84, 0x20, 0xbf,
    0xf4, 0x25, 0xef, 0x10, 0x4, 0x92, 0x66, 0x8b,
    0x20, 0x4, 0xdb, 0xee, 0x3a, 0x0, 0x21, 0xae,
    0x88, 0x3, 0x13, 0xd2, 0x0, 0x7a, 0xcd, 0x40,
    0x3e, 0x54, 0x0, 0xfe, 0x10, 0xf, 0xc8, 0xe4,
    0x1, 0xf4, 0x9e, 0x41, 0x89, 0x24, 0x18, 0xe3,
    0xb6, 0x76, 0xd9, 0x80, 0x6, 0x7b, 0x73, 0x7e,
    0xcc,

    /* U+FEA2 "ﺢ" */
    0x0, 0xff, 0xe0, 0x2f, 0xfd, 0x90, 0x84, 0x20,
    0x12, 0xff, 0xd0, 0x97, 0xbc, 0x40, 0x1c, 0x92,
    0x60, 0xb4, 0x40, 0x1a, 0x6d, 0xf5, 0x89, 0x40,
    0x34, 0x35, 0x50, 0xb8, 0xc0, 0x31, 0x3d, 0x28,
    0x0, 0xd0, 0x80, 0x2b, 0x35, 0x0, 0x90, 0xfd,
    0x90, 0x15, 0x0, 0x3b, 0x5e, 0x68, 0x40, 0x40,
    0x38, 0x6b, 0xf8, 0x51, 0xc8, 0x3, 0xfa, 0x4f,
    0x1c, 0xc4, 0x47, 0x6, 0x0, 0x1c, 0x79, 0xce,
    0xe6, 0x18, 0x6, 0x19, 0xed, 0xcd, 0xfb, 0x30,
    0x0,

    /* U+FEA3 "ﺣ" */
    0x0, 0xff, 0x77, 0xf5, 0x98, 0x6, 0xab, 0xb1,
    0x65, 0x10, 0x1, 0x10, 0xb3, 0x8b, 0xb6, 0x1,
    0x9b, 0x4a, 0x64, 0x8d, 0x5d, 0x10, 0xd6, 0x2a,
    0x81, 0x8e, 0x60, 0x8,

    /* U+FEA4 "ﺤ" */
    0x0, 0xff, 0xe0, 0x77, 0xf5, 0x98, 0x7, 0xaa,
    0xec, 0x59, 0x44, 0x1, 0x91, 0xb, 0x38, 0xbb,
    0x60, 0x1e, 0x6d, 0x10, 0x80, 0x2, 0x35, 0x74,
    0x43, 0x86, 0x18, 0xea, 0x6, 0x39, 0x83, 0x5e,
    0x3c,

    /* U+FEA5 "ﺥ" */
    0x0, 0xd3, 0x20, 0xf, 0xdb, 0xa0, 0xf, 0xc8,
    0x80, 0xc, 0xbf, 0xee, 0x81, 0x0, 0xe7, 0xb9,
    0x5e, 0x93, 0x10, 0x58, 0x47, 0xd5, 0x6c, 0xe2,
    0x0, 0x9b, 0x55, 0x22, 0x88, 0x1, 0x72, 0xbf,
    0x6e, 0xa0, 0xb, 0x6e, 0x80, 0xe, 0x54, 0xc1,
    0x0, 0xf7, 0x30, 0x80, 0x7c, 0xe2, 0x1, 0xf9,
    0x94, 0x3, 0xf4, 0x1f, 0x39, 0x88, 0x8d, 0xc8,
    0x9e, 0x91, 0x9d, 0xcc, 0xc0, 0x80, 0xd7, 0xee,
    0x6f, 0xd9, 0x80,

    /* U+FEA6 "ﺦ" */
    0x0, 0xd3, 0x20, 0xf, 0xf6, 0xe8, 0x3, 0xfc,
    0x88, 0x0, 0xf2, 0xff, 0xd9, 0x8, 0x42, 0x1,
    0x2f, 0xfd, 0x9, 0x7b, 0xc4, 0x1, 0xc9, 0x26,
    0xb, 0x44, 0x1, 0xa6, 0xdf, 0x58, 0x94, 0x3,
    0x43, 0x55, 0xb, 0x8c, 0x3, 0x13, 0xd2, 0x80,
    0xd, 0x8, 0x2, 0xb3, 0x50, 0x9, 0xf, 0xd9,
    0x1, 0x50, 0x3, 0xb5, 0xe6, 0x84, 0x4, 0x3,
    0x86, 0xbf, 0x85, 0x1c, 0x80, 0x3f, 0xa4, 0xf1,
    0xcc, 0x44, 0x70, 0x60, 0x1, 0xc7, 0x9c, 0xee,
    0x61, 0x80, 0x61, 0x9e, 0xdc, 0xdf, 0xb3, 0x0,
    0x0,

    /* U+FEA7 "ﺧ" */
    0x0, 0x6a, 0x0, 0x7d, 0x4a, 0x1, 0xf3, 0x88,
    0x7, 0xbb, 0xfa, 0xcc, 0x3, 0x55, 0xd8, 0xb2,
    0x88, 0x0, 0x88, 0x59, 0xc5, 0xdb, 0x0, 0xcd,
    0xa5, 0x32, 0x46, 0xae, 0x88, 0x6b, 0x15, 0x40,
    0xc7, 0x30, 0x4,

    /* U+FEA8 "ﺨ" */
    0x2, 0xe2, 0x0, 0xfc, 0x52, 0x40, 0x1f, 0xce,
    0x1, 0xfd, 0xdf, 0xd6, 0x60, 0x1e, 0xab, 0xb1,
    0x65, 0x10, 0x6, 0x44, 0x2c, 0xe2, 0xed, 0x80,
    0x79, 0xb4, 0x42, 0x0, 0x8, 0xd5, 0xd1, 0xe,
    0x18, 0x63, 0xa8, 0x18, 0xe6, 0xd, 0x78, 0xf0,

    /* U+FEA9 "ﺩ" */
    0x0, 0xca, 0x1, 0xc7, 0x4a, 0x1, 0x8d, 0xac,
    0x3, 0xa4, 0x18, 0x3, 0x9e, 0x80, 0x3b, 0x84,
    0x56, 0xea, 0xf2, 0x80, 0x33, 0x52, 0xf2,

    /* U+FEAA "ﺪ" */
    0x0, 0xca, 0x1, 0xf8, 0xe9, 0x0, 0x3e, 0x35,
    0x90, 0xf, 0xd6, 0x4a, 0x1, 0xf0, 0xb4, 0x80,
    0x7e, 0xe3, 0x20, 0x0, 0xdb, 0xab, 0xc8, 0x72,
    0x80, 0x6, 0x6a, 0x5b, 0x42, 0x88,

    /* U+FEAB "ﺫ" */
    0x0, 0x9c, 0x3, 0x8e, 0x44, 0x3, 0x1f, 0x8,
    0x7, 0x94, 0x3, 0x8e, 0x94, 0x3, 0x1b, 0x58,
    0x7, 0x48, 0x30, 0x7, 0x3e, 0x80, 0x77, 0x30,
    0xdb, 0xab, 0xca, 0x0, 0xcd, 0x4b, 0xc8,

    /* U+FEAC "ﺬ" */
    0x0, 0x9c, 0x3, 0xf1, 0x49, 0x0, 0x7c, 0x5c,
    0x40, 0x1f, 0xc8, 0x1, 0xf8, 0xed, 0x0, 0x3e,
    0x35, 0x90, 0xf, 0xd6, 0x4a, 0x1, 0xf0, 0xb4,
    0x80, 0x7e, 0xe3, 0x20, 0x0, 0xdb, 0xab, 0xc8,
    0x72, 0x80, 0x6, 0x6a, 0x5b, 0x42, 0x88,

    /* U+FEAD "ﺭ" */
    0x0, 0xc6, 0x1, 0x93, 0x8, 0x2, 0x42, 0xa0,
    0xc, 0xa6, 0x1, 0xb9, 0xc0, 0x36, 0x28, 0x4,
    0x6b, 0x40, 0x6, 0xc7, 0x33, 0x74, 0xc4, 0x0,
    0xdb, 0x9c, 0x0,

    /* U+FEAE "ﺮ" */
    0x0, 0xc8, 0x1, 0xf2, 0x59, 0x0, 0x79, 0xe,
    0xc0, 0x3e, 0xb7, 0x0, 0xf8, 0x45, 0x48, 0x1,
    0xd8, 0x8f, 0x40, 0x19, 0x16, 0x37, 0x80, 0x27,
    0xb8, 0x30, 0x8, 0xfa, 0x25, 0xc0, 0x31, 0xcf,
    0x30, 0x7, 0x0,

    /* U+FEAF "ﺯ" */
    0x0, 0x98, 0x80, 0x35, 0x20, 0x6, 0xc6, 0x0,
    0xff, 0x27, 0x8, 0x4, 0x80, 0xe0, 0x19, 0xf4,
    0x3, 0x7b, 0x80, 0x6e, 0x60, 0x8, 0x5b, 0xc0,
    0x5, 0x8a, 0xa2, 0x9d, 0x6b, 0x3, 0x5a, 0xb0,
    0x0,

    /* U+FEB0 "ﺰ" */
    0x0, 0xf, 0x18, 0x7, 0x86, 0x48, 0x3, 0xe7,
    0x10, 0xf, 0xca, 0x1, 0xf2, 0x51, 0x0, 0x79,
    0xe, 0xc0, 0x3e, 0xb7, 0x0, 0xf8, 0x45, 0x48,
    0x1, 0xd8, 0x8f, 0x40, 0x19, 0x16, 0x37, 0x80,
    0x27, 0xb8, 0x30, 0x8, 0xfa, 0x25, 0xc0, 0x31,
    0xcf, 0x30, 0x7, 0x0,

    /* U+FEB1 "ﺱ" */
    0x0, 0xff, 0xe2, 0xa, 0x80, 0x7f, 0xf1, 0x5e,
    0x84, 0x3, 0xf2, 0xa0, 0x4, 0xc6, 0xe, 0xa,
    0x1, 0xfb, 0xfc, 0x1, 0x5a, 0x80, 0x99, 0x82,
    0xc4, 0x3, 0xb1, 0x0, 0x2, 0x44, 0x0, 0x3f,
    0xaa, 0x8, 0x7, 0x10, 0x52, 0xd0, 0x72, 0xb2,
    0x61, 0x10, 0x3, 0xce, 0xd, 0x4d, 0x4d, 0x51,
    0x4, 0x12, 0x10, 0xe, 0xb2, 0xcf, 0xd5, 0xcf,
    0xe7, 0x6, 0x1c, 0x52, 0x13, 0x97, 0x80, 0xf,
    0xf7, 0xbd, 0x6f, 0x62, 0x52, 0x80, 0x7f, 0x86,
    0xbf, 0x31, 0xda, 0xa0, 0x1f, 0xe0,

    /* U+FEB2 "ﺲ" */
    0x0, 0xff, 0xe2, 0xb8, 0x80, 0x7f, 0xc8, 0x80,
    0x9, 0x4c, 0x1, 0x4a, 0x1, 0xff, 0x77, 0x80,
    0x50, 0xa0, 0x1, 0x20, 0xd, 0x62, 0x1, 0xd8,
    0x80, 0x1, 0x22, 0x0, 0x58, 0x1, 0x2a, 0x8,
    0x7, 0x10, 0x52, 0xd8, 0x72, 0xb9, 0x2c, 0x20,
    0x11, 0x0, 0x3c, 0xe0, 0xd4, 0xf4, 0xd5, 0x59,
    0x68, 0x4, 0x84, 0x3, 0xac, 0x73, 0xf5, 0x73,
    0xf5, 0x17, 0x78, 0x18, 0x71, 0x48, 0x4e, 0x5e,
    0x0, 0x3f, 0xf8, 0x3e, 0xf5, 0xbd, 0x89, 0x4c,
    0x1, 0xff, 0xc1, 0x1a, 0xfc, 0xc7, 0x6a, 0x80,
    0x7f, 0xf0, 0x40,

    /* U+FEB3 "ﺳ" */
    0x0, 0xff, 0x28, 0x7, 0xf8, 0xe8, 0xc0, 0x8,
    0x40, 0x3, 0x50, 0x32, 0xb0, 0x4, 0xa0, 0x2,
    0xb8, 0x0, 0x84, 0x4, 0x50, 0x1, 0x48, 0x0,
    0x20, 0x9c, 0x1c, 0xb0, 0x68, 0xac, 0xcd, 0xa0,
    0xc6, 0xa6, 0x87, 0xa8, 0x77, 0x0,

    /* U+FEB4 "ﺴ" */
    0x0, 0xff, 0x2a, 0x0, 0x71, 0x88, 0x0, 0xd4,
    0x1, 0xba, 0x0, 0xee, 0x60, 0x5, 0xf0, 0x3,
    0xc8, 0x3, 0x11, 0xc, 0x0, 0x84, 0x0, 0xf5,
    0x0, 0x92, 0x43, 0x96, 0xd, 0x15, 0x98, 0x14,
    0xa1, 0x4f, 0x8d, 0x4d, 0xf, 0x50, 0xd8, 0xd4,
    0x80,

    /* U+FEB5 "ﺵ" */
    0x0, 0xff, 0xe0, 0x1b, 0x0, 0x7f, 0xf1, 0x56,
    0x80, 0x3f, 0xf8, 0x86, 0x6e, 0x60, 0xf, 0xfe,
    0x1d, 0xfb, 0xd8, 0x7, 0xff, 0xe, 0x29, 0x74,
    0x5, 0x0, 0x3f, 0xf8, 0xaf, 0x60, 0x1f, 0xca,
    0x80, 0x12, 0x98, 0x38, 0x20, 0x7, 0xef, 0xf0,
    0x5, 0xa, 0x2, 0x66, 0xb, 0x10, 0xe, 0xc4,
    0x0, 0x9, 0x10, 0x0, 0xfe, 0xa8, 0x20, 0x1c,
    0x41, 0x4b, 0x41, 0xca, 0xc9, 0x84, 0x40, 0xf,
    0x38, 0x35, 0x35, 0x35, 0x44, 0x10, 0x48, 0x40,
    0x3a, 0xcb, 0x3f, 0x57, 0x3f, 0x9c, 0x18, 0x71,
    0x48, 0x4e, 0x5e, 0x0, 0x3f, 0xde, 0xf5, 0xbd,
    0x89, 0x4a, 0x1, 0xfe, 0x1a, 0xfc, 0xc7, 0x6a,
    0x80, 0x7f, 0x80,

    /* U+FEB6 "ﺶ" */
    0x0, 0xff, 0xe0, 0x1b, 0x0, 0x7f, 0xf2, 0x16,
    0x80, 0x3f, 0xf8, 0xe6, 0x6e, 0x60, 0xf, 0xfe,
    0x35, 0xfb, 0xd8, 0x7, 0xff, 0x1a, 0x29, 0x74,
    0x3, 0xff, 0x98, 0xe2, 0x1, 0xff, 0x2a, 0x0,
    0x4a, 0x60, 0xa, 0x50, 0xf, 0xfb, 0xfc, 0x1,
    0x42, 0x80, 0x4, 0x80, 0x35, 0x88, 0x7, 0x62,
    0x0, 0x4, 0x88, 0x1, 0x60, 0x4, 0xa8, 0x20,
    0x1c, 0x41, 0x4b, 0x41, 0xca, 0xe4, 0xb0, 0x80,
    0x44, 0x0, 0xf3, 0x83, 0x53, 0x53, 0x55, 0x65,
    0xa0, 0x12, 0x10, 0xe, 0xb1, 0xcf, 0xd5, 0xcf,
    0xd4, 0x5d, 0xe0, 0x61, 0xc5, 0x21, 0x39, 0x78,
    0x0, 0xff, 0xe0, 0xfb, 0xd6, 0xf6, 0x25, 0x30,
    0x7, 0xff, 0x4, 0x6b, 0xf3, 0x1d, 0xaa, 0x1,
    0xff, 0xc1,

    /* U+FEB7 "ﺷ" */
    0x0, 0xf2, 0x98, 0x7, 0xfb, 0x90, 0x3, 0xf9,
    0xa4, 0xd0, 0x3, 0xf5, 0x26, 0xe8, 0x3, 0xf6,
    0x34, 0xc8, 0x14, 0x3, 0xfc, 0x74, 0x60, 0x3,
    0x10, 0x1, 0xa8, 0x19, 0x20, 0x3, 0x9c, 0x1,
    0x7c, 0x0, 0x4d, 0x2, 0x28, 0x0, 0x84, 0x0,
    0x10, 0x4e, 0xe, 0x58, 0x34, 0x56, 0x66, 0xd0,
    0x63, 0x53, 0x43, 0xd4, 0x3b, 0x80,

    /* U+FEB8 "ﺸ" */
    0x0, 0xf2, 0x98, 0x7, 0xff, 0x7, 0x90, 0x3,
    0xff, 0x80, 0xd2, 0x68, 0x1, 0xff, 0x52, 0x6e,
    0x80, 0x3f, 0xec, 0x69, 0x90, 0x7, 0xff, 0x11,
    0x50, 0x3, 0x90, 0x40, 0x6, 0xa0, 0xd, 0xd0,
    0x7, 0x4b, 0x80, 0x2f, 0x80, 0x1e, 0x40, 0x18,
    0x8a, 0x0, 0x21, 0x0, 0x3d, 0x40, 0x24, 0xe0,
    0xe5, 0x83, 0x45, 0x66, 0x5, 0xa8, 0x50, 0x63,
    0x53, 0x43, 0xd4, 0x36, 0x3d, 0x20,

    /* U+FEB9 "ﺹ" */
    0x0, 0xff, 0xeb, 0x8c, 0xff, 0xb4, 0xc0, 0x3f,
    0x95, 0x0, 0x25, 0xe5, 0xaa, 0xe, 0x80, 0x7f,
    0x7f, 0x80, 0xb, 0x51, 0x8a, 0xae, 0x12, 0xc,
    0x20, 0xe, 0xc4, 0x23, 0xaa, 0x38, 0x4, 0x80,
    0x4a, 0x64, 0x1, 0xca, 0x1b, 0xa3, 0x5, 0x67,
    0xc9, 0x90, 0x11, 0x0, 0x3f, 0x4a, 0x95, 0x52,
    0x29, 0x75, 0x80, 0x48, 0x40, 0x3a, 0x49, 0xaf,
    0xbf, 0xdd, 0xb2, 0x40, 0x6, 0x2c, 0x51, 0x11,
    0xd2, 0xc0, 0x7, 0xff, 0x3, 0x1e, 0xbb, 0x98,
    0xf4, 0xa0, 0x1f, 0xfc, 0x1, 0xaf, 0xcc, 0x76,
    0xa8, 0x7, 0xff, 0x0,

    /* U+FEBA "ﺺ" */
    0x0, 0xff, 0xec, 0x8c, 0xff, 0xb4, 0xc0, 0x3f,
    0xe5, 0x40, 0x9, 0x3d, 0x66, 0x87, 0x40, 0x3f,
    0xef, 0xf0, 0x1, 0x2d, 0xb1, 0x97, 0x84, 0x80,
    0x2b, 0x10, 0xe, 0xc4, 0x12, 0xb8, 0x80, 0x4,
    0xe0, 0x40, 0x5, 0x41, 0x0, 0xe5, 0xf, 0xf1,
    0x99, 0x59, 0xee, 0x85, 0x94, 0x8, 0x80, 0x1f,
    0x98, 0x4a, 0xea, 0x68, 0x69, 0x22, 0x90, 0x48,
    0x40, 0x3a, 0x8a, 0x33, 0xbf, 0xed, 0xa5, 0xae,
    0xf4, 0x61, 0xc5, 0x21, 0x3a, 0x68, 0x0, 0xff,
    0xe1, 0x7b, 0xd6, 0xf6, 0x3d, 0x28, 0x7, 0xff,
    0x8, 0x6b, 0xf3, 0x1d, 0xaa, 0x1, 0xff, 0xc2,

    /* U+FEBB "ﺻ" */
    0x0, 0xff, 0xe5, 0x2e, 0x7f, 0xa4, 0x2, 0x43,
    0x0, 0xaa, 0x89, 0x72, 0xce, 0x0, 0x95, 0x0,
    0x5b, 0x6c, 0x23, 0x33, 0x0, 0x88, 0x0, 0xa7,
    0xc2, 0x0, 0xa, 0x1b, 0xe0, 0xc5, 0x2a, 0xa2,
    0x13, 0x9c, 0x13, 0x24, 0xf8, 0x61, 0x67, 0x7d,
    0x3a, 0x20,

    /* U+FEBC "ﺼ" */
    0x0, 0xff, 0xe6, 0x2e, 0x7f, 0xa4, 0x3, 0x90,
    0xc0, 0x2a, 0xa2, 0x5c, 0xb3, 0x80, 0x69, 0x50,
    0x5, 0xb6, 0xc2, 0x33, 0x30, 0x2, 0x22, 0x0,
    0x29, 0xf0, 0x80, 0x2, 0x86, 0x0, 0x7c, 0x18,
    0xa5, 0x54, 0x42, 0x73, 0x89, 0x21, 0xa5, 0x3e,
    0x18, 0x59, 0xdf, 0x4d, 0xbb, 0x50,

    /* U+FEBD "ﺽ" */
    0x0, 0xff, 0xe2, 0x29, 0x80, 0x7f, 0xf1, 0xf9,
    0x0, 0x3f, 0xf8, 0xf6, 0xe0, 0x1f, 0xfd, 0xa1,
    0x9f, 0xf6, 0x98, 0x7, 0xf2, 0xa0, 0x4, 0xbc,
    0xb5, 0x41, 0xd0, 0xf, 0xef, 0xf0, 0x1, 0x6a,
    0x31, 0x55, 0xc2, 0x41, 0x84, 0x1, 0xd8, 0x84,
    0x75, 0x47, 0x0, 0x90, 0x9, 0x4c, 0x80, 0x39,
    0x43, 0x74, 0x60, 0xac, 0xf9, 0x32, 0x2, 0x20,
    0x7, 0xe9, 0x52, 0xaa, 0x45, 0x2e, 0xb0, 0x9,
    0x8, 0x7, 0x49, 0x35, 0xf7, 0xfb, 0xb6, 0x48,
    0x0, 0xc5, 0x8a, 0x22, 0x3a, 0x58, 0x0, 0xff,
    0xe0, 0x63, 0xd7, 0x73, 0x1e, 0x94, 0x3, 0xff,
    0x80, 0x35, 0xf9, 0x8e, 0xd5, 0x0, 0xff, 0xe0,
    0x0,

    /* U+FEBE "ﺾ" */
    0x0, 0xff, 0xe2, 0x5b, 0x80, 0x7f, 0xf2, 0x79,
    0x0, 0x3f, 0xf9, 0x2a, 0x60, 0x1f, 0xfc, 0x71,
    0x9f, 0xf6, 0x98, 0x7, 0xfc, 0xa8, 0x1, 0x27,
    0xac, 0xd0, 0xe8, 0x7, 0xfd, 0xfe, 0x0, 0x25,
    0xb6, 0x32, 0xf0, 0x90, 0x5, 0x62, 0x1, 0xd8,
    0x82, 0x57, 0x10, 0x0, 0x9c, 0x8, 0x0, 0xa8,
    0x20, 0x1c, 0xa1, 0xfe, 0x33, 0x2b, 0x3d, 0xd0,
    0xb2, 0x81, 0x10, 0x3, 0xf3, 0x9, 0x5d, 0x4d,
    0xd, 0x24, 0x52, 0x9, 0x8, 0x7, 0x51, 0x46,
    0x77, 0xfd, 0xb4, 0xb5, 0xde, 0x8c, 0x38, 0xa4,
    0x27, 0x4d, 0x0, 0x1f, 0xfc, 0x2f, 0x7a, 0xde,
    0xc7, 0xa5, 0x0, 0xff, 0xe1, 0xd, 0x7e, 0x63,
    0xb5, 0x40, 0x3f, 0xf8, 0x40,

    /* U+FEBF "ﺿ" */
    0x0, 0xfe, 0x17, 0x0, 0xff, 0xe0, 0x14, 0x88,
    0x7, 0xfc, 0x7c, 0x20, 0x1f, 0xfc, 0xc5, 0xcf,
    0xf4, 0x80, 0x48, 0x60, 0x15, 0x51, 0x2e, 0x59,
    0xc0, 0x12, 0xa0, 0xb, 0x6d, 0x84, 0x66, 0x60,
    0x11, 0x0, 0x14, 0xf8, 0x40, 0x1, 0x43, 0x7c,
    0x18, 0xa5, 0x54, 0x42, 0x73, 0x82, 0x64, 0x9f,
    0xc, 0x2c, 0xef, 0xa7, 0x44,

    /* U+FEC0 "ﻀ" */
    0x0, 0xfe, 0x17, 0x0, 0xff, 0xe1, 0x14, 0x88,
    0x7, 0xff, 0x4, 0xf8, 0x40, 0x3f, 0xfa, 0xb,
    0x9f, 0xe9, 0x0, 0xe4, 0x30, 0xa, 0xa8, 0x97,
    0x2c, 0xe0, 0x1a, 0x54, 0x1, 0x6d, 0xb0, 0x8c,
    0xcc, 0x0, 0x88, 0x80, 0xa, 0x7c, 0x20, 0x0,
    0xa1, 0x80, 0x1f, 0x6, 0x29, 0x55, 0x10, 0x9c,
    0xe2, 0x48, 0x69, 0x4f, 0x86, 0x16, 0x77, 0xd3,
    0x6e, 0xd4,

    /* U+FEC1 "ﻁ" */
    0x0, 0xb9, 0x80, 0x3f, 0xc6, 0x20, 0x1f, 0xfc,
    0xa1, 0xf0, 0xf, 0xf8, 0x40, 0x3f, 0xce, 0x0,
    0x3b, 0xff, 0x58, 0x80, 0x42, 0x71, 0x83, 0x72,
    0xb6, 0x1, 0x95, 0xb2, 0x91, 0xa1, 0xc0, 0x30,
    0xe1, 0x80, 0x58, 0xc8, 0xee, 0x57, 0x46, 0x79,
    0xe4, 0x93, 0xa9, 0x6, 0x99, 0x96, 0x7c, 0x80,

    /* U+FEC2 "ﻂ" */
    0x0, 0xb9, 0x80, 0x3f, 0xf8, 0x26, 0x20, 0x1f,
    0xfd, 0x1, 0xf0, 0xf, 0xfe, 0x10, 0x80, 0x7f,
    0xf0, 0x5c, 0x0, 0x77, 0xfe, 0xb1, 0x0, 0xf0,
    0x9c, 0x60, 0xdc, 0xad, 0x80, 0x7c, 0xad, 0x94,
    0x8d, 0xe, 0x1, 0xf0, 0xe1, 0x80, 0x58, 0xc0,
    0x12, 0x3b, 0x95, 0xd1, 0x9e, 0x79, 0x5d, 0xca,
    0x7, 0x52, 0xd, 0x33, 0x2c, 0xdb, 0xcd, 0x80,

    /* U+FEC3 "ﻃ" */
    0xc, 0x80, 0xf, 0xe7, 0x0, 0xff, 0x84, 0x3,
    0xf8, 0x4c, 0x3, 0xff, 0x90, 0x62, 0x3, 0x3f,
    0xec, 0x20, 0xc, 0xbc, 0xb5, 0x40, 0xf0, 0x0,
    0xa5, 0x46, 0x2a, 0xbc, 0x84, 0x2, 0x97, 0x0,
    0x90, 0x44, 0x8a, 0x66, 0x56, 0x8c, 0x8a, 0xb,
    0x23, 0xab, 0xb1, 0xdf, 0x20, 0x0,

    /* U+FEC4 "ﻄ" */
    0xc, 0x80, 0xf, 0xf9, 0xc0, 0x3f, 0xf8, 0x22,
    0x1, 0xff, 0x9, 0x80, 0x7f, 0xf3, 0xc, 0x40,
    0x67, 0xfd, 0x84, 0x1, 0xe5, 0xe5, 0xaa, 0x7,
    0x80, 0x61, 0x4a, 0x8c, 0x55, 0x79, 0x8, 0x7,
    0x4b, 0x80, 0x48, 0x22, 0x0, 0x22, 0x99, 0x95,
    0xa3, 0x20, 0x99, 0x2, 0xc8, 0xea, 0xec, 0x77,
    0x4f, 0x14, 0x0,

    /* U+FEC5 "ﻅ" */
    0x0, 0xb9, 0x80, 0x3f, 0xc6, 0x20, 0x2, 0x60,
    0xf, 0xf3, 0xd8, 0x7, 0x87, 0xc0, 0xb, 0xa0,
    0x1f, 0x8, 0x7, 0xf9, 0xc0, 0x7, 0x7f, 0xeb,
    0x10, 0x8, 0x4e, 0x30, 0x6e, 0x56, 0xc0, 0x32,
    0xb6, 0x52, 0x34, 0x38, 0x6, 0x1c, 0x30, 0xb,
    0x19, 0x1d, 0xca, 0xe8, 0xcf, 0x3c, 0x92, 0x75,
    0x20, 0xd3, 0x32, 0xcf, 0x90,

    /* U+FEC6 "ﻆ" */
    0x0, 0xb9, 0x80, 0x3f, 0xf8, 0x26, 0x20, 0x2,
    0x60, 0xf, 0xfe, 0xb, 0xd8, 0x7, 0xf0, 0xf8,
    0x1, 0x74, 0x3, 0xfc, 0x20, 0x1f, 0xfc, 0x17,
    0x0, 0x1d, 0xff, 0xac, 0x40, 0x3c, 0x27, 0x18,
    0x37, 0x2b, 0x60, 0x1f, 0x2b, 0x65, 0x23, 0x43,
    0x80, 0x7c, 0x38, 0x60, 0x16, 0x30, 0x4, 0x8e,
    0xe5, 0x74, 0x67, 0x9e, 0x57, 0x72, 0x81, 0xd4,
    0x83, 0x4c, 0xcb, 0x36, 0xf3, 0x60,

    /* U+FEC7 "ﻇ" */
    0xc, 0x80, 0xf, 0xe7, 0x0, 0xff, 0x84, 0x0,
    0x5c, 0x40, 0x18, 0x4c, 0x0, 0x52, 0x40, 0x1f,
    0xce, 0x1, 0xc6, 0x20, 0x33, 0xfe, 0xc2, 0x0,
    0xcb, 0xcb, 0x54, 0xf, 0x0, 0xa, 0x54, 0x62,
    0xab, 0xc8, 0x40, 0x29, 0x70, 0x9, 0x4, 0x48,
    0xa6, 0x65, 0x68, 0xc8, 0xa0, 0xb2, 0x3a, 0xbb,
    0x1d, 0xf2, 0x0,

    /* U+FEC8 "ﻈ" */
    0xc, 0x80, 0xf, 0xf9, 0xc0, 0x3f, 0xf8, 0x22,
    0x0, 0x2e, 0x20, 0xf, 0x9, 0x80, 0xa, 0x48,
    0x3, 0xfe, 0x70, 0xf, 0x8c, 0x40, 0x67, 0xfd,
    0x84, 0x1, 0xe5, 0xe5, 0xaa, 0x7, 0x80, 0x61,
    0x4a, 0x8c, 0x55, 0x79, 0x8, 0x7, 0x4b, 0x80,
    0x48, 0x22, 0x0, 0x22, 0x99, 0x95, 0xa3, 0x20,
    0x99, 0x2, 0xc8, 0xea, 0xec, 0x77, 0x4f, 0x14,
    0x0,

    /* U+FEC9 "ﻉ" */
    0x0, 0xff, 0x8f, 0x3f, 0xc8, 0x1, 0x87, 0x1e,
    0xe9, 0x40, 0x32, 0x5, 0xa2, 0x88, 0x7, 0x84,
    0x2, 0x10, 0x9, 0x4b, 0xde, 0xbe, 0x80, 0x37,
    0x8c, 0xc, 0xc8, 0x3, 0x71, 0xed, 0xb1, 0x0,
    0x4e, 0x58, 0x40, 0x1e, 0xc7, 0x0, 0xfc, 0xe2,
    0x1, 0xf9, 0x94, 0x40, 0x3e, 0x83, 0xc6, 0x21,
    0x24, 0x80, 0x2c, 0x49, 0xde, 0xdb, 0x31, 0x2,
    0x9f, 0xdc, 0xdf, 0xb1,

    /* U+FECA "ﻊ" */
    0x0, 0xff, 0xe0, 0x2e, 0x7f, 0x9c, 0x3, 0x45,
    0xdc, 0xf0, 0x40, 0x11, 0x11, 0x92, 0x40, 0x3a,
    0xc3, 0x6, 0xc, 0x80, 0x21, 0xc1, 0xe4, 0xd0,
    0xe, 0x42, 0x0, 0xf9, 0xae, 0x78, 0x7a, 0x58,
    0xcd, 0x34, 0xe3, 0x92, 0xb3, 0xf4, 0x8a, 0x1,
    0x36, 0x7e, 0x18, 0x7, 0xf7, 0xa4, 0x98, 0x88,
    0xe2, 0x0, 0xb2, 0xf9, 0xdc, 0xc4, 0xe0, 0x3,
    0x76, 0xe6, 0x3b, 0x18, 0x0,

    /* U+FECB "ﻋ" */
    0x0, 0xff, 0x37, 0x7f, 0x0, 0x4b, 0x2d, 0x76,
    0x0, 0xbd, 0x61, 0x14, 0x3, 0xfe, 0xe5, 0x70,
    0x2, 0x92, 0xa, 0xc7, 0xfa, 0xda, 0xa8, 0xe8,
    0xf7, 0xc8,

    /* U+FECC "ﻌ" */
    0x0, 0xff, 0xe0, 0x3e, 0xff, 0x28, 0x6, 0xcc,
    0x5d, 0x92, 0x80, 0x31, 0xe3, 0x24, 0x80, 0x74,
    0xc3, 0x84, 0xa8, 0x6, 0x6a, 0x8c, 0x4b, 0x0,
    0x91, 0xf8, 0xc, 0xd2, 0xc8, 0x15, 0x42, 0xce,
    0xa4, 0x8a, 0x0,

    /* U+FECD "ﻍ" */
    0x0, 0xad, 0xc0, 0x3f, 0x72, 0x0, 0x7e, 0x53,
    0x0, 0xf1, 0xe7, 0xf9, 0x0, 0x30, 0xe3, 0xdd,
    0x28, 0x6, 0x40, 0xb4, 0x51, 0x0, 0xf0, 0x80,
    0x42, 0x1, 0x29, 0x7b, 0xd7, 0xd0, 0x6, 0xf1,
    0x81, 0x99, 0x0, 0x6e, 0x3d, 0xb6, 0x20, 0x9,
    0xcb, 0x8, 0x3, 0xd8, 0xe0, 0x1f, 0x9c, 0x40,
    0x3f, 0x32, 0x88, 0x7, 0xd0, 0x78, 0xc4, 0x24,
    0x90, 0x5, 0x89, 0x3b, 0xdb, 0x66, 0x20, 0x53,
    0xfb, 0x9b, 0xf6, 0x20,

    /* U+FECE "ﻎ" */
    0x0, 0x87, 0x8c, 0x3, 0xe1, 0x92, 0x0, 0xfc,
    0xe2, 0x1, 0xe5, 0xcf, 0xf3, 0x80, 0x68, 0xbb,
    0x9e, 0x8, 0x2, 0x22, 0x32, 0x48, 0x7, 0x58,
    0x60, 0xc1, 0x90, 0x4, 0x38, 0x3c, 0x9a, 0x1,
    0xc8, 0x40, 0x1f, 0x35, 0xcf, 0xf, 0x4b, 0x19,
    0xa6, 0x9c, 0x72, 0x56, 0x7e, 0x91, 0x40, 0x26,
    0xcf, 0xc3, 0x0, 0xfe, 0xf4, 0x93, 0x11, 0x1c,
    0x40, 0x16, 0x5f, 0x3b, 0x98, 0x9c, 0x0, 0x6e,
    0xdc, 0xc7, 0x63, 0x0,

    /* U+FECF "ﻏ" */
    0x0, 0x89, 0x80, 0x3c, 0x96, 0x1, 0xe6, 0xd0,
    0xf, 0xfe, 0xb, 0x77, 0xf0, 0x4, 0xb2, 0xd7,
    0x60, 0xb, 0xd6, 0x11, 0x40, 0x3f, 0xee, 0x57,
    0x0, 0x29, 0x20, 0xac, 0x7f, 0xad, 0xaa, 0x8e,
    0x8f, 0x7c, 0x80,

    /* U+FED0 "ﻐ" */
    0x0, 0x8f, 0x84, 0x3, 0xe2, 0x91, 0x0, 0xf8,
    0x5c, 0x3, 0xe7, 0xdf, 0xe5, 0x0, 0xd9, 0x8b,
    0xb2, 0x50, 0x6, 0x3c, 0x64, 0x90, 0xe, 0x98,
    0x70, 0x95, 0x0, 0xcd, 0x51, 0x89, 0x60, 0x12,
    0x3f, 0x1, 0x9a, 0x59, 0x2, 0xa8, 0x59, 0xd4,
    0x91, 0x40,

    /* U+FED1 "ﻑ" */
    0x0, 0xff, 0x9e, 0xc0, 0x3f, 0xf8, 0x49, 0xc0,
    0x1f, 0xfc, 0x23, 0x50, 0xf, 0xfe, 0x8, 0xe7,
    0xd8, 0x7, 0xff, 0x2, 0x9e, 0x96, 0x0, 0x58,
    0x3, 0xe1, 0x49, 0x59, 0x50, 0x48, 0x0, 0xf8,
    0xc1, 0x80, 0x48, 0x8, 0xc0, 0x3e, 0x24, 0xbf,
    0x90, 0x0, 0x90, 0x80, 0x7d, 0x7d, 0x8e, 0x40,
    0xe3, 0xf0, 0xc8, 0x9e, 0x55, 0x32, 0x80, 0xfc,
    0xa4, 0x5d, 0xfd, 0x9, 0x0,

    /* U+FED2 "ﻒ" */
    0x0, 0xff, 0xe0, 0xf, 0x18, 0x7, 0xff, 0x10,
    0x64, 0x80, 0x3f, 0xf8, 0xae, 0x20, 0x1f, 0xfc,
    0x4a, 0xfe, 0x40, 0x8, 0xac, 0x3, 0xfa, 0x52,
    0x96, 0x80, 0x27, 0x50, 0xf, 0xe6, 0x85, 0xa1,
    0x40, 0x1, 0x18, 0x7, 0xf8, 0xc0, 0x40, 0x30,
    0x90, 0x80, 0x7e, 0x58, 0x2a, 0x14, 0x0, 0x31,
    0x7c, 0x29, 0x9e, 0x46, 0x22, 0x6a, 0xa9, 0xdc,
    0x21, 0xb2, 0x77, 0x99, 0xae, 0x55, 0x52, 0xee,
    0x98, 0x20,

    /* U+FED3 "ﻓ" */
    0x0, 0xf, 0x18, 0x6, 0x19, 0x20, 0xe, 0x71,
    0x0, 0xd1, 0xfc, 0x80, 0x5, 0x7a, 0x4a, 0x0,
    0x7b, 0xad, 0xa, 0x3, 0x10, 0x8c, 0x41, 0xb,
    0xdc, 0x10, 0x2, 0x7e, 0xc8, 0x21, 0xa2, 0xd4,
    0xa9, 0x65, 0xd2, 0x45, 0x0,

    /* U+FED4 "ﻔ" */
    0x0, 0xaa, 0x0, 0x3e, 0xfc, 0x0, 0xf9, 0x50,
    0x3, 0xcd, 0xfe, 0x80, 0xc, 0x93, 0x10, 0x75,
    0x0, 0xb4, 0xdd, 0xc9, 0xe0, 0x11, 0xb0, 0x0,
    0x40, 0x37, 0xa9, 0xaa, 0xbc, 0x0, 0x80, 0x39,
    0x42, 0xa, 0x55, 0x43, 0x56, 0x2b, 0xaa, 0x0,

    /* U+FED5 "ﻕ" */
    0x0, 0xf9, 0x10, 0x4c, 0x1, 0xfb, 0x39, 0x2c,
    0x3, 0xf4, 0x53, 0x68, 0x7, 0xff, 0x21, 0x7b,
    0xdc, 0x3, 0xe1, 0xa9, 0x88, 0x18, 0x18, 0x6,
    0x63, 0x77, 0x1d, 0x8e, 0x28, 0x5, 0xe2, 0x33,
    0x12, 0x2, 0x80, 0x54, 0x7d, 0xc5, 0x32, 0x10,
    0xc, 0x5d, 0xb8, 0x3e, 0x22, 0x20, 0xe, 0x24,
    0x17, 0x61, 0xc6, 0x31, 0x25, 0xb8, 0x91, 0xc,
    0x59, 0xce, 0xda, 0xb, 0x60, 0x1, 0x5f, 0xe6,
    0x37, 0xed, 0x0, 0x0,

    /* U+FED6 "ﻖ" */
    0x0, 0xf9, 0x10, 0x4c, 0x1, 0xfe, 0xdd, 0x25,
    0x0, 0x7f, 0xa6, 0x4d, 0x80, 0x1f, 0xfc, 0xc5,
    0xef, 0x70, 0xf, 0xe2, 0xa9, 0x88, 0x20, 0x4,
    0x82, 0x1, 0x51, 0xbb, 0x8f, 0x40, 0x3, 0x68,
    0x1, 0x89, 0x95, 0xd5, 0x44, 0xe0, 0xa0, 0x14,
    0xa4, 0x52, 0x1d, 0x50, 0x44, 0x1, 0x86, 0xbb,
    0xc6, 0x7e, 0x4, 0x44, 0x1, 0xe7, 0x17, 0x0,
    0x30, 0xe3, 0x18, 0x92, 0xdc, 0x50, 0x80, 0x58,
    0xb3, 0x9d, 0xb4, 0x18, 0xa0, 0x18, 0xaf, 0xf3,
    0x1b, 0xf6, 0x60, 0x18,

    /* U+FED7 "ﻗ" */
    0x2, 0xe2, 0xd4, 0x0, 0x14, 0x95, 0x28, 0x4,
    0xe0, 0xe2, 0x1, 0x47, 0xf2, 0x0, 0x15, 0xe9,
    0x28, 0x1, 0xee, 0xb4, 0x28, 0xc, 0x42, 0x31,
    0x4, 0x2f, 0x70, 0x40, 0x9, 0xfb, 0x20, 0x86,
    0x8b, 0x52, 0xa5, 0x97, 0x49, 0x14, 0x0,

    /* U+FED8 "ﻘ" */
    0x0, 0x5b, 0xc5, 0x0, 0x77, 0x26, 0x78, 0x7,
    0x29, 0xa2, 0x80, 0x73, 0x7f, 0xa0, 0x3, 0x24,
    0xc4, 0x1d, 0x40, 0x2d, 0x37, 0x72, 0x78, 0x4,
    0x6c, 0x0, 0x10, 0xd, 0xea, 0x6a, 0xaf, 0x0,
    0x20, 0xe, 0x50, 0x82, 0x95, 0x50, 0xd5, 0x8a,
    0xea, 0x80,

    /* U+FED9 "ﻙ" */
    0x0, 0xff, 0x9f, 0x40, 0x3f, 0xf8, 0x2, 0x60,
    0x1f, 0x84, 0x40, 0x1f, 0xf2, 0xfa, 0x0, 0xc,
    0x40, 0x3e, 0xe9, 0x50, 0x0, 0x80, 0x48, 0x1,
    0xaa, 0x88, 0x1, 0xc9, 0x60, 0x11, 0xd9, 0xb8,
    0x1, 0xc0, 0x4c, 0x80, 0x21, 0xcf, 0x30, 0xc,
    0x62, 0x42, 0x0, 0x26, 0x10, 0x9, 0x40, 0x9c,
    0x7e, 0x59, 0x57, 0x3d, 0x4b, 0x80, 0xfb, 0x2c,
    0x55, 0x57, 0x63, 0xb8, 0x0,

    /* U+FEDA "ﻚ" */
    0x0, 0xff, 0x9f, 0x40, 0x3f, 0xf8, 0x42, 0x1,
    0xff, 0x8, 0x80, 0x23, 0x0, 0xfe, 0x4f, 0x70,
    0x1, 0x88, 0x7, 0xf7, 0xc3, 0x0, 0x4, 0x3,
    0x88, 0x3, 0x45, 0x98, 0x7, 0xc9, 0xa0, 0x10,
    0xa1, 0xb8, 0x1, 0xc0, 0x40, 0x6, 0x40, 0x11,
    0x76, 0xa0, 0x0, 0x40, 0xc0, 0x22, 0x10, 0x1,
    0xc9, 0x80, 0x48, 0xc, 0x0, 0x61, 0xf9, 0x65,
    0x5c, 0xf5, 0x23, 0x2c, 0x22, 0xf6, 0x58, 0xaa,
    0xae, 0x82, 0xb9, 0xa5, 0xc0,

    /* U+FEDB "ﻛ" */
    0x0, 0xe1, 0x10, 0x4, 0x31, 0xd2, 0x0, 0x7e,
    0x59, 0x81, 0xd9, 0x96, 0xb0, 0x31, 0x63, 0x0,
    0x4a, 0x5e, 0x20, 0x11, 0x68, 0xe0, 0x80, 0x6c,
    0x6d, 0x0, 0xeb, 0x25, 0x0, 0xe4, 0xd0, 0x45,
    0x54, 0x2f, 0x5, 0xd5, 0x12, 0x58, 0x0,

    /* U+FEDC "ﻜ" */
    0x0, 0xe1, 0x10, 0x7, 0xc, 0x74, 0x80, 0x67,
    0xe6, 0x98, 0x0, 0xe, 0xcc, 0xb9, 0x80, 0x26,
    0x3f, 0x60, 0xe, 0x50, 0xa0, 0xf, 0x16, 0x35,
    0x80, 0x78, 0xb1, 0x68, 0x3, 0xc3, 0x8a, 0xa0,
    0xf, 0x12, 0xd8, 0x80, 0x11, 0x55, 0xa, 0x7e,
    0xe7, 0x75, 0x44, 0xac, 0x79, 0x80,

    /* U+FEDD "ﻝ" */
    0x0, 0xfd, 0x1a, 0x1, 0xfd, 0xe0, 0x1f, 0xe1,
    0x30, 0xf, 0xfe, 0x41, 0x88, 0x7, 0xff, 0x20,
    0x40, 0x3f, 0xce, 0x1, 0x10, 0x7, 0xe1, 0x16,
    0x90, 0x7, 0xe7, 0x12, 0x0, 0xe7, 0x1, 0x11,
    0x80, 0x78, 0xc8, 0x8, 0x82, 0x1, 0xd5, 0x40,
    0x52, 0xc5, 0x21, 0x4c, 0x6, 0x0, 0x63, 0xd6,
    0xf5, 0xbe, 0x8, 0x0, 0x6b, 0xf3, 0x1d, 0x62,
    0x0,

    /* U+FEDE "ﻞ" */
    0x0, 0xfd, 0x1a, 0x1, 0xff, 0x78, 0x7, 0xff,
    0x0, 0x4c, 0x3, 0xff, 0x98, 0x62, 0x1, 0xff,
    0xcc, 0x10, 0xf, 0xfe, 0x3, 0x80, 0x75, 0x8,
    0x7, 0xc6, 0x0, 0x45, 0x10, 0xf, 0xbd, 0x44,
    0xc8, 0x3, 0xcc, 0xd, 0x48, 0x24, 0x20, 0x1d,
    0x27, 0x5e, 0xae, 0x38, 0xa2, 0x24, 0xb3, 0xf0,
    0x8, 0x71, 0xab, 0xb9, 0x6f, 0x86, 0x1, 0x8a,
    0xfb, 0x31, 0xd8, 0x60, 0x18,

    /* U+FEDF "ﻟ" */
    0x6, 0xe0, 0xf, 0x18, 0x80, 0x4, 0x3, 0xe7,
    0x1, 0x1, 0x3, 0x0, 0xfc, 0x96, 0x5, 0x49,
    0x60,

    /* U+FEE0 "ﻠ" */
    0x6, 0xe0, 0xc, 0x62, 0x1, 0xfe, 0x10, 0xe,
    0x70, 0x10, 0xf, 0xe1, 0x3, 0x0, 0xff, 0x9c,
    0x0, 0x96, 0x10, 0xc3, 0x4b, 0x69, 0x2e,

    /* U+FEE1 "ﻡ" */
    0x0, 0xff, 0x37, 0x7d, 0x0, 0x4d, 0x31, 0x49,
    0x20, 0x1, 0xa6, 0x5b, 0x70, 0x3, 0xa8, 0x1,
    0x4, 0x40, 0xb9, 0xfe, 0xe0, 0x14, 0xa5, 0xbb,
    0x44, 0x3, 0x4e, 0x51, 0xe, 0xe0, 0x36, 0x0,
    0xf1, 0x88, 0x7, 0xbd, 0x80, 0x3c, 0x90, 0x1,
    0xe0,

    /* U+FEE2 "ﻢ" */
    0x0, 0xff, 0xe0, 0xbf, 0x7b, 0x0, 0x75, 0x44,
    0xb4, 0x0, 0x69, 0x5c, 0x79, 0x14, 0x0, 0x13,
    0x4, 0x80, 0x17, 0x80, 0x16, 0x76, 0xb8, 0xcc,
    0x58, 0x25, 0x44, 0x63, 0xc8, 0x3b, 0x58, 0xf8,
    0x1d, 0xfe, 0x47, 0x4b, 0x70, 0x7, 0xe2, 0x20,
    0x7, 0xef, 0x50, 0xf, 0xcf, 0xe0, 0x1f, 0x80,

    /* U+FEE3 "ﻣ" */
    0x0, 0xff, 0x9f, 0xf8, 0xc0, 0x24, 0x8a, 0x4d,
    0x0, 0xa6, 0x4b, 0x40, 0x80, 0x84, 0xc0, 0x2,
    0x22, 0x50, 0x52, 0xa8, 0xd6, 0x53, 0x2, 0xe9,
    0xcc,

    /* U+FEE4 "ﻤ" */
    0x0, 0xff, 0xe1, 0x37, 0x70, 0xc0, 0x3c, 0xb3,
    0x69, 0xc0, 0x1e, 0xba, 0x5a, 0x25, 0x0, 0xce,
    0x3a, 0x0, 0x69, 0x0, 0x96, 0x11, 0xe9, 0x50,
    0xe5, 0x2, 0xde, 0xec, 0xd4, 0xd2, 0xf2, 0x0,

    /* U+FEE5 "ﻥ" */
    0x0, 0xc2, 0xc0, 0x1f, 0xc9, 0x60, 0x1f, 0xcb,
    0xa0, 0x1f, 0xfc, 0x17, 0x10, 0xf, 0xe9, 0x60,
    0x1, 0x0, 0x79, 0xe8, 0xb, 0x48, 0x3, 0xb0,
    0x85, 0x4, 0x80, 0x39, 0xc0, 0x2, 0x60, 0x1e,
    0x60, 0x12, 0x20, 0x80, 0x77, 0xa0, 0x28, 0xe2,
    0x88, 0x92, 0xd2, 0x0, 0x1e, 0xd5, 0xdc, 0xb7,
    0xc3, 0x0, 0xd, 0xfe, 0x63, 0xb0, 0xc0, 0x0,

    /* U+FEE6 "ﻦ" */
    0x0, 0xc9, 0xa0, 0x1f, 0xf3, 0x50, 0x7, 0xfc,
    0x4e, 0x1, 0xff, 0xc3, 0x54, 0x0, 0xff, 0xbf,
    0xc0, 0x1a, 0xc4, 0x3, 0xb1, 0x0, 0x25, 0x41,
    0x0, 0xe2, 0xb, 0x51, 0x22, 0x0, 0x79, 0xc1,
    0xe9, 0x4, 0x80, 0x3d, 0x63, 0x9e, 0xae, 0x38,
    0x84, 0x27, 0x2f, 0x0, 0x10, 0xe3, 0xde, 0xf6,
    0x3c, 0xb0, 0x6, 0x2b, 0xec, 0xc7, 0x71, 0x80,
    0x30,

    /* U+FEE7 "ﻧ" */
    0x4, 0x40, 0x3, 0x38, 0x1, 0x14, 0x1, 0x18,
    0x1, 0xf0, 0x0, 0xa0, 0x60, 0x44, 0x50, 0x0,
    0x82, 0x39, 0xad, 0x5d, 0x18,

    /* U+FEE8 "ﻨ" */
    0x2, 0xe2, 0x0, 0xc5, 0x24, 0x1, 0xce, 0x1,
    0xe6, 0x60, 0x7, 0x6f, 0x0, 0x72, 0x78, 0x4,
    0x94, 0x14, 0xc8, 0x14, 0xf6, 0x91, 0x64,

    /* U+FEE9 "ﻩ" */
    0x0, 0x10, 0x80, 0x69, 0xc2, 0x0, 0x12, 0x8f,
    0x88, 0x74, 0xe0, 0xca, 0x13, 0x84, 0x31, 0x90,
    0x1, 0xc4, 0xcd, 0xb, 0xea, 0x90, 0xd4, 0xf6,

    /* U+FEEA "ﻪ" */
    0x0, 0xc6, 0xc0, 0x1f, 0x55, 0x80, 0x61, 0x9f,
    0x63, 0x0, 0xd8, 0xb9, 0x20, 0x19, 0x83, 0xc,
    0xc2, 0x1, 0x9, 0x28, 0x80, 0x73, 0x1d, 0x75,
    0x1, 0x0, 0x7, 0x37, 0x38, 0xa5, 0x44, 0x0,
    0x46, 0x3e, 0xf4, 0xe0,

    /* U+FEEB "ﻫ" */
    0x0, 0xff, 0x9b, 0x4, 0x3, 0xc6, 0x6f, 0x30,
    0xc, 0x94, 0xc7, 0x8a, 0x1, 0x73, 0x4c, 0x82,
    0x90, 0x3, 0x84, 0x4f, 0x42, 0x1e, 0xcb, 0x6d,
    0x0, 0xea, 0x41, 0x43, 0xcc, 0x27, 0x74, 0xd4,
    0x91, 0x2a, 0xa0,

    /* U+FEEC "ﻬ" */
    0x0, 0xff, 0xe0, 0x47, 0xe0, 0x7, 0x33, 0xc9,
    0xb0, 0x6, 0x89, 0x63, 0xe0, 0x9, 0x5, 0x80,
    0x78, 0x2, 0x34, 0x4, 0x24, 0x0, 0x26, 0x35,
    0xd8, 0x95, 0x47, 0x48, 0x66, 0x70, 0x8a, 0x8e,
    0x73, 0x88, 0x68, 0xed, 0x85, 0x14, 0x91, 0x88,
    0x80, 0x5, 0x4f, 0xb8, 0x86, 0x1, 0x2f, 0x6e,
    0xac, 0x0,

    /* U+FEED "ﻭ" */
    0x0, 0xfe, 0xaf, 0xd3, 0x0, 0x43, 0xd3, 0x70,
    0x1, 0x61, 0x64, 0x88, 0x7, 0xe8, 0xe0, 0x21,
    0x6f, 0x74, 0x2, 0xb, 0xbe, 0xc2, 0x40, 0x2,
    0xa6, 0xb0, 0x3e, 0xd7, 0xb5, 0x2, 0x9c, 0xd4,
    0x0, 0x0,

    /* U+FEEE "ﻮ" */
    0x0, 0xff, 0xab, 0xf4, 0xc0, 0x34, 0x3d, 0x37,
    0x0, 0x66, 0xb5, 0x92, 0x20, 0x6, 0xd5, 0x70,
    0x54, 0x0, 0x6b, 0xd5, 0x2, 0x2c, 0xc0, 0xf3,
    0xdc, 0xbf, 0xc6, 0x0, 0x29, 0x78, 0x0, 0x8f,
    0xb5, 0x29, 0x40, 0x22, 0x9b, 0xd5, 0x0, 0xc0,

    /* U+FEEF "ﻯ" */
    0x0, 0xff, 0xe3, 0x8d, 0x7f, 0xa4, 0x3, 0xc3,
    0xed, 0x54, 0xd0, 0xf, 0x41, 0x62, 0xa9, 0x0,
    0x3c, 0x88, 0x0, 0xc3, 0xe4, 0x1, 0x53, 0xd1,
    0x80, 0x10, 0x48, 0x2, 0x7c, 0xc, 0xb0, 0x23,
    0x0, 0xe3, 0xac, 0x44, 0x9, 0x8, 0x7, 0xa8,
    0x51, 0x87, 0x14, 0x84, 0x9b, 0x1f, 0x40, 0x18,
    0xd5, 0xbd, 0xb0, 0xbe, 0x60, 0x2, 0xbf, 0xcc,
    0x6f, 0x48, 0x80, 0x0,

    /* U+FEF0 "ﻰ" */
    0xb, 0x10, 0xe, 0x30, 0xc, 0xa8, 0x20, 0x19,
    0x33, 0x61, 0x44, 0x88, 0x1, 0xc9, 0xaa, 0xf4,
    0xe2, 0x42, 0x1, 0xc5, 0x41, 0x8c, 0xc1, 0xc5,
    0x21, 0x24, 0x8d, 0x43, 0x0, 0x7b, 0xd6, 0xf6,
    0xda, 0x4d, 0x80, 0x43, 0x5f, 0xb9, 0xbf, 0x8c,
    0x1, 0x0,

    /* U+FEF1 "ﻱ" */
    0x0, 0xff, 0xe3, 0x8d, 0x7f, 0xa4, 0x3, 0xc3,
    0xed, 0x35, 0xa0, 0x1e, 0x82, 0xc6, 0x54, 0x0,
    0xf2, 0x20, 0x3, 0xf, 0x90, 0x5, 0x4f, 0x46,
    0x0, 0x41, 0x20, 0x9, 0xf0, 0x32, 0xc0, 0x8c,
    0x3, 0x8e, 0xb1, 0x10, 0x24, 0x20, 0x1e, 0xa1,
    0x46, 0x1c, 0x52, 0x12, 0x6c, 0x7d, 0x0, 0x63,
    0x56, 0xf6, 0xc2, 0xf9, 0x80, 0xa, 0xff, 0x31,
    0xbd, 0x22, 0x1, 0xc4, 0xc4, 0xa0, 0x1f, 0x96,
    0x56, 0x40, 0x38,

    /* U+FEF2 "ﻲ" */
    0xa, 0x10, 0xf, 0xf9, 0x14, 0x40, 0x32, 0xc0,
    0x7, 0x19, 0x0, 0x79, 0xb4, 0xc0, 0x21, 0x21,
    0x0, 0xcb, 0xcd, 0x94, 0xa2, 0xe3, 0x8a, 0x42,
    0x23, 0x75, 0x37, 0xa4, 0x1f, 0x7a, 0xde, 0xe6,
    0x54, 0xe6, 0xfa, 0x80, 0xd7, 0xee, 0x6f, 0xeb,
    0x80, 0x7c, 0x4e, 0x4a, 0x1, 0xfe, 0x59, 0x59,
    0x0, 0xf8,

    /* U+FEF3 "ﻳ" */
    0x0, 0x94, 0x2, 0x1a, 0x50, 0x0, 0x9e, 0x0,
    0x48, 0xa0, 0x17, 0x0, 0x11, 0xae, 0xc1, 0x56,
    0xae, 0x1d, 0xb0, 0x0, 0x62, 0x54, 0xb, 0x7f,
    0xc0,

    /* U+FEF4 "ﻴ" */
    0x0, 0x13, 0x80, 0x72, 0x48, 0x7, 0x61, 0x0,
    0x49, 0xa, 0x6e, 0xa5, 0x4b, 0x10, 0x9a, 0xbe,
    0xd7, 0x77, 0x7c, 0x83, 0x1a, 0x20, 0x2, 0xa5,
    0xdd, 0x0, 0x0,

    /* U+FEF5 "ﻵ" */
    0x0, 0xff, 0x1e, 0xff, 0xc8, 0x1c, 0xe0, 0x7b,
    0x5f, 0xe4, 0x2, 0xf0, 0x1, 0x55, 0x88, 0x1,
    0xc4, 0x0, 0x58, 0xd8, 0x40, 0xfc, 0x1, 0x1e,
    0xb6, 0xa9, 0x90, 0x7, 0x5b, 0xd0, 0x28, 0x7,
    0xa4, 0x41, 0x0, 0x3d, 0x46, 0xf4, 0x1, 0xd4,
    0xbf, 0x2, 0x60, 0x16, 0x2c, 0x3b, 0x80, 0x80,
    0x4, 0x61, 0x35, 0x32, 0x10,

    /* U+FEF6 "ﻶ" */
    0x3e, 0xff, 0x90, 0x39, 0x80, 0x23, 0xee, 0x7f,
    0x90, 0xc, 0x40, 0x31, 0x7a, 0x0, 0x7f, 0x13,
    0x59, 0x80, 0x7, 0xc0, 0x3a, 0x1f, 0x48, 0x1c,
    0x40, 0x3d, 0x9, 0xe2, 0x1, 0xfd, 0x43, 0x6c,
    0x60, 0x1f, 0xb9, 0x48, 0x40, 0x3f, 0x11, 0x83,
    0x80, 0x73, 0x2b, 0xe9, 0x41, 0xba, 0x0, 0xa,
    0x6a, 0x53, 0xdd, 0xa6, 0xcc,

    /* U+FEF7 "ﻷ" */
    0x4c, 0x70, 0xf, 0x7f, 0x38, 0x7, 0xb7, 0xe8,
    0x80, 0x1c, 0xe0, 0x2b, 0x24, 0x0, 0x2f, 0x6,
    0x57, 0x0, 0x9c, 0x40, 0x56, 0xe0, 0x0, 0xfc,
    0x0, 0x8b, 0x6c, 0x13, 0x20, 0x9, 0x3d, 0xfc,
    0x10, 0x3, 0xd, 0x80, 0xc, 0x3, 0xa4, 0x17,
    0x80, 0x34, 0xbe, 0xd1, 0x98, 0x1, 0x8d, 0x2c,
    0xe0, 0x40, 0x46, 0x11, 0x53, 0x21,

    /* U+FEF8 "ﻸ" */
    0x4c, 0x70, 0xf, 0xdf, 0xce, 0x1, 0xfb, 0x66,
    0x8, 0x1, 0xcc, 0x1, 0x79, 0x69, 0x0, 0xc,
    0x40, 0x29, 0xf5, 0x0, 0xfc, 0x37, 0x60, 0x8,
    0x7c, 0x2, 0x1c, 0x6b, 0x0, 0x84, 0x3, 0xe,
    0x35, 0x3, 0x80, 0x78, 0x71, 0x21, 0x8c, 0x3,
    0xc3, 0xae, 0x42, 0x1, 0xf1, 0x98, 0x1c, 0x3,
    0x32, 0xbe, 0x94, 0x1b, 0xa0, 0x14, 0xd4, 0xa6,
    0x3b, 0x4d, 0x98,

    /* U+FEF9 "ﻹ" */
    0x0, 0xf2, 0x90, 0x7, 0xd6, 0xa0, 0x1, 0x0,
    0xc5, 0xe0, 0x5c, 0xe0, 0x13, 0x88, 0x15, 0x45,
    0x88, 0x3f, 0x0, 0x17, 0x5b, 0xc, 0xc4, 0x1,
    0x16, 0xbe, 0x2, 0x80, 0x75, 0x8, 0x18, 0x7,
    0x50, 0x37, 0x0, 0x6a, 0x4c, 0x92, 0x30, 0x6,
    0x2c, 0xbb, 0x80, 0x80, 0x8c, 0x22, 0xa6, 0x42,
    0x5, 0xff, 0xb9, 0x80, 0x9, 0x88, 0x1, 0xed,
    0xe4, 0x0, 0xf7, 0xe6, 0x0, 0x3c, 0x5b, 0x80,
    0x1c,

    /* U+FEFA "ﻺ" */
    0x0, 0xf7, 0x30, 0x7, 0xf1, 0x88, 0x6, 0x60,
    0xf, 0xe1, 0xbb, 0x0, 0x43, 0xe0, 0x10, 0xe3,
    0x58, 0x4, 0x20, 0x18, 0x71, 0xa8, 0x1c, 0x3,
    0xc3, 0x89, 0xc, 0x60, 0x1e, 0x1d, 0x72, 0x10,
    0xf, 0x8c, 0xc0, 0xe0, 0x19, 0x95, 0xf4, 0xa0,
    0xdd, 0x0, 0xa6, 0xa5, 0x31, 0xda, 0x6c, 0xcb,
    0xfd, 0xd2, 0x41, 0x3d, 0xe6, 0x9, 0x88, 0x1,
    0xfb, 0x79, 0x0, 0x3f, 0x7e, 0x60, 0x3, 0xf1,
    0x6e, 0x0, 0x7c,

    /* U+FEFB "ﻻ" */
    0x0, 0xf2, 0x90, 0x7, 0xd6, 0xa0, 0x1, 0x0,
    0xc5, 0xe0, 0x5c, 0xe0, 0x13, 0x88, 0x15, 0x45,
    0x88, 0x3f, 0x0, 0x17, 0x5b, 0xc, 0xc4, 0x1,
    0x16, 0xbe, 0x2, 0x80, 0x75, 0x8, 0x18, 0x7,
    0x50, 0x37, 0x0, 0x6a, 0x4c, 0x92, 0x30, 0x6,
    0x2c, 0xbb, 0x80, 0x80, 0x8c, 0x22, 0xa6, 0x42,

    /* U+FEFC "ﻼ" */
    0x0, 0xf7, 0x30, 0x7, 0xf1, 0x88, 0x6, 0x60,
    0xf, 0xe1, 0xbb, 0x0, 0x43, 0xe0, 0x10, 0xe3,
    0x58, 0x4, 0x20, 0x18, 0x71, 0xa8, 0x1c, 0x3,
    0xc3, 0x89, 0xc, 0x60, 0x1e, 0x1d, 0x72, 0x10,
    0xf, 0x8c, 0xc0, 0xe0, 0x19, 0x95, 0xf4, 0xa0,
    0xdd, 0x0, 0xa6, 0xa5, 0x31, 0xda, 0x6c, 0xc0
};


/*---------------------
 *  GLYPH DESCRIPTION
 *--------------------*/

static const lv_font_fmt_txt_glyph_dsc_t glyph_dsc[] = {
    {.bitmap_index = 0, .adv_w = 0, .box_w = 0, .box_h = 0, .ofs_x = 0, .ofs_y = 0} /* id = 0 reserved */,
    {.bitmap_index = 0, .adv_w = 146, .box_w = 9, .box_h = 12, .ofs_x = 0, .ofs_y = 0},
    {.bitmap_index = 43, .adv_w = 146, .box_w = 9, .box_h = 12, .ofs_x = 0, .ofs_y = 0},
    {.bitmap_index = 96, .adv_w = 131, .box_w = 8, .box_h = 12, .ofs_x = 0, .ofs_y = 0},
    {.bitmap_index = 145, .adv_w = 213, .box_w = 13, .box_h = 12, .ofs_x = 0, .ofs_y = 0},
    {.bitmap_index = 220, .adv_w = 213, .box_w = 13, .box_h = 12, .ofs_x = 0, .ofs_y = 0},
    {.bitmap_index = 295, .adv_w = 110, .box_w = 6, .box_h = 5, .ofs_x = 0, .ofs_y = 7},
    {.bitmap_index = 311, .adv_w = 146, .box_w = 9, .box_h = 10, .ofs_x = 0, .ofs_y = 0},
    {.bitmap_index = 338, .adv_w = 69, .box_w = 3, .box_h = 3, .ofs_x = 1, .ofs_y = 5},
    {.bitmap_index = 343, .adv_w = 191, .box_w = 12, .box_h = 12, .ofs_x = 0, .ofs_y = 0},
    {.bitmap_index = 403, .adv_w = 197, .box_w = 12, .box_h = 13, .ofs_x = 0, .ofs_y = -1},
    {.bitmap_index = 473, .adv_w = 200, .box_w = 13, .box_h = 12, .ofs_x = 0, .ofs_y = 0},
    {.bitmap_index = 545, .adv_w = 187, .box_w = 13, .box_h = 15, .ofs_x = -1, .ofs_y = 0},
    {.bitmap_index = 616, .adv_w = 187, .box_w = 13, .box_h = 15, .ofs_x = -1, .ofs_y = 0},
    {.bitmap_index = 687, .adv_w = 187, .box_w = 13, .box_h = 15, .ofs_x = -1, .ofs_y = 0},
    {.bitmap_index = 761, .adv_w = 187, .box_w = 13, .box_h = 15, .ofs_x = -1, .ofs_y = 0},
    {.bitmap_index = 835, .adv_w = 187, .box_w = 13, .box_h = 15, .ofs_x = -1, .ofs_y = 0},
    {.bitmap_index = 908, .adv_w = 187, .box_w = 13, .box_h = 17, .ofs_x = -1, .ofs_y = 0},
    {.bitmap_index = 987, .adv_w = 268, .box_w = 17, .box_h = 12, .ofs_x = -1, .ofs_y = 0},
    {.bitmap_index = 1060, .adv_w = 185, .box_w = 11, .box_h = 15, .ofs_x = 0, .ofs_y = -3},
    {.bitmap_index = 1125, .adv_w = 172, .box_w = 9, .box_h = 15, .ofs_x = 1, .ofs_y = 0},
    {.bitmap_index = 1171, .adv_w = 172, .box_w = 9, .box_h = 15, .ofs_x = 1, .ofs_y = 0},
    {.bitmap_index = 1218, .adv_w = 172, .box_w = 9, .box_h = 15, .ofs_x = 1, .ofs_y = 0},
    {.bitmap_index = 1266, .adv_w = 172, .box_w = 9, .box_h = 15, .ofs_x = 1, .ofs_y = 0},
    {.bitmap_index = 1313, .adv_w = 79, .box_w = 5, .box_h = 15, .ofs_x = -1, .ofs_y = 0},
    {.bitmap_index = 1327, .adv_w = 79, .box_w = 5, .box_h = 15, .ofs_x = 1, .ofs_y = 0},
    {.bitmap_index = 1340, .adv_w = 79, .box_w = 7, .box_h = 15, .ofs_x = -1, .ofs_y = 0},
    {.bitmap_index = 1359, .adv_w = 79, .box_w = 5, .box_h = 15, .ofs_x = 0, .ofs_y = 0},
    {.bitmap_index = 1372, .adv_w = 214, .box_w = 13, .box_h = 12, .ofs_x = 0, .ofs_y = 0},
    {.bitmap_index = 1434, .adv_w = 208, .box_w = 11, .box_h = 15, .ofs_x = 1, .ofs_y = 0},
    {.bitmap_index = 1491, .adv_w = 215, .box_w = 13, .box_h = 15, .ofs_x = 0, .ofs_y = 0},
    {.bitmap_index = 1569, .adv_w = 215, .box_w = 13, .box_h = 15, .ofs_x = 0, .ofs_y = 0},
    {.bitmap_index = 1648, .adv_w = 215, .box_w = 13, .box_h = 15, .ofs_x = 0, .ofs_y = 0},
    {.bitmap_index = 1728, .adv_w = 215, .box_w = 13, .box_h = 15, .ofs_x = 0, .ofs_y = 0},
    {.bitmap_index = 1808, .adv_w = 215, .box_w = 13, .box_h = 15, .ofs_x = 0, .ofs_y = 0},
    {.bitmap_index = 1888, .adv_w = 146, .box_w = 8, .box_h = 8, .ofs_x = 1, .ofs_y = 2},
    {.bitmap_index = 1919, .adv_w = 215, .box_w = 13, .box_h = 14, .ofs_x = 0, .ofs_y = -1},
    {.bitmap_index = 2004, .adv_w = 202, .box_w = 11, .box_h = 15, .ofs_x = 1, .ofs_y = 0},
    {.bitmap_index = 2051, .adv_w = 202, .box_w = 11, .box_h = 15, .ofs_x = 1, .ofs_y = 0},
    {.bitmap_index = 2097, .adv_w = 202, .box_w = 11, .box_h = 15, .ofs_x = 1, .ofs_y = 0},
    {.bitmap_index = 2145, .adv_w = 202, .box_w = 11, .box_h = 15, .ofs_x = 1, .ofs_y = 0},
    {.bitmap_index = 2193, .adv_w = 166, .box_w = 12, .box_h = 15, .ofs_x = -1, .ofs_y = 0},
    {.bitmap_index = 2252, .adv_w = 185, .box_w = 10, .box_h = 12, .ofs_x = 1, .ofs_y = 0},
    {.bitmap_index = 2302, .adv_w = 173, .box_w = 10, .box_h = 12, .ofs_x = 1, .ofs_y = 0},
    {.bitmap_index = 2354, .adv_w = 153, .box_w = 9, .box_h = 12, .ofs_x = 0, .ofs_y = 0},
    {.bitmap_index = 2405, .adv_w = 153, .box_w = 9, .box_h = 12, .ofs_x = 0, .ofs_y = 0},
    {.bitmap_index = 2456, .adv_w = 153, .box_w = 9, .box_h = 12, .ofs_x = 0, .ofs_y = 0},
    {.bitmap_index = 2509, .adv_w = 153, .box_w = 9, .box_h = 12, .ofs_x = 0, .ofs_y = 0},
    {.bitmap_index = 2562, .adv_w = 153, .box_w = 9, .box_h = 12, .ofs_x = 0, .ofs_y = 0},
    {.bitmap_index = 2615, .adv_w = 153, .box_w = 9, .box_h = 14, .ofs_x = 0, .ofs_y = 0},
    {.bitmap_index = 2672, .adv_w = 253, .box_w = 16, .box_h = 9, .ofs_x = 0, .ofs_y = 0},
    {.bitmap_index = 2742, .adv_w = 146, .box_w = 9, .box_h = 12, .ofs_x = 0, .ofs_y = -3},
    {.bitmap_index = 2791, .adv_w = 157, .box_w = 10, .box_h = 12, .ofs_x = 0, .ofs_y = 0},
    {.bitmap_index = 2844, .adv_w = 157, .box_w = 10, .box_h = 12, .ofs_x = 0, .ofs_y = 0},
    {.bitmap_index = 2897, .adv_w = 157, .box_w = 10, .box_h = 12, .ofs_x = 0, .ofs_y = 0},
    {.bitmap_index = 2952, .adv_w = 157, .box_w = 10, .box_h = 12, .ofs_x = 0, .ofs_y = 0},
    {.bitmap_index = 3008, .adv_w = 71, .box_w = 5, .box_h = 12, .ofs_x = -1, .ofs_y = 0},
    {.bitmap_index = 3021, .adv_w = 71, .box_w = 5, .box_h = 12, .ofs_x = 1, .ofs_y = 0},
    {.bitmap_index = 3033, .adv_w = 71, .box_w = 6, .box_h = 12, .ofs_x = -1, .ofs_y = 0},
    {.bitmap_index = 3048, .adv_w = 71, .box_w = 5, .box_h = 12, .ofs_x = 0, .ofs_y = 0},
    {.bitmap_index = 3061, .adv_w = 164, .box_w = 10, .box_h = 12, .ofs_x = 0, .ofs_y = 0},
    {.bitmap_index = 3121, .adv_w = 174, .box_w = 9, .box_h = 12, .ofs_x = 1, .ofs_y = 0},
    {.bitmap_index = 3161, .adv_w = 163, .box_w = 10, .box_h = 12, .ofs_x = 0, .ofs_y = 0},
    {.bitmap_index = 3214, .adv_w = 163, .box_w = 10, .box_h = 12, .ofs_x = 0, .ofs_y = 0},
    {.bitmap_index = 3267, .adv_w = 163, .box_w = 10, .box_h = 12, .ofs_x = 0, .ofs_y = 0},
    {.bitmap_index = 3323, .adv_w = 163, .box_w = 10, .box_h = 12, .ofs_x = 0, .ofs_y = 0},
    {.bitmap_index = 3380, .adv_w = 163, .box_w = 10, .box_h = 12, .ofs_x = 0, .ofs_y = 0},
    {.bitmap_index = 3436, .adv_w = 146, .box_w = 9, .box_h = 8, .ofs_x = 0, .ofs_y = 2},
    {.bitmap_index = 3459, .adv_w = 163, .box_w = 10, .box_h = 11, .ofs_x = 0, .ofs_y = -1},
    {.bitmap_index = 3514, .adv_w = 173, .box_w = 9, .box_h = 12, .ofs_x = 1, .ofs_y = 0},
    {.bitmap_index = 3550, .adv_w = 173, .box_w = 9, .box_h = 12, .ofs_x = 1, .ofs_y = 0},
    {.bitmap_index = 3585, .adv_w = 173, .box_w = 9, .box_h = 12, .ofs_x = 1, .ofs_y = 0},
    {.bitmap_index = 3623, .adv_w = 173, .box_w = 9, .box_h = 12, .ofs_x = 1, .ofs_y = 0},
    {.bitmap_index = 3660, .adv_w = 143, .box_w = 10, .box_h = 15, .ofs_x = -1, .ofs_y = -3},
    {.bitmap_index = 3723, .adv_w = 175, .box_w = 10, .box_h = 15, .ofs_x = 1, .ofs_y = -3},
    {.bitmap_index = 3776, .adv_w = 143, .box_w = 10, .box_h = 15, .ofs_x = -1, .ofs_y = -3},
    {.bitmap_index = 3841, .adv_w = 187, .box_w = 13, .box_h = 14, .ofs_x = -1, .ofs_y = 0},
    {.bitmap_index = 3909, .adv_w = 153, .box_w = 9, .box_h = 12, .ofs_x = 0, .ofs_y = 0},
    {.bitmap_index = 3958, .adv_w = 187, .box_w = 13, .box_h = 15, .ofs_x = -1, .ofs_y = 0},
    {.bitmap_index = 4032, .adv_w = 153, .box_w = 9, .box_h = 12, .ofs_x = 0, .ofs_y = 0},
    {.bitmap_index = 4085, .adv_w = 187, .box_w = 14, .box_h = 15, .ofs_x = -1, .ofs_y = -3},
    {.bitmap_index = 4160, .adv_w = 153, .box_w = 9, .box_h = 12, .ofs_x = 0, .ofs_y = -3},
    {.bitmap_index = 4210, .adv_w = 185, .box_w = 11, .box_h = 15, .ofs_x = 0, .ofs_y = 0},
    {.bitmap_index = 4274, .adv_w = 146, .box_w = 9, .box_h = 12, .ofs_x = 0, .ofs_y = 0},
    {.bitmap_index = 4321, .adv_w = 185, .box_w = 11, .box_h = 15, .ofs_x = 0, .ofs_y = 0},
    {.bitmap_index = 4386, .adv_w = 146, .box_w = 9, .box_h = 12, .ofs_x = 0, .ofs_y = 0},
    {.bitmap_index = 4435, .adv_w = 185, .box_w = 11, .box_h = 15, .ofs_x = 0, .ofs_y = 0},
    {.bitmap_index = 4497, .adv_w = 146, .box_w = 9, .box_h = 12, .ofs_x = 0, .ofs_y = 0},
    {.bitmap_index = 4541, .adv_w = 185, .box_w = 11, .box_h = 15, .ofs_x = 0, .ofs_y = 0},
    {.bitmap_index = 4606, .adv_w = 146, .box_w = 9, .box_h = 12, .ofs_x = 0, .ofs_y = 0},
    {.bitmap_index = 4655, .adv_w = 211, .box_w = 12, .box_h = 15, .ofs_x = 1, .ofs_y = 0},
    {.bitmap_index = 4719, .adv_w = 175, .box_w = 13, .box_h = 13, .ofs_x = 0, .ofs_y = 0},
    {.bitmap_index = 4779, .adv_w = 214, .box_w = 13, .box_h = 12, .ofs_x = 0, .ofs_y = 0},
    {.bitmap_index = 4841, .adv_w = 175, .box_w = 11, .box_h = 12, .ofs_x = 0, .ofs_y = 0},
    {.bitmap_index = 4899, .adv_w = 172, .box_w = 9, .box_h = 14, .ofs_x = 1, .ofs_y = 0},
    {.bitmap_index = 4941, .adv_w = 157, .box_w = 10, .box_h = 12, .ofs_x = 0, .ofs_y = 0},
    {.bitmap_index = 4993, .adv_w = 172, .box_w = 9, .box_h = 15, .ofs_x = 1, .ofs_y = 0},
    {.bitmap_index = 5040, .adv_w = 157, .box_w = 10, .box_h = 12, .ofs_x = 0, .ofs_y = 0},
    {.bitmap_index = 5095, .adv_w = 172, .box_w = 9, .box_h = 15, .ofs_x = 1, .ofs_y = 0},
    {.bitmap_index = 5138, .adv_w = 157, .box_w = 10, .box_h = 12, .ofs_x = 0, .ofs_y = 0},
    {.bitmap_index = 5189, .adv_w = 172, .box_w = 10, .box_h = 15, .ofs_x = 1, .ofs_y = -3},
    {.bitmap_index = 5236, .adv_w = 157, .box_w = 10, .box_h = 12, .ofs_x = 0, .ofs_y = -3},
    {.bitmap_index = 5289, .adv_w = 172, .box_w = 9, .box_h = 15, .ofs_x = 1, .ofs_y = 0},
    {.bitmap_index = 5338, .adv_w = 157, .box_w = 10, .box_h = 12, .ofs_x = 0, .ofs_y = 0},
    {.bitmap_index = 5393, .adv_w = 198, .box_w = 12, .box_h = 15, .ofs_x = 0, .ofs_y = 0},
    {.bitmap_index = 5463, .adv_w = 177, .box_w = 10, .box_h = 15, .ofs_x = 0, .ofs_y = -3},
    {.bitmap_index = 5535, .adv_w = 198, .box_w = 12, .box_h = 15, .ofs_x = 0, .ofs_y = 0},
    {.bitmap_index = 5605, .adv_w = 177, .box_w = 10, .box_h = 15, .ofs_x = 0, .ofs_y = -3},
    {.bitmap_index = 5678, .adv_w = 198, .box_w = 12, .box_h = 15, .ofs_x = 0, .ofs_y = 0},
    {.bitmap_index = 5745, .adv_w = 177, .box_w = 10, .box_h = 15, .ofs_x = 0, .ofs_y = -3},
    {.bitmap_index = 5813, .adv_w = 198, .box_w = 12, .box_h = 16, .ofs_x = 0, .ofs_y = -4},
    {.bitmap_index = 5886, .adv_w = 177, .box_w = 10, .box_h = 17, .ofs_x = 0, .ofs_y = -3},
    {.bitmap_index = 5960, .adv_w = 208, .box_w = 11, .box_h = 15, .ofs_x = 1, .ofs_y = 0},
    {.bitmap_index = 6000, .adv_w = 174, .box_w = 11, .box_h = 16, .ofs_x = -1, .ofs_y = 0},
    {.bitmap_index = 6048, .adv_w = 212, .box_w = 14, .box_h = 12, .ofs_x = 0, .ofs_y = 0},
    {.bitmap_index = 6092, .adv_w = 174, .box_w = 10, .box_h = 12, .ofs_x = 0, .ofs_y = 0},
    {.bitmap_index = 6131, .adv_w = 79, .box_w = 7, .box_h = 15, .ofs_x = -1, .ofs_y = 0},
    {.bitmap_index = 6149, .adv_w = 71, .box_w = 6, .box_h = 12, .ofs_x = -1, .ofs_y = 0},
    {.bitmap_index = 6164, .adv_w = 79, .box_w = 5, .box_h = 14, .ofs_x = 0, .ofs_y = 0},
    {.bitmap_index = 6174, .adv_w = 71, .box_w = 5, .box_h = 12, .ofs_x = 0, .ofs_y = 0},
    {.bitmap_index = 6185, .adv_w = 79, .box_w = 7, .box_h = 15, .ofs_x = -1, .ofs_y = 0},
    {.bitmap_index = 6203, .adv_w = 71, .box_w = 5, .box_h = 12, .ofs_x = 0, .ofs_y = 0},
    {.bitmap_index = 6216, .adv_w = 79, .box_w = 3, .box_h = 15, .ofs_x = 1, .ofs_y = -3},
    {.bitmap_index = 6226, .adv_w = 71, .box_w = 4, .box_h = 15, .ofs_x = 0, .ofs_y = -3},
    {.bitmap_index = 6245, .adv_w = 79, .box_w = 3, .box_h = 15, .ofs_x = 1, .ofs_y = 0},
    {.bitmap_index = 6255, .adv_w = 71, .box_w = 2, .box_h = 9, .ofs_x = 1, .ofs_y = 0},
    {.bitmap_index = 6260, .adv_w = 184, .box_w = 9, .box_h = 12, .ofs_x = 1, .ofs_y = 0},
    {.bitmap_index = 6290, .adv_w = 144, .box_w = 7, .box_h = 15, .ofs_x = 1, .ofs_y = -3},
    {.bitmap_index = 6318, .adv_w = 131, .box_w = 8, .box_h = 15, .ofs_x = -1, .ofs_y = 0},
    {.bitmap_index = 6354, .adv_w = 73, .box_w = 7, .box_h = 15, .ofs_x = -2, .ofs_y = -3},
    {.bitmap_index = 6380, .adv_w = 184, .box_w = 11, .box_h = 17, .ofs_x = 1, .ofs_y = -5},
    {.bitmap_index = 6445, .adv_w = 158, .box_w = 9, .box_h = 17, .ofs_x = 1, .ofs_y = -5},
    {.bitmap_index = 6496, .adv_w = 155, .box_w = 9, .box_h = 9, .ofs_x = 1, .ofs_y = 0},
    {.bitmap_index = 6531, .adv_w = 152, .box_w = 9, .box_h = 15, .ofs_x = 1, .ofs_y = 0},
    {.bitmap_index = 6556, .adv_w = 71, .box_w = 5, .box_h = 16, .ofs_x = 1, .ofs_y = 0},
    {.bitmap_index = 6569, .adv_w = 152, .box_w = 9, .box_h = 17, .ofs_x = 1, .ofs_y = -5},
    {.bitmap_index = 6597, .adv_w = 71, .box_w = 3, .box_h = 17, .ofs_x = 1, .ofs_y = -5},
    {.bitmap_index = 6608, .adv_w = 152, .box_w = 9, .box_h = 12, .ofs_x = 1, .ofs_y = 0},
    {.bitmap_index = 6631, .adv_w = 71, .box_w = 5, .box_h = 13, .ofs_x = 1, .ofs_y = 0},
    {.bitmap_index = 6646, .adv_w = 152, .box_w = 9, .box_h = 12, .ofs_x = 1, .ofs_y = 0},
    {.bitmap_index = 6668, .adv_w = 89, .box_w = 5, .box_h = 12, .ofs_x = 1, .ofs_y = 0},
    {.bitmap_index = 6682, .adv_w = 154, .box_w = 10, .box_h = 12, .ofs_x = 0, .ofs_y = 0},
    {.bitmap_index = 6717, .adv_w = 76, .box_w = 6, .box_h = 12, .ofs_x = -1, .ofs_y = 0},
    {.bitmap_index = 6740, .adv_w = 208, .box_w = 11, .box_h = 15, .ofs_x = 1, .ofs_y = 0},
    {.bitmap_index = 6795, .adv_w = 174, .box_w = 9, .box_h = 12, .ofs_x = 1, .ofs_y = 0},
    {.bitmap_index = 6831, .adv_w = 208, .box_w = 11, .box_h = 17, .ofs_x = 1, .ofs_y = -5},
    {.bitmap_index = 6890, .adv_w = 174, .box_w = 9, .box_h = 14, .ofs_x = 1, .ofs_y = -5},
    {.bitmap_index = 6931, .adv_w = 208, .box_w = 11, .box_h = 15, .ofs_x = 1, .ofs_y = 0},
    {.bitmap_index = 6989, .adv_w = 174, .box_w = 9, .box_h = 12, .ofs_x = 1, .ofs_y = 0},
    {.bitmap_index = 7027, .adv_w = 197, .box_w = 11, .box_h = 12, .ofs_x = 0, .ofs_y = 0},
    {.bitmap_index = 7064, .adv_w = 208, .box_w = 11, .box_h = 15, .ofs_x = 1, .ofs_y = -3},
    {.bitmap_index = 7121, .adv_w = 174, .box_w = 9, .box_h = 12, .ofs_x = 1, .ofs_y = -3},
    {.bitmap_index = 7158, .adv_w = 215, .box_w = 13, .box_h = 15, .ofs_x = 0, .ofs_y = 0},
    {.bitmap_index = 7236, .adv_w = 163, .box_w = 10, .box_h = 12, .ofs_x = 0, .ofs_y = 0},
    {.bitmap_index = 7288, .adv_w = 215, .box_w = 13, .box_h = 15, .ofs_x = 0, .ofs_y = 0},
    {.bitmap_index = 7368, .adv_w = 163, .box_w = 10, .box_h = 12, .ofs_x = 0, .ofs_y = 0},
    {.bitmap_index = 7424, .adv_w = 215, .box_w = 13, .box_h = 15, .ofs_x = 0, .ofs_y = 0},
    {.bitmap_index = 7504, .adv_w = 163, .box_w = 10, .box_h = 12, .ofs_x = 0, .ofs_y = 0},
    {.bitmap_index = 7559, .adv_w = 288, .box_w = 18, .box_h = 12, .ofs_x = 0, .ofs_y = 0},
    {.bitmap_index = 7634, .adv_w = 273, .box_w = 17, .box_h = 9, .ofs_x = 0, .ofs_y = 0},
    {.bitmap_index = 7707, .adv_w = 186, .box_w = 10, .box_h = 15, .ofs_x = 1, .ofs_y = 0},
    {.bitmap_index = 7766, .adv_w = 105, .box_w = 6, .box_h = 12, .ofs_x = 1, .ofs_y = 0},
    {.bitmap_index = 7791, .adv_w = 186, .box_w = 10, .box_h = 17, .ofs_x = 1, .ofs_y = -5},
    {.bitmap_index = 7854, .adv_w = 105, .box_w = 6, .box_h = 14, .ofs_x = 1, .ofs_y = -5},
    {.bitmap_index = 7879, .adv_w = 186, .box_w = 10, .box_h = 15, .ofs_x = 1, .ofs_y = 0},
    {.bitmap_index = 7941, .adv_w = 105, .box_w = 7, .box_h = 12, .ofs_x = 0, .ofs_y = 0},
    {.bitmap_index = 7969, .adv_w = 159, .box_w = 10, .box_h = 15, .ofs_x = 0, .ofs_y = 0},
    {.bitmap_index = 8035, .adv_w = 128, .box_w = 8, .box_h = 12, .ofs_x = 0, .ofs_y = 0},
    {.bitmap_index = 8082, .adv_w = 159, .box_w = 10, .box_h = 15, .ofs_x = 0, .ofs_y = 0},
    {.bitmap_index = 8150, .adv_w = 128, .box_w = 8, .box_h = 12, .ofs_x = 0, .ofs_y = 0},
    {.bitmap_index = 8200, .adv_w = 159, .box_w = 10, .box_h = 15, .ofs_x = 0, .ofs_y = -3},
    {.bitmap_index = 8268, .adv_w = 128, .box_w = 8, .box_h = 12, .ofs_x = 0, .ofs_y = -3},
    {.bitmap_index = 8316, .adv_w = 159, .box_w = 10, .box_h = 15, .ofs_x = 0, .ofs_y = 0},
    {.bitmap_index = 8384, .adv_w = 128, .box_w = 8, .box_h = 12, .ofs_x = 0, .ofs_y = 0},
    {.bitmap_index = 8433, .adv_w = 150, .box_w = 10, .box_h = 15, .ofs_x = 0, .ofs_y = -3},
    {.bitmap_index = 8462, .adv_w = 106, .box_w = 7, .box_h = 15, .ofs_x = 0, .ofs_y = -3},
    {.bitmap_index = 8502, .adv_w = 150, .box_w = 10, .box_h = 15, .ofs_x = 0, .ofs_y = 0},
    {.bitmap_index = 8536, .adv_w = 106, .box_w = 7, .box_h = 12, .ofs_x = 0, .ofs_y = 0},
    {.bitmap_index = 8568, .adv_w = 150, .box_w = 10, .box_h = 12, .ofs_x = 0, .ofs_y = 0},
    {.bitmap_index = 8604, .adv_w = 109, .box_w = 7, .box_h = 11, .ofs_x = 0, .ofs_y = 0},
    {.bitmap_index = 8639, .adv_w = 202, .box_w = 11, .box_h = 15, .ofs_x = 1, .ofs_y = 0},
    {.bitmap_index = 8687, .adv_w = 173, .box_w = 9, .box_h = 12, .ofs_x = 1, .ofs_y = 0},
    {.bitmap_index = 8725, .adv_w = 202, .box_w = 11, .box_h = 15, .ofs_x = 1, .ofs_y = 0},
    {.bitmap_index = 8771, .adv_w = 173, .box_w = 9, .box_h = 12, .ofs_x = 1, .ofs_y = 0},
    {.bitmap_index = 8804, .adv_w = 202, .box_w = 11, .box_h = 15, .ofs_x = 1, .ofs_y = 0},
    {.bitmap_index = 8852, .adv_w = 173, .box_w = 9, .box_h = 12, .ofs_x = 1, .ofs_y = 0},
    {.bitmap_index = 8890, .adv_w = 202, .box_w = 11, .box_h = 17, .ofs_x = 1, .ofs_y = 0},
    {.bitmap_index = 8941, .adv_w = 173, .box_w = 9, .box_h = 14, .ofs_x = 1, .ofs_y = 0},
    {.bitmap_index = 8982, .adv_w = 202, .box_w = 11, .box_h = 15, .ofs_x = 1, .ofs_y = 0},
    {.bitmap_index = 9032, .adv_w = 173, .box_w = 9, .box_h = 12, .ofs_x = 1, .ofs_y = 0},
    {.bitmap_index = 9070, .adv_w = 202, .box_w = 11, .box_h = 15, .ofs_x = 1, .ofs_y = -3},
    {.bitmap_index = 9116, .adv_w = 173, .box_w = 9, .box_h = 12, .ofs_x = 1, .ofs_y = -3},
    {.bitmap_index = 9152, .adv_w = 288, .box_w = 18, .box_h = 15, .ofs_x = 0, .ofs_y = 0},
    {.bitmap_index = 9270, .adv_w = 230, .box_w = 15, .box_h = 12, .ofs_x = 0, .ofs_y = 0},
    {.bitmap_index = 9350, .adv_w = 166, .box_w = 12, .box_h = 15, .ofs_x = -1, .ofs_y = 0},
    {.bitmap_index = 9411, .adv_w = 143, .box_w = 10, .box_h = 15, .ofs_x = -1, .ofs_y = -3},
    {.bitmap_index = 9476, .adv_w = 166, .box_w = 12, .box_h = 15, .ofs_x = -1, .ofs_y = 0},
    {.bitmap_index = 9535, .adv_w = 168, .box_w = 11, .box_h = 15, .ofs_x = 0, .ofs_y = 0},
    {.bitmap_index = 9595, .adv_w = 133, .box_w = 8, .box_h = 12, .ofs_x = 0, .ofs_y = 0},
    {.bitmap_index = 9637, .adv_w = 168, .box_w = 11, .box_h = 15, .ofs_x = 0, .ofs_y = 0},
    {.bitmap_index = 9693, .adv_w = 133, .box_w = 8, .box_h = 12, .ofs_x = 0, .ofs_y = 0},
    {.bitmap_index = 9732, .adv_w = 168, .box_w = 11, .box_h = 15, .ofs_x = 0, .ofs_y = 0},
    {.bitmap_index = 9795, .adv_w = 133, .box_w = 8, .box_h = 12, .ofs_x = 0, .ofs_y = 0},
    {.bitmap_index = 9838, .adv_w = 78, .box_w = 7, .box_h = 12, .ofs_x = 0, .ofs_y = 0},
    {.bitmap_index = 9858, .adv_w = 113, .box_w = 6, .box_h = 12, .ofs_x = 1, .ofs_y = 0},
    {.bitmap_index = 9873, .adv_w = 96, .box_w = 5, .box_h = 9, .ofs_x = 1, .ofs_y = 0},
    {.bitmap_index = 9887, .adv_w = 168, .box_w = 10, .box_h = 12, .ofs_x = 0, .ofs_y = 0},
    {.bitmap_index = 9910, .adv_w = 167, .box_w = 9, .box_h = 13, .ofs_x = 1, .ofs_y = 0},
    {.bitmap_index = 9930, .adv_w = 43, .box_w = 4, .box_h = 4, .ofs_x = 0, .ofs_y = 9},
    {.bitmap_index = 9939, .adv_w = 43, .box_w = 4, .box_h = 4, .ofs_x = -1, .ofs_y = -3},
    {.bitmap_index = 9948, .adv_w = 197, .box_w = 10, .box_h = 12, .ofs_x = 1, .ofs_y = 0},
    {.bitmap_index = 9990, .adv_w = 165, .box_w = 8, .box_h = 9, .ofs_x = 1, .ofs_y = 0},
    {.bitmap_index = 10019, .adv_w = 62, .box_w = 3, .box_h = 4, .ofs_x = 1, .ofs_y = -5},
    {.bitmap_index = 10025, .adv_w = 123, .box_w = 7, .box_h = 9, .ofs_x = 0, .ofs_y = 0},
    {.bitmap_index = 10054, .adv_w = 123, .box_w = 8, .box_h = 9, .ofs_x = 0, .ofs_y = 0},
    {.bitmap_index = 10090, .adv_w = 123, .box_w = 7, .box_h = 9, .ofs_x = 0, .ofs_y = 0},
    {.bitmap_index = 10122, .adv_w = 69, .box_w = 4, .box_h = 12, .ofs_x = 0, .ofs_y = -3},
    {.bitmap_index = 10143, .adv_w = 70, .box_w = 5, .box_h = 16, .ofs_x = -2, .ofs_y = -4},
    {.bitmap_index = 10157, .adv_w = 60, .box_w = 4, .box_h = 3, .ofs_x = 0, .ofs_y = 10},
    {.bitmap_index = 10164, .adv_w = 166, .box_w = 6, .box_h = 3, .ofs_x = 2, .ofs_y = 10},
    {.bitmap_index = 10174, .adv_w = 181, .box_w = 12, .box_h = 12, .ofs_x = 0, .ofs_y = 0},
    {.bitmap_index = 10237, .adv_w = 69, .box_w = 3, .box_h = 3, .ofs_x = 1, .ofs_y = 6},
    {.bitmap_index = 10242, .adv_w = 184, .box_w = 11, .box_h = 12, .ofs_x = 0, .ofs_y = 0},
    {.bitmap_index = 10282, .adv_w = 232, .box_w = 13, .box_h = 12, .ofs_x = 0, .ofs_y = 0},
    {.bitmap_index = 10317, .adv_w = 134, .box_w = 8, .box_h = 12, .ofs_x = 0, .ofs_y = 0},
    {.bitmap_index = 10339, .adv_w = 229, .box_w = 14, .box_h = 12, .ofs_x = 0, .ofs_y = 0},
    {.bitmap_index = 10410, .adv_w = 200, .box_w = 13, .box_h = 12, .ofs_x = 0, .ofs_y = 0},
    {.bitmap_index = 10459, .adv_w = 215, .box_w = 14, .box_h = 12, .ofs_x = 0, .ofs_y = 0},
    {.bitmap_index = 10531, .adv_w = 85, .box_w = 7, .box_h = 13, .ofs_x = -1, .ofs_y = 0},
    {.bitmap_index = 10558, .adv_w = 164, .box_w = 11, .box_h = 12, .ofs_x = 0, .ofs_y = 0},
    {.bitmap_index = 10612, .adv_w = 166, .box_w = 9, .box_h = 12, .ofs_x = 1, .ofs_y = 0},
    {.bitmap_index = 10660, .adv_w = 128, .box_w = 7, .box_h = 12, .ofs_x = 1, .ofs_y = 0},
    {.bitmap_index = 10672, .adv_w = 164, .box_w = 11, .box_h = 12, .ofs_x = 0, .ofs_y = 0},
    {.bitmap_index = 10726, .adv_w = 142, .box_w = 7, .box_h = 12, .ofs_x = 1, .ofs_y = 0},
    {.bitmap_index = 10752, .adv_w = 146, .box_w = 9, .box_h = 12, .ofs_x = 0, .ofs_y = 0},
    {.bitmap_index = 10793, .adv_w = 190, .box_w = 10, .box_h = 12, .ofs_x = 1, .ofs_y = 0},
    {.bitmap_index = 10815, .adv_w = 200, .box_w = 12, .box_h = 12, .ofs_x = 0, .ofs_y = 0},
    {.bitmap_index = 10881, .adv_w = 87, .box_w = 5, .box_h = 12, .ofs_x = 0, .ofs_y = 0},
    {.bitmap_index = 10896, .adv_w = 158, .box_w = 9, .box_h = 12, .ofs_x = 1, .ofs_y = 0},
    {.bitmap_index = 10938, .adv_w = 156, .box_w = 10, .box_h = 12, .ofs_x = 0, .ofs_y = 0},
    {.bitmap_index = 10989, .adv_w = 232, .box_w = 12, .box_h = 12, .ofs_x = 1, .ofs_y = 0},
    {.bitmap_index = 11047, .adv_w = 195, .box_w = 10, .box_h = 12, .ofs_x = 1, .ofs_y = 0},
    {.bitmap_index = 11090, .adv_w = 160, .box_w = 10, .box_h = 12, .ofs_x = 0, .ofs_y = 0},
    {.bitmap_index = 11125, .adv_w = 200, .box_w = 12, .box_h = 12, .ofs_x = 0, .ofs_y = 0},
    {.bitmap_index = 11187, .adv_w = 187, .box_w = 10, .box_h = 12, .ofs_x = 1, .ofs_y = 0},
    {.bitmap_index = 11203, .adv_w = 155, .box_w = 8, .box_h = 12, .ofs_x = 1, .ofs_y = 0},
    {.bitmap_index = 11238, .adv_w = 146, .box_w = 9, .box_h = 12, .ofs_x = 0, .ofs_y = 0},
    {.bitmap_index = 11279, .adv_w = 142, .box_w = 9, .box_h = 12, .ofs_x = 0, .ofs_y = 0},
    {.bitmap_index = 11296, .adv_w = 145, .box_w = 10, .box_h = 12, .ofs_x = 0, .ofs_y = 0},
    {.bitmap_index = 11333, .adv_w = 216, .box_w = 13, .box_h = 12, .ofs_x = 0, .ofs_y = 0},
    {.bitmap_index = 11398, .adv_w = 150, .box_w = 10, .box_h = 12, .ofs_x = 0, .ofs_y = 0},
    {.bitmap_index = 11452, .adv_w = 210, .box_w = 11, .box_h = 12, .ofs_x = 1, .ofs_y = 0},
    {.bitmap_index = 11496, .adv_w = 184, .box_w = 12, .box_h = 12, .ofs_x = 0, .ofs_y = 0},
    {.bitmap_index = 11561, .adv_w = 87, .box_w = 5, .box_h = 15, .ofs_x = 0, .ofs_y = 0},
    {.bitmap_index = 11583, .adv_w = 145, .box_w = 10, .box_h = 15, .ofs_x = 0, .ofs_y = 0},
    {.bitmap_index = 11633, .adv_w = 159, .box_w = 10, .box_h = 13, .ofs_x = 0, .ofs_y = 0},
    {.bitmap_index = 11688, .adv_w = 120, .box_w = 7, .box_h = 13, .ofs_x = 0, .ofs_y = 0},
    {.bitmap_index = 11731, .adv_w = 156, .box_w = 8, .box_h = 17, .ofs_x = 1, .ofs_y = -4},
    {.bitmap_index = 11770, .adv_w = 85, .box_w = 4, .box_h = 13, .ofs_x = 1, .ofs_y = 0},
    {.bitmap_index = 11788, .adv_w = 153, .box_w = 8, .box_h = 13, .ofs_x = 1, .ofs_y = 0},
    {.bitmap_index = 11833, .adv_w = 159, .box_w = 10, .box_h = 9, .ofs_x = 0, .ofs_y = 0},
    {.bitmap_index = 11875, .adv_w = 157, .box_w = 8, .box_h = 17, .ofs_x = 1, .ofs_y = -4},
    {.bitmap_index = 11930, .adv_w = 132, .box_w = 8, .box_h = 13, .ofs_x = 0, .ofs_y = -4},
    {.bitmap_index = 11972, .adv_w = 151, .box_w = 9, .box_h = 13, .ofs_x = 0, .ofs_y = 0},
    {.bitmap_index = 12025, .adv_w = 120, .box_w = 7, .box_h = 9, .ofs_x = 0, .ofs_y = 0},
    {.bitmap_index = 12056, .adv_w = 118, .box_w = 8, .box_h = 17, .ofs_x = 0, .ofs_y = -4},
    {.bitmap_index = 12113, .adv_w = 156, .box_w = 8, .box_h = 13, .ofs_x = 1, .ofs_y = -4},
    {.bitmap_index = 12139, .adv_w = 152, .box_w = 9, .box_h = 13, .ofs_x = 0, .ofs_y = 0},
    {.bitmap_index = 12195, .adv_w = 85, .box_w = 4, .box_h = 9, .ofs_x = 1, .ofs_y = 0},
    {.bitmap_index = 12205, .adv_w = 137, .box_w = 8, .box_h = 9, .ofs_x = 1, .ofs_y = 0},
    {.bitmap_index = 12236, .adv_w = 133, .box_w = 9, .box_h = 13, .ofs_x = 0, .ofs_y = 0},
    {.bitmap_index = 12286, .adv_w = 160, .box_w = 9, .box_h = 13, .ofs_x = 1, .ofs_y = -4},
    {.bitmap_index = 12316, .adv_w = 132, .box_w = 8, .box_h = 9, .ofs_x = 0, .ofs_y = 0},
    {.bitmap_index = 12350, .adv_w = 125, .box_w = 8, .box_h = 17, .ofs_x = 0, .ofs_y = -4},
    {.bitmap_index = 12409, .adv_w = 155, .box_w = 9, .box_h = 9, .ofs_x = 0, .ofs_y = 0},
    {.bitmap_index = 12449, .adv_w = 167, .box_w = 11, .box_h = 9, .ofs_x = 0, .ofs_y = 0},
    {.bitmap_index = 12471, .adv_w = 154, .box_w = 8, .box_h = 13, .ofs_x = 1, .ofs_y = -4},
    {.bitmap_index = 12512, .adv_w = 125, .box_w = 8, .box_h = 13, .ofs_x = 0, .ofs_y = -4},
    {.bitmap_index = 12557, .adv_w = 157, .box_w = 10, .box_h = 9, .ofs_x = 0, .ofs_y = 0},
    {.bitmap_index = 12601, .adv_w = 125, .box_w = 8, .box_h = 9, .ofs_x = 0, .ofs_y = 0},
    {.bitmap_index = 12623, .adv_w = 153, .box_w = 8, .box_h = 9, .ofs_x = 1, .ofs_y = 0},
    {.bitmap_index = 12652, .adv_w = 186, .box_w = 11, .box_h = 17, .ofs_x = 0, .ofs_y = -4},
    {.bitmap_index = 12713, .adv_w = 152, .box_w = 10, .box_h = 13, .ofs_x = 0, .ofs_y = -4},
    {.bitmap_index = 12769, .adv_w = 192, .box_w = 10, .box_h = 17, .ofs_x = 1, .ofs_y = -4},
    {.bitmap_index = 12815, .adv_w = 205, .box_w = 11, .box_h = 9, .ofs_x = 1, .ofs_y = 0},
    {.bitmap_index = 12859, .adv_w = 85, .box_w = 6, .box_h = 12, .ofs_x = -1, .ofs_y = 0},
    {.bitmap_index = 12881, .adv_w = 153, .box_w = 8, .box_h = 12, .ofs_x = 1, .ofs_y = 0},
    {.bitmap_index = 12922, .adv_w = 155, .box_w = 9, .box_h = 13, .ofs_x = 0, .ofs_y = 0},
    {.bitmap_index = 12974, .adv_w = 153, .box_w = 8, .box_h = 13, .ofs_x = 1, .ofs_y = 0},
    {.bitmap_index = 13015, .adv_w = 205, .box_w = 11, .box_h = 13, .ofs_x = 1, .ofs_y = 0},
    {.bitmap_index = 13072, .adv_w = 158, .box_w = 9, .box_h = 16, .ofs_x = 1, .ofs_y = -4},
    {.bitmap_index = 13130, .adv_w = 164, .box_w = 9, .box_h = 13, .ofs_x = 1, .ofs_y = 0},
    {.bitmap_index = 13187, .adv_w = 159, .box_w = 10, .box_h = 13, .ofs_x = 0, .ofs_y = 0},
    {.bitmap_index = 13248, .adv_w = 152, .box_w = 10, .box_h = 12, .ofs_x = 0, .ofs_y = 0},
    {.bitmap_index = 13285, .adv_w = 205, .box_w = 13, .box_h = 12, .ofs_x = 0, .ofs_y = 0},
    {.bitmap_index = 13334, .adv_w = 152, .box_w = 10, .box_h = 15, .ofs_x = 0, .ofs_y = 0},
    {.bitmap_index = 13384, .adv_w = 186, .box_w = 11, .box_h = 17, .ofs_x = 0, .ofs_y = -4},
    {.bitmap_index = 13445, .adv_w = 220, .box_w = 14, .box_h = 9, .ofs_x = 0, .ofs_y = 0},
    {.bitmap_index = 13502, .adv_w = 137, .box_w = 8, .box_h = 13, .ofs_x = 1, .ofs_y = -4},
    {.bitmap_index = 13549, .adv_w = 195, .box_w = 12, .box_h = 12, .ofs_x = 0, .ofs_y = 0},
    {.bitmap_index = 13609, .adv_w = 155, .box_w = 9, .box_h = 13, .ofs_x = 0, .ofs_y = -4},
    {.bitmap_index = 13658, .adv_w = 162, .box_w = 10, .box_h = 12, .ofs_x = 0, .ofs_y = 0},
    {.bitmap_index = 13702, .adv_w = 123, .box_w = 8, .box_h = 13, .ofs_x = 0, .ofs_y = -4},
    {.bitmap_index = 13749, .adv_w = 130, .box_w = 7, .box_h = 12, .ofs_x = 1, .ofs_y = 0},
    {.bitmap_index = 13775, .adv_w = 132, .box_w = 7, .box_h = 13, .ofs_x = 1, .ofs_y = -4},
    {.bitmap_index = 13802, .adv_w = 127, .box_w = 9, .box_h = 12, .ofs_x = -1, .ofs_y = 0},
    {.bitmap_index = 13843, .adv_w = 142, .box_w = 9, .box_h = 17, .ofs_x = 0, .ofs_y = -4},
    {.bitmap_index = 13904, .adv_w = 152, .box_w = 10, .box_h = 12, .ofs_x = -1, .ofs_y = 0},
    {.bitmap_index = 13956, .adv_w = 133, .box_w = 10, .box_h = 17, .ofs_x = -2, .ofs_y = -4},
    {.bitmap_index = 14022, .adv_w = 174, .box_w = 11, .box_h = 9, .ofs_x = 0, .ofs_y = 0},
    {.bitmap_index = 14068, .adv_w = 154, .box_w = 8, .box_h = 13, .ofs_x = 1, .ofs_y = -4},
    {.bitmap_index = 14118, .adv_w = 123, .box_w = 8, .box_h = 9, .ofs_x = 0, .ofs_y = 0},
    {.bitmap_index = 14151, .adv_w = 66, .box_w = 4, .box_h = 16, .ofs_x = -1, .ofs_y = -4},
    {.bitmap_index = 14168, .adv_w = 200, .box_w = 12, .box_h = 12, .ofs_x = 0, .ofs_y = 0},
    {.bitmap_index = 14232, .adv_w = 127, .box_w = 8, .box_h = 9, .ofs_x = 0, .ofs_y = 0},
    {.bitmap_index = 14267, .adv_w = 126, .box_w = 8, .box_h = 9, .ofs_x = 0, .ofs_y = 0},
    {.bitmap_index = 14302, .adv_w = 155, .box_w = 8, .box_h = 12, .ofs_x = 1, .ofs_y = 0},
    {.bitmap_index = 14339, .adv_w = 157, .box_w = 8, .box_h = 17, .ofs_x = 1, .ofs_y = -4},
    {.bitmap_index = 14384, .adv_w = 162, .box_w = 10, .box_h = 12, .ofs_x = 0, .ofs_y = 0},
    {.bitmap_index = 14429, .adv_w = 232, .box_w = 12, .box_h = 12, .ofs_x = 1, .ofs_y = 0},
    {.bitmap_index = 14475, .adv_w = 186, .box_w = 10, .box_h = 13, .ofs_x = 1, .ofs_y = -4},
    {.bitmap_index = 14511, .adv_w = 155, .box_w = 9, .box_h = 13, .ofs_x = 0, .ofs_y = -4},
    {.bitmap_index = 14567, .adv_w = 162, .box_w = 10, .box_h = 12, .ofs_x = 0, .ofs_y = 0},
    {.bitmap_index = 14614, .adv_w = 162, .box_w = 10, .box_h = 12, .ofs_x = 0, .ofs_y = 0},
    {.bitmap_index = 14666, .adv_w = 162, .box_w = 10, .box_h = 12, .ofs_x = 0, .ofs_y = 0},
    {.bitmap_index = 14720, .adv_w = 170, .box_w = 9, .box_h = 15, .ofs_x = 1, .ofs_y = 0},
    {.bitmap_index = 14766, .adv_w = 170, .box_w = 9, .box_h = 15, .ofs_x = 1, .ofs_y = 0},
    {.bitmap_index = 14812, .adv_w = 213, .box_w = 13, .box_h = 12, .ofs_x = 0, .ofs_y = 0},
    {.bitmap_index = 14864, .adv_w = 148, .box_w = 9, .box_h = 15, .ofs_x = 1, .ofs_y = 0},
    {.bitmap_index = 14891, .adv_w = 181, .box_w = 11, .box_h = 12, .ofs_x = 0, .ofs_y = 0},
    {.bitmap_index = 14949, .adv_w = 163, .box_w = 10, .box_h = 12, .ofs_x = 0, .ofs_y = 0},
    {.bitmap_index = 15005, .adv_w = 81, .box_w = 3, .box_h = 12, .ofs_x = 1, .ofs_y = 0},
    {.bitmap_index = 15010, .adv_w = 79, .box_w = 5, .box_h = 15, .ofs_x = 0, .ofs_y = 0},
    {.bitmap_index = 15023, .adv_w = 138, .box_w = 8, .box_h = 12, .ofs_x = 0, .ofs_y = 0},
    {.bitmap_index = 15049, .adv_w = 304, .box_w = 19, .box_h = 12, .ofs_x = 0, .ofs_y = 0},
    {.bitmap_index = 15127, .adv_w = 302, .box_w = 18, .box_h = 12, .ofs_x = 1, .ofs_y = 0},
    {.bitmap_index = 15186, .adv_w = 216, .box_w = 13, .box_h = 12, .ofs_x = 0, .ofs_y = 0},
    {.bitmap_index = 15230, .adv_w = 182, .box_w = 11, .box_h = 15, .ofs_x = 1, .ofs_y = 0},
    {.bitmap_index = 15290, .adv_w = 211, .box_w = 11, .box_h = 15, .ofs_x = 1, .ofs_y = 0},
    {.bitmap_index = 15345, .adv_w = 177, .box_w = 11, .box_h = 15, .ofs_x = 0, .ofs_y = 0},
    {.bitmap_index = 15413, .adv_w = 207, .box_w = 11, .box_h = 15, .ofs_x = 1, .ofs_y = -3},
    {.bitmap_index = 15443, .adv_w = 194, .box_w = 12, .box_h = 12, .ofs_x = 0, .ofs_y = 0},
    {.bitmap_index = 15501, .adv_w = 187, .box_w = 10, .box_h = 12, .ofs_x = 1, .ofs_y = 0},
    {.bitmap_index = 15547, .adv_w = 191, .box_w = 11, .box_h = 12, .ofs_x = 1, .ofs_y = 0},
    {.bitmap_index = 15599, .adv_w = 148, .box_w = 9, .box_h = 12, .ofs_x = 1, .ofs_y = 0},
    {.bitmap_index = 15614, .adv_w = 206, .box_w = 13, .box_h = 15, .ofs_x = 0, .ofs_y = -3},
    {.bitmap_index = 15674, .adv_w = 170, .box_w = 9, .box_h = 12, .ofs_x = 1, .ofs_y = 0},
    {.bitmap_index = 15707, .adv_w = 263, .box_w = 17, .box_h = 12, .ofs_x = 0, .ofs_y = 0},
    {.bitmap_index = 15789, .adv_w = 164, .box_w = 10, .box_h = 12, .ofs_x = 0, .ofs_y = 0},
    {.bitmap_index = 15845, .adv_w = 211, .box_w = 11, .box_h = 12, .ofs_x = 1, .ofs_y = 0},
    {.bitmap_index = 15888, .adv_w = 211, .box_w = 11, .box_h = 15, .ofs_x = 1, .ofs_y = 0},
    {.bitmap_index = 15945, .adv_w = 182, .box_w = 11, .box_h = 12, .ofs_x = 1, .ofs_y = 0},
    {.bitmap_index = 15992, .adv_w = 202, .box_w = 11, .box_h = 12, .ofs_x = 0, .ofs_y = 0},
    {.bitmap_index = 16034, .adv_w = 247, .box_w = 13, .box_h = 12, .ofs_x = 1, .ofs_y = 0},
    {.bitmap_index = 16092, .adv_w = 210, .box_w = 11, .box_h = 12, .ofs_x = 1, .ofs_y = 0},
    {.bitmap_index = 16117, .adv_w = 217, .box_w = 13, .box_h = 12, .ofs_x = 0, .ofs_y = 0},
    {.bitmap_index = 16184, .adv_w = 210, .box_w = 11, .box_h = 12, .ofs_x = 1, .ofs_y = 0},
    {.bitmap_index = 16201, .adv_w = 183, .box_w = 10, .box_h = 12, .ofs_x = 1, .ofs_y = 0},
    {.bitmap_index = 16245, .adv_w = 184, .box_w = 12, .box_h = 12, .ofs_x = 0, .ofs_y = 0},
    {.bitmap_index = 16301, .adv_w = 154, .box_w = 10, .box_h = 12, .ofs_x = 0, .ofs_y = 0},
    {.bitmap_index = 16320, .adv_w = 177, .box_w = 11, .box_h = 12, .ofs_x = 0, .ofs_y = 0},
    {.bitmap_index = 16374, .adv_w = 237, .box_w = 15, .box_h = 13, .ofs_x = 0, .ofs_y = 0},
    {.bitmap_index = 16453, .adv_w = 171, .box_w = 11, .box_h = 12, .ofs_x = 0, .ofs_y = 0},
    {.bitmap_index = 16512, .adv_w = 212, .box_w = 12, .box_h = 15, .ofs_x = 1, .ofs_y = -3},
    {.bitmap_index = 16539, .adv_w = 188, .box_w = 11, .box_h = 12, .ofs_x = 0, .ofs_y = 0},
    {.bitmap_index = 16574, .adv_w = 280, .box_w = 15, .box_h = 12, .ofs_x = 1, .ofs_y = 0},
    {.bitmap_index = 16598, .adv_w = 287, .box_w = 17, .box_h = 15, .ofs_x = 1, .ofs_y = -3},
    {.bitmap_index = 16635, .adv_w = 212, .box_w = 13, .box_h = 12, .ofs_x = 0, .ofs_y = 0},
    {.bitmap_index = 16688, .adv_w = 254, .box_w = 14, .box_h = 12, .ofs_x = 1, .ofs_y = 0},
    {.bitmap_index = 16738, .adv_w = 183, .box_w = 10, .box_h = 12, .ofs_x = 1, .ofs_y = 0},
    {.bitmap_index = 16778, .adv_w = 181, .box_w = 11, .box_h = 12, .ofs_x = 0, .ofs_y = 0},
    {.bitmap_index = 16835, .adv_w = 281, .box_w = 16, .box_h = 12, .ofs_x = 1, .ofs_y = 0},
    {.bitmap_index = 16913, .adv_w = 187, .box_w = 10, .box_h = 12, .ofs_x = 0, .ofs_y = 0},
    {.bitmap_index = 16962, .adv_w = 151, .box_w = 9, .box_h = 9, .ofs_x = 0, .ofs_y = 0},
    {.bitmap_index = 17003, .adv_w = 169, .box_w = 10, .box_h = 14, .ofs_x = 0, .ofs_y = 0},
    {.bitmap_index = 17068, .adv_w = 157, .box_w = 8, .box_h = 9, .ofs_x = 1, .ofs_y = 0},
    {.bitmap_index = 17103, .adv_w = 125, .box_w = 7, .box_h = 9, .ofs_x = 1, .ofs_y = 0},
    {.bitmap_index = 17115, .adv_w = 170, .box_w = 11, .box_h = 12, .ofs_x = 0, .ofs_y = -3},
    {.bitmap_index = 17161, .adv_w = 161, .box_w = 10, .box_h = 9, .ofs_x = 0, .ofs_y = 0},
    {.bitmap_index = 17203, .adv_w = 217, .box_w = 14, .box_h = 9, .ofs_x = 0, .ofs_y = 0},
    {.bitmap_index = 17259, .adv_w = 139, .box_w = 8, .box_h = 9, .ofs_x = 0, .ofs_y = 0},
    {.bitmap_index = 17295, .adv_w = 178, .box_w = 9, .box_h = 9, .ofs_x = 1, .ofs_y = 0},
    {.bitmap_index = 17324, .adv_w = 178, .box_w = 9, .box_h = 13, .ofs_x = 1, .ofs_y = 0},
    {.bitmap_index = 17370, .adv_w = 153, .box_w = 9, .box_h = 9, .ofs_x = 1, .ofs_y = 0},
    {.bitmap_index = 17403, .adv_w = 164, .box_w = 9, .box_h = 9, .ofs_x = 0, .ofs_y = 0},
    {.bitmap_index = 17433, .adv_w = 204, .box_w = 11, .box_h = 9, .ofs_x = 1, .ofs_y = 0},
    {.bitmap_index = 17472, .adv_w = 174, .box_w = 9, .box_h = 9, .ofs_x = 1, .ofs_y = 0},
    {.bitmap_index = 17493, .adv_w = 164, .box_w = 10, .box_h = 9, .ofs_x = 0, .ofs_y = 0},
    {.bitmap_index = 17537, .adv_w = 173, .box_w = 9, .box_h = 9, .ofs_x = 1, .ofs_y = 0},
    {.bitmap_index = 17550, .adv_w = 176, .box_w = 10, .box_h = 12, .ofs_x = 1, .ofs_y = -3},
    {.bitmap_index = 17600, .adv_w = 146, .box_w = 9, .box_h = 9, .ofs_x = 0, .ofs_y = 0},
    {.bitmap_index = 17638, .adv_w = 126, .box_w = 8, .box_h = 9, .ofs_x = 0, .ofs_y = 0},
    {.bitmap_index = 17651, .adv_w = 146, .box_w = 11, .box_h = 12, .ofs_x = -1, .ofs_y = -3},
    {.bitmap_index = 17705, .adv_w = 206, .box_w = 13, .box_h = 16, .ofs_x = 0, .ofs_y = -3},
    {.bitmap_index = 17772, .adv_w = 138, .box_w = 9, .box_h = 9, .ofs_x = 0, .ofs_y = 0},
    {.bitmap_index = 17810, .adv_w = 177, .box_w = 10, .box_h = 12, .ofs_x = 1, .ofs_y = -3},
    {.bitmap_index = 17832, .adv_w = 156, .box_w = 9, .box_h = 9, .ofs_x = 0, .ofs_y = 0},
    {.bitmap_index = 17861, .adv_w = 241, .box_w = 13, .box_h = 9, .ofs_x = 1, .ofs_y = 0},
    {.bitmap_index = 17883, .adv_w = 241, .box_w = 14, .box_h = 11, .ofs_x = 1, .ofs_y = -2},
    {.bitmap_index = 17914, .adv_w = 164, .box_w = 10, .box_h = 9, .ofs_x = 0, .ofs_y = 0},
    {.bitmap_index = 17947, .adv_w = 207, .box_w = 11, .box_h = 9, .ofs_x = 1, .ofs_y = 0},
    {.bitmap_index = 17979, .adv_w = 147, .box_w = 8, .box_h = 9, .ofs_x = 1, .ofs_y = 0},
    {.bitmap_index = 18005, .adv_w = 147, .box_w = 9, .box_h = 9, .ofs_x = 0, .ofs_y = 0},
    {.bitmap_index = 18045, .adv_w = 224, .box_w = 13, .box_h = 9, .ofs_x = 1, .ofs_y = 0},
    {.bitmap_index = 18098, .adv_w = 157, .box_w = 9, .box_h = 9, .ofs_x = 0, .ofs_y = 0},
    {.bitmap_index = 18134, .adv_w = 161, .box_w = 10, .box_h = 13, .ofs_x = 0, .ofs_y = 0},
    {.bitmap_index = 18189, .adv_w = 161, .box_w = 10, .box_h = 12, .ofs_x = 0, .ofs_y = 0},
    {.bitmap_index = 18244, .adv_w = 173, .box_w = 11, .box_h = 16, .ofs_x = -1, .ofs_y = -3},
    {.bitmap_index = 18296, .adv_w = 125, .box_w = 7, .box_h = 13, .ofs_x = 1, .ofs_y = 0},
    {.bitmap_index = 18321, .adv_w = 148, .box_w = 9, .box_h = 9, .ofs_x = 0, .ofs_y = 0},
    {.bitmap_index = 18362, .adv_w = 137, .box_w = 8, .box_h = 9, .ofs_x = 0, .ofs_y = 0},
    {.bitmap_index = 18399, .adv_w = 72, .box_w = 3, .box_h = 13, .ofs_x = 1, .ofs_y = 0},
    {.bitmap_index = 18409, .adv_w = 71, .box_w = 5, .box_h = 12, .ofs_x = 0, .ofs_y = 0},
    {.bitmap_index = 18422, .adv_w = 73, .box_w = 6, .box_h = 17, .ofs_x = -2, .ofs_y = -3},
    {.bitmap_index = 18444, .adv_w = 239, .box_w = 15, .box_h = 9, .ofs_x = 0, .ofs_y = 0},
    {.bitmap_index = 18494, .adv_w = 244, .box_w = 14, .box_h = 9, .ofs_x = 1, .ofs_y = 0},
    {.bitmap_index = 18537, .adv_w = 173, .box_w = 11, .box_h = 13, .ofs_x = -1, .ofs_y = 0},
    {.bitmap_index = 18579, .adv_w = 153, .box_w = 9, .box_h = 13, .ofs_x = 1, .ofs_y = 0},
    {.bitmap_index = 18625, .adv_w = 178, .box_w = 9, .box_h = 13, .ofs_x = 1, .ofs_y = 0},
    {.bitmap_index = 18668, .adv_w = 146, .box_w = 11, .box_h = 16, .ofs_x = -1, .ofs_y = -3},
    {.bitmap_index = 18739, .adv_w = 165, .box_w = 8, .box_h = 11, .ofs_x = 1, .ofs_y = -2},
    {.bitmap_index = 18757, .adv_w = 208, .box_w = 13, .box_h = 13, .ofs_x = 0, .ofs_y = 0},
    {.bitmap_index = 18819, .adv_w = 157, .box_w = 10, .box_h = 13, .ofs_x = 0, .ofs_y = 0},
    {.bitmap_index = 18868, .adv_w = 230, .box_w = 15, .box_h = 12, .ofs_x = 0, .ofs_y = 0},
    {.bitmap_index = 18940, .adv_w = 180, .box_w = 12, .box_h = 9, .ofs_x = 0, .ofs_y = 0},
    {.bitmap_index = 18987, .adv_w = 217, .box_w = 13, .box_h = 12, .ofs_x = 0, .ofs_y = 0},
    {.bitmap_index = 19055, .adv_w = 166, .box_w = 10, .box_h = 9, .ofs_x = 0, .ofs_y = 0},
    {.bitmap_index = 19098, .adv_w = 195, .box_w = 12, .box_h = 13, .ofs_x = 0, .ofs_y = 0},
    {.bitmap_index = 19159, .adv_w = 153, .box_w = 10, .box_h = 9, .ofs_x = 0, .ofs_y = 0},
    {.bitmap_index = 19198, .adv_w = 218, .box_w = 13, .box_h = 18, .ofs_x = 1, .ofs_y = -3},
    {.bitmap_index = 19274, .adv_w = 183, .box_w = 10, .box_h = 15, .ofs_x = 1, .ofs_y = -2},
    {.bitmap_index = 19331, .adv_w = 189, .box_w = 12, .box_h = 13, .ofs_x = 0, .ofs_y = 0},
    {.bitmap_index = 19387, .adv_w = 155, .box_w = 10, .box_h = 9, .ofs_x = 0, .ofs_y = 0},
    {.bitmap_index = 19427, .adv_w = 188, .box_w = 10, .box_h = 12, .ofs_x = 1, .ofs_y = 0},
    {.bitmap_index = 19478, .adv_w = 179, .box_w = 10, .box_h = 12, .ofs_x = 1, .ofs_y = -3},
    {.bitmap_index = 19531, .adv_w = 149, .box_w = 9, .box_h = 14, .ofs_x = 1, .ofs_y = 0},
    {.bitmap_index = 19551, .adv_w = 119, .box_w = 7, .box_h = 11, .ofs_x = 1, .ofs_y = 0},
    {.bitmap_index = 19569, .adv_w = 158, .box_w = 10, .box_h = 12, .ofs_x = 0, .ofs_y = 0},
    {.bitmap_index = 19600, .adv_w = 132, .box_w = 8, .box_h = 9, .ofs_x = 0, .ofs_y = 0},
    {.bitmap_index = 19626, .adv_w = 180, .box_w = 10, .box_h = 15, .ofs_x = 1, .ofs_y = -3},
    {.bitmap_index = 19681, .adv_w = 154, .box_w = 9, .box_h = 12, .ofs_x = 1, .ofs_y = -3},
    {.bitmap_index = 19723, .adv_w = 273, .box_w = 17, .box_h = 15, .ofs_x = 0, .ofs_y = -3},
    {.bitmap_index = 19816, .adv_w = 226, .box_w = 15, .box_h = 11, .ofs_x = 0, .ofs_y = -2},
    {.bitmap_index = 19884, .adv_w = 164, .box_w = 10, .box_h = 15, .ofs_x = 0, .ofs_y = -3},
    {.bitmap_index = 19950, .adv_w = 139, .box_w = 8, .box_h = 11, .ofs_x = 0, .ofs_y = -2},
    {.bitmap_index = 19992, .adv_w = 193, .box_w = 11, .box_h = 15, .ofs_x = 1, .ofs_y = -3},
    {.bitmap_index = 20048, .adv_w = 153, .box_w = 10, .box_h = 11, .ofs_x = 1, .ofs_y = -2},
    {.bitmap_index = 20089, .adv_w = 189, .box_w = 11, .box_h = 12, .ofs_x = 1, .ofs_y = 0},
    {.bitmap_index = 20141, .adv_w = 157, .box_w = 9, .box_h = 9, .ofs_x = 1, .ofs_y = 0},
    {.bitmap_index = 20177, .adv_w = 188, .box_w = 12, .box_h = 12, .ofs_x = 0, .ofs_y = 0},
    {.bitmap_index = 20233, .adv_w = 153, .box_w = 10, .box_h = 13, .ofs_x = 0, .ofs_y = 0},
    {.bitmap_index = 20283, .adv_w = 212, .box_w = 13, .box_h = 12, .ofs_x = 0, .ofs_y = 0},
    {.bitmap_index = 20337, .adv_w = 172, .box_w = 11, .box_h = 9, .ofs_x = 0, .ofs_y = 0},
    {.bitmap_index = 20376, .adv_w = 217, .box_w = 13, .box_h = 15, .ofs_x = 1, .ofs_y = -3},
    {.bitmap_index = 20418, .adv_w = 180, .box_w = 10, .box_h = 11, .ofs_x = 1, .ofs_y = -2},
    {.bitmap_index = 20450, .adv_w = 278, .box_w = 17, .box_h = 12, .ofs_x = 1, .ofs_y = 0},
    {.bitmap_index = 20488, .adv_w = 227, .box_w = 14, .box_h = 9, .ofs_x = 1, .ofs_y = 0},
    {.bitmap_index = 20519, .adv_w = 306, .box_w = 18, .box_h = 15, .ofs_x = 1, .ofs_y = -3},
    {.bitmap_index = 20589, .adv_w = 250, .box_w = 15, .box_h = 12, .ofs_x = 1, .ofs_y = -3},
    {.bitmap_index = 20641, .adv_w = 249, .box_w = 15, .box_h = 12, .ofs_x = 0, .ofs_y = 0},
    {.bitmap_index = 20728, .adv_w = 206, .box_w = 12, .box_h = 9, .ofs_x = 0, .ofs_y = 0},
    {.bitmap_index = 20781, .adv_w = 184, .box_w = 12, .box_h = 15, .ofs_x = 0, .ofs_y = -3},
    {.bitmap_index = 20848, .adv_w = 146, .box_w = 9, .box_h = 11, .ofs_x = 0, .ofs_y = -2},
    {.bitmap_index = 20892, .adv_w = 154, .box_w = 10, .box_h = 15, .ofs_x = 0, .ofs_y = -3},
    {.bitmap_index = 20920, .adv_w = 126, .box_w = 8, .box_h = 11, .ofs_x = 0, .ofs_y = -2},
    {.bitmap_index = 20942, .adv_w = 171, .box_w = 11, .box_h = 12, .ofs_x = 0, .ofs_y = 0},
    {.bitmap_index = 20986, .adv_w = 147, .box_w = 10, .box_h = 12, .ofs_x = 0, .ofs_y = -3},
    {.bitmap_index = 21031, .adv_w = 166, .box_w = 12, .box_h = 12, .ofs_x = -1, .ofs_y = 0},
    {.bitmap_index = 21086, .adv_w = 147, .box_w = 10, .box_h = 12, .ofs_x = 0, .ofs_y = -3},
    {.bitmap_index = 21140, .adv_w = 180, .box_w = 12, .box_h = 15, .ofs_x = 0, .ofs_y = -3},
    {.bitmap_index = 21210, .adv_w = 138, .box_w = 10, .box_h = 11, .ofs_x = 0, .ofs_y = -2},
    {.bitmap_index = 21258, .adv_w = 249, .box_w = 16, .box_h = 15, .ofs_x = 0, .ofs_y = -3},
    {.bitmap_index = 21300, .adv_w = 197, .box_w = 12, .box_h = 11, .ofs_x = 0, .ofs_y = -2},
    {.bitmap_index = 21333, .adv_w = 195, .box_w = 12, .box_h = 15, .ofs_x = 0, .ofs_y = -3},
    {.bitmap_index = 21383, .adv_w = 162, .box_w = 10, .box_h = 11, .ofs_x = 0, .ofs_y = -2},
    {.bitmap_index = 21421, .adv_w = 188, .box_w = 11, .box_h = 12, .ofs_x = 0, .ofs_y = 0},
    {.bitmap_index = 21460, .adv_w = 156, .box_w = 9, .box_h = 9, .ofs_x = 0, .ofs_y = 0},
    {.bitmap_index = 21491, .adv_w = 188, .box_w = 10, .box_h = 12, .ofs_x = 1, .ofs_y = 0},
    {.bitmap_index = 21521, .adv_w = 173, .box_w = 9, .box_h = 13, .ofs_x = 1, .ofs_y = 0},
    {.bitmap_index = 21552, .adv_w = 253, .box_w = 16, .box_h = 12, .ofs_x = 0, .ofs_y = 0},
    {.bitmap_index = 21629, .adv_w = 197, .box_w = 12, .box_h = 9, .ofs_x = 0, .ofs_y = 0},
    {.bitmap_index = 21679, .adv_w = 253, .box_w = 16, .box_h = 15, .ofs_x = 0, .ofs_y = -3},
    {.bitmap_index = 21766, .adv_w = 197, .box_w = 12, .box_h = 11, .ofs_x = 0, .ofs_y = -2},
    {.bitmap_index = 21824, .adv_w = 81, .box_w = 3, .box_h = 12, .ofs_x = 1, .ofs_y = 0},
    {.bitmap_index = 21829, .adv_w = 263, .box_w = 17, .box_h = 15, .ofs_x = 0, .ofs_y = 0},
    {.bitmap_index = 21928, .adv_w = 217, .box_w = 14, .box_h = 13, .ofs_x = 0, .ofs_y = 0},
    {.bitmap_index = 22004, .adv_w = 183, .box_w = 11, .box_h = 15, .ofs_x = 1, .ofs_y = -3},
    {.bitmap_index = 22064, .adv_w = 153, .box_w = 9, .box_h = 12, .ofs_x = 1, .ofs_y = -3},
    {.bitmap_index = 22109, .adv_w = 170, .box_w = 11, .box_h = 11, .ofs_x = 0, .ofs_y = -2},
    {.bitmap_index = 22152, .adv_w = 209, .box_w = 11, .box_h = 15, .ofs_x = 1, .ofs_y = -3},
    {.bitmap_index = 22190, .adv_w = 176, .box_w = 9, .box_h = 12, .ofs_x = 1, .ofs_y = -3},
    {.bitmap_index = 22224, .adv_w = 217, .box_w = 13, .box_h = 15, .ofs_x = 1, .ofs_y = -3},
    {.bitmap_index = 22264, .adv_w = 180, .box_w = 10, .box_h = 11, .ofs_x = 1, .ofs_y = -2},
    {.bitmap_index = 22296, .adv_w = 187, .box_w = 10, .box_h = 15, .ofs_x = 0, .ofs_y = -3},
    {.bitmap_index = 22345, .adv_w = 155, .box_w = 9, .box_h = 11, .ofs_x = 0, .ofs_y = -2},
    {.bitmap_index = 22381, .adv_w = 256, .box_w = 15, .box_h = 15, .ofs_x = 1, .ofs_y = -3},
    {.bitmap_index = 22457, .adv_w = 212, .box_w = 12, .box_h = 11, .ofs_x = 1, .ofs_y = -2},
    {.bitmap_index = 22509, .adv_w = 72, .box_w = 3, .box_h = 13, .ofs_x = 1, .ofs_y = 0},
    {.bitmap_index = 22515, .adv_w = 194, .box_w = 12, .box_h = 15, .ofs_x = 0, .ofs_y = 0},
    {.bitmap_index = 22587, .adv_w = 151, .box_w = 9, .box_h = 13, .ofs_x = 0, .ofs_y = 0},
    {.bitmap_index = 22644, .adv_w = 194, .box_w = 12, .box_h = 15, .ofs_x = 0, .ofs_y = 0},
    {.bitmap_index = 22716, .adv_w = 151, .box_w = 9, .box_h = 12, .ofs_x = 0, .ofs_y = 0},
    {.bitmap_index = 22769, .adv_w = 268, .box_w = 16, .box_h = 12, .ofs_x = 0, .ofs_y = 0},
    {.bitmap_index = 22839, .adv_w = 255, .box_w = 16, .box_h = 9, .ofs_x = 0, .ofs_y = 0},
    {.bitmap_index = 22908, .adv_w = 170, .box_w = 9, .box_h = 15, .ofs_x = 1, .ofs_y = 0},
    {.bitmap_index = 22955, .adv_w = 161, .box_w = 10, .box_h = 13, .ofs_x = 0, .ofs_y = 0},
    {.bitmap_index = 23015, .adv_w = 211, .box_w = 13, .box_h = 12, .ofs_x = 0, .ofs_y = 0},
    {.bitmap_index = 23080, .adv_w = 161, .box_w = 10, .box_h = 9, .ofs_x = 0, .ofs_y = 0},
    {.bitmap_index = 23123, .adv_w = 211, .box_w = 13, .box_h = 15, .ofs_x = 0, .ofs_y = 0},
    {.bitmap_index = 23201, .adv_w = 161, .box_w = 10, .box_h = 12, .ofs_x = 0, .ofs_y = 0},
    {.bitmap_index = 23256, .adv_w = 263, .box_w = 17, .box_h = 15, .ofs_x = 0, .ofs_y = 0},
    {.bitmap_index = 23355, .adv_w = 217, .box_w = 14, .box_h = 12, .ofs_x = 0, .ofs_y = 0},
    {.bitmap_index = 23426, .adv_w = 164, .box_w = 10, .box_h = 15, .ofs_x = 0, .ofs_y = 0},
    {.bitmap_index = 23495, .adv_w = 139, .box_w = 8, .box_h = 12, .ofs_x = 0, .ofs_y = 0},
    {.bitmap_index = 23543, .adv_w = 159, .box_w = 10, .box_h = 12, .ofs_x = 0, .ofs_y = 0},
    {.bitmap_index = 23592, .adv_w = 135, .box_w = 9, .box_h = 12, .ofs_x = -1, .ofs_y = -3},
    {.bitmap_index = 23638, .adv_w = 211, .box_w = 11, .box_h = 14, .ofs_x = 1, .ofs_y = 0},
    {.bitmap_index = 23688, .adv_w = 178, .box_w = 9, .box_h = 12, .ofs_x = 1, .ofs_y = 0},
    {.bitmap_index = 23726, .adv_w = 211, .box_w = 11, .box_h = 15, .ofs_x = 1, .ofs_y = 0},
    {.bitmap_index = 23782, .adv_w = 178, .box_w = 9, .box_h = 12, .ofs_x = 1, .ofs_y = 0},
    {.bitmap_index = 23824, .adv_w = 217, .box_w = 13, .box_h = 15, .ofs_x = 0, .ofs_y = 0},
    {.bitmap_index = 23904, .adv_w = 164, .box_w = 10, .box_h = 12, .ofs_x = 0, .ofs_y = 0},
    {.bitmap_index = 23961, .adv_w = 217, .box_w = 13, .box_h = 12, .ofs_x = 0, .ofs_y = 0},
    {.bitmap_index = 24029, .adv_w = 166, .box_w = 10, .box_h = 9, .ofs_x = 0, .ofs_y = 0},
    {.bitmap_index = 24072, .adv_w = 217, .box_w = 13, .box_h = 15, .ofs_x = 0, .ofs_y = 0},
    {.bitmap_index = 24153, .adv_w = 166, .box_w = 10, .box_h = 12, .ofs_x = 0, .ofs_y = 0},
    {.bitmap_index = 24208, .adv_w = 181, .box_w = 11, .box_h = 15, .ofs_x = 0, .ofs_y = 0},
    {.bitmap_index = 24279, .adv_w = 147, .box_w = 9, .box_h = 12, .ofs_x = 0, .ofs_y = 0},
    {.bitmap_index = 24331, .adv_w = 177, .box_w = 11, .box_h = 15, .ofs_x = 0, .ofs_y = 0},
    {.bitmap_index = 24396, .adv_w = 146, .box_w = 11, .box_h = 15, .ofs_x = -1, .ofs_y = -3},
    {.bitmap_index = 24459, .adv_w = 177, .box_w = 11, .box_h = 15, .ofs_x = 0, .ofs_y = 0},
    {.bitmap_index = 24527, .adv_w = 146, .box_w = 11, .box_h = 15, .ofs_x = -1, .ofs_y = -3},
    {.bitmap_index = 24594, .adv_w = 177, .box_w = 11, .box_h = 16, .ofs_x = 0, .ofs_y = 0},
    {.bitmap_index = 24666, .adv_w = 146, .box_w = 11, .box_h = 16, .ofs_x = -1, .ofs_y = -3},
    {.bitmap_index = 24738, .adv_w = 188, .box_w = 11, .box_h = 15, .ofs_x = 0, .ofs_y = 0},
    {.bitmap_index = 24787, .adv_w = 156, .box_w = 9, .box_h = 12, .ofs_x = 0, .ofs_y = 0},
    {.bitmap_index = 24829, .adv_w = 148, .box_w = 9, .box_h = 15, .ofs_x = 1, .ofs_y = -3},
    {.bitmap_index = 24856, .adv_w = 125, .box_w = 7, .box_h = 11, .ofs_x = 1, .ofs_y = -2},
    {.bitmap_index = 24879, .adv_w = 254, .box_w = 14, .box_h = 15, .ofs_x = 1, .ofs_y = 0},
    {.bitmap_index = 24944, .adv_w = 207, .box_w = 11, .box_h = 12, .ofs_x = 1, .ofs_y = 0},
    {.bitmap_index = 24990, .adv_w = 158, .box_w = 10, .box_h = 15, .ofs_x = 0, .ofs_y = -3},
    {.bitmap_index = 25038, .adv_w = 126, .box_w = 8, .box_h = 12, .ofs_x = 0, .ofs_y = -3},
    {.bitmap_index = 25079, .adv_w = 172, .box_w = 11, .box_h = 15, .ofs_x = 0, .ofs_y = -3},
    {.bitmap_index = 25151, .adv_w = 138, .box_w = 9, .box_h = 12, .ofs_x = 0, .ofs_y = -3},
    {.bitmap_index = 25202, .adv_w = 175, .box_w = 11, .box_h = 12, .ofs_x = 0, .ofs_y = 0},
    {.bitmap_index = 25265, .adv_w = 146, .box_w = 9, .box_h = 9, .ofs_x = 0, .ofs_y = 0},
    {.bitmap_index = 25306, .adv_w = 292, .box_w = 19, .box_h = 5, .ofs_x = 0, .ofs_y = -3},
    {.bitmap_index = 25333, .adv_w = 340, .box_w = 22, .box_h = 5, .ofs_x = 0, .ofs_y = -5},
    {.bitmap_index = 25369, .adv_w = 277, .box_w = 18, .box_h = 5, .ofs_x = 0, .ofs_y = -3},
    {.bitmap_index = 25394, .adv_w = 335, .box_w = 21, .box_h = 5, .ofs_x = 0, .ofs_y = -3},
    {.bitmap_index = 25421, .adv_w = 539, .box_w = 33, .box_h = 10, .ofs_x = 0, .ofs_y = -3},
    {.bitmap_index = 25511, .adv_w = 314, .box_w = 20, .box_h = 4, .ofs_x = 0, .ofs_y = 8},
    {.bitmap_index = 25544, .adv_w = 159, .box_w = 10, .box_h = 13, .ofs_x = 0, .ofs_y = -1},
    {.bitmap_index = 25598, .adv_w = 159, .box_w = 10, .box_h = 13, .ofs_x = 0, .ofs_y = -1},
    {.bitmap_index = 25650, .adv_w = 284, .box_w = 18, .box_h = 12, .ofs_x = 0, .ofs_y = -5},
    {.bitmap_index = 25734, .adv_w = 166, .box_w = 10, .box_h = 12, .ofs_x = 0, .ofs_y = -1},
    {.bitmap_index = 25785, .adv_w = 213, .box_w = 13, .box_h = 12, .ofs_x = 0, .ofs_y = -1},
    {.bitmap_index = 25845, .adv_w = 114, .box_w = 7, .box_h = 15, .ofs_x = 0, .ofs_y = -4},
    {.bitmap_index = 25893, .adv_w = 84, .box_w = 3, .box_h = 4, .ofs_x = 1, .ofs_y = 0},
    {.bitmap_index = 25899, .adv_w = 93, .box_w = 5, .box_h = 7, .ofs_x = 0, .ofs_y = -4},
    {.bitmap_index = 25916, .adv_w = 231, .box_w = 15, .box_h = 7, .ofs_x = 0, .ofs_y = 0},
    {.bitmap_index = 25954, .adv_w = 133, .box_w = 11, .box_h = 16, .ofs_x = -1, .ofs_y = -5},
    {.bitmap_index = 26031, .adv_w = 0, .box_w = 6, .box_h = 5, .ofs_x = 0, .ofs_y = 8},
    {.bitmap_index = 26046, .adv_w = 0, .box_w = 5, .box_h = 5, .ofs_x = 0, .ofs_y = 8},
    {.bitmap_index = 26059, .adv_w = 0, .box_w = 5, .box_h = 5, .ofs_x = 0, .ofs_y = 10},
    {.bitmap_index = 26071, .adv_w = 0, .box_w = 7, .box_h = 5, .ofs_x = 0, .ofs_y = 8},
    {.bitmap_index = 26089, .adv_w = 0, .box_w = 8, .box_h = 2, .ofs_x = 0, .ofs_y = 10},
    {.bitmap_index = 26097, .adv_w = 0, .box_w = 5, .box_h = 5, .ofs_x = 0, .ofs_y = 9},
    {.bitmap_index = 26109, .adv_w = 0, .box_w = 7, .box_h = 6, .ofs_x = 0, .ofs_y = 9},
    {.bitmap_index = 26129, .adv_w = 0, .box_w = 3, .box_h = 5, .ofs_x = 0, .ofs_y = 9},
    {.bitmap_index = 26137, .adv_w = 0, .box_w = 4, .box_h = 2, .ofs_x = 0, .ofs_y = 9},
    {.bitmap_index = 26142, .adv_w = 0, .box_w = 4, .box_h = 4, .ofs_x = 0, .ofs_y = 9},
    {.bitmap_index = 26151, .adv_w = 0, .box_w = 4, .box_h = 3, .ofs_x = 0, .ofs_y = -4},
    {.bitmap_index = 26157, .adv_w = 88, .box_w = 3, .box_h = 8, .ofs_x = 1, .ofs_y = 0},
    {.bitmap_index = 26169, .adv_w = 154, .box_w = 0, .box_h = 0, .ofs_x = 0, .ofs_y = 0},
    {.bitmap_index = 26169, .adv_w = 74, .box_w = 5, .box_h = 4, .ofs_x = 0, .ofs_y = 0},
    {.bitmap_index = 26179, .adv_w = 111, .box_w = 7, .box_h = 11, .ofs_x = 0, .ofs_y = 0},
    {.bitmap_index = 26211, .adv_w = 195, .box_w = 12, .box_h = 15, .ofs_x = 0, .ofs_y = -4},
    {.bitmap_index = 26281, .adv_w = 105, .box_w = 7, .box_h = 8, .ofs_x = 0, .ofs_y = -1},
    {.bitmap_index = 26307, .adv_w = 60, .box_w = 6, .box_h = 13, .ofs_x = -1, .ofs_y = 0},
    {.bitmap_index = 26335, .adv_w = 60, .box_w = 4, .box_h = 15, .ofs_x = 0, .ofs_y = 0},
    {.bitmap_index = 26361, .adv_w = 114, .box_w = 7, .box_h = 15, .ofs_x = 0, .ofs_y = -4},
    {.bitmap_index = 26409, .adv_w = 61, .box_w = 4, .box_h = 16, .ofs_x = 0, .ofs_y = -5},
    {.bitmap_index = 26437, .adv_w = 195, .box_w = 12, .box_h = 12, .ofs_x = 0, .ofs_y = -4},
    {.bitmap_index = 26505, .adv_w = 61, .box_w = 2, .box_h = 12, .ofs_x = 1, .ofs_y = -1},
    {.bitmap_index = 26518, .adv_w = 254, .box_w = 16, .box_h = 10, .ofs_x = 0, .ofs_y = -3},
    {.bitmap_index = 26573, .adv_w = 104, .box_w = 6, .box_h = 11, .ofs_x = 0, .ofs_y = 0},
    {.bitmap_index = 26606, .adv_w = 254, .box_w = 16, .box_h = 9, .ofs_x = 0, .ofs_y = 0},
    {.bitmap_index = 26658, .adv_w = 254, .box_w = 16, .box_h = 10, .ofs_x = 0, .ofs_y = 0},
    {.bitmap_index = 26714, .adv_w = 164, .box_w = 10, .box_h = 14, .ofs_x = 0, .ofs_y = -5},
    {.bitmap_index = 26777, .adv_w = 164, .box_w = 10, .box_h = 14, .ofs_x = 0, .ofs_y = -5},
    {.bitmap_index = 26834, .adv_w = 164, .box_w = 10, .box_h = 16, .ofs_x = 0, .ofs_y = -5},
    {.bitmap_index = 26901, .adv_w = 122, .box_w = 7, .box_h = 8, .ofs_x = 0, .ofs_y = 0},
    {.bitmap_index = 26924, .adv_w = 122, .box_w = 7, .box_h = 11, .ofs_x = 0, .ofs_y = 0},
    {.bitmap_index = 26955, .adv_w = 94, .box_w = 6, .box_h = 10, .ofs_x = -1, .ofs_y = -4},
    {.bitmap_index = 26982, .adv_w = 94, .box_w = 6, .box_h = 13, .ofs_x = -1, .ofs_y = -4},
    {.bitmap_index = 27015, .adv_w = 310, .box_w = 19, .box_h = 11, .ofs_x = 0, .ofs_y = -4},
    {.bitmap_index = 27093, .adv_w = 310, .box_w = 19, .box_h = 15, .ofs_x = 0, .ofs_y = -4},
    {.bitmap_index = 27192, .adv_w = 334, .box_w = 21, .box_h = 11, .ofs_x = 0, .ofs_y = -4},
    {.bitmap_index = 27276, .adv_w = 334, .box_w = 21, .box_h = 14, .ofs_x = 0, .ofs_y = -4},
    {.bitmap_index = 27373, .adv_w = 202, .box_w = 12, .box_h = 11, .ofs_x = 0, .ofs_y = 0},
    {.bitmap_index = 27421, .adv_w = 202, .box_w = 12, .box_h = 11, .ofs_x = 0, .ofs_y = 0},
    {.bitmap_index = 27474, .adv_w = 155, .box_w = 10, .box_h = 15, .ofs_x = 0, .ofs_y = -5},
    {.bitmap_index = 27534, .adv_w = 155, .box_w = 10, .box_h = 17, .ofs_x = 0, .ofs_y = -5},
    {.bitmap_index = 27602, .adv_w = 225, .box_w = 15, .box_h = 14, .ofs_x = 0, .ofs_y = 0},
    {.bitmap_index = 27676, .adv_w = 225, .box_w = 15, .box_h = 16, .ofs_x = 0, .ofs_y = -4},
    {.bitmap_index = 27761, .adv_w = 195, .box_w = 12, .box_h = 12, .ofs_x = 0, .ofs_y = -4},
    {.bitmap_index = 27828, .adv_w = 195, .box_w = 12, .box_h = 12, .ofs_x = 0, .ofs_y = -4},
    {.bitmap_index = 27892, .adv_w = 195, .box_w = 12, .box_h = 12, .ofs_x = 0, .ofs_y = -4},
    {.bitmap_index = 27960, .adv_w = 77, .box_w = 6, .box_h = 2, .ofs_x = 0, .ofs_y = 0},
    {.bitmap_index = 27966, .adv_w = 252, .box_w = 16, .box_h = 11, .ofs_x = 0, .ofs_y = 0},
    {.bitmap_index = 28027, .adv_w = 198, .box_w = 12, .box_h = 14, .ofs_x = 0, .ofs_y = -4},
    {.bitmap_index = 28095, .adv_w = 226, .box_w = 14, .box_h = 11, .ofs_x = 0, .ofs_y = 0},
    {.bitmap_index = 28156, .adv_w = 178, .box_w = 11, .box_h = 16, .ofs_x = 0, .ofs_y = -5},
    {.bitmap_index = 28213, .adv_w = 124, .box_w = 8, .box_h = 12, .ofs_x = 0, .ofs_y = -5},
    {.bitmap_index = 28254, .adv_w = 175, .box_w = 11, .box_h = 13, .ofs_x = 0, .ofs_y = -4},
    {.bitmap_index = 28310, .adv_w = 104, .box_w = 6, .box_h = 8, .ofs_x = 0, .ofs_y = 0},
    {.bitmap_index = 28334, .adv_w = 114, .box_w = 7, .box_h = 10, .ofs_x = 0, .ofs_y = -4},
    {.bitmap_index = 28368, .adv_w = 195, .box_w = 12, .box_h = 12, .ofs_x = 0, .ofs_y = -4},
    {.bitmap_index = 28428, .adv_w = 195, .box_w = 12, .box_h = 14, .ofs_x = 0, .ofs_y = -4},
    {.bitmap_index = 28495, .adv_w = 0, .box_w = 5, .box_h = 5, .ofs_x = 0, .ofs_y = 9},
    {.bitmap_index = 28508, .adv_w = 0, .box_w = 6, .box_h = 4, .ofs_x = 0, .ofs_y = 9},
    {.bitmap_index = 28521, .adv_w = 0, .box_w = 5, .box_h = 5, .ofs_x = 0, .ofs_y = -5},
    {.bitmap_index = 28533, .adv_w = 0, .box_w = 5, .box_h = 3, .ofs_x = 0, .ofs_y = 9},
    {.bitmap_index = 28541, .adv_w = 0, .box_w = 5, .box_h = 4, .ofs_x = 0, .ofs_y = 10},
    {.bitmap_index = 28552, .adv_w = 0, .box_w = 5, .box_h = 3, .ofs_x = 0, .ofs_y = -3},
    {.bitmap_index = 28560, .adv_w = 0, .box_w = 5, .box_h = 4, .ofs_x = 0, .ofs_y = 9},
    {.bitmap_index = 28571, .adv_w = 0, .box_w = 4, .box_h = 3, .ofs_x = 0, .ofs_y = 10},
    {.bitmap_index = 28577, .adv_w = 0, .box_w = 6, .box_h = 2, .ofs_x = 0, .ofs_y = 10},
    {.bitmap_index = 28584, .adv_w = 0, .box_w = 4, .box_h = 4, .ofs_x = 0, .ofs_y = 9},
    {.bitmap_index = 28592, .adv_w = 0, .box_w = 4, .box_h = 4, .ofs_x = 0, .ofs_y = -1},
    {.bitmap_index = 28600, .adv_w = 0, .box_w = 2, .box_h = 3, .ofs_x = 0, .ofs_y = -4},
    {.bitmap_index = 28604, .adv_w = 0, .box_w = 5, .box_h = 5, .ofs_x = 0, .ofs_y = 9},
    {.bitmap_index = 28616, .adv_w = 0, .box_w = 4, .box_h = 3, .ofs_x = 0, .ofs_y = 9},
    {.bitmap_index = 28623, .adv_w = 0, .box_w = 5, .box_h = 1, .ofs_x = 0, .ofs_y = 10},
    {.bitmap_index = 28626, .adv_w = 0, .box_w = 4, .box_h = 4, .ofs_x = 0, .ofs_y = 9},
    {.bitmap_index = 28634, .adv_w = 0, .box_w = 4, .box_h = 5, .ofs_x = 0, .ofs_y = 8},
    {.bitmap_index = 28644, .adv_w = 0, .box_w = 3, .box_h = 3, .ofs_x = 0, .ofs_y = -4},
    {.bitmap_index = 28649, .adv_w = 0, .box_w = 5, .box_h = 4, .ofs_x = 0, .ofs_y = 9},
    {.bitmap_index = 28660, .adv_w = 0, .box_w = 5, .box_h = 6, .ofs_x = 0, .ofs_y = 9},
    {.bitmap_index = 28674, .adv_w = 0, .box_w = 5, .box_h = 5, .ofs_x = 0, .ofs_y = -6},
    {.bitmap_index = 28687, .adv_w = 76, .box_w = 3, .box_h = 3, .ofs_x = 1, .ofs_y = 3},
    {.bitmap_index = 28692, .adv_w = 72, .box_w = 4, .box_h = 12, .ofs_x = 0, .ofs_y = -1},
    {.bitmap_index = 28717, .adv_w = 125, .box_w = 8, .box_h = 12, .ofs_x = 0, .ofs_y = 0},
    {.bitmap_index = 28756, .adv_w = 149, .box_w = 9, .box_h = 12, .ofs_x = 0, .ofs_y = -1},
    {.bitmap_index = 28801, .adv_w = 122, .box_w = 8, .box_h = 11, .ofs_x = 0, .ofs_y = 0},
    {.bitmap_index = 28839, .adv_w = 136, .box_w = 7, .box_h = 9, .ofs_x = 1, .ofs_y = 0},
    {.bitmap_index = 28869, .adv_w = 129, .box_w = 8, .box_h = 12, .ofs_x = 0, .ofs_y = -1},
    {.bitmap_index = 28907, .adv_w = 148, .box_w = 9, .box_h = 13, .ofs_x = 0, .ofs_y = -1},
    {.bitmap_index = 28956, .adv_w = 147, .box_w = 9, .box_h = 12, .ofs_x = 0, .ofs_y = -1},
    {.bitmap_index = 29003, .adv_w = 126, .box_w = 7, .box_h = 12, .ofs_x = 0, .ofs_y = -1},
    {.bitmap_index = 29040, .adv_w = 121, .box_w = 7, .box_h = 12, .ofs_x = 0, .ofs_y = -1},
    {.bitmap_index = 29081, .adv_w = 63, .box_w = 4, .box_h = 5, .ofs_x = 0, .ofs_y = -2},
    {.bitmap_index = 29092, .adv_w = 63, .box_w = 4, .box_h = 5, .ofs_x = 0, .ofs_y = 0},
    {.bitmap_index = 29102, .adv_w = 127, .box_w = 8, .box_h = 8, .ofs_x = 0, .ofs_y = 0},
    {.bitmap_index = 29131, .adv_w = 254, .box_w = 16, .box_h = 7, .ofs_x = 0, .ofs_y = 0},
    {.bitmap_index = 29171, .adv_w = 198, .box_w = 12, .box_h = 11, .ofs_x = 0, .ofs_y = -4},
    {.bitmap_index = 29227, .adv_w = 0, .box_w = 2, .box_h = 3, .ofs_x = 0, .ofs_y = 10},
    {.bitmap_index = 29231, .adv_w = 60, .box_w = 6, .box_h = 15, .ofs_x = -1, .ofs_y = 0},
    {.bitmap_index = 29265, .adv_w = 60, .box_w = 6, .box_h = 15, .ofs_x = -2, .ofs_y = 0},
    {.bitmap_index = 29299, .adv_w = 61, .box_w = 5, .box_h = 17, .ofs_x = -1, .ofs_y = -6},
    {.bitmap_index = 29334, .adv_w = 50, .box_w = 4, .box_h = 4, .ofs_x = 0, .ofs_y = 9},
    {.bitmap_index = 29343, .adv_w = 103, .box_w = 6, .box_h = 14, .ofs_x = 1, .ofs_y = -1},
    {.bitmap_index = 29375, .adv_w = 114, .box_w = 8, .box_h = 14, .ofs_x = 0, .ofs_y = -4},
    {.bitmap_index = 29428, .adv_w = 153, .box_w = 9, .box_h = 15, .ofs_x = 0, .ofs_y = -4},
    {.bitmap_index = 29492, .adv_w = 218, .box_w = 14, .box_h = 17, .ofs_x = 0, .ofs_y = -4},
    {.bitmap_index = 29577, .adv_w = 254, .box_w = 16, .box_h = 12, .ofs_x = 0, .ofs_y = 0},
    {.bitmap_index = 29641, .adv_w = 254, .box_w = 16, .box_h = 11, .ofs_x = 0, .ofs_y = 0},
    {.bitmap_index = 29699, .adv_w = 254, .box_w = 16, .box_h = 11, .ofs_x = 0, .ofs_y = -4},
    {.bitmap_index = 29758, .adv_w = 254, .box_w = 16, .box_h = 11, .ofs_x = 0, .ofs_y = -2},
    {.bitmap_index = 29823, .adv_w = 254, .box_w = 16, .box_h = 10, .ofs_x = 0, .ofs_y = 0},
    {.bitmap_index = 29879, .adv_w = 254, .box_w = 16, .box_h = 11, .ofs_x = 0, .ofs_y = -4},
    {.bitmap_index = 29940, .adv_w = 254, .box_w = 16, .box_h = 11, .ofs_x = 0, .ofs_y = 0},
    {.bitmap_index = 30002, .adv_w = 254, .box_w = 16, .box_h = 11, .ofs_x = 0, .ofs_y = -4},
    {.bitmap_index = 30064, .adv_w = 164, .box_w = 10, .box_h = 19, .ofs_x = 0, .ofs_y = -5},
    {.bitmap_index = 30139, .adv_w = 164, .box_w = 10, .box_h = 18, .ofs_x = 0, .ofs_y = -5},
    {.bitmap_index = 30211, .adv_w = 169, .box_w = 10, .box_h = 14, .ofs_x = 0, .ofs_y = -5},
    {.bitmap_index = 30274, .adv_w = 164, .box_w = 10, .box_h = 14, .ofs_x = 0, .ofs_y = -5},
    {.bitmap_index = 30339, .adv_w = 164, .box_w = 10, .box_h = 18, .ofs_x = 0, .ofs_y = -5},
    {.bitmap_index = 30413, .adv_w = 169, .box_w = 10, .box_h = 14, .ofs_x = 0, .ofs_y = -5},
    {.bitmap_index = 30479, .adv_w = 169, .box_w = 10, .box_h = 14, .ofs_x = 0, .ofs_y = -5},
    {.bitmap_index = 30545, .adv_w = 122, .box_w = 7, .box_h = 14, .ofs_x = 0, .ofs_y = 0},
    {.bitmap_index = 30587, .adv_w = 122, .box_w = 7, .box_h = 10, .ofs_x = 0, .ofs_y = -2},
    {.bitmap_index = 30617, .adv_w = 122, .box_w = 7, .box_h = 11, .ofs_x = 0, .ofs_y = -3},
    {.bitmap_index = 30650, .adv_w = 122, .box_w = 7, .box_h = 17, .ofs_x = 0, .ofs_y = -3},
    {.bitmap_index = 30702, .adv_w = 122, .box_w = 7, .box_h = 11, .ofs_x = 0, .ofs_y = 0},
    {.bitmap_index = 30736, .adv_w = 122, .box_w = 7, .box_h = 11, .ofs_x = 0, .ofs_y = -3},
    {.bitmap_index = 30770, .adv_w = 122, .box_w = 7, .box_h = 13, .ofs_x = 0, .ofs_y = 0},
    {.bitmap_index = 30809, .adv_w = 122, .box_w = 7, .box_h = 13, .ofs_x = 0, .ofs_y = 0},
    {.bitmap_index = 30848, .adv_w = 122, .box_w = 7, .box_h = 13, .ofs_x = 0, .ofs_y = 0},
    {.bitmap_index = 30889, .adv_w = 94, .box_w = 7, .box_h = 17, .ofs_x = -1, .ofs_y = -4},
    {.bitmap_index = 30936, .adv_w = 94, .box_w = 6, .box_h = 15, .ofs_x = -1, .ofs_y = -4},
    {.bitmap_index = 30977, .adv_w = 94, .box_w = 7, .box_h = 10, .ofs_x = -1, .ofs_y = -5},
    {.bitmap_index = 31007, .adv_w = 94, .box_w = 6, .box_h = 10, .ofs_x = -1, .ofs_y = -4},
    {.bitmap_index = 31033, .adv_w = 94, .box_w = 6, .box_h = 13, .ofs_x = -1, .ofs_y = -7},
    {.bitmap_index = 31069, .adv_w = 94, .box_w = 6, .box_h = 10, .ofs_x = -1, .ofs_y = -4},
    {.bitmap_index = 31097, .adv_w = 94, .box_w = 6, .box_h = 13, .ofs_x = -1, .ofs_y = -4},
    {.bitmap_index = 31132, .adv_w = 94, .box_w = 6, .box_h = 15, .ofs_x = -1, .ofs_y = -4},
    {.bitmap_index = 31172, .adv_w = 94, .box_w = 6, .box_h = 15, .ofs_x = -1, .ofs_y = -4},
    {.bitmap_index = 31214, .adv_w = 310, .box_w = 19, .box_h = 13, .ofs_x = 0, .ofs_y = -4},
    {.bitmap_index = 31308, .adv_w = 310, .box_w = 19, .box_h = 11, .ofs_x = 0, .ofs_y = -4},
    {.bitmap_index = 31392, .adv_w = 310, .box_w = 19, .box_h = 15, .ofs_x = 0, .ofs_y = -4},
    {.bitmap_index = 31497, .adv_w = 334, .box_w = 21, .box_h = 11, .ofs_x = 0, .ofs_y = -4},
    {.bitmap_index = 31587, .adv_w = 334, .box_w = 21, .box_h = 15, .ofs_x = 0, .ofs_y = -4},
    {.bitmap_index = 31691, .adv_w = 202, .box_w = 12, .box_h = 11, .ofs_x = 0, .ofs_y = 0},
    {.bitmap_index = 31747, .adv_w = 155, .box_w = 10, .box_h = 19, .ofs_x = 0, .ofs_y = -5},
    {.bitmap_index = 31823, .adv_w = 252, .box_w = 16, .box_h = 9, .ofs_x = 0, .ofs_y = 0},
    {.bitmap_index = 31873, .adv_w = 252, .box_w = 16, .box_h = 12, .ofs_x = 0, .ofs_y = -3},
    {.bitmap_index = 31937, .adv_w = 252, .box_w = 16, .box_h = 14, .ofs_x = 0, .ofs_y = -3},
    {.bitmap_index = 32013, .adv_w = 252, .box_w = 16, .box_h = 13, .ofs_x = 0, .ofs_y = 0},
    {.bitmap_index = 32086, .adv_w = 252, .box_w = 16, .box_h = 14, .ofs_x = 0, .ofs_y = -5},
    {.bitmap_index = 32162, .adv_w = 252, .box_w = 16, .box_h = 14, .ofs_x = 0, .ofs_y = 0},
    {.bitmap_index = 32242, .adv_w = 198, .box_w = 12, .box_h = 14, .ofs_x = 0, .ofs_y = -4},
    {.bitmap_index = 32307, .adv_w = 198, .box_w = 12, .box_h = 15, .ofs_x = 0, .ofs_y = -4},
    {.bitmap_index = 32380, .adv_w = 225, .box_w = 15, .box_h = 12, .ofs_x = 0, .ofs_y = 0},
    {.bitmap_index = 32445, .adv_w = 261, .box_w = 16, .box_h = 10, .ofs_x = 0, .ofs_y = 0},
    {.bitmap_index = 32496, .adv_w = 225, .box_w = 15, .box_h = 12, .ofs_x = 0, .ofs_y = 0},
    {.bitmap_index = 32562, .adv_w = 226, .box_w = 14, .box_h = 11, .ofs_x = 0, .ofs_y = 0},
    {.bitmap_index = 32627, .adv_w = 226, .box_w = 14, .box_h = 14, .ofs_x = 0, .ofs_y = 0},
    {.bitmap_index = 32704, .adv_w = 226, .box_w = 14, .box_h = 15, .ofs_x = 0, .ofs_y = -4},
    {.bitmap_index = 32785, .adv_w = 225, .box_w = 15, .box_h = 14, .ofs_x = 0, .ofs_y = 0},
    {.bitmap_index = 32862, .adv_w = 225, .box_w = 15, .box_h = 14, .ofs_x = 0, .ofs_y = 0},
    {.bitmap_index = 32940, .adv_w = 225, .box_w = 15, .box_h = 15, .ofs_x = 0, .ofs_y = 0},
    {.bitmap_index = 33022, .adv_w = 225, .box_w = 15, .box_h = 17, .ofs_x = 0, .ofs_y = -3},
    {.bitmap_index = 33114, .adv_w = 225, .box_w = 15, .box_h = 18, .ofs_x = 0, .ofs_y = -4},
    {.bitmap_index = 33208, .adv_w = 225, .box_w = 15, .box_h = 16, .ofs_x = 0, .ofs_y = 0},
    {.bitmap_index = 33295, .adv_w = 178, .box_w = 11, .box_h = 18, .ofs_x = 0, .ofs_y = -5},
    {.bitmap_index = 33364, .adv_w = 178, .box_w = 11, .box_h = 16, .ofs_x = 0, .ofs_y = -5},
    {.bitmap_index = 33427, .adv_w = 178, .box_w = 11, .box_h = 17, .ofs_x = 0, .ofs_y = -5},
    {.bitmap_index = 33496, .adv_w = 178, .box_w = 11, .box_h = 16, .ofs_x = 0, .ofs_y = -5},
    {.bitmap_index = 33558, .adv_w = 175, .box_w = 11, .box_h = 15, .ofs_x = 0, .ofs_y = -4},
    {.bitmap_index = 33621, .adv_w = 175, .box_w = 11, .box_h = 10, .ofs_x = 0, .ofs_y = -4},
    {.bitmap_index = 33667, .adv_w = 175, .box_w = 11, .box_h = 16, .ofs_x = 0, .ofs_y = -4},
    {.bitmap_index = 33734, .adv_w = 175, .box_w = 11, .box_h = 15, .ofs_x = 0, .ofs_y = -4},
    {.bitmap_index = 33796, .adv_w = 175, .box_w = 11, .box_h = 14, .ofs_x = 0, .ofs_y = -4},
    {.bitmap_index = 33857, .adv_w = 172, .box_w = 11, .box_h = 9, .ofs_x = 0, .ofs_y = 0},
    {.bitmap_index = 33895, .adv_w = 169, .box_w = 10, .box_h = 16, .ofs_x = 0, .ofs_y = -5},
    {.bitmap_index = 33969, .adv_w = 104, .box_w = 6, .box_h = 13, .ofs_x = 0, .ofs_y = 0},
    {.bitmap_index = 34008, .adv_w = 104, .box_w = 6, .box_h = 8, .ofs_x = 0, .ofs_y = 0},
    {.bitmap_index = 34032, .adv_w = 104, .box_w = 6, .box_h = 13, .ofs_x = 0, .ofs_y = 0},
    {.bitmap_index = 34071, .adv_w = 104, .box_w = 6, .box_h = 11, .ofs_x = 0, .ofs_y = 0},
    {.bitmap_index = 34104, .adv_w = 114, .box_w = 7, .box_h = 11, .ofs_x = 0, .ofs_y = -4},
    {.bitmap_index = 34141, .adv_w = 114, .box_w = 7, .box_h = 10, .ofs_x = 0, .ofs_y = -4},
    {.bitmap_index = 34174, .adv_w = 114, .box_w = 7, .box_h = 15, .ofs_x = 0, .ofs_y = -4},
    {.bitmap_index = 34223, .adv_w = 114, .box_w = 7, .box_h = 15, .ofs_x = 0, .ofs_y = -4},
    {.bitmap_index = 34272, .adv_w = 114, .box_w = 7, .box_h = 15, .ofs_x = 0, .ofs_y = -4},
    {.bitmap_index = 34316, .adv_w = 114, .box_w = 7, .box_h = 15, .ofs_x = 0, .ofs_y = -4},
    {.bitmap_index = 34364, .adv_w = 114, .box_w = 7, .box_h = 13, .ofs_x = 0, .ofs_y = -4},
    {.bitmap_index = 34407, .adv_w = 114, .box_w = 7, .box_h = 15, .ofs_x = 0, .ofs_y = -4},
    {.bitmap_index = 34455, .adv_w = 195, .box_w = 12, .box_h = 12, .ofs_x = 0, .ofs_y = -4},
    {.bitmap_index = 34515, .adv_w = 229, .box_w = 15, .box_h = 12, .ofs_x = 0, .ofs_y = -4},
    {.bitmap_index = 34582, .adv_w = 195, .box_w = 12, .box_h = 13, .ofs_x = 0, .ofs_y = -4},
    {.bitmap_index = 34652, .adv_w = 114, .box_w = 7, .box_h = 13, .ofs_x = 0, .ofs_y = -4},
    {.bitmap_index = 34693, .adv_w = 195, .box_w = 12, .box_h = 16, .ofs_x = 0, .ofs_y = -5},
    {.bitmap_index = 34763, .adv_w = 195, .box_w = 12, .box_h = 15, .ofs_x = 0, .ofs_y = -4},
    {.bitmap_index = 34834, .adv_w = 241, .box_w = 15, .box_h = 8, .ofs_x = 0, .ofs_y = 0},
    {.bitmap_index = 34876, .adv_w = 241, .box_w = 15, .box_h = 13, .ofs_x = 0, .ofs_y = 0},
    {.bitmap_index = 34941, .adv_w = 77, .box_w = 5, .box_h = 2, .ofs_x = 0, .ofs_y = 0},
    {.bitmap_index = 34946, .adv_w = 104, .box_w = 6, .box_h = 8, .ofs_x = 0, .ofs_y = 0},
    {.bitmap_index = 34970, .adv_w = 0, .box_w = 8, .box_h = 5, .ofs_x = -4, .ofs_y = 12},
    {.bitmap_index = 34988, .adv_w = 0, .box_w = 6, .box_h = 5, .ofs_x = -3, .ofs_y = 12},
    {.bitmap_index = 35003, .adv_w = 0, .box_w = 5, .box_h = 4, .ofs_x = -3, .ofs_y = 13},
    {.bitmap_index = 35013, .adv_w = 0, .box_w = 4, .box_h = 4, .ofs_x = -2, .ofs_y = 13},
    {.bitmap_index = 35021, .adv_w = 0, .box_w = 4, .box_h = 5, .ofs_x = -2, .ofs_y = 12},
    {.bitmap_index = 35032, .adv_w = 0, .box_w = 4, .box_h = 3, .ofs_x = -2, .ofs_y = 14},
    {.bitmap_index = 35038, .adv_w = 0, .box_w = 7, .box_h = 4, .ofs_x = 0, .ofs_y = 9},
    {.bitmap_index = 35052, .adv_w = 351, .box_w = 20, .box_h = 19, .ofs_x = 1, .ofs_y = -4},
    {.bitmap_index = 35183, .adv_w = 256, .box_w = 16, .box_h = 15, .ofs_x = 0, .ofs_y = -3},
    {.bitmap_index = 35283, .adv_w = 0, .box_w = 4, .box_h = 3, .ofs_x = 0, .ofs_y = 9},
    {.bitmap_index = 35289, .adv_w = 0, .box_w = 4, .box_h = 4, .ofs_x = 0, .ofs_y = 9},
    {.bitmap_index = 35298, .adv_w = 0, .box_w = 5, .box_h = 3, .ofs_x = 0, .ofs_y = 10},
    {.bitmap_index = 35306, .adv_w = 0, .box_w = 4, .box_h = 5, .ofs_x = 0, .ofs_y = 8},
    {.bitmap_index = 35317, .adv_w = 0, .box_w = 7, .box_h = 4, .ofs_x = 0, .ofs_y = 9},
    {.bitmap_index = 35331, .adv_w = 0, .box_w = 5, .box_h = 2, .ofs_x = 0, .ofs_y = 10},
    {.bitmap_index = 35336, .adv_w = 46, .box_w = 3, .box_h = 4, .ofs_x = 0, .ofs_y = 0},
    {.bitmap_index = 35342, .adv_w = 90, .box_w = 6, .box_h = 3, .ofs_x = 0, .ofs_y = 0},
    {.bitmap_index = 35351, .adv_w = 0, .box_w = 6, .box_h = 4, .ofs_x = 0, .ofs_y = 10},
    {.bitmap_index = 35362, .adv_w = 0, .box_w = 5, .box_h = 5, .ofs_x = 0, .ofs_y = 9},
    {.bitmap_index = 35375, .adv_w = 156, .box_w = 10, .box_h = 12, .ofs_x = 0, .ofs_y = 0},
    {.bitmap_index = 35422, .adv_w = 0, .box_w = 5, .box_h = 4, .ofs_x = 0, .ofs_y = -5},
    {.bitmap_index = 35433, .adv_w = 0, .box_w = 4, .box_h = 5, .ofs_x = 0, .ofs_y = 9},
    {.bitmap_index = 35443, .adv_w = 0, .box_w = 3, .box_h = 3, .ofs_x = 0, .ofs_y = 10},
    {.bitmap_index = 35448, .adv_w = 0, .box_w = 4, .box_h = 5, .ofs_x = 0, .ofs_y = -5},
    {.bitmap_index = 35459, .adv_w = 122, .box_w = 7, .box_h = 13, .ofs_x = 0, .ofs_y = 0},
    {.bitmap_index = 35497, .adv_w = 94, .box_w = 6, .box_h = 15, .ofs_x = -1, .ofs_y = -4},
    {.bitmap_index = 35539, .adv_w = 76, .box_w = 3, .box_h = 3, .ofs_x = 1, .ofs_y = 3},
    {.bitmap_index = 35544, .adv_w = 72, .box_w = 4, .box_h = 12, .ofs_x = 0, .ofs_y = -1},
    {.bitmap_index = 35569, .adv_w = 125, .box_w = 8, .box_h = 12, .ofs_x = 0, .ofs_y = 0},
    {.bitmap_index = 35608, .adv_w = 149, .box_w = 9, .box_h = 12, .ofs_x = 0, .ofs_y = -1},
    {.bitmap_index = 35653, .adv_w = 126, .box_w = 8, .box_h = 12, .ofs_x = 0, .ofs_y = 0},
    {.bitmap_index = 35694, .adv_w = 140, .box_w = 7, .box_h = 11, .ofs_x = 1, .ofs_y = 0},
    {.bitmap_index = 35731, .adv_w = 109, .box_w = 7, .box_h = 12, .ofs_x = 0, .ofs_y = 0},
    {.bitmap_index = 35769, .adv_w = 148, .box_w = 9, .box_h = 13, .ofs_x = 0, .ofs_y = -1},
    {.bitmap_index = 35818, .adv_w = 147, .box_w = 9, .box_h = 12, .ofs_x = 0, .ofs_y = -1},
    {.bitmap_index = 35865, .adv_w = 126, .box_w = 7, .box_h = 12, .ofs_x = 0, .ofs_y = -1},
    {.bitmap_index = 35902, .adv_w = 310, .box_w = 19, .box_h = 15, .ofs_x = 0, .ofs_y = -4},
    {.bitmap_index = 36006, .adv_w = 334, .box_w = 21, .box_h = 14, .ofs_x = 0, .ofs_y = -4},
    {.bitmap_index = 36106, .adv_w = 155, .box_w = 10, .box_h = 17, .ofs_x = 0, .ofs_y = -5},
    {.bitmap_index = 36177, .adv_w = 105, .box_w = 7, .box_h = 11, .ofs_x = 0, .ofs_y = -4},
    {.bitmap_index = 36210, .adv_w = 124, .box_w = 8, .box_h = 12, .ofs_x = 0, .ofs_y = -5},
    {.bitmap_index = 36254, .adv_w = 172, .box_w = 11, .box_h = 13, .ofs_x = 0, .ofs_y = 0},
    {.bitmap_index = 36308, .adv_w = 128, .box_w = 8, .box_h = 3, .ofs_x = 0, .ofs_y = 3},
    {.bitmap_index = 36316, .adv_w = 256, .box_w = 16, .box_h = 3, .ofs_x = 0, .ofs_y = 3},
    {.bitmap_index = 36328, .adv_w = 45, .box_w = 3, .box_h = 5, .ofs_x = 0, .ofs_y = 7},
    {.bitmap_index = 36336, .adv_w = 45, .box_w = 3, .box_h = 5, .ofs_x = 0, .ofs_y = 7},
    {.bitmap_index = 36344, .adv_w = 92, .box_w = 6, .box_h = 5, .ofs_x = 0, .ofs_y = 7},
    {.bitmap_index = 36360, .adv_w = 92, .box_w = 6, .box_h = 5, .ofs_x = 0, .ofs_y = 7},
    {.bitmap_index = 36376, .adv_w = 96, .box_w = 4, .box_h = 5, .ofs_x = 1, .ofs_y = 4},
    {.bitmap_index = 36386, .adv_w = 202, .box_w = 11, .box_h = 3, .ofs_x = 1, .ofs_y = 0},
    {.bitmap_index = 36403, .adv_w = 146, .box_w = 9, .box_h = 12, .ofs_x = 0, .ofs_y = 0},
    {.bitmap_index = 36456, .adv_w = 255, .box_w = 16, .box_h = 13, .ofs_x = 0, .ofs_y = -1},
    {.bitmap_index = 36535, .adv_w = 224, .box_w = 14, .box_h = 13, .ofs_x = 0, .ofs_y = -1},
    {.bitmap_index = 36589, .adv_w = 198, .box_w = 12, .box_h = 7, .ofs_x = 0, .ofs_y = 5},
    {.bitmap_index = 36625, .adv_w = 154, .box_w = 8, .box_h = 7, .ofs_x = 1, .ofs_y = 1},
    {.bitmap_index = 36649, .adv_w = 154, .box_w = 7, .box_h = 8, .ofs_x = 1, .ofs_y = 0},
    {.bitmap_index = 36671, .adv_w = 154, .box_w = 8, .box_h = 7, .ofs_x = 1, .ofs_y = 1},
    {.bitmap_index = 36695, .adv_w = 154, .box_w = 7, .box_h = 8, .ofs_x = 1, .ofs_y = 0},
    {.bitmap_index = 36719, .adv_w = 149, .box_w = 8, .box_h = 10, .ofs_x = 1, .ofs_y = 1},
    {.bitmap_index = 36755, .adv_w = 149, .box_w = 8, .box_h = 10, .ofs_x = 1, .ofs_y = 0},
    {.bitmap_index = 36790, .adv_w = 149, .box_w = 8, .box_h = 10, .ofs_x = 1, .ofs_y = 0},
    {.bitmap_index = 36825, .adv_w = 78, .box_w = 5, .box_h = 5, .ofs_x = 0, .ofs_y = 9},
    {.bitmap_index = 36838, .adv_w = 77, .box_w = 6, .box_h = 14, .ofs_x = 0, .ofs_y = 0},
    {.bitmap_index = 36863, .adv_w = 95, .box_w = 6, .box_h = 4, .ofs_x = 0, .ofs_y = 9},
    {.bitmap_index = 36875, .adv_w = 68, .box_w = 6, .box_h = 8, .ofs_x = 0, .ofs_y = -4},
    {.bitmap_index = 36898, .adv_w = 78, .box_w = 5, .box_h = 5, .ofs_x = 0, .ofs_y = -5},
    {.bitmap_index = 36910, .adv_w = 78, .box_w = 5, .box_h = 3, .ofs_x = 0, .ofs_y = 9},
    {.bitmap_index = 36918, .adv_w = 77, .box_w = 6, .box_h = 12, .ofs_x = 0, .ofs_y = 0},
    {.bitmap_index = 36937, .adv_w = 78, .box_w = 5, .box_h = 4, .ofs_x = 0, .ofs_y = 10},
    {.bitmap_index = 36948, .adv_w = 77, .box_w = 7, .box_h = 14, .ofs_x = -1, .ofs_y = 0},
    {.bitmap_index = 36972, .adv_w = 75, .box_w = 5, .box_h = 3, .ofs_x = 0, .ofs_y = -3},
    {.bitmap_index = 36980, .adv_w = 77, .box_w = 6, .box_h = 5, .ofs_x = 0, .ofs_y = -3},
    {.bitmap_index = 36995, .adv_w = 83, .box_w = 5, .box_h = 4, .ofs_x = 0, .ofs_y = 9},
    {.bitmap_index = 37006, .adv_w = 77, .box_w = 6, .box_h = 13, .ofs_x = 0, .ofs_y = 0},
    {.bitmap_index = 37029, .adv_w = 60, .box_w = 4, .box_h = 3, .ofs_x = 0, .ofs_y = 10},
    {.bitmap_index = 37035, .adv_w = 77, .box_w = 6, .box_h = 13, .ofs_x = 0, .ofs_y = 0},
    {.bitmap_index = 37055, .adv_w = 105, .box_w = 7, .box_h = 8, .ofs_x = 0, .ofs_y = -1},
    {.bitmap_index = 37081, .adv_w = 60, .box_w = 6, .box_h = 13, .ofs_x = -1, .ofs_y = 0},
    {.bitmap_index = 37109, .adv_w = 74, .box_w = 7, .box_h = 14, .ofs_x = -1, .ofs_y = 0},
    {.bitmap_index = 37146, .adv_w = 60, .box_w = 4, .box_h = 15, .ofs_x = 0, .ofs_y = 0},
    {.bitmap_index = 37172, .adv_w = 74, .box_w = 6, .box_h = 15, .ofs_x = 0, .ofs_y = 0},
    {.bitmap_index = 37209, .adv_w = 114, .box_w = 7, .box_h = 15, .ofs_x = 0, .ofs_y = -4},
    {.bitmap_index = 37257, .adv_w = 121, .box_w = 9, .box_h = 15, .ofs_x = 0, .ofs_y = -4},
    {.bitmap_index = 37313, .adv_w = 61, .box_w = 4, .box_h = 16, .ofs_x = 0, .ofs_y = -5},
    {.bitmap_index = 37341, .adv_w = 74, .box_w = 6, .box_h = 16, .ofs_x = 0, .ofs_y = -5},
    {.bitmap_index = 37382, .adv_w = 195, .box_w = 12, .box_h = 12, .ofs_x = 0, .ofs_y = -4},
    {.bitmap_index = 37450, .adv_w = 188, .box_w = 13, .box_h = 12, .ofs_x = 0, .ofs_y = -4},
    {.bitmap_index = 37511, .adv_w = 69, .box_w = 4, .box_h = 12, .ofs_x = 0, .ofs_y = 0},
    {.bitmap_index = 37536, .adv_w = 88, .box_w = 7, .box_h = 10, .ofs_x = 0, .ofs_y = 0},
    {.bitmap_index = 37567, .adv_w = 61, .box_w = 2, .box_h = 12, .ofs_x = 1, .ofs_y = -1},
    {.bitmap_index = 37580, .adv_w = 74, .box_w = 5, .box_h = 11, .ofs_x = 1, .ofs_y = 0},
    {.bitmap_index = 37604, .adv_w = 254, .box_w = 16, .box_h = 10, .ofs_x = 0, .ofs_y = -3},
    {.bitmap_index = 37659, .adv_w = 280, .box_w = 19, .box_h = 9, .ofs_x = 0, .ofs_y = -3},
    {.bitmap_index = 37718, .adv_w = 69, .box_w = 4, .box_h = 10, .ofs_x = 0, .ofs_y = -3},
    {.bitmap_index = 37739, .adv_w = 88, .box_w = 7, .box_h = 8, .ofs_x = 0, .ofs_y = -3},
    {.bitmap_index = 37764, .adv_w = 104, .box_w = 6, .box_h = 11, .ofs_x = 0, .ofs_y = 0},
    {.bitmap_index = 37797, .adv_w = 124, .box_w = 9, .box_h = 11, .ofs_x = 0, .ofs_y = 0},
    {.bitmap_index = 37841, .adv_w = 254, .box_w = 16, .box_h = 9, .ofs_x = 0, .ofs_y = 0},
    {.bitmap_index = 37893, .adv_w = 280, .box_w = 19, .box_h = 9, .ofs_x = 0, .ofs_y = 0},
    {.bitmap_index = 37950, .adv_w = 77, .box_w = 5, .box_h = 10, .ofs_x = 0, .ofs_y = 0},
    {.bitmap_index = 37975, .adv_w = 95, .box_w = 7, .box_h = 8, .ofs_x = 0, .ofs_y = 0},
    {.bitmap_index = 38000, .adv_w = 254, .box_w = 16, .box_h = 10, .ofs_x = 0, .ofs_y = 0},
    {.bitmap_index = 38056, .adv_w = 280, .box_w = 19, .box_h = 10, .ofs_x = 0, .ofs_y = 0},
    {.bitmap_index = 38117, .adv_w = 77, .box_w = 5, .box_h = 11, .ofs_x = 0, .ofs_y = 0},
    {.bitmap_index = 38145, .adv_w = 95, .box_w = 7, .box_h = 10, .ofs_x = 0, .ofs_y = 0},
    {.bitmap_index = 38176, .adv_w = 164, .box_w = 10, .box_h = 14, .ofs_x = 0, .ofs_y = -5},
    {.bitmap_index = 38239, .adv_w = 166, .box_w = 12, .box_h = 14, .ofs_x = 0, .ofs_y = -5},
    {.bitmap_index = 38315, .adv_w = 151, .box_w = 9, .box_h = 10, .ofs_x = 0, .ofs_y = -3},
    {.bitmap_index = 38352, .adv_w = 163, .box_w = 11, .box_h = 10, .ofs_x = 0, .ofs_y = -3},
    {.bitmap_index = 38397, .adv_w = 164, .box_w = 10, .box_h = 14, .ofs_x = 0, .ofs_y = -5},
    {.bitmap_index = 38454, .adv_w = 166, .box_w = 12, .box_h = 14, .ofs_x = 0, .ofs_y = -5},
    {.bitmap_index = 38527, .adv_w = 151, .box_w = 9, .box_h = 7, .ofs_x = 0, .ofs_y = 0},
    {.bitmap_index = 38555, .adv_w = 163, .box_w = 11, .box_h = 7, .ofs_x = 0, .ofs_y = 0},
    {.bitmap_index = 38588, .adv_w = 164, .box_w = 10, .box_h = 16, .ofs_x = 0, .ofs_y = -5},
    {.bitmap_index = 38655, .adv_w = 166, .box_w = 12, .box_h = 16, .ofs_x = 0, .ofs_y = -5},
    {.bitmap_index = 38736, .adv_w = 151, .box_w = 9, .box_h = 9, .ofs_x = 0, .ofs_y = 0},
    {.bitmap_index = 38771, .adv_w = 163, .box_w = 11, .box_h = 9, .ofs_x = 0, .ofs_y = 0},
    {.bitmap_index = 38811, .adv_w = 122, .box_w = 7, .box_h = 8, .ofs_x = 0, .ofs_y = 0},
    {.bitmap_index = 38834, .adv_w = 136, .box_w = 10, .box_h = 8, .ofs_x = 0, .ofs_y = 0},
    {.bitmap_index = 38864, .adv_w = 122, .box_w = 7, .box_h = 11, .ofs_x = 0, .ofs_y = 0},
    {.bitmap_index = 38895, .adv_w = 136, .box_w = 10, .box_h = 11, .ofs_x = 0, .ofs_y = 0},
    {.bitmap_index = 38934, .adv_w = 94, .box_w = 6, .box_h = 10, .ofs_x = -1, .ofs_y = -4},
    {.bitmap_index = 38961, .adv_w = 101, .box_w = 9, .box_h = 10, .ofs_x = -1, .ofs_y = -4},
    {.bitmap_index = 38996, .adv_w = 94, .box_w = 6, .box_h = 13, .ofs_x = -1, .ofs_y = -4},
    {.bitmap_index = 39029, .adv_w = 101, .box_w = 9, .box_h = 13, .ofs_x = -1, .ofs_y = -4},
    {.bitmap_index = 39073, .adv_w = 310, .box_w = 19, .box_h = 11, .ofs_x = 0, .ofs_y = -4},
    {.bitmap_index = 39151, .adv_w = 325, .box_w = 22, .box_h = 10, .ofs_x = 0, .ofs_y = -4},
    {.bitmap_index = 39234, .adv_w = 201, .box_w = 12, .box_h = 7, .ofs_x = 0, .ofs_y = 0},
    {.bitmap_index = 39272, .adv_w = 218, .box_w = 15, .box_h = 6, .ofs_x = 0, .ofs_y = 0},
    {.bitmap_index = 39313, .adv_w = 310, .box_w = 19, .box_h = 15, .ofs_x = 0, .ofs_y = -4},
    {.bitmap_index = 39412, .adv_w = 325, .box_w = 22, .box_h = 15, .ofs_x = 0, .ofs_y = -4},
    {.bitmap_index = 39518, .adv_w = 201, .box_w = 12, .box_h = 11, .ofs_x = 0, .ofs_y = 0},
    {.bitmap_index = 39572, .adv_w = 218, .box_w = 15, .box_h = 11, .ofs_x = 0, .ofs_y = 0},
    {.bitmap_index = 39634, .adv_w = 334, .box_w = 21, .box_h = 11, .ofs_x = 0, .ofs_y = -4},
    {.bitmap_index = 39718, .adv_w = 346, .box_w = 23, .box_h = 11, .ofs_x = 0, .ofs_y = -4},
    {.bitmap_index = 39806, .adv_w = 231, .box_w = 14, .box_h = 7, .ofs_x = 0, .ofs_y = 0},
    {.bitmap_index = 39848, .adv_w = 243, .box_w = 16, .box_h = 7, .ofs_x = 0, .ofs_y = 0},
    {.bitmap_index = 39894, .adv_w = 334, .box_w = 21, .box_h = 14, .ofs_x = 0, .ofs_y = -4},
    {.bitmap_index = 39991, .adv_w = 346, .box_w = 23, .box_h = 13, .ofs_x = 0, .ofs_y = -4},
    {.bitmap_index = 40092, .adv_w = 231, .box_w = 14, .box_h = 10, .ofs_x = 0, .ofs_y = 0},
    {.bitmap_index = 40145, .adv_w = 243, .box_w = 16, .box_h = 10, .ofs_x = 0, .ofs_y = 0},
    {.bitmap_index = 40203, .adv_w = 202, .box_w = 12, .box_h = 11, .ofs_x = 0, .ofs_y = 0},
    {.bitmap_index = 40251, .adv_w = 213, .box_w = 15, .box_h = 11, .ofs_x = 0, .ofs_y = 0},
    {.bitmap_index = 40307, .adv_w = 173, .box_w = 11, .box_h = 11, .ofs_x = 0, .ofs_y = 0},
    {.bitmap_index = 40353, .adv_w = 182, .box_w = 13, .box_h = 11, .ofs_x = 0, .ofs_y = 0},
    {.bitmap_index = 40404, .adv_w = 202, .box_w = 12, .box_h = 11, .ofs_x = 0, .ofs_y = 0},
    {.bitmap_index = 40457, .adv_w = 213, .box_w = 15, .box_h = 11, .ofs_x = 0, .ofs_y = 0},
    {.bitmap_index = 40519, .adv_w = 173, .box_w = 11, .box_h = 11, .ofs_x = 0, .ofs_y = 0},
    {.bitmap_index = 40570, .adv_w = 182, .box_w = 13, .box_h = 11, .ofs_x = 0, .ofs_y = 0},
    {.bitmap_index = 40627, .adv_w = 155, .box_w = 10, .box_h = 15, .ofs_x = 0, .ofs_y = -5},
    {.bitmap_index = 40687, .adv_w = 146, .box_w = 10, .box_h = 14, .ofs_x = 0, .ofs_y = -5},
    {.bitmap_index = 40748, .adv_w = 129, .box_w = 8, .box_h = 8, .ofs_x = 0, .ofs_y = 0},
    {.bitmap_index = 40774, .adv_w = 133, .box_w = 10, .box_h = 8, .ofs_x = 0, .ofs_y = 0},
    {.bitmap_index = 40809, .adv_w = 155, .box_w = 10, .box_h = 17, .ofs_x = 0, .ofs_y = -5},
    {.bitmap_index = 40877, .adv_w = 146, .box_w = 10, .box_h = 16, .ofs_x = 0, .ofs_y = -5},
    {.bitmap_index = 40945, .adv_w = 129, .box_w = 8, .box_h = 11, .ofs_x = 0, .ofs_y = 0},
    {.bitmap_index = 40980, .adv_w = 133, .box_w = 10, .box_h = 10, .ofs_x = 0, .ofs_y = 0},
    {.bitmap_index = 41022, .adv_w = 252, .box_w = 16, .box_h = 11, .ofs_x = 0, .ofs_y = 0},
    {.bitmap_index = 41083, .adv_w = 281, .box_w = 19, .box_h = 10, .ofs_x = 0, .ofs_y = 0},
    {.bitmap_index = 41149, .adv_w = 114, .box_w = 7, .box_h = 11, .ofs_x = 0, .ofs_y = 0},
    {.bitmap_index = 41186, .adv_w = 127, .box_w = 9, .box_h = 10, .ofs_x = 0, .ofs_y = 0},
    {.bitmap_index = 41226, .adv_w = 198, .box_w = 12, .box_h = 14, .ofs_x = 0, .ofs_y = -4},
    {.bitmap_index = 41294, .adv_w = 207, .box_w = 14, .box_h = 14, .ofs_x = 0, .ofs_y = -5},
    {.bitmap_index = 41370, .adv_w = 114, .box_w = 7, .box_h = 11, .ofs_x = 0, .ofs_y = 0},
    {.bitmap_index = 41409, .adv_w = 127, .box_w = 9, .box_h = 10, .ofs_x = 0, .ofs_y = 0},
    {.bitmap_index = 41451, .adv_w = 226, .box_w = 14, .box_h = 11, .ofs_x = 0, .ofs_y = 0},
    {.bitmap_index = 41512, .adv_w = 236, .box_w = 16, .box_h = 11, .ofs_x = 0, .ofs_y = 0},
    {.bitmap_index = 41581, .adv_w = 105, .box_w = 7, .box_h = 12, .ofs_x = 0, .ofs_y = 0},
    {.bitmap_index = 41620, .adv_w = 130, .box_w = 9, .box_h = 12, .ofs_x = 0, .ofs_y = 0},
    {.bitmap_index = 41666, .adv_w = 178, .box_w = 11, .box_h = 16, .ofs_x = 0, .ofs_y = -5},
    {.bitmap_index = 41723, .adv_w = 187, .box_w = 13, .box_h = 15, .ofs_x = 0, .ofs_y = -4},
    {.bitmap_index = 41784, .adv_w = 67, .box_w = 4, .box_h = 11, .ofs_x = 0, .ofs_y = 0},
    {.bitmap_index = 41801, .adv_w = 77, .box_w = 6, .box_h = 11, .ofs_x = 0, .ofs_y = 0},
    {.bitmap_index = 41824, .adv_w = 124, .box_w = 8, .box_h = 12, .ofs_x = 0, .ofs_y = -5},
    {.bitmap_index = 41865, .adv_w = 144, .box_w = 10, .box_h = 12, .ofs_x = 0, .ofs_y = -5},
    {.bitmap_index = 41913, .adv_w = 134, .box_w = 8, .box_h = 7, .ofs_x = 0, .ofs_y = 0},
    {.bitmap_index = 41938, .adv_w = 148, .box_w = 11, .box_h = 7, .ofs_x = 0, .ofs_y = 0},
    {.bitmap_index = 41970, .adv_w = 175, .box_w = 11, .box_h = 13, .ofs_x = 0, .ofs_y = -4},
    {.bitmap_index = 42026, .adv_w = 187, .box_w = 13, .box_h = 12, .ofs_x = 0, .ofs_y = -4},
    {.bitmap_index = 42083, .adv_w = 69, .box_w = 4, .box_h = 10, .ofs_x = 0, .ofs_y = 0},
    {.bitmap_index = 42104, .adv_w = 88, .box_w = 7, .box_h = 8, .ofs_x = 0, .ofs_y = 0},
    {.bitmap_index = 42127, .adv_w = 104, .box_w = 6, .box_h = 8, .ofs_x = 0, .ofs_y = 0},
    {.bitmap_index = 42151, .adv_w = 124, .box_w = 9, .box_h = 9, .ofs_x = 0, .ofs_y = 0},
    {.bitmap_index = 42187, .adv_w = 147, .box_w = 9, .box_h = 9, .ofs_x = 0, .ofs_y = 0},
    {.bitmap_index = 42222, .adv_w = 130, .box_w = 9, .box_h = 12, .ofs_x = 0, .ofs_y = -4},
    {.bitmap_index = 42272, .adv_w = 114, .box_w = 7, .box_h = 10, .ofs_x = 0, .ofs_y = -4},
    {.bitmap_index = 42306, .adv_w = 121, .box_w = 9, .box_h = 10, .ofs_x = 0, .ofs_y = -4},
    {.bitmap_index = 42346, .adv_w = 195, .box_w = 12, .box_h = 12, .ofs_x = 0, .ofs_y = -4},
    {.bitmap_index = 42406, .adv_w = 188, .box_w = 13, .box_h = 7, .ofs_x = 0, .ofs_y = -4},
    {.bitmap_index = 42448, .adv_w = 195, .box_w = 12, .box_h = 14, .ofs_x = 0, .ofs_y = -4},
    {.bitmap_index = 42515, .adv_w = 203, .box_w = 14, .box_h = 9, .ofs_x = 0, .ofs_y = -4},
    {.bitmap_index = 42565, .adv_w = 77, .box_w = 5, .box_h = 10, .ofs_x = -1, .ofs_y = -3},
    {.bitmap_index = 42590, .adv_w = 95, .box_w = 7, .box_h = 8, .ofs_x = 0, .ofs_y = -3},
    {.bitmap_index = 42617, .adv_w = 149, .box_w = 10, .box_h = 12, .ofs_x = -1, .ofs_y = 0},
    {.bitmap_index = 42670, .adv_w = 153, .box_w = 12, .box_h = 11, .ofs_x = -1, .ofs_y = 0},
    {.bitmap_index = 42723, .adv_w = 149, .box_w = 9, .box_h = 13, .ofs_x = 0, .ofs_y = 0},
    {.bitmap_index = 42777, .adv_w = 153, .box_w = 11, .box_h = 13, .ofs_x = 0, .ofs_y = 0},
    {.bitmap_index = 42836, .adv_w = 149, .box_w = 9, .box_h = 17, .ofs_x = 0, .ofs_y = -5},
    {.bitmap_index = 42901, .adv_w = 153, .box_w = 11, .box_h = 16, .ofs_x = 0, .ofs_y = -5},
    {.bitmap_index = 42968, .adv_w = 149, .box_w = 9, .box_h = 12, .ofs_x = 0, .ofs_y = 0},
    {.bitmap_index = 43016, .adv_w = 153, .box_w = 11, .box_h = 11, .ofs_x = 0, .ofs_y = 0}
};

/*---------------------
 *  CHARACTER MAPPING
 *--------------------*/

static const uint16_t unicode_list_0[] = {
    0x0, 0x2, 0x4, 0x6, 0xb, 0xd, 0xe, 0x14,
    0x19, 0x1a, 0x1b
};

static const uint8_t glyph_id_ofs_list_2[] = {
    0, 1, 2, 3, 4, 5, 6, 7,
    0, 0, 8, 9, 10, 11, 12, 13,
    0, 0, 0, 0, 14, 15, 16, 17,
    18, 19, 20, 0, 21
};

static const uint16_t unicode_list_6[] = {
    0x0, 0x1, 0x8, 0x9, 0x10, 0x11, 0x12, 0x13
};

static const uint16_t unicode_list_11[] = {
    0x0, 0x1, 0x5, 0x6, 0x9, 0xa, 0xf, 0x13,
    0x99, 0xf0, 0xf6, 0x10f, 0x17d, 0x17e, 0x17f, 0x180,
    0x24d, 0x251, 0x252, 0xde5d, 0xde5e, 0xde5f, 0xde60, 0xde61
};

/*Collect the unicode lists and glyph_id offsets*/
static const lv_font_fmt_txt_cmap_t cmaps[] =
{
    {
        .range_start = 163, .range_length = 28, .glyph_id_start = 1,
        .unicode_list = unicode_list_0, .glyph_id_ofs_list = NULL, .list_length = 11, .type = LV_FONT_FMT_TXT_CMAP_SPARSE_TINY
    },
    {
        .range_start = 192, .range_length = 192, .glyph_id_start = 12,
        .unicode_list = NULL, .glyph_id_ofs_list = NULL, .list_length = 0, .type = LV_FONT_FMT_TXT_CMAP_FORMAT0_TINY
    },
    {
        .range_start = 880, .range_length = 29, .glyph_id_start = 204,
        .unicode_list = NULL, .glyph_id_ofs_list = glyph_id_ofs_list_2, .list_length = 29, .type = LV_FONT_FMT_TXT_CMAP_FORMAT0_FULL
    },
    {
        .range_start = 910, .range_length = 20, .glyph_id_start = 226,
        .unicode_list = NULL, .glyph_id_ofs_list = NULL, .list_length = 0, .type = LV_FONT_FMT_TXT_CMAP_FORMAT0_TINY
    },
    {
        .range_start = 931, .range_length = 63, .glyph_id_start = 246,
        .unicode_list = NULL, .glyph_id_ofs_list = NULL, .list_length = 0, .type = LV_FONT_FMT_TXT_CMAP_FORMAT0_TINY
    },
    {
        .range_start = 1008, .range_length = 112, .glyph_id_start = 309,
        .unicode_list = NULL, .glyph_id_ofs_list = NULL, .list_length = 0, .type = LV_FONT_FMT_TXT_CMAP_FORMAT0_TINY
    },
    {
        .range_start = 1122, .range_length = 20, .glyph_id_start = 421,
        .unicode_list = unicode_list_6, .glyph_id_ofs_list = NULL, .list_length = 8, .type = LV_FONT_FMT_TXT_CMAP_SPARSE_TINY
    },
    {
        .range_start = 1162, .range_length = 59, .glyph_id_start = 429,
        .unicode_list = NULL, .glyph_id_ofs_list = NULL, .list_length = 0, .type = LV_FONT_FMT_TXT_CMAP_FORMAT0_TINY
    },
    {
        .range_start = 1222, .range_length = 58, .glyph_id_start = 488,
        .unicode_list = NULL, .glyph_id_ofs_list = NULL, .list_length = 0, .type = LV_FONT_FMT_TXT_CMAP_FORMAT0_TINY
    },
    {
        .range_start = 1536, .range_length = 29, .glyph_id_start = 546,
        .unicode_list = NULL, .glyph_id_ofs_list = NULL, .list_length = 0, .type = LV_FONT_FMT_TXT_CMAP_FORMAT0_TINY
    },
    {
        .range_start = 1566, .range_length = 226, .glyph_id_start = 575,
        .unicode_list = NULL, .glyph_id_ofs_list = NULL, .list_length = 0, .type = LV_FONT_FMT_TXT_CMAP_FORMAT0_TINY
    },
    {
        .range_start = 8211, .range_length = 56930, .glyph_id_start = 801,
        .unicode_list = unicode_list_11, .glyph_id_ofs_list = NULL, .list_length = 24, .type = LV_FONT_FMT_TXT_CMAP_SPARSE_TINY
    },
    {
        .range_start = 65142, .range_length = 135, .glyph_id_start = 825,
        .unicode_list = NULL, .glyph_id_ofs_list = NULL, .list_length = 0, .type = LV_FONT_FMT_TXT_CMAP_FORMAT0_TINY
    }
};

/*-----------------
 *    KERNING
 *----------------*/


/*Map glyph_ids to kern left classes*/
static const uint8_t kern_left_class_mapping[] =
{
    0, 0, 0, 0, 0, 0, 0, 0,
    0, 0, 0, 0, 1, 1, 1, 1,
    1, 1, 2, 3, 2, 2, 2, 2,
    4, 4, 4, 4, 5, 4, 5, 5,
    5, 5, 5, 0, 5, 6, 6, 6,
    6, 7, 8, 9, 10, 10, 10, 10,
    10, 10, 11, 12, 11, 11, 11, 11,
    13, 13, 13, 13, 0, 10, 9, 9,
    9, 9, 9, 0, 9, 13, 13, 13,
    13, 14, 9, 14, 1, 10, 1, 10,
    1, 15, 3, 12, 3, 12, 3, 12,
    3, 12, 5, 16, 5, 17, 2, 11,
    2, 11, 2, 11, 2, 18, 2, 11,
    0, 13, 0, 13, 0, 13, 0, 13,
    4, 10, 4, 10, 4, 13, 4, 13,
    4, 13, 4, 19, 4, 13, 6, 13,
    6, 13, 20, 21, 21, 22, 17, 22,
    17, 22, 16, 22, 17, 22, 17, 4,
    10, 4, 10, 4, 10, 10, 4, 10,
    5, 9, 5, 9, 5, 9, 2, 11,
    23, 24, 23, 24, 23, 24, 25, 26,
    25, 26, 25, 26, 25, 26, 27, 28,
    27, 29, 27, 28, 6, 13, 6, 13,
    6, 13, 6, 13, 6, 13, 6, 30,
    31, 14, 7, 14, 7, 32, 33, 32,
    33, 32, 33, 0, 0, 0, 0, 0,
    0, 0, 0, 0, 0, 0, 0, 0,
    0, 0, 34, 35, 34, 0, 0, 0,
    0, 36, 37, 0, 38, 34, 35, 39,
    34, 0, 40, 0, 36, 0, 41, 34,
    0, 0, 0, 36, 0, 0, 40, 42,
    37, 36, 0, 37, 0, 0, 37, 43,
    44, 45, 38, 46, 43, 47, 48, 49,
    44, 50, 45, 51, 38, 0, 52, 43,
    48, 53, 49, 44, 49, 0, 54, 55,
    46, 49, 56, 46, 49, 38, 46, 49,
    46, 49, 41, 0, 0, 0, 0, 0,
    49, 0, 0, 0, 0, 0, 0, 0,
    0, 0, 0, 0, 0, 0, 0, 0,
    0, 0, 0, 0, 0, 0, 0, 0,
    0, 0, 0, 0, 0, 2, 2, 57,
    58, 3, 25, 4, 4, 6, 59, 59,
    57, 60, 4, 61, 4, 1, 62, 63,
    58, 64, 2, 60, 63, 4, 4, 60,
    4, 4, 4, 5, 4, 65, 3, 66,
    61, 5, 60, 64, 4, 4, 64, 59,
    4, 59, 5, 5, 4, 13, 9, 67,
    68, 13, 11, 69, 67, 13, 13, 69,
    13, 13, 13, 9, 13, 9, 12, 68,
    14, 9, 69, 13, 13, 13, 13, 70,
    13, 70, 9, 9, 13, 11, 11, 13,
    0, 12, 26, 13, 13, 13, 70, 70,
    10, 69, 13, 14, 13, 71, 72, 60,
    69, 5, 9, 61, 14, 64, 13, 59,
    72, 65, 9, 58, 0, 73, 68, 71,
    72, 60, 69, 63, 67, 60, 69, 60,
    69, 20, 21, 60, 69, 64, 13, 58,
    68, 74, 13, 9, 9, 3, 12, 66,
    24, 75, 14, 75, 14, 60, 69, 64,
    13, 64, 13, 4, 13, 74, 10, 5,
    11, 5, 11, 4, 60, 69, 20, 69,
    13, 4, 13, 64, 13, 4, 13, 64,
    13, 17, 1, 10, 1, 10, 2, 11,
    2, 11, 5, 9, 5, 9, 60, 69,
    63, 67, 63, 67, 4, 13, 4, 13,
    5, 9, 5, 9, 5, 9, 5, 9,
    61, 14, 61, 14, 61, 14, 4, 13,
    58, 0, 4, 13, 66, 24, 60, 76,
    60, 69, 0, 0, 0, 0, 0, 0,
    0, 0, 0, 0, 0, 0, 0, 0,
    0, 0, 0, 0, 0, 0, 0, 0,
    0, 0, 0, 0, 0, 0, 0, 0,
    0, 0, 0, 0, 0, 0, 0, 0,
    0, 0, 0, 0, 0, 0, 0, 0,
    0, 0, 77, 77, 0, 0, 0, 0,
    0, 0, 0, 0, 0, 0, 0, 0,
    0, 0, 0, 0, 0, 0, 0, 0,
    0, 0, 0, 0, 0, 0, 0, 0,
    0, 0, 0, 0, 0, 0, 0, 0,
    0, 0, 0, 0, 0, 0, 0, 0,
    0, 78, 79, 80, 80, 81, 82, 0,
    83, 84, 0, 0, 0, 0, 0, 0,
    0, 0, 0, 0, 0, 0, 0, 0,
    0, 0, 0, 0, 0, 0, 0, 0,
    0, 0, 0, 0, 0, 0, 0, 0,
    0, 0, 0, 0, 0, 0, 0, 0,
    0, 0, 77, 77, 77, 77, 77, 77,
    77, 77, 77, 0, 0, 0, 0, 0,
    0, 0, 0, 0, 0, 0, 0, 0,
    0, 0, 0, 0, 0, 0, 0, 0,
    0, 0, 0, 0, 0, 0, 0, 0,
    0, 0, 0, 0, 0, 0, 0, 0,
    0, 0, 0, 0, 0, 0, 0, 0,
    0, 0, 0, 0, 0, 0, 0, 0,
    0, 0, 0, 0, 0, 0, 0, 0,
    0, 0, 0, 0, 0, 0, 0, 0,
    0, 0, 0, 0, 0, 0, 0, 0,
    0, 0, 0, 0, 0, 0, 0, 0,
    77, 78, 0, 80, 80, 80, 82, 0,
    83, 84, 0, 0, 0, 0, 0, 0,
    0, 85, 85, 0, 0, 0, 0, 0,
    0, 0, 0, 0, 0, 0, 0, 0,
    0, 0, 0, 0, 0, 0, 0, 0,
    0, 0, 0, 0, 0, 0, 0, 0,
    0, 0, 0, 0, 0, 0, 0, 0,
    0, 0, 0, 0, 0, 0, 0, 0,
    0, 0, 0, 0, 0, 0, 0, 0,
    0, 0, 0, 0, 0, 0, 0, 0,
    0, 0, 0, 0, 0, 0, 0, 0,
    0, 0, 0, 0, 0, 0, 0, 0,
    77, 77, 77, 77, 0, 0, 0, 0,
    0, 0, 0, 0, 0, 0, 0, 0,
    0, 0, 0, 0, 0, 0, 0, 0,
    0, 0, 0, 0, 0, 0, 0, 0,
    0, 0, 0, 0, 0, 0, 0, 0,
    0, 0, 0, 0, 0, 0, 0, 0,
    0, 0, 0, 0, 0, 0, 0, 0,
    0, 0, 0, 0, 0, 0, 0, 0,
    0, 0, 0, 0, 0, 0, 0, 0,
    0, 0, 0, 0, 0, 0, 0, 0
};

/*Map glyph_ids to kern right classes*/
static const uint8_t kern_right_class_mapping[] =
{
    0, 0, 0, 0, 0, 0, 0, 0,
    0, 0, 0, 0, 1, 1, 1, 1,
    1, 1, 1, 2, 3, 3, 3, 3,
    3, 3, 3, 3, 3, 3, 2, 2,
    2, 2, 2, 0, 2, 4, 4, 4,
    4, 5, 3, 6, 7, 7, 7, 7,
    7, 7, 7, 8, 8, 8, 8, 8,
    9, 10, 11, 12, 8, 10, 8, 8,
    8, 8, 8, 0, 8, 13, 13, 13,
    13, 14, 6, 14, 1, 7, 1, 7,
    1, 7, 2, 8, 2, 8, 2, 8,
    2, 8, 3, 8, 3, 8, 3, 8,
    3, 8, 3, 8, 3, 8, 3, 8,
    2, 8, 2, 8, 2, 8, 2, 8,
    3, 6, 3, 6, 3, 15, 3, 16,
    3, 17, 3, 18, 3, 10, 3, 18,
    19, 20, 3, 6, 10, 3, 6, 3,
    6, 3, 6, 3, 6, 3, 6, 3,
    10, 3, 10, 3, 10, 10, 3, 10,
    2, 8, 2, 8, 2, 8, 2, 8,
    3, 10, 3, 10, 3, 10, 21, 22,
    21, 22, 21, 22, 21, 22, 23, 24,
    23, 24, 23, 24, 4, 13, 4, 13,
    4, 13, 4, 13, 4, 13, 4, 13,
    25, 14, 5, 14, 5, 26, 27, 26,
    27, 26, 27, 0, 0, 0, 0, 0,
    0, 0, 0, 0, 0, 0, 0, 0,
    0, 0, 28, 0, 28, 0, 0, 0,
    0, 29, 30, 0, 31, 28, 0, 0,
    28, 0, 32, 0, 29, 0, 0, 28,
    0, 0, 0, 29, 0, 0, 32, 33,
    30, 29, 34, 30, 0, 0, 30, 35,
    36, 0, 31, 37, 35, 38, 39, 35,
    36, 40, 0, 41, 31, 38, 42, 38,
    39, 43, 35, 44, 38, 35, 35, 45,
    37, 35, 46, 37, 35, 31, 37, 35,
    37, 35, 0, 0, 0, 0, 0, 0,
    35, 0, 0, 0, 0, 0, 0, 0,
    0, 0, 0, 0, 0, 0, 0, 0,
    0, 0, 0, 0, 0, 0, 0, 0,
    0, 0, 0, 0, 0, 3, 3, 23,
    3, 2, 21, 3, 3, 19, 47, 3,
    23, 3, 3, 48, 3, 1, 3, 3,
    3, 47, 3, 48, 49, 3, 3, 3,
    47, 3, 3, 2, 3, 3, 2, 23,
    48, 2, 48, 3, 50, 3, 3, 23,
    3, 3, 49, 3, 48, 7, 2, 51,
    51, 52, 8, 53, 54, 51, 51, 51,
    52, 51, 51, 8, 51, 51, 8, 55,
    14, 8, 53, 51, 13, 51, 51, 55,
    51, 51, 54, 51, 53, 8, 8, 6,
    51, 8, 22, 51, 51, 56, 52, 51,
    57, 51, 51, 14, 51, 23, 55, 48,
    53, 2, 8, 25, 14, 3, 51, 3,
    58, 3, 51, 3, 51, 0, 59, 3,
    51, 48, 53, 49, 54, 3, 51, 3,
    51, 3, 6, 23, 55, 3, 51, 3,
    51, 3, 51, 2, 8, 2, 8, 23,
    55, 5, 14, 5, 14, 48, 53, 23,
    55, 50, 13, 50, 13, 3, 6, 60,
    61, 60, 61, 3, 48, 53, 3, 51,
    52, 3, 51, 3, 51, 50, 13, 3,
    51, 6, 1, 7, 1, 7, 1, 7,
    3, 8, 2, 8, 2, 8, 48, 53,
    49, 54, 49, 54, 3, 51, 3, 51,
    2, 8, 2, 8, 2, 8, 49, 54,
    48, 14, 48, 14, 48, 14, 50, 13,
    3, 51, 3, 51, 3, 51, 48, 53,
    48, 53, 0, 0, 0, 0, 0, 0,
    0, 0, 0, 0, 0, 0, 0, 0,
    0, 0, 0, 0, 0, 0, 0, 0,
    0, 0, 0, 0, 0, 0, 0, 0,
    0, 0, 0, 0, 0, 0, 0, 0,
    0, 0, 0, 0, 0, 62, 62, 62,
    0, 0, 0, 0, 0, 0, 0, 0,
    0, 0, 63, 63, 0, 0, 0, 0,
    0, 0, 0, 0, 0, 0, 0, 0,
    0, 0, 0, 0, 0, 0, 0, 0,
    0, 0, 0, 0, 0, 0, 0, 0,
    0, 0, 0, 0, 0, 0, 0, 0,
    0, 64, 0, 0, 0, 0, 65, 66,
    67, 68, 69, 0, 0, 0, 0, 0,
    0, 0, 0, 0, 0, 0, 0, 0,
    0, 0, 0, 0, 0, 0, 0, 0,
    0, 0, 62, 62, 62, 62, 62, 62,
    62, 0, 0, 0, 0, 0, 0, 0,
    0, 0, 0, 0, 0, 0, 0, 0,
    0, 0, 0, 0, 0, 0, 0, 0,
    0, 63, 0, 0, 0, 0, 0, 0,
    0, 0, 0, 0, 0, 0, 0, 0,
    0, 0, 0, 0, 0, 0, 0, 0,
    0, 0, 0, 0, 0, 0, 0, 0,
    0, 0, 0, 0, 0, 0, 0, 0,
    0, 0, 0, 0, 0, 0, 0, 0,
    0, 0, 0, 0, 0, 0, 0, 0,
    0, 0, 0, 0, 0, 0, 0, 0,
    0, 0, 0, 0, 0, 0, 0, 0,
    0, 0, 0, 0, 0, 0, 0, 0,
    0, 64, 0, 0, 0, 0, 70, 0,
    71, 72, 69, 0, 0, 0, 0, 0,
    0, 73, 73, 0, 74, 0, 74, 0,
    75, 0, 0, 0, 0, 0, 0, 0,
    0, 0, 0, 0, 0, 0, 0, 0,
    0, 0, 0, 0, 0, 0, 0, 0,
    0, 0, 0, 0, 0, 0, 0, 0,
    0, 0, 0, 0, 0, 0, 0, 0,
    0, 0, 0, 0, 0, 0, 0, 0,
    0, 0, 0, 0, 0, 0, 0, 0,
    0, 0, 0, 0, 62, 62, 0, 0,
    0, 0, 0, 0, 0, 0, 0, 0,
    0, 0, 0, 0, 0, 0, 0, 0,
    0, 0, 0, 0, 0, 0, 0, 0,
    0, 0, 0, 0, 0, 0, 0, 0,
    0, 0, 0, 0, 63, 0, 0, 0,
    63, 0, 0, 0, 0, 0, 0, 0,
    0, 0, 0, 0, 0, 0, 0, 0,
    0, 0, 0, 0, 0, 0, 0, 0,
    0, 0, 0, 0, 0, 0, 0, 0,
    0, 0, 0, 0, 0, 0, 0, 0,
    0, 0, 0, 0, 0, 0, 0, 0
};

/*Kern values between classes*/
static const int8_t kern_class_values[] =
{
    3, -3, 0, -4, -11, 0, 0, -1,
    0, 0, 0, 0, -3, -7, 0, 0,
    0, 0, 4, 0, 0, -1, -9, -1,
    -9, 0, -1, 0, 0, 0, 0, 0,
    0, 0, 0, 0, 0, 0, 0, 0,
    0, 0, 0, 0, 0, 0, 1, -8,
    0, -12, 0, 1, -8, 0, -12, 0,
    0, -6, -2, -18, -11, 0, 0, 0,
    0, 0, 0, 0, 0, 0, 0, 0,
    0, 0, 0, 0, -1, 0, 0, -2,
    0, -2, -2, 0, 0, 0, 0, -2,
    -2, 0, 0, 0, 0, 0, 0, 0,
    -2, 0, -3, -3, 0, -2, 0, 0,
    0, 0, 0, 0, 0, 0, 0, 0,
    0, 0, 0, 0, 0, 0, 0, 0,
    0, 0, -2, 0, 0, 0, 0, -3,
    0, 0, 0, 0, -3, 0, 0, -3,
    0, 0, 0, 0, 0, 0, 0, 0,
    0, 0, 0, 0, 0, 0, -4, -4,
    0, -1, -3, 0, -2, -6, 0, 0,
    0, 0, -4, 0, 0, 0, 0, 0,
    0, 0, -1, -5, -2, 0, -2, 0,
    -4, 0, 0, 0, 0, 0, 0, 0,
    0, 0, 0, 0, 0, 0, 0, 0,
    0, 0, 0, 0, -5, -4, 0, -2,
    0, -6, -4, -3, -4, 0, 0, -7,
    0, -8, -15, 0, 0, 0, 0, 0,
    0, 0, 0, 0, 0, 0, 0, 0,
    0, 0, 0, 0, 0, 0, 0, 0,
    0, 0, 0, 0, 0, 0, 0, 0,
    0, 0, 0, 0, 0, 0, 0, 0,
    0, -2, 0, 0, 0, 0, 0, 0,
    0, 0, 0, 0, 0, 0, 0, 0,
    0, 0, 0, 0, 0, 0, 0, -2,
    0, 0, -5, 0, 0, 0, 0, 0,
    0, 0, -2, 0, -2, -2, 0, 0,
    0, 0, 0, 0, 0, 0, 0, 0,
    0, 0, 0, 0, -3, 0, 0, 0,
    -8, 0, 0, 0, 0, 0, 0, 0,
    0, 0, 0, 0, 0, 0, -4, 20,
    0, 0, -3, 1, -6, -2, 0, 0,
    0, 0, 0, 0, 0, 0, 0, 0,
    0, 0, 0, 0, 0, 0, 0, 0,
    0, 0, -5, -6, -5, -4, 0, -4,
    -3, -5, -3, 20, 0, -3, 0, 0,
    -5, 0, 0, 0, 0, 0, 0, 0,
    0, 0, 0, 0, 0, 0, 0, -4,
    0, 0, 0, -3, 0, 0, 0, 0,
    0, 0, 0, 0, 0, 0, 0, 0,
    0, 0, -1, 0, 0, -3, 0, 0,
    0, 0, 0, 0, 0, 0, 0, 0,
    0, 0, 0, 0, 0, 0, 0, 0,
    0, 0, 0, 0, 0, -6, -3, 0,
    -6, 0, -4, -2, -4, -4, -1, 0,
    -4, 0, -4, -7, 0, 0, 0, 0,
    0, 0, 0, 0, 0, 0, 0, 0,
    0, 0, -11, -8, -3, -3, -1, 0,
    -17, -15, 8, -10, 7, 6, -9, -11,
    6, 6, 9, -6, -3, 6, -4, -17,
    -2, -5, -5, 0, -8, 0, 0, 0,
    0, 0, 0, 0, 0, 0, 0, 0,
    0, 0, 0, 0, 0, 0, 0, 0,
    -8, -8, 0, -3, -10, -15, -13, -14,
    -6, 6, 5, -9, 0, -7, -23, 0,
    0, 0, 0, 0, 0, 0, 0, 0,
    0, 0, 0, 0, 0, -8, 0, 0,
    0, -8, 0, -3, 0, 0, 0, 0,
    0, 0, 0, 0, 0, 0, 0, -10,
    -3, 0, 0, -6, 1, -3, -5, 0,
    0, 0, 0, 0, 0, 0, 0, 0,
    0, 0, 0, 0, 0, 0, 0, 0,
    0, 0, 0, 0, -8, 0, 0, 0,
    0, -3, 0, 0, -3, 0, 0, 0,
    0, 0, 0, 0, 0, 0, 0, 0,
    0, 0, 0, 0, 0, 0, 0, 0,
    -3, 0, 0, -5, -9, 0, -1, 0,
    0, 0, 0, 0, 0, -4, 0, 0,
    0, 0, 0, 0, 0, 0, -21, 0,
    -10, 0, -2, 0, 0, 0, 0, 0,
    0, 0, 0, 0, 0, 0, 0, 0,
    0, 0, 0, 0, 0, 0, -2, -3,
    -6, -7, 0, -1, -5, -2, -5, 0,
    0, -4, 0, -9, -5, 0, 0, 0,
    0, 0, 0, 0, 0, 0, 0, 0,
    0, 0, 0, 0, 0, 0, 0, 0,
    0, 0, 1, 0, 0, 0, 0, 0,
    -3, 0, 0, 0, 0, 0, 0, 0,
    0, 0, 0, 0, 0, 0, 0, 0,
    0, 0, 0, 0, 0, 0, 0, 0,
    0, 0, 0, 0, 0, 0, 0, 0,
    0, 0, 0, 0, -13, 0, 0, 0,
    0, -3, 0, 0, -3, 0, -13, -2,
    0, 0, 0, 0, 0, 0, 0, 0,
    0, 0, 0, 0, 0, 0, 0, 0,
    0, 0, -13, 0, -4, 0, 0, 0,
    0, 0, 0, -3, 0, 0, 0, 0,
    0, 0, 0, 0, -25, 0, -5, 0,
    -1, 0, 0, 0, 0, 0, 0, 0,
    0, 0, 0, 0, 0, 0, 0, 0,
    0, 0, 0, 0, -4, -9, 0, -6,
    0, -2, -4, -3, -6, 0, 0, -5,
    0, -5, -3, 0, 0, 0, 0, 0,
    0, 0, 0, 0, 0, 0, 0, 0,
    0, 0, -1, 0, -2, -6, -2, 0,
    -2, 0, 0, 0, 0, 0, -2, 0,
    0, 0, 0, 0, 0, 0, 0, -23,
    2, -4, 0, -2, 0, 0, 0, 0,
    0, 0, 0, 0, 0, 0, 0, 0,
    0, 0, 0, 0, 0, 0, 0, 0,
    0, 0, -1, 0, -4, -4, -5, -2,
    0, 0, -4, 0, -2, -7, 0, 0,
    0, 0, 0, 0, 0, 0, 0, 0,
    0, 0, 0, 0, 0, 0, 0, -3,
    -13, 0, 0, 0, 0, 0, 0, 0,
    0, 0, 0, 0, 0, 0, 0, 0,
    -4, 0, -22, 0, -2, 0, 0, 0,
    0, 0, 0, 0, 0, 0, 0, 0,
    0, 0, 0, 0, 0, 0, 0, 0,
    0, 0, 0, -10, -5, -11, 0, 0,
    0, -2, 0, 0, 0, -2, 0, -6,
    0, 0, 0, 0, 0, 0, 0, 0,
    0, 0, 0, 0, 0, 0, 0, -7,
    -2, 0, 0, -7, 0, -4, -4, 0,
    0, 0, 0, 0, -2, 0, 0, 0,
    0, 0, -4, -2, -2, -10, 4, 0,
    0, -3, 0, 0, 0, 0, 0, 0,
    0, 0, 0, 0, 0, 0, 0, 0,
    0, 0, 0, 0, 0, -6, -8, 0,
    -3, 0, -7, -8, -3, 1, -4, 0,
    -2, 0, -3, -7, 0, 0, 0, 0,
    0, 0, 0, 0, 0, 0, 0, 0,
    0, 0, 0, 0, 0, 0, 0, 0,
    0, 1, 0, 0, 0, 0, 0, -3,
    0, 0, 0, 0, 0, 5, 0, 0,
    0, 0, 0, 0, 0, 0, 0, 0,
    0, 0, 0, 0, 0, 0, 0, 0,
    0, 0, 0, 0, 0, 0, 0, 0,
    0, 0, 0, -13, 0, 0, 0, 0,
    -3, 0, 0, -3, 0, -13, -2, 0,
    0, 0, 0, 0, 0, 0, 0, 0,
    0, 0, 0, 0, 0, 0, 0, 0,
    0, 0, 17, 0, 0, 2, 2, 2,
    2, 2, 2, 2, 2, 2, 2, 0,
    0, 0, 0, 0, 11, 0, 0, 2,
    0, 0, 0, 0, 0, 0, 0, 0,
    0, 0, 0, 0, 0, 0, 0, 0,
    0, 0, 0, 0, 0, 0, 0, 2,
    0, 2, 0, 0, 0, 0, 0, 0,
    0, 0, 0, 0, 0, 0, 0, 0,
    0, 0, 0, 0, 0, 0, 0, 0,
    0, 0, 0, 0, 0, 0, 0, 0,
    0, 0, 0, 0, 0, 0, 0, 0,
    0, 0, 0, 0, 0, 0, 0, 3,
    0, 0, 0, 0, 0, 0, 0, 0,
    0, 0, 0, 0, 0, 0, 0, 0,
    0, 0, 0, 0, 0, 0, 0, 0,
    0, 0, 0, 0, 0, 0, 0, 0,
    0, 0, 0, 0, -2, 0, 0, 0,
    0, 0, 0, 0, 0, 0, 0, 0,
    0, 0, 0, 0, 0, 0, 0, -13,
    0, -4, 0, 0, 0, 0, 0, 0,
    -3, 0, 0, 0, 0, 0, 8, 0,
    0, -25, 0, -5, 0, -1, 0, 0,
    0, 0, 0, 0, 0, 0, 0, 0,
    0, 0, 0, 0, 0, 0, 0, 0,
    0, -4, -9, 0, -6, 0, -2, -4,
    -3, -6, 0, 0, -5, 0, -5, -3,
    0, 0, 0, 0, 0, 0, 0, 0,
    0, 0, 0, 0, 0, 0, 0, 0,
    0, -3, -13, 0, 0, 0, 0, 0,
    0, 0, 0, 0, 0, 0, 0, 0,
    0, 18, -4, 0, -22, 0, -2, 0,
    0, 0, 0, 0, 0, 0, 0, 0,
    0, 0, 0, 0, 0, 0, 0, 0,
    0, 0, 0, 0, 0, -10, -5, -11,
    0, 0, 0, -2, 0, 0, 0, -2,
    0, -6, 0, 0, 0, 0, 0, 0,
    0, 0, 0, 0, 0, 0, 0, 0,
    0, -7, -6, 0, -3, -12, 0, -3,
    -6, -3, -3, -3, -3, -5, -9, -3,
    -3, -3, -3, 0, -1, -4, -4, -11,
    -7, -10, 0, -6, 0, 0, 0, 0,
    0, 0, 0, 0, 0, 0, 0, 0,
    0, 0, 0, 0, 0, 0, 0, -1,
    -10, -6, -7, -3, 0, -10, -6, -11,
    -1, 0, -12, 0, -15, -21, 0, 0,
    0, 0, 0, 0, 0, 0, 0, 0,
    0, 0, 0, 0, 0, 0, 0, 0,
    -5, 0, -3, -6, -2, -2, -2, -2,
    -3, -7, -2, -2, -2, -2, 0, 0,
    0, -4, -6, 0, -2, 0, -3, 0,
    0, 0, 0, 0, 0, 0, 0, 0,
    0, 0, 0, 0, 0, 0, 0, 0,
    0, 0, 1, -2, 0, -4, -2, 2,
    -5, -6, 0, 0, 0, -5, 0, -3,
    -11, 0, 0, 0, 0, 0, 0, 0,
    0, 0, 0, 0, 0, 0, 0, 1,
    -3, 0, -3, -19, 0, 1, -2, 0,
    0, 0, 0, -2, -10, 0, 0, 0,
    0, 0, 0, -2, 0, -17, -1, -13,
    0, 0, 0, 0, 0, 0, 0, 0,
    0, 0, 0, 0, 0, 0, 0, 0,
    0, 0, 0, 0, 0, 0, -3, 0,
    0, 0, 0, -2, 0, 0, 0, 0,
    0, 0, 0, 0, 0, 0, 0, 0,
    0, 0, 0, 0, 0, 0, 0, 0,
    0, 0, 0, 0, 0, 0, -3, 0,
    -1, 0, 0, 0, 0, 0, 0, 0,
    0, 0, 0, 0, -3, 0, 0, 0,
    -3, 1, 0, 0, 0, 0, 0, 0,
    0, 0, 0, 0, 0, 0, 0, 0,
    0, 0, 0, 0, 0, 0, 0, 0,
    0, -5, 0, 0, 0, 0, 0, 0,
    0, 0, 0, 0, 0, 0, 0, 0,
    0, 0, 0, 0, 0, 0, 0, 0,
    0, 0, 0, 0, 0, -10, -6, -3,
    -5, -10, -2, -2, -3, -2, -2, -2,
    -2, 0, 4, -2, -2, -2, -2, 0,
    0, -4, -1, -10, 4, -7, 0, 0,
    0, 0, 0, 0, 0, 0, 0, 0,
    0, 0, 0, 0, 0, 0, 0, 0,
    0, 0, 0, -10, -11, -5, -4, -2,
    -9, -2, -6, 0, 0, 0, -3, 0,
    -3, -8, 0, 0, 0, 0, 0, 0,
    0, 0, 0, 0, 0, 0, 0, 0,
    0, 0, 0, 0, -4, 0, 0, 0,
    0, 0, 0, 0, 0, -3, 0, 0,
    0, 0, 0, 0, 0, 0, -3, 0,
    0, 0, 0, 0, 0, 0, 0, 0,
    0, 0, 0, 0, 0, 0, 0, 0,
    0, 0, 0, 0, 0, 0, -5, -3,
    0, -6, 0, 0, -3, -2, -3, 0,
    0, -4, 0, -8, -5, 0, 0, 0,
    0, 0, 0, 0, 0, 0, 0, 0,
    0, 0, 0, 0, 0, 0, 0, 0,
    0, 0, 0, 0, 0, 0, 0, 0,
    -3, 0, 0, 0, 0, 0, 0, 0,
    0, 0, 0, 0, 0, 0, 0, 0,
    0, 0, 0, 0, 0, 0, 0, 0,
    0, 0, 0, 0, 0, 0, 0, 0,
    0, 0, 0, 0, 0, 0, 0, -3,
    0, 0, 0, 0, -2, 0, 0, -3,
    0, 0, 0, 0, 0, 0, 0, 0,
    0, 0, 0, 0, 0, 0, -9, -3,
    0, -3, -2, 0, -7, -14, 3, -3,
    9, 5, -3, -8, 6, 8, 6, -3,
    -3, 7, -2, -10, 3, 1, -2, 0,
    -3, 0, 0, 0, 0, 0, 0, 0,
    0, 0, 0, 0, 0, 0, 0, 0,
    0, 0, 0, 0, -9, -8, 0, -3,
    -3, -17, -8, -11, -5, 7, 11, -7,
    0, -7, -27, 0, 0, 0, 0, 0,
    0, 0, 0, 0, 0, 0, 0, 0,
    0, 0, 0, 0, 0, 0, 0, 0,
    -5, 0, 0, 0, 0, 0, -3, 0,
    0, 0, 0, 0, 0, 0, 0, 0,
    -3, 0, 0, 0, 0, 0, 0, 0,
    0, 0, 0, 0, 0, 0, 0, 0,
    0, 0, 0, 0, 0, 0, 0, 0,
    0, 0, 0, 0, 0, 0, 0, 0,
    0, 0, 0, 0, 0, 0, 0, 0,
    0, 0, 0, 0, 0, 0, 0, 0,
    0, 0, 0, 0, 0, 0, 0, 0,
    0, 0, 0, -5, 4, 4, 4, 4,
    0, -3, 4, 4, 4, 4, 0, 3,
    0, 0, 0, -3, 0, 0, 0, 0,
    0, 0, 0, 0, 0, 0, 0, 0,
    0, 0, 0, 0, 0, 0, 0, 0,
    0, 0, 0, 0, 0, 0, 0, 0,
    0, 0, 0, 0, 0, 0, 0, 0,
    0, 0, 0, 0, 0, 0, 0, 0,
    0, 0, 0, 0, 0, 0, 0, 0,
    0, 0, -3, -13, 0, 0, 0, 0,
    0, 0, 0, 0, 0, 0, 0, 0,
    0, 0, 10, -4, 0, -22, 0, -2,
    0, 0, 0, 0, 0, 0, 0, 0,
    0, 0, 0, 0, 0, 0, 0, 0,
    0, 0, 0, 0, 0, 0, -10, -5,
    -11, 0, 0, 0, -2, 0, 0, 0,
    -2, 0, -6, 0, 0, 0, 0, 0,
    0, 0, 0, 0, 0, 0, 0, 0,
    0, 0, -9, -6, -4, 0, -5, 0,
    -14, -14, 5, -9, 9, 5, -8, -4,
    7, 5, 11, -5, -4, 8, -4, -15,
    -2, -1, 0, -3, -7, 0, 0, 0,
    0, 0, 0, 0, 0, 0, 0, 0,
    0, 0, 0, 0, 0, 0, 0, 0,
    -6, -6, -2, 0, -9, -10, -8, -12,
    -5, -5, 6, -9, 0, -7, -15, 0,
    0, 0, 0, 0, 0, 0, 0, 0,
    0, 0, 0, 0, 0, 0, -2, 0,
    0, 0, 0, 1, -3, 0, 0, 0,
    0, -2, -3, 0, 0, 0, 0, 0,
    0, 0, 0, 0, -2, 0, 0, 0,
    0, 0, 0, 0, 0, 0, 0, 0,
    0, 0, 0, 0, 0, 0, 0, 0,
    0, 0, 0, 0, -3, 0, 0, 0,
    0, 0, 0, 0, 0, 0, 0, 0,
    0, 0, 0, 0, 0, 0, 0, 0,
    0, 0, 0, 0, 0, 0, 0, 0,
    0, 0, 0, 0, 0, 0, 0, -2,
    0, 0, 0, 0, 0, -3, 0, 0,
    0, 0, 0, 0, 0, 0, 0, 1,
    0, 0, 0, 0, 0, 0, 0, 0,
    0, 0, 0, 0, 0, 0, 0, 0,
    0, 0, 0, 0, 0, 0, 0, 0,
    0, 0, 0, 0, -3, 0, 0, 0,
    0, 0, 0, 0, 0, 0, 0, 0,
    0, 0, 0, 0, 0, 0, 0, 0,
    0, 0, 0, 0, 0, 0, 0, 0,
    0, 0, 0, 0, 0, 0, 0, 0,
    0, 0, 0, 0, 0, 0, 0, 0,
    0, 0, 0, 0, 0, 0, 0, -5,
    -15, 0, 0, -18, 0, 0, 0, 0,
    0, 0, 0, 0, 0, 0, 0, 0,
    0, 0, 0, 0, 0, 0, 0, 0,
    0, 0, 0, 0, 0, 0, 0, 0,
    0, 0, 0, 0, 0, 0, 0, 0,
    0, 0, 0, 0, -18, 0, 0, 0,
    0, 0, 0, 0, 0, 0, 0, 0,
    0, 0, 0, 0, 0, 0, 0, 0,
    0, 0, 0, 0, 0, 0, 0, 0,
    0, 0, 0, 0, 0, 0, 0, 0,
    0, 0, 0, 0, 0, 0, 0, 0,
    0, 0, 0, 0, 0, 0, 0, 0,
    0, 0, 0, 0, 0, 0, 0, 0,
    0, 0, 0, 0, 0, 0, 0, 0,
    0, 0, 0, 0, 0, 0, 0, 0,
    -3, 0, 0, 0, 0, 0, 0, 0,
    0, 0, 0, 0, 0, 0, 0, 0,
    0, 0, 0, 0, 0, 0, 0, 0,
    0, 0, 0, 0, -5, 0, -3, 0,
    -3, -8, -5, 0, 0, 0, 0, 0,
    0, 0, 0, 0, 0, 0, 0, 0,
    0, 0, 0, 0, 0, 0, 0, 0,
    0, 0, 0, 0, 0, 0, 0, 0,
    0, 0, 0, 0, 0, 0, 0, 0,
    0, 0, 0, -10, 0, 0, 0, 0,
    0, 0, 0, 0, 0, 0, 0, 0,
    0, 0, 0, 0, 0, 0, 0, 0,
    0, 0, 0, 0, 0, 0, 0, -15,
    -5, 0, -8, 0, 0, 0, -13, -13,
    -8, -8, 0, -13, 0, 0, -13, 0,
    0, 0, 0, 0, 0, 0, 0, 0,
    0, 0, 0, 0, 0, 0, 0, 0,
    0, 0, 0, 0, 0, 0, 0, 0,
    0, 0, 0, 0, 0, 0, -15, 0,
    0, 0, 0, 0, 0, 0, 0, 0,
    0, 0, 0, 0, 0, 0, 0, 0,
    0, 0, 0, 0, 0, 0, 0, 0,
    0, 0, 0, 0, 0, 0, 0, 0,
    0, -5, -5, -3, 0, -5, -5, -5,
    0, -5, -5, -5, -5, 0, 0, 0,
    0, 0, 0, 0, 0, 0, 0, 0,
    0, 0, 0, 0, 0, 0, 0, 0,
    0, 0, 0, 0, 0, 0, 0, 0,
    10, -5, 0, 0, 0, 0, 0, 0,
    0, 0, 0, 0, 0, 0, 0, 0,
    0, 0, 0, 0, 0, 0, 0, 0,
    0, 0, 0, 0, 0, -18, -5, 0,
    -13, 0, 5, 0, -18, -18, -13, -13,
    -5, -18, 0, -5, -18, 0, 0, -5,
    0, 0, 0, 0, 0, 0, 0, 0,
    0, 0, 0, 0, 0, 0, 0, 0,
    0, 0, 0, 0, 0, 0, 0, 0,
    0, 0, -10, 0, -20, 0, 0, 0,
    0, 0, 0, 0, 0, 0, 0, 0,
    0, 0, 0, 0, 0, 0, 0, 0,
    0, 0, 0, 0, 0, 0, 0, 0,
    0, -3, 0, 0, 0, 0, 0, 0,
    0, 0, 0, 0, 0, 0, 0, 0,
    0, 0, 0, 0, 0, 0, 0, 0,
    0, 0, 0, 0, 0, 0, 0, 0,
    0, 0, 0, 0, 0, 0, 0, 0,
    0, 0, 0, 0, 0, 0, 0, 0,
    0, 0, 0, 0, 0, 0, 0, 0,
    0, 0, 0, 0, 0, 0, 0, 0,
    0, 0, 0, 0, 0, 0, 0, 0,
    0, 0, 0, 0, -5, 0, 0, 0,
    0, 0, 0, 0, 0, 0, 0, 0,
    0, 0, 0, 0, 0, 0, 0, 0,
    0, 0, 0, 0, 0, 0, 0, 0,
    0, 0, 0, 0, 0, 0, 0, 0,
    0, 0, 0, 0, 0, 0, 0, 0,
    0, 0, 0, 0, 0, 0, 0, 0,
    0, 0, 0, 0, 0, 0, 0, 0,
    0, 0, 0, 0, 0, 0, 0, 0,
    0, 0, 0, 0, 0, 0, -18, -5,
    0, -13, 0, 5, 0, -18, -18, -13,
    -13, -5, -18, 0, -5, -18, 0, 0,
    -5, 0, 0, 0, 0, 0, 0, 0,
    0, 0, 0, 0, 0, 0, 0, 0,
    0, 0, 0, 0, 0, 0, 0, 0,
    0, 0, 0, -10, 0, -15, 0, 0,
    0, 0, 0, 0, 0, 0, 0, 0,
    0, 0, 0, 0, 0, 0, 0, 0,
    0, 0, 0, 0, 0, 0, 0, 0,
    0, 0, 0, 0, 0, 0, 0, 0,
    -3, -5, -3, 0, -1, -5, -3, 0,
    -5, -3, -3, -3, 0, 0, 0, 0,
    0, 0, 0, 0, 0, 0, 0, 0,
    0, 0, 0, 0, 0, 0, 0, 0,
    0, 0, 0, 0, 0, 0, 0, 10,
    -5, 0, 0, 0, 0, 0, 0, 0,
    0, 0, 0, 0, 0, 0, 0, 0,
    0, 0, 0, 0, 0, 0, 0, 0,
    0, 0, 0, 0, 0, 0, 0, 0,
    0, 0, 0, -3, 0, 0, 0, 0,
    0, 0, 0, 0, 0, 0, 0, 0,
    0, 0, 0, 0, 0, 0, 0, 0,
    0, 0, 0, 0, 0, 0, 0, 0,
    0, 0, 0, 0, 0, 0, 0, 0,
    0, 0, 5, 0, 0, 0, 0, 0,
    0, 0, 0, 0, 0, 0, 0, 0,
    0, 0, 0, 0, 0, 0, 0, 0,
    0, 0, 0, 0, 0, 0, 0, 0,
    0, 0, 0, 0, 0, 0, 0, 0,
    0, 0, -1, 0, 0, 0, 0, -3,
    0, 0, 0, 0, 0, 0, 0, 0,
    0, 0, 0, 0, 0, 0, 0, 0,
    0, 0, 0, 0, 0, 0, 0, 0,
    0, 0, 0, 0, 0, -3, 0, 0,
    0, 0, 0, 0, 0, 0, 0, 0,
    0, 0, 0, 0, 0, 0, 0, 0,
    0, 0, 0, 0, 0, 0, 0, 0,
    0, 0, 0, 0, 0, 0, 0, 0,
    0, 0, 0, 0, 0, -5, 0, 0,
    -8, 0, -3, -3, -5, 0, 0, 0,
    0, 0, 0, 0, 0, 0, 0, 0,
    0, 0, 0, 0, 0, 0, 0, 0,
    0, 0, 0, 0, 0, 0, 0, 0,
    -3, 0, 0, 0, 0, 0, 0, 0,
    0, 0, 0, 0, 0, 0, 0, 0,
    0, 0, 0, 0, 0, 0, 0, 0,
    0, 0, 0, 0, 0, 0, 0, 0,
    0, 0, 0, 0, 0, 0, 0, 0,
    -5, 0, 0, -5, 0, 0, 0, -5,
    0, 0, 0, 0, 0, 0, 0, 0,
    0, 0, 0, 0, 0, 0, 0, 0,
    0, 0, 0, 0, 0, 0, 0, 0,
    0, 0, 0, -3, 0, 0, 0, 0,
    0, 0, 0, 0, 0, 0, 0, 0,
    0, 0, 0, 0, 0, 0, 0, 0,
    0, 0, 0, 0, 0, 0, 0, 0,
    0, 0, 0, 0, 0, 0, 0, -3,
    0, 0, 0, 0, 0, 0, -3, 0,
    0, 0, 0, 0, 0, 0, 0, 0,
    0, 0, 0, 0, 0, 0, 0, 0,
    0, 0, 0, 0, 0, 0, 0, 0,
    0, 0, 0, 0, 0, 0, 10, -10,
    0, 0, 0, 0, 0, 0, 0, 0,
    0, 0, 0, 0, 0, 0, 0, 0,
    0, 0, 0, 0, 0, 0, 0, 0,
    0, 0, 0, 0, 0, 0, 0, 0,
    0, 0, 0, 0, 0, 0, -5, 0,
    0, -5, 0, -3, -3, -5, 0, 0,
    0, 0, 0, 0, 0, 0, 0, 0,
    0, 0, 0, 0, 0, 0, 0, 0,
    0, 0, 0, 0, 0, 0, 0, 0,
    0, -3, 0, 0, 0, 0, 0, 0,
    0, 0, 0, 0, 0, 0, 0, 0,
    0, 0, 0, 0, 0, 0, 0, 0,
    0, 0, 0, 0, 0, 0, 0, 0,
    0, 0, 0, 0, 0, -6, -3, 0,
    0, 0, 0, 0, 0, 0, 0, -3,
    0, 0, 0, 0, 0, 0, 0, 0,
    0, 0, 0, 0, 0, 0, 0, 0,
    0, 0, 0, 0, 0, 0, 0, 0,
    0, 0, 0, 0, 5, 0, 0, 0,
    0, 0, 0, 0, 0, 0, 0, 0,
    0, 0, 0, 0, 0, 0, 0, 0,
    0, 0, 0, 0, 0, 0, 0, 0,
    0, 0, 0, 0, 0, 0, 0, 0,
    0, -3, 0, 0, 0, 0, 0, -5,
    0, 0, 0, 0, 0, 0, 0, 0,
    0, 0, 0, 0, 0, 0, 0, 0,
    0, 0, 0, 0, 0, 0, 0, 0,
    0, 0, 0, 0, 0, 0, 0, 0,
    0, 0, 0, 0, 0, 0, 0, 0,
    0, 0, 0, 0, 0, 0, 0, 0,
    0, 0, 0, 0, 0, 0, 0, 0,
    0, 0, 0, 0, 0, 0, 0, 0,
    0, 0, 0, -3, 0, 0, 0, -5,
    0, -5, 0, -3, -3, -5, -13, 0,
    0, 0, 0, 0, 0, 0, 0, 0,
    0, 0, 0, 0, 0, 0, 0, 0,
    0, 0, 0, 0, 0, 0, 0, 0,
    0, 0, 10, -5, 0, 0, 0, 0,
    0, 0, 0, 0, 0, 0, 0, 0,
    0, 0, 0, 0, 0, 0, 0, 0,
    0, 0, 0, 0, 0, 0, 0, 0,
    0, 0, -3, 0, 0, 0, -3, 0,
    -5, 0, 0, 0, 0, 0, 0, 0,
    0, 0, 0, 0, 0, 0, 0, 0,
    0, 0, 0, 0, 0, 0, 0, 0,
    0, 0, 0, 0, 0, 0, 0, 0,
    0, 0, 0, 0, 0, 5, 0, 0,
    0, 0, 0, 0, 0, 0, 0, 0,
    0, 0, 0, 0, 0, 0, 0, 0,
    0, 0, 0, 0, 0, 0, 0, 0,
    0, 0, 0, 0, 0, 0, 0, 0,
    0, -5, -5, 0, 0, 0, -5, 0,
    0, -5, 0, 0, 0, 0, 0, 0,
    0, 0, 0, 0, 0, 0, 0, 0,
    0, 0, 0, 0, 0, 0, 0, 0,
    0, 0, 0, 0, 0, 0, 0, 0,
    10, -10, 0, 0, 0, 0, 0, 0,
    0, 0, 0, 0, 0, 0, 0, 0,
    0, 0, 0, 0, 0, 0, 0, 0,
    0, 0, 0, 0, 0, 0, 0, 0,
    0, 0, 0, 0, -5, -5, 0, 0,
    0, -5, 0, 0, -5, 0, 0, 0,
    0, 0, 0, 0, 0, 0, 0, 0,
    0, 0, 0, 0, 0, 0, 0, 0,
    0, 0, 0, 0, 0, 0, 0, 0,
    0, 0, 0, 10, -5, 0, 0, 0,
    0, 0, 0, 0, 0, 0, 0, 0,
    0, 0, 0, 0, 0, 0, 0, 0,
    0, 0, 0, 0, 0, 0, 0, 0,
    0, 0, 0, 0, 0, 0, 0, -8,
    -5, -3, 0, 0, 0, 0, -8, 0,
    0, 0, 0, 0, 0, 0, 0, 0,
    0, 0, 0, 0, 0, 0, 0, 0,
    0, 0, 0, 0, 0, 0, 0, 0,
    0, 0, 0, 0, 0, 0, 10, 0,
    0, -5, 0, -10, -12, 0, 0, 0,
    0, 0, 0, 0, 0, -6, 0, 0,
    0, 0, 0, 0, -2, 0, -16, 0,
    -9, 0, 0, 0, 0, 0, 0, 0,
    0, 0, 0, 0, 0, 0, 0, 0,
    0, 0, 0, 0, 0, 0, 0, -7,
    0, -6, 0, -2, 0, 0, -5, 0,
    0, -2, 0, -12, -5, 0, 0, 0,
    0, 0, 0, 0, 0, 0, 0, 0,
    0, 0, 0, -34, -23, 0, 0, 0,
    -2, 0, -38, -26, -26, -26, -26, 0,
    -26, -26, -26, -26, -26, 0, 0, 0,
    0, 0, 0, 0, 0, 0, 0, 0,
    0, 0, 0, 0, 0, 0, 0, 0,
    0, 0, 0, 0, 0, 0, 0, 0,
    0, -23, 0, 0, -5, -26, -40, -26,
    -34, -24, 0, 0, 0, 0, -27, -54,
    0, 0, 0, 0, 0, 0, 0, 0,
    0, 0, 0, 0, 0, 0, -2, 0,
    0, 0, -11, 0, 0, 0, 0, 0,
    0, 0, 0, -5, 0, 0, 0, 0,
    -1, 0, -5, 0, -17, 0, -9, 0,
    0, 0, 0, 0, 0, 0, 0, 0,
    0, 0, 0, 0, 0, 0, 0, 0,
    0, 0, 0, 0, -6, -11, -5, -3,
    0, -4, -5, -4, -6, 0, 0, -4,
    0, -8, -4, 0, 0, 0, 0, 0,
    0, 0, 0, 0, 0, 0, 0, 0,
    0, -8, -6, -6, -3, -8, 0, -4,
    -8, -3, -3, -3, -3, -7, -7, -3,
    -3, -3, -3, 0, 0, -3, -5, -8,
    -6, -6, -3, -3, 0, 0, 0, 0,
    0, 0, 0, 0, 0, 0, 0, 0,
    0, 0, 0, 0, 0, 0, 0, -2,
    -5, -13, -9, -3, -3, -10, -9, -14,
    0, 0, -9, 0, -15, -21, 0, 0,
    0, 0, 0, 0, 0, 0, 0, 0,
    0, 0, 0, 0, -9, -6, -4, 0,
    -5, 0, -14, -14, -9, -9, -9, -9,
    -8, -4, -9, -9, -9, -9, -4, -5,
    -4, -15, -2, -1, 0, -3, -7, 0,
    0, 0, 0, 0, 0, 0, 0, 0,
    0, 0, 0, 0, 0, 0, 0, 0,
    0, 0, -6, -6, -2, 0, -9, -10,
    -8, -12, -5, -5, 6, -9, 0, -7,
    -15, 0, 0, 0, 0, 0, 0, 0,
    0, 0, 0, 0, 0, 0, 0, -1,
    0, 0, -3, -8, 0, 0, 0, 0,
    0, 0, 0, 0, -4, 0, 0, 0,
    0, 0, 0, 0, 0, -10, 0, -9,
    0, 0, 0, 0, 0, 0, 0, 0,
    0, 0, 0, 0, 0, 0, 0, 0,
    0, 0, 0, 0, 0, -5, -6, 0,
    -7, 0, -3, -6, -4, -7, 0, 0,
    -5, 0, -11, -5, 0, 0, 0, 0,
    0, 0, 0, 0, 0, 0, 0, 0,
    0, 0, 0, 0, 0, 0, -4, 0,
    0, 0, 0, 0, 0, 0, 0, 0,
    0, 0, 0, 0, 0, 0, 0, 0,
    -3, 0, -1, 0, 0, 0, 0, 0,
    0, 0, 0, 0, 0, 0, 0, 0,
    0, 0, 0, 0, 0, 0, 0, 0,
    0, -3, 0, 0, 0, 0, 0, 0,
    0, 0, 0, -5, 0, 0, -2, 0,
    0, 0, 0, 0, 0, 0, 0, 0,
    0, 0, 0, 0, 0, 1, 0, 0,
    0, -8, 0, 0, -3, 0, 0, 0,
    0, 0, -8, 0, 0, 0, 0, 0,
    0, 0, 0, -7, 0, -7, 0, 0,
    0, 0, 0, 0, 0, 0, 0, 0,
    0, 0, 0, 0, 0, 0, 0, 0,
    0, 0, 0, 0, 0, 0, -6, 0,
    0, -5, -4, -8, 0, 0, 0, 0,
    -11, -12, 0, 0, 0, 0, 0, 0,
    0, 0, 0, 0, 0, 0, 0, 0,
    -12, 0, -3, -2, -3, 0, -4, -3,
    -5, -5, -5, -5, 0, -2, -5, -5,
    -5, -5, -8, -3, 0, 0, -8, 1,
    -4, -4, 0, 0, 0, 0, 0, 0,
    0, 0, 0, 0, 0, 0, 0, 0,
    0, 0, 0, 0, 0, 0, -10, -6,
    -5, -5, -5, -11, -8, -5, -2, -3,
    0, -6, 0, -2, -5, 0, 0, 0,
    0, 0, 0, 0, 0, 0, 0, 0,
    0, 0, 0, -9, -3, 0, -3, -2,
    0, -7, -14, -3, -3, -3, -3, -3,
    -8, -3, -3, -3, -3, -3, 7, -2,
    -10, 3, 1, -2, 0, -3, 0, 0,
    0, 0, 0, 0, 0, 0, 0, 0,
    0, 0, 0, 0, 0, 0, 0, 0,
    0, -9, -8, 0, -3, -3, -17, -8,
    -11, -5, 7, 11, -7, 0, -7, -27,
    0, 0, 0, 0, 0, 0, 0, 0,
    0, 0, 0, 0, 0, 0, 0, 0,
    0, 0, 0, 0, 0, 0, 0, 0,
    0, 0, 0, 0, 0, 0, 0, 0,
    0, 0, 0, 0, 0, 0, 0, 0,
    0, 0, 0, 0, 0, 0, 0, 0,
    0, 0, 0, 0, 0, 0, 0, 0,
    0, 0, 0, 0, 0, 0, 0, 0,
    0, 0, 0, 0, 0, 0, 0, 0,
    0, 0, -2, 0, 0, 0, 0, 0,
    0, 0, 0, 0, 0, 0, 0, 0,
    0, -10, 0, 0, 0, -6, 0, 0,
    -6, 0, 0, 0, 0, 0, 1, 0,
    0, 0, 0, 0, 0, 0, 0, 0,
    0, -2, 0, 0, 0, 0, 0, 0,
    0, 0, 0, 0, 0, 0, 0, 0,
    0, 0, 0, 0, 0, 0, 0, -11,
    -9, -1, -3, 0, -9, -2, -3, 3,
    0, 0, -2, 0, 0, -5, 0, 0,
    0, 0, 0, 0, 0, 0, 0, 0,
    0, 0, 0, 0, 0, -2, 0, -3,
    -8, 0, -3, -5, 0, 0, 0, 0,
    -3, -8, 0, 0, 0, 0, 0, 2,
    -2, -3, -10, 0, -6, 0, -3, 0,
    0, 0, 0, 0, 0, 0, 0, 0,
    0, 0, 0, 0, 0, 0, 0, 0,
    0, 0, 0, 0, -2, -6, 0, 0,
    0, -7, -2, 2, 0, -4, 0, -5,
    -8, 0, 0, 0, 0, 0, 0, 0,
    0, 0, 0, 0, 0, 0, 0, 0,
    0, 0, 0, -8, 0, 0, 0, 0,
    0, 0, 0, 0, -8, 0, 0, 0,
    0, 0, 0, 0, 0, -28, 0, -10,
    0, 0, 0, 0, 0, 0, 0, 0,
    0, 0, 0, 0, 0, 0, 0, 0,
    0, 0, 0, 0, 0, -3, -8, 0,
    -18, 0, -4, -10, -2, -13, 0, 0,
    -4, 0, -13, -9, 0, 0, 0, 0,
    0, 0, 0, 0, 0, 0, 0, 0,
    0, 0, 0, 0, 0, 0, -7, 0,
    0, 0, 0, 0, 0, 0, 0, 0,
    0, 0, 0, 0, 0, 0, 0, 0,
    -16, 0, -8, 0, 0, 0, 0, 0,
    0, 0, 0, 0, 0, 0, 0, 0,
    0, 0, 0, 0, 0, 0, 0, 0,
    0, 0, 0, -2, 0, 0, 0, 0,
    0, 0, 0, -4, 0, 0, -2, 0,
    0, 0, 0, 0, 0, 0, 0, 0,
    0, 0, 0, 0, 0, 0, 0, 0,
    0, 0, 0, 0, -2, 0, 0, 0,
    0, -1, -7, 0, 0, 0, 0, 0,
    0, 0, 0, -6, 0, 0, 0, 0,
    0, 0, 0, 0, 0, 0, 0, 0,
    0, 0, 0, 0, 0, 0, 0, 0,
    0, 0, 0, 0, 0, 0, 0, 0,
    -2, -7, -1, -10, 0, 0, -9, 0,
    0, -6, 0, 0, 0, 0, 0, 0,
    0, 0, 0, 0, 0, 0, 0, 0,
    -8, -2, 0, 0, 0, 0, -5, -4,
    -3, -3, -3, -3, -4, 1, -3, -3,
    -3, -3, -4, -4, -1, -3, 1, 0,
    0, 0, -4, 0, 0, 0, 0, 0,
    0, 0, 0, 0, 0, 0, 0, 0,
    0, 0, 0, 0, 0, 0, -10, -4,
    -3, -3, -3, -9, -5, -6, -3, -4,
    0, -6, 0, -6, -6, 0, 0, 0,
    0, 0, 0, 0, 0, 0, 0, 0,
    0, 0, 0, 0, -6, 0, -5, -7,
    0, 0, 0, 0, 0, 0, 0, 0,
    0, 0, 0, 0, 0, 0, 0, -5,
    0, -21, 0, -6, 0, 0, 0, 0,
    0, 0, 0, 0, 0, 0, 0, 0,
    0, 0, 0, 0, 0, 0, 0, 0,
    0, -5, -7, -6, -10, 0, 0, -4,
    0, -6, 0, 0, -3, 0, -8, -6,
    0, 0, 0, 0, 0, 0, 0, 0,
    0, 0, 0, 0, 0, 0, -11, -8,
    -3, -3, -1, 0, -17, -15, -10, -10,
    -10, -10, -9, -11, -10, -10, -10, -10,
    -3, 6, -4, -17, -2, -5, -5, 0,
    -8, 0, 0, 0, 0, 0, 0, 0,
    0, 0, 0, 0, 0, 0, 0, 0,
    0, 0, 0, 0, -8, -8, 0, -3,
    -10, -15, -13, -14, -6, 6, 5, -9,
    0, -7, -23, 0, 0, 0, 0, 0,
    0, 0, 0, 0, 0, 0, 0, 0,
    0, 0, -2, 0, -3, -8, 0, -3,
    -5, 0, 0, 0, 0, -3, -8, 0,
    0, 0, 0, 0, 2, -2, -3, -10,
    0, -6, 0, -3, 0, 0, 0, 0,
    0, 0, 0, 0, 0, 0, 0, 0,
    0, 0, 0, 0, 0, 0, 0, 0,
    0, -2, -6, 0, 0, 0, -7, -2,
    13, 0, -4, 0, -5, -8, 0, 0,
    0, 0, 0, 0, 0, 0, 0, 0,
    0, 0, 0, 0, 0, 0, 0, 0,
    0, 0, 0, 0, 0, 0, 0, 0,
    0, 0, 0, 0, 0, 0, 0, 0,
    0, 0, 0, 0, 0, 0, 0, 0,
    0, 0, 0, 0, 0, 0, 0, 0,
    0, 0, 0, 0, 0, 0, 0, 0,
    0, 0, 0, 0, 0, 0, 0, 0,
    0, 0, 0, 0, 0, 0, 0, 0,
    0, 15, 44, 0, 0, 0, 0, 0,
    0, 0, 0, 0, 0, 0, 0, 0,
    0, 0, 0, 0, 0, 0, 0, 0,
    0, 0, 0, 0, 0, 0, 0, 0,
    0, 0, 0, 0, 0, 0, 0, 0,
    0, 0, 0, 0, 0, 0, 0, 0,
    0, 0, 0, 0, 0, 0, 0, 0,
    0, 0, 0, 0, 0, 0, 0, 0,
    0, 0, 0, 0, 0, 0, 0, 0,
    0, 0, 0, 0, 0, 0, 0, 0,
    -18, -5, -5, 0, 0, 0, 0, 0,
    0, 0, 0, 0, 0, 0, 0, 0,
    0, 0, 0, 0, 0, 0, 0, 0,
    0, 0, 0, 0, 0, 0, 0, 0,
    0, 0, 0, 0, 0, 0, 0, 0,
    0, 0, 0, 0, 0, 0, 0, 0,
    0, 0, 0, 0, 0, 0, 0, 0,
    0, 0, 0, 0, 0, 0, 0, 0,
    0, 0, 0, 0, 0, 0, 0, 0,
    0, 0, 0, -5, 0, 0, 0, 0,
    0, 0, 0, 0, 0, 0, 0, 0,
    0, 0, 0, 0, 0, 0, 0, 0,
    0, 0, 0, 0, 0, 0, 0, 0,
    0, 0, 0, 0, 0, 0, 0, 0,
    0, 0, 0, 0, 0, 0, 0, 0,
    0, 0, 0, 0, 0, 0, 0, 0,
    0, 0, 0, 0, 0, 0, 0, 0,
    0, 0, 0, 0, 0, 0, 0, 0,
    0, 0, 0, 0, -13, -15, 0, 0,
    -13, 5, -13, 0, -13, 0, 0, 0,
    0, 0, 0, 0, 0, 0, 0, 0,
    0, 0, 0, 0, 0, 0, 0, 0,
    0, 0, 0, 0, 0, 0, 0, 0,
    0, 0, 0, 0, 0, 0, 0, 0,
    0, 0, 0, 0, 0, 0, 0, 0,
    0, 0, 0, 0, 0, 0, 0, 0,
    0, 0, 0, 0, 0, 0, 0, 0,
    0, 0, 0, 0, 0, 0, 0, 0,
    0, -12, -8, 0, 0, 0, -8, 0,
    0, 0, 0, 0, 0, 0, 0, 0,
    0, 0, 0, 0, 0, 0, 0, 0,
    0, 0, 0, 0, 0, 0, 0, 0,
    0, 0, 0, 0, 0, 0, 0, 0,
    0, 0, 0, 0, 0, 0, 0, 0,
    0, 0, 0, 0, 0, 0, 0, 0,
    0, 0, 0, 0, 0, 0, 0, 0,
    0, 0, 0, 0, 0, 0, 0, 0,
    0, 0, 0, 0, -15, -8, 0, 0,
    0, -8, 0, 0, 0, 0, 0, 0,
    0, 0, 0, 0, 0, 0, 0, 0,
    0, 0, 0, 0, 0, 0, 0, 0,
    0, 0, 0, 0, 0, 0, 0, 0,
    0, 0, 0, 0, 0, 0, 0, 0,
    0, 0, 0, 0, 0, 0, 0, 0,
    0, 0, 0, 0, 0, 0, 0, 0,
    0, 0, 0, 0, 0, 0, 0, 0,
    0, 0, 0, 0, 0, -5, -8, 6,
    0, -12, 5, -8, 0, -12, 0, 0,
    0, 0, 0, 0, 0, 0, 0, 0,
    0, 0, 0, 0, 0, 0, 0, 0,
    0, 0, 0, 0, 0, 0, 0, 0,
    0, 0, 0, 0, 0, 0, 0, 0,
    0, 0, 0, 0, 0, 0, 0, 0,
    0, 0, 0, 0, 0, 0, 0, 0,
    0, 0, 0, 0, 0, 0, 0, 0,
    0, 0, 0, 0, 0, 0, 0, 0,
    -5, 0, -17, -10, 0, -5, 0, -10,
    0, 0, 0, 0, 0, 0, 0, 0,
    0, 0, 0, 0, 0, 0, 0, 0,
    0, 0, 0, 0, 0, 0, 0, 0,
    0, 0, 0, 0, 0, 0, 0, 0,
    0, 0, 0, 0, -10, 0, 0, 0,
    0, 0, 0, 0, 0, 0, 0, 0,
    0, 0, 0, 0, 0, 0, 0, 0,
    0, 0, 0, 0, 0, 0, 0, 0,
    0, 0, 0, 0, 0, 0, 0, 0,
    0, 0, 0, 0, 0, 0, 0
};


/*Collect the kern class' data in one place*/
static const lv_font_fmt_txt_kern_classes_t kern_classes =
{
    .class_pair_values   = kern_class_values,
    .left_class_mapping  = kern_left_class_mapping,
    .right_class_mapping = kern_right_class_mapping,
    .left_class_cnt      = 85,
    .right_class_cnt     = 75,
};

/*--------------------
 *  ALL CUSTOM DATA
 *--------------------*/

#if LVGL_VERSION_MAJOR == 8
/*Store all the custom data of the font*/
static  lv_font_fmt_txt_glyph_cache_t cache;
#endif

#if LVGL_VERSION_MAJOR >= 8
static const lv_font_fmt_txt_dsc_t font_dsc = {
#else
static lv_font_fmt_txt_dsc_t font_dsc = {
#endif
    .glyph_bitmap = glyph_bitmap,
    .glyph_dsc = glyph_dsc,
    .cmaps = cmaps,
    .kern_dsc = &kern_classes,
    .kern_scale = 16,
    .cmap_num = 13,
    .bpp = 4,
    .kern_classes = 1,
    .bitmap_format = 1,
#if LVGL_VERSION_MAJOR == 8
    .cache = &cache
#endif
};



/*-----------------
 *  PUBLIC FONT
 *----------------*/

/*Initialize a public general font descriptor*/
#if LVGL_VERSION_MAJOR >= 8
const lv_font_t extras_16 = {
#else
lv_font_t extras_16 = {
#endif
    .get_glyph_dsc = lv_font_get_glyph_dsc_fmt_txt,    /*Function pointer to get glyph's data*/
    .get_glyph_bitmap = lv_font_get_bitmap_fmt_txt,    /*Function pointer to get glyph's bitmap*/
    .line_height = 24,          /*The maximum line height required by the font*/
    .base_line = 7,             /*Baseline measured from the bottom of the line*/
#if !(LVGL_VERSION_MAJOR == 6 && LVGL_VERSION_MINOR == 0)
    .subpx = LV_FONT_SUBPX_NONE,
#endif
#if LV_VERSION_CHECK(7, 4, 0) || LVGL_VERSION_MAJOR >= 8
    .underline_position = -1,
    .underline_thickness = 1,
#endif
    .dsc = &font_dsc,          /*The custom font data. Will be accessed by `get_glyph_bitmap/dsc` */
#if LV_VERSION_CHECK(8, 2, 0) || LVGL_VERSION_MAJOR >= 9
    .fallback = NULL,
#endif
    .user_data = NULL,
};



#endif /*#if EXTRAS_16*/
