// Auto-generated pre-dithered RGB565 wallpaper (Floyd-Steinberg to the 565
// grid). Displayed straight from flash so the dither is byte-exact on the
// panel — no JPEG round-trip to re-introduce gradient banding.
#pragma once
#include <stdint.h>

// 320x240, gradient + padlock + WADAMESH wordmark (#228 rebrand).
#define LOCKSCREEN_WALLPAPER_W 320
#define LOCKSCREEN_WALLPAPER_H 240

static const uint16_t lockscreen_wallpaper_rgb565[76800] = {
  0x0862,0x0862,0x0863,0x0862,0x0862,0x0863,0x0862,0x0862,0x0863,0x0862,0x0863,0x0862,
  0x0863,0x0862,0x0863,0x0862,0x0863,0x0863,0x0863,0x0863,0x0863,0x0863,0x0863,0x0863,
  0x0863,0x0863,0x0863,0x0863,0x0863,0x0863,0x0863,0x0863,0x0863,0x0863,0x0863,0x0863,
  0x0863,0x0863,0x0863,0x0863,0x0863,0x0863,0x0863,0x0863,0x0863,0x0863,0x0863,0x0863,
  0x0883,0x0863,0x0883,0x0863,0x0883,0x0863,0x0883,0x0863,0x0883,0x0863,0x0883,0x0863,
  0x0883,0x0863,0x0883,0x0863,0x0883,0x0863,0x0883,0x0863,0x0883,0x0863,0x0883,0x0863,
  0x0883,0x0863,0x0883,0x0863,0x0883,0x0863,0x0883,0x0863,0x0883,0x0883,0x0883,0x0883,
  0x0883,0x0883,0x0883,0x0883,0x0883,0x0883,0x0883,0x0883,0x0883,0x0883,0x0883,0x0883,
  0x0883,0x0883,0x0883,0x0883,0x0883,0x0883,0x0883,0x0883,0x0883,0x0883,0x0883,0x0883,
  0x0883,0x0883,0x0883,0x0883,0x0883,0x0883,0x0883,0x0883,0x0883,0x0883,0x0883,0x0883,
  0x0883,0x0883,0x0883,0x0883,0x0883,0x0883,0x0883,0x0883,0x0883,0x0883,0x0883,0x0883,
  0x0883,0x0883,0x0883,0x0883,0x0883,0x0883,0x0883,0x0883,0x0883,0x0883,0x0883,0x0883,
  0x0883,0x0883,0x0883,0x0883,0x0883,0x0883,0x0883,0x0883,0x0884,0x0883,0x0883,0x0884,
  0x0883,0x0883,0x0884,0x0883,0x0883,0x0884,0x0883,0x0883,0x0884,0x0883,0x0883,0x0884,
  0x0883,0x0883,0x0883,0x0883,0x0883,0x0883,0x0883,0x0883,0x0883,0x0883,0x0883,0x0883,
  0x0883,0x0883,0x0883,0x0883,0x0883,0x0883,0x0883,0x0883,0x0883,0x0883,0x0883,0x0883,
  0x0883,0x0883,0x0883,0x0883,0x0883,0x0883,0x0883,0x0883,0x0883,0x0883,0x0883,0x0883,
  0x0883,0x0883,0x0883,0x0883,0x0883,0x0883,0x0883,0x0883,0x0883,0x0883,0x0883,0x0883,
  0x0883,0x0883,0x0883,0x0883,0x0883,0x0883,0x0883,0x0883,0x0883,0x0883,0x0883,0x0883,
  0x0883,0x0883,0x0883,0x0883,0x0883,0x0883,0x0883,0x0883,0x0883,0x0883,0x0883,0x0883,
  0x0863,0x0883,0x0863,0x0883,0x0863,0x0883,0x0863,0x0883,0x0863,0x0883,0x0863,0x0883,
  0x0863,0x0883,0x0863,0x0883,0x0863,0x0883,0x0863,0x0883,0x0863,0x0883,0x0863,0x0883,
  0x0863,0x0883,0x0863,0x0883,0x0863,0x0883,0x0863,0x0883,0x0863,0x0863,0x0863,0x0863,
  0x0863,0x0863,0x0863,0x0863,0x0863,0x0863,0x0863,0x0863,0x0863,0x0863,0x0863,0x0863,
  0x0863,0x0863,0x0863,0x0863,0x0863,0x0863,0x0863,0x0863,0x0863,0x0863,0x0863,0x0863,
  0x0863,0x0863,0x0863,0x0863,0x0862,0x0863,0x0862,0x0863,0x0862,0x0863,0x0862,0x0863,
  0x0862,0x0863,0x0862,0x0863,0x0862,0x0863,0x0862,0x0863,0x0863,0x0863,0x0862,0x0863,
  0x0863,0x0862,0x0863,0x0863,0x0863,0x0863,0x0863,0x0863,0x0863,0x0863,0x0863,0x0863,
  0x0863,0x0863,0x0863,0x0863,0x0863,0x0863,0x0863,0x0863,0x0883,0x0883,0x0883,0x0883,
  0x0883,0x0883,0x0883,0x0883,0x0883,0x0883,0x0883,0x0883,0x0883,0x0883,0x0883,0x0883,
  0x0883,0x0883,0x0883,0x0883,0x0883,0x0883,0x0883,0x0863,0x1083,0x0883,0x1083,0x0883,
  0x1083,0x0883,0x1083,0x0883,0x1083,0x0883,0x1083,0x0883,0x1083,0x0883,0x1083,0x0883,
  0x1083,0x0883,0x1083,0x0883,0x1083,0x0883,0x1083,0x0883,0x1083,0x0883,0x1083,0x0883,
  0x1083,0x0883,0x1083,0x0883,0x0884,0x0883,0x0884,0x0883,0x0884,0x0883,0x0884,0x0883,
  0x0884,0x0883,0x0884,0x0883,0x0884,0x0883,0x0884,0x0883,0x0884,0x0884,0x0884,0x0884,
  0x0884,0x0884,0x0884,0x0884,0x0884,0x0884,0x0884,0x0884,0x0884,0x0884,0x0884,0x0884,
  0x0884,0x0884,0x0884,0x0884,0x0884,0x0884,0x0884,0x0884,0x0884,0x0884,0x0884,0x0884,
  0x0884,0x0884,0x0884,0x0884,0x0884,0x0884,0x0884,0x0884,0x0884,0x0884,0x0884,0x0884,
  0x0884,0x0884,0x0884,0x0884,0x0884,0x0884,0x0884,0x0884,0x0884,0x0884,0x0884,0x0884,
  0x0884,0x0884,0x0884,0x1083,0x0884,0x1084,0x0883,0x1084,0x0884,0x1083,0x0884,0x1084,
  0x0883,0x1084,0x0884,0x1083,0x0884,0x1084,0x0883,0x1084,0x0883,0x0884,0x0884,0x0884,
  0x0884,0x0884,0x0884,0x0884,0x0884,0x0884,0x0884,0x0884,0x0884,0x0884,0x0884,0x0884,
  0x0884,0x0884,0x0884,0x0884,0x0884,0x0884,0x0884,0x0884,0x0884,0x0884,0x0884,0x0884,
  0x0884,0x0884,0x0884,0x0884,0x0884,0x0884,0x0884,0x0884,0x0884,0x0884,0x0884,0x0884,
  0x0884,0x0884,0x0884,0x0884,0x0884,0x0884,0x0884,0x0884,0x0884,0x0884,0x0884,0x0884,
  0x0884,0x0884,0x0884,0x0883,0x0884,0x0883,0x0884,0x0883,0x0884,0x0883,0x0884,0x0883,
  0x0884,0x0883,0x0884,0x0883,0x0884,0x0883,0x0884,0x1083,0x0883,0x1083,0x0883,0x1083,
  0x0883,0x1083,0x0883,0x1083,0x0883,0x1083,0x0883,0x1083,0x0883,0x1083,0x0883,0x1083,
  0x0883,0x1083,0x0883,0x1083,0x0883,0x1083,0x0883,0x1083,0x0883,0x1083,0x0883,0x1083,
  0x0883,0x1083,0x0883,0x1083,0x0863,0x0883,0x0883,0x0883,0x0883,0x0883,0x0883,0x0883,
  0x0883,0x0883,0x0883,0x0883,0x0883,0x0883,0x0883,0x0883,0x0883,0x0883,0x0883,0x0883,
  0x0883,0x0883,0x0883,0x0883,0x0863,0x0863,0x0863,0x0863,0x0863,0x0863,0x0863,0x0863,
  0x0863,0x0863,0x0863,0x0863,0x0863,0x0863,0x0863,0x0863,0x0863,0x0863,0x0863,0x0863,
  0x0863,0x0863,0x0863,0x0862,0x0862,0x0863,0x0862,0x0863,0x0862,0x0863,0x0862,0x0863,
  0x0862,0x0863,0x0862,0x0863,0x0862,0x0863,0x0862,0x0863,0x0863,0x0863,0x0863,0x0863,
  0x0863,0x0863,0x0883,0x0863,0x0863,0x1063,0x0863,0x1063,0x0863,0x1063,0x0863,0x1063,
  0x0863,0x1063,0x0863,0x1063,0x0863,0x1063,0x0863,0x1063,0x0863,0x1063,0x0863,0x1063,
  0x0863,0x1063,0x0883,0x0863,0x0883,0x1084,0x0863,0x0884,0x1063,0x0884,0x0863,0x1084,
  0x0863,0x0884,0x1063,0x0884,0x0863,0x1084,0x0863,0x0884,0x1063,0x0884,0x0863,0x1084,
  0x0863,0x0884,0x1063,0x0884,0x0863,0x1084,0x0863,0x0884,0x1063,0x0884,0x0863,0x1083,
  0x0883,0x10A3,0x0883,0x10A3,0x0883,0x10A3,0x0883,0x10A3,0x0883,0x10A3,0x0883,0x10A3,
  0x0883,0x10A3,0x0883,0x10A4,0x0883,0x1083,0x0883,0x1083,0x0883,0x1083,0x0883,0x1083,
  0x0883,0x1083,0x0883,0x1083,0x0883,0x1083,0x0883,0x1083,0x0883,0x1083,0x0883,0x1083,
  0x0883,0x1083,0x0883,0x1083,0x0883,0x1083,0x0883,0x1083,0x0883,0x1083,0x0883,0x1083,
  0x0883,0x1083,0x0883,0x1083,0x0883,0x1083,0x0883,0x1083,0x0883,0x1084,0x1083,0x0883,
  0x1083,0x1084,0x0883,0x1083,0x1083,0x0884,0x1083,0x1083,0x0883,0x1084,0x0883,0x0884,
  0x1083,0x0884,0x0883,0x1084,0x0883,0x0884,0x1083,0x0884,0x0883,0x1084,0x0883,0x0884,
  0x1083,0x0884,0x0883,0x0884,0x1084,0x0883,0x1083,0x1084,0x0883,0x1083,0x1083,0x0884,
  0x1083,0x1083,0x0883,0x1084,0x1083,0x0883,0x1083,0x1084,0x0883,0x1083,0x0883,0x1083,
  0x0883,0x1083,0x0883,0x1083,0x0883,0x1083,0x0883,0x1083,0x0883,0x1083,0x0883,0x1083,
  0x0883,0x1083,0x0883,0x1083,0x0883,0x1083,0x0883,0x1083,0x0883,0x1083,0x0883,0x1083,
  0x0883,0x1083,0x0883,0x1083,0x0883,0x1083,0x0883,0x1083,0x0883,0x1083,0x0884,0x1083,
  0x0884,0x1083,0x0883,0x1084,0x0883,0x1083,0x0884,0x1083,0x0883,0x1084,0x0883,0x1083,
  0x0884,0x1083,0x08A3,0x0884,0x1083,0x0864,0x0883,0x1064,0x0883,0x0864,0x1083,0x0864,
  0x0883,0x1064,0x0883,0x0864,0x1083,0x0864,0x0883,0x1064,0x0883,0x0864,0x1083,0x0864,
  0x0883,0x1064,0x0883,0x0864,0x1083,0x0864,0x0883,0x1064,0x0883,0x0864,0x1083,0x0884,
  0x0863,0x1083,0x0863,0x1063,0x0863,0x1063,0x0863,0x1063,0x0863,0x1063,0x0863,0x1063,
  0x0863,0x1063,0x0863,0x1063,0x0863,0x1063,0x0863,0x1063,0x0863,0x1063,0x0863,0x1083,
  0x0863,0x0883,0x0863,0x0883,0x0863,0x0883,0x0863,0x0883,0x0862,0x0883,0x0862,0x0883,
  0x0862,0x0883,0x0862,0x0883,0x0862,0x0883,0x0862,0x0883,0x0862,0x0883,0x0863,0x0863,
  0x0862,0x0863,0x0863,0x0862,0x0863,0x0863,0x0863,0x0862,0x0863,0x0883,0x0863,0x0883,
  0x0863,0x0883,0x0863,0x0882,0x0863,0x0883,0x0863,0x0883,0x0863,0x0863,0x0863,0x0883,
  0x1083,0x0883,0x0883,0x0883,0x0883,0x0883,0x0883,0x0883,0x0883,0x0883,0x0883,0x0883,
  0x0883,0x0883,0x0883,0x0883,0x0883,0x0883,0x1083,0x0883,0x0883,0x0883,0x1083,0x0884,
  0x1083,0x0883,0x1083,0x0883,0x0883,0x1083,0x0883,0x0883,0x1083,0x0883,0x0883,0x1083,
  0x0883,0x0883,0x1083,0x0883,0x0883,0x1083,0x0883,0x0883,0x1083,0x0883,0x0883,0x1083,
  0x0883,0x0883,0x1083,0x0883,0x0883,0x1083,0x0883,0x1084,0x0883,0x0884,0x0883,0x0884,
  0x0883,0x0884,0x0883,0x0884,0x0883,0x0884,0x0883,0x0884,0x0883,0x0884,0x0883,0x0883,
  0x0884,0x0883,0x0884,0x0884,0x0883,0x0884,0x0884,0x0883,0x0884,0x0884,0x0883,0x0884,
  0x0884,0x0883,0x0884,0x0884,0x0883,0x0884,0x0884,0x0883,0x0884,0x0884,0x0883,0x0884,
  0x0884,0x0883,0x0884,0x0884,0x0883,0x0884,0x0884,0x0883,0x0884,0x0884,0x0883,0x0884,
  0x0884,0x0883,0x0884,0x0884,0x1083,0x0884,0x0883,0x1084,0x0884,0x0883,0x1084,0x0884,
  0x0883,0x1084,0x0883,0x0884,0x1084,0x0883,0x1084,0x08A3,0x0884,0x10A3,0x0884,0x08A3,
  0x1084,0x08A3,0x0884,0x10A3,0x0884,0x08A3,0x1084,0x08A3,0x0884,0x10A3,0x0884,0x10A3,
  0x0884,0x0883,0x0884,0x1083,0x0884,0x0884,0x1083,0x0884,0x0883,0x1084,0x0884,0x0883,
  0x1084,0x0884,0x0883,0x0884,0x0883,0x0884,0x0884,0x0883,0x0884,0x0884,0x0883,0x0884,
  0x0884,0x0883,0x0884,0x0884,0x0883,0x0884,0x0884,0x0883,0x0884,0x0884,0x0883,0x0884,
  0x0884,0x0883,0x0884,0x0884,0x0883,0x0884,0x0884,0x0883,0x0884,0x0884,0x0883,0x0884,
  0x0884,0x0883,0x0884,0x0884,0x0883,0x0884,0x0883,0x0884,0x0883,0x08A4,0x0883,0x08A3,
  0x0884,0x08A3,0x0883,0x08A4,0x0883,0x08A3,0x0884,0x08A3,0x0883,0x0884,0x1083,0x0883,
  0x0883,0x1083,0x0883,0x0883,0x1083,0x0883,0x0883,0x1083,0x0883,0x0883,0x1083,0x0883,
  0x0883,0x1083,0x0883,0x0883,0x1083,0x0883,0x0883,0x1083,0x0883,0x0883,0x1083,0x0883,
  0x0883,0x1083,0x0883,0x0883,0x1083,0x0883,0x0863,0x1083,0x0883,0x0884,0x1083,0x0884,
  0x0883,0x1084,0x0883,0x0884,0x0883,0x0883,0x0883,0x0883,0x0883,0x0883,0x0883,0x0883,
  0x0883,0x0883,0x0883,0x0883,0x0883,0x0883,0x0863,0x0883,0x0863,0x0863,0x0863,0x0863,
  0x0863,0x0863,0x0863,0x0863,0x0863,0x0863,0x0863,0x0863,0x0863,0x0863,0x0863,0x0863,
  0x0863,0x0863,0x0863,0x0863,0x0863,0x0862,0x0883,0x0862,0x0863,0x0863,0x0862,0x0863,
  0x0863,0x0862,0x0863,0x0863,0x0863,0x0862,0x0863,0x0862,0x0863,0x0862,0x0863,0x0863,
  0x0863,0x0863,0x0863,0x0863,0x0883,0x0863,0x1063,0x0863,0x0863,0x0863,0x0863,0x1063,
  0x0863,0x1063,0x0863,0x1063,0x0863,0x1063,0x0863,0x1063,0x0863,0x1063,0x0863,0x1083,
  0x0884,0x1083,0x0884,0x1083,0x0884,0x1063,0x0883,0x1063,0x0883,0x0864,0x0883,0x1064,
  0x0883,0x1064,0x0883,0x1064,0x0883,0x1064,0x0883,0x1064,0x0883,0x1064,0x0883,0x1064,
  0x0883,0x1084,0x1083,0x0884,0x1083,0x1084,0x0883,0x1084,0x1083,0x0884,0x1083,0x1084,
  0x0883,0x1084,0x0883,0x1083,0x0884,0x08A3,0x1084,0x08A3,0x1084,0x08A3,0x1084,0x08A3,
  0x1084,0x08A3,0x1084,0x08A3,0x1084,0x08A3,0x1084,0x08A3,0x1084,0x0883,0x1083,0x0884,
  0x1083,0x0883,0x1084,0x0883,0x1083,0x0884,0x1083,0x0883,0x1084,0x0883,0x1083,0x0884,
  0x1083,0x0883,0x1084,0x0883,0x1083,0x0884,0x1083,0x0883,0x1084,0x0883,0x1083,0x0884,
  0x1083,0x0883,0x1084,0x0883,0x1083,0x0884,0x1083,0x0883,0x1084,0x0883,0x1083,0x0884,
  0x0883,0x1084,0x0884,0x0883,0x1084,0x0883,0x0884,0x1083,0x0884,0x0883,0x1084,0x0883,
  0x0884,0x08A3,0x1084,0x0883,0x1084,0x0884,0x1083,0x0884,0x1084,0x0883,0x1084,0x0884,
  0x1083,0x0884,0x1084,0x0883,0x1084,0x0884,0x1083,0x0884,0x10A3,0x0884,0x10A3,0x0884,
  0x10A3,0x0884,0x08A3,0x1084,0x08A4,0x0883,0x10A4,0x0883,0x08A4,0x1083,0x08A4,0x1083,
  0x0884,0x1083,0x0883,0x1084,0x0883,0x1083,0x0884,0x1083,0x0883,0x1084,0x0883,0x1083,
  0x0884,0x1083,0x0883,0x1084,0x0883,0x1083,0x0884,0x1083,0x0883,0x1084,0x0883,0x1083,
  0x0884,0x1083,0x0883,0x1084,0x0883,0x1083,0x0884,0x1083,0x0883,0x1084,0x0883,0x1083,
  0x0884,0x1083,0x0884,0x1083,0x0883,0x1083,0x0884,0x1083,0x0883,0x1084,0x0883,0x1083,
  0x0884,0x1083,0x0883,0x1084,0x08A3,0x0883,0x08A4,0x0883,0x1084,0x0883,0x1084,0x1083,
  0x0884,0x1083,0x1084,0x0883,0x1084,0x1083,0x0884,0x1083,0x1084,0x0883,0x1084,0x1083,
  0x0864,0x1083,0x0864,0x1083,0x0864,0x1083,0x0864,0x1083,0x0864,0x1083,0x0864,0x1083,
  0x0864,0x1083,0x0884,0x0883,0x1063,0x0883,0x0863,0x1083,0x0883,0x0883,0x1083,0x0863,
  0x1063,0x0863,0x1064,0x0863,0x1063,0x0864,0x1063,0x0863,0x1064,0x0863,0x1063,0x0864,
  0x1063,0x0883,0x1064,0x0883,0x0863,0x1083,0x0863,0x0883,0x1063,0x0883,0x0863,0x1083,
  0x0862,0x0883,0x1062,0x0883,0x0862,0x1083,0x0862,0x0883,0x1062,0x0883,0x0862,0x1083,
  0x0863,0x0863,0x1063,0x0863,0x0862,0x0863,0x0863,0x0863,0x0863,0x0863,0x0863,0x0862,
  0x0883,0x0863,0x0883,0x0863,0x0883,0x0863,0x0882,0x0863,0x0883,0x1083,0x0883,0x0863,
  0x1083,0x0883,0x0883,0x0863,0x1083,0x0883,0x0883,0x0883,0x0883,0x0883,0x0883,0x0883,
  0x0883,0x0883,0x0883,0x0883,0x0883,0x0883,0x0863,0x0883,0x1063,0x0883,0x0863,0x1083,
  0x0883,0x0883,0x0884,0x0883,0x1083,0x0883,0x1083,0x0883,0x0883,0x1083,0x0883,0x0883,
  0x0883,0x1083,0x0883,0x0883,0x1083,0x0883,0x0883,0x0883,0x1083,0x0884,0x1083,0x0883,
  0x0884,0x1083,0x0883,0x0884,0x1083,0x0883,0x0884,0x1083,0x0883,0x1084,0x0883,0x1084,
  0x0883,0x0883,0x0883,0x0883,0x0883,0x0883,0x0883,0x0883,0x0883,0x0883,0x0883,0x0883,
  0x0883,0x0883,0x0883,0x0883,0x0884,0x0883,0x0884,0x0883,0x0884,0x0883,0x0884,0x0883,
  0x0884,0x0883,0x0884,0x0883,0x0884,0x0883,0x0884,0x0883,0x1084,0x0884,0x0883,0x1084,
  0x0884,0x0883,0x1084,0x0884,0x0883,0x1084,0x0884,0x0883,0x1084,0x0884,0x0883,0x1084,
  0x0884,0x0883,0x1084,0x0884,0x0883,0x1084,0x0884,0x1083,0x0884,0x08A3,0x1084,0x08A3,
  0x0884,0x10A3,0x0884,0x08A4,0x1083,0x08A4,0x0884,0x10A3,0x0884,0x1084,0x0883,0x08A4,
  0x0883,0x10A4,0x0883,0x08A4,0x1083,0x08A4,0x0883,0x08A4,0x1083,0x08A4,0x0883,0x10A4,
  0x0883,0x08A4,0x0883,0x1084,0x0883,0x1084,0x0884,0x0883,0x1084,0x0883,0x1084,0x0883,
  0x1084,0x0883,0x1084,0x0883,0x1084,0x0884,0x1083,0x0884,0x1083,0x0884,0x0884,0x1083,
  0x0884,0x0884,0x1083,0x0884,0x0884,0x1083,0x0884,0x0884,0x1083,0x0884,0x0884,0x1083,
  0x0884,0x0884,0x1083,0x0884,0x0884,0x1083,0x0884,0x0884,0x0883,0x0884,0x0883,0x0884,
  0x0883,0x0884,0x0883,0x0884,0x0883,0x0884,0x0883,0x0884,0x0883,0x0884,0x0883,0x0884,
  0x0883,0x08A4,0x0883,0x08A3,0x0884,0x08A3,0x0883,0x08A4,0x0883,0x08A3,0x0884,0x0883,
  0x1083,0x0884,0x1083,0x0883,0x1084,0x0883,0x1083,0x0884,0x1083,0x0884,0x0883,0x1084,
  0x0883,0x0884,0x1083,0x0884,0x0883,0x1084,0x0883,0x0883,0x1083,0x0883,0x0883,0x1083,
  0x0883,0x0883,0x0883,0x1083,0x0883,0x0883,0x1083,0x0883,0x0883,0x0883,0x1063,0x0883,
  0x1084,0x0883,0x1084,0x0883,0x1064,0x0883,0x1083,0x0884,0x0883,0x0883,0x0883,0x0883,
  0x0883,0x0883,0x0883,0x0883,0x0883,0x0883,0x0883,0x0883,0x0863,0x0883,0x0863,0x1083,
  0x0863,0x0883,0x0863,0x1083,0x0863,0x0883,0x0863,0x0883,0x0863,0x0863,0x0863,0x0863,
  0x0863,0x0863,0x0863,0x0863,0x0863,0x0863,0x0863,0x0862,0x0883,0x0862,0x0883,0x0862,
  0x0863,0x0862,0x0863,0x0862,0x0863,0x0882,0x0863,0x0863,0x0863,0x0862,0x0863,0x0862,
  0x0863,0x0863,0x0863,0x1063,0x0883,0x0863,0x1063,0x0883,0x0863,0x0863,0x1083,0x0863,
  0x0883,0x0863,0x1063,0x0863,0x1063,0x0863,0x1063,0x0863,0x1063,0x0863,0x1063,0x0863,
  0x1063,0x0884,0x1063,0x0883,0x0884,0x1083,0x0884,0x0863,0x1084,0x0863,0x1083,0x0863,
  0x1084,0x0863,0x0884,0x1063,0x0884,0x0863,0x1084,0x0863,0x1084,0x0863,0x1084,0x0863,
  0x0884,0x1063,0x0884,0x1063,0x0884,0x1083,0x0883,0x1084,0x0883,0x1083,0x1084,0x0883,
  0x1083,0x1084,0x0883,0x1083,0x0884,0x1083,0x0883,0x1083,0x0884,0x1083,0x0884,0x1084,
  0x0884,0x1084,0x0884,0x1084,0x0884,0x1084,0x0884,0x1084,0x0884,0x1084,0x0884,0x1083,
  0x0884,0x1083,0x0884,0x1083,0x0884,0x1083,0x0884,0x1083,0x0884,0x1083,0x0884,0x1083,
  0x0884,0x1083,0x0884,0x0883,0x0884,0x1083,0x0884,0x0883,0x1084,0x0883,0x0884,0x1083,
  0x0884,0x0883,0x1084,0x0883,0x0884,0x1083,0x0884,0x0883,0x1084,0x0883,0x0884,0x1083,
  0x0884,0x0883,0x1084,0x08A3,0x1084,0x08A4,0x1083,0x10A4,0x0884,0x10A4,0x1083,0x08A4,
  0x1084,0x10A3,0x0884,0x10A4,0x0883,0x10A4,0x08A4,0x1084,0x0883,0x0884,0x1083,0x0884,
  0x0884,0x1083,0x0884,0x1083,0x0884,0x1083,0x0884,0x0883,0x1084,0x0883,0x10A4,0x0883,
  0x08A4,0x10A3,0x08A4,0x10A4,0x08A4,0x10A4,0x08A3,0x10A4,0x08A4,0x10A3,0x08A4,0x10A4,
  0x08A3,0x10A4,0x08A4,0x10A4,0x0883,0x10A4,0x0883,0x0884,0x1083,0x0884,0x0883,0x1084,
  0x0883,0x0884,0x1083,0x0884,0x0883,0x1084,0x0883,0x0884,0x1083,0x0884,0x0883,0x1084,
  0x0883,0x0884,0x1083,0x0884,0x1083,0x0884,0x1083,0x0883,0x1084,0x0883,0x1084,0x0883,
  0x1084,0x0883,0x1084,0x0883,0x1084,0x0883,0x1083,0x0884,0x1083,0x0883,0x1084,0x0883,
  0x1084,0x0883,0x1084,0x0883,0x1084,0x0883,0x1084,0x0883,0x0884,0x0883,0x0884,0x0883,
  0x1083,0x0884,0x1083,0x0883,0x1083,0x0883,0x1083,0x0883,0x1083,0x1083,0x0883,0x1083,
  0x1083,0x0883,0x1084,0x0883,0x0864,0x1083,0x0864,0x0883,0x1064,0x0883,0x1064,0x0883,
  0x1064,0x0883,0x0864,0x1083,0x0864,0x1083,0x0884,0x0883,0x1063,0x0883,0x0863,0x0883,
  0x1083,0x0863,0x0883,0x1063,0x0863,0x1063,0x0863,0x1063,0x0863,0x1063,0x0863,0x1063,
  0x0863,0x1063,0x0863,0x1083,0x0863,0x1083,0x0863,0x0883,0x0863,0x1083,0x0863,0x0883,
  0x0863,0x1083,0x0863,0x1083,0x0863,0x0882,0x0863,0x0882,0x0863,0x0882,0x0863,0x0882,
  0x0863,0x0882,0x0863,0x0863,0x0863,0x0863,0x0863,0x0863,0x0862,0x0883,0x0863,0x0883,
  0x0863,0x0863,0x0883,0x1062,0x0883,0x0863,0x1083,0x0863,0x0882,0x1063,0x0882,0x0863,
  0x0863,0x0883,0x0863,0x0883,0x1063,0x0883,0x0863,0x0883,0x1063,0x0884,0x0883,0x0883,
  0x0884,0x0883,0x0883,0x0884,0x0883,0x0883,0x0884,0x0883,0x0863,0x0883,0x0863,0x0883,
  0x1063,0x0883,0x1083,0x0883,0x1083,0x0883,0x1084,0x0883,0x0883,0x1083,0x0883,0x1083,
  0x0883,0x1083,0x0883,0x1083,0x0883,0x0883,0x1083,0x0883,0x1083,0x0883,0x0883,0x1083,
  0x0883,0x1084,0x0883,0x1083,0x0884,0x1083,0x0883,0x1084,0x0883,0x1083,0x0884,0x1083,
  0x0883,0x1084,0x0883,0x1084,0x0883,0x0884,0x0883,0x0883,0x0883,0x0883,0x0883,0x0883,
  0x0883,0x0883,0x0883,0x0883,0x0883,0x0883,0x0883,0x0884,0x0883,0x0884,0x0883,0x0884,
  0x0883,0x0883,0x0884,0x0883,0x0883,0x0884,0x0883,0x0883,0x0884,0x0883,0x1083,0x0884,
  0x1083,0x0884,0x1083,0x0884,0x1083,0x0884,0x1083,0x0884,0x1083,0x0884,0x1083,0x0884,
  0x1083,0x0884,0x1083,0x0884,0x1083,0x0884,0x1083,0x0884,0x1083,0x08A4,0x0883,0x1084,
  0x08A4,0x1083,0x08A4,0x1084,0x08A3,0x0884,0x10A4,0x0883,0x08A4,0x1084,0x08A3,0x1084,
  0x08A4,0x1083,0x08A4,0x10A3,0x1084,0x08A3,0x1084,0x08A3,0x1084,0x08A3,0x1084,0x08A4,
  0x0883,0x10A4,0x0884,0x10A3,0x0884,0x0884,0x0883,0x1084,0x08A4,0x1084,0x0883,0x1084,
  0x0883,0x1084,0x0884,0x1083,0x0884,0x1084,0x0883,0x1084,0x0884,0x1083,0x0884,0x10A3,
  0x0884,0x0883,0x1084,0x08A3,0x1084,0x08A3,0x1084,0x08A3,0x1084,0x08A3,0x1084,0x08A3,
  0x1084,0x08A3,0x1084,0x08A3,0x1084,0x08A3,0x1084,0x08A3,0x1084,0x08A3,0x1084,0x08A3,
  0x0884,0x0883,0x0884,0x0883,0x0884,0x0883,0x0883,0x0884,0x0883,0x0883,0x0884,0x0883,
  0x0883,0x0884,0x0883,0x0884,0x0883,0x0884,0x0883,0x0884,0x0883,0x0884,0x0883,0x0884,
  0x0883,0x0884,0x0883,0x1084,0x0883,0x1084,0x0883,0x0884,0x1083,0x0883,0x1084,0x0883,
  0x1084,0x0883,0x1084,0x0883,0x1084,0x0883,0x1084,0x0883,0x0884,0x1083,0x0883,0x1084,
  0x0883,0x1083,0x0883,0x1083,0x0883,0x1083,0x0883,0x0883,0x1083,0x0883,0x1083,0x0883,
  0x0883,0x0883,0x1063,0x0883,0x0884,0x1083,0x0884,0x1083,0x0884,0x1083,0x0884,0x0883,
  0x0883,0x0883,0x0883,0x0883,0x0883,0x0883,0x0883,0x0883,0x0883,0x0883,0x0863,0x0883,
  0x0863,0x0883,0x0863,0x1083,0x0863,0x0883,0x0863,0x1083,0x0863,0x0883,0x0863,0x0883,
  0x0863,0x0863,0x1063,0x0863,0x0863,0x1063,0x0863,0x0863,0x1063,0x0863,0x0882,0x1063,
  0x0882,0x0863,0x1082,0x0863,0x0863,0x0863,0x0862,0x0863,0x0882,0x1063,0x0863,0x0863,
  0x0862,0x0863,0x0862,0x0863,0x0863,0x0863,0x0863,0x0883,0x1063,0x0883,0x1063,0x0883,
  0x0863,0x0883,0x1063,0x0884,0x0863,0x0863,0x0863,0x1063,0x0863,0x0863,0x0863,0x0863,
  0x1083,0x0863,0x1083,0x0883,0x1084,0x0883,0x1083,0x0883,0x0884,0x0863,0x0884,0x1063,
  0x0883,0x0863,0x0883,0x1063,0x0884,0x1063,0x0884,0x0863,0x1084,0x0863,0x0884,0x0863,
  0x1084,0x0883,0x1084,0x0883,0x1084,0x0883,0x1084,0x0883,0x1084,0x0883,0x1083,0x0884,
  0x1083,0x0883,0x1084,0x0883,0x1083,0x0884,0x1083,0x0883,0x1084,0x0883,0x1083,0x0883,
  0x0884,0x1083,0x0884,0x1083,0x0884,0x1084,0x0883,0x1084,0x0884,0x1083,0x0884,0x1084,
  0x0883,0x1084,0x0883,0x1084,0x0883,0x1083,0x0884,0x1083,0x0884,0x1083,0x0884,0x1083,
  0x0884,0x1083,0x1084,0x0884,0x1083,0x0884,0x0884,0x1083,0x0884,0x0883,0x0884,0x0883,
  0x0884,0x0883,0x0884,0x0883,0x08A4,0x1084,0x08A3,0x0884,0x08A4,0x1083,0x08A4,0x0884,
  0x10A3,0x0884,0x08A4,0x0883,0x1084,0x0884,0x10A3,0x0884,0x0883,0x1084,0x0883,0x0884,
  0x1083,0x0884,0x0883,0x1084,0x0883,0x0884,0x1083,0x0884,0x1083,0x0884,0x1083,0x0884,
  0x08A4,0x1084,0x08A3,0x1084,0x08A4,0x1084,0x08A3,0x1084,0x08A4,0x1083,0x08A4,0x1084,
  0x08A3,0x10A4,0x10A4,0x0883,0x1084,0x08A3,0x1084,0x08A3,0x0884,0x10A3,0x0884,0x08A3,
  0x1084,0x08A3,0x0884,0x10A3,0x0884,0x08A3,0x1084,0x0884,0x0883,0x10A4,0x0884,0x0883,
  0x1084,0x0884,0x0883,0x0884,0x1084,0x0883,0x0884,0x1084,0x0883,0x0884,0x0884,0x1083,
  0x0884,0x0883,0x0884,0x0883,0x0884,0x0883,0x0884,0x0883,0x1084,0x1083,0x0884,0x1083,
  0x1084,0x0884,0x1083,0x1084,0x0883,0x1084,0x0883,0x1084,0x0883,0x1084,0x0883,0x1084,
  0x0883,0x1084,0x0883,0x1084,0x0883,0x1083,0x0884,0x1083,0x0883,0x1084,0x0883,0x0883,
  0x0884,0x0883,0x0883,0x0884,0x1083,0x0884,0x1083,0x0883,0x1084,0x0883,0x1083,0x0884,
  0x1083,0x0884,0x1083,0x0884,0x1083,0x0884,0x1083,0x1083,0x0883,0x1084,0x0883,0x1084,
  0x0883,0x1084,0x0883,0x1084,0x0863,0x0884,0x0863,0x1084,0x0863,0x1083,0x0884,0x1083,
  0x0863,0x1083,0x0863,0x0883,0x1063,0x0883,0x1063,0x0883,0x1064,0x1083,0x0864,0x1083,
  0x1064,0x0883,0x1064,0x1083,0x0864,0x1063,0x0883,0x1064,0x0883,0x1063,0x0884,0x0863,
  0x0883,0x1064,0x0883,0x0863,0x0883,0x1063,0x0883,0x1063,0x0883,0x0862,0x0883,0x0862,
  0x0883,0x0862,0x0883,0x0862,0x0883,0x0863,0x0863,0x0863,0x0863,0x0863,0x0863,0x0862,
  0x0862,0x0883,0x0863,0x0863,0x0863,0x0882,0x0863,0x0883,0x0863,0x0883,0x0863,0x0883,
  0x0862,0x0883,0x0862,0x0863,0x0883,0x0863,0x0883,0x0863,0x1083,0x0864,0x0883,0x0863,
  0x0863,0x0863,0x0863,0x0863,0x0863,0x0863,0x1063,0x0863,0x0883,0x1084,0x0863,0x1083,
  0x0863,0x1083,0x0864,0x1083,0x0883,0x1083,0x0883,0x0883,0x1084,0x0883,0x1084,0x0883,
  0x0883,0x0883,0x1083,0x0883,0x0883,0x1083,0x0883,0x1083,0x0883,0x1084,0x0883,0x1083,
  0x0884,0x1083,0x0883,0x1083,0x0883,0x1084,0x0883,0x1083,0x0884,0x1083,0x0883,0x1084,
  0x0883,0x1083,0x0884,0x1083,0x0883,0x1084,0x0883,0x1084,0x0883,0x0884,0x0883,0x0884,
  0x0883,0x0883,0x0884,0x0883,0x0883,0x0884,0x0883,0x0883,0x0884,0x0883,0x0884,0x0883,
  0x0884,0x0883,0x0884,0x0883,0x0883,0x0884,0x0883,0x0884,0x1083,0x0884,0x0883,0x1084,
  0x0883,0x1084,0x0883,0x0884,0x0883,0x1084,0x0883,0x1084,0x0883,0x1084,0x0883,0x1084,
  0x0883,0x0884,0x1083,0x0884,0x1083,0x0884,0x1083,0x0884,0x0883,0x1084,0x0883,0x10A4,
  0x0883,0x0884,0x0883,0x10A4,0x0884,0x08A3,0x1084,0x08A3,0x1084,0x08A3,0x1084,0x08A3,
  0x1084,0x08A3,0x0884,0x10A3,0x0884,0x08A3,0x0884,0x1083,0x08A4,0x1083,0x08A4,0x1084,
  0x08A3,0x1084,0x08A4,0x1083,0x08A4,0x1084,0x08A3,0x1084,0x08A4,0x1083,0x0884,0x10A4,
  0x0883,0x0884,0x0883,0x1084,0x0883,0x0884,0x1083,0x0884,0x0883,0x1084,0x0883,0x0884,
  0x1083,0x0884,0x0883,0x10A4,0x0883,0x0884,0x1083,0x08A4,0x0883,0x10A4,0x0883,0x10A4,
  0x0883,0x10A4,0x0883,0x08A4,0x1083,0x08A4,0x1083,0x08A4,0x0883,0x1084,0x0883,0x1084,
  0x0883,0x1084,0x0883,0x1084,0x0883,0x0884,0x1083,0x0884,0x0883,0x1084,0x0883,0x0884,
  0x0883,0x0884,0x0883,0x0884,0x0883,0x0884,0x0883,0x0883,0x0884,0x0883,0x0883,0x0884,
  0x0883,0x0884,0x0883,0x0884,0x0883,0x0884,0x1083,0x0884,0x1083,0x0884,0x1083,0x0884,
  0x1083,0x0883,0x1084,0x0883,0x1083,0x0884,0x1083,0x0883,0x1083,0x0883,0x1083,0x0883,
  0x1083,0x0883,0x1084,0x0883,0x1084,0x0883,0x1083,0x0884,0x1083,0x0883,0x1084,0x0883,
  0x1083,0x0883,0x1083,0x0883,0x1083,0x0883,0x0863,0x1083,0x0884,0x0883,0x1084,0x0883,
  0x0884,0x0883,0x1084,0x0883,0x0883,0x1083,0x0883,0x0883,0x1083,0x0883,0x0883,0x0883,
  0x0863,0x0883,0x0863,0x0883,0x0863,0x0883,0x0863,0x1083,0x0863,0x0883,0x0863,0x1083,
  0x0864,0x0883,0x0863,0x0883,0x0863,0x0863,0x0863,0x0863,0x0863,0x0863,0x0863,0x0863,
  0x0862,0x0883,0x0862,0x0883,0x0862,0x0883,0x0863,0x0863,0x0863,0x0862,0x0883,0x1062,
  0x0863,0x0863,0x0863,0x1062,0x0883,0x1063,0x0882,0x1063,0x0883,0x1063,0x0883,0x1063,
  0x0883,0x1063,0x0884,0x0863,0x0883,0x1063,0x0883,0x1083,0x0883,0x1083,0x0883,0x1083,
  0x0883,0x0883,0x0883,0x0863,0x1083,0x0883,0x0884,0x0883,0x1084,0x0883,0x0883,0x0863,
  0x1084,0x0863,0x1084,0x0863,0x1083,0x0863,0x0883,0x1063,0x0884,0x1063,0x0884,0x1063,
  0x0884,0x0863,0x1084,0x0863,0x1084,0x0883,0x1083,0x0884,0x1083,0x0883,0x1084,0x0883,
  0x1084,0x0883,0x1083,0x0884,0x1083,0x0883,0x1084,0x0883,0x1083,0x0884,0x1083,0x0883,
  0x1084,0x0883,0x1083,0x0883,0x0884,0x1083,0x0883,0x1084,0x0883,0x1084,0x0883,0x1084,
  0x0883,0x1084,0x0883,0x1084,0x0883,0x1084,0x0883,0x1084,0x0883,0x1084,0x1083,0x0884,
  0x1084,0x1083,0x0884,0x1083,0x0884,0x1083,0x0884,0x0883,0x0884,0x10A3,0x0884,0x10A3,
  0x0884,0x0883,0x10A4,0x0883,0x08A4,0x0883,0x10A4,0x0883,0x10A4,0x0883,0x10A4,0x0883,
  0x08A4,0x1083,0x08A4,0x1083,0x08A4,0x1083,0x0884,0x0883,0x10A4,0x0883,0x1084,0x0883,
  0x1084,0x0883,0x1084,0x0884,0x0883,0x1084,0x0883,0x0884,0x0883,0x1084,0x0884,0x0883,
  0x1084,0x0884,0x10A3,0x0884,0x10A3,0x0884,0x10A4,0x0883,0x10A4,0x0883,0x10A4,0x0884,
  0x10A3,0x0884,0x10A4,0x0883,0x10A4,0x0884,0x10A3,0x08A4,0x1083,0x08A4,0x1084,0x08A3,
  0x1084,0x08A3,0x1084,0x08A3,0x1084,0x08A4,0x1083,0x08A4,0x1084,0x08A3,0x1084,0x0883,
  0x1084,0x08A3,0x1084,0x0883,0x1084,0x0883,0x1084,0x0883,0x0884,0x1083,0x0884,0x1083,
  0x0884,0x0883,0x0884,0x1083,0x0884,0x0883,0x0884,0x0883,0x1084,0x0883,0x0884,0x08A3,
  0x1084,0x08A3,0x0884,0x10A3,0x0884,0x08A3,0x1084,0x08A3,0x1084,0x1083,0x0884,0x1083,
  0x1084,0x0883,0x1084,0x1084,0x0883,0x1084,0x0883,0x1084,0x0883,0x1084,0x0883,0x1084,
  0x0883,0x0883,0x0884,0x0883,0x0884,0x0883,0x0884,0x0883,0x1083,0x0884,0x1083,0x0883,
  0x1084,0x0883,0x1083,0x0884,0x1083,0x0884,0x1083,0x0884,0x1083,0x0884,0x1083,0x0883,
  0x1083,0x0884,0x1083,0x0883,0x1084,0x0883,0x1083,0x0884,0x1063,0x0883,0x0864,0x1083,
  0x0864,0x1083,0x0884,0x0883,0x1063,0x0883,0x0863,0x1083,0x0863,0x1083,0x0863,0x1083,
  0x0864,0x0883,0x1064,0x0883,0x0864,0x1083,0x0864,0x1083,0x0863,0x1083,0x0863,0x1083,
  0x0863,0x1083,0x0863,0x0883,0x0863,0x1083,0x0863,0x0883,0x0863,0x1083,0x0863,0x1083,
  0x0863,0x1083,0x0883,0x1082,0x0883,0x1083,0x0882,0x1083,0x0863,0x0863,0x1063,0x0863,
  0x0863,0x1062,0x0883,0x0862,0x0862,0x0863,0x0863,0x0883,0x0863,0x0882,0x0863,0x0863,
  0x0883,0x0863,0x0883,0x0863,0x0883,0x0863,0x0883,0x0863,0x0883,0x0863,0x1083,0x0863,
  0x0883,0x0863,0x0883,0x0863,0x0863,0x0863,0x0863,0x0863,0x1063,0x0863,0x1083,0x0864,
  0x0883,0x1083,0x0863,0x1083,0x0863,0x0883,0x1084,0x0883,0x1083,0x0883,0x0883,0x1083,
  0x0884,0x1083,0x0883,0x1083,0x0883,0x0883,0x1083,0x0883,0x1083,0x0883,0x0883,0x1083,
  0x0883,0x1084,0x0883,0x1083,0x0884,0x1083,0x0883,0x1084,0x0883,0x1083,0x0884,0x1083,
  0x0883,0x1084,0x0883,0x1083,0x0884,0x1083,0x0883,0x1084,0x0883,0x1083,0x0884,0x1083,
  0x0884,0x0883,0x0884,0x0883,0x0884,0x0883,0x0884,0x0883,0x0884,0x0883,0x0884,0x0883,
  0x0884,0x0883,0x0884,0x0883,0x10A4,0x0883,0x0884,0x1083,0x0884,0x0883,0x1084,0x08A3,
  0x0884,0x08A4,0x1083,0x08A4,0x1084,0x0883,0x0884,0x1084,0x08A3,0x1084,0x0883,0x0884,
  0x1083,0x0884,0x0883,0x0884,0x10A4,0x0884,0x10A4,0x0884,0x10A4,0x0884,0x10A4,0x0884,
  0x10A4,0x08A4,0x10A4,0x0884,0x10A4,0x08A4,0x10A3,0x08A4,0x10A4,0x08A4,0x10A3,0x08A4,
  0x10A4,0x08A4,0x10A4,0x10A4,0x08A4,0x10A3,0x10A4,0x08A4,0x10A3,0x0884,0x10A4,0x0883,
  0x10A4,0x0884,0x10A3,0x0884,0x10A4,0x0884,0x10A3,0x0884,0x10A4,0x0883,0x10A4,0x0884,
  0x10A3,0x0884,0x10A4,0x0884,0x10A4,0x0883,0x10A4,0x0884,0x10A4,0x0884,0x10A4,0x0884,
  0x10A3,0x0884,0x10A4,0x0883,0x10A4,0x0884,0x10A4,0x0884,0x10A4,0x0884,0x10A4,0x08A4,
  0x10A4,0x08A4,0x10A4,0x08A4,0x10A4,0x08A4,0x10A4,0x08A4,0x10A4,0x10A4,0x08A4,0x10A4,
  0x0883,0x10A4,0x0883,0x10A4,0x0883,0x10A4,0x0883,0x1084,0x0883,0x1084,0x0884,0x0883,
  0x1084,0x0884,0x0883,0x1084,0x0883,0x0884,0x1083,0x0884,0x0883,0x1084,0x0883,0x0884,
  0x0883,0x0883,0x0884,0x0883,0x0884,0x0883,0x0883,0x0884,0x1083,0x0884,0x1083,0x0884,
  0x1083,0x0883,0x1084,0x0883,0x0884,0x1083,0x0883,0x1084,0x0883,0x1083,0x0884,0x1083,
  0x0884,0x1083,0x0884,0x1083,0x0883,0x1083,0x0884,0x1083,0x0884,0x1083,0x0883,0x1084,
  0x0883,0x1083,0x0884,0x1083,0x0883,0x1083,0x0883,0x0883,0x0883,0x0883,0x1063,0x0883,
  0x1084,0x0883,0x1084,0x0883,0x1084,0x0883,0x0883,0x1083,0x0883,0x1083,0x0883,0x1083,
  0x0883,0x1083,0x0883,0x1083,0x0884,0x1083,0x0884,0x0883,0x1084,0x0883,0x0884,0x1083,
  0x0863,0x0884,0x0863,0x1083,0x0863,0x0883,0x0863,0x0883,0x0863,0x0883,0x0863,0x0863,
  0x0863,0x0863,0x0863,0x0883,0x0863,0x0882,0x0863,0x0882,0x0863,0x0863,0x0863,0x0863,
  0x0863,0x0883,0x0862,0x0863,0x0863,0x1063,0x0883,0x0862,0x1083,0x0863,0x1083,0x0863,
  0x1083,0x0863,0x1083,0x0863,0x1083,0x0863,0x0883,0x0863,0x1083,0x0863,0x1083,0x0863,
  0x1083,0x0883,0x1083,0x0883,0x0883,0x0864,0x0883,0x0863,0x1083,0x0884,0x0883,0x0883,
  0x1084,0x0863,0x1083,0x0863,0x0884,0x1063,0x0883,0x0863,0x0883,0x0863,0x1084,0x0863,
  0x1084,0x0883,0x1084,0x0883,0x1084,0x0883,0x1084,0x0883,0x1084,0x0883,0x1083,0x0884,
  0x1083,0x0884,0x1083,0x0883,0x1084,0x0883,0x1083,0x0884,0x1083,0x0883,0x1084,0x0883,
  0x1083,0x0884,0x1083,0x0883,0x1084,0x0883,0x1083,0x0884,0x0883,0x1084,0x0884,0x1083,
  0x0884,0x1084,0x0883,0x1084,0x0883,0x1084,0x0883,0x1084,0x0883,0x1084,0x0883,0x0884,
  0x1083,0x0884,0x08A3,0x0884,0x10A3,0x0884,0x0883,0x1084,0x0883,0x1084,0x0883,0x1084,
  0x08A3,0x1084,0x08A3,0x0884,0x1083,0x0884,0x08A4,0x1083,0x08A4,0x1084,0x08A3,0x1084,
  0x08A3,0x1084,0x08A3,0x1084,0x08A3,0x1084,0x08A3,0x1084,0x08A3,0x1084,0x0883,0x10A4,
  0x0883,0x1084,0x0884,0x1083,0x0884,0x1083,0x0884,0x1083,0x0884,0x1083,0x0884,0x1083,
  0x0884,0x0884,0x1083,0x0884,0x10A4,0x0883,0x10A4,0x0884,0x10A3,0x0884,0x10A4,0x0883,
  0x10A4,0x0883,0x10A4,0x0883,0x10A4,0x0884,0x10A3,0x0884,0x10A4,0x0883,0x10A4,0x0883,
  0x10A4,0x0884,0x10A3,0x0884,0x10A3,0x0884,0x10A3,0x0884,0x10A4,0x0883,0x10A4,0x0884,
  0x10A3,0x0884,0x10A3,0x0884,0x10A3,0x0884,0x10A3,0x0884,0x1083,0x0884,0x1083,0x0884,
  0x1083,0x0884,0x1083,0x0884,0x0883,0x1084,0x0883,0x10A4,0x0883,0x0884,0x1084,0x0883,
  0x0884,0x1084,0x08A3,0x0884,0x10A4,0x0883,0x08A4,0x1083,0x08A4,0x1083,0x08A4,0x0884,
  0x10A3,0x0884,0x08A4,0x1083,0x08A4,0x0883,0x10A4,0x0883,0x1084,0x0884,0x1083,0x0884,
  0x1083,0x0884,0x1084,0x0884,0x0883,0x0884,0x0884,0x0883,0x0884,0x0884,0x0883,0x0884,
  0x1083,0x0883,0x1084,0x0883,0x1083,0x0884,0x1083,0x0883,0x1083,0x0883,0x1083,0x0884,
  0x1083,0x0884,0x1083,0x0883,0x1083,0x0884,0x1083,0x0883,0x1084,0x0883,0x1083,0x0884,
  0x0883,0x1084,0x0883,0x1084,0x1083,0x0884,0x1083,0x0884,0x0883,0x1063,0x0883,0x0863,
  0x0883,0x1063,0x0884,0x0863,0x1084,0x0863,0x0884,0x0863,0x1084,0x0863,0x0884,0x1063,
  0x0883,0x0863,0x1083,0x0863,0x0883,0x1063,0x0883,0x0883,0x1063,0x0883,0x0863,0x0883,
  0x0863,0x1084,0x0863,0x1083,0x0863,0x1083,0x0863,0x1083,0x0883,0x1083,0x0863,0x1083,
  0x0862,0x0863,0x0863,0x0863,0x0883,0x0862,0x0883,0x0862,0x0862,0x0863,0x0863,0x0883,
  0x0862,0x0863,0x0863,0x0863,0x0883,0x0862,0x0883,0x0863,0x0882,0x0863,0x0883,0x0863,
  0x0883,0x0863,0x1083,0x0864,0x0883,0x0863,0x0884,0x0863,0x0883,0x0864,0x0863,0x0863,
  0x1083,0x0863,0x1083,0x0863,0x0883,0x1083,0x0863,0x1083,0x0883,0x0883,0x0884,0x1083,
  0x0883,0x1083,0x0884,0x1083,0x1084,0x0883,0x0883,0x1083,0x0883,0x1084,0x0883,0x1083,
  0x0884,0x1083,0x0883,0x1083,0x0883,0x1084,0x0883,0x1083,0x0883,0x1083,0x0884,0x1083,
  0x0883,0x1084,0x0883,0x1083,0x0884,0x1083,0x0883,0x1084,0x0883,0x1083,0x0884,0x1083,
  0x0883,0x1084,0x0883,0x1083,0x0884,0x0883,0x0884,0x0884,0x0883,0x0884,0x0884,0x0884,
  0x10A4,0x0884,0x08A4,0x1084,0x08A4,0x0884,0x10A4,0x0884,0x0884,0x1083,0x0884,0x1084,
  0x0883,0x10A4,0x0884,0x08A3,0x1084,0x08A3,0x0884,0x0883,0x1084,0x0883,0x1084,0x0883,
  0x08A4,0x1083,0x0884,0x1083,0x0884,0x0883,0x1084,0x0883,0x10A4,0x0884,0x10A3,0x0884,
  0x10A4,0x0883,0x10A4,0x0883,0x10A4,0x0883,0x10A4,0x0883,0x10A4,0x08A3,0x10A4,0x08A4,
  0x10A4,0x08A4,0x10A4,0x08A4,0x10A3,0x08A4,0x10A3,0x08A4,0x10A3,0x08A4,0x10A4,0x0883,
  0x10A4,0x0884,0x10A3,0x0884,0x10A4,0x0883,0x10A4,0x0884,0x10A4,0x0884,0x10A4,0x0884,
  0x10A3,0x0884,0x10A4,0x0883,0x10A4,0x0884,0x10A4,0x0883,0x10A4,0x0883,0x10A4,0x0884,
  0x10A3,0x0884,0x10A4,0x0883,0x10A4,0x0884,0x10A3,0x0884,0x10A4,0x0883,0x10A4,0x0883,
  0x10A4,0x0883,0x10A4,0x0883,0x10A4,0x08A3,0x10A4,0x08A3,0x10A4,0x08A3,0x10A4,0x08A3,
  0x10A4,0x08A3,0x1084,0x08A4,0x1083,0x08A4,0x0883,0x10A4,0x0883,0x0884,0x1083,0x0884,
  0x0883,0x1084,0x0883,0x0884,0x0883,0x0884,0x1083,0x0884,0x0883,0x1084,0x0883,0x0884,
  0x1084,0x0883,0x0884,0x1084,0x0884,0x0884,0x1084,0x0884,0x0884,0x1084,0x0883,0x1084,
  0x0884,0x1083,0x0884,0x1084,0x0883,0x1084,0x0884,0x1083,0x0884,0x1083,0x0883,0x1084,
  0x0883,0x1083,0x0884,0x1083,0x0884,0x1083,0x0884,0x1083,0x0883,0x1083,0x0884,0x1083,
  0x0884,0x1083,0x0883,0x1084,0x0883,0x1083,0x0884,0x1083,0x0883,0x1084,0x0883,0x1083,
  0x0884,0x1083,0x0883,0x1083,0x0883,0x0883,0x1084,0x0883,0x1084,0x0883,0x1083,0x0883,
  0x0883,0x1083,0x0883,0x1083,0x0883,0x0883,0x1083,0x0883,0x0884,0x1083,0x0884,0x1083,
  0x0884,0x1083,0x0864,0x1083,0x0863,0x0883,0x1063,0x0884,0x0863,0x0883,0x0863,0x0883,
  0x0863,0x0883,0x0863,0x0882,0x0863,0x0863,0x0882,0x0863,0x0883,0x1063,0x0883,0x0862,
  0x1063,0x0863,0x0863,0x0863,0x0863,0x0862,0x0863,0x1063,0x0883,0x0862,0x0883,0x0862,
  0x1083,0x1083,0x0883,0x1083,0x1083,0x0883,0x1083,0x0883,0x1063,0x0883,0x0863,0x0883,
  0x1063,0x0883,0x1063,0x0883,0x1083,0x0883,0x1083,0x0884,0x0883,0x1083,0x0884,0x0883,
  0x1083,0x0884,0x1083,0x0864,0x1083,0x0863,0x1083,0x0863,0x0884,0x1063,0x0883,0x0863,
  0x0883,0x1063,0x0884,0x0863,0x1084,0x0883,0x1083,0x0884,0x1083,0x0883,0x1084,0x0883,
  0x1084,0x0883,0x1083,0x0884,0x1083,0x0884,0x1083,0x0883,0x1084,0x0883,0x1083,0x0884,
  0x1083,0x0883,0x1084,0x0883,0x1083,0x0884,0x1083,0x0883,0x1084,0x0883,0x1083,0x0884,
  0x0884,0x1084,0x0883,0x1084,0x0884,0x1083,0x0884,0x0883,0x0884,0x1083,0x0884,0x0883,
  0x1084,0x0884,0x1083,0x08A4,0x10A4,0x08A4,0x10A3,0x08A4,0x1084,0x08A3,0x1084,0x08A4,
  0x0883,0x1084,0x08A4,0x1083,0x08A4,0x0884,0x08A3,0x1084,0x0884,0x10A4,0x08A3,0x10A4,
  0x08A4,0x10A4,0x08A4,0x1084,0x08A3,0x1084,0x08A4,0x1083,0x08A4,0x1084,0x08A4,0x1084,
  0x08A4,0x1084,0x08A4,0x1084,0x08A4,0x1084,0x0883,0x1084,0x0883,0x1084,0x0883,0x1084,
  0x0884,0x1084,0x0884,0x1084,0x0884,0x1083,0x08A4,0x1084,0x08A3,0x1084,0x08A4,0x1083,
  0x08A4,0x1084,0x08A3,0x1084,0x08A3,0x1084,0x08A3,0x1084,0x08A4,0x1083,0x08A4,0x1084,
  0x08A3,0x1084,0x08A3,0x1084,0x08A4,0x1084,0x08A3,0x1084,0x08A4,0x1083,0x08A4,0x1084,
  0x08A3,0x1084,0x08A4,0x1083,0x08A4,0x1084,0x08A4,0x1084,0x08A4,0x1084,0x08A4,0x1084,
  0x08A4,0x1084,0x0884,0x1084,0x0884,0x1084,0x0884,0x1084,0x0884,0x10A4,0x0883,0x10A4,
  0x0884,0x10A4,0x0884,0x10A3,0x10A4,0x08A4,0x10A4,0x10A3,0x0884,0x10A3,0x0884,0x10A3,
  0x1084,0x08A3,0x1084,0x08A3,0x10A4,0x08A4,0x10A4,0x10A3,0x08A4,0x10A4,0x08A3,0x10A4,
  0x0883,0x10A4,0x0883,0x1084,0x0884,0x0884,0x1084,0x0884,0x0883,0x0884,0x0884,0x0883,
  0x0884,0x0884,0x0883,0x0884,0x1083,0x0884,0x1083,0x0883,0x1084,0x0883,0x1083,0x0884,
  0x1083,0x0883,0x1083,0x0884,0x1083,0x0884,0x1083,0x0883,0x1083,0x0884,0x1083,0x0883,
  0x1084,0x0883,0x1083,0x0884,0x1083,0x0883,0x1084,0x0883,0x1083,0x0884,0x1083,0x0884,
  0x1083,0x0863,0x0883,0x1063,0x0883,0x0863,0x0884,0x1063,0x0884,0x0863,0x1084,0x0863,
  0x0884,0x1063,0x0883,0x0863,0x1083,0x0863,0x0883,0x0863,0x1083,0x0883,0x0883,0x0883,
  0x0863,0x0884,0x0863,0x1083,0x0863,0x1083,0x0863,0x1083,0x0883,0x1083,0x0883,0x1083,
  0x1083,0x0883,0x1083,0x1083,0x0863,0x0862,0x0863,0x0883,0x0863,0x0882,0x0863,0x0862,
  0x0862,0x0883,0x0863,0x0862,0x0863,0x0863,0x1063,0x0863,0x0883,0x0883,0x1063,0x0883,
  0x0863,0x1083,0x0863,0x1083,0x0863,0x0883,0x1063,0x0883,0x0863,0x0883,0x0863,0x0883,
  0x1064,0x0883,0x1083,0x0863,0x1084,0x0863,0x0883,0x1063,0x0884,0x0863,0x0883,0x1083,
  0x0883,0x1084,0x0883,0x1083,0x0883,0x0883,0x1084,0x0883,0x1083,0x0883,0x1083,0x0883,
  0x1083,0x0884,0x1083,0x0883,0x1084,0x0883,0x1083,0x0884,0x1083,0x0883,0x1084,0x0883,
  0x1083,0x0883,0x1084,0x0883,0x1083,0x0884,0x1083,0x0883,0x1084,0x0883,0x1083,0x0884,
  0x1083,0x0883,0x1084,0x0883,0x1083,0x0884,0x1083,0x0883,0x1083,0x0884,0x0884,0x0883,
  0x0884,0x0884,0x1084,0x0884,0x10A4,0x0884,0x10A4,0x0884,0x10A4,0x0884,0x0884,0x1084,
  0x0883,0x1084,0x0884,0x10A3,0x0884,0x10A4,0x0883,0x10A4,0x0884,0x1083,0x0884,0x0883,
  0x1084,0x0883,0x1084,0x08A3,0x1084,0x08A3,0x1084,0x0884,0x1083,0x0884,0x10A3,0x0884,
  0x10A4,0x0883,0x10A4,0x0884,0x10A3,0x0884,0x10A3,0x0884,0x10A3,0x0884,0x10A3,0x0884,
  0x10A3,0x0884,0x10A4,0x08A3,0x10A4,0x08A3,0x10A4,0x08A3,0x10A4,0x08A3,0x10A4,0x08A3,
  0x10A4,0x0884,0x10A3,0x0884,0x10A4,0x0883,0x10A4,0x0884,0x10A3,0x0884,0x10A4,0x0884,
  0x10A3,0x0884,0x10A4,0x0883,0x10A4,0x0884,0x10A3,0x0884,0x10A4,0x0883,0x10A4,0x0884,
  0x10A3,0x0884,0x10A4,0x0883,0x10A4,0x0884,0x10A3,0x0884,0x10A4,0x0883,0x10A4,0x0884,
  0x10A3,0x0884,0x10A3,0x0884,0x10A3,0x0884,0x10A3,0x0884,0x10A3,0x0884,0x10A3,0x08A4,
  0x10A3,0x08A4,0x10A3,0x08A4,0x1083,0x08A4,0x1084,0x08A3,0x1084,0x08A3,0x1084,0x08A4,
  0x1083,0x0884,0x0883,0x10A4,0x0884,0x0883,0x1084,0x0884,0x0883,0x1084,0x0884,0x0883,
  0x1084,0x0883,0x1084,0x0884,0x1083,0x0884,0x1084,0x08A4,0x1084,0x0884,0x0884,0x08A4,
  0x1083,0x08A4,0x0883,0x10A4,0x0884,0x0883,0x1084,0x0884,0x1083,0x0884,0x1084,0x0883,
  0x1084,0x0883,0x1083,0x0884,0x1083,0x0883,0x1084,0x0883,0x1084,0x0883,0x1084,0x0883,
  0x1083,0x0883,0x1084,0x0883,0x1084,0x0883,0x1083,0x0884,0x1083,0x0883,0x1084,0x0883,
  0x1083,0x0884,0x1083,0x0883,0x1084,0x0883,0x1083,0x0884,0x1083,0x0884,0x1083,0x0883,
  0x0884,0x1083,0x0883,0x1083,0x0883,0x1083,0x0883,0x0883,0x1083,0x0883,0x0884,0x1083,
  0x0884,0x0883,0x1084,0x0883,0x0864,0x1083,0x0864,0x1083,0x0863,0x1083,0x0863,0x0883,
  0x0863,0x0883,0x0864,0x0883,0x1063,0x0883,0x1063,0x0883,0x0863,0x1083,0x0863,0x0883,
  0x0863,0x0883,0x0863,0x0862,0x0863,0x1063,0x0883,0x0863,0x0863,0x0883,0x0883,0x1083,
  0x0883,0x0883,0x0883,0x0863,0x1083,0x0863,0x0883,0x0863,0x0883,0x0863,0x0883,0x0863,
  0x0883,0x0863,0x0884,0x0863,0x1083,0x0864,0x1083,0x0863,0x0883,0x1083,0x0884,0x0883,
  0x0883,0x1083,0x0884,0x0883,0x1083,0x0883,0x1083,0x0864,0x0883,0x0863,0x1083,0x0864,
  0x1083,0x0863,0x1083,0x0863,0x0884,0x1063,0x0884,0x0863,0x0884,0x0883,0x0884,0x0883,
  0x0884,0x0883,0x0884,0x0883,0x0884,0x0883,0x0884,0x0883,0x0884,0x1083,0x0884,0x0883,
  0x0884,0x1083,0x0884,0x0883,0x0884,0x1083,0x0884,0x0883,0x0884,0x1083,0x0884,0x0883,
  0x0884,0x0883,0x0884,0x0883,0x0884,0x1083,0x0884,0x1083,0x0884,0x1083,0x0883,0x0884,
  0x0883,0x0883,0x0883,0x0883,0x0883,0x1083,0x0883,0x0884,0x08A3,0x1084,0x0883,0x0884,
  0x1083,0x0884,0x0883,0x1084,0x08A3,0x10A4,0x08A4,0x10A4,0x08A3,0x10A4,0x0884,0x10A4,
  0x0884,0x10A4,0x0884,0x10A4,0x08A4,0x1084,0x08A4,0x1084,0x08A4,0x1084,0x08A4,0x1084,
  0x08A4,0x1084,0x08A4,0x1084,0x08A4,0x1084,0x08A4,0x1084,0x08A4,0x1084,0x08A4,0x1084,
  0x08A4,0x1084,0x10A4,0x0884,0x10A4,0x1084,0x08A4,0x1084,0x10A4,0x08A4,0x10A4,0x10A4,
  0x08A4,0x10A4,0x08A4,0x10A4,0x08A4,0x10A4,0x08A4,0x10A4,0x08A4,0x10A4,0x08A4,0x10A4,
  0x08A4,0x10A4,0x08A4,0x10A4,0x08A4,0x10A4,0x08A4,0x10A4,0x08A4,0x10A4,0x08A4,0x10A4,
  0x08A4,0x10A4,0x08A4,0x10A4,0x08A4,0x10A4,0x08A4,0x10A4,0x08A4,0x10A4,0x08A4,0x10A4,
  0x0884,0x10A4,0x0884,0x10A4,0x0884,0x10A4,0x0884,0x1084,0x0884,0x1084,0x0884,0x10A4,
  0x0884,0x10A4,0x0884,0x10A4,0x0884,0x10A4,0x0884,0x10A4,0x0884,0x10A4,0x08A4,0x1084,
  0x08A4,0x10A4,0x08A3,0x10A4,0x08A4,0x10A3,0x08A4,0x1084,0x08A3,0x1084,0x08A3,0x0884,
  0x08A3,0x1084,0x0883,0x0883,0x0883,0x0883,0x1083,0x0883,0x0884,0x1083,0x0884,0x0883,
  0x1084,0x0883,0x0884,0x1083,0x0884,0x0883,0x0884,0x0883,0x0883,0x0884,0x0883,0x0884,
  0x0883,0x0884,0x0883,0x0883,0x0884,0x0883,0x0883,0x0884,0x0884,0x0883,0x0884,0x0883,
  0x0884,0x0883,0x0884,0x0883,0x0884,0x0883,0x0884,0x0883,0x0884,0x0883,0x0884,0x0883,
  0x0884,0x0883,0x0884,0x0883,0x1063,0x0883,0x0863,0x1083,0x0863,0x1083,0x0864,0x0883,
  0x1064,0x0883,0x0864,0x1083,0x0864,0x0883,0x1063,0x0883,0x0863,0x1083,0x0863,0x1083,
  0x0883,0x1083,0x0883,0x1083,0x0863,0x0883,0x0863,0x1083,0x0864,0x1083,0x0863,0x0883,
  0x0863,0x0883,0x0863,0x0883,0x0863,0x0883,0x0863,0x1083,0x0863,0x1083,0x0863,0x1083,
  0x0883,0x0863,0x0883,0x0863,0x0863,0x0883,0x1063,0x0863,0x0863,0x1063,0x0883,0x0863,
  0x0883,0x0863,0x1083,0x0863,0x1083,0x0863,0x1083,0x0863,0x1083,0x0863,0x1083,0x0863,
  0x0883,0x0863,0x0883,0x0863,0x1084,0x0883,0x0863,0x1083,0x0864,0x1083,0x0863,0x1083,
  0x0863,0x0884,0x0883,0x1083,0x0883,0x1084,0x0883,0x0883,0x0883,0x1084,0x0883,0x1083,
  0x0883,0x0883,0x1083,0x0883,0x1084,0x0883,0x1084,0x0883,0x1083,0x0884,0x1083,0x0884,
  0x1083,0x0884,0x1083,0x0884,0x0883,0x0884,0x0883,0x1084,0x0883,0x0884,0x0883,0x1084,
  0x0883,0x0884,0x0883,0x1084,0x0883,0x0884,0x0883,0x1084,0x0883,0x1084,0x0883,0x1084,
  0x0883,0x08A4,0x1083,0x08A4,0x1083,0x08A4,0x1084,0x08A3,0x1084,0x0883,0x1084,0x0884,
  0x0884,0x0884,0x0883,0x1084,0x0883,0x08A4,0x1083,0x08A4,0x0883,0x10A4,0x0884,0x0883,
  0x10A4,0x0883,0x1084,0x0883,0x1084,0x08A4,0x1083,0x08A4,0x1084,0x08A4,0x1084,0x08A4,
  0x1084,0x08A4,0x1084,0x08A4,0x1084,0x08A4,0x1084,0x08A4,0x1084,0x08A4,0x1084,0x08A4,
  0x1084,0x08A4,0x1084,0x08A4,0x1084,0x08A4,0x1084,0x08A4,0x10A4,0x08A4,0x10A4,0x10A4,
  0x08A4,0x10A4,0x10A4,0x08A4,0x10A4,0x1084,0x08A4,0x1084,0x10A4,0x0884,0x10A4,0x1084,
  0x10A4,0x0884,0x10A4,0x1084,0x10A4,0x0884,0x10A4,0x1084,0x10A4,0x0884,0x10A4,0x1084,
  0x10A4,0x0884,0x10A4,0x1084,0x10A4,0x0884,0x10A4,0x1084,0x10A4,0x0884,0x10A4,0x1084,
  0x10A4,0x0884,0x10A4,0x1084,0x10A4,0x0884,0x10A4,0x10A4,0x0884,0x10A4,0x0884,0x10A4,
  0x0884,0x10A4,0x0884,0x10A4,0x08A4,0x10A4,0x0884,0x10A4,0x0884,0x10A4,0x0884,0x10A4,
  0x0884,0x10A4,0x0884,0x10A4,0x0884,0x10A4,0x0884,0x10A4,0x0883,0x1084,0x0884,0x1083,
  0x0884,0x1084,0x08A3,0x1084,0x0884,0x0883,0x1084,0x0883,0x1084,0x08A3,0x1084,0x08A4,
  0x1084,0x0883,0x0884,0x0883,0x0884,0x0883,0x0884,0x0883,0x1084,0x08A3,0x1084,0x08A4,
  0x0883,0x10A4,0x1083,0x08A4,0x1084,0x0883,0x1084,0x0883,0x1084,0x0883,0x1084,0x0883,
  0x1084,0x0883,0x1084,0x0883,0x1083,0x0884,0x1083,0x0884,0x1083,0x0884,0x1083,0x0884,
  0x1083,0x0884,0x1083,0x0884,0x1083,0x0884,0x1083,0x0884,0x1083,0x0884,0x1083,0x0884,
  0x0883,0x1084,0x0883,0x0884,0x1083,0x0883,0x1083,0x0883,0x0883,0x1083,0x0883,0x0883,
  0x1083,0x0883,0x0884,0x1083,0x0884,0x1083,0x0884,0x0883,0x1064,0x0883,0x0864,0x0883,
  0x0863,0x1084,0x0863,0x0883,0x0863,0x0883,0x0863,0x1083,0x0863,0x1083,0x0863,0x1083,
  0x0863,0x1083,0x0863,0x0883,0x0863,0x0883,0x0863,0x0883,0x1063,0x0883,0x1063,0x0883,
  0x0863,0x0883,0x0863,0x0884,0x0883,0x0863,0x1083,0x0863,0x1083,0x0863,0x0883,0x0863,
  0x0883,0x0863,0x0883,0x0864,0x0883,0x0863,0x0883,0x0863,0x1083,0x0863,0x1083,0x0863,
  0x0883,0x1083,0x0884,0x1083,0x0883,0x0883,0x1084,0x0883,0x1083,0x0863,0x1083,0x0864,
  0x0883,0x0863,0x1083,0x0864,0x1083,0x0863,0x0883,0x0864,0x1083,0x0864,0x1083,0x0863,
  0x0884,0x0883,0x0883,0x0884,0x0883,0x0884,0x0883,0x0883,0x0884,0x0883,0x0883,0x1084,
  0x0883,0x1084,0x0883,0x0883,0x0884,0x1083,0x0883,0x0884,0x0883,0x1083,0x0884,0x0883,
  0x0883,0x1084,0x0883,0x0883,0x0884,0x0883,0x0883,0x0884,0x1083,0x0884,0x0884,0x1083,
  0x0884,0x0883,0x0884,0x1083,0x0884,0x0884,0x0883,0x1084,0x0883,0x1084,0x0883,0x08A4,
  0x1083,0x0884,0x1083,0x0884,0x1084,0x0883,0x10A4,0x0883,0x1084,0x08A4,0x10A4,0x08A4,
  0x1083,0x08A4,0x1084,0x08A3,0x1084,0x08A4,0x1083,0x08A4,0x1084,0x08A3,0x1084,0x08A4,
  0x1083,0x08A4,0x1084,0x08A3,0x1084,0x08A4,0x1083,0x08A4,0x1084,0x08A3,0x1084,0x08A4,
  0x1083,0x08A4,0x1084,0x08A3,0x1084,0x10A4,0x0884,0x10A4,0x1084,0x08A4,0x1084,0x10A4,
  0x08A4,0x10A4,0x10A4,0x08A4,0x10A4,0x10A4,0x08A4,0x10A4,0x08A4,0x10A4,0x10A4,0x08A4,
  0x10A4,0x10A4,0x08A4,0x10A4,0x08A4,0x10A4,0x10A4,0x08A4,0x10A4,0x10A4,0x08A4,0x10A4,
  0x08A4,0x10A4,0x10A4,0x08A4,0x10A4,0x10A4,0x08A4,0x10A4,0x08A4,0x10A4,0x10A4,0x08A4,
  0x10A4,0x10A4,0x0884,0x10A4,0x0884,0x10A4,0x0883,0x10A4,0x0884,0x10A3,0x0884,0x10A4,
  0x0883,0x1084,0x08A4,0x1083,0x08A4,0x1084,0x08A3,0x1084,0x08A4,0x1083,0x08A4,0x1084,
  0x08A3,0x1084,0x08A4,0x1084,0x08A3,0x10A4,0x08A3,0x10A4,0x08A4,0x1083,0x08A4,0x10A3,
  0x0884,0x10A3,0x0884,0x08A4,0x0883,0x0884,0x1083,0x0884,0x0883,0x1084,0x0884,0x1083,
  0x1084,0x0883,0x1084,0x08A3,0x0884,0x1083,0x0884,0x0883,0x1084,0x0883,0x0884,0x1083,
  0x0884,0x0883,0x0884,0x0883,0x0883,0x0884,0x0883,0x0884,0x0883,0x0884,0x0883,0x0884,
  0x0883,0x0884,0x0883,0x0883,0x0884,0x0883,0x0883,0x0884,0x0883,0x0883,0x0884,0x0883,
  0x0883,0x0884,0x0883,0x0883,0x0884,0x0883,0x0883,0x1084,0x0863,0x1083,0x0863,0x1083,
  0x0863,0x0884,0x0863,0x1084,0x0863,0x1084,0x0863,0x1083,0x0864,0x1083,0x0863,0x1083,
  0x0863,0x0883,0x1063,0x0883,0x0883,0x1083,0x0883,0x1083,0x0863,0x0883,0x0863,0x1083,
  0x0863,0x1083,0x0863,0x0883,0x0863,0x0883,0x0863,0x0883,0x0863,0x0883,0x0863,0x1083,
  0x0863,0x1083,0x0864,0x0883,0x0863,0x0883,0x0863,0x0883,0x0863,0x1083,0x0863,0x1083,
  0x0863,0x0883,0x0863,0x0883,0x0863,0x0883,0x1063,0x0883,0x1063,0x0884,0x1063,0x0883,
  0x1083,0x0884,0x1083,0x0884,0x1083,0x0884,0x0883,0x1083,0x0884,0x0863,0x1083,0x0863,
  0x1084,0x0863,0x0883,0x0863,0x1084,0x0883,0x0883,0x1083,0x0883,0x1084,0x0883,0x0883,
  0x0883,0x1084,0x0883,0x1083,0x0883,0x0883,0x0883,0x1083,0x0884,0x1083,0x0884,0x1083,
  0x0884,0x1083,0x0884,0x1083,0x0884,0x1083,0x0884,0x0883,0x0884,0x0883,0x0884,0x1083,
  0x0884,0x0883,0x0884,0x1083,0x0884,0x0883,0x0884,0x1083,0x0884,0x0883,0x0884,0x1083,
  0x0884,0x1083,0x0884,0x0883,0x1084,0x08A3,0x1084,0x08A4,0x0883,0x10A4,0x0883,0x08A4,
  0x1083,0x08A4,0x1083,0x08A4,0x1083,0x08A4,0x1083,0x0884,0x10A4,0x08A4,0x10A4,0x08A3,
  0x10A4,0x0883,0x10A4,0x0884,0x10A3,0x0884,0x1083,0x08A4,0x1084,0x08A3,0x1084,0x08A4,
  0x1084,0x08A4,0x1084,0x08A4,0x1084,0x08A4,0x1084,0x08A4,0x1084,0x08A4,0x1084,0x08A4,
  0x1084,0x08A4,0x1084,0x08A4,0x1084,0x08A4,0x1084,0x08A4,0x1084,0x08A4,0x1084,0x08A4,
  0x10A4,0x08A4,0x10A4,0x08A4,0x10A4,0x10A4,0x08A4,0x1084,0x10A4,0x0884,0x10A4,0x1084,
  0x08A4,0x1084,0x10A4,0x0884,0x10A4,0x1084,0x08A4,0x1084,0x08A4,0x1084,0x10A4,0x0884,
  0x10A4,0x1084,0x08A4,0x1084,0x08A4,0x1084,0x10A4,0x0884,0x10A4,0x1084,0x08A4,0x1084,
  0x08A4,0x1084,0x10A4,0x0884,0x10A4,0x1084,0x08A4,0x1084,0x08A4,0x10A4,0x10A4,0x08A4,
  0x1084,0x08A4,0x1084,0x08A4,0x1084,0x08A4,0x1084,0x08A4,0x1084,0x08A4,0x1084,0x08A4,
  0x1084,0x08A4,0x1084,0x08A4,0x1084,0x08A4,0x1084,0x08A4,0x1084,0x08A4,0x1084,0x08A4,
  0x1084,0x0883,0x1084,0x0884,0x10A3,0x0884,0x10A4,0x0884,0x10A4,0x0884,0x10A3,0x1084,
  0x10A4,0x08A4,0x10A4,0x08A3,0x1084,0x08A3,0x1084,0x08A3,0x0884,0x10A4,0x0883,0x1084,
  0x0883,0x08A4,0x1083,0x08A4,0x0883,0x10A4,0x0884,0x08A3,0x0884,0x0883,0x1083,0x0884,
  0x1083,0x0884,0x1083,0x0883,0x1084,0x0883,0x1083,0x0884,0x1083,0x0883,0x1084,0x0883,
  0x1084,0x0883,0x1084,0x0883,0x1084,0x0883,0x1084,0x0883,0x1084,0x0883,0x1084,0x0883,
  0x1084,0x0883,0x0884,0x0883,0x1083,0x0883,0x0884,0x0883,0x1083,0x0883,0x1083,0x0883,
  0x0883,0x1083,0x0883,0x0883,0x0883,0x1083,0x0884,0x0883,0x1084,0x0883,0x0884,0x1083,
  0x0864,0x1083,0x0864,0x1083,0x0883,0x1084,0x0883,0x0883,0x1084,0x0883,0x0884,0x1083,
  0x0864,0x1083,0x0863,0x1084,0x0863,0x1083,0x0864,0x0883,0x0863,0x0883,0x1063,0x0883,
  0x1063,0x0884,0x1063,0x0883,0x0863,0x0883,0x0863,0x0883,0x1063,0x0884,0x1063,0x0883,
  0x1064,0x0883,0x0863,0x0884,0x0863,0x0883,0x0863,0x0883,0x1063,0x0883,0x1063,0x0883,
  0x0863,0x1083,0x0863,0x0883,0x1083,0x0883,0x0884,0x0883,0x0883,0x1083,0x0884,0x1083,
  0x0883,0x1063,0x0884,0x1063,0x0883,0x0863,0x1083,0x0864,0x1083,0x0883,0x1084,0x0883,
  0x1084,0x1083,0x0884,0x1083,0x0884,0x0883,0x0884,0x0883,0x0884,0x0883,0x0884,0x0883,
  0x0883,0x0884,0x1083,0x0884,0x1083,0x0883,0x0884,0x0883,0x1083,0x0884,0x0883,0x0884,
  0x0883,0x1084,0x0883,0x0884,0x0883,0x1084,0x0883,0x0884,0x0883,0x0884,0x1083,0x0884,
  0x0883,0x1084,0x0883,0x0884,0x1083,0x0884,0x1084,0x0883,0x0884,0x1083,0x0884,0x0883,
  0x0884,0x1083,0x0884,0x0883,0x1084,0x0883,0x1084,0x0884,0x10A3,0x0884,0x10A4,0x0883,
  0x10A4,0x0884,0x10A4,0x0883,0x10A4,0x0884,0x10A3,0x0884,0x10A4,0x10A4,0x08A4,0x10A4,
  0x10A4,0x08A4,0x10A4,0x10A4,0x08A4,0x10A4,0x08A4,0x10A4,0x08A4,0x10A4,0x08A4,0x10A4,
  0x08A4,0x10A4,0x08A4,0x10A4,0x08A4,0x10A4,0x08A4,0x1084,0x10A4,0x1084,0x08A4,0x1084,
  0x08A4,0x1084,0x10A4,0x08A4,0x10A4,0x10A4,0x08A4,0x10A4,0x10A4,0x08A4,0x10A4,0x10A4,
  0x08A4,0x10A4,0x10A4,0x08A4,0x10A4,0x08A4,0x10A4,0x10A4,0x08A4,0x10A4,0x10A4,0x08A4,
  0x10A4,0x08A4,0x10A4,0x10A4,0x08A4,0x10A4,0x10A4,0x08A4,0x10A4,0x08A4,0x10A4,0x10A4,
  0x08A4,0x10A4,0x10A4,0x08A4,0x1084,0x08A4,0x1084,0x10A4,0x08A4,0x10A4,0x08A4,0x10A4,
  0x08A4,0x10A4,0x08A4,0x10A4,0x08A4,0x10A4,0x08A4,0x10A4,0x08A4,0x10A4,0x08A4,0x10A4,
  0x08A4,0x10A4,0x08A4,0x10A4,0x10A4,0x08A4,0x10A4,0x10A4,0x0883,0x10A4,0x08A4,0x1083,
  0x08A4,0x1084,0x08A3,0x1084,0x08A3,0x1084,0x08A4,0x0883,0x10A4,0x0883,0x1084,0x08A4,
  0x1083,0x0884,0x0883,0x1084,0x0883,0x0884,0x0883,0x10A4,0x0884,0x1083,0x0884,0x1084,
  0x0883,0x0884,0x1083,0x0884,0x1083,0x0884,0x0883,0x0884,0x0883,0x0884,0x0883,0x0884,
  0x0883,0x0884,0x0883,0x0884,0x0883,0x0884,0x0883,0x0884,0x0883,0x0884,0x0883,0x0884,
  0x0883,0x0884,0x0883,0x0884,0x0883,0x0884,0x0883,0x0884,0x0883,0x1084,0x0883,0x0884,
  0x1083,0x0884,0x1083,0x1084,0x0883,0x1084,0x0883,0x1084,0x0863,0x0884,0x1063,0x0884,
  0x1063,0x0883,0x1063,0x0883,0x0863,0x1083,0x0863,0x1083,0x0883,0x0883,0x1083,0x0883,
  0x0863,0x1083,0x0863,0x1083,0x0863,0x0883,0x1063,0x0883,0x0863,0x0883,0x0863,0x0883,
  0x0863,0x0883,0x0863,0x1083,0x0863,0x0883,0x0863,0x0883,0x0863,0x0883,0x0863,0x0883,
  0x0863,0x0883,0x1063,0x0883,0x0863,0x0883,0x0863,0x0883,0x0863,0x0883,0x1063,0x0883,
  0x1063,0x0883,0x1063,0x0883,0x0884,0x1083,0x0884,0x1083,0x0884,0x1083,0x0884,0x1063,
  0x0884,0x1063,0x0883,0x1063,0x0884,0x1063,0x0883,0x0863,0x1084,0x0883,0x0883,0x0883,
  0x1084,0x0883,0x1083,0x0883,0x1084,0x0883,0x1083,0x0883,0x0884,0x1083,0x0883,0x1084,
  0x0883,0x0884,0x1083,0x0883,0x1084,0x0883,0x1083,0x0884,0x1083,0x0884,0x0883,0x0883,
  0x0884,0x1083,0x0884,0x0883,0x0884,0x0883,0x1084,0x0883,0x0883,0x0884,0x0883,0x1083,
  0x0884,0x0883,0x1084,0x0883,0x1084,0x0883,0x0884,0x1083,0x0884,0x08A3,0x1084,0x08A3,
  0x1084,0x08A3,0x0884,0x10A3,0x0884,0x08A3,0x1084,0x08A3,0x1084,0x08A4,0x0883,0x10A4,
  0x08A3,0x10A4,0x08A3,0x1084,0x08A4,0x1083,0x08A4,0x1084,0x08A3,0x1084,0x08A3,0x1084,
  0x08A4,0x1083,0x08A4,0x1083,0x08A4,0x10A4,0x1084,0x08A4,0x1084,0x10A4,0x0884,0x10A4,
  0x1084,0x08A4,0x1084,0x10A4,0x1084,0x08A4,0x1084,0x10A4,0x1084,0x08A4,0x1084,0x10A4,
  0x1084,0x08A4,0x10A4,0x08A4,0x10A4,0x08A4,0x10A4,0x10A4,0x10A4,0x08A4,0x10A4,0x1084,
  0x08A4,0x1084,0x10A4,0x0884,0x10A4,0x1084,0x08A4,0x1084,0x10A4,0x0884,0x10A4,0x1084,
  0x10A4,0x1084,0x08A4,0x1084,0x10A4,0x0884,0x10A4,0x1084,0x10A4,0x1084,0x08A4,0x1084,
  0x10A4,0x0884,0x10A4,0x1084,0x10A4,0x1084,0x08A4,0x1084,0x10A4,0x0884,0x10A4,0x10A4,
  0x10A4,0x10A4,0x08A4,0x10A4,0x1084,0x08A4,0x1084,0x10A4,0x1084,0x08A4,0x1084,0x10A4,
  0x1084,0x08A4,0x1084,0x10A4,0x1084,0x08A4,0x1084,0x10A4,0x1084,0x08A4,0x1084,0x08A4,
  0x1084,0x10A4,0x0884,0x10A4,0x08A4,0x1083,0x08A4,0x1084,0x08A3,0x1084,0x08A4,0x1083,
  0x08A4,0x1083,0x08A4,0x1084,0x08A3,0x1084,0x08A3,0x1084,0x08A3,0x0884,0x10A4,0x0883,
  0x08A4,0x1083,0x0884,0x0883,0x10A4,0x0883,0x08A4,0x0883,0x10A4,0x0883,0x10A4,0x0883,
  0x0884,0x1083,0x0884,0x1083,0x0884,0x1083,0x0884,0x1083,0x0884,0x1083,0x0884,0x1083,
  0x0884,0x1083,0x0884,0x1083,0x0884,0x1083,0x0883,0x1084,0x0883,0x1083,0x0884,0x1083,
  0x0883,0x1084,0x0883,0x1083,0x0884,0x0883,0x0883,0x1084,0x0883,0x1083,0x0883,0x1083,
  0x0884,0x1083,0x0883,0x1083,0x0883,0x1083,0x0883,0x1083,0x0883,0x0884,0x0883,0x1084,
  0x0883,0x0884,0x1083,0x0884,0x1063,0x0884,0x0863,0x1084,0x0883,0x0884,0x1083,0x0884,
  0x0883,0x1084,0x0883,0x1083,0x0863,0x1083,0x0863,0x1083,0x0863,0x1083,0x0863,0x0883,
  0x0864,0x1083,0x0863,0x1084,0x0863,0x1083,0x0863,0x0883,0x0863,0x0883,0x0863,0x0884,
  0x1063,0x0883,0x1063,0x0883,0x1063,0x0883,0x0863,0x0883,0x0863,0x0883,0x0864,0x0883,
  0x1063,0x0883,0x0863,0x0883,0x1063,0x0883,0x0883,0x0883,0x1083,0x0883,0x1084,0x0883,
  0x1083,0x0883,0x1084,0x0883,0x0883,0x1063,0x0884,0x1063,0x0883,0x0863,0x1084,0x0863,
  0x1083,0x0884,0x1083,0x0884,0x1083,0x0884,0x1083,0x0883,0x0884,0x1083,0x0884,0x0883,
  0x0884,0x0883,0x0884,0x0883,0x0884,0x1083,0x0884,0x1083,0x0884,0x0883,0x0884,0x1083,
  0x0884,0x0883,0x0883,0x1084,0x0883,0x1084,0x0883,0x0884,0x1083,0x0884,0x0883,0x1084,
  0x0883,0x1084,0x0883,0x08A4,0x1083,0x0884,0x0884,0x1083,0x0884,0x1083,0x0884,0x1083,
  0x08A4,0x1084,0x08A4,0x1084,0x08A3,0x1084,0x08A4,0x1083,0x0884,0x1084,0x08A4,0x1083,
  0x08A4,0x1084,0x08A3,0x1084,0x08A4,0x1084,0x08A4,0x1083,0x08A4,0x1084,0x08A4,0x1084,
  0x08A4,0x10A4,0x08A4,0x10A4,0x08A4,0x10A4,0x10A4,0x08A4,0x10A4,0x10A4,0x08A4,0x10A4,
  0x08A4,0x10A4,0x10A4,0x08A4,0x10A4,0x10A4,0x08A4,0x10A4,0x08A4,0x1084,0x10A4,0x1084,
  0x08A4,0x1084,0x08A4,0x1084,0x08A4,0x1084,0x08A4,0x10A4,0x10A4,0x08A4,0x10A4,0x10A4,
  0x08A4,0x10A4,0x10A4,0x08A4,0x10A4,0x10A4,0x08A4,0x10A4,0x08A4,0x10A4,0x08A4,0x10A4,
  0x08A4,0x10A4,0x08A4,0x10A4,0x08A4,0x10A4,0x08A4,0x10A4,0x08A4,0x10A4,0x08A4,0x10A4,
  0x08A4,0x10A4,0x08A4,0x10A4,0x08A4,0x10A4,0x0884,0x10A4,0x0884,0x10A4,0x0884,0x10A4,
  0x08A4,0x10A4,0x10A4,0x08A4,0x10A4,0x10A4,0x08A4,0x10A4,0x08A4,0x10A4,0x10A4,0x08A4,
  0x10A4,0x10A4,0x08A4,0x10A4,0x08A4,0x10A4,0x10A4,0x10A4,0x08A4,0x10A4,0x10A4,0x08A4,
  0x1083,0x08A4,0x1084,0x08A3,0x1084,0x08A3,0x1084,0x08A4,0x1084,0x08A4,0x1083,0x08A4,
  0x1084,0x08A4,0x1084,0x08A4,0x1084,0x08A3,0x1084,0x08A4,0x1083,0x08A4,0x10A4,0x0884,
  0x0883,0x1084,0x0883,0x1084,0x0883,0x0884,0x0884,0x10A3,0x0884,0x10A4,0x0883,0x0884,
  0x1084,0x0883,0x1084,0x0884,0x0883,0x0884,0x0883,0x0883,0x0884,0x0883,0x0883,0x0884,
  0x0883,0x0884,0x0883,0x0884,0x0883,0x0884,0x0883,0x0884,0x0883,0x0884,0x0883,0x0884,
  0x0883,0x1084,0x0883,0x0884,0x1083,0x0884,0x1083,0x0884,0x1083,0x0883,0x1084,0x0883,
  0x1064,0x0883,0x0864,0x0883,0x1063,0x0883,0x1063,0x0883,0x1063,0x0883,0x0863,0x0883,
  0x0883,0x1083,0x0883,0x1083,0x0863,0x1083,0x0863,0x0883,0x1063,0x0883,0x0863,0x0884,
  0x0863,0x0883,0x0864,0x0883,0x0863,0x0884,0x0863,0x1083,0x0863,0x0883,0x0863,0x0883,
  0x0863,0x0883,0x0863,0x0883,0x0863,0x1083,0x0863,0x0883,0x0863,0x0883,0x0863,0x0883,
  0x0863,0x0883,0x1063,0x0883,0x1064,0x0883,0x1063,0x0883,0x0883,0x1083,0x0884,0x1083,
  0x0884,0x0863,0x1084,0x0863,0x0883,0x1063,0x0883,0x0863,0x0884,0x0863,0x0883,0x1063,
  0x0884,0x1083,0x0883,0x0883,0x1084,0x0883,0x0883,0x1083,0x0884,0x1083,0x0883,0x1083,
  0x0883,0x1083,0x0884,0x1083,0x0883,0x0884,0x0883,0x1084,0x0883,0x1084,0x0883,0x1084,
  0x0883,0x0884,0x0883,0x0884,0x0883,0x1084,0x0883,0x0884,0x1083,0x0884,0x0883,0x0884,
  0x0883,0x0884,0x0883,0x0884,0x0883,0x1084,0x0884,0x0883,0x1084,0x08A4,0x1083,0x0884,
  0x1084,0x08A3,0x1084,0x08A3,0x0884,0x08A4,0x1083,0x0884,0x10A4,0x0883,0x10A4,0x0883,
  0x10A4,0x0883,0x10A4,0x0884,0x10A4,0x08A3,0x1084,0x08A4,0x1083,0x08A4,0x1084,0x08A3,
  0x1084,0x08A3,0x1084,0x08A4,0x1083,0x08A4,0x1083,0x08A4,0x10A4,0x1084,0x10A4,0x0884,
  0x10A4,0x0884,0x10A4,0x1084,0x08A4,0x1084,0x10A4,0x0884,0x10A4,0x1084,0x08A4,0x1084,
  0x08A4,0x1084,0x10A4,0x0884,0x10A4,0x10A4,0x08A4,0x10A4,0x10A4,0x08A4,0x10A4,0x08A4,
  0x10A4,0x10A4,0x10A4,0x0884,0x10A4,0x1084,0x08A4,0x1084,0x10A4,0x0884,0x10A4,0x1084,
  0x08A4,0x1084,0x08A4,0x1084,0x08A4,0x1084,0x10A4,0x0884,0x10A4,0x1084,0x10A4,0x0884,
  0x10A4,0x0884,0x10A4,0x1084,0x10A4,0x0884,0x10A4,0x0884,0x10A4,0x1084,0x08A4,0x1084,
  0x10A4,0x08A4,0x10A4,0x08A4,0x10A4,0x10A4,0x08A4,0x10A4,0x1084,0x08A4,0x1084,0x10A4,
  0x0884,0x10A4,0x1084,0x08A4,0x1084,0x10A4,0x0884,0x10A4,0x0884,0x10A4,0x1084,0x08A4,
  0x1084,0x10A4,0x0884,0x10A4,0x1084,0x08A4,0x1084,0x10A4,0x0884,0x10A3,0x0884,0x10A4,
  0x0884,0x10A4,0x0883,0x10A4,0x0883,0x10A4,0x0884,0x10A3,0x0884,0x10A3,0x0884,0x10A3,
  0x0884,0x10A4,0x0883,0x10A4,0x0884,0x10A3,0x0884,0x10A3,0x0884,0x10A3,0x0884,0x08A4,
  0x1083,0x08A4,0x1083,0x0884,0x0883,0x0884,0x10A3,0x0884,0x08A3,0x1084,0x08A3,0x0884,
  0x1083,0x0883,0x1084,0x0883,0x1084,0x0883,0x1084,0x0883,0x1083,0x0884,0x1083,0x0883,
  0x1084,0x0883,0x1084,0x0883,0x1084,0x0883,0x1084,0x0883,0x0884,0x0883,0x0884,0x0883,
  0x1083,0x0884,0x1083,0x0883,0x1084,0x0883,0x1083,0x0884,0x0883,0x1083,0x0883,0x1083,
  0x0884,0x1083,0x0884,0x0883,0x1084,0x0883,0x1084,0x1083,0x0864,0x1083,0x0864,0x0883,
  0x1084,0x0883,0x0884,0x1083,0x0884,0x1083,0x0883,0x1083,0x0863,0x1083,0x0863,0x1083,
  0x0863,0x1083,0x0863,0x0883,0x0863,0x1083,0x0863,0x1083,0x0863,0x1084,0x0863,0x0883,
  0x0863,0x0883,0x0863,0x1083,0x0863,0x1084,0x0863,0x1083,0x0864,0x0883,0x0863,0x0883,
  0x0863,0x0883,0x0863,0x0883,0x1064,0x0883,0x0863,0x0883,0x1083,0x0883,0x1083,0x0883,
  0x1084,0x0883,0x1084,0x1083,0x1083,0x1084,0x0883,0x1084,0x0883,0x1083,0x0884,0x1083,
  0x0883,0x1084,0x0883,0x1084,0x0883,0x1083,0x0884,0x1083,0x0884,0x1083,0x0883,0x1084,
  0x0883,0x0884,0x1083,0x0883,0x0884,0x0883,0x0883,0x0884,0x1083,0x0883,0x1084,0x0883,
  0x0883,0x0884,0x0883,0x0883,0x1084,0x0883,0x1084,0x1083,0x0884,0x1083,0x1084,0x0883,
  0x1084,0x0883,0x0883,0x1084,0x0883,0x0883,0x0884,0x0883,0x10A4,0x0883,0x10A4,0x0884,
  0x10A3,0x0884,0x10A4,0x08A3,0x1084,0x08A4,0x1083,0x08A4,0x1084,0x08A4,0x1083,0x08A4,
  0x1083,0x08A4,0x1084,0x08A3,0x1084,0x08A4,0x1083,0x08A4,0x10A4,0x08A4,0x10A3,0x10A4,
  0x08A4,0x10A4,0x08A4,0x1083,0x08A4,0x10A4,0x08A4,0x10A4,0x10A4,0x10A4,0x08A4,0x10A4,
  0x10A4,0x08A4,0x10A4,0x10A4,0x08A4,0x10A4,0x10A4,0x08A4,0x10A4,0x08A4,0x10A4,0x10A4,
  0x08A4,0x1084,0x10A4,0x0884,0x10A4,0x1084,0x08A4,0x1084,0x08A4,0x1084,0x08A4,0x10A4,
  0x08A4,0x10A4,0x10A4,0x08A4,0x10A4,0x10A4,0x08A4,0x10A4,0x10A4,0x08A4,0x10A4,0x10A4,
  0x10A4,0x08A4,0x10A4,0x10A4,0x08A4,0x10A4,0x08A4,0x10A4,0x10A4,0x10A4,0x08A4,0x10A4,
  0x08A4,0x10A4,0x10A4,0x10A4,0x08A4,0x10A4,0x10A4,0x08A4,0x1084,0x10A4,0x0884,0x10A4,
  0x0884,0x10A4,0x1084,0x08A4,0x10A4,0x10A4,0x08A4,0x10A4,0x10A4,0x08A4,0x10A4,0x10A4,
  0x08A4,0x10A4,0x10A4,0x08A4,0x10A4,0x08A4,0x10A4,0x10A4,0x08A4,0x10A4,0x10A4,0x08A4,
  0x10A4,0x10A4,0x08A4,0x10A4,0x10A4,0x08A4,0x10A4,0x08A3,0x10A4,0x08A4,0x10A4,0x08A4,
  0x1083,0x08A4,0x1083,0x08A4,0x1084,0x08A3,0x1084,0x08A4,0x1083,0x08A4,0x1084,0x08A3,
  0x1084,0x08A4,0x1084,0x10A4,0x0884,0x10A4,0x0883,0x10A4,0x0884,0x10A4,0x0884,0x10A3,
  0x1084,0x0883,0x1084,0x0883,0x1084,0x0883,0x0884,0x1083,0x0884,0x0884,0x0883,0x1084,
  0x0883,0x0884,0x0883,0x1084,0x0883,0x0884,0x0883,0x0884,0x0883,0x0884,0x0883,0x0883,
  0x0884,0x0883,0x0883,0x1084,0x0883,0x1083,0x0884,0x0883,0x1084,0x0883,0x1083,0x0884,
  0x1083,0x0884,0x1083,0x0883,0x1083,0x0884,0x1083,0x0884,0x1083,0x0883,0x1083,0x0883,
  0x1063,0x0883,0x0863,0x0883,0x1083,0x0883,0x1083,0x0883,0x0863,0x1083,0x0863,0x0883,
  0x1063,0x0883,0x1064,0x0883,0x1084,0x0883,0x0883,0x0884,0x1083,0x0883,0x0884,0x1083,
  0x0863,0x0883,0x0863,0x0884,0x0863,0x0883,0x1063,0x0883,0x0863,0x0883,0x1063,0x0883,
  0x0863,0x0883,0x0863,0x0883,0x1063,0x0883,0x1063,0x0883,0x1063,0x0883,0x1063,0x0883,
  0x0883,0x1083,0x0884,0x1063,0x0884,0x0863,0x1084,0x0863,0x1083,0x0884,0x0883,0x0884,
  0x0883,0x1083,0x0883,0x1083,0x0884,0x1083,0x0883,0x1084,0x0883,0x1083,0x0883,0x1083,
  0x0884,0x1083,0x0883,0x1084,0x0883,0x1084,0x0883,0x1083,0x0884,0x0883,0x0884,0x0883,
  0x1084,0x0883,0x1084,0x0883,0x0884,0x0883,0x0884,0x1083,0x0884,0x1083,0x0884,0x0883,
  0x1084,0x0883,0x0884,0x0884,0x1083,0x0884,0x0883,0x1084,0x0883,0x0884,0x0883,0x0884,
  0x0883,0x1084,0x0883,0x0884,0x10A3,0x0884,0x10A4,0x0883,0x10A4,0x0883,0x10A4,0x0884,
  0x10A3,0x0884,0x10A4,0x0883,0x10A4,0x0883,0x10A4,0x0884,0x10A4,0x0883,0x10A4,0x0884,
  0x10A3,0x0884,0x10A4,0x0883,0x10A4,0x1084,0x08A4,0x1084,0x10A3,0x0884,0x10A4,0x10A4,
  0x10A4,0x0884,0x10A4,0x0884,0x10A4,0x0884,0x10A4,0x0884,0x10A4,0x1084,0x08A4,0x1084,
  0x10A4,0x0884,0x10A4,0x1084,0x10A4,0x1084,0x08A4,0x1084,0x10A4,0x08A4,0x10A4,0x10A4,
  0x08A4,0x10A4,0x10A4,0x10A4,0x08A4,0x10A4,0x10A4,0x0884,0x10A4,0x0884,0x10A4,0x1084,
  0x08A4,0x1084,0x10A4,0x0884,0x10A4,0x1084,0x08A4,0x1084,0x08A4,0x1084,0x08A4,0x1084,
  0x10A4,0x0884,0x10A4,0x0884,0x10A4,0x0884,0x10A4,0x0884,0x10A4,0x0884,0x10A4,0x0884,
  0x10A4,0x0884,0x10A4,0x10A4,0x08A4,0x10A4,0x10A4,0x10A4,0x10A4,0x08A4,0x10A4,0x10A4,
  0x0884,0x10A4,0x1084,0x08A4,0x1084,0x10A4,0x0884,0x10A4,0x1084,0x08A4,0x1084,0x10A4,
  0x1084,0x10A4,0x0884,0x10A4,0x1084,0x08A4,0x1084,0x10A4,0x0884,0x10A4,0x1084,0x08A4,
  0x1084,0x10A3,0x0884,0x10A4,0x1083,0x10A4,0x0883,0x10A4,0x0884,0x10A4,0x0884,0x10A3,
  0x0884,0x10A4,0x0883,0x10A4,0x0884,0x10A3,0x0884,0x10A4,0x0883,0x10A4,0x0883,0x10A4,
  0x0883,0x10A4,0x0884,0x10A3,0x0884,0x10A3,0x0884,0x10A4,0x0883,0x08A4,0x1084,0x08A3,
  0x0884,0x10A4,0x0883,0x08A4,0x1083,0x08A4,0x1083,0x0884,0x0884,0x1083,0x0884,0x0884,
  0x0883,0x1084,0x0883,0x1084,0x0883,0x1083,0x0884,0x1083,0x0884,0x1083,0x0884,0x0883,
  0x0884,0x0883,0x1084,0x0883,0x1083,0x0884,0x1083,0x0883,0x1083,0x0883,0x1084,0x0883,
  0x1084,0x0883,0x1083,0x0883,0x1084,0x0883,0x1084,0x0883,0x0884,0x1083,0x0884,0x1083,
  0x0864,0x0883,0x0864,0x1083,0x0884,0x1083,0x0884,0x1083,0x0884,0x0883,0x0883,0x1083,
  0x0863,0x0883,0x1063,0x0883,0x0863,0x1083,0x0863,0x1083,0x0864,0x1083,0x0863,0x1083,
  0x0863,0x0883,0x0863,0x0883,0x0863,0x0883,0x0863,0x0884,0x1063,0x0883,0x1063,0x0883,
  0x0863,0x0883,0x0864,0x0883,0x0863,0x0883,0x0864,0x0883,0x1063,0x0883,0x1083,0x0883,
  0x1083,0x0883,0x0883,0x1083,0x0884,0x1083,0x1083,0x1083,0x0884,0x1083,0x0884,0x1083,
  0x0883,0x1084,0x0883,0x1083,0x0884,0x1083,0x0884,0x1083,0x0883,0x1084,0x0883,0x1083,
  0x0883,0x1083,0x0884,0x1083,0x0884,0x1083,0x0884,0x0883,0x0883,0x0884,0x0883,0x0884,
  0x1083,0x0884,0x0883,0x0884,0x0883,0x0884,0x1083,0x0884,0x0883,0x1084,0x0883,0x1084,
  0x0883,0x10A4,0x0884,0x08A3,0x1084,0x0883,0x1084,0x0883,0x1084,0x0883,0x0884,0x1083,
  0x08A4,0x1084,0x08A3,0x1084,0x08A4,0x1084,0x08A3,0x1084,0x08A4,0x1083,0x08A4,0x1084,
  0x08A4,0x1084,0x08A3,0x1084,0x08A3,0x1084,0x08A4,0x1083,0x08A4,0x1084,0x08A3,0x1084,
  0x08A4,0x10A3,0x10A4,0x08A4,0x10A4,0x10A4,0x08A3,0x1084,0x08A4,0x10A4,0x10A4,0x10A4,
  0x08A4,0x10A4,0x10A4,0x10A4,0x08A4,0x10A4,0x10A4,0x08A4,0x10A4,0x10A4,0x08A4,0x10A4,
  0x08A4,0x10A4,0x08A4,0x10A4,0x08A4,0x1084,0x08A4,0x1084,0x10A4,0x0884,0x10A4,0x0884,
  0x10A4,0x0884,0x10A4,0x10A4,0x10A4,0x10A4,0x08A4,0x10A4,0x10A4,0x08A4,0x10A4,0x10A4,
  0x08A4,0x10A4,0x08A4,0x10A4,0x10A4,0x08A4,0x10A4,0x08A4,0x10A4,0x10A4,0x10A4,0x08A4,
  0x10A4,0x10A4,0x08A4,0x10A4,0x10A4,0x10A4,0x08A4,0x10A4,0x10A4,0x10A4,0x0884,0x10A4,
  0x1084,0x08A4,0x1084,0x08A4,0x1084,0x08A4,0x1084,0x08A4,0x10A4,0x08A4,0x10A4,0x10A4,
  0x08A4,0x10A4,0x10A4,0x08A4,0x10A4,0x10A4,0x08A4,0x10A4,0x08A4,0x10A4,0x08A4,0x10A4,
  0x08A4,0x10A4,0x08A4,0x10A4,0x10A4,0x08A4,0x10A4,0x10A4,0x08A4,0x10A4,0x10A4,0x08A4,
  0x10A4,0x08A4,0x10A4,0x10A4,0x0883,0x10A4,0x0883,0x10A4,0x0884,0x10A3,0x0884,0x10A3,
  0x0884,0x10A4,0x0883,0x10A4,0x0884,0x10A3,0x0884,0x10A3,0x0884,0x10A3,0x0884,0x10A4,
  0x0883,0x10A4,0x0883,0x10A4,0x0884,0x1083,0x0884,0x0883,0x1084,0x0883,0x0884,0x1083,
  0x0884,0x0883,0x08A4,0x1083,0x08A4,0x1084,0x08A3,0x1084,0x0883,0x0883,0x0884,0x0883,
  0x0884,0x0883,0x0884,0x0883,0x0884,0x0883,0x0884,0x1083,0x0884,0x0883,0x0883,0x0884,
  0x1083,0x0883,0x1084,0x0883,0x1084,0x0883,0x1083,0x0884,0x1083,0x0883,0x1084,0x0883,
  0x1083,0x0884,0x1083,0x1083,0x0863,0x1083,0x0863,0x0883,0x1083,0x0883,0x1083,0x0883,
  0x0863,0x1083,0x0863,0x0883,0x1063,0x0883,0x1064,0x0883,0x0884,0x1083,0x0884,0x1083,
  0x0884,0x1083,0x0884,0x0883,0x0863,0x0883,0x0863,0x0883,0x0863,0x1083,0x0863,0x0883,
  0x0863,0x1083,0x0863,0x0883,0x0863,0x0883,0x0863,0x0883,0x1084,0x0883,0x1083,0x1083,
  0x0884,0x1083,0x0883,0x1083,0x0884,0x0863,0x0884,0x1063,0x0884,0x1063,0x0883,0x0863,
  0x1083,0x0884,0x0883,0x1083,0x0883,0x1084,0x0883,0x1084,0x0883,0x1083,0x0884,0x1083,
  0x0883,0x1084,0x0883,0x1084,0x0883,0x1083,0x0884,0x1083,0x0884,0x1083,0x0883,0x1084,
  0x0883,0x0884,0x0883,0x1084,0x0883,0x1084,0x0883,0x0883,0x0884,0x0883,0x1083,0x0884,
  0x1083,0x0883,0x0884,0x0883,0x1084,0x08A3,0x1084,0x08A3,0x0884,0x0883,0x1084,0x0883,
  0x08A4,0x1084,0x08A3,0x0884,0x08A4,0x1083,0x08A4,0x0884,0x10A3,0x0884,0x10A4,0x0884,
  0x10A3,0x0884,0x10A4,0x0883,0x10A4,0x0884,0x10A3,0x0884,0x10A3,0x0884,0x10A4,0x0883,
  0x10A4,0x0884,0x10A3,0x0884,0x10A4,0x0883,0x10A4,0x0884,0x10A4,0x08A4,0x1084,0x10A3,
  0x0884,0x10A4,0x10A4,0x08A4,0x10A4,0x1084,0x08A4,0x1084,0x10A4,0x0884,0x10A4,0x0884,
  0x10A4,0x0884,0x10A4,0x1084,0x08A4,0x1084,0x08A4,0x1084,0x08A4,0x1084,0x10A4,0x0884,
  0x10A4,0x10A4,0x10A4,0x08A4,0x10A4,0x08A4,0x10A4,0x10A4,0x08A4,0x10A4,0x10A4,0x0884,
  0x08A4,0x1084,0x10A4,0x0884,0x10A4,0x1084,0x08A4,0x1084,0x10A4,0x0884,0x10A4,0x0884,
  0x10A4,0x1084,0x10A4,0x1084,0x08A4,0x1084,0x08A4,0x1084,0x08A4,0x1084,0x10A4,0x0884,
  0x10A4,0x0884,0x10A4,0x0884,0x10A4,0x08A4,0x10A4,0x08A4,0x10A4,0x08A4,0x10A4,0x08A4,
  0x10A4,0x10A4,0x08A4,0x10A4,0x1084,0x10A4,0x0884,0x10A4,0x1084,0x08A4,0x1084,0x10A4,
  0x0884,0x10A4,0x0884,0x10A4,0x0884,0x10A4,0x1084,0x08A4,0x1084,0x10A4,0x1084,0x08A4,
  0x1084,0x10A4,0x0884,0x10A4,0x1083,0x08A4,0x1083,0x10A4,0x0883,0x10A4,0x1084,0x08A3,
  0x1084,0x08A4,0x1084,0x08A3,0x1084,0x08A4,0x1084,0x08A4,0x1083,0x08A4,0x1084,0x08A3,
  0x1084,0x08A4,0x1084,0x08A4,0x1084,0x08A4,0x1083,0x08A4,0x1084,0x08A4,0x1084,0x08A3,
  0x1084,0x08A3,0x10A4,0x08A4,0x10A4,0x08A4,0x10A4,0x08A4,0x1083,0x0884,0x1083,0x0884,
  0x0883,0x1084,0x0883,0x0884,0x1083,0x0884,0x1083,0x0883,0x1084,0x0883,0x1084,0x0883,
  0x1083,0x0884,0x0883,0x0883,0x0884,0x1083,0x0884,0x0883,0x1084,0x0883,0x1083,0x0884,
  0x1083,0x0884,0x1083,0x0883,0x1084,0x0883,0x1083,0x0884,0x1083,0x0883,0x0884,0x1083,
  0x0884,0x0883,0x1084,0x0883,0x1064,0x0883,0x0864,0x1083,0x0884,0x0883,0x1084,0x0883,
  0x0883,0x1083,0x0883,0x0883,0x1063,0x0883,0x0863,0x1083,0x0863,0x0883,0x1063,0x0883,
  0x1063,0x0883,0x1063,0x0883,0x0864,0x0883,0x0863,0x0883,0x0863,0x0883,0x0863,0x1083,
  0x0863,0x1084,0x0863,0x0883,0x1063,0x0883,0x0864,0x0883,0x1063,0x0883,0x1064,0x0883,
  0x1083,0x0883,0x1083,0x0883,0x0883,0x0883,0x1084,0x0883,0x1084,0x0883,0x1084,0x0883,
  0x1084,0x0883,0x1083,0x0883,0x1084,0x0883,0x1083,0x0884,0x1083,0x0883,0x1083,0x0883,
  0x1084,0x0883,0x1083,0x0884,0x1083,0x0884,0x1083,0x0883,0x0884,0x1083,0x0883,0x0884,
  0x0883,0x0883,0x1084,0x0883,0x1084,0x0883,0x0884,0x0883,0x0884,0x0883,0x1084,0x0883,
  0x0884,0x1083,0x0884,0x1084,0x08A3,0x1084,0x08A3,0x1084,0x0883,0x0884,0x1083,0x0884,
  0x1083,0x0884,0x1083,0x0884,0x10A4,0x0883,0x10A4,0x0883,0x10A4,0x0884,0x10A3,0x0884,
  0x10A4,0x10A3,0x08A4,0x10A4,0x10A4,0x08A3,0x10A4,0x10A4,0x08A4,0x10A4,0x08A4,0x10A4,
  0x08A4,0x10A4,0x10A4,0x08A3,0x10A4,0x10A3,0x08A4,0x10A4,0x10A4,0x0883,0x10A4,0x1083,
  0x08A4,0x10A4,0x10A4,0x08A4,0x10A4,0x08A4,0x10A4,0x10A4,0x08A4,0x10A4,0x08A4,0x10A4,
  0x10A4,0x08A4,0x10A4,0x10A4,0x10A4,0x08A4,0x10A4,0x10A4,0x08A4,0x1084,0x08A4,0x1084,
  0x10A4,0x1084,0x08A4,0x1084,0x10A4,0x0884,0x10A4,0x10A4,0x10A4,0x08A4,0x10A4,0x10A4,
  0x08A4,0x10A4,0x10A4,0x08A4,0x10A4,0x10A4,0x10A4,0x10A4,0x08A4,0x10A4,0x08A4,0x10A4,
  0x08A4,0x10A4,0x10A4,0x08A4,0x10A4,0x10A4,0x08A4,0x10A4,0x10A4,0x10A4,0x10A4,0x08A4,
  0x1084,0x10A4,0x0884,0x10A4,0x1084,0x08A4,0x1084,0x10A4,0x0884,0x10A4,0x1084,0x08A4,
  0x10A4,0x08A4,0x10A4,0x08A4,0x10A4,0x10A4,0x08A4,0x10A4,0x10A4,0x08A4,0x10A4,0x10A4,
  0x10A4,0x08A4,0x10A4,0x10A4,0x08A4,0x10A4,0x08A4,0x10A4,0x08A4,0x10A4,0x10A4,0x08A4,
  0x10A4,0x10A4,0x08A4,0x10A4,0x10A4,0x08A4,0x10A4,0x10A4,0x08A4,0x10A3,0x10A4,0x10A4,
  0x08A4,0x10A3,0x10A4,0x10A4,0x08A4,0x10A4,0x10A3,0x10A4,0x08A4,0x10A3,0x10A4,0x08A3,
  0x1084,0x08A3,0x1084,0x08A4,0x1083,0x08A4,0x1083,0x08A4,0x1084,0x08A4,0x1083,0x0884,
  0x1083,0x0884,0x1083,0x08A4,0x0883,0x10A4,0x0884,0x10A3,0x0884,0x08A3,0x1084,0x08A3,
  0x0884,0x0883,0x0884,0x0883,0x0884,0x0883,0x0883,0x0884,0x0883,0x1084,0x0883,0x1084,
  0x0883,0x0884,0x0883,0x0884,0x1083,0x0883,0x1084,0x0883,0x1083,0x0883,0x1084,0x0883,
  0x1083,0x0884,0x1083,0x0883,0x1084,0x0883,0x1083,0x0883,0x1083,0x0883,0x1083,0x0883,
  0x1083,0x0883,0x1083,0x0883,0x1083,0x0863,0x1083,0x0863,0x1084,0x0863,0x0884,0x1083,
  0x0884,0x1083,0x0884,0x0883,0x1084,0x0883,0x0883,0x1084,0x0863,0x0883,0x0864,0x1083,
  0x0863,0x1083,0x0863,0x0883,0x0863,0x0883,0x1063,0x0883,0x0863,0x0883,0x1063,0x0883,
  0x0884,0x1083,0x0883,0x1083,0x0884,0x0883,0x0883,0x1063,0x0884,0x1063,0x0884,0x1063,
  0x0884,0x1063,0x0883,0x0863,0x1083,0x0883,0x1083,0x0884,0x1083,0x0883,0x1084,0x0883,
  0x1083,0x0884,0x1083,0x0883,0x1084,0x0883,0x1084,0x0883,0x1083,0x0884,0x1083,0x0883,
  0x1083,0x0883,0x1084,0x0883,0x1083,0x0884,0x0883,0x1084,0x0883,0x0884,0x0883,0x0884,
  0x0883,0x1084,0x0883,0x1084,0x0883,0x1084,0x0883,0x1084,0x0883,0x08A4,0x0883,0x1084,
  0x0883,0x0884,0x1083,0x08A4,0x1083,0x08A4,0x1084,0x08A3,0x0884,0x10A3,0x0884,0x0883,
  0x10A4,0x0884,0x10A3,0x0884,0x10A4,0x0883,0x10A4,0x0884,0x10A4,0x08A4,0x1084,0x08A3,
  0x1084,0x10A4,0x0884,0x10A3,0x1084,0x08A3,0x1084,0x10A3,0x1084,0x08A3,0x1084,0x10A4,
  0x0884,0x10A4,0x1084,0x08A3,0x10A4,0x10A4,0x08A4,0x10A4,0x10A4,0x0884,0x10A4,0x1084,
  0x08A4,0x1084,0x08A4,0x1084,0x10A4,0x1084,0x10A4,0x0884,0x10A4,0x1084,0x08A4,0x1084,
  0x08A4,0x1084,0x08A4,0x1084,0x10A4,0x08A4,0x10A4,0x08A4,0x10A4,0x08A4,0x10A4,0x08A4,
  0x10A4,0x10A4,0x08A4,0x1084,0x08A4,0x1084,0x08A4,0x1084,0x10A4,0x0884,0x10A4,0x1084,
  0x08A4,0x1084,0x08A4,0x1084,0x08A4,0x1084,0x08A4,0x1084,0x10A4,0x0884,0x10A4,0x1084,
  0x08A4,0x1084,0x10A4,0x0884,0x10A4,0x0884,0x10A4,0x10A4,0x08A4,0x10A4,0x10A4,0x08A4,
  0x10A4,0x10A4,0x08A4,0x10A4,0x10A4,0x08A4,0x10A4,0x10A4,0x0884,0x10A4,0x1084,0x10A4,
  0x0884,0x10A4,0x1084,0x08A4,0x1084,0x10A4,0x0884,0x10A4,0x0884,0x10A4,0x0884,0x10A4,
  0x1084,0x08A4,0x1084,0x10A4,0x1084,0x08A4,0x1084,0x10A4,0x0884,0x10A3,0x1084,0x08A4,
  0x1083,0x10A4,0x0883,0x10A4,0x1084,0x08A4,0x1084,0x08A3,0x1084,0x10A4,0x0883,0x10A4,
  0x1083,0x08A4,0x1084,0x08A4,0x1084,0x10A4,0x0884,0x10A4,0x0883,0x10A4,0x0884,0x10A3,
  0x0884,0x10A4,0x0884,0x10A3,0x0884,0x10A3,0x0884,0x10A3,0x08A4,0x10A3,0x0884,0x10A4,
  0x0883,0x0884,0x1083,0x0884,0x1083,0x0884,0x1083,0x0884,0x1083,0x0884,0x1083,0x0884,
  0x1083,0x0884,0x1084,0x0883,0x0884,0x0883,0x0884,0x0883,0x0884,0x1083,0x0883,0x0884,
  0x1083,0x0883,0x1083,0x0884,0x1083,0x0883,0x1083,0x0884,0x1083,0x0883,0x1084,0x0883,
  0x1083,0x0884,0x1083,0x0884,0x1083,0x0884,0x1083,0x0884,0x1083,0x0884,0x1083,0x0884,
  0x1083,0x0884,0x0883,0x1083,0x0883,0x0883,0x1063,0x0883,0x0863,0x1083,0x0863,0x1083,
  0x0863,0x1083,0x0863,0x0883,0x0863,0x1083,0x0863,0x0883,0x0863,0x0883,0x1063,0x0883,
  0x0863,0x0883,0x0863,0x0884,0x1063,0x0883,0x0863,0x0883,0x1063,0x0883,0x1064,0x0883,
  0x1063,0x0883,0x1084,0x0883,0x0883,0x0883,0x1083,0x0883,0x0883,0x0883,0x1084,0x0883,
  0x1084,0x0883,0x1084,0x0883,0x1083,0x0884,0x1083,0x0883,0x1084,0x0883,0x1084,0x0883,
  0x1083,0x0884,0x1083,0x0884,0x1083,0x0883,0x1084,0x0883,0x1084,0x0883,0x1083,0x0884,
  0x0883,0x0884,0x0883,0x0884,0x1083,0x0884,0x1083,0x0884,0x1083,0x0884,0x1083,0x0884,
  0x1083,0x0884,0x0883,0x10A4,0x0884,0x1083,0x08A4,0x0883,0x10A4,0x0883,0x0884,0x0884,
  0x10A4,0x0883,0x10A4,0x0884,0x10A4,0x0884,0x10A3,0x08A4,0x1083,0x08A4,0x1084,0x08A3,
  0x1084,0x08A4,0x1083,0x08A4,0x10A3,0x10A4,0x08A4,0x10A4,0x08A4,0x10A3,0x10A4,0x08A4,
  0x10A4,0x10A4,0x08A4,0x10A4,0x08A4,0x10A4,0x08A4,0x10A3,0x10A4,0x08A4,0x10A4,0x1084,
  0x08A4,0x1083,0x10A4,0x0884,0x10A4,0x10A4,0x08A4,0x10A4,0x10A4,0x10A4,0x10A4,0x08A4,
  0x10A4,0x08A4,0x10A4,0x08A4,0x10A4,0x08A4,0x10A4,0x08A4,0x10A4,0x10A4,0x10A4,0x08A4,
  0x10A4,0x1084,0x10A4,0x0884,0x10A4,0x1084,0x08A4,0x1084,0x08A4,0x1084,0x08A4,0x10A4,
  0x10A4,0x08A4,0x10A4,0x08A4,0x10A4,0x10A4,0x08A4,0x10A4,0x08A4,0x10A4,0x08A4,0x10A4,
  0x10A4,0x08A4,0x10A4,0x08A4,0x10A4,0x10A4,0x08A4,0x10A4,0x10A4,0x08A4,0x10A4,0x08A4,
  0x10A4,0x08A4,0x1084,0x08A4,0x1084,0x08A4,0x1084,0x10A4,0x0884,0x10A4,0x1084,0x08A4,
  0x1084,0x10A4,0x0884,0x10A4,0x10A4,0x08A4,0x10A4,0x08A4,0x10A4,0x08A4,0x10A4,0x10A4,
  0x08A4,0x10A4,0x08A4,0x10A4,0x10A4,0x08A4,0x10A4,0x08A4,0x10A4,0x10A4,0x08A4,0x10A4,
  0x08A4,0x10A4,0x08A4,0x10A4,0x10A4,0x08A4,0x10A4,0x10A4,0x08A4,0x10A4,0x10A4,0x08A4,
  0x10A3,0x10A4,0x08A4,0x10A4,0x10A4,0x08A4,0x10A4,0x08A4,0x10A4,0x10A4,0x08A4,0x10A3,
  0x10A4,0x08A3,0x10A4,0x10A4,0x0884,0x10A3,0x0884,0x10A4,0x0883,0x10A4,0x0883,0x10A4,
  0x0884,0x10A4,0x0884,0x10A4,0x0884,0x1084,0x08A3,0x1084,0x08A4,0x1083,0x08A4,0x0883,
  0x08A4,0x1083,0x08A4,0x0884,0x10A3,0x0884,0x0884,0x1083,0x0884,0x1083,0x0884,0x1083,
  0x0884,0x1083,0x0883,0x1084,0x0883,0x0884,0x1083,0x0884,0x1083,0x0884,0x1083,0x0883,
  0x1084,0x0883,0x1084,0x0883,0x1083,0x0884,0x1083,0x0884,0x1083,0x0883,0x1084,0x0883,
  0x1084,0x0883,0x1084,0x0883,0x1084,0x0883,0x1084,0x0883,0x0883,0x1063,0x0883,0x0864,
  0x1083,0x0884,0x0883,0x1084,0x0883,0x0884,0x1083,0x0884,0x0883,0x0884,0x1083,0x0884,
  0x1063,0x0883,0x0863,0x1083,0x0863,0x0884,0x0863,0x0883,0x0863,0x1083,0x0863,0x0883,
  0x0863,0x0883,0x1063,0x0883,0x0884,0x1083,0x0883,0x0883,0x0884,0x1063,0x0883,0x1063,
  0x0884,0x1063,0x0884,0x1063,0x0883,0x1063,0x0883,0x0863,0x1083,0x0884,0x1083,0x0883,
  0x1084,0x0883,0x1083,0x0884,0x1083,0x0883,0x1083,0x0884,0x1083,0x0883,0x1083,0x0883,
  0x1084,0x0883,0x1083,0x0884,0x1083,0x0884,0x1083,0x0883,0x1084,0x0883,0x1084,0x0883,
  0x0884,0x0883,0x0883,0x0884,0x0883,0x1084,0x0883,0x0884,0x0884,0x10A3,0x0884,0x0883,
  0x1084,0x0883,0x1084,0x0883,0x1084,0x08A4,0x1083,0x0883,0x10A4,0x0884,0x10A3,0x0884,
  0x10A3,0x0884,0x10A4,0x0884,0x10A4,0x0883,0x10A4,0x0884,0x10A3,0x0884,0x10A4,0x0884,
  0x10A4,0x0884,0x10A3,0x1084,0x10A4,0x0884,0x10A4,0x1083,0x08A4,0x1084,0x10A3,0x0884,
  0x10A4,0x1083,0x10A4,0x0884,0x10A4,0x1083,0x08A4,0x10A3,0x10A4,0x08A4,0x10A4,0x10A3,
  0x08A4,0x1084,0x10A4,0x0884,0x10A4,0x0884,0x10A4,0x0884,0x10A4,0x0884,0x10A4,0x1084,
  0x08A4,0x1084,0x10A4,0x1084,0x08A4,0x1084,0x08A4,0x1084,0x08A4,0x10A4,0x08A4,0x10A4,
  0x08A4,0x10A4,0x10A4,0x10A4,0x10A4,0x08A4,0x10A4,0x0884,0x10A4,0x1084,0x10A4,0x1084,
  0x08A4,0x1084,0x10A4,0x0884,0x10A4,0x1084,0x10A4,0x0884,0x10A4,0x1084,0x10A4,0x1084,
  0x08A4,0x1084,0x10A4,0x0884,0x10A4,0x1084,0x08A4,0x1084,0x10A4,0x08A4,0x10A4,0x10A4,
  0x08A4,0x10A4,0x08A4,0x10A4,0x10A4,0x08A4,0x10A4,0x10A4,0x08A4,0x10A4,0x10A4,0x08A4,
  0x1084,0x10A4,0x0884,0x10A4,0x1084,0x10A4,0x0884,0x10A4,0x1084,0x08A4,0x1084,0x08A4,
  0x1084,0x10A4,0x1084,0x10A4,0x0884,0x10A4,0x1084,0x08A4,0x1084,0x10A4,0x1084,0x08A4,
  0x1083,0x10A4,0x0883,0x10A4,0x1083,0x08A4,0x1083,0x10A4,0x0884,0x10A4,0x1083,0x08A4,
  0x1083,0x10A4,0x0883,0x10A4,0x0884,0x10A3,0x1084,0x08A4,0x1084,0x10A4,0x0884,0x10A3,
  0x0884,0x10A4,0x0883,0x10A4,0x0884,0x10A3,0x0884,0x10A3,0x0884,0x10A3,0x0884,0x10A3,
  0x0884,0x10A3,0x0884,0x10A3,0x0884,0x0883,0x1084,0x0884,0x1083,0x0884,0x1083,0x0884,
  0x0883,0x10A4,0x0883,0x08A4,0x1083,0x08A4,0x0883,0x08A4,0x0883,0x0884,0x0883,0x0884,
  0x0883,0x0883,0x0884,0x0883,0x1083,0x0883,0x1084,0x0883,0x1083,0x0883,0x1083,0x0884,
  0x1083,0x0883,0x1083,0x0883,0x1084,0x0883,0x1083,0x0883,0x1083,0x0883,0x1083,0x0883,
  0x1083,0x0883,0x1083,0x1084,0x0883,0x1084,0x0883,0x1083,0x0863,0x1083,0x0863,0x1083,
  0x0863,0x1083,0x0863,0x0883,0x1063,0x0883,0x1063,0x0883,0x0863,0x0883,0x0863,0x0884,
  0x0863,0x1083,0x0863,0x0883,0x0883,0x0883,0x1084,0x0883,0x1083,0x0884,0x0883,0x1063,
  0x0883,0x0863,0x1084,0x0863,0x1083,0x0883,0x0884,0x0883,0x0863,0x0883,0x0863,0x1083,
  0x0884,0x0883,0x1084,0x0883,0x1084,0x0883,0x1083,0x0884,0x1083,0x0883,0x1084,0x0883,
  0x0883,0x0884,0x0883,0x0884,0x0883,0x0884,0x0884,0x0883,0x0884,0x0883,0x0884,0x0883,
  0x0883,0x0884,0x0883,0x0884,0x1083,0x0884,0x0883,0x1084,0x0883,0x1084,0x1084,0x0883,
  0x1084,0x08A3,0x1084,0x08A3,0x1084,0x0883,0x1084,0x08A3,0x10A4,0x08A4,0x10A3,0x08A4,
  0x1083,0x08A4,0x10A4,0x0884,0x10A3,0x0884,0x10A4,0x0883,0x10A4,0x0883,0x10A4,0x0883,
  0x10A4,0x10A4,0x08A4,0x10A4,0x08A4,0x10A4,0x08A4,0x10A4,0x08A4,0x10A4,0x08A4,0x10A4,
  0x08A4,0x10A4,0x08A4,0x10A4,0x10A4,0x08A4,0x10A4,0x10A4,0x08A4,0x10A4,0x08A4,0x10A4,
  0x08A4,0x10A4,0x10A4,0x0884,0x10A4,0x1084,0x08A4,0x1084,0x10A4,0x08A4,0x10A4,0x08A4,
  0x10A4,0x08A4,0x10A4,0x10A4,0x08A4,0x10A4,0x08A4,0x10A4,0x10A4,0x08A4,0x10A4,0x08A4,
  0x10A4,0x08A4,0x10A4,0x10A4,0x08A4,0x1084,0x10A4,0x0884,0x10A4,0x10A4,0x08A4,0x10A4,
  0x10A4,0x10A4,0x10A4,0x10A4,0x10A4,0x08A4,0x10A4,0x10A4,0x10A4,0x08A4,0x10A4,0x10A4,
  0x10A4,0x08A4,0x10A4,0x10A4,0x08A4,0x10A4,0x08A4,0x10A4,0x10A4,0x08A4,0x10A4,0x10A4,
  0x08A4,0x10A4,0x10A4,0x10A4,0x08A4,0x10A4,0x10A4,0x10A4,0x10A4,0x10A4,0x10A4,0x08A4,
  0x1084,0x10A4,0x1084,0x10A4,0x1084,0x10A4,0x1084,0x10A4,0x1084,0x10A4,0x1084,0x10A4,
  0x1084,0x10A4,0x1084,0x10A4,0x08A4,0x10A4,0x10A4,0x10A4,0x08A4,0x10A4,0x08A4,0x10A4,
  0x08A4,0x10A4,0x08A4,0x10A4,0x10A4,0x08A4,0x10A4,0x10A4,0x08A4,0x10A4,0x10A4,0x08A4,
  0x10A4,0x10A4,0x08A4,0x10A4,0x10A4,0x08A4,0x10A4,0x10A4,0x08A4,0x10A4,0x10A4,0x10A4,
  0x10A4,0x08A4,0x10A4,0x10A4,0x08A4,0x10A4,0x10A4,0x08A4,0x10A4,0x08A4,0x10A4,0x08A4,
  0x10A4,0x08A4,0x10A4,0x08A4,0x1084,0x08A3,0x1084,0x08A4,0x1083,0x08A4,0x1084,0x08A4,
  0x1083,0x10A4,0x08A3,0x10A4,0x08A4,0x10A4,0x08A4,0x10A3,0x0884,0x0883,0x1084,0x0883,
  0x0884,0x0883,0x1084,0x0883,0x1084,0x1083,0x0884,0x1083,0x1084,0x0884,0x1083,0x0884,
  0x0884,0x0883,0x0884,0x0883,0x0884,0x0884,0x0883,0x0884,0x0883,0x0884,0x0884,0x0883,
  0x0884,0x0883,0x0884,0x1084,0x0883,0x1084,0x0883,0x1084,0x0883,0x1084,0x0883,0x0883,
  0x1083,0x0863,0x0883,0x0884,0x1083,0x0863,0x0883,0x0863,0x1084,0x0883,0x0884,0x1083,
  0x0884,0x1083,0x0883,0x0884,0x1083,0x0884,0x1083,0x1083,0x0883,0x0883,0x1083,0x0863,
  0x0863,0x1083,0x0863,0x1083,0x0864,0x1083,0x0883,0x1084,0x0883,0x1083,0x0883,0x0883,
  0x0884,0x1063,0x0883,0x1083,0x0863,0x1083,0x0883,0x0884,0x1063,0x0883,0x1063,0x0883,
  0x1083,0x0884,0x1083,0x0883,0x1083,0x0884,0x1083,0x0883,0x1084,0x0883,0x1084,0x0883,
  0x1084,0x0883,0x1083,0x0884,0x1083,0x0884,0x1083,0x0884,0x1083,0x0884,0x1083,0x0884,
  0x0883,0x1084,0x0883,0x1084,0x0884,0x0883,0x1084,0x08A3,0x0884,0x1083,0x0884,0x0883,
  0x0884,0x10A4,0x0883,0x0884,0x1083,0x0884,0x1084,0x08A4,0x1084,0x08A3,0x1084,0x08A3,
  0x1084,0x08A3,0x1084,0x08A4,0x1084,0x08A4,0x1083,0x08A4,0x10A4,0x0884,0x10A4,0x1084,
  0x10A4,0x0884,0x10A4,0x1084,0x10A4,0x0884,0x10A4,0x0884,0x10A4,0x1084,0x10A4,0x0884,
  0x10A4,0x1084,0x08A4,0x1084,0x10A4,0x0884,0x10A4,0x1084,0x10A4,0x0884,0x10A4,0x10A4,
  0x08A4,0x10A4,0x10A4,0x08A4,0x10A4,0x1084,0x08A4,0x1084,0x10A4,0x1084,0x08A4,0x1084,
  0x10A4,0x1084,0x10A4,0x0884,0x10A4,0x1084,0x08A4,0x1084,0x10A4,0x1084,0x08A4,0x1084,
  0x10A4,0x08A4,0x10A4,0x10A4,0x10A4,0x10A4,0x10A4,0x08A4,0x10A4,0x08A4,0x10A4,0x08A4,
  0x10A4,0x10A4,0x08A4,0x10A4,0x10A4,0x10A4,0x10A4,0x08A4,0x10A4,0x10A4,0x10A4,0x10A4,
  0x10A4,0x10A4,0x10A4,0x08A4,0x10A4,0x10A4,0x10A4,0x10A4,0x10A4,0x10A4,0x08A4,0x10A4,
  0x10A4,0x10A4,0x08A4,0x10A4,0x08A4,0x10A4,0x10A4,0x10A4,0x10A4,0x10A4,0x10A4,0x10A4,
  0x10A4,0x10A4,0x10A4,0x10A4,0x1084,0x10A4,0x1084,0x08A4,0x1084,0x10A4,0x0884,0x10A4,
  0x1084,0x08A4,0x1084,0x08A4,0x1084,0x08A4,0x1084,0x10A4,0x0884,0x10A4,0x1084,0x08A4,
  0x1084,0x10A4,0x0884,0x10A4,0x1084,0x08A4,0x1084,0x10A4,0x0884,0x10A4,0x1084,0x08A4,
  0x1084,0x10A4,0x0884,0x10A4,0x1084,0x08A4,0x1084,0x08A4,0x1084,0x08A4,0x1084,0x08A4,
  0x1084,0x08A4,0x1084,0x10A4,0x0884,0x10A4,0x1084,0x10A4,0x0884,0x10A4,0x1084,0x10A4,
  0x0884,0x10A4,0x0883,0x10A4,0x0884,0x10A3,0x0884,0x10A3,0x0884,0x08A4,0x1084,0x0883,
  0x1084,0x0883,0x1084,0x08A4,0x0883,0x0884,0x0883,0x0884,0x1083,0x0884,0x0883,0x0884,
  0x0883,0x1084,0x0883,0x0884,0x1083,0x0884,0x1083,0x0884,0x1083,0x0884,0x1083,0x0884,
  0x1083,0x0883,0x1084,0x0883,0x1084,0x0883,0x1083,0x0884,0x1083,0x0884,0x0883,0x0883,
  0x1084,0x0883,0x1084,0x0883,0x1084,0x0883,0x1084,0x1083,0x0884,0x1083,0x0863,0x1083,
  0x0883,0x0884,0x1063,0x0883,0x0883,0x1063,0x0883,0x1063,0x0883,0x0863,0x1083,0x0863,
  0x1083,0x0863,0x0883,0x0863,0x1084,0x0863,0x1084,0x0883,0x0883,0x0884,0x0883,0x0883,
  0x1083,0x0863,0x0883,0x1063,0x0883,0x0864,0x1083,0x0863,0x1083,0x0883,0x0864,0x1083,
  0x0863,0x0884,0x1063,0x0883,0x1083,0x0883,0x1084,0x0883,0x1084,0x0883,0x1083,0x0884,
  0x1083,0x0883,0x1084,0x0883,0x0884,0x0883,0x0883,0x0884,0x0883,0x0884,0x0883,0x0884,
  0x0883,0x0883,0x0884,0x0883,0x0884,0x0883,0x0884,0x1083,0x0884,0x1084,0x0883,0x0884,
  0x1083,0x08A4,0x0883,0x1084,0x0883,0x08A4,0x1084,0x08A3,0x1084,0x0883,0x1084,0x08A4,
  0x10A4,0x08A3,0x1084,0x08A3,0x1084,0x08A4,0x1083,0x08A4,0x1084,0x08A4,0x1083,0x08A4,
  0x1083,0x08A4,0x1084,0x08A4,0x10A4,0x10A4,0x08A4,0x10A4,0x08A4,0x10A4,0x08A4,0x10A4,
  0x08A4,0x10A4,0x10A4,0x10A4,0x08A4,0x10A4,0x08A4,0x10A4,0x08A4,0x10A4,0x10A4,0x08A4,
  0x10A4,0x10A4,0x08A4,0x10A4,0x08A4,0x10A4,0x08A4,0x1084,0x10A4,0x0884,0x10A4,0x1084,
  0x08A4,0x10A4,0x10A4,0x08A4,0x10A4,0x08A4,0x10A4,0x08A4,0x10A4,0x08A4,0x10A4,0x08A4,
  0x10A4,0x08A4,0x10A4,0x10A4,0x08A4,0x10A4,0x10A4,0x08A4,0x10A4,0x10A4,0x08A4,0x10A4,
  0x08A4,0x10A4,0x10A4,0x10A4,0x10A4,0x10A4,0x10A4,0x10A4,0x10A4,0x10A4,0x10A4,0x08A4,
  0x10A4,0x08A4,0x10A4,0x10A4,0x10A4,0x08A4,0x10A4,0x08A4,0x10A4,0x08A4,0x10A4,0x10A4,
  0x10A4,0x08A4,0x10A4,0x08A4,0x10A4,0x10A4,0x10A4,0x08A4,0x10A4,0x10A4,0x10A4,0x10A4,
  0x10A4,0x10A4,0x08A4,0x10A4,0x10A4,0x10A4,0x10A4,0x10A4,0x10A4,0x08A4,0x10A4,0x10A4,
  0x08A4,0x10A4,0x10A4,0x10A4,0x10A4,0x08A4,0x10A4,0x10A4,0x08A4,0x10A4,0x08A4,0x10A4,
  0x10A4,0x10A4,0x08A4,0x10A4,0x10A4,0x08A4,0x10A4,0x10A4,0x08A4,0x10A4,0x10A4,0x08A4,
  0x10A4,0x10A4,0x08A4,0x10A4,0x10A4,0x08A4,0x10A4,0x10A4,0x08A4,0x10A4,0x10A4,0x08A4,
  0x10A4,0x08A4,0x10A4,0x08A4,0x10A4,0x10A4,0x08A4,0x10A4,0x10A4,0x10A4,0x08A4,0x10A4,
  0x10A4,0x08A4,0x10A4,0x08A4,0x10A4,0x10A4,0x08A4,0x10A4,0x0883,0x10A4,0x0884,0x10A3,
  0x0884,0x10A4,0x0884,0x10A4,0x0883,0x10A4,0x0884,0x10A4,0x08A3,0x10A4,0x0884,0x10A3,
  0x1084,0x0883,0x1084,0x0883,0x0884,0x1083,0x0884,0x1083,0x08A4,0x0884,0x10A3,0x0884,
  0x08A3,0x1084,0x08A3,0x0884,0x0883,0x0883,0x0884,0x0883,0x0884,0x0883,0x0884,0x0883,
  0x0883,0x0884,0x0883,0x0884,0x0883,0x1083,0x0884,0x0883,0x1083,0x0883,0x1083,0x0883,
  0x1083,0x0883,0x1083,0x0884,0x1083,0x0884,0x1083,0x0864,0x0883,0x1083,0x0883,0x0863,
  0x1084,0x0883,0x0884,0x0883,0x1084,0x0883,0x0884,0x1083,0x0883,0x1084,0x0883,0x1083,
  0x0883,0x0883,0x0883,0x1063,0x0863,0x1083,0x0863,0x1084,0x0883,0x1084,0x0883,0x0884,
  0x1083,0x0883,0x0883,0x1084,0x0883,0x1083,0x0883,0x0883,0x1084,0x0883,0x1083,0x0883,
  0x1084,0x0883,0x1083,0x0884,0x1083,0x0883,0x1084,0x0883,0x1083,0x0884,0x1083,0x0883,
  0x1084,0x0883,0x1084,0x0883,0x1083,0x0884,0x1083,0x0883,0x1084,0x0883,0x1084,0x0883,
  0x1083,0x0884,0x0883,0x0883,0x1084,0x08A3,0x1084,0x08A3,0x1084,0x0883,0x1084,0x08A3,
  0x1084,0x0883,0x1084,0x0883,0x0884,0x10A4,0x0883,0x0883,0x1084,0x08A4,0x1083,0x08A4,
  0x1083,0x08A4,0x1084,0x08A4,0x1083,0x08A4,0x1084,0x08A4,0x1084,0x08A3,0x1084,0x08A3,
  0x1084,0x08A4,0x1084,0x08A4,0x1084,0x10A4,0x1084,0x08A4,0x1084,0x10A4,0x0884,0x10A4,
  0x0884,0x10A4,0x1084,0x08A4,0x1084,0x08A4,0x1084,0x10A4,0x0884,0x10A4,0x1084,0x08A4,
  0x1084,0x10A4,0x10A4,0x08A4,0x10A4,0x10A4,0x08A4,0x10A4,0x10A4,0x0884,0x10A4,0x0884,
  0x10A4,0x1084,0x08A4,0x1084,0x08A4,0x1084,0x10A4,0x0884,0x10A4,0x1084,0x08A4,0x1084,
  0x10A4,0x10A4,0x10A4,0x10A4,0x10A4,0x10A4,0x10A4,0x10A4,0x10A4,0x08A5,0x10A4,0x08A4,
  0x10A5,0x08A4,0x10A4,0x08A5,0x10A4,0x08A4,0x10A5,0x10A4,0x10A4,0x10A5,0x10A4,0x08A4,
  0x10A5,0x10A4,0x10A4,0x10A5,0x10A4,0x10A4,0x08A5,0x10A4,0x10A4,0x10A5,0x10A4,0x10A4,
  0x08A5,0x10A4,0x10A4,0x10A5,0x10A4,0x08A4,0x10A5,0x08A4,0x10A4,0x10A5,0x10A4,0x10A4,
  0x08A5,0x10A4,0x08A4,0x10A5,0x10A4,0x10A4,0x10A5,0x08A4,0x10A4,0x10A4,0x08A4,0x10A4,
  0x10A4,0x10A4,0x10A4,0x10A4,0x10A4,0x0884,0x10A4,0x0884,0x10A4,0x0884,0x10A4,0x0884,
  0x10A4,0x1084,0x08A4,0x1084,0x10A4,0x0884,0x10A4,0x1084,0x08A4,0x1084,0x10A4,0x0884,
  0x10A4,0x1084,0x08A4,0x1084,0x10A4,0x0884,0x10A4,0x1084,0x08A4,0x1084,0x10A4,0x1084,
  0x08A4,0x1084,0x10A4,0x0884,0x10A4,0x0884,0x10A4,0x0884,0x10A4,0x1084,0x08A4,0x1084,
  0x10A4,0x0884,0x10A4,0x10A4,0x0884,0x10A3,0x0884,0x10A4,0x0883,0x10A4,0x0883,0x10A4,
  0x0884,0x10A3,0x0884,0x10A3,0x0884,0x1084,0x08A3,0x1084,0x0884,0x0883,0x1084,0x0883,
  0x1084,0x0883,0x08A4,0x1084,0x0883,0x1084,0x0883,0x1084,0x0884,0x0883,0x1084,0x0883,
  0x1084,0x0883,0x1084,0x0883,0x1083,0x0884,0x1083,0x0884,0x1083,0x0884,0x1083,0x0884,
  0x0883,0x0884,0x1083,0x0884,0x1083,0x0884,0x1083,0x0884,0x1083,0x0884,0x1083,0x0883,
  0x1083,0x0883,0x1083,0x0883,0x1083,0x0864,0x0883,0x1083,0x0863,0x0883,0x1063,0x0883,
  0x1063,0x0883,0x1063,0x0883,0x0863,0x0883,0x1063,0x0884,0x1063,0x0883,0x1084,0x0883,
  0x0883,0x0883,0x1083,0x0863,0x0883,0x0863,0x1083,0x0863,0x1083,0x0864,0x1083,0x0863,
  0x0883,0x0864,0x1083,0x0863,0x1083,0x0863,0x0884,0x0863,0x1083,0x0884,0x1083,0x0883,
  0x1084,0x0883,0x1083,0x0884,0x1083,0x0883,0x1084,0x0883,0x0883,0x0884,0x0883,0x0884,
  0x0883,0x0884,0x0883,0x0884,0x0883,0x0884,0x0883,0x0884,0x0883,0x0884,0x1083,0x0884,
  0x0883,0x0884,0x0883,0x1084,0x0884,0x08A3,0x0884,0x1084,0x0883,0x08A4,0x0883,0x10A4,
  0x0883,0x0884,0x1083,0x08A4,0x1083,0x08A4,0x1084,0x08A4,0x1084,0x08A3,0x1084,0x08A3,
  0x10A4,0x08A4,0x10A3,0x10A4,0x08A4,0x10A4,0x10A4,0x08A4,0x10A4,0x10A4,0x08A4,0x10A4,
  0x08A4,0x10A4,0x08A4,0x10A4,0x08A4,0x10A4,0x10A4,0x08A4,0x10A4,0x08A4,0x10A4,0x10A4,
  0x10A4,0x10A4,0x08A4,0x10A4,0x10A4,0x08A4,0x10A4,0x10A4,0x08A4,0x1084,0x08A4,0x1084,
  0x08A4,0x1084,0x10A4,0x0884,0x10A4,0x10A4,0x08A4,0x10A4,0x08A4,0x10A4,0x10A4,0x08A4,
  0x10A4,0x08A4,0x10A4,0x10A4,0x08A4,0x10A4,0x10A4,0x08A4,0x10A4,0x08A4,0x10A4,0x08A4,
  0x10A4,0x08A4,0x10A4,0x08A5,0x10A4,0x10A4,0x10A4,0x10A4,0x10A4,0x10A4,0x10A4,0x10A4,
  0x10A4,0x10A4,0x08A4,0x10A4,0x08A4,0x10A4,0x10A4,0x10A4,0x08A4,0x10A4,0x08A4,0x10A4,
  0x08A4,0x10A4,0x10A4,0x10A4,0x08A4,0x10A4,0x08A4,0x10A4,0x10A4,0x08A4,0x10A4,0x08A4,
  0x10A4,0x10A4,0x10A4,0x10A4,0x08A4,0x10A4,0x08A4,0x10A4,0x10A4,0x10A4,0x10A4,0x08A4,
  0x10A4,0x08A4,0x10A4,0x10A4,0x10A4,0x08A4,0x10A4,0x10A4,0x08A4,0x10A4,0x08A4,0x10A4,
  0x08A4,0x10A4,0x10A4,0x10A4,0x08A4,0x10A4,0x10A4,0x10A4,0x08A4,0x10A4,0x10A4,0x08A4,
  0x10A4,0x10A4,0x08A4,0x10A4,0x10A4,0x08A4,0x10A4,0x10A4,0x08A4,0x10A4,0x10A4,0x08A4,
  0x10A4,0x10A4,0x08A4,0x10A4,0x10A4,0x08A4,0x10A4,0x08A4,0x10A4,0x08A4,0x10A4,0x10A4,
  0x08A4,0x10A4,0x10A4,0x10A4,0x08A4,0x10A4,0x10A4,0x08A4,0x10A4,0x10A4,0x0884,0x10A4,
  0x08A4,0x10A4,0x10A4,0x08A3,0x10A4,0x08A4,0x10A4,0x10A3,0x0884,0x10A4,0x0883,0x10A4,
  0x0884,0x10A3,0x0884,0x10A4,0x0883,0x10A4,0x0883,0x08A4,0x0884,0x1083,0x0884,0x08A3,
  0x1084,0x08A3,0x0884,0x08A3,0x1084,0x08A3,0x1084,0x08A4,0x0883,0x0884,0x0883,0x0884,
  0x0883,0x0884,0x0883,0x0884,0x0883,0x0884,0x0883,0x0883,0x1084,0x0883,0x0884,0x0883,
  0x1084,0x0883,0x1084,0x0883,0x1084,0x0883,0x1084,0x0883,0x1084,0x0883,0x1084,0x0883,
  0x0884,0x1083,0x0883,0x0884,0x1083,0x0884,0x1083,0x0884,0x0883,0x1084,0x0883,0x0884,
  0x1083,0x0884,0x0883,0x1083,0x0883,0x1063,0x0883,0x0863,0x0863,0x1083,0x0884,0x1083,
  0x0884,0x1083,0x0883,0x0884,0x1083,0x0883,0x0883,0x1084,0x0883,0x1083,0x0883,0x0884,
  0x0883,0x1083,0x1083,0x0884,0x1083,0x0883,0x1084,0x0883,0x1083,0x0884,0x1083,0x0883,
  0x1084,0x0883,0x1083,0x0884,0x1083,0x0884,0x1083,0x0884,0x1083,0x0883,0x1084,0x0883,
  0x1084,0x0883,0x1084,0x0883,0x1084,0x0883,0x0884,0x0883,0x1084,0x10A3,0x0884,0x08A3,
  0x1084,0x0883,0x1084,0x08A3,0x1084,0x0883,0x1084,0x0883,0x1084,0x08A3,0x1084,0x0884,
  0x10A4,0x0883,0x10A4,0x0883,0x10A4,0x0884,0x10A3,0x0884,0x10A4,0x1084,0x08A4,0x1084,
  0x10A3,0x0884,0x10A3,0x1084,0x08A4,0x1084,0x10A4,0x1084,0x08A4,0x1084,0x10A4,0x0884,
  0x10A4,0x0884,0x10A4,0x1084,0x10A4,0x1084,0x08A4,0x1084,0x08A4,0x1084,0x08A4,0x1084,
  0x08A4,0x1084,0x08A4,0x1084,0x10A4,0x08A4,0x10A4,0x10A4,0x10A4,0x08A4,0x10A4,0x10A4,
  0x08A4,0x10A4,0x10A4,0x10A4,0x10A4,0x10A4,0x08A4,0x10A4,0x10A4,0x10A4,0x10A4,0x08A4,
  0x10A4,0x10A4,0x08A4,0x10A4,0x10A4,0x10A4,0x10A4,0x10A4,0x10A4,0x10A5,0x10A4,0x10A4,
  0x08A4,0x10A4,0x08A4,0x10A4,0x08A4,0x10A4,0x08A4,0x10A4,0x08A4,0x10A4,0x10A4,0x10A4,
  0x10A4,0x08A4,0x10A4,0x10A4,0x10A4,0x10A4,0x10A4,0x10A4,0x10A4,0x08A4,0x10A4,0x10A4,
  0x10A4,0x10A4,0x10A4,0x08A4,0x10A4,0x10A4,0x10A4,0x10A4,0x10A4,0x08A4,0x10A4,0x10A4,
  0x10A4,0x10A4,0x10A4,0x10A4,0x08A4,0x10A4,0x10A4,0x10A4,0x10A4,0x10A4,0x10A4,0x08A5,
  0x10A4,0x10A4,0x10A5,0x08A4,0x10A4,0x10A5,0x10A4,0x10A4,0x10A4,0x10A4,0x08A4,0x10A4,
  0x10A4,0x10A4,0x08A4,0x10A4,0x10A4,0x08A4,0x10A4,0x10A4,0x08A4,0x10A4,0x10A4,0x08A4,
  0x1084,0x10A4,0x0884,0x10A4,0x1084,0x08A4,0x1084,0x10A4,0x0884,0x10A4,0x1084,0x08A4,
  0x1084,0x08A4,0x1084,0x10A4,0x0884,0x10A4,0x0884,0x10A4,0x1084,0x08A4,0x1084,0x08A4,
  0x1084,0x08A4,0x1084,0x10A4,0x0884,0x10A4,0x10A4,0x08A4,0x1084,0x08A3,0x1084,0x10A4,
  0x0884,0x10A3,0x0884,0x10A4,0x0883,0x10A4,0x0884,0x10A3,0x0884,0x10A4,0x0883,0x10A4,
  0x0883,0x0884,0x1084,0x0883,0x10A4,0x0883,0x1084,0x0883,0x0884,0x1084,0x0883,0x1084,
  0x0883,0x0884,0x0883,0x1084,0x0883,0x1084,0x0883,0x1084,0x0883,0x1083,0x0884,0x1083,
  0x0884,0x1083,0x0884,0x0883,0x0884,0x0883,0x1084,0x0883,0x0883,0x1083,0x0883,0x1083,
  0x0883,0x1083,0x0883,0x1084,0x0883,0x1084,0x0883,0x1083,0x1083,0x0884,0x1063,0x0883,
  0x1063,0x0883,0x0863,0x1083,0x0863,0x0883,0x1063,0x0883,0x1063,0x0883,0x1063,0x0884,
  0x0883,0x0884,0x1083,0x0883,0x0883,0x0863,0x0883,0x1063,0x0883,0x0863,0x1083,0x0863,
  0x0883,0x1064,0x0883,0x0863,0x1083,0x0864,0x1083,0x0863,0x1083,0x0884,0x1083,0x0883,
  0x1084,0x0883,0x1084,0x1083,0x0884,0x1083,0x0883,0x1084,0x0883,0x1083,0x0884,0x1083,
  0x0883,0x0884,0x0883,0x0883,0x0884,0x0883,0x0884,0x0883,0x0884,0x0883,0x0883,0x0884,
  0x0883,0x0883,0x1084,0x0883,0x0884,0x0883,0x1084,0x0883,0x1084,0x08A4,0x0883,0x1084,
  0x0883,0x10A4,0x0884,0x08A3,0x1084,0x0884,0x0883,0x0883,0x10A4,0x0884,0x10A3,0x0884,
  0x10A3,0x0884,0x10A4,0x0883,0x10A4,0x08A3,0x10A4,0x08A4,0x10A4,0x10A4,0x08A4,0x10A4,
  0x10A4,0x08A4,0x10A4,0x08A4,0x10A4,0x08A4,0x10A4,0x10A4,0x10A4,0x10A4,0x08A4,0x10A4,
  0x08A4,0x10A4,0x08A4,0x10A4,0x08A4,0x10A4,0x10A4,0x08A4,0x10A4,0x10A4,0x10A4,0x08A4,
  0x10A4,0x1084,0x08A4,0x1084,0x08A4,0x1084,0x08A4,0x1084,0x10A4,0x10A4,0x08A4,0x10A4,
  0x10A4,0x08A4,0x10A4,0x10A4,0x10A4,0x08A4,0x10A4,0x10A4,0x10A4,0x10A4,0x10A4,0x10A4,
  0x10A4,0x08A5,0x10A4,0x10A5,0x08A4,0x10A4,0x10A4,0x10A4,0x10A4,0x10A5,0x10A4,0x10A4,
  0x10A5,0x10A4,0x10A4,0x10A5,0x10A4,0x08A4,0x10A5,0x08A4,0x10A4,0x10A5,0x10A4,0x08A4,
  0x10A5,0x08A4,0x10A4,0x08A5,0x10A4,0x10A4,0x10A5,0x08A4,0x10A4,0x08A5,0x10A4,0x10A4,
  0x10A5,0x08A4,0x10A4,0x08A5,0x10A4,0x10A4,0x08A5,0x10A4,0x08A4,0x10A5,0x08A4,0x10A4,
  0x10A5,0x08A4,0x10A4,0x08A5,0x10A4,0x08A4,0x10A4,0x10A4,0x10A4,0x10A5,0x10A4,0x10A4,
  0x10A4,0x10A4,0x08A5,0x10A4,0x08A4,0x10A4,0x10A4,0x10A4,0x08A4,0x10A4,0x10A4,0x10A4,
  0x10A4,0x10A4,0x10A4,0x10A4,0x10A4,0x10A4,0x10A4,0x10A4,0x08A4,0x10A4,0x10A4,0x08A4,
  0x10A4,0x10A4,0x08A4,0x10A4,0x10A4,0x08A4,0x10A4,0x10A4,0x08A4,0x10A4,0x08A4,0x10A4,
  0x10A4,0x10A4,0x10A4,0x08A4,0x10A4,0x10A4,0x08A4,0x10A4,0x10A4,0x10A4,0x08A4,0x10A4,
  0x10A4,0x08A4,0x1084,0x10A4,0x10A4,0x10A4,0x08A4,0x10A4,0x10A4,0x10A4,0x10A4,0x08A4,
  0x1084,0x08A3,0x1084,0x08A4,0x1083,0x08A4,0x1084,0x08A4,0x1084,0x08A3,0x10A4,0x0883,
  0x10A4,0x08A4,0x10A4,0x08A4,0x1083,0x08A4,0x0883,0x08A4,0x1083,0x08A4,0x1083,0x08A4,
  0x0883,0x0883,0x0884,0x0883,0x0884,0x0883,0x0884,0x0883,0x0883,0x0884,0x1083,0x0884,
  0x1083,0x0884,0x0883,0x0884,0x1083,0x0884,0x1083,0x0884,0x1083,0x0884,0x1083,0x0883,
  0x1084,0x1083,0x0884,0x1083,0x0884,0x1083,0x0883,0x1083,0x0884,0x0883,0x1084,0x0883,
  0x1084,0x0883,0x1084,0x0883,0x0883,0x1084,0x0883,0x0863,0x1083,0x0863,0x0883,0x1063,
  0x0883,0x1084,0x0883,0x0884,0x1083,0x0884,0x1083,0x0884,0x1083,0x0883,0x1083,0x0884,
  0x0883,0x0883,0x1083,0x0884,0x0863,0x1083,0x0884,0x1083,0x0883,0x1084,0x0883,0x1084,
  0x0883,0x1083,0x0884,0x1083,0x0883,0x1084,0x0883,0x1083,0x0884,0x0883,0x1084,0x0883,
  0x1084,0x0883,0x1084,0x0883,0x1083,0x0884,0x1083,0x0884,0x1083,0x0884,0x0883,0x0884,
  0x1083,0x08A4,0x1084,0x08A3,0x0884,0x1083,0x0884,0x08A3,0x1084,0x0883,0x1084,0x0883,
  0x0884,0x10A3,0x0884,0x1084,0x08A3,0x1084,0x08A4,0x1084,0x08A4,0x1083,0x08A4,0x1084,
  0x08A4,0x10A4,0x1084,0x10A3,0x0884,0x10A3,0x1084,0x08A3,0x1084,0x08A4,0x1084,0x10A4,
  0x0884,0x10A4,0x1084,0x08A4,0x0884,0x10A4,0x0884,0x10A4,0x0884,0x10A4,0x1084,0x08A4,
  0x1084,0x08A4,0x1084,0x10A4,0x0884,0x10A4,0x0884,0x10A4,0x08A4,0x10A4,0x10A4,0x08A4,
  0x10A4,0x10A4,0x10A4,0x08A4,0x10A4,0x10A4,0x10A4,0x10A4,0x08A4,0x10A4,0x10A4,0x10A4,
  0x08A4,0x10A4,0x10A4,0x08A4,0x10A4,0x08A4,0x10A4,0x08A5,0x10A4,0x10A4,0x10A4,0x10A4,
  0x10A4,0x10A5,0x10A4,0x08A5,0x10A4,0x08A4,0x10A4,0x08A4,0x10A4,0x08A4,0x10A4,0x08A4,
  0x10A4,0x10A4,0x10A4,0x10A4,0x10A4,0x08A4,0x10A4,0x10A4,0x10A4,0x10A4,0x10A4,0x10A4,
  0x08A4,0x10A4,0x10A4,0x10A4,0x10A4,0x10A4,0x08A4,0x10A4,0x10A4,0x10A4,0x10A4,0x10A4,
  0x10A4,0x10A4,0x10A4,0x10A4,0x10A4,0x10A4,0x10A4,0x10A4,0x10A4,0x10A4,0x10A4,0x10A4,
  0x10A4,0x10A4,0x10A5,0x08A4,0x10A4,0x10A4,0x08A4,0x10A5,0x10A4,0x10A4,0x10A4,0x10A5,
  0x10A4,0x10A4,0x08A5,0x10A4,0x10A4,0x10A4,0x08A4,0x10A4,0x08A4,0x10A4,0x08A4,0x10A4,
  0x08A4,0x10A4,0x08A4,0x10A4,0x1084,0x08A4,0x1084,0x10A4,0x0884,0x10A4,0x1084,0x08A4,
  0x1084,0x10A4,0x0884,0x10A4,0x1084,0x10A4,0x1084,0x08A4,0x1084,0x08A4,0x1084,0x08A4,
  0x1084,0x08A4,0x1084,0x10A4,0x0884,0x10A4,0x1084,0x08A4,0x1084,0x10A4,0x08A4,0x10A4,
  0x0884,0x10A3,0x0884,0x10A3,0x0884,0x10A3,0x0884,0x10A3,0x0884,0x10A4,0x0883,0x10A4,
  0x0884,0x10A3,0x0884,0x10A3,0x0884,0x10A4,0x0883,0x10A4,0x0884,0x1083,0x0884,0x10A3,
  0x0884,0x1083,0x0884,0x1083,0x0884,0x1084,0x0883,0x1084,0x0883,0x1084,0x0883,0x1083,
  0x0884,0x1083,0x0883,0x1084,0x0883,0x0884,0x0883,0x0883,0x0884,0x0883,0x1083,0x0884,
  0x1083,0x0883,0x1084,0x0883,0x1084,0x0883,0x1084,0x0883,0x1084,0x0883,0x1083,0x0884,
  0x1083,0x0883,0x1084,0x0883,0x0863,0x1083,0x0863,0x0883,0x0863,0x1083,0x0863,0x1083,
  0x0863,0x0883,0x1083,0x0884,0x1083,0x0884,0x1083,0x0883,0x0863,0x0883,0x1063,0x0883,
  0x1063,0x0883,0x0863,0x1083,0x0863,0x0863,0x0863,0x1083,0x0863,0x1084,0x0863,0x1083,
  0x0884,0x1083,0x0883,0x1084,0x0883,0x1083,0x0883,0x1083,0x0884,0x1083,0x0883,0x1083,
  0x0884,0x1083,0x0883,0x1084,0x0883,0x0884,0x0883,0x0884,0x0883,0x0884,0x0883,0x0884,
  0x0884,0x1083,0x0884,0x0883,0x0884,0x1083,0x0884,0x1083,0x0884,0x1083,0x0884,0x0883,
  0x1084,0x08A4,0x1083,0x0884,0x10A4,0x08A4,0x10A3,0x08A4,0x1084,0x08A4,0x10A3,0x0884,
  0x10A4,0x0883,0x10A4,0x0883,0x10A4,0x0884,0x10A3,0x0884,0x10A3,0x08A4,0x10A4,0x08A4,
  0x10A4,0x08A4,0x10A4,0x10A4,0x08A4,0x10A4,0x08A4,0x10A4,0x10A4,0x08A4,0x10A4,0x10A4,
  0x10A4,0x08A4,0x10A4,0x10A4,0x10A4,0x08A4,0x10A4,0x10A4,0x10A4,0x10A4,0x08A4,0x10A4,
  0x10A4,0x08A4,0x10A4,0x1084,0x10A4,0x08A4,0x10A4,0x10A4,0x10A4,0x08A4,0x10A4,0x10A4,
  0x08A4,0x10A5,0x08A4,0x10A4,0x10A5,0x10A4,0x08A4,0x10A5,0x10A4,0x10A4,0x10A5,0x10A4,
  0x10A4,0x10A5,0x10A4,0x10A4,0x10A4,0x08A4,0x10A4,0x10A5,0x08A4,0x10A4,0x10A4,0x10A4,
  0x10A4,0x10A4,0x0884,0x10A4,0x1084,0x10A4,0x0884,0x10A4,0x10A4,0x08A4,0x10A4,0x08A4,
  0x10A4,0x10A4,0x10A4,0x08A4,0x10A4,0x08A4,0x10A4,0x10A4,0x10A4,0x10A4,0x08A4,0x10A4,
  0x08A4,0x10A4,0x10A4,0x10A4,0x08A4,0x10A4,0x08A4,0x10A4,0x08A4,0x10A4,0x08A4,0x10A4,
  0x08A4,0x10A4,0x08A4,0x10A4,0x08A4,0x08A4,0x08A4,0x08A4,0x08A4,0x08A4,0x10A4,0x08A4,
  0x10A4,0x08C4,0x10A4,0x10C4,0x08A4,0x10C5,0x08A4,0x10C4,0x08A4,0x10A4,0x10A4,0x10A4,
  0x08A4,0x10A5,0x10A4,0x10A4,0x10A5,0x10A4,0x10A4,0x10A5,0x10A4,0x10A4,0x10A5,0x08A4,
  0x10A4,0x10A4,0x08A4,0x10A4,0x10A4,0x08A4,0x10A4,0x10A4,0x08A4,0x10A4,0x10A4,0x08A4,
  0x10A4,0x08A4,0x10A4,0x08A4,0x10A4,0x08A4,0x10A4,0x10A4,0x08A4,0x10A4,0x10A4,0x08A4,
  0x10A4,0x08A4,0x10A4,0x10A4,0x08A4,0x10A4,0x0884,0x10A4,0x08A4,0x10A4,0x10A4,0x08A4,
  0x10A4,0x08A4,0x10A4,0x10A4,0x0883,0x10A4,0x0884,0x10A3,0x0884,0x10A4,0x0884,0x10A3,
  0x0884,0x10A3,0x0884,0x10A4,0x0883,0x10A4,0x08A4,0x1083,0x08A4,0x0883,0x10A4,0x0884,
  0x08A3,0x0884,0x10A3,0x0884,0x0884,0x0883,0x1084,0x0884,0x0883,0x0884,0x1084,0x0883,
  0x0884,0x1083,0x0884,0x1083,0x0863,0x0884,0x0863,0x0883,0x1084,0x0883,0x1083,0x0883,
  0x1083,0x0883,0x1083,0x0883,0x1083,0x0884,0x1083,0x0883,0x1084,0x0883,0x1083,0x0884,
  0x1083,0x0884,0x1083,0x0884,0x1083,0x0863,0x0884,0x0863,0x1084,0x0883,0x1063,0x0883,
  0x0863,0x1083,0x0863,0x0884,0x0883,0x1083,0x0883,0x0884,0x0883,0x1084,0x0883,0x0883,
  0x0863,0x1083,0x0884,0x0883,0x1083,0x0883,0x0883,0x1084,0x0883,0x1083,0x0884,0x1083,
  0x0883,0x1084,0x0883,0x1084,0x0883,0x1083,0x0884,0x1083,0x0883,0x1084,0x0883,0x1083,
  0x0884,0x0883,0x1083,0x0884,0x1083,0x0883,0x1084,0x0883,0x1084,0x0883,0x0884,0x1084,
  0x0883,0x1084,0x0883,0x0884,0x10A3,0x0884,0x08A3,0x1084,0x0883,0x0884,0x0883,0x1084,
  0x0883,0x1084,0x0884,0x10A3,0x0884,0x10A3,0x0884,0x10A3,0x0884,0x10A4,0x0883,0x10A4,
  0x0883,0x10A4,0x0884,0x10A3,0x10A4,0x1084,0x08A3,0x1084,0x10A3,0x1084,0x08A4,0x1083,
  0x10A4,0x1084,0x10A4,0x0884,0x10A4,0x1084,0x08A4,0x1084,0x08A4,0x1084,0x08A4,0x1084,
  0x08A4,0x1084,0x08A4,0x1084,0x08A4,0x1084,0x08A4,0x1084,0x08A4,0x1084,0x10A4,0x08A4,
  0x10A4,0x10A4,0x10A4,0x08A4,0x10A4,0x10A4,0x10A4,0x10A5,0x10A4,0x10A4,0x10A4,0x10A4,
  0x08A4,0x10A4,0x10A4,0x10A4,0x08A4,0x10A4,0x08A4,0x10A4,0x08A4,0x10A4,0x08A4,0x10A4,
  0x10A4,0x10A5,0x10A4,0x08A4,0x10A4,0x10A4,0x08A4,0x10A4,0x08A4,0x10A4,0x10A4,0x08A4,
  0x10A4,0x08A4,0x10A4,0x0884,0x10A5,0x10A4,0x10A4,0x10A5,0x10A4,0x08A4,0x10A5,0x10A4,
  0x10A4,0x10A5,0x08A4,0x10A4,0x08A5,0x10A4,0x10A4,0x10A5,0x10A4,0x08A4,0x10A5,0x10A4,
  0x10A4,0x10A5,0x10A4,0x10A4,0x10A5,0x10A4,0x10A4,0x10A5,0x10A4,0x10A4,0x10A5,0x10A4,
  0x08A4,0x10A4,0x10A4,0x10A4,0x10A4,0x08A4,0x10A4,0x08A4,0x10A4,0x10A5,0x08A4,0x10A4,
  0x08A4,0x10A4,0x10A4,0x08A4,0x10A4,0x10A4,0x08A4,0x10A5,0x10A4,0x10A4,0x08A4,0x10A4,
  0x08A4,0x10A4,0x08A4,0x10A4,0x08A4,0x10A4,0x10A4,0x10A4,0x10A4,0x10A4,0x10A4,0x10A4,
  0x10A4,0x10A4,0x10A4,0x10A4,0x08A4,0x1084,0x08A4,0x1084,0x08A4,0x1084,0x10A4,0x0884,
  0x10A4,0x1084,0x08A4,0x1084,0x10A4,0x0884,0x10A4,0x1084,0x08A4,0x1084,0x08A4,0x1084,
  0x10A4,0x08A4,0x10A4,0x10A4,0x1084,0x08A3,0x1084,0x10A3,0x0884,0x10A3,0x0884,0x10A4,
  0x0884,0x10A3,0x0884,0x10A4,0x0883,0x10A4,0x0883,0x10A4,0x0884,0x10A4,0x0883,0x10A4,
  0x0884,0x10A3,0x0884,0x10A4,0x0883,0x1084,0x0883,0x1084,0x0883,0x1084,0x0883,0x10A4,
  0x0883,0x10A4,0x0883,0x0884,0x1083,0x0884,0x0883,0x1084,0x0883,0x0884,0x0883,0x0884,
  0x0883,0x0883,0x0884,0x0863,0x1083,0x0884,0x1083,0x0884,0x1083,0x0884,0x1083,0x0884,
  0x1083,0x0883,0x1084,0x0883,0x1083,0x0884,0x1083,0x0883,0x1083,0x0883,0x0863,0x1083,
  0x0883,0x0883,0x1063,0x0883,0x0883,0x1083,0x0884,0x1083,0x0884,0x0883,0x1083,0x0863,
  0x0863,0x0883,0x1063,0x0883,0x1063,0x0883,0x1063,0x0884,0x1083,0x0883,0x1063,0x0883,
  0x0864,0x1083,0x0883,0x1083,0x0884,0x1083,0x0883,0x1084,0x0883,0x1083,0x0884,0x1083,
  0x0883,0x1084,0x0883,0x1083,0x0884,0x1083,0x0883,0x1084,0x0883,0x0884,0x0883,0x0884,
  0x0883,0x0884,0x0883,0x0883,0x0884,0x1083,0x0884,0x1083,0x0884,0x08A4,0x1083,0x0884,
  0x0884,0x1083,0x0884,0x08A3,0x1084,0x08A3,0x1084,0x08A3,0x08A4,0x10A4,0x0883,0x10A4,
  0x0884,0x10A4,0x0884,0x10A4,0x0883,0x10A4,0x0884,0x10A4,0x0884,0x10A3,0x0884,0x08A4,
  0x10A4,0x08A4,0x10A4,0x08A4,0x10A4,0x08A4,0x10A4,0x08A4,0x10A4,0x08A4,0x10A4,0x08A4,
  0x10A4,0x08A4,0x10A4,0x08A4,0x10A4,0x10A4,0x08A4,0x10A4,0x10A4,0x08A4,0x10A4,0x08A4,
  0x10A4,0x10A4,0x08A4,0x10A4,0x10A4,0x08A4,0x10A4,0x10A4,0x08A4,0x10A4,0x10A4,0x10A4,
  0x10A4,0x08A5,0x10A4,0x08A4,0x10A4,0x08A4,0x10A4,0x10A4,0x10A4,0x10A4,0x08A4,0x10A4,
  0x10A4,0x10A4,0x10A4,0x10A4,0x10A4,0x10A4,0x10A4,0x08A5,0x10A4,0x08A4,0x10A4,0x10A4,
  0x10A4,0x10A4,0x10A4,0x10A4,0x10A4,0x08A4,0x10A4,0x10A4,0x10A4,0x10A4,0x10A4,0x10A4,
  0x10A4,0x08A4,0x10A4,0x08A4,0x10A4,0x10A4,0x10A4,0x08A4,0x10A4,0x10A4,0x10A4,0x10A4,
  0x10A4,0x10A4,0x08A4,0x10A4,0x10A4,0x10A4,0x10A4,0x08A4,0x10A4,0x08A4,0x10A4,0x08A4,
  0x10A4,0x08A4,0x10A4,0x08A4,0x10A4,0x08A4,0x10A4,0x10A4,0x08A4,0x10A4,0x08A4,0x10A4,
  0x08A4,0x10A4,0x10A4,0x10A4,0x08A4,0x10C4,0x10A4,0x08C4,0x10A5,0x08C4,0x10A4,0x10C4,
  0x10A5,0x10A4,0x10A4,0x10A4,0x08A4,0x10A4,0x10A4,0x10A4,0x10A4,0x10A4,0x10A4,0x10A4,
  0x10A4,0x08A4,0x10A4,0x08A5,0x10A4,0x08A4,0x10A5,0x08A4,0x10A4,0x08A5,0x10A4,0x10A4,
  0x08A4,0x10A4,0x10A4,0x08A4,0x10A4,0x08A4,0x10A4,0x10A4,0x08A4,0x10A4,0x10A4,0x08A4,
  0x10A4,0x10A4,0x08A4,0x10A4,0x10A4,0x10A4,0x10A4,0x08A4,0x1084,0x10A4,0x0884,0x10A4,
  0x08A4,0x10A4,0x08A4,0x10A4,0x10A4,0x10A4,0x10A4,0x08A3,0x1084,0x08A4,0x1083,0x08A4,
  0x1084,0x08A3,0x1084,0x08A4,0x1083,0x08A4,0x1084,0x08A3,0x1084,0x08A4,0x1083,0x08A4,
  0x1084,0x08A3,0x0884,0x08A3,0x1084,0x08A3,0x0884,0x1083,0x0884,0x0883,0x10A4,0x0883,
  0x10A4,0x0883,0x10A4,0x0883,0x0884,0x1083,0x0884,0x1083,0x0884,0x1083,0x0883,0x0884,
  0x1083,0x0883,0x1084,0x0883,0x1084,0x0883,0x1084,0x0883,0x1084,0x0883,0x1083,0x0884,
  0x1083,0x0883,0x1084,0x0883,0x1084,0x0883,0x1084,0x0863,0x1084,0x0883,0x0883,0x0863,
  0x1084,0x0863,0x0883,0x0863,0x1083,0x0863,0x0884,0x1083,0x0883,0x1084,0x0883,0x1084,
  0x0883,0x0884,0x1083,0x0883,0x0863,0x0884,0x0883,0x1083,0x0883,0x1084,0x0883,0x1084,
  0x0883,0x1083,0x0884,0x1083,0x0884,0x1083,0x0883,0x1084,0x0883,0x1083,0x0884,0x1083,
  0x0883,0x1084,0x0883,0x1083,0x0884,0x1083,0x0884,0x1083,0x0884,0x1083,0x0884,0x1083,
  0x0884,0x10A3,0x0884,0x08A4,0x1083,0x0884,0x10A3,0x0884,0x10A3,0x08A4,0x1084,0x08A4,
  0x1084,0x08A4,0x1084,0x08A4,0x1083,0x0884,0x10A4,0x0883,0x10A4,0x0883,0x10A4,0x0883,
  0x10A4,0x0884,0x10A3,0x0884,0x10A3,0x0884,0x10A4,0x0883,0x10A4,0x1083,0x08A4,0x1083,
  0x10A4,0x1083,0x08A4,0x1084,0x08A4,0x1084,0x10A4,0x0884,0x10A4,0x1084,0x08A4,0x1084,
  0x08A4,0x1084,0x10A4,0x0884,0x10A4,0x1084,0x08A4,0x1084,0x08A4,0x1084,0x10A4,0x0884,
  0x10A4,0x1084,0x08A4,0x1084,0x10A4,0x10A5,0x08A4,0x10A4,0x10A4,0x10A4,0x10A4,0x10A4,
  0x10A4,0x10A5,0x08A4,0x10A4,0x08A5,0x10A4,0x10A4,0x10A5,0x08A4,0x10A4,0x08A5,0x10A4,
  0x08A4,0x10A5,0x10A4,0x10A4,0x10A4,0x10A4,0x10A4,0x08A5,0x10A4,0x08A4,0x10A5,0x08A4,
  0x10A4,0x10A5,0x10A4,0x08A4,0x10A5,0x08A4,0x10A4,0x08A4,0x10A5,0x10A4,0x10A4,0x10A5,
  0x10A4,0x10A4,0x10A5,0x10A4,0x08A4,0x10A4,0x08A4,0x10A4,0x08A4,0x10A4,0x10A4,0x08A4,
  0x10A4,0x08A4,0x10A4,0x10A4,0x10A4,0x10A4,0x10A4,0x10A4,0x10A5,0x10A4,0x10A4,0x10A5,
  0x10A4,0x10A4,0x10A5,0x10A4,0x10A5,0x08A4,0x10A4,0x08A5,0x10A4,0x08A4,0x10A5,0x08C4,
  0x10A4,0x08A4,0x10A5,0x10A4,0x10A4,0x10A4,0x08A4,0x10A4,0x08A4,0x10A4,0x08A4,0x10A4,
  0x10A4,0x10A5,0x08A4,0x10A4,0x08A5,0x10A4,0x08A4,0x10A5,0x10A4,0x10A4,0x10A4,0x10A4,
  0x10A4,0x10A4,0x10A4,0x10A4,0x10A4,0x10A4,0x08A4,0x10A4,0x10A4,0x0884,0x10A4,0x1084,
  0x10A4,0x1084,0x08A4,0x1084,0x10A4,0x0884,0x10A4,0x1084,0x08A4,0x1084,0x10A4,0x0884,
  0x10A4,0x0884,0x10A4,0x08A4,0x10A4,0x08A4,0x10A4,0x08A4,0x1084,0x10A3,0x1084,0x08A3,
  0x1084,0x08A3,0x1084,0x08A4,0x1083,0x08A4,0x1084,0x08A3,0x1084,0x08A4,0x1083,0x08A4,
  0x1084,0x08A3,0x1084,0x08A4,0x1083,0x08A4,0x1084,0x08A3,0x1084,0x08A4,0x1083,0x08A4,
  0x1084,0x08A4,0x1084,0x08A4,0x1083,0x0884,0x0884,0x1083,0x0884,0x0884,0x0883,0x10A4,
  0x0883,0x0884,0x1083,0x0884,0x0883,0x0884,0x0883,0x0863,0x1084,0x0883,0x1083,0x0883,
  0x1083,0x0883,0x1083,0x0883,0x1083,0x0884,0x1083,0x0883,0x1084,0x0883,0x1083,0x0883,
  0x1084,0x0883,0x1083,0x0883,0x0883,0x1063,0x0884,0x1083,0x0883,0x1083,0x0884,0x1083,
  0x0884,0x1083,0x0883,0x0863,0x0863,0x0883,0x0863,0x0883,0x1063,0x0883,0x0863,0x1084,
  0x0883,0x1083,0x0863,0x1084,0x0883,0x1083,0x0884,0x1083,0x0883,0x1084,0x0883,0x1083,
  0x0883,0x1084,0x0883,0x1083,0x0884,0x1083,0x0883,0x1084,0x0883,0x1083,0x0884,0x1083,
  0x0883,0x0884,0x0883,0x0883,0x0884,0x0883,0x0884,0x0883,0x1084,0x0883,0x0884,0x1083,
  0x08A4,0x0883,0x1084,0x0883,0x10A4,0x0884,0x10A3,0x0884,0x10A3,0x0884,0x10A3,0x0884,
  0x10A4,0x0883,0x10A4,0x0884,0x10A4,0x0883,0x10A4,0x0884,0x10A4,0x10A3,0x08A4,0x10A4,
  0x08A4,0x10A4,0x10A3,0x10A4,0x08A4,0x10A4,0x10A4,0x08A4,0x10A4,0x08A4,0x10A4,0x10A3,
  0x10A4,0x08A4,0x10A4,0x10A4,0x08A4,0x10A4,0x10A4,0x10A4,0x10A4,0x08A4,0x10A4,0x10A4,
  0x08A4,0x10A4,0x10A4,0x10A4,0x10A4,0x08A4,0x10A4,0x10A4,0x08A4,0x10A4,0x10A4,0x08A4,
  0x10A4,0x10A4,0x10A4,0x08A4,0x10A5,0x08A4,0x10A4,0x08A4,0x10A4,0x10A4,0x10A4,0x10A4,
  0x10A4,0x10A4,0x08A4,0x10A4,0x10A4,0x10A4,0x10A4,0x10A4,0x10A4,0x08A4,0x10A4,0x08A4,
  0x10A4,0x08A5,0x10A4,0x10A4,0x10A4,0x10A4,0x10A4,0x10A4,0x08A4,0x10A4,0x10A4,0x10A4,
  0x10A4,0x10A4,0x10A4,0x10A4,0x10A4,0x10A5,0x10A4,0x10A4,0x10A4,0x08A5,0x10A4,0x10A4,
  0x10A4,0x10A5,0x10A4,0x10A4,0x10A5,0x10A4,0x10A4,0x10A5,0x10A4,0x10A4,0x10A5,0x08A4,
  0x10A4,0x08A5,0x10A4,0x08A4,0x10A4,0x10A5,0x10A4,0x10A4,0x10A4,0x10A5,0x10A4,0x08A4,
  0x10A4,0x10A4,0x08A4,0x10A4,0x10A4,0x10C4,0x08A4,0x10A4,0x10A4,0x10C4,0x08A4,0x10C4,
  0x08A4,0x10C4,0x08A5,0x10C4,0x10A4,0x10A4,0x10A5,0x10A4,0x08A4,0x10A4,0x10A4,0x10A4,
  0x10A4,0x10A4,0x10A4,0x08A4,0x10A4,0x08A4,0x10A5,0x08A4,0x10A4,0x08A4,0x10A4,0x08A4,
  0x10A4,0x10A4,0x10A5,0x10A4,0x08A4,0x10A4,0x08A4,0x10A4,0x08A4,0x10A4,0x08A4,0x10A4,
  0x08A4,0x10A4,0x08A4,0x10A4,0x10A4,0x08A4,0x10A4,0x08A4,0x10A4,0x08A4,0x1084,0x10A4,
  0x0884,0x10A4,0x1084,0x10A4,0x08A4,0x10A4,0x08A4,0x10A4,0x08A4,0x10A4,0x10A4,0x08A4,
  0x10A4,0x10A4,0x08A3,0x10A4,0x08A4,0x10A4,0x08A4,0x10A4,0x0883,0x10A4,0x0884,0x10A3,
  0x0884,0x10A3,0x0884,0x10A4,0x0883,0x10A4,0x0884,0x10A3,0x0884,0x10A3,0x0884,0x10A3,
  0x0884,0x10A3,0x0884,0x08A3,0x1084,0x08A3,0x1084,0x0884,0x1083,0x08A4,0x0883,0x1084,
  0x0883,0x1084,0x0883,0x0884,0x1083,0x0884,0x1083,0x0884,0x1083,0x0884,0x1083,0x0884,
  0x1083,0x0883,0x1084,0x0883,0x1083,0x0884,0x1083,0x0884,0x1083,0x0883,0x1084,0x0883,
  0x1084,0x0883,0x1083,0x0863,0x0884,0x1063,0x0883,0x0863,0x0883,0x1063,0x0883,0x1083,
  0x0883,0x1083,0x0883,0x1084,0x0883,0x1083,0x0883,0x1083,0x0863,0x1084,0x0883,0x1083,
  0x0884,0x1083,0x0883,0x1084,0x0883,0x1083,0x0883,0x1084,0x0883,0x1083,0x0884,0x1083,
  0x0883,0x1084,0x0883,0x1083,0x0884,0x1083,0x0883,0x1084,0x0883,0x0884,0x1083,0x0884,
  0x1083,0x0884,0x1083,0x0883,0x0884,0x10A4,0x0883,0x0884,0x1083,0x08A4,0x0883,0x1084,
  0x08A4,0x1083,0x08A4,0x1084,0x08A3,0x1084,0x08A4,0x1083,0x08A4,0x1084,0x08A3,0x1084,
  0x08A3,0x1084,0x08A4,0x1083,0x08A4,0x10A4,0x1084,0x08A3,0x1084,0x08A4,0x1084,0x08A4,
  0x1084,0x08A3,0x1084,0x08A4,0x1083,0x10A4,0x0884,0x10A4,0x0884,0x10A4,0x0884,0x10A4,
  0x1084,0x08A4,0x1084,0x08A4,0x1084,0x08A4,0x1084,0x08A4,0x1084,0x08A4,0x1084,0x08A4,
  0x10A4,0x10A4,0x08A4,0x10A4,0x10A4,0x08A4,0x10A4,0x10A4,0x08A4,0x10A4,0x10A4,0x10A4,
  0x10A4,0x10A4,0x10A4,0x10A5,0x08A4,0x10A4,0x08A4,0x10A4,0x08A4,0x10A4,0x10A4,0x10A4,
  0x08A4,0x10A4,0x08A4,0x10A4,0x10A4,0x10A4,0x10A4,0x10A5,0x10A4,0x10A4,0x10A4,0x08A4,
  0x10A4,0x08A4,0x10A4,0x10A4,0x10A4,0x10A4,0x08A4,0x10A4,0x08A4,0x10A5,0x08A4,0x10A4,
  0x10A4,0x10C4,0x10A4,0x08C5,0x10A4,0x10C4,0x10A4,0x10C5,0x08A4,0x10A4,0x08A4,0x10A4,
  0x08A4,0x10A4,0x08A4,0x10A4,0x08A4,0x10A4,0x10A4,0x10A4,0x10A4,0x10A4,0x10A4,0x10A4,
  0x10A4,0x10C4,0x10A4,0x10C5,0x08A4,0x10C4,0x10A4,0x10C5,0x08A4,0x10C4,0x10A4,0x08C4,
  0x10A4,0x08A4,0x10A4,0x08C5,0x10A4,0x08A4,0x10A4,0x08A4,0x10A5,0x10A4,0x10A4,0x08A4,
  0x10A4,0x08A4,0x10A4,0x10A4,0x10A4,0x08A4,0x10A4,0x08A4,0x10A4,0x08A4,0x10A4,0x10A4,
  0x10A5,0x10A4,0x10A4,0x10A4,0x10A4,0x10A5,0x10A4,0x10A4,0x08A5,0x10A4,0x08A4,0x10A4,
  0x10A4,0x10A4,0x10A4,0x10A4,0x10A4,0x10A4,0x10A4,0x10A4,0x1084,0x08A4,0x1084,0x08A4,
  0x1084,0x10A4,0x0884,0x10A4,0x1084,0x10A4,0x08A4,0x10A4,0x10A4,0x08A4,0x10A4,0x08A4,
  0x1084,0x08A3,0x1084,0x10A3,0x1084,0x08A4,0x1083,0x10A4,0x0883,0x10A4,0x1084,0x08A4,
  0x1083,0x10A4,0x1083,0x08A4,0x1084,0x08A3,0x1084,0x08A4,0x1084,0x08A4,0x1083,0x08A4,
  0x1084,0x08A3,0x1084,0x08A4,0x1084,0x08A3,0x1084,0x08A4,0x0883,0x1084,0x0883,0x1084,
  0x0883,0x1084,0x0883,0x08A4,0x1083,0x0884,0x1084,0x08A3,0x0884,0x0883,0x1084,0x0883,
  0x1083,0x0883,0x1084,0x0883,0x1084,0x0883,0x1084,0x0883,0x1084,0x0883,0x1083,0x0884,
  0x1083,0x0883,0x1084,0x0883,0x1084,0x0883,0x1083,0x0884,0x1083,0x0883,0x0884,0x1083,
  0x0883,0x0883,0x1084,0x0883,0x1083,0x0884,0x0883,0x0863,0x0863,0x0883,0x1063,0x0883,
  0x0863,0x1084,0x0863,0x0884,0x1083,0x0883,0x1084,0x0883,0x1083,0x0884,0x1083,0x1084,
  0x0883,0x1084,0x0883,0x1083,0x0884,0x1083,0x0883,0x1084,0x0883,0x1083,0x0884,0x1083,
  0x0883,0x1084,0x0883,0x1083,0x0884,0x0883,0x0884,0x0883,0x0884,0x0883,0x0884,0x0883,
  0x1084,0x0883,0x08A4,0x1083,0x0884,0x1084,0x08A3,0x0884,0x10A3,0x0884,0x10A4,0x0883,
  0x10A4,0x0883,0x10A4,0x0884,0x10A3,0x0884,0x10A4,0x0883,0x10A4,0x0884,0x10A3,0x0884,
  0x10A4,0x08A3,0x10A4,0x10A4,0x10A4,0x08A3,0x10A4,0x10A3,0x08A4,0x10A4,0x10A4,0x10A4,
  0x08A4,0x10A4,0x08A3,0x10A4,0x10A4,0x08A4,0x10A4,0x08A4,0x10A4,0x08A4,0x10A4,0x08A4,
  0x10A4,0x10A4,0x08A4,0x10A4,0x10A4,0x10A4,0x08A4,0x1084,0x08A4,0x10A4,0x10A4,0x10A4,
  0x10A4,0x10A4,0x10A4,0x10A4,0x10A4,0x08A5,0x10A4,0x08A4,0x10A4,0x08A5,0x10A4,0x10A4,
  0x10A4,0x10A4,0x10A5,0x10A4,0x10A4,0x10A5,0x08A4,0x10A4,0x10A5,0x10A4,0x10A4,0x08A5,
  0x10A4,0x08A4,0x10A4,0x08A4,0x10A4,0x08A4,0x10A4,0x10A5,0x10A4,0x10A4,0x08A5,0x10A4,
  0x10A5,0x10A4,0x10A5,0x10A4,0x10A4,0x10A4,0x10A5,0x10A4,0x10A5,0x08A4,0x10A4,0x10A4,
  0x10A4,0x10A5,0x10A4,0x10A4,0x10A4,0x10A4,0x10A4,0x10A4,0x10A4,0x10A4,0x10A4,0x10A4,
  0x10A4,0x08A4,0x10A4,0x08A4,0x10A4,0x08A4,0x10A5,0x08A4,0x10A5,0x10A4,0x08A4,0x10A4,
  0x10A4,0x10A5,0x10A4,0x10A4,0x10C4,0x08C5,0x10C4,0x10C5,0x08C4,0x10C5,0x10C4,0x10C4,
  0x08A4,0x10C4,0x08C5,0x10C4,0x08C4,0x08C4,0x10C4,0x08A4,0x10A5,0x10A4,0x10A4,0x08A4,
  0x10A5,0x10A4,0x10A4,0x10A5,0x10A4,0x10A4,0x08A5,0x10A4,0x08A4,0x10A4,0x08A4,0x10A4,
  0x08A4,0x10A4,0x08A4,0x10A4,0x10A4,0x10A4,0x10A4,0x10A4,0x08A4,0x10A4,0x08A4,0x10A4,
  0x08A4,0x10A4,0x08A4,0x10A4,0x08A4,0x10A4,0x10A4,0x10A4,0x08A4,0x10A4,0x10A4,0x08A4,
  0x10A4,0x08A4,0x1084,0x08A4,0x1084,0x10A4,0x0884,0x10A4,0x10A4,0x10A4,0x08A4,0x10A4,
  0x08A4,0x10A4,0x08A4,0x10A4,0x10A4,0x08A4,0x10A4,0x10A4,0x08A4,0x10A4,0x08A4,0x10A4,
  0x0883,0x10A4,0x0884,0x10A3,0x0884,0x10A3,0x0884,0x10A3,0x0884,0x10A4,0x0883,0x10A4,
  0x0883,0x10A4,0x0883,0x10A4,0x0883,0x08A4,0x1084,0x08A3,0x0884,0x08A3,0x1084,0x0883,
  0x10A4,0x0883,0x0884,0x1083,0x0884,0x0883,0x0883,0x0884,0x1083,0x0884,0x1083,0x0883,
  0x1083,0x0883,0x1083,0x0883,0x1083,0x0884,0x1083,0x0883,0x1084,0x0883,0x1083,0x0883,
  0x1083,0x0884,0x1083,0x0883,0x1084,0x0883,0x1083,0x0863,0x1084,0x0863,0x1083,0x0863,
  0x0884,0x1063,0x0883,0x1083,0x0883,0x1084,0x0883,0x1084,0x0883,0x0883,0x1083,0x0883,
  0x0883,0x1084,0x0883,0x1084,0x0883,0x1084,0x0883,0x10A3,0x0884,0x1083,0x0884,0x1083,
  0x0883,0x1084,0x0883,0x1083,0x0884,0x1083,0x0883,0x1084,0x0883,0x1083,0x0884,0x1083,
  0x0883,0x1084,0x0883,0x1083,0x0884,0x1083,0x0883,0x0884,0x0883,0x1084,0x0883,0x08A4,
  0x0883,0x0884,0x1083,0x0884,0x10A4,0x0883,0x10A4,0x0884,0x10A4,0x0884,0x10A3,0x0884,
  0x10A4,0x0883,0x10A4,0x0884,0x10A3,0x0884,0x10A4,0x0883,0x10A4,0x10A4,0x0884,0x10A3,
  0x0884,0x10A4,0x0884,0x10A4,0x1084,0x08A3,0x1084,0x08A3,0x1084,0x10A4,0x1084,0x08A4,
  0x1084,0x10A4,0x1084,0x10A4,0x0884,0x10A4,0x1084,0x10A4,0x0884,0x10A4,0x1084,0x08A4,
  0x1084,0x08A4,0x10A4,0x10A4,0x10A4,0x10A4,0x08A4,0x10A4,0x08A4,0x10A5,0x08A4,0x10A4,
  0x10A4,0x10A4,0x10A4,0x10A4,0x10A4,0x10A4,0x08A4,0x10A4,0x08A4,0x10A4,0x08A4,0x10A4,
  0x08A4,0x10A4,0x10A4,0x10A4,0x08A4,0x10A4,0x10A4,0x10A4,0x10A4,0x10A4,0x10A5,0x10A4,
  0x10A4,0x10A4,0x10A4,0x08A4,0x10A4,0x10A4,0x10A4,0x10A4,0x10A4,0x10A4,0x10A4,0x10A5,
  0x10A4,0x10A4,0x10A4,0x10C4,0x08C5,0x10C5,0x10C5,0x10C4,0x08C4,0x10C4,0x08C4,0x10C4,
  0x08A4,0x10A4,0x08A5,0x08A4,0x10A4,0x08A5,0x10A4,0x10A4,0x1085,0x18A4,0x10A4,0x10A5,
  0x10A4,0x08A4,0x10C4,0x10A4,0x10A4,0x10A5,0x10A4,0x10A5,0x10A4,0x10C5,0x10A4,0x08A5,
  0x10C4,0x10A4,0x08A4,0x10A4,0x10C4,0x08A4,0x10C5,0x10A4,0x08A4,0x10A4,0x10A4,0x08A4,
  0x10A4,0x08A4,0x08C5,0x10A4,0x10A4,0x08A4,0x10A4,0x10A4,0x10A4,0x08A4,0x10A4,0x08A4,
  0x10A4,0x10A4,0x10A4,0x10A4,0x10A4,0x10A4,0x10A5,0x10A4,0x10A4,0x10A4,0x10A4,0x08A4,
  0x10A4,0x08A4,0x10A5,0x10A4,0x10A4,0x10A5,0x10A4,0x10A4,0x10A5,0x10A4,0x10A4,0x10A5,
  0x1084,0x08A4,0x1084,0x08A4,0x1084,0x08A4,0x1084,0x08A4,0x1084,0x10A4,0x08A4,0x10A4,
  0x08A4,0x10A4,0x10A4,0x08A4,0x1084,0x08A3,0x1084,0x08A3,0x1084,0x10A3,0x1084,0x08A4,
  0x1083,0x10A4,0x0883,0x10A4,0x1083,0x08A4,0x1084,0x10A4,0x0884,0x10A3,0x0884,0x10A3,
  0x0884,0x10A4,0x0884,0x10A4,0x0883,0x10A4,0x0884,0x10A3,0x0884,0x10A4,0x0884,0x10A4,
  0x0883,0x1084,0x0883,0x1084,0x0884,0x1083,0x0884,0x0884,0x10A4,0x0883,0x10A4,0x0883,
  0x10A4,0x0884,0x1083,0x0884,0x0883,0x1083,0x0884,0x1083,0x0884,0x1083,0x0884,0x1083,
  0x0884,0x1083,0x0884,0x1083,0x0883,0x1084,0x0883,0x1084,0x08A3,0x1084,0x1083,0x0884,
  0x1083,0x0883,0x1084,0x0883,0x0883,0x1083,0x0884,0x1083,0x0883,0x1083,0x0884,0x0863,
  0x0883,0x1083,0x0883,0x1083,0x0884,0x1083,0x0884,0x1083,0x1084,0x0883,0x1083,0x0883,
  0x1083,0x0883,0x1084,0x0883,0x0883,0x0884,0x0883,0x0884,0x0883,0x0884,0x1083,0x0884,
  0x0883,0x0884,0x0883,0x0883,0x0884,0x0883,0x0884,0x0883,0x0884,0x0883,0x1084,0x0884,
  0x0883,0x0884,0x1084,0x0883,0x1084,0x0883,0x1084,0x0883,0x10A4,0x0883,0x10A4,0x08A4,
  0x10A4,0x08A4,0x10A4,0x10A4,0x08A4,0x10A4,0x08A4,0x10A4,0x08A4,0x10A4,0x08A4,0x10A4,
  0x08A4,0x10A4,0x08A4,0x10A4,0x08A4,0x10A4,0x08A4,0x10A4,0x10A4,0x08A4,0x10A4,0x10A4,
  0x08A4,0x10A4,0x08A4,0x10A4,0x08A4,0x10A4,0x08A4,0x10A4,0x08A4,0x10A4,0x08A4,0x10A4,
  0x10A4,0x08A4,0x10A4,0x08A4,0x10A4,0x10A4,0x08A4,0x10A4,0x10A4,0x10A4,0x10A4,0x08A4,
  0x10A4,0x10A4,0x10A4,0x10A5,0x10A4,0x10A4,0x10A4,0x08A4,0x10A5,0x08A4,0x10A4,0x08A5,
  0x10A4,0x10A4,0x10A4,0x10A5,0x08A4,0x10A4,0x10A4,0x08A4,0x10A4,0x10A4,0x08A4,0x10A4,
  0x10A5,0x10A4,0x08A4,0x10A5,0x08A4,0x10A4,0x08A4,0x10C4,0x10A5,0x08A4,0x10C5,0x10A4,
  0x10C5,0x08A4,0x10A4,0x10A5,0x1084,0x18A5,0x1884,0x18A4,0x1885,0x10A4,0x10A5,0x10A4,
  0x08C5,0x08C4,0x00A5,0x08A4,0x08A4,0x10A5,0x10C4,0x10C4,0x08C4,0x10E4,0x10C4,0x0884,
  0x08A4,0x1084,0x1084,0x18C5,0x1864,0x2084,0x1884,0x0883,0x08A4,0x08E4,0x08E5,0x08A4,
  0x08A4,0x10A5,0x1884,0x1084,0x1085,0x10A4,0x10A5,0x10A5,0x10A4,0x10A4,0x10A5,0x10A4,
  0x10C5,0x10A4,0x08C4,0x10A5,0x10A4,0x10A5,0x10A4,0x10A4,0x10C5,0x10C4,0x08C4,0x08C4,
  0x10C4,0x10A5,0x10C4,0x08A5,0x10A4,0x10A5,0x10A4,0x10A4,0x08A4,0x10A4,0x08A4,0x10A4,
  0x08A5,0x08A4,0x10A4,0x08A4,0x10A4,0x08A5,0x10A4,0x10A4,0x10A5,0x10A4,0x08A4,0x10A4,
  0x08A4,0x10A4,0x08A4,0x10A4,0x08A4,0x10A4,0x08A4,0x10A4,0x10A4,0x10A4,0x10A4,0x10A4,
  0x10A4,0x10A4,0x10A4,0x10A4,0x08A4,0x10A4,0x1084,0x10A4,0x1084,0x08A4,0x1084,0x10A4,
  0x08A4,0x10A4,0x10A4,0x10A4,0x08A4,0x10A4,0x08A4,0x10A4,0x08A4,0x10A4,0x10A4,0x08A4,
  0x10A4,0x10A4,0x08A4,0x10A4,0x10A4,0x08A4,0x10A4,0x08A4,0x10A4,0x08A4,0x10A4,0x08A4,
  0x10A4,0x08A4,0x10A4,0x08A4,0x10A4,0x08A4,0x10A4,0x10A4,0x0884,0x10A4,0x0883,0x08A4,
  0x1083,0x08A4,0x0883,0x1083,0x0884,0x0883,0x0884,0x0884,0x1083,0x0884,0x0883,0x1084,
  0x0883,0x0884,0x0883,0x0884,0x0863,0x0884,0x0863,0x0883,0x0884,0x0883,0x0883,0x0884,
  0x0883,0x0884,0x0883,0x0884,0x1083,0x0883,0x1084,0x0883,0x1083,0x0884,0x1083,0x0884,
  0x1083,0x0884,0x1083,0x0883,0x0863,0x0883,0x1083,0x0883,0x0883,0x1084,0x0883,0x1084,
  0x0883,0x1083,0x0884,0x1083,0x0883,0x1083,0x0884,0x1083,0x0884,0x1083,0x0883,0x1084,
  0x0883,0x1084,0x0883,0x1084,0x0883,0x0883,0x0884,0x0883,0x1084,0x0883,0x1084,0x0883,
  0x1084,0x0883,0x1084,0x0883,0x1084,0x0883,0x0884,0x1083,0x0884,0x1083,0x0884,0x0883,
  0x0884,0x0883,0x10A4,0x0884,0x1083,0x08A4,0x1084,0x0883,0x10A4,0x1084,0x08A4,0x1084,
  0x10A4,0x0884,0x10A4,0x1084,0x10A4,0x0884,0x10A4,0x1084,0x10A4,0x0884,0x10A4,0x1084,
  0x10A4,0x0884,0x10A4,0x0884,0x10A4,0x1084,0x08A4,0x1084,0x10A4,0x0884,0x10A4,0x1084,
  0x10A4,0x0884,0x10A4,0x1084,0x08A4,0x1084,0x08A4,0x1084,0x08A4,0x1084,0x08A4,0x1084,
  0x10A4,0x10A4,0x10A4,0x10A4,0x08A4,0x10A4,0x10A4,0x10A4,0x08A4,0x10A5,0x08A4,0x10A4,
  0x08A4,0x10A4,0x10A4,0x10A4,0x10A4,0x10A4,0x10A4,0x10A4,0x08A4,0x10A4,0x08A4,0x10A4,
  0x10A4,0x08A4,0x10A5,0x10A4,0x08A4,0x10A5,0x08A4,0x10A4,0x08C4,0x10C5,0x10C4,0x10C4,
  0x10C4,0x10C5,0x10A4,0x08C4,0x10A4,0x10A4,0x10A4,0x10C4,0x08C4,0x10A5,0x10C4,0x10A4,
  0x18A4,0x1884,0x10A4,0x1884,0x10A4,0x10A4,0x10A4,0x10C5,0x08A4,0x08C5,0x08C4,0x10A5,
  0x08A4,0x10A4,0x10A4,0x08C4,0x10C4,0x00A4,0x00A3,0x10E4,0x10E5,0x10C4,0x0884,0x1084,
  0x1043,0x18A4,0x18C5,0x10A4,0x08C4,0x10E5,0x10E5,0x08A4,0x10A4,0x10A4,0x1084,0x10A4,
  0x1084,0x10A5,0x08C5,0x10A4,0x10A5,0x10A4,0x10A4,0x10A4,0x08C4,0x10C4,0x10A4,0x10C4,
  0x10A4,0x10A4,0x10A5,0x10A4,0x10C4,0x08C4,0x08C5,0x08C4,0x10C4,0x08A4,0x10C4,0x10A4,
  0x10C4,0x08C4,0x10C5,0x10C4,0x08A5,0x10A4,0x10A4,0x08A4,0x10A4,0x10A4,0x08A4,0x10A4,
  0x10A4,0x10A4,0x08A4,0x10A4,0x08A4,0x10A4,0x10A4,0x10A4,0x10A4,0x10A4,0x10A4,0x10A4,
  0x10A4,0x10A4,0x10A4,0x08A4,0x10A4,0x08A4,0x10A4,0x08A4,0x10A4,0x08A4,0x10A4,0x10A4,
  0x08A4,0x10A4,0x08A4,0x10A4,0x08A4,0x10A4,0x08A4,0x10A4,0x1084,0x08A4,0x1084,0x08A4,
  0x1084,0x08A4,0x1084,0x10A4,0x1084,0x08A4,0x1084,0x10A4,0x0884,0x10A4,0x1084,0x08A4,
  0x1084,0x10A4,0x0884,0x10A4,0x1084,0x10A4,0x0884,0x10A4,0x1084,0x10A4,0x0884,0x10A4,
  0x1084,0x10A4,0x0884,0x10A4,0x08A3,0x1084,0x08A4,0x1083,0x0884,0x1083,0x0884,0x0883,
  0x10A4,0x0884,0x10A3,0x0884,0x08A3,0x1084,0x08A3,0x0884,0x1083,0x0884,0x1083,0x0883,
  0x1084,0x0883,0x0884,0x0863,0x1083,0x0884,0x1083,0x0884,0x1083,0x0884,0x1083,0x0883,
  0x1084,0x0883,0x1083,0x0884,0x1083,0x0883,0x1083,0x0883,0x1084,0x0883,0x1083,0x0884,
  0x1083,0x0864,0x1083,0x0863,0x0883,0x1083,0x0884,0x1083,0x0883,0x1084,0x0883,0x1083,
  0x0884,0x1083,0x0883,0x1084,0x0883,0x1084,0x0883,0x1083,0x0884,0x0883,0x0884,0x0883,
  0x1084,0x0883,0x1084,0x0883,0x0883,0x0884,0x0883,0x0884,0x0883,0x0884,0x0883,0x0884,
  0x10A3,0x0884,0x10A3,0x0884,0x08A3,0x0884,0x10A3,0x0884,0x1083,0x0884,0x0883,0x10A4,
  0x0884,0x1083,0x08A4,0x1084,0x08A4,0x10A4,0x10A4,0x08A4,0x10A4,0x10A4,0x08A4,0x10A4,
  0x08A4,0x10A4,0x10A4,0x08A4,0x10A4,0x10A4,0x08A4,0x10A4,0x08A4,0x10A4,0x10A4,0x10A4,
  0x08A4,0x10A4,0x10A4,0x08A4,0x10A4,0x10A4,0x08A4,0x10A4,0x08A4,0x10A4,0x08A4,0x10A4,
  0x10A4,0x08A4,0x10A4,0x08A4,0x10A4,0x10A4,0x10A4,0x08A4,0x10A4,0x08A4,0x10A4,0x10A4,
  0x10A4,0x08A4,0x10A4,0x10A5,0x10A4,0x10A4,0x10A4,0x10A4,0x10A4,0x08A5,0x10A4,0x08A4,
  0x10A4,0x08A4,0x10A4,0x10A4,0x10A5,0x10A4,0x10A4,0x08A4,0x10A5,0x10A4,0x08A4,0x10A4,
  0x10A4,0x08A4,0x10C4,0x10A4,0x10A4,0x10A4,0x08A4,0x10A5,0x08A4,0x10C4,0x10A5,0x10A4,
  0x10A5,0x10A4,0x10A5,0x10A4,0x10C4,0x08C4,0x10A4,0x10A5,0x10A4,0x10A4,0x10A5,0x10A4,
  0x10A5,0x10C4,0x08C4,0x10C4,0x10A5,0x1084,0x18A4,0x1084,0x1883,0x10A4,0x10A3,0x10A4,
  0x10C3,0x08A3,0x10E5,0x1105,0x00C4,0x00A4,0x10E5,0x1126,0x0945,0x00E4,0x00A3,0x08A4,
  0x08A3,0x0863,0x1083,0x18E5,0x08A4,0x10A4,0x08A4,0x08C4,0x08C4,0x08C4,0x08C4,0x10C4,
  0x08A4,0x10A4,0x10A4,0x08C5,0x10C4,0x08C5,0x08C4,0x10C5,0x10A4,0x10A4,0x10A4,0x10A4,
  0x10A5,0x10A4,0x10C4,0x08C5,0x10A4,0x10C5,0x10A4,0x08C5,0x10A4,0x10A4,0x10A4,0x08C4,
  0x10A4,0x08C4,0x10A4,0x10C5,0x08A4,0x10C4,0x10A4,0x08C5,0x10A4,0x10A4,0x10A4,0x10A4,
  0x10A4,0x10A4,0x08A5,0x10A4,0x08A4,0x10A5,0x08A4,0x10A4,0x08A5,0x10A4,0x10A4,0x10A5,
  0x10A4,0x10A4,0x10A5,0x10A4,0x10A4,0x10A4,0x08A4,0x10A4,0x10A4,0x0884,0x10A4,0x0884,
  0x10A4,0x1084,0x10A4,0x08A4,0x10A4,0x10A4,0x08A4,0x10A4,0x10A4,0x10A4,0x08A4,0x10A4,
  0x08A4,0x10A4,0x08A4,0x10A4,0x10A4,0x08A4,0x10A4,0x10A4,0x08A4,0x10A4,0x10A4,0x08A4,
  0x10A4,0x08A4,0x10A4,0x10A4,0x08A4,0x10A4,0x10A4,0x08A4,0x10A4,0x08A4,0x10A4,0x10A4,
  0x0884,0x10A3,0x0884,0x08A4,0x1083,0x08A4,0x0884,0x1083,0x0884,0x1083,0x0884,0x1083,
  0x0884,0x1083,0x0884,0x1084,0x0883,0x0884,0x0883,0x0884,0x0883,0x0883,0x0883,0x0884,
  0x0883,0x0884,0x0883,0x0884,0x0883,0x0883,0x0884,0x0883,0x1083,0x0884,0x1083,0x0883,
  0x1084,0x0883,0x1084,0x0883,0x1083,0x0884,0x1083,0x0883,0x1083,0x0883,0x0883,0x1083,
  0x0883,0x1084,0x0883,0x1083,0x0884,0x1083,0x0883,0x1084,0x0883,0x1084,0x0883,0x1083,
  0x0883,0x1083,0x0884,0x1083,0x0884,0x1083,0x0883,0x0884,0x0883,0x0884,0x0883,0x0884,
  0x1083,0x0884,0x1083,0x0884,0x1083,0x0883,0x1084,0x0883,0x0884,0x1083,0x0884,0x1084,
  0x0883,0x1084,0x0884,0x10A3,0x0884,0x10A3,0x0884,0x0883,0x10A4,0x0884,0x10A3,0x0884,
  0x10A4,0x08A4,0x1084,0x10A4,0x0884,0x10A4,0x1084,0x08A4,0x1084,0x10A4,0x0884,0x10A4,
  0x0884,0x10A4,0x1084,0x08A4,0x1084,0x10A4,0x0884,0x10A4,0x1084,0x08A4,0x1084,0x10A4,
  0x0884,0x10A4,0x1084,0x08A4,0x1084,0x10A4,0x1084,0x08A4,0x1084,0x10A4,0x0884,0x10A4,
  0x0884,0x10A4,0x0884,0x10A4,0x10A4,0x10A4,0x08A4,0x10A4,0x10A4,0x10A5,0x08A4,0x10A4,
  0x08A4,0x10A4,0x08A4,0x10A5,0x10A4,0x10A4,0x10A4,0x10A4,0x10A5,0x10A4,0x08A4,0x10A4,
  0x08A4,0x10A4,0x10A4,0x10A4,0x08A4,0x10C4,0x10C5,0x08C4,0x10C4,0x10A5,0x10C4,0x08A5,
  0x10C4,0x10C5,0x10C4,0x10C4,0x10A4,0x08C4,0x10C4,0x10A4,0x18A4,0x18A4,0x10A4,0x10C4,
  0x08C5,0x10A4,0x08C4,0x10C4,0x10C5,0x10A4,0x10A4,0x10A4,0x10C4,0x08A4,0x08C5,0x08A4,
  0x10A4,0x18A4,0x1884,0x10A3,0x1884,0x1883,0x10A3,0x10A4,0x10C4,0x08C4,0x08E4,0x00A3,
  0x00A3,0x0905,0x0905,0x00C4,0x00E4,0x00E4,0x00E4,0x1105,0x10E5,0x10C4,0x1084,0x10C4,
  0x10A4,0x08C4,0x08A4,0x08C4,0x08A4,0x08C4,0x08C4,0x10C4,0x10A4,0x08C4,0x08A4,0x08C4,
  0x08C4,0x08C4,0x08C4,0x08C4,0x10C5,0x10C4,0x10A5,0x10A4,0x10C4,0x10A4,0x10A4,0x10C4,
  0x10A4,0x08C4,0x10A4,0x10C4,0x10A4,0x08C5,0x10C4,0x10A4,0x10C5,0x10A4,0x08C4,0x10A4,
  0x10C4,0x08A5,0x10C4,0x10A4,0x08A4,0x10A4,0x08A5,0x10A4,0x08A4,0x10A4,0x10A4,0x10A4,
  0x10A4,0x10A4,0x10A4,0x10A4,0x10A4,0x08A4,0x10A4,0x08A4,0x10A4,0x08A4,0x10A4,0x08A4,
  0x10A4,0x10A5,0x10A4,0x10A4,0x08A4,0x10A4,0x10A4,0x10A4,0x08A4,0x10A4,0x0884,0x10A4,
  0x0884,0x10A4,0x1084,0x08A4,0x1084,0x08A4,0x1084,0x08A4,0x1084,0x10A4,0x1084,0x08A4,
  0x1084,0x10A4,0x0884,0x10A4,0x1084,0x08A4,0x1084,0x10A4,0x0884,0x10A4,0x1084,0x08A4,
  0x1084,0x08A4,0x1084,0x10A4,0x0884,0x10A4,0x0884,0x10A4,0x0884,0x10A4,0x0883,0x10A4,
  0x0884,0x1083,0x08A4,0x0883,0x10A4,0x0883,0x08A4,0x0883,0x10A4,0x0884,0x08A3,0x0884,
  0x10A3,0x0884,0x1083,0x0884,0x1083,0x0884,0x1083,0x0863,0x1084,0x0883,0x1084,0x0883,
  0x1084,0x0883,0x1084,0x0884,0x1083,0x0883,0x1084,0x0883,0x1083,0x0884,0x1083,0x0884,
  0x1083,0x0883,0x1084,0x0883,0x0864,0x1083,0x0864,0x0883,0x0883,0x1083,0x0884,0x1083,
  0x0883,0x1083,0x0884,0x1083,0x0883,0x1083,0x0884,0x1083,0x0884,0x1083,0x0883,0x1084,
  0x0883,0x0884,0x0883,0x1084,0x0883,0x1083,0x0884,0x0883,0x0884,0x0883,0x0884,0x0883,
  0x0884,0x0883,0x0884,0x1083,0x08A4,0x0883,0x08A4,0x1083,0x08A4,0x0883,0x1084,0x0883,
  0x0884,0x0884,0x1083,0x08A4,0x1084,0x08A3,0x1084,0x08A4,0x10A4,0x10A4,0x08A4,0x10A4,
  0x10A4,0x08A4,0x10A4,0x10A4,0x08A4,0x10A4,0x10A4,0x08A4,0x10A4,0x08A4,0x10A4,0x10A4,
  0x08A4,0x10A4,0x10A4,0x08A4,0x10A4,0x10A4,0x08A4,0x10A4,0x10A4,0x08A4,0x10A4,0x10A4,
  0x08A4,0x10A4,0x08A4,0x10A4,0x08A4,0x10A4,0x10A4,0x10A4,0x08A4,0x10A4,0x10A4,0x0884,
  0x10A4,0x10A4,0x10A4,0x08A5,0x10A4,0x10A4,0x10A4,0x10A4,0x10A4,0x10A5,0x10A4,0x08A4,
  0x10A4,0x08A4,0x10A4,0x08A4,0x10A4,0x10A4,0x10A4,0x10A5,0x10A4,0x08A4,0x10A5,0x10A4,
  0x10C5,0x10A4,0x10A4,0x10A5,0x10C4,0x08A4,0x10C4,0x10A4,0x08C4,0x10A4,0x08A4,0x10C5,
  0x10A4,0x10C5,0x10A4,0x10A5,0x10A4,0x1885,0x10A5,0x10A4,0x10C4,0x08C5,0x08E4,0x08C5,
  0x10C4,0x08C4,0x10C5,0x10C4,0x08C5,0x08C4,0x08C4,0x08C4,0x08C4,0x08C3,0x10C4,0x10A3,
  0x08C3,0x10C4,0x10C4,0x10C4,0x10C4,0x10E4,0x1105,0x1126,0x0926,0x0926,0x0926,0x08E5,
  0x08E5,0x1926,0x1946,0x08C5,0x08C5,0x1905,0x1906,0x08C4,0x08C4,0x10C4,0x08A4,0x10A3,
  0x08A4,0x10A3,0x10A4,0x08C4,0x10A4,0x08C4,0x08C4,0x08C5,0x08C4,0x08C5,0x08C4,0x08C4,
  0x08C5,0x08C4,0x10C4,0x10C5,0x10A4,0x10C5,0x10A5,0x10C4,0x10A5,0x10C4,0x10A5,0x08C4,
  0x10A4,0x10C4,0x10A5,0x08C4,0x10A4,0x10C4,0x10A5,0x10C4,0x10A4,0x10C4,0x10A4,0x10C5,
  0x10A4,0x10A4,0x10A4,0x10A4,0x10A4,0x10A5,0x08A4,0x10A4,0x08A4,0x10A4,0x08A4,0x10A4,
  0x10A4,0x10A4,0x10A4,0x10A4,0x10A4,0x10A4,0x10A4,0x10A5,0x10A4,0x08A4,0x10A4,0x10A4,
  0x08A4,0x1084,0x08A4,0x1084,0x08A4,0x10A4,0x10A4,0x08A4,0x10A4,0x08A4,0x10A4,0x10A4,
  0x08A4,0x10A4,0x10A4,0x10A4,0x08A4,0x10A4,0x08A4,0x10A4,0x08A4,0x10A4,0x10A4,0x08A4,
  0x10A4,0x10A4,0x08A4,0x10A4,0x10A4,0x08A4,0x10A4,0x10A4,0x08A4,0x10A4,0x08A4,0x10A4,
  0x10A4,0x10A4,0x10A4,0x08A4,0x10A3,0x0884,0x10A4,0x0883,0x10A4,0x0883,0x1084,0x0883,
  0x0884,0x1084,0x0883,0x1084,0x0883,0x0884,0x1083,0x0884,0x1083,0x0884,0x0883,0x1084,
  0x0883,0x0884,0x0883,0x0884,0x0883,0x0884,0x0883,0x0884,0x0883,0x0884,0x0883,0x0883,
  0x1084,0x0883,0x1083,0x0884,0x1083,0x0883,0x1083,0x0883,0x1084,0x0883,0x1083,0x0883,
  0x1083,0x0883,0x1083,0x0863,0x0883,0x1084,0x0883,0x1083,0x0884,0x1083,0x0883,0x1083,
  0x0884,0x1083,0x0883,0x1084,0x0883,0x1084,0x0883,0x1083,0x0884,0x0883,0x1084,0x0883,
  0x0884,0x0883,0x1084,0x0883,0x1083,0x0884,0x1083,0x0883,0x1084,0x0883,0x0883,0x0884,
  0x1083,0x0884,0x1083,0x0884,0x1083,0x08A4,0x0883,0x10A4,0x0883,0x10A4,0x08A4,0x1083,
  0x08A4,0x10A4,0x10A4,0x10A3,0x0884,0x10A4,0x1084,0x08A4,0x1084,0x10A4,0x0884,0x10A4,
  0x1084,0x08A4,0x1084,0x10A4,0x1084,0x10A4,0x0884,0x10A4,0x1084,0x08A4,0x1084,0x10A4,
  0x0884,0x10A4,0x1084,0x08A4,0x1084,0x10A4,0x0884,0x10A4,0x1084,0x08A4,0x1084,0x10A4,
  0x10A4,0x08A4,0x10A4,0x10A4,0x10A4,0x10A4,0x08A4,0x10A4,0x10A4,0x08A4,0x10A4,0x10A4,
  0x08A4,0x10A4,0x08A4,0x10A5,0x08A4,0x10A4,0x10A4,0x10A4,0x10A4,0x10A5,0x10A4,0x10A4,
  0x08A4,0x10A5,0x08A4,0x10A4,0x10A4,0x10A4,0x08A4,0x10A4,0x08A4,0x10C4,0x08C4,0x10A4,
  0x10C4,0x10A5,0x08C4,0x10A5,0x10C4,0x10A5,0x10C4,0x08A4,0x10C4,0x08A4,0x10C4,0x10A4,
  0x18A5,0x18A4,0x10A4,0x10C5,0x08C4,0x08E5,0x08C4,0x08C4,0x08E5,0x08C4,0x08C4,0x10A4,
  0x08A4,0x10A4,0x08C4,0x08C4,0x08E4,0x08C3,0x08E4,0x08C4,0x08E4,0x10C4,0x10E4,0x10E4,
  0x0905,0x0904,0x00E4,0x0145,0x0186,0x0146,0x0145,0x01A7,0x0167,0x0125,0x0146,0x0187,
  0x0166,0x0105,0x0104,0x0926,0x0905,0x08E4,0x10C4,0x10C4,0x10C4,0x10A4,0x08C4,0x10A4,
  0x08C4,0x08A4,0x10A4,0x08C4,0x08C4,0x08E4,0x08C5,0x08E4,0x10C4,0x08C5,0x10C4,0x08C4,
  0x10C5,0x10A4,0x10A4,0x10A5,0x10A4,0x08C4,0x10A4,0x10C5,0x10A4,0x08C4,0x10A4,0x10C4,
  0x10A5,0x08C4,0x10A4,0x08C5,0x10A4,0x08C5,0x10A4,0x08C4,0x10A4,0x08A4,0x10A4,0x08A5,
  0x10A4,0x10A4,0x10A4,0x10A4,0x10A5,0x10A4,0x10A4,0x08A5,0x10A4,0x08A4,0x10A5,0x08A4,
  0x10A4,0x08A5,0x10A4,0x08A4,0x10A4,0x10A4,0x08A4,0x10A5,0x10A4,0x10A4,0x10A4,0x10A4,
  0x10A4,0x10A4,0x08A4,0x10A4,0x1084,0x10A4,0x0884,0x10A4,0x1084,0x08A4,0x1084,0x08A4,
  0x1084,0x08A4,0x1084,0x10A4,0x1084,0x08A4,0x1084,0x10A4,0x0884,0x10A4,0x1084,0x08A4,
  0x1084,0x10A4,0x0884,0x10A4,0x1084,0x10A4,0x1084,0x08A4,0x1084,0x08A4,0x1084,0x10A4,
  0x08A4,0x10A4,0x10A3,0x0884,0x10A4,0x0883,0x10A4,0x0884,0x10A3,0x0884,0x08A3,0x0884,
  0x10A3,0x0884,0x10A3,0x0884,0x08A4,0x1083,0x08A4,0x0883,0x1084,0x0883,0x1084,0x0883,
  0x1084,0x0883,0x1084,0x0883,0x1083,0x0884,0x1083,0x0884,0x1083,0x0884,0x1083,0x0883,
  0x1084,0x0883,0x1084,0x0883,0x1083,0x0884,0x1083,0x0884,0x0863,0x1083,0x0884,0x0883,
  0x0883,0x1083,0x0884,0x1083,0x0883,0x1084,0x0883,0x1084,0x0883,0x1083,0x0884,0x1083,
  0x0883,0x1083,0x0884,0x1083,0x0883,0x0884,0x0883,0x0883,0x1084,0x0883,0x0883,0x0884,
  0x0883,0x0884,0x0883,0x0884,0x0883,0x0884,0x1083,0x0884,0x08A3,0x1084,0x08A4,0x0883,
  0x1084,0x0884,0x1083,0x0884,0x10A4,0x0883,0x10A4,0x0884,0x10A3,0x0884,0x10A4,0x08A4,
  0x10A4,0x08A4,0x10A4,0x10A4,0x08A4,0x10A4,0x10A4,0x08A4,0x10A4,0x10A4,0x08A4,0x10A4,
  0x08A4,0x10A4,0x08A4,0x10A4,0x08A4,0x10A4,0x08A4,0x10A4,0x10A4,0x08A4,0x10A4,0x10A4,
  0x08A4,0x10A4,0x10A4,0x08A4,0x10A4,0x10A4,0x08A4,0x1084,0x10A4,0x10A4,0x08A4,0x10A4,
  0x08A4,0x10A4,0x10A4,0x10A4,0x08A4,0x10A5,0x10A4,0x10A4,0x10A4,0x10A5,0x10A4,0x10A4,
  0x10A4,0x08A4,0x10A4,0x08A5,0x10A4,0x08A4,0x10A4,0x10A4,0x10A4,0x10A4,0x10A4,0x08A4,
  0x10A4,0x10A4,0x10A4,0x10A4,0x10A5,0x10A4,0x10C5,0x08A4,0x10C4,0x10A4,0x10C4,0x10A4,
  0x08C4,0x10A4,0x10C4,0x10A5,0x10C4,0x10A5,0x10C4,0x10A4,0x1885,0x18A4,0x10A5,0x10C4,
  0x10C4,0x08E4,0x08C5,0x08E4,0x08C4,0x10C5,0x10C4,0x10C5,0x08A4,0x10A4,0x08A4,0x08A4,
  0x00E4,0x00E4,0x00E4,0x08E4,0x08E4,0x10E4,0x10E5,0x1105,0x0105,0x0166,0x0187,0x0269,
  0x3471,0x3D75,0x3573,0x3594,0x3D95,0x2D12,0x3533,0x4594,0x2CB1,0x02A9,0x01A6,0x01A6,
  0x0166,0x0926,0x1105,0x10E5,0x10C4,0x10C4,0x10C4,0x08C4,0x10A4,0x10A4,0x08C4,0x10C5,
  0x10C4,0x08C4,0x10C4,0x08C5,0x08C4,0x10E5,0x08C4,0x10C5,0x10C4,0x10A4,0x10A5,0x18A4,
  0x10A4,0x10C5,0x10A4,0x08C4,0x10A4,0x10C5,0x10A4,0x08C4,0x10A4,0x10C4,0x10A4,0x10C4,
  0x10A4,0x10C4,0x10A4,0x10C5,0x10A4,0x10A4,0x10A4,0x10A4,0x08A4,0x10A4,0x08A4,0x10A4,
  0x08A4,0x10A4,0x10A4,0x10A4,0x10A4,0x10A4,0x10A4,0x10A4,0x10A4,0x10A4,0x10A4,0x10A4,
  0x10A4,0x10A5,0x10A4,0x10A4,0x08A4,0x10A4,0x08A4,0x10A4,0x08A4,0x10A4,0x10A4,0x10A4,
  0x08A4,0x10A4,0x10A4,0x08A4,0x10A4,0x10A4,0x08A4,0x10A4,0x10A4,0x10A4,0x08A4,0x10A4,
  0x08A4,0x10A4,0x08A4,0x10A4,0x10A4,0x08A4,0x10A4,0x10A4,0x08A4,0x10A4,0x10A4,0x08A4,
  0x10A4,0x08A4,0x10A4,0x08A4,0x10A4,0x08A4,0x10A4,0x0884,0x10A4,0x0884,0x10A4,0x0883,
  0x10A4,0x0884,0x10A3,0x0884,0x0883,0x1084,0x0883,0x1084,0x0884,0x0883,0x0884,0x1083,
  0x08A4,0x1084,0x0883,0x1084,0x08A3,0x0884,0x0883,0x0884,0x0883,0x0884,0x0883,0x0884,
  0x0883,0x0884,0x0883,0x0883,0x1083,0x0883,0x1084,0x0883,0x1083,0x0884,0x1083,0x0884,
  0x1083,0x0883,0x1084,0x0883,0x1083,0x0863,0x1083,0x0863,0x0883,0x1084,0x0883,0x1083,
  0x0884,0x1083,0x0883,0x1083,0x0884,0x1083,0x0883,0x1083,0x0884,0x1083,0x0883,0x1084,
  0x0883,0x1084,0x0883,0x0884,0x0883,0x0884,0x1083,0x0884,0x1083,0x0884,0x1083,0x0884,
  0x1083,0x0884,0x0883,0x0884,0x1083,0x0884,0x1083,0x08A4,0x0883,0x10A4,0x0883,0x0884,
  0x10A3,0x0884,0x10A4,0x0883,0x10A4,0x08A4,0x1083,0x10A4,0x0884,0x10A4,0x0884,0x10A4,
  0x1084,0x08A4,0x1084,0x10A4,0x0884,0x10A4,0x0884,0x10A4,0x0884,0x10A4,0x1084,0x08A4,
  0x1084,0x10A4,0x1084,0x08A4,0x1084,0x10A4,0x0884,0x10A4,0x1084,0x08A4,0x1084,0x10A4,
  0x0884,0x10A4,0x10A4,0x08A4,0x10A4,0x10A4,0x10A4,0x10A4,0x10A4,0x10A4,0x08A4,0x10A5,
  0x10A4,0x10A4,0x08A4,0x10A4,0x08A4,0x10A4,0x08A4,0x10A4,0x10A4,0x10A5,0x10A4,0x10A4,
  0x10A4,0x10A4,0x08A4,0x10A5,0x08A4,0x10A4,0x10A4,0x10A4,0x08A4,0x10A4,0x08A4,0x10A4,
  0x08C4,0x10A4,0x10C4,0x10A5,0x08C4,0x10A5,0x08C4,0x10A5,0x10C4,0x10A5,0x08C4,0x10A4,
  0x08C4,0x10A4,0x08C5,0x10A4,0x10A4,0x18A5,0x10C4,0x10C5,0x08E4,0x08C5,0x08E4,0x08C5,
  0x10E4,0x10C5,0x10A4,0x10A4,0x10A4,0x10A5,0x10A4,0x10A4,0x08C4,0x08C4,0x08E4,0x0904,
  0x0125,0x0145,0x0146,0x0186,0x0208,0x4492,0x4D54,0x2CF3,0x2D74,0x2DD5,0x1594,0x15D4,
  0x15B3,0x1DD4,0x1DD4,0x1D93,0x1D73,0x2D53,0x3553,0x3D13,0x01C7,0x01A6,0x0166,0x0126,
  0x08E5,0x08C5,0x10A4,0x10C4,0x10A4,0x10A4,0x10A4,0x10A4,0x10A4,0x10A5,0x10A4,0x10C4,
  0x08C4,0x08C5,0x08C4,0x08C4,0x10C5,0x10C4,0x10A4,0x10C5,0x10A4,0x08C4,0x10A4,0x10C5,
  0x10A4,0x08C4,0x10A5,0x10C4,0x10A5,0x08C4,0x10A5,0x08C4,0x10A5,0x08C4,0x10A4,0x08C4,
  0x10A4,0x08A4,0x10A5,0x10A4,0x10A4,0x10A4,0x10A5,0x10A4,0x10A4,0x10A4,0x08A4,0x10A4,
  0x08A4,0x10A4,0x08A4,0x10A4,0x08A4,0x10A4,0x08A4,0x10A5,0x08A4,0x10A4,0x08A4,0x10A4,
  0x10A4,0x10A5,0x10A4,0x10A4,0x10A5,0x10A4,0x08A4,0x10A5,0x1084,0x08A4,0x1084,0x10A4,
  0x0884,0x10A4,0x1084,0x08A4,0x1084,0x08A4,0x1084,0x08A4,0x1084,0x10A4,0x1084,0x08A4,
  0x1084,0x10A4,0x0884,0x10A4,0x1084,0x08A4,0x1084,0x08A4,0x1084,0x08A4,0x1084,0x10A4,
  0x0884,0x10A4,0x08A4,0x10A4,0x10A3,0x10A4,0x08A4,0x10A4,0x0883,0x10A4,0x0884,0x10A4,
  0x0883,0x10A4,0x0884,0x08A3,0x1084,0x08A3,0x1084,0x0884,0x10A3,0x0884,0x10A4,0x0883,
  0x0884,0x1083,0x0884,0x1083,0x0884,0x1083,0x0883,0x1084,0x0883,0x1083,0x0884,0x0884,
  0x1083,0x0884,0x1083,0x0884,0x1083,0x0883,0x1083,0x0883,0x1084,0x0883,0x1083,0x0884,
  0x0883,0x1084,0x0883,0x0883,0x0883,0x1083,0x0884,0x1083,0x0883,0x1084,0x0883,0x1084,
  0x0883,0x1083,0x0884,0x1083,0x0883,0x1084,0x0883,0x1083,0x0884,0x0883,0x0884,0x1083,
  0x0884,0x0883,0x0884,0x0883,0x0884,0x1083,0x0884,0x0883,0x0884,0x1083,0x0884,0x10A3,
  0x0884,0x08A3,0x0884,0x10A4,0x0884,0x10A3,0x08A4,0x1084,0x08A4,0x10A4,0x08A4,0x10A4,
  0x10A4,0x10A4,0x08A4,0x10A4,0x10A4,0x10A4,0x10A4,0x08A4,0x10A4,0x10A4,0x08A4,0x10A4,
  0x10A4,0x08A4,0x10A4,0x10A4,0x10A4,0x08A4,0x10A4,0x10A4,0x08A4,0x10A4,0x08A4,0x10A4,
  0x08A4,0x10A4,0x10A4,0x08A4,0x10A4,0x10A4,0x08A4,0x10A4,0x10A4,0x08A4,0x10A4,0x10A4,
  0x08A4,0x10A4,0x08A5,0x10A4,0x08A4,0x10A5,0x10A4,0x10A4,0x08A4,0x10A4,0x10A4,0x10A5,
  0x10A4,0x10A4,0x10A4,0x08A5,0x10A4,0x08A4,0x10A4,0x08A4,0x10A4,0x10A5,0x10A4,0x10A4,
  0x10A4,0x10A5,0x08A4,0x10A5,0x10A4,0x10A5,0x10A4,0x10A5,0x10C4,0x08A5,0x10C4,0x10A4,
  0x10C4,0x10A4,0x10C4,0x10A4,0x08C4,0x10C4,0x10C5,0x10C4,0x10C5,0x10C4,0x10C4,0x10A5,
  0x10A4,0x10A4,0x10C4,0x08C5,0x08C4,0x08C4,0x08C4,0x08C4,0x0884,0x10A4,0x18C5,0x1084,
  0x1884,0x18A4,0x18A5,0x1084,0x20A5,0x1064,0x1105,0x00E5,0x0166,0x01C6,0x4595,0x2D74,
  0x2594,0x1D52,0x1D94,0x1DB4,0x1D94,0x1DB4,0x1DB4,0x1DF5,0x0DD4,0x0DF4,0x15F5,0x0DB3,
  0x2615,0x1593,0x1594,0x1DB3,0x2593,0x2D74,0x3D33,0x0186,0x0167,0x0905,0x20C7,0x1064,
  0x10A5,0x18C5,0x10A5,0x1063,0x1885,0x18C4,0x0863,0x10C5,0x10C4,0x08C4,0x08E4,0x08C4,
  0x08C4,0x10C5,0x10C4,0x10A4,0x10C5,0x10C4,0x10C5,0x10C4,0x10C4,0x10C5,0x10C4,0x10C4,
  0x08A4,0x10C4,0x10A4,0x10C4,0x10A4,0x10C5,0x10A4,0x10C5,0x10A4,0x10A5,0x10A4,0x10A5,
  0x10A4,0x10A5,0x10A4,0x10A4,0x08A5,0x10A4,0x10A4,0x10A5,0x10A4,0x10A4,0x10A5,0x10A4,
  0x10A4,0x10A5,0x10A4,0x10A4,0x10A4,0x10A4,0x10A4,0x10A5,0x08A4,0x10A4,0x08A4,0x10A4,
  0x08A4,0x10A4,0x10A4,0x10A4,0x08A4,0x10A4,0x10A4,0x08A4,0x10A4,0x10A4,0x08A4,0x10A4,
  0x10A4,0x10A4,0x08A4,0x10A4,0x08A4,0x10A4,0x08A4,0x10A4,0x08A4,0x10A4,0x10A4,0x08A4,
  0x10A4,0x10A4,0x08A4,0x10A4,0x10A4,0x10A4,0x08A4,0x10A4,0x10A4,0x0884,0x10A4,0x0884,
  0x10A4,0x0884,0x10A3,0x10A4,0x10A4,0x08A4,0x10A3,0x10A4,0x0884,0x10A3,0x0884,0x10A4,
  0x0883,0x1084,0x08A3,0x0884,0x1083,0x0884,0x0883,0x1084,0x08A4,0x0883,0x1084,0x0883,
  0x0883,0x0884,0x0883,0x0884,0x0883,0x0884,0x1083,0x0883,0x1084,0x0883,0x1083,0x0883,
  0x1084,0x0883,0x1084,0x0883,0x1083,0x0884,0x1083,0x0883,0x1083,0x0883,0x1084,0x0883,
  0x0883,0x1084,0x0883,0x1083,0x0884,0x1083,0x0883,0x1083,0x0884,0x1083,0x0883,0x1084,
  0x0883,0x1083,0x0884,0x1083,0x0883,0x0884,0x1083,0x0883,0x0884,0x1083,0x0883,0x1084,
  0x08A3,0x0884,0x10A3,0x0884,0x10A3,0x0884,0x1083,0x0884,0x1083,0x0884,0x1083,0x08A4,
  0x1083,0x08A4,0x1084,0x08A3,0x10A4,0x1083,0x10A4,0x0883,0x10A4,0x0883,0x10A4,0x0883,
  0x10A4,0x0884,0x10A4,0x0884,0x10A4,0x0884,0x10A4,0x0884,0x10A4,0x1084,0x08A4,0x1084,
  0x08A4,0x1084,0x08A4,0x1084,0x10A4,0x0884,0x10A4,0x1084,0x10A4,0x0884,0x10A4,0x1084,
  0x08A4,0x10A4,0x10A4,0x10A4,0x10A4,0x10A4,0x10A4,0x10A4,0x10A4,0x10A4,0x10A4,0x10A4,
  0x10A4,0x10A4,0x08A4,0x10A4,0x10A4,0x10A5,0x08A4,0x10A4,0x08A4,0x10A4,0x10A4,0x10A4,
  0x10A4,0x10A4,0x10A4,0x10A5,0x08A4,0x10A4,0x08A4,0x10A4,0x10A4,0x10A4,0x10A4,0x10A4,
  0x10A4,0x10A4,0x10A4,0x10A4,0x10C4,0x10A4,0x08C4,0x10A5,0x08C4,0x10A5,0x08C4,0x10A5,
  0x10C4,0x10C5,0x10A4,0x10C5,0x10A4,0x10C5,0x10C4,0x10C5,0x10C4,0x10C5,0x10C4,0x08C4,
  0x08C4,0x08E5,0x08C4,0x10C4,0x18C5,0x18C5,0x1064,0x1043,0x1084,0x18C5,0x18A5,0x1063,
  0x20E6,0x0884,0x0126,0x01A7,0x0208,0x3594,0x1532,0x15B3,0x1615,0x0DF4,0x15F5,0x15B4,
  0x0DB4,0x1DB4,0x1D94,0x0D73,0x15B5,0x15D5,0x15D4,0x0D73,0x0D33,0x1DF5,0x1E15,0x0D93,
  0x15F5,0x15B3,0x2573,0x3D95,0x01A7,0x0126,0x08E6,0x18E7,0x0884,0x1905,0x0863,0x18C5,
  0x20E5,0x0843,0x20C5,0x10A4,0x10A5,0x08C4,0x08C5,0x08C4,0x08E5,0x10C4,0x10C5,0x10A4,
  0x10C4,0x10C5,0x10A4,0x08C4,0x10A5,0x10C4,0x08A4,0x10C5,0x10A4,0x10C5,0x08A4,0x10C5,
  0x08A4,0x10C4,0x08A4,0x10C4,0x10A5,0x10C4,0x10C4,0x10C5,0x10C4,0x10C4,0x10C5,0x10A4,
  0x10A4,0x10A4,0x08A4,0x10A4,0x08A4,0x10A4,0x08A4,0x10A4,0x08A4,0x10A4,0x08A4,0x10A4,
  0x08A4,0x10A5,0x08A4,0x10A4,0x10A4,0x10A4,0x10A4,0x10A4,0x10A4,0x10A4,0x08A4,0x10A4,
  0x10A4,0x10A4,0x10A4,0x10A4,0x10A4,0x10A4,0x10A4,0x10A4,0x08A4,0x1084,0x10A4,0x1084,
  0x08A4,0x1084,0x10A4,0x0884,0x10A4,0x0884,0x10A4,0x1084,0x08A4,0x1084,0x10A4,0x0884,
  0x10A4,0x0884,0x10A4,0x0884,0x10A4,0x10A4,0x10A4,0x08A4,0x10A4,0x10A4,0x0884,0x10A4,
  0x0883,0x10A4,0x0884,0x10A4,0x0883,0x10A4,0x0883,0x10A4,0x08A4,0x0883,0x1084,0x0883,
  0x08A4,0x1083,0x08A4,0x0883,0x1084,0x0883,0x08A4,0x1084,0x0883,0x1084,0x0883,0x1084,
  0x0883,0x0884,0x0883,0x0884,0x1083,0x0883,0x1084,0x0883,0x1083,0x0884,0x1083,0x0884,
  0x1083,0x0883,0x1084,0x0883,0x1084,0x0883,0x1083,0x0884,0x0883,0x1083,0x0884,0x1083,
  0x0883,0x1084,0x0883,0x1084,0x0883,0x1084,0x0883,0x1083,0x0884,0x1083,0x0883,0x1084,
  0x0883,0x0884,0x0883,0x0884,0x1083,0x0884,0x0883,0x0884,0x1083,0x0884,0x0884,0x1083,
  0x0884,0x08A4,0x0883,0x10A4,0x0884,0x08A3,0x1084,0x08A3,0x1084,0x08A4,0x1083,0x08A4,
  0x10A4,0x08A4,0x10A4,0x08A4,0x10A4,0x10A4,0x08A4,0x10A4,0x08A4,0x10A4,0x10A4,0x08A4,
  0x10A4,0x10A4,0x08A4,0x10A4,0x08A4,0x10A4,0x08A4,0x10A4,0x10A4,0x08A4,0x10A4,0x08A4,
  0x10A4,0x10A4,0x08A4,0x10A4,0x08A4,0x10A4,0x08A4,0x10A4,0x10A4,0x10A4,0x08A4,0x10A4,
  0x08A4,0x10A4,0x08A4,0x10A5,0x08A4,0x10A4,0x08A4,0x10A4,0x08A4,0x10A4,0x10A4,0x10A5,
  0x08A4,0x10A4,0x10A4,0x10A4,0x10A4,0x08A5,0x10A4,0x08A4,0x10A4,0x08A5,0x10A4,0x10A4,
  0x10A4,0x10A4,0x10A4,0x08A5,0x10A4,0x10A5,0x10A4,0x10A5,0x10C4,0x10A5,0x08C4,0x10A5,
  0x08C4,0x10A5,0x10C4,0x10A4,0x10C4,0x10A4,0x10C4,0x10A4,0x10C5,0x10C4,0x10C4,0x10C4,
  0x10C5,0x10A4,0x10C4,0x10A5,0x10C4,0x10C4,0x08C5,0x10C4,0x08C5,0x10C4,0x10C4,0x10A5,
  0x10C4,0x1084,0x1084,0x18A4,0x1084,0x1084,0x1084,0x1106,0x0105,0x01A8,0x01C8,0x34D2,
  0x3575,0x1D73,0x1594,0x1E15,0x0552,0x15B4,0x15D5,0x15B4,0x1594,0x1DB4,0x1DD5,0x1DB4,
  0x2594,0x2574,0x2D95,0x3E17,0x2533,0x2595,0x25B5,0x1D94,0x0D72,0x1DD5,0x1593,0x2574,
  0x3574,0x4534,0x01C8,0x0126,0x0966,0x00A4,0x1905,0x0884,0x1064,0x20E6,0x1043,0x1084,
  0x10A4,0x10C4,0x08C4,0x08E4,0x08C4,0x08C5,0x10C4,0x10C5,0x10C4,0x08C4,0x10C5,0x10C4,
  0x10C4,0x10C5,0x10C4,0x10C5,0x10A4,0x08C4,0x10A4,0x10C4,0x10A5,0x10C4,0x10A5,0x08C4,
  0x10A4,0x10C5,0x10A4,0x10A4,0x10A5,0x10A4,0x10C4,0x10A5,0x10A4,0x08A4,0x10A4,0x10A4,
  0x10A4,0x10A4,0x10A4,0x10A4,0x10A4,0x10A4,0x10A4,0x10A5,0x10A4,0x10A4,0x10A4,0x10A4,
  0x08A4,0x10A5,0x08A4,0x10A4,0x08A5,0x10A4,0x10A4,0x10A5,0x08A4,0x10A4,0x08A5,0x10A4,
  0x08A4,0x10A5,0x08A4,0x10A4,0x08A4,0x10A4,0x08A4,0x10A4,0x10A4,0x08A4,0x10A4,0x10A4,
  0x10A4,0x10A4,0x08A4,0x10A4,0x10A4,0x08A4,0x10A4,0x08A4,0x10A4,0x10A4,0x08A4,0x10A4,
  0x08A4,0x1084,0x08A4,0x1084,0x08A3,0x10A4,0x08A3,0x10A4,0x10A4,0x08A4,0x10A3,0x10A4,
  0x0884,0x10A4,0x0884,0x10A3,0x1084,0x0884,0x10A3,0x0884,0x1084,0x0883,0x1084,0x0883,
  0x10A4,0x0884,0x1083,0x0884,0x0883,0x0884,0x0883,0x0883,0x1084,0x0883,0x1084,0x0883,
  0x0884,0x1083,0x0883,0x1084,0x0883,0x1083,0x0883,0x1083,0x0884,0x1083,0x0883,0x1084,
  0x0883,0x1084,0x0883,0x1083,0x0883,0x1084,0x0883,0x1083,0x0884,0x1083,0x0883,0x1083,
  0x0883,0x1083,0x0884,0x1083,0x0883,0x1084,0x0883,0x1083,0x0884,0x1083,0x0884,0x0883,
  0x0884,0x0883,0x1084,0x0883,0x08A4,0x1083,0x08A4,0x0883,0x1084,0x0883,0x1084,0x0883,
  0x0884,0x1083,0x0884,0x10A4,0x0883,0x10A4,0x0884,0x10A3,0x0884,0x10A4,0x1083,0x10A4,
  0x0884,0x10A3,0x1084,0x08A4,0x1084,0x08A4,0x1084,0x10A4,0x0884,0x10A4,0x1084,0x10A4,
  0x1084,0x08A4,0x1084,0x08A4,0x1084,0x10A4,0x1084,0x10A4,0x0884,0x10A4,0x1084,0x08A4,
  0x1084,0x10A4,0x1084,0x08A4,0x10A4,0x10A4,0x10A5,0x10A4,0x10A4,0x10A5,0x10A4,0x10A4,
  0x10A4,0x10A4,0x10A5,0x10A4,0x10A4,0x10A5,0x08A4,0x10A4,0x10A4,0x10A4,0x08A4,0x10A5,
  0x10A4,0x10A4,0x10A4,0x10A4,0x10A5,0x10A4,0x10A4,0x10A4,0x08A5,0x10A4,0x10A4,0x10A4,
  0x10A4,0x10C4,0x08A4,0x10A4,0x10A4,0x10A4,0x10A4,0x10A4,0x10C4,0x10A4,0x08C4,0x10A5,
  0x08C4,0x10A5,0x08C4,0x10A4,0x08C4,0x10C5,0x10A4,0x08C5,0x10C4,0x10C5,0x08C4,0x10C4,
  0x08C5,0x10C4,0x08C5,0x08C4,0x10C4,0x08C4,0x08A4,0x10A4,0x1084,0x1884,0x18A4,0x18C5,
  0x10A4,0x08A4,0x08E4,0x0146,0x0166,0x0186,0x4575,0x3595,0x2594,0x25D4,0x15B4,0x1594,
  0x2615,0x1DD5,0x1573,0x1D53,0x25B4,0x25D5,0x25B4,0x1D53,0x3595,0x2D13,0x24D3,0x3574,
  0x2D34,0x2554,0x1D73,0x25B4,0x1DF5,0x15B4,0x1DF5,0x1D94,0x2574,0x2D74,0x3D96,0x01E7,
  0x0165,0x0125,0x0105,0x10E5,0x0863,0x1064,0x20C5,0x1064,0x10A4,0x08C5,0x08C4,0x08C5,
  0x08E4,0x10C4,0x10C4,0x08C4,0x10A5,0x10C4,0x10A5,0x10C4,0x10A5,0x10C4,0x10A4,0x10C4,
  0x08A4,0x10C5,0x10A4,0x08C4,0x10A4,0x08C4,0x10A4,0x10C4,0x10A5,0x10C4,0x10A5,0x10C4,
  0x10C5,0x10A4,0x10C5,0x10A4,0x10A4,0x10A5,0x10A4,0x10A5,0x08A4,0x10A5,0x10A4,0x08A5,
  0x10A4,0x08A4,0x10A4,0x08A4,0x10A4,0x08A4,0x10A4,0x10A5,0x10A4,0x10A4,0x10A4,0x10A4,
  0x10A4,0x10A4,0x08A4,0x10A4,0x10A4,0x10A4,0x10A4,0x10A4,0x10A4,0x10A4,0x10A4,0x10A4,
  0x10A4,0x0884,0x10A4,0x0884,0x10A4,0x1084,0x08A4,0x1084,0x08A4,0x1084,0x08A4,0x1084,
  0x08A4,0x1084,0x10A4,0x1084,0x08A4,0x1084,0x10A4,0x1084,0x08A4,0x10A4,0x10A4,0x08A4,
  0x1084,0x10A4,0x1084,0x08A4,0x1083,0x10A4,0x0884,0x10A4,0x0883,0x10A4,0x0883,0x08A4,
  0x1083,0x0884,0x0883,0x10A4,0x0883,0x08A4,0x0884,0x1083,0x0884,0x0883,0x08A4,0x1083,
  0x0884,0x1083,0x0884,0x0883,0x0884,0x0883,0x0883,0x0884,0x1083,0x0884,0x1083,0x0883,
  0x1084,0x0883,0x1084,0x0883,0x1083,0x0884,0x1083,0x0883,0x1083,0x0883,0x1084,0x0883,
  0x0883,0x1083,0x0884,0x1083,0x0883,0x1084,0x0883,0x1084,0x0883,0x1084,0x0883,0x1084,
  0x0883,0x1083,0x0884,0x1083,0x0884,0x0883,0x0883,0x1084,0x0883,0x0883,0x0884,0x0883,
  0x1084,0x0883,0x1084,0x08A4,0x0883,0x10A4,0x0883,0x08A4,0x1083,0x08A4,0x0883,0x10A4,
  0x0884,0x10A3,0x0884,0x10A4,0x10A4,0x08A4,0x10A4,0x08A4,0x10A4,0x08A4,0x10A4,0x10A3,
  0x10A4,0x10A4,0x08A4,0x10A4,0x10A4,0x08A4,0x10A4,0x08A4,0x10A4,0x10A4,0x10A4,0x10A4,
  0x08A4,0x10A4,0x08A4,0x10A4,0x08A4,0x10A4,0x08A4,0x10A4,0x10A4,0x08A4,0x10A4,0x1084,
  0x08A4,0x10A4,0x08A4,0x10A4,0x08A4,0x10A4,0x08A4,0x10A4,0x08A4,0x10A4,0x08A4,0x10A4,
  0x08A4,0x10A4,0x10A4,0x10A4,0x08A4,0x10A5,0x10A4,0x08A4,0x10A4,0x08A4,0x10A4,0x08A4,
  0x10A4,0x10A4,0x10A5,0x10A4,0x10A4,0x10A4,0x10A5,0x10C4,0x08A5,0x10A4,0x10C5,0x10A4,
  0x10C5,0x08A4,0x10C5,0x10A4,0x10C5,0x10C4,0x10C5,0x10C4,0x10C4,0x10C4,0x10C5,0x10C4,
  0x10C5,0x10C4,0x10C5,0x10A4,0x10C4,0x10A4,0x10C5,0x10C4,0x10C5,0x08C4,0x10C4,0x08C5,
  0x10C4,0x10A5,0x10A4,0x10A5,0x1063,0x10A5,0x10A4,0x0884,0x00C4,0x1146,0x0945,0x00E4,
  0x0229,0x4534,0x2D34,0x1CD1,0x2DD5,0x1DB4,0x15B4,0x1594,0x1D53,0x2594,0x2533,0x2D74,
  0x3574,0x24F1,0x2532,0x3574,0x34D2,0x4554,0x4554,0x2D12,0x35B5,0x2DB4,0x1D93,0x1DD4,
  0x15D4,0x0D93,0x1E15,0x0D73,0x1553,0x2DB5,0x1D33,0x3534,0x0207,0x0165,0x0124,0x1166,
  0x08E5,0x0843,0x18C5,0x18C5,0x10A4,0x10C4,0x08C4,0x08C4,0x10C5,0x08C4,0x10A5,0x10C4,
  0x10C5,0x10C4,0x10C4,0x10C5,0x08C4,0x10C5,0x10C4,0x10C5,0x10C4,0x10C4,0x10C5,0x10C4,
  0x10C5,0x10C4,0x10C5,0x10C4,0x10A4,0x10C4,0x10A4,0x10C5,0x10A4,0x10C4,0x10A4,0x10C5,
  0x10A4,0x10C4,0x08A4,0x10A4,0x10A4,0x10A4,0x10A4,0x10A4,0x10A4,0x10A5,0x10A4,0x10A4,
  0x10A4,0x10A5,0x08A4,0x10A4,0x08A4,0x10A4,0x08A4,0x10A4,0x08A4,0x10A4,0x10A4,0x10A4,
  0x08A4,0x10A4,0x08A4,0x10A4,0x08A4,0x10A4,0x08A5,0x10A4,0x08A4,0x10A4,0x10A4,0x08A4,
  0x10A4,0x08A4,0x10A4,0x08A4,0x10A4,0x10A4,0x08A4,0x10A4,0x10A4,0x08A4,0x10A4,0x08A4,
  0x10A4,0x08A4,0x10A4,0x08A4,0x10A4,0x0884,0x10A4,0x10A4,0x08A4,0x10A3,0x08A4,0x10A4,
  0x08A4,0x10A4,0x10A3,0x08A4,0x1084,0x08A3,0x1084,0x08A4,0x10A4,0x0883,0x1084,0x0883,
  0x0884,0x1083,0x08A4,0x0883,0x10A4,0x0883,0x1084,0x0883,0x0884,0x0883,0x1084,0x0883,
  0x1083,0x0884,0x1083,0x0884,0x1083,0x0883,0x1084,0x0883,0x1083,0x0884,0x1083,0x0884,
  0x1083,0x0883,0x1084,0x0883,0x1084,0x0883,0x1083,0x0883,0x0883,0x1084,0x0883,0x1083,
  0x0884,0x1083,0x0883,0x1084,0x0883,0x1083,0x0883,0x1083,0x0884,0x1083,0x0883,0x1084,
  0x0883,0x0884,0x1083,0x0884,0x0883,0x1084,0x0883,0x0884,0x10A3,0x0884,0x0883,0x1084,
  0x0883,0x0884,0x1084,0x0883,0x0884,0x1083,0x0884,0x10A3,0x0884,0x10A4,0x0883,0x08A4,
  0x1083,0x08A4,0x1083,0x10A4,0x0883,0x10A4,0x0884,0x10A4,0x0884,0x10A4,0x0884,0x10A4,
  0x0884,0x10A4,0x0884,0x10A4,0x0884,0x10A4,0x0884,0x10A4,0x0884,0x10A4,0x0884,0x10A4,
  0x1084,0x08A4,0x1084,0x10A4,0x0884,0x10A4,0x08A4,0x10A4,0x10A4,0x10A4,0x10A4,0x10A4,
  0x10A4,0x10A4,0x10A4,0x10A5,0x10A4,0x10A4,0x10A4,0x10A4,0x10A4,0x10A4,0x08A4,0x10A5,
  0x10A4,0x10A4,0x10A4,0x10A4,0x10A4,0x10A5,0x10A4,0x10A4,0x10A5,0x10A4,0x08A4,0x10A4,
  0x10A5,0x10C4,0x08A4,0x10A4,0x10A4,0x10A4,0x10A4,0x10A4,0x10A4,0x10A4,0x10A4,0x10A4,
  0x08C5,0x10C4,0x10A4,0x10C5,0x10A4,0x10C5,0x10A4,0x10C5,0x10A4,0x10C4,0x10C4,0x10C5,
  0x10C4,0x10C5,0x10A4,0x08C4,0x10C4,0x08C5,0x10C4,0x10C4,0x10C4,0x10A4,0x10A4,0x10A4,
  0x18C5,0x0884,0x08A4,0x0905,0x0904,0x0104,0x0165,0x0228,0x3D13,0x3554,0x1D33,0x2DF6,
  0x1DF4,0x0D53,0x25F5,0x25B4,0x1D33,0x3DB5,0x4554,0x4D54,0x3491,0x02C9,0x0207,0x0206,
  0x0208,0x0207,0x01C7,0x0269,0x34F2,0x3D53,0x2513,0x1D73,0x1DB4,0x1DD4,0x04F1,0x2616,
  0x2E57,0x1574,0x25B5,0x2D94,0x34B0,0x0227,0x0165,0x0104,0x0904,0x1105,0x0843,0x18E5,
  0x10A4,0x10A5,0x08C4,0x08C4,0x10C5,0x10C4,0x10A5,0x10A4,0x10A4,0x10C5,0x10A4,0x10C4,
  0x10A4,0x10C5,0x10A4,0x08C5,0x10A4,0x10C5,0x10A4,0x10C5,0x10A4,0x10C5,0x10A4,0x10C5,
  0x10A4,0x10C5,0x10A4,0x10C4,0x10A5,0x10C4,0x10A5,0x10C4,0x10A4,0x10A5,0x10A4,0x10C5,
  0x10A4,0x10C5,0x10A4,0x10C5,0x08A4,0x10A4,0x08A4,0x10A4,0x08A4,0x10A4,0x10A4,0x10A4,
  0x10A4,0x10A5,0x10A4,0x10A4,0x10A5,0x10A4,0x08A4,0x10A5,0x10A4,0x10A4,0x10A5,0x10A4,
  0x10A4,0x10A4,0x10A4,0x10A4,0x10A4,0x0884,0x10A4,0x1084,0x08A4,0x1084,0x10A4,0x1084,
  0x08A4,0x1084,0x10A4,0x0884,0x10A4,0x0884,0x10A4,0x1084,0x08A4,0x1084,0x08A4,0x1084,
  0x10A4,0x10A4,0x0884,0x10A4,0x1084,0x08A4,0x1084,0x10A3,0x1084,0x08A4,0x1084,0x10A4,
  0x0883,0x10A4,0x0884,0x10A3,0x0884,0x10A3,0x0884,0x08A4,0x1083,0x0884,0x1083,0x0884,
  0x1084,0x0883,0x08A4,0x1084,0x0883,0x0884,0x0883,0x0884,0x0883,0x0884,0x0883,0x0884,
  0x1083,0x0883,0x1083,0x0884,0x1083,0x0883,0x1083,0x0883,0x1084,0x0883,0x1083,0x0884,
  0x1083,0x0884,0x1083,0x0884,0x0883,0x1083,0x0884,0x1083,0x0883,0x1084,0x0883,0x1083,
  0x0884,0x1083,0x0884,0x1083,0x0883,0x1084,0x0883,0x1083,0x0884,0x0883,0x0884,0x0883,
  0x1084,0x0883,0x0884,0x1083,0x0884,0x10A3,0x0884,0x10A3,0x0884,0x10A3,0x0884,0x10A3,
  0x0884,0x08A4,0x1083,0x08A4,0x1084,0x08A3,0x1084,0x10A4,0x08A4,0x10A4,0x08A4,0x10A4,
  0x10A4,0x10A4,0x08A3,0x10A4,0x08A4,0x10A4,0x10A4,0x08A4,0x10A4,0x10A4,0x10A4,0x08A4,
  0x10A4,0x08A4,0x10A4,0x10A4,0x08A4,0x10A4,0x10A4,0x08A4,0x10A4,0x10A4,0x08A4,0x10A4,
  0x10A4,0x0884,0x10A4,0x0884,0x10A4,0x08A4,0x10A4,0x08A5,0x10A4,0x08A4,0x10A4,0x08A4,
  0x10A4,0x08A4,0x10A5,0x08A4,0x10A4,0x10A5,0x10A4,0x08A4,0x10A4,0x08A4,0x10A4,0x08A5,
  0x10A4,0x08A4,0x10A4,0x08A4,0x10A4,0x10C4,0x10A5,0x10C4,0x10A4,0x10A4,0x10A5,0x10C4,
  0x10A5,0x10C4,0x08A5,0x10C4,0x10A5,0x10C4,0x08A5,0x10C4,0x10C4,0x10C5,0x10C4,0x08C5,
  0x10C4,0x10C4,0x08C5,0x10C4,0x10C5,0x08A4,0x10C5,0x10A4,0x08C5,0x10C4,0x10C5,0x10A4,
  0x10C5,0x10C4,0x10C5,0x10C4,0x08A5,0x10A4,0x10A5,0x10A4,0x18C5,0x0883,0x08C4,0x1166,
  0x0145,0x0124,0x0A69,0x3470,0x2D73,0x1552,0x25F5,0x15B3,0x0DD3,0x0DB3,0x15B3,0x2573,
  0x3DB5,0x34B1,0x0208,0x0165,0x01A7,0x0125,0x0166,0x0186,0x0165,0x01A6,0x0186,0x0186,
  0x01A7,0x0166,0x0289,0x3CD2,0x3533,0x2DB4,0x25F5,0x0D93,0x1594,0x0D73,0x1D94,0x1D73,
  0x4615,0x34B0,0x0226,0x0145,0x0145,0x00C4,0x1906,0x0884,0x10A4,0x10C4,0x10C5,0x08C4,
  0x10C4,0x10A5,0x10A4,0x18C5,0x10A4,0x10C5,0x10C4,0x08C5,0x10C4,0x10C4,0x10C5,0x10C4,
  0x10C4,0x10C4,0x10C5,0x10C4,0x08C4,0x10C4,0x10C5,0x08C4,0x10A5,0x10C4,0x10A5,0x10C4,
  0x10A5,0x10C4,0x10A4,0x10C5,0x10A4,0x08A4,0x10A4,0x10A4,0x10A4,0x08A4,0x10A4,0x10A4,
  0x10A4,0x10A4,0x10A4,0x10A5,0x10A4,0x08A4,0x10A4,0x08A5,0x10A4,0x08A4,0x10A4,0x08A4,
  0x10A4,0x10A4,0x10A4,0x08A4,0x10A4,0x08A4,0x10A4,0x08A4,0x10A4,0x08A5,0x10A4,0x08A4,
  0x10A4,0x10A4,0x08A4,0x10A4,0x10A4,0x08A4,0x10A4,0x08A4,0x10A4,0x08A4,0x10A4,0x10A4,
  0x08A4,0x10A4,0x08A4,0x10A4,0x10A4,0x08A4,0x10A4,0x08A4,0x10A4,0x08A4,0x10A4,0x08A4,
  0x10A3,0x10A4,0x08A4,0x10A4,0x08A4,0x10A3,0x08A4,0x10A4,0x0884,0x10A3,0x0884,0x10A4,
  0x0883,0x0884,0x1083,0x0884,0x10A3,0x0884,0x08A4,0x1083,0x08A4,0x1083,0x0884,0x1083,
  0x0884,0x1083,0x0883,0x1084,0x0883,0x1084,0x0883,0x0883,0x1084,0x0883,0x1084,0x0883,
  0x1083,0x0884,0x1083,0x0884,0x1083,0x0884,0x1083,0x0883,0x1083,0x0883,0x1084,0x0883,
  0x0883,0x1084,0x0883,0x1083,0x0884,0x1083,0x0883,0x1084,0x0883,0x1083,0x0884,0x1083,
  0x0884,0x1083,0x0883,0x1084,0x0883,0x1084,0x0883,0x0883,0x0884,0x0883,0x1083,0x0884,
  0x0883,0x0884,0x1084,0x0883,0x0884,0x0883,0x1084,0x0884,0x1083,0x0884,0x0883,0x10A4,
  0x0884,0x10A4,0x0883,0x10A4,0x1083,0x10A4,0x1083,0x08A4,0x1083,0x08A4,0x1084,0x10A4,
  0x1084,0x08A4,0x1084,0x10A4,0x0884,0x10A4,0x0884,0x10A4,0x1084,0x10A4,0x0884,0x10A4,
  0x1084,0x08A4,0x1084,0x10A4,0x0884,0x10A4,0x1084,0x08A4,0x10A4,0x10A4,0x10A4,0x10A4,
  0x10A4,0x10A4,0x10A4,0x10A4,0x10A4,0x10A4,0x10A5,0x10A4,0x10A4,0x10A4,0x10A4,0x10A4,
  0x08A4,0x10A4,0x10A4,0x10A4,0x10A4,0x10A5,0x10A4,0x10A4,0x10A4,0x10A4,0x10A4,0x10A4,
  0x10A5,0x10A4,0x10A4,0x08A4,0x10A5,0x10C4,0x10A4,0x10A4,0x08A4,0x10A4,0x10A4,0x10A4,
  0x10A4,0x10A4,0x10A4,0x10A4,0x10C5,0x10A4,0x10C4,0x10A4,0x10C5,0x10A4,0x10C4,0x10A4,
  0x10C5,0x10C4,0x10C4,0x10C5,0x10A4,0x10C4,0x10C4,0x10C5,0x10A4,0x10A5,0x08C5,0x10C4,
  0x10A4,0x10C4,0x10A4,0x10A4,0x1084,0x10E5,0x0905,0x0104,0x0145,0x0289,0x2C2F,0x45B4,
  0x1D73,0x15B4,0x15D4,0x15D4,0x1593,0x2DF5,0x2553,0x3D74,0x01C6,0x0248,0x0125,0x0126,
  0x1986,0x08E4,0x1105,0x0925,0x0145,0x0166,0x0105,0x0946,0x0905,0x0926,0x0146,0x01C7,
  0x0228,0x3D13,0x2D53,0x2574,0x1DB3,0x1DB4,0x15B4,0x25D5,0x1511,0x3DD4,0x34F1,0x0268,
  0x0104,0x0946,0x10C5,0x1084,0x10C4,0x08C4,0x10A4,0x08C4,0x10C5,0x10C4,0x18A5,0x10A4,
  0x10A5,0x10C4,0x10C4,0x10A5,0x10C4,0x10A5,0x10C4,0x10A4,0x08C5,0x10A4,0x10C4,0x10A5,
  0x10C4,0x10A5,0x10C4,0x10C4,0x10A4,0x10C5,0x10A4,0x10C4,0x10A4,0x10C5,0x10A4,0x10C4,
  0x10A5,0x10C4,0x10A5,0x10C4,0x10A5,0x10C4,0x10A5,0x10C4,0x08A4,0x10A5,0x08A4,0x10A4,
  0x10A4,0x10A4,0x10A4,0x10A4,0x10A4,0x10A4,0x10A4,0x10A4,0x08A4,0x10A4,0x10A4,0x10A4,
  0x10A4,0x10A4,0x10A4,0x10A5,0x10A4,0x10A4,0x10A4,0x10A4,0x08A4,0x1084,0x10A4,0x0884,
  0x10A4,0x1084,0x08A4,0x1084,0x10A4,0x1084,0x08A4,0x1084,0x10A4,0x1084,0x10A4,0x0884,
  0x10A4,0x1084,0x10A4,0x0884,0x10A4,0x1084,0x08A4,0x1084,0x08A4,0x1084,0x08A3,0x1084,
  0x10A4,0x0884,0x10A4,0x10A3,0x0884,0x10A4,0x0883,0x10A4,0x10A4,0x0883,0x10A4,0x0883,
  0x0884,0x1083,0x0884,0x0883,0x0884,0x0883,0x10A4,0x0883,0x0884,0x0883,0x0884,0x0883,
  0x0884,0x0883,0x1084,0x0883,0x1083,0x0884,0x1083,0x0883,0x1084,0x0883,0x1083,0x0883,
  0x1083,0x0883,0x1084,0x0883,0x1084,0x0883,0x1083,0x0883,0x0883,0x0883,0x0884,0x0883,
  0x0884,0x0883,0x1084,0x0883,0x0884,0x0883,0x0884,0x0883,0x0883,0x0884,0x1083,0x0884,
  0x0883,0x0884,0x1083,0x0884,0x1083,0x0884,0x0884,0x10A3,0x0884,0x0883,0x08A4,0x1083,
  0x08A4,0x1084,0x08A3,0x10A4,0x08A3,0x10A4,0x0884,0x10A3,0x0884,0x10A3,0x0884,0x08A4,
  0x10A4,0x08A4,0x10A4,0x08A4,0x10A4,0x10A4,0x08A3,0x10A4,0x08A4,0x10A4,0x08A4,0x10A4,
  0x10A4,0x08A4,0x10A4,0x10A4,0x08A4,0x10A4,0x10A4,0x08A4,0x10A4,0x10A4,0x08A4,0x10A4,
  0x10A4,0x08A4,0x10A4,0x10A4,0x08A4,0x10A4,0x08A4,0x10A4,0x08A4,0x10A4,0x08A4,0x10A4,
  0x08A5,0x10A4,0x08A4,0x10A4,0x08A4,0x08A4,0x08A4,0x10A4,0x08A4,0x08A4,0x08A4,0x10A4,
  0x08C4,0x10A4,0x08C4,0x10A5,0x08C4,0x10A5,0x08A4,0x10C4,0x08A4,0x10C5,0x10C4,0x10C4,
  0x10A4,0x08C4,0x10A5,0x10C4,0x10C5,0x10C5,0x10C4,0x10C5,0x08C5,0x10C4,0x10C5,0x10C4,
  0x08C4,0x10C5,0x10C4,0x10C5,0x10C4,0x10C5,0x10C4,0x10C5,0x10C4,0x10A5,0x10C4,0x10C4,
  0x10C5,0x08A4,0x10C5,0x10A4,0x10C5,0x10A5,0x08C5,0x10C5,0x08C4,0x10A4,0x10C4,0x10A4,
  0x1084,0x18E6,0x0905,0x01A7,0x01C6,0x3DB4,0x2512,0x2D74,0x1DF5,0x0533,0x2615,0x1D53,
  0x3594,0x34F2,0x0208,0x01A6,0x0166,0x0946,0x1105,0x10E4,0x10E5,0x10C4,0x10E4,0x10E5,
  0x08E4,0x00E5,0x0905,0x08E5,0x0905,0x0925,0x0925,0x0946,0x0987,0x0186,0x0208,0x4534,
  0x2D13,0x2DB5,0x15B4,0x0D93,0x1DB4,0x1D93,0x1D93,0x3594,0x01C7,0x0166,0x10A5,0x18A5,
  0x08C5,0x08E4,0x10A4,0x10C4,0x08C4,0x08C4,0x1885,0x1885,0x10C4,0x10C5,0x10C4,0x10C4,
  0x08C5,0x10C4,0x10C4,0x10C5,0x10C4,0x10C5,0x10C4,0x08C4,0x10C5,0x10C4,0x10A4,0x10C5,
  0x10C4,0x10C4,0x10C5,0x10C4,0x10C5,0x10C4,0x10C5,0x10C4,0x08A4,0x10C4,0x08A4,0x10C4,
  0x08A4,0x10C4,0x08A4,0x10C5,0x10A4,0x10A4,0x10A4,0x10A4,0x10A5,0x10A4,0x10A5,0x08A4,
  0x10A4,0x0884,0x08A4,0x1084,0x10A4,0x0884,0x10A4,0x0884,0x10A5,0x08A4,0x10A4,0x08A4,
  0x10A4,0x08A4,0x10A4,0x10A4,0x10A4,0x08A4,0x10A4,0x10A4,0x08A4,0x10A4,0x10A4,0x10A4,
  0x08A4,0x10A4,0x10A4,0x08A4,0x10A4,0x08A4,0x10A4,0x08A4,0x10A4,0x08A4,0x10A4,0x10A4,
  0x08A4,0x10A4,0x10A4,0x10A4,0x10A4,0x08A4,0x10A4,0x08A4,0x10A4,0x10A4,0x0884,0x10A4,
  0x10A4,0x08A4,0x10A4,0x0884,0x10A4,0x08A4,0x10A4,0x10A4,0x08A4,0x10A4,0x08A3,0x10A4,
  0x10A4,0x0883,0x0884,0x1084,0x0883,0x1084,0x0883,0x1084,0x1083,0x0884,0x0883,0x0884,
  0x0883,0x0884,0x0883,0x0884,0x0883,0x0884,0x0884,0x0884,0x0884,0x0883,0x0884,0x0883,
  0x0884,0x0883,0x0884,0x0883,0x0883,0x0884,0x1083,0x0884,0x1083,0x0884,0x0883,0x0884,
  0x1083,0x0884,0x1083,0x0884,0x1083,0x0884,0x0883,0x0884,0x10A3,0x0884,0x10A3,0x0884,
  0x10A4,0x0883,0x1084,0x0883,0x0884,0x1083,0x0884,0x1083,0x0884,0x0883,0x10A4,0x0884,
  0x1084,0x08A3,0x1084,0x08A4,0x1084,0x08A4,0x1083,0x08A4,0x1083,0x08A4,0x1083,0x10A4,
  0x0884,0x10A4,0x0884,0x10A4,0x1084,0x08A4,0x1084,0x08A4,0x1084,0x10A4,0x0884,0x10A4,
  0x1084,0x08A4,0x1084,0x10A4,0x0884,0x10A4,0x1084,0x08A4,0x10A4,0x10A4,0x10A4,0x10A4,
  0x10A4,0x10A4,0x10A4,0x10A4,0x10A4,0x10A5,0x10A4,0x10A4,0x10A4,0x10A4,0x10A4,0x08A4,
  0x10A4,0x10A4,0x08A4,0x10A4,0x10A4,0x10A4,0x08A4,0x10A4,0x10A5,0x10C4,0x10A4,0x10C4,
  0x10A4,0x10C4,0x10A5,0x10C4,0x10A4,0x08C4,0x10A4,0x08A5,0x10C4,0x10A4,0x08C4,0x10A4,
  0x10C4,0x10C5,0x08C4,0x10C4,0x10C5,0x10C4,0x10A5,0x10C4,0x10A5,0x10C4,0x10A5,0x08C4,
  0x10A4,0x10C5,0x08A4,0x10C4,0x10C5,0x08C4,0x10A5,0x10C4,0x10C4,0x10C5,0x10C4,0x10A5,
  0x10A5,0x10A5,0x08C5,0x08C4,0x10C5,0x10A4,0x08C4,0x10A4,0x18A4,0x1906,0x00E5,0x0186,
  0x3DB4,0x1532,0x3616,0x1D94,0x1574,0x2E77,0x1D33,0x3575,0x3CB2,0x01E7,0x09E8,0x0145,
  0x1125,0x1105,0x10E4,0x10E4,0x10C4,0x10C4,0x10C4,0x10C5,0x08A4,0x10C5,0x08E5,0x08E4,
  0x1105,0x1105,0x10E4,0x1105,0x08C4,0x1187,0x0146,0x01C7,0x4D95,0x1CF2,0x1D94,0x2656,
  0x15B4,0x1DD4,0x15D4,0x1D53,0x3D34,0x0187,0x10E7,0x2106,0x08E4,0x00E4,0x10A3,0x10C4,
  0x08C4,0x10A5,0x18A5,0x1885,0x10A5,0x10C4,0x10A5,0x10C4,0x10A4,0x10C5,0x10A4,0x08C5,
  0x10A4,0x10C4,0x10A5,0x10C4,0x10A4,0x10C5,0x08C4,0x10C5,0x10A4,0x10C5,0x10A4,0x10C5,
  0x10A4,0x10C4,0x08A5,0x10C4,0x10A5,0x10C4,0x10A5,0x10C4,0x10A5,0x10C4,0x10A4,0x10C4,
  0x10A4,0x10A5,0x10A4,0x08A4,0x10A4,0x10A4,0x10A4,0x10A4,0x08A4,0x10A4,0x10A4,0x08A4,
  0x10A4,0x08A4,0x10A4,0x10A4,0x10A4,0x10A4,0x10A4,0x10A4,0x10A4,0x10A5,0x08A4,0x10A4,
  0x10A5,0x10A4,0x10A4,0x10A4,0x10A4,0x10A4,0x08A4,0x10A4,0x10A4,0x0884,0x10A4,0x0884,
  0x10A4,0x0884,0x10A4,0x1084,0x08A4,0x1084,0x08A4,0x1084,0x10A4,0x0884,0x10A4,0x0884,
  0x10A4,0x1084,0x10A4,0x1084,0x08A4,0x10A4,0x10A4,0x08A4,0x1084,0x10A4,0x08A4,0x10A4,
  0x10A4,0x0884,0x10A4,0x0884,0x1084,0x0883,0x1084,0x0884,0x10A3,0x0884,0x1083,0x08A4,
  0x0883,0x10A4,0x0883,0x08A4,0x0883,0x10A4,0x0884,0x10A3,0x0884,0x1083,0x0884,0x1083,
  0x0884,0x1083,0x0883,0x1083,0x0883,0x1084,0x0883,0x1084,0x0883,0x1084,0x0883,0x0884,
  0x0883,0x0884,0x0883,0x0884,0x0883,0x0883,0x1084,0x0883,0x0883,0x0884,0x0883,0x0884,
  0x0883,0x0884,0x1083,0x0883,0x1084,0x0883,0x0884,0x1083,0x0884,0x08A3,0x0884,0x10A3,
  0x0884,0x0883,0x10A4,0x0883,0x10A4,0x0884,0x1083,0x08A4,0x1083,0x08A4,0x1084,0x08A3,
  0x1084,0x08A3,0x1084,0x08A4,0x10A4,0x10A4,0x08A4,0x10A4,0x10A3,0x08A4,0x10A3,0x08A4,
  0x10A4,0x10A4,0x10A4,0x10A4,0x08A4,0x10A4,0x10A4,0x08A4,0x10A4,0x10A4,0x08A4,0x10A4,
  0x10A4,0x08A4,0x10A4,0x1084,0x08A4,0x10A4,0x08A4,0x10A4,0x08A4,0x10A4,0x08A4,0x10A5,
  0x08A4,0x10A4,0x08A4,0x10A4,0x08A4,0x10A4,0x10A4,0x10A4,0x08A4,0x10A4,0x10A4,0x08A4,
  0x10A4,0x08A4,0x10A4,0x08A4,0x10C4,0x08A5,0x10C4,0x08A5,0x10C4,0x08A4,0x10C4,0x08A5,
  0x10C4,0x10A5,0x10C4,0x10A4,0x10C5,0x10A4,0x10C5,0x10A4,0x08C5,0x10C4,0x10A5,0x10C4,
  0x10A4,0x10C5,0x08C4,0x10C4,0x10C4,0x10C5,0x10C4,0x10C5,0x10C4,0x10C4,0x10C5,0x10A4,
  0x10C4,0x10C4,0x10C4,0x10A5,0x08C4,0x10A4,0x10C5,0x10C4,0x10C5,0x10C5,0x10C5,0x08C4,
  0x08C4,0x10C4,0x10C4,0x10A4,0x10A5,0x08C4,0x0166,0x01C7,0x3574,0x1D73,0x1553,0x25B5,
  0x1DF5,0x1574,0x2533,0x34F3,0x01E8,0x0208,0x00E4,0x0925,0x0905,0x08E4,0x08E4,0x08C4,
  0x10C4,0x10A4,0x10A4,0x10A5,0x10A4,0x10A5,0x08C4,0x10C5,0x08C4,0x08E4,0x08C4,0x10E4,
  0x08C5,0x0905,0x0987,0x0165,0x01E8,0x3D74,0x2553,0x1553,0x1DB4,0x0572,0x1DD4,0x2DD5,
  0x2D13,0x01C8,0x0106,0x08A4,0x08C5,0x08E4,0x08C4,0x10C4,0x08C4,0x10A4,0x10A5,0x18A5,
  0x10A4,0x10C4,0x10C5,0x10C4,0x10C5,0x08C4,0x10C4,0x10C4,0x10C5,0x10C4,0x10C5,0x10C4,
  0x08C5,0x10C4,0x10A4,0x10C5,0x10C4,0x08C4,0x10C4,0x10C4,0x08C5,0x10C4,0x10C4,0x10C5,
  0x10A4,0x08C4,0x10A4,0x08C4,0x10A4,0x08C4,0x10A5,0x08C4,0x10A4,0x10C4,0x10A5,0x10C4,
  0x10A5,0x10C4,0x08A5,0x10C4,0x10A4,0x10A4,0x10A4,0x10A5,0x10A4,0x10A4,0x10A5,0x08A4,
  0x10A4,0x08A4,0x10A5,0x08A4,0x10A4,0x10A4,0x10A4,0x08A4,0x10A4,0x08A4,0x10A4,0x08A5,
  0x10A4,0x10A4,0x10A5,0x10A4,0x08A4,0x10A4,0x10A4,0x08A4,0x10A4,0x10A4,0x08A4,0x10A4,
  0x10A4,0x08A4,0x10A4,0x08A4,0x10A4,0x08A4,0x10A4,0x08A4,0x10A4,0x08A4,0x08A4,0x10A4,
  0x1084,0x08A4,0x1084,0x10A4,0x08A4,0x1084,0x10A4,0x0884,0x10A4,0x10A4,0x08A4,0x10A4,
  0x08A4,0x10A4,0x08A3,0x1084,0x08A4,0x1083,0x0884,0x1083,0x0884,0x0883,0x1084,0x0884,
  0x1083,0x0884,0x1083,0x0884,0x0883,0x0884,0x0883,0x0883,0x0884,0x0883,0x0884,0x0884,
  0x0883,0x0884,0x0883,0x0883,0x0884,0x0883,0x0884,0x0883,0x0883,0x1084,0x0883,0x1083,
  0x0884,0x0883,0x0884,0x0883,0x1084,0x0883,0x1084,0x0883,0x1084,0x0883,0x0884,0x0883,
  0x08A4,0x1084,0x08A3,0x0884,0x1083,0x0884,0x1083,0x0884,0x0883,0x0884,0x0883,0x0884,
  0x0883,0x10A4,0x0883,0x10A4,0x0884,0x10A3,0x0884,0x10A4,0x0883,0x10A4,0x0883,0x10A4,
  0x0883,0x10A4,0x1083,0x08A4,0x1084,0x10A4,0x1084,0x10A4,0x0884,0x10A4,0x0884,0x10A4,
  0x0884,0x10A4,0x0884,0x10A4,0x0884,0x10A4,0x1084,0x08A4,0x1084,0x10A4,0x08A4,0x10A4,
  0x10A4,0x10A5,0x10A4,0x10A4,0x10A5,0x10A4,0x10A4,0x10A4,0x10A4,0x10A4,0x10A4,0x10A4,
  0x10A5,0x08A4,0x10A4,0x10A5,0x08A4,0x10A4,0x08A5,0x10A4,0x08A4,0x10A5,0x10C4,0x10A4,
  0x10C4,0x10A4,0x10C4,0x10A4,0x10C4,0x10A5,0x10C4,0x10A4,0x10C4,0x08A4,0x10C4,0x08A4,
  0x10C4,0x08A4,0x10C4,0x10A4,0x10C4,0x10C5,0x10C4,0x10C5,0x08C4,0x10C4,0x10A5,0x10C4,
  0x10A5,0x08C4,0x10A4,0x10C4,0x10A5,0x10C4,0x10C5,0x10C4,0x10A5,0x10C5,0x08C4,0x10C5,
  0x10C4,0x10C5,0x10C4,0x10A5,0x18A5,0x10C5,0x08C5,0x08C4,0x08C4,0x10C4,0x10C4,0x10C5,
  0x08A4,0x1187,0x01C7,0x44F3,0x2D73,0x2E16,0x25D5,0x1593,0x1594,0x25D4,0x3554,0x0249,
  0x01E8,0x0166,0x00E4,0x1106,0x08E4,0x08E4,0x08E4,0x08C4,0x08C4,0x10A4,0x18A4,0x18A4,
  0x18A5,0x10A5,0x10A4,0x08C4,0x10C4,0x08C4,0x10C4,0x08C4,0x10E5,0x1105,0x00C4,0x09A7,
  0x01C7,0x0269,0x3554,0x2573,0x25F5,0x1DF4,0x1573,0x1D74,0x3595,0x4D54,0x0187,0x0926,
  0x08E5,0x10E4,0x08C4,0x10C3,0x10C4,0x10A4,0x10A4,0x10A5,0x10C4,0x10A5,0x10C4,0x10A4,
  0x10C4,0x10A5,0x10C4,0x10A5,0x10C4,0x08A4,0x10C5,0x10A4,0x10C4,0x10C5,0x10C4,0x10C4,
  0x10A5,0x10C4,0x10A5,0x10C4,0x10A5,0x10C4,0x10A5,0x10C4,0x08A4,0x10C4,0x10A5,0x10C4,
  0x10A5,0x10C4,0x10A4,0x10C5,0x10A4,0x08A4,0x10A4,0x10A4,0x10A4,0x10A4,0x10A4,0x10A5,
  0x10A4,0x08A4,0x10A4,0x08A4,0x10A4,0x08A4,0x10A4,0x10A4,0x10A4,0x10A4,0x10A4,0x10A4,
  0x08A4,0x10A4,0x10A4,0x10A4,0x10A4,0x10A5,0x10A4,0x10A4,0x08A4,0x10A4,0x08A4,0x10A4,
  0x10A4,0x0884,0x10A4,0x1084,0x08A4,0x1084,0x10A4,0x0884,0x10A4,0x1084,0x10A4,0x1084,
  0x08A4,0x1084,0x10A4,0x0884,0x10A4,0x1084,0x10A4,0x08A4,0x10A4,0x10A4,0x08A4,0x10A4,
  0x10A4,0x08A4,0x10A4,0x10A4,0x08A4,0x1084,0x10A4,0x0884,0x1083,0x0884,0x10A4,0x0883,
  0x10A4,0x0884,0x08A3,0x0884,0x10A4,0x0883,0x10A4,0x0883,0x08A4,0x1083,0x08A4,0x0883,
  0x1084,0x0883,0x1084,0x0883,0x1084,0x0883,0x1083,0x0884,0x1083,0x0883,0x1084,0x0883,
  0x1084,0x0883,0x1083,0x0884,0x0883,0x0884,0x0883,0x0884,0x1083,0x0884,0x1083,0x0884,
  0x0883,0x0884,0x0883,0x0883,0x0884,0x0883,0x1084,0x0883,0x1084,0x0883,0x1084,0x08A3,
  0x1084,0x08A3,0x0884,0x10A3,0x0884,0x1083,0x08A4,0x1083,0x0884,0x0883,0x10A4,0x0884,
  0x10A3,0x0884,0x10A3,0x0884,0x10A4,0x0884,0x10A4,0x0883,0x10A4,0x08A4,0x10A4,0x10A4,
  0x08A3,0x10A4,0x08A3,0x10A4,0x08A4,0x10A4,0x08A4,0x10A4,0x10A4,0x08A4,0x10A4,0x10A4,
  0x10A4,0x08A4,0x10A4,0x10A4,0x08A4,0x1084,0x10A4,0x0884,0x10A4,0x08A4,0x10A4,0x08A4,
  0x10A4,0x08A4,0x10A4,0x08A4,0x10A4,0x08A5,0x10A4,0x08A4,0x10A4,0x10A4,0x08A4,0x10A4,
  0x10A4,0x08A4,0x10A4,0x10C4,0x10A4,0x08A4,0x10A4,0x08A4,0x10C5,0x08A4,0x10C5,0x08A4,
  0x10C4,0x08A4,0x10C4,0x08A5,0x10C4,0x10C5,0x10C4,0x10C5,0x10C5,0x10C4,0x10C5,0x10C5,
  0x10C4,0x10A4,0x08C4,0x10A4,0x10C5,0x10C4,0x10C5,0x10C4,0x10C4,0x10C5,0x10C4,0x10C5,
  0x08C4,0x10A4,0x10C5,0x08C4,0x10C4,0x10A4,0x10C5,0x10A4,0x10C4,0x10A4,0x10C5,0x10C4,
  0x10C4,0x10C4,0x10C4,0x08C4,0x08E4,0x08C4,0x10A5,0x10C4,0x1167,0x0104,0x0208,0x34F2,
  0x1D32,0x1552,0x15D5,0x15D4,0x25D5,0x2D33,0x3D13,0x01C7,0x0104,0x0926,0x1105,0x10E4,
  0x08C4,0x00E4,0x00E4,0x00E4,0x08C4,0x10C4,0x18A5,0x18A4,0x18A5,0x18A5,0x10A5,0x10C4,
  0x10C5,0x10C4,0x10A4,0x10A4,0x1083,0x08C5,0x1947,0x0105,0x0145,0x0145,0x5554,0x3D53,
  0x0D12,0x1573,0x3616,0x1533,0x1D53,0x2D33,0x0269,0x0125,0x0905,0x10E5,0x08E4,0x08C4,
  0x10A4,0x10A4,0x10A4,0x10C5,0x10C4,0x10C4,0x10C5,0x10C4,0x08C5,0x10C4,0x10C5,0x10C4,
  0x10C5,0x10C4,0x10C4,0x10C5,0x10A4,0x10C4,0x08A5,0x10C4,0x10C5,0x10C4,0x10C5,0x10C4,
  0x10C4,0x10C5,0x08C4,0x10C4,0x10C5,0x10C4,0x10C4,0x10C5,0x10C4,0x08C4,0x10C5,0x10C4,
  0x10A4,0x10C5,0x10A4,0x10C5,0x08A4,0x10C5,0x10A4,0x10A4,0x08A4,0x10A4,0x10A5,0x10A4,
  0x10A4,0x10A4,0x10A4,0x08A5,0x10A4,0x08A4,0x10A4,0x10A5,0x10A4,0x08A4,0x10A5,0x08A4,
  0x10A4,0x08A4,0x10A4,0x10A4,0x10A4,0x10A4,0x10A4,0x10A4,0x08A4,0x10A4,0x08A4,0x10A4,
  0x10A4,0x08A4,0x10A4,0x10A4,0x08A4,0x10A4,0x08A4,0x10A4,0x10A4,0x08A4,0x10A4,0x10A4,
  0x08A4,0x10A4,0x0884,0x10A4,0x0884,0x10A4,0x1084,0x08A4,0x1084,0x10A4,0x0884,0x10A4,
  0x10A4,0x08A4,0x10A4,0x10A4,0x08A4,0x1083,0x08A4,0x1084,0x08A3,0x1084,0x0883,0x1084,
  0x0883,0x0884,0x0883,0x1084,0x0883,0x0884,0x1084,0x0883,0x0884,0x0883,0x0884,0x0883,
  0x0883,0x0884,0x0883,0x0884,0x0883,0x0884,0x0883,0x0884,0x0883,0x0884,0x0883,0x0883,
  0x0883,0x0884,0x1083,0x0884,0x0883,0x0884,0x0883,0x0883,0x1084,0x0883,0x1084,0x0883,
  0x1084,0x0883,0x0883,0x0884,0x08A3,0x1084,0x0883,0x0884,0x0883,0x1084,0x0884,0x1083,
  0x0884,0x0883,0x1084,0x08A3,0x1084,0x0884,0x10A3,0x0884,0x10A4,0x0884,0x10A4,0x0883,
  0x10A4,0x0883,0x10A4,0x0884,0x10A4,0x10A4,0x0883,0x10A4,0x0884,0x10A4,0x0884,0x10A4,
  0x1084,0x08A4,0x1084,0x08A4,0x1084,0x10A4,0x0884,0x10A4,0x0884,0x10A4,0x0884,0x10A4,
  0x10A4,0x08A4,0x10A4,0x10A4,0x10A4,0x10A4,0x10A4,0x10A4,0x10A4,0x10A5,0x10A4,0x10A4,
  0x10A4,0x10A4,0x10A4,0x10A4,0x08A4,0x10A4,0x10A4,0x10A4,0x08A4,0x10C4,0x08A4,0x10A4,
  0x08C4,0x10A4,0x08C5,0x10A4,0x10C4,0x10A4,0x10C4,0x10A5,0x10C4,0x10A5,0x10C4,0x10A4,
  0x10C5,0x10C4,0x10A5,0x10C4,0x10A4,0x10C5,0x08A4,0x10C4,0x10C5,0x10C4,0x10C5,0x10C4,
  0x10A5,0x10C4,0x08A4,0x10C5,0x10A4,0x10C5,0x08A4,0x10C4,0x10C5,0x10C4,0x10A4,0x10C5,
  0x10C5,0x10C4,0x10C5,0x10C4,0x10C5,0x10C5,0x10C4,0x10C5,0x18C4,0x10A5,0x10C4,0x08C4,
  0x08E4,0x08C4,0x18C5,0x10E5,0x0105,0x0228,0x34D2,0x2D74,0x3E16,0x25D5,0x0572,0x15B4,
  0x2532,0x3D74,0x0206,0x01C7,0x0106,0x1105,0x0884,0x10E4,0x08C4,0x08E4,0x08E4,0x0104,
  0x08E4,0x10C4,0x18A5,0x1885,0x18A5,0x18A5,0x10C5,0x10C4,0x10C5,0x08C4,0x10C4,0x10C4,
  0x18E5,0x0883,0x08C4,0x0905,0x0186,0x01A7,0x0165,0x4513,0x3E16,0x1573,0x1D74,0x25B5,
  0x1D94,0x2594,0x2CF3,0x01E7,0x0906,0x10E5,0x0904,0x08E4,0x10A4,0x18A4,0x10C4,0x10C4,
  0x10C5,0x10C5,0x10C4,0x10C5,0x10C4,0x10C5,0x10C4,0x10C5,0x10A4,0x10C5,0x08A4,0x10C5,
  0x10C4,0x10C5,0x10C4,0x10C4,0x10A5,0x08C4,0x10A4,0x10C5,0x08A4,0x10C4,0x10A5,0x10C4,
  0x10A5,0x10C4,0x08A5,0x10C4,0x10A4,0x10C5,0x10A4,0x10C4,0x08A5,0x10A4,0x10A4,0x10A4,
  0x10A4,0x10A4,0x10C5,0x10A4,0x10A4,0x10A4,0x08A4,0x10A4,0x08A4,0x10A5,0x10A4,0x10A4,
  0x10A4,0x10A4,0x08A4,0x10A4,0x10A4,0x10A4,0x10A4,0x10A4,0x10A4,0x10A4,0x08A4,0x10A5,
  0x08A4,0x10A4,0x08A5,0x10A4,0x10A4,0x0884,0x10A4,0x0884,0x10A4,0x1084,0x08A4,0x1084,
  0x08A4,0x1084,0x08A4,0x1084,0x08A4,0x1084,0x08A4,0x1084,0x08A4,0x10A4,0x10A4,0x08A4,
  0x10A4,0x08A4,0x10A4,0x10A4,0x08A4,0x10A4,0x10A4,0x0884,0x10A4,0x1084,0x08A4,0x1084,
  0x08A4,0x1084,0x08A3,0x1084,0x08A4,0x0883,0x10A4,0x0883,0x10A4,0x0883,0x10A4,0x0884,
  0x10A3,0x0884,0x10A3,0x0884,0x1083,0x0884,0x1083,0x0884,0x1083,0x0884,0x1083,0x0884,
  0x1083,0x0884,0x1083,0x0884,0x1083,0x0884,0x1083,0x0884,0x0883,0x0884,0x0883,0x0883,
  0x1084,0x0883,0x1084,0x0883,0x0884,0x0883,0x0883,0x0884,0x0883,0x0884,0x1083,0x0884,
  0x1083,0x08A4,0x0883,0x10A4,0x0884,0x10A3,0x0884,0x08A3,0x0884,0x0883,0x0884,0x1083,
  0x08A4,0x0883,0x10A4,0x0884,0x10A3,0x0884,0x10A3,0x0884,0x10A3,0x0884,0x10A3,0x0884,
  0x10A3,0x08A4,0x10A4,0x10A4,0x08A4,0x10A3,0x10A4,0x08A3,0x10A4,0x10A4,0x10A4,0x10A4,
  0x08A4,0x10A4,0x10A4,0x08A4,0x10A4,0x10A4,0x10A4,0x0884,0x10A4,0x1084,0x08A4,0x1084,
  0x08A4,0x10A4,0x08A5,0x10A4,0x08A4,0x10A4,0x08A4,0x10A4,0x08A5,0x10A4,0x08A4,0x10A5,
  0x10A4,0x10A4,0x08A5,0x10A4,0x10A5,0x10C4,0x10A5,0x10C4,0x10A5,0x10C4,0x10A4,0x10C4,
  0x08A5,0x10C4,0x08A4,0x10C4,0x08A4,0x10C4,0x08A4,0x10C4,0x10C4,0x10C5,0x10C4,0x10C4,
  0x08C5,0x10C4,0x10C4,0x10A5,0x10C4,0x08A5,0x10C4,0x10C5,0x10C4,0x10C4,0x10C5,0x10C4,
  0x10C4,0x10C4,0x10C5,0x10A4,0x10C5,0x10C4,0x10C5,0x10A4,0x10C4,0x10C5,0x10C4,0x10C5,
  0x10C4,0x10C5,0x10C4,0x10C4,0x10C5,0x10C4,0x08C4,0x08C4,0x08E4,0x08C5,0x10C5,0x10E5,
  0x0125,0x4D13,0x3594,0x2593,0x2594,0x1553,0x1E56,0x15B4,0x3D94,0x0227,0x01A6,0x0125,
  0x0904,0x1926,0x0883,0x10A4,0x10C4,0x08E4,0x08E4,0x08E4,0x10C5,0x10C4,0x10A5,0x18A5,
  0x18C5,0x18A5,0x18A5,0x10C5,0x10C4,0x10C4,0x10C4,0x10C4,0x10A4,0x18E5,0x08C4,0x1946,
  0x00E4,0x0104,0x09C8,0x01E7,0x24F2,0x3616,0x1512,0x1DB4,0x1DD5,0x1DB4,0x2594,0x4533,
  0x0146,0x10E5,0x08E4,0x08E4,0x10A3,0x10A4,0x10C4,0x08E4,0x10C5,0x10C4,0x10C5,0x10C4,
  0x10C5,0x10C4,0x10C5,0x10C4,0x10C4,0x10C4,0x10C5,0x10C4,0x10A4,0x08C4,0x10A5,0x10C4,
  0x10C4,0x10C5,0x10C4,0x10C4,0x10C5,0x10C4,0x10C5,0x10C4,0x08C4,0x10C5,0x10C4,0x10C4,
  0x10C5,0x10C4,0x08C4,0x10C5,0x10A4,0x10C4,0x10A5,0x10C4,0x10A5,0x08A4,0x10A4,0x10A5,
  0x08A4,0x10A5,0x10A4,0x10A5,0x10A4,0x10A4,0x10A4,0x08A4,0x10A5,0x10A4,0x10A4,0x08A4,
  0x10A4,0x08A4,0x10A4,0x08A5,0x10A4,0x10A4,0x10A4,0x10A4,0x10A4,0x10A4,0x10A4,0x10A4,
  0x08A4,0x10A4,0x10A4,0x10A4,0x08A4,0x10A4,0x10A4,0x08A4,0x10A4,0x10A4,0x08A4,0x10A4,
  0x10A4,0x08A4,0x10A4,0x10A4,0x1084,0x08A4,0x1084,0x10A4,0x1084,0x10A4,0x0884,0x10A4,
  0x1084,0x08A4,0x10A4,0x10A4,0x08A4,0x10A4,0x10A4,0x08A4,0x1083,0x08A4,0x1084,0x08A3,
  0x1084,0x0884,0x0883,0x0884,0x1084,0x0883,0x0884,0x1083,0x0884,0x0883,0x1084,0x0883,
  0x0884,0x0883,0x0883,0x0884,0x0883,0x0884,0x0883,0x0883,0x0884,0x0883,0x0883,0x0884,
  0x0883,0x0884,0x0883,0x0883,0x0883,0x1084,0x0883,0x0884,0x0883,0x0883,0x0884,0x0883,
  0x1083,0x0884,0x1083,0x0884,0x1083,0x0884,0x0883,0x0883,0x0884,0x1083,0x0884,0x1083,
  0x0884,0x0883,0x1084,0x0883,0x1084,0x0883,0x10A4,0x0883,0x0884,0x1084,0x08A3,0x1084,
  0x08A3,0x1084,0x08A4,0x1084,0x08A4,0x1084,0x08A4,0x1083,0x08A4,0x10A4,0x0884,0x10A3,
  0x1084,0x08A4,0x1084,0x10A4,0x0884,0x10A4,0x0884,0x10A4,0x0884,0x10A4,0x0884,0x10A4,
  0x1084,0x08A4,0x10A4,0x10A4,0x08A4,0x10A4,0x08A4,0x10A4,0x10A4,0x10A4,0x10A4,0x10A4,
  0x10A4,0x10A4,0x10A5,0x10A4,0x10A4,0x10A4,0x10A4,0x08A4,0x10A4,0x10A4,0x10A4,0x10A4,
  0x08A4,0x10C4,0x08A4,0x10C4,0x08A4,0x10C5,0x08A4,0x10C4,0x10A4,0x10C5,0x10A4,0x10C5,
  0x10A4,0x10C5,0x10A4,0x10C5,0x08A4,0x10C4,0x10A5,0x10C4,0x10A4,0x10C5,0x10C4,0x10C4,
  0x10C5,0x10C4,0x10A4,0x10C4,0x08A5,0x10C4,0x10A4,0x10C5,0x08A4,0x10C5,0x10C4,0x10C4,
  0x08A5,0x10C4,0x10C4,0x08C5,0x10C4,0x10C5,0x10C4,0x10C5,0x10C4,0x10C5,0x10C4,0x10C5,
  0x18C4,0x10C4,0x10C4,0x08C4,0x00E4,0x08E4,0x10C5,0x0906,0x01C7,0x3D13,0x25B4,0x1593,
  0x2594,0x1D94,0x1E15,0x1D53,0x3CD1,0x01C7,0x0145,0x0986,0x08E4,0x0883,0x18E5,0x18A4,
  0x10C4,0x10C4,0x10C4,0x08E4,0x10C5,0x10C4,0x10C5,0x10A4,0x18A5,0x10C5,0x10A5,0x10C5,
  0x10C4,0x10C5,0x10E4,0x10C4,0x0884,0x2146,0x0883,0x08A4,0x08E5,0x0925,0x0966,0x0186,
  0x3D34,0x2553,0x2DD5,0x1D94,0x15D4,0x0DB4,0x1DD4,0x2D53,0x0166,0x1105,0x08E5,0x10E4,
  0x10C4,0x10A4,0x08C4,0x10E4,0x10C5,0x10C4,0x10C5,0x10C4,0x10C5,0x10C4,0x10C5,0x10C4,
  0x10A5,0x08C4,0x10A4,0x10C5,0x10C4,0x10C5,0x10C4,0x10C5,0x10A4,0x10C5,0x10A4,0x10C5,
  0x10A4,0x10C4,0x08A4,0x10C5,0x10A4,0x10C4,0x10A5,0x10C4,0x08A4,0x10C5,0x10A4,0x10C4,
  0x10A4,0x10A4,0x08A4,0x10A4,0x10C4,0x10A4,0x10C4,0x10A4,0x10C4,0x10A4,0x10A4,0x10A4,
  0x10A4,0x08A5,0x10A4,0x10A4,0x10A4,0x08A4,0x10A4,0x10A5,0x10A4,0x10A4,0x10A4,0x10A4,
  0x08A4,0x10A4,0x08A5,0x10A4,0x08A4,0x10A4,0x08A4,0x10A4,0x1084,0x08A4,0x1084,0x08A4,
  0x1084,0x08A4,0x1084,0x10A4,0x0884,0x10A4,0x1084,0x08A4,0x1084,0x10A4,0x0884,0x10A4,
  0x08A4,0x10A4,0x08A4,0x10A4,0x08A4,0x10A4,0x08A4,0x10A4,0x08A4,0x1084,0x08A4,0x1084,
  0x10A4,0x0884,0x10A4,0x10A4,0x0884,0x10A3,0x0884,0x10A4,0x08A3,0x1084,0x08A3,0x1084,
  0x08A3,0x1084,0x08A3,0x0884,0x10A3,0x0884,0x08A4,0x1083,0x0884,0x1083,0x0884,0x1083,
  0x0884,0x1083,0x0884,0x1083,0x0884,0x1083,0x0884,0x1083,0x0884,0x1083,0x0884,0x0883,
  0x0883,0x0884,0x0883,0x1084,0x0883,0x1084,0x0883,0x0884,0x0883,0x0884,0x0883,0x0884,
  0x0883,0x1084,0x0883,0x10A4,0x0884,0x10A3,0x0884,0x08A3,0x1084,0x08A3,0x1084,0x08A3,
  0x1084,0x08A4,0x1083,0x08A4,0x1083,0x08A4,0x1084,0x08A3,0x1084,0x08A3,0x1084,0x08A3,
  0x10A4,0x08A3,0x10A4,0x10A4,0x10A4,0x10A4,0x10A3,0x08A4,0x10A4,0x10A4,0x08A3,0x10A4,
  0x08A4,0x10A4,0x08A4,0x10A4,0x10A4,0x08A4,0x10A4,0x10A4,0x08A4,0x10A4,0x10A4,0x08A4,
  0x10A4,0x10A4,0x10A4,0x10A4,0x08A4,0x10A4,0x08A4,0x10A5,0x08A4,0x10A4,0x08A4,0x10A4,
  0x0884,0x08A4,0x1084,0x10A4,0x0884,0x10A4,0x08A4,0x10A4,0x10A5,0x10C4,0x10A5,0x10C4,
  0x10A4,0x10C4,0x10A5,0x10C4,0x08C5,0x10C4,0x10C4,0x08C5,0x10C4,0x10C4,0x10C5,0x10C4,
  0x10C5,0x10C4,0x10C5,0x08C4,0x10C5,0x10A4,0x10C5,0x08A4,0x10C4,0x10C5,0x10C4,0x10C5,
  0x10C4,0x10C5,0x10C4,0x10C5,0x10C4,0x10C5,0x10C4,0x10C5,0x10C4,0x10C5,0x10C4,0x10C5,
  0x10C4,0x10C5,0x10C4,0x10C5,0x10C4,0x10C5,0x10C4,0x10C4,0x10C4,0x10A3,0x08C4,0x08E4,
  0x08E4,0x00C5,0x1126,0x0126,0x01E7,0x3553,0x1593,0x1E15,0x1D73,0x1D74,0x1DD4,0x2DB4,
  0x01E7,0x0965,0x0125,0x0905,0x00E4,0x10E4,0x10C4,0x10C4,0x18A4,0x10A4,0x18C5,0x10C4,
  0x10C5,0x10C4,0x08E5,0x10C5,0x10C5,0x10A5,0x10C5,0x10C4,0x10C5,0x08E4,0x10C4,0x10E5,
  0x10C4,0x10E4,0x10C4,0x10C4,0x08E4,0x10E5,0x1125,0x0166,0x01E6,0x3DB5,0x1D32,0x1DB5,
  0x1594,0x15D4,0x05D3,0x2DD5,0x01C7,0x0967,0x1105,0x08E4,0x08A4,0x1105,0x08C4,0x10C4,
  0x10C4,0x10C5,0x10C4,0x10C5,0x10C4,0x10C5,0x10C4,0x10C5,0x10C5,0x10C4,0x10C5,0x10C4,
  0x10C5,0x10C4,0x10C5,0x10C4,0x08C5,0x10C4,0x10C4,0x08C4,0x10C5,0x10C4,0x10C5,0x10C4,
  0x10C5,0x10C4,0x08C5,0x10C4,0x10C5,0x10C4,0x10C5,0x10C4,0x10A5,0x10C5,0x10C4,0x10A5,
  0x10C5,0x10A4,0x10C5,0x10A5,0x10A4,0x10C5,0x10A4,0x08C5,0x10A4,0x10C4,0x10A5,0x10C4,
  0x10A5,0x10A4,0x10A4,0x08A4,0x10A4,0x08A4,0x1084,0x08A4,0x10A4,0x10A4,0x10A4,0x10A4,
  0x10A4,0x10A5,0x10A4,0x10A4,0x08A4,0x10A4,0x10A4,0x10A4,0x10A4,0x10A4,0x08A4,0x10A4,
  0x10A4,0x08A4,0x10A4,0x10A4,0x08A4,0x10A4,0x08A4,0x10A4,0x1084,0x08A4,0x1084,0x08A4,
  0x1084,0x10A4,0x0884,0x10A4,0x10A4,0x08A4,0x10A4,0x08A4,0x1084,0x08A4,0x0884,0x1084,
  0x08A4,0x1084,0x08A3,0x1084,0x0884,0x10A3,0x0884,0x10A4,0x0883,0x0884,0x1084,0x0883,
  0x1084,0x0883,0x1084,0x0883,0x0884,0x0883,0x1084,0x0883,0x0884,0x0883,0x0884,0x0883,
  0x0883,0x0884,0x0883,0x0884,0x0883,0x0883,0x0884,0x0883,0x0883,0x0884,0x1083,0x0883,
  0x0884,0x0883,0x1084,0x0883,0x1084,0x0883,0x1084,0x0883,0x0884,0x0883,0x1084,0x0883,
  0x0884,0x0883,0x1084,0x0884,0x0883,0x1084,0x0884,0x0883,0x10A4,0x0884,0x10A4,0x0884,
  0x10A4,0x0883,0x10A4,0x0884,0x10A4,0x0884,0x10A3,0x0884,0x10A4,0x1084,0x08A4,0x1084,
  0x08A3,0x0884,0x10A4,0x1084,0x08A3,0x1084,0x10A4,0x0884,0x10A4,0x1084,0x10A4,0x0884,
  0x10A4,0x1084,0x08A4,0x1084,0x10A4,0x10A4,0x10A4,0x10A4,0x10A4,0x08A4,0x10A4,0x10A5,
  0x10A4,0x10A4,0x10A4,0x10A4,0x10A4,0x10A4,0x10A4,0x10A4,0x10A4,0x10A4,0x08A4,0x10A4,
  0x10A4,0x10A4,0x10A5,0x10A4,0x08A4,0x10C4,0x08A4,0x10C5,0x08A4,0x10C4,0x08A4,0x10C4,
  0x10A4,0x10C5,0x10A4,0x10C4,0x10A5,0x10C4,0x08A4,0x10C5,0x10A4,0x10C4,0x10A5,0x10C4,
  0x10C4,0x10C4,0x10C5,0x10C4,0x10A5,0x10C4,0x08A4,0x10C4,0x10A5,0x10C4,0x08A4,0x10C5,
  0x10C4,0x10C5,0x10C4,0x10C5,0x10C4,0x10C5,0x10C4,0x10C5,0x10C4,0x10C5,0x10C4,0x10C5,
  0x10C4,0x10C5,0x10C4,0x10C5,0x10A3,0x10E5,0x10C4,0x08C4,0x00A4,0x00E4,0x1147,0x09A7,
  0x44F3,0x2D94,0x15F4,0x05B3,0x1573,0x2DB4,0x25B5,0x2CF2,0x0186,0x1146,0x0905,0x0904,
  0x08E4,0x08E4,0x08C4,0x10A4,0x18C4,0x18A4,0x1884,0x18A4,0x10C5,0x10C4,0x08E5,0x08E5,
  0x10C5,0x10C5,0x10C5,0x10C5,0x08C4,0x10E5,0x08C4,0x10E4,0x10C4,0x10C4,0x10C4,0x10C4,
  0x10C4,0x08E4,0x1105,0x0946,0x0228,0x2CB2,0x35B5,0x1D94,0x1DD4,0x1E15,0x0593,0x15B3,
  0x3CB2,0x09A7,0x0905,0x18E5,0x08C4,0x08C4,0x08A3,0x1105,0x08C4,0x10C5,0x10C4,0x10C5,
  0x10C4,0x10C5,0x10C5,0x10C4,0x10C5,0x10C4,0x10C5,0x10C4,0x10C5,0x10C4,0x10C5,0x10C4,
  0x10A4,0x10C5,0x10A4,0x10C5,0x10A4,0x10C5,0x10A4,0x10C4,0x08A5,0x10C4,0x10A4,0x10C5,
  0x10A4,0x10C4,0x08A4,0x10C5,0x10C4,0x10A4,0x10C5,0x10A4,0x10C4,0x10A5,0x10C4,0x10C4,
  0x10A4,0x08A4,0x10A4,0x10A4,0x10A4,0x10A4,0x10A4,0x10A4,0x10A4,0x10A5,0x10A4,0x10A4,
  0x10A4,0x10A5,0x10A4,0x08A4,0x10A5,0x10A4,0x08A4,0x10A4,0x08A4,0x10A4,0x08A4,0x10A4,
  0x10A5,0x10A4,0x08A4,0x10A4,0x08A4,0x10A4,0x10A4,0x10A4,0x08A4,0x1084,0x08A4,0x1084,
  0x10A4,0x0884,0x10A4,0x08A4,0x10A4,0x10A4,0x08A4,0x10A4,0x08A4,0x10A4,0x10A4,0x0884,
  0x10A4,0x1084,0x10A4,0x08A4,0x1084,0x10A4,0x0884,0x10A4,0x0883,0x10A4,0x0884,0x10A3,
  0x0884,0x10A4,0x0883,0x10A4,0x0884,0x10A3,0x0884,0x08A3,0x1084,0x08A3,0x0884,0x10A4,
  0x0883,0x10A4,0x0883,0x0884,0x0883,0x1084,0x0883,0x1084,0x0883,0x1084,0x0883,0x1083,
  0x0884,0x1083,0x0884,0x0883,0x0883,0x0884,0x0883,0x0884,0x1083,0x0884,0x0883,0x0883,
  0x0884,0x0883,0x0883,0x0884,0x1083,0x0884,0x08A3,0x1084,0x08A3,0x1084,0x08A3,0x1084,
  0x08A3,0x0884,0x10A3,0x0884,0x10A3,0x0884,0x10A3,0x0884,0x10A3,0x0884,0x10A4,0x0883,
  0x10A4,0x0883,0x10A4,0x0884,0x10A3,0x08A4,0x10A3,0x08A4,0x10A4,0x10A4,0x08A4,0x10A4,
  0x10A4,0x08A4,0x10A3,0x10A4,0x08A4,0x10A4,0x08A4,0x10A4,0x08A4,0x10A4,0x10A4,0x08A4,
  0x10A4,0x08A4,0x10A4,0x08A4,0x10A4,0x10A5,0x08A4,0x10A4,0x08A4,0x10A4,0x08A5,0x10A4,
  0x08A4,0x10A5,0x08A4,0x10A4,0x0884,0x10A4,0x0884,0x10A4,0x08A4,0x10A4,0x08A4,0x10A4,
  0x10A5,0x10C4,0x10A4,0x10C4,0x10A5,0x10C4,0x10A5,0x10C4,0x10C5,0x10C4,0x10C5,0x10C4,
  0x08C5,0x10C4,0x10C5,0x10C4,0x10C4,0x08C5,0x10C4,0x10A4,0x10C5,0x08A4,0x10C4,0x10C5,
  0x10C4,0x10C5,0x10C4,0x10C5,0x10C4,0x10C5,0x10C4,0x10A4,0x10C5,0x10C4,0x10C5,0x10C4,
  0x10C5,0x10C4,0x10C5,0x10C4,0x10C5,0x10C4,0x10C5,0x10C4,0x10C5,0x10C4,0x10C5,0x10C4,
  0x10A4,0x10E4,0x10A4,0x08A3,0x08E5,0x0926,0x0126,0x0146,0x4575,0x1552,0x1614,0x0DF4,
  0x1DB3,0x2574,0x2D33,0x0248,0x0967,0x1105,0x1105,0x08E4,0x00E4,0x08E4,0x08E4,0x10C5,
  0x18A4,0x2085,0x20A5,0x18A4,0x18A5,0x08C5,0x08E4,0x08E5,0x08C5,0x10C4,0x10C5,0x08E5,
  0x10C4,0x10C5,0x10C4,0x08E5,0x10C4,0x08E4,0x10C5,0x10C4,0x10C4,0x10C5,0x10E5,0x0925,
  0x0145,0x0269,0x3594,0x1512,0x1D94,0x1DF6,0x05D4,0x15D4,0x4595,0x0165,0x00E5,0x1905,
  0x1105,0x08C4,0x08C4,0x10E4,0x10C5,0x10C4,0x10C5,0x10C4,0x10C5,0x10C4,0x10C5,0x10C4,
  0x10C5,0x10C4,0x10C5,0x10C4,0x10C5,0x10C4,0x10C5,0x10C5,0x10C4,0x10C5,0x10C4,0x10C4,
  0x08C5,0x10C4,0x10C5,0x10C4,0x10C4,0x10C5,0x10C4,0x10C4,0x08C5,0x10C4,0x10C5,0x10C4,
  0x10A4,0x10C5,0x10A4,0x10C4,0x10A5,0x10C4,0x10A4,0x10A5,0x10C4,0x10A5,0x10C4,0x10A5,
  0x10C4,0x08A5,0x10C4,0x10A5,0x08C4,0x10A4,0x10C4,0x08A5,0x10A4,0x08A4,0x10A4,0x10A4,
  0x10A4,0x08A4,0x10A4,0x10A5,0x10A4,0x10A4,0x10A4,0x10A4,0x08A4,0x10A4,0x10A4,0x10A5,
  0x10A4,0x10A4,0x08A5,0x10A4,0x10A4,0x08A4,0x10A4,0x08A4,0x10A4,0x10A4,0x1084,0x10A4,
  0x0884,0x10A4,0x1084,0x10A4,0x1084,0x08A4,0x10A4,0x10A4,0x08A4,0x10A4,0x0884,0x10A4,
  0x0884,0x10A4,0x0883,0x10A4,0x0884,0x10A3,0x0884,0x10A4,0x0883,0x10A4,0x0884,0x10A3,
  0x0884,0x0883,0x1084,0x0883,0x0884,0x1084,0x0883,0x0884,0x1083,0x0884,0x0884,0x1083,
  0x0884,0x0883,0x0883,0x0884,0x0883,0x0883,0x0884,0x0883,0x0884,0x0883,0x1084,0x0883,
  0x0883,0x1084,0x0883,0x0884,0x0883,0x0883,0x1084,0x0883,0x1084,0x0883,0x1084,0x0883,
  0x0884,0x1083,0x0884,0x1084,0x0883,0x0884,0x1083,0x0884,0x1083,0x0884,0x0884,0x1083,
  0x08A4,0x1084,0x08A3,0x1084,0x08A4,0x1083,0x08A4,0x1084,0x08A3,0x1084,0x08A4,0x1083,
  0x08A4,0x10A4,0x1084,0x10A4,0x0883,0x10A4,0x1083,0x08A4,0x1083,0x10A4,0x0884,0x10A4,
  0x0884,0x10A4,0x1084,0x08A4,0x1084,0x08A4,0x1084,0x10A4,0x10A4,0x10A4,0x10A4,0x10A5,
  0x10A4,0x10A4,0x10A4,0x10A4,0x10A4,0x10A4,0x10A4,0x10A4,0x10A4,0x10A4,0x10A4,0x10A4,
  0x08A4,0x10A4,0x10A4,0x10A4,0x10A5,0x10A4,0x10A4,0x10A4,0x08C4,0x10A5,0x08C4,0x10A4,
  0x08C4,0x10A4,0x08C4,0x10A4,0x08C4,0x10A5,0x10C4,0x10A4,0x10C5,0x10A4,0x10C4,0x10A5,
  0x10C4,0x10A4,0x10C5,0x10C4,0x10C5,0x10C4,0x10A5,0x10C4,0x08A4,0x10C4,0x10A5,0x10C4,
  0x08A4,0x10C4,0x10C5,0x10C4,0x10C5,0x10C4,0x10C5,0x10C4,0x10C5,0x10C4,0x10C5,0x10C4,
  0x10C5,0x10C4,0x10C5,0x10C4,0x10C5,0x10C4,0x10C5,0x10C4,0x10C3,0x10C4,0x0883,0x08C4,
  0x1106,0x0946,0x0126,0x0249,0x3513,0x25D4,0x0DD4,0x0DF4,0x1DB3,0x2D53,0x4575,0x0186,
  0x0946,0x18E5,0x10E4,0x08E4,0x08E4,0x00E5,0x08C4,0x10C4,0x18A5,0x18A4,0x18A5,0x18A5,
  0x18A5,0x10E5,0x08E5,0x08E5,0x08E5,0x10E5,0x10C5,0x10C5,0x10E4,0x10E5,0x10C5,0x10E4,
  0x10C5,0x10C4,0x10C4,0x08C4,0x10C5,0x10C4,0x10E4,0x0905,0x0165,0x01C7,0x4595,0x2D74,
  0x1D94,0x15B4,0x05D4,0x1DF5,0x2532,0x0269,0x0126,0x1905,0x08A4,0x10E4,0x08E5,0x08C4,
  0x10C4,0x10C4,0x10C5,0x10C4,0x10C5,0x10C4,0x10C5,0x10C5,0x10C4,0x10C5,0x10C4,0x10C5,
  0x10C4,0x10C5,0x10C4,0x10C4,0x10A5,0x08C4,0x10A5,0x10C4,0x10A4,0x10C4,0x10A4,0x08C5,
  0x10A4,0x10C5,0x10A4,0x10C5,0x10A4,0x10C4,0x10A4,0x10C5,0x10A4,0x10C4,0x10A5,0x10C4,
  0x10A4,0x10C5,0x10A4,0x10C5,0x10A4,0x10A4,0x10A4,0x08A4,0x10A4,0x10A4,0x10A4,0x10A4,
  0x10A5,0x10A4,0x10A4,0x10A4,0x10A4,0x10A4,0x10A4,0x08A4,0x10A4,0x10A4,0x10A4,0x08A4,
  0x10A4,0x08A4,0x10A5,0x10A4,0x10A4,0x10A4,0x08A4,0x10A4,0x08A4,0x10A4,0x10A4,0x10A4,
  0x08A4,0x1084,0x10A4,0x1084,0x08A4,0x10A4,0x08A4,0x10A4,0x08A4,0x10A4,0x08A4,0x10A4,
  0x08A4,0x1084,0x08A4,0x1084,0x08A4,0x10A4,0x10A4,0x08A4,0x1084,0x08A4,0x1084,0x08A4,
  0x1084,0x08A3,0x1084,0x08A3,0x1084,0x08A4,0x1083,0x08A4,0x1083,0x08A4,0x0883,0x10A4,
  0x0883,0x10A4,0x0883,0x10A4,0x0883,0x08A4,0x1083,0x0884,0x0883,0x1084,0x0883,0x1084,
  0x0883,0x1084,0x0883,0x1084,0x0883,0x0884,0x0883,0x0884,0x0883,0x0884,0x0883,0x1083,
  0x0884,0x0883,0x0884,0x0883,0x0884,0x0883,0x0884,0x0883,0x0883,0x1084,0x08A3,0x0884,
  0x10A3,0x0884,0x08A4,0x0883,0x08A4,0x1083,0x08A4,0x0884,0x10A3,0x0884,0x10A4,0x0883,
  0x10A4,0x0884,0x10A3,0x0884,0x10A4,0x0883,0x10A4,0x0884,0x10A4,0x08A4,0x10A3,0x08A4,
  0x10A4,0x08A4,0x10A4,0x10A4,0x08A4,0x10A4,0x10A3,0x08A4,0x10A4,0x08A4,0x10A4,0x10A4,
  0x10A4,0x10A4,0x08A4,0x1084,0x08A4,0x10A4,0x08A4,0x10A4,0x08A4,0x10A4,0x08A4,0x10A5,
  0x08A4,0x10A4,0x08A4,0x10A4,0x08A4,0x10A4,0x08A5,0x10A4,0x1084,0x08A4,0x10A5,0x08A4,
  0x10A4,0x10A4,0x10A5,0x10A4,0x10C4,0x10A4,0x10C5,0x10A4,0x10C5,0x10A4,0x10C5,0x10A4,
  0x10C5,0x10C4,0x10C4,0x08C5,0x10C4,0x10C4,0x10C5,0x08C4,0x10C4,0x10C5,0x10C4,0x08A4,
  0x10C5,0x10C4,0x10C4,0x10C5,0x10C4,0x10C5,0x10C4,0x10C5,0x10C4,0x10A5,0x10C4,0x10A4,
  0x10C5,0x10C4,0x10C5,0x10C4,0x10C5,0x10C4,0x10C5,0x10C4,0x10C5,0x10C4,0x10C5,0x10C4,
  0x10C5,0x10C4,0x10C5,0x10C4,0x08A4,0x10E4,0x10C4,0x10C5,0x08A5,0x00E5,0x01C8,0x3C92,
  0x2512,0x2E36,0x0DD3,0x15F4,0x1593,0x2D74,0x3C71,0x09A8,0x1125,0x10C5,0x10C4,0x08C5,
  0x08C4,0x08E4,0x10C5,0x08C5,0x18C5,0x18A5,0x18A5,0x18A5,0x10C4,0x10C5,0x10E5,0x08E5,
  0x10E4,0x10C5,0x10E4,0x10C5,0x10C5,0x10C5,0x10C5,0x10C5,0x10A4,0x10C5,0x10C5,0x10C4,
  0x08A4,0x10C5,0x10C5,0x10E5,0x0987,0x01C6,0x3471,0x3DB5,0x1D74,0x15B4,0x15F5,0x15B4,
  0x2D94,0x34B2,0x0187,0x1126,0x0063,0x10C4,0x1105,0x08C4,0x10C5,0x10C4,0x10C5,0x10C4,
  0x10C5,0x10C4,0x10C5,0x10C4,0x10C5,0x10C4,0x10C5,0x10C4,0x10C5,0x10C4,0x10C5,0x10C4,
  0x10C4,0x10C4,0x10C4,0x10C5,0x10C4,0x08C5,0x10C4,0x10C5,0x10C4,0x10C4,0x08C5,0x10C4,
  0x10C5,0x10C4,0x10C5,0x10C4,0x10A5,0x10C4,0x10A5,0x10C4,0x10A5,0x10C4,0x10A4,0x10C4,
  0x10A4,0x08C5,0x10A4,0x10C5,0x10A4,0x10C5,0x10A4,0x10C4,0x10C5,0x10A4,0x10A5,0x10A4,
  0x10A5,0x08A4,0x10A4,0x10A4,0x10A5,0x08A4,0x10A4,0x10A4,0x10A5,0x10A4,0x08A4,0x10A4,
  0x08A4,0x10A5,0x10A4,0x10A4,0x10A4,0x10A4,0x08A4,0x10A4,0x10A4,0x08A4,0x10A4,0x08A4,
  0x1084,0x08A4,0x1084,0x10A4,0x0884,0x10A4,0x1084,0x08A4,0x10A4,0x10A4,0x10A4,0x08A4,
  0x1084,0x08A4,0x1084,0x10A4,0x0884,0x10A3,0x0884,0x10A4,0x0884,0x10A4,0x0883,0x10A4,
  0x0884,0x10A3,0x0884,0x10A4,0x0884,0x1083,0x0884,0x1083,0x0884,0x0883,0x1084,0x0883,
  0x0884,0x1083,0x0884,0x0883,0x0883,0x0884,0x0883,0x0883,0x0884,0x0883,0x0884,0x0883,
  0x0884,0x1083,0x0884,0x0883,0x0883,0x0884,0x1083,0x0884,0x0883,0x1084,0x0883,0x1084,
  0x0883,0x1084,0x0883,0x1084,0x0883,0x0884,0x1083,0x0884,0x0884,0x1083,0x0884,0x1083,
  0x0884,0x1083,0x0884,0x1083,0x08A4,0x1083,0x08A4,0x1084,0x08A3,0x1084,0x08A4,0x1083,
  0x08A4,0x1084,0x08A3,0x1084,0x10A3,0x10A4,0x0884,0x10A4,0x1084,0x10A3,0x0884,0x10A4,
  0x1083,0x08A4,0x1084,0x10A4,0x1084,0x10A4,0x0884,0x10A4,0x0884,0x10A4,0x08A4,0x10A4,
  0x10A4,0x10A4,0x10A4,0x10A4,0x10A4,0x10A5,0x10A4,0x10A4,0x10A4,0x10A4,0x10A5,0x10A4,
  0x10A4,0x10A4,0x10A4,0x08A4,0x10A4,0x10A4,0x10A4,0x10A4,0x10A4,0x08A4,0x10A4,0x10A5,
  0x08C4,0x10A4,0x08C4,0x10A4,0x08C4,0x10A4,0x08C4,0x10A4,0x10C4,0x10C5,0x10A4,0x10C4,
  0x10A5,0x10C4,0x10A4,0x10C5,0x10A4,0x10C4,0x10C5,0x10C4,0x10A4,0x10C5,0x08A4,0x10C4,
  0x10C5,0x10C4,0x10C5,0x10C4,0x10C5,0x10C4,0x10C5,0x10C5,0x10C4,0x10C5,0x10C4,0x10C5,
  0x10C4,0x10C5,0x10C4,0x10C5,0x10C4,0x10C5,0x10C4,0x10C5,0x10C4,0x10C5,0x10C4,0x10C4,
  0x10C4,0x10E5,0x10A4,0x10E5,0x10E5,0x0106,0x01C7,0x4D55,0x2533,0x1D93,0x0DB3,0x1614,
  0x15B3,0x3D94,0x0208,0x0126,0x10E6,0x10E5,0x10C4,0x08C5,0x10C5,0x08C5,0x10C5,0x10C4,
  0x10C5,0x10C5,0x10C5,0x10C5,0x18C5,0x10C5,0x10C5,0x10C5,0x10E4,0x10C5,0x10C5,0x10C4,
  0x18C5,0x18A5,0x18C5,0x10C5,0x10C5,0x10C4,0x10C5,0x10C5,0x10C5,0x10A4,0x10C5,0x10E5,
  0x0105,0x0125,0x0248,0x3D33,0x1D53,0x1DF5,0x1E15,0x1594,0x25D4,0x45B5,0x0166,0x1126,
  0x10A5,0x10A5,0x08C5,0x08C4,0x08C4,0x10C5,0x10C4,0x10C5,0x10C4,0x10C5,0x10C4,0x10C5,
  0x10C4,0x10C5,0x10C4,0x10C5,0x10C4,0x10C5,0x10C4,0x10C5,0x10C5,0x10C5,0x10C4,0x10C5,
  0x10C4,0x10C5,0x10C4,0x10C5,0x10A4,0x10C5,0x10A4,0x10C4,0x10A4,0x08C5,0x10A4,0x10C4,
  0x10A5,0x10C4,0x10A4,0x10C5,0x10A4,0x10C5,0x10A4,0x10C5,0x10A4,0x10A4,0x10A4,0x10A4,
  0x10A4,0x08A4,0x10A5,0x10A4,0x10A4,0x10C5,0x10C4,0x08A4,0x10C4,0x10A4,0x10A5,0x08A4,
  0x10A4,0x10A4,0x10A4,0x08A4,0x10A4,0x10A4,0x10A4,0x10A4,0x10A4,0x10A4,0x08A4,0x10A4,
  0x08A5,0x10A4,0x10A4,0x08A5,0x10A4,0x0884,0x10A4,0x10A4,0x08A4,0x10A4,0x08A4,0x10A4,
  0x10A4,0x08A4,0x10A4,0x1084,0x08A4,0x1084,0x08A4,0x10A4,0x10A4,0x10A4,0x08A4,0x10A4,
  0x0884,0x10A4,0x0884,0x10A4,0x0883,0x10A4,0x0884,0x10A3,0x0884,0x10A4,0x0884,0x10A3,
  0x0884,0x08A3,0x1084,0x08A4,0x1083,0x08A4,0x0884,0x10A3,0x0884,0x08A4,0x1083,0x0884,
  0x1083,0x0884,0x1083,0x0884,0x1083,0x0884,0x1083,0x0884,0x0883,0x0883,0x0884,0x0883,
  0x0883,0x0884,0x0883,0x0884,0x1083,0x0884,0x0883,0x0883,0x0884,0x0883,0x0883,0x0884,
  0x1083,0x0884,0x10A4,0x0883,0x10A4,0x0883,0x10A4,0x0883,0x10A4,0x0884,0x08A3,0x1084,
  0x08A4,0x1084,0x08A3,0x1084,0x08A4,0x1083,0x08A4,0x1084,0x08A3,0x1084,0x08A4,0x0884,
  0x10A4,0x08A4,0x10A3,0x08A4,0x10A4,0x08A4,0x10A4,0x08A4,0x10A4,0x10A4,0x08A3,0x10A4,
  0x08A4,0x10A4,0x08A4,0x10A4,0x08A4,0x1084,0x10A4,0x0884,0x10A4,0x08A4,0x10A5,0x08A4,
  0x10A4,0x08A4,0x10A4,0x08A4,0x10A4,0x08A4,0x10A4,0x08A4,0x10A4,0x08A5,0x10A4,0x10A4,
  0x10A5,0x08A4,0x10A4,0x08A4,0x10A5,0x10A4,0x10C4,0x10A4,0x10C5,0x10A4,0x10C5,0x10A4,
  0x10C5,0x10A4,0x10C5,0x10A4,0x08C5,0x10C4,0x10C5,0x10C4,0x08C5,0x10C4,0x10C5,0x10C4,
  0x08C5,0x10A4,0x10C5,0x10C4,0x08C5,0x10C4,0x10C5,0x10A4,0x10C5,0x10C4,0x10C5,0x10C4,
  0x10C5,0x10C4,0x10C5,0x10C4,0x10C5,0x10C4,0x10C5,0x10C4,0x10C5,0x10C4,0x10C5,0x10C4,
  0x10C5,0x10C4,0x10C5,0x10C4,0x10C5,0x10C4,0x10C5,0x10C4,0x08A4,0x10E4,0x0863,0x10E6,
  0x1106,0x0947,0x0187,0x34F3,0x35D5,0x15B4,0x15B3,0x0DD4,0x1593,0x3573,0x0146,0x1927,
  0x0905,0x10E5,0x08E5,0x10C4,0x10C5,0x10C5,0x10C5,0x10C5,0x10C5,0x10E5,0x10C5,0x10E5,
  0x10C5,0x10C5,0x18C4,0x10C5,0x10C5,0x10C4,0x10C5,0x18C5,0x18A5,0x18A4,0x18A5,0x18A5,
  0x10A5,0x10C5,0x10C5,0x10C5,0x10C5,0x10C5,0x10A5,0x10E5,0x1146,0x0166,0x0186,0x4534,
  0x2594,0x15D4,0x1DB5,0x1574,0x1593,0x2D53,0x0186,0x0926,0x20E6,0x18C5,0x08C4,0x00C5,
  0x10C4,0x10C4,0x10C5,0x10C4,0x10C5,0x10C4,0x10C5,0x10C5,0x10C4,0x10C5,0x10C4,0x10C5,
  0x10C4,0x10C5,0x10C4,0x10C5,0x10C4,0x10C5,0x10C4,0x10C5,0x10C4,0x10C5,0x10C4,0x10C5,
  0x10C4,0x10C4,0x10C5,0x08C4,0x10C5,0x10C4,0x10C5,0x10C4,0x10A4,0x10C5,0x10A4,0x10C4,
  0x10A4,0x10C5,0x10A4,0x10C5,0x10A4,0x10C5,0x10A4,0x08C5,0x10A4,0x10C4,0x10A4,0x10A5,
  0x10C4,0x10A4,0x10A5,0x10A4,0x10A4,0x10A5,0x10A4,0x10A4,0x10A4,0x08A4,0x10A5,0x10A4,
  0x08A4,0x10A4,0x08A5,0x10A4,0x08A4,0x10A4,0x10A5,0x10A4,0x10A4,0x10A4,0x10A4,0x10A4,
  0x08A4,0x10A4,0x0884,0x10A4,0x1084,0x10A4,0x1084,0x08A4,0x1084,0x10A4,0x08A4,0x10A4,
  0x08A4,0x10A4,0x1084,0x08A4,0x1084,0x08A4,0x1084,0x10A4,0x0884,0x10A4,0x0884,0x10A4,
  0x0884,0x10A3,0x0884,0x10A4,0x0883,0x10A4,0x0883,0x10A4,0x0884,0x1083,0x0884,0x0883,
  0x0884,0x1083,0x0884,0x1083,0x0884,0x1083,0x0884,0x0883,0x0884,0x0883,0x0884,0x0883,
  0x0884,0x0883,0x0884,0x1083,0x0884,0x1083,0x0884,0x0883,0x0883,0x1084,0x0883,0x0883,
  0x0884,0x0883,0x1084,0x0883,0x1084,0x0883,0x1084,0x0883,0x0884,0x0883,0x1084,0x0883,
  0x0884,0x0883,0x0884,0x1084,0x0883,0x1084,0x0883,0x0884,0x10A3,0x0884,0x10A4,0x0883,
  0x10A4,0x0884,0x10A3,0x0884,0x10A4,0x0883,0x10A4,0x0883,0x10A4,0x10A4,0x0884,0x10A4,
  0x1083,0x10A4,0x0883,0x10A4,0x0883,0x10A4,0x0884,0x10A4,0x0884,0x10A4,0x1084,0x08A4,
  0x10A4,0x08A4,0x10A4,0x10A4,0x10A4,0x10A4,0x10A4,0x10A4,0x10A4,0x10A4,0x10A4,0x10A5,
  0x10A4,0x10A4,0x10A4,0x10A5,0x10A4,0x10A4,0x08A4,0x10A4,0x10A4,0x10A4,0x10A4,0x10A5,
  0x10A4,0x10A4,0x10A5,0x10A4,0x08C4,0x10A4,0x08C4,0x10A4,0x08C4,0x10A4,0x08C4,0x10A4,
  0x10C4,0x10C5,0x10A4,0x10C4,0x10A5,0x10C4,0x10A4,0x10C4,0x10C5,0x10C4,0x10A4,0x10C5,
  0x10A4,0x10C4,0x10C4,0x10C5,0x10C4,0x10C5,0x10C4,0x10C5,0x10C4,0x10C5,0x10C4,0x10C5,
  0x10C4,0x10C5,0x10C4,0x10C5,0x10C4,0x10C5,0x10C4,0x10C5,0x10C4,0x10C5,0x10C4,0x10C5,
  0x10C4,0x10C5,0x10C4,0x10C5,0x08A3,0x1905,0x08A4,0x10A5,0x10C5,0x0947,0x01E7,0x3595,
  0x2553,0x1DB4,0x0DD4,0x15F4,0x25B3,0x3D33,0x01A7,0x1106,0x10E5,0x08E5,0x10C5,0x10C5,
  0x10C5,0x10C5,0x10C5,0x10C5,0x08C5,0x10E5,0x08E5,0x08E5,0x10C5,0x10C5,0x18A5,0x18C5,
  0x10C4,0x10E5,0x18C4,0x10C5,0x18A5,0x18A5,0x18A5,0x18C5,0x18C5,0x10C5,0x18C6,0x10C5,
  0x10C5,0x10A5,0x10C5,0x10C5,0x0905,0x0966,0x0166,0x4D13,0x2574,0x0DB4,0x1D74,0x25D5,
  0x25D5,0x2533,0x0248,0x0126,0x10E6,0x18A5,0x08C5,0x08E4,0x08C5,0x10C4,0x10C5,0x10C4,
  0x10C5,0x10C4,0x10C5,0x10C4,0x10C5,0x10C4,0x10C5,0x10C4,0x10C5,0x10C4,0x10C5,0x10C4,
  0x10C5,0x10C4,0x10C5,0x10C4,0x10C5,0x10C4,0x10C5,0x10C4,0x10A5,0x08C4,0x10A4,0x10C5,
  0x10A4,0x10C4,0x10A4,0x08C5,0x10A4,0x10C5,0x10A4,0x10C5,0x10A4,0x10C4,0x10A5,0x10C4,
  0x10A4,0x08A4,0x10A4,0x10A4,0x10A5,0x10A4,0x10C4,0x08A4,0x10A5,0x10C4,0x10C4,0x10C5,
  0x10A4,0x10C4,0x10A4,0x10C5,0x10A4,0x10A4,0x10A4,0x10A4,0x10A4,0x10A4,0x10A4,0x10A4,
  0x10A4,0x10A4,0x08A4,0x10A4,0x08A4,0x10A4,0x08A4,0x10A4,0x10A4,0x10A4,0x10A4,0x08A4,
  0x10A4,0x08A4,0x10A4,0x08A4,0x10A4,0x0884,0x10A4,0x1084,0x10A4,0x08A4,0x10A4,0x08A4,
  0x10A4,0x10A4,0x08A4,0x10A4,0x0884,0x10A3,0x0884,0x10A4,0x0883,0x10A4,0x0884,0x10A3,
  0x0884,0x10A4,0x0884,0x10A3,0x0884,0x08A3,0x1084,0x08A4,0x1083,0x08A4,0x0883,0x10A4,
  0x0883,0x08A4,0x1083,0x0884,0x0883,0x1084,0x0883,0x1083,0x0884,0x1083,0x0883,0x0884,
  0x0883,0x0884,0x1083,0x0884,0x0883,0x0884,0x0883,0x1084,0x0883,0x0883,0x0884,0x0883,
  0x0884,0x1083,0x0884,0x0883,0x1084,0x08A3,0x0884,0x10A3,0x0884,0x10A4,0x0883,0x10A4,
  0x08A3,0x10A4,0x08A4,0x1083,0x08A4,0x1083,0x08A4,0x1084,0x08A3,0x10A4,0x08A4,0x10A4,
  0x08A4,0x10A4,0x10A4,0x10A4,0x08A4,0x10A4,0x10A4,0x08A4,0x10A4,0x08A4,0x10A4,0x10A4,
  0x10A4,0x08A4,0x10A4,0x10A4,0x10A4,0x08A4,0x10A4,0x1084,0x10A4,0x10A4,0x08A4,0x10A4,
  0x08A4,0x10A4,0x08A4,0x10A4,0x08A4,0x10A5,0x08A4,0x10A4,0x08A4,0x08A4,0x10A4,0x08A4,
  0x08A4,0x10A4,0x10A4,0x08A4,0x10A4,0x08C5,0x10A4,0x08C4,0x10C4,0x08C5,0x10C4,0x10A4,
  0x10C5,0x10C4,0x10C5,0x10C5,0x10C4,0x10C5,0x10C5,0x10C4,0x10C5,0x10C4,0x08C5,0x10C4,
  0x10C4,0x10C5,0x08C4,0x10A5,0x10C4,0x10C5,0x08C4,0x10C4,0x10C5,0x10A4,0x10C5,0x10A4,
  0x10C5,0x10C4,0x10C5,0x10C4,0x10C5,0x10C4,0x10C5,0x10C4,0x10C5,0x10A5,0x10C5,0x10A5,
  0x10C5,0x10A5,0x10C5,0x10A5,0x10A4,0x10A5,0x10A5,0x10A4,0x10A5,0x10A4,0x10C5,0x10A4,
  0x10C4,0x18E5,0x0884,0x0884,0x1907,0x0188,0x3513,0x25B5,0x2574,0x1573,0x0E14,0x1614,
  0x2573,0x3CB2,0x0187,0x1106,0x10E5,0x10E5,0x10C4,0x10C4,0x10C5,0x10C4,0x10C5,0x10C4,
  0x10C5,0x10E5,0x10C5,0x10C4,0x10C5,0x10E4,0x10C5,0x10C4,0x10C5,0x10C5,0x10C5,0x18C5,
  0x10C5,0x18C5,0x10C5,0x10C5,0x10C5,0x10C5,0x10C5,0x10C5,0x10C5,0x10C5,0x10C4,0x10C5,
  0x0905,0x00E4,0x09C7,0x44B2,0x1D53,0x2635,0x1594,0x1D95,0x2594,0x2D54,0x3514,0x0186,
  0x08E5,0x1085,0x10C4,0x10E5,0x10C4,0x10A5,0x10A4,0x10A5,0x10A4,0x10C5,0x10A5,0x10C4,
  0x10C5,0x10C5,0x10C5,0x10A5,0x10C5,0x10A5,0x10C5,0x10A5,0x10C4,0x10C5,0x10C4,0x10C5,
  0x10C4,0x10C5,0x10C4,0x10C5,0x10C4,0x10C5,0x10C4,0x10C5,0x10C4,0x10C5,0x10C5,0x10C4,
  0x10C5,0x10C4,0x10C4,0x10C5,0x10C4,0x10C5,0x10C4,0x10C4,0x10C5,0x10C4,0x10C5,0x10C4,
  0x10C4,0x08C5,0x10C4,0x10C5,0x10A4,0x10A4,0x10A5,0x10A4,0x08A4,0x10A5,0x10A4,0x08A4,
  0x10A4,0x10A4,0x08A4,0x10A5,0x08A4,0x10A4,0x0884,0x08A4,0x10A5,0x10A4,0x10A4,0x10A4,
  0x10A5,0x10A4,0x10A4,0x08A5,0x10A4,0x10A4,0x08A4,0x10A4,0x10A4,0x10A4,0x0884,0x10A4,
  0x10A4,0x10A4,0x08A4,0x10A4,0x0884,0x10A4,0x1084,0x10A4,0x0884,0x10A4,0x1084,0x08A4,
  0x10A4,0x08A4,0x10A4,0x08A4,0x10A4,0x08A4,0x10A4,0x08A4,0x1083,0x08A4,0x1083,0x08A4,
  0x1084,0x08A4,0x1083,0x08A4,0x1084,0x0883,0x1084,0x0884,0x0883,0x1084,0x0884,0x1083,
  0x0884,0x0883,0x1084,0x0884,0x0883,0x0884,0x0883,0x1084,0x0883,0x0883,0x0884,0x0883,
  0x0883,0x0884,0x1083,0x0884,0x0883,0x1084,0x0883,0x1084,0x0883,0x0884,0x1083,0x08A4,
  0x1084,0x0883,0x1084,0x0884,0x1083,0x0884,0x0883,0x10A4,0x0884,0x1083,0x08A4,0x1084,
  0x08A4,0x1084,0x08A3,0x1084,0x08A4,0x10A4,0x1083,0x10A4,0x1084,0x08A4,0x1084,0x08A4,
  0x1084,0x08A4,0x1084,0x08A4,0x1084,0x10A4,0x0884,0x10A4,0x0884,0x10A4,0x0884,0x10A4,
  0x0884,0x10A4,0x08A4,0x10A4,0x0884,0x10A4,0x10A4,0x10A4,0x10A4,0x10A4,0x10A5,0x10A4,
  0x10A4,0x10A4,0x10A4,0x10A4,0x10A4,0x10A5,0x08A4,0x10A4,0x10A4,0x08A4,0x10A4,0x10C5,
  0x10A4,0x10C4,0x10A4,0x10A5,0x10A4,0x10A4,0x08C4,0x10A4,0x10C5,0x10C4,0x10A4,0x10C5,
  0x10A4,0x10C4,0x10A5,0x10C4,0x08A4,0x10C5,0x10A4,0x10C5,0x10A4,0x10C5,0x10C4,0x10C4,
  0x10A5,0x10C4,0x10A5,0x10C4,0x10C4,0x08C5,0x10C4,0x10C4,0x10C5,0x10C4,0x10C5,0x10C4,
  0x10C5,0x10C4,0x10C5,0x10C4,0x10C5,0x10C4,0x10C5,0x10C4,0x10C5,0x10C4,0x10C5,0x10C5,
  0x10C5,0x10C4,0x10C5,0x10C5,0x10C4,0x10A5,0x10C5,0x10A4,0x0883,0x18C5,0x10A4,0x18E6,
  0x1106,0x0167,0x2D74,0x25D5,0x25B5,0x1DB4,0x05D4,0x0DD4,0x2D33,0x0248,0x0146,0x08E5,
  0x10C5,0x10C4,0x10C5,0x10C4,0x10C5,0x10C4,0x10C5,0x10C5,0x10C4,0x10C5,0x10C4,0x10E5,
  0x10C4,0x10C5,0x10C5,0x10C5,0x10C5,0x10C5,0x10C5,0x10C5,0x10C4,0x10C5,0x10C5,0x10C5,
  0x10C5,0x10C5,0x10C5,0x10C5,0x10C5,0x10C4,0x10A5,0x10C4,0x08E5,0x0904,0x0105,0x0229,
  0x2552,0x0DB4,0x0D73,0x1DB5,0x2574,0x2D75,0x3D95,0x01C7,0x0926,0x18E6,0x10E5,0x0883,
  0x10A5,0x10C4,0x10C5,0x10C5,0x10A5,0x10C4,0x10A5,0x10C5,0x10C5,0x10A4,0x10C5,0x10C4,
  0x10C5,0x10C4,0x10C5,0x10C4,0x10C5,0x10C4,0x10C5,0x10C4,0x10C5,0x10C4,0x10C5,0x10C4,
  0x10C5,0x10C4,0x10C5,0x10C4,0x10C5,0x10C4,0x10C4,0x10C5,0x10C4,0x10A5,0x10C4,0x10A4,
  0x10C5,0x10A4,0x08C4,0x10A5,0x10C4,0x10C4,0x10C5,0x08C4,0x10C5,0x10A4,0x10C5,0x10A4,
  0x10A4,0x10A4,0x08A4,0x10C4,0x10A4,0x10C4,0x10A4,0x10A5,0x10A4,0x10A5,0x10A4,0x10A4,
  0x10A4,0x10A4,0x10A4,0x1084,0x08A4,0x10A4,0x08A4,0x10A4,0x08A4,0x10A4,0x10A4,0x10A4,
  0x10A4,0x10A5,0x10A4,0x10A4,0x08A4,0x10A4,0x10A4,0x0884,0x10A4,0x0884,0x10A4,0x08A4,
  0x10A4,0x08A4,0x10A4,0x08A4,0x10A4,0x08A4,0x10A4,0x10A4,0x0884,0x10A4,0x1084,0x10A4,
  0x0884,0x10A3,0x1084,0x10A4,0x0884,0x10A3,0x0884,0x10A4,0x0883,0x10A4,0x0884,0x10A3,
  0x08A4,0x1084,0x08A3,0x0884,0x10A3,0x0884,0x08A3,0x0884,0x10A3,0x0884,0x08A3,0x1084,
  0x0883,0x0884,0x0883,0x0883,0x0884,0x1083,0x0884,0x0883,0x0883,0x0884,0x0883,0x0883,
  0x1084,0x0883,0x0884,0x0883,0x1084,0x0883,0x1084,0x0883,0x08A4,0x1083,0x08A4,0x0883,
  0x08A4,0x1083,0x0884,0x10A3,0x0884,0x10A4,0x0883,0x10A4,0x0883,0x10A4,0x0884,0x10A3,
  0x10A4,0x08A4,0x10A4,0x08A4,0x10A4,0x08A4,0x10A4,0x10A4,0x08A4,0x10A4,0x10A4,0x10A4,
  0x08A4,0x10A4,0x08A4,0x10A4,0x10A4,0x08A4,0x10A4,0x08A4,0x10A4,0x1084,0x08A4,0x10A4,
  0x08A4,0x10A4,0x08A4,0x10A4,0x08A5,0x10A4,0x08A4,0x10A4,0x08A4,0x10A4,0x08A4,0x10A5,
  0x08A4,0x10A4,0x08A4,0x10A4,0x08A5,0x10C4,0x08A4,0x10A4,0x08C4,0x10A5,0x08C4,0x10C4,
  0x08C4,0x10A5,0x10C4,0x10A4,0x10C5,0x10C4,0x10C5,0x10C4,0x10C5,0x10C4,0x08C4,0x10C5,
  0x10C4,0x10C4,0x10C4,0x10C4,0x08C5,0x10A4,0x10C5,0x10C4,0x10C5,0x10C4,0x10C5,0x10C4,
  0x10C5,0x10C4,0x10C5,0x10C4,0x10C5,0x10C4,0x10C5,0x10C4,0x10C5,0x10C4,0x10C5,0x10C4,
  0x10A5,0x10C5,0x10A5,0x10C5,0x10A5,0x10C5,0x10A4,0x10C5,0x10A5,0x10C5,0x10A4,0x10C5,
  0x10C5,0x10C5,0x10C4,0x10C5,0x10A4,0x18E5,0x10A4,0x10E6,0x08C5,0x0126,0x2D74,0x1593,
  0x1D94,0x1DB4,0x0DD4,0x15F3,0x3573,0x0186,0x0146,0x1106,0x10C5,0x10E5,0x10C4,0x10C5,
  0x10C4,0x10C5,0x10C4,0x18C5,0x10E5,0x10C4,0x18C5,0x10C5,0x10C5,0x18C4,0x10C5,0x10C4,
  0x10C5,0x18C5,0x10C5,0x10C5,0x10C5,0x10C5,0x18C5,0x10C5,0x10C5,0x18C5,0x10C5,0x10C4,
  0x18C5,0x10C5,0x10C5,0x10C4,0x10E5,0x1166,0x0966,0x0186,0x2DB4,0x15F4,0x15B4,0x1DB5,
  0x2594,0x2D54,0x3554,0x0186,0x0926,0x18A5,0x10E5,0x10A4,0x10C5,0x10C5,0x10A5,0x10C4,
  0x10C5,0x10C5,0x10C4,0x10A5,0x10C5,0x10C5,0x10C5,0x10A5,0x10C5,0x10A5,0x10C5,0x10A5,
  0x10C4,0x10C5,0x10C4,0x10C5,0x10C4,0x10C5,0x10C4,0x10C5,0x10C4,0x10C5,0x10C4,0x10C5,
  0x10C4,0x10C5,0x10C5,0x10C4,0x10C4,0x10C4,0x08C5,0x10C4,0x10C4,0x10C5,0x10C4,0x10C4,
  0x10A5,0x08C4,0x10A4,0x10C5,0x10C4,0x10C4,0x10C4,0x08C5,0x10A4,0x10C5,0x10A4,0x10A5,
  0x10A4,0x10A5,0x10C4,0x10A4,0x10C4,0x08A4,0x10A4,0x08A4,0x10A4,0x08A5,0x10A4,0x08A4,
  0x10A4,0x10A4,0x10A4,0x10A5,0x10A4,0x08A4,0x10A4,0x08A4,0x10A5,0x10A4,0x08A4,0x10A4,
  0x10A4,0x08A4,0x10A4,0x08A4,0x10A4,0x10A4,0x0884,0x10A4,0x1084,0x10A4,0x0884,0x10A4,
  0x1084,0x10A4,0x0884,0x10A4,0x10A4,0x08A4,0x10A4,0x08A4,0x10A4,0x10A4,0x08A3,0x10A4,
  0x0883,0x10A4,0x0884,0x10A3,0x0884,0x10A3,0x0884,0x10A4,0x0883,0x0884,0x1083,0x0884,
  0x0883,0x1084,0x0883,0x1084,0x0884,0x1083,0x0884,0x0883,0x1084,0x0883,0x1084,0x0883,
  0x0884,0x0883,0x0884,0x0883,0x0883,0x1084,0x0883,0x0884,0x0883,0x0884,0x1083,0x0883,
  0x0884,0x10A4,0x0883,0x1084,0x0883,0x0884,0x1083,0x0884,0x1083,0x08A4,0x0883,0x10A4,
  0x0884,0x10A3,0x0884,0x10A4,0x0883,0x10A4,0x0883,0x08A4,0x1084,0x08A3,0x1084,0x08A3,
  0x1084,0x10A4,0x0884,0x10A4,0x1084,0x08A4,0x1084,0x08A4,0x1084,0x10A4,0x1084,0x08A4,
  0x1084,0x10A4,0x0884,0x10A4,0x08A4,0x10A4,0x1084,0x08A4,0x1084,0x10A4,0x10A4,0x10A4,
  0x10A4,0x10A4,0x10A4,0x10A4,0x10A4,0x10A5,0x10A4,0x10A4,0x08A4,0x10C4,0x10A4,0x08C4,
  0x10A4,0x10A4,0x10A4,0x08A4,0x10C5,0x10A4,0x10C4,0x10A5,0x10A4,0x10C4,0x08A4,0x10C5,
  0x08C4,0x10A4,0x10C4,0x08A5,0x10C4,0x10A5,0x10C4,0x10A5,0x10C4,0x10A5,0x08C5,0x10A4,
  0x10C4,0x10C4,0x10A4,0x08C5,0x10C4,0x10C5,0x10C4,0x10C5,0x10C4,0x10C5,0x10C4,0x10C5,
  0x10C4,0x10C5,0x10C4,0x10C5,0x10C4,0x10C5,0x10C4,0x10C5,0x10C5,0x10C4,0x10C5,0x10C4,
  0x10C5,0x10C5,0x10C5,0x10C4,0x10C5,0x10C5,0x10C5,0x10A5,0x10C4,0x10A5,0x10C5,0x10A4,
  0x10C4,0x10C4,0x0884,0x1126,0x0906,0x0187,0x3DD5,0x1D94,0x2594,0x1D94,0x0DF4,0x1DF4,
  0x2CF2,0x0208,0x0105,0x10C5,0x10C5,0x10C4,0x10C5,0x10C4,0x10C5,0x10C4,0x10C5,0x10C4,
  0x10C5,0x10E5,0x10C4,0x10E5,0x10C4,0x10E5,0x10C4,0x10E5,0x10C5,0x10C5,0x10C4,0x10C5,
  0x18C5,0x10C5,0x10C4,0x10C5,0x10C5,0x10C4,0x10C5,0x10C5,0x10C5,0x10C5,0x10C5,0x10C4,
  0x0084,0x08C4,0x0926,0x01A7,0x2D73,0x1DF4,0x1DD5,0x1D93,0x2DD6,0x2D74,0x3554,0x01A6,
  0x0946,0x0884,0x10C4,0x10C4,0x10C5,0x10C4,0x10C5,0x10C5,0x10A5,0x10C5,0x10C5,0x10C4,
  0x10C5,0x10A4,0x10C5,0x10C4,0x10C5,0x10C4,0x10C5,0x10C5,0x10C4,0x10C5,0x10C4,0x10C5,
  0x10C4,0x10C5,0x10C4,0x10C5,0x10C4,0x10C5,0x10C4,0x10C5,0x10C4,0x10C5,0x10C4,0x10C5,
  0x10C4,0x10A5,0x10C4,0x10A5,0x10C4,0x08A5,0x10C4,0x10C5,0x10C4,0x10C5,0x10C4,0x10A4,
  0x10C5,0x08A4,0x10C5,0x10C4,0x10A4,0x10A4,0x10A4,0x10C4,0x08A4,0x10A4,0x10A4,0x08A5,
  0x10A4,0x10A5,0x10A4,0x10A4,0x10A4,0x10A4,0x08A4,0x1084,0x10A4,0x08A4,0x10A4,0x08A4,
  0x10A4,0x10A4,0x10A5,0x10A4,0x10A4,0x10A4,0x10A4,0x08A4,0x10A4,0x10A4,0x10A4,0x1084,
  0x08A4,0x10A4,0x10A4,0x08A4,0x10A4,0x08A4,0x10A4,0x08A4,0x10A4,0x08A4,0x10A4,0x08A4,
  0x1084,0x10A4,0x0884,0x10A4,0x1083,0x08A4,0x1084,0x10A4,0x0884,0x10A3,0x0884,0x10A4,
  0x0884,0x10A4,0x0883,0x10A4,0x08A4,0x1083,0x08A4,0x1083,0x08A4,0x0884,0x10A3,0x0884,
  0x08A3,0x0884,0x10A3,0x0884,0x0883,0x0883,0x0884,0x1083,0x0884,0x1083,0x0883,0x0884,
  0x0883,0x0884,0x0883,0x1084,0x0883,0x0883,0x0884,0x0883,0x1084,0x0883,0x08A4,0x0883,
  0x10A4,0x0884,0x08A3,0x1084,0x0884,0x1083,0x0884,0x10A4,0x0883,0x10A4,0x0884,0x10A3,
  0x0884,0x10A4,0x1084,0x08A3,0x10A4,0x10A4,0x08A4,0x10A4,0x08A4,0x10A4,0x10A4,0x08A4,
  0x10A4,0x08A4,0x10A4,0x10A4,0x08A4,0x10A4,0x08A4,0x10A4,0x08A4,0x10A4,0x10A4,0x1084,
  0x10A4,0x08A4,0x10A4,0x10A4,0x08A4,0x10A4,0x08A4,0x10A4,0x08A4,0x10A4,0x08A5,0x10A4,
  0x08A4,0x10A4,0x08A4,0x10A4,0x10A4,0x08A5,0x10A4,0x10A4,0x08A4,0x10C5,0x08A4,0x10A4,
  0x10C4,0x08A4,0x10C4,0x08A4,0x10C4,0x10A5,0x10C4,0x10A4,0x10C5,0x10C4,0x10C5,0x10C4,
  0x10C4,0x10C4,0x10C5,0x10C4,0x08C4,0x10C4,0x10C4,0x10C5,0x10C4,0x10C5,0x10C4,0x10A4,
  0x10C5,0x10C4,0x10C5,0x10C4,0x10C5,0x10C4,0x10C5,0x10C4,0x10C5,0x10C4,0x10C5,0x10C4,
  0x10C5,0x10C4,0x10C5,0x10C4,0x10A5,0x10C5,0x10A5,0x10C5,0x10A4,0x10C5,0x10A5,0x10C5,
  0x10A4,0x10C5,0x10C4,0x10C5,0x10C5,0x10C5,0x10C5,0x10C4,0x10A5,0x10A4,0x08A4,0x1926,
  0x0906,0x0146,0x3574,0x1D53,0x2573,0x2574,0x15B3,0x2593,0x3CF2,0x01C7,0x0926,0x18E6,
  0x10C5,0x10C5,0x10C4,0x10A5,0x10C4,0x10A5,0x18C5,0x10C5,0x18C4,0x10C5,0x10C4,0x18C5,
  0x10C5,0x10C4,0x18C5,0x10C5,0x18C4,0x10C5,0x18C5,0x10C5,0x10C5,0x10C5,0x10C5,0x18C5,
  0x10C5,0x10C5,0x18C5,0x10C5,0x10C5,0x10C4,0x10A5,0x10C4,0x1906,0x10E5,0x0905,0x0186,
  0x2D32,0x2593,0x1DB4,0x1D74,0x2553,0x2513,0x3D33,0x01A6,0x0926,0x0884,0x18C5,0x10C5,
  0x10C5,0x10A5,0x10C5,0x10C4,0x10C5,0x10A4,0x10C5,0x10A5,0x10C5,0x10C5,0x10C5,0x10A5,
  0x10C5,0x10A5,0x10C4,0x10A5,0x10C4,0x10C5,0x10C4,0x10C5,0x10C4,0x10C5,0x10C4,0x10C5,
  0x10C4,0x10C5,0x10C4,0x10C5,0x10C4,0x10C5,0x10C4,0x10C5,0x10C4,0x08C4,0x10C5,0x10C4,
  0x10C4,0x10C5,0x10A4,0x10C4,0x10A4,0x10C5,0x10C4,0x08C5,0x10C4,0x10C4,0x10A4,0x10C5,
  0x10A4,0x08A5,0x10A4,0x10A5,0x10C4,0x10A5,0x10C4,0x10A4,0x10C4,0x10A4,0x08A4,0x10A4,
  0x08A4,0x10A4,0x10A4,0x08A4,0x10A4,0x10A5,0x10A4,0x10A4,0x10A4,0x08A4,0x10A4,0x08A4,
  0x10A4,0x10A5,0x08A4,0x10A4,0x10A5,0x10A4,0x08A4,0x10A4,0x0884,0x10A4,0x0884,0x10A4,
  0x1084,0x10A4,0x1084,0x08A4,0x1084,0x10A4,0x0884,0x10A4,0x08A4,0x10A4,0x10A4,0x08A4,
  0x10A4,0x10A4,0x08A4,0x10A3,0x0884,0x10A4,0x0883,0x10A4,0x0883,0x10A4,0x0884,0x10A3,
  0x0884,0x0883,0x1084,0x0884,0x1083,0x0884,0x0883,0x1084,0x0883,0x1084,0x0883,0x1084,
  0x0883,0x1084,0x0883,0x0884,0x0883,0x0884,0x1083,0x0883,0x0883,0x0884,0x1083,0x0883,
  0x0884,0x1083,0x0884,0x0883,0x0884,0x1083,0x0884,0x1084,0x0883,0x1084,0x0883,0x08A4,
  0x0883,0x08A4,0x1083,0x08A4,0x1084,0x08A3,0x1084,0x08A4,0x1083,0x08A4,0x1083,0x08A4,
  0x1084,0x08A4,0x1083,0x10A4,0x1084,0x08A4,0x1084,0x10A4,0x0884,0x10A4,0x0884,0x10A4,
  0x0884,0x10A4,0x1084,0x08A4,0x1084,0x08A4,0x10A4,0x08A4,0x1084,0x08A4,0x1084,0x08A4,
  0x1084,0x10A4,0x10A4,0x10A5,0x10A4,0x10A4,0x10A4,0x10A4,0x10A4,0x10A4,0x10A4,0x08A5,
  0x10A4,0x10C4,0x08A4,0x10C4,0x10A4,0x08A4,0x10C4,0x10A4,0x10C5,0x10A4,0x10C5,0x10A4,
  0x08C4,0x10A4,0x08C4,0x10A4,0x10C5,0x10A4,0x10C4,0x10A5,0x08C4,0x10A5,0x10C4,0x10A5,
  0x10C4,0x10A5,0x10C4,0x10A5,0x08C4,0x10A5,0x10C4,0x10C5,0x10C4,0x10C5,0x10C4,0x10C5,
  0x10C4,0x10C5,0x10C4,0x10C5,0x10C4,0x10C5,0x10C4,0x10C5,0x10C4,0x10C5,0x10C4,0x10C5,
  0x10C5,0x10C4,0x10C5,0x10C5,0x10C5,0x10C4,0x10C5,0x10C5,0x10C5,0x10A5,0x10C5,0x10A5,
  0x10C4,0x10A5,0x10C5,0x10C4,0x18C5,0x10C4,0x10E5,0x00C4,0x00A4,0x0146,0x3D34,0x3DB4,
  0x2D13,0x3574,0x2593,0x3594,0x5534,0x00C4,0x0906,0x0843,0x10C5,0x10C5,0x10C4,0x10C5,
  0x18C4,0x10C4,0x10C5,0x10C4,0x10C5,0x18C5,0x10C5,0x10C4,0x10C5,0x18C5,0x10C4,0x10C5,
  0x10C5,0x10C5,0x10C5,0x10C5,0x18C4,0x10C5,0x10C5,0x10C5,0x18C5,0x10C5,0x10C5,0x10C4,
  0x18C5,0x10C5,0x10C5,0x10C4,0x10C5,0x10A4,0x00C4,0x00E4,0x4D95,0x2D73,0x2D74,0x3594,
  0x3574,0x4595,0x4554,0x0186,0x00C4,0x10E5,0x18E5,0x10A4,0x10C4,0x10C5,0x10A5,0x10C5,
  0x10C5,0x10C5,0x10C4,0x10C5,0x10C4,0x10A5,0x10C4,0x10C5,0x10C4,0x10C5,0x10C5,0x10C5,
  0x10C4,0x10C5,0x10C4,0x10C5,0x10C4,0x10C5,0x10C4,0x10C5,0x10C4,0x10C5,0x10C4,0x10C5,
  0x10C4,0x10C5,0x10C4,0x10C5,0x10C4,0x10A5,0x10C4,0x10A4,0x10C5,0x10C4,0x08C4,0x10C5,
  0x10C4,0x08A4,0x10C5,0x10A4,0x10C5,0x10C4,0x10C5,0x08C4,0x10A4,0x10C4,0x10A4,0x10A4,
  0x10A4,0x10A4,0x10A4,0x10A5,0x10A4,0x10A5,0x10A4,0x10A4,0x10A5,0x08A4,0x10A4,0x1084,
  0x08A4,0x10A4,0x08A4,0x10A4,0x10A5,0x10A4,0x10A4,0x10A4,0x10A5,0x10A4,0x10A4,0x10A4,
  0x08A4,0x10A4,0x08A4,0x10A4,0x10A4,0x08A4,0x10A4,0x08A4,0x10A4,0x08A4,0x10A4,0x10A4,
  0x08A4,0x10A4,0x10A4,0x10A4,0x1084,0x08A4,0x1084,0x10A4,0x0884,0x10A3,0x1084,0x08A4,
  0x1083,0x08A4,0x1084,0x08A4,0x1083,0x08A4,0x1083,0x08A4,0x10A4,0x0883,0x08A4,0x0883,
  0x08A4,0x1083,0x08A4,0x0884,0x10A3,0x0884,0x08A4,0x0883,0x0884,0x0883,0x0884,0x1083,
  0x0884,0x0883,0x0884,0x0883,0x0883,0x0884,0x0883,0x0884,0x1083,0x0884,0x0883,0x1084,
  0x0883,0x08A4,0x1083,0x08A4,0x0883,0x08A4,0x1083,0x0884,0x1084,0x0883,0x0884,0x10A3,
  0x0884,0x10A4,0x0883,0x10A4,0x0884,0x10A4,0x0884,0x10A3,0x10A4,0x10A4,0x08A4,0x10A4,
  0x08A4,0x10A4,0x08A4,0x10A4,0x10A4,0x10A4,0x10A4,0x08A4,0x10A4,0x08A4,0x10A4,0x10A4,
  0x10A4,0x0884,0x10A4,0x08A4,0x10A4,0x10A4,0x08A4,0x10A4,0x10A4,0x08A4,0x10A4,0x08A4,
  0x10A4,0x08A4,0x10A4,0x08A5,0x10A4,0x08A4,0x10A4,0x10A4,0x08A4,0x10A4,0x10A4,0x08A5,
  0x10C4,0x10A4,0x08A4,0x10A4,0x08C4,0x10A4,0x08C4,0x10A5,0x10C4,0x10A5,0x10C4,0x08A4,
  0x10C4,0x10C5,0x08C4,0x10C5,0x10C4,0x10C4,0x10C5,0x08C4,0x10C5,0x10C4,0x10C5,0x10C4,
  0x10C4,0x10C5,0x10C4,0x08C4,0x10C5,0x10C5,0x10C4,0x10C5,0x10C5,0x10C4,0x10C5,0x10C5,
  0x10C4,0x10C5,0x10C4,0x10C5,0x10C4,0x10C5,0x10C4,0x10C4,0x10A5,0x10C5,0x10A5,0x10C4,
  0x10A5,0x10C5,0x10A5,0x10C4,0x10C5,0x10C5,0x10C4,0x10C5,0x10C5,0x10C5,0x10C5,0x10C5,
  0x10C4,0x08A3,0x10E5,0x08C5,0x08E5,0x0987,0x4491,0x3D13,0x44D3,0x4554,0x3533,0x3D13,
  0x54D3,0x0105,0x1947,0x10C5,0x10C5,0x18C4,0x10C5,0x10C4,0x10C5,0x10C4,0x10C5,0x10C5,
  0x10C4,0x10C5,0x10C4,0x10C5,0x10C4,0x10C5,0x10C5,0x10C4,0x10C5,0x10C5,0x18C5,0x10C5,
  0x10C5,0x10C5,0x10C5,0x10C4,0x10C5,0x10C5,0x10C5,0x10C5,0x10C5,0x10C5,0x10A5,0x10C4,
  0x10A4,0x10C5,0x1126,0x0966,0x4CD2,0x34F3,0x3D13,0x3CF3,0x44F3,0x44D3,0x4472,0x0186,
  0x00C5,0x18C5,0x0884,0x10A4,0x10C5,0x10C5,0x10C5,0x10C4,0x10C5,0x10C5,0x10C5,0x10C5,
  0x10C5,0x10C5,0x10C5,0x10A5,0x10C5,0x10A4,0x10C5,0x10A5,0x10C4,0x10C5,0x10C4,0x10C5,
  0x10C4,0x10C5,0x10C4,0x10C5,0x10C4,0x10C5,0x10C4,0x10C5,0x10C4,0x10C5,0x10C4,0x10C5,
  0x10C4,0x10C4,0x08C5,0x10C4,0x10A4,0x10C5,0x10A4,0x10C5,0x10C4,0x10C5,0x10C4,0x10C4,
  0x10A4,0x08C5,0x10A4,0x10C5,0x10A4,0x10A5,0x10C4,0x08A5,0x10C4,0x10A5,0x08C4,0x10A4,
  0x10C4,0x10A4,0x08A4,0x10A4,0x10A4,0x10A4,0x08A4,0x10A4,0x10A4,0x10A4,0x10A5,0x08A4,
  0x10A4,0x08A4,0x10A4,0x08A4,0x10A4,0x10A4,0x08A4,0x10A4,0x10A4,0x10A4,0x10A4,0x0884,
  0x10A4,0x1084,0x10A4,0x0884,0x10A4,0x0884,0x10A4,0x0884,0x10A4,0x0884,0x10A4,0x08A4,
  0x10A4,0x08A4,0x10A4,0x08A4,0x10A4,0x08A4,0x10A4,0x10A4,0x0884,0x10A3,0x0884,0x10A3,
  0x0884,0x10A4,0x0884,0x10A3,0x0884,0x1084,0x0883,0x1084,0x0883,0x1084,0x0883,0x1084,
  0x0883,0x0884,0x1083,0x1084,0x0883,0x1084,0x0883,0x0884,0x0883,0x1083,0x0884,0x0883,
  0x0883,0x1084,0x0883,0x0884,0x0883,0x0884,0x1083,0x0883,0x1084,0x0883,0x0884,0x1083,
  0x0884,0x1083,0x08A4,0x1083,0x08A4,0x1083,0x0884,0x10A4,0x0883,0x10A4,0x0884,0x10A3,
  0x0884,0x10A3,0x0884,0x08A4,0x1084,0x08A3,0x1084,0x10A3,0x1084,0x08A4,0x1084,0x08A4,
  0x1084,0x08A4,0x1084,0x10A4,0x1084,0x10A4,0x0884,0x10A4,0x08A4,0x10A4,0x1084,0x10A4,
  0x0884,0x10A4,0x1084,0x08A4,0x1084,0x10A4,0x10A4,0x10A4,0x10A4,0x10A5,0x10A4,0x10A4,
  0x10A4,0x10A4,0x08A5,0x10A4,0x10A4,0x08C4,0x10A4,0x10A4,0x08A4,0x10A4,0x08A5,0x10A4,
  0x10C5,0x10A4,0x10C4,0x10A4,0x08C4,0x10A4,0x10C5,0x10A4,0x10C5,0x10C4,0x10A4,0x10C4,
  0x10A5,0x10C4,0x10A4,0x10C5,0x10A4,0x10C4,0x08A4,0x10C5,0x10A4,0x10C4,0x10A5,0x10C4,
  0x10C5,0x10C4,0x10C5,0x10C4,0x10C5,0x10C5,0x10C4,0x10C5,0x10C4,0x10C5,0x10C4,0x10C5,
  0x10C4,0x10C5,0x10C4,0x10C5,0x10C5,0x10C4,0x10C5,0x10C5,0x10C5,0x10C4,0x10C5,0x10A5,
  0x10C5,0x10C5,0x10C5,0x10C5,0x10C5,0x10C5,0x10C4,0x10C5,0x1905,0x08A4,0x1106,0x08C4,
  0x10E6,0x00A4,0x01A7,0x0165,0x0166,0x0186,0x01A6,0x0164,0x0166,0x00E5,0x08A4,0x18E5,
  0x10C5,0x10C5,0x10C4,0x10C5,0x10C4,0x10C5,0x10C4,0x10E5,0x10C4,0x10E5,0x10C5,0x10E4,
  0x10C5,0x10E4,0x18C5,0x10E5,0x10C5,0x10C5,0x10C4,0x10C5,0x10C5,0x10C5,0x18C5,0x10C5,
  0x10C5,0x10C5,0x10C4,0x10C5,0x10C5,0x10C4,0x10C5,0x10C5,0x18E5,0x10A4,0x08C4,0x00E5,
  0x0104,0x01A6,0x01C7,0x0146,0x0166,0x0125,0x01A7,0x00E5,0x10E5,0x18E6,0x0863,0x1906,
  0x10C5,0x10C4,0x10C5,0x10C5,0x10C5,0x10C5,0x10C5,0x10C5,0x10A4,0x10C5,0x10C4,0x10C5,
  0x10C5,0x10C5,0x10C5,0x10C5,0x10C4,0x10C5,0x10C4,0x10C5,0x10C4,0x10C5,0x10C4,0x10C5,
  0x10C4,0x10C5,0x10C4,0x10C5,0x10C4,0x10C5,0x10C4,0x10C5,0x10C4,0x10A5,0x10C4,0x10C4,
  0x10C5,0x08C4,0x10C4,0x10A5,0x10C4,0x10A4,0x10C5,0x08C4,0x10C5,0x10C4,0x10C4,0x10C4,
  0x10A4,0x08A4,0x10A4,0x10A4,0x10A4,0x10A4,0x10A4,0x10A5,0x10A4,0x10A5,0x10A4,0x08A4,
  0x10A4,0x10A4,0x08A4,0x1084,0x08A4,0x10A4,0x10A4,0x10A4,0x10A4,0x10A4,0x10A5,0x10A4,
  0x10A5,0x10A4,0x10A4,0x08A5,0x10A4,0x08A4,0x10A4,0x10A4,0x08A4,0x10A4,0x08A4,0x10A4,
  0x10A4,0x08A4,0x10A4,0x10A4,0x08A4,0x10A4,0x0884,0x10A4,0x1084,0x08A4,0x1084,0x10A4,
  0x0883,0x10A4,0x0883,0x10A4,0x0883,0x10A4,0x0884,0x10A4,0x0883,0x10A4,0x0883,0x10A4,
  0x08A3,0x1084,0x08A3,0x1084,0x08A4,0x0883,0x10A4,0x0883,0x08A4,0x1083,0x08A4,0x0883,
  0x0884,0x0883,0x0884,0x1083,0x0884,0x0883,0x0884,0x0883,0x0883,0x0884,0x0883,0x1083,
  0x0884,0x1083,0x0884,0x0884,0x0883,0x10A4,0x0884,0x08A3,0x1084,0x0884,0x0883,0x0884,
  0x10A3,0x08A4,0x1084,0x08A3,0x1084,0x08A4,0x1083,0x08A4,0x1084,0x08A4,0x1083,0x08A4,
  0x10A3,0x10A4,0x08A4,0x10A4,0x08A4,0x10A4,0x10A4,0x10A4,0x08A4,0x10A4,0x08A4,0x10A4,
  0x08A4,0x10A4,0x08A4,0x1084,0x10A4,0x08A4,0x10A4,0x08A4,0x10A4,0x10A4,0x08A4,0x10A4,
  0x10A4,0x08A4,0x10A4,0x08A4,0x10A4,0x08A4,0x10A4,0x08A4,0x10A4,0x10A4,0x10A4,0x10A4,
  0x08A4,0x10A5,0x08C4,0x10C4,0x10C5,0x10C4,0x10C4,0x10A4,0x08C4,0x10A5,0x08C4,0x10A5,
  0x10C4,0x10C5,0x10C4,0x08C4,0x10C4,0x10C5,0x10C4,0x10C5,0x08C4,0x10C5,0x10C4,0x10C4,
  0x08C5,0x10C4,0x10C5,0x10C4,0x10C5,0x10C5,0x10C4,0x10C5,0x10C4,0x10C5,0x10C5,0x10C4,
  0x10C5,0x10C4,0x10C5,0x10C4,0x10C5,0x10C4,0x10C5,0x10C4,0x10C5,0x10C4,0x10C5,0x10C4,
  0x10A5,0x10C5,0x10A5,0x10C4,0x10A5,0x10C5,0x10C5,0x10C4,0x10C5,0x10C5,0x10C5,0x10C5,
  0x10C4,0x10C5,0x10C5,0x10C5,0x08C5,0x08C4,0x08C5,0x10C5,0x10C5,0x10A5,0x08E5,0x0105,
  0x0106,0x0125,0x0146,0x0145,0x0105,0x08E5,0x10C5,0x10C5,0x10C5,0x10E5,0x10C4,0x10E5,
  0x10C5,0x10C4,0x10E5,0x10C5,0x10E5,0x10C4,0x10E5,0x10C5,0x10E5,0x10C5,0x10E4,0x10C5,
  0x10C4,0x10C5,0x10C5,0x10C5,0x10C5,0x10C4,0x10C5,0x10C5,0x10C5,0x10C5,0x10C5,0x10C5,
  0x10C5,0x10C5,0x10C5,0x10C5,0x10C4,0x10C5,0x10C5,0x08E5,0x0125,0x0126,0x0126,0x0126,
  0x0105,0x0106,0x0105,0x00E5,0x10C5,0x10C5,0x10C4,0x10C4,0x10C5,0x10C5,0x10C5,0x10C5,
  0x10C5,0x10C4,0x10C5,0x10C5,0x10C5,0x10A5,0x10C5,0x10A4,0x10C5,0x10A4,0x10C5,0x10A5,
  0x10C4,0x10C5,0x10C4,0x10C5,0x10C4,0x10C5,0x10C4,0x10C5,0x10C4,0x10C5,0x10C4,0x10C5,
  0x10C4,0x10C5,0x10C4,0x10C5,0x10C4,0x10C5,0x10C4,0x10C5,0x10C4,0x10C5,0x10C4,0x10C4,
  0x08C5,0x10C4,0x10A4,0x10C5,0x10A4,0x10C4,0x10A5,0x08C5,0x10C4,0x10C5,0x10C4,0x10C5,
  0x10A4,0x10C5,0x10A4,0x08C4,0x10A4,0x10C4,0x10A4,0x10A5,0x10A4,0x10A5,0x10A4,0x10A5,
  0x10A4,0x10A4,0x08A4,0x10A4,0x08A5,0x10A4,0x08A4,0x10A4,0x08A4,0x10A4,0x10A4,0x10A4,
  0x10A4,0x10A4,0x08A4,0x10A4,0x1084,0x08A4,0x1084,0x08A4,0x1084,0x10A4,0x0884,0x10A4,
  0x1084,0x08A4,0x10A4,0x08A4,0x10A4,0x10A4,0x08A4,0x10A4,0x10A4,0x10A4,0x10A4,0x08A4,
  0x1084,0x08A3,0x1084,0x08A3,0x1084,0x08A4,0x1084,0x08A4,0x1084,0x08A3,0x1084,0x08A3,
  0x1084,0x0883,0x0884,0x1084,0x0883,0x0884,0x1084,0x0883,0x1084,0x0883,0x1084,0x0883,
  0x0883,0x1084,0x0883,0x0884,0x0883,0x0884,0x1083,0x0884,0x0883,0x0884,0x1083,0x08A4,
  0x1083,0x0884,0x1083,0x0884,0x08A3,0x1084,0x08A3,0x1084,0x0884,0x10A3,0x0884,0x10A4,
  0x0883,0x10A4,0x0884,0x10A3,0x0884,0x10A3,0x0884,0x10A4,0x0884,0x10A4,0x0884,0x10A4,
  0x1084,0x08A4,0x1084,0x08A4,0x1084,0x10A4,0x0884,0x10A4,0x0884,0x10A4,0x10A4,0x08A4,
  0x1084,0x08A4,0x1084,0x10A4,0x08A4,0x10A4,0x10A4,0x10A4,0x10A4,0x10A4,0x10A5,0x10A4,
  0x10A4,0x10A4,0x10A4,0x10A5,0x08A4,0x10A4,0x08A4,0x10A5,0x10A4,0x08A4,0x10A4,0x10A4,
  0x08A4,0x10A5,0x08C4,0x10A5,0x10C4,0x10A4,0x10C4,0x10A4,0x10C5,0x08C4,0x10A5,0x10C4,
  0x10A5,0x10C4,0x08A5,0x10C4,0x10A4,0x10C5,0x10A4,0x10C5,0x10A4,0x10C4,0x10C5,0x10C4,
  0x10C5,0x10C4,0x10C5,0x10E5,0x10C4,0x10C5,0x10C4,0x10C5,0x10C4,0x10C5,0x10C4,0x10C5,
  0x10C4,0x10C5,0x10C4,0x10C5,0x10C4,0x10C5,0x10C4,0x10C5,0x10C5,0x10C4,0x10C5,0x10C5,
  0x10C5,0x10A4,0x10C5,0x10A5,0x10C5,0x10C4,0x10C5,0x10C5,0x10C5,0x10C5,0x10A4,0x10C5,
  0x10C5,0x10E5,0x08E5,0x10C4,0x18A5,0x18A5,0x10A5,0x10C5,0x08E5,0x08E5,0x0105,0x0906,
  0x08E5,0x10C5,0x10E5,0x10C5,0x08C5,0x10C4,0x10C4,0x08C4,0x10C5,0x10C4,0x10C4,0x10C4,
  0x10C4,0x10C5,0x10C4,0x10C4,0x10C4,0x10C4,0x10C5,0x08C4,0x10C5,0x10C5,0x10C4,0x10C5,
  0x10C4,0x08C5,0x10C4,0x10C5,0x10C4,0x10C5,0x10C4,0x10C5,0x10C4,0x10C5,0x10C4,0x08C5,
  0x10C4,0x10C5,0x10C4,0x10C5,0x08E5,0x08E5,0x08E5,0x10C5,0x10C5,0x10C5,0x08E6,0x10E5,
  0x18C5,0x10A5,0x10C5,0x10C4,0x10C5,0x10A5,0x10C4,0x10C5,0x10C5,0x10C5,0x10C5,0x10C5,
  0x10C4,0x10C5,0x10C5,0x10C5,0x10C5,0x10C5,0x10C4,0x10C5,0x10C4,0x10C5,0x10C4,0x10C5,
  0x10C4,0x10C5,0x10C4,0x10C5,0x10C4,0x10C5,0x10C4,0x10C5,0x10C4,0x10C5,0x10C4,0x10C5,
  0x10E4,0x10C5,0x10C5,0x10C4,0x10C5,0x10C4,0x10A5,0x10C4,0x10A5,0x10C4,0x10C5,0x10C4,
  0x10C4,0x08C5,0x10C4,0x10C4,0x10A5,0x10A4,0x10A5,0x10C4,0x10A4,0x10A4,0x10A4,0x10A5,
  0x10A4,0x10A5,0x08C4,0x10A4,0x10C4,0x08A4,0x10C4,0x10A4,0x08A4,0x10A4,0x10A5,0x10A4,
  0x10A4,0x10A4,0x10A4,0x10A4,0x10A4,0x08A4,0x10A4,0x08A4,0x10A5,0x10A4,0x10A4,0x10A5,
  0x08A4,0x10A4,0x10A4,0x10A4,0x08A4,0x10A4,0x10A4,0x08A4,0x10A4,0x10A4,0x1084,0x10A4,
  0x0884,0x10A4,0x1084,0x08A4,0x1084,0x08A3,0x1084,0x08A4,0x1083,0x08A4,0x1084,0x08A4,
  0x1083,0x08A4,0x1083,0x08A4,0x1083,0x08A4,0x1084,0x08A4,0x0883,0x10A4,0x0883,0x10A4,
  0x0883,0x10A4,0x0883,0x08A4,0x1083,0x08A4,0x0883,0x1084,0x0883,0x0884,0x0883,0x1083,
  0x0883,0x0884,0x0883,0x0884,0x1083,0x0884,0x0883,0x1084,0x08A4,0x0883,0x08A4,0x1083,
  0x0884,0x0883,0x1084,0x08A3,0x1084,0x08A4,0x1083,0x08A4,0x1084,0x08A3,0x1084,0x08A4,
  0x1084,0x08A4,0x1083,0x08A4,0x10A3,0x10A4,0x10A3,0x08A4,0x10A4,0x08A4,0x10A4,0x10A4,
  0x08A4,0x10A4,0x10A4,0x08A4,0x10A4,0x0884,0x10A4,0x10A4,0x08A4,0x10A4,0x08A4,0x1084,
  0x10A4,0x10A4,0x08A4,0x10A4,0x08A5,0x10A4,0x08A4,0x10A4,0x08A4,0x10A5,0x08A4,0x10A4,
  0x10A4,0x10A4,0x10A4,0x10A4,0x08A4,0x10A4,0x08C4,0x10C5,0x10C4,0x10A4,0x10C4,0x10A4,
  0x08C4,0x10A5,0x08C4,0x10A4,0x10C4,0x10C5,0x10C4,0x10C5,0x10C4,0x10C4,0x10C4,0x10C5,
  0x10C4,0x10C4,0x08C5,0x10C4,0x10C5,0x10A4,0x10C5,0x10C4,0x10C5,0x10C4,0x10C5,0x10C4,
  0x10C5,0x10C4,0x10C5,0x10C4,0x10C5,0x10C4,0x10C5,0x10C4,0x10C5,0x10C4,0x10C5,0x10C4,
  0x10C5,0x10C4,0x10C5,0x10C4,0x10A5,0x10C5,0x10A5,0x10C4,0x10C5,0x10C5,0x10C5,0x10C4,
  0x10C5,0x10C5,0x10C5,0x10C5,0x10C5,0x10C4,0x10C5,0x10C5,0x10E5,0x08C5,0x08E5,0x10C5,
  0x18A5,0x2084,0x20A5,0x18A5,0x18A5,0x10C5,0x10E5,0x10E5,0x10C5,0x10C5,0x08C5,0x08E5,
  0x10E4,0x08C5,0x10C5,0x08E4,0x10C5,0x08E5,0x10C5,0x08E5,0x10C4,0x08E5,0x10C4,0x08E5,
  0x10C4,0x08E5,0x10C4,0x08C5,0x10C4,0x08E5,0x10C5,0x08E5,0x10C5,0x08E5,0x10C5,0x08E4,
  0x10C5,0x08E5,0x10C5,0x08E5,0x10C5,0x08E5,0x10C5,0x08E5,0x08E4,0x10E5,0x10C4,0x10C5,
  0x10C5,0x10C5,0x18A5,0x18C5,0x18A5,0x18A5,0x10C5,0x10A5,0x10C5,0x18C4,0x10C5,0x10E5,
  0x10C4,0x10C5,0x10A5,0x10C5,0x10C5,0x10C5,0x10C4,0x10C5,0x10A5,0x10C4,0x10A5,0x10C4,
  0x10A5,0x10C5,0x10A5,0x10C5,0x10C4,0x10C5,0x10C4,0x10C5,0x10C4,0x10C5,0x10C4,0x10C5,
  0x10C4,0x10C5,0x10C4,0x10C5,0x10C4,0x10C5,0x10C4,0x10C5,0x10C5,0x10C4,0x10C5,0x10C4,
  0x10C5,0x10C4,0x10C4,0x10C5,0x10C4,0x08C4,0x10A4,0x10C5,0x10A4,0x10C4,0x10A5,0x10C4,
  0x10C4,0x10C4,0x10A4,0x10C5,0x10A4,0x10C5,0x08A4,0x10C4,0x10A4,0x10A4,0x10A4,0x10A5,
  0x10A4,0x10A5,0x10A4,0x10A5,0x10A4,0x10A4,0x08A4,0x10A4,0x08A4,0x10A4,0x08A4,0x10A4,
  0x10A5,0x10A4,0x10A4,0x10A4,0x10A4,0x08A4,0x10A4,0x10A4,0x08A4,0x1084,0x08A4,0x1084,
  0x10A4,0x0884,0x10A4,0x1084,0x08A4,0x10A4,0x08A4,0x10A4,0x08A4,0x10A4,0x08A4,0x10A4,
  0x08A4,0x10A4,0x10A4,0x08A4,0x1084,0x08A3,0x1084,0x08A3,0x1084,0x08A4,0x1083,0x08A4,
  0x1084,0x08A3,0x1084,0x08A3,0x1084,0x0883,0x0884,0x1083,0x0884,0x0883,0x1084,0x0883,
  0x0884,0x1083,0x0884,0x0883,0x0884,0x1083,0x0884,0x0883,0x0883,0x1084,0x0883,0x0883,
  0x0884,0x1083,0x08A4,0x0883,0x1084,0x0883,0x1084,0x08A4,0x1083,0x08A4,0x0883,0x0884,
  0x10A3,0x0884,0x10A4,0x0883,0x10A4,0x0884,0x10A3,0x0884,0x10A3,0x0884,0x10A4,0x0883,
  0x10A4,0x0884,0x10A4,0x1084,0x08A4,0x1084,0x08A4,0x1084,0x10A4,0x0884,0x10A4,0x1084,
  0x10A4,0x10A4,0x0884,0x10A4,0x1084,0x10A4,0x10A4,0x08A4,0x10A4,0x10A4,0x10A5,0x10A4,
  0x10A4,0x10A4,0x10A4,0x10A4,0x10A4,0x10A4,0x10A4,0x08A4,0x10A4,0x08A5,0x10A4,0x10A4,
  0x08A4,0x10A5,0x10A4,0x10A4,0x08C4,0x10A5,0x08C4,0x10A5,0x10C4,0x10A4,0x10C5,0x08A4,
  0x10C5,0x10C4,0x10A4,0x08C4,0x10A5,0x10C4,0x10A5,0x10C4,0x08A5,0x10C4,0x10A4,0x10C4,
  0x10C4,0x10C5,0x10C4,0x10C5,0x10C4,0x10C5,0x10C4,0x10C5,0x10C4,0x10C5,0x10C4,0x10C5,
  0x10C4,0x10C5,0x10C4,0x10C5,0x10C4,0x10C5,0x10C4,0x10C5,0x10C4,0x10C5,0x10C4,0x10C5,
  0x10C5,0x10C4,0x10C5,0x10C5,0x10C5,0x10C5,0x10C5,0x10C5,0x10C5,0x10C5,0x18C5,0x10C4,
  0x10C5,0x10C5,0x10A5,0x10C4,0x10C5,0x10E5,0x08E5,0x10E5,0x18A4,0x18A5,0x2085,0x20A4,
  0x18A5,0x10C4,0x10C5,0x10C4,0x10A5,0x10C5,0x08E5,0x08E5,0x08E5,0x08E4,0x10E5,0x08E5,
  0x10E4,0x08E5,0x10E4,0x08E5,0x10E4,0x08E5,0x10E5,0x08E4,0x10E5,0x08E5,0x10E4,0x08E5,
  0x10E5,0x08E5,0x10E5,0x08E4,0x10E5,0x08E5,0x10E5,0x08E5,0x10E5,0x08E5,0x10E4,0x08E5,
  0x10E5,0x08E4,0x10E5,0x08C5,0x08E4,0x08E5,0x08C4,0x10C5,0x10C5,0x10A5,0x18A5,0x18A5,
  0x18A5,0x18A5,0x10A5,0x10C4,0x10C5,0x10C4,0x10C4,0x10C5,0x10C5,0x10C5,0x10C4,0x10C5,
  0x10C5,0x10C5,0x10C5,0x10C5,0x10C5,0x10C5,0x10C5,0x10C5,0x10C5,0x10C5,0x10C5,0x10C5,
  0x10C4,0x10C5,0x10C4,0x10C5,0x10C4,0x10C5,0x10C4,0x10C5,0x10C4,0x10C5,0x10C4,0x10C5,
  0x10C4,0x10C5,0x10C4,0x10C4,0x10C5,0x10E4,0x10C5,0x10C4,0x10C5,0x10C4,0x10C5,0x08A4,
  0x10C5,0x10C4,0x10C5,0x10C4,0x08C5,0x10C4,0x10C4,0x10C5,0x10A4,0x10A5,0x10C4,0x10A5,
  0x10A4,0x10A4,0x10A4,0x10A5,0x10C4,0x10A5,0x10C4,0x10A4,0x10C4,0x10A4,0x10C4,0x10A4,
  0x08A4,0x10A4,0x10A4,0x10A4,0x10A4,0x10A4,0x10A5,0x08A4,0x10A4,0x08A4,0x10A4,0x08A5,
  0x10A4,0x10A4,0x08A4,0x10A4,0x10A4,0x08A4,0x10A4,0x08A4,0x10A4,0x10A4,0x08A4,0x10A4,
  0x0884,0x10A4,0x0884,0x10A4,0x1084,0x08A4,0x1084,0x10A4,0x1083,0x08A4,0x1083,0x10A4,
  0x0883,0x10A4,0x0884,0x10A4,0x0883,0x10A4,0x0884,0x10A3,0x0884,0x10A4,0x0884,0x10A4,
  0x0883,0x10A4,0x0884,0x08A3,0x1084,0x08A4,0x0883,0x10A4,0x0884,0x10A3,0x0884,0x1083,
  0x0884,0x0883,0x0884,0x0883,0x0883,0x0884,0x0883,0x1084,0x0883,0x0884,0x1083,0x0884,
  0x08A3,0x1084,0x0883,0x0884,0x0883,0x1084,0x08A4,0x1083,0x08A4,0x1084,0x08A3,0x1084,
  0x08A4,0x1083,0x08A4,0x1084,0x08A3,0x1084,0x08A3,0x1084,0x08A4,0x10A4,0x08A3,0x10A4,
  0x10A4,0x10A4,0x10A4,0x08A4,0x10A4,0x10A4,0x08A4,0x10A4,0x08A4,0x10A4,0x08A4,0x10A4,
  0x08A4,0x1084,0x08A4,0x1084,0x10A4,0x08A4,0x10A4,0x08A4,0x10A4,0x08A4,0x10A5,0x08A4,
  0x10A4,0x08A4,0x10A4,0x10A5,0x10A4,0x10A4,0x08A4,0x10A4,0x10A4,0x08A4,0x10C4,0x08A4,
  0x10C5,0x10A4,0x10C4,0x10A4,0x08C4,0x10A4,0x10C4,0x10A4,0x10C4,0x10C5,0x10C4,0x10C5,
  0x10C4,0x10C5,0x08C4,0x10C4,0x10C5,0x10C4,0x10C5,0x10A5,0x08C4,0x10A4,0x10C5,0x10C4,
  0x10C5,0x10C4,0x10C5,0x10E5,0x10C4,0x10C5,0x10C4,0x10C5,0x10C4,0x10C5,0x10C4,0x10C5,
  0x10C4,0x10C5,0x10C4,0x10C5,0x10C4,0x10C5,0x10C4,0x10C4,0x10C5,0x10C5,0x10C5,0x10C5,
  0x10C5,0x10C5,0x10C5,0x10C5,0x10C5,0x10C4,0x10C5,0x10C5,0x10C5,0x10C5,0x10C5,0x10C5,
  0x10C5,0x10C5,0x08E5,0x08E5,0x10E5,0x18C4,0x18A4,0x18C4,0x10C4,0x10E5,0x10E4,0x10C4,
  0x18C5,0x10C4,0x08E5,0x0905,0x0905,0x10E5,0x1105,0x08E5,0x10E5,0x08E5,0x10E5,0x08E5,
  0x10E5,0x08E5,0x10E5,0x08E5,0x10E5,0x08E5,0x1105,0x08E5,0x10E5,0x08E5,0x10E5,0x08E5,
  0x10E5,0x08E5,0x10E5,0x08E5,0x10E5,0x08E5,0x10E5,0x08E5,0x10E5,0x08E5,0x10E5,0x0905,
  0x10E5,0x08E4,0x10E5,0x08E4,0x10C5,0x18C4,0x10C5,0x10C4,0x10C4,0x10C4,0x10C5,0x10C4,
  0x10C5,0x10C4,0x10C5,0x10C4,0x10C5,0x10A4,0x10C5,0x10C5,0x10C5,0x18C4,0x10C5,0x10C5,
  0x18C5,0x10C5,0x10C5,0x10C5,0x10C4,0x10C5,0x10C5,0x10C5,0x10C4,0x10C5,0x10C4,0x10C5,
  0x10C4,0x10C5,0x10C4,0x10C5,0x10C4,0x10C5,0x10C4,0x10C5,0x10C4,0x10C5,0x10C4,0x10C5,
  0x10C5,0x10C4,0x10C5,0x10C4,0x10C5,0x10C4,0x10C4,0x10C5,0x10A4,0x10C5,0x10A4,0x10C4,
  0x10A5,0x10C4,0x10A5,0x10C4,0x10C5,0x10A4,0x10C5,0x10C4,0x10A4,0x10C5,0x10A4,0x08A4,
  0x10A4,0x10A4,0x08A4,0x10A5,0x10A4,0x08A5,0x10A4,0x10A5,0x10A4,0x10A4,0x08A5,0x10A4,
  0x08A4,0x10A4,0x10A4,0x10A4,0x10A4,0x10A4,0x10A4,0x10A4,0x10A4,0x10A4,0x10A5,0x10A4,
  0x08A4,0x1084,0x10A4,0x1084,0x08A4,0x1084,0x10A4,0x08A4,0x10A4,0x10A4,0x10A4,0x08A4,
  0x10A4,0x10A4,0x08A4,0x10A4,0x08A4,0x10A4,0x08A4,0x10A4,0x0884,0x10A3,0x0884,0x10A3,
  0x0884,0x10A4,0x0883,0x10A4,0x0884,0x10A3,0x0884,0x10A3,0x0884,0x0883,0x1084,0x0883,
  0x1084,0x0883,0x1084,0x0883,0x0884,0x1083,0x0884,0x0883,0x0884,0x1083,0x0883,0x0884,
  0x0883,0x0884,0x1083,0x0884,0x0883,0x1084,0x0884,0x1083,0x0884,0x08A3,0x1084,0x08A3,
  0x1084,0x0883,0x1084,0x0884,0x10A3,0x0884,0x10A4,0x0883,0x10A4,0x0884,0x10A3,0x0884,
  0x10A4,0x0884,0x10A4,0x0883,0x10A4,0x10A4,0x1084,0x08A3,0x1084,0x08A4,0x1084,0x08A4,
  0x1084,0x08A4,0x1084,0x08A4,0x1084,0x10A4,0x0884,0x10A4,0x10A4,0x08A4,0x10A4,0x08A4,
  0x10A4,0x10A4,0x10A4,0x10A4,0x10A5,0x10A4,0x10A4,0x10A4,0x10A4,0x10A5,0x08A4,0x10A4,
  0x08A4,0x10A4,0x10A4,0x10A5,0x08A4,0x10A4,0x10A4,0x10C5,0x10A4,0x08C4,0x10A4,0x10C5,
  0x10A4,0x08C5,0x10A4,0x08C5,0x10C4,0x10A4,0x08C5,0x10A4,0x10C4,0x10A4,0x10C5,0x10A4,
  0x10C4,0x10A5,0x08C4,0x10C4,0x10C5,0x10C4,0x10C5,0x10C4,0x10C5,0x10C4,0x10C5,0x10C4,
  0x10C5,0x10C4,0x10C5,0x10C4,0x10C5,0x10C4,0x10C5,0x10C4,0x10C5,0x10C4,0x10C5,0x10C4,
  0x10C5,0x10C4,0x10C5,0x10C5,0x10C5,0x10C5,0x10C5,0x10C4,0x10C5,0x10C5,0x10C4,0x18C5,
  0x10C5,0x10C5,0x10C5,0x18C5,0x10C5,0x10C4,0x10A5,0x10C4,0x10A5,0x10C5,0x08E5,0x0104,
  0x08E5,0x10E5,0x18C4,0x10E5,0x0925,0x0924,0x0905,0x10E5,0x18E5,0x10E5,0x0925,0x0925,
  0x0905,0x1105,0x0905,0x1105,0x1105,0x0905,0x1105,0x1105,0x0905,0x1105,0x1105,0x0905,
  0x1105,0x1105,0x0905,0x1105,0x1105,0x1105,0x0905,0x1105,0x1105,0x1105,0x0905,0x1105,
  0x1105,0x0905,0x1106,0x1105,0x0905,0x1105,0x1105,0x0905,0x1105,0x0905,0x1105,0x1105,
  0x1105,0x10E5,0x1105,0x1105,0x0905,0x1105,0x08E5,0x10E5,0x08E4,0x08E5,0x10C4,0x10A4,
  0x10C5,0x10C5,0x10A5,0x10C5,0x10C5,0x10C5,0x10C5,0x10C5,0x10C4,0x10C5,0x10C5,0x10C5,
  0x10C5,0x10C5,0x10C5,0x10C5,0x10C4,0x10C5,0x10C4,0x10C5,0x10C4,0x10C5,0x10C4,0x10C5,
  0x10C4,0x10C5,0x10C4,0x10C5,0x10C4,0x10C5,0x10C4,0x10C5,0x10E4,0x10C5,0x10C4,0x10C5,
  0x10C4,0x10C5,0x10C4,0x10C4,0x10C5,0x08C4,0x10C5,0x10C4,0x10C4,0x08C5,0x10C4,0x10C4,
  0x10A4,0x10C5,0x10A4,0x10A4,0x10A4,0x08A4,0x10C4,0x10A5,0x10C4,0x10A5,0x10C4,0x10A4,
  0x10C4,0x10A4,0x10C4,0x10A4,0x08A4,0x10A4,0x10A4,0x10A4,0x10A4,0x10A5,0x08A4,0x10A4,
  0x08A4,0x10A5,0x08A4,0x10A4,0x08A4,0x10A4,0x08A4,0x10A4,0x10A4,0x08A4,0x10A4,0x08A4,
  0x10A4,0x08A4,0x1084,0x10A4,0x0884,0x10A4,0x0884,0x10A4,0x0884,0x10A4,0x1084,0x08A4,
  0x1084,0x10A3,0x1084,0x08A4,0x1083,0x08A4,0x1084,0x08A4,0x1083,0x08A4,0x1084,0x08A3,
  0x1084,0x08A4,0x1083,0x08A4,0x1084,0x08A3,0x1084,0x08A3,0x0884,0x10A4,0x0883,0x10A4,
  0x0883,0x08A4,0x1083,0x0884,0x0883,0x0884,0x0883,0x0883,0x0883,0x0884,0x0883,0x0883,
  0x1084,0x0883,0x08A4,0x1083,0x0884,0x1084,0x0883,0x0884,0x08A3,0x1084,0x08A3,0x0884,
  0x10A4,0x0883,0x10A4,0x0884,0x10A3,0x0884,0x10A4,0x0883,0x10A4,0x0883,0x10A4,0x0884,
  0x10A4,0x08A3,0x10A4,0x08A4,0x10A4,0x08A4,0x10A4,0x10A4,0x08A4,0x10A4,0x10A4,0x10A4,
  0x08A4,0x10A4,0x10A4,0x0884,0x10A4,0x1084,0x08A4,0x1084,0x10A4,0x08A5,0x10A4,0x08A4,
  0x10A4,0x08A4,0x10A4,0x08A4,0x10A4,0x10A4,0x10A4,0x10A4,0x10A4,0x10A5,0x08A4,0x10A4,
  0x10A4,0x08C4,0x10A4,0x08C4,0x10A4,0x10C5,0x10A4,0x08C4,0x10A4,0x10C4,0x10A4,0x10C4,
  0x10C5,0x10C4,0x10C4,0x10C5,0x10C4,0x10C5,0x10C4,0x10C5,0x08C4,0x10C4,0x10C5,0x10A4,
  0x10C4,0x10A5,0x10C4,0x10C5,0x10C4,0x10C5,0x10C4,0x10C5,0x10C4,0x10C5,0x10C4,0x10C5,
  0x10C4,0x10C5,0x10C4,0x10C5,0x10C4,0x10C5,0x10C4,0x10C5,0x10C4,0x10C5,0x10C4,0x10C4,
  0x10C5,0x10C5,0x10C5,0x10C5,0x10C5,0x18C5,0x10C5,0x10C5,0x10C5,0x10C5,0x10C5,0x10C4,
  0x10C5,0x10C5,0x10C5,0x10A5,0x18A5,0x10C5,0x08E5,0x0125,0x0925,0x0925,0x1105,0x1125,
  0x0165,0x0165,0x1145,0x1125,0x1926,0x1906,0x1146,0x0946,0x1146,0x1125,0x1126,0x1125,
  0x1126,0x1125,0x1126,0x1125,0x1126,0x1125,0x1126,0x1125,0x1126,0x1125,0x1126,0x1125,
  0x1126,0x1126,0x1126,0x1126,0x1126,0x1126,0x1126,0x1126,0x1126,0x1126,0x1126,0x1126,
  0x1126,0x1126,0x1126,0x1126,0x1146,0x1126,0x1146,0x1146,0x1125,0x1145,0x0945,0x0945,
  0x0945,0x0945,0x0925,0x0924,0x0905,0x10E5,0x10C5,0x10A5,0x10C5,0x10C4,0x10C5,0x10C5,
  0x10C4,0x10C5,0x10C5,0x10C5,0x10C5,0x10C5,0x18C5,0x10C4,0x10C5,0x18C5,0x10C5,0x10C5,
  0x10C4,0x10C5,0x10C4,0x10C5,0x10C4,0x10C5,0x10C4,0x10C5,0x10C4,0x10C5,0x10C4,0x10C5,
  0x10C4,0x10C5,0x10C4,0x10C5,0x10C4,0x10C5,0x10C4,0x10C5,0x10C4,0x10C5,0x10C4,0x08A5,
  0x10C4,0x10A4,0x10C4,0x10A5,0x10C4,0x10A4,0x10C5,0x10C4,0x10A5,0x10C4,0x10A4,0x10C5,
  0x10A4,0x10A5,0x10A4,0x10A4,0x10A4,0x10A4,0x10A4,0x10A5,0x10A4,0x10A5,0x08A4,0x10A5,
  0x10A4,0x10A4,0x08A4,0x10A5,0x08A4,0x10A4,0x10A4,0x10A4,0x10A4,0x10A4,0x10A4,0x10A4,
  0x10A5,0x10A4,0x10A4,0x10A4,0x08A4,0x1084,0x08A4,0x1084,0x10A4,0x10A4,0x08A4,0x10A4,
  0x08A4,0x10A4,0x10A4,0x08A4,0x10A4,0x08A4,0x10A4,0x10A4,0x08A4,0x10A4,0x08A4,0x10A4,
  0x0884,0x10A3,0x0884,0x10A3,0x0884,0x10A4,0x0883,0x10A4,0x0883,0x10A4,0x0884,0x10A3,
  0x0884,0x0883,0x0884,0x1084,0x0883,0x0884,0x0883,0x0884,0x1084,0x0883,0x1084,0x0883,
  0x1084,0x0883,0x1084,0x0883,0x0883,0x1084,0x0883,0x0884,0x0883,0x1084,0x0883,0x08A4,
  0x1083,0x08A4,0x1083,0x0884,0x1084,0x0883,0x1084,0x0883,0x10A4,0x0884,0x10A3,0x0884,
  0x10A4,0x0883,0x10A4,0x0884,0x10A4,0x0884,0x10A3,0x0884,0x10A3,0x10A4,0x0884,0x10A4,
  0x1084,0x10A4,0x0884,0x10A4,0x1084,0x08A4,0x1084,0x08A4,0x1084,0x08A4,0x10A4,0x10A4,
  0x08A4,0x10A4,0x10A4,0x08A4,0x10A4,0x10A4,0x10A4,0x10A4,0x10A4,0x10A4,0x10A5,0x10A4,
  0x08A4,0x10A4,0x08A4,0x10A5,0x08A4,0x10A4,0x10A4,0x10A4,0x08A4,0x10A5,0x08A4,0x10C5,
  0x10A4,0x08C4,0x10A4,0x10C5,0x10A4,0x08C5,0x10A4,0x08C4,0x10A5,0x10C4,0x10A5,0x08C4,
  0x10A4,0x10C4,0x08A5,0x10C4,0x10A5,0x10C4,0x10C4,0x10C5,0x10C4,0x10C4,0x10C5,0x10C4,
  0x10C5,0x10C4,0x10C5,0x10E5,0x10C4,0x10C5,0x10C4,0x10C5,0x10C4,0x10C5,0x10C4,0x10C5,
  0x10C4,0x10C5,0x10C4,0x10C5,0x10C4,0x10C5,0x10C4,0x10C5,0x10C4,0x10C5,0x10C5,0x18C5,
  0x10C5,0x08C5,0x10C5,0x10C5,0x18C5,0x10C4,0x10C5,0x10C5,0x10C4,0x10C5,0x10C4,0x10C5,
  0x18A5,0x08C5,0x0125,0x0145,0x0165,0x0186,0x01A5,0x01A6,0x01C6,0x01E6,0x01C6,0x01A6,
  0x01A7,0x01A6,0x01A7,0x01C7,0x01A7,0x01A7,0x01A7,0x01A7,0x01A7,0x01A7,0x01A7,0x01A7,
  0x01A7,0x01A7,0x01A7,0x01A7,0x01A7,0x01A7,0x01A7,0x01A7,0x01A7,0x01A7,0x01A7,0x01A7,
  0x01A7,0x01A7,0x01A7,0x01A7,0x01A7,0x01A7,0x01A7,0x01A7,0x01A7,0x01A7,0x01A7,0x01A7,
  0x01C7,0x01A7,0x01A7,0x01A7,0x01A7,0x01C7,0x01C6,0x01C6,0x01C6,0x01A6,0x01A6,0x0186,
  0x0145,0x0125,0x08E5,0x10E5,0x10C5,0x10C5,0x10A5,0x10C5,0x18A5,0x10C4,0x18C5,0x10C5,
  0x10C5,0x10C5,0x10C5,0x10C5,0x10C5,0x10C5,0x10C4,0x10E5,0x10C4,0x10C5,0x10C4,0x10C5,
  0x10C4,0x10C5,0x10C4,0x10C5,0x10C4,0x10C5,0x10C4,0x10C5,0x10C4,0x10C5,0x10C4,0x10C5,
  0x10C5,0x10E4,0x10C5,0x10C4,0x10C5,0x10C4,0x10C5,0x10C4,0x10C5,0x10C4,0x10C5,0x08C4,
  0x10C5,0x10C4,0x10A4,0x08C5,0x10A4,0x10C4,0x10A5,0x10C4,0x10A4,0x10C4,0x10A5,0x08C4,
  0x10A5,0x10C4,0x08A4,0x10C4,0x10A4,0x10C4,0x10A4,0x10C4,0x10A4,0x08A4,0x10A4,0x10A4,
  0x10A4,0x10A4,0x08A4,0x10A5,0x08A4,0x10A4,0x08A4,0x10A4,0x08A4,0x10A4,0x08A4,0x10A5,
  0x10A4,0x08A4,0x10A4,0x08A4,0x1084,0x08A4,0x1084,0x10A4,0x1084,0x08A4,0x1084,0x10A4,
  0x1084,0x10A4,0x0884,0x10A4,0x1083,0x08A4,0x1083,0x10A4,0x0883,0x10A4,0x0884,0x10A4,
  0x0883,0x10A4,0x0884,0x10A4,0x0884,0x10A3,0x0884,0x10A4,0x0883,0x10A4,0x0883,0x10A4,
  0x0883,0x10A4,0x1083,0x08A4,0x1083,0x08A4,0x0883,0x0884,0x0883,0x0884,0x0883,0x0884,
  0x0883,0x0884,0x0883,0x1084,0x0883,0x0884,0x1084,0x0883,0x0884,0x0883,0x10A4,0x0883,
  0x08A4,0x1083,0x08A4,0x0883,0x10A4,0x0883,0x10A4,0x0884,0x10A3,0x0884,0x10A4,0x0883,
  0x10A4,0x08A4,0x10A4,0x10A4,0x08A4,0x10A4,0x10A4,0x08A3,0x10A4,0x08A4,0x10A4,0x08A4,
  0x10A4,0x10A4,0x08A4,0x10A4,0x10A4,0x1084,0x08A4,0x1084,0x10A4,0x08A4,0x10A4,0x10A4,
  0x10A4,0x08A4,0x10A4,0x08A4,0x10A5,0x08A4,0x10A4,0x10A4,0x0884,0x10A4,0x10A4,0x10A4,
  0x10A4,0x10A4,0x08A5,0x10A4,0x10C4,0x10A4,0x10C4,0x10A4,0x08C4,0x10A5,0x10C4,0x08A4,
  0x10C4,0x10C5,0x10C4,0x10C5,0x10C4,0x10C4,0x10C4,0x10C5,0x10C4,0x10C5,0x10C4,0x10C4,
  0x10C4,0x10C5,0x10C5,0x10C4,0x10C5,0x10C5,0x10C4,0x10C5,0x10C4,0x10C5,0x10C4,0x10C4,
  0x10C5,0x10C5,0x10C5,0x10C5,0x10C5,0x10C5,0x10C5,0x10C5,0x10C5,0x10A5,0x10C5,0x10C5,
  0x10C5,0x10C5,0x10C5,0x10C5,0x10C5,0x10C4,0x18A5,0x10C5,0x08E5,0x08E5,0x08E5,0x10C5,
  0x1084,0x18E5,0x0883,0x1905,0x10A4,0x18C5,0x2126,0x10A5,0x10C5,0x0906,0x0125,0x01A6,
  0x0227,0x45B4,0x3532,0x2D33,0x3573,0x3553,0x2D74,0x3553,0x2D74,0x3554,0x3554,0x3554,
  0x3553,0x3553,0x3553,0x2D54,0x3553,0x3553,0x2D53,0x3554,0x2D53,0x3573,0x2D53,0x3554,
  0x2D73,0x3553,0x2D54,0x3573,0x2D53,0x3554,0x3554,0x2D53,0x3554,0x3554,0x2D54,0x3553,
  0x2D54,0x3553,0x2D54,0x3573,0x2D54,0x3553,0x2D54,0x2D73,0x2D74,0x2D74,0x3D33,0x3D34,
  0x3553,0x2D74,0x3574,0x2D73,0x3574,0x2D52,0x3573,0x3D73,0x0207,0x0186,0x0105,0x0946,
  0x0906,0x08E5,0x0863,0x2106,0x18A4,0x1083,0x10C5,0x08C4,0x10E5,0x10C5,0x10C5,0x10C5,
  0x18C5,0x10C5,0x10E4,0x10E5,0x10C4,0x10C5,0x10C5,0x10C5,0x10C5,0x10A5,0x10C5,0x10A5,
  0x10C5,0x10A5,0x10C5,0x10A5,0x10C5,0x10C5,0x10C5,0x10C4,0x10C5,0x10C4,0x10C5,0x10C4,
  0x10C5,0x10C4,0x10C5,0x10C4,0x10C5,0x10C4,0x10C5,0x10A4,0x10C4,0x10C5,0x10C4,0x10C4,
  0x10C5,0x10C4,0x10C5,0x10C4,0x08C5,0x10C4,0x10C4,0x10C5,0x10A4,0x08C4,0x10A5,0x10C4,
  0x08A5,0x10C4,0x08A5,0x10C4,0x10A5,0x10A4,0x10A4,0x08A4,0x10A4,0x10A5,0x0884,0x10A4,
  0x10A4,0x10A4,0x10A5,0x10A4,0x10A4,0x10A4,0x10A4,0x10A4,0x08A4,0x10A4,0x10A4,0x10A4,
  0x08A4,0x10A4,0x08A4,0x10A4,0x08A4,0x10A4,0x08A4,0x10A4,0x08A4,0x10A4,0x08A4,0x10A4,
  0x08A4,0x10A4,0x10A4,0x08A4,0x10A4,0x10A4,0x08A3,0x10A4,0x0884,0x10A3,0x0884,0x10A3,
  0x0884,0x10A4,0x0883,0x10A4,0x0884,0x10A4,0x0883,0x0884,0x1083,0x0884,0x0883,0x0884,
  0x10A4,0x0884,0x1083,0x0884,0x1083,0x0884,0x1083,0x0883,0x0883,0x0884,0x1083,0x0883,
  0x0884,0x1083,0x08A4,0x1083,0x08A4,0x1084,0x0883,0x1084,0x0883,0x0884,0x1084,0x0883,
  0x10A4,0x0884,0x10A3,0x0884,0x10A4,0x0883,0x10A4,0x0884,0x10A3,0x10A4,0x0883,0x10A4,
  0x1083,0x08A4,0x1084,0x08A4,0x1084,0x10A4,0x0884,0x10A4,0x0884,0x10A4,0x1084,0x08A4,
  0x10A4,0x08A4,0x10A4,0x08A4,0x1084,0x10A4,0x10A4,0x08A4,0x10A4,0x10A5,0x10A4,0x10A4,
  0x10A4,0x10A4,0x08A4,0x10A4,0x10A4,0x0884,0x10A5,0x10A4,0x08A4,0x10A4,0x10A4,0x10A5,
  0x10C4,0x08A5,0x10C4,0x10A5,0x10C4,0x10A4,0x08C4,0x10A5,0x10C4,0x10C4,0x10A5,0x10C4,
  0x08A5,0x10C4,0x10A5,0x10C4,0x10A5,0x10C4,0x10A5,0x10C4,0x10A5,0x10C4,0x10C5,0x10C4,
  0x10C5,0x10C4,0x10C5,0x10C4,0x10C5,0x10C4,0x10C5,0x10C5,0x10C5,0x10A4,0x10C5,0x10A4,
  0x10C5,0x10A4,0x10C5,0x10A4,0x10C5,0x10C4,0x10A5,0x10C5,0x10C5,0x10C5,0x10C5,0x10C4,
  0x10C5,0x18C4,0x18A5,0x10C5,0x08E6,0x0105,0x10E6,0x10C5,0x18C5,0x18E5,0x1105,0x08A3,
  0x10C5,0x1084,0x0063,0x1106,0x1147,0x00E5,0x0207,0x4554,0x2D73,0x1512,0x2DF5,0x1DB4,
  0x1DB4,0x1DB4,0x1DB4,0x15D4,0x15B4,0x15D4,0x1DB4,0x1DB4,0x1DB4,0x1DB5,0x1D94,0x1DB4,
  0x1DB5,0x1DB4,0x1DB5,0x1DB4,0x1DB4,0x15B5,0x1DD4,0x1DB4,0x1DB5,0x15D4,0x1DB4,0x1DB5,
  0x1DB4,0x1DB4,0x1DB4,0x1DB4,0x1DB4,0x1DB4,0x1DB4,0x1DB4,0x1DD5,0x15B4,0x1DB4,0x1DB5,
  0x15B4,0x1DD4,0x1DB5,0x15D4,0x0DF4,0x15D4,0x2574,0x2D74,0x1DB4,0x15B4,0x15D4,0x1DB4,
  0x1DB4,0x1DB4,0x1E14,0x1511,0x3533,0x4D34,0x01C7,0x0146,0x00E5,0x0905,0x1906,0x0822,
  0x18C5,0x20E5,0x10A4,0x10E5,0x08E5,0x08E5,0x10C6,0x10A5,0x18C5,0x10C5,0x10E4,0x10E4,
  0x10C5,0x10C5,0x10C5,0x10C5,0x10C5,0x10C4,0x10C5,0x10C4,0x10C5,0x10C4,0x10C5,0x10C4,
  0x10A5,0x10C4,0x10A5,0x10C5,0x10C4,0x10C5,0x10C4,0x10C5,0x10C4,0x10C5,0x10C4,0x10C5,
  0x10C4,0x10C5,0x10C4,0x10C5,0x10A4,0x08C5,0x10A4,0x10C5,0x10A4,0x10C4,0x08A5,0x10C4,
  0x10A4,0x10C5,0x10A4,0x10C4,0x08A4,0x10C4,0x10A4,0x10C4,0x10A4,0x10C4,0x10A4,0x10C4,
  0x10A4,0x10A5,0x08A4,0x10A4,0x10A4,0x08A4,0x10A4,0x1084,0x08A4,0x10A4,0x08A4,0x10A4,
  0x08A4,0x10A5,0x08A4,0x10A4,0x10A4,0x10A4,0x08A4,0x1084,0x10A4,0x0884,0x10A4,0x0884,
  0x10A4,0x1084,0x08A4,0x1084,0x08A4,0x1084,0x10A4,0x0884,0x10A4,0x1083,0x08A4,0x1084,
  0x08A3,0x1084,0x10A4,0x08A4,0x1083,0x08A4,0x1084,0x08A3,0x1084,0x08A3,0x1084,0x08A4,
  0x1083,0x08A4,0x1083,0x08A4,0x0884,0x10A3,0x0884,0x0883,0x1083,0x08A4,0x1084,0x08A3,
  0x0884,0x1083,0x0884,0x0883,0x0883,0x0884,0x0883,0x0884,0x1083,0x0884,0x0883,0x1084,
  0x0883,0x08A4,0x1083,0x08A4,0x1083,0x08A4,0x0883,0x1084,0x08A4,0x1083,0x08A4,0x1084,
  0x08A3,0x1084,0x08A3,0x1084,0x08A4,0x10A4,0x10A4,0x08A4,0x10A4,0x10A4,0x08A3,0x10A4,
  0x08A4,0x10A4,0x10A4,0x10A4,0x10A4,0x08A4,0x10A4,0x1084,0x08A4,0x1084,0x10A4,0x10A4,
  0x08A4,0x10A4,0x10A5,0x10A4,0x10A4,0x08A4,0x10A4,0x08A4,0x10A4,0x10A4,0x10A5,0x10A4,
  0x08A4,0x10A4,0x10A4,0x08A4,0x10A4,0x10A4,0x10A4,0x10A4,0x08C4,0x10A4,0x10C4,0x08A4,
  0x10C4,0x10A5,0x10C4,0x10A4,0x10C5,0x10C4,0x08C4,0x10C4,0x10C5,0x10C4,0x10C4,0x08C5,
  0x10C4,0x10C4,0x08C4,0x10C5,0x10C4,0x10C5,0x10C4,0x10C5,0x10C4,0x10C5,0x10C4,0x10C5,
  0x10C4,0x10C5,0x10C4,0x10C4,0x10C5,0x10C5,0x10C5,0x10C5,0x10C5,0x10C5,0x10C5,0x10C5,
  0x10C5,0x10C5,0x10C4,0x10C5,0x10C5,0x10C4,0x10C5,0x10C5,0x10C4,0x10C5,0x18C5,0x10C5,
  0x08E5,0x08E6,0x08E5,0x10C5,0x18A4,0x10A4,0x1905,0x00A3,0x1925,0x10E5,0x1106,0x0967,
  0x0105,0x01E8,0x4554,0x2512,0x1DB4,0x2655,0x0531,0x1DF5,0x1DB4,0x15B4,0x15D4,0x0DD4,
  0x15D4,0x0DB4,0x15B4,0x1594,0x1DB4,0x15B4,0x1DB4,0x1DB4,0x15B4,0x1DB4,0x15B4,0x1DB4,
  0x15B4,0x1DB4,0x15B5,0x15B4,0x1DB4,0x15B4,0x15B4,0x15B4,0x1DB4,0x15B5,0x1DB4,0x15B5,
  0x1DB4,0x15B4,0x1DB5,0x15B4,0x15B4,0x1DB5,0x15B4,0x1DB4,0x15B4,0x1DB5,0x15B4,0x15D4,
  0x05F5,0x0DD4,0x2595,0x2594,0x15B5,0x15D4,0x0DD4,0x15D4,0x2635,0x0532,0x15F4,0x15F4,
  0x2573,0x3D74,0x3CF3,0x01E8,0x01A7,0x0946,0x08C5,0x1906,0x2106,0x0883,0x0063,0x1106,
  0x10E5,0x08C6,0x10C5,0x18C6,0x10A5,0x10C5,0x10E4,0x08E5,0x10C4,0x10C5,0x10C5,0x10C5,
  0x10C5,0x10C5,0x10A5,0x10C5,0x10A5,0x10C5,0x10A5,0x10C5,0x10C5,0x10C5,0x10C4,0x10A5,
  0x10C4,0x10C5,0x10C4,0x10C5,0x10C4,0x10C5,0x10C4,0x10C5,0x10C4,0x10C5,0x10C4,0x10C4,
  0x10C5,0x10C4,0x10C4,0x10C4,0x08C5,0x10C4,0x10C4,0x10C5,0x10C4,0x10C5,0x08C4,0x10C5,
  0x10A4,0x10C5,0x10A4,0x08C5,0x10A4,0x08C5,0x10A4,0x08C5,0x10A4,0x10A4,0x10A4,0x10A4,
  0x10A5,0x10A4,0x08A4,0x10A4,0x10A4,0x10A4,0x10A4,0x10A5,0x10A4,0x10A4,0x10A4,0x10A4,
  0x08A4,0x10A4,0x10A4,0x08A4,0x10A4,0x10A4,0x08A4,0x10A4,0x08A4,0x10A4,0x10A4,0x08A4,
  0x10A4,0x08A4,0x10A4,0x10A4,0x08A4,0x10A4,0x10A4,0x08A4,0x10A4,0x08A4,0x1083,0x10A4,
  0x0884,0x10A3,0x0884,0x10A4,0x0884,0x10A4,0x0883,0x10A4,0x0884,0x10A3,0x0884,0x1083,
  0x0884,0x0883,0x1084,0x0883,0x08A4,0x1083,0x0884,0x1083,0x08A4,0x0884,0x0883,0x0884,
  0x0883,0x1084,0x0883,0x0884,0x0883,0x1084,0x08A3,0x0884,0x1083,0x0884,0x0883,0x0884,
  0x0884,0x1083,0x08A4,0x0883,0x10A4,0x0884,0x10A3,0x0884,0x10A4,0x0884,0x10A4,0x0883,
  0x10A4,0x08A4,0x1083,0x10A4,0x0884,0x10A3,0x1084,0x10A4,0x1084,0x08A4,0x1084,0x08A4,
  0x1084,0x08A4,0x10A4,0x08A4,0x10A4,0x10A4,0x0884,0x10A4,0x1084,0x08A4,0x10A4,0x08A4,
  0x10A4,0x10A4,0x10A5,0x10A4,0x10A4,0x08A4,0x10A4,0x10A4,0x08A4,0x1084,0x10A4,0x10A4,
  0x10A5,0x08A4,0x10A5,0x10A4,0x10C5,0x10A4,0x08C5,0x10A4,0x10C4,0x08A4,0x10C4,0x08A4,
  0x10C5,0x10C4,0x10A5,0x10C4,0x10A4,0x10C5,0x10A4,0x10C4,0x10A5,0x10C4,0x10A5,0x10C4,
  0x10A4,0x10C5,0x10C4,0x10C5,0x10C4,0x10C5,0x10C4,0x10C5,0x10C4,0x10C5,0x10C4,0x10C5,
  0x10C5,0x10A4,0x10C5,0x10A4,0x10C5,0x10A4,0x10C5,0x10A4,0x10C5,0x10A5,0x10C5,0x10C5,
  0x10C5,0x10C5,0x10C5,0x10C4,0x10C5,0x18C5,0x18A5,0x10C5,0x08E6,0x08E5,0x10C5,0x18C5,
  0x1085,0x10C4,0x08C4,0x08E4,0x10C5,0x00A4,0x0967,0x00E4,0x024A,0x3CF3,0x2D94,0x1553,
  0x1E15,0x0552,0x1E36,0x15B3,0x15D4,0x15B4,0x15D4,0x15D4,0x0DD4,0x15D4,0x15D4,0x1DB5,
  0x15B4,0x1DB5,0x15B4,0x1DB5,0x1DB4,0x15B5,0x1DB4,0x15B5,0x1DB4,0x15B4,0x1DB4,0x15B4,
  0x15B5,0x15B4,0x1DB5,0x15B4,0x1DB4,0x15B4,0x1DB4,0x1DB4,0x15B5,0x1DB4,0x15B4,0x1DB4,
  0x15B4,0x1DB4,0x15B4,0x1DB5,0x15B4,0x1DB4,0x15B4,0x15D4,0x0DF4,0x0DD4,0x1D94,0x2594,
  0x15B4,0x15B4,0x0DD4,0x15B4,0x0552,0x2697,0x05B3,0x0572,0x3657,0x14F2,0x2D33,0x4534,
  0x01E7,0x0125,0x0946,0x08E4,0x0042,0x18C5,0x2146,0x08A4,0x08E5,0x10C5,0x10C6,0x18A5,
  0x18C5,0x10C5,0x10E4,0x10E4,0x10C5,0x10C5,0x18C5,0x10C5,0x10C4,0x10C5,0x10C4,0x10C5,
  0x10C4,0x10C5,0x10C4,0x10C5,0x10A4,0x10C5,0x10C5,0x10C5,0x10C4,0x10C5,0x10C4,0x10C5,
  0x10C4,0x10C5,0x10C4,0x10C5,0x10C4,0x10C5,0x10C4,0x10A5,0x08C4,0x10A5,0x10C4,0x10A5,
  0x10C4,0x10A5,0x10C4,0x10A5,0x08C4,0x10A4,0x10C5,0x10C4,0x10A4,0x08C4,0x10A4,0x10C4,
  0x10A4,0x10C4,0x10A4,0x10C4,0x10A4,0x10A5,0x08A4,0x10A4,0x08A4,0x10A4,0x10A4,0x0884,
  0x10A4,0x08A5,0x10A4,0x08A4,0x10A4,0x08A4,0x10A4,0x10A5,0x10A4,0x10A4,0x10A5,0x1084,
  0x08A4,0x1084,0x10A4,0x1084,0x10A4,0x0884,0x10A4,0x1084,0x10A4,0x1084,0x08A4,0x1084,
  0x10A3,0x0884,0x10A3,0x1084,0x10A3,0x10A4,0x08A4,0x10A4,0x0883,0x10A4,0x0884,0x10A3,
  0x0884,0x10A3,0x0884,0x10A3,0x0884,0x10A4,0x0883,0x08A4,0x1083,0x08A4,0x0883,0x0884,
  0x1084,0x08A4,0x1083,0x0884,0x1083,0x0884,0x1083,0x0883,0x0883,0x0884,0x0883,0x1083,
  0x0884,0x0883,0x1084,0x08A4,0x1083,0x08A4,0x1084,0x10A3,0x0884,0x1083,0x0884,0x1084,
  0x08A3,0x1084,0x08A4,0x1083,0x08A4,0x1083,0x08A4,0x1084,0x10A3,0x10A4,0x08A4,0x10A4,
  0x10A4,0x08A4,0x10A4,0x08A3,0x10A4,0x08A4,0x10A4,0x08A4,0x10A4,0x1084,0x08A4,0x1084,
  0x10A4,0x08A4,0x10A4,0x08A4,0x10A4,0x10A4,0x10A4,0x10A4,0x10A5,0x08A4,0x10A4,0x08A4,
  0x10A4,0x10A5,0x08A4,0x10A4,0x10A4,0x08A4,0x10A4,0x08A4,0x10A4,0x10A4,0x10A4,0x10A4,
  0x08C4,0x10A4,0x10C4,0x10A5,0x08C4,0x10A5,0x10C4,0x10A4,0x10C5,0x10C4,0x10C4,0x10C5,
  0x08C4,0x10C5,0x10C4,0x10C5,0x10C4,0x10C4,0x10C4,0x08C5,0x10C4,0x10C5,0x10C4,0x10C5,
  0x10C4,0x10C5,0x10C4,0x10C5,0x10C4,0x10C5,0x10C4,0x10C5,0x10C4,0x10C5,0x10C5,0x10C5,
  0x10C5,0x10C5,0x10C5,0x10C5,0x10C4,0x10C5,0x10A4,0x10C5,0x10C5,0x18C5,0x10C5,0x10C5,
  0x10E4,0x10C5,0x18C5,0x10A5,0x08E5,0x08E6,0x10C5,0x18A5,0x18A4,0x18C5,0x10E4,0x08E5,
  0x08E4,0x0925,0x0105,0x0249,0x3D14,0x2513,0x2DF6,0x15D4,0x0DB4,0x15F4,0x15F5,0x0D73,
  0x1D94,0x1DB4,0x1D94,0x1DD5,0x15B4,0x1DD5,0x1DB4,0x1DB4,0x1DB4,0x1DB4,0x1DB4,0x15B4,
  0x1DB4,0x1DB4,0x15B4,0x1DB4,0x15B4,0x1DB4,0x15B5,0x1DB4,0x1DD4,0x15B4,0x15D4,0x15B4,
  0x1DB5,0x15B4,0x1DB4,0x15B4,0x1DB4,0x15B4,0x1DB4,0x15B5,0x1DB4,0x15B4,0x1DB4,0x15B4,
  0x1DB4,0x15B4,0x1DB4,0x15B5,0x0DF4,0x15D4,0x2575,0x2D74,0x1D94,0x1DB4,0x15B4,0x1DB4,
  0x1DB4,0x0532,0x1615,0x0DF5,0x1DF4,0x1DB4,0x1D74,0x3D95,0x34B2,0x01A6,0x01A7,0x00E5,
  0x1926,0x08A4,0x08A3,0x1906,0x08E5,0x10C5,0x10C5,0x18C5,0x10A5,0x10C5,0x10E4,0x08E5,
  0x10C4,0x10C5,0x10C5,0x10C5,0x10C5,0x10C5,0x10A5,0x10C5,0x10A5,0x10C5,0x10A5,0x10C5,
  0x10C5,0x10A4,0x10C5,0x10A5,0x10C4,0x10C5,0x10C4,0x10C5,0x10C4,0x10C5,0x10C4,0x10C5,
  0x10C4,0x10C5,0x10C4,0x10C4,0x10C5,0x10C4,0x10C5,0x10C4,0x10C4,0x10C5,0x08C4,0x10C4,
  0x10C5,0x10C4,0x10A4,0x10C5,0x08A4,0x10C5,0x10A4,0x08C5,0x10A4,0x08C5,0x10A4,0x08C5,
  0x10A4,0x10A4,0x10A4,0x10A4,0x10A4,0x10A4,0x08A4,0x10A4,0x10A4,0x10A4,0x10A4,0x10A4,
  0x10A4,0x10A5,0x08A4,0x10A4,0x08A4,0x10A4,0x08A4,0x10A4,0x10A4,0x08A4,0x10A4,0x08A4,
  0x10A4,0x08A4,0x10A4,0x08A4,0x10A4,0x08A4,0x10A4,0x08A4,0x10A4,0x10A4,0x08A4,0x10A4,
  0x0884,0x10A4,0x0883,0x10A4,0x0884,0x10A3,0x0884,0x10A4,0x0883,0x10A4,0x0884,0x10A4,
  0x0883,0x10A4,0x0884,0x1083,0x0884,0x1083,0x0884,0x1083,0x08A3,0x1084,0x08A3,0x0884,
  0x08A3,0x1084,0x0883,0x0884,0x0883,0x0884,0x1083,0x0884,0x0883,0x1084,0x0883,0x0884,
  0x1083,0x0884,0x0883,0x0884,0x10A3,0x0884,0x08A3,0x1084,0x08A4,0x1083,0x08A4,0x1084,
  0x08A4,0x1083,0x08A4,0x0883,0x10A4,0x08A4,0x1084,0x08A3,0x1084,0x08A3,0x1084,0x08A4,
  0x1084,0x10A4,0x0884,0x10A4,0x08A4,0x10A4,0x10A4,0x08A4,0x1084,0x10A4,0x0884,0x10A4,
  0x0884,0x10A4,0x08A4,0x10A4,0x10A4,0x10A4,0x10A4,0x10A4,0x10A4,0x10A4,0x10A4,0x10A4,
  0x08A4,0x1084,0x10A5,0x10A4,0x10A4,0x08A4,0x10A5,0x10A4,0x10C5,0x10A4,0x08C4,0x10A4,
  0x10C4,0x10A4,0x08C5,0x10A4,0x10C4,0x08C5,0x10A4,0x10C5,0x10A4,0x10C4,0x10A5,0x08C4,
  0x10A5,0x10C4,0x10A5,0x10C4,0x10A4,0x10C5,0x10C4,0x10C5,0x10C4,0x10C5,0x10C4,0x10C5,
  0x10C4,0x10C5,0x10C4,0x10C5,0x10A5,0x10C5,0x10A4,0x10C5,0x10A4,0x10C5,0x10A4,0x10C5,
  0x10A5,0x10C5,0x10C5,0x10C5,0x10C4,0x10C5,0x10C5,0x10C4,0x10C5,0x10C4,0x18C5,0x10C5,
  0x10C6,0x10C5,0x10C6,0x18A5,0x10A4,0x10A4,0x1105,0x08C3,0x1126,0x0987,0x0104,0x44F3,
  0x2D34,0x1DB5,0x15B5,0x0DB4,0x0593,0x15F5,0x25D5,0x2594,0x2D54,0x2D74,0x2574,0x2574,
  0x2574,0x2574,0x2D74,0x2D74,0x2574,0x1D74,0x2594,0x2574,0x2594,0x1D74,0x2594,0x2574,
  0x2594,0x1D94,0x2594,0x1D94,0x2594,0x2594,0x2594,0x2594,0x1D94,0x2594,0x1D94,0x2594,
  0x1D94,0x2594,0x2594,0x1D94,0x2594,0x2594,0x1D94,0x2594,0x2594,0x2594,0x1D94,0x2594,
  0x1D94,0x2574,0x2D54,0x3554,0x2D54,0x2D74,0x2594,0x2594,0x35D6,0x2594,0x15B4,0x15D4,
  0x0DB4,0x1DD5,0x1594,0x1D33,0x4595,0x4D13,0x0186,0x0104,0x08E4,0x1926,0x10E4,0x0083,
  0x10C5,0x10C5,0x18C6,0x10A5,0x18C5,0x10C5,0x10E4,0x10E5,0x10C5,0x10C5,0x10C5,0x10C5,
  0x18C5,0x10C4,0x10C5,0x10C4,0x10C5,0x10C4,0x10C5,0x10C4,0x10C5,0x10C5,0x10C5,0x10C5,
  0x10C4,0x10C5,0x10C4,0x10C5,0x10C4,0x10C5,0x10C4,0x10C5,0x10C4,0x10C5,0x10C4,0x10A5,
  0x10C4,0x08A4,0x10C4,0x10A5,0x08C4,0x10A4,0x10C5,0x10A4,0x10C4,0x10C5,0x08C4,0x10C5,
  0x10A4,0x10C4,0x08A4,0x10C4,0x10A4,0x10C4,0x10A4,0x10C4,0x10A4,0x08A5,0x10A4,0x08A4,
  0x10A4,0x10A4,0x10A4,0x0884,0x10A4,0x08A4,0x10A4,0x08A5,0x10A4,0x10A4,0x10A4,0x10A4,
  0x10A4,0x10A4,0x10A4,0x0884,0x10A4,0x0884,0x10A4,0x0884,0x10A4,0x1084,0x08A4,0x1084,
  0x08A4,0x1084,0x10A4,0x1084,0x08A4,0x1083,0x08A4,0x10A4,0x08A3,0x10A4,0x10A4,0x08A4,
  0x1083,0x08A4,0x1083,0x08A4,0x1084,0x08A3,0x1084,0x08A3,0x1084,0x08A3,0x0884,0x08A3,
  0x1084,0x08A4,0x0883,0x0884,0x1084,0x08A4,0x1083,0x0884,0x1084,0x0883,0x0884,0x0883,
  0x0883,0x0884,0x0883,0x0884,0x1083,0x0884,0x10A3,0x0884,0x08A4,0x1083,0x08A4,0x1083,
  0x0884,0x1083,0x0884,0x0883,0x10A4,0x0884,0x10A3,0x0884,0x10A3,0x0884,0x10A4,0x0884,
  0x10A4,0x10A3,0x08A4,0x10A4,0x10A4,0x08A4,0x10A4,0x10A4,0x08A4,0x10A4,0x10A4,0x1084,
  0x10A4,0x0884,0x10A4,0x10A4,0x08A4,0x10A4,0x10A4,0x10A4,0x10A4,0x10A4,0x10A5,0x08A4,
  0x10A4,0x08A4,0x10A5,0x08A4,0x10A4,0x08A4,0x10A5,0x10A4,0x08A4,0x10A4,0x08A4,0x10A4,
  0x10A4,0x10A4,0x10A4,0x10A4,0x08C4,0x10A4,0x10C5,0x10A4,0x08C5,0x10A4,0x10C4,0x10A4,
  0x10C5,0x10C4,0x10C4,0x10C4,0x10C5,0x08C4,0x10C4,0x10C4,0x10C5,0x10C4,0x08C4,0x10C5,
  0x10C4,0x10C5,0x10C4,0x10C5,0x10C4,0x10C5,0x10C4,0x10C5,0x10C4,0x10C5,0x10C4,0x10C4,
  0x10C5,0x10C5,0x10C5,0x10C5,0x10C5,0x10C5,0x10C5,0x10C4,0x10C5,0x10C4,0x10C5,0x10C5,
  0x10C5,0x10C5,0x18C5,0x10C5,0x10E4,0x10C5,0x10C5,0x10A5,0x10E5,0x10C6,0x18A5,0x18A5,
  0x18C5,0x10A4,0x08C4,0x00C4,0x00E5,0x0105,0x0249,0x3D34,0x2553,0x25F6,0x1573,0x15D5,
  0x2636,0x1533,0x2D74,0x3533,0x3D34,0x4514,0x4533,0x3D34,0x3D33,0x3D13,0x3D13,0x3D14,
  0x3D33,0x3D33,0x3534,0x3533,0x3D33,0x3533,0x3D34,0x3533,0x3533,0x3D53,0x3533,0x3553,
  0x3533,0x3533,0x3533,0x3553,0x3D33,0x3533,0x3554,0x3D33,0x3553,0x3533,0x3533,0x3D33,
  0x3533,0x3554,0x3D33,0x3533,0x3533,0x3533,0x3D33,0x3553,0x3553,0x3533,0x4513,0x4CF3,
  0x4514,0x3D33,0x3D34,0x4554,0x2CB2,0x3554,0x2D74,0x1D94,0x1DB4,0x1594,0x25F6,0x2DB5,
  0x1D12,0x4595,0x0185,0x0186,0x0105,0x08C4,0x08A3,0x10E5,0x10C5,0x10C5,0x18C5,0x18A5,
  0x18C5,0x10C5,0x10C4,0x08E4,0x10E5,0x10C4,0x10C5,0x10C5,0x10C5,0x10C5,0x10A5,0x10C5,
  0x10A5,0x10C5,0x10A5,0x10C5,0x10A4,0x10C5,0x10A4,0x10C5,0x10C4,0x10C5,0x10C4,0x10C5,
  0x10C4,0x10C5,0x10C4,0x10C5,0x10C4,0x10C5,0x10C4,0x10C4,0x10C5,0x10C4,0x10C5,0x10C4,
  0x10C5,0x10C4,0x10C5,0x10C4,0x08A5,0x10C4,0x10A4,0x10C4,0x10A4,0x08C5,0x10A4,0x10C5,
  0x08A4,0x10C5,0x08A4,0x10C5,0x10A4,0x10A4,0x10A4,0x10A4,0x08A5,0x10A4,0x08A4,0x10A4,
  0x10A4,0x10A4,0x10A4,0x10A4,0x08A4,0x10A4,0x08A4,0x10A5,0x08A4,0x10A4,0x10A5,0x08A4,
  0x10A4,0x10A4,0x08A4,0x10A4,0x08A4,0x10A4,0x10A4,0x08A4,0x10A4,0x08A4,0x10A4,0x08A4,
  0x10A4,0x10A4,0x0884,0x10A4,0x1084,0x08A4,0x1083,0x10A4,0x0884,0x10A4,0x0884,0x10A3,
  0x0884,0x10A4,0x0884,0x10A4,0x0884,0x10A4,0x0883,0x1084,0x0883,0x1084,0x0883,0x0883,
  0x10A4,0x0883,0x08A4,0x1083,0x08A4,0x0883,0x1084,0x0883,0x0883,0x1084,0x0883,0x0883,
  0x0884,0x0883,0x1084,0x0883,0x1084,0x0883,0x1084,0x08A4,0x0883,0x08A4,0x1083,0x0884,
  0x10A3,0x0884,0x10A4,0x0883,0x10A4,0x0884,0x10A3,0x0884,0x10A4,0x08A4,0x1084,0x10A3,
  0x0884,0x10A4,0x0883,0x10A4,0x1084,0x08A4,0x10A4,0x08A4,0x10A4,0x08A4,0x1084,0x08A4,
  0x1084,0x08A4,0x1084,0x08A4,0x0884,0x10A4,0x10A4,0x10A4,0x10A4,0x10A4,0x10A4,0x10A4,
  0x10A4,0x10A4,0x08A4,0x10A4,0x1084,0x08A4,0x10A4,0x10A4,0x08A5,0x10A4,0x10A5,0x10A4,
  0x10C5,0x08A4,0x10C4,0x10A4,0x10C4,0x10A4,0x08C5,0x10A4,0x10C4,0x10C5,0x08A4,0x10C5,
  0x10A4,0x10C5,0x10A4,0x10C5,0x10A4,0x10C5,0x10A4,0x10C5,0x10A4,0x10C5,0x10C4,0x10C5,
  0x10C4,0x10C5,0x10C4,0x10C5,0x10C4,0x10C5,0x10C4,0x10C5,0x10A5,0x10C4,0x10A5,0x10C4,
  0x10A5,0x10C4,0x10A5,0x10C5,0x10A5,0x10C5,0x10A4,0x10C5,0x18C5,0x10C5,0x10C4,0x10C5,
  0x10E5,0x10C4,0x18C5,0x10C5,0x10C5,0x10C5,0x18A5,0x18A5,0x18E5,0x10C4,0x00A3,0x1967,
  0x0905,0x0165,0x4533,0x2D33,0x25B5,0x1574,0x1DD5,0x1593,0x1D74,0x3594,0x3513,0x0269,
  0x0209,0x01E8,0x01E8,0x01E7,0x01E8,0x01E7,0x01C8,0x01C7,0x01E7,0x01E7,0x01E7,0x01E7,
  0x01E8,0x01E7,0x01E7,0x01E7,0x01E8,0x01E7,0x01E8,0x01E7,0x01E8,0x01E7,0x01E8,0x01E7,
  0x01E8,0x01E7,0x01E7,0x01E7,0x01E8,0x01E7,0x01E8,0x01E7,0x01E8,0x01E7,0x01E7,0x01C7,
  0x01E8,0x01E7,0x01E8,0x01E7,0x01E7,0x01E7,0x01C7,0x01C7,0x01C8,0x01E7,0x0208,0x0208,
  0x0249,0x0248,0x3D34,0x3574,0x1D74,0x1DB4,0x1573,0x1DB5,0x2DB4,0x2512,0x4D54,0x0165,
  0x0125,0x1125,0x0083,0x10E5,0x10C5,0x10C5,0x18A5,0x10A5,0x18A5,0x10C5,0x10E4,0x10E5,
  0x10C4,0x10C5,0x18C5,0x10C5,0x10C4,0x10C5,0x10C4,0x10C5,0x10C4,0x10C5,0x10C4,0x10C5,
  0x10C5,0x10C5,0x10C5,0x10A5,0x10C4,0x10C5,0x10C4,0x10C5,0x10C4,0x10C5,0x10C4,0x10C5,
  0x10C4,0x10C5,0x10C4,0x10A5,0x08C4,0x10A5,0x10C4,0x10A4,0x10C5,0x10A4,0x08C4,0x10C5,
  0x10C4,0x10C5,0x10C4,0x10C5,0x08A4,0x10C4,0x10A4,0x10C4,0x10A4,0x10C4,0x10A4,0x08C4,
  0x10A4,0x10A5,0x08A4,0x10A4,0x10A4,0x10A4,0x10A4,0x0884,0x10A4,0x08A5,0x10A4,0x10A4,
  0x10A4,0x10A5,0x10A4,0x10A4,0x10A4,0x08A4,0x10A4,0x1084,0x08A4,0x1084,0x10A4,0x1084,
  0x10A4,0x0884,0x10A4,0x1084,0x10A4,0x0884,0x10A4,0x1084,0x08A3,0x10A4,0x10A3,0x08A4,
  0x10A3,0x10A4,0x08A4,0x10A4,0x0883,0x10A4,0x0883,0x10A4,0x0884,0x10A3,0x0884,0x10A3,
  0x0884,0x10A3,0x0884,0x08A3,0x1084,0x08A3,0x0884,0x1083,0x0884,0x10A4,0x0883,0x0884,
  0x1083,0x0884,0x0883,0x0884,0x0883,0x0884,0x1083,0x0884,0x1084,0x0883,0x10A4,0x08A4,
  0x0883,0x0884,0x0883,0x1084,0x0883,0x1084,0x08A4,0x10A4,0x0884,0x10A3,0x0884,0x10A4,
  0x08A4,0x10A4,0x10A4,0x08A3,0x10A4,0x10A3,0x08A4,0x10A4,0x10A4,0x08A3,0x10A4,0x08A4,
  0x10A4,0x0884,0x10A4,0x0884,0x10A4,0x10A4,0x08A4,0x10A4,0x10A4,0x10A4,0x08A4,0x10A4,
  0x10A4,0x10A4,0x08A4,0x10A5,0x08A4,0x10A4,0x08A4,0x10A5,0x08A4,0x10A4,0x10A4,0x10A4,
  0x08A4,0x10A4,0x10A5,0x10A4,0x10A4,0x10A4,0x10A4,0x08A4,0x10C4,0x10A4,0x10C5,0x08A4,
  0x10C5,0x10C4,0x10C4,0x10C5,0x10C4,0x10C5,0x10C4,0x10C4,0x10C5,0x10C4,0x10C5,0x08C4,
  0x10C4,0x10C5,0x10C4,0x10C5,0x10C4,0x10C5,0x10C4,0x10C5,0x10C4,0x10C5,0x10C4,0x10C5,
  0x10C4,0x10C5,0x10C4,0x10C5,0x10C4,0x10C5,0x10C5,0x10C5,0x10C5,0x10C5,0x10C4,0x10C5,
  0x10C5,0x10C5,0x10C5,0x10C5,0x10C5,0x10C5,0x10C5,0x10C5,0x10E4,0x10C5,0x10C5,0x10C5,
  0x10C6,0x10A5,0x18A5,0x18A5,0x18C5,0x08C4,0x08C4,0x08E4,0x0926,0x0187,0x3D33,0x2574,
  0x25B5,0x1573,0x1D94,0x25B4,0x2D74,0x3513,0x0269,0x0208,0x09A7,0x0987,0x0186,0x0186,
  0x0166,0x0166,0x0166,0x0146,0x0146,0x0926,0x0146,0x0926,0x0146,0x0146,0x0146,0x0146,
  0x0966,0x0146,0x0966,0x0966,0x0166,0x0966,0x0966,0x0166,0x0966,0x0166,0x0967,0x0166,
  0x0946,0x0166,0x0966,0x0146,0x0946,0x0146,0x0946,0x0946,0x0946,0x0946,0x0146,0x0146,
  0x0186,0x0166,0x0146,0x0966,0x0166,0x0166,0x0186,0x0187,0x01A7,0x01E8,0x0269,0x34F3,
  0x2D73,0x2E16,0x1553,0x1DB4,0x1DB4,0x2D73,0x3D13,0x01A6,0x0145,0x08E5,0x10E4,0x10C5,
  0x10C5,0x10C5,0x10C5,0x18C6,0x10C5,0x10C5,0x10E4,0x10C4,0x10E5,0x10C5,0x10C5,0x10C5,
  0x10C5,0x10C5,0x10C5,0x10C5,0x10C5,0x10C5,0x10A5,0x10C5,0x10A4,0x10C5,0x10A4,0x10C5,
  0x10C4,0x10C5,0x10C4,0x10C5,0x10C4,0x10C5,0x10C4,0x10C5,0x10C4,0x10C5,0x10C4,0x10C5,
  0x10C4,0x10C5,0x10C4,0x10C5,0x08C4,0x10C5,0x10A4,0x10C4,0x10A4,0x10C5,0x08A4,0x10C5,
  0x10C4,0x10C5,0x10C4,0x10C5,0x08A4,0x10C5,0x10A4,0x10C5,0x10A4,0x10A4,0x10C4,0x10A4,
  0x10A5,0x08A4,0x10A4,0x10A4,0x10A4,0x10A4,0x08A4,0x10A4,0x08A4,0x10A4,0x08A4,0x10A4,
  0x10A5,0x10A4,0x10A4,0x08A4,0x10A4,0x10A4,0x08A4,0x08A4,0x10A4,0x10A4,0x08A4,0x10A4,
  0x08A4,0x10A4,0x08A4,0x10A4,0x1084,0x08A4,0x1084,0x10A4,0x0884,0x10A4,0x1083,0x08A4,
  0x10A4,0x08A4,0x10A4,0x08A4,0x1083,0x08A4,0x1083,0x08A4,0x1084,0x08A4,0x1084,0x08A4,
  0x1083,0x0884,0x1083,0x0884,0x0883,0x1084,0x08A3,0x1084,0x08A4,0x1083,0x0884,0x1083,
  0x0883,0x0884,0x0883,0x1084,0x08A3,0x1084,0x0884,0x10A3,0x0884,0x1083,0x08A4,0x1083,
  0x08A4,0x0883,0x1084,0x08A3,0x1084,0x08A4,0x1083,0x08A4,0x1083,0x08A4,0x1084,0x10A4,
  0x0884,0x10A4,0x1084,0x08A3,0x1084,0x10A4,0x1084,0x10A3,0x08A4,0x10A4,0x10A4,0x10A4,
  0x0884,0x10A4,0x1084,0x08A4,0x1084,0x08A4,0x10A4,0x10A4,0x10A4,0x08A5,0x10A4,0x10A4,
  0x10A4,0x10A4,0x10A4,0x10A4,0x10A4,0x08A4,0x10A5,0x10A4,0x10A4,0x10A4,0x08A4,0x10A4,
  0x10A5,0x10C4,0x10A5,0x10A4,0x10C5,0x08A4,0x10C4,0x10A4,0x10C4,0x10C5,0x10A4,0x08C5,
  0x10A4,0x10C4,0x10A5,0x08C4,0x10A4,0x10C5,0x10A4,0x10C5,0x10A4,0x10C4,0x10C5,0x10C4,
  0x10C5,0x10C4,0x10C5,0x10C5,0x10C4,0x10C5,0x10C4,0x10C5,0x10C4,0x10C5,0x10C4,0x10C5,
  0x10A5,0x10C5,0x10A4,0x10C5,0x10A4,0x10C5,0x10A5,0x10C5,0x10C4,0x10C5,0x10C5,0x10C5,
  0x10C4,0x10C5,0x10C5,0x10C5,0x10C5,0x10E4,0x10C5,0x10C5,0x10C5,0x10C5,0x18A5,0x18A4,
  0x10C4,0x10E4,0x08C4,0x0905,0x0925,0x0187,0x3553,0x2594,0x1DB4,0x1DB4,0x1DB4,0x2594,
  0x2512,0x032B,0x01C7,0x0187,0x1167,0x1146,0x0946,0x0925,0x0946,0x0925,0x0926,0x1105,
  0x1106,0x10E5,0x1105,0x10E5,0x1905,0x10E5,0x1905,0x1105,0x1105,0x1105,0x1105,0x1106,
  0x1105,0x1106,0x1105,0x1106,0x1125,0x1106,0x1105,0x1105,0x1105,0x1106,0x1105,0x1105,
  0x1105,0x1105,0x10E5,0x1105,0x10E5,0x10E5,0x1905,0x1105,0x0926,0x0945,0x0925,0x1105,
  0x1125,0x0946,0x0965,0x0966,0x11A7,0x0167,0x0A28,0x02EB,0x2513,0x1573,0x25B4,0x1DB4,
  0x1DB4,0x1D93,0x3D33,0x01C6,0x0166,0x08E5,0x10E4,0x10C4,0x10C5,0x10C5,0x10A5,0x18A5,
  0x18C5,0x10C4,0x10C5,0x10E4,0x10C5,0x10C5,0x10C5,0x10C5,0x10C5,0x10C5,0x10C5,0x10C5,
  0x10C5,0x10C5,0x10C4,0x10C5,0x10C5,0x10C5,0x10A5,0x10C4,0x10C5,0x10C4,0x10C5,0x10C4,
  0x10C5,0x10C4,0x10C5,0x10C4,0x10C5,0x10C5,0x10C4,0x10C5,0x10C4,0x10C5,0x10C4,0x10A4,
  0x10C4,0x10C4,0x10C5,0x10C4,0x08C5,0x10C4,0x10C4,0x10C5,0x10A4,0x10C4,0x08A5,0x10C4,
  0x10A4,0x08C4,0x10A4,0x08C4,0x10A4,0x10A5,0x10A4,0x10C4,0x10A4,0x10A4,0x10A4,0x08A5,
  0x10A4,0x10A4,0x10A4,0x10A5,0x10A4,0x10A4,0x10A4,0x08A4,0x10A4,0x10A4,0x10A4,0x10A4,
  0x10A4,0x08A4,0x10A4,0x1084,0x08A4,0x1084,0x08A4,0x1084,0x10A4,0x0884,0x10A4,0x08A4,
  0x10A4,0x10A3,0x08A4,0x10A4,0x10A3,0x08A4,0x10A4,0x10A4,0x0883,0x10A4,0x1083,0x10A4,
  0x0884,0x10A4,0x0884,0x10A3,0x0884,0x10A3,0x0884,0x10A3,0x08A4,0x1084,0x08A3,0x1084,
  0x08A3,0x0884,0x1084,0x0883,0x0884,0x08A3,0x1084,0x0883,0x0883,0x0884,0x1083,0x0884,
  0x0884,0x10A3,0x0884,0x10A4,0x0883,0x0883,0x0884,0x0883,0x1084,0x08A3,0x1084,0x08A4,
  0x1083,0x08A4,0x1084,0x08A3,0x10A4,0x10A4,0x08A3,0x10A4,0x10A4,0x08A3,0x10A4,0x10A4,
  0x08A4,0x10A4,0x08A4,0x1084,0x10A4,0x0884,0x10A4,0x08A4,0x10A4,0x08A4,0x10A4,0x10A4,
  0x08A4,0x1084,0x10A4,0x08A4,0x10A4,0x10A4,0x10A4,0x10C5,0x10A4,0x08A4,0x10A5,0x08A4,
  0x10A4,0x10A4,0x10A4,0x08A4,0x10A4,0x10A5,0x10A4,0x10A4,0x10A4,0x08A4,0x10C4,0x10A4,
  0x08C4,0x10A4,0x10C5,0x08A4,0x10C5,0x10C4,0x10C4,0x10C4,0x10C5,0x10C4,0x10C4,0x10C5,
  0x10C4,0x10C4,0x08C4,0x10C4,0x10C5,0x10A4,0x10C5,0x10C4,0x10C5,0x10C4,0x10C5,0x10E4,
  0x10C5,0x10C4,0x10C5,0x10C4,0x10C5,0x10C4,0x10C5,0x10C4,0x10C5,0x10C4,0x10C5,0x10C5,
  0x10C5,0x10C5,0x10C4,0x10A5,0x18C5,0x10C5,0x10C5,0x18C5,0x10C5,0x10C5,0x18C5,0x10C4,
  0x10E5,0x10C5,0x10C5,0x18C5,0x10C5,0x18A5,0x18A5,0x18A5,0x10E5,0x08E4,0x08C4,0x10E5,
  0x0906,0x01A7,0x3554,0x1DB4,0x1593,0x15D4,0x1DB4,0x2593,0x2D53,0x01E6,0x01E8,0x0966,
  0x1146,0x1125,0x1105,0x0905,0x0925,0x0905,0x1105,0x10E5,0x10E4,0x18C5,0x18E5,0x10C5,
  0x18E5,0x10E5,0x10C5,0x18E5,0x10C5,0x10C5,0x10E4,0x10E5,0x18E5,0x10E4,0x10E5,0x10E5,
  0x1905,0x1105,0x1105,0x10E5,0x1905,0x10E4,0x18E5,0x10E5,0x18C5,0x10E5,0x18C5,0x10C5,
  0x18C5,0x18C4,0x10C5,0x10E4,0x1105,0x0905,0x1105,0x08E5,0x1104,0x1105,0x0925,0x0925,
  0x1146,0x0946,0x09E8,0x01E7,0x2D73,0x1573,0x25F5,0x0DB3,0x15D4,0x1D93,0x3D34,0x01C6,
  0x0146,0x08E4,0x10E5,0x10C4,0x10C5,0x10C5,0x10C5,0x18C5,0x10A5,0x10C5,0x10E5,0x10C4,
  0x10C5,0x10C5,0x10C5,0x10C4,0x18C5,0x10C5,0x10C4,0x18C5,0x10C5,0x10C5,0x10A5,0x10C4,
  0x10A5,0x10C4,0x10A5,0x08C5,0x10C4,0x10C5,0x10C4,0x10C5,0x10C4,0x10C5,0x10C4,0x10C5,
  0x10C4,0x10C5,0x10C4,0x10C5,0x10C4,0x10C5,0x10C4,0x10C5,0x10A4,0x10C5,0x08A4,0x10C5,
  0x10A4,0x10C5,0x10A4,0x10C4,0x08C5,0x10C4,0x10C4,0x10C5,0x10A4,0x10C5,0x10A4,0x10C5,
  0x10A4,0x10C4,0x08A5,0x10A4,0x10A5,0x08A4,0x10A4,0x10A4,0x08A4,0x10A4,0x08A4,0x10A4,
  0x08A4,0x10A4,0x10A5,0x10A4,0x10C4,0x10A5,0x08A4,0x10A4,0x10A5,0x10A4,0x08A4,0x10A4,
  0x10A4,0x08A4,0x10A4,0x08A4,0x10A4,0x10A4,0x1084,0x10A4,0x0884,0x10A4,0x1084,0x08A4,
  0x1084,0x10A4,0x0883,0x10A4,0x10A4,0x08A4,0x10A4,0x08A4,0x1083,0x08A4,0x1083,0x08A4,
  0x1083,0x08A4,0x1084,0x08A4,0x1083,0x0884,0x0883,0x0884,0x1084,0x08A3,0x0884,0x10A3,
  0x0884,0x1083,0x08A4,0x0884,0x0883,0x0884,0x1083,0x08A4,0x1083,0x0884,0x10A3,0x0884,
  0x0883,0x1084,0x0883,0x10A4,0x0884,0x0883,0x10A4,0x0883,0x10A4,0x0883,0x10A4,0x0884,
  0x10A4,0x0884,0x10A4,0x0884,0x10A4,0x1084,0x08A4,0x1083,0x08A4,0x1083,0x08A4,0x10A4,
  0x08A4,0x10A4,0x0884,0x10A4,0x1084,0x10A4,0x0884,0x10A4,0x10A4,0x08A4,0x10A4,0x10A4,
  0x10A5,0x08A4,0x10A4,0x10A4,0x10A4,0x10A4,0x10A4,0x10A4,0x08A4,0x10A4,0x10A4,0x10A5,
  0x08A4,0x10A4,0x08A4,0x10A4,0x10C5,0x10A4,0x10A5,0x10A4,0x10C5,0x10A4,0x10C4,0x10A4,
  0x10C4,0x08C5,0x10A4,0x10C5,0x10A4,0x08C5,0x10A4,0x10C5,0x10A4,0x10C5,0x10A5,0x10C4,
  0x10C5,0x08C4,0x10C5,0x10C4,0x10C5,0x10C4,0x10C5,0x10C5,0x10C4,0x10C5,0x10C4,0x10C5,
  0x10C4,0x10C5,0x10C4,0x10C5,0x10A5,0x10C5,0x10A5,0x10C4,0x10A5,0x10C5,0x10C5,0x10C5,
  0x10C5,0x10C5,0x10C4,0x10C5,0x10C5,0x10C5,0x10C5,0x10C5,0x10C4,0x10E5,0x10C5,0x10C5,
  0x10C6,0x10C5,0x18A5,0x10A4,0x08E4,0x08E5,0x08E4,0x10E5,0x1106,0x0187,0x2D54,0x15D4,
  0x15D4,0x15D4,0x1593,0x2593,0x3D94,0x01E6,0x0A08,0x0966,0x1105,0x1105,0x1105,0x08E4,
  0x0905,0x10E4,0x10E5,0x10C5,0x10C4,0x10E4,0x10C4,0x10E4,0x10C4,0x10C4,0x10E4,0x10C4,
  0x10E4,0x10E4,0x10E5,0x10E4,0x10E5,0x10E4,0x1105,0x1104,0x1105,0x1104,0x10E5,0x1104,
  0x10E5,0x10E4,0x10E5,0x10E4,0x10E4,0x10E4,0x10C4,0x10E4,0x10E5,0x10E4,0x18C5,0x10C4,
  0x10E5,0x10E4,0x10E4,0x10E4,0x10E5,0x10E4,0x0924,0x0925,0x08E4,0x1166,0x09A7,0x0228,
  0x2D73,0x25F4,0x15D4,0x1593,0x15D5,0x1D94,0x3D33,0x01C7,0x0166,0x08E5,0x10E4,0x10C4,
  0x08C5,0x10C4,0x10C5,0x10C5,0x18C5,0x10C5,0x10C4,0x10C5,0x10C5,0x10C5,0x10C5,0x10C5,
  0x10C5,0x10C5,0x10C5,0x10C5,0x10C5,0x10C4,0x10C5,0x10C5,0x10C5,0x10C5,0x10A4,0x10C5,
  0x10C4,0x10C5,0x10C4,0x10C5,0x10C4,0x10C5,0x10C4,0x10C5,0x10C5,0x10C4,0x10C5,0x10C4,
  0x10C5,0x10C4,0x10C5,0x10C4,0x08C5,0x10C4,0x10C4,0x10C4,0x10C5,0x10C4,0x08C5,0x10C4,
  0x10A5,0x10C4,0x10A5,0x10C4,0x08A4,0x10C4,0x08A4,0x10C4,0x10A4,0x10A4,0x10A4,0x10C4,
  0x10A4,0x10A4,0x10A4,0x10A4,0x10A5,0x10A4,0x10A4,0x10A4,0x10A5,0x08A4,0x10A4,0x08A4,
  0x10A4,0x10A4,0x10A4,0x08A4,0x10A4,0x10A4,0x10A4,0x0884,0x10A4,0x1084,0x10A4,0x1084,
  0x08A4,0x10A4,0x08A4,0x10A4,0x08A3,0x10A4,0x08A3,0x10A4,0x08A3,0x10A4,0x10A4,0x08A4,
  0x1084,0x10A3,0x0884,0x10A4,0x0883,0x10A4,0x0884,0x10A4,0x0884,0x10A3,0x0884,0x10A3,
  0x08A4,0x1083,0x08A4,0x1083,0x0884,0x1083,0x0884,0x0883,0x10A4,0x0884,0x0883,0x1083,
  0x0883,0x0884,0x1083,0x0884,0x0883,0x0884,0x10A4,0x0883,0x0884,0x0883,0x1084,0x0883,
  0x10A4,0x0883,0x10A4,0x0884,0x10A4,0x0884,0x10A3,0x0884,0x10A3,0x10A4,0x08A3,0x10A4,
  0x08A3,0x10A4,0x10A4,0x08A4,0x10A4,0x10A4,0x08A4,0x1083,0x10A4,0x08A4,0x10A4,0x08A4,
  0x10A4,0x08A4,0x10A4,0x0884,0x10A4,0x1084,0x10A4,0x08A4,0x10A4,0x10A4,0x10A5,0x10A4,
  0x08A4,0x10A4,0x08A4,0x10A5,0x10A4,0x10A4,0x08A4,0x10A4,0x10A4,0x10A4,0x10A4,0x10A5,
  0x10A4,0x10A4,0x10A4,0x10A4,0x08C4,0x10A4,0x08C5,0x10A4,0x10C5,0x10C4,0x10C5,0x10C4,
  0x10C4,0x10C5,0x10C4,0x10C4,0x08C5,0x10C4,0x10C4,0x10A5,0x10C4,0x10A4,0x10C5,0x10C4,
  0x10C5,0x10C4,0x10C5,0x10C4,0x10C5,0x10C4,0x10C5,0x10C4,0x10C5,0x10C4,0x10C5,0x10C4,
  0x10C5,0x10C4,0x10C5,0x10C5,0x10C4,0x10A5,0x10C4,0x10A5,0x10C4,0x10C5,0x10C5,0x10C5,
  0x10C5,0x10C4,0x10C5,0x10C5,0x10C5,0x10C5,0x10C5,0x10C5,0x10C5,0x10A5,0x18A5,0x10C5,
  0x10E4,0x0904,0x10C5,0x10E5,0x1907,0x0187,0x2D54,0x15D4,0x15F5,0x15D4,0x1593,0x1D73,
  0x3D54,0x0228,0x01A6,0x0105,0x1126,0x18E5,0x08E5,0x10E5,0x0905,0x10E5,0x10C5,0x10C5,
  0x10E5,0x08E4,0x08E5,0x08E4,0x10E5,0x08E4,0x08E5,0x08E4,0x08E5,0x0905,0x0904,0x0905,
  0x0905,0x0905,0x1105,0x0925,0x0905,0x0925,0x0925,0x0905,0x0925,0x0905,0x0905,0x08E4,
  0x08E5,0x1105,0x08E5,0x1104,0x10E5,0x08E4,0x10E5,0x10E5,0x10E5,0x10E5,0x08E5,0x10C4,
  0x10E4,0x10E5,0x0904,0x0925,0x0905,0x1166,0x0145,0x0208,0x2D32,0x1DF4,0x1593,0x1615,
  0x15B4,0x1D94,0x3D34,0x01C7,0x0166,0x10E5,0x08C4,0x10E4,0x10E5,0x08C5,0x10C5,0x10C5,
  0x10C5,0x18C5,0x10C5,0x10C4,0x10C5,0x18C5,0x10C5,0x10C5,0x10C5,0x10C5,0x10C5,0x10C4,
  0x18C5,0x10C5,0x10A5,0x10C4,0x10A5,0x10C5,0x10A4,0x10C5,0x10C4,0x10C5,0x10C4,0x10C5,
  0x10C4,0x10C5,0x10C4,0x10C5,0x10C4,0x10C5,0x10C4,0x10C5,0x10C4,0x10C5,0x10C4,0x10A4,
  0x10C4,0x10A5,0x10C4,0x10A5,0x08C4,0x10A4,0x10C4,0x10C5,0x10C4,0x10C4,0x08C4,0x10C5,
  0x10A4,0x10C5,0x10A4,0x10C5,0x08A4,0x10A5,0x10A4,0x10A5,0x10A4,0x08A4,0x10A5,0x08A4,
  0x10A4,0x08A4,0x10A4,0x08A4,0x10A4,0x10A4,0x10A4,0x10A4,0x10A5,0x10C4,0x08A5,0x10A4,
  0x10A4,0x08A4,0x10A4,0x10A4,0x08A4,0x10A4,0x08A4,0x10A4,0x0884,0x10A4,0x0884,0x10A4,
  0x1084,0x08A4,0x1084,0x10A4,0x1084,0x08A4,0x1083,0x10A4,0x08A4,0x10A4,0x10A4,0x08A4,
  0x1084,0x08A3,0x1084,0x08A3,0x1084,0x08A4,0x1083,0x08A4,0x1084,0x0883,0x0884,0x08A3,
  0x1084,0x08A3,0x1084,0x0884,0x0883,0x1084,0x0883,0x0884,0x0883,0x0884,0x0883,0x1084,
  0x08A4,0x1083,0x08A4,0x1084,0x0883,0x1084,0x08A3,0x0884,0x0883,0x1084,0x08A4,0x1083,
  0x08A4,0x1083,0x08A4,0x1084,0x08A4,0x10A4,0x1084,0x10A4,0x1084,0x08A4,0x1083,0x10A4,
  0x0883,0x10A4,0x10A4,0x08A4,0x1084,0x10A4,0x1084,0x08A4,0x1084,0x10A4,0x08A4,0x10A4,
  0x08A4,0x10A4,0x08A4,0x10A4,0x10A4,0x10A4,0x10A4,0x10C5,0x10A4,0x10A4,0x10A4,0x08A4,
  0x10A4,0x10A4,0x10A5,0x08A4,0x10A4,0x08A4,0x10A4,0x10A4,0x08A4,0x10C4,0x10A5,0x10A4,
  0x10C5,0x10A4,0x10C4,0x08A4,0x10C4,0x10C5,0x10A4,0x08C5,0x10A4,0x10C4,0x10A5,0x10C4,
  0x10A4,0x10C5,0x10C4,0x08C4,0x10C5,0x10C4,0x10C5,0x10C4,0x10C5,0x10C4,0x10C5,0x10E5,
  0x10C4,0x10C5,0x10C4,0x10C5,0x10C4,0x10C5,0x10C4,0x10C4,0x10A5,0x10C5,0x10A5,0x10C5,
  0x10C5,0x10C5,0x10C5,0x10C5,0x10C5,0x18C5,0x10C5,0x10C5,0x18C5,0x10C5,0x10C5,0x18C5,
  0x10C5,0x10C5,0x10E5,0x10E5,0x10C6,0x10C5,0x10A5,0x10C4,0x08E5,0x0904,0x08C5,0x18E5,
  0x1907,0x0188,0x3554,0x15D4,0x0DB4,0x15D4,0x1DD4,0x2594,0x3512,0x0248,0x0166,0x0925,
  0x10E5,0x18E5,0x10E5,0x08E5,0x1105,0x10E5,0x10C5,0x10C5,0x10E5,0x10E5,0x08E5,0x1105,
  0x08E5,0x0905,0x1105,0x0905,0x08E5,0x08E5,0x08E5,0x0905,0x0905,0x1105,0x0905,0x0925,
  0x1106,0x0925,0x0905,0x0905,0x0905,0x08E5,0x08E5,0x0905,0x08E5,0x08E5,0x08E5,0x08E5,
  0x08E5,0x10E5,0x08E5,0x10E5,0x10C5,0x10C5,0x10E5,0x08E5,0x10C4,0x10E5,0x0904,0x0905,
  0x1105,0x1105,0x0926,0x01C7,0x2D74,0x1593,0x1593,0x15F4,0x15B4,0x2594,0x3D33,0x01C7,
  0x0946,0x0905,0x10C4,0x10C4,0x08C4,0x08E5,0x10C5,0x10C5,0x10C5,0x18C5,0x10C4,0x18C5,
  0x10C5,0x10C5,0x10C4,0x10C5,0x18C5,0x10C4,0x10C5,0x10C5,0x10C5,0x10C5,0x10C5,0x10C5,
  0x10C5,0x10C4,0x10A5,0x10C5,0x10C4,0x10C5,0x10C4,0x10C5,0x10C4,0x10C5,0x10C4,0x10C5,
  0x10C5,0x10C4,0x10C5,0x10C4,0x10C5,0x10C4,0x10C5,0x10C4,0x10C5,0x10C4,0x08C5,0x10C4,
  0x10C5,0x10C4,0x10A5,0x10C4,0x08A4,0x10C5,0x10A4,0x10C5,0x10A4,0x08C4,0x10A4,0x10C4,
  0x10A4,0x10C4,0x10A4,0x08C4,0x10A5,0x10A4,0x10A4,0x10A4,0x10A4,0x10A4,0x10A5,0x10A4,
  0x08A4,0x10A4,0x08A5,0x10A4,0x10A4,0x10A4,0x10A4,0x10A4,0x08A4,0x10A5,0x08A4,0x1084,
  0x08A4,0x1084,0x08A4,0x10A4,0x10A4,0x08A4,0x10A4,0x08A4,0x10A4,0x10A3,0x08A4,0x10A4,
  0x08A3,0x10A4,0x08A4,0x10A4,0x1083,0x08A4,0x1083,0x10A4,0x0883,0x10A4,0x0884,0x10A3,
  0x0884,0x10A3,0x0884,0x10A4,0x08A3,0x1084,0x0884,0x1083,0x0884,0x0884,0x08A3,0x1084,
  0x08A3,0x1084,0x08A4,0x1083,0x0883,0x1084,0x0883,0x1084,0x0883,0x0884,0x10A3,0x0884,
  0x0883,0x0883,0x1084,0x0883,0x1084,0x0883,0x10A4,0x0884,0x10A3,0x0884,0x10A3,0x0884,
  0x10A3,0x08A4,0x10A3,0x08A4,0x10A3,0x08A4,0x10A4,0x08A4,0x10A4,0x0884,0x10A3,0x10A4,
  0x08A4,0x10A4,0x08A4,0x10A4,0x08A4,0x1084,0x10A4,0x1084,0x08A4,0x1084,0x10A4,0x10A4,
  0x08A5,0x10A4,0x10A4,0x10A4,0x08A4,0x10A4,0x10A5,0x10A4,0x10A4,0x08A4,0x10A4,0x10A4,
  0x10A4,0x10A5,0x10A4,0x10A5,0x10A4,0x10A4,0x10C4,0x08A4,0x10C4,0x08A4,0x10C5,0x10A4,
  0x10C5,0x10C4,0x10C4,0x10C4,0x10C5,0x10C4,0x08C5,0x10C4,0x10C5,0x10A4,0x10C4,0x10A5,
  0x10C4,0x10A4,0x10C5,0x10C4,0x10C5,0x10C4,0x10C5,0x10C4,0x10C5,0x10C4,0x10C5,0x10C4,
  0x10C5,0x10C4,0x10C5,0x10C5,0x10C4,0x10C5,0x10C4,0x10A5,0x10C4,0x10A5,0x10C4,0x10A5,
  0x10C5,0x10C5,0x10C4,0x10C5,0x10C5,0x10C5,0x10C4,0x10C5,0x10C5,0x10C5,0x10C5,0x10C5,
  0x10C5,0x10C5,0x18A5,0x10C4,0x0104,0x0904,0x08C5,0x18E5,0x18E6,0x0188,0x3554,0x15B4,
  0x0D94,0x15B4,0x25B5,0x2D94,0x3513,0x0208,0x0167,0x1147,0x10C5,0x18C5,0x10E5,0x10E5,
  0x10E6,0x10C6,0x18A6,0x18A6,0x10C5,0x10C5,0x10C5,0x10E6,0x10C5,0x10C5,0x10C6,0x10E5,
  0x10C5,0x10E5,0x10E5,0x10E5,0x10E6,0x10E6,0x1906,0x1106,0x1106,0x1106,0x1106,0x1106,
  0x10E5,0x10E6,0x10E5,0x10E5,0x10C5,0x10C5,0x18C5,0x10C5,0x10A5,0x10C5,0x18A5,0x10C5,
  0x18C5,0x18C5,0x10C5,0x10C5,0x10C5,0x10E5,0x08E5,0x0904,0x10E5,0x10C5,0x1147,0x01E8,
  0x3D74,0x1DB4,0x1DB4,0x0DB4,0x15B4,0x2574,0x3D34,0x01C7,0x0946,0x10E5,0x10C4,0x10E5,
  0x08E4,0x08E5,0x10C5,0x10E5,0x10C5,0x18C5,0x10C5,0x10C4,0x10C5,0x10C5,0x10C5,0x10C5,
  0x10C5,0x10C5,0x10C5,0x18C5,0x10C5,0x10C4,0x10A5,0x10C4,0x10A5,0x10C5,0x10A4,0x10C5,
  0x10C4,0x10C5,0x10C4,0x10C5,0x10C4,0x10C5,0x10C4,0x10C5,0x10C4,0x10C5,0x10C4,0x10C5,
  0x10C4,0x10C5,0x10C4,0x10A4,0x08C4,0x10A5,0x10C4,0x10A4,0x10C4,0x10C5,0x08C4,0x10C4,
  0x10C5,0x10C4,0x10C5,0x10C4,0x08A4,0x10C5,0x10A4,0x08C5,0x10A4,0x10A5,0x10A4,0x10A4,
  0x10A4,0x08A4,0x10A4,0x08A4,0x10A5,0x08A4,0x10A4,0x10A4,0x10A4,0x10A4,0x10A4,0x10A4,
  0x08C5,0x10A4,0x08A4,0x10A5,0x10A4,0x10A4,0x10A4,0x08A4,0x10A4,0x10A4,0x1084,0x08A4,
  0x1084,0x10A4,0x1084,0x10A4,0x0884,0x10A4,0x1084,0x08A4,0x1084,0x10A4,0x1083,0x08A4,
  0x10A4,0x10A4,0x08A4,0x10A4,0x0884,0x10A3,0x0884,0x10A4,0x0884,0x10A4,0x0883,0x10A4,
  0x0884,0x10A3,0x0884,0x08A3,0x1084,0x0883,0x1084,0x0883,0x0884,0x1083,0x0884,0x0883,
  0x0883,0x0884,0x0883,0x08A4,0x1083,0x0884,0x10A4,0x1083,0x0884,0x0883,0x1084,0x08A4,
  0x0883,0x0884,0x10A3,0x0884,0x10A4,0x0884,0x10A4,0x0883,0x10A4,0x10A4,0x0884,0x10A4,
  0x0884,0x10A4,0x1083,0x10A4,0x08A3,0x10A4,0x0884,0x10A4,0x0884,0x10A4,0x1084,0x08A4,
  0x10A4,0x10A4,0x08A4,0x10A4,0x10A4,0x08A4,0x10A4,0x10A4,0x10A4,0x08A4,0x10A5,0x10A4,
  0x10A4,0x08A4,0x10A4,0x08A4,0x10A4,0x10A4,0x10A4,0x08A5,0x10A4,0x08A4,0x10A4,0x10A4,
  0x10C4,0x08A5,0x10A4,0x10A5,0x10C4,0x10A4,0x10C4,0x08A4,0x10C4,0x10C5,0x08A4,0x10C5,
  0x10A4,0x10C4,0x10A5,0x10C4,0x10C4,0x08C5,0x10C4,0x10C4,0x10C5,0x08C4,0x10C5,0x10C4,
  0x10C5,0x10C4,0x10C5,0x10C5,0x10C4,0x10C5,0x10C4,0x10C5,0x10C4,0x10C5,0x10C4,0x10C5,
  0x10A5,0x10C5,0x10C5,0x10C5,0x10C5,0x10C5,0x10C5,0x10C4,0x10C5,0x10C5,0x10C5,0x10C5,
  0x10C5,0x10C5,0x10C5,0x10C5,0x18C5,0x10C5,0x10C5,0x10C5,0x10C5,0x10C5,0x10C5,0x10C4,
  0x08E5,0x0904,0x10E4,0x18E6,0x1906,0x0188,0x2D54,0x15B4,0x1DF5,0x1DB5,0x1593,0x2D74,
  0x3D54,0x01A7,0x0987,0x08E5,0x18E6,0x10C5,0x10C5,0x10C6,0x10E6,0x10C6,0x18C6,0x10A5,
  0x18C6,0x10C5,0x18C5,0x18C5,0x18C6,0x18C5,0x10C5,0x18E5,0x10C6,0x10E6,0x10E6,0x1106,
  0x0926,0x0946,0x0166,0x0166,0x0167,0x0187,0x0166,0x0946,0x0926,0x1126,0x1106,0x18E6,
  0x10C6,0x18E5,0x10C5,0x18C6,0x18C5,0x18C5,0x18C6,0x18C5,0x18C6,0x10A5,0x10C6,0x10C5,
  0x10C5,0x10C5,0x10E5,0x08E5,0x18E5,0x10E6,0x0905,0x01C8,0x2D12,0x1DD4,0x1DD5,0x15B4,
  0x1DB4,0x2574,0x4534,0x01C7,0x0966,0x10E5,0x10C4,0x10C4,0x10C5,0x08E4,0x08C5,0x10C5,
  0x10C5,0x18C5,0x10C4,0x18C5,0x10C5,0x10C5,0x18C5,0x10C5,0x10C5,0x10C5,0x10C5,0x10C4,
  0x10C5,0x10C5,0x10C5,0x10C5,0x10C5,0x10C5,0x10A5,0x10C4,0x10C5,0x10C4,0x10C5,0x10C4,
  0x10C5,0x10C4,0x10C5,0x10C4,0x10C5,0x10C5,0x10C4,0x10C5,0x10C4,0x10C5,0x10C4,0x10C5,
  0x10C4,0x10C4,0x10C5,0x10C4,0x08A5,0x10C4,0x10A4,0x10C5,0x10A4,0x10C4,0x08A4,0x10C5,
  0x10A4,0x10C4,0x08A4,0x10C4,0x10A4,0x10C4,0x08A5,0x10C4,0x10A5,0x10A4,0x10A4,0x10A4,
  0x10A4,0x10A4,0x08A4,0x10A4,0x08A5,0x10A4,0x08A4,0x10A4,0x10A4,0x10A5,0x10A4,0x10A4,
  0x08A4,0x10A4,0x08A4,0x1084,0x08A4,0x10A4,0x08A4,0x10A4,0x08A4,0x10A4,0x08A4,0x10A4,
  0x08A3,0x10A4,0x08A3,0x10A4,0x10A3,0x08A4,0x10A4,0x10A4,0x0883,0x10A4,0x1083,0x08A4,
  0x1084,0x08A4,0x1083,0x08A4,0x1083,0x08A4,0x1084,0x08A3,0x1084,0x0883,0x1084,0x0884,
  0x10A3,0x0884,0x08A3,0x1084,0x08A3,0x0884,0x10A3,0x0884,0x0883,0x0884,0x1083,0x0884,
  0x10A4,0x0883,0x08A4,0x1084,0x08A3,0x1084,0x0883,0x10A4,0x10A4,0x0884,0x10A4,0x0883,
  0x10A4,0x0884,0x10A4,0x0884,0x10A4,0x08A4,0x10A4,0x10A4,0x10A4,0x08A4,0x10A4,0x0884,
  0x10A4,0x10A4,0x10A4,0x08A4,0x10A4,0x08A4,0x10A4,0x1084,0x08A4,0x1084,0x08A4,0x1084,
  0x10A4,0x10A4,0x08A4,0x10A4,0x10A4,0x10A4,0x10A4,0x08A4,0x10A4,0x10A5,0x10A4,0x10A4,
  0x10A5,0x08A4,0x10A4,0x10A4,0x10A4,0x10A4,0x08A4,0x10A5,0x10A4,0x10A4,0x10A4,0x10A4,
  0x08C5,0x10A4,0x10C5,0x10A4,0x10C5,0x10C4,0x10C4,0x10C4,0x10C5,0x10C4,0x10C4,0x08A5,
  0x10C4,0x10A4,0x10C5,0x10A4,0x10C5,0x10C4,0x10C5,0x10C4,0x10C5,0x10C4,0x10C5,0x10C4,
  0x10C5,0x10C4,0x10C5,0x10C4,0x10C5,0x10C4,0x10C5,0x10C4,0x10A4,0x10C5,0x10A4,0x10C5,
  0x10A4,0x10C5,0x10C5,0x18C5,0x10C5,0x10C5,0x18C5,0x10C4,0x10C5,0x18C5,0x10C5,0x10C4,
  0x10C5,0x10C5,0x18C5,0x10C5,0x10C5,0x10E5,0x10C5,0x10E4,0x08E5,0x10E4,0x10C4,0x10E5,
  0x1106,0x01A7,0x3554,0x1DB4,0x1DB4,0x1DB4,0x1D95,0x2594,0x3D33,0x01C7,0x0166,0x0905,
  0x10C5,0x10E5,0x10E5,0x10C5,0x10C5,0x18C5,0x10C5,0x18E6,0x1105,0x10E6,0x18C5,0x18C5,
  0x18A5,0x18C5,0x10C5,0x10E5,0x1126,0x00E5,0x0946,0x0146,0x01C7,0x01E7,0x3533,0x2D33,
  0x3574,0x3533,0x3534,0x0228,0x01A7,0x0146,0x0906,0x1106,0x0905,0x08E5,0x10C5,0x18C5,
  0x18A5,0x18C5,0x10E5,0x10E5,0x10E5,0x18E5,0x10C5,0x18C5,0x10C5,0x10E5,0x10C5,0x10E5,
  0x10E5,0x1105,0x0946,0x01A7,0x3573,0x1DB4,0x1DB4,0x15B4,0x15D5,0x2594,0x3D33,0x01C7,
  0x0146,0x1105,0x10E4,0x10C5,0x08C4,0x10C5,0x10C5,0x10C5,0x18C5,0x10C5,0x10C5,0x10E4,
  0x10C5,0x10C5,0x10C5,0x10C4,0x10C5,0x18C5,0x10C5,0x10C5,0x10C5,0x18C5,0x10C5,0x10C4,
  0x10C5,0x10C4,0x10C5,0x10A5,0x10C4,0x10C5,0x10C4,0x10C5,0x10C4,0x10C5,0x10C4,0x10C5,
  0x10C4,0x10C5,0x10C4,0x10C5,0x10C4,0x10C5,0x10C4,0x10C5,0x10A4,0x10C5,0x08A4,0x10C4,
  0x10C4,0x10C5,0x10C4,0x10C4,0x08C5,0x10C4,0x10C5,0x10C4,0x10A4,0x08C5,0x10A4,0x10C5,
  0x10A4,0x10A4,0x10A4,0x10A4,0x10A4,0x08A4,0x10A4,0x08A4,0x10A4,0x10A4,0x10A5,0x10A4,
  0x10A4,0x10A4,0x10A4,0x10A4,0x08A4,0x10A4,0x10A4,0x08A4,0x10A4,0x10A4,0x10A4,0x10A4,
  0x10A4,0x0884,0x10A4,0x1084,0x08A4,0x1084,0x08A4,0x1084,0x10A4,0x0884,0x10A4,0x1084,
  0x08A4,0x1084,0x08A4,0x10A4,0x10A4,0x08A4,0x10A4,0x10A4,0x0884,0x10A4,0x0884,0x10A4,
  0x08A4,0x08A3,0x10A4,0x08A4,0x08A4,0x0883,0x08A4,0x1083,0x0884,0x1083,0x1084,0x0884,
  0x1083,0x1084,0x0883,0x1084,0x0883,0x0884,0x1083,0x0884,0x0883,0x1084,0x08A3,0x1084,
  0x0884,0x08A3,0x0884,0x0883,0x10A4,0x0883,0x10A4,0x0884,0x10A4,0x0883,0x10A4,0x0884,
  0x10A4,0x10A4,0x0884,0x10A4,0x0884,0x10A4,0x08A4,0x10A4,0x0884,0x10A4,0x0884,0x10A4,
  0x1084,0x10A4,0x08A4,0x10A4,0x10A4,0x08A4,0x10A4,0x08A4,0x10A4,0x10A4,0x10A4,0x10A5,
  0x08A4,0x10A4,0x10A4,0x10A5,0x08A4,0x10A4,0x08A4,0x10A4,0x10A4,0x10A4,0x08A4,0x10A4,
  0x08A4,0x10A4,0x10A4,0x10A4,0x10A4,0x10C5,0x10A4,0x10A4,0x10C4,0x08A4,0x10C4,0x08A4,
  0x10C4,0x10C5,0x10A4,0x08C5,0x10A4,0x10C5,0x10C4,0x10C5,0x10C4,0x10C5,0x10C4,0x08C4,
  0x10C5,0x10C4,0x10C5,0x10C4,0x10C5,0x10C4,0x10C5,0x10C4,0x10C5,0x10C4,0x10C5,0x10C4,
  0x10C5,0x10C4,0x10C5,0x10C4,0x10A5,0x10C5,0x10C5,0x10C5,0x10C5,0x10A4,0x10C5,0x10C5,
  0x10C5,0x10C4,0x10C5,0x10C5,0x10C5,0x10C5,0x10C5,0x10C5,0x10E4,0x10E5,0x18A5,0x18C5,
  0x10C5,0x10C5,0x10C5,0x10C4,0x10E4,0x10C5,0x10C4,0x1105,0x1126,0x01A7,0x2D73,0x1DB4,
  0x1DB4,0x1DB4,0x15B4,0x2594,0x3533,0x01C7,0x0967,0x0905,0x10E5,0x10E5,0x10C5,0x10E4,
  0x18C5,0x10C5,0x10E6,0x10E5,0x1105,0x1105,0x10E5,0x18C5,0x18C5,0x10C5,0x10E5,0x10E5,
  0x00E5,0x0925,0x0146,0x0228,0x3492,0x2D33,0x2E15,0x25F5,0x1593,0x25B5,0x25B4,0x1D12,
  0x4D75,0x01E7,0x0126,0x0105,0x0905,0x0905,0x10E5,0x10C5,0x18A4,0x18C5,0x10E5,0x1105,
  0x10E5,0x10E5,0x18C6,0x10C5,0x10C6,0x10E5,0x10C5,0x10E5,0x08E4,0x1125,0x1146,0x01C6,
  0x3574,0x1DB4,0x1DB4,0x15B4,0x1DB5,0x1D94,0x3D34,0x01C7,0x0166,0x10E5,0x10E4,0x10E5,
  0x10C5,0x10C5,0x10C5,0x10C5,0x10C5,0x10C5,0x10C5,0x10C5,0x10C5,0x10C5,0x10C5,0x10C5,
  0x10C5,0x10C5,0x10C4,0x10C5,0x10C5,0x10C5,0x10C5,0x10C5,0x10C5,0x10A5,0x10C5,0x10C5,
  0x10C4,0x10C5,0x10C4,0x10C5,0x10C4,0x10C5,0x10C4,0x10C5,0x10C4,0x10C5,0x10C4,0x10C5,
  0x10C4,0x10C5,0x10C4,0x10C5,0x10C4,0x10C4,0x10C5,0x10C4,0x10A5,0x10C4,0x08A5,0x10C4,
  0x10A5,0x10C4,0x10A4,0x10C5,0x08A4,0x10C4,0x10A4,0x08C4,0x10A5,0x10C4,0x10A5,0x10C4,
  0x10A5,0x10A4,0x10A4,0x10A5,0x08A4,0x10A4,0x08A4,0x10A4,0x08A4,0x10A4,0x08A5,0x10A4,
  0x10A4,0x10A4,0x08A4,0x10A4,0x10A4,0x10A4,0x08A4,0x10A4,0x08A4,0x10A4,0x08A4,0x10A4,
  0x10A4,0x08A4,0x10A4,0x08A4,0x10A4,0x10A4,0x08A4,0x10A4,0x10A4,0x08A4,0x1084,0x08A4,
  0x1084,0x10A4,0x0884,0x10A4,0x0884,0x10A3,0x0884,0x10A4,0x0883,0x10A4,0x0883,0x10A4,
  0x1083,0x0884,0x1083,0x08A4,0x0883,0x08A4,0x1083,0x10A4,0x0883,0x10A4,0x1084,0x0883,
  0x0883,0x0884,0x0883,0x10A4,0x0883,0x1084,0x08A4,0x10A3,0x0884,0x1083,0x0884,0x10A4,
  0x0884,0x10A3,0x0884,0x10A3,0x0884,0x10A4,0x0884,0x10A4,0x08A4,0x10A4,0x08A4,0x10A4,
  0x10A4,0x0884,0x10A4,0x10A4,0x10A4,0x08A4,0x10A4,0x08A4,0x10A4,0x0884,0x10A4,0x0884,
  0x10A4,0x1084,0x08A4,0x1084,0x10A4,0x08A4,0x10A4,0x10A4,0x10A4,0x08A4,0x10A4,0x10A4,
  0x10A4,0x10A4,0x10A4,0x08A4,0x10A4,0x10A4,0x10A4,0x10A4,0x10A5,0x10A4,0x08A4,0x10A5,
  0x10A4,0x08A4,0x10C5,0x10A4,0x10C5,0x10A4,0x10C5,0x10A4,0x10C5,0x08C4,0x10C5,0x10C4,
  0x10C4,0x10A5,0x08C4,0x10A4,0x10C5,0x10A4,0x10C5,0x10A4,0x10C5,0x10C4,0x10C5,0x10C4,
  0x10C5,0x10C4,0x10C5,0x10C4,0x10C5,0x10C4,0x10C5,0x10C4,0x10C5,0x10C4,0x10C5,0x10C4,
  0x10A5,0x10C4,0x10A5,0x10C4,0x10C5,0x10C5,0x10C5,0x10C5,0x10C5,0x10C5,0x10C5,0x10C5,
  0x10C5,0x10C4,0x10C5,0x10C5,0x10C4,0x10E5,0x10A5,0x18C5,0x10C5,0x08E5,0x10C5,0x10E5,
  0x10C4,0x10E4,0x10C5,0x10E5,0x1126,0x01C8,0x2D53,0x1DB4,0x1D94,0x1DB4,0x1DB4,0x2594,
  0x3533,0x01E7,0x0966,0x0905,0x10E5,0x10E5,0x10E5,0x10C5,0x10C5,0x18C5,0x10E5,0x10E6,
  0x10E5,0x10E5,0x10E5,0x08E5,0x10E5,0x10E4,0x18C5,0x10E5,0x1106,0x09A7,0x0165,0x4D54,
  0x3553,0x2573,0x1D73,0x1552,0x1DB4,0x1DB4,0x1D93,0x2D94,0x3D33,0x3C71,0x01C7,0x0987,
  0x0126,0x0905,0x10E5,0x10C5,0x18C4,0x18C5,0x10E5,0x1105,0x10E5,0x10E5,0x10C5,0x18C5,
  0x10E5,0x10E5,0x10C5,0x10E5,0x10E5,0x1105,0x0946,0x01A7,0x3573,0x1DD4,0x15B4,0x15B4,
  0x15D4,0x2574,0x3D33,0x01C7,0x0946,0x0905,0x10C4,0x10C5,0x10C4,0x10C5,0x10C5,0x10A5,
  0x18C5,0x10C5,0x10C5,0x10E4,0x10C5,0x10C4,0x10C5,0x18C5,0x10C5,0x10C5,0x10C5,0x18C5,
  0x10C5,0x10C4,0x10C5,0x10C5,0x10C5,0x10C4,0x10C5,0x10C5,0x10C4,0x10C5,0x10C4,0x10C5,
  0x10C4,0x10C5,0x10C4,0x10C5,0x10C4,0x10C5,0x10C4,0x10C5,0x10C4,0x10C5,0x10C4,0x10C5,
  0x10C4,0x08A5,0x10C4,0x10C5,0x10C4,0x10C4,0x10C5,0x10C4,0x10C4,0x10C5,0x08C4,0x10C4,
  0x10A5,0x10C4,0x10A5,0x10C4,0x10A4,0x08A4,0x10A4,0x10A4,0x10A4,0x08A4,0x10A4,0x10A4,
  0x10A4,0x10A4,0x10A4,0x10A4,0x10A5,0x10A4,0x10A4,0x10A4,0x08A4,0x10A4,0x10A5,0x10A4,
  0x08A4,0x10A5,0x10A4,0x10A4,0x10A4,0x1084,0x10A4,0x0884,0x10A4,0x1084,0x10A4,0x1084,
  0x08A4,0x1084,0x10A4,0x0884,0x10A4,0x10A4,0x10A4,0x10A4,0x08A4,0x10A4,0x10A4,0x08A4,
  0x1084,0x08A4,0x1084,0x08A4,0x10A4,0x08A4,0x08A4,0x08A3,0x10A4,0x0884,0x0883,0x1084,
  0x0884,0x1083,0x0884,0x1083,0x1084,0x0883,0x10A4,0x0883,0x0883,0x1084,0x0883,0x1084,
  0x08A4,0x0883,0x1084,0x08A4,0x1083,0x0884,0x1083,0x08A4,0x1083,0x08A4,0x1084,0x08A4,
  0x1084,0x08A4,0x1084,0x08A4,0x1084,0x10A4,0x1084,0x08A4,0x10A4,0x10A4,0x0884,0x10A4,
  0x0884,0x10A4,0x1084,0x10A4,0x08A4,0x10A4,0x10A4,0x10A4,0x08A4,0x10A4,0x10A4,0x08A4,
  0x10A4,0x10A4,0x08A4,0x10A4,0x10A5,0x10A4,0x08A4,0x10A4,0x08A4,0x10A4,0x10A4,0x10A4,
  0x08A5,0x10A4,0x08A4,0x10A4,0x08A4,0x10A4,0x10A4,0x10A4,0x10C4,0x10A4,0x10A4,0x10A4,
  0x08C4,0x10A4,0x08C4,0x10A4,0x10C4,0x10C5,0x10A4,0x10C5,0x10C4,0x10C4,0x10C5,0x10C4,
  0x10C4,0x08C4,0x10C4,0x10C5,0x10C4,0x10C5,0x10C4,0x10C5,0x10C4,0x10C5,0x10C4,0x10C5,
  0x10C4,0x10C5,0x10C4,0x10C5,0x10C4,0x10C5,0x10C4,0x10C5,0x10A4,0x10C5,0x10C5,0x10A5,
  0x10C5,0x10A4,0x10C5,0x18C5,0x10C4,0x10C5,0x18C5,0x10C5,0x10C5,0x18C5,0x10C5,0x10C5,
  0x10E5,0x10C4,0x18C5,0x10A5,0x10C6,0x10E5,0x10C5,0x10E4,0x10C5,0x10E4,0x10C4,0x1105,
  0x1126,0x01A7,0x2D54,0x1DD4,0x1D94,0x1DB5,0x15B4,0x2594,0x3D33,0x01C7,0x0167,0x1105,
  0x08E5,0x10C5,0x10E4,0x10C5,0x18C5,0x18C5,0x10E5,0x18E5,0x18C6,0x18E5,0x08E5,0x0905,
  0x0904,0x10E5,0x18C5,0x18C6,0x08E5,0x01A7,0x4D14,0x2D12,0x2594,0x2E16,0x1D53,0x25D5,
  0x1594,0x25F5,0x25D5,0x2593,0x3595,0x4574,0x4CF3,0x0145,0x0146,0x0925,0x10E6,0x10C5,
  0x18C5,0x10C5,0x10E5,0x10E5,0x10E5,0x10E5,0x18E5,0x10C6,0x10C5,0x10E6,0x10C5,0x10E5,
  0x10E5,0x0925,0x1146,0x01C6,0x3573,0x1DB4,0x1DB4,0x15B5,0x1DD4,0x2574,0x3D33,0x01E7,
  0x0946,0x10E5,0x10E4,0x10C5,0x10C5,0x10C5,0x10C5,0x10C5,0x18A5,0x10C5,0x10C5,0x10E4,
  0x10C5,0x10C5,0x10C5,0x10C5,0x10C4,0x10C5,0x10C5,0x10C5,0x10C5,0x10C5,0x18C5,0x10C5,
  0x10C5,0x10A5,0x10C4,0x10A5,0x10C4,0x10C5,0x10C4,0x10C5,0x10C4,0x10C5,0x10C4,0x10C5,
  0x10C4,0x10C5,0x10C4,0x10C5,0x10C4,0x10C5,0x10C4,0x10C5,0x10C4,0x10C5,0x10A4,0x10C4,
  0x08A5,0x10C4,0x10A4,0x10C5,0x08A4,0x10C4,0x10A5,0x10C4,0x10A4,0x08C4,0x10A4,0x08C4,
  0x10A5,0x10C4,0x10A5,0x10C4,0x10A5,0x10A4,0x08A4,0x10A4,0x08A5,0x10A4,0x08A4,0x10A4,
  0x08A4,0x10A4,0x08A4,0x10A4,0x10A5,0x10A4,0x08A4,0x10A4,0x10A4,0x10A4,0x08A4,0x10A4,
  0x08A4,0x10A4,0x08A4,0x10A4,0x08A4,0x10A4,0x08A4,0x10A4,0x08A4,0x10A4,0x08A4,0x10A4,
  0x0884,0x10A4,0x0884,0x10A4,0x0884,0x10A4,0x0884,0x10A4,0x0884,0x10A4,0x0884,0x10A4,
  0x0883,0x08A4,0x1083,0x08A4,0x1084,0x08A3,0x1084,0x08A3,0x0884,0x10A3,0x0884,0x10A4,
  0x0883,0x1084,0x1083,0x0884,0x0883,0x0884,0x0883,0x0884,0x1083,0x08A4,0x1083,0x08A4,
  0x0883,0x10A4,0x0883,0x10A4,0x0884,0x10A3,0x0884,0x10A3,0x0884,0x10A4,0x0884,0x10A4,
  0x08A4,0x10A4,0x08A4,0x1084,0x08A4,0x10A4,0x10A4,0x08A4,0x10A4,0x10A4,0x08A4,0x1084,
  0x10A4,0x0884,0x10A4,0x0884,0x10A4,0x0884,0x10A4,0x1084,0x08A4,0x10A4,0x10A5,0x10A4,
  0x08A4,0x10A4,0x10A4,0x10A5,0x10A4,0x10A4,0x08A5,0x10A4,0x10A4,0x10A4,0x10A4,0x10A5,
  0x10A4,0x10A4,0x08A4,0x10A5,0x10A4,0x10A5,0x08A4,0x10A5,0x10C4,0x10A5,0x10C4,0x08A5,
  0x10C4,0x10C4,0x10C4,0x08A4,0x10C5,0x10A4,0x10C5,0x08A4,0x10C5,0x10A5,0x10C4,0x10A4,
  0x10C5,0x10C4,0x10C5,0x10C4,0x10C5,0x10C4,0x10C5,0x10C4,0x10C5,0x10C4,0x10C5,0x10C4,
  0x10C5,0x10C4,0x10C5,0x10C4,0x10A5,0x10C4,0x10C5,0x10C4,0x10C5,0x10C5,0x10C5,0x10C5,
  0x10C5,0x10C5,0x10C5,0x10C4,0x10C5,0x10C5,0x10C5,0x10C4,0x10E5,0x10C5,0x10C5,0x18C5,
  0x10C5,0x10C5,0x10C5,0x10E4,0x10C4,0x10E4,0x10C5,0x10E5,0x1126,0x01C7,0x2D54,0x1DB4,
  0x1DB4,0x1D94,0x15B4,0x2594,0x3553,0x01C7,0x0166,0x1105,0x10E5,0x10E5,0x10E5,0x10C4,
  0x10C5,0x18C5,0x10E6,0x10C5,0x18C5,0x18C5,0x0905,0x0905,0x08E5,0x1105,0x18C5,0x10E6,
  0x1187,0x0125,0x3D74,0x25B4,0x1593,0x0D73,0x1D73,0x2DD5,0x1594,0x0D73,0x1593,0x1553,
  0x2593,0x2D33,0x4554,0x0228,0x0146,0x0926,0x10E5,0x10C5,0x10C5,0x10C5,0x10C5,0x10E5,
  0x10E5,0x10E5,0x10C5,0x18C5,0x10C6,0x10E5,0x18C5,0x10E5,0x10E4,0x1105,0x0946,0x01A7,
  0x3573,0x1DB4,0x15B4,0x15B4,0x15D5,0x2594,0x3D33,0x01C7,0x0146,0x1105,0x10C4,0x10E4,
  0x10C5,0x10C4,0x10C5,0x10C5,0x18C5,0x10C5,0x10C5,0x10C5,0x10C5,0x10C5,0x18C5,0x10C5,
  0x10C5,0x18C5,0x10C5,0x10C4,0x10C5,0x10C5,0x10C5,0x10C4,0x10C5,0x10C5,0x10C5,0x10C5,
  0x10C4,0x10C5,0x10C4,0x10C5,0x10C4,0x10C5,0x10C4,0x10C5,0x10C4,0x10C5,0x10C4,0x10C5,
  0x10C4,0x10C5,0x10C4,0x10C5,0x10C4,0x10C4,0x08C5,0x10C4,0x10C4,0x10C5,0x10C4,0x10C5,
  0x10C4,0x10C5,0x10C4,0x10C5,0x08A4,0x10C5,0x10A4,0x10C4,0x10A4,0x10A4,0x10A4,0x08A4,
  0x10A4,0x10A4,0x10A4,0x10A4,0x10A4,0x10A4,0x10A4,0x10A5,0x10A4,0x10A4,0x10A4,0x10A4,
  0x08A4,0x10A4,0x10A4,0x10A4,0x08A4,0x10A4,0x10A5,0x10A4,0x08A4,0x1084,0x10A4,0x0884,
  0x10A4,0x0884,0x10A4,0x1084,0x08A4,0x1084,0x10A4,0x08A4,0x10A4,0x08A4,0x10A4,0x10A4,
  0x08A4,0x10A4,0x10A4,0x08A4,0x1084,0x08A4,0x1083,0x08A4,0x10A4,0x08A3,0x10A4,0x08A4,
  0x1083,0x0884,0x0883,0x1084,0x0883,0x0884,0x1083,0x1084,0x10A3,0x0884,0x10A3,0x1084,
  0x0883,0x0884,0x1083,0x08A4,0x1083,0x0884,0x10A4,0x0883,0x1084,0x0884,0x0883,0x10A4,
  0x0884,0x10A4,0x0883,0x10A4,0x0884,0x10A4,0x0883,0x10A4,0x0884,0x10A4,0x10A4,0x08A4,
  0x1084,0x08A4,0x1084,0x10A4,0x0884,0x10A4,0x10A4,0x08A4,0x10A4,0x08A4,0x10A4,0x10A4,
  0x08A4,0x10A4,0x08A4,0x10A4,0x10A4,0x10A4,0x08A4,0x10A4,0x10A4,0x10A4,0x08A4,0x10A4,
  0x08A4,0x10A4,0x10A4,0x10A4,0x08A4,0x10A4,0x08A4,0x10A4,0x08A4,0x10A4,0x10A4,0x10A4,
  0x08A4,0x10C4,0x10A4,0x10A4,0x08C4,0x10A4,0x10C4,0x10A4,0x10C5,0x10C4,0x10C5,0x10C4,
  0x10C5,0x10C4,0x10C4,0x10C5,0x10C4,0x10C4,0x10C5,0x10C4,0x10C5,0x10C4,0x10C5,0x10C4,
  0x10C5,0x10C4,0x10C5,0x10C4,0x10C5,0x10C4,0x10C5,0x10C4,0x10C5,0x10C4,0x10C5,0x10C4,
  0x10A5,0x08C5,0x10A5,0x10C5,0x10A5,0x10C4,0x10C5,0x10C5,0x10C5,0x10C4,0x10C5,0x10C5,
  0x10C5,0x10C5,0x10C5,0x10C5,0x10E4,0x10C5,0x18C5,0x18A5,0x10C5,0x10E5,0x10C5,0x10E4,
  0x10C5,0x10E4,0x10C4,0x10E5,0x1126,0x01A7,0x2D74,0x1DB4,0x1DB4,0x1DB4,0x1DB4,0x2594,
  0x3533,0x01C7,0x0967,0x0905,0x10E5,0x08C5,0x10E4,0x10E5,0x18C5,0x10C5,0x10E5,0x18E5,
  0x18C5,0x10E5,0x10E5,0x0904,0x0905,0x10E5,0x10E6,0x1105,0x0126,0x6595,0x2512,0x1DD4,
  0x15F4,0x1E36,0x1DB4,0x1594,0x1E15,0x1DD5,0x1DF5,0x1D93,0x1594,0x2DF4,0x2512,0x44F2,
  0x0186,0x0926,0x10E6,0x18C5,0x10E5,0x10C5,0x10E5,0x10E5,0x10E5,0x10E5,0x18C5,0x10C5,
  0x10E5,0x10E5,0x10C6,0x10E5,0x08E5,0x1125,0x0946,0x01C6,0x3574,0x1DD4,0x1DB4,0x15B4,
  0x1DD4,0x2574,0x3D33,0x01C7,0x0946,0x0905,0x10C4,0x10E5,0x10C5,0x10C5,0x10C5,0x10A5,
  0x10C5,0x10C5,0x10C5,0x10E4,0x10C5,0x10C5,0x10C4,0x10C5,0x10C5,0x10C5,0x10C5,0x10C5,
  0x18C5,0x10C5,0x10C5,0x10C5,0x18C5,0x10A4,0x10C5,0x10A5,0x10C4,0x10C5,0x10C4,0x10C5,
  0x10C4,0x10C5,0x10C4,0x10C5,0x10C4,0x10C5,0x10C4,0x10C5,0x10C4,0x10C5,0x10C4,0x10C5,
  0x10C4,0x10A5,0x10C4,0x10A5,0x10C4,0x10A5,0x08C4,0x10A4,0x10C5,0x10A4,0x08C4,0x10C4,
  0x10A4,0x10C4,0x10A5,0x08C4,0x10A5,0x10C4,0x10A5,0x10C4,0x10A5,0x08A4,0x10A4,0x08A5,
  0x10A4,0x08A4,0x10A4,0x08A4,0x10A4,0x08A4,0x10A5,0x10A4,0x10A4,0x08A4,0x10A5,0x10A4,
  0x10A4,0x10A4,0x08A4,0x10A4,0x10A4,0x08A4,0x10A4,0x10A4,0x08A4,0x10A4,0x08A4,0x10A4,
  0x10A4,0x08A4,0x1084,0x10A4,0x0884,0x10A4,0x0884,0x10A4,0x1084,0x08A4,0x1084,0x10A4,
  0x0884,0x10A4,0x0884,0x10A4,0x0884,0x08A4,0x0883,0x10A4,0x08A4,0x1083,0x08A4,0x0884,
  0x10A3,0x0884,0x10A3,0x0884,0x1083,0x1084,0x0883,0x1084,0x0883,0x0884,0x1083,0x0884,
  0x0884,0x1083,0x08A4,0x10A4,0x0883,0x10A4,0x0883,0x10A4,0x0883,0x10A4,0x0884,0x10A3,
  0x0884,0x10A4,0x0884,0x10A4,0x10A4,0x0884,0x10A4,0x10A4,0x10A4,0x10A4,0x08A4,0x10A4,
  0x10A4,0x0884,0x10A4,0x1084,0x08A4,0x1084,0x08A4,0x1084,0x10A4,0x1084,0x10A4,0x0884,
  0x10A4,0x10A4,0x10A4,0x10A4,0x08A5,0x10A4,0x10A4,0x10A4,0x10A4,0x10A4,0x08A4,0x10A4,
  0x10A5,0x10A4,0x10A4,0x10A4,0x10A5,0x10A4,0x08A4,0x10A5,0x10A4,0x10A5,0x10C4,0x10A5,
  0x10C4,0x08A5,0x10C4,0x08A4,0x10C5,0x10C4,0x08A5,0x10C4,0x10A4,0x10C5,0x08A4,0x10C4,
  0x10A5,0x10C4,0x08A4,0x10C5,0x10C4,0x10C5,0x10C4,0x10C5,0x10C4,0x10C5,0x10C4,0x10C5,
  0x10C4,0x10C5,0x10C4,0x10C5,0x10C4,0x10C5,0x10C4,0x10C5,0x10A4,0x10C5,0x10C4,0x10C5,
  0x10C5,0x10A5,0x10C5,0x18C4,0x10C5,0x10C5,0x18C5,0x10C5,0x10C5,0x18C4,0x10C5,0x10C5,
  0x10E5,0x10C4,0x10C5,0x18A5,0x10E5,0x08C5,0x10C5,0x10E4,0x10C5,0x10E4,0x10C4,0x1106,
  0x1126,0x01A7,0x2D53,0x1DB4,0x1D94,0x1DB4,0x15B4,0x2594,0x3D33,0x01E7,0x0166,0x0905,
  0x10E5,0x10E5,0x10E5,0x10C5,0x10C5,0x18C5,0x10E6,0x10E5,0x18C5,0x10E5,0x10E5,0x08E5,
  0x10E5,0x10E5,0x10E6,0x0906,0x01A6,0x3CB2,0x2DB4,0x1593,0x1615,0x05B3,0x0D74,0x1DB5,
  0x0553,0x1DD4,0x15D5,0x0D73,0x2635,0x0D52,0x2DD4,0x3D13,0x0186,0x0946,0x10E6,0x10C6,
  0x10E5,0x10E5,0x10C6,0x10C5,0x10E5,0x10E5,0x18E5,0x10C6,0x10C5,0x10E6,0x10C5,0x10E4,
  0x10E5,0x1105,0x1146,0x01A7,0x3573,0x1DB4,0x15B4,0x15B5,0x15D4,0x2574,0x3D34,0x01E7,
  0x0146,0x1105,0x10C4,0x10E5,0x10C4,0x10C5,0x10C5,0x10C5,0x18A5,0x10C5,0x10C5,0x10E5,
  0x10C5,0x10C5,0x10C5,0x10C5,0x10C5,0x10C4,0x18C5,0x10C5,0x10C5,0x10C4,0x10C5,0x10C5,
  0x10C5,0x10C5,0x10C5,0x10C5,0x10C4,0x10C5,0x10C4,0x10C5,0x10C4,0x10C5,0x10C4,0x10C5,
  0x10C4,0x10C5,0x10C4,0x10C5,0x10C4,0x10C5,0x10C4,0x10C5,0x10C4,0x08C4,0x10C4,0x10C4,
  0x10C5,0x10C4,0x10C5,0x10C4,0x10C4,0x10C5,0x10A4,0x10C5,0x10A4,0x08C4,0x10A4,0x10C4,
  0x10A4,0x10A4,0x10A4,0x10A4,0x10A4,0x10A4,0x10A4,0x10A4,0x10A4,0x10A4,0x10A4,0x10A4,
  0x10A5,0x10A4,0x08A4,0x10A4,0x10A4,0x10A4,0x10A4,0x08A4,0x10A4,0x10A5,0x10A4,0x08A4,
  0x10A4,0x1084,0x08A4,0x1084,0x10A4,0x1084,0x10A4,0x0884,0x10A4,0x10A4,0x08A4,0x10A4,
  0x10A4,0x10A4,0x10A4,0x08A4,0x10A4,0x10A4,0x08A4,0x10A4,0x0884,0x10A4,0x0884,0x10A4,
  0x08A3,0x10A4,0x08A4,0x08A3,0x1084,0x0884,0x1083,0x0884,0x1083,0x0884,0x1084,0x10A3,
  0x0884,0x10A4,0x0883,0x1084,0x0883,0x0884,0x0883,0x1084,0x08A3,0x0884,0x1083,0x08A4,
  0x0883,0x0884,0x1083,0x08A4,0x1084,0x08A3,0x1084,0x08A4,0x1084,0x08A4,0x1084,0x08A4,
  0x10A4,0x08A4,0x1084,0x08A4,0x1084,0x08A4,0x1084,0x08A4,0x10A4,0x10A4,0x08A4,0x10A4,
  0x10A4,0x10A4,0x10A4,0x08A4,0x10A4,0x08A4,0x10A4,0x08A4,0x10A4,0x08A4,0x10A4,0x10A4,
  0x10A4,0x08A4,0x10A4,0x08A5,0x10A4,0x10A4,0x10A5,0x10A4,0x08A4,0x10A4,0x08A4,0x10A4,
  0x08A4,0x10A4,0x10A4,0x10A4,0x10C4,0x10A4,0x10A4,0x10A4,0x10C4,0x10A4,0x10C5,0x10A4,
  0x10C4,0x10C5,0x10C4,0x10C5,0x10C4,0x10C5,0x10C4,0x10C5,0x10C4,0x10C5,0x10C4,0x10A4,
  0x10C5,0x10C4,0x10C5,0x10C4,0x10C5,0x10C4,0x10C5,0x10C4,0x10C5,0x10C4,0x10C5,0x10C4,
  0x10C5,0x10C4,0x10C5,0x10C4,0x10A5,0x10C5,0x10A5,0x10C4,0x10C5,0x10C4,0x10C5,0x10C5,
  0x10C5,0x10C5,0x10C5,0x10C4,0x10C5,0x10C5,0x10C5,0x10C5,0x10E4,0x10C5,0x18C5,0x10A6,
  0x10C5,0x10E5,0x10C5,0x10E4,0x10C4,0x10E5,0x10C4,0x10E5,0x1126,0x01C7,0x2D54,0x1DD4,
  0x1D94,0x1DB4,0x15B4,0x2594,0x3533,0x01C7,0x0967,0x0905,0x10E5,0x10C5,0x10E4,0x10C5,
  0x18C5,0x18C5,0x10E5,0x10E5,0x10E5,0x10E5,0x10E5,0x10E5,0x10E5,0x10E5,0x10E6,0x0125,
  0x0187,0x4574,0x2594,0x15D4,0x0593,0x0E15,0x1DF5,0x15B5,0x1E36,0x0D73,0x15B4,0x1E15,
  0x0531,0x2656,0x1552,0x3D53,0x0187,0x0926,0x1106,0x18C5,0x10E5,0x08C5,0x10C5,0x10C5,
  0x18E5,0x10E5,0x18C5,0x10C5,0x10C6,0x10E5,0x10C5,0x10E5,0x10E5,0x0925,0x0946,0x01C6,
  0x3573,0x1DB4,0x1DB4,0x15B4,0x1DD5,0x1D93,0x4533,0x01C7,0x0946,0x0905,0x10C4,0x18E5,
  0x10C5,0x10C5,0x10A5,0x10C5,0x18C5,0x10C5,0x10C5,0x10E4,0x10C5,0x10C5,0x18C5,0x10C4,
  0x10C5,0x10C5,0x10C5,0x10C5,0x10C5,0x10C5,0x18C5,0x10C5,0x10C5,0x10A4,0x10C5,0x10A5,
  0x10C4,0x10C5,0x10C4,0x10C5,0x10C4,0x10C5,0x10C4,0x10C5,0x10C4,0x10C5,0x10C4,0x10C5,
  0x10C4,0x10C5,0x10C4,0x10C5,0x10C4,0x10A5,0x10C4,0x10A5,0x08C4,0x10A4,0x10C4,0x10A5,
  0x08C4,0x10C4,0x10C5,0x10C4,0x08A5,0x10C4,0x10A5,0x08C4,0x10A5,0x10C4,0x08A5,0x10C4,
  0x10A5,0x08A4,0x10A4,0x08A4,0x10A5,0x08A4,0x10A4,0x08A4,0x10A4,0x10A4,0x10A4,0x08A4,
  0x10A5,0x08A4,0x10A4,0x10A4,0x08A4,0x10A4,0x10A4,0x10A4,0x08A4,0x10A4,0x10A4,0x08A4,
  0x10A4,0x08A4,0x10A4,0x08A4,0x1084,0x08A4,0x1084,0x08A4,0x1084,0x08A4,0x1084,0x08A4,
  0x1084,0x08A4,0x1084,0x10A4,0x0884,0x10A4,0x0883,0x10A4,0x0884,0x08A3,0x1084,0x08A4,
  0x10A3,0x0884,0x08A3,0x1084,0x08A3,0x0884,0x1083,0x0884,0x1083,0x1084,0x08A3,0x1084,
  0x0883,0x1084,0x0883,0x1084,0x0883,0x10A4,0x0884,0x10A3,0x1084,0x0883,0x0884,0x10A4,
  0x0883,0x10A4,0x0884,0x10A3,0x0884,0x10A4,0x0884,0x08A4,0x1084,0x10A4,0x08A4,0x10A4,
  0x08A4,0x10A4,0x10A4,0x1084,0x08A4,0x1084,0x10A4,0x0884,0x10A4,0x0884,0x10A4,0x0884,
  0x10A4,0x0884,0x10A4,0x1084,0x10A4,0x10A4,0x08A5,0x10A4,0x10A4,0x10A4,0x10A4,0x10A4,
  0x08A4,0x10A4,0x08A4,0x10A4,0x10A4,0x10A4,0x10A5,0x10A4,0x10A4,0x10A4,0x08A4,0x10A5,
  0x10A4,0x10A5,0x08A4,0x10A5,0x08C4,0x10A4,0x08C4,0x10A5,0x10C4,0x08C4,0x10A4,0x10C4,
  0x10A5,0x08C4,0x10A4,0x10C4,0x10A4,0x08C4,0x10C5,0x10C4,0x10C5,0x10C4,0x10C5,0x10C4,
  0x10C5,0x10C4,0x10C5,0x10C4,0x10C5,0x10C4,0x10C5,0x10C4,0x10C5,0x10C4,0x10C5,0x10C4,
  0x10A5,0x10C4,0x10C5,0x10A5,0x10C5,0x10A5,0x10C5,0x10C5,0x10C5,0x10C4,0x10C5,0x10C5,
  0x10C5,0x10C5,0x10C5,0x10C5,0x10E4,0x10C5,0x10C5,0x18C5,0x10C5,0x10E5,0x10C5,0x10E5,
  0x10C4,0x10E4,0x10C4,0x10E5,0x1126,0x01A7,0x2D54,0x1DB4,0x1DB4,0x1D95,0x1DB4,0x2594,
  0x3553,0x01C7,0x0966,0x0905,0x10E5,0x10E5,0x10E5,0x10C4,0x10C5,0x18C5,0x10E5,0x10E6,
  0x10E5,0x10C5,0x10E4,0x10C5,0x10E5,0x18E5,0x1106,0x0126,0x01A6,0x3D13,0x35D5,0x0D93,
  0x0DB4,0x1615,0x0DB4,0x1DB5,0x0DB4,0x15D4,0x1DF5,0x15B4,0x0DD4,0x15D3,0x2DD5,0x3512,
  0x0186,0x0926,0x10E6,0x10C5,0x10E6,0x08E5,0x10E5,0x18E5,0x10E5,0x10E5,0x18C6,0x10C5,
  0x10C5,0x10E5,0x18C5,0x10E5,0x08E5,0x1105,0x1146,0x01A7,0x3573,0x1DD4,0x15B4,0x15B4,
  0x1DD4,0x2574,0x3D34,0x01C7,0x0146,0x1105,0x10C4,0x10E4,0x10C5,0x10C4,0x10C5,0x10C5,
  0x18C5,0x10C5,0x10C5,0x10C4,0x10C5,0x10C5,0x10C5,0x10C5,0x10C5,0x18C5,0x10C5,0x10C4,
  0x10C5,0x10C5,0x10C5,0x10C4,0x10C5,0x10C5,0x10C4,0x10C5,0x10C4,0x10C5,0x10C4,0x10C5,
  0x10C4,0x10C5,0x10C4,0x10C5,0x10C4,0x10C5,0x10C4,0x10C5,0x10C4,0x10C5,0x10C4,0x10C5,
  0x10C4,0x10C5,0x08C4,0x10C4,0x10C5,0x10C4,0x10C5,0x10C4,0x10A5,0x10C4,0x10A4,0x10C5,
  0x10A4,0x10C4,0x10A4,0x10C4,0x10A4,0x10A4,0x10A4,0x10A4,0x10A4,0x10A4,0x10A4,0x10A4,
  0x10A4,0x10A4,0x10A4,0x10A5,0x10A4,0x08A4,0x10A4,0x10A4,0x10A4,0x10A4,0x10A4,0x10A5,
  0x10A4,0x08A4,0x10A4,0x10A5,0x08A4,0x1084,0x08A4,0x1084,0x08A4,0x1084,0x10A4,0x08A4,
  0x10A4,0x10A4,0x08A4,0x10A4,0x08A4,0x10A4,0x10A4,0x08A4,0x10A4,0x10A4,0x08A4,0x10A4,
  0x0884,0x10A4,0x0884,0x10A4,0x08A4,0x10A3,0x08A4,0x08A3,0x1084,0x0883,0x1084,0x0883,
  0x0884,0x10A3,0x0884,0x10A3,0x0884,0x1083,0x1084,0x0883,0x0883,0x0884,0x0883,0x10A4,
  0x0884,0x0883,0x10A4,0x0884,0x08A3,0x1084,0x0883,0x10A4,0x0884,0x10A3,0x0884,0x10A4,
  0x0884,0x10A4,0x0883,0x10A4,0x08A4,0x10A4,0x1084,0x08A4,0x1084,0x08A4,0x10A4,0x08A4,
  0x10A4,0x08A4,0x10A4,0x08A4,0x10A4,0x08A4,0x10A4,0x10A4,0x08A4,0x10A4,0x08A4,0x10A4,
  0x08A4,0x10A4,0x10A4,0x08A4,0x10A4,0x08A5,0x10A4,0x10A4,0x10A4,0x10A4,0x10A4,0x10A4,
  0x08A5,0x10A4,0x08A4,0x10A4,0x08A4,0x10A5,0x10A4,0x10A4,0x10A4,0x10C4,0x10A4,0x10A4,
  0x10C5,0x10A4,0x10C4,0x08A4,0x10C5,0x10C4,0x10C5,0x10C4,0x10C4,0x10C5,0x10C4,0x10C5,
  0x10C5,0x10A4,0x10C5,0x10A4,0x10C5,0x10C4,0x10C5,0x10C4,0x10C5,0x10C4,0x10C5,0x10C4,
  0x10C5,0x10C4,0x10C5,0x10C4,0x10C5,0x10C4,0x10C5,0x10C4,0x10A5,0x08C5,0x10C4,0x10C5,
  0x10C4,0x10C5,0x10C5,0x10C4,0x18C5,0x10C5,0x10C5,0x18C5,0x10C5,0x10C4,0x18C5,0x10C5,
  0x10E5,0x10C4,0x18C5,0x18A5,0x10C5,0x10C5,0x10C5,0x10E4,0x10C5,0x10E4,0x10C5,0x1105,
  0x1126,0x01C7,0x2D54,0x1DB4,0x1DB4,0x1DB4,0x15B4,0x2594,0x3D33,0x01C7,0x0167,0x1105,
  0x08E5,0x10C5,0x10E4,0x10E5,0x18C5,0x10C5,0x18E5,0x10E5,0x18C5,0x10E5,0x10E5,0x08E5,
  0x10E5,0x10E5,0x10E5,0x0906,0x01C7,0x3492,0x2D73,0x0D93,0x1635,0x0593,0x1DD5,0x0D73,
  0x15D5,0x1DF5,0x0532,0x1DB4,0x1DF4,0x1572,0x2573,0x3D13,0x0186,0x0926,0x10E5,0x18C6,
  0x10E5,0x10E5,0x10C6,0x10E5,0x10E5,0x10E5,0x18C5,0x10C5,0x10C6,0x10E5,0x10C6,0x10E4,
  0x10E5,0x1125,0x0946,0x01C6,0x3574,0x1DB3,0x1DB5,0x15B4,0x15D5,0x2574,0x3D33,0x01E7,
  0x0146,0x1105,0x10C4,0x10E5,0x10C5,0x10C5,0x10A5,0x10C5,0x10A5,0x10C5,0x10C5,0x10E5,
  0x10C5,0x10C5,0x10C4,0x18C5,0x10C5,0x10C5,0x10C5,0x10C5,0x18C5,0x10C5,0x10C5,0x10C5,
  0x18C5,0x10A5,0x10C5,0x10A5,0x10C4,0x10C5,0x10C4,0x10C5,0x10C4,0x10C5,0x10C4,0x10C5,
  0x10C4,0x10C5,0x10C4,0x10C5,0x10C4,0x10C5,0x10C4,0x10C5,0x10C4,0x10A4,0x10C5,0x10A4,
  0x10C5,0x10A4,0x08C4,0x10C5,0x10C4,0x10C5,0x08C4,0x10C4,0x08A4,0x10C5,0x08A4,0x10C5,
  0x10A4,0x08C5,0x10A4,0x10C5,0x10A4,0x08A4,0x10A5,0x08A4,0x10A4,0x08A4,0x10A4,0x08A4,
  0x10A4,0x10A4,0x10A5,0x08A4,0x10A4,0x08A4,0x10A4,0x08A4,0x10A4,0x10A4,0x08A4,0x10A4,
  0x10A4,0x08A4,0x10A4,0x10A4,0x10A4,0x08A4,0x1084,0x10A4,0x0884,0x10A4,0x1084,0x08A4,
  0x1084,0x08A4,0x1084,0x10A4,0x0884,0x10A4,0x1084,0x08A4,0x1084,0x08A4,0x1084,0x08A4,
  0x1083,0x08A4,0x1084,0x08A4,0x10A4,0x0883,0x08A4,0x1084,0x0883,0x0884,0x1084,0x1083,
  0x10A4,0x0884,0x10A3,0x0884,0x0883,0x0884,0x1083,0x0884,0x1083,0x0884,0x10A3,0x0884,
  0x1084,0x08A3,0x0884,0x10A4,0x0883,0x10A4,0x0884,0x10A3,0x0884,0x10A4,0x0884,0x10A4,
  0x1084,0x08A4,0x10A4,0x10A4,0x10A4,0x0884,0x10A4,0x1084,0x08A4,0x1084,0x10A4,0x0884,
  0x10A4,0x1084,0x08A4,0x1084,0x10A4,0x1084,0x08A4,0x1084,0x10A4,0x10A4,0x10A4,0x10A4,
  0x10A4,0x10A4,0x10A4,0x08A4,0x10A5,0x08A4,0x10A4,0x10A4,0x10A4,0x10A4,0x10A4,0x10A4,
  0x10A4,0x10A4,0x08A4,0x10A5,0x10A4,0x08A5,0x10C4,0x10A4,0x08C4,0x10A5,0x10C4,0x10A4,
  0x10C5,0x10C4,0x10A5,0x08C4,0x10A5,0x10C4,0x10A5,0x08C4,0x10C4,0x10C5,0x10C4,0x08C4,
  0x10C5,0x10C4,0x10C5,0x10C4,0x10C5,0x10C4,0x10C5,0x10C4,0x10C5,0x10C4,0x10C5,0x10C4,
  0x10C5,0x10C4,0x10C5,0x10C4,0x10A5,0x10C4,0x10A5,0x10C5,0x10A5,0x10C4,0x10C5,0x10C5,
  0x10C5,0x10C5,0x10C5,0x10C4,0x10C5,0x10C5,0x10C5,0x10C5,0x08E4,0x10C5,0x10C5,0x18A5,
  0x10E5,0x08E5,0x10C5,0x10E4,0x10C4,0x10E4,0x10C4,0x10E5,0x1126,0x01A7,0x2D74,0x1DB4,
  0x1D94,0x1DB4,0x15B4,0x2594,0x3533,0x01E7,0x0166,0x1105,0x10E5,0x10E5,0x08E5,0x10C4,
  0x18C5,0x10C5,0x10E6,0x18E5,0x18C5,0x18C5,0x08E5,0x0905,0x10E5,0x10E5,0x10E6,0x10E6,
  0x0166,0x01E7,0x3DB5,0x25D4,0x0DB4,0x0D93,0x25F6,0x25B5,0x1DF5,0x0532,0x2636,0x1DB4,
  0x1D94,0x2DD4,0x2D12,0x0269,0x0166,0x0906,0x18E6,0x10C5,0x10C5,0x10E5,0x10E5,0x10E5,
  0x10E5,0x10E5,0x18C6,0x10C5,0x10C5,0x10E5,0x10C5,0x10E5,0x08E5,0x1105,0x0946,0x01A6,
  0x3574,0x1DB4,0x15B4,0x1DB4,0x15D4,0x2594,0x3D33,0x01C7,0x0946,0x0905,0x10C4,0x10E4,
  0x10C5,0x10C5,0x10C5,0x10C5,0x18C5,0x10C5,0x10C5,0x10E4,0x10C5,0x10C5,0x10C5,0x10C5,
  0x10C5,0x10C4,0x10C5,0x10C5,0x10C5,0x10C4,0x10C5,0x10C5,0x10C5,0x10C4,0x10C5,0x10C5,
  0x10C4,0x10C5,0x10C4,0x10C5,0x10C4,0x10C5,0x10C4,0x10C5,0x10C4,0x10C5,0x10C4,0x10C5,
  0x10C4,0x10C5,0x10C4,0x10C5,0x10C4,0x08C5,0x10C4,0x10C4,0x10C4,0x10C5,0x10A4,0x10C4,
  0x10A4,0x10C4,0x10A5,0x10C4,0x10A5,0x10C4,0x10A4,0x08C4,0x10A4,0x10A4,0x10A4,0x10A4,
  0x10A5,0x10A4,0x10A4,0x10A4,0x10A4,0x10A5,0x10A4,0x10A4,0x10A4,0x08A4,0x10A4,0x10A4,
  0x10A4,0x10A5,0x10A4,0x10A4,0x08A4,0x10A5,0x10A4,0x10A4,0x08A4,0x1084,0x08A4,0x1084,
  0x08A4,0x10A4,0x08A4,0x10A4,0x10A4,0x08A4,0x10A4,0x10A4,0x10A4,0x10A4,0x08A4,0x10A4,
  0x10A4,0x08A4,0x10A4,0x10A4,0x0884,0x10A4,0x0883,0x10A4,0x08A4,0x08A4,0x08A3,0x10A4,
  0x0883,0x1084,0x0883,0x08A4,0x1083,0x08A4,0x1083,0x0884,0x1083,0x1084,0x0883,0x1084,
  0x0883,0x0884,0x1083,0x0884,0x08A3,0x1084,0x08A4,0x10A3,0x0884,0x1084,0x0883,0x10A4,
  0x0884,0x10A3,0x0884,0x10A4,0x0884,0x10A4,0x0884,0x08A4,0x10A4,0x10A4,0x0884,0x10A4,
  0x08A4,0x10A4,0x08A4,0x10A4,0x10A4,0x08A4,0x10A4,0x10A4,0x08A4,0x10A4,0x10A4,0x08A4,
  0x10A4,0x08A4,0x10A4,0x08A4,0x10A4,0x08A4,0x10A4,0x08A5,0x10A4,0x08A4,0x10A4,0x10A4,
  0x10A4,0x10A4,0x08A4,0x10A5,0x08A4,0x10A4,0x08A4,0x10A5,0x08A4,0x10A4,0x10A4,0x10A4,
  0x10C4,0x10A4,0x10A5,0x10A4,0x10C4,0x08A4,0x10C5,0x08A4,0x10C4,0x10C5,0x10C4,0x10C4,
  0x10C4,0x10C5,0x10C4,0x10A4,0x10C5,0x10A4,0x10C4,0x10A5,0x10C4,0x10C5,0x10C4,0x10C5,
  0x10C4,0x10C5,0x10C4,0x10C5,0x10C4,0x10C5,0x10C4,0x10C5,0x10C4,0x10C5,0x10C4,0x10C5,
  0x10A4,0x10C5,0x10C5,0x10C4,0x10C5,0x10A5,0x10C5,0x10C5,0x10C5,0x10C4,0x10C5,0x10C5,
  0x10C5,0x10C5,0x10C5,0x10C5,0x10E4,0x10C5,0x18C5,0x10A5,0x10C5,0x10C5,0x10C5,0x10E5,
  0x10C4,0x10E5,0x10C4,0x10E5,0x1127,0x01C7,0x2D53,0x1DB4,0x1DB4,0x1D94,0x1DB4,0x2594,
  0x3533,0x01C7,0x0967,0x0905,0x10E5,0x10C5,0x10E5,0x10C5,0x10C5,0x18C5,0x10E5,0x18C6,
  0x18C5,0x18C5,0x1105,0x0904,0x08E5,0x10E5,0x18C5,0x10E5,0x0105,0x01A7,0x2CD2,0x2573,
  0x2615,0x15D4,0x0CF2,0x25D5,0x15B4,0x15B4,0x1DB4,0x1552,0x2594,0x3533,0x4D74,0x0144,
  0x0146,0x0905,0x10E5,0x18C5,0x10C6,0x10C5,0x10E6,0x10E5,0x10E5,0x10E5,0x18C5,0x10C6,
  0x10C5,0x10E6,0x18C5,0x10E5,0x10E4,0x1125,0x1146,0x01C6,0x3573,0x1DD4,0x1DB4,0x15B4,
  0x15D5,0x2574,0x3D33,0x01C7,0x0146,0x1105,0x10C4,0x10E5,0x10C5,0x10C4,0x10A5,0x10C5,
  0x18A5,0x10C5,0x10C5,0x10E5,0x10C5,0x10C5,0x18C5,0x10C4,0x10C5,0x10C5,0x18C5,0x10C5,
  0x10C5,0x10C5,0x18C5,0x10C5,0x10C5,0x10A5,0x10C4,0x10A5,0x10C4,0x10C5,0x10C4,0x10C5,
  0x10C4,0x10C5,0x10C4,0x10C5,0x10C4,0x10C5,0x10C4,0x10C5,0x10C4,0x10C5,0x10C4,0x10C5,
  0x10C4,0x10A4,0x10C5,0x10A4,0x08C5,0x10C4,0x10C5,0x10C4,0x08C5,0x10C4,0x10C5,0x10C4,
  0x08A4,0x10C4,0x10A5,0x10C4,0x10A5,0x10C4,0x10A5,0x08C4,0x10A4,0x08A4,0x10A4,0x08A4,
  0x10A4,0x08A4,0x10A4,0x08A4,0x10A5,0x10A4,0x10A4,0x08A4,0x10A4,0x08A4,0x10A4,0x10A4,
  0x10A4,0x10A4,0x08A4,0x10A4,0x10A4,0x08A4,0x10A4,0x10A4,0x1084,0x08A4,0x1084,0x08A4,
  0x1084,0x10A4,0x0884,0x10A4,0x0884,0x10A4,0x0884,0x10A4,0x0884,0x10A4,0x0884,0x10A4,
  0x0884,0x10A4,0x0884,0x10A4,0x0883,0x10A4,0x0884,0x08A3,0x10A4,0x0884,0x1083,0x0884,
  0x0883,0x1084,0x08A4,0x1083,0x08A4,0x1083,0x10A4,0x0883,0x0883,0x0884,0x0883,0x1084,
  0x0884,0x0883,0x1084,0x08A4,0x0883,0x1084,0x0883,0x10A4,0x0883,0x10A4,0x0883,0x10A4,
  0x0883,0x10A4,0x0884,0x10A3,0x0884,0x10A4,0x08A4,0x1084,0x10A4,0x0884,0x10A4,0x1084,
  0x08A4,0x1084,0x08A4,0x1084,0x10A4,0x0884,0x10A4,0x0884,0x10A4,0x1084,0x08A4,0x1084,
  0x10A4,0x10A4,0x10A4,0x10A4,0x10A4,0x10A4,0x10A5,0x08A4,0x10A4,0x10A4,0x10A4,0x10A4,
  0x10A4,0x10A4,0x10A4,0x10A4,0x10A4,0x10A4,0x08A4,0x10A5,0x10A4,0x10A4,0x10A4,0x10A5,
  0x10C4,0x10A4,0x10C4,0x10A5,0x10C4,0x10C4,0x10A5,0x10C4,0x08A5,0x10C4,0x10C5,0x10C4,
  0x08C4,0x10C5,0x10C4,0x10C4,0x10C5,0x10C4,0x10C5,0x10C4,0x10C5,0x10C4,0x10C5,0x10C4,
  0x10C5,0x10C4,0x10C5,0x10C4,0x10C5,0x10C4,0x10C5,0x10C4,0x10A5,0x10C4,0x10A5,0x10C5,
  0x10C5,0x10C5,0x10C5,0x18C4,0x10C5,0x10C5,0x18C5,0x10C5,0x10C5,0x18C4,0x10C5,0x10C5,
  0x10E5,0x10C4,0x18C5,0x18A6,0x10E5,0x10E5,0x10C5,0x10E4,0x10C5,0x10E4,0x10C4,0x1105,
  0x1126,0x01A7,0x2D74,0x1DB4,0x1DB4,0x1DB4,0x15B4,0x2594,0x3D54,0x01C7,0x0166,0x0905,
  0x10E5,0x10E5,0x10E4,0x10C5,0x18C5,0x18C5,0x10E5,0x10E5,0x18C5,0x18C5,0x10E5,0x08E5,
  0x1105,0x10E5,0x18C5,0x18C6,0x1126,0x09A7,0x0228,0x3553,0x1D32,0x2DF5,0x2DD5,0x1532,
  0x1DD5,0x1DD4,0x1553,0x2594,0x3533,0x3CD2,0x0249,0x01C8,0x0926,0x1106,0x18C5,0x18C5,
  0x18A5,0x10C5,0x10E5,0x08E5,0x10E5,0x10E5,0x18C5,0x10C5,0x10E6,0x10E5,0x10C5,0x10E5,
  0x08E5,0x1105,0x0946,0x01A7,0x3573,0x1DB4,0x15B4,0x15B4,0x1DD4,0x1D74,0x4534,0x01E7,
  0x0946,0x0905,0x10C4,0x10E5,0x10C4,0x10C5,0x10C5,0x10C5,0x10C5,0x10C5,0x10C5,0x10C4,
  0x10C5,0x10C5,0x10C5,0x10C5,0x10C5,0x10C5,0x10C5,0x10C4,0x10C5,0x10C5,0x10C5,0x10C4,
  0x10C5,0x10C5,0x10C5,0x10C5,0x10C4,0x10C5,0x10C4,0x10C5,0x10C4,0x10C5,0x10C4,0x10C5,
  0x10C4,0x10C5,0x10C4,0x10C5,0x10C4,0x10C5,0x10C4,0x10C5,0x10C4,0x10C5,0x08C4,0x10C5,
  0x10A4,0x10C4,0x10A5,0x10C4,0x10A5,0x10C4,0x10A4,0x10C5,0x10A4,0x08C4,0x10A4,0x08C4,
  0x10A4,0x10A4,0x10A4,0x10A4,0x10A5,0x10A4,0x10A4,0x10A5,0x10A4,0x10A4,0x10A4,0x10A4,
  0x10A4,0x08A4,0x10A4,0x10A5,0x10A4,0x10A4,0x08A4,0x10A5,0x08A4,0x10A4,0x10A4,0x10A5,
  0x08A4,0x1084,0x08A4,0x10A4,0x08A4,0x10A4,0x10A4,0x10A4,0x08A4,0x10A4,0x08A4,0x10A4,
  0x08A4,0x10A4,0x10A4,0x08A4,0x10A4,0x10A4,0x10A4,0x08A4,0x1084,0x08A4,0x1084,0x08A4,
  0x08A4,0x10A3,0x08A4,0x10A4,0x0883,0x08A4,0x0883,0x10A4,0x0884,0x0883,0x1084,0x1083,
  0x1084,0x0883,0x1084,0x0883,0x0883,0x1084,0x0883,0x10A4,0x0883,0x10A4,0x0883,0x10A4,
  0x0883,0x08A4,0x1083,0x08A4,0x1084,0x08A4,0x1084,0x08A3,0x1084,0x08A4,0x1084,0x08A4,
  0x10A4,0x10A4,0x10A4,0x08A4,0x10A4,0x10A4,0x08A4,0x10A4,0x10A4,0x10A4,0x10A4,0x08A4,
  0x10A4,0x10A4,0x08A4,0x10A4,0x08A4,0x10A4,0x10A4,0x08A4,0x10A4,0x08A4,0x10A4,0x08A4,
  0x10A5,0x08A4,0x10A4,0x10A4,0x08A4,0x10A5,0x08A4,0x10A4,0x08A4,0x10A5,0x08A4,0x10A4,
  0x08A4,0x10A5,0x10A4,0x10A4,0x08A5,0x10C4,0x10A4,0x08A4,0x10C5,0x08A4,0x10C4,0x08A4,
  0x10C5,0x10C4,0x08C5,0x10C4,0x10C4,0x10A5,0x10C4,0x10A4,0x10C5,0x10A4,0x10C5,0x08A4,
  0x10C5,0x10C4,0x10C5,0x10C4,0x10C5,0x10C4,0x10C5,0x10C4,0x10C5,0x10C4,0x10C5,0x10C4,
  0x10C5,0x10C4,0x10C5,0x10C4,0x10A5,0x08C5,0x10C5,0x10A4,0x10C5,0x10A4,0x10C5,0x10C5,
  0x10C5,0x10C5,0x10C5,0x10C4,0x10C5,0x10C5,0x10C5,0x10C5,0x10E4,0x10C5,0x10C5,0x18A5,
  0x10C5,0x08C5,0x10C5,0x10E4,0x10C4,0x10E5,0x10C4,0x10E5,0x1126,0x01C7,0x2D54,0x1DB4,
  0x1D94,0x1DB5,0x15B4,0x2594,0x3533,0x01C7,0x0966,0x0905,0x10E5,0x10C5,0x08E5,0x10E4,
  0x10C5,0x18C5,0x10E6,0x18E5,0x18E6,0x10E5,0x10E5,0x10E5,0x10E4,0x10C5,0x18C5,0x10E5,
  0x10E6,0x0105,0x01E8,0x0207,0x3D54,0x1CF2,0x35F5,0x1DB4,0x1D93,0x1DB4,0x25F5,0x2D73,
  0x4554,0x01C7,0x0187,0x00C4,0x0905,0x1105,0x10C5,0x18C5,0x18A5,0x18C4,0x10E5,0x1105,
  0x10E5,0x10E5,0x18E5,0x10C5,0x10C5,0x10E5,0x10C6,0x10E5,0x10E4,0x1125,0x0946,0x01C6,
  0x3574,0x1DB4,0x1DB4,0x15B5,0x15D4,0x2594,0x3D33,0x01C7,0x0146,0x1105,0x10C4,0x18E5,
  0x10C5,0x10C5,0x10A5,0x10C5,0x18A5,0x10C5,0x10C5,0x10E5,0x10C5,0x10C4,0x10C5,0x18C5,
  0x10C5,0x10C4,0x10C5,0x18C5,0x10C5,0x10C5,0x10C5,0x18C5,0x10C5,0x10A4,0x10C5,0x10A5,
  0x10C4,0x10C5,0x10C4,0x10C5,0x10C4,0x10C5,0x10C4,0x10C5,0x10C4,0x10C5,0x10C4,0x10C5,
  0x10C4,0x10C5,0x10C4,0x10C5,0x10C4,0x10A4,0x10C4,0x10C4,0x10C5,0x10C4,0x08C4,0x10C5,
  0x10C4,0x10C5,0x08C4,0x10C5,0x10A4,0x10C5,0x10A4,0x10C5,0x10A4,0x10C5,0x10A4,0x10C4,
  0x10A4,0x08A4,0x10A4,0x08A4,0x10A4,0x08A4,0x10A5,0x08A4,0x10A4,0x10A4,0x10A4,0x08A4,
  0x10A4,0x10A4,0x10A4,0x10A4,0x10A4,0x10A4,0x08A4,0x10A4,0x10A4,0x08A4,0x1084,0x08A4,
  0x1084,0x08A4,0x1084,0x08A4,0x1084,0x10A4,0x0884,0x10A4,0x1084,0x08A4,0x1084,0x10A4,
  0x0884,0x10A4,0x0884,0x10A4,0x0884,0x10A4,0x0883,0x10A4,0x0884,0x08A4,0x1083,0x08A4,
  0x1084,0x0883,0x1084,0x0883,0x10A4,0x0883,0x10A4,0x0883,0x10A4,0x1084,0x08A3,0x1084,
  0x0883,0x0884,0x0883,0x1084,0x0883,0x0884,0x10A4,0x0883,0x1084,0x0883,0x0884,0x10A4,
  0x0883,0x10A4,0x0883,0x10A4,0x0884,0x10A4,0x0884,0x10A4,0x0884,0x10A4,0x0884,0x10A4,
  0x0884,0x10A4,0x1084,0x08A4,0x1084,0x08A4,0x1084,0x08A4,0x1084,0x08A4,0x1084,0x10A4,
  0x1084,0x08A4,0x1084,0x10A4,0x10A4,0x10A4,0x10A5,0x10A4,0x10A4,0x10A4,0x10A4,0x10A4,
  0x10A4,0x10A4,0x10A4,0x10A4,0x10A4,0x10A4,0x10A4,0x10A4,0x10A4,0x10A4,0x08A4,0x10A4,
  0x10A4,0x10A5,0x10C4,0x10A4,0x10C4,0x10A5,0x10C4,0x10A4,0x10C5,0x10C4,0x10A4,0x10C5,
  0x10C4,0x10C4,0x08C5,0x10C4,0x10C4,0x10C4,0x10C4,0x10C5,0x10C4,0x10C5,0x10C4,0x10C5,
  0x10C4,0x10C5,0x10C4,0x10C5,0x10C4,0x10C5,0x10C4,0x10C5,0x10C4,0x10C5,0x10C4,0x10C5,
  0x10A4,0x10C5,0x10C4,0x10C5,0x10C5,0x10C5,0x10C5,0x10C5,0x10C5,0x10C4,0x10C5,0x10C5,
  0x10C5,0x10C5,0x10C5,0x10C5,0x10E4,0x10C5,0x18C5,0x10A5,0x10E5,0x10E5,0x10C5,0x10E4,
  0x10C5,0x10E4,0x10C4,0x10E6,0x1126,0x01A7,0x2D54,0x1DD4,0x1D94,0x1DB4,0x1DB4,0x2594,
  0x3533,0x01E7,0x0166,0x1105,0x08E5,0x10E5,0x10E5,0x10C5,0x18C5,0x10C5,0x10E5,0x10E6,
  0x10E5,0x18E5,0x18C5,0x18C5,0x18A5,0x18C5,0x18C5,0x10E5,0x1126,0x0105,0x09A7,0x0229,
  0x0228,0x3D74,0x0D11,0x1DB3,0x1573,0x1D94,0x1553,0x3594,0x0207,0x0229,0x0926,0x1967,
  0x10E6,0x10E5,0x10C5,0x18A5,0x18A4,0x18C5,0x08E5,0x0905,0x10E5,0x10E5,0x18C5,0x10C6,
  0x10C5,0x10E6,0x18C5,0x10E5,0x08E5,0x1105,0x1146,0x01A7,0x3573,0x1DD4,0x15B4,0x1DB4,
  0x15D4,0x2574,0x3D33,0x01C7,0x0946,0x0905,0x10C4,0x10E4,0x10C5,0x10C5,0x10C5,0x10C5,
  0x18C5,0x10C5,0x10C5,0x10E4,0x10C5,0x10C5,0x10C5,0x10C5,0x10C5,0x10C5,0x10C5,0x10C5,
  0x10C5,0x10C4,0x10C5,0x10C5,0x10C5,0x10C5,0x10C5,0x10C5,0x10C4,0x10C5,0x10C4,0x10C5,
  0x10C4,0x10C5,0x10C4,0x10C5,0x10C4,0x10C5,0x10C4,0x10C5,0x10C4,0x10C5,0x10C4,0x10C5,
  0x10C4,0x08C5,0x10A4,0x10C5,0x10A4,0x10C5,0x10A4,0x10C4,0x10A4,0x10C4,0x10A5,0x10C4,
  0x08A4,0x10C4,0x08A4,0x10C4,0x10A4,0x08A4,0x10A5,0x10A4,0x10A5,0x10A4,0x10A4,0x10A4,
  0x10A5,0x10A4,0x10A4,0x10A4,0x10A4,0x08A5,0x10A4,0x10A4,0x10A4,0x08A5,0x10A4,0x08A4,
  0x10A4,0x10A5,0x10A4,0x08A4,0x10A4,0x10A4,0x08A4,0x10A4,0x10A4,0x10A4,0x08A4,0x10A4,
  0x08A4,0x10A4,0x10A4,0x08A4,0x10A4,0x10A4,0x08A4,0x10A4,0x10A4,0x08A4,0x10A4,0x10A4,
  0x0884,0x10A4,0x0884,0x10A4,0x08A3,0x10A4,0x08A4,0x08A3,0x10A4,0x0884,0x08A3,0x1084,
  0x0883,0x0884,0x1083,0x1084,0x0883,0x1084,0x1083,0x0884,0x0883,0x0884,0x1083,0x08A4,
  0x1084,0x0883,0x10A4,0x08A4,0x1083,0x08A4,0x1083,0x08A4,0x1084,0x08A3,0x1084,0x08A4,
  0x1084,0x08A4,0x1084,0x08A4,0x10A4,0x08A4,0x10A4,0x10A4,0x10A4,0x08A4,0x10A4,0x08A4,
  0x10A4,0x08A4,0x10A4,0x10A4,0x08A4,0x10A4,0x10A4,0x08A4,0x10A4,0x10A4,0x08A4,0x1084,
  0x08A4,0x10A4,0x08A4,0x10A4,0x08A4,0x10A4,0x08A5,0x10A4,0x08A4,0x10A4,0x08A5,0x10A4,
  0x08A4,0x10A4,0x08A5,0x10A4,0x08A4,0x10A4,0x10A5,0x10A4,0x10C4,0x10A4,0x10A5,0x10A4,
  0x08C4,0x10A4,0x08C5,0x10A4,0x10C4,0x08C5,0x10C4,0x10A4,0x10C5,0x10A4,0x10C5,0x10A4,
  0x10C5,0x08A5,0x10C4,0x10A4,0x10C5,0x10C4,0x10C5,0x10C4,0x10C5,0x10C4,0x10C5,0x10C4,
  0x10C5,0x10C4,0x10C5,0x10C4,0x10C5,0x10C4,0x10C5,0x10C4,0x10A5,0x10C5,0x10A5,0x10C5,
  0x10A4,0x10C5,0x10C5,0x10C5,0x18C5,0x10C5,0x10C5,0x18C5,0x10C5,0x10C4,0x18C5,0x10C5,
  0x10E5,0x10C4,0x10C5,0x18A5,0x10C5,0x10C5,0x10C5,0x10E4,0x10C5,0x10E4,0x10C4,0x1105,
  0x1126,0x01C7,0x2D53,0x1DB4,0x1DB4,0x15B4,0x1DB4,0x2594,0x3533,0x01C7,0x0967,0x08E5,
  0x10E5,0x10E5,0x10C4,0x10C5,0x18C5,0x18C5,0x10E5,0x10E6,0x1105,0x10E5,0x18C5,0x18C5,
  0x18C4,0x18C5,0x10E5,0x10E5,0x10E5,0x0906,0x0946,0x0187,0x0228,0x3D54,0x2DB4,0x1DB4,
  0x1D94,0x2615,0x2594,0x1CF2,0x026A,0x0167,0x1947,0x10E5,0x0905,0x10E5,0x18C5,0x18C5,
  0x18A5,0x10C4,0x10E5,0x10E5,0x10E5,0x10E5,0x18C5,0x10C5,0x10E5,0x10E5,0x10C5,0x10E5,
  0x10E4,0x1105,0x0946,0x01A6,0x3574,0x1DB4,0x15D4,0x15B4,0x1DB5,0x1D94,0x4533,0x01E7,
  0x0146,0x1105,0x10C4,0x10E5,0x10C5,0x10C4,0x10A5,0x10C5,0x10A5,0x10C5,0x10C5,0x10E5,
  0x10C5,0x10C5,0x18C5,0x10C4,0x10C5,0x18C5,0x10C5,0x10C4,0x10C5,0x18C5,0x10C5,0x10C5,
  0x10C5,0x10A4,0x10C5,0x10A5,0x10C4,0x10C5,0x10C4,0x10C5,0x10C4,0x10C5,0x10C4,0x10C5,
  0x10C4,0x10C5,0x10C4,0x10C5,0x10C4,0x10C5,0x10C4,0x10C5,0x10C4,0x10C5,0x10C4,0x10C4,
  0x08C5,0x10C4,0x10C5,0x10C4,0x08C5,0x10C4,0x10C4,0x10C5,0x10A4,0x10C4,0x10A5,0x10C4,
  0x10A5,0x10C4,0x10A4,0x10C4,0x08A4,0x10A4,0x08A4,0x10A4,0x08A4,0x10A4,0x08A4,0x10A4,
  0x10A4,0x10A4,0x10A4,0x08A4,0x10A4,0x10A4,0x10A4,0x10A4,0x08A4,0x10A4,0x10A4,0x10A4,
  0x08A4,0x1084,0x10A4,0x0884,0x10A4,0x0884,0x10A4,0x1084,0x10A4,0x0884,0x10A4,0x1084,
  0x08A4,0x1084,0x10A4,0x0884,0x10A4,0x1084,0x08A4,0x10A4,0x0884,0x10A4,0x0884,0x10A4,
  0x0884,0x08A3,0x1084,0x08A4,0x1083,0x0884,0x1083,0x08A4,0x0883,0x10A4,0x0884,0x10A3,
  0x1084,0x08A3,0x1084,0x0883,0x0883,0x0884,0x1083,0x0884,0x08A3,0x1084,0x0883,0x10A4,
  0x0884,0x0883,0x1084,0x08A3,0x1084,0x08A4,0x1083,0x08A4,0x1083,0x08A4,0x1083,0x08A4,
  0x1083,0x10A4,0x0884,0x10A3,0x0884,0x10A4,0x1084,0x08A4,0x1084,0x10A4,0x0884,0x10A3,
  0x1084,0x08A4,0x1084,0x10A4,0x0884,0x10A4,0x08A4,0x10A4,0x10A4,0x08A4,0x10A4,0x10A4,
  0x10A4,0x10A4,0x10A4,0x10A5,0x10A4,0x10A4,0x10A4,0x10A4,0x10A4,0x10A4,0x10A4,0x10A4,
  0x10A4,0x10A4,0x08A4,0x10A5,0x10A4,0x10A4,0x08A4,0x10A5,0x10C4,0x10A4,0x10C4,0x08A5,
  0x10C4,0x10C5,0x10C4,0x10C5,0x08C4,0x10C4,0x10C5,0x10C4,0x10C4,0x10C4,0x10C5,0x10C4,
  0x10C5,0x10C4,0x10C5,0x10C4,0x10C5,0x10C4,0x10C5,0x10C4,0x10C5,0x10C4,0x10C5,0x10C4,
  0x10C5,0x10C4,0x10C5,0x10C4,0x10C5,0x10C4,0x10C5,0x10C5,0x10C5,0x10A5,0x10C4,0x10A5,
  0x10C5,0x10C5,0x10C5,0x10C4,0x10C5,0x10C5,0x10C5,0x10C5,0x08E4,0x10C5,0x18C5,0x18A6,
  0x10E5,0x08C5,0x10C5,0x10C4,0x10E4,0x10C5,0x10C4,0x10E5,0x1126,0x01A8,0x2D73,0x1DB4,
  0x1DB4,0x1D94,0x15B4,0x2594,0x3D33,0x01C7,0x0966,0x10E5,0x10C5,0x18C5,0x10E5,0x10C4,
  0x18C5,0x10C5,0x18E5,0x10E6,0x18E5,0x10C5,0x18E5,0x10E5,0x10C5,0x10E4,0x10E4,0x10C5,
  0x18E5,0x10E5,0x0926,0x0187,0x01E8,0x4534,0x2573,0x2594,0x1D94,0x1D94,0x1DB3,0x3554,
  0x01A7,0x1927,0x1106,0x10E6,0x08E5,0x0905,0x18C5,0x18C5,0x08E5,0x1106,0x10C5,0x10E6,
  0x18C5,0x10C5,0x18C6,0x10C5,0x10C5,0x10E5,0x10C5,0x18E5,0x10C5,0x1106,0x1126,0x01A7,
  0x3553,0x1DB4,0x1DB4,0x15D4,0x15B4,0x2594,0x3D34,0x01C7,0x0146,0x1105,0x10C4,0x10E5,
  0x10C4,0x10C5,0x10C5,0x10C5,0x18C5,0x10C5,0x10C5,0x10C4,0x10C5,0x10C5,0x10C5,0x10C5,
  0x10C5,0x10C5,0x10C5,0x10C5,0x10C5,0x10C5,0x10A4,0x10C5,0x10C5,0x10C5,0x10A4,0x10C5,
  0x10C4,0x10C5,0x10C4,0x10C5,0x10C4,0x10C5,0x10C4,0x10C5,0x10C4,0x10C5,0x10C4,0x10C5,
  0x10C4,0x10C5,0x10C4,0x10C5,0x10A4,0x10C4,0x08A5,0x10C4,0x10A4,0x10C4,0x10A5,0x10C4,
  0x10A5,0x10C4,0x10A5,0x10C4,0x08A4,0x10C5,0x08A4,0x10C4,0x10A4,0x10A4,0x08A5,0x10A4,
  0x10A5,0x10A4,0x10A4,0x10A5,0x10A4,0x10A4,0x10A4,0x08A5,0x10A4,0x08A4,0x10A4,0x10A5,
  0x10A4,0x08A4,0x10A4,0x10A5,0x10A4,0x08A4,0x10A4,0x10A5,0x08A4,0x10A4,0x08A4,0x10A4,
  0x10A4,0x10A4,0x08A4,0x10A4,0x08A4,0x10A4,0x08A4,0x10A4,0x10A4,0x08A4,0x10A4,0x10A4,
  0x08A4,0x10A4,0x1084,0x08A3,0x1084,0x08A3,0x1084,0x08A3,0x1084,0x10A4,0x0883,0x10A4,
  0x08A4,0x1083,0x0884,0x0883,0x1084,0x0883,0x0884,0x0883,0x0884,0x1084,0x08A3,0x0884,
  0x0883,0x0884,0x0883,0x1084,0x0883,0x08A4,0x1084,0x08A3,0x1084,0x0884,0x0883,0x10A4,
  0x0884,0x10A3,0x0884,0x10A4,0x0883,0x10A4,0x0884,0x10A3,0x08A4,0x10A4,0x10A4,0x08A4,
  0x10A4,0x08A3,0x10A4,0x10A3,0x08A4,0x10A3,0x10A4,0x08A4,0x10A4,0x10A4,0x08A4,0x10A4,
  0x10A4,0x0884,0x10A4,0x0884,0x10A4,0x1084,0x10A4,0x08A4,0x10A5,0x08A4,0x10A4,0x10C4,
  0x08A4,0x10A4,0x08A4,0x10A5,0x08A4,0x10A4,0x08A4,0x10A5,0x08A4,0x10A4,0x10A4,0x10A4,
  0x10A5,0x10C4,0x10A4,0x10A4,0x10C5,0x08A4,0x10C4,0x10A4,0x10C5,0x10C4,0x10A4,0x10C4,
  0x10A5,0x10C4,0x10A4,0x08C5,0x10A4,0x10C5,0x10A4,0x08C4,0x10A4,0x10C5,0x10C4,0x10C5,
  0x10C4,0x10C5,0x10C4,0x10E5,0x10C4,0x10C5,0x10C4,0x10C5,0x10C4,0x10C5,0x10C4,0x10C5,
  0x10A5,0x10C5,0x10A4,0x10C5,0x10C4,0x10C5,0x10C5,0x10C4,0x10C5,0x10C5,0x10C5,0x10C5,
  0x10C5,0x10C5,0x10C5,0x10C5,0x10E4,0x10C5,0x18C5,0x10A5,0x10C5,0x10E5,0x10C5,0x10C4,
  0x10C5,0x10E4,0x10C4,0x1105,0x1126,0x01A7,0x2D54,0x1DB4,0x1DB4,0x15B4,0x1DB4,0x2594,
  0x3D33,0x01C7,0x0947,0x10E5,0x10C5,0x10C5,0x18E4,0x10C5,0x18C5,0x10C5,0x10E5,0x10E6,
  0x18C5,0x18C6,0x10E5,0x10E5,0x08E5,0x10E5,0x10E4,0x10C4,0x18E5,0x10E5,0x1106,0x0187,
  0x01E8,0x3D34,0x2D53,0x2594,0x1DB4,0x1D94,0x1DB4,0x3533,0x0188,0x1927,0x1906,0x10E5,
  0x0905,0x0905,0x18A5,0x10C5,0x08E5,0x0905,0x18C6,0x18C6,0x18C5,0x18C6,0x18C5,0x10E5,
  0x10E5,0x10E5,0x10C5,0x10E4,0x10C5,0x1106,0x1106,0x0188,0x3553,0x1DB4,0x15B4,0x15B4,
  0x1DD4,0x1D74,0x3D33,0x01C7,0x0946,0x0905,0x10C4,0x10E5,0x10C5,0x10C5,0x10A5,0x10C5,
  0x18A5,0x10C5,0x10C5,0x10E5,0x10C5,0x10C4,0x10C5,0x10C5,0x10C5,0x10C4,0x18C5,0x10C5,
  0x10C5,0x10C5,0x10C5,0x10A4,0x10C5,0x10C5,0x10A4,0x10C5,0x10C4,0x10C5,0x10C4,0x10C5,
  0x10C4,0x10C5,0x10C4,0x10C5,0x10C5,0x10C4,0x10C5,0x10C4,0x10C5,0x10C4,0x10C5,0x10C4,
  0x08C4,0x10C5,0x10C4,0x10C5,0x10C4,0x10C5,0x08C4,0x10C4,0x10C5,0x10C4,0x08C4,0x10C5,
  0x10A4,0x10C4,0x10A4,0x08C4,0x10A5,0x10C4,0x10A4,0x10C4,0x10A4,0x08A4,0x10A4,0x08A4,
  0x10A4,0x08A4,0x10A4,0x10A4,0x10A4,0x10A4,0x10A4,0x08A4,0x10A4,0x10A4,0x08A4,0x10A4,
  0x10A4,0x10A4,0x08A4,0x10A4,0x10A4,0x0884,0x10A4,0x0884,0x10A4,0x0884,0x10A4,0x1084,
  0x10A4,0x0883,0x10A4,0x0883,0x10A4,0x1083,0x08A4,0x1083,0x10A4,0x08A3,0x10A4,0x10A4,
  0x0884,0x10A3,0x0884,0x10A4,0x0883,0x10A4,0x0884,0x10A3,0x0884,0x08A3,0x1084,0x08A4,
  0x0883,0x10A4,0x0883,0x10A4,0x0883,0x0884,0x1083,0x0884,0x0883,0x1084,0x0883,0x10A4,
  0x0884,0x1083,0x08A4,0x1084,0x08A3,0x1084,0x0883,0x10A4,0x0884,0x10A4,0x0883,0x10A4,
  0x0884,0x10A3,0x0884,0x10A4,0x1084,0x08A4,0x1083,0x10A4,0x0884,0x10A4,0x0884,0x10A4,
  0x1084,0x08A4,0x1084,0x10A4,0x0884,0x10A4,0x1084,0x08A4,0x10A4,0x10A4,0x10A4,0x10A4,
  0x08A4,0x10A4,0x08A4,0x10A4,0x10A4,0x10A4,0x10A5,0x10A4,0x10A4,0x10A5,0x10A4,0x10A4,
  0x10A4,0x10A4,0x10A4,0x10A4,0x10A4,0x10A4,0x08A5,0x10A4,0x10A4,0x08A4,0x10C5,0x10A4,
  0x10C4,0x10A5,0x10C4,0x08A4,0x10C4,0x10C5,0x10C4,0x08C5,0x10C4,0x10C5,0x10C4,0x10C5,
  0x10C4,0x10C4,0x10C5,0x10C4,0x10C5,0x10A4,0x10C5,0x10C4,0x10C5,0x10C4,0x10C5,0x10C5,
  0x10C4,0x10C5,0x10C4,0x10C5,0x10C4,0x10C5,0x10C4,0x10C5,0x10C4,0x10C5,0x10C5,0x10A5,
  0x10C5,0x10A5,0x10C5,0x10A5,0x10C5,0x18C4,0x10C5,0x10C5,0x18C5,0x10C4,0x10C5,0x10C5,
  0x10E5,0x10C4,0x10C5,0x18C5,0x10C5,0x10C5,0x10C4,0x10C4,0x10E4,0x10C4,0x10C5,0x10E5,
  0x1126,0x01C7,0x2D54,0x1DD4,0x15B4,0x1DB4,0x15D4,0x2594,0x3554,0x01C7,0x0966,0x10E5,
  0x10E5,0x10E5,0x10E5,0x10C4,0x10C5,0x10C5,0x10E6,0x10E5,0x18E6,0x10C5,0x10C5,0x10E5,
  0x08E4,0x10E5,0x10E4,0x10E5,0x18C5,0x10E5,0x0926,0x0187,0x01E7,0x3D54,0x2574,0x1DB4,
  0x15B4,0x15B4,0x15B4,0x3573,0x01A7,0x1127,0x1906,0x08E5,0x0905,0x0904,0x18C5,0x18C5,
  0x10E5,0x0906,0x10C6,0x18C6,0x10C5,0x10E6,0x18C5,0x10C5,0x10E5,0x10E5,0x10E5,0x10E5,
  0x10E5,0x1106,0x1126,0x01A7,0x3554,0x1DB4,0x15B4,0x15D4,0x15B4,0x2594,0x4533,0x01E7,
  0x0146,0x1105,0x10C4,0x10E4,0x10C5,0x10C5,0x10C5,0x10C5,0x18C5,0x10C5,0x10C5,0x10E4,
  0x10C5,0x10C5,0x18C5,0x10C5,0x10C5,0x10C5,0x10C5,0x10C5,0x10C4,0x18C5,0x10C5,0x10C5,
  0x10A4,0x10C5,0x10A5,0x10C4,0x10C5,0x10C4,0x10C5,0x10C4,0x10C5,0x10C4,0x10C5,0x10C4,
  0x10C5,0x10C5,0x10C4,0x10C5,0x10C4,0x10C5,0x10C4,0x10A5,0x10C4,0x10A4,0x10C4,0x10A5,
  0x08C4,0x10A4,0x10C5,0x10A4,0x10C4,0x10A5,0x10C4,0x10C4,0x08A4,0x10C5,0x10A4,0x10C4,
  0x10A4,0x10A4,0x10A5,0x10A4,0x10A5,0x10A4,0x10A4,0x10A4,0x10A5,0x10A4,0x08A4,0x10A4,
  0x08A5,0x10A4,0x10A4,0x10A4,0x08A5,0x10A4,0x10A4,0x10A4,0x08A5,0x10A4,0x10A4,0x10A4,
  0x08A4,0x10A4,0x10A4,0x10A4,0x08A4,0x10A4,0x08A4,0x10A4,0x08A4,0x10A4,0x10A4,0x10A4,
  0x08A4,0x10A4,0x10A4,0x08A4,0x1084,0x10A4,0x0884,0x10A3,0x0884,0x10A4,0x0883,0x10A4,
  0x0884,0x10A3,0x0884,0x10A4,0x0883,0x1084,0x0883,0x1084,0x0883,0x1084,0x0883,0x1084,
  0x08A3,0x1084,0x08A3,0x0884,0x0883,0x0884,0x0883,0x1084,0x0883,0x0884,0x10A3,0x0884,
  0x0883,0x10A4,0x0883,0x10A4,0x0883,0x10A4,0x0884,0x10A3,0x0884,0x10A4,0x0883,0x08A4,
  0x10A3,0x10A4,0x08A4,0x10A4,0x10A3,0x10A4,0x10A3,0x08A4,0x10A4,0x10A3,0x08A4,0x10A3,
  0x10A4,0x08A4,0x10A4,0x1084,0x08A4,0x1084,0x08A4,0x1084,0x08A4,0x1084,0x10A4,0x10A4,
  0x08A4,0x10A4,0x10A4,0x10A5,0x08A4,0x10A4,0x08A4,0x10A4,0x08A4,0x10A5,0x08A4,0x10A4,
  0x08A4,0x10A4,0x10A4,0x10A4,0x10C5,0x10A4,0x10A4,0x10A4,0x08C4,0x10A4,0x10C5,0x10A4,
  0x10C5,0x10C4,0x10A5,0x10C4,0x10A4,0x10C5,0x10A4,0x10C4,0x08A5,0x10C4,0x10A5,0x10C4,
  0x08C4,0x10C5,0x10C4,0x10C5,0x10C4,0x10C5,0x10C4,0x10C5,0x10C4,0x10C5,0x10C4,0x10C5,
  0x10C4,0x10C5,0x10C4,0x10C5,0x10A5,0x10C5,0x10C4,0x10C5,0x10C4,0x10C5,0x10C4,0x10C5,
  0x10C5,0x10C5,0x10C5,0x10C5,0x10C5,0x10C5,0x10C5,0x10C5,0x10E4,0x10C5,0x18C5,0x18A5,
  0x10C5,0x08C5,0x10C5,0x10C4,0x10E5,0x10C4,0x10C4,0x1105,0x1126,0x01A7,0x2D54,0x1DB4,
  0x1DB4,0x15B4,0x15B4,0x2594,0x3553,0x01C7,0x0966,0x08E5,0x10E5,0x10E5,0x10E5,0x10E5,
  0x10C5,0x18E5,0x10E5,0x10E6,0x18C5,0x18C5,0x18E5,0x10E5,0x10E5,0x10E4,0x10C5,0x18C4,
  0x10E5,0x10E5,0x0126,0x0186,0x0207,0x3D54,0x2593,0x15B4,0x15B4,0x15D4,0x15D4,0x2D74,
  0x01A7,0x1126,0x1106,0x08E5,0x0905,0x08E5,0x18C5,0x18C5,0x10E5,0x10E5,0x18C5,0x18C6,
  0x10C5,0x10E6,0x10C5,0x10C5,0x10E5,0x10E5,0x10E4,0x10C5,0x10E5,0x0906,0x1126,0x01A8,
  0x2D53,0x1DD4,0x15B4,0x15B4,0x1DD4,0x1D74,0x3D34,0x01C6,0x0946,0x0905,0x10C4,0x18E5,
  0x10C5,0x10C4,0x10A5,0x10C5,0x10A5,0x10C5,0x10C5,0x10E5,0x10C5,0x10C5,0x10C5,0x10C4,
  0x10C5,0x18C5,0x10C5,0x10C5,0x10C5,0x10C5,0x10A4,0x10C5,0x10C5,0x10C5,0x10A4,0x10C5,
  0x10C4,0x10C5,0x10C4,0x10C5,0x10C4,0x10C5,0x10C4,0x10C5,0x10C4,0x10C5,0x10C4,0x10C5,
  0x10C4,0x10C5,0x10C4,0x10C4,0x10C5,0x10C4,0x08C5,0x10C4,0x10C5,0x10C4,0x10C5,0x10C4,
  0x08C5,0x10C4,0x10A5,0x10C4,0x10A5,0x08C4,0x10A4,0x08C5,0x10A4,0x10C4,0x08A4,0x10C4,
  0x10A4,0x08A4,0x10A4,0x08A4,0x10A4,0x10A4,0x10A4,0x10A4,0x10A4,0x08A4,0x10A4,0x10A4,
  0x10A4,0x10A4,0x08A4,0x10A4,0x10A4,0x10A4,0x08A4,0x10A5,0x10A4,0x0884,0x10A4,0x0884,
  0x10A4,0x1084,0x08A4,0x1084,0x10A3,0x0884,0x10A3,0x0884,0x10A3,0x0884,0x10A3,0x10A4,
  0x08A4,0x10A3,0x10A4,0x08A4,0x1083,0x08A4,0x1084,0x08A3,0x1084,0x08A4,0x1083,0x08A4,
  0x10A4,0x0883,0x08A4,0x1083,0x08A4,0x0883,0x10A4,0x0884,0x0883,0x0884,0x1083,0x0884,
  0x0883,0x0884,0x1083,0x0884,0x10A3,0x0884,0x10A4,0x08A3,0x1084,0x0883,0x0884,0x10A4,
  0x0884,0x10A3,0x0884,0x10A4,0x0883,0x10A4,0x0884,0x10A4,0x0884,0x10A4,0x1083,0x08A4,
  0x1084,0x08A4,0x1084,0x08A4,0x1084,0x08A4,0x1084,0x08A4,0x1084,0x10A4,0x08A4,0x10A4,
  0x08A4,0x10A4,0x08A4,0x10A4,0x10A4,0x08A4,0x10A4,0x10A5,0x10A4,0x10A4,0x08A4,0x10C4,
  0x10A4,0x10A4,0x10A4,0x10A5,0x10A4,0x10A4,0x10A4,0x10A4,0x10A5,0x10A4,0x08A4,0x10A4,
  0x10A4,0x10A4,0x08A5,0x10A4,0x10C5,0x08A4,0x10C4,0x08A4,0x10C4,0x10C5,0x08C4,0x10C5,
  0x10C4,0x10C4,0x08C5,0x10C4,0x10C4,0x10C5,0x10C4,0x10A5,0x10C4,0x10A4,0x10C5,0x10C4,
  0x10C5,0x10C4,0x10C5,0x10E4,0x10C5,0x10C4,0x10C5,0x10C4,0x10C5,0x10C4,0x10C5,0x10C4,
  0x10C5,0x10A4,0x10C5,0x10A5,0x10C5,0x10A5,0x10C5,0x10A4,0x10C5,0x10C5,0x10C5,0x10C4,
  0x10C5,0x18C5,0x10C5,0x10C5,0x10E4,0x10C5,0x10C5,0x18A5,0x10E5,0x10C5,0x10C5,0x08C4,
  0x10E5,0x10C4,0x10C5,0x10E5,0x1126,0x01C7,0x2D54,0x1DD4,0x15B4,0x1DB4,0x15D4,0x2594,
  0x3553,0x01C7,0x0167,0x1105,0x10E5,0x10E5,0x10E4,0x10C5,0x10C5,0x10C5,0x10E5,0x10E6,
  0x18C5,0x18C6,0x10C5,0x10E5,0x10E5,0x10E4,0x10C5,0x10C4,0x10C5,0x10E5,0x0125,0x0166,
  0x01E7,0x3554,0x2593,0x15B4,0x15D3,0x15D4,0x15D3,0x2D73,0x01A7,0x0926,0x1106,0x08E5,
  0x08E5,0x1105,0x18C5,0x18A5,0x10E5,0x08E6,0x18C6,0x18C5,0x10C6,0x10E5,0x18E6,0x10C5,
  0x10E5,0x10E5,0x10E5,0x10E5,0x08E5,0x0906,0x0926,0x01A7,0x3574,0x1DB4,0x15B4,0x15D4,
  0x15B4,0x2594,0x3D33,0x01C7,0x0146,0x1105,0x10C4,0x10E5,0x10C4,0x10C5,0x10C5,0x10C5,
  0x18C5,0x10C5,0x10C5,0x10C4,0x10C5,0x10C5,0x10C5,0x18C5,0x10C5,0x10C5,0x10C4,0x10C5,
  0x10C5,0x10C5,0x10C5,0x10C5,0x10A4,0x10C5,0x10A5,0x10C4,0x10C5,0x10C4,0x10C5,0x10C4,
  0x10C5,0x10C4,0x10C5,0x10C4,0x10C5,0x10C5,0x10C4,0x10C5,0x10C4,0x10C5,0x10C4,0x10A5,
  0x08C4,0x10A4,0x10C4,0x10A4,0x10C4,0x10A5,0x08C4,0x10A4,0x10C4,0x10C5,0x10C4,0x10C4,
  0x10A4,0x10C4,0x10A5,0x10C4,0x10A4,0x10A5,0x10A4,0x10A5,0x10A4,0x10A4,0x10A5,0x10A4,
  0x08A4,0x10A4,0x08A5,0x10A4,0x10A4,0x10A4,0x08A5,0x10A4,0x08A4,0x10A4,0x10A5,0x10A4,
  0x08A4,0x10A4,0x10A4,0x08A4,0x10A4,0x08A4,0x10A4,0x10A4,0x08A4,0x10A4,0x10A4,0x08A4,
  0x10A4,0x08A4,0x10A4,0x10A4,0x08A4,0x10A4,0x0884,0x10A4,0x1084,0x08A4,0x1084,0x10A4,
  0x0884,0x10A3,0x0884,0x10A4,0x0883,0x10A4,0x0884,0x10A3,0x0884,0x1084,0x0883,0x0884,
  0x1084,0x0883,0x0884,0x10A3,0x0884,0x10A4,0x0883,0x0884,0x0883,0x0884,0x1083,0x0884,
  0x0884,0x1083,0x0884,0x10A4,0x0883,0x1084,0x0883,0x10A4,0x0883,0x10A4,0x0883,0x10A4,
  0x0884,0x10A3,0x0884,0x10A3,0x10A4,0x08A4,0x10A4,0x08A4,0x10A3,0x08A4,0x10A3,0x10A4,
  0x08A3,0x10A4,0x10A4,0x10A3,0x08A4,0x1084,0x10A4,0x0884,0x10A4,0x1084,0x10A4,0x0884,
  0x10A4,0x1084,0x08A4,0x10A4,0x08A4,0x10A4,0x10A5,0x10A4,0x08A4,0x10A5,0x08A4,0x10A4,
  0x08A4,0x10A4,0x08A4,0x10A4,0x08A4,0x10A4,0x10A4,0x10A5,0x08A4,0x10C4,0x10A4,0x10A4,
  0x10C4,0x10A5,0x10C4,0x10A5,0x10C4,0x10C4,0x10A4,0x10C4,0x10A5,0x10C4,0x10A5,0x10C4,
  0x10A5,0x10C4,0x08C4,0x10C4,0x10C5,0x10C4,0x10C5,0x10C4,0x10C5,0x10C4,0x10C5,0x10C5,
  0x10C4,0x10C5,0x10C4,0x10C5,0x10C4,0x10C5,0x10C4,0x10C5,0x10C5,0x10C5,0x10C5,0x10C4,
  0x10C5,0x10C4,0x10C5,0x10C5,0x10C5,0x18C5,0x10C5,0x10C5,0x10C5,0x10C5,0x10C4,0x10C5,
  0x10E5,0x10C4,0x18C5,0x10A6,0x10C5,0x08E5,0x10C5,0x10C4,0x10E4,0x10C4,0x10C4,0x1105,
  0x1126,0x01A7,0x2D54,0x1DB4,0x1DB4,0x1DB4,0x15B4,0x1D94,0x3553,0x01C7,0x0166,0x1105,
  0x08E5,0x10E5,0x08E5,0x10E4,0x10C5,0x10E5,0x10E5,0x10E6,0x10E5,0x18C5,0x10E5,0x10C5,
  0x10E5,0x18C4,0x18E5,0x18C4,0x10C5,0x10E5,0x0126,0x0166,0x01C6,0x3554,0x2593,0x1D93,
  0x1DD4,0x15B3,0x1DB4,0x2D53,0x01A6,0x0926,0x10E6,0x10E5,0x08E5,0x10E4,0x18A5,0x18A5,
  0x10C5,0x10E5,0x18C6,0x18C5,0x10E6,0x10E5,0x10C5,0x10C5,0x10E5,0x10E5,0x08E4,0x10E5,
  0x08E5,0x1106,0x0946,0x01A8,0x2D73,0x1DB4,0x15B4,0x1DB4,0x15D4,0x2574,0x3D34,0x01E7,
  0x0946,0x1105,0x10C4,0x10E5,0x10C5,0x10C5,0x10A5,0x10C5,0x18A5,0x10C5,0x10C5,0x10E5,
  0x10C5,0x10C4,0x10C5,0x10C5,0x10C5,0x10C5,0x10C5,0x18C5,0x10C5,0x10C5,0x10A4,0x10C5,
  0x10C5,0x10C5,0x10A4,0x10C5,0x10C4,0x10C5,0x10C4,0x10C5,0x10C4,0x10C5,0x10C4,0x10C5,
  0x10C4,0x10C5,0x10C4,0x10C5,0x10C4,0x10C5,0x10C4,0x10C4,0x10C5,0x10C4,0x10C5,0x10C5,
  0x08C4,0x10C4,0x10C5,0x10C4,0x10A5,0x10C4,0x08A5,0x10C4,0x08A5,0x10C4,0x08A4,0x10C4,
  0x10A5,0x08C4,0x10A4,0x10C4,0x10A5,0x08A4,0x10A4,0x10A4,0x10A4,0x10A4,0x10A4,0x10A4,
  0x08A4,0x10A4,0x10A4,0x10A4,0x10A4,0x10A4,0x08A4,0x10A4,0x10A4,0x10A5,0x10A4,0x10A4,
  0x08A4,0x1084,0x08A4,0x1084,0x10A4,0x0884,0x10A4,0x1084,0x08A4,0x1083,0x08A4,0x1084,
  0x10A3,0x10A4,0x10A4,0x08A3,0x10A4,0x10A3,0x08A4,0x10A3,0x0884,0x10A4,0x0883,0x10A4,
  0x0884,0x10A3,0x0884,0x10A4,0x08A3,0x0884,0x10A3,0x0884,0x10A3,0x0884,0x1083,0x0884,
  0x1083,0x0884,0x10A3,0x0884,0x0883,0x0884,0x0883,0x10A4,0x0883,0x08A4,0x1083,0x08A4,
  0x0884,0x10A3,0x0884,0x10A3,0x0884,0x10A4,0x0884,0x10A3,0x0884,0x10A4,0x0883,0x08A4,
  0x1084,0x10A3,0x0884,0x10A4,0x1084,0x10A4,0x0884,0x10A4,0x1084,0x08A4,0x1084,0x08A4,
  0x10A4,0x08A4,0x10A4,0x10A4,0x08A4,0x10A4,0x08A4,0x10A4,0x08A4,0x10A4,0x10A4,0x10A4,
  0x10A4,0x10A4,0x10A4,0x10A5,0x10A4,0x10A4,0x10A4,0x10A4,0x10A4,0x10A5,0x10A4,0x10A4,
  0x10A4,0x10A5,0x08A4,0x10A4,0x10A5,0x10A4,0x10C5,0x10A4,0x08C4,0x10A4,0x08C4,0x10A4,
  0x10C5,0x08C4,0x10C5,0x10C4,0x10C5,0x08C4,0x10C4,0x10C5,0x10C4,0x10A4,0x10C5,0x10A4,
  0x10C5,0x08A4,0x10C5,0x10C4,0x10C5,0x10C4,0x10C5,0x10C4,0x10C5,0x10C4,0x10C5,0x10C4,
  0x10C5,0x10C4,0x10C5,0x10C4,0x10A5,0x10C4,0x10A5,0x10C5,0x10A5,0x10C5,0x10A5,0x10C4,
  0x10C5,0x10C5,0x10C4,0x10C5,0x18C5,0x10C5,0x10C5,0x10C5,0x10E4,0x10C5,0x10C5,0x18C5,
  0x10C5,0x10C5,0x10C5,0x10C4,0x10E5,0x10E4,0x10C5,0x10E5,0x1126,0x01C7,0x2D54,0x1DD4,
  0x1D94,0x1DB4,0x15B4,0x2594,0x3D53,0x01E7,0x0167,0x0905,0x10E5,0x10E5,0x10E4,0x08C5,
  0x18C5,0x10C5,0x10E6,0x18E5,0x10C5,0x18E6,0x10E5,0x10C5,0x10E5,0x10C5,0x18C5,0x18C5,
  0x10A5,0x10E5,0x0905,0x0145,0x01A6,0x4534,0x2D73,0x2573,0x25B4,0x1D93,0x25B3,0x3533,
  0x0187,0x0905,0x10E5,0x10E5,0x08E5,0x10E5,0x18C5,0x18C5,0x18C6,0x10E5,0x18C5,0x10C6,
  0x18C5,0x10E6,0x18C5,0x10C5,0x10E5,0x10C5,0x10E5,0x10E5,0x08E5,0x0906,0x0946,0x01A7,
  0x3574,0x1DB4,0x15B4,0x1DB4,0x1DD4,0x2594,0x3D33,0x01C7,0x0146,0x1105,0x10C4,0x10E4,
  0x10C5,0x10C5,0x10C5,0x10C5,0x10C5,0x10C5,0x10C5,0x10E4,0x10C5,0x10C5,0x18C5,0x10C5,
  0x10C4,0x10C5,0x10C5,0x10C5,0x10C4,0x10C5,0x10C5,0x10C5,0x10A4,0x10C5,0x10A5,0x10C4,
  0x10C5,0x10C4,0x10C5,0x10C4,0x10C5,0x10C4,0x10C5,0x10C4,0x10C5,0x10C5,0x10C4,0x10C5,
  0x10C4,0x10C5,0x10C4,0x10A5,0x10C4,0x10A5,0x08C4,0x10A4,0x10C5,0x10A4,0x10C5,0x10C4,
  0x08C4,0x10C5,0x10C4,0x10C5,0x10A4,0x10C4,0x10A5,0x08C4,0x10A4,0x10A4,0x10A5,0x10A4,
  0x10A4,0x10A4,0x08A4,0x10A4,0x08A5,0x10A4,0x08A4,0x10A4,0x10A5,0x10A4,0x08A4,0x10A4,
  0x08A5,0x10A4,0x10A4,0x10A4,0x08A4,0x10A4,0x08A4,0x10A4,0x10A4,0x10A4,0x10A4,0x08A4,
  0x10A4,0x10A4,0x08A4,0x10A4,0x10A4,0x10A4,0x10A4,0x08A4,0x1084,0x08A4,0x1084,0x08A4,
  0x1084,0x08A4,0x1084,0x10A4,0x0883,0x10A4,0x0884,0x10A3,0x0884,0x10A4,0x0883,0x10A4,
  0x0884,0x1083,0x0884,0x0883,0x1084,0x08A3,0x0884,0x08A3,0x0884,0x1083,0x0884,0x0883,
  0x0883,0x1084,0x0883,0x1084,0x0883,0x1084,0x08A4,0x1083,0x0884,0x0883,0x1084,0x08A4,
  0x1083,0x08A4,0x1083,0x08A4,0x1083,0x08A4,0x1084,0x10A3,0x08A4,0x10A4,0x10A4,0x08A3,
  0x10A4,0x08A3,0x10A4,0x08A3,0x10A4,0x10A3,0x08A4,0x1084,0x10A4,0x1084,0x08A4,0x1084,
  0x08A4,0x1084,0x10A4,0x0884,0x10A4,0x0884,0x10A4,0x08A4,0x10A5,0x08A4,0x10A4,0x10C4,
  0x08A4,0x10A4,0x08A4,0x10A5,0x08A4,0x10A4,0x08A4,0x10A4,0x08A4,0x10A4,0x10A4,0x10A4,
  0x10C4,0x10A4,0x08A4,0x10A5,0x10C4,0x10A5,0x10C4,0x08A4,0x10C5,0x10C4,0x10A5,0x10C4,
  0x10A4,0x10C5,0x10A4,0x10C4,0x08C5,0x10C4,0x10C5,0x10C4,0x10C4,0x10C5,0x10C4,0x10C5,
  0x10C4,0x10C5,0x10C4,0x10E5,0x10C4,0x10C5,0x10C4,0x10C5,0x10C4,0x10C5,0x10C4,0x10C4,
  0x10C5,0x10C5,0x10C5,0x10C4,0x10C5,0x10C4,0x10C5,0x10A5,0x10C5,0x10C5,0x18C5,0x10C5,
  0x10C5,0x10C5,0x10C5,0x10C5,0x10E5,0x10C5,0x18C5,0x10A5,0x10C5,0x08C5,0x10C4,0x10C4,
  0x10E4,0x10C4,0x10C4,0x1105,0x1126,0x01A7,0x2D54,0x1DB4,0x1DB4,0x1D94,0x1DB4,0x2594,
  0x3534,0x01C7,0x0166,0x0905,0x08E5,0x10E5,0x10E5,0x10E5,0x10C5,0x18C5,0x18C5,0x10E6,
  0x10E5,0x10E5,0x10E5,0x10E5,0x10E5,0x18C4,0x10C5,0x18C4,0x10A5,0x10E5,0x0905,0x0126,
  0x0186,0x4513,0x3D33,0x3553,0x3573,0x2D73,0x3573,0x3D13,0x0166,0x08E6,0x10E5,0x10C6,
  0x10E5,0x10E5,0x18A5,0x18C5,0x10C5,0x10E6,0x10E5,0x10E5,0x10E6,0x10C5,0x18E6,0x18C5,
  0x10C5,0x18E5,0x10C4,0x10E5,0x10E5,0x0926,0x0946,0x01A8,0x2D53,0x1DB4,0x1D94,0x1DB4,
  0x15B4,0x2594,0x3D33,0x01C7,0x0946,0x0905,0x10C4,0x10E5,0x10C5,0x10C4,0x10A5,0x10C5,
  0x18A5,0x10C5,0x10C5,0x10E5,0x10C5,0x10C5,0x10C5,0x10C5,0x10C5,0x18C5,0x10C5,0x10C5,
  0x10C5,0x18C5,0x10A5,0x10C4,0x10C5,0x10C5,0x10A4,0x10C5,0x10C4,0x10C5,0x10C4,0x10C5,
  0x10C4,0x10C5,0x10C4,0x10C5,0x10C4,0x10C5,0x10C4,0x10C5,0x10C4,0x10C5,0x10C4,0x10C4,
  0x08C4,0x10C4,0x10C5,0x10C4,0x10C4,0x10C5,0x08A4,0x10C5,0x10A4,0x10C4,0x10A5,0x10C4,
  0x08A4,0x10C4,0x10A4,0x10C4,0x10A5,0x10C4,0x10A4,0x08C4,0x10A4,0x10A4,0x10A5,0x10A4,
  0x10A4,0x10A4,0x10A4,0x10A4,0x08A4,0x10A4,0x10A4,0x10A4,0x10A4,0x10A4,0x08A4,0x10A5,
  0x10A4,0x10A4,0x10A4,0x08A5,0x10A4,0x0884,0x10A4,0x0884,0x10A4,0x0884,0x10A4,0x0884,
  0x10A3,0x0884,0x10A3,0x08A4,0x10A3,0x08A4,0x10A3,0x10A4,0x08A3,0x10A4,0x08A3,0x10A4,
  0x0884,0x10A3,0x0884,0x10A4,0x0883,0x10A4,0x0884,0x10A3,0x08A4,0x0883,0x10A4,0x0884,
  0x0883,0x1084,0x0884,0x1083,0x08A4,0x0884,0x10A3,0x0884,0x0883,0x0884,0x0883,0x0884,
  0x0883,0x0884,0x1083,0x08A4,0x1083,0x0884,0x0883,0x1084,0x0883,0x0884,0x10A4,0x0884,
  0x10A4,0x0883,0x10A4,0x0884,0x1083,0x0884,0x0883,0x1084,0x08A4,0x1084,0x10A4,0x1084,
  0x08A4,0x1084,0x10A4,0x08A3,0x10A4,0x08A4,0x10A4,0x10A4,0x10A4,0x08A4,0x10A4,0x10A4,
  0x10A4,0x10A4,0x08A4,0x10A4,0x10A4,0x10A4,0x08A4,0x10A5,0x10A4,0x10A4,0x10A4,0x10A4,
  0x10A4,0x10A4,0x10A4,0x10A5,0x1084,0x08A4,0x10A4,0x08A5,0x10A4,0x10A4,0x10A5,0x10A4,
  0x10C4,0x08A4,0x10C5,0x10A4,0x10C4,0x10A4,0x08C4,0x10A5,0x10C4,0x10C5,0x08C4,0x10A5,
  0x10C4,0x10A4,0x10C4,0x08A5,0x10C4,0x10A4,0x10C5,0x10C4,0x10C4,0x10C5,0x10C4,0x10C5,
  0x10C4,0x10C5,0x10C4,0x10C5,0x10C4,0x10C5,0x10C4,0x10C5,0x10A5,0x10C4,0x10A5,0x10C5,
  0x10A5,0x10C5,0x10C5,0x10C4,0x10C5,0x10A4,0x10C5,0x10C5,0x10C4,0x10C5,0x10C5,0x10C4,
  0x10E5,0x10C4,0x10C5,0x18A5,0x10E5,0x10C5,0x10C5,0x10C4,0x08C5,0x10E4,0x10C5,0x1905,
  0x1127,0x01A7,0x2D73,0x1DB4,0x1D94,0x25B5,0x1594,0x2DD5,0x3533,0x01C7,0x0987,0x1126,
  0x1105,0x10E5,0x08C4,0x10C4,0x18C5,0x18C5,0x18C5,0x10C5,0x10E5,0x08E5,0x10E5,0x10C5,
  0x10E4,0x10C5,0x18C5,0x18A4,0x1064,0x2126,0x08A5,0x0105,0x01A7,0x4C51,0x4D13,0x4513,
  0x3D13,0x4533,0x3D33,0x4CB2,0x0166,0x10E5,0x18C6,0x18C5,0x10C5,0x10E5,0x10C5,0x18A5,
  0x10C5,0x10C5,0x10E5,0x10C5,0x10E6,0x10C5,0x18C5,0x18A5,0x18C5,0x10C5,0x18C5,0x10E5,
  0x08E5,0x1126,0x0947,0x01E8,0x2D33,0x1DB4,0x2594,0x1DB5,0x1DB4,0x2594,0x3D34,0x01C7,
  0x0146,0x1105,0x10E4,0x10A4,0x10C5,0x10C5,0x10C5,0x10C5,0x18C5,0x10C5,0x10C5,0x10C4,
  0x10C5,0x10C5,0x10C4,0x18C5,0x10C5,0x10C4,0x10A5,0x10C4,0x10A5,0x10C5,0x10C4,0x10C5,
  0x10A5,0x10C5,0x10C5,0x10A5,0x10C4,0x10C5,0x10C4,0x10C5,0x10C4,0x10C5,0x10C4,0x10C5,
  0x10C4,0x10C5,0x10C4,0x10C5,0x10C4,0x10C4,0x10A5,0x10C4,0x10A5,0x10C4,0x10A4,0x10C5,
  0x08A4,0x10C4,0x10C4,0x10C4,0x10C5,0x10C4,0x10C4,0x10C5,0x10C4,0x10C5,0x10C4,0x10C5,
  0x10A4,0x08A4,0x10A5,0x10A4,0x10A5,0x08A4,0x10A4,0x08A4,0x10A4,0x08A4,0x10A5,0x10A4,
  0x10A4,0x10A4,0x08A5,0x10A4,0x08A4,0x10A4,0x10A4,0x08A4,0x10A4,0x08A4,0x10A4,0x0884,
  0x10A4,0x08A4,0x10A4,0x10A4,0x08A4,0x10A4,0x10A4,0x10A4,0x08A4,0x10A4,0x0884,0x10A4,
  0x1084,0x10A4,0x0884,0x10A4,0x1084,0x10A4,0x1084,0x08A4,0x10A4,0x08A4,0x10A4,0x08A3,
  0x1084,0x08A4,0x1083,0x0884,0x1084,0x0883,0x0884,0x1083,0x08A4,0x10A3,0x0884,0x1083,
  0x0884,0x1083,0x0884,0x0883,0x0883,0x0884,0x1083,0x0884,0x1083,0x08A4,0x0883,0x1084,
  0x0883,0x0883,0x10A4,0x0883,0x08A4,0x1083,0x08A4,0x1083,0x08A4,0x1084,0x08A3,0x1084,
  0x08A4,0x10A4,0x08A4,0x1083,0x10A4,0x08A4,0x10A3,0x08A4,0x10A4,0x08A3,0x10A4,0x1084,
  0x08A4,0x1084,0x08A4,0x1084,0x08A4,0x1084,0x08A4,0x1084,0x08A4,0x1084,0x10A4,0x0884,
  0x10A4,0x08A4,0x10A4,0x10A4,0x08A4,0x10A4,0x08A4,0x10A4,0x08A4,0x10A5,0x08A4,0x10A4,
  0x08A4,0x1084,0x10A4,0x10A4,0x08A4,0x10A4,0x10A4,0x10A4,0x08C5,0x10A4,0x10C4,0x10A4,
  0x08C5,0x10A4,0x10C4,0x08A4,0x10C5,0x10C4,0x10C4,0x10C4,0x10C5,0x10C4,0x10C5,0x10C4,
  0x10C5,0x10C4,0x10C4,0x10A5,0x10C4,0x10C5,0x10C4,0x10C5,0x10C4,0x10C5,0x10C4,0x10C5,
  0x10C4,0x10C5,0x10C4,0x10C5,0x10C4,0x10C5,0x10C5,0x10C4,0x10C5,0x10A4,0x10C5,0x10A5,
  0x10C5,0x10C5,0x10A5,0x10C5,0x10C5,0x10C5,0x18C5,0x10C5,0x10E4,0x10C5,0x18C5,0x18A5,
  0x10C5,0x08E5,0x10C5,0x10C4,0x10C4,0x10E4,0x10C5,0x1105,0x1126,0x01A7,0x2D54,0x1DB4,
  0x2594,0x25B4,0x1D94,0x2594,0x3D33,0x01E7,0x0966,0x0905,0x10E5,0x10E5,0x10E5,0x10C4,
  0x10A5,0x18A5,0x10C5,0x10C5,0x10E5,0x08E5,0x08E5,0x10E5,0x10E5,0x10C5,0x18C4,0x18C5,
  0x18E5,0x20E6,0x08A4,0x1126,0x0105,0x01A7,0x0186,0x01A6,0x01C6,0x0165,0x0186,0x01C7,
  0x00A4,0x10E6,0x20E5,0x1084,0x10E5,0x10C5,0x10C5,0x10E5,0x10C5,0x10E5,0x08E5,0x08E5,
  0x10E5,0x10C6,0x18C5,0x18A5,0x10A5,0x18C4,0x10A5,0x10E4,0x1106,0x0105,0x0987,0x0166,
  0x3DB5,0x1D93,0x25B5,0x1593,0x1DB4,0x2594,0x3D34,0x01C6,0x0946,0x1105,0x10E5,0x10C4,
  0x10C5,0x10C4,0x10C5,0x10A5,0x10C5,0x10C5,0x10C5,0x10E5,0x10C5,0x10C5,0x10C5,0x10C5,
  0x10C5,0x10C5,0x10C5,0x10C5,0x10C5,0x10C4,0x10A5,0x10C5,0x10C4,0x10C5,0x10C4,0x10C5,
  0x10C4,0x10C5,0x10C4,0x10C5,0x10C4,0x10C5,0x10C4,0x10C5,0x10C4,0x10C5,0x10C4,0x10C4,
  0x10A5,0x10C4,0x08C5,0x10C4,0x10C5,0x10C4,0x08C5,0x10C4,0x10C5,0x10C4,0x10A5,0x10C4,
  0x10A5,0x08C4,0x10A5,0x10C4,0x10A4,0x08C5,0x10A4,0x10C4,0x10A5,0x10C4,0x10A4,0x10C4,
  0x10A4,0x10A4,0x10A4,0x10A4,0x10A5,0x10A4,0x08A4,0x10A4,0x08A4,0x10A4,0x10A4,0x10A4,
  0x10A4,0x10A5,0x10A4,0x08A4,0x10A4,0x0884,0x10A4,0x10A4,0x08A4,0x1084,0x08A4,0x1084,
  0x10A4,0x0884,0x10A4,0x0884,0x10A4,0x10A3,0x10A4,0x08A4,0x10A3,0x08A4,0x10A4,0x08A3,
  0x10A4,0x08A4,0x10A3,0x10A4,0x0883,0x10A4,0x1084,0x10A4,0x0883,0x10A4,0x0883,0x0884,
  0x08A3,0x1084,0x0883,0x0884,0x1084,0x08A4,0x1083,0x08A4,0x0883,0x08A4,0x0883,0x0884,
  0x0883,0x0884,0x0883,0x0883,0x0884,0x1083,0x0884,0x0883,0x0884,0x0883,0x0884,0x1084,
  0x0883,0x1084,0x08A3,0x1084,0x08A3,0x1084,0x08A4,0x1083,0x08A4,0x1083,0x0884,0x10A4,
  0x08A3,0x1084,0x08A4,0x1084,0x10A4,0x1084,0x08A4,0x10A3,0x10A4,0x10A4,0x08A4,0x10A4,
  0x10A4,0x08A4,0x10A4,0x08A4,0x10A4,0x08A4,0x10A4,0x08A4,0x1084,0x10A4,0x10A4,0x10A4,
  0x10A5,0x10A4,0x10A4,0x10A5,0x10A4,0x10A4,0x10A4,0x10A4,0x10A4,0x08A4,0x10A4,0x10A4,
  0x10A4,0x10A4,0x08A5,0x10A4,0x10C4,0x10A4,0x08C5,0x10A4,0x10C4,0x10A4,0x10C5,0x10A4,
  0x10C4,0x10C5,0x10A4,0x10C5,0x08A4,0x10C5,0x10A4,0x10C4,0x08A5,0x10C4,0x10C5,0x08C4,
  0x10A4,0x10C5,0x10C4,0x10C5,0x10C4,0x10C5,0x10C4,0x10C5,0x10C4,0x10C5,0x10C4,0x10C5,
  0x10A5,0x10C5,0x10A5,0x10C5,0x10C5,0x10C5,0x10C5,0x10C4,0x10C5,0x10C4,0x10C5,0x10C5,
  0x10C5,0x10C5,0x10C5,0x10C5,0x10E5,0x10C5,0x10C5,0x18C5,0x10C5,0x10C5,0x10C5,0x10E4,
  0x10C5,0x10C4,0x10C4,0x10E5,0x1126,0x01A7,0x2D53,0x1DD4,0x1D94,0x2595,0x1DB4,0x1D53,
  0x3D74,0x0207,0x0187,0x0925,0x0906,0x0905,0x08E4,0x10C5,0x10C5,0x18C5,0x18A5,0x10C5,
  0x10E5,0x08E5,0x0905,0x08E5,0x10E4,0x10E5,0x10C5,0x18C5,0x18C5,0x10A5,0x10A5,0x1106,
  0x0925,0x0105,0x0104,0x0166,0x0187,0x0165,0x0166,0x0166,0x0926,0x2106,0x2106,0x18C5,
  0x10E5,0x08E5,0x10E5,0x10C5,0x10E5,0x10E5,0x10E5,0x0905,0x08E5,0x10C5,0x10C5,0x18A5,
  0x18C5,0x10C5,0x18C5,0x10E5,0x0905,0x0946,0x0146,0x01E8,0x2D74,0x25D4,0x1D74,0x1D94,
  0x1DB4,0x2594,0x3D33,0x01C7,0x0146,0x10E5,0x10E4,0x10A4,0x10C5,0x08C5,0x10C5,0x10C5,
  0x18A5,0x10C5,0x10C5,0x10E4,0x10C5,0x10C5,0x18C5,0x10C5,0x10C5,0x10C4,0x10A5,0x10C4,
  0x10A5,0x10C5,0x10C5,0x10C5,0x10A5,0x10C5,0x10A5,0x10C5,0x10C4,0x10C5,0x10C4,0x10C5,
  0x10C4,0x10C5,0x10C4,0x10C5,0x10C4,0x10C5,0x10C5,0x10C4,0x10C5,0x10C4,0x10A4,0x10C5,
  0x10A4,0x10C4,0x10A4,0x10C5,0x10A4,0x10C5,0x08C4,0x10C5,0x10C4,0x10C4,0x10C4,0x10C5,
  0x10C4,0x10C4,0x10C5,0x10C4,0x08A4,0x10A4,0x10A5,0x10A4,0x10A5,0x08A4,0x10A4,0x08A4,
  0x10A4,0x10A4,0x10A4,0x10A4,0x10A5,0x10A4,0x08A4,0x10A4,0x08A4,0x10A4,0x10A4,0x08A4,
  0x10A4,0x10A4,0x08A4,0x1084,0x10A4,0x10A4,0x10A4,0x08A4,0x10A4,0x10A4,0x08A4,0x10A4,
  0x0884,0x10A4,0x0884,0x10A4,0x0884,0x10A4,0x1084,0x08A4,0x1084,0x08A4,0x1084,0x08A4,
  0x10A4,0x08A4,0x10A3,0x08A4,0x1084,0x08A4,0x1083,0x0884,0x1084,0x0883,0x0884,0x0883,
  0x10A3,0x0884,0x0883,0x1084,0x0884,0x1083,0x0884,0x1083,0x0883,0x1084,0x0883,0x1084,
  0x0883,0x0884,0x10A3,0x0884,0x1083,0x0884,0x10A3,0x0884,0x08A3,0x1084,0x08A4,0x1084,
  0x08A4,0x1083,0x08A4,0x1084,0x08A3,0x1084,0x08A3,0x1084,0x10A4,0x08A4,0x10A3,0x08A4,
  0x10A3,0x08A4,0x10A4,0x0884,0x10A4,0x0884,0x10A4,0x0884,0x10A4,0x1084,0x08A4,0x1084,
  0x10A4,0x0884,0x10A4,0x10A4,0x08A4,0x10A4,0x08A5,0x10A4,0x08A4,0x10A4,0x08A4,0x10A4,
  0x08A4,0x10A4,0x08A4,0x10A4,0x0884,0x10A4,0x10A4,0x08A5,0x10A4,0x10A4,0x10A4,0x10A4,
  0x10C5,0x10A4,0x10C4,0x10A4,0x08C5,0x10A4,0x08C4,0x10A4,0x10C5,0x08C4,0x10C5,0x10C4,
  0x10C4,0x10C4,0x10C5,0x10C4,0x10C4,0x10A5,0x10C4,0x10C5,0x10C4,0x10C5,0x10C4,0x10C5,
  0x10C4,0x10C5,0x10C4,0x10C5,0x10C4,0x10C5,0x10C4,0x10C4,0x10C5,0x10C4,0x10C5,0x10A4,
  0x10C5,0x10A4,0x10C5,0x10A5,0x10C5,0x10A5,0x10C4,0x10C5,0x18C5,0x10C4,0x10C5,0x10C5,
  0x10E4,0x10C5,0x10C5,0x18A5,0x10C5,0x08C5,0x10C5,0x10C4,0x10C4,0x10E4,0x10C5,0x1105,
  0x0906,0x01A7,0x3554,0x1DB4,0x1D94,0x1D94,0x1DD4,0x1D73,0x3D74,0x0228,0x01A7,0x1187,
  0x1125,0x1125,0x08E5,0x10E5,0x10C5,0x18C5,0x10C5,0x10C5,0x08E5,0x10E5,0x0904,0x10E5,
  0x08E5,0x10E5,0x10E5,0x10C5,0x10C5,0x10C5,0x1906,0x08C5,0x1106,0x0905,0x0967,0x1166,
  0x0126,0x0146,0x0986,0x0125,0x08E5,0x0864,0x10A5,0x10C5,0x08E5,0x08E5,0x10E5,0x10E5,
  0x10C5,0x10E5,0x08E5,0x0905,0x0906,0x10E5,0x10C5,0x18C5,0x10C5,0x18C5,0x10E5,0x1105,
  0x0926,0x11A8,0x0166,0x0249,0x2533,0x1DD4,0x1D73,0x25D5,0x15B4,0x2594,0x3D34,0x01C6,
  0x0146,0x1105,0x10C4,0x10C4,0x10C5,0x10C5,0x10C5,0x10C5,0x18C5,0x10C5,0x10C5,0x10C5,
  0x10C5,0x10C4,0x10C5,0x10C5,0x10C5,0x10C5,0x10C5,0x10C5,0x10C5,0x10C4,0x10A5,0x10C4,
  0x10C5,0x10C4,0x10C5,0x10A5,0x10C4,0x10C5,0x10C4,0x10C5,0x10C4,0x10C5,0x10C4,0x10C5,
  0x10C4,0x10C5,0x10C4,0x10C4,0x10A4,0x08C5,0x10C4,0x10C4,0x10C5,0x08C4,0x10C5,0x10C4,
  0x10C4,0x10C4,0x10A5,0x10C4,0x10A5,0x10C4,0x08A5,0x10C4,0x10A5,0x10C4,0x08A5,0x10C4,
  0x10A5,0x10C4,0x10A4,0x08C4,0x10A4,0x10A4,0x10A4,0x10A4,0x08A4,0x10A4,0x08A5,0x10A4,
  0x08A4,0x10A4,0x10A4,0x10A5,0x10A4,0x08A4,0x10A4,0x10A4,0x0884,0x10A4,0x10A4,0x08A4,
  0x10A4,0x0884,0x10A4,0x0884,0x10A4,0x0884,0x10A4,0x10A4,0x10A3,0x08A4,0x10A3,0x10A4,
  0x10A3,0x08A4,0x10A3,0x10A4,0x08A3,0x10A4,0x08A3,0x10A4,0x1083,0x10A4,0x0884,0x10A4,
  0x0883,0x10A4,0x0884,0x08A3,0x0884,0x10A3,0x0883,0x0884,0x1084,0x10A4,0x0883,0x10A4,
  0x0883,0x10A4,0x0883,0x0883,0x0883,0x0884,0x0883,0x0884,0x0883,0x1084,0x0883,0x1084,
  0x0883,0x0884,0x0883,0x1084,0x0883,0x0884,0x10A3,0x0884,0x10A3,0x0884,0x10A3,0x0884,
  0x10A4,0x0884,0x10A4,0x0883,0x10A4,0x1084,0x10A4,0x0884,0x10A4,0x1084,0x08A3,0x10A4,
  0x08A4,0x10A4,0x10A4,0x10A4,0x08A4,0x10A4,0x10A4,0x08A4,0x10A4,0x10A4,0x0884,0x10A4,
  0x1084,0x10A4,0x10A4,0x10A4,0x10A4,0x10A4,0x10A4,0x10A4,0x10A4,0x10A4,0x10A4,0x10A4,
  0x10A4,0x0884,0x10A4,0x10A4,0x08A4,0x10A4,0x10A5,0x10A4,0x08C4,0x10A4,0x08C5,0x10A4,
  0x10C4,0x10A4,0x10C5,0x10A4,0x10C4,0x10C4,0x10A4,0x10C5,0x10A4,0x08C5,0x10A4,0x10C5,
  0x10C4,0x10C4,0x10A4,0x10C4,0x10A5,0x10C4,0x10C5,0x10C4,0x10C5,0x10C4,0x10C5,0x10C4,
  0x10C5,0x10C4,0x10C5,0x10C5,0x10A5,0x10C5,0x10C5,0x10C5,0x10C5,0x10C5,0x10C5,0x10C4,
  0x10C5,0x10C5,0x10A5,0x10C5,0x10C5,0x10C5,0x10C5,0x10C5,0x10E4,0x10C5,0x18C5,0x10A5,
  0x10E5,0x10C5,0x10C5,0x08C4,0x10E4,0x10C5,0x10C4,0x10E5,0x1126,0x01A7,0x2D53,0x1DD4,
  0x1D94,0x1D94,0x1DD5,0x1D94,0x3573,0x0228,0x01A6,0x09A7,0x0946,0x0946,0x0925,0x0925,
  0x1105,0x10E5,0x18E6,0x10E5,0x10E5,0x1105,0x08E5,0x1105,0x08E5,0x1105,0x10E5,0x10E5,
  0x10E5,0x1105,0x1946,0x08C5,0x1126,0x0905,0x1125,0x00C4,0x0905,0x0926,0x0966,0x00E5,
  0x1967,0x1105,0x1906,0x1926,0x08E5,0x0925,0x0905,0x08E5,0x10E5,0x10E4,0x08E5,0x0905,
  0x0905,0x0906,0x10E5,0x10E5,0x18E5,0x10E5,0x1905,0x1125,0x0987,0x0166,0x01C8,0x0228,
  0x2594,0x1593,0x1DB5,0x1DB4,0x15B4,0x2594,0x3D33,0x01C7,0x0125,0x1105,0x10E5,0x10C4,
  0x10C5,0x10C4,0x10C5,0x10A5,0x18C5,0x10C5,0x10C5,0x10E4,0x10C5,0x10C5,0x10C5,0x10C5,
  0x10C4,0x10C5,0x10A4,0x10C5,0x10A5,0x10C5,0x10C5,0x10C5,0x10A5,0x10C5,0x10C4,0x10C5,
  0x10C4,0x10C5,0x10C4,0x10C5,0x10C4,0x10C5,0x10C4,0x10C5,0x10C4,0x10C5,0x10C4,0x10C5,
  0x10C4,0x10C5,0x10A4,0x10C5,0x10A4,0x10C5,0x10A4,0x10C5,0x08A4,0x10C5,0x10C4,0x10C4,
  0x08C4,0x10C5,0x10C4,0x10C4,0x10C5,0x10C4,0x10C4,0x10C5,0x10A4,0x10A4,0x10A5,0x10A4,
  0x10A5,0x08A4,0x10A4,0x10A5,0x10A4,0x10A4,0x10A4,0x10A4,0x10A4,0x10A4,0x08A4,0x10A4,
  0x10A4,0x10A4,0x10A4,0x08A4,0x10A4,0x0884,0x10A4,0x0884,0x10A4,0x08A4,0x10A4,0x10A4,
  0x08A4,0x10A4,0x1084,0x08A4,0x1084,0x10A4,0x0884,0x10A4,0x0884,0x10A4,0x0884,0x10A4,
  0x1084,0x08A4,0x1084,0x08A4,0x10A4,0x08A4,0x10A3,0x10A4,0x0884,0x10A3,0x0884,0x1083,
  0x0884,0x1084,0x0883,0x0883,0x10A4,0x0883,0x0884,0x1083,0x0884,0x0883,0x0884,0x0883,
  0x0883,0x0884,0x1083,0x0883,0x0884,0x10A3,0x0884,0x08A3,0x0884,0x1083,0x08A4,0x1083,
  0x08A4,0x1083,0x08A4,0x1084,0x08A4,0x1084,0x08A4,0x1083,0x08A4,0x1083,0x08A4,0x1084,
  0x08A3,0x10A4,0x08A3,0x10A4,0x08A3,0x10A4,0x10A4,0x0884,0x10A4,0x0884,0x10A4,0x0884,
  0x10A4,0x0884,0x10A4,0x1084,0x08A4,0x10A4,0x10A4,0x08A4,0x10A4,0x08A4,0x10A4,0x08A4,
  0x10A5,0x08A4,0x10A4,0x08A5,0x10A4,0x08A4,0x10A5,0x08A4,0x10A4,0x10A4,0x08A4,0x10A4,
  0x10A5,0x10A4,0x08A4,0x10A4,0x10C5,0x10A4,0x10C4,0x10A4,0x08C5,0x10A4,0x08C4,0x10A4,
  0x10C5,0x10C5,0x08C4,0x10C5,0x10C4,0x10C4,0x10C5,0x10A4,0x08C5,0x10C4,0x10C5,0x08C4,
  0x10C4,0x10C5,0x10C4,0x10C5,0x10C4,0x10C5,0x10C4,0x10C5,0x10C4,0x10C5,0x10C4,0x10C4,
  0x10C5,0x10A4,0x10C5,0x10A4,0x10C5,0x10A4,0x10C5,0x10A5,0x10C4,0x10C5,0x10C4,0x10C5,
  0x10C5,0x18C5,0x10C4,0x10C5,0x10E5,0x10C4,0x10C5,0x18A5,0x10C5,0x08C5,0x10C5,0x10C4,
  0x10C4,0x10E4,0x10C4,0x10E5,0x0906,0x01A7,0x2D53,0x1DB4,0x1DD5,0x15B4,0x15F4,0x1DD4,
  0x2533,0x02EA,0x0208,0x0186,0x0986,0x0966,0x0945,0x0925,0x1106,0x1105,0x10E6,0x08E5,
  0x1105,0x1105,0x1105,0x1105,0x1105,0x0905,0x1106,0x0925,0x0905,0x08E5,0x1126,0x1105,
  0x1987,0x1126,0x1146,0x1126,0x1926,0x1126,0x1146,0x0105,0x1166,0x1105,0x10E5,0x0905,
  0x0925,0x0125,0x0925,0x0905,0x18E5,0x18E5,0x1105,0x0925,0x0126,0x0905,0x1106,0x1106,
  0x1105,0x1126,0x1125,0x0946,0x09A7,0x0166,0x01E8,0x02EB,0x2573,0x15F4,0x1DD5,0x1573,
  0x1DB4,0x2594,0x3D34,0x01A6,0x0146,0x10E5,0x10C4,0x10C4,0x10C5,0x10C5,0x10C5,0x10C5,
  0x18A5,0x10C5,0x10C5,0x10E5,0x10C5,0x10C5,0x10C5,0x18C5,0x10C5,0x10C5,0x10C5,0x10C4,
  0x10C5,0x10C4,0x10A5,0x10C4,0x10C5,0x10A5,0x10C5,0x10A5,0x10C4,0x10C5,0x10C4,0x10C5,
  0x10C4,0x10C5,0x10C4,0x10C5,0x10C4,0x10C5,0x10C4,0x10C5,0x10A4,0x10C4,0x08C5,0x10C4,
  0x10C4,0x10C4,0x08C5,0x10C4,0x10C5,0x10C4,0x10A5,0x10C4,0x10A5,0x10C4,0x10A5,0x10C4,
  0x08A4,0x10C5,0x10A4,0x10C4,0x08A4,0x10C4,0x10A4,0x10C4,0x10A4,0x10A4,0x08A4,0x10A4,
  0x08A4,0x10A4,0x08A4,0x10A4,0x08A5,0x10A4,0x10A4,0x10A4,0x08A5,0x10A4,0x10A4,0x08A4,
  0x10A4,0x10A4,0x08A4,0x10A4,0x10A4,0x1084,0x08A4,0x1084,0x10A4,0x08A4,0x10A4,0x10A4,
  0x08A4,0x10A3,0x08A4,0x10A4,0x10A3,0x08A4,0x10A4,0x08A3,0x10A4,0x10A4,0x10A3,0x08A4,
  0x1084,0x10A4,0x0884,0x10A4,0x0883,0x10A4,0x0883,0x08A4,0x1083,0x08A4,0x0883,0x1084,
  0x0884,0x10A4,0x0883,0x08A4,0x1084,0x08A3,0x1084,0x0883,0x0883,0x0884,0x0883,0x1084,
  0x0883,0x0884,0x1084,0x0883,0x1084,0x0883,0x0884,0x1083,0x0884,0x0884,0x10A3,0x0884,
  0x10A3,0x0884,0x10A3,0x0884,0x10A3,0x0884,0x10A3,0x0884,0x10A4,0x08A4,0x1084,0x10A4,
  0x1084,0x08A4,0x10A3,0x10A4,0x10A4,0x08A4,0x10A4,0x10A4,0x08A4,0x10A4,0x08A4,0x10A4,
  0x1084,0x08A4,0x1084,0x08A4,0x1084,0x10A4,0x10A4,0x10A4,0x10A4,0x10A4,0x10A4,0x10A4,
  0x10A4,0x10A4,0x10A4,0x10A4,0x0884,0x10A4,0x10A5,0x10A4,0x08A4,0x10A4,0x10A4,0x10A5,
  0x08C4,0x10A4,0x08C5,0x10A4,0x10C4,0x10A4,0x10C5,0x08A4,0x10C4,0x10C4,0x10A5,0x10C4,
  0x10A5,0x10C4,0x08C4,0x10C4,0x10A5,0x10C4,0x10A5,0x10C4,0x10A5,0x10C4,0x10C5,0x10C4,
  0x10C5,0x10C4,0x10C5,0x10C4,0x10C5,0x10C4,0x10C5,0x10C4,0x10C5,0x10C5,0x10C5,0x10C5,
  0x10C5,0x10C5,0x10C5,0x10C5,0x10A5,0x10C5,0x10A5,0x10C5,0x10C4,0x10C5,0x10C5,0x10C5,
  0x10E5,0x10C5,0x18C5,0x10C5,0x10C5,0x10E5,0x10C5,0x10E4,0x10C5,0x10E4,0x10C4,0x10E5,
  0x0905,0x01A7,0x2D54,0x1DD4,0x1DD4,0x15B4,0x0DF4,0x15D4,0x2553,0x2450,0x232C,0x09C7,
  0x09C7,0x09A7,0x0986,0x0966,0x1126,0x1126,0x1126,0x1126,0x1906,0x1906,0x1926,0x1126,
  0x1126,0x1126,0x0946,0x1146,0x1187,0x0925,0x0925,0x0926,0x1146,0x1105,0x1126,0x1967,
  0x1105,0x1926,0x1166,0x1166,0x0946,0x0926,0x1146,0x1147,0x0966,0x0966,0x0946,0x1146,
  0x1906,0x1906,0x1126,0x1146,0x0946,0x0946,0x0926,0x1126,0x1926,0x1146,0x1166,0x1166,
  0x09C7,0x0A08,0x1ACB,0x2C71,0x1572,0x1615,0x15D4,0x1594,0x15B4,0x2594,0x3D33,0x01A6,
  0x0125,0x08E5,0x10E4,0x10C4,0x10C5,0x10C5,0x10C5,0x10C5,0x10C5,0x10C5,0x10C5,0x10C4,
  0x10C5,0x10C5,0x10C4,0x10C5,0x10C5,0x10C4,0x10A5,0x10C5,0x10A5,0x10C5,0x10C5,0x10C5,
  0x10C4,0x10C5,0x10C4,0x10C5,0x10C5,0x10C4,0x10C5,0x10C4,0x10C5,0x10C4,0x10C5,0x10C4,
  0x10C5,0x10C4,0x10C5,0x10C4,0x10C5,0x10C4,0x10A4,0x10C5,0x10A4,0x10C5,0x10A4,0x10C4,
  0x10A4,0x10C5,0x08C4,0x10C4,0x10C4,0x10C4,0x08C4,0x10C5,0x10C4,0x10C5,0x10C4,0x10C5,
  0x10A4,0x10A5,0x10A4,0x08A5,0x10A4,0x10A4,0x10A4,0x10A4,0x10A5,0x10A4,0x10A4,0x10A4,
  0x10A4,0x10A4,0x08A4,0x10A4,0x10A4,0x08A4,0x10A4,0x10A4,0x0884,0x10A4,0x1084,0x08A4,
  0x10A4,0x08A4,0x10A4,0x08A4,0x1084,0x10A4,0x0884,0x10A4,0x1084,0x08A4,0x1084,0x08A4,
  0x1084,0x10A4,0x1084,0x10A4,0x0884,0x10A4,0x0884,0x10A4,0x08A3,0x10A4,0x10A3,0x08A4,
  0x1084,0x08A4,0x1083,0x0884,0x0883,0x1084,0x0883,0x0883,0x10A4,0x0883,0x1084,0x0883,
  0x1084,0x0883,0x0884,0x0883,0x0883,0x1084,0x0883,0x0884,0x1083,0x08A4,0x1083,0x08A4,
  0x0883,0x0884,0x10A3,0x0884,0x10A3,0x0884,0x10A3,0x0884,0x10A4,0x0883,0x10A4,0x0884,
  0x10A4,0x0884,0x10A4,0x0883,0x10A4,0x10A4,0x08A3,0x10A4,0x08A4,0x1084,0x08A4,0x1084,
  0x08A4,0x1084,0x08A4,0x1084,0x10A4,0x1084,0x10A4,0x08A4,0x10A4,0x10A4,0x08A4,0x10A4,
  0x10A4,0x08A4,0x10A5,0x08A4,0x10A4,0x08A4,0x10A4,0x08A4,0x10A4,0x08A4,0x10A4,0x10A4,
  0x08A4,0x1084,0x08A4,0x10A4,0x10A4,0x10A4,0x10A5,0x10A4,0x10C4,0x10A4,0x10C4,0x10A4,
  0x08C5,0x10A4,0x10C4,0x10A4,0x10C5,0x10C4,0x10C4,0x08C4,0x10C4,0x10A5,0x10C4,0x10C5,
  0x10C4,0x10C4,0x10C5,0x10C4,0x10C4,0x10C5,0x10C4,0x10C5,0x10C4,0x10C5,0x10C4,0x10C5,
  0x10C4,0x10C5,0x10C4,0x10C5,0x10A5,0x10C4,0x10A5,0x10C4,0x10A5,0x10C4,0x10A5,0x10C4,
  0x10C5,0x10C4,0x10C5,0x10C5,0x18C5,0x10C5,0x10C5,0x10C5,0x10E4,0x10C5,0x10C5,0x18C5,
  0x10C5,0x10C5,0x10C5,0x10C4,0x08C4,0x10E5,0x10C4,0x08E5,0x0905,0x0187,0x3D13,0x2D94,
  0x1D94,0x0DB4,0x0DB4,0x1DF4,0x25B4,0x3DD5,0x34B1,0x0269,0x0228,0x0208,0x01E7,0x01E7,
  0x01C7,0x01C7,0x01A7,0x01A7,0x01A6,0x0187,0x01A6,0x01A7,0x01A6,0x01C7,0x01A7,0x01C6,
  0x01C7,0x01C7,0x01E8,0x01C7,0x01C7,0x01C7,0x01A7,0x01A6,0x09C8,0x01A6,0x01C7,0x01C7,
  0x01C7,0x01C7,0x01C7,0x01A6,0x01C7,0x01C7,0x01C7,0x01C7,0x0187,0x0986,0x01A7,0x01C7,
  0x01A7,0x01C7,0x01A7,0x0187,0x01A7,0x01C7,0x01C8,0x0207,0x0208,0x028A,0x3491,0x3D74,
  0x25F5,0x0572,0x1DF5,0x15B4,0x1DB4,0x2D73,0x4513,0x01A7,0x0125,0x10E5,0x10E5,0x10C5,
  0x10C5,0x08C4,0x10C5,0x10C5,0x18A5,0x10C5,0x10C5,0x10C5,0x10C5,0x18C5,0x10C5,0x10C5,
  0x10C5,0x10C5,0x10C5,0x10C4,0x10C5,0x10C4,0x10A5,0x10C5,0x10A5,0x10C5,0x10A5,0x10C5,
  0x10C4,0x10C5,0x10C4,0x10C5,0x10C4,0x10C5,0x10C4,0x10C5,0x10C4,0x10C5,0x10C4,0x10C4,
  0x10A5,0x08C4,0x10C5,0x10C4,0x10C4,0x08C4,0x10C5,0x10C4,0x10C5,0x10C4,0x10A4,0x10C5,
  0x10A5,0x10C4,0x10A5,0x10C4,0x10A4,0x10C5,0x08A4,0x10C5,0x10A4,0x10C4,0x10A4,0x10C4,
  0x10A5,0x08A4,0x10A4,0x08A4,0x10A4,0x08A4,0x10A4,0x08A5,0x10A4,0x10A4,0x10A5,0x08A4,
  0x10A4,0x10A4,0x10A5,0x08A4,0x10A4,0x08A4,0x10A4,0x0884,0x10A4,0x1084,0x08A4,0x10A4,
  0x08A4,0x10A4,0x10A4,0x08A4,0x10A3,0x10A4,0x10A3,0x10A4,0x08A3,0x10A4,0x08A3,0x10A4,
  0x08A3,0x10A4,0x10A3,0x08A4,0x1084,0x08A4,0x1084,0x10A4,0x0883,0x10A4,0x0884,0x10A3,
  0x0884,0x08A3,0x1084,0x0883,0x0884,0x10A4,0x0883,0x08A4,0x0883,0x10A4,0x0883,0x0884,
  0x0883,0x0884,0x0883,0x0883,0x0884,0x1083,0x0884,0x0883,0x1084,0x0883,0x0884,0x0883,
  0x0884,0x1083,0x0884,0x0883,0x10A4,0x0884,0x10A3,0x0884,0x10A3,0x0884,0x10A3,0x0884,
  0x10A3,0x0884,0x1084,0x0883,0x10A4,0x10A3,0x08A4,0x10A3,0x10A4,0x08A4,0x10A4,0x10A4,
  0x08A4,0x08A4,0x1084,0x10A4,0x0884,0x10A4,0x1084,0x08A4,0x1084,0x10A4,0x08A4,0x10A4,
  0x10A4,0x10A5,0x10A4,0x10A4,0x10A5,0x10A4,0x08A4,0x10A5,0x10A4,0x10A4,0x10A4,0x10A4,
  0x08A5,0x10A4,0x08A4,0x10A4,0x10A4,0x08A5,0x10A4,0x10A4,0x10A4,0x10A4,0x10A5,0x10A4,
  0x08A4,0x10A5,0x10A4,0x10A5,0x10A4,0x10C5,0x10A4,0x10A4,0x10C5,0x08A4,0x10C4,0x10A5,
  0x08C4,0x10C5,0x10C4,0x10C4,0x10C5,0x10A4,0x10C5,0x10C4,0x10C5,0x10C4,0x10C5,0x10C4,
  0x10C5,0x10C4,0x10C5,0x10C4,0x10C5,0x10C4,0x10C5,0x10C4,0x10C5,0x10C4,0x10C5,0x10C4,
  0x10C4,0x10C5,0x10C4,0x10C4,0x10C5,0x10C5,0x10C5,0x10C5,0x10C5,0x10C5,0x10C5,0x10C5,
  0x10E5,0x00A4,0x08E5,0x0905,0x1146,0x00E4,0x0186,0x4D54,0x2D74,0x15B4,0x1E15,0x15B4,
  0x1573,0x2574,0x2D94,0x2D54,0x3574,0x2D54,0x3554,0x3554,0x3555,0x2D54,0x2D75,0x2D74,
  0x3554,0x3553,0x3554,0x2D74,0x3554,0x2D73,0x3554,0x2D74,0x2D53,0x3554,0x2D53,0x3554,
  0x2D53,0x3554,0x2D53,0x3554,0x2D53,0x3554,0x2D74,0x2D53,0x2D74,0x3553,0x2D54,0x2D54,
  0x2D73,0x2D74,0x2D73,0x2D54,0x3573,0x3554,0x2D53,0x3574,0x2D54,0x3554,0x3534,0x3D54,
  0x3554,0x3554,0x3554,0x3554,0x2D74,0x2594,0x2DB5,0x1D73,0x1DD5,0x0D93,0x1DD5,0x1D73,
  0x2532,0x4DB5,0x01A5,0x0145,0x0145,0x00A4,0x10C5,0x10C4,0x10C5,0x10C5,0x10C5,0x10C5,
  0x10E5,0x10C5,0x18C5,0x18C5,0x10C4,0x10C4,0x10C4,0x10C5,0x10C4,0x10C4,0x10C5,0x10C4,
  0x10C5,0x10C4,0x10C5,0x10C4,0x10C4,0x10C4,0x10C4,0x10C5,0x10C4,0x10C5,0x10C4,0x10C5,
  0x10C4,0x10C5,0x10C4,0x10C5,0x10C4,0x10C4,0x10C5,0x10C4,0x10C4,0x10C5,0x10A4,0x10C5,
  0x10A4,0x10A5,0x10A4,0x10A4,0x10A4,0x08A4,0x10A5,0x10A4,0x10A4,0x08A4,0x10A4,0x10A5,
  0x10A4,0x10A4,0x10A4,0x10A4,0x08A4,0x10A4,0x08A5,0x10A4,0x10A4,0x10A4,0x10A4,0x10A5,
  0x10A4,0x10A4,0x10A4,0x10A4,0x08A4,0x10A4,0x10A4,0x10A4,0x10A4,0x08A4,0x10A4,0x10A4,
  0x0884,0x10A4,0x10A4,0x10A4,0x08A4,0x10A4,0x1084,0x10A4,0x1084,0x08A4,0x1084,0x10A4,
  0x0884,0x10A4,0x0884,0x10A4,0x0884,0x10A4,0x0884,0x10A4,0x0884,0x1084,0x0884,0x10A3,
  0x0884,0x10A3,0x0884,0x10A3,0x0884,0x0883,0x1084,0x0883,0x1084,0x0884,0x0883,0x1084,
  0x08A3,0x0884,0x1084,0x0883,0x0884,0x0883,0x1084,0x0883,0x0883,0x0884,0x1083,0x0884,
  0x0883,0x08A4,0x1083,0x08A4,0x1084,0x08A3,0x1084,0x10A4,0x0883,0x08A4,0x1083,0x0884,
  0x10A3,0x0884,0x10A4,0x0884,0x10A3,0x0884,0x10A4,0x0884,0x10A4,0x0883,0x10A4,0x08A4,
  0x10A4,0x0884,0x10A4,0x0884,0x10A4,0x1084,0x08A4,0x1084,0x10A4,0x10A4,0x08A4,0x10A4,
  0x10A4,0x08A4,0x10A4,0x10A4,0x08A4,0x10A4,0x1084,0x08A4,0x10A4,0x08A4,0x10A4,0x08A4,
  0x10A4,0x10A4,0x10A4,0x10A4,0x08A4,0x10A4,0x08A4,0x10A4,0x10A4,0x10A4,0x10A4,0x10A4,
  0x10C5,0x10A4,0x10C4,0x10A5,0x10C4,0x08A4,0x10C4,0x10A4,0x10C4,0x10A4,0x10A4,0x10C4,
  0x10A5,0x10C4,0x10A5,0x10C4,0x10C5,0x10C4,0x10C5,0x10C4,0x10A4,0x10C4,0x10A5,0x10C4,
  0x10C4,0x10C5,0x10C4,0x10C5,0x10C4,0x10C5,0x10C5,0x10C4,0x10C5,0x10C4,0x10C5,0x10C4,
  0x10C5,0x10C4,0x10C5,0x10C4,0x10C5,0x10C4,0x10C5,0x10C4,0x10C5,0x10C4,0x10C5,0x10C5,
  0x10C5,0x10C5,0x18C5,0x10C5,0x18C5,0x10C5,0x18C5,0x10C5,0x10C4,0x0084,0x08E4,0x00C4,
  0x0925,0x0125,0x11A7,0x4C71,0x2D33,0x2DF5,0x1553,0x0D53,0x2E37,0x15B4,0x1594,0x1D94,
  0x1DB5,0x1D94,0x1DB5,0x1DB4,0x1D95,0x1DB4,0x15B5,0x15B4,0x1DD4,0x15B4,0x1DB4,0x1DB4,
  0x1DB4,0x1DB4,0x15B4,0x1DB4,0x1DD4,0x1DB4,0x15D4,0x1DB4,0x1DD4,0x15B4,0x1DD4,0x1DB4,
  0x1DB4,0x15B4,0x1DB4,0x1DB4,0x1DB4,0x15D4,0x1DB4,0x1DD4,0x1DB4,0x1DB4,0x1DB4,0x1DB4,
  0x15B4,0x1DD4,0x1DB4,0x15B4,0x1DB4,0x1DB5,0x1DB4,0x2595,0x1D94,0x2594,0x1DB4,0x15B4,
  0x1DD5,0x0D73,0x15D5,0x15F5,0x0552,0x25F6,0x1DF5,0x2DB4,0x4594,0x3C90,0x0185,0x0166,
  0x0905,0x10E5,0x10C5,0x1084,0x10A5,0x10C5,0x08E4,0x08E5,0x10C5,0x10C5,0x10C5,0x18C5,
  0x10C4,0x10C5,0x10C4,0x10C5,0x10C4,0x10C5,0x10C4,0x10C5,0x10C4,0x10C5,0x10C4,0x10C5,
  0x10C5,0x10C5,0x10C4,0x10C5,0x10C4,0x10C5,0x10C4,0x10C5,0x10C4,0x10C5,0x10C4,0x10C5,
  0x10A4,0x10C5,0x10A4,0x10C5,0x10A4,0x10C4,0x08C4,0x10C5,0x10A4,0x10C4,0x10C5,0x10C4,
  0x10A5,0x10A4,0x10C4,0x10A4,0x10C5,0x10A4,0x10C4,0x10A4,0x08C4,0x10A5,0x10C4,0x10A5,
  0x10A4,0x10A4,0x10A4,0x10A4,0x08A4,0x10A4,0x08A4,0x10A4,0x08A4,0x10A4,0x08A4,0x10A4,
  0x10A4,0x08A4,0x10A4,0x08A5,0x10A4,0x10A4,0x10A4,0x08A4,0x10A4,0x0884,0x10A4,0x0884,
  0x10A4,0x08A4,0x10A4,0x08A4,0x10A4,0x08A4,0x10A4,0x08A4,0x10A4,0x08A3,0x10A4,0x10A4,
  0x08A3,0x10A4,0x10A4,0x08A3,0x1084,0x08A3,0x10A4,0x0884,0x10A4,0x0884,0x10A3,0x0884,
  0x1084,0x0883,0x08A4,0x0883,0x08A4,0x1083,0x08A4,0x1084,0x0883,0x1084,0x08A3,0x0884,
  0x1083,0x0884,0x0883,0x0883,0x0883,0x0884,0x0883,0x1084,0x0883,0x1084,0x0884,0x0883,
  0x1084,0x0883,0x0884,0x0883,0x1084,0x0884,0x10A3,0x0884,0x10A4,0x0883,0x10A4,0x0883,
  0x10A4,0x0884,0x10A3,0x0884,0x10A3,0x0884,0x10A4,0x0883,0x10A4,0x10A3,0x10A4,0x10A4,
  0x08A4,0x10A4,0x10A4,0x08A4,0x1084,0x08A4,0x1084,0x08A4,0x1084,0x10A4,0x0884,0x10A4,
  0x1084,0x08A4,0x10A4,0x1084,0x10A4,0x10A4,0x10A4,0x10A4,0x10A4,0x08A4,0x10A4,0x10A4,
  0x10A4,0x10A5,0x10A4,0x10A4,0x08A4,0x10A4,0x08A5,0x10A4,0x10A4,0x10A4,0x08A5,0x10A4,
  0x10A4,0x10A5,0x10A4,0x10A5,0x10A4,0x08C5,0x10A4,0x10A4,0x10C4,0x10A4,0x10C4,0x10A5,
  0x10C4,0x10A4,0x10C4,0x10C5,0x10C4,0x08C5,0x10C4,0x10A5,0x08C4,0x10A4,0x10C5,0x10C4,
  0x10C5,0x10C4,0x10C5,0x10C5,0x10C4,0x10C5,0x10C4,0x10C5,0x10C4,0x10C5,0x10C4,0x10C5,
  0x10C4,0x10C5,0x10C4,0x10C5,0x10C4,0x10C5,0x10C4,0x10C4,0x10C5,0x10C5,0x10C5,0x10C5,
  0x10C5,0x10C5,0x10C5,0x10C5,0x18E5,0x10E5,0x1126,0x08E5,0x00E5,0x0125,0x0104,0x0208,
  0x3D34,0x2553,0x2574,0x25D5,0x1573,0x1DF5,0x0531,0x1E36,0x0DB4,0x15D4,0x15B4,0x15B4,
  0x15B4,0x15D4,0x15B4,0x15D4,0x15B4,0x15B4,0x15B4,0x15B4,0x15B4,0x15B4,0x1DB4,0x15B4,
  0x15B4,0x15B4,0x1DB4,0x15B4,0x15B4,0x1DB4,0x15B4,0x15B4,0x15B4,0x1DB4,0x15B4,0x15B4,
  0x15B4,0x1DB4,0x15B4,0x15B4,0x15B4,0x15B4,0x15B4,0x15B4,0x1DB4,0x15B4,0x15B4,0x15B4,
  0x15D4,0x15B4,0x15B4,0x15D4,0x15B4,0x15B4,0x15D4,0x15B4,0x15F5,0x1615,0x0531,0x2636,
  0x1DF5,0x1573,0x1573,0x2533,0x3470,0x0248,0x0145,0x0125,0x08C4,0x18E5,0x18A5,0x10A4,
  0x10C5,0x10C5,0x08C5,0x10E5,0x08E5,0x10C5,0x10C4,0x18C5,0x10A5,0x10C4,0x10C5,0x10C4,
  0x10C5,0x10C4,0x10C5,0x10C4,0x10C5,0x10C4,0x10C5,0x10C4,0x10C4,0x10C5,0x10C4,0x10C5,
  0x10C4,0x10C5,0x10C4,0x10C5,0x10C4,0x10C5,0x10C4,0x10C5,0x10C4,0x08C4,0x10C4,0x10C5,
  0x08C4,0x10C5,0x10A4,0x10C4,0x10C5,0x10A4,0x10A5,0x10C4,0x10A4,0x10A4,0x08A5,0x10A4,
  0x10A4,0x10A4,0x08A5,0x10A4,0x10A4,0x10A4,0x10A4,0x10A4,0x08A4,0x10A4,0x08A4,0x10A4,
  0x10A5,0x10A4,0x10A4,0x10A4,0x10A5,0x10A4,0x10A4,0x08A5,0x10A4,0x10A4,0x10A4,0x10A4,
  0x10A4,0x08A4,0x10A5,0x10A4,0x08A4,0x10A4,0x08A4,0x10A4,0x1084,0x08A4,0x1084,0x08A4,
  0x1084,0x10A4,0x0884,0x10A4,0x1084,0x10A4,0x0884,0x10A4,0x1084,0x08A4,0x1084,0x10A4,
  0x08A4,0x1084,0x08A3,0x1084,0x08A3,0x1084,0x08A4,0x10A3,0x0884,0x1083,0x0884,0x1084,
  0x0883,0x1084,0x0883,0x0884,0x10A3,0x0884,0x1083,0x0884,0x0883,0x0883,0x1084,0x0883,
  0x0883,0x1084,0x0883,0x0883,0x0884,0x08A3,0x1084,0x08A3,0x0884,0x10A3,0x0884,0x10A4,
  0x0883,0x0884,0x0883,0x1084,0x08A3,0x1084,0x08A4,0x1084,0x08A3,0x1084,0x08A4,0x1083,
  0x08A4,0x1084,0x08A3,0x1084,0x08A4,0x1084,0x08A4,0x1083,0x08A4,0x1084,0x08A4,0x10A4,
  0x08A4,0x10A4,0x10A4,0x10A4,0x08A4,0x10A4,0x10A4,0x08A4,0x10A4,0x10A4,0x08A4,0x10A4,
  0x08A4,0x10A4,0x08A5,0x10A4,0x10A4,0x10A5,0x08A4,0x10A4,0x08A4,0x10A4,0x08A4,0x10A4,
  0x10A5,0x10A4,0x10A4,0x08A4,0x10C4,0x10A5,0x10C4,0x10A4,0x10C4,0x10A4,0x08C4,0x10A4,
  0x10A4,0x10A4,0x10C5,0x10A4,0x10C5,0x10A5,0x10C4,0x10A4,0x10C5,0x08C4,0x10A5,0x10C4,
  0x10A5,0x10C4,0x10C4,0x10C5,0x10C4,0x10C5,0x10C4,0x10C5,0x10C4,0x10C5,0x10C4,0x10C5,
  0x10C4,0x10C5,0x10C4,0x10C5,0x10C4,0x10C5,0x10C4,0x10C5,0x10C4,0x10C5,0x10C4,0x10C5,
  0x10C4,0x10C5,0x10C4,0x10C5,0x10C5,0x10C5,0x18C4,0x10C5,0x18C5,0x10C4,0x10C5,0x10C5,
  0x10A4,0x08A4,0x1106,0x08E5,0x00E4,0x0946,0x00E4,0x0104,0x01E7,0x3534,0x3554,0x2593,
  0x25B4,0x1DD4,0x15D4,0x0DD3,0x15F4,0x0DD4,0x15F4,0x15D4,0x15D4,0x15B5,0x15D4,0x1DB4,
  0x15B4,0x1DB4,0x15B4,0x1DB4,0x15B4,0x1DB4,0x15B4,0x1DB4,0x15B4,0x1DB4,0x15B4,0x1DB4,
  0x15B4,0x15B4,0x1DB4,0x15B4,0x1DB4,0x15B4,0x1DB4,0x15B4,0x1DB4,0x15B4,0x1DB4,0x15B4,
  0x1DB4,0x1DB4,0x15B4,0x1DB4,0x15B4,0x1DB4,0x15B4,0x1DB4,0x0DD4,0x0DD4,0x15D4,0x0DD4,
  0x15B4,0x15D4,0x0DD4,0x15D4,0x15D4,0x0D93,0x1E15,0x1573,0x1D94,0x2DD5,0x1D33,0x3D95,
  0x0248,0x00C3,0x0125,0x0905,0x10A5,0x10A4,0x18A5,0x18C5,0x18A5,0x10C5,0x08E5,0x08E5,
  0x10E4,0x10E5,0x10C5,0x10C5,0x10C4,0x10C5,0x10C4,0x10C5,0x10C4,0x10C5,0x10C4,0x10C5,
  0x10C4,0x10C5,0x10C4,0x10C5,0x10C4,0x10C5,0x10C4,0x10C5,0x10C4,0x10C5,0x10C4,0x10C5,
  0x10C4,0x10C5,0x10C4,0x10C5,0x10C4,0x10A5,0x10C4,0x10A4,0x10C5,0x10C4,0x10C5,0x10C4,
  0x10A5,0x10C4,0x10A4,0x10C5,0x10A4,0x10C4,0x10A4,0x10C4,0x10A5,0x10C4,0x10A4,0x10C5,
  0x10A4,0x10C5,0x08A4,0x10C5,0x10A4,0x10A4,0x10A5,0x10A4,0x08A4,0x10A4,0x08A4,0x10A4,
  0x08A4,0x10A4,0x10A4,0x10A4,0x10A4,0x08A4,0x10A5,0x08A4,0x10A4,0x10A4,0x08A4,0x10A4,
  0x1084,0x08A4,0x1084,0x08A4,0x10A4,0x10A4,0x08A4,0x10A4,0x08A4,0x10A4,0x10A4,0x08A4,
  0x10A3,0x08A4,0x10A3,0x08A4,0x10A3,0x10A4,0x08A3,0x10A4,0x0883,0x10A4,0x0884,0x10A3,
  0x0884,0x10A3,0x0884,0x1084,0x08A3,0x0884,0x10A3,0x0884,0x10A3,0x0884,0x10A3,0x0884,
  0x0884,0x0883,0x0884,0x1083,0x0884,0x0883,0x0884,0x0883,0x0883,0x0884,0x0883,0x1084,
  0x0883,0x1084,0x0883,0x1084,0x0883,0x1084,0x0883,0x0884,0x10A3,0x0884,0x10A3,0x0884,
  0x10A4,0x0883,0x10A4,0x0883,0x10A4,0x0883,0x10A4,0x0884,0x10A3,0x0884,0x10A4,0x0883,
  0x10A4,0x08A4,0x10A3,0x10A4,0x08A4,0x10A4,0x1084,0x08A4,0x1084,0x08A4,0x1084,0x08A4,
  0x1084,0x08A4,0x1084,0x10A4,0x0884,0x10A4,0x0884,0x10A4,0x10A4,0x10A4,0x10A4,0x08A4,
  0x10A4,0x10A4,0x10A4,0x10A4,0x10A5,0x10A4,0x10A4,0x10A4,0x08A4,0x10A4,0x10A4,0x10A4,
  0x10A5,0x10A4,0x10A4,0x08A5,0x10A4,0x10A5,0x10A4,0x10C5,0x10A4,0x10A4,0x08A4,0x10A4,
  0x10C4,0x10A4,0x10C5,0x10A4,0x10C5,0x10C4,0x10C4,0x10C5,0x08C4,0x10A5,0x10C4,0x10A4,
  0x10C5,0x10A4,0x10C5,0x10C4,0x10C5,0x10C4,0x10C5,0x10C5,0x10C4,0x10C5,0x10C4,0x10C5,
  0x10C4,0x10C5,0x10C4,0x10C5,0x10C4,0x10C5,0x10C4,0x10C5,0x10C4,0x10C5,0x10C4,0x10C5,
  0x10C4,0x10C5,0x10C5,0x10C5,0x10C5,0x10C5,0x18C5,0x10C5,0x10E5,0x0884,0x10C4,0x08C4,
  0x00C4,0x1126,0x1146,0x0146,0x0187,0x01C7,0x3CD3,0x3D54,0x2533,0x1D93,0x1DF4,0x0DB3,
  0x15D4,0x0DD3,0x15B4,0x15B4,0x1DB4,0x1D93,0x2594,0x1D94,0x1DB4,0x1DB4,0x15B4,0x1DB4,
  0x1DB4,0x15B4,0x1DB4,0x1DB4,0x15B4,0x1DB4,0x1DB4,0x15B4,0x1DB4,0x1DB4,0x15B4,0x1DB4,
  0x15B4,0x1DB4,0x15B4,0x1DB4,0x15B4,0x1DB4,0x1DB4,0x1DB4,0x15B4,0x1DB4,0x1DB4,0x15B4,
  0x1DB4,0x1DB4,0x15B4,0x1DB4,0x15D4,0x15D3,0x15D4,0x1DB3,0x15B4,0x1DB3,0x15B4,0x1DB3,
  0x1DF4,0x1DB4,0x1D73,0x2DB4,0x2553,0x3574,0x3D34,0x01C7,0x0145,0x00E5,0x1126,0x10C5,
  0x20C5,0x1044,0x20A5,0x18A5,0x10C5,0x10C5,0x10E4,0x08E5,0x10E5,0x10C5,0x10C5,0x10C5,
  0x10C4,0x10C5,0x10C4,0x10C5,0x10C4,0x10C5,0x10C4,0x10C5,0x10C4,0x10C5,0x10C4,0x10C5,
  0x10C4,0x10C5,0x10C4,0x10C5,0x10C4,0x10C5,0x10C4,0x10C5,0x10C4,0x10C5,0x10C4,0x10C5,
  0x10C4,0x10C4,0x10C5,0x10C4,0x10A4,0x10C5,0x10A4,0x10C4,0x10A4,0x10C5,0x10A4,0x10C4,
  0x10A5,0x08A4,0x10A5,0x10A4,0x10A4,0x08A4,0x10A4,0x10A4,0x10A4,0x10A4,0x10A4,0x10A4,
  0x08A4,0x10A4,0x08A4,0x10A4,0x10A4,0x10A4,0x10A5,0x10A4,0x10A4,0x08A4,0x10A4,0x08A4,
  0x10A5,0x10A4,0x10A4,0x10A4,0x10A4,0x10A4,0x10A4,0x08A4,0x10A4,0x10A4,0x10A4,0x10A4,
  0x0884,0x10A4,0x1084,0x10A4,0x1084,0x08A4,0x1084,0x10A4,0x0884,0x10A4,0x1084,0x10A4,
  0x0884,0x10A4,0x1084,0x08A4,0x1084,0x08A3,0x1084,0x08A4,0x1084,0x08A4,0x1083,0x08A4,
  0x1083,0x0884,0x1083,0x0884,0x0883,0x0884,0x0884,0x1083,0x08A4,0x1083,0x08A4,0x0883,
  0x1084,0x0883,0x1084,0x0883,0x0883,0x0884,0x1083,0x0884,0x0883,0x08A4,0x1083,0x08A4,
  0x0884,0x08A3,0x1084,0x0883,0x1084,0x0883,0x0884,0x1083,0x08A4,0x1084,0x08A4,0x1084,
  0x08A4,0x1084,0x08A3,0x1084,0x08A4,0x1083,0x08A4,0x1084,0x10A4,0x10A4,0x0884,0x10A4,
  0x1084,0x08A4,0x10A4,0x10A4,0x10A4,0x08A4,0x10A4,0x10A4,0x08A4,0x10A4,0x08A4,0x10A4,
  0x10A4,0x08A4,0x10A4,0x1084,0x08A4,0x10A4,0x10A4,0x10A4,0x08A4,0x10A4,0x08A5,0x10A4,
  0x08A4,0x10A4,0x08A4,0x10A4,0x10A4,0x08A4,0x10A5,0x08A4,0x10C4,0x10A4,0x10C4,0x10A4,
  0x10C4,0x10A4,0x10A4,0x08A4,0x10C5,0x10A4,0x10C5,0x10A4,0x10C5,0x10A4,0x10C5,0x10A4,
  0x10C4,0x10C5,0x08A4,0x10C4,0x10C4,0x10C4,0x10C5,0x08C4,0x10C4,0x10C4,0x10C5,0x10C4,
  0x10C5,0x10C4,0x10C5,0x10C4,0x10C5,0x10C4,0x10C5,0x10C4,0x10C5,0x10C4,0x10C5,0x10C4,
  0x10C5,0x10C4,0x10C5,0x10C4,0x10C5,0x10C4,0x10C5,0x10C4,0x10C5,0x10E5,0x10C5,0x10C5,
  0x18C5,0x10C5,0x18C5,0x18A5,0x1906,0x10C5,0x10C5,0x10E5,0x08C5,0x08C4,0x08E5,0x00E5,
  0x0105,0x0147,0x01C7,0x4CF3,0x3D54,0x3553,0x2573,0x2593,0x1D93,0x2593,0x2593,0x2593,
  0x2D53,0x2D54,0x2D53,0x2D54,0x2574,0x2594,0x2594,0x2594,0x2594,0x2594,0x2594,0x2594,
  0x2594,0x2594,0x2594,0x2594,0x2594,0x2594,0x2594,0x2594,0x2594,0x2594,0x2594,0x2594,
  0x2594,0x2594,0x2594,0x2594,0x2594,0x2594,0x2594,0x2594,0x2594,0x2594,0x2594,0x2594,
  0x2593,0x2593,0x2593,0x2593,0x2593,0x2594,0x2593,0x2594,0x1CF1,0x35D5,0x2D33,0x3533,
  0x4534,0x4513,0x01C7,0x0186,0x0105,0x1926,0x18C5,0x1084,0x20C6,0x1064,0x20C5,0x1084,
  0x18A5,0x10C5,0x08E5,0x08E5,0x10C5,0x08C4,0x10C5,0x10C5,0x10C4,0x10C5,0x10C4,0x10C5,
  0x10C4,0x10C5,0x10C4,0x10C5,0x10C4,0x10C5,0x10C4,0x10C5,0x10C4,0x10C5,0x10C4,0x10C5,
  0x10C4,0x10C5,0x10C4,0x10C5,0x10C4,0x10C5,0x10C4,0x10C5,0x10C4,0x08A5,0x10C4,0x10C5,
  0x08C4,0x10C4,0x10C5,0x08C4,0x10A5,0x10C4,0x10A5,0x10C4,0x10A4,0x10C4,0x10A4,0x10C4,
  0x10A5,0x10C4,0x10A5,0x10C4,0x08A5,0x10C4,0x10A5,0x10C4,0x10A4,0x10A4,0x10A4,0x10A4,
  0x08A5,0x10A4,0x08A4,0x10A4,0x10A4,0x10A5,0x10A4,0x10A4,0x10A4,0x08A4,0x10A4,0x08A4,
  0x10A5,0x08A4,0x10A4,0x10A4,0x0884,0x10A4,0x0884,0x10A4,0x08A4,0x10A4,0x08A4,0x10A4,
  0x08A4,0x10A4,0x08A4,0x10A4,0x10A4,0x08A3,0x10A4,0x08A4,0x10A3,0x08A4,0x10A4,0x10A3,
  0x0884,0x10A4,0x0883,0x10A4,0x0883,0x10A4,0x0884,0x10A4,0x0883,0x08A4,0x0884,0x10A3,
  0x0884,0x10A3,0x0884,0x1083,0x0884,0x1083,0x0884,0x0883,0x0884,0x0883,0x0883,0x0884,
  0x0883,0x0884,0x0883,0x0883,0x1084,0x0883,0x0884,0x1083,0x0884,0x1083,0x08A4,0x0883,
  0x08A4,0x1084,0x08A3,0x0884,0x10A3,0x0884,0x10A3,0x0884,0x10A3,0x0884,0x10A4,0x0883,
  0x10A4,0x0884,0x10A3,0x0884,0x08A3,0x10A4,0x10A3,0x08A4,0x10A4,0x10A4,0x0884,0x10A4,
  0x0884,0x10A4,0x0884,0x10A4,0x1084,0x10A4,0x1084,0x08A4,0x1084,0x10A4,0x08A4,0x10A4,
  0x10A4,0x08A5,0x10A4,0x10A4,0x10A5,0x10A4,0x10A4,0x10A4,0x10A4,0x10A4,0x10A5,0x10A4,
  0x10A4,0x10A4,0x10A4,0x10A4,0x10A4,0x08A5,0x10A4,0x10A5,0x10A4,0x08C5,0x10A4,0x10A4,
  0x10A4,0x10A4,0x10A4,0x10A4,0x10C5,0x10A4,0x10C4,0x10A5,0x10C4,0x10C4,0x10C5,0x10A4,
  0x10C5,0x10A4,0x10C5,0x10A4,0x10C5,0x10A4,0x10C5,0x10C4,0x10C5,0x10C4,0x10C5,0x10C5,
  0x10C4,0x10C5,0x10C4,0x10C5,0x10C4,0x10C5,0x10C4,0x10C5,0x10C4,0x10C5,0x10C4,0x10C5,
  0x10C4,0x10C5,0x10C4,0x10C5,0x10C5,0x10C5,0x10C5,0x10C4,0x10C5,0x10C5,0x10C4,0x18C5,
  0x0884,0x10A4,0x08A4,0x10C5,0x10E5,0x08E5,0x10E5,0x08C5,0x1947,0x1106,0x0084,0x01C8,
  0x0144,0x44F3,0x3D12,0x3D53,0x3553,0x3D54,0x3D33,0x3D33,0x4533,0x4513,0x4514,0x4513,
  0x3D33,0x3533,0x3533,0x3533,0x3533,0x3533,0x3533,0x3533,0x3D33,0x3534,0x3533,0x3553,
  0x3533,0x3534,0x3D33,0x3553,0x3533,0x3534,0x3D33,0x3553,0x3533,0x3534,0x3533,0x3553,
  0x3533,0x3533,0x3533,0x3533,0x3533,0x3533,0x3533,0x3533,0x3D33,0x3513,0x3D33,0x3D33,
  0x3D13,0x3D33,0x3D13,0x3D33,0x4534,0x3CF2,0x3CB2,0x5D35,0x01C7,0x0105,0x0126,0x0127,
  0x08E5,0x10C5,0x18C5,0x1084,0x1885,0x1885,0x20E6,0x1084,0x18E5,0x10C5,0x10E5,0x08E5,
  0x10E5,0x10C5,0x18A5,0x10C5,0x18C4,0x10C5,0x10C4,0x10C5,0x10C4,0x10C5,0x10C4,0x10C5,
  0x10C4,0x10C5,0x10C4,0x10C5,0x10C4,0x10C5,0x10C4,0x10C5,0x10C4,0x10C5,0x10C4,0x10C5,
  0x10C4,0x10C5,0x10C4,0x10C5,0x10C4,0x10C4,0x10A4,0x10C5,0x10A4,0x10C5,0x10A4,0x10C5,
  0x10A4,0x10C4,0x10A5,0x10C4,0x10A5,0x10A4,0x08A5,0x10A4,0x10A4,0x10A4,0x08A4,0x10A4,
  0x10A4,0x10A4,0x10A4,0x10A5,0x08A4,0x10A4,0x08A5,0x10A4,0x10A4,0x10A4,0x10A4,0x08A4,
  0x10A4,0x08A4,0x10A4,0x08A4,0x10A4,0x10A4,0x10A5,0x10A4,0x10A4,0x10A4,0x10A4,0x08A4,
  0x10A4,0x08A4,0x10A4,0x10A4,0x0884,0x10A4,0x1084,0x08A4,0x1084,0x10A4,0x1084,0x08A4,
  0x1084,0x10A4,0x0884,0x10A4,0x1084,0x10A4,0x0884,0x10A4,0x0883,0x10A4,0x0884,0x10A3,
  0x0884,0x10A3,0x0884,0x10A3,0x0884,0x1083,0x0884,0x1083,0x0884,0x1083,0x08A4,0x0883,
  0x10A4,0x0884,0x10A3,0x0884,0x1083,0x0884,0x1083,0x0883,0x0883,0x1084,0x0883,0x0884,
  0x0883,0x10A4,0x0883,0x10A4,0x0883,0x0884,0x1083,0x0884,0x1083,0x0884,0x1083,0x0884,
  0x10A4,0x0884,0x10A3,0x0884,0x10A4,0x0883,0x10A4,0x0884,0x10A3,0x0884,0x10A4,0x0884,
  0x10A4,0x08A4,0x1084,0x10A4,0x0884,0x10A4,0x08A4,0x10A4,0x10A4,0x08A4,0x10A4,0x10A4,
  0x08A4,0x08A4,0x10A4,0x10A4,0x08A4,0x1084,0x10A4,0x0884,0x10A4,0x10A4,0x08A4,0x10A4,
  0x08A4,0x10A4,0x08A4,0x10A4,0x08A5,0x10A4,0x08A4,0x10A4,0x08A4,0x10A5,0x08A4,0x10A4,
  0x10C4,0x10A4,0x10C4,0x10A4,0x10A4,0x10A4,0x10C5,0x10A4,0x10C5,0x08A4,0x10C5,0x10A4,
  0x10C4,0x10A5,0x10C4,0x10A5,0x10C4,0x08C5,0x10C4,0x10C5,0x10C4,0x08C5,0x10C4,0x10C4,
  0x10C5,0x08C4,0x10C5,0x10C4,0x10C5,0x10C4,0x10C5,0x10C4,0x10C5,0x10C4,0x10C5,0x10C4,
  0x10C5,0x10C4,0x10C5,0x10C4,0x10C5,0x10C4,0x10C5,0x10C4,0x10C5,0x10C4,0x10C5,0x10C4,
  0x10C5,0x10C5,0x10C5,0x10C5,0x18C5,0x10C5,0x18C5,0x10C5,0x18C5,0x18E6,0x10A5,0x10A4,
  0x10C5,0x10C5,0x10E5,0x10C5,0x1084,0x18E6,0x08E5,0x0105,0x0166,0x0186,0x01C7,0x01A6,
  0x01C7,0x01C6,0x01C7,0x01C7,0x01A7,0x01A7,0x01A6,0x01C7,0x01C7,0x01C7,0x01C7,0x01E7,
  0x01C7,0x01E7,0x01C7,0x01E7,0x01C7,0x01E7,0x01E7,0x01C7,0x01E7,0x01E7,0x01C7,0x01E7,
  0x01E7,0x01E7,0x01C7,0x01E7,0x01E7,0x01E7,0x01C7,0x01E7,0x01C7,0x01E7,0x01C7,0x01E7,
  0x01C7,0x01E7,0x01C7,0x01C7,0x01C7,0x01C7,0x01C7,0x01C7,0x01C7,0x01C7,0x01C6,0x01C7,
  0x01A6,0x01E7,0x0186,0x0145,0x0106,0x0947,0x08C5,0x10E6,0x10C5,0x1084,0x20E6,0x20E6,
  0x1064,0x18A4,0x18C5,0x10A5,0x10C5,0x10E5,0x08E5,0x10C4,0x10C5,0x10C5,0x10A4,0x18A5,
  0x10C4,0x10C5,0x10C4,0x10C5,0x10C4,0x10C5,0x10C4,0x10C5,0x10C4,0x10C5,0x10C4,0x10C5,
  0x10C4,0x10C5,0x10C4,0x10C5,0x10C4,0x10C5,0x10C4,0x10C5,0x10C4,0x10C5,0x10C4,0x10C5,
  0x10C4,0x10C5,0x10C4,0x10C4,0x10C5,0x10C4,0x10C4,0x10C4,0x10A5,0x10C4,0x10A4,0x10C5,
  0x10A4,0x10C4,0x10A4,0x10C4,0x10A5,0x10C4,0x10A5,0x10C4,0x10A5,0x10C4,0x08A4,0x10C4,
  0x10A4,0x10A4,0x10A4,0x10A4,0x08A4,0x10A4,0x10A5,0x10A4,0x10A4,0x10A4,0x10A5,0x10A4,
  0x10A4,0x08A4,0x10A4,0x08A4,0x10A4,0x08A4,0x10A5,0x10A4,0x0884,0x10A4,0x0884,0x10A4,
  0x10A4,0x08A4,0x10A4,0x10A4,0x08A4,0x10A4,0x08A4,0x10A4,0x08A3,0x10A4,0x10A3,0x08A4,
  0x10A3,0x08A4,0x10A3,0x10A4,0x0884,0x10A3,0x0884,0x10A4,0x0884,0x10A4,0x0883,0x10A4,
  0x0884,0x08A3,0x1084,0x08A3,0x0884,0x0884,0x1083,0x0884,0x0883,0x0884,0x0883,0x0884,
  0x0883,0x0884,0x0883,0x0884,0x0883,0x0884,0x0883,0x1084,0x0883,0x0884,0x0883,0x0884,
  0x1083,0x08A4,0x1084,0x08A3,0x0884,0x10A3,0x0884,0x0883,0x1084,0x0883,0x0884,0x10A3,
  0x0884,0x10A4,0x0883,0x10A4,0x0884,0x10A3,0x0884,0x10A3,0x10A4,0x10A3,0x08A4,0x10A3,
  0x10A4,0x08A4,0x1084,0x08A4,0x1084,0x10A4,0x0884,0x10A4,0x1084,0x10A4,0x0884,0x10A4,
  0x10A4,0x08A4,0x10A4,0x10A4,0x08A4,0x1084,0x10A4,0x0884,0x10A4,0x10A4,0x10A4,0x10A4,
  0x10A4,0x10A4,0x10A4,0x10A4,0x10A4,0x10A4,0x10A4,0x08A4,0x10A4,0x08A4,0x10A4,0x08A5,
  0x10A4,0x08A4,0x10A4,0x10A4,0x10A4,0x10A4,0x10A4,0x10A5,0x10A4,0x10A4,0x10A4,0x10A4,
  0x10C5,0x10C4,0x10A4,0x10C4,0x10A5,0x10C4,0x10A5,0x10C4,0x10A4,0x10C5,0x10A4,0x10C4,
  0x10A5,0x10C4,0x10C4,0x10C5,0x10C4,0x10C5,0x10C4,0x10C5,0x10C4,0x10C5,0x10C4,0x10C5,
  0x10C4,0x10C5,0x10C4,0x10C5,0x10C4,0x10C5,0x10C4,0x10C5,0x10C4,0x10C5,0x10C4,0x10C5,
  0x10C5,0x10C4,0x10A5,0x18A5,0x10C4,0x18C5,0x10C5,0x10C5,0x10C5,0x10A4,0x10C5,0x10A5,
  0x1885,0x18A5,0x18A5,0x10E5,0x0906,0x0125,0x0146,0x0146,0x0166,0x0166,0x0146,0x0146,
  0x0146,0x0166,0x0166,0x0146,0x0146,0x0945,0x0946,0x0146,0x0946,0x0945,0x0946,0x0146,
  0x0946,0x0945,0x0146,0x0946,0x0946,0x0145,0x0946,0x0946,0x0146,0x0945,0x0146,0x0946,
  0x0946,0x0945,0x0946,0x0946,0x0946,0x0945,0x0946,0x0946,0x0946,0x0945,0x0946,0x0146,
  0x0146,0x0146,0x0146,0x0146,0x0146,0x0166,0x0166,0x0166,0x0146,0x0146,0x0126,0x0105,
  0x08E5,0x10C5,0x18A5,0x18A5,0x10A5,0x10C4,0x10C5,0x10A4,0x18C5,0x10A5,0x10C5,0x10C4,
  0x10C5,0x08C5,0x10C4,0x10E5,0x10C5,0x10A5,0x18A5,0x10A5,0x10C4,0x10C5,0x10C4,0x10C5,
  0x10C4,0x10C5,0x10C4,0x10C5,0x10C4,0x10C5,0x10C4,0x10C5,0x10C4,0x10C5,0x10C4,0x10C5,
  0x10C4,0x10C4,0x10C5,0x10C4,0x10C4,0x10C5,0x10C4,0x10A4,0x08C5,0x10A4,0x10C5,0x08A4,
  0x10C4,0x10A5,0x08C4,0x10C5,0x10A4,0x10A4,0x10A5,0x10A4,0x08A4,0x10A4,0x10A5,0x10A4,
  0x08A4,0x10A4,0x10A4,0x08A4,0x10A4,0x10A4,0x10A4,0x08A4,0x10A4,0x08A4,0x10A4,0x10A4,
  0x10A5,0x08A4,0x10A4,0x08A4,0x10A5,0x10A4,0x08A4,0x10A4,0x10A4,0x10A5,0x10A4,0x10A4,
  0x08A4,0x10A4,0x08A4,0x10A4,0x10A4,0x10A4,0x10A4,0x08A4,0x1084,0x10A4,0x0884,0x10A4,
  0x0884,0x10A4,0x1084,0x08A4,0x1084,0x08A4,0x1084,0x10A4,0x0884,0x1084,0x0884,0x10A3,
  0x0884,0x10A4,0x0883,0x10A4,0x0883,0x0884,0x1083,0x0884,0x1083,0x0884,0x0883,0x1084,
  0x08A3,0x1084,0x08A3,0x1084,0x0883,0x1084,0x0883,0x1083,0x0884,0x1083,0x0884,0x0883,
  0x0883,0x0884,0x1083,0x0883,0x0884,0x1083,0x0884,0x0883,0x1084,0x0883,0x0884,0x1083,
  0x0884,0x0883,0x10A4,0x0883,0x08A4,0x1083,0x0884,0x10A4,0x0883,0x10A4,0x0884,0x10A3,
  0x0884,0x10A4,0x0883,0x08A4,0x1084,0x08A4,0x1084,0x08A4,0x1084,0x10A4,0x10A4,0x10A4,
  0x08A4,0x10A4,0x10A4,0x08A4,0x10A4,0x08A4,0x10A4,0x0884,0x10A4,0x1084,0x08A4,0x1084,
  0x10A4,0x08A4,0x10A4,0x10A4,0x0884,0x10A4,0x08A5,0x10A4,0x08A4,0x10A4,0x08A5,0x10A4,
  0x08A4,0x10A4,0x10A5,0x10A4,0x08A4,0x1084,0x10A4,0x10A4,0x10A4,0x10A4,0x10C5,0x10A4,
  0x10C5,0x10A4,0x08C4,0x10A4,0x10C4,0x08A5,0x10C4,0x10A4,0x08C4,0x10C5,0x10C4,0x10C5,
  0x08C4,0x10C4,0x10C4,0x10C5,0x08C4,0x10C4,0x10C5,0x10C4,0x10C4,0x10C5,0x10C4,0x10C4,
  0x10C5,0x10C4,0x10C5,0x10C4,0x10C5,0x10C4,0x10C5,0x10C4,0x10C5,0x10C4,0x10C5,0x10C4,
  0x10C5,0x10C4,0x10C5,0x10C4,0x10C5,0x10C5,0x10C5,0x10C5,0x10A4,0x10C5,0x18C5,0x10A5,
  0x10C5,0x18A5,0x10A4,0x18A5,0x10C5,0x10C5,0x10C5,0x18C4,0x18A5,0x18A5,0x10C5,0x10C5,
  0x10E5,0x1105,0x08E5,0x1105,0x08E5,0x08E6,0x1105,0x08E5,0x0906,0x0906,0x0106,0x0905,
  0x1105,0x10E5,0x10E5,0x10E4,0x10E5,0x10E5,0x10E5,0x10E4,0x10E5,0x10E5,0x10E5,0x10E4,
  0x10E5,0x10E5,0x10E5,0x10E4,0x10E5,0x10E5,0x10E5,0x10E4,0x10E5,0x10E5,0x10E5,0x10E4,
  0x10E5,0x10E5,0x10E5,0x10E4,0x10E5,0x10E5,0x10E5,0x10E5,0x10E5,0x1105,0x10E5,0x0905,
  0x10E5,0x08E5,0x0906,0x0905,0x0125,0x0905,0x0905,0x10E6,0x10C5,0x18A5,0x1885,0x18A5,
  0x18A5,0x10C5,0x10C5,0x10C5,0x10C5,0x10C4,0x10C5,0x10C5,0x08C5,0x10E4,0x10C5,0x08C5,
  0x10C4,0x18A5,0x18C4,0x10A5,0x10C4,0x10C5,0x10C4,0x10C5,0x10C4,0x10C5,0x10C4,0x10C5,
  0x10C4,0x10C5,0x10C4,0x10C5,0x10C4,0x10C5,0x10C4,0x10C5,0x10A4,0x10C5,0x10A4,0x10C4,
  0x10A5,0x10C4,0x08C5,0x10C4,0x10C4,0x10C5,0x10C4,0x10C5,0x10C4,0x10C4,0x10A5,0x10C4,
  0x10A4,0x10C4,0x08A4,0x10C4,0x10A5,0x10C4,0x10A4,0x10C4,0x10A5,0x10C4,0x10A4,0x10A4,
  0x10A4,0x08A4,0x10A4,0x1084,0x10A5,0x10A4,0x08A4,0x10A4,0x10A4,0x10A4,0x10A4,0x10A4,
  0x10C4,0x10A4,0x10A4,0x08A5,0x10A4,0x08A4,0x10A4,0x08A4,0x10A4,0x1084,0x10A4,0x0884,
  0x10A4,0x0884,0x10A4,0x08A4,0x10A4,0x08A4,0x10A4,0x10A4,0x10A4,0x08A4,0x10A4,0x10A4,
  0x10A4,0x10A3,0x08A4,0x10A4,0x0883,0x10A4,0x08A3,0x1084,0x08A3,0x1084,0x08A4,0x1083,
  0x08A4,0x1083,0x08A4,0x0883,0x08A4,0x1083,0x08A4,0x1083,0x0884,0x0883,0x1084,0x08A3,
  0x0884,0x0883,0x0884,0x0883,0x0884,0x0883,0x0883,0x0884,0x0883,0x0884,0x0883,0x0884,
  0x0883,0x0884,0x1083,0x0884,0x08A3,0x1084,0x08A3,0x0884,0x10A3,0x0884,0x1084,0x0883,
  0x1084,0x08A4,0x0883,0x10A4,0x0884,0x10A3,0x0884,0x10A4,0x0883,0x10A4,0x0884,0x10A3,
  0x08A4,0x10A4,0x10A3,0x10A4,0x08A4,0x10A4,0x0884,0x10A4,0x0884,0x10A4,0x0884,0x10A4,
  0x0884,0x10A4,0x10A4,0x10A4,0x08A4,0x10A4,0x10A4,0x08A4,0x10A4,0x1084,0x08A4,0x10A4,
  0x10A4,0x10A4,0x10A4,0x10A4,0x10A4,0x10A4,0x10A4,0x10A4,0x10A4,0x08A4,0x10A4,0x10A4,
  0x10A4,0x08A4,0x10A4,0x08A4,0x10A5,0x08A4,0x10A4,0x10A4,0x08A4,0x10A5,0x10A4,0x10A5,
  0x10A4,0x10A4,0x10A5,0x10A4,0x10C5,0x10A4,0x10C4,0x10A4,0x10C5,0x10A4,0x10C5,0x10A4,
  0x10C5,0x10A4,0x10C5,0x08A4,0x10C5,0x10A4,0x08C5,0x10A4,0x10C5,0x10C4,0x10C5,0x10C4,
  0x10C5,0x10C4,0x10C5,0x10C4,0x10C5,0x10C4,0x10C5,0x10C4,0x10C5,0x10C4,0x10C5,0x10C4,
  0x10C5,0x10C5,0x10A4,0x10C5,0x10C5,0x10C5,0x10C4,0x10C5,0x10C4,0x10C5,0x10C5,0x10C4,
  0x10C5,0x10A4,0x10C5,0x10A5,0x10C4,0x10C4,0x10C5,0x10E4,0x08C5,0x10E4,0x10C5,0x10C5,
  0x10C5,0x10C5,0x10C5,0x10C5,0x08C5,0x08E5,0x0905,0x00E5,0x10C4,0x10C4,0x10C4,0x10C4,
  0x10C4,0x10C4,0x10C4,0x10C4,0x10C4,0x10C4,0x10C4,0x10C4,0x10C4,0x10C4,0x10C4,0x10C4,
  0x10C4,0x10C4,0x10C4,0x10C4,0x10C4,0x10C4,0x10C4,0x10C4,0x10C4,0x10C4,0x10A4,0x10C4,
  0x10C4,0x10C4,0x10C4,0x10C4,0x10C5,0x10C5,0x10C5,0x10C5,0x10C5,0x10C5,0x08E5,0x08C5,
  0x10E5,0x0905,0x08E5,0x10E5,0x10C5,0x18A5,0x20A5,0x18A5,0x10C4,0x08E5,0x08C4,0x08E5,
  0x08C5,0x08E5,0x08C4,0x10E5,0x10C5,0x08C5,0x10C5,0x10C5,0x10A5,0x10C5,0x18A5,0x18A5,
  0x10C4,0x10C5,0x10C4,0x10C5,0x10C4,0x10C5,0x10C4,0x10C5,0x10C4,0x10C5,0x10C4,0x10C5,
  0x10C4,0x10C5,0x10C4,0x10C5,0x10C4,0x10C4,0x08C5,0x10C4,0x10C4,0x10A4,0x10C4,0x10A5,
  0x10C4,0x10A4,0x10C4,0x10A4,0x10C5,0x10C4,0x10C4,0x08C5,0x10A4,0x10A5,0x10A4,0x10A4,
  0x10A4,0x10A4,0x08A5,0x10A4,0x10A4,0x10A5,0x08A4,0x10A4,0x10A5,0x10A4,0x08A4,0x10A4,
  0x08A4,0x10A4,0x10A4,0x08A5,0x10A4,0x08A4,0x10A4,0x08A4,0x10A5,0x10A4,0x08A4,0x10A4,
  0x10A4,0x10A4,0x08A4,0x1084,0x08A4,0x10A4,0x08A4,0x10A4,0x08A4,0x10A4,0x1084,0x08A4,
  0x1084,0x10A4,0x0884,0x10A4,0x0884,0x10A4,0x0884,0x10A4,0x0884,0x10A4,0x0884,0x10A3,
  0x08A4,0x1084,0x08A4,0x1084,0x08A4,0x1083,0x08A4,0x1084,0x08A4,0x0883,0x1084,0x0884,
  0x1083,0x0884,0x0884,0x08A3,0x1084,0x08A4,0x0883,0x1084,0x0883,0x1084,0x0883,0x1084,
  0x0883,0x1084,0x0883,0x0883,0x0883,0x1084,0x0883,0x1084,0x0883,0x0883,0x0884,0x1083,
  0x0884,0x1083,0x0884,0x1083,0x0884,0x08A3,0x1084,0x08A3,0x0884,0x1083,0x0884,0x10A3,
  0x0884,0x10A4,0x0883,0x10A4,0x0884,0x10A3,0x0884,0x10A4,0x1084,0x08A4,0x1084,0x08A4,
  0x1084,0x08A4,0x10A4,0x10A4,0x08A4,0x10A4,0x10A4,0x08A4,0x10A4,0x0884,0x10A4,0x0884,
  0x10A4,0x0884,0x10A4,0x1084,0x08A4,0x10A4,0x1084,0x08A4,0x1084,0x08A4,0x10A4,0x08A5,
  0x10A4,0x08A4,0x10A4,0x08A5,0x10A4,0x10A4,0x08A4,0x10A4,0x08A4,0x10A4,0x10A5,0x10A4,
  0x10A4,0x10A4,0x10C5,0x10A4,0x10C4,0x10A4,0x10C4,0x10A4,0x10C4,0x10A4,0x10C4,0x10A4,
  0x10C4,0x08C5,0x10C4,0x10C5,0x10C4,0x08C4,0x10C4,0x10C5,0x10C4,0x08C4,0x10C5,0x10C4,
  0x10C4,0x10C4,0x10C5,0x10C4,0x10C5,0x10C4,0x10C5,0x10C4,0x10C5,0x10C4,0x10C5,0x10C4,
  0x10C5,0x10C4,0x10C5,0x10C4,0x10C5,0x10C4,0x10C5,0x10C4,0x10A5,0x10C5,0x10C5,0x10C4,
  0x10A5,0x10C5,0x10A5,0x10C5,0x10A5,0x10C5,0x10C5,0x10A5,0x18C5,0x10C5,0x10C5,0x10C4,
  0x10C5,0x10C4,0x08E5,0x10C4,0x10C5,0x10C4,0x10C5,0x10C4,0x18A5,0x18C5,0x18A4,0x10C5,
  0x10C5,0x10E4,0x08E5,0x08E5,0x10E4,0x10C4,0x10E5,0x10C4,0x10C4,0x10E5,0x10C4,0x10C5,
  0x10E4,0x10C4,0x10C5,0x10E4,0x10C4,0x10C5,0x10E4,0x10C5,0x10C4,0x10E4,0x10C5,0x10C4,
  0x10E4,0x10C5,0x10C4,0x10E5,0x10C4,0x10C4,0x10E5,0x10C4,0x10C4,0x10C4,0x10E4,0x10C5,
  0x10C4,0x10C5,0x10A5,0x18C5,0x18A5,0x10C4,0x18C5,0x10C5,0x08E5,0x08C5,0x08C5,0x10E4,
  0x10C5,0x10A5,0x18A4,0x10A5,0x10C5,0x08E5,0x10C5,0x08E4,0x08C5,0x10E5,0x08C5,0x08E5,
  0x10C4,0x10C5,0x10C4,0x10C5,0x10C4,0x10C5,0x10A4,0x10C5,0x10C4,0x10C5,0x10C4,0x10C5,
  0x10C4,0x10C5,0x10C4,0x10C5,0x10C4,0x10C5,0x10C4,0x10C5,0x10C4,0x10C5,0x10C4,0x10C5,
  0x10A4,0x10C5,0x10A4,0x10C4,0x10C5,0x08C5,0x10C4,0x10C5,0x10C4,0x08C5,0x10C5,0x10C4,
  0x08A5,0x10C4,0x10A5,0x10C4,0x10A4,0x10C4,0x10A4,0x10C5,0x08A4,0x10C4,0x10A4,0x10C4,
  0x10A4,0x10C4,0x10A4,0x08A4,0x10A4,0x10A4,0x08A4,0x10A4,0x10A4,0x10A4,0x10A4,0x10A4,
  0x10A4,0x10A4,0x10A5,0x10A4,0x10A4,0x10C5,0x10A4,0x10A4,0x08A4,0x10A4,0x10A4,0x10A4,
  0x08A4,0x1084,0x10A4,0x0884,0x10A4,0x08A4,0x10A4,0x10A4,0x08A4,0x10A4,0x08A4,0x10A4,
  0x10A4,0x08A4,0x10A4,0x08A4,0x10A3,0x10A4,0x10A4,0x08A4,0x1083,0x08A4,0x1083,0x08A4,
  0x1083,0x08A4,0x1084,0x08A3,0x1084,0x08A3,0x1084,0x08A3,0x0884,0x10A3,0x0884,0x1083,
  0x0884,0x1083,0x0884,0x0883,0x0884,0x0883,0x0884,0x0883,0x0883,0x0884,0x1083,0x0884,
  0x0883,0x0884,0x0883,0x0883,0x1084,0x0883,0x0884,0x0883,0x10A4,0x0883,0x08A4,0x0884,
  0x1083,0x0884,0x0883,0x1084,0x0883,0x0884,0x1083,0x08A4,0x1084,0x08A3,0x1084,0x08A3,
  0x1084,0x08A4,0x1083,0x08A4,0x10A3,0x08A4,0x10A3,0x10A4,0x08A4,0x10A4,0x0884,0x10A4,
  0x1084,0x08A4,0x1084,0x10A4,0x10A4,0x08A4,0x10A4,0x10A4,0x08A4,0x10A4,0x08A4,0x10A4,
  0x10A4,0x08A4,0x10A4,0x08A4,0x10A4,0x10A4,0x10A4,0x10A4,0x10A4,0x10A4,0x10A4,0x10A4,
  0x08A4,0x10A4,0x10A5,0x10A4,0x10A4,0x0884,0x10A4,0x08A4,0x10A4,0x08A4,0x10A4,0x10A5,
  0x10A4,0x10A5,0x08A4,0x10A5,0x10A4,0x08A5,0x10A4,0x10A5,0x10C4,0x10C5,0x10A4,0x10C4,
  0x10A5,0x10C4,0x10A5,0x10C4,0x10A5,0x10C4,0x10A4,0x10C5,0x10A4,0x10C5,0x10A4,0x10C4,
  0x10C5,0x10C4,0x10C5,0x10C4,0x10C5,0x10C4,0x10C5,0x10C4,0x10C5,0x10C4,0x10C5,0x10C4,
  0x10C5,0x10C4,0x10C5,0x10C4,0x10C5,0x10C4,0x10A5,0x10C5,0x10C5,0x10C4,0x10C5,0x10C4,
  0x10C5,0x10A4,0x10C5,0x10C4,0x10C5,0x10A4,0x10C5,0x10A5,0x10E4,0x08C5,0x10E4,0x08E4,
  0x08E4,0x10C4,0x10C5,0x10A4,0x18C5,0x18C4,0x10A5,0x18C5,0x10C5,0x08E5,0x08E5,0x08E5,
  0x08E4,0x08E5,0x08E4,0x1105,0x08E4,0x08E4,0x10E5,0x08E4,0x08E5,0x1104,0x08E4,0x10E5,
  0x08E4,0x10E4,0x08E5,0x1104,0x08E5,0x10E4,0x08E4,0x10E5,0x08E4,0x0904,0x08E5,0x08E4,
  0x08E5,0x0904,0x08E4,0x08E5,0x0904,0x08E5,0x08E4,0x10E4,0x10C5,0x10C4,0x10C5,0x10C4,
  0x18C5,0x10A5,0x10C4,0x10C5,0x10C4,0x10C4,0x08E4,0x08C5,0x10C4,0x10C5,0x10C4,0x10C5,
  0x10C4,0x10C5,0x08E5,0x08C5,0x10E4,0x08C5,0x10C4,0x10C5,0x10C5,0x10C5,0x10A5,0x10C5,
  0x10A5,0x10C5,0x10C5,0x10C5,0x10C4,0x10C5,0x10C4,0x10C5,0x10C4,0x10C5,0x10C4,0x10C5,
  0x10C4,0x10C5,0x10C4,0x10C5,0x10C4,0x10C5,0x10C4,0x10C5,0x10C4,0x10C4,0x10C5,0x08A4,
  0x10C4,0x10A4,0x10C5,0x10A4,0x10C4,0x10A4,0x10C4,0x10C5,0x10C4,0x10C4,0x10C4,0x10C5,
  0x08A4,0x10A4,0x10A5,0x10A4,0x10A4,0x10A5,0x10A4,0x10A5,0x08A4,0x10A5,0x10A4,0x10A4,
  0x08A4,0x10A4,0x10A4,0x0884,0x10A4,0x08A5,0x10A4,0x08A4,0x10A4,0x08A4,0x10A4,0x08A4,
  0x10A4,0x10A4,0x08A4,0x10A4,0x10A4,0x10A4,0x08A4,0x1084,0x10A4,0x08A4,0x10A4,0x10A4,
  0x1084,0x10A4,0x0884,0x10A4,0x1084,0x08A4,0x1084,0x08A4,0x1084,0x10A4,0x0884,0x10A4,
  0x0884,0x10A4,0x0883,0x10A4,0x0884,0x10A3,0x0884,0x10A4,0x0884,0x10A3,0x0884,0x10A4,
  0x0883,0x1084,0x0883,0x1084,0x0883,0x1084,0x08A3,0x0884,0x10A3,0x0884,0x10A3,0x0884,
  0x1083,0x0884,0x1083,0x0884,0x1083,0x0884,0x0883,0x0883,0x0883,0x0884,0x1083,0x0884,
  0x0883,0x0884,0x1083,0x0884,0x0883,0x1084,0x0883,0x10A4,0x0883,0x10A4,0x0884,0x10A3,
  0x0884,0x10A4,0x0883,0x10A4,0x0884,0x10A4,0x0884,0x10A4,0x0883,0x10A4,0x0884,0x10A3,
  0x0884,0x10A4,0x0884,0x10A4,0x1084,0x10A4,0x10A4,0x08A4,0x10A4,0x10A4,0x08A4,0x1084,
  0x08A4,0x1084,0x08A4,0x1084,0x10A4,0x1084,0x10A4,0x0884,0x10A4,0x1084,0x08A4,0x1084,
  0x10A4,0x08A4,0x10A5,0x08A4,0x10A4,0x08A5,0x10A4,0x10A4,0x10A4,0x10A4,0x08A4,0x10A4,
  0x08A4,0x10A4,0x10A4,0x10A4,0x10A4,0x10A4,0x10C4,0x08A4,0x10C4,0x10A4,0x10C4,0x10A4,
  0x10C4,0x10A4,0x10C4,0x10A4,0x08C5,0x10C4,0x10C5,0x10C4,0x08C5,0x10C4,0x10C4,0x10C5,
  0x08C4,0x10C5,0x10C4,0x10C5,0x08C4,0x10C4,0x10C5,0x08A4,0x10C5,0x10C4,0x10C5,0x10C4,
  0x10C5,0x10C4,0x10C5,0x10C4,0x10C5,0x10C4,0x10C5,0x10C4,0x10C5,0x10C4,0x10C5,0x10C4,
  0x10A5,0x10C5,0x10C5,0x10C4,0x10A5,0x10C5,0x10A5,0x10C5,0x10C5,0x10C5,0x10C5,0x10A5,
  0x10C5,0x18C5,0x10C5,0x10C4,0x10C5,0x10C4,0x10C4,0x10C5,0x10C4,0x08E4,0x10C5,0x10C4,
  0x10A5,0x18C4,0x10A5,0x18C5,0x10A4,0x10C5,0x10C5,0x08E5,0x10E4,0x08E5,0x08E4,0x08E5,
  0x08E4,0x08E5,0x08E4,0x08E5,0x08E4,0x08E5,0x08E4,0x08E5,0x08E5,0x08E4,0x08E5,0x08E4,
  0x08E5,0x08E4,0x08E5,0x08E4,0x08E5,0x10E4,0x08E5,0x10E4,0x08E5,0x10E4,0x08E5,0x10E4,
  0x08E5,0x10E4,0x08E5,0x08E5,0x08E4,0x10E5,0x10C4,0x10C5,0x10C4,0x18A4,0x10C5,0x10C4,
  0x10C5,0x10C4,0x08E5,0x10C4,0x08E5,0x10C4,0x10C5,0x10C4,0x10C5,0x10C5,0x10C4,0x10C5,
  0x10C5,0x08E5,0x10C5,0x10C5,0x10A4,0x18A5,0x10C4,0x10C5,0x10C4,0x10C5,0x10E4,0x08C5,
  0x10C4,0x10C5,0x10C4,0x10C5,0x10C4,0x10C5,0x10C4,0x10C5,0x10C4,0x10C5,0x10C4,0x10C5,
  0x10C4,0x10C5,0x10C4,0x10C5,0x10A4,0x10C5,0x10C4,0x10C5,0x10C4,0x10C5,0x10C4,0x08C5,
  0x10C4,0x10C5,0x10A4,0x10C4,0x10A5,0x08C4,0x10A5,0x10C4,0x10A4,0x10C5,0x10A4,0x08C4,
  0x10A4,0x10C4,0x10A4,0x10C4,0x10A4,0x10C4,0x08A4,0x10A4,0x10A5,0x10A4,0x08A4,0x10A4,
  0x10A4,0x10A4,0x10A4,0x10A4,0x10A5,0x10A4,0x10A4,0x10A4,0x10C5,0x10A4,0x10A4,0x08A5,
  0x10A4,0x10A4,0x08A4,0x10A4,0x08A4,0x1084,0x08A4,0x10A4,0x08A4,0x10A4,0x08A4,0x10A4,
  0x08A4,0x10A4,0x10A4,0x10A4,0x08A4,0x10A4,0x10A4,0x10A4,0x08A4,0x10A3,0x10A4,0x08A4,
  0x1083,0x08A4,0x1083,0x08A4,0x1083,0x08A4,0x1083,0x08A4,0x10A4,0x0883,0x08A4,0x0884,
  0x10A3,0x0884,0x1084,0x0883,0x0884,0x0884,0x1083,0x0884,0x0883,0x0883,0x0884,0x0883,
  0x0884,0x1083,0x0884,0x0883,0x0883,0x0884,0x0883,0x0884,0x1083,0x0884,0x0883,0x0883,
  0x10A4,0x0883,0x1084,0x0883,0x0884,0x1083,0x0884,0x0883,0x1084,0x0883,0x0884,0x10A3,
  0x0884,0x10A3,0x0884,0x10A3,0x0884,0x10A3,0x0884,0x10A4,0x10A4,0x10A4,0x10A3,0x08A4,
  0x10A4,0x08A4,0x1084,0x08A4,0x1084,0x08A4,0x10A4,0x08A4,0x10A4,0x10A4,0x10A4,0x08A4,
  0x10A4,0x08A4,0x10A4,0x08A4,0x10A4,0x08A4,0x10A4,0x10A4,0x0884,0x10A4,0x10A4,0x10A4,
  0x10A4,0x10A4,0x08A4,0x10A4,0x08A5,0x10A4,0x10A4,0x10A4,0x10A4,0x08A4,0x10A4,0x08A5,
  0x10A4,0x08A4,0x10A5,0x10A4,0x10A5,0x10A4,0x10A5,0x10A4,0x10A5,0x10A4,0x08A5,0x10A4,
  0x10C4,0x10A4,0x10C4,0x10A5,0x10C4,0x10A5,0x10C4,0x10A4,0x10C4,0x10A4,0x10C5,0x10A4,
  0x10C5,0x10A4,0x10C5,0x10C4,0x10C5,0x10C4,0x10C5,0x10C4,0x10C5,0x10C4,0x10C5,0x10C4,
  0x10C5,0x10C4,0x10C5,0x10C4,0x10C5,0x10C4,0x10C5,0x10C4,0x10C5,0x10C5,0x10A4,0x10C5,
  0x10C5,0x10C4,0x10C5,0x10C4,0x10C5,0x10C4,0x10C5,0x10C4,0x10C5,0x10A4,0x10C5,0x18A4,
  0x18A5,0x18A4,0x18A4,0x10C4,0x10C5,0x10C4,0x10E5,0x10C4,0x10C5,0x18A4,0x10A5,0x18A5,
  0x10C5,0x18A5,0x10C4,0x10C5,0x10C5,0x10C5,0x10A5,0x10C5,0x10A5,0x10C5,0x18C5,0x10C4,
  0x10A5,0x10C5,0x10A5,0x10C4,0x10C5,0x10C5,0x10A5,0x10C5,0x10A5,0x10C5,0x10C5,0x10C5,
  0x10A5,0x10C5,0x10A5,0x10C5,0x10A5,0x10C5,0x10A5,0x10C5,0x10A5,0x10C5,0x10A5,0x10C4,
  0x08C5,0x08E4,0x08C5,0x10C4,0x18C5,0x18A4,0x18A5,0x18C4,0x10C5,0x10C5,0x10E4,0x10C5,
  0x10C4,0x10E5,0x10C4,0x10C5,0x10A5,0x10C5,0x10C5,0x10C5,0x10C4,0x10A5,0x10A4,0x18A5,
  0x18A5,0x18A5,0x10A5,0x18C5,0x10C5,0x08C5,0x08E5,0x08E5,0x10C4,0x10C5,0x10C4,0x10C5,
  0x10C4,0x10C5,0x10C4,0x10C5,0x10C4,0x10C5,0x10C4,0x10C5,0x10C4,0x10C5,0x10C4,0x10C5,
  0x10C4,0x10A4,0x08C4,0x10A5,0x10C4,0x10A4,0x10C5,0x10A4,0x10C5,0x10C4,0x08C5,0x10C4,
  0x10C5,0x10C4,0x10C4,0x10C5,0x10A4,0x08A4,0x10A4,0x10A5,0x10A4,0x10A5,0x08A4,0x10A5,
  0x10A4,0x10A5,0x10A4,0x10A4,0x08A4,0x10A4,0x10A4,0x08A4,0x10A4,0x08A4,0x10A5,0x08A4,
  0x10A4,0x08A4,0x10A4,0x08A4,0x10A4,0x10A5,0x08A4,0x10A4,0x10A4,0x10A4,0x08A4,0x1084,
  0x10A4,0x08A4,0x1084,0x08A4,0x1084,0x10A4,0x0884,0x10A4,0x1084,0x08A4,0x1084,0x08A4,
  0x1084,0x08A4,0x1084,0x08A4,0x1084,0x08A4,0x1084,0x10A4,0x0884,0x10A4,0x0884,0x10A3,
  0x0884,0x10A4,0x0884,0x10A3,0x0884,0x1084,0x0883,0x1084,0x0883,0x08A4,0x0883,0x10A4,
  0x0883,0x10A4,0x0883,0x10A4,0x0884,0x1083,0x0884,0x1083,0x0883,0x0884,0x0883,0x0884,
  0x0883,0x1084,0x0883,0x0883,0x0884,0x0883,0x1084,0x0883,0x0884,0x10A4,0x0883,0x10A4,
  0x0883,0x08A4,0x1083,0x08A4,0x0883,0x10A4,0x0883,0x10A4,0x0884,0x10A3,0x0884,0x10A4,
  0x0884,0x10A4,0x0883,0x08A4,0x1083,0x08A4,0x1084,0x08A4,0x1084,0x08A4,0x10A4,0x10A4,
  0x08A4,0x1084,0x10A4,0x1084,0x08A4,0x1084,0x08A4,0x1084,0x08A4,0x1084,0x10A4,0x0884,
  0x10A4,0x1084,0x08A4,0x10A4,0x10A4,0x10A4,0x08A4,0x10A4,0x08A4,0x10A4,0x10A5,0x10A4,
  0x10A4,0x10A4,0x08A4,0x10A5,0x08A4,0x1084,0x10A4,0x10A4,0x10A4,0x10A4,0x10C4,0x10A4,
  0x10C4,0x08A4,0x10C4,0x10A4,0x08C4,0x10A4,0x10C4,0x10A5,0x10C4,0x10C5,0x08C4,0x10C4,
  0x10C4,0x10C4,0x08C5,0x10C4,0x10C5,0x10C4,0x08C4,0x10C4,0x10C4,0x10C5,0x10C4,0x10C4,
  0x10C5,0x10C4,0x10C5,0x10C4,0x10C5,0x10C4,0x10C5,0x10C4,0x10C5,0x10C4,0x10C5,0x10C4,
  0x10C5,0x10C4,0x10C5,0x10C4,0x10A5,0x10C5,0x10C5,0x10C5,0x10A4,0x10C5,0x10C5,0x10C5,
  0x10C5,0x10C5,0x10C5,0x10C5,0x10C5,0x10C5,0x10C5,0x10A4,0x18A5,0x18A4,0x18A4,0x18C5,
  0x10C4,0x10C4,0x10E5,0x18C5,0x10C5,0x18C5,0x10C5,0x18A4,0x18C5,0x10A5,0x18C5,0x10C5,
  0x18A5,0x10C5,0x18C5,0x18C5,0x18C5,0x10A5,0x18C5,0x10C5,0x18C5,0x18C5,0x18C5,0x18A5,
  0x18C5,0x18C5,0x18C5,0x18C5,0x18C5,0x18A5,0x18C5,0x10C5,0x18C5,0x10C5,0x18C5,0x10C5,
  0x18C5,0x10C5,0x18C5,0x10C5,0x18C5,0x10C5,0x18C5,0x10C5,0x10E5,0x08E4,0x10E5,0x10C5,
  0x10C4,0x18C5,0x18A5,0x10C4,0x18C5,0x10C5,0x10C5,0x10E4,0x10E5,0x10C4,0x10C5,0x10C4,
  0x18A5,0x18A4,0x10A5,0x10C5,0x10C5,0x10C5,0x18C5,0x10A5,0x10C4,0x18A5,0x10A4,0x10C5,
  0x10C4,0x10E5,0x08E4,0x08E5,0x10C4,0x10C5,0x10C4,0x10C5,0x10C4,0x10C5,0x10C4,0x10C5,
  0x10C4,0x10C5,0x10C4,0x10C5,0x10C4,0x10C5,0x10C4,0x10C5,0x10C4,0x10C5,0x10C4,0x10C4,
  0x10C5,0x08C4,0x10C4,0x10C5,0x10A4,0x10C4,0x10A4,0x10C5,0x10A4,0x10C5,0x08A4,0x10C4,
  0x10A5,0x10C4,0x10A4,0x10C4,0x10A4,0x10C4,0x10A4,0x10C4,0x10A4,0x10C4,0x08A4,0x10A4,
  0x10A4,0x08A4,0x10A4,0x1084,0x10A5,0x10A4,0x10A4,0x10A4,0x10A4,0x10A4,0x10A5,0x10A4,
  0x10A4,0x10C4,0x10A4,0x10A4,0x08A4,0x10A5,0x10A4,0x08A4,0x10A4,0x10A4,0x08A4,0x10A4,
  0x08A4,0x10A4,0x10A4,0x08A4,0x10A4,0x10A4,0x08A4,0x10A4,0x10A4,0x10A4,0x08A4,0x10A4,
  0x10A3,0x10A4,0x08A3,0x10A4,0x0883,0x10A4,0x0883,0x10A4,0x0884,0x10A3,0x0884,0x10A4,
  0x08A3,0x0884,0x10A3,0x0884,0x0883,0x1084,0x0884,0x1083,0x0884,0x0883,0x1084,0x0883,
  0x0884,0x0883,0x0883,0x0884,0x1083,0x0884,0x1083,0x0883,0x0883,0x0884,0x0883,0x1084,
  0x0883,0x0883,0x0884,0x1083,0x0883,0x0884,0x0883,0x0884,0x1083,0x0884,0x1084,0x0883,
  0x1084,0x0884,0x0883,0x0884,0x1083,0x0884,0x0883,0x1084,0x08A3,0x1084,0x08A4,0x1083,
  0x08A4,0x1084,0x08A3,0x1084,0x08A3,0x1084,0x0883,0x1084,0x10A4,0x08A3,0x10A4,0x08A4,
  0x10A4,0x08A4,0x10A4,0x10A4,0x10A4,0x08A4,0x10A4,0x10A4,0x08A4,0x10A4,0x1084,0x08A4,
  0x1084,0x08A4,0x1084,0x10A4,0x10A5,0x08A4,0x10A4,0x08A4,0x10A4,0x10A4,0x10A4,0x10A4,
  0x10A4,0x10A4,0x08A4,0x10A4,0x08A4,0x10A4,0x08A5,0x10A4,0x10A5,0x10A4,0x10A5,0x10A4,
  0x10C5,0x10A5,0x10C4,0x10A4,0x10A4,0x10A4,0x10A5,0x10A4,0x10A5,0x10A4,0x10A4,0x10A4,
  0x10A5,0x10A4,0x10A5,0x10A5,0x10A4,0x10A4,0x10A5,0x10C4,0x10C4,0x10C5,0x10C4,0x10C4,
  0x10C5,0x10C4,0x10C4,0x10A5,0x10C4,0x10C5,0x10C4,0x10C5,0x10C4,0x10C5,0x10C4,0x10C5,
  0x10C4,0x10C4,0x10C4,0x10C5,0x10C4,0x10C5,0x10C4,0x10C4,0x10C4,0x10C4,0x10C4,0x10C4,
  0x10C4,0x10C5,0x10C4,0x10C5,0x18A4,0x10C5,0x18A4,0x10C5,0x10C4,0x10C5,0x10C4,0x10C5,
  0x10C4,0x10C4,0x10C5,0x10C5,0x10C4,0x10C5,0x10C4,0x10C5,0x10C5,0x10C5,0x10C5,0x10C5,
  0x10C5,0x10C5,0x10C5,0x10C5,0x10C5,0x10C5,0x10C5,0x10C5,0x10C5,0x10C5,0x10C5,0x10C5,
  0x10C5,0x10C5,0x10C5,0x10C5,0x10C5,0x18C5,0x10C5,0x10C5,0x10C5,0x18C5,0x10C5,0x10C5,
  0x10C5,0x18C5,0x10C5,0x10C5,0x10C4,0x10E5,0x10C4,0x10C5,0x10C5,0x10C4,0x10C5,0x10C5,
  0x10C4,0x10C4,0x10C5,0x10C4,0x10C5,0x10C4,0x10C5,0x10C4,0x10C5,0x10C4,0x10C4,0x10C4,
  0x10C5,0x10C4,0x10C4,0x10C5,0x10C4,0x10C5,0x10C4,0x10C5,0x10C4,0x10C5,0x10C4,0x08C5,
  0x10C5,0x10C4,0x10C5,0x10C5,0x10C4,0x10C5,0x10C5,0x10C4,0x10C5,0x10A4,0x10C5,0x10A4,
  0x10C5,0x10A4,0x10C4,0x10A5,0x10C4,0x10A4,0x10C5,0x08A4,0x10C5,0x10A4,0x10C5,0x10C4,
  0x08C4,0x10C5,0x10C4,0x10C4,0x08C4,0x10C4,0x10C5,0x10C4,0x10A4,0x10C5,0x10A4,0x10C5,
  0x10A4,0x08A5,0x10A4,0x10A5,0x08A4,0x10A4,0x10A5,0x10A4,0x10A4,0x10A5,0x08A4,0x10A4,
  0x08A4,0x10A4,0x08A4,0x10A4,0x08A5,0x10A4,0x08A4,0x10A4,0x08A4,0x08A4,0x10A4,0x08A4,
  0x10A4,0x08A4,0x10A4,0x1084,0x08A4,0x1084,0x10A4,0x1084,0x10A4,0x0884,0x10A4,0x1084,
  0x08A4,0x1084,0x10A4,0x0884,0x10A4,0x0884,0x10A4,0x0884,0x0884,0x1084,0x0884,0x10A3,
  0x0884,0x10A4,0x0884,0x10A3,0x0884,0x1083,0x0884,0x0883,0x1084,0x0883,0x0884,0x10A3,
  0x0884,0x10A3,0x0884,0x0883,0x1084,0x0883,0x0884,0x0883,0x1083,0x0884,0x1083,0x0884,
  0x0883,0x0884,0x0883,0x0884,0x0883,0x0884,0x1083,0x0884,0x0883,0x1084,0x0883,0x0884,
  0x0883,0x0884,0x1083,0x0884,0x0883,0x08A4,0x1083,0x08A4,0x0883,0x10A4,0x0883,0x10A4,
  0x0884,0x08A3,0x1084,0x0883,0x10A4,0x0883,0x10A4,0x0884,0x10A3,0x0884,0x10A4,0x0883,
  0x10A4,0x0884,0x10A4,0x08A3,0x10A4,0x0884,0x10A4,0x1083,0x08A4,0x1083,0x08A4,0x1083,
  0x08A4,0x1083,0x08A4,0x1083,0x10A4,0x08A4,0x10A4,0x08A4,0x10A4,0x10A4,0x08A4,0x1084,
  0x08A4,0x10A4,0x10A4,0x10A4,0x08A5,0x10A4,0x08A4,0x10A4,0x08A4,0x10A5,0x10A4,0x10A4,
  0x10A5,0x10A4,0x10A4,0x08A4,0x10C4,0x10A4,0x10C4,0x10A4,0x10A4,0x10C4,0x10A5,0x10C4,
  0x10A5,0x08C4,0x10A4,0x10A4,0x10A4,0x08A5,0x10A4,0x10C4,0x10C5,0x10C4,0x10C4,0x10C4,
  0x10C5,0x10C4,0x10A4,0x10C5,0x08A4,0x10C4,0x10A5,0x08C4,0x10A4,0x10C5,0x10C4,0x10C4,
  0x10C5,0x10C5,0x10C5,0x10C4,0x10C5,0x10C5,0x10C5,0x10C4,0x10C5,0x10C5,0x10C4,0x10C5,
  0x10C4,0x10C5,0x10C4,0x10C5,0x10C5,0x10C5,0x10C5,0x10C5,0x10C4,0x10C5,0x10C4,0x10C5,
  0x10C4,0x10C5,0x10C4,0x10C5,0x10C4,0x10C5,0x10C4,0x10C5,0x10C5,0x10E5,0x10C4,0x18C5,
  0x10C4,0x10C5,0x10C5,0x10C4,0x18C5,0x10C5,0x10C5,0x10C5,0x18C5,0x10C5,0x10C5,0x18C5,
  0x10C5,0x10C5,0x10C5,0x10C5,0x10C5,0x10C5,0x10C5,0x10C5,0x10C5,0x10C5,0x10C5,0x18C5,
  0x10C5,0x10C5,0x10C5,0x10C5,0x10C5,0x10C5,0x10C5,0x10C5,0x10C5,0x10C5,0x10C5,0x10C5,
  0x10C5,0x10C5,0x10C5,0x18C4,0x10C5,0x10C5,0x10C4,0x10C5,0x10C4,0x10C5,0x10C4,0x10C5,
  0x10C4,0x10C5,0x10C4,0x10C5,0x10C4,0x10C5,0x10C5,0x10C4,0x10C5,0x10C4,0x10C5,0x10C4,
  0x10C5,0x10C4,0x10C5,0x10C4,0x10C5,0x10C4,0x10C5,0x10C4,0x10E5,0x10C5,0x18E4,0x10C5,
  0x10E5,0x18C4,0x10C5,0x10C5,0x10C4,0x10C4,0x10C4,0x10C5,0x10C4,0x10C5,0x10C4,0x08C4,
  0x10C5,0x10C4,0x10C5,0x10C4,0x10C4,0x10C5,0x10A4,0x10C4,0x10A5,0x10C4,0x10A5,0x10C4,
  0x10A5,0x10C4,0x10A5,0x10C4,0x10A5,0x10C4,0x10A5,0x10A4,0x10C4,0x10A4,0x10C4,0x10A4,
  0x10A4,0x10A4,0x08A4,0x10A4,0x08A4,0x10A4,0x10A4,0x10A4,0x10A4,0x10A4,0x10A5,0x10A4,
  0x10A4,0x10A4,0x10A4,0x10A4,0x10A4,0x1084,0x08A4,0x1084,0x10A4,0x1084,0x08A4,0x10A4,
  0x10A4,0x08A4,0x10A4,0x08A4,0x10A4,0x08A4,0x10A4,0x08A4,0x10A4,0x08A4,0x10A4,0x10A4,
  0x08A4,0x10A4,0x10A4,0x10A4,0x08A3,0x10A4,0x0883,0x10A4,0x0884,0x10A3,0x0884,0x10A4,
  0x0883,0x08A4,0x1083,0x0884,0x10A3,0x0884,0x1084,0x0883,0x0884,0x0883,0x10A4,0x0883,
  0x0884,0x0883,0x1083,0x0884,0x0883,0x0884,0x0883,0x0884,0x1083,0x0884,0x1083,0x0883,
  0x0883,0x0884,0x0883,0x0883,0x1084,0x0883,0x0884,0x1083,0x0884,0x0883,0x0884,0x0883,
  0x1084,0x0883,0x0884,0x1083,0x0884,0x0883,0x1084,0x0883,0x0884,0x1083,0x08A4,0x0883,
  0x10A4,0x0884,0x10A3,0x0884,0x10A4,0x0883,0x10A4,0x0884,0x10A3,0x0884,0x10A3,0x0884,
  0x10A4,0x10A3,0x08A4,0x10A4,0x10A4,0x10A4,0x08A4,0x10A4,0x10A4,0x08A4,0x10A4,0x08A4,
  0x1084,0x10A4,0x0884,0x10A4,0x0884,0x10A4,0x08A4,0x10A4,0x10A4,0x10A4,0x10A5,0x10A4,
  0x10A4,0x10A4,0x10A4,0x10A5,0x10A4,0x10A4,0x08A4,0x10A4,0x08A4,0x10A4,0x10A4,0x10A4,
  0x10A4,0x10A5,0x08A4,0x10C5,0x10A4,0x10C5,0x10A4,0x10C5,0x10A4,0x10A4,0x10A5,0x10C4,
  0x10A4,0x10C4,0x10A5,0x10A4,0x10A4,0x10A5,0x10A4,0x10A5,0x10A4,0x10C5,0x10A4,0x10C5,
  0x10C4,0x10C5,0x10C4,0x10C5,0x10C4,0x10A5,0x10C4,0x10A5,0x10C4,0x10C4,0x10C5,0x10C4,
  0x10C5,0x10C4,0x10C5,0x10C4,0x10C5,0x10C4,0x10C5,0x10C4,0x10C5,0x10C4,0x10C5,0x10C4,
  0x10C4,0x10C4,0x10C4,0x10C5,0x10C4,0x10C5,0x10C4,0x10C5,0x10C4,0x10C5,0x10C4,0x10C5,
  0x10C4,0x10C5,0x10C4,0x10C5,0x10C4,0x10C4,0x10C5,0x10C4,0x10C5,0x10C4,0x10C5,0x10C4,
  0x10C5,0x10C5,0x10C4,0x10C5,0x10C5,0x10C4,0x10C5,0x10C5,0x10C4,0x10C5,0x10C5,0x10C4,
  0x10C5,0x10C5,0x10C4,0x10C5,0x10C5,0x18C4,0x10C5,0x10C5,0x10C4,0x10C5,0x10C5,0x18C4,
  0x10C5,0x10C5,0x10C4,0x18C5,0x10C5,0x10C4,0x10C5,0x10C5,0x10C4,0x10C4,0x10C5,0x10C4,
  0x10C4,0x10C5,0x10C4,0x10C5,0x10C4,0x10C5,0x10C4,0x10C5,0x10C4,0x10C5,0x10C4,0x10C5,
  0x10C4,0x10C5,0x10C4,0x10C5,0x10C4,0x10C5,0x10C4,0x10C5,0x10C4,0x10C5,0x10C4,0x10C5,
  0x10C4,0x10C5,0x10C4,0x10C5,0x10C4,0x10C4,0x10C5,0x10C4,0x10C4,0x10C5,0x10C4,0x10C4,
  0x10C5,0x10A4,0x10C5,0x10A4,0x10C4,0x08A4,0x10C5,0x10A4,0x10C5,0x10A4,0x08C4,0x10A5,
  0x10C4,0x10C4,0x08C5,0x10C4,0x10C5,0x10C4,0x08C4,0x10C5,0x10C4,0x10C5,0x10C4,0x10C4,
  0x10A4,0x10C5,0x10C4,0x10A4,0x08A5,0x10A4,0x10A5,0x08A4,0x10A4,0x10A5,0x10A4,0x10A4,
  0x10A4,0x08A4,0x10A4,0x08A4,0x10A5,0x08A4,0x10A4,0x08A4,0x10A4,0x08A4,0x10A5,0x08A4,
  0x10A4,0x08A4,0x10A4,0x08A4,0x10A4,0x08A4,0x10A4,0x0884,0x10A4,0x0884,0x10A4,0x0884,
  0x10A4,0x1084,0x08A4,0x1084,0x10A4,0x1084,0x08A4,0x1084,0x10A4,0x0884,0x10A4,0x0884,
  0x1084,0x08A3,0x1084,0x08A4,0x1083,0x08A4,0x1083,0x08A4,0x1083,0x0884,0x0884,0x1083,
  0x0884,0x08A3,0x0884,0x10A3,0x0884,0x1084,0x0883,0x0884,0x1083,0x0884,0x0883,0x0884,
  0x1083,0x0884,0x1083,0x0883,0x0884,0x0883,0x0884,0x0883,0x0883,0x1084,0x0883,0x0884,
  0x0883,0x0884,0x0883,0x0884,0x1083,0x0884,0x1083,0x0883,0x0884,0x10A3,0x0884,0x10A4,
  0x0883,0x10A4,0x0883,0x08A4,0x1083,0x0884,0x0883,0x1084,0x08A4,0x1083,0x08A4,0x1084,
  0x08A3,0x1084,0x08A4,0x1083,0x08A4,0x1084,0x08A4,0x1083,0x08A4,0x1084,0x10A4,0x0883,
  0x10A4,0x0883,0x10A4,0x0883,0x10A4,0x1083,0x10A4,0x10A4,0x08A4,0x10A4,0x10A4,0x10A4,
  0x10A4,0x0884,0x10A4,0x1084,0x08A4,0x10A4,0x08A4,0x10A4,0x08A4,0x10A4,0x08A4,0x10A4,
  0x08A4,0x10A4,0x10A4,0x10A4,0x10A4,0x10A4,0x08A4,0x10A5,0x08A4,0x10A4,0x10A4,0x10A4,
  0x10A4,0x10A4,0x10A4,0x10C4,0x10A4,0x10A4,0x08A4,0x10A5,0x10A4,0x10A4,0x08A4,0x10C5,
  0x10C4,0x10C5,0x10C4,0x10C4,0x10A5,0x10C4,0x10A4,0x10C5,0x10A4,0x10C4,0x10A4,0x10C5,
  0x08C4,0x10C4,0x10C5,0x08C4,0x10C5,0x10C4,0x10C5,0x10C4,0x10C5,0x10C4,0x10C5,0x10C4,
  0x10C5,0x10C4,0x10C5,0x10C4,0x10C5,0x10C4,0x10C5,0x10C4,0x10C5,0x10C5,0x10C4,0x10C5,
  0x10C4,0x10C5,0x10C4,0x10C5,0x10C4,0x10C5,0x10C4,0x10C5,0x10C4,0x10C5,0x10C4,0x10C5,
  0x10C4,0x10C5,0x10C4,0x10C5,0x10C4,0x10C5,0x10C4,0x10C5,0x10C5,0x10C5,0x18C5,0x10C5,
  0x10C5,0x10C5,0x10C5,0x10C5,0x10C5,0x18C5,0x10C5,0x10C5,0x18C5,0x10C5,0x10C5,0x18C5,
  0x10C5,0x10C5,0x10C5,0x10C5,0x10C5,0x18C5,0x10C5,0x10C5,0x10C5,0x10C5,0x10C5,0x10C5,
  0x10C5,0x10C5,0x18C5,0x10C5,0x10C4,0x10C5,0x10C4,0x10C5,0x10C4,0x10C5,0x10C4,0x10C5,
  0x10C4,0x10C5,0x10C4,0x10C5,0x10C4,0x10C5,0x10C4,0x10C5,0x10C4,0x10C5,0x10C4,0x10C5,
  0x10C4,0x10C5,0x10C4,0x10C5,0x10C4,0x10C5,0x10C4,0x10C5,0x10C4,0x10C5,0x10C4,0x10C5,
  0x10C4,0x10C5,0x10C4,0x10C5,0x10C5,0x10C4,0x10C5,0x10C4,0x10C5,0x10C4,0x10C4,0x08C5,
  0x10C4,0x10C5,0x10C4,0x10C4,0x10C4,0x10C5,0x10C4,0x10C4,0x10A5,0x10C4,0x10A5,0x10C4,
  0x10A4,0x10C5,0x10A4,0x10C5,0x10A4,0x08C4,0x10A5,0x10C4,0x10A5,0x10A4,0x10A4,0x10A4,
  0x10C4,0x10A4,0x10A4,0x10A4,0x08A4,0x10A4,0x08A4,0x10A4,0x10A5,0x10A4,0x10A4,0x10A4,
  0x10A4,0x10A4,0x10A4,0x10A4,0x10A5,0x10A4,0x10A4,0x10A4,0x08A4,0x1084,0x10A4,0x0884,
  0x10A4,0x1084,0x08A4,0x10A4,0x10A4,0x08A4,0x10A4,0x10A4,0x08A4,0x10A4,0x10A4,0x08A4,
  0x10A4,0x08A4,0x10A4,0x08A4,0x10A4,0x10A4,0x08A4,0x10A4,0x1084,0x08A4,0x1083,0x08A4,
  0x1084,0x08A4,0x1084,0x08A4,0x0883,0x1084,0x08A3,0x0884,0x1083,0x0884,0x1083,0x0884,
  0x10A3,0x0884,0x10A3,0x0884,0x0883,0x0884,0x1083,0x0884,0x0883,0x0883,0x0884,0x0883,
  0x1084,0x0883,0x1084,0x0883,0x0883,0x0884,0x0883,0x1084,0x0883,0x1083,0x0884,0x0883,
  0x0883,0x0884,0x0883,0x0884,0x0883,0x1084,0x0883,0x0884,0x1083,0x0884,0x0884,0x1083,
  0x08A4,0x0884,0x10A3,0x0884,0x10A3,0x0884,0x10A4,0x0883,0x10A4,0x0884,0x10A3,0x0884,
  0x10A4,0x0883,0x10A4,0x0884,0x10A4,0x08A4,0x10A4,0x08A4,0x10A4,0x10A4,0x08A4,0x10A4,
  0x10A4,0x08A4,0x0884,0x10A3,0x1084,0x08A4,0x1084,0x08A4,0x10A4,0x10A4,0x08A4,0x10A4,
  0x10A5,0x10A4,0x10A4,0x10A4,0x10A5,0x10A4,0x10A4,0x10A4,0x10A4,0x10A5,0x08A4,0x10A4,
  0x08A5,0x10A4,0x10A4,0x10A4,0x10A4,0x08A4,0x10A4,0x08A4,0x10A5,0x10C4,0x08A5,0x10A4,
  0x10A5,0x10C4,0x10A4,0x10C4,0x10A5,0x10C4,0x10A4,0x10A4,0x10A5,0x10A4,0x10A5,0x10C4,
  0x10A4,0x10C5,0x10A4,0x10C4,0x10C5,0x08C4,0x10C5,0x10A4,0x10C5,0x10A4,0x10C4,0x10A5,
  0x10C4,0x10C5,0x10C4,0x10C5,0x10C4,0x10C5,0x10C4,0x10C5,0x10C4,0x10C5,0x10C4,0x10C5,
  0x10C4,0x10C5,0x10C4,0x10C5,0x10C4,0x10C5,0x10C4,0x10C5,0x10C4,0x10C5,0x10C4,0x10C5,
  0x10C4,0x10C5,0x10C4,0x10C5,0x10C4,0x10C5,0x10C4,0x10C5,0x10C4,0x10C5,0x10C4,0x10C5,
  0x10C4,0x10C5,0x10C4,0x10C5,0x10C5,0x10C5,0x10C5,0x10C5,0x10C5,0x18C5,0x10C5,0x10C5,
  0x10C5,0x10C5,0x10C5,0x10C5,0x10C5,0x10C5,0x10C5,0x10C5,0x10C5,0x10C5,0x10C5,0x18C5,
  0x10C5,0x10C5,0x10C5,0x10C5,0x10C5,0x18C5,0x10C5,0x10C5,0x10C5,0x10C5,0x10C4,0x10C5,
  0x10C4,0x10C5,0x10C4,0x10C5,0x10C4,0x10C5,0x10C4,0x10C5,0x10C4,0x10C5,0x10C4,0x10C5,
  0x10C4,0x10C5,0x10C4,0x10C5,0x10C4,0x10C5,0x10C4,0x10C5,0x10C4,0x10C5,0x10C4,0x10C5,
  0x10C4,0x10C5,0x10C4,0x10C5,0x10C4,0x10C5,0x10C4,0x10C5,0x10C4,0x10C5,0x10C4,0x10C5,
  0x10C4,0x10C5,0x10C4,0x10C5,0x10C4,0x10A5,0x10C4,0x10A4,0x10C5,0x10A4,0x10C5,0x08A4,
  0x10C5,0x10A4,0x10C5,0x08C4,0x10C5,0x10C4,0x10C4,0x08C5,0x10C4,0x10C4,0x10C5,0x08C4,
  0x10C4,0x10C5,0x10C4,0x10C5,0x08A4,0x10A4,0x10C5,0x08A4,0x10A4,0x08A4,0x10A4,0x10A4,
  0x10A4,0x10A4,0x10A5,0x08A4,0x10A4,0x08A4,0x10A4,0x08A5,0x10A4,0x08A4,0x10A4,0x08A4,
  0x10A4,0x08A4,0x10A4,0x10A4,0x08A4,0x10A4,0x08A4,0x10A4,0x08A4,0x10A4,0x10A4,0x0884,
  0x10A4,0x1084,0x08A4,0x1084,0x10A4,0x0884,0x10A4,0x1084,0x08A4,0x1084,0x10A4,0x1084,
  0x08A4,0x1084,0x10A4,0x08A4,0x1083,0x08A4,0x1084,0x08A3,0x1084,0x08A3,0x1084,0x08A3,
  0x1084,0x0883,0x1084,0x08A3,0x1084,0x08A4,0x0883,0x1084,0x0883,0x0884,0x0883,0x0884,
  0x1083,0x0883,0x0884,0x0883,0x1084,0x0883,0x1084,0x0883,0x0884,0x0883,0x0883,0x0884,
  0x0883,0x0884,0x1083,0x0883,0x0884,0x0883,0x1084,0x0883,0x1084,0x0883,0x1084,0x0883,
  0x0884,0x08A3,0x1084,0x08A3,0x0884,0x10A3,0x0884,0x0883,0x1084,0x0883,0x0884,0x1083,
  0x08A4,0x1084,0x08A3,0x1084,0x08A4,0x1083,0x08A4,0x1084,0x08A3,0x1084,0x08A4,0x1083,
  0x10A4,0x10A3,0x0884,0x10A3,0x0884,0x10A3,0x1084,0x08A3,0x1084,0x10A3,0x10A4,0x08A4,
  0x10A4,0x08A4,0x10A4,0x0884,0x10A4,0x0884,0x10A4,0x0884,0x10A4,0x08A4,0x10A4,0x08A4,
  0x10A4,0x08A4,0x10A4,0x08A5,0x10A4,0x10A4,0x10A4,0x10A4,0x10A4,0x10A4,0x08A4,0x10A4,
  0x10A4,0x10A5,0x10A4,0x10A4,0x10A4,0x10A4,0x10A4,0x10C4,0x10A4,0x08A5,0x10A4,0x10A4,
  0x10A4,0x08A5,0x10A4,0x10C4,0x10C4,0x10C4,0x10A4,0x10C5,0x10A4,0x10C5,0x10A4,0x10C5,
  0x10A4,0x10C5,0x10C4,0x10C4,0x10C5,0x10C4,0x10C5,0x10C4,0x10C5,0x10C4,0x10C5,0x10C4,
  0x10C5,0x10C4,0x10C5,0x10C4,0x10C5,0x10C4,0x10C5,0x10C4,0x10C5,0x10C4,0x10C5,0x10C4,
  0x10C5,0x10C4,0x10C5,0x10C4,0x10C5,0x10C4,0x10C5,0x10C4,0x10C5,0x10C4,0x10C5,0x10C4,
  0x10C5,0x10C4,0x10C5,0x10C4,0x10C5,0x10C4,0x10C5,0x10C4,0x10C5,0x10C4,0x10C5,0x10C4,
  0x10C5,0x10C4,0x10A5,0x10C4,0x10A5,0x10C4,0x10A5,0x10C4,0x10A5,0x10C4,0x10A5,0x10C4,
  0x10A5,0x10C4,0x10A5,0x10C4,0x10A5,0x10C4,0x10A5,0x10C4,0x10A5,0x10C4,0x10A5,0x10C4,
  0x10A5,0x10C4,0x10A5,0x10C4,0x10A5,0x10C5,0x10A5,0x10C5,0x10C4,0x10C5,0x10C4,0x10C5,
  0x10C4,0x10C5,0x10C4,0x10C5,0x10C4,0x10C5,0x10C4,0x10C5,0x10C4,0x10C5,0x10C4,0x10C5,
  0x10C4,0x10C5,0x10C4,0x10C5,0x10C4,0x10C5,0x10C4,0x10C5,0x10C4,0x10C5,0x10C4,0x10C5,
  0x10C4,0x10C5,0x10C4,0x10C5,0x10C4,0x10C5,0x10C4,0x10C5,0x10C4,0x10C5,0x10C4,0x10C5,
  0x10C4,0x10C4,0x08C5,0x10C4,0x10C4,0x10C4,0x10C5,0x10C4,0x10C4,0x10C5,0x10A4,0x10C4,
  0x10A4,0x10C5,0x10A4,0x10C4,0x10A5,0x10C4,0x10A4,0x10C5,0x10A4,0x10C4,0x10A5,0x10C4,
  0x10A4,0x10A4,0x10A4,0x10A4,0x10A5,0x10A4,0x08A4,0x10A5,0x08A4,0x10A4,0x10A4,0x10A4,
  0x10A4,0x10A4,0x10A4,0x10A4,0x10A4,0x10A4,0x10A5,0x10A4,0x10A4,0x10A4,0x08A5,0x10A4,
  0x10A4,0x0884,0x10A4,0x1084,0x10A4,0x0884,0x10A4,0x10A4,0x08A4,0x10A4,0x10A4,0x08A4,
  0x10A4,0x10A4,0x08A4,0x10A4,0x10A4,0x08A4,0x10A4,0x08A4,0x10A4,0x08A4,0x1084,0x08A4,
  0x1084,0x08A3,0x1084,0x08A4,0x1083,0x08A4,0x1084,0x08A4,0x0883,0x10A4,0x0884,0x0883,
  0x0884,0x1083,0x08A4,0x0884,0x10A3,0x0884,0x10A3,0x0884,0x0883,0x0884,0x1083,0x0884,
  0x0883,0x0884,0x0883,0x0884,0x1083,0x0884,0x1083,0x0883,0x0883,0x0884,0x0883,0x0884,
  0x1083,0x0884,0x0883,0x0884,0x0883,0x0884,0x0883,0x1083,0x0884,0x1083,0x0884,0x1084,
  0x0883,0x1084,0x08A3,0x1084,0x08A3,0x1084,0x08A3,0x0884,0x10A4,0x0883,0x10A4,0x0884,
  0x10A3,0x0884,0x10A4,0x0883,0x10A4,0x0884,0x10A3,0x0884,0x08A4,0x10A4,0x10A4,0x10A4,
  0x10A4,0x08A4,0x10A4,0x10A4,0x08A4,0x10A4,0x0884,0x10A4,0x1084,0x08A4,0x10A4,0x10A4,
  0x08A4,0x10A4,0x10A4,0x10A4,0x10A4,0x10A4,0x10A5,0x10A4,0x10A4,0x10A4,0x10A4,0x10A4,
  0x08A4,0x10A4,0x08A4,0x10A4,0x08A4,0x10A5,0x10A4,0x08A4,0x10A4,0x08A4,0x10A4,0x08A4,
  0x10A4,0x10A5,0x10A4,0x08A5,0x10C4,0x10A4,0x10C5,0x10A4,0x10C4,0x10A4,0x10A5,0x10A4,
  0x10A5,0x10C5,0x10A4,0x10C5,0x10A4,0x10C4,0x10A5,0x10C4,0x10C4,0x10A4,0x08C5,0x10A4,
  0x10C4,0x08A5,0x10C4,0x10A4,0x10C4,0x10C5,0x10C4,0x10C4,0x10C5,0x10C4,0x10C4,0x10C5,
  0x10C4,0x10C5,0x10C4,0x10C5,0x10C4,0x10C5,0x10C4,0x10C5,0x10C4,0x10C5,0x10C4,0x10C5,
  0x10C4,0x10C5,0x10C4,0x10C5,0x10C4,0x10C5,0x10C4,0x10C5,0x10C4,0x10C5,0x10C4,0x10C5,
  0x10C4,0x10C4,0x10C5,0x10C4,0x10C4,0x10C5,0x10C4,0x10C4,0x10A5,0x10C5,0x10C5,0x10C5,
  0x10C5,0x10C5,0x10C5,0x10C5,0x10C5,0x10C5,0x10C5,0x10C5,0x10C5,0x10C5,0x10C5,0x10C5,
  0x10C5,0x10C5,0x10C5,0x10C5,0x10C5,0x10C5,0x10C5,0x10C5,0x10C5,0x10C5,0x10C5,0x10C5,
  0x10C4,0x10C5,0x10C4,0x10C5,0x10C4,0x10C5,0x10C4,0x10C4,0x10C5,0x10C4,0x10C5,0x10C4,
  0x10C5,0x10C4,0x10C5,0x10C4,0x10C5,0x10C4,0x10C5,0x10C4,0x10C5,0x10C4,0x10C5,0x10C4,
  0x10C5,0x10C4,0x10C5,0x10C4,0x10C5,0x10C4,0x10C5,0x10C4,0x10C5,0x10C4,0x10C5,0x10C4,
  0x10A5,0x10C4,0x10C4,0x10C5,0x10C4,0x10C4,0x10C5,0x10C4,0x10A4,0x10C5,0x10A4,0x10C5,
  0x10A4,0x08C5,0x10A4,0x10C5,0x10A4,0x08C4,0x10C5,0x10C4,0x10C5,0x08C4,0x10C5,0x10C4,
  0x10C5,0x08C4,0x10C5,0x10C4,0x10C5,0x08C4,0x10C4,0x10C5,0x10A4,0x10C5,0x10A4,0x08A4,
  0x10A4,0x10A4,0x10A4,0x08A4,0x10A4,0x10A4,0x08A4,0x10A4,0x08A5,0x10A4,0x08A4,0x10A4,
  0x08A5,0x10A4,0x08A4,0x10A4,0x08A4,0x10A4,0x10A4,0x10A4,0x08A4,0x10A4,0x08A4,0x10A4,
  0x08A4,0x10A4,0x08A4,0x1084,0x10A4,0x0884,0x10A4,0x1084,0x08A4,0x1084,0x10A4,0x0884,
  0x10A4,0x1084,0x08A4,0x1084,0x10A4,0x10A4,0x08A4,0x10A4,0x0884,0x10A3,0x0884,0x10A3,
  0x0884,0x10A3,0x0884,0x10A3,0x0884,0x0883,0x1084,0x08A3,0x1084,0x0884,0x1083,0x0884,
  0x0883,0x1084,0x0884,0x0883,0x1084,0x0883,0x0884,0x0883,0x1083,0x0884,0x1083,0x0883,
  0x0884,0x0883,0x0884,0x0883,0x0883,0x1084,0x0883,0x0884,0x0883,0x0884,0x1083,0x0883,
  0x1084,0x0883,0x0884,0x0883,0x0884,0x08A3,0x1084,0x08A3,0x0884,0x1083,0x0884,0x0884,
  0x0883,0x1084,0x0884,0x1083,0x08A4,0x1084,0x08A3,0x1084,0x08A4,0x1083,0x08A4,0x1084,
  0x08A3,0x1084,0x08A4,0x1083,0x10A4,0x08A3,0x1084,0x08A3,0x1084,0x08A3,0x1084,0x08A3,
  0x1084,0x08A4,0x10A3,0x08A4,0x10A4,0x1084,0x08A4,0x1084,0x10A4,0x0884,0x10A4,0x0884,
  0x10A4,0x08A4,0x10A4,0x08A4,0x10A4,0x08A5,0x10A4,0x10A4,0x10A4,0x10A5,0x10A4,0x10A4,
  0x10A4,0x10A4,0x10A4,0x10A4,0x08A4,0x10A4,0x10A4,0x10A5,0x08A4,0x10A4,0x10C4,0x10A4,
  0x10A4,0x10A4,0x10A4,0x08A5,0x10A4,0x10C4,0x10A4,0x08A4,0x10C4,0x10A4,0x10C5,0x10A4,
  0x10C5,0x10A4,0x10C4,0x10A5,0x10C4,0x10C5,0x10C4,0x10C5,0x10C4,0x10C4,0x10C5,0x10C4,
  0x08C5,0x10A4,0x10C5,0x10A4,0x10C4,0x10C5,0x10C4,0x10C4,0x10C5,0x10C4,0x10C5,0x10C4,
  0x10C5,0x10C4,0x10C5,0x10C4,0x10C5,0x10C4,0x10C5,0x10C4,0x10C5,0x10C4,0x10C5,0x10C4,
  0x10C5,0x10C4,0x10C5,0x10C4,0x10C5,0x10C4,0x10C5,0x10C4,0x10C5,0x10C4,0x10C4,0x10C5,
  0x10C4,0x10C4,0x10A5,0x10C4,0x10C5,0x10C4,0x10A5,0x10C4,0x10A5,0x10C4,0x10A5,0x10C4,
  0x10A5,0x10C4,0x10A5,0x10C4,0x10A5,0x10C4,0x10A5,0x10C4,0x10A5,0x10C4,0x10A5,0x10C4,
  0x10A5,0x10C4,0x10A5,0x10C4,0x10A5,0x10C4,0x10A5,0x10C5,0x10A5,0x10C5,0x10A5,0x10C5,
  0x10A4,0x10C4,0x10A5,0x10C4,0x10A4,0x10C5,0x10C4,0x10C4,0x10C5,0x10C4,0x10C5,0x10C4,
  0x10C5,0x10C4,0x10C5,0x10C4,0x10C5,0x10C4,0x10C5,0x10C4,0x10C5,0x10C4,0x10C5,0x10C4,
  0x10C5,0x10C4,0x10C5,0x10C4,0x10C5,0x10C4,0x10C5,0x10C4,0x10C4,0x10C5,0x10A4,0x10C4,
  0x10A5,0x10C4,0x10A4,0x10C5,0x10C4,0x10C4,0x10C4,0x08C5,0x10C4,0x10C4,0x10C5,0x10C4,
  0x10C5,0x10C4,0x10A5,0x10C4,0x10A4,0x10C5,0x10A4,0x10C4,0x10A5,0x10C4,0x10A4,0x10C4,
  0x10A5,0x10C4,0x10A5,0x10C4,0x08A4,0x10A4,0x10A4,0x10A4,0x10A4,0x08A4,0x10A4,0x10A4,
  0x10A4,0x08A4,0x10A5,0x10A4,0x10A4,0x10A4,0x10A4,0x10A4,0x10A4,0x10A4,0x10A4,0x10A4,
  0x10A5,0x08A4,0x10A4,0x10A4,0x08A4,0x1084,0x10A4,0x0884,0x10A4,0x1084,0x10A4,0x08A4,
  0x10A4,0x10A4,0x08A4,0x10A4,0x10A4,0x08A4,0x10A4,0x10A4,0x08A4,0x10A4,0x10A4,0x08A4,
  0x1084,0x08A4,0x1084,0x10A4,0x0884,0x10A4,0x0883,0x10A4,0x0884,0x10A4,0x0884,0x10A4,
  0x0883,0x1084,0x0883,0x1084,0x08A3,0x0884,0x10A3,0x0884,0x10A3,0x0884,0x10A3,0x0884,
  0x0883,0x0883,0x1084,0x0883,0x0884,0x0883,0x0884,0x0883,0x1084,0x0883,0x1084,0x0883,
  0x0883,0x0884,0x0883,0x1083,0x0884,0x0883,0x0884,0x0883,0x0884,0x1083,0x0883,0x1084,
  0x0883,0x0884,0x0883,0x0884,0x1083,0x08A4,0x0883,0x10A4,0x0883,0x08A4,0x1083,0x0884,
  0x0883,0x0883,0x1084,0x0883,0x0884,0x1083,0x08A4,0x1084,0x08A4,0x1083,0x08A4,0x1084,
  0x08A4,0x1084,0x08A4,0x1084,0x08A4,0x10A4,0x10A4,0x10A4,0x08A4,0x10A3,0x1084,0x10A4,
  0x08A4,0x10A4,0x10A4,0x08A4,0x10A4,0x08A4,0x10A4,0x08A4,0x10A4,0x10A4,0x08A4,0x10A4,
  0x10A4,0x08A4,0x10A4,0x08A4,0x10A4,0x08A4,0x10A4,0x08A4,0x10A5,0x08A4,0x10A4,0x10A4,
  0x10A5,0x10A4,0x08A4,0x10A4,0x10A4,0x10A4,0x08A4,0x10A5,0x10C4,0x10A5,0x10C4,0x10A4,
  0x10A5,0x10A4,0x10C5,0x10A4,0x10A5,0x10A4,0x10A4,0x10A4,0x10A4,0x10A5,0x10A4,0x10A4,
  0x08C5,0x10A4,0x10C4,0x10A4,0x10C5,0x10A4,0x08C4,0x10A5,0x10C4,0x10C4,0x10C4,0x10C5,
  0x10A4,0x10C5,0x10A4,0x10C5,0x10C4,0x10C5,0x10C4,0x10C5,0x10C4,0x10C5,0x10C4,0x10C5,
  0x10C4,0x10C5,0x10C5,0x10C4,0x10C5,0x10C5,0x10C4,0x10C5,0x10C4,0x10C5,0x10C4,0x10C5,
  0x10C4,0x10C5,0x10C4,0x10C5,0x10C4,0x10C5,0x10C5,0x10C4,0x10C5,0x10C5,0x10C4,0x10C5,
  0x10C5,0x10C5,0x10C5,0x10C5,0x10C5,0x10C5,0x10C5,0x10C5,0x10C5,0x10C5,0x10C5,0x10C5,
  0x10C5,0x10C5,0x10C5,0x10C5,0x10C5,0x10C5,0x10C5,0x10C5,0x10C5,0x10C5,0x10C5,0x10C5,
  0x10C5,0x10C5,0x10C4,0x10C5,0x10C4,0x10C5,0x10C4,0x10C5,0x10C5,0x10C4,0x10C5,0x10C5,
  0x10C4,0x10C5,0x10C4,0x10C5,0x10C4,0x10C5,0x10C4,0x10C5,0x10C4,0x10C5,0x10C4,0x10C5,
  0x10C4,0x10C5,0x10C4,0x10C5,0x10C4,0x10C5,0x10C4,0x10C5,0x10C4,0x10C5,0x10C4,0x10C5,
  0x10C4,0x10C5,0x10C4,0x10C5,0x10A4,0x10C5,0x10C4,0x10C5,0x10C4,0x10C5,0x08C4,0x10C5,
  0x10A4,0x08C5,0x10A4,0x10C4,0x10A5,0x10C4,0x10A4,0x08C4,0x10A4,0x08A4,0x10C4,0x08A5,
  0x10C4,0x08A4,0x10C4,0x08A5,0x10C4,0x08A4,0x10C5,0x08A4,0x10C4,0x08A4,0x10C4,0x10A4,
  0x10A4,0x10A5,0x08A4,0x10A4,0x10A5,0x10A4,0x10A4,0x08A4,0x10A5,0x10A4,0x10A4,0x08A4,
  0x10A4,0x08A4,0x10A5,0x08A4,0x10A4,0x08A4,0x10A5,0x08A4,0x10A4,0x10A4,0x08A4,0x10A4,
  0x10A4,0x08A4,0x10A4,0x10A4,0x08A4,0x10A4,0x08A4,0x1084,0x08A4,0x1084,0x10A4,0x0884,
  0x10A4,0x1084,0x08A4,0x1084,0x10A4,0x0884,0x10A4,0x10A4,0x08A4,0x10A4,0x10A4,0x08A4,
  0x1083,0x08A4,0x1084,0x08A4,0x1083,0x0884,0x0883,0x1084,0x08A3,0x0884,0x10A4,0x0883,
  0x1084,0x0883,0x0884,0x1083,0x0884,0x0883,0x0884,0x0883,0x1084,0x0883,0x0884,0x0883,
  0x1084,0x0883,0x1084,0x0883,0x0883,0x0884,0x0883,0x0884,0x0883,0x0884,0x1083,0x0884,
  0x0883,0x1083,0x0884,0x1083,0x0883,0x0884,0x0883,0x0884,0x1083,0x0883,0x1084,0x0883,
  0x0884,0x1083,0x0884,0x1083,0x0884,0x1083,0x08A4,0x0883,0x1084,0x0883,0x08A4,0x1083,
  0x08A4,0x0884,0x10A3,0x0884,0x10A3,0x0884,0x10A3,0x0884,0x10A3,0x0884,0x10A3,0x0884,
  0x10A3,0x08A4,0x1083,0x08A4,0x1084,0x08A4,0x10A4,0x0883,0x10A4,0x0884,0x10A4,0x1084,
  0x08A4,0x1084,0x10A4,0x1084,0x08A4,0x1084,0x10A4,0x0884,0x10A4,0x1084,0x08A4,0x1084,
  0x10A4,0x10A4,0x10A5,0x10A4,0x10A4,0x10A4,0x08A4,0x10A4,0x08A4,0x10A4,0x10A4,0x10A4,
  0x08A4,0x10A5,0x10A4,0x10A4,0x08A4,0x10A4,0x10A4,0x10C4,0x08A4,0x10A4,0x10A4,0x10C4,
  0x10A4,0x10C5,0x10A4,0x10C4,0x10A4,0x10C4,0x08A4,0x10A4,0x10C4,0x10C5,0x10C4,0x08C5,
  0x10C4,0x10C5,0x10C4,0x10C4,0x10C5,0x10A4,0x10C5,0x10C4,0x10C4,0x10C5,0x10C4,0x10A4,
  0x10C5,0x10C4,0x10C5,0x10C4,0x10C5,0x10C4,0x10C5,0x10C4,0x10C5,0x10C4,0x10C5,0x10C5,
  0x10C4,0x10C5,0x10C5,0x10C4,0x10C5,0x10C4,0x10C5,0x10C4,0x10C5,0x10C4,0x10C5,0x10C4,
  0x10C5,0x10C4,0x10C4,0x10C5,0x10C4,0x10C4,0x10C5,0x10C4,0x10C5,0x10A4,0x10C5,0x10A4,
  0x10C5,0x10A4,0x10C5,0x10A4,0x10C5,0x10A4,0x10C5,0x10A4,0x10C5,0x10A4,0x10C5,0x10A4,
  0x10C5,0x10A4,0x10C5,0x10A4,0x10C5,0x10A4,0x10C5,0x10A4,0x10C5,0x10A5,0x10C5,0x10A5,
  0x10C5,0x10A5,0x10C5,0x10A5,0x10C4,0x10C5,0x10C4,0x10C5,0x10C4,0x10C5,0x10C4,0x10C5,
  0x10C4,0x10C5,0x10C4,0x10C5,0x10C4,0x10C5,0x10C4,0x10C5,0x10E4,0x10C5,0x10C5,0x10C5,
  0x10C5,0x10C4,0x10C5,0x10C5,0x10C4,0x10C5,0x10C4,0x10C5,0x10C4,0x10C5,0x10C4,0x10C5,
  0x10C4,0x10C4,0x10A5,0x10C4,0x08A4,0x10C4,0x10A5,0x10C4,0x10C4,0x10C5,0x10C4,0x10C5,
  0x10C4,0x08C5,0x10C4,0x10C5,0x10A4,0x10C5,0x10A4,0x10C4,0x10A4,0x10C5,0x10A4,0x10C4,
  0x10A4,0x10C4,0x10A4,0x10C4,0x10A5,0x10C4,0x10A5,0x08C4,0x10A4,0x10A4,0x10A4,0x08A4,
  0x10A4,0x08A4,0x10A4,0x10A4,0x10A4,0x08A4,0x10A4,0x10A4,0x10A5,0x10A4,0x10A4,0x10A4,
  0x10A4,0x10A4,0x10A4,0x08A4,0x10A4,0x08A4,0x1084,0x08A4,0x1084,0x10A4,0x0884,0x10A4,
  0x1084,0x08A4,0x10A4,0x10A4,0x10A4,0x08A4,0x10A4,0x10A4,0x08A4,0x10A4,0x10A4,0x08A4,
  0x10A4,0x10A4,0x0884,0x10A4,0x1084,0x08A4,0x1084,0x10A4,0x0884,0x10A3,0x0884,0x10A3,
  0x08A4,0x1083,0x08A4,0x0883,0x1084,0x0883,0x0884,0x08A3,0x0884,0x10A3,0x0884,0x08A4,
  0x0883,0x1084,0x0883,0x0883,0x0884,0x1083,0x0883,0x0884,0x0883,0x0883,0x0884,0x0883,
  0x1084,0x0883,0x1084,0x0883,0x0883,0x0884,0x0883,0x0884,0x1083,0x0884,0x0883,0x0884,
  0x0883,0x1084,0x0883,0x0884,0x0883,0x0884,0x0883,0x0884,0x10A3,0x0884,0x08A4,0x1083,
  0x08A4,0x0884,0x1083,0x0884,0x0883,0x0884,0x1083,0x0884,0x1083,0x0884,0x10A3,0x0884,
  0x10A4,0x0884,0x10A4,0x0883,0x10A4,0x0883,0x10A4,0x0884,0x10A4,0x10A4,0x08A4,0x10A4,
  0x10A3,0x10A4,0x08A4,0x10A4,0x10A4,0x10A4,0x08A4,0x10A4,0x10A4,0x08A4,0x10A4,0x08A4,
  0x10A4,0x08A4,0x10A4,0x10A4,0x08A4,0x10A4,0x10A4,0x08A4,0x10A4,0x08A4,0x10A4,0x08A4,
  0x10A4,0x10A4,0x10A5,0x10A4,0x10A4,0x10A4,0x08A5,0x10A4,0x10A4,0x10A4,0x08A4,0x10A4,
  0x10C5,0x10A4,0x10A5,0x10A4,0x10C5,0x10A4,0x10A5,0x08A4,0x10A4,0x10A4,0x08A5,0x10A4,
  0x10A5,0x10A4,0x10C5,0x10A4,0x10C5,0x10A4,0x10C4,0x10A4,0x10C5,0x10A4,0x10C5,0x10A4,
  0x08C4,0x10C5,0x10A4,0x08C5,0x10A4,0x10C4,0x08C5,0x10C4,0x10C5,0x10C4,0x10C5,0x10C4,
  0x10C5,0x10C4,0x10C5,0x10C4,0x10C5,0x10C4,0x10C5,0x10C4,0x10C5,0x10C4,0x10C5,0x10C4,
  0x10C5,0x10C4,0x10C5,0x10C4,0x10C5,0x10C4,0x10C5,0x10C4,0x10C5,0x10C4,0x10C5,0x10C4,
  0x10C5,0x10C5,0x10C4,0x10C5,0x10C5,0x10C5,0x10C5,0x10C5,0x10C5,0x10C5,0x10C5,0x10C5,
  0x10C5,0x10C5,0x10C5,0x10C5,0x10C5,0x10C5,0x10C5,0x10C5,0x10C5,0x10C5,0x10C5,0x10C5,
  0x10C5,0x10C5,0x10C5,0x10C5,0x10C4,0x10C5,0x10C4,0x10C5,0x10C4,0x10C5,0x10C4,0x10C5,
  0x10C4,0x10C5,0x10C4,0x10C5,0x10C4,0x10C5,0x10C4,0x10C5,0x10C4,0x10C5,0x10C4,0x10C5,
  0x10C4,0x10C5,0x10C4,0x10C5,0x10C4,0x10C5,0x10C4,0x10C4,0x10C5,0x10C4,0x10C5,0x10C4,
  0x10C5,0x10C4,0x10C5,0x10C4,0x10C5,0x10C4,0x10C5,0x10C4,0x10A5,0x10C4,0x08C4,0x10C5,
  0x10C4,0x10C5,0x10C4,0x10C4,0x10A5,0x10C4,0x10A4,0x08C4,0x10A5,0x10C4,0x10A5,0x10C4,
  0x08A4,0x10C4,0x08A4,0x10C5,0x08A4,0x10C4,0x08A4,0x10C5,0x08A4,0x10C5,0x08A4,0x10C4,
  0x08A4,0x10C4,0x10A4,0x10C5,0x08A4,0x10A4,0x10A4,0x10A4,0x10A4,0x10A5,0x10A4,0x08A4,
  0x10A4,0x10A4,0x10A5,0x08A4,0x10A4,0x08A4,0x10A4,0x08A4,0x10A5,0x08A4,0x10A4,0x10A4,
  0x0884,0x10A4,0x10A4,0x10A4,0x08A4,0x10A4,0x10A4,0x08A4,0x10A4,0x1084,0x08A4,0x1084,
  0x08A4,0x1084,0x08A4,0x1084,0x10A4,0x0884,0x10A4,0x1084,0x08A4,0x10A4,0x10A4,0x08A4,
  0x10A4,0x10A4,0x08A4,0x10A4,0x0884,0x10A4,0x0883,0x10A4,0x0884,0x0884,0x1083,0x08A4,
  0x1083,0x08A4,0x1083,0x1084,0x0883,0x1084,0x0883,0x1084,0x0883,0x0883,0x1084,0x0883,
  0x0884,0x0883,0x0884,0x1083,0x0884,0x1083,0x0884,0x0883,0x0884,0x0883,0x0883,0x0884,
  0x0883,0x1084,0x0883,0x0883,0x0884,0x0883,0x1084,0x0883,0x0884,0x0883,0x0884,0x1083,
  0x0884,0x1083,0x0884,0x0883,0x0884,0x1083,0x0884,0x0883,0x1084,0x0883,0x08A4,0x1083,
  0x0884,0x0883,0x08A4,0x0883,0x08A4,0x1083,0x08A4,0x1084,0x08A3,0x1084,0x08A3,0x1084,
  0x08A4,0x1084,0x08A3,0x1084,0x08A3,0x10A4,0x1083,0x08A4,0x1084,0x08A4,0x1083,0x08A4,
  0x1084,0x08A4,0x1084,0x08A4,0x1084,0x08A4,0x1084,0x10A4,0x0884,0x10A4,0x0884,0x10A4,
  0x1084,0x08A4,0x1084,0x10A4,0x10A4,0x10A5,0x10A4,0x10A4,0x08A4,0x10A4,0x08A4,0x10A4,
  0x08A4,0x10A4,0x10A4,0x10A4,0x08A4,0x10A4,0x10A4,0x10A4,0x10A4,0x08C4,0x10A4,0x10A4,
  0x10A4,0x08C4,0x10A4,0x10C5,0x10A4,0x10C4,0x10A4,0x10C4,0x10A4,0x08A4,0x10A4,0x10A4,
  0x10C4,0x08C5,0x10C4,0x10C5,0x10C4,0x08C4,0x10C4,0x10C5,0x10C4,0x10C4,0x10C4,0x10C4,
  0x10C5,0x10A4,0x10C5,0x10A4,0x10C4,0x10C5,0x10C4,0x10C4,0x10C5,0x10A4,0x10C4,0x10A5,
  0x10C4,0x10C5,0x10C4,0x10C5,0x10C4,0x10C5,0x10C4,0x10C5,0x10C4,0x10C5,0x10C4,0x10C5,
  0x10C4,0x10C5,0x10C4,0x10C5,0x10C4,0x10C5,0x10C4,0x10C5,0x10C4,0x10C5,0x10C4,0x10C4,
  0x10C5,0x10A4,0x10C5,0x10A4,0x10C5,0x10A4,0x10C5,0x10A4,0x10C5,0x10A4,0x10C5,0x10A4,
  0x10C5,0x10A4,0x10C5,0x10A4,0x10C5,0x10A4,0x10C5,0x10A4,0x10C5,0x10A4,0x10C5,0x10A5,
  0x10C5,0x10A5,0x10C5,0x10A5,0x10C5,0x10A5,0x10C5,0x10A5,0x10C4,0x10C5,0x10C4,0x10C5,
  0x10C4,0x10C5,0x10C4,0x10C5,0x10C4,0x10C5,0x10C4,0x10C5,0x10C4,0x10C5,0x10C4,0x10C5,
  0x10C4,0x10C5,0x10C4,0x10C5,0x10C4,0x10C5,0x10C4,0x10C5,0x10C4,0x10C4,0x10A5,0x10C4,
  0x10A4,0x10C5,0x10A4,0x10C4,0x10C5,0x10C4,0x10A5,0x10C4,0x10A4,0x10C4,0x08A5,0x10C4,
  0x10C4,0x08C5,0x10C4,0x10C5,0x10C4,0x10C4,0x10C4,0x10C5,0x10A4,0x10C5,0x10A4,0x10C4,
  0x10A4,0x10C5,0x10A4,0x10C4,0x10A4,0x10C4,0x10A5,0x10C4,0x10A5,0x08C4,0x10A4,0x10C4,
  0x10A4,0x08A4,0x10A5,0x08A4,0x10A4,0x08A4,0x10A4,0x10A4,0x10A5,0x08A4,0x10A4,0x10A4,
  0x10A4,0x10A4,0x10A5,0x10A4,0x10A4,0x10A4,0x08A4,0x10A4,0x10A4,0x08A4,0x1084,0x08A4,
  0x1084,0x08A4,0x1084,0x10A4,0x08A4,0x10A4,0x10A4,0x08A4,0x10A4,0x10A4,0x10A4,0x08A4,
  0x10A4,0x10A4,0x08A4,0x10A4,0x1084,0x08A4,0x1084,0x10A4,0x0884,0x10A4,0x1084,0x08A4,
  0x1083,0x08A4,0x1084,0x08A4,0x10A3,0x0884,0x1083,0x0884,0x0884,0x1083,0x08A4,0x0884,
  0x10A3,0x0884,0x08A3,0x1084,0x0883,0x0884,0x0883,0x1084,0x0883,0x1084,0x0883,0x0884,
  0x0883,0x0884,0x1083,0x0884,0x1083,0x0884,0x1083,0x0883,0x0883,0x0884,0x0883,0x1084,
  0x0883,0x0884,0x0883,0x1083,0x0884,0x1083,0x0883,0x0884,0x0883,0x0883,0x1084,0x0883,
  0x10A4,0x0883,0x10A4,0x0884,0x10A3,0x0884,0x1083,0x0884,0x0883,0x1084,0x0883,0x1084,
  0x0884,0x0883,0x10A4,0x0883,0x10A4,0x0884,0x10A4,0x0883,0x10A4,0x0883,0x10A4,0x0884,
  0x10A4,0x08A4,0x10A4,0x08A4,0x10A3,0x10A4,0x08A4,0x10A4,0x10A4,0x10A4,0x08A4,0x10A4,
  0x10A4,0x10A4,0x08A4,0x10A4,0x10A4,0x10A4,0x10A4,0x08A4,0x10A4,0x10A4,0x08A4,0x1084,
  0x08A4,0x10A4,0x08A4,0x10A4,0x10A5,0x10A4,0x10A4,0x10A4,0x10A5,0x10A4,0x08A4,0x10A4,
  0x10A5,0x10A4,0x08A4,0x10A5,0x10A4,0x10A5,0x10C4,0x10A5,0x10A4,0x10A5,0x10A4,0x10A4,
  0x10A5,0x10A4,0x10A5,0x08A4,0x10C5,0x10A4,0x10C5,0x10A4,0x08A4,0x10A4,0x10A5,0x08A4,
  0x10A4,0x10A5,0x10A4,0x08A4,0x10C5,0x10A4,0x10C5,0x10A4,0x10C5,0x10C4,0x10C4,0x10C5,
  0x10C4,0x10A4,0x10C5,0x10A4,0x10C4,0x10C5,0x10C4,0x10C4,0x10C5,0x10C4,0x10C5,0x10C4,
  0x10C5,0x10C4,0x10C5,0x10C4,0x10C5,0x10C4,0x10C5,0x10C4,0x10C5,0x10C4,0x10C5,0x10C4,
  0x10C5,0x10C4,0x10C5,0x10C4,0x10C5,0x10C4,0x10C5,0x10C5,0x10C5,0x10C5,0x10C5,0x10C5,
  0x10C5,0x10C5,0x10C5,0x10C5,0x10C5,0x10C5,0x10C5,0x10C5,0x10C5,0x10C5,0x10C5,0x10C5,
  0x10C5,0x10C5,0x10C5,0x10C5,0x10C5,0x10C5,0x10C4,0x10C5,0x10C4,0x10C5,0x10C4,0x10C5,
  0x10C4,0x10C5,0x10C4,0x10C5,0x10C5,0x10C4,0x10C5,0x10C4,0x10C5,0x10C4,0x10C5,0x10C4,
  0x10C5,0x10C4,0x10C5,0x10C4,0x10C5,0x10C4,0x10C5,0x10C4,0x10C5,0x10C4,0x10C5,0x10C4,
  0x10C5,0x10C4,0x10C5,0x10C4,0x10C5,0x10C4,0x10C4,0x10C5,0x10C4,0x10C4,0x10C5,0x10C4,
  0x10A4,0x10C5,0x10C4,0x10C5,0x08C4,0x10C5,0x10C4,0x10C5,0x10A4,0x10A4,0x10A4,0x10A4,
  0x08A5,0x10A4,0x08A4,0x10C4,0x08A4,0x10C4,0x08A4,0x10C5,0x08A4,0x10C4,0x08A4,0x10C5,
  0x08A4,0x10C4,0x08A4,0x10C4,0x10A4,0x10C4,0x08A5,0x10C4,0x10A4,0x10A4,0x10A4,0x10A4,
  0x10A4,0x10A4,0x10A5,0x08A4,0x10A4,0x10A4,0x10A4,0x08A4,0x10A5,0x08A4,0x10A4,0x08A4,
  0x10A4,0x10A4,0x10A4,0x08A4,0x1084,0x08A4,0x10A4,0x10A4,0x08A4,0x10A4,0x08A4,0x1084,
  0x10A4,0x0884,0x10A4,0x1084,0x08A4,0x1084,0x08A4,0x1084,0x08A4,0x1084,0x10A4,0x08A4,
  0x10A4,0x10A4,0x08A4,0x10A4,0x10A4,0x08A4,0x10A4,0x10A4,0x0884,0x10A3,0x0884,0x10A3,
  0x0884,0x10A3,0x0884,0x10A3,0x0884,0x0883,0x1084,0x0883,0x0884,0x1084,0x0883,0x0884,
  0x1083,0x0884,0x0883,0x0884,0x0883,0x0883,0x0884,0x1083,0x0883,0x0884,0x0883,0x0883,
  0x0884,0x0883,0x0884,0x0883,0x0883,0x0884,0x1083,0x0884,0x0883,0x1083,0x0884,0x0883,
  0x0884,0x0883,0x0884,0x1083,0x0884,0x0883,0x0884,0x0883,0x0884,0x1083,0x0884,0x0883,
  0x1084,0x0883,0x08A4,0x1083,0x0884,0x0883,0x10A4,0x0883,0x10A4,0x0883,0x10A4,0x0884,
  0x10A3,0x0884,0x10A3,0x0884,0x10A4,0x0884,0x10A3,0x0884,0x10A3,0x10A4,0x0884,0x10A4,
  0x0884,0x10A4,0x1083,0x08A4,0x1084,0x08A4,0x1084,0x08A4,0x1084,0x08A4,0x1084,0x08A4,
  0x1084,0x08A4,0x1084,0x08A4,0x1084,0x08A4,0x10A4,0x08A4,0x10A4,0x10A4,0x10A5,0x10A4,
  0x08A4,0x10A4,0x08A4,0x10A4,0x08A4,0x10A4,0x10A4,0x10A4,0x08A4,0x10A4,0x10A4,0x08A4,
  0x10A4,0x10A4,0x08A4,0x10A4,0x08A4,0x10A4,0x10A4,0x08A4,0x10C4,0x10A4,0x10C4,0x10A4,
  0x10A4,0x10A4,0x10A4,0x10C5,0x10C4,0x10C4,0x10C4,0x10C4,0x10C4,0x08C4,0x10C4,0x10A4,
  0x10C5,0x10C4,0x08C5,0x10C4,0x10C4,0x08A5,0x10C4,0x10A4,0x08C5,0x10C4,0x10C5,0x08C4,
  0x10C5,0x10A4,0x08C5,0x10A4,0x10C5,0x10C4,0x10C5,0x10C4,0x10C5,0x10C4,0x10C5,0x10C4,
  0x10C5,0x10C4,0x10C5,0x10C4,0x10C5,0x10C4,0x10C5,0x10C4,0x10C5,0x10C4,0x10C5,0x10C4,
  0x10C5,0x10C4,0x10C5,0x10C4,0x10C5,0x10A4,0x10C5,0x10A4,0x10C5,0x10A4,0x10C5,0x10A4,
  0x10C5,0x10A4,0x10C5,0x10A4,0x10C5,0x10A4,0x10C5,0x10A4,0x10C5,0x10A4,0x10C5,0x10A4,
  0x10C5,0x10A5,0x10C5,0x10A5,0x10C5,0x10A5,0x10C5,0x10A5,0x10C5,0x10A5,0x10C5,0x10A5,
  0x10C4,0x10C5,0x10C4,0x10C5,0x10C4,0x10C5,0x10C4,0x10C5,0x10C4,0x10C5,0x10C4,0x10C5,
  0x10C4,0x10C5,0x10C4,0x10C5,0x10C4,0x10C5,0x10C4,0x10C5,0x10C4,0x10C5,0x10C4,0x10C5,
  0x10C4,0x10C5,0x10A4,0x10C5,0x10A4,0x10C5,0x08A4,0x10C5,0x10C4,0x08C4,0x10A4,0x10C5,
  0x10A4,0x10C4,0x10A5,0x10C4,0x08C4,0x10C5,0x08C4,0x10C4,0x10C4,0x10C5,0x10A4,0x10C5,
  0x10A4,0x10C5,0x10A4,0x10C4,0x10A4,0x10C5,0x10A4,0x10C4,0x10A4,0x08A4,0x10A4,0x08A4,
  0x10A5,0x08A4,0x10A4,0x08A4,0x10A4,0x08A5,0x10A4,0x08A4,0x10A5,0x08A4,0x10A4,0x10A4,
  0x10A4,0x08A4,0x10A5,0x10A4,0x10A4,0x10A4,0x10A4,0x10A4,0x08A5,0x10A4,0x10A4,0x08A4,
  0x10A4,0x10A4,0x0884,0x10A4,0x1084,0x10A4,0x10A4,0x08A4,0x10A4,0x10A4,0x08A4,0x10A4,
  0x10A4,0x08A4,0x10A4,0x10A4,0x10A4,0x08A4,0x1084,0x10A4,0x0884,0x10A4,0x1084,0x08A4,
  0x1084,0x10A4,0x0884,0x10A4,0x0884,0x10A4,0x0883,0x10A4,0x0884,0x0884,0x0883,0x0884,
  0x10A3,0x0884,0x08A3,0x1084,0x08A3,0x0884,0x10A3,0x0884,0x0883,0x0884,0x1083,0x0884,
  0x1083,0x0884,0x0883,0x0884,0x0883,0x1084,0x0883,0x1084,0x0883,0x1084,0x0883,0x0884,
  0x0883,0x0884,0x0883,0x0883,0x1084,0x0883,0x0884,0x1083,0x0884,0x1083,0x0884,0x0883,
  0x0884,0x1083,0x0883,0x1084,0x08A3,0x0884,0x10A3,0x0884,0x08A3,0x1084,0x0884,0x0883,
  0x1084,0x0883,0x0884,0x0883,0x1084,0x0884,0x10A3,0x0884,0x10A4,0x0884,0x10A4,0x0883,
  0x10A4,0x0883,0x10A4,0x0884,0x10A4,0x08A4,0x10A3,0x10A4,0x10A3,0x08A4,0x10A4,0x10A4,
  0x08A4,0x10A4,0x10A4,0x08A4,0x10A4,0x10A4,0x08A4,0x10A4,0x08A4,0x10A4,0x10A4,0x08A4,
  0x10A4,0x1084,0x08A4,0x1084,0x10A4,0x08A4,0x10A4,0x10A4,0x10A4,0x10A4,0x10A5,0x10A4,
  0x10A4,0x10A4,0x08A5,0x10A4,0x10A4,0x10A4,0x10A4,0x10A4,0x10A4,0x08A4,0x10A4,0x10A4,
  0x10A4,0x10A4,0x08A4,0x10A4,0x10A5,0x10A4,0x08A5,0x10C4,0x10A5,0x10C4,0x08A4,0x10A4,
  0x08A5,0x10A4,0x08A5,0x10A4,0x10A5,0x10A4,0x08C5,0x10A4,0x10C4,0x10C5,0x10A4,0x10C5,
  0x10C4,0x10C5,0x10C4,0x10C5,0x10C4,0x10A4,0x10C5,0x10A4,0x10C4,0x10C4,0x10C5,0x10C4,
  0x10C4,0x10C5,0x10C4,0x10C4,0x10C5,0x10C4,0x10C4,0x10C5,0x10C4,0x10C5,0x10C4,0x10C5,
  0x10C4,0x10C5,0x10C4,0x10C5,0x10C4,0x10C5,0x10C4,0x10C5,0x10C4,0x10C5,0x10C4,0x10C5,
  0x10C4,0x10C5,0x10C5,0x10C5,0x10C5,0x10C5,0x10C5,0x10C5,0x10C5,0x10C5,0x10C5,0x10C5,
  0x10C5,0x10C5,0x10C5,0x10C5,0x10C5,0x10C5,0x10C5,0x10C5,0x10C4,0x10C5,0x10C4,0x10C5,
  0x10C4,0x10C5,0x10C4,0x10C5,0x10C4,0x10C5,0x10C4,0x10C5,0x10C4,0x10C5,0x10C4,0x10C5,
  0x10C4,0x10C5,0x10C4,0x10C5,0x10C4,0x10C5,0x10C4,0x10C5,0x10C4,0x10C5,0x10C4,0x10C5,
  0x10C4,0x10C4,0x10C5,0x10C4,0x10C4,0x10C5,0x10C4,0x10C4,0x10C5,0x10C4,0x10C4,0x10C5,
  0x08C4,0x10C4,0x10C4,0x10C5,0x10A4,0x10C5,0x10C4,0x10C4,0x10C5,0x10C4,0x08C4,0x10C5,
  0x10A4,0x10A4,0x10A4,0x08A5,0x10A4,0x08C4,0x10A4,0x08C4,0x10A4,0x08C4,0x10A4,0x08C5,
  0x10A4,0x08C4,0x10A4,0x08C5,0x10A4,0x10C4,0x10A5,0x08C4,0x10A4,0x10C4,0x08A4,0x10C4,
  0x10A4,0x10A4,0x10A4,0x10A4,0x10A4,0x10A4,0x10A4,0x08A4,0x10A5,0x10A4,0x10A4,0x08A4,
  0x10A4,0x08A4,0x10A5,0x10A4,0x10A4,0x08A4,0x10A4,0x10A4,0x0884,0x10A4,0x10A4,0x08A4,
  0x10A4,0x0884,0x10A4,0x0884,0x10A4,0x0884,0x10A4,0x0884,0x10A4,0x1084,0x08A4,0x1084,
  0x08A4,0x10A4,0x08A4,0x10A4,0x10A4,0x08A4,0x10A4,0x10A4,0x08A4,0x10A4,0x10A4,0x08A4,
  0x1083,0x08A4,0x1084,0x08A4,0x10A3,0x1084,0x08A3,0x1084,0x0884,0x1083,0x0884,0x1083,
  0x0884,0x1083,0x0884,0x1084,0x0883,0x0884,0x0883,0x0883,0x0884,0x1083,0x0884,0x1083,
  0x0884,0x0883,0x0884,0x0883,0x0884,0x0883,0x0883,0x0883,0x0883,0x1084,0x0883,0x0884,
  0x0883,0x0884,0x0883,0x0884,0x0883,0x0884,0x0883,0x1083,0x0884,0x0883,0x0884,0x0883,
  0x1084,0x0884,0x1083,0x0884,0x1084,0x0883,0x10A4,0x0883,0x0884,0x0883,0x10A4,0x0883,
  0x08A4,0x1083,0x08A4,0x1084,0x08A3,0x1084,0x08A3,0x1084,0x08A4,0x1084,0x08A3,0x1084,
  0x08A3,0x10A4,0x1084,0x08A4,0x1084,0x10A4,0x0883,0x10A4,0x1084,0x08A3,0x1084,0x10A4,
  0x0884,0x10A4,0x1084,0x08A4,0x1084,0x08A4,0x1084,0x10A4,0x08A4,0x10A4,0x10A4,0x08A4,
  0x10A4,0x10A5,0x10A4,0x08A4,0x10A4,0x08A4,0x10A4,0x08A4,0x10A4,0x10A4,0x10A4,0x10A4,
  0x08A4,0x10A5,0x08A4,0x10A4,0x10A5,0x10A4,0x10A4,0x08A5,0x10A4,0x10A4,0x10A5,0x10A4,
  0x10C4,0x10A4,0x10A4,0x10A4,0x10A4,0x10A5,0x10A4,0x10C4,0x10C4,0x10C4,0x10C4,0x08C4,
  0x10C4,0x10A4,0x10C4,0x10A5,0x08C4,0x10C4,0x10C4,0x10A4,0x10C5,0x10A4,0x10C4,0x10A4,
  0x10C5,0x10C4,0x10C4,0x10C5,0x10C4,0x10A5,0x10C4,0x10A5,0x10C4,0x10A4,0x10C5,0x10A4,
  0x10C4,0x10A4,0x10C5,0x10A4,0x10C5,0x10C4,0x10C5,0x10C4,0x10C5,0x10C4,0x10C5,0x10C4,
  0x10C5,0x10C4,0x10C5,0x10C4,0x10C5,0x10C4,0x10C5,0x10C4,0x10C5,0x10A5,0x10C4,0x10A5,
  0x10C4,0x10C4,0x10C4,0x10C4,0x10C4,0x10C4,0x10C4,0x10A5,0x10C4,0x10A5,0x10C4,0x10A5,
  0x10C4,0x10A5,0x10C4,0x10A5,0x10C5,0x10A5,0x10C5,0x10A5,0x10C5,0x10A5,0x10C5,0x10A5,
  0x10C5,0x10C4,0x10A5,0x10C5,0x10C4,0x10C5,0x10C4,0x10C5,0x10C4,0x10C5,0x10C4,0x10C5,
  0x10C4,0x10C5,0x10C4,0x10C5,0x10C4,0x10C5,0x10C4,0x10C5,0x10C4,0x10C5,0x10C4,0x10C5,
  0x10C4,0x10C4,0x10C5,0x10A4,0x10C4,0x10A5,0x08C4,0x10A4,0x10C5,0x10A4,0x10C5,0x10C4,
  0x10C4,0x10C5,0x08A4,0x10C5,0x10A4,0x10C5,0x10A4,0x10C4,0x08C4,0x10C5,0x10C4,0x10C4,
  0x10A4,0x10C5,0x10A4,0x10C5,0x10A4,0x10C5,0x10A4,0x10C4,0x10A4,0x10C5,0x10A4,0x10C4,
  0x08A4,0x10A4,0x08A4,0x10A4,0x08A4,0x10A4,0x10A5,0x08A4,0x10A4,0x08A4,0x10A4,0x08A4,
  0x10A4,0x08A4,0x10A5,0x10A4,0x10A4,0x08A4,0x10A4,0x10A4,0x10A5,0x10A4,0x08A4,0x10A4,
  0x10A4,0x10A4,0x10A5,0x08A4,0x10A4,0x08A4,0x1084,0x08A4,0x10A4,0x08A4,0x10A4,0x10A4,
  0x08A4,0x10A4,0x10A4,0x10A4,0x08A4,0x10A4,0x10A4,0x08A4,0x1084,0x10A4,0x1084,0x08A4,
  0x1084,0x10A4,0x0884,0x10A4,0x1084,0x08A4,0x1084,0x10A4,0x0884,0x10A3,0x0884,0x10A3,
  0x0884,0x0883,0x1084,0x08A3,0x0884,0x10A3,0x0884,0x08A4,0x1083,0x08A4,0x0883,0x08A4,
  0x1083,0x0883,0x1084,0x0883,0x0884,0x0883,0x0883,0x0884,0x0883,0x1083,0x0884,0x1083,
  0x0883,0x1084,0x0884,0x0883,0x0883,0x1083,0x0883,0x1084,0x1083,0x1083,0x1083,0x0883,
  0x1083,0x1083,0x0884,0x1083,0x0883,0x1083,0x1084,0x0883,0x0883,0x0884,0x0883,0x0883,
  0x0884,0x0883,0x0884,0x1083,0x0884,0x1083,0x0884,0x1084,0x0883,0x0884,0x1083,0x0884,
  0x0883,0x1084,0x0883,0x10A4,0x0883,0x10A4,0x0884,0x10A4,0x10A4,0x08A4,0x10A3,0x10A4,
  0x08A4,0x10A4,0x10A4,0x08A4,0x10A4,0x10A4,0x10A4,0x10A4,0x10A4,0x10A4,0x10A4,0x10A4,
  0x10A4,0x10A4,0x1084,0x1084,0x1084,0x1084,0x1084,0x10A4,0x10A4,0x08A4,0x10A4,0x10A4,
  0x08A4,0x10A4,0x08A4,0x1084,0x08A4,0x10A4,0x08A4,0x10A4,0x10A4,0x08A4,0x10A4,0x10A4,
  0x08A4,0x10C4,0x10A4,0x10A4,0x08A4,0x10A4,0x08A4,0x10A4,0x08A4,0x08A4,0x10A4,0x08A5,
  0x10A4,0x08A4,0x10A4,0x10A5,0x08A4,0x08A4,0x10A4,0x10A4,0x08A4,0x10C4,0x08A4,0x10A4,
  0x10A4,0x08A5,0x10C4,0x08A4,0x10C4,0x08A4,0x10C5,0x08A4,0x10C4,0x08A5,0x10C4,0x10A5,
  0x08C4,0x10A4,0x08A4,0x08A4,0x10A4,0x08A4,0x08A4,0x08A4,0x10A4,0x08C4,0x10A4,0x10C4,
  0x08A4,0x10C4,0x10A4,0x10C4,0x10C4,0x10C5,0x10C4,0x10C4,0x10C5,0x10C4,0x10A5,0x10C5,
  0x10A5,0x10C5,0x10C5,0x10C5,0x10C5,0x10C5,0x10C5,0x10C4,0x10C5,0x10A4,0x10A4,0x10A4,
  0x10A4,0x10A4,0x10A4,0x10C4,0x10C5,0x10C4,0x10C5,0x10C5,0x10C5,0x10C5,0x10C5,0x10C5,
  0x10C4,0x10A5,0x10C4,0x10A4,0x08A4,0x10C4,0x10C4,0x10C4,0x10C4,0x10C4,0x10C4,0x10A4,
  0x10C4,0x10C4,0x10C4,0x10C4,0x10C4,0x10A4,0x10C4,0x10A4,0x10C4,0x10C4,0x10A4,0x10C4,
  0x10A4,0x10C4,0x08A4,0x10C4,0x10A5,0x10A4,0x10A5,0x10A4,0x10A5,0x10A5,0x10A4,0x10A5,
  0x10C5,0x10A4,0x10A5,0x10A4,0x10A5,0x08A4,0x10A4,0x10A5,0x08A4,0x10A4,0x10A4,0x10A4,
  0x08A4,0x10A4,0x08A4,0x10A4,0x10A4,0x10A4,0x10A4,0x08A4,0x10A4,0x08A4,0x10A4,0x10A4,
  0x10A4,0x08A4,0x10A4,0x08A4,0x10A4,0x08A4,0x10A4,0x10A4,0x10A4,0x10A4,0x10A4,0x10C4,
  0x10A4,0x10C4,0x10A4,0x10A4,0x10A4,0x10A4,0x08A4,0x10A4,0x08A4,0x1084,0x08A3,0x0884,
  0x10A4,0x08A4,0x10A4,0x10A4,0x10A4,0x10A4,0x08A4,0x10A4,0x08A4,0x10A4,0x0884,0x10A4,
  0x0884,0x10A4,0x0884,0x1084,0x0884,0x10A4,0x0884,0x10A4,0x1084,0x10A4,0x08A4,0x10A4,
  0x10A4,0x08A4,0x10A4,0x10A4,0x08A4,0x10A4,0x08A4,0x1084,0x08A3,0x0884,0x10A4,0x0883,
  0x08A4,0x1083,0x0884,0x0883,0x1084,0x0883,0x0884,0x1084,0x08A3,0x1084,0x0884,0x1083,
  0x0884,0x0883,0x1084,0x0883,0x0884,0x0883,0x1084,0x0883,0x1084,0x0883,0x1083,0x0884,
  0x1083,0x1084,0x0883,0x1083,0x1084,0x0883,0x1083,0x0884,0x1083,0x0883,0x1083,0x0883,
  0x0883,0x1084,0x0883,0x1083,0x0884,0x0883,0x1084,0x0883,0x1084,0x0883,0x1083,0x0884,
  0x1083,0x0884,0x1083,0x0884,0x1083,0x0884,0x1083,0x0884,0x1083,0x0884,0x0883,0x0884,
  0x1083,0x08A4,0x0883,0x10A4,0x0883,0x10A4,0x0883,0x08A4,0x1083,0x08A4,0x0884,0x10A4,
  0x0884,0x10A3,0x0884,0x08A3,0x1084,0x10A4,0x0884,0x10A4,0x1083,0x08A4,0x1083,0x10A4,
  0x1083,0x10A4,0x1083,0x10A4,0x1083,0x10A4,0x1084,0x10A3,0x1084,0x10A4,0x0884,0x1084,
  0x0884,0x10A4,0x0884,0x1084,0x0883,0x0883,0x0884,0x10A3,0x0884,0x10A3,0x0884,0x10A3,
  0x0884,0x10A3,0x0884,0x08A3,0x10A4,0x10A3,0x08A4,0x10A4,0x10A3,0x08A4,0x10A3,0x08A4,
  0x10A4,0x10A4,0x08A3,0x10A4,0x0884,0x1084,0x08A4,0x10A4,0x10A4,0x10A4,0x10A4,0x08A4,
  0x10A4,0x08A3,0x10A4,0x08C4,0x10A4,0x08A4,0x10A4,0x08A4,0x10C4,0x10A4,0x08A4,0x10C5,
  0x10A4,0x10C4,0x10A4,0x10C5,0x08A4,0x10A4,0x08A4,0x10A4,0x10A4,0x08C4,0x10A4,0x10A4,
  0x08A4,0x10A4,0x10A3,0x08A4,0x10C4,0x10A4,0x08C4,0x10C4,0x10C4,0x10A4,0x08C4,0x10A4,
  0x10A4,0x08A4,0x10A4,0x10A5,0x10C4,0x10C5,0x10C5,0x10C4,0x10C5,0x10C4,0x10A5,0x10C4,
  0x10A5,0x10C4,0x10C4,0x10A4,0x10C4,0x10C4,0x10C4,0x10C4,0x08C4,0x10C4,0x10C4,0x10C4,
  0x10C5,0x10C4,0x10C5,0x10C5,0x10A4,0x10C5,0x10A4,0x10A5,0x10C4,0x10A5,0x10C4,0x08A4,
  0x10C4,0x10A4,0x10A4,0x10A5,0x10A4,0x10A4,0x08A4,0x10A4,0x10C4,0x08A4,0x10A4,0x10C4,
  0x08A4,0x10A4,0x08A4,0x10A4,0x08C4,0x10A4,0x08A4,0x10A4,0x08C4,0x10A4,0x10C4,0x10C4,
  0x10A4,0x10C5,0x08A4,0x10A5,0x08A4,0x10A4,0x08A5,0x10A4,0x08A4,0x10A5,0x08A4,0x10A5,
  0x10A4,0x10A5,0x10A4,0x08A4,0x10A4,0x10A4,0x08A4,0x10A4,0x10A4,0x10A4,0x10A4,0x10A4,
  0x10A4,0x10C4,0x08A4,0x10A4,0x10A4,0x10A4,0x08A4,0x10A4,0x10A4,0x08A4,0x10A4,0x10A4,
  0x08A3,0x10A4,0x08A4,0x10A4,0x08A4,0x08A4,0x10A4,0x08A4,0x10A4,0x08A4,0x08A4,0x10A4,
  0x08A4,0x10A4,0x10A3,0x10A4,0x10A4,0x08A3,0x10A4,0x10A4,0x0884,0x10A4,0x10A4,0x08A4,
  0x10A4,0x08A4,0x1084,0x0884,0x10A4,0x08A4,0x1084,0x08A4,0x1084,0x08A4,0x1083,0x08A4,
  0x10A3,0x10A4,0x10A4,0x08A3,0x10A4,0x08A3,0x10A4,0x10A4,0x10A4,0x10A4,0x0883,0x10A4,
  0x1083,0x08A4,0x10A3,0x0884,0x10A4,0x1083,0x08A4,0x1084,0x08A4,0x0883,0x10A4,0x0883,
  0x08A4,0x1083,0x08A4,0x0883,0x1084,0x08A3,0x0884,0x08A3,0x1084,0x08A4,0x0883,0x1084,
  0x0883,0x0883,0x0884,0x0883,0x1083,0x0884,0x1083,0x0883,0x1083,0x0883,0x1084,0x0883,
  0x1083,0x0884,0x1083,0x0883,0x1084,0x0883,0x1084,0x0883,0x0883,0x1083,0x0884,0x1083,
  0x0883,0x1084,0x0883,0x1084,0x0883,0x1084,0x0883,0x1083,0x0884,0x1083,0x0883,0x1083,
  0x0884,0x0883,0x0884,0x0883,0x0884,0x0883,0x1083,0x0884,0x0883,0x1084,0x0883,0x0884,
  0x1083,0x0884,0x0884,0x1083,0x0884,0x0883,0x1083,0x08A4,0x1083,0x08A4,0x1083,0x10A4,
  0x08A4,0x10A3,0x10A4,0x08A4,0x10A4,0x10A4,0x08A4,0x10A4,0x08A4,0x10A3,0x10A4,0x08A4,
  0x10A4,0x10A4,0x08A4,0x10A4,0x0883,0x10A4,0x1083,0x10A4,0x1083,0x08A4,0x1083,0x10A4,
  0x0883,0x1084,0x08A3,0x1084,0x08A3,0x10A4,0x10A4,0x08A3,0x10A4,0x08A4,0x10A3,0x10A4,
  0x08A4,0x10A4,0x10A3,0x08A4,0x10A4,0x08A3,0x10A4,0x10A3,0x08A4,0x10A3,0x10A4,0x10A4,
  0x0884,0x10A3,0x10A4,0x08A4,0x10A4,0x08A4,0x10A4,0x10A4,0x08A4,0x10C4,0x08A3,0x10A4,
  0x08A3,0x10A4,0x08A4,0x10A4,0x08A4,0x10A4,0x10A4,0x08A4,0x10A4,0x08C5,0x10A4,0x10C4,
  0x08A4,0x10A4,0x10A4,0x08C4,0x10A4,0x10A4,0x08C4,0x10A4,0x08C4,0x10A4,0x10C4,0x10C4,
  0x10C4,0x08C3,0x10C4,0x10C4,0x10A4,0x10C4,0x10A4,0x10C4,0x08C4,0x10A4,0x08C4,0x10A4,
  0x10C4,0x10C4,0x10A4,0x10C5,0x10A4,0x10A5,0x10C5,0x10A4,0x08C4,0x10A4,0x10A5,0x10C4,
  0x08A4,0x10C4,0x10C4,0x10C4,0x10C4,0x10C4,0x08C4,0x10A4,0x10C4,0x10C5,0x10A4,0x10C4,
  0x10A5,0x10A4,0x10A4,0x10A5,0x10C4,0x08A4,0x10C4,0x10C5,0x10C4,0x10C5,0x08C4,0x10A4,
  0x08C4,0x10A4,0x10A4,0x08A4,0x10C4,0x10A4,0x10C4,0x08A4,0x10A4,0x10C4,0x08A4,0x10A4,
  0x08A4,0x10A4,0x10C4,0x10C4,0x10A4,0x10C4,0x10C4,0x10C4,0x08A4,0x10A4,0x10A4,0x10A4,
  0x10A4,0x10A4,0x10A4,0x10A4,0x10A4,0x10A4,0x10A4,0x10A4,0x10A4,0x08A4,0x10A4,0x10A5,
  0x10A4,0x10A4,0x10A4,0x10A4,0x10A4,0x10A4,0x08A4,0x10A4,0x10A4,0x10A4,0x10A4,0x08A4,
  0x1083,0x08A4,0x10A4,0x10A4,0x08A3,0x10A4,0x08A3,0x10A4,0x10A4,0x10A4,0x08A3,0x10A4,
  0x10A3,0x1084,0x08A3,0x1084,0x08A4,0x1083,0x10A4,0x1083,0x10A4,0x08A3,0x10A4,0x08A3,
  0x10A4,0x10A4,0x10A4,0x10A4,0x08A3,0x1084,0x08A4,0x10A4,0x10A4,0x0884,0x10A4,0x0884,
  0x1084,0x08A3,0x1084,0x08A3,0x1084,0x08A3,0x1084,0x08A4,0x0883,0x0884,0x10A4,0x0884,
  0x10A4,0x10A4,0x08A3,0x10A4,0x08A3,0x10A4,0x10A4,0x08A4,0x10A4,0x1084,0x08A4,0x1083,
  0x08A4,0x1084,0x08A3,0x1084,0x10A3,0x0884,0x0883,0x1084,0x0883,0x0884,0x1083,0x08A4,
  0x0883,0x1084,0x0883,0x1084,0x0883,0x1084,0x0883,0x0883,0x1084,0x0883,0x1084,0x0883,
  0x0884,0x1083,0x0883,0x1084,0x0883,0x1084,0x0883,0x1083,0x0884,0x1083,0x0883,0x1084,
  0x0883,0x1083,0x0884,0x1083,0x0883,0x1084,0x0883,0x1083,0x0884,0x1083,0x0883,0x1083,
  0x0883,0x1083,0x0884,0x1083,0x0883,0x1083,0x0884,0x1083,0x0883,0x0884,0x1083,0x0883,
  0x1084,0x0883,0x0884,0x0883,0x10A4,0x0884,0x10A3,0x0884,0x08A4,0x1083,0x08A4,0x0883,
  0x10A4,0x0884,0x0883,0x10A4,0x0884,0x10A4,0x0884,0x08A3,0x1084,0x08A4,0x1084,0x10A3,
  0x0884,0x10A3,0x0884,0x10A3,0x1084,0x10A4,0x1083,0x10A4,0x1083,0x10A4,0x1083,0x10A4,
  0x1084,0x10A4,0x08A4,0x10A4,0x10A4,0x10A4,0x10A4,0x10A4,0x08A3,0x10A4,0x08A3,0x10A4,
  0x08A3,0x10A4,0x08A4,0x10A4,0x10A3,0x08A4,0x10A4,0x10A4,0x10A3,0x08A4,0x10A4,0x10A4,
  0x10A4,0x10A4,0x10A4,0x08A4,0x10A4,0x10C4,0x10A4,0x10A4,0x08A4,0x10A4,0x0884,0x1084,
  0x08A4,0x1084,0x08A4,0x1084,0x10C4,0x10C4,0x10A4,0x08C4,0x10A4,0x08C3,0x10C4,0x10C4,
  0x08A3,0x08A4,0x10A4,0x08A4,0x10A4,0x10A4,0x08C4,0x10A4,0x10C4,0x10A4,0x08C5,0x10A4,
  0x10C4,0x08A5,0x10C4,0x10C4,0x10C4,0x10C4,0x10C4,0x10C4,0x10C4,0x10C4,0x10C4,0x10C4,
  0x10C4,0x08C4,0x10A4,0x10C4,0x10A4,0x10C4,0x10A4,0x08C5,0x10A4,0x10C5,0x08C4,0x10C4,
  0x10A5,0x08C4,0x10A5,0x10C5,0x10A4,0x10C4,0x08A4,0x10C4,0x10C4,0x10C4,0x10C4,0x10C4,
  0x10C4,0x10C4,0x10C4,0x10C4,0x08A4,0x10C4,0x10A4,0x10C5,0x08A4,0x10A5,0x08A4,0x08A4,
  0x10A4,0x10A4,0x10C4,0x08A4,0x10C5,0x10A4,0x10C4,0x10A4,0x10C4,0x08A4,0x10C4,0x10C4,
  0x10C4,0x10C4,0x08A4,0x10C4,0x10A4,0x08C4,0x10A4,0x10C4,0x10A4,0x08C4,0x10A4,0x10C4,
  0x08C4,0x10C4,0x10A4,0x10C4,0x10A4,0x10C5,0x10A4,0x10C4,0x10A5,0x10C4,0x10A5,0x10C4,
  0x10C5,0x10C4,0x10C5,0x10C4,0x10C5,0x10C5,0x10C4,0x10C4,0x10C4,0x10C4,0x10A4,0x10C4,
  0x08A4,0x10C4,0x10A4,0x10C4,0x10A4,0x08C4,0x10A4,0x10A4,0x10A4,0x10A4,0x10A4,0x10A4,
  0x10A4,0x10A4,0x10A4,0x10A4,0x10A4,0x08A4,0x10A4,0x0884,0x10A4,0x10A4,0x10A4,0x10A4,
  0x10A4,0x08A4,0x10A4,0x08A4,0x10A3,0x08A4,0x10A4,0x10A4,0x08A4,0x10A3,0x08A4,0x1084,
  0x10A4,0x08A4,0x10A4,0x0884,0x10A4,0x0884,0x0884,0x10A3,0x0884,0x10A4,0x0884,0x10A4,
  0x0883,0x10A4,0x0884,0x10A3,0x1084,0x08A3,0x1084,0x08A3,0x10A4,0x08A3,0x10A4,0x10A4,
  0x10A4,0x08A4,0x1083,0x10A4,0x0883,0x08A4,0x1083,0x08A4,0x1084,0x08A3,0x1084,0x08A4,
  0x0884,0x10A3,0x0884,0x10A4,0x0883,0x10A4,0x0884,0x1083,0x0884,0x08A4,0x1083,0x08A4,
  0x0883,0x08A4,0x1084,0x0883,0x0884,0x0883,0x0884,0x0883,0x1083,0x0884,0x1083,0x0883,
  0x1084,0x0883,0x1083,0x0884,0x1083,0x0883,0x1084,0x0883,0x1083,0x0884,0x1083,0x0883,
  0x0883,0x1083,0x0884,0x1083,0x0883,0x1084,0x0883,0x1084,0x0883,0x1084,0x0883,0x1083,
  0x0884,0x1083,0x0883,0x1084,0x0883,0x0884,0x0883,0x0884,0x0883,0x0884,0x1083,0x0884,
  0x0883,0x0884,0x0883,0x1084,0x0883,0x1084,0x0883,0x1084,0x0883,0x10A4,0x0883,0x10A4,
  0x0883,0x10A4,0x0883,0x10A4,0x10A4,0x10A3,0x08A4,0x10A4,0x10A4,0x08A4,0x10A4,0x10A4,
  0x10A4,0x10A4,0x10A4,0x10A4,0x10A4,0x10A4,0x10A4,0x10A4,0x0883,0x1083,0x10A4,0x10A4,
  0x10A4,0x10A4,0x10A4,0x10A4,0x10A4,0x10A4,0x08A4,0x10A3,0x0884,0x10A3,0x10A4,0x10A4,
  0x10A4,0x10A4,0x08A3,0x10A4,0x10A4,0x10A4,0x08A3,0x10A4,0x08A3,0x10A3,0x10A4,0x10C4,
  0x10C4,0x10A4,0x08C4,0x10C4,0x10A4,0x10A4,0x10A4,0x08A3,0x10A4,0x10A4,0x10A4,0x08A4,
  0x10A3,0x08A4,0x10A3,0x10A4,0x10A4,0x10A4,0x10A4,0x10C4,0x10A4,0x10A4,0x10A4,0x08A4,
  0x10A4,0x10A4,0x10A4,0x10A4,0x10C4,0x10A4,0x10A4,0x10A4,0x10A4,0x10C4,0x10A4,0x10C4,
  0x10C5,0x10C4,0x10E5,0x18E4,0x10E5,0x10E4,0x18C4,0x10E4,0x10C4,0x10C4,0x10C4,0x10A4,
  0x10A4,0x10A4,0x10A4,0x10A4,0x10A4,0x10A4,0x10A4,0x10A5,0x10A4,0x10A4,0x10A4,0x10A4,
  0x10A5,0x10A4,0x10C5,0x10A4,0x10C4,0x10C4,0x10C4,0x10C4,0x10C4,0x10A4,0x10A4,0x08A4,
  0x10A4,0x10A4,0x10A4,0x10C4,0x10A5,0x10A4,0x10A4,0x10A5,0x10A4,0x08A5,0x10A4,0x10C4,
  0x10C4,0x10A4,0x10C4,0x10A4,0x10C4,0x10C4,0x10C4,0x10C4,0x10C4,0x10A4,0x10C4,0x10A4,
  0x10C4,0x10C4,0x10C4,0x10C4,0x10A4,0x10C4,0x10C4,0x10C4,0x10C4,0x10C4,0x10C4,0x10A4,
  0x10C4,0x10C4,0x10C4,0x10C4,0x10C5,0x10C4,0x10C4,0x10E5,0x18C4,0x10E5,0x18E5,0x18E5,
  0x18E4,0x18E5,0x10C5,0x18E4,0x10C4,0x10C4,0x10C4,0x10A4,0x10C4,0x10A3,0x10C4,0x10A4,
  0x08A3,0x10A4,0x08A3,0x10A4,0x08A3,0x10C4,0x10C4,0x10C4,0x10C4,0x10C4,0x10C4,0x10C4,
  0x10C4,0x10A4,0x10A4,0x10A3,0x10C4,0x10C4,0x08A4,0x10A3,0x08A4,0x10A3,0x10A4,0x10A4,
  0x08A3,0x10A4,0x08A3,0x10A4,0x10A4,0x10A4,0x08A3,0x10A4,0x10A4,0x10A4,0x10A4,0x08A4,
  0x1084,0x10A3,0x08A4,0x1084,0x08A3,0x1084,0x08A3,0x1084,0x0884,0x0883,0x1084,0x0884,
  0x10A4,0x0884,0x10A3,0x0884,0x10A4,0x10A4,0x08A4,0x10A3,0x0884,0x10A4,0x08A4,0x10A4,
  0x0884,0x10A3,0x0884,0x10A4,0x0883,0x10A4,0x0884,0x10A3,0x1084,0x0884,0x0883,0x1084,
  0x0883,0x0884,0x0883,0x10A4,0x0883,0x1084,0x0883,0x0884,0x1084,0x0883,0x1084,0x0883,
  0x1084,0x0883,0x1083,0x0884,0x1083,0x0883,0x1084,0x0883,0x1083,0x0884,0x1083,0x0883,
  0x1084,0x0883,0x1083,0x0884,0x1083,0x0883,0x1084,0x0883,0x0883,0x1084,0x0883,0x1083,
  0x0884,0x1083,0x0883,0x1084,0x0883,0x1083,0x0884,0x1083,0x0883,0x1084,0x0883,0x1083,
  0x0884,0x1083,0x0884,0x1083,0x0884,0x0883,0x0883,0x0884,0x10A3,0x1084,0x08A3,0x1084,
  0x08A3,0x0884,0x10A4,0x0883,0x0884,0x0883,0x1084,0x08A4,0x1083,0x08A4,0x1084,0x08A3,
  0x1084,0x08A4,0x1084,0x08A3,0x1084,0x10A3,0x0884,0x10A3,0x0884,0x10A3,0x1084,0x08A3,
  0x1084,0x10A4,0x0883,0x10A4,0x1084,0x10A4,0x1083,0x10A4,0x10A4,0x10A4,0x10A3,0x10A4,
  0x10A4,0x10A3,0x10A4,0x10A4,0x10A4,0x08A4,0x10C4,0x10C4,0x10C4,0x10E4,0x10C4,0x10C4,
  0x10A4,0x08A4,0x10A3,0x08A4,0x10A4,0x10C3,0x08A4,0x10A4,0x10C4,0x10A4,0x10C4,0x10A4,
  0x10C4,0x10A4,0x10A4,0x10A4,0x0884,0x10A4,0x10A4,0x10C4,0x10A4,0x10A3,0x10C4,0x10C4,
  0x10C4,0x10E4,0x10C4,0x10C4,0x10C4,0x10C4,0x10A4,0x10A4,0x08A3,0x10A4,0x08A4,0x10A4,
  0x10A4,0x10A4,0x08A4,0x10A4,0x10C4,0x10C5,0x18C5,0x10E5,0x1905,0x1905,0x2105,0x1905,
  0x1905,0x1906,0x1905,0x18E5,0x10E4,0x18C5,0x10C4,0x10C4,0x10C4,0x10A4,0x08A4,0x10A4,
  0x10C4,0x10A4,0x10A4,0x10C4,0x10A5,0x10C4,0x10A5,0x08C4,0x10A4,0x10A4,0x10C4,0x10C4,
  0x10C4,0x10C4,0x10C4,0x10E4,0x18E4,0x10E4,0x10C4,0x10C4,0x10A4,0x10C4,0x10A5,0x10C4,
  0x10C5,0x10C4,0x10A4,0x10C4,0x10A4,0x10C4,0x10C5,0x18C4,0x10C5,0x10C5,0x18E5,0x10C5,
  0x10E4,0x18C4,0x10C4,0x10C4,0x10C4,0x10A4,0x08A4,0x10C4,0x10A4,0x10C4,0x10C4,0x18E5,
  0x10E4,0x10E4,0x18E5,0x10E5,0x18C4,0x10C5,0x10C4,0x10C4,0x10C5,0x10C4,0x18E5,0x10E4,
  0x18E5,0x1905,0x1905,0x1905,0x1925,0x2105,0x1925,0x1905,0x1905,0x1905,0x1905,0x18E5,
  0x18E5,0x10E5,0x10C4,0x10C4,0x10C4,0x10A4,0x10C4,0x10C4,0x10A4,0x08A4,0x10A3,0x10A4,
  0x10C4,0x10C4,0x10C4,0x10E5,0x18E5,0x18E5,0x18E5,0x18E5,0x10E5,0x18E4,0x10C4,0x10C4,
  0x10C4,0x10A4,0x10A4,0x08A4,0x10A3,0x08A4,0x08A3,0x10A4,0x10A4,0x10C3,0x10C4,0x10C4,
  0x10C4,0x10C4,0x10A4,0x08A3,0x10A4,0x08A4,0x1083,0x10A4,0x08A4,0x10A4,0x10A4,0x10A4,
  0x10A4,0x10A4,0x10A4,0x08A4,0x10A3,0x08A4,0x0883,0x0883,0x0884,0x10A3,0x0884,0x10A4,
  0x0883,0x10A4,0x0883,0x10A4,0x10A4,0x08A3,0x1084,0x0883,0x10A4,0x0884,0x10A3,0x0884,
  0x10A4,0x0883,0x10A4,0x0884,0x08A3,0x1084,0x08A3,0x0884,0x10A3,0x0884,0x1084,0x0883,
  0x08A4,0x0883,0x10A4,0x0883,0x10A4,0x0883,0x08A4,0x0883,0x0883,0x0884,0x0883,0x0884,
  0x1083,0x0884,0x1083,0x0883,0x1084,0x0883,0x1083,0x0884,0x1083,0x0883,0x1084,0x0883,
  0x1083,0x0884,0x1083,0x0883,0x0883,0x1083,0x0884,0x1083,0x0883,0x1084,0x0883,0x1083,
  0x0884,0x1083,0x0883,0x1084,0x0883,0x1083,0x0884,0x1083,0x0884,0x0883,0x0883,0x0884,
  0x1083,0x0884,0x1083,0x0884,0x0883,0x0884,0x1083,0x0884,0x1084,0x0883,0x0884,0x10A3,
  0x0884,0x10A4,0x0883,0x10A4,0x0884,0x10A3,0x0884,0x10A4,0x08A4,0x10A4,0x10A4,0x10A4,
  0x08A4,0x10A4,0x08A4,0x10A4,0x10A4,0x10A4,0x10A4,0x10A4,0x10A4,0x10A4,0x10A4,0x10A3,
  0x10A4,0x10A4,0x10C4,0x10C4,0x18C4,0x10C4,0x10C4,0x10A4,0x10C4,0x10C4,0x10A4,0x10C3,
  0x10C4,0x18C4,0x18E4,0x18E5,0x1905,0x2105,0x18E5,0x18E4,0x18E4,0x18C4,0x10C4,0x18C4,
  0x10C4,0x10A4,0x18C4,0x10C4,0x10C4,0x18C4,0x10C4,0x18C4,0x10C4,0x10C4,0x10A4,0x10A4,
  0x10A3,0x10A4,0x10A4,0x10C4,0x10C4,0x10C4,0x18E5,0x1905,0x1905,0x1905,0x1905,0x18E5,
  0x18E5,0x10C4,0x10C4,0x10C4,0x10A4,0x08A4,0x10A4,0x10A4,0x10A4,0x10C4,0x10A4,0x10C5,
  0x18E4,0x1905,0x1925,0x2126,0x2146,0x2966,0x2167,0x2966,0x2967,0x2166,0x2146,0x2146,
  0x2125,0x1925,0x1905,0x1905,0x10E5,0x10C4,0x10C4,0x10C4,0x08A4,0x10A4,0x08A4,0x10A4,
  0x08A4,0x10A4,0x10A4,0x10A4,0x10A4,0x10C4,0x10C5,0x10E4,0x18E5,0x1905,0x1905,0x2105,
  0x1905,0x1905,0x18E4,0x10C4,0x10C4,0x10C4,0x10A4,0x10C4,0x10A4,0x10A4,0x10A4,0x10C4,
  0x10C5,0x10C5,0x18E5,0x1905,0x1905,0x2125,0x1925,0x2126,0x1925,0x1906,0x1905,0x18E4,
  0x10C4,0x10C4,0x10C4,0x10C4,0x10E4,0x18E5,0x1905,0x1905,0x2126,0x2126,0x2125,0x2126,
  0x1926,0x2125,0x1905,0x1905,0x18E5,0x1904,0x2105,0x2125,0x2126,0x2145,0x2946,0x2966,
  0x2946,0x2966,0x2967,0x2966,0x2946,0x2146,0x2125,0x2125,0x1906,0x2105,0x18E5,0x18E4,
  0x10C4,0x18C4,0x10C4,0x10C4,0x10A4,0x18C4,0x10C4,0x18E5,0x18E5,0x1905,0x2106,0x2125,
  0x2126,0x2126,0x2126,0x2125,0x2125,0x1905,0x18E5,0x18E5,0x10C4,0x10C4,0x10C4,0x10A4,
  0x10A4,0x10A4,0x18C4,0x10C4,0x10C4,0x18C4,0x10C4,0x18C4,0x10C4,0x10C4,0x10A4,0x10A3,
  0x10A4,0x10A4,0x10A3,0x10A4,0x1083,0x10A4,0x10C4,0x10A4,0x10E4,0x10C4,0x10C4,0x10C4,
  0x10A4,0x10A4,0x10A4,0x10A4,0x08A3,0x1084,0x08A3,0x1084,0x08A4,0x1083,0x08A4,0x10A4,
  0x0884,0x10A3,0x0884,0x10A4,0x0883,0x10A4,0x0884,0x1083,0x08A4,0x1084,0x08A3,0x1084,
  0x10A4,0x0883,0x1084,0x0883,0x1084,0x08A3,0x0884,0x1083,0x0884,0x1084,0x0883,0x0884,
  0x0883,0x1084,0x0883,0x1084,0x0883,0x1084,0x0883,0x0884,0x1083,0x0883,0x1084,0x0883,
  0x1083,0x0884,0x1083,0x0883,0x1084,0x0883,0x1083,0x0884,0x1083,0x0883,0x1084,0x0883,
  0x0883,0x1084,0x0883,0x1083,0x0884,0x1083,0x0883,0x1084,0x0883,0x1083,0x0884,0x1083,
  0x0884,0x1083,0x0883,0x1084,0x0883,0x0884,0x1083,0x0884,0x0883,0x0883,0x0884,0x0883,
  0x10A4,0x0883,0x08A4,0x0883,0x08A4,0x1083,0x0884,0x0883,0x1084,0x0883,0x0884,0x10A3,
  0x0884,0x10A4,0x0883,0x10A4,0x1083,0x08A4,0x1083,0x08A4,0x1083,0x10A4,0x1083,0x08A4,
  0x1083,0x10A4,0x1083,0x10A4,0x1083,0x10A4,0x1083,0x08A4,0x10A4,0x10C4,0x18C4,0x18E5,
  0x18E5,0x18E5,0x18C5,0x18E4,0x18C4,0x18C4,0x18C4,0x18E4,0x18E5,0x1905,0x2125,0x2125,
  0x2146,0x2126,0x2125,0x2126,0x1905,0x18E5,0x18E5,0x18E4,0x18E4,0x18C4,0x10E4,0x18E4,
  0x18E4,0x18E4,0x18E5,0x1904,0x18C5,0x18C4,0x10C4,0x10A4,0x10A4,0x10A4,0x10C4,0x10A4,
  0x18E4,0x1905,0x1905,0x2125,0x2146,0x2146,0x2125,0x1925,0x18E5,0x10E5,0x10C4,0x10C4,
  0x10A4,0x1084,0x10A4,0x08A4,0x10C4,0x10A4,0x10C4,0x18E5,0x1905,0x2126,0x2146,0x2987,
  0x29A7,0x31A7,0x29A8,0x31C7,0x29A8,0x31A7,0x2987,0x2987,0x2987,0x2967,0x2146,0x2126,
  0x1905,0x1905,0x10C4,0x10C4,0x10A4,0x10A4,0x10A4,0x10A4,0x10A4,0x08A4,0x10A4,0x08A4,
  0x10C4,0x10C4,0x18E5,0x18E5,0x1925,0x2125,0x2146,0x2145,0x2145,0x1925,0x1905,0x18E5,
  0x10C4,0x10C4,0x10A4,0x10C4,0x10A4,0x08A4,0x10A4,0x10C4,0x10C4,0x18E5,0x1905,0x2126,
  0x2166,0x2967,0x2167,0x2967,0x2146,0x2126,0x1905,0x1905,0x10E5,0x18E5,0x18E4,0x18E5,
  0x1905,0x1925,0x2126,0x2146,0x2167,0x2967,0x2187,0x2967,0x2166,0x2167,0x2146,0x2126,
  0x2145,0x2146,0x2146,0x2966,0x2986,0x3187,0x29A7,0x31A7,0x31A7,0x31A8,0x31A7,0x29A7,
  0x31A7,0x2987,0x2966,0x2966,0x2126,0x2125,0x1905,0x18E5,0x18E5,0x18C5,0x10C4,0x18C5,
  0x18E4,0x18E5,0x18E5,0x1905,0x2105,0x2126,0x2146,0x2146,0x2987,0x2987,0x2987,0x2967,
  0x2147,0x2146,0x2106,0x2105,0x18E5,0x18E5,0x18C4,0x18C4,0x10C4,0x18C4,0x10C5,0x18C4,
  0x18E4,0x18E5,0x18E5,0x18E5,0x18E4,0x18C4,0x10C4,0x10A4,0x10A4,0x10A3,0x1084,0x10A4,
  0x10A4,0x10A4,0x10C4,0x18C4,0x18E5,0x18E5,0x10E4,0x18C5,0x10C4,0x10C4,0x10A3,0x08A4,
  0x10A3,0x0884,0x0883,0x10A4,0x0884,0x10A4,0x0883,0x10A4,0x10A4,0x0884,0x10A3,0x0884,
  0x10A4,0x0883,0x1084,0x0883,0x10A4,0x0883,0x10A4,0x0883,0x08A4,0x1083,0x08A4,0x0884,
  0x0883,0x1084,0x08A3,0x1084,0x08A3,0x0884,0x10A3,0x0884,0x10A3,0x0884,0x10A4,0x0883,
  0x0884,0x0883,0x1084,0x0883,0x1083,0x0884,0x1083,0x0883,0x1084,0x0883,0x1083,0x0884,
  0x1083,0x0883,0x1084,0x0883,0x1083,0x0884,0x1083,0x0883,0x0863,0x0883,0x1083,0x0883,
  0x1083,0x0884,0x1083,0x0883,0x1084,0x0883,0x1083,0x0883,0x1083,0x0884,0x1083,0x0883,
  0x0884,0x1083,0x0884,0x0883,0x1084,0x0883,0x1084,0x0883,0x0884,0x1083,0x0884,0x1083,
  0x0884,0x10A3,0x08A4,0x10A4,0x0883,0x10A4,0x0883,0x0884,0x1083,0x0884,0x0883,0x0884,
  0x10A4,0x0884,0x10A4,0x0884,0x10A4,0x08A4,0x10A4,0x10A4,0x0883,0x10A4,0x0884,0x1083,
  0x0884,0x10A4,0x10A4,0x10C4,0x18C4,0xBDD8,0xEF7F,0xE77E,0xEF9F,0xF7BF,0x31C8,0x2125,
  0x10C4,0x1905,0x2125,0x18E5,0x2145,0x2105,0xDEFC,0xE75E,0xEF7E,0xEF9E,0xEF9F,0xEF9E,
  0x31C7,0x2145,0x2145,0x18C4,0x18E4,0x2125,0x1905,0x2105,0xE75E,0xEF7E,0xEF9F,0xEF7E,
  0xDEFC,0x1905,0x10A4,0x10A3,0x18E5,0x18C4,0x10C4,0x2105,0x1926,0x2125,0xAD96,0xE75E,
  0xE79E,0xF7DF,0xE75E,0xCE9B,0x2145,0x1905,0x1905,0x0883,0x10C4,0x1905,0x10A3,0x10C4,
  0x10C4,0x10C4,0x10C4,0x2146,0x7C11,0xEF9F,0xEF9F,0xEF9F,0xEF9F,0xEF9F,0xEFBF,0xEF9E,
  0xDF3D,0xEF7E,0xEF9E,0xD6FC,0xBE19,0x9D14,0x4AAB,0x2987,0x1905,0x2146,0x18E4,0x10C4,
  0x10C4,0x10C4,0x08A4,0x10C4,0x10A3,0x10A4,0x10A3,0x10C4,0x1905,0x0883,0x2126,0x1905,
  0xAD76,0xE77E,0xEF9F,0xE79E,0xE77E,0xCE9A,0x2146,0x2125,0x1925,0x10C4,0x0883,0x10C4,
  0x10C4,0x10C5,0x10C4,0x10A4,0x18E5,0x2146,0x8472,0xEF9F,0xEF9F,0xE77E,0xF7BF,0xE77E,
  0xEF9F,0xD6DB,0x1925,0x2146,0x2146,0x10E4,0x1905,0x2126,0x2125,0x1926,0x8452,0xEF9F,
  0xEF9E,0xE75E,0xEFBF,0xE77E,0xF7BF,0xD6FC,0x29A7,0x2987,0x31A7,0x2966,0x7C10,0xF7DF,
  0xE75E,0xEF9E,0xEF7E,0xEF9E,0xEF9E,0xE77E,0xEF9E,0xEF9E,0xEF7E,0xEF9E,0xEF7E,0xE79E,
  0xEF7E,0xF7BF,0xEF9F,0xEF7E,0x7BF0,0x1905,0x1905,0x18C4,0x10C4,0x2126,0x2966,0x18C4,
  0x2987,0x39E8,0x7BD0,0xB5D8,0xCE7A,0xE73E,0xE75E,0xD6DB,0xBE19,0x8411,0x31C8,0x2966,
  0x2146,0x18C4,0x2125,0x1905,0x2105,0x10C4,0x18E4,0x1905,0x7BF1,0xEF7E,0xF7BF,0xE77E,
  0xEF9E,0x5B0D,0x18E4,0x18C4,0x10A3,0x18E5,0x10A3,0x10A4,0x18E5,0x10A4,0x18E5,0xE75E,
  0xEF9E,0xEF9F,0xE77E,0xDF1D,0x1904,0x10C4,0x10C4,0x10A4,0x08A3,0x10A4,0x0883,0x1084,
  0x0883,0x0884,0x10A4,0x0883,0x0884,0x10A3,0x0884,0x10A4,0x0883,0x10A4,0x08A4,0x1083,
  0x0884,0x0884,0x1083,0x0884,0x1084,0x0883,0x0884,0x10A3,0x10A4,0x0884,0x1083,0x0884,
  0x1083,0x0884,0x0883,0x1084,0x0883,0x0883,0x0884,0x0883,0x1084,0x0883,0x0883,0x0884,
  0x1083,0x0883,0x1084,0x0883,0x1083,0x0884,0x1083,0x0883,0x1084,0x0883,0x1083,0x0884,
  0x0883,0x1083,0x0883,0x0863,0x0883,0x1063,0x0884,0x0863,0x1084,0x0883,0x1083,0x0884,
  0x1083,0x0883,0x1084,0x0883,0x1084,0x0883,0x1083,0x0884,0x1083,0x0884,0x0883,0x0883,
  0x0884,0x0883,0x0883,0x0884,0x0883,0x0884,0x1083,0x08A4,0x1083,0x0884,0x1083,0x0884,
  0x0884,0x0883,0x10A4,0x0883,0x08A4,0x1083,0x08A4,0x1083,0x08A4,0x1083,0x08A4,0x1083,
  0x08A4,0x1083,0x08A4,0x1084,0x1084,0x10A3,0x10A4,0x0884,0x1083,0x0884,0x10A4,0x18C4,
  0x10C4,0x8452,0xE77E,0xEF7E,0xE73D,0xEF9E,0x634D,0x2946,0x2146,0x2966,0x2145,0x2146,
  0x31A7,0x2987,0xE77E,0xEF7E,0xE77E,0xE75D,0xEF9E,0xEF7E,0x632D,0x31A7,0x2987,0x2966,
  0x2125,0x2166,0x2126,0x31C7,0xEF9E,0xE77E,0xEF9F,0xEF7E,0xA576,0x1905,0x18E4,0x18C4,
  0x18E5,0x10C4,0x18E5,0x2105,0x1904,0x2987,0xDF3D,0xF7DF,0xEF9E,0xD6FC,0xEFBF,0xEF9F,
  0x31E8,0x2146,0x1905,0x1905,0x18C4,0x08A3,0x0043,0x10A4,0x10C4,0x10C4,0x18E5,0x2146,
  0x7C11,0xEF9E,0xE79E,0xE77E,0xE75E,0xDF5D,0xEF7E,0xEFBF,0xEF9E,0xE77E,0xDF3D,0xE77E,
  0xEF7E,0xE77E,0xE77E,0xD6BC,0x4A8A,0x2146,0x2146,0x2126,0x10E4,0x10C4,0x10A4,0x10C4,
  0x10C4,0x08A4,0x10A4,0x10C5,0x10A4,0x1905,0x2125,0x29A8,0xE75D,0xE77E,0xE77D,0xE77E,
  0xF7BE,0xDF5D,0x4229,0x10C3,0x1905,0x2126,0x10C4,0x18E5,0x10C4,0x18C5,0x10C4,0x10C4,
  0x1905,0x2146,0x8453,0xEF9F,0xE79E,0xE75E,0xEF9F,0xE77E,0xEFBF,0xE75E,0x39E8,0x2966,
  0x2967,0x2146,0x2146,0x2166,0x2987,0x31A7,0xBE39,0xEF9E,0xE79E,0xE77E,0xEF9E,0xDF5E,
  0xEF7E,0xD6DC,0x31E8,0x31C8,0x31C7,0x3A08,0x7BF0,0xE73D,0xE77D,0xF7DF,0xEFBE,0xE77E,
  0xE77E,0xEF7D,0xE79E,0xEF7E,0xE79E,0xEF7D,0xE79E,0xEF9E,0xEF7E,0xEF9F,0xE77E,0xE75E,
  0x73D0,0x1905,0x18E4,0x2146,0x2125,0x2125,0x18E5,0x31C8,0xAD97,0xE75E,0xEF9F,0xEF9F,
  0xF7BF,0xE77E,0xDEFC,0xEF7E,0xE77E,0xEF9F,0xEF9F,0xB5D8,0x2146,0x2966,0x2106,0x10A4,
  0x2146,0x10A4,0x31A7,0x2146,0x7BF0,0xE77E,0xEF9E,0xE77D,0xEF7E,0x5B0C,0x2105,0x18E4,
  0x10C4,0x18C4,0x10C4,0x10A4,0x1905,0x18C4,0x1905,0xE75E,0xE77E,0xE79E,0xE77E,0xDF1D,
  0x1905,0x10E4,0x10C4,0x10A3,0x10A4,0x08A3,0x1084,0x08A3,0x1084,0x0883,0x10A4,0x0884,
  0x10A3,0x0884,0x10A4,0x0883,0x10A4,0x0884,0x1083,0x08A4,0x1083,0x08A4,0x0884,0x10A3,
  0x0884,0x08A3,0x1084,0x0884,0x0883,0x10A4,0x0883,0x08A4,0x0884,0x1083,0x0884,0x0883,
  0x0884,0x1083,0x0884,0x0883,0x0883,0x0884,0x1083,0x0884,0x0883,0x1084,0x0883,0x1083,
  0x0884,0x1083,0x0883,0x1084,0x0883,0x1083,0x0884,0x1083,0x0883,0x0863,0x1084,0x0883,
  0x0883,0x0883,0x1083,0x0883,0x1083,0x0884,0x1083,0x0883,0x1084,0x0883,0x1083,0x0884,
  0x1083,0x0883,0x1084,0x0883,0x0883,0x0884,0x1083,0x0884,0x1083,0x0884,0x1083,0x0884,
  0x1083,0x0883,0x0884,0x0883,0x0884,0x1084,0x08A3,0x1084,0x08A3,0x1084,0x0884,0x1083,
  0x0884,0x1084,0x0883,0x0884,0x1083,0x08A4,0x1083,0x08A4,0x1084,0x10A4,0x10A4,0x08A3,
  0x1084,0x0884,0x1083,0x1084,0x0883,0x10A4,0x10A4,0x10C4,0x18C4,0x4A6A,0xEF7E,0xEFBF,
  0xDF3D,0xEF7E,0xA556,0x29A6,0x3187,0x2986,0x2966,0x3187,0x31C7,0x5ACB,0xEFBE,0xEF7E,
  0xEF9E,0xE75D,0xEF7E,0xEFBE,0xA556,0x39C8,0x31C7,0x31A7,0x2987,0x3186,0x2966,0x632D,
  0xEF7E,0xE75D,0xEF9E,0xEF7E,0x6B6E,0x2105,0x2126,0x1905,0x18E5,0x18C4,0x2125,0x2146,
  0x31C8,0x738E,0xEFBF,0xE75D,0xEFBF,0xE75D,0xEF9E,0xE77E,0x94D3,0x2987,0x2946,0x2125,
  0x18E4,0x10C4,0x18E4,0x18C4,0x10C4,0x18C4,0x18E5,0x2966,0x7C11,0xEF7F,0xEF9E,0xE77E,
  0xEFBE,0xEF9E,0xEF9E,0xDF1C,0xEF9E,0xEFDF,0xEF7D,0xEF9E,0xDF3D,0xF7FF,0xE75E,0xEFBE,
  0xE75E,0x5B0C,0x2126,0x1905,0x20E5,0x18E4,0x10C4,0x10C4,0x10A4,0x10A4,0x18C4,0x18E4,
  0x2126,0x2126,0x2987,0x634E,0xEF9E,0xEFBE,0xDF1C,0xF7DF,0xE75D,0xE75D,0x9D14,0x2987,
  0x2126,0x2105,0x1905,0x0863,0x10A4,0x18E4,0x18C5,0x18E4,0x2126,0x2966,0x8C72,0xEF7E,
  0xEF7F,0xE77E,0xE77E,0xE75D,0xE77E,0xEF9E,0x5B2D,0x31A7,0x29A7,0x3187,0x2986,0x3187,
  0x31C8,0x3A08,0xF79F,0xE77E,0xE75E,0xF7BF,0xE77E,0xE75D,0xE77E,0xD6FB,0x4209,0x4229,
  0x31A7,0x4229,0x8411,0xEF9E,0xEF9E,0xE73D,0xDF1C,0xEF7E,0xEF7D,0xE77E,0xEF7D,0xE77D,
  0xEF7E,0xEF7E,0xEF7D,0xE77E,0xE77E,0xE75E,0xEF7E,0xE75D,0x8431,0x2946,0x18E4,0x2105,
  0x2967,0x2946,0x31C8,0xDEFC,0xE75D,0xEF7E,0xF7BF,0xE75D,0xE75D,0xEF9F,0xEF9E,0xEF9F,
  0xEF7E,0xDF1C,0xEF7E,0xF7BF,0xEF7E,0x1904,0x2125,0x31C8,0x2105,0x2966,0x18E4,0x2125,
  0x7BF0,0xEF7E,0xEF9E,0xEF5E,0xEF9E,0x5B0C,0x2126,0x2105,0x18E4,0x18E5,0x18C4,0x18E4,
  0x2105,0x18E5,0x2946,0xE75E,0xE77E,0xEF9E,0xE77D,0xDF1D,0x1924,0x18E5,0x10C4,0x10C4,
  0x08A3,0x10A4,0x0884,0x0883,0x08A4,0x1083,0x08A4,0x1084,0x08A4,0x1083,0x08A4,0x1084,
  0x08A3,0x1084,0x08A4,0x10A4,0x0883,0x1084,0x0883,0x0884,0x1083,0x0884,0x0883,0x10A4,
  0x0883,0x0884,0x1083,0x0884,0x10A3,0x0884,0x0883,0x1083,0x0884,0x0883,0x0883,0x1084,
  0x0883,0x0884,0x0883,0x0884,0x1083,0x0883,0x1084,0x0883,0x1083,0x0884,0x1083,0x0883,
  0x1084,0x0883,0x1083,0x0883,0x1084,0x0883,0x1083,0x0863,0x0863,0x1084,0x0863,0x0884,
  0x1083,0x0883,0x1084,0x0883,0x1083,0x0884,0x1083,0x0883,0x1084,0x0883,0x1083,0x0884,
  0x1083,0x0884,0x0883,0x0884,0x0883,0x0884,0x0883,0x0883,0x0884,0x1083,0x0884,0x1083,
  0x08A4,0x0883,0x0884,0x1083,0x0884,0x08A3,0x1084,0x08A3,0x0884,0x08A3,0x1084,0x08A3,
  0x0884,0x1083,0x0884,0x10A3,0x0884,0x08A3,0x1084,0x08A4,0x1084,0x1084,0x08A4,0x1083,
  0x0884,0x10A3,0x10A4,0x18C4,0x1905,0x2967,0xE75D,0xF7DF,0xE75D,0xEF9E,0xD6DB,0x31C7,
  0x31A7,0x31C7,0x31C7,0x4209,0x39E8,0x94D3,0xEF9F,0xE75D,0xEF7D,0xE77E,0xE75D,0xF79F,
  0xD6FB,0x31A7,0x3A08,0x39C8,0x39E8,0x31C7,0x31A7,0x9CF4,0xEF7E,0xEF7D,0xE75E,0xEF7E,
  0x31E8,0x2105,0x2146,0x2104,0x2125,0x18E5,0x2967,0x2966,0x2966,0xC659,0xF7BF,0xDF5C,
  0xE75D,0xEFBE,0xDF1D,0xEF9E,0xE75D,0x2966,0x29A7,0x18C4,0x10A4,0x18C4,0x2126,0x10A3,
  0x18E5,0x18E4,0x1905,0x2967,0x7C11,0xEF7E,0xEF7E,0xEF9E,0xE77E,0xDF1D,0xF7FF,0xEF9E,
  0xE77D,0xE75D,0xE77E,0xEF9E,0xFFFF,0xD6DB,0xEF7E,0xDF3D,0xEF7E,0xF7DF,0x4229,0x2966,
  0x1905,0x18E5,0x18C4,0x18C4,0x10C4,0x10C4,0x10C4,0x18E5,0x1905,0x2105,0x31C8,0xC65A,
  0xE75D,0xF7BF,0xE75D,0xE75D,0xE77D,0xEF9E,0xDF1C,0x3A08,0x2966,0x10A4,0x2125,0x18C5,
  0x10C4,0x18C5,0x10E4,0x18E5,0x2946,0x2987,0x8C73,0xE77E,0xEF9E,0xEF9F,0xEF7D,0xEF9E,
  0xDF3D,0xE75D,0xA535,0x3A09,0x39C8,0x31E8,0x31A7,0x3A09,0x3A08,0x528B,0xEFBF,0xEF9E,
  0xDF3D,0xEFBE,0xEF7E,0xEF9E,0xEF7E,0xD6FC,0x4249,0x4229,0x4249,0x4229,0x7BD0,0xE75D,
  0xEF7E,0xE77D,0xFFFF,0xEF9E,0xEF9E,0xEF7E,0xEF7E,0xEF9E,0xEF7E,0xE77D,0xEF7E,0xEF5D,
  0xE75D,0xF7BF,0xF7DF,0xE73D,0x73CF,0x2125,0x18E4,0x2966,0x2105,0x4229,0xC659,0xEF7E,
  0xF79F,0xE75D,0xE75E,0xE75D,0xEF9E,0xDEFC,0xF7DF,0xE75D,0xEF7E,0xF7DF,0xEF7E,0xE75D,
  0xE75D,0xE73E,0x31A7,0x18E4,0x31A7,0x2987,0x3187,0x2987,0x7BCF,0xEF9E,0xEF7E,0xE77D,
  0xEF7E,0x5B0C,0x2966,0x2146,0x2105,0x2105,0x1904,0x18E5,0x2126,0x2145,0x3187,0xE75E,
  0xEF7D,0xE79E,0xE75E,0xDF3D,0x2145,0x1905,0x18E4,0x10C4,0x1084,0x08A3,0x1084,0x0883,
  0x1084,0x0884,0x10A4,0x0884,0x10A3,0x0884,0x10A4,0x0883,0x10A4,0x0884,0x10A3,0x0884,
  0x0883,0x10A4,0x0883,0x10A4,0x0883,0x10A4,0x0883,0x1084,0x0883,0x10A4,0x0884,0x0883,
  0x0884,0x0883,0x0884,0x0883,0x0884,0x1083,0x0884,0x0883,0x1084,0x0883,0x1084,0x0883,
  0x1083,0x0884,0x1083,0x0883,0x1084,0x0883,0x1083,0x0884,0x1083,0x0883,0x1084,0x0883,
  0x1083,0x0863,0x0884,0x0883,0x0883,0x0883,0x1083,0x0863,0x1084,0x0883,0x1083,0x0884,
  0x1083,0x0883,0x1084,0x0883,0x1083,0x0884,0x1083,0x0883,0x0884,0x0883,0x1084,0x0883,
  0x1083,0x0884,0x1083,0x0884,0x0883,0x0884,0x0883,0x0884,0x1083,0x0884,0x10A3,0x0884,
  0x1083,0x0884,0x0883,0x1084,0x0883,0x1084,0x0883,0x1084,0x08A3,0x0884,0x1084,0x0883,
  0x10A4,0x0884,0x10A3,0x0884,0x1083,0x1084,0x10A4,0x0883,0x1084,0x1083,0x10A4,0x10C4,
  0x2125,0x2146,0xC67A,0xEF7E,0xEF9E,0xEF9E,0xE75D,0x31E8,0x39E8,0x39E8,0x4229,0x4229,
  0x3A08,0xD69B,0xEF9E,0xEF9E,0xE75E,0xEF9E,0xE73C,0xE77E,0xEF7E,0x39E7,0x4229,0x39E8,
  0x4229,0x39E8,0x31C7,0xD69B,0xE75D,0xEF9E,0xEF7E,0xDF3C,0x2966,0x2946,0x2145,0x18E5,
  0x2125,0x2145,0x3187,0x2966,0x39E8,0xEF7E,0xE75D,0xEF9E,0xC659,0xCEBA,0xE75D,0xEF9E,
  0xEF9E,0x5B0D,0x31C7,0x2946,0x1905,0x10C3,0x1905,0x10A4,0x18E5,0x2105,0x2145,0x31A7,
  0x7C11,0xEF9E,0xE77E,0xEF7E,0xEFBE,0x5B2C,0x39E8,0x3A08,0x4229,0x4229,0x3A28,0x31C7,
  0x7C31,0xEF7E,0xE75D,0xF7FF,0xE75D,0xEF9E,0xCEBB,0x2146,0x2946,0x1925,0x18E4,0x18C4,
  0x18C4,0x10C4,0x18C4,0x1905,0x20E5,0x2987,0x39E8,0xF7DF,0xDF3C,0xE73D,0xDF3C,0xBE38,
  0xE75E,0xF7BE,0xE75D,0x5B2D,0x39E8,0x2125,0x1905,0x2125,0x10C4,0x18E5,0x18E5,0x2125,
  0x2987,0x31A8,0x8C92,0xEF7E,0xE77E,0xEF9E,0xE75E,0xEFDF,0xEF7E,0xE77D,0xD6FB,0x39E8,
  0x3A08,0x4249,0x39E8,0x4229,0x424A,0x8C92,0xE75E,0xEF9E,0xEF9E,0xEF7E,0xE77E,0xEF9E,
  0xE77E,0xDEFC,0x426A,0x4249,0x4229,0x424A,0x8431,0xEF9E,0xE75E,0xEF7E,0xD6DC,0x52CB,
  0x4A4A,0x4249,0x4229,0x3A09,0x3A08,0x39E8,0x31E8,0x39E8,0x29A7,0x2145,0x18E4,0x2966,
  0x2146,0x2966,0x2967,0x2946,0x2987,0x73AF,0xEF5E,0xE77E,0xEF9E,0xEF9E,0xDEDC,0x7C10,
  0x2966,0x4229,0x4249,0x2987,0x8C92,0xE75D,0xEF9E,0xEF9F,0xE75D,0xE75D,0x7C10,0x31C8,
  0x3166,0x2987,0x2945,0x422A,0x7BCF,0xEF9E,0xEF7E,0xE77D,0xEF7E,0x5B0C,0x31A7,0x3186,
  0x2146,0x2125,0x2126,0x2945,0x2966,0x2987,0x39C8,0xE75D,0xE77D,0xEF9E,0xE77D,0xDF5D,
  0x2146,0x2145,0x18E5,0x10C4,0x08A3,0x10A4,0x0883,0x08A4,0x0883,0x1083,0x08A4,0x1084,
  0x08A4,0x1083,0x08A4,0x1084,0x08A3,0x1084,0x08A4,0x1083,0x0884,0x0883,0x1084,0x0883,
  0x0884,0x0884,0x1083,0x08A4,0x0884,0x0883,0x10A4,0x0883,0x1083,0x0884,0x1083,0x0883,
  0x0884,0x0883,0x0884,0x0883,0x0884,0x0883,0x0883,0x0884,0x1083,0x0883,0x1084,0x0883,
  0x1083,0x0884,0x1083,0x0883,0x1084,0x0883,0x1083,0x0884,0x0883,0x1083,0x0883,0x1063,
  0x0863,0x1083,0x0884,0x0883,0x1083,0x0884,0x1083,0x0883,0x1084,0x0883,0x1083,0x0884,
  0x1083,0x0883,0x1084,0x0883,0x1083,0x0884,0x0883,0x0884,0x0883,0x0884,0x0883,0x1084,
  0x0883,0x0883,0x0883,0x0884,0x0883,0x0884,0x0883,0x1084,0x08A4,0x1083,0x08A4,0x1084,
  0x08A3,0x0884,0x10A4,0x0883,0x1084,0x08A3,0x0884,0x0884,0x0883,0x10A4,0x0884,0x10A3,
  0x0884,0x1084,0x10A3,0x1084,0x0883,0x10A4,0x10A4,0x10C4,0x20E5,0x2986,0x94B3,0xE75D,
  0xEFBE,0xE77E,0xE75D,0x52AA,0x4209,0x4208,0x4229,0x3A08,0x4A6A,0xEF9E,0xE75D,0xEF7E,
  0xF7BE,0xEF9E,0xE75E,0xEF7D,0xEF9E,0x5B0D,0x4249,0x4209,0x3A28,0x4208,0x39E8,0xEF7E,
  0xE75D,0xEFBF,0xE75D,0xBDD7,0x2987,0x2966,0x2966,0x2125,0x2126,0x2966,0x2967,0x31A7,
  0x8CB3,0xEF9E,0xDF3C,0xEF9E,0x8431,0x73CF,0xEF9E,0xEF7E,0xE77E,0xC639,0x2966,0x2987,
  0x2966,0x2105,0x18E4,0x2105,0x1905,0x2125,0x2146,0x31A7,0x7C31,0xEF7E,0xE77E,0xEF9E,
  0xE75D,0x52AB,0x4249,0x528B,0x4249,0x31E8,0x4229,0x4208,0x3A28,0x29A6,0xDF1C,0xF7BF,
  0xDF1C,0xE75D,0xEF9F,0x6B8E,0x2966,0x2146,0x2105,0x18E5,0x10C4,0x18E4,0x18E5,0x2125,
  0x31A8,0x2987,0x8C72,0xE75E,0xE75D,0xE75D,0x7C30,0x7BF0,0xEF9E,0xDF3D,0xEF9E,0xBE18,
  0x2986,0x2966,0x2146,0x18C4,0x18E5,0x1904,0x2105,0x2126,0x3187,0x31C8,0x8C92,0xE77E,
  0xEF7E,0xE77E,0xE75D,0xDF1C,0xF7DF,0xEF7E,0xE77D,0x31C7,0x4229,0x4A6A,0x4229,0x39E8,
  0x4A8B,0xD6BB,0xE77E,0xEF7E,0xEFBE,0xD6DB,0xEF9E,0xE77E,0xE77D,0xD6DC,0x4A8A,0x4A6A,
  0x528B,0x4229,0x7BF0,0xE75E,0xE75D,0xF7BF,0xF7DF,0x5AEC,0x4A8B,0x4A6A,0x4A6A,0x422A,
  0x4209,0x3A08,0x39C8,0x39C8,0x3187,0x31A7,0x2966,0x2946,0x18C4,0x2126,0x2966,0x31A7,
  0x39C8,0xA556,0xEF9E,0xE75D,0xEF9F,0xE75D,0x2166,0x4A4A,0x4A8B,0x528B,0x52CC,0x4A4A,
  0x39E8,0x73D0,0xF79F,0xDF1C,0xEF9F,0xEF7E,0xCE7A,0x2966,0x2987,0x39E8,0x31C8,0x2966,
  0x73EF,0xF7BF,0xE77D,0xEF7E,0xEF7E,0x5B0C,0x39E8,0x31A7,0x3187,0x2966,0x2987,0x2987,
  0x3187,0x31C7,0x39E9,0xE73D,0xE77E,0xE77D,0xE77D,0xE75D,0x2986,0x2146,0x1925,0x10C4,
  0x10A3,0x08A4,0x1083,0x0884,0x10A4,0x0884,0x10A4,0x0884,0x10A3,0x0884,0x10A4,0x0883,
  0x10A4,0x0883,0x10A4,0x08A4,0x1083,0x08A4,0x0884,0x10A3,0x0884,0x10A3,0x0884,0x0883,
  0x1084,0x0883,0x0883,0x0884,0x0883,0x0883,0x0884,0x0883,0x1083,0x0884,0x1083,0x0883,
  0x1084,0x0883,0x1084,0x0883,0x1084,0x0883,0x1083,0x0884,0x1083,0x0883,0x1084,0x0883,
  0x1083,0x0884,0x1083,0x1083,0x0884,0x1063,0x0884,0x0883,0x0883,0x0863,0x1083,0x0863,
  0x1084,0x0883,0x1084,0x0883,0x1083,0x0884,0x1083,0x0883,0x1084,0x0883,0x1083,0x0884,
  0x0883,0x0884,0x1083,0x0883,0x1084,0x0883,0x0884,0x0883,0x0883,0x0864,0x1083,0x0884,
  0x1083,0x0883,0x0884,0x0883,0x0884,0x0883,0x1084,0x0883,0x1084,0x0883,0x0884,0x08A3,
  0x0884,0x1083,0x0884,0x10A3,0x0884,0x10A3,0x0884,0x10A4,0x1084,0x0884,0x1084,0x0883,
  0x1084,0x1083,0x10A4,0x10C4,0x18E5,0x2987,0x52CC,0xE75D,0xEF9E,0xE75D,0xE77D,0x7C10,
  0x4229,0x4249,0x4249,0x4229,0x738E,0xF7BF,0xE75D,0xEF7D,0xDF3D,0xCE79,0xEF9E,0xEF9E,
  0xEF9E,0xA535,0x4A6A,0x4249,0x4209,0x4229,0x52AA,0xEF9E,0xE75D,0xEF7E,0xE75D,0x73CF,
  0x39E8,0x2966,0x2967,0x2946,0x2946,0x2966,0x3187,0x4229,0xDEFC,0xEF9E,0xF7DF,0xE77D,
  0x4229,0x31A7,0xE73D,0xEFBE,0xEF7E,0xE77D,0x3A29,0x2145,0x2146,0x2125,0x1905,0x18E4,
  0x1905,0x2145,0x2967,0x31C7,0x8431,0xEF7E,0xE77D,0xEF9E,0xEF9E,0x5AEC,0x4249,0x39E8,
  0x39E8,0x3A08,0x4229,0x31C7,0x4A4A,0x31A7,0x52CB,0xDF3D,0xF7DF,0xE77D,0xE75E,0xDEFC,
  0x31A7,0x2966,0x2125,0x1905,0x1905,0x20E5,0x2125,0x2146,0x3187,0x31C8,0xE73D,0xE77D,
  0xF7FF,0xEF9E,0x31A7,0x3A08,0xF7BE,0xE75D,0xEF7E,0xF7BF,0x31A7,0x2146,0x31A8,0x2125,
  0x1905,0x2105,0x1905,0x2146,0x31A7,0x39E8,0x8C93,0xEF7E,0xEF9E,0xE77E,0xE75D,0xA555,
  0xEF9E,0xEF9E,0xE75D,0x5B0D,0x4A6A,0x4249,0x424A,0x3A08,0x52AB,0xEFBE,0xEF7E,0xE77D,
  0xDF1C,0xAD97,0xEF9E,0xEF7E,0xE77D,0xDEDB,0x4AAB,0x4A8B,0x4A4A,0x424A,0x7C11,0xF7BF,
  0xEFBF,0xE71D,0xE75D,0x5AED,0x4A8B,0x4A6B,0x4A4A,0x4249,0x3A09,0x39E9,0x39C8,0x31C7,
  0x3187,0x2966,0x2146,0x2966,0x2125,0x2966,0x2145,0x2946,0x31A7,0xC659,0xFFDF,0xE75D,
  0xE75D,0xCE7A,0x4A6A,0x52AB,0x4A6A,0x4A6A,0x4A49,0x4A8A,0x4A6A,0x4A6A,0xD6BB,0xFFFF,
  0xE75D,0xF7DF,0xEF9E,0x3187,0x31C7,0x3187,0x4A49,0x3A08,0x7BCF,0xEFBF,0xE75D,0xEF7D,
  0xEF9E,0x5AEC,0x4209,0x39E8,0x31C7,0x31A7,0x39C8,0x39C7,0x39C8,0x3A09,0x4229,0xDF3D,
  0xEF7D,0xE79E,0xE77D,0xE75D,0x29A6,0x2986,0x1905,0x10C4,0x10A4,0x0883,0x10A4,0x0883,
  0x0884,0x1083,0x08A4,0x1084,0x08A4,0x1083,0x08A4,0x1084,0x08A4,0x1084,0x08A3,0x1084,
  0x0884,0x1083,0x0884,0x0883,0x1084,0x0884,0x0883,0x10A4,0x0883,0x0884,0x1083,0x0884,
  0x1084,0x0883,0x0863,0x0884,0x0883,0x0884,0x0883,0x0884,0x0883,0x0884,0x0883,0x0884,
  0x1083,0x0883,0x1084,0x0883,0x1083,0x0884,0x1083,0x0883,0x1084,0x0883,0x1084,0x0883,
  0x0883,0x0883,0x1083,0x0863,0x0883,0x1083,0x0884,0x0883,0x1083,0x0883,0x1083,0x0884,
  0x1083,0x0883,0x1084,0x0883,0x1083,0x0884,0x1083,0x0883,0x1084,0x0883,0x0884,0x0883,
  0x0884,0x0883,0x1083,0x0884,0x0883,0x0884,0x0863,0x0883,0x0884,0x1083,0x0884,0x1083,
  0x0884,0x10A3,0x0884,0x08A4,0x0883,0x10A4,0x0883,0x1084,0x0883,0x0884,0x1083,0x0884,
  0x1083,0x0884,0x10A3,0x0884,0x1083,0x1084,0x10A4,0x0883,0x1084,0x08A4,0x10A4,0x18C4,
  0x18E5,0x2986,0x31A7,0xEFBE,0xEF7E,0xE77D,0xEFBF,0xAD75,0x4249,0x4A6A,0x4A6A,0x528B,
  0x94F3,0xEF9E,0xEF9E,0xE75D,0xB5D7,0x94D3,0xE75D,0xE75D,0xEF9E,0xDF1B,0x4A8A,0x4A6A,
  0x4A6A,0x4A8A,0x634D,0xEF7E,0xEF9E,0xEF7E,0xE73D,0x4249,0x39E8,0x2125,0x3187,0x2986,
  0x2146,0x3187,0x31C7,0x52AB,0xF7DF,0xE73D,0xE75D,0xDF1C,0x426A,0x52AB,0xDF5D,0xE73D,
  0xEF9E,0xE75D,0x8C72,0x31C8,0x2945,0x2146,0x2146,0x2104,0x1925,0x2946,0x2966,0x31C8,
  0x8431,0xE77E,0xEF7E,0xEF9E,0xE77E,0x52CB,0x3A29,0x39E7,0x4229,0x31A7,0x31A7,0x3A08,
  0x2987,0x4249,0x4229,0xD6BA,0xE75D,0xEF9E,0xF7BF,0xDF3C,0x31C8,0x2987,0x2146,0x2125,
  0x2105,0x1905,0x2126,0x2966,0x2987,0x5AEC,0xEF9E,0xE75E,0xEF7E,0xD6DB,0x5AEC,0x4AAA,
  0xCE9B,0xF7DF,0xDF5C,0xEFBE,0x8451,0x3A08,0x2105,0x2146,0x2125,0x2106,0x2125,0x2146,
  0x31A7,0x39E8,0x8CB2,0xE77E,0xEF7E,0xE77D,0xE77D,0x73F0,0xE73D,0xEFBE,0xEFBF,0xA555,
  0x52CB,0x4229,0x52AB,0x4AAB,0x52AB,0xEF7E,0xE77D,0xEF9E,0xC659,0x8C92,0xEF9E,0xEF9E,
  0xEF9E,0xD6FB,0x52AB,0x4A8A,0x4A4A,0x52AB,0x7C11,0xE73D,0xEF9F,0xEF7E,0xEF7E,0x5AEC,
  0x528B,0x4A8A,0x4A6B,0x4229,0x4209,0x39E8,0x39C8,0x31C8,0x31A7,0x2966,0x2146,0x2945,
  0x1904,0x2946,0x2125,0x31A7,0x31C7,0xC618,0xE75D,0xEFBF,0xE73C,0xEF7E,0x4A8A,0x4A6A,
  0x52CB,0x4A6A,0x4A8B,0x4A4A,0x4A6A,0x4249,0xAD56,0xDF3C,0xEF9E,0xEF7E,0xE73D,0x4228,
  0x3A09,0x2966,0x39E8,0x39E8,0x73CF,0xF7BF,0xE77D,0xEF7E,0xEF9E,0x5AEC,0x4229,0x3A08,
  0x41E8,0x31E8,0x39E8,0x3A09,0x39E8,0x4229,0x4249,0xE71D,0xE77E,0xEF7D,0xE77E,0xE77D,
  0x29A7,0x2986,0x2125,0x10C4,0x10A3,0x08A4,0x0883,0x1084,0x0883,0x0884,0x10A4,0x0884,
  0x10A3,0x0884,0x10A4,0x0883,0x10A4,0x0883,0x10A4,0x08A3,0x1084,0x08A3,0x1084,0x08A3,
  0x0884,0x10A3,0x0884,0x0883,0x1084,0x0883,0x0884,0x0883,0x0883,0x0884,0x0883,0x0863,
  0x1084,0x0883,0x1084,0x0883,0x1084,0x0883,0x1083,0x0884,0x0883,0x1083,0x0883,0x1084,
  0x0883,0x1083,0x0884,0x1083,0x0883,0x1083,0x0883,0x1084,0x1083,0x0863,0x1084,0x0883,
  0x0863,0x0883,0x1063,0x0883,0x0884,0x1083,0x0883,0x0883,0x1084,0x0883,0x1083,0x0884,
  0x1083,0x0883,0x1084,0x1083,0x0883,0x1084,0x1083,0x0883,0x1083,0x1084,0x0883,0x1084,
  0x1083,0x1083,0x0884,0x1083,0x0883,0x1084,0x0883,0x1083,0x0884,0x0883,0x1084,0x0883,
  0x1084,0x0883,0x10A4,0x0884,0x1083,0x08A4,0x0883,0x08A4,0x0884,0x1083,0x0884,0x0883,
  0x10A4,0x08A4,0x1083,0x0884,0x1083,0x10A3,0x10A4,0x18C4,0x2125,0x2146,0x39E8,0xCEBB,
  0xEF7E,0xEF9E,0xE75D,0xE75D,0x4A4A,0x52AB,0x52AB,0x52CB,0xD69A,0xEF9E,0xEF7E,0xEF7D,
  0x73AF,0x4A8A,0xF7BF,0xEF9E,0xE75D,0xEF7E,0x2966,0x4A6A,0x4A8A,0x4A6A,0xAD76,0xEF7E,
  0xE77D,0xEF7E,0xE75D,0x39E8,0x39E8,0x2986,0x3187,0x2986,0x2945,0x39E8,0x39E8,0xB597,
  0xEFBE,0xDF3D,0xE77D,0xA535,0x4AAB,0x5AEC,0x8C92,0xEF9E,0xE77E,0xE77E,0xE73D,0x2986,
  0x39E8,0x2987,0x2125,0x2125,0x2126,0x2966,0x29A7,0x39C8,0x7C30,0xEF7E,0xE79D,0xEF7D,
  0xE77D,0x5AEC,0x3A08,0x39E8,0x31A7,0x29A7,0x2987,0x3187,0x31C7,0x31C8,0x4229,0x7C11,
  0xEF7E,0xEFBF,0xE77D,0xEF7E,0x6BAF,0x3186,0x31C7,0x2146,0x2125,0x2145,0x2146,0x39C8,
  0x31C7,0xB5D8,0xDF3D,0xEF7E,0xEF9E,0x94D3,0x52EC,0x52CB,0x8C72,0xEFBF,0xEF7E,0xE75E,
  0xDEFC,0x31E8,0x31C8,0x2966,0x2146,0x2125,0x2146,0x2966,0x31C7,0x39E8,0x8C72,0xEF7E,
  0xE79E,0xEF7E,0xDF3D,0x4208,0xEFBF,0xDF1C,0xEF7E,0xE75D,0x4AAB,0x4A8A,0x52AB,0x4229,
  0x9CF4,0xEF9E,0xEFBE,0xE73D,0x73F0,0xA575,0xE75D,0xE75D,0xE75D,0xDEFC,0x4AAB,0x52AB,
  0x4A8A,0x4A6A,0x7C11,0xEF7D,0xEF9E,0xE79E,0xEFBE,0x52EC,0x52AB,0x4A8A,0x4A6A,0x424A,
  0x4249,0x4209,0x3A08,0x39E8,0x29A7,0x2986,0x2126,0x2145,0x2146,0x2125,0x2166,0x2946,
  0x31C7,0x8472,0xEF9E,0xEF9E,0xE73D,0xDF3D,0xD6DB,0x31A7,0x4A8B,0x52AB,0x4249,0x4A4A,
  0x4A6A,0x424A,0x4A6A,0x3A08,0x3A09,0x2986,0x31E8,0x39C8,0x2966,0x424A,0x31C7,0x4229,
  0x7C10,0xEF7E,0xEF7D,0xEF9E,0xE77D,0x5B0C,0x4A49,0x4249,0x4229,0x4209,0x4229,0x4209,
  0x3A08,0x4A4A,0x424A,0xE75D,0xEF7E,0xE77D,0xE77E,0xDF3C,0x31C8,0x2986,0x2126,0x10C4,
  0x10A4,0x1084,0x10A3,0x0884,0x10A4,0x10A3,0x1084,0x0883,0x0884,0x1083,0x0884,0x0883,
  0x1084,0x0883,0x1084,0x0884,0x10A3,0x0884,0x0884,0x1083,0x0884,0x1083,0x0884,0x0883,
  0x1083,0x0883,0x1083,0x1084,0x1083,0x1083,0x1084,0x0883,0x1083,0x0883,0x1083,0x0883,
  0x1083,0x0884,0x1083,0x0883,0x1084,0x1084,0x0883,0x1083,0x0884,0x1083,0x0883,0x1083,
  0x0884,0x0883,0x1083,0x0883,0x0883,0x1083,0x0883,0x0863,0x0883,0x1084,0x0883,0x1063,
  0x0883,0x0863,0x1084,0x0863,0x0883,0x1084,0x0883,0x1083,0x0884,0x1083,0x08A4,0x1083,
  0x0884,0x0883,0x1083,0x0884,0x1083,0x0883,0x1084,0x0883,0x0883,0x1084,0x0883,0x1084,
  0x0883,0x1083,0x0884,0x1083,0x0883,0x0884,0x0883,0x10A4,0x0883,0x0884,0x0883,0x10A4,
  0x0884,0x1083,0x0884,0x1083,0x08A4,0x0883,0x10A4,0x0884,0x1083,0x10A4,0x1083,0x0884,
  0x1083,0x1084,0x10A4,0x10C4,0x1905,0x2946,0x31A7,0xA535,0xE77D,0xEF9E,0xE77D,0xE75D,
  0x4A6A,0x4A8A,0x4A6A,0x2946,0xFFFF,0xEF9E,0xE75D,0xEF7E,0x426A,0x528B,0xE73D,0xEF7D,
  0xE75E,0xF7BE,0x634D,0x52CB,0x52AB,0x528B,0xCE9A,0xEF9E,0xEF9E,0xE75D,0xBE18,0x39C7,
  0x31A7,0x31A7,0x2986,0x31A8,0x31C7,0x39C8,0x31C7,0xEF7E,0xEFBF,0xE77D,0xEF9E,0x634E,
  0x52AB,0x4A6A,0x4A6A,0xE75D,0xE75D,0xEFBF,0xEF7E,0x5B2D,0x31A7,0x2125,0x31A7,0x2166,
  0x2126,0x2966,0x31A7,0x31C8,0x8430,0xEF7E,0xE77E,0xEF7E,0xE77D,0x52EB,0x39E8,0x31C7,
  0x3187,0x2986,0x2966,0x2967,0x31A7,0x31A7,0x39E8,0x634D,0xE75D,0xE77E,0xEF7E,0xE77E,
  0x9D15,0x29A7,0x2986,0x2966,0x29A7,0x2987,0x2966,0x31C8,0x4229,0xEF7E,0xEFBE,0xEF9E,
  0xE77E,0x5B0C,0x52AB,0x4A6A,0x4A6A,0xEF9F,0xE75D,0xEFBF,0xE75D,0x634D,0x31C8,0x2966,
  0x2966,0x2145,0x2966,0x2966,0x31C8,0x39E8,0x8C93,0xEF7E,0xE77E,0xEF9E,0xDF3D,0x52AB,
  0xEF9E,0xE75E,0xEFBF,0xE73D,0x31A7,0x52CB,0x4A8A,0x5AEC,0xD6FB,0xE73D,0xEF9E,0xF7DF,
  0x52CB,0x94B3,0xE75D,0xEFBE,0xEF9E,0xDF1C,0x4A8A,0x4A6A,0x52AB,0x4249,0x8431,0xEF7E,
  0xDF1C,0xEF7E,0xEF9E,0x52CB,0x52AB,0x4A8A,0x4A6A,0x4249,0x4209,0x39E8,0x31C7,0x31A7,
  0x2967,0x2946,0x2967,0x2946,0x1905,0x2946,0x2966,0x2145,0x2967,0x424A,0xDF1C,0xF7DF,
  0xEF9E,0xEFBE,0xE73C,0xF7BF,0xCE9A,0x8C72,0x424A,0x4A8A,0x424A,0x4A4A,0x31E8,0x4A4A,
  0x31C8,0x52AB,0x31A7,0x424A,0x3A08,0x31C7,0x39E8,0x4229,0x7BF0,0xE73C,0xE75D,0xF7DF,
  0xE75D,0x6B6D,0x424A,0x4A4A,0x4229,0x4A4A,0x3A09,0x4229,0x52AB,0x424A,0x4A4A,0xE75D,
  0xEF7E,0xE79E,0xEF7D,0xDF3C,0x39C8,0x2986,0x2126,0x10C4,0x10A4,0x1083,0x1084,0x1083,
  0x10A4,0x0883,0x10A4,0x1083,0x08A4,0x0883,0x10A4,0x0883,0x08A4,0x1084,0x0883,0x0884,
  0x10A4,0x0883,0x10A4,0x0883,0x08A4,0x0883,0x1084,0x0883,0x1084,0x0883,0x1084,0x0883,
  0x0883,0x0884,0x1083,0x0884,0x1083,0x0884,0x1083,0x0884,0x1083,0x0883,0x1084,0x0883,
  0x10A3,0x0883,0x1084,0x0883,0x1083,0x0884,0x1083,0x0883,0x1083,0x0884,0x0863,0x1084,
  0x0863,0x0884,0x1083,0x0883,0x0863,0x0883,0x0883,0x0884,0x1083,0x0883,0x1083,0x0883,
  0x1063,0x0883,0x1084,0x0883,0x1083,0x0884,0x1083,0x0884,0x1083,0x0883,0x1084,0x0883,
  0x1084,0x0883,0x1083,0x0884,0x1083,0x0883,0x1083,0x0883,0x1084,0x0883,0x1083,0x0884,
  0x0883,0x1084,0x0883,0x0884,0x1084,0x08A3,0x1084,0x0883,0x08A4,0x1083,0x08A4,0x0883,
  0x1084,0x0884,0x1083,0x08A4,0x1083,0x0884,0x1084,0x0883,0x0883,0x10A4,0x10A4,0x10C4,
  0x18E5,0x2126,0x2986,0x634E,0xE77E,0xE77D,0xEF9E,0xEF9E,0x52CB,0x5ACC,0x52CB,0x634E,
  0xE75D,0xEF7E,0xE75D,0xE73D,0x4A8A,0x632D,0xBE38,0xEF7E,0xE77D,0xE75E,0x9D14,0x528B,
  0x528B,0x4A8A,0xF79E,0xEF9E,0xEF9E,0xE75D,0x8431,0x39E8,0x2987,0x39E8,0x3186,0x2966,
  0x4209,0x39E8,0x73AF,0xF7DF,0xE77E,0xE75D,0xE75E,0x4249,0x5AEC,0x5B0C,0x4A6B,0xEF9F,
  0xEF9E,0xEF9E,0xEF9E,0xB5B7,0x31E8,0x39E8,0x31C8,0x2145,0x2946,0x2987,0x31A7,0x31E8,
  0x8431,0xE79E,0xEF7D,0xE77D,0xEF7E,0x52CB,0x39C8,0x31C7,0x2966,0x2146,0x2146,0x2146,
  0x2966,0x31A7,0x31E8,0x424A,0xE77E,0xE75D,0xEFBF,0xE75D,0xB5D7,0x31A7,0x39E8,0x2987,
  0x31A7,0x3187,0x31C7,0x39E8,0x6B8E,0xF7BF,0xE77E,0xE75D,0xE73D,0x4A8B,0x52EC,0x5AEC,
  0x52CB,0xE73D,0xE77D,0xEF9E,0xEF7E,0xB5B7,0x31E8,0x39C7,0x2987,0x2166,0x2987,0x2987,
  0x39E8,0x3A08,0x8C92,0xEF9E,0xE77E,0xEF9E,0xE73D,0x5B0C,0xBE18,0xE77E,0xEF9E,0xE77E,
  0x6B8E,0x52AB,0x5B0D,0x52AA,0xEF9F,0xF7DF,0xCE9A,0xEFBE,0x52CB,0x94D4,0xEF7D,0xEF9F,
  0xE77E,0xDEFC,0x4A8A,0x52AB,0x424A,0x52CB,0x73F0,0xEF7D,0xF7FF,0xE75D,0xEF9E,0xEF9E,
  0xEF9E,0xEF9E,0xEF7E,0xEF9E,0xEF9E,0xEFBF,0xEFBF,0xEF9E,0xEF9F,0xEF9F,0xE75E,0x8C72,
  0x2146,0x10E3,0x2105,0x2146,0x2986,0x31A7,0x9D14,0xE73D,0xE75D,0xEF9E,0xE75D,0xDF1C,
  0xEF9E,0xE75E,0xEF9E,0xF7BF,0xBE39,0x8C72,0x4A8A,0x4249,0x3A09,0x39E8,0x31A7,0x2145,
  0x39E8,0x39E9,0x4229,0x3A29,0x7BF0,0xF7DF,0xEF9E,0xE75D,0xE77D,0xE75D,0xEF9E,0xEF7E,
  0xEF9E,0xE75D,0xEF9E,0xF79F,0xDF1D,0xEF7E,0xF79F,0xE77E,0xEF7D,0xE77E,0xEF7D,0xDF1D,
  0x31C8,0x2986,0x2105,0x18C4,0x10A4,0x10A3,0x0884,0x0883,0x10A4,0x1084,0x10A4,0x0883,
  0x1084,0x0884,0x1083,0x0884,0x1083,0x08A4,0x0883,0x1083,0x0884,0x0883,0x0884,0x1083,
  0x0884,0x0883,0x0884,0x0883,0x1084,0x0883,0x1083,0x0884,0x1083,0x1083,0x0883,0x1083,
  0x0884,0x1083,0x0884,0x1083,0x0884,0x1083,0x0883,0x1084,0x1084,0x0883,0x1083,0x0884,
  0x1083,0x0883,0x0884,0x1083,0x0863,0x1083,0x0883,0x0883,0x1083,0x0863,0x0883,0x1063,
  0x0883,0x1063,0x0883,0x1063,0x0884,0x0863,0x1084,0x0883,0x0884,0x0883,0x1083,0x0883,
  0x1084,0x0883,0x1083,0x0883,0x1084,0x0883,0x1083,0x0883,0x1083,0x0884,0x1083,0x0883,
  0x1084,0x0883,0x1084,0x0883,0x1083,0x0884,0x1083,0x0883,0x1084,0x0883,0x0884,0x0883,
  0x1084,0x0883,0x08A4,0x1084,0x0883,0x0884,0x1084,0x08A3,0x1084,0x08A3,0x0884,0x1083,
  0x0884,0x10A3,0x1084,0x1083,0x0884,0x1083,0x10A4,0x10C4,0x18E4,0x2125,0x2966,0x3A08,
  0xEF9E,0xE77E,0xEF9E,0xEF7E,0x8C92,0x4A8A,0x52AB,0xAD76,0xEF9E,0xEF9E,0xF7DF,0xAD96,
  0x5ACC,0x52CB,0x7BD0,0xEF9E,0xEF9E,0xEF5D,0xD6DB,0x52CB,0x528B,0x52CB,0xF7BF,0xDF3D,
  0xEF7E,0xEF9E,0x4A8A,0x39E8,0x39C7,0x31C8,0x31A7,0x2986,0x3A08,0x3187,0xCE7A,0xE73D,
  0xEF7E,0xEF9E,0xC639,0x4AAB,0x52AB,0x52EC,0x4AAB,0x9D14,0xE73D,0xDF5D,0xF7BF,0xE77E,
  0x4229,0x3A08,0x2125,0x31A8,0x2987,0x31A7,0x31C8,0x39E8,0x8430,0xEF7E,0xE79E,0xEF7D,
  0xE77E,0x5AEB,0x31C7,0x29A7,0x2146,0x2125,0x2126,0x2125,0x2146,0x31A7,0x39E8,0x31C7,
  0xF79F,0xE75D,0xF7BF,0xE73D,0xB5F8,0x39E8,0x4229,0x31A7,0x29A7,0x31C8,0x39E8,0x31C8,
  0xD6BB,0xEFBF,0xE75D,0xEF9E,0xB5F8,0x5B0C,0x4A8B,0x5AEC,0x5AEC,0x94F4,0xEF9F,0xE77E,
  0xEF9E,0xE77E,0x4229,0x3A09,0x31A7,0x2987,0x31A7,0x31A7,0x31E8,0x3A09,0x8C72,0xEF7E,
  0xE77E,0xEF9E,0xDF3D,0x5AEC,0x6BAF,0xEF5E,0xE75D,0xF7BF,0xADB6,0x632D,0x4AAB,0x630C,
  0xEF9E,0xE79E,0xEFBE,0xC639,0x632D,0x9D34,0xEF9E,0xEF7E,0xDF5C,0xD6DB,0x4A8A,0x52CB,
  0x4A8A,0x52AB,0x7BF0,0xE77E,0xE75D,0xE75D,0xEF9E,0xE77D,0xEF7E,0xE77E,0xE77E,0xE77D,
  0xEF7E,0xEF7D,0xE77E,0xEF7D,0xE75E,0xEF7E,0xEF9E,0x8472,0x2125,0x2105,0x2145,0x2126,
  0x2146,0x31C7,0x31C8,0xA534,0xEFBF,0xEFBF,0xEFBE,0xE77E,0xEF9F,0xE77D,0xEFBF,0xEF9E,
  0xF7BF,0xEF9E,0xDEFC,0xCE9B,0x5B0C,0x4229,0x424A,0x424A,0x3A09,0x39C7,0x31A7,0x3A08,
  0x7BD0,0xEF7D,0xE77D,0xEF9E,0xEF7D,0xEFBF,0xEF7E,0xEF9E,0xEF5D,0xEF9E,0xE75E,0xEF9E,
  0xF79E,0xE75D,0xEF9E,0xE75E,0xEF7E,0xE77D,0xEF7E,0xDF3C,0x39C8,0x2986,0x2126,0x10C4,
  0x10A4,0x10A3,0x1084,0x1083,0x08A4,0x1083,0x10A4,0x1083,0x08A4,0x0883,0x10A4,0x0883,
  0x0884,0x1083,0x08A4,0x0884,0x10A3,0x0884,0x10A3,0x0884,0x1083,0x0884,0x1083,0x0884,
  0x0883,0x1083,0x0884,0x1083,0x0883,0x1084,0x0883,0x1084,0x0883,0x1083,0x0883,0x1083,
  0x0883,0x1084,0x0883,0x0883,0x1083,0x0884,0x1083,0x0883,0x0884,0x1083,0x0863,0x0883,
  0x0884,0x0883,0x1064,0x0883,0x1084,0x0883,0x1084,0x0883,0x0883,0x0883,0x1084,0x0883,
  0x1083,0x0883,0x0863,0x1083,0x0863,0x1083,0x0864,0x0883,0x1083,0x0883,0x1084,0x0883,
  0x1083,0x0884,0x1083,0x0884,0x1083,0x0883,0x1084,0x0883,0x1083,0x0884,0x1083,0x0884,
  0x1083,0x0883,0x1084,0x0883,0x0883,0x0884,0x1083,0x0883,0x0884,0x1083,0x0884,0x08A3,
  0x1084,0x08A3,0x1084,0x0883,0x0884,0x1083,0x0884,0x08A4,0x1083,0x0884,0x10A3,0x0884,
  0x1083,0x0883,0x10A4,0x10A4,0x18E4,0x18E5,0x2987,0x31A7,0xE73D,0xEF7D,0xE77E,0xEF7E,
  0xBDF8,0x630D,0x5AEC,0xE73D,0xEF9E,0xDEFC,0xE73D,0x73CF,0x5AEC,0x4249,0x4A6A,0xF7BF,
  0xE75D,0xEF7E,0xEF9E,0x52AB,0x5AEC,0x7C10,0xEF7E,0xE73C,0xEF7E,0xEF7E,0x39E8,0x3A08,
  0x39E8,0x2966,0x39C8,0x4229,0x39C7,0x3A09,0xEF9E,0xEF7D,0xE75D,0xE79E,0x634D,0x5B0D,
  0x52CB,0x5ACC,0x5B0C,0x5AEC,0xF7BF,0xEF9E,0xDF3D,0xEF9E,0x7C31,0x3A09,0x31A7,0x3A08,
  0x31A7,0x31C8,0x31C8,0x39E8,0x7C31,0xEF7E,0xE77D,0xEF9E,0xEF7D,0x52EC,0x31C7,0x3187,
  0x2146,0x2125,0x2125,0x2126,0x2145,0x31A7,0x39E8,0x2987,0xEFBF,0xE77D,0xEFDF,0xE75D,
  0xC67A,0x3A08,0x3A09,0x31A7,0x39E8,0x3A08,0x39E8,0x424A,0xF7BF,0xDF3C,0xE75E,0xEF9E,
  0x634E,0x5B0C,0x52AB,0x5B0C,0x52CC,0x5B0C,0xF7DF,0xE75D,0xDF1D,0xE77D,0x7BF0,0x39E8,
  0x39E8,0x31A7,0x31C7,0x31A7,0x39E8,0x3A09,0x8C72,0xE77E,0xEF9E,0xEF9E,0xE73D,0x52EC,
  0x4A6A,0xEFBF,0xDF3C,0xEFBF,0xE73C,0x52CB,0x5AEC,0xA555,0xDF3D,0xE73D,0xF7FF,0x7C10,
  0x5AEC,0x94F3,0xEF7E,0xEF9E,0xE77D,0xDEFC,0x4A8A,0x4A6A,0x4A8A,0x528B,0x7C10,0xEF7D,
  0xE77D,0xE75D,0xEF9E,0xE77D,0xEF9E,0xEF9E,0xEF7D,0xE77E,0xEF9E,0xE77E,0xEF7D,0xE77D,
  0xE75E,0xE77E,0xEF9F,0x8C72,0x2125,0x1905,0x2145,0x2145,0x3187,0x31A7,0x31C7,0x31E8,
  0x52AA,0xBDF8,0xE77D,0xEF9E,0xEF7E,0xE77E,0xEF7E,0xE75E,0xE75D,0xE77E,0xE77E,0xF7BF,
  0xEF9E,0xAD97,0x31C7,0x39E8,0x39E8,0x4229,0x3A29,0x4229,0x7BF0,0xE77D,0xEF7E,0xEF9E,
  0xE77D,0xF79E,0xE77E,0xEF9E,0xE75D,0xEF9E,0xE75D,0xEF9F,0xEF9F,0xE75D,0xEF9E,0xE77E,
  0xEF7D,0xE79E,0xEF7D,0xDF3D,0x31C7,0x2987,0x2125,0x10C4,0x10A4,0x1083,0x08A4,0x1083,
  0x10A4,0x1084,0x08A3,0x1084,0x0883,0x1084,0x0883,0x08A4,0x1084,0x0883,0x0884,0x1083,
  0x0884,0x1083,0x0884,0x0883,0x0884,0x0883,0x0884,0x0883,0x1083,0x0884,0x1083,0x0883,
  0x1084,0x0883,0x1083,0x0883,0x1084,0x0883,0x1084,0x0883,0x1084,0x0883,0x1084,0x0883,
  0x1084,0x0883,0x1084,0x0883,0x1083,0x0883,0x1084,0x0883,0x1063,0x0883,0x1083,0x0863,
  0x0883,0x1063,0x0883,0x0863,0x0863,0x1083,0x0863,0x0883,0x0864,0x1083,0x0884,0x1083,
  0x0863,0x0883,0x1083,0x0863,0x0884,0x1083,0x0883,0x1084,0x0883,0x1083,0x0884,0x1083,
  0x0884,0x1083,0x0883,0x1084,0x0883,0x1083,0x0883,0x1083,0x0884,0x1083,0x0883,0x1084,
  0x0883,0x0883,0x0884,0x0883,0x0884,0x0883,0x1084,0x0883,0x1084,0x0883,0x08A4,0x1084,
  0x08A3,0x0884,0x1083,0x0884,0x1083,0x1084,0x10A4,0x0883,0x1084,0x0883,0x10A4,0x10A4,
  0x18C4,0x18E5,0x2986,0x31A7,0xB5F8,0xEF7E,0xE77D,0xE77D,0xF7BF,0x4269,0x39E8,0xEF7E,
  0xE77D,0xF7DF,0xE73D,0x31C7,0x52AB,0x52CB,0x52AB,0xEF5D,0xE75D,0xE75E,0xEF7D,0x5B0C,
  0x634D,0xBDD8,0xEF7E,0xE77D,0xEF9F,0xC679,0x39C8,0x3A08,0x39A7,0x31C7,0x39E8,0x39E8,
  0x31C7,0xA514,0xE73D,0xEFBF,0xF7DF,0xE77E,0x2125,0x52CB,0x5ACC,0x52AB,0x5B0D,0x52CB,
  0xDF3D,0xEFBF,0xE73D,0xEF7E,0xD6DB,0x39E8,0x426A,0x31A7,0x31C8,0x39E8,0x39E8,0x39E8,
  0x8431,0xEF9E,0xE77D,0xEF9E,0xE77D,0x5AEC,0x31C7,0x3186,0x2146,0x2125,0x2125,0x2126,
  0x2166,0x31A8,0x31E8,0x31C7,0xEF9E,0xE75D,0xEF9F,0xEF7E,0xBE39,0x3A08,0x39C8,0x31E8,
  0x4209,0x39E8,0x3A09,0x94D3,0xE77E,0xEF9E,0xEFBF,0xEF7E,0x31C7,0x4229,0x5B0D,0x52CB,
  0x52AB,0x52CC,0xE75D,0xEF9E,0xF7BF,0xF7DF,0xCEBB,0x4249,0x3A09,0x31C8,0x39E8,0x31C8,
  0x3A08,0x3A09,0x8C72,0xEF7E,0xEF9E,0xE77E,0xE75D,0x5B2D,0x52AB,0xEF9E,0xEF7E,0xE75E,
  0xF7BF,0x3A29,0x52CB,0xD6DB,0xE73D,0xEFBE,0xE75D,0x52AB,0x5AEC,0x94F4,0xEF7D,0xE79E,
  0xEF7E,0xDEFC,0x4A8A,0x424A,0x4A6A,0x52CB,0x73D0,0xEF7E,0xF7FF,0xE73D,0xE79E,0xEF7E,
  0xE77E,0xE77D,0xEF9E,0xE77E,0xEF9E,0xEF9E,0xEF9E,0xE77E,0xEF9E,0xEF7F,0xE73D,0x8452,
  0x2166,0x18C4,0x1905,0x2146,0x2125,0x2146,0x39E8,0x39E8,0x3A28,0x4A6A,0x39E8,0x7C10,
  0xC639,0xE77D,0xE75D,0xF7FF,0xE73D,0xEFDF,0xEF9E,0xE77E,0xE77D,0xF7DF,0xAD76,0x39E8,
  0x3A29,0x3A09,0x39E8,0x4249,0x7BF0,0xF7DF,0xEF9E,0xE75D,0xE77D,0xE75D,0xEF9E,0xEF7E,
  0xEF9E,0xE73D,0xEF7E,0xEF9E,0xDF1C,0xEF7E,0xEF9E,0xEF7E,0xE77E,0xEF7E,0xE77D,0xDF3C,
  0x39C8,0x2986,0x2125,0x10C4,0x10A4,0x1083,0x0884,0x1083,0x08A4,0x1083,0x10A4,0x0884,
  0x10A3,0x0884,0x0884,0x1083,0x08A4,0x0883,0x10A4,0x0884,0x08A3,0x0884,0x0883,0x1084,
  0x0883,0x0883,0x0883,0x0884,0x1083,0x0883,0x1084,0x0883,0x1083,0x0884,0x1083,0x0884,
  0x1083,0x0883,0x1084,0x0883,0x1083,0x0883,0x1083,0x0884,0x1083,0x0883,0x0883,0x1083,
  0x0864,0x0883,0x1063,0x0883,0x1083,0x0884,0x0883,0x1084,0x0883,0x0883,0x1084,0x0883,
  0x0883,0x0884,0x1083,0x0883,0x1083,0x0883,0x0863,0x0883,0x0884,0x0863,0x1083,0x0883,
  0x1063,0x0883,0x0883,0x1083,0x0884,0x1083,0x0883,0x1083,0x0883,0x1084,0x0883,0x1083,
  0x0884,0x1083,0x0884,0x1083,0x0883,0x1084,0x0883,0x1083,0x0884,0x0863,0x0883,0x1084,
  0x0883,0x0884,0x0883,0x0884,0x08A3,0x1084,0x0883,0x0884,0x1083,0x08A4,0x1083,0x08A4,
  0x1083,0x0884,0x1083,0x1084,0x0883,0x1083,0x1083,0x10A4,0x10C4,0x1905,0x2946,0x31A7,
  0x7C10,0xE75D,0xEF7E,0xE79D,0xE75D,0x31A7,0x7BF0,0xDF1C,0xF79E,0xE75D,0xE75D,0x4A4A,
  0x4249,0x52AB,0x528B,0xB5D7,0xEF7E,0xEFBE,0xEF7E,0x9D15,0x52AB,0xDF1C,0xEF7E,0xEF9E,
  0xEF9E,0x8C72,0x4229,0x39C8,0x31C7,0x3A09,0x39E8,0x31A7,0x4229,0xEF7E,0xE73D,0xE77D,
  0xE75E,0xD6DB,0x4A8A,0x5B0D,0x5AEC,0x52CC,0x528B,0x52CB,0xBE19,0xE75D,0xF7DF,0xEF9E,
  0xE75E,0x4A6A,0x3A09,0x31C8,0x39C8,0x3A09,0x39E8,0x3A08,0x8431,0xE77E,0xEF7D,0xE79E,
  0xEF7D,0x52EC,0x31C7,0x31A7,0x2966,0x2146,0x2126,0x2146,0x2986,0x31C8,0x39C7,0x4A6A,
  0xEF7E,0xE75E,0xEF9E,0xEF9E,0xA555,0x3A09,0x39E8,0x4229,0x3A09,0x3A08,0x4A6A,0xE73D,
  0xE73D,0xEFBF,0xE75D,0xCEBB,0x52AB,0x4A8B,0x632D,0x52AB,0x4A8B,0x630D,0xB5D7,0xDF1C,
  0xEF9E,0xE77E,0xE73D,0x4A6A,0x4229,0x39E8,0x3A08,0x39C8,0x3A09,0x4208,0x8C93,0xE77E,
  0xEF9E,0xE77E,0xE73D,0x5B0D,0x5B0C,0xBDF8,0xEF9F,0xE75D,0xDF3C,0x73AF,0x2987,0xEF9E,
  0xEFBE,0xEF7E,0xEF9E,0x52CB,0x632D,0x9D14,0xEF9E,0xE77E,0xE75D,0xD6FB,0x4A8B,0x4A8A,
  0x52AB,0x4249,0x8431,0xE77D,0xDF1C,0xEF9E,0xEF9E,0x52CB,0x4A8A,0x4A6A,0x4249,0x3A08,
  0x39E8,0x31C7,0x29A6,0x2986,0x2126,0x2145,0x2166,0x2125,0x18E4,0x2146,0x2966,0x2125,
  0x2986,0x31A7,0x31C7,0x3A08,0x31A7,0x39E8,0x3A29,0x4229,0x3A08,0x4A8B,0x424A,0x73F0,
  0xB5D7,0xDF1C,0xFFFF,0xDF3D,0xE75D,0xEF7E,0xEFBF,0x4229,0x39E8,0x4A6A,0x4229,0x4229,
  0x7BF0,0xE73C,0xE75D,0xF7DF,0xE75D,0x634D,0x4249,0x4229,0x4228,0x424A,0x3A08,0x4229,
  0x528B,0x4229,0x424A,0xE75E,0xEF7D,0xE77E,0xEF7E,0xDF3C,0x31C8,0x2987,0x2125,0x18C4,
  0x10A4,0x10A4,0x1083,0x0884,0x10A3,0x1084,0x10A4,0x0883,0x0884,0x10A3,0x0884,0x0883,
  0x1084,0x0883,0x0884,0x1083,0x0884,0x1083,0x0884,0x0883,0x1084,0x0883,0x0884,0x0863,
  0x1083,0x0884,0x1083,0x0884,0x1083,0x0883,0x1084,0x0883,0x1083,0x0884,0x1083,0x0884,
  0x1083,0x0884,0x1083,0x0883,0x1083,0x0884,0x1083,0x0883,0x1083,0x0883,0x0863,0x0883,
  0x0863,0x1083,0x0863,0x1083,0x0863,0x1083,0x0863,0x0883,0x0863,0x1083,0x0863,0x0884,
  0x0863,0x1084,0x0883,0x1083,0x0863,0x1083,0x0863,0x0884,0x0883,0x1064,0x0883,0x1084,
  0x0883,0x1083,0x0884,0x1083,0x0884,0x1083,0x0884,0x1083,0x0883,0x1084,0x0883,0x1084,
  0x0883,0x1083,0x0884,0x1083,0x0883,0x0884,0x0863,0x0883,0x0884,0x1083,0x0883,0x1084,
  0x0883,0x1084,0x08A3,0x1084,0x0884,0x0883,0x1084,0x0883,0x1084,0x0883,0x10A4,0x0883,
  0x1084,0x0883,0x1084,0x10A3,0x10A4,0x2105,0x1925,0x31A7,0x4A8A,0xE75D,0xEF9E,0xEF9E,
  0xE75E,0x73CF,0xAD76,0xEF7E,0xEF7E,0xEF7E,0x9D14,0x52AB,0x4A6A,0x528B,0x4229,0x7C31,
  0xEF7E,0xEF7E,0xE73D,0xD6BB,0x31A7,0xEF7E,0xEF7E,0xE77D,0xEF7E,0x52CB,0x4249,0x31A7,
  0x39E8,0x39C7,0x31C7,0x4A49,0x52CC,0xEF7E,0xEF7D,0xEF9E,0xEF9E,0xEF7E,0xEFBF,0xEF7E,
  0xE73D,0xF7DF,0xE77E,0xEF9E,0xEF9E,0xE75D,0xEF9F,0xE75D,0xEF9E,0xA555,0x4249,0x39E8,
  0x39E8,0x3A09,0x39E8,0x3A09,0x8431,0xEF9E,0xEF7E,0xE79D,0xEF7E,0x5AEC,0x39E8,0x31C7,
  0x2987,0x2166,0x2946,0x2966,0x2966,0x31C8,0x39E8,0x5B0C,0xEF9F,0xE77E,0xE75D,0xE77E,
  0x9CF4,0x4A6A,0x31C8,0x39E8,0x3A29,0x4A4A,0x4A8A,0xEFBF,0xEFBE,0xE75E,0xEF7D,0xE77E,
  0xEF9E,0xEFBF,0xEF7E,0xE77E,0xF7BF,0xE75D,0xEFBF,0xEFBF,0xE77E,0xE75D,0xEFBF,0xA535,
  0x4249,0x3A09,0x3A08,0x39E8,0x4229,0x3A29,0x8C72,0xEF9E,0xEF7E,0xE77E,0xDF3D,0x52CB,
  0x5AEC,0x73F0,0xEFBE,0xE77E,0xEF9E,0xBDF8,0x5B0C,0xF7BF,0xE75D,0xEF9E,0xBE18,0x5B0C,
  0x52CB,0x94D4,0xEF7D,0xEF9E,0xE75D,0xDF1C,0x4A8A,0x4A6A,0x4A8A,0x4A6A,0x7C10,0xEF9E,
  0xEF9E,0xE77E,0xEFBE,0x5AEC,0x4A8A,0x4A6A,0x4249,0x4229,0x3A08,0x39E8,0x31C7,0x31A7,
  0x2966,0x2146,0x2105,0x1905,0x2105,0x18E4,0x1925,0x2125,0x2146,0x2966,0x31C7,0x39C8,
  0x3A08,0x4229,0x3A08,0x4249,0x4229,0x4229,0x4A6A,0x3A08,0x5AEC,0x31A7,0xB5F8,0xF7BF,
  0xF7DF,0xDF1C,0xE75E,0xAD96,0x3A29,0x4229,0x3A29,0x4229,0x7C10,0xEF7E,0xE77D,0xEF9E,
  0xEF7D,0x5B0C,0x4A6A,0x4229,0x4249,0x4208,0x4229,0x3A09,0x3A09,0x4A4A,0x424A,0xE75D,
  0xEF7E,0xE79D,0xE77E,0xE73C,0x31C8,0x2986,0x2126,0x10C4,0x10A4,0x1083,0x08A4,0x1083,
  0x10A4,0x0884,0x10A3,0x1084,0x0883,0x1084,0x08A3,0x1084,0x08A3,0x1084,0x08A3,0x0884,
  0x0883,0x0884,0x0883,0x0884,0x0883,0x0883,0x0883,0x0884,0x1083,0x0883,0x1083,0x0883,
  0x1084,0x0883,0x1083,0x0884,0x1083,0x0883,0x1083,0x0883,0x1084,0x0883,0x1084,0x0883,
  0x1084,0x0883,0x0863,0x1084,0x0863,0x0883,0x1064,0x0883,0x1084,0x0883,0x0884,0x1083,
  0x0884,0x0883,0x1084,0x0863,0x0883,0x0883,0x1083,0x0883,0x1083,0x0883,0x1063,0x0884,
  0x1083,0x0884,0x0883,0x1063,0x0883,0x1083,0x0863,0x0883,0x1083,0x0884,0x1083,0x0883,
  0x1083,0x0884,0x1083,0x0884,0x1083,0x0883,0x1083,0x0883,0x1084,0x0883,0x1083,0x0884,
  0x0883,0x0884,0x1083,0x0884,0x0883,0x0884,0x0883,0x0884,0x0883,0x0884,0x0883,0x0883,
  0x1084,0x0883,0x0884,0x0883,0x10A4,0x10A4,0x1084,0x10A4,0x10A3,0x1084,0x08A3,0x10A4,
  0x10A4,0x18E4,0x2125,0x31A7,0x31C7,0xEF9E,0xE77E,0xE77D,0xEF5D,0xAD96,0xDEFC,0xEF9E,
  0xEF9E,0xE77D,0x634D,0x4A6A,0x4249,0x4249,0x4A6A,0x4208,0xEF7E,0xE75D,0xE77D,0xEF7E,
  0x8451,0xE75D,0xEF7D,0xEF9E,0xEF9E,0x4229,0x4209,0x39E8,0x39C8,0x31C7,0x422A,0x39E8,
  0xBDD7,0xE77E,0xEF7E,0xEF9E,0xE77E,0xEF7E,0xE77E,0xEF9E,0xE77E,0xEF7E,0xE77E,0xEF7E,
  0xEF9F,0xE77E,0xE75D,0xEFBF,0xDF3D,0xE75E,0x4249,0x39E9,0x4229,0x39E8,0x39E9,0x4229,
  0x73EF,0xF7DF,0xE77D,0xE75D,0xEF7E,0x4ACA,0x3A09,0x31A7,0x31C7,0x3187,0x2987,0x2966,
  0x31C8,0x39E8,0x3A08,0x8431,0xEF7E,0xE75D,0xEF9E,0xE77E,0x636E,0x3A08,0x4A4A,0x3A08,
  0x4229,0x3A29,0xB5D8,0xEF7E,0xE75D,0xF7DF,0xDF3D,0xEF9E,0xEF7E,0xEF9E,0xEF9E,0xE77E,
  0xEF9E,0xE75D,0xE75E,0xEFBE,0xE77E,0xEF9E,0xE73D,0xE75D,0x424A,0x31C7,0x422A,0x39E8,
  0x4229,0x424A,0x8451,0xEF7E,0xE77E,0xEF9E,0xE73D,0x52CB,0x5AEC,0x424A,0xF7BF,0xE73D,
  0xEF9E,0xDF1C,0xB5D7,0xE75D,0xEF9E,0xEFBE,0x7C31,0x5B0C,0x5AEC,0x9CF3,0xEF7E,0xEF9E,
  0xE77D,0xDEFC,0x4A8A,0x4A6A,0x4A6A,0x4A6A,0x7C10,0xE75E,0xEFBE,0xEF9E,0xEF9E,0x5B0C,
  0x4A8A,0x4A6A,0x3A29,0x3A08,0x39E8,0x31C7,0x3187,0x2966,0x2146,0x2967,0x18E4,0x2146,
  0x18E4,0x2146,0x2125,0x2125,0xA535,0xEF9E,0xEF9F,0xEF9E,0xEF9E,0x31C7,0x4229,0x4249,
  0x424A,0x3A09,0x528B,0x424A,0x4249,0x52CC,0x4249,0xEF7E,0xE75D,0xEF9E,0xEF9E,0xD6DB,
  0x4249,0x39E8,0x4A4A,0x4229,0x73D0,0xEFBE,0xEF9E,0xE75D,0xEF9E,0x632C,0x3A08,0x4229,
  0x39E8,0x39E9,0x39E8,0x39C8,0x4229,0x4229,0x4209,0xE75D,0xEF7E,0xEF7E,0xE77D,0xE75D,
  0x29A7,0x2986,0x2105,0x10A3,0x10A4,0x10A4,0x1083,0x0884,0x1083,0x10A4,0x0883,0x1084,
  0x08A3,0x0884,0x1084,0x0883,0x0884,0x0884,0x1083,0x0884,0x1083,0x0884,0x1083,0x0883,
  0x1084,0x0884,0x1083,0x0884,0x0883,0x1084,0x0883,0x1084,0x0883,0x1083,0x0884,0x1083,
  0x0884,0x1083,0x0884,0x1083,0x0883,0x1083,0x0883,0x1083,0x0883,0x1083,0x0883,0x0883,
  0x1083,0x0883,0x0883,0x1063,0x0883,0x1063,0x0883,0x0863,0x1083,0x0863,0x0883,0x1083,
  0x0863,0x1083,0x0864,0x1083,0x0864,0x0883,0x0883,0x1083,0x0863,0x0883,0x1083,0x0884,
  0x1083,0x0884,0x1083,0x0883,0x0864,0x1083,0x0884,0x1083,0x0884,0x1083,0x10A3,0x1084,
  0x0883,0x1084,0x0883,0x1084,0x0883,0x1084,0x0883,0x1083,0x0884,0x0883,0x0884,0x1083,
  0x0884,0x1083,0x0884,0x1083,0x0884,0x1083,0x0884,0x0883,0x0884,0x0883,0x1084,0x0883,
  0x10A4,0x0883,0x10A4,0x0883,0x10A4,0x1083,0x10A4,0x1083,0x10A3,0x18E5,0x1905,0x2987,
  0x39E8,0xC639,0xE77D,0xEF9E,0xEFBF,0xE73D,0xEF9E,0xEF7E,0xE77D,0xE73D,0x39C8,0x31C7,
  0x4A4A,0x4209,0x4229,0x4249,0xDF1D,0xEF9E,0xF7BF,0xE75D,0xD6BB,0xEF9E,0xEF7E,0xE75D,
  0xD6BB,0x4229,0x39C7,0x3A08,0x31A7,0x39E8,0x39E8,0x31C7,0xEF9E,0xF7BE,0xE75D,0xE75D,
  0xEF9E,0xE79E,0xEF7E,0xEF9E,0xE77E,0xEF9E,0xEF9E,0xE77E,0xE75D,0xF7FF,0xE73D,0xE77E,
  0xFFFF,0xE77E,0x7C10,0x4229,0x3A09,0x4229,0x4229,0x426A,0x7C10,0xEF7E,0xE75D,0xE77D,
  0xEF7E,0x5AEB,0x4A6A,0x39E8,0x39E8,0x31C7,0x39E9,0x31A7,0x31C8,0x39E8,0x424A,0xBE39,
  0xEFBF,0xF7DF,0xDF3D,0xF7BF,0x3A29,0x2966,0x3A09,0x4249,0x39E8,0x4A49,0xEF9E,0xEF9E,
  0xEFBF,0xDF3D,0xF7DF,0xF7BF,0xE75D,0xDF3D,0xEFBF,0xEFBE,0xEF7E,0xEFBF,0xE75D,0xE77E,
  0xE75D,0xEFBF,0xEF9E,0xF7DF,0x6BAF,0x4229,0x4249,0x3A09,0x31A7,0x4229,0x94B3,0xE77E,
  0xEF9E,0xE77E,0xDF3D,0x52CB,0x52CC,0x52AB,0xEF9E,0xEF9E,0xE75D,0xEF9E,0xDF1C,0xEFBE,
  0xDF3D,0xE75D,0x630C,0x52CB,0x52CB,0x9CF4,0xE77E,0xEF9E,0xE77D,0xDEFC,0x4A6A,0x426A,
  0x4A6A,0x426A,0x7BF0,0xE75D,0xE75D,0xDF1C,0xEF7E,0x5AEC,0x4A6A,0x4249,0x4229,0x39E8,
  0x3A08,0x39C8,0x29A7,0x2986,0x2967,0x2125,0x2126,0x1905,0x2105,0x10E4,0x2105,0x2166,
  0x8431,0xE75D,0xE75D,0xEF9E,0xE77E,0x632C,0x39E8,0x4229,0x4229,0x4A6A,0x4229,0x39E8,
  0x4A6A,0x4AAB,0x4209,0xE77E,0xF7DF,0xDF3D,0xEF9E,0xCEBB,0x424A,0x3A09,0x4249,0x4249,
  0x7BF0,0xEF9E,0xEF9E,0xEF7D,0xEF7E,0x5B2D,0x39E8,0x4209,0x31C7,0x39C7,0x31A7,0x31C8,
  0x39E8,0x4209,0x3A08,0xE75E,0xEF9D,0xE77E,0xE77D,0xE75D,0x3187,0x2966,0x1905,0x10C4,
  0x10A4,0x10A4,0x0883,0x1083,0x0884,0x10A4,0x1083,0x0884,0x1083,0x0884,0x08A3,0x1084,
  0x08A3,0x1084,0x08A3,0x1084,0x0883,0x0884,0x0883,0x0884,0x0883,0x0883,0x0884,0x0883,
  0x1083,0x0884,0x1083,0x0883,0x1084,0x0883,0x1083,0x0883,0x10A4,0x1083,0x0884,0x1083,
  0x0884,0x1083,0x0884,0x0883,0x1064,0x0883,0x1064,0x0883,0x1064,0x0883,0x1084,0x0883,
  0x0884,0x0883,0x1084,0x0883,0x1084,0x0883,0x1083,0x0863,0x0883,0x0883,0x0883,0x0883,
  0x1083,0x0883,0x1064,0x0883,0x1083,0x0864,0x1083,0x0863,0x0883,0x0863,0x0883,0x1083,
  0x0883,0x1083,0x0883,0x1084,0x0883,0x0883,0x0884,0x1083,0x0883,0x1084,0x0883,0x1083,
  0x0883,0x1083,0x0884,0x1083,0x0884,0x1083,0x0883,0x0884,0x0883,0x0883,0x0884,0x0883,
  0x0883,0x0884,0x1083,0x0884,0x1083,0x0884,0x0883,0x0884,0x1083,0x1084,0x0883,0x1084,
  0x0883,0x1084,0x0883,0x0884,0x0883,0x2105,0x18E4,0x2166,0x3A08,0x8451,0xEF7E,0xEF9E,
  0xE73C,0xEF7E,0xEF9E,0xE77D,0xEF7E,0xD6FB,0x39E8,0x4229,0x4208,0x3A08,0x4209,0x4249,
  0xB596,0xEF7E,0xEFBE,0xE75D,0xFFFF,0xEF7E,0xE77D,0xE75D,0xA535,0x4249,0x31C8,0x39E8,
  0x4209,0x39C7,0x4229,0x8411,0xF7DF,0xE73D,0xEF9E,0xE75D,0xEF7E,0xE77E,0xE77E,0xE77D,
  0xE77E,0xE77D,0xE77E,0xE77D,0xEF9E,0xE73D,0xF7DF,0xE75D,0xE77D,0xE73D,0xCE9A,0x3A09,
  0x39E9,0x422A,0x3A08,0x424A,0x8431,0xEF7E,0xE77D,0xEF9E,0xEF9E,0x52CB,0x3A08,0x3A08,
  0x39E8,0x31A8,0x39E8,0x31C8,0x3A09,0x39E8,0x2987,0xF7BF,0xE77E,0xE75D,0xEFBF,0xCE9A,
  0x39E8,0x4A6A,0x3A08,0x39E8,0x422A,0x7C11,0xEF7E,0xE75D,0xE75E,0xE75D,0xDF1C,0xE77E,
  0xEFBF,0xEF9E,0xEFBF,0xDF1C,0xE77E,0xF7DF,0xEF9E,0xDF1D,0xF7DF,0xE73D,0xDF3D,0xE77E,
  0xCE9B,0x4229,0x424A,0x4A4A,0x4229,0x4229,0x8472,0xE77E,0xEF9E,0xE75D,0xE73D,0x52AB,
  0x4A8B,0x5AEC,0xC659,0xE77E,0xE77D,0xEF9E,0xEF9E,0xEFBF,0xE75D,0xE77D,0x52CB,0x4A8B,
  0x52AB,0x9CF4,0xE77D,0xE77E,0xE77D,0xD6FC,0x4A69,0x4249,0x4A6A,0x52AB,0x7C10,0xEFBE,
  0xEF9E,0xEF7E,0xEFBE,0x52EC,0x4A8A,0x4A4A,0x4229,0x3A29,0x39E8,0x39E7,0x31A7,0x31A7,
  0x2146,0x2146,0x2946,0x1905,0x2146,0x2945,0x2146,0x2986,0x2166,0xEF9F,0xF7DF,0xE77D,
  0xE75D,0xC659,0x3A09,0x4229,0x39E8,0x4249,0x424A,0x52AB,0x52AB,0x4249,0x4A8B,0xEF7E,
  0xE75D,0xEFBF,0xEF7E,0xEF7E,0x4249,0x39E8,0x3A09,0x4A49,0x73D0,0xF79E,0xEF7D,0xE77D,
  0xEF9E,0x632C,0x31C8,0x39C7,0x2987,0x2986,0x2967,0x3186,0x31C8,0x39C8,0x39E8,0xE75D,
  0xEF7E,0xE77E,0xEF7D,0xE75D,0x2987,0x2986,0x2105,0x10C4,0x10A4,0x10A3,0x1084,0x0883,
  0x1084,0x1083,0x0884,0x1083,0x0884,0x1083,0x0884,0x0883,0x1084,0x0883,0x0884,0x0883,
  0x0884,0x1083,0x0884,0x1083,0x0884,0x1083,0x0884,0x1083,0x0884,0x1083,0x0883,0x1084,
  0x0883,0x1083,0x0884,0x1083,0x0884,0x1083,0x0883,0x1083,0x0884,0x1083,0x0883,0x1083,
  0x0883,0x0883,0x0883,0x1083,0x0883,0x0863,0x0883,0x1063,0x0883,0x1063,0x0883,0x0863,
  0x1083,0x0863,0x0884,0x0883,0x0863,0x1084,0x0863,0x1084,0x0863,0x1083,0x0883,0x0884,
  0x1083,0x0883,0x0883,0x1084,0x0883,0x1084,0x0863,0x1084,0x0863,0x0884,0x1083,0x0883,
  0x1083,0x1084,0x0883,0x1084,0x0883,0x1083,0x0884,0x1083,0x0884,0x1083,0x0883,0x1084,
  0x0883,0x0884,0x0883,0x1084,0x0883,0x1084,0x0883,0x1084,0x0883,0x0884,0x0883,0x0883,
  0x0884,0x0883,0x1083,0x0884,0x10A3,0x0884,0x10A3,0x1084,0x10A3,0x0884,0x10A3,0x1084,
  0x1083,0x18E4,0x10E4,0x2125,0x31C7,0x528B,0xEFBF,0xE77D,0xEF7E,0xE75D,0xEF7E,0xEF7E,
  0xE75D,0xA515,0x4249,0x3A09,0x39E8,0x39C8,0x3A08,0x4209,0x6B6E,0xE77E,0xEF5D,0xEF7E,
  0xE77D,0xE75D,0xEF9E,0xEF7E,0x632D,0x3A08,0x39E8,0x39E8,0x31C7,0x2987,0x31C7,0xDEFC,
  0xE73D,0xE75D,0xEF9E,0xEF7E,0x4249,0x4249,0x4229,0x4229,0x3A29,0x4229,0x4229,0x4229,
  0x426A,0x4229,0xBE59,0xEF7E,0xEF9E,0xEFBF,0xEF7E,0x3A29,0x3A08,0x4A4A,0x39E8,0x3A09,
  0x8451,0xEF9E,0xEF9E,0xEF7E,0xEF9E,0x4AAB,0x39C7,0x4A6A,0x424A,0x3A08,0x422A,0x4229,
  0x39E8,0x4A6A,0xBE18,0xEFBF,0xEF7D,0xE77E,0xEF9E,0x8431,0x31E8,0x4229,0x3A09,0x31A7,
  0x4249,0xD6BB,0xDF1C,0xEFBF,0xEF9E,0xE75D,0x4A8A,0x4229,0x3A08,0x3A08,0x4A6A,0x4229,
  0x4229,0x31C7,0x3A29,0x52CB,0xC639,0xEF9E,0xEF9E,0xEF9E,0xEF7E,0x3A29,0x39E8,0x39E8,
  0x424A,0x4229,0x8431,0xF7BF,0xEF9E,0xEF9E,0xE73D,0x4AAB,0x4A8A,0x4A8A,0x8452,0xE73D,
  0xEF7E,0xE79E,0xE75D,0xE73C,0xEF9E,0xD6BB,0x52AB,0x4A8A,0x4A8A,0x9CF4,0xE77D,0xEF7E,
  0xEF7D,0xD6FC,0x4249,0x424A,0x31C7,0x4A6A,0x73CF,0xEF7E,0xE77E,0xF7DE,0xEFBF,0x4A8A,
  0x4A6A,0x4249,0x4229,0x3A08,0x39E8,0x31C8,0x31A7,0x2986,0x2966,0x3187,0x1925,0x2105,
  0x2125,0x2987,0x1904,0x2105,0x31A7,0xDF3D,0xDEFC,0xEF9E,0xF7FF,0xDF1C,0x7C10,0x4229,
  0x4A8B,0x4229,0x4229,0x426A,0x31A8,0x52AB,0x94D3,0xEF9E,0xEF9E,0xEF9E,0xE77E,0xA555,
  0x3A09,0x3A09,0x3A08,0x4229,0x7BEF,0xEF9E,0xE79E,0xE77D,0xEF7E,0x5B0C,0x31A7,0x31A7,
  0x2925,0x2146,0x2125,0x2946,0x2986,0x3187,0x31C7,0xE75E,0xE77D,0xEF7E,0xE77E,0xE75D,
  0x2966,0x2166,0x1905,0x18A4,0x10A4,0x1083,0x0884,0x1083,0x08A4,0x1083,0x10A4,0x0883,
  0x0884,0x0883,0x1084,0x0883,0x0884,0x0883,0x1084,0x0883,0x0884,0x0883,0x0883,0x0884,
  0x0883,0x0884,0x0883,0x0884,0x1083,0x0883,0x1084,0x0883,0x1083,0x0884,0x1083,0x0883,
  0x1083,0x0884,0x1083,0x0884,0x1083,0x0883,0x0864,0x0883,0x1064,0x0883,0x1064,0x0883,
  0x0884,0x1083,0x0884,0x0883,0x1084,0x0883,0x1084,0x0883,0x0884,0x1083,0x0883,0x1063,
  0x0883,0x0883,0x1083,0x0883,0x0883,0x0884,0x1063,0x0883,0x0863,0x1084,0x0863,0x0883,
  0x1063,0x0883,0x1083,0x0883,0x1083,0x0863,0x0883,0x1063,0x0884,0x1083,0x0883,0x1083,
  0x0884,0x1083,0x0883,0x1084,0x0883,0x1084,0x0883,0x1083,0x0884,0x0883,0x0884,0x0883,
  0x0884,0x0883,0x0884,0x0883,0x1084,0x0883,0x1084,0x0883,0x1084,0x0883,0x0884,0x0883,
  0x1084,0x1083,0x0884,0x1083,0x0884,0x1083,0x0884,0x1083,0x08A3,0x10A4,0x18E4,0x2146,
  0x2966,0x39E8,0xF7BF,0xE75D,0xEFBE,0xE75D,0xE77D,0xEF7E,0xEF9E,0x52CB,0x3A08,0x3186,
  0x31C7,0x3187,0x39E8,0x31C7,0x3A08,0xF7BF,0xE75D,0xEF9E,0xE73D,0xEFBF,0xEF7E,0xE77D,
  0x31C7,0x31A7,0x39E8,0x39C8,0x39C7,0x31C7,0x4A6A,0xEF7E,0xE77D,0xEF9E,0xE73D,0xAD96,
  0x3A09,0x3A09,0x39E8,0x39E8,0x39C8,0x31E8,0x39E8,0x39E8,0x3A08,0x39E8,0x8431,0xE77E,
  0xE75E,0xEF9E,0xE75E,0xA514,0x39E9,0x422A,0x4229,0x4229,0x8431,0xEF7E,0xEFBE,0xE75D,
  0xDF3C,0x636D,0x424A,0x4229,0x31E8,0x39C8,0x3A09,0x4209,0x6BAF,0xCE7A,0xF7BF,0xE77E,
  0xDF1C,0xF7DF,0xCEBB,0x31A7,0x31C7,0x2966,0x4229,0x39E9,0x4A8A,0xEFBF,0xE75E,0xF7DF,
  0xDF1C,0xBDF8,0x31E8,0x3A09,0x4229,0x31A7,0x31C8,0x31C8,0x4229,0x3A09,0x39E8,0x39E8,
  0x7C10,0xEF9F,0xDF3D,0xEF7E,0xE75D,0x94F4,0x4229,0x39E8,0x31E8,0x4229,0x8C92,0xE77E,
  0xE75D,0xEFBF,0xDF3D,0x4249,0x4A8B,0x4229,0x52CC,0xE77E,0xE75D,0xEFBE,0xEF7E,0xDF5D,
  0xEF9E,0x8472,0x4A6A,0x4A8A,0x4A6A,0x9CF4,0xEF7E,0xE77D,0xEF9E,0xDEFC,0x3A28,0x4229,
  0x4A6A,0x52AB,0x7C10,0xEF9E,0xE73D,0xDF3C,0xDF1C,0x6B4D,0x426A,0x4249,0x4249,0x4229,
  0x4228,0x3A08,0x39E8,0x39E8,0x31A8,0x2987,0x18E5,0x2126,0x2986,0x18E4,0x2125,0x39E9,
  0x2966,0x632D,0xE77D,0xE77E,0xE73D,0xEF7E,0xEFBE,0xA555,0x31C7,0x4229,0x422A,0x424A,
  0x5AEC,0xAD96,0xEF9F,0xEFBF,0xE77E,0xDF1C,0xF7DF,0x4AAB,0x3A08,0x39E8,0x3187,0x3A09,
  0x7BF0,0xEF9E,0xEF7E,0xE77D,0xEF9E,0x5B0C,0x3186,0x2146,0x2125,0x2104,0x1905,0x2105,
  0x2146,0x2946,0x31A7,0xE75E,0xEF7D,0xE79E,0xEF7D,0xDF5D,0x2966,0x2125,0x18E5,0x10C4,
  0x10A3,0x1084,0x0883,0x1083,0x1084,0x0883,0x1084,0x0883,0x1084,0x0883,0x0884,0x0883,
  0x1084,0x0883,0x0884,0x0883,0x1083,0x0884,0x1083,0x0884,0x1083,0x0883,0x1084,0x0883,
  0x1083,0x0884,0x1083,0x0883,0x1084,0x0883,0x1084,0x0883,0x1084,0x0883,0x1083,0x0883,
  0x0883,0x1083,0x0883,0x1083,0x0883,0x0883,0x0883,0x1063,0x0883,0x1063,0x0883,0x1063,
  0x0883,0x0863,0x0883,0x1063,0x0883,0x1063,0x0884,0x0883,0x0863,0x1083,0x0863,0x1084,
  0x0863,0x1083,0x0883,0x1084,0x0883,0x1083,0x0883,0x1084,0x0883,0x0884,0x0863,0x0884,
  0x0863,0x1083,0x0884,0x0883,0x1083,0x0883,0x1084,0x0883,0x1083,0x0884,0x1083,0x0883,
  0x1083,0x0883,0x1084,0x0883,0x0883,0x1084,0x0883,0x1083,0x0884,0x1083,0x0883,0x0884,
  0x0883,0x0883,0x0884,0x0883,0x0883,0x0884,0x1083,0x0884,0x08A3,0x1084,0x08A4,0x1083,
  0x10A4,0x0883,0x10A3,0x1084,0x10A3,0x0863,0x18E4,0x2125,0x2125,0x29A7,0xD6DB,0xE77E,
  0xE73D,0xEF7E,0xE75D,0xE75D,0xF7DF,0x39C7,0x31C8,0x39A7,0x31A7,0x2145,0x3187,0x31A7,
  0x31A7,0xE75D,0xEF7E,0xE77D,0xEF7E,0xEF9E,0xE75D,0xDF1C,0x39C8,0x31A7,0x31A7,0x31C7,
  0x31C7,0x31A7,0xA515,0xE75D,0xF7BF,0xE75D,0xEF7E,0x52AB,0x39E8,0x31C7,0x31C7,0x31A7,
  0x2987,0x31A7,0x31A7,0x31A7,0x31C8,0x31C8,0x3A08,0xF7FF,0xE75D,0xE77E,0xEF9E,0xDF5D,
  0x4209,0x29A7,0x4229,0x3A09,0x7C30,0xE77D,0xEF7E,0xE77D,0xEF9E,0xDEFB,0xEF7E,0xEFBF,
  0xF79E,0xF7DF,0xEFBF,0xDF1D,0xE73D,0xEF9E,0xDF3D,0xEF9E,0xEF9E,0xE75E,0x52CB,0x2987,
  0x39E8,0x31C8,0x31C8,0x31C7,0x94D4,0xEF7E,0xE77D,0xE73D,0xE77E,0x52EC,0x31C7,0x31A7,
  0x39E8,0x29A7,0x3187,0x31A7,0x1925,0x4208,0x31E8,0x3A09,0x39E8,0xE73D,0xE77E,0xF7DF,
  0xEFBF,0xEF7E,0x3A08,0x4229,0x31E8,0x3A08,0x94B4,0xE73D,0xDF3D,0xF7BF,0xDF3D,0x3A08,
  0x4A6A,0x424A,0x4249,0xEF7E,0xE75D,0xEFBF,0xEF9E,0xEF7E,0xEFBE,0x52CB,0x4249,0x4249,
  0x4229,0x9CF4,0xE79E,0xE77D,0xEF9E,0xD6FC,0x39E8,0x3A08,0x39C8,0x31C7,0x73AF,0xEFBF,
  0xEF9E,0xEF9E,0xFFFF,0xDF1C,0xEF7E,0xEF7E,0xE77E,0xEF5D,0xE77E,0xEF7E,0xE77D,0xEF7E,
  0xEF9F,0xE75E,0xFFDF,0xEFBF,0xE73D,0x29A7,0x18E4,0x1904,0x2166,0x2966,0xC639,0xFFFF,
  0xDF1C,0xEF9E,0xEFBF,0xE73D,0xE75E,0xF7FF,0xEF7E,0xDF3D,0xE75D,0xF7BF,0xE77E,0xDF1C,
  0xEF9E,0xF7BF,0xADB7,0x4229,0x31A7,0x31C8,0x31C7,0x31A7,0x7BF0,0xEF9E,0xEF7D,0xEF7E,
  0xEF9E,0x5AEC,0x2966,0x2104,0x18E4,0x18E4,0x18C4,0x18E4,0x2125,0x2125,0x2967,0xE73D,
  0xE77E,0xEF9E,0xE77D,0xE73D,0x2125,0x1905,0x18E4,0x10A3,0x1084,0x0883,0x1083,0x0883,
  0x1084,0x08A4,0x1083,0x0884,0x0883,0x0884,0x1083,0x0884,0x0883,0x0883,0x1084,0x0883,
  0x0884,0x0883,0x0884,0x0883,0x0884,0x0883,0x0884,0x0883,0x1084,0x0883,0x1083,0x0884,
  0x1083,0x0883,0x1083,0x0883,0x1083,0x0884,0x0883,0x1084,0x0863,0x1084,0x0863,0x0863,
  0x1084,0x0863,0x1084,0x0883,0x0884,0x1083,0x0884,0x0883,0x1084,0x0883,0x1084,0x0883,
  0x0883,0x0883,0x1083,0x0863,0x0883,0x0883,0x0883,0x1083,0x0883,0x0884,0x1063,0x0883,
  0x0863,0x1084,0x0863,0x0883,0x1063,0x0883,0x1083,0x1083,0x0863,0x0883,0x1063,0x0883,
  0x0864,0x0883,0x0883,0x1084,0x0883,0x1083,0x0884,0x1083,0x0884,0x1083,0x0883,0x1084,
  0x0883,0x0884,0x0883,0x0884,0x0883,0x0884,0x1083,0x0884,0x1083,0x0884,0x1083,0x0884,
  0x1083,0x0884,0x0883,0x0883,0x1084,0x0883,0x1083,0x0884,0x1083,0x0884,0x1083,0x0883,
  0x1084,0x0883,0x10A3,0x1905,0x18E4,0x3186,0x94F3,0xEF7E,0xE77D,0xEF9E,0xF7BF,0xE75D,
  0xCE9A,0x2966,0x2966,0x2966,0x2125,0x2125,0x2146,0x3186,0x3187,0xAD76,0xEF9E,0xEF7E,
  0xEF7E,0xE73D,0xEF7E,0xAD96,0x39E8,0x39C7,0x2966,0x2966,0x2125,0x3187,0xDF1C,0xEF9E,
  0xEF7E,0xE75D,0xEF9E,0x31A7,0x2986,0x2967,0x2146,0x2125,0x2125,0x1925,0x2125,0x2146,
  0x31C7,0x31A7,0x2966,0xC65A,0xE75D,0xE77E,0xEF9E,0xEF7E,0x73AF,0x2967,0x31C8,0x39E8,
  0x7C10,0xEF7E,0xE77D,0xEFBE,0xEFBF,0xEFBE,0xEF9E,0xE75D,0xD71C,0xEF7E,0xEF9F,0xEF9E,
  0xEFBF,0xEF7E,0xEF9E,0xF7BF,0xDF3D,0x5B0C,0x2987,0x31C7,0x2966,0x39E8,0x2125,0x39E8,
  0xE75D,0xEFBF,0xEF9E,0xE77E,0xEF7E,0x31A7,0x31C8,0x2966,0x2987,0x2966,0x2125,0x1925,
  0x2946,0x2987,0x2125,0x31C7,0x31A7,0xC659,0xEFBF,0xDF3C,0xE77E,0xE77D,0x5AEC,0x31A7,
  0x3A09,0x31C7,0x8C93,0xEF9E,0xE77E,0xEF7D,0xE73D,0x39E8,0x3A09,0x4229,0x3A08,0xC639,
  0xE77D,0xEF9E,0xE77D,0xEF7E,0xE77D,0x4249,0x4229,0x39E8,0x3A08,0x9CF4,0xEF9E,0xE75D,
  0xEF9E,0xD6DB,0x31C7,0x39C8,0x3A29,0x39E8,0x7C10,0xEF9E,0xE75D,0xDF3D,0xE75D,0xEFBE,
  0xE77E,0xEF7D,0xE77E,0xEF9E,0xEF7E,0xEF9E,0xEF9E,0xEF9E,0xE77E,0xDF3D,0xEF7E,0xE77E,
  0xE77E,0x18C4,0x2125,0x2146,0x2125,0x2146,0x1924,0xCE7A,0xEFDF,0xE75D,0xEF9E,0xEFBE,
  0xEF9E,0xE77E,0xE77E,0xF79E,0xF7DF,0xE75D,0xE75D,0xF7FF,0xEF7E,0xBE18,0x31A7,0x2966,
  0x2166,0x39C8,0x3A08,0x2966,0x7BF0,0xEF9E,0xE77D,0xE77D,0xEF9E,0x5AEB,0x2145,0x18E4,
  0x18E4,0x18C4,0x10C4,0x18C4,0x18E4,0x18E4,0x2966,0xE73D,0xE77D,0xEF9E,0xE77D,0xDF3D,
  0x2125,0x18E4,0x10C4,0x1083,0x10A4,0x0883,0x0884,0x0883,0x1083,0x1084,0x0883,0x1084,
  0x0883,0x0884,0x0883,0x0883,0x1084,0x0883,0x0884,0x0883,0x1084,0x0883,0x1084,0x0883,
  0x1084,0x0883,0x1083,0x0884,0x0883,0x1083,0x0884,0x1083,0x0883,0x1084,0x0883,0x1084,
  0x0883,0x1083,0x0883,0x1083,0x0883,0x0883,0x0883,0x0863,0x1083,0x0883,0x0883,0x1063,
  0x0883,0x0863,0x1083,0x0863,0x0883,0x1063,0x0883,0x1063,0x0884,0x1063,0x0884,0x0883,
  0x0863,0x1084,0x0863,0x0884,0x1063,0x0883,0x0883,0x1084,0x0883,0x0883,0x1083,0x0884,
  0x0883,0x1084,0x0863,0x0883,0x0863,0x0883,0x0864,0x1083,0x0883,0x1063,0x0883,0x1083,
  0x0884,0x1083,0x0883,0x1084,0x0883,0x1084,0x0883,0x1083,0x0884,0x1083,0x0884,0x1083,
  0x0884,0x0883,0x0884,0x0883,0x0884,0x0883,0x0884,0x0883,0x0884,0x0883,0x1084,0x0883,
  0x1084,0x0883,0x1084,0x0883,0x1083,0x0883,0x1084,0x0883,0x1083,0x10A3,0x10A4,0x10C3,
  0x10C4,0x2966,0x632D,0xE77E,0xEF9F,0xDF1C,0xF79F,0xE77D,0x9493,0x2966,0x2986,0x18E4,
  0x18C4,0x1905,0x2125,0x2125,0x2966,0x636E,0xEF5E,0xEF9D,0xEFBF,0xDF3C,0xF7BF,0x73AF,
  0x1925,0x2986,0x2126,0x2945,0x2967,0x5B0C,0xEF9E,0xEF9E,0xEF7E,0xE75D,0xAD97,0x2125,
  0x2145,0x2125,0x1905,0x18E4,0x18E4,0x18E4,0x1905,0x2105,0x18E4,0x2166,0x3187,0x5B2D,
  0xEF9F,0xF7BF,0xE75D,0xEF9F,0xBE19,0x39E8,0x31C7,0x31C8,0x8431,0xEFBE,0xE75D,0xEF7E,
  0xE77D,0xEF7E,0xE75D,0xEF9E,0xEFBF,0xEFBE,0xE75E,0xEF7E,0xDF1D,0xF7DF,0xDF5D,0xBE18,
  0x39E8,0x2966,0x31A7,0x2125,0x2126,0x2146,0x2146,0x5B0C,0xF7BF,0xE77E,0xE75E,0xEF7E,
  0xA556,0x2145,0x2966,0x1905,0x18C4,0x1905,0x18C4,0x1905,0x2105,0x10A3,0x2126,0x2966,
  0x2126,0x636E,0xF79F,0xEF9E,0xEF5E,0xEF9F,0xCE7A,0x2146,0x39E8,0x2987,0x8431,0xEF9E,
  0xEFBF,0xE73D,0xE75E,0x31E8,0x31A7,0x39E8,0x31A8,0x8CB3,0xEF7E,0xEF9E,0xE75D,0xE75D,
  0xD6BB,0x31C7,0x31C8,0x39E8,0x39E8,0x9CF4,0xEF9E,0xE75D,0xEFBE,0xD6DB,0x31A7,0x31A7,
  0x29A6,0x31C7,0x7C10,0xE75D,0xEF7E,0xF7DF,0xE73D,0xEF9E,0xE77E,0xEF7D,0xE77E,0xEF7D,
  0xE77E,0xE77D,0xE77E,0xE77D,0xEF7E,0xEFBF,0xE75E,0xEF7E,0xE75D,0x1925,0x2946,0x18E4,
  0x2145,0x2125,0x2146,0x31A6,0x94B3,0xEF7E,0xE77E,0xE75D,0xEFBF,0xE73C,0xEF9E,0xEF9F,
  0xDF3D,0xE77E,0xF7BF,0xDF1C,0x8472,0x31A7,0x2986,0x2126,0x31A7,0x1905,0x18C4,0x29A7,
  0x7BEF,0xEF9E,0xEF7E,0xEF7E,0xEF9E,0x5AEC,0x2125,0x10C4,0x18E4,0x18C4,0x10A3,0x10C4,
  0x18C4,0x18C4,0x2146,0xE73D,0xEF7E,0xEF9E,0xEF7E,0xDF1D,0x1924,0x18C4,0x10A4,0x0883,
  0x1084,0x1083,0x0883,0x1064,0x0883,0x1084,0x10A3,0x0884,0x1083,0x0884,0x1083,0x0884,
  0x0883,0x0884,0x1083,0x0884,0x0883,0x0883,0x0884,0x0883,0x0883,0x0884,0x0883,0x0884,
  0x1083,0x0883,0x1083,0x0884,0x1083,0x0883,0x1084,0x0883,0x1084,0x0883,0x0864,0x0883,
  0x1064,0x0863,0x1083,0x0863,0x0884,0x1083,0x0884,0x1083,0x0884,0x1083,0x0884,0x1083,
  0x0884,0x0883,0x0884,0x1083,0x0883,0x0883,0x1083,0x0863,0x0863,0x0883,0x1063,0x0883,
  0x0863,0x1083,0x0863,0x0863,0x1083,0x0864,0x1083,0x0863,0x1083,0x0883,0x0883,0x1084,
  0x1083,0x0883,0x1083,0x0883,0x1084,0x0883,0x1064,0x0883,0x1083,0x0884,0x1083,0x0883,
  0x1083,0x0883,0x1084,0x0883,0x1083,0x0883,0x1083,0x0883,0x1083,0x1083,0x1083,0x1083,
  0x1083,0x1083,0x1083,0x1083,0x1083,0x0884,0x1083,0x0883,0x1083,0x0884,0x1083,0x0883,
  0x1084,0x0883,0x1083,0x0884,0x18C4,0x0042,0x10A4,0x1083,0x18E5,0x10A3,0x31C8,0xEF5E,
  0xEF9E,0xE75D,0xEF9F,0xDF3C,0x52AC,0x2145,0x18E5,0x18E4,0x18E5,0x10A3,0x1905,0x18C4,
  0x2126,0x31A6,0xE75E,0xEFBF,0xEF9F,0xE75D,0xE75E,0x4229,0x2125,0x1904,0x2146,0x18E4,
  0x1905,0xBDF8,0xEF7E,0xF7DF,0xE77E,0xE75E,0x632D,0x10C4,0x18E5,0x18E4,0x18C5,0x10C4,
  0x10A4,0x10C4,0x18C4,0x10C4,0x1905,0x18E5,0x18E5,0x2125,0xE75E,0xEF9F,0xE77E,0xE75E,
  0xE73D,0x4229,0x1905,0x3187,0x8431,0xEF9F,0xE77E,0xEF9E,0xE77E,0xEF7E,0xE79E,0xEF7E,
  0xE77E,0xE75E,0xE73D,0xDF3D,0xBE18,0x8452,0x424A,0x2126,0x1926,0x2146,0x2126,0x1905,
  0x1905,0x2125,0x1925,0xBE19,0xEF9F,0xEF9E,0xE75E,0xEF9E,0x428A,0x2987,0x18E5,0x1904,
  0x1905,0x10C4,0x10C4,0x18E4,0x10E4,0x1905,0x18E5,0x10E4,0x2126,0x1925,0xE77F,0xEFBF,
  0xE77E,0xEFBF,0xE77E,0x3A09,0x2967,0x2125,0x8C93,0xEF9F,0xEF9F,0xE79E,0xE75E,0x2986,
  0x1926,0x2966,0x29A7,0x4A8B,0xEF9E,0xE77E,0xEFBF,0xDF3C,0x8CB3,0x39E8,0x1904,0x31A7,
  0x2986,0x8CD3,0xE73D,0xE77E,0xEFBF,0xD6DB,0x2166,0x2146,0x2946,0x2966,0x7C11,0xE73D,
  0xF7BF,0xE77D,0xE77E,0xE75D,0xEF7E,0xE79E,0xEF7E,0xE79E,0xEF7E,0xE77E,0xEF7E,0xE75E,
  0xEF7E,0xEF7E,0xE75E,0xE77E,0xEF5E,0x18E4,0x18E4,0x10C4,0x18C4,0x18E5,0x2125,0x2126,
  0x1905,0x31A7,0x6B8F,0xAD76,0xCE9B,0xDEFD,0xE77E,0xDF1D,0xCE9A,0xA556,0x636E,0x31A7,
  0x2146,0x2126,0x2125,0x1905,0x1905,0x1905,0x1904,0x18E5,0x7BF0,0xEF9F,0xE77D,0xE77E,
  0xDF1C,0x634D,0x18E4,0x10C4,0x18C4,0x0862,0x2105,0x0883,0x18E4,0x0863,0x1905,0xE73D,
  0xE77E,0xEF9F,0xEF7E,0xDF1D,0x18E4,0x10A4,0x0883,0x10A4,0x1083,0x0884,0x1083,0x0883,
  0x1083,0x0884,0x0883,0x1083,0x0884,0x1083,0x0883,0x1084,0x0883,0x1083,0x0883,0x1083,
  0x1084,0x1083,0x0883,0x1084,0x1083,0x0883,0x1084,0x1083,0x0884,0x1083,0x0884,0x1083,
  0x0883,0x1084,0x0883,0x1083,0x0863,0x1083,0x0883,0x1083,0x0883,0x0883,0x0884,0x1083,
  0x0883,0x1063,0x0883,0x0863,0x1083,0x0863,0x0883,0x0863,0x1063,0x0863,0x0863,0x0863,
  0x1063,0x0863,0x0883,0x0863,0x0863,0x0883,0x0863,0x0883,0x0863,0x0883,0x0863,0x0883,
  0x1083,0x0883,0x0883,0x1084,0x0863,0x0884,0x1063,0x0883,0x0863,0x1084,0x0863,0x0883,
  0x0863,0x1083,0x0883,0x0883,0x1084,0x0883,0x1083,0x0884,0x1083,0x0884,0x1083,0x0884,
  0x1083,0x0884,0x1083,0x0884,0x0883,0x0884,0x0883,0x0884,0x0883,0x0884,0x0883,0x0884,
  0x1083,0x0883,0x1084,0x0883,0x1084,0x0883,0x1083,0x0884,0x1083,0x0883,0x1084,0x0883,
  0x1084,0x0863,0x10C4,0x0863,0x18C4,0x2126,0x0863,0x2146,0x1925,0x18E4,0x1905,0x31A8,
  0x10C3,0x18C5,0x18E4,0x18E5,0x18E4,0x10A4,0x18C4,0x10C4,0x18E4,0x0022,0x2966,0x0883,
  0x2125,0x10A3,0x31A7,0x10C4,0x2125,0x18C5,0x10C4,0x2105,0x10A4,0x2966,0x10E4,0x10A4,
  0x10A4,0x1904,0x10A3,0x2105,0x10C4,0x18C4,0x10C4,0x10A4,0x10A4,0x10A4,0x10A4,0x18C4,
  0x1084,0x10C4,0x2105,0x10C4,0x2126,0x10C4,0x1905,0x2126,0x2987,0x0883,0x2946,0x2967,
  0x1905,0x2966,0x2146,0x2987,0x3187,0x29A7,0x31A7,0x29A7,0x3187,0x2987,0x2966,0x2966,
  0x2987,0x2166,0x1926,0x2125,0x2146,0x1925,0x10E4,0x10C4,0x10C4,0x2146,0x0883,0x1926,
  0x10C4,0x10C4,0x1925,0x10E5,0x2146,0x10E5,0x08A3,0x10C5,0x18E4,0x10A4,0x08A4,0x10C4,
  0x10A4,0x0042,0x1905,0x10C4,0x10E4,0x0863,0x2146,0x10C4,0x10C4,0x1946,0x2987,0x0883,
  0x2146,0x2166,0x08A4,0x1925,0x10E5,0x10C4,0x2167,0x0883,0x31C8,0x2967,0x10E5,0x2967,
  0x1925,0x1925,0x2145,0x2166,0x2166,0x2146,0x2125,0x2146,0x1925,0x2146,0x2166,0x1904,
  0x0882,0x2166,0x10C4,0x1925,0x2987,0x18E5,0x2146,0x2987,0x1905,0x2125,0x31A7,0x2987,
  0x2987,0x2967,0x2987,0x2987,0x2966,0x2966,0x2146,0x2166,0x10C4,0x2987,0x18E4,0x10C4,
  0x2146,0x0883,0x18C4,0x1905,0x2105,0x10C4,0x10C4,0x1905,0x2125,0x1905,0x2125,0x2967,
  0x2966,0x2987,0x2987,0x2966,0x2966,0x2967,0x2946,0x18E5,0x1905,0x1905,0x18E5,0x18E4,
  0x18C4,0x18C4,0x18C4,0x18E4,0x10A3,0x2126,0x10A3,0x1905,0x2125,0x0883,0x18C4,0x0842,
  0x10C4,0x0842,0x10A4,0x0883,0x10A4,0x2125,0x0883,0x18C4,0x10E4,0x18C4,0x08A3,0x18C4,
  0x10A4,0x18E5,0x10A4,0x1083,0x0883,0x1083,0x0884,0x1083,0x0884,0x1083,0x1084,0x0883,
  0x1083,0x0884,0x1083,0x0883,0x1084,0x0883,0x1084,0x0883,0x0883,0x1084,0x0883,0x1083,
  0x0884,0x1083,0x0883,0x1083,0x0883,0x1084,0x0883,0x1083,0x0884,0x1083,0x0883,0x1084,
  0x0883,0x0884,0x1063,0x0883,0x1064,0x0883,0x1063,0x0883,0x0884,0x0883,0x1084,0x0883,
  0x0884,0x1083,0x0884,0x1083,0x0883,0x0883,0x1083,0x0883,0x0884,0x0863,0x1083,0x0863,
  0x0863,0x0883,0x1063,0x0883,0x1064,0x0883,0x1063,0x0884,0x0863,0x1084,0x0863,0x0883,
  0x1083,0x0883,0x0883,0x1084,0x0883,0x0883,0x1083,0x0884,0x1083,0x0883,0x1064,0x0883,
  0x1083,0x0884,0x1083,0x0883,0x1084,0x0883,0x1083,0x0883,0x1084,0x0883,0x1084,0x0883,
  0x1084,0x1083,0x1084,0x1083,0x1084,0x1083,0x1084,0x0883,0x1084,0x0883,0x1083,0x0883,
  0x1083,0x0884,0x1083,0x0883,0x1084,0x0883,0x1083,0x0883,0x0883,0x0863,0x20E5,0x10A4,
  0x0042,0x10A4,0x10C4,0x10A4,0x18E5,0x1905,0x10A3,0x10A3,0x18C5,0x10C3,0x0863,0x10A3,
  0x0883,0x10A3,0x10A3,0x1083,0x1905,0x2146,0x18E4,0x2126,0x2146,0x10C4,0x10C4,0x10A4,
  0x10C4,0x18E4,0x0883,0x1083,0x10A3,0x0042,0x18C4,0x1905,0x2105,0x0883,0x10C4,0x10A4,
  0x10C4,0x10A4,0x10A4,0x1083,0x10A3,0x10A4,0x10A3,0x1084,0x10A4,0x0863,0x10A4,0x2146,
  0x0863,0x18E5,0x2105,0x10C4,0x18E4,0x18E5,0x1905,0x2125,0x18E5,0x18E4,0x2146,0x18C4,
  0x2146,0x2146,0x2946,0x2146,0x2946,0x2126,0x2125,0x2126,0x18E5,0x1905,0x1905,0x10E5,
  0x10A4,0x10A3,0x10C5,0x18E5,0x0883,0x10E5,0x18E5,0x10C4,0x18E4,0x0884,0x1925,0x10C4,
  0x10A4,0x10A4,0x10A4,0x10A4,0x10C4,0x0883,0x08A3,0x10A4,0x10C4,0x0883,0x18E5,0x08A4,
  0x18E5,0x2166,0x0883,0x18E5,0x1905,0x18E4,0x10C4,0x18E5,0x10C4,0x2146,0x0883,0x2126,
  0x1905,0x2125,0x10A4,0x18E4,0x1906,0x10C4,0x10A4,0x10C4,0x1905,0x2125,0x1905,0x10C4,
  0x10C4,0x1905,0x1905,0x08A3,0x10C4,0x0862,0x10A4,0x2146,0x10C4,0x10C4,0x2125,0x0883,
  0x10A3,0x18C4,0x18E4,0x18E5,0x18C4,0x2146,0x2987,0x2966,0x2966,0x2966,0x2146,0x2946,
  0x2146,0x2146,0x2126,0x2125,0x2126,0x2126,0x10C4,0x10A3,0x1083,0x2126,0x0883,0x0863,
  0x10C4,0x10A3,0x10A4,0x18E4,0x2105,0x1905,0x18E4,0x10C4,0x18E4,0x1905,0x2125,0x2105,
  0x1905,0x2105,0x1905,0x1905,0x18C4,0x18C4,0x10C4,0x10A4,0x10A3,0x10A4,0x10A4,0x10A4,
  0x10C4,0x0863,0x0863,0x18E4,0x1083,0x10A4,0x2146,0x10A3,0x10A4,0x0863,0x10A3,0x18C4,
  0x0842,0x1083,0x2126,0x0042,0x10A4,0x18E5,0x10A4,0x0022,0x2125,0x0883,0x0863,0x10A4,
  0x0883,0x1084,0x0883,0x1083,0x0883,0x1083,0x0883,0x1084,0x0883,0x1083,0x0884,0x1083,
  0x0883,0x1084,0x0883,0x1084,0x0883,0x1083,0x0884,0x1083,0x0883,0x1084,0x0883,0x1084,
  0x0883,0x1083,0x0884,0x1083,0x0883,0x1083,0x0884,0x1083,0x0863,0x1083,0x0883,0x0883,
  0x0883,0x1083,0x0884,0x1063,0x0883,0x1063,0x0883,0x1063,0x0883,0x0863,0x1083,0x0863,
  0x0863,0x0863,0x0864,0x1063,0x0883,0x0863,0x0883,0x0863,0x0863,0x0883,0x0863,0x0883,
  0x0863,0x0883,0x0863,0x1083,0x0883,0x1083,0x0883,0x1084,0x0863,0x1083,0x0863,0x0883,
  0x1063,0x0884,0x0863,0x1083,0x0863,0x0883,0x0883,0x1083,0x0884,0x1083,0x0884,0x1083,
  0x0883,0x1084,0x0883,0x1084,0x0883,0x1083,0x0883,0x1083,0x0883,0x0883,0x0883,0x0883,
  0x0883,0x0883,0x1083,0x0883,0x1083,0x0884,0x1083,0x0884,0x1083,0x0883,0x1084,0x0883,
  0x1083,0x0884,0x1083,0x0884,0x10A4,0x0842,0x0063,0x18C4,0x0883,0x0863,0x18C4,0x10C4,
  0x0862,0x18C4,0x18C4,0x0863,0x18E4,0x1083,0x0883,0x18C4,0x10A4,0x10A4,0x10C4,0x0883,
  0x0863,0x10A3,0x0022,0x18C4,0x0883,0x18E4,0x10A4,0x10A3,0x0863,0x18E4,0x18C4,0x0883,
  0x2106,0x1083,0x18E5,0x0883,0x1083,0x0883,0x2105,0x10A3,0x10A4,0x10A4,0x1083,0x0884,
  0x1083,0x0884,0x1083,0x08A4,0x10A3,0x18C4,0x10C4,0x1083,0x18E5,0x10A3,0x1084,0x10C4,
  0x10A4,0x18E5,0x0883,0x1083,0x18E4,0x18E5,0x2946,0x1905,0x18E4,0x18E5,0x2105,0x1905,
  0x1905,0x1905,0x18E5,0x18E4,0x1905,0x10E5,0x18C4,0x10C4,0x10C4,0x10C4,0x10A4,0x10C4,
  0x2125,0x0863,0x10A4,0x0883,0x2126,0x08A3,0x10A4,0x10A4,0x10C4,0x10C4,0x10C4,0x10A4,
  0x0883,0x0884,0x10A3,0x0884,0x0883,0x1905,0x0883,0x0863,0x0883,0x0863,0x0863,0x10E4,
  0x18E5,0x0883,0x18E5,0x10E4,0x18E5,0x10C4,0x0884,0x10C4,0x0883,0x1905,0x10C4,0x10C4,
  0x0062,0x10A4,0x1925,0x18E5,0x0883,0x10C4,0x18E4,0x1905,0x18E4,0x10C4,0x10C4,0x18E4,
  0x1905,0x1905,0x0883,0x08A3,0x18E4,0x0883,0x18E5,0x18E4,0x10C4,0x18E5,0x18E4,0x2105,
  0x1925,0x18C4,0x10C4,0x18C5,0x1905,0x18E5,0x1905,0x1905,0x18E5,0x18E4,0x18E4,0x18C4,
  0x1905,0x0862,0x18E4,0x10C4,0x18C4,0x10C4,0x1083,0x18E4,0x1083,0x10C4,0x18C4,0x10A4,
  0x0883,0x1083,0x18E5,0x2105,0x18E5,0x18E5,0x1905,0x18E5,0x18C4,0x10A4,0x10A3,0x10C4,
  0x10A3,0x10A4,0x10A3,0x10A3,0x1084,0x10A3,0x10A3,0x10A4,0x10A3,0x18E5,0x2105,0x10C4,
  0x10A4,0x0883,0x0022,0x1083,0x10A3,0x10C4,0x0863,0x10C4,0x10C4,0x0042,0x10A3,0x18E4,
  0x1084,0x10A3,0x10A4,0x10A4,0x0884,0x10A4,0x10A3,0x10A4,0x0883,0x1083,0x0884,0x1083,
  0x0884,0x1083,0x0884,0x1083,0x0883,0x1084,0x0883,0x1083,0x0884,0x1083,0x0883,0x1083,
  0x0884,0x1083,0x0883,0x1084,0x0883,0x1083,0x0884,0x1083,0x0884,0x1083,0x0883,0x1084,
  0x0883,0x1084,0x0883,0x1083,0x0883,0x0884,0x1063,0x0884,0x1063,0x0883,0x0883,0x0883,
  0x1084,0x0883,0x0884,0x1083,0x0884,0x1083,0x0884,0x0883,0x1083,0x0883,0x0883,0x0863,
  0x1083,0x0863,0x1083,0x0863,0x0863,0x1083,0x0863,0x1083,0x0863,0x1083,0x0863,0x0883,
  0x0864,0x1083,0x0863,0x0883,0x0883,0x1084,0x0883,0x1084,0x0883,0x1083,0x0883,0x0884,
  0x1083,0x0884,0x1063,0x0883,0x0883,0x1083,0x0883,0x0883,0x1083,0x0883,0x0883,0x1083,
  0x0884,0x1083,0x0884,0x1083,0x0884,0x1083,0x1084,0x1083,0x1084,0x0883,0x1084,0x0883,
  0x1084,0x0883,0x1083,0x0884,0x1083,0x0884,0x1083,0x0883,0x1084,0x0883,0x1083,0x1083,
  0x1084,0x10A3,0x0042,0x0863,0x10C4,0x10A4,0x10A4,0x0842,0x10A4,0x0883,0x18C4,0x0863,
  0x10C4,0x0883,0x10A4,0x0042,0x0883,0x0862,0x1083,0x10A4,0x18C4,0x10C4,0x10A4,0x0883,
  0x1083,0x10A4,0x10A3,0x18E5,0x18C4,0x0842,0x08A4,0x10A3,0x0883,0x0863,0x0883,0x1083,
  0x10C4,0x0863,0x0863,0x0883,0x1084,0x1083,0x10A4,0x0883,0x10A4,0x1083,0x0884,0x1083,
  0x0042,0x10A4,0x10A4,0x0022,0x2105,0x0884,0x0883,0x18E5,0x0862,0x18C4,0x18E4,0x10C4,
  0x10A4,0x0883,0x0863,0x10C4,0x18C4,0x10C4,0x18C4,0x18C4,0x18C4,0x18C4,0x10C4,0x10C4,
  0x10A3,0x0883,0x0883,0x08A4,0x10C4,0x10C4,0x10A4,0x0063,0x0883,0x0863,0x10C4,0x0042,
  0x0863,0x10C4,0x10C4,0x10C4,0x0883,0x10C4,0x10A4,0x0883,0x0883,0x10A4,0x10C4,0x10A4,
  0x0862,0x08A4,0x0863,0x10C4,0x18E4,0x0883,0x1905,0x08A4,0x10C4,0x0062,0x10C4,0x0863,
  0x10A4,0x0883,0x18E5,0x10A4,0x10C4,0x0883,0x10C4,0x18E5,0x10E5,0x10A3,0x10A4,0x08A3,
  0x1905,0x10A4,0x0883,0x10A4,0x10A4,0x08A3,0x0883,0x10C4,0x0883,0x10C4,0x10C4,0x0042,
  0x1906,0x08A3,0x0883,0x10C4,0x10A4,0x10A3,0x0863,0x1083,0x10C4,0x1083,0x1083,0x2125,
  0x10C4,0x18C4,0x18C4,0x10C4,0x18C4,0x10C4,0x10C4,0x10A4,0x18C4,0x0883,0x18E5,0x1083,
  0x0883,0x0022,0x10A4,0x0883,0x10A4,0x10A4,0x10A3,0x0883,0x1083,0x10A3,0x08A4,0x0883,
  0x10A3,0x1083,0x0883,0x1083,0x10A3,0x08A3,0x10A4,0x18C4,0x10A3,0x10A3,0x1084,0x1083,
  0x08A3,0x1084,0x10A3,0x10A4,0x0862,0x10C4,0x0863,0x0001,0x10A3,0x10A4,0x0042,0x18E5,
  0x0883,0x18C4,0x1083,0x0842,0x10C4,0x1083,0x0022,0x1083,0x10C4,0x0863,0x0863,0x18E5,
  0x0042,0x18A4,0x10A4,0x0863,0x0883,0x1084,0x0883,0x1084,0x0883,0x1083,0x0883,0x1084,
  0x0883,0x1083,0x0884,0x1083,0x0883,0x1083,0x0884,0x1083,0x0883,0x1084,0x0883,0x1083,
  0x0884,0x1083,0x0883,0x1083,0x0883,0x0883,0x1083,0x0863,0x0883,0x1063,0x0883,0x0884,
  0x1063,0x0883,0x0883,0x1083,0x0883,0x0864,0x1083,0x0863,0x0883,0x1063,0x0883,0x0863,
  0x1083,0x0863,0x0883,0x1063,0x0864,0x0863,0x1083,0x0863,0x0883,0x0864,0x0883,0x0863,
  0x0863,0x0883,0x0863,0x0884,0x0863,0x0883,0x0864,0x1083,0x0883,0x0883,0x1084,0x0883,
  0x1063,0x0883,0x0863,0x0883,0x1063,0x0884,0x1063,0x0883,0x1063,0x0883,0x0883,0x1084,
  0x0863,0x0884,0x1063,0x0884,0x0863,0x1084,0x0863,0x0883,0x1083,0x0884,0x1083,0x0884,
  0x1083,0x0884,0x0883,0x0884,0x1083,0x0884,0x1083,0x0883,0x1083,0x0884,0x1083,0x0883,
  0x1083,0x0883,0x1084,0x0883,0x1083,0x0884,0x0883,0x0884,0x0842,0x10C5,0x1083,0x0863,
  0x1084,0x0862,0x1084,0x1905,0x10A4,0x0842,0x10A4,0x0883,0x1083,0x0863,0x18E5,0x1083,
  0x18C4,0x0883,0x0863,0x0862,0x0883,0x0842,0x2105,0x0863,0x10C4,0x0862,0x0863,0x0862,
  0x10C4,0x0042,0x10A4,0x18C4,0x0883,0x10A4,0x1083,0x0883,0x18C4,0x10C4,0x0862,0x18A4,
  0x08A3,0x1084,0x10A3,0x1084,0x10A3,0x0884,0x10A3,0x10A4,0x10A4,0x10A4,0x0883,0x1084,
  0x10C4,0x10A4,0x1083,0x0883,0x18C5,0x0862,0x0863,0x0863,0x10C4,0x18E4,0x1083,0x10C4,
  0x1083,0x1083,0x08A3,0x10A4,0x10A3,0x0883,0x10A3,0x1083,0x10E5,0x10C5,0x10A4,0x0883,
  0x0863,0x0883,0x10A4,0x10C4,0x0883,0x10A4,0x1905,0x10C4,0x08A4,0x18E4,0x0884,0x0863,
  0x0883,0x08A3,0x10A4,0x08A3,0x10A4,0x10A4,0x08A3,0x0883,0x1905,0x0863,0x10E4,0x0863,
  0x0883,0x0063,0x10A4,0x0842,0x0884,0x10C4,0x2106,0x1905,0x08A3,0x08A4,0x10A3,0x0883,
  0x1905,0x0022,0x10A4,0x0863,0x08A3,0x0863,0x0883,0x10C4,0x10A4,0x08A4,0x0883,0x0863,
  0x08A3,0x10C5,0x10C4,0x1084,0x0883,0x0863,0x18E5,0x0863,0x0883,0x1084,0x08A3,0x1084,
  0x0883,0x10A4,0x10A4,0x10C4,0x18C4,0x10C4,0x0883,0x10A4,0x10A3,0x10A4,0x10A4,0x10A4,
  0x10C4,0x18A4,0x10A3,0x10A4,0x1083,0x10A3,0x1083,0x18C5,0x10C4,0x1083,0x18E4,0x0883,
  0x1083,0x0883,0x1083,0x1083,0x10A4,0x10A4,0x18C4,0x10A3,0x10A4,0x1083,0x10A4,0x18E4,
  0x18C5,0x10A3,0x0863,0x0042,0x1083,0x0883,0x1083,0x08A3,0x1083,0x0883,0x1083,0x0883,
  0x10A4,0x1083,0x10A4,0x10A3,0x10A4,0x18C4,0x0883,0x1083,0x1083,0x0863,0x10C4,0x0883,
  0x0842,0x0883,0x10A4,0x18E5,0x0862,0x0884,0x10A3,0x1083,0x0883,0x0883,0x0883,0x18A4,
  0x0883,0x1083,0x0883,0x1083,0x0884,0x1083,0x0884,0x1083,0x0883,0x1084,0x0883,0x1083,
  0x0884,0x1083,0x0883,0x1084,0x0883,0x1083,0x0884,0x1083,0x0883,0x1084,0x0883,0x1084,
  0x0863,0x1084,0x0883,0x0884,0x1083,0x0883,0x0863,0x1083,0x0883,0x1084,0x0863,0x0884,
  0x1083,0x0883,0x1083,0x0884,0x1083,0x0884,0x1083,0x0884,0x0883,0x1084,0x0883,0x0883,
  0x1083,0x0863,0x0883,0x0863,0x1083,0x0863,0x1083,0x0863,0x0863,0x0883,0x1063,0x0883,
  0x1063,0x0883,0x0863,0x0883,0x1063,0x0883,0x1063,0x0883,0x0884,0x1083,0x0884,0x1083,
  0x0883,0x0883,0x0883,0x1084,0x0883,0x1084,0x0863,0x1083,0x0883,0x1083,0x0883,0x1083,
  0x0883,0x1083,0x0883,0x1064,0x0883,0x1083,0x0883,0x1083,0x0883,0x1083,0x1083,0x0883,
  0x1083,0x0883,0x1084,0x0883,0x1084,0x0883,0x1083,0x0884,0x1083,0x0884,0x1083,0x0883,
  0x1084,0x0883,0x1083,0x1083,0x0884,0x0862,0x0863,0x1084,0x10C4,0x0883,0x0022,0x0042,
  0x1083,0x0863,0x10A4,0x0883,0x0863,0x0842,0x0883,0x10A4,0x0883,0x1084,0x10A4,0x1084,
  0x10A3,0x0043,0x10A4,0x10A3,0x1084,0x10A4,0x18C4,0x0884,0x18C4,0x18C4,0x10A4,0x0842,
  0x0883,0x18C4,0x10C4,0x0863,0x0863,0x10A4,0x10A4,0x0863,0x0884,0x10A4,0x0884,0x08A3,
  0x1084,0x08A4,0x1084,0x08A3,0x0863,0x10A4,0x10A4,0x10C4,0x0863,0x0883,0x10A4,0x10C4,
  0x10A4,0x08A4,0x10C4,0x10C4,0x10A4,0x10C4,0x0883,0x10A4,0x10C4,0x10A4,0x10C4,0x10A4,
  0x10A4,0x10C4,0x10A4,0x10A4,0x0042,0x0883,0x10A4,0x10A4,0x10A4,0x10A4,0x10A4,0x0883,
  0x10C5,0x0883,0x0043,0x0863,0x10A4,0x0883,0x1084,0x10A4,0x10A4,0x10A4,0x10A4,0x10C4,
  0x10A4,0x0883,0x0884,0x0883,0x0863,0x0043,0x18C5,0x10A4,0x10A4,0x10A4,0x10A4,0x10C4,
  0x10C4,0x10A4,0x0022,0x0043,0x0863,0x10A4,0x10A4,0x08A4,0x0883,0x10A4,0x1905,0x0884,
  0x1084,0x08A4,0x1084,0x0883,0x0863,0x10C4,0x18E5,0x10A4,0x10A4,0x1084,0x08A3,0x0863,
  0x10C5,0x0863,0x10C4,0x08A4,0x0863,0x0883,0x10A4,0x0883,0x0883,0x10A3,0x0883,0x0883,
  0x0863,0x10A4,0x08A3,0x0863,0x0884,0x08A3,0x10A3,0x10A4,0x08A3,0x1083,0x08A4,0x0883,
  0x18E5,0x08A4,0x0042,0x0883,0x0883,0x0863,0x0883,0x10C4,0x0883,0x10A4,0x08A4,0x0883,
  0x0863,0x0062,0x0863,0x10A4,0x08A3,0x1084,0x0883,0x0842,0x0863,0x0883,0x1084,0x1083,
  0x0884,0x1084,0x0883,0x1084,0x10A4,0x0883,0x1084,0x0883,0x1083,0x0883,0x1083,0x10A4,
  0x0042,0x0842,0x10A4,0x1083,0x10C4,0x0002,0x0863,0x18C4,0x10A4,0x10A4,0x0863,0x0001,
  0x10A4,0x10A4,0x0863,0x0022,0x18C5,0x10A4,0x0863,0x0863,0x0884,0x1083,0x0884,0x1083,
  0x0883,0x1084,0x0883,0x1083,0x0884,0x1083,0x0883,0x1084,0x0883,0x1084,0x0883,0x1083,
  0x0884,0x1083,0x0883,0x1084,0x0883,0x1083,0x0884,0x1083,0x0883,0x0863,0x1083,0x0863,
  0x0883,0x1084,0x0883,0x0884,0x0863,0x0883,0x1083,0x0863,0x1083,0x0864,0x0883,0x1063,
  0x0883,0x0863,0x0883,0x1063,0x0883,0x1063,0x0883,0x1064,0x0883,0x0863,0x1083,0x0864,
  0x0883,0x0863,0x0883,0x0863,0x0863,0x0883,0x0863,0x0883,0x0863,0x1083,0x0863,0x0883,
  0x1084,0x0883,0x0884,0x1083,0x0863,0x1083,0x0863,0x0883,0x1064,0x0883,0x1063,0x0883,
  0x0863,0x0883,0x1083,0x0884,0x0863,0x0884,0x1063,0x0884,0x0863,0x1084,0x0883,0x0883,
  0x1084,0x0883,0x1084,0x0883,0x1084,0x0883,0x1084,0x0883,0x1084,0x0883,0x1083,0x0884,
  0x1083,0x0883,0x1084,0x0883,0x1083,0x0883,0x1084,0x0883,0x1083,0x0884,0x1083,0x0884,
  0x10A3,0x0863,0x10A4,0x0863,0x0022,0x10A4,0x18C4,0x1084,0x0863,0x0883,0x0863,0x1083,
  0x10C4,0x0883,0x0843,0x1083,0x0883,0x10A4,0x0883,0x0883,0x10A4,0x18C4,0x0863,0x1083,
  0x10A4,0x0863,0x10A3,0x1083,0x0863,0x10A4,0x0863,0x10A4,0x10A4,0x0842,0x10C4,0x10A4,
  0x10A3,0x0843,0x10C4,0x1083,0x0883,0x0883,0x1084,0x08A4,0x1083,0x08A4,0x1083,0x0884,
  0x10A4,0x10A4,0x0883,0x0043,0x18E5,0x0883,0x0883,0x0863,0x0883,0x10C4,0x10A4,0x10A3,
  0x0863,0x0883,0x10C4,0x0883,0x08A4,0x10A3,0x08A4,0x08A3,0x10A4,0x08A3,0x0884,0x08A3,
  0x10A5,0x10C4,0x10A4,0x0883,0x0883,0x10A4,0x08A4,0x1083,0x0883,0x1084,0x10C4,0x10A4,
  0x10E5,0x0863,0x10C4,0x0883,0x08A4,0x0883,0x0884,0x10A4,0x08A4,0x0883,0x1084,0x18E5,
  0x10A4,0x18E5,0x0062,0x0883,0x10A4,0x08A4,0x0883,0x0863,0x0884,0x10A3,0x10A4,0x10C4,
  0x18E5,0x0063,0x0883,0x10A4,0x0863,0x10A4,0x0863,0x0883,0x10A4,0x10A4,0x08A3,0x1084,
  0x10A4,0x0884,0x0883,0x0884,0x08A3,0x1084,0x0884,0x0883,0x0883,0x10A4,0x0063,0x1083,
  0x10C5,0x0883,0x0884,0x10A4,0x10C4,0x0884,0x10A3,0x10A4,0x08A4,0x0883,0x10A4,0x10A4,
  0x10A4,0x10A4,0x10A4,0x08A4,0x10A4,0x08A3,0x10A4,0x0883,0x0062,0x1084,0x1905,0x0883,
  0x10C4,0x10C4,0x10A4,0x0883,0x10A4,0x0883,0x0883,0x10A4,0x10C4,0x10A4,0x08A3,0x08A4,
  0x0863,0x10A4,0x10A4,0x0883,0x1084,0x10A3,0x10A4,0x0883,0x1083,0x10A4,0x10A3,0x1084,
  0x0883,0x10A4,0x0883,0x1083,0x0863,0x10C5,0x0863,0x0883,0x18C4,0x0884,0x1083,0x0884,
  0x0863,0x18E4,0x10A4,0x0863,0x0883,0x1083,0x10C4,0x10A4,0x0863,0x0883,0x1083,0x18C5,
  0x0042,0x1083,0x0883,0x10A4,0x1083,0x0883,0x1084,0x0883,0x1084,0x0883,0x1083,0x0884,
  0x1083,0x0883,0x1084,0x0883,0x1083,0x0883,0x1084,0x0883,0x1083,0x0884,0x1083,0x0883,
  0x1084,0x0883,0x1083,0x0884,0x1083,0x0883,0x0884,0x1083,0x0863,0x0883,0x1063,0x0883,
  0x1083,0x0884,0x1083,0x0883,0x0883,0x1083,0x0883,0x0884,0x1083,0x0884,0x1083,0x0884,
  0x0883,0x1084,0x0883,0x0883,0x0863,0x0883,0x0863,0x0883,0x1063,0x0883,0x1063,0x0883,
  0x0863,0x1083,0x0863,0x1083,0x0863,0x0883,0x1063,0x0883,0x0863,0x0863,0x0863,0x0883,
  0x0863,0x0883,0x1064,0x0883,0x0883,0x1083,0x0884,0x1083,0x0883,0x1084,0x0863,0x0883,
  0x1083,0x0883,0x0883,0x1083,0x0883,0x0863,0x1083,0x0863,0x1083,0x0884,0x1083,0x0884,
  0x1083,0x0884,0x1083,0x0884,0x1083,0x0884,0x1083,0x0883,0x1084,0x0883,0x1083,0x0884,
  0x1083,0x0884,0x1083,0x0883,0x1084,0x0883,0x1083,0x0883,0x1084,0x0883,0x1083,0x0883,
  0x1083,0x0884,0x1083,0x0883,0x1084,0x0883,0x1083,0x0884,0x1083,0x1083,0x0883,0x0884,
  0x1083,0x1084,0x10A3,0x1084,0x10A3,0x0884,0x10A3,0x0884,0x1083,0x08A4,0x1083,0x0884,
  0x10A3,0x0884,0x1083,0x1083,0x0884,0x1083,0x1084,0x1083,0x0884,0x10A3,0x1083,0x1084,
  0x08A4,0x10A4,0x0883,0x10A4,0x0884,0x10A3,0x0884,0x10A4,0x08A4,0x10A4,0x0884,0x10A3,
  0x0884,0x10A4,0x0884,0x10A4,0x10A4,0x08A3,0x10A4,0x08A4,0x10A3,0x08A4,0x10A4,0x10A4,
  0x08A3,0x1084,0x08A3,0x1084,0x08A3,0x10A4,0x10A3,0x10A4,0x0883,0x10A4,0x0884,0x1084,
  0x08A4,0x1083,0x08A4,0x1084,0x08A4,0x10A4,0x08A4,0x1083,0x10A4,0x08A4,0x10A4,0x10A4,
  0x10A4,0x10A4,0x10A4,0x0883,0x10A4,0x10A4,0x08A4,0x1084,0x08A4,0x10A4,0x1084,0x08A4,
  0x10A4,0x1084,0x10A4,0x10A4,0x08A4,0x10A4,0x08A4,0x10A4,0x10A4,0x10A4,0x10A4,0x08A4,
  0x1084,0x08A4,0x0884,0x10A4,0x08A3,0x1084,0x0884,0x10A4,0x0884,0x10A4,0x1084,0x10A4,
  0x0884,0x10A4,0x08A4,0x10A4,0x1084,0x0884,0x10A4,0x0884,0x10A4,0x0884,0x10A4,0x0884,
  0x10A3,0x08A4,0x10A4,0x08A3,0x10A4,0x10A4,0x08A3,0x10A4,0x08A3,0x10A4,0x08A3,0x10A4,
  0x10A3,0x08A4,0x10A4,0x10A4,0x08A3,0x10A4,0x08A3,0x1084,0x08A3,0x10A4,0x08A3,0x10A4,
  0x0883,0x10A4,0x0883,0x10A4,0x08A3,0x0884,0x1083,0x08A4,0x1083,0x1083,0x0883,0x10A4,
  0x0883,0x1084,0x0883,0x10A4,0x0883,0x1084,0x0883,0x1084,0x0883,0x1083,0x1084,0x08A4,
  0x1083,0x10A4,0x1083,0x1084,0x10A4,0x1083,0x10A4,0x10A3,0x0884,0x1083,0x0884,0x1083,
  0x0884,0x1083,0x0884,0x1083,0x0883,0x1084,0x0883,0x1083,0x0884,0x1083,0x0884,0x1083,
  0x0884,0x1083,0x0883,0x1083,0x0883,0x1084,0x0883,0x1083,0x0884,0x1083,0x0883,0x1084,
  0x0883,0x1084,0x0883,0x1084,0x0883,0x1083,0x0884,0x1083,0x0883,0x1084,0x0883,0x1083,
  0x0863,0x0883,0x1063,0x0883,0x0884,0x1083,0x0884,0x0883,0x1063,0x0883,0x0863,0x1084,
  0x0863,0x0884,0x1063,0x0883,0x0863,0x0863,0x0863,0x1063,0x0863,0x0863,0x0863,0x1083,
  0x0863,0x1084,0x0863,0x0883,0x0863,0x0883,0x0864,0x0883,0x0863,0x0883,0x0863,0x0884,
  0x0863,0x0883,0x0864,0x0883,0x1063,0x0883,0x1083,0x0863,0x1084,0x0863,0x0883,0x0863,
  0x1083,0x0864,0x0883,0x1063,0x0883,0x0883,0x1083,0x0884,0x1063,0x0884,0x1063,0x0884,
  0x1083,0x0883,0x1084,0x0883,0x1084,0x0883,0x1083,0x0883,0x1083,0x0883,0x1083,0x0883,
  0x1083,0x0883,0x1084,0x0883,0x1083,0x0884,0x1083,0x0883,0x1084,0x0883,0x1083,0x0884,
  0x1083,0x0883,0x1084,0x0883,0x1083,0x0884,0x1083,0x0884,0x1083,0x0883,0x1084,0x0883,
  0x1083,0x0884,0x1083,0x0883,0x1084,0x0883,0x1084,0x1083,0x1084,0x08A3,0x1084,0x10A3,
  0x1084,0x10A4,0x1083,0x10A4,0x0883,0x1084,0x10A3,0x0884,0x1083,0x1084,0x08A3,0x1084,
  0x10A3,0x0884,0x1083,0x08A4,0x1083,0x0884,0x1083,0x08A4,0x1083,0x08A4,0x1084,0x08A3,
  0x1084,0x08A4,0x1083,0x08A4,0x1083,0x0884,0x10A3,0x0884,0x10A4,0x0883,0x10A4,0x0883,
  0x10A4,0x10A4,0x08A3,0x10A4,0x10A4,0x10A3,0x08A4,0x10A3,0x08A4,0x10A3,0x08A4,0x10A3,
  0x0884,0x10A4,0x0883,0x08A4,0x1084,0x08A3,0x1084,0x08A3,0x1084,0x08A4,0x1083,0x08A4,
  0x10A4,0x1083,0x10A4,0x08A4,0x10A4,0x1083,0x08A4,0x10A4,0x0883,0x08A4,0x10A4,0x10A4,
  0x0884,0x10A3,0x10A4,0x08A3,0x10A4,0x08A4,0x10A4,0x10A4,0x08A3,0x10A4,0x08A4,0x1083,
  0x08A4,0x1084,0x10A3,0x0884,0x10A3,0x0884,0x10A4,0x08A3,0x1084,0x08A3,0x1084,0x08A3,
  0x1084,0x08A4,0x1083,0x08A4,0x1083,0x08A4,0x0884,0x10A4,0x0884,0x10A4,0x0884,0x1084,
  0x08A4,0x10A4,0x0884,0x10A4,0x0884,0x10A4,0x0883,0x10A4,0x0884,0x10A3,0x08A4,0x1083,
  0x08A4,0x0883,0x10A4,0x0883,0x10A4,0x08A4,0x10A3,0x08A4,0x10A4,0x10A3,0x08A4,0x10A3,
  0x08A4,0x1083,0x08A4,0x10A3,0x08A4,0x1084,0x08A3,0x10A4,0x0883,0x08A4,0x1083,0x08A4,
  0x0883,0x10A3,0x08A4,0x1083,0x08A4,0x1083,0x1084,0x0883,0x1084,0x08A3,0x1083,0x1084,
  0x0883,0x1083,0x08A4,0x1083,0x10A4,0x0883,0x1084,0x1083,0x10A4,0x0883,0x10A4,0x0883,
  0x10A4,0x0883,0x10A4,0x1083,0x0884,0x1083,0x1083,0x0884,0x1083,0x1084,0x1083,0x0884,
  0x1083,0x0883,0x1084,0x0883,0x1083,0x0883,0x1083,0x0883,0x1083,0x0884,0x1083,0x0884,
  0x1083,0x0883,0x1084,0x0883,0x1083,0x0884,0x1083,0x0883,0x1083,0x0883,0x1083,0x0883,
  0x1084,0x0883,0x1083,0x0884,0x1083,0x0883,0x1084,0x0883,0x1084,0x0883,0x0884,0x1083,
  0x0863,0x0883,0x1063,0x0883,0x0884,0x1083,0x0883,0x1083,0x0883,0x1083,0x0883,0x1084,
  0x0863,0x1083,0x0883,0x0883,0x0883,0x1083,0x0863,0x0884,0x0863,0x0883,0x1063,0x0883,
  0x1063,0x0883,0x1063,0x0883,0x0863,0x0883,0x1063,0x0883,0x1063,0x0883,0x1063,0x0883,
  0x0863,0x0883,0x0864,0x0883,0x0863,0x0883,0x1063,0x0883,0x0883,0x1083,0x0883,0x0884,
  0x1063,0x0884,0x0863,0x1083,0x0883,0x0883,0x0883,0x1063,0x0883,0x0863,0x0883,0x1063,
  0x0883,0x1084,0x0883,0x1084,0x0883,0x1084,0x0883,0x1084,0x0883,0x1084,0x0883,0x1083,
  0x0884,0x1083,0x0884,0x1083,0x0883,0x1084,0x0883,0x1083,0x0884,0x1083,0x0883,0x1084,
  0x0883,0x1083,0x0884,0x1083,0x0884,0x1083,0x0883,0x1084,0x0883,0x1084,0x0883,0x1084,
  0x0883,0x1084,0x0883,0x0883,0x1084,0x1084,0x0883,0x1084,0x0883,0x0884,0x1083,0x0884,
  0x10A3,0x0884,0x1083,0x1084,0x08A3,0x1084,0x1083,0x0884,0x1083,0x08A4,0x1083,0x1084,
  0x0883,0x10A4,0x1083,0x1084,0x08A4,0x1083,0x08A4,0x1084,0x08A3,0x1084,0x08A4,0x1084,
  0x08A3,0x1084,0x08A4,0x1083,0x08A4,0x1084,0x08A3,0x1084,0x08A4,0x10A3,0x10A4,0x08A4,
  0x10A4,0x08A4,0x10A4,0x10A4,0x1084,0x08A4,0x1084,0x10A4,0x08A4,0x10A4,0x10A4,0x10A4,
  0x08A4,0x10A4,0x08A4,0x10A4,0x08A3,0x10A4,0x08A4,0x1084,0x08A3,0x10A4,0x08A4,0x1084,
  0x08A4,0x10A4,0x08A4,0x10A4,0x10A4,0x1084,0x08A3,0x10A4,0x10A4,0x0884,0x10A4,0x1084,
  0x08A4,0x1083,0x08A4,0x1084,0x08A4,0x1084,0x08A4,0x10A4,0x10A4,0x08A4,0x10A4,0x08A4,
  0x10A4,0x08A4,0x1084,0x10A4,0x0884,0x10A3,0x0884,0x10A4,0x0883,0x10A4,0x0884,0x10A3,
  0x0884,0x10A4,0x0883,0x10A4,0x0883,0x10A4,0x0883,0x10A4,0x08A3,0x10A4,0x10A3,0x08A4,
  0x10A3,0x10A4,0x10A4,0x08A4,0x10A3,0x10A4,0x08A4,0x10A4,0x10A4,0x10A4,0x08A4,0x10A4,
  0x10A4,0x10A4,0x08A4,0x10A4,0x08A4,0x10A4,0x10A4,0x0884,0x10A4,0x0884,0x10A3,0x0884,
  0x10A3,0x0884,0x10A4,0x0884,0x10A4,0x0883,0x10A4,0x0884,0x10A4,0x0884,0x10A3,0x0884,
  0x1083,0x08A4,0x1083,0x10A4,0x0883,0x1084,0x0884,0x10A3,0x1084,0x0884,0x1083,0x0884,
  0x1083,0x10A4,0x0883,0x1084,0x0883,0x1084,0x1083,0x1084,0x0883,0x1084,0x0883,0x10A4,
  0x1083,0x08A4,0x1084,0x10A3,0x0884,0x10A3,0x0884,0x10A3,0x0884,0x1083,0x0883,0x1084,
  0x0883,0x1084,0x0883,0x1084,0x0883,0x1083,0x0884,0x1083,0x0884,0x1083,0x0883,0x1084,
  0x0883,0x1083,0x0884,0x1083,0x0884,0x1083,0x0884,0x1083,0x0883,0x1084,0x0883,0x1083,
  0x0884,0x1083,0x0883,0x1083,0x0863,0x1083,0x0863,0x0883,0x1084,0x0883,0x0884,0x1083,
  0x0863,0x1083,0x0864,0x0883,0x1064,0x0883,0x0863,0x0883,0x0883,0x0863,0x0863,0x1063,
  0x0863,0x0884,0x0863,0x1083,0x0863,0x0883,0x0863,0x0883,0x0864,0x0883,0x0863,0x0883,
  0x0863,0x0883,0x0863,0x0883,0x0863,0x0883,0x0863,0x0883,0x1064,0x0883,0x1063,0x0883,
  0x1063,0x0883,0x0863,0x1084,0x0863,0x1084,0x0863,0x1083,0x0883,0x1083,0x0883,0x0884,
  0x1063,0x0884,0x1083,0x0884,0x1083,0x0884,0x1083,0x0884,0x1083,0x0883,0x1084,0x0883,
  0x1084,0x0883,0x1084,0x0883,0x1083,0x0883,0x1084,0x0883,0x1083,0x0883,0x1083,0x0884,
  0x1083,0x0883,0x1084,0x0883,0x1083,0x0884,0x1083,0x0883,0x1084,0x0883,0x1083,0x0883,
  0x1083,0x0884,0x1083,0x0883,0x1084,0x0883,0x1084,0x0883,0x1084,0x0883,0x1084,0x0883,
  0x1084,0x08A3,0x1084,0x08A3,0x1084,0x10A3,0x0884,0x1084,0x1083,0x1084,0x08A4,0x1083,
  0x1084,0x0883,0x10A4,0x1083,0x0884,0x1083,0x0884,0x10A3,0x1084,0x0883,0x1084,0x0883,
  0x10A4,0x0884,0x10A3,0x0884,0x10A4,0x0883,0x10A4,0x0883,0x10A4,0x0884,0x10A3,0x0884,
  0x10A3,0x0884,0x10A4,0x0883,0x10A4,0x08A4,0x1084,0x08A3,0x1084,0x10A3,0x0884,0x10A3,
  0x08A4,0x10A3,0x08A4,0x10A3,0x1084,0x08A3,0x1084,0x08A3,0x1084,0x10A3,0x1084,0x08A4,
  0x1084,0x10A4,0x10A3,0x08A4,0x10A4,0x0884,0x10A3,0x10A4,0x10A3,0x0884,0x10A3,0x0884,
  0x10A3,0x08A4,0x1084,0x08A4,0x10A3,0x10A4,0x08A3,0x10A4,0x10A4,0x10A4,0x10A3,0x08A4,
  0x10A3,0x10A4,0x10A3,0x0884,0x10A3,0x1084,0x08A3,0x1084,0x10A3,0x10A4,0x08A3,0x10A4,
  0x0883,0x10A4,0x0884,0x10A3,0x0884,0x10A3,0x0884,0x10A4,0x0883,0x10A4,0x0884,0x10A3,
  0x0884,0x10A3,0x0884,0x10A4,0x1084,0x08A4,0x1084,0x10A4,0x0884,0x10A4,0x0883,0x10A4,
  0x0884,0x10A4,0x1083,0x08A4,0x1083,0x08A4,0x1083,0x08A4,0x1083,0x08A4,0x1083,0x10A4,
  0x1083,0x08A4,0x10A3,0x10A4,0x0883,0x10A4,0x0884,0x10A4,0x0884,0x10A3,0x0884,0x10A3,
  0x10A4,0x08A4,0x10A4,0x10A3,0x08A4,0x10A4,0x08A4,0x10A4,0x1083,0x0884,0x1084,0x0883,
  0x1084,0x10A3,0x1084,0x0883,0x10A4,0x1083,0x10A4,0x1083,0x0884,0x1083,0x08A4,0x1083,
  0x10A4,0x0884,0x10A3,0x0884,0x10A4,0x1083,0x1084,0x0883,0x1084,0x0883,0x0883,0x1084,
  0x0883,0x1084,0x0883,0x1084,0x0883,0x1083,0x0884,0x1083,0x0883,0x1084,0x0883,0x1083,
  0x0884,0x1083,0x0883,0x1083,0x0883,0x1084,0x0883,0x1083,0x0884,0x1083,0x0883,0x1084,
  0x0883,0x1084,0x0883,0x1084,0x0883,0x1083,0x0884,0x1083,0x0883,0x1084,0x0883,0x1084,
  0x0883,0x0883,0x1084,0x0883,0x0863,0x1083,0x0863,0x0883,0x1084,0x0883,0x1083,0x0883,
  0x0883,0x1083,0x0884,0x1083,0x0863,0x1083,0x0883,0x0884,0x0863,0x1083,0x0863,0x0883,
  0x1063,0x0883,0x1064,0x0883,0x1063,0x0883,0x1063,0x0883,0x0863,0x1083,0x0863,0x1083,
  0x0863,0x1083,0x0864,0x0883,0x0863,0x0883,0x0863,0x0883,0x0863,0x0884,0x0863,0x0883,
  0x1083,0x0883,0x0883,0x0884,0x1063,0x0883,0x1063,0x0883,0x1083,0x0863,0x0883,0x1063,
  0x0883,0x1063,0x0883,0x0863,0x1084,0x0883,0x1083,0x0883,0x1083,0x0883,0x1083,0x0884,
  0x0883,0x1083,0x0883,0x0883,0x1084,0x0883,0x0883,0x1083,0x0884,0x1083,0x0883,0x1084,
  0x0883,0x1083,0x0884,0x1083,0x0883,0x1084,0x0883,0x1084,0x0883,0x1083,0x0884,0x1083,
  0x0883,0x1084,0x0883,0x1083,0x0884,0x1083,0x0883,0x1084,0x1083,0x1084,0x0883,0x1084,
  0x1084,0x0883,0x10A4,0x0883,0x10A4,0x0883,0x1084,0x0883,0x10A4,0x1084,0x0883,0x10A4,
  0x1084,0x10A3,0x1084,0x0884,0x1083,0x10A4,0x0883,0x1084,0x08A4,0x10A4,0x08A4,0x08A4,
  0x10A4,0x08A4,0x08A4,0x10A4,0x08A4,0x08A4,0x10A4,0x08A4,0x08A4,0x10A4,0x08A4,0x10A4,
  0x08A4,0x10A4,0x08A4,0x10A4,0x08A4,0x10A4,0x08A4,0x10A4,0x08A4,0x10A4,0x08A4,0x10A4,
  0x08A4,0x10A4,0x08A4,0x10A4,0x08A4,0x10A4,0x08A4,0x10A4,0x08A4,0x1084,0x08A4,0x1084,
  0x10A4,0x10A4,0x08A4,0x1084,0x08A4,0x10A4,0x10A4,0x08A4,0x10A4,0x10A4,0x08A4,0x1084,
  0x08A4,0x1084,0x10A4,0x0884,0x10A4,0x0884,0x10A4,0x1084,0x08A4,0x1084,0x08A4,0x10A4,
  0x08A4,0x10A4,0x10A4,0x08A4,0x1084,0x08A4,0x1084,0x10A4,0x08A4,0x10A4,0x10A4,0x08A4,
  0x10A4,0x10A4,0x08A4,0x10A4,0x10A4,0x08A3,0x10A4,0x10A4,0x08A4,0x10A4,0x10A3,0x08A4,
  0x10A3,0x08A4,0x10A3,0x08A4,0x10A3,0x08A4,0x10A4,0x10A3,0x08A4,0x10A4,0x08A4,0x10A4,
  0x08A4,0x10A4,0x08A4,0x10A4,0x08A4,0x10A4,0x08A4,0x08A4,0x10A4,0x08A4,0x08A4,0x10A4,
  0x08A4,0x08A3,0x10A4,0x08A3,0x08A4,0x10A4,0x08A3,0x0884,0x10A4,0x08A3,0x10A4,0x08A4,
  0x10A4,0x08A3,0x10A4,0x0884,0x10A3,0x1084,0x08A3,0x1084,0x1083,0x0884,0x10A3,0x1084,
  0x0883,0x1084,0x0883,0x10A4,0x0884,0x1083,0x1084,0x0884,0x1083,0x0884,0x1083,0x1084,
  0x0883,0x10A4,0x0884,0x10A3,0x0884,0x1083,0x0884,0x1083,0x0884,0x1083,0x0884,0x1083,
  0x0884,0x1083,0x0883,0x1084,0x0883,0x1083,0x0884,0x1083,0x0883,0x1084,0x0883,0x1084,
  0x0883,0x1083,0x0884,0x1083,0x0883,0x1084,0x0883,0x1083,0x0883,0x1083,0x0883,0x1083,
  0x0884,0x1083,0x0883,0x1084,0x0883,0x1083,0x0884,0x1083,0x0863,0x1083,0x0863,0x0883,
  0x1084,0x0883,0x1083,0x0883,0x0863,0x0883,0x0864,0x1083,0x0864,0x0883,0x1063,0x0883,
  0x0864,0x0863,0x1063,0x0883,0x0863,0x0883,0x0863,0x0883,0x0864,0x0883,0x0863,0x0883,
  0x0863,0x0883,0x0863,0x0883,0x0863,0x0883,0x0863,0x0884,0x0863,0x0883,0x1063,0x0883,
  0x1063,0x0883,0x1063,0x0884,0x1063,0x0883,0x1063,0x0883,0x0863,0x0863,0x1063,0x0883,
  0x0863,0x0883,0x0864,0x0883,0x0883,0x1084,0x0883,0x0884,0x1083,0x0884,0x1083,0x0883,
  0x1083,0x0884,0x1083,0x0884,0x1083,0x0884,0x1083,0x0883,0x1084,0x0883,0x1084,0x0883,
  0x0883,0x1083,0x0884,0x0883,0x1083,0x0884,0x1083,0x0883,0x1084,0x0883,0x1083,0x0884,
  0x1083,0x0883,0x1084,0x0883,0x1084,0x0883,0x1083,0x0884,0x1083,0x0884,0x1083,0x0884,
  0x1083,0x0884,0x1083,0x0884,0x0883,0x10A4,0x1084,0x08A3,0x1084,0x1083,0x1084,0x0884,
  0x1083,0x1084,0x08A3,0x1084,0x0883,0x1084,0x1083,0x0884,0x1083,0x0884,0x1083,0x08A4,
  0x1083,0x0884,0x10A4,0x0883,0x1084,0x0883,0x0884,0x0884,0x0883,0x1084,0x0884,0x0884,
  0x10A4,0x0884,0x08A4,0x1084,0x08A4,0x0884,0x10A4,0x0884,0x10A3,0x08A4,0x10A3,0x08A4,
  0x10A3,0x08A4,0x10A3,0x08A4,0x10A3,0x08A4,0x10A3,0x08A4,0x10A3,0x08A4,0x10A3,0x08A4,
  0x10A4,0x0884,0x10A4,0x1084,0x10A4,0x08A4,0x10A4,0x10A4,0x08A4,0x1084,0x08A4,0x10A4,
  0x10A4,0x0884,0x10A4,0x1084,0x08A4,0x1084,0x10A4,0x10A4,0x10A4,0x08A4,0x10A4,0x08A4,
  0x10A4,0x08A4,0x10A4,0x08A4,0x10A4,0x08A4,0x10A4,0x1084,0x10A4,0x0884,0x10A4,0x08A4,
  0x10A4,0x10A4,0x08A4,0x10A4,0x1084,0x08A4,0x1084,0x10A4,0x0884,0x10A4,0x1084,0x08A4,
  0x1084,0x10A4,0x08A3,0x10A4,0x10A3,0x08A4,0x10A4,0x08A3,0x10A4,0x10A4,0x08A3,0x10A4,
  0x10A4,0x10A3,0x08A4,0x10A4,0x08A4,0x10A3,0x08A4,0x10A3,0x08A4,0x10A3,0x08A4,0x10A3,
  0x08A4,0x10A3,0x10A4,0x08A3,0x10A4,0x10A3,0x08A4,0x10A3,0x08A4,0x1084,0x08A3,0x1084,
  0x08A3,0x0884,0x10A4,0x08A3,0x08A4,0x1084,0x08A3,0x0884,0x10A3,0x0884,0x10A4,0x08A3,
  0x1084,0x0883,0x1084,0x10A3,0x0884,0x1084,0x0883,0x10A4,0x0884,0x10A3,0x0884,0x1083,
  0x10A4,0x0883,0x10A4,0x1083,0x08A4,0x1083,0x08A4,0x1083,0x0884,0x1083,0x1084,0x0883,
  0x1084,0x0883,0x1084,0x0883,0x1083,0x0884,0x1083,0x0883,0x1083,0x0884,0x1083,0x0883,
  0x1084,0x0883,0x1083,0x0884,0x1083,0x0883,0x1084,0x0883,0x1084,0x0883,0x1083,0x0884,
  0x1083,0x0883,0x1084,0x0883,0x1084,0x0883,0x1084,0x0883,0x1083,0x0884,0x1083,0x0883,
  0x1084,0x0883,0x1083,0x0884,0x1083,0x0884,0x0883,0x1083,0x0863,0x0883,0x0864,0x1083,
  0x0884,0x1083,0x0883,0x1083,0x0883,0x1083,0x0884,0x1083,0x0883,0x0883,0x0863,0x0883,
  0x1063,0x0883,0x1064,0x0883,0x1063,0x0883,0x1063,0x0883,0x1063,0x0884,0x1063,0x0883,
  0x0863,0x0883,0x1063,0x0883,0x1063,0x0883,0x0863,0x0883,0x0863,0x0884,0x0863,0x0883,
  0x0863,0x0883,0x0863,0x1083,0x0864,0x0883,0x0883,0x1063,0x0884,0x0863,0x1083,0x0863,
  0x1083,0x0863,0x1083,0x0863,0x0883,0x0863,0x0883,0x1064,0x0883,0x1083,0x0884,0x1083,
  0x0884,0x1083,0x0884,0x1083,0x0883,0x0863,0x0883,0x1063,0x0884,0x1063,0x0883,0x1063,
  0x0884,0x1083,0x0883,0x1084,0x0883,0x1083,0x0884,0x1083,0x0884,0x1083,0x0883,0x1083,
  0x0883,0x1084,0x0883,0x1083,0x0884,0x1083,0x0884,0x1083,0x0884,0x1083,0x0884,0x1083,
  0x0884,0x1083,0x0883,0x1084,0x0883,0x0884,0x1083,0x0883,0x10A4,0x0883,0x1084,0x1083,
  0x10A4,0x0883,0x10A4,0x0883,0x10A4,0x0883,0x1084,0x1083,0x08A4,0x1083,0x1084,0x0883,
  0x08A4,0x08A4,0x10A4,0x08A4,0x08A4,0x08A4,0x08A3,0x0884,0x10A3,0x08A4,0x10A4,0x08A4,
  0x10A4,0x08A4,0x08A4,0x08A4,0x10A4,0x08A4,0x10A4,0x08A4,0x10A4,0x08A4,0x10A4,0x08A4,
  0x08A4,0x1084,0x08A4,0x0884,0x08A4,0x10A4,0x08A4,0x0883,0x10A4,0x0884,0x10A4,0x0884,
  0x08A4,0x1084,0x0884,0x1084,0x08A4,0x10A4,0x10A4,0x0884,0x10A4,0x10A4,0x08A4,0x10A4,
  0x10A4,0x08A4,0x10A4,0x0884,0x10A4,0x0884,0x10A4,0x1084,0x08A4,0x1084,0x08A4,0x1084,
  0x10A4,0x1084,0x08A4,0x10A4,0x08A4,0x10A4,0x1084,0x10A4,0x0884,0x10A4,0x1084,0x08A4,
  0x10A4,0x10A4,0x08A4,0x10A4,0x10A4,0x08A4,0x10A4,0x10A4,0x08A3,0x10A4,0x10A4,0x08A3,
  0x10A4,0x10A3,0x08A4,0x10A4,0x08A3,0x10A4,0x08A4,0x10A3,0x08A4,0x08A3,0x10A4,0x08A3,
  0x10A4,0x08A4,0x08A4,0x10A4,0x08A4,0x08A4,0x10A4,0x08A4,0x10A4,0x08A4,0x10A4,0x08A4,
  0x08A4,0x10A4,0x08A4,0x10A4,0x08A3,0x08A4,0x08A4,0x08A4,0x10A4,0x08A3,0x10A4,0x0884,
  0x08A3,0x0884,0x08A3,0x0884,0x08A4,0x0883,0x08A4,0x0883,0x1084,0x10A4,0x0883,0x1084,
  0x10A3,0x0884,0x1083,0x1084,0x0883,0x1084,0x10A3,0x0884,0x1083,0x1084,0x0883,0x1084,
  0x0883,0x1084,0x0883,0x1084,0x0883,0x1084,0x0883,0x1084,0x0883,0x1084,0x0883,0x1084,
  0x0883,0x1084,0x0883,0x1084,0x0883,0x1083,0x0884,0x1083,0x0883,0x1084,0x0883,0x1083,
  0x0884,0x1083,0x0883,0x1083,0x0883,0x1084,0x0883,0x1083,0x0884,0x1083,0x0883,0x1084,
  0x0883,0x1084,0x0883,0x1084,0x0883,0x1083,0x0884,0x1083,0x0883,0x1084,0x0883,0x1083,
  0x0863,0x1083,0x0863,0x0884,0x1083,0x0883,0x1083,0x0883,0x1063,0x0883,0x1064,0x0883,
  0x0863,0x0883,0x0863,0x0883,0x1063,0x0863,0x1083,0x0863,0x0884,0x0863,0x0883,0x0863,
  0x0883,0x0863,0x0883,0x0864,0x0883,0x0863,0x0883,0x0863,0x0863,0x0883,0x0863,0x0883,
  0x0863,0x0883,0x1063,0x0884,0x1063,0x0883,0x1063,0x0883,0x1063,0x0883,0x0864,0x0883,
  0x1063,0x0883,0x0863,0x0883,0x1063,0x0883,0x0863,0x0883,0x0884,0x1083,0x0884,0x1083,
  0x0884,0x1083,0x0883,0x0883,0x1084,0x0883,0x1083,0x0883,0x1083,0x0883,0x1083,0x0884,
  0x1083,0x0883,0x1084,0x0883,0x0883,0x1083,0x0884,0x0883,0x1083,0x0884,0x1083,0x0883,
  0x1084,0x0883,0x1083,0x0883,0x1083,0x0884,0x1083,0x0884,0x1083,0x0883,0x1084,0x0883,
  0x1084,0x0883,0x1083,0x0884,0x1083,0x0883,0x1084,0x0883,0x1083,0x0884,0x1083,0x0884,
  0x1083,0x0883,0x1084,0x0883,0x1084,0x1084,0x08A3,0x1084,0x0884,0x1083,0x1084,0x0884,
  0x1083,0x10A4,0x0884,0x1083,0x1084,0x0883,0x10A4,0x0883,0x1084,0x0884,0x0883,0x1084,
  0x0883,0x1084,0x08A4,0x0884,0x10A4,0x08A4,0x0884,0x08A3,0x1084,0x08A4,0x1083,0x08A4,
  0x10A4,0x08A3,0x10A4,0x08A3,0x10A4,0x08A3,0x10A4,0x08A3,0x10A4,0x08A3,0x10A4,0x08A3,
  0x10A4,0x0883,0x10A4,0x08A4,0x1084,0x08A4,0x1084,0x08A4,0x1084,0x08A4,0x10A4,0x0884,
  0x10A4,0x08A4,0x10A4,0x10A4,0x08A4,0x1084,0x10A4,0x0884,0x10A4,0x0884,0x10A4,0x08A4,
  0x10A4,0x10A4,0x08A4,0x10A4,0x10A4,0x08A4,0x10A4,0x08A4,0x10A4,0x08A4,0x10A4,0x0884,
  0x10A4,0x08A4,0x10A4,0x08A4,0x10A4,0x08A4,0x10A4,0x10A4,0x0884,0x10A4,0x1084,0x08A4,
  0x1084,0x10A4,0x0884,0x10A4,0x1084,0x08A3,0x10A4,0x10A4,0x08A4,0x10A4,0x10A3,0x10A4,
  0x08A3,0x1084,0x08A3,0x1084,0x08A3,0x1084,0x08A3,0x1084,0x08A3,0x1084,0x08A3,0x0884,
  0x10A3,0x0884,0x08A3,0x1084,0x08A3,0x10A4,0x08A3,0x10A4,0x08A3,0x10A4,0x08A3,0x10A4,
  0x08A4,0x1083,0x08A4,0x1083,0x08A4,0x0884,0x10A3,0x08A4,0x1083,0x08A4,0x1084,0x08A3,
  0x1084,0x08A3,0x1084,0x08A3,0x0884,0x1083,0x1084,0x0883,0x1084,0x10A3,0x0884,0x10A3,
  0x1084,0x0883,0x1084,0x10A4,0x0883,0x10A4,0x1084,0x08A3,0x1084,0x0883,0x1084,0x0883,
  0x1084,0x0883,0x1084,0x0883,0x1084,0x0883,0x1083,0x0884,0x1083,0x0883,0x1084,0x0883,
  0x1084,0x0883,0x1083,0x0884,0x1083,0x0883,0x1084,0x0883,0x1083,0x0884,0x1083,0x0884,
  0x1083,0x0883,0x1084,0x0883,0x1083,0x0884,0x1083,0x0883,0x1083,0x0883,0x1083,0x0883,
  0x1084,0x0883,0x1083,0x0884,0x1083,0x0883,0x1084,0x0883,0x0884,0x0883,0x1083,0x0883,
  0x0864,0x1083,0x0864,0x0883,0x0884,0x1083,0x0883,0x1083,0x0884,0x1083,0x1084,0x0883,
  0x0863,0x0884,0x0863,0x0883,0x1063,0x0883,0x1063,0x0883,0x1063,0x0884,0x1063,0x0883,
  0x1063,0x0883,0x1063,0x0883,0x0862,0x0863,0x1063,0x0863,0x0863,0x0863,0x0863,0x0863,
  0x0883,0x0863,0x0883,0x0863,0x0883,0x1063,0x0883,0x0863,0x0883,0x1063,0x0883,0x0863,
  0x0883,0x0863,0x1083,0x0863,0x1083,0x0863,0x0883,0x0863,0x1083,0x0863,0x1084,0x0863,
  0x1083,0x0883,0x0884,0x1083,0x0884,0x0883,0x1083,0x0883,0x0863,0x1083,0x0863,0x1083,
  0x0864,0x0883,0x1063,0x0883,0x1084,0x0883,0x1083,0x0884,0x1083,0x0883,0x1084,0x0883,
  0x1084,0x0883,0x1083,0x0884,0x1083,0x0884,0x1083,0x0883,0x1083,0x0884,0x1083,0x0883,
  0x1084,0x0883,0x1083,0x0884,0x1083,0x0883,0x1084,0x0883,0x1084,0x0883,0x1083,0x0884,
  0x0883,0x0883,0x0884,0x0883,0x1083,0x0884,0x0883,0x0883,0x0884,0x0883,0x10A4,0x0883,
  0x08A4,0x1084,0x0883,0x1084,0x08A3,0x1084,0x08A3,0x0884,0x10A4,0x0883,0x1084,0x0883,
  0x0884,0x1083,0x0884,0x1083,0x0884,0x0883,0x1084,0x0883,0x1084,0x08A4,0x1084,0x08A4,
  0x1084,0x08A4,0x1084,0x08A4,0x1083,0x0884,0x1083,0x0884,0x10A3,0x0884,0x10A3,0x0884,
  0x10A3,0x0884,0x10A3,0x0884,0x10A3,0x0884,0x1083,0x08A4,0x1083,0x0884,0x1083,0x0884,
  0x10A4,0x0884,0x08A3,0x1084,0x08A4,0x1084,0x08A3,0x1084,0x0884,0x1084,0x0883,0x0884,
  0x1083,0x0884,0x1084,0x0883,0x1084,0x0884,0x10A4,0x0884,0x10A4,0x0884,0x1084,0x0884,
  0x1084,0x0884,0x1084,0x08A4,0x1084,0x08A3,0x0884,0x10A4,0x0884,0x08A3,0x1084,0x08A3,
  0x0884,0x10A4,0x0883,0x08A4,0x1083,0x08A4,0x0884,0x10A4,0x0884,0x10A3,0x0884,0x10A4,
  0x0884,0x10A4,0x0884,0x10A4,0x0884,0x10A3,0x0884,0x10A3,0x0884,0x10A3,0x0884,0x10A4,
  0x0884,0x10A4,0x0884,0x10A4,0x0884,0x10A4,0x0884,0x10A3,0x0884,0x0884,0x1083,0x0884,
  0x1083,0x0884,0x0883,0x1084,0x0884,0x0883,0x1084,0x0883,0x0884,0x1083,0x0884,0x1084,
  0x0883,0x08A4,0x0883,0x10A4,0x0884,0x0883,0x1084,0x0884,0x0883,0x0884,0x0883,0x0883,
  0x0884,0x0883,0x0883,0x0884,0x1083,0x0883,0x1083,0x0883,0x1083,0x0883,0x1083,0x0883,
  0x1083,0x0884,0x1083,0x0883,0x1084,0x0883,0x1083,0x0884,0x1083,0x0884,0x1083,0x0883,
  0x1084,0x0883,0x1083,0x0884,0x1083,0x0883,0x1084,0x0883,0x1084,0x0883,0x1083,0x0884,
  0x1083,0x0883,0x0883,0x1084,0x0883,0x0884,0x1083,0x0883,0x0883,0x1084,0x0883,0x0883,
  0x1063,0x0884,0x0863,0x1083,0x0883,0x1063,0x0884,0x1083,0x0883,0x0883,0x1083,0x0883,
  0x0863,0x0863,0x0863,0x0863,0x0863,0x0863,0x0863,0x1083,0x0863,0x1083,0x0863,0x0883,
  0x0863,0x0883,0x0863,0x0883,0x0863,0x0863,0x0862,0x0863,0x0863,0x0863,0x0863,0x0863,
  0x0863,0x0883,0x0862,0x0883,0x0863,0x1083,0x0862,0x0863,0x1083,0x0863,0x1083,0x0863,
  0x0883,0x0863,0x1083,0x0863,0x0883,0x0863,0x1084,0x0863,0x1083,0x0863,0x0884,0x0863,
  0x0883,0x1084,0x0883,0x1084,0x0883,0x0883,0x1083,0x0883,0x0884,0x1063,0x0883,0x0863,
  0x1083,0x0864,0x0883,0x1084,0x0883,0x0884,0x1083,0x0883,0x1083,0x0883,0x1084,0x0863,
  0x1083,0x0884,0x1083,0x0883,0x1084,0x0883,0x1083,0x0884,0x1083,0x0884,0x1083,0x0883,
  0x1083,0x0883,0x1084,0x0883,0x1084,0x0883,0x1083,0x0884,0x1083,0x0883,0x1084,0x0883,
  0x1084,0x0883,0x1083,0x0883,0x1083,0x0884,0x1083,0x1083,0x0884,0x1083,0x0884,0x0883,
  0x0884,0x0883,0x1084,0x0883,0x10A4,0x0883,0x0884,0x1084,0x0883,0x0884,0x08A3,0x0884,
  0x1083,0x0884,0x1084,0x0883,0x0884,0x08A3,0x0884,0x10A3,0x0884,0x10A3,0x0884,0x08A3,
  0x1084,0x08A4,0x0883,0x1084,0x08A3,0x1084,0x08A3,0x1084,0x08A3,0x1084,0x08A3,0x1084,
  0x08A4,0x10A4,0x08A4,0x1084,0x08A4,0x1084,0x08A4,0x1083,0x08A4,0x1084,0x08A3,0x1084,
  0x08A4,0x1083,0x08A4,0x1084,0x08A3,0x10A4,0x08A4,0x1083,0x08A4,0x1083,0x08A4,0x1084,
  0x08A3,0x1084,0x08A4,0x1083,0x08A4,0x10A3,0x08A4,0x10A4,0x08A4,0x10A3,0x08A4,0x10A4,
  0x08A3,0x1084,0x08A3,0x1084,0x08A3,0x1084,0x08A3,0x10A4,0x08A3,0x10A4,0x0883,0x10A4,
  0x0883,0x10A4,0x0884,0x10A3,0x0884,0x10A4,0x0884,0x10A4,0x1083,0x08A4,0x1084,0x10A3,
  0x0884,0x10A3,0x0884,0x10A3,0x0884,0x10A4,0x0883,0x10A4,0x0883,0x10A4,0x0883,0x10A4,
  0x0883,0x10A4,0x0884,0x10A4,0x0884,0x10A4,0x0883,0x10A4,0x0883,0x10A4,0x0883,0x10A4,
  0x0883,0x10A4,0x0883,0x10A4,0x0883,0x10A4,0x0883,0x08A4,0x0883,0x10A4,0x0883,0x08A4,
  0x1083,0x08A4,0x0883,0x10A4,0x0883,0x08A4,0x1083,0x08A4,0x1083,0x0884,0x1084,0x0883,
  0x10A4,0x0883,0x08A4,0x1083,0x0884,0x0883,0x1084,0x0883,0x0884,0x1083,0x0884,0x0883,
  0x1084,0x0883,0x1084,0x0883,0x1084,0x0883,0x1084,0x0883,0x1084,0x0883,0x1083,0x0884,
  0x1083,0x0884,0x1083,0x0883,0x1083,0x0883,0x1084,0x0883,0x1083,0x0884,0x1083,0x0883,
  0x1084,0x0883,0x1083,0x0883,0x1083,0x0884,0x1083,0x0883,0x0884,0x1083,0x0883,0x0883,
  0x1083,0x0883,0x0884,0x1083,0x0883,0x0883,0x1063,0x0884,0x0883,0x1083,0x0883,0x1083,
  0x0884,0x0883,0x1063,0x0883,0x1064,0x0883,0x0864,0x1083,0x0883,0x1083,0x0883,0x1083,
  0x0883,0x1083,0x0863,0x0883,0x0863,0x0883,0x1063,0x0883,0x1063,0x0883,0x1063,0x0883,
  0x0862,0x0883,0x0863,0x0883,0x0863,0x0882,0x0863,0x0862,0x0862,0x0863,0x0863,0x0863,
  0x0862,0x0863,0x0883,0x0862,0x0883,0x0863,0x0882,0x1063,0x0883,0x0863,0x0882,0x1063,
  0x0883,0x0863,0x0883,0x0863,0x0883,0x0863,0x1083,0x0863,0x1083,0x0883,0x0863,0x0883,
  0x1063,0x0884,0x0863,0x1083,0x0883,0x0883,0x1084,0x0883,0x1083,0x0883,0x1063,0x0883,
  0x1063,0x0883,0x0863,0x0884,0x0863,0x1083,0x0883,0x0883,0x1084,0x0883,0x1083,0x0884,
  0x1083,0x0884,0x1083,0x0883,0x1083,0x0883,0x1084,0x0883,0x1084,0x0883,0x1083,0x0884,
  0x1083,0x0883,0x1084,0x0883,0x1083,0x0884,0x1083,0x0883,0x1083,0x0884,0x1083,0x0884,
  0x1083,0x0883,0x1084,0x0883,0x0884,0x0883,0x1083,0x0884,0x1083,0x0884,0x0883,0x0884,
  0x1083,0x0884,0x10A3,0x0884,0x08A3,0x1084,0x1083,0x0884,0x08A4,0x0883,0x08A4,0x1083,
  0x0884,0x1083,0x0884,0x1083,0x0884,0x0883,0x1084,0x0884,0x1083,0x0884,0x10A3,0x0884,
  0x0884,0x0883,0x1084,0x0883,0x0884,0x1083,0x0884,0x0883,0x10A4,0x0883,0x1084,0x08A3,
  0x1084,0x08A3,0x1084,0x08A4,0x1083,0x08A4,0x1084,0x08A3,0x1084,0x08A4,0x1083,0x08A4,
  0x1084,0x0883,0x10A4,0x0884,0x10A4,0x0884,0x10A3,0x0884,0x10A4,0x0883,0x10A4,0x0884,
  0x10A4,0x0884,0x1083,0x0884,0x1083,0x0884,0x1084,0x0883,0x10A4,0x0884,0x10A3,0x0884,
  0x10A4,0x0883,0x10A4,0x0883,0x1084,0x08A3,0x1084,0x08A4,0x1084,0x08A3,0x1084,0x08A4,
  0x1083,0x08A4,0x1083,0x08A4,0x1084,0x08A3,0x1084,0x08A4,0x1084,0x08A4,0x1083,0x08A4,
  0x1083,0x08A4,0x1084,0x08A3,0x1084,0x08A3,0x1084,0x08A4,0x1084,0x08A3,0x1084,0x08A3,
  0x1084,0x08A3,0x1084,0x08A3,0x1084,0x0883,0x0884,0x1083,0x0884,0x0883,0x1084,0x0884,
  0x0883,0x0884,0x1083,0x0884,0x1084,0x0883,0x1084,0x0883,0x1084,0x0883,0x1084,0x0883,
  0x1084,0x0883,0x0884,0x0883,0x10A4,0x0883,0x08A4,0x1083,0x0884,0x0883,0x1084,0x08A3,
  0x0884,0x1083,0x0884,0x0883,0x0883,0x0884,0x1083,0x0884,0x1083,0x0883,0x1084,0x0883,
  0x1083,0x0884,0x1083,0x0883,0x1083,0x0884,0x1083,0x0883,0x1083,0x0883,0x1084,0x0883,
  0x1084,0x0883,0x1083,0x0884,0x1083,0x0883,0x1084,0x0883,0x1083,0x0884,0x1083,0x0884,
  0x1083,0x0883,0x1084,0x1083,0x0883,0x1063,0x0884,0x1063,0x0884,0x1063,0x0883,0x1063,
  0x0884,0x1083,0x0883,0x1083,0x0863,0x1084,0x0863,0x0883,0x1063,0x0883,0x0884,0x0883,
  0x0883,0x1083,0x0883,0x1083,0x0864,0x0863,0x0863,0x0864,0x0863,0x0883,0x0864,0x1083,
  0x0863,0x0883,0x0863,0x0883,0x0863,0x0883,0x0863,0x1083,0x0863,0x0863,0x1062,0x0863,
  0x0863,0x1063,0x0883,0x0863,0x0863,0x0882,0x0863,0x1083,0x0863,0x0862,0x0863,0x0863,
  0x1083,0x0863,0x0883,0x0863,0x1083,0x0863,0x0883,0x0863,0x1083,0x0863,0x1083,0x0863,
  0x1084,0x0863,0x0883,0x0863,0x0884,0x1083,0x0884,0x1083,0x0883,0x1083,0x0884,0x1063,
  0x0884,0x1063,0x0883,0x0863,0x1084,0x0883,0x0884,0x0883,0x1084,0x0883,0x1083,0x1083,
  0x0884,0x0863,0x1084,0x0863,0x1083,0x0884,0x1083,0x0883,0x1083,0x0883,0x1084,0x0883,
  0x1084,0x0883,0x1083,0x0884,0x1083,0x0884,0x1083,0x0883,0x1084,0x0883,0x1083,0x0884,
  0x1083,0x0883,0x1083,0x0884,0x1083,0x0883,0x1084,0x0883,0x1084,0x0883,0x1083,0x0883,
  0x1084,0x0883,0x0884,0x0883,0x0884,0x0883,0x1083,0x0884,0x0883,0x0884,0x0883,0x0883,
  0x1084,0x0883,0x0884,0x0883,0x1084,0x1083,0x0884,0x10A3,0x0884,0x10A4,0x0883,0x08A4,
  0x1084,0x08A3,0x0884,0x10A3,0x0884,0x0883,0x0884,0x10A3,0x0884,0x10A3,0x0884,0x08A3,
  0x1084,0x08A3,0x1084,0x0883,0x10A4,0x0884,0x10A3,0x0884,0x10A3,0x0884,0x10A3,0x0884,
  0x10A4,0x0883,0x10A4,0x0884,0x10A3,0x0884,0x10A4,0x0883,0x10A4,0x0884,0x10A3,0x0884,
  0x10A3,0x0884,0x10A4,0x0883,0x10A4,0x0884,0x10A3,0x0884,0x10A3,0x0884,0x10A4,0x08A3,
  0x10A4,0x08A4,0x10A3,0x0884,0x10A4,0x0883,0x10A4,0x0883,0x10A4,0x0884,0x10A4,0x0884,
  0x10A4,0x0884,0x10A3,0x0884,0x10A3,0x0884,0x10A3,0x0884,0x10A4,0x0883,0x10A4,0x0883,
  0x10A4,0x0884,0x10A3,0x0884,0x10A3,0x0884,0x10A4,0x0884,0x10A4,0x0883,0x10A4,0x0884,
  0x10A4,0x0884,0x10A3,0x0884,0x10A3,0x0884,0x10A4,0x0883,0x10A4,0x0884,0x10A4,0x0884,
  0x08A3,0x1084,0x08A3,0x0884,0x10A3,0x0884,0x08A3,0x1084,0x08A3,0x1084,0x08A3,0x0884,
  0x08A3,0x1084,0x08A3,0x0884,0x10A4,0x0883,0x08A4,0x0884,0x10A3,0x0884,0x10A4,0x0883,
  0x0884,0x1083,0x0884,0x0883,0x0884,0x1083,0x0884,0x0883,0x0884,0x0883,0x0883,0x1084,
  0x0883,0x0884,0x0883,0x0883,0x1084,0x0883,0x1083,0x0884,0x1083,0x0883,0x1084,0x0883,
  0x1084,0x0883,0x1083,0x0884,0x1083,0x0884,0x1083,0x0883,0x1084,0x0883,0x1084,0x0883,
  0x1084,0x0883,0x1083,0x0884,0x1083,0x0883,0x1084,0x0883,0x1084,0x0883,0x1083,0x0884,
  0x0883,0x1083,0x0883,0x0883,0x0883,0x1083,0x0884,0x0883,0x1063,0x0883,0x0864,0x0883,
  0x1083,0x0883,0x0883,0x1084,0x0883,0x1083,0x0863,0x1083,0x0864,0x1083,0x0864,0x0883,
  0x0883,0x1083,0x0883,0x1083,0x0863,0x1083,0x0863,0x0883,0x0863,0x1083,0x0862,0x1083,
  0x0863,0x1082,0x0863,0x0883,0x0862,0x0883,0x0863,0x0883,0x0862,0x0863,0x0862,0x0863,
  0x0862,0x0863,0x0863,0x0862,0x0883,0x0863,0x1083,0x0862,0x0883,0x1063,0x0883,0x0862,
  0x0883,0x1063,0x0883,0x0863,0x0883,0x0863,0x0883,0x0863,0x0883,0x0863,0x1083,0x0863,
  0x1083,0x0883,0x1063,0x0883,0x0864,0x1083,0x0883,0x0883,0x1083,0x0883,0x1084,0x0883,
  0x0863,0x1083,0x0863,0x1083,0x0863,0x0883,0x0864,0x0883,0x1083,0x0883,0x0883,0x1083,
  0x0883,0x0883,0x1083,0x0884,0x0883,0x1083,0x0883,0x0883,0x1084,0x0883,0x1084,0x0883,
  0x1083,0x0883,0x1084,0x0883,0x1083,0x0884,0x1083,0x0883,0x1084,0x0883,0x1084,0x0883,
  0x1083,0x0884,0x1083,0x0883,0x1083,0x0884,0x1083,0x0884,0x0883,0x0884,0x1083,0x0884,
  0x1083,0x0884,0x0883,0x0884,0x1083,0x0883,0x1084,0x0883,0x0884,0x0883,0x1084,0x0883,
  0x08A4,0x0883,0x1084,0x0883,0x0884,0x0883,0x1084,0x0883,0x1084,0x0883,0x1084,0x0883,
  0x08A4,0x1084,0x0883,0x0884,0x1083,0x0884,0x0883,0x1084,0x0884,0x0883,0x08A4,0x1084,
  0x08A3,0x1084,0x08A4,0x1084,0x08A4,0x1084,0x08A4,0x1083,0x08A4,0x1084,0x08A3,0x1084,
  0x08A4,0x1083,0x08A4,0x1084,0x08A3,0x1084,0x08A4,0x1084,0x08A4,0x1083,0x08A4,0x1084,
  0x08A3,0x1084,0x08A4,0x1083,0x08A4,0x1083,0x08A4,0x1084,0x0883,0x1084,0x08A4,0x1083,
  0x08A4,0x1084,0x08A4,0x1084,0x08A3,0x1084,0x08A3,0x1084,0x08A3,0x1084,0x08A4,0x1083,
  0x08A4,0x1084,0x08A4,0x1083,0x08A4,0x1084,0x08A4,0x1084,0x08A3,0x1084,0x08A4,0x1083,
  0x08A4,0x1083,0x08A4,0x1083,0x08A4,0x1084,0x08A3,0x1084,0x08A3,0x1084,0x08A4,0x1083,
  0x08A4,0x1084,0x08A3,0x1084,0x08A3,0x1084,0x08A3,0x1084,0x0883,0x1084,0x0884,0x1083,
  0x0884,0x1083,0x0884,0x1083,0x0884,0x0883,0x1084,0x0883,0x1084,0x0883,0x1084,0x0883,
  0x0884,0x1083,0x0884,0x1083,0x0884,0x0883,0x1084,0x0883,0x0884,0x0883,0x0884,0x1083,
  0x0883,0x0884,0x0883,0x1084,0x0883,0x1084,0x0883,0x0884,0x1083,0x0884,0x1083,0x0884,
  0x0883,0x1083,0x0884,0x1083,0x0883,0x1084,0x0883,0x1083,0x0883,0x1084,0x0883,0x1083,
  0x0884,0x1083,0x0884,0x1083,0x0883,0x1083,0x0883,0x1083,0x0883,0x1084,0x0883,0x1083,
  0x0884,0x1083,0x0883,0x1083,0x0883,0x0883,0x0884,0x1083,0x0863,0x0884,0x1063,0x0884,
  0x1063,0x0883,0x1063,0x0883,0x0884,0x1083,0x0883,0x1083,0x0864,0x0883,0x1063,0x0883,
  0x0864,0x0883,0x1084,0x0883,0x1083,0x0883,0x0883,0x1083,0x0863,0x0863,0x0863,0x0883,
  0x0863,0x0883,0x0863,0x1083,0x0863,0x0883,0x0863,0x0883,0x0863,0x0883,0x0863,0x1083,
  0x0863,0x0863,0x0862,0x0863,0x0883,0x0863,0x0883,0x0862,0x0863,0x0883,0x0863,0x0863,
  0x1063,0x0862,0x0863,0x0863,0x0883,0x0863,0x1083,0x0863,0x0883,0x0863,0x1082,0x0863,
  0x1083,0x0863,0x1083,0x0863,0x1083,0x0863,0x0883,0x0863,0x0883,0x0863,0x0884,0x1063,
  0x0883,0x0863,0x0863,0x1063,0x0884,0x0863,0x0883,0x1083,0x0884,0x1083,0x0884,0x0883,
  0x1084,0x0883,0x1083,0x0863,0x1084,0x0863,0x1083,0x0864,0x0883,0x1064,0x0883,0x1063,
  0x0883,0x0864,0x1083,0x0863,0x1083,0x0884,0x1083,0x0883,0x1084,0x0883,0x1083,0x0884,
  0x1083,0x0883,0x1084,0x0883,0x1083,0x0883,0x1083,0x0884,0x1083,0x0883,0x1083,0x0884,
  0x1083,0x0883,0x1083,0x1083,0x0884,0x0883,0x0883,0x0884,0x0883,0x0883,0x1084,0x0883,
  0x0884,0x0883,0x0884,0x0883,0x1084,0x0883,0x0883,0x0884,0x1083,0x08A4,0x0883,0x10A4,
  0x0883,0x10A4,0x0883,0x08A4,0x1083,0x08A4,0x0884,0x1083,0x0884,0x10A3,0x0884,0x10A3,
  0x0884,0x08A3,0x1084,0x08A3,0x0884,0x1083,0x0884,0x0883,0x1084,0x0883,0x0883,0x1084,
  0x0883,0x0883,0x1084,0x0883,0x0884,0x1083,0x0884,0x0883,0x1084,0x0883,0x0884,0x1083,
  0x08A4,0x1084,0x08A3,0x1084,0x08A3,0x1084,0x08A4,0x1083,0x08A4,0x1083,0x08A4,0x1084,
  0x08A4,0x1084,0x08A3,0x1084,0x08A4,0x10A3,0x0884,0x10A4,0x0883,0x10A4,0x0883,0x10A4,
  0x0884,0x10A3,0x0884,0x10A3,0x0884,0x10A3,0x0884,0x10A4,0x0883,0x10A4,0x0883,0x10A4,
  0x0884,0x10A3,0x0884,0x10A3,0x0884,0x10A3,0x0884,0x10A4,0x0884,0x10A4,0x0883,0x10A4,
  0x0883,0x0884,0x1083,0x0884,0x0883,0x1084,0x0883,0x0884,0x1083,0x0884,0x0884,0x1083,
  0x0884,0x0883,0x1084,0x08A3,0x1084,0x08A3,0x0884,0x08A3,0x1084,0x08A4,0x0883,0x08A4,
  0x1084,0x08A3,0x1084,0x08A4,0x0883,0x10A4,0x0883,0x10A4,0x0883,0x10A4,0x0883,0x08A4,
  0x1083,0x08A4,0x0883,0x10A4,0x0883,0x1084,0x0883,0x0884,0x0883,0x1084,0x0883,0x0883,
  0x0884,0x0883,0x0884,0x0883,0x0884,0x0883,0x0884,0x0883,0x1084,0x0883,0x1083,0x0884,
  0x1083,0x0883,0x1084,0x0883,0x1084,0x0883,0x1084,0x0883,0x1083,0x0883,0x1083,0x0884,
  0x1083,0x0884,0x1083,0x0884,0x1083,0x0883,0x1084,0x0883,0x1083,0x0883,0x0883,0x0884,
  0x1083,0x0883,0x1063,0x0883,0x1083,0x0883,0x1083,0x0883,0x0883,0x1084,0x0883,0x1083,
  0x0863,0x0883,0x1064,0x0883,0x0883,0x1083,0x0884,0x0883,0x1063,0x0883,0x0863,0x0863,
  0x0863,0x0863,0x1063,0x0883,0x0863,0x1083,0x0883,0x1063,0x0883,0x1063,0x0883,0x0863,
  0x0883,0x1063,0x0883,0x1063,0x0883,0x1063,0x0883,0x0863,0x0882,0x0863,0x1083,0x0863,
  0x0862,0x1063,0x0863,0x0863,0x0862,0x0863,0x0882,0x0863,0x0883,0x0863,0x0883,0x0862,
  0x1083,0x0863,0x0882,0x0863,0x1083,0x0863,0x0883,0x0863,0x0883,0x0863,0x0884,0x0863,
  0x0883,0x0864,0x1083,0x0863,0x1084,0x0863,0x0883,0x0863,0x0883,0x1063,0x0883,0x0883,
  0x1083,0x0883,0x1064,0x0883,0x0863,0x0883,0x1063,0x0883,0x1063,0x0883,0x1084,0x0883,
  0x0883,0x1083,0x0884,0x0883,0x1083,0x0883,0x0883,0x0884,0x1083,0x0883,0x1083,0x0884,
  0x1083,0x0883,0x1084,0x0883,0x1083,0x0884,0x1083,0x0883,0x1084,0x0883,0x1083,0x0884,
  0x1083,0x0884,0x1083,0x0883,0x1084,0x0883,0x1084,0x0883,0x1083,0x0884,0x1083,0x0884,
  0x0883,0x1084,0x0883,0x1084,0x0883,0x0884,0x0883,0x0884,0x1083,0x0884,0x1083,0x0884,
  0x0883,0x0884,0x1083,0x0884,0x0883,0x1084,0x0883,0x1084,0x0884,0x0883,0x1084,0x0884,
  0x0883,0x1084,0x08A3,0x0884,0x1083,0x0884,0x0883,0x0884,0x1083,0x0884,0x0883,0x0884,
  0x1083,0x0884,0x0883,0x1084,0x08A3,0x0884,0x10A4,0x0883,0x10A4,0x0883,0x08A4,0x1083,
  0x08A4,0x0884,0x10A3,0x0884,0x08A3,0x1084,0x08A3,0x0884,0x10A3,0x0884,0x10A4,0x0883,
  0x10A4,0x0884,0x10A3,0x0884,0x10A4,0x0884,0x10A3,0x0884,0x10A3,0x0884,0x10A4,0x0883,
  0x10A4,0x0884,0x10A3,0x0884,0x10A4,0x0884,0x10A3,0x0884,0x10A3,0x0884,0x10A4,0x0884,
  0x10A4,0x0884,0x10A3,0x0884,0x10A4,0x0884,0x10A4,0x0883,0x10A4,0x0883,0x10A4,0x0884,
  0x10A4,0x0884,0x10A3,0x0884,0x10A3,0x0884,0x10A4,0x0884,0x10A3,0x0884,0x08A3,0x1084,
  0x08A3,0x0884,0x10A3,0x0884,0x08A3,0x1084,0x08A3,0x0884,0x10A4,0x0883,0x0884,0x1084,
  0x0883,0x0884,0x1083,0x0884,0x0883,0x0883,0x1084,0x0883,0x0884,0x1083,0x0884,0x1083,
  0x0884,0x0884,0x0883,0x0884,0x1084,0x0883,0x1084,0x0884,0x1083,0x0884,0x1084,0x0883,
  0x0884,0x0883,0x0884,0x1083,0x0884,0x0883,0x0884,0x1083,0x0884,0x1083,0x0884,0x1083,
  0x0883,0x1084,0x0883,0x1083,0x0883,0x1084,0x0883,0x1083,0x0884,0x1083,0x0883,0x1083,
  0x0883,0x1083,0x0883,0x1084,0x0883,0x1084,0x0883,0x1083,0x0884,0x1083,0x0884,0x1083,
  0x0884,0x1083,0x0883,0x1084,0x0883,0x1064,0x0883,0x1063,0x0883,0x1084,0x0883,0x0884,
  0x1063,0x0884,0x0863,0x1084,0x0863,0x0883,0x0863,0x0884,0x1083,0x0883,0x0883,0x1083,
  0x0864,0x0883,0x1063,0x0883,0x0863,0x0883,0x1063,0x0883,0x1084,0x0883,0x0863,0x0884,
  0x1063,0x0883,0x0864,0x0883,0x0863,0x0884,0x0863,0x1083,0x0863,0x0883,0x0863,0x0882,
  0x0863,0x0883,0x0862,0x1083,0x0863,0x0863,0x0862,0x0883,0x0863,0x0882,0x0863,0x0862,
  0x0863,0x0863,0x0863,0x1062,0x0863,0x0862,0x0863,0x0863,0x0883,0x0863,0x1083,0x0863,
  0x0883,0x0863,0x1083,0x0863,0x1083,0x0863,0x1083,0x0863,0x1083,0x0863,0x0883,0x0863,
  0x0883,0x0863,0x1083,0x0863,0x0883,0x0864,0x0883,0x0863,0x1084,0x0883,0x0883,0x1083,
  0x0884,0x1083,0x0884,0x0883,0x1083,0x0863,0x0883,0x1063,0x0884,0x0863,0x1083,0x0863,
  0x0883,0x1064,0x0883,0x1063,0x0883,0x0864,0x0883,0x1063,0x0884,0x1083,0x0883,0x1084,
  0x0883,0x1083,0x0884,0x1083,0x0883,0x1084,0x0883,0x1083,0x0884,0x1083,0x0884,0x1083,
  0x0883,0x1084,0x0883,0x1083,0x0884,0x1083,0x0883,0x1083,0x0884,0x0883,0x0884,0x0883,
  0x1084,0x0883,0x1084,0x0883,0x0883,0x0884,0x0883,0x0883,0x1084,0x0883,0x0884,0x0883,
  0x10A4,0x0883,0x08A4,0x0883,0x10A4,0x0883,0x10A4,0x0883,0x10A4,0x0883,0x1084,0x08A3,
  0x0884,0x10A4,0x0883,0x10A4,0x0883,0x0884,0x1083,0x0884,0x0883,0x0884,0x1083,0x0884,
  0x0883,0x1084,0x0883,0x0884,0x0883,0x1084,0x0883,0x1084,0x0883,0x1084,0x0883,0x1084,
  0x0884,0x1083,0x0884,0x1084,0x08A4,0x1083,0x08A4,0x1084,0x08A3,0x1084,0x08A4,0x1084,
  0x08A3,0x1084,0x08A4,0x1084,0x08A3,0x1084,0x08A3,0x1084,0x08A4,0x1083,0x08A4,0x1084,
  0x08A3,0x1084,0x08A4,0x1083,0x08A4,0x1084,0x08A3,0x1084,0x08A3,0x1084,0x08A4,0x1083,
  0x08A4,0x1083,0x08A4,0x1084,0x08A3,0x1084,0x08A4,0x1083,0x08A4,0x1083,0x08A4,0x1083,
  0x08A4,0x1083,0x08A4,0x1083,0x0884,0x1083,0x0884,0x1084,0x0883,0x1084,0x0884,0x1083,
  0x0884,0x1083,0x0884,0x1083,0x0884,0x10A3,0x0884,0x08A3,0x0884,0x0883,0x0883,0x0884,
  0x1083,0x0884,0x0883,0x1084,0x08A3,0x0884,0x08A3,0x0884,0x10A3,0x0884,0x10A3,0x0884,
  0x08A3,0x0884,0x08A3,0x1084,0x08A3,0x0884,0x08A3,0x1084,0x0883,0x1084,0x0883,0x0883,
  0x0884,0x1083,0x0884,0x0883,0x0883,0x0884,0x0883,0x0884,0x0883,0x0884,0x0883,0x0884,
  0x1083,0x0883,0x1084,0x0883,0x1083,0x0884,0x1083,0x0884,0x1083,0x0884,0x1083,0x0883,
  0x1084,0x0883,0x1084,0x0883,0x1083,0x0883,0x1083,0x0883,0x1083,0x0884,0x1083,0x0883,
  0x0883,0x1083,0x0883,0x0884,0x0863,0x0883,0x1063,0x0883,0x0883,0x1083,0x0883,0x0883,
  0x1083,0x0884,0x1083,0x0883,0x1063,0x0884,0x1063,0x0883,0x1083,0x0883,0x1084,0x0883,
  0x1063,0x0883,0x0864,0x0883,0x0863,0x0863,0x1083,0x0863,0x0883,0x0863,0x0883,0x1063,
  0x0883,0x1063,0x0883,0x0863,0x0883,0x1063,0x0883,0x1063,0x0883,0x1063,0x0883,0x0863,
  0x0883,0x0862,0x0863,0x0863,0x0863,0x0863,0x0883,0x0863,0x0862,0x0883,0x0863,0x0883,
  0x0863,0x0883,0x1063,0x0862,0x0863,0x0862,0x0863,0x0862,0x0863,0x0862,0x0863,0x0862,
  0x0883,0x0863,0x0883,0x0863,0x0883,0x0863,0x1083,0x0863,0x1083,0x0863,0x0883,0x1064,
  0x0883,0x1063,0x0883,0x0863,0x0863,0x0863,0x0863,0x0863,0x0863,0x0863,0x1063,0x0863,
  0x0884,0x1083,0x0884,0x0883,0x1083,0x0883,0x1083,0x0884,0x1083,0x0883,0x0883,0x0884,
  0x1083,0x0883,0x1083,0x0883,0x0883,0x1083,0x0883,0x0883,0x1083,0x0883,0x0883,0x1083,
  0x0884,0x1083,0x0883,0x1084,0x0883,0x1083,0x0883,0x1084,0x0883,0x1083,0x0884,0x1083,
  0x0883,0x1084,0x0883,0x1084,0x0883,0x1084,0x0883,0x0883,0x0884,0x0883,0x0883,0x0884,
  0x1083,0x0884,0x1083,0x0884,0x0883,0x0884,0x1083,0x0883,0x0884,0x1083,0x0884,0x0883,
  0x0884,0x0883,0x0884,0x0883,0x0884,0x0883,0x0884,0x1083,0x0883,0x0884,0x0883,0x0884,
  0x1083,0x0884,0x0883,0x1084,0x0883,0x10A4,0x0883,0x0884,0x10A3,0x0884,0x08A3,0x1084,
  0x08A4,0x1083,0x08A4,0x0883,0x10A4,0x08A4,0x10A4,0x08A3,0x10A4,0x08A4,0x10A3,0x0884,
  0x1083,0x0884,0x0883,0x1084,0x0883,0x0884,0x1083,0x0884,0x0883,0x1084,0x0883,0x0884,
  0x1083,0x0884,0x0884,0x1083,0x0884,0x0883,0x1084,0x0883,0x0884,0x1083,0x0884,0x0883,
  0x1084,0x0883,0x0884,0x1083,0x0884,0x0883,0x1084,0x0883,0x0884,0x1083,0x0884,0x0883,
  0x1084,0x0883,0x0884,0x1083,0x0884,0x0883,0x1084,0x0884,0x0883,0x0884,0x1083,0x08A4,
  0x08A4,0x10A4,0x08A3,0x10A4,0x08A4,0x10A3,0x08A4,0x10A4,0x0883,0x08A4,0x1083,0x08A4,
  0x0883,0x0884,0x1083,0x0884,0x1083,0x1084,0x0884,0x1083,0x0884,0x1083,0x0884,0x0883,
  0x1084,0x0883,0x1084,0x0883,0x0884,0x0883,0x0884,0x1083,0x0884,0x1083,0x0884,0x0883,
  0x0884,0x1083,0x0884,0x0883,0x0884,0x0883,0x0884,0x1083,0x0884,0x0883,0x0883,0x1084,
  0x0883,0x1084,0x0883,0x1084,0x0883,0x1083,0x0884,0x0883,0x1084,0x0883,0x1083,0x0884,
  0x1083,0x0883,0x1084,0x0883,0x1084,0x0883,0x1084,0x0883,0x1083,0x0883,0x1083,0x0884,
  0x1083,0x0884,0x0883,0x1084,0x0883,0x0883,0x1084,0x0883,0x1063,0x0884,0x0863,0x1083,
  0x1083,0x0884,0x1083,0x0884,0x1063,0x0884,0x1063,0x0883,0x1063,0x0883,0x1063,0x0884,
  0x0863,0x0883,0x0863,0x0883,0x0864,0x0863,0x0863,0x0883,0x0863,0x0883,0x1063,0x0883,
  0x1063,0x0883,0x0863,0x0883,0x1063,0x0883,0x0863,0x0883,0x0863,0x0883,0x0863,0x1083,
  0x0863,0x0863,0x0862,0x0863,0x0863,0x0862,0x0863,0x0863,0x0862,0x1083,0x0863,0x0882,
  0x1063,0x0862,0x0863,0x0862,0x0863,0x0862,0x0863,0x0862,0x1063,0x0862,0x0883,0x0863,
  0x0883,0x1063,0x0883,0x0863,0x1083,0x0863,0x0883,0x0863,0x1083,0x0863,0x1083,0x0863,
  0x1083,0x0863,0x0883,0x0863,0x0883,0x0864,0x0883,0x0863,0x0883,0x0863,0x1083,0x0883,
  0x1083,0x0883,0x1083,0x0883,0x1083,0x0883,0x0883,0x0863,0x1083,0x0883,0x1063,0x0883,
  0x1064,0x0883,0x0863,0x1083,0x0863,0x1084,0x0863,0x1083,0x0863,0x1084,0x0863,0x1084,
  0x0863,0x0884,0x1063,0x0884,0x0863,0x1084,0x0863,0x0883,0x1083,0x0884,0x1083,0x0883,
  0x1083,0x0884,0x1083,0x0883,0x1084,0x0883,0x1083,0x0884,0x1083,0x0883,0x1084,0x0883,
  0x0883,0x0884,0x1083,0x0884,0x1083,0x0884,0x1083,0x0884,0x0883,0x0884,0x0883,0x0884,
  0x1083,0x0883,0x0884,0x0883,0x0884,0x0883,0x1084,0x0883,0x1083,0x0884,0x1083,0x0884,
  0x1083,0x0884,0x0883,0x0884,0x0883,0x1084,0x0883,0x0883,0x0884,0x10A3,0x0884,0x08A3,
  0x1084,0x0883,0x0884,0x1083,0x0884,0x0884,0x1083,0x0884,0x1083,0x0884,0x1084,0x0883,
  0x10A4,0x0883,0x1084,0x0884,0x1083,0x0884,0x10A4,0x08A4,0x0883,0x10A4,0x0883,0x08A4,
  0x1084,0x08A3,0x0884,0x10A3,0x0884,0x08A3,0x1084,0x08A3,0x0884,0x10A3,0x0884,0x08A3,
  0x1084,0x08A3,0x0884,0x10A3,0x0884,0x08A3,0x1084,0x08A3,0x0884,0x10A3,0x0884,0x08A3,
  0x1084,0x08A3,0x0884,0x10A3,0x0884,0x08A3,0x1084,0x08A3,0x0884,0x10A3,0x0884,0x08A3,
  0x1084,0x08A4,0x0883,0x10A4,0x0883,0x10A4,0x0884,0x1083,0x0884,0x1083,0x0884,0x1084,
  0x0883,0x1084,0x0884,0x10A3,0x0884,0x1084,0x0883,0x0884,0x10A4,0x0883,0x10A4,0x0883,
  0x08A4,0x1083,0x08A4,0x0883,0x10A4,0x0883,0x10A4,0x0883,0x0884,0x0883,0x0884,0x1083,
  0x0884,0x1083,0x0884,0x0883,0x0884,0x0883,0x1084,0x0883,0x0884,0x0883,0x1083,0x0884,
  0x1083,0x0883,0x0884,0x0883,0x0883,0x1084,0x0883,0x0884,0x0883,0x0884,0x0883,0x0883,
  0x0884,0x0883,0x1084,0x0883,0x1083,0x0884,0x1083,0x0883,0x1084,0x0883,0x1083,0x0883,
  0x1083,0x0883,0x1083,0x0884,0x1083,0x0884,0x1083,0x0883,0x0883,0x1083,0x0883,0x0883,
  0x1083,0x0883,0x0863,0x1083,0x0883,0x0883,0x1083,0x0884,0x0863,0x1083,0x0863,0x0883,
  0x0883,0x1083,0x0883,0x0884,0x1083,0x0884,0x0883,0x1083,0x0863,0x1083,0x0863,0x1083,
  0x0863,0x1083,0x0883,0x1063,0x0883,0x0863,0x0883,0x0863,0x0883,0x0863,0x1083,0x0863,
  0x0883,0x0863,0x1083,0x0863,0x1083,0x0864,0x0883,0x0863,0x0883,0x0863,0x0883,0x0863,
  0x0882,0x0863,0x0883,0x1063,0x0863,0x0863,0x0863,0x0863,0x0883,0x0863,0x0883,0x0863,
  0x0862,0x0883,0x0863,0x0883,0x0863,0x0863,0x0863,0x0862,0x0863,0x0862,0x0863,0x0862,
  0x0863,0x0862,0x0863,0x0863,0x0883,0x0863,0x0884,0x0863,0x0883,0x0864,0x1083,0x0863,
  0x1083,0x0863,0x1083,0x0863,0x1083,0x0863,0x0883,0x0863,0x0864,0x0863,0x0863,0x0864,
  0x0863,0x1063,0x0883,0x0863,0x0884,0x0883,0x0883,0x1083,0x0883,0x1083,0x0884,0x0883,
  0x0883,0x1083,0x0883,0x0884,0x1083,0x0883,0x0883,0x0883,0x1083,0x0883,0x1083,0x0883,
  0x1083,0x0883,0x1083,0x0864,0x1083,0x0883,0x1084,0x0883,0x1084,0x0883,0x1083,0x0884,
  0x1083,0x0883,0x1084,0x0883,0x1084,0x0883,0x1083,0x0884,0x1083,0x0884,0x0883,0x0884,
  0x0883,0x0884,0x0883,0x0884,0x1083,0x0883,0x1084,0x0883,0x0884,0x0883,0x1084,0x0883,
  0x1084,0x0883,0x0883,0x0884,0x0883,0x0884,0x0883,0x0883,0x0884,0x0883,0x1083,0x0884,
  0x0883,0x0883,0x1084,0x0883,0x1084,0x0884,0x1083,0x0884,0x0884,0x10A3,0x0884,0x08A4,
  0x1083,0x08A4,0x1083,0x08A4,0x0884,0x08A3,0x0884,0x1083,0x0884,0x08A3,0x1084,0x08A3,
  0x0884,0x1083,0x0884,0x1083,0x0884,0x1084,0x0883,0x1084,0x0883,0x1084,0x0883,0x1084,
  0x0883,0x1084,0x0883,0x1084,0x0883,0x1084,0x0883,0x1084,0x0883,0x1084,0x0884,0x1083,
  0x0884,0x1083,0x0884,0x1084,0x0883,0x1084,0x0884,0x1083,0x0884,0x1083,0x0884,0x1084,
  0x0883,0x1084,0x0883,0x1084,0x0884,0x1083,0x0884,0x1084,0x0883,0x1084,0x0883,0x1084,
  0x0883,0x0884,0x1083,0x08A4,0x0883,0x10A4,0x0883,0x08A4,0x1084,0x08A3,0x0884,0x1083,
  0x0884,0x08A3,0x1084,0x0883,0x1084,0x0883,0x0884,0x1084,0x0883,0x0884,0x1083,0x0884,
  0x0883,0x0884,0x0884,0x1083,0x0884,0x1083,0x0884,0x0883,0x0883,0x0884,0x0883,0x1083,
  0x0884,0x0883,0x0883,0x1084,0x0883,0x0884,0x0883,0x0884,0x0883,0x1084,0x0883,0x1084,
  0x0883,0x0884,0x0883,0x1084,0x0883,0x1083,0x0884,0x1083,0x0884,0x0883,0x0884,0x0883,
  0x1084,0x0883,0x1084,0x0883,0x1083,0x0884,0x1083,0x0884,0x1083,0x0884,0x1083,0x0883,
  0x1084,0x0883,0x1084,0x1083,0x0884,0x1063,0x0884,0x1063,0x0884,0x1083,0x0884,0x0883,
  0x1064,0x0883,0x0863,0x1083,0x0883,0x0884,0x1083,0x0884,0x1063,0x0884,0x1063,0x0883,
  0x0863,0x1083,0x0863,0x0883,0x0863,0x0883,0x0864,0x0883,0x0863,0x0883,0x0863,0x0884,
  0x1063,0x0883,0x1063,0x0884,0x1063,0x0883,0x0864,0x0883,0x1063,0x0884,0x0863,0x0883,
  0x0863,0x1083,0x0863,0x1083,0x0863,0x0862,0x0863,0x0863,0x0863,0x1063,0x0862,0x0883,
  0x0862,0x0883,0x0862,0x0863,0x0862,0x1063,0x0862,0x0863,0x0863,0x0863,0x0862,0x1063,
  0x0882,0x0863,0x0883,0x1063,0x0883,0x0863,0x0883,0x0863,0x0883,0x1063,0x0882,0x0863,
  0x1063,0x0863,0x0863,0x1063,0x0863,0x0863,0x0863,0x0863,0x0883,0x0863,0x0883,0x0863,
  0x0884,0x1063,0x0883,0x1063,0x0883,0x1083,0x0883,0x1083,0x0883,0x0863,0x1084,0x0863,
  0x1083,0x1083,0x0864,0x0883,0x0864,0x0883,0x1063,0x0883,0x1064,0x0883,0x1063,0x0883,
  0x0863,0x1084,0x0863,0x1084,0x0863,0x0884,0x1063,0x0884,0x0863,0x0884,0x1083,0x0883,
  0x1084,0x0883,0x1083,0x0884,0x1083,0x0883,0x1084,0x0883,0x1083,0x0884,0x1083,0x0883,
  0x1083,0x0884,0x1083,0x0883,0x0884,0x0883,0x1084,0x0883,0x1083,0x0884,0x1083,0x0883,
  0x0884,0x0883,0x0884,0x0883,0x1084,0x0883,0x0884,0x0883,0x0883,0x0884,0x1083,0x0884,
  0x1083,0x0884,0x1083,0x0884,0x1083,0x0884,0x0883,0x1084,0x0883,0x0884,0x0883,0x0884,
  0x0883,0x0883,0x0884,0x1083,0x0883,0x0884,0x1083,0x0883,0x0884,0x0883,0x0884,0x0883,
  0x1083,0x0884,0x0883,0x0884,0x1083,0x0884,0x0883,0x1084,0x08A3,0x0884,0x0883,0x08A4,
  0x1083,0x08A4,0x0883,0x08A4,0x1083,0x08A4,0x0884,0x10A3,0x0884,0x08A4,0x0883,0x10A4,
  0x0884,0x08A3,0x1084,0x08A4,0x0883,0x08A4,0x1083,0x08A4,0x0884,0x08A3,0x1084,0x08A3,
  0x0884,0x10A3,0x0884,0x08A3,0x0884,0x10A4,0x0883,0x08A4,0x1083,0x08A4,0x0884,0x08A3,
  0x1084,0x08A3,0x0884,0x08A3,0x1084,0x08A3,0x0884,0x08A3,0x1084,0x08A3,0x0884,0x1083,
  0x0884,0x0883,0x1084,0x0883,0x0884,0x1083,0x0884,0x08A3,0x1084,0x0883,0x0884,0x0883,
  0x0884,0x1083,0x0883,0x0884,0x1083,0x0884,0x0883,0x1084,0x0883,0x1083,0x0884,0x0883,
  0x0884,0x0883,0x0883,0x1084,0x0883,0x1084,0x0883,0x0884,0x1083,0x0884,0x0883,0x0884,
  0x1083,0x0884,0x1083,0x0883,0x0884,0x0883,0x0884,0x0883,0x0884,0x1083,0x0884,0x0883,
  0x0884,0x0883,0x0884,0x0883,0x1084,0x0883,0x1084,0x0883,0x0883,0x1083,0x0883,0x1084,
  0x0883,0x1083,0x0884,0x1083,0x0884,0x1083,0x0884,0x1083,0x0883,0x1083,0x0883,0x0884,
  0x1083,0x0883,0x0883,0x0883,0x1063,0x0883,0x1063,0x0883,0x1083,0x0883,0x1084,0x0883,
  0x0863,0x1083,0x0863,0x1083,0x0883,0x0883,0x0883,0x1084,0x0883,0x1083,0x0884,0x1083,
  0x0863,0x1083,0x0863,0x1083,0x0863,0x1083,0x0863,0x0883,0x0863,0x0883,0x0863,0x0883,
  0x0863,0x0883,0x1063,0x0883,0x0863,0x0863,0x0863,0x1063,0x0863,0x0863,0x0863,0x0863,
  0x0883,0x0863,0x1082,0x0863,0x0882,0x0863,0x0863,0x0863,0x0863,0x1063,0x0883,0x0863,
  0x0883,0x0863,0x0883,0x0862,0x0862,0x0883,0x0863,0x0863,0x0863,0x0862,0x0863,0x0862,
  0x0863,0x0862,0x1063,0x0862,0x0863,0x0863,0x0863,0x0883,0x0863,0x0883,0x0863,0x0883,
  0x0863,0x0883,0x0863,0x0863,0x1083,0x0863,0x1084,0x0863,0x0883,0x0863,0x0883,0x0863,
  0x0883,0x0863,0x0863,0x0863,0x1083,0x0863,0x0883,0x0863,0x0883,0x0883,0x1083,0x0883,
  0x1083,0x0883,0x1084,0x0883,0x0883,0x1083,0x0884,0x1083,0x0883,0x0883,0x1083,0x0883,
  0x1083,0x0883,0x0883,0x1083,0x0883,0x1063,0x0883,0x0863,0x1083,0x0883,0x0883,0x1063,
  0x0883,0x0863,0x1083,0x0863,0x1084,0x0883,0x1083,0x0884,0x1083,0x0883,0x1084,0x0883,
  0x1083,0x0884,0x0883,0x0884,0x0883,0x0884,0x0883,0x0884,0x1083,0x0884,0x1083,0x0884,
  0x0883,0x0884,0x1083,0x0884,0x1083,0x0884,0x0883,0x0884,0x0883,0x0883,0x0884,0x0883,
  0x0884,0x0883,0x0884,0x0883,0x1084,0x0883,0x1084,0x0883,0x1084,0x0883,0x0884,0x0883,
  0x0884,0x0883,0x0884,0x0883,0x1084,0x0883,0x1083,0x0884,0x0883,0x1084,0x0883,0x0884,
  0x08A3,0x1084,0x08A3,0x1084,0x0883,0x1084,0x1084,0x0883,0x0884,0x1083,0x0884,0x1084,
  0x0883,0x1084,0x0883,0x0884,0x1083,0x0884,0x1083,0x0884,0x1083,0x0884,0x0883,0x1084,
  0x0883,0x1084,0x0884,0x0883,0x1084,0x0883,0x0884,0x1084,0x0883,0x0884,0x1083,0x0884,
  0x1083,0x0884,0x1083,0x0884,0x0883,0x1084,0x0883,0x1084,0x0883,0x0884,0x1083,0x0884,
  0x0883,0x1084,0x0883,0x1084,0x0884,0x1083,0x08A4,0x1084,0x08A3,0x1084,0x08A3,0x1084,
  0x08A3,0x1084,0x0883,0x1084,0x0883,0x0884,0x1083,0x0884,0x0883,0x0884,0x0883,0x0884,
  0x0883,0x0883,0x0884,0x0883,0x0884,0x0883,0x1084,0x0883,0x1083,0x0884,0x0883,0x0884,
  0x0883,0x0884,0x0883,0x0884,0x0883,0x1084,0x0883,0x0883,0x0884,0x0883,0x0884,0x1083,
  0x0884,0x1083,0x0883,0x1084,0x0883,0x0883,0x0884,0x1083,0x0884,0x1083,0x0884,0x0883,
  0x0883,0x0884,0x0883,0x0884,0x1083,0x0884,0x1083,0x0883,0x1084,0x0883,0x1083,0x0883,
  0x1083,0x0883,0x0883,0x1083,0x0884,0x0883,0x1083,0x0883,0x0863,0x1083,0x0864,0x1083,
  0x0884,0x0883,0x0884,0x1083,0x0864,0x0883,0x0863,0x1083,0x0884,0x0883,0x1084,0x0883,
  0x1063,0x0884,0x1063,0x0883,0x0863,0x1084,0x0863,0x1083,0x0863,0x0883,0x0863,0x0883,
  0x0864,0x0883,0x0863,0x1083,0x0863,0x1084,0x0863,0x1083,0x0863,0x0883,0x0863,0x0883,
  0x0863,0x0883,0x0863,0x0883,0x0863,0x0883,0x0863,0x0863,0x0863,0x0863,0x0863,0x0863,
  0x0863,0x0883,0x0862,0x1083,0x0862,0x0863,0x0862,0x0863,0x1062,0x0863,0x0863,0x0863,
  0x0863,0x0862,0x0883,0x0862,0x1083,0x0863,0x0883,0x0863,0x1083,0x0863,0x0883,0x0863,
  0x0882,0x0863,0x0862,0x0863,0x0863,0x0863,0x0863,0x0863,0x1063,0x0863,0x0883,0x0863,
  0x0883,0x0863,0x0883,0x1063,0x0883,0x1063,0x0883,0x1064,0x0883,0x1063,0x0884,0x0883,
  0x0863,0x0883,0x1063,0x0883,0x1063,0x0864,0x0863,0x0863,0x0863,0x0863,0x0863,0x1063,
  0x0883,0x0864,0x0883,0x0863,0x1084,0x0863,0x0884,0x0863,0x0884,0x1063,0x0884,0x1063,
  0x0883,0x0884,0x1083,0x0884,0x0883,0x1064,0x0883,0x0884,0x1083,0x0884,0x0883,0x1083,
  0x0883,0x1084,0x0883,0x1083,0x0884,0x1083,0x0883,0x1084,0x0883,0x0884,0x1083,0x0883,
  0x1084,0x0883,0x1084,0x0883,0x0884,0x0883,0x0884,0x0883,0x1083,0x0884,0x0883,0x0884,
  0x0883,0x0884,0x1083,0x0883,0x1084,0x0883,0x1084,0x0883,0x1083,0x0884,0x1083,0x0883,
  0x0884,0x0883,0x0883,0x0884,0x0883,0x0884,0x1083,0x0884,0x1083,0x0884,0x1083,0x0884,
  0x0883,0x0884,0x0883,0x0884,0x0883,0x0883,0x1084,0x0883,0x1084,0x0884,0x0883,0x1084,
  0x08A4,0x0883,0x08A4,0x1083,0x08A4,0x1084,0x08A3,0x0884,0x10A3,0x0884,0x10A4,0x0883,
  0x10A4,0x0883,0x08A4,0x1083,0x08A4,0x1083,0x08A4,0x0883,0x10A4,0x0883,0x08A4,0x1083,
  0x08A4,0x1083,0x08A4,0x1083,0x08A4,0x1083,0x08A4,0x1083,0x08A4,0x0883,0x10A4,0x0883,
  0x10A4,0x0883,0x08A4,0x0883,0x10A4,0x0883,0x10A4,0x0884,0x10A3,0x0884,0x10A4,0x0883,
  0x08A4,0x1083,0x0884,0x0883,0x1084,0x0884,0x0883,0x0884,0x1084,0x08A3,0x0884,0x08A3,
  0x0884,0x0883,0x0884,0x0883,0x1083,0x0884,0x1083,0x0883,0x1084,0x0883,0x1084,0x0883,
  0x1084,0x0883,0x0883,0x0884,0x0883,0x1084,0x0883,0x1084,0x0883,0x1083,0x0884,0x1083,
  0x0883,0x0884,0x1083,0x0884,0x1083,0x0883,0x0884,0x0883,0x0883,0x0884,0x0883,0x0884,
  0x0883,0x1084,0x0883,0x0884,0x0883,0x0884,0x1083,0x0884,0x1083,0x0884,0x1083,0x0884,
  0x1083,0x0883,0x1084,0x0883,0x1083,0x0884,0x1083,0x0884,0x0883,0x1084,0x0883,0x0883,
  0x1083,0x0884,0x1063,0x0884,0x1083,0x0883,0x1083,0x0883,0x1063,0x0883,0x1063,0x0883,
  0x0883,0x1083,0x0884,0x1083,0x0863,0x1083,0x0863,0x0883,0x0863,0x0883,0x0863,0x1083,
  0x0863,0x0883,0x0863,0x0883,0x0864,0x1083,0x0863,0x1083,0x0863,0x1083,0x0863,0x0883,
  0x0863,0x0883,0x0863,0x0883,0x1063,0x0883,0x1063,0x0883,0x0863,0x1063,0x0863,0x0863,
  0x0863,0x0863,0x0883,0x1063,0x0883,0x0862,0x0883,0x1062,0x0863,0x0863,0x0863,0x0863,
  0x0883,0x0863,0x0883,0x0863,0x0883,0x0862,0x0883,0x0862,0x0862,0x0863,0x0863,0x0863,
  0x0863,0x0862,0x0863,0x0862,0x0863,0x0862,0x0863,0x0863,0x1063,0x0883,0x0863,0x1083,
  0x0863,0x0883,0x1063,0x0883,0x0863,0x0863,0x0863,0x1063,0x0883,0x1063,0x0883,0x0863,
  0x0883,0x0864,0x0883,0x0863,0x0883,0x0863,0x1083,0x0863,0x1083,0x0864,0x0883,0x0863,
  0x0883,0x0883,0x1083,0x0883,0x1084,0x0883,0x0883,0x0863,0x1083,0x0883,0x1083,0x0883,
  0x1083,0x0883,0x1083,0x1083,0x0883,0x1083,0x0883,0x0883,0x1083,0x0863,0x1083,0x0863,
  0x1083,0x0883,0x1083,0x0863,0x1083,0x0863,0x1083,0x0864,0x0883,0x1083,0x0884,0x1083,
  0x0883,0x1084,0x0883,0x1083,0x0884,0x0883,0x0884,0x0883,0x0884,0x0883,0x0883,0x0884,
  0x1083,0x0883,0x1084,0x0883,0x0884,0x0883,0x1084,0x0883,0x1084,0x0883,0x0884,0x0883,
  0x0884,0x0883,0x0884,0x0883,0x0884,0x0883,0x0884,0x1083,0x0884,0x1083,0x0884,0x1083,
  0x0884,0x0883,0x0883,0x0884,0x0883,0x0883,0x0884,0x0883,0x1083,0x0884,0x1083,0x0883,
  0x1084,0x0883,0x0884,0x0883,0x0883,0x1084,0x0883,0x0883,0x0884,0x1083,0x0884,0x0883,
  0x1084,0x0883,0x1084,0x0883,0x0884,0x0883,0x0884,0x1083,0x0884,0x1084,0x0883,0x0884,
  0x0884,0x0883,0x1084,0x0884,0x0883,0x1084,0x0883,0x1084,0x0883,0x0884,0x1083,0x0884,
  0x0883,0x0884,0x1084,0x0883,0x1084,0x0884,0x0883,0x1084,0x0884,0x1083,0x0884,0x1084,
  0x0883,0x0884,0x1083,0x0884,0x0883,0x0884,0x0883,0x1084,0x0883,0x08A4,0x1083,0x08A4,
  0x0883,0x0883,0x1084,0x0883,0x0883,0x0884,0x1083,0x0884,0x1083,0x0884,0x1083,0x0884,
  0x0883,0x0884,0x0883,0x0884,0x0883,0x0884,0x0883,0x0884,0x0883,0x1084,0x0883,0x1084,
  0x0883,0x0884,0x0883,0x0883,0x0884,0x0883,0x0884,0x0883,0x1084,0x0883,0x0884,0x0883,
  0x0884,0x1083,0x0884,0x1083,0x0884,0x1083,0x0884,0x1083,0x0884,0x0883,0x0884,0x1083,
  0x0883,0x0884,0x0883,0x0884,0x0883,0x0883,0x0884,0x0883,0x1084,0x0883,0x1083,0x0884,
  0x1083,0x0883,0x1084,0x1083,0x0883,0x1063,0x0883,0x1064,0x0883,0x0883,0x1083,0x0883,
  0x0863,0x0884,0x0863,0x1084,0x0883,0x0884,0x0883,0x1083,0x0864,0x1083,0x0863,0x0883,
  0x1084,0x0883,0x0884,0x1083,0x0863,0x1083,0x0863,0x0883,0x0863,0x1083,0x0863,0x1083,
  0x0863,0x0883,0x0863,0x0883,0x0863,0x0883,0x0864,0x1083,0x0863,0x1083,0x0863,0x0884,
  0x0863,0x0883,0x0864,0x1083,0x0863,0x0883,0x0863,0x0883,0x1063,0x0863,0x0863,0x0863,
  0x0863,0x0863,0x0863,0x0883,0x0862,0x0883,0x1062,0x0863,0x0862,0x0863,0x1062,0x0863,
  0x0863,0x0863,0x1063,0x0863,0x0863,0x0883,0x0862,0x1083,0x0863,0x0883,0x1063,0x0883,
  0x0863,0x0883,0x1063,0x0882,0x0863,0x0862,0x0863,0x0862,0x0863,0x0863,0x0863,0x0863,
  0x0883,0x0863,0x0883,0x0863,0x0883,0x0864,0x1083,0x0863,0x1083,0x0863,0x1083,0x0863,
  0x1083,0x0863,0x0883,0x0863,0x0883,0x0863,0x1083,0x0863,0x1083,0x0863,0x0863,0x0863,
  0x0863,0x1063,0x0883,0x0863,0x1084,0x0883,0x1064,0x0883,0x0864,0x1083,0x0864,0x0883,
  0x1064,0x0883,0x0864,0x1083,0x0884,0x0883,0x1084,0x0883,0x0884,0x0863,0x1084,0x0883,
  0x0884,0x1083,0x0883,0x0883,0x1084,0x0883,0x1083,0x0884,0x1083,0x0883,0x1084,0x0883,
  0x0883,0x1084,0x0883,0x1084,0x0883,0x1084,0x0883,0x0884,0x0883,0x0884,0x0883,0x0884,
  0x1083,0x0884,0x0883,0x0883,0x0884,0x0883,0x1084,0x0883,0x1084,0x0883,0x1083,0x0884,
  0x1083,0x0884,0x0883,0x0884,0x0883,0x0884,0x0883,0x0884,0x1083,0x0884,0x1083,0x0884,
  0x1083,0x0884,0x1083,0x0884,0x0883,0x0884,0x0883,0x0884,0x0883,0x1084,0x0883,0x1084,
  0x0883,0x0884,0x0883,0x1084,0x0883,0x0884,0x0883,0x0884,0x08A3,0x0884,0x08A3,0x1084,
  0x08A3,0x1084,0x08A3,0x0884,0x08A3,0x0884,0x10A3,0x0884,0x10A3,0x0884,0x10A3,0x0884,
  0x10A3,0x0884,0x08A3,0x0884,0x10A4,0x0883,0x08A4,0x1084,0x08A3,0x1084,0x08A3,0x0884,
  0x08A3,0x1084,0x08A3,0x0884,0x08A3,0x1084,0x08A3,0x0884,0x10A3,0x0884,0x08A3,0x1084,
  0x08A4,0x1083,0x08A4,0x1083,0x0884,0x1083,0x0884,0x1083,0x0884,0x0883,0x0884,0x0883,
  0x1084,0x0883,0x0884,0x0883,0x0884,0x0883,0x0883,0x0884,0x1083,0x0883,0x1084,0x0883,
  0x1084,0x0883,0x1084,0x0883,0x0883,0x0884,0x0883,0x0884,0x0883,0x1083,0x0884,0x1083,
  0x0884,0x1083,0x0884,0x0883,0x0884,0x0883,0x1083,0x0884,0x0883,0x0884,0x0883,0x0884,
  0x0883,0x0884,0x0883,0x0884,0x0883,0x1083,0x0884,0x0883,0x0884,0x1083,0x0884,0x1083,
  0x0884,0x1083,0x0884,0x0883,0x1083,0x0884,0x1083,0x0883,0x1084,0x0883,0x1083,0x0884,
  0x0883,0x1083,0x0884,0x0883,0x1063,0x0884,0x0863,0x1084,0x0883,0x1083,0x0883,0x0883,
  0x1063,0x0883,0x1063,0x0883,0x0883,0x0883,0x1084,0x0883,0x0863,0x1083,0x0863,0x1083,
  0x0863,0x0884,0x0863,0x1083,0x0864,0x0883,0x0863,0x0883,0x0863,0x1083,0x0864,0x1083,
  0x0863,0x1083,0x0863,0x0883,0x0863,0x0883,0x0863,0x1083,0x0863,0x1083,0x0863,0x0883,
  0x0863,0x0863,0x0863,0x0863,0x0883,0x0863,0x0883,0x0863,0x1083,0x0862,0x0863,0x0863,
  0x1063,0x0863,0x0883,0x0863,0x0883,0x0863,0x0883,0x0862,0x0883,0x0862,0x0883,0x0862
};
