// Auto-generated by scripts/build/gen-lockscreen-wallpaper-pager.py.
// Native 480x222 T-LoRa Pager wallpaper derived from the shared
// WADAMESH RGB565 artwork while preserving the Pager-specific layout.
#pragma once
#include <stdint.h>

#define LOCKSCREEN_WALLPAPER_PAGER_W 480
#define LOCKSCREEN_WALLPAPER_PAGER_H 222

static const uint16_t lockscreen_wallpaper_pager_rgb565[106560] = {
  0x0863,0x0863,0x0863,0x0863,0x0863,0x0863,0x0863,0x0863,0x0863,0x0863,0x0863,0x0863,0x0863,0x0863,0x0863,0x0863,
  0x0863,0x0863,0x0863,0x0863,0x0863,0x0863,0x0863,0x0863,0x0863,0x0863,0x0863,0x0863,0x0863,0x0863,0x0863,0x0863,
  0x0863,0x0863,0x0863,0x0863,0x0863,0x0863,0x0863,0x0863,0x0863,0x0863,0x0863,0x0863,0x0863,0x0863,0x0863,0x0863,
  0x0863,0x0863,0x0863,0x0863,0x0863,0x0863,0x0863,0x0863,0x0863,0x0863,0x0863,0x0863,0x0863,0x0863,0x0863,0x0863,
  0x0863,0x0863,0x0863,0x0863,0x0863,0x0863,0x0863,0x0863,0x0863,0x0863,0x0863,0x0863,0x0863,0x0863,0x0863,0x0863,
  0x0863,0x0863,0x0863,0x0863,0x0863,0x0863,0x0863,0x0863,0x0863,0x0863,0x0863,0x0863,0x0863,0x0863,0x0863,0x0863,
  0x0863,0x0863,0x0863,0x0863,0x0863,0x0863,0x0863,0x0863,0x0863,0x0863,0x0863,0x0863,0x0863,0x0863,0x0863,0x0863,
  0x0863,0x0863,0x0863,0x0863,0x0863,0x0863,0x0863,0x0863,0x0863,0x0863,0x0863,0x0863,0x0863,0x0863,0x0863,0x0863,
  0x0863,0x0863,0x0863,0x0863,0x0863,0x0863,0x0863,0x0863,0x0863,0x0863,0x0863,0x0863,0x0863,0x0863,0x0863,0x0863,
  0x0863,0x0863,0x0863,0x0863,0x0863,0x0863,0x0863,0x0863,0x0863,0x0863,0x0863,0x0863,0x0863,0x0863,0x0863,0x0863,
  0x0863,0x0863,0x0863,0x0863,0x0863,0x0863,0x0863,0x0863,0x0863,0x0863,0x0863,0x0863,0x0863,0x0863,0x0863,0x0863,
  0x0863,0x0863,0x0863,0x0863,0x0863,0x0863,0x0863,0x0863,0x0863,0x0863,0x0863,0x0863,0x0863,0x0863,0x0863,0x0863,
  0x0863,0x0863,0x0863,0x0863,0x0863,0x0863,0x0863,0x0863,0x0863,0x0863,0x0863,0x0863,0x0863,0x0863,0x0863,0x0863,
  0x0863,0x0863,0x0863,0x0863,0x0863,0x0863,0x0863,0x0863,0x0863,0x0863,0x0863,0x0863,0x0863,0x0863,0x0863,0x0863,
  0x0863,0x0863,0x0863,0x0863,0x0863,0x0863,0x0863,0x0863,0x0863,0x0863,0x0863,0x0863,0x0863,0x0863,0x0863,0x0863,
  0x0863,0x0863,0x0863,0x0863,0x0863,0x0863,0x0863,0x0863,0x0863,0x0863,0x0863,0x0863,0x0863,0x0863,0x0863,0x0863,
  0x0863,0x0863,0x0863,0x0863,0x0863,0x0863,0x0863,0x0863,0x0863,0x0863,0x0863,0x0863,0x0863,0x0863,0x0863,0x0863,
  0x0863,0x0863,0x0863,0x0863,0x0863,0x0863,0x0863,0x0863,0x0863,0x0863,0x0863,0x0863,0x0863,0x0863,0x0863,0x0863,
  0x0863,0x0863,0x0863,0x0863,0x0863,0x0863,0x0863,0x0863,0x0863,0x0863,0x0863,0x0863,0x0863,0x0863,0x0863,0x0863,
  0x0863,0x0863,0x0863,0x0863,0x0863,0x0863,0x0863,0x0863,0x0863,0x0863,0x0863,0x0863,0x0863,0x0863,0x0863,0x0863,
  0x0863,0x0863,0x0863,0x0863,0x0863,0x0863,0x0863,0x0863,0x0863,0x0863,0x0863,0x0863,0x0863,0x0863,0x0863,0x0863,
  0x0863,0x0863,0x0863,0x0863,0x0863,0x0863,0x0863,0x0863,0x0863,0x0863,0x0863,0x0863,0x0863,0x0863,0x0863,0x0863,
  0x0863,0x0863,0x0863,0x0863,0x0863,0x0863,0x0863,0x0863,0x0863,0x0863,0x0863,0x0863,0x0863,0x0863,0x0863,0x0863,
  0x0863,0x0863,0x0863,0x0863,0x0863,0x0863,0x0863,0x0863,0x0863,0x0863,0x0863,0x0863,0x0863,0x0863,0x0863,0x0863,
  0x0863,0x0863,0x0863,0x0863,0x0863,0x0863,0x0863,0x0863,0x0863,0x0863,0x0863,0x0863,0x0863,0x0863,0x0863,0x0863,
  0x0863,0x0863,0x0863,0x0863,0x0863,0x0863,0x0863,0x0863,0x0863,0x0863,0x0863,0x0863,0x0863,0x0863,0x0863,0x0863,
  0x0863,0x0863,0x0863,0x0863,0x0863,0x0863,0x0863,0x0863,0x0863,0x0863,0x0863,0x0863,0x0863,0x0863,0x0863,0x0863,
  0x0863,0x0863,0x0863,0x0863,0x0863,0x0863,0x0863,0x0863,0x0863,0x0863,0x0863,0x0863,0x0863,0x0863,0x0863,0x0863,
  0x0863,0x0863,0x0863,0x0863,0x0863,0x0863,0x0863,0x0863,0x0863,0x0863,0x0863,0x0863,0x0863,0x0863,0x0863,0x0863,
  0x0863,0x0863,0x0863,0x0863,0x0863,0x0863,0x0863,0x0863,0x0863,0x0863,0x0863,0x0863,0x0863,0x0863,0x0863,0x0863,
  0x0863,0x0883,0x0863,0x0863,0x0883,0x0863,0x0863,0x0883,0x0863,0x0863,0x0883,0x0863,0x0863,0x0883,0x0863,0x0863,
  0x0883,0x0863,0x0863,0x0883,0x0863,0x0863,0x0883,0x0863,0x0863,0x0883,0x0863,0x0863,0x0883,0x0863,0x0863,0x0883,
  0x0863,0x0863,0x0883,0x0863,0x0863,0x0883,0x0863,0x0863,0x0883,0x0863,0x0863,0x0883,0x0863,0x0863,0x0883,0x0863,
  0x0863,0x0883,0x0863,0x0863,0x0883,0x0863,0x0863,0x0883,0x0863,0x0863,0x0883,0x0863,0x0863,0x0883,0x0863,0x0863,
  0x0883,0x0863,0x0863,0x0883,0x0863,0x0863,0x0883,0x0863,0x0863,0x0883,0x0863,0x0863,0x0883,0x0863,0x0863,0x0883,
  0x0863,0x0863,0x0883,0x0863,0x0863,0x0883,0x0863,0x0863,0x0883,0x0863,0x0863,0x0883,0x0863,0x0863,0x0883,0x0863,
  0x0863,0x0883,0x0863,0x0863,0x0883,0x0863,0x0863,0x0883,0x0863,0x0863,0x0883,0x0863,0x0863,0x0883,0x0863,0x0863,
  0x0883,0x0863,0x0863,0x0883,0x0863,0x0863,0x0883,0x0863,0x0863,0x0883,0x0863,0x0863,0x0883,0x0863,0x0863,0x0883,
  0x0863,0x0863,0x0883,0x0863,0x0863,0x0883,0x0863,0x0863,0x0883,0x0863,0x0863,0x0883,0x0863,0x0863,0x0883,0x0863,
  0x0863,0x0883,0x0863,0x0863,0x0883,0x0863,0x0863,0x0883,0x0863,0x0863,0x0883,0x0863,0x0863,0x0883,0x0863,0x0863,
  0x0883,0x0863,0x0863,0x0883,0x0863,0x0863,0x0883,0x0863,0x0863,0x0883,0x0863,0x0863,0x0883,0x0863,0x0863,0x0883,
  0x0863,0x0863,0x0883,0x0863,0x0863,0x0883,0x0863,0x0863,0x0883,0x0863,0x0863,0x0883,0x0863,0x0863,0x0883,0x0863,
  0x0863,0x0883,0x0863,0x0863,0x0883,0x0863,0x0863,0x0883,0x0863,0x0863,0x0883,0x0863,0x0863,0x0883,0x0863,0x0863,
  0x0883,0x0863,0x0863,0x0883,0x0863,0x0863,0x0883,0x0863,0x0863,0x0883,0x0863,0x0863,0x0883,0x0863,0x0863,0x0883,
  0x0863,0x0863,0x0883,0x0863,0x0863,0x0883,0x0863,0x0863,0x0883,0x0863,0x0863,0x0883,0x0863,0x0863,0x0883,0x0863,
  0x0863,0x0883,0x0863,0x0863,0x0883,0x0863,0x0863,0x0883,0x0863,0x0863,0x0883,0x0863,0x0863,0x0883,0x0863,0x0863,
  0x0883,0x0863,0x0863,0x0883,0x0863,0x0863,0x0883,0x0863,0x0863,0x0883,0x0863,0x0863,0x0883,0x0863,0x0863,0x0883,
  0x0863,0x0863,0x0883,0x0863,0x0863,0x0883,0x0863,0x0863,0x0883,0x0863,0x0863,0x0883,0x0863,0x0863,0x0883,0x0863,
  0x0863,0x0883,0x0863,0x0863,0x0883,0x0863,0x0863,0x0883,0x0863,0x0863,0x0883,0x0863,0x0863,0x0883,0x0863,0x0863,
  0x0883,0x0863,0x0863,0x0883,0x0863,0x0863,0x0883,0x0863,0x0863,0x0883,0x0863,0x0863,0x0883,0x0863,0x0863,0x0883,
  0x0863,0x0863,0x0883,0x0863,0x0863,0x0883,0x0863,0x0863,0x0883,0x0863,0x0863,0x0883,0x0863,0x0863,0x0883,0x0863,
  0x0863,0x0883,0x0863,0x0863,0x0883,0x0863,0x0863,0x0883,0x0863,0x0863,0x0883,0x0863,0x0863,0x0883,0x0863,0x0863,
  0x0883,0x0863,0x0863,0x0883,0x0863,0x0863,0x0883,0x0863,0x0863,0x0883,0x0863,0x0863,0x0883,0x0863,0x0863,0x0883,
  0x0863,0x0863,0x0883,0x0863,0x0863,0x0883,0x0863,0x0863,0x0883,0x0863,0x0863,0x0883,0x0863,0x0863,0x0883,0x0863,
  0x0863,0x0883,0x0863,0x0863,0x0883,0x0863,0x0863,0x0883,0x0863,0x0863,0x0883,0x0863,0x0863,0x0883,0x0863,0x0863,
  0x0883,0x0863,0x0863,0x0883,0x0863,0x0863,0x0883,0x0863,0x0863,0x0883,0x0863,0x0863,0x0883,0x0863,0x0863,0x0883,
  0x0863,0x0863,0x0883,0x0863,0x0863,0x0883,0x0863,0x0863,0x0883,0x0863,0x0863,0x0883,0x0863,0x0863,0x0883,0x0863,
  0x0863,0x0883,0x0863,0x0863,0x0883,0x0863,0x0863,0x0883,0x0863,0x0863,0x0883,0x0863,0x0863,0x0883,0x0863,0x0863,
  0x0883,0x0863,0x0863,0x0883,0x0863,0x0863,0x0883,0x0863,0x0863,0x0883,0x0863,0x0863,0x0883,0x0863,0x0863,0x0883,
  0x0863,0x0863,0x0883,0x0863,0x0863,0x0883,0x0863,0x0863,0x0883,0x0863,0x0863,0x0883,0x0863,0x0863,0x0883,0x0863,
  0x0863,0x0863,0x0862,0x0883,0x0862,0x0863,0x0862,0x0863,0x0882,0x0863,0x0862,0x0863,0x0882,0x0863,0x0862,0x0863,
  0x0862,0x0883,0x0862,0x0863,0x0862,0x0883,0x0862,0x0863,0x0862,0x0863,0x0882,0x0863,0x0862,0x0863,0x0882,0x0863,
  0x0862,0x0863,0x0862,0x0883,0x0862,0x0863,0x0862,0x0883,0x0862,0x0863,0x0862,0x0863,0x0882,0x0863,0x0862,0x0863,
  0x0882,0x0863,0x0862,0x0863,0x0862,0x0883,0x0862,0x0863,0x0862,0x0883,0x0862,0x0863,0x0862,0x0863,0x0882,0x0863,
  0x0862,0x0863,0x0882,0x0863,0x0862,0x0863,0x0862,0x0883,0x0862,0x0863,0x0862,0x0883,0x0862,0x0863,0x0862,0x0863,
  0x0882,0x0863,0x0862,0x0863,0x0882,0x0863,0x0862,0x0863,0x0862,0x0883,0x0862,0x0863,0x0862,0x0883,0x0862,0x0863,
  0x0862,0x0863,0x0882,0x0863,0x0862,0x0863,0x0882,0x0863,0x0862,0x0863,0x0862,0x0883,0x0862,0x0863,0x0862,0x0883,
  0x0862,0x0863,0x0862,0x0863,0x0882,0x0863,0x0862,0x0863,0x0882,0x0863,0x0862,0x0863,0x0862,0x0883,0x0862,0x0863,
  0x0862,0x0883,0x0862,0x0863,0x0862,0x0863,0x0882,0x0863,0x0862,0x0863,0x0882,0x0863,0x0862,0x0863,0x0862,0x0883,
  0x0862,0x0863,0x0862,0x0883,0x0862,0x0863,0x0862,0x0863,0x0882,0x0863,0x0862,0x0863,0x0882,0x0863,0x0862,0x0863,
  0x0862,0x0883,0x0862,0x0863,0x0862,0x0883,0x0862,0x0863,0x0862,0x0863,0x0882,0x0863,0x0862,0x0863,0x0882,0x0863,
  0x0862,0x0863,0x0862,0x0883,0x0862,0x0863,0x0862,0x0883,0x0862,0x0863,0x0862,0x0863,0x0882,0x0863,0x0862,0x0863,
  0x0882,0x0863,0x0862,0x0863,0x0862,0x0883,0x0862,0x0863,0x0862,0x0883,0x0862,0x0863,0x0862,0x0863,0x0882,0x0863,
  0x0862,0x0863,0x0882,0x0863,0x0862,0x0863,0x0862,0x0883,0x0862,0x0863,0x0862,0x0883,0x0862,0x0863,0x0862,0x0863,
  0x0882,0x0863,0x0862,0x0863,0x0882,0x0863,0x0862,0x0863,0x0862,0x0883,0x0862,0x0863,0x0862,0x0883,0x0862,0x0863,
  0x0862,0x0863,0x0882,0x0863,0x0862,0x0863,0x0882,0x0863,0x0862,0x0863,0x0862,0x0883,0x0862,0x0863,0x0862,0x0883,
  0x0862,0x0863,0x0862,0x0863,0x0882,0x0863,0x0862,0x0863,0x0882,0x0863,0x0862,0x0863,0x0862,0x0883,0x0862,0x0863,
  0x0862,0x0883,0x0862,0x0863,0x0862,0x0863,0x0882,0x0863,0x0862,0x0863,0x0882,0x0863,0x0862,0x0863,0x0862,0x0883,
  0x0862,0x0863,0x0862,0x0883,0x0862,0x0863,0x0862,0x0863,0x0882,0x0863,0x0862,0x0863,0x0882,0x0863,0x0862,0x0863,
  0x0862,0x0883,0x0862,0x0863,0x0862,0x0883,0x0862,0x0863,0x0862,0x0863,0x0882,0x0863,0x0862,0x0863,0x0882,0x0863,
  0x0862,0x0863,0x0862,0x0883,0x0862,0x0863,0x0862,0x0883,0x0862,0x0863,0x0862,0x0863,0x0882,0x0863,0x0862,0x0863,
  0x0882,0x0863,0x0862,0x0863,0x0862,0x0883,0x0862,0x0863,0x0862,0x0883,0x0862,0x0863,0x0862,0x0863,0x0882,0x0863,
  0x0862,0x0863,0x0882,0x0863,0x0862,0x0863,0x0862,0x0883,0x0862,0x0863,0x0862,0x0883,0x0862,0x0863,0x0862,0x0863,
  0x0882,0x0863,0x0862,0x0863,0x0882,0x0863,0x0862,0x0863,0x0862,0x0883,0x0862,0x0863,0x0862,0x0883,0x0862,0x0863,
  0x0862,0x0863,0x0882,0x0863,0x0862,0x0863,0x0882,0x0863,0x0862,0x0863,0x0862,0x0883,0x0862,0x0863,0x0862,0x0883,
  0x0862,0x0863,0x0862,0x0863,0x0882,0x0863,0x0862,0x0863,0x0882,0x0863,0x0862,0x0863,0x0862,0x0883,0x0862,0x0863,
  0x0862,0x0883,0x0862,0x0863,0x0862,0x0863,0x0882,0x0863,0x0862,0x0863,0x0882,0x0863,0x0862,0x0863,0x0862,0x0883,
  0x0862,0x0863,0x0862,0x0883,0x0862,0x0863,0x0862,0x0863,0x0882,0x0863,0x0862,0x0863,0x0882,0x0863,0x0862,0x0863,
  0x0862,0x0883,0x0862,0x0863,0x0862,0x0883,0x0862,0x0863,0x0862,0x0863,0x0882,0x0863,0x0862,0x0863,0x0882,0x0863,
  0x0862,0x0863,0x0862,0x0883,0x0862,0x0863,0x0862,0x0883,0x0862,0x0863,0x0862,0x0863,0x0882,0x0863,0x0862,0x0863,
  0x0883,0x0863,0x0883,0x0863,0x0863,0x0883,0x0883,0x0863,0x0863,0x0883,0x0863,0x0883,0x0863,0x0863,0x0883,0x0883,
  0x0863,0x0863,0x0883,0x0863,0x0883,0x0863,0x0863,0x0883,0x0883,0x0863,0x0863,0x0883,0x0863,0x0883,0x0863,0x0863,
  0x0883,0x0883,0x0863,0x0863,0x0883,0x0863,0x0883,0x0863,0x0863,0x0883,0x0883,0x0863,0x0863,0x0883,0x0863,0x0883,
  0x0863,0x0863,0x0883,0x0883,0x0863,0x0863,0x0883,0x0863,0x0883,0x0863,0x0863,0x0883,0x0883,0x0863,0x0863,0x0883,
  0x0863,0x0883,0x0863,0x0863,0x0883,0x0883,0x0863,0x0863,0x0883,0x0863,0x0883,0x0863,0x0863,0x0883,0x0883,0x0863,
  0x0863,0x0883,0x0863,0x0883,0x0863,0x0863,0x0883,0x0883,0x0863,0x0863,0x0883,0x0863,0x0883,0x0863,0x0863,0x0883,
  0x0883,0x0863,0x0863,0x0883,0x0863,0x0883,0x0863,0x0863,0x0883,0x0883,0x0863,0x0863,0x0883,0x0863,0x0883,0x0863,
  0x0863,0x0883,0x0883,0x0863,0x0863,0x0883,0x0863,0x0883,0x0863,0x0863,0x0883,0x0883,0x0863,0x0863,0x0883,0x0863,
  0x0883,0x0863,0x0863,0x0883,0x0883,0x0863,0x0863,0x0883,0x0863,0x0883,0x0863,0x0863,0x0883,0x0883,0x0863,0x0863,
  0x0883,0x0863,0x0883,0x0863,0x0863,0x0883,0x0883,0x0863,0x0863,0x0883,0x0863,0x0883,0x0863,0x0863,0x0883,0x0883,
  0x0863,0x0863,0x0883,0x0863,0x0883,0x0863,0x0863,0x0883,0x0883,0x0863,0x0863,0x0883,0x0863,0x0883,0x0863,0x0863,
  0x0883,0x0883,0x0863,0x0863,0x0883,0x0863,0x0883,0x0863,0x0863,0x0883,0x0883,0x0863,0x0863,0x0883,0x0863,0x0883,
  0x0863,0x0863,0x0883,0x0883,0x0863,0x0863,0x0883,0x0863,0x0883,0x0863,0x0863,0x0883,0x0883,0x0863,0x0863,0x0883,
  0x0863,0x0883,0x0863,0x0863,0x0883,0x0883,0x0863,0x0863,0x0883,0x0863,0x0883,0x0863,0x0863,0x0883,0x0883,0x0863,
  0x0863,0x0883,0x0863,0x0883,0x0863,0x0863,0x0883,0x0883,0x0863,0x0863,0x0883,0x0863,0x0883,0x0863,0x0863,0x0883,
  0x0883,0x0863,0x0863,0x0883,0x0863,0x0883,0x0863,0x0863,0x0883,0x0883,0x0863,0x0863,0x0883,0x0863,0x0883,0x0863,
  0x0863,0x0883,0x0883,0x0863,0x0863,0x0883,0x0863,0x0883,0x0863,0x0863,0x0883,0x0883,0x0863,0x0863,0x0883,0x0863,
  0x0883,0x0863,0x0863,0x0883,0x0883,0x0863,0x0863,0x0883,0x0863,0x0883,0x0863,0x0863,0x0883,0x0883,0x0863,0x0863,
  0x0883,0x0863,0x0883,0x0863,0x0863,0x0883,0x0883,0x0863,0x0863,0x0883,0x0863,0x0883,0x0863,0x0863,0x0883,0x0883,
  0x0863,0x0863,0x0883,0x0863,0x0883,0x0863,0x0863,0x0883,0x0883,0x0863,0x0863,0x0883,0x0863,0x0883,0x0863,0x0863,
  0x0883,0x0883,0x0863,0x0863,0x0883,0x0863,0x0883,0x0863,0x0863,0x0883,0x0883,0x0863,0x0863,0x0883,0x0863,0x0883,
  0x0863,0x0863,0x0883,0x0883,0x0863,0x0863,0x0883,0x0863,0x0883,0x0863,0x0863,0x0883,0x0883,0x0863,0x0863,0x0883,
  0x0863,0x0883,0x0863,0x0863,0x0883,0x0883,0x0863,0x0863,0x0883,0x0863,0x0883,0x0863,0x0863,0x0883,0x0883,0x0863,
  0x0863,0x0883,0x0863,0x0883,0x0863,0x0863,0x0883,0x0883,0x0863,0x0863,0x0883,0x0863,0x0883,0x0863,0x0863,0x0883,
  0x0883,0x0863,0x0863,0x0883,0x0863,0x0883,0x0863,0x0863,0x0883,0x0883,0x0863,0x0863,0x0883,0x0863,0x0883,0x0863,
  0x0863,0x0883,0x0883,0x0863,0x0863,0x0883,0x0863,0x0883,0x0863,0x0863,0x0883,0x0883,0x0863,0x0863,0x0883,0x0863,
  0x0883,0x0863,0x0863,0x0883,0x0883,0x0863,0x0863,0x0883,0x0863,0x0883,0x0863,0x0863,0x0883,0x0883,0x0863,0x0863,
  0x0883,0x0863,0x0883,0x0863,0x0863,0x0883,0x0883,0x0863,0x0863,0x0883,0x0863,0x0883,0x0863,0x0863,0x0883,0x0883,
  0x0863,0x0863,0x0883,0x0863,0x0883,0x0863,0x0863,0x0883,0x0883,0x0863,0x0863,0x0883,0x0863,0x0883,0x0863,0x0863,
  0x0883,0x0883,0x0863,0x0863,0x0883,0x0863,0x0883,0x0863,0x0863,0x0883,0x0883,0x0863,0x0863,0x0883,0x0863,0x0883,
  0x0863,0x1063,0x0863,0x1083,0x0863,0x1063,0x0863,0x1083,0x0863,0x1063,0x0883,0x1063,0x0863,0x1083,0x0863,0x1063,
  0x0883,0x1063,0x0863,0x1083,0x0863,0x1063,0x0883,0x1063,0x0863,0x1083,0x0863,0x1063,0x0883,0x1063,0x0863,0x1083,
  0x0863,0x1063,0x0883,0x1063,0x0863,0x1083,0x0863,0x1063,0x0883,0x1063,0x0863,0x1083,0x0863,0x1063,0x0883,0x1063,
  0x0863,0x1083,0x0863,0x1063,0x0883,0x1063,0x0863,0x1083,0x0863,0x1063,0x0883,0x1063,0x0863,0x1083,0x0863,0x1063,
  0x0883,0x1063,0x0863,0x1083,0x0863,0x1063,0x0883,0x1063,0x0863,0x1083,0x0863,0x1063,0x0883,0x1063,0x0863,0x1083,
  0x0863,0x1063,0x0883,0x1063,0x0863,0x1083,0x0863,0x1063,0x0883,0x1063,0x0863,0x1083,0x0863,0x1063,0x0883,0x1063,
  0x0863,0x1083,0x0863,0x1063,0x0883,0x1063,0x0863,0x1083,0x0863,0x1063,0x0883,0x1063,0x0863,0x1083,0x0863,0x1063,
  0x0883,0x1063,0x0863,0x1083,0x0863,0x1063,0x0883,0x1063,0x0863,0x1083,0x0863,0x1063,0x0883,0x1063,0x0863,0x1083,
  0x0863,0x1063,0x0883,0x1063,0x0863,0x1083,0x0863,0x1063,0x0883,0x1063,0x0863,0x1083,0x0863,0x1063,0x0883,0x1063,
  0x0863,0x1083,0x0863,0x1063,0x0883,0x1063,0x0863,0x1083,0x0863,0x1063,0x0883,0x1063,0x0863,0x1083,0x0863,0x1063,
  0x0883,0x1063,0x0863,0x1083,0x0863,0x1063,0x0883,0x1063,0x0863,0x1083,0x0863,0x1063,0x0883,0x1063,0x0863,0x1083,
  0x0863,0x1063,0x0883,0x1063,0x0863,0x1083,0x0863,0x1063,0x0883,0x1063,0x0863,0x1083,0x0863,0x1063,0x0883,0x1063,
  0x0863,0x1083,0x0863,0x1063,0x0883,0x1063,0x0863,0x1083,0x0863,0x1063,0x0883,0x1063,0x0863,0x1083,0x0863,0x1063,
  0x0883,0x1063,0x0863,0x1083,0x0863,0x1063,0x0883,0x1063,0x0863,0x1083,0x0863,0x1063,0x0883,0x1063,0x0863,0x1083,
  0x0863,0x1063,0x0883,0x1063,0x0863,0x1083,0x0863,0x1063,0x0883,0x1063,0x0863,0x1083,0x0863,0x1063,0x0883,0x1063,
  0x0863,0x1083,0x0863,0x1063,0x0883,0x1063,0x0863,0x1083,0x0863,0x1063,0x0883,0x1063,0x0863,0x1083,0x0863,0x1063,
  0x0883,0x1063,0x0863,0x1083,0x0863,0x1063,0x0883,0x1063,0x0863,0x1083,0x0863,0x1063,0x0883,0x1063,0x0863,0x1083,
  0x0863,0x1063,0x0883,0x1063,0x0863,0x1083,0x0863,0x1063,0x0883,0x1063,0x0863,0x1083,0x0863,0x1063,0x0883,0x1063,
  0x0863,0x1083,0x0863,0x1063,0x0883,0x1063,0x0863,0x1083,0x0863,0x1063,0x0883,0x1063,0x0863,0x1083,0x0863,0x1063,
  0x0883,0x1063,0x0863,0x1083,0x0863,0x1063,0x0883,0x1063,0x0863,0x1083,0x0863,0x1063,0x0883,0x1063,0x0863,0x1083,
  0x0863,0x1063,0x0883,0x1063,0x0863,0x1083,0x0863,0x1063,0x0883,0x1063,0x0863,0x1083,0x0863,0x1063,0x0883,0x1063,
  0x0863,0x1083,0x0863,0x1063,0x0883,0x1063,0x0863,0x1083,0x0863,0x1063,0x0883,0x1063,0x0863,0x1083,0x0863,0x1063,
  0x0883,0x1063,0x0863,0x1083,0x0863,0x1063,0x0883,0x1063,0x0863,0x1083,0x0863,0x1063,0x0883,0x1063,0x0863,0x1083,
  0x0863,0x1063,0x0883,0x1063,0x0863,0x1083,0x0863,0x1063,0x0883,0x1063,0x0863,0x1083,0x0863,0x1063,0x0883,0x1063,
  0x0863,0x1083,0x0863,0x1063,0x0883,0x1063,0x0863,0x1083,0x0863,0x1063,0x0883,0x1063,0x0863,0x1083,0x0863,0x1063,
  0x0883,0x1063,0x0863,0x1083,0x0863,0x1063,0x0883,0x1063,0x0863,0x1083,0x0863,0x1063,0x0883,0x1063,0x0863,0x1083,
  0x0863,0x1063,0x0883,0x1063,0x0863,0x1083,0x0863,0x1063,0x0883,0x1063,0x0863,0x1083,0x0863,0x1063,0x0883,0x1063,
  0x0863,0x1083,0x0863,0x1063,0x0883,0x1063,0x0863,0x1083,0x0863,0x1063,0x0883,0x1063,0x0863,0x1083,0x0863,0x1063,
  0x0883,0x1063,0x0863,0x1083,0x0863,0x1063,0x0883,0x1063,0x0863,0x1083,0x0863,0x1063,0x0883,0x1063,0x0863,0x1083,
  0x0863,0x1063,0x0883,0x1063,0x0863,0x1083,0x0863,0x1063,0x0883,0x1063,0x0863,0x1083,0x0863,0x1063,0x0883,0x1063,
  0x0883,0x0863,0x0883,0x0863,0x0883,0x0863,0x0883,0x0863,0x0883,0x0863,0x0863,0x0883,0x0863,0x0863,0x0883,0x0863,
  0x0863,0x0883,0x0863,0x0863,0x0883,0x0863,0x0863,0x0883,0x0863,0x0863,0x0883,0x0863,0x0863,0x0883,0x0863,0x0863,
  0x0883,0x0863,0x0863,0x0883,0x0863,0x0863,0x0883,0x0863,0x0863,0x0883,0x0863,0x0863,0x0883,0x0863,0x0863,0x0883,
  0x0863,0x0863,0x0883,0x0863,0x0863,0x0883,0x0863,0x0863,0x0883,0x0863,0x0863,0x0883,0x0863,0x0863,0x0883,0x0863,
  0x0863,0x0883,0x0863,0x0863,0x0883,0x0863,0x0863,0x0883,0x0863,0x0863,0x0883,0x0863,0x0863,0x0883,0x0863,0x0863,
  0x0883,0x0863,0x0863,0x0883,0x0863,0x0863,0x0883,0x0863,0x0863,0x0883,0x0863,0x0863,0x0883,0x0863,0x0863,0x0883,
  0x0863,0x0863,0x0883,0x0863,0x0863,0x0883,0x0863,0x0863,0x0883,0x0863,0x0863,0x0883,0x0863,0x0863,0x0883,0x0863,
  0x0863,0x0883,0x0863,0x0863,0x0883,0x0863,0x0863,0x0883,0x0863,0x0863,0x0883,0x0863,0x0863,0x0883,0x0863,0x0863,
  0x0883,0x0863,0x0863,0x0883,0x0863,0x0863,0x0883,0x0863,0x0863,0x0883,0x0863,0x0863,0x0883,0x0863,0x0863,0x0883,
  0x0863,0x0863,0x0883,0x0863,0x0863,0x0883,0x0863,0x0863,0x0883,0x0863,0x0863,0x0883,0x0863,0x0863,0x0883,0x0863,
  0x0863,0x0883,0x0863,0x0863,0x0883,0x0863,0x0863,0x0883,0x0863,0x0863,0x0883,0x0863,0x0863,0x0883,0x0863,0x0863,
  0x0883,0x0863,0x0863,0x0883,0x0863,0x0863,0x0883,0x0863,0x0863,0x0883,0x0863,0x0863,0x0883,0x0863,0x0863,0x0883,
  0x0863,0x0863,0x0883,0x0863,0x0863,0x0883,0x0863,0x0863,0x0883,0x0863,0x0863,0x0883,0x0863,0x0863,0x0883,0x0863,
  0x0863,0x0883,0x0863,0x0863,0x0883,0x0863,0x0863,0x0883,0x0863,0x0863,0x0883,0x0863,0x0863,0x0883,0x0863,0x0863,
  0x0883,0x0863,0x0863,0x0883,0x0863,0x0863,0x0883,0x0863,0x0863,0x0883,0x0863,0x0863,0x0883,0x0863,0x0863,0x0883,
  0x0863,0x0863,0x0883,0x0863,0x0863,0x0883,0x0863,0x0863,0x0883,0x0863,0x0863,0x0883,0x0863,0x0863,0x0883,0x0863,
  0x0863,0x0883,0x0863,0x0863,0x0883,0x0863,0x0863,0x0883,0x0863,0x0863,0x0883,0x0863,0x0863,0x0883,0x0863,0x0863,
  0x0883,0x0863,0x0863,0x0883,0x0863,0x0863,0x0883,0x0863,0x0863,0x0883,0x0863,0x0863,0x0883,0x0863,0x0863,0x0883,
  0x0863,0x0863,0x0883,0x0863,0x0863,0x0883,0x0863,0x0863,0x0883,0x0863,0x0863,0x0883,0x0863,0x0863,0x0883,0x0863,
  0x0863,0x0883,0x0863,0x0863,0x0883,0x0863,0x0863,0x0883,0x0863,0x0863,0x0883,0x0863,0x0863,0x0883,0x0863,0x0863,
  0x0883,0x0863,0x0863,0x0883,0x0863,0x0863,0x0883,0x0863,0x0863,0x0883,0x0863,0x0863,0x0883,0x0863,0x0863,0x0883,
  0x0863,0x0863,0x0883,0x0863,0x0863,0x0883,0x0863,0x0863,0x0883,0x0863,0x0863,0x0883,0x0863,0x0863,0x0883,0x0863,
  0x0863,0x0883,0x0863,0x0863,0x0883,0x0863,0x0863,0x0883,0x0863,0x0863,0x0883,0x0863,0x0863,0x0883,0x0863,0x0863,
  0x0883,0x0863,0x0863,0x0883,0x0863,0x0863,0x0883,0x0863,0x0863,0x0883,0x0863,0x0863,0x0883,0x0863,0x0863,0x0883,
  0x0863,0x0863,0x0883,0x0863,0x0863,0x0883,0x0863,0x0863,0x0883,0x0863,0x0863,0x0883,0x0863,0x0863,0x0883,0x0863,
  0x0863,0x0883,0x0863,0x0863,0x0883,0x0863,0x0863,0x0883,0x0863,0x0863,0x0883,0x0863,0x0863,0x0883,0x0863,0x0863,
  0x0883,0x0863,0x0863,0x0883,0x0863,0x0863,0x0883,0x0863,0x0863,0x0883,0x0863,0x0863,0x0883,0x0863,0x0863,0x0883,
  0x0863,0x0863,0x0883,0x0863,0x0863,0x0883,0x0863,0x0863,0x0883,0x0863,0x0863,0x0883,0x0863,0x0863,0x0883,0x0863,
  0x0863,0x0883,0x0863,0x0863,0x0883,0x0863,0x0863,0x0883,0x0863,0x0863,0x0883,0x0863,0x0863,0x0883,0x0863,0x0863,
  0x0883,0x0863,0x0863,0x0883,0x0863,0x0863,0x0883,0x0863,0x0863,0x0883,0x0863,0x0863,0x0883,0x0863,0x0863,0x0883,
  0x0863,0x0883,0x0863,0x1063,0x0883,0x0863,0x0863,0x1083,0x0863,0x0883,0x1063,0x0883,0x0863,0x1083,0x0863,0x0883,
  0x1063,0x0883,0x0863,0x1083,0x0863,0x0883,0x1063,0x0883,0x0863,0x1083,0x0863,0x0883,0x1063,0x0883,0x0863,0x1083,
  0x0863,0x0883,0x1063,0x0883,0x0863,0x1083,0x0863,0x0883,0x1063,0x0883,0x0863,0x1083,0x0863,0x0883,0x1063,0x0883,
  0x0863,0x1083,0x0863,0x0883,0x1063,0x0883,0x0863,0x1083,0x0863,0x0883,0x1063,0x0883,0x0863,0x1083,0x0863,0x0883,
  0x1063,0x0883,0x0863,0x1083,0x0863,0x0883,0x1063,0x0883,0x0863,0x1083,0x0863,0x0883,0x1063,0x0883,0x0863,0x1083,
  0x0863,0x0883,0x1063,0x0883,0x0863,0x1083,0x0863,0x0883,0x1063,0x0883,0x0863,0x1083,0x0863,0x0883,0x1063,0x0883,
  0x0863,0x1083,0x0863,0x0883,0x1063,0x0883,0x0863,0x1083,0x0863,0x0883,0x1063,0x0883,0x0863,0x1083,0x0863,0x0883,
  0x1063,0x0883,0x0863,0x1083,0x0863,0x0883,0x1063,0x0883,0x0863,0x1083,0x0863,0x0883,0x1063,0x0883,0x0863,0x1083,
  0x0863,0x0883,0x1063,0x0883,0x0863,0x1083,0x0863,0x0883,0x1063,0x0883,0x0863,0x1083,0x0863,0x0883,0x1063,0x0883,
  0x0863,0x1083,0x0863,0x0883,0x1063,0x0883,0x0863,0x1083,0x0863,0x0883,0x1063,0x0883,0x0863,0x1083,0x0863,0x0883,
  0x1063,0x0883,0x0863,0x1083,0x0863,0x0883,0x1063,0x0883,0x0863,0x1083,0x0863,0x0883,0x1063,0x0883,0x0863,0x1083,
  0x0863,0x0883,0x1063,0x0883,0x0863,0x1083,0x0863,0x0883,0x1063,0x0883,0x0863,0x1083,0x0863,0x0883,0x1063,0x0883,
  0x0863,0x1083,0x0863,0x0883,0x1063,0x0883,0x0863,0x1083,0x0863,0x0883,0x1063,0x0883,0x0863,0x1083,0x0863,0x0883,
  0x1063,0x0883,0x0863,0x1083,0x0863,0x0883,0x1063,0x0883,0x0863,0x1083,0x0863,0x0883,0x1063,0x0883,0x0863,0x1083,
  0x0863,0x0883,0x1063,0x0883,0x0863,0x1083,0x0863,0x0883,0x1063,0x0883,0x0863,0x1083,0x0863,0x0883,0x1063,0x0883,
  0x0863,0x1083,0x0863,0x0883,0x1063,0x0883,0x0863,0x1083,0x0863,0x0883,0x1063,0x0883,0x0863,0x1083,0x0863,0x0883,
  0x1063,0x0883,0x0863,0x1083,0x0863,0x0883,0x1063,0x0883,0x0863,0x1083,0x0863,0x0883,0x1063,0x0883,0x0863,0x1083,
  0x0863,0x0883,0x1063,0x0883,0x0863,0x1083,0x0863,0x0883,0x1063,0x0883,0x0863,0x1083,0x0863,0x0883,0x1063,0x0883,
  0x0863,0x1083,0x0863,0x0883,0x1063,0x0883,0x0863,0x1083,0x0863,0x0883,0x1063,0x0883,0x0863,0x1083,0x0863,0x0883,
  0x1063,0x0883,0x0863,0x1083,0x0863,0x0883,0x1063,0x0883,0x0863,0x1083,0x0863,0x0883,0x1063,0x0883,0x0863,0x1083,
  0x0863,0x0883,0x1063,0x0883,0x0863,0x1083,0x0863,0x0883,0x1063,0x0883,0x0863,0x1083,0x0863,0x0883,0x1063,0x0883,
  0x0863,0x1083,0x0863,0x0883,0x1063,0x0883,0x0863,0x1083,0x0863,0x0883,0x1063,0x0883,0x0863,0x1083,0x0863,0x0883,
  0x1063,0x0883,0x0863,0x1083,0x0863,0x0883,0x1063,0x0883,0x0863,0x1083,0x0863,0x0883,0x1063,0x0883,0x0863,0x1083,
  0x0863,0x0883,0x1063,0x0883,0x0863,0x1083,0x0863,0x0883,0x1063,0x0883,0x0863,0x1083,0x0863,0x0883,0x1063,0x0883,
  0x0863,0x1083,0x0863,0x0883,0x1063,0x0883,0x0863,0x1083,0x0863,0x0883,0x1063,0x0883,0x0863,0x1083,0x0863,0x0883,
  0x1063,0x0883,0x0863,0x1083,0x0863,0x0883,0x1063,0x0883,0x0863,0x1083,0x0863,0x0883,0x1063,0x0883,0x0863,0x1083,
  0x0863,0x0883,0x1063,0x0883,0x0863,0x1083,0x0863,0x0883,0x1063,0x0883,0x0863,0x1083,0x0863,0x0883,0x1063,0x0883,
  0x0863,0x1083,0x0863,0x0883,0x1063,0x0883,0x0863,0x1083,0x0863,0x0883,0x1063,0x0883,0x0863,0x1083,0x0863,0x0883,
  0x1063,0x0883,0x0863,0x1083,0x0863,0x0883,0x1063,0x0883,0x0863,0x1083,0x0863,0x0883,0x1063,0x0883,0x0863,0x1083,
  0x0863,0x0883,0x1063,0x0883,0x0863,0x1083,0x0863,0x0883,0x1063,0x0883,0x0863,0x1083,0x0863,0x0883,0x0863,0x0863,
  0x0863,0x1083,0x0863,0x0883,0x0863,0x1083,0x0863,0x0883,0x0863,0x0863,0x0883,0x0863,0x0883,0x0863,0x0883,0x0863,
  0x0883,0x0863,0x0883,0x0863,0x0883,0x0863,0x0883,0x0863,0x0883,0x0863,0x0883,0x0863,0x0883,0x0863,0x0883,0x0863,
  0x0883,0x0863,0x0883,0x0863,0x0883,0x0863,0x0883,0x0863,0x0883,0x0863,0x0883,0x0863,0x0883,0x0863,0x0883,0x0863,
  0x0883,0x0863,0x0883,0x0863,0x0883,0x0863,0x0883,0x0863,0x0883,0x0863,0x0883,0x0863,0x0883,0x0863,0x0883,0x0863,
  0x0883,0x0863,0x0883,0x0863,0x0883,0x0863,0x0883,0x0863,0x0883,0x0863,0x0883,0x0863,0x0883,0x0863,0x0883,0x0863,
  0x0883,0x0863,0x0883,0x0863,0x0883,0x0863,0x0883,0x0863,0x0883,0x0863,0x0883,0x0863,0x0883,0x0863,0x0883,0x0863,
  0x0883,0x0863,0x0883,0x0863,0x0883,0x0863,0x0883,0x0863,0x0883,0x0863,0x0883,0x0863,0x0883,0x0863,0x0883,0x0863,
  0x0883,0x0863,0x0883,0x0863,0x0883,0x0863,0x0883,0x0863,0x0883,0x0863,0x0883,0x0863,0x0883,0x0863,0x0883,0x0863,
  0x0883,0x0863,0x0883,0x0863,0x0883,0x0863,0x0883,0x0863,0x0883,0x0863,0x0883,0x0863,0x0883,0x0863,0x0883,0x0863,
  0x0883,0x0863,0x0883,0x0863,0x0883,0x0863,0x0883,0x0863,0x0883,0x0863,0x0883,0x0863,0x0883,0x0863,0x0883,0x0863,
  0x0883,0x0863,0x0883,0x0863,0x0883,0x0863,0x0883,0x0863,0x0883,0x0863,0x0883,0x0863,0x0883,0x0863,0x0883,0x0863,
  0x0883,0x0863,0x0883,0x0863,0x0883,0x0863,0x0883,0x0863,0x0883,0x0863,0x0883,0x0863,0x0883,0x0863,0x0883,0x0863,
  0x0883,0x0863,0x0883,0x0863,0x0883,0x0863,0x0883,0x0863,0x0883,0x0863,0x0883,0x0863,0x0883,0x0863,0x0883,0x0863,
  0x0883,0x0863,0x0883,0x0863,0x0883,0x0863,0x0883,0x0863,0x0883,0x0863,0x0883,0x0863,0x0883,0x0863,0x0883,0x0863,
  0x0883,0x0863,0x0883,0x0863,0x0883,0x0863,0x0883,0x0863,0x0883,0x0863,0x0883,0x0863,0x0883,0x0863,0x0883,0x0863,
  0x0883,0x0863,0x0883,0x0863,0x0883,0x0863,0x0883,0x0863,0x0883,0x0863,0x0883,0x0863,0x0883,0x0863,0x0883,0x0863,
  0x0883,0x0863,0x0883,0x0863,0x0883,0x0863,0x0883,0x0863,0x0883,0x0863,0x0883,0x0863,0x0883,0x0863,0x0883,0x0863,
  0x0883,0x0863,0x0883,0x0863,0x0883,0x0863,0x0883,0x0863,0x0883,0x0863,0x0883,0x0863,0x0883,0x0863,0x0883,0x0863,
  0x0883,0x0863,0x0883,0x0863,0x0883,0x0863,0x0883,0x0863,0x0883,0x0863,0x0883,0x0863,0x0883,0x0863,0x0883,0x0863,
  0x0883,0x0863,0x0883,0x0863,0x0883,0x0863,0x0883,0x0863,0x0883,0x0863,0x0883,0x0863,0x0883,0x0863,0x0883,0x0863,
  0x0883,0x0863,0x0883,0x0863,0x0883,0x0863,0x0883,0x0863,0x0883,0x0863,0x0883,0x0863,0x0883,0x0863,0x0883,0x0863,
  0x0883,0x0863,0x0883,0x0863,0x0883,0x0863,0x0883,0x0863,0x0883,0x0863,0x0883,0x0863,0x0883,0x0863,0x0883,0x0863,
  0x0883,0x0863,0x0883,0x0863,0x0883,0x0863,0x0883,0x0863,0x0883,0x0863,0x0883,0x0863,0x0883,0x0863,0x0883,0x0863,
  0x0883,0x0863,0x0883,0x0863,0x0883,0x0863,0x0883,0x0863,0x0883,0x0863,0x0883,0x0863,0x0883,0x0863,0x0883,0x0863,
  0x0883,0x0863,0x0883,0x0863,0x0883,0x0863,0x0883,0x0863,0x0883,0x0863,0x0883,0x0863,0x0883,0x0863,0x0883,0x0863,
  0x0883,0x0863,0x0883,0x0863,0x0883,0x0863,0x0883,0x0863,0x0883,0x0863,0x0883,0x0863,0x0883,0x0863,0x0883,0x0863,
  0x0883,0x0863,0x0883,0x0863,0x0883,0x0863,0x0883,0x0863,0x0883,0x0863,0x0883,0x0863,0x0883,0x0863,0x0883,0x0863,
  0x0883,0x0863,0x0883,0x0863,0x0883,0x0863,0x0883,0x0863,0x0883,0x0863,0x0883,0x0863,0x0883,0x0863,0x0883,0x0863,
  0x0883,0x0863,0x0883,0x0863,0x0883,0x0863,0x0883,0x0863,0x0883,0x0863,0x0883,0x0863,0x0883,0x0863,0x0883,0x0863,
  0x0883,0x0863,0x0883,0x0863,0x0883,0x0863,0x0883,0x0863,0x0883,0x0863,0x0883,0x0863,0x0883,0x1063,0x0883,0x1063,
  0x0863,0x0883,0x0863,0x0883,0x0863,0x0862,0x0883,0x0863,0x1083,0x0863,0x0883,0x1063,0x0863,0x0882,0x1063,0x0863,
  0x0863,0x1083,0x0863,0x0863,0x1063,0x0883,0x0863,0x1062,0x0863,0x0883,0x1063,0x0863,0x0863,0x1083,0x0863,0x0863,
  0x1062,0x0883,0x0863,0x1063,0x0863,0x0883,0x1063,0x0863,0x0863,0x1082,0x0863,0x0863,0x1063,0x0883,0x0863,0x1063,
  0x0863,0x0883,0x1062,0x0863,0x0863,0x1083,0x0863,0x0863,0x1063,0x0883,0x0863,0x1062,0x0863,0x0883,0x1063,0x0863,
  0x0863,0x1083,0x0863,0x0863,0x1062,0x0883,0x0863,0x1063,0x0863,0x0883,0x1063,0x0863,0x0863,0x1082,0x0863,0x0863,
  0x1063,0x0883,0x0863,0x1063,0x0863,0x0883,0x1062,0x0863,0x0863,0x1083,0x0863,0x0863,0x1063,0x0883,0x0863,0x1062,
  0x0863,0x0883,0x1063,0x0863,0x0863,0x1083,0x0863,0x0863,0x1062,0x0883,0x0863,0x1063,0x0863,0x0883,0x1063,0x0863,
  0x0863,0x1082,0x0863,0x0863,0x1063,0x0883,0x0863,0x1063,0x0863,0x0883,0x1062,0x0863,0x0863,0x1083,0x0863,0x0863,
  0x1063,0x0883,0x0863,0x1062,0x0863,0x0883,0x1063,0x0863,0x0863,0x1083,0x0863,0x0863,0x1062,0x0883,0x0863,0x1063,
  0x0863,0x0883,0x1063,0x0863,0x0863,0x1082,0x0863,0x0863,0x1063,0x0883,0x0863,0x1063,0x0863,0x0883,0x1062,0x0863,
  0x0863,0x1083,0x0863,0x0863,0x1063,0x0883,0x0863,0x1062,0x0863,0x0883,0x1063,0x0863,0x0863,0x1083,0x0863,0x0863,
  0x1062,0x0883,0x0863,0x1063,0x0863,0x0883,0x1063,0x0863,0x0863,0x1082,0x0863,0x0863,0x1063,0x0883,0x0863,0x1063,
  0x0863,0x0883,0x1062,0x0863,0x0863,0x1083,0x0863,0x0863,0x1063,0x0883,0x0863,0x1062,0x0863,0x0883,0x1063,0x0863,
  0x0863,0x1083,0x0863,0x0863,0x1062,0x0883,0x0863,0x1063,0x0863,0x0883,0x1063,0x0863,0x0863,0x1082,0x0863,0x0863,
  0x1063,0x0883,0x0863,0x1063,0x0863,0x0883,0x1062,0x0863,0x0863,0x1083,0x0863,0x0863,0x1063,0x0883,0x0863,0x1062,
  0x0863,0x0883,0x1063,0x0863,0x0863,0x1083,0x0863,0x0863,0x1062,0x0883,0x0863,0x1063,0x0863,0x0883,0x1063,0x0863,
  0x0863,0x1082,0x0863,0x0863,0x1063,0x0883,0x0863,0x1063,0x0863,0x0883,0x1062,0x0863,0x0863,0x1083,0x0863,0x0863,
  0x1063,0x0883,0x0863,0x1062,0x0863,0x0883,0x1063,0x0863,0x0863,0x1083,0x0863,0x0863,0x1062,0x0883,0x0863,0x1063,
  0x0863,0x0883,0x1063,0x0863,0x0863,0x1082,0x0863,0x0863,0x1063,0x0883,0x0863,0x1063,0x0863,0x0883,0x1062,0x0863,
  0x0863,0x1083,0x0863,0x0863,0x1063,0x0883,0x0863,0x1062,0x0863,0x0883,0x1063,0x0863,0x0863,0x1083,0x0863,0x0863,
  0x1062,0x0883,0x0863,0x1063,0x0863,0x0883,0x1063,0x0863,0x0863,0x1082,0x0863,0x0863,0x1063,0x0883,0x0863,0x1063,
  0x0863,0x0883,0x1062,0x0863,0x0863,0x1083,0x0863,0x0863,0x1063,0x0883,0x0863,0x1062,0x0863,0x0883,0x1063,0x0863,
  0x0863,0x1083,0x0863,0x0863,0x1062,0x0883,0x0863,0x1063,0x0863,0x0883,0x1063,0x0863,0x0863,0x1082,0x0863,0x0863,
  0x1063,0x0883,0x0863,0x1063,0x0863,0x0883,0x1062,0x0863,0x0863,0x1083,0x0863,0x0863,0x1063,0x0883,0x0863,0x1062,
  0x0863,0x0883,0x1063,0x0863,0x0863,0x1083,0x0863,0x0863,0x1062,0x0883,0x0863,0x1063,0x0863,0x0883,0x1063,0x0863,
  0x0863,0x1082,0x0863,0x0863,0x1063,0x0883,0x0863,0x1063,0x0863,0x0883,0x1062,0x0863,0x0863,0x1083,0x0863,0x0863,
  0x1063,0x0883,0x0863,0x1062,0x0863,0x0883,0x1063,0x0863,0x0863,0x1083,0x0863,0x0863,0x1062,0x0883,0x0863,0x1063,
  0x0863,0x0883,0x1063,0x0863,0x0863,0x1082,0x0863,0x0863,0x1063,0x0883,0x0863,0x1063,0x0863,0x0883,0x1062,0x0863,
  0x0863,0x1083,0x0863,0x0863,0x1063,0x0883,0x0863,0x1062,0x0863,0x0883,0x1063,0x0863,0x0863,0x1083,0x0863,0x0863,
  0x1062,0x0883,0x0863,0x1063,0x0863,0x0883,0x1063,0x0863,0x0863,0x1082,0x0863,0x0863,0x0863,0x0883,0x0863,0x0883,
  0x0883,0x1063,0x0883,0x1063,0x0883,0x1083,0x0863,0x1083,0x0863,0x0883,0x1063,0x0882,0x0863,0x1083,0x0863,0x0883,
  0x1083,0x0863,0x0883,0x1082,0x0863,0x0883,0x1063,0x0883,0x0883,0x1063,0x0883,0x0883,0x1063,0x0882,0x0863,0x1083,
  0x0883,0x0863,0x1083,0x0883,0x0863,0x1083,0x0862,0x0883,0x1083,0x0863,0x0883,0x1083,0x0863,0x0883,0x1063,0x0882,
  0x0883,0x1063,0x0883,0x0883,0x1063,0x0883,0x0863,0x1083,0x0882,0x0863,0x1083,0x0883,0x0863,0x1083,0x0863,0x0883,
  0x1083,0x0862,0x0883,0x1083,0x0863,0x0883,0x1063,0x0883,0x0883,0x1063,0x0882,0x0883,0x1063,0x0883,0x0863,0x1083,
  0x0883,0x0863,0x1083,0x0882,0x0863,0x1083,0x0863,0x0883,0x1083,0x0863,0x0883,0x1083,0x0862,0x0883,0x1063,0x0883,
  0x0883,0x1063,0x0883,0x0883,0x1063,0x0882,0x0863,0x1083,0x0883,0x0863,0x1083,0x0883,0x0863,0x1083,0x0862,0x0883,
  0x1083,0x0863,0x0883,0x1083,0x0863,0x0883,0x1063,0x0882,0x0883,0x1063,0x0883,0x0883,0x1063,0x0883,0x0863,0x1083,
  0x0882,0x0863,0x1083,0x0883,0x0863,0x1083,0x0863,0x0883,0x1083,0x0862,0x0883,0x1083,0x0863,0x0883,0x1063,0x0883,
  0x0883,0x1063,0x0882,0x0883,0x1063,0x0883,0x0863,0x1083,0x0883,0x0863,0x1083,0x0882,0x0863,0x1083,0x0863,0x0883,
  0x1083,0x0863,0x0883,0x1083,0x0862,0x0883,0x1063,0x0883,0x0883,0x1063,0x0883,0x0883,0x1063,0x0882,0x0863,0x1083,
  0x0883,0x0863,0x1083,0x0883,0x0863,0x1083,0x0862,0x0883,0x1083,0x0863,0x0883,0x1083,0x0863,0x0883,0x1063,0x0882,
  0x0883,0x1063,0x0883,0x0883,0x1063,0x0883,0x0863,0x1083,0x0882,0x0863,0x1083,0x0883,0x0863,0x1083,0x0863,0x0883,
  0x1083,0x0862,0x0883,0x1083,0x0863,0x0883,0x1063,0x0883,0x0883,0x1063,0x0882,0x0883,0x1063,0x0883,0x0863,0x1083,
  0x0883,0x0863,0x1083,0x0882,0x0863,0x1083,0x0863,0x0883,0x1083,0x0863,0x0883,0x1083,0x0862,0x0883,0x1063,0x0883,
  0x0883,0x1063,0x0883,0x0883,0x1063,0x0882,0x0863,0x1083,0x0883,0x0863,0x1083,0x0883,0x0863,0x1083,0x0862,0x0883,
  0x1083,0x0863,0x0883,0x1083,0x0863,0x0883,0x1063,0x0882,0x0883,0x1063,0x0883,0x0883,0x1063,0x0883,0x0863,0x1083,
  0x0882,0x0863,0x1083,0x0883,0x0863,0x1083,0x0863,0x0883,0x1083,0x0862,0x0883,0x1083,0x0863,0x0883,0x1063,0x0883,
  0x0883,0x1063,0x0882,0x0883,0x1063,0x0883,0x0863,0x1083,0x0883,0x0863,0x1083,0x0882,0x0863,0x1083,0x0863,0x0883,
  0x1083,0x0863,0x0883,0x1083,0x0862,0x0883,0x1063,0x0883,0x0883,0x1063,0x0883,0x0883,0x1063,0x0882,0x0863,0x1083,
  0x0883,0x0863,0x1083,0x0883,0x0863,0x1083,0x0862,0x0883,0x1083,0x0863,0x0883,0x1083,0x0863,0x0883,0x1063,0x0882,
  0x0883,0x1063,0x0883,0x0883,0x1063,0x0883,0x0863,0x1083,0x0882,0x0863,0x1083,0x0883,0x0863,0x1083,0x0863,0x0883,
  0x1083,0x0862,0x0883,0x1083,0x0863,0x0883,0x1063,0x0883,0x0883,0x1063,0x0882,0x0883,0x1063,0x0883,0x0863,0x1083,
  0x0883,0x0863,0x1083,0x0882,0x0863,0x1083,0x0863,0x0883,0x1083,0x0863,0x0883,0x1083,0x0862,0x0883,0x1063,0x0883,
  0x0883,0x1063,0x0883,0x0883,0x1063,0x0882,0x0863,0x1083,0x0883,0x0863,0x1083,0x0883,0x0863,0x1083,0x0862,0x0883,
  0x1083,0x0863,0x0883,0x1083,0x0863,0x0883,0x1063,0x0882,0x0883,0x1063,0x0883,0x0883,0x1063,0x0883,0x0863,0x1083,
  0x0882,0x0863,0x1083,0x0883,0x0863,0x1083,0x0863,0x0883,0x1083,0x0862,0x0883,0x1083,0x0863,0x0883,0x1063,0x0883,
  0x0883,0x1063,0x0882,0x0883,0x1063,0x0883,0x0863,0x1083,0x0883,0x0863,0x1083,0x0882,0x0863,0x1083,0x0863,0x0883,
  0x1083,0x0863,0x0883,0x1083,0x0862,0x0883,0x1063,0x0883,0x0883,0x1063,0x0883,0x0883,0x1063,0x0882,0x0863,0x1083,
  0x0883,0x0863,0x1083,0x0883,0x0863,0x1083,0x0862,0x0883,0x1083,0x0863,0x0883,0x1083,0x0863,0x1083,0x0863,0x1083,
  0x0863,0x0883,0x0863,0x0883,0x0863,0x0863,0x0883,0x0863,0x0883,0x0863,0x0883,0x0863,0x0883,0x0863,0x0883,0x0863,
  0x0883,0x0863,0x0883,0x0863,0x0883,0x0863,0x0883,0x0863,0x0883,0x0863,0x0883,0x0863,0x0883,0x0863,0x0883,0x0863,
  0x0883,0x0863,0x0883,0x0863,0x0883,0x0863,0x0883,0x0863,0x0883,0x0863,0x0883,0x0863,0x0883,0x0863,0x0883,0x0863,
  0x0883,0x0863,0x0883,0x0863,0x0883,0x0863,0x0883,0x0863,0x0883,0x0863,0x0883,0x0863,0x0883,0x0863,0x0883,0x0863,
  0x0883,0x0863,0x0883,0x0863,0x0883,0x0863,0x0883,0x0863,0x0883,0x0863,0x0883,0x0863,0x0883,0x0863,0x0883,0x0863,
  0x0883,0x0863,0x0883,0x0863,0x0883,0x0863,0x0883,0x0863,0x0883,0x0863,0x0883,0x0863,0x0883,0x0863,0x0883,0x0863,
  0x0883,0x0863,0x0883,0x0863,0x0883,0x0863,0x0883,0x0863,0x0883,0x0863,0x0883,0x0863,0x0883,0x0863,0x0883,0x0863,
  0x0883,0x0863,0x0883,0x0863,0x0883,0x0863,0x0883,0x0863,0x0883,0x0863,0x0883,0x0863,0x0883,0x0863,0x0883,0x0863,
  0x0883,0x0863,0x0883,0x0863,0x0883,0x0863,0x0883,0x0863,0x0883,0x0863,0x0883,0x0863,0x0883,0x0863,0x0883,0x0863,
  0x0883,0x0863,0x0883,0x0863,0x0883,0x0863,0x0883,0x0863,0x0883,0x0863,0x0883,0x0863,0x0883,0x0863,0x0883,0x0863,
  0x0883,0x0863,0x0883,0x0863,0x0883,0x0863,0x0883,0x0863,0x0883,0x0863,0x0883,0x0863,0x0883,0x0863,0x0883,0x0863,
  0x0883,0x0863,0x0883,0x0863,0x0883,0x0863,0x0883,0x0863,0x0883,0x0863,0x0883,0x0863,0x0883,0x0863,0x0883,0x0863,
  0x0883,0x0863,0x0883,0x0863,0x0883,0x0863,0x0883,0x0863,0x0883,0x0863,0x0883,0x0863,0x0883,0x0863,0x0883,0x0863,
  0x0883,0x0863,0x0883,0x0863,0x0883,0x0863,0x0883,0x0863,0x0883,0x0863,0x0883,0x0863,0x0883,0x0863,0x0883,0x0863,
  0x0883,0x0863,0x0883,0x0863,0x0883,0x0863,0x0883,0x0863,0x0883,0x0863,0x0883,0x0863,0x0883,0x0863,0x0883,0x0863,
  0x0883,0x0863,0x0883,0x0863,0x0883,0x0863,0x0883,0x0863,0x0883,0x0863,0x0883,0x0863,0x0883,0x0863,0x0883,0x0863,
  0x0883,0x0863,0x0883,0x0863,0x0883,0x0863,0x0883,0x0863,0x0883,0x0863,0x0883,0x0863,0x0883,0x0863,0x0883,0x0863,
  0x0883,0x0863,0x0883,0x0863,0x0883,0x0863,0x0883,0x0863,0x0883,0x0863,0x0883,0x0863,0x0883,0x0863,0x0883,0x0863,
  0x0883,0x0863,0x0883,0x0863,0x0883,0x0863,0x0883,0x0863,0x0883,0x0863,0x0883,0x0863,0x0883,0x0863,0x0883,0x0863,
  0x0883,0x0863,0x0883,0x0863,0x0883,0x0863,0x0883,0x0863,0x0883,0x0863,0x0883,0x0863,0x0883,0x0863,0x0883,0x0863,
  0x0883,0x0863,0x0883,0x0863,0x0883,0x0863,0x0883,0x0863,0x0883,0x0863,0x0883,0x0863,0x0883,0x0863,0x0883,0x0863,
  0x0883,0x0863,0x0883,0x0863,0x0883,0x0863,0x0883,0x0863,0x0883,0x0863,0x0883,0x0863,0x0883,0x0863,0x0883,0x0863,
  0x0883,0x0863,0x0883,0x0863,0x0883,0x0863,0x0883,0x0863,0x0883,0x0863,0x0883,0x0863,0x0883,0x0863,0x0883,0x0863,
  0x0883,0x0863,0x0883,0x0863,0x0883,0x0863,0x0883,0x0863,0x0883,0x0863,0x0883,0x0863,0x0883,0x0863,0x0883,0x0863,
  0x0883,0x0863,0x0883,0x0863,0x0883,0x0863,0x0883,0x0863,0x0883,0x0863,0x0883,0x0863,0x0883,0x0863,0x0883,0x0863,
  0x0883,0x0863,0x0883,0x0863,0x0883,0x0863,0x0883,0x0863,0x0883,0x0863,0x0883,0x0863,0x0883,0x0863,0x0883,0x0863,
  0x0883,0x0863,0x0883,0x0863,0x0883,0x0863,0x0883,0x0863,0x0883,0x0863,0x0883,0x0863,0x0883,0x0863,0x0883,0x0863,
  0x0883,0x0863,0x0883,0x0863,0x0883,0x0863,0x0883,0x0863,0x0883,0x0863,0x0883,0x0863,0x0883,0x0863,0x0883,0x0863,
  0x0883,0x0863,0x0883,0x0863,0x0883,0x0863,0x0883,0x0863,0x0883,0x0863,0x0883,0x0863,0x0883,0x0863,0x0883,0x0863,
  0x0883,0x0863,0x0883,0x0863,0x0883,0x0863,0x0883,0x0863,0x0883,0x0863,0x0883,0x0863,0x0883,0x0863,0x0883,0x0863,
  0x0883,0x1063,0x0883,0x1063,0x0883,0x1083,0x0863,0x1083,0x0863,0x1083,0x0863,0x1083,0x0863,0x1083,0x0863,0x1083,
  0x0863,0x1083,0x0863,0x1083,0x0863,0x1083,0x0863,0x1083,0x0863,0x1083,0x0863,0x1083,0x0863,0x1083,0x0863,0x1083,
  0x0863,0x1083,0x0863,0x1083,0x0863,0x1083,0x0863,0x1083,0x0863,0x1083,0x0863,0x1083,0x0863,0x1083,0x0863,0x1083,
  0x0863,0x1083,0x0863,0x1083,0x0863,0x1083,0x0863,0x1083,0x0863,0x1083,0x0863,0x1083,0x0863,0x1083,0x0863,0x1083,
  0x0863,0x1083,0x0863,0x1083,0x0863,0x1083,0x0863,0x1083,0x0863,0x1083,0x0863,0x1083,0x0863,0x1083,0x0863,0x1083,
  0x0863,0x1083,0x0863,0x1083,0x0863,0x1083,0x0863,0x1083,0x0863,0x1083,0x0863,0x1083,0x0863,0x1083,0x0863,0x1083,
  0x0863,0x1083,0x0863,0x1083,0x0863,0x1083,0x0863,0x1083,0x0863,0x1083,0x0863,0x1083,0x0863,0x1083,0x0863,0x1083,
  0x0863,0x1083,0x0863,0x1083,0x0863,0x1083,0x0863,0x1083,0x0863,0x1083,0x0863,0x1083,0x0863,0x1083,0x0863,0x1083,
  0x0863,0x1083,0x0863,0x1083,0x0863,0x1083,0x0863,0x1083,0x0863,0x1083,0x0863,0x1083,0x0863,0x1083,0x0863,0x1083,
  0x0863,0x1083,0x0863,0x1083,0x0863,0x1083,0x0863,0x1083,0x0863,0x1083,0x0863,0x1083,0x0863,0x1083,0x0863,0x1083,
  0x0863,0x1083,0x0863,0x1083,0x0863,0x1083,0x0863,0x1083,0x0863,0x1083,0x0863,0x1083,0x0863,0x1083,0x0863,0x1083,
  0x0863,0x1083,0x0863,0x1083,0x0863,0x1083,0x0863,0x1083,0x0863,0x1083,0x0863,0x1083,0x0863,0x1083,0x0863,0x1083,
  0x0863,0x1083,0x0863,0x1083,0x0863,0x1083,0x0863,0x1083,0x0863,0x1083,0x0863,0x1083,0x0863,0x1083,0x0863,0x1083,
  0x0863,0x1083,0x0863,0x1083,0x0863,0x1083,0x0863,0x1083,0x0863,0x1083,0x0863,0x1083,0x0863,0x1083,0x0863,0x1083,
  0x0863,0x1083,0x0863,0x1083,0x0863,0x1083,0x0863,0x1083,0x0863,0x1083,0x0863,0x1083,0x0863,0x1083,0x0863,0x1083,
  0x0863,0x1083,0x0863,0x1083,0x0863,0x1083,0x0863,0x1083,0x0863,0x1083,0x0863,0x1083,0x0863,0x1083,0x0863,0x1083,
  0x0863,0x1083,0x0863,0x1083,0x0863,0x1083,0x0863,0x1083,0x0863,0x1083,0x0863,0x1083,0x0863,0x1083,0x0863,0x1083,
  0x0863,0x1083,0x0863,0x1083,0x0863,0x1083,0x0863,0x1083,0x0863,0x1083,0x0863,0x1083,0x0863,0x1083,0x0863,0x1083,
  0x0863,0x1083,0x0863,0x1083,0x0863,0x1083,0x0863,0x1083,0x0863,0x1083,0x0863,0x1083,0x0863,0x1083,0x0863,0x1083,
  0x0863,0x1083,0x0863,0x1083,0x0863,0x1083,0x0863,0x1083,0x0863,0x1083,0x0863,0x1083,0x0863,0x1083,0x0863,0x1083,
  0x0863,0x1083,0x0863,0x1083,0x0863,0x1083,0x0863,0x1083,0x0863,0x1083,0x0863,0x1083,0x0863,0x1083,0x0863,0x1083,
  0x0863,0x1083,0x0863,0x1083,0x0863,0x1083,0x0863,0x1083,0x0863,0x1083,0x0863,0x1083,0x0863,0x1083,0x0863,0x1083,
  0x0863,0x1083,0x0863,0x1083,0x0863,0x1083,0x0863,0x1083,0x0863,0x1083,0x0863,0x1083,0x0863,0x1083,0x0863,0x1083,
  0x0863,0x1083,0x0863,0x1083,0x0863,0x1083,0x0863,0x1083,0x0863,0x1083,0x0863,0x1083,0x0863,0x1083,0x0863,0x1083,
  0x0863,0x1083,0x0863,0x1083,0x0863,0x1083,0x0863,0x1083,0x0863,0x1083,0x0863,0x1083,0x0863,0x1083,0x0863,0x1083,
  0x0863,0x1083,0x0863,0x1083,0x0863,0x1083,0x0863,0x1083,0x0863,0x1083,0x0863,0x1083,0x0863,0x1083,0x0863,0x1083,
  0x0863,0x1083,0x0863,0x1083,0x0863,0x1083,0x0863,0x1083,0x0863,0x1083,0x0863,0x1083,0x0863,0x1083,0x0863,0x1083,
  0x0863,0x1083,0x0863,0x1083,0x0863,0x1083,0x0863,0x1083,0x0863,0x1083,0x0863,0x1083,0x0863,0x1083,0x0863,0x1083,
  0x0863,0x1083,0x0863,0x1083,0x0863,0x1083,0x0863,0x1083,0x0863,0x1083,0x0863,0x1083,0x0863,0x1083,0x0863,0x1083,
  0x0863,0x1083,0x0863,0x1083,0x0863,0x1083,0x0863,0x1083,0x0863,0x1083,0x0863,0x1083,0x0863,0x1083,0x0863,0x1083,
  0x0863,0x0883,0x0863,0x0883,0x0863,0x0883,0x0863,0x0883,0x0863,0x0883,0x0863,0x0883,0x0883,0x0863,0x0883,0x0863,
  0x0883,0x0863,0x0883,0x0863,0x0883,0x0863,0x0883,0x0863,0x0883,0x0863,0x0883,0x0863,0x0883,0x0863,0x0883,0x0863,
  0x0883,0x0863,0x0883,0x0863,0x0883,0x0863,0x0883,0x0863,0x0883,0x0863,0x0883,0x0863,0x0883,0x0863,0x0883,0x0863,
  0x0883,0x0863,0x0883,0x0863,0x0883,0x0863,0x0883,0x0863,0x0883,0x0863,0x0883,0x0863,0x0883,0x0863,0x0883,0x0863,
  0x0883,0x0863,0x0883,0x0863,0x0883,0x0863,0x0883,0x0863,0x0883,0x0863,0x0883,0x0863,0x0883,0x0863,0x0883,0x0863,
  0x0883,0x0863,0x0883,0x0863,0x0883,0x0863,0x0883,0x0863,0x0883,0x0863,0x0883,0x0863,0x0883,0x0863,0x0883,0x0863,
  0x0883,0x0863,0x0883,0x0863,0x0883,0x0863,0x0883,0x0863,0x0883,0x0863,0x0883,0x0863,0x0883,0x0863,0x0883,0x0863,
  0x0883,0x0863,0x0883,0x0863,0x0883,0x0863,0x0883,0x0863,0x0883,0x0863,0x0883,0x0863,0x0883,0x0863,0x0883,0x0863,
  0x0883,0x0863,0x0883,0x0863,0x0883,0x0863,0x0883,0x0863,0x0883,0x0863,0x0883,0x0863,0x0883,0x0863,0x0883,0x0863,
  0x0883,0x0863,0x0883,0x0863,0x0883,0x0863,0x0883,0x0863,0x0883,0x0863,0x0883,0x0863,0x0883,0x0863,0x0883,0x0863,
  0x0883,0x0863,0x0883,0x0863,0x0883,0x0863,0x0883,0x0863,0x0883,0x0863,0x0883,0x0863,0x0883,0x0863,0x0883,0x0863,
  0x0883,0x0863,0x0883,0x0863,0x0883,0x0863,0x0883,0x0863,0x0883,0x0863,0x0883,0x0863,0x0883,0x0863,0x0883,0x0863,
  0x0883,0x0863,0x0883,0x0863,0x0883,0x0863,0x0883,0x0863,0x0883,0x0863,0x0883,0x0863,0x0883,0x0863,0x0883,0x0863,
  0x0883,0x0863,0x0883,0x0863,0x0883,0x0863,0x0883,0x0863,0x0883,0x0863,0x0883,0x0863,0x0883,0x0863,0x0883,0x0863,
  0x0883,0x0863,0x0883,0x0863,0x0883,0x0863,0x0883,0x0863,0x0883,0x0863,0x0883,0x0863,0x0883,0x0863,0x0883,0x0863,
  0x0883,0x0863,0x0883,0x0863,0x0883,0x0863,0x0883,0x0863,0x0883,0x0863,0x0883,0x0863,0x0883,0x0863,0x0883,0x0863,
  0x0883,0x0863,0x0883,0x0863,0x0883,0x0863,0x0883,0x0863,0x0883,0x0863,0x0883,0x0863,0x0883,0x0863,0x0883,0x0863,
  0x0883,0x0863,0x0883,0x0863,0x0883,0x0863,0x0883,0x0863,0x0883,0x0863,0x0883,0x0863,0x0883,0x0863,0x0883,0x0863,
  0x0883,0x0863,0x0883,0x0863,0x0883,0x0863,0x0883,0x0863,0x0883,0x0863,0x0883,0x0863,0x0883,0x0863,0x0883,0x0863,
  0x0883,0x0863,0x0883,0x0863,0x0883,0x0863,0x0883,0x0863,0x0883,0x0863,0x0883,0x0863,0x0883,0x0863,0x0883,0x0863,
  0x0883,0x0863,0x0883,0x0863,0x0883,0x0863,0x0883,0x0863,0x0883,0x0863,0x0883,0x0863,0x0883,0x0863,0x0883,0x0863,
  0x0883,0x0863,0x0883,0x0863,0x0883,0x0863,0x0883,0x0863,0x0883,0x0863,0x0883,0x0863,0x0883,0x0863,0x0883,0x0863,
  0x0883,0x0863,0x0883,0x0863,0x0883,0x0863,0x0883,0x0863,0x0883,0x0863,0x0883,0x0863,0x0883,0x0863,0x0883,0x0863,
  0x0883,0x0863,0x0883,0x0863,0x0883,0x0863,0x0883,0x0863,0x0883,0x0863,0x0883,0x0863,0x0883,0x0863,0x0883,0x0863,
  0x0883,0x0863,0x0883,0x0863,0x0883,0x0863,0x0883,0x0863,0x0883,0x0863,0x0883,0x0863,0x0883,0x0863,0x0883,0x0863,
  0x0883,0x0863,0x0883,0x0863,0x0883,0x0863,0x0883,0x0863,0x0883,0x0863,0x0883,0x0863,0x0883,0x0863,0x0883,0x0863,
  0x0883,0x0863,0x0883,0x0863,0x0883,0x0863,0x0883,0x0863,0x0883,0x0863,0x0883,0x0863,0x0883,0x0863,0x0883,0x0863,
  0x0883,0x0863,0x0883,0x0863,0x0883,0x0863,0x0883,0x0863,0x0883,0x0863,0x0883,0x0863,0x0883,0x0863,0x0883,0x0863,
  0x0883,0x0863,0x0883,0x0863,0x0883,0x0863,0x0883,0x0863,0x0883,0x0863,0x0883,0x0863,0x0883,0x0863,0x0883,0x0863,
  0x0883,0x0863,0x0883,0x0863,0x0883,0x0863,0x0883,0x0863,0x0883,0x0863,0x0883,0x0863,0x0883,0x0863,0x0883,0x0863,
  0x0883,0x1083,0x0883,0x1063,0x0883,0x1083,0x0863,0x1083,0x0883,0x1083,0x0863,0x1083,0x0863,0x1083,0x0883,0x1083,
  0x0863,0x1083,0x0883,0x1083,0x0863,0x1083,0x0883,0x1083,0x0863,0x1083,0x0883,0x1083,0x0863,0x1083,0x0883,0x1083,
  0x0863,0x1083,0x0883,0x1083,0x0863,0x1083,0x0883,0x1083,0x0863,0x1083,0x0883,0x1083,0x0863,0x1083,0x0883,0x1083,
  0x0863,0x1083,0x0883,0x1083,0x0863,0x1083,0x0883,0x1083,0x0863,0x1083,0x0883,0x1083,0x0863,0x1083,0x0883,0x1083,
  0x0863,0x1083,0x0883,0x1083,0x0863,0x1083,0x0883,0x1083,0x0863,0x1083,0x0883,0x1083,0x0863,0x1083,0x0883,0x1083,
  0x0863,0x1083,0x0883,0x1083,0x0863,0x1083,0x0883,0x1083,0x0863,0x1083,0x0883,0x1083,0x0863,0x1083,0x0883,0x1083,
  0x0863,0x1083,0x0883,0x1083,0x0863,0x1083,0x0883,0x1083,0x0863,0x1083,0x0883,0x1083,0x0863,0x1083,0x0883,0x1083,
  0x0863,0x1083,0x0883,0x1083,0x0863,0x1083,0x0883,0x1083,0x0863,0x1083,0x0883,0x1083,0x0863,0x1083,0x0883,0x1083,
  0x0863,0x1083,0x0883,0x1083,0x0863,0x1083,0x0883,0x1083,0x0863,0x1083,0x0883,0x1083,0x0863,0x1083,0x0883,0x1083,
  0x0863,0x1083,0x0883,0x1083,0x0863,0x1083,0x0883,0x1083,0x0863,0x1083,0x0883,0x1083,0x0863,0x1083,0x0883,0x1083,
  0x0863,0x1083,0x0883,0x1083,0x0863,0x1083,0x0883,0x1083,0x0863,0x1083,0x0883,0x1083,0x0863,0x1083,0x0883,0x1083,
  0x0863,0x1083,0x0883,0x1083,0x0863,0x1083,0x0883,0x1083,0x0863,0x1083,0x0883,0x1083,0x0863,0x1083,0x0883,0x1083,
  0x0863,0x1083,0x0883,0x1083,0x0863,0x1083,0x0883,0x1083,0x0863,0x1083,0x0883,0x1083,0x0863,0x1083,0x0883,0x1083,
  0x0863,0x1083,0x0883,0x1083,0x0863,0x1083,0x0883,0x1083,0x0863,0x1083,0x0883,0x1083,0x0863,0x1083,0x0883,0x1083,
  0x0863,0x1083,0x0883,0x1083,0x0863,0x1083,0x0883,0x1083,0x0863,0x1083,0x0883,0x1083,0x0863,0x1083,0x0883,0x1083,
  0x0863,0x1083,0x0883,0x1083,0x0863,0x1083,0x0883,0x1083,0x0863,0x1083,0x0883,0x1083,0x0863,0x1083,0x0883,0x1083,
  0x0863,0x1083,0x0883,0x1083,0x0863,0x1083,0x0883,0x1083,0x0863,0x1083,0x0883,0x1083,0x0863,0x1083,0x0883,0x1083,
  0x0863,0x1083,0x0883,0x1083,0x0863,0x1083,0x0883,0x1083,0x0863,0x1083,0x0883,0x1083,0x0863,0x1083,0x0883,0x1083,
  0x0863,0x1083,0x0883,0x1083,0x0863,0x1083,0x0883,0x1083,0x0863,0x1083,0x0883,0x1083,0x0863,0x1083,0x0883,0x1083,
  0x0863,0x1083,0x0883,0x1083,0x0863,0x1083,0x0883,0x1083,0x0863,0x1083,0x0883,0x1083,0x0863,0x1083,0x0883,0x1083,
  0x0863,0x1083,0x0883,0x1083,0x0863,0x1083,0x0883,0x1083,0x0863,0x1083,0x0883,0x1083,0x0863,0x1083,0x0883,0x1083,
  0x0863,0x1083,0x0883,0x1083,0x0863,0x1083,0x0883,0x1083,0x0863,0x1083,0x0883,0x1083,0x0863,0x1083,0x0883,0x1083,
  0x0863,0x1083,0x0883,0x1083,0x0863,0x1083,0x0883,0x1083,0x0863,0x1083,0x0883,0x1083,0x0863,0x1083,0x0883,0x1083,
  0x0863,0x1083,0x0883,0x1083,0x0863,0x1083,0x0883,0x1083,0x0863,0x1083,0x0883,0x1083,0x0863,0x1083,0x0883,0x1083,
  0x0863,0x1083,0x0883,0x1083,0x0863,0x1083,0x0883,0x1083,0x0863,0x1083,0x0883,0x1083,0x0863,0x1083,0x0883,0x1083,
  0x0863,0x1083,0x0883,0x1083,0x0863,0x1083,0x0883,0x1083,0x0863,0x1083,0x0883,0x1083,0x0863,0x1083,0x0883,0x1083,
  0x0863,0x1083,0x0883,0x1083,0x0863,0x1083,0x0883,0x1083,0x0863,0x1083,0x0883,0x1083,0x0863,0x1083,0x0883,0x1083,
  0x0863,0x1083,0x0883,0x1083,0x0863,0x1083,0x0883,0x1083,0x0863,0x1083,0x0883,0x1083,0x0863,0x1083,0x0883,0x1083,
  0x0863,0x1083,0x0883,0x1083,0x0863,0x1083,0x0883,0x1083,0x0863,0x1083,0x0883,0x1083,0x0863,0x1083,0x0883,0x1083,
  0x0863,0x1083,0x0883,0x1083,0x0863,0x1083,0x0883,0x1083,0x0863,0x1083,0x0883,0x1083,0x1063,0x0883,0x1083,0x0883,
  0x0863,0x0883,0x1063,0x0883,0x0863,0x0883,0x1083,0x0863,0x0863,0x0883,0x1083,0x0863,0x0883,0x0863,0x1083,0x0863,
  0x0883,0x1063,0x0883,0x0863,0x1083,0x0863,0x0883,0x1063,0x0883,0x0863,0x1083,0x0863,0x0883,0x1063,0x0883,0x0863,
  0x1083,0x0863,0x0883,0x1063,0x0883,0x0863,0x1083,0x0863,0x0883,0x1063,0x0883,0x0863,0x1083,0x0863,0x0883,0x1063,
  0x0883,0x0863,0x1083,0x0863,0x0883,0x1063,0x0883,0x0863,0x1083,0x0863,0x0883,0x1063,0x0883,0x0863,0x1083,0x0863,
  0x0883,0x1063,0x0883,0x0863,0x1083,0x0863,0x0883,0x1063,0x0883,0x0863,0x1083,0x0863,0x0883,0x1063,0x0883,0x0863,
  0x1083,0x0863,0x0883,0x1063,0x0883,0x0863,0x1083,0x0863,0x0883,0x1063,0x0883,0x0863,0x1083,0x0863,0x0883,0x1063,
  0x0883,0x0863,0x1083,0x0863,0x0883,0x1063,0x0883,0x0863,0x1083,0x0863,0x0883,0x1063,0x0883,0x0863,0x1083,0x0863,
  0x0883,0x1063,0x0883,0x0863,0x1083,0x0863,0x0883,0x1063,0x0883,0x0863,0x1083,0x0863,0x0883,0x1063,0x0883,0x0863,
  0x1083,0x0863,0x0883,0x1063,0x0883,0x0863,0x1083,0x0863,0x0883,0x1063,0x0883,0x0863,0x1083,0x0863,0x0883,0x1063,
  0x0883,0x0863,0x1083,0x0863,0x0883,0x1063,0x0883,0x0863,0x1083,0x0863,0x0883,0x1063,0x0883,0x0863,0x1083,0x0863,
  0x0883,0x1063,0x0883,0x0863,0x1083,0x0863,0x0883,0x1063,0x0883,0x0863,0x1083,0x0863,0x0883,0x1063,0x0883,0x0863,
  0x1083,0x0863,0x0883,0x1063,0x0883,0x0863,0x1083,0x0863,0x0883,0x1063,0x0883,0x0863,0x1083,0x0863,0x0883,0x1063,
  0x0883,0x0863,0x1083,0x0863,0x0883,0x1063,0x0883,0x0863,0x1083,0x0863,0x0883,0x1063,0x0883,0x0863,0x1083,0x0863,
  0x0883,0x1063,0x0883,0x0863,0x1083,0x0863,0x0883,0x1063,0x0883,0x0863,0x1083,0x0863,0x0883,0x1063,0x0883,0x0863,
  0x1083,0x0863,0x0883,0x1063,0x0883,0x0863,0x1083,0x0863,0x0883,0x1063,0x0883,0x0863,0x1083,0x0863,0x0883,0x1063,
  0x0883,0x0863,0x1083,0x0863,0x0883,0x1063,0x0883,0x0863,0x1083,0x0863,0x0883,0x1063,0x0883,0x0863,0x1083,0x0863,
  0x0883,0x1063,0x0883,0x0863,0x1083,0x0863,0x0883,0x1063,0x0883,0x0863,0x1083,0x0863,0x0883,0x1063,0x0883,0x0863,
  0x1083,0x0863,0x0883,0x1063,0x0883,0x0863,0x1083,0x0863,0x0883,0x1063,0x0883,0x0863,0x1083,0x0863,0x0883,0x1063,
  0x0883,0x0863,0x1083,0x0863,0x0883,0x1063,0x0883,0x0863,0x1083,0x0863,0x0883,0x1063,0x0883,0x0863,0x1083,0x0863,
  0x0883,0x1063,0x0883,0x0863,0x1083,0x0863,0x0883,0x1063,0x0883,0x0863,0x1083,0x0863,0x0883,0x1063,0x0883,0x0863,
  0x1083,0x0863,0x0883,0x1063,0x0883,0x0863,0x1083,0x0863,0x0883,0x1063,0x0883,0x0863,0x1083,0x0863,0x0883,0x1063,
  0x0883,0x0863,0x1083,0x0863,0x0883,0x1063,0x0883,0x0863,0x1083,0x0863,0x0883,0x1063,0x0883,0x0863,0x1083,0x0863,
  0x0883,0x1063,0x0883,0x0863,0x1083,0x0863,0x0883,0x1063,0x0883,0x0863,0x1083,0x0863,0x0883,0x1063,0x0883,0x0863,
  0x1083,0x0863,0x0883,0x1063,0x0883,0x0863,0x1083,0x0863,0x0883,0x1063,0x0883,0x0863,0x1083,0x0863,0x0883,0x1063,
  0x0883,0x0863,0x1083,0x0863,0x0883,0x1063,0x0883,0x0863,0x1083,0x0863,0x0883,0x1063,0x0883,0x0863,0x1083,0x0863,
  0x0883,0x1063,0x0883,0x0863,0x1083,0x0863,0x0883,0x1063,0x0883,0x0863,0x1083,0x0863,0x0883,0x1063,0x0883,0x0863,
  0x1083,0x0863,0x0883,0x1063,0x0883,0x0863,0x1083,0x0863,0x0883,0x1063,0x0883,0x0863,0x1083,0x0863,0x0883,0x1063,
  0x0883,0x0863,0x1083,0x0863,0x0883,0x1063,0x0883,0x0863,0x1083,0x0863,0x0883,0x1063,0x0883,0x0863,0x1083,0x0863,
  0x0883,0x1063,0x0883,0x0863,0x1083,0x0863,0x0883,0x1063,0x0883,0x0863,0x1083,0x0863,0x0883,0x1063,0x0883,0x0863,
  0x1083,0x0863,0x0883,0x1063,0x0883,0x0863,0x1083,0x0863,0x0883,0x1063,0x0883,0x0863,0x0883,0x0863,0x0883,0x1063,
  0x0883,0x1063,0x0883,0x0883,0x1063,0x0883,0x0863,0x0883,0x1083,0x0863,0x0883,0x0883,0x1063,0x0883,0x0864,0x1083,
  0x0883,0x0863,0x0883,0x1063,0x0883,0x0883,0x0863,0x0883,0x1083,0x0863,0x0883,0x0883,0x1063,0x0883,0x0863,0x0883,
  0x0883,0x1063,0x0883,0x0883,0x0863,0x1083,0x0863,0x0883,0x0883,0x0863,0x1083,0x0883,0x0863,0x0883,0x1063,0x0883,
  0x0883,0x0863,0x0883,0x1083,0x0863,0x0883,0x0863,0x1083,0x0883,0x0863,0x0883,0x0883,0x1063,0x0883,0x0863,0x0883,
  0x1083,0x0863,0x0883,0x0883,0x0863,0x1083,0x0863,0x0883,0x0883,0x1063,0x0883,0x0883,0x0863,0x0883,0x1063,0x0883,
  0x0883,0x0863,0x1083,0x0883,0x0863,0x0883,0x0863,0x1083,0x0883,0x0863,0x0883,0x1083,0x0863,0x0883,0x0863,0x0883,
  0x1083,0x0863,0x0883,0x0883,0x1063,0x0883,0x0863,0x0883,0x0883,0x1063,0x0883,0x0883,0x0863,0x1083,0x0863,0x0883,
  0x0883,0x0863,0x1083,0x0883,0x0863,0x0883,0x1063,0x0883,0x0883,0x0863,0x0883,0x1083,0x0863,0x0883,0x0863,0x1083,
  0x0883,0x0863,0x0883,0x0883,0x1063,0x0883,0x0863,0x0883,0x1083,0x0863,0x0883,0x0883,0x0863,0x1083,0x0863,0x0883,
  0x0883,0x1063,0x0883,0x0883,0x0863,0x0883,0x1063,0x0883,0x0883,0x0863,0x1083,0x0883,0x0863,0x0883,0x0863,0x1083,
  0x0883,0x0863,0x0883,0x1083,0x0863,0x0883,0x0863,0x0883,0x1083,0x0863,0x0883,0x0883,0x1063,0x0883,0x0863,0x0883,
  0x0883,0x1063,0x0883,0x0883,0x0863,0x1083,0x0863,0x0883,0x0883,0x0863,0x1083,0x0883,0x0863,0x0883,0x1063,0x0883,
  0x0883,0x0863,0x0883,0x1083,0x0863,0x0883,0x0863,0x1083,0x0883,0x0863,0x0883,0x0883,0x1063,0x0883,0x0863,0x0883,
  0x1083,0x0863,0x0883,0x0883,0x0863,0x1083,0x0863,0x0883,0x0883,0x1063,0x0883,0x0883,0x0863,0x0883,0x1063,0x0883,
  0x0883,0x0863,0x1083,0x0883,0x0863,0x0883,0x0863,0x1083,0x0883,0x0863,0x0883,0x1083,0x0863,0x0883,0x0863,0x0883,
  0x1083,0x0863,0x0883,0x0883,0x1063,0x0883,0x0863,0x0883,0x0883,0x1063,0x0883,0x0883,0x0863,0x1083,0x0863,0x0883,
  0x0883,0x0863,0x1083,0x0883,0x0863,0x0883,0x1063,0x0883,0x0883,0x0863,0x0883,0x1083,0x0863,0x0883,0x0863,0x1083,
  0x0883,0x0863,0x0883,0x0883,0x1063,0x0883,0x0863,0x0883,0x1083,0x0863,0x0883,0x0883,0x0863,0x1083,0x0863,0x0883,
  0x0883,0x1063,0x0883,0x0883,0x0863,0x0883,0x1063,0x0883,0x0883,0x0863,0x1083,0x0883,0x0863,0x0883,0x0863,0x1083,
  0x0883,0x0863,0x0883,0x1083,0x0863,0x0883,0x0863,0x0883,0x1083,0x0863,0x0883,0x0883,0x1063,0x0883,0x0863,0x0883,
  0x0883,0x1063,0x0883,0x0883,0x0863,0x1083,0x0863,0x0883,0x0883,0x0863,0x1083,0x0883,0x0863,0x0883,0x1063,0x0883,
  0x0883,0x0863,0x0883,0x1083,0x0863,0x0883,0x0863,0x1083,0x0883,0x0863,0x0883,0x0883,0x1063,0x0883,0x0863,0x0883,
  0x1083,0x0863,0x0883,0x0883,0x0863,0x1083,0x0863,0x0883,0x0883,0x1063,0x0883,0x0883,0x0863,0x0883,0x1063,0x0883,
  0x0883,0x0863,0x1083,0x0883,0x0863,0x0883,0x0863,0x1083,0x0883,0x0863,0x0883,0x1083,0x0863,0x0883,0x0863,0x0883,
  0x1083,0x0863,0x0883,0x0883,0x1063,0x0883,0x0863,0x0883,0x0883,0x1063,0x0883,0x0883,0x0863,0x1083,0x0863,0x0883,
  0x0883,0x0863,0x1083,0x0883,0x0863,0x0883,0x1063,0x0883,0x0883,0x0863,0x0883,0x1083,0x0863,0x0883,0x0863,0x1083,
  0x0883,0x0863,0x0883,0x0883,0x1063,0x0883,0x0863,0x0883,0x1083,0x0863,0x0883,0x0883,0x0863,0x1083,0x0863,0x0883,
  0x0883,0x1063,0x0883,0x0883,0x0863,0x0883,0x1063,0x0883,0x0883,0x0863,0x1083,0x0883,0x0863,0x0883,0x0863,0x1083,
  0x0883,0x0863,0x0883,0x1083,0x0863,0x0883,0x0863,0x0883,0x1083,0x0863,0x0883,0x0883,0x1063,0x0883,0x0863,0x0883,
  0x0883,0x1063,0x0883,0x0883,0x0863,0x1083,0x0863,0x0883,0x0883,0x0863,0x1083,0x0883,0x1063,0x0883,0x0863,0x0883,
  0x0883,0x0863,0x0883,0x1064,0x0883,0x0863,0x1084,0x0863,0x0883,0x1064,0x0883,0x1063,0x0884,0x0883,0x1063,0x0883,
  0x0863,0x1084,0x0883,0x0883,0x0864,0x1083,0x0863,0x1084,0x0863,0x0883,0x1064,0x0883,0x0883,0x0864,0x1083,0x0863,
  0x1084,0x0883,0x0863,0x1084,0x0863,0x0883,0x0884,0x1063,0x0883,0x1084,0x0863,0x0883,0x1064,0x0883,0x0883,0x0864,
  0x1083,0x0883,0x1064,0x0883,0x0863,0x1084,0x0883,0x0863,0x0884,0x1083,0x0863,0x1084,0x0863,0x0883,0x1084,0x0863,
  0x0883,0x0884,0x1063,0x0883,0x1064,0x0883,0x0883,0x1064,0x0883,0x0883,0x0864,0x1083,0x0863,0x1084,0x0883,0x0863,
  0x1084,0x0883,0x0863,0x0884,0x1063,0x0883,0x1084,0x0863,0x0883,0x1084,0x0863,0x0883,0x0864,0x1083,0x0883,0x1064,
  0x0883,0x0883,0x1064,0x0883,0x0863,0x0884,0x1083,0x0863,0x1084,0x0883,0x0863,0x1084,0x0863,0x0883,0x0884,0x1063,
  0x0883,0x1084,0x0863,0x0883,0x1064,0x0883,0x0883,0x0864,0x1083,0x0883,0x1064,0x0883,0x0863,0x1084,0x0883,0x0863,
  0x0884,0x1083,0x0863,0x1084,0x0863,0x0883,0x1084,0x0863,0x0883,0x0884,0x1063,0x0883,0x1064,0x0883,0x0883,0x1064,
  0x0883,0x0883,0x0864,0x1083,0x0863,0x1084,0x0883,0x0863,0x1084,0x0883,0x0863,0x0884,0x1063,0x0883,0x1084,0x0863,
  0x0883,0x1084,0x0863,0x0883,0x0864,0x1083,0x0883,0x1064,0x0883,0x0883,0x1064,0x0883,0x0863,0x0884,0x1083,0x0863,
  0x1084,0x0883,0x0863,0x1084,0x0863,0x0883,0x0884,0x1063,0x0883,0x1084,0x0863,0x0883,0x1064,0x0883,0x0883,0x0864,
  0x1083,0x0883,0x1064,0x0883,0x0863,0x1084,0x0883,0x0863,0x0884,0x1083,0x0863,0x1084,0x0863,0x0883,0x1084,0x0863,
  0x0883,0x0884,0x1063,0x0883,0x1064,0x0883,0x0883,0x1064,0x0883,0x0883,0x0864,0x1083,0x0863,0x1084,0x0883,0x0863,
  0x1084,0x0883,0x0863,0x0884,0x1063,0x0883,0x1084,0x0863,0x0883,0x1084,0x0863,0x0883,0x0864,0x1083,0x0883,0x1064,
  0x0883,0x0883,0x1064,0x0883,0x0863,0x0884,0x1083,0x0863,0x1084,0x0883,0x0863,0x1084,0x0863,0x0883,0x0884,0x1063,
  0x0883,0x1084,0x0863,0x0883,0x1064,0x0883,0x0883,0x0864,0x1083,0x0883,0x1064,0x0883,0x0863,0x1084,0x0883,0x0863,
  0x0884,0x1083,0x0863,0x1084,0x0863,0x0883,0x1084,0x0863,0x0883,0x0884,0x1063,0x0883,0x1064,0x0883,0x0883,0x1064,
  0x0883,0x0883,0x0864,0x1083,0x0863,0x1084,0x0883,0x0863,0x1084,0x0883,0x0863,0x0884,0x1063,0x0883,0x1084,0x0863,
  0x0883,0x1084,0x0863,0x0883,0x0864,0x1083,0x0883,0x1064,0x0883,0x0883,0x1064,0x0883,0x0863,0x0884,0x1083,0x0863,
  0x1084,0x0883,0x0863,0x1084,0x0863,0x0883,0x0884,0x1063,0x0883,0x1084,0x0863,0x0883,0x1064,0x0883,0x0883,0x0864,
  0x1083,0x0883,0x1064,0x0883,0x0863,0x1084,0x0883,0x0863,0x0884,0x1083,0x0863,0x1084,0x0863,0x0883,0x1084,0x0863,
  0x0883,0x0884,0x1063,0x0883,0x1064,0x0883,0x0883,0x1064,0x0883,0x0883,0x0864,0x1083,0x0863,0x1084,0x0883,0x0863,
  0x1084,0x0883,0x0863,0x0884,0x1063,0x0883,0x1084,0x0863,0x0883,0x1084,0x0863,0x0883,0x0864,0x1083,0x0883,0x1064,
  0x0883,0x0883,0x1064,0x0883,0x0863,0x0884,0x1083,0x0863,0x1084,0x0883,0x0863,0x1084,0x0863,0x0883,0x0884,0x1063,
  0x0883,0x1084,0x0863,0x0883,0x1064,0x0883,0x0883,0x0864,0x1083,0x0883,0x1064,0x0883,0x0863,0x1084,0x0883,0x0863,
  0x0884,0x1083,0x0863,0x1084,0x0863,0x0883,0x1084,0x0863,0x0883,0x0884,0x1063,0x0883,0x1064,0x0883,0x0883,0x1064,
  0x0883,0x0883,0x0864,0x1083,0x0863,0x1084,0x0883,0x0863,0x1084,0x0883,0x0863,0x0884,0x1063,0x0883,0x1084,0x0863,
  0x0883,0x1084,0x0863,0x0883,0x0864,0x1083,0x0883,0x1064,0x0883,0x0883,0x1064,0x0883,0x0863,0x0884,0x1083,0x0863,
  0x1084,0x0883,0x0863,0x1084,0x0863,0x0883,0x0884,0x1063,0x0883,0x1084,0x0863,0x0883,0x0864,0x1083,0x0883,0x1063,
  0x0883,0x1084,0x0863,0x0883,0x1083,0x0883,0x0883,0x1083,0x0863,0x0883,0x0883,0x0863,0x1083,0x0863,0x0883,0x0883,
  0x1083,0x0863,0x0883,0x1063,0x0883,0x0883,0x1063,0x0883,0x0883,0x0883,0x0863,0x1083,0x0863,0x1083,0x0883,0x0883,
  0x0863,0x1083,0x0863,0x0883,0x1083,0x0863,0x1083,0x0883,0x0863,0x0883,0x1063,0x0883,0x0883,0x1063,0x0883,0x1083,
  0x0863,0x0883,0x0863,0x1083,0x0883,0x0863,0x1083,0x0883,0x1063,0x0883,0x0863,0x0883,0x1083,0x0863,0x0883,0x1083,
  0x0863,0x1083,0x0863,0x0883,0x0883,0x1063,0x0883,0x0883,0x1063,0x0883,0x1063,0x0883,0x0883,0x0863,0x1083,0x0883,
  0x0863,0x1083,0x0863,0x1083,0x0883,0x0863,0x0883,0x1083,0x0863,0x0883,0x1063,0x0883,0x1083,0x0863,0x0883,0x0883,
  0x1063,0x0883,0x0863,0x1083,0x0883,0x1063,0x0883,0x0883,0x0863,0x1083,0x0863,0x0883,0x1083,0x0863,0x1083,0x0883,
  0x0863,0x0883,0x1063,0x0883,0x0883,0x1063,0x0883,0x1083,0x0863,0x0883,0x0863,0x1083,0x0883,0x0863,0x1083,0x0883,
  0x1063,0x0883,0x0863,0x0883,0x1083,0x0863,0x0883,0x1083,0x0863,0x1083,0x0863,0x0883,0x0883,0x1063,0x0883,0x0883,
  0x1063,0x0883,0x1063,0x0883,0x0883,0x0863,0x1083,0x0883,0x0863,0x1083,0x0863,0x1083,0x0883,0x0863,0x0883,0x1083,
  0x0863,0x0883,0x1063,0x0883,0x1083,0x0863,0x0883,0x0883,0x1063,0x0883,0x0863,0x1083,0x0883,0x1063,0x0883,0x0883,
  0x0863,0x1083,0x0863,0x0883,0x1083,0x0863,0x1083,0x0883,0x0863,0x0883,0x1063,0x0883,0x0883,0x1063,0x0883,0x1083,
  0x0863,0x0883,0x0863,0x1083,0x0883,0x0863,0x1083,0x0883,0x1063,0x0883,0x0863,0x0883,0x1083,0x0863,0x0883,0x1083,
  0x0863,0x1083,0x0863,0x0883,0x0883,0x1063,0x0883,0x0883,0x1063,0x0883,0x1063,0x0883,0x0883,0x0863,0x1083,0x0883,
  0x0863,0x1083,0x0863,0x1083,0x0883,0x0863,0x0883,0x1083,0x0863,0x0883,0x1063,0x0883,0x1083,0x0863,0x0883,0x0883,
  0x1063,0x0883,0x0863,0x1083,0x0883,0x1063,0x0883,0x0883,0x0863,0x1083,0x0863,0x0883,0x1083,0x0863,0x1083,0x0883,
  0x0863,0x0883,0x1063,0x0883,0x0883,0x1063,0x0883,0x1083,0x0863,0x0883,0x0863,0x1083,0x0883,0x0863,0x1083,0x0883,
  0x1063,0x0883,0x0863,0x0883,0x1083,0x0863,0x0883,0x1083,0x0863,0x1083,0x0863,0x0883,0x0883,0x1063,0x0883,0x0883,
  0x1063,0x0883,0x1063,0x0883,0x0883,0x0863,0x1083,0x0883,0x0863,0x1083,0x0863,0x1083,0x0883,0x0863,0x0883,0x1083,
  0x0863,0x0883,0x1063,0x0883,0x1083,0x0863,0x0883,0x0883,0x1063,0x0883,0x0863,0x1083,0x0883,0x1063,0x0883,0x0883,
  0x0863,0x1083,0x0863,0x0883,0x1083,0x0863,0x1083,0x0883,0x0863,0x0883,0x1063,0x0883,0x0883,0x1063,0x0883,0x1083,
  0x0863,0x0883,0x0863,0x1083,0x0883,0x0863,0x1083,0x0883,0x1063,0x0883,0x0863,0x0883,0x1083,0x0863,0x0883,0x1083,
  0x0863,0x1083,0x0863,0x0883,0x0883,0x1063,0x0883,0x0883,0x1063,0x0883,0x1063,0x0883,0x0883,0x0863,0x1083,0x0883,
  0x0863,0x1083,0x0863,0x1083,0x0883,0x0863,0x0883,0x1083,0x0863,0x0883,0x1063,0x0883,0x1083,0x0863,0x0883,0x0883,
  0x1063,0x0883,0x0863,0x1083,0x0883,0x1063,0x0883,0x0883,0x0863,0x1083,0x0863,0x0883,0x1083,0x0863,0x1083,0x0883,
  0x0863,0x0883,0x1063,0x0883,0x0883,0x1063,0x0883,0x1083,0x0863,0x0883,0x0863,0x1083,0x0883,0x0863,0x1083,0x0883,
  0x1063,0x0883,0x0863,0x0883,0x1083,0x0863,0x0883,0x1083,0x0863,0x1083,0x0863,0x0883,0x0883,0x1063,0x0883,0x0883,
  0x1063,0x0883,0x1063,0x0883,0x0883,0x0863,0x1083,0x0883,0x0863,0x1083,0x0863,0x1083,0x0883,0x0863,0x0883,0x1083,
  0x0863,0x0883,0x1063,0x0883,0x1083,0x0863,0x0883,0x0883,0x1063,0x0883,0x0863,0x1083,0x0883,0x1063,0x0883,0x0883,
  0x0863,0x1083,0x0863,0x0883,0x1083,0x0863,0x1083,0x0883,0x0863,0x0883,0x0863,0x1083,0x0883,0x0863,0x0884,0x0883,
  0x0863,0x1083,0x0883,0x0863,0x0884,0x1063,0x0863,0x0884,0x1083,0x0863,0x1084,0x0883,0x0883,0x1084,0x0863,0x1083,
  0x0864,0x0883,0x1063,0x0884,0x0863,0x1083,0x0884,0x0863,0x1084,0x0863,0x1083,0x0884,0x0883,0x0863,0x1084,0x0863,
  0x1083,0x0884,0x0883,0x1063,0x0884,0x0883,0x0863,0x1084,0x0883,0x0863,0x0884,0x1083,0x0864,0x0883,0x0863,0x0884,
  0x1083,0x0864,0x1083,0x0884,0x0863,0x1083,0x0864,0x0883,0x0883,0x1064,0x0883,0x0883,0x0864,0x1083,0x0864,0x0883,
  0x0883,0x0864,0x1083,0x0884,0x1063,0x0884,0x0863,0x1083,0x0884,0x0863,0x0883,0x1084,0x0863,0x0883,0x0864,0x1083,
  0x0884,0x0863,0x0883,0x0884,0x1063,0x0884,0x1063,0x0884,0x0883,0x1063,0x0884,0x0883,0x0863,0x1084,0x0863,0x0883,
  0x0884,0x1063,0x0884,0x0883,0x0863,0x0884,0x1063,0x0884,0x1083,0x0864,0x0883,0x1083,0x0864,0x0883,0x0863,0x1084,
  0x0883,0x0863,0x0884,0x1083,0x0864,0x0883,0x0863,0x0884,0x1083,0x0864,0x1083,0x0884,0x0863,0x1083,0x0864,0x0883,
  0x0883,0x1064,0x0883,0x0883,0x0864,0x1083,0x0864,0x0883,0x0883,0x0864,0x1083,0x0884,0x1063,0x0884,0x0863,0x1083,
  0x0884,0x0863,0x0883,0x1084,0x0863,0x0883,0x0864,0x1083,0x0884,0x0863,0x0883,0x0884,0x1063,0x0884,0x1063,0x0884,
  0x0883,0x1063,0x0884,0x0883,0x0863,0x1084,0x0863,0x0883,0x0884,0x1063,0x0884,0x0883,0x0863,0x0884,0x1063,0x0884,
  0x1083,0x0864,0x0883,0x1083,0x0864,0x0883,0x0863,0x1084,0x0883,0x0863,0x0884,0x1083,0x0864,0x0883,0x0863,0x0884,
  0x1083,0x0864,0x1083,0x0884,0x0863,0x1083,0x0864,0x0883,0x0883,0x1064,0x0883,0x0883,0x0864,0x1083,0x0864,0x0883,
  0x0883,0x0864,0x1083,0x0884,0x1063,0x0884,0x0863,0x1083,0x0884,0x0863,0x0883,0x1084,0x0863,0x0883,0x0864,0x1083,
  0x0884,0x0863,0x0883,0x0884,0x1063,0x0884,0x1063,0x0884,0x0883,0x1063,0x0884,0x0883,0x0863,0x1084,0x0863,0x0883,
  0x0884,0x1063,0x0884,0x0883,0x0863,0x0884,0x1063,0x0884,0x1083,0x0864,0x0883,0x1083,0x0864,0x0883,0x0863,0x1084,
  0x0883,0x0863,0x0884,0x1083,0x0864,0x0883,0x0863,0x0884,0x1083,0x0864,0x1083,0x0884,0x0863,0x1083,0x0864,0x0883,
  0x0883,0x1064,0x0883,0x0883,0x0864,0x1083,0x0864,0x0883,0x0883,0x0864,0x1083,0x0884,0x1063,0x0884,0x0863,0x1083,
  0x0884,0x0863,0x0883,0x1084,0x0863,0x0883,0x0864,0x1083,0x0884,0x0863,0x0883,0x0884,0x1063,0x0884,0x1063,0x0884,
  0x0883,0x1063,0x0884,0x0883,0x0863,0x1084,0x0863,0x0883,0x0884,0x1063,0x0884,0x0883,0x0863,0x0884,0x1063,0x0884,
  0x1083,0x0864,0x0883,0x1083,0x0864,0x0883,0x0863,0x1084,0x0883,0x0863,0x0884,0x1083,0x0864,0x0883,0x0863,0x0884,
  0x1083,0x0864,0x1083,0x0884,0x0863,0x1083,0x0864,0x0883,0x0883,0x1064,0x0883,0x0883,0x0864,0x1083,0x0864,0x0883,
  0x0883,0x0864,0x1083,0x0884,0x1063,0x0884,0x0863,0x1083,0x0884,0x0863,0x0883,0x1084,0x0863,0x0883,0x0864,0x1083,
  0x0884,0x0863,0x0883,0x0884,0x1063,0x0884,0x1063,0x0884,0x0883,0x1063,0x0884,0x0883,0x0863,0x1084,0x0863,0x0883,
  0x0884,0x1063,0x0884,0x0883,0x0863,0x0884,0x1063,0x0884,0x1083,0x0864,0x0883,0x1083,0x0864,0x0883,0x0863,0x1084,
  0x0883,0x0863,0x0884,0x1083,0x0864,0x0883,0x0863,0x0884,0x1083,0x0864,0x1083,0x0884,0x0863,0x1083,0x0864,0x0883,
  0x0883,0x1064,0x0883,0x0883,0x0864,0x1083,0x0864,0x0883,0x0883,0x0864,0x1083,0x0884,0x1063,0x0884,0x0863,0x1083,
  0x0884,0x0863,0x0883,0x1084,0x0863,0x0883,0x0864,0x1083,0x0884,0x0863,0x0883,0x0884,0x1063,0x0884,0x1063,0x0884,
  0x0883,0x1063,0x0884,0x0883,0x0863,0x1084,0x0863,0x0883,0x0884,0x1063,0x0884,0x0883,0x0863,0x0884,0x1063,0x0884,
  0x1083,0x0864,0x0883,0x1083,0x0864,0x0883,0x0863,0x1084,0x0883,0x1063,0x0884,0x0883,0x1063,0x0883,0x1063,0x0883,
  0x0883,0x0863,0x1084,0x0883,0x1063,0x0883,0x0883,0x1063,0x0883,0x0883,0x0863,0x1083,0x0863,0x0883,0x0883,0x0863,
  0x1083,0x0883,0x0883,0x1083,0x0883,0x0863,0x1083,0x0883,0x0863,0x1083,0x0883,0x0863,0x1083,0x0883,0x0863,0x0883,
  0x0883,0x1063,0x0883,0x0883,0x0863,0x1083,0x0883,0x0863,0x1083,0x0884,0x1063,0x0883,0x0883,0x1083,0x0883,0x1063,
  0x0883,0x0883,0x0863,0x1083,0x0883,0x0883,0x0883,0x1063,0x0883,0x0883,0x1063,0x0884,0x1083,0x0883,0x0883,0x1063,
  0x0883,0x1083,0x0863,0x0883,0x0883,0x1083,0x0883,0x0863,0x0883,0x1083,0x0863,0x0883,0x1083,0x0884,0x1083,0x0863,
  0x0883,0x1083,0x0863,0x1083,0x0883,0x0883,0x0883,0x1063,0x0883,0x0883,0x0863,0x1083,0x0883,0x0883,0x1083,0x0864,
  0x1083,0x0883,0x0863,0x1083,0x0883,0x1083,0x0883,0x0863,0x0883,0x1083,0x0863,0x0883,0x0883,0x1083,0x0883,0x0863,
  0x1083,0x0884,0x1063,0x0883,0x0883,0x1083,0x0883,0x1063,0x0883,0x0883,0x0863,0x1083,0x0883,0x0883,0x0883,0x1063,
  0x0883,0x0883,0x1063,0x0884,0x1083,0x0883,0x0883,0x1063,0x0883,0x1083,0x0863,0x0883,0x0883,0x1083,0x0883,0x0863,
  0x0883,0x1083,0x0863,0x0883,0x1083,0x0884,0x1083,0x0863,0x0883,0x1083,0x0863,0x1083,0x0883,0x0883,0x0883,0x1063,
  0x0883,0x0883,0x0863,0x1083,0x0883,0x0883,0x1083,0x0864,0x1083,0x0883,0x0863,0x1083,0x0883,0x1083,0x0883,0x0863,
  0x0883,0x1083,0x0863,0x0883,0x0883,0x1083,0x0883,0x0863,0x1083,0x0884,0x1063,0x0883,0x0883,0x1083,0x0883,0x1063,
  0x0883,0x0883,0x0863,0x1083,0x0883,0x0883,0x0883,0x1063,0x0883,0x0883,0x1063,0x0884,0x1083,0x0883,0x0883,0x1063,
  0x0883,0x1083,0x0863,0x0883,0x0883,0x1083,0x0883,0x0863,0x0883,0x1083,0x0863,0x0883,0x1083,0x0884,0x1083,0x0863,
  0x0883,0x1083,0x0863,0x1083,0x0883,0x0883,0x0883,0x1063,0x0883,0x0883,0x0863,0x1083,0x0883,0x0883,0x1083,0x0864,
  0x1083,0x0883,0x0863,0x1083,0x0883,0x1083,0x0883,0x0863,0x0883,0x1083,0x0863,0x0883,0x0883,0x1083,0x0883,0x0863,
  0x1083,0x0884,0x1063,0x0883,0x0883,0x1083,0x0883,0x1063,0x0883,0x0883,0x0863,0x1083,0x0883,0x0883,0x0883,0x1063,
  0x0883,0x0883,0x1063,0x0884,0x1083,0x0883,0x0883,0x1063,0x0883,0x1083,0x0863,0x0883,0x0883,0x1083,0x0883,0x0863,
  0x0883,0x1083,0x0863,0x0883,0x1083,0x0884,0x1083,0x0863,0x0883,0x1083,0x0863,0x1083,0x0883,0x0883,0x0883,0x1063,
  0x0883,0x0883,0x0863,0x1083,0x0883,0x0883,0x1083,0x0864,0x1083,0x0883,0x0863,0x1083,0x0883,0x1083,0x0883,0x0863,
  0x0883,0x1083,0x0863,0x0883,0x0883,0x1083,0x0883,0x0863,0x1083,0x0884,0x1063,0x0883,0x0883,0x1083,0x0883,0x1063,
  0x0883,0x0883,0x0863,0x1083,0x0883,0x0883,0x0883,0x1063,0x0883,0x0883,0x1063,0x0884,0x1083,0x0883,0x0883,0x1063,
  0x0883,0x1083,0x0863,0x0883,0x0883,0x1083,0x0883,0x0863,0x0883,0x1083,0x0863,0x0883,0x1083,0x0884,0x1083,0x0863,
  0x0883,0x1083,0x0863,0x1083,0x0883,0x0883,0x0883,0x1063,0x0883,0x0883,0x0863,0x1083,0x0883,0x0883,0x1083,0x0864,
  0x1083,0x0883,0x0863,0x1083,0x0883,0x1083,0x0883,0x0863,0x0883,0x1083,0x0863,0x0883,0x0883,0x1083,0x0883,0x0863,
  0x1083,0x0884,0x1063,0x0883,0x0883,0x1083,0x0883,0x1063,0x0883,0x0883,0x0863,0x1083,0x0883,0x0883,0x0883,0x1063,
  0x0883,0x0883,0x1063,0x0884,0x1083,0x0883,0x0883,0x1063,0x0883,0x1083,0x0863,0x0883,0x0883,0x1083,0x0883,0x0863,
  0x0883,0x1083,0x0863,0x0883,0x1083,0x0884,0x1083,0x0863,0x0883,0x1083,0x0863,0x1083,0x0883,0x0883,0x0883,0x1063,
  0x0883,0x0883,0x0863,0x1083,0x0883,0x0883,0x1083,0x0864,0x1083,0x0883,0x0863,0x1083,0x0883,0x1083,0x0883,0x0863,
  0x0883,0x1083,0x0863,0x0883,0x0883,0x1083,0x0883,0x0863,0x0883,0x1084,0x0863,0x1083,0x0884,0x0883,0x1083,0x0864,
  0x0883,0x1083,0x0863,0x0883,0x0883,0x1064,0x0883,0x0883,0x0864,0x1083,0x0883,0x0864,0x1083,0x0863,0x1084,0x0883,
  0x0863,0x0884,0x1063,0x0863,0x0884,0x0883,0x0863,0x1084,0x0883,0x0863,0x0884,0x1063,0x0883,0x0864,0x1083,0x0864,
  0x1083,0x0863,0x0884,0x1063,0x0884,0x0863,0x1084,0x0883,0x0863,0x0883,0x0883,0x1063,0x0883,0x0864,0x1083,0x0863,
  0x0884,0x1063,0x0883,0x0863,0x0884,0x1063,0x0883,0x0864,0x1083,0x0864,0x0883,0x0863,0x0883,0x1063,0x0883,0x0864,
  0x1083,0x0863,0x0884,0x1063,0x0883,0x0863,0x0884,0x1063,0x0883,0x0864,0x1083,0x0864,0x0883,0x0863,0x0883,0x1063,
  0x0883,0x0864,0x1083,0x0863,0x0884,0x1063,0x0883,0x0863,0x0884,0x1063,0x0883,0x0864,0x1083,0x0864,0x0883,0x0863,
  0x0883,0x1063,0x0883,0x0864,0x1083,0x0863,0x0884,0x1063,0x0883,0x0863,0x0884,0x1063,0x0883,0x0864,0x1083,0x0864,
  0x0883,0x0863,0x0883,0x1063,0x0883,0x0864,0x1083,0x0863,0x0884,0x1063,0x0883,0x0863,0x0884,0x1063,0x0883,0x0864,
  0x1083,0x0864,0x0883,0x0863,0x0883,0x1063,0x0883,0x0864,0x1083,0x0863,0x0884,0x1063,0x0883,0x0863,0x0884,0x1063,
  0x0883,0x0864,0x1083,0x0864,0x0883,0x0863,0x0883,0x1063,0x0883,0x0864,0x1083,0x0863,0x0884,0x1063,0x0883,0x0863,
  0x0884,0x1063,0x0883,0x0864,0x1083,0x0864,0x0883,0x0863,0x0883,0x1063,0x0883,0x0864,0x1083,0x0863,0x0884,0x1063,
  0x0883,0x0863,0x0884,0x1063,0x0883,0x0864,0x1083,0x0864,0x0883,0x0863,0x0883,0x1063,0x0883,0x0864,0x1083,0x0863,
  0x0884,0x1063,0x0883,0x0863,0x0884,0x1063,0x0883,0x0864,0x1083,0x0864,0x0883,0x0863,0x0883,0x1063,0x0883,0x0864,
  0x1083,0x0863,0x0884,0x1063,0x0883,0x0863,0x0884,0x1063,0x0883,0x0864,0x1083,0x0864,0x0883,0x0863,0x0883,0x1063,
  0x0883,0x0864,0x1083,0x0863,0x0884,0x1063,0x0883,0x0863,0x0884,0x1063,0x0883,0x0864,0x1083,0x0864,0x0883,0x0863,
  0x0883,0x1063,0x0883,0x0864,0x1083,0x0863,0x0884,0x1063,0x0883,0x0863,0x0884,0x1063,0x0883,0x0864,0x1083,0x0864,
  0x0883,0x0863,0x0883,0x1063,0x0883,0x0864,0x1083,0x0863,0x0884,0x1063,0x0883,0x0863,0x0884,0x1063,0x0883,0x0864,
  0x1083,0x0864,0x0883,0x0863,0x0883,0x1063,0x0883,0x0864,0x1083,0x0863,0x0884,0x1063,0x0883,0x0863,0x0884,0x1063,
  0x0883,0x0864,0x1083,0x0864,0x0883,0x0863,0x0883,0x1063,0x0883,0x0864,0x1083,0x0863,0x0884,0x1063,0x0883,0x0863,
  0x0884,0x1063,0x0883,0x0864,0x1083,0x0864,0x0883,0x0863,0x0883,0x1063,0x0883,0x0864,0x1083,0x0863,0x0884,0x1063,
  0x0883,0x0863,0x0884,0x1063,0x0883,0x0864,0x1083,0x0864,0x0883,0x0863,0x0883,0x1063,0x0883,0x0864,0x1083,0x0863,
  0x0884,0x1063,0x0883,0x0863,0x0884,0x1063,0x0883,0x0864,0x1083,0x0864,0x0883,0x0863,0x0883,0x1063,0x0883,0x0864,
  0x1083,0x0863,0x0884,0x1063,0x0883,0x0863,0x0884,0x1063,0x0883,0x0864,0x1083,0x0864,0x0883,0x0863,0x0883,0x1063,
  0x0883,0x0864,0x1083,0x0863,0x0884,0x1063,0x0883,0x0863,0x0884,0x1063,0x0883,0x0864,0x1083,0x0864,0x0883,0x0863,
  0x0883,0x1063,0x0883,0x0864,0x1083,0x0863,0x0884,0x1063,0x0883,0x0863,0x0884,0x1063,0x0883,0x0864,0x1083,0x0864,
  0x0883,0x0863,0x0883,0x1063,0x0883,0x0864,0x1083,0x0863,0x0884,0x1063,0x0883,0x0863,0x0884,0x1063,0x0883,0x0864,
  0x1083,0x0864,0x0883,0x0863,0x0883,0x1063,0x0883,0x0864,0x1083,0x0863,0x0884,0x1063,0x0883,0x0863,0x0884,0x1063,
  0x0883,0x0864,0x1083,0x0864,0x0883,0x0863,0x0883,0x1063,0x0883,0x0864,0x1083,0x0863,0x0884,0x1063,0x0883,0x0863,
  0x0884,0x1063,0x0883,0x0864,0x1083,0x0864,0x0883,0x0863,0x0883,0x1063,0x0883,0x0864,0x1083,0x0863,0x0884,0x1063,
  0x0883,0x0863,0x0884,0x1063,0x0883,0x0864,0x1083,0x0864,0x1083,0x0863,0x0883,0x0863,0x0883,0x1063,0x0883,0x0883,
  0x0863,0x0884,0x1083,0x0863,0x1083,0x0883,0x0863,0x1083,0x0883,0x0863,0x1083,0x0883,0x0883,0x1063,0x0883,0x0863,
  0x1084,0x0883,0x0883,0x1083,0x0863,0x1083,0x0883,0x0863,0x1083,0x0883,0x1083,0x0883,0x0863,0x1083,0x0883,0x0883,
  0x0883,0x1083,0x0863,0x0883,0x1083,0x0883,0x0863,0x1083,0x0884,0x1063,0x0883,0x0884,0x1063,0x0883,0x0883,0x0883,
  0x1063,0x0883,0x0884,0x1083,0x0863,0x0883,0x1083,0x0883,0x0863,0x1083,0x0883,0x1083,0x0863,0x0884,0x1083,0x0883,
  0x0863,0x0883,0x1083,0x0883,0x0864,0x1083,0x0883,0x0883,0x1063,0x0883,0x0883,0x1083,0x0863,0x1083,0x0883,0x0884,
  0x1063,0x0883,0x0883,0x0883,0x1063,0x0883,0x0884,0x1083,0x0863,0x0883,0x1083,0x0883,0x0863,0x1083,0x0883,0x1083,
  0x0863,0x0884,0x1083,0x0883,0x0863,0x0883,0x1083,0x0883,0x0864,0x1083,0x0883,0x0883,0x1063,0x0883,0x0883,0x1083,
  0x0863,0x1083,0x0883,0x0884,0x1063,0x0883,0x0883,0x0883,0x1063,0x0883,0x0884,0x1083,0x0863,0x0883,0x1083,0x0883,
  0x0863,0x1083,0x0883,0x1083,0x0863,0x0884,0x1083,0x0883,0x0863,0x0883,0x1083,0x0883,0x0864,0x1083,0x0883,0x0883,
  0x1063,0x0883,0x0883,0x1083,0x0863,0x1083,0x0883,0x0884,0x1063,0x0883,0x0883,0x0883,0x1063,0x0883,0x0884,0x1083,
  0x0863,0x0883,0x1083,0x0883,0x0863,0x1083,0x0883,0x1083,0x0863,0x0884,0x1083,0x0883,0x0863,0x0883,0x1083,0x0883,
  0x0864,0x1083,0x0883,0x0883,0x1063,0x0883,0x0883,0x1083,0x0863,0x1083,0x0883,0x0884,0x1063,0x0883,0x0883,0x0883,
  0x1063,0x0883,0x0884,0x1083,0x0863,0x0883,0x1083,0x0883,0x0863,0x1083,0x0883,0x1083,0x0863,0x0884,0x1083,0x0883,
  0x0863,0x0883,0x1083,0x0883,0x0864,0x1083,0x0883,0x0883,0x1063,0x0883,0x0883,0x1083,0x0863,0x1083,0x0883,0x0884,
  0x1063,0x0883,0x0883,0x0883,0x1063,0x0883,0x0884,0x1083,0x0863,0x0883,0x1083,0x0883,0x0863,0x1083,0x0883,0x1083,
  0x0863,0x0884,0x1083,0x0883,0x0863,0x0883,0x1083,0x0883,0x0864,0x1083,0x0883,0x0883,0x1063,0x0883,0x0883,0x1083,
  0x0863,0x1083,0x0883,0x0884,0x1063,0x0883,0x0883,0x0883,0x1063,0x0883,0x0884,0x1083,0x0863,0x0883,0x1083,0x0883,
  0x0863,0x1083,0x0883,0x1083,0x0863,0x0884,0x1083,0x0883,0x0863,0x0883,0x1083,0x0883,0x0864,0x1083,0x0883,0x0883,
  0x1063,0x0883,0x0883,0x1083,0x0863,0x1083,0x0883,0x0884,0x1063,0x0883,0x0883,0x0883,0x1063,0x0883,0x0884,0x1083,
  0x0863,0x0883,0x1083,0x0883,0x0863,0x1083,0x0883,0x1083,0x0863,0x0884,0x1083,0x0883,0x0863,0x0883,0x1083,0x0883,
  0x0864,0x1083,0x0883,0x0883,0x1063,0x0883,0x0883,0x1083,0x0863,0x1083,0x0883,0x0884,0x1063,0x0883,0x0883,0x0883,
  0x1063,0x0883,0x0884,0x1083,0x0863,0x0883,0x1083,0x0883,0x0863,0x1083,0x0883,0x1083,0x0863,0x0884,0x1083,0x0883,
  0x0863,0x0883,0x1083,0x0883,0x0864,0x1083,0x0883,0x0883,0x1063,0x0883,0x0883,0x1083,0x0863,0x1083,0x0883,0x0884,
  0x1063,0x0883,0x0883,0x0883,0x1063,0x0883,0x0884,0x1083,0x0863,0x0883,0x1083,0x0883,0x0863,0x1083,0x0883,0x1083,
  0x0863,0x0884,0x1083,0x0883,0x0863,0x0883,0x1083,0x0883,0x0864,0x1083,0x0883,0x0883,0x1063,0x0883,0x0883,0x1083,
  0x0863,0x1083,0x0883,0x0884,0x1063,0x0883,0x0883,0x0883,0x1063,0x0883,0x0884,0x1083,0x0863,0x0883,0x1083,0x0883,
  0x0863,0x1083,0x0883,0x1083,0x0863,0x0884,0x1083,0x0883,0x0863,0x0883,0x1083,0x0883,0x0864,0x1083,0x0883,0x0883,
  0x1063,0x0883,0x0883,0x1083,0x0863,0x1083,0x0883,0x0884,0x1063,0x0883,0x0883,0x0883,0x1063,0x0883,0x0884,0x1083,
  0x0863,0x0883,0x1083,0x0883,0x0863,0x1083,0x0883,0x1083,0x0863,0x0884,0x1083,0x0883,0x0863,0x0883,0x1083,0x0883,
  0x0864,0x1083,0x0883,0x0883,0x1063,0x0883,0x0883,0x1083,0x0863,0x0883,0x1083,0x0884,0x1063,0x0883,0x0864,0x1083,
  0x1083,0x0883,0x0863,0x1084,0x0883,0x0884,0x1083,0x0864,0x1083,0x0884,0x0863,0x1084,0x0883,0x0884,0x1083,0x0883,
  0x1083,0x0863,0x1084,0x0883,0x0884,0x1063,0x0884,0x1083,0x0864,0x0883,0x0864,0x1083,0x0884,0x0883,0x1063,0x0884,
  0x1063,0x0884,0x1083,0x0883,0x0864,0x1083,0x0883,0x0863,0x1083,0x0883,0x1063,0x0883,0x0883,0x1063,0x0884,0x1083,
  0x0884,0x1083,0x0863,0x0883,0x1083,0x0884,0x1063,0x0884,0x1083,0x0883,0x0864,0x1083,0x0883,0x1083,0x0863,0x1083,
  0x0884,0x1083,0x0864,0x1083,0x0883,0x0883,0x1063,0x0884,0x1083,0x0884,0x1063,0x0883,0x0884,0x1083,0x0863,0x1083,
  0x0883,0x1083,0x0864,0x1083,0x0884,0x1083,0x0863,0x0883,0x1083,0x0884,0x1063,0x0884,0x1083,0x0883,0x0864,0x1083,
  0x0883,0x1083,0x0863,0x1083,0x0884,0x1083,0x0864,0x1083,0x0883,0x0883,0x1063,0x0884,0x1083,0x0884,0x1063,0x0883,
  0x0884,0x1083,0x0863,0x1083,0x0883,0x1083,0x0864,0x1083,0x0884,0x1083,0x0863,0x0883,0x1083,0x0884,0x1063,0x0884,
  0x1083,0x0883,0x0864,0x1083,0x0883,0x1083,0x0863,0x1083,0x0884,0x1083,0x0864,0x1083,0x0883,0x0883,0x1063,0x0884,
  0x1083,0x0884,0x1063,0x0883,0x0884,0x1083,0x0863,0x1083,0x0883,0x1083,0x0864,0x1083,0x0884,0x1083,0x0863,0x0883,
  0x1083,0x0884,0x1063,0x0884,0x1083,0x0883,0x0864,0x1083,0x0883,0x1083,0x0863,0x1083,0x0884,0x1083,0x0864,0x1083,
  0x0883,0x0883,0x1063,0x0884,0x1083,0x0884,0x1063,0x0883,0x0884,0x1083,0x0863,0x1083,0x0883,0x1083,0x0864,0x1083,
  0x0884,0x1083,0x0863,0x0883,0x1083,0x0884,0x1063,0x0884,0x1083,0x0883,0x0864,0x1083,0x0883,0x1083,0x0863,0x1083,
  0x0884,0x1083,0x0864,0x1083,0x0883,0x0883,0x1063,0x0884,0x1083,0x0884,0x1063,0x0883,0x0884,0x1083,0x0863,0x1083,
  0x0883,0x1083,0x0864,0x1083,0x0884,0x1083,0x0863,0x0883,0x1083,0x0884,0x1063,0x0884,0x1083,0x0883,0x0864,0x1083,
  0x0883,0x1083,0x0863,0x1083,0x0884,0x1083,0x0864,0x1083,0x0883,0x0883,0x1063,0x0884,0x1083,0x0884,0x1063,0x0883,
  0x0884,0x1083,0x0863,0x1083,0x0883,0x1083,0x0864,0x1083,0x0884,0x1083,0x0863,0x0883,0x1083,0x0884,0x1063,0x0884,
  0x1083,0x0883,0x0864,0x1083,0x0883,0x1083,0x0863,0x1083,0x0884,0x1083,0x0864,0x1083,0x0883,0x0883,0x1063,0x0884,
  0x1083,0x0884,0x1063,0x0883,0x0884,0x1083,0x0863,0x1083,0x0883,0x1083,0x0864,0x1083,0x0884,0x1083,0x0863,0x0883,
  0x1083,0x0884,0x1063,0x0884,0x1083,0x0883,0x0864,0x1083,0x0883,0x1083,0x0863,0x1083,0x0884,0x1083,0x0864,0x1083,
  0x0883,0x0883,0x1063,0x0884,0x1083,0x0884,0x1063,0x0883,0x0884,0x1083,0x0863,0x1083,0x0883,0x1083,0x0864,0x1083,
  0x0884,0x1083,0x0863,0x0883,0x1083,0x0884,0x1063,0x0884,0x1083,0x0883,0x0864,0x1083,0x0883,0x1083,0x0863,0x1083,
  0x0884,0x1083,0x0864,0x1083,0x0883,0x0883,0x1063,0x0884,0x1083,0x0884,0x1063,0x0883,0x0884,0x1083,0x0863,0x1083,
  0x0883,0x1083,0x0864,0x1083,0x0884,0x1083,0x0863,0x0883,0x1083,0x0884,0x1063,0x0884,0x1083,0x0883,0x0864,0x1083,
  0x0883,0x1083,0x0863,0x1083,0x0884,0x1083,0x0864,0x1083,0x0883,0x0883,0x1063,0x0884,0x1083,0x0884,0x1063,0x0883,
  0x0884,0x1083,0x0863,0x1083,0x0883,0x1083,0x0864,0x1083,0x0884,0x1083,0x0863,0x0883,0x1083,0x0884,0x1063,0x0884,
  0x1083,0x0883,0x0864,0x1083,0x0883,0x1083,0x0863,0x1083,0x0884,0x1083,0x0864,0x1083,0x0883,0x0883,0x1063,0x0884,
  0x1083,0x0884,0x1063,0x0883,0x0884,0x1083,0x0863,0x1083,0x0883,0x1083,0x0864,0x1083,0x0884,0x1083,0x0863,0x0883,
  0x1083,0x0884,0x1063,0x0884,0x1083,0x0883,0x0864,0x1083,0x0883,0x1083,0x0863,0x1083,0x0884,0x1083,0x0864,0x1083,
  0x0883,0x0883,0x1063,0x0884,0x1083,0x0884,0x1063,0x0883,0x0884,0x1083,0x0863,0x0883,0x0883,0x1083,0x0883,0x0883,
  0x0883,0x1064,0x0883,0x0883,0x1063,0x0883,0x0883,0x1083,0x0883,0x1083,0x0883,0x1063,0x0883,0x1063,0x0883,0x0864,
  0x0883,0x1083,0x0863,0x1083,0x0883,0x0883,0x1063,0x0883,0x1083,0x0883,0x1083,0x0863,0x1083,0x0883,0x1084,0x0883,
  0x0883,0x1063,0x0883,0x1084,0x0883,0x0863,0x1084,0x0883,0x0884,0x1083,0x0884,0x1063,0x0884,0x0883,0x1083,0x0863,
  0x0883,0x0883,0x1083,0x0864,0x1083,0x0883,0x0883,0x1063,0x0883,0x1083,0x0883,0x0884,0x1063,0x0884,0x0883,0x0883,
  0x1063,0x0883,0x0883,0x0883,0x1063,0x0884,0x1083,0x0883,0x0863,0x1083,0x0883,0x1083,0x0863,0x0884,0x1083,0x0884,
  0x0863,0x0883,0x1083,0x0883,0x0863,0x0883,0x1083,0x0884,0x1063,0x0883,0x0883,0x1083,0x0863,0x1083,0x0883,0x0884,
  0x1063,0x0884,0x0883,0x0883,0x1063,0x0883,0x0883,0x0883,0x1063,0x0884,0x1083,0x0883,0x0863,0x1083,0x0883,0x1083,
  0x0863,0x0884,0x1083,0x0884,0x0863,0x0883,0x1083,0x0883,0x0863,0x0883,0x1083,0x0884,0x1063,0x0883,0x0883,0x1083,
  0x0863,0x1083,0x0883,0x0884,0x1063,0x0884,0x0883,0x0883,0x1063,0x0883,0x0883,0x0883,0x1063,0x0884,0x1083,0x0883,
  0x0863,0x1083,0x0883,0x1083,0x0863,0x0884,0x1083,0x0884,0x0863,0x0883,0x1083,0x0883,0x0863,0x0883,0x1083,0x0884,
  0x1063,0x0883,0x0883,0x1083,0x0863,0x1083,0x0883,0x0884,0x1063,0x0884,0x0883,0x0883,0x1063,0x0883,0x0883,0x0883,
  0x1063,0x0884,0x1083,0x0883,0x0863,0x1083,0x0883,0x1083,0x0863,0x0884,0x1083,0x0884,0x0863,0x0883,0x1083,0x0883,
  0x0863,0x0883,0x1083,0x0884,0x1063,0x0883,0x0883,0x1083,0x0863,0x1083,0x0883,0x0884,0x1063,0x0884,0x0883,0x0883,
  0x1063,0x0883,0x0883,0x0883,0x1063,0x0884,0x1083,0x0883,0x0863,0x1083,0x0883,0x1083,0x0863,0x0884,0x1083,0x0884,
  0x0863,0x0883,0x1083,0x0883,0x0863,0x0883,0x1083,0x0884,0x1063,0x0883,0x0883,0x1083,0x0863,0x1083,0x0883,0x0884,
  0x1063,0x0884,0x0883,0x0883,0x1063,0x0883,0x0883,0x0883,0x1063,0x0884,0x1083,0x0883,0x0863,0x1083,0x0883,0x1083,
  0x0863,0x0884,0x1083,0x0884,0x0863,0x0883,0x1083,0x0883,0x0863,0x0883,0x1083,0x0884,0x1063,0x0883,0x0883,0x1083,
  0x0863,0x1083,0x0883,0x0884,0x1063,0x0884,0x0883,0x0883,0x1063,0x0883,0x0883,0x0883,0x1063,0x0884,0x1083,0x0883,
  0x0863,0x1083,0x0883,0x1083,0x0863,0x0884,0x1083,0x0884,0x0863,0x0883,0x1083,0x0883,0x0863,0x0883,0x1083,0x0884,
  0x1063,0x0883,0x0883,0x1083,0x0863,0x1083,0x0883,0x0884,0x1063,0x0884,0x0883,0x0883,0x1063,0x0883,0x0883,0x0883,
  0x1063,0x0884,0x1083,0x0883,0x0863,0x1083,0x0883,0x1083,0x0863,0x0884,0x1083,0x0884,0x0863,0x0883,0x1083,0x0883,
  0x0863,0x0883,0x1083,0x0884,0x1063,0x0883,0x0883,0x1083,0x0863,0x1083,0x0883,0x0884,0x1063,0x0884,0x0883,0x0883,
  0x1063,0x0883,0x0883,0x0883,0x1063,0x0884,0x1083,0x0883,0x0863,0x1083,0x0883,0x1083,0x0863,0x0884,0x1083,0x0884,
  0x0863,0x0883,0x1083,0x0883,0x0863,0x0883,0x1083,0x0884,0x1063,0x0883,0x0883,0x1083,0x0863,0x1083,0x0883,0x0884,
  0x1063,0x0884,0x0883,0x0883,0x1063,0x0883,0x0883,0x0883,0x1063,0x0884,0x1083,0x0883,0x0863,0x1083,0x0883,0x1083,
  0x0863,0x0884,0x1083,0x0884,0x0863,0x0883,0x1083,0x0883,0x0863,0x0883,0x1083,0x0884,0x1063,0x0883,0x0883,0x1083,
  0x0863,0x1083,0x0883,0x0884,0x1063,0x0884,0x0883,0x0883,0x1063,0x0883,0x0883,0x0883,0x1063,0x0884,0x1083,0x0883,
  0x0863,0x1083,0x0883,0x1083,0x0863,0x0884,0x1083,0x0884,0x0863,0x0883,0x1083,0x0883,0x0863,0x0883,0x1083,0x0884,
  0x1063,0x0883,0x0883,0x1083,0x0863,0x1083,0x0883,0x0884,0x1063,0x0884,0x0883,0x0883,0x1063,0x0883,0x0883,0x0883,
  0x1063,0x0884,0x1083,0x0883,0x0863,0x1083,0x0883,0x0883,0x1063,0x0884,0x1083,0x0884,0x1063,0x0884,0x1063,0x0883,
  0x0883,0x1083,0x0883,0x1083,0x0884,0x1063,0x0883,0x0864,0x0883,0x1063,0x0884,0x0883,0x1083,0x0884,0x1083,0x0883,
  0x1083,0x0884,0x0883,0x0863,0x1084,0x0883,0x0883,0x0884,0x1063,0x0883,0x0884,0x1083,0x0883,0x0863,0x0883,0x1063,
  0x0883,0x0884,0x0883,0x0863,0x1083,0x0883,0x1083,0x0863,0x1083,0x0863,0x0883,0x0883,0x1083,0x0863,0x0883,0x1084,
  0x0863,0x1083,0x0883,0x1083,0x0863,0x1084,0x0883,0x0883,0x0884,0x0863,0x1083,0x0883,0x0883,0x1063,0x0883,0x1084,
  0x0883,0x1083,0x0864,0x1083,0x0883,0x0883,0x1063,0x0884,0x1083,0x0883,0x0864,0x0883,0x1083,0x0883,0x0863,0x1083,
  0x0883,0x1084,0x0863,0x1083,0x0884,0x1083,0x0863,0x0883,0x1083,0x0884,0x1063,0x0883,0x0884,0x0883,0x1063,0x0883,
  0x0883,0x1083,0x0863,0x1084,0x0883,0x1083,0x0864,0x1083,0x0883,0x0883,0x1063,0x0884,0x1083,0x0883,0x0864,0x0883,
  0x1083,0x0883,0x0863,0x1083,0x0883,0x1084,0x0863,0x1083,0x0884,0x1083,0x0863,0x0883,0x1083,0x0884,0x1063,0x0883,
  0x0884,0x0883,0x1063,0x0883,0x0883,0x1083,0x0863,0x1084,0x0883,0x1083,0x0864,0x1083,0x0883,0x0883,0x1063,0x0884,
  0x1083,0x0883,0x0864,0x0883,0x1083,0x0883,0x0863,0x1083,0x0883,0x1084,0x0863,0x1083,0x0884,0x1083,0x0863,0x0883,
  0x1083,0x0884,0x1063,0x0883,0x0884,0x0883,0x1063,0x0883,0x0883,0x1083,0x0863,0x1084,0x0883,0x1083,0x0864,0x1083,
  0x0883,0x0883,0x1063,0x0884,0x1083,0x0883,0x0864,0x0883,0x1083,0x0883,0x0863,0x1083,0x0883,0x1084,0x0863,0x1083,
  0x0884,0x1083,0x0863,0x0883,0x1083,0x0884,0x1063,0x0883,0x0884,0x0883,0x1063,0x0883,0x0883,0x1083,0x0863,0x1084,
  0x0883,0x1083,0x0864,0x1083,0x0883,0x0883,0x1063,0x0884,0x1083,0x0883,0x0864,0x0883,0x1083,0x0883,0x0863,0x1083,
  0x0883,0x1084,0x0863,0x1083,0x0884,0x1083,0x0863,0x0883,0x1083,0x0884,0x1063,0x0883,0x0884,0x0883,0x1063,0x0883,
  0x0883,0x1083,0x0863,0x1084,0x0883,0x1083,0x0864,0x1083,0x0883,0x0883,0x1063,0x0884,0x1083,0x0883,0x0864,0x0883,
  0x1083,0x0883,0x0863,0x1083,0x0883,0x1084,0x0863,0x1083,0x0884,0x1083,0x0863,0x0883,0x1083,0x0884,0x1063,0x0883,
  0x0884,0x0883,0x1063,0x0883,0x0883,0x1083,0x0863,0x1084,0x0883,0x1083,0x0864,0x1083,0x0883,0x0883,0x1063,0x0884,
  0x1083,0x0883,0x0864,0x0883,0x1083,0x0883,0x0863,0x1083,0x0883,0x1084,0x0863,0x1083,0x0884,0x1083,0x0863,0x0883,
  0x1083,0x0884,0x1063,0x0883,0x0884,0x0883,0x1063,0x0883,0x0883,0x1083,0x0863,0x1084,0x0883,0x1083,0x0864,0x1083,
  0x0883,0x0883,0x1063,0x0884,0x1083,0x0883,0x0864,0x0883,0x1083,0x0883,0x0863,0x1083,0x0883,0x1084,0x0863,0x1083,
  0x0884,0x1083,0x0863,0x0883,0x1083,0x0884,0x1063,0x0883,0x0884,0x0883,0x1063,0x0883,0x0883,0x1083,0x0863,0x1084,
  0x0883,0x1083,0x0864,0x1083,0x0883,0x0883,0x1063,0x0884,0x1083,0x0883,0x0864,0x0883,0x1083,0x0883,0x0863,0x1083,
  0x0883,0x1084,0x0863,0x1083,0x0884,0x1083,0x0863,0x0883,0x1083,0x0884,0x1063,0x0883,0x0884,0x0883,0x1063,0x0883,
  0x0883,0x1083,0x0863,0x1084,0x0883,0x1083,0x0864,0x1083,0x0883,0x0883,0x1063,0x0884,0x1083,0x0883,0x0864,0x0883,
  0x1083,0x0883,0x0863,0x1083,0x0883,0x1084,0x0863,0x1083,0x0884,0x1083,0x0863,0x0883,0x1083,0x0884,0x1063,0x0883,
  0x0884,0x0883,0x1063,0x0883,0x0883,0x1083,0x0863,0x1084,0x0883,0x1083,0x0864,0x1083,0x0883,0x0883,0x1063,0x0884,
  0x1083,0x0883,0x0864,0x0883,0x1083,0x0883,0x0863,0x1083,0x0883,0x1084,0x0863,0x1083,0x0884,0x1083,0x0863,0x0883,
  0x1083,0x0884,0x1063,0x0883,0x0884,0x0883,0x1063,0x0883,0x0883,0x1083,0x0863,0x1084,0x0883,0x1083,0x0864,0x1083,
  0x0883,0x0883,0x1063,0x0884,0x1083,0x0883,0x0864,0x1083,0x0883,0x0883,0x1063,0x0883,0x0883,0x1083,0x0883,0x1084,
  0x0883,0x0864,0x1083,0x0863,0x0883,0x0884,0x1083,0x1083,0x0883,0x0884,0x1083,0x0863,0x0883,0x0863,0x0883,0x1064,
  0x0883,0x1063,0x0883,0x1084,0x0883,0x1063,0x0883,0x1083,0x0884,0x1083,0x0863,0x0883,0x1084,0x0883,0x1084,0x0883,
  0x1083,0x0863,0x1083,0x0884,0x1083,0x0864,0x0883,0x1084,0x0883,0x1083,0x0884,0x1063,0x0884,0x1083,0x0883,0x1083,
  0x0884,0x0863,0x1084,0x0883,0x0883,0x0883,0x1064,0x0883,0x1083,0x0884,0x1063,0x0884,0x1083,0x0884,0x1083,0x0863,
  0x0884,0x0883,0x1083,0x0883,0x1064,0x0883,0x0883,0x1083,0x0864,0x0883,0x1083,0x0884,0x1063,0x0884,0x1083,0x0884,
  0x1063,0x0883,0x0884,0x0883,0x1063,0x0883,0x1084,0x0883,0x0863,0x1083,0x0884,0x0883,0x1063,0x0884,0x1083,0x0884,
  0x1063,0x0884,0x1083,0x0883,0x0864,0x0883,0x1083,0x0883,0x1064,0x0883,0x0883,0x1083,0x0864,0x0883,0x1083,0x0884,
  0x1063,0x0884,0x1083,0x0884,0x1063,0x0883,0x0884,0x0883,0x1063,0x0883,0x1084,0x0883,0x0863,0x1083,0x0884,0x0883,
  0x1063,0x0884,0x1083,0x0884,0x1063,0x0884,0x1083,0x0883,0x0864,0x0883,0x1083,0x0883,0x1064,0x0883,0x0883,0x1083,
  0x0864,0x0883,0x1083,0x0884,0x1063,0x0884,0x1083,0x0884,0x1063,0x0883,0x0884,0x0883,0x1063,0x0883,0x1084,0x0883,
  0x0863,0x1083,0x0884,0x0883,0x1063,0x0884,0x1083,0x0884,0x1063,0x0884,0x1083,0x0883,0x0864,0x0883,0x1083,0x0883,
  0x1064,0x0883,0x0883,0x1083,0x0864,0x0883,0x1083,0x0884,0x1063,0x0884,0x1083,0x0884,0x1063,0x0883,0x0884,0x0883,
  0x1063,0x0883,0x1084,0x0883,0x0863,0x1083,0x0884,0x0883,0x1063,0x0884,0x1083,0x0884,0x1063,0x0884,0x1083,0x0883,
  0x0864,0x0883,0x1083,0x0883,0x1064,0x0883,0x0883,0x1083,0x0864,0x0883,0x1083,0x0884,0x1063,0x0884,0x1083,0x0884,
  0x1063,0x0883,0x0884,0x0883,0x1063,0x0883,0x1084,0x0883,0x0863,0x1083,0x0884,0x0883,0x1063,0x0884,0x1083,0x0884,
  0x1063,0x0884,0x1083,0x0883,0x0864,0x0883,0x1083,0x0883,0x1064,0x0883,0x0883,0x1083,0x0864,0x0883,0x1083,0x0884,
  0x1063,0x0884,0x1083,0x0884,0x1063,0x0883,0x0884,0x0883,0x1063,0x0883,0x1084,0x0883,0x0863,0x1083,0x0884,0x0883,
  0x1063,0x0884,0x1083,0x0884,0x1063,0x0884,0x1083,0x0883,0x0864,0x0883,0x1083,0x0883,0x1064,0x0883,0x0883,0x1083,
  0x0864,0x0883,0x1083,0x0884,0x1063,0x0884,0x1083,0x0884,0x1063,0x0883,0x0884,0x0883,0x1063,0x0883,0x1084,0x0883,
  0x0863,0x1083,0x0884,0x0883,0x1063,0x0884,0x1083,0x0884,0x1063,0x0884,0x1083,0x0883,0x0864,0x0883,0x1083,0x0883,
  0x1064,0x0883,0x0883,0x1083,0x0864,0x0883,0x1083,0x0884,0x1063,0x0884,0x1083,0x0884,0x1063,0x0883,0x0884,0x0883,
  0x1063,0x0883,0x1084,0x0883,0x0863,0x1083,0x0884,0x0883,0x1063,0x0884,0x1083,0x0884,0x1063,0x0884,0x1083,0x0883,
  0x0864,0x0883,0x1083,0x0883,0x1064,0x0883,0x0883,0x1083,0x0864,0x0883,0x1083,0x0884,0x1063,0x0884,0x1083,0x0884,
  0x1063,0x0883,0x0884,0x0883,0x1063,0x0883,0x1084,0x0883,0x0863,0x1083,0x0884,0x0883,0x1063,0x0884,0x1083,0x0884,
  0x1063,0x0884,0x1083,0x0883,0x0864,0x0883,0x1083,0x0883,0x1064,0x0883,0x0883,0x1083,0x0864,0x0883,0x1083,0x0884,
  0x1063,0x0884,0x1083,0x0884,0x1063,0x0883,0x0884,0x0883,0x1063,0x0883,0x1084,0x0883,0x0863,0x1083,0x0884,0x0883,
  0x1063,0x0884,0x1083,0x0884,0x1063,0x0884,0x1083,0x0883,0x0864,0x0883,0x1083,0x0883,0x1064,0x0883,0x0883,0x1083,
  0x0864,0x0883,0x1083,0x0884,0x1063,0x0884,0x1083,0x0884,0x1063,0x0883,0x0884,0x0883,0x1063,0x0883,0x1084,0x0883,
  0x0863,0x1083,0x0884,0x0883,0x1063,0x0884,0x1083,0x0884,0x1063,0x0884,0x1083,0x0883,0x0864,0x0883,0x1083,0x0883,
  0x1064,0x0883,0x0883,0x1083,0x0864,0x0883,0x1083,0x0884,0x1063,0x0884,0x0883,0x1083,0x0864,0x0883,0x0883,0x0863,
  0x1083,0x0883,0x1083,0x0884,0x1083,0x0883,0x0863,0x1084,0x0883,0x1063,0x0883,0x1084,0x1083,0x0884,0x1083,0x0883,
  0x0883,0x1084,0x0883,0x1083,0x0863,0x1084,0x0883,0x1083,0x0863,0x0883,0x1084,0x0883,0x1063,0x0883,0x1083,0x0864,
  0x0883,0x1084,0x0883,0x1083,0x0883,0x1083,0x0883,0x0883,0x1063,0x0884,0x0883,0x1083,0x0883,0x0884,0x1063,0x0883,
  0x1083,0x0883,0x0883,0x1084,0x0863,0x1084,0x0883,0x1083,0x0863,0x1083,0x0883,0x0883,0x1063,0x0883,0x0883,0x1083,
  0x0883,0x1064,0x0883,0x0883,0x1083,0x0884,0x1083,0x0883,0x1083,0x0884,0x1083,0x0883,0x0883,0x1083,0x0883,0x0883,
  0x0883,0x1083,0x0883,0x1084,0x0883,0x0883,0x1083,0x0884,0x1083,0x0883,0x1083,0x0884,0x1083,0x0883,0x0883,0x1084,
  0x0883,0x0884,0x1084,0x0883,0x10a4,0x0883,0x1084,0x0884,0x0883,0x1084,0x0884,0x0883,0x10a4,0x0884,0x1083,0x0883,
  0x0883,0x1083,0x0883,0x0883,0x0883,0x1083,0x0883,0x1084,0x0883,0x0883,0x1083,0x0884,0x1083,0x0883,0x1083,0x0884,
  0x1083,0x0883,0x0883,0x1083,0x0883,0x0883,0x0883,0x1083,0x0883,0x1084,0x0883,0x0883,0x1083,0x0884,0x1083,0x0883,
  0x1083,0x0884,0x1083,0x0883,0x0883,0x1083,0x0883,0x0883,0x0883,0x1083,0x0883,0x1084,0x0883,0x0883,0x1083,0x0884,
  0x1083,0x0883,0x1083,0x0883,0x1083,0x0883,0x0883,0x1083,0x0883,0x0883,0x0883,0x1083,0x0883,0x1083,0x0884,0x1083,
  0x0883,0x1084,0x0883,0x0883,0x1083,0x0883,0x1083,0x0883,0x1083,0x0883,0x0883,0x1083,0x0883,0x1083,0x0883,0x1083,
  0x0884,0x1083,0x0883,0x1084,0x0883,0x0883,0x1083,0x0883,0x1083,0x0883,0x1083,0x0883,0x0883,0x1083,0x0883,0x1083,
  0x0883,0x1083,0x0884,0x0883,0x1083,0x0884,0x1083,0x0883,0x1083,0x0883,0x1083,0x0883,0x0883,0x1083,0x0883,0x0883,
  0x0883,0x1083,0x0883,0x1083,0x0884,0x0883,0x1083,0x0884,0x1083,0x0883,0x1083,0x0883,0x1083,0x0883,0x0883,0x1083,
  0x0883,0x0883,0x0883,0x1083,0x0883,0x1083,0x0864,0x0883,0x1083,0x0884,0x1083,0x0883,0x1083,0x0883,0x1083,0x0883,
  0x0883,0x1083,0x0883,0x0883,0x0883,0x1083,0x0883,0x1083,0x0884,0x0883,0x1083,0x0884,0x1083,0x0883,0x1083,0x0883,
  0x1083,0x0883,0x0883,0x1083,0x0883,0x0883,0x0883,0x1083,0x0883,0x1083,0x0884,0x0883,0x1083,0x0884,0x1083,0x0883,
  0x1083,0x0883,0x1083,0x0883,0x0883,0x1083,0x0883,0x0883,0x0883,0x1083,0x0883,0x1083,0x0884,0x0883,0x1083,0x0884,
  0x1083,0x0883,0x1083,0x0883,0x1083,0x0883,0x0883,0x1083,0x0883,0x0883,0x0883,0x1083,0x0883,0x1083,0x0884,0x0883,
  0x1083,0x0884,0x1083,0x0883,0x1083,0x0883,0x1083,0x0883,0x0883,0x1083,0x0883,0x0883,0x0883,0x1083,0x0883,0x1083,
  0x0884,0x0883,0x1083,0x0884,0x1083,0x0883,0x1083,0x0883,0x1083,0x0883,0x0883,0x1083,0x0883,0x0883,0x0883,0x1083,
  0x0883,0x1083,0x0884,0x0883,0x1083,0x0884,0x1083,0x0883,0x1083,0x0883,0x1083,0x0883,0x0883,0x1083,0x0883,0x0883,
  0x0883,0x1083,0x0883,0x1083,0x0884,0x0883,0x1083,0x0884,0x1083,0x0883,0x1083,0x0883,0x1083,0x0883,0x0883,0x1083,
  0x0883,0x0883,0x0883,0x1083,0x0883,0x1083,0x0884,0x0883,0x1083,0x0884,0x1083,0x0883,0x1083,0x0883,0x1083,0x0883,
  0x0883,0x1083,0x0883,0x0883,0x0883,0x1083,0x0883,0x1083,0x0884,0x0883,0x1083,0x0884,0x1083,0x0883,0x1083,0x0883,
  0x1083,0x0883,0x0883,0x1083,0x0883,0x0883,0x0883,0x1083,0x0883,0x1083,0x0884,0x0883,0x1083,0x0884,0x1083,0x0883,
  0x1083,0x0883,0x1083,0x0883,0x0883,0x1083,0x0883,0x0883,0x0883,0x1083,0x0883,0x1083,0x0884,0x0883,0x1083,0x0884,
  0x1083,0x0883,0x1083,0x0883,0x1083,0x0883,0x0883,0x1083,0x0883,0x0883,0x0883,0x1083,0x0883,0x1083,0x0884,0x0883,
  0x1083,0x0884,0x1083,0x0883,0x1083,0x0883,0x1083,0x0883,0x0883,0x1083,0x0883,0x1084,0x0883,0x1083,0x1084,0x0883,
  0x0883,0x1084,0x1083,0x1083,0x1084,0x1083,0x1084,0x1083,0x1083,0x1084,0x1083,0x0883,0x1083,0x1084,0x1083,0x1084,
  0x1083,0x1083,0x1084,0x1083,0x0884,0x1083,0x1084,0x1083,0x1084,0x1083,0x1083,0x1084,0x1083,0x0884,0x0884,0x1083,
  0x0884,0x1084,0x0884,0x1084,0x0884,0x0884,0x1083,0x0884,0x1084,0x0884,0x1083,0x0884,0x1084,0x0884,0x08a4,0x1084,
  0x0885,0x1084,0x0884,0x1084,0x0884,0x0884,0x1084,0x0884,0x08a5,0x1084,0x0884,0x1084,0x08a5,0x1084,0x0884,0x1085,
  0x0884,0x0884,0x1084,0x0884,0x0884,0x1084,0x0884,0x0885,0x0884,0x1084,0x0884,0x1084,0x0884,0x0885,0x1084,0x1084,
  0x0885,0x1084,0x0884,0x1084,0x0884,0x1085,0x0884,0x1084,0x0884,0x0885,0x0884,0x1084,0x0884,0x1084,0x1084,0x10a4,
  0x1084,0x1084,0x10a4,0x1084,0x0884,0x1084,0x1083,0x1085,0x10a4,0x1084,0x10a4,0x1084,0x1084,0x1083,0x0884,0x1084,
  0x0885,0x1084,0x0884,0x1085,0x0884,0x1084,0x0884,0x1084,0x0884,0x1085,0x0884,0x1084,0x0884,0x0885,0x0884,0x1084,
  0x0884,0x1084,0x0884,0x0885,0x1084,0x1084,0x0885,0x1084,0x0884,0x0884,0x1084,0x0885,0x0884,0x1084,0x0884,0x0885,
  0x0884,0x1084,0x0884,0x1084,0x0884,0x0885,0x1084,0x1084,0x0885,0x1084,0x0884,0x0884,0x1084,0x0885,0x0884,0x1084,
  0x0884,0x0884,0x1084,0x0884,0x0884,0x1084,0x0884,0x1084,0x0884,0x1084,0x0884,0x1084,0x0884,0x1084,0x1083,0x1084,
  0x0883,0x1083,0x1084,0x1083,0x1084,0x1083,0x1084,0x0883,0x1084,0x1083,0x1084,0x1083,0x1084,0x1083,0x0884,0x1083,
  0x1083,0x1084,0x1083,0x1083,0x1084,0x1083,0x1084,0x1083,0x1084,0x0883,0x1084,0x1083,0x0864,0x0883,0x0864,0x1083,
  0x0864,0x0883,0x1063,0x0883,0x0863,0x1083,0x0864,0x0883,0x0864,0x1083,0x0864,0x1083,0x0864,0x0883,0x1063,0x1084,
  0x0863,0x1084,0x0863,0x0883,0x1063,0x0883,0x0863,0x1083,0x0864,0x0883,0x0864,0x1083,0x0864,0x1083,0x0864,0x0883,
  0x1063,0x1084,0x0863,0x1084,0x0863,0x0883,0x1083,0x0883,0x0883,0x1063,0x0884,0x0863,0x0884,0x1063,0x0884,0x1063,
  0x0884,0x0863,0x1083,0x1064,0x0883,0x1064,0x0883,0x0863,0x1083,0x0863,0x0883,0x1063,0x0884,0x0863,0x0884,0x1063,
  0x0884,0x1063,0x0884,0x0863,0x1083,0x1064,0x0883,0x1064,0x0883,0x0863,0x1083,0x0863,0x0883,0x1063,0x0884,0x0863,
  0x0884,0x1063,0x0884,0x1063,0x0884,0x0863,0x1083,0x1064,0x0883,0x1064,0x0883,0x0863,0x1083,0x0863,0x0883,0x1063,
  0x0884,0x0863,0x0884,0x1063,0x0884,0x1063,0x0884,0x0863,0x1083,0x1064,0x0883,0x1064,0x0883,0x0863,0x1083,0x0863,
  0x0883,0x1063,0x0884,0x0863,0x0884,0x1063,0x0884,0x1063,0x0884,0x0863,0x1083,0x1064,0x0883,0x1064,0x0883,0x0863,
  0x1083,0x0863,0x0883,0x1063,0x0884,0x0863,0x0884,0x1063,0x0884,0x1063,0x0884,0x0863,0x1083,0x1064,0x0883,0x1064,
  0x0883,0x0863,0x1083,0x0863,0x0883,0x1063,0x0884,0x0863,0x0884,0x1063,0x0884,0x1063,0x0884,0x0863,0x1083,0x1064,
  0x0883,0x1064,0x0883,0x0863,0x1083,0x0863,0x0883,0x1063,0x0884,0x0863,0x0884,0x1063,0x0884,0x1063,0x0884,0x0863,
  0x1083,0x1064,0x0883,0x1064,0x0883,0x0863,0x1083,0x0863,0x0883,0x1063,0x0884,0x0863,0x0884,0x1063,0x0884,0x1063,
  0x0884,0x0863,0x1083,0x1064,0x0883,0x1064,0x0883,0x0863,0x1083,0x0863,0x0883,0x1063,0x0884,0x0863,0x0884,0x1063,
  0x0884,0x1063,0x0884,0x0863,0x1083,0x1064,0x0883,0x1064,0x0883,0x0863,0x1083,0x0863,0x0883,0x1063,0x0884,0x0863,
  0x0884,0x1063,0x0884,0x1063,0x0884,0x0863,0x1083,0x1064,0x0883,0x1064,0x0883,0x0863,0x1083,0x0863,0x0883,0x1063,
  0x0884,0x0863,0x0884,0x1063,0x0884,0x1063,0x0884,0x0863,0x1083,0x1064,0x0883,0x1064,0x0883,0x0863,0x1083,0x0863,
  0x0883,0x1063,0x0884,0x0863,0x0884,0x1063,0x0884,0x1063,0x0884,0x1063,0x0883,0x0863,0x1083,0x0863,0x0883,0x1083,
  0x1084,0x0883,0x1084,0x1084,0x0884,0x0883,0x1084,0x0884,0x1084,0x08a4,0x0883,0x1085,0x0883,0x1084,0x0883,0x0884,
  0x1084,0x0884,0x1084,0x1083,0x08a4,0x0883,0x1084,0x0884,0x1084,0x0884,0x0884,0x08a4,0x1083,0x1084,0x0883,0x10a4,
  0x1083,0x10a3,0x08a3,0x1083,0x10a4,0x1083,0x10a4,0x0883,0x10a4,0x1083,0x10a4,0x08a4,0x1084,0x0883,0x1084,0x0884,
  0x0883,0x1084,0x0883,0x0884,0x1084,0x0883,0x0884,0x1083,0x0883,0x0884,0x1084,0x0883,0x0884,0x0883,0x1084,0x0883,
  0x1083,0x0884,0x1084,0x0883,0x1084,0x0884,0x1083,0x0884,0x1083,0x0884,0x0884,0x0883,0x1084,0x0883,0x0884,0x0883,
  0x1084,0x10a4,0x0884,0x1084,0x0883,0x10a4,0x1084,0x0883,0x1084,0x0884,0x1083,0x0884,0x10a4,0x1084,0x0884,0x0884,
  0x08a4,0x1084,0x1084,0x0884,0x1084,0x08a4,0x1084,0x1084,0x0884,0x0884,0x1084,0x0884,0x08a4,0x1085,0x0883,0x1084,
  0x10a4,0x0884,0x1083,0x0884,0x0884,0x1084,0x0884,0x10a4,0x1084,0x0883,0x1084,0x0884,0x1083,0x0884,0x1083,0x0884,
  0x0884,0x0883,0x1084,0x0883,0x0884,0x0883,0x1083,0x0884,0x1084,0x0883,0x1084,0x0883,0x1083,0x0884,0x1083,0x0883,
  0x1084,0x0883,0x0884,0x0884,0x1083,0x0884,0x0883,0x0884,0x1083,0x0884,0x1083,0x0884,0x1083,0x0884,0x1084,0x0883,
  0x0884,0x1083,0x1084,0x0884,0x1083,0x0884,0x0884,0x1083,0x1084,0x0883,0x0884,0x0884,0x10a3,0x08a4,0x0883,0x1064,
  0x1084,0x1084,0x0864,0x0883,0x1084,0x0864,0x1084,0x1083,0x0864,0x0884,0x1084,0x0864,0x1083,0x0884,0x1064,0x0884,
  0x0883,0x1064,0x0884,0x0864,0x0884,0x1083,0x1064,0x0884,0x0864,0x1083,0x0884,0x0883,0x1084,0x1083,0x0883,0x1084,
  0x0883,0x1084,0x0883,0x1084,0x0883,0x0883,0x1083,0x0883,0x1083,0x0883,0x0883,0x0883,0x1083,0x0884,0x0883,0x0883,
  0x1083,0x0883,0x1084,0x0883,0x1084,0x0883,0x1084,0x0883,0x1083,0x0883,0x1083,0x0883,0x0883,0x0883,0x1083,0x0884,
  0x0883,0x0883,0x1083,0x0883,0x1083,0x0863,0x1083,0x0884,0x1083,0x0883,0x1083,0x0883,0x1083,0x0883,0x0883,0x0883,
  0x1083,0x0884,0x0883,0x0883,0x1083,0x0883,0x1084,0x0883,0x1084,0x0883,0x1084,0x0883,0x1083,0x0883,0x1083,0x0883,
  0x0883,0x0883,0x1083,0x0884,0x0883,0x0883,0x1083,0x0883,0x1084,0x0883,0x1084,0x0883,0x1084,0x0883,0x1083,0x0883,
  0x1083,0x0883,0x0883,0x0883,0x1083,0x0884,0x0883,0x0883,0x1083,0x0883,0x1084,0x0883,0x1084,0x0883,0x1084,0x0883,
  0x1083,0x0883,0x1083,0x0883,0x0883,0x0883,0x1083,0x0884,0x0883,0x0883,0x1083,0x0883,0x1084,0x0883,0x1084,0x0883,
  0x1084,0x0883,0x1083,0x0883,0x1083,0x0883,0x0883,0x0883,0x1083,0x0884,0x0883,0x0883,0x1083,0x0883,0x1084,0x0883,
  0x1084,0x0883,0x1084,0x0883,0x1083,0x0883,0x1083,0x0883,0x0883,0x0883,0x1083,0x0884,0x0883,0x0883,0x1083,0x0883,
  0x1084,0x0883,0x1084,0x0883,0x1084,0x0883,0x1083,0x0883,0x1083,0x0883,0x0883,0x0883,0x1083,0x0884,0x0883,0x0883,
  0x1083,0x0883,0x1084,0x0883,0x1084,0x0883,0x1084,0x0883,0x1083,0x0883,0x1083,0x0883,0x0883,0x0883,0x1083,0x0884,
  0x0883,0x0883,0x1083,0x0883,0x1084,0x0883,0x1084,0x0883,0x1084,0x0883,0x1083,0x0883,0x1083,0x0883,0x0883,0x0883,
  0x1083,0x0884,0x0883,0x0883,0x1083,0x0883,0x1084,0x0883,0x1084,0x0883,0x1084,0x0883,0x1083,0x0883,0x1083,0x0883,
  0x0883,0x0883,0x1083,0x0884,0x0883,0x0883,0x1083,0x0883,0x1084,0x0883,0x1084,0x0883,0x1084,0x0883,0x1083,0x0883,
  0x1083,0x0883,0x0883,0x0883,0x1083,0x0884,0x0883,0x0883,0x1083,0x0883,0x1084,0x0883,0x1084,0x0883,0x1084,0x0883,
  0x1083,0x0883,0x1083,0x0883,0x0883,0x0883,0x1083,0x0884,0x0883,0x0883,0x1083,0x0883,0x1084,0x0883,0x1084,0x0883,
  0x1084,0x0883,0x1083,0x0883,0x1083,0x0883,0x0883,0x0883,0x1083,0x0884,0x1083,0x0884,0x0883,0x1084,0x0883,0x0864,
  0x1084,0x1083,0x0884,0x1083,0x1084,0x0883,0x1084,0x1083,0x1083,0x1084,0x0883,0x1084,0x1083,0x1084,0x1083,0x1084,
  0x1083,0x0883,0x0884,0x1083,0x1084,0x0883,0x1084,0x0883,0x1083,0x10a3,0x1083,0x1084,0x0883,0x1084,0x0884,0x08a4,
  0x1084,0x08a4,0x1084,0x08a4,0x0884,0x10a4,0x08a4,0x1084,0x08a4,0x0884,0x08a4,0x1083,0x08a4,0x1083,0x0884,0x0884,
  0x1083,0x0884,0x1084,0x0883,0x0884,0x1084,0x0884,0x10a4,0x0884,0x1084,0x0884,0x0883,0x1084,0x1084,0x0884,0x0884,
  0x0884,0x1084,0x08a4,0x1083,0x0884,0x0884,0x0884,0x1084,0x0883,0x1084,0x0884,0x1083,0x0884,0x1084,0x1083,0x0884,
  0x1084,0x1084,0x0883,0x1084,0x1084,0x0884,0x1084,0x0884,0x1084,0x1084,0x0884,0x10a4,0x0883,0x10a4,0x1084,0x10a4,
  0x1084,0x0883,0x10a4,0x0883,0x1084,0x10a4,0x0884,0x08a3,0x1084,0x1083,0x08a4,0x10a4,0x10a3,0x10a4,0x0884,0x10a4,
  0x1083,0x08a4,0x10a4,0x10a4,0x08a4,0x1084,0x10a4,0x0883,0x10a4,0x0884,0x08a4,0x1084,0x0884,0x0884,0x1084,0x0883,
  0x1084,0x0884,0x1084,0x0884,0x1084,0x0884,0x0884,0x0884,0x0884,0x1083,0x0884,0x0884,0x0884,0x1084,0x0884,0x1084,
  0x0884,0x0884,0x1084,0x0884,0x1083,0x0884,0x1084,0x0884,0x0884,0x1084,0x0884,0x0884,0x0884,0x1083,0x0884,0x0884,
  0x10a3,0x0884,0x0883,0x0884,0x1084,0x0883,0x10a4,0x0883,0x0884,0x1084,0x1083,0x0884,0x10a4,0x0883,0x1084,0x1083,
  0x0883,0x1083,0x1084,0x0883,0x1084,0x1083,0x0883,0x1084,0x1083,0x1084,0x1083,0x0883,0x1084,0x0883,0x0884,0x1083,
  0x1084,0x0883,0x1084,0x1083,0x0883,0x1084,0x0883,0x1084,0x0883,0x1084,0x1083,0x0884,0x1083,0x0884,0x1083,0x1084,
  0x0883,0x0884,0x1083,0x0883,0x1064,0x0883,0x1084,0x0864,0x0883,0x1084,0x1063,0x0884,0x0883,0x1063,0x1084,0x0883,
  0x0864,0x1083,0x0883,0x0883,0x0863,0x1083,0x0883,0x0863,0x0883,0x1083,0x0863,0x1083,0x0884,0x1063,0x0883,0x1083,
  0x0863,0x1083,0x0884,0x0863,0x0883,0x1083,0x0863,0x0883,0x1063,0x0884,0x0883,0x1064,0x0883,0x1084,0x0883,0x1064,
  0x0883,0x1083,0x0883,0x1064,0x0883,0x0883,0x0883,0x1063,0x0883,0x0883,0x1083,0x0863,0x0884,0x1083,0x0884,0x1063,
  0x0884,0x1083,0x0883,0x1063,0x0883,0x1084,0x0883,0x0863,0x0883,0x1083,0x0883,0x0863,0x1083,0x0883,0x0884,0x1063,
  0x0884,0x1083,0x0884,0x1063,0x0883,0x1083,0x0883,0x1064,0x0883,0x0883,0x0883,0x1063,0x0883,0x0883,0x1083,0x0863,
  0x0884,0x1083,0x0884,0x1063,0x0884,0x1083,0x0883,0x1063,0x0883,0x1084,0x0883,0x0863,0x0883,0x1083,0x0883,0x0863,
  0x1083,0x0883,0x0884,0x1063,0x0884,0x1083,0x0884,0x1063,0x0883,0x1083,0x0883,0x1064,0x0883,0x0883,0x0883,0x1063,
  0x0883,0x0883,0x1083,0x0863,0x0884,0x1083,0x0884,0x1063,0x0884,0x1083,0x0883,0x1063,0x0883,0x1084,0x0883,0x0863,
  0x0883,0x1083,0x0883,0x0863,0x1083,0x0883,0x0884,0x1063,0x0884,0x1083,0x0884,0x1063,0x0883,0x1083,0x0883,0x1064,
  0x0883,0x0883,0x0883,0x1063,0x0883,0x0883,0x1083,0x0863,0x0884,0x1083,0x0884,0x1063,0x0884,0x1083,0x0883,0x1063,
  0x0883,0x1084,0x0883,0x0863,0x0883,0x1083,0x0883,0x0863,0x1083,0x0883,0x0884,0x1063,0x0884,0x1083,0x0884,0x1063,
  0x0883,0x1083,0x0883,0x1064,0x0883,0x0883,0x0883,0x1063,0x0883,0x0883,0x1083,0x0863,0x0884,0x1083,0x0884,0x1063,
  0x0884,0x1083,0x0883,0x1063,0x0883,0x1084,0x0883,0x0863,0x0883,0x1083,0x0883,0x0863,0x1083,0x0883,0x0884,0x1063,
  0x0884,0x1083,0x0884,0x1063,0x0883,0x1083,0x0883,0x1064,0x0883,0x0883,0x0883,0x1063,0x0883,0x0883,0x1083,0x0863,
  0x0884,0x1083,0x0884,0x1063,0x0884,0x1083,0x0883,0x1063,0x0883,0x1084,0x0883,0x0863,0x0883,0x1083,0x0883,0x0863,
  0x1083,0x0883,0x0884,0x1063,0x0884,0x1083,0x0884,0x1063,0x0883,0x0883,0x0883,0x1063,0x0883,0x0883,0x1083,0x0883,
  0x0883,0x1084,0x0884,0x1083,0x1084,0x0883,0x1084,0x0883,0x0884,0x1083,0x1084,0x1084,0x0883,0x1084,0x0883,0x1084,
  0x0884,0x10a4,0x1083,0x0884,0x10a4,0x1083,0x1084,0x1084,0x0884,0x1084,0x0884,0x1084,0x1083,0x1084,0x0884,0x10a3,
  0x0884,0x08a3,0x1084,0x08a3,0x1083,0x0884,0x08a3,0x1084,0x08a3,0x1084,0x08a3,0x1084,0x08a4,0x1084,0x0884,0x0884,
  0x0884,0x1083,0x0884,0x1084,0x08a4,0x0884,0x1083,0x0884,0x1083,0x0884,0x0884,0x1084,0x0884,0x1084,0x0884,0x1084,
  0x1083,0x0884,0x1084,0x1084,0x0884,0x1084,0x1084,0x0884,0x1084,0x0884,0x08a4,0x1084,0x0884,0x1084,0x0884,0x10a4,
  0x0884,0x1084,0x10a4,0x0884,0x10a4,0x1083,0x08a4,0x08a4,0x10a4,0x08a4,0x1083,0x08a4,0x10a4,0x1084,0x0884,0x10a4,
  0x08a4,0x0884,0x10a4,0x1084,0x08a4,0x08a4,0x1083,0x08a5,0x1084,0x10a4,0x0884,0x0884,0x1084,0x08a4,0x1084,0x08a4,
  0x0884,0x10a4,0x0884,0x10a4,0x1084,0x0883,0x10a4,0x1084,0x08a4,0x1084,0x10a4,0x0884,0x1084,0x0883,0x10a4,0x1084,
  0x0884,0x10a4,0x0883,0x1084,0x10a4,0x0884,0x1084,0x1083,0x0884,0x10a4,0x1084,0x0884,0x10a4,0x0884,0x1084,0x10a4,
  0x0884,0x0883,0x1084,0x0883,0x10a4,0x0884,0x0884,0x1083,0x0884,0x10a4,0x0883,0x1084,0x0884,0x0884,0x08a4,0x1083,
  0x0884,0x0884,0x1083,0x0884,0x1084,0x0883,0x0884,0x0884,0x1083,0x0884,0x10a4,0x0883,0x10a4,0x0883,0x1084,0x1084,
  0x1084,0x0884,0x10a4,0x0884,0x1084,0x1084,0x0884,0x10a4,0x0884,0x1084,0x1084,0x0884,0x1083,0x1084,0x0864,0x1083,
  0x0884,0x0883,0x1084,0x0883,0x0884,0x1084,0x0883,0x0884,0x1083,0x0884,0x1083,0x1084,0x0884,0x1083,0x0884,0x1083,
  0x1084,0x0884,0x0883,0x1084,0x0884,0x1083,0x0884,0x0883,0x1083,0x0884,0x0883,0x1084,0x0884,0x0883,0x1084,0x1083,
  0x1083,0x0884,0x0883,0x1084,0x1083,0x0884,0x1083,0x0883,0x1083,0x0883,0x1084,0x0883,0x0883,0x0883,0x1083,0x0883,
  0x1083,0x0863,0x0883,0x1083,0x0863,0x0883,0x1083,0x0884,0x0883,0x1083,0x0883,0x0883,0x0883,0x1063,0x0883,0x0883,
  0x1084,0x0883,0x0883,0x1083,0x0884,0x1063,0x0884,0x0883,0x1084,0x0883,0x0884,0x1083,0x0883,0x0863,0x0883,0x1083,
  0x0883,0x0884,0x1083,0x0884,0x0883,0x1063,0x0884,0x1083,0x0884,0x0883,0x1084,0x0883,0x0884,0x1063,0x0883,0x0883,
  0x0883,0x1083,0x0883,0x0884,0x1083,0x0864,0x0883,0x1083,0x0884,0x1083,0x0884,0x0883,0x1084,0x0863,0x0884,0x1083,
  0x0883,0x0883,0x0883,0x1083,0x0883,0x0864,0x1083,0x0884,0x0883,0x1083,0x0884,0x1083,0x0884,0x0863,0x1084,0x0883,
  0x0884,0x1083,0x0883,0x0883,0x0883,0x1063,0x0883,0x0884,0x1083,0x0884,0x0883,0x1083,0x0884,0x1063,0x0884,0x0883,
  0x1084,0x0883,0x0884,0x1083,0x0883,0x0863,0x0883,0x1083,0x0883,0x0884,0x1083,0x0884,0x0883,0x1063,0x0884,0x1083,
  0x0884,0x0883,0x1084,0x0883,0x0884,0x1063,0x0883,0x0883,0x0883,0x1083,0x0883,0x0884,0x1083,0x0864,0x0883,0x1083,
  0x0884,0x1083,0x0884,0x0883,0x1084,0x0863,0x0884,0x1083,0x0883,0x0883,0x0883,0x1083,0x0883,0x0864,0x1083,0x0884,
  0x0883,0x1083,0x0884,0x1083,0x0884,0x0863,0x1084,0x0883,0x0884,0x1083,0x0883,0x0883,0x0883,0x1063,0x0883,0x0884,
  0x1083,0x0884,0x0883,0x1083,0x0884,0x1063,0x0884,0x0883,0x1084,0x0883,0x0884,0x1083,0x0883,0x0863,0x0883,0x1083,
  0x0883,0x0884,0x1083,0x0884,0x0883,0x1063,0x0884,0x1083,0x0884,0x0883,0x1084,0x0883,0x0884,0x1063,0x0883,0x0883,
  0x0883,0x1083,0x0883,0x0884,0x1083,0x0864,0x0883,0x1083,0x0884,0x1083,0x0884,0x0883,0x1084,0x0863,0x0884,0x1083,
  0x0883,0x0883,0x0883,0x1083,0x0883,0x0864,0x1083,0x0884,0x0883,0x1083,0x0884,0x1083,0x0884,0x0863,0x1084,0x0883,
  0x0884,0x1083,0x0883,0x0883,0x0883,0x0863,0x1083,0x0884,0x0883,0x1084,0x0883,0x1084,0x0883,0x1064,0x0883,0x1084,
  0x0883,0x1084,0x1083,0x0884,0x0883,0x1084,0x1084,0x1083,0x1084,0x1084,0x0883,0x1083,0x0884,0x1083,0x0884,0x0883,
  0x1084,0x0883,0x1084,0x0884,0x1083,0x1084,0x0884,0x10a3,0x0884,0x1083,0x0884,0x1084,0x0883,0x1084,0x0884,0x0883,
  0x1084,0x1084,0x08a4,0x1084,0x08a4,0x1084,0x1084,0x0884,0x10a4,0x0884,0x1084,0x0883,0x0884,0x0883,0x1084,0x0883,
  0x08a4,0x1084,0x0884,0x0884,0x1084,0x0884,0x0883,0x0885,0x0883,0x0884,0x1083,0x10a4,0x0884,0x1084,0x10a4,0x0883,
  0x10a4,0x0884,0x0884,0x1084,0x10a4,0x0883,0x08a4,0x1084,0x0883,0x10a4,0x1083,0x0884,0x1084,0x08a4,0x1084,0x10a4,
  0x10a4,0x08a4,0x0884,0x10a4,0x0884,0x10a4,0x08a4,0x10a4,0x10a4,0x08a4,0x10a4,0x1084,0x10a5,0x08a4,0x10a4,0x0883,
  0x1084,0x0884,0x08a4,0x1084,0x0884,0x10a4,0x0884,0x10a4,0x0884,0x1084,0x10a4,0x10a4,0x1083,0x08a4,0x10a4,0x10a4,
  0x10a4,0x10a4,0x10a4,0x08a4,0x10a4,0x10a4,0x10a4,0x10a4,0x08a4,0x10a4,0x08a4,0x10a4,0x10a4,0x0884,0x1084,0x0884,
  0x08a4,0x1083,0x1085,0x0883,0x1084,0x0884,0x10a4,0x1084,0x0884,0x10a4,0x0884,0x0884,0x1083,0x1084,0x0884,0x0883,
  0x1084,0x0884,0x08a4,0x0883,0x1084,0x1084,0x1084,0x0884,0x1084,0x0883,0x1084,0x0884,0x10a4,0x1083,0x0884,0x0884,
  0x1083,0x08a4,0x1084,0x1084,0x0883,0x1084,0x10a4,0x1084,0x0884,0x1084,0x0883,0x1084,0x08a4,0x1084,0x1084,0x0884,
  0x1083,0x0884,0x1083,0x0883,0x1084,0x0883,0x0884,0x1083,0x0884,0x0883,0x1084,0x1083,0x0884,0x0883,0x0884,0x1083,
  0x1064,0x0883,0x1064,0x1084,0x1063,0x0884,0x1083,0x0864,0x0883,0x1084,0x0884,0x1083,0x0883,0x1084,0x1064,0x0883,
  0x1083,0x0884,0x1083,0x0863,0x1083,0x0883,0x0863,0x1084,0x0883,0x1063,0x0884,0x1083,0x0863,0x1083,0x0883,0x0884,
  0x1083,0x0883,0x1063,0x1083,0x0883,0x0883,0x0864,0x1083,0x0883,0x0883,0x0883,0x1083,0x0883,0x0883,0x0883,0x1083,
  0x0883,0x0883,0x1083,0x0863,0x1083,0x0883,0x0883,0x1083,0x0884,0x0863,0x1084,0x0883,0x1084,0x0883,0x1084,0x0883,
  0x0883,0x1064,0x0883,0x0883,0x1083,0x0883,0x1083,0x0884,0x0883,0x1063,0x0883,0x0884,0x1083,0x0884,0x1083,0x0884,
  0x1083,0x0863,0x0883,0x1083,0x0884,0x0883,0x1083,0x0883,0x1083,0x0863,0x0883,0x1084,0x0883,0x0883,0x1084,0x0883,
  0x1084,0x0863,0x1084,0x0883,0x0883,0x1083,0x0884,0x0883,0x1083,0x0863,0x1083,0x0883,0x0883,0x1084,0x0883,0x0883,
  0x1084,0x0863,0x1084,0x0883,0x1084,0x0883,0x0883,0x1083,0x0884,0x0863,0x1083,0x0883,0x1083,0x0883,0x0883,0x1084,
  0x0883,0x0863,0x1084,0x0883,0x1084,0x0883,0x1084,0x0883,0x0883,0x1063,0x0884,0x0883,0x1083,0x0883,0x1083,0x0883,
  0x0883,0x1064,0x0883,0x0883,0x1084,0x0883,0x1084,0x0883,0x1084,0x0863,0x0883,0x1083,0x0884,0x0883,0x1083,0x0883,
  0x1083,0x0863,0x0883,0x1084,0x0883,0x0883,0x1084,0x0883,0x1084,0x0863,0x1084,0x0883,0x0883,0x1083,0x0884,0x0883,
  0x1083,0x0863,0x1083,0x0883,0x0883,0x1084,0x0883,0x0883,0x1084,0x0863,0x1084,0x0883,0x1084,0x0883,0x0883,0x1083,
  0x0884,0x0863,0x1083,0x0883,0x1083,0x0883,0x0883,0x1084,0x0883,0x0863,0x1084,0x0883,0x1084,0x0883,0x1084,0x0883,
  0x0883,0x1063,0x0884,0x0883,0x1083,0x0883,0x1083,0x0883,0x0883,0x1064,0x0883,0x0883,0x1084,0x0883,0x1084,0x0883,
  0x1084,0x0863,0x0883,0x1083,0x0884,0x0883,0x1083,0x0883,0x1083,0x0863,0x0883,0x1084,0x0883,0x0883,0x1084,0x0883,
  0x1084,0x0863,0x1084,0x0883,0x0883,0x1083,0x0884,0x0883,0x1083,0x0863,0x1083,0x0883,0x0883,0x1084,0x0883,0x0883,
  0x1084,0x0863,0x1084,0x0883,0x1084,0x0883,0x0883,0x1083,0x0884,0x0863,0x1083,0x0883,0x1083,0x0883,0x0883,0x1084,
  0x0883,0x0863,0x1084,0x0883,0x1084,0x0883,0x0884,0x1083,0x0883,0x1063,0x0883,0x0883,0x1084,0x0883,0x0883,0x0883,
  0x1084,0x0883,0x0883,0x1084,0x0883,0x0884,0x0883,0x1084,0x0883,0x0883,0x1084,0x0883,0x0884,0x0883,0x1084,0x0883,
  0x1084,0x1084,0x0883,0x1084,0x0883,0x1084,0x1084,0x0883,0x1084,0x0884,0x0883,0x1084,0x0883,0x1084,0x0883,0x10a4,
  0x0884,0x0883,0x1084,0x0884,0x1083,0x0884,0x1083,0x0884,0x1083,0x0884,0x1083,0x0884,0x1084,0x0884,0x0884,0x1084,
  0x0884,0x0883,0x0884,0x1083,0x0884,0x0884,0x1083,0x08a4,0x1084,0x0884,0x0884,0x0884,0x0884,0x0883,0x1084,0x0884,
  0x0884,0x0884,0x1083,0x0884,0x0884,0x1084,0x0884,0x0884,0x1084,0x0884,0x0884,0x1084,0x0884,0x0883,0x10a4,0x0884,
  0x10a4,0x0884,0x10a4,0x10a4,0x0884,0x10a4,0x10a4,0x0884,0x10a4,0x1084,0x10a4,0x08a4,0x1083,0x08a4,0x1084,0x1084,
  0x0884,0x1084,0x10a4,0x0883,0x1084,0x08a4,0x1084,0x10a4,0x0884,0x0883,0x0884,0x0884,0x1084,0x08a4,0x10a4,0x08a4,
  0x10a4,0x0884,0x10a4,0x1084,0x08a4,0x10a4,0x0884,0x10a4,0x0884,0x10a4,0x0884,0x1084,0x0883,0x10a4,0x1084,0x1084,
  0x0884,0x1084,0x1084,0x10a4,0x0884,0x1083,0x0884,0x1084,0x1084,0x0883,0x1084,0x1084,0x10a4,0x1084,0x1084,0x10a4,
  0x0884,0x0884,0x1084,0x0884,0x0883,0x0884,0x1083,0x0884,0x10a4,0x0883,0x1084,0x0883,0x1084,0x0884,0x0883,0x0884,
  0x0884,0x1084,0x0884,0x1083,0x08a4,0x1084,0x0884,0x0883,0x1084,0x1084,0x08a4,0x1084,0x1084,0x0884,0x0883,0x0883,
  0x1084,0x1083,0x0884,0x1084,0x1083,0x1084,0x0883,0x1084,0x1083,0x0884,0x0883,0x1084,0x1084,0x0883,0x1084,0x0883,
  0x1084,0x0883,0x1084,0x0883,0x1084,0x0883,0x0884,0x1083,0x0884,0x0883,0x1083,0x0884,0x0884,0x0883,0x0884,0x0883,
  0x1084,0x0883,0x0883,0x1084,0x0883,0x1084,0x0883,0x0883,0x1083,0x0884,0x0883,0x1083,0x0883,0x0884,0x1083,0x0863,
  0x0884,0x1083,0x0884,0x0883,0x1084,0x0883,0x1083,0x0884,0x0883,0x1083,0x0883,0x0883,0x1083,0x0883,0x1083,0x0883,
  0x0883,0x1083,0x0883,0x0883,0x1083,0x1083,0x0884,0x1063,0x0883,0x1083,0x0883,0x1084,0x0883,0x0883,0x0883,0x1064,
  0x0883,0x1083,0x0884,0x1083,0x0864,0x0883,0x1084,0x0883,0x1083,0x0884,0x1083,0x0863,0x1083,0x0883,0x0883,0x1063,
  0x0884,0x1083,0x0884,0x0883,0x1063,0x0883,0x0884,0x1083,0x0884,0x1083,0x0884,0x1063,0x0883,0x1083,0x0883,0x1064,
  0x0883,0x0883,0x0883,0x1083,0x0864,0x1083,0x0883,0x1083,0x0884,0x0883,0x1084,0x0863,0x1084,0x0883,0x1083,0x0863,
  0x1083,0x0884,0x0883,0x1083,0x0863,0x1083,0x0884,0x0883,0x1083,0x0883,0x0884,0x1063,0x0884,0x1083,0x0884,0x1063,
  0x0883,0x1083,0x0883,0x1084,0x0863,0x0883,0x0883,0x1083,0x0884,0x1083,0x0883,0x1063,0x0884,0x0883,0x1084,0x0863,
  0x1084,0x0883,0x1083,0x0883,0x1063,0x0884,0x0883,0x1083,0x0883,0x1083,0x0884,0x0863,0x1083,0x0883,0x0884,0x1063,
  0x0884,0x1083,0x0884,0x1083,0x0863,0x1083,0x0883,0x1084,0x0883,0x0883,0x0883,0x1063,0x0884,0x1083,0x0883,0x1063,
  0x0884,0x0883,0x1084,0x0883,0x1064,0x0883,0x1083,0x0883,0x1083,0x0884,0x0883,0x1063,0x0883,0x1083,0x0884,0x0863,
  0x1083,0x0883,0x0884,0x1083,0x0864,0x1083,0x0884,0x1083,0x0883,0x1083,0x0883,0x1064,0x0883,0x0883,0x0883,0x1063,
  0x0884,0x1083,0x0883,0x1083,0x0864,0x0883,0x1084,0x0883,0x1084,0x0883,0x1083,0x0863,0x1083,0x0884,0x0883,0x1063,
  0x0883,0x1083,0x0884,0x0883,0x1063,0x0883,0x0884,0x1083,0x0884,0x1083,0x0884,0x1063,0x0883,0x1083,0x0883,0x1064,
  0x0883,0x0883,0x0883,0x1083,0x0864,0x1083,0x0883,0x1083,0x0884,0x0883,0x1084,0x0863,0x1084,0x0883,0x1083,0x0863,
  0x1083,0x0884,0x0883,0x1083,0x0863,0x1083,0x0884,0x0883,0x1083,0x0883,0x0884,0x1063,0x0884,0x1083,0x0884,0x1063,
  0x0883,0x1083,0x0883,0x1084,0x0863,0x1083,0x0883,0x1083,0x0884,0x0883,0x1084,0x0863,0x0883,0x1083,0x0884,0x1083,
  0x0883,0x1084,0x0884,0x0884,0x1083,0x1084,0x0884,0x0883,0x1084,0x1084,0x1084,0x0883,0x1084,0x1084,0x1084,0x1084,
  0x0884,0x1083,0x0884,0x0884,0x0883,0x10a4,0x0884,0x0883,0x0884,0x1083,0x1084,0x1084,0x0883,0x1084,0x08a4,0x0884,
  0x0884,0x0884,0x10a4,0x0883,0x1084,0x08a4,0x0884,0x08a4,0x1084,0x1084,0x10a4,0x0884,0x1084,0x0883,0x08a4,0x0883,
  0x1084,0x0884,0x08a4,0x0884,0x0884,0x10a4,0x0884,0x1084,0x0884,0x08a4,0x1083,0x0884,0x1084,0x08a4,0x0884,0x0884,
  0x1084,0x0883,0x08c4,0x1084,0x0884,0x08a4,0x08a4,0x08a4,0x08a4,0x1083,0x08a4,0x08a4,0x1084,0x10a4,0x0884,0x0884,
  0x0884,0x10a4,0x0883,0x0884,0x1084,0x0884,0x1084,0x1084,0x0884,0x0884,0x0884,0x1084,0x08a4,0x0884,0x08a4,0x08a4,
  0x1084,0x1084,0x08a4,0x10a4,0x1084,0x10a4,0x08a4,0x0883,0x10a4,0x10a4,0x10a4,0x10a4,0x10a4,0x10a4,0x1084,0x1084,
  0x1084,0x0884,0x0884,0x0884,0x1084,0x1084,0x0884,0x1084,0x08a4,0x1083,0x1084,0x08a4,0x1084,0x08a4,0x0883,0x10a4,
  0x0884,0x1083,0x08a4,0x1084,0x0884,0x10a4,0x1084,0x08a4,0x0884,0x1083,0x08a4,0x0884,0x0884,0x0883,0x0884,0x0884,
  0x1083,0x10a4,0x0883,0x0884,0x1084,0x10a4,0x0884,0x1084,0x0883,0x1084,0x0884,0x10a4,0x0883,0x1084,0x1084,0x1084,
  0x1084,0x0883,0x10a4,0x0884,0x0883,0x0884,0x0883,0x1084,0x08a4,0x1083,0x0884,0x0883,0x0883,0x0884,0x1083,0x08a4,
  0x0884,0x1084,0x1084,0x0883,0x0884,0x1084,0x0884,0x1084,0x0884,0x0884,0x1084,0x0883,0x0884,0x1084,0x0883,0x1084,
  0x0883,0x1084,0x1084,0x1084,0x0883,0x0884,0x1084,0x0883,0x1083,0x0885,0x0883,0x1084,0x0883,0x1084,0x0883,0x1084,
  0x0883,0x1084,0x1064,0x0883,0x0864,0x1084,0x1064,0x1084,0x0884,0x0864,0x1083,0x0884,0x1064,0x0883,0x0884,0x1084,
  0x0883,0x1064,0x0883,0x1084,0x0883,0x0863,0x0884,0x1083,0x0863,0x0883,0x1063,0x0883,0x0863,0x1083,0x0863,0x0883,
  0x1084,0x0883,0x0883,0x1083,0x0883,0x0863,0x0883,0x0883,0x1084,0x0883,0x0884,0x0863,0x1083,0x0884,0x1083,0x0883,
  0x0884,0x0883,0x1083,0x0883,0x0884,0x1083,0x0883,0x0863,0x0884,0x1083,0x0883,0x0884,0x0883,0x1084,0x0883,0x0884,
  0x0883,0x0883,0x1083,0x0884,0x1083,0x0884,0x1083,0x0863,0x0884,0x0883,0x1083,0x0883,0x0884,0x1083,0x0884,0x0883,
  0x1083,0x0884,0x1083,0x0884,0x0883,0x0883,0x1084,0x0863,0x0883,0x1084,0x0883,0x0883,0x0883,0x1084,0x0883,0x0884,
  0x0883,0x1083,0x0884,0x0883,0x0884,0x0883,0x1083,0x0864,0x1083,0x0884,0x1083,0x0883,0x0883,0x0884,0x1083,0x0883,
  0x0884,0x1083,0x0884,0x0883,0x1083,0x0884,0x1083,0x0864,0x0883,0x0883,0x1084,0x0883,0x0883,0x1084,0x0883,0x0883,
  0x0883,0x1084,0x0883,0x0884,0x0883,0x1083,0x0884,0x0863,0x0884,0x0883,0x1083,0x0884,0x1083,0x0884,0x1083,0x0883,
  0x0883,0x0884,0x1083,0x0883,0x0884,0x1083,0x0884,0x0863,0x1083,0x0884,0x1083,0x0884,0x0883,0x0883,0x1084,0x0883,
  0x0883,0x1084,0x0883,0x0883,0x0883,0x1084,0x0883,0x0864,0x0883,0x1083,0x0884,0x0883,0x0884,0x0883,0x1083,0x0884,
  0x1083,0x0884,0x1083,0x0883,0x0883,0x0884,0x1083,0x0863,0x0884,0x1083,0x0884,0x0883,0x1083,0x0884,0x1083,0x0884,
  0x0883,0x0883,0x1084,0x0883,0x0883,0x1084,0x0883,0x0863,0x0883,0x1084,0x0883,0x0884,0x0883,0x1083,0x0884,0x0883,
  0x0884,0x0883,0x1083,0x0884,0x1083,0x0884,0x1083,0x0863,0x0883,0x0884,0x1083,0x0883,0x0884,0x1083,0x0884,0x0883,
  0x1083,0x0884,0x1083,0x0884,0x0883,0x0883,0x1084,0x0863,0x0883,0x1084,0x0883,0x0883,0x0883,0x1084,0x0883,0x0884,
  0x0883,0x1083,0x0884,0x0883,0x0884,0x0883,0x1083,0x0864,0x1083,0x0884,0x1083,0x0883,0x0883,0x0884,0x1083,0x0883,
  0x0884,0x1083,0x0884,0x0883,0x1083,0x0884,0x0883,0x0864,0x1083,0x0883,0x0883,0x1084,0x0883,0x1084,0x0863,0x0883,
  0x1084,0x0883,0x1083,0x10a4,0x0883,0x1083,0x1083,0x10a4,0x1083,0x1084,0x0884,0x18a3,0x0884,0x10a3,0x1083,0x1083,
  0x10a4,0x1084,0x10a3,0x1084,0x10a4,0x1083,0x1084,0x1084,0x10a4,0x1084,0x08a3,0x1084,0x1084,0x10a4,0x0883,0x1084,
  0x0883,0x1084,0x0883,0x1084,0x0884,0x1083,0x0884,0x1083,0x0884,0x0884,0x0883,0x1084,0x08a4,0x1083,0x0884,0x1084,
  0x0883,0x1084,0x0884,0x10a4,0x1083,0x0884,0x10a4,0x1083,0x1084,0x0883,0x0884,0x1084,0x10a4,0x1084,0x1083,0x10a4,
  0x0883,0x1085,0x1083,0x08a4,0x1084,0x10a4,0x1083,0x1084,0x10a4,0x0884,0x1084,0x0884,0x10a4,0x0884,0x0884,0x10a3,
  0x10a4,0x0884,0x1084,0x1083,0x10a4,0x0884,0x1084,0x10a4,0x1084,0x0884,0x10a3,0x08a4,0x1084,0x0884,0x10a4,0x10a4,
  0x10a4,0x10a4,0x1084,0x1084,0x08a4,0x10a4,0x08a4,0x10a4,0x1084,0x10a4,0x10a4,0x0884,0x10a4,0x1084,0x0884,0x0883,
  0x1084,0x1083,0x10a4,0x10a4,0x0883,0x1084,0x0883,0x08a4,0x1084,0x0884,0x10a4,0x10a4,0x0884,0x10a4,0x10a4,0x0884,
  0x10a4,0x0884,0x10a4,0x1084,0x10a4,0x08a4,0x10a3,0x10a4,0x10a4,0x08a4,0x1084,0x1084,0x1083,0x10a4,0x1084,0x1084,
  0x1084,0x0884,0x1084,0x10a4,0x0884,0x1084,0x1084,0x08a4,0x1084,0x0884,0x1083,0x0885,0x1083,0x08a4,0x0883,0x0884,
  0x10a4,0x0883,0x1084,0x0884,0x1084,0x0884,0x10a4,0x0884,0x1084,0x1084,0x10a4,0x1084,0x10a4,0x0884,0x10a4,0x1083,
  0x1084,0x1083,0x10a4,0x1084,0x1083,0x10a3,0x0883,0x10a3,0x1083,0x10a3,0x1084,0x1084,0x1084,0x1083,0x1084,0x10a4,
  0x1084,0x1083,0x1084,0x0883,0x1084,0x1083,0x1083,0x1084,0x0883,0x1083,0x1084,0x0884,0x1084,0x1084,0x0884,0x0883,
  0x1084,0x0883,0x1084,0x1083,0x0883,0x1083,0x1083,0x0883,0x1083,0x0883,0x0883,0x1083,0x0883,0x1084,0x0883,0x1083,
  0x1083,0x0884,0x1083,0x1083,0x0884,0x1084,0x0883,0x1083,0x0883,0x1084,0x0883,0x1083,0x0883,0x0884,0x1083,0x0883,
  0x0863,0x1083,0x0863,0x0883,0x1083,0x0883,0x1084,0x0883,0x1083,0x0883,0x1083,0x0884,0x1083,0x0883,0x0864,0x1083,
  0x1083,0x0883,0x0864,0x1083,0x0883,0x0883,0x1084,0x1083,0x0883,0x0883,0x1084,0x1083,0x0883,0x1063,0x0884,0x1083,
  0x1083,0x0884,0x1063,0x0883,0x0883,0x1083,0x0884,0x1083,0x0883,0x1083,0x0884,0x1083,0x0883,0x0864,0x1083,0x0883,
  0x0883,0x1083,0x0864,0x1083,0x0883,0x1084,0x0883,0x1083,0x0884,0x0883,0x1083,0x1084,0x0883,0x0863,0x1083,0x1083,
  0x0884,0x1083,0x0863,0x1083,0x1083,0x0884,0x1083,0x0883,0x0883,0x1083,0x0884,0x1083,0x0884,0x1063,0x0883,0x1083,
  0x0883,0x0884,0x1063,0x0883,0x0883,0x1083,0x0884,0x1083,0x0883,0x1084,0x0883,0x1083,0x0884,0x0863,0x1083,0x1084,
  0x0883,0x0883,0x1063,0x1083,0x0884,0x1083,0x0883,0x1083,0x1083,0x0884,0x1083,0x0883,0x0883,0x1063,0x0884,0x1083,
  0x0884,0x1083,0x0863,0x1083,0x0883,0x0884,0x1083,0x0883,0x0883,0x1083,0x0884,0x1083,0x0883,0x1064,0x0883,0x1083,
  0x0884,0x0883,0x1063,0x1084,0x0883,0x0883,0x1083,0x1083,0x0884,0x1083,0x0883,0x1083,0x1083,0x0864,0x1083,0x0883,
  0x0883,0x1083,0x0864,0x1083,0x0884,0x1083,0x0883,0x1083,0x0883,0x0884,0x1083,0x0883,0x0883,0x1063,0x0884,0x1083,
  0x0883,0x1084,0x0863,0x1083,0x0884,0x0883,0x1083,0x1084,0x0883,0x0883,0x1083,0x1083,0x0884,0x1063,0x0883,0x1083,
  0x1083,0x0884,0x1063,0x0883,0x0883,0x1083,0x0884,0x1083,0x0884,0x1083,0x0883,0x1083,0x0883,0x0864,0x1083,0x0883,
  0x0883,0x1083,0x0864,0x1083,0x0883,0x1084,0x0883,0x1083,0x0884,0x0883,0x1083,0x1084,0x0883,0x0863,0x1083,0x1083,
  0x0884,0x1083,0x0863,0x1083,0x1083,0x0884,0x1083,0x0883,0x0883,0x1083,0x0884,0x1083,0x0884,0x1063,0x0883,0x1083,
  0x0883,0x0884,0x1063,0x0883,0x0883,0x1083,0x1084,0x0883,0x1083,0x0884,0x1083,0x0883,0x1083,0x0883,0x1084,0x0883,
  0x0883,0x0884,0x0884,0x0884,0x1084,0x0884,0x1084,0x0884,0x1084,0x0883,0x1083,0x0885,0x0883,0x1084,0x0884,0x1084,
  0x0884,0x0883,0x0884,0x0884,0x0883,0x1084,0x0883,0x0884,0x0884,0x0883,0x1084,0x1084,0x0883,0x1083,0x0885,0x0883,
  0x1084,0x1084,0x1084,0x0884,0x1084,0x0884,0x1084,0x0884,0x1084,0x1083,0x1084,0x0884,0x1084,0x1084,0x0884,0x0884,
  0x10a4,0x0884,0x0884,0x0884,0x0884,0x1084,0x0883,0x0884,0x0884,0x0884,0x1084,0x0884,0x0883,0x10a4,0x08a4,0x0884,
  0x10a4,0x1083,0x10a5,0x1083,0x10a4,0x0884,0x08a4,0x08a4,0x0883,0x08a4,0x1084,0x08a4,0x1083,0x10a4,0x1084,0x1084,
  0x1084,0x1084,0x1084,0x08a5,0x0883,0x1084,0x0884,0x0883,0x1084,0x08a4,0x1084,0x1084,0x0884,0x0883,0x0884,0x0884,
  0x10a4,0x08a4,0x10a4,0x1084,0x10a4,0x0884,0x1084,0x0884,0x10a4,0x0884,0x10a4,0x0884,0x08a4,0x0883,0x08a4,0x10a4,
  0x1084,0x1084,0x0884,0x1084,0x1084,0x08a4,0x1084,0x08a4,0x1084,0x1084,0x0884,0x1084,0x1084,0x1084,0x0883,0x1084,
  0x1083,0x10a4,0x0884,0x0884,0x0883,0x0884,0x0884,0x0884,0x0884,0x0883,0x0884,0x0884,0x0884,0x1084,0x1084,0x0884,
  0x0883,0x10a4,0x0883,0x0884,0x1084,0x0884,0x0883,0x1084,0x1084,0x0884,0x08a4,0x1083,0x1084,0x1084,0x1084,0x1084,
  0x1084,0x0884,0x1084,0x0883,0x1084,0x1083,0x1084,0x0883,0x0884,0x0883,0x0884,0x0883,0x0884,0x1084,0x0883,0x0884,
  0x0884,0x1084,0x0884,0x0883,0x0884,0x0884,0x0884,0x0884,0x0884,0x0884,0x0884,0x0883,0x0883,0x0884,0x0883,0x1084,
  0x1084,0x0883,0x0884,0x0884,0x1083,0x0884,0x0884,0x0864,0x1083,0x0885,0x0883,0x1083,0x0883,0x0883,0x1083,0x1084,
  0x0883,0x1084,0x0864,0x0884,0x1084,0x0884,0x0884,0x0864,0x0884,0x1083,0x0884,0x1083,0x0884,0x1083,0x0883,0x0884,
  0x1083,0x0883,0x0884,0x1083,0x0884,0x1083,0x0883,0x0884,0x1083,0x0883,0x1083,0x0883,0x1084,0x0882,0x0883,0x1083,
  0x0883,0x0883,0x1083,0x1063,0x0883,0x0863,0x1083,0x0883,0x0884,0x1063,0x0884,0x1083,0x0883,0x1084,0x0883,0x0883,
  0x0884,0x1083,0x0883,0x1084,0x0883,0x1064,0x0883,0x0883,0x1084,0x0863,0x0883,0x0884,0x1083,0x0884,0x0883,0x0883,
  0x1064,0x0883,0x0883,0x1084,0x0883,0x0864,0x1083,0x0883,0x0884,0x1063,0x0883,0x0884,0x1083,0x0883,0x1083,0x0884,
  0x1063,0x0884,0x0883,0x1083,0x0883,0x0863,0x1084,0x0883,0x1083,0x0863,0x0884,0x0883,0x1083,0x0884,0x0883,0x0884,
  0x1063,0x0883,0x0884,0x0883,0x1084,0x0863,0x0883,0x1084,0x0883,0x0864,0x1083,0x0883,0x0883,0x1083,0x0884,0x0883,
  0x1064,0x0883,0x1083,0x0884,0x1083,0x0864,0x0883,0x1083,0x0883,0x0863,0x1084,0x0883,0x1083,0x0883,0x0884,0x0883,
  0x1063,0x0884,0x0883,0x0884,0x1083,0x0863,0x0884,0x0883,0x1084,0x0863,0x0883,0x1084,0x0883,0x0884,0x1083,0x0883,
  0x0863,0x1083,0x0884,0x0883,0x1084,0x0863,0x1083,0x0884,0x1083,0x0864,0x0883,0x1083,0x0883,0x0883,0x1084,0x0883,
  0x1063,0x0883,0x0884,0x0883,0x1083,0x0864,0x0883,0x0884,0x1083,0x0863,0x0884,0x0883,0x1084,0x0883,0x0883,0x1084,
  0x0863,0x0884,0x1083,0x0883,0x0883,0x1063,0x0884,0x0883,0x1084,0x0863,0x1083,0x0884,0x1083,0x0884,0x0883,0x1083,
  0x0863,0x0883,0x1084,0x0883,0x1083,0x0863,0x0884,0x0883,0x1083,0x0864,0x0883,0x0884,0x1083,0x0883,0x0884,0x0883,
  0x1064,0x0883,0x0883,0x1084,0x0883,0x0864,0x1083,0x0883,0x0883,0x1063,0x0884,0x0883,0x1084,0x0883,0x1083,0x0884,
  0x1063,0x0884,0x0883,0x1083,0x0883,0x0863,0x1084,0x0883,0x1083,0x0863,0x0884,0x0883,0x1083,0x0884,0x0883,0x0884,
  0x1063,0x0883,0x0884,0x0883,0x1084,0x0863,0x0883,0x1084,0x0883,0x0864,0x1083,0x0883,0x0883,0x1083,0x0884,0x0883,
  0x1064,0x0883,0x1083,0x0884,0x1083,0x0864,0x0883,0x1083,0x0884,0x0863,0x1083,0x0884,0x0863,0x0884,0x1083,0x0883,
  0x1084,0x0883,0x1083,0x0883,0x0883,0x1084,0x0883,0x1083,0x0884,0x1084,0x0884,0x1083,0x0884,0x0884,0x1083,0x1084,
  0x1083,0x0884,0x1084,0x0883,0x1084,0x1084,0x0883,0x1084,0x0883,0x1084,0x1084,0x0883,0x0884,0x0884,0x0884,0x1084,
  0x0884,0x0884,0x08a4,0x1084,0x0883,0x10a4,0x0884,0x1084,0x0883,0x08a4,0x1084,0x0884,0x10a4,0x0883,0x10a4,0x0884,
  0x0884,0x1083,0x1084,0x1083,0x08a4,0x08a4,0x10a4,0x10a4,0x1084,0x08a4,0x1084,0x1084,0x10a4,0x0884,0x0884,0x1084,
  0x0883,0x08a5,0x10a4,0x08a4,0x10a4,0x10a4,0x10a4,0x10a4,0x1085,0x10a4,0x08a4,0x10a4,0x08a4,0x10a4,0x08a4,0x08a4,
  0x10a4,0x08a4,0x0883,0x08a4,0x10a4,0x10a4,0x10c4,0x10a4,0x08a4,0x10a4,0x08a4,0x10a4,0x0884,0x10c4,0x1084,0x10a4,
  0x0884,0x1084,0x08a4,0x10a4,0x0884,0x08a4,0x10a4,0x1084,0x10a4,0x0884,0x0884,0x10a4,0x10a4,0x10a5,0x1084,0x10a4,
  0x08a4,0x10a4,0x08a4,0x10a4,0x0884,0x08a4,0x10a4,0x1084,0x10a4,0x08a4,0x10a4,0x08a4,0x10a4,0x10a4,0x08a4,0x10a5,
  0x08c4,0x10a4,0x10a4,0x10a4,0x10c4,0x10a4,0x10a4,0x10a4,0x10a4,0x10c5,0x1083,0x10a4,0x10a4,0x10a4,0x08a4,0x10a3,
  0x1084,0x1084,0x1084,0x08a4,0x0884,0x10a4,0x0884,0x10a4,0x1083,0x0884,0x0884,0x0884,0x0884,0x1084,0x08a4,0x0884,
  0x1083,0x0884,0x1084,0x08a4,0x0884,0x0884,0x0884,0x1084,0x0884,0x0884,0x1084,0x0884,0x1084,0x0883,0x1084,0x0884,
  0x1083,0x1084,0x0883,0x1084,0x0884,0x1084,0x0883,0x1084,0x0884,0x1083,0x0884,0x1084,0x0884,0x1084,0x0883,0x1084,
  0x0884,0x1083,0x08a4,0x1083,0x0884,0x1083,0x0883,0x1084,0x0883,0x0883,0x1084,0x1084,0x1084,0x1084,0x1084,0x0883,
  0x0884,0x0883,0x1083,0x0883,0x1084,0x0883,0x1083,0x0884,0x1083,0x0884,0x0883,0x0884,0x1084,0x1084,0x0884,0x1084,
  0x0883,0x0884,0x1083,0x0883,0x0883,0x1084,0x0863,0x1083,0x0884,0x0883,0x1083,0x0884,0x0883,0x1083,0x0884,0x0883,
  0x1083,0x0883,0x0883,0x1083,0x0883,0x1083,0x0884,0x1083,0x0883,0x0884,0x1083,0x0883,0x0884,0x1083,0x0883,0x1084,
  0x0883,0x1083,0x0884,0x0883,0x1083,0x0883,0x1084,0x0883,0x0883,0x1084,0x1083,0x0883,0x0883,0x1083,0x1084,0x0883,
  0x0883,0x1084,0x0883,0x1083,0x0884,0x1083,0x0883,0x1084,0x0883,0x0884,0x1083,0x0883,0x1084,0x0883,0x0884,0x1083,
  0x0883,0x1083,0x0884,0x0883,0x1084,0x0883,0x0883,0x1084,0x0883,0x1084,0x0883,0x1083,0x0884,0x1083,0x1083,0x0883,
  0x0884,0x1083,0x1083,0x0884,0x0883,0x1083,0x0884,0x1083,0x0883,0x1083,0x0884,0x1083,0x0884,0x0883,0x1083,0x0884,
  0x1083,0x0883,0x0884,0x1083,0x0883,0x1083,0x0884,0x0883,0x1084,0x0883,0x0883,0x1084,0x0883,0x1084,0x0883,0x1083,
  0x0884,0x1083,0x1083,0x0883,0x0884,0x1083,0x1083,0x0884,0x0883,0x1083,0x0884,0x1083,0x0883,0x1083,0x0884,0x1083,
  0x0884,0x0883,0x1083,0x0884,0x1083,0x0883,0x0884,0x1083,0x0883,0x1083,0x0884,0x0883,0x1084,0x0883,0x0883,0x1084,
  0x0883,0x1084,0x0883,0x1083,0x0884,0x1083,0x1083,0x0883,0x0884,0x1083,0x1083,0x0884,0x0883,0x1083,0x0884,0x1083,
  0x0883,0x1083,0x0884,0x1083,0x0884,0x0883,0x1083,0x0884,0x1083,0x0883,0x0884,0x1083,0x0883,0x1083,0x0884,0x0883,
  0x1084,0x0883,0x0883,0x1084,0x0883,0x1084,0x0883,0x1083,0x0884,0x1083,0x1083,0x0883,0x0884,0x1083,0x1083,0x0884,
  0x0883,0x1083,0x0884,0x1083,0x0883,0x1083,0x0884,0x1083,0x0884,0x0883,0x1083,0x0884,0x1083,0x0883,0x0884,0x1083,
  0x0883,0x1083,0x0884,0x0883,0x1084,0x0883,0x0883,0x1084,0x0883,0x1084,0x0883,0x1083,0x0884,0x1083,0x1083,0x0883,
  0x0884,0x1083,0x1083,0x0884,0x0883,0x1083,0x0884,0x1083,0x0883,0x1083,0x0884,0x1083,0x0884,0x0883,0x1083,0x0884,
  0x1083,0x0883,0x0884,0x1083,0x0883,0x1083,0x0884,0x0883,0x1083,0x0884,0x0883,0x1083,0x0884,0x1083,0x0883,0x1084,
  0x0883,0x1084,0x1084,0x1084,0x0884,0x1084,0x0883,0x1084,0x1084,0x1083,0x0883,0x0884,0x1083,0x0884,0x0884,0x1083,
  0x0884,0x1083,0x0884,0x0884,0x1083,0x1084,0x1084,0x0883,0x0884,0x1083,0x0884,0x1084,0x1083,0x0884,0x1083,0x0884,
  0x08a4,0x1083,0x0884,0x1084,0x1084,0x0884,0x1084,0x08a3,0x1085,0x1084,0x0884,0x10a4,0x0884,0x0884,0x0884,0x1084,
  0x0883,0x10a4,0x0884,0x1084,0x1084,0x1084,0x0884,0x1084,0x1084,0x1083,0x0884,0x0884,0x08a4,0x0884,0x08a3,0x1084,
  0x1084,0x1084,0x1083,0x1084,0x0884,0x1084,0x0884,0x1084,0x1084,0x08a3,0x1084,0x1084,0x10a4,0x1084,0x1084,0x0884,
  0x08a4,0x1084,0x08a4,0x1084,0x0884,0x0884,0x0884,0x0884,0x0884,0x1084,0x0884,0x10a4,0x0884,0x10a4,0x0884,0x1084,
  0x08a4,0x10a4,0x10a4,0x0884,0x10a4,0x1083,0x10a4,0x0884,0x08a4,0x10a4,0x10a4,0x10a4,0x0884,0x10a4,0x0884,0x1084,
  0x0884,0x0884,0x0884,0x1084,0x10a4,0x1084,0x10a4,0x0884,0x08a4,0x0884,0x1084,0x0884,0x0884,0x0884,0x1084,0x0883,
  0x1084,0x0884,0x0884,0x0884,0x0884,0x0884,0x1084,0x10a4,0x0884,0x10a4,0x0883,0x0884,0x1084,0x0883,0x1084,0x0884,
  0x0884,0x10a4,0x1084,0x08a4,0x1083,0x08a4,0x0884,0x0884,0x0884,0x1084,0x08a4,0x1083,0x08a4,0x1084,0x10a4,0x1084,
  0x0884,0x0884,0x0884,0x1084,0x0884,0x1084,0x10a4,0x0884,0x0884,0x10a4,0x0883,0x0884,0x1084,0x0884,0x0884,0x1083,
  0x1084,0x0883,0x0884,0x0884,0x1083,0x0883,0x0884,0x0883,0x0884,0x0883,0x0884,0x0883,0x1083,0x0884,0x0883,0x1084,
  0x1084,0x0883,0x0884,0x0884,0x1084,0x1084,0x1084,0x0883,0x0884,0x1084,0x0884,0x0883,0x0883,0x0883,0x1084,0x0883,
  0x1084,0x0883,0x1084,0x0884,0x0884,0x1083,0x1084,0x0884,0x0883,0x1084,0x0883,0x1084,0x0883,0x0883,0x0863,0x0883,
  0x1084,0x0883,0x0884,0x1084,0x0863,0x1084,0x0883,0x0884,0x1063,0x0883,0x0883,0x1083,0x0863,0x0883,0x1083,0x0863,
  0x0883,0x1083,0x0883,0x0863,0x0883,0x0863,0x0883,0x1083,0x0864,0x1083,0x0883,0x0863,0x1083,0x0863,0x0884,0x1063,
  0x0883,0x0864,0x1083,0x0863,0x0884,0x1083,0x0883,0x1064,0x0883,0x0883,0x0864,0x1083,0x0864,0x0883,0x0863,0x1083,
  0x0884,0x1083,0x0883,0x0864,0x1083,0x0883,0x0883,0x0863,0x1083,0x0883,0x1064,0x0883,0x0863,0x1083,0x0863,0x0884,
  0x1083,0x0883,0x1083,0x0863,0x1083,0x0884,0x1083,0x0863,0x0883,0x1083,0x0863,0x0884,0x1063,0x0883,0x0864,0x1083,
  0x0883,0x0884,0x0883,0x1063,0x0883,0x1084,0x0883,0x0863,0x1084,0x0883,0x0863,0x0883,0x1063,0x0884,0x1063,0x0883,
  0x0883,0x1084,0x0883,0x0863,0x1084,0x0883,0x1083,0x0863,0x1083,0x0884,0x1063,0x0883,0x0863,0x1083,0x0863,0x0884,
  0x1083,0x0883,0x0884,0x1063,0x0883,0x0884,0x0883,0x1063,0x0883,0x1084,0x0863,0x0883,0x1064,0x0883,0x0863,0x0883,
  0x1083,0x0884,0x1083,0x0863,0x0883,0x1084,0x0883,0x0863,0x1084,0x0883,0x1063,0x0883,0x1063,0x0884,0x1063,0x0883,
  0x0883,0x1083,0x0883,0x0864,0x1083,0x0883,0x0884,0x1063,0x0883,0x0884,0x0863,0x1083,0x0863,0x1084,0x0863,0x0883,
  0x1084,0x0883,0x0883,0x0863,0x1083,0x0884,0x1083,0x0863,0x0883,0x1084,0x0863,0x0883,0x1064,0x0883,0x1063,0x0883,
  0x1083,0x0884,0x1083,0x0863,0x0883,0x1083,0x0883,0x0864,0x1083,0x0883,0x0864,0x1083,0x0863,0x0884,0x0863,0x1083,
  0x0883,0x1084,0x0883,0x0863,0x1084,0x0883,0x0883,0x0863,0x1083,0x0884,0x1063,0x0883,0x0863,0x1084,0x0863,0x0883,
  0x1084,0x0883,0x1083,0x0863,0x1083,0x0884,0x1083,0x0863,0x0883,0x1083,0x0863,0x0884,0x1063,0x0883,0x0864,0x1083,
  0x0883,0x0884,0x0883,0x1063,0x0883,0x1084,0x0883,0x0863,0x1084,0x0883,0x0863,0x0883,0x1063,0x0884,0x1063,0x0883,
  0x0883,0x1084,0x0883,0x0863,0x0884,0x0883,0x1083,0x0863,0x0883,0x1083,0x0884,0x1063,0x0883,0x0883,0x1064,0x0883,
  0x0884,0x1083,0x1084,0x0883,0x0884,0x1084,0x0883,0x1084,0x0883,0x1084,0x0884,0x0884,0x0883,0x0884,0x1084,0x0883,
  0x1084,0x0884,0x1083,0x0884,0x0883,0x1084,0x0884,0x1083,0x0884,0x0884,0x1083,0x1084,0x0883,0x0884,0x08a4,0x1084,
  0x0884,0x0884,0x0884,0x08a4,0x0884,0x10a4,0x0884,0x08a4,0x1084,0x08a4,0x10a4,0x08a4,0x10a4,0x0884,0x0884,0x10a4,
  0x1084,0x10a4,0x0884,0x10a4,0x0884,0x0884,0x1083,0x08a4,0x0884,0x1084,0x0884,0x08a4,0x1084,0x1083,0x08a4,0x08a4,
  0x10a4,0x0884,0x10a4,0x0884,0x08a4,0x10a4,0x10a4,0x08a4,0x1084,0x10a4,0x1084,0x08a4,0x1084,0x08a4,0x10a4,0x10a4,
  0x10a4,0x08a4,0x10a4,0x10a4,0x0884,0x10a4,0x08a4,0x10a4,0x0884,0x10c4,0x0884,0x10a4,0x1084,0x08a4,0x0884,0x10a4,
  0x1084,0x08a4,0x1084,0x10a4,0x10a4,0x0884,0x08a4,0x0884,0x10a4,0x1084,0x0884,0x10a4,0x1084,0x10a4,0x08a3,0x10a4,
  0x0884,0x10a4,0x08a4,0x10a4,0x0884,0x10a4,0x0884,0x0884,0x10a4,0x1084,0x10a4,0x10a4,0x10a4,0x10a4,0x10a4,0x10a4,
  0x0884,0x10a4,0x10a4,0x10a4,0x1084,0x10a4,0x08a4,0x1084,0x1084,0x10a4,0x0884,0x10c4,0x0884,0x10a4,0x08a4,0x1084,
  0x0884,0x0884,0x1084,0x0884,0x0884,0x1084,0x0884,0x1084,0x08a3,0x10a4,0x1084,0x08a4,0x10a4,0x0884,0x1084,0x10a4,
  0x08a4,0x1084,0x10a4,0x0884,0x10a4,0x1084,0x0884,0x0884,0x0884,0x1084,0x0884,0x10a4,0x0884,0x0884,0x10a4,0x0883,
  0x0884,0x1084,0x1083,0x0884,0x0884,0x0884,0x1083,0x0884,0x1084,0x0883,0x1084,0x0884,0x0884,0x0884,0x1083,0x1084,
  0x0884,0x1083,0x0884,0x1083,0x0884,0x1083,0x0883,0x0884,0x0884,0x0883,0x0883,0x1083,0x1084,0x1084,0x0883,0x1084,
  0x0884,0x1083,0x0884,0x1083,0x0884,0x0883,0x0884,0x1083,0x0883,0x0884,0x1083,0x0884,0x0883,0x1084,0x0884,0x1084,
  0x0883,0x1084,0x0883,0x0884,0x1083,0x0883,0x1084,0x0883,0x1083,0x0884,0x1083,0x0883,0x1084,0x0883,0x0883,0x1083,
  0x0883,0x0863,0x1083,0x0883,0x1083,0x0883,0x1083,0x0884,0x0883,0x0883,0x1084,0x0883,0x0884,0x1083,0x0883,0x0883,
  0x1083,0x0883,0x1083,0x0884,0x1083,0x0883,0x0883,0x0883,0x1084,0x0883,0x1083,0x0883,0x1083,0x0884,0x1083,0x0883,
  0x0883,0x0883,0x1084,0x0883,0x0883,0x1084,0x0883,0x1084,0x0883,0x0883,0x0883,0x1084,0x0883,0x0884,0x1083,0x0883,
  0x0884,0x0883,0x1084,0x0883,0x0884,0x1083,0x0883,0x1084,0x0883,0x0884,0x1083,0x0883,0x0883,0x1084,0x0883,0x0883,
  0x1084,0x0883,0x1083,0x0884,0x0883,0x0883,0x1083,0x0884,0x0883,0x1083,0x0884,0x1083,0x0884,0x0883,0x0883,0x1084,
  0x0883,0x0883,0x1083,0x0884,0x0883,0x0883,0x1084,0x0883,0x0884,0x1083,0x0883,0x1084,0x0883,0x0884,0x1083,0x0883,
  0x0883,0x1084,0x0883,0x0883,0x1084,0x0883,0x1083,0x0884,0x0883,0x0883,0x1083,0x0884,0x0883,0x1083,0x0884,0x1083,
  0x0884,0x0883,0x0883,0x1084,0x0883,0x0883,0x1083,0x0884,0x0883,0x0883,0x1084,0x0883,0x0884,0x1083,0x0883,0x1084,
  0x0883,0x0884,0x1083,0x0883,0x0883,0x1084,0x0883,0x0883,0x1084,0x0883,0x1083,0x0884,0x0883,0x0883,0x1083,0x0884,
  0x0883,0x1083,0x0884,0x1083,0x0884,0x0883,0x0883,0x1084,0x0883,0x0883,0x1083,0x0884,0x0883,0x0883,0x1084,0x0883,
  0x0884,0x1083,0x0883,0x1084,0x0883,0x0884,0x1083,0x0883,0x0883,0x1084,0x0883,0x0883,0x1084,0x0883,0x1083,0x0884,
  0x0883,0x0883,0x1083,0x0884,0x0883,0x1083,0x0884,0x1083,0x0884,0x0883,0x0883,0x1084,0x0883,0x0883,0x1083,0x0884,
  0x0883,0x0883,0x1084,0x0883,0x0884,0x1083,0x0883,0x1084,0x0883,0x0884,0x1083,0x0883,0x0883,0x1084,0x0883,0x0883,
  0x1084,0x0883,0x1083,0x0884,0x0883,0x0883,0x1083,0x0884,0x0883,0x1083,0x0884,0x1083,0x0884,0x0883,0x0883,0x1084,
  0x0883,0x0883,0x1083,0x0884,0x1083,0x0883,0x1084,0x0883,0x1084,0x0883,0x1083,0x0883,0x1084,0x0883,0x0883,0x1083,
  0x0883,0x1084,0x0884,0x1083,0x0884,0x1083,0x0884,0x1084,0x0884,0x1083,0x1084,0x0884,0x1083,0x0884,0x1084,0x0883,
  0x1084,0x0883,0x0884,0x1084,0x0883,0x1084,0x0884,0x0883,0x1084,0x1083,0x0884,0x0884,0x1083,0x0884,0x0884,0x1084,
  0x0884,0x1084,0x0884,0x1084,0x0884,0x10a4,0x0884,0x10a4,0x0884,0x10a4,0x0884,0x0884,0x10a4,0x10a4,0x0884,0x08a4,
  0x1084,0x0884,0x10a4,0x08a4,0x1084,0x08a4,0x0884,0x10a4,0x0884,0x1084,0x1084,0x10a4,0x0884,0x10a4,0x0884,0x10a4,
  0x0884,0x1084,0x10a4,0x1084,0x08a4,0x0884,0x0884,0x10a4,0x0884,0x08a4,0x1084,0x08a4,0x10a4,0x0884,0x1084,0x0884,
  0x10a4,0x1084,0x1084,0x0884,0x10a4,0x1084,0x0884,0x1084,0x08a4,0x0884,0x1084,0x10a4,0x1084,0x08a4,0x1084,0x08a4,
  0x1084,0x10a4,0x0883,0x0884,0x1084,0x1084,0x10a4,0x0884,0x08a4,0x1084,0x10a4,0x1084,0x08a4,0x0884,0x1084,0x10a4,
  0x1084,0x08a4,0x0884,0x1084,0x10a4,0x0884,0x10a4,0x08a4,0x08a4,0x1084,0x08a4,0x0884,0x0884,0x0884,0x0884,0x08a4,
  0x1084,0x0884,0x10a4,0x0884,0x08a4,0x1084,0x0884,0x08a4,0x10a4,0x08a4,0x1084,0x10a4,0x0884,0x10a4,0x0884,0x10a4,
  0x10a4,0x0884,0x0883,0x1084,0x0884,0x1083,0x1084,0x0884,0x1084,0x08a4,0x10a4,0x0884,0x0884,0x10a4,0x0884,0x10a4,
  0x1084,0x08a4,0x1084,0x0884,0x08a4,0x1084,0x10a4,0x0884,0x1084,0x08a4,0x0884,0x0884,0x1084,0x0883,0x1084,0x0884,
  0x1083,0x0884,0x1083,0x1084,0x0883,0x1084,0x0883,0x1084,0x0884,0x1083,0x0884,0x1083,0x1084,0x0884,0x0883,0x0884,
  0x1084,0x0883,0x1084,0x0884,0x0883,0x1084,0x0884,0x1084,0x1084,0x0883,0x0884,0x0884,0x0883,0x0883,0x1084,0x0883,
  0x0884,0x0883,0x0884,0x1083,0x1084,0x0883,0x1084,0x0883,0x0884,0x0884,0x0883,0x1084,0x0884,0x0863,0x1084,0x0863,
  0x0883,0x0884,0x1083,0x0883,0x0884,0x1083,0x0864,0x0883,0x1083,0x0883,0x0883,0x0884,0x1083,0x0883,0x1083,0x0884,
  0x0863,0x1083,0x0883,0x0883,0x0884,0x0863,0x1083,0x0883,0x1083,0x0884,0x1083,0x0883,0x1083,0x0884,0x1083,0x0884,
  0x1083,0x0884,0x0883,0x1083,0x0884,0x1083,0x0884,0x1083,0x0883,0x1084,0x0883,0x0884,0x1083,0x0883,0x0884,0x1083,
  0x1084,0x0863,0x1083,0x0883,0x1084,0x0883,0x1083,0x0883,0x1084,0x0883,0x1084,0x0883,0x1083,0x0883,0x1084,0x0883,
  0x1083,0x0864,0x0883,0x1083,0x0883,0x0884,0x1083,0x0883,0x1084,0x0883,0x1083,0x0884,0x1083,0x0883,0x1084,0x0883,
  0x1083,0x0863,0x0884,0x1083,0x1083,0x0884,0x1083,0x0883,0x1084,0x0883,0x1083,0x0883,0x1083,0x0884,0x1083,0x0883,
  0x1084,0x0863,0x1084,0x0883,0x1083,0x0884,0x0883,0x1083,0x0883,0x0884,0x1083,0x0883,0x1084,0x0883,0x1083,0x0884,
  0x1083,0x0863,0x1084,0x0883,0x1083,0x0883,0x0884,0x1083,0x1083,0x0884,0x1083,0x0883,0x1084,0x0883,0x1083,0x0883,
  0x1083,0x0864,0x1083,0x0883,0x1084,0x0883,0x1084,0x0883,0x1083,0x0884,0x0883,0x1083,0x0883,0x0884,0x1083,0x0883,
  0x1084,0x0863,0x1083,0x0884,0x1083,0x0883,0x1084,0x0883,0x1083,0x0883,0x0884,0x1083,0x1083,0x0884,0x1083,0x0883,
  0x1084,0x0863,0x1083,0x0883,0x1083,0x0884,0x1083,0x0883,0x1084,0x0883,0x1084,0x0883,0x1083,0x0884,0x0883,0x1083,
  0x0883,0x0864,0x1083,0x0883,0x1084,0x0883,0x1083,0x0884,0x1083,0x0883,0x1084,0x0883,0x1083,0x0883,0x0884,0x1083,
  0x1083,0x0864,0x1083,0x0883,0x1084,0x0883,0x1083,0x0883,0x1083,0x0884,0x1083,0x0883,0x1084,0x0883,0x1084,0x0883,
  0x1083,0x0864,0x0883,0x1083,0x0883,0x0884,0x1083,0x0883,0x1084,0x0883,0x1083,0x0884,0x1083,0x0883,0x1084,0x0883,
  0x1083,0x0863,0x0884,0x1083,0x1083,0x0884,0x1083,0x0883,0x1084,0x0883,0x1083,0x0883,0x1083,0x0884,0x1083,0x0883,
  0x1084,0x0863,0x1084,0x0883,0x1083,0x0884,0x0883,0x1083,0x0883,0x0864,0x0883,0x1084,0x0883,0x1083,0x0884,0x0883,
  0x0884,0x0884,0x0884,0x0884,0x1083,0x0884,0x1083,0x0884,0x0884,0x0883,0x10a4,0x0883,0x0884,0x1083,0x08a4,0x1084,
  0x0884,0x0884,0x1083,0x08a4,0x1084,0x0884,0x1083,0x0884,0x0884,0x1084,0x0883,0x0884,0x0884,0x1083,0x0884,0x0884,
  0x10a4,0x0884,0x0884,0x1084,0x08a4,0x1084,0x0884,0x10a4,0x0884,0x1084,0x0884,0x1084,0x0884,0x1084,0x1083,0x0884,
  0x0884,0x10a4,0x1083,0x1084,0x0884,0x10a4,0x10a4,0x1083,0x10a4,0x0884,0x10a4,0x1084,0x10a4,0x10a4,0x08a4,0x1084,
  0x08a4,0x1084,0x08a4,0x10a4,0x10a4,0x1084,0x08a4,0x1084,0x10a4,0x08a4,0x1084,0x08a4,0x1084,0x08a4,0x10a4,0x10a4,
  0x08a4,0x1084,0x10c4,0x0884,0x10a4,0x10a4,0x10a4,0x10a4,0x10a4,0x10a4,0x08a4,0x10a4,0x10a4,0x08a4,0x10a4,0x08a4,
  0x10a4,0x08a4,0x10a4,0x10a4,0x08a4,0x10a4,0x08c4,0x10a4,0x08a4,0x10a4,0x08a4,0x10a4,0x10a4,0x08a4,0x10a4,0x08a4,
  0x10a4,0x10a4,0x08a4,0x10a4,0x08a4,0x10a4,0x10a4,0x10a4,0x08a4,0x10a4,0x08a4,0x10a4,0x10a4,0x08a4,0x10a4,0x0884,
  0x10a4,0x0884,0x10a4,0x0884,0x1084,0x08a4,0x10a4,0x10a4,0x0884,0x10a4,0x0884,0x10a4,0x1084,0x08a4,0x10a4,0x08a4,
  0x10a4,0x08a4,0x10a4,0x1084,0x10a4,0x08a4,0x10a4,0x08a4,0x1084,0x1084,0x1084,0x0884,0x1083,0x10a4,0x0884,0x1083,
  0x0884,0x0884,0x08a4,0x0884,0x0884,0x0884,0x10a4,0x1084,0x0883,0x1084,0x0884,0x1083,0x08a4,0x1084,0x0883,0x0884,
  0x0884,0x0884,0x0884,0x1084,0x0883,0x10a4,0x0884,0x1083,0x0884,0x0884,0x1084,0x08a4,0x1083,0x0884,0x1084,0x08a3,
  0x0884,0x1083,0x0884,0x1083,0x0884,0x0884,0x1083,0x0884,0x1083,0x0884,0x1084,0x0883,0x1084,0x0883,0x0884,0x1083,
  0x0884,0x1083,0x1064,0x0883,0x0864,0x1083,0x0864,0x0883,0x1084,0x1083,0x0884,0x1083,0x1083,0x0884,0x0883,0x1084,
  0x0883,0x1083,0x0884,0x1083,0x0864,0x0883,0x1084,0x0883,0x0884,0x1083,0x1084,0x0883,0x0883,0x1084,0x0883,0x1083,
  0x0883,0x0883,0x1083,0x0884,0x1083,0x0883,0x1084,0x0883,0x1084,0x0883,0x0883,0x1084,0x0883,0x1083,0x0884,0x1083,
  0x0883,0x1084,0x0883,0x0883,0x1083,0x0884,0x1063,0x0883,0x1084,0x0883,0x1083,0x0883,0x1084,0x0883,0x1083,0x0884,
  0x0883,0x1084,0x0883,0x1084,0x0883,0x0883,0x1064,0x0883,0x0883,0x1084,0x0883,0x1083,0x0884,0x1083,0x0883,0x1084,
  0x0883,0x1083,0x0884,0x1083,0x0884,0x1083,0x0863,0x0884,0x1083,0x0883,0x0884,0x1083,0x0884,0x0883,0x1083,0x0884,
  0x0883,0x1084,0x0883,0x0883,0x1084,0x0883,0x0863,0x1084,0x0883,0x0883,0x1084,0x0883,0x0884,0x1083,0x0883,0x1084,
  0x0883,0x1083,0x0883,0x1083,0x0884,0x1083,0x0863,0x1084,0x0883,0x1083,0x0884,0x0883,0x1083,0x0884,0x0883,0x1083,
  0x0884,0x0883,0x1083,0x0884,0x0883,0x1084,0x0863,0x0883,0x1084,0x0883,0x0883,0x1084,0x0883,0x0883,0x1084,0x0883,
  0x0884,0x1083,0x0883,0x1084,0x0883,0x1083,0x0863,0x1083,0x0884,0x1083,0x0883,0x1084,0x0883,0x1083,0x0884,0x0883,
  0x1083,0x0884,0x0883,0x1083,0x0884,0x0883,0x1063,0x0884,0x0883,0x1084,0x0883,0x0883,0x1084,0x0883,0x0883,0x1084,
  0x0883,0x0883,0x1084,0x0883,0x0884,0x1083,0x0863,0x1084,0x0883,0x1083,0x0883,0x1083,0x0884,0x1083,0x0883,0x1084,
  0x0883,0x1083,0x0884,0x0883,0x1083,0x0884,0x0863,0x1083,0x0884,0x0883,0x1083,0x0884,0x0883,0x1084,0x0883,0x0883,
  0x1084,0x0883,0x0883,0x1084,0x0883,0x0883,0x1064,0x0883,0x0884,0x1083,0x0883,0x1084,0x0883,0x1083,0x0883,0x1083,
  0x0884,0x1083,0x0883,0x1084,0x0883,0x1083,0x0864,0x0883,0x1083,0x0884,0x0883,0x1083,0x0884,0x0883,0x1083,0x0884,
  0x0883,0x1084,0x0883,0x0883,0x1084,0x0883,0x0863,0x1084,0x0883,0x0883,0x1084,0x0883,0x0884,0x1083,0x0883,0x1084,
  0x0883,0x1083,0x0883,0x1083,0x0884,0x1083,0x0863,0x1084,0x0883,0x1083,0x0884,0x1083,0x0883,0x0884,0x1083,0x0883,
  0x1083,0x1084,0x1083,0x10a4,0x0884,0x0884,0x0884,0x08a4,0x1083,0x0884,0x0884,0x1084,0x0884,0x0884,0x1084,0x0883,
  0x1084,0x0884,0x1084,0x0884,0x0883,0x0884,0x1084,0x08a4,0x0883,0x1084,0x10a4,0x1084,0x0883,0x10a4,0x0884,0x08a4,
  0x0883,0x10a4,0x08a3,0x1084,0x0884,0x1084,0x0883,0x1084,0x0884,0x08a4,0x1083,0x0884,0x1083,0x08a4,0x0884,0x08a4,
  0x1083,0x08a4,0x0884,0x10a4,0x10a3,0x1084,0x0884,0x1084,0x08a4,0x1083,0x08a4,0x10a4,0x08a4,0x10a4,0x08a4,0x10a5,
  0x10a4,0x08a4,0x10a4,0x08a4,0x10a4,0x08a4,0x10a4,0x08a4,0x10a4,0x1084,0x08a4,0x10a4,0x08a4,0x10a4,0x08a4,0x10a4,
  0x10a4,0x08a4,0x10a4,0x10a4,0x10c4,0x10a4,0x08a4,0x10a4,0x10a4,0x08a4,0x10a4,0x10a4,0x08a4,0x10a4,0x10a4,0x10a4,
  0x08a4,0x10a4,0x10a4,0x08a5,0x10a4,0x10a4,0x10a4,0x10a4,0x10a4,0x10a4,0x10a4,0x08a4,0x10a4,0x10a4,0x08a4,0x10a4,
  0x10a4,0x10a4,0x08a4,0x10a4,0x10a4,0x08a4,0x10a4,0x10a4,0x10a4,0x08a4,0x10a4,0x10a4,0x0884,0x10a4,0x10a4,0x0884,
  0x10c4,0x0884,0x10a4,0x08a4,0x10a4,0x10a4,0x08a4,0x10a4,0x08a4,0x10a4,0x0884,0x10a4,0x08a4,0x10a4,0x08a4,0x1084,
  0x10a4,0x0884,0x10a4,0x0884,0x10a4,0x0884,0x1084,0x1084,0x0884,0x1083,0x1084,0x0884,0x1084,0x1084,0x10a4,0x08a4,
  0x1083,0x0884,0x1083,0x0884,0x1083,0x08a4,0x0883,0x1084,0x1084,0x08a4,0x0884,0x10a4,0x0884,0x08a4,0x1084,0x1084,
  0x1083,0x1084,0x10a3,0x1084,0x0884,0x1084,0x1083,0x1084,0x0884,0x10a3,0x0884,0x0884,0x0884,0x0883,0x0884,0x1084,
  0x0884,0x0884,0x1084,0x08a4,0x0884,0x1084,0x08a4,0x0884,0x0884,0x0884,0x08a4,0x1083,0x1084,0x0884,0x1083,0x0884,
  0x0883,0x1084,0x0883,0x1084,0x0883,0x0884,0x1083,0x0884,0x0883,0x0884,0x1083,0x0884,0x0884,0x1064,0x0883,0x0884,
  0x1083,0x1084,0x0883,0x1083,0x0884,0x1083,0x0883,0x1083,0x0884,0x0883,0x0883,0x1083,0x0864,0x1083,0x0883,0x0884,
  0x1083,0x0884,0x1083,0x0883,0x1083,0x0883,0x0883,0x1084,0x0883,0x1063,0x0884,0x1083,0x0884,0x0863,0x1083,0x0884,
  0x0883,0x1083,0x0884,0x1083,0x0864,0x0883,0x1083,0x0884,0x0883,0x1083,0x0864,0x0883,0x1083,0x0884,0x0883,0x1083,
  0x0883,0x1083,0x0883,0x0883,0x1084,0x0883,0x0883,0x1084,0x0883,0x1083,0x0864,0x0883,0x1083,0x0884,0x0883,0x1083,
  0x0884,0x1083,0x0883,0x1083,0x0883,0x0884,0x1083,0x0883,0x0883,0x1084,0x0863,0x1083,0x0883,0x1084,0x0883,0x1083,
  0x0883,0x1083,0x0884,0x1083,0x0883,0x1084,0x0883,0x1083,0x0883,0x1084,0x0863,0x1083,0x0883,0x1084,0x0883,0x0883,
  0x1084,0x0883,0x0884,0x1083,0x0883,0x1084,0x0883,0x1083,0x0884,0x0883,0x1063,0x0884,0x0883,0x1083,0x0884,0x1083,
  0x0883,0x1084,0x0883,0x1083,0x0883,0x1083,0x0884,0x1083,0x0883,0x1084,0x0863,0x1083,0x0883,0x1084,0x0883,0x1083,
  0x0883,0x1084,0x0883,0x0883,0x1084,0x0883,0x0884,0x1083,0x0883,0x1084,0x0863,0x1083,0x0884,0x0883,0x1083,0x0884,
  0x0883,0x1083,0x0884,0x1083,0x0883,0x1084,0x0883,0x1083,0x0883,0x1083,0x0864,0x1083,0x0883,0x1084,0x0883,0x1083,
  0x0883,0x1084,0x0883,0x1083,0x0883,0x1084,0x0883,0x0883,0x1084,0x0883,0x0864,0x1083,0x0883,0x1084,0x0883,0x1083,
  0x0884,0x0883,0x1083,0x0884,0x0883,0x1083,0x0884,0x1083,0x0883,0x1084,0x0863,0x1083,0x0883,0x1083,0x0884,0x1083,
  0x0883,0x1084,0x0883,0x1083,0x0883,0x1084,0x0883,0x1083,0x0883,0x1084,0x0863,0x0883,0x1084,0x0883,0x0884,0x1083,
  0x0883,0x1084,0x0883,0x1083,0x0884,0x0883,0x1083,0x0884,0x0883,0x1083,0x0864,0x1083,0x0883,0x1084,0x0883,0x1083,
  0x0883,0x1083,0x0884,0x1083,0x0883,0x1084,0x0883,0x1083,0x0883,0x1084,0x0863,0x1083,0x0883,0x1084,0x0883,0x0883,
  0x1084,0x0883,0x0884,0x0883,0x1083,0x0884,0x1083,0x0883,0x1084,0x0883,0x1083,0x0884,0x1083,0x0883,0x1084,0x0883,
  0x0883,0x0884,0x0884,0x1083,0x0884,0x1083,0x0884,0x1083,0x0884,0x0884,0x1083,0x10a4,0x0883,0x1084,0x1083,0x0884,
  0x08a4,0x1083,0x0884,0x1083,0x0884,0x10a4,0x0883,0x1084,0x1084,0x0883,0x0884,0x1084,0x0883,0x1084,0x1083,0x08a4,
  0x0884,0x0884,0x0884,0x08a4,0x1083,0x08a4,0x0884,0x1083,0x10a4,0x1084,0x1084,0x08a4,0x1084,0x08a4,0x1083,0x08a4,
  0x1084,0x1084,0x10a4,0x1084,0x08a4,0x10a4,0x08a4,0x10a4,0x08a4,0x10a4,0x0884,0x10a4,0x08a4,0x0884,0x10a4,0x0884,
  0x1084,0x08a4,0x1084,0x08a4,0x1084,0x1084,0x10a5,0x0884,0x08a4,0x10a4,0x0884,0x1084,0x08a5,0x1084,0x08a4,0x1084,
  0x1084,0x10a4,0x10a4,0x10a4,0x10a5,0x08a4,0x10a4,0x10a5,0x10c4,0x10a4,0x10a5,0x10c4,0x10a4,0x08a5,0x10a4,0x10c4,
  0x10a5,0x10a4,0x10a4,0x10a4,0x10c4,0x10a5,0x08a4,0x10a5,0x10a4,0x08a5,0x10a4,0x10a4,0x10a5,0x10c4,0x10a5,0x10a4,
  0x08a5,0x10c4,0x10a4,0x10a5,0x10a4,0x10a4,0x10c4,0x08a5,0x10a4,0x10a4,0x10a4,0x10a4,0x10a4,0x0884,0x10a4,0x10a4,
  0x0884,0x1084,0x10a4,0x10a4,0x10a4,0x0884,0x08a4,0x10a4,0x1084,0x1084,0x08c5,0x1084,0x08a4,0x1084,0x1084,0x08a4,
  0x10a4,0x1084,0x10a4,0x0883,0x10a4,0x08a4,0x08a3,0x08a4,0x1084,0x0883,0x08a4,0x08a4,0x1083,0x0884,0x0884,0x0884,
  0x1084,0x10a4,0x0884,0x1084,0x0883,0x1084,0x1084,0x0884,0x0883,0x1084,0x10a4,0x1083,0x0884,0x1083,0x08a4,0x0883,
  0x08a4,0x1083,0x0884,0x0884,0x1084,0x0883,0x08a4,0x1084,0x0884,0x0883,0x0884,0x1083,0x0884,0x10a4,0x0883,0x0884,
  0x1083,0x0884,0x08a4,0x1083,0x0884,0x0883,0x1083,0x0884,0x1083,0x1083,0x1084,0x0884,0x1083,0x0883,0x0884,0x1084,
  0x0883,0x1084,0x1083,0x1084,0x0883,0x1084,0x0884,0x1083,0x0884,0x1083,0x0884,0x0883,0x1083,0x1084,0x0883,0x1084,
  0x0883,0x1084,0x0883,0x0884,0x1083,0x0884,0x0883,0x1084,0x0883,0x1083,0x1084,0x0883,0x1083,0x0884,0x1083,0x0883,
  0x0864,0x1084,0x0883,0x1084,0x0883,0x1084,0x0883,0x1083,0x0884,0x0883,0x1083,0x0883,0x1083,0x0884,0x0883,0x1083,
  0x0884,0x1083,0x0863,0x1083,0x0883,0x1084,0x0883,0x1083,0x0884,0x0883,0x1083,0x0884,0x1083,0x0883,0x1084,0x0863,
  0x1084,0x0883,0x1084,0x0883,0x1083,0x0884,0x1083,0x0883,0x1084,0x0883,0x1083,0x0884,0x0883,0x1083,0x0884,0x1063,
  0x0883,0x0884,0x1083,0x0884,0x1083,0x0883,0x1084,0x0883,0x1084,0x0883,0x1083,0x0884,0x1083,0x0883,0x0884,0x1063,
  0x0884,0x1083,0x0883,0x1084,0x0883,0x0883,0x1084,0x0883,0x1084,0x0883,0x0883,0x1084,0x0883,0x0883,0x1084,0x0863,
  0x1083,0x0883,0x1083,0x0884,0x0883,0x1083,0x0884,0x0883,0x1083,0x0884,0x1083,0x0883,0x1084,0x0883,0x1083,0x0864,
  0x1083,0x0883,0x0884,0x1083,0x0884,0x1083,0x0883,0x1084,0x0883,0x0883,0x1084,0x0883,0x1084,0x0883,0x0883,0x1064,
  0x0883,0x0883,0x1084,0x0883,0x1083,0x0883,0x1083,0x0884,0x0883,0x1083,0x0884,0x0883,0x1083,0x0884,0x1083,0x0863,
  0x1084,0x0883,0x1083,0x0884,0x1083,0x0883,0x0884,0x1083,0x0884,0x1083,0x0883,0x1084,0x0883,0x0883,0x1084,0x0863,
  0x1084,0x0883,0x0883,0x1084,0x0883,0x0883,0x1084,0x0883,0x1083,0x0883,0x1083,0x0884,0x0883,0x1083,0x0884,0x0863,
  0x1083,0x0884,0x1083,0x0883,0x1084,0x0883,0x1083,0x0884,0x1083,0x0883,0x0884,0x1083,0x0884,0x1083,0x0883,0x1064,
  0x0883,0x0883,0x1084,0x0883,0x1084,0x0883,0x0883,0x1084,0x0883,0x0883,0x1084,0x0883,0x1083,0x0883,0x1083,0x0864,
  0x0883,0x1083,0x0884,0x0883,0x1083,0x0884,0x1083,0x0883,0x1084,0x0883,0x1083,0x0884,0x1083,0x0883,0x0884,0x1063,
  0x0884,0x1083,0x0883,0x1084,0x0883,0x0883,0x1084,0x0883,0x1084,0x0883,0x0883,0x1084,0x0883,0x0883,0x1084,0x0863,
  0x1083,0x0883,0x1083,0x0884,0x1083,0x0883,0x0884,0x1083,0x0883,0x0884,0x1083,0x0883,0x0884,0x1063,0x0883,0x1084,
  0x1084,0x0883,0x1083,0x0884,0x1083,0x0884,0x1083,0x0883,0x1084,0x0883,0x0883,0x1084,0x0883,0x1084,0x0883,0x1083,
  0x0883,0x0883,0x1084,0x0883,0x1083,0x0883,0x1084,0x0883,0x1083,0x0884,0x1083,0x0883,0x1084,0x0883,0x0884,0x1083,
  0x1083,0x0883,0x1083,0x0884,0x1083,0x0883,0x1084,0x0883,0x1083,0x0883,0x0883,0x1083,0x0883,0x0883,0x1084,0x0883,
  0x1084,0x0883,0x0883,0x1083,0x0884,0x1083,0x0883,0x1083,0x0884,0x1083,0x0883,0x1084,0x0883,0x1084,0x0883,0x1083,
  0x1084,0x0883,0x1084,0x0883,0x1084,0x0883,0x0883,0x1083,0x0884,0x1083,0x0884,0x1083,0x0883,0x1083,0x0884,0x1083,
  0x0884,0x1083,0x0884,0x0883,0x1084,0x0883,0x1084,0x0883,0x0884,0x1083,0x0883,0x0884,0x1083,0x0883,0x1084,0x0883,
  0x0883,0x1084,0x0883,0x1084,0x0883,0x1084,0x0883,0x1083,0x0884,0x1083,0x0884,0x10a3,0x0883,0x0884,0x1083,0x0883,
  0x1083,0x1084,0x0883,0x0883,0x1084,0x0883,0x1084,0x0883,0x1084,0x0883,0x0884,0x0884,0x0883,0x1084,0x0883,0x1084,
  0x0883,0x0884,0x1083,0x0884,0x0883,0x1084,0x0883,0x1084,0x0883,0x1084,0x0883,0x1083,0x0884,0x1083,0x0884,0x1084,
  0x0883,0x1083,0x0884,0x1083,0x0884,0x1083,0x1084,0x0883,0x0883,0x1084,0x0883,0x1084,0x0883,0x0883,0x1083,0x0883,
  0x1083,0x0884,0x1083,0x0883,0x1084,0x0883,0x1083,0x0884,0x1083,0x0883,0x0883,0x1084,0x0883,0x1084,0x0883,0x1084,
  0x0883,0x1084,0x0883,0x1083,0x0883,0x1084,0x0883,0x0883,0x1084,0x0883,0x1084,0x0883,0x1083,0x0883,0x1084,0x0883,
  0x1083,0x0883,0x1083,0x0883,0x1084,0x0883,0x0884,0x1083,0x0884,0x0883,0x1083,0x0883,0x0884,0x1083,0x0883,0x1083,
  0x0884,0x1083,0x0884,0x0883,0x1084,0x0883,0x0883,0x1084,0x0883,0x0883,0x1084,0x0883,0x1084,0x0883,0x1083,0x0883,
  0x0884,0x1083,0x0883,0x1083,0x0883,0x1083,0x0884,0x1083,0x0883,0x0884,0x1083,0x0884,0x0883,0x1083,0x0884,0x1083,
  0x0883,0x1083,0x0884,0x0883,0x1083,0x0884,0x1083,0x0884,0x1083,0x0883,0x1084,0x0883,0x0884,0x1083,0x0883,0x1084,
  0x0883,0x1083,0x0884,0x0884,0x1083,0x0883,0x1084,0x0883,0x1083,0x0884,0x1083,0x0883,0x1084,0x0883,0x1083,0x0884,
  0x0883,0x1083,0x0884,0x1083,0x0884,0x1083,0x0884,0x1083,0x0883,0x1084,0x0883,0x1083,0x0884,0x1083,0x0883,0x0884,
  0x1083,0x0883,0x1084,0x0883,0x0884,0x1083,0x0883,0x1084,0x0883,0x1083,0x0884,0x0883,0x1084,0x0883,0x1083,0x0884,
  0x1083,0x0884,0x0883,0x1083,0x0884,0x1083,0x0883,0x1083,0x0883,0x1084,0x0883,0x1083,0x0884,0x1083,0x0883,0x1084,
  0x0883,0x1084,0x0883,0x1083,0x0884,0x1083,0x0883,0x1084,0x0883,0x1083,0x0884,0x1083,0x0883,0x1084,0x0883,0x0883,
  0x1084,0x0883,0x1083,0x0884,0x1083,0x0884,0x0883,0x1083,0x0884,0x1083,0x0883,0x1083,0x0883,0x1084,0x0883,0x1083,
  0x0884,0x1083,0x0883,0x1084,0x0883,0x1084,0x0883,0x1083,0x0884,0x1083,0x0883,0x1084,0x0883,0x1083,0x0884,0x1083,
  0x0883,0x1084,0x0883,0x0883,0x1084,0x0883,0x1083,0x0884,0x1083,0x0884,0x0883,0x1083,0x0884,0x1083,0x0883,0x1083,
  0x0883,0x1084,0x0883,0x1083,0x0884,0x1083,0x0883,0x1084,0x0883,0x1084,0x0883,0x1083,0x0884,0x1083,0x0883,0x1084,
  0x0883,0x1083,0x0884,0x1083,0x0883,0x1084,0x0883,0x0883,0x1084,0x0883,0x1083,0x0884,0x1083,0x0884,0x0883,0x1083,
  0x0884,0x1083,0x0883,0x1083,0x0883,0x1084,0x0883,0x1083,0x0884,0x1083,0x0883,0x1084,0x0883,0x1084,0x0883,0x1083,
  0x0884,0x1083,0x0883,0x1084,0x0883,0x1083,0x0884,0x1083,0x0883,0x1084,0x0883,0x0883,0x1084,0x0883,0x1083,0x0884,
  0x1083,0x0884,0x0883,0x1083,0x0884,0x1083,0x0883,0x1083,0x0883,0x1084,0x0883,0x1083,0x0884,0x1083,0x0883,0x1084,
  0x0883,0x1084,0x0883,0x1083,0x0884,0x1083,0x0883,0x0884,0x1083,0x0883,0x1084,0x0883,0x1083,0x0884,0x1083,0x0883,
  0x0884,0x08a4,0x0883,0x0884,0x0884,0x08a4,0x0884,0x0884,0x0883,0x08a4,0x1084,0x0884,0x0883,0x0884,0x08a4,0x0884,
  0x1084,0x0884,0x08a4,0x0884,0x1084,0x0884,0x0884,0x1084,0x1084,0x0884,0x0884,0x08a4,0x0883,0x0884,0x1084,0x1084,
  0x0884,0x0884,0x0884,0x10a4,0x0884,0x0884,0x1083,0x0885,0x0884,0x0884,0x0884,0x0884,0x1084,0x1084,0x1084,0x08a4,
  0x0883,0x08a4,0x10a4,0x1084,0x08a4,0x10a4,0x08a4,0x10a4,0x0884,0x0884,0x08a4,0x10a4,0x10a4,0x10a4,0x10c5,0x08a4,
  0x10c4,0x10a4,0x08c4,0x10a4,0x08c4,0x10a5,0x10c4,0x08a4,0x10a4,0x08c4,0x10a4,0x08c5,0x10a4,0x08c4,0x10a4,0x08a4,
  0x10a4,0x10a4,0x08a4,0x10a4,0x08a4,0x10a4,0x10a4,0x08a4,0x10c4,0x08a5,0x10c4,0x10a4,0x08c5,0x10a4,0x10c4,0x08a5,
  0x10c4,0x10a4,0x08c4,0x08a4,0x10c4,0x10a4,0x08c4,0x10a4,0x10c4,0x08a4,0x10c4,0x08a4,0x10a5,0x08a4,0x10c4,0x10a5,
  0x08c4,0x10a4,0x08c5,0x10a4,0x08c4,0x10a4,0x10c4,0x08a4,0x10a4,0x08a4,0x10a4,0x10a4,0x10a4,0x08c4,0x10a4,0x08a4,
  0x10c4,0x08a4,0x10c5,0x08a4,0x10a4,0x08c4,0x10a4,0x10a4,0x08a4,0x10c4,0x08a4,0x10a4,0x08c4,0x10a4,0x10c4,0x10a4,
  0x10c4,0x0884,0x10a4,0x08c4,0x0884,0x08a4,0x1084,0x1084,0x1084,0x1084,0x08a4,0x0883,0x10c5,0x1084,0x10a4,0x08a4,
  0x0884,0x0884,0x1084,0x0884,0x08a4,0x1084,0x10a4,0x08a4,0x0884,0x10a4,0x0884,0x0884,0x0884,0x08a4,0x0883,0x0884,
  0x0884,0x0884,0x0884,0x0884,0x08a4,0x0884,0x0884,0x1084,0x08a4,0x0884,0x0884,0x0884,0x0884,0x0884,0x0883,0x08a5,
  0x0883,0x0885,0x0884,0x0884,0x0884,0x0884,0x0884,0x0883,0x10a4,0x0884,0x0884,0x1084,0x0884,0x1084,0x1084,0x1084,
  0x0884,0x1084,0x0883,0x0884,0x0884,0x0884,0x1083,0x0883,0x1084,0x0883,0x0883,0x1084,0x0883,0x0883,0x0884,0x1083,
  0x0883,0x0884,0x1083,0x0884,0x0884,0x0883,0x1083,0x0884,0x1083,0x0883,0x0884,0x1083,0x0884,0x0883,0x0883,0x1084,
  0x0884,0x0883,0x1083,0x0884,0x0883,0x0884,0x0883,0x0883,0x0884,0x1083,0x0884,0x0883,0x1083,0x0884,0x1083,0x0883,
  0x0884,0x0883,0x1083,0x0883,0x0884,0x0883,0x0883,0x0884,0x1083,0x0883,0x0884,0x0883,0x0884,0x1083,0x0884,0x0883,
  0x1084,0x0883,0x0883,0x0884,0x0883,0x0883,0x1083,0x0884,0x0883,0x0883,0x0884,0x1083,0x0883,0x0884,0x1083,0x0883,
  0x0884,0x1083,0x0883,0x0883,0x1084,0x0883,0x0884,0x0883,0x1083,0x0884,0x0883,0x1083,0x0883,0x0884,0x0883,0x1083,
  0x0883,0x0883,0x1084,0x0883,0x0883,0x1084,0x0883,0x0884,0x0883,0x0884,0x1083,0x0884,0x0883,0x1084,0x0883,0x0884,
  0x0883,0x0884,0x0883,0x0884,0x1083,0x0884,0x0883,0x0883,0x1084,0x0883,0x0883,0x0884,0x1083,0x0883,0x0884,0x1083,
  0x0883,0x0884,0x0883,0x1083,0x0883,0x0883,0x1084,0x0883,0x0883,0x1084,0x0883,0x0884,0x0883,0x0884,0x1083,0x0884,
  0x0883,0x1084,0x0883,0x0884,0x0883,0x0884,0x0883,0x0884,0x1083,0x0884,0x0883,0x0883,0x1084,0x0883,0x0883,0x0884,
  0x1083,0x0883,0x0884,0x1083,0x0883,0x0884,0x0883,0x1083,0x0883,0x0883,0x1084,0x0883,0x0883,0x1084,0x0883,0x0884,
  0x0883,0x0884,0x1083,0x0884,0x0883,0x1084,0x0883,0x0884,0x0883,0x0884,0x0883,0x0884,0x1083,0x0884,0x0883,0x0883,
  0x1084,0x0883,0x0883,0x0884,0x1083,0x0883,0x0884,0x1083,0x0883,0x0884,0x0883,0x1083,0x0883,0x0883,0x1084,0x0883,
  0x0883,0x1084,0x0883,0x0884,0x0883,0x0884,0x1083,0x0884,0x0883,0x1084,0x0883,0x0884,0x0883,0x0884,0x0883,0x0884,
  0x1083,0x0884,0x0883,0x0883,0x1084,0x0883,0x0883,0x0884,0x1083,0x0883,0x0884,0x1083,0x0883,0x0884,0x0883,0x1083,
  0x0883,0x0883,0x1084,0x0883,0x0883,0x1084,0x0883,0x0884,0x0883,0x0884,0x1083,0x0884,0x0883,0x1084,0x0883,0x0884,
  0x0883,0x0884,0x1083,0x0884,0x0883,0x0884,0x1083,0x0883,0x1084,0x0883,0x0883,0x0884,0x1083,0x0883,0x0884,0x0883,
  0x1083,0x0884,0x1083,0x0884,0x1083,0x0883,0x1084,0x0883,0x1084,0x0883,0x0884,0x1083,0x0884,0x1083,0x0883,0x1084,
  0x0883,0x0883,0x1084,0x0883,0x1084,0x0883,0x1083,0x0883,0x0884,0x1083,0x0883,0x1084,0x0883,0x1084,0x0883,0x0884,
  0x0883,0x1084,0x0883,0x1084,0x0883,0x1084,0x0884,0x08a3,0x1083,0x0884,0x1083,0x0884,0x0883,0x0884,0x0883,0x1084,
  0x0884,0x1084,0x0883,0x0884,0x1084,0x0884,0x1083,0x0884,0x1084,0x0883,0x1084,0x0884,0x08a4,0x0883,0x1084,0x0883,
  0x1084,0x0884,0x1084,0x0884,0x1084,0x0883,0x0884,0x1084,0x08a4,0x1084,0x0883,0x1084,0x0884,0x1084,0x0884,0x1084,
  0x0884,0x1084,0x0884,0x1084,0x0884,0x1084,0x0884,0x10a4,0x1083,0x0884,0x1083,0x0884,0x1083,0x0884,0x1083,0x0884,
  0x1083,0x0884,0x1084,0x0884,0x1084,0x0884,0x0884,0x1084,0x0884,0x1084,0x0884,0x1083,0x10a4,0x0883,0x1084,0x0883,
  0x1084,0x0883,0x1084,0x1083,0x0884,0x1084,0x0884,0x1084,0x0884,0x1084,0x0884,0x1084,0x0884,0x1084,0x08a4,0x1084,
  0x0884,0x1083,0x0884,0x1083,0x0884,0x1084,0x0884,0x08a4,0x1084,0x0884,0x1084,0x08a4,0x1084,0x0884,0x0884,0x0884,
  0x1083,0x0884,0x1083,0x0884,0x1083,0x1084,0x0883,0x0883,0x08a4,0x0883,0x1084,0x0883,0x1084,0x0883,0x0884,0x1084,
  0x0883,0x1083,0x08a4,0x1083,0x0883,0x0884,0x0883,0x1084,0x0883,0x1084,0x0883,0x1084,0x0883,0x1084,0x0884,0x1083,
  0x1084,0x0883,0x1084,0x0883,0x1084,0x0883,0x1083,0x0883,0x0883,0x1083,0x0883,0x1084,0x0883,0x1084,0x0883,0x1084,
  0x0883,0x1083,0x0883,0x1084,0x0883,0x1083,0x0884,0x1083,0x1084,0x0883,0x1084,0x0883,0x0884,0x0883,0x0883,0x0884,
  0x1083,0x0884,0x1084,0x1083,0x0884,0x1083,0x0884,0x0883,0x0884,0x1083,0x0884,0x0883,0x1084,0x0883,0x1084,0x0883,
  0x1084,0x0883,0x0884,0x1083,0x0883,0x1084,0x0883,0x0884,0x0883,0x1084,0x0883,0x0883,0x1084,0x0883,0x1084,0x0883,
  0x1083,0x0884,0x0883,0x1084,0x0883,0x1083,0x1084,0x0883,0x1084,0x0883,0x1083,0x0884,0x0883,0x1084,0x0883,0x0884,
  0x1083,0x0884,0x0884,0x1083,0x0884,0x1083,0x1084,0x0883,0x0884,0x1083,0x0884,0x1083,0x0883,0x0884,0x1083,0x0883,
  0x0884,0x1083,0x0884,0x1083,0x1084,0x0883,0x0884,0x1083,0x0884,0x1083,0x0884,0x0883,0x1084,0x0883,0x0884,0x1083,
  0x0884,0x0883,0x1084,0x0883,0x0884,0x1083,0x0883,0x1084,0x0883,0x1084,0x0883,0x0884,0x1083,0x0884,0x1083,0x0884,
  0x0884,0x1083,0x0884,0x1083,0x0884,0x0883,0x1084,0x0883,0x1084,0x0883,0x0884,0x1083,0x0883,0x0884,0x1083,0x0883,
  0x1084,0x1083,0x0883,0x1084,0x0883,0x1083,0x0884,0x1083,0x0884,0x1083,0x0884,0x1083,0x0884,0x1083,0x0884,0x0883,
  0x1084,0x0883,0x1084,0x0884,0x0883,0x1084,0x0883,0x1084,0x0883,0x0884,0x1083,0x0884,0x1083,0x0883,0x0884,0x1083,
  0x0883,0x0884,0x1083,0x0883,0x1084,0x1083,0x0883,0x1084,0x0883,0x1083,0x0884,0x1083,0x0884,0x1083,0x0884,0x1083,
  0x0884,0x1083,0x0884,0x0883,0x1084,0x0883,0x1084,0x0884,0x0883,0x1084,0x0883,0x1084,0x0883,0x0884,0x1083,0x0884,
  0x1083,0x0883,0x0884,0x1083,0x0883,0x0884,0x1083,0x0883,0x1084,0x1083,0x0883,0x1084,0x0883,0x1083,0x0884,0x1083,
  0x0884,0x1083,0x0884,0x1083,0x0884,0x1083,0x0884,0x0883,0x1084,0x0883,0x1084,0x0884,0x0883,0x1084,0x0883,0x1084,
  0x0883,0x0884,0x1083,0x0884,0x1083,0x0883,0x0884,0x1083,0x0883,0x0884,0x1083,0x0883,0x1084,0x1083,0x0883,0x1084,
  0x0883,0x1083,0x0884,0x1083,0x0884,0x1083,0x0884,0x1083,0x0884,0x1083,0x0884,0x0883,0x1084,0x0883,0x1084,0x0884,
  0x0883,0x1084,0x0883,0x1084,0x0883,0x0884,0x1083,0x0884,0x1083,0x0883,0x0884,0x1083,0x0883,0x0884,0x1083,0x0883,
  0x1084,0x0883,0x0883,0x1084,0x0883,0x1083,0x0884,0x0883,0x0884,0x1083,0x0884,0x1083,0x0884,0x0883,0x1084,0x0883,
  0x0883,0x0884,0x0884,0x08a4,0x0884,0x0884,0x0883,0x08a4,0x0884,0x1083,0x0884,0x0883,0x08a4,0x0884,0x0884,0x0883,
  0x1084,0x0883,0x1084,0x0883,0x10a4,0x0884,0x0884,0x08a4,0x0884,0x10a4,0x0883,0x1084,0x0884,0x08a4,0x0883,0x08a4,
  0x0884,0x08a4,0x0884,0x0884,0x0883,0x08a4,0x1084,0x08a4,0x1084,0x1084,0x08a4,0x10a4,0x0884,0x10a4,0x08a4,0x0883,
  0x08a4,0x1084,0x1084,0x10a4,0x08a4,0x10a4,0x0884,0x08a4,0x10a4,0x08a4,0x10a4,0x10a4,0x10a4,0x08a4,0x10a4,0x08a4,
  0x10a4,0x08a4,0x10a4,0x10a4,0x08a4,0x10a4,0x08a4,0x10a4,0x08a4,0x10a4,0x10a4,0x08a4,0x10a4,0x08a4,0x10a4,0x10a4,
  0x08a4,0x10a4,0x08a4,0x10a4,0x08a4,0x10a4,0x08a4,0x10a4,0x08a4,0x10a4,0x10a4,0x08a4,0x10a4,0x10a4,0x08a4,0x10a4,
  0x10a4,0x08a4,0x10c4,0x10a4,0x08a4,0x10a4,0x08a4,0x10a4,0x08c4,0x10a4,0x08a4,0x08a4,0x10a4,0x08a4,0x10a4,0x08a4,
  0x10a4,0x08a4,0x10a4,0x08a4,0x10a4,0x08a4,0x08a4,0x10a4,0x0884,0x10a4,0x08a4,0x10a4,0x08a4,0x10a4,0x08a4,0x10a4,
  0x10a4,0x08a4,0x10a4,0x08a4,0x10c4,0x08a4,0x10a4,0x10a4,0x08a4,0x10a4,0x08a4,0x10a4,0x10a4,0x10a4,0x10a4,0x10a4,
  0x08a4,0x08a3,0x08a4,0x1084,0x0883,0x10a4,0x0884,0x10a4,0x1084,0x08a4,0x0884,0x08a4,0x10a4,0x08a4,0x10a4,0x08a4,
  0x1084,0x1084,0x08a4,0x0884,0x08a4,0x10a4,0x0884,0x1083,0x0884,0x1084,0x0884,0x08a4,0x0884,0x1083,0x0884,0x10a4,
  0x0884,0x10a4,0x0884,0x1084,0x08a4,0x1083,0x0884,0x0884,0x1084,0x0884,0x0883,0x08a4,0x1084,0x08a4,0x0883,0x0884,
  0x1084,0x08a4,0x0884,0x0884,0x08a4,0x1084,0x08a4,0x0883,0x1084,0x0884,0x08a4,0x0883,0x10a4,0x0884,0x10a4,0x0883,
  0x10a4,0x0883,0x1084,0x0883,0x0884,0x0883,0x1084,0x0883,0x1083,0x0884,0x1083,0x0883,0x0884,0x1083,0x0883,0x0884,
  0x0883,0x1084,0x0883,0x0884,0x1083,0x0884,0x0883,0x1084,0x0883,0x0864,0x1084,0x0883,0x0884,0x1084,0x0883,0x0884,
  0x0883,0x1084,0x0883,0x0883,0x1084,0x0883,0x0884,0x1083,0x0883,0x0884,0x0883,0x1084,0x0883,0x0883,0x1084,0x0883,
  0x0883,0x1083,0x0883,0x1084,0x0883,0x0884,0x0883,0x1083,0x0884,0x0883,0x1083,0x0884,0x1083,0x0883,0x0884,0x1083,
  0x0883,0x0884,0x1083,0x0883,0x0884,0x1083,0x0883,0x0884,0x1083,0x0884,0x1083,0x0883,0x0884,0x1083,0x0883,0x1084,
  0x0883,0x1084,0x0883,0x1084,0x0883,0x0884,0x1083,0x0884,0x0883,0x0883,0x1084,0x0883,0x0884,0x1083,0x0884,0x0883,
  0x1083,0x0884,0x0883,0x0883,0x1084,0x0883,0x0883,0x1084,0x0883,0x1083,0x0883,0x0884,0x1083,0x0883,0x0884,0x1083,
  0x0883,0x0884,0x1083,0x0883,0x0884,0x0883,0x1084,0x0883,0x0883,0x0884,0x1083,0x0884,0x0883,0x0883,0x1084,0x0883,
  0x0883,0x1084,0x0883,0x0883,0x1084,0x0883,0x0884,0x0883,0x1084,0x0883,0x0883,0x1084,0x0883,0x1084,0x0883,0x0884,
  0x1083,0x0883,0x0884,0x1083,0x0883,0x0884,0x1083,0x0883,0x0884,0x0883,0x1084,0x0883,0x0883,0x0884,0x1083,0x0884,
  0x0883,0x0883,0x1084,0x0883,0x0883,0x1084,0x0883,0x0883,0x1084,0x0883,0x0884,0x0883,0x1084,0x0883,0x0883,0x1084,
  0x0883,0x1084,0x0883,0x0884,0x1083,0x0883,0x0884,0x1083,0x0883,0x0884,0x1083,0x0883,0x0884,0x0883,0x1084,0x0883,
  0x0883,0x0884,0x1083,0x0884,0x0883,0x0883,0x1084,0x0883,0x0883,0x1084,0x0883,0x0883,0x1084,0x0883,0x0884,0x0883,
  0x1084,0x0883,0x0883,0x1084,0x0883,0x1084,0x0883,0x0884,0x1083,0x0883,0x0884,0x1083,0x0883,0x0884,0x1083,0x0883,
  0x0884,0x0883,0x1084,0x0883,0x0883,0x0884,0x1083,0x0884,0x0883,0x0883,0x1084,0x0883,0x0883,0x1084,0x0883,0x0883,
  0x1084,0x0883,0x0884,0x0883,0x1084,0x0883,0x0883,0x1084,0x0883,0x1084,0x0883,0x0884,0x1083,0x0883,0x0884,0x1083,
  0x0883,0x1084,0x0883,0x0883,0x1084,0x0883,0x1084,0x0883,0x1084,0x0883,0x0883,0x0884,0x1083,0x0884,0x1083,0x0884,
  0x1084,0x0883,0x1083,0x1083,0x0883,0x1084,0x1083,0x0884,0x1083,0x0884,0x1083,0x0884,0x1083,0x1083,0x0884,0x1083,
  0x0884,0x1083,0x0884,0x1083,0x0884,0x1083,0x0883,0x1083,0x0883,0x1084,0x0883,0x1084,0x0883,0x1083,0x1084,0x0883,
  0x1084,0x1083,0x0883,0x1083,0x1084,0x0883,0x1084,0x0883,0x0883,0x1083,0x0883,0x0883,0x1083,0x0884,0x1083,0x1084,
  0x0883,0x1083,0x0883,0x0883,0x1083,0x0883,0x0883,0x1083,0x0883,0x1084,0x0883,0x0883,0x0884,0x1083,0x0884,0x1083,
  0x0884,0x1083,0x0883,0x0883,0x10a4,0x0883,0x1083,0x0884,0x1083,0x0883,0x1084,0x0883,0x1083,0x0883,0x1083,0x0883,
  0x1083,0x0883,0x1083,0x0883,0x1083,0x0883,0x1083,0x0884,0x1083,0x0884,0x0883,0x1084,0x0883,0x0884,0x1083,0x08a4,
  0x0883,0x1084,0x0883,0x0883,0x0884,0x1083,0x0883,0x1083,0x0883,0x0883,0x1084,0x0883,0x1084,0x0883,0x1084,0x0883,
  0x0884,0x1083,0x08a4,0x0883,0x1084,0x0883,0x1083,0x0883,0x1083,0x0883,0x1083,0x0883,0x1083,0x0883,0x1083,0x0883,
  0x0884,0x1083,0x0884,0x1083,0x0884,0x1083,0x0883,0x0883,0x1083,0x0883,0x1083,0x0883,0x0883,0x0883,0x0883,0x1084,
  0x0883,0x1084,0x0883,0x1084,0x0883,0x1084,0x0883,0x1083,0x0884,0x1083,0x0883,0x1084,0x0883,0x1083,0x0884,0x1083,
  0x0883,0x0883,0x1083,0x0883,0x1084,0x0883,0x1084,0x0883,0x1084,0x0883,0x1083,0x1083,0x0884,0x0883,0x1084,0x0883,
  0x0883,0x1083,0x0883,0x1083,0x0884,0x0883,0x1084,0x0883,0x0883,0x1084,0x0883,0x1084,0x0883,0x1083,0x0884,0x1083,
  0x0883,0x1084,0x0883,0x1083,0x0883,0x0883,0x1084,0x0883,0x1084,0x0883,0x1083,0x0884,0x0883,0x1083,0x0884,0x0883,
  0x1084,0x0883,0x1084,0x0883,0x1084,0x0883,0x1084,0x0883,0x0884,0x1083,0x0884,0x1083,0x0884,0x0883,0x1084,0x0883,
  0x1084,0x0883,0x1083,0x0884,0x0883,0x1084,0x0883,0x1084,0x0883,0x1084,0x0883,0x1084,0x0883,0x0883,0x1084,0x0883,
  0x1083,0x0884,0x1083,0x0884,0x0883,0x1084,0x0883,0x0884,0x1083,0x0884,0x1083,0x0883,0x1084,0x0883,0x0884,0x1083,
  0x0884,0x1084,0x0883,0x0884,0x1083,0x0883,0x1084,0x0883,0x1084,0x0883,0x1084,0x0883,0x0884,0x1083,0x0884,0x1083,
  0x0884,0x1083,0x0884,0x1083,0x0884,0x0883,0x1084,0x0883,0x0884,0x1083,0x0884,0x1083,0x0884,0x1083,0x0884,0x0883,
  0x1084,0x0883,0x0883,0x1084,0x0883,0x1083,0x0884,0x1083,0x0884,0x1083,0x0884,0x1083,0x0883,0x0884,0x1083,0x0884,
  0x1083,0x0883,0x1084,0x0883,0x1084,0x0883,0x1084,0x0883,0x0884,0x1084,0x0883,0x1084,0x0883,0x1084,0x0883,0x0884,
  0x1083,0x0884,0x0883,0x1084,0x0883,0x1084,0x0883,0x1084,0x0883,0x1084,0x0883,0x1083,0x0884,0x1083,0x0884,0x1083,
  0x0884,0x0883,0x1084,0x0883,0x1084,0x0883,0x1083,0x0884,0x1083,0x0884,0x1083,0x0884,0x0883,0x1084,0x0883,0x1084,
  0x0883,0x1084,0x0883,0x0884,0x1083,0x0884,0x0883,0x1084,0x0883,0x1084,0x0883,0x1084,0x0883,0x1084,0x0883,0x1083,
  0x0884,0x1083,0x0884,0x1083,0x0884,0x0883,0x1084,0x0883,0x1084,0x0883,0x1083,0x0884,0x1083,0x0884,0x1083,0x0884,
  0x0883,0x1084,0x0883,0x1084,0x0883,0x1084,0x0883,0x0884,0x1083,0x0884,0x0883,0x1084,0x0883,0x1084,0x0883,0x1084,
  0x0883,0x1084,0x0883,0x1083,0x0884,0x1083,0x0884,0x1083,0x0884,0x0883,0x1084,0x0883,0x1084,0x0883,0x1083,0x0884,
  0x1083,0x0884,0x1083,0x0884,0x0883,0x1084,0x0883,0x1084,0x0883,0x1084,0x0883,0x0884,0x1083,0x0884,0x0883,0x1084,
  0x0883,0x1084,0x0883,0x1084,0x0883,0x1084,0x0883,0x1083,0x0884,0x1083,0x0884,0x1083,0x0884,0x0883,0x1084,0x0883,
  0x1084,0x0883,0x1083,0x0884,0x1083,0x0884,0x1083,0x0884,0x0883,0x1084,0x0883,0x1084,0x0883,0x1084,0x0883,0x0884,
  0x1083,0x0884,0x1083,0x0884,0x0883,0x1084,0x0883,0x0884,0x1083,0x0884,0x1083,0x0884,0x1083,0x0883,0x0884,0x1083,
  0x0883,0x1084,0x0883,0x0884,0x1083,0x0884,0x0883,0x1083,0x0884,0x0883,0x0884,0x1083,0x0884,0x0883,0x1084,0x0883,
  0x0884,0x0883,0x0884,0x1083,0x0883,0x0884,0x1083,0x0884,0x0883,0x1083,0x0884,0x0883,0x1084,0x0883,0x0884,0x1083,
  0x0883,0x0884,0x1083,0x0884,0x0883,0x0883,0x1084,0x0883,0x1084,0x0884,0x1083,0x0884,0x0883,0x1084,0x0883,0x0883,
  0x0884,0x0884,0x1083,0x0884,0x0884,0x1083,0x0884,0x0884,0x0883,0x0883,0x1084,0x0883,0x1083,0x0884,0x0883,0x0883,
  0x1084,0x0883,0x0884,0x1083,0x0883,0x0884,0x0883,0x1083,0x0884,0x0883,0x0883,0x0884,0x0883,0x1084,0x0884,0x0883,
  0x0884,0x1084,0x0883,0x0884,0x0884,0x0883,0x0884,0x1083,0x0883,0x0884,0x1083,0x0883,0x1084,0x0883,0x0884,0x1083,
  0x0883,0x0884,0x1083,0x0884,0x1083,0x0883,0x0884,0x0884,0x1083,0x0884,0x1083,0x0883,0x0883,0x0884,0x0883,0x1083,
  0x0884,0x0883,0x1083,0x0884,0x0883,0x1084,0x0883,0x0884,0x0884,0x0883,0x0884,0x0884,0x0883,0x1084,0x0884,0x0883,
  0x1083,0x0884,0x0883,0x0883,0x1084,0x0883,0x1084,0x0884,0x0883,0x0884,0x0884,0x1083,0x0884,0x1084,0x0883,0x0883,
  0x1084,0x0883,0x0884,0x1083,0x0884,0x0883,0x0884,0x0883,0x0883,0x1084,0x0883,0x0883,0x1084,0x0883,0x0883,0x0884,
  0x1083,0x0884,0x0884,0x1083,0x0883,0x0884,0x1083,0x0883,0x0884,0x0883,0x0884,0x0883,0x1083,0x0884,0x0883,0x1084,
  0x0883,0x0884,0x0884,0x0883,0x1083,0x0884,0x0883,0x1084,0x0883,0x0884,0x1083,0x0883,0x0884,0x0883,0x1084,0x0883,
  0x0884,0x0883,0x1084,0x0883,0x1084,0x0883,0x0883,0x1084,0x0883,0x0884,0x0883,0x1084,0x0883,0x0884,0x1083,0x0883,
  0x0884,0x1083,0x0883,0x0884,0x1083,0x0884,0x0883,0x1083,0x0884,0x0883,0x0883,0x0884,0x1083,0x0883,0x0884,0x1083,
  0x0883,0x0884,0x0883,0x1083,0x0884,0x0883,0x1083,0x0884,0x0883,0x0883,0x0884,0x0883,0x1084,0x0883,0x0883,0x1084,
  0x0883,0x0884,0x0883,0x1083,0x0884,0x0883,0x1083,0x0884,0x0883,0x1083,0x0884,0x0883,0x0884,0x1083,0x0883,0x1084,
  0x0883,0x0883,0x1084,0x0883,0x0884,0x1083,0x0884,0x0883,0x0883,0x1084,0x0883,0x0884,0x1083,0x0884,0x0883,0x0884,
  0x1083,0x0883,0x0884,0x0883,0x1083,0x0884,0x0883,0x1083,0x0883,0x0884,0x0883,0x0883,0x1084,0x0883,0x0883,0x1084,
  0x0883,0x0884,0x1083,0x0883,0x0884,0x0883,0x0883,0x0884,0x1083,0x0883,0x0884,0x0883,0x1084,0x0883,0x0883,0x1083,
  0x0884,0x0883,0x1084,0x0883,0x0883,0x0884,0x0883,0x1083,0x0883,0x0883,0x0884,0x0883,0x1084,0x0883,0x1084,0x0883,
  0x0884,0x1083,0x0884,0x0883,0x1084,0x0883,0x0883,0x0884,0x1083,0x0883,0x0884,0x0883,0x1084,0x0883,0x0883,0x0884,
  0x1083,0x0883,0x0884,0x1083,0x0883,0x0884,0x1083,0x0883,0x0884,0x0883,0x0883,0x1084,0x0883,0x0883,0x0883,0x0884,
  0x1083,0x0884,0x1083,0x0884,0x0883,0x1084,0x0883,0x0884,0x1083,0x0883,0x0884,0x0883,0x1084,0x0883,0x0884,0x0883,
  0x1084,0x0883,0x0883,0x0884,0x1083,0x0883,0x0884,0x1083,0x0883,0x0884,0x1083,0x0883,0x0884,0x0883,0x0883,0x1084,
  0x0883,0x0883,0x0883,0x0884,0x1083,0x0884,0x1083,0x0884,0x0883,0x1084,0x0883,0x0884,0x1083,0x0883,0x0884,0x0883,
  0x1084,0x0883,0x0884,0x0883,0x1084,0x0883,0x0883,0x0884,0x1083,0x0883,0x0884,0x1083,0x0883,0x0884,0x1083,0x0883,
  0x0884,0x0883,0x0883,0x1084,0x0883,0x0883,0x0883,0x0884,0x1083,0x0884,0x1083,0x0884,0x0883,0x1084,0x0883,0x0884,
  0x1083,0x0883,0x0884,0x0883,0x1084,0x0883,0x0884,0x0883,0x1084,0x0883,0x0883,0x0884,0x1083,0x0883,0x0884,0x1083,
  0x0883,0x0884,0x1083,0x0883,0x0884,0x0883,0x0883,0x1084,0x0883,0x0883,0x0883,0x0884,0x1083,0x0884,0x1083,0x0884,
  0x0883,0x0884,0x0883,0x1084,0x0883,0x0883,0x1084,0x0883,0x0883,0x1084,0x0883,0x0883,0x0884,0x1083,0x0883,0x0884,
  0x0883,0x0884,0x1083,0x0884,0x0883,0x1083,0x0884,0x0883,0x1083,0x1084,0x0883,0x0883,0x1084,0x0883,0x0883,0x1084,
  0x0883,0x1083,0x0884,0x1083,0x0884,0x1083,0x0884,0x1083,0x0884,0x0883,0x1084,0x0883,0x0883,0x10a4,0x0883,0x0884,
  0x1083,0x0884,0x0883,0x1083,0x0884,0x1083,0x0884,0x1083,0x08a3,0x0884,0x0883,0x1084,0x0883,0x1083,0x0884,0x1083,
  0x1083,0x0884,0x0883,0x1083,0x0884,0x0883,0x1083,0x1084,0x0883,0x1084,0x0883,0x1084,0x0883,0x1084,0x0883,0x1084,
  0x0883,0x10a4,0x0883,0x0884,0x1083,0x0884,0x1083,0x0884,0x1083,0x0884,0x1083,0x1084,0x08a3,0x0883,0x1084,0x0883,
  0x1083,0x0884,0x1083,0x0883,0x1084,0x1083,0x0884,0x0883,0x1084,0x0883,0x1084,0x0883,0x08a4,0x1083,0x0883,0x1084,
  0x0883,0x1084,0x0883,0x0883,0x1084,0x0883,0x1083,0x0884,0x1083,0x0883,0x0884,0x1084,0x0883,0x1083,0x08a4,0x1083,
  0x0884,0x1083,0x0884,0x1083,0x0883,0x0884,0x1083,0x0883,0x1084,0x1083,0x1083,0x0884,0x1083,0x0883,0x1083,0x0884,
  0x1083,0x08a4,0x1083,0x0884,0x0883,0x1084,0x0883,0x1083,0x0884,0x1083,0x0883,0x1084,0x0883,0x1083,0x0884,0x1083,
  0x0884,0x1083,0x0883,0x0884,0x1083,0x1083,0x0884,0x1083,0x0884,0x1083,0x0884,0x1083,0x0884,0x1083,0x0884,0x1083,
  0x0884,0x1083,0x0883,0x0884,0x1083,0x0884,0x0883,0x10a4,0x0883,0x1083,0x1084,0x0883,0x1084,0x0883,0x1083,0x0884,
  0x1083,0x0883,0x1083,0x0884,0x1083,0x0884,0x1083,0x0884,0x1083,0x0883,0x0884,0x1083,0x0884,0x1083,0x0883,0x1084,
  0x0883,0x1083,0x0884,0x0883,0x1084,0x0883,0x1084,0x0883,0x1083,0x0884,0x1083,0x0883,0x1084,0x0883,0x1084,0x0883,
  0x1083,0x0884,0x1083,0x0884,0x0883,0x1083,0x0884,0x0883,0x1084,0x1083,0x0884,0x1083,0x0884,0x1083,0x0884,0x1083,
  0x0884,0x1083,0x0884,0x1083,0x0883,0x1084,0x0883,0x1084,0x0883,0x1084,0x1083,0x0883,0x1084,0x0883,0x1084,0x0883,
  0x1084,0x0883,0x1084,0x0883,0x1083,0x0884,0x1083,0x0883,0x1084,0x0883,0x1084,0x0883,0x1084,0x0883,0x1084,0x0883,
  0x1084,0x0883,0x1083,0x0884,0x1083,0x0883,0x1084,0x0883,0x1084,0x0883,0x1083,0x0884,0x1083,0x0883,0x1084,0x0883,
  0x1084,0x0883,0x1084,0x0883,0x1084,0x0883,0x1084,0x0884,0x1083,0x0883,0x1084,0x0883,0x1084,0x0883,0x1084,0x0883,
  0x1083,0x0884,0x0883,0x1084,0x0883,0x1084,0x1083,0x0884,0x1083,0x0884,0x1083,0x0883,0x1084,0x0883,0x1084,0x0883,
  0x1084,0x0883,0x0884,0x1083,0x0884,0x1083,0x0884,0x1084,0x0883,0x1084,0x1083,0x0883,0x0884,0x1083,0x0883,0x1084,
  0x0883,0x1083,0x0884,0x1083,0x0883,0x1084,0x0883,0x1084,0x0883,0x1084,0x0883,0x1084,0x0883,0x1084,0x0883,0x1084,
  0x0883,0x1084,0x0883,0x0884,0x1083,0x0884,0x0883,0x1084,0x0883,0x1084,0x0883,0x1083,0x0884,0x1084,0x1083,0x0883,
  0x0884,0x1083,0x0883,0x1084,0x0883,0x1083,0x0884,0x1083,0x0884,0x1083,0x0884,0x1083,0x0883,0x1084,0x0883,0x1083,
  0x0884,0x1083,0x0884,0x1083,0x0884,0x1083,0x0883,0x0884,0x1083,0x0884,0x0883,0x1084,0x0883,0x1084,0x0883,0x1083,
  0x0884,0x1084,0x1083,0x0883,0x0884,0x1083,0x0883,0x1084,0x0883,0x1083,0x0884,0x1083,0x0884,0x1083,0x0884,0x1083,
  0x0883,0x1084,0x0883,0x1083,0x0884,0x1083,0x0884,0x1083,0x0884,0x1083,0x0883,0x0884,0x1083,0x0884,0x0883,0x1084,
  0x0883,0x1084,0x0883,0x1083,0x0884,0x1084,0x1083,0x0883,0x0884,0x1083,0x0883,0x1084,0x0883,0x1083,0x0884,0x1083,
  0x0884,0x1083,0x0884,0x1083,0x0883,0x1084,0x0883,0x1083,0x0884,0x1083,0x0884,0x1083,0x0884,0x1083,0x0883,0x0884,
  0x1083,0x0884,0x0883,0x1084,0x0883,0x1084,0x0883,0x1083,0x0884,0x1084,0x1083,0x0883,0x0884,0x1083,0x0883,0x1084,
  0x0883,0x1083,0x0884,0x1083,0x0884,0x1083,0x0883,0x1084,0x0883,0x0883,0x1084,0x1083,0x0884,0x1083,0x0884,0x1083,
  0x1083,0x0884,0x0883,0x1083,0x0884,0x0883,0x1084,0x0883,0x0884,0x0883,0x1084,0x0883,0x0884,0x1083,0x0884,0x0883,
  0x1084,0x0883,0x08a4,0x0883,0x1083,0x0884,0x0883,0x0884,0x1083,0x0884,0x0883,0x1084,0x0883,0x0883,0x1084,0x0883,
  0x0883,0x1084,0x0883,0x0884,0x1083,0x0884,0x08a3,0x0884,0x1083,0x0883,0x1084,0x0883,0x0884,0x0883,0x1084,0x0883,
  0x0884,0x1083,0x0884,0x0883,0x1084,0x0883,0x0884,0x0883,0x1084,0x0883,0x0884,0x0883,0x0884,0x0883,0x1083,0x0884,
  0x0883,0x0883,0x1084,0x0883,0x0884,0x1083,0x0884,0x0883,0x0884,0x1083,0x08a4,0x0883,0x1084,0x0883,0x0884,0x1083,
  0x0884,0x0883,0x0884,0x1083,0x0884,0x0883,0x1083,0x0884,0x0883,0x1083,0x0884,0x0883,0x1083,0x0884,0x0883,0x0884,
  0x1083,0x0883,0x0884,0x1083,0x0884,0x0883,0x10a4,0x0883,0x0884,0x1083,0x0883,0x0884,0x1083,0x0884,0x1083,0x0884,
  0x0883,0x0884,0x0883,0x0884,0x1083,0x0884,0x0883,0x1084,0x0883,0x0884,0x0883,0x1083,0x0884,0x08a4,0x0883,0x1084,
  0x0883,0x0883,0x1084,0x0883,0x1083,0x0883,0x0884,0x0883,0x1084,0x0883,0x1084,0x0883,0x0884,0x0883,0x10a4,0x0883,
  0x0883,0x0884,0x1083,0x0884,0x0883,0x0884,0x1083,0x0884,0x0883,0x1084,0x0883,0x0884,0x0883,0x0884,0x1083,0x0884,
  0x0883,0x0884,0x1083,0x0884,0x1083,0x0883,0x1084,0x0883,0x1084,0x0883,0x0884,0x0883,0x0883,0x1084,0x0883,0x0884,
  0x0883,0x1084,0x0883,0x1084,0x0883,0x0883,0x0884,0x1083,0x0884,0x10a3,0x0884,0x0883,0x1083,0x0884,0x0883,0x0884,
  0x1083,0x0884,0x0883,0x1083,0x0884,0x0883,0x0883,0x0884,0x0883,0x1084,0x0883,0x0884,0x1083,0x0883,0x0884,0x0883,
  0x0884,0x0883,0x0884,0x1083,0x0884,0x0883,0x1084,0x0883,0x0883,0x0884,0x1083,0x0883,0x0884,0x1083,0x0883,0x0884,
  0x0883,0x1083,0x0884,0x0883,0x1084,0x0883,0x0884,0x0883,0x1084,0x0883,0x0884,0x0883,0x0884,0x1083,0x0884,0x0883,
  0x0883,0x1084,0x0883,0x0884,0x1083,0x0884,0x0883,0x1084,0x0883,0x0884,0x0883,0x1083,0x0884,0x0883,0x0883,0x0884,
  0x0883,0x1084,0x0883,0x0884,0x0883,0x1084,0x0883,0x0884,0x1083,0x0884,0x0883,0x0883,0x0884,0x1083,0x0883,0x0884,
  0x0883,0x1083,0x0884,0x0883,0x0883,0x1084,0x0883,0x0883,0x1084,0x0883,0x1084,0x0883,0x0883,0x0884,0x0883,0x0884,
  0x0883,0x1083,0x0884,0x0883,0x1084,0x0883,0x0884,0x0883,0x0883,0x1084,0x0883,0x0884,0x1083,0x0884,0x0883,0x0884,
  0x0883,0x1083,0x0884,0x0883,0x1083,0x0884,0x1083,0x0883,0x0884,0x0883,0x0884,0x1083,0x0883,0x0884,0x0883,0x0883,
  0x1084,0x0883,0x0883,0x0884,0x0883,0x0884,0x1083,0x0883,0x0884,0x0883,0x1084,0x0883,0x0883,0x0884,0x1083,0x0883,
  0x0884,0x1083,0x0883,0x1084,0x0883,0x1083,0x0884,0x0883,0x1083,0x0884,0x1083,0x0884,0x0883,0x0883,0x0884,0x1083,
  0x0884,0x0883,0x0884,0x0883,0x1084,0x0883,0x0883,0x0884,0x0883,0x0883,0x1084,0x0883,0x0884,0x0883,0x1084,0x0883,
  0x0884,0x0883,0x1083,0x0884,0x0883,0x1084,0x0883,0x1084,0x0883,0x1083,0x0884,0x0883,0x1083,0x0884,0x1083,0x0884,
  0x0883,0x0883,0x0884,0x1083,0x0884,0x0883,0x0884,0x0883,0x1084,0x0883,0x0883,0x0884,0x0883,0x0883,0x1084,0x0883,
  0x0884,0x0883,0x1084,0x0883,0x0884,0x0883,0x1083,0x0884,0x0883,0x1084,0x0883,0x1084,0x0883,0x1083,0x0884,0x0883,
  0x1083,0x0884,0x1083,0x0884,0x0883,0x0883,0x0884,0x1083,0x0884,0x0883,0x0884,0x0883,0x1084,0x0883,0x0883,0x0884,
  0x0883,0x0883,0x1084,0x0883,0x0884,0x0883,0x1084,0x0883,0x0884,0x0883,0x1083,0x0884,0x0883,0x1084,0x0883,0x1084,
  0x0883,0x1083,0x0884,0x0883,0x1083,0x0884,0x1083,0x0884,0x0883,0x0883,0x0884,0x1083,0x0884,0x0883,0x0884,0x0883,
  0x1084,0x0883,0x1083,0x0884,0x0883,0x0884,0x1083,0x0884,0x1083,0x0884,0x0883,0x0884,0x0883,0x0884,0x1083,0x0884,
  0x0884,0x1083,0x0884,0x1083,0x0884,0x1083,0x0884,0x10a3,0x0884,0x1083,0x0883,0x10a4,0x0883,0x1084,0x0883,0x10a4,
  0x0883,0x1084,0x1083,0x0884,0x0883,0x1084,0x0883,0x1083,0x0884,0x1083,0x08a3,0x1084,0x0883,0x1084,0x0883,0x1084,
  0x0883,0x1084,0x08a3,0x1084,0x0883,0x1083,0x0884,0x1083,0x0884,0x1083,0x0884,0x1083,0x0884,0x1083,0x08a4,0x0883,
  0x1084,0x08a3,0x1084,0x0883,0x1083,0x08a4,0x1083,0x0884,0x0883,0x1083,0x0884,0x1083,0x1083,0x0884,0x0883,0x10a4,
  0x0883,0x1084,0x0883,0x1083,0x0884,0x0883,0x10a3,0x0884,0x1083,0x0883,0x1084,0x0883,0x0884,0x1083,0x0883,0x1084,
  0x0883,0x1084,0x0883,0x0884,0x1083,0x0884,0x0883,0x1084,0x0883,0x0884,0x1083,0x0884,0x0883,0x1084,0x1083,0x0883,
  0x0884,0x1083,0x0884,0x08a3,0x1084,0x0883,0x0884,0x1083,0x0884,0x0883,0x10a4,0x0883,0x1084,0x0883,0x0884,0x1083,
  0x0883,0x1084,0x10a3,0x0883,0x1084,0x0883,0x10a4,0x0883,0x1084,0x08a3,0x1084,0x0883,0x1084,0x0883,0x1084,0x0883,
  0x1084,0x0883,0x0884,0x1083,0x0884,0x0883,0x10a4,0x0883,0x1084,0x08a3,0x0884,0x1083,0x08a4,0x1083,0x0883,0x1084,
  0x0883,0x1084,0x08a3,0x1083,0x0884,0x1083,0x08a3,0x1084,0x0883,0x08a3,0x1084,0x0883,0x10a3,0x0884,0x1083,0x0883,
  0x1084,0x0883,0x1084,0x0883,0x08a4,0x1083,0x0884,0x0883,0x0883,0x1084,0x0883,0x10a4,0x0883,0x0884,0x10a3,0x0884,
  0x1083,0x08a4,0x0883,0x0884,0x1083,0x08a4,0x1083,0x0883,0x0884,0x0883,0x1083,0x0884,0x0883,0x1084,0x0883,0x10a3,
  0x0884,0x1083,0x0884,0x0883,0x10a4,0x0883,0x1084,0x1083,0x0884,0x10a3,0x0884,0x1083,0x0884,0x1083,0x0884,0x1083,
  0x1084,0x1083,0x0883,0x1084,0x0883,0x1084,0x0883,0x1084,0x0883,0x1084,0x0883,0x1084,0x0883,0x0884,0x1083,0x0884,
  0x1083,0x0884,0x1083,0x0884,0x0883,0x1084,0x0883,0x1083,0x0884,0x1083,0x0883,0x1084,0x0883,0x0883,0x1084,0x0883,
  0x1084,0x0883,0x1083,0x0884,0x0883,0x1084,0x0883,0x0884,0x1083,0x0883,0x1084,0x0883,0x1084,0x0883,0x1084,0x1083,
  0x0884,0x0883,0x1084,0x0883,0x1084,0x0883,0x1083,0x0884,0x0883,0x1083,0x0884,0x1083,0x0884,0x1083,0x0884,0x1083,
  0x0884,0x0883,0x1084,0x0883,0x1084,0x0883,0x1084,0x0883,0x0884,0x1083,0x0884,0x1083,0x0884,0x1083,0x1084,0x1083,
  0x0884,0x1083,0x0884,0x1083,0x0883,0x1084,0x0883,0x1084,0x0883,0x1084,0x0883,0x1084,0x0883,0x1083,0x0884,0x1083,
  0x0884,0x1083,0x0884,0x1083,0x0884,0x0883,0x1084,0x0883,0x1084,0x1083,0x0884,0x1083,0x0884,0x1083,0x1084,0x0883,
  0x0884,0x1083,0x0884,0x1083,0x1084,0x0883,0x0884,0x1083,0x0884,0x1083,0x0883,0x1084,0x0883,0x1084,0x0883,0x1084,
  0x0883,0x0884,0x1083,0x0884,0x0883,0x1084,0x0883,0x1084,0x0883,0x0884,0x0883,0x1084,0x0883,0x1084,0x0883,0x1084,
  0x0883,0x1084,0x1083,0x0883,0x0884,0x1083,0x0884,0x1083,0x1084,0x0883,0x0884,0x1083,0x0883,0x1084,0x0883,0x1083,
  0x0884,0x1083,0x0884,0x1083,0x0884,0x0883,0x1084,0x0883,0x0884,0x1083,0x0884,0x1083,0x0884,0x0883,0x0884,0x1083,
  0x0884,0x1083,0x0884,0x1083,0x0883,0x1084,0x1083,0x0883,0x0884,0x1083,0x0884,0x1083,0x1084,0x0883,0x0884,0x1083,
  0x0883,0x1084,0x0883,0x1083,0x0884,0x1083,0x0884,0x1083,0x0884,0x0883,0x1084,0x0883,0x0884,0x1083,0x0884,0x1083,
  0x0884,0x0883,0x0884,0x1083,0x0884,0x1083,0x0884,0x1083,0x0883,0x1084,0x1083,0x0883,0x0884,0x1083,0x0884,0x1083,
  0x1084,0x0883,0x0884,0x1083,0x0883,0x1084,0x0883,0x1083,0x0884,0x1083,0x0884,0x1083,0x0884,0x0883,0x1084,0x0883,
  0x0884,0x1083,0x0884,0x1083,0x0884,0x0883,0x0884,0x1083,0x0884,0x1083,0x0884,0x1083,0x0883,0x1084,0x1083,0x0883,
  0x1084,0x0883,0x0884,0x1083,0x0884,0x1083,0x0884,0x0883,0x0884,0x1083,0x0884,0x1083,0x1083,0x0884,0x0883,0x1083,
  0x0883,0x1084,0x08a3,0x0884,0x1083,0x08a4,0x0883,0x1084,0x0883,0x0884,0x1083,0x0884,0x0883,0x1083,0x0884,0x0883,
  0x1083,0x0884,0x0883,0x1083,0x0884,0x10a3,0x0884,0x1083,0x08a4,0x0883,0x1084,0x0883,0x1084,0x0883,0x0884,0x10a3,
  0x0884,0x0883,0x1084,0x0883,0x0884,0x1083,0x0884,0x0883,0x1084,0x0883,0x0883,0x10a4,0x0883,0x0883,0x1084,0x0883,
  0x0883,0x1084,0x0883,0x0884,0x1083,0x0884,0x0883,0x1083,0x08a4,0x1083,0x0884,0x08a3,0x0884,0x1083,0x0884,0x1083,
  0x0884,0x0883,0x1084,0x0883,0x10a4,0x0883,0x1084,0x0883,0x0884,0x1083,0x0884,0x1083,0x0883,0x1084,0x0883,0x0884,
  0x10a3,0x0883,0x1084,0x0883,0x10a3,0x0884,0x1083,0x0884,0x10a3,0x0884,0x1083,0x08a4,0x1083,0x0884,0x0883,0x10a4,
  0x0883,0x1084,0x0883,0x1084,0x0883,0x1084,0x0883,0x1083,0x0884,0x1083,0x0884,0x1083,0x0883,0x10a4,0x0883,0x0884,
  0x10a3,0x0884,0x0883,0x1084,0x0883,0x0884,0x1083,0x0883,0x0884,0x1083,0x0884,0x0883,0x0883,0x1084,0x0883,0x08a3,
  0x0884,0x1083,0x0884,0x08a3,0x1084,0x0883,0x1084,0x0883,0x0883,0x1084,0x0883,0x0883,0x1084,0x0883,0x0884,0x1083,
  0x0884,0x0883,0x1084,0x0883,0x1084,0x0883,0x0884,0x1083,0x0884,0x1083,0x0884,0x1083,0x0884,0x1083,0x0884,0x08a3,
  0x1084,0x0883,0x08a3,0x1084,0x0883,0x0884,0x1083,0x0884,0x10a3,0x0884,0x1083,0x0884,0x1083,0x0884,0x1083,0x0883,
  0x0884,0x1083,0x1084,0x0883,0x1084,0x0883,0x0884,0x1083,0x0884,0x1083,0x0884,0x10a3,0x0884,0x1083,0x0884,0x0883,
  0x1084,0x0883,0x10a4,0x0883,0x1083,0x0884,0x0883,0x10a4,0x0883,0x0883,0x1084,0x0883,0x08a3,0x0884,0x1083,0x08a4,
  0x0883,0x0884,0x1083,0x08a4,0x0883,0x1083,0x08a4,0x0883,0x1084,0x08a3,0x0884,0x0883,0x10a4,0x0883,0x1084,0x0883,
  0x08a4,0x1083,0x0884,0x1083,0x0884,0x1083,0x0884,0x0883,0x1084,0x08a3,0x0884,0x1083,0x08a4,0x1083,0x0884,0x10a3,
  0x0884,0x0883,0x1084,0x08a3,0x1084,0x0883,0x1084,0x0883,0x1084,0x0883,0x0884,0x1083,0x0884,0x1083,0x0884,0x0883,
  0x10a3,0x0884,0x1083,0x0883,0x08a4,0x1083,0x0884,0x10a3,0x0884,0x1083,0x08a4,0x1083,0x0884,0x08a3,0x1084,0x0883,
  0x1084,0x08a3,0x1084,0x0883,0x0884,0x1083,0x0883,0x1084,0x0883,0x0884,0x0883,0x1084,0x0883,0x0884,0x0883,0x0883,
  0x1084,0x08a3,0x0884,0x1083,0x0884,0x0883,0x1083,0x0884,0x1083,0x0883,0x0884,0x0883,0x1084,0x0883,0x1084,0x0883,
  0x1084,0x08a3,0x0884,0x1083,0x0884,0x1083,0x0883,0x0884,0x0883,0x0883,0x1084,0x0883,0x0884,0x0883,0x0884,0x1083,
  0x0884,0x10a3,0x0884,0x0883,0x1084,0x0883,0x1084,0x0883,0x1083,0x0884,0x0883,0x0884,0x1083,0x0884,0x0883,0x0884,
  0x1083,0x08a4,0x0883,0x1083,0x0884,0x0883,0x1084,0x0883,0x1084,0x0883,0x1084,0x0883,0x1084,0x0883,0x1084,0x0883,
  0x1083,0x08a4,0x0883,0x1084,0x0883,0x1084,0x0883,0x0884,0x1083,0x0884,0x1083,0x0884,0x1083,0x0884,0x0883,0x0884,
  0x1083,0x08a4,0x0883,0x0884,0x1083,0x0883,0x0884,0x1083,0x0884,0x0883,0x1084,0x0883,0x1084,0x0883,0x1083,0x0884,
  0x1083,0x08a4,0x1083,0x0884,0x1083,0x0884,0x0883,0x1084,0x0883,0x1084,0x0883,0x0884,0x1083,0x0884,0x1083,0x0884,
  0x1083,0x08a4,0x0883,0x0884,0x1083,0x0884,0x0883,0x0884,0x1083,0x0883,0x0884,0x1083,0x0884,0x0883,0x1084,0x0883,
  0x1084,0x08a3,0x1083,0x0884,0x1083,0x0884,0x1083,0x0884,0x1083,0x0884,0x0883,0x1084,0x0883,0x1084,0x0883,0x0884,
  0x1083,0x08a4,0x1083,0x0884,0x1083,0x0884,0x0883,0x0884,0x1083,0x0884,0x0883,0x0884,0x1083,0x0883,0x0884,0x1083,
  0x0884,0x08a3,0x1084,0x0883,0x1084,0x0883,0x1083,0x0884,0x1083,0x0884,0x1083,0x0884,0x1083,0x0884,0x0883,0x1084,
  0x0883,0x10a4,0x0883,0x0884,0x1083,0x0883,0x1084,0x0883,0x1083,0x0884,0x1083,0x0884,0x0883,0x1084,0x0883,0x0884,
  0x0883,0x1084,0x0883,0x1084,0x0883,0x1083,0x0884,0x0883,0x1083,0x08a4,0x1083,0x0884,0x1083,0x08a4,0x1083,0x0884,
  0x0883,0x10a4,0x0883,0x1084,0x0883,0x0884,0x1083,0x0884,0x1083,0x0884,0x1083,0x0884,0x08a3,0x1084,0x0883,0x1083,
  0x0884,0x1083,0x0883,0x1084,0x08a3,0x0884,0x1083,0x08a3,0x0884,0x1083,0x0884,0x0883,0x1084,0x0883,0x1084,0x0883,
  0x1084,0x0883,0x10a4,0x0883,0x0884,0x1083,0x08a4,0x1083,0x0884,0x1083,0x0884,0x1083,0x0884,0x10a3,0x0884,0x0883,
  0x1083,0x08a4,0x1083,0x0884,0x0883,0x1084,0x0883,0x1084,0x08a3,0x0884,0x1083,0x08a4,0x0883,0x1084,0x08a3,0x1084,
  0x0883,0x0884,0x1083,0x0884,0x0883,0x1084,0x0883,0x1083,0x0884,0x1083,0x0883,0x0884,0x1083,0x0883,0x1084,0x0883,
  0x1084,0x08a3,0x1084,0x0883,0x0883,0x10a4,0x0883,0x0884,0x10a3,0x0884,0x1083,0x08a4,0x0883,0x0884,0x1083,0x0884,
  0x1083,0x0883,0x1084,0x0883,0x10a4,0x0883,0x0884,0x1083,0x08a4,0x0883,0x1083,0x10a4,0x0883,0x1084,0x0883,0x1084,
  0x0883,0x1084,0x0883,0x1084,0x0883,0x1084,0x0883,0x1084,0x0883,0x1084,0x0883,0x1084,0x0883,0x1084,0x0883,0x08a4,
  0x1083,0x0884,0x1083,0x08a4,0x0883,0x1084,0x0883,0x1084,0x0883,0x0884,0x1083,0x0884,0x0883,0x1084,0x0883,0x1084,
  0x0883,0x1084,0x0883,0x1084,0x0883,0x1083,0x08a4,0x1083,0x0884,0x1083,0x0884,0x0883,0x1084,0x0883,0x0884,0x10a3,
  0x0884,0x0883,0x1083,0x08a4,0x0883,0x1084,0x08a3,0x1084,0x0883,0x10a4,0x0883,0x1084,0x0883,0x0884,0x10a3,0x0884,
  0x1083,0x0884,0x0883,0x1084,0x0883,0x1084,0x0883,0x0884,0x1083,0x0884,0x0883,0x1084,0x0883,0x1084,0x0883,0x1083,
  0x0884,0x1083,0x0884,0x1083,0x0884,0x0883,0x1084,0x0883,0x1083,0x0884,0x1083,0x0884,0x1083,0x0883,0x0884,0x1083,
  0x0883,0x1084,0x0883,0x08a3,0x1084,0x0883,0x10a3,0x0884,0x0883,0x1084,0x0883,0x1084,0x0883,0x1084,0x0883,0x0884,
  0x1083,0x0884,0x0883,0x1084,0x0883,0x0883,0x10a4,0x0883,0x0884,0x10a3,0x0884,0x1083,0x08a4,0x0883,0x10a3,0x0884,
  0x1083,0x0884,0x0883,0x1084,0x0883,0x0884,0x1083,0x0884,0x0883,0x1084,0x0883,0x0884,0x1083,0x0884,0x1083,0x0884,
  0x1083,0x0883,0x0884,0x1083,0x08a3,0x1084,0x08a3,0x0884,0x1083,0x10a3,0x0884,0x0883,0x10a3,0x1084,0x08a3,0x1084,
  0x0883,0x1084,0x0883,0x0884,0x10a3,0x0884,0x1083,0x08a4,0x0883,0x1084,0x10a3,0x0884,0x0883,0x10a4,0x0883,0x08a3,
  0x1084,0x0883,0x1083,0x0884,0x10a3,0x0884,0x1083,0x08a4,0x1083,0x0884,0x10a3,0x0884,0x1083,0x10a4,0x0883,0x10a4,
  0x0883,0x0884,0x1083,0x0884,0x10a3,0x0883,0x0884,0x10a3,0x0884,0x1083,0x08a4,0x1083,0x0884,0x10a3,0x0883,0x10a4,
  0x0883,0x1083,0x0884,0x1083,0x08a4,0x1083,0x0884,0x08a3,0x1083,0x0884,0x10a3,0x0883,0x0884,0x10a3,0x0883,0x08a4,
  0x0883,0x1084,0x0883,0x1084,0x08a3,0x0884,0x1083,0x08a3,0x1084,0x0883,0x08a3,0x1084,0x0883,0x10a4,0x0883,0x10a4,
  0x0883,0x1084,0x0883,0x1083,0x08a4,0x1083,0x0884,0x10a3,0x0883,0x1084,0x08a3,0x0884,0x1083,0x08a4,0x1083,0x08a4,
  0x0883,0x1083,0x0884,0x0883,0x08a4,0x1083,0x0884,0x10a3,0x0884,0x0883,0x10a4,0x0883,0x1083,0x08a4,0x0883,0x10a4,
  0x0883,0x1084,0x0883,0x1084,0x08a3,0x1084,0x0883,0x10a3,0x0884,0x1083,0x08a4,0x1083,0x0883,0x10a4,0x0883,0x08a4,
  0x1083,0x0884,0x1083,0x0884,0x08a3,0x1083,0x0884,0x08a3,0x0884,0x1083,0x08a4,0x1083,0x0884,0x08a3,0x1084,0x08a3,
  0x1083,0x0884,0x0883,0x1084,0x08a3,0x1084,0x0883,0x10a4,0x0883,0x1084,0x08a3,0x1083,0x0884,0x10a3,0x0884,0x10a3,
  0x0883,0x1084,0x0883,0x0884,0x10a3,0x0884,0x1083,0x08a4,0x0883,0x1083,0x08a4,0x0883,0x0884,0x10a3,0x0884,0x08a3,
  0x1084,0x0883,0x1084,0x0883,0x10a4,0x0883,0x0884,0x10a3,0x0884,0x1083,0x08a4,0x1083,0x0884,0x10a3,0x0884,0x1083,
  0x0884,0x1083,0x0884,0x0883,0x10a4,0x0883,0x1084,0x0883,0x1084,0x0883,0x0884,0x1083,0x0884,0x0883,0x1084,0x0883,
  0x1084,0x0883,0x0884,0x1083,0x08a4,0x1083,0x0884,0x0883,0x1083,0x0884,0x08a3,0x1083,0x0884,0x1083,0x0884,0x0883,
  0x1084,0x08a3,0x0884,0x1083,0x0884,0x1083,0x0884,0x1083,0x0884,0x1083,0x08a4,0x1083,0x0884,0x10a3,0x0884,0x1083,
  0x08a4,0x0883,0x1083,0x0884,0x1083,0x0884,0x1083,0x0884,0x0883,0x1084,0x0883,0x1084,0x0883,0x1084,0x0883,0x1084,
  0x0883,0x1084,0x0883,0x1084,0x0883,0x0883,0x1084,0x0883,0x1084,0x0883,0x0884,0x1083,0x0884,0x1083,0x0884,0x0883,
  0x1084,0x0883,0x10a4,0x0883,0x1084,0x0883,0x08a4,0x0883,0x1084,0x0883,0x10a4,0x0883,0x0884,0x10a3,0x0884,0x0883,
  0x0884,0x1083,0x0883,0x1084,0x0883,0x0884,0x1083,0x0884,0x1083,0x0883,0x0884,0x1083,0x0884,0x1083,0x0884,0x1083,
  0x0884,0x0883,0x1084,0x0883,0x0884,0x1083,0x0884,0x1083,0x0883,0x1084,0x0883,0x0884,0x1083,0x08a4,0x0883,0x1084,
  0x0883,0x10a3,0x0884,0x0883,0x1084,0x08a3,0x0884,0x1083,0x08a4,0x0883,0x1084,0x08a3,0x0884,0x1083,0x0884,0x1083,
  0x0884,0x1083,0x0884,0x1083,0x0884,0x1083,0x08a4,0x0883,0x1084,0x08a3,0x0883,0x1084,0x08a3,0x1083,0x0884,0x0883,
  0x10a4,0x0883,0x0884,0x1083,0x0884,0x1083,0x0884,0x0883,0x1084,0x0883,0x1083,0x08a4,0x0883,0x1083,0x0884,0x1083,
  0x0884,0x1083,0x0884,0x1083,0x0884,0x1083,0x0884,0x0883,0x1084,0x0883,0x0884,0x1083,0x0884,0x1083,0x0884,0x1083,
  0x0884,0x1083,0x0883,0x0884,0x1083,0x08a4,0x1083,0x0884,0x1083,0x0884,0x10a3,0x0884,0x1083,0x0884,0x1083,0x0884,
  0x10a3,0x0884,0x0883,0x1084,0x08a3,0x1084,0x0883,0x1084,0x0883,0x1084,0x08a3,0x1083,0x0884,0x1083,0x08a4,0x1083,
  0x0884,0x0883,0x1084,0x0883,0x0884,0x1083,0x0884,0x1083,0x0884,0x1083,0x0884,0x0883,0x1084,0x08a3,0x1083,0x0884,
  0x1083,0x08a3,0x1084,0x0883,0x1084,0x0883,0x0884,0x1083,0x0883,0x1084,0x0883,0x0884,0x1083,0x0884,0x1083,0x0884,
  0x0883,0x1084,0x08a3,0x1084,0x0883,0x1084,0x08a3,0x1083,0x0884,0x0883,0x1084,0x08a3,0x1084,0x0883,0x0884,0x10a3,
  0x0884,0x1083,0x0884,0x1083,0x0884,0x0883,0x1084,0x0883,0x0884,0x0883,0x1084,0x0883,0x0884,0x1083,0x0884,0x0883,
  0x1084,0x0883,0x1083,0x0884,0x1083,0x0884,0x0883,0x1084,0x0883,0x0884,0x0883,0x1083,0x0884,0x0883,0x1084,0x0883,
  0x0884,0x1083,0x0884,0x0883,0x0884,0x1083,0x0884,0x1083,0x0884,0x1083,0x0884,0x1083,0x0884,0x0883,0x1084,0x0883,
  0x1084,0x0883,0x1083,0x0884,0x0883,0x1084,0x0883,0x0884,0x1083,0x0884,0x1083,0x0884,0x0883,0x1084,0x0883,0x1084,
  0x0883,0x1084,0x0883,0x0884,0x1083,0x0884,0x1083,0x0884,0x1083,0x0884,0x0883,0x1084,0x0883,0x1084,0x0883,0x1084,
  0x0883,0x1084,0x0883,0x0883,0x1084,0x0883,0x1084,0x0883,0x0884,0x1083,0x0884,0x0883,0x1084,0x0883,0x1084,0x0883,
  0x0883,0x1084,0x0883,0x1084,0x0883,0x1084,0x0883,0x0884,0x1083,0x0884,0x1083,0x0883,0x1084,0x0883,0x0884,0x1083,
  0x0884,0x1083,0x0884,0x1083,0x0884,0x1083,0x0884,0x0883,0x1083,0x0884,0x1083,0x0884,0x0883,0x1084,0x0883,0x0883,
  0x1084,0x0883,0x1084,0x0883,0x0883,0x1084,0x0883,0x1084,0x0883,0x1084,0x0883,0x0884,0x1083,0x0884,0x1083,0x0883,
  0x1084,0x0883,0x0884,0x1083,0x0884,0x1083,0x0884,0x1083,0x0884,0x1083,0x0884,0x0883,0x1083,0x0884,0x1083,0x0884,
  0x0883,0x1084,0x0883,0x0883,0x1084,0x0883,0x1084,0x0883,0x0883,0x1084,0x0883,0x1084,0x0883,0x1084,0x0883,0x0884,
  0x1083,0x0884,0x1083,0x0883,0x1084,0x0883,0x0884,0x1083,0x0884,0x1083,0x0884,0x1083,0x0884,0x1083,0x0884,0x1083,
  0x0883,0x0884,0x1083,0x0883,0x0884,0x1083,0x0884,0x1083,0x0884,0x0883,0x0883,0x1084,0x0883,0x0884,0x1083,0x0884,
  0x0883,0x1084,0x08a3,0x1083,0x0884,0x0883,0x1084,0x08a3,0x0884,0x1083,0x0883,0x08a4,0x1083,0x0884,0x10a3,0x0883,
  0x0884,0x1083,0x08a3,0x0884,0x1083,0x0883,0x1084,0x08a3,0x0884,0x1083,0x0884,0x1083,0x0884,0x0883,0x1084,0x08a3,
  0x0884,0x1083,0x0884,0x1083,0x0883,0x08a4,0x1083,0x0884,0x1083,0x0884,0x1083,0x0884,0x0883,0x1084,0x0883,0x0884,
  0x1083,0x0884,0x0883,0x1084,0x08a3,0x0883,0x1084,0x0883,0x1084,0x08a3,0x0883,0x1084,0x08a3,0x0883,0x1084,0x08a3,
  0x0884,0x1083,0x0884,0x08a3,0x1084,0x0883,0x10a4,0x0883,0x0883,0x1084,0x08a3,0x1083,0x0884,0x0883,0x1084,0x0883,
  0x10a3,0x0884,0x0883,0x1084,0x0883,0x1084,0x0883,0x1084,0x08a3,0x0884,0x0883,0x1084,0x0883,0x1084,0x0883,0x1084,
  0x0883,0x0884,0x10a3,0x0884,0x1083,0x0884,0x1083,0x08a3,0x0884,0x1083,0x0884,0x1083,0x0884,0x1083,0x08a3,0x0884,
  0x1083,0x08a4,0x0883,0x1084,0x0883,0x10a3,0x0884,0x1083,0x0884,0x0883,0x1084,0x0883,0x0884,0x1083,0x0884,0x1083,
  0x0884,0x0883,0x1084,0x0883,0x1083,0x0884,0x1083,0x0883,0x1084,0x0883,0x0883,0x1084,0x0883,0x10a4,0x0883,0x0883,
  0x10a4,0x0883,0x0883,0x0884,0x10a3,0x0883,0x1084,0x0883,0x1083,0x0884,0x1083,0x0884,0x1083,0x0884,0x10a3,0x0884,
  0x0883,0x1083,0x0884,0x10a3,0x0884,0x0883,0x1084,0x0883,0x0883,0x10a4,0x0883,0x1084,0x0883,0x10a4,0x0883,0x1084,
  0x0883,0x08a4,0x1083,0x0884,0x0883,0x1083,0x0884,0x10a3,0x0883,0x1084,0x0883,0x0883,0x10a4,0x0883,0x0883,0x1084,
  0x08a3,0x0884,0x1083,0x08a4,0x0883,0x1084,0x0883,0x1083,0x08a4,0x1083,0x0884,0x0883,0x1084,0x08a3,0x0884,0x0883,
  0x0884,0x1083,0x08a3,0x0884,0x1083,0x0883,0x0884,0x10a3,0x0884,0x0883,0x1084,0x0883,0x0884,0x1083,0x0884,0x0883,
  0x1084,0x08a3,0x1084,0x0883,0x1084,0x08a3,0x0884,0x1083,0x08a3,0x0884,0x10a3,0x0883,0x0884,0x1083,0x0884,0x0883,
  0x1084,0x0883,0x0884,0x1083,0x08a4,0x1083,0x0883,0x1084,0x08a3,0x0884,0x1083,0x0883,0x1084,0x0883,0x0884,0x1083,
  0x0884,0x1083,0x0884,0x0883,0x1083,0x0884,0x0883,0x1084,0x0883,0x10a4,0x0883,0x1083,0x0884,0x1083,0x0883,0x0884,
  0x1083,0x0884,0x08a3,0x1084,0x0883,0x1084,0x0883,0x1084,0x08a3,0x1084,0x0883,0x1084,0x0883,0x0884,0x1083,0x0884,
  0x08a3,0x1084,0x0883,0x10a4,0x0883,0x1083,0x0884,0x10a3,0x0884,0x1083,0x0884,0x10a3,0x0884,0x1083,0x0884,0x1083,
  0x0884,0x1083,0x08a4,0x1083,0x0883,0x1084,0x08a3,0x0884,0x1083,0x0884,0x08a3,0x0883,0x1084,0x0883,0x0883,0x1084,
  0x0883,0x0884,0x10a3,0x0884,0x1083,0x0884,0x10a3,0x0884,0x0883,0x1084,0x08a3,0x1083,0x0884,0x0883,0x1084,0x0883,
  0x0884,0x1083,0x08a4,0x1083,0x0884,0x0883,0x10a3,0x0884,0x0883,0x1084,0x08a3,0x1084,0x0883,0x0884,0x1083,0x0884,
  0x1083,0x0883,0x10a4,0x0883,0x1084,0x0883,0x08a4,0x1083,0x0884,0x1083,0x08a4,0x1083,0x0883,0x0884,0x0883,0x1084,
  0x0883,0x1084,0x08a3,0x0884,0x1083,0x0884,0x10a3,0x0884,0x1083,0x0884,0x08a3,0x1084,0x0883,0x1084,0x0883,0x1084,
  0x0883,0x0884,0x10a3,0x0884,0x1083,0x0883,0x10a4,0x0883,0x1084,0x0883,0x08a4,0x1083,0x0884,0x1083,0x0884,0x1083,
  0x0884,0x0883,0x08a3,0x1084,0x0883,0x1084,0x08a3,0x0884,0x1083,0x0884,0x10a3,0x0884,0x1083,0x0884,0x0883,0x1084,
  0x0883,0x1084,0x08a3,0x1084,0x0883,0x0884,0x10a3,0x0884,0x1083,0x0883,0x10a4,0x0883,0x1084,0x0883,0x0884,0x1083,
  0x0884,0x1083,0x08a4,0x1083,0x0884,0x0883,0x08a3,0x1084,0x0883,0x1084,0x08a3,0x0884,0x1083,0x0884,0x1083,0x0884,
  0x1083,0x0884,0x08a3,0x1084,0x0883,0x1084,0x08a3,0x1084,0x0883,0x0884,0x10a3,0x0884,0x1083,0x0883,0x0884,0x1083,
  0x0884,0x1083,0x08a4,0x1083,0x0884,0x1083,0x08a3,0x0884,0x1083,0x0884,0x10a3,0x0884,0x1083,0x0883,0x08a4,0x1083,
  0x0883,0x1084,0x0883,0x0884,0x1083,0x0884,0x0883,0x1084,0x0883,0x1084,0x0883,0x1084,0x0883,0x1083,0x0884,0x1083,
  0x0884,0x1083,0x0884,0x1083,0x0884,0x0883,0x1084,0x0883,0x1084,0x0883,0x1084,0x0883,0x1084,0x08a3,0x1083,0x0884,
  0x1083,0x0884,0x1083,0x08a4,0x1083,0x0884,0x0883,0x1084,0x08a3,0x0883,0x0884,0x1083,0x0883,0x0884,0x10a3,0x0883,
  0x1084,0x0883,0x1084,0x0883,0x1084,0x0883,0x0884,0x10a3,0x0883,0x1084,0x0883,0x0884,0x1083,0x0884,0x0883,0x1084,
  0x0883,0x0883,0x1084,0x0883,0x1084,0x0883,0x0884,0x1083,0x0884,0x1083,0x0884,0x0883,0x1084,0x08a3,0x1083,0x0884,
  0x0883,0x1084,0x0883,0x0883,0x10a4,0x0883,0x1084,0x0883,0x1084,0x0883,0x1084,0x0883,0x1084,0x0883,0x0884,0x10a3,
  0x0884,0x1083,0x0884,0x0883,0x1084,0x08a3,0x0884,0x1083,0x0884,0x1083,0x08a4,0x0883,0x1083,0x0884,0x1083,0x0884,
  0x1083,0x0884,0x1083,0x08a3,0x1084,0x0883,0x0884,0x1083,0x08a4,0x1083,0x0884,0x10a3,0x0884,0x1083,0x0883,0x08a4,
  0x1083,0x0884,0x1083,0x08a4,0x0883,0x1084,0x0883,0x08a4,0x1083,0x0884,0x1083,0x08a4,0x1083,0x0883,0x1084,0x0883,
  0x0884,0x1083,0x0884,0x1083,0x0884,0x0883,0x1084,0x0883,0x08a4,0x1083,0x0884,0x0883,0x10a4,0x0883,0x0884,0x1083,
  0x0884,0x1083,0x0884,0x0883,0x1083,0x0884,0x10a3,0x0884,0x1083,0x0884,0x0883,0x1084,0x0883,0x0884,0x1083,0x0884,
  0x1083,0x0883,0x0884,0x1083,0x08a4,0x1083,0x0884,0x0883,0x1084,0x0883,0x10a4,0x0883,0x0884,0x1083,0x0884,0x0883,
  0x1084,0x0883,0x1084,0x0883,0x1084,0x0883,0x0884,0x0883,0x1084,0x0883,0x1083,0x0884,0x0883,0x1083,0x0884,0x1083,
  0x0883,0x1084,0x0883,0x1084,0x0883,0x1084,0x0883,0x0884,0x1083,0x0884,0x0883,0x1084,0x08a3,0x0884,0x1083,0x0884,
  0x1083,0x0884,0x0883,0x1084,0x0883,0x1084,0x0883,0x0884,0x1083,0x0884,0x1083,0x0884,0x1083,0x0884,0x1083,0x08a4,
  0x0883,0x1084,0x0883,0x1084,0x0883,0x0884,0x1083,0x0884,0x1083,0x0884,0x1083,0x08a4,0x0883,0x1084,0x08a3,0x1084,
  0x0883,0x08a4,0x1083,0x0884,0x10a3,0x0884,0x1083,0x0884,0x1083,0x0883,0x0884,0x0883,0x1084,0x08a3,0x1084,0x0883,
  0x0884,0x1083,0x0884,0x0883,0x1084,0x08a3,0x0884,0x1083,0x0884,0x1083,0x0884,0x10a3,0x0884,0x1083,0x08a3,0x1084,
  0x0883,0x1084,0x0883,0x0884,0x0883,0x1084,0x0883,0x0884,0x1083,0x0884,0x1083,0x0884,0x1083,0x0884,0x10a3,0x0884,
  0x0883,0x1084,0x0883,0x1084,0x0883,0x0884,0x1083,0x0883,0x0884,0x1083,0x0884,0x1083,0x0884,0x10a3,0x0884,0x0883,
  0x10a4,0x0883,0x1084,0x0883,0x0884,0x1083,0x0884,0x1083,0x0883,0x0884,0x1083,0x0884,0x1083,0x08a4,0x0883,0x1084,
  0x08a3,0x0884,0x1083,0x0884,0x1083,0x0884,0x0883,0x1084,0x0883,0x1084,0x0883,0x0883,0x1084,0x08a3,0x1084,0x0883,
  0x08a4,0x1083,0x0884,0x0883,0x1084,0x0883,0x1083,0x0884,0x1083,0x0884,0x1083,0x0884,0x1083,0x08a4,0x1083,0x0884,
  0x10a3,0x0884,0x1083,0x0884,0x0883,0x1083,0x0884,0x0883,0x1084,0x0883,0x1084,0x0883,0x0884,0x10a3,0x0883,0x0884,
  0x10a3,0x0884,0x1083,0x0883,0x0884,0x1083,0x0884,0x0883,0x1084,0x0883,0x1083,0x0884,0x1083,0x08a4,0x1083,0x0884,
  0x10a3,0x0884,0x1083,0x0884,0x1083,0x0884,0x1083,0x0884,0x0883,0x1083,0x0884,0x0883,0x1084,0x08a3,0x1084,0x0883,
  0x08a4,0x1083,0x0883,0x0884,0x1083,0x0884,0x1083,0x0883,0x0884,0x1083,0x0884,0x0883,0x1084,0x08a3,0x1083,0x0884,
  0x10a3,0x0884,0x1083,0x0884,0x1083,0x0884,0x1083,0x0884,0x1083,0x0884,0x1083,0x0884,0x0883,0x10a3,0x0884,0x0883,
  0x10a4,0x0883,0x1084,0x0883,0x0884,0x1083,0x0883,0x0884,0x1083,0x0884,0x1083,0x0883,0x0884,0x10a3,0x0884,0x1083,
  0x08a4,0x0883,0x1084,0x0883,0x0884,0x1083,0x0884,0x1083,0x0884,0x1083,0x0884,0x0883,0x1084,0x0883,0x1084,0x0883,
  0x0884,0x1083,0x0884,0x1083,0x08a4,0x1083,0x0883,0x1084,0x08a3,0x1084,0x0883,0x1084,0x08a3,0x0884,0x1083,0x0884,
  0x08a3,0x1084,0x0883,0x1084,0x08a3,0x1084,0x0883,0x1084,0x08a3,0x0884,0x1083,0x08a4,0x0883,0x1084,0x0883,0x1084,
  0x0883,0x0883,0x1084,0x0883,0x0884,0x1083,0x0884,0x1083,0x0884,0x1083,0x0884,0x10a3,0x0884,0x1083,0x0884,0x1083,
  0x0884,0x10a3,0x0884,0x0883,0x1084,0x08a3,0x1084,0x0883,0x0884,0x1083,0x0884,0x1083,0x0884,0x1083,0x0884,0x1083,
  0x08a4,0x1083,0x0884,0x1083,0x08a3,0x1084,0x0883,0x10a4,0x0883,0x0884,0x1083,0x08a4,0x1083,0x0884,0x0883,0x1084,
  0x0883,0x08a4,0x1084,0x0883,0x10a4,0x0884,0x08a3,0x0884,0x1083,0x08a4,0x1084,0x0883,0x10a4,0x0884,0x10a3,0x1084,
  0x0883,0x10a4,0x0884,0x10a3,0x0884,0x1084,0x0883,0x10a4,0x0884,0x0884,0x10a4,0x0883,0x10a4,0x0884,0x0883,0x10a4,
  0x0884,0x10a3,0x0884,0x1084,0x08a4,0x0884,0x1083,0x08a4,0x1084,0x0883,0x10a4,0x0884,0x1083,0x0884,0x1083,0x0884,
  0x1083,0x08a4,0x0883,0x1084,0x0883,0x1084,0x0883,0x1084,0x0883,0x10a4,0x0883,0x1084,0x0883,0x0884,0x1083,0x0884,
  0x1083,0x08a4,0x1083,0x0884,0x1083,0x0884,0x08a3,0x1084,0x0883,0x1084,0x0883,0x1084,0x0883,0x1084,0x0883,0x1083,
  0x0884,0x08a3,0x1084,0x0883,0x1084,0x0883,0x0884,0x1083,0x0884,0x1083,0x0884,0x08a3,0x1084,0x0883,0x1084,0x08a3,
  0x0884,0x1083,0x08a4,0x1083,0x0884,0x0883,0x1084,0x0883,0x10a4,0x0883,0x0884,0x1083,0x0884,0x1083,0x08a4,0x1083,
  0x0883,0x10a4,0x0883,0x1084,0x0883,0x10a3,0x1084,0x0883,0x0884,0x1083,0x08a4,0x1083,0x0884,0x1083,0x08a4,0x1083,
  0x0884,0x10a3,0x0884,0x1083,0x0884,0x08a3,0x1084,0x0883,0x1084,0x08a3,0x1084,0x0883,0x1084,0x0883,0x1084,0x08a3,
  0x0883,0x1084,0x08a3,0x1083,0x0884,0x0883,0x10a4,0x0883,0x1084,0x0883,0x1084,0x0883,0x10a4,0x0883,0x0884,0x1083,
  0x0884,0x1083,0x08a3,0x0884,0x1083,0x08a4,0x1083,0x0884,0x0883,0x10a4,0x0883,0x1084,0x0883,0x1084,0x0883,0x0883,
  0x1084,0x0883,0x1083,0x0884,0x0883,0x1084,0x0883,0x08a4,0x1083,0x0884,0x1083,0x08a4,0x1083,0x0884,0x0883,0x1084,
  0x08a3,0x1083,0x0884,0x10a3,0x0883,0x1084,0x0883,0x1083,0x0884,0x08a3,0x1083,0x0884,0x1083,0x0884,0x1083,0x0884,
  0x1083,0x0883,0x1084,0x0883,0x10a4,0x0883,0x1084,0x0883,0x10a3,0x0884,0x0883,0x1083,0x08a4,0x0883,0x1083,0x0884,
  0x1083,0x08a3,0x0884,0x1083,0x08a4,0x1083,0x0884,0x1083,0x08a4,0x1083,0x0884,0x10a3,0x0884,0x1083,0x0884,0x1083,
  0x0883,0x1084,0x0883,0x1084,0x08a3,0x1083,0x0884,0x1083,0x08a4,0x1083,0x0884,0x08a3,0x1084,0x0883,0x1084,0x0883,
  0x1083,0x0884,0x1083,0x0883,0x08a4,0x1083,0x0884,0x1083,0x08a4,0x0883,0x1084,0x08a3,0x1084,0x0883,0x0883,0x1084,
  0x0883,0x0884,0x1083,0x0884,0x10a3,0x0884,0x0883,0x1084,0x08a3,0x0883,0x1084,0x08a3,0x0884,0x1083,0x0884,0x1083,
  0x0884,0x0883,0x1083,0x0884,0x10a3,0x0884,0x1083,0x0884,0x08a3,0x1083,0x0884,0x10a3,0x0883,0x0884,0x1083,0x0884,
  0x1083,0x0883,0x0884,0x1083,0x08a4,0x0883,0x1084,0x0883,0x10a4,0x0883,0x0884,0x10a3,0x0884,0x0883,0x1083,0x0884,
  0x0883,0x1084,0x0883,0x1084,0x08a3,0x0884,0x1083,0x0883,0x10a4,0x0883,0x1084,0x08a3,0x0883,0x1084,0x0883,0x1084,
  0x0883,0x0884,0x1083,0x0884,0x10a3,0x0883,0x0884,0x1083,0x08a4,0x0883,0x1084,0x08a3,0x1084,0x0883,0x0884,0x1083,
  0x0884,0x0883,0x1083,0x0884,0x08a3,0x1084,0x0883,0x1084,0x08a3,0x0884,0x1083,0x08a3,0x1084,0x0883,0x1084,0x0883,
  0x0883,0x1084,0x0883,0x1084,0x08a3,0x0884,0x1083,0x0884,0x10a3,0x0883,0x0884,0x10a3,0x0884,0x1083,0x0884,0x0883,
  0x1084,0x0883,0x0884,0x1083,0x08a4,0x1083,0x0884,0x0883,0x10a4,0x0883,0x1084,0x08a3,0x1084,0x0883,0x1084,0x0883,
  0x0883,0x1084,0x08a3,0x0884,0x1083,0x0884,0x1083,0x0884,0x0883,0x1083,0x0884,0x0883,0x1084,0x0883,0x0884,0x1083,
  0x0884,0x1083,0x0884,0x0883,0x1084,0x0883,0x0884,0x0883,0x1083,0x0884,0x0883,0x1083,0x0884,0x0883,0x1084,0x0883,
  0x10a4,0x0883,0x0884,0x1083,0x0884,0x1083,0x08a3,0x0884,0x1083,0x0884,0x1083,0x0884,0x1083,0x0884,0x0883,0x1084,
  0x0883,0x0884,0x1083,0x0883,0x1084,0x0883,0x1084,0x0883,0x1084,0x0883,0x10a4,0x0883,0x1084,0x08a3,0x1083,0x0884,
  0x1083,0x0884,0x1083,0x0884,0x0883,0x1084,0x0883,0x0883,0x1084,0x0883,0x1084,0x0883,0x1084,0x0883,0x1084,0x08a4,
  0x1084,0x08a4,0x1084,0x0884,0x10a4,0x0883,0x1084,0x08a4,0x1084,0x0884,0x10a3,0x0884,0x10a4,0x0883,0x0884,0x10a4,
  0x0884,0x1084,0x0884,0x1083,0x08a4,0x0884,0x1083,0x08a4,0x1083,0x0884,0x0884,0x1084,0x08a4,0x1084,0x0883,0x10a4,
  0x0884,0x1084,0x08a4,0x1083,0x0884,0x1084,0x0883,0x10a4,0x0884,0x1084,0x08a4,0x1083,0x0884,0x0883,0x10a4,0x0883,
  0x0884,0x1083,0x0883,0x1084,0x0883,0x08a3,0x1084,0x0883,0x0884,0x0883,0x1084,0x0883,0x1084,0x0883,0x0884,0x10a3,
  0x0884,0x1083,0x0884,0x0883,0x10a4,0x0883,0x1084,0x0883,0x1084,0x0883,0x08a4,0x1083,0x0883,0x0884,0x1083,0x0884,
  0x1083,0x0884,0x1083,0x0884,0x08a3,0x1084,0x0883,0x1084,0x08a3,0x0884,0x1083,0x0884,0x1083,0x0883,0x0884,0x1083,
  0x0884,0x1083,0x0884,0x0883,0x1083,0x0884,0x10a3,0x0884,0x0883,0x1084,0x0883,0x1084,0x0883,0x1084,0x0883,0x1084,
  0x0883,0x0884,0x1083,0x0883,0x0884,0x0883,0x0884,0x1083,0x08a4,0x0883,0x1084,0x0883,0x1084,0x0883,0x1084,0x0883,
  0x0884,0x1083,0x0884,0x0883,0x1084,0x0883,0x1083,0x0884,0x1083,0x0883,0x0884,0x1083,0x0883,0x10a4,0x0883,0x1084,
  0x0883,0x1084,0x0883,0x0884,0x1083,0x0884,0x1083,0x0883,0x1084,0x0883,0x08a4,0x1083,0x0883,0x1084,0x0883,0x1083,
  0x08a4,0x0883,0x1084,0x0883,0x1084,0x0883,0x0884,0x1083,0x0884,0x1083,0x0884,0x0883,0x1084,0x0883,0x1084,0x08a3,
  0x1084,0x0883,0x0884,0x1083,0x0884,0x1083,0x0884,0x1083,0x0884,0x1083,0x0884,0x1083,0x0884,0x1083,0x0884,0x1083,
  0x0884,0x1083,0x0884,0x1083,0x0884,0x0883,0x1084,0x08a3,0x1084,0x0883,0x0884,0x1083,0x0884,0x0883,0x1084,0x0883,
  0x08a4,0x0883,0x1084,0x0883,0x1084,0x0883,0x0883,0x1084,0x0883,0x1084,0x08a3,0x0884,0x1083,0x0884,0x0883,0x1084,
  0x0883,0x1084,0x0883,0x0884,0x1083,0x0884,0x0883,0x1084,0x0883,0x0884,0x1083,0x0884,0x0883,0x1083,0x0884,0x1083,
  0x0884,0x0883,0x1084,0x0883,0x0884,0x1083,0x0884,0x0883,0x1084,0x0883,0x1084,0x0883,0x1083,0x0884,0x1083,0x0884,
  0x1083,0x0884,0x0883,0x1084,0x0883,0x1084,0x0883,0x1084,0x0883,0x1083,0x0884,0x1083,0x0884,0x1083,0x0884,0x1083,
  0x0884,0x1083,0x0884,0x1083,0x0884,0x1083,0x0884,0x0883,0x1084,0x0883,0x0884,0x1083,0x0884,0x1083,0x0883,0x0884,
  0x1083,0x0884,0x0883,0x1084,0x0883,0x0884,0x1083,0x0883,0x1084,0x0883,0x0884,0x1083,0x0884,0x1083,0x0884,0x1083,
  0x0884,0x1083,0x0884,0x1083,0x0884,0x1083,0x0884,0x1083,0x0884,0x1083,0x0884,0x0883,0x1083,0x0884,0x0883,0x1084,
  0x0883,0x1084,0x0883,0x0884,0x1083,0x0883,0x0884,0x1083,0x0884,0x0883,0x1084,0x0883,0x1084,0x0883,0x0884,0x1083,
  0x0883,0x1084,0x0883,0x1084,0x0883,0x1084,0x0883,0x1084,0x0883,0x1084,0x0883,0x1084,0x0883,0x1084,0x0883,0x0884,
  0x1083,0x0884,0x0883,0x1084,0x0883,0x1084,0x0883,0x0884,0x1083,0x0883,0x0884,0x1083,0x0884,0x0883,0x1084,0x0883,
  0x1084,0x0883,0x0884,0x1083,0x0883,0x1084,0x0883,0x1084,0x0883,0x1084,0x0883,0x1084,0x0883,0x0884,0x1083,0x0884,
  0x1083,0x0883,0x1084,0x0883,0x1083,0x0884,0x1083,0x0884,0x0883,0x1083,0x0884,0x0883,0x1083,0x0884,0x08a3,0x1084,
  0x0884,0x08a3,0x1084,0x0883,0x0884,0x08a3,0x0884,0x10a3,0x0884,0x08a4,0x1083,0x08a4,0x0883,0x1084,0x08a3,0x0884,
  0x08a3,0x0884,0x10a3,0x0884,0x0883,0x10a4,0x0883,0x10a4,0x0884,0x10a3,0x0884,0x0884,0x10a3,0x0884,0x08a3,0x0884,
  0x0883,0x1084,0x08a3,0x0884,0x10a3,0x0884,0x0884,0x1083,0x08a4,0x0883,0x08a4,0x0883,0x08a4,0x1083,0x08a4,0x0883,
  0x10a4,0x0883,0x08a4,0x0884,0x08a3,0x0884,0x0883,0x08a4,0x0883,0x0884,0x0883,0x08a4,0x0883,0x0884,0x0884,0x08a3,
  0x0884,0x0883,0x08a4,0x1083,0x08a4,0x0883,0x1084,0x08a4,0x0883,0x10a4,0x0883,0x0884,0x08a3,0x1084,0x08a4,0x0884,
  0x08a4,0x0883,0x0884,0x0883,0x1084,0x0884,0x0883,0x0884,0x0883,0x10a4,0x0883,0x0884,0x0884,0x1083,0x0884,0x0883,
  0x0884,0x08a3,0x1084,0x0884,0x0883,0x08a4,0x0884,0x1084,0x0884,0x10a3,0x0883,0x0884,0x1083,0x0884,0x08a4,0x1083,
  0x0884,0x0883,0x0884,0x0883,0x08a4,0x0883,0x0884,0x1084,0x0883,0x0883,0x08a4,0x08a4,0x0884,0x10a4,0x0884,0x1083,
  0x10a5,0x0884,0x08a3,0x0884,0x1084,0x0884,0x0883,0x10a4,0x0883,0x1084,0x08a3,0x0884,0x0883,0x10a4,0x0883,0x0884,
  0x0883,0x0884,0x10a3,0x0884,0x0883,0x1084,0x0883,0x08a4,0x0883,0x1084,0x0883,0x0884,0x10a4,0x0883,0x08a4,0x0883,
  0x08a4,0x1083,0x08a4,0x0883,0x1084,0x0883,0x08a4,0x0883,0x1084,0x0883,0x08a4,0x1083,0x0884,0x08a4,0x1083,0x08a4,
  0x0883,0x0884,0x10a3,0x0884,0x0884,0x10a3,0x0884,0x0883,0x1084,0x0883,0x08a4,0x0883,0x08a4,0x0883,0x0884,0x08a3,
  0x1084,0x0883,0x08a4,0x1084,0x08a3,0x1084,0x08a3,0x0884,0x1083,0x0884,0x0883,0x08a4,0x0883,0x08a4,0x0883,0x1084,
  0x08a3,0x0884,0x1083,0x08a4,0x0883,0x1084,0x08a4,0x0883,0x08a4,0x1084,0x08a3,0x0884,0x0884,0x0883,0x0884,0x0883,
  0x10a4,0x0883,0x0884,0x10a3,0x0884,0x08a3,0x0884,0x0884,0x08a3,0x1084,0x0883,0x0884,0x0884,0x08a3,0x0884,0x0884,
  0x1083,0x0884,0x0883,0x10a4,0x0883,0x0884,0x10a3,0x0884,0x08a3,0x0884,0x1083,0x08a4,0x0883,0x08a4,0x0883,0x0884,
  0x0883,0x10a4,0x0883,0x08a4,0x1083,0x08a4,0x0883,0x08a4,0x0883,0x08a4,0x0883,0x0884,0x08a3,0x0884,0x08a3,0x0884,
  0x0883,0x08a4,0x0883,0x0884,0x10a3,0x0884,0x0883,0x0884,0x0883,0x1084,0x0883,0x08a4,0x1083,0x08a4,0x0883,0x1084,
  0x0883,0x10a4,0x0883,0x08a4,0x0883,0x10a4,0x0884,0x08a3,0x0884,0x0883,0x1084,0x0884,0x0883,0x1084,0x08a3,0x0884,
  0x08a3,0x0884,0x1083,0x08a4,0x0883,0x1084,0x08a3,0x0884,0x10a3,0x0884,0x0883,0x10a4,0x0884,0x0883,0x08a4,0x0884,
  0x10a3,0x0884,0x08a3,0x1084,0x08a3,0x0884,0x10a3,0x0884,0x08a3,0x0884,0x0883,0x08a4,0x0884,0x0883,0x08a4,0x0883,
  0x08a4,0x1083,0x08a4,0x0883,0x10a4,0x0883,0x08a4,0x0883,0x08a4,0x0884,0x1083,0x08a4,0x0883,0x0884,0x08a3,0x0884,
  0x10a3,0x0884,0x08a3,0x0884,0x08a3,0x0884,0x10a3,0x0884,0x08a3,0x1084,0x0883,0x08a4,0x1083,0x0884,0x08a4,0x1083,
  0x08a4,0x1083,0x08a4,0x0883,0x10a4,0x0883,0x08a4,0x0884,0x08a3,0x1084,0x0883,0x08a4,0x0884,0x0883,0x08a4,0x0883,
  0x08a4,0x0884,0x08a3,0x0884,0x10a3,0x0884,0x08a3,0x0884,0x08a3,0x0884,0x1083,0x08a4,0x0884,0x1083,0x08a4,0x0883,
  0x10a4,0x0883,0x08a4,0x1083,0x08a4,0x1084,0x08a3,0x0884,0x10a4,0x0883,0x0884,0x08a4,0x0883,0x1084,0x08a3,0x0884,
  0x08a4,0x0883,0x08a4,0x0883,0x08a4,0x0883,0x08a4,0x0883,0x10a4,0x0883,0x0884,0x08a3,0x0884,0x0883,0x10a4,0x0883,
  0x08a4,0x1083,0x08a4,0x0883,0x10a4,0x0883,0x08a4,0x1083,0x08a4,0x1084,0x0883,0x08a4,0x1084,0x0883,0x08a4,0x0884,
  0x08a3,0x1084,0x08a3,0x0884,0x08a4,0x0883,0x08a4,0x0883,0x08a4,0x0883,0x0884,0x08a3,0x1084,0x0883,0x08a4,0x1083,
  0x08a4,0x0884,0x08a3,0x0884,0x08a4,0x0883,0x08a4,0x1083,0x08a4,0x0884,0x1083,0x08a4,0x0884,0x1083,0x0884,0x0883,
  0x1084,0x0883,0x1084,0x08a3,0x1084,0x1084,0x0883,0x1084,0x0883,0x1084,0x0884,0x1083,0x0884,0x10a4,0x0883,0x1084,
  0x1084,0x0883,0x1084,0x08a4,0x1083,0x0884,0x1084,0x0883,0x0884,0x1083,0x0884,0x10a3,0x0884,0x1083,0x0884,0x1084,
  0x08a3,0x1084,0x0884,0x1083,0x0884,0x1083,0x08a4,0x0883,0x1084,0x0884,0x1083,0x1084,0x0884,0x1083,0x0884,0x1084,
  0x0883,0x1084,0x0883,0x1084,0x1083,0x1084,0x08a4,0x1083,0x1084,0x10a4,0x0883,0x1084,0x1084,0x08a3,0x1084,0x1083,
  0x0884,0x10a4,0x0883,0x1084,0x0884,0x1083,0x08a4,0x1083,0x0884,0x0884,0x08a5,0x10a4,0x10a5,0x0884,0x10a4,0x1083,
  0x0884,0x10a4,0x10a4,0x0884,0x10a5,0x10a3,0x10a4,0x10a4,0x0884,0x10a4,0x1084,0x08a4,0x10a5,0x08a3,0x1084,0x10a5,
  0x1083,0x08a4,0x08a4,0x1084,0x10a5,0x1083,0x0884,0x08a4,0x0884,0x10a4,0x10a4,0x0884,0x08a4,0x10a4,0x0883,0x08a5,
  0x1084,0x10a4,0x10a4,0x1084,0x10a4,0x10a4,0x0884,0x08c5,0x1084,0x0884,0x1084,0x0884,0x10a4,0x10a4,0x0884,0x08a4,
  0x1084,0x08a5,0x1084,0x0883,0x10a3,0x0884,0x1083,0x0884,0x10a4,0x0883,0x0884,0x1083,0x08a4,0x1084,0x0883,0x10a4,
  0x1084,0x0883,0x0884,0x1083,0x08a4,0x0883,0x1084,0x0883,0x1084,0x08a3,0x1084,0x0883,0x0884,0x1084,0x0883,0x1084,
  0x0884,0x0883,0x1084,0x0884,0x10a3,0x0884,0x1083,0x0884,0x10a3,0x0884,0x1083,0x0884,0x10a3,0x0884,0x0883,0x1084,
  0x1084,0x08a3,0x1084,0x0883,0x1084,0x0883,0x1084,0x0884,0x08a3,0x1084,0x1083,0x0884,0x1083,0x10a4,0x1083,0x0884,
  0x0884,0x10a3,0x0884,0x0883,0x1084,0x0884,0x1083,0x0884,0x10a4,0x0883,0x1084,0x1084,0x0883,0x1084,0x0884,0x10a3,
  0x0884,0x1084,0x0883,0x1084,0x08a4,0x0883,0x1084,0x0883,0x1084,0x0883,0x1084,0x08a3,0x1084,0x10a3,0x1084,0x0884,
  0x0883,0x10a4,0x0884,0x1083,0x0884,0x1084,0x10a3,0x0884,0x1083,0x0884,0x10a4,0x0883,0x1084,0x1083,0x08a4,0x1083,
  0x08a4,0x1084,0x0883,0x0884,0x10a4,0x0883,0x1084,0x0883,0x1084,0x08a3,0x1084,0x0883,0x1084,0x1083,0x0884,0x10a4,
  0x0883,0x1084,0x0884,0x1083,0x0884,0x1084,0x0883,0x1084,0x1084,0x0883,0x10a4,0x1084,0x0883,0x1084,0x1084,0x1083,
  0x08a4,0x1084,0x1083,0x0884,0x1084,0x08a3,0x1084,0x10a4,0x0884,0x10a3,0x0884,0x1084,0x0883,0x1084,0x08a4,0x0883,
  0x1084,0x0884,0x1083,0x0884,0x1084,0x0883,0x1084,0x0884,0x10a3,0x0884,0x1083,0x08a4,0x1083,0x0884,0x1084,0x0883,
  0x1084,0x0884,0x10a3,0x0884,0x1084,0x0883,0x1084,0x0884,0x1083,0x08a4,0x1083,0x0884,0x1083,0x08a4,0x1083,0x0884,
  0x1083,0x0884,0x1084,0x0883,0x1084,0x0884,0x0883,0x1084,0x0884,0x1083,0x10a4,0x1083,0x0884,0x1083,0x1084,0x0884,
  0x1083,0x0884,0x1084,0x0884,0x0883,0x1084,0x0884,0x1083,0x1084,0x0883,0x08a4,0x1084,0x0883,0x1084,0x1084,0x0883,
  0x0884,0x1084,0x0883,0x1084,0x1084,0x0883,0x1084,0x0884,0x1083,0x0884,0x10a4,0x0883,0x0884,0x1083,0x0884,0x0883,
  0x1084,0x0884,0x1083,0x0884,0x0884,0x1083,0x1084,0x0883,0x1084,0x0884,0x10a4,0x0883,0x1084,0x1083,0x1084,0x0884,
  0x1083,0x1084,0x1083,0x0884,0x0884,0x1083,0x0884,0x1084,0x1083,0x0884,0x10a4,0x0883,0x1084,0x0884,0x1083,0x0884,
  0x0884,0x1083,0x0884,0x0884,0x1083,0x0884,0x1084,0x0883,0x0884,0x1083,0x10a4,0x0883,0x1084,0x0883,0x1084,0x0883,
  0x1084,0x1084,0x1083,0x0884,0x1084,0x1084,0x1083,0x0884,0x0884,0x1083,0x08a4,0x1084,0x1083,0x0884,0x1084,0x0883,
  0x1084,0x0884,0x1083,0x0884,0x0884,0x1083,0x0884,0x0884,0x1083,0x0884,0x10a4,0x0883,0x0884,0x1083,0x1084,0x0883,
  0x1084,0x0883,0x1084,0x0883,0x1084,0x1084,0x1083,0x0884,0x1084,0x1084,0x10a3,0x0884,0x1084,0x0883,0x1084,0x0884,
  0x1083,0x0884,0x1083,0x1084,0x0883,0x1084,0x0883,0x1084,0x0883,0x1084,0x08a3,0x1084,0x0883,0x08a4,0x1083,0x08a4,
  0x0883,0x08a4,0x0884,0x1083,0x0884,0x08a3,0x0884,0x0884,0x08a3,0x0884,0x08a3,0x0884,0x0883,0x0884,0x1083,0x08a4,
  0x0883,0x08a4,0x0883,0x0884,0x0883,0x08a4,0x0883,0x10a4,0x0883,0x08a4,0x0883,0x0884,0x0884,0x0883,0x10a4,0x0883,
  0x0884,0x0883,0x10a4,0x0883,0x08a4,0x0884,0x1083,0x0884,0x08a3,0x1084,0x08a3,0x0884,0x08a3,0x0884,0x08a3,0x0884,
  0x08a3,0x0884,0x10a4,0x0883,0x08a4,0x0883,0x1084,0x0883,0x0884,0x0883,0x1084,0x08a3,0x0884,0x1083,0x0884,0x08a4,
  0x1083,0x0884,0x0883,0x08a4,0x0883,0x0884,0x0884,0x0883,0x08a5,0x10a4,0x0883,0x0883,0x0884,0x10a4,0x08a4,0x08a4,
  0x08a4,0x1084,0x0883,0x1084,0x08a3,0x0884,0x0884,0x0884,0x1083,0x0884,0x0884,0x1083,0x0884,0x1084,0x08a3,0x0884,
  0x08a4,0x1084,0x0883,0x0883,0x08a4,0x0883,0x10a4,0x0884,0x10a3,0x0884,0x0884,0x1083,0x08a4,0x0884,0x1084,0x08a3,
  0x0884,0x0883,0x0884,0x0884,0x0884,0x0883,0x1084,0x0883,0x08a3,0x1084,0x10a4,0x0884,0x0883,0x0884,0x10a5,0x0883,
  0x08a4,0x0883,0x10a5,0x08a4,0x0884,0x08a4,0x08a4,0x0883,0x0884,0x1083,0x08a4,0x0884,0x0883,0x0884,0x1083,0x0884,
  0x08a3,0x1084,0x08a4,0x0883,0x1084,0x0884,0x08a3,0x1084,0x0884,0x0883,0x08a4,0x1084,0x08a3,0x0884,0x10a3,0x0884,
  0x10a3,0x0884,0x08a3,0x0884,0x0883,0x1084,0x08a4,0x0883,0x0884,0x0884,0x08a3,0x0884,0x0884,0x1083,0x0884,0x08a3,
  0x0884,0x0883,0x0884,0x10a4,0x0883,0x08a4,0x0883,0x1084,0x0883,0x0884,0x08a4,0x1083,0x0884,0x0884,0x0883,0x10a4,
  0x0883,0x0884,0x1084,0x0883,0x08a4,0x0883,0x0884,0x1083,0x0884,0x08a3,0x0884,0x08a3,0x1084,0x08a3,0x0884,0x0883,
  0x0884,0x08a3,0x0884,0x0883,0x1084,0x0883,0x08a4,0x1084,0x08a3,0x0884,0x0883,0x1084,0x0883,0x0884,0x08a3,0x1084,
  0x0883,0x0884,0x0883,0x08a4,0x1083,0x0884,0x0883,0x0884,0x08a4,0x0883,0x0884,0x1083,0x08a4,0x0884,0x0883,0x1084,
  0x0883,0x0884,0x10a3,0x0884,0x0883,0x0884,0x08a4,0x1083,0x0884,0x0884,0x0883,0x08a4,0x0884,0x08a3,0x1084,0x0883,
  0x0884,0x08a3,0x1084,0x08a4,0x0883,0x08a4,0x1083,0x08a4,0x0883,0x0884,0x0883,0x0884,0x10a3,0x0884,0x08a3,0x0884,
  0x1083,0x0884,0x08a3,0x0884,0x0883,0x0884,0x0883,0x0884,0x0883,0x0884,0x0883,0x08a4,0x0883,0x0884,0x1083,0x08a4,
  0x0883,0x08a4,0x0883,0x08a4,0x0883,0x08a4,0x0883,0x1084,0x0883,0x0884,0x08a4,0x1083,0x0884,0x08a3,0x0884,0x10a4,
  0x0883,0x0884,0x0883,0x1084,0x08a3,0x0884,0x08a3,0x0884,0x0883,0x0884,0x0884,0x08a3,0x0884,0x1083,0x0884,0x08a3,
  0x0884,0x08a3,0x0884,0x08a3,0x0884,0x10a3,0x0884,0x08a3,0x1084,0x0883,0x0884,0x0884,0x10a3,0x0884,0x08a3,0x0884,
  0x10a3,0x0884,0x08a3,0x1084,0x08a3,0x0884,0x10a3,0x0884,0x08a3,0x1084,0x0883,0x0884,0x10a3,0x0884,0x08a3,0x1084,
  0x08a3,0x0884,0x10a3,0x0884,0x08a3,0x0884,0x08a3,0x0884,0x08a4,0x1083,0x0884,0x0883,0x10a4,0x0884,0x10a3,0x0884,
  0x08a3,0x0884,0x08a3,0x1084,0x08a3,0x0884,0x08a4,0x1083,0x08a4,0x0883,0x0884,0x1083,0x08a4,0x0884,0x08a3,0x1084,
  0x08a3,0x0884,0x08a4,0x1083,0x08a4,0x0883,0x10a4,0x0883,0x08a4,0x0883,0x0884,0x0883,0x08a4,0x1083,0x08a4,0x0883,
  0x10a4,0x0883,0x10a4,0x0883,0x08a4,0x0883,0x08a4,0x1083,0x08a4,0x0883,0x0884,0x1083,0x08a4,0x0884,0x08a3,0x1084,
  0x08a3,0x0884,0x08a3,0x1084,0x08a3,0x0884,0x08a3,0x1084,0x08a3,0x0884,0x1083,0x0884,0x08a3,0x0884,0x08a3,0x0884,
  0x08a3,0x1084,0x08a3,0x0884,0x10a3,0x0884,0x10a3,0x0884,0x08a3,0x0884,0x0883,0x1084,0x08a3,0x0884,0x08a3,0x1084,
  0x08a4,0x0883,0x08a4,0x1084,0x08a3,0x0884,0x08a3,0x1084,0x08a3,0x0884,0x0883,0x0884,0x08a3,0x0884,0x08a3,0x0884,
  0x08a3,0x1084,0x08a4,0x0883,0x10a4,0x0884,0x08a3,0x0884,0x10a4,0x0883,0x0884,0x0883,0x1084,0x0884,0x0883,0x1084,
  0x1084,0x0883,0x1084,0x08a3,0x0884,0x1083,0x0884,0x10a3,0x1084,0x0883,0x1084,0x10a3,0x0884,0x10a3,0x0884,0x0883,
  0x1084,0x1084,0x0883,0x10a4,0x1083,0x0884,0x1083,0x0884,0x1084,0x0883,0x1084,0x10a3,0x0884,0x1083,0x0884,0x1084,
  0x08a3,0x1084,0x0883,0x0884,0x1083,0x0884,0x10a3,0x0884,0x1084,0x0883,0x0884,0x1083,0x1084,0x0883,0x1084,0x1083,
  0x0884,0x1083,0x0884,0x0883,0x1084,0x0884,0x08a3,0x1084,0x08a3,0x1084,0x08a4,0x1084,0x10a4,0x0884,0x10a4,0x08a4,
  0x1084,0x10c5,0x1084,0x1084,0x10a5,0x10a3,0x10a4,0x10a4,0x0884,0x1083,0x08a4,0x1084,0x10a5,0x0883,0x1084,0x0884,
  0x1084,0x0883,0x08a4,0x0883,0x1084,0x0883,0x1084,0x08a3,0x0884,0x10a3,0x0884,0x08a3,0x1084,0x0883,0x1084,0x0883,
  0x1084,0x0883,0x08a4,0x1084,0x0883,0x1084,0x0883,0x0884,0x1083,0x0884,0x08a3,0x1084,0x0883,0x1084,0x0883,0x0884,
  0x10a4,0x0883,0x10a4,0x0883,0x10a4,0x0883,0x08a4,0x1084,0x0883,0x08a4,0x0883,0x10a4,0x08a4,0x10a4,0x10c4,0x10a4,
  0x10c5,0x10a4,0x10c4,0x0883,0x1084,0x0884,0x1083,0x10a5,0x10a4,0x0884,0x10a5,0x1083,0x10a4,0x10a5,0x08a3,0x10a5,
  0x0884,0x1083,0x0884,0x1083,0x08a4,0x1083,0x0884,0x08a3,0x1084,0x0884,0x1083,0x0884,0x1083,0x0884,0x0883,0x1084,
  0x0884,0x1083,0x0884,0x1083,0x08a4,0x0883,0x1084,0x0884,0x10a3,0x1084,0x0883,0x1084,0x08a3,0x1084,0x0883,0x1084,
  0x0883,0x10a4,0x0883,0x0884,0x1083,0x0884,0x10a4,0x0883,0x10a4,0x0883,0x1084,0x08a3,0x0884,0x10a3,0x0884,0x0883,
  0x1084,0x08a3,0x1084,0x0883,0x1084,0x10a4,0x0883,0x08a4,0x1083,0x0884,0x1083,0x0884,0x0883,0x1084,0x0883,0x10a4,
  0x1083,0x0884,0x10a4,0x0883,0x10a4,0x0883,0x1084,0x0883,0x1084,0x08a3,0x1084,0x08a4,0x0883,0x1084,0x0884,0x08a3,
  0x1084,0x08a3,0x1084,0x0884,0x0883,0x10a4,0x0883,0x1084,0x1083,0x1084,0x08a3,0x0884,0x1083,0x0884,0x10a3,0x0884,
  0x10a3,0x0884,0x0884,0x1083,0x10a4,0x0883,0x1084,0x0883,0x10a4,0x0883,0x1084,0x1083,0x0884,0x1083,0x0884,0x10a4,
  0x0883,0x1084,0x0883,0x1084,0x0883,0x1084,0x0883,0x0884,0x10a3,0x1084,0x08a3,0x1084,0x0884,0x0883,0x1084,0x0883,
  0x08a4,0x1083,0x0884,0x10a3,0x1084,0x08a4,0x1083,0x10a4,0x0883,0x10a4,0x1083,0x0884,0x10a4,0x0883,0x1084,0x0883,
  0x1084,0x0883,0x1084,0x1083,0x0884,0x1083,0x08a4,0x1083,0x08a4,0x1083,0x0884,0x0883,0x10a4,0x0884,0x1083,0x0884,
  0x10a3,0x0884,0x10a4,0x0883,0x1084,0x0883,0x1084,0x10a3,0x0884,0x10a3,0x1084,0x0883,0x1084,0x08a4,0x1083,0x0884,
  0x1084,0x1083,0x0884,0x1083,0x0884,0x1083,0x0884,0x1084,0x08a3,0x0884,0x10a3,0x0884,0x0883,0x1084,0x0884,0x1083,
  0x0884,0x1083,0x0884,0x0883,0x1084,0x0883,0x0884,0x1083,0x0884,0x0884,0x10a3,0x0884,0x0884,0x1083,0x0884,0x0884,
  0x1083,0x0884,0x0884,0x1083,0x0884,0x1083,0x1084,0x0883,0x1084,0x0883,0x10a4,0x0884,0x0883,0x1084,0x0883,0x1084,
  0x0884,0x1083,0x0884,0x1083,0x0884,0x1083,0x0884,0x0883,0x1084,0x0883,0x10a4,0x0883,0x1084,0x0883,0x1084,0x0883,
  0x0884,0x1083,0x0884,0x0883,0x1084,0x0884,0x0883,0x1084,0x0883,0x1084,0x10a3,0x0884,0x1083,0x0884,0x1083,0x0884,
  0x0883,0x1084,0x0883,0x1084,0x0883,0x1084,0x0883,0x1084,0x0883,0x1084,0x08a4,0x0883,0x1084,0x0883,0x1084,0x0884,
  0x1083,0x0884,0x1083,0x0884,0x0883,0x1084,0x0883,0x0884,0x1084,0x0883,0x08a4,0x1083,0x0884,0x1083,0x1084,0x0883,
  0x1084,0x0883,0x1084,0x0883,0x0884,0x1083,0x0884,0x1083,0x0884,0x1083,0x08a4,0x1083,0x0884,0x1084,0x0883,0x0884,
  0x1083,0x0884,0x1083,0x0884,0x1083,0x0884,0x1083,0x0884,0x0883,0x1084,0x08a3,0x1084,0x1084,0x0883,0x1084,0x1083,
  0x0884,0x0883,0x1084,0x0883,0x0884,0x1083,0x1084,0x0883,0x0884,0x1083,0x08a4,0x1084,0x08a3,0x1084,0x08a3,0x0884,
  0x0884,0x10a3,0x0884,0x0884,0x1083,0x08a4,0x1083,0x0884,0x0884,0x1083,0x0884,0x0884,0x1083,0x0884,0x1084,0x08a3,
  0x0884,0x0883,0x1084,0x0883,0x0884,0x10a4,0x0883,0x08a4,0x0883,0x10a4,0x0884,0x0883,0x1084,0x08a4,0x0883,0x0884,
  0x1083,0x0884,0x10a4,0x0883,0x08a4,0x1083,0x0884,0x0883,0x08a4,0x1083,0x08a4,0x0884,0x0883,0x10a4,0x0884,0x08a3,
  0x1084,0x08a4,0x1083,0x08a4,0x0883,0x1084,0x0883,0x0884,0x08a4,0x0883,0x10a5,0x0883,0x0884,0x08a4,0x1083,0x0884,
  0x0883,0x0884,0x0883,0x08a3,0x0884,0x0884,0x0884,0x0883,0x10a4,0x0884,0x10a5,0x0883,0x08a4,0x1083,0x0884,0x0883,
  0x10a4,0x0883,0x1084,0x0884,0x08a3,0x1084,0x0883,0x10a4,0x10a4,0x0884,0x10a5,0x0884,0x08a3,0x10a5,0x08a4,0x1084,
  0x08a4,0x1084,0x08a4,0x08a4,0x1084,0x10a5,0x08a4,0x1084,0x08a4,0x1084,0x10a4,0x08a4,0x0884,0x10a5,0x08a3,0x1084,
  0x10a5,0x0883,0x10a4,0x10a4,0x0884,0x1083,0x0884,0x0883,0x1084,0x0884,0x1083,0x0884,0x10a4,0x08a4,0x0884,0x08a4,
  0x0883,0x0884,0x10a4,0x0884,0x08a3,0x10a4,0x08a4,0x0884,0x0883,0x1084,0x08a3,0x0884,0x0884,0x0883,0x1084,0x0883,
  0x08a4,0x0884,0x10a3,0x0884,0x0884,0x08a4,0x1084,0x0883,0x0884,0x10a3,0x0884,0x08a3,0x0884,0x10a3,0x0884,0x08a3,
  0x0884,0x10a3,0x0884,0x1084,0x0883,0x1084,0x08a3,0x1084,0x0883,0x0884,0x10a4,0x0883,0x0884,0x1083,0x08a4,0x0884,
  0x1083,0x0884,0x1084,0x08a3,0x0884,0x1083,0x0884,0x0883,0x0884,0x1083,0x0884,0x0884,0x1083,0x0884,0x1084,0x08a3,
  0x0884,0x1084,0x0883,0x08a4,0x0883,0x0884,0x1083,0x0884,0x0884,0x10a3,0x0884,0x10a4,0x0883,0x08a4,0x1084,0x0883,
  0x0884,0x1083,0x0884,0x0883,0x1084,0x0884,0x08a3,0x0884,0x0883,0x1084,0x0883,0x0884,0x1084,0x08a3,0x1084,0x0883,
  0x0884,0x1084,0x0883,0x10a4,0x0883,0x0884,0x10a4,0x0883,0x08a4,0x0883,0x1084,0x0883,0x08a4,0x1083,0x0884,0x0884,
  0x0883,0x1084,0x08a3,0x0884,0x0883,0x1084,0x08a3,0x0884,0x0883,0x10a4,0x0884,0x08a3,0x1084,0x08a4,0x0883,0x0884,
  0x1083,0x08a4,0x0883,0x08a4,0x1083,0x08a4,0x0884,0x1083,0x0884,0x0884,0x1083,0x0884,0x10a3,0x0884,0x0883,0x10a4,
  0x0884,0x0883,0x1084,0x0884,0x0883,0x1084,0x0883,0x0884,0x1084,0x0883,0x0884,0x1083,0x0884,0x0883,0x08a4,0x1084,
  0x08a3,0x1084,0x08a4,0x0883,0x10a4,0x0884,0x0883,0x0884,0x1084,0x0883,0x10a4,0x0884,0x0883,0x1084,0x08a3,0x0884,
  0x1083,0x0884,0x0883,0x0884,0x08a3,0x1084,0x0884,0x0883,0x1084,0x0884,0x0883,0x10a4,0x0883,0x0884,0x0883,0x10a4,
  0x0883,0x08a4,0x1083,0x08a4,0x0884,0x08a3,0x1084,0x0883,0x0884,0x1083,0x0884,0x1083,0x08a4,0x0883,0x10a4,0x0883,
  0x08a4,0x0884,0x10a3,0x0884,0x08a4,0x1083,0x08a4,0x0884,0x10a3,0x0884,0x0883,0x1084,0x08a3,0x0884,0x10a3,0x0884,
  0x08a3,0x1084,0x08a3,0x0884,0x10a3,0x0884,0x08a4,0x1083,0x08a4,0x0883,0x0884,0x1083,0x08a4,0x0883,0x08a4,0x0883,
  0x10a4,0x0883,0x08a4,0x0884,0x10a3,0x0884,0x10a3,0x0884,0x08a4,0x1083,0x0884,0x0884,0x08a3,0x0884,0x08a3,0x1084,
  0x08a3,0x0884,0x10a3,0x0884,0x08a3,0x1084,0x08a3,0x0884,0x10a4,0x0883,0x0884,0x1084,0x08a3,0x0884,0x08a4,0x1083,
  0x08a4,0x0884,0x08a3,0x0884,0x10a4,0x0883,0x08a4,0x0884,0x10a3,0x0884,0x1083,0x0884,0x08a3,0x1084,0x08a3,0x0884,
  0x08a3,0x0884,0x08a4,0x1083,0x08a4,0x0883,0x10a4,0x0883,0x08a4,0x1083,0x0884,0x0884,0x10a3,0x0884,0x08a4,0x1083,
  0x08a4,0x0884,0x08a3,0x1084,0x08a4,0x0883,0x08a4,0x0884,0x10a3,0x0884,0x0884,0x0883,0x10a4,0x0883,0x10a4,0x0883,
  0x08a4,0x1084,0x08a3,0x0884,0x08a3,0x0884,0x08a4,0x1083,0x08a4,0x0883,0x1084,0x0883,0x08a4,0x1083,0x08a4,0x0884,
  0x10a3,0x0884,0x08a3,0x1084,0x08a3,0x0884,0x08a4,0x1083,0x08a4,0x0884,0x1083,0x0884,0x0883,0x0884,0x1084,0x0883,
  0x0884,0x0883,0x1084,0x08a3,0x0884,0x1084,0x0883,0x08a4,0x1083,0x08a4,0x0883,0x10a4,0x0884,0x08a3,0x0884,0x1084,
  0x0883,0x10a4,0x0884,0x10a3,0x0884,0x0883,0x1084,0x0883,0x1084,0x0883,0x1084,0x08a3,0x0884,0x1083,0x08a4,0x1083,
  0x08a4,0x0883,0x0884,0x1084,0x0883,0x0884,0x10a4,0x0883,0x1084,0x0884,0x1083,0x0884,0x10a4,0x0883,0x1084,0x0884,
  0x0883,0x0884,0x0883,0x1084,0x08a4,0x1084,0x08a4,0x1083,0x08a5,0x1084,0x0883,0x10a4,0x0884,0x1083,0x08a4,0x0884,
  0x1083,0x10a4,0x0884,0x1084,0x08a4,0x1083,0x10a4,0x0884,0x08a4,0x0884,0x1083,0x0884,0x10a4,0x0884,0x10a4,0x0884,
  0x0883,0x10a4,0x0884,0x1083,0x08a4,0x1084,0x0884,0x0884,0x1084,0x0883,0x10a4,0x1084,0x0883,0x10a4,0x0884,0x1083,
  0x08a4,0x0883,0x1084,0x0884,0x0883,0x08a4,0x1083,0x0884,0x10a4,0x0883,0x0884,0x1084,0x0883,0x10a4,0x0884,0x0883,
  0x10a4,0x0884,0x0884,0x0884,0x10a4,0x0884,0x10a3,0x08a4,0x0884,0x10a3,0x08a4,0x08a4,0x10a4,0x10a4,0x08c4,0x10a5,
  0x08c4,0x1083,0x10c4,0x10a4,0x0884,0x1084,0x0884,0x10a4,0x0884,0x0883,0x10a4,0x0884,0x10a3,0x0884,0x08a4,0x1084,
  0x08a4,0x1084,0x0884,0x10a5,0x1083,0x08a4,0x08a4,0x1084,0x0883,0x0884,0x1083,0x0884,0x1084,0x0883,0x1084,0x0884,
  0x1083,0x0884,0x0883,0x08a4,0x1084,0x0883,0x0884,0x0883,0x10a4,0x0883,0x0884,0x1083,0x08a4,0x0884,0x1083,0x08a4,
  0x0884,0x10a3,0x0884,0x1083,0x0884,0x08a4,0x1083,0x08a4,0x1084,0x08a3,0x1084,0x08a3,0x0884,0x10a3,0x0884,0x1084,
  0x0883,0x08a4,0x1083,0x0884,0x1084,0x08a3,0x1084,0x08a3,0x1084,0x0884,0x0883,0x1084,0x0884,0x1083,0x0884,0x10a4,
  0x0883,0x08a4,0x1084,0x08a3,0x0884,0x1083,0x0884,0x10a4,0x0883,0x08a4,0x1084,0x08a3,0x0884,0x1083,0x0884,0x10a4,
  0x0883,0x10a4,0x0883,0x0884,0x1084,0x0883,0x0884,0x1083,0x0884,0x1084,0x08a3,0x1084,0x0884,0x0883,0x10a4,0x0883,
  0x10a4,0x0883,0x1084,0x0884,0x10a3,0x0884,0x1084,0x0883,0x1084,0x0883,0x0884,0x1084,0x0883,0x0884,0x1083,0x08a4,
  0x1084,0x0883,0x1084,0x0884,0x0883,0x1084,0x0883,0x08a4,0x1083,0x08a4,0x0883,0x0884,0x0884,0x10a3,0x0884,0x1083,
  0x0884,0x10a4,0x0883,0x08a4,0x1083,0x08a4,0x0884,0x10a3,0x0884,0x08a3,0x1084,0x08a4,0x1083,0x0884,0x1083,0x0884,
  0x0884,0x0883,0x1084,0x0884,0x0883,0x1084,0x10a4,0x0883,0x0884,0x10a3,0x0884,0x1083,0x0884,0x0883,0x1084,0x0883,
  0x08a4,0x1083,0x08a4,0x1084,0x0883,0x0884,0x10a3,0x0884,0x08a3,0x1084,0x0883,0x0884,0x1084,0x08a3,0x1084,0x0884,
  0x1083,0x0884,0x0884,0x1083,0x1084,0x0883,0x0884,0x10a4,0x0883,0x08a4,0x1084,0x0884,0x1083,0x0884,0x0884,0x1083,
  0x0884,0x1083,0x0884,0x1083,0x0884,0x1084,0x0883,0x1084,0x0883,0x1084,0x08a4,0x1083,0x0884,0x1083,0x0884,0x1083,
  0x0884,0x1083,0x0884,0x1084,0x0883,0x0884,0x1083,0x0884,0x1083,0x0884,0x10a3,0x0884,0x1083,0x0884,0x1084,0x0883,
  0x0884,0x1084,0x1083,0x0884,0x0883,0x0884,0x1084,0x0883,0x1084,0x0883,0x10a4,0x0883,0x1084,0x1083,0x0884,0x0884,
  0x1084,0x0883,0x1084,0x0884,0x1083,0x0884,0x1084,0x0883,0x0884,0x1083,0x08a4,0x0883,0x1084,0x0883,0x1084,0x0884,
  0x1083,0x0884,0x1084,0x0883,0x0884,0x1083,0x1084,0x0883,0x0884,0x0884,0x10a3,0x0884,0x1084,0x0883,0x1084,0x0883,
  0x1084,0x1083,0x0884,0x0883,0x1084,0x0884,0x1083,0x0884,0x1084,0x0883,0x10a4,0x0883,0x0884,0x1083,0x0884,0x0884,
  0x1083,0x0884,0x1084,0x0883,0x1084,0x0884,0x1083,0x0884,0x0883,0x1084,0x10a3,0x0884,0x0883,0x0884,0x1084,0x0883,
  0x1084,0x0883,0x1084,0x0883,0x1084,0x1083,0x0884,0x0883,0x1084,0x0884,0x08a3,0x1084,0x0884,0x0883,0x1084,0x0883,
  0x0884,0x1084,0x0883,0x1084,0x0884,0x1083,0x0884,0x0883,0x1084,0x0883,0x08a4,0x1083,0x08a4,0x1083,0x08a4,0x1083,
  0x1083,0x08a4,0x0883,0x1084,0x0883,0x08a4,0x1083,0x0884,0x0883,0x1084,0x0884,0x0883,0x1084,0x0883,0x1084,0x08a3,
  0x0884,0x0883,0x0884,0x0883,0x1084,0x08a3,0x0884,0x1084,0x08a3,0x0884,0x0883,0x1084,0x0883,0x0884,0x1083,0x0884,
  0x0884,0x1083,0x08a4,0x0883,0x10a4,0x0883,0x0884,0x1083,0x08a4,0x0883,0x08a4,0x1083,0x0884,0x0883,0x08a4,0x1083,
  0x0884,0x10a3,0x0884,0x1083,0x08a4,0x1084,0x0883,0x10a4,0x0884,0x0883,0x0884,0x10a4,0x08a4,0x0884,0x08a4,0x1084,
  0x08a4,0x10a4,0x0884,0x0883,0x08a4,0x0884,0x10a4,0x0884,0x1084,0x08a3,0x08a4,0x0884,0x08a4,0x0883,0x10a4,0x10a4,
  0x0884,0x10a4,0x0884,0x0884,0x10a4,0x0884,0x08a3,0x10a4,0x08a4,0x1084,0x08a4,0x0884,0x08a4,0x10a5,0x0883,0x0884,
  0x10a4,0x0884,0x10a4,0x0883,0x1084,0x08a4,0x0883,0x1084,0x08a4,0x0884,0x08a4,0x0884,0x10a3,0x08a5,0x10a4,0x0884,
  0x10a4,0x0884,0x10a4,0x10a4,0x0884,0x10a4,0x0884,0x08a4,0x1084,0x08a4,0x10a4,0x08a4,0x08a4,0x10a4,0x10a4,0x0883,
  0x10a4,0x08a4,0x08a4,0x0884,0x1084,0x08a4,0x1083,0x08a4,0x1084,0x0884,0x08a4,0x0884,0x1084,0x10a4,0x0883,0x1084,
  0x08a4,0x0883,0x08a3,0x0884,0x0883,0x1084,0x0884,0x10a4,0x0883,0x10a4,0x0884,0x08a3,0x1084,0x08a3,0x0884,0x10a3,
  0x0884,0x08a3,0x1084,0x0883,0x08a4,0x1083,0x08a4,0x1084,0x0883,0x1084,0x08a3,0x0884,0x1083,0x0884,0x0883,0x1084,
  0x0883,0x0884,0x0883,0x08a4,0x1083,0x0884,0x0883,0x1084,0x0883,0x0884,0x0883,0x1084,0x0883,0x0884,0x0883,0x08a4,
  0x1083,0x0884,0x0883,0x10a4,0x0883,0x0884,0x0883,0x1084,0x0883,0x08a4,0x1083,0x0884,0x08a3,0x0884,0x0883,0x0884,
  0x1083,0x0884,0x0883,0x1084,0x08a3,0x0884,0x1083,0x0884,0x1083,0x0884,0x0883,0x1084,0x0883,0x08a4,0x0883,0x0884,
  0x1083,0x0884,0x0883,0x10a4,0x0883,0x10a4,0x0883,0x08a4,0x1083,0x0884,0x0883,0x0884,0x10a3,0x0884,0x0883,0x1084,
  0x0884,0x0883,0x08a4,0x1083,0x0884,0x0883,0x08a4,0x1084,0x08a3,0x0884,0x10a3,0x0884,0x08a3,0x1084,0x0883,0x0884,
  0x0883,0x10a4,0x0883,0x1084,0x08a3,0x0884,0x1083,0x0884,0x0884,0x1083,0x0884,0x10a3,0x0884,0x1083,0x0884,0x08a4,
  0x0883,0x0884,0x1083,0x0884,0x0883,0x1084,0x0883,0x0884,0x1083,0x0884,0x0883,0x0884,0x08a3,0x1084,0x08a4,0x1083,
  0x08a4,0x1083,0x08a4,0x1083,0x0884,0x0883,0x0884,0x10a3,0x0884,0x0883,0x0884,0x08a3,0x1084,0x08a4,0x0883,0x1084,
  0x0884,0x0883,0x1084,0x0883,0x10a4,0x0883,0x0884,0x1084,0x0883,0x08a4,0x1084,0x08a3,0x0884,0x1083,0x0884,0x08a3,
  0x0884,0x1083,0x08a4,0x0883,0x08a4,0x1084,0x0883,0x0884,0x1083,0x0884,0x0883,0x08a4,0x0883,0x10a4,0x0883,0x08a4,
  0x1083,0x08a4,0x0883,0x08a4,0x1083,0x08a4,0x0883,0x0884,0x10a3,0x0884,0x0883,0x0884,0x10a3,0x0884,0x0884,0x08a3,
  0x1084,0x08a4,0x0883,0x08a4,0x1083,0x08a4,0x0883,0x0884,0x08a4,0x1083,0x0884,0x0884,0x08a3,0x1084,0x0883,0x10a4,
  0x0883,0x08a4,0x0883,0x10a4,0x0884,0x10a3,0x0884,0x0883,0x08a4,0x0883,0x0884,0x1083,0x08a4,0x0884,0x1083,0x08a3,
  0x0884,0x10a3,0x0884,0x08a3,0x0884,0x10a3,0x0884,0x1083,0x08a4,0x0883,0x1084,0x0884,0x08a3,0x1084,0x0883,0x08a4,
  0x0883,0x10a4,0x0883,0x10a4,0x0883,0x08a4,0x0883,0x1084,0x08a3,0x1084,0x0883,0x0884,0x08a3,0x0884,0x0884,0x10a3,
  0x0884,0x08a4,0x1083,0x08a4,0x0883,0x10a4,0x0884,0x0883,0x08a4,0x1083,0x0884,0x1084,0x08a3,0x0884,0x1083,0x08a4,
  0x0883,0x10a4,0x0883,0x08a4,0x0883,0x10a4,0x0883,0x1084,0x08a3,0x0884,0x0883,0x1084,0x08a4,0x1083,0x0884,0x08a3,
  0x0884,0x08a3,0x0884,0x10a4,0x0883,0x08a4,0x1083,0x0884,0x08a3,0x1084,0x0884,0x0883,0x10a4,0x0883,0x0884,0x10a3,
  0x0884,0x08a3,0x1084,0x08a3,0x0884,0x08a3,0x1084,0x0883,0x08a4,0x1083,0x0884,0x0884,0x1083,0x0884,0x0883,0x0884,
  0x0884,0x1083,0x0884,0x10a4,0x0883,0x1084,0x0884,0x10a3,0x0884,0x08a3,0x1084,0x08a3,0x0884,0x10a3,0x0884,0x1083,
  0x0884,0x10a3,0x1084,0x08a4,0x0883,0x1084,0x08a3,0x0884,0x1083,0x08a4,0x1084,0x08a3,0x1084,0x08a4,0x0883,0x10a4,
  0x0883,0x1084,0x0883,0x1084,0x0883,0x1084,0x08a4,0x0883,0x1084,0x0883,0x1084,0x0883,0x10a4,0x0883,0x1084,0x0883,
  0x10a4,0x0884,0x0883,0x10a4,0x0884,0x0883,0x10a4,0x08a4,0x1084,0x08a4,0x10a4,0x0884,0x1083,0x1084,0x0883,0x0884,
  0x0883,0x1084,0x08a3,0x1084,0x0884,0x1083,0x0884,0x10a3,0x0884,0x1084,0x08a4,0x1084,0x0884,0x1083,0x0884,0x0883,
  0x1084,0x0883,0x10a4,0x0883,0x1084,0x10a4,0x0884,0x1083,0x10a5,0x08a4,0x08a4,0x1084,0x08c5,0x1083,0x10a5,0x08a4,
  0x1084,0x0883,0x10a4,0x08a4,0x1084,0x10a4,0x0884,0x10a4,0x1084,0x0883,0x10a4,0x0884,0x0883,0x1084,0x10c4,0x0884,
  0x10a4,0x10a4,0x10a4,0x08a4,0x10a4,0x08a4,0x1083,0x08a4,0x0884,0x10a4,0x08a4,0x10a4,0x0884,0x10a3,0x08a4,0x10a4,
  0x10a4,0x08a5,0x10a4,0x0883,0x10a4,0x0884,0x1084,0x0883,0x10a4,0x0883,0x1084,0x08a3,0x0884,0x10a4,0x0884,0x10a4,
  0x0884,0x1084,0x10a4,0x1084,0x08a4,0x08a4,0x1084,0x08a4,0x1084,0x0883,0x1084,0x0883,0x0884,0x1084,0x0883,0x0884,
  0x1084,0x0883,0x1084,0x0884,0x1083,0x0884,0x1083,0x0884,0x08a3,0x0884,0x1084,0x0883,0x10a4,0x0883,0x10a4,0x0883,
  0x10a4,0x0883,0x1084,0x0884,0x10a3,0x0884,0x10a3,0x0884,0x10a4,0x0883,0x10a4,0x0884,0x10a3,0x0884,0x1083,0x0884,
  0x1083,0x08a4,0x1084,0x0883,0x1084,0x08a3,0x1084,0x08a4,0x1083,0x0884,0x08a3,0x1084,0x0883,0x10a4,0x1083,0x08a4,
  0x1084,0x08a3,0x1084,0x0883,0x1084,0x08a4,0x0883,0x10a4,0x0884,0x10a3,0x0884,0x10a3,0x0884,0x1084,0x1083,0x08a4,
  0x0883,0x10a4,0x0884,0x0883,0x1084,0x0883,0x1084,0x0884,0x08a3,0x1084,0x08a4,0x1083,0x0884,0x1084,0x08a3,0x0884,
  0x10a3,0x0884,0x1083,0x0884,0x10a4,0x0883,0x1084,0x0883,0x1084,0x0884,0x0883,0x1084,0x0883,0x10a4,0x0884,0x10a3,
  0x0884,0x0883,0x10a4,0x0883,0x1084,0x08a4,0x0883,0x10a4,0x0883,0x10a4,0x0884,0x1083,0x0884,0x08a4,0x1083,0x0884,
  0x1083,0x08a4,0x1083,0x0884,0x10a4,0x0883,0x10a4,0x0883,0x08a4,0x1084,0x08a3,0x1084,0x0884,0x1083,0x0884,0x0883,
  0x1084,0x0883,0x0884,0x08a3,0x1084,0x08a3,0x1084,0x0883,0x1084,0x08a4,0x1083,0x0884,0x1083,0x0884,0x10a3,0x0884,
  0x10a3,0x0884,0x10a3,0x0884,0x0884,0x1083,0x08a4,0x1083,0x0884,0x1083,0x0884,0x1083,0x0884,0x08a3,0x1084,0x0883,
  0x1084,0x08a4,0x1083,0x0884,0x1083,0x0884,0x10a3,0x0884,0x10a3,0x0884,0x10a3,0x1084,0x0883,0x0884,0x1083,0x0884,
  0x0884,0x1083,0x0884,0x1084,0x0883,0x1084,0x08a3,0x1084,0x0884,0x1083,0x08a4,0x1083,0x0884,0x1083,0x08a4,0x1084,
  0x0883,0x1084,0x0883,0x1084,0x0884,0x1083,0x08a4,0x1083,0x0884,0x0884,0x10a3,0x0884,0x1083,0x0884,0x08a4,0x1083,
  0x0884,0x1083,0x0884,0x1083,0x0884,0x0883,0x10a4,0x0883,0x1084,0x1084,0x08a3,0x0884,0x1083,0x0884,0x08a4,0x1083,
  0x0884,0x0884,0x1083,0x0884,0x1083,0x0884,0x08a3,0x0884,0x1083,0x0884,0x08a3,0x1084,0x0883,0x0884,0x10a3,0x0884,
  0x1083,0x0884,0x0883,0x1084,0x0884,0x1083,0x08a4,0x1084,0x0883,0x0884,0x10a4,0x0883,0x1084,0x1083,0x08a4,0x0884,
  0x1083,0x0884,0x0883,0x1084,0x0884,0x0883,0x10a4,0x0883,0x1084,0x0883,0x08a4,0x0883,0x1084,0x0883,0x08a4,0x1083,
  0x0884,0x0883,0x1084,0x0883,0x1084,0x0883,0x08a4,0x1083,0x0884,0x1084,0x08a3,0x1084,0x0883,0x0884,0x10a3,0x0884,
  0x1084,0x1083,0x0884,0x0883,0x1084,0x0884,0x08a3,0x1084,0x0884,0x1083,0x08a4,0x1083,0x0884,0x1083,0x08a4,0x0884,
  0x1083,0x0884,0x0884,0x1083,0x0884,0x1083,0x08a4,0x1084,0x0883,0x1084,0x08a3,0x1084,0x08a3,0x1084,0x08a4,0x1083,
  0x0884,0x10a4,0x0883,0x0884,0x1084,0x08a3,0x0884,0x0884,0x1083,0x0884,0x1084,0x0883,0x1084,0x0884,0x08a3,0x1084,
  0x0884,0x0884,0x08a3,0x1084,0x0884,0x1083,0x0884,0x10a4,0x0884,0x1083,0x0884,0x0884,0x0883,0x1084,0x08a4,0x1083,
  0x0884,0x08a4,0x1083,0x08a4,0x0884,0x10a3,0x0884,0x1084,0x08a3,0x1084,0x08a4,0x0883,0x1084,0x0884,0x08a3,0x1084,
  0x0883,0x1084,0x08a4,0x0883,0x10a4,0x0884,0x0884,0x1084,0x08a4,0x1084,0x08a4,0x1083,0x08a4,0x10a4,0x0884,0x10a4,
  0x10a4,0x0884,0x10a5,0x0883,0x10a4,0x08a4,0x0884,0x0884,0x10a4,0x0884,0x10a4,0x0883,0x10a5,0x08a4,0x0884,0x08a4,
  0x10a4,0x0884,0x10a4,0x0884,0x08a4,0x10a4,0x10a4,0x0884,0x10a4,0x08a4,0x10a4,0x0884,0x10c5,0x0883,0x10a4,0x0883,
  0x10a4,0x0884,0x0884,0x1083,0x0884,0x0883,0x10a4,0x0883,0x08a4,0x1084,0x0883,0x10a4,0x10a4,0x08a5,0x10a4,0x0884,
  0x10a4,0x08a4,0x10a5,0x08a4,0x10a4,0x08c5,0x10c4,0x10c5,0x08c4,0x10c4,0x10a4,0x08c4,0x10a4,0x08a4,0x10c5,0x08c5,
  0x08a4,0x10c4,0x0884,0x10a4,0x0884,0x10a3,0x08a4,0x1084,0x0884,0x10a4,0x0884,0x10a4,0x08a4,0x0884,0x10a4,0x0884,
  0x10a3,0x0884,0x08a4,0x1084,0x0883,0x08a4,0x1084,0x0883,0x08a4,0x0883,0x10a4,0x0884,0x10a3,0x0884,0x10a3,0x0884,
  0x10a3,0x0884,0x08a3,0x1084,0x08a4,0x0883,0x08a4,0x1084,0x0884,0x1083,0x08a4,0x1084,0x0883,0x0884,0x1084,0x0884,
  0x0883,0x10a4,0x0883,0x10a4,0x0884,0x0883,0x1084,0x0883,0x0884,0x1084,0x0883,0x0884,0x1084,0x08a3,0x1084,0x08a4,
  0x0884,0x1083,0x0884,0x08a3,0x1084,0x0884,0x0883,0x1084,0x08a4,0x1083,0x0884,0x1084,0x0883,0x0884,0x1084,0x0883,
  0x0884,0x1083,0x08a4,0x0884,0x1083,0x0884,0x1084,0x0883,0x0884,0x1083,0x0884,0x0884,0x1083,0x08a4,0x0883,0x1084,
  0x0884,0x0883,0x1084,0x08a3,0x0884,0x10a4,0x0883,0x1084,0x0884,0x0883,0x1084,0x08a3,0x0884,0x1083,0x0884,0x1084,
  0x0883,0x10a4,0x0884,0x0883,0x1084,0x08a3,0x0884,0x08a4,0x1083,0x08a4,0x1083,0x08a4,0x0884,0x1083,0x0884,0x1083,
  0x08a4,0x1084,0x0884,0x0884,0x0883,0x1084,0x0884,0x1083,0x0884,0x0883,0x10a4,0x0884,0x1083,0x0884,0x08a3,0x1084,
  0x0884,0x1083,0x08a4,0x0883,0x1084,0x0884,0x0883,0x1084,0x0883,0x1084,0x0884,0x1083,0x08a4,0x0883,0x10a4,0x0883,
  0x08a4,0x1084,0x0883,0x1084,0x0884,0x1083,0x08a4,0x0884,0x1083,0x0884,0x1084,0x08a3,0x0884,0x1084,0x0883,0x0884,
  0x1084,0x0883,0x0884,0x10a3,0x0884,0x1084,0x0883,0x08a4,0x1084,0x08a3,0x0884,0x10a4,0x0883,0x1084,0x0884,0x10a4,
  0x0883,0x0884,0x1083,0x08a4,0x0884,0x10a3,0x0884,0x0884,0x1083,0x0884,0x0884,0x0883,0x10a4,0x0884,0x10a4,0x0883,
  0x10a4,0x0884,0x10a3,0x0884,0x08a3,0x0884,0x1084,0x0883,0x08a4,0x0883,0x1084,0x0884,0x08a4,0x0883,0x1084,0x0883,
  0x08a4,0x0883,0x10a4,0x0883,0x08a4,0x1084,0x0883,0x1084,0x08a3,0x1084,0x0883,0x1084,0x08a4,0x1083,0x0884,0x0883,
  0x10a4,0x0884,0x08a3,0x1084,0x08a4,0x1083,0x0884,0x1084,0x08a3,0x0884,0x1084,0x0883,0x08a4,0x1083,0x0884,0x1084,
  0x08a3,0x1084,0x08a4,0x1083,0x08a4,0x1084,0x0884,0x1083,0x08a4,0x1084,0x0884,0x1083,0x08a4,0x1084,0x0884,0x1083,
  0x08a4,0x1084,0x08a3,0x0884,0x10a3,0x0884,0x0883,0x1084,0x08a4,0x1083,0x0884,0x1083,0x08a4,0x0884,0x1083,0x0884,
  0x08a3,0x1084,0x08a4,0x1083,0x08a4,0x1083,0x0884,0x1084,0x08a3,0x1084,0x0884,0x1083,0x08a4,0x1084,0x0884,0x1083,
  0x08a4,0x1084,0x08a3,0x1084,0x08a4,0x1083,0x0884,0x0884,0x10a3,0x0884,0x0884,0x1083,0x08a4,0x1084,0x0883,0x1084,
  0x08a3,0x0884,0x10a4,0x0883,0x08a4,0x1083,0x0884,0x1083,0x08a4,0x0883,0x1084,0x0884,0x08a3,0x1084,0x0883,0x1084,
  0x08a4,0x1083,0x08a4,0x1083,0x08a4,0x0884,0x1083,0x0884,0x08a4,0x1083,0x0884,0x0884,0x1083,0x0884,0x0883,0x1084,
  0x0883,0x0884,0x10a3,0x0884,0x08a3,0x1084,0x0883,0x10a4,0x0884,0x10a3,0x0884,0x08a3,0x1084,0x08a3,0x1084,0x0883,
  0x10a4,0x0883,0x1084,0x0883,0x10a4,0x0884,0x08a3,0x1083,0x0884,0x08a3,0x1084,0x08a3,0x1084,0x08a3,0x1084,0x0883,
  0x10a4,0x0883,0x0884,0x1083,0x0884,0x1084,0x0883,0x08a4,0x1084,0x0883,0x1084,0x08a4,0x0883,0x1084,0x0884,0x08a3,
  0x0884,0x10a4,0x0884,0x1084,0x08a4,0x0884,0x10a3,0x0884,0x08a4,0x0883,0x1084,0x0884,0x0884,0x10a4,0x0883,0x10a4,
  0x0884,0x0883,0x10a4,0x0884,0x0884,0x08a4,0x1083,0x10a4,0x08a4,0x1083,0x0884,0x08a3,0x1084,0x0883,0x10a4,0x0884,
  0x10a4,0x0884,0x10a4,0x10a5,0x0883,0x0884,0x10a4,0x08c5,0x10c5,0x10c5,0x10a4,0x08c4,0x10c4,0x08c4,0x10a4,0x08a4,
  0x0884,0x08a4,0x1083,0x08a5,0x08a4,0x1083,0x0885,0x18a4,0x0884,0x10a4,0x0884,0x10a4,0x08a4,0x1084,0x10a4,0x0884,
  0x10a4,0x08a4,0x10a4,0x08a4,0x10c4,0x08a4,0x10a4,0x08a4,0x10c4,0x08a4,0x10c5,0x0884,0x10a4,0x08a4,0x10a4,0x08a3,
  0x08a4,0x08c5,0x1083,0x08a4,0x1084,0x0884,0x10a4,0x0884,0x08a3,0x10a4,0x0884,0x0883,0x1084,0x0884,0x1083,0x08a4,
  0x1084,0x0884,0x1083,0x08a4,0x1084,0x0883,0x10a4,0x08a4,0x1084,0x10a4,0x0884,0x0883,0x10a5,0x0883,0x10a4,0x08a4,
  0x0884,0x1084,0x0883,0x08a4,0x1083,0x0884,0x1083,0x08a4,0x1083,0x08a4,0x0883,0x0884,0x10a4,0x0883,0x08a4,0x1083,
  0x08a4,0x1084,0x0883,0x0884,0x1083,0x08a4,0x0884,0x10a3,0x0884,0x08a3,0x1084,0x08a3,0x0884,0x1084,0x0883,0x1084,
  0x08a3,0x0884,0x10a3,0x0884,0x0883,0x10a4,0x0884,0x08a3,0x0884,0x1083,0x08a4,0x0883,0x10a4,0x0883,0x08a4,0x1083,
  0x08a4,0x0884,0x1083,0x08a4,0x0883,0x10a4,0x0883,0x10a4,0x0883,0x08a4,0x1083,0x08a4,0x0883,0x1084,0x08a4,0x0883,
  0x10a4,0x0883,0x10a4,0x0884,0x1083,0x0884,0x08a3,0x0884,0x10a3,0x0884,0x08a3,0x1084,0x0884,0x08a3,0x1084,0x08a3,
  0x0884,0x0883,0x10a4,0x0883,0x0884,0x1084,0x0883,0x1084,0x0883,0x0884,0x10a4,0x0883,0x1084,0x08a3,0x0884,0x0884,
  0x1083,0x08a4,0x1083,0x08a4,0x1083,0x08a4,0x1083,0x08a4,0x1084,0x08a3,0x0884,0x0883,0x08a4,0x1083,0x0884,0x10a3,
  0x0884,0x0884,0x1083,0x08a4,0x0883,0x10a4,0x0884,0x08a3,0x1084,0x08a3,0x0884,0x10a3,0x0884,0x1084,0x0883,0x1084,
  0x0883,0x10a4,0x0884,0x08a3,0x1084,0x08a4,0x1083,0x0884,0x08a3,0x1084,0x08a3,0x1084,0x0883,0x08a4,0x1084,0x08a3,
  0x0884,0x10a4,0x0883,0x0884,0x10a3,0x0884,0x10a4,0x0883,0x0884,0x1083,0x0884,0x0883,0x10a4,0x0883,0x08a4,0x0883,
  0x1084,0x08a3,0x0884,0x1083,0x0884,0x0884,0x10a3,0x0884,0x08a4,0x1083,0x08a4,0x1084,0x0883,0x1084,0x0883,0x0884,
  0x1083,0x08a4,0x0883,0x1084,0x0884,0x10a3,0x0884,0x10a3,0x0884,0x1084,0x08a3,0x1084,0x0883,0x10a4,0x0883,0x10a4,
  0x0884,0x1083,0x0884,0x1084,0x0883,0x08a4,0x1084,0x08a3,0x0884,0x1084,0x08a3,0x0884,0x0883,0x10a4,0x0883,0x10a4,
  0x0883,0x1084,0x0884,0x0883,0x1084,0x08a4,0x0883,0x08a4,0x1083,0x0884,0x08a3,0x1084,0x0884,0x10a3,0x0884,0x08a3,
  0x1084,0x0883,0x0884,0x0884,0x1083,0x08a3,0x0884,0x10a4,0x0883,0x0884,0x10a3,0x0884,0x0883,0x10a4,0x0883,0x08a4,
  0x0883,0x1084,0x0884,0x1083,0x0884,0x10a4,0x0883,0x08a4,0x1083,0x0884,0x08a3,0x0884,0x1083,0x08a4,0x0883,0x10a4,
  0x0884,0x1083,0x0884,0x0883,0x1084,0x08a4,0x0883,0x08a4,0x1083,0x0884,0x08a3,0x1084,0x0883,0x08a4,0x1083,0x08a4,
  0x0883,0x1084,0x0884,0x0883,0x0884,0x10a4,0x0883,0x10a4,0x0883,0x1084,0x08a3,0x0884,0x1083,0x08a4,0x0884,0x08a3,
  0x1084,0x0883,0x0884,0x1084,0x0883,0x10a4,0x0884,0x08a4,0x1083,0x0884,0x08a3,0x1084,0x0884,0x08a3,0x1084,0x08a3,
  0x0884,0x1083,0x0884,0x0884,0x1083,0x08a4,0x0883,0x10a4,0x0883,0x0884,0x10a3,0x0884,0x08a4,0x1083,0x08a4,0x0884,
  0x1084,0x08a3,0x1084,0x0883,0x1084,0x0883,0x10a4,0x0883,0x0884,0x0883,0x10a4,0x0884,0x0883,0x1084,0x0884,0x08a3,
  0x1084,0x0883,0x08a4,0x1083,0x0884,0x10a3,0x0884,0x0884,0x1083,0x0884,0x10a4,0x0883,0x0884,0x1084,0x0883,0x08a4,
  0x0884,0x1083,0x08a4,0x1084,0x08a3,0x0884,0x10a3,0x0884,0x0883,0x10a4,0x0883,0x1084,0x08a3,0x0884,0x10a3,0x10a5,
  0x1084,0x08a4,0x1083,0x08a4,0x10a4,0x0884,0x08a4,0x1084,0x0883,0x10a4,0x10a5,0x0883,0x10a4,0x0883,0x1084,0x0884,
  0x1083,0x08a4,0x10a5,0x1083,0x10a4,0x10a4,0x0884,0x0884,0x10c4,0x10a5,0x0884,0x10c5,0x10a4,0x10a5,0x0883,0x10a4,
  0x10a4,0x10a5,0x1884,0x18a4,0x18a5,0x1084,0x10a4,0x08a4,0x08c5,0x08c5,0x08a4,0x08a4,0x10a5,0x10c4,0x10e4,0x10c4,
  0x10e4,0x10a4,0x0884,0x08a3,0x1084,0x18c5,0x1884,0x2084,0x10a4,0x1084,0x08c4,0x08e5,0x10a4,0x0883,0x10c5,0x1884,
  0x10a4,0x1085,0x10a4,0x10a5,0x10a5,0x0884,0x10a4,0x0884,0x10c5,0x10a4,0x08c4,0x10a4,0x10a4,0x0884,0x0884,0x10c5,
  0x10c4,0x08c4,0x08c4,0x10c4,0x10a5,0x10c4,0x0884,0x10a4,0x1084,0x0884,0x10a3,0x0884,0x10a4,0x08a4,0x08a4,0x1084,
  0x08a4,0x0883,0x08a5,0x0883,0x10a4,0x10a5,0x0884,0x1084,0x0883,0x08a4,0x1084,0x08a4,0x1084,0x08a4,0x1084,0x0884,
  0x1083,0x08a4,0x1084,0x0883,0x1084,0x08a4,0x1083,0x0884,0x0883,0x1084,0x08a3,0x1084,0x0883,0x1084,0x08a3,0x1084,
  0x0883,0x0884,0x10a4,0x0883,0x10a4,0x0883,0x1084,0x0884,0x10a3,0x0884,0x1083,0x0884,0x10a3,0x0884,0x08a3,0x0884,
  0x1083,0x0884,0x1084,0x08a3,0x1084,0x0883,0x1084,0x1083,0x0884,0x08a4,0x1083,0x0884,0x1084,0x08a3,0x1084,0x0884,
  0x1083,0x08a4,0x1083,0x0884,0x1084,0x08a3,0x0884,0x1084,0x08a3,0x1084,0x0884,0x1083,0x08a4,0x0883,0x1084,0x0883,
  0x1084,0x0884,0x0883,0x10a4,0x0883,0x1084,0x08a4,0x1083,0x0884,0x1083,0x0884,0x10a3,0x0884,0x1084,0x08a3,0x1084,
  0x0884,0x10a3,0x0884,0x1084,0x08a3,0x1084,0x08a3,0x0884,0x10a4,0x0883,0x0884,0x1083,0x08a4,0x1084,0x08a3,0x1084,
  0x08a3,0x0884,0x1083,0x0884,0x08a3,0x1084,0x0884,0x08a3,0x0884,0x1083,0x1084,0x08a3,0x1084,0x0884,0x10a3,0x0884,
  0x1083,0x08a4,0x0884,0x1083,0x0884,0x1083,0x08a4,0x1084,0x0883,0x1084,0x08a4,0x0883,0x1084,0x08a3,0x0884,0x10a4,
  0x0883,0x0884,0x10a3,0x0884,0x0883,0x1084,0x08a3,0x1084,0x0884,0x0883,0x1084,0x08a4,0x1083,0x0884,0x10a3,0x0884,
  0x1083,0x0884,0x10a4,0x0883,0x0884,0x1083,0x0884,0x10a3,0x0884,0x10a4,0x0883,0x10a4,0x0884,0x1083,0x0884,0x10a3,
  0x0884,0x1084,0x08a3,0x1084,0x08a3,0x1084,0x0883,0x1084,0x0883,0x10a4,0x0883,0x0884,0x10a3,0x0884,0x10a3,0x0884,
  0x08a4,0x1083,0x0884,0x10a3,0x0884,0x0883,0x1084,0x0884,0x10a3,0x0884,0x0883,0x10a4,0x0883,0x0884,0x1084,0x0883,
  0x1084,0x08a4,0x0883,0x10a4,0x0883,0x1084,0x0883,0x1084,0x08a3,0x0884,0x1084,0x08a3,0x1084,0x0884,0x0884,0x1083,
  0x0884,0x08a3,0x1084,0x08a3,0x0884,0x1083,0x0884,0x1083,0x08a4,0x1084,0x0883,0x10a4,0x0883,0x0884,0x1083,0x0884,
  0x0884,0x10a3,0x1084,0x08a3,0x0884,0x1084,0x0883,0x0884,0x10a3,0x0884,0x0883,0x10a4,0x0884,0x0883,0x1084,0x0884,
  0x1083,0x08a4,0x1083,0x08a4,0x0883,0x1084,0x0884,0x1083,0x08a4,0x1084,0x0883,0x10a4,0x0884,0x1083,0x0884,0x1083,
  0x0884,0x08a3,0x1084,0x08a4,0x0883,0x1084,0x1083,0x0884,0x08a4,0x1083,0x0884,0x08a4,0x1083,0x0884,0x0884,0x1083,
  0x0884,0x08a3,0x1084,0x08a3,0x1084,0x0883,0x1084,0x0883,0x08a4,0x1084,0x0883,0x10a4,0x0884,0x1083,0x0884,0x1083,
  0x0884,0x10a4,0x0883,0x10a4,0x0883,0x0884,0x1083,0x0884,0x10a3,0x0884,0x1084,0x08a3,0x1084,0x0884,0x0883,0x1084,
  0x0884,0x08a3,0x1084,0x08a3,0x1084,0x0884,0x1083,0x0884,0x10a4,0x0883,0x1084,0x0883,0x1084,0x08a4,0x1083,0x0884,
  0x0884,0x0883,0x10a4,0x0884,0x08a3,0x1084,0x0884,0x1083,0x08a4,0x1084,0x0883,0x1084,0x08a3,0x0884,0x10a3,0x0884,
  0x0884,0x10a3,0x0884,0x0884,0x08a3,0x0884,0x1083,0x08a4,0x0884,0x10a3,0x0884,0x1083,0x08a4,0x0883,0x10a4,0x0883,
  0x1084,0x0884,0x0883,0x10a4,0x0883,0x1084,0x0883,0x1084,0x08a3,0x0884,0x0883,0x0884,0x1084,0x10a4,0x0884,0x08a4,
  0x1083,0x0884,0x0884,0x1083,0x0884,0x1083,0x08a4,0x0884,0x10a4,0x0883,0x0884,0x10a3,0x0884,0x10a5,0x0883,0x10a5,
  0x08a4,0x1083,0x08c4,0x10c5,0x10c4,0x10c4,0x10c5,0x10a4,0x08c4,0x08a4,0x1083,0x08a4,0x10c4,0x08c4,0x10c5,0x10a4,
  0x10a4,0x1884,0x10a4,0x1884,0x0884,0x08a4,0x10a4,0x10c5,0x08a4,0x08c5,0x08c5,0x1084,0x08a3,0x1084,0x08c4,0x08c4,
  0x00a4,0x08c4,0x10e5,0x10e4,0x0884,0x08a4,0x1043,0x18c5,0x10a4,0x08a4,0x10e4,0x10e5,0x08a4,0x08a4,0x1084,0x0884,
  0x0884,0x08a4,0x10a5,0x08a5,0x10a4,0x08a4,0x1084,0x08a3,0x08c4,0x10c4,0x10a4,0x08a4,0x1084,0x10a4,0x10a4,0x10c4,
  0x08c4,0x08c5,0x08e5,0x10c4,0x10a4,0x08a4,0x10c4,0x08c4,0x10c5,0x10c4,0x08a5,0x0884,0x0883,0x1084,0x0884,0x0883,
  0x1084,0x08a4,0x1084,0x08a4,0x0883,0x0884,0x10a3,0x0884,0x1083,0x0884,0x0883,0x1083,0x08a4,0x0883,0x0884,0x10a3,
  0x0884,0x0883,0x10a4,0x0883,0x08a4,0x1083,0x0884,0x08a4,0x1083,0x08a4,0x1084,0x0883,0x08a4,0x1084,0x0883,0x0884,
  0x10a4,0x0883,0x0884,0x1083,0x0884,0x08a4,0x0883,0x1084,0x0883,0x08a4,0x0884,0x10a3,0x0884,0x0884,0x1083,0x08a4,
  0x1084,0x08a3,0x0884,0x1084,0x08a3,0x0884,0x08a4,0x0883,0x10a4,0x0883,0x0884,0x10a3,0x0884,0x0884,0x08a3,0x1084,
  0x08a3,0x0884,0x0884,0x10a3,0x0884,0x1083,0x08a4,0x0883,0x1084,0x0883,0x08a4,0x0884,0x1083,0x08a4,0x1084,0x08a4,
  0x0883,0x10a4,0x0883,0x0884,0x10a4,0x0883,0x0884,0x1083,0x08a4,0x0884,0x10a4,0x0883,0x0884,0x10a3,0x0884,0x0883,
  0x10a4,0x0884,0x0883,0x10a4,0x0883,0x0884,0x10a4,0x0883,0x1084,0x08a3,0x1084,0x08a4,0x0883,0x0884,0x1083,0x0884,
  0x1084,0x0883,0x08a4,0x1084,0x0883,0x0884,0x10a3,0x0884,0x1083,0x08a4,0x0884,0x1084,0x08a3,0x0884,0x0884,0x0883,
  0x08a4,0x1083,0x0884,0x10a4,0x0883,0x08a4,0x1083,0x0884,0x08a4,0x0883,0x1084,0x0883,0x08a4,0x1084,0x0883,0x0884,
  0x10a4,0x0883,0x0884,0x1083,0x08a4,0x0883,0x0884,0x08a3,0x1084,0x08a3,0x0884,0x0883,0x08a4,0x1083,0x0884,0x08a4,
  0x1083,0x08a4,0x0883,0x1084,0x08a4,0x0883,0x08a4,0x0884,0x1083,0x0884,0x08a3,0x0884,0x1083,0x08a4,0x0884,0x1083,
  0x0884,0x08a3,0x1084,0x0884,0x0883,0x08a4,0x1084,0x08a3,0x0884,0x0883,0x1084,0x08a3,0x0884,0x0884,0x08a3,0x1084,
  0x0883,0x0884,0x10a4,0x0883,0x1084,0x08a4,0x0883,0x0884,0x0883,0x10a4,0x0884,0x0883,0x1084,0x08a3,0x0884,0x08a3,
  0x0884,0x1083,0x08a4,0x0883,0x1084,0x08a3,0x0884,0x0884,0x1083,0x08a4,0x1083,0x0884,0x0883,0x10a4,0x0883,0x08a4,
  0x1084,0x0883,0x08a4,0x1084,0x0883,0x10a4,0x0883,0x0884,0x1083,0x08a4,0x0884,0x1083,0x0884,0x10a4,0x0884,0x10a3,
  0x0884,0x0883,0x08a4,0x1084,0x0883,0x08a4,0x1083,0x0884,0x1084,0x08a3,0x1084,0x0883,0x1084,0x08a3,0x1084,0x08a3,
  0x0884,0x1083,0x08a4,0x0884,0x1083,0x08a4,0x0883,0x0884,0x0883,0x10a4,0x0884,0x0883,0x1084,0x08a4,0x0883,0x08a4,
  0x1084,0x0883,0x10a4,0x0883,0x1084,0x08a3,0x0884,0x1083,0x0884,0x08a4,0x1083,0x0884,0x1084,0x08a3,0x1084,0x08a3,
  0x1084,0x0884,0x10a3,0x0884,0x0883,0x10a4,0x0884,0x0884,0x1083,0x08a4,0x0884,0x0883,0x0884,0x10a3,0x0884,0x08a4,
  0x1083,0x0884,0x08a3,0x0884,0x1084,0x08a3,0x1084,0x0883,0x0884,0x10a3,0x0884,0x0883,0x1084,0x08a3,0x1084,0x08a3,
  0x1084,0x0884,0x10a3,0x0884,0x0883,0x10a4,0x0884,0x0883,0x1084,0x08a4,0x0883,0x10a4,0x0883,0x0884,0x10a3,0x0884,
  0x1084,0x08a4,0x0883,0x1084,0x0884,0x08a3,0x1084,0x08a4,0x1083,0x0884,0x08a3,0x1084,0x0884,0x1083,0x0884,0x10a3,
  0x0884,0x1084,0x0883,0x10a4,0x1084,0x0883,0x1084,0x0883,0x1084,0x0883,0x0884,0x10a4,0x0883,0x1084,0x0884,0x1083,
  0x08a4,0x1083,0x08a4,0x1083,0x0884,0x08a4,0x1084,0x08a3,0x1084,0x0884,0x10a4,0x10a4,0x08a4,0x1084,0x0884,0x1083,
  0x08a4,0x08a5,0x10a3,0x0884,0x10a4,0x0884,0x1083,0x10a5,0x0884,0x1083,0x08a4,0x10a5,0x0884,0x10a3,0x0884,0x10a4,
  0x10c4,0x0884,0x08a4,0x0884,0x10a4,0x08a5,0x10a4,0x10c5,0x1084,0x10a5,0x10a4,0x10a5,0x08a4,0x10c4,0x08c4,0x10a4,
  0x10a4,0x0884,0x10a5,0x08a4,0x10a5,0x10c4,0x08c4,0x10c5,0x10a4,0x10a4,0x1083,0x1883,0x1084,0x08a4,0x10a4,0x10c3,
  0x10c4,0x1105,0x08e5,0x00c4,0x10e5,0x1126,0x0945,0x00e4,0x08a3,0x08a4,0x0884,0x10a4,0x18c5,0x10a4,0x0883,0x10a4,
  0x08c4,0x08c4,0x08e4,0x08c4,0x10a4,0x0884,0x1083,0x08c5,0x10c5,0x08c5,0x08c5,0x10c4,0x0884,0x08a4,0x0884,0x10a5,
  0x1084,0x10c4,0x08c5,0x10a4,0x10a4,0x08c4,0x08a4,0x0884,0x10a4,0x08c4,0x08a4,0x08c4,0x10a4,0x10c4,0x10a4,0x10c4,
  0x08c5,0x0883,0x1084,0x0883,0x10a4,0x0883,0x08a4,0x08a4,0x0884,0x10a5,0x10a4,0x0884,0x08a5,0x1083,0x10a4,0x10a5,
  0x0883,0x10a5,0x1084,0x0884,0x1084,0x08a3,0x1084,0x0883,0x1084,0x0883,0x0884,0x10a4,0x0883,0x0884,0x10a4,0x0883,
  0x1084,0x08a3,0x1084,0x08a4,0x1083,0x0884,0x10a3,0x0884,0x10a4,0x0883,0x1084,0x0884,0x1083,0x08a4,0x1084,0x0883,
  0x0884,0x1083,0x08a4,0x0883,0x1084,0x0883,0x1084,0x08a4,0x1083,0x0884,0x1084,0x0883,0x10a4,0x0883,0x1084,0x0883,
  0x1084,0x0883,0x10a4,0x0883,0x0884,0x10a4,0x0883,0x1084,0x08a4,0x1084,0x0883,0x10a4,0x0884,0x1083,0x0884,0x1083,
  0x08a4,0x1083,0x0884,0x10a3,0x0884,0x1083,0x08a4,0x0884,0x1083,0x08a4,0x1083,0x0884,0x1084,0x0883,0x10a4,0x0884,
  0x0883,0x1084,0x0883,0x0884,0x10a4,0x0883,0x1084,0x0883,0x08a4,0x1084,0x0883,0x1084,0x0883,0x10a4,0x0884,0x08a3,
  0x1084,0x08a3,0x1084,0x0883,0x10a4,0x0884,0x1083,0x0884,0x08a4,0x1083,0x0884,0x08a3,0x1084,0x1083,0x08a4,0x1084,
  0x1083,0x08a4,0x1083,0x0884,0x10a4,0x0883,0x0884,0x1083,0x0884,0x10a3,0x0884,0x1084,0x0883,0x10a4,0x0883,0x10a4,
  0x0883,0x1084,0x08a4,0x1084,0x0883,0x10a4,0x1084,0x0883,0x1084,0x0884,0x10a3,0x1084,0x0884,0x08a4,0x1083,0x0884,
  0x0883,0x1084,0x0884,0x10a3,0x0884,0x1084,0x1083,0x0884,0x08a3,0x1084,0x1084,0x0883,0x08a4,0x1083,0x0884,0x08a4,
  0x1083,0x0884,0x0883,0x10a4,0x1084,0x0883,0x0884,0x1083,0x10a4,0x0884,0x10a4,0x0884,0x1083,0x10a4,0x0884,0x1083,
  0x08a4,0x1083,0x0884,0x0884,0x10a3,0x0884,0x10a3,0x1084,0x08a4,0x1083,0x0884,0x10a4,0x0883,0x1084,0x10a4,0x0883,
  0x1084,0x08a4,0x1083,0x0884,0x08a4,0x1084,0x08a3,0x1084,0x08a4,0x1083,0x0884,0x10a4,0x0883,0x1084,0x08a4,0x1083,
  0x0884,0x10a4,0x0883,0x1084,0x08a3,0x0884,0x10a4,0x0884,0x10a3,0x0884,0x1083,0x08a4,0x0883,0x1084,0x08a3,0x0884,
  0x1083,0x10a4,0x0883,0x1084,0x08a3,0x1084,0x08a4,0x1083,0x08a4,0x1084,0x0883,0x08a4,0x1084,0x0883,0x08a4,0x1084,
  0x0883,0x08a4,0x1083,0x0884,0x08a4,0x1083,0x10a4,0x0884,0x10a3,0x0884,0x1083,0x08a4,0x0883,0x1084,0x10a4,0x0883,
  0x1084,0x08a3,0x0884,0x1084,0x08a3,0x1084,0x08a4,0x0883,0x10a4,0x0883,0x1084,0x08a3,0x0884,0x1083,0x08a4,0x0884,
  0x1083,0x08a4,0x0884,0x1083,0x08a4,0x0883,0x10a4,0x0883,0x08a4,0x1083,0x1084,0x08a3,0x1084,0x0884,0x10a3,0x0884,
  0x0883,0x10a4,0x1084,0x0883,0x10a4,0x0884,0x08a3,0x1084,0x08a4,0x0884,0x1083,0x08a4,0x1083,0x0884,0x08a4,0x1083,
  0x0884,0x08a3,0x1084,0x0884,0x10a3,0x0884,0x10a3,0x0884,0x08a3,0x1084,0x0884,0x0883,0x10a4,0x0884,0x0883,0x1084,
  0x0883,0x1084,0x0883,0x10a4,0x0883,0x1084,0x0883,0x0884,0x08a3,0x1084,0x0884,0x08a3,0x1084,0x08a4,0x0883,0x1084,
  0x0883,0x08a4,0x1083,0x0884,0x0883,0x10a4,0x0884,0x08a4,0x1083,0x08a4,0x1083,0x0884,0x0884,0x10a3,0x0884,0x08a4,
  0x0883,0x1084,0x0884,0x0884,0x10a3,0x0884,0x0883,0x0884,0x10a4,0x0884,0x10a4,0x0884,0x1083,0x08a4,0x1084,0x10a5,
  0x0883,0x1084,0x0884,0x10a4,0x08a4,0x1084,0x08a4,0x0883,0x10a4,0x0884,0x1084,0x10a4,0x10c4,0x08c5,0x10c4,0x10a5,
  0x10c4,0x08a5,0x10c4,0x10c5,0x10c4,0x10c4,0x08a4,0x08c4,0x10a4,0x10a4,0x18a4,0x0884,0x10c4,0x08c5,0x08a4,0x08c5,
  0x10c5,0x08a4,0x10a4,0x0883,0x10c4,0x08a4,0x08c5,0x0883,0x10a4,0x18a4,0x1084,0x10a4,0x18a3,0x0884,0x10a4,0x08c4,
  0x08e5,0x08c4,0x00c3,0x08e5,0x0905,0x00e5,0x00e4,0x0905,0x0905,0x10e5,0x10e5,0x10c4,0x08c4,0x08a4,0x08c4,0x0883,
  0x08c4,0x08a4,0x08c4,0x10c4,0x08a4,0x08c4,0x08a4,0x08c4,0x08e4,0x08c4,0x08c4,0x08e5,0x10c5,0x10c4,0x10a4,0x10c4,
  0x08a4,0x10a4,0x10c4,0x08a4,0x08a4,0x10a4,0x10a4,0x08c5,0x10c4,0x08a4,0x10c5,0x10a4,0x08a4,0x08a4,0x10c5,0x08a4,
  0x10a4,0x08a4,0x1083,0x08a5,0x0884,0x1084,0x1084,0x0884,0x10a3,0x0884,0x1083,0x08a4,0x1083,0x0884,0x0884,0x0883,
  0x1084,0x08a3,0x0884,0x10a3,0x10a5,0x0884,0x08a3,0x1084,0x08a4,0x0884,0x10a3,0x0884,0x1083,0x08a4,0x1083,0x0884,
  0x08a3,0x1084,0x0883,0x0884,0x10a4,0x0883,0x0884,0x1083,0x0884,0x1084,0x08a3,0x0884,0x10a3,0x0884,0x0883,0x10a4,
  0x0883,0x10a4,0x0884,0x1083,0x08a4,0x1084,0x08a3,0x1084,0x0884,0x08a3,0x1084,0x08a4,0x0883,0x1084,0x08a4,0x0884,
  0x10a3,0x0884,0x0884,0x10a4,0x0883,0x0884,0x1084,0x0883,0x0884,0x08a3,0x1084,0x0883,0x0884,0x10a3,0x0884,0x08a3,
  0x1084,0x0884,0x08a4,0x1083,0x0884,0x0884,0x1083,0x08a4,0x1083,0x0884,0x0884,0x10a3,0x0884,0x08a4,0x0883,0x1084,
  0x08a3,0x1084,0x08a4,0x1083,0x0884,0x0883,0x10a4,0x0884,0x1083,0x0884,0x08a3,0x1084,0x08a4,0x0883,0x1084,0x0883,
  0x0884,0x1084,0x08a3,0x0884,0x1083,0x08a4,0x0884,0x1083,0x0884,0x10a3,0x0884,0x1084,0x0883,0x08a4,0x1083,0x0884,
  0x0884,0x0883,0x08a4,0x0883,0x1084,0x0884,0x10a3,0x0884,0x10a4,0x0883,0x0884,0x10a3,0x0884,0x0884,0x1083,0x0884,
  0x0884,0x10a3,0x0884,0x0883,0x10a4,0x0883,0x0884,0x10a4,0x0883,0x08a4,0x0884,0x1083,0x0884,0x1083,0x0884,0x10a3,
  0x0884,0x10a3,0x0884,0x0883,0x1084,0x08a3,0x0884,0x10a3,0x0884,0x0883,0x08a4,0x1084,0x0884,0x1083,0x08a4,0x1083,
  0x0884,0x10a4,0x0884,0x0883,0x08a4,0x1083,0x08a4,0x0884,0x0883,0x1084,0x0883,0x0884,0x08a3,0x1084,0x0883,0x0884,
  0x1084,0x08a3,0x1084,0x0883,0x0884,0x1084,0x0883,0x0884,0x1083,0x0884,0x08a3,0x1084,0x0884,0x08a3,0x0884,0x1084,
  0x08a3,0x0884,0x1084,0x0883,0x1084,0x0883,0x1084,0x0883,0x0884,0x0884,0x10a3,0x0884,0x0884,0x10a3,0x0884,0x0883,
  0x10a4,0x0883,0x0884,0x1084,0x0884,0x1083,0x0884,0x0883,0x1084,0x0884,0x08a3,0x1084,0x0884,0x08a3,0x1084,0x0884,
  0x08a4,0x0883,0x1084,0x0884,0x0884,0x1083,0x0884,0x0883,0x0884,0x0883,0x10a4,0x0883,0x0884,0x10a4,0x0883,0x1084,
  0x08a4,0x1084,0x0884,0x1083,0x0884,0x0884,0x0883,0x1084,0x0884,0x0883,0x10a4,0x0884,0x1083,0x08a4,0x0883,0x1084,
  0x08a4,0x1083,0x0884,0x0883,0x1084,0x0883,0x1084,0x0884,0x1083,0x0884,0x08a4,0x1083,0x0884,0x08a4,0x1083,0x0884,
  0x08a3,0x1084,0x0883,0x1084,0x0884,0x1084,0x0883,0x1084,0x0884,0x0883,0x08a4,0x1084,0x0883,0x08a4,0x1083,0x0884,
  0x10a4,0x0883,0x0884,0x1083,0x0884,0x1083,0x0884,0x0883,0x1084,0x0883,0x10a4,0x0884,0x0884,0x10a3,0x0884,0x0884,
  0x10a3,0x0884,0x0883,0x1084,0x0884,0x0883,0x0884,0x1084,0x0883,0x1084,0x08a3,0x1084,0x0883,0x1084,0x08a4,0x0883,
  0x0884,0x10a3,0x0884,0x0884,0x10a3,0x0884,0x10a4,0x0883,0x1084,0x08a3,0x1084,0x0883,0x1084,0x0883,0x10a4,0x0884,
  0x10a3,0x0884,0x0884,0x10a3,0x0884,0x0883,0x10a4,0x0883,0x1084,0x0884,0x08a3,0x1084,0x08a3,0x0884,0x1083,0x0884,
  0x10a3,0x0884,0x10a3,0x0884,0x0883,0x1084,0x10a3,0x0884,0x08a4,0x1084,0x0883,0x10a4,0x0884,0x10a4,0x08a4,0x0883,
  0x10a4,0x08a4,0x0883,0x1084,0x0884,0x10a3,0x10a5,0x0884,0x1083,0x10a5,0x08a3,0x10a5,0x08a4,0x10a4,0x10c4,0x08a4,
  0x10c4,0x08a4,0x10c4,0x08a4,0x10a4,0x10a4,0x10c4,0x10a4,0x10a4,0x10a4,0x1885,0x10a5,0x10a4,0x10c4,0x08e5,0x08e4,
  0x10c5,0x08e4,0x10c5,0x10c4,0x08c5,0x08c4,0x08c4,0x08e4,0x08c4,0x10e4,0x08a4,0x08c4,0x10c4,0x10e4,0x10c4,0x10e4,
  0x1104,0x0926,0x0946,0x0946,0x0946,0x0926,0x0906,0x1126,0x1146,0x0905,0x0905,0x1105,0x10e5,0x08e4,0x10e4,0x10a4,
  0x10a4,0x1084,0x08a4,0x08a4,0x10a4,0x08c4,0x08c4,0x08c5,0x08c4,0x08e5,0x08c5,0x08c4,0x08c5,0x10c4,0x10c5,0x08a4,
  0x10a5,0x10a4,0x10c5,0x10a4,0x10c5,0x08c5,0x08a4,0x10c4,0x10a5,0x08c4,0x10a4,0x10c4,0x10a5,0x10c4,0x08a4,0x10a4,
  0x10c4,0x0884,0x08a4,0x1083,0x08a4,0x10a4,0x08a4,0x1084,0x08a4,0x1084,0x08a3,0x0884,0x08a4,0x1084,0x10a4,0x0884,
  0x08a4,0x1084,0x10a4,0x0884,0x08a4,0x1083,0x0884,0x0884,0x10a3,0x0884,0x1083,0x0884,0x08a4,0x1083,0x0884,0x10a4,
  0x0883,0x0884,0x10a4,0x0883,0x0884,0x10a3,0x0884,0x08a4,0x1083,0x08a4,0x1083,0x0884,0x0884,0x10a3,0x0884,0x1084,
  0x08a3,0x0884,0x1083,0x08a4,0x0883,0x1084,0x0883,0x0884,0x1083,0x0884,0x08a3,0x1084,0x0884,0x1083,0x0883,0x10a4,
  0x0884,0x1083,0x08a4,0x1083,0x0884,0x10a3,0x0884,0x10a3,0x0884,0x1083,0x08a4,0x1084,0x08a3,0x0884,0x1084,0x0883,
  0x0884,0x10a3,0x0884,0x0884,0x10a3,0x0884,0x10a3,0x0884,0x0884,0x10a3,0x0884,0x0883,0x1084,0x0883,0x1084,0x08a3,
  0x1084,0x0883,0x0884,0x10a3,0x0884,0x10a4,0x0883,0x0884,0x10a3,0x0884,0x1084,0x0883,0x1084,0x0883,0x10a4,0x0884,
  0x10a3,0x0884,0x1084,0x08a3,0x0884,0x1083,0x08a4,0x1083,0x08a4,0x0884,0x1083,0x08a4,0x1083,0x0884,0x0884,0x10a3,
  0x0884,0x10a3,0x1084,0x0884,0x08a3,0x1084,0x0883,0x0884,0x1083,0x08a4,0x1084,0x0883,0x10a4,0x0883,0x08a4,0x1083,
  0x08a4,0x0883,0x1084,0x08a3,0x1084,0x0884,0x1083,0x0884,0x10a3,0x0884,0x1083,0x08a4,0x1083,0x08a4,0x0884,0x1084,
  0x08a3,0x0884,0x1084,0x08a3,0x1084,0x0884,0x1083,0x0884,0x10a4,0x0884,0x1083,0x08a3,0x1084,0x0884,0x0883,0x10a4,
  0x0883,0x0884,0x10a3,0x1084,0x0883,0x1084,0x0883,0x10a4,0x0883,0x08a4,0x1083,0x10a4,0x0883,0x0884,0x10a4,0x0883,
  0x08a4,0x1084,0x0883,0x10a4,0x0883,0x08a4,0x1084,0x08a3,0x0884,0x10a4,0x0883,0x0884,0x10a3,0x0884,0x1083,0x0884,
  0x1083,0x0884,0x10a3,0x0884,0x08a3,0x1084,0x08a3,0x1084,0x08a3,0x1084,0x0883,0x1084,0x08a3,0x0884,0x1083,0x0884,
  0x0883,0x1084,0x08a3,0x1083,0x08a4,0x0883,0x10a4,0x0884,0x08a3,0x1084,0x0884,0x1083,0x08a4,0x1083,0x0884,0x1083,
  0x0884,0x1083,0x08a4,0x1083,0x08a4,0x0883,0x10a4,0x0884,0x10a3,0x0884,0x1084,0x0884,0x10a3,0x0884,0x1083,0x0884,
  0x0883,0x1083,0x08a4,0x0883,0x10a4,0x1083,0x08a4,0x1083,0x08a4,0x1083,0x0884,0x0883,0x10a4,0x0883,0x1084,0x0883,
  0x0884,0x0884,0x10a3,0x0884,0x08a4,0x1084,0x08a3,0x0884,0x10a3,0x0884,0x1083,0x0884,0x10a3,0x0884,0x1083,0x0884,
  0x1084,0x0883,0x10a4,0x0883,0x08a4,0x1083,0x08a4,0x0883,0x10a4,0x1083,0x0884,0x1083,0x08a4,0x1083,0x0884,0x0883,
  0x1084,0x0883,0x10a4,0x0884,0x08a3,0x0884,0x10a4,0x0883,0x10a4,0x0884,0x0883,0x1083,0x08a4,0x1083,0x0884,0x1083,
  0x0884,0x1084,0x08a3,0x0884,0x10a3,0x0884,0x10a3,0x0884,0x10a3,0x0884,0x1084,0x08a3,0x0884,0x10a3,0x0884,0x1084,
  0x08a4,0x1084,0x08a3,0x1084,0x08a4,0x0883,0x1084,0x08a4,0x0884,0x1084,0x08a3,0x1084,0x08a4,0x0884,0x10a3,0x0884,
  0x0884,0x10a3,0x0884,0x10a4,0x0884,0x10a4,0x0883,0x10a4,0x0883,0x10a4,0x0884,0x10a4,0x0884,0x10a3,0x0884,0x10a4,
  0x0884,0x08a3,0x1084,0x08a4,0x1084,0x08a3,0x10a5,0x0884,0x10a3,0x08a4,0x10a4,0x08a4,0x10a4,0x0884,0x1084,0x08a4,
  0x0884,0x10a4,0x1084,0x08a3,0x10a4,0x0884,0x0884,0x10a3,0x08a4,0x0884,0x10a4,0x08a4,0x10c4,0x08a4,0x10c4,0x10a5,
  0x08c4,0x10a5,0x10c4,0x10a5,0x10c4,0x08c4,0x10a5,0x10c4,0x08a4,0x18a5,0x18a4,0x10a4,0x10e5,0x08e4,0x08e5,0x08c4,
  0x08e5,0x08c4,0x08e4,0x10a4,0x0884,0x10a4,0x08a4,0x08c4,0x08e4,0x00e4,0x08e4,0x0904,0x10e4,0x10e5,0x1105,0x0125,
  0x0125,0x0186,0x1249,0x12ec,0x12eb,0x132c,0x1b0c,0x12ca,0x12ec,0x1aec,0x0a29,0x0186,0x0166,0x0946,0x0905,0x10e5,
  0x10e4,0x10c4,0x10c4,0x08c4,0x08a4,0x10a4,0x08a4,0x10c5,0x08e4,0x08e4,0x10e5,0x08e4,0x10e5,0x08e5,0x10c4,0x10e5,
  0x08a4,0x10a4,0x10a5,0x08a4,0x10c4,0x10a4,0x08a4,0x10c4,0x08a4,0x10c4,0x08a5,0x08c4,0x08a4,0x08c4,0x10a4,0x08a4,
  0x08c5,0x10a4,0x0884,0x08a4,0x08a4,0x1084,0x0884,0x10a3,0x08a4,0x1084,0x08a4,0x10a5,0x0883,0x08a4,0x10a4,0x0883,
  0x10a4,0x08a4,0x0884,0x10a4,0x10a4,0x0884,0x10a4,0x10a4,0x0884,0x10a3,0x0884,0x10a3,0x0884,0x08a4,0x1083,0x0884,
  0x10a4,0x0883,0x10a4,0x0884,0x10a3,0x0884,0x1084,0x08a3,0x0884,0x1084,0x08a4,0x1083,0x08a4,0x1084,0x08a3,0x0884,
  0x1084,0x08a4,0x1084,0x0884,0x10a4,0x0884,0x10a4,0x08a3,0x10a4,0x0884,0x1084,0x08a3,0x1084,0x08a4,0x0884,0x10a3,
  0x0884,0x08a4,0x1083,0x08a4,0x1084,0x08a3,0x0884,0x10a4,0x0884,0x10a4,0x0883,0x0884,0x10a4,0x0883,0x10a4,0x08a4,
  0x1084,0x0883,0x10a4,0x0883,0x10a4,0x0884,0x0884,0x10a3,0x0884,0x10a4,0x0883,0x10a4,0x08a4,0x1084,0x08a3,0x1084,
  0x08a4,0x1084,0x08a4,0x1084,0x08a3,0x0884,0x10a4,0x0883,0x10a4,0x0884,0x08a3,0x10a4,0x0884,0x08a4,0x1083,0x08a4,
  0x0884,0x10a3,0x0884,0x1084,0x08a4,0x1084,0x08a3,0x0884,0x1084,0x08a3,0x1084,0x0884,0x08a4,0x1083,0x08a4,0x1084,
  0x08a3,0x0884,0x10a4,0x0883,0x10a4,0x0884,0x10a4,0x08a3,0x0884,0x10a4,0x0883,0x08a4,0x1084,0x08a4,0x1084,0x08a4,
  0x1083,0x08a4,0x1084,0x0884,0x08a3,0x1084,0x08a4,0x0884,0x10a4,0x0883,0x10a4,0x0884,0x08a4,0x1083,0x08a4,0x1083,
  0x0884,0x10a4,0x0883,0x10a4,0x0884,0x08a3,0x10a4,0x0884,0x1083,0x08a4,0x1084,0x08a4,0x0883,0x10a4,0x0884,0x10a4,
  0x0884,0x10a3,0x0884,0x08a4,0x1084,0x08a4,0x1084,0x08a4,0x1084,0x08a3,0x0884,0x1084,0x08a4,0x1083,0x08a4,0x1084,
  0x0883,0x10a4,0x0884,0x08a4,0x1084,0x08a3,0x1084,0x08a4,0x1083,0x0884,0x10a4,0x0883,0x1084,0x08a4,0x1084,0x08a3,
  0x08a4,0x1084,0x08a4,0x1083,0x08a4,0x0884,0x10a4,0x0884,0x10a4,0x0883,0x08a4,0x1084,0x08a3,0x1084,0x08a4,0x10a4,
  0x0884,0x10a4,0x0884,0x08a4,0x1084,0x08a4,0x1083,0x08a4,0x1084,0x08a3,0x1084,0x08a4,0x1083,0x08a4,0x0884,0x10a3,
  0x08a4,0x1084,0x08a4,0x0883,0x10a4,0x0884,0x10a3,0x0884,0x10a4,0x0883,0x10a4,0x0883,0x10a4,0x0884,0x08a4,0x10a3,
  0x0884,0x10a4,0x0884,0x10a4,0x0883,0x08a4,0x1084,0x08a3,0x0884,0x10a4,0x0884,0x10a4,0x0884,0x08a4,0x1084,0x08a4,
  0x10a3,0x0884,0x10a4,0x0883,0x10a4,0x0883,0x10a4,0x0884,0x08a4,0x1083,0x08a4,0x1084,0x08a4,0x1083,0x08a4,0x10a4,
  0x0883,0x08a4,0x1084,0x08a4,0x1083,0x08a4,0x1084,0x08a4,0x0883,0x10a4,0x0884,0x08a4,0x1084,0x08a4,0x1084,0x08a4,
  0x08a3,0x1084,0x08a4,0x1083,0x08a4,0x1084,0x08a3,0x1084,0x08a4,0x1083,0x08a4,0x1084,0x08a4,0x0884,0x10a3,0x08a4,
  0x1084,0x08a3,0x1084,0x08a4,0x1084,0x08a4,0x1084,0x08a3,0x0884,0x10a4,0x0883,0x10a4,0x0884,0x1084,0x08a3,0x0884,
  0x1083,0x0884,0x10a4,0x0883,0x1084,0x08a4,0x1083,0x08a4,0x1083,0x08a4,0x1084,0x08a3,0x1084,0x08a3,0x1084,0x08a4,
  0x1083,0x08a4,0x1084,0x0883,0x10a4,0x0883,0x1084,0x08a4,0x0884,0x1083,0x08a4,0x1083,0x0884,0x1084,0x08a3,0x1084,
  0x0883,0x1084,0x08a4,0x1083,0x08a4,0x1084,0x10a4,0x0884,0x1084,0x0884,0x10a4,0x0884,0x1084,0x10a4,0x08a4,0x10a4,
  0x0884,0x10a4,0x0884,0x10a4,0x0884,0x10a4,0x0883,0x1084,0x0884,0x10a3,0x0884,0x10c4,0x10a4,0x10c5,0x10c4,0x10a5,
  0x10c4,0x10a4,0x08e4,0x10a5,0x08c4,0x10a5,0x10c4,0x08c5,0x10a4,0x1084,0x18c5,0x10c5,0x10c5,0x08e4,0x08e5,0x08e5,
  0x10e4,0x10c5,0x10c5,0x10a4,0x10a4,0x10a4,0x0884,0x08c4,0x08e4,0x08e4,0x0904,0x0905,0x0925,0x0926,0x0966,0x09e8,
  0x2b2d,0x1b8e,0x2c71,0x3575,0x2d94,0x25b4,0x25b4,0x2574,0x2d93,0x2d73,0x1c90,0x1bad,0x236d,0x01e8,0x0966,0x0946,
  0x0906,0x08c5,0x10c4,0x10c4,0x08a4,0x1083,0x08a4,0x10c4,0x10a4,0x10c5,0x10a4,0x08c5,0x08e5,0x10c4,0x08c5,0x10c5,
  0x10a4,0x10a4,0x10c5,0x10a4,0x08a4,0x10c4,0x08a4,0x10c5,0x10a4,0x08c4,0x10a5,0x10c4,0x10a4,0x10c5,0x08c4,0x10a4,
  0x10c4,0x08a4,0x1083,0x10a4,0x0884,0x10a3,0x0884,0x10a4,0x0884,0x1084,0x0883,0x1084,0x08a4,0x1083,0x0884,0x10a4,
  0x0884,0x1084,0x10a4,0x0884,0x10a4,0x0884,0x10a4,0x0884,0x10a4,0x0884,0x10a4,0x0884,0x1084,0x10a4,0x0884,0x10a3,
  0x0884,0x1084,0x08a3,0x1084,0x0884,0x10a3,0x0884,0x1084,0x08a3,0x1084,0x08a3,0x1084,0x0883,0x08a4,0x1084,0x08a3,
  0x1084,0x0883,0x10a4,0x0883,0x10a4,0x0883,0x0884,0x1084,0x0883,0x10a4,0x0883,0x10a4,0x0883,0x10a4,0x0883,0x1084,
  0x08a4,0x1083,0x0884,0x1084,0x08a3,0x1084,0x0884,0x1083,0x08a4,0x0883,0x10a4,0x0883,0x1084,0x08a4,0x1083,0x0884,
  0x10a3,0x0884,0x1084,0x08a4,0x1083,0x08a4,0x1083,0x08a4,0x1083,0x0884,0x10a4,0x0883,0x1084,0x08a3,0x1084,0x0884,
  0x08a3,0x1084,0x0883,0x08a4,0x1084,0x0883,0x1084,0x08a4,0x1083,0x08a4,0x1084,0x0883,0x10a4,0x0883,0x10a4,0x0883,
  0x1084,0x08a4,0x1083,0x08a4,0x1083,0x0884,0x1084,0x08a3,0x1084,0x0884,0x08a3,0x1084,0x08a3,0x1084,0x08a3,0x1084,
  0x0884,0x10a3,0x0884,0x1084,0x0883,0x10a4,0x0883,0x1084,0x08a4,0x1083,0x0884,0x10a4,0x0883,0x1084,0x0883,0x1084,
  0x08a4,0x1083,0x08a4,0x1083,0x08a4,0x1084,0x08a3,0x1084,0x0883,0x10a4,0x0884,0x1083,0x0884,0x10a4,0x0883,0x10a4,
  0x0884,0x10a3,0x0884,0x0884,0x10a3,0x0884,0x1084,0x08a3,0x0884,0x10a3,0x0884,0x1083,0x08a4,0x1083,0x08a4,0x1083,
  0x0884,0x1084,0x08a3,0x1084,0x08a3,0x1084,0x08a3,0x1084,0x0883,0x1084,0x08a4,0x1083,0x0884,0x10a4,0x0883,0x10a4,
  0x0884,0x08a3,0x1084,0x0883,0x10a4,0x0884,0x1083,0x0884,0x10a4,0x0883,0x10a4,0x0884,0x10a3,0x0884,0x08a3,0x1084,
  0x0884,0x10a3,0x0884,0x0884,0x10a3,0x0884,0x1083,0x08a4,0x0883,0x1084,0x08a4,0x1083,0x0884,0x10a4,0x0883,0x1084,
  0x08a3,0x1084,0x0883,0x10a4,0x0883,0x1084,0x08a4,0x1083,0x0884,0x10a4,0x0883,0x0884,0x10a4,0x0883,0x10a4,0x0884,
  0x1083,0x08a4,0x1083,0x0884,0x10a4,0x0883,0x1084,0x08a4,0x1083,0x0884,0x10a4,0x0884,0x0883,0x10a4,0x0883,0x1084,
  0x08a4,0x1083,0x0884,0x10a3,0x0884,0x1084,0x08a3,0x1084,0x0884,0x10a3,0x0884,0x1083,0x08a4,0x1083,0x08a3,0x1084,
  0x0884,0x10a3,0x0884,0x1084,0x08a3,0x1084,0x0884,0x10a3,0x0884,0x1084,0x08a3,0x0884,0x1083,0x08a4,0x0884,0x1083,
  0x08a4,0x1084,0x0883,0x10a4,0x0884,0x1083,0x08a4,0x1083,0x0884,0x10a4,0x0883,0x1084,0x08a3,0x1084,0x08a3,0x1084,
  0x0884,0x10a3,0x0884,0x0884,0x10a3,0x0884,0x1084,0x08a3,0x1084,0x0884,0x10a3,0x0884,0x1083,0x08a4,0x1084,0x0883,
  0x08a4,0x1084,0x0883,0x10a4,0x0883,0x1084,0x08a3,0x1084,0x0884,0x10a3,0x0884,0x0884,0x10a3,0x0884,0x10a4,0x0883,
  0x08a4,0x1083,0x0884,0x10a4,0x0883,0x10a4,0x0884,0x1083,0x08a4,0x1083,0x0884,0x08a4,0x1083,0x0884,0x10a4,0x0883,
  0x1084,0x08a4,0x1083,0x08a4,0x1084,0x08a4,0x0883,0x1084,0x08a3,0x1084,0x08a4,0x0883,0x10a4,0x0883,0x08a4,0x1084,
  0x08a4,0x08a4,0x1084,0x10a4,0x08a4,0x1084,0x08a4,0x1083,0x08a4,0x10a4,0x0884,0x10a4,0x08a4,0x0884,0x1084,0x08a4,
  0x1083,0x10a4,0x08a4,0x1084,0x10a4,0x08a4,0x10a4,0x08a4,0x10a4,0x0884,0x10a5,0x08c4,0x10a5,0x10c4,0x08a4,0x10a4,
  0x08c4,0x10a5,0x08c4,0x10c5,0x10c4,0x10c4,0x10c5,0x10c4,0x10a5,0x08a4,0x1084,0x10c4,0x08e5,0x08c4,0x08c5,0x08e4,
  0x08c4,0x10a4,0x10c5,0x0884,0x1084,0x18a5,0x10a4,0x10a4,0x10a5,0x08e4,0x0905,0x0146,0x0186,0x2bef,0x1c0f,0x1c70,
  0x2d53,0x2d74,0x2594,0x25b4,0x15b4,0x1df5,0x15d4,0x15f4,0x15d5,0x1dd4,0x1db4,0x2594,0x2573,0x1c6f,0x1c0f,0x238e,
  0x0166,0x0926,0x10e6,0x10a5,0x10a4,0x10c5,0x10a5,0x0884,0x1085,0x10c4,0x10a4,0x10c4,0x08c5,0x08e4,0x08e4,0x08c4,
  0x10e5,0x10a4,0x10a4,0x10c5,0x10c4,0x10c5,0x10c4,0x08c5,0x10c5,0x10c4,0x10a4,0x10c4,0x08a4,0x10c4,0x10a5,0x08a4,
  0x10c5,0x08a4,0x10a5,0x10a4,0x10a5,0x0884,0x10a5,0x10a4,0x08a4,0x08a4,0x10a4,0x10a4,0x0884,0x10a4,0x10a4,0x0884,
  0x10a4,0x08a4,0x10a4,0x0884,0x10a3,0x0884,0x10a4,0x08a4,0x1084,0x08a3,0x1084,0x08a4,0x10a3,0x08a4,0x1084,0x08a4,
  0x0883,0x10a4,0x0884,0x08a3,0x1084,0x08a4,0x1083,0x08a4,0x1084,0x08a3,0x0884,0x10a4,0x0884,0x1083,0x08a4,0x1084,
  0x08a3,0x1084,0x08a3,0x1084,0x0883,0x10a4,0x08a3,0x1084,0x08a4,0x1083,0x08a4,0x0884,0x1084,0x08a3,0x1084,0x08a4,
  0x1083,0x08a4,0x1084,0x08a3,0x0884,0x10a4,0x0883,0x08a4,0x1084,0x0884,0x10a4,0x0884,0x10a3,0x0884,0x10a4,0x0883,
  0x08a4,0x1084,0x08a3,0x1084,0x0884,0x10a3,0x0884,0x1084,0x08a4,0x1083,0x0884,0x10a4,0x0883,0x08a4,0x1084,0x08a3,
  0x1084,0x08a4,0x1083,0x0884,0x10a3,0x0884,0x10a3,0x0884,0x1084,0x0883,0x10a4,0x0884,0x10a3,0x0884,0x1084,0x08a4,
  0x1083,0x08a4,0x0884,0x1083,0x08a4,0x10a3,0x0884,0x10a4,0x0883,0x10a4,0x0884,0x10a3,0x0884,0x1084,0x08a4,0x1083,
  0x08a4,0x1084,0x08a3,0x1084,0x08a4,0x0883,0x10a4,0x0884,0x1083,0x08a4,0x1084,0x0883,0x10a4,0x0883,0x10a4,0x0883,
  0x10a4,0x0884,0x1083,0x08a4,0x1084,0x0883,0x10a4,0x0883,0x10a4,0x0884,0x08a3,0x1084,0x08a3,0x1084,0x0884,0x08a3,
  0x1084,0x0884,0x10a3,0x0884,0x10a4,0x0883,0x10a4,0x0884,0x10a4,0x0884,0x10a3,0x0884,0x1084,0x08a4,0x1083,0x08a4,
  0x0883,0x10a4,0x0884,0x1083,0x08a4,0x0884,0x1083,0x08a4,0x1084,0x08a3,0x1084,0x08a4,0x1083,0x08a4,0x1084,0x0883,
  0x10a4,0x0884,0x10a3,0x0884,0x1083,0x08a4,0x10a4,0x0883,0x08a4,0x1084,0x0883,0x10a4,0x0884,0x1084,0x08a4,0x1083,
  0x08a4,0x1084,0x08a3,0x1084,0x0884,0x10a3,0x0884,0x1084,0x08a4,0x1083,0x08a4,0x1084,0x08a3,0x0884,0x10a4,0x0883,
  0x1084,0x08a3,0x1084,0x08a4,0x1083,0x08a4,0x1083,0x08a4,0x1083,0x0884,0x10a4,0x0883,0x10a4,0x0884,0x1083,0x08a4,
  0x0884,0x1084,0x08a4,0x1083,0x0884,0x10a4,0x0883,0x1084,0x08a4,0x0883,0x10a4,0x0883,0x10a4,0x0884,0x10a4,0x0883,
  0x1084,0x08a4,0x0883,0x10a4,0x0884,0x10a3,0x0884,0x10a4,0x0883,0x1084,0x08a3,0x0884,0x10a3,0x0884,0x1084,0x08a3,
  0x1084,0x0884,0x10a3,0x0884,0x1084,0x08a3,0x0884,0x1084,0x08a3,0x1084,0x08a4,0x1084,0x08a4,0x1083,0x08a4,0x1084,
  0x0883,0x10a4,0x0884,0x08a3,0x1084,0x08a4,0x1083,0x08a4,0x1084,0x0883,0x10a4,0x0883,0x10a4,0x0883,0x0884,0x10a3,
  0x0884,0x1084,0x08a3,0x1084,0x0884,0x10a3,0x0884,0x1084,0x08a3,0x0884,0x10a4,0x0884,0x10a3,0x0884,0x10a3,0x0884,
  0x1084,0x08a3,0x1084,0x08a4,0x1083,0x08a4,0x0884,0x10a3,0x0884,0x0884,0x10a3,0x0884,0x10a4,0x0883,0x1084,0x08a4,
  0x0884,0x10a4,0x0883,0x08a4,0x1084,0x0883,0x08a4,0x1084,0x08a4,0x0884,0x10a3,0x0884,0x10a4,0x0883,0x0884,0x10a4,
  0x0883,0x1084,0x08a4,0x0883,0x1084,0x08a3,0x1084,0x08a4,0x1084,0x08a3,0x1084,0x0884,0x10a4,0x0884,0x1083,0x08a4,
  0x1084,0x08a4,0x1084,0x08a4,0x1084,0x0883,0x10a5,0x08a4,0x10a4,0x0884,0x1083,0x08a4,0x1084,0x08a3,0x1084,0x10a4,
  0x08a4,0x1084,0x0884,0x08a4,0x1084,0x0884,0x10a4,0x1084,0x10a4,0x0884,0x10a4,0x10c4,0x08a4,0x08c5,0x10c4,0x08c5,
  0x10c4,0x10a5,0x10c4,0x10c5,0x10a4,0x08c5,0x10a4,0x10c5,0x10c5,0x10c4,0x10c5,0x10c4,0x08c5,0x08e4,0x08e5,0x10c4,
  0x10c5,0x18c5,0x10a4,0x1063,0x10a4,0x18c5,0x18a5,0x10a4,0x18c5,0x08e5,0x0167,0x01c7,0x2470,0x2553,0x1db4,0x15f5,
  0x15d4,0x15d5,0x15b4,0x15b4,0x1db5,0x1594,0x15d5,0x15f5,0x15d4,0x0d73,0x15b4,0x1df5,0x15b4,0x15d4,0x1db4,0x2d53,
  0x240f,0x0187,0x0906,0x10e6,0x10a5,0x18e5,0x10a4,0x18c5,0x20c5,0x1084,0x18a5,0x10c4,0x10c5,0x08c5,0x08c4,0x08e5,
  0x10c5,0x10c5,0x08a4,0x10c4,0x10c5,0x08a4,0x10c5,0x10c4,0x10a4,0x10c5,0x08a4,0x10c5,0x10a4,0x10c5,0x10a4,0x08a4,
  0x10c4,0x10a5,0x10c4,0x10a4,0x10c5,0x10c4,0x10c4,0x08a4,0x1084,0x0884,0x0883,0x10a4,0x0884,0x0884,0x10a4,0x0883,
  0x10a4,0x0884,0x1083,0x08a4,0x10a5,0x0884,0x10a4,0x0883,0x10a4,0x0884,0x10a4,0x0884,0x1084,0x0884,0x08a3,0x1084,
  0x0884,0x10a3,0x0884,0x1084,0x08a3,0x1084,0x0884,0x10a3,0x0884,0x1084,0x08a3,0x1084,0x08a3,0x1084,0x0883,0x10a4,
  0x0884,0x0884,0x10a4,0x0884,0x08a4,0x1084,0x0884,0x10a3,0x0884,0x0884,0x10a3,0x0884,0x10a3,0x0884,0x0884,0x10a3,
  0x0884,0x0884,0x10a3,0x0884,0x1084,0x08a3,0x1084,0x0883,0x10a4,0x0883,0x10a3,0x0884,0x1084,0x08a3,0x0884,0x1084,
  0x08a3,0x1084,0x0884,0x08a3,0x1084,0x0884,0x10a3,0x0884,0x08a3,0x1084,0x08a4,0x0883,0x10a4,0x0884,0x1083,0x08a4,
  0x1084,0x0883,0x10a4,0x0884,0x10a4,0x0884,0x10a4,0x0883,0x08a4,0x1084,0x08a3,0x0884,0x1084,0x08a3,0x0884,0x10a3,
  0x0884,0x1083,0x08a4,0x1084,0x0884,0x0884,0x10a3,0x0884,0x10a4,0x0883,0x1084,0x08a4,0x1083,0x08a4,0x0883,0x1084,
  0x08a4,0x0883,0x1084,0x08a3,0x1084,0x0884,0x10a3,0x0884,0x10a4,0x0883,0x08a4,0x1084,0x08a4,0x0884,0x10a4,0x0884,
  0x0883,0x10a4,0x0884,0x0883,0x10a4,0x0884,0x08a4,0x1084,0x0883,0x10a4,0x0884,0x10a4,0x0884,0x08a3,0x1084,0x0884,
  0x10a3,0x0884,0x10a4,0x0883,0x1084,0x08a4,0x0883,0x1084,0x0883,0x10a4,0x0884,0x08a3,0x1084,0x0883,0x08a4,0x1084,
  0x08a4,0x1083,0x08a4,0x0884,0x1083,0x08a4,0x1084,0x08a3,0x0884,0x10a4,0x0883,0x10a4,0x0884,0x0883,0x10a4,0x0884,
  0x1083,0x08a4,0x1084,0x08a3,0x1084,0x0883,0x0884,0x10a4,0x0883,0x10a4,0x0884,0x0883,0x10a4,0x0883,0x1084,0x08a4,
  0x1083,0x0884,0x1084,0x08a3,0x1084,0x08a4,0x1083,0x08a4,0x1083,0x08a4,0x1083,0x0884,0x10a4,0x0883,0x1084,0x08a4,
  0x0884,0x10a4,0x0883,0x1084,0x08a4,0x0883,0x1084,0x0884,0x08a4,0x1083,0x08a4,0x1084,0x0883,0x10a4,0x0884,0x1083,
  0x08a4,0x1083,0x08a4,0x0884,0x10a3,0x0884,0x08a4,0x1083,0x08a4,0x1084,0x0883,0x10a4,0x0884,0x1083,0x0884,0x10a4,
  0x0883,0x10a4,0x0884,0x1083,0x08a4,0x0884,0x1083,0x0884,0x08a4,0x1084,0x08a4,0x1084,0x0884,0x10a3,0x0884,0x0884,
  0x10a3,0x0884,0x08a4,0x1083,0x08a4,0x1084,0x08a3,0x1084,0x08a4,0x1083,0x0884,0x10a3,0x0884,0x1084,0x0883,0x10a4,
  0x0884,0x08a3,0x1084,0x0884,0x10a3,0x0884,0x0884,0x1083,0x08a4,0x0884,0x10a4,0x0884,0x0884,0x10a4,0x0884,0x1084,
  0x08a3,0x1084,0x08a4,0x1083,0x08a4,0x1084,0x08a3,0x0884,0x10a4,0x0883,0x1084,0x08a3,0x0884,0x1084,0x0884,0x10a3,
  0x0884,0x10a4,0x0883,0x0884,0x10a4,0x0883,0x1084,0x0884,0x10a3,0x0884,0x10a4,0x0883,0x1084,0x08a4,0x0883,0x1084,
  0x1083,0x08a4,0x1084,0x0883,0x10a4,0x0884,0x10a3,0x0884,0x1083,0x08a4,0x1084,0x0883,0x10a4,0x0884,0x10a3,0x0884,
  0x10a4,0x0883,0x10a4,0x0884,0x10a3,0x0884,0x10a4,0x0883,0x1084,0x08a4,0x1083,0x08a4,0x1083,0x10a5,0x08a4,0x1084,
  0x08a3,0x1084,0x08a3,0x1084,0x10a4,0x08a4,0x1084,0x0884,0x1083,0x08a4,0x08a5,0x0883,0x10a4,0x08a5,0x08a4,0x1084,
  0x0884,0x08a4,0x10a4,0x08a4,0x10a4,0x10a4,0x10a5,0x08c4,0x10a5,0x08c4,0x10a5,0x08c4,0x10c5,0x10a4,0x10c4,0x10a4,
  0x08c4,0x10a4,0x10c5,0x10e4,0x10c4,0x10c5,0x10c4,0x10c4,0x10c5,0x10c4,0x10c4,0x08c5,0x10e4,0x08c5,0x10c4,0x10c5,
  0x10c4,0x10a4,0x0884,0x18a4,0x0884,0x10a4,0x10a4,0x0906,0x0946,0x01a8,0x238e,0x2cd2,0x2573,0x1594,0x15f4,0x0d93,
  0x15d5,0x15d4,0x15b5,0x1db4,0x1dd5,0x1db4,0x1d94,0x2594,0x2db6,0x2db5,0x2574,0x25b5,0x1db4,0x1593,0x1dd5,0x1593,
  0x2d74,0x2cb2,0x236e,0x0967,0x0946,0x00e5,0x10e5,0x10a4,0x10a4,0x18c5,0x1063,0x0884,0x10c4,0x08c4,0x08e4,0x08e5,
  0x08c5,0x10c4,0x10c5,0x10c4,0x08c5,0x10c4,0x10c4,0x10c5,0x10c4,0x10c5,0x10a4,0x08c4,0x08a4,0x10c4,0x10c5,0x10c5,
  0x08c4,0x10a4,0x10c5,0x08a4,0x10a4,0x10a5,0x10a4,0x10c5,0x10a4,0x08a4,0x1084,0x08a4,0x1083,0x08a4,0x1083,0x08a4,
  0x1084,0x08a3,0x10a5,0x0884,0x10a4,0x0883,0x10a4,0x1084,0x10a4,0x0884,0x08a4,0x08a4,0x1083,0x10a5,0x1084,0x08a4,
  0x08a4,0x1084,0x10a4,0x08a4,0x1084,0x08a3,0x0884,0x10a4,0x0883,0x10a4,0x0884,0x1084,0x08a4,0x1084,0x08a4,0x0883,
  0x10a4,0x0883,0x10a4,0x0883,0x1083,0x08a4,0x1083,0x0884,0x10a3,0x0884,0x10a4,0x0884,0x1084,0x08a3,0x1084,0x0884,
  0x10a3,0x0884,0x10a4,0x0883,0x10a4,0x0884,0x10a4,0x0884,0x10a3,0x0884,0x1084,0x08a3,0x0884,0x1084,0x08a3,0x1084,
  0x0884,0x10a3,0x0884,0x10a4,0x0883,0x10a4,0x0884,0x10a4,0x0884,0x10a3,0x0884,0x1084,0x08a3,0x1084,0x08a4,0x1083,
  0x08a4,0x0884,0x10a3,0x0884,0x1083,0x08a4,0x0883,0x10a4,0x0884,0x10a3,0x0884,0x10a3,0x0884,0x10a4,0x0884,0x1084,
  0x08a4,0x1084,0x08a3,0x0884,0x10a3,0x0884,0x10a4,0x0883,0x0884,0x10a4,0x0883,0x10a4,0x0884,0x1084,0x08a4,0x1083,
  0x0884,0x10a4,0x0884,0x10a4,0x0883,0x10a4,0x0884,0x10a3,0x0884,0x1084,0x08a3,0x1084,0x0883,0x10a4,0x0883,0x10a4,
  0x0884,0x10a3,0x0884,0x10a4,0x0883,0x10a4,0x0883,0x10a4,0x0884,0x0883,0x10a4,0x0883,0x1084,0x08a4,0x1083,0x08a4,
  0x1084,0x08a3,0x0884,0x10a4,0x0883,0x1084,0x08a4,0x10a3,0x0884,0x0883,0x10a4,0x0884,0x10a4,0x0884,0x1083,0x08a4,
  0x1083,0x0884,0x10a4,0x0883,0x10a4,0x0883,0x10a4,0x0884,0x1083,0x08a4,0x1084,0x0883,0x10a4,0x0884,0x10a3,0x0884,
  0x08a4,0x1083,0x0884,0x10a4,0x0884,0x10a4,0x0883,0x10a4,0x0884,0x1083,0x08a4,0x1084,0x08a3,0x1084,0x08a3,0x0884,
  0x10a4,0x0883,0x08a4,0x1084,0x08a3,0x1084,0x08a4,0x1083,0x0884,0x10a4,0x0884,0x08a3,0x1084,0x08a4,0x1083,0x08a4,
  0x1083,0x0884,0x10a4,0x0883,0x1084,0x08a4,0x10a3,0x0884,0x10a3,0x0884,0x1083,0x08a4,0x0884,0x10a3,0x0884,0x10a4,
  0x0883,0x10a4,0x0883,0x10a4,0x0884,0x1083,0x08a4,0x1084,0x0883,0x10a4,0x0884,0x08a3,0x1084,0x08a4,0x1083,0x08a4,
  0x0884,0x1083,0x08a4,0x0884,0x1083,0x08a4,0x10a4,0x0883,0x10a4,0x0883,0x1084,0x08a3,0x1084,0x08a4,0x1083,0x08a4,
  0x1084,0x08a3,0x1084,0x08a4,0x0883,0x1084,0x08a4,0x1083,0x0884,0x08a4,0x1083,0x08a4,0x0883,0x10a4,0x0884,0x08a3,
  0x1084,0x0884,0x10a3,0x0884,0x1084,0x08a3,0x10a4,0x0884,0x10a3,0x0884,0x1083,0x08a4,0x1083,0x08a4,0x1083,0x08a4,
  0x1084,0x08a3,0x0884,0x10a4,0x0883,0x0884,0x10a4,0x0883,0x1084,0x08a4,0x1083,0x08a4,0x1084,0x08a3,0x1084,0x08a4,
  0x0883,0x1084,0x08a4,0x1083,0x0884,0x10a4,0x08a3,0x1084,0x08a4,0x1083,0x0884,0x10a4,0x0883,0x10a4,0x0884,0x10a3,
  0x0884,0x10a3,0x0884,0x10a4,0x0883,0x10a4,0x0884,0x10a3,0x0884,0x1083,0x08a4,0x1084,0x08a3,0x1084,0x0884,0x10a3,
  0x0884,0x08a4,0x1083,0x0884,0x08a4,0x1083,0x0884,0x10a4,0x08a4,0x10a4,0x0884,0x10a5,0x08a4,0x1084,0x08a3,0x1084,
  0x10a5,0x0884,0x10a4,0x08a4,0x0884,0x10a4,0x0883,0x10a4,0x10a5,0x0884,0x10a3,0x0884,0x10a4,0x1084,0x0884,0x08a3,
  0x08a5,0x1083,0x0884,0x1084,0x08a4,0x10a4,0x0884,0x10a3,0x0884,0x10a4,0x08a4,0x10c4,0x08a4,0x10c5,0x08c4,0x10a5,
  0x08c5,0x08a4,0x08c4,0x10c5,0x08a4,0x08c5,0x10c5,0x08c5,0x10c4,0x08c5,0x10e5,0x08c5,0x08c4,0x10c5,0x08c4,0x1084,
  0x08a4,0x1884,0x18a4,0x18c5,0x10a4,0x08a3,0x0905,0x0146,0x0186,0x2bcf,0x3575,0x2595,0x25d4,0x15b4,0x1db5,0x1e15,
  0x1db4,0x1574,0x2594,0x25d5,0x25b4,0x1d73,0x3595,0x2d14,0x2513,0x3575,0x2554,0x2574,0x1db4,0x1df5,0x15b4,0x1df5,
  0x1d94,0x2d74,0x3575,0x1bae,0x01a6,0x0125,0x0125,0x10e5,0x0884,0x10a4,0x18c5,0x1084,0x08a4,0x08e5,0x08c5,0x08e4,
  0x10e4,0x10c4,0x08c5,0x10c5,0x10c5,0x10c5,0x10c5,0x10c5,0x10a4,0x10c4,0x0884,0x10c5,0x10a4,0x08a4,0x08a4,0x10a4,
  0x10c4,0x10a5,0x10c4,0x10a5,0x10c4,0x10c5,0x08a4,0x10a5,0x0883,0x10a5,0x10a4,0x10a5,0x0884,0x10a5,0x08a4,0x08a5,
  0x1083,0x0884,0x10a4,0x0883,0x1084,0x08a4,0x10a5,0x0884,0x08a4,0x1083,0x08a4,0x1084,0x08a4,0x08a4,0x0883,0x10a4,
  0x0884,0x08a4,0x1084,0x0884,0x10a4,0x0884,0x1083,0x08a4,0x0884,0x1083,0x08a4,0x0883,0x10a4,0x0883,0x1084,0x08a4,
  0x1083,0x0884,0x10a4,0x0884,0x10a4,0x0883,0x08a4,0x1084,0x08a4,0x1083,0x0884,0x10a3,0x0884,0x10a4,0x0883,0x10a4,
  0x0884,0x10a3,0x0884,0x1084,0x08a3,0x0884,0x1083,0x08a4,0x1084,0x08a3,0x0884,0x10a4,0x0883,0x10a4,0x0884,0x10a3,
  0x0884,0x10a4,0x0883,0x1084,0x08a4,0x0883,0x10a4,0x0883,0x1084,0x0884,0x10a3,0x0884,0x1084,0x08a3,0x0884,0x1084,
  0x08a3,0x1084,0x0884,0x10a3,0x0884,0x10a4,0x0884,0x1083,0x08a4,0x1084,0x0884,0x10a4,0x0883,0x1084,0x08a3,0x0884,
  0x10a3,0x0884,0x1084,0x08a3,0x1084,0x08a3,0x1084,0x08a4,0x1083,0x08a4,0x1084,0x0883,0x08a4,0x1083,0x08a4,0x1084,
  0x08a3,0x1084,0x08a3,0x0884,0x1084,0x08a3,0x0884,0x1084,0x08a3,0x0884,0x10a4,0x0883,0x10a4,0x0883,0x1084,0x08a3,
  0x1084,0x0884,0x10a3,0x0884,0x1084,0x0883,0x10a4,0x0883,0x10a4,0x0884,0x1083,0x08a4,0x1083,0x0884,0x10a4,0x0883,
  0x08a4,0x1084,0x0883,0x10a4,0x0884,0x10a3,0x0884,0x1084,0x08a4,0x1084,0x0883,0x10a4,0x0883,0x10a4,0x0884,0x1084,
  0x08a4,0x1083,0x0884,0x10a4,0x0884,0x1084,0x08a3,0x1084,0x08a4,0x1083,0x08a4,0x0884,0x10a3,0x0884,0x0884,0x10a3,
  0x0884,0x10a4,0x0883,0x0884,0x10a3,0x0884,0x10a4,0x0883,0x10a4,0x0884,0x10a3,0x0884,0x10a4,0x0884,0x1084,0x08a3,
  0x1084,0x08a4,0x1083,0x08a4,0x1084,0x0883,0x0884,0x10a4,0x0884,0x0883,0x10a4,0x0884,0x1083,0x08a4,0x0884,0x1083,
  0x08a4,0x1083,0x08a4,0x0884,0x10a3,0x0884,0x1084,0x08a4,0x1084,0x08a4,0x0884,0x10a3,0x0884,0x1084,0x08a3,0x0884,
  0x10a4,0x0884,0x1084,0x0883,0x10a4,0x0884,0x10a3,0x0884,0x10a4,0x0883,0x10a4,0x0884,0x1083,0x08a4,0x0884,0x10a3,
  0x0884,0x10a4,0x0883,0x10a4,0x0884,0x1083,0x0884,0x10a4,0x0883,0x10a4,0x0884,0x10a3,0x0884,0x0883,0x10a4,0x0884,
  0x10a3,0x0884,0x1083,0x0884,0x10a4,0x0883,0x10a4,0x0884,0x10a3,0x0884,0x10a4,0x0884,0x1084,0x08a3,0x1084,0x08a4,
  0x1083,0x08a4,0x1084,0x08a3,0x1084,0x0884,0x1083,0x08a4,0x1084,0x08a3,0x1084,0x08a4,0x1083,0x0884,0x10a4,0x0883,
  0x08a4,0x1084,0x0883,0x1084,0x08a4,0x1083,0x08a4,0x1084,0x08a3,0x1084,0x08a4,0x1083,0x0884,0x10a4,0x0883,0x10a4,
  0x0884,0x10a3,0x0884,0x10a4,0x0883,0x0884,0x1084,0x08a3,0x1084,0x08a4,0x1083,0x08a4,0x0884,0x1083,0x08a4,0x0884,
  0x0884,0x10a4,0x0883,0x0884,0x10a4,0x0883,0x0884,0x10a4,0x0884,0x10a4,0x0883,0x08a4,0x1084,0x08a3,0x0884,0x1084,
  0x08a3,0x1084,0x08a4,0x1083,0x0884,0x10a4,0x0883,0x0884,0x1083,0x0884,0x10a4,0x0883,0x1084,0x08a3,0x1084,0x08a4,
  0x0883,0x10a4,0x0884,0x1084,0x08a4,0x1083,0x10a5,0x08a4,0x1083,0x08a4,0x1084,0x08a4,0x1084,0x08a4,0x10a5,0x1084,
  0x08a4,0x10a4,0x10c5,0x10c4,0x08a4,0x10c5,0x08a4,0x10c5,0x1084,0x10c5,0x10a4,0x10c5,0x10c4,0x10c5,0x10c4,0x10c4,
  0x10c5,0x10c4,0x10c5,0x10c5,0x10c5,0x10a4,0x10c4,0x10a4,0x10e5,0x10c5,0x08c4,0x10c4,0x08e5,0x10c4,0x10a5,0x10a4,
  0x10a4,0x10a5,0x08a4,0x1084,0x00e4,0x1146,0x0945,0x0187,0x23cf,0x3534,0x2512,0x2db5,0x1db4,0x15d4,0x1594,0x2574,
  0x2574,0x2d53,0x3574,0x2512,0x2511,0x2d34,0x34d2,0x4533,0x3d13,0x2d33,0x35b5,0x2593,0x1dd4,0x15d4,0x0d94,0x1e15,
  0x0d73,0x1d94,0x2595,0x2d34,0x136c,0x01a6,0x0145,0x1166,0x08e5,0x1063,0x18c5,0x10c5,0x10a4,0x08c4,0x08c4,0x10c5,
  0x08c4,0x10c5,0x10c4,0x10c5,0x10c4,0x10c4,0x10c5,0x10c5,0x10c4,0x10e5,0x10c4,0x10c4,0x10c5,0x10c5,0x10e4,0x10c5,
  0x10c4,0x08a4,0x10c4,0x08a4,0x10c5,0x10a4,0x10c4,0x10a4,0x10a4,0x10c4,0x08a4,0x1083,0x08a4,0x1083,0x10a4,0x0884,
  0x10a4,0x10a4,0x0884,0x10a4,0x10a5,0x0883,0x10a4,0x0883,0x10a4,0x0884,0x1084,0x08a3,0x1084,0x1083,0x08a4,0x1084,
  0x08a3,0x1084,0x08a3,0x08a4,0x0884,0x10a4,0x0884,0x1083,0x08a4,0x1084,0x08a3,0x1084,0x0884,0x10a3,0x0884,0x1083,
  0x08a4,0x1084,0x08a3,0x1084,0x0883,0x10a4,0x0884,0x10a3,0x0884,0x08a4,0x1083,0x08a4,0x0883,0x1084,0x08a4,0x0883,
  0x10a4,0x0884,0x08a3,0x1084,0x0884,0x10a3,0x0884,0x10a3,0x0884,0x1084,0x08a3,0x1084,0x08a4,0x1083,0x0884,0x10a4,
  0x0883,0x0884,0x10a4,0x0883,0x10a4,0x0884,0x1083,0x08a4,0x0883,0x10a4,0x0884,0x08a3,0x1084,0x08a4,0x1083,0x08a4,
  0x1084,0x08a3,0x1084,0x08a4,0x0883,0x1084,0x08a3,0x1084,0x0883,0x08a4,0x1083,0x0884,0x08a4,0x1083,0x08a4,0x1083,
  0x0884,0x10a3,0x0884,0x10a4,0x0884,0x1084,0x08a3,0x1084,0x0884,0x10a3,0x0884,0x10a4,0x0883,0x10a4,0x0883,0x08a4,
  0x1084,0x0883,0x10a4,0x0883,0x10a4,0x0884,0x10a3,0x0884,0x10a4,0x0883,0x1084,0x08a4,0x1084,0x08a4,0x0884,0x1084,
  0x08a3,0x0884,0x10a4,0x0883,0x08a4,0x1084,0x08a4,0x0884,0x1083,0x08a4,0x1084,0x08a4,0x0884,0x10a3,0x0884,0x1084,
  0x0883,0x10a4,0x0884,0x1083,0x08a4,0x0884,0x10a3,0x0884,0x10a3,0x0884,0x10a4,0x0883,0x1084,0x08a3,0x1084,0x08a3,
  0x0884,0x10a4,0x0883,0x08a4,0x1083,0x08a4,0x0884,0x1083,0x08a4,0x0884,0x1083,0x08a4,0x1084,0x08a3,0x1084,0x0884,
  0x10a3,0x0884,0x10a4,0x0883,0x10a4,0x0883,0x0884,0x10a4,0x0883,0x0884,0x10a4,0x0883,0x0884,0x10a3,0x0884,0x1084,
  0x08a3,0x1084,0x0884,0x1083,0x08a4,0x1084,0x08a3,0x0884,0x10a3,0x0884,0x10a3,0x0884,0x10a4,0x0883,0x10a4,0x0884,
  0x10a4,0x0884,0x1083,0x08a4,0x1084,0x08a3,0x0884,0x1083,0x08a4,0x1083,0x0884,0x10a4,0x0883,0x08a4,0x1084,0x0883,
  0x1084,0x08a3,0x0884,0x10a4,0x0883,0x10a4,0x0884,0x0883,0x10a4,0x0884,0x1083,0x08a4,0x0884,0x10a3,0x0884,0x1084,
  0x08a3,0x1084,0x08a4,0x1083,0x08a4,0x10a4,0x0883,0x0884,0x10a4,0x0883,0x08a4,0x1084,0x08a3,0x1084,0x08a4,0x1083,
  0x0884,0x08a4,0x1084,0x08a3,0x1084,0x08a4,0x0883,0x1084,0x08a4,0x1083,0x0884,0x10a3,0x0884,0x10a4,0x0883,0x1084,
  0x08a4,0x1083,0x08a4,0x1084,0x08a3,0x08a4,0x1084,0x0883,0x08a4,0x1084,0x08a3,0x1084,0x08a4,0x0883,0x10a4,0x0884,
  0x1083,0x08a4,0x1084,0x08a3,0x1084,0x08a4,0x1083,0x0884,0x10a4,0x0883,0x0884,0x10a4,0x0883,0x08a4,0x1084,0x0883,
  0x10a4,0x0884,0x08a3,0x1084,0x08a4,0x10a3,0x0884,0x1084,0x08a3,0x0884,0x1084,0x08a3,0x1084,0x08a4,0x1083,0x10a4,
  0x10a4,0x0883,0x10a4,0x0884,0x10a3,0x0884,0x10a4,0x0883,0x10a4,0x0883,0x10a4,0x0884,0x1083,0x08a4,0x1084,0x08a3,
  0x1084,0x0884,0x10a3,0x0884,0x10a4,0x0883,0x10a4,0x08a4,0x1084,0x08a4,0x1083,0x08a4,0x1084,0x10a5,0x08a4,0x1083,
  0x08a4,0x1084,0x08a3,0x1084,0x10a4,0x08a4,0x1084,0x08a4,0x0884,0x10a4,0x10a4,0x0884,0x10a4,0x10a4,0x08a4,0x10a3,
  0x10a5,0x10c4,0x0884,0x10a4,0x0884,0x10a4,0x0884,0x10a4,0x08a3,0x0884,0x10a4,0x08c5,0x10c4,0x10c4,0x10a5,0x10c5,
  0x08a4,0x10c5,0x10a4,0x10c4,0x10c4,0x10c5,0x10c5,0x10c4,0x08a4,0x10c4,0x08e5,0x10c5,0x10c4,0x10c4,0x0884,0x1084,
  0x10c5,0x10a4,0x0884,0x0925,0x0904,0x0125,0x01e7,0x1b8d,0x3554,0x2554,0x25d5,0x1df4,0x0d73,0x25f5,0x2594,0x2574,
  0x3d33,0x3cd2,0x3450,0x0aeb,0x0207,0x0206,0x01e8,0x0207,0x01e8,0x132b,0x2c91,0x24b1,0x2533,0x2594,0x1dd4,0x0d32,
  0x2616,0x2616,0x1d94,0x25b5,0x3532,0x1b4b,0x01c6,0x0124,0x0924,0x10e5,0x1084,0x10c4,0x10a4,0x10c5,0x08e4,0x10c5,
  0x10c5,0x10a5,0x10a4,0x10a4,0x10c5,0x10c4,0x08a4,0x10c5,0x08a4,0x08c5,0x10a4,0x10c5,0x10a4,0x10c5,0x10a4,0x08a5,
  0x10c5,0x10a4,0x10c5,0x10a4,0x10c4,0x10c5,0x10c5,0x10c5,0x08a4,0x10a5,0x0884,0x10c5,0x10a4,0x10c5,0x08a4,0x10a4,
  0x08a4,0x0884,0x10a4,0x0883,0x10a4,0x0884,0x10a4,0x0884,0x10a4,0x08a4,0x10a4,0x1084,0x08a4,0x10a5,0x0884,0x10a4,
  0x10a4,0x0884,0x1084,0x08a4,0x1084,0x08a3,0x1084,0x08a4,0x1083,0x08a4,0x1084,0x08a3,0x1084,0x08a4,0x0884,0x10a4,
  0x0883,0x10a4,0x0884,0x08a3,0x1084,0x08a4,0x1083,0x0884,0x10a3,0x0884,0x10a4,0x0884,0x10a4,0x0883,0x10a4,0x0884,
  0x1083,0x08a4,0x1084,0x08a3,0x1084,0x08a4,0x1084,0x0884,0x08a3,0x1084,0x08a4,0x1083,0x0884,0x10a4,0x0883,0x08a4,
  0x1084,0x08a3,0x1084,0x08a4,0x1083,0x08a4,0x0884,0x10a4,0x0884,0x10a3,0x0884,0x10a4,0x0883,0x1084,0x08a4,0x1083,
  0x0884,0x10a4,0x0883,0x1084,0x08a4,0x1083,0x08a4,0x1084,0x08a4,0x1083,0x08a4,0x1083,0x08a4,0x1084,0x0884,0x10a4,
  0x0884,0x10a4,0x0883,0x0884,0x10a3,0x0884,0x10a4,0x0883,0x08a4,0x1084,0x08a3,0x0884,0x1084,0x08a4,0x1084,0x0883,
  0x10a4,0x0884,0x10a4,0x0884,0x1083,0x08a4,0x1084,0x0883,0x10a4,0x0884,0x10a3,0x0884,0x0883,0x10a4,0x0883,0x10a4,
  0x0884,0x10a3,0x0884,0x10a4,0x0883,0x10a4,0x0883,0x10a4,0x0884,0x10a3,0x0884,0x10a3,0x0884,0x10a4,0x0883,0x10a4,
  0x0884,0x10a3,0x0884,0x08a4,0x1083,0x08a4,0x1084,0x0883,0x10a4,0x0883,0x08a4,0x1084,0x08a4,0x0884,0x10a3,0x0884,
  0x10a3,0x0884,0x10a4,0x0883,0x10a4,0x0883,0x10a4,0x0884,0x1083,0x08a4,0x1084,0x0883,0x10a4,0x0884,0x10a3,0x0884,
  0x10a4,0x0883,0x1084,0x08a4,0x0884,0x10a4,0x0883,0x1084,0x08a4,0x1083,0x08a4,0x1084,0x08a3,0x1084,0x08a3,0x0884,
  0x10a4,0x0883,0x10a4,0x0884,0x08a3,0x1084,0x08a4,0x1083,0x08a4,0x1084,0x0884,0x10a3,0x0884,0x1084,0x08a3,0x1084,
  0x0883,0x08a4,0x1084,0x08a3,0x1084,0x0884,0x10a3,0x0884,0x10a4,0x0883,0x10a4,0x0883,0x10a4,0x0883,0x10a4,0x08a4,
  0x1083,0x08a4,0x1083,0x08a4,0x1084,0x0883,0x10a4,0x0884,0x10a3,0x0884,0x08a4,0x1083,0x10a4,0x0884,0x10a3,0x0884,
  0x10a4,0x0883,0x1084,0x08a4,0x1083,0x0884,0x10a4,0x0883,0x10a4,0x0884,0x1083,0x08a4,0x1084,0x08a4,0x1083,0x08a4,
  0x1084,0x08a3,0x1084,0x08a4,0x1083,0x0884,0x10a4,0x0883,0x10a4,0x0884,0x08a3,0x1084,0x08a3,0x0884,0x10a4,0x0883,
  0x10a4,0x0884,0x1083,0x08a4,0x1084,0x0883,0x10a4,0x0884,0x10a3,0x0884,0x1084,0x08a3,0x1084,0x08a4,0x1083,0x08a4,
  0x1084,0x08a3,0x1084,0x08a4,0x1083,0x0884,0x08a4,0x1083,0x08a4,0x1084,0x08a3,0x1084,0x08a4,0x1083,0x08a4,0x1084,
  0x08a3,0x1084,0x0884,0x10a3,0x0884,0x1084,0x08a3,0x0884,0x10a4,0x0883,0x10a4,0x0884,0x10a3,0x0884,0x08a4,0x0883,
  0x0884,0x10a4,0x0883,0x10a4,0x0884,0x10a3,0x0884,0x1084,0x08a3,0x1084,0x0884,0x10a3,0x0884,0x10a4,0x0883,0x10a4,
  0x0884,0x10a3,0x0884,0x10a4,0x0883,0x10a4,0x0884,0x1083,0x08a4,0x08a4,0x08a4,0x1084,0x08a4,0x1083,0x08a4,0x1084,
  0x10a4,0x0884,0x10a4,0x08a4,0x1084,0x08a4,0x10a4,0x0884,0x10a4,0x0884,0x10a4,0x0883,0x10a4,0x10a4,0x10a5,0x10c4,
  0x0884,0x10a4,0x10a5,0x10c4,0x10a4,0x08a5,0x10c4,0x10a5,0x10c4,0x08a5,0x10c4,0x10c4,0x10c5,0x08c5,0x10c4,0x10c4,
  0x08c5,0x10c4,0x10c5,0x10c4,0x10c5,0x08a4,0x10c4,0x10c5,0x10c4,0x10c5,0x10c5,0x10c5,0x10c4,0x08a5,0x10a4,0x10a4,
  0x10a4,0x10a4,0x08e4,0x1146,0x0165,0x01c7,0x236c,0x3512,0x1d73,0x1dd4,0x1dd4,0x0dd3,0x15d4,0x1d93,0x2d53,0x2c70,
  0x1b2c,0x01a7,0x0986,0x0146,0x0946,0x0186,0x0165,0x0186,0x0166,0x0187,0x0966,0x01e8,0x238d,0x2450,0x3594,0x25d5,
  0x1593,0x1594,0x1594,0x1d94,0x2db4,0x3532,0x1b4b,0x01a6,0x0145,0x08e5,0x10e6,0x10a4,0x08c4,0x10c5,0x08c4,0x10c5,
  0x10c5,0x10a4,0x18a5,0x08a4,0x10c5,0x10c5,0x10c4,0x10c4,0x10e5,0x10c4,0x10c5,0x10c4,0x10c5,0x08c4,0x10e4,0x10c5,
  0x10c4,0x08a5,0x10c5,0x10a5,0x10c4,0x10a5,0x10a4,0x10c4,0x10a4,0x10a4,0x10a4,0x08a4,0x1084,0x08a4,0x10a4,0x10a4,
  0x1084,0x08a4,0x10a4,0x0884,0x10a4,0x0883,0x08a5,0x10a4,0x0884,0x1083,0x08a4,0x1084,0x0883,0x10a4,0x0883,0x1084,
  0x08a4,0x10a4,0x08a4,0x10a4,0x0884,0x10a3,0x0884,0x10a3,0x0884,0x1084,0x08a3,0x1084,0x08a4,0x1083,0x08a4,0x1083,
  0x08a4,0x1084,0x0883,0x10a4,0x0884,0x1083,0x08a4,0x1084,0x08a4,0x1083,0x0884,0x10a3,0x0884,0x10a4,0x0883,0x10a4,
  0x0884,0x1083,0x08a4,0x1084,0x08a3,0x1084,0x08a3,0x1084,0x08a4,0x1083,0x0884,0x10a4,0x0883,0x10a4,0x0884,0x10a3,
  0x0884,0x10a4,0x0883,0x1084,0x08a4,0x1083,0x08a4,0x1083,0x0884,0x10a4,0x0883,0x1084,0x08a4,0x1083,0x08a4,0x1084,
  0x08a3,0x0884,0x10a4,0x0883,0x10a4,0x0884,0x10a4,0x0883,0x10a4,0x0884,0x10a4,0x0884,0x10a3,0x0884,0x10a3,0x0884,
  0x10a3,0x0884,0x10a4,0x0883,0x10a4,0x0883,0x0884,0x10a4,0x0883,0x1084,0x08a4,0x1083,0x08a4,0x1083,0x08a4,0x1084,
  0x08a3,0x1084,0x0883,0x10a4,0x0884,0x10a3,0x0884,0x10a4,0x0883,0x10a4,0x0884,0x10a4,0x0883,0x10a4,0x0884,0x10a3,
  0x0884,0x1084,0x08a3,0x1084,0x0884,0x10a4,0x0883,0x1084,0x08a4,0x1083,0x08a4,0x1084,0x0883,0x10a4,0x0884,0x10a3,
  0x0884,0x10a4,0x0883,0x10a4,0x0884,0x1083,0x08a4,0x1084,0x08a4,0x1084,0x0883,0x10a4,0x0883,0x10a4,0x0884,0x1084,
  0x08a4,0x1083,0x0884,0x10a4,0x0884,0x1084,0x08a3,0x1084,0x08a4,0x1083,0x08a4,0x1084,0x08a3,0x1084,0x0884,0x10a3,
  0x0884,0x10a4,0x0883,0x10a4,0x0883,0x1084,0x08a4,0x1083,0x08a4,0x1084,0x0883,0x10a4,0x0884,0x10a4,0x0884,0x10a3,
  0x0884,0x10a4,0x0883,0x10a4,0x0884,0x10a3,0x0884,0x10a4,0x0884,0x10a3,0x0884,0x10a4,0x0883,0x10a4,0x0884,0x10a4,
  0x0883,0x10a4,0x0883,0x10a4,0x0884,0x10a3,0x0884,0x10a4,0x0883,0x10a4,0x0884,0x1084,0x08a4,0x1084,0x0883,0x1084,
  0x08a4,0x1084,0x08a4,0x1083,0x08a4,0x1084,0x08a3,0x1084,0x08a4,0x1083,0x08a4,0x1084,0x0883,0x10a4,0x0884,0x10a3,
  0x0884,0x10a4,0x0883,0x1084,0x08a4,0x1083,0x08a4,0x1084,0x0883,0x10a4,0x0884,0x10a3,0x0884,0x1083,0x08a4,0x1084,
  0x0883,0x10a4,0x0884,0x1083,0x08a4,0x1084,0x08a3,0x1084,0x08a4,0x1083,0x08a4,0x1084,0x0884,0x10a3,0x0884,0x10a4,
  0x0883,0x10a4,0x0884,0x0883,0x10a4,0x0884,0x10a3,0x0884,0x1084,0x08a3,0x1084,0x08a4,0x1083,0x0884,0x10a4,0x0883,
  0x1084,0x08a4,0x1083,0x0884,0x08a4,0x1083,0x10a4,0x0884,0x10a3,0x0884,0x10a4,0x0883,0x1084,0x08a4,0x1083,0x08a4,
  0x1084,0x08a3,0x1084,0x0884,0x10a3,0x0884,0x10a4,0x0883,0x10a4,0x0884,0x10a3,0x0884,0x1084,0x08a3,0x1084,0x1084,
  0x0883,0x10a4,0x0884,0x1083,0x08a4,0x1084,0x08a3,0x0884,0x10a4,0x0883,0x10a4,0x0884,0x10a3,0x0884,0x10a4,0x0883,
  0x10a4,0x0884,0x08a3,0x1084,0x08a4,0x0883,0x10a4,0x0884,0x1083,0x1084,0x08a4,0x1084,0x10a4,0x08a4,0x1084,0x08a4,
  0x0884,0x10a3,0x0884,0x10a4,0x0883,0x1084,0x10a4,0x08a4,0x10a4,0x0884,0x10a4,0x0884,0x10a4,0x08a4,0x10a4,0x0884,
  0x10a4,0x10c4,0x08a4,0x1084,0x10a4,0x08a4,0x10a4,0x08a4,0x1084,0x10a4,0x08a4,0x10c5,0x10a4,0x10a4,0x10c5,0x10a4,
  0x10c4,0x10a4,0x10c5,0x10c4,0x10c4,0x10a5,0x08c4,0x10c4,0x10c5,0x08a4,0x10a5,0x08e5,0x10c5,0x10a4,0x10a4,0x08a4,
  0x0884,0x10e5,0x0905,0x0146,0x01a6,0x1bee,0x2cd1,0x35b4,0x1594,0x15d4,0x1db4,0x1d94,0x3594,0x140f,0x23ad,0x01c7,
  0x09a7,0x0925,0x1146,0x10e4,0x1105,0x1105,0x0125,0x0146,0x0925,0x0925,0x0926,0x0946,0x0186,0x09e8,0x238d,0x1c2f,
  0x3574,0x2594,0x1db4,0x1dd4,0x1d93,0x2db3,0x2d52,0x1bcd,0x0146,0x0946,0x10c5,0x10a4,0x08c4,0x10a4,0x08c4,0x10c4,
  0x10a4,0x18a5,0x10a4,0x10a5,0x10c4,0x10c4,0x10c5,0x10a5,0x10c4,0x10a4,0x08c5,0x08a4,0x10c4,0x10a5,0x10c5,0x10a4,
  0x10e4,0x10a4,0x10c4,0x10a4,0x10c4,0x08a4,0x10c5,0x08a4,0x10a5,0x10c4,0x10a4,0x10c4,0x10a4,0x10a4,0x10a5,0x10c4,
  0x08a4,0x1084,0x08a4,0x1084,0x08a4,0x10a4,0x1084,0x0883,0x10a4,0x0884,0x10a3,0x0884,0x10a4,0x0884,0x10a4,0x08a4,
  0x1084,0x10a4,0x0884,0x0883,0x10a4,0x0884,0x10a4,0x0884,0x08a3,0x1084,0x08a4,0x0883,0x1084,0x08a4,0x1083,0x08a4,
  0x1084,0x08a3,0x1084,0x08a4,0x1083,0x08a4,0x1084,0x08a3,0x1084,0x08a4,0x1084,0x08a4,0x1083,0x0884,0x10a4,0x0883,
  0x10a4,0x0884,0x10a3,0x0884,0x1084,0x08a4,0x1083,0x08a4,0x1084,0x08a4,0x1083,0x08a4,0x1084,0x08a3,0x1084,0x08a4,
  0x1083,0x0884,0x10a4,0x0883,0x10a4,0x0884,0x1083,0x08a4,0x1084,0x08a3,0x1084,0x08a4,0x1083,0x08a4,0x1084,0x08a3,
  0x1084,0x08a4,0x1083,0x08a4,0x1084,0x08a3,0x0884,0x10a4,0x0883,0x10a4,0x0883,0x10a4,0x0884,0x10a4,0x0883,0x10a4,
  0x0884,0x08a3,0x1084,0x08a4,0x1084,0x08a4,0x1083,0x08a4,0x1084,0x08a3,0x1084,0x08a4,0x1084,0x08a3,0x1084,0x08a4,
  0x1084,0x08a3,0x0884,0x10a4,0x0883,0x08a4,0x1084,0x08a3,0x0884,0x1084,0x08a3,0x1084,0x08a4,0x1083,0x08a4,0x1084,
  0x08a3,0x1084,0x08a4,0x1083,0x08a4,0x1083,0x08a4,0x1084,0x08a3,0x0884,0x1084,0x08a3,0x1084,0x08a4,0x1083,0x08a4,
  0x0884,0x10a3,0x0884,0x10a4,0x0883,0x10a4,0x0884,0x10a3,0x0884,0x10a3,0x0884,0x10a4,0x0884,0x1083,0x08a4,0x1083,
  0x08a4,0x1084,0x08a3,0x1084,0x08a3,0x1084,0x08a4,0x1083,0x08a4,0x1084,0x08a3,0x1084,0x08a4,0x0883,0x10a4,0x0884,
  0x10a3,0x0884,0x08a4,0x1083,0x08a4,0x1084,0x08a3,0x1084,0x08a4,0x1083,0x08a4,0x1084,0x08a3,0x1084,0x08a3,0x1084,
  0x08a4,0x0883,0x10a4,0x0884,0x10a3,0x0884,0x1084,0x08a3,0x1084,0x08a4,0x1083,0x08a4,0x1084,0x08a3,0x0884,0x10a3,
  0x0884,0x10a4,0x0884,0x10a3,0x0884,0x10a4,0x0883,0x08a4,0x1084,0x0883,0x08a4,0x1083,0x08a4,0x1083,0x08a4,0x10a4,
  0x0883,0x10a4,0x0883,0x08a4,0x1084,0x08a3,0x1084,0x08a4,0x1083,0x08a4,0x1084,0x08a3,0x0884,0x10a4,0x0883,0x0884,
  0x10a4,0x0883,0x08a4,0x1084,0x08a3,0x0884,0x10a4,0x0883,0x10a4,0x0884,0x10a3,0x0884,0x10a4,0x0884,0x08a3,0x1084,
  0x08a4,0x0883,0x10a4,0x0884,0x10a3,0x0884,0x10a4,0x0883,0x10a4,0x0884,0x1083,0x08a4,0x1084,0x08a4,0x1083,0x0884,
  0x10a4,0x0883,0x10a4,0x0884,0x10a3,0x0884,0x10a4,0x0883,0x10a4,0x0884,0x08a3,0x1084,0x08a4,0x1083,0x08a4,0x1084,
  0x08a3,0x0884,0x10a4,0x0883,0x10a4,0x0884,0x08a3,0x1084,0x08a4,0x1083,0x0884,0x10a4,0x0883,0x10a4,0x0884,0x0883,
  0x10a4,0x0884,0x10a3,0x0884,0x08a4,0x1083,0x08a4,0x1084,0x08a3,0x1084,0x0884,0x10a3,0x0884,0x10a4,0x0883,0x08a4,
  0x1084,0x08a4,0x1083,0x08a4,0x1084,0x0883,0x10a4,0x0884,0x1083,0x08a4,0x0884,0x10a3,0x0884,0x1084,0x08a3,0x0884,
  0x1084,0x08a4,0x1084,0x0883,0x1084,0x08a4,0x1083,0x08a4,0x10a4,0x0884,0x08a4,0x08a4,0x1084,0x0883,0x08a4,0x1083,
  0x08a4,0x1084,0x08a4,0x1083,0x08a4,0x10a4,0x10a4,0x0884,0x10c4,0x10a4,0x10a4,0x10a4,0x08a4,0x10c4,0x0884,0x08a4,
  0x10a4,0x08a4,0x10a4,0x08a4,0x10c5,0x10c4,0x10c4,0x10c5,0x08c4,0x10c5,0x10a4,0x10a4,0x10c4,0x08a5,0x08a4,0x10c5,
  0x08a4,0x10c5,0x10a4,0x08a5,0x10a4,0x10c4,0x10c5,0x10c5,0x10a4,0x10a5,0x10a5,0x08c5,0x10c4,0x08a4,0x08a4,0x10a3,
  0x10a4,0x18e6,0x0905,0x0186,0x23cd,0x2d93,0x2d94,0x1d95,0x1dd5,0x1db4,0x2574,0x3d33,0x1b8d,0x0a08,0x0166,0x0945,
  0x1105,0x10e4,0x10e5,0x10c4,0x10c4,0x10e5,0x10c4,0x08e5,0x08e5,0x08e5,0x1105,0x1105,0x0925,0x0926,0x0987,0x09c7,
  0x23cf,0x3554,0x2574,0x15d4,0x15d5,0x1db4,0x1db4,0x2574,0x1b6d,0x0966,0x10c6,0x18e5,0x08e5,0x08c4,0x10a4,0x08a4,
  0x10a4,0x18a5,0x1885,0x10a4,0x10c5,0x10a4,0x08a4,0x08a4,0x10a4,0x08c5,0x1084,0x10c4,0x10a4,0x10a4,0x10a4,0x08c4,
  0x10c5,0x0884,0x10a4,0x08a5,0x10a4,0x10a5,0x10c4,0x10a4,0x08a4,0x10a4,0x08a5,0x10a4,0x08a4,0x10a4,0x08a4,0x10a4,
  0x10a4,0x0884,0x10a4,0x10a4,0x1084,0x10a4,0x0884,0x10a3,0x0884,0x10a4,0x0884,0x10a3,0x0884,0x10a3,0x10a4,0x0884,
  0x0883,0x10a4,0x10a4,0x0884,0x10a4,0x1084,0x08a3,0x1084,0x08a4,0x1083,0x0884,0x10a4,0x0883,0x10a4,0x0884,0x1083,
  0x08a4,0x0884,0x10a3,0x0884,0x10a4,0x0884,0x08a3,0x1084,0x0884,0x08a3,0x1084,0x0883,0x08a4,0x1084,0x08a3,0x1084,
  0x08a4,0x1083,0x0884,0x10a4,0x0883,0x08a4,0x1084,0x0883,0x10a4,0x0883,0x08a4,0x1084,0x08a4,0x1084,0x0883,0x10a4,
  0x0884,0x10a3,0x0884,0x10a4,0x0883,0x10a4,0x0884,0x10a3,0x0884,0x10a4,0x0883,0x10a4,0x0884,0x08a4,0x1083,0x0884,
  0x10a4,0x0883,0x1084,0x08a4,0x0883,0x1084,0x08a4,0x1083,0x0884,0x1084,0x08a4,0x0883,0x1084,0x08a3,0x1084,0x0884,
  0x10a3,0x0884,0x1084,0x08a3,0x1084,0x08a3,0x1084,0x08a4,0x1083,0x08a4,0x1084,0x0883,0x10a4,0x0884,0x1083,0x08a4,
  0x0883,0x10a4,0x0884,0x10a3,0x0884,0x1084,0x08a3,0x1084,0x08a4,0x1083,0x08a4,0x1084,0x0883,0x10a4,0x0884,0x1083,
  0x08a4,0x1084,0x08a3,0x0884,0x10a4,0x0884,0x10a3,0x0884,0x1084,0x08a3,0x1084,0x08a4,0x0883,0x10a4,0x0884,0x1083,
  0x08a4,0x1084,0x0883,0x10a4,0x0884,0x10a3,0x0884,0x0884,0x10a3,0x0884,0x10a4,0x0883,0x10a4,0x0884,0x10a3,0x0884,
  0x10a4,0x0883,0x10a4,0x0884,0x1084,0x08a3,0x1084,0x08a4,0x1083,0x08a4,0x1084,0x0883,0x10a4,0x0884,0x10a3,0x0884,
  0x0884,0x10a3,0x0884,0x1084,0x08a3,0x1084,0x08a4,0x1083,0x08a4,0x1084,0x08a3,0x0884,0x1084,0x08a3,0x1084,0x0884,
  0x1083,0x08a4,0x1084,0x0883,0x10a4,0x0884,0x10a3,0x0884,0x1083,0x08a4,0x0884,0x1083,0x08a4,0x1084,0x0884,0x10a4,
  0x0883,0x1084,0x08a4,0x0884,0x1083,0x08a4,0x1084,0x0883,0x10a4,0x0884,0x10a4,0x0884,0x10a3,0x0884,0x1084,0x0883,
  0x10a4,0x0884,0x1084,0x08a3,0x1084,0x0884,0x08a3,0x1084,0x0884,0x1083,0x08a4,0x1084,0x08a3,0x1084,0x08a4,0x1083,
  0x0884,0x10a4,0x0883,0x10a4,0x0884,0x10a3,0x0884,0x10a4,0x0883,0x10a4,0x0884,0x0884,0x10a3,0x0884,0x1084,0x08a3,
  0x1084,0x08a4,0x1083,0x08a4,0x0884,0x10a3,0x0884,0x0884,0x10a3,0x0884,0x10a4,0x0883,0x10a4,0x0883,0x10a4,0x0884,
  0x08a3,0x1084,0x08a4,0x1083,0x08a4,0x1084,0x0883,0x10a4,0x0884,0x10a3,0x0884,0x1084,0x08a3,0x0884,0x1084,0x08a3,
  0x1084,0x08a4,0x1083,0x08a4,0x1084,0x08a3,0x1084,0x0884,0x10a3,0x0884,0x08a4,0x1083,0x08a4,0x0884,0x10a3,0x0884,
  0x10a4,0x0883,0x08a4,0x1084,0x08a3,0x1084,0x0884,0x10a3,0x0884,0x10a4,0x0883,0x08a4,0x1084,0x08a3,0x1084,0x0884,
  0x08a4,0x1083,0x08a4,0x1084,0x08a3,0x1084,0x08a4,0x1083,0x08a4,0x1084,0x08a3,0x1084,0x08a4,0x0883,0x10a4,0x0884,
  0x10a3,0x0884,0x10a3,0x08a4,0x1084,0x08a4,0x10a4,0x1084,0x08a4,0x1084,0x10a3,0x0884,0x10a4,0x0884,0x10a3,0x0884,
  0x10a4,0x0883,0x1084,0x08a4,0x1084,0x10c4,0x08c5,0x10a4,0x10c5,0x10a4,0x10c4,0x10c5,0x10a4,0x10c5,0x10c4,0x08a4,
  0x10c5,0x10a4,0x10c5,0x08a4,0x10c5,0x10c5,0x10c4,0x10a4,0x10c5,0x10c4,0x10c4,0x10c5,0x10c5,0x10c4,0x10c4,0x10c4,
  0x10a5,0x10a4,0x10e4,0x10c4,0x10c5,0x10c4,0x08a4,0x10c5,0x10c4,0x10c5,0x10c5,0x10c5,0x08c4,0x10c5,0x10c4,0x08a4,
  0x10a4,0x10c5,0x0926,0x01a7,0x3594,0x1d73,0x25b5,0x1db4,0x1dd5,0x2574,0x2d34,0x1b6d,0x0208,0x0946,0x0945,0x0905,
  0x1105,0x08e4,0x10c4,0x10c4,0x08a4,0x10c5,0x0884,0x10c5,0x10e4,0x10e5,0x08e4,0x10e4,0x1105,0x08c4,0x1146,0x0167,
  0x09e7,0x23ef,0x2d53,0x1d94,0x1db4,0x15b3,0x15d4,0x25b4,0x34f3,0x0188,0x0906,0x10c5,0x08e4,0x08c4,0x10c4,0x08c4,
  0x10a4,0x10a5,0x18a5,0x10a4,0x10c5,0x10c4,0x10c5,0x10c4,0x10c4,0x10c4,0x10c5,0x10c4,0x10c5,0x10c4,0x08c5,0x10a4,
  0x10c5,0x10c4,0x08c5,0x10c4,0x10c4,0x08c5,0x10c4,0x10c5,0x10c5,0x10c4,0x10a4,0x08c4,0x10a4,0x10c4,0x10a5,0x08c4,
  0x10a4,0x10a4,0x10a4,0x10a4,0x10a4,0x08a4,0x10c4,0x0884,0x10a3,0x0884,0x10a4,0x0884,0x10a4,0x0884,0x1084,0x10a4,
  0x10a4,0x0884,0x10a4,0x0884,0x08a3,0x10a4,0x0884,0x10a4,0x08a4,0x1084,0x08a4,0x10a4,0x0884,0x10a3,0x0884,0x08a4,
  0x1083,0x08a4,0x1084,0x0883,0x08a4,0x1083,0x0884,0x10a4,0x0883,0x10a4,0x0884,0x10a4,0x0883,0x10a4,0x0884,0x10a3,
  0x0884,0x08a4,0x1084,0x08a3,0x1084,0x08a3,0x1084,0x08a4,0x0884,0x10a4,0x1083,0x08a4,0x1083,0x08a4,0x1084,0x08a3,
  0x1084,0x08a4,0x1084,0x08a3,0x0884,0x10a4,0x0884,0x10a4,0x0883,0x08a4,0x1084,0x08a3,0x1084,0x0883,0x10a4,0x0884,
  0x10a3,0x0884,0x08a4,0x1084,0x10a4,0x0883,0x10a4,0x0884,0x10a3,0x08a4,0x1083,0x08a4,0x1084,0x08a4,0x0883,0x10a4,
  0x0884,0x10a3,0x0884,0x10a4,0x0883,0x10a4,0x0884,0x1083,0x08a4,0x1084,0x08a3,0x1084,0x08a3,0x1084,0x08a4,0x1083,
  0x08a4,0x1084,0x08a3,0x1084,0x08a4,0x1083,0x08a4,0x1084,0x08a3,0x1084,0x08a4,0x1083,0x08a4,0x1084,0x08a3,0x0884,
  0x10a4,0x0883,0x10a4,0x0884,0x1083,0x08a4,0x1084,0x08a3,0x1084,0x08a4,0x1083,0x08a4,0x1084,0x0883,0x10a4,0x0884,
  0x10a3,0x0884,0x10a4,0x0883,0x10a4,0x0884,0x10a3,0x0884,0x10a4,0x0884,0x10a3,0x0884,0x10a3,0x0884,0x08a4,0x1083,
  0x08a4,0x1084,0x0883,0x08a4,0x1083,0x08a4,0x0884,0x1083,0x08a4,0x0884,0x10a3,0x0884,0x10a4,0x0883,0x10a4,0x0884,
  0x10a3,0x0884,0x10a4,0x0883,0x10a4,0x0884,0x10a3,0x0884,0x10a4,0x0883,0x10a4,0x0884,0x10a3,0x0884,0x10a4,0x08a3,
  0x1084,0x08a4,0x1083,0x08a4,0x1084,0x08a3,0x1084,0x08a4,0x0884,0x10a3,0x0884,0x10a4,0x0883,0x10a4,0x0883,0x10a4,
  0x0884,0x10a3,0x0884,0x10a3,0x0884,0x10a4,0x0883,0x10a4,0x0884,0x10a3,0x0884,0x10a3,0x0884,0x10a4,0x08a3,0x1084,
  0x08a4,0x1083,0x08a4,0x1084,0x08a3,0x1084,0x08a4,0x1083,0x08a4,0x08a4,0x1083,0x0884,0x10a4,0x0883,0x10a4,0x0884,
  0x10a3,0x0884,0x10a4,0x0883,0x10a4,0x0884,0x1083,0x08a4,0x1084,0x08a3,0x1084,0x08a3,0x1084,0x08a4,0x1083,0x08a4,
  0x1084,0x08a3,0x1084,0x08a4,0x1083,0x0884,0x10a4,0x0883,0x10a4,0x0884,0x10a3,0x0884,0x10a4,0x0884,0x08a3,0x1084,
  0x0884,0x10a3,0x0884,0x10a4,0x0883,0x10a4,0x0884,0x08a4,0x1083,0x08a4,0x1084,0x08a3,0x1084,0x08a4,0x1083,0x08a4,
  0x1084,0x08a3,0x1084,0x08a4,0x1083,0x0884,0x10a4,0x0883,0x10a4,0x0884,0x10a3,0x0884,0x10a4,0x0883,0x10a4,0x0884,
  0x1083,0x08a4,0x1084,0x08a3,0x1084,0x08a4,0x1083,0x08a4,0x1084,0x08a3,0x1084,0x08a4,0x1083,0x0884,0x10a4,0x08a3,
  0x1084,0x08a4,0x0883,0x1084,0x08a4,0x0884,0x10a3,0x0884,0x10a4,0x0884,0x1084,0x08a3,0x1084,0x08a4,0x1084,0x0883,
  0x10a4,0x10a4,0x0884,0x10a4,0x0884,0x1083,0x08a4,0x1084,0x08a4,0x1083,0x08a5,0x1084,0x08a3,0x10a5,0x1084,0x08a4,
  0x08a4,0x1084,0x08a4,0x10a4,0x08a4,0x10c4,0x1084,0x10c4,0x08a4,0x10c4,0x10a5,0x08a4,0x10c4,0x10a4,0x10c4,0x1084,
  0x10c4,0x08a4,0x10a4,0x10a4,0x10c4,0x10c5,0x10c5,0x08c4,0x10c4,0x10a5,0x10c4,0x10c5,0x08c4,0x10a4,0x10c5,0x10c4,
  0x10c5,0x10c4,0x10a5,0x10c5,0x08c4,0x10c5,0x10c4,0x10c5,0x10a5,0x18c5,0x10c5,0x10c5,0x08c4,0x08c4,0x10c4,0x10c4,
  0x10a5,0x1125,0x01a7,0x33ef,0x2d94,0x25d5,0x1db4,0x1db4,0x1db4,0x2d74,0x1bae,0x0a29,0x01a7,0x00e4,0x1106,0x0904,
  0x08e4,0x08e4,0x08c4,0x08a4,0x18a4,0x18a4,0x18a5,0x10a5,0x08a4,0x08c4,0x10e4,0x08c4,0x10c4,0x10e5,0x1105,0x0105,
  0x09a7,0x0a29,0x1c0f,0x2d74,0x25b4,0x15d4,0x1d93,0x2594,0x3574,0x2bcf,0x0946,0x08e5,0x08e5,0x08e4,0x10c4,0x10c4,
  0x08a4,0x1084,0x10a5,0x10c4,0x10c5,0x10a4,0x10c4,0x10c5,0x10c4,0x10a5,0x10c4,0x10a4,0x10c5,0x08a4,0x10c5,0x10c4,
  0x10c4,0x10c5,0x10c4,0x10c5,0x10c4,0x10c5,0x10c4,0x10c5,0x10a4,0x08a4,0x10a5,0x10c4,0x10a5,0x08c4,0x10a4,0x10c4,
  0x0884,0x10a4,0x08a4,0x10a4,0x08a4,0x08a4,0x10a5,0x1084,0x08a4,0x1084,0x08a4,0x1083,0x10a4,0x08a4,0x0883,0x08a4,
  0x1084,0x08a4,0x1083,0x08a4,0x1084,0x0884,0x10a4,0x0884,0x10a4,0x0884,0x10a4,0x1084,0x08a4,0x1084,0x08a3,0x1084,
  0x0884,0x1084,0x08a3,0x1084,0x08a4,0x1084,0x08a3,0x1084,0x08a4,0x1083,0x08a4,0x1083,0x08a4,0x1084,0x0883,0x0884,
  0x10a4,0x0883,0x10a4,0x0884,0x10a4,0x0884,0x10a3,0x0884,0x1083,0x08a4,0x0884,0x1083,0x08a4,0x0884,0x1083,0x08a4,
  0x0884,0x1083,0x08a4,0x1084,0x0883,0x10a4,0x0883,0x0884,0x10a4,0x0883,0x1084,0x0884,0x10a4,0x0884,0x10a3,0x0884,
  0x08a4,0x1084,0x10a3,0x0884,0x0883,0x10a4,0x0884,0x10a3,0x0884,0x1084,0x0884,0x10a3,0x0884,0x1083,0x08a4,0x1084,
  0x08a3,0x1084,0x08a4,0x1083,0x0884,0x1084,0x08a3,0x1084,0x08a4,0x1083,0x0884,0x08a4,0x1084,0x08a3,0x1084,0x0884,
  0x10a4,0x0883,0x1084,0x08a4,0x1083,0x08a4,0x1084,0x0884,0x10a4,0x0883,0x1084,0x08a4,0x0883,0x10a4,0x0884,0x10a3,
  0x0884,0x1084,0x0883,0x10a4,0x0884,0x10a3,0x0884,0x0884,0x10a3,0x0884,0x10a4,0x0883,0x10a4,0x0884,0x10a3,0x0884,
  0x1084,0x08a3,0x1084,0x0884,0x08a4,0x1083,0x0884,0x10a4,0x0883,0x1084,0x08a4,0x0884,0x1084,0x08a3,0x1084,0x0884,
  0x1083,0x08a4,0x1084,0x08a4,0x1084,0x08a3,0x1084,0x08a4,0x1084,0x0883,0x10a4,0x0884,0x1083,0x08a4,0x1084,0x0883,
  0x10a4,0x0884,0x10a3,0x0884,0x1084,0x08a3,0x1084,0x0884,0x0883,0x10a4,0x0884,0x1083,0x08a4,0x1084,0x0883,0x1084,
  0x08a4,0x1083,0x08a4,0x1084,0x0883,0x08a4,0x1084,0x0883,0x10a4,0x0884,0x10a3,0x0884,0x1084,0x08a4,0x1084,0x0883,
  0x10a4,0x0884,0x10a3,0x0884,0x10a4,0x0883,0x10a4,0x0884,0x10a3,0x0884,0x1084,0x08a4,0x1083,0x0884,0x0884,0x10a4,
  0x0883,0x08a4,0x1084,0x0883,0x10a4,0x0884,0x1083,0x08a4,0x1084,0x0884,0x10a4,0x0883,0x1084,0x08a4,0x1083,0x08a4,
  0x1084,0x08a3,0x1084,0x0884,0x1083,0x08a4,0x1084,0x08a4,0x0883,0x1084,0x08a4,0x1084,0x08a3,0x1084,0x08a4,0x1083,
  0x0884,0x10a4,0x0884,0x1083,0x08a4,0x1084,0x08a4,0x1084,0x0883,0x10a4,0x0884,0x0884,0x10a3,0x0884,0x1084,0x08a3,
  0x1084,0x08a4,0x1083,0x0884,0x10a4,0x0884,0x10a3,0x0884,0x1084,0x08a3,0x1084,0x08a4,0x1084,0x08a3,0x1084,0x0884,
  0x10a3,0x0884,0x1084,0x0883,0x10a4,0x0884,0x10a3,0x0884,0x1084,0x08a4,0x1084,0x0883,0x10a4,0x0884,0x1084,0x08a3,
  0x1084,0x08a4,0x1084,0x0884,0x10a3,0x0884,0x10a4,0x0884,0x1083,0x0884,0x10a4,0x0884,0x10a4,0x0883,0x1084,0x0884,
  0x0883,0x10a4,0x0884,0x10a3,0x0884,0x10a3,0x0884,0x10a4,0x0883,0x10a4,0x0883,0x10a4,0x0884,0x1083,0x08a4,0x10a4,
  0x0884,0x1084,0x08a4,0x1084,0x08a4,0x1084,0x08a4,0x10a4,0x08a4,0x0884,0x10a4,0x0883,0x10a4,0x0884,0x10a3,0x0884,
  0x10a4,0x10a4,0x08a4,0x10a4,0x1083,0x10c5,0x08a4,0x10c5,0x10a4,0x10c4,0x10a4,0x10c4,0x08c5,0x10c5,0x10c4,0x10c5,
  0x10c5,0x10c4,0x10c5,0x10c5,0x10c4,0x08c4,0x10a4,0x10c5,0x10c4,0x10c5,0x10c4,0x10c5,0x10c4,0x10c5,0x10c4,0x10a4,
  0x10c5,0x08c4,0x10c4,0x10a4,0x10c5,0x10a4,0x10c4,0x10c5,0x10c4,0x10c4,0x10c5,0x10e4,0x08c5,0x08e4,0x10c5,0x10c5,
  0x1125,0x0925,0x01e7,0x34d2,0x2532,0x1d93,0x15d5,0x1dd5,0x2594,0x3533,0x12cb,0x0145,0x0946,0x1105,0x10e4,0x08e4,
  0x00e4,0x00e4,0x08c4,0x10c4,0x18a5,0x18a4,0x18a5,0x18a5,0x10c5,0x10c4,0x10c5,0x10c4,0x08a4,0x08a4,0x08c5,0x1947,
  0x0125,0x0165,0x230b,0x4554,0x1d53,0x1573,0x2df5,0x1554,0x2554,0x2cd2,0x0208,0x0925,0x1105,0x10e4,0x08c4,0x10a4,
  0x08a4,0x10a4,0x10c5,0x10c4,0x10c5,0x10c4,0x08c5,0x10c5,0x10c5,0x10c4,0x10c5,0x10c4,0x10c5,0x10c4,0x10c4,0x10c5,
  0x10c4,0x10c5,0x10c4,0x10c5,0x10c4,0x10c5,0x10c5,0x10c4,0x10c4,0x10c4,0x10c4,0x10c5,0x10c4,0x10c4,0x10c5,0x10c4,
  0x10a4,0x10a4,0x10c5,0x0884,0x10c5,0x1084,0x08a4,0x1083,0x08a4,0x10a4,0x0884,0x10a4,0x0884,0x08a5,0x10a4,0x0884,
  0x10a4,0x10a4,0x0884,0x10a4,0x10a4,0x0884,0x10a4,0x0884,0x10a3,0x0884,0x08a3,0x1084,0x08a3,0x1084,0x0884,0x10a3,
  0x08a4,0x1083,0x08a4,0x1084,0x08a3,0x1084,0x08a4,0x1083,0x08a4,0x1084,0x08a4,0x1084,0x0883,0x10a4,0x08a4,0x1084,
  0x08a3,0x1084,0x08a4,0x1083,0x0884,0x10a3,0x0884,0x10a4,0x0884,0x10a3,0x0884,0x10a4,0x0883,0x10a4,0x0884,0x10a4,
  0x0883,0x10a4,0x0884,0x10a3,0x0884,0x10a4,0x0884,0x10a3,0x0884,0x10a4,0x08a3,0x1084,0x08a3,0x1084,0x08a4,0x1083,
  0x08a4,0x1083,0x0884,0x10a4,0x0884,0x10a3,0x0884,0x0884,0x10a4,0x08a3,0x1084,0x08a4,0x1084,0x08a4,0x1083,0x08a4,
  0x1084,0x0884,0x10a3,0x0884,0x08a4,0x10a4,0x0884,0x08a3,0x1084,0x08a4,0x1084,0x08a3,0x1084,0x08a4,0x0883,0x10a4,
  0x0883,0x10a4,0x0884,0x10a4,0x0884,0x1083,0x08a4,0x1083,0x08a4,0x0884,0x10a3,0x0884,0x10a4,0x0883,0x1084,0x08a4,
  0x1083,0x08a4,0x10a4,0x0883,0x10a4,0x0884,0x10a3,0x0884,0x10a4,0x0884,0x10a3,0x0884,0x10a4,0x0884,0x08a4,0x1083,
  0x08a4,0x1084,0x08a4,0x1083,0x08a4,0x1084,0x08a4,0x1083,0x08a4,0x0884,0x10a3,0x0884,0x10a3,0x0884,0x10a4,0x08a3,
  0x0884,0x10a4,0x0883,0x10a4,0x0883,0x10a4,0x0884,0x10a3,0x0884,0x10a4,0x0884,0x10a3,0x0884,0x08a4,0x1084,0x08a4,
  0x1083,0x08a4,0x1084,0x08a4,0x1083,0x08a4,0x0884,0x10a4,0x08a4,0x1083,0x08a4,0x1084,0x08a4,0x0883,0x10a4,0x08a4,
  0x0884,0x10a4,0x0883,0x08a4,0x1084,0x08a4,0x1083,0x08a4,0x1084,0x08a3,0x1084,0x08a4,0x1083,0x08a4,0x0883,0x10a4,
  0x0884,0x10a3,0x0884,0x1084,0x08a3,0x1084,0x0884,0x08a4,0x1084,0x08a3,0x1084,0x08a3,0x0884,0x10a4,0x08a3,0x1084,
  0x08a4,0x1083,0x08a4,0x1084,0x08a3,0x1084,0x08a4,0x1084,0x08a3,0x1084,0x08a3,0x10a4,0x0884,0x10a4,0x0884,0x1083,
  0x08a4,0x1084,0x08a4,0x10a3,0x0884,0x10a4,0x0883,0x10a4,0x0884,0x10a4,0x0883,0x10a4,0x0884,0x08a3,0x1084,0x08a4,
  0x1084,0x08a3,0x1084,0x08a4,0x1084,0x08a3,0x1084,0x08a3,0x1084,0x08a4,0x1083,0x08a4,0x1084,0x08a3,0x1084,0x08a4,
  0x1083,0x08a4,0x1084,0x08a4,0x0883,0x10a4,0x0884,0x10a3,0x0884,0x10a4,0x0884,0x1083,0x08a4,0x1084,0x08a4,0x1083,
  0x08a4,0x0884,0x10a4,0x08a4,0x0883,0x10a4,0x0884,0x10a4,0x0883,0x08a4,0x1083,0x08a4,0x1084,0x08a3,0x1084,0x08a4,
  0x1084,0x08a3,0x1084,0x08a3,0x1084,0x08a4,0x1083,0x08a4,0x08a4,0x1084,0x08a3,0x1084,0x08a3,0x1084,0x08a4,0x10a3,
  0x1084,0x08a4,0x1083,0x08a4,0x1084,0x0884,0x10a4,0x0883,0x1084,0x08a4,0x1084,0x0883,0x10a4,0x0884,0x1083,0x08a4,
  0x1084,0x08a3,0x1084,0x08a3,0x10a5,0x10a3,0x0884,0x1084,0x0884,0x10a3,0x0884,0x10a4,0x0884,0x10a3,0x0884,0x10c4,
  0x0884,0x10a4,0x08a3,0x08a5,0x08a4,0x10c4,0x1084,0x10c4,0x10a5,0x10c4,0x10a5,0x10a4,0x10a4,0x10c4,0x10a5,0x10c4,
  0x10a4,0x10c5,0x10a4,0x10c4,0x10c5,0x10c4,0x10c4,0x10c5,0x10c4,0x10a4,0x10c5,0x10a4,0x10c5,0x10a4,0x10c5,0x10c4,
  0x08a4,0x10c5,0x10c5,0x10c4,0x10c5,0x10c4,0x10c5,0x10c4,0x10c5,0x18c4,0x10a5,0x10c4,0x08e4,0x08e4,0x10c4,0x18e5,
  0x0905,0x01c8,0x2c50,0x2d54,0x3e16,0x1dd5,0x0d93,0x1d93,0x3553,0x1b8c,0x01e7,0x0126,0x1105,0x08a4,0x10e4,0x08c4,
  0x08e4,0x0904,0x0904,0x10c4,0x18c5,0x1885,0x18a5,0x18c5,0x10c5,0x10c5,0x10c4,0x08c4,0x10c4,0x18e5,0x10a4,0x08c4,
  0x0925,0x01a7,0x01a7,0x236c,0x45b5,0x1d94,0x1d94,0x25b5,0x1d94,0x2573,0x1bef,0x0987,0x0906,0x0904,0x08e4,0x08a4,
  0x18a4,0x10c4,0x10c4,0x10c5,0x10e5,0x10c5,0x10c4,0x10c5,0x10c4,0x10e5,0x08a4,0x10c5,0x10a4,0x10c5,0x10c5,0x10c4,
  0x10c4,0x10a5,0x08c4,0x10a4,0x10c5,0x10a4,0x10c4,0x10c5,0x10a5,0x10c4,0x08c5,0x10c4,0x10a4,0x10c5,0x08a4,0x10c5,
  0x08a4,0x0884,0x10a4,0x1083,0x08a4,0x10c5,0x1083,0x08a4,0x1084,0x10a4,0x0883,0x10a5,0x10a4,0x0883,0x1084,0x08a3,
  0x1084,0x0884,0x10a4,0x0884,0x1084,0x08a3,0x1084,0x08a4,0x10a5,0x1084,0x08a4,0x08a4,0x1084,0x08a4,0x1083,0x0884,
  0x10a4,0x0884,0x10a4,0x0883,0x1084,0x08a4,0x1083,0x08a4,0x1084,0x0883,0x10a4,0x0883,0x10a4,0x0884,0x1083,0x08a4,
  0x1084,0x0883,0x10a4,0x0884,0x10a3,0x0884,0x10a4,0x0883,0x10a4,0x0884,0x10a3,0x0884,0x10a4,0x0883,0x10a4,0x0883,
  0x10a4,0x0884,0x10a3,0x0884,0x10a4,0x0883,0x10a4,0x0884,0x10a3,0x0884,0x1084,0x08a4,0x1084,0x08a3,0x1084,0x0884,
  0x10a4,0x0884,0x10a3,0x0884,0x10a3,0x0884,0x10a4,0x0883,0x1084,0x08a4,0x1083,0x08a4,0x1083,0x08a4,0x1084,0x0883,
  0x10a4,0x0883,0x08a4,0x1084,0x0883,0x10a4,0x0883,0x1084,0x08a4,0x1083,0x08a4,0x1084,0x0883,0x10a4,0x0884,0x10a4,
  0x0884,0x1084,0x08a3,0x1084,0x08a3,0x1084,0x08a4,0x0884,0x10a3,0x0884,0x10a4,0x0884,0x1083,0x08a4,0x1084,0x08a4,
  0x1084,0x0883,0x10a4,0x0884,0x0884,0x10a3,0x0884,0x10a4,0x0883,0x10a4,0x0884,0x1084,0x08a3,0x1084,0x0883,0x10a4,
  0x0884,0x10a3,0x0884,0x10a4,0x0883,0x10a4,0x0883,0x10a4,0x0884,0x10a3,0x0884,0x10a4,0x0884,0x10a3,0x0884,0x1084,
  0x08a4,0x1083,0x08a4,0x1084,0x0884,0x10a3,0x0884,0x1084,0x08a3,0x1084,0x08a3,0x0884,0x10a4,0x0883,0x10a4,0x0883,
  0x10a4,0x0884,0x1083,0x08a4,0x1084,0x08a4,0x1083,0x0884,0x10a3,0x0884,0x1084,0x08a3,0x1084,0x08a4,0x1084,0x0883,
  0x10a4,0x0883,0x1084,0x10a4,0x0883,0x10a4,0x0884,0x10a3,0x0884,0x1084,0x08a4,0x1083,0x08a4,0x1084,0x08a4,0x1083,
  0x08a4,0x1084,0x08a4,0x0883,0x10a4,0x0884,0x10a3,0x0884,0x10a3,0x0884,0x10a4,0x0884,0x10a3,0x0884,0x1084,0x08a3,
  0x1084,0x0884,0x10a3,0x0884,0x10a4,0x0884,0x10a3,0x0884,0x10a4,0x0883,0x1084,0x0884,0x10a3,0x0884,0x10a3,0x0884,
  0x10a4,0x0883,0x1084,0x0884,0x08a4,0x1083,0x08a4,0x1084,0x08a3,0x1084,0x08a4,0x1083,0x0884,0x10a4,0x0884,0x1083,
  0x08a4,0x1084,0x08a3,0x1084,0x08a3,0x1084,0x08a4,0x1084,0x08a3,0x1084,0x08a4,0x1083,0x08a4,0x1084,0x08a3,0x1084,
  0x08a4,0x1084,0x08a3,0x1084,0x0884,0x10a3,0x0884,0x1084,0x08a3,0x1084,0x08a3,0x0884,0x10a4,0x0883,0x10a4,0x0884,
  0x10a4,0x0883,0x1084,0x08a3,0x1084,0x08a4,0x1083,0x08a4,0x1084,0x08a3,0x1084,0x08a4,0x1083,0x08a4,0x1084,0x08a3,
  0x1084,0x0884,0x10a3,0x0884,0x1084,0x08a3,0x1084,0x0884,0x1083,0x08a4,0x1084,0x0883,0x10a4,0x0884,0x10a3,0x0884,
  0x08a4,0x1083,0x08a4,0x1084,0x08a3,0x10a4,0x0883,0x10a4,0x0884,0x10a3,0x08a4,0x1084,0x08a3,0x10a4,0x0884,0x10a3,
  0x0884,0x08a4,0x10a4,0x0884,0x10a4,0x0884,0x10a4,0x08a4,0x10a4,0x10a4,0x10a4,0x0884,0x08a5,0x10a4,0x10a5,0x10c4,
  0x10c5,0x10c4,0x10c5,0x10a4,0x10c4,0x08c5,0x10c4,0x10a4,0x10c4,0x08a4,0x10c4,0x10c4,0x10c4,0x10e5,0x10c5,0x10e4,
  0x08c5,0x10c4,0x10c4,0x10c5,0x10c5,0x10c4,0x10c5,0x10c5,0x10c4,0x10c5,0x10c4,0x10c4,0x10c5,0x10c4,0x10c5,0x10c4,
  0x10e5,0x10a4,0x10c4,0x10e5,0x10c5,0x10e5,0x10c5,0x10c5,0x10e4,0x10c5,0x10e4,0x10c4,0x08c4,0x08e5,0x10c5,0x10e5,
  0x0905,0x340f,0x3d94,0x2593,0x2594,0x1593,0x1e16,0x25b4,0x1bce,0x01e7,0x0145,0x0925,0x1926,0x10a4,0x08a4,0x10e4,
  0x08e5,0x08e4,0x10e5,0x10c5,0x10c5,0x18a5,0x18c5,0x18a5,0x18c5,0x10c5,0x10c4,0x10e4,0x10c4,0x10a4,0x18e5,0x08e4,
  0x1926,0x0104,0x0946,0x09c7,0x1bce,0x2dd5,0x1d33,0x1db4,0x1dd5,0x25b4,0x2d94,0x2bae,0x0926,0x10e5,0x08e4,0x10a4,
  0x08a3,0x10c4,0x10e5,0x10c5,0x10c4,0x10e5,0x18c5,0x10e4,0x10c5,0x10c4,0x18c4,0x10c4,0x10c5,0x10c4,0x08a4,0x10c5,
  0x10c5,0x10c4,0x10e5,0x10c4,0x10c4,0x10c5,0x10c4,0x10c5,0x10e4,0x10c5,0x10c5,0x10c4,0x10c5,0x10c4,0x08c4,0x10c5,
  0x10a4,0x10c5,0x10c4,0x10a5,0x10a4,0x08a4,0x10a5,0x10a4,0x10a4,0x10a5,0x10a4,0x0884,0x10a4,0x08a4,0x10a5,0x1084,
  0x08a3,0x10a4,0x0883,0x10a4,0x08a4,0x10a4,0x0884,0x10a3,0x0884,0x10a3,0x0884,0x10a4,0x0883,0x10a4,0x08a4,0x1084,
  0x08a3,0x1084,0x08a3,0x1084,0x08a4,0x1083,0x08a4,0x1084,0x08a4,0x1083,0x08a4,0x1084,0x08a4,0x10a3,0x0884,0x10a4,
  0x08a3,0x1084,0x08a4,0x1083,0x08a4,0x0884,0x10a4,0x0884,0x10a3,0x0884,0x10a4,0x0883,0x10a4,0x0884,0x10a4,0x0884,
  0x10a3,0x0884,0x10a4,0x0884,0x08a3,0x1084,0x08a4,0x1083,0x08a4,0x1084,0x08a3,0x1084,0x08a3,0x1084,0x08a4,0x10a3,
  0x0884,0x10a3,0x0884,0x10a4,0x0884,0x10a4,0x0883,0x10a4,0x08a4,0x1083,0x08a4,0x1084,0x08a4,0x1083,0x08a4,0x10a4,
  0x0884,0x10a4,0x0884,0x10a3,0x08a4,0x1084,0x08a4,0x10a4,0x0883,0x10a4,0x0884,0x10a3,0x08a4,0x1084,0x08a3,0x1084,
  0x08a3,0x10a4,0x0884,0x08a3,0x1084,0x08a4,0x1083,0x08a4,0x1084,0x08a3,0x1084,0x08a3,0x10a4,0x0884,0x10a3,0x0884,
  0x10a3,0x08a4,0x0884,0x10a3,0x08a4,0x1084,0x08a4,0x1083,0x08a4,0x1084,0x08a3,0x0884,0x10a4,0x0883,0x10a4,0x0884,
  0x10a4,0x0884,0x10a3,0x0884,0x10a4,0x0884,0x10a4,0x0883,0x10a4,0x0884,0x10a3,0x0884,0x10a4,0x0884,0x10a3,0x0884,
  0x10a4,0x0884,0x10a3,0x0884,0x10a4,0x0884,0x10a3,0x08a4,0x1084,0x08a4,0x1084,0x08a4,0x1083,0x08a4,0x1084,0x08a4,
  0x1084,0x08a3,0x10a4,0x0884,0x10a3,0x0884,0x10a4,0x08a3,0x1084,0x08a4,0x10a4,0x0884,0x10a3,0x0884,0x10a3,0x0884,
  0x10a4,0x0884,0x08a4,0x1083,0x08a4,0x1084,0x08a4,0x1084,0x08a3,0x10a4,0x0884,0x10a4,0x0883,0x10a4,0x0883,0x10a4,
  0x0884,0x08a3,0x1084,0x08a4,0x1084,0x08a3,0x1084,0x08a4,0x1084,0x08a3,0x1084,0x08a4,0x1084,0x08a3,0x1084,0x08a4,
  0x1083,0x08a4,0x1084,0x08a4,0x0883,0x10a4,0x0884,0x10a3,0x0884,0x10a4,0x08a4,0x1083,0x08a4,0x0884,0x10a4,0x0883,
  0x08a4,0x1084,0x08a3,0x10a4,0x0883,0x10a4,0x0884,0x10a3,0x0884,0x10a4,0x0883,0x10a4,0x0884,0x10a3,0x0884,0x10a4,
  0x0883,0x08a4,0x1084,0x08a4,0x1084,0x08a3,0x1084,0x08a4,0x0884,0x10a3,0x0884,0x10a4,0x0883,0x10a4,0x0884,0x10a4,
  0x0883,0x10a4,0x0884,0x10a3,0x0884,0x10a4,0x0883,0x10a4,0x0884,0x08a4,0x1084,0x08a3,0x1084,0x08a4,0x0883,0x10a4,
  0x0883,0x10a4,0x08a4,0x1084,0x08a3,0x1084,0x08a4,0x1083,0x08a4,0x1084,0x08a4,0x1083,0x08a4,0x1084,0x08a3,0x1084,
  0x08a4,0x10a3,0x0884,0x10a4,0x08a4,0x1084,0x08a3,0x10a4,0x0884,0x10a3,0x08a4,0x1084,0x08a4,0x1083,0x08a4,0x1084,
  0x1084,0x08a4,0x1084,0x08a3,0x1084,0x0884,0x10a4,0x0884,0x10a3,0x0884,0x1084,0x08a3,0x1084,0x08a4,0x1084,0x08a4,
  0x1084,0x08a4,0x1084,0x08a4,0x1083,0x10a5,0x0884,0x10a4,0x0884,0x0884,0x10a4,0x0883,0x10a4,0x0883,0x10a4,0x10c4,
  0x10a4,0x10a4,0x10a4,0x10a4,0x10c4,0x10a4,0x10c5,0x0884,0x10c5,0x10a4,0x10a4,0x08a5,0x10a4,0x10c4,0x10a5,0x10c4,
  0x10a4,0x10c5,0x10c4,0x10c4,0x10c5,0x10a4,0x10c4,0x08a5,0x10e4,0x10a4,0x10c5,0x10a4,0x10c5,0x10c4,0x08c5,0x10c4,
  0x10c4,0x08c5,0x10c4,0x10c5,0x10c4,0x10c5,0x10c4,0x10c4,0x10c5,0x18c4,0x10c4,0x10c4,0x08e4,0x00e4,0x08e5,0x1106,
  0x0187,0x2c30,0x2594,0x15b3,0x2594,0x1db4,0x1dd5,0x2d11,0x1b0b,0x0166,0x0966,0x0904,0x10a4,0x18c5,0x18a4,0x10c4,
  0x10c4,0x10e4,0x10c5,0x10c4,0x10c5,0x10a4,0x18c5,0x10c5,0x10a5,0x10c5,0x10e5,0x10c4,0x10e5,0x10a4,0x2126,0x0884,
  0x10a4,0x0905,0x0945,0x0166,0x236d,0x2d33,0x2db4,0x1db4,0x15d4,0x0db4,0x1dd4,0x1bee,0x0946,0x1105,0x10e4,0x10c4,
  0x10a4,0x08c4,0x10e4,0x10c5,0x10c4,0x10c5,0x10c4,0x10c5,0x10c5,0x10c4,0x10c5,0x08c4,0x10a4,0x10c5,0x10c4,0x10c5,
  0x10c4,0x10a4,0x10c5,0x1084,0x10c5,0x10a4,0x10c4,0x10a4,0x10a4,0x10c4,0x10c5,0x10c4,0x10a4,0x10c5,0x10a4,0x10a4,
  0x08a4,0x1084,0x08a4,0x10c4,0x1084,0x10c4,0x10a4,0x10a4,0x08a4,0x0884,0x08a4,0x08a4,0x1084,0x0883,0x10a4,0x08a4,
  0x1084,0x10a4,0x0884,0x10a4,0x0884,0x08a4,0x1083,0x08a5,0x10a4,0x0884,0x10a4,0x0884,0x10a4,0x0883,0x1084,0x08a3,
  0x1084,0x08a4,0x1084,0x08a4,0x1083,0x08a4,0x1084,0x08a3,0x1084,0x08a4,0x1084,0x08a3,0x1084,0x0884,0x10a3,0x0884,
  0x1084,0x08a4,0x1083,0x08a4,0x1084,0x08a3,0x1084,0x08a3,0x1084,0x08a4,0x1083,0x08a4,0x1084,0x08a3,0x1084,0x08a4,
  0x1084,0x08a3,0x1084,0x08a4,0x1084,0x08a3,0x1084,0x08a4,0x1084,0x08a3,0x1084,0x08a4,0x1084,0x08a3,0x1084,0x0884,
  0x10a4,0x0884,0x10a3,0x0884,0x10a3,0x0884,0x10a4,0x0883,0x1084,0x08a4,0x1083,0x08a4,0x1083,0x08a4,0x1084,0x0883,
  0x10a4,0x0883,0x10a4,0x0884,0x1083,0x08a4,0x1083,0x0884,0x10a4,0x0883,0x10a4,0x0884,0x1084,0x08a3,0x1084,0x08a4,
  0x1084,0x0883,0x10a4,0x0884,0x10a4,0x0883,0x10a4,0x0884,0x10a3,0x0884,0x10a4,0x0884,0x1084,0x08a3,0x1084,0x08a4,
  0x1084,0x0884,0x10a3,0x0884,0x1084,0x08a3,0x1084,0x08a4,0x1083,0x08a4,0x1084,0x08a3,0x1084,0x08a4,0x1084,0x08a3,
  0x1084,0x08a3,0x1084,0x08a4,0x1083,0x08a4,0x1083,0x08a4,0x1084,0x08a4,0x1084,0x08a3,0x1084,0x08a3,0x1084,0x08a4,
  0x1083,0x08a4,0x1084,0x08a3,0x1084,0x08a3,0x1084,0x0884,0x10a3,0x0884,0x10a3,0x0884,0x10a4,0x0883,0x10a4,0x0883,
  0x10a4,0x0884,0x1083,0x08a4,0x1084,0x08a3,0x1084,0x0884,0x10a4,0x0883,0x1084,0x08a3,0x1084,0x08a4,0x1084,0x08a3,
  0x1084,0x10a3,0x0884,0x10a4,0x0883,0x10a4,0x0883,0x10a4,0x0884,0x1083,0x08a4,0x1083,0x08a4,0x1084,0x08a4,0x1084,
  0x08a3,0x1084,0x08a4,0x1083,0x08a4,0x1084,0x08a3,0x1084,0x08a4,0x1084,0x08a3,0x1084,0x08a3,0x1084,0x08a4,0x1084,
  0x08a4,0x1083,0x08a4,0x1083,0x08a4,0x1084,0x08a3,0x1084,0x08a4,0x1083,0x0884,0x08a4,0x1083,0x10a4,0x0884,0x10a4,
  0x0883,0x10a4,0x0884,0x10a4,0x0884,0x10a4,0x0883,0x10a4,0x0884,0x1083,0x08a4,0x1084,0x08a3,0x1084,0x08a4,0x1083,
  0x08a4,0x1084,0x08a3,0x1084,0x08a3,0x1084,0x08a3,0x1084,0x08a3,0x1084,0x08a4,0x1083,0x08a4,0x1084,0x08a3,0x1084,
  0x08a4,0x1083,0x08a4,0x1084,0x08a3,0x1084,0x08a4,0x1083,0x08a4,0x1083,0x08a4,0x1084,0x08a3,0x1084,0x10a4,0x0884,
  0x10a4,0x0883,0x1084,0x08a4,0x1084,0x08a3,0x1084,0x08a4,0x1083,0x08a4,0x1084,0x08a4,0x1083,0x08a4,0x1084,0x08a3,
  0x1084,0x0884,0x10a4,0x0883,0x1084,0x08a3,0x1084,0x0884,0x10a3,0x0884,0x1084,0x08a3,0x1084,0x08a4,0x1084,0x08a3,
  0x08a4,0x1083,0x08a4,0x1084,0x08a4,0x1083,0x08a4,0x1083,0x08a4,0x1084,0x08a3,0x0884,0x10a4,0x0883,0x10a4,0x0884,
  0x10a3,0x0884,0x10a4,0x10a4,0x0884,0x10a3,0x08a4,0x0883,0x10a4,0x0883,0x10a4,0x0884,0x10a4,0x0884,0x10a5,0x1084,
  0x10a4,0x08a4,0x10a4,0x08a4,0x1084,0x08c5,0x10a4,0x08a3,0x08a5,0x10a4,0x08a4,0x10c4,0x10a5,0x10a4,0x10c5,0x1084,
  0x10c4,0x08a4,0x10c5,0x1084,0x10a4,0x08a4,0x10c5,0x10a4,0x10a5,0x08a4,0x10c5,0x08a4,0x10c4,0x10a4,0x10a4,0x10c5,
  0x10a4,0x10c5,0x10a4,0x10c5,0x10a4,0x10c5,0x10a4,0x10a5,0x10a4,0x0884,0x10a4,0x08a4,0x08c4,0x08e4,0x08e6,0x0946,
  0x1229,0x2cb1,0x1db3,0x15f5,0x1d73,0x2594,0x25b4,0x1c0f,0x09a6,0x0945,0x0905,0x0104,0x10e4,0x08a4,0x10a4,0x18a4,
  0x10a4,0x18a4,0x10c5,0x08a4,0x08e5,0x10c5,0x10c5,0x10c5,0x10c5,0x10a4,0x10e5,0x08a4,0x10c4,0x10a4,0x10c4,0x08a3,
  0x08a4,0x10c4,0x1105,0x0946,0x01c6,0x2c91,0x2553,0x1db5,0x1db4,0x15f5,0x15b3,0x1c91,0x1209,0x0946,0x1105,0x08a4,
  0x10e5,0x08a4,0x10a4,0x10a4,0x10c5,0x10a4,0x10a4,0x10c5,0x10a4,0x10c5,0x10c5,0x10a4,0x10c5,0x10a4,0x10a5,0x10c4,
  0x08a4,0x08a5,0x10a4,0x08a4,0x10a4,0x10c5,0x10a4,0x08a4,0x10a5,0x08a4,0x08a5,0x10a4,0x10c5,0x08a4,0x10a4,0x10a4,
  0x10c5,0x10a4,0x10a5,0x10c4,0x10a4,0x10c5,0x10a4,0x08a4,0x10a4,0x10a4,0x08a4,0x1084,0x10a5,0x10a4,0x10a4,0x1084,
  0x08a4,0x1084,0x08a4,0x1084,0x08a3,0x1084,0x08a4,0x1084,0x08a3,0x1084,0x10a4,0x0884,0x10a4,0x08a4,0x1084,0x08a4,
  0x1084,0x08a3,0x1084,0x08a3,0x1084,0x08a4,0x1084,0x08a4,0x1083,0x08a4,0x1083,0x08a4,0x0884,0x10a3,0x0884,0x10a4,
  0x0883,0x10a4,0x0884,0x10a4,0x0883,0x10a4,0x0884,0x10a4,0x0883,0x1084,0x08a4,0x1084,0x08a3,0x1084,0x08a4,0x1083,
  0x08a4,0x1084,0x08a3,0x1084,0x08a3,0x1084,0x08a4,0x1083,0x08a4,0x1084,0x08a3,0x1084,0x08a4,0x1084,0x08a3,0x1084,
  0x08a3,0x1084,0x08a4,0x1084,0x08a4,0x1083,0x08a4,0x1084,0x08a3,0x1084,0x08a4,0x1084,0x08a4,0x1084,0x08a3,0x1084,
  0x08a4,0x1084,0x08a3,0x1084,0x08a4,0x1084,0x08a4,0x1083,0x08a4,0x1084,0x08a4,0x1083,0x08a4,0x1084,0x08a4,0x1083,
  0x08a4,0x1084,0x08a3,0x1084,0x08a3,0x1084,0x08a4,0x1083,0x08a4,0x1084,0x08a3,0x1084,0x08a4,0x1084,0x08a3,0x1084,
  0x08a3,0x1084,0x08a4,0x1084,0x08a3,0x1084,0x08a4,0x1083,0x08a4,0x1084,0x08a3,0x1084,0x08a4,0x1083,0x08a4,0x1084,
  0x08a3,0x1084,0x08a4,0x1083,0x08a4,0x1084,0x08a4,0x1083,0x08a4,0x1083,0x08a4,0x1084,0x08a3,0x1084,0x08a4,0x1083,
  0x08a4,0x1084,0x08a3,0x1084,0x08a4,0x1084,0x08a3,0x1084,0x08a4,0x1083,0x08a4,0x1084,0x08a3,0x1084,0x08a4,0x1084,
  0x08a3,0x1084,0x08a4,0x1084,0x08a3,0x1084,0x08a4,0x1083,0x08a4,0x1084,0x08a3,0x1084,0x08a4,0x1083,0x08a4,0x1084,
  0x08a4,0x0884,0x10a3,0x0884,0x10a4,0x0884,0x10a4,0x0883,0x10a4,0x0884,0x10a4,0x0884,0x10a3,0x0884,0x10a3,0x0884,
  0x10a4,0x0883,0x10a4,0x0884,0x10a3,0x0884,0x10a4,0x0883,0x10a4,0x0883,0x10a4,0x0884,0x10a4,0x0884,0x10a3,0x0884,
  0x10a3,0x0884,0x10a4,0x0884,0x10a3,0x0884,0x10a4,0x0883,0x10a4,0x0884,0x10a3,0x0884,0x10a4,0x0883,0x10a4,0x0883,
  0x10a4,0x0884,0x10a3,0x0884,0x10a3,0x0884,0x10a4,0x0884,0x10a3,0x0884,0x10a4,0x0884,0x10a4,0x0883,0x10a4,0x0884,
  0x10a3,0x0884,0x10a4,0x0884,0x10a4,0x0884,0x10a4,0x0884,0x10a4,0x0883,0x10a4,0x0884,0x10a4,0x0883,0x1084,0x08a4,
  0x1083,0x08a4,0x1084,0x08a3,0x1084,0x08a4,0x1084,0x08a4,0x1084,0x08a4,0x1083,0x08a4,0x1084,0x08a3,0x0884,0x10a3,
  0x0884,0x10a4,0x0883,0x10a4,0x0883,0x10a4,0x0884,0x10a4,0x0884,0x10a3,0x0884,0x10a3,0x0884,0x10a4,0x0884,0x1084,
  0x08a3,0x1084,0x08a3,0x1084,0x08a4,0x1084,0x08a3,0x1084,0x08a4,0x1084,0x08a3,0x1084,0x08a4,0x1083,0x08a4,0x1084,
  0x1084,0x08a4,0x1083,0x08a4,0x1083,0x08a4,0x1084,0x08a4,0x1083,0x08a4,0x1084,0x08a4,0x1084,0x10a4,0x08a4,0x10a4,
  0x0884,0x10a4,0x0884,0x10a4,0x08a4,0x1084,0x0884,0x10a4,0x0883,0x10a4,0x0884,0x10a3,0x10a4,0x10a4,0x10a4,0x08a4,
  0x10a4,0x10a4,0x0884,0x10a4,0x08a4,0x10a4,0x10a4,0x10a4,0x08a4,0x10a5,0x10a4,0x10a4,0x08a4,0x08a4,0x10a4,0x08a4,
  0x10a4,0x1084,0x10c4,0x08a5,0x10a4,0x10a4,0x08a4,0x10a4,0x10a4,0x0884,0x10c4,0x10a4,0x10a5,0x10c5,0x08a4,0x10a5,
  0x10a4,0x10a5,0x10a4,0x10a5,0x10a4,0x10a4,0x10c5,0x10a4,0x10c4,0x08a4,0x10e5,0x1084,0x08a4,0x08e5,0x0925,0x0967,
  0x2bcf,0x2d73,0x15f4,0x0dd4,0x1d93,0x25b4,0x2513,0x130b,0x0946,0x1125,0x0905,0x08e4,0x08e4,0x08a4,0x10a4,0x18c4,
  0x20a5,0x18a4,0x18a5,0x10a4,0x08e5,0x08e5,0x10c5,0x10c5,0x10c5,0x08c5,0x10c4,0x10a4,0x10e4,0x08a4,0x08c4,0x10a4,
  0x1084,0x08a4,0x10e5,0x1125,0x01a7,0x1b4c,0x3554,0x1d73,0x1db4,0x1df5,0x05b4,0x2593,0x234d,0x0925,0x1105,0x10c4,
  0x10a4,0x1083,0x1105,0x10a4,0x10a4,0x08c5,0x10a4,0x10c5,0x10c5,0x0884,0x10c5,0x10a4,0x10a5,0x08a4,0x10c4,0x10a5,
  0x10c5,0x10a4,0x10c5,0x0884,0x10c4,0x08a4,0x10a5,0x10a4,0x08a4,0x10a4,0x10a4,0x08a4,0x10a4,0x08a4,0x10a4,0x10a5,
  0x08a4,0x10a4,0x10a4,0x0884,0x10a5,0x0884,0x10a4,0x1084,0x08a4,0x10a4,0x10a4,0x08a4,0x0884,0x10a4,0x0884,0x10a4,
  0x08a4,0x10a4,0x08a4,0x10a4,0x1084,0x10a4,0x08a4,0x1084,0x10a4,0x08a4,0x1084,0x08a3,0x1084,0x10a4,0x0883,0x10a4,
  0x0884,0x10a4,0x08a4,0x1084,0x08a4,0x1083,0x08a4,0x1083,0x08a4,0x1084,0x08a4,0x1083,0x08a4,0x1084,0x08a4,0x1083,
  0x08a4,0x1084,0x08a3,0x1084,0x08a4,0x1083,0x08a4,0x1084,0x08a4,0x1083,0x08a4,0x1084,0x08a4,0x1083,0x0884,0x10a4,
  0x0883,0x10a4,0x0884,0x10a4,0x0884,0x1083,0x08a4,0x1084,0x0883,0x10a4,0x0884,0x10a3,0x0884,0x10a3,0x0884,0x08a4,
  0x1084,0x08a3,0x1084,0x08a3,0x1084,0x08a4,0x1083,0x08a4,0x1084,0x08a4,0x1083,0x08a4,0x1083,0x08a4,0x1084,0x08a3,
  0x1084,0x08a3,0x1084,0x08a4,0x1083,0x08a4,0x1083,0x08a4,0x1084,0x08a3,0x1084,0x08a4,0x1083,0x08a4,0x1083,0x08a4,
  0x1084,0x08a3,0x1084,0x08a4,0x1084,0x08a4,0x1083,0x08a4,0x1084,0x08a4,0x1084,0x08a3,0x1084,0x08a3,0x1084,0x08a4,
  0x1084,0x08a3,0x1084,0x08a3,0x1084,0x08a4,0x1083,0x08a4,0x1084,0x08a4,0x1084,0x08a3,0x1084,0x08a4,0x1083,0x08a4,
  0x1084,0x08a4,0x1083,0x08a4,0x1084,0x08a3,0x1084,0x08a4,0x1084,0x08a4,0x1083,0x08a4,0x1084,0x08a4,0x1083,0x08a4,
  0x1084,0x08a3,0x1084,0x08a4,0x1083,0x08a4,0x1084,0x08a3,0x1084,0x08a4,0x1084,0x08a3,0x1084,0x08a4,0x1083,0x08a4,
  0x1084,0x08a3,0x1084,0x08a3,0x1084,0x08a4,0x1083,0x08a4,0x1084,0x08a3,0x1084,0x08a4,0x1083,0x08a4,0x1084,0x08a3,
  0x1084,0x08a3,0x1084,0x08a4,0x1083,0x08a4,0x1083,0x08a4,0x1084,0x08a3,0x1084,0x08a3,0x1084,0x08a4,0x1084,0x08a3,
  0x1084,0x08a4,0x1083,0x08a4,0x1084,0x08a4,0x1083,0x08a4,0x1084,0x08a4,0x1083,0x08a4,0x1083,0x08a4,0x1084,0x08a3,
  0x1084,0x08a4,0x1083,0x08a4,0x1084,0x08a4,0x1083,0x08a4,0x1084,0x08a3,0x1084,0x08a4,0x1084,0x08a4,0x1083,0x08a4,
  0x1084,0x08a4,0x1084,0x08a3,0x1084,0x08a4,0x1083,0x08a4,0x1084,0x08a4,0x1083,0x08a4,0x1083,0x08a4,0x1084,0x08a4,
  0x1084,0x08a3,0x1084,0x08a3,0x1084,0x08a3,0x1084,0x08a3,0x1084,0x08a4,0x1084,0x08a3,0x1084,0x08a4,0x1083,0x08a4,
  0x1084,0x08a3,0x1084,0x08a4,0x1084,0x08a3,0x1084,0x08a3,0x1084,0x08a3,0x1084,0x08a4,0x1084,0x10a4,0x0884,0x10a4,
  0x0883,0x10a4,0x0884,0x10a4,0x0884,0x10a3,0x0884,0x1083,0x08a4,0x1084,0x08a4,0x1084,0x08a3,0x1084,0x08a3,0x1084,
  0x08a4,0x0884,0x10a4,0x0883,0x10a4,0x0884,0x10a4,0x0883,0x10a4,0x0883,0x10a4,0x0884,0x10a3,0x0884,0x10a4,0x0883,
  0x08a3,0x1084,0x08a4,0x1084,0x08a4,0x1083,0x08a4,0x1084,0x08a4,0x1083,0x08a4,0x10a4,0x0884,0x10a4,0x0884,0x1083,
  0x08a4,0x10a4,0x08a4,0x1083,0x10a4,0x08a4,0x1083,0x08a4,0x1084,0x08a3,0x10a4,0x0884,0x0884,0x0884,0x10a4,0x1084,
  0x08a4,0x1084,0x10a4,0x10a4,0x0884,0x10a4,0x10a5,0x10a4,0x08a4,0x10c5,0x08a4,0x10a4,0x10a4,0x08a4,0x10a5,0x0884,
  0x10c5,0x08a4,0x10a4,0x10a4,0x08a4,0x10a5,0x10a4,0x08a4,0x10a4,0x10a5,0x10a4,0x10c5,0x08a4,0x10a4,0x10c5,0x10a4,
  0x10c5,0x08a4,0x10c5,0x08a4,0x10c5,0x08a4,0x10a4,0x08c5,0x10a4,0x1084,0x10c4,0x08a3,0x10a4,0x0906,0x0926,0x0187,
  0x23ef,0x2573,0x15f4,0x0df4,0x1db3,0x2d54,0x2c70,0x09a7,0x1126,0x1105,0x08e4,0x08e4,0x08e5,0x08c4,0x10c4,0x18a5,
  0x20a5,0x18a5,0x18a5,0x10e5,0x08e5,0x08e5,0x08e5,0x10c5,0x10c5,0x10c4,0x10c5,0x10c5,0x08e5,0x10a4,0x08c4,0x10a4,
  0x08a4,0x10c4,0x10c4,0x0905,0x0945,0x01e7,0x34f3,0x2553,0x1d95,0x15f5,0x0dd4,0x25b4,0x1bad,0x0166,0x1106,0x10e4,
  0x10c4,0x08c4,0x10c4,0x08a4,0x10a5,0x10a4,0x10c5,0x08a4,0x10c5,0x10a4,0x10c5,0x08a4,0x10c4,0x10a5,0x10a4,0x08c4,
  0x10a4,0x10a4,0x10a4,0x10a4,0x08a4,0x10a4,0x08a4,0x08a4,0x10a4,0x10c5,0x08a4,0x10a4,0x08a5,0x10a4,0x10a4,0x08a4,
  0x10a4,0x10a4,0x08a4,0x10a4,0x10a4,0x08a4,0x10a5,0x08a4,0x10a4,0x0884,0x10a4,0x0884,0x10a4,0x10a4,0x10a4,0x0884,
  0x10a4,0x0884,0x1084,0x08a3,0x0884,0x10a4,0x0883,0x08a4,0x10a4,0x0884,0x10a4,0x08a4,0x1084,0x08a4,0x1084,0x10a4,
  0x08a4,0x1084,0x08a4,0x0884,0x10a3,0x0884,0x10a4,0x0884,0x10a3,0x0884,0x10a4,0x0884,0x10a3,0x0884,0x10a4,0x0884,
  0x10a3,0x0884,0x10a4,0x0883,0x10a4,0x0884,0x10a3,0x0884,0x10a3,0x0884,0x10a4,0x0883,0x10a4,0x0884,0x10a3,0x0884,
  0x10a4,0x0883,0x10a4,0x0883,0x10a4,0x0884,0x10a3,0x0884,0x10a4,0x0884,0x10a3,0x0884,0x10a4,0x0884,0x10a4,0x0883,
  0x10a4,0x0884,0x08a4,0x1084,0x08a3,0x1084,0x08a4,0x1084,0x08a3,0x1084,0x08a4,0x1083,0x08a4,0x0884,0x10a3,0x0884,
  0x08a4,0x1084,0x08a4,0x1083,0x08a4,0x1084,0x08a4,0x1083,0x08a4,0x1084,0x08a3,0x1084,0x08a4,0x1084,0x08a4,0x1083,
  0x08a4,0x1084,0x08a4,0x1083,0x08a4,0x1083,0x08a4,0x1084,0x08a3,0x1084,0x08a3,0x1084,0x08a4,0x1084,0x08a3,0x1084,
  0x08a4,0x1084,0x08a4,0x1084,0x08a3,0x1084,0x08a4,0x1084,0x08a3,0x1084,0x08a3,0x1084,0x08a4,0x1083,0x08a4,0x1084,
  0x08a3,0x1084,0x08a4,0x1084,0x08a3,0x0884,0x10a4,0x0883,0x10a4,0x0883,0x1084,0x08a4,0x1083,0x0884,0x10a4,0x0884,
  0x10a3,0x0884,0x10a4,0x0883,0x10a4,0x0884,0x08a4,0x1084,0x08a3,0x1084,0x08a3,0x1084,0x08a4,0x1084,0x08a4,0x1083,
  0x08a4,0x1084,0x08a4,0x1084,0x08a4,0x1083,0x08a4,0x1084,0x08a3,0x1084,0x08a4,0x1084,0x08a4,0x1083,0x08a4,0x1084,
  0x08a4,0x1084,0x08a3,0x1084,0x08a4,0x1084,0x08a4,0x1083,0x08a4,0x1084,0x08a3,0x1084,0x08a4,0x1083,0x08a4,0x1084,
  0x08a3,0x1084,0x0884,0x10a4,0x0883,0x10a4,0x0884,0x1084,0x08a3,0x1084,0x08a4,0x1084,0x0884,0x10a3,0x0884,0x10a4,
  0x0884,0x10a3,0x0884,0x10a4,0x0883,0x10a4,0x0884,0x10a4,0x0883,0x10a4,0x0884,0x10a3,0x0884,0x10a3,0x0884,0x10a4,
  0x0883,0x10a4,0x0883,0x10a4,0x0884,0x1083,0x08a4,0x1084,0x08a3,0x1084,0x08a4,0x1083,0x08a4,0x1084,0x08a3,0x1084,
  0x08a3,0x1084,0x08a4,0x1084,0x08a3,0x1084,0x08a4,0x1084,0x0883,0x10a4,0x0883,0x1084,0x08a4,0x1083,0x08a4,0x1084,
  0x08a4,0x1084,0x08a3,0x1084,0x08a3,0x1084,0x08a4,0x1083,0x08a4,0x1084,0x08a4,0x1083,0x08a4,0x0883,0x10a4,0x0883,
  0x10a4,0x0884,0x10a3,0x0884,0x10a3,0x0884,0x10a4,0x0884,0x10a3,0x0884,0x10a3,0x0884,0x1084,0x08a4,0x1084,0x08a3,
  0x1084,0x08a3,0x1084,0x08a4,0x0883,0x10a4,0x0883,0x10a4,0x0884,0x10a4,0x0884,0x10a3,0x0884,0x08a4,0x1083,0x08a4,
  0x1084,0x08a4,0x1083,0x08a4,0x1083,0x08a4,0x1084,0x08a3,0x0884,0x10a4,0x0884,0x10a4,0x0884,0x10a3,0x10a4,0x10a4,
  0x0884,0x1084,0x08a4,0x0884,0x1084,0x08a4,0x10a4,0x0884,0x10a4,0x1084,0x10a4,0x10a4,0x10a4,0x10a4,0x0884,0x10a4,
  0x10a4,0x08a4,0x10a4,0x08a5,0x10a4,0x10a4,0x08a5,0x10a4,0x08a4,0x10a4,0x10a4,0x10a5,0x0884,0x10a4,0x10c4,0x10a4,
  0x10c5,0x1084,0x10a4,0x10a5,0x10a4,0x10a4,0x10a5,0x10a4,0x10a5,0x08a4,0x10a4,0x10c5,0x10a4,0x10a5,0x10c4,0x08a4,
  0x10c5,0x0884,0x10c5,0x10a4,0x10c5,0x10a4,0x10c5,0x10a4,0x08a4,0x10a4,0x10c4,0x0884,0x10c5,0x08e5,0x0146,0x128b,
  0x2c91,0x2dd5,0x15d4,0x15f4,0x1db3,0x2d54,0x33f0,0x0987,0x1105,0x10c4,0x08c5,0x08c4,0x08e4,0x10c5,0x10a4,0x18c5,
  0x18a5,0x18a5,0x10a4,0x10c5,0x10e5,0x08e5,0x10e5,0x10e5,0x10e5,0x10c5,0x10e5,0x10c5,0x10e5,0x10a4,0x10c5,0x10a4,
  0x10a4,0x10a4,0x10c5,0x10e5,0x0946,0x01c7,0x3470,0x3595,0x1d94,0x15b4,0x15f5,0x1db4,0x2cb1,0x124a,0x1146,0x0884,
  0x10a4,0x0905,0x1084,0x10a4,0x08a4,0x10c5,0x10a4,0x10a4,0x10c5,0x10a4,0x10c5,0x10a4,0x10a5,0x08c4,0x10a5,0x10a5,
  0x08a4,0x10a4,0x0884,0x10a5,0x10a4,0x08a4,0x10a4,0x10a5,0x08a4,0x10a4,0x08a5,0x10a4,0x10c4,0x08a4,0x10a5,0x10a4,
  0x10a4,0x10a5,0x1084,0x10a5,0x10a4,0x08a4,0x10a4,0x10a4,0x08a4,0x10a4,0x10a4,0x10a4,0x08a4,0x0884,0x10c5,0x10a4,
  0x10a4,0x08a4,0x10a4,0x0884,0x10a4,0x10a4,0x1084,0x0884,0x10a4,0x10a4,0x0884,0x10a4,0x0884,0x10a4,0x08a4,0x1084,
  0x08a3,0x0884,0x10a3,0x0884,0x10a4,0x0884,0x10a3,0x0884,0x08a4,0x1083,0x08a4,0x1084,0x08a4,0x1083,0x08a4,0x1083,
  0x08a4,0x1084,0x08a4,0x1084,0x08a3,0x1084,0x08a4,0x1084,0x08a4,0x1084,0x08a3,0x1084,0x08a4,0x1083,0x08a4,0x1084,
  0x08a4,0x1084,0x08a4,0x1084,0x08a3,0x1084,0x08a4,0x1084,0x08a3,0x1084,0x08a4,0x1084,0x08a3,0x1084,0x08a3,0x1084,
  0x08a4,0x1083,0x08a4,0x1083,0x08a4,0x1084,0x08a3,0x0884,0x10a4,0x0883,0x10a4,0x0884,0x10a4,0x0883,0x10a4,0x0884,
  0x10a3,0x0884,0x10a4,0x0884,0x10a3,0x0884,0x10a4,0x0884,0x10a3,0x0884,0x10a4,0x0884,0x10a3,0x0884,0x10a3,0x0884,
  0x10a4,0x0883,0x10a4,0x0884,0x10a4,0x0884,0x10a4,0x0884,0x10a4,0x0883,0x10a4,0x0884,0x10a3,0x0884,0x10a4,0x0883,
  0x10a4,0x0883,0x10a4,0x0883,0x10a4,0x0884,0x10a3,0x0884,0x10a4,0x0884,0x10a4,0x0884,0x10a3,0x0884,0x10a4,0x0884,
  0x10a4,0x0883,0x10a4,0x0883,0x10a4,0x0884,0x10a3,0x0884,0x1084,0x08a4,0x10a3,0x0884,0x10a4,0x0883,0x10a4,0x0884,
  0x10a4,0x0884,0x10a3,0x0884,0x10a4,0x0883,0x10a4,0x0883,0x10a4,0x0884,0x10a4,0x0884,0x10a3,0x0884,0x10a3,0x0884,
  0x10a4,0x0883,0x10a4,0x0883,0x10a4,0x0884,0x10a4,0x0884,0x10a4,0x0884,0x10a3,0x0884,0x10a3,0x0884,0x10a4,0x0883,
  0x10a4,0x0883,0x10a4,0x0884,0x10a3,0x0884,0x10a3,0x0884,0x10a4,0x0884,0x10a4,0x0884,0x10a3,0x0884,0x1084,0x08a4,
  0x1084,0x08a4,0x1083,0x08a4,0x1084,0x08a3,0x1084,0x08a3,0x1084,0x08a4,0x1083,0x08a4,0x1083,0x08a4,0x1084,0x08a3,
  0x1084,0x08a4,0x1084,0x08a3,0x1084,0x08a4,0x1083,0x08a4,0x1084,0x08a4,0x1083,0x08a4,0x1084,0x08a4,0x1084,0x08a3,
  0x1084,0x08a4,0x1084,0x08a4,0x1083,0x08a4,0x1084,0x08a3,0x1084,0x08a4,0x1083,0x08a4,0x1084,0x08a4,0x1084,0x08a3,
  0x1084,0x08a4,0x1083,0x08a4,0x1084,0x08a4,0x1083,0x08a4,0x1084,0x08a4,0x1084,0x08a3,0x1084,0x08a4,0x1084,0x08a3,
  0x1084,0x08a3,0x0884,0x10a4,0x0884,0x08a4,0x1083,0x08a4,0x1084,0x08a3,0x1084,0x08a4,0x1083,0x08a4,0x1084,0x08a4,
  0x1083,0x08a4,0x1084,0x08a4,0x1084,0x08a4,0x1083,0x08a4,0x1084,0x08a4,0x1084,0x08a3,0x0884,0x10a3,0x0884,0x10a4,
  0x0884,0x10a4,0x0883,0x10a4,0x0884,0x10a4,0x0884,0x10a4,0x0883,0x08a4,0x1084,0x08a4,0x1084,0x08a3,0x1084,0x08a4,
  0x08a4,0x1083,0x08a4,0x1084,0x08a4,0x1083,0x08a4,0x1084,0x08a3,0x1084,0x08a3,0x1084,0x08a4,0x10a4,0x0884,0x10a4,
  0x0884,0x10a4,0x10a4,0x0883,0x10a4,0x08a4,0x0884,0x10a3,0x0884,0x10a4,0x0884,0x0884,0x10a4,0x10a5,0x0883,0x08a4,
  0x10a4,0x08a4,0x10a4,0x10a4,0x0884,0x10a4,0x10c4,0x0884,0x10a4,0x08a5,0x1084,0x08c4,0x10a4,0x10a4,0x10a5,0x08a4,
  0x10a4,0x08c4,0x1084,0x08c4,0x10a5,0x08c4,0x10a4,0x08c5,0x10a4,0x10c4,0x10a5,0x08a4,0x10a4,0x08c4,0x10a5,0x10a4,
  0x10a4,0x10c5,0x10a4,0x10c4,0x08a4,0x10a4,0x10a5,0x10a4,0x08a4,0x0884,0x10e4,0x10a4,0x10e5,0x08e5,0x0147,0x2b8e,
  0x3533,0x2594,0x0dd3,0x1614,0x15b3,0x3512,0x0a49,0x0926,0x1106,0x10a4,0x08c5,0x10c5,0x08c5,0x10c5,0x08a4,0x18c5,
  0x10c5,0x18c5,0x18c5,0x10c5,0x10e5,0x10c5,0x10e4,0x10c5,0x10c4,0x10c4,0x18c5,0x18c5,0x10c5,0x10c5,0x10a4,0x10c5,
  0x10c5,0x08a5,0x10c4,0x10c5,0x0925,0x0146,0x0aaa,0x3d33,0x1d73,0x1df5,0x15f5,0x1db4,0x3594,0x1b0c,0x0946,0x10a5,
  0x10a5,0x08e5,0x08a4,0x10a4,0x10c5,0x10a4,0x08a4,0x10c5,0x10a4,0x10c5,0x08a4,0x10a4,0x10a4,0x10c5,0x10a4,0x10a4,
  0x10c5,0x10c5,0x10c5,0x0883,0x10c5,0x10a4,0x08c5,0x10a4,0x10a5,0x10c4,0x08a4,0x10a4,0x08a4,0x10a5,0x08a4,0x10a4,
  0x08a5,0x10a4,0x08a4,0x10a4,0x10c5,0x0884,0x10a4,0x08a4,0x10a4,0x0884,0x10a4,0x08a4,0x10a5,0x10a4,0x10a4,0x08a5,
  0x10a4,0x0884,0x10a4,0x10a4,0x0884,0x10a4,0x08a4,0x1083,0x08a4,0x1084,0x08a4,0x1083,0x08a4,0x1084,0x08a3,0x1084,
  0x08a5,0x1084,0x08a4,0x08a4,0x1084,0x08a3,0x1084,0x08a4,0x1083,0x08a4,0x1083,0x08a4,0x1083,0x08a4,0x1084,0x08a4,
  0x1083,0x08a4,0x1083,0x08a4,0x1084,0x08a3,0x1084,0x08a3,0x1084,0x08a3,0x1084,0x08a4,0x1083,0x08a4,0x0884,0x10a3,
  0x0884,0x08a3,0x1084,0x08a3,0x1084,0x08a4,0x1083,0x08a4,0x1084,0x08a3,0x1084,0x08a3,0x1084,0x08a4,0x1084,0x08a3,
  0x1084,0x08a4,0x1083,0x08a4,0x1084,0x08a3,0x1084,0x08a4,0x1083,0x08a4,0x1084,0x08a3,0x1084,0x08a4,0x1084,0x08a3,
  0x1084,0x08a4,0x1083,0x08a4,0x1084,0x08a3,0x1084,0x08a3,0x1084,0x08a4,0x1083,0x08a4,0x1084,0x08a3,0x0884,0x10a4,
  0x0883,0x10a4,0x0884,0x10a3,0x0884,0x10a3,0x0884,0x10a3,0x0884,0x1084,0x08a4,0x1083,0x08a4,0x1084,0x08a3,0x1084,
  0x08a4,0x1084,0x08a3,0x1084,0x08a4,0x1084,0x08a4,0x1083,0x08a4,0x1083,0x0884,0x10a3,0x0884,0x10a4,0x0883,0x10a4,
  0x0883,0x10a4,0x0884,0x10a4,0x0884,0x10a3,0x0884,0x10a4,0x0883,0x10a4,0x0884,0x10a3,0x0884,0x10a4,0x0883,0x10a4,
  0x0883,0x10a4,0x0884,0x10a4,0x0883,0x10a4,0x0884,0x10a4,0x0884,0x10a3,0x0884,0x10a3,0x0884,0x10a4,0x0884,0x1083,
  0x08a4,0x1084,0x08a4,0x0884,0x10a3,0x0884,0x08a3,0x1084,0x08a3,0x1084,0x08a4,0x1083,0x08a4,0x1084,0x08a3,0x1084,
  0x08a4,0x1084,0x08a3,0x1084,0x08a4,0x1083,0x0884,0x10a4,0x0883,0x10a4,0x0883,0x08a4,0x1084,0x08a4,0x0883,0x10a4,
  0x0883,0x10a4,0x0884,0x10a3,0x0884,0x10a4,0x0884,0x10a4,0x0883,0x10a4,0x0884,0x10a4,0x0884,0x10a3,0x0884,0x10a4,
  0x0883,0x10a4,0x0883,0x10a4,0x0884,0x1083,0x08a4,0x1084,0x08a3,0x1084,0x08a4,0x1084,0x08a3,0x1084,0x08a3,0x1084,
  0x08a4,0x1083,0x08a4,0x1083,0x08a4,0x1084,0x08a4,0x1084,0x08a3,0x0884,0x10a4,0x0884,0x08a3,0x1084,0x08a3,0x1084,
  0x08a4,0x1083,0x08a4,0x1084,0x08a3,0x1084,0x08a4,0x1083,0x08a4,0x1083,0x08a4,0x1084,0x08a3,0x1084,0x08a3,0x0884,
  0x10a4,0x0884,0x10a4,0x0883,0x10a4,0x0883,0x10a4,0x0884,0x10a3,0x0884,0x10a4,0x0883,0x10a4,0x0884,0x10a3,0x0884,
  0x10a4,0x0883,0x10a4,0x0883,0x10a4,0x0883,0x10a4,0x0884,0x10a3,0x0884,0x08a3,0x1084,0x10a4,0x0884,0x10a3,0x0884,
  0x10a3,0x0884,0x10a4,0x0883,0x10a4,0x0883,0x10a4,0x0883,0x10a4,0x0883,0x10a4,0x0883,0x10a4,0x0884,0x10a4,0x0883,
  0x1084,0x08a4,0x1083,0x08a4,0x1084,0x08a4,0x1083,0x08a4,0x1084,0x08a4,0x10a5,0x10a3,0x0884,0x10a4,0x0884,0x10a4,
  0x08a3,0x1084,0x08a4,0x10a4,0x08a5,0x1084,0x10a4,0x10a5,0x08a4,0x1084,0x10a4,0x10a4,0x0884,0x10a4,0x10c5,0x10a4,
  0x10a5,0x10a4,0x10a4,0x10a4,0x08a4,0x08c5,0x10a4,0x10c5,0x08a4,0x10c5,0x08a4,0x10a4,0x08c5,0x08a4,0x10c5,0x1083,
  0x08c5,0x10a4,0x10c5,0x10a4,0x10a4,0x10c5,0x10a4,0x10c5,0x0884,0x10c5,0x10a4,0x10c5,0x10a4,0x10a5,0x10c4,0x10a5,
  0x10c5,0x08a4,0x10c5,0x10a4,0x10c5,0x10a4,0x08c5,0x10c4,0x10a4,0x1084,0x10e4,0x08a4,0x10e6,0x1126,0x0967,0x1b4d,
  0x3574,0x1db4,0x15b3,0x0dd4,0x1d93,0x2cd2,0x0967,0x1126,0x1105,0x10e5,0x08a4,0x10c5,0x10e5,0x10c5,0x10c5,0x10e5,
  0x10e5,0x10c5,0x10e5,0x10c5,0x18c5,0x10e5,0x10c5,0x10a4,0x10c5,0x18c5,0x18a5,0x18a5,0x18a5,0x10c5,0x10c5,0x10c5,
  0x10c5,0x10c5,0x10c5,0x10c5,0x1126,0x0946,0x01a6,0x4513,0x2594,0x15d5,0x1db5,0x1594,0x2593,0x130b,0x0946,0x18e6,
  0x18c5,0x10a4,0x00c5,0x1084,0x10a4,0x10c5,0x10a4,0x10a4,0x10c5,0x10c5,0x10a4,0x10c5,0x08a4,0x10c5,0x10a4,0x08a4,
  0x10c5,0x10a4,0x10c5,0x10a4,0x10c5,0x10a4,0x10a5,0x10c4,0x08a4,0x10a4,0x10c5,0x0884,0x10c5,0x10a4,0x10c4,0x0884,
  0x10a4,0x10a4,0x08a4,0x10a4,0x10c5,0x10a4,0x10c5,0x10a4,0x10a5,0x08a4,0x08a4,0x10a4,0x0884,0x10a5,0x08a3,0x10a4,
  0x10a5,0x1083,0x10a4,0x10a5,0x0884,0x10a3,0x0884,0x10a5,0x10a4,0x0883,0x10a4,0x08a4,0x10a4,0x0884,0x10a5,0x10a4,
  0x08a4,0x10a3,0x0884,0x10a4,0x0884,0x10a4,0x0883,0x10a4,0x0884,0x10a4,0x0884,0x10a4,0x0884,0x10a4,0x0883,0x10a4,
  0x0884,0x10a4,0x0884,0x10a3,0x0884,0x10a4,0x0884,0x10a4,0x0884,0x10a4,0x0884,0x10a3,0x0884,0x10a4,0x0884,0x10a4,
  0x1083,0x08a4,0x1084,0x08a4,0x1084,0x08a3,0x1084,0x08a4,0x1084,0x08a4,0x1084,0x08a4,0x1084,0x08a3,0x1084,0x08a4,
  0x1084,0x08a3,0x1084,0x08a4,0x1084,0x08a4,0x1084,0x08a3,0x1084,0x08a4,0x1084,0x08a4,0x1083,0x08a4,0x1084,0x08a4,
  0x1084,0x08a3,0x1084,0x08a4,0x1083,0x08a4,0x1084,0x08a4,0x1084,0x08a4,0x1084,0x08a3,0x1084,0x08a4,0x1084,0x08a4,
  0x1084,0x08a4,0x1083,0x08a4,0x1084,0x08a4,0x1083,0x08a4,0x1084,0x08a3,0x1084,0x08a4,0x1084,0x08a4,0x1084,0x08a4,
  0x1083,0x08a4,0x1084,0x08a4,0x1083,0x08a4,0x1083,0x08a4,0x1084,0x08a4,0x10a4,0x0884,0x10a4,0x0884,0x10a4,0x0884,
  0x10a4,0x0884,0x10a3,0x0884,0x10a4,0x0884,0x10a4,0x0883,0x10a4,0x0884,0x10a4,0x0884,0x10a4,0x0884,0x10a4,0x0884,
  0x10a4,0x0883,0x10a4,0x0884,0x10a4,0x0884,0x10a3,0x0884,0x10a3,0x0884,0x10a4,0x0884,0x10a4,0x0883,0x10a4,0x08a4,
  0x1084,0x08a3,0x1084,0x08a3,0x1084,0x10a4,0x0884,0x10a4,0x0884,0x10a3,0x0884,0x10a4,0x0884,0x10a4,0x0884,0x10a4,
  0x0883,0x10a4,0x0884,0x10a4,0x0884,0x10a4,0x08a4,0x1084,0x08a4,0x1083,0x08a4,0x1084,0x08a3,0x1084,0x10a4,0x0884,
  0x10a4,0x0883,0x10a4,0x0884,0x10a4,0x0883,0x10a4,0x0884,0x10a4,0x0883,0x10a4,0x0883,0x10a4,0x0884,0x10a4,0x0884,
  0x10a4,0x0884,0x10a4,0x0884,0x10a4,0x08a4,0x1084,0x08a3,0x1084,0x08a4,0x1083,0x08a4,0x1084,0x08a4,0x1084,0x08a4,
  0x1084,0x08a4,0x1084,0x08a4,0x1084,0x08a3,0x1084,0x08a4,0x1084,0x08a3,0x1084,0x10a4,0x0884,0x10a3,0x0884,0x10a4,
  0x0884,0x10a4,0x0884,0x10a3,0x0884,0x10a4,0x0883,0x10a4,0x0884,0x10a4,0x0883,0x10a4,0x0884,0x10a4,0x0884,0x10a4,
  0x0883,0x10a4,0x0883,0x10a4,0x0884,0x10a4,0x0884,0x10a4,0x0884,0x10a4,0x0883,0x10a4,0x0884,0x10a4,0x0884,0x10a3,
  0x0884,0x10a4,0x0884,0x10a4,0x0884,0x10a4,0x0883,0x10a4,0x0884,0x10a4,0x1084,0x08a3,0x0884,0x10a4,0x0884,0x10a4,
  0x0884,0x10a3,0x0884,0x10a4,0x0884,0x10a4,0x0884,0x10a4,0x0884,0x10a4,0x0884,0x10a4,0x0883,0x10a4,0x0884,0x10a4,
  0x08a4,0x1083,0x08a4,0x1084,0x08a3,0x1084,0x08a4,0x1084,0x08a3,0x1084,0x10a4,0x0884,0x10a4,0x1083,0x10a4,0x10a5,
  0x0884,0x10a4,0x10a4,0x0884,0x10a4,0x0883,0x08a4,0x1083,0x08a4,0x10a4,0x08a4,0x10a4,0x10a5,0x08a3,0x1084,0x08a4,
  0x10a3,0x0884,0x08a4,0x10a4,0x10a4,0x0884,0x10c5,0x10a4,0x1084,0x10a4,0x10a4,0x1084,0x10c4,0x10a4,0x08a4,0x10c5,
  0x08a4,0x1084,0x08a4,0x10c5,0x10a4,0x08a4,0x10c5,0x10a4,0x10c5,0x10a4,0x10c5,0x10a4,0x10c5,0x10a4,0x08a4,0x10c5,
  0x10a4,0x10c5,0x10a4,0x10c5,0x08a4,0x10a5,0x10a4,0x10a4,0x10c5,0x08a4,0x1905,0x1084,0x10c5,0x10e6,0x0987,0x1bae,
  0x2d74,0x25b4,0x0dd4,0x15f4,0x25b3,0x34b1,0x0987,0x1106,0x10e5,0x08e5,0x10c5,0x10c5,0x10c5,0x10c5,0x10c5,0x10e5,
  0x10e5,0x08e5,0x10e5,0x10c5,0x18a5,0x18c5,0x10a4,0x10e5,0x18c5,0x18c5,0x18a5,0x18c5,0x18c5,0x18c5,0x10c5,0x18c6,
  0x10e5,0x10c5,0x10c5,0x10c5,0x1105,0x0946,0x0166,0x44f3,0x2574,0x15b4,0x1d94,0x25d5,0x2574,0x136d,0x0187,0x1106,
  0x18a5,0x08c5,0x08e4,0x08c5,0x10a4,0x08a4,0x10c5,0x08a4,0x10c5,0x08a4,0x10c5,0x10a4,0x10c5,0x10a4,0x10c5,0x10a4,
  0x10a4,0x10c5,0x08a4,0x10c5,0x08a4,0x10c5,0x10a4,0x10a5,0x10a5,0x08a4,0x1084,0x10c5,0x10a4,0x0884,0x10a4,0x08c5,
  0x10a4,0x10a5,0x10c5,0x08a4,0x1084,0x10a5,0x08a4,0x1083,0x08a4,0x10a4,0x10a5,0x10a4,0x1083,0x10a4,0x10a5,0x1084,
  0x08a4,0x10c5,0x0884,0x10a3,0x10c5,0x08a4,0x1084,0x08a4,0x1083,0x08a4,0x1084,0x08a4,0x1084,0x10a3,0x08a4,0x1083,
  0x0884,0x10a4,0x0884,0x10a3,0x0884,0x10a4,0x0884,0x10a3,0x0884,0x10a3,0x0884,0x10a3,0x0884,0x10a3,0x0884,0x10a4,
  0x0883,0x10a4,0x0884,0x10a4,0x0883,0x10a4,0x0883,0x10a4,0x0883,0x10a4,0x0883,0x10a4,0x0884,0x10a3,0x0884,0x10a3,
  0x0884,0x10a4,0x0883,0x10a4,0x0883,0x10a4,0x0884,0x10a3,0x08a4,0x1083,0x08a4,0x1083,0x08a4,0x1084,0x08a3,0x1084,
  0x08a4,0x1084,0x08a4,0x1083,0x08a4,0x1083,0x08a4,0x1084,0x08a4,0x1083,0x08a4,0x1083,0x08a4,0x1084,0x08a3,0x1084,
  0x08a3,0x1084,0x08a4,0x1083,0x08a4,0x1084,0x08a3,0x1084,0x08a3,0x1084,0x08a3,0x1084,0x08a4,0x1083,0x08a4,0x1083,
  0x08a4,0x1083,0x08a4,0x1084,0x08a3,0x1084,0x08a4,0x1084,0x08a3,0x10a4,0x0884,0x10a3,0x0884,0x10a3,0x0884,0x10a3,
  0x0884,0x10a4,0x0883,0x10a4,0x0884,0x10a4,0x0884,0x10a4,0x0883,0x10a4,0x0883,0x10a4,0x0883,0x10a4,0x0883,0x10a4,
  0x0883,0x10a4,0x0884,0x10a3,0x0884,0x10a3,0x0884,0x10a4,0x0884,0x10a3,0x0884,0x10a3,0x0884,0x10a3,0x0884,0x10a3,
  0x0884,0x10a4,0x0883,0x10a4,0x0883,0x10a4,0x0884,0x10a4,0x0884,0x10a4,0x0883,0x10a4,0x0883,0x10a4,0x0884,0x10a3,
  0x0884,0x10a4,0x0884,0x10a4,0x0884,0x10a3,0x0884,0x10a3,0x0884,0x10a4,0x0883,0x10a4,0x0883,0x10a4,0x0883,0x10a4,
  0x0884,0x10a3,0x0884,0x10a3,0x0884,0x10a3,0x0884,0x10a3,0x0884,0x10a4,0x0884,0x10a3,0x1084,0x08a4,0x1083,0x08a4,
  0x1083,0x08a4,0x1084,0x08a3,0x1084,0x08a4,0x1083,0x08a4,0x1083,0x08a4,0x1084,0x08a4,0x1083,0x08a4,0x1083,0x08a4,
  0x1083,0x08a4,0x1083,0x08a4,0x1083,0x08a4,0x1083,0x08a4,0x1084,0x08a4,0x1084,0x08a3,0x1084,0x08a3,0x1084,0x08a3,
  0x1084,0x08a3,0x1084,0x08a3,0x1084,0x08a4,0x1083,0x08a4,0x1083,0x08a4,0x1084,0x08a3,0x1084,0x08a4,0x1084,0x08a3,
  0x1084,0x08a3,0x1084,0x08a4,0x1084,0x08a3,0x1084,0x08a4,0x1083,0x08a4,0x10a4,0x0884,0x10a3,0x0884,0x10a3,0x0884,
  0x10a4,0x0884,0x10a4,0x0884,0x10a3,0x1084,0x08a3,0x1084,0x08a3,0x1084,0x08a4,0x1084,0x08a3,0x1084,0x08a3,0x1084,
  0x08a4,0x1083,0x08a4,0x1083,0x08a4,0x1083,0x08a4,0x1084,0x08a3,0x1084,0x08a3,0x1084,0x10a4,0x0883,0x10a4,0x0883,
  0x10a4,0x0884,0x10a4,0x0883,0x10a4,0x0883,0x10a4,0x0883,0x10a4,0x0883,0x10a4,0x0883,0x10a4,0x0884,0x10a3,0x0884,
  0x10a4,0x0884,0x10a4,0x08a3,0x1084,0x08a4,0x1083,0x08a4,0x10a4,0x0883,0x10a4,0x0883,0x10a4,0x10a5,0x08a4,0x1083,
  0x08a4,0x1084,0x08a4,0x1083,0x08a4,0x10a4,0x1084,0x08a4,0x08a4,0x10a4,0x1084,0x08c4,0x08a4,0x1084,0x10c5,0x10a4,
  0x10c5,0x10c5,0x10a4,0x10c5,0x10a4,0x10c5,0x10a4,0x08c5,0x08a4,0x10a4,0x08a5,0x10a4,0x10a5,0x10a5,0x10a4,0x0884,
  0x10c5,0x10a4,0x10c4,0x10a4,0x10a5,0x10c5,0x10a4,0x10c5,0x0884,0x10c5,0x08a4,0x10c5,0x10a5,0x10c5,0x10c5,0x10a5,
  0x10c5,0x10a5,0x08a4,0x10a5,0x10a4,0x10a4,0x10a5,0x10c5,0x08a4,0x1084,0x18e5,0x10a4,0x10a4,0x1127,0x12ed,0x2d74,
  0x2595,0x1d73,0x0df4,0x1614,0x2d73,0x2c10,0x0967,0x1105,0x10e5,0x10a5,0x10a4,0x10c5,0x10a4,0x10c5,0x10a4,0x10c5,
  0x10e5,0x10a5,0x10c5,0x10e4,0x10c5,0x10a4,0x10c5,0x10c5,0x10c5,0x18c5,0x10c5,0x18c5,0x10c5,0x10c5,0x10c5,0x10c5,
  0x10c5,0x18c5,0x10a5,0x10a5,0x08e5,0x0904,0x09a7,0x3c71,0x1d53,0x2615,0x1594,0x2595,0x2d74,0x3534,0x128a,0x0905,
  0x10a5,0x10a4,0x10c5,0x10a4,0x10a5,0x10a4,0x10a5,0x10c5,0x10a5,0x10a4,0x10c5,0x10c5,0x10c5,0x10a5,0x10c5,0x10c5,
  0x10a5,0x08a4,0x10c5,0x1084,0x10c5,0x10a4,0x08c4,0x10a4,0x10a4,0x10c5,0x08a4,0x10c5,0x10a3,0x10c5,0x10c5,0x10a4,
  0x10c5,0x08a3,0x10a5,0x10a4,0x10c5,0x08a3,0x10a4,0x10c5,0x10a4,0x10a4,0x08a4,0x08a5,0x08a4,0x10c5,0x08a4,0x10a4,
  0x10a4,0x0884,0x10a4,0x10a4,0x0884,0x10a4,0x1083,0x08a4,0x10a5,0x10a4,0x0884,0x10a3,0x10a5,0x0884,0x10a4,0x08a4,
  0x10a5,0x10a3,0x08a4,0x08a5,0x10a3,0x0884,0x10a4,0x08a4,0x1084,0x08a4,0x10a4,0x0884,0x10a4,0x0884,0x10a4,0x08a4,
  0x1084,0x08a3,0x10a4,0x0884,0x10a4,0x08a4,0x1084,0x08a4,0x10a4,0x0884,0x10a4,0x0884,0x10a4,0x08a4,0x1084,0x08a4,
  0x10a4,0x0884,0x10a4,0x0884,0x10a4,0x08a4,0x1084,0x08a4,0x1084,0x08a4,0x1084,0x08a4,0x10a3,0x0884,0x10a4,0x08a4,
  0x1083,0x08a4,0x1084,0x08a4,0x10a4,0x0884,0x10a3,0x08a4,0x1084,0x08a4,0x10a4,0x0884,0x10a4,0x08a3,0x1084,0x08a4,
  0x1084,0x08a4,0x10a4,0x0884,0x10a4,0x08a4,0x1084,0x08a4,0x10a4,0x0884,0x10a4,0x08a4,0x1084,0x08a4,0x10a4,0x0884,
  0x10a4,0x08a4,0x1084,0x08a4,0x1084,0x08a3,0x1084,0x08a4,0x1084,0x08a4,0x1083,0x08a4,0x10a4,0x0884,0x10a4,0x0884,
  0x10a4,0x08a3,0x1084,0x08a4,0x10a3,0x0884,0x10a3,0x08a4,0x1084,0x08a4,0x1084,0x08a3,0x10a4,0x0884,0x10a4,0x0883,
  0x10a4,0x08a4,0x1083,0x08a4,0x10a4,0x0884,0x10a3,0x08a4,0x1084,0x08a4,0x10a4,0x0884,0x10a3,0x08a4,0x1084,0x08a4,
  0x10a3,0x0884,0x10a4,0x0884,0x10a4,0x08a3,0x1084,0x08a3,0x10a4,0x0884,0x10a4,0x0884,0x10a4,0x0884,0x10a4,0x0884,
  0x10a3,0x0884,0x10a3,0x0884,0x10a4,0x0884,0x10a4,0x08a4,0x1083,0x08a4,0x10a4,0x0884,0x10a4,0x08a4,0x1084,0x08a3,
  0x10a4,0x0884,0x10a4,0x0884,0x10a4,0x0884,0x10a3,0x0884,0x10a4,0x0883,0x10a4,0x08a4,0x0884,0x10a3,0x08a4,0x1084,
  0x08a4,0x10a4,0x0883,0x10a4,0x08a4,0x1084,0x08a4,0x10a4,0x0884,0x10a4,0x08a3,0x1084,0x08a4,0x10a4,0x0884,0x10a4,
  0x08a4,0x1084,0x08a4,0x1084,0x08a4,0x1084,0x08a4,0x1084,0x08a3,0x1084,0x08a3,0x10a4,0x0884,0x10a4,0x08a4,0x1084,
  0x08a3,0x1084,0x08a4,0x10a4,0x0883,0x10a4,0x08a4,0x1084,0x08a4,0x10a4,0x0883,0x10a4,0x08a4,0x1083,0x08a4,0x10a4,
  0x0884,0x10a4,0x08a3,0x1084,0x08a4,0x1084,0x08a4,0x10a4,0x0884,0x10a4,0x0883,0x10a4,0x08a4,0x1084,0x08a4,0x10a3,
  0x0884,0x10a3,0x08a4,0x1084,0x08a4,0x1084,0x08a4,0x10a4,0x0884,0x10a3,0x0884,0x10a4,0x0884,0x10a4,0x0884,0x10a4,
  0x0884,0x10a4,0x0884,0x10a4,0x0884,0x10a4,0x08a4,0x1083,0x08a4,0x10a4,0x0884,0x10a4,0x08a3,0x1084,0x08a4,0x10a4,
  0x0883,0x10a4,0x08a4,0x10a4,0x0884,0x10a4,0x08a4,0x1084,0x08a4,0x10a4,0x0884,0x10a4,0x08a4,0x1083,0x08a4,0x10a4,
  0x0884,0x10a3,0x0884,0x10a4,0x0884,0x10a3,0x08a4,0x1084,0x08a4,0x1084,0x10a5,0x08a4,0x1084,0x08a3,0x1084,0x08a4,
  0x10a4,0x10a4,0x0884,0x10a4,0x0884,0x10a3,0x10c5,0x0884,0x10a4,0x10a4,0x08a4,0x1084,0x0884,0x10a4,0x10c5,0x0884,
  0x10a4,0x10a4,0x08a4,0x10a4,0x08a4,0x1084,0x10c4,0x0884,0x10c4,0x10a4,0x10c4,0x0884,0x10a4,0x08a4,0x10a5,0x10a3,
  0x10a4,0x08c5,0x0884,0x10a4,0x08c4,0x10a5,0x08a4,0x10c5,0x10a3,0x10c5,0x10a4,0x10a5,0x10c4,0x10a5,0x10c4,0x10a4,
  0x10c5,0x10c5,0x10c5,0x10a4,0x10c5,0x10a5,0x10a4,0x10c5,0x10a4,0x08a4,0x18c5,0x08a4,0x18e6,0x0926,0x12ec,0x2db4,
  0x25b5,0x1db4,0x0dd4,0x0df4,0x2d13,0x0207,0x0126,0x10e5,0x10a5,0x10c4,0x08a4,0x10c5,0x10a4,0x10c5,0x10c5,0x10a4,
  0x10c5,0x10c4,0x10a4,0x10c5,0x10c5,0x10c5,0x10c5,0x10c5,0x10e5,0x10c5,0x10a4,0x10c5,0x10c5,0x10c5,0x18c5,0x10c5,
  0x10c5,0x10c5,0x10a4,0x10a4,0x08c5,0x0904,0x0125,0x0208,0x2573,0x0db4,0x1594,0x1db4,0x2d75,0x3595,0x12cb,0x0946,
  0x18e6,0x10e5,0x08a4,0x10a5,0x10a4,0x10c5,0x10a5,0x10a4,0x10a4,0x10c5,0x10c5,0x10a4,0x10c5,0x10a4,0x10a5,0x10c5,
  0x10a4,0x10c5,0x10a4,0x10c4,0x10a4,0x10a5,0x10a4,0x10c5,0x08a4,0x10a4,0x10c5,0x10a4,0x10c5,0x08a4,0x10a4,0x08a4,
  0x10a4,0x10a4,0x0884,0x10c4,0x10a4,0x0884,0x10a5,0x0884,0x10a4,0x10a4,0x10c5,0x10a4,0x10c4,0x08a4,0x1084,0x08a4,
  0x1084,0x10a4,0x0884,0x10a4,0x10a4,0x0884,0x10a5,0x10a4,0x0883,0x10a4,0x0884,0x10a4,0x0883,0x10a4,0x0883,0x10a4,
  0x1084,0x0884,0x1084,0x10a4,0x10a4,0x10a4,0x0884,0x10a3,0x0884,0x10a3,0x0884,0x10a3,0x0884,0x10a3,0x0884,0x10a3,
  0x0884,0x10a4,0x0883,0x10a4,0x0883,0x10a4,0x0883,0x10a4,0x0883,0x10a4,0x0883,0x10a4,0x0883,0x10a4,0x0883,0x10a4,
  0x0883,0x10a4,0x0883,0x10a4,0x0883,0x10a4,0x0883,0x10a4,0x0883,0x10a4,0x0883,0x10a4,0x0884,0x10a4,0x0883,0x10a4,
  0x0884,0x10a3,0x08a4,0x1083,0x08a4,0x1083,0x08a4,0x1084,0x08a3,0x1084,0x08a3,0x1084,0x08a3,0x1084,0x08a4,0x1083,
  0x08a4,0x1083,0x08a4,0x1083,0x08a4,0x1083,0x08a4,0x1083,0x08a4,0x1083,0x08a4,0x1083,0x08a4,0x1083,0x08a4,0x1083,
  0x08a4,0x1083,0x08a4,0x1083,0x08a4,0x1084,0x08a3,0x10a4,0x0883,0x10a4,0x0884,0x10a4,0x0883,0x10a4,0x0883,0x10a4,
  0x0883,0x10a4,0x0884,0x10a4,0x0884,0x10a4,0x0884,0x10a3,0x0884,0x10a3,0x0884,0x10a4,0x0884,0x10a3,0x0884,0x10a4,
  0x0884,0x10a3,0x0884,0x10a4,0x0883,0x10a4,0x0884,0x10a3,0x0884,0x10a3,0x0884,0x10a3,0x0884,0x10a4,0x0883,0x10a4,
  0x0884,0x10a4,0x0883,0x10a4,0x0883,0x10a4,0x0884,0x10a4,0x0883,0x10a4,0x0883,0x10a4,0x08a3,0x1084,0x08a3,0x1084,
  0x08a4,0x10a4,0x0884,0x10a3,0x0884,0x10a3,0x0884,0x10a3,0x0884,0x10a4,0x0883,0x10a4,0x0883,0x10a4,0x0883,0x10a4,
  0x0884,0x10a3,0x0884,0x10a3,0x0884,0x10a3,0x0884,0x10a4,0x0884,0x10a4,0x0883,0x10a4,0x1084,0x08a4,0x1083,0x08a4,
  0x1083,0x08a4,0x1084,0x08a4,0x1083,0x08a4,0x1083,0x08a4,0x1083,0x08a4,0x1084,0x08a4,0x1083,0x08a4,0x1083,0x08a4,
  0x1083,0x08a4,0x1083,0x08a4,0x1083,0x08a4,0x1083,0x08a4,0x10a4,0x0884,0x10a4,0x0884,0x10a3,0x0884,0x10a3,0x0884,
  0x10a4,0x0884,0x10a3,0x0884,0x10a4,0x0884,0x10a3,0x0884,0x10a3,0x0884,0x10a4,0x0884,0x10a3,0x0884,0x10a4,0x0883,
  0x10a4,0x0883,0x10a4,0x0884,0x10a3,0x0884,0x10a3,0x0884,0x10a3,0x0884,0x10a4,0x0883,0x10a4,0x0883,0x10a4,0x0884,
  0x10a4,0x1084,0x08a3,0x1084,0x08a3,0x1084,0x08a3,0x1084,0x08a3,0x1084,0x08a4,0x1083,0x08a4,0x10a3,0x0884,0x10a3,
  0x10a4,0x0883,0x10a4,0x0883,0x10a4,0x0883,0x10a4,0x0884,0x10a4,0x0883,0x10a4,0x0884,0x10a4,0x0883,0x10a4,0x0884,
  0x10a4,0x0883,0x1084,0x08a3,0x1084,0x08a3,0x1084,0x08a3,0x1084,0x08a3,0x1084,0x08a3,0x1084,0x08a4,0x1084,0x0883,
  0x10a4,0x0884,0x10a3,0x0884,0x10a4,0x0884,0x10a4,0x0883,0x08a4,0x08a4,0x1083,0x08a4,0x1084,0x08a4,0x10a4,0x1084,
  0x08a4,0x1084,0x08a3,0x08a5,0x1084,0x08a4,0x1083,0x10a4,0x10a4,0x0884,0x10a4,0x10a4,0x08a4,0x10a4,0x10c4,0x08a4,
  0x10a5,0x08a4,0x10a5,0x10a4,0x10a5,0x08a4,0x10a4,0x08a4,0x08a4,0x08a5,0x10a4,0x10a5,0x08c4,0x10a4,0x10c5,0x08a4,
  0x10a5,0x10a4,0x10c5,0x10a4,0x10a5,0x10c4,0x10a4,0x10a5,0x10a4,0x10c5,0x08a4,0x10a5,0x10c5,0x10a5,0x10a5,0x10c5,
  0x10a4,0x10c5,0x10a5,0x10c5,0x10a4,0x10c5,0x10c5,0x08a4,0x10a5,0x10a4,0x18c4,0x08a4,0x10e6,0x0906,0x12ec,0x2594,
  0x1d94,0x1db4,0x0dd4,0x15f4,0x3512,0x01a6,0x0926,0x10e5,0x10c5,0x10c4,0x10a5,0x10a4,0x10a4,0x08a4,0x18c5,0x10c5,
  0x10a4,0x10c5,0x10c5,0x10c5,0x10c4,0x10a4,0x10c5,0x18c5,0x10c5,0x10c5,0x10c5,0x18c5,0x10c5,0x10c5,0x18c5,0x10c5,
  0x10a4,0x10c5,0x10c5,0x10c5,0x08c4,0x1105,0x0946,0x0986,0x2db4,0x15f4,0x1db4,0x1db5,0x2d74,0x2d54,0x12aa,0x0946,
  0x10a5,0x10c5,0x10a4,0x10c5,0x10c5,0x10a4,0x10c5,0x10c5,0x08a4,0x10a5,0x10c5,0x10c5,0x10a5,0x10c5,0x10a5,0x10c5,
  0x10a5,0x08a4,0x10c5,0x0884,0x10c5,0x08a4,0x10c5,0x10a4,0x10a5,0x10c5,0x08a4,0x10c5,0x0884,0x10c5,0x10a4,0x10a4,
  0x0884,0x08a5,0x10a4,0x08a4,0x10c5,0x1084,0x10a4,0x10a4,0x08a4,0x10a4,0x08a4,0x10a4,0x08a4,0x08a5,0x10a3,0x10a5,
  0x08a4,0x10a4,0x10a4,0x0884,0x08a4,0x10a4,0x08a4,0x1084,0x08a4,0x10a4,0x08a4,0x0884,0x10a4,0x0884,0x10a4,0x10a4,
  0x0884,0x10a3,0x08a4,0x1084,0x08a4,0x1084,0x08a4,0x1084,0x08a4,0x1084,0x08a4,0x1084,0x08a4,0x1084,0x08a3,0x1084,
  0x08a4,0x1083,0x08a4,0x1084,0x08a4,0x1084,0x08a4,0x1083,0x08a4,0x1084,0x08a4,0x1084,0x08a4,0x1083,0x08a4,0x1084,
  0x08a4,0x1084,0x08a4,0x1083,0x08a4,0x1084,0x08a4,0x1083,0x08a4,0x1084,0x08a4,0x1083,0x08a4,0x1083,0x08a4,0x1084,
  0x08a3,0x1084,0x08a4,0x1084,0x08a4,0x1084,0x08a4,0x1083,0x10a4,0x0884,0x10a4,0x0884,0x10a4,0x0884,0x10a4,0x0884,
  0x10a4,0x0884,0x10a4,0x0884,0x10a3,0x0884,0x10a4,0x0884,0x10a4,0x0884,0x10a3,0x0884,0x10a4,0x0884,0x10a3,0x0884,
  0x10a4,0x0884,0x10a3,0x0884,0x10a4,0x08a4,0x1084,0x08a4,0x1084,0x08a3,0x1084,0x08a4,0x1084,0x08a3,0x1084,0x08a4,
  0x1084,0x08a4,0x1083,0x08a4,0x1083,0x08a4,0x1083,0x08a4,0x1084,0x08a4,0x1083,0x08a4,0x1084,0x08a4,0x1083,0x08a4,
  0x1084,0x08a4,0x1084,0x08a4,0x1084,0x08a3,0x1084,0x08a4,0x1084,0x08a4,0x1084,0x08a4,0x1084,0x08a3,0x1084,0x08a4,
  0x1083,0x08a4,0x1084,0x08a4,0x1084,0x08a4,0x1083,0x08a4,0x1084,0x08a4,0x1084,0x08a3,0x1084,0x08a4,0x1084,0x08a3,
  0x1084,0x08a3,0x1084,0x08a4,0x10a4,0x0884,0x10a3,0x0884,0x10a4,0x0884,0x10a4,0x0884,0x10a4,0x0884,0x10a4,0x0884,
  0x10a4,0x0884,0x10a4,0x0884,0x10a4,0x08a4,0x1084,0x08a3,0x10a4,0x0883,0x10a4,0x0884,0x10a3,0x0884,0x10a4,0x0884,
  0x10a4,0x0883,0x10a4,0x0884,0x10a4,0x0883,0x10a4,0x0884,0x10a4,0x0883,0x10a4,0x0884,0x10a4,0x0884,0x10a4,0x0883,
  0x10a4,0x0884,0x10a4,0x0883,0x10a4,0x08a4,0x1084,0x08a3,0x1084,0x08a3,0x1084,0x08a3,0x1084,0x08a4,0x1084,0x08a3,
  0x1084,0x08a4,0x1084,0x08a3,0x1084,0x08a3,0x1084,0x08a4,0x1084,0x08a3,0x1084,0x08a4,0x1084,0x08a4,0x1083,0x08a4,
  0x1084,0x08a4,0x1084,0x08a3,0x1084,0x08a4,0x1084,0x08a3,0x1084,0x08a4,0x1083,0x08a4,0x1084,0x08a4,0x1084,0x08a3,
  0x1084,0x08a4,0x1084,0x08a3,0x1084,0x08a4,0x1084,0x08a4,0x1084,0x08a4,0x1083,0x08a4,0x1084,0x08a4,0x1083,0x08a4,
  0x1084,0x08a4,0x1083,0x08a4,0x10a4,0x0884,0x10a3,0x0884,0x10a4,0x0884,0x10a3,0x0884,0x10a4,0x0884,0x10a3,0x0884,
  0x10a3,0x08a4,0x1084,0x08a4,0x1083,0x08a4,0x1084,0x08a4,0x1083,0x10a4,0x0884,0x10a4,0x0883,0x10a4,0x08a4,0x10a4,
  0x0884,0x10a3,0x0884,0x10a4,0x0883,0x10a4,0x0883,0x10a4,0x1084,0x10a4,0x08a4,0x1084,0x08a3,0x10a5,0x0884,0x10a4,
  0x0884,0x10a4,0x0884,0x10a3,0x10a4,0x08a4,0x10a4,0x08a4,0x10a4,0x10a4,0x0884,0x10a4,0x1084,0x10a5,0x10a4,0x08a4,
  0x10a4,0x08a4,0x10a4,0x10a4,0x10a4,0x0884,0x10a5,0x08a4,0x10a4,0x10a4,0x08a4,0x08a4,0x10a4,0x10a5,0x10a4,0x10c5,
  0x10a4,0x10c4,0x08a4,0x10a5,0x10c4,0x08a4,0x10a5,0x10a4,0x08c4,0x10a4,0x10a5,0x10c5,0x10a4,0x10c5,0x10a4,0x10c5,
  0x10c5,0x08a4,0x10c5,0x10c5,0x10a5,0x10c5,0x10a4,0x10c5,0x10a4,0x08a4,0x1084,0x10a4,0x1126,0x0926,0x1b0c,0x2d94,
  0x2594,0x2594,0x15d4,0x1dd3,0x34d2,0x01c7,0x0906,0x10c5,0x10c5,0x10a4,0x08a4,0x10c5,0x10a4,0x10c5,0x10a4,0x10e5,
  0x10c5,0x10c4,0x10c5,0x10c4,0x10a5,0x10e5,0x10c5,0x10c5,0x10a4,0x10c5,0x18c5,0x10c5,0x10c5,0x10c5,0x10a4,0x10e5,
  0x10c5,0x10c5,0x10c5,0x10a4,0x08a5,0x10c4,0x0906,0x01a7,0x2d53,0x25d4,0x1db4,0x2594,0x2d94,0x3554,0x12aa,0x0946,
  0x08a4,0x10a4,0x10a4,0x10c5,0x10a4,0x10c5,0x10a5,0x10c5,0x10c5,0x10a4,0x10c5,0x10a4,0x10c5,0x08a4,0x10c5,0x10a4,
  0x10c5,0x1084,0x10c5,0x10a4,0x10c5,0x10a4,0x10a4,0x08c5,0x10a4,0x10c4,0x1084,0x10c5,0x10a3,0x10c5,0x10a4,0x10c5,
  0x10a4,0x10a4,0x10a5,0x1084,0x08c5,0x08a4,0x10a4,0x10a4,0x10c5,0x08a4,0x10a5,0x10a4,0x10a4,0x10a4,0x08a4,0x10a4,
  0x0884,0x10a4,0x0884,0x10a4,0x08a4,0x1084,0x10a4,0x08a4,0x1083,0x0884,0x10a4,0x1083,0x08a4,0x10a4,0x0884,0x10a4,
  0x08a4,0x1084,0x10a4,0x08a4,0x1084,0x08a4,0x1083,0x10a4,0x0884,0x10a3,0x1084,0x08a3,0x1084,0x08a3,0x1084,0x08a4,
  0x1084,0x08a4,0x1084,0x08a3,0x1084,0x08a3,0x1084,0x08a4,0x1084,0x08a3,0x1084,0x08a3,0x1084,0x08a4,0x1084,0x08a3,
  0x1084,0x08a3,0x1084,0x08a4,0x1084,0x08a3,0x1084,0x08a4,0x1084,0x08a3,0x10a4,0x0884,0x10a4,0x0884,0x10a4,0x0883,
  0x10a4,0x0884,0x10a3,0x0884,0x10a3,0x1084,0x08a3,0x1084,0x08a4,0x1083,0x08a4,0x1083,0x08a4,0x1083,0x08a4,0x1083,
  0x10a4,0x08a3,0x1084,0x10a3,0x0884,0x10a4,0x0883,0x10a4,0x0883,0x10a4,0x0884,0x10a4,0x0883,0x10a4,0x1084,0x08a4,
  0x1083,0x10a4,0x0884,0x10a4,0x0883,0x10a4,0x0883,0x10a4,0x0883,0x10a4,0x0884,0x10a3,0x0884,0x10a4,0x08a4,0x1083,
  0x08a4,0x1084,0x08a4,0x1083,0x08a4,0x1084,0x08a4,0x1084,0x08a3,0x1084,0x08a4,0x1083,0x08a4,0x1083,0x08a4,0x10a4,
  0x0883,0x10a4,0x0883,0x10a4,0x0883,0x10a4,0x0884,0x10a3,0x0884,0x10a3,0x0884,0x10a3,0x0884,0x10a4,0x0884,0x10a3,
  0x0884,0x10a4,0x08a3,0x1084,0x08a3,0x1084,0x08a4,0x1083,0x08a4,0x1083,0x08a4,0x1084,0x08a4,0x1083,0x08a4,0x1084,
  0x08a4,0x1084,0x08a3,0x1084,0x08a3,0x1084,0x08a4,0x1084,0x08a3,0x1084,0x08a3,0x1084,0x08a3,0x1084,0x08a3,0x1084,
  0x08a3,0x1084,0x08a3,0x10a4,0x0883,0x10a4,0x0883,0x10a4,0x0884,0x10a4,0x0884,0x10a3,0x0884,0x10a4,0x0883,0x10a4,
  0x0884,0x10a4,0x0883,0x10a4,0x0883,0x10a4,0x0884,0x10a3,0x0884,0x10a4,0x0883,0x10a4,0x0883,0x10a4,0x0883,0x10a4,
  0x0884,0x10a3,0x08a4,0x1084,0x08a4,0x1083,0x08a4,0x1084,0x08a4,0x1084,0x08a4,0x1084,0x08a4,0x1083,0x08a4,0x1084,
  0x08a3,0x1084,0x08a3,0x1084,0x08a4,0x1084,0x08a4,0x1083,0x08a4,0x1084,0x08a3,0x1084,0x08a3,0x1084,0x08a4,0x1084,
  0x08a3,0x1084,0x08a4,0x1084,0x08a4,0x1083,0x08a4,0x1084,0x08a4,0x1083,0x08a4,0x1084,0x08a3,0x1084,0x08a4,0x1084,
  0x08a3,0x1084,0x08a3,0x1084,0x08a4,0x1083,0x08a4,0x1083,0x08a4,0x1083,0x08a4,0x10a4,0x0883,0x10a4,0x0884,0x10a4,
  0x0883,0x10a4,0x0884,0x10a4,0x0883,0x10a4,0x0884,0x10a3,0x0884,0x10a3,0x0884,0x10a4,0x0883,0x10a4,0x0884,0x10a4,
  0x0884,0x10a4,0x0883,0x10a4,0x0884,0x10a4,0x1083,0x08a4,0x1084,0x08a4,0x1083,0x08a4,0x1084,0x10a3,0x0884,0x1083,
  0x10a4,0x0884,0x10a4,0x0883,0x10a4,0x0884,0x10a4,0x10a4,0x0884,0x10a4,0x08a4,0x1084,0x08a4,0x1083,0x08a4,0x10a4,
  0x08a4,0x0884,0x10a4,0x0884,0x10a4,0x0884,0x10a4,0x10a4,0x08a4,0x10a4,0x0884,0x10a4,0x08a4,0x08a4,0x10c5,0x10a4,
  0x10a4,0x10a4,0x0884,0x10a5,0x10a4,0x10a4,0x10a4,0x10a4,0x10a5,0x10a4,0x10a4,0x10a4,0x10c5,0x10a4,0x08a4,0x10a4,
  0x10a5,0x10a4,0x10c5,0x10a4,0x10a5,0x10a4,0x10c4,0x10a5,0x10a4,0x10a5,0x10c4,0x10a5,0x10c5,0x10c5,0x10c5,0x08a4,
  0x10c5,0x10c5,0x10a4,0x10c5,0x10a4,0x10c5,0x10a5,0x10c5,0x10a4,0x10a5,0x10a4,0x08c4,0x10e5,0x0105,0x1aec,0x2d74,
  0x2d53,0x2d74,0x1d93,0x2d94,0x44f2,0x0146,0x08e5,0x10a5,0x10c5,0x10a4,0x10a5,0x10a4,0x10a4,0x10c5,0x10c5,0x18c4,
  0x10c5,0x10a4,0x10c5,0x10a4,0x10c4,0x10c5,0x18c5,0x10c5,0x18c5,0x10e5,0x10c5,0x10c5,0x18c5,0x10c5,0x10c5,0x18c5,
  0x10c5,0x10c5,0x10a5,0x10a4,0x10c5,0x10c5,0x08e4,0x0125,0x3d73,0x2593,0x2594,0x2d74,0x2d54,0x3d54,0x12a9,0x0105,
  0x10c4,0x18e5,0x10a4,0x10a5,0x10c5,0x10a5,0x10c5,0x10a4,0x10a5,0x10c5,0x10a4,0x10c5,0x10a5,0x10c5,0x10a4,0x10a5,
  0x10c5,0x08a4,0x10c5,0x0883,0x10c5,0x10a4,0x10c5,0x10a4,0x10a4,0x10c5,0x08a4,0x10c5,0x10a4,0x10c5,0x08a4,0x10a5,
  0x08a4,0x10a4,0x08a4,0x10a4,0x10a4,0x10a4,0x08a4,0x10a4,0x10a4,0x08a5,0x10c4,0x08a4,0x10a4,0x10a5,0x08a4,0x0884,
  0x10a4,0x10a4,0x10a4,0x1084,0x10a4,0x08a4,0x10a4,0x1084,0x08a4,0x10a4,0x0884,0x10a4,0x0883,0x10a4,0x1084,0x08a3,
  0x10a4,0x0884,0x10a4,0x1084,0x10a4,0x10a4,0x0884,0x10a4,0x10a4,0x0884,0x10a3,0x0884,0x10a4,0x10a4,0x0884,0x10a3,
  0x08a4,0x1083,0x08a4,0x1084,0x08a4,0x1084,0x08a3,0x1084,0x08a4,0x1084,0x08a3,0x10a4,0x0884,0x10a3,0x08a4,0x1084,
  0x08a4,0x1084,0x10a3,0x08a4,0x1083,0x10a4,0x08a4,0x1083,0x08a4,0x1084,0x08a3,0x1084,0x08a3,0x1084,0x08a3,0x1084,
  0x08a4,0x1084,0x10a4,0x0883,0x10a4,0x0884,0x10a4,0x0884,0x10a3,0x0884,0x10a4,0x0884,0x10a4,0x1084,0x08a3,0x10a4,
  0x0884,0x10a4,0x0883,0x10a4,0x0884,0x10a4,0x1084,0x08a3,0x1084,0x08a4,0x1083,0x10a4,0x0884,0x10a3,0x0884,0x10a4,
  0x0884,0x10a3,0x08a4,0x1084,0x10a3,0x0884,0x10a4,0x0884,0x10a4,0x1083,0x08a4,0x1084,0x10a3,0x0884,0x10a4,0x0884,
  0x10a3,0x08a4,0x1083,0x08a4,0x1084,0x10a3,0x0884,0x10a3,0x1084,0x08a4,0x10a4,0x0884,0x10a4,0x10a4,0x0884,0x10a3,
  0x1084,0x08a4,0x1084,0x08a4,0x1084,0x08a4,0x1084,0x10a4,0x0884,0x10a4,0x1083,0x08a4,0x1084,0x08a3,0x1084,0x08a4,
  0x10a4,0x0883,0x10a4,0x0884,0x10a4,0x0883,0x10a4,0x1084,0x08a4,0x10a4,0x1083,0x08a4,0x1084,0x08a4,0x1083,0x08a4,
  0x1083,0x08a4,0x1084,0x10a4,0x0884,0x10a3,0x1084,0x08a4,0x1084,0x08a3,0x1084,0x08a4,0x1084,0x08a3,0x1084,0x08a4,
  0x1084,0x08a3,0x1084,0x08a4,0x1084,0x10a4,0x0884,0x10a3,0x1084,0x08a3,0x1084,0x08a4,0x10a4,0x0883,0x10a4,0x0884,
  0x10a3,0x0884,0x10a4,0x08a4,0x1084,0x10a4,0x08a3,0x1084,0x10a4,0x0884,0x10a4,0x0884,0x10a4,0x0883,0x10a4,0x0884,
  0x10a4,0x0884,0x10a3,0x0884,0x10a3,0x0884,0x10a4,0x0883,0x10a4,0x0883,0x10a4,0x0883,0x10a4,0x0884,0x10a3,0x08a4,
  0x1084,0x08a4,0x1084,0x08a4,0x1083,0x08a4,0x1084,0x08a4,0x1083,0x08a4,0x1084,0x10a4,0x0884,0x10a3,0x1084,0x08a4,
  0x1084,0x08a3,0x1084,0x08a3,0x1084,0x08a4,0x10a3,0x0884,0x10a4,0x0884,0x10a4,0x08a4,0x1084,0x08a3,0x1084,0x08a3,
  0x1084,0x08a4,0x1084,0x08a4,0x10a3,0x0884,0x10a4,0x08a4,0x1084,0x10a4,0x0884,0x10a3,0x1084,0x08a4,0x1083,0x08a4,
  0x1084,0x08a3,0x1084,0x08a4,0x1084,0x08a3,0x1084,0x08a4,0x1084,0x08a4,0x1083,0x08a4,0x10a4,0x0883,0x10a4,0x0883,
  0x10a4,0x0883,0x10a4,0x1084,0x08a3,0x1084,0x08a4,0x10a3,0x0884,0x10a3,0x08a4,0x1084,0x08a4,0x1084,0x08a4,0x10a4,
  0x08a4,0x1083,0x08a4,0x10a4,0x1084,0x08a3,0x1084,0x08a4,0x10a4,0x0884,0x10a4,0x08a4,0x1084,0x08a4,0x1084,0x08a4,
  0x1084,0x10a3,0x08a4,0x10a4,0x08a4,0x10a3,0x0884,0x10a4,0x08a4,0x10a5,0x10a4,0x10a4,0x1084,0x0884,0x10a4,0x10a4,
  0x08a4,0x10a5,0x10a4,0x10a4,0x08a5,0x10a4,0x08a5,0x10a4,0x08a4,0x10a4,0x10a5,0x08a4,0x10a4,0x10c5,0x10a4,0x10c5,
  0x10c5,0x08a4,0x10c5,0x10a4,0x08c5,0x10a4,0x10c5,0x08a4,0x10c5,0x08a4,0x10a4,0x10c5,0x10a5,0x10a4,0x10a5,0x10c5,
  0x10a5,0x10a4,0x10c5,0x10c5,0x10a5,0x10c5,0x10c5,0x10c5,0x10c5,0x10a4,0x10a4,0x10e5,0x08c5,0x0105,0x22cb,0x3d13,
  0x3d13,0x3d54,0x3553,0x3d53,0x4cb3,0x0905,0x1106,0x10a5,0x10e5,0x10c5,0x10a4,0x10c5,0x10a4,0x10c5,0x10a5,0x10a4,
  0x10c5,0x10a4,0x10a5,0x10c5,0x10c5,0x10a4,0x10c5,0x10e5,0x18c5,0x10c5,0x10c5,0x10c5,0x10c4,0x10c5,0x10c5,0x10c5,
  0x10c5,0x18c5,0x10c5,0x10a4,0x10a4,0x10c5,0x08e5,0x0945,0x4d14,0x3533,0x3534,0x3d33,0x4534,0x44f3,0x126a,0x00e5,
  0x18e5,0x10a4,0x08a4,0x10c5,0x10c5,0x10c4,0x10c5,0x10c5,0x10c4,0x10c5,0x10a5,0x10c5,0x10a5,0x10c5,0x10a4,0x10c5,
  0x10c5,0x1084,0x10c5,0x10a4,0x10c5,0x08a4,0x10a4,0x10a5,0x08a4,0x10c5,0x10a4,0x10c5,0x0884,0x10c5,0x10a4,0x10c4,
  0x1084,0x08a5,0x10a4,0x08a4,0x10c5,0x0884,0x10c5,0x10a4,0x08a5,0x10a4,0x10a4,0x08a4,0x10a5,0x10c4,0x1084,0x10a4,
  0x08a4,0x0884,0x10a4,0x08a4,0x10a4,0x1084,0x08a4,0x1084,0x10a4,0x10a4,0x0884,0x10a4,0x0884,0x10a4,0x10a4,0x0884,
  0x10a4,0x10a4,0x0884,0x08a4,0x10a4,0x0884,0x10a4,0x08a4,0x1083,0x08a4,0x10a4,0x0884,0x10a3,0x0884,0x10a4,0x0884,
  0x10a4,0x1084,0x08a3,0x10a4,0x1083,0x08a4,0x10a4,0x0883,0x10a4,0x08a4,0x1084,0x08a4,0x1084,0x10a4,0x0883,0x10a4,
  0x1083,0x08a4,0x1084,0x08a4,0x1084,0x08a4,0x1084,0x08a4,0x1083,0x10a4,0x0884,0x10a4,0x10a4,0x0884,0x10a4,0x08a4,
  0x1083,0x08a4,0x1084,0x08a4,0x10a4,0x0883,0x10a4,0x08a4,0x1084,0x08a4,0x10a3,0x1084,0x08a3,0x10a4,0x0884,0x10a4,
  0x0883,0x10a4,0x0884,0x10a4,0x08a3,0x1084,0x08a4,0x10a4,0x0884,0x10a4,0x08a4,0x1083,0x08a4,0x10a4,0x0884,0x10a3,
  0x08a4,0x1084,0x08a3,0x1084,0x08a4,0x1084,0x08a3,0x10a4,0x0884,0x10a4,0x08a4,0x1084,0x08a4,0x1083,0x08a4,0x10a4,
  0x0884,0x10a4,0x1084,0x08a4,0x10a4,0x0884,0x10a4,0x08a4,0x1084,0x08a3,0x1084,0x10a3,0x0884,0x10a3,0x0884,0x10a4,
  0x0884,0x10a3,0x08a4,0x1083,0x08a4,0x10a3,0x0884,0x10a3,0x08a4,0x1084,0x08a4,0x10a4,0x0884,0x10a4,0x08a4,0x1083,
  0x10a4,0x0884,0x10a4,0x1083,0x08a4,0x10a4,0x0884,0x10a3,0x0884,0x10a4,0x0884,0x10a3,0x08a4,0x1084,0x08a4,0x10a4,
  0x1084,0x08a4,0x10a3,0x0884,0x10a4,0x0884,0x10a3,0x08a4,0x1084,0x08a4,0x10a4,0x1083,0x08a4,0x10a4,0x0884,0x10a3,
  0x10a4,0x0884,0x10a4,0x1083,0x08a4,0x1083,0x08a4,0x1084,0x08a4,0x10a4,0x0884,0x10a3,0x0884,0x10a4,0x0884,0x10a4,
  0x08a4,0x1083,0x08a4,0x1083,0x08a4,0x1084,0x08a4,0x1084,0x08a3,0x10a4,0x0883,0x10a4,0x08a4,0x10a4,0x1084,0x08a3,
  0x10a4,0x1084,0x08a4,0x1084,0x08a4,0x10a4,0x1084,0x08a4,0x10a4,0x1084,0x08a4,0x10a4,0x0883,0x10a4,0x0884,0x10a4,
  0x1083,0x08a4,0x10a3,0x1084,0x08a4,0x10a3,0x0884,0x10a4,0x10a4,0x0884,0x10a3,0x08a4,0x1084,0x08a4,0x10a3,0x0884,
  0x10a4,0x08a4,0x1084,0x10a4,0x08a3,0x1084,0x08a4,0x1084,0x08a3,0x10a4,0x0883,0x10a4,0x0884,0x10a4,0x10a4,0x0884,
  0x10a4,0x08a3,0x1084,0x08a4,0x1084,0x10a4,0x0883,0x10a4,0x0883,0x10a4,0x0884,0x10a4,0x0884,0x10a4,0x08a4,0x1083,
  0x08a4,0x10a4,0x0884,0x10a3,0x08a4,0x1084,0x10a4,0x08a3,0x1084,0x10a4,0x08a4,0x1084,0x08a4,0x1084,0x08a4,0x10a4,
  0x0884,0x10a4,0x08a4,0x1084,0x08a4,0x10a3,0x0884,0x10a4,0x0884,0x10a4,0x0884,0x10a3,0x0884,0x10a3,0x0884,0x10a3,
  0x10a4,0x0884,0x10a4,0x0884,0x10a4,0x08a4,0x1084,0x08a4,0x1083,0x10a4,0x0884,0x08a4,0x10a4,0x0884,0x08a4,0x10a4,
  0x0884,0x08a4,0x1084,0x08a4,0x1084,0x08a5,0x10a4,0x10a5,0x10a4,0x0884,0x10a4,0x0884,0x10c5,0x10a4,0x10c5,0x08a4,
  0x10a4,0x10a4,0x08a5,0x10a4,0x10c5,0x10a4,0x08a4,0x10a4,0x10c5,0x0884,0x10a4,0x10a5,0x10c5,0x10a4,0x10c5,0x08a4,
  0x10c5,0x10c5,0x10a4,0x10c5,0x10a4,0x08a5,0x10c5,0x10a4,0x10c5,0x10a4,0x10c5,0x10a5,0x10c4,0x10c5,0x10c5,0x10a4,
  0x10c5,0x10a5,0x10c5,0x10c5,0x10c5,0x10c5,0x10c5,0x10a4,0x10c5,0x10e5,0x10a4,0x1106,0x08a4,0x10e6,0x0987,0x1269,
  0x126a,0x128a,0x12aa,0x1268,0x1a4a,0x00e5,0x10e5,0x18e5,0x10c5,0x10a4,0x10c5,0x10a4,0x10c5,0x10a4,0x10e5,0x10a4,
  0x10e5,0x10c5,0x10c5,0x10e4,0x18c5,0x10c5,0x10c5,0x10c5,0x10a5,0x10c5,0x10c5,0x18c5,0x10c5,0x10c5,0x10c6,0x10a4,
  0x10c5,0x10c5,0x10a5,0x10c5,0x10c5,0x10a4,0x10c5,0x0105,0x1a28,0x12aa,0x128a,0x126a,0x1249,0x124a,0x0987,0x08e5,
  0x18e6,0x10a4,0x18e6,0x10c5,0x10a4,0x10c5,0x10c5,0x10c5,0x10c6,0x10c5,0x08a4,0x10c5,0x10a4,0x10c5,0x10c5,0x10c5,
  0x10c5,0x08a4,0x10c5,0x10a4,0x10c5,0x10a4,0x10c5,0x10a4,0x10c4,0x10a5,0x08a4,0x10c5,0x10a4,0x10c5,0x10a4,0x10a5,
  0x08a4,0x10a4,0x08a4,0x10c5,0x10a4,0x10a4,0x10a5,0x08a4,0x10a4,0x10a4,0x10a5,0x08a4,0x08a4,0x10a4,0x08a4,0x10a4,
  0x0884,0x10a4,0x08a4,0x1084,0x10a5,0x08a4,0x10a5,0x08a4,0x0884,0x10a4,0x0883,0x10a4,0x08a4,0x1084,0x08a4,0x10a4,
  0x0884,0x10a4,0x10a4,0x10a4,0x10a4,0x0884,0x08a4,0x10a4,0x0884,0x10a4,0x0884,0x10a4,0x0884,0x10a4,0x0883,0x10a4,
  0x0883,0x10a4,0x0884,0x10a4,0x0884,0x10a4,0x0884,0x10a4,0x1084,0x08a3,0x1084,0x10a3,0x0884,0x10a4,0x0884,0x10a4,
  0x08a4,0x1084,0x08a4,0x10a3,0x0884,0x10a4,0x0883,0x10a4,0x08a4,0x1084,0x08a4,0x1083,0x08a4,0x1084,0x08a3,0x1084,
  0x10a4,0x08a4,0x1083,0x08a4,0x1084,0x08a4,0x1084,0x08a3,0x1084,0x08a4,0x1084,0x08a4,0x1084,0x08a4,0x1084,0x08a4,
  0x1084,0x08a4,0x10a4,0x0884,0x10a4,0x0884,0x10a3,0x0884,0x10a3,0x0884,0x10a4,0x08a4,0x1084,0x08a4,0x1084,0x08a4,
  0x1084,0x08a4,0x1084,0x08a4,0x10a4,0x0884,0x10a4,0x0884,0x10a3,0x0884,0x10a3,0x0884,0x10a4,0x08a4,0x1084,0x08a3,
  0x1084,0x08a3,0x1084,0x08a4,0x1083,0x08a4,0x1084,0x08a3,0x1084,0x08a4,0x10a4,0x0884,0x10a4,0x0884,0x10a4,0x0884,
  0x10a4,0x0884,0x10a4,0x0884,0x10a4,0x1084,0x08a4,0x1084,0x08a4,0x1083,0x08a4,0x1083,0x08a4,0x1083,0x10a4,0x0884,
  0x10a4,0x0884,0x10a4,0x08a4,0x1084,0x08a4,0x1084,0x08a4,0x10a4,0x0883,0x10a4,0x0884,0x10a4,0x08a3,0x1084,0x08a4,
  0x10a3,0x0884,0x10a4,0x0884,0x10a3,0x08a4,0x1084,0x08a4,0x1083,0x10a4,0x0884,0x10a4,0x0884,0x10a4,0x1084,0x08a4,
  0x1084,0x08a4,0x1084,0x08a4,0x10a4,0x0884,0x10a4,0x08a4,0x1083,0x08a4,0x1084,0x08a4,0x1084,0x08a4,0x10a3,0x1084,
  0x08a4,0x1084,0x10a4,0x08a4,0x1084,0x08a3,0x1084,0x08a4,0x1084,0x08a4,0x10a4,0x0884,0x1083,0x08a4,0x10a4,0x0884,
  0x10a4,0x0883,0x10a4,0x08a4,0x1083,0x08a4,0x1083,0x08a4,0x1083,0x08a4,0x1083,0x08a4,0x1084,0x10a4,0x08a4,0x1084,
  0x08a4,0x1084,0x08a4,0x10a4,0x0884,0x10a4,0x10a4,0x0883,0x10a4,0x08a4,0x1084,0x08a4,0x1083,0x08a4,0x1084,0x08a4,
  0x1083,0x10a4,0x08a3,0x1084,0x08a4,0x1084,0x10a4,0x08a4,0x1084,0x10a4,0x0884,0x10a4,0x1083,0x08a4,0x1083,0x08a4,
  0x1084,0x08a4,0x1084,0x10a3,0x08a4,0x1084,0x08a4,0x1084,0x08a4,0x10a4,0x0883,0x10a4,0x08a3,0x1084,0x08a4,0x1084,
  0x10a4,0x0884,0x10a4,0x0884,0x10a4,0x0883,0x10a4,0x0884,0x10a4,0x0883,0x10a4,0x0883,0x10a4,0x08a4,0x1083,0x10a4,
  0x0884,0x10a3,0x0884,0x10a3,0x0884,0x10a4,0x0884,0x10a4,0x0883,0x10a4,0x0884,0x10a4,0x08a4,0x1084,0x08a4,0x1084,
  0x1084,0x08a4,0x1083,0x08a4,0x1083,0x08a4,0x1084,0x08a4,0x10a4,0x08a4,0x1084,0x10a4,0x0884,0x10a4,0x10a4,0x0884,
  0x10a4,0x10a4,0x0884,0x10c5,0x10a4,0x0884,0x10a4,0x08a4,0x10a4,0x10a4,0x10a4,0x10a5,0x08a4,0x10a4,0x08a4,0x10a5,
  0x10a4,0x10a5,0x10a4,0x08a4,0x10a4,0x08a5,0x10a4,0x10c5,0x10a4,0x10c5,0x10a5,0x10a4,0x08a4,0x10c5,0x10c5,0x10a4,
  0x10c5,0x10a4,0x10c5,0x08a4,0x10a5,0x10c4,0x10a4,0x10c5,0x08a4,0x10a5,0x10a4,0x10a5,0x10c5,0x08a5,0x10a5,0x10c5,
  0x10c5,0x10a4,0x10c5,0x10c5,0x10c5,0x10c5,0x10a5,0x10c5,0x10c5,0x08c5,0x10a4,0x08c5,0x10c5,0x10c5,0x08c5,0x0925,
  0x0106,0x0125,0x0166,0x0145,0x0125,0x08e5,0x10c5,0x10c5,0x10c5,0x10c4,0x10c5,0x10c5,0x08a4,0x10e5,0x10c5,0x10c5,
  0x08c4,0x10e5,0x10e5,0x10c5,0x10e4,0x10e5,0x10a4,0x10c5,0x10c5,0x10c5,0x10c5,0x10c5,0x10c5,0x10c5,0x10c5,0x10c5,
  0x10c5,0x10c5,0x10c5,0x10c5,0x10c4,0x10c5,0x10c5,0x08e5,0x0125,0x0146,0x0146,0x0126,0x0106,0x0125,0x00e5,0x10e5,
  0x10c5,0x0884,0x10a4,0x10c5,0x10c5,0x10c5,0x10c5,0x08a5,0x10c5,0x10c5,0x10c5,0x10c5,0x10c5,0x10a4,0x08c5,0x10a5,
  0x10c5,0x10a4,0x10c5,0x0884,0x10c5,0x08a4,0x10a5,0x08c5,0x10a4,0x10c5,0x10a4,0x10c5,0x0884,0x10c5,0x08a4,0x10c5,
  0x10a4,0x10a5,0x10a4,0x10a4,0x10c5,0x0884,0x10a4,0x08a4,0x10a4,0x08c5,0x10a4,0x10a4,0x10a5,0x08c5,0x1084,0x10c5,
  0x10a4,0x10a5,0x10a4,0x08a4,0x10a4,0x1084,0x10a4,0x1084,0x10a4,0x10a4,0x10a5,0x10a4,0x1084,0x08a4,0x1084,0x08a4,
  0x08a5,0x1084,0x08a4,0x0884,0x10a4,0x10a4,0x0884,0x10a4,0x0884,0x10a4,0x0883,0x10a4,0x08a3,0x1084,0x08a4,0x10a4,
  0x0884,0x10a4,0x08a4,0x1084,0x08a3,0x1084,0x08a4,0x10a3,0x0884,0x10a4,0x08a4,0x1084,0x08a4,0x10a3,0x0884,0x10a4,
  0x0883,0x10a4,0x0884,0x10a4,0x0884,0x10a4,0x08a4,0x1084,0x08a4,0x1083,0x08a4,0x10a4,0x0884,0x10a4,0x1084,0x08a4,
  0x1084,0x08a4,0x1084,0x08a4,0x10a3,0x0884,0x10a4,0x1084,0x08a4,0x1083,0x08a4,0x10a4,0x0883,0x10a4,0x0883,0x10a4,
  0x08a4,0x1083,0x08a4,0x1083,0x08a4,0x1084,0x08a4,0x10a4,0x0884,0x10a4,0x0883,0x10a4,0x0884,0x10a3,0x08a4,0x1083,
  0x08a4,0x1084,0x08a3,0x1084,0x08a3,0x1084,0x08a4,0x1084,0x08a4,0x1084,0x08a4,0x10a4,0x0883,0x10a4,0x0884,0x10a4,
  0x1084,0x08a4,0x10a4,0x0884,0x10a4,0x08a4,0x1084,0x08a4,0x10a4,0x0884,0x10a3,0x0884,0x10a4,0x08a4,0x1083,0x08a4,
  0x10a3,0x0884,0x10a4,0x10a3,0x0884,0x10a4,0x0883,0x10a4,0x08a4,0x1084,0x08a4,0x10a4,0x0884,0x10a4,0x0884,0x10a4,
  0x0883,0x10a4,0x0884,0x10a3,0x0884,0x10a3,0x08a4,0x1084,0x08a4,0x1084,0x08a4,0x10a4,0x0884,0x10a4,0x1084,0x08a4,
  0x1084,0x08a4,0x1084,0x08a4,0x1084,0x08a4,0x1084,0x08a4,0x10a4,0x0884,0x10a3,0x08a4,0x1084,0x08a3,0x10a4,0x0884,
  0x10a3,0x08a4,0x1083,0x08a4,0x1084,0x08a3,0x1084,0x08a4,0x1084,0x08a4,0x1083,0x10a4,0x08a4,0x1084,0x08a4,0x1084,
  0x08a3,0x10a4,0x0884,0x10a3,0x0884,0x10a4,0x08a4,0x1084,0x08a3,0x1084,0x08a4,0x10a4,0x1084,0x08a4,0x1083,0x08a4,
  0x1084,0x08a4,0x1084,0x08a4,0x1084,0x08a4,0x1084,0x08a4,0x1084,0x08a4,0x10a4,0x0884,0x10a4,0x0883,0x10a4,0x0884,
  0x10a3,0x08a4,0x1084,0x08a3,0x1084,0x08a4,0x1084,0x08a4,0x1084,0x08a3,0x1084,0x08a4,0x10a4,0x0884,0x10a4,0x08a4,
  0x1084,0x08a4,0x1084,0x08a4,0x1084,0x08a3,0x1084,0x08a3,0x1084,0x08a4,0x1083,0x08a4,0x10a4,0x0884,0x10a4,0x08a4,
  0x1083,0x10a4,0x08a4,0x1084,0x08a4,0x1083,0x08a4,0x10a4,0x0883,0x10a4,0x0884,0x10a4,0x0884,0x10a4,0x1084,0x08a3,
  0x1084,0x08a3,0x10a4,0x1084,0x08a4,0x1084,0x08a4,0x1084,0x08a4,0x10a4,0x0884,0x10a4,0x0884,0x10a4,0x0884,0x10a4,
  0x0884,0x10a4,0x08a4,0x1084,0x08a4,0x1084,0x08a3,0x10a4,0x1084,0x08a4,0x10a4,0x0883,0x10a4,0x0884,0x10a3,0x08a4,
  0x08a4,0x1084,0x08a4,0x10a4,0x0884,0x10a4,0x10a4,0x10a4,0x0884,0x10a4,0x0884,0x10a5,0x10a4,0x0883,0x10a4,0x10a5,
  0x08a4,0x1084,0x10a4,0x0884,0x10a5,0x10a4,0x10a5,0x0884,0x10a4,0x0884,0x10c5,0x10a4,0x10a5,0x0884,0x10a5,0x10a4,
  0x08a5,0x08a4,0x10a4,0x10a5,0x10c5,0x08a4,0x1084,0x10c5,0x08a4,0x10c5,0x10a4,0x10e5,0x10c5,0x10a5,0x08a4,0x10c5,
  0x08a4,0x10c5,0x10a4,0x10a5,0x10c4,0x10a5,0x10c5,0x0884,0x10c5,0x10a4,0x10c5,0x10c5,0x10a4,0x10c5,0x10c5,0x10a4,
  0x10c5,0x10a5,0x10c5,0x10a5,0x10c5,0x10c5,0x10c5,0x10a4,0x10c5,0x10c5,0x10e5,0x08e5,0x10a4,0x18a5,0x18a5,0x10c5,
  0x08e5,0x08e5,0x0105,0x0906,0x08e5,0x10c5,0x10e5,0x10c5,0x08c5,0x1084,0x08a4,0x10c5,0x1084,0x08a4,0x10a4,0x08a4,
  0x10a5,0x10a4,0x1084,0x08a4,0x10c5,0x10a4,0x10c5,0x10c5,0x10a4,0x10c5,0x08a4,0x08a4,0x10c5,0x10a4,0x10c5,0x10a4,
  0x10c5,0x10a4,0x10c5,0x08a4,0x08a5,0x10c5,0x10a4,0x10c5,0x08e5,0x08e5,0x08e6,0x10c5,0x10c5,0x10e6,0x10e6,0x18c5,
  0x10a5,0x10c5,0x10a4,0x10c5,0x10a5,0x08a5,0x10c5,0x10c5,0x10c5,0x10e5,0x1084,0x10c5,0x10c5,0x10c5,0x10c5,0x10a4,
  0x10c5,0x0884,0x10c5,0x10a4,0x10c5,0x10a4,0x10c4,0x10a5,0x10a4,0x10c5,0x08a4,0x10c5,0x10a4,0x10c5,0x10a4,0x10c5,
  0x10e5,0x10c5,0x10a4,0x10c5,0x08a4,0x10a5,0x10a4,0x10a5,0x10a4,0x10a5,0x08a4,0x08c5,0x10a4,0x0884,0x10a5,0x08a4,
  0x10a5,0x08a4,0x10a4,0x0884,0x10a5,0x08a4,0x10a5,0x08a4,0x1084,0x08a4,0x0884,0x10a4,0x0884,0x10a4,0x10a4,0x1084,
  0x08a4,0x10a4,0x1084,0x08a4,0x1084,0x08a4,0x1084,0x10a5,0x08a4,0x10a4,0x10a5,0x1084,0x08a4,0x10a4,0x0884,0x10a4,
  0x1084,0x08a3,0x1084,0x08a4,0x10a4,0x0884,0x10a4,0x0884,0x10a4,0x0884,0x10a4,0x0884,0x10a4,0x0884,0x10a4,0x0884,
  0x10a4,0x08a4,0x1084,0x08a3,0x10a4,0x0884,0x10a3,0x0884,0x10a4,0x08a4,0x1084,0x08a4,0x1083,0x08a4,0x10a4,0x0883,
  0x10a4,0x0884,0x10a3,0x0884,0x10a4,0x1084,0x08a4,0x10a3,0x0884,0x10a4,0x0884,0x10a4,0x0884,0x10a4,0x08a4,0x1084,
  0x10a4,0x0884,0x10a4,0x0884,0x10a4,0x08a4,0x1083,0x10a4,0x0884,0x10a4,0x1084,0x08a4,0x1084,0x10a4,0x0884,0x10a4,
  0x1084,0x08a4,0x10a4,0x0884,0x10a4,0x08a4,0x1083,0x10a4,0x08a4,0x1083,0x10a4,0x0884,0x10a4,0x0884,0x10a4,0x0883,
  0x10a4,0x0884,0x10a3,0x0884,0x10a4,0x1083,0x08a4,0x1084,0x08a3,0x1084,0x08a4,0x1084,0x08a4,0x1084,0x08a4,0x1084,
  0x08a4,0x1084,0x08a4,0x1084,0x08a4,0x10a4,0x0884,0x10a4,0x0884,0x10a3,0x0884,0x10a4,0x1084,0x08a4,0x10a3,0x0884,
  0x10a4,0x08a4,0x1084,0x08a4,0x1084,0x08a4,0x1084,0x10a3,0x0884,0x10a4,0x0883,0x10a4,0x1084,0x08a3,0x1084,0x08a3,
  0x1084,0x08a4,0x10a3,0x1084,0x08a4,0x1083,0x08a4,0x1084,0x08a3,0x1084,0x08a4,0x1084,0x08a4,0x1084,0x08a4,0x1084,
  0x08a4,0x1084,0x08a4,0x1084,0x08a4,0x10a4,0x0884,0x10a4,0x0883,0x10a4,0x08a4,0x1084,0x08a3,0x1084,0x08a4,0x1084,
  0x08a4,0x1084,0x08a4,0x1084,0x08a4,0x1084,0x10a3,0x0884,0x10a4,0x0884,0x10a3,0x0884,0x10a4,0x0884,0x10a4,0x0884,
  0x10a4,0x08a3,0x1084,0x10a4,0x0883,0x10a4,0x08a4,0x1084,0x08a4,0x1084,0x08a4,0x1083,0x08a4,0x10a4,0x0884,0x10a4,
  0x0884,0x10a4,0x0884,0x10a4,0x0884,0x10a3,0x0884,0x10a4,0x0884,0x10a4,0x0884,0x10a4,0x0883,0x10a4,0x0884,0x10a3,
  0x0884,0x10a4,0x0884,0x10a3,0x08a4,0x1084,0x08a4,0x1084,0x08a4,0x1084,0x08a4,0x1084,0x08a4,0x1084,0x08a4,0x1084,
  0x08a4,0x1084,0x08a4,0x1083,0x08a4,0x10a4,0x0884,0x10a4,0x1084,0x08a4,0x10a4,0x0884,0x10a4,0x0883,0x10a4,0x08a4,
  0x1084,0x08a4,0x1084,0x08a3,0x1084,0x08a4,0x10a3,0x0884,0x10a4,0x0883,0x10a4,0x0884,0x10a3,0x1084,0x08a4,0x1083,
  0x08a4,0x1084,0x10a3,0x0884,0x10a4,0x08a4,0x1084,0x08a4,0x1084,0x08a3,0x1084,0x10a4,0x0884,0x10a4,0x0884,0x10a4,
  0x10a4,0x0883,0x10a4,0x1084,0x08a4,0x08a4,0x1084,0x08a4,0x1084,0x10a4,0x10a4,0x08a4,0x1084,0x08a4,0x1084,0x08a4,
  0x1084,0x08a3,0x10c5,0x10a4,0x08a3,0x1084,0x08a4,0x10a4,0x10a4,0x0884,0x10a4,0x10a5,0x08a4,0x10c5,0x10a4,0x0884,
  0x10a4,0x10c4,0x08a4,0x08a4,0x10a4,0x10c5,0x08a4,0x10c5,0x10a4,0x10a5,0x08a4,0x10a5,0x10c4,0x10a4,0x10c5,0x10a4,
  0x10c5,0x1084,0x10c5,0x08a4,0x10a5,0x10a4,0x08a4,0x10c5,0x10a4,0x10c5,0x08a4,0x10a5,0x10c5,0x10a5,0x10a5,0x10c5,
  0x10c5,0x08a4,0x10c5,0x10c5,0x10c5,0x10c5,0x10c5,0x10c5,0x10c5,0x10e5,0x08c5,0x08e5,0x10c5,0x18a5,0x20a5,0x20a5,
  0x18a5,0x18c5,0x10e6,0x10e5,0x10c5,0x10c5,0x08e6,0x10e5,0x08c4,0x10c5,0x08e4,0x10c5,0x08e5,0x10c5,0x08e5,0x10a4,
  0x08c5,0x08c4,0x08c4,0x10c5,0x08a4,0x08c5,0x10a4,0x08e5,0x10c5,0x08e5,0x10e5,0x10c5,0x08e5,0x10c5,0x08e5,0x10c5,
  0x08e5,0x10c5,0x08e5,0x10e5,0x08e5,0x10e4,0x08a4,0x10c5,0x10c5,0x10c5,0x18a5,0x18c5,0x18a5,0x10c5,0x10a5,0x10c5,
  0x18c4,0x10c5,0x10e5,0x10a4,0x10c5,0x10c5,0x10c5,0x10c5,0x10a4,0x10c5,0x10a5,0x10a4,0x10a5,0x10a5,0x10c5,0x10a5,
  0x10c5,0x10a4,0x10c5,0x10a4,0x10c5,0x08a4,0x10a5,0x10a4,0x08a4,0x10c5,0x1084,0x10c5,0x10a4,0x10a5,0x10a4,0x10c5,
  0x10a4,0x10c5,0x08a4,0x10c5,0x1084,0x08a4,0x10c5,0x08a4,0x1084,0x10c4,0x10a4,0x0884,0x10a5,0x10a4,0x08a4,0x1084,
  0x10a4,0x10a4,0x10a5,0x10a4,0x10a4,0x0884,0x10a4,0x0884,0x10a5,0x10a4,0x10a4,0x10a4,0x10a4,0x0884,0x08a4,0x10a4,
  0x0883,0x10a4,0x0884,0x10a4,0x10a4,0x0884,0x10a4,0x08a3,0x1084,0x08a3,0x1084,0x08a4,0x1084,0x08a3,0x1084,0x08a3,
  0x10a4,0x0884,0x10a4,0x0884,0x10a3,0x1084,0x08a4,0x10a3,0x0884,0x10a4,0x0883,0x10a4,0x0883,0x10a4,0x08a4,0x1083,
  0x08a4,0x1084,0x08a4,0x1084,0x08a4,0x1084,0x10a4,0x0884,0x10a3,0x1084,0x08a4,0x1084,0x08a4,0x1084,0x08a4,0x10a4,
  0x0884,0x10a4,0x08a4,0x1084,0x08a4,0x10a3,0x0884,0x10a4,0x0884,0x10a4,0x08a4,0x1083,0x08a4,0x1084,0x10a4,0x0883,
  0x10a4,0x0884,0x10a3,0x10a4,0x0884,0x10a4,0x0884,0x10a4,0x0883,0x10a4,0x08a4,0x1083,0x08a4,0x1084,0x08a3,0x1084,
  0x08a4,0x1083,0x08a4,0x1084,0x10a4,0x0884,0x10a4,0x0884,0x10a4,0x0884,0x10a4,0x0884,0x10a3,0x10a4,0x0884,0x10a4,
  0x08a4,0x1084,0x08a4,0x1084,0x08a4,0x1084,0x08a4,0x1084,0x08a4,0x1084,0x10a4,0x08a3,0x1084,0x08a3,0x1084,0x08a4,
  0x1083,0x08a4,0x1084,0x08a3,0x1084,0x08a4,0x1083,0x08a4,0x1084,0x08a4,0x1084,0x08a3,0x10a4,0x0884,0x10a4,0x0884,
  0x10a4,0x0883,0x10a4,0x0884,0x10a4,0x1083,0x08a4,0x1084,0x08a4,0x10a4,0x1084,0x08a4,0x1084,0x08a4,0x1084,0x08a4,
  0x10a4,0x0884,0x10a4,0x0884,0x10a4,0x08a4,0x1084,0x08a4,0x1084,0x08a4,0x1084,0x08a3,0x1084,0x08a4,0x1083,0x08a4,
  0x1084,0x08a3,0x10a4,0x0884,0x10a3,0x0884,0x10a4,0x0884,0x10a4,0x0884,0x10a4,0x0884,0x10a4,0x0884,0x10a3,0x08a4,
  0x1084,0x08a3,0x1084,0x08a4,0x10a3,0x0884,0x10a4,0x08a4,0x1084,0x10a4,0x0884,0x10a4,0x0883,0x10a4,0x08a4,0x1083,
  0x08a4,0x1084,0x08a4,0x1084,0x08a4,0x1084,0x10a3,0x0884,0x10a3,0x08a4,0x1084,0x10a4,0x0884,0x10a4,0x0883,0x10a4,
  0x10a4,0x0883,0x10a4,0x0884,0x10a4,0x0884,0x10a4,0x08a3,0x1084,0x08a4,0x10a3,0x0884,0x10a4,0x1084,0x08a4,0x1084,
  0x08a4,0x1083,0x08a4,0x1084,0x08a4,0x1084,0x08a4,0x10a4,0x0883,0x10a4,0x08a4,0x1083,0x08a4,0x10a3,0x0884,0x10a3,
  0x0884,0x10a4,0x0884,0x10a4,0x0884,0x10a4,0x0883,0x10a4,0x0884,0x10a3,0x0884,0x10a3,0x0884,0x10a4,0x0884,0x10a4,
  0x0884,0x10a4,0x0884,0x10a4,0x08a4,0x1084,0x08a4,0x1084,0x10a4,0x0884,0x10a4,0x10a4,0x0884,0x10a4,0x08a4,0x1084,
  0x08a4,0x10a4,0x0884,0x10a4,0x0883,0x10a4,0x1084,0x08a3,0x10a4,0x0884,0x10a4,0x0884,0x10a3,0x08a4,0x1084,0x08a4,
  0x10a4,0x0884,0x10a4,0x10a5,0x10a4,0x0884,0x10a4,0x0884,0x10a4,0x0884,0x10a4,0x0884,0x10a4,0x08a4,0x10a4,0x0884,
  0x10a4,0x10a4,0x0884,0x10a4,0x10a5,0x08a4,0x10a4,0x1084,0x10a4,0x10a5,0x08c4,0x10a4,0x10a4,0x10a4,0x10a5,0x10a4,
  0x10a5,0x08a4,0x10a5,0x10a4,0x08a4,0x1084,0x10c5,0x10a4,0x10c5,0x10a4,0x10c5,0x10c4,0x08a5,0x10c5,0x08a4,0x10c5,
  0x1084,0x10c5,0x08a4,0x10c5,0x10a4,0x10c5,0x10c5,0x10a4,0x10c5,0x0884,0x10c5,0x10c5,0x10a4,0x10c5,0x10c5,0x10e5,
  0x10c5,0x10c6,0x10c5,0x10c5,0x18c5,0x10a4,0x10c5,0x10c5,0x10a4,0x10c5,0x10e5,0x08e6,0x10e5,0x18a5,0x18a5,0x20a5,
  0x18a5,0x10a4,0x10c5,0x10a4,0x10a5,0x10c5,0x08e5,0x08e5,0x0905,0x10e5,0x08e5,0x1105,0x08e5,0x10e4,0x08e5,0x10e5,
  0x10e5,0x10e5,0x10e5,0x08e5,0x10e5,0x08e5,0x10e5,0x08e5,0x10e5,0x08e5,0x10e5,0x10e5,0x08e5,0x10e5,0x0905,0x10e5,
  0x08e5,0x10e5,0x08e5,0x10e5,0x08e5,0x08e5,0x10a4,0x10c5,0x10c5,0x10a5,0x18c5,0x18a5,0x18a5,0x18a5,0x10a4,0x10c5,
  0x10a4,0x08a4,0x10c5,0x10c5,0x10a5,0x10c5,0x10c5,0x10c5,0x10c5,0x10c5,0x10c5,0x10c5,0x10c5,0x10c5,0x10c5,0x10c5,
  0x10c5,0x10a4,0x10c5,0x0884,0x10c5,0x10a4,0x10c5,0x10a5,0x10a4,0x10c5,0x08a4,0x10c5,0x08a4,0x10c5,0x08a4,0x10a4,
  0x10e5,0x10c5,0x10a4,0x10c5,0x10a4,0x10c5,0x10a4,0x10a5,0x08a4,0x10a5,0x08c4,0x10a4,0x08a4,0x10c5,0x10a4,0x10a4,
  0x08a4,0x10a5,0x08a4,0x10a4,0x10a4,0x08a4,0x10a5,0x10a4,0x1084,0x08a4,0x0884,0x10a4,0x0884,0x10a4,0x0884,0x10a4,
  0x1084,0x08a4,0x10a4,0x1084,0x08a4,0x10a4,0x08a4,0x1084,0x08a4,0x1084,0x08a4,0x10a4,0x0884,0x10a4,0x0884,0x10a4,
  0x0884,0x10a4,0x0883,0x10a4,0x0884,0x10a4,0x0884,0x10a4,0x1084,0x08a4,0x10a4,0x0884,0x10a4,0x0884,0x10a4,0x1084,
  0x08a4,0x10a3,0x1084,0x08a4,0x1083,0x08a4,0x10a4,0x0884,0x10a4,0x0884,0x10a3,0x08a4,0x1084,0x08a3,0x1084,0x08a4,
  0x1083,0x08a4,0x1084,0x08a3,0x1084,0x08a4,0x1084,0x08a4,0x10a4,0x0883,0x10a4,0x1084,0x08a4,0x10a3,0x0884,0x10a4,
  0x0884,0x10a4,0x0884,0x10a4,0x0883,0x10a4,0x0884,0x10a4,0x08a4,0x1084,0x08a4,0x1084,0x08a4,0x10a4,0x0884,0x10a4,
  0x08a4,0x1084,0x08a4,0x10a3,0x0884,0x10a4,0x0883,0x10a4,0x0884,0x10a3,0x08a4,0x1084,0x08a4,0x1084,0x08a4,0x1083,
  0x08a4,0x1084,0x10a3,0x08a4,0x1084,0x08a3,0x10a4,0x0883,0x10a4,0x08a4,0x1084,0x08a4,0x1084,0x08a4,0x10a4,0x1084,
  0x08a4,0x10a4,0x0884,0x10a4,0x08a4,0x1084,0x08a4,0x10a4,0x1083,0x08a4,0x10a4,0x0884,0x10a4,0x0883,0x10a4,0x08a4,
  0x1084,0x10a4,0x08a4,0x1083,0x08a4,0x10a4,0x0884,0x10a4,0x0883,0x10a4,0x0884,0x10a3,0x08a4,0x1084,0x08a3,0x1084,
  0x08a4,0x1083,0x08a4,0x10a3,0x0884,0x10a4,0x1083,0x08a4,0x10a4,0x1083,0x08a4,0x10a4,0x0884,0x10a4,0x08a4,0x1084,
  0x08a4,0x1084,0x10a4,0x0884,0x10a4,0x1084,0x08a3,0x10a4,0x1084,0x08a3,0x1084,0x08a4,0x10a3,0x1084,0x08a4,0x1084,
  0x10a4,0x0884,0x10a4,0x1084,0x08a4,0x1084,0x08a4,0x1084,0x08a3,0x10a4,0x0884,0x10a4,0x08a4,0x1084,0x10a4,0x0884,
  0x10a4,0x0884,0x10a3,0x08a4,0x1084,0x08a4,0x10a4,0x0884,0x10a4,0x1084,0x08a3,0x1084,0x08a4,0x1084,0x10a4,0x0884,
  0x10a4,0x0884,0x10a4,0x10a3,0x0884,0x10a4,0x0884,0x10a4,0x0884,0x10a4,0x1084,0x08a4,0x1084,0x08a3,0x10a4,0x0884,
  0x10a4,0x08a4,0x1084,0x08a4,0x1084,0x08a3,0x1084,0x08a4,0x1084,0x10a4,0x0884,0x10a4,0x1084,0x08a4,0x1084,0x08a4,
  0x10a4,0x0883,0x10a4,0x08a4,0x1083,0x08a4,0x1084,0x08a4,0x10a4,0x0884,0x10a4,0x1084,0x08a4,0x10a4,0x0883,0x10a4,
  0x08a4,0x1083,0x08a4,0x1084,0x08a3,0x1084,0x10a4,0x08a3,0x1084,0x08a4,0x1083,0x08a4,0x1084,0x08a3,0x1084,0x08a4,
  0x1083,0x08a4,0x1084,0x08a4,0x10a4,0x0884,0x10a4,0x0884,0x10a4,0x0884,0x10a4,0x08a4,0x1084,0x10a4,0x0883,0x10a4,
  0x1084,0x08a4,0x1083,0x08a4,0x1084,0x10a4,0x10a4,0x10a4,0x08a4,0x10a4,0x1084,0x10a4,0x08a4,0x1084,0x08a4,0x10a4,
  0x1084,0x08a4,0x10a4,0x10a5,0x10a4,0x1084,0x08a4,0x10a4,0x08a4,0x08a4,0x10a4,0x10a5,0x08a4,0x10c5,0x0884,0x10c4,
  0x10a4,0x10a4,0x10a5,0x10a4,0x10a5,0x10a4,0x08a4,0x10c5,0x08a4,0x10a5,0x10a4,0x10c5,0x10c4,0x10a5,0x10a4,0x10c5,
  0x08a4,0x10c5,0x10a4,0x10a5,0x10c4,0x08a4,0x10a5,0x10a4,0x10c5,0x10a4,0x10a4,0x10c5,0x10c5,0x10c5,0x10c5,0x10c5,
  0x10c5,0x18c5,0x10c5,0x10a4,0x10c5,0x10c6,0x10c5,0x10c5,0x10a5,0x10c5,0x10c5,0x08e5,0x08e5,0x10e5,0x18c4,0x18c4,
  0x10c4,0x10e5,0x10e4,0x10c4,0x18c5,0x10c5,0x0905,0x0905,0x1105,0x1105,0x1105,0x10e5,0x08e5,0x1105,0x10e5,0x1105,
  0x0905,0x08e5,0x1105,0x1105,0x1105,0x0905,0x10e5,0x1106,0x10e5,0x1105,0x08e5,0x1106,0x08e5,0x1105,0x08e5,0x10e6,
  0x1105,0x10e5,0x1105,0x08e5,0x1105,0x08e5,0x1105,0x08e5,0x10e5,0x18e5,0x10c5,0x10c4,0x08a4,0x10c5,0x08c5,0x10c5,
  0x08a4,0x10c5,0x10a4,0x10c5,0x10a5,0x10c5,0x10c5,0x18c5,0x10e5,0x10c5,0x18c5,0x10c6,0x10c5,0x10c5,0x10c5,0x10c5,
  0x10c5,0x10a4,0x10c5,0x10a4,0x10c5,0x10a4,0x10a5,0x10c4,0x08a4,0x10c5,0x10a4,0x10c5,0x1084,0x10c5,0x10a4,0x10c5,
  0x10c5,0x10a4,0x10a5,0x10c4,0x08a4,0x1084,0x10c5,0x10a4,0x10c5,0x10a4,0x10a4,0x08a5,0x10a4,0x1084,0x10a5,0x10a4,
  0x10a5,0x10a4,0x10a4,0x08a4,0x1084,0x10a4,0x1084,0x08a4,0x10a4,0x10a4,0x08a5,0x10a4,0x10a4,0x1084,0x08a4,0x10a4,
  0x0884,0x10a4,0x10a4,0x0884,0x10a4,0x1084,0x08a4,0x1084,0x08a4,0x10a5,0x1084,0x08a3,0x1084,0x10a4,0x08a4,0x1084,
  0x10a3,0x0884,0x10a4,0x10a4,0x0884,0x10a3,0x10a4,0x0884,0x10a3,0x0884,0x10a4,0x1083,0x08a4,0x10a4,0x0883,0x10a4,
  0x1084,0x08a4,0x1084,0x08a4,0x10a4,0x1084,0x08a3,0x1084,0x08a4,0x10a4,0x1084,0x08a4,0x1084,0x10a4,0x0884,0x10a4,
  0x10a4,0x0884,0x10a4,0x1084,0x08a4,0x1084,0x10a4,0x0883,0x10a4,0x1084,0x08a4,0x10a4,0x0884,0x10a4,0x0884,0x10a4,
  0x08a3,0x1084,0x08a4,0x1084,0x10a4,0x0884,0x10a3,0x1084,0x08a4,0x1083,0x10a4,0x08a4,0x1083,0x10a4,0x0884,0x10a3,
  0x1084,0x08a4,0x1084,0x08a4,0x1084,0x10a4,0x08a4,0x1084,0x10a4,0x0884,0x10a4,0x1084,0x08a3,0x10a4,0x1084,0x08a4,
  0x1084,0x08a4,0x1084,0x08a4,0x10a4,0x1084,0x08a4,0x1084,0x10a4,0x0883,0x10a4,0x1084,0x08a4,0x1083,0x08a4,0x10a4,
  0x1083,0x08a4,0x1084,0x10a3,0x0884,0x10a4,0x1083,0x08a4,0x1084,0x10a4,0x0884,0x10a4,0x1084,0x08a4,0x1084,0x10a3,
  0x0884,0x10a4,0x0884,0x10a4,0x1084,0x08a4,0x10a4,0x0884,0x10a4,0x0884,0x10a4,0x0884,0x10a4,0x0884,0x10a4,0x10a4,
  0x0884,0x10a4,0x1084,0x08a4,0x1084,0x08a4,0x10a4,0x1084,0x08a4,0x1084,0x08a4,0x1084,0x10a3,0x0884,0x10a4,0x10a3,
  0x1084,0x08a4,0x1083,0x08a4,0x10a4,0x0884,0x10a4,0x0884,0x10a4,0x10a4,0x0884,0x10a4,0x0884,0x10a4,0x1084,0x08a3,
  0x10a4,0x0884,0x10a3,0x08a4,0x1084,0x10a4,0x0883,0x10a4,0x0884,0x10a4,0x1083,0x08a4,0x1084,0x08a3,0x1084,0x10a4,
  0x08a3,0x1084,0x10a4,0x0884,0x10a3,0x1084,0x08a4,0x1084,0x08a3,0x1084,0x08a4,0x10a4,0x1084,0x08a3,0x10a4,0x0884,
  0x10a3,0x08a4,0x1084,0x08a4,0x1084,0x10a3,0x08a4,0x1084,0x10a3,0x0884,0x10a4,0x0883,0x10a4,0x1084,0x08a4,0x10a3,
  0x1084,0x10a4,0x0883,0x10a4,0x10a4,0x1084,0x08a4,0x1083,0x08a4,0x1084,0x10a3,0x08a4,0x1084,0x08a4,0x10a4,0x1084,
  0x08a4,0x1084,0x10a4,0x0884,0x10a4,0x1084,0x08a4,0x1084,0x10a3,0x0884,0x10a4,0x08a4,0x1083,0x10a4,0x0884,0x10a4,
  0x1084,0x08a4,0x10a4,0x1084,0x10a4,0x08a4,0x1084,0x08a4,0x1084,0x08a4,0x10a4,0x0884,0x10a4,0x1084,0x08a4,0x10a4,
  0x1084,0x08a4,0x10a3,0x1084,0x08a4,0x1083,0x08a4,0x1084,0x10a4,0x08a3,0x1084,0x10a4,0x0883,0x10a4,0x0884,0x10a4,
  0x08a4,0x10a4,0x08a4,0x1084,0x08a4,0x10a4,0x0884,0x0884,0x10a4,0x10a4,0x08a4,0x1084,0x08a4,0x10a4,0x1084,0x08a4,
  0x10a4,0x0884,0x10a4,0x08a4,0x10a4,0x08a4,0x10a4,0x08a4,0x10a4,0x08a4,0x10a5,0x08a4,0x08a4,0x10a4,0x10a4,0x08a4,
  0x10a5,0x08a4,0x10a4,0x08a5,0x08a4,0x10a4,0x10a4,0x10a5,0x10a4,0x10c5,0x08a4,0x10a5,0x10a4,0x10a5,0x10c4,0x10a4,
  0x10a5,0x10a4,0x10c5,0x08a4,0x10a5,0x10c4,0x10a5,0x08c4,0x10a4,0x10c5,0x10c5,0x10c5,0x10c5,0x10c5,0x10c5,0x10c5,
  0x10a5,0x10c5,0x10c5,0x10e5,0x10c5,0x10c5,0x10c5,0x10a5,0x10a4,0x10a5,0x10c5,0x08e5,0x0125,0x1105,0x10e5,0x1105,
  0x0925,0x0945,0x0925,0x1105,0x1906,0x1105,0x0946,0x0925,0x1126,0x0905,0x1126,0x1105,0x1125,0x1106,0x1125,0x0906,
  0x1125,0x1106,0x1125,0x1105,0x0906,0x1125,0x1106,0x1125,0x0906,0x1126,0x1105,0x1126,0x1105,0x1126,0x1126,0x1106,
  0x1125,0x0926,0x1106,0x1125,0x1126,0x1105,0x1126,0x1125,0x1105,0x1105,0x1125,0x0925,0x1125,0x0905,0x1105,0x0904,
  0x10e5,0x10a5,0x10a4,0x10c5,0x10c5,0x10c5,0x10c5,0x10c5,0x10c5,0x10c5,0x10a5,0x10c5,0x10c5,0x10c5,0x10c5,0x10c5,
  0x10c5,0x08a4,0x10c5,0x08a4,0x10c5,0x08a4,0x10a5,0x10c4,0x10a5,0x10c5,0x0884,0x10c5,0x10a4,0x10c5,0x08a4,0x10c5,
  0x10c4,0x08a4,0x10c5,0x08a4,0x10c5,0x08a4,0x08a4,0x10a4,0x08a4,0x10a4,0x0884,0x10a5,0x08a4,0x10a4,0x08a4,0x10c5,
  0x08a4,0x10a4,0x0884,0x10a4,0x10a5,0x08a4,0x10a4,0x0884,0x10a4,0x0884,0x10a4,0x0884,0x10a4,0x08a4,0x1084,0x08a4,
  0x10a4,0x10a4,0x0884,0x10a4,0x08a4,0x10a4,0x0884,0x10a4,0x10a4,0x0883,0x10a4,0x0884,0x10a4,0x0883,0x10a4,0x0884,
  0x10a4,0x08a4,0x1084,0x08a4,0x10a4,0x0884,0x08a4,0x1084,0x08a4,0x10a4,0x0884,0x10a4,0x0884,0x10a4,0x0884,0x10a4,
  0x08a4,0x1083,0x08a4,0x1083,0x08a4,0x1084,0x08a4,0x10a4,0x0883,0x10a4,0x0884,0x10a3,0x08a4,0x1084,0x08a3,0x1084,
  0x08a4,0x1083,0x08a4,0x10a4,0x0883,0x10a4,0x08a4,0x1084,0x08a4,0x1084,0x08a3,0x1084,0x08a4,0x1084,0x08a3,0x1084,
  0x08a4,0x1084,0x08a3,0x10a4,0x0884,0x10a4,0x08a4,0x1084,0x08a4,0x10a4,0x0884,0x10a4,0x0884,0x08a4,0x10a4,0x0884,
  0x10a4,0x08a3,0x1084,0x08a4,0x10a3,0x0884,0x10a4,0x0883,0x10a4,0x08a4,0x1083,0x08a4,0x1084,0x08a4,0x0884,0x10a3,
  0x08a4,0x1084,0x08a3,0x1084,0x08a4,0x1083,0x08a4,0x10a4,0x0884,0x10a4,0x0884,0x08a3,0x10a4,0x0884,0x10a4,0x0884,
  0x10a4,0x0884,0x10a4,0x0884,0x10a4,0x0884,0x10a4,0x0884,0x08a4,0x10a3,0x0884,0x10a3,0x08a4,0x1084,0x08a4,0x1084,
  0x08a4,0x1083,0x08a4,0x10a4,0x0883,0x10a4,0x0883,0x10a4,0x08a4,0x1083,0x08a4,0x10a4,0x0883,0x10a4,0x0884,0x10a3,
  0x0884,0x10a4,0x0884,0x10a3,0x0884,0x10a4,0x0883,0x08a4,0x1083,0x08a4,0x10a4,0x0884,0x10a4,0x08a4,0x1084,0x08a4,
  0x0884,0x10a4,0x08a4,0x1084,0x08a3,0x1084,0x08a4,0x10a3,0x0884,0x08a4,0x1083,0x08a4,0x10a4,0x0883,0x08a4,0x1084,
  0x08a4,0x10a4,0x0884,0x10a4,0x0883,0x10a4,0x08a4,0x1084,0x08a4,0x1084,0x08a4,0x10a4,0x0884,0x10a4,0x08a4,0x0884,
  0x10a4,0x0884,0x10a4,0x08a4,0x1084,0x08a4,0x1083,0x08a4,0x10a4,0x0884,0x10a4,0x0883,0x08a4,0x1084,0x08a4,0x1084,
  0x08a4,0x1084,0x08a4,0x1083,0x08a4,0x1084,0x08a4,0x1084,0x08a4,0x10a4,0x0884,0x10a4,0x08a4,0x0884,0x10a4,0x0884,
  0x08a4,0x1084,0x08a4,0x1084,0x08a3,0x08a4,0x1084,0x08a4,0x10a4,0x08a4,0x0884,0x10a4,0x0883,0x10a4,0x0883,0x10a4,
  0x0883,0x10a4,0x0884,0x10a3,0x08a4,0x1084,0x08a3,0x10a4,0x0884,0x10a4,0x0883,0x10a4,0x0884,0x10a4,0x08a4,0x1083,
  0x08a4,0x1084,0x08a3,0x0884,0x10a3,0x0884,0x10a4,0x0883,0x10a4,0x0883,0x10a4,0x0884,0x10a3,0x08a4,0x1083,0x08a4,
  0x1084,0x08a4,0x1084,0x08a4,0x1084,0x08a4,0x10a4,0x0883,0x10a4,0x0884,0x10a4,0x0884,0x10a4,0x08a4,0x1084,0x08a4,
  0x1084,0x0884,0x08a4,0x10a4,0x0884,0x10a4,0x10a4,0x10a4,0x0884,0x0884,0x10a4,0x10a4,0x0884,0x10a4,0x08a4,0x1084,
  0x10a4,0x10a4,0x10a4,0x08a4,0x10a4,0x10a4,0x10a5,0x08a4,0x08a4,0x1084,0x10a4,0x10a4,0x10a5,0x10a4,0x08a4,0x10a5,
  0x08a4,0x10a5,0x10a4,0x10a4,0x10a5,0x08a4,0x10a4,0x10a5,0x10a4,0x10a4,0x10c5,0x10c5,0x08c4,0x10c5,0x08a4,0x10c5,
  0x08a4,0x10c5,0x10a4,0x10c5,0x10a4,0x08a5,0x10c4,0x1084,0x10c5,0x0884,0x10a4,0x10c5,0x10c5,0x10c5,0x10c5,0x10c5,
  0x10c5,0x10c5,0x18c5,0x10a5,0x10c5,0x10a4,0x10c5,0x10c5,0x10a5,0x18a5,0x10c5,0x0905,0x0145,0x0145,0x0965,0x0966,
  0x0985,0x01a6,0x0986,0x0966,0x0966,0x1166,0x0987,0x0987,0x0966,0x0967,0x0966,0x0967,0x0966,0x0967,0x0966,0x0966,
  0x0966,0x0966,0x0967,0x0966,0x0967,0x0966,0x0967,0x0966,0x0967,0x0966,0x0967,0x0967,0x0966,0x0967,0x0966,0x0967,
  0x0967,0x0966,0x0967,0x0967,0x0986,0x0967,0x0986,0x0987,0x0966,0x0986,0x0986,0x0186,0x0986,0x0166,0x0965,0x0125,
  0x0905,0x08e5,0x10c5,0x10c5,0x10a5,0x10c5,0x10a5,0x10a4,0x18c5,0x10c5,0x10c5,0x10e5,0x18c5,0x10a5,0x10c5,0x10c5,
  0x10c5,0x10a4,0x10c5,0x1084,0x10c5,0x10a4,0x10c5,0x08a4,0x10a4,0x10c5,0x10a4,0x10c5,0x08a4,0x10c5,0x10a4,0x10c5,
  0x10c5,0x10c5,0x10a4,0x10a5,0x10a4,0x10a5,0x08a4,0x10a5,0x10a4,0x10a5,0x10a4,0x08a4,0x10a4,0x08a5,0x10a4,0x1084,
  0x10a4,0x08a4,0x10a4,0x10a5,0x0884,0x10a4,0x1084,0x08a4,0x10a4,0x1084,0x10a4,0x10a4,0x0884,0x10a4,0x0884,0x10a4,
  0x0884,0x10a4,0x08a4,0x1084,0x08a4,0x1084,0x08a4,0x10a4,0x0884,0x10a4,0x10a4,0x08a4,0x1084,0x08a4,0x1084,0x08a3,
  0x1084,0x08a4,0x1083,0x08a4,0x1083,0x10a4,0x0884,0x10a3,0x0884,0x10a3,0x0884,0x10a4,0x08a3,0x1084,0x08a4,0x1083,
  0x08a4,0x1084,0x08a4,0x1084,0x08a4,0x1083,0x08a4,0x1084,0x08a4,0x1084,0x08a4,0x1084,0x08a4,0x1084,0x08a4,0x10a4,
  0x0884,0x10a4,0x0884,0x10a4,0x0884,0x10a4,0x0883,0x10a4,0x0884,0x10a4,0x0884,0x10a4,0x0883,0x10a4,0x0884,0x10a4,
  0x1084,0x08a4,0x1084,0x08a4,0x1083,0x08a4,0x1084,0x08a3,0x1084,0x08a4,0x1083,0x08a4,0x1084,0x10a3,0x0884,0x10a4,
  0x0884,0x10a4,0x0884,0x10a4,0x0884,0x10a4,0x0884,0x10a4,0x0884,0x10a4,0x0884,0x10a4,0x08a4,0x1083,0x10a4,0x0884,
  0x10a4,0x0884,0x10a4,0x0884,0x10a4,0x0884,0x10a4,0x0883,0x10a4,0x0884,0x10a4,0x1084,0x08a4,0x1084,0x08a3,0x1084,
  0x08a4,0x10a3,0x0884,0x10a4,0x08a3,0x1084,0x08a4,0x10a3,0x1084,0x08a4,0x1084,0x08a4,0x1084,0x08a3,0x1084,0x08a4,
  0x10a4,0x0884,0x10a4,0x0884,0x10a4,0x0884,0x10a4,0x0884,0x10a4,0x0884,0x10a4,0x0884,0x10a4,0x0884,0x10a4,0x0884,
  0x10a4,0x08a3,0x1084,0x08a4,0x10a4,0x0884,0x10a4,0x1084,0x08a4,0x1084,0x08a3,0x1084,0x08a4,0x1083,0x08a4,0x1084,
  0x10a3,0x0884,0x10a4,0x0884,0x10a4,0x08a4,0x1084,0x08a4,0x1084,0x10a4,0x0884,0x10a4,0x0884,0x10a4,0x1084,0x08a4,
  0x1083,0x08a4,0x1084,0x08a4,0x1084,0x08a4,0x1084,0x08a3,0x1084,0x08a4,0x1083,0x08a4,0x1083,0x08a4,0x1083,0x10a4,
  0x0884,0x10a3,0x0884,0x10a3,0x0884,0x10a4,0x08a4,0x1084,0x08a4,0x1083,0x08a4,0x10a4,0x1084,0x08a4,0x1083,0x08a4,
  0x1084,0x08a3,0x1084,0x08a4,0x10a4,0x0884,0x10a3,0x08a4,0x1084,0x08a3,0x1084,0x08a4,0x1083,0x10a4,0x0884,0x10a3,
  0x1084,0x08a4,0x10a3,0x0884,0x10a4,0x1084,0x08a4,0x1083,0x0884,0x10a4,0x1083,0x08a4,0x1084,0x08a4,0x1084,0x08a4,
  0x1084,0x08a4,0x10a4,0x0884,0x10a4,0x0884,0x10a4,0x0884,0x10a4,0x0884,0x10a4,0x0884,0x10a4,0x0884,0x10a4,0x0884,
  0x10a4,0x0884,0x10a4,0x10a4,0x0884,0x10a4,0x0884,0x10a4,0x08a4,0x1084,0x08a4,0x10a4,0x0884,0x10a4,0x0884,0x10a4,
  0x0883,0x10a4,0x0883,0x10a4,0x0883,0x10a4,0x0884,0x10a4,0x0884,0x10a4,0x0883,0x10a4,0x0884,0x10a3,0x0884,0x10a4,
  0x08a4,0x10a4,0x1084,0x08a4,0x1084,0x08a4,0x1084,0x08a4,0x10a4,0x1084,0x08a4,0x10a4,0x0884,0x10a4,0x08a4,0x1084,
  0x08a4,0x0884,0x10a4,0x10a4,0x10a5,0x0884,0x10a4,0x10a4,0x10c5,0x08a4,0x10a5,0x08a4,0x10a4,0x10a5,0x08a4,0x10a4,
  0x10a4,0x08a4,0x10a5,0x10a4,0x10a4,0x10a5,0x10c5,0x08a4,0x10c5,0x08a4,0x10a5,0x10c4,0x10a5,0x10c5,0x10a5,0x10c5,
  0x10a5,0x10c5,0x10a5,0x10c5,0x10a5,0x10c5,0x10c5,0x10c5,0x10c5,0x10c5,0x10c5,0x10a5,0x10a5,0x18c5,0x10e5,0x08e5,
  0x10e5,0x10c6,0x10c4,0x10c5,0x10c5,0x10c4,0x10a5,0x18e5,0x10c5,0x10c5,0x08e6,0x0145,0x0186,0x1289,0x23ee,0x23ce,
  0x1bee,0x240e,0x1c0e,0x23ee,0x1bef,0x23ef,0x23ef,0x1bef,0x23ee,0x23ee,0x1bef,0x23ef,0x23ee,0x1bef,0x23ef,0x1bef,
  0x23ef,0x1bef,0x1bef,0x23ee,0x1bef,0x240e,0x1bef,0x23ef,0x23ef,0x1bef,0x23ef,0x1bef,0x23ef,0x1bef,0x23ee,0x1bef,
  0x23ef,0x1bef,0x23ee,0x1bef,0x1c0f,0x1bef,0x23cf,0x23cf,0x23ef,0x1c0f,0x240e,0x1c0e,0x1bee,0x23ee,0x23ee,0x0a28,
  0x0166,0x0905,0x0906,0x08e6,0x10c5,0x10c5,0x18c5,0x10a4,0x10c5,0x10a5,0x10e5,0x10c5,0x10c5,0x10c5,0x18c5,0x10c4,
  0x10e5,0x10a4,0x10c5,0x10c5,0x10c5,0x10a5,0x10a5,0x10c5,0x10a5,0x10a5,0x10c5,0x10a5,0x10a4,0x10c5,0x10a5,0x10c4,
  0x10c4,0x10c5,0x10a4,0x10c5,0x08a4,0x10c5,0x10a4,0x10c5,0x08a4,0x10a5,0x10a4,0x10c5,0x10a4,0x08a4,0x10c5,0x08a4,
  0x10a5,0x10a4,0x08a4,0x10a4,0x10a5,0x08a4,0x10a4,0x10a5,0x0884,0x08a5,0x08a4,0x0885,0x10a4,0x10a4,0x08a4,0x1084,
  0x08a4,0x10a4,0x1084,0x10a4,0x0884,0x10a4,0x10a4,0x0884,0x10a4,0x0884,0x10a4,0x0884,0x10a4,0x08a4,0x1084,0x08a4,
  0x10a4,0x0884,0x10a4,0x0884,0x10a4,0x0884,0x10a4,0x08a4,0x1084,0x08a4,0x10a4,0x0884,0x10a4,0x1084,0x08a4,0x10a4,
  0x0884,0x10a4,0x08a4,0x1084,0x08a4,0x10a4,0x0884,0x10a4,0x0883,0x10a4,0x0884,0x10a3,0x0884,0x10a4,0x0883,0x10a4,
  0x0884,0x10a3,0x08a4,0x1084,0x08a3,0x1084,0x08a4,0x10a4,0x0884,0x10a3,0x08a4,0x1084,0x08a4,0x10a4,0x1084,0x08a4,
  0x10a3,0x0884,0x10a4,0x08a4,0x1084,0x08a4,0x10a4,0x0884,0x10a4,0x0884,0x10a4,0x0884,0x10a4,0x0884,0x10a4,0x0883,
  0x10a4,0x0884,0x10a3,0x0884,0x10a4,0x0883,0x10a4,0x08a4,0x1083,0x08a4,0x10a4,0x0883,0x10a4,0x0884,0x10a4,0x08a4,
  0x1083,0x10a4,0x08a4,0x1083,0x08a4,0x10a4,0x0884,0x10a4,0x0884,0x10a3,0x08a4,0x1084,0x08a3,0x10a4,0x0884,0x10a4,
  0x0884,0x10a4,0x0884,0x10a4,0x0884,0x10a4,0x0884,0x10a4,0x0884,0x10a4,0x0884,0x10a4,0x0884,0x10a4,0x08a4,0x1083,
  0x08a4,0x1084,0x08a3,0x1084,0x08a4,0x10a4,0x0883,0x10a4,0x0884,0x10a3,0x1084,0x08a4,0x10a3,0x1084,0x08a4,0x10a3,
  0x0884,0x10a4,0x0884,0x10a4,0x0883,0x10a4,0x0884,0x10a4,0x08a3,0x1084,0x08a4,0x10a4,0x0884,0x10a4,0x0884,0x10a4,
  0x08a4,0x1084,0x08a3,0x10a4,0x0884,0x10a3,0x0884,0x10a4,0x0883,0x10a4,0x08a4,0x1083,0x10a4,0x08a4,0x1083,0x08a4,
  0x1084,0x08a4,0x1083,0x08a4,0x10a4,0x0883,0x10a4,0x08a4,0x1084,0x08a4,0x10a4,0x0884,0x10a4,0x1084,0x08a4,0x1084,
  0x08a4,0x10a4,0x0884,0x10a4,0x08a4,0x1084,0x08a3,0x1084,0x08a4,0x10a4,0x0884,0x10a4,0x0884,0x10a4,0x08a4,0x1084,
  0x08a4,0x10a4,0x0884,0x10a4,0x0884,0x10a4,0x0884,0x10a4,0x0884,0x10a4,0x08a4,0x1084,0x08a4,0x10a4,0x0884,0x10a4,
  0x08a4,0x1084,0x08a4,0x1084,0x08a4,0x1083,0x08a4,0x10a4,0x10a4,0x0884,0x10a4,0x0884,0x10a4,0x08a4,0x1084,0x08a4,
  0x10a4,0x0883,0x10a4,0x0884,0x10a3,0x08a4,0x1084,0x08a3,0x1084,0x08a4,0x10a4,0x0883,0x10a4,0x08a4,0x1083,0x08a4,
  0x10a4,0x0883,0x10a4,0x0884,0x10a4,0x0883,0x10a4,0x0884,0x10a4,0x0883,0x10a4,0x0884,0x10a3,0x0884,0x10a4,0x08a4,
  0x1084,0x08a4,0x10a4,0x0884,0x10a4,0x0884,0x10a4,0x08a4,0x1083,0x08a4,0x10a4,0x0884,0x10a4,0x0884,0x10a4,0x0884,
  0x1084,0x08a3,0x10a5,0x10a3,0x0884,0x10a4,0x08a4,0x1084,0x08a4,0x1083,0x10a5,0x0884,0x10a4,0x0884,0x10a4,0x10a5,
  0x08a4,0x10a4,0x10a5,0x0884,0x10a4,0x08a4,0x10a5,0x08a4,0x10a4,0x10a5,0x08a4,0x10a4,0x08a5,0x10a4,0x10a5,0x10a4,
  0x10a5,0x1084,0x08a4,0x10c5,0x08a4,0x10c5,0x10a4,0x10c5,0x10a4,0x10c5,0x10a4,0x10c5,0x10c5,0x10a4,0x10c5,0x10a4,
  0x10c5,0x10a4,0x10c5,0x10c4,0x10a5,0x10a5,0x10c5,0x10c5,0x10c5,0x10c5,0x10a4,0x10c5,0x18c4,0x10a5,0x10e6,0x00e6,
  0x10e6,0x10c5,0x18c5,0x18e5,0x10e4,0x10c5,0x10a4,0x08a4,0x10e5,0x1127,0x08e6,0x01e7,0x3450,0x1cd1,0x2d73,0x25b4,
  0x2594,0x2594,0x1db4,0x1db4,0x1db4,0x1db4,0x2594,0x2594,0x2594,0x2595,0x2594,0x2594,0x2594,0x1d94,0x2594,0x1db4,
  0x25b4,0x25b4,0x2594,0x1db4,0x2594,0x25b5,0x2594,0x2594,0x2594,0x2594,0x2594,0x2594,0x2594,0x25b5,0x1d94,0x2594,
  0x25b4,0x1d94,0x25b4,0x1db5,0x1dd4,0x1db4,0x2574,0x3574,0x2594,0x1db4,0x1db4,0x25b4,0x2594,0x25d4,0x1d72,0x2470,
  0x3c30,0x0187,0x0146,0x0905,0x10e5,0x10a4,0x18a4,0x18c5,0x10a4,0x10e5,0x08e5,0x10e5,0x10c6,0x10c5,0x18c5,0x10e5,
  0x10e4,0x10c5,0x10c5,0x10c5,0x10c5,0x10c5,0x10a4,0x10a5,0x10c5,0x10a4,0x10c5,0x10a4,0x10a5,0x10a4,0x10c5,0x10a5,
  0x08a5,0x10a4,0x10c5,0x08a4,0x10c5,0x10a4,0x10a5,0x10a4,0x10c5,0x10a4,0x08a4,0x08c5,0x10a4,0x10a5,0x10a4,0x08a4,
  0x10a5,0x08a4,0x10a5,0x08a4,0x10a4,0x10a4,0x0884,0x10a4,0x10a4,0x0884,0x10a4,0x10a4,0x0884,0x10a5,0x1084,0x08a4,
  0x1084,0x10a4,0x08a4,0x1084,0x08a4,0x10a4,0x0884,0x10a4,0x10a4,0x10a4,0x0884,0x10a4,0x1083,0x08a4,0x1083,0x10a4,
  0x0884,0x10a3,0x0884,0x10a4,0x0884,0x10a3,0x0884,0x10a4,0x1084,0x08a3,0x1084,0x10a4,0x0883,0x10a4,0x0884,0x10a3,
  0x0884,0x10a4,0x1083,0x08a4,0x1084,0x08a3,0x1084,0x10a4,0x08a4,0x1084,0x10a4,0x08a4,0x1084,0x08a4,0x10a4,0x0884,
  0x10a4,0x0884,0x10a4,0x1084,0x08a4,0x10a4,0x0884,0x10a3,0x0884,0x10a4,0x0884,0x10a4,0x1083,0x08a4,0x10a4,0x0884,
  0x10a4,0x0884,0x10a3,0x0884,0x10a4,0x1083,0x08a4,0x1084,0x08a3,0x10a4,0x0884,0x10a3,0x08a4,0x1084,0x08a4,0x10a4,
  0x0884,0x10a4,0x10a4,0x0884,0x10a4,0x10a4,0x0884,0x10a4,0x0884,0x10a4,0x0884,0x10a4,0x0884,0x10a4,0x0883,0x10a4,
  0x0884,0x10a4,0x0884,0x10a4,0x1084,0x08a3,0x1084,0x08a4,0x10a4,0x0884,0x10a4,0x0884,0x10a4,0x1084,0x08a4,0x1083,
  0x10a4,0x0884,0x10a3,0x0884,0x10a4,0x08a3,0x1084,0x08a4,0x1083,0x08a4,0x10a4,0x0883,0x10a4,0x0884,0x10a4,0x0884,
  0x10a4,0x08a4,0x1084,0x08a4,0x1083,0x08a4,0x1084,0x10a4,0x08a4,0x1084,0x08a4,0x1084,0x08a4,0x10a4,0x0884,0x10a4,
  0x0884,0x10a4,0x1083,0x08a4,0x1084,0x10a4,0x08a3,0x1084,0x08a4,0x1084,0x10a4,0x0883,0x10a4,0x0884,0x10a3,0x0884,
  0x10a4,0x0884,0x10a4,0x0884,0x10a4,0x1084,0x08a4,0x1084,0x08a4,0x1084,0x10a4,0x0884,0x10a4,0x0884,0x10a4,0x08a4,
  0x1084,0x10a4,0x08a4,0x1084,0x08a4,0x1084,0x10a4,0x0884,0x10a3,0x1084,0x08a4,0x1084,0x08a4,0x10a4,0x0883,0x10a4,
  0x0884,0x10a3,0x1084,0x08a4,0x1083,0x08a4,0x1084,0x08a4,0x1084,0x10a4,0x0883,0x10a4,0x0884,0x10a3,0x0884,0x10a4,
  0x1083,0x08a4,0x1084,0x10a3,0x08a4,0x1083,0x10a4,0x0884,0x10a3,0x0884,0x10a3,0x1084,0x08a4,0x1083,0x08a4,0x1084,
  0x08a3,0x1084,0x08a4,0x1083,0x08a4,0x10a4,0x0884,0x1084,0x08a3,0x1084,0x08a4,0x10a3,0x0884,0x10a3,0x0884,0x10a3,
  0x0884,0x10a4,0x0884,0x10a4,0x0884,0x10a4,0x0884,0x10a4,0x08a4,0x1083,0x08a4,0x1084,0x08a4,0x1084,0x08a4,0x1084,
  0x08a4,0x1084,0x08a4,0x1083,0x08a4,0x10a4,0x0884,0x10a3,0x0884,0x10a4,0x1084,0x08a4,0x1084,0x10a4,0x0883,0x10a4,
  0x0884,0x10a4,0x0884,0x10a4,0x10a4,0x0883,0x10a4,0x1084,0x08a4,0x1084,0x08a4,0x1083,0x08a4,0x10a4,0x0883,0x10a4,
  0x10a4,0x0884,0x10a4,0x0884,0x10a4,0x0884,0x10a4,0x10a4,0x0884,0x08a4,0x10a4,0x08a4,0x1084,0x10a4,0x0884,0x10a4,
  0x0884,0x08a4,0x1084,0x08a4,0x10a5,0x1084,0x08a4,0x10a4,0x0884,0x10a4,0x10a5,0x08a4,0x1084,0x08c5,0x10a4,0x0884,
  0x10a4,0x10c5,0x10a5,0x10a4,0x10c5,0x10a4,0x10c5,0x08a4,0x10a5,0x08a4,0x10a5,0x08a4,0x10a5,0x10c5,0x10c5,0x10c5,
  0x10c5,0x10c5,0x10c5,0x10c5,0x10c5,0x08a4,0x10c5,0x10c5,0x10a4,0x10c5,0x10c5,0x08a4,0x18c5,0x10c5,0x08e5,0x08e6,
  0x08e5,0x10c5,0x18a4,0x10c4,0x10e5,0x08c4,0x1905,0x10e5,0x0927,0x0926,0x01a7,0x34d2,0x2d33,0x1dd4,0x1dd4,0x1593,
  0x1dd4,0x15b4,0x15d4,0x15d4,0x15b4,0x0db4,0x15b4,0x1db4,0x15b4,0x1db4,0x1db4,0x15b4,0x1db4,0x15b5,0x1db4,0x15b4,
  0x1db5,0x15b4,0x1db4,0x15b5,0x15b4,0x15b4,0x1db4,0x15b5,0x1db4,0x15b5,0x1db4,0x15b5,0x15b4,0x15b4,0x1db5,0x15b4,
  0x1db4,0x15b5,0x1db5,0x15b4,0x0df4,0x0dd4,0x25b5,0x2594,0x15b5,0x15d4,0x0dd4,0x1df5,0x15b4,0x15b3,0x15d4,0x2573,
  0x3d74,0x3451,0x01c7,0x0167,0x0926,0x10e5,0x18e6,0x18c5,0x0083,0x10e6,0x10e5,0x08c6,0x10c5,0x18a6,0x10c5,0x10e5,
  0x08e5,0x10a4,0x10c5,0x10c5,0x10c5,0x10c5,0x10c5,0x10c5,0x10a5,0x10c5,0x10a5,0x10c5,0x10c5,0x10c5,0x08a4,0x10a5,
  0x10a4,0x10a4,0x10c5,0x10a4,0x10c5,0x0884,0x10c5,0x08a4,0x10a5,0x08a4,0x10a5,0x10a4,0x08a4,0x08a4,0x08a5,0x10a4,
  0x08a4,0x10a4,0x10a5,0x10a4,0x10a5,0x08a4,0x10c5,0x0884,0x08c4,0x10a4,0x08a4,0x08a5,0x10a4,0x08a4,0x10a4,0x0884,
  0x10a5,0x08a4,0x1084,0x08a4,0x1084,0x08a4,0x10a4,0x1084,0x08a4,0x1084,0x08a4,0x10a4,0x0884,0x10a4,0x08a4,0x1084,
  0x08a4,0x1084,0x08a4,0x10a3,0x08a4,0x1084,0x08a4,0x1083,0x08a4,0x1084,0x08a4,0x1084,0x08a4,0x10a4,0x0884,0x10a4,
  0x0884,0x10a4,0x08a4,0x1084,0x08a4,0x1084,0x08a4,0x1083,0x08a4,0x1084,0x08a3,0x1084,0x08a3,0x1084,0x08a4,0x1083,
  0x10a4,0x08a3,0x1084,0x08a4,0x1083,0x08a4,0x1084,0x08a4,0x10a4,0x0884,0x10a3,0x0884,0x10a4,0x0884,0x10a3,0x0884,
  0x10a4,0x08a4,0x1084,0x08a4,0x1084,0x08a4,0x1084,0x08a4,0x1084,0x08a4,0x1084,0x08a4,0x1084,0x08a3,0x1084,0x08a4,
  0x10a3,0x0884,0x10a4,0x0883,0x10a4,0x0883,0x10a4,0x0883,0x10a4,0x0883,0x10a4,0x0884,0x10a3,0x08a4,0x1084,0x08a4,
  0x10a4,0x0883,0x10a4,0x08a4,0x1084,0x08a4,0x10a4,0x0883,0x10a4,0x1084,0x08a3,0x10a4,0x0884,0x10a3,0x0884,0x10a4,
  0x08a4,0x1084,0x08a4,0x10a4,0x0884,0x10a4,0x0884,0x10a4,0x08a4,0x1084,0x08a4,0x1084,0x08a4,0x10a3,0x0884,0x10a4,
  0x0883,0x10a4,0x1084,0x08a4,0x10a4,0x1084,0x08a4,0x1083,0x08a4,0x10a4,0x0883,0x10a4,0x0884,0x10a3,0x0884,0x10a4,
  0x0883,0x10a4,0x08a4,0x1084,0x08a4,0x1084,0x08a4,0x1084,0x08a4,0x1084,0x08a4,0x1084,0x08a4,0x10a4,0x0884,0x10a4,
  0x0883,0x10a4,0x0883,0x10a4,0x0883,0x10a4,0x0883,0x10a4,0x08a4,0x1083,0x08a4,0x10a3,0x0884,0x10a4,0x0883,0x10a4,
  0x0884,0x10a3,0x0884,0x10a4,0x0883,0x10a4,0x0884,0x10a4,0x08a4,0x1084,0x08a3,0x10a4,0x0883,0x10a4,0x0884,0x10a4,
  0x08a4,0x1084,0x08a4,0x1084,0x08a4,0x1084,0x08a4,0x10a3,0x0884,0x10a4,0x0884,0x10a4,0x08a4,0x1084,0x08a4,0x10a4,
  0x0884,0x10a4,0x08a4,0x1084,0x08a4,0x1084,0x08a4,0x10a4,0x0884,0x10a4,0x0884,0x10a4,0x0884,0x10a4,0x0884,0x10a4,
  0x0884,0x10a4,0x08a4,0x1084,0x08a4,0x1084,0x08a4,0x10a4,0x0884,0x10a4,0x0884,0x10a4,0x0884,0x10a4,0x10a4,0x0884,
  0x10a4,0x0884,0x10a3,0x10a4,0x0884,0x10a3,0x1084,0x08a4,0x1084,0x08a4,0x1084,0x10a4,0x0883,0x10a4,0x1084,0x08a3,
  0x1084,0x08a4,0x10a4,0x0884,0x10a4,0x0884,0x10a4,0x08a4,0x1084,0x08a4,0x10a3,0x0884,0x10a4,0x08a4,0x1084,0x08a4,
  0x10a3,0x0884,0x10a3,0x0884,0x10a4,0x0884,0x10a4,0x08a3,0x1084,0x08a4,0x1084,0x08a4,0x1084,0x08a4,0x10a4,0x0884,
  0x08a4,0x1084,0x08a4,0x10a5,0x10a4,0x0884,0x10a4,0x0884,0x10a4,0x1084,0x08a3,0x1084,0x10a5,0x08a4,0x10a4,0x10a4,
  0x10a5,0x08c4,0x08a4,0x1084,0x08a4,0x1083,0x10a4,0x10c5,0x10a4,0x10a5,0x0884,0x10c5,0x10a4,0x0884,0x10a5,0x10a4,
  0x08a5,0x0884,0x10c4,0x08a4,0x10c5,0x0884,0x10c5,0x10a4,0x10c5,0x10a4,0x10c5,0x10a4,0x10c5,0x08a4,0x10c5,0x08a4,
  0x10c5,0x08a4,0x10c5,0x08a4,0x10c5,0x10a5,0x10c5,0x10c5,0x10c5,0x10c5,0x08a4,0x18c5,0x18c5,0x18a6,0x08e6,0x08e5,
  0x10e5,0x18c5,0x1085,0x08a4,0x10a4,0x08e4,0x08a5,0x0926,0x0105,0x0209,0x34b2,0x2d94,0x1573,0x15d4,0x0db4,0x15f5,
  0x15d4,0x15b4,0x15d4,0x15d4,0x0dd5,0x15d4,0x15d5,0x1db5,0x15b5,0x1db4,0x15b5,0x1db5,0x15b5,0x1db4,0x15b5,0x1db4,
  0x15b4,0x1db4,0x15b5,0x15b4,0x1db5,0x15b4,0x1db4,0x15b4,0x1db4,0x1dd5,0x15b4,0x1db4,0x1dd4,0x15b4,0x1db4,0x15b4,
  0x1db5,0x15b4,0x1db4,0x15d4,0x0df4,0x0dd5,0x1594,0x2594,0x15b4,0x15b4,0x0dd4,0x1593,0x15f5,0x0e14,0x0593,0x2e36,
  0x1513,0x2d33,0x3471,0x01c7,0x0925,0x0925,0x0883,0x10a4,0x2126,0x10a4,0x08e5,0x10c5,0x10c6,0x18c5,0x10c5,0x10c4,
  0x10e4,0x10c5,0x10c5,0x18c5,0x10c5,0x08a4,0x10a5,0x10a4,0x08a4,0x10c5,0x08a4,0x10c5,0x08a4,0x10c5,0x10c5,0x10a5,
  0x10c4,0x08a5,0x10c5,0x0884,0x10c5,0x10a4,0x10c5,0x10a4,0x10c4,0x10a4,0x10a4,0x10a5,0x1084,0x10a5,0x10a4,0x10a5,
  0x10a4,0x10a5,0x08a4,0x10c4,0x08a4,0x1084,0x10a4,0x1084,0x08a4,0x1084,0x08a4,0x10a4,0x0884,0x10a4,0x10a4,0x08a4,
  0x1083,0x10a4,0x0884,0x10a3,0x08a4,0x10a4,0x0884,0x10a4,0x0884,0x10a4,0x10a5,0x0883,0x10a4,0x10a4,0x0884,0x10a4,
  0x0883,0x10a4,0x0884,0x10a4,0x1084,0x08a4,0x1084,0x08a4,0x10a4,0x0884,0x10a3,0x08a4,0x1084,0x08a3,0x1084,0x08a4,
  0x10a3,0x0884,0x10a3,0x0884,0x10a3,0x08a4,0x1084,0x08a4,0x1084,0x08a4,0x1084,0x08a4,0x10a4,0x0884,0x10a4,0x08a4,
  0x1084,0x08a4,0x1084,0x08a4,0x1084,0x08a4,0x10a3,0x1084,0x08a4,0x1084,0x08a4,0x10a4,0x0884,0x10a4,0x0884,0x10a4,
  0x0883,0x10a4,0x0883,0x10a4,0x08a3,0x1084,0x08a3,0x10a4,0x0883,0x10a4,0x10a3,0x0884,0x10a4,0x1084,0x08a4,0x1083,
  0x08a4,0x1084,0x08a4,0x1084,0x08a4,0x1084,0x08a4,0x10a4,0x0884,0x10a4,0x10a4,0x0884,0x10a4,0x0884,0x10a4,0x0884,
  0x10a4,0x0884,0x10a4,0x0883,0x10a4,0x0883,0x10a4,0x1084,0x08a4,0x1084,0x08a4,0x1084,0x08a4,0x1084,0x08a4,0x1084,
  0x08a3,0x10a4,0x0884,0x10a3,0x1084,0x08a3,0x10a4,0x1084,0x08a3,0x1084,0x10a3,0x08a4,0x1084,0x10a4,0x0884,0x10a4,
  0x1084,0x08a4,0x10a3,0x0884,0x10a4,0x0883,0x10a4,0x0884,0x10a4,0x0884,0x10a4,0x0884,0x10a3,0x0884,0x10a4,0x0884,
  0x10a4,0x0884,0x10a4,0x0884,0x10a3,0x08a4,0x1084,0x08a3,0x1084,0x08a3,0x10a4,0x0884,0x10a3,0x0884,0x10a4,0x08a4,
  0x1084,0x08a4,0x10a4,0x0884,0x10a4,0x08a4,0x1084,0x08a4,0x1084,0x08a4,0x1084,0x08a4,0x1084,0x08a4,0x1084,0x08a4,
  0x10a4,0x0884,0x10a4,0x0884,0x10a4,0x08a4,0x1083,0x08a4,0x1084,0x08a4,0x1084,0x08a4,0x1084,0x08a4,0x10a4,0x0883,
  0x10a4,0x0884,0x10a3,0x08a4,0x1084,0x08a3,0x1084,0x08a4,0x1084,0x08a4,0x10a3,0x0884,0x10a3,0x0884,0x10a3,0x0884,
  0x10a4,0x0883,0x10a4,0x0884,0x10a3,0x0884,0x10a4,0x0883,0x10a4,0x0884,0x10a3,0x08a4,0x1084,0x08a3,0x10a4,0x0883,
  0x10a4,0x0883,0x10a4,0x0884,0x10a3,0x0884,0x10a3,0x0884,0x10a4,0x08a3,0x1084,0x08a4,0x1084,0x08a3,0x1084,0x08a4,
  0x1083,0x10a4,0x0884,0x10a4,0x0884,0x10a4,0x08a4,0x1083,0x08a4,0x1084,0x08a3,0x10a4,0x0884,0x10a4,0x08a4,0x1084,
  0x08a4,0x1083,0x08a4,0x1084,0x08a3,0x10a4,0x0883,0x10a4,0x1084,0x08a4,0x1084,0x08a4,0x1083,0x08a4,0x1084,0x08a4,
  0x1084,0x10a4,0x0884,0x10a4,0x0883,0x10a4,0x0884,0x10a4,0x0884,0x10a3,0x08a4,0x1084,0x10a3,0x0884,0x10a4,0x1083,
  0x10a4,0x10a5,0x1084,0x08a3,0x1084,0x10a4,0x10a4,0x08a4,0x1084,0x08a4,0x1084,0x08a4,0x10a3,0x1084,0x08a4,0x10a4,
  0x08a4,0x1084,0x10a5,0x10a4,0x10a5,0x08a4,0x10a4,0x10a5,0x08a4,0x10a4,0x10a4,0x10c5,0x08a4,0x10c5,0x10a4,0x0884,
  0x10a4,0x08c4,0x10a5,0x10a4,0x10c5,0x10a4,0x10c5,0x0884,0x10c5,0x10a4,0x08a4,0x10c5,0x10a4,0x10c5,0x10c5,0x10c5,
  0x10c5,0x10c5,0x10c5,0x10a5,0x10a5,0x10c4,0x10c5,0x10c5,0x18c5,0x10c5,0x10c5,0x10e5,0x10c5,0x18c5,0x08c5,0x08e6,
  0x10c5,0x18a5,0x18a4,0x18c5,0x10e4,0x08e5,0x0905,0x0125,0x0a08,0x34b2,0x2513,0x2df6,0x15d4,0x0dd4,0x1df5,0x15b4,
  0x1594,0x2594,0x1d94,0x1dd5,0x15b4,0x1dd5,0x1db4,0x1db4,0x1db4,0x1db4,0x1db4,0x1db4,0x1db4,0x15b4,0x1db4,0x1db4,
  0x1db5,0x15b5,0x1dd4,0x15b4,0x15d4,0x15b4,0x1db5,0x15b4,0x1db4,0x15b4,0x1db4,0x15b4,0x1db5,0x1db4,0x15b5,0x1db4,
  0x15b4,0x1db4,0x15b4,0x1db5,0x0dd4,0x15d4,0x2595,0x2d74,0x1d94,0x1db4,0x1db4,0x1db4,0x1573,0x0db4,0x15f5,0x1df4,
  0x1db4,0x1d74,0x3d75,0x2bef,0x01c7,0x0146,0x1106,0x10c5,0x08a4,0x1906,0x08e5,0x10c5,0x18c5,0x18a5,0x10c5,0x10e5,
  0x08e5,0x10a4,0x10c5,0x10c5,0x10c6,0x10c5,0x10c5,0x10c5,0x10a5,0x10c5,0x10a5,0x10c5,0x10c5,0x10a4,0x10c5,0x10a5,
  0x10a4,0x10a4,0x10c5,0x10a4,0x10c5,0x08a4,0x10c5,0x10a4,0x10a5,0x08a4,0x10a5,0x08a4,0x10c5,0x08a4,0x1084,0x10c5,
  0x0884,0x10a4,0x10a4,0x08a4,0x10a5,0x10a4,0x10c5,0x08a4,0x08c5,0x08a4,0x10a4,0x08a4,0x08a4,0x10a4,0x0884,0x10a4,
  0x0884,0x10a4,0x08a4,0x1084,0x08a4,0x1084,0x08a4,0x1084,0x10a5,0x08a4,0x1084,0x08a4,0x1084,0x08a4,0x10a4,0x0884,
  0x10a4,0x08a4,0x1084,0x08a3,0x1084,0x08a4,0x10a3,0x0884,0x10a4,0x0884,0x10a4,0x0884,0x10a4,0x0884,0x10a4,0x1084,
  0x08a4,0x1084,0x08a4,0x10a4,0x0884,0x10a4,0x0884,0x10a3,0x08a4,0x1084,0x08a3,0x1084,0x08a4,0x1083,0x10a4,0x0884,
  0x10a3,0x0884,0x10a4,0x08a3,0x1084,0x10a4,0x0884,0x10a4,0x0883,0x10a4,0x1084,0x08a3,0x1084,0x08a4,0x10a3,0x0884,
  0x10a4,0x0884,0x10a4,0x1084,0x08a4,0x10a4,0x0884,0x10a4,0x1084,0x08a4,0x1084,0x08a4,0x10a3,0x0884,0x10a4,0x08a4,
  0x1084,0x10a4,0x0883,0x10a4,0x08a4,0x1084,0x08a3,0x1084,0x10a4,0x0884,0x10a3,0x0884,0x10a4,0x10a3,0x0884,0x10a3,
  0x1084,0x08a4,0x1084,0x08a4,0x1084,0x08a4,0x1084,0x08a4,0x1083,0x08a4,0x1084,0x08a3,0x10a4,0x0884,0x10a3,0x08a4,
  0x1084,0x08a4,0x1084,0x08a4,0x1084,0x08a4,0x1084,0x08a4,0x1084,0x08a4,0x1084,0x08a4,0x1083,0x08a4,0x10a3,0x0884,
  0x10a4,0x0883,0x10a4,0x0884,0x10a4,0x08a4,0x1084,0x08a4,0x1083,0x08a4,0x10a4,0x1084,0x08a4,0x10a4,0x0884,0x10a3,
  0x10a4,0x0884,0x10a3,0x08a4,0x1084,0x08a4,0x1084,0x08a4,0x10a4,0x0884,0x10a4,0x0884,0x10a4,0x10a4,0x0883,0x10a4,
  0x1084,0x08a3,0x1084,0x10a4,0x0884,0x10a4,0x0883,0x10a4,0x10a4,0x0883,0x10a4,0x0884,0x10a3,0x08a4,0x1084,0x08a3,
  0x1084,0x08a4,0x1083,0x10a4,0x0884,0x10a4,0x0884,0x10a4,0x0883,0x10a4,0x0884,0x10a3,0x08a4,0x1084,0x08a4,0x1084,
  0x08a4,0x10a4,0x0884,0x10a4,0x0884,0x10a4,0x10a4,0x0884,0x10a3,0x1084,0x08a4,0x1084,0x08a4,0x1084,0x10a4,0x0884,
  0x10a4,0x0884,0x10a4,0x0884,0x10a4,0x08a4,0x1084,0x08a4,0x10a4,0x1084,0x08a4,0x1084,0x08a4,0x1084,0x10a4,0x08a4,
  0x1084,0x10a4,0x0884,0x10a4,0x10a4,0x0884,0x10a4,0x10a4,0x0884,0x10a4,0x0884,0x10a3,0x10a4,0x0884,0x10a4,0x0884,
  0x10a4,0x08a4,0x1084,0x08a3,0x10a4,0x0884,0x10a4,0x0884,0x10a4,0x10a4,0x0884,0x10a4,0x08a4,0x1083,0x08a4,0x10a4,
  0x1084,0x08a4,0x10a4,0x1084,0x08a4,0x1084,0x10a4,0x0884,0x10a3,0x0884,0x10a4,0x08a4,0x1084,0x08a4,0x10a3,0x1084,
  0x08a4,0x1083,0x08a4,0x10a4,0x0884,0x10a4,0x08a3,0x1084,0x08a4,0x1084,0x10a4,0x08a4,0x1084,0x08a4,0x1084,0x08a4,
  0x0884,0x10a3,0x08a4,0x1084,0x08a4,0x0884,0x10a4,0x1084,0x08a3,0x10a4,0x10a4,0x1084,0x08a4,0x10a4,0x10a5,0x10a4,
  0x10a4,0x08a4,0x10a4,0x0884,0x10a4,0x08c5,0x0884,0x10a4,0x08a5,0x10c4,0x08a5,0x10a4,0x10a4,0x1084,0x10a5,0x10a4,
  0x10a5,0x10a4,0x10a4,0x10a5,0x10c5,0x08a4,0x10c5,0x10a4,0x10c5,0x10a4,0x10a5,0x10a4,0x10c5,0x10c5,0x10a4,0x10c5,
  0x10a4,0x10c5,0x10a4,0x10c5,0x10a5,0x10c5,0x10c5,0x10a4,0x10c6,0x10c5,0x10a4,0x10c5,0x10a4,0x18c5,0x10c6,0x10c5,
  0x10c6,0x18a6,0x10a4,0x08a4,0x10e5,0x08c5,0x1146,0x0166,0x33ef,0x2d34,0x1db6,0x15b5,0x0db4,0x0db4,0x1dd5,0x2594,
  0x2d74,0x3574,0x2d74,0x2d74,0x2d74,0x2d54,0x3574,0x2d54,0x2574,0x2574,0x2574,0x2d94,0x2574,0x2d94,0x2574,0x2594,
  0x2594,0x2594,0x2594,0x2d94,0x2594,0x2d94,0x2594,0x2594,0x2594,0x2594,0x2594,0x2d74,0x2594,0x2594,0x2594,0x2594,
  0x2594,0x2d94,0x2594,0x2594,0x2594,0x2574,0x3554,0x3554,0x3554,0x2d74,0x2d95,0x2d95,0x2d95,0x1db4,0x15b4,0x15b4,
  0x1dd5,0x1db5,0x2553,0x4575,0x2bae,0x0165,0x0904,0x1105,0x10e4,0x0884,0x10c5,0x10c6,0x18c6,0x10c5,0x18c5,0x10c5,
  0x10e5,0x10e5,0x10c5,0x10c5,0x10c5,0x18c5,0x10a5,0x10a5,0x10c5,0x10a4,0x10c5,0x10a4,0x10c5,0x10c5,0x10c5,0x10a5,
  0x08a5,0x10a4,0x10c5,0x08a4,0x10c5,0x1084,0x10c5,0x08a4,0x10a5,0x10a4,0x10a4,0x10a4,0x10a4,0x10a5,0x08a4,0x10a4,
  0x10c4,0x08a4,0x10a5,0x10a4,0x10c5,0x08a4,0x08a4,0x1083,0x10a4,0x1084,0x08a4,0x10a4,0x10a4,0x08a5,0x10a4,0x0884,
  0x10a4,0x0883,0x10a4,0x0884,0x10a4,0x0884,0x10a4,0x08a4,0x10a4,0x0883,0x10a4,0x10a4,0x08a4,0x1084,0x08a4,0x1083,
  0x10a4,0x0884,0x10a4,0x0884,0x10a4,0x0884,0x10a4,0x1084,0x08a3,0x10a4,0x0884,0x10a3,0x0884,0x10a4,0x08a3,0x1084,
  0x08a4,0x1083,0x10a4,0x0884,0x10a4,0x1083,0x08a4,0x1084,0x10a4,0x08a4,0x1084,0x08a4,0x1084,0x08a4,0x1084,0x08a4,
  0x1084,0x08a4,0x1084,0x10a4,0x0884,0x10a4,0x0883,0x10a4,0x08a4,0x1084,0x08a4,0x1084,0x08a4,0x1084,0x08a4,0x1084,
  0x08a4,0x10a4,0x0884,0x10a4,0x0884,0x10a4,0x1084,0x08a4,0x1084,0x08a4,0x1083,0x08a4,0x1084,0x08a4,0x1084,0x10a4,
  0x0883,0x10a4,0x08a4,0x1084,0x08a3,0x1084,0x10a4,0x08a4,0x1084,0x08a4,0x1084,0x08a4,0x1084,0x08a4,0x1084,0x08a4,
  0x10a4,0x0883,0x10a4,0x10a4,0x0884,0x10a3,0x08a4,0x1084,0x08a4,0x10a4,0x0884,0x10a4,0x0884,0x10a4,0x0884,0x10a4,
  0x0884,0x10a3,0x1084,0x08a4,0x10a4,0x0883,0x10a4,0x0884,0x10a3,0x08a4,0x1084,0x08a4,0x1084,0x08a4,0x1084,0x08a4,
  0x10a4,0x0884,0x10a4,0x0884,0x10a3,0x0884,0x10a4,0x08a4,0x1084,0x10a4,0x0883,0x10a4,0x0884,0x10a3,0x10a4,0x0884,
  0x10a4,0x0884,0x10a4,0x1084,0x08a4,0x1083,0x08a4,0x1084,0x10a4,0x0883,0x10a4,0x10a4,0x0883,0x10a4,0x0884,0x10a4,
  0x0884,0x10a4,0x08a4,0x1083,0x08a4,0x1084,0x10a4,0x0884,0x10a4,0x0884,0x10a4,0x08a4,0x1084,0x10a4,0x0884,0x10a4,
  0x0884,0x10a4,0x08a4,0x1084,0x08a3,0x10a4,0x1084,0x08a4,0x10a4,0x0884,0x10a4,0x1084,0x08a4,0x1083,0x10a4,0x0884,
  0x10a3,0x1084,0x08a4,0x1083,0x10a4,0x0884,0x10a3,0x0884,0x10a4,0x0884,0x10a4,0x0884,0x10a4,0x08a4,0x1084,0x08a3,
  0x10a4,0x1084,0x08a3,0x10a4,0x0884,0x10a3,0x0884,0x10a4,0x0883,0x10a4,0x0884,0x10a3,0x10a4,0x0884,0x10a3,0x0884,
  0x10a4,0x08a4,0x1083,0x08a4,0x1084,0x08a4,0x1083,0x08a4,0x1084,0x08a3,0x10a4,0x0884,0x10a4,0x0884,0x10a4,0x08a3,
  0x1084,0x08a4,0x1084,0x08a4,0x1084,0x08a3,0x1084,0x10a4,0x0883,0x10a4,0x0884,0x10a3,0x0884,0x10a4,0x0884,0x10a3,
  0x0884,0x10a4,0x0883,0x10a4,0x0884,0x10a3,0x0884,0x10a4,0x08a4,0x1084,0x08a3,0x1084,0x08a4,0x1084,0x08a4,0x1084,
  0x08a4,0x10a4,0x0884,0x10a4,0x10a3,0x0884,0x10a4,0x0884,0x10a4,0x08a3,0x1084,0x08a4,0x1083,0x08a4,0x10a4,0x0884,
  0x10a4,0x0884,0x10a4,0x10a5,0x10a3,0x0884,0x10a4,0x10a4,0x0884,0x10a4,0x0884,0x08a4,0x1084,0x08a4,0x0884,0x10a4,
  0x08a4,0x10a4,0x10a4,0x08a4,0x08a4,0x10a4,0x08a4,0x10c4,0x10a4,0x08a4,0x10a4,0x10a4,0x08a4,0x10a4,0x10c5,0x08a4,
  0x10a4,0x08a4,0x10a5,0x08a4,0x10c5,0x1084,0x10c5,0x0884,0x10c5,0x08a4,0x10c5,0x08a4,0x10a5,0x10c5,0x10a5,0x10c5,
  0x10c5,0x10a5,0x10c5,0x10a5,0x10c4,0x10a5,0x10c5,0x10c5,0x10c5,0x18c5,0x10c5,0x10e4,0x10c5,0x10c5,0x10c5,0x10c6,
  0x18a5,0x18a5,0x18c5,0x10a4,0x08a4,0x0905,0x0105,0x0a49,0x2c92,0x2d74,0x25d5,0x1594,0x1dd5,0x25d5,0x2553,0x2cf2,
  0x2c51,0x2c31,0x3450,0x2c31,0x2c50,0x2c30,0x2c30,0x2c30,0x2c50,0x2c50,0x2450,0x2c50,0x2430,0x2c50,0x2450,0x2c50,
  0x2c50,0x2450,0x2c50,0x2450,0x2430,0x2470,0x2c30,0x2c50,0x2450,0x2c50,0x2450,0x2450,0x2c50,0x2430,0x2c70,0x2c30,
  0x2450,0x2430,0x2c50,0x2c50,0x2450,0x2450,0x3430,0x3410,0x3431,0x2c50,0x2c50,0x2c50,0x2430,0x2d13,0x2d94,0x1d94,
  0x1594,0x1dd5,0x2595,0x2d53,0x2c50,0x0a08,0x0145,0x08c5,0x08a4,0x10e5,0x10c5,0x10c5,0x18c5,0x18a5,0x10c5,0x10c4,
  0x08c4,0x10e5,0x10a4,0x10c5,0x10c5,0x10c5,0x10c5,0x10a4,0x10a5,0x10c5,0x10a5,0x10c5,0x10a4,0x10a5,0x10a5,0x10c4,
  0x10a4,0x08a4,0x10c5,0x1084,0x10c5,0x10a4,0x10c5,0x10a4,0x10a4,0x08a4,0x10a5,0x08a4,0x10a5,0x08a3,0x10c5,0x1084,
  0x10a5,0x08a4,0x08a4,0x10a4,0x08a4,0x1084,0x08c4,0x1084,0x08c5,0x10a4,0x10a4,0x08a5,0x10a4,0x0884,0x10a4,0x0883,
  0x08a5,0x10a4,0x0884,0x10a3,0x08a4,0x10a4,0x0884,0x10a4,0x0884,0x10a4,0x10a4,0x0884,0x10a4,0x10a4,0x0884,0x10a4,
  0x0884,0x10a3,0x08a4,0x1083,0x08a4,0x10a3,0x0884,0x10a4,0x0884,0x10a4,0x1083,0x08a4,0x10a4,0x0884,0x10a4,0x0883,
  0x10a4,0x08a4,0x1084,0x08a3,0x1084,0x08a4,0x10a4,0x0884,0x10a3,0x0884,0x10a3,0x10a4,0x0883,0x10a4,0x08a3,0x1084,
  0x08a3,0x10a4,0x0883,0x10a4,0x08a3,0x1084,0x08a4,0x1084,0x08a4,0x1083,0x08a4,0x10a4,0x0883,0x10a4,0x1083,0x08a4,
  0x1083,0x10a4,0x0883,0x10a4,0x0883,0x10a4,0x0883,0x10a4,0x08a3,0x1084,0x08a4,0x1084,0x08a4,0x1083,0x08a4,0x1084,
  0x08a4,0x1084,0x08a3,0x1084,0x10a4,0x08a4,0x0884,0x10a3,0x0884,0x10a3,0x08a4,0x1083,0x08a4,0x1084,0x08a3,0x1084,
  0x08a4,0x1084,0x08a4,0x1083,0x08a4,0x1084,0x08a4,0x1083,0x08a4,0x1083,0x08a4,0x1083,0x10a4,0x08a3,0x1084,0x10a4,
  0x0884,0x10a4,0x08a4,0x1083,0x08a4,0x1084,0x08a4,0x10a4,0x0884,0x10a4,0x0883,0x10a4,0x0884,0x10a3,0x0884,0x10a4,
  0x0883,0x10a4,0x0884,0x10a3,0x0884,0x10a4,0x0883,0x10a4,0x0883,0x10a4,0x0884,0x10a4,0x08a4,0x1084,0x08a4,0x1084,
  0x08a3,0x1084,0x08a4,0x1083,0x08a4,0x10a4,0x1084,0x08a3,0x1084,0x08a4,0x1084,0x08a4,0x1084,0x08a4,0x1083,0x08a4,
  0x10a3,0x0884,0x10a4,0x0884,0x10a4,0x08a3,0x1084,0x08a3,0x1084,0x08a3,0x1084,0x08a3,0x1084,0x08a3,0x1084,0x08a3,
  0x10a4,0x0883,0x10a4,0x0884,0x10a4,0x0883,0x10a4,0x0883,0x10a4,0x1083,0x08a4,0x10a3,0x0884,0x10a4,0x0884,0x10a4,
  0x0884,0x10a4,0x0883,0x10a4,0x08a4,0x1084,0x08a4,0x10a4,0x0884,0x10a3,0x08a4,0x1083,0x08a4,0x1083,0x08a4,0x1084,
  0x08a4,0x10a3,0x0884,0x10a4,0x0884,0x10a4,0x1083,0x08a4,0x1084,0x08a4,0x10a4,0x0884,0x10a3,0x0884,0x10a4,0x0884,
  0x10a3,0x0884,0x10a4,0x0884,0x10a3,0x08a4,0x1084,0x08a4,0x1084,0x10a4,0x0884,0x10a4,0x0883,0x10a4,0x0884,0x10a4,
  0x0884,0x10a3,0x0884,0x10a3,0x0884,0x10a4,0x08a4,0x1083,0x08a4,0x1084,0x08a4,0x1084,0x08a4,0x1083,0x08a4,0x1084,
  0x08a4,0x1083,0x08a4,0x1084,0x08a4,0x10a4,0x0884,0x10a3,0x0884,0x10a4,0x0884,0x10a4,0x1083,0x08a4,0x1083,0x08a4,
  0x1083,0x08a4,0x1083,0x08a4,0x1084,0x08a4,0x1084,0x10a3,0x0884,0x10a4,0x0884,0x10a4,0x0884,0x10a3,0x0884,0x10a3,
  0x10a4,0x0884,0x10a3,0x0884,0x10a4,0x08a4,0x1084,0x08a4,0x1084,0x08a3,0x10a4,0x1084,0x08a4,0x10a4,0x10a4,0x08a4,
  0x10a4,0x08a4,0x1084,0x10a4,0x08a4,0x08a4,0x10a4,0x10a4,0x10a5,0x10a4,0x10a4,0x10a5,0x10a4,0x08a5,0x10a3,0x10a5,
  0x10a4,0x10c5,0x10a4,0x10a4,0x10c5,0x08a4,0x10c5,0x10a3,0x10c5,0x10a4,0x10a4,0x10a4,0x10a5,0x10a4,0x10c5,0x08a4,
  0x10a5,0x10a4,0x10a5,0x10c5,0x10c5,0x10a4,0x10c5,0x10c5,0x10c5,0x10a4,0x10c5,0x10c5,0x10a4,0x10c5,0x10c5,0x10c5,
  0x18a5,0x18a5,0x18e5,0x08a3,0x08c4,0x1126,0x0145,0x2bce,0x3553,0x2595,0x1574,0x1db4,0x1d93,0x2574,0x2cd2,0x132c,
  0x0208,0x01c8,0x01c7,0x01c7,0x01a7,0x01c7,0x01a7,0x01a7,0x01a7,0x01a7,0x09a7,0x01a7,0x01a7,0x01a7,0x01a7,0x01a7,
  0x01a7,0x09c7,0x01a7,0x01c7,0x09a7,0x01c7,0x01a7,0x01c7,0x09a7,0x01c7,0x01a7,0x09a7,0x01a7,0x01a7,0x01a7,0x09a7,
  0x01a6,0x09a7,0x01a7,0x01a7,0x01c6,0x01c7,0x0186,0x09a7,0x01a7,0x01a7,0x01e7,0x01e8,0x0228,0x1b4d,0x2cf3,0x2574,
  0x25d5,0x1573,0x1db4,0x2594,0x3533,0x236c,0x0145,0x0925,0x08c4,0x10c5,0x10c5,0x10c5,0x18a5,0x10c5,0x18a5,0x10e5,
  0x10c4,0x10c4,0x10c5,0x18c5,0x10c5,0x10a4,0x10c5,0x08c5,0x10a4,0x10c5,0x08a4,0x10c5,0x10a5,0x10c5,0x10c5,0x08a4,
  0x10a5,0x10a4,0x10c5,0x08a4,0x10c5,0x0883,0x10c5,0x08a4,0x10c5,0x10a4,0x10a4,0x10a5,0x10a4,0x10a4,0x10a5,0x08a4,
  0x10a4,0x10a4,0x10a5,0x10a4,0x10c5,0x10a4,0x10a4,0x08a4,0x10a4,0x08a4,0x10a4,0x10a4,0x08a4,0x10a4,0x10a4,0x1084,
  0x10a4,0x08a4,0x1083,0x08a4,0x1084,0x08a4,0x1084,0x08a3,0x10a5,0x0884,0x10a4,0x10a4,0x0884,0x10a4,0x0883,0x10a4,
  0x08a3,0x1084,0x08a4,0x1084,0x10a4,0x0884,0x10a3,0x0884,0x10a3,0x0884,0x10a4,0x0884,0x10a3,0x0884,0x10a3,0x0884,
  0x10a4,0x0883,0x10a4,0x0884,0x10a4,0x0883,0x10a4,0x0883,0x10a4,0x0884,0x10a4,0x0884,0x10a4,0x0884,0x10a4,0x0884,
  0x10a4,0x0884,0x10a4,0x0884,0x10a4,0x0884,0x10a3,0x0884,0x10a4,0x08a4,0x1083,0x08a4,0x1084,0x08a4,0x10a4,0x0884,
  0x10a4,0x0884,0x10a4,0x08a4,0x1084,0x08a4,0x10a4,0x0883,0x10a4,0x0884,0x10a3,0x08a4,0x1084,0x08a4,0x10a3,0x0884,
  0x10a3,0x0884,0x10a4,0x0884,0x08a3,0x1084,0x10a4,0x0884,0x10a4,0x0884,0x10a4,0x0884,0x10a3,0x08a4,0x1084,0x08a3,
  0x1084,0x08a3,0x1084,0x08a4,0x1083,0x08a4,0x1084,0x08a4,0x1084,0x08a4,0x10a4,0x0884,0x10a4,0x0884,0x10a3,0x0884,
  0x10a3,0x0884,0x10a3,0x0884,0x10a4,0x0883,0x10a4,0x0883,0x10a4,0x0883,0x10a4,0x0884,0x10a3,0x08a4,0x1084,0x08a3,
  0x1084,0x08a4,0x10a3,0x0884,0x10a4,0x0884,0x10a4,0x0884,0x10a4,0x08a4,0x1083,0x08a4,0x1083,0x08a4,0x1083,0x08a4,
  0x1084,0x08a3,0x10a4,0x0884,0x10a4,0x0883,0x08a4,0x1084,0x08a4,0x10a3,0x0884,0x10a3,0x0884,0x10a4,0x0884,0x10a4,
  0x0884,0x10a3,0x0884,0x10a3,0x0884,0x10a4,0x0884,0x10a4,0x08a4,0x1084,0x08a4,0x1084,0x08a4,0x1084,0x08a4,0x1084,
  0x08a4,0x1084,0x08a3,0x1084,0x08a4,0x1084,0x08a4,0x1084,0x08a4,0x08a4,0x1084,0x08a4,0x1084,0x08a3,0x10a4,0x0883,
  0x10a4,0x0883,0x10a4,0x0884,0x10a3,0x0884,0x10a3,0x0884,0x10a4,0x0884,0x10a4,0x0884,0x10a4,0x0884,0x10a3,0x08a4,
  0x1084,0x0884,0x10a4,0x0883,0x10a4,0x0884,0x10a4,0x08a4,0x1083,0x08a4,0x1083,0x08a4,0x1084,0x08a4,0x1083,0x08a4,
  0x1084,0x08a4,0x1083,0x08a4,0x1084,0x08a4,0x1083,0x08a4,0x1083,0x08a4,0x1083,0x08a4,0x1084,0x08a3,0x1084,0x08a3,
  0x1084,0x08a4,0x10a4,0x0884,0x10a4,0x0883,0x10a4,0x0884,0x10a4,0x08a3,0x1084,0x08a3,0x1084,0x08a4,0x1084,0x08a3,
  0x10a4,0x0884,0x10a4,0x08a3,0x1084,0x08a3,0x1084,0x08a4,0x1083,0x08a4,0x10a3,0x0884,0x10a4,0x08a4,0x1084,0x08a4,
  0x1084,0x08a4,0x1084,0x08a4,0x1083,0x08a4,0x1084,0x08a4,0x1083,0x08a4,0x1083,0x08a4,0x1083,0x08a4,0x1084,0x08a4,
  0x10a4,0x0884,0x10a4,0x0884,0x10a4,0x1084,0x08a4,0x10a4,0x0884,0x10a4,0x1084,0x08a4,0x10a4,0x0884,0x10a4,0x1084,
  0x10a4,0x10a4,0x08a4,0x10a4,0x10a5,0x10a4,0x08c5,0x1084,0x08a4,0x10a4,0x08a4,0x10a5,0x10c4,0x10a4,0x08a4,0x10a4,
  0x08a5,0x10a4,0x10c4,0x08a5,0x10c4,0x10a4,0x10c5,0x0884,0x10c5,0x10a4,0x10a5,0x08c4,0x10a5,0x10c5,0x10a4,0x10c5,
  0x10a5,0x10c5,0x10a4,0x10c5,0x10a5,0x10c5,0x10c5,0x10a5,0x10c5,0x10c5,0x10c5,0x10e4,0x10c5,0x10c5,0x10c6,0x10c5,
  0x18a5,0x18a5,0x10a4,0x10c4,0x08a4,0x0905,0x0966,0x23cf,0x2574,0x25b4,0x1593,0x1db4,0x2594,0x24f2,0x134c,0x01e8,
  0x09a7,0x1167,0x0966,0x0166,0x0946,0x0145,0x0946,0x0926,0x0905,0x0905,0x0906,0x1125,0x0925,0x1126,0x0925,0x1145,
  0x0926,0x0945,0x0926,0x1146,0x0925,0x0946,0x1145,0x0926,0x0946,0x0925,0x1126,0x0946,0x0925,0x1126,0x0925,0x0926,
  0x1126,0x0905,0x1126,0x0925,0x0946,0x0946,0x0145,0x0926,0x0945,0x0966,0x0166,0x0987,0x01a7,0x0208,0x1b6d,0x2512,
  0x25b4,0x1d94,0x1db4,0x25b4,0x2d53,0x236d,0x0186,0x0905,0x10e4,0x10a4,0x10c5,0x10c5,0x10c5,0x18a6,0x10c5,0x10c4,
  0x10c4,0x10c5,0x10c5,0x10c5,0x10c5,0x10c5,0x10c5,0x10c5,0x10c5,0x10c5,0x10a5,0x10c5,0x10a4,0x10c5,0x10a4,0x10a5,
  0x10c4,0x10a5,0x10a4,0x10a4,0x10a4,0x10c5,0x10a4,0x10a5,0x10a4,0x10a5,0x08a4,0x10c5,0x0884,0x10a4,0x08a4,0x10a4,
  0x10a4,0x08a4,0x08a4,0x10a4,0x10a5,0x08a4,0x10a4,0x08a4,0x10a4,0x1084,0x08a4,0x10a4,0x10a4,0x1084,0x08a4,0x08a4,
  0x1084,0x10a4,0x0884,0x10a4,0x0884,0x10a4,0x10a4,0x0884,0x10a4,0x1083,0x08a4,0x1084,0x08a4,0x1083,0x08a4,0x1084,
  0x08a4,0x1084,0x10a3,0x0884,0x10a3,0x0884,0x10a4,0x08a4,0x1084,0x08a4,0x1083,0x08a4,0x1084,0x10a4,0x0884,0x10a4,
  0x0884,0x10a4,0x0884,0x10a3,0x08a4,0x1084,0x08a4,0x1084,0x08a4,0x1083,0x08a4,0x1083,0x08a4,0x1083,0x08a4,0x10a3,
  0x1084,0x08a3,0x1084,0x08a3,0x1084,0x08a4,0x10a4,0x0883,0x10a4,0x1084,0x08a4,0x1083,0x08a4,0x1083,0x08a4,0x1083,
  0x08a4,0x10a3,0x0884,0x10a3,0x0884,0x10a3,0x0884,0x10a4,0x0884,0x10a4,0x0884,0x10a3,0x0884,0x10a4,0x0884,0x10a4,
  0x08a4,0x1084,0x08a3,0x10a4,0x1084,0x08a4,0x1083,0x08a4,0x1083,0x08a4,0x1083,0x10a4,0x0884,0x10a4,0x0884,0x10a4,
  0x08a4,0x1084,0x08a4,0x10a4,0x0884,0x10a4,0x10a3,0x0884,0x10a3,0x1084,0x08a3,0x1084,0x08a3,0x1084,0x08a4,0x10a4,
  0x0884,0x10a4,0x0884,0x10a4,0x0884,0x10a4,0x1084,0x08a4,0x1084,0x10a4,0x0884,0x10a4,0x1084,0x08a4,0x1084,0x10a4,
  0x08a4,0x1084,0x10a4,0x0884,0x10a3,0x10a4,0x0883,0x10a4,0x0883,0x10a4,0x0884,0x10a4,0x0884,0x10a4,0x0884,0x10a3,
  0x08a4,0x1084,0x08a4,0x1083,0x08a4,0x1084,0x10a4,0x08a3,0x1084,0x08a4,0x1084,0x08a4,0x1083,0x08a4,0x10a3,0x0884,
  0x10a4,0x1084,0x08a4,0x1084,0x10a4,0x0883,0x10a4,0x0883,0x10a4,0x0883,0x10a4,0x10a3,0x0884,0x10a3,0x08a4,0x1083,
  0x10a4,0x0884,0x10a4,0x10a3,0x0884,0x10a3,0x08a4,0x1083,0x10a4,0x0883,0x10a4,0x0883,0x10a4,0x0884,0x10a4,0x0884,
  0x10a4,0x08a4,0x1084,0x08a4,0x1084,0x08a4,0x1084,0x08a3,0x1084,0x10a3,0x0884,0x10a3,0x10a4,0x0884,0x10a4,0x1083,
  0x08a4,0x10a3,0x0884,0x10a4,0x0883,0x10a4,0x0883,0x10a4,0x0884,0x10a4,0x0884,0x10a4,0x0883,0x10a4,0x08a4,0x1084,
  0x08a3,0x10a4,0x0884,0x10a4,0x1083,0x08a4,0x10a4,0x0884,0x10a4,0x0884,0x10a4,0x08a3,0x1084,0x10a4,0x08a4,0x1084,
  0x10a4,0x0883,0x10a4,0x1083,0x08a4,0x1084,0x08a4,0x1083,0x08a4,0x1084,0x08a4,0x1084,0x10a4,0x08a3,0x1084,0x10a4,
  0x0884,0x10a3,0x0884,0x10a4,0x1084,0x08a4,0x1084,0x10a4,0x08a4,0x1084,0x08a4,0x1084,0x08a3,0x1084,0x08a3,0x1084,
  0x08a3,0x10a4,0x0883,0x10a4,0x0884,0x10a4,0x08a3,0x1084,0x08a4,0x1084,0x08a4,0x10a4,0x1084,0x08a4,0x10a3,0x1084,
  0x10a4,0x10a4,0x08a4,0x10a4,0x0884,0x10a3,0x1084,0x08a4,0x1083,0x10a4,0x08a4,0x1084,0x10a4,0x08a4,0x1084,0x08a4,
  0x10a4,0x08a4,0x10a4,0x10a4,0x08a4,0x10a4,0x08a4,0x10a4,0x08a4,0x10a5,0x10a4,0x08a4,0x08a4,0x10a4,0x10a5,0x10a4,
  0x10c4,0x08a4,0x10a5,0x10c4,0x10c5,0x10a4,0x10a4,0x10c4,0x10a4,0x08a4,0x10a4,0x10a5,0x10c4,0x10a5,0x08a4,0x10c5,
  0x10c4,0x10c5,0x08a4,0x10a5,0x10c5,0x10c5,0x10c5,0x10c4,0x10c5,0x10c5,0x10a4,0x10e5,0x10c5,0x10c5,0x10c5,0x18c5,
  0x18a5,0x18a5,0x10c4,0x08e4,0x10a4,0x0905,0x0946,0x1bcf,0x2594,0x1d93,0x15d4,0x1db4,0x2573,0x2470,0x0228,0x01a7,
  0x0966,0x1146,0x1125,0x0905,0x0945,0x0905,0x1105,0x10e5,0x18e5,0x18e5,0x10e5,0x18e5,0x10e5,0x10e5,0x18e5,0x10e5,
  0x10e5,0x10e5,0x18e5,0x1105,0x10e5,0x10e5,0x1925,0x1105,0x1105,0x1105,0x1105,0x18e5,0x1105,0x10e5,0x10e5,0x18c5,
  0x10e5,0x18c5,0x10e4,0x10e5,0x1105,0x0925,0x1105,0x0905,0x1104,0x1125,0x0945,0x0946,0x1166,0x09c8,0x0228,0x24d2,
  0x1573,0x25d4,0x15b4,0x15b3,0x2d73,0x1b6d,0x0186,0x0905,0x10e4,0x08a4,0x10c5,0x10c5,0x10c5,0x18a5,0x10c4,0x10c5,
  0x10c4,0x10c5,0x10c5,0x10c5,0x10a4,0x10c5,0x10c5,0x10a4,0x10c5,0x10c5,0x10a4,0x10a4,0x10c5,0x08a5,0x10a5,0x08a4,
  0x10a4,0x08a4,0x10c5,0x08a4,0x10c5,0x10a4,0x10a4,0x08c5,0x10c4,0x10a4,0x10a4,0x10c5,0x10a4,0x10a4,0x08a4,0x10a4,
  0x10c5,0x10a4,0x08c5,0x10a4,0x08a4,0x08a4,0x10a4,0x0884,0x10a5,0x08a4,0x10a4,0x10a4,0x08a4,0x10a4,0x0884,0x10a4,
  0x10a4,0x0884,0x10a4,0x08a4,0x10a4,0x0883,0x10a4,0x08a4,0x1083,0x10a5,0x08a4,0x1084,0x10a4,0x08a4,0x10a4,0x1084,
  0x08a3,0x1084,0x08a4,0x10a4,0x0884,0x10a3,0x0884,0x10a3,0x0884,0x10a3,0x08a4,0x1084,0x08a3,0x10a4,0x0883,0x10a4,
  0x10a3,0x0884,0x10a3,0x0884,0x10a4,0x0883,0x10a4,0x08a3,0x1084,0x08a4,0x10a4,0x0884,0x10a4,0x08a4,0x1084,0x08a4,
  0x1084,0x08a4,0x10a4,0x0884,0x10a3,0x0884,0x10a3,0x1084,0x08a3,0x0884,0x10a3,0x0884,0x10a4,0x08a4,0x1084,0x08a4,
  0x1083,0x08a4,0x1084,0x08a4,0x1083,0x08a4,0x1084,0x08a3,0x1084,0x08a3,0x1084,0x08a4,0x10a3,0x1084,0x08a3,0x1084,
  0x08a3,0x1084,0x10a4,0x0883,0x10a4,0x0883,0x10a4,0x08a4,0x1084,0x08a3,0x10a4,0x0884,0x10a3,0x0884,0x10a3,0x1084,
  0x08a3,0x1084,0x10a3,0x0884,0x10a3,0x0884,0x10a4,0x0883,0x10a4,0x08a4,0x1084,0x08a4,0x1084,0x08a3,0x1084,0x08a3,
  0x1084,0x08a3,0x10a4,0x0883,0x10a4,0x08a3,0x1084,0x08a3,0x10a4,0x0883,0x10a4,0x08a3,0x1084,0x08a3,0x10a4,0x0883,
  0x10a4,0x0883,0x10a4,0x0883,0x10a4,0x0884,0x10a4,0x08a4,0x1084,0x08a3,0x1084,0x08a3,0x10a4,0x0883,0x10a4,0x0884,
  0x10a4,0x0883,0x10a4,0x0884,0x10a3,0x08a4,0x1083,0x08a4,0x1084,0x08a3,0x1084,0x08a3,0x10a4,0x0884,0x10a4,0x1083,
  0x08a4,0x10a3,0x0884,0x10a3,0x08a4,0x1084,0x08a4,0x10a4,0x0884,0x10a4,0x0884,0x10a4,0x0884,0x10a4,0x0883,0x10a4,
  0x0884,0x10a3,0x0884,0x10a4,0x0884,0x10a4,0x0883,0x10a4,0x0884,0x10a4,0x0884,0x10a4,0x0883,0x10a4,0x0883,0x10a4,
  0x0883,0x10a4,0x0883,0x10a4,0x08a3,0x1084,0x08a3,0x10a4,0x0884,0x10a4,0x08a4,0x1084,0x08a3,0x1084,0x08a3,0x1084,
  0x08a4,0x1084,0x08a3,0x1084,0x10a4,0x08a4,0x1084,0x08a3,0x10a4,0x0883,0x10a4,0x0883,0x10a4,0x0884,0x10a3,0x0884,
  0x10a4,0x0883,0x10a4,0x08a3,0x1084,0x08a4,0x1083,0x08a4,0x1083,0x08a4,0x1083,0x08a4,0x1084,0x08a3,0x1084,0x08a3,
  0x1084,0x08a4,0x1084,0x08a4,0x10a3,0x0884,0x10a3,0x08a4,0x1084,0x08a3,0x1084,0x08a3,0x1084,0x08a4,0x1083,0x08a4,
  0x1083,0x08a4,0x1084,0x08a3,0x1084,0x08a3,0x10a4,0x0883,0x10a4,0x0883,0x10a4,0x0883,0x10a4,0x0884,0x10a4,0x08a3,
  0x1084,0x10a4,0x0884,0x10a3,0x08a4,0x1083,0x08a4,0x1084,0x08a3,0x10a4,0x1083,0x08a4,0x1083,0x08a4,0x1084,0x08a4,
  0x08a4,0x1084,0x08a4,0x1084,0x10a4,0x0884,0x08a4,0x10a4,0x10a4,0x0884,0x10a4,0x0884,0x10c5,0x1084,0x10a4,0x08a4,
  0x10a5,0x10a4,0x08a4,0x10a4,0x08c5,0x1084,0x10c5,0x08a4,0x10a4,0x08a5,0x10a4,0x10a4,0x10a5,0x08a4,0x10c5,0x08a4,
  0x10a5,0x10a4,0x10a5,0x10c4,0x10c5,0x08a4,0x10c5,0x08a4,0x10a5,0x10a5,0x10c4,0x08a5,0x10a5,0x10c5,0x10a5,0x10a4,
  0x10a5,0x10c5,0x10c5,0x10c5,0x10c5,0x10a4,0x10c5,0x10c5,0x10c5,0x10c5,0x10c5,0x10c4,0x10c5,0x10c5,0x10c6,0x10c5,
  0x18a5,0x10a4,0x08e5,0x08e5,0x08c4,0x1106,0x0947,0x1bef,0x1db4,0x15b4,0x15d4,0x1d94,0x2593,0x2c90,0x01e7,0x09c7,
  0x1126,0x1105,0x1105,0x08e4,0x0905,0x10e5,0x10e5,0x10c5,0x10c4,0x10c4,0x10c4,0x10c4,0x10a4,0x10e4,0x10a4,0x10e4,
  0x10e5,0x10e4,0x10e5,0x10e4,0x1105,0x1105,0x1105,0x1105,0x10e5,0x10e5,0x10e4,0x10e5,0x10e4,0x10e4,0x10e4,0x10a4,
  0x10e4,0x10e5,0x18c5,0x10c4,0x10c5,0x10e4,0x1105,0x10e4,0x10e5,0x1105,0x0924,0x0925,0x0925,0x09a7,0x0208,0x24f1,
  0x25d4,0x15d4,0x15b3,0x15b5,0x2d74,0x1b8d,0x0186,0x0905,0x10e5,0x10a4,0x08c5,0x10a4,0x10c5,0x18c5,0x10c5,0x10a5,
  0x10c5,0x10c5,0x10c5,0x10c5,0x10c5,0x10c5,0x10c5,0x10c5,0x10c5,0x10a5,0x10c5,0x10a5,0x10c5,0x10a4,0x10a4,0x08c5,
  0x10a5,0x10a4,0x10c5,0x10a4,0x10c5,0x08a4,0x10c5,0x10a4,0x10a5,0x08a5,0x10c4,0x08a4,0x10a5,0x10a4,0x08c5,0x10a4,
  0x08a4,0x10a4,0x10a4,0x08a5,0x10a4,0x10a5,0x08a4,0x10a5,0x10a4,0x10a4,0x08a4,0x10a4,0x0884,0x10a4,0x08a4,0x0884,
  0x10a4,0x08a4,0x1084,0x08a4,0x1084,0x08a4,0x1084,0x10a5,0x08a4,0x1084,0x08a4,0x10a4,0x0884,0x1084,0x08a4,0x10a4,
  0x0884,0x10a4,0x0883,0x10a4,0x0884,0x10a4,0x0884,0x10a4,0x08a4,0x1084,0x08a4,0x1084,0x08a4,0x1084,0x08a4,0x1084,
  0x08a4,0x1084,0x08a4,0x1084,0x08a4,0x10a4,0x0884,0x10a4,0x0884,0x10a3,0x0884,0x10a3,0x0884,0x10a3,0x0884,0x10a3,
  0x0884,0x10a3,0x0884,0x10a4,0x0884,0x10a4,0x0884,0x08a4,0x1084,0x10a4,0x0884,0x10a4,0x0884,0x10a3,0x0884,0x10a4,
  0x0884,0x10a4,0x0883,0x10a4,0x08a4,0x1084,0x08a4,0x1084,0x08a4,0x10a4,0x0884,0x10a4,0x0884,0x10a4,0x0884,0x10a4,
  0x0884,0x10a3,0x0884,0x10a4,0x0884,0x10a4,0x0884,0x10a3,0x0884,0x10a4,0x0884,0x10a4,0x0884,0x10a4,0x08a4,0x1084,
  0x08a4,0x1084,0x08a4,0x1084,0x08a4,0x1083,0x08a4,0x10a4,0x0884,0x10a4,0x0883,0x10a4,0x08a4,0x1084,0x08a4,0x1084,
  0x08a4,0x1084,0x08a4,0x1084,0x08a4,0x1084,0x08a4,0x1084,0x08a4,0x1084,0x08a4,0x1084,0x08a4,0x1084,0x08a4,0x1084,
  0x08a4,0x1084,0x08a4,0x1084,0x08a4,0x1083,0x08a4,0x1083,0x08a4,0x1084,0x08a4,0x1084,0x08a4,0x1084,0x08a4,0x1083,
  0x08a4,0x1084,0x08a4,0x10a4,0x0884,0x10a4,0x0884,0x10a4,0x0884,0x10a4,0x08a4,0x1084,0x08a4,0x1083,0x08a4,0x1084,
  0x08a4,0x1084,0x08a4,0x1084,0x08a4,0x1083,0x08a4,0x1083,0x08a4,0x1083,0x08a4,0x1083,0x08a4,0x1084,0x08a4,0x1084,
  0x08a4,0x10a4,0x0883,0x10a4,0x0883,0x10a4,0x0884,0x10a4,0x08a3,0x1084,0x08a3,0x1084,0x10a4,0x08a4,0x1084,0x08a4,
  0x1084,0x08a4,0x10a4,0x0884,0x10a4,0x0884,0x10a4,0x0884,0x10a3,0x0884,0x10a3,0x0884,0x10a4,0x0884,0x10a4,0x0884,
  0x10a3,0x0884,0x10a4,0x08a4,0x1083,0x08a4,0x1084,0x08a4,0x1084,0x10a4,0x0884,0x10a4,0x08a4,0x1084,0x08a4,0x1084,
  0x08a4,0x1084,0x08a4,0x1084,0x08a4,0x1084,0x08a4,0x1084,0x08a4,0x10a4,0x0884,0x10a4,0x0884,0x10a4,0x0884,0x10a4,
  0x08a4,0x1083,0x08a4,0x1084,0x08a4,0x1084,0x08a4,0x1084,0x08a4,0x1084,0x08a4,0x10a4,0x0884,0x10a4,0x08a4,0x1084,
  0x08a4,0x10a4,0x0884,0x10a4,0x08a4,0x1084,0x08a4,0x1084,0x08a4,0x1084,0x08a4,0x10a4,0x0884,0x10a3,0x0884,0x10a4,
  0x0884,0x10a3,0x0884,0x10a4,0x0884,0x10a4,0x0884,0x10a4,0x0884,0x10a4,0x0884,0x10a4,0x0884,0x10a4,0x0883,0x10a4,
  0x10a4,0x0884,0x10a3,0x0884,0x10a4,0x10a4,0x1083,0x08a4,0x1084,0x08a4,0x1084,0x10a4,0x08a4,0x10a4,0x08a4,0x1084,
  0x08a4,0x08a4,0x10a4,0x10a5,0x08a4,0x10c4,0x08a4,0x10a4,0x10a5,0x10a3,0x08c5,0x08a4,0x10a4,0x10a5,0x10a4,0x10a4,
  0x10c4,0x08a4,0x10a4,0x10c5,0x10a4,0x10c5,0x10a4,0x10c5,0x10a4,0x10c4,0x10a4,0x10a4,0x10c5,0x10a4,0x10c5,0x10c5,
  0x08a4,0x10a5,0x10a4,0x10a5,0x10a4,0x10c5,0x10c5,0x10c5,0x10a4,0x10c5,0x10c5,0x10c5,0x10c5,0x10c5,0x10c5,0x10a5,
  0x18a5,0x10c5,0x10e4,0x0904,0x10c5,0x18e5,0x0947,0x1bcf,0x1db4,0x15f5,0x15d4,0x1593,0x2573,0x2c70,0x0207,0x0166,
  0x0925,0x1905,0x08e5,0x10e5,0x0905,0x10e5,0x10c5,0x10c5,0x08e4,0x08e5,0x08e4,0x10c5,0x08e4,0x08e5,0x08e4,0x08e5,
  0x0904,0x0905,0x0905,0x0905,0x1105,0x0904,0x0905,0x0925,0x1105,0x0925,0x0905,0x1105,0x08e4,0x08e5,0x1105,0x08e5,
  0x10e4,0x10e5,0x10e4,0x10e5,0x10e5,0x10e5,0x08e5,0x10a4,0x10e4,0x10e5,0x0904,0x0925,0x1126,0x0965,0x01c7,0x24b0,
  0x1df4,0x1593,0x15f5,0x15b4,0x2d74,0x236d,0x0186,0x0905,0x10a4,0x10c4,0x10e5,0x08c5,0x10c5,0x10c5,0x18c5,0x10c5,
  0x08a4,0x10c5,0x18c5,0x10c5,0x10c5,0x10c5,0x10c5,0x10a4,0x10c5,0x10c5,0x10a5,0x08a4,0x10a5,0x10c5,0x10a4,0x10a4,
  0x10c4,0x08a4,0x10c5,0x0884,0x10c5,0x1084,0x10c5,0x10a4,0x10c4,0x10a4,0x10a4,0x10c5,0x08a4,0x10a4,0x08a4,0x10a4,
  0x1084,0x10a5,0x08a4,0x10a4,0x10a4,0x08a4,0x1084,0x10a4,0x10a4,0x08a4,0x10a4,0x10a4,0x10a4,0x10a5,0x1084,0x10a4,
  0x0884,0x10a4,0x10a4,0x1084,0x08a4,0x10a3,0x0884,0x10a4,0x0883,0x10a4,0x1083,0x10a4,0x08a4,0x08a4,0x1084,0x08a3,
  0x1084,0x08a4,0x1084,0x08a3,0x1084,0x08a3,0x10a4,0x0883,0x10a4,0x1083,0x08a4,0x1083,0x08a4,0x1083,0x08a4,0x1083,
  0x08a4,0x10a3,0x0884,0x10a3,0x1084,0x08a3,0x1084,0x10a3,0x0884,0x10a4,0x1084,0x08a4,0x1084,0x10a4,0x0883,0x10a4,
  0x0884,0x10a4,0x1083,0x08a4,0x10a3,0x0884,0x10a3,0x10a4,0x0883,0x10a4,0x08a3,0x1084,0x10a3,0x0884,0x10a3,0x10a4,
  0x0883,0x10a4,0x10a4,0x0884,0x10a3,0x1084,0x08a3,0x10a4,0x1083,0x08a4,0x1083,0x10a4,0x0883,0x10a4,0x0883,0x10a4,
  0x08a3,0x1084,0x08a4,0x1083,0x08a4,0x10a3,0x0884,0x10a4,0x1084,0x08a3,0x1084,0x08a3,0x10a4,0x0883,0x10a4,0x0883,
  0x10a4,0x08a3,0x1084,0x08a3,0x10a4,0x0884,0x10a4,0x0883,0x10a4,0x0883,0x10a4,0x0883,0x10a4,0x1083,0x08a4,0x10a3,
  0x1084,0x08a3,0x1084,0x10a3,0x0884,0x10a3,0x0884,0x10a3,0x0884,0x10a3,0x0884,0x10a3,0x0884,0x10a3,0x0884,0x10a3,
  0x0884,0x10a3,0x0884,0x10a3,0x08a4,0x1084,0x08a4,0x1084,0x10a3,0x08a4,0x1083,0x10a4,0x0883,0x10a4,0x1083,0x08a4,
  0x1084,0x10a3,0x0884,0x10a3,0x1084,0x08a3,0x1084,0x08a3,0x1084,0x10a3,0x0884,0x10a3,0x1084,0x08a4,0x1083,0x08a4,
  0x1083,0x08a4,0x1083,0x08a4,0x1083,0x08a4,0x1084,0x08a4,0x1083,0x10a4,0x08a4,0x1084,0x08a3,0x10a4,0x1083,0x08a4,
  0x1083,0x08a4,0x1084,0x08a4,0x10a4,0x0883,0x10a4,0x0884,0x10a4,0x0884,0x10a4,0x08a3,0x1084,0x08a3,0x1084,0x10a3,
  0x08a4,0x1083,0x10a4,0x0883,0x10a4,0x1083,0x08a4,0x1083,0x08a4,0x1084,0x08a4,0x1083,0x08a4,0x10a3,0x0884,0x10a4,
  0x0884,0x10a3,0x0884,0x10a4,0x0884,0x10a3,0x0884,0x10a3,0x0884,0x10a3,0x08a4,0x1083,0x10a4,0x0883,0x10a4,0x10a3,
  0x0884,0x10a3,0x1084,0x08a3,0x1084,0x08a3,0x1084,0x10a3,0x0884,0x10a3,0x1084,0x08a3,0x10a4,0x0883,0x10a4,0x0883,
  0x10a4,0x0884,0x10a3,0x08a4,0x1083,0x08a4,0x1083,0x10a4,0x0883,0x10a4,0x1083,0x08a4,0x1083,0x08a4,0x1083,0x08a4,
  0x1083,0x08a4,0x1083,0x08a4,0x1083,0x08a4,0x1083,0x08a4,0x1083,0x08a4,0x1083,0x10a4,0x0883,0x10a4,0x1084,0x08a3,
  0x1084,0x08a4,0x10a4,0x0883,0x10a4,0x1083,0x08a4,0x1083,0x10a4,0x0883,0x10a4,0x0883,0x10a4,0x0883,0x10a4,0x0884,
  0x10c5,0x10a4,0x0884,0x10a4,0x08a4,0x1084,0x08a4,0x10a4,0x0884,0x10a4,0x08a3,0x1084,0x08a4,0x1084,0x10a4,0x10a4,
  0x10a4,0x08a4,0x1084,0x08a4,0x10c5,0x1084,0x08c5,0x0884,0x10a4,0x08a4,0x1084,0x10c5,0x1084,0x08a3,0x10a5,0x08a4,
  0x10a5,0x10a4,0x10c5,0x08a4,0x10e5,0x08a4,0x10c5,0x0884,0x10c5,0x08a4,0x10a5,0x08a4,0x10a4,0x10c5,0x10a5,0x10c5,
  0x10c5,0x10c5,0x10c5,0x10c5,0x10c5,0x10c5,0x10c5,0x18c5,0x10c5,0x10c5,0x18c5,0x10c5,0x10c5,0x10e5,0x10e6,0x10c5,
  0x10a5,0x10a4,0x08e5,0x08e4,0x10e5,0x18e6,0x0947,0x23ef,0x1db4,0x0db4,0x15d4,0x1dd4,0x2574,0x2c4f,0x01e8,0x0945,
  0x0905,0x18e5,0x10e5,0x08e5,0x1105,0x10e5,0x10c5,0x10e5,0x10e5,0x08e5,0x1105,0x08e5,0x0905,0x1105,0x0905,0x08e5,
  0x08e5,0x08e5,0x0905,0x1105,0x0905,0x0925,0x1106,0x0925,0x0905,0x0905,0x0905,0x08e5,0x0905,0x08e5,0x08e5,0x08e5,
  0x08e5,0x08e5,0x10e5,0x08e5,0x10c5,0x10c5,0x10e5,0x08e5,0x08a4,0x10e5,0x0904,0x0905,0x1105,0x0926,0x09a7,0x24d2,
  0x1d93,0x1593,0x15f4,0x1db4,0x2d74,0x1b6d,0x0987,0x0925,0x08a4,0x08a4,0x10a4,0x08e5,0x10c5,0x10c5,0x10c5,0x10a4,
  0x18a5,0x10c5,0x10c5,0x08a4,0x10c5,0x18a5,0x10a4,0x10c5,0x10c5,0x10c5,0x10c5,0x10c5,0x10c5,0x08a4,0x10a5,0x10c5,
  0x08a5,0x10a4,0x10c5,0x10a4,0x10c5,0x08a3,0x10c5,0x10a5,0x08a4,0x10a5,0x08c5,0x10a4,0x10a5,0x08a3,0x10a5,0x08a4,
  0x08c5,0x10a4,0x10a4,0x08a4,0x10a4,0x08a4,0x10c5,0x08a4,0x10c5,0x10a4,0x0884,0x10a4,0x08a4,0x0883,0x08a4,0x10a4,
  0x10a5,0x0884,0x10a4,0x08a3,0x1084,0x10a5,0x10a4,0x0884,0x10a4,0x08a5,0x08a4,0x1084,0x08a4,0x1084,0x10a4,0x10a5,
  0x10a4,0x0883,0x10a4,0x08a4,0x1084,0x08a4,0x1084,0x10a4,0x0884,0x10a4,0x0884,0x10a4,0x08a4,0x1084,0x08a4,0x10a4,
  0x0884,0x10a4,0x0884,0x10a4,0x0884,0x10a4,0x0884,0x10a4,0x0883,0x10a4,0x08a3,0x1084,0x08a3,0x1084,0x08a4,0x10a4,
  0x0883,0x10a4,0x08a4,0x1084,0x08a4,0x1084,0x08a4,0x1084,0x08a4,0x1084,0x08a4,0x1084,0x08a4,0x10a4,0x0884,0x10a4,
  0x0884,0x10a4,0x0883,0x10a4,0x0884,0x10a4,0x0884,0x10a4,0x0884,0x10a4,0x0884,0x10a3,0x08a4,0x1084,0x08a4,0x1084,
  0x08a4,0x1084,0x08a4,0x10a4,0x0884,0x10a4,0x0884,0x10a3,0x08a4,0x1084,0x08a4,0x1084,0x08a4,0x1084,0x08a3,0x1084,
  0x08a4,0x1084,0x08a4,0x1084,0x08a3,0x1084,0x08a4,0x1084,0x08a4,0x1084,0x08a4,0x1084,0x08a4,0x10a4,0x0884,0x10a4,
  0x0884,0x10a4,0x08a4,0x1084,0x08a3,0x10a4,0x0884,0x10a4,0x08a3,0x1084,0x08a4,0x10a4,0x0883,0x10a4,0x0884,0x10a4,
  0x08a3,0x1084,0x08a4,0x1084,0x08a3,0x1084,0x10a3,0x08a4,0x1084,0x08a4,0x1084,0x08a4,0x10a4,0x0884,0x10a4,0x08a4,
  0x1083,0x08a4,0x1084,0x08a4,0x1084,0x08a4,0x1084,0x08a4,0x10a4,0x0884,0x10a4,0x0884,0x10a3,0x0884,0x10a4,0x08a4,
  0x1084,0x08a4,0x10a4,0x0884,0x10a4,0x08a4,0x1083,0x10a4,0x08a4,0x1084,0x08a3,0x1084,0x08a4,0x1084,0x08a4,0x10a4,
  0x0884,0x10a3,0x08a4,0x1083,0x08a4,0x1084,0x08a4,0x1083,0x08a4,0x10a3,0x0884,0x10a4,0x0884,0x10a4,0x0884,0x10a4,
  0x0884,0x10a4,0x0884,0x10a4,0x0884,0x10a4,0x0884,0x10a4,0x08a4,0x1083,0x08a4,0x10a4,0x0884,0x10a4,0x0883,0x10a4,
  0x08a4,0x1084,0x08a4,0x1083,0x08a4,0x1084,0x08a4,0x10a4,0x0884,0x10a4,0x0884,0x10a4,0x0884,0x10a4,0x0883,0x10a4,
  0x0884,0x10a4,0x08a4,0x1084,0x08a4,0x10a4,0x0884,0x10a4,0x08a3,0x1084,0x08a4,0x1084,0x08a4,0x1084,0x08a4,0x10a4,
  0x0883,0x10a4,0x0884,0x10a4,0x0884,0x10a4,0x08a4,0x1084,0x08a4,0x10a4,0x0884,0x10a3,0x0884,0x10a4,0x0884,0x10a4,
  0x0884,0x10a4,0x1084,0x08a4,0x1084,0x08a3,0x1084,0x08a4,0x10a4,0x1084,0x08a4,0x1084,0x08a4,0x10a4,0x0884,0x10a4,
  0x08a4,0x1083,0x08a4,0x1084,0x08a4,0x1084,0x08a4,0x10a4,0x0884,0x10a4,0x08a4,0x1084,0x08a4,0x10a4,0x0884,0x10a3,
  0x0884,0x10a3,0x0884,0x10a4,0x10a4,0x0883,0x10a4,0x0884,0x10a4,0x10a4,0x0884,0x10a5,0x10a3,0x0884,0x08a4,0x10a4,
  0x0884,0x10c4,0x10a4,0x10c5,0x0883,0x10a4,0x08a4,0x10c4,0x08a4,0x10a5,0x10c4,0x08a4,0x10a4,0x10a5,0x08a4,0x10a4,
  0x10c4,0x08a4,0x10a5,0x10c4,0x10a4,0x10a5,0x10a4,0x10c5,0x10a4,0x10a4,0x10a4,0x10c5,0x08a4,0x10c5,0x08a4,0x10a5,
  0x1084,0x10a5,0x08a4,0x10a5,0x10c5,0x10a4,0x10c5,0x10c5,0x10c5,0x08a4,0x10c5,0x10c5,0x10c5,0x10c5,0x10c5,0x10c5,
  0x18a5,0x08a4,0x0104,0x0904,0x08c5,0x18e5,0x1147,0x23d0,0x1d94,0x0d94,0x15b4,0x25b5,0x2d74,0x2450,0x01c7,0x0947,
  0x1106,0x18c5,0x10e5,0x10e5,0x10e6,0x10c6,0x18a6,0x10a5,0x10c5,0x10c5,0x10e6,0x10c5,0x10c5,0x10c6,0x10e5,0x10c5,
  0x10e5,0x10e5,0x10e6,0x10e6,0x1906,0x1106,0x1106,0x1106,0x1106,0x1105,0x10e6,0x10e5,0x10e5,0x10c5,0x10c5,0x18c5,
  0x10c5,0x10a5,0x10c5,0x18c5,0x18c5,0x18c5,0x10c5,0x10c5,0x10c5,0x10e5,0x08e5,0x0904,0x10c5,0x1106,0x09c8,0x2cd2,
  0x1db4,0x1db4,0x0db4,0x1d94,0x2d54,0x238d,0x0166,0x1106,0x10a4,0x10e5,0x08e4,0x08c5,0x10c5,0x10e5,0x18c5,0x10c5,
  0x10a4,0x10c5,0x10c5,0x10c5,0x10c5,0x10c5,0x10c5,0x10c5,0x10c5,0x10a4,0x10a5,0x10a4,0x10a5,0x10c5,0x10a4,0x10a4,
  0x10a4,0x10a4,0x10c4,0x0884,0x10c5,0x10a4,0x10c5,0x08a4,0x10c4,0x10a4,0x10a4,0x10c5,0x08a4,0x1084,0x10a4,0x10a5,
  0x0883,0x10a4,0x08a4,0x10a5,0x1084,0x10c5,0x1083,0x10c5,0x0884,0x10a4,0x10c4,0x08a4,0x08a4,0x10a5,0x10a4,0x0884,
  0x10a3,0x0884,0x10a3,0x1084,0x08a4,0x0884,0x10a3,0x0884,0x10a3,0x0884,0x08a4,0x08c4,0x1084,0x10a4,0x08a4,0x0883,
  0x10a4,0x0884,0x10a3,0x0884,0x10a3,0x0884,0x10a3,0x0884,0x10a3,0x0884,0x10a3,0x0884,0x10a3,0x0884,0x10a3,0x0884,
  0x10a3,0x0884,0x10a3,0x0884,0x10a3,0x0884,0x10a3,0x0884,0x10a4,0x0884,0x10a4,0x0883,0x10a4,0x08a4,0x1083,0x08a4,
  0x1084,0x08a3,0x1084,0x08a3,0x1084,0x08a3,0x1084,0x08a3,0x1084,0x08a3,0x1084,0x08a3,0x1084,0x08a3,0x1084,0x08a3,
  0x1084,0x08a3,0x1084,0x08a4,0x1083,0x08a4,0x1083,0x08a4,0x1083,0x08a4,0x10a3,0x0884,0x10a4,0x0883,0x10a4,0x0883,
  0x10a4,0x08a3,0x1084,0x08a3,0x1084,0x08a3,0x1084,0x08a4,0x1083,0x08a4,0x1083,0x08a4,0x1083,0x08a4,0x1084,0x08a4,
  0x1083,0x08a4,0x1083,0x08a4,0x1084,0x08a3,0x1084,0x08a3,0x1084,0x08a3,0x10a4,0x0883,0x10a4,0x0883,0x10a4,0x0883,
  0x10a4,0x0883,0x10a4,0x0883,0x10a4,0x0884,0x10a3,0x0884,0x10a4,0x0883,0x10a4,0x0883,0x10a4,0x0884,0x10a3,0x0884,
  0x10a4,0x0884,0x10a3,0x0884,0x10a4,0x08a4,0x1084,0x08a3,0x1084,0x08a3,0x1084,0x08a3,0x1084,0x08a3,0x1084,0x08a3,
  0x1084,0x08a4,0x10a3,0x0884,0x10a3,0x0884,0x10a3,0x0884,0x10a3,0x0884,0x10a3,0x0884,0x10a4,0x08a4,0x1083,0x08a4,
  0x1083,0x08a4,0x1083,0x08a4,0x1083,0x08a4,0x1084,0x08a3,0x1084,0x08a4,0x1084,0x08a3,0x1084,0x08a3,0x1084,0x08a3,
  0x1084,0x08a4,0x1084,0x08a4,0x1083,0x08a4,0x1083,0x10a4,0x0884,0x10a4,0x1083,0x08a4,0x1083,0x08a4,0x1083,0x08a4,
  0x1083,0x08a4,0x1083,0x08a4,0x1083,0x08a4,0x10a3,0x0884,0x10a3,0x0884,0x10a4,0x0883,0x10a4,0x0884,0x10a4,0x0883,
  0x10a4,0x0883,0x10a4,0x08a4,0x1083,0x08a4,0x1083,0x08a4,0x1083,0x08a4,0x1083,0x08a4,0x1083,0x08a4,0x1084,0x08a4,
  0x1083,0x08a4,0x1083,0x08a4,0x1083,0x08a4,0x1083,0x08a4,0x1084,0x08a4,0x1083,0x08a4,0x1083,0x08a4,0x1083,0x08a4,
  0x1084,0x08a3,0x1084,0x08a3,0x1084,0x08a3,0x1084,0x08a3,0x1084,0x08a3,0x1084,0x08a4,0x10a3,0x0884,0x10a3,0x0884,
  0x10a3,0x0884,0x10a3,0x0884,0x10a3,0x0884,0x10a4,0x0883,0x10a4,0x0883,0x10a4,0x0883,0x10a4,0x0883,0x10a4,0x0883,
  0x10a4,0x0884,0x10a3,0x0884,0x10a3,0x08a4,0x1083,0x08a4,0x1083,0x08a4,0x1083,0x08a4,0x1083,0x08a4,0x1083,0x08a4,
  0x10a4,0x0884,0x10a4,0x0884,0x10a4,0x0884,0x10a4,0x08a4,0x0884,0x10a4,0x10a4,0x0884,0x10a4,0x08a5,0x1084,0x10a4,
  0x08a4,0x1084,0x08a4,0x1084,0x10c5,0x0884,0x10c4,0x1084,0x10a4,0x08a5,0x0884,0x08a4,0x08a4,0x1084,0x10c5,0x1084,
  0x10c5,0x10a4,0x10a4,0x08a5,0x10c5,0x10a4,0x10a5,0x08a4,0x10a4,0x08a5,0x10c4,0x10a5,0x10a5,0x10a5,0x10c5,0x10c5,
  0x10c5,0x10c5,0x10a5,0x10a4,0x10c5,0x10c5,0x10c5,0x10c5,0x10c5,0x10c5,0x10a5,0x18c5,0x10c5,0x10c5,0x10c5,0x10c5,
  0x10c5,0x10a4,0x08e5,0x08e4,0x18e4,0x18e6,0x0947,0x1bcf,0x1d94,0x1df5,0x1db5,0x1d93,0x2d74,0x2c50,0x0187,0x0946,
  0x10e6,0x10c5,0x10c5,0x10c6,0x10e6,0x10c6,0x18c6,0x18c5,0x10c6,0x18c5,0x18c5,0x18c6,0x18c5,0x10c5,0x18e5,0x10c6,
  0x10e6,0x1106,0x0926,0x0966,0x09e8,0x0a08,0x0a29,0x0a29,0x09e8,0x0946,0x0926,0x1126,0x18e6,0x10e6,0x18e5,0x10c5,
  0x18c6,0x18c5,0x18c5,0x18c6,0x10c5,0x10c5,0x10c6,0x10c5,0x10c5,0x10c5,0x10e5,0x10e5,0x18e6,0x0905,0x0187,0x2c90,
  0x1db4,0x1dd5,0x15b4,0x1db4,0x2d54,0x238e,0x0986,0x0905,0x10a4,0x08a4,0x10c4,0x08e4,0x10c5,0x10c5,0x10c5,0x10a4,
  0x18c5,0x10c5,0x10c5,0x18c5,0x10c5,0x10c5,0x10c5,0x10a4,0x10c5,0x10c5,0x10c5,0x10c5,0x10c5,0x10a5,0x10a5,0x08a4,
  0x10c5,0x08a5,0x10a4,0x10c5,0x08a4,0x10a4,0x10a4,0x10c5,0x10a5,0x10a4,0x08a4,0x10a5,0x10a4,0x10c5,0x0883,0x10a4,
  0x10a5,0x08a4,0x10a4,0x08a4,0x10a4,0x08a4,0x08a4,0x10a4,0x10a4,0x08a4,0x0884,0x10a4,0x1084,0x08a4,0x0884,0x10a4,
  0x10a5,0x0884,0x10a4,0x0884,0x10a4,0x10a4,0x0884,0x08a5,0x10a4,0x0883,0x10a4,0x1084,0x08a4,0x1084,0x08a4,0x1084,
  0x08a4,0x1083,0x08a4,0x1084,0x08a4,0x1084,0x08a4,0x1083,0x08a4,0x1084,0x08a4,0x1083,0x08a4,0x1084,0x08a4,0x1083,
  0x08a4,0x1084,0x08a4,0x1083,0x08a4,0x10a4,0x0884,0x10a3,0x0884,0x10a3,0x0884,0x10a4,0x0884,0x1084,0x08a4,0x1083,
  0x08a4,0x1084,0x08a4,0x1084,0x08a4,0x1084,0x08a3,0x1084,0x08a4,0x1084,0x08a4,0x1084,0x08a4,0x1084,0x08a4,0x1084,
  0x08a4,0x1084,0x08a4,0x1083,0x08a4,0x1084,0x08a4,0x1083,0x08a4,0x1084,0x0884,0x10a4,0x0883,0x10a4,0x0884,0x10a4,
  0x0884,0x1084,0x08a3,0x1084,0x08a4,0x1084,0x08a3,0x1084,0x08a4,0x1084,0x08a4,0x1084,0x08a4,0x1083,0x08a4,0x1083,
  0x08a4,0x1084,0x08a4,0x1083,0x08a4,0x1084,0x08a4,0x1084,0x08a3,0x1084,0x08a4,0x1084,0x08a4,0x1084,0x08a3,0x1084,
  0x08a4,0x1084,0x08a3,0x1084,0x08a4,0x1084,0x08a4,0x1083,0x08a4,0x1084,0x08a4,0x1084,0x08a4,0x1084,0x08a4,0x1083,
  0x08a4,0x1084,0x08a4,0x1083,0x08a4,0x1083,0x08a4,0x1084,0x08a4,0x1084,0x08a4,0x1084,0x08a4,0x1084,0x08a3,0x1084,
  0x08a4,0x1084,0x08a4,0x1084,0x08a4,0x1083,0x08a4,0x1084,0x08a4,0x1083,0x08a4,0x1084,0x08a3,0x1084,0x08a4,0x1084,
  0x08a4,0x1084,0x08a4,0x1083,0x08a4,0x1084,0x08a4,0x1084,0x08a3,0x1084,0x08a4,0x1084,0x08a4,0x1084,0x08a4,0x1084,
  0x08a3,0x1084,0x08a3,0x1084,0x08a4,0x1084,0x08a4,0x1084,0x08a3,0x1084,0x08a4,0x1084,0x08a4,0x1084,0x08a4,0x1083,
  0x08a4,0x1084,0x08a4,0x1083,0x08a4,0x1084,0x08a4,0x1084,0x08a4,0x1084,0x08a4,0x1084,0x08a3,0x1084,0x08a3,0x1084,
  0x08a4,0x1084,0x10a3,0x0884,0x10a4,0x0884,0x10a4,0x1084,0x08a4,0x1083,0x08a4,0x1084,0x08a4,0x1083,0x08a4,0x1084,
  0x08a4,0x1083,0x08a4,0x1084,0x08a4,0x1083,0x08a4,0x1084,0x08a3,0x1084,0x08a4,0x1084,0x08a4,0x1083,0x08a4,0x1084,
  0x08a4,0x1084,0x08a4,0x1084,0x08a4,0x1084,0x08a3,0x1084,0x08a4,0x1084,0x08a3,0x1084,0x0884,0x10a4,0x0884,0x10a4,
  0x0884,0x10a3,0x0884,0x10a4,0x0884,0x10a4,0x0883,0x10a4,0x0884,0x10a4,0x0883,0x10a4,0x0884,0x10a4,0x0883,0x10a4,
  0x0884,0x10a4,0x0884,0x10a4,0x0884,0x1084,0x08a4,0x1083,0x08a4,0x1084,0x08a4,0x1083,0x08a4,0x1084,0x08a4,0x1084,
  0x10a4,0x0884,0x10a4,0x10a4,0x0884,0x10a4,0x0884,0x10a4,0x0884,0x1083,0x08a4,0x10a4,0x0884,0x10a4,0x08a4,0x08a4,
  0x08a4,0x10a4,0x08a4,0x10a4,0x10a4,0x08a4,0x10a4,0x08a5,0x10a4,0x08a4,0x10a4,0x10a4,0x10a4,0x08a4,0x10c5,0x08a4,
  0x10a4,0x08a4,0x10a5,0x10c4,0x08a4,0x10c5,0x08a3,0x10c5,0x10a4,0x10c4,0x08a4,0x10a4,0x08a4,0x10c4,0x10a4,0x10c5,
  0x08a4,0x10a4,0x10c5,0x10c5,0x10c5,0x10c5,0x10a4,0x10c5,0x18c5,0x10c5,0x10a4,0x10c5,0x10c5,0x18c5,0x10c5,0x10c5,
  0x10c5,0x10c3,0x08e5,0x10c4,0x08c4,0x1105,0x0967,0x1bef,0x2594,0x1db3,0x1db4,0x1d94,0x2574,0x2c50,0x01a6,0x0926,
  0x10e5,0x10e5,0x10e5,0x10c5,0x10c5,0x18c5,0x10c5,0x10e5,0x1105,0x10c5,0x18c5,0x18a5,0x18c5,0x10c5,0x10e5,0x0905,
  0x0125,0x0166,0x0a29,0x0aaa,0x2d12,0x2d53,0x2d74,0x2d53,0x24b1,0x0aeb,0x0a09,0x0126,0x0906,0x0905,0x08e5,0x10c5,
  0x18c5,0x18a5,0x18c5,0x10e5,0x10e5,0x18e5,0x10c5,0x18c5,0x10c5,0x10e5,0x10c5,0x10e5,0x0904,0x1126,0x0186,0x2cd1,
  0x1db4,0x1db4,0x15b4,0x1db5,0x2d73,0x1b6d,0x0186,0x0905,0x10e4,0x10c5,0x10a4,0x10c5,0x10c5,0x10c5,0x10c5,0x10c5,
  0x10c4,0x10c5,0x10c4,0x10c5,0x08a4,0x10c5,0x10c5,0x10c5,0x10c5,0x10c5,0x10c5,0x10a4,0x10c4,0x08a4,0x10c5,0x10a4,
  0x10a4,0x10a4,0x10c5,0x0884,0x10c5,0x10a4,0x10a5,0x08a4,0x10a4,0x08c5,0x10a4,0x10c4,0x08a4,0x10c5,0x10a4,0x08a4,
  0x10a4,0x0884,0x10a4,0x08a4,0x10a4,0x08a5,0x10a4,0x10a4,0x08a4,0x10a4,0x08a4,0x10a4,0x08a4,0x10a4,0x1084,0x08a4,
  0x1084,0x08a3,0x1084,0x08a4,0x1083,0x08a4,0x10a4,0x0883,0x10a4,0x0884,0x10a4,0x0884,0x10a4,0x0883,0x10a4,0x0883,
  0x10a4,0x0884,0x10a4,0x0883,0x10a4,0x0883,0x10a4,0x0884,0x10a4,0x0883,0x10a4,0x0884,0x10a4,0x0883,0x10a4,0x0884,
  0x10a3,0x0884,0x10a3,0x0884,0x10a4,0x0883,0x10a4,0x0884,0x10a4,0x0884,0x10a3,0x0884,0x10a3,0x08a4,0x1083,0x08a4,
  0x1084,0x08a3,0x1084,0x08a3,0x1084,0x08a3,0x1084,0x08a4,0x1083,0x08a4,0x1083,0x08a4,0x1083,0x08a4,0x1083,0x08a4,
  0x1083,0x08a4,0x1083,0x08a4,0x1084,0x08a3,0x1084,0x08a4,0x1084,0x08a3,0x10a4,0x0883,0x10a4,0x0884,0x10a3,0x0884,
  0x10a3,0x08a4,0x1084,0x08a4,0x1083,0x08a4,0x1084,0x08a4,0x1083,0x08a4,0x1083,0x08a4,0x1083,0x08a4,0x1084,0x08a4,
  0x1084,0x08a3,0x1084,0x08a4,0x1083,0x08a4,0x1083,0x08a4,0x1084,0x08a4,0x1083,0x08a4,0x1083,0x08a4,0x1084,0x08a4,
  0x1083,0x08a4,0x1084,0x08a4,0x1083,0x08a4,0x1083,0x08a4,0x1084,0x08a3,0x1084,0x08a3,0x1084,0x08a3,0x1084,0x08a4,
  0x1083,0x08a4,0x1083,0x08a4,0x1084,0x08a4,0x1083,0x08a4,0x1083,0x08a4,0x1083,0x08a4,0x1083,0x08a4,0x1084,0x08a4,
  0x1083,0x08a4,0x1083,0x08a4,0x1083,0x08a4,0x1084,0x08a3,0x1084,0x08a4,0x1084,0x08a3,0x1084,0x08a4,0x1083,0x08a4,
  0x1083,0x08a4,0x1083,0x08a4,0x1084,0x08a3,0x1084,0x08a3,0x1084,0x08a4,0x1083,0x08a4,0x1083,0x08a4,0x1083,0x08a4,
  0x1084,0x08a4,0x1084,0x08a3,0x1084,0x08a3,0x1084,0x08a3,0x1084,0x08a4,0x1083,0x08a4,0x1083,0x08a4,0x1083,0x08a4,
  0x1084,0x08a3,0x1084,0x08a4,0x1083,0x08a4,0x1083,0x08a4,0x1083,0x08a4,0x1083,0x08a4,0x1084,0x08a4,0x1084,0x08a4,
  0x1083,0x08a4,0x1084,0x08a4,0x1083,0x08a4,0x1083,0x08a4,0x1083,0x08a4,0x1084,0x08a3,0x1084,0x08a4,0x1083,0x08a4,
  0x1083,0x08a4,0x1084,0x08a3,0x1084,0x08a4,0x1084,0x08a3,0x1084,0x08a4,0x1083,0x08a4,0x1083,0x08a4,0x1084,0x08a3,
  0x1084,0x08a3,0x1084,0x08a3,0x1084,0x08a3,0x1084,0x08a4,0x1083,0x08a4,0x1084,0x08a4,0x10a3,0x0884,0x10a3,0x0884,
  0x10a3,0x08a4,0x1084,0x08a3,0x10a4,0x0883,0x10a4,0x0884,0x10a3,0x0884,0x10a4,0x0884,0x10a3,0x0884,0x10a4,0x0884,
  0x10a3,0x0884,0x10a3,0x0884,0x10a3,0x08a4,0x1083,0x08a4,0x1084,0x08a3,0x1084,0x08a4,0x1084,0x08a3,0x1084,0x08a3,
  0x10a4,0x0884,0x10a4,0x0883,0x10a4,0x0883,0x10a4,0x0883,0x10a4,0x08a4,0x1084,0x10a4,0x0884,0x10a4,0x10a4,0x1084,
  0x10a4,0x08a4,0x10a4,0x08a4,0x10a4,0x10a4,0x08a4,0x10a4,0x10a4,0x10a4,0x08a4,0x10a5,0x10a4,0x08a4,0x10c4,0x1084,
  0x10c5,0x10a4,0x08a4,0x10a5,0x10a4,0x10a5,0x10a4,0x10c5,0x0884,0x10c5,0x10a4,0x10a5,0x10a4,0x10a5,0x10a5,0x10a4,
  0x10c5,0x10a4,0x10c5,0x10c5,0x10c4,0x10a5,0x10c5,0x10c5,0x10a4,0x10c5,0x10c4,0x10c4,0x10c5,0x18c5,0x10c5,0x10c4,
  0x10c5,0x08c4,0x10c4,0x10c4,0x10c5,0x1105,0x0967,0x1bee,0x2593,0x1db4,0x1db4,0x15b4,0x2d74,0x244f,0x01a7,0x0926,
  0x08e5,0x10e5,0x10c5,0x10e4,0x18c5,0x10c5,0x10e5,0x10e6,0x1105,0x10e5,0x10e5,0x18c5,0x10c4,0x10e5,0x10e5,0x0906,
  0x0146,0x1269,0x2c50,0x2d33,0x25b4,0x1db4,0x15b3,0x25b5,0x2573,0x2d53,0x340f,0x0a08,0x0146,0x0905,0x0905,0x10e5,
  0x10c4,0x18c4,0x10c5,0x1105,0x10e5,0x10e5,0x10c5,0x18c5,0x10c5,0x10e5,0x10c5,0x10e4,0x1105,0x1125,0x01a7,0x2cd1,
  0x1db4,0x1db4,0x15b4,0x1db4,0x2d54,0x1b8d,0x0187,0x1105,0x10c4,0x10e5,0x10a4,0x10c5,0x10c5,0x10a5,0x10c5,0x10c5,
  0x10c4,0x10c5,0x10a5,0x10c5,0x10c5,0x10c5,0x10a4,0x10c4,0x10c5,0x10a4,0x10c5,0x10c5,0x10a5,0x10a4,0x10c5,0x10a5,
  0x08a4,0x10a4,0x10c4,0x10a4,0x10c5,0x0883,0x10c5,0x10a4,0x10a4,0x10a4,0x10a4,0x10a5,0x08a4,0x10c5,0x0884,0x10a4,
  0x10a4,0x10a5,0x10a4,0x08a5,0x10a4,0x10a4,0x08a4,0x1084,0x10a4,0x08a4,0x10a4,0x0884,0x10a4,0x0884,0x10a4,0x08a4,
  0x10a4,0x1084,0x08a4,0x10a4,0x0884,0x10a4,0x0884,0x10a4,0x0884,0x08a4,0x1084,0x08a3,0x10a4,0x0884,0x10a4,0x10a4,
  0x0884,0x10a3,0x0884,0x10a4,0x0884,0x10a4,0x0883,0x10a4,0x0883,0x10a4,0x0884,0x10a3,0x0884,0x10a4,0x0883,0x10a4,
  0x0884,0x10a4,0x0884,0x10a4,0x0883,0x10a4,0x0884,0x10a3,0x0884,0x10a3,0x0884,0x10a4,0x0884,0x10a4,0x0884,0x10a4,
  0x0883,0x10a4,0x0884,0x10a4,0x0884,0x10a4,0x0883,0x10a4,0x0884,0x10a4,0x0883,0x10a4,0x0884,0x10a3,0x0884,0x10a4,
  0x0884,0x10a3,0x0884,0x10a4,0x0884,0x10a4,0x0883,0x10a4,0x0883,0x10a4,0x0884,0x10a4,0x0884,0x10a3,0x0884,0x10a4,
  0x0884,0x10a3,0x0884,0x10a3,0x0884,0x10a4,0x0883,0x10a4,0x0884,0x10a4,0x0883,0x10a4,0x0884,0x10a4,0x0883,0x10a4,
  0x08a3,0x1084,0x08a4,0x1083,0x08a4,0x1084,0x08a4,0x1083,0x08a4,0x1083,0x08a4,0x1084,0x08a4,0x1083,0x08a4,0x1083,
  0x08a4,0x1084,0x08a3,0x1084,0x08a4,0x1084,0x08a4,0x1084,0x08a3,0x1084,0x08a4,0x1084,0x08a4,0x1084,0x08a3,0x1084,
  0x08a4,0x1084,0x08a4,0x1084,0x08a3,0x1084,0x08a4,0x1084,0x08a4,0x1084,0x08a4,0x1083,0x08a4,0x1084,0x08a3,0x1084,
  0x08a4,0x1084,0x08a3,0x1084,0x08a4,0x1084,0x08a3,0x1084,0x08a4,0x1083,0x08a4,0x1084,0x08a3,0x1084,0x08a4,0x1084,
  0x08a3,0x1084,0x08a4,0x1084,0x08a3,0x1084,0x08a4,0x1084,0x08a3,0x1084,0x08a4,0x1083,0x08a4,0x1084,0x08a4,0x1083,
  0x08a4,0x1083,0x08a4,0x1084,0x08a4,0x1084,0x08a4,0x1084,0x08a3,0x1084,0x08a4,0x1084,0x08a4,0x1083,0x08a4,0x1084,
  0x08a4,0x1084,0x08a3,0x1084,0x08a4,0x1084,0x08a4,0x1083,0x08a4,0x1084,0x08a4,0x1083,0x08a4,0x1083,0x08a4,0x1083,
  0x08a4,0x1084,0x08a3,0x1084,0x08a4,0x1083,0x08a4,0x1084,0x08a4,0x1084,0x08a3,0x1084,0x08a4,0x1083,0x08a4,0x1084,
  0x08a4,0x1084,0x08a3,0x1084,0x08a4,0x1083,0x08a4,0x1084,0x08a4,0x1083,0x08a4,0x1084,0x08a4,0x1084,0x08a3,0x1084,
  0x08a4,0x1084,0x08a3,0x1084,0x08a4,0x1084,0x08a4,0x1083,0x08a4,0x1084,0x08a3,0x1084,0x08a4,0x1084,0x08a3,0x1084,
  0x08a4,0x1084,0x08a3,0x1084,0x08a4,0x1084,0x08a4,0x1083,0x08a4,0x1084,0x08a3,0x1084,0x08a4,0x1083,0x08a4,0x1083,
  0x08a4,0x1084,0x08a4,0x1083,0x08a4,0x1084,0x08a4,0x1084,0x08a3,0x1084,0x08a4,0x1083,0x08a4,0x1084,0x08a4,0x1084,
  0x0884,0x10a3,0x0884,0x10a4,0x0884,0x10a4,0x0884,0x10a4,0x1084,0x08a4,0x1083,0x08a4,0x10a4,0x08a4,0x10a4,0x08a4,
  0x10a4,0x10a4,0x0884,0x10a4,0x10a5,0x08c4,0x10a4,0x08a4,0x10a5,0x08a4,0x10a4,0x08a4,0x10a4,0x10a4,0x10a5,0x08a4,
  0x10a4,0x10a4,0x10c5,0x10a4,0x08a4,0x10a4,0x08a4,0x10a4,0x10a4,0x10a4,0x08a4,0x10a4,0x08a5,0x10a4,0x10c5,0x08a4,
  0x10c5,0x10a4,0x10c5,0x10c5,0x10a4,0x10c5,0x10c5,0x10c5,0x10a4,0x10c5,0x10c5,0x08c4,0x10c4,0x10a5,0x10c5,0x10e5,
  0x10c5,0x10e4,0x10a4,0x10e4,0x10c4,0x1105,0x0967,0x1bef,0x1d94,0x1d94,0x1db4,0x15b4,0x2574,0x2c4f,0x01a7,0x0945,
  0x10e5,0x10e5,0x10e4,0x10c5,0x10c5,0x18c5,0x10e5,0x18e5,0x10e5,0x10e5,0x08e5,0x0904,0x10e4,0x18c5,0x10e5,0x0926,
  0x1249,0x342f,0x3553,0x2db4,0x1d73,0x1d93,0x1d94,0x1dd4,0x25b4,0x2d74,0x3d33,0x33ef,0x11e8,0x0146,0x0925,0x10e5,
  0x10c5,0x18c5,0x10c5,0x10e4,0x10e5,0x10e5,0x10c5,0x10c5,0x10e5,0x10e5,0x10c5,0x10e5,0x0905,0x0925,0x09a6,0x2cd1,
  0x1db4,0x15b4,0x15b4,0x1db4,0x2d53,0x238d,0x0966,0x0905,0x08c4,0x10c5,0x10a4,0x10c5,0x10c5,0x10a5,0x18c5,0x10c5,
  0x10e4,0x10c5,0x08a4,0x10c5,0x18c4,0x10a5,0x10c5,0x10c5,0x10c5,0x10a4,0x10c5,0x10c5,0x10c5,0x10a4,0x10a5,0x10a4,
  0x10a4,0x08a5,0x10a4,0x08a4,0x10c5,0x10a4,0x10c4,0x08a4,0x10a5,0x08c4,0x10a4,0x10c5,0x1084,0x10c4,0x10a4,0x08a5,
  0x08a4,0x10a4,0x08a4,0x10a4,0x08a4,0x1084,0x10a4,0x08a4,0x10a4,0x1084,0x08a4,0x10a4,0x1084,0x10a4,0x10a4,0x0884,
  0x10a4,0x0884,0x10a4,0x0884,0x10a4,0x0883,0x10a4,0x10a4,0x1084,0x08a4,0x10a4,0x1084,0x08a4,0x10a4,0x0884,0x10a4,
  0x0884,0x10a4,0x0883,0x10a4,0x0883,0x10a4,0x0884,0x10a4,0x0884,0x10a3,0x0884,0x10a4,0x0883,0x10a4,0x0884,0x10a3,
  0x0884,0x10a3,0x0884,0x10a3,0x0884,0x10a4,0x0883,0x10a4,0x0884,0x10a4,0x0884,0x10a3,0x0884,0x10a3,0x0884,0x10a3,
  0x0884,0x10a4,0x0883,0x10a4,0x0883,0x10a4,0x0884,0x10a4,0x0883,0x10a4,0x0884,0x10a3,0x0884,0x10a4,0x0884,0x10a3,
  0x0884,0x10a4,0x0884,0x10a3,0x0884,0x10a3,0x0884,0x10a4,0x0884,0x10a4,0x0883,0x10a4,0x0883,0x10a4,0x0884,0x10a3,
  0x0884,0x10a4,0x0884,0x10a4,0x0883,0x10a4,0x0884,0x10a3,0x0884,0x10a3,0x0884,0x10a4,0x0883,0x10a4,0x0884,0x10a4,
  0x0884,0x10a3,0x0884,0x10a4,0x0884,0x10a3,0x0884,0x10a4,0x0884,0x10a4,0x0883,0x10a4,0x0884,0x10a4,0x0884,0x10a4,
  0x0883,0x10a4,0x0884,0x10a3,0x0884,0x10a3,0x0884,0x10a3,0x0884,0x10a4,0x0883,0x10a4,0x0883,0x10a4,0x1084,0x08a3,
  0x1084,0x08a3,0x1084,0x08a3,0x1084,0x08a4,0x1083,0x08a4,0x1083,0x08a4,0x1083,0x08a4,0x1084,0x08a3,0x1084,0x08a4,
  0x1083,0x08a4,0x1084,0x08a4,0x1083,0x08a4,0x1084,0x08a4,0x1083,0x08a4,0x1084,0x08a3,0x1084,0x08a4,0x1083,0x08a4,
  0x1084,0x08a4,0x1083,0x08a4,0x1084,0x08a4,0x1083,0x08a4,0x1084,0x08a3,0x1084,0x08a4,0x1084,0x08a3,0x1084,0x08a4,
  0x1083,0x08a4,0x1084,0x08a3,0x1084,0x08a3,0x1084,0x08a3,0x1084,0x08a4,0x1083,0x08a4,0x1083,0x08a4,0x1084,0x08a3,
  0x1084,0x08a3,0x1084,0x08a4,0x1083,0x08a4,0x1083,0x08a4,0x1084,0x08a3,0x1084,0x08a4,0x1083,0x08a4,0x1084,0x08a4,
  0x1083,0x08a4,0x1084,0x08a3,0x1084,0x08a4,0x1084,0x08a3,0x1084,0x08a3,0x1084,0x08a4,0x1083,0x08a4,0x1084,0x08a3,
  0x1084,0x08a3,0x1084,0x08a4,0x1083,0x08a4,0x1084,0x08a3,0x1084,0x08a4,0x1083,0x08a4,0x1083,0x08a4,0x1084,0x08a3,
  0x1084,0x08a3,0x1084,0x08a4,0x1083,0x08a4,0x1083,0x08a4,0x1084,0x08a3,0x1084,0x08a4,0x1083,0x08a4,0x1084,0x08a4,
  0x1083,0x08a4,0x1084,0x08a4,0x1083,0x08a4,0x1083,0x08a4,0x1084,0x08a3,0x1084,0x08a4,0x1083,0x08a4,0x1084,0x08a4,
  0x1083,0x08a4,0x1083,0x08a4,0x1084,0x08a3,0x1084,0x08a3,0x1084,0x08a4,0x1083,0x08a4,0x1084,0x08a3,0x1084,0x08a3,
  0x10a4,0x10a4,0x0884,0x08a4,0x10a4,0x08a4,0x1083,0x08a4,0x10a4,0x0884,0x10a4,0x10a4,0x0884,0x10a4,0x1084,0x08a4,
  0x1084,0x08a4,0x10a4,0x08a4,0x10a4,0x1084,0x10a4,0x10a4,0x10a4,0x10a4,0x10a4,0x10a5,0x0884,0x10a4,0x10c4,0x10a4,
  0x08c5,0x10a4,0x08a4,0x10a4,0x10c4,0x10a5,0x10a4,0x10c5,0x08a4,0x10c5,0x10a4,0x10a5,0x10a4,0x08a4,0x10c5,0x1084,
  0x10c5,0x10c5,0x10c5,0x10c5,0x10c5,0x10c5,0x10a4,0x10c5,0x10c5,0x10c5,0x10a4,0x10e5,0x10a5,0x18c5,0x10c5,0x10c5,
  0x10c5,0x10e4,0x10a4,0x10e4,0x10c5,0x1105,0x0966,0x1bef,0x25b4,0x1db4,0x1d94,0x15b4,0x2d94,0x2c50,0x0186,0x0946,
  0x10e5,0x10e5,0x10e4,0x10a4,0x10c5,0x18c5,0x10e5,0x18c5,0x18c5,0x10e5,0x0905,0x08e5,0x1105,0x18c5,0x10e6,0x0946,
  0x1aeb,0x3554,0x1d93,0x1d94,0x1d73,0x25d5,0x1594,0x1594,0x1d93,0x2573,0x2d74,0x3d33,0x12ca,0x0166,0x0926,0x10e5,
  0x10c5,0x10c5,0x10c5,0x10e5,0x10e5,0x10e5,0x18e5,0x18c5,0x10c6,0x10e5,0x10c5,0x10e5,0x1104,0x0926,0x0186,0x2cd1,
  0x1db4,0x1db4,0x15b4,0x1dd5,0x2d53,0x1b8d,0x0186,0x1106,0x10c4,0x10e4,0x10c5,0x08a4,0x10c5,0x10c5,0x18c5,0x10c5,
  0x10c4,0x10c5,0x10c5,0x18c5,0x10c5,0x10c4,0x10c5,0x10a4,0x10c5,0x10c5,0x10c5,0x10a4,0x10c5,0x10a5,0x08c4,0x10a5,
  0x08c4,0x10a4,0x10c5,0x10a4,0x10a5,0x08a4,0x10a5,0x10a4,0x10a4,0x10a5,0x08a4,0x10c5,0x08a4,0x10c5,0x0884,0x10a4,
  0x08a4,0x08a4,0x10a4,0x08a4,0x10a5,0x08a4,0x10c4,0x10a5,0x08a4,0x10a4,0x10a4,0x0884,0x10a4,0x0884,0x10a4,0x0884,
  0x10a4,0x1084,0x08a3,0x10a4,0x0884,0x10a4,0x0884,0x10a4,0x0883,0x10a4,0x0884,0x10a4,0x0884,0x1083,0x08a4,0x1083,
  0x10a4,0x0884,0x10a4,0x0884,0x10a4,0x0883,0x10a4,0x0883,0x10a4,0x0884,0x10a3,0x0884,0x10a4,0x0884,0x10a3,0x0884,
  0x10a4,0x0884,0x10a4,0x0884,0x10a4,0x0883,0x10a4,0x0884,0x10a3,0x0884,0x10a3,0x0884,0x10a4,0x0884,0x10a3,0x0884,
  0x10a4,0x0884,0x10a4,0x0883,0x10a4,0x0884,0x10a3,0x0884,0x10a4,0x0883,0x10a4,0x0884,0x10a4,0x0883,0x10a4,0x0884,
  0x10a3,0x0884,0x10a3,0x0884,0x10a4,0x0884,0x10a4,0x0883,0x10a4,0x0883,0x10a4,0x0884,0x10a4,0x0884,0x10a3,0x0884,
  0x10a4,0x0883,0x10a4,0x0883,0x10a4,0x0884,0x10a4,0x0884,0x10a4,0x0884,0x10a4,0x0883,0x10a4,0x0884,0x10a3,0x0884,
  0x10a3,0x0884,0x10a4,0x0883,0x10a4,0x0884,0x10a3,0x08a4,0x1083,0x08a4,0x1084,0x08a3,0x1084,0x08a3,0x1084,0x08a3,
  0x1084,0x08a4,0x1084,0x08a4,0x1083,0x08a4,0x1084,0x08a4,0x1084,0x08a3,0x1084,0x08a4,0x1084,0x08a3,0x1084,0x08a4,
  0x10a4,0x0884,0x10a3,0x0884,0x10a4,0x0883,0x10a4,0x0884,0x10a4,0x0883,0x10a4,0x0884,0x10a4,0x0884,0x10a3,0x0884,
  0x10a4,0x0883,0x10a4,0x0883,0x10a4,0x0884,0x10a3,0x0884,0x10a4,0x0883,0x10a4,0x0884,0x10a4,0x0883,0x10a4,0x0884,
  0x10a3,0x0884,0x10a4,0x0883,0x10a4,0x0883,0x10a4,0x0884,0x10a4,0x0884,0x10a3,0x0884,0x10a3,0x0884,0x10a4,0x0883,
  0x10a4,0x0884,0x10a3,0x0884,0x10a4,0x0884,0x10a3,0x0884,0x10a4,0x0884,0x10a4,0x0883,0x10a4,0x0884,0x10a4,0x0884,
  0x10a4,0x0884,0x10a3,0x0884,0x10a4,0x0884,0x10a4,0x0884,0x10a3,0x0884,0x10a4,0x0883,0x10a4,0x0884,0x10a3,0x0884,
  0x10a4,0x0884,0x10a3,0x0884,0x10a4,0x0883,0x10a4,0x0884,0x10a4,0x0884,0x10a3,0x0884,0x10a4,0x0884,0x10a4,0x08a4,
  0x1084,0x08a4,0x1084,0x08a3,0x1084,0x08a4,0x1083,0x08a4,0x1084,0x08a3,0x1084,0x08a4,0x10a4,0x0883,0x10a4,0x0884,
  0x10a4,0x0884,0x10a4,0x0883,0x10a4,0x0884,0x10a4,0x0884,0x10a3,0x0884,0x10a4,0x0883,0x10a4,0x0884,0x10a3,0x0884,
  0x10a4,0x0883,0x10a4,0x0883,0x10a4,0x0884,0x10a4,0x0884,0x10a4,0x0884,0x10a3,0x0884,0x10a4,0x0884,0x10a3,0x0884,
  0x10a4,0x0884,0x10a4,0x0884,0x10a3,0x0884,0x10a4,0x0884,0x10a4,0x0883,0x10a4,0x0884,0x10a3,0x0884,0x10a4,0x0884,
  0x0884,0x10a4,0x0883,0x10a4,0x0884,0x10a4,0x0884,0x10a4,0x0884,0x10a3,0x0884,0x10a4,0x0884,0x10a4,0x0884,0x10a4,
  0x08a4,0x1084,0x08a4,0x10a4,0x08a4,0x10c4,0x08a4,0x10a5,0x08a4,0x10a4,0x08a5,0x10a4,0x10a4,0x08a4,0x10c5,0x08a4,
  0x10a5,0x10a4,0x10c5,0x10a4,0x08a4,0x10c5,0x08a4,0x10c5,0x10a4,0x10a4,0x08a4,0x10a4,0x10a5,0x08a4,0x10a5,0x10c5,
  0x10a5,0x08a4,0x10c5,0x10c4,0x10a4,0x10c5,0x10c4,0x10c5,0x10c5,0x10c5,0x10c4,0x10c4,0x10c5,0x18c5,0x10a5,0x10e5,
  0x10c5,0x10e4,0x10a5,0x08e4,0x10a4,0x1106,0x0966,0x1bef,0x1d94,0x1db4,0x1db4,0x1db4,0x2573,0x2450,0x01a7,0x0926,
  0x08e5,0x08c5,0x10e4,0x10c5,0x18c5,0x10c5,0x10e5,0x18c5,0x10c5,0x10e5,0x0904,0x0905,0x10e5,0x10e5,0x1105,0x1a09,
  0x3cb1,0x2573,0x1dd4,0x15f5,0x1db4,0x1d94,0x1df5,0x15b4,0x1dd4,0x1593,0x2594,0x2d73,0x3470,0x09e7,0x0926,0x10e6,
  0x10c5,0x10c5,0x10c4,0x10e5,0x10e5,0x10e5,0x10c5,0x10c5,0x10c5,0x10e5,0x10c5,0x10e5,0x1105,0x0925,0x09a6,0x2cd2,
  0x1dd4,0x1db4,0x15b4,0x1db4,0x2d54,0x238d,0x0166,0x0925,0x08a4,0x10e5,0x10c5,0x10a5,0x10c5,0x10a5,0x10c4,0x10c5,
  0x10c4,0x10c5,0x10c5,0x10a4,0x10c5,0x10c5,0x10c5,0x10c5,0x10c5,0x10c5,0x10c5,0x10a4,0x18c5,0x08a4,0x10c5,0x10a4,
  0x10a5,0x10a4,0x08a4,0x10a4,0x10c5,0x0883,0x10c5,0x08a4,0x10c5,0x10a4,0x10a4,0x10a4,0x08a4,0x10c5,0x10a3,0x10a5,
  0x08a4,0x10a4,0x1085,0x10a4,0x10a4,0x10a4,0x08a4,0x1084,0x08a4,0x1084,0x08a4,0x10a4,0x10a4,0x08a4,0x10a4,0x1084,
  0x10a4,0x08a4,0x0884,0x08a4,0x1084,0x08a4,0x10a4,0x0884,0x10a4,0x10a4,0x0884,0x10a3,0x10a4,0x08a4,0x1084,0x08a4,
  0x10a4,0x0884,0x10a3,0x0884,0x10a3,0x0884,0x10a4,0x0884,0x10a3,0x0884,0x10a4,0x08a4,0x1083,0x08a4,0x1084,0x08a4,
  0x1083,0x08a4,0x1083,0x08a4,0x1083,0x08a4,0x1084,0x08a4,0x1084,0x08a4,0x1084,0x08a3,0x1084,0x08a4,0x1084,0x08a4,
  0x1083,0x08a4,0x1083,0x08a4,0x1084,0x08a3,0x1084,0x08a4,0x1083,0x08a4,0x1084,0x08a3,0x1084,0x08a4,0x1083,0x08a4,
  0x1084,0x08a4,0x1084,0x08a4,0x1083,0x08a4,0x1083,0x08a4,0x1084,0x08a4,0x1084,0x08a3,0x1084,0x08a4,0x1084,0x08a3,
  0x1084,0x08a4,0x1084,0x08a4,0x1084,0x08a3,0x1084,0x08a3,0x1084,0x08a3,0x1084,0x08a4,0x1084,0x08a3,0x1084,0x08a4,
  0x1084,0x08a4,0x1083,0x08a4,0x1084,0x08a4,0x1084,0x08a4,0x1084,0x08a3,0x1084,0x08a4,0x1084,0x08a4,0x1083,0x08a4,
  0x1084,0x08a3,0x1084,0x08a3,0x1084,0x08a4,0x1083,0x08a4,0x1083,0x08a4,0x1084,0x08a3,0x1084,0x08a4,0x1083,0x08a4,
  0x1083,0x08a4,0x1084,0x08a4,0x1084,0x08a4,0x1084,0x08a3,0x1084,0x08a4,0x1084,0x08a3,0x1084,0x08a3,0x1084,0x08a4,
  0x1084,0x08a4,0x1084,0x08a4,0x1083,0x08a4,0x1084,0x08a3,0x1084,0x08a4,0x1084,0x08a3,0x1084,0x08a4,0x1084,0x08a3,
  0x1084,0x08a4,0x1083,0x08a4,0x1084,0x08a4,0x1084,0x08a3,0x1084,0x08a3,0x1084,0x08a4,0x1084,0x08a4,0x1083,0x08a4,
  0x1084,0x08a4,0x1084,0x08a3,0x1084,0x08a4,0x1084,0x08a4,0x1083,0x08a4,0x1083,0x08a4,0x1084,0x08a3,0x1084,0x08a3,
  0x1084,0x08a3,0x1084,0x08a4,0x1083,0x08a4,0x1083,0x08a4,0x1084,0x08a4,0x1083,0x08a4,0x1084,0x10a4,0x0884,0x10a3,
  0x0884,0x10a4,0x0884,0x10a4,0x0883,0x10a4,0x0884,0x10a3,0x0884,0x10a3,0x0884,0x10a4,0x0883,0x10a4,0x0883,0x10a4,
  0x0883,0x10a4,0x0883,0x10a4,0x0884,0x10a4,0x0884,0x10a4,0x0883,0x10a4,0x0884,0x10a3,0x0884,0x10a4,0x0884,0x10a3,
  0x0884,0x10a3,0x0884,0x10a4,0x0884,0x10a3,0x0884,0x10a3,0x0884,0x10a4,0x0884,0x10a4,0x0883,0x10a4,0x0884,0x10a3,
  0x0884,0x10a4,0x0884,0x10a4,0x0884,0x10a3,0x0884,0x10a3,0x0884,0x10a3,0x0884,0x10a4,0x0883,0x10a4,0x0884,0x10a3,
  0x0884,0x10a3,0x0884,0x10a3,0x0884,0x10a4,0x0883,0x10a4,0x0884,0x10a4,0x0884,0x10a3,0x0884,0x10a4,0x0883,0x10a4,
  0x10a4,0x0884,0x10a4,0x0884,0x10a4,0x10a4,0x0884,0x10a3,0x10a4,0x08a4,0x1084,0x10a5,0x08a3,0x10a5,0x10a4,0x10a4,
  0x0884,0x08a4,0x1084,0x10c5,0x0884,0x08a5,0x10a4,0x08a4,0x10a4,0x08a4,0x10a4,0x08a4,0x10a4,0x10a5,0x10a4,0x10a4,
  0x10a4,0x08c4,0x10a4,0x08a5,0x10c4,0x10a4,0x10a4,0x08a4,0x10a4,0x08a4,0x10c5,0x10a4,0x08a4,0x10c5,0x10a4,0x10c5,
  0x10c5,0x10a4,0x10c5,0x18c4,0x10c5,0x10c5,0x10c5,0x10c5,0x18c4,0x10c5,0x10c5,0x10e5,0x10a4,0x10a5,0x18c5,0x08c5,
  0x10c5,0x10e4,0x10c5,0x10e4,0x08a4,0x1106,0x0966,0x1bee,0x1d94,0x1d94,0x1db4,0x15b4,0x2574,0x2c4f,0x01a6,0x0945,
  0x10e5,0x10e5,0x10e5,0x10c5,0x10c4,0x18c5,0x10e6,0x10e5,0x18e5,0x10e5,0x08e5,0x10e4,0x10e5,0x10e6,0x0926,0x1269,
  0x3d33,0x1d93,0x15d4,0x0dd4,0x0d94,0x15b4,0x0d73,0x1dd4,0x15b5,0x15b3,0x1dd4,0x1d93,0x3d33,0x0a08,0x0946,0x10e6,
  0x10c5,0x10e5,0x10e5,0x10c5,0x10e5,0x10e5,0x18e4,0x10c6,0x10c5,0x10e6,0x10c5,0x10e4,0x10e5,0x1146,0x0186,0x2cd1,
  0x1db4,0x15b3,0x15b5,0x15b4,0x2d53,0x1b8d,0x0187,0x0905,0x10a4,0x10e5,0x08a4,0x10c5,0x10c4,0x10c5,0x10a5,0x10c5,
  0x10e5,0x10c5,0x10c5,0x10c4,0x10c5,0x10a4,0x10a4,0x10c5,0x10c5,0x10a4,0x10c5,0x10c5,0x10c5,0x10c5,0x10c5,0x10a4,
  0x08a4,0x10a4,0x10c5,0x08a4,0x10c5,0x10a4,0x10c4,0x10a4,0x08a4,0x10a4,0x08a4,0x10c5,0x10a4,0x10c5,0x0884,0x10a4,
  0x1084,0x08a4,0x10a4,0x08a4,0x10a4,0x08a4,0x10c5,0x10a4,0x10a4,0x08a4,0x10a4,0x0884,0x10a4,0x0884,0x10a4,0x0884,
  0x10a4,0x0884,0x10a4,0x1084,0x08a3,0x1084,0x08a3,0x10a5,0x0883,0x10a4,0x0884,0x08a4,0x1084,0x08a4,0x1084,0x10a4,
  0x0884,0x10a4,0x0884,0x10a4,0x08a4,0x1084,0x08a3,0x10a4,0x0884,0x10a4,0x0883,0x10a4,0x0884,0x10a3,0x08a4,0x1084,
  0x08a4,0x10a3,0x0884,0x10a4,0x08a4,0x1084,0x08a3,0x1084,0x08a3,0x10a4,0x0883,0x10a4,0x08a4,0x1083,0x08a4,0x1083,
  0x08a4,0x1084,0x08a4,0x1084,0x08a3,0x1084,0x08a4,0x10a4,0x0884,0x10a4,0x08a3,0x1084,0x08a4,0x10a3,0x0884,0x10a4,
  0x08a3,0x1084,0x08a3,0x10a4,0x0884,0x10a4,0x08a4,0x1083,0x08a4,0x10a3,0x0884,0x10a4,0x0883,0x10a4,0x08a3,0x1084,
  0x08a4,0x1083,0x08a4,0x1083,0x08a4,0x1084,0x08a3,0x1084,0x08a4,0x10a4,0x0883,0x10a4,0x08a3,0x1084,0x08a4,0x1083,
  0x08a4,0x1083,0x08a4,0x10a4,0x0883,0x10a4,0x0883,0x10a4,0x0883,0x10a4,0x08a4,0x1083,0x08a4,0x1083,0x08a4,0x1084,
  0x08a4,0x1084,0x08a3,0x1084,0x08a4,0x10a4,0x0884,0x10a4,0x08a4,0x1084,0x08a3,0x1084,0x08a4,0x10a4,0x0884,0x10a4,
  0x0884,0x10a3,0x0884,0x10a3,0x08a4,0x1083,0x08a4,0x1084,0x08a3,0x1084,0x08a4,0x1083,0x08a4,0x1084,0x08a4,0x10a3,
  0x0884,0x10a3,0x08a4,0x1083,0x08a4,0x10a4,0x0884,0x10a4,0x08a3,0x1084,0x08a4,0x10a4,0x0883,0x10a4,0x08a4,0x1084,
  0x08a3,0x1084,0x08a4,0x1084,0x08a3,0x1084,0x08a3,0x1084,0x08a4,0x10a4,0x0884,0x10a3,0x08a4,0x1083,0x08a4,0x10a4,
  0x0883,0x10a4,0x08a4,0x1084,0x08a3,0x1084,0x08a3,0x10a4,0x0884,0x10a4,0x08a4,0x1084,0x08a3,0x10a4,0x0884,0x10a4,
  0x08a4,0x1084,0x08a4,0x10a3,0x0884,0x10a4,0x08a4,0x1083,0x08a4,0x1083,0x08a4,0x1084,0x08a3,0x1084,0x08a3,0x1084,
  0x08a4,0x1083,0x08a4,0x10a3,0x0884,0x10a4,0x08a3,0x1084,0x08a4,0x10a4,0x0884,0x10a4,0x08a4,0x1083,0x08a4,0x1084,
  0x08a4,0x1083,0x08a4,0x10a4,0x0883,0x10a4,0x08a3,0x1084,0x08a4,0x10a4,0x0884,0x10a4,0x0883,0x10a4,0x0884,0x10a4,
  0x08a3,0x1084,0x08a4,0x10a3,0x1084,0x08a4,0x10a4,0x0884,0x10a4,0x08a3,0x1084,0x08a4,0x1084,0x08a3,0x10a4,0x0884,
  0x10a4,0x0883,0x10a4,0x0883,0x10a4,0x0884,0x10a4,0x0884,0x10a3,0x08a4,0x1084,0x08a4,0x10a4,0x0883,0x10a4,0x08a4,
  0x1084,0x08a4,0x10a4,0x0884,0x10a4,0x0883,0x10a4,0x0884,0x10a3,0x0884,0x10a3,0x0884,0x10a4,0x08a4,0x1084,0x08a3,
  0x08a4,0x0884,0x10a3,0x10a5,0x0883,0x0884,0x10a4,0x0884,0x0884,0x1084,0x08a3,0x1084,0x0884,0x1083,0x0884,0x0884,
  0x10a4,0x10a4,0x08a4,0x1083,0x10c5,0x0884,0x10c4,0x10a4,0x10a5,0x10a4,0x10a4,0x10a5,0x08a4,0x0883,0x10c5,0x08a4,
  0x10a5,0x10a4,0x10a4,0x10a5,0x08a4,0x10a5,0x08a4,0x10c5,0x10a4,0x10a5,0x10a4,0x08a4,0x10a5,0x10a5,0x10a5,0x0883,
  0x10c5,0x10a4,0x10c5,0x10c5,0x10c5,0x10a5,0x10a4,0x10a4,0x10c5,0x10c5,0x10c4,0x10c4,0x10c5,0x18c5,0x10a5,0x10e5,
  0x10c5,0x10e4,0x0883,0x10c5,0x10a4,0x1105,0x0967,0x1bef,0x25b4,0x1d93,0x1db4,0x15b4,0x2d73,0x2430,0x01a7,0x0926,
  0x08e5,0x10c5,0x10e4,0x10c5,0x18c5,0x10c5,0x10e5,0x10e4,0x10c5,0x10e5,0x10e5,0x10e5,0x10e5,0x10e6,0x0125,0x128b,
  0x3574,0x1db4,0x0db3,0x05f4,0x1df5,0x15b5,0x1e16,0x0d73,0x15d4,0x15b3,0x15b3,0x1db3,0x2d53,0x0a29,0x0926,0x10e6,
  0x18c5,0x10e5,0x08c5,0x10a5,0x10c5,0x10e5,0x18c5,0x10c5,0x10c5,0x10e5,0x10c5,0x10e5,0x0905,0x0925,0x01a6,0x2cd1,
  0x1db4,0x1db4,0x15b4,0x1db4,0x2d73,0x236d,0x0986,0x0905,0x08a4,0x18e4,0x10c5,0x10a5,0x10a5,0x18c5,0x10c5,0x10c5,
  0x10e4,0x10c5,0x10c5,0x10c5,0x10a4,0x10c5,0x10c5,0x10c5,0x10c5,0x10a4,0x18c5,0x10c5,0x10c4,0x1084,0x10c5,0x10a4,
  0x10a5,0x08a4,0x10a5,0x10a4,0x10a4,0x0884,0x10c5,0x08a4,0x10a5,0x10a4,0x10a4,0x10a5,0x08a4,0x10a4,0x10a4,0x0884,
  0x10a4,0x10a4,0x0884,0x10a4,0x10a5,0x0884,0x1083,0x10c5,0x08a4,0x0884,0x10a4,0x1084,0x10a4,0x0884,0x08a5,0x1083,
  0x10a5,0x0883,0x10a4,0x08a4,0x1084,0x08a4,0x1084,0x0884,0x10a4,0x0883,0x10a4,0x1084,0x08a4,0x1083,0x08a4,0x1084,
  0x08a3,0x1084,0x08a3,0x1084,0x0883,0x10a4,0x0884,0x1083,0x08a4,0x1083,0x08a4,0x1084,0x08a3,0x1084,0x0884,0x10a3,
  0x0884,0x1084,0x08a3,0x1084,0x0883,0x10a4,0x0884,0x10a3,0x0884,0x1084,0x08a4,0x1083,0x0884,0x10a4,0x0883,0x10a4,
  0x0884,0x10a3,0x0884,0x10a3,0x0884,0x10a4,0x0883,0x1084,0x08a3,0x1084,0x0884,0x10a3,0x0884,0x1084,0x08a4,0x1083,
  0x0884,0x10a4,0x0884,0x1083,0x08a4,0x1083,0x0884,0x10a4,0x0884,0x1084,0x08a3,0x1084,0x08a4,0x1084,0x0884,0x10a3,
  0x0884,0x10a4,0x0883,0x10a4,0x0884,0x10a3,0x0884,0x10a4,0x0883,0x1084,0x08a4,0x1084,0x0884,0x10a3,0x0884,0x10a4,
  0x0884,0x10a4,0x0883,0x1084,0x08a4,0x1083,0x08a4,0x1084,0x08a4,0x1083,0x0884,0x10a4,0x0884,0x10a4,0x0883,0x10a4,
  0x0883,0x10a4,0x0884,0x10a4,0x0883,0x1084,0x08a3,0x1084,0x0883,0x10a4,0x0884,0x10a3,0x0884,0x1083,0x08a4,0x1083,
  0x08a4,0x1084,0x08a4,0x1083,0x0884,0x10a4,0x0883,0x10a4,0x0884,0x10a3,0x0884,0x10a4,0x0884,0x10a3,0x0884,0x1084,
  0x08a3,0x1084,0x0884,0x10a4,0x0883,0x1084,0x08a3,0x1084,0x0884,0x10a3,0x0884,0x1083,0x08a4,0x1083,0x0884,0x10a3,
  0x0884,0x10a4,0x0883,0x10a4,0x0884,0x10a4,0x0884,0x10a3,0x0884,0x1083,0x08a4,0x1084,0x0884,0x10a4,0x0883,0x1084,
  0x08a4,0x1083,0x0884,0x10a3,0x0884,0x10a4,0x0884,0x1083,0x08a4,0x1083,0x0884,0x10a3,0x0884,0x1084,0x08a3,0x1084,
  0x0883,0x10a4,0x0883,0x1084,0x08a4,0x1083,0x0884,0x10a4,0x0884,0x10a4,0x0883,0x10a4,0x0884,0x10a4,0x0884,0x10a3,
  0x0884,0x10a4,0x0883,0x1084,0x08a4,0x1083,0x0884,0x10a4,0x0883,0x1084,0x08a3,0x1084,0x0883,0x10a4,0x0884,0x10a3,
  0x0884,0x10a4,0x0884,0x1083,0x08a4,0x1084,0x0884,0x10a3,0x0884,0x1083,0x08a4,0x1083,0x08a4,0x1084,0x08a3,0x1084,
  0x0884,0x10a3,0x0884,0x1084,0x08a3,0x1084,0x0883,0x10a4,0x0883,0x1084,0x08a3,0x1084,0x08a3,0x1084,0x0884,0x10a3,
  0x0884,0x10a4,0x0883,0x10a4,0x0884,0x10a3,0x0884,0x10a3,0x0884,0x1084,0x08a3,0x1084,0x0883,0x10a4,0x0884,0x1083,
  0x08a4,0x1083,0x0884,0x10a3,0x0884,0x10a4,0x0883,0x10a4,0x0884,0x10a3,0x0884,0x10a4,0x0883,0x1084,0x08a3,0x1084,
  0x1084,0x08a4,0x1084,0x08a4,0x1084,0x08a3,0x10a4,0x10a4,0x08a4,0x1084,0x08a4,0x10a5,0x10a4,0x10a5,0x08a4,0x10a4,
  0x0884,0x10a4,0x10a4,0x08a4,0x10a4,0x0884,0x10a4,0x10a4,0x0884,0x08a4,0x0884,0x10a3,0x10c5,0x10a4,0x10c5,0x10a4,
  0x10c4,0x08a4,0x10a5,0x10c4,0x10a4,0x10c5,0x1083,0x10c5,0x08a4,0x10a4,0x08a4,0x10c5,0x10a4,0x08a4,0x10c5,0x10a5,
  0x10c5,0x10a5,0x10c5,0x10c5,0x08a4,0x10c4,0x10c5,0x10c5,0x10c5,0x10c5,0x10c5,0x10e4,0x10c5,0x10c5,0x10c5,0x10e5,
  0x10c5,0x10e5,0x08a4,0x10e4,0x08a4,0x1105,0x0966,0x1bef,0x1d94,0x1db4,0x1d95,0x1db4,0x2594,0x2c4f,0x01a7,0x0945,
  0x10e5,0x10e5,0x10e4,0x08a4,0x10c5,0x18c5,0x10e5,0x10e6,0x10c5,0x10e4,0x10c4,0x10e5,0x18e5,0x0906,0x0146,0x1289,
  0x3d54,0x1db4,0x0db4,0x15f4,0x0db4,0x1db5,0x0db4,0x15d4,0x1dd5,0x0dd4,0x15d4,0x25d4,0x3533,0x0a28,0x0926,0x10e5,
  0x10c5,0x08e5,0x10e5,0x10e5,0x18e5,0x10e5,0x18c5,0x10c5,0x10c5,0x10e5,0x10c5,0x10e5,0x08e5,0x1125,0x0987,0x2cd1,
  0x1dd3,0x15b4,0x15b4,0x1db4,0x2d54,0x238d,0x0167,0x0925,0x10a4,0x10e4,0x10c5,0x10a4,0x10c5,0x10c5,0x18c5,0x10c5,
  0x10a4,0x10c4,0x10c5,0x10c5,0x10c5,0x10c5,0x10c5,0x10a4,0x10a4,0x10c5,0x10c5,0x08a4,0x10c5,0x10c5,0x08a4,0x10a5,
  0x10a4,0x10a4,0x10c4,0x08a4,0x10c5,0x08a4,0x10a4,0x10a4,0x10c4,0x08a5,0x10a4,0x08c4,0x10a4,0x10c5,0x08a4,0x10c5,
  0x0884,0x10a4,0x10a4,0x08a4,0x10a4,0x10a5,0x08a4,0x0884,0x10c5,0x1084,0x08a4,0x08a4,0x1084,0x08a4,0x10a4,0x08a4,
  0x0884,0x10a4,0x0883,0x10a4,0x0884,0x10a3,0x10a4,0x08a4,0x1084,0x08a4,0x1084,0x08a4,0x1084,0x10a4,0x08a4,0x1084,
  0x08a4,0x10a5,0x0884,0x10a3,0x0884,0x10a3,0x0884,0x10a4,0x0884,0x10a4,0x0883,0x10a4,0x0884,0x10a4,0x0883,0x10a4,
  0x0883,0x10a4,0x0884,0x10a4,0x0884,0x10a3,0x0884,0x10a4,0x0883,0x10a4,0x0884,0x10a4,0x0883,0x10a4,0x0884,0x10a4,
  0x0883,0x10a4,0x0884,0x10a4,0x0884,0x10a3,0x0884,0x10a4,0x0884,0x10a3,0x08a4,0x1084,0x08a4,0x1083,0x08a4,0x1084,
  0x08a4,0x1083,0x08a4,0x10a4,0x0883,0x10a4,0x0884,0x10a3,0x0884,0x10a3,0x0884,0x10a4,0x0883,0x10a4,0x0883,0x10a4,
  0x0884,0x10a4,0x0884,0x10a3,0x0884,0x10a4,0x0884,0x10a3,0x0884,0x10a4,0x0883,0x10a4,0x0883,0x10a4,0x0884,0x10a3,
  0x0884,0x10a3,0x0884,0x10a4,0x0884,0x10a4,0x0883,0x10a4,0x0884,0x10a4,0x0883,0x10a4,0x0883,0x10a4,0x0884,0x10a4,
  0x0884,0x10a3,0x0884,0x10a3,0x0884,0x10a4,0x0883,0x10a4,0x0884,0x10a3,0x0884,0x10a4,0x0884,0x10a4,0x0883,0x10a4,
  0x0884,0x10a3,0x0884,0x10a4,0x0883,0x10a4,0x0884,0x10a3,0x0884,0x10a4,0x0883,0x10a4,0x0883,0x10a4,0x0884,0x10a3,
  0x0884,0x10a4,0x0883,0x10a4,0x0884,0x10a4,0x0884,0x10a3,0x0884,0x10a4,0x0884,0x10a4,0x0884,0x10a4,0x0884,0x10a4,
  0x0883,0x10a4,0x0884,0x10a3,0x0884,0x10a3,0x0884,0x10a4,0x0884,0x10a4,0x0883,0x10a4,0x0883,0x10a4,0x0884,0x10a4,
  0x0883,0x10a4,0x0884,0x10a4,0x0883,0x10a4,0x0883,0x10a4,0x0884,0x10a4,0x0883,0x10a4,0x0884,0x10a4,0x0883,0x10a4,
  0x08a4,0x1083,0x08a4,0x1084,0x08a3,0x1084,0x08a4,0x1083,0x08a4,0x1083,0x08a4,0x1084,0x08a3,0x1084,0x08a3,0x1084,
  0x08a4,0x1083,0x08a4,0x1084,0x08a4,0x1084,0x08a4,0x1083,0x08a4,0x1084,0x08a4,0x1083,0x08a4,0x1084,0x08a3,0x1084,
  0x08a4,0x1083,0x08a4,0x1084,0x08a4,0x1083,0x08a4,0x1084,0x08a4,0x1083,0x08a4,0x1084,0x08a4,0x1083,0x08a4,0x1083,
  0x08a4,0x1084,0x08a4,0x10a3,0x0884,0x08a4,0x1084,0x08a3,0x1084,0x08a4,0x1084,0x08a4,0x1084,0x08a3,0x1084,0x08a4,
  0x1083,0x08a4,0x1084,0x08a4,0x1083,0x08a4,0x1084,0x08a4,0x1083,0x08a4,0x1084,0x08a4,0x1084,0x08a3,0x1084,0x08a4,
  0x1084,0x08a3,0x1084,0x08a4,0x1083,0x08a4,0x1084,0x08a3,0x1084,0x08a4,0x1084,0x08a3,0x1084,0x08a4,0x1084,0x08a4,
  0x0884,0x10a3,0x0884,0x1083,0x08a4,0x0884,0x1084,0x0884,0x1083,0x10a4,0x0884,0x1084,0x0883,0x08a4,0x1083,0x10a4,
  0x10a4,0x0884,0x1084,0x10c5,0x0883,0x10c5,0x0884,0x10a4,0x10a4,0x10a4,0x10c5,0x10a4,0x08a4,0x1084,0x10c5,0x0884,
  0x10a5,0x10a4,0x08a4,0x10a4,0x08a4,0x10a5,0x08a4,0x10a5,0x10a4,0x10c5,0x10a4,0x10a4,0x1084,0x08a5,0x10a4,0x10c5,
  0x0884,0x10c4,0x10a5,0x10a4,0x10c5,0x10a5,0x10c5,0x10c5,0x0884,0x18c5,0x10c5,0x08c4,0x10a4,0x18a5,0x10a5,0x10c5,
  0x10c4,0x10e4,0x10a4,0x10e4,0x10c5,0x1105,0x0967,0x1bef,0x2594,0x1db4,0x1db3,0x1594,0x2574,0x2c4f,0x0187,0x0926,
  0x0905,0x10c5,0x10e4,0x10c5,0x18c4,0x10c5,0x18e5,0x10c5,0x18c5,0x10e5,0x08e5,0x10e5,0x10c5,0x10e5,0x0906,0x0a69,
  0x2cb1,0x2573,0x0df4,0x0db3,0x15d5,0x1573,0x15d5,0x15b4,0x0d73,0x1db4,0x1db3,0x1d72,0x2cd2,0x0a07,0x0926,0x10e5,
  0x18c6,0x10e5,0x10c5,0x10e5,0x10e5,0x10e5,0x18c5,0x10c5,0x10c6,0x10c5,0x10c5,0x10e4,0x1105,0x0945,0x01a6,0x2cd1,
  0x1d93,0x1db5,0x15b4,0x1db4,0x2d54,0x1b8d,0x0186,0x0905,0x10a4,0x10e5,0x10a5,0x10c4,0x10a5,0x10a5,0x10a4,0x10c5,
  0x10c5,0x10c5,0x10c5,0x0884,0x18c5,0x10a4,0x10c5,0x10c5,0x10c5,0x10c5,0x10c5,0x10a5,0x18c5,0x10a4,0x10a5,0x10a4,
  0x08a4,0x10a4,0x10a5,0x08a4,0x10a5,0x10a4,0x10c5,0x08a4,0x10a5,0x10a4,0x10a4,0x10a5,0x08a4,0x10a5,0x1083,0x08a4,
  0x10a4,0x10a4,0x10a5,0x08a4,0x10a4,0x08a4,0x10a4,0x10a4,0x0883,0x10a4,0x10a4,0x10a4,0x08a4,0x08a4,0x1084,0x10c4,
  0x1084,0x08a4,0x1084,0x08a4,0x1084,0x0884,0x1084,0x0883,0x10a4,0x1084,0x08a4,0x1083,0x08a4,0x1084,0x0884,0x10a3,
  0x0884,0x1083,0x08a4,0x1084,0x08a4,0x1084,0x08a3,0x1084,0x08a3,0x1084,0x0884,0x10a3,0x0884,0x1083,0x08a4,0x1084,
  0x08a4,0x1084,0x08a3,0x1084,0x08a3,0x1084,0x08a4,0x1084,0x08a4,0x1083,0x08a4,0x1083,0x08a4,0x1084,0x08a3,0x1084,
  0x0884,0x10a3,0x0884,0x1083,0x08a4,0x1084,0x08a4,0x1083,0x08a4,0x1084,0x0883,0x10a4,0x0883,0x10a4,0x0884,0x10a3,
  0x0884,0x10a4,0x0883,0x1084,0x08a4,0x1083,0x08a4,0x1084,0x08a3,0x1084,0x08a4,0x1083,0x08a4,0x1084,0x08a4,0x1084,
  0x0883,0x10a4,0x0883,0x1084,0x08a4,0x1083,0x08a4,0x1084,0x08a3,0x1084,0x08a4,0x1083,0x08a4,0x1084,0x08a4,0x1083,
  0x08a4,0x1084,0x08a4,0x1083,0x08a4,0x1083,0x0884,0x10a4,0x0883,0x10a4,0x0884,0x1084,0x08a4,0x1083,0x08a4,0x1083,
  0x08a4,0x1084,0x08a4,0x1084,0x08a3,0x1084,0x08a4,0x1084,0x08a3,0x1084,0x08a4,0x1083,0x08a4,0x1083,0x08a4,0x1084,
  0x0883,0x10a4,0x0884,0x1083,0x08a4,0x1084,0x08a4,0x1084,0x0883,0x10a4,0x0884,0x1084,0x08a4,0x1083,0x08a4,0x1084,
  0x08a4,0x1083,0x08a4,0x1084,0x08a3,0x1084,0x08a3,0x1084,0x08a4,0x1083,0x08a4,0x1083,0x08a4,0x1083,0x08a4,0x1083,
  0x0884,0x10a4,0x0884,0x1084,0x08a3,0x1084,0x08a4,0x1083,0x08a4,0x1083,0x08a4,0x1084,0x08a4,0x1083,0x08a4,0x1083,
  0x08a4,0x1084,0x08a3,0x1084,0x08a4,0x1084,0x08a4,0x1083,0x08a4,0x1083,0x08a4,0x1084,0x08a3,0x1084,0x08a4,0x1083,
  0x0884,0x10a4,0x0884,0x10a3,0x0884,0x10a4,0x0883,0x10a4,0x0884,0x10a4,0x0884,0x10a3,0x0884,0x10a4,0x0884,0x10a4,
  0x0883,0x10a4,0x0884,0x10a3,0x0884,0x10a3,0x0884,0x10a4,0x0883,0x10a4,0x0883,0x10a4,0x0884,0x10a4,0x0884,0x1083,
  0x08a4,0x1084,0x08a3,0x1084,0x08a3,0x1084,0x08a4,0x1083,0x08a4,0x1084,0x08a4,0x1083,0x0884,0x10a4,0x0884,0x10a4,
  0x0884,0x10a3,0x0884,0x1084,0x08a4,0x1083,0x08a4,0x1084,0x08a4,0x1083,0x08a4,0x1083,0x08a4,0x1084,0x08a3,0x1084,
  0x0884,0x10a4,0x0883,0x1084,0x08a4,0x1083,0x0884,0x10a4,0x0884,0x10a3,0x0884,0x10a3,0x0884,0x10a4,0x0883,0x10a4,
  0x0883,0x10a4,0x0884,0x10a3,0x0884,0x1084,0x08a4,0x1084,0x08a3,0x1084,0x0884,0x10a4,0x0883,0x10a4,0x0883,0x1084,
  0x10a4,0x10a4,0x0884,0x10a4,0x08a4,0x10a4,0x08a3,0x10a4,0x08a4,0x1084,0x08a3,0x10a5,0x08a3,0x08a5,0x1084,0x08a4,
  0x10a4,0x08a4,0x08a4,0x10a4,0x10a4,0x10a4,0x1084,0x08a4,0x10a5,0x08a4,0x1084,0x08a4,0x10a4,0x08a4,0x10a4,0x08a4,
  0x10c4,0x08a4,0x10a5,0x10a4,0x10a4,0x10c4,0x08a4,0x10c4,0x08a4,0x10a4,0x08a4,0x10a5,0x08a4,0x10a4,0x10a5,0x10a4,
  0x10a5,0x08a4,0x10c5,0x10c5,0x10c4,0x10c5,0x10a4,0x10c5,0x10c4,0x10c5,0x10c4,0x08e4,0x10c5,0x18c5,0x10c5,0x08e5,
  0x10c5,0x10e4,0x08a4,0x10c4,0x10a4,0x1105,0x0966,0x1bef,0x1d93,0x1d94,0x1db4,0x15b4,0x2593,0x2430,0x01c6,0x0925,
  0x10e5,0x10e5,0x08e5,0x08a4,0x18c5,0x10c5,0x10e5,0x18c5,0x18c5,0x10e4,0x0905,0x08e5,0x10e4,0x10e6,0x10e5,0x0166,
  0x134c,0x2d94,0x1db4,0x0db3,0x1db5,0x25b5,0x15d4,0x0d73,0x25f4,0x1d93,0x2594,0x3553,0x12ea,0x0186,0x0906,0x10e5,
  0x10c5,0x10c5,0x10e5,0x10e5,0x10e5,0x10e5,0x10c5,0x10c5,0x10c5,0x10e5,0x10c5,0x10e5,0x08e5,0x1125,0x0186,0x2cd2,
  0x1db4,0x15b4,0x1db4,0x15b4,0x2d73,0x236d,0x0186,0x0905,0x08a4,0x10e4,0x10c5,0x08c4,0x10c5,0x10c5,0x10c5,0x10c5,
  0x10e4,0x10c5,0x10c4,0x10c5,0x10c4,0x10c5,0x10a4,0x10c5,0x10c5,0x10a4,0x10c4,0x10c5,0x10c5,0x08a4,0x10a5,0x10c4,
  0x08a5,0x10a4,0x10c4,0x08a4,0x10c5,0x0883,0x10c5,0x10a4,0x10a4,0x08a4,0x10a4,0x10c5,0x08a4,0x10c5,0x08a4,0x08a4,
  0x10a4,0x08a4,0x08a4,0x10a4,0x10a4,0x08a4,0x1084,0x10a5,0x08a4,0x10a4,0x0884,0x10a4,0x1084,0x08a4,0x10a4,0x0884,
  0x10a4,0x0884,0x10a4,0x0883,0x10a4,0x10a4,0x08a4,0x10a4,0x0884,0x10a3,0x0884,0x10a4,0x0884,0x10a3,0x0884,0x10a4,
  0x08a4,0x1084,0x08a3,0x1084,0x08a3,0x1084,0x08a4,0x1083,0x08a4,0x1084,0x08a3,0x0884,0x10a4,0x08a4,0x1083,0x08a4,
  0x1083,0x08a4,0x1084,0x08a3,0x1084,0x08a4,0x1083,0x08a4,0x1083,0x08a4,0x1084,0x08a4,0x1083,0x08a4,0x1084,0x08a3,
  0x1084,0x08a4,0x10a4,0x0884,0x10a3,0x0884,0x10a3,0x0884,0x10a3,0x0884,0x10a4,0x0884,0x10a4,0x0883,0x10a4,0x0884,
  0x10a3,0x0884,0x10a4,0x0883,0x10a4,0x0884,0x08a3,0x1084,0x08a4,0x0883,0x10a4,0x0884,0x10a3,0x0884,0x10a3,0x0884,
  0x10a3,0x0884,0x10a4,0x08a3,0x1084,0x08a4,0x1083,0x08a4,0x1084,0x08a3,0x1084,0x08a4,0x1083,0x08a4,0x1083,0x08a4,
  0x1084,0x08a3,0x1084,0x08a4,0x1083,0x08a4,0x1084,0x08a3,0x1084,0x08a3,0x1084,0x08a3,0x1084,0x08a4,0x1083,0x08a4,
  0x1083,0x08a4,0x1083,0x08a4,0x1084,0x08a3,0x1084,0x08a3,0x1084,0x08a4,0x1083,0x08a4,0x1084,0x08a4,0x1083,0x08a4,
  0x1084,0x08a3,0x1084,0x08a4,0x1083,0x08a4,0x1083,0x08a4,0x1084,0x08a3,0x10a4,0x0883,0x10a4,0x0884,0x10a3,0x0884,
  0x08a3,0x1084,0x08a4,0x0883,0x10a4,0x0884,0x10a4,0x0883,0x10a4,0x0884,0x10a3,0x0884,0x10a4,0x0883,0x10a4,0x0884,
  0x10a3,0x0884,0x10a3,0x08a4,0x1084,0x08a3,0x1084,0x08a4,0x1083,0x08a4,0x1084,0x08a3,0x0884,0x10a4,0x0883,0x08a4,
  0x1084,0x08a3,0x1084,0x08a4,0x1083,0x08a4,0x1083,0x08a4,0x1084,0x08a4,0x1083,0x08a4,0x1084,0x08a3,0x0884,0x10a4,
  0x0883,0x08a4,0x1083,0x08a4,0x1084,0x08a3,0x1084,0x08a4,0x1083,0x08a4,0x1083,0x08a4,0x1084,0x08a3,0x0884,0x10a3,
  0x0884,0x10a4,0x0883,0x10a4,0x0884,0x08a3,0x1084,0x08a4,0x1084,0x08a3,0x1084,0x08a4,0x0883,0x10a4,0x0883,0x08a4,
  0x1084,0x08a3,0x1084,0x08a4,0x1084,0x08a3,0x1084,0x08a4,0x1083,0x08a4,0x1083,0x08a4,0x1083,0x08a4,0x1083,0x08a4,
  0x1083,0x08a4,0x1083,0x08a4,0x1083,0x08a4,0x1083,0x08a4,0x1083,0x08a4,0x1084,0x08a4,0x1083,0x08a4,0x1084,0x08a3,
  0x1084,0x08a3,0x10a4,0x0883,0x10a4,0x0884,0x10a3,0x0884,0x10a3,0x0884,0x10a4,0x0884,0x10a3,0x0884,0x10a4,0x0884,
  0x10a4,0x0883,0x10a4,0x0884,0x10a3,0x0884,0x10a3,0x0884,0x10a4,0x0883,0x10a4,0x0883,0x10a4,0x0884,0x10a4,0x08a3,
  0x0884,0x1084,0x08a3,0x1084,0x1084,0x0884,0x1084,0x0884,0x10a4,0x0884,0x10a4,0x1084,0x1084,0x08a4,0x1084,0x10a4,
  0x0884,0x10a4,0x10a4,0x0884,0x10a4,0x08a4,0x1084,0x08a4,0x10a4,0x10a4,0x08a4,0x10a4,0x10a4,0x1084,0x10a4,0x10a5,
  0x10a4,0x10a4,0x10a4,0x08c5,0x10a4,0x08a4,0x10a5,0x10a4,0x10a5,0x10a4,0x10a4,0x10a4,0x10a5,0x08a4,0x10c5,0x08a4,
  0x10c5,0x10a5,0x10c5,0x10c4,0x10a5,0x10a4,0x10c5,0x10c5,0x10c4,0x10c5,0x10c5,0x10c5,0x10a4,0x18a5,0x10c5,0x10c5,
  0x10c5,0x10c4,0x10a4,0x10e4,0x08a4,0x1106,0x0967,0x1bee,0x2594,0x1db4,0x1d94,0x1db4,0x2d74,0x2c50,0x01a7,0x0926,
  0x08e5,0x10e5,0x10c4,0x10c5,0x10c5,0x18c5,0x10e5,0x18c5,0x18c5,0x10e5,0x08e4,0x08e5,0x10e5,0x18c5,0x10e5,0x0946,
  0x0a6a,0x2490,0x2594,0x1dd4,0x1d53,0x1d94,0x1db4,0x15b4,0x1d93,0x1d73,0x3533,0x2c91,0x0a28,0x0146,0x0905,0x18c5,
  0x18c5,0x10a5,0x10c5,0x10e5,0x08c5,0x10e5,0x18c5,0x10c5,0x10c5,0x10e5,0x10c5,0x10e4,0x1105,0x1125,0x01a6,0x2cd1,
  0x1db4,0x1db4,0x15b4,0x1db4,0x2d54,0x238d,0x0166,0x1125,0x08a4,0x10e5,0x10a4,0x10a5,0x10a5,0x10c5,0x18a5,0x10c5,
  0x10c4,0x08c5,0x10c5,0x10a5,0x10a4,0x10c5,0x10c5,0x10a5,0x10c4,0x10c5,0x10a5,0x10a4,0x10c5,0x10a5,0x10a4,0x10a4,
  0x10a4,0x08a4,0x10a5,0x10a4,0x10c5,0x1084,0x10c4,0x0884,0x10c5,0x10a4,0x08a4,0x10a4,0x10a4,0x10c4,0x1084,0x10a4,
  0x10a4,0x08a4,0x10a4,0x10a5,0x08a4,0x10a4,0x08a4,0x10a4,0x10a4,0x0884,0x10a4,0x0884,0x10a4,0x0884,0x10a4,0x0884,
  0x10a4,0x1083,0x08a4,0x1084,0x08a4,0x1083,0x0884,0x10a4,0x0884,0x10a4,0x0884,0x10a4,0x0884,0x10a4,0x0884,0x10a4,
  0x0883,0x10a4,0x0884,0x10a4,0x0884,0x1083,0x08a4,0x1084,0x0884,0x10a3,0x0884,0x10a4,0x0883,0x1084,0x08a4,0x1084,
  0x0884,0x10a3,0x0884,0x1084,0x08a4,0x1083,0x0884,0x10a4,0x0884,0x1083,0x08a4,0x1083,0x0884,0x10a4,0x0883,0x10a4,
  0x0884,0x1083,0x0884,0x10a3,0x0884,0x10a4,0x0884,0x1084,0x08a4,0x1083,0x0884,0x10a3,0x0884,0x1084,0x08a3,0x1084,
  0x0884,0x10a3,0x0884,0x10a4,0x0883,0x1084,0x08a4,0x1083,0x0884,0x10a4,0x0884,0x1083,0x08a4,0x1084,0x0884,0x10a3,
  0x0884,0x10a4,0x0884,0x1084,0x08a3,0x1084,0x0884,0x10a3,0x0884,0x1084,0x08a3,0x1084,0x0884,0x10a4,0x0884,0x1083,
  0x08a4,0x1084,0x0883,0x10a4,0x0884,0x10a4,0x0883,0x10a4,0x0884,0x1084,0x08a4,0x1083,0x08a4,0x1084,0x0884,0x10a4,
  0x0884,0x1084,0x08a3,0x1084,0x0884,0x10a4,0x0883,0x1084,0x08a4,0x1083,0x0884,0x10a4,0x0883,0x1084,0x08a4,0x1083,
  0x08a4,0x1084,0x08a3,0x1084,0x08a4,0x1084,0x08a4,0x1083,0x08a4,0x1084,0x0884,0x10a4,0x0883,0x1084,0x08a4,0x1084,
  0x0884,0x10a3,0x0884,0x1084,0x08a3,0x1084,0x0883,0x10a4,0x0884,0x1083,0x08a4,0x1084,0x0883,0x10a4,0x0884,0x10a4,
  0x0884,0x10a3,0x0884,0x1084,0x08a3,0x1084,0x0884,0x10a3,0x0884,0x1084,0x08a3,0x1084,0x0883,0x10a4,0x0884,0x1084,
  0x08a3,0x1084,0x0884,0x10a3,0x0884,0x1084,0x08a4,0x1083,0x0884,0x10a4,0x0884,0x1083,0x08a4,0x1084,0x0883,0x10a4,
  0x0884,0x1084,0x08a4,0x1084,0x0883,0x10a4,0x0884,0x1083,0x08a4,0x1084,0x0884,0x1083,0x08a4,0x1084,0x0883,0x1084,
  0x08a4,0x1083,0x0884,0x08a4,0x1083,0x1084,0x08a4,0x1083,0x0884,0x10a4,0x0884,0x1083,0x08a4,0x1084,0x08a4,0x1083,
  0x08a4,0x1084,0x0883,0x10a4,0x0884,0x1084,0x08a3,0x1084,0x0884,0x10a3,0x0884,0x10a4,0x0884,0x1084,0x08a3,0x1084,
  0x0884,0x10a4,0x0884,0x1084,0x08a4,0x1084,0x0884,0x10a4,0x0884,0x1083,0x08a4,0x1083,0x0884,0x10a4,0x0883,0x10a4,
  0x0884,0x1084,0x0884,0x10a4,0x0883,0x10a4,0x0884,0x10a3,0x0884,0x1084,0x08a3,0x1084,0x0884,0x10a3,0x0884,0x0883,
  0x10a4,0x0884,0x0883,0x10a4,0x0884,0x10a4,0x0884,0x1083,0x08a4,0x1084,0x08a3,0x1084,0x08a4,0x1083,0x0884,0x1084,
  0x10a4,0x0884,0x10a4,0x08a4,0x08a4,0x10a4,0x08a4,0x1084,0x08a3,0x1084,0x08a4,0x10a4,0x08a4,0x1084,0x08a4,0x10a4,
  0x08a4,0x1084,0x10a4,0x10a4,0x08a4,0x10a5,0x08a4,0x08a4,0x10a5,0x08a4,0x10a4,0x10a4,0x08a5,0x08a4,0x10c5,0x08a4,
  0x10c5,0x08a4,0x10a4,0x10a5,0x08a4,0x10c5,0x1084,0x10c5,0x08a4,0x10a4,0x08a5,0x10c4,0x10a4,0x08a5,0x10a5,0x10a4,
  0x10c5,0x10a4,0x10c5,0x10c5,0x10c5,0x10c5,0x10a4,0x10c5,0x10c5,0x10c5,0x10c5,0x10c4,0x10c5,0x18a5,0x10c5,0x10c5,
  0x10c5,0x10e4,0x08a4,0x10e5,0x10a4,0x1105,0x0966,0x1c0f,0x1d94,0x1db4,0x1db4,0x15b4,0x2574,0x2450,0x01a6,0x0925,
  0x1105,0x10c5,0x08e4,0x10e4,0x18c5,0x18c5,0x10e5,0x10e5,0x18c5,0x10e5,0x10e5,0x10e4,0x10e5,0x18c5,0x10c5,0x1126,
  0x0187,0x12ea,0x24b0,0x2553,0x2dd5,0x1d73,0x1db4,0x1db4,0x1d94,0x2d73,0x2c30,0x126a,0x0186,0x0906,0x1105,0x10c5,
  0x18c5,0x18a5,0x10c5,0x10e5,0x10e5,0x10e5,0x18c5,0x10c5,0x10c6,0x10e5,0x10c5,0x10e5,0x0905,0x0925,0x0987,0x2cd1,
  0x1db4,0x15b3,0x15b4,0x1db4,0x2d74,0x238d,0x0186,0x0906,0x10a4,0x10e5,0x10a4,0x10c5,0x10a5,0x10c4,0x10c5,0x10c5,
  0x10c4,0x10a5,0x10a4,0x10c5,0x10c5,0x10c5,0x10a4,0x10c5,0x10a5,0x10c5,0x10c5,0x10a4,0x10c5,0x10a4,0x10c5,0x08a5,
  0x10a4,0x10a4,0x10c5,0x0884,0x10c4,0x08a4,0x10a5,0x10a4,0x08a4,0x10a5,0x10a4,0x10c5,0x0884,0x10c5,0x08a4,0x10a4,
  0x08a4,0x10a5,0x08a4,0x10a4,0x10a4,0x08a4,0x10a5,0x08a4,0x10c5,0x10a4,0x08a4,0x10a4,0x10a4,0x10a4,0x08a4,0x1083,
  0x08a5,0x10a4,0x0884,0x10a4,0x0884,0x10a4,0x0884,0x10a4,0x0883,0x10a4,0x10a4,0x0883,0x10a4,0x0884,0x10a4,0x0884,
  0x10a4,0x1084,0x08a4,0x1083,0x08a4,0x1084,0x08a3,0x1084,0x08a3,0x0884,0x10a4,0x0883,0x10a4,0x0884,0x10a3,0x0884,
  0x10a3,0x0884,0x10a4,0x0883,0x10a4,0x0884,0x10a3,0x0884,0x08a3,0x1084,0x08a4,0x0884,0x10a3,0x0884,0x08a4,0x1084,
  0x08a3,0x08a4,0x1084,0x08a4,0x0883,0x10a4,0x0883,0x08a4,0x1083,0x08a4,0x1084,0x08a4,0x0883,0x10a4,0x0884,0x08a3,
  0x1084,0x08a4,0x0883,0x10a4,0x0884,0x10a4,0x0883,0x10a4,0x0884,0x10a3,0x0884,0x10a4,0x0884,0x08a3,0x1084,0x08a4,
  0x0884,0x10a3,0x0884,0x08a3,0x1084,0x08a4,0x1083,0x08a4,0x1084,0x08a4,0x1084,0x08a3,0x1084,0x08a3,0x1084,0x08a4,
  0x1083,0x08a4,0x1084,0x08a3,0x1084,0x08a3,0x1084,0x08a4,0x1083,0x08a4,0x1083,0x08a4,0x1084,0x08a3,0x1084,0x08a3,
  0x1084,0x08a3,0x1084,0x08a4,0x0883,0x10a4,0x0884,0x08a4,0x1083,0x08a4,0x1084,0x08a3,0x1084,0x08a4,0x0883,0x10a4,
  0x0884,0x08a4,0x1084,0x08a3,0x1084,0x08a3,0x1084,0x08a4,0x0883,0x10a4,0x0883,0x08a4,0x1084,0x08a3,0x1084,0x08a3,
  0x1084,0x08a4,0x1083,0x08a4,0x1084,0x08a4,0x1084,0x08a3,0x0884,0x10a4,0x0884,0x08a3,0x1084,0x08a4,0x0883,0x10a4,
  0x0883,0x08a4,0x1084,0x08a3,0x0884,0x10a4,0x0883,0x08a4,0x1084,0x08a3,0x1084,0x08a4,0x1084,0x08a4,0x1083,0x08a4,
  0x1084,0x08a4,0x1083,0x08a4,0x0884,0x10a3,0x0884,0x08a4,0x1083,0x08a4,0x0883,0x10a4,0x0884,0x10a4,0x0884,0x10a3,
  0x0884,0x10a3,0x0884,0x10a3,0x0884,0x08a4,0x1084,0x08a4,0x0883,0x10a4,0x08a3,0x0884,0x10a4,0x0883,0x10a4,0x08a4,
  0x1084,0x08a4,0x1083,0x08a4,0x1084,0x08a4,0x1083,0x08a4,0x0884,0x10a3,0x0884,0x10a4,0x0883,0x10a4,0x0883,0x10a4,
  0x0884,0x10a4,0x0884,0x08a3,0x1084,0x08a3,0x0884,0x10a4,0x0883,0x08a4,0x1084,0x08a3,0x0884,0x10a3,0x0884,0x08a4,
  0x1083,0x08a4,0x1083,0x08a4,0x1083,0x08a4,0x1083,0x08a4,0x1083,0x08a4,0x1084,0x08a4,0x1083,0x08a4,0x1084,0x08a4,
  0x1083,0x08a4,0x10a3,0x0884,0x10a4,0x0883,0x10a4,0x0884,0x08a4,0x1083,0x08a4,0x0884,0x10a3,0x0884,0x10a4,0x0884,
  0x10a3,0x0884,0x10a4,0x0884,0x10a3,0x0884,0x08a3,0x1084,0x08a4,0x0883,0x10a4,0x0884,0x08a3,0x1084,0x08a4,0x08a3,
  0x0883,0x10a4,0x0884,0x1083,0x0884,0x1083,0x10a4,0x0884,0x10a4,0x0884,0x1084,0x0883,0x08a4,0x10a4,0x0884,0x10a4,
  0x10a4,0x0884,0x08a4,0x10a5,0x08a4,0x08a4,0x10a4,0x1084,0x08a4,0x10a4,0x08a4,0x1084,0x10a4,0x10a4,0x10a4,0x10a4,
  0x08a4,0x10a4,0x10a5,0x08a4,0x10a4,0x10a4,0x08c4,0x10a4,0x10a4,0x08a4,0x10a4,0x08a5,0x10a4,0x10a4,0x08a4,0x10c4,
  0x10c5,0x10c4,0x10c5,0x10c5,0x10a4,0x10c5,0x10a5,0x10c5,0x10c4,0x10c5,0x10c5,0x10e4,0x10c5,0x10a5,0x10c5,0x10e5,
  0x10c5,0x10e4,0x10a4,0x10e4,0x08a4,0x1106,0x0966,0x1bef,0x1d94,0x1d94,0x1db4,0x15b4,0x2d73,0x2450,0x01a6,0x0926,
  0x08e5,0x10e5,0x10e5,0x10c5,0x10c5,0x10c5,0x10e5,0x10e6,0x18e5,0x10c5,0x18c5,0x10c5,0x18c5,0x18c5,0x10e5,0x0906,
  0x0145,0x01e8,0x12eb,0x2cb1,0x1d53,0x1db3,0x1573,0x1db4,0x2573,0x2cb1,0x0aaa,0x0187,0x1126,0x0905,0x10e5,0x10c5,
  0x18a5,0x18a4,0x10e5,0x08e5,0x1104,0x10e5,0x10c5,0x10c5,0x10c5,0x10e5,0x10c5,0x10e5,0x10e4,0x1146,0x0186,0x2cd1,
  0x1db4,0x1db4,0x15b4,0x15b4,0x2d53,0x1b6d,0x0166,0x0925,0x08a4,0x10e4,0x10c5,0x10c5,0x10c5,0x10a5,0x10c5,0x10c5,
  0x10c4,0x10c5,0x10c4,0x10c5,0x10c5,0x10c5,0x10a4,0x10c5,0x10c5,0x10a4,0x10c5,0x10c5,0x10c5,0x10c4,0x10c5,0x10a4,
  0x08a5,0x10a4,0x10c4,0x08a4,0x10c5,0x1084,0x10c4,0x08a4,0x10a4,0x10c4,0x08a4,0x10a5,0x08a4,0x10c4,0x1084,0x08a4,
  0x10a4,0x10a4,0x10a4,0x08a4,0x10a4,0x0884,0x10a4,0x1084,0x08a4,0x1084,0x10a4,0x0884,0x08a4,0x10a4,0x1084,0x08a4,
  0x1084,0x08a4,0x1083,0x10a4,0x08a4,0x1084,0x08a4,0x1083,0x08a5,0x0883,0x1084,0x08a4,0x0884,0x10a4,0x0883,0x10a4,
  0x0884,0x10a4,0x0883,0x10a4,0x0884,0x10a3,0x0884,0x08a4,0x1084,0x10a3,0x0884,0x10a4,0x0884,0x10a3,0x0884,0x10a4,
  0x0884,0x08a3,0x1084,0x08a4,0x0883,0x10a4,0x0884,0x10a4,0x0884,0x10a3,0x0884,0x10a4,0x0884,0x10a3,0x0884,0x10a3,
  0x0884,0x1084,0x08a3,0x1084,0x08a4,0x1083,0x08a4,0x1084,0x08a4,0x1083,0x08a4,0x1083,0x08a4,0x1084,0x08a3,0x1084,
  0x08a4,0x1083,0x08a4,0x1084,0x08a3,0x1084,0x08a4,0x1084,0x08a3,0x1084,0x08a4,0x1083,0x08a4,0x1084,0x08a3,0x1084,
  0x08a3,0x1084,0x08a4,0x1084,0x08a3,0x1084,0x08a4,0x0884,0x10a3,0x0884,0x08a3,0x1084,0x08a4,0x0884,0x10a3,0x0884,
  0x08a4,0x1083,0x08a4,0x1084,0x08a4,0x0884,0x1083,0x08a4,0x0884,0x10a4,0x0884,0x10a3,0x0884,0x10a4,0x0883,0x08a4,
  0x1084,0x08a4,0x0883,0x10a4,0x0884,0x10a3,0x0884,0x10a3,0x0884,0x10a4,0x0884,0x08a4,0x1083,0x08a4,0x1084,0x0883,
  0x10a4,0x0883,0x10a4,0x0884,0x0884,0x10a3,0x0884,0x1084,0x08a4,0x1083,0x08a4,0x1083,0x08a4,0x1084,0x08a4,0x1084,
  0x08a3,0x1084,0x08a4,0x1083,0x08a4,0x1083,0x08a4,0x1084,0x08a3,0x1084,0x08a3,0x1084,0x08a4,0x1083,0x08a4,0x1084,
  0x0884,0x10a3,0x0884,0x10a4,0x0884,0x10a3,0x0884,0x10a4,0x0883,0x10a4,0x0884,0x10a3,0x0884,0x10a3,0x0884,0x10a4,
  0x0883,0x10a4,0x0884,0x10a3,0x0884,0x10a4,0x0883,0x10a4,0x0884,0x10a3,0x0884,0x10a4,0x0883,0x10a4,0x0883,0x10a4,
  0x0884,0x10a4,0x0883,0x10a4,0x0884,0x10a3,0x0884,0x10a3,0x0884,0x1084,0x08a4,0x1083,0x08a4,0x1084,0x0884,0x10a3,
  0x0884,0x10a3,0x0884,0x10a4,0x0883,0x10a4,0x0884,0x10a3,0x0884,0x10a4,0x0883,0x10a4,0x0884,0x1084,0x08a4,0x1083,
  0x0884,0x10a3,0x0884,0x10a4,0x0883,0x10a4,0x0884,0x10a3,0x0884,0x10a4,0x0883,0x1084,0x08a4,0x1084,0x08a3,0x1084,
  0x08a4,0x1083,0x08a4,0x0884,0x10a3,0x0884,0x10a4,0x0883,0x08a4,0x1084,0x08a3,0x1084,0x08a4,0x0883,0x10a4,0x0883,
  0x08a4,0x1084,0x0884,0x08a3,0x1084,0x08a4,0x0883,0x10a4,0x0883,0x10a4,0x0884,0x10a3,0x0884,0x10a4,0x0883,0x10a4,
  0x0884,0x10a3,0x0884,0x10a3,0x0884,0x10a4,0x0884,0x10a3,0x0884,0x10a4,0x0884,0x1083,0x08a4,0x1084,0x08a3,0x1084,
  0x08a4,0x1084,0x08a4,0x08a4,0x10a4,0x0884,0x08a4,0x0884,0x10a3,0x0884,0x10a4,0x10a4,0x0884,0x10a4,0x1084,0x0884,
  0x10a4,0x08a4,0x10a4,0x08a4,0x08a4,0x1084,0x10a4,0x08a4,0x10a4,0x08a4,0x10a4,0x08a5,0x08a4,0x08a4,0x10a5,0x08a4,
  0x10a5,0x10a4,0x08c4,0x10a4,0x10a4,0x10c5,0x1084,0x08c5,0x10a4,0x10a5,0x10a4,0x10a4,0x08a5,0x10c5,0x10a5,0x10c5,
  0x08a4,0x10a5,0x10c5,0x10c5,0x10c4,0x10c5,0x10c4,0x10c5,0x10a4,0x10a5,0x10c5,0x10c4,0x10a4,0x10c5,0x10a5,0x10c4,
  0x10c5,0x10e4,0x10c5,0x10c4,0x10a4,0x1105,0x0967,0x1bee,0x2594,0x1db3,0x15b4,0x1db4,0x2574,0x242f,0x01a7,0x0925,
  0x10e5,0x10e5,0x08a4,0x10c5,0x18c4,0x18c5,0x10e5,0x10e5,0x10e5,0x18c5,0x18c5,0x18c4,0x18c5,0x10c5,0x10e5,0x0905,
  0x0926,0x0187,0x01e8,0x2c70,0x2593,0x1db4,0x1d93,0x1dd4,0x1d74,0x13ef,0x01e8,0x1167,0x1106,0x0905,0x10e5,0x18c5,
  0x18a5,0x10a4,0x10c4,0x10e5,0x08e5,0x10e5,0x18c5,0x10c5,0x10e5,0x10c5,0x10c5,0x10e5,0x08e4,0x1126,0x0186,0x2cd1,
  0x1db4,0x15d4,0x15b4,0x1db4,0x2d74,0x238d,0x0186,0x1105,0x10a4,0x10c4,0x10c5,0x08a4,0x10a5,0x10c5,0x10a4,0x10c5,
  0x10e5,0x10c5,0x10c5,0x10c5,0x10a4,0x10c5,0x10c5,0x10a4,0x10c4,0x10a5,0x10c5,0x10c5,0x10c5,0x08a4,0x10a5,0x10a4,
  0x10a4,0x08a4,0x10a5,0x10a4,0x10a5,0x08a4,0x10a5,0x10a4,0x10a5,0x08a4,0x10a4,0x10c4,0x10a4,0x10c5,0x0884,0x10c5,
  0x0884,0x08a4,0x08a4,0x10a5,0x08a4,0x08a4,0x10a4,0x08a4,0x10a4,0x08a4,0x1084,0x10a4,0x1084,0x08a4,0x1084,0x08a4,
  0x1084,0x08a3,0x1084,0x0884,0x10a4,0x0883,0x10a4,0x0884,0x08a4,0x1084,0x08a4,0x1084,0x08a4,0x1083,0x08a4,0x1084,
  0x08a4,0x1083,0x08a4,0x1084,0x0883,0x08a4,0x1084,0x10a3,0x0884,0x0884,0x10a3,0x0884,0x1083,0x08a4,0x0884,0x1083,
  0x08a4,0x1084,0x08a3,0x1084,0x0884,0x10a3,0x0884,0x1083,0x08a4,0x1084,0x08a3,0x1084,0x0883,0x10a4,0x0884,0x1084,
  0x08a3,0x1084,0x08a4,0x1083,0x0884,0x10a4,0x0883,0x1084,0x08a3,0x1084,0x08a4,0x1084,0x08a3,0x1084,0x08a4,0x1083,
  0x0884,0x10a4,0x0884,0x1083,0x08a4,0x0884,0x1083,0x08a4,0x1084,0x08a3,0x1084,0x08a4,0x1083,0x08a4,0x1084,0x08a3,
  0x1084,0x0884,0x10a3,0x0884,0x1084,0x08a3,0x1084,0x0883,0x10a4,0x0884,0x1084,0x08a3,0x1084,0x08a3,0x1084,0x08a4,
  0x1083,0x0884,0x10a4,0x0883,0x1084,0x08a3,0x1084,0x08a4,0x1083,0x08a4,0x1083,0x0884,0x08a4,0x1083,0x08a4,0x1084,
  0x08a3,0x1084,0x0884,0x10a3,0x0884,0x1084,0x08a4,0x1084,0x08a3,0x1084,0x0883,0x10a4,0x0884,0x1083,0x08a4,0x1084,
  0x08a4,0x1083,0x0884,0x10a3,0x0884,0x10a4,0x0883,0x10a4,0x0883,0x10a4,0x0884,0x1084,0x08a3,0x1084,0x08a3,0x0884,
  0x1084,0x08a3,0x1084,0x08a4,0x1084,0x08a4,0x1083,0x0884,0x10a4,0x0884,0x10a4,0x0883,0x1084,0x08a4,0x1083,0x08a4,
  0x1083,0x08a4,0x1084,0x0883,0x10a4,0x0884,0x10a3,0x0884,0x1084,0x08a4,0x0883,0x1084,0x08a4,0x1084,0x08a3,0x1084,
  0x0884,0x08a3,0x1084,0x0884,0x10a3,0x0884,0x10a4,0x0883,0x1084,0x08a4,0x1084,0x0883,0x10a4,0x0884,0x10a4,0x0883,
  0x10a4,0x0883,0x10a4,0x0884,0x10a3,0x0884,0x10a4,0x0884,0x10a3,0x0884,0x10a4,0x0884,0x1083,0x08a4,0x1083,0x08a4,
  0x0884,0x1084,0x08a3,0x1084,0x08a4,0x0883,0x1084,0x08a4,0x1083,0x0884,0x10a4,0x0883,0x10a4,0x0883,0x10a4,0x0884,
  0x10a3,0x0884,0x10a3,0x0884,0x10a4,0x0883,0x10a4,0x0884,0x10a4,0x0883,0x10a4,0x0884,0x10a3,0x0884,0x10a4,0x0883,
  0x10a4,0x0884,0x10a3,0x0884,0x10a4,0x0883,0x08a4,0x1084,0x0883,0x10a4,0x0884,0x08a3,0x1084,0x0884,0x10a4,0x0884,
  0x1083,0x08a4,0x1083,0x08a4,0x1084,0x0883,0x10a4,0x0884,0x1084,0x08a3,0x1084,0x08a4,0x1083,0x0884,0x10a4,0x0883,
  0x10a4,0x0884,0x10a4,0x0884,0x1083,0x08a4,0x1083,0x0884,0x10a4,0x0883,0x10a4,0x0884,0x10a3,0x0884,0x1084,0x08a4,
  0x10a4,0x0884,0x1083,0x08a4,0x1084,0x0883,0x10a4,0x0884,0x10a4,0x0883,0x10a4,0x10a5,0x0883,0x0884,0x10a4,0x10a4,
  0x0884,0x08a4,0x0884,0x10a4,0x10c5,0x08a4,0x10a4,0x10a4,0x08a4,0x10a5,0x08a4,0x1084,0x10a4,0x08a4,0x10c5,0x10a4,
  0x10c4,0x08a4,0x10a4,0x10a5,0x08a4,0x10c5,0x0883,0x10c5,0x08a4,0x10a4,0x08a4,0x10a4,0x10a4,0x10a4,0x10a5,0x10c5,
  0x10a5,0x10a5,0x10a4,0x10a5,0x10c5,0x10c5,0x10a4,0x10a5,0x10c5,0x10c5,0x10c4,0x08e4,0x10c5,0x18a5,0x18c5,0x08c5,
  0x10c5,0x08a4,0x10e4,0x10c4,0x08a4,0x1105,0x0967,0x1bee,0x1d94,0x1db4,0x1d94,0x15b4,0x2d73,0x2c50,0x09a7,0x0925,
  0x10c5,0x10c5,0x10c4,0x10a4,0x18c5,0x10c5,0x10c5,0x10e6,0x10e5,0x18c5,0x10e5,0x10c4,0x10c4,0x10e4,0x10c5,0x18e5,
  0x0905,0x0946,0x01c8,0x3451,0x2d73,0x2594,0x1d94,0x1d94,0x2593,0x1bef,0x0987,0x1126,0x10e6,0x08e5,0x0905,0x18c5,
  0x18c5,0x08e5,0x10c5,0x10e5,0x18c5,0x10c5,0x18c5,0x10c5,0x10c5,0x10e5,0x10c5,0x10e5,0x10e5,0x1126,0x0186,0x2cb1,
  0x1db4,0x1db4,0x15b4,0x1db4,0x2d54,0x236d,0x0187,0x0905,0x08a4,0x10e5,0x10a4,0x10a5,0x10c4,0x10c5,0x18c5,0x10c5,
  0x08a4,0x10c5,0x10c5,0x10a5,0x10c4,0x10c5,0x10c5,0x10c5,0x10c5,0x10c5,0x10a4,0x10c4,0x10a5,0x10c5,0x08a4,0x10a5,
  0x08a4,0x10a4,0x10c5,0x0884,0x10c4,0x08a4,0x10c4,0x08a4,0x10a4,0x10a5,0x08a4,0x10a5,0x08a4,0x10a5,0x08a3,0x10a4,
  0x08a4,0x10a4,0x0884,0x10a4,0x10a4,0x10a5,0x0884,0x10a4,0x1084,0x08a4,0x10a4,0x08a4,0x0884,0x10a3,0x08a5,0x0883,
  0x10a5,0x1084,0x08a4,0x10a4,0x0884,0x1084,0x08a4,0x1084,0x08a3,0x1084,0x10a4,0x0883,0x10a4,0x0884,0x10a4,0x0884,
  0x10a3,0x10a5,0x0884,0x10a3,0x0884,0x1084,0x08a3,0x0884,0x10a3,0x0884,0x1084,0x08a4,0x0884,0x1083,0x08a4,0x1084,
  0x08a3,0x1084,0x0884,0x10a3,0x0884,0x10a4,0x0883,0x08a4,0x1083,0x0884,0x1084,0x08a3,0x1084,0x0884,0x10a3,0x0884,
  0x10a4,0x0883,0x1084,0x08a4,0x1083,0x0884,0x10a4,0x0884,0x10a4,0x0883,0x0884,0x10a3,0x0884,0x1084,0x0883,0x10a4,
  0x0884,0x10a3,0x0884,0x10a4,0x0883,0x10a4,0x0884,0x10a3,0x0884,0x1084,0x08a3,0x0884,0x1084,0x0883,0x10a4,0x0884,
  0x10a3,0x0884,0x1084,0x08a3,0x1084,0x08a4,0x1083,0x08a4,0x1084,0x08a3,0x1084,0x08a4,0x1083,0x0884,0x1084,0x08a3,
  0x1084,0x08a4,0x0883,0x10a4,0x0884,0x10a4,0x0883,0x1084,0x08a4,0x1083,0x08a4,0x1084,0x0883,0x10a4,0x0884,0x1083,
  0x0884,0x10a3,0x0884,0x10a4,0x0883,0x10a4,0x0883,0x1084,0x0884,0x08a3,0x1084,0x08a3,0x1084,0x08a4,0x1083,0x08a4,
  0x1083,0x08a4,0x1084,0x08a4,0x1083,0x0884,0x10a4,0x0883,0x1084,0x0884,0x10a3,0x0884,0x10a4,0x0883,0x1084,0x08a3,
  0x1084,0x08a4,0x0883,0x1084,0x08a3,0x0884,0x10a4,0x0883,0x0884,0x10a3,0x0884,0x10a4,0x0883,0x1084,0x08a4,0x1084,
  0x0884,0x10a3,0x0884,0x10a4,0x0883,0x1084,0x0884,0x10a3,0x0884,0x10a3,0x0884,0x10a4,0x0883,0x0884,0x1084,0x08a3,
  0x1084,0x08a4,0x1083,0x08a4,0x1084,0x0883,0x1084,0x08a4,0x1083,0x08a4,0x1083,0x08a4,0x0883,0x1084,0x08a3,0x0884,
  0x1084,0x08a4,0x0883,0x1084,0x0884,0x10a3,0x0884,0x1083,0x08a4,0x1083,0x0884,0x10a3,0x0884,0x10a4,0x0884,0x1083,
  0x08a4,0x1083,0x08a4,0x0884,0x1083,0x08a4,0x1083,0x08a4,0x1084,0x08a3,0x0884,0x1084,0x08a3,0x0884,0x1083,0x08a4,
  0x0884,0x1084,0x08a4,0x1083,0x0884,0x1084,0x08a3,0x1084,0x0883,0x1084,0x08a4,0x1083,0x0884,0x10a3,0x0884,0x1084,
  0x0883,0x10a4,0x0884,0x1083,0x0884,0x10a4,0x0883,0x10a4,0x0884,0x10a3,0x0884,0x1084,0x08a3,0x1084,0x0883,0x10a4,
  0x0884,0x10a3,0x0884,0x1084,0x08a3,0x1084,0x0884,0x10a3,0x0884,0x10a4,0x0883,0x1084,0x08a4,0x1083,0x08a4,0x0884,
  0x1083,0x08a4,0x1083,0x08a4,0x0884,0x1083,0x08a4,0x1084,0x08a3,0x1084,0x0883,0x10a4,0x0884,0x10a3,0x0884,0x1083,
  0x0884,0x10a4,0x0884,0x10a4,0x10a4,0x0884,0x10a4,0x1084,0x08a4,0x1084,0x0884,0x0884,0x10a5,0x10a4,0x0884,0x10a4,
  0x10a4,0x0884,0x10a3,0x10a5,0x0884,0x10a3,0x0884,0x10a5,0x0884,0x10a4,0x08a4,0x10c4,0x08a4,0x1084,0x0883,0x10c5,
  0x0884,0x10a5,0x10a4,0x08a4,0x10c5,0x10a4,0x10c5,0x1084,0x10c5,0x10a4,0x10a5,0x08c4,0x10a5,0x10c5,0x08a4,0x10c5,
  0x08a3,0x10c5,0x10a4,0x08a4,0x10c5,0x10a5,0x10c5,0x10c5,0x10c5,0x10c5,0x10c5,0x10c4,0x10c5,0x18a5,0x10c5,0x10e5,
  0x10c5,0x0884,0x10c5,0x10c4,0x08c4,0x1106,0x0966,0x1bef,0x1d94,0x1db4,0x15b4,0x1db4,0x2574,0x2c2f,0x0187,0x0906,
  0x10e5,0x10c5,0x18e4,0x10c5,0x18c5,0x10c5,0x10e5,0x18c6,0x18c5,0x10e5,0x10e5,0x08e5,0x10e5,0x10e4,0x08a4,0x18e5,
  0x10e5,0x0947,0x01c7,0x2c31,0x2d53,0x2574,0x1db4,0x1d94,0x2594,0x23ae,0x0948,0x1906,0x10e5,0x0905,0x08e5,0x18a5,
  0x10c5,0x08e5,0x10e6,0x18c6,0x18c5,0x18c6,0x18c5,0x10c5,0x10e5,0x10e5,0x10c5,0x10c4,0x10e5,0x1106,0x0968,0x2cb1,
  0x1d94,0x15b4,0x15b4,0x1db4,0x2554,0x1b8d,0x0966,0x0925,0x08a4,0x10e5,0x10a5,0x10c5,0x10a5,0x10a5,0x10a5,0x10c5,
  0x10c5,0x10c5,0x0883,0x10c5,0x10c5,0x10a5,0x10a4,0x10c5,0x10a5,0x10c5,0x10c5,0x0884,0x10c5,0x10a5,0x10a4,0x10a4,
  0x10a5,0x08a4,0x10a5,0x08a4,0x10c5,0x1084,0x10c5,0x10a5,0x08a4,0x10a4,0x10c5,0x08a4,0x10a4,0x10a4,0x0884,0x10a5,
  0x08a4,0x10a4,0x10a4,0x08a4,0x0884,0x10c5,0x1083,0x08a4,0x10a5,0x08a4,0x1083,0x0884,0x10a4,0x0884,0x1084,0x08a4,
  0x1083,0x08a4,0x1084,0x0883,0x10a4,0x0883,0x08a4,0x1084,0x08a4,0x0883,0x10a4,0x0884,0x08a4,0x1084,0x08a3,0x1084,
  0x0884,0x0884,0x10a3,0x0884,0x10a4,0x0883,0x1084,0x08a4,0x1084,0x08a3,0x1084,0x08a3,0x1084,0x08a4,0x1083,0x08a4,
  0x1084,0x08a3,0x0884,0x10a4,0x0883,0x0884,0x10a4,0x0884,0x10a4,0x08a3,0x0884,0x10a4,0x0883,0x08a4,0x1084,0x08a3,
  0x0884,0x10a4,0x0883,0x08a4,0x1084,0x08a3,0x0884,0x10a3,0x0884,0x10a4,0x0883,0x1084,0x08a4,0x08a3,0x1084,0x08a4,
  0x0883,0x1084,0x08a3,0x0884,0x1084,0x08a3,0x1084,0x0884,0x08a3,0x1084,0x0884,0x10a3,0x0884,0x10a4,0x0883,0x0884,
  0x10a4,0x0883,0x08a4,0x1084,0x08a3,0x0884,0x1084,0x08a3,0x0884,0x1084,0x08a3,0x1084,0x08a4,0x1083,0x08a4,0x1084,
  0x08a3,0x1084,0x0884,0x10a3,0x0884,0x0883,0x10a4,0x0883,0x1084,0x08a4,0x0883,0x10a4,0x0884,0x1083,0x08a4,0x08a4,
  0x1084,0x08a4,0x1083,0x0884,0x10a4,0x0883,0x08a4,0x10a3,0x0884,0x10a4,0x0884,0x1084,0x08a3,0x0884,0x10a4,0x0884,
  0x0884,0x10a3,0x0884,0x1083,0x08a4,0x0883,0x10a4,0x0884,0x08a3,0x1084,0x08a4,0x0883,0x1084,0x08a4,0x0884,0x10a4,
  0x0883,0x1084,0x08a4,0x1083,0x0884,0x10a3,0x0884,0x10a4,0x0883,0x10a4,0x0883,0x0884,0x10a4,0x0883,0x08a4,0x1083,
  0x08a4,0x0884,0x10a3,0x0884,0x08a4,0x1083,0x08a4,0x0884,0x10a4,0x0884,0x1083,0x08a4,0x1084,0x08a3,0x1084,0x08a4,
  0x1083,0x0884,0x10a4,0x0883,0x08a4,0x10a4,0x0883,0x08a4,0x1084,0x0884,0x08a4,0x1084,0x08a4,0x1083,0x0884,0x10a4,
  0x0883,0x1084,0x08a4,0x10a3,0x0884,0x0884,0x10a4,0x0884,0x08a4,0x1084,0x08a3,0x0884,0x10a4,0x0883,0x08a4,0x1084,
  0x08a3,0x1084,0x0884,0x10a3,0x0884,0x10a4,0x0884,0x1083,0x08a4,0x1084,0x08a3,0x1084,0x08a4,0x1084,0x08a4,0x1083,
  0x08a4,0x1083,0x0884,0x08a4,0x10a3,0x0884,0x0884,0x10a4,0x0884,0x08a3,0x1084,0x08a4,0x0884,0x10a4,0x0883,0x08a4,
  0x1084,0x08a3,0x0884,0x10a4,0x0883,0x10a4,0x0884,0x1083,0x08a4,0x1084,0x08a3,0x1084,0x08a4,0x1083,0x08a4,0x1083,
  0x08a4,0x0884,0x10a3,0x0884,0x10a4,0x0883,0x10a4,0x0884,0x10a3,0x0884,0x08a4,0x1083,0x08a4,0x0884,0x1083,0x08a4,
  0x1084,0x0883,0x08a4,0x1083,0x08a4,0x1084,0x08a3,0x0884,0x1084,0x08a4,0x0884,0x10a3,0x0884,0x0884,0x10a4,0x0884,
  0x10a4,0x0883,0x10a5,0x0884,0x0884,0x10a3,0x0884,0x08a3,0x1084,0x08a3,0x08a5,0x10a3,0x0884,0x10a3,0x08a5,0x08a3,
  0x10a4,0x1084,0x08a4,0x0884,0x10c4,0x0884,0x08c5,0x10a4,0x10a4,0x08a4,0x10a4,0x0884,0x10c5,0x0884,0x10c5,0x10a4,
  0x10a4,0x10a4,0x08c5,0x10a4,0x10c5,0x08a4,0x10c5,0x0883,0x10c5,0x08a4,0x10a4,0x10a5,0x08a4,0x10a5,0x10c5,0x10a5,
  0x10a5,0x10a5,0x10c5,0x10a5,0x10c4,0x10c5,0x10c5,0x10c5,0x1084,0x10c5,0x10c5,0x10c5,0x08a4,0x10c5,0x10c5,0x10c5,
  0x08a4,0x1083,0x10e4,0x08a4,0x10c5,0x1105,0x0967,0x1bef,0x1db4,0x15b4,0x1db4,0x15b4,0x2594,0x2450,0x09a7,0x0925,
  0x10e5,0x10e5,0x10e5,0x0884,0x10c5,0x10c5,0x10e6,0x10e5,0x10c5,0x10c5,0x10c5,0x08e4,0x10e5,0x10e4,0x10c5,0x18c5,
  0x0905,0x0146,0x01c7,0x2c50,0x2574,0x1db4,0x15b4,0x15b4,0x1d93,0x1bee,0x0967,0x1906,0x08e5,0x0905,0x0904,0x18c5,
  0x10c5,0x10e5,0x08e6,0x10c6,0x10c5,0x10c6,0x10c5,0x10c5,0x10e5,0x10e5,0x10e5,0x10e5,0x10e5,0x1106,0x0187,0x2cb1,
  0x1db4,0x15b4,0x15d4,0x15b4,0x3573,0x238d,0x0186,0x0905,0x10a4,0x10e4,0x10c5,0x10c5,0x10c5,0x10c5,0x18c5,0x10c5,
  0x10e4,0x10c5,0x10c5,0x18c5,0x10c5,0x10c5,0x10c5,0x10c5,0x08a4,0x10a4,0x10c5,0x10c5,0x08a4,0x10c4,0x08a5,0x10a4,
  0x08a4,0x10c4,0x10a4,0x10a4,0x08a4,0x10c5,0x08a4,0x10c5,0x10a4,0x10a4,0x08a4,0x10a5,0x10a4,0x10a5,0x08a3,0x1084,
  0x08a4,0x10a5,0x0884,0x10c4,0x10a4,0x0884,0x10a5,0x0884,0x10a3,0x10a4,0x08a4,0x10a4,0x0884,0x10a4,0x10a4,0x0884,
  0x10a5,0x0883,0x10a4,0x08a4,0x1084,0x08a4,0x1084,0x08a4,0x0884,0x10a4,0x0884,0x08a4,0x1084,0x0883,0x08a5,0x08a4,
  0x1083,0x08a4,0x1084,0x0883,0x08a4,0x1084,0x08a3,0x1084,0x0884,0x10a4,0x0883,0x10a4,0x0883,0x10a4,0x0884,0x1083,
  0x08a4,0x1084,0x0883,0x10a4,0x0884,0x10a3,0x0884,0x1083,0x0884,0x1084,0x08a3,0x1084,0x08a4,0x1083,0x08a4,0x1084,
  0x0883,0x10a4,0x0884,0x1083,0x08a4,0x1084,0x08a3,0x1084,0x0883,0x08a4,0x1084,0x08a4,0x1083,0x0884,0x10a4,0x0883,
  0x10a4,0x0884,0x10a4,0x0883,0x10a4,0x0884,0x08a3,0x1084,0x08a4,0x1083,0x08a4,0x1084,0x08a3,0x0884,0x10a4,0x0883,
  0x1084,0x08a4,0x1083,0x08a4,0x1084,0x08a3,0x1084,0x0884,0x10a3,0x0884,0x10a4,0x0883,0x0884,0x10a4,0x0883,0x0884,
  0x10a4,0x0883,0x10a4,0x0884,0x10a4,0x0884,0x10a4,0x0884,0x08a3,0x1084,0x0884,0x10a3,0x0884,0x08a4,0x1083,0x0884,
  0x10a3,0x0884,0x08a4,0x1083,0x08a4,0x1084,0x0884,0x1084,0x08a3,0x1084,0x08a3,0x0884,0x10a4,0x0883,0x1084,0x08a3,
  0x1084,0x0884,0x10a3,0x0884,0x10a4,0x0884,0x1083,0x08a4,0x1084,0x08a3,0x1084,0x08a4,0x1083,0x08a4,0x1083,0x0884,
  0x10a4,0x0883,0x10a4,0x0884,0x10a4,0x0884,0x1083,0x08a4,0x1084,0x0884,0x10a4,0x0883,0x10a4,0x0884,0x1083,0x08a4,
  0x1083,0x0884,0x10a4,0x0883,0x1084,0x08a4,0x1083,0x08a4,0x1083,0x08a4,0x0884,0x10a3,0x0884,0x10a4,0x0883,0x08a4,
  0x1084,0x08a3,0x0884,0x10a4,0x0883,0x1084,0x08a4,0x1083,0x08a4,0x1083,0x08a4,0x1083,0x0884,0x10a4,0x0883,0x10a4,
  0x0884,0x10a3,0x0884,0x0884,0x10a3,0x0884,0x10a3,0x0884,0x1083,0x08a4,0x1084,0x08a3,0x1084,0x0884,0x10a3,0x0884,
  0x1084,0x08a3,0x1084,0x08a4,0x1083,0x0884,0x10a4,0x0884,0x08a3,0x1084,0x0884,0x10a3,0x0884,0x10a3,0x0884,0x1084,
  0x08a3,0x0884,0x10a3,0x0884,0x1084,0x08a3,0x1084,0x08a3,0x1084,0x08a4,0x1083,0x08a4,0x1083,0x0884,0x10a4,0x0883,
  0x10a4,0x0884,0x10a3,0x0884,0x10a4,0x0883,0x08a4,0x1084,0x0883,0x08a4,0x1084,0x0883,0x10a4,0x0884,0x08a4,0x1084,
  0x0883,0x10a4,0x0884,0x10a3,0x0884,0x08a4,0x1083,0x08a4,0x0884,0x1083,0x08a4,0x1084,0x0883,0x10a4,0x0884,0x10a3,
  0x0884,0x10a4,0x0884,0x1084,0x08a3,0x1084,0x0884,0x10a3,0x0884,0x10a3,0x0884,0x1084,0x08a3,0x1084,0x08a3,0x1084,
  0x10a5,0x0884,0x10a3,0x0884,0x10a4,0x0884,0x10a4,0x0884,0x1084,0x0884,0x1083,0x0884,0x10c5,0x0884,0x10a4,0x0884,
  0x1084,0x08a4,0x10a4,0x10a5,0x10a4,0x10a5,0x0884,0x10a4,0x08a4,0x10a4,0x08a5,0x0884,0x10a4,0x1084,0x08a3,0x10a5,
  0x08a4,0x10a4,0x10a4,0x10a4,0x10c5,0x0884,0x10c4,0x10a4,0x10a5,0x08a4,0x10a4,0x10a4,0x10a5,0x10c5,0x08a4,0x10a5,
  0x08a4,0x10c5,0x08a4,0x10c5,0x10c5,0x10c5,0x10a5,0x10c5,0x10c4,0x10c5,0x10c5,0x10e4,0x10c5,0x18a5,0x10a5,0x10c5,
  0x10c5,0x0884,0x10e5,0x1083,0x08a4,0x1105,0x0966,0x1bcf,0x2594,0x1db4,0x15b4,0x15b4,0x2574,0x2c4f,0x01a7,0x0926,
  0x10e5,0x10c5,0x10e5,0x10e5,0x10c5,0x10c5,0x10e5,0x10c6,0x18c5,0x18c5,0x10e5,0x10e5,0x10c4,0x10c5,0x10c4,0x10e5,
  0x08e5,0x0146,0x01c7,0x2c70,0x2573,0x15b4,0x15b4,0x15d4,0x1db4,0x1bef,0x0966,0x1126,0x08e6,0x08e5,0x08e5,0x18c5,
  0x18c5,0x10e5,0x10c5,0x18c5,0x10c6,0x10e5,0x10c5,0x10c5,0x10e5,0x10c5,0x10e4,0x10c5,0x0906,0x0906,0x0987,0x24b1,
  0x1db4,0x15b4,0x15b4,0x1db4,0x2554,0x1b6d,0x0966,0x0905,0x08a4,0x18e5,0x08a4,0x10a4,0x10a5,0x10a5,0x10c5,0x10a5,
  0x10c5,0x10c5,0x10c5,0x10c5,0x0884,0x10c5,0x10a5,0x10c5,0x10c5,0x10c5,0x10a4,0x10c5,0x10a5,0x10c5,0x1084,0x10c4,
  0x10a5,0x08a4,0x10a5,0x08a4,0x10a5,0x10a3,0x10a5,0x10a4,0x08a5,0x10a4,0x10a4,0x10c5,0x0884,0x0884,0x10c5,0x0884,
  0x08a4,0x10a4,0x10a4,0x10a5,0x08a4,0x08a4,0x10a4,0x10a5,0x0884,0x10a4,0x0884,0x08a4,0x10a4,0x0884,0x0884,0x10a4,
  0x0883,0x10a4,0x0884,0x1084,0x08a4,0x1083,0x08a4,0x0884,0x1083,0x08a4,0x1083,0x0884,0x10a4,0x0884,0x1083,0x08a4,
  0x1084,0x10a4,0x0884,0x10a4,0x0883,0x10a4,0x0884,0x08a3,0x1084,0x0883,0x08a4,0x1084,0x0884,0x0883,0x10a4,0x0884,
  0x0883,0x10a4,0x0884,0x1083,0x08a4,0x1084,0x08a3,0x1084,0x08a3,0x1084,0x08a4,0x1083,0x0884,0x10a4,0x0883,0x1084,
  0x08a4,0x1083,0x08a4,0x1084,0x08a3,0x1084,0x0884,0x08a4,0x1084,0x0883,0x10a4,0x0883,0x10a4,0x0884,0x1083,0x08a4,
  0x1084,0x0883,0x10a4,0x0884,0x1083,0x08a4,0x1084,0x0883,0x10a4,0x0884,0x1083,0x08a4,0x1084,0x0883,0x10a4,0x0884,
  0x10a3,0x0884,0x1084,0x0883,0x10a4,0x0884,0x10a3,0x0884,0x10a4,0x0883,0x0884,0x10a4,0x0883,0x1084,0x08a4,0x1083,
  0x0884,0x10a4,0x0883,0x0884,0x10a3,0x0883,0x1084,0x08a3,0x1084,0x08a3,0x1084,0x0884,0x10a3,0x0884,0x10a4,0x0883,
  0x1084,0x08a3,0x1084,0x0884,0x1083,0x08a4,0x1083,0x08a4,0x1084,0x0883,0x10a4,0x0883,0x1084,0x08a4,0x1083,0x08a4,
  0x1083,0x08a4,0x0884,0x10a3,0x0884,0x10a3,0x0884,0x10a4,0x0883,0x1084,0x08a3,0x1084,0x0884,0x10a3,0x0884,0x10a3,
  0x0884,0x08a4,0x1083,0x0884,0x08a3,0x1084,0x08a4,0x1083,0x08a4,0x0883,0x10a4,0x0884,0x1083,0x08a4,0x1084,0x0884,
  0x10a4,0x0883,0x1084,0x08a4,0x1083,0x08a4,0x1084,0x0883,0x0884,0x10a3,0x0884,0x1084,0x08a3,0x0884,0x1084,0x08a3,
  0x1084,0x0884,0x10a3,0x0884,0x1084,0x08a3,0x1084,0x0884,0x10a3,0x0884,0x1083,0x08a4,0x1083,0x08a4,0x1084,0x0883,
  0x08a4,0x1084,0x08a3,0x1084,0x08a4,0x1083,0x0884,0x10a3,0x0884,0x1083,0x08a4,0x1084,0x08a3,0x1084,0x0884,0x10a3,
  0x0884,0x08a4,0x1083,0x0884,0x08a4,0x1083,0x08a4,0x1083,0x0884,0x10a3,0x0884,0x0884,0x10a3,0x0884,0x08a3,0x1084,
  0x0884,0x10a4,0x0884,0x10a3,0x0884,0x10a4,0x0883,0x1084,0x08a3,0x1084,0x0884,0x1083,0x08a4,0x1083,0x0884,0x10a4,
  0x0883,0x1084,0x0884,0x10a3,0x0884,0x1084,0x0883,0x10a4,0x0884,0x1083,0x08a4,0x1084,0x0883,0x10a4,0x0883,0x10a4,
  0x0884,0x1083,0x08a4,0x0884,0x1083,0x0884,0x10a4,0x0883,0x1084,0x08a4,0x1083,0x08a4,0x1084,0x08a3,0x1084,0x0884,
  0x10a3,0x0884,0x10a3,0x0884,0x1084,0x08a3,0x1084,0x08a4,0x1083,0x0884,0x10a3,0x0884,0x10a4,0x0883,0x1084,0x08a3,
  0x0884,0x10a3,0x0884,0x10a4,0x10a4,0x0884,0x1084,0x08a3,0x10a4,0x10a4,0x08a4,0x1084,0x08a3,0x1084,0x08a4,0x10a4,
  0x10a4,0x08a4,0x1084,0x08a4,0x10a4,0x08a4,0x10a4,0x10a4,0x08a4,0x08a4,0x1084,0x10a4,0x08a4,0x10a5,0x10a4,0x08a4,
  0x10a5,0x10a4,0x08a5,0x10c4,0x10c4,0x10c5,0x08a4,0x10a4,0x08a4,0x10a4,0x10a5,0x08c4,0x10a5,0x10a4,0x10c4,0x10a5,
  0x10c4,0x10a5,0x10a4,0x10a4,0x10c5,0x10c5,0x10a4,0x10c5,0x10c5,0x10a4,0x10c5,0x10c4,0x10c5,0x18a5,0x10c5,0x10c5,
  0x10c5,0x08a3,0x10e5,0x0884,0x10c5,0x1105,0x0967,0x1bef,0x1db4,0x15b4,0x1db4,0x15b3,0x2594,0x2450,0x01a6,0x0926,
  0x10e5,0x10e5,0x08e4,0x10c4,0x10c5,0x10c5,0x10e5,0x10e5,0x18c5,0x10c5,0x10e5,0x10e5,0x10e4,0x10c5,0x10a4,0x10c5,
  0x0905,0x0146,0x01a6,0x2450,0x2593,0x1594,0x15d3,0x15b3,0x1db3,0x1bee,0x0167,0x1106,0x08e5,0x08e5,0x1104,0x18a5,
  0x18a5,0x10e5,0x10c6,0x18c5,0x10c6,0x10c5,0x18e6,0x10c5,0x10e5,0x10e5,0x08e4,0x10e5,0x08e5,0x0926,0x0187,0x2cd2,
  0x1db4,0x15b4,0x15b4,0x1db4,0x2d53,0x238d,0x0186,0x0906,0x10a4,0x10e5,0x10a4,0x10c5,0x10c5,0x10c5,0x10c5,0x10c5,
  0x08a4,0x10c4,0x10a5,0x10c5,0x18c5,0x10c5,0x10c4,0x10a4,0x10c5,0x10c5,0x10a4,0x10c5,0x08a4,0x10c5,0x10a4,0x08a4,
  0x10a4,0x10a4,0x10a4,0x10c4,0x08a4,0x10a5,0x08a4,0x10c4,0x10a4,0x08c5,0x10a4,0x10a4,0x08a4,0x10a4,0x10a4,0x10a4,
  0x08a4,0x10a4,0x0884,0x10a4,0x0884,0x10a4,0x10a4,0x08a4,0x0884,0x10a4,0x1084,0x10a4,0x0884,0x10a4,0x10a4,0x10a4,
  0x0884,0x10a4,0x10a4,0x0883,0x1084,0x08a4,0x0884,0x10a4,0x0884,0x08a4,0x0884,0x10a4,0x0884,0x10a4,0x08a4,0x1084,
  0x08a4,0x1084,0x08a3,0x1084,0x0884,0x10a3,0x0884,0x1084,0x08a3,0x1084,0x08a4,0x1083,0x08a4,0x1084,0x08a3,0x1084,
  0x08a4,0x1083,0x08a4,0x1084,0x08a3,0x1084,0x0884,0x08a4,0x1084,0x08a3,0x1084,0x08a4,0x1083,0x0884,0x10a4,0x0883,
  0x10a4,0x0884,0x0883,0x10a4,0x0884,0x08a3,0x1084,0x10a3,0x0884,0x10a4,0x0883,0x1084,0x08a4,0x1083,0x08a4,0x0884,
  0x10a3,0x0884,0x0883,0x10a4,0x0884,0x1083,0x08a4,0x1084,0x08a3,0x1084,0x08a4,0x0883,0x10a4,0x0884,0x10a3,0x0884,
  0x1084,0x08a3,0x08a4,0x1084,0x0883,0x10a4,0x0884,0x10a3,0x0884,0x10a4,0x0883,0x10a4,0x0884,0x10a3,0x0884,0x10a4,
  0x0883,0x08a4,0x1084,0x08a3,0x1084,0x08a4,0x1084,0x08a4,0x1084,0x0884,0x10a3,0x0884,0x10a4,0x0883,0x1084,0x08a4,
  0x1084,0x0884,0x10a3,0x08a4,0x0884,0x10a3,0x0884,0x08a3,0x1084,0x08a4,0x1084,0x08a4,0x1083,0x08a4,0x1084,0x0884,
  0x08a4,0x1083,0x08a4,0x1084,0x0884,0x08a4,0x1083,0x0884,0x08a4,0x1084,0x08a4,0x0883,0x10a4,0x0884,0x10a4,0x0884,
  0x1083,0x08a4,0x1084,0x08a3,0x1084,0x08a3,0x1084,0x0884,0x10a3,0x0884,0x1083,0x08a4,0x1084,0x08a3,0x0884,0x10a3,
  0x0884,0x10a4,0x0883,0x08a4,0x1084,0x0883,0x08a4,0x10a4,0x1084,0x0884,0x10a3,0x0884,0x1084,0x08a3,0x1084,0x08a4,
  0x1083,0x08a4,0x1084,0x08a3,0x1084,0x0884,0x10a3,0x0884,0x0884,0x10a4,0x0884,0x10a4,0x0884,0x0883,0x10a4,0x0884,
  0x10a3,0x0884,0x1084,0x08a3,0x1084,0x08a4,0x1084,0x08a4,0x1084,0x08a4,0x0883,0x1084,0x08a4,0x0883,0x10a4,0x0884,
  0x10a3,0x0884,0x10a4,0x0883,0x10a4,0x0884,0x1083,0x08a4,0x1084,0x08a4,0x1083,0x08a4,0x1084,0x0884,0x10a4,0x0883,
  0x10a4,0x0883,0x10a4,0x0884,0x1083,0x08a4,0x1084,0x08a4,0x1084,0x08a3,0x0884,0x10a4,0x0884,0x08a4,0x1083,0x08a4,
  0x1084,0x08a3,0x0884,0x10a4,0x0883,0x10a4,0x0884,0x10a3,0x0884,0x10a4,0x0883,0x08a4,0x1084,0x08a3,0x1084,0x0883,
  0x10a4,0x0884,0x1083,0x08a4,0x1084,0x08a3,0x1084,0x08a4,0x1083,0x08a4,0x1084,0x0883,0x10a4,0x0884,0x08a3,0x1084,
  0x08a4,0x1083,0x0884,0x10a3,0x0884,0x08a4,0x1083,0x08a4,0x0884,0x10a4,0x0884,0x10a3,0x0884,0x10a4,0x0884,0x10a4,
  0x10a4,0x0884,0x10a4,0x0884,0x1083,0x08a4,0x1084,0x08a4,0x1084,0x0884,0x1084,0x08a4,0x1084,0x08a4,0x10a4,0x0884,
  0x10a4,0x0884,0x10a4,0x08a4,0x1084,0x10a4,0x08a4,0x10a5,0x1084,0x10a4,0x08a5,0x10a4,0x10a4,0x0884,0x10c5,0x1084,
  0x10c4,0x08a4,0x10a4,0x10a5,0x08c5,0x10a4,0x10a4,0x10a5,0x10a4,0x08a5,0x10a4,0x10a4,0x10c5,0x08a5,0x10a5,0x10a4,
  0x10a5,0x08a4,0x10a5,0x10c5,0x10c5,0x10a5,0x10c5,0x10c5,0x10c5,0x10a4,0x08c5,0x10c4,0x10a5,0x10c5,0x10c5,0x08c5,
  0x10c5,0x0884,0x10e4,0x10a4,0x10c4,0x1106,0x0966,0x1bef,0x2594,0x1d94,0x1db4,0x15b4,0x2574,0x2c4f,0x01a7,0x0126,
  0x08e5,0x10e5,0x08e5,0x10c4,0x10c5,0x10e5,0x10e5,0x10c6,0x18e5,0x10c5,0x10c5,0x10c5,0x18c4,0x18c5,0x18c4,0x10c5,
  0x08e5,0x0145,0x0186,0x2c50,0x2d73,0x2593,0x1db4,0x15b3,0x2594,0x1bce,0x0146,0x1105,0x10e5,0x08e5,0x10e5,0x18a5,
  0x18a5,0x10c5,0x10e5,0x18c5,0x10c6,0x10e5,0x10c5,0x10c5,0x10c5,0x10e5,0x08c5,0x08e5,0x08e5,0x0926,0x0187,0x24d1,
  0x1d94,0x15b4,0x1db4,0x1db4,0x2d54,0x1b8d,0x0167,0x1125,0x08a4,0x10c4,0x10c5,0x08a5,0x10a5,0x10c5,0x10a5,0x10c5,
  0x10e4,0x10c5,0x08a4,0x10c5,0x10c5,0x10a4,0x10c5,0x10c5,0x10a5,0x10c5,0x08a4,0x10c5,0x10a4,0x10a5,0x08a4,0x10a5,
  0x08a4,0x10a5,0x08a4,0x10a5,0x10a4,0x10a4,0x10a5,0x08a4,0x10a5,0x10a4,0x08a4,0x10c5,0x1084,0x08a4,0x10a4,0x0884,
  0x10a4,0x10a5,0x08a4,0x10a4,0x10a4,0x08a4,0x10a5,0x08a4,0x10a4,0x0884,0x08a4,0x1084,0x08a4,0x1084,0x08a4,0x1084,
  0x10a4,0x0884,0x0884,0x08a4,0x0884,0x10a4,0x0883,0x10a4,0x0884,0x10a4,0x0883,0x08a4,0x1083,0x08a4,0x1083,0x10a4,
  0x0884,0x0883,0x10a4,0x0884,0x10a3,0x0884,0x10a4,0x0883,0x10a4,0x0884,0x1083,0x08a4,0x1083,0x08a4,0x1084,0x08a3,
  0x1084,0x0884,0x10a3,0x0884,0x0884,0x10a3,0x0884,0x10a3,0x0884,0x1084,0x08a3,0x0884,0x10a4,0x0883,0x08a4,0x1084,
  0x0883,0x10a4,0x0884,0x1083,0x08a4,0x1084,0x0883,0x08a4,0x1083,0x0884,0x10a4,0x0883,0x0884,0x10a4,0x0883,0x1084,
  0x08a4,0x1084,0x08a4,0x1083,0x08a4,0x0884,0x10a3,0x0884,0x1084,0x08a3,0x1084,0x0884,0x10a3,0x0884,0x0884,0x10a3,
  0x0884,0x1084,0x0883,0x10a4,0x0884,0x0883,0x10a4,0x0884,0x0883,0x1084,0x08a4,0x1083,0x08a4,0x0884,0x10a3,0x0884,
  0x10a4,0x0883,0x1084,0x08a4,0x1084,0x0883,0x08a4,0x1083,0x08a4,0x1083,0x08a4,0x0884,0x1083,0x08a4,0x1084,0x08a3,
  0x0884,0x10a3,0x0884,0x1083,0x08a4,0x1084,0x0884,0x1084,0x08a3,0x1084,0x0883,0x10a4,0x0884,0x0883,0x10a4,0x0883,
  0x1084,0x08a4,0x1083,0x08a4,0x1083,0x0884,0x10a4,0x0883,0x10a4,0x0883,0x1084,0x08a4,0x1083,0x0884,0x0883,0x10a4,
  0x0884,0x1083,0x08a4,0x1084,0x0884,0x1084,0x08a3,0x0884,0x1084,0x08a4,0x1084,0x08a3,0x0884,0x1084,0x08a3,0x1084,
  0x08a3,0x0884,0x10a4,0x0883,0x10a4,0x0884,0x1083,0x0884,0x08a3,0x1084,0x08a4,0x1083,0x08a4,0x1084,0x08a3,0x1084,
  0x0884,0x10a3,0x0884,0x1084,0x08a3,0x0884,0x10a4,0x0883,0x10a4,0x0883,0x10a4,0x0883,0x10a4,0x0884,0x10a3,0x0884,
  0x1084,0x08a3,0x1084,0x0884,0x10a3,0x0884,0x0883,0x10a4,0x0883,0x1084,0x08a4,0x1083,0x0884,0x10a4,0x0883,0x1084,
  0x08a4,0x1083,0x0884,0x10a4,0x0883,0x10a4,0x0884,0x08a3,0x1084,0x0883,0x10a4,0x0884,0x10a3,0x0884,0x1083,0x08a4,
  0x1084,0x0884,0x1083,0x08a4,0x0884,0x1083,0x08a4,0x0883,0x1084,0x08a4,0x1083,0x08a4,0x1083,0x0884,0x10a4,0x0883,
  0x0884,0x10a4,0x0883,0x1084,0x08a4,0x0883,0x10a4,0x0884,0x10a3,0x0884,0x1084,0x08a3,0x1084,0x0884,0x08a4,0x1084,
  0x08a3,0x0884,0x10a4,0x0883,0x10a4,0x0884,0x0883,0x10a4,0x0884,0x1083,0x08a4,0x0884,0x1083,0x08a4,0x1084,0x0883,
  0x0884,0x10a4,0x0884,0x08a4,0x1083,0x0884,0x10a4,0x0883,0x1084,0x08a3,0x1084,0x0884,0x08a3,0x1084,0x0883,0x0884,
  0x10a4,0x0884,0x1084,0x08a4,0x10a4,0x0884,0x10a4,0x0883,0x10a4,0x08a4,0x1084,0x08a4,0x10a4,0x1084,0x08a4,0x1084,
  0x08a4,0x1084,0x0884,0x10c5,0x08a3,0x10a5,0x0884,0x10a4,0x08a4,0x10a4,0x08a4,0x0884,0x10c4,0x0884,0x10a4,0x08a4,
  0x10a4,0x10a5,0x08a4,0x10a4,0x10a4,0x10a4,0x08a5,0x10a4,0x08a4,0x10c4,0x10a4,0x08a4,0x10a4,0x10a4,0x10c5,0x08a4,
  0x10a5,0x10a4,0x10a5,0x10a4,0x10c5,0x10a4,0x10c5,0x10a5,0x10c5,0x10c5,0x10c5,0x10e5,0x10c5,0x18c5,0x10a5,0x10c5,
  0x10a4,0x08a4,0x10e4,0x10a4,0x10c4,0x1105,0x0967,0x1bef,0x1d94,0x1db4,0x1d94,0x15b4,0x2594,0x2c50,0x01a7,0x0945,
  0x08e5,0x10e5,0x10e4,0x08c5,0x18c5,0x10c5,0x18c6,0x10e5,0x10e5,0x10e5,0x10e5,0x10e5,0x10c4,0x10c5,0x18c5,0x10a5,
  0x10e5,0x0125,0x0166,0x3430,0x3533,0x2d53,0x2d93,0x2573,0x2d73,0x23ae,0x0946,0x08e5,0x10c5,0x10e5,0x10e5,0x18a5,
  0x18c5,0x10c5,0x10e5,0x10c5,0x18c6,0x10e5,0x18c6,0x10c5,0x10c5,0x10c4,0x10c4,0x10e5,0x0906,0x0926,0x0987,0x2cb1,
  0x1db4,0x1594,0x1db4,0x1db4,0x2d73,0x1b6d,0x0186,0x0905,0x10a4,0x10e4,0x10c5,0x10a4,0x10c5,0x10a5,0x10c5,0x10c5,
  0x10c5,0x10c5,0x10c5,0x18c5,0x10c5,0x10a4,0x10c5,0x10c5,0x10a4,0x10c5,0x10a5,0x10a4,0x10a5,0x10c5,0x10a4,0x10a4,
  0x10a4,0x10a5,0x10a4,0x08a4,0x10a5,0x08a4,0x10a4,0x10c5,0x10a4,0x10a4,0x10a4,0x08a5,0x10a4,0x10a4,0x0884,0x10a4,
  0x10a4,0x08a4,0x10a4,0x10a4,0x08a5,0x1084,0x10a4,0x08a4,0x10a4,0x0884,0x10a4,0x08a4,0x1084,0x08a4,0x1084,0x08a4,
  0x0884,0x10a4,0x1084,0x10a4,0x0884,0x10a3,0x0884,0x10a4,0x1083,0x08a4,0x1084,0x08a4,0x1084,0x08a4,0x1084,0x0884,
  0x10a3,0x08a5,0x0883,0x1084,0x08a4,0x0883,0x1084,0x08a4,0x1083,0x08a4,0x0884,0x10a4,0x0884,0x1083,0x08a4,0x1084,
  0x08a3,0x0884,0x10a4,0x0883,0x10a4,0x0884,0x10a3,0x0884,0x10a3,0x0884,0x1084,0x08a3,0x1084,0x0884,0x10a3,0x0884,
  0x08a4,0x1083,0x08a4,0x1084,0x08a3,0x1084,0x08a4,0x1084,0x08a4,0x1083,0x08a4,0x1084,0x08a3,0x1084,0x08a4,0x1083,
  0x08a4,0x1083,0x0884,0x10a4,0x0883,0x10a4,0x0884,0x10a3,0x0884,0x08a4,0x1083,0x08a4,0x1084,0x08a3,0x1084,0x08a4,
  0x1083,0x08a4,0x10a4,0x0883,0x10a4,0x0884,0x10a3,0x0884,0x10a4,0x0883,0x10a4,0x0884,0x1083,0x08a4,0x1084,0x0883,
  0x10a4,0x0884,0x10a3,0x0884,0x10a3,0x0884,0x1083,0x08a4,0x1084,0x0883,0x10a4,0x0883,0x10a4,0x0884,0x08a3,0x1084,
  0x08a3,0x1084,0x08a4,0x1084,0x0883,0x10a4,0x08a3,0x1084,0x08a4,0x0883,0x10a4,0x0883,0x10a4,0x0884,0x10a3,0x0884,
  0x10a3,0x0884,0x1084,0x08a3,0x1084,0x08a3,0x1084,0x08a4,0x1083,0x08a4,0x1083,0x0884,0x10a4,0x08a3,0x1084,0x08a3,
  0x1084,0x08a4,0x0883,0x10a4,0x08a3,0x0884,0x10a4,0x0883,0x10a4,0x0883,0x08a4,0x1084,0x08a3,0x1084,0x08a4,0x1084,
  0x0884,0x10a3,0x0884,0x1084,0x08a3,0x1084,0x08a4,0x1083,0x08a4,0x1083,0x08a4,0x0884,0x10a3,0x0884,0x1084,0x08a3,
  0x1084,0x0884,0x08a3,0x1084,0x08a4,0x1083,0x08a4,0x1084,0x08a3,0x1084,0x0883,0x08a4,0x1083,0x08a4,0x1084,0x08a3,
  0x0884,0x10a4,0x0883,0x10a4,0x0884,0x10a3,0x0884,0x10a3,0x0884,0x10a3,0x0884,0x10a4,0x0883,0x10a4,0x0884,0x08a3,
  0x1084,0x08a4,0x1083,0x08a4,0x1084,0x0883,0x10a4,0x0884,0x10a3,0x0884,0x08a4,0x1083,0x0884,0x10a4,0x0884,0x10a3,
  0x0884,0x08a3,0x1084,0x08a3,0x1084,0x08a4,0x1083,0x08a4,0x1083,0x08a4,0x1084,0x0883,0x10a4,0x0883,0x10a4,0x0884,
  0x10a3,0x0884,0x10a4,0x0883,0x10a4,0x0884,0x1083,0x08a4,0x0884,0x10a3,0x0884,0x10a4,0x0883,0x10a4,0x0883,0x10a4,
  0x0884,0x10a3,0x0884,0x10a4,0x0883,0x10a4,0x0884,0x1083,0x08a4,0x0884,0x10a3,0x0884,0x10a4,0x0883,0x10a4,0x08a4,
  0x1083,0x08a4,0x1083,0x0884,0x10a4,0x0883,0x10a4,0x0884,0x10a3,0x0884,0x08a3,0x1084,0x0884,0x10a3,0x08a4,0x1083,
  0x1084,0x08a4,0x1083,0x0884,0x1084,0x0883,0x1084,0x08a4,0x1084,0x0883,0x0883,0x08a4,0x0884,0x1084,0x08a4,0x1084,
  0x0884,0x10a4,0x10a4,0x0884,0x1084,0x10a4,0x10a4,0x08a4,0x10a4,0x0884,0x10a4,0x0884,0x10a4,0x08a4,0x0884,0x10a4,
  0x08a4,0x10a4,0x10a4,0x08a4,0x10c5,0x08a4,0x10c5,0x0884,0x10c5,0x0884,0x10a5,0x08a4,0x10a5,0x08a4,0x10a5,0x10a4,
  0x10a5,0x10c5,0x08a5,0x10a4,0x08a5,0x10c5,0x10c4,0x10a4,0x10c5,0x10a5,0x08a4,0x10c4,0x10a4,0x10a5,0x10c5,0x08c5,
  0x10a4,0x0884,0x08c4,0x10c4,0x10c5,0x1105,0x0967,0x1bee,0x1d93,0x1d94,0x1d94,0x1d94,0x2d94,0x2430,0x01a7,0x0946,
  0x0905,0x10e5,0x10a4,0x08a4,0x18c5,0x18c5,0x10c5,0x10c5,0x10e5,0x10c5,0x10c5,0x10e4,0x10c5,0x18a5,0x10a4,0x10c4,
  0x10e5,0x08e5,0x0166,0x33af,0x4512,0x3d33,0x3d33,0x3d53,0x3d12,0x2b8e,0x0905,0x10c6,0x10c5,0x10c5,0x10e5,0x10a5,
  0x10c5,0x10c5,0x10c5,0x10e5,0x10c5,0x10c5,0x18c5,0x18a5,0x10c5,0x10c5,0x10c5,0x10e5,0x0905,0x0926,0x01a8,0x24b1,
  0x1db4,0x2594,0x15b4,0x1d94,0x2d74,0x236d,0x0166,0x0905,0x10c4,0x08a4,0x10c5,0x08a5,0x10c5,0x10a4,0x18c5,0x10c5,
  0x10a4,0x10c5,0x10c5,0x0884,0x10c5,0x10a5,0x10a4,0x10a5,0x08a5,0x10c5,0x10a4,0x10a4,0x08a5,0x10c5,0x08a4,0x10a5,
  0x08a4,0x08a4,0x10c5,0x0884,0x10c5,0x08a3,0x10a5,0x08a4,0x10a4,0x08a5,0x10a4,0x08a4,0x1084,0x0884,0x10a4,0x0884,
  0x10a4,0x08a4,0x1084,0x08a4,0x10a4,0x08a4,0x0884,0x1084,0x10a4,0x08a4,0x1084,0x08a4,0x10a4,0x0884,0x10a4,0x0884,
  0x1084,0x0883,0x08a4,0x0883,0x1084,0x08a4,0x1084,0x0884,0x0884,0x08a4,0x0884,0x1083,0x0884,0x1084,0x08a4,0x0883,
  0x1084,0x0884,0x10a4,0x0883,0x1084,0x0883,0x0884,0x1083,0x0884,0x1083,0x0884,0x0883,0x1084,0x08a3,0x0884,0x0883,
  0x1084,0x0883,0x0884,0x1083,0x0884,0x0883,0x1084,0x0884,0x0883,0x08a4,0x1083,0x0884,0x0883,0x10a4,0x0883,0x1084,
  0x0883,0x0884,0x1083,0x0884,0x0883,0x1084,0x0883,0x0883,0x1084,0x0883,0x0884,0x0883,0x1084,0x0883,0x0884,0x0883,
  0x1084,0x0883,0x08a4,0x1083,0x0884,0x0883,0x1084,0x0883,0x1084,0x0883,0x0884,0x1083,0x0884,0x0883,0x1084,0x0883,
  0x0884,0x1083,0x0884,0x0883,0x1084,0x0883,0x0884,0x1083,0x0884,0x0883,0x1084,0x0883,0x0884,0x1083,0x0884,0x0883,
  0x0884,0x1083,0x0884,0x0883,0x0884,0x10a4,0x0884,0x0883,0x0884,0x10a4,0x0883,0x0884,0x1083,0x0884,0x1083,0x0884,
  0x1084,0x0883,0x0884,0x08a3,0x1084,0x0883,0x0884,0x0883,0x1084,0x0883,0x0884,0x1084,0x0883,0x0884,0x1083,0x0884,
  0x0884,0x10a3,0x0884,0x0884,0x0883,0x1084,0x0883,0x0884,0x0884,0x1083,0x08a4,0x0883,0x0884,0x1084,0x0883,0x0884,
  0x0883,0x1084,0x0883,0x0884,0x1083,0x0884,0x1083,0x0884,0x0883,0x1084,0x0883,0x1084,0x0883,0x1084,0x0883,0x08a3,
  0x1084,0x0883,0x0884,0x1083,0x0884,0x0883,0x1084,0x08a4,0x0883,0x1084,0x0883,0x1084,0x0883,0x0884,0x08a3,0x1084,
  0x0883,0x10a4,0x0883,0x0884,0x1083,0x0884,0x0883,0x1084,0x0884,0x0883,0x1084,0x0884,0x0883,0x1084,0x0883,0x1084,
  0x0883,0x0884,0x1083,0x0884,0x0883,0x0884,0x1084,0x0884,0x0883,0x0884,0x1083,0x0884,0x0883,0x0884,0x1083,0x0884,
  0x0883,0x1084,0x0883,0x0884,0x0883,0x08a4,0x1083,0x0884,0x0884,0x1083,0x0884,0x0884,0x10a3,0x0883,0x0884,0x0883,
  0x1084,0x0884,0x08a3,0x1084,0x0883,0x0884,0x1084,0x0883,0x0884,0x1083,0x0884,0x08a4,0x0883,0x1084,0x0883,0x0884,
  0x1084,0x0883,0x0884,0x1083,0x0884,0x0883,0x1084,0x0883,0x1084,0x0884,0x0883,0x0884,0x1083,0x0884,0x0883,0x1084,
  0x0883,0x0884,0x1083,0x0884,0x0884,0x1083,0x08a4,0x0883,0x1084,0x0883,0x1084,0x0883,0x0884,0x1084,0x0883,0x1084,
  0x0883,0x0884,0x10a3,0x0884,0x0883,0x1084,0x0883,0x0884,0x1084,0x0883,0x1084,0x08a3,0x1084,0x0884,0x0883,0x1084,
  0x0884,0x10a4,0x0883,0x08a4,0x1083,0x08a4,0x10a4,0x0884,0x1084,0x08a4,0x1084,0x0884,0x10a3,0x0884,0x10a4,0x08a4,
  0x08a4,0x10a4,0x0883,0x08c4,0x0884,0x0883,0x10a4,0x10a4,0x08a4,0x1084,0x08a4,0x10a4,0x10a4,0x08a4,0x10a5,0x10a4,
  0x08a4,0x1084,0x08a5,0x10a4,0x10a4,0x08a4,0x10c5,0x1083,0x10c5,0x10a4,0x10a4,0x10a4,0x10a4,0x10a5,0x10c5,0x08a4,
  0x10a5,0x08a4,0x10c5,0x10a5,0x10c4,0x10a5,0x10a5,0x10a5,0x10c5,0x10c5,0x10c4,0x10c5,0x10c5,0x18a5,0x10c5,0x10c5,
  0x10c5,0x10a4,0x08a4,0x10e4,0x10c5,0x1105,0x0967,0x1bef,0x1d94,0x2594,0x25b4,0x1d94,0x2594,0x2c4f,0x01a7,0x0925,
  0x10e5,0x10e5,0x10c5,0x08a4,0x10a5,0x18a5,0x10c5,0x10c5,0x08e5,0x08e5,0x10e5,0x10c5,0x10c5,0x18c4,0x18c4,0x18c5,
  0x18c5,0x08e5,0x0125,0x1209,0x1269,0x128a,0x12a9,0x1269,0x128a,0x09e8,0x08e5,0x18e5,0x10a4,0x10c5,0x10c5,0x10c5,
  0x10c5,0x10c5,0x10e5,0x08c5,0x08e5,0x10c6,0x18c5,0x18a5,0x10a5,0x18c4,0x10a4,0x10e5,0x0905,0x0946,0x0187,0x2cd2,
  0x1d93,0x2594,0x1594,0x1db4,0x2d74,0x1b6d,0x0986,0x0905,0x10e5,0x08a4,0x10c5,0x10a4,0x10a5,0x10c5,0x10c5,0x10a5,
  0x10c4,0x10c5,0x10c5,0x10a4,0x10c5,0x10c5,0x10a5,0x10c4,0x10a5,0x10a4,0x1085,0x10c5,0x10a4,0x10a5,0x10a4,0x10a4,
  0x10a4,0x10a4,0x10a4,0x08a4,0x10c5,0x1084,0x10c4,0x08a4,0x10a4,0x08a4,0x10a4,0x0884,0x08c5,0x1083,0x10c5,0x0884,
  0x08a4,0x10a4,0x08a4,0x10a4,0x0884,0x10a5,0x10a3,0x10a5,0x08a4,0x08a4,0x08a4,0x10a4,0x1084,0x08a4,0x1084,0x08a3,
  0x10a4,0x0884,0x1084,0x10a4,0x0884,0x10a4,0x0883,0x10a4,0x0883,0x10a4,0x0883,0x10a4,0x08a4,0x1083,0x0884,0x10a4,
  0x0883,0x08a4,0x0883,0x1084,0x08a3,0x1084,0x08a4,0x0883,0x10a4,0x0884,0x10a3,0x0884,0x08a3,0x1084,0x0883,0x10a4,
  0x0884,0x10a3,0x0884,0x10a4,0x0883,0x10a4,0x0883,0x10a4,0x0884,0x1083,0x08a4,0x1084,0x08a3,0x0884,0x1084,0x08a3,
  0x1084,0x08a4,0x0883,0x10a4,0x0884,0x08a3,0x1084,0x08a4,0x0883,0x10a4,0x0884,0x10a3,0x08a4,0x1084,0x08a3,0x1084,
  0x08a4,0x1083,0x0884,0x08a4,0x1083,0x08a4,0x0883,0x10a4,0x0884,0x10a3,0x0884,0x08a4,0x1083,0x08a4,0x1083,0x08a4,
  0x1084,0x08a3,0x1084,0x08a4,0x0883,0x10a4,0x0884,0x08a3,0x10a4,0x0884,0x08a3,0x10a4,0x0884,0x08a3,0x10a4,0x1084,
  0x08a3,0x0884,0x10a4,0x1084,0x08a3,0x0883,0x1084,0x10a3,0x0884,0x0883,0x10a4,0x0884,0x08a3,0x1084,0x08a4,0x0883,
  0x10a4,0x0883,0x10a4,0x0884,0x1083,0x08a4,0x1084,0x08a3,0x1084,0x08a4,0x1083,0x08a4,0x1083,0x08a4,0x0884,0x10a3,
  0x0884,0x0883,0x10a4,0x1083,0x08a4,0x0884,0x10a3,0x1084,0x08a3,0x0884,0x1084,0x10a3,0x0884,0x08a3,0x1084,0x10a4,
  0x0883,0x10a4,0x0884,0x10a3,0x0884,0x10a3,0x0884,0x10a4,0x0883,0x10a4,0x0883,0x08a4,0x1084,0x08a3,0x1084,0x0884,
  0x08a3,0x1084,0x08a4,0x1083,0x08a4,0x10a4,0x0883,0x1084,0x08a3,0x0884,0x10a4,0x0883,0x10a4,0x0883,0x1084,0x08a4,
  0x0883,0x0884,0x10a4,0x0883,0x10a4,0x0884,0x10a3,0x0884,0x10a3,0x0884,0x08a3,0x1084,0x08a4,0x1083,0x08a4,0x0884,
  0x10a3,0x0884,0x08a4,0x1083,0x08a4,0x1083,0x08a4,0x1083,0x08a4,0x1084,0x08a3,0x10a4,0x0884,0x10a3,0x0884,0x10a4,
  0x0883,0x08a4,0x1084,0x08a3,0x1084,0x0884,0x10a3,0x0884,0x10a3,0x0884,0x10a3,0x0884,0x0884,0x10a3,0x0884,0x10a4,
  0x0883,0x10a4,0x0883,0x1084,0x08a4,0x1083,0x08a4,0x1084,0x08a3,0x0884,0x10a3,0x0884,0x1084,0x08a3,0x1084,0x08a3,
  0x0884,0x10a3,0x0884,0x08a4,0x1083,0x08a4,0x08a4,0x1083,0x08a4,0x1083,0x08a4,0x1083,0x08a4,0x1084,0x08a3,0x0884,
  0x10a4,0x0883,0x10a4,0x0883,0x10a4,0x0883,0x1084,0x08a4,0x1083,0x08a4,0x0884,0x10a3,0x0884,0x08a3,0x1084,0x08a3,
  0x1084,0x08a4,0x0883,0x1084,0x08a4,0x0883,0x10a4,0x0883,0x08a4,0x1084,0x08a3,0x0884,0x0883,0x10a4,0x0884,0x08a3,
  0x0883,0x10a5,0x0884,0x1083,0x10a5,0x0884,0x1084,0x0883,0x08a3,0x1084,0x0883,0x10a4,0x0883,0x0884,0x08a4,0x1084,
  0x0883,0x08a4,0x08a4,0x1084,0x08a4,0x10a5,0x0884,0x10a4,0x08a4,0x10a4,0x10a4,0x08a5,0x10a4,0x0884,0x08a4,0x0884,
  0x10a4,0x08a4,0x10a4,0x08a4,0x10a5,0x10a4,0x10a4,0x08a4,0x10a4,0x08a4,0x10a4,0x08a5,0x10a5,0x10c5,0x10a5,0x10a4,
  0x10c5,0x10c5,0x10a4,0x10a4,0x08a4,0x10a5,0x10c5,0x10c5,0x10c4,0x10c5,0x10c5,0x10e4,0x10c5,0x10c5,0x18c4,0x08c5,
  0x10c5,0x10c4,0x10a4,0x08a4,0x10a4,0x1105,0x0966,0x1bce,0x1db4,0x1d94,0x2594,0x1d94,0x2553,0x2c70,0x01c7,0x0146,
  0x0905,0x0905,0x08e4,0x10c4,0x10a5,0x18c5,0x18a4,0x10c5,0x08e5,0x08e5,0x08e5,0x10e4,0x10e5,0x10a5,0x18c5,0x18c5,
  0x10a5,0x10c5,0x0906,0x0125,0x0124,0x0166,0x0187,0x0165,0x0166,0x0146,0x1105,0x20e6,0x18c5,0x10e5,0x08e5,0x10c4,
  0x10c5,0x10e5,0x10e5,0x08e5,0x08e5,0x10c5,0x10c5,0x18a5,0x18c4,0x10c5,0x18c5,0x08e5,0x0925,0x0146,0x01a7,0x2cd2,
  0x25b4,0x1d94,0x1d94,0x1d93,0x2d74,0x236d,0x0166,0x0905,0x10e4,0x1084,0x10c4,0x08a5,0x10c5,0x10a5,0x10a4,0x10c5,
  0x10e4,0x08c5,0x10c5,0x18c5,0x10c5,0x10a4,0x08a4,0x10a4,0x08a5,0x10a4,0x10c5,0x10c5,0x08a4,0x10c5,0x10a5,0x08a4,
  0x10a5,0x08a4,0x10a5,0x10a4,0x10a4,0x08a4,0x10a5,0x10a4,0x10c5,0x10a4,0x10a4,0x10a4,0x0884,0x10c5,0x0884,0x10a3,
  0x08a4,0x10a5,0x10a4,0x10a4,0x10a4,0x08a4,0x0884,0x1084,0x10a4,0x0884,0x10a4,0x08a4,0x1084,0x0884,0x10a4,0x0884,
  0x10a5,0x1083,0x0884,0x08a3,0x1084,0x0884,0x0883,0x10a5,0x0884,0x1083,0x0884,0x0884,0x1084,0x08a4,0x0883,0x1084,
  0x0883,0x1084,0x0884,0x08a3,0x1084,0x0883,0x10a4,0x0884,0x0883,0x10a4,0x0883,0x1084,0x0884,0x10a3,0x0884,0x0883,
  0x1084,0x0884,0x08a3,0x1084,0x0883,0x0884,0x10a4,0x0883,0x0884,0x10a3,0x0884,0x0883,0x1084,0x0883,0x08a4,0x1083,
  0x0884,0x1083,0x08a4,0x1083,0x0884,0x10a3,0x0884,0x1083,0x08a4,0x1083,0x0884,0x1084,0x0883,0x0884,0x10a4,0x0883,
  0x0884,0x10a4,0x0883,0x1084,0x0883,0x1084,0x0884,0x08a3,0x1084,0x0883,0x10a4,0x0883,0x1084,0x0884,0x08a4,0x1083,
  0x0884,0x08a3,0x0884,0x1083,0x08a4,0x1083,0x0884,0x1084,0x0883,0x1084,0x0883,0x1084,0x0883,0x1084,0x0883,0x0884,
  0x10a4,0x0883,0x0883,0x0884,0x1084,0x08a4,0x0883,0x0884,0x10a3,0x0884,0x1083,0x0884,0x1084,0x08a3,0x1084,0x0883,
  0x0884,0x10a4,0x0883,0x1084,0x0883,0x0884,0x10a3,0x0884,0x0883,0x1084,0x08a3,0x0884,0x1084,0x0883,0x10a4,0x0883,
  0x1084,0x08a4,0x0883,0x0884,0x1083,0x08a4,0x0884,0x0883,0x1084,0x08a3,0x0884,0x0884,0x1083,0x0884,0x08a3,0x0884,
  0x1084,0x08a3,0x1084,0x0884,0x0883,0x1084,0x08a3,0x0884,0x1084,0x08a3,0x1084,0x0883,0x08a4,0x1084,0x0883,0x10a4,
  0x0884,0x1083,0x0884,0x08a3,0x1084,0x0883,0x0884,0x10a3,0x0884,0x1083,0x0884,0x0884,0x1083,0x08a4,0x0883,0x1084,
  0x08a4,0x1083,0x0884,0x1083,0x0884,0x08a3,0x1084,0x0883,0x0884,0x10a4,0x0883,0x1084,0x0883,0x08a4,0x1083,0x0884,
  0x1084,0x08a3,0x1084,0x0883,0x10a4,0x0884,0x0883,0x10a4,0x0883,0x0884,0x1084,0x0883,0x1084,0x08a3,0x0884,0x1083,
  0x08a4,0x1083,0x0884,0x1084,0x08a3,0x1084,0x0883,0x0884,0x1084,0x08a3,0x0884,0x1083,0x08a4,0x1084,0x0883,0x0884,
  0x10a3,0x0884,0x0884,0x10a3,0x0884,0x0883,0x1084,0x08a3,0x1084,0x0884,0x1083,0x08a4,0x0883,0x1084,0x08a4,0x1083,
  0x0884,0x10a4,0x0883,0x1084,0x08a4,0x1083,0x0884,0x0883,0x1084,0x08a4,0x1083,0x0884,0x08a3,0x1084,0x0884,0x10a3,
  0x0884,0x1084,0x0883,0x0884,0x1083,0x08a4,0x0883,0x1084,0x0884,0x1083,0x08a4,0x1083,0x0884,0x1084,0x08a3,0x0884,
  0x0883,0x1084,0x0884,0x10a3,0x0884,0x1083,0x08a4,0x1084,0x0883,0x08a4,0x1083,0x1084,0x08a4,0x1083,0x0884,0x1084,
  0x0884,0x10a3,0x0884,0x0884,0x10a3,0x0884,0x08a3,0x1084,0x0884,0x10a3,0x0884,0x08a5,0x0884,0x1083,0x0884,0x10a4,
  0x10a4,0x0884,0x10a4,0x08a4,0x0884,0x10a3,0x08a4,0x10a5,0x10a4,0x08a5,0x1084,0x08a3,0x10a5,0x0884,0x10a4,0x10a5,
  0x10a4,0x10a4,0x10a4,0x10a4,0x08a5,0x08a4,0x10c5,0x0884,0x10c5,0x08a4,0x10a4,0x08a4,0x10a4,0x08a4,0x10a5,0x08a4,
  0x10c5,0x0884,0x10c5,0x10a5,0x10a5,0x08a4,0x10a4,0x10c5,0x1084,0x10c5,0x10c5,0x10c4,0x10c5,0x10a5,0x10a5,0x08c5,
  0x10c5,0x0883,0x08a4,0x10c4,0x10c5,0x0905,0x0147,0x23cf,0x2594,0x1d94,0x1d94,0x1dd4,0x1d73,0x2c71,0x01e7,0x09a7,
  0x1146,0x1125,0x08e5,0x10e5,0x10c5,0x18c5,0x10c5,0x08c5,0x10e5,0x08e4,0x08e5,0x08e5,0x10e5,0x10e5,0x10c5,0x10a5,
  0x10e5,0x10e6,0x10e5,0x0905,0x0947,0x1166,0x0126,0x0146,0x0165,0x0905,0x08c5,0x10a4,0x10c5,0x08c5,0x08e5,0x10e5,
  0x10e5,0x10c5,0x08e5,0x08e5,0x0905,0x08e5,0x10c5,0x18c5,0x10a5,0x10c5,0x10e5,0x1105,0x0947,0x0967,0x0208,0x1cb1,
  0x1dd4,0x1d73,0x1db5,0x1db4,0x2d54,0x1b6d,0x0186,0x0905,0x10a4,0x0884,0x10c5,0x10c5,0x10c5,0x10c5,0x18c5,0x10c5,
  0x10c5,0x10a5,0x0883,0x10c5,0x10c5,0x10c5,0x10a5,0x10c5,0x10c5,0x08a4,0x10a5,0x0884,0x10a5,0x08a4,0x10a5,0x10a4,
  0x08a4,0x10a4,0x08a5,0x08a4,0x10c5,0x0883,0x10c5,0x0884,0x10a4,0x0884,0x0884,0x08a4,0x08a4,0x1083,0x10c5,0x0884,
  0x10a5,0x08a3,0x0884,0x10a5,0x0884,0x10a5,0x1083,0x08a5,0x08a4,0x10a5,0x0884,0x08a4,0x10a4,0x1084,0x0884,0x1083,
  0x0884,0x08a3,0x1084,0x0884,0x08a3,0x08a4,0x1084,0x0884,0x10a3,0x0884,0x10a5,0x08a3,0x1084,0x0883,0x10a4,0x0883,
  0x08a4,0x1083,0x08a4,0x1084,0x0883,0x08a4,0x1083,0x0884,0x10a3,0x0884,0x0884,0x10a3,0x0884,0x0884,0x10a3,0x0884,
  0x10a3,0x0884,0x1083,0x08a4,0x1084,0x08a3,0x0884,0x1083,0x08a4,0x0884,0x1083,0x08a4,0x1084,0x08a3,0x1084,0x0884,
  0x08a3,0x1084,0x0884,0x08a3,0x1084,0x0884,0x10a3,0x0884,0x1084,0x08a4,0x0883,0x08a4,0x1083,0x08a4,0x1083,0x0884,
  0x10a3,0x0884,0x0883,0x10a4,0x0884,0x08a3,0x1084,0x0883,0x08a4,0x1084,0x0883,0x08a4,0x1083,0x08a4,0x1083,0x0884,
  0x10a3,0x0884,0x1084,0x08a3,0x1084,0x0884,0x08a3,0x1084,0x08a3,0x0884,0x10a4,0x0883,0x10a4,0x0884,0x10a3,0x0884,
  0x1083,0x08a4,0x1084,0x08a3,0x1084,0x0883,0x10a4,0x0884,0x1084,0x08a3,0x0884,0x10a3,0x0884,0x0883,0x10a4,0x0884,
  0x10a3,0x0884,0x0883,0x08a4,0x1084,0x08a3,0x1084,0x0884,0x10a3,0x0884,0x1084,0x08a3,0x0884,0x10a3,0x0884,0x0884,
  0x10a3,0x0884,0x1083,0x08a4,0x1084,0x0883,0x10a4,0x0883,0x10a4,0x0884,0x1083,0x08a4,0x1084,0x08a3,0x1084,0x0883,
  0x10a4,0x0883,0x0884,0x10a3,0x0884,0x08a4,0x1084,0x0883,0x08a4,0x1084,0x0883,0x10a4,0x0883,0x0884,0x10a3,0x0884,
  0x0883,0x10a4,0x0883,0x1084,0x0884,0x10a3,0x0884,0x0884,0x1084,0x08a3,0x1084,0x08a3,0x0884,0x1084,0x08a4,0x1083,
  0x0884,0x1083,0x08a4,0x0884,0x10a3,0x0884,0x0884,0x10a4,0x0883,0x1084,0x08a4,0x0883,0x10a4,0x0884,0x1083,0x08a4,
  0x0883,0x1084,0x08a3,0x0884,0x1083,0x08a4,0x1084,0x0883,0x10a4,0x0883,0x08a4,0x1083,0x08a4,0x1084,0x0883,0x10a4,
  0x0884,0x0883,0x10a4,0x0883,0x0884,0x10a3,0x0884,0x10a3,0x0884,0x1084,0x08a3,0x1084,0x0883,0x08a4,0x1083,0x08a4,
  0x1084,0x0883,0x10a4,0x0883,0x1084,0x08a4,0x0883,0x1084,0x08a3,0x0884,0x10a4,0x0883,0x1084,0x08a3,0x0884,0x1084,
  0x08a3,0x0884,0x1083,0x08a4,0x1083,0x0884,0x10a3,0x0884,0x08a3,0x1084,0x0884,0x10a3,0x0884,0x0883,0x10a4,0x0883,
  0x0884,0x10a3,0x0884,0x10a4,0x0884,0x1083,0x08a4,0x0883,0x10a4,0x0883,0x0884,0x10a4,0x0883,0x08a4,0x1084,0x0883,
  0x10a4,0x0883,0x10a4,0x0883,0x1084,0x08a4,0x0883,0x1084,0x08a3,0x1084,0x0884,0x08a3,0x1084,0x0883,0x08a4,0x1083,
  0x0884,0x1084,0x08a3,0x1084,0x0884,0x1083,0x0884,0x10a3,0x0884,0x0884,0x1083,0x0884,0x10a3,0x0884,0x10a4,0x0884,
  0x08a4,0x08a4,0x08a4,0x0884,0x10a3,0x10a5,0x0883,0x0884,0x10a3,0x08a4,0x10a4,0x08a5,0x08a4,0x10c4,0x0884,0x0883,
  0x0884,0x08a4,0x1084,0x08a5,0x10a4,0x10a4,0x0884,0x10c4,0x1084,0x10a4,0x08a4,0x10c5,0x10a5,0x10a5,0x10c4,0x10c5,
  0x10c5,0x10c4,0x10a5,0x08a4,0x10c5,0x10a5,0x10c5,0x10c5,0x10c5,0x10c5,0x10c4,0x10c4,0x10c5,0x18a5,0x10c5,0x10c5,
  0x10c5,0x0884,0x10e4,0x10c4,0x08a4,0x1105,0x0967,0x1bee,0x1db3,0x1d94,0x1d94,0x1dd5,0x1d94,0x2490,0x01e7,0x01a6,
  0x0966,0x0946,0x0925,0x0925,0x10e5,0x10e5,0x10e5,0x10e5,0x10e5,0x08e5,0x1104,0x08e5,0x10e5,0x10e4,0x08e5,0x10e5,
  0x1105,0x1105,0x0906,0x0905,0x1125,0x00c4,0x0905,0x0926,0x0946,0x0905,0x1126,0x1906,0x1906,0x08e5,0x0925,0x0905,
  0x08e5,0x10c4,0x10e4,0x08e5,0x0905,0x0906,0x10e5,0x10e5,0x18e5,0x10e5,0x1905,0x0946,0x0986,0x01a7,0x0208,0x1cf2,
  0x1593,0x1db5,0x1db4,0x1594,0x2d73,0x236d,0x0166,0x0905,0x10e5,0x08a3,0x10c5,0x0884,0x10c5,0x10a5,0x10c5,0x10a5,
  0x10e4,0x10c5,0x10c5,0x10c5,0x10a4,0x08a4,0x10a4,0x08a4,0x10a5,0x10a5,0x10c5,0x10c4,0x10a5,0x10a4,0x08a4,0x10a5,
  0x10a4,0x08a4,0x10c4,0x1084,0x10c5,0x0884,0x10c4,0x10a4,0x08a5,0x10a4,0x10a4,0x10c5,0x0884,0x10c5,0x0884,0x10c4,
  0x10a4,0x10a5,0x10a4,0x08a4,0x1084,0x0883,0x10c5,0x0884,0x1084,0x10a4,0x08a4,0x10a4,0x08a4,0x0884,0x10a5,0x08a4,
  0x10a5,0x1083,0x08a4,0x1084,0x1084,0x0884,0x08a3,0x1084,0x0884,0x08a3,0x1084,0x0883,0x0884,0x10a3,0x0884,0x1084,
  0x0883,0x08a4,0x1083,0x0884,0x10a4,0x0883,0x0884,0x10a4,0x0883,0x1084,0x08a3,0x0884,0x1083,0x08a4,0x1084,0x0883,
  0x0884,0x10a4,0x0883,0x0884,0x0883,0x1084,0x08a3,0x1084,0x0883,0x1084,0x08a4,0x1083,0x0884,0x0884,0x10a3,0x0884,
  0x1084,0x08a3,0x1084,0x0884,0x08a3,0x1084,0x0884,0x0883,0x08a4,0x1083,0x0884,0x1083,0x08a4,0x1083,0x0884,0x08a4,
  0x1083,0x0884,0x10a4,0x0883,0x1084,0x0883,0x10a4,0x0884,0x1083,0x08a4,0x1084,0x0883,0x0884,0x1083,0x08a4,0x0884,
  0x0883,0x1084,0x08a3,0x0884,0x0883,0x10a4,0x0883,0x0884,0x1084,0x08a3,0x0884,0x1084,0x08a3,0x0884,0x0884,0x10a3,
  0x0884,0x0883,0x1084,0x08a3,0x0884,0x1084,0x0883,0x10a3,0x0884,0x1084,0x0883,0x0884,0x10a4,0x0884,0x0883,0x1084,
  0x0883,0x10a4,0x0884,0x1083,0x08a4,0x0884,0x1083,0x08a4,0x0884,0x1083,0x08a4,0x1083,0x0884,0x0884,0x10a3,0x0884,
  0x1083,0x0884,0x10a4,0x0883,0x0884,0x10a3,0x0884,0x1084,0x0883,0x10a4,0x0883,0x1084,0x08a3,0x1084,0x0884,0x10a3,
  0x0884,0x0884,0x10a3,0x0884,0x1083,0x0884,0x10a3,0x0884,0x1083,0x08a4,0x0884,0x0883,0x1084,0x08a4,0x0883,0x1084,
  0x08a4,0x0883,0x1084,0x08a3,0x0884,0x0884,0x10a3,0x0884,0x08a3,0x1084,0x0884,0x1083,0x08a4,0x1083,0x0884,0x08a3,
  0x1084,0x08a4,0x1083,0x0884,0x0884,0x10a3,0x0883,0x1084,0x08a3,0x0884,0x1083,0x0884,0x1083,0x08a4,0x0884,0x1083,
  0x08a4,0x0884,0x1084,0x08a3,0x0884,0x1083,0x08a4,0x0884,0x1083,0x0884,0x1084,0x08a3,0x0884,0x0883,0x10a4,0x0883,
  0x1084,0x08a4,0x0883,0x10a4,0x0884,0x0884,0x1083,0x0884,0x08a3,0x0884,0x1084,0x08a3,0x1084,0x0884,0x1083,0x0884,
  0x0883,0x10a4,0x0883,0x0884,0x08a3,0x1084,0x0884,0x08a3,0x1084,0x0883,0x0884,0x10a3,0x0884,0x1084,0x0883,0x08a4,
  0x1083,0x0884,0x08a4,0x1083,0x0884,0x0884,0x1084,0x08a3,0x1084,0x0883,0x08a4,0x0884,0x1083,0x08a4,0x0884,0x1083,
  0x08a4,0x0884,0x1083,0x08a3,0x0884,0x0884,0x1083,0x08a4,0x0884,0x1083,0x08a4,0x0883,0x1084,0x0883,0x10a4,0x0884,
  0x1083,0x0884,0x0884,0x08a3,0x0884,0x1083,0x08a4,0x1083,0x0884,0x0883,0x10a4,0x0883,0x0884,0x10a4,0x0883,0x0884,
  0x08a3,0x1085,0x0883,0x08a4,0x08a4,0x0884,0x10a4,0x0884,0x10a4,0x0883,0x10a4,0x0884,0x10a5,0x0883,0x10a4,0x10a4,
  0x10a4,0x0884,0x10a4,0x08a4,0x0884,0x10a4,0x08a4,0x10a5,0x10a4,0x10a4,0x08a4,0x1084,0x10a4,0x0884,0x08c5,0x10a4,
  0x10a4,0x1084,0x08a4,0x10a4,0x10a4,0x08a4,0x10c5,0x10a4,0x08a5,0x10a4,0x10a4,0x0884,0x10a4,0x08a4,0x10c5,0x0884,
  0x10c5,0x08a4,0x10a5,0x10a4,0x10a4,0x08a4,0x10a5,0x10c4,0x10a5,0x08a4,0x10c5,0x10c5,0x08a4,0x10a5,0x10c5,0x08c5,
  0x10c4,0x10a4,0x08a4,0x10c4,0x10a4,0x08e5,0x0946,0x1bce,0x1d94,0x1dd5,0x1594,0x15f3,0x1db4,0x1c90,0x0aca,0x01e8,
  0x0986,0x0966,0x0945,0x0125,0x1106,0x1105,0x10e6,0x08e5,0x1105,0x1105,0x1105,0x1105,0x0905,0x1106,0x0925,0x0905,
  0x0905,0x1106,0x1146,0x1126,0x1126,0x1126,0x1926,0x1125,0x0926,0x0925,0x1146,0x08e5,0x0905,0x0925,0x0125,0x0925,
  0x0905,0x18e5,0x10e5,0x0925,0x0925,0x0105,0x1106,0x0906,0x1105,0x1126,0x0925,0x0966,0x0187,0x01c7,0x0aeb,0x1d12,
  0x15f4,0x1db4,0x1573,0x1db4,0x2d74,0x1b6d,0x0165,0x08e5,0x10a4,0x0884,0x10c5,0x10c4,0x10c5,0x10a5,0x18a4,0x10c5,
  0x10c5,0x10c5,0x10c5,0x10a5,0x10c5,0x10c5,0x10c5,0x10a4,0x10a5,0x08a4,0x10a5,0x0884,0x10c5,0x10a5,0x10a5,0x10a4,
  0x08a4,0x10a5,0x10a4,0x08a4,0x10a4,0x10a4,0x10a5,0x08a4,0x10a4,0x10a4,0x08a4,0x0884,0x08c4,0x1084,0x08a3,0x0884,
  0x08a4,0x08a4,0x10a4,0x10a4,0x0884,0x10a5,0x0883,0x10a5,0x08a3,0x10a4,0x10a4,0x0884,0x1084,0x10a4,0x0883,0x1084,
  0x0883,0x0884,0x1084,0x08a4,0x0883,0x10a4,0x0884,0x08a4,0x1084,0x0883,0x08a4,0x08a4,0x1084,0x0884,0x0883,0x10a4,
  0x0884,0x1083,0x08a4,0x0883,0x1084,0x0884,0x10a3,0x0884,0x0884,0x08a3,0x1084,0x0884,0x10a3,0x0884,0x0883,0x10a4,
  0x0883,0x0884,0x10a4,0x0883,0x10a4,0x0884,0x1084,0x08a3,0x0884,0x10a3,0x0884,0x0883,0x10a4,0x0883,0x0884,0x10a3,
  0x0884,0x0883,0x08a4,0x1083,0x0884,0x08a3,0x1084,0x08a3,0x1084,0x0883,0x10a4,0x0884,0x0883,0x0884,0x10a3,0x0884,
  0x0884,0x10a3,0x0884,0x0883,0x10a4,0x0884,0x0883,0x10a4,0x0883,0x0884,0x1083,0x08a4,0x1084,0x08a3,0x1084,0x0883,
  0x10a4,0x0884,0x1083,0x08a4,0x1084,0x0883,0x10a4,0x0883,0x10a4,0x0883,0x1084,0x08a3,0x1084,0x0883,0x10a4,0x0883,
  0x1084,0x08a4,0x0883,0x1084,0x08a3,0x1084,0x08a4,0x0884,0x1083,0x08a4,0x1084,0x08a3,0x1083,0x0884,0x10a3,0x0884,
  0x08a4,0x1083,0x0884,0x10a3,0x0884,0x1083,0x0884,0x1083,0x08a4,0x0883,0x1084,0x08a4,0x1083,0x0884,0x1083,0x08a4,
  0x0884,0x10a3,0x0884,0x1083,0x08a4,0x1084,0x0883,0x08a4,0x1083,0x0884,0x08a4,0x0883,0x1084,0x0883,0x08a4,0x0884,
  0x1083,0x0884,0x1084,0x08a3,0x0884,0x10a3,0x0884,0x0883,0x10a4,0x0883,0x1084,0x08a4,0x1083,0x0884,0x10a4,0x0883,
  0x1084,0x08a4,0x0883,0x1084,0x08a3,0x1084,0x0883,0x1084,0x0883,0x08a4,0x1083,0x08a4,0x0883,0x1084,0x08a3,0x1084,
  0x0883,0x0884,0x08a3,0x1084,0x08a3,0x1084,0x0884,0x08a3,0x1084,0x0883,0x10a4,0x0884,0x08a3,0x1084,0x0883,0x10a4,
  0x0883,0x1083,0x08a4,0x1084,0x0883,0x08a4,0x1083,0x0884,0x08a4,0x1083,0x08a4,0x1083,0x0884,0x10a4,0x0883,0x0884,
  0x10a3,0x0884,0x1083,0x0884,0x10a3,0x0884,0x08a4,0x1083,0x0884,0x10a3,0x0884,0x0884,0x10a3,0x0884,0x08a3,0x1084,
  0x08a4,0x0883,0x1084,0x0884,0x1084,0x08a3,0x1084,0x0883,0x10a4,0x0884,0x1083,0x0884,0x08a3,0x1084,0x08a3,0x1084,
  0x0884,0x10a3,0x0884,0x0883,0x10a4,0x0883,0x08a4,0x1084,0x0883,0x10a4,0x0883,0x1084,0x0884,0x1083,0x08a4,0x1084,
  0x0883,0x10a4,0x0884,0x1084,0x08a3,0x1084,0x08a4,0x1083,0x0884,0x10a3,0x0884,0x1084,0x08a3,0x1084,0x0883,0x08a4,
  0x0884,0x10a3,0x1084,0x0884,0x10a3,0x0884,0x1084,0x08a4,0x1083,0x08a4,0x1084,0x0883,0x1084,0x0883,0x10a4,0x0883,
  0x1084,0x08a3,0x1084,0x1084,0x0883,0x10a4,0x0883,0x1084,0x0883,0x0884,0x10a4,0x0883,0x1084,0x08a4,0x1084,0x0884,
  0x08a4,0x08a4,0x0884,0x08a4,0x1083,0x08a5,0x10a3,0x08a4,0x1084,0x08a4,0x1084,0x08a4,0x1084,0x10a4,0x10a4,0x0884,
  0x10a4,0x08a4,0x10a4,0x10a5,0x08a4,0x10a4,0x10a4,0x10a4,0x08a4,0x10a4,0x08a4,0x10a4,0x10c5,0x10a5,0x10c5,0x10a4,
  0x10a5,0x10c4,0x10a5,0x10a5,0x10a5,0x10a5,0x10c5,0x10a4,0x10c5,0x10a5,0x10c5,0x10e4,0x10c5,0x18c5,0x10c5,0x10c5,
  0x10c5,0x10c4,0x10a4,0x10c4,0x08a4,0x10e5,0x0146,0x1bcf,0x2594,0x1db3,0x0db4,0x0dd4,0x15b4,0x2533,0x2c50,0x12aa,
  0x09e7,0x01c7,0x09a7,0x0986,0x0946,0x0946,0x0946,0x1146,0x1126,0x1126,0x1146,0x0946,0x0946,0x0966,0x0966,0x0987,
  0x0945,0x0966,0x0966,0x1146,0x0946,0x1166,0x0926,0x1146,0x0986,0x0966,0x0966,0x0966,0x1166,0x0966,0x0186,0x0966,
  0x0946,0x1126,0x1126,0x1146,0x0967,0x0166,0x0946,0x0946,0x1146,0x0966,0x1186,0x09a7,0x0a08,0x1acb,0x2c50,0x1d53,
  0x0dd4,0x15d4,0x1594,0x1d94,0x2d53,0x236c,0x0146,0x0905,0x10e4,0x10a4,0x10c5,0x10a5,0x10c5,0x10c5,0x10c5,0x10c5,
  0x08a4,0x10c4,0x10c5,0x08a4,0x10c5,0x10a4,0x08a5,0x10a5,0x10a4,0x10a5,0x10c4,0x10c5,0x1084,0x10c5,0x08a4,0x10c5,
  0x10a4,0x10a4,0x08a4,0x10a5,0x08a4,0x10a4,0x08a4,0x10a4,0x08a4,0x10a4,0x10a5,0x10a4,0x08a4,0x10a4,0x0884,0x10c5,
  0x10a4,0x0884,0x10a4,0x08a4,0x10a4,0x0884,0x10a4,0x0884,0x10a4,0x08a4,0x10a5,0x10a4,0x08a4,0x10a4,0x0884,0x08a4,
  0x10a4,0x0884,0x10a3,0x0884,0x10a4,0x0884,0x1084,0x0883,0x08a4,0x1084,0x1084,0x0884,0x10a3,0x0884,0x10a4,0x0883,
  0x1084,0x08a4,0x1083,0x0884,0x08a3,0x1084,0x0883,0x1084,0x08a3,0x1084,0x0883,0x10a4,0x0883,0x1084,0x08a4,0x1083,
  0x0884,0x10a3,0x0884,0x1084,0x0883,0x10a3,0x0884,0x1084,0x0883,0x0884,0x10a4,0x0883,0x1084,0x08a4,0x1083,0x0884,
  0x10a3,0x0884,0x1083,0x0884,0x10a4,0x0883,0x1084,0x0884,0x1083,0x08a4,0x0883,0x1084,0x10a4,0x0884,0x1083,0x0884,
  0x10a3,0x0884,0x1083,0x08a4,0x0883,0x10a4,0x0883,0x1084,0x08a4,0x1083,0x08a4,0x0883,0x1084,0x0884,0x08a3,0x1084,
  0x0883,0x08a4,0x1084,0x0883,0x1084,0x08a4,0x1083,0x0884,0x0884,0x10a3,0x0884,0x0884,0x1083,0x08a4,0x0883,0x1084,
  0x08a3,0x1084,0x0884,0x10a3,0x0884,0x0883,0x1084,0x08a3,0x0884,0x1083,0x08a4,0x0884,0x1084,0x08a3,0x0884,0x1083,
  0x0884,0x10a3,0x0884,0x0884,0x1083,0x08a4,0x0883,0x10a4,0x0884,0x1083,0x08a4,0x0883,0x1084,0x08a3,0x0884,0x1083,
  0x0884,0x0883,0x10a4,0x0884,0x0883,0x1084,0x08a3,0x1084,0x0884,0x10a3,0x0884,0x1083,0x08a4,0x1084,0x0883,0x1084,
  0x08a3,0x1084,0x08a3,0x1084,0x0884,0x0884,0x10a3,0x0884,0x0884,0x1083,0x08a4,0x1083,0x0884,0x10a3,0x0884,0x0883,
  0x1084,0x0883,0x10a4,0x0884,0x1083,0x08a4,0x1084,0x08a3,0x1084,0x0884,0x0883,0x1084,0x08a4,0x1083,0x0884,0x0884,
  0x10a3,0x0884,0x1084,0x0883,0x1084,0x08a3,0x1084,0x0884,0x10a3,0x0884,0x0883,0x10a4,0x0884,0x1083,0x08a4,0x0884,
  0x1084,0x08a4,0x0883,0x1084,0x08a4,0x1083,0x0884,0x10a3,0x0884,0x1083,0x0884,0x08a4,0x1083,0x0884,0x1084,0x08a3,
  0x0884,0x1084,0x08a3,0x0884,0x1083,0x0884,0x1083,0x08a4,0x1084,0x0883,0x10a4,0x0883,0x0884,0x1083,0x0884,0x10a3,
  0x0884,0x1084,0x08a3,0x1084,0x08a3,0x1084,0x0883,0x10a4,0x0883,0x0884,0x10a4,0x0883,0x1084,0x0884,0x0883,0x10a4,
  0x0883,0x0884,0x1083,0x08a4,0x1083,0x0884,0x1083,0x08a4,0x0884,0x1083,0x0884,0x10a3,0x0884,0x10a3,0x0884,0x0883,
  0x1084,0x0883,0x08a3,0x1084,0x0883,0x0884,0x1083,0x08a4,0x1083,0x0884,0x08a3,0x1084,0x0884,0x08a3,0x1084,0x0883,
  0x1084,0x0883,0x08a4,0x1083,0x0884,0x10a3,0x0884,0x0883,0x1084,0x0883,0x0884,0x10a4,0x0883,0x08a4,0x1084,0x0884,
  0x0884,0x1084,0x08a4,0x0883,0x10a4,0x0884,0x0884,0x10a4,0x0884,0x10a4,0x0884,0x10a3,0x0884,0x0884,0x10a4,0x0884,
  0x1084,0x0883,0x10a4,0x08a4,0x0884,0x10a4,0x0884,0x10a4,0x0884,0x10a4,0x0884,0x10a5,0x08a3,0x08a4,0x10a4,0x0884,
  0x10a4,0x0884,0x10a4,0x08a4,0x10a4,0x08a4,0x10a5,0x08a4,0x10a4,0x10a5,0x10a4,0x08a5,0x10a4,0x08a4,0x10a4,0x0884,
  0x10a5,0x0884,0x10a4,0x08a4,0x10a4,0x08a4,0x10a5,0x10a4,0x10c5,0x10a4,0x08a4,0x10c5,0x10c5,0x10a5,0x10c5,0x10c5,
  0x10a5,0x08a4,0x10c4,0x08c5,0x08c4,0x0905,0x0926,0x12ca,0x34f2,0x2574,0x15b4,0x15d4,0x1dd4,0x2593,0x2d74,0x2450,
  0x136d,0x134c,0x132c,0x132c,0x132c,0x132c,0x130c,0x130c,0x130b,0x130c,0x130c,0x130b,0x132c,0x130c,0x132b,0x132c,
  0x132c,0x132c,0x130c,0x132c,0x130b,0x130c,0x1b2c,0x130b,0x132c,0x132c,0x132c,0x130c,0x130c,0x132c,0x132c,0x132c,
  0x132c,0x1b0c,0x130b,0x132c,0x130c,0x132c,0x130c,0x1aec,0x130c,0x132c,0x132c,0x134c,0x138d,0x2471,0x2d53,0x25d5,
  0x0572,0x1df5,0x1593,0x2593,0x34d1,0x128a,0x0145,0x08e5,0x08c5,0x10a4,0x10c5,0x08a4,0x10c5,0x10a5,0x10c5,0x10a5,
  0x10c5,0x10a4,0x10a5,0x10a4,0x10c5,0x10a4,0x10a5,0x08a4,0x10a4,0x08a4,0x10a5,0x08a4,0x10a4,0x08a4,0x10a5,0x10a4,
  0x08a4,0x10a5,0x10a4,0x08a4,0x10c5,0x0884,0x10c5,0x1084,0x10a4,0x08a4,0x0884,0x10a4,0x10a4,0x08a4,0x1084,0x08a4,
  0x10a4,0x08a4,0x10a4,0x0884,0x10a4,0x10a4,0x0884,0x10a4,0x1084,0x08a4,0x10a4,0x08a4,0x1084,0x0884,0x08a4,0x1084,
  0x0884,0x10a4,0x0884,0x1084,0x0883,0x10a4,0x0884,0x08a4,0x1083,0x08a4,0x0884,0x1083,0x0884,0x10a4,0x0883,0x0884,
  0x08a3,0x0884,0x1084,0x0883,0x1084,0x08a4,0x0883,0x0884,0x1084,0x0883,0x0884,0x0884,0x0883,0x1084,0x0883,0x0884,
  0x10a4,0x0883,0x0884,0x10a3,0x0884,0x0884,0x08a3,0x0884,0x10a4,0x0883,0x1084,0x0883,0x08a4,0x1083,0x0884,0x0884,
  0x0883,0x1084,0x08a4,0x0883,0x1084,0x0883,0x08a4,0x1083,0x0884,0x1084,0x08a3,0x0884,0x0883,0x10a4,0x0883,0x0884,
  0x1084,0x0883,0x0884,0x1084,0x0883,0x1084,0x0884,0x0883,0x1084,0x0884,0x1083,0x08a4,0x0883,0x1084,0x0884,0x08a3,
  0x1084,0x0883,0x0884,0x10a3,0x0884,0x0883,0x0884,0x10a3,0x0884,0x0884,0x1083,0x08a4,0x0883,0x1084,0x0884,0x0884,
  0x0883,0x10a4,0x0883,0x0884,0x1084,0x08a3,0x1084,0x0883,0x1084,0x08a3,0x1084,0x0883,0x0884,0x1083,0x08a4,0x1084,
  0x0883,0x0884,0x1083,0x08a4,0x0884,0x1083,0x0884,0x0883,0x10a4,0x0884,0x1083,0x0884,0x08a4,0x1084,0x0883,0x10a4,
  0x0884,0x10a3,0x0884,0x1083,0x08a4,0x0883,0x1084,0x0883,0x08a4,0x0883,0x1084,0x0884,0x0883,0x10a4,0x0883,0x0884,
  0x10a4,0x0883,0x0884,0x0883,0x10a4,0x0883,0x1084,0x0883,0x10a4,0x0884,0x0883,0x0884,0x10a3,0x0884,0x1083,0x08a4,
  0x0883,0x1084,0x0883,0x08a4,0x1084,0x0883,0x0884,0x0884,0x10a3,0x0884,0x10a4,0x0883,0x0884,0x08a4,0x1083,0x0884,
  0x1084,0x08a3,0x0884,0x10a3,0x0884,0x0884,0x0883,0x1084,0x0884,0x10a3,0x0884,0x0883,0x1084,0x0884,0x1083,0x0883,
  0x08a4,0x1083,0x0884,0x0883,0x1084,0x0884,0x0883,0x1084,0x0883,0x08a4,0x1083,0x0884,0x0883,0x10a4,0x0883,0x1084,
  0x0883,0x0884,0x1084,0x08a3,0x0884,0x10a3,0x0884,0x0883,0x10a4,0x0884,0x0883,0x1084,0x08a4,0x1083,0x0884,0x0884,
  0x1083,0x08a4,0x0883,0x1084,0x0883,0x0884,0x08a4,0x0883,0x1084,0x08a3,0x0884,0x1084,0x08a3,0x1084,0x0884,0x0883,
  0x1084,0x08a4,0x1083,0x0884,0x0884,0x10a3,0x0884,0x1083,0x0884,0x08a4,0x1083,0x0884,0x0884,0x0883,0x1084,0x08a4,
  0x0883,0x10a4,0x0884,0x0883,0x10a4,0x0883,0x0884,0x1084,0x08a4,0x0883,0x1084,0x0883,0x10a4,0x0884,0x0883,0x10a4,
  0x0883,0x10a4,0x0883,0x0884,0x1084,0x0883,0x0884,0x10a3,0x0884,0x10a4,0x0883,0x0884,0x1083,0x0884,0x0883,0x10a4,
  0x0883,0x08a4,0x1084,0x0884,0x1083,0x10a4,0x0883,0x10a4,0x0884,0x0883,0x1084,0x0883,0x08a4,0x1084,0x0883,0x10a4,
  0x08a4,0x0884,0x1084,0x08a4,0x1083,0x10a4,0x0884,0x1084,0x08a4,0x1084,0x10a4,0x08a4,0x1084,0x0884,0x10c5,0x0884,
  0x10a4,0x10a4,0x0884,0x10a4,0x0884,0x10a4,0x10a4,0x10a4,0x08a4,0x10a4,0x08a5,0x10a4,0x10a4,0x08a4,0x10a5,0x08a3,
  0x10c5,0x10a4,0x10a4,0x08a4,0x10a4,0x10c5,0x08a4,0x10a4,0x08a4,0x10a4,0x10a5,0x10c5,0x10c5,0x10c4,0x10c5,0x10c4,
  0x10c5,0x10c5,0x08a4,0x00a4,0x08e4,0x0905,0x0105,0x0966,0x3bef,0x2d33,0x25d4,0x15b4,0x0d94,0x1db5,0x1d93,0x2574,
  0x2574,0x2574,0x2594,0x2d74,0x2575,0x2574,0x1d95,0x2594,0x2574,0x2573,0x2594,0x2d74,0x2593,0x2574,0x2594,0x2573,
  0x2574,0x2594,0x2573,0x2594,0x2593,0x2574,0x2573,0x2594,0x2594,0x2573,0x2594,0x2593,0x1d94,0x2593,0x2594,0x2593,
  0x2574,0x2593,0x2574,0x2594,0x2574,0x2574,0x2d74,0x2d74,0x2d74,0x2d74,0x2574,0x2594,0x1d94,0x1d94,0x1db4,0x0d93,
  0x1db4,0x1dd5,0x2573,0x3d53,0x2bad,0x0185,0x0125,0x08e4,0x10c5,0x0884,0x10a5,0x10c4,0x08c4,0x10c5,0x10c5,0x10c4,
  0x18c5,0x1084,0x08a4,0x0884,0x10a4,0x08a4,0x10a4,0x10a4,0x08a4,0x10a4,0x10a4,0x10a5,0x08a4,0x10a4,0x0884,0x10a4,
  0x10a4,0x08a4,0x10a5,0x08a4,0x10a4,0x1084,0x10c4,0x08a4,0x10a4,0x10a4,0x08a4,0x10a4,0x0884,0x10c5,0x0883,0x10a4,
  0x1084,0x0884,0x1084,0x08a4,0x1084,0x08a4,0x1084,0x0883,0x10a4,0x0884,0x1084,0x0884,0x08a4,0x1083,0x08a4,0x0883,
  0x1084,0x0883,0x08a4,0x1084,0x08a3,0x0884,0x1083,0x0884,0x0884,0x1083,0x08a4,0x0884,0x10a4,0x0883,0x1084,0x0884,
  0x1083,0x0884,0x08a3,0x1084,0x0883,0x0884,0x10a3,0x0884,0x08a3,0x1084,0x08a3,0x1084,0x08a3,0x0884,0x10a4,0x0883,
  0x0884,0x1083,0x0884,0x0883,0x10a4,0x0883,0x1084,0x0883,0x1084,0x0883,0x08a4,0x1083,0x0884,0x0883,0x10a4,0x0883,
  0x10a4,0x0883,0x1084,0x0883,0x08a4,0x1083,0x0884,0x08a4,0x0883,0x0884,0x1083,0x0884,0x1083,0x0884,0x10a3,0x0884,
  0x08a3,0x1084,0x08a3,0x0884,0x10a3,0x0884,0x08a3,0x1084,0x08a3,0x0884,0x0883,0x1084,0x08a3,0x0884,0x1083,0x0884,
  0x1083,0x08a4,0x1083,0x0884,0x0883,0x10a4,0x0884,0x1083,0x0884,0x10a3,0x0884,0x1083,0x0884,0x08a3,0x1083,0x08a4,
  0x1083,0x0884,0x1084,0x08a3,0x0884,0x1083,0x0884,0x08a4,0x0883,0x0884,0x0883,0x10a4,0x0883,0x1084,0x0883,0x08a4,
  0x1083,0x08a4,0x0884,0x1083,0x0884,0x08a3,0x1084,0x0884,0x0883,0x0884,0x08a3,0x1084,0x0883,0x0883,0x10a4,0x0883,
  0x0884,0x0883,0x0884,0x0883,0x1084,0x0884,0x08a3,0x1084,0x0883,0x1084,0x08a3,0x1084,0x0883,0x0884,0x10a3,0x0884,
  0x0883,0x1084,0x08a3,0x1084,0x0883,0x0884,0x10a3,0x0884,0x0883,0x1084,0x08a3,0x1084,0x0884,0x0883,0x0884,0x1084,
  0x08a3,0x0884,0x1084,0x0883,0x0884,0x10a3,0x0884,0x1083,0x0884,0x0883,0x1084,0x08a3,0x1084,0x0883,0x1084,0x08a3,
  0x0884,0x1083,0x0884,0x0883,0x1084,0x08a3,0x1084,0x08a3,0x0884,0x0883,0x1084,0x08a4,0x0883,0x08a3,0x0884,0x1084,
  0x0883,0x0884,0x10a3,0x0884,0x08a3,0x1084,0x08a3,0x0884,0x1084,0x0883,0x08a4,0x1083,0x0884,0x0883,0x0884,0x08a4,
  0x1083,0x08a4,0x1083,0x0884,0x1083,0x0884,0x1084,0x0883,0x0884,0x1083,0x08a4,0x0883,0x1084,0x08a3,0x0884,0x10a3,
  0x0884,0x1083,0x0884,0x08a3,0x1084,0x0883,0x1084,0x0883,0x1084,0x0884,0x1083,0x08a4,0x0883,0x0884,0x10a3,0x0884,
  0x08a3,0x1084,0x0883,0x10a4,0x0883,0x0884,0x0883,0x08a4,0x1083,0x0884,0x0883,0x10a4,0x0883,0x10a4,0x0883,0x1084,
  0x0883,0x0884,0x1083,0x0884,0x1084,0x08a3,0x1084,0x0883,0x0884,0x1083,0x08a4,0x0884,0x0883,0x1084,0x0883,0x0884,
  0x1084,0x0883,0x1084,0x08a3,0x0884,0x10a3,0x0884,0x0884,0x0883,0x0884,0x10a3,0x0884,0x08a3,0x1084,0x0883,0x0884,
  0x1084,0x0883,0x10a4,0x0883,0x0884,0x0884,0x0884,0x1083,0x0884,0x10a4,0x0884,0x08a4,0x1084,0x0883,0x08a4,0x0884,
  0x10a4,0x08a4,0x0884,0x1084,0x08a4,0x0884,0x10a4,0x0884,0x08a4,0x0883,0x1084,0x0884,0x10a4,0x10a4,0x10a4,0x0884,
  0x10a4,0x08a4,0x08a4,0x10a4,0x10a5,0x0884,0x08a4,0x10a5,0x08a4,0x10a4,0x10c5,0x10c4,0x08a5,0x10a4,0x10a4,0x10a5,
  0x08a4,0x10a4,0x08a4,0x10a5,0x08a4,0x10a4,0x08a4,0x10a4,0x10a5,0x08a4,0x10a4,0x10c5,0x10c5,0x10a5,0x10c5,0x10a5,
  0x10c5,0x10c5,0x18c4,0x08c5,0x08e5,0x00e5,0x0105,0x0125,0x1a8a,0x34d2,0x2574,0x1d53,0x1d94,0x1db4,0x15b4,0x1593,
  0x15d5,0x15b4,0x15b4,0x15b4,0x1594,0x15b4,0x15b4,0x15b4,0x15b4,0x15b4,0x15b4,0x15b4,0x15b4,0x15b4,0x15b4,0x15b4,
  0x15b4,0x15b4,0x15b4,0x15b4,0x15b4,0x1db4,0x15b4,0x15b4,0x15b4,0x15b4,0x15b4,0x15b4,0x1db4,0x15b4,0x1594,0x15b4,
  0x15b4,0x15b4,0x15b4,0x15b3,0x15b4,0x15b4,0x15b4,0x1db4,0x1594,0x1d94,0x15b4,0x15b4,0x15d5,0x0d93,0x15f5,0x15b4,
  0x1db4,0x1594,0x2d53,0x2c70,0x1269,0x0145,0x00e5,0x10c5,0x10c5,0x1083,0x10c5,0x10c5,0x08c5,0x08e5,0x10c5,0x10a4,
  0x10c5,0x10a4,0x10a4,0x10a4,0x08a4,0x10a4,0x08a4,0x10a5,0x10a4,0x08a5,0x10a4,0x08a4,0x10a4,0x10a5,0x08a4,0x10a5,
  0x08a4,0x10a4,0x10a4,0x08a4,0x10c5,0x0884,0x10c5,0x0884,0x08a4,0x10a4,0x08a4,0x10a4,0x0884,0x10a4,0x10a4,0x0884,
  0x10a5,0x08a3,0x1084,0x0884,0x0884,0x10a4,0x0883,0x08a5,0x0884,0x0884,0x10a4,0x0884,0x1083,0x0884,0x1084,0x0884,
  0x10a4,0x0884,0x1083,0x08a4,0x1084,0x0884,0x08a4,0x0884,0x10a3,0x0884,0x0884,0x1083,0x0884,0x08a4,0x0883,0x10a4,
  0x0883,0x1084,0x0883,0x08a4,0x1083,0x0884,0x1084,0x0883,0x1084,0x0883,0x1084,0x0883,0x1084,0x0883,0x0884,0x1083,
  0x08a4,0x0884,0x10a3,0x0884,0x0883,0x1084,0x08a3,0x0884,0x08a3,0x1084,0x0883,0x0884,0x10a4,0x0883,0x0884,0x1084,
  0x0883,0x0884,0x08a3,0x1084,0x0884,0x0883,0x1084,0x0883,0x10a4,0x0883,0x10a4,0x0884,0x08a3,0x0884,0x0884,0x1083,
  0x0884,0x0883,0x1084,0x0884,0x0883,0x1084,0x0883,0x0884,0x1083,0x08a4,0x1084,0x0883,0x1084,0x08a3,0x0884,0x10a4,
  0x0883,0x0884,0x0884,0x10a3,0x0884,0x1083,0x0884,0x08a3,0x1084,0x0883,0x0884,0x08a4,0x1083,0x0884,0x1084,0x0883,
  0x0884,0x08a3,0x0884,0x1083,0x0884,0x08a4,0x1083,0x0884,0x1083,0x10a4,0x0884,0x0883,0x1084,0x08a4,0x0883,0x1084,
  0x0884,0x1083,0x0884,0x08a3,0x1084,0x0884,0x10a3,0x0884,0x10a3,0x0884,0x1083,0x0884,0x10a4,0x0884,0x0883,0x1084,
  0x08a3,0x1084,0x10a4,0x0883,0x08a4,0x1083,0x0884,0x0884,0x10a3,0x0884,0x0884,0x0883,0x10a4,0x0884,0x0883,0x1084,
  0x08a3,0x0884,0x1084,0x0883,0x10a4,0x0884,0x0883,0x1084,0x08a4,0x0883,0x1084,0x0883,0x08a4,0x1083,0x08a4,0x0883,
  0x1084,0x08a3,0x0884,0x10a3,0x0884,0x0883,0x10a4,0x0883,0x10a4,0x0883,0x0884,0x1083,0x0884,0x08a3,0x0884,0x1083,
  0x0884,0x08a3,0x1084,0x08a4,0x0883,0x1084,0x0883,0x0884,0x1083,0x08a4,0x0883,0x1084,0x0884,0x1084,0x08a3,0x1084,
  0x08a3,0x1084,0x0884,0x1083,0x0884,0x0883,0x1084,0x08a3,0x0884,0x1084,0x0883,0x08a4,0x1084,0x08a3,0x1084,0x0883,
  0x1084,0x0883,0x0884,0x10a4,0x0883,0x08a4,0x0883,0x10a4,0x0883,0x0884,0x1083,0x0884,0x0883,0x1084,0x0883,0x0884,
  0x0883,0x08a4,0x1084,0x0883,0x08a4,0x1084,0x08a3,0x0884,0x08a3,0x1084,0x0883,0x0884,0x1083,0x08a4,0x0883,0x1084,
  0x0883,0x0884,0x0884,0x0883,0x1084,0x08a4,0x1083,0x0884,0x1083,0x08a4,0x1084,0x0883,0x0884,0x0883,0x10a4,0x0883,
  0x10a4,0x0883,0x10a4,0x0883,0x0884,0x1083,0x08a4,0x0883,0x10a4,0x0884,0x1083,0x0884,0x10a3,0x0884,0x10a3,0x0884,
  0x08a3,0x0884,0x0884,0x1083,0x0884,0x0884,0x10a3,0x0884,0x10a3,0x0884,0x1083,0x0884,0x1084,0x08a3,0x1084,0x08a3,
  0x0884,0x0883,0x1084,0x08a4,0x0884,0x10a4,0x10a4,0x0884,0x0883,0x10a4,0x0883,0x1083,0x08a5,0x1084,0x0884,0x0883,
  0x1084,0x08a4,0x1084,0x0883,0x1084,0x0884,0x10a4,0x0883,0x10a4,0x08a4,0x10a4,0x10a5,0x0884,0x0884,0x10a4,0x0884,
  0x10a4,0x1084,0x08a5,0x0884,0x10a4,0x0884,0x10a4,0x10a4,0x10a5,0x08a4,0x10a4,0x08a5,0x10a4,0x10a5,0x08a4,0x10a5,
  0x0883,0x10c5,0x08a4,0x10a4,0x10a4,0x08a4,0x10a5,0x0884,0x10c5,0x0883,0x10a5,0x10c5,0x10c4,0x10c5,0x18c5,0x10a4,
  0x10a5,0x10c5,0x10a4,0x08a4,0x1106,0x08e4,0x0105,0x0104,0x0125,0x0a89,0x2d13,0x2d54,0x25b4,0x1db4,0x15b4,0x0dd3,
  0x15d4,0x0dd4,0x15d4,0x15b4,0x15d4,0x15b5,0x15d4,0x1db4,0x15b4,0x1db4,0x15b4,0x15b4,0x1d94,0x15b4,0x1db4,0x15b4,
  0x1db4,0x1db4,0x15b4,0x1594,0x1db4,0x15b4,0x1d94,0x15b4,0x1d94,0x15b4,0x1d94,0x15b4,0x1594,0x1db4,0x15b4,0x15b4,
  0x1d94,0x15b4,0x1db4,0x1594,0x15d4,0x0db4,0x15b4,0x0dd4,0x15b4,0x15d4,0x0dd4,0x15d4,0x0db4,0x15d3,0x15b4,0x1d94,
  0x25b4,0x1d33,0x2d13,0x0a48,0x0125,0x0125,0x10c4,0x10a4,0x18a5,0x10a4,0x10a5,0x10c5,0x08c5,0x08e4,0x10e5,0x10c5,
  0x10a5,0x08a4,0x10a5,0x08a4,0x10a5,0x10a4,0x10a5,0x08a4,0x10a4,0x08a4,0x10a4,0x10a5,0x0884,0x10c4,0x10a4,0x10a4,
  0x08a4,0x10a4,0x10a5,0x0884,0x10c5,0x1083,0x10a5,0x0883,0x1084,0x0884,0x10a4,0x08a4,0x10a5,0x0883,0x10a5,0x08a4,
  0x1084,0x08a4,0x0884,0x10a4,0x0883,0x10a5,0x0884,0x0884,0x10a4,0x10a4,0x08a4,0x10a4,0x08a4,0x0883,0x10a4,0x0884,
  0x10a4,0x0883,0x0884,0x1084,0x08a4,0x1083,0x0884,0x1083,0x0884,0x10a4,0x0884,0x08a4,0x1084,0x1084,0x0884,0x0883,
  0x1084,0x08a4,0x1083,0x0884,0x0884,0x10a3,0x0884,0x08a3,0x1084,0x08a4,0x0883,0x08a4,0x1084,0x08a3,0x1084,0x0884,
  0x1083,0x0884,0x0883,0x1084,0x08a4,0x0883,0x1084,0x0884,0x1083,0x0884,0x10a4,0x0883,0x0884,0x1084,0x08a3,0x0884,
  0x10a3,0x0884,0x1084,0x0883,0x10a4,0x0883,0x10a4,0x0883,0x1084,0x0884,0x0883,0x1084,0x0883,0x1084,0x08a3,0x0884,
  0x10a4,0x0883,0x08a4,0x1083,0x08a4,0x0884,0x10a3,0x0884,0x0884,0x1083,0x08a4,0x0883,0x0884,0x1084,0x0883,0x0884,
  0x1084,0x08a3,0x1084,0x0884,0x0883,0x08a4,0x1084,0x0883,0x0884,0x10a4,0x0883,0x1084,0x0883,0x08a4,0x1083,0x08a4,
  0x1084,0x1083,0x0884,0x08a4,0x1083,0x0884,0x1083,0x08a4,0x0884,0x0883,0x1084,0x08a3,0x0884,0x1083,0x0884,0x08a3,
  0x0884,0x08a3,0x1084,0x0883,0x1084,0x0883,0x0884,0x1083,0x0884,0x1083,0x08a4,0x0883,0x0883,0x1084,0x08a4,0x0883,
  0x1084,0x0883,0x0884,0x1084,0x0883,0x0884,0x10a3,0x0884,0x0884,0x1083,0x08a4,0x1083,0x0884,0x1083,0x08a4,0x0884,
  0x1083,0x0884,0x08a3,0x0884,0x0883,0x1084,0x08a4,0x0883,0x1084,0x0883,0x08a4,0x1084,0x0883,0x1084,0x0883,0x1084,
  0x0884,0x1083,0x0884,0x1083,0x0884,0x1084,0x0883,0x0884,0x0883,0x10a4,0x0884,0x08a3,0x1084,0x0884,0x1083,0x08a4,
  0x1084,0x0883,0x0884,0x1083,0x0884,0x08a4,0x1083,0x08a4,0x1084,0x0883,0x1084,0x08a3,0x1083,0x0884,0x1083,0x0884,
  0x0884,0x1083,0x08a4,0x0883,0x10a4,0x0884,0x1083,0x0884,0x10a3,0x0884,0x1083,0x0884,0x1083,0x0884,0x1083,0x08a4,
  0x0884,0x10a3,0x0884,0x0883,0x1084,0x0883,0x1084,0x0884,0x10a3,0x0884,0x08a4,0x1083,0x08a4,0x0884,0x10a4,0x0883,
  0x1084,0x0883,0x1084,0x0884,0x1083,0x0884,0x1083,0x0884,0x1084,0x08a3,0x1084,0x08a3,0x1084,0x0884,0x1083,0x08a4,
  0x1084,0x08a3,0x1084,0x08a3,0x1084,0x0883,0x1084,0x08a4,0x0883,0x1084,0x0883,0x08a4,0x1083,0x0884,0x0884,0x0883,
  0x1084,0x0884,0x0883,0x10a4,0x0884,0x0883,0x1084,0x0884,0x0883,0x1084,0x08a3,0x0884,0x1083,0x0884,0x0884,0x1083,
  0x0884,0x10a3,0x0884,0x10a3,0x0884,0x1083,0x0884,0x1083,0x0884,0x0884,0x10a3,0x0884,0x0883,0x0884,0x1084,0x0883,
  0x1083,0x08a4,0x0883,0x0884,0x10a3,0x0884,0x0883,0x1084,0x10a4,0x0884,0x1084,0x0884,0x1083,0x08a4,0x1083,0x08a4,
  0x10a4,0x0884,0x08a4,0x0884,0x10a5,0x0883,0x10a4,0x08a4,0x0884,0x1084,0x08a4,0x0884,0x10a4,0x10a4,0x10c5,0x0884,
  0x10a4,0x08a4,0x10a4,0x1084,0x08a4,0x10a4,0x08a4,0x10c5,0x08a4,0x10a4,0x08a4,0x10c5,0x10a4,0x08a4,0x10a4,0x10c5,
  0x0884,0x10c4,0x1084,0x08a5,0x10a4,0x10a4,0x10a5,0x08a3,0x10c5,0x0884,0x10c4,0x08a4,0x10a5,0x10c4,0x10c5,0x10c5,
  0x10c4,0x10c5,0x10c4,0x0884,0x08a4,0x08a4,0x0905,0x1126,0x0125,0x0187,0x0a49,0x3cf3,0x3554,0x2553,0x1db3,0x15d4,
  0x0db3,0x0dd3,0x15b4,0x15b4,0x1db4,0x1d93,0x1d94,0x1d94,0x1db3,0x15b4,0x1d94,0x1db3,0x15b4,0x1db4,0x1db3,0x1594,
  0x1db4,0x15b3,0x1db4,0x1db4,0x15b3,0x15b4,0x15b4,0x1db4,0x15b3,0x15b4,0x1db4,0x1db4,0x1db3,0x15b4,0x1db4,0x1db3,
  0x15b4,0x1db4,0x15b4,0x1db4,0x15b4,0x15d3,0x15d4,0x15b3,0x15b4,0x1db3,0x15b4,0x1db3,0x1dd4,0x1d93,0x2594,0x2573,
  0x2d74,0x3513,0x0a29,0x0145,0x0105,0x10e5,0x18c5,0x1064,0x1885,0x18a5,0x10c5,0x10c5,0x08e4,0x08e5,0x10c5,0x10c4,
  0x10c5,0x0884,0x10c5,0x1083,0x10c5,0x08a4,0x10a4,0x08a4,0x10a4,0x10a5,0x08a4,0x10c5,0x0883,0x10c5,0x0884,0x10a5,
  0x10a4,0x08a4,0x10c5,0x0883,0x10c5,0x0884,0x10c4,0x08a4,0x10a4,0x10a4,0x0884,0x10a4,0x10a4,0x0884,0x10a4,0x10a4,
  0x0884,0x10a4,0x10a4,0x0884,0x10a4,0x0884,0x1083,0x08a3,0x1084,0x0883,0x1084,0x0883,0x1084,0x08a4,0x1084,0x0883,
  0x0884,0x10a4,0x10a4,0x0883,0x0884,0x0883,0x10a4,0x08a4,0x1084,0x0884,0x10a3,0x0884,0x0883,0x08a3,0x1084,0x08a3,
  0x0884,0x0883,0x0884,0x10a3,0x0884,0x0883,0x1084,0x0883,0x0884,0x1083,0x0884,0x1083,0x0884,0x0883,0x08a4,0x1083,
  0x08a4,0x1083,0x08a4,0x0883,0x1084,0x0884,0x1083,0x08a4,0x0883,0x1084,0x0883,0x1084,0x08a3,0x0884,0x1083,0x0884,
  0x1083,0x0884,0x08a3,0x1084,0x0883,0x0884,0x0884,0x1083,0x08a4,0x0883,0x10a4,0x0883,0x10a4,0x0883,0x1084,0x0883,
  0x1084,0x0883,0x1084,0x0883,0x1084,0x0883,0x0884,0x10a3,0x0884,0x0883,0x1084,0x08a4,0x1083,0x08a4,0x1083,0x08a4,
  0x0883,0x1084,0x0883,0x10a4,0x0883,0x1084,0x0883,0x10a4,0x0883,0x0884,0x1083,0x08a4,0x1083,0x0884,0x0884,0x1083,
  0x0884,0x08a3,0x1084,0x0883,0x1084,0x08a3,0x0884,0x1083,0x0884,0x10a3,0x0884,0x1083,0x0884,0x08a3,0x1084,0x0883,
  0x1084,0x0883,0x1084,0x08a4,0x0883,0x10a4,0x0883,0x08a4,0x0883,0x0884,0x1084,0x0884,0x10a3,0x0884,0x1083,0x0884,
  0x08a4,0x1083,0x0884,0x08a3,0x1084,0x0883,0x1084,0x0883,0x10a4,0x0883,0x0884,0x0883,0x10a4,0x0883,0x1084,0x0883,
  0x08a4,0x1083,0x0884,0x1083,0x08a4,0x1083,0x0884,0x1083,0x08a4,0x1083,0x0884,0x0883,0x10a4,0x0883,0x08a4,0x0883,
  0x10a4,0x0883,0x08a4,0x0884,0x10a3,0x0884,0x08a3,0x1084,0x0884,0x0883,0x1084,0x0883,0x0884,0x10a3,0x0884,0x0883,
  0x0884,0x10a3,0x0884,0x10a3,0x0884,0x1083,0x0884,0x0883,0x1084,0x08a3,0x0884,0x1084,0x0883,0x08a4,0x0884,0x10a3,
  0x0884,0x0883,0x1084,0x0883,0x0884,0x10a3,0x0884,0x0883,0x0884,0x10a3,0x0884,0x08a3,0x0884,0x10a4,0x0883,0x0884,
  0x1083,0x0884,0x1083,0x08a4,0x0884,0x10a3,0x0884,0x0883,0x0884,0x1083,0x0884,0x1083,0x0884,0x1083,0x0884,0x10a3,
  0x0884,0x08a4,0x1083,0x08a4,0x0883,0x08a4,0x1084,0x08a3,0x0884,0x0883,0x0884,0x1084,0x0883,0x08a4,0x0883,0x1084,
  0x0883,0x1084,0x0883,0x0884,0x1083,0x08a4,0x0883,0x1084,0x0883,0x08a4,0x1083,0x0884,0x1084,0x08a3,0x1084,0x08a3,
  0x0884,0x10a3,0x0884,0x0883,0x1084,0x08a3,0x0884,0x10a3,0x0884,0x0883,0x1084,0x0883,0x08a4,0x1083,0x08a4,0x0883,
  0x1084,0x0883,0x0884,0x1084,0x08a3,0x0884,0x08a3,0x0884,0x10a3,0x0884,0x0883,0x1084,0x08a3,0x1084,0x08a3,0x0884,
  0x0884,0x1084,0x08a4,0x1084,0x0883,0x1084,0x08a4,0x0884,0x0884,0x08a3,0x0884,0x08a3,0x0884,0x1084,0x08a4,0x1084,
  0x0884,0x1084,0x0883,0x10a4,0x0883,0x10a4,0x0884,0x10a4,0x10a4,0x08a4,0x10a4,0x10a4,0x10a5,0x0883,0x0884,0x10c4,
  0x0884,0x1084,0x0884,0x10a4,0x08a4,0x1084,0x0883,0x10c5,0x0884,0x10a4,0x10a4,0x08a4,0x10a4,0x08a4,0x10a4,0x0884,
  0x10c4,0x0884,0x10c5,0x10a4,0x08a4,0x10a5,0x08a4,0x10a5,0x1083,0x10c5,0x0884,0x10c5,0x10c5,0x10c5,0x10a5,0x10c5,
  0x18a5,0x18a5,0x1906,0x10c5,0x10c4,0x08c5,0x08a4,0x08c4,0x00e5,0x0105,0x0147,0x0a08,0x44f3,0x3553,0x2d53,0x2573,
  0x1d93,0x2593,0x2593,0x2593,0x2d53,0x2d54,0x2d53,0x2554,0x2574,0x2594,0x2594,0x2594,0x2594,0x2574,0x2594,0x2594,
  0x2594,0x2574,0x1d94,0x2574,0x2594,0x2574,0x2594,0x2594,0x2574,0x2594,0x2594,0x1d74,0x2594,0x2574,0x2594,0x2574,
  0x2594,0x2573,0x2594,0x2594,0x2593,0x2593,0x2593,0x2593,0x2573,0x1d93,0x2593,0x1d53,0x2553,0x2d74,0x2d33,0x4534,
  0x4513,0x01e8,0x0165,0x0905,0x1906,0x10a4,0x18a5,0x10a4,0x20a5,0x0884,0x18a5,0x10c5,0x08e5,0x08c5,0x10a4,0x08a5,
  0x10c5,0x1083,0x10c5,0x0884,0x10a4,0x08a4,0x10a4,0x10a5,0x08a4,0x10a4,0x08a4,0x10a5,0x0884,0x10c4,0x08a4,0x10a4,
  0x08a4,0x10a4,0x10a5,0x08a4,0x10c5,0x0883,0x10c5,0x0884,0x0884,0x10a5,0x08a4,0x0884,0x10c5,0x0883,0x10a5,0x0884,
  0x10a4,0x0884,0x0884,0x1083,0x0884,0x10a4,0x0884,0x10a5,0x0884,0x08a4,0x08a4,0x10a4,0x0884,0x1083,0x0884,0x08a3,
  0x08a5,0x0883,0x0884,0x1084,0x10a4,0x0884,0x1084,0x0884,0x08a3,0x1084,0x0884,0x10a4,0x1084,0x0884,0x0883,0x1084,
  0x0883,0x10a4,0x0884,0x1083,0x0884,0x10a4,0x0883,0x10a4,0x0883,0x08a4,0x1084,0x08a3,0x0884,0x1084,0x0883,0x0884,
  0x0883,0x0884,0x1084,0x0883,0x10a4,0x0883,0x0884,0x1083,0x08a4,0x0883,0x08a4,0x0883,0x1084,0x0883,0x1084,0x08a3,
  0x0884,0x1084,0x0883,0x0884,0x10a4,0x0883,0x10a4,0x0883,0x0884,0x1083,0x0884,0x0884,0x0883,0x0884,0x10a4,0x0883,
  0x0884,0x10a4,0x0883,0x08a4,0x0883,0x10a4,0x0884,0x1083,0x0884,0x10a3,0x0884,0x0883,0x1084,0x0883,0x0884,0x1083,
  0x0884,0x08a3,0x0884,0x0883,0x1084,0x08a3,0x0884,0x0884,0x1083,0x08a4,0x0883,0x0884,0x0884,0x10a3,0x0884,0x08a3,
  0x1084,0x0884,0x0883,0x08a4,0x0883,0x1084,0x0883,0x08a4,0x1083,0x0884,0x0883,0x0884,0x1084,0x0883,0x1084,0x08a4,
  0x1083,0x0884,0x08a3,0x1084,0x0883,0x0884,0x1084,0x0883,0x1084,0x08a3,0x1084,0x0883,0x0884,0x1083,0x08a4,0x1083,
  0x0884,0x0883,0x1084,0x0883,0x08a4,0x1084,0x08a3,0x0884,0x0883,0x1084,0x08a4,0x1083,0x0884,0x0884,0x08a3,0x1084,
  0x0884,0x1083,0x0884,0x1084,0x0883,0x0884,0x08a3,0x0884,0x1083,0x0884,0x10a3,0x0884,0x0884,0x1083,0x0884,0x1084,
  0x0883,0x0884,0x1083,0x0884,0x0883,0x1084,0x0884,0x0883,0x10a4,0x0883,0x10a4,0x0884,0x1083,0x0884,0x1083,0x08a4,
  0x1083,0x0884,0x0884,0x0883,0x1084,0x08a4,0x1083,0x08a4,0x0883,0x1084,0x0883,0x08a4,0x1084,0x0883,0x1084,0x0883,
  0x1084,0x08a3,0x0884,0x10a4,0x0883,0x0884,0x1084,0x08a3,0x1084,0x0884,0x0883,0x1084,0x0883,0x0884,0x1084,0x08a3,
  0x0884,0x0883,0x08a4,0x1083,0x0884,0x0883,0x1084,0x08a4,0x1083,0x08a4,0x0883,0x08a4,0x1083,0x08a4,0x0883,0x0884,
  0x1083,0x0884,0x0883,0x1084,0x0883,0x1084,0x0883,0x0884,0x1083,0x10a4,0x0883,0x0884,0x1083,0x0884,0x1084,0x08a3,
  0x0884,0x0883,0x10a4,0x0884,0x0883,0x1084,0x0884,0x08a3,0x1084,0x0884,0x0883,0x10a4,0x0883,0x0884,0x1083,0x0884,
  0x1084,0x0883,0x1084,0x08a4,0x0883,0x1084,0x0883,0x0884,0x10a3,0x0884,0x08a4,0x1083,0x0884,0x0884,0x1083,0x0884,
  0x08a4,0x1083,0x08a4,0x0883,0x1084,0x0883,0x1084,0x0884,0x0883,0x1084,0x08a4,0x0883,0x1084,0x0883,0x1084,0x0883,
  0x0883,0x0883,0x08a5,0x0883,0x10a4,0x0884,0x1084,0x08a3,0x1084,0x0884,0x10a4,0x1084,0x0883,0x10a4,0x0884,0x0883,
  0x08a4,0x0884,0x10a5,0x0884,0x08c5,0x0883,0x10a4,0x0884,0x0884,0x1083,0x08a5,0x10a4,0x0883,0x10a5,0x0884,0x10a4,
  0x10a4,0x08a4,0x10a4,0x10a4,0x08a4,0x10c5,0x0884,0x10c5,0x1084,0x10c5,0x08a4,0x10c5,0x10a4,0x10a5,0x08a4,0x10c5,
  0x1084,0x10c5,0x0884,0x10a4,0x10a4,0x08a4,0x10a4,0x08a4,0x10c5,0x0884,0x10c5,0x10c5,0x10c5,0x10a4,0x10a4,0x10c5,
  0x08a4,0x18a5,0x0883,0x0884,0x10a4,0x10c5,0x10e5,0x08e5,0x10c5,0x1126,0x1106,0x00a4,0x01a7,0x1228,0x3cd2,0x3d12,
  0x3512,0x3513,0x3512,0x34f2,0x3cf2,0x3cd2,0x44d3,0x3cf2,0x34f2,0x2cf2,0x2cf2,0x34f2,0x2cf2,0x2d12,0x34f2,0x34f2,
  0x2cf3,0x3512,0x2d12,0x34f3,0x3512,0x3512,0x2cf2,0x34f3,0x3512,0x2d12,0x34f3,0x2d12,0x3512,0x2d12,0x2cf2,0x34f2,
  0x2d12,0x2cf2,0x34f2,0x2cf2,0x34f2,0x34f2,0x34f2,0x34f2,0x3cf2,0x34f2,0x3cd2,0x3d13,0x3cd2,0x3c91,0x4cd3,0x1249,
  0x0105,0x0126,0x0107,0x08e5,0x10c5,0x10a4,0x1085,0x1885,0x20c5,0x08a4,0x18e5,0x10c4,0x10c5,0x08e5,0x10c5,0x18a4,
  0x10c5,0x10c4,0x10c5,0x0884,0x10c5,0x08a4,0x10a4,0x08a4,0x10a4,0x10a5,0x08a4,0x10c4,0x1084,0x10c5,0x0884,0x10a5,
  0x10a4,0x08a4,0x10a5,0x1083,0x10c5,0x0884,0x10c5,0x1083,0x08a4,0x10a4,0x10a4,0x10a4,0x08a4,0x10a5,0x0883,0x10a4,
  0x1085,0x10a4,0x08a4,0x08a4,0x0884,0x1084,0x0883,0x1084,0x08a3,0x1084,0x0884,0x1084,0x08a4,0x0884,0x08a4,0x1084,
  0x0884,0x1083,0x0884,0x0883,0x0884,0x10a3,0x0884,0x1083,0x0884,0x10a5,0x0883,0x0884,0x0883,0x10a4,0x0884,0x10a3,
  0x0884,0x1083,0x0884,0x08a3,0x1084,0x0883,0x0884,0x0884,0x1083,0x0884,0x0883,0x1084,0x0883,0x10a4,0x0883,0x10a4,
  0x1084,0x08a3,0x1084,0x0883,0x0884,0x10a3,0x0884,0x0884,0x1083,0x0884,0x1084,0x0883,0x10a4,0x0884,0x0883,0x1084,
  0x08a3,0x0884,0x10a3,0x0884,0x0883,0x1084,0x0883,0x1084,0x08a4,0x0883,0x1084,0x08a3,0x1084,0x0883,0x0884,0x10a3,
  0x0884,0x0883,0x1084,0x0884,0x1083,0x0884,0x0883,0x10a4,0x0884,0x0883,0x1084,0x08a3,0x0884,0x1084,0x08a3,0x0884,
  0x1084,0x0883,0x1084,0x08a4,0x0883,0x1084,0x0883,0x10a4,0x0883,0x1084,0x0884,0x10a3,0x0884,0x1083,0x0884,0x1084,
  0x0883,0x08a4,0x1083,0x1084,0x0884,0x08a3,0x1084,0x0884,0x0883,0x10a4,0x0884,0x10a3,0x0884,0x08a4,0x0883,0x1084,
  0x0884,0x08a3,0x1084,0x0883,0x1084,0x08a3,0x0884,0x10a4,0x0883,0x0884,0x08a3,0x1084,0x08a4,0x0883,0x0884,0x0884,
  0x10a3,0x0884,0x08a4,0x1083,0x0884,0x0883,0x1084,0x0884,0x10a3,0x0884,0x1083,0x0884,0x08a3,0x1084,0x0883,0x1084,
  0x08a3,0x0884,0x08a3,0x0884,0x10a4,0x0883,0x1084,0x0884,0x08a3,0x0884,0x0884,0x1083,0x08a4,0x0884,0x1083,0x08a4,
  0x1083,0x08a4,0x1084,0x08a3,0x1084,0x08a3,0x1084,0x0883,0x1084,0x0883,0x0884,0x10a3,0x0884,0x08a3,0x0884,0x1084,
  0x0884,0x10a3,0x0884,0x10a3,0x0884,0x0883,0x0884,0x1084,0x0883,0x08a4,0x1084,0x0883,0x0884,0x10a3,0x0884,0x08a3,
  0x0884,0x1084,0x0883,0x0884,0x1083,0x08a4,0x1083,0x0884,0x0883,0x10a4,0x0884,0x1083,0x08a4,0x1083,0x0884,0x1083,
  0x08a4,0x1084,0x0883,0x1084,0x0884,0x10a3,0x0884,0x0883,0x1084,0x0884,0x1083,0x0884,0x0884,0x1083,0x0884,0x10a4,
  0x0883,0x10a4,0x0883,0x08a4,0x1084,0x08a3,0x1084,0x0883,0x08a4,0x0884,0x1083,0x08a4,0x0884,0x10a3,0x0884,0x0883,
  0x1084,0x08a4,0x0883,0x1084,0x08a4,0x0883,0x1084,0x0883,0x0884,0x10a3,0x0884,0x0883,0x1084,0x08a4,0x0883,0x10a4,
  0x0883,0x0884,0x0883,0x1084,0x0883,0x08a4,0x1084,0x0883,0x1084,0x0883,0x1084,0x0883,0x10a4,0x0883,0x08a4,0x1083,
  0x0884,0x1083,0x0884,0x1084,0x08a3,0x0884,0x1083,0x08a4,0x1083,0x0884,0x1083,0x0884,0x08a4,0x0883,0x08a4,0x1084,
  0x1084,0x08a4,0x1083,0x0884,0x0884,0x10a3,0x0884,0x0884,0x08a4,0x1084,0x0883,0x0884,0x1084,0x08a4,0x1084,0x0883,
  0x1084,0x0883,0x08a4,0x1083,0x0884,0x10a4,0x08a4,0x10a4,0x10a4,0x08a4,0x1084,0x08a4,0x1084,0x10a4,0x08a4,0x08a4,
  0x08a4,0x10a4,0x08a4,0x08a4,0x1084,0x10a4,0x08a4,0x10a4,0x08a4,0x10a4,0x1084,0x08a4,0x10a4,0x08a4,0x10a4,0x0884,
  0x10c4,0x0884,0x10a4,0x08a4,0x10a4,0x10a5,0x08a4,0x10a4,0x10a4,0x10a4,0x08a4,0x10a4,0x10c5,0x10c5,0x10c5,0x10a5,
  0x18c4,0x10c5,0x18c5,0x18c5,0x10a5,0x08a4,0x10a5,0x10c5,0x10c5,0x1084,0x18c6,0x08c5,0x0105,0x0166,0x0186,0x0186,
  0x01a6,0x01a6,0x01a7,0x01a7,0x0187,0x01a6,0x01a6,0x01a7,0x01a7,0x01a7,0x01c7,0x01a7,0x01c6,0x01a7,0x01c7,0x01a7,
  0x01c6,0x01c7,0x01a7,0x01c6,0x01a7,0x01c7,0x01c7,0x01c6,0x01a7,0x01c7,0x01c6,0x01a7,0x01c7,0x01a7,0x01c6,0x01a7,
  0x01c7,0x01a7,0x01c7,0x01a7,0x01a7,0x01a7,0x01a7,0x01a7,0x01a7,0x01a7,0x01a6,0x01a6,0x01a6,0x0186,0x0145,0x0106,
  0x0926,0x08c5,0x10c5,0x10a4,0x10a4,0x20c6,0x10a4,0x10a4,0x18c5,0x1084,0x10c5,0x08c5,0x08c4,0x10a4,0x10c5,0x10a4,
  0x1085,0x1084,0x10c5,0x0883,0x10a5,0x10a4,0x10a4,0x10a5,0x08a4,0x10a4,0x1084,0x10c5,0x0883,0x10a5,0x10a4,0x08a4,
  0x10a4,0x10a4,0x08a4,0x08a4,0x10c5,0x1083,0x10a5,0x08a4,0x10a4,0x0884,0x10a4,0x08a4,0x1084,0x08a4,0x10a5,0x0883,
  0x08a4,0x10a4,0x0884,0x1084,0x0883,0x10a5,0x0884,0x10a4,0x0884,0x10a4,0x0884,0x1083,0x0884,0x1083,0x0884,0x0883,
  0x10a4,0x0884,0x10a4,0x1084,0x08a4,0x1084,0x08a4,0x0883,0x10a4,0x0883,0x1084,0x08a3,0x1084,0x1084,0x0883,0x0884,
  0x1084,0x08a3,0x1084,0x0883,0x0884,0x1083,0x08a4,0x1083,0x0884,0x10a3,0x0884,0x08a3,0x1084,0x0883,0x0884,0x0883,
  0x0884,0x1083,0x0884,0x08a3,0x1084,0x0884,0x1083,0x08a4,0x1083,0x0884,0x10a3,0x0884,0x0883,0x1084,0x08a3,0x0884,
  0x1084,0x0883,0x0884,0x1083,0x08a4,0x0883,0x0884,0x0883,0x1084,0x0883,0x10a4,0x0883,0x0884,0x10a3,0x0884,0x0883,
  0x1084,0x08a3,0x0884,0x1083,0x08a4,0x1083,0x0884,0x0883,0x1084,0x08a3,0x0884,0x1084,0x0883,0x0884,0x1083,0x08a4,
  0x1083,0x08a4,0x1083,0x0884,0x1083,0x0884,0x1083,0x0884,0x0884,0x1083,0x0884,0x1083,0x0884,0x0883,0x10a4,0x0883,
  0x0884,0x1083,0x0884,0x0883,0x1084,0x0883,0x1084,0x0883,0x1084,0x0883,0x1084,0x0883,0x1084,0x0883,0x1084,0x08a3,
  0x1084,0x0883,0x0884,0x1084,0x0883,0x1084,0x0883,0x0884,0x1083,0x1084,0x0884,0x0883,0x1084,0x0883,0x1084,0x0883,
  0x1084,0x0883,0x1084,0x0883,0x10a4,0x0883,0x1084,0x08a3,0x0884,0x1083,0x0884,0x0883,0x1084,0x0883,0x08a4,0x0883,
  0x1084,0x0883,0x1084,0x0883,0x1084,0x0883,0x10a4,0x0883,0x1084,0x1083,0x0884,0x1083,0x0884,0x1083,0x0884,0x0883,
  0x0884,0x1083,0x0884,0x0883,0x0884,0x1083,0x0884,0x08a3,0x0884,0x10a3,0x0884,0x0883,0x1084,0x0884,0x1083,0x08a3,
  0x0884,0x0883,0x1084,0x0883,0x1084,0x0883,0x10a4,0x0883,0x1084,0x0883,0x0884,0x10a3,0x0884,0x0883,0x1084,0x0883,
  0x1084,0x08a3,0x1084,0x0883,0x1084,0x0883,0x0884,0x10a3,0x0884,0x0883,0x1084,0x0883,0x0884,0x08a3,0x1084,0x0883,
  0x0884,0x1083,0x0884,0x08a3,0x1084,0x0883,0x1084,0x08a3,0x0884,0x1083,0x08a4,0x1083,0x0884,0x08a3,0x1084,0x0883,
  0x0884,0x0883,0x1084,0x0883,0x0884,0x0883,0x0884,0x1084,0x0883,0x1084,0x0883,0x1084,0x0883,0x0884,0x1083,0x08a4,
  0x1083,0x0884,0x1083,0x0884,0x1083,0x08a4,0x0883,0x10a4,0x0883,0x1084,0x0883,0x10a4,0x0883,0x1084,0x0883,0x0884,
  0x1083,0x08a4,0x1083,0x08a4,0x1084,0x0883,0x1084,0x08a3,0x0884,0x1083,0x08a4,0x0884,0x0883,0x1084,0x0883,0x1084,
  0x08a3,0x0884,0x1083,0x0884,0x1083,0x0884,0x08a4,0x1083,0x0884,0x08a3,0x1084,0x0883,0x1084,0x1083,0x0884,0x0883,
  0x0883,0x1083,0x0884,0x1083,0x0883,0x1084,0x0883,0x1084,0x0883,0x0883,0x10a4,0x0883,0x1083,0x0884,0x1083,0x0884,
  0x10a3,0x0884,0x0884,0x1084,0x0883,0x10a4,0x0883,0x1084,0x0883,0x10a4,0x0884,0x1084,0x0883,0x0884,0x10a4,0x1084,
  0x0884,0x10a4,0x1084,0x0884,0x10a4,0x0884,0x10a4,0x10a4,0x0883,0x10a4,0x0884,0x10a4,0x10a4,0x10a5,0x10a4,0x10a4,
  0x10a4,0x10a4,0x10a4,0x10a4,0x08a4,0x10a4,0x10a4,0x10a4,0x08a4,0x10a4,0x10a4,0x10a4,0x10a4,0x08a4,0x10a5,0x10a4,
  0x10a5,0x1885,0x08a4,0x18a5,0x10a4,0x10c5,0x10a4,0x10a4,0x10a5,0x1884,0x18a5,0x18a5,0x10e5,0x0905,0x0105,0x0126,
  0x0146,0x0146,0x0925,0x0125,0x0126,0x0146,0x0146,0x0125,0x0925,0x0925,0x0925,0x0925,0x0925,0x0926,0x0925,0x0925,
  0x0925,0x0925,0x0926,0x0925,0x0925,0x0925,0x0925,0x0925,0x0925,0x0925,0x0925,0x1125,0x0925,0x0926,0x1125,0x0925,
  0x0925,0x1125,0x0925,0x0925,0x0125,0x0926,0x0125,0x0125,0x0925,0x0146,0x0146,0x0146,0x0126,0x0126,0x0105,0x08c5,
  0x10c5,0x1885,0x18a5,0x10a5,0x10a4,0x10a4,0x10a5,0x10a4,0x10a5,0x10a4,0x10c5,0x08c4,0x10a4,0x10c5,0x10a5,0x10a4,
  0x10a5,0x1083,0x10c5,0x1083,0x10c5,0x0884,0x10a4,0x08a4,0x10a4,0x10a4,0x08a4,0x10a5,0x08a3,0x10a5,0x08a4,0x10a4,
  0x0884,0x10a4,0x10a4,0x1084,0x10a4,0x08a4,0x0883,0x08a4,0x10a4,0x08a4,0x1084,0x10a4,0x0884,0x10a4,0x1083,0x0884,
  0x1084,0x1084,0x0883,0x10a4,0x1084,0x0883,0x1084,0x0883,0x1084,0x0883,0x1084,0x0883,0x10a4,0x0884,0x1083,0x0884,
  0x10a4,0x1083,0x0884,0x1084,0x0884,0x1083,0x0884,0x1084,0x10a4,0x0884,0x1083,0x0884,0x0883,0x10a4,0x0883,0x1083,
  0x0884,0x0883,0x0884,0x1083,0x0884,0x1083,0x0884,0x0883,0x1084,0x0883,0x1084,0x0883,0x1084,0x0883,0x1084,0x1083,
  0x0884,0x08a3,0x1084,0x0883,0x1083,0x0883,0x0884,0x1083,0x0884,0x0883,0x1084,0x0883,0x1084,0x0883,0x1084,0x0883,
  0x1083,0x0884,0x1083,0x0884,0x1083,0x1084,0x1083,0x08a4,0x1083,0x0884,0x0883,0x1084,0x0883,0x1084,0x0883,0x1084,
  0x0883,0x1084,0x0883,0x1084,0x0883,0x0884,0x1083,0x0884,0x1083,0x0884,0x1083,0x0883,0x1084,0x08a3,0x1084,0x0883,
  0x0884,0x1083,0x0884,0x1083,0x0884,0x08a3,0x1084,0x0883,0x10a3,0x0884,0x0883,0x1084,0x08a3,0x1084,0x0883,0x1083,
  0x0884,0x1083,0x08a4,0x1083,0x0884,0x1083,0x08a4,0x0883,0x1084,0x0883,0x08a4,0x1083,0x0883,0x1084,0x0883,0x0883,
  0x1084,0x0883,0x1083,0x08a4,0x0883,0x1084,0x0883,0x10a3,0x0884,0x0883,0x1083,0x0884,0x10a3,0x0884,0x1083,0x08a4,
  0x1083,0x0884,0x0883,0x1084,0x0883,0x1084,0x0883,0x1084,0x0883,0x0884,0x1083,0x08a4,0x1083,0x0884,0x1083,0x0884,
  0x1083,0x0884,0x1083,0x0884,0x10a3,0x0884,0x0883,0x1084,0x0883,0x0884,0x10a3,0x0884,0x0883,0x10a3,0x0884,0x1083,
  0x0884,0x1083,0x0884,0x1083,0x0884,0x1083,0x0884,0x1083,0x0884,0x1083,0x0884,0x1083,0x0883,0x1084,0x0883,0x1084,
  0x0883,0x1084,0x0883,0x0884,0x10a3,0x0884,0x0883,0x1084,0x0883,0x1084,0x0883,0x1084,0x0883,0x1084,0x0883,0x1084,
  0x0883,0x0884,0x1083,0x08a4,0x0883,0x1084,0x0883,0x1084,0x0883,0x1084,0x0883,0x10a4,0x0883,0x1084,0x0883,0x1084,
  0x0883,0x10a4,0x0883,0x1084,0x0883,0x0884,0x0883,0x1084,0x0883,0x1084,0x0883,0x0884,0x1083,0x0884,0x1083,0x0884,
  0x1083,0x0884,0x1083,0x0884,0x1083,0x1084,0x08a3,0x1083,0x0884,0x1083,0x08a4,0x0883,0x1083,0x0884,0x1083,0x0884,
  0x0883,0x1083,0x0884,0x10a3,0x0883,0x1084,0x0883,0x1084,0x0883,0x0884,0x1083,0x0884,0x0883,0x1084,0x0883,0x1084,
  0x0883,0x1084,0x0883,0x0883,0x1084,0x0883,0x0883,0x1084,0x0883,0x0884,0x1083,0x1083,0x0884,0x1083,0x0884,0x0883,
  0x1084,0x0883,0x0884,0x10a3,0x0884,0x1083,0x0883,0x1084,0x0883,0x1084,0x0883,0x1084,0x0883,0x0884,0x1083,0x0884,
  0x0884,0x1083,0x0884,0x10a3,0x0884,0x0883,0x08a4,0x0884,0x1083,0x0884,0x08a4,0x1084,0x0883,0x10a4,0x0884,0x1083,
  0x0884,0x1083,0x0883,0x10a4,0x0884,0x10a4,0x0884,0x10a4,0x1084,0x0884,0x10a3,0x0884,0x10a4,0x0883,0x10a4,0x10a4,
  0x08a4,0x10a4,0x0884,0x10a4,0x10a4,0x10a4,0x0883,0x10c5,0x1084,0x08a4,0x10a4,0x0884,0x10a4,0x0884,0x10c4,0x0884,
  0x10c5,0x0884,0x10a5,0x08a4,0x10a4,0x10a5,0x08a4,0x10a5,0x0884,0x10c5,0x0884,0x10c5,0x10a5,0x10c5,0x10a4,0x10a4,
  0x10a4,0x10a5,0x10a4,0x10a5,0x10a4,0x10a4,0x10a5,0x10c4,0x10c5,0x10a4,0x1084,0x10c5,0x10c4,0x10e5,0x10e5,0x10e4,
  0x10c5,0x08c5,0x10e5,0x10e5,0x08e5,0x08e6,0x0905,0x08e5,0x10c4,0x10c4,0x10c4,0x10c4,0x10c4,0x10a4,0x10c4,0x10c4,
  0x10c5,0x10a4,0x10c4,0x10c4,0x10c4,0x10a4,0x08c5,0x10c4,0x10a4,0x10c4,0x10c5,0x08a4,0x10c4,0x10a4,0x10c4,0x10c5,
  0x10a4,0x10c4,0x10c5,0x10a4,0x10c5,0x10e5,0x10c5,0x08e5,0x10c5,0x08e5,0x08e5,0x08e4,0x0905,0x0904,0x10e5,0x10c5,
  0x18a5,0x1885,0x18a4,0x10a5,0x10c4,0x08c5,0x10c5,0x08a4,0x10a4,0x10c5,0x08c5,0x10c4,0x10c5,0x08a4,0x10a4,0x18a5,
  0x18a4,0x0884,0x10c5,0x0883,0x10a5,0x08a3,0x10a4,0x10a4,0x08a4,0x10a5,0x08a3,0x10a5,0x1083,0x10c5,0x10a3,0x10a4,
  0x10a4,0x08a4,0x0884,0x1084,0x0884,0x08a4,0x1084,0x08a4,0x10a4,0x1084,0x08a4,0x1084,0x10a4,0x08a4,0x0884,0x10a4,
  0x0883,0x10a4,0x0884,0x0884,0x0884,0x10a4,0x10a4,0x0883,0x0884,0x10a4,0x0883,0x0884,0x1084,0x08a3,0x1084,0x08a4,
  0x0883,0x0884,0x1083,0x08a3,0x1084,0x08a3,0x0884,0x0884,0x0883,0x1083,0x0884,0x1083,0x0884,0x1083,0x0884,0x0883,
  0x10a4,0x0883,0x1084,0x08a3,0x1084,0x0883,0x10a3,0x0884,0x0883,0x1084,0x0883,0x1084,0x0883,0x08a4,0x1083,0x08a4,
  0x1083,0x0883,0x1084,0x0883,0x0884,0x10a4,0x0883,0x0884,0x10a3,0x0884,0x1083,0x0884,0x08a3,0x1084,0x0883,0x1084,
  0x08a3,0x1084,0x0883,0x10a4,0x0883,0x0884,0x0883,0x1084,0x0883,0x1084,0x0883,0x1084,0x0883,0x1084,0x0883,0x10a4,
  0x0883,0x1084,0x0883,0x08a3,0x1084,0x0883,0x10a4,0x0883,0x0884,0x1083,0x08a4,0x1083,0x0884,0x1083,0x0883,0x1084,
  0x0883,0x1083,0x0884,0x08a3,0x1084,0x0883,0x1084,0x0883,0x0884,0x1083,0x08a3,0x1084,0x0883,0x0883,0x1084,0x0883,
  0x08a4,0x1083,0x0883,0x0884,0x10a3,0x0884,0x1083,0x0883,0x08a4,0x1083,0x0883,0x0884,0x1083,0x08a4,0x1083,0x0884,
  0x0883,0x10a4,0x0883,0x1084,0x0883,0x08a4,0x1083,0x0884,0x1083,0x08a4,0x1083,0x0884,0x1083,0x0883,0x0884,0x1083,
  0x0883,0x10a4,0x0883,0x1083,0x08a4,0x0883,0x1084,0x0883,0x1084,0x08a3,0x1084,0x0883,0x0884,0x1083,0x0884,0x1083,
  0x08a4,0x1083,0x08a4,0x0883,0x1084,0x0883,0x1083,0x0884,0x10a3,0x0884,0x0883,0x1083,0x0884,0x1083,0x0884,0x10a3,
  0x0884,0x08a3,0x1083,0x08a4,0x1083,0x08a4,0x1083,0x0884,0x1083,0x0884,0x1083,0x08a4,0x0883,0x1084,0x08a3,0x0884,
  0x1083,0x0884,0x10a3,0x0884,0x1083,0x0884,0x1083,0x0883,0x08a4,0x1083,0x0884,0x1083,0x08a3,0x0884,0x1083,0x08a4,
  0x1083,0x0883,0x0884,0x1083,0x0884,0x10a3,0x0884,0x0883,0x1084,0x08a3,0x0884,0x1083,0x0884,0x1083,0x0884,0x08a3,
  0x1084,0x0883,0x1084,0x0883,0x1084,0x08a3,0x1084,0x0883,0x10a4,0x0883,0x1084,0x08a3,0x1084,0x0883,0x0884,0x10a3,
  0x0884,0x1083,0x08a4,0x1083,0x08a4,0x0883,0x1084,0x0883,0x08a4,0x1083,0x0883,0x1084,0x08a3,0x1084,0x0883,0x1084,
  0x08a3,0x1084,0x0883,0x0884,0x1083,0x0884,0x1083,0x0884,0x1083,0x08a4,0x1083,0x0884,0x1083,0x08a4,0x1083,0x0884,
  0x08a3,0x1084,0x0883,0x1084,0x08a3,0x1084,0x0883,0x10a4,0x0883,0x1084,0x0883,0x08a4,0x1083,0x0884,0x10a3,0x0884,
  0x1083,0x08a4,0x1083,0x0884,0x0883,0x1084,0x0883,0x0884,0x1083,0x0884,0x08a3,0x0884,0x10a3,0x0883,0x10a4,0x0883,
  0x0883,0x1084,0x0883,0x0884,0x1083,0x1084,0x0883,0x10a4,0x0884,0x1083,0x0884,0x08a4,0x0884,0x1083,0x0884,0x1083,
  0x08a4,0x1084,0x0884,0x10a4,0x0883,0x10a4,0x1084,0x08a3,0x1084,0x08a4,0x1084,0x0883,0x1084,0x0884,0x10a4,0x08a4,
  0x1084,0x10a4,0x08a4,0x1084,0x08a4,0x10a4,0x0884,0x10c5,0x0883,0x10a4,0x08a4,0x10a4,0x10a4,0x08a4,0x10a5,0x0883,
  0x10c5,0x1083,0x10c4,0x10a4,0x08a4,0x10a4,0x10a4,0x10a4,0x0883,0x10c5,0x1083,0x10c5,0x10a4,0x08a4,0x10a5,0x10c5,
  0x10a4,0x10c5,0x10a4,0x10c5,0x10a4,0x10a5,0x10a4,0x10c5,0x1084,0x10a4,0x0884,0x10c5,0x08c4,0x10a4,0x08c4,0x10a5,
  0x10a4,0x18c5,0x10a4,0x10c5,0x08c5,0x08e4,0x08e5,0x08c4,0x08a4,0x10a4,0x0884,0x0884,0x10a4,0x0884,0x10a4,0x08a4,
  0x0883,0x10a4,0x08a3,0x0884,0x10a4,0x08a4,0x1083,0x08a4,0x10a4,0x08a4,0x10a4,0x1084,0x08a4,0x10a4,0x0883,0x08a4,
  0x0883,0x0884,0x08a3,0x10a4,0x08a4,0x10c4,0x10a5,0x18c5,0x10a4,0x10a4,0x10c5,0x08c5,0x08e5,0x08c5,0x10e5,0x10c4,
  0x1085,0x20a4,0x1085,0x10a4,0x08c5,0x08c4,0x08c4,0x10e5,0x08a4,0x08e5,0x10a4,0x08a5,0x10a4,0x10a5,0x10a4,0x10a5,
  0x10a5,0x1083,0x10c5,0x0883,0x10c5,0x1084,0x10a4,0x10a5,0x10a4,0x10a4,0x1084,0x10c5,0x0883,0x10a5,0x08a4,0x10a4,
  0x0884,0x10a4,0x08a4,0x10a4,0x08a4,0x0883,0x10a5,0x0884,0x08a4,0x10a4,0x08a4,0x0884,0x1084,0x08a4,0x1083,0x1084,
  0x0884,0x10a4,0x0883,0x10a4,0x0883,0x0884,0x1084,0x0884,0x1083,0x1084,0x0883,0x1083,0x0884,0x1083,0x0883,0x0884,
  0x1084,0x0883,0x10a4,0x0884,0x10a4,0x1084,0x0883,0x1084,0x0883,0x1084,0x08a3,0x0884,0x1083,0x0884,0x10a3,0x0884,
  0x1083,0x0884,0x1083,0x0883,0x0884,0x1083,0x0884,0x1083,0x08a4,0x1083,0x0884,0x08a3,0x1084,0x0883,0x0883,0x1084,
  0x0883,0x1084,0x0883,0x1084,0x0883,0x1083,0x0884,0x1083,0x0883,0x1084,0x0883,0x1083,0x0884,0x0883,0x10a3,0x0884,
  0x0883,0x0884,0x1083,0x0883,0x0884,0x1083,0x08a4,0x0883,0x1083,0x08a4,0x0883,0x1083,0x08a4,0x0883,0x1084,0x0883,
  0x0884,0x1083,0x0884,0x1083,0x0884,0x1083,0x0883,0x1084,0x08a3,0x1083,0x0884,0x0883,0x1083,0x0884,0x0883,0x10a4,
  0x0883,0x0884,0x1083,0x0884,0x1083,0x0883,0x0884,0x1083,0x08a4,0x1083,0x0884,0x0883,0x1084,0x0883,0x08a4,0x1083,
  0x0884,0x1083,0x0884,0x1083,0x0884,0x0883,0x1084,0x0883,0x1084,0x0883,0x1084,0x0883,0x0884,0x1083,0x0884,0x10a3,
  0x0884,0x1083,0x0884,0x0883,0x1084,0x0883,0x1084,0x0883,0x0884,0x1083,0x0884,0x0883,0x1084,0x08a3,0x1084,0x0883,
  0x0884,0x1083,0x0884,0x0883,0x1084,0x0883,0x0883,0x10a4,0x0883,0x0883,0x1084,0x0883,0x1083,0x08a4,0x1083,0x0884,
  0x0883,0x1084,0x0883,0x1083,0x0884,0x1083,0x0884,0x0883,0x1084,0x0883,0x1084,0x0883,0x1084,0x08a3,0x0884,0x1083,
  0x0883,0x1084,0x0883,0x0884,0x1083,0x0884,0x0883,0x1083,0x08a4,0x0883,0x0884,0x1083,0x0884,0x0883,0x1084,0x0883,
  0x1083,0x0884,0x0883,0x1083,0x0884,0x1083,0x0884,0x1083,0x0884,0x1083,0x08a3,0x0884,0x1083,0x0884,0x1083,0x0883,
  0x0884,0x1083,0x08a4,0x1083,0x0883,0x0884,0x1083,0x0884,0x1083,0x0883,0x1084,0x0883,0x1083,0x08a4,0x1083,0x0884,
  0x0883,0x1083,0x0884,0x0883,0x1083,0x0884,0x1083,0x0883,0x0884,0x1083,0x0883,0x0884,0x1083,0x0883,0x1084,0x0883,
  0x1083,0x0884,0x0883,0x1083,0x0884,0x1083,0x0883,0x1084,0x0883,0x1084,0x0883,0x0884,0x1083,0x0884,0x08a3,0x1083,
  0x0884,0x0883,0x1084,0x0883,0x0884,0x1083,0x08a4,0x0883,0x1083,0x0884,0x0883,0x1084,0x0883,0x0883,0x0884,0x1083,
  0x0884,0x1083,0x0884,0x0883,0x1084,0x0883,0x1084,0x0883,0x1084,0x08a3,0x1084,0x0883,0x0884,0x1083,0x0884,0x0883,
  0x1084,0x0883,0x0883,0x1084,0x0883,0x10a4,0x0883,0x1084,0x08a3,0x1083,0x0884,0x1083,0x0884,0x1083,0x0884,0x1083,
  0x0884,0x10a3,0x0884,0x1083,0x0884,0x0883,0x1084,0x0883,0x0884,0x1083,0x0884,0x1084,0x0883,0x1084,0x08a4,0x1083,
  0x0884,0x1083,0x08a4,0x1083,0x0884,0x10a4,0x0884,0x1084,0x08a4,0x1084,0x0884,0x08a4,0x1084,0x10a4,0x0884,0x10c4,
  0x0884,0x10a4,0x0884,0x10a4,0x10a4,0x1084,0x0883,0x10a4,0x10a4,0x0884,0x10a4,0x0884,0x10a4,0x10a4,0x10a5,0x1083,
  0x10c5,0x0884,0x10a5,0x08a4,0x10a4,0x10a4,0x0884,0x10c5,0x1083,0x10c5,0x0884,0x10a5,0x10a4,0x10a5,0x10a4,0x08a4,
  0x10a5,0x08a4,0x10a5,0x10a4,0x10a5,0x10a4,0x10a4,0x10a5,0x08a4,0x10c4,0x08a4,0x10e4,0x08c4,0x08c4,0x10a4,0x10a4,
  0x10a4,0x18c5,0x10a4,0x18a5,0x10c5,0x08c4,0x08e5,0x08e4,0x08c4,0x08c4,0x10e4,0x08c4,0x08e4,0x10c4,0x08c4,0x10e4,
  0x10c4,0x08e4,0x10c4,0x10c4,0x08e5,0x10e4,0x08c4,0x10e4,0x08c4,0x10c4,0x08e4,0x08c4,0x08e4,0x08c4,0x08c4,0x10e4,
  0x08c4,0x08c4,0x08c4,0x10e4,0x10a4,0x10a4,0x10a5,0x10a4,0x18a5,0x10a4,0x10a4,0x10c5,0x08a4,0x08c4,0x08c4,0x10a4,
  0x10a5,0x10a4,0x10a4,0x08a4,0x10c5,0x08c5,0x08c4,0x08c5,0x08a4,0x10c5,0x10a4,0x10c5,0x10a4,0x10a5,0x10a4,0x10c5,
  0x10c4,0x0884,0x10c5,0x1084,0x10c4,0x08a4,0x10a4,0x08a4,0x10a4,0x08a4,0x08a4,0x10c5,0x0883,0x10c5,0x1084,0x10a4,
  0x08a4,0x10a4,0x0884,0x10a4,0x08a4,0x10a4,0x10a4,0x1083,0x08a4,0x10a4,0x08a4,0x1084,0x08a4,0x10a4,0x0884,0x0883,
  0x10a4,0x1084,0x0884,0x1084,0x10a4,0x0883,0x10a4,0x0883,0x08a4,0x1083,0x0884,0x08a4,0x1083,0x08a4,0x0884,0x1083,
  0x0884,0x1084,0x0884,0x1083,0x08a4,0x1084,0x0883,0x10a4,0x0883,0x0884,0x1083,0x0884,0x08a3,0x1084,0x0883,0x0884,
  0x1083,0x0883,0x0884,0x1083,0x08a4,0x0883,0x1084,0x0883,0x1084,0x0883,0x1083,0x0884,0x1083,0x0884,0x1083,0x0884,
  0x0883,0x0884,0x10a3,0x0884,0x0883,0x1084,0x08a3,0x1084,0x0883,0x0884,0x10a3,0x0884,0x1083,0x0884,0x0883,0x1084,
  0x1083,0x0884,0x08a3,0x1084,0x0883,0x1084,0x0883,0x1084,0x0883,0x1084,0x0883,0x0884,0x1083,0x0884,0x1083,0x0883,
  0x10a4,0x0883,0x0884,0x1083,0x08a4,0x0883,0x1084,0x0883,0x0884,0x1083,0x0884,0x1083,0x08a4,0x1083,0x0884,0x0883,
  0x1084,0x0883,0x10a4,0x0883,0x0884,0x1083,0x08a4,0x1083,0x0884,0x0883,0x1084,0x0883,0x1084,0x0883,0x1084,0x0883,
  0x1084,0x0883,0x0884,0x1083,0x0883,0x1084,0x08a3,0x1084,0x0883,0x1084,0x08a3,0x1084,0x0883,0x08a4,0x1083,0x0884,
  0x0883,0x1084,0x0883,0x1084,0x0883,0x1083,0x0884,0x10a3,0x0884,0x0883,0x1083,0x08a4,0x1083,0x0884,0x0883,0x1084,
  0x0883,0x10a4,0x0883,0x1084,0x0883,0x10a4,0x0883,0x0884,0x1083,0x0884,0x1083,0x08a4,0x0883,0x1084,0x0883,0x1083,
  0x0884,0x0883,0x1084,0x0883,0x0884,0x08a3,0x1084,0x0883,0x1083,0x0884,0x08a3,0x1084,0x0883,0x1084,0x0883,0x0884,
  0x1083,0x0884,0x1083,0x0884,0x0883,0x1083,0x08a4,0x0883,0x1084,0x1083,0x0884,0x1083,0x08a4,0x1083,0x0883,0x1084,
  0x08a3,0x1084,0x0883,0x1084,0x08a3,0x0884,0x1083,0x08a4,0x0883,0x1084,0x0883,0x1084,0x0883,0x1084,0x0883,0x1084,
  0x08a3,0x1084,0x0883,0x1084,0x0883,0x1084,0x0883,0x10a3,0x0884,0x1083,0x0884,0x08a3,0x0884,0x1083,0x0884,0x1083,
  0x0884,0x0883,0x10a4,0x0883,0x0884,0x1083,0x08a4,0x1083,0x0884,0x0883,0x1084,0x0883,0x10a4,0x0883,0x0884,0x10a3,
  0x0884,0x1083,0x0884,0x0883,0x1084,0x0883,0x08a4,0x1083,0x0884,0x0883,0x1084,0x0883,0x1084,0x0883,0x1084,0x0883,
  0x1084,0x0883,0x10a4,0x0883,0x1084,0x0883,0x1083,0x0884,0x0883,0x1084,0x0883,0x10a3,0x0884,0x1083,0x0884,0x10a3,
  0x0883,0x0884,0x10a3,0x0884,0x1083,0x0884,0x08a3,0x0884,0x1083,0x0884,0x0883,0x1084,0x0883,0x0883,0x10a4,0x0883,
  0x1083,0x0884,0x1083,0x08a4,0x1083,0x0883,0x0884,0x1083,0x0884,0x0883,0x1084,0x0883,0x1084,0x0883,0x0884,0x0883,
  0x0883,0x1084,0x0883,0x0883,0x10a4,0x0883,0x10a4,0x1084,0x08a4,0x08a4,0x0883,0x1084,0x08a3,0x1083,0x0884,0x0883,
  0x1084,0x0883,0x0884,0x1083,0x0883,0x1084,0x08a4,0x1083,0x0884,0x1083,0x1084,0x0884,0x0883,0x1084,0x08a4,0x08a4,
  0x10a4,0x08a4,0x08a4,0x1083,0x08a4,0x10a4,0x10a5,0x0883,0x10a5,0x1083,0x10a4,0x08a4,0x10a4,0x08a4,0x10c4,0x0884,
  0x10c5,0x0883,0x10c4,0x1084,0x10a4,0x08a5,0x10a4,0x10a4,0x0884,0x10c5,0x1083,0x10a5,0x10c4,0x08a4,0x10a5,0x10a4,
  0x10a5,0x10a4,0x10c5,0x10a4,0x10c5,0x08a4,0x10c5,0x10c5,0x10a4,0x10c5,0x08a4,0x10a4,0x08c4,0x10a4,0x08c4,0x10a4,
  0x1084,0x18c4,0x10a5,0x18c5,0x10a4,0x10c5,0x08c5,0x10e4,0x08e5,0x08e4,0x08e5,0x08c4,0x08e4,0x08e4,0x08e5,0x08e4,
  0x08e4,0x08e5,0x08e5,0x08e4,0x08e4,0x08e4,0x08e5,0x08e4,0x08e4,0x08c4,0x08e4,0x10e5,0x08e4,0x08c5,0x10e4,0x08e4,
  0x10e4,0x08e5,0x10e4,0x08e5,0x08e4,0x08c4,0x10a4,0x10a4,0x10a4,0x10a4,0x10a4,0x10a4,0x1084,0x08c4,0x08a4,0x08c4,
  0x08a4,0x10a4,0x10a4,0x10c5,0x10a4,0x08c4,0x10c5,0x10c5,0x10c4,0x10c5,0x0884,0x10a4,0x10a4,0x08a5,0x10a4,0x10c4,
  0x08c5,0x1084,0x10c4,0x0884,0x10a4,0x10a4,0x10a4,0x08a4,0x10a4,0x10a5,0x1083,0x10c5,0x1084,0x10a4,0x08a4,0x10a4,
  0x10a4,0x08a4,0x10a4,0x0883,0x10a5,0x08a4,0x08a4,0x08a4,0x10a4,0x0884,0x1084,0x0884,0x1084,0x10a4,0x0883,0x10a5,
  0x08a4,0x1083,0x08a4,0x1083,0x0884,0x1084,0x1084,0x0884,0x1083,0x10a4,0x0884,0x1083,0x0884,0x0884,0x1083,0x08a4,
  0x10a4,0x0883,0x1084,0x08a4,0x10a4,0x0883,0x08a4,0x0884,0x1083,0x0884,0x10a3,0x0883,0x1084,0x0883,0x1083,0x0884,
  0x0883,0x10a4,0x0883,0x1084,0x0883,0x1084,0x0883,0x08a4,0x0883,0x1084,0x0883,0x08a4,0x1083,0x0884,0x08a3,0x1084,
  0x1083,0x0884,0x0883,0x1084,0x08a3,0x1084,0x0883,0x0884,0x1083,0x0884,0x0883,0x1084,0x08a3,0x1084,0x0883,0x0884,
  0x08a3,0x1083,0x0884,0x1083,0x0884,0x10a3,0x0883,0x0884,0x1083,0x08a4,0x1083,0x0884,0x10a3,0x0883,0x0884,0x1083,
  0x0884,0x1083,0x08a3,0x0884,0x1083,0x0884,0x0883,0x10a4,0x0883,0x1084,0x0883,0x0884,0x1083,0x0884,0x1083,0x0884,
  0x10a3,0x0884,0x0883,0x1083,0x0884,0x1083,0x0884,0x0883,0x1083,0x0884,0x1083,0x08a4,0x0883,0x1084,0x0883,0x1084,
  0x08a3,0x1084,0x0883,0x08a4,0x1083,0x0884,0x0883,0x0883,0x1084,0x0883,0x0884,0x1083,0x0884,0x1083,0x0884,0x1083,
  0x0883,0x0884,0x10a3,0x0883,0x08a4,0x1083,0x0884,0x0883,0x1083,0x0884,0x1083,0x0884,0x0883,0x1084,0x0883,0x10a3,
  0x0884,0x0883,0x1084,0x0883,0x0884,0x1083,0x0884,0x1083,0x0884,0x1083,0x0884,0x1083,0x0884,0x1083,0x0884,0x08a3,
  0x1084,0x0883,0x10a4,0x0883,0x1084,0x0883,0x1083,0x08a4,0x0883,0x1084,0x0883,0x1084,0x0883,0x0883,0x1084,0x08a3,
  0x1084,0x0883,0x08a4,0x1083,0x0884,0x1083,0x0884,0x1083,0x0884,0x0883,0x10a3,0x0884,0x1083,0x0884,0x0883,0x1084,
  0x0883,0x0884,0x10a3,0x0884,0x1083,0x0883,0x0884,0x1083,0x0884,0x0883,0x1084,0x0883,0x08a4,0x1083,0x0884,0x0883,
  0x1084,0x0883,0x0884,0x1083,0x08a4,0x0883,0x1084,0x0883,0x0884,0x08a3,0x1084,0x1083,0x0884,0x0883,0x1083,0x0884,
  0x10a3,0x0884,0x1083,0x0884,0x10a3,0x0884,0x0883,0x1084,0x0883,0x10a4,0x0883,0x1084,0x0883,0x1084,0x0883,0x0884,
  0x1083,0x08a4,0x1083,0x08a4,0x1083,0x0884,0x1083,0x0884,0x1083,0x08a4,0x1083,0x08a4,0x0883,0x1084,0x0883,0x0884,
  0x10a3,0x0884,0x0883,0x1084,0x08a3,0x0884,0x1083,0x08a4,0x1083,0x0884,0x1083,0x0884,0x1083,0x08a4,0x1083,0x0884,
  0x1083,0x0884,0x1083,0x0883,0x08a4,0x1083,0x0883,0x1084,0x0883,0x1083,0x0884,0x10a3,0x0884,0x1083,0x0884,0x1083,
  0x0884,0x10a3,0x0884,0x0883,0x1084,0x0883,0x1084,0x08a3,0x1084,0x0883,0x1084,0x08a3,0x0883,0x1084,0x08a3,0x1084,
  0x0883,0x1084,0x0883,0x1084,0x0883,0x1084,0x0883,0x0884,0x1083,0x0884,0x1083,0x0884,0x08a4,0x0884,0x1083,0x0884,
  0x10a3,0x0884,0x08a4,0x0884,0x1083,0x10a5,0x0883,0x10a4,0x1084,0x08a4,0x10a4,0x0884,0x08a4,0x0884,0x10a4,0x0883,
  0x1084,0x1084,0x10a4,0x0884,0x1084,0x0884,0x0883,0x10c5,0x10a4,0x08a4,0x10a4,0x10a4,0x10a5,0x0884,0x10c5,0x1083,
  0x10c5,0x1084,0x10a4,0x08a4,0x10a4,0x10a4,0x08a4,0x10c5,0x0883,0x10c5,0x0884,0x10c5,0x10a4,0x10a4,0x10c5,0x10a4,
  0x10a5,0x08a4,0x10c4,0x0884,0x10a4,0x10a4,0x10a4,0x10a4,0x10a4,0x18a5,0x1883,0x18a4,0x0884,0x10a4,0x08a4,0x10a4,
  0x10a4,0x10a4,0x10a5,0x18a4,0x10a5,0x10a4,0x10a4,0x10c5,0x10c5,0x10a4,0x10c5,0x10a4,0x10c5,0x18c5,0x0884,0x10a5,
  0x10c5,0x1084,0x08a4,0x10c5,0x10a5,0x10c5,0x10a5,0x10c5,0x10c5,0x10c5,0x10a5,0x10a4,0x10c5,0x10a4,0x10c5,0x10a5,
  0x10c5,0x10a5,0x10a4,0x08a4,0x08a5,0x08e4,0x08c5,0x0884,0x18c4,0x18a4,0x18a5,0x10a4,0x10c5,0x10c4,0x10c5,0x1084,
  0x10c4,0x08a4,0x10a5,0x10a5,0x10c5,0x10a5,0x10a4,0x08a4,0x1084,0x10a5,0x18a4,0x18a5,0x10a5,0x18c5,0x08c5,0x08c5,
  0x08e4,0x08a4,0x10a5,0x08a3,0x10a5,0x08a4,0x10a4,0x10a5,0x08a4,0x10a4,0x08a4,0x10a5,0x08a3,0x10a5,0x10a4,0x08a4,
  0x1084,0x0883,0x10a5,0x1084,0x08a3,0x10a5,0x10a4,0x10a4,0x08a4,0x10a4,0x10a4,0x10a4,0x0883,0x10c5,0x0883,0x1084,
  0x1083,0x08a4,0x1084,0x0884,0x10a4,0x0884,0x10a4,0x0883,0x1084,0x0884,0x1083,0x0884,0x1083,0x0883,0x10a5,0x0883,
  0x1084,0x0883,0x1083,0x0884,0x10a4,0x1084,0x0884,0x1083,0x0884,0x1083,0x0884,0x1083,0x0884,0x0883,0x1084,0x08a3,
  0x1084,0x0883,0x1084,0x0883,0x1084,0x08a3,0x1084,0x1083,0x0883,0x0884,0x1083,0x0884,0x1083,0x0883,0x1084,0x0883,
  0x08a4,0x1083,0x0883,0x1084,0x0883,0x0884,0x1083,0x0883,0x10a4,0x0883,0x1084,0x0883,0x0884,0x1083,0x0884,0x1083,
  0x1084,0x0883,0x1084,0x0883,0x0884,0x1083,0x0884,0x10a3,0x0884,0x1083,0x0884,0x1083,0x0884,0x1083,0x08a4,0x1083,
  0x0884,0x0883,0x1084,0x0883,0x1084,0x0883,0x1084,0x0883,0x1084,0x0883,0x10a4,0x0883,0x0884,0x10a3,0x0884,0x1083,
  0x0884,0x1083,0x0884,0x1083,0x08a4,0x0883,0x1084,0x0883,0x10a4,0x0883,0x1084,0x0883,0x1084,0x08a3,0x1083,0x0884,
  0x0883,0x1083,0x0884,0x1083,0x0884,0x1083,0x10a4,0x0883,0x0884,0x10a3,0x0884,0x1083,0x0883,0x1084,0x0883,0x08a4,
  0x1083,0x0884,0x1083,0x0884,0x1083,0x0884,0x1083,0x0884,0x10a3,0x0884,0x1083,0x08a4,0x1083,0x0883,0x1084,0x0883,
  0x1084,0x0883,0x1083,0x08a4,0x1083,0x0884,0x1083,0x08a4,0x1083,0x0884,0x08a3,0x1084,0x0883,0x0884,0x1083,0x0884,
  0x1083,0x0884,0x0883,0x1084,0x0883,0x10a4,0x0883,0x1084,0x0883,0x1084,0x0883,0x08a3,0x1084,0x0883,0x1084,0x0883,
  0x0884,0x1083,0x0884,0x1083,0x08a4,0x1083,0x0884,0x0883,0x10a4,0x0883,0x0884,0x1083,0x0884,0x1083,0x08a4,0x0883,
  0x1084,0x0883,0x1084,0x0883,0x0884,0x1083,0x08a4,0x1083,0x0883,0x10a4,0x0883,0x1084,0x0883,0x0884,0x10a3,0x0884,
  0x1083,0x0884,0x10a3,0x0884,0x1083,0x0884,0x1083,0x0884,0x1083,0x0884,0x0883,0x1084,0x0883,0x1084,0x08a3,0x0884,
  0x1083,0x0884,0x1083,0x0883,0x0884,0x1083,0x0884,0x1083,0x0884,0x1083,0x0884,0x0883,0x10a4,0x0883,0x1084,0x0883,
  0x1084,0x0883,0x0884,0x1083,0x0884,0x1083,0x0884,0x08a3,0x1083,0x0884,0x0883,0x1083,0x0884,0x10a3,0x0884,0x1083,
  0x0884,0x1083,0x0883,0x1084,0x0883,0x1084,0x0883,0x1084,0x0883,0x10a4,0x0883,0x0884,0x0883,0x1084,0x0883,0x0884,
  0x1083,0x0884,0x0883,0x1084,0x0883,0x1084,0x0883,0x1084,0x0883,0x08a4,0x1083,0x0884,0x1083,0x0884,0x1083,0x08a4,
  0x0883,0x1084,0x0883,0x1084,0x0883,0x10a4,0x0883,0x0884,0x1083,0x0884,0x0883,0x1084,0x0883,0x1084,0x0883,0x1083,
  0x0884,0x10a3,0x0884,0x0883,0x10a4,0x0883,0x1084,0x0883,0x1084,0x0883,0x10a5,0x0883,0x1084,0x0883,0x10a4,0x1084,
  0x0884,0x1083,0x0884,0x1083,0x0884,0x0883,0x1084,0x0884,0x0883,0x1084,0x0883,0x1084,0x0883,0x10a5,0x0883,0x10a5,
  0x08a3,0x0884,0x1084,0x08a4,0x08a4,0x10a4,0x10a4,0x0883,0x0884,0x10a4,0x08a4,0x0884,0x10a4,0x10a4,0x10a4,0x0884,
  0x10c4,0x0884,0x10c5,0x10a4,0x08a4,0x10a4,0x1084,0x10c4,0x0884,0x10c4,0x1084,0x10a5,0x10c5,0x10c5,0x0884,0x10a4,
  0x10c5,0x10a5,0x10c5,0x10c5,0x10c5,0x10c5,0x10a5,0x10c5,0x1084,0x18a4,0x18a4,0x18a4,0x18a4,0x0884,0x10c4,0x10c5,
  0x10c5,0x18c5,0x10a5,0x18a4,0x18c5,0x10a5,0x18a5,0x10a5,0x10a5,0x18c5,0x18a5,0x18c5,0x10a5,0x18c5,0x10c4,0x18c5,
  0x18c5,0x18a5,0x18c5,0x18c5,0x18a4,0x18c5,0x18a5,0x18a4,0x18a5,0x10c5,0x10c5,0x18c5,0x10c5,0x18c5,0x10c5,0x18a5,
  0x10c4,0x10c5,0x10c5,0x18a5,0x10c5,0x08e4,0x10c4,0x10c5,0x0884,0x18a5,0x10a4,0x10a4,0x10c5,0x10c5,0x10c4,0x10e4,
  0x0884,0x10c5,0x1083,0x18a5,0x10a4,0x10a5,0x10c5,0x10c5,0x18c5,0x10a5,0x1084,0x1884,0x08a4,0x10a4,0x10a4,0x08e4,
  0x08e5,0x0883,0x10c5,0x1084,0x10c4,0x1084,0x08a4,0x10a4,0x10a4,0x10a5,0x0883,0x10c5,0x1083,0x10c5,0x0884,0x10a4,
  0x10a4,0x10a4,0x0883,0x10a5,0x1083,0x0884,0x10a4,0x0884,0x1083,0x08a4,0x10a4,0x08a4,0x1084,0x0883,0x10a5,0x0883,
  0x1084,0x0884,0x1083,0x0884,0x1083,0x0884,0x1083,0x08a4,0x0883,0x1084,0x08a3,0x0883,0x10a5,0x1084,0x0883,0x1084,
  0x0883,0x10a4,0x10a4,0x0884,0x0883,0x1083,0x0884,0x1083,0x10a5,0x0883,0x0884,0x1083,0x08a4,0x1083,0x0884,0x1083,
  0x0884,0x1083,0x0884,0x08a3,0x1084,0x0883,0x0883,0x0884,0x1083,0x08a4,0x1083,0x0883,0x08a4,0x1083,0x0884,0x1083,
  0x0883,0x1084,0x08a3,0x0884,0x1083,0x0883,0x10a4,0x0883,0x0884,0x1083,0x08a3,0x1084,0x0883,0x10a3,0x0884,0x0883,
  0x0884,0x10a3,0x0884,0x1083,0x08a4,0x1083,0x0884,0x0883,0x1084,0x0883,0x0883,0x08a4,0x1083,0x0884,0x0883,0x1084,
  0x08a3,0x1084,0x0883,0x1084,0x08a3,0x1084,0x0883,0x10a3,0x0884,0x0883,0x1083,0x0884,0x1083,0x0884,0x0883,0x0883,
  0x1084,0x08a3,0x1084,0x0883,0x1084,0x0883,0x10a3,0x0884,0x1083,0x0884,0x0883,0x10a3,0x0884,0x0883,0x0884,0x1083,
  0x08a4,0x0883,0x1084,0x08a3,0x0884,0x0883,0x0884,0x1083,0x0884,0x1083,0x0883,0x08a4,0x1083,0x08a4,0x1083,0x0884,
  0x1083,0x0884,0x0883,0x1084,0x0883,0x08a4,0x1083,0x0884,0x0883,0x1084,0x0883,0x0884,0x1083,0x08a4,0x0883,0x1084,
  0x0883,0x08a4,0x1083,0x0884,0x0883,0x10a3,0x0884,0x0883,0x0883,0x1084,0x0883,0x0883,0x10a4,0x0883,0x1084,0x08a3,
  0x0884,0x1083,0x08a3,0x1084,0x0883,0x0884,0x1083,0x0884,0x1083,0x08a4,0x1083,0x0884,0x1083,0x08a4,0x0883,0x1084,
  0x08a3,0x1084,0x0883,0x1084,0x0883,0x0884,0x10a3,0x0884,0x1083,0x0884,0x1083,0x0884,0x08a3,0x1084,0x0883,0x1084,
  0x08a3,0x1084,0x0883,0x1084,0x08a3,0x1084,0x0883,0x0884,0x1083,0x0884,0x1083,0x0883,0x10a4,0x0883,0x1084,0x0883,
  0x08a4,0x1083,0x0883,0x0884,0x1083,0x0883,0x08a4,0x1083,0x0884,0x1083,0x08a4,0x1083,0x0884,0x0883,0x1084,0x0883,
  0x1084,0x0883,0x08a4,0x1083,0x0884,0x1083,0x08a3,0x0884,0x1083,0x08a3,0x1084,0x0883,0x0883,0x1084,0x08a3,0x1083,
  0x0884,0x1083,0x0883,0x0884,0x10a3,0x0883,0x1084,0x0883,0x0884,0x1083,0x0884,0x1083,0x0884,0x0883,0x1083,0x0884,
  0x0883,0x10a4,0x0883,0x0884,0x1083,0x08a3,0x0884,0x1083,0x0884,0x0883,0x1084,0x08a3,0x1084,0x0883,0x1084,0x08a3,
  0x0884,0x10a3,0x0884,0x1083,0x0884,0x08a3,0x1084,0x0883,0x1084,0x0883,0x0884,0x1083,0x0883,0x08a4,0x0883,0x1084,
  0x0883,0x0884,0x1083,0x08a3,0x0884,0x0883,0x1084,0x0883,0x0883,0x10a4,0x0883,0x1084,0x08a3,0x0884,0x1083,0x0884,
  0x0883,0x1084,0x0883,0x1083,0x0884,0x0883,0x0883,0x1084,0x08a4,0x1084,0x0883,0x1084,0x0883,0x1084,0x0883,0x0884,
  0x1083,0x0884,0x1083,0x08a4,0x1083,0x08a5,0x0883,0x10a4,0x1084,0x10a4,0x10a4,0x10a5,0x10c4,0x1083,0x0884,0x1084,
  0x10a4,0x1084,0x08a4,0x1083,0x0884,0x10a4,0x0884,0x10a5,0x10a4,0x1084,0x1084,0x10c4,0x10c4,0x10c4,0x10c4,0x10c4,
  0x10c5,0x10c4,0x10a4,0x10a4,0x10c5,0x10c4,0x10c5,0x10c4,0x10c5,0x10c4,0x10c4,0x10c4,0x10c4,0x10a4,0x10c4,0x10c5,
  0x10c4,0x10c4,0x10c4,0x10c4,0x10a4,0x10c4,0x10c4,0x10c4,0x10c5,0x10a4,0x10a5,0x18a4,0x10c5,0x10c4,0x10c4,0x10c4,
  0x10c4,0x10c4,0x10c4,0x10c5,0x10a4,0x10c4,0x10c4,0x10c5,0x10c4,0x10c5,0x10c5,0x10c5,0x10c4,0x10a5,0x10c5,0x10a5,
  0x10c4,0x10c5,0x10c4,0x10c5,0x10c5,0x10c5,0x10c5,0x10c5,0x10c5,0x10c4,0x18c5,0x10c5,0x10a4,0x10c5,0x18c5,0x10c5,
  0x10c5,0x10c5,0x18c5,0x10c5,0x10c4,0x10c5,0x10c4,0x10c5,0x10c4,0x10c4,0x10c5,0x10c4,0x10a4,0x10c4,0x10c4,0x10c5,
  0x10c4,0x10c5,0x10c4,0x10c4,0x10c4,0x10c4,0x10c4,0x10a4,0x10c4,0x10c4,0x10c4,0x10c5,0x10c4,0x10c4,0x10c4,0x10c4,
  0x08a5,0x10c5,0x10c4,0x10c5,0x10c5,0x10c4,0x10c5,0x10c4,0x10c4,0x0884,0x10c5,0x1083,0x10c5,0x0883,0x10c4,0x10a5,
  0x08a4,0x10a4,0x08a4,0x10c4,0x0884,0x10c5,0x10c4,0x08c4,0x10c5,0x10c4,0x08c4,0x10c4,0x10c5,0x10c4,0x1084,0x10c4,
  0x08a4,0x10a4,0x08a4,0x0884,0x10a4,0x1084,0x0883,0x10a5,0x1083,0x0884,0x10a4,0x0884,0x0883,0x1083,0x0884,0x0883,
  0x08a5,0x0884,0x0883,0x1083,0x0884,0x0883,0x1084,0x0883,0x0884,0x1083,0x08a3,0x0884,0x1083,0x0883,0x0884,0x0883,
  0x1083,0x0884,0x1083,0x0883,0x0884,0x1083,0x0884,0x1083,0x0884,0x1083,0x0884,0x1083,0x0884,0x0883,0x1084,0x0883,
  0x0884,0x1083,0x0884,0x1083,0x0884,0x1083,0x0884,0x1083,0x0884,0x1083,0x0884,0x0883,0x1084,0x0883,0x1084,0x0883,
  0x1083,0x0884,0x0883,0x1083,0x0884,0x0883,0x1083,0x0884,0x0883,0x1084,0x0883,0x1084,0x0883,0x1083,0x0884,0x0883,
  0x1083,0x0884,0x0883,0x1083,0x0884,0x0883,0x1084,0x0883,0x1083,0x0884,0x0883,0x1084,0x0883,0x1083,0x0884,0x10a3,
  0x0884,0x0883,0x0883,0x1084,0x0883,0x0884,0x1083,0x0884,0x0883,0x1083,0x0884,0x0883,0x1084,0x1083,0x0884,0x1083,
  0x0884,0x1083,0x0883,0x1084,0x0883,0x1083,0x0884,0x1083,0x0883,0x0884,0x1083,0x0884,0x0883,0x1084,0x0883,0x0883,
  0x1084,0x0883,0x10a3,0x0884,0x1083,0x0883,0x0884,0x1083,0x0884,0x0883,0x1083,0x0884,0x0883,0x1084,0x0883,0x0884,
  0x1083,0x0884,0x0883,0x1083,0x0884,0x0883,0x1084,0x1083,0x0884,0x1083,0x0884,0x1083,0x0884,0x1083,0x0883,0x1084,
  0x0883,0x1084,0x0883,0x0883,0x1084,0x0883,0x0883,0x1084,0x0883,0x0883,0x1084,0x0883,0x0884,0x1083,0x0884,0x1083,
  0x0883,0x0884,0x1083,0x0883,0x1084,0x0883,0x1083,0x0884,0x0883,0x1083,0x0884,0x1083,0x0883,0x0884,0x1083,0x0883,
  0x0884,0x0883,0x1083,0x0884,0x0883,0x0883,0x1084,0x0883,0x1084,0x0883,0x0884,0x0883,0x1084,0x0883,0x0883,0x1084,
  0x0883,0x0884,0x1083,0x0883,0x0884,0x1083,0x0884,0x1083,0x0883,0x0884,0x1083,0x0883,0x1084,0x0883,0x1083,0x0884,
  0x0883,0x1083,0x0884,0x1083,0x0883,0x0884,0x1083,0x0884,0x0883,0x1084,0x0883,0x1084,0x0883,0x0883,0x1084,0x0883,
  0x0884,0x08a3,0x1084,0x0883,0x0884,0x1083,0x0884,0x1083,0x0884,0x1083,0x0884,0x08a3,0x1083,0x0884,0x0883,0x10a4,
  0x0883,0x0883,0x1084,0x0883,0x0884,0x1083,0x0884,0x0883,0x1083,0x0884,0x1083,0x0883,0x0884,0x1083,0x0883,0x1084,
  0x0883,0x1083,0x0884,0x0883,0x1083,0x0884,0x0883,0x1083,0x0884,0x1083,0x0883,0x0884,0x1083,0x0884,0x1083,0x0883,
  0x1084,0x0883,0x0884,0x1083,0x1084,0x0883,0x1083,0x0884,0x1083,0x0884,0x1083,0x0883,0x1084,0x0883,0x0884,0x1083,
  0x0883,0x0884,0x1083,0x0884,0x0883,0x1084,0x0883,0x0883,0x1084,0x0883,0x10a4,0x0883,0x08a5,0x0883,0x1084,0x0883,
  0x10a4,0x0884,0x0883,0x10a4,0x0884,0x0883,0x1084,0x0884,0x0884,0x0883,0x0884,0x10a3,0x1085,0x08a4,0x10a4,0x0883,
  0x0884,0x1083,0x08a4,0x0884,0x1084,0x10a4,0x0884,0x1083,0x0884,0x10a4,0x0884,0x10a4,0x08a4,0x1084,0x10a4,0x0884,
  0x1083,0x10a5,0x08a3,0x10a4,0x10c5,0x10a5,0x08a4,0x10a4,0x10c5,0x10a5,0x08a4,0x10a5,0x10a4,0x08a4,0x10a4,0x10a4,
  0x08a4,0x10a4,0x10c5,0x10c4,0x10c5,0x10a4,0x08a4,0x10a4,0x10a4,0x10a4,0x10c5,0x0883,0x10c5,0x1084,0x10a4,0x10a4,
  0x10a5,0x10c5,0x10a4,0x18a4,0x08a4,0x10c5,0x10a4,0x10a4,0x10c5,0x10a5,0x10c4,0x10a5,0x10c5,0x10c5,0x18c5,0x10c4,
  0x10c5,0x10a5,0x10c5,0x10a5,0x10c5,0x10a4,0x10c5,0x10c4,0x10a5,0x10c5,0x10a5,0x10c5,0x10c5,0x10a5,0x10c4,0x10a5,
  0x10c5,0x10a4,0x10c5,0x10a5,0x10c4,0x10c5,0x10c5,0x18c4,0x10a5,0x10c5,0x1084,0x10a4,0x10a4,0x10a4,0x10a5,0x08a3,
  0x10a5,0x0883,0x10a5,0x10a4,0x10a5,0x10a4,0x10a4,0x08a4,0x10a4,0x0884,0x10c5,0x0884,0x10a4,0x10a4,0x08a5,0x10a4,
  0x10a4,0x10c4,0x10c5,0x18c4,0x10c4,0x10c5,0x10c4,0x10a5,0x10a4,0x0884,0x1083,0x08a5,0x10a4,0x10a4,0x0884,0x10a4,
  0x10a4,0x10a4,0x0884,0x1084,0x10c4,0x0884,0x10a3,0x1085,0x10a4,0x0884,0x10a4,0x1084,0x10a4,0x0884,0x10a4,0x0884,
  0x10a4,0x0884,0x1084,0x0883,0x0884,0x0883,0x10a4,0x0883,0x0884,0x1083,0x0884,0x1083,0x0884,0x0883,0x10a5,0x1083,
  0x0883,0x1084,0x0884,0x1083,0x0884,0x1083,0x0883,0x08a4,0x1083,0x0884,0x1083,0x0884,0x0883,0x1084,0x0883,0x1084,
  0x0883,0x08a4,0x0883,0x1084,0x0883,0x0884,0x1083,0x0884,0x0883,0x0883,0x0884,0x0883,0x1084,0x0883,0x0883,0x1084,
  0x0883,0x0884,0x1083,0x0883,0x0884,0x0883,0x0884,0x1083,0x0883,0x0884,0x1083,0x0884,0x0883,0x0884,0x1083,0x0884,
  0x0883,0x1084,0x0883,0x0884,0x1083,0x0884,0x0883,0x1084,0x0883,0x1083,0x0884,0x0883,0x1084,0x0883,0x1084,0x0883,
  0x0884,0x1083,0x0884,0x0883,0x1084,0x0883,0x0883,0x0884,0x0883,0x1084,0x0883,0x08a3,0x0884,0x1083,0x0884,0x0883,
  0x1083,0x0884,0x1083,0x0884,0x1083,0x0883,0x0884,0x1083,0x0884,0x0883,0x1084,0x0883,0x0883,0x0884,0x1083,0x0883,
  0x0884,0x0883,0x1084,0x0883,0x1084,0x0883,0x1084,0x08a3,0x1084,0x0883,0x0884,0x1083,0x0884,0x0883,0x1084,0x0883,
  0x0883,0x1084,0x0883,0x0884,0x0883,0x1084,0x0883,0x0883,0x1084,0x08a3,0x1084,0x0883,0x1084,0x0883,0x1083,0x0884,
  0x0883,0x1083,0x0884,0x1083,0x0884,0x1083,0x0884,0x0883,0x0883,0x0884,0x1083,0x0884,0x0883,0x0884,0x0883,0x1083,
  0x0884,0x0883,0x1084,0x0883,0x0884,0x1083,0x0884,0x0883,0x1084,0x0883,0x0884,0x1083,0x0884,0x0883,0x1083,0x0884,
  0x1083,0x0883,0x0884,0x0883,0x0883,0x1084,0x0883,0x1084,0x0883,0x0884,0x0883,0x1084,0x0883,0x1083,0x0884,0x1083,
  0x0883,0x1084,0x0883,0x0883,0x1084,0x0883,0x1084,0x0883,0x0883,0x1084,0x08a3,0x1084,0x0883,0x1084,0x0883,0x0883,
  0x1084,0x0883,0x1084,0x0883,0x1084,0x0883,0x0884,0x0883,0x1084,0x0883,0x0884,0x0883,0x1083,0x08a4,0x0883,0x1084,
  0x0883,0x0884,0x1083,0x0884,0x1083,0x0884,0x0883,0x1084,0x0883,0x0883,0x0884,0x0883,0x1084,0x0883,0x0884,0x1083,
  0x0883,0x1084,0x0883,0x1084,0x0883,0x0884,0x0883,0x0883,0x1084,0x08a3,0x1083,0x0884,0x0883,0x1084,0x0883,0x1083,
  0x0884,0x1083,0x0884,0x1083,0x0883,0x1084,0x0883,0x1084,0x0883,0x0883,0x0884,0x1083,0x0884,0x0883,0x0884,0x1083,
  0x0884,0x0883,0x1083,0x0884,0x1083,0x0884,0x1083,0x0884,0x08a3,0x0884,0x1083,0x0884,0x1083,0x0883,0x0884,0x1083,
  0x0884,0x1083,0x0883,0x0884,0x0883,0x1084,0x0883,0x0884,0x1083,0x0883,0x0884,0x0883,0x0884,0x1083,0x0883,0x0884,
  0x1083,0x0884,0x0883,0x1083,0x0884,0x1083,0x0884,0x1083,0x0883,0x0884,0x10a4,0x0883,0x1084,0x0883,0x1084,0x08a4,
  0x1083,0x0884,0x1083,0x0884,0x1083,0x0884,0x1083,0x10a4,0x1084,0x10a4,0x08a4,0x10a4,0x0883,0x10a4,0x0884,0x1084,
  0x10a4,0x10a4,0x08a4,0x10a4,0x08a4,0x1083,0x10a5,0x0883,0x10a5,0x10a4,0x08a4,0x10a4,0x10a4,0x10a4,0x10a4,0x10c5,
  0x08a4,0x10a4,0x10a4,0x10a4,0x10a4,0x10c4,0x10a4,0x10c5,0x10a4,0x10c4,0x10a4,0x10c4,0x10c4,0x10a4,0x10c5,0x10a4,
  0x10c5,0x10a4,0x10c4,0x10a4,0x10a4,0x10c4,0x10a5,0x10c4,0x10a5,0x08a4,0x10c4,0x10a4,0x10c4,0x10a4,0x08c5,0x10c4,
  0x10a4,0x10c4,0x10a4,0x10c4,0x10a4,0x10c4,0x10a5,0x10c4,0x10c5,0x10c4,0x10c5,0x10c5,0x10c4,0x10a5,0x10c4,0x10a5,
  0x10c5,0x10c4,0x10c5,0x10c4,0x10c4,0x10c5,0x10c5,0x10a4,0x10c5,0x10c4,0x10c4,0x10c5,0x18c4,0x10c5,0x10c5,0x10c4,
  0x18c5,0x10c4,0x10c4,0x10c5,0x10a4,0x10c4,0x10a4,0x10c4,0x10a4,0x10c4,0x10a4,0x10c5,0x10c4,0x08a4,0x10c5,0x10a4,
  0x10c5,0x10c4,0x10c4,0x10a4,0x10c4,0x08a4,0x10c4,0x10a5,0x10c4,0x10c5,0x10a3,0x10c5,0x10a4,0x10c4,0x10a4,0x10c4,
  0x10a5,0x10c4,0x10c4,0x10a4,0x10c4,0x10a4,0x10c4,0x10a4,0x10c4,0x10a4,0x10a4,0x08a4,0x10a4,0x08a4,0x10a4,0x0884,
  0x10a4,0x08a4,0x10a4,0x10c4,0x10a4,0x08c5,0x10a4,0x10c4,0x08a4,0x10c4,0x10a4,0x10a4,0x10c4,0x10a4,0x1084,0x10a4,
  0x10a4,0x0884,0x0884,0x10a4,0x1084,0x0883,0x10a5,0x0883,0x1084,0x0883,0x1084,0x0883,0x10a4,0x1084,0x0883,0x0884,
  0x1084,0x0883,0x10a4,0x0883,0x1084,0x0883,0x1084,0x0883,0x0883,0x0884,0x1083,0x0883,0x1084,0x0883,0x1083,0x0884,
  0x1083,0x0883,0x1084,0x0883,0x1083,0x0883,0x0884,0x1083,0x0884,0x1083,0x1083,0x0884,0x1083,0x0884,0x1083,0x0884,
  0x10a3,0x0883,0x0884,0x1083,0x0884,0x1083,0x0883,0x0884,0x1083,0x0884,0x0883,0x1083,0x0883,0x1083,0x0884,0x1083,
  0x0883,0x0884,0x1083,0x0883,0x0884,0x1083,0x0883,0x1084,0x0883,0x08a4,0x1083,0x0883,0x0884,0x0883,0x0883,0x1084,
  0x0883,0x0883,0x1084,0x0883,0x0883,0x1084,0x0883,0x1084,0x0883,0x1084,0x0883,0x1084,0x0883,0x0884,0x1083,0x0884,
  0x1083,0x0884,0x0883,0x0883,0x0884,0x1083,0x0884,0x0883,0x1083,0x0884,0x1083,0x0884,0x1083,0x0883,0x0884,0x1083,
  0x0884,0x1083,0x0883,0x0884,0x0883,0x1083,0x0884,0x0883,0x0883,0x1084,0x0883,0x1083,0x0883,0x1084,0x0883,0x1084,
  0x0883,0x0884,0x1083,0x0883,0x1084,0x0883,0x1084,0x0883,0x1084,0x0883,0x0883,0x1084,0x0883,0x0884,0x1083,0x0883,
  0x1084,0x0883,0x1084,0x0883,0x0884,0x0883,0x1083,0x0884,0x1083,0x0884,0x08a3,0x1083,0x0883,0x1084,0x0883,0x0884,
  0x1083,0x0883,0x0884,0x1083,0x0883,0x1084,0x08a3,0x1083,0x0884,0x1083,0x0883,0x0884,0x1083,0x0884,0x0883,0x1084,
  0x0883,0x1084,0x0883,0x1084,0x08a3,0x0884,0x0883,0x0883,0x1084,0x0883,0x1083,0x0884,0x0883,0x0884,0x1083,0x0884,
  0x0883,0x1084,0x0883,0x1084,0x0883,0x1084,0x0883,0x1084,0x0883,0x0883,0x1084,0x0883,0x0883,0x0884,0x1083,0x0884,
  0x1083,0x0883,0x0884,0x1083,0x0883,0x1084,0x0883,0x1083,0x08a4,0x1083,0x0883,0x1084,0x0883,0x1084,0x0883,0x0883,
  0x1084,0x0883,0x0883,0x0884,0x0883,0x1083,0x0884,0x1083,0x0884,0x1083,0x1083,0x0884,0x1083,0x0884,0x1083,0x0884,
  0x0883,0x1084,0x0883,0x0883,0x1083,0x0884,0x1083,0x0884,0x0883,0x1084,0x0883,0x1084,0x0883,0x1083,0x0884,0x0883,
  0x1084,0x0883,0x0883,0x1084,0x0883,0x0884,0x1083,0x0883,0x10a4,0x0883,0x1084,0x0883,0x1083,0x0884,0x1083,0x0883,
  0x1084,0x0883,0x0884,0x1083,0x0884,0x0883,0x0884,0x1083,0x0883,0x1084,0x0883,0x0883,0x1084,0x0883,0x1084,0x0883,
  0x0883,0x0884,0x1083,0x0884,0x1083,0x0883,0x1084,0x0883,0x0884,0x1083,0x0884,0x1083,0x0883,0x1084,0x0883,0x1083,
  0x0883,0x1084,0x0883,0x0884,0x1083,0x0883,0x08a4,0x0883,0x10a4,0x0883,0x1084,0x0883,0x1084,0x0883,0x0884,0x1083,
  0x0884,0x1084,0x0883,0x0884,0x0883,0x1084,0x08a4,0x0883,0x0883,0x0884,0x1083,0x0884,0x0884,0x1084,0x0884,0x1083,
  0x0884,0x1084,0x0884,0x1083,0x10a4,0x0884,0x10a4,0x1084,0x0883,0x1084,0x0884,0x10a4,0x08a4,0x0884,0x08a4,0x10a4,
  0x10a4,0x0884,0x10a4,0x08a4,0x10a4,0x08a4,0x10a4,0x10a4,0x08a4,0x10a4,0x10a4,0x08a4,0x10a4,0x08a4,0x10a4,0x08a4,
  0x10a4,0x08a4,0x10a4,0x10c5,0x0884,0x10a4,0x08a4,0x10a4,0x10a4,0x08a4,0x10a5,0x0883,0x10c5,0x0884,0x10a4,0x10a4,
  0x08a4,0x10a5,0x08a4,0x10a5,0x0884,0x10c4,0x0884,0x10c5,0x10a5,0x10c5,0x10a5,0x10c4,0x10c5,0x10c5,0x10c5,0x10c5,
  0x10c5,0x10a5,0x10c5,0x10a5,0x10c5,0x10a5,0x10c5,0x10c5,0x10c5,0x10c5,0x18a5,0x10c5,0x10a5,0x10c4,0x10a5,0x10c5,
  0x10a5,0x10c5,0x10a5,0x10a4,0x10a4,0x10a4,0x0884,0x10c5,0x0883,0x10c5,0x0884,0x10a4,0x08a4,0x10a4,0x10a4,0x0884,
  0x10c4,0x0884,0x10a4,0x08a4,0x10a4,0x10a4,0x08a4,0x10a4,0x0884,0x10c5,0x0883,0x10c5,0x0884,0x10a4,0x10a4,0x08a4,
  0x10a4,0x0884,0x10c5,0x0883,0x10c5,0x10a4,0x08a4,0x10a4,0x08a4,0x1084,0x0884,0x08a4,0x10a4,0x10a4,0x08a4,0x1083,
  0x08a4,0x10a4,0x0884,0x10a4,0x0884,0x1084,0x08a4,0x0883,0x10a4,0x10a4,0x0884,0x08a4,0x1084,0x08a4,0x10a4,0x0884,
  0x10a4,0x0883,0x1083,0x0883,0x0884,0x1083,0x0883,0x1084,0x0884,0x10a4,0x0883,0x0884,0x0884,0x0883,0x1084,0x0883,
  0x10a4,0x0884,0x1083,0x0884,0x0883,0x0884,0x0883,0x1084,0x0883,0x1083,0x0884,0x0883,0x0884,0x0883,0x0884,0x0883,
  0x0884,0x1083,0x0884,0x0883,0x0884,0x1083,0x0884,0x10a3,0x0883,0x0884,0x0883,0x10a4,0x0883,0x0883,0x0884,0x0883,
  0x0884,0x1083,0x0884,0x0883,0x1083,0x08a4,0x1083,0x0884,0x0883,0x1083,0x0884,0x1084,0x0883,0x0884,0x08a3,0x0884,
  0x1083,0x0883,0x08a4,0x1083,0x0884,0x1083,0x08a4,0x0883,0x1083,0x0884,0x0883,0x1084,0x0883,0x1084,0x08a3,0x1084,
  0x0883,0x1084,0x08a3,0x1084,0x0883,0x1084,0x08a3,0x0883,0x1084,0x0883,0x0884,0x1083,0x0883,0x1084,0x0883,0x0883,
  0x0884,0x1083,0x0884,0x1083,0x0884,0x10a3,0x0883,0x1084,0x0883,0x0884,0x08a3,0x1083,0x0884,0x1083,0x0884,0x08a3,
  0x1083,0x0884,0x1083,0x0884,0x10a3,0x0884,0x0883,0x1084,0x0883,0x1084,0x0883,0x0884,0x1083,0x0884,0x0883,0x0883,
  0x1084,0x0883,0x0884,0x1083,0x0884,0x0883,0x1083,0x08a4,0x0883,0x1084,0x0883,0x0883,0x1084,0x0883,0x08a4,0x1083,
  0x0884,0x0883,0x08a4,0x1083,0x0883,0x1084,0x0883,0x0884,0x10a3,0x0883,0x1084,0x0884,0x1083,0x0884,0x1083,0x0883,
  0x0884,0x10a3,0x0884,0x1083,0x0884,0x0883,0x1084,0x0883,0x0884,0x0883,0x1084,0x08a3,0x0883,0x1084,0x0883,0x0883,
  0x0884,0x08a3,0x1084,0x0883,0x1084,0x0883,0x1084,0x0883,0x1084,0x0883,0x08a4,0x1083,0x0884,0x1083,0x0884,0x0883,
  0x1084,0x08a3,0x0884,0x0883,0x1084,0x0883,0x08a3,0x0884,0x1083,0x0884,0x0883,0x1084,0x0883,0x1083,0x0884,0x0883,
  0x0884,0x1083,0x0884,0x08a3,0x0884,0x0883,0x10a4,0x0883,0x0883,0x1084,0x0883,0x0884,0x0883,0x0883,0x1084,0x0883,
  0x0884,0x10a3,0x0884,0x1083,0x0884,0x10a3,0x0884,0x0883,0x1083,0x08a4,0x0883,0x0884,0x0883,0x10a3,0x0884,0x0883,
  0x1084,0x0883,0x0884,0x1083,0x0884,0x1083,0x08a4,0x1083,0x0883,0x0884,0x0883,0x0883,0x1084,0x0883,0x0884,0x1083,
  0x0884,0x0883,0x1084,0x0883,0x0884,0x1083,0x08a4,0x0883,0x0884,0x1083,0x0884,0x0883,0x1084,0x08a3,0x0884,0x0883,
  0x0884,0x1083,0x0884,0x08a3,0x1083,0x0884,0x1083,0x0884,0x0883,0x1084,0x0883,0x10a4,0x0883,0x0884,0x0883,0x10a4,
  0x0883,0x1084,0x0883,0x10a3,0x0884,0x0883,0x0884,0x10a3,0x0883,0x0884,0x1083,0x08a4,0x0883,0x1084,0x0883,0x0884,
  0x0883,0x0884,0x1083,0x0883,0x0884,0x1083,0x0884,0x1083,0x0884,0x1084,0x0883,0x0884,0x10a4,0x0883,0x0884,0x0884,
  0x10a4,0x0883,0x0884,0x10a4,0x0883,0x0884,0x1083,0x0884,0x1084,0x0883,0x1084,0x0884,0x08a4,0x1083,0x08a4,0x0884,
  0x0883,0x10a4,0x0884,0x0884,0x0883,0x1084,0x0884,0x10a4,0x08a4,0x10a4,0x10a4,0x0884,0x10a4,0x10a4,0x10a4,0x0883,
  0x10c5,0x0883,0x10a4,0x1084,0x08a5,0x10a4,0x08a4,0x10a4,0x10a4,0x08a4,0x10a4,0x10a4,0x10a5,0x10a4,0x08a4,0x10a4,
  0x10a4,0x10a4,0x08a4,0x10a4,0x10a4,0x08a4,0x10a4,0x08a4,0x10a4,0x10a4,0x10a4,0x10a4,0x10a4,0x10a4,0x08a4,0x10a4,
  0x10a4,0x08a4,0x10a4,0x10a4,0x08a4,0x10a4,0x10a4,0x10a4,0x10a4,0x10a5,0x10a4,0x10a5,0x10a4,0x10a5,0x10a4,0x10a4,
  0x10a4,0x10a4,0x10a4,0x10a4,0x10a5,0x10a4,0x10a5,0x10a4,0x10a4,0x10a5,0x10a4,0x10a4,0x10a4,0x10a5,0x10a4,0x10a5,
  0x10a4,0x10a5,0x10a4,0x10a5,0x08a4,0x10a5,0x08a3,0x10a5,0x0883,0x10a5,0x10a3,0x10a4,0x10a4,0x08a4,0x10a5,0x1083,
  0x10c5,0x0883,0x10a5,0x10a4,0x08a4,0x10a4,0x10a4,0x10a5,0x1083,0x10c5,0x0883,0x10a5,0x10a4,0x10a4,0x08a4,0x10a4,
  0x10a5,0x0883,0x10c5,0x0884,0x10a4,0x08a4,0x10a5,0x10a4,0x10a4,0x0884,0x08a4,0x0883,0x10a4,0x0884,0x10a4,0x0884,
  0x10a4,0x10a4,0x0884,0x10a4,0x10a4,0x0883,0x08a4,0x1084,0x0884,0x10a4,0x0884,0x10a4,0x1084,0x10a4,0x0884,0x0883,
  0x10a4,0x0884,0x1084,0x0883,0x10a4,0x0884,0x0883,0x1084,0x0883,0x0884,0x1083,0x0884,0x1083,0x0884,0x10a4,0x0883,
  0x1084,0x0883,0x0884,0x1083,0x0884,0x1083,0x0883,0x0884,0x1083,0x0884,0x1083,0x0884,0x1083,0x1083,0x0884,0x1083,
  0x0883,0x0884,0x1083,0x0884,0x1083,0x0884,0x0883,0x0884,0x1083,0x0884,0x1083,0x0883,0x0884,0x1083,0x1083,0x0884,
  0x1083,0x0883,0x1084,0x0883,0x0884,0x1083,0x0884,0x1083,0x0884,0x0883,0x1083,0x0883,0x08a4,0x1083,0x1083,0x0884,
  0x0883,0x1084,0x0883,0x1084,0x0883,0x0883,0x1084,0x0883,0x0884,0x1083,0x0884,0x1083,0x0883,0x1084,0x0883,0x0883,
  0x1084,0x0883,0x0883,0x0884,0x1083,0x0883,0x1084,0x0883,0x0884,0x1083,0x0883,0x0884,0x1083,0x0883,0x1084,0x0883,
  0x1084,0x0883,0x1083,0x0884,0x0883,0x0884,0x1083,0x0884,0x1083,0x0883,0x1084,0x0883,0x0884,0x0883,0x1084,0x0883,
  0x0884,0x0883,0x0884,0x1083,0x0883,0x0884,0x1083,0x0883,0x0884,0x0883,0x1084,0x0883,0x0884,0x1083,0x0884,0x1083,
  0x08a3,0x1084,0x0883,0x0884,0x1083,0x0884,0x0883,0x1083,0x0884,0x0883,0x1084,0x0883,0x0883,0x1084,0x0883,0x0884,
  0x1083,0x0883,0x1083,0x0884,0x0883,0x1084,0x0883,0x1083,0x0884,0x0883,0x1083,0x0883,0x0884,0x0883,0x1084,0x0883,
  0x1084,0x0883,0x0883,0x0884,0x1083,0x0883,0x0884,0x1083,0x0883,0x1084,0x0883,0x1084,0x0883,0x1083,0x0884,0x1083,
  0x0884,0x1083,0x0883,0x0884,0x1083,0x0883,0x1084,0x0883,0x0883,0x1084,0x0883,0x0883,0x1084,0x0883,0x1083,0x08a4,
  0x0883,0x1083,0x0883,0x1084,0x0883,0x0884,0x1083,0x0883,0x0884,0x1083,0x0883,0x0884,0x1083,0x0884,0x1083,0x0883,
  0x1084,0x0883,0x1083,0x0884,0x1083,0x0883,0x0884,0x1083,0x0884,0x0883,0x1084,0x0883,0x1084,0x0883,0x1084,0x0883,
  0x1083,0x0884,0x1083,0x0883,0x0884,0x1083,0x0883,0x1084,0x0883,0x0884,0x1083,0x0883,0x1084,0x0883,0x0883,0x1084,
  0x0883,0x1083,0x0884,0x0883,0x1083,0x0884,0x0883,0x0884,0x1083,0x0883,0x1084,0x0883,0x0884,0x1083,0x0884,0x0883,
  0x1083,0x0884,0x0883,0x1083,0x0884,0x0883,0x1083,0x0884,0x1083,0x0883,0x0884,0x1083,0x0883,0x1084,0x0883,0x1083,
  0x0884,0x1083,0x0883,0x1084,0x0883,0x0883,0x1084,0x0883,0x1083,0x0884,0x0883,0x0883,0x1084,0x0883,0x1083,0x0884,
  0x0883,0x1083,0x0884,0x0883,0x1084,0x0883,0x1083,0x0884,0x1083,0x0883,0x0884,0x1083,0x0883,0x0884,0x1083,0x0883,
  0x1083,0x0884,0x0883,0x1084,0x0883,0x0884,0x1083,0x0884,0x1083,0x0883,0x1084,0x0884,0x1083,0x0884,0x1083,0x0884,
  0x0883,0x1084,0x0883,0x0883,0x1084,0x0884,0x1083,0x0884,0x1084,0x0883,0x1084,0x10a4,0x0883,0x0884,0x1084,0x08a4,
  0x10a4,0x0883,0x1084,0x08a4,0x1084,0x10a4,0x08a4,0x1084,0x10a5,0x0883,0x10a4,0x10a4,0x0884,0x10a4,0x08a4,0x0884,
  0x10a4,0x0884,0x08a4,0x1084,0x10a4,0x10a4,0x0884,0x10a5,0x0883,0x1084,0x08a5,0x10a4,0x0884,0x10a4,0x10a4,0x08a4,
  0x1084,0x08a4,0x10a4,0x08a4,0x10a4,0x10a4,0x10a4,0x10a4,0x08a4,0x1084,0x08a4,0x10a4,0x08a4,0x10a4,0x10a4,0x08a4,
  0x10a4,0x0884,0x10a4,0x0884,0x10a4,0x10a4,0x0884,0x10a4,0x10a5,0x10a4,0x10a5,0x10a4,0x10a4,0x10a5,0x10a4,0x10a5,
  0x10a5,0x10a5,0x10a5,0x08a4,0x10c5,0x10a4,0x10a5,0x10a4,0x10a5,0x10a4,0x10a5,0x10a5,0x08a4,0x10c5,0x10a4,0x10a5,
  0x08a4,0x10a4,0x08a5,0x10a4,0x10a4,0x10a4,0x0884,0x10a4,0x10a4,0x08a4,0x10a4,0x08a5,0x10a4,0x10a4,0x08a4,0x10a4,
  0x08a4,0x10a4,0x10a4,0x10a4,0x10a4,0x08a5,0x10a4,0x08a4,0x10a4,0x08a4,0x10a4,0x10a4,0x08a4,0x10a4,0x10a4,0x08a4,
  0x10a4,0x1084,0x10a4,0x0883,0x10a5,0x1084,0x08a4,0x10a4,0x0884,0x10a4,0x08a4,0x10a4,0x0884,0x08a4,0x10a4,0x10a4,
  0x0884,0x10a4,0x0884,0x10a4,0x08a4,0x10a4,0x1084,0x10a4,0x08a4,0x10a4,0x10a4,0x0884,0x08a4,0x10a4,0x0883,0x10a4,
  0x0883,0x1084,0x0884,0x0883,0x1084,0x0883,0x1084,0x0883,0x1084,0x08a4,0x0883,0x1084,0x08a4,0x0883,0x1084,0x0883,
  0x0884,0x1083,0x0884,0x0884,0x1083,0x0884,0x1083,0x0883,0x0884,0x0883,0x0884,0x1083,0x0884,0x0883,0x1083,0x0884,
  0x1083,0x0884,0x0883,0x1083,0x0884,0x1083,0x0883,0x1083,0x0884,0x0883,0x0884,0x1083,0x0884,0x0883,0x0884,0x1083,
  0x0884,0x0883,0x0883,0x1084,0x0883,0x0883,0x0884,0x0883,0x1083,0x0884,0x08a4,0x1083,0x0884,0x0883,0x0884,0x1083,
  0x0884,0x1083,0x0883,0x0884,0x1083,0x0884,0x0883,0x1083,0x0884,0x0883,0x1083,0x0884,0x0883,0x0883,0x1084,0x0883,
  0x0884,0x1083,0x0884,0x1083,0x0884,0x0883,0x0884,0x1083,0x0883,0x0884,0x1083,0x0884,0x0883,0x0884,0x0883,0x1084,
  0x0883,0x0884,0x0883,0x1083,0x0884,0x1083,0x0883,0x0884,0x0883,0x1084,0x0883,0x0884,0x1083,0x0883,0x1084,0x0883,
  0x1083,0x0884,0x1083,0x0884,0x0883,0x1083,0x0884,0x1083,0x0884,0x1083,0x0883,0x1084,0x08a3,0x0883,0x1084,0x0883,
  0x0884,0x0883,0x1083,0x0883,0x0884,0x1083,0x0884,0x0883,0x1083,0x0884,0x0883,0x1084,0x0883,0x0883,0x1084,0x0883,
  0x0884,0x1083,0x0884,0x1083,0x0884,0x0883,0x0884,0x0883,0x1084,0x0883,0x0884,0x1083,0x0884,0x1083,0x0883,0x0884,
  0x0883,0x1084,0x0883,0x1083,0x0884,0x1083,0x0884,0x0883,0x1084,0x0883,0x0883,0x0884,0x1083,0x0884,0x0883,0x1084,
  0x0883,0x0884,0x1083,0x0883,0x0884,0x0883,0x0883,0x1084,0x0883,0x0883,0x1084,0x0883,0x0883,0x0884,0x0883,0x1083,
  0x0884,0x0883,0x1084,0x0883,0x0883,0x1083,0x0884,0x1083,0x0884,0x0883,0x1084,0x0883,0x0884,0x0883,0x0884,0x1083,
  0x0883,0x0884,0x0883,0x1084,0x0883,0x1084,0x0883,0x0884,0x1083,0x0883,0x0884,0x1083,0x0883,0x0884,0x0883,0x1084,
  0x0883,0x0883,0x0884,0x1083,0x0884,0x0883,0x0884,0x0883,0x1084,0x0883,0x0884,0x1083,0x0884,0x1083,0x0884,0x0883,
  0x0884,0x0883,0x1083,0x08a4,0x0883,0x1083,0x0884,0x1083,0x0884,0x1083,0x0884,0x1083,0x0883,0x0884,0x1083,0x0884,
  0x0883,0x1083,0x0884,0x0883,0x1083,0x0884,0x0883,0x1083,0x0884,0x0883,0x1083,0x0884,0x0883,0x0883,0x1084,0x0883,
  0x0883,0x0884,0x1083,0x0884,0x0883,0x1084,0x0883,0x0884,0x0883,0x1083,0x0884,0x1083,0x0884,0x0883,0x0884,0x1083,
  0x0884,0x0883,0x1084,0x0883,0x0883,0x1084,0x0883,0x0884,0x0883,0x1084,0x0883,0x0884,0x1083,0x0883,0x0884,0x1083,
  0x0883,0x1084,0x0883,0x0883,0x1084,0x0883,0x0883,0x0883,0x0884,0x1084,0x0884,0x0883,0x0884,0x08a4,0x0883,0x1084,
  0x0884,0x1084,0x0883,0x1084,0x0884,0x1083,0x0883,0x0883,0x0883,0x10a4,0x0884,0x0883,0x1084,0x0884,0x0883,0x1084,
  0x0884,0x0884,0x0883,0x1084,0x0883,0x0884,0x1084,0x08a4,0x10a4,0x08a4,0x0884,0x1084,0x0884,0x10a4,0x0884,0x10a4,
  0x0883,0x1084,0x10a4,0x0884,0x08a4,0x10a4,0x0884,0x10a3,0x10a5,0x0883,0x10a4,0x08a4,0x10a4,0x08a4,0x10a4,0x1084,
  0x08a5,0x10a4,0x10a4,0x1084,0x08a4,0x10a4,0x0884,0x10a5,0x08a4,0x10a4,0x08a4,0x10a5,0x0884,0x10a4,0x08a4,0x1084,
  0x10a4,0x0884,0x10a4,0x10a4,0x0883,0x0884,0x10a4,0x0884,0x10a4,0x08a5,0x10a4,0x10a5,0x08a4,0x10a5,0x08a4,0x10a4,
  0x08a4,0x10a4,0x08a4,0x10a4,0x10a5,0x0884,0x10a5,0x08a4,0x10a4,0x08a4,0x10a4,0x10a5,0x08a4,0x10a5,0x0884,0x10a5,
  0x10c5,0x10a4,0x10a5,0x10a4,0x08a4,0x0884,0x10a4,0x0884,0x10a4,0x10a4,0x0884,0x10a4,0x0884,0x10a4,0x0884,0x10a5,
  0x1084,0x10c5,0x0884,0x10a4,0x0884,0x10a4,0x10a4,0x0884,0x10a5,0x0883,0x10c5,0x0884,0x10a4,0x0884,0x10a4,0x10a5,
  0x0884,0x0884,0x10a4,0x0884,0x10a4,0x0884,0x1083,0x08a4,0x1084,0x0884,0x1083,0x08c5,0x1083,0x0884,0x10a4,0x08a4,
  0x10a4,0x10a4,0x0884,0x1083,0x10a5,0x08a4,0x0884,0x10a4,0x0884,0x1084,0x08a4,0x1084,0x1084,0x08a4,0x1084,0x0884,
  0x0883,0x0883,0x1083,0x0884,0x0883,0x1084,0x0883,0x10a5,0x0883,0x0884,0x1083,0x0883,0x0884,0x0884,0x0883,0x1084,
  0x10a4,0x0884,0x0883,0x1083,0x0883,0x0884,0x0883,0x1084,0x0883,0x1083,0x0883,0x0884,0x1083,0x0884,0x0883,0x0884,
  0x0883,0x1083,0x0884,0x0883,0x0883,0x0884,0x1083,0x0884,0x0883,0x1083,0x0884,0x0883,0x1083,0x0884,0x1083,0x0883,
  0x0884,0x1083,0x0884,0x0883,0x1084,0x0883,0x1083,0x0884,0x0883,0x1083,0x0883,0x0884,0x1083,0x0883,0x1084,0x0883,
  0x0883,0x0884,0x1083,0x0883,0x0884,0x1083,0x0884,0x0883,0x1083,0x0884,0x0883,0x1084,0x0883,0x1084,0x0883,0x0884,
  0x1083,0x0883,0x0884,0x0883,0x1083,0x0884,0x1083,0x0884,0x1083,0x0884,0x0883,0x1083,0x0884,0x1083,0x0883,0x0883,
  0x1084,0x0883,0x1084,0x0883,0x0883,0x0884,0x1083,0x0883,0x1084,0x0883,0x0883,0x1084,0x0883,0x0884,0x0883,0x1084,
  0x0883,0x0883,0x0884,0x1083,0x0884,0x0883,0x0884,0x0883,0x1083,0x0884,0x0883,0x0883,0x1084,0x0883,0x0883,0x1084,
  0x0883,0x1084,0x0883,0x1084,0x0883,0x0883,0x1084,0x0883,0x0884,0x1083,0x0883,0x0884,0x1083,0x0884,0x0883,0x1083,
  0x0884,0x0883,0x0884,0x0883,0x1083,0x0884,0x1083,0x0883,0x0884,0x1083,0x0884,0x0883,0x1083,0x0884,0x0883,0x1083,
  0x0884,0x0883,0x1084,0x0883,0x0884,0x0883,0x1083,0x0884,0x0883,0x1084,0x0883,0x1083,0x0884,0x0883,0x1083,0x0883,
  0x0884,0x1083,0x0884,0x1083,0x0884,0x1083,0x0884,0x0883,0x1084,0x0883,0x0884,0x1083,0x0884,0x1083,0x0884,0x0883,
  0x1084,0x0883,0x0884,0x1083,0x0884,0x0883,0x0884,0x0883,0x1083,0x0884,0x0883,0x1083,0x0883,0x1084,0x0883,0x0884,
  0x1083,0x0884,0x1083,0x0883,0x0884,0x0883,0x1083,0x0883,0x0884,0x1083,0x0883,0x0884,0x1083,0x0883,0x1084,0x0883,
  0x0884,0x1083,0x0884,0x0883,0x1083,0x0884,0x1083,0x0883,0x0883,0x1084,0x0883,0x0883,0x0884,0x0883,0x1083,0x0884,
  0x1083,0x0884,0x0883,0x1084,0x0883,0x0884,0x1083,0x0883,0x0884,0x0883,0x0883,0x0884,0x1083,0x0883,0x0884,0x1083,
  0x0884,0x0883,0x1084,0x0883,0x0884,0x1083,0x0884,0x0883,0x1084,0x0883,0x0884,0x1083,0x0884,0x1083,0x0884,0x0883,
  0x1084,0x0883,0x0884,0x1083,0x0883,0x0884,0x1083,0x0883,0x1084,0x0883,0x0884,0x0883,0x1083,0x0884,0x1083,0x0883,
  0x1084,0x0883,0x0883,0x1084,0x0883,0x0884,0x1083,0x0883,0x1084,0x0883,0x1083,0x0884,0x0883,0x1084,0x0883,0x0884,
  0x0883,0x1083,0x0884,0x1083,0x0883,0x1084,0x1083,0x0884,0x1083,0x0883,0x1083,0x1083,0x0883,0x1084,0x0883,0x1083,
  0x0883,0x1084,0x0883,0x10a4,0x0884,0x1083,0x0884,0x10a4,0x1084,0x0883,0x1084,0x0883,0x1083,0x10a5,0x10a4,0x10a4,
  0x10a4,0x10a4,0x1084,0x10a4,0x0884,0x10a4,0x1084,0x08a3,0x1084,0x1084,0x1084,0x0883,0x08a4,0x10a4,0x10a4,0x08a3,
  0x10a5,0x0884,0x08c4,0x10a4,0x10c4,0x10a4,0x10c4,0x0884,0x10c5,0x0883,0x10a5,0x10c4,0x10a4,0x10c5,0x10a4,0x10c5,
  0x10c4,0x10a4,0x10c4,0x10c5,0x10a5,0x10c4,0x10c5,0x10a4,0x10c4,0x10a4,0x10c5,0x10c4,0x10a4,0x10c4,0x10a5,0x10c4,
  0x10c4,0x10a5,0x10c4,0x10c4,0x10a5,0x10c4,0x10a4,0x10c5,0x10c5,0x10a4,0x10c5,0x10a4,0x10a5,0x10c4,0x10a5,0x10a5,
  0x10c5,0x10a5,0x10a5,0x10a5,0x10c4,0x10a5,0x10c4,0x10a5,0x10c5,0x10a5,0x10c5,0x10a4,0x10a5,0x10c4,0x10a5,0x10c4,
  0x10c4,0x10a4,0x10c5,0x10c4,0x10c5,0x10a4,0x10c4,0x10a5,0x10a3,0x10c5,0x10a4,0x10c4,0x10c4,0x10c4,0x10c5,0x10c4,
  0x10a4,0x10c4,0x10a4,0x10c4,0x10c5,0x10a4,0x10c4,0x10c4,0x10c4,0x10a5,0x10c4,0x10a4,0x10c4,0x10c5,0x10a4,0x10c4,
  0x10c4,0x1084,0x10c5,0x10a3,0x10c4,0x10c4,0x10a4,0x10c5,0x08a4,0x08a4,0x1084,0x10c4,0x10a4,0x10a4,0x08a4,0x08a4,
  0x1083,0x10a4,0x08a4,0x10c4,0x0883,0x10a4,0x08a4,0x10a4,0x10a4,0x10a4,0x10a3,0x0884,0x10c4,0x1083,0x0883,0x10a4,
  0x1084,0x1084,0x08a4,0x1083,0x0884,0x10a4,0x0883,0x1084,0x0883,0x1083,0x0884,0x1084,0x1083,0x0883,0x10a4,0x0884,
  0x1083,0x0883,0x1084,0x0883,0x0884,0x1083,0x0883,0x1083,0x0884,0x1083,0x0884,0x1083,0x0883,0x1083,0x0884,0x1083,
  0x0884,0x1083,0x0883,0x1084,0x1083,0x0883,0x0884,0x1083,0x0884,0x1083,0x0883,0x1084,0x0883,0x1083,0x0884,0x1083,
  0x0883,0x1084,0x0883,0x1083,0x0883,0x1084,0x0883,0x1083,0x0884,0x1083,0x0884,0x1083,0x0884,0x1083,0x0883,0x1084,
  0x0883,0x1083,0x0884,0x1083,0x0883,0x0883,0x1084,0x0883,0x1084,0x0883,0x1083,0x0883,0x0884,0x1083,0x0883,0x1083,
  0x0884,0x1083,0x0883,0x1084,0x0883,0x1083,0x0883,0x0883,0x0884,0x1083,0x0883,0x1084,0x0883,0x1084,0x0883,0x1084,
  0x0883,0x1083,0x0883,0x1084,0x0883,0x1083,0x0884,0x1083,0x0883,0x1084,0x0883,0x1083,0x0884,0x1083,0x0883,0x1083,
  0x0884,0x1083,0x0883,0x1083,0x0884,0x1083,0x1083,0x0884,0x0883,0x1083,0x0884,0x1083,0x0883,0x1084,0x0883,0x0883,
  0x1084,0x0883,0x0883,0x1084,0x0883,0x1084,0x0883,0x1083,0x0883,0x1084,0x0883,0x1083,0x0884,0x1083,0x0884,0x1083,
  0x0883,0x1083,0x1083,0x0884,0x1083,0x0883,0x1084,0x0883,0x1083,0x0884,0x1083,0x0884,0x0883,0x1083,0x0884,0x1083,
  0x0883,0x1083,0x0884,0x1083,0x0883,0x1084,0x0883,0x1083,0x0883,0x0883,0x1084,0x0883,0x1083,0x0884,0x0883,0x1084,
  0x0883,0x1083,0x0883,0x0884,0x1083,0x0883,0x1083,0x0884,0x1083,0x0883,0x1084,0x0883,0x1083,0x0884,0x1083,0x0883,
  0x1083,0x0884,0x1083,0x0883,0x1084,0x0883,0x1083,0x0884,0x1083,0x0883,0x1084,0x0883,0x1084,0x0883,0x1083,0x0883,
  0x1084,0x0883,0x0884,0x1083,0x0883,0x1084,0x0883,0x1084,0x0883,0x1084,0x0883,0x1084,0x0883,0x1084,0x0883,0x1083,
  0x0883,0x1084,0x0883,0x1084,0x0883,0x1083,0x0884,0x1083,0x0884,0x1083,0x0884,0x1083,0x1083,0x0884,0x1083,0x0883,
  0x1083,0x0883,0x1084,0x0883,0x1083,0x0883,0x0884,0x1083,0x0883,0x1084,0x1083,0x0883,0x1084,0x0883,0x1083,0x0883,
  0x1084,0x0883,0x1083,0x0884,0x1083,0x0883,0x1084,0x0883,0x0883,0x1084,0x0883,0x1083,0x0884,0x0883,0x1083,0x0884,
  0x1083,0x0883,0x1083,0x0884,0x1083,0x0883,0x1084,0x0883,0x0883,0x1084,0x1083,0x0884,0x1083,0x0883,0x0884,0x1083,
  0x0883,0x1084,0x0883,0x0883,0x1084,0x0883,0x0884,0x1083,0x0883,0x0884,0x1083,0x0883,0x1084,0x0883,0x1083,0x0883,
  0x1084,0x0883,0x1083,0x0884,0x1083,0x0883,0x0884,0x1083,0x0883,0x1084,0x0883,0x0884,0x1083,0x0884,0x1083,0x0884,
  0x1083,0x10a4,0x0884,0x1083,0x0883,0x1084,0x0883,0x1084,0x0883,0x1083,0x0883,0x10a5,0x0884,0x1083,0x0883,0x1083,
  0x08a4,0x10a3,0x0884,0x0883,0x10a4,0x10a3,0x10a5,0x0883,0x10a4,0x08a3,0x10a4,0x1083,0x10a4,0x10c4,0x10c4,0x08a5,
  0x10c4,0x10c4,0x10c4,0x10c4,0x10a4,0x10a4,0x10c4,0x10a4,0x10c5,0x10c4,0x1083,0x10c5,0x10c4,0x10c4,0x10c5,0x10c4,
  0x10c4,0x10c4,0x10a5,0x10c4,0x10c5,0x10a4,0x10c4,0x10c5,0x10c4,0x10c5,0x10a4,0x10c5,0x10c4,0x10c5,0x10c4,0x10c5,
  0x10c4,0x10c4,0x10a4,0x10c5,0x10c4,0x10c4,0x10c5,0x10a4,0x10a4,0x10a4,0x08a4,0x10a5,0x10a3,0x10a5,0x10a4,0x10a4,
  0x10a4,0x10a4,0x10a4,0x10a4,0x10a4,0x1084,0x10c5,0x1083,0x10a4,0x10a4,0x10a4,0x10a4,0x10a4,0x10a5,0x10a4,0x10c5,
  0x10a5,0x10c5,0x10a5,0x10a5,0x10a4,0x10c5,0x10c4,0x10c5,0x10c4,0x10c5,0x10c4,0x10c4,0x10a5,0x10c4,0x10a4,0x10c4,
  0x10c5,0x10c4,0x10c5,0x10c4,0x10c5,0x10c5,0x10c5,0x10a4,0x10c5,0x10c5,0x10c4,0x10c5,0x10c4,0x10c4,0x10c5,0x10c4,
  0x10a5,0x10c4,0x10c4,0x10a5,0x10a4,0x10a4,0x10a4,0x10a4,0x10c4,0x10c4,0x10c4,0x10a5,0x10c4,0x08c5,0x10a4,0x10a4,
  0x10a4,0x08a4,0x10a4,0x1083,0x10c5,0x1083,0x10c4,0x1083,0x10a4,0x08a3,0x10a5,0x10a4,0x10a4,0x08a4,0x1084,0x0883,
  0x0883,0x1084,0x0883,0x1083,0x0883,0x1084,0x0883,0x1083,0x0884,0x10a5,0x1083,0x0884,0x0883,0x1084,0x1083,0x0883,
  0x1084,0x0883,0x0883,0x1084,0x0883,0x1083,0x0884,0x1083,0x0884,0x1083,0x0883,0x1084,0x0883,0x1084,0x0883,0x1083,
  0x0883,0x1084,0x0883,0x0883,0x1084,0x0883,0x1083,0x0883,0x1083,0x0884,0x1083,0x0883,0x1084,0x0883,0x0883,0x1084,
  0x0883,0x1083,0x0884,0x1083,0x0884,0x1083,0x0884,0x1083,0x0884,0x1083,0x0883,0x1083,0x0883,0x0884,0x1083,0x0883,
  0x1084,0x0883,0x1083,0x0884,0x1083,0x0884,0x1083,0x0883,0x1083,0x0884,0x1083,0x0884,0x1083,0x0883,0x1084,0x0883,
  0x0883,0x1084,0x0883,0x1083,0x0884,0x0883,0x1084,0x1083,0x0883,0x1084,0x0883,0x1083,0x0883,0x1084,0x0883,0x1083,
  0x0884,0x0883,0x1084,0x0883,0x1084,0x0883,0x1083,0x0884,0x0883,0x1083,0x0884,0x0883,0x1083,0x0884,0x1083,0x0884,
  0x1083,0x0884,0x1083,0x0884,0x1083,0x0883,0x0884,0x1083,0x1084,0x0883,0x1083,0x0884,0x1083,0x0883,0x1084,0x0883,
  0x1083,0x0884,0x1083,0x0883,0x1083,0x0883,0x1084,0x0883,0x1084,0x0883,0x1084,0x0883,0x1083,0x0883,0x1083,0x0884,
  0x1083,0x0884,0x0883,0x1083,0x0884,0x1083,0x0883,0x1084,0x0883,0x1083,0x0883,0x1083,0x0884,0x1083,0x0883,0x1084,
  0x0883,0x1084,0x0883,0x1083,0x0884,0x1083,0x0884,0x1083,0x0884,0x1083,0x0884,0x1083,0x0884,0x1083,0x0883,0x1084,
  0x0883,0x0884,0x1083,0x0883,0x1084,0x0883,0x1084,0x0883,0x1084,0x0883,0x1083,0x0884,0x1083,0x0883,0x1084,0x0883,
  0x1084,0x0883,0x1083,0x0884,0x1083,0x0884,0x1083,0x0883,0x1084,0x0883,0x1083,0x0884,0x1083,0x0883,0x1084,0x0883,
  0x1083,0x0883,0x1083,0x0884,0x1083,0x0883,0x1084,0x0883,0x1083,0x0883,0x1084,0x0883,0x1083,0x0883,0x0884,0x1083,
  0x0884,0x1083,0x0883,0x1083,0x0884,0x1083,0x0883,0x1084,0x0883,0x1083,0x0883,0x0884,0x1083,0x0883,0x1084,0x0883,
  0x1084,0x0883,0x1083,0x0884,0x1083,0x0884,0x1083,0x0884,0x1083,0x0883,0x0884,0x1083,0x0884,0x1083,0x0884,0x1083,
  0x0883,0x1084,0x0883,0x1083,0x0884,0x1083,0x0883,0x1084,0x0883,0x1083,0x0884,0x1083,0x0883,0x1084,0x0883,0x1083,
  0x0884,0x1083,0x0884,0x1083,0x0884,0x1083,0x0883,0x1084,0x0883,0x0883,0x1083,0x0883,0x1084,0x0883,0x1083,0x0884,
  0x1083,0x0883,0x1084,0x0883,0x1083,0x0883,0x1083,0x0884,0x1083,0x0883,0x1084,0x0883,0x1083,0x0884,0x1083,0x0884,
  0x0883,0x1084,0x0883,0x0883,0x1084,0x0883,0x1083,0x0884,0x1083,0x0883,0x1084,0x0883,0x1083,0x0883,0x1084,0x0883,
  0x0884,0x1083,0x0884,0x1083,0x0884,0x10a4,0x1083,0x0883,0x0884,0x0884,0x1084,0x0883,0x1083,0x0883,0x10c5,0x0884,
  0x1084,0x10a4,0x10a4,0x1084,0x10a4,0x0883,0x1084,0x08a4,0x1084,0x10a4,0x10a4,0x08a4,0x10a4,0x0884,0x10c4,0x1083,
  0x10c5,0x1084,0x10a4,0x08a4,0x10a4,0x08a4,0x08a4,0x10a4,0x10a3,0x08c5,0x10c4,0x10a4,0x10c4,0x10a4,0x10c4,0x10a4,
  0x10c5,0x10a4,0x10c5,0x10c4,0x10c4,0x10c4,0x10c5,0x10a4,0x10c4,0x10c5,0x10c4,0x10a4,0x10c4,0x10c4,0x10a4,0x10c4,
  0x10a5,0x10c4,0x10c5,0x10a4,0x10c4,0x10a5,0x10c4,0x10c5,0x10c5,0x10c5,0x10a4,0x10c5,0x10c5,0x10c5,0x10a4,0x10c5,
  0x10c5,0x10c4,0x10c5,0x10c5,0x10c5,0x10c4,0x10c5,0x10c5,0x10c5,0x10a5,0x10c5,0x10c5,0x10c5,0x10c4,0x10c5,0x10a4,
  0x10c4,0x10a4,0x10c4,0x10c4,0x10c4,0x10c4,0x10a4,0x10c5,0x10a3,0x10c5,0x10a4,0x10c4,0x10c4,0x10c4,0x10c5,0x10c4,
  0x10a5,0x10c3,0x10c5,0x10c4,0x10c4,0x10a4,0x10c4,0x10c4,0x10c4,0x10a4,0x10c4,0x10a4,0x10c4,0x10a4,0x10c4,0x10a4,
  0x10c4,0x10a4,0x10c4,0x08a4,0x10c4,0x10c4,0x10c4,0x10c4,0x10a4,0x10a4,0x1084,0x08c3,0x10a5,0x10a4,0x10a4,0x10a4,
  0x10a3,0x1084,0x10a4,0x0884,0x10c4,0x0883,0x10a5,0x08a4,0x10a4,0x10a4,0x10a3,0x10a4,0x1083,0x10c5,0x0883,0x1084,
  0x0883,0x1083,0x1084,0x0884,0x1084,0x0883,0x1084,0x10a5,0x0883,0x1083,0x0883,0x1084,0x10a4,0x0884,0x0883,0x1084,
  0x0883,0x1084,0x0883,0x1083,0x0884,0x1083,0x0884,0x0883,0x1083,0x0884,0x0883,0x1083,0x0884,0x0883,0x1083,0x0884,
  0x1083,0x0883,0x1084,0x0883,0x1083,0x0884,0x1083,0x0884,0x1083,0x0883,0x0884,0x1083,0x0883,0x1084,0x0883,0x1083,
  0x0884,0x0883,0x1083,0x0884,0x0883,0x1083,0x0883,0x0884,0x1083,0x0883,0x0884,0x1084,0x0883,0x1083,0x0884,0x1083,
  0x0883,0x0884,0x1083,0x0884,0x1083,0x0883,0x1084,0x0883,0x0884,0x1083,0x0883,0x1083,0x0884,0x0883,0x1084,0x0883,
  0x1084,0x0883,0x1084,0x0883,0x1083,0x0884,0x0883,0x1084,0x0883,0x0883,0x1084,0x0883,0x0884,0x1083,0x0883,0x0884,
  0x1083,0x0883,0x1083,0x0884,0x0883,0x1084,0x0883,0x1083,0x0884,0x1083,0x0883,0x1084,0x0883,0x1083,0x0884,0x0883,
  0x1083,0x0883,0x1084,0x0883,0x0883,0x1084,0x0883,0x0883,0x1083,0x0884,0x0883,0x1083,0x0884,0x0883,0x1084,0x0883,
  0x1084,0x0883,0x1084,0x0883,0x0884,0x1083,0x0883,0x0884,0x1083,0x0883,0x0883,0x1084,0x0883,0x0884,0x1083,0x0883,
  0x0884,0x1083,0x0884,0x1083,0x0883,0x0884,0x1083,0x0883,0x0884,0x1083,0x0884,0x1083,0x0883,0x1084,0x0883,0x0884,
  0x1083,0x0883,0x0884,0x1083,0x0883,0x0883,0x1083,0x0884,0x1083,0x0883,0x0883,0x1084,0x0883,0x0884,0x1083,0x0883,
  0x1083,0x0884,0x1083,0x0884,0x1083,0x0883,0x0883,0x1083,0x0883,0x0884,0x1083,0x0883,0x0884,0x1083,0x0883,0x0884,
  0x1083,0x0883,0x0884,0x1083,0x0883,0x1083,0x0884,0x1083,0x0883,0x1084,0x0883,0x0883,0x1084,0x0883,0x0883,0x1084,
  0x0883,0x1084,0x0883,0x1083,0x0884,0x1083,0x0883,0x0884,0x1083,0x0884,0x0883,0x1083,0x0884,0x1083,0x0883,0x1084,
  0x0883,0x0883,0x1084,0x0883,0x0883,0x1084,0x0883,0x0883,0x1084,0x0883,0x1084,0x0883,0x1084,0x0883,0x0883,0x1084,
  0x0883,0x0884,0x1083,0x0883,0x0884,0x1083,0x0883,0x1083,0x0884,0x1083,0x0883,0x1084,0x0883,0x0883,0x1084,0x0883,
  0x0884,0x1083,0x0884,0x0883,0x1083,0x0884,0x1083,0x0883,0x1084,0x0883,0x1083,0x0884,0x1083,0x0883,0x1084,0x0883,
  0x0883,0x1084,0x0883,0x0883,0x1083,0x0884,0x0883,0x1083,0x0884,0x1083,0x0884,0x0883,0x1083,0x0884,0x1083,0x0883,
  0x0884,0x1083,0x0883,0x1084,0x0883,0x1084,0x0883,0x1083,0x0884,0x1083,0x0883,0x0884,0x1083,0x0883,0x0884,0x1083,
  0x0883,0x0883,0x1084,0x0883,0x1083,0x0884,0x0883,0x1083,0x0884,0x0883,0x1083,0x0884,0x0883,0x1084,0x0883,0x1083,
  0x1084,0x0884,0x1083,0x0884,0x1083,0x0884,0x0883,0x1084,0x1083,0x0884,0x1083,0x0884,0x1083,0x0884,0x1083,0x08a4,
  0x1083,0x0884,0x08a3,0x08a4,0x10a4,0x0884,0x10a4,0x0883,0x10a4,0x0883,0x1084,0x0883,0x10a4,0x08a4,0x10c4,0x10a5,
  0x10a3,0x08c4,0x10a4,0x10c4,0x10c4,0x10a4,0x10c4,0x10a5,0x10a3,0x10a5,0x10a3,0x10c4,0x10a5,0x10c4,0x10a4,0x10a4,
  0x10a4,0x10a4,0x10c4,0x10a4,0x10c4,0x10a5,0x10c4,0x10c4,0x10a5,0x10c4,0x10c4,0x10c4,0x10a5,0x10c4,0x10c5,0x10c4,
  0x10c4,0x10a4,0x10c4,0x10c4,0x10c4,0x10c5,0x10c4,0x10a4,0x10a4,0x10a4,0x10a4,0x10a5,0x1083,0x10c5,0x0884,0x10a4,
  0x10a4,0x08a4,0x10a4,0x1084,0x10a4,0x0884,0x10c5,0x1083,0x10a5,0x08a4,0x10a4,0x10a4,0x10a4,0x10a5,0x10a4,0x10c5,
  0x10a5,0x10c5,0x10a5,0x10a5,0x10a4,0x10c5,0x10c4,0x10c4,0x10c4,0x10c4,0x10c4,0x10c5,0x10a4,0x10c4,0x10a5,0x10c4,
  0x10c4,0x10c4,0x10a4,0x10c4,0x10a4,0x10c4,0x10c4,0x10a5,0x10c4,0x10c5,0x10c4,0x18a4,0x10a5,0x10a4,0x10a4,0x10a4,
  0x10a4,0x10c4,0x10a4,0x10a4,0x10c4,0x1084,0x08a4,0x10a4,0x10c4,0x08a4,0x10c4,0x10a5,0x10c4,0x10a3,0x10c4,0x10a4,
  0x08a4,0x10a4,0x10a4,0x08a3,0x10a5,0x1083,0x10c4,0x1083,0x10a4,0x10a4,0x10a4,0x08c4,0x0884,0x10c4,0x0883,0x1084,
  0x1084,0x0884,0x0883,0x1084,0x0883,0x10a4,0x0883,0x1083,0x0884,0x1084,0x0884,0x1084,0x0883,0x1083,0x0884,0x1083,
  0x0883,0x0883,0x1084,0x0883,0x1083,0x0883,0x1083,0x0884,0x1083,0x0883,0x1084,0x0883,0x1083,0x0884,0x1083,0x0883,
  0x0884,0x1083,0x0883,0x1084,0x0883,0x0884,0x1083,0x0883,0x0884,0x1083,0x0883,0x1084,0x0883,0x0883,0x1084,0x0883,
  0x1083,0x0884,0x1083,0x0883,0x1084,0x0883,0x1084,0x0883,0x1083,0x0884,0x1083,0x0883,0x1084,0x0883,0x0883,0x1084,
  0x0883,0x1083,0x0884,0x0883,0x1083,0x0884,0x0883,0x1083,0x0883,0x1084,0x0883,0x0884,0x1083,0x0883,0x1083,0x0884,
  0x1083,0x0883,0x0883,0x1084,0x0883,0x1083,0x0883,0x1084,0x0883,0x1084,0x0883,0x1083,0x0883,0x0884,0x1083,0x0883,
  0x1084,0x0883,0x0884,0x1083,0x0883,0x1083,0x0884,0x0883,0x1083,0x0884,0x1083,0x0883,0x1084,0x0883,0x1083,0x0884,
  0x1083,0x0884,0x0883,0x1083,0x0884,0x1083,0x0883,0x1084,0x0883,0x1083,0x0884,0x1083,0x0884,0x1083,0x0883,0x1083,
  0x0883,0x0883,0x1083,0x0884,0x1083,0x0884,0x1083,0x0883,0x0884,0x1083,0x0884,0x1083,0x0883,0x1084,0x0883,0x1084,
  0x0883,0x1083,0x0883,0x0884,0x1083,0x0883,0x0884,0x1083,0x0883,0x1084,0x0883,0x0884,0x1083,0x0883,0x1084,0x0883,
  0x1083,0x0884,0x1083,0x0884,0x1083,0x0884,0x0883,0x1083,0x0884,0x1083,0x0884,0x0883,0x1083,0x0883,0x1084,0x0883,
  0x1084,0x0883,0x1083,0x0883,0x0884,0x1083,0x0884,0x1084,0x0883,0x1083,0x0884,0x1083,0x0883,0x1084,0x0883,0x1083,
  0x0884,0x1083,0x0883,0x0884,0x1083,0x0884,0x0883,0x1084,0x0883,0x0883,0x1084,0x0883,0x1083,0x0884,0x1083,0x0884,
  0x0883,0x1083,0x0884,0x0883,0x1083,0x0884,0x1083,0x0883,0x1084,0x0883,0x1083,0x0884,0x0883,0x1084,0x0883,0x0883,
  0x1084,0x0883,0x1083,0x0884,0x1083,0x0883,0x1084,0x0883,0x1083,0x0884,0x0883,0x1083,0x0883,0x1084,0x0883,0x0883,
  0x1083,0x0884,0x1083,0x0884,0x1083,0x0883,0x1084,0x0883,0x0883,0x1084,0x0883,0x0883,0x1084,0x0883,0x1083,0x0883,
  0x1083,0x0883,0x1083,0x0884,0x1083,0x0883,0x0884,0x1083,0x0883,0x0884,0x1083,0x0883,0x0884,0x1083,0x0883,0x1084,
  0x0883,0x1083,0x0884,0x1083,0x0884,0x1083,0x0884,0x1083,0x0883,0x1084,0x0883,0x1084,0x0883,0x0883,0x1084,0x0883,
  0x1083,0x0884,0x0883,0x1084,0x0883,0x0883,0x1084,0x0883,0x0883,0x1084,0x0883,0x1083,0x0884,0x1083,0x0883,0x1084,
  0x1084,0x0883,0x1083,0x0884,0x0883,0x1083,0x0884,0x1083,0x0883,0x1084,0x0883,0x1083,0x0884,0x0883,0x1083,0x0884,
  0x0883,0x1084,0x0883,0x10a4,0x0883,0x1083,0x0884,0x1084,0x0883,0x0883,0x1084,0x0884,0x1083,0x1084,0x0884,0x10a4,
  0x10a4,0x1084,0x1084,0x1084,0x0883,0x10a4,0x1083,0x10a5,0x1083,0x10a4,0x0884,0x10a4,0x1084,0x10a3,0x10a4,0x0884,
  0x10a3,0x10a4,0x0884,0x10a4,0x10a4,0x10a4,0x10a4,0x10a4,0x10c4,0x10a4,0x10a4,0x10a4,0x10a4,0x10a4,0x10a4,0x10c4,
  0x10c4,0x10a4,0x10c5,0x10c4,0x10c5,0x10c4,0x10a4,0x10c5,0x10c4,0x10a4,0x18c4,0x10a5,0x10c4,0x10c4,0x18a4,0x10c4,
  0x10a5,0x10c4,0x10c5,0x10a4,0x10c5,0x10a4,0x10c4,0x10c5,0x10a4,0x10c5,0x10a4,0x10c5,0x10a4,0x10c5,0x10a4,0x10c5,
  0x10a5,0x10a5,0x10c5,0x10a4,0x10c5,0x10a4,0x10c5,0x10a4,0x10c5,0x10a4,0x10c5,0x10a4,0x10c5,0x10c4,0x10a5,0x10c4,
  0x10a4,0x10c4,0x10a4,0x10c4,0x10c5,0x10a4,0x18c4,0x10a4,0x10c5,0x10a4,0x10c5,0x10a4,0x10c4,0x10c5,0x10c4,0x10a4,
  0x10c4,0x10a5,0x10c4,0x10c5,0x10c4,0x10c5,0x10a4,0x10c4,0x10c4,0x10a4,0x10c4,0x10c4,0x10a4,0x10c4,0x10a4,0x10c4,
  0x10a4,0x10a4,0x10c4,0x10a4,0x10c5,0x08a4,0x10c4,0x10c5,0x10a4,0x0884,0x08a3,0x1083,0x08a4,0x1084,0x08a4,0x10a4,
  0x10a4,0x08a3,0x10a4,0x1084,0x10c4,0x0883,0x10a4,0x08a4,0x10a3,0x0884,0x10a4,0x10a4,0x08a4,0x10a4,0x1083,0x0884,
  0x0883,0x1083,0x0884,0x10a4,0x1084,0x0883,0x1084,0x0884,0x1083,0x1084,0x0883,0x0883,0x1084,0x0883,0x1083,0x0884,
  0x1083,0x0884,0x1083,0x0883,0x0884,0x1083,0x0884,0x0883,0x1083,0x0884,0x0883,0x1083,0x0884,0x0883,0x0883,0x1084,
  0x0883,0x0884,0x1083,0x0883,0x1084,0x0883,0x0883,0x1084,0x0883,0x1084,0x0883,0x0883,0x1084,0x0883,0x1083,0x0884,
  0x0883,0x1083,0x0884,0x0883,0x1083,0x0883,0x0883,0x1084,0x0883,0x0883,0x1084,0x0883,0x0883,0x1084,0x0883,0x0883,
  0x1084,0x0883,0x1083,0x0884,0x0883,0x1083,0x0884,0x1083,0x0884,0x0883,0x1083,0x0883,0x1084,0x0883,0x0884,0x1083,
  0x0883,0x1084,0x0883,0x0883,0x1084,0x0883,0x0884,0x1083,0x0883,0x0883,0x1084,0x0883,0x1084,0x0883,0x1084,0x0883,
  0x0883,0x1084,0x0883,0x1083,0x0884,0x0883,0x1083,0x0884,0x1083,0x0883,0x0884,0x1083,0x0883,0x0884,0x1083,0x0883,
  0x0883,0x1083,0x0884,0x1083,0x0883,0x1084,0x0883,0x1083,0x0884,0x0883,0x1083,0x0884,0x0883,0x1083,0x0884,0x0883,
  0x1084,0x0883,0x0884,0x1083,0x0883,0x0883,0x1084,0x0883,0x1083,0x0884,0x1083,0x0883,0x0884,0x1083,0x0883,0x0883,
  0x1084,0x0883,0x1084,0x0883,0x1084,0x0883,0x1083,0x0884,0x1083,0x0883,0x1083,0x0883,0x0884,0x1083,0x0883,0x0884,
  0x1083,0x0883,0x0883,0x1083,0x0884,0x1083,0x0884,0x0883,0x1083,0x0884,0x1083,0x0883,0x1084,0x0883,0x0883,0x1084,
  0x0883,0x0883,0x0884,0x1083,0x0883,0x1084,0x0883,0x0883,0x1084,0x0883,0x0883,0x1084,0x0883,0x0883,0x1084,0x0883,
  0x0883,0x1084,0x0883,0x1083,0x0883,0x1083,0x0883,0x0883,0x1084,0x0883,0x1083,0x0884,0x0883,0x1083,0x0884,0x1083,
  0x0883,0x0884,0x1083,0x0884,0x0883,0x1083,0x0884,0x0883,0x1083,0x0884,0x0883,0x1083,0x0883,0x1083,0x0884,0x1083,
  0x0883,0x1084,0x0883,0x0883,0x1084,0x0883,0x0883,0x1084,0x0883,0x1083,0x0884,0x0883,0x1084,0x0883,0x1083,0x0884,
  0x1083,0x0883,0x0883,0x1083,0x0884,0x0883,0x1083,0x0884,0x1083,0x0883,0x1084,0x0883,0x1083,0x0884,0x0883,0x1084,
  0x0883,0x0884,0x1083,0x0883,0x0884,0x1083,0x0883,0x0884,0x1083,0x0883,0x0884,0x1083,0x0883,0x0884,0x1083,0x0883,
  0x0884,0x1083,0x0883,0x0883,0x1083,0x0883,0x0883,0x1084,0x0883,0x0883,0x1083,0x0883,0x1084,0x0883,0x0883,0x1084,
  0x0883,0x1083,0x0884,0x0883,0x1083,0x0884,0x1083,0x0884,0x1083,0x0883,0x0884,0x1083,0x0883,0x0884,0x1083,0x0883,
  0x0883,0x1083,0x0884,0x1083,0x0884,0x1083,0x0883,0x0884,0x1083,0x0883,0x0884,0x0883,0x1083,0x0883,0x0884,0x1083,
  0x0883,0x1084,0x0884,0x1083,0x0884,0x1084,0x0883,0x1083,0x0884,0x1084,0x0883,0x1083,0x0884,0x0883,0x1083,0x0883,
  0x0883,0x0883,0x0883,0x0883,0x1084,0x10a4,0x0883,0x10a4,0x08a4,0x1084,0x08a3,0x1084,0x08a4,0x10a4,0x10a4,0x10a4,
  0x10a4,0x08a4,0x10a4,0x08a3,0x10a4,0x08a4,0x10c4,0x10c4,0x08a5,0x10c4,0x08a4,0x08c4,0x10a4,0x08c4,0x10a4,0x08a4,
  0x10a5,0x08a3,0x10a4,0x10c4,0x10a4,0x10c4,0x10c4,0x10a4,0x10c4,0x10c4,0x10c4,0x10c4,0x10a4,0x10c4,0x10c5,0x10c4,
  0x10c4,0x10a4,0x10c4,0x10c4,0x10c4,0x10c4,0x10a4,0x10c4,0x10a4,0x10a5,0x10a4,0x10c5,0x0884,0x10c5,0x10a4,0x10a4,
  0x10a4,0x10a4,0x10a4,0x08a4,0x10c5,0x10a4,0x10a5,0x08a4,0x10a4,0x10a4,0x10a5,0x10c4,0x10a5,0x10a4,0x10a5,0x10c4,
  0x10a5,0x10a5,0x10c5,0x10a4,0x10a4,0x10c5,0x10c4,0x10c5,0x10a4,0x10c4,0x10c4,0x10c4,0x10a4,0x10c4,0x10a4,0x10c4,
  0x10c5,0x10c4,0x10a4,0x10c4,0x10a4,0x10c4,0x10c4,0x10a5,0x10c4,0x10c4,0x10a4,0x10c4,0x10a4,0x10a4,0x08a4,0x10a4,
  0x10c4,0x10a4,0x08a4,0x10a4,0x10a4,0x10a4,0x10a4,0x10a4,0x08a4,0x10a4,0x08a4,0x10a4,0x10a4,0x08c4,0x1083,0x08a4,
  0x10a4,0x0884,0x10a4,0x0883,0x10c4,0x0884,0x10a4,0x0883,0x1084,0x08a4,0x1083,0x1084,0x0883,0x1083,0x0883,0x0884,
  0x1083,0x0884,0x1084,0x0883,0x0883,0x1084,0x0883,0x1084,0x0883,0x0883,0x1084,0x0884,0x0884,0x0884,0x0883,0x1083,
  0x0883,0x0883,0x0884,0x1083,0x0883,0x0884,0x1083,0x0883,0x0884,0x1083,0x0883,0x0884,0x1083,0x0883,0x1084,0x0883,
  0x1083,0x0883,0x0884,0x1083,0x0883,0x1083,0x0884,0x1083,0x0883,0x0883,0x1084,0x0883,0x1083,0x0884,0x0883,0x1083,
  0x0884,0x0883,0x1083,0x0884,0x0883,0x1084,0x0883,0x0883,0x1084,0x0883,0x0883,0x1083,0x0884,0x1083,0x0883,0x1084,
  0x0883,0x0883,0x1084,0x0883,0x1083,0x0884,0x1083,0x0883,0x1083,0x0884,0x0883,0x1084,0x0883,0x1083,0x0883,0x0884,
  0x0883,0x1083,0x0884,0x1083,0x0883,0x1083,0x0883,0x0884,0x1083,0x0883,0x0883,0x1084,0x0883,0x0883,0x1083,0x0884,
  0x1083,0x0883,0x1083,0x0884,0x1083,0x0883,0x1084,0x0883,0x0884,0x1083,0x0883,0x0884,0x1083,0x0883,0x0884,0x1083,
  0x0884,0x1083,0x0883,0x0884,0x1083,0x0883,0x0884,0x0883,0x1083,0x0884,0x0883,0x1083,0x0883,0x0884,0x1083,0x0883,
  0x0884,0x1083,0x0883,0x0883,0x1084,0x0883,0x0883,0x1084,0x0883,0x0883,0x0883,0x1084,0x0883,0x0883,0x1084,0x0883,
  0x0883,0x1083,0x0883,0x0883,0x1083,0x0884,0x0883,0x1083,0x0884,0x0883,0x0884,0x1083,0x0883,0x0884,0x1083,0x0883,
  0x0884,0x1083,0x0884,0x0883,0x1083,0x0883,0x1083,0x0884,0x0883,0x1083,0x0883,0x0884,0x1083,0x0883,0x1084,0x0883,
  0x1083,0x0884,0x1083,0x0883,0x1084,0x0883,0x1083,0x0883,0x0883,0x1084,0x0883,0x0883,0x1084,0x0883,0x0883,0x1084,
  0x0883,0x0883,0x1084,0x0883,0x0884,0x1083,0x0884,0x1083,0x0883,0x0884,0x1083,0x0883,0x1084,0x0883,0x0883,0x1083,
  0x0884,0x1083,0x0883,0x1083,0x0884,0x0883,0x1083,0x0884,0x0883,0x1083,0x0884,0x1083,0x0884,0x0883,0x1083,0x0884,
  0x0883,0x0883,0x1084,0x0883,0x0883,0x1084,0x0883,0x0883,0x1084,0x0883,0x1083,0x0883,0x0883,0x1084,0x0883,0x0883,
  0x1084,0x0883,0x1084,0x0883,0x1083,0x0884,0x0883,0x1083,0x0884,0x0883,0x1083,0x0884,0x0883,0x1083,0x0883,0x0884,
  0x1083,0x0883,0x0884,0x1083,0x0883,0x1084,0x0883,0x1083,0x0884,0x1083,0x0883,0x1084,0x0883,0x1083,0x0884,0x1083,
  0x0883,0x0884,0x1083,0x0884,0x0883,0x1084,0x0883,0x0883,0x1084,0x0883,0x0884,0x1083,0x0883,0x1084,0x0883,0x0883,
  0x1084,0x0883,0x1083,0x0883,0x1084,0x0883,0x0883,0x1083,0x0884,0x1083,0x0883,0x0884,0x1083,0x0883,0x0884,0x1083,
  0x0883,0x0884,0x0883,0x1083,0x0883,0x0883,0x1084,0x0883,0x0883,0x1083,0x0883,0x1084,0x0883,0x1083,0x0883,0x0883,
  0x1084,0x0883,0x1083,0x0883,0x0883,0x1084,0x0883,0x0884,0x0883,0x0884,0x1083,0x0884,0x1083,0x0883,0x1084,0x0884,
  0x1084,0x0884,0x1083,0x1084,0x0883,0x10a4,0x0884,0x0884,0x10a3,0x1084,0x10a4,0x0883,0x10a4,0x08a4,0x08a4,0x08a3,
  0x10a4,0x0883,0x10a4,0x10a4,0x10c4,0x10a4,0x08a4,0x10a4,0x10a4,0x10a3,0x10a4,0x10a4,0x10a4,0x10a4,0x10a4,0x10a4,
  0x10c4,0x10a4,0x10c4,0x10a4,0x10a4,0x10a4,0x10a4,0x10a4,0x10a4,0x10a4,0x10c5,0x10a4,0x10c5,0x10c4,0x10a4,0x10a4,
  0x10c4,0x10c5,0x10a4,0x10c4,0x10a4,0x10c5,0x10c4,0x10a4,0x10c5,0x10a4,0x10a5,0x10c4,0x10c4,0x10a4,0x10c4,0x10c4,
  0x10c4,0x10a5,0x10c4,0x10a5,0x10a4,0x10a5,0x10c4,0x10a5,0x10c4,0x10a5,0x10c4,0x10a5,0x10a4,0x10c4,0x10a5,0x10c4,
  0x10a5,0x10c4,0x10a4,0x10c5,0x10c4,0x10a4,0x10c4,0x10a4,0x10c4,0x10c5,0x10a4,0x10c5,0x10c4,0x10a4,0x10c5,0x10c4,
  0x10a5,0x10c4,0x10c4,0x10a4,0x10c4,0x10a5,0x10c4,0x10c4,0x10a4,0x10a4,0x10c4,0x10a4,0x08a4,0x10a4,0x10a4,0x10a4,
  0x10c4,0x08a4,0x10c5,0x10a3,0x10a4,0x10a4,0x08c4,0x10a4,0x10a3,0x08a4,0x10a3,0x08a4,0x0883,0x10a4,0x0884,0x10a4,
  0x08a3,0x10a4,0x08a4,0x0883,0x10c4,0x0883,0x10a4,0x0884,0x10a3,0x0884,0x08a3,0x1084,0x10a4,0x08a4,0x1083,0x0884,
  0x0883,0x1083,0x0883,0x1084,0x0883,0x1084,0x0883,0x1084,0x0883,0x1084,0x0883,0x1084,0x1083,0x0883,0x1084,0x0884,
  0x1083,0x0883,0x1063,0x0884,0x1083,0x0883,0x0883,0x1084,0x0883,0x1083,0x0883,0x1083,0x0883,0x1084,0x0883,0x0883,
  0x1084,0x0883,0x1083,0x0883,0x0884,0x0883,0x1083,0x0883,0x1084,0x0883,0x0883,0x1084,0x0883,0x1083,0x0884,0x0883,
  0x1083,0x0884,0x1083,0x0883,0x1083,0x0883,0x1084,0x0883,0x1083,0x0883,0x1084,0x0883,0x0883,0x1083,0x0884,0x0883,
  0x1083,0x0884,0x0883,0x1083,0x0883,0x0883,0x0883,0x0884,0x1083,0x0883,0x1083,0x0883,0x0884,0x0883,0x1083,0x0883,
  0x1084,0x0883,0x0883,0x0883,0x1084,0x0883,0x1084,0x0883,0x0883,0x1084,0x0883,0x0883,0x1083,0x0884,0x0883,0x1083,
  0x0883,0x0884,0x0883,0x0883,0x1083,0x0884,0x0883,0x1083,0x0883,0x0883,0x1084,0x0883,0x0883,0x1084,0x0883,0x0883,
  0x1083,0x0884,0x1083,0x0883,0x0883,0x1084,0x0883,0x1083,0x0884,0x1083,0x0883,0x1084,0x0883,0x1083,0x0883,0x1084,
  0x0883,0x1083,0x0884,0x1083,0x0883,0x1084,0x0883,0x0883,0x1083,0x0884,0x1083,0x0883,0x1083,0x0884,0x1083,0x0883,
  0x1084,0x0883,0x1084,0x0883,0x0884,0x1083,0x0883,0x0884,0x1083,0x0883,0x1083,0x0884,0x1083,0x0883,0x0883,0x1083,
  0x0883,0x1083,0x0883,0x1084,0x0883,0x0884,0x0883,0x1083,0x0883,0x0884,0x1083,0x0883,0x0883,0x1084,0x0883,0x0883,
  0x0883,0x1083,0x0884,0x0883,0x0883,0x0883,0x1084,0x0883,0x1083,0x0883,0x1084,0x0883,0x1083,0x0883,0x1084,0x0883,
  0x1083,0x0883,0x0883,0x1083,0x0883,0x0884,0x1083,0x0883,0x1084,0x0883,0x0883,0x1084,0x0883,0x1083,0x0884,0x0883,
  0x1083,0x0883,0x0884,0x1083,0x0883,0x1084,0x0883,0x1083,0x0883,0x1083,0x0883,0x0883,0x1083,0x0884,0x0883,0x1083,
  0x0883,0x1084,0x0883,0x1083,0x0884,0x1083,0x0883,0x1084,0x0883,0x0883,0x0884,0x1083,0x0883,0x0883,0x1084,0x0883,
  0x0883,0x1083,0x0883,0x0884,0x0883,0x1083,0x0884,0x0883,0x1083,0x0884,0x0883,0x1083,0x0883,0x1084,0x0883,0x1083,
  0x0884,0x1083,0x0883,0x1084,0x0883,0x0883,0x1083,0x0884,0x0883,0x1083,0x0883,0x0883,0x1084,0x0883,0x0883,0x0884,
  0x1083,0x0883,0x1083,0x0883,0x1084,0x0883,0x1083,0x0884,0x0883,0x1083,0x0883,0x0884,0x1083,0x0883,0x1084,0x0883,
  0x0883,0x0883,0x1084,0x0883,0x0883,0x1083,0x0884,0x0883,0x0883,0x0884,0x1083,0x0883,0x0884,0x1083,0x0883,0x0883,
  0x1083,0x0883,0x1064,0x0883,0x1084,0x0883,0x0863,0x1084,0x0883,0x0884,0x1083,0x0863,0x0884,0x1083,0x0884,0x1083,
  0x0884,0x1084,0x0883,0x1084,0x0883,0x1084,0x0883,0x1083,0x1084,0x0883,0x0883,0x1084,0x0884,0x0883,0x1084,0x10a4,
  0x0883,0x0884,0x0883,0x1084,0x0884,0x1083,0x0883,0x1084,0x0884,0x0884,0x1084,0x10a4,0x10a4,0x10a3,0x1084,0x08a3,
  0x10a4,0x10a4,0x08a4,0x0884,0x08a4,0x10a4,0x10a4,0x10a4,0x0883,0x10c5,0x0884,0x10c4,0x08a4,0x10c5,0x10c4,0x08a4,
  0x1084,0x1084,0x10a3,0x0884,0x1084,0x0883,0x10a4,0x08a4,0x10a4,0x10a4,0x10a4,0x10a4,0x10c4,0x10a4,0x10c5,0x10c4,
  0x10c5,0x10a4,0x10a5,0x10c5,0x10a5,0x10c4,0x10a5,0x10c5,0x10a5,0x10c4,0x10a4,0x10c5,0x1083,0x08a4,0x1084,0x08a4,
  0x1083,0x08a4,0x10c5,0x10a4,0x10c4,0x10a5,0x10c4,0x10a5,0x10c5,0x10a4,0x10a5,0x10c4,0x10a4,0x0884,0x10a4,0x10c4,
  0x10a4,0x10c4,0x10a4,0x10a4,0x10a4,0x10c4,0x10c4,0x10c4,0x10a4,0x10a4,0x10a4,0x10a4,0x10c4,0x10a4,0x10a4,0x10a3,
  0x10c4,0x1084,0x10c4,0x10a5,0x10a4,0x10a4,0x10a4,0x10a5,0x10a4,0x1084,0x10c5,0x1084,0x10a4,0x08a4,0x10a4,0x0884,
  0x10a4,0x1084,0x10a4,0x0883,0x0884,0x0883,0x1084,0x0883,0x08a4,0x1084,0x10a4,0x10a4,0x0883,0x10a4,0x0883,0x1084,
  0x0884,0x1083,0x1084,0x0883,0x1084,0x0884,0x10a3,0x0883,0x1084,0x1083,0x0884,0x10a3,0x0884,0x1083,0x0883,0x1083,
  0x0884,0x0883,0x1084,0x0884,0x1083,0x0884,0x1083,0x0883,0x0884,0x1084,0x0883,0x0883,0x1083,0x0884,0x1084,0x0883,
  0x0884,0x1083,0x0884,0x0883,0x0883,0x1064,0x0883,0x1083,0x0884,0x0883,0x1084,0x0883,0x0884,0x0883,0x1083,0x0884,
  0x0883,0x1083,0x0884,0x0883,0x1083,0x0884,0x0883,0x0884,0x0883,0x1083,0x0884,0x0883,0x0883,0x0884,0x1083,0x0883,
  0x1084,0x0883,0x0883,0x1084,0x0883,0x0884,0x1083,0x0883,0x0884,0x1083,0x0863,0x1084,0x0883,0x0864,0x1083,0x0883,
  0x0864,0x1083,0x0863,0x0884,0x1083,0x0864,0x1083,0x0883,0x0864,0x1083,0x0884,0x1083,0x0863,0x1084,0x0883,0x1084,
  0x0883,0x1063,0x0884,0x1083,0x0884,0x0883,0x0863,0x1084,0x0883,0x1083,0x0884,0x1083,0x0884,0x1083,0x0883,0x0884,
  0x1083,0x0883,0x1084,0x0883,0x0884,0x1083,0x0883,0x0884,0x1083,0x0884,0x1083,0x0883,0x1084,0x0883,0x1083,0x0884,
  0x0883,0x0883,0x0884,0x1083,0x0884,0x0883,0x1083,0x0884,0x0883,0x1083,0x0884,0x0883,0x1083,0x0864,0x0883,0x1083,
  0x0884,0x0863,0x1083,0x0884,0x0883,0x1083,0x0884,0x1083,0x0884,0x1083,0x0884,0x0883,0x1084,0x0883,0x0883,0x1084,
  0x0883,0x0883,0x0884,0x1083,0x0883,0x0884,0x1083,0x0883,0x1084,0x0883,0x0864,0x1083,0x0883,0x1084,0x0883,0x1084,
  0x0884,0x0883,0x1084,0x0883,0x0883,0x1083,0x0884,0x1083,0x0884,0x1083,0x0884,0x1083,0x0884,0x0883,0x1083,0x0884,
  0x1083,0x0884,0x1083,0x0883,0x1084,0x0883,0x0883,0x1084,0x0883,0x0884,0x0883,0x1083,0x0884,0x0883,0x1083,0x0884,
  0x0863,0x1084,0x0883,0x1084,0x0863,0x1083,0x0884,0x0883,0x0863,0x1084,0x0883,0x0883,0x0884,0x0883,0x1083,0x0884,
  0x0883,0x1084,0x0883,0x0883,0x1084,0x0883,0x0883,0x0884,0x1063,0x0884,0x1084,0x0883,0x0864,0x1083,0x0883,0x1084,
  0x0883,0x0883,0x1084,0x0883,0x0883,0x0884,0x1083,0x0883,0x0883,0x1064,0x0883,0x1084,0x0883,0x1084,0x0863,0x1083,
  0x0884,0x0883,0x1084,0x0863,0x1083,0x0884,0x1083,0x0863,0x0884,0x1083,0x0883,0x0864,0x1083,0x0883,0x0884,0x1083,
  0x0883,0x0884,0x1083,0x0883,0x0884,0x1083,0x0884,0x1083,0x0883,0x0884,0x1083,0x0884,0x0883,0x1063,0x0884,0x1083,
  0x0883,0x0884,0x0883,0x1084,0x0883,0x0883,0x0884,0x1083,0x0883,0x1084,0x0883,0x1083,0x0884,0x0883,0x0883,0x1084,
  0x0883,0x1084,0x0883,0x1064,0x0883,0x0884,0x1083,0x0863,0x1084,0x0883,0x1083,0x0864,0x1083,0x0883,0x1084,0x0883,
  0x0883,0x1084,0x0883,0x0883,0x0883,0x1084,0x0883,0x1083,0x0883,0x1063,0x0884,0x1083,0x0883,0x0883,0x1063,0x0884,
  0x1083,0x0883,0x0883,0x0883,0x1083,0x0883,0x1084,0x0883,0x0883,0x1083,0x0884,0x1083,0x0883,0x1083,0x0883,0x0883,
  0x1083,0x0883,0x1084,0x0883,0x0883,0x1083,0x0884,0x0883,0x0884,0x1083,0x0883,0x0883,0x0884,0x0883,0x1083,0x08a4,
  0x0883,0x1083,0x0883,0x1083,0x10a4,0x0883,0x10a4,0x08a4,0x10a4,0x1083,0x10a4,0x0884,0x10a3,0x0884,0x1083,0x08a4,
  0x0883,0x0883,0x0883,0x1083,0x0883,0x10a4,0x08a3,0x08a3,0x10a4,0x10a3,0x08a4,0x08a3,0x1083,0x08a4,0x1083,0x10a4,
  0x10a4,0x10c4,0x10c5,0x10c4,0x10a5,0x10c4,0x10a5,0x10c4,0x10a4,0x10c4,0x10a4,0x10a4,0x10c4,0x10a3,0x10a4,0x08a3,
  0x10a4,0x10c4,0x10c4,0x10c4,0x10c5,0x10c5,0x0884,0x10c4,0x10a4,0x10a4,0x10a5,0x10a4,0x0884,0x10a4,0x10a3,0x1084,
  0x10a4,0x10a4,0x1083,0x0883,0x10a4,0x10a4,0x1083,0x10c4,0x1083,0x0883,0x1083,0x08a3,0x10a4,0x0883,0x1084,0x08a4,
  0x1083,0x10a4,0x10c4,0x1084,0x10a4,0x1084,0x1084,0x0883,0x0884,0x1084,0x08a4,0x1084,0x0884,0x1084,0x1084,0x0884,
  0x1083,0x0883,0x0883,0x1083,0x0884,0x1083,0x0883,0x1083,0x0883,0x10a4,0x0883,0x0883,0x1083,0x0884,0x1083,0x0883,
  0x0883,0x0883,0x0883,0x1084,0x0883,0x1083,0x0884,0x1083,0x0883,0x0883,0x1083,0x08a4,0x1083,0x0883,0x0884,0x1083,
  0x0883,0x1083,0x0883,0x1083,0x0883,0x0883,0x0884,0x1083,0x0883,0x1083,0x0884,0x1083,0x0883,0x1083,0x0883,0x1083,
  0x0883,0x0883,0x1083,0x1084,0x0883,0x1083,0x0884,0x0883,0x1063,0x0883,0x0883,0x1064,0x0883,0x1083,0x0883,0x1063,
  0x0883,0x0884,0x1083,0x0883,0x1084,0x0883,0x1083,0x1083,0x0864,0x1083,0x0883,0x1083,0x1064,0x0883,0x1083,0x0863,
  0x0883,0x1083,0x0864,0x0883,0x1083,0x0863,0x0884,0x1083,0x0863,0x0884,0x1083,0x0883,0x1083,0x0883,0x1083,0x0883,
  0x1083,0x0883,0x1084,0x0883,0x1083,0x0883,0x1084,0x0883,0x1083,0x0883,0x0883,0x1084,0x0883,0x0883,0x1083,0x0863,
  0x0883,0x1084,0x0883,0x0883,0x1083,0x0883,0x1083,0x0883,0x1084,0x0883,0x1063,0x0883,0x0883,0x1063,0x0884,0x1083,
  0x0883,0x1084,0x0883,0x1083,0x0883,0x1083,0x0863,0x1083,0x0883,0x1083,0x0863,0x0884,0x1083,0x0863,0x0883,0x1083,
  0x1064,0x0883,0x1083,0x0863,0x1083,0x0883,0x1063,0x0883,0x1083,0x0864,0x1083,0x0883,0x0884,0x1083,0x0883,0x0883,
  0x1083,0x0884,0x0883,0x1083,0x0863,0x0884,0x1083,0x0863,0x0883,0x1083,0x0863,0x1083,0x0883,0x1063,0x0884,0x0883,
  0x1063,0x0883,0x1083,0x0864,0x1083,0x0883,0x1063,0x0883,0x0883,0x1083,0x0883,0x0883,0x1084,0x0883,0x0863,0x1083,
  0x0883,0x1063,0x0883,0x1083,0x0864,0x1083,0x0883,0x0863,0x1083,0x0883,0x0883,0x1063,0x0883,0x1083,0x0864,0x1083,
  0x0883,0x0863,0x1083,0x0884,0x1063,0x0883,0x1084,0x0863,0x1083,0x0883,0x1063,0x0884,0x1083,0x0863,0x0883,0x1083,
  0x0883,0x1083,0x0884,0x0883,0x1083,0x0884,0x1083,0x0883,0x1083,0x0883,0x1084,0x1083,0x0863,0x1083,0x0883,0x1083,
  0x0863,0x1083,0x0884,0x1083,0x0863,0x1083,0x0884,0x1083,0x0883,0x0883,0x0883,0x1083,0x0883,0x1084,0x0883,0x0883,
  0x1064,0x0883,0x0883,0x1063,0x1083,0x0883,0x0863,0x1084,0x0883,0x1083,0x0883,0x0883,0x1083,0x0883,0x0883,0x1084,
  0x0883,0x1063,0x0883,0x1084,0x0883,0x0883,0x1083,0x0883,0x1083,0x0883,0x1084,0x0883,0x1083,0x0884,0x1083,0x0863,
  0x1083,0x0883,0x0863,0x1083,0x0883,0x1083,0x0863,0x0883,0x1084,0x0863,0x1083,0x0883,0x1084,0x0883,0x1083,0x0883,
  0x1084,0x0863,0x1083,0x0883,0x1063,0x0884,0x1083,0x0863,0x1083,0x0883,0x1084,0x0863,0x1083,0x0883,0x1064,0x0883,
  0x1083,0x0863,0x0883,0x1083,0x0883,0x1083,0x0883,0x1084,0x0883,0x1083,0x0883,0x1083,0x0883,0x0884,0x1063,0x0883,
  0x0883,0x1083,0x0884,0x1083,0x0884,0x1083,0x0883,0x0884,0x1083,0x0884,0x0883,0x1084,0x0883,0x1084,0x0883,0x0883,
  0x0884,0x1083,0x0884,0x1064,0x0883,0x0884,0x0863,0x1083,0x0884,0x1083,0x0883,0x0884,0x1083,0x0884,0x1084,0x0883,
  0x1084,0x0883,0x0883,0x1084,0x0883,0x1084,0x0883,0x1083,0x0883,0x0883,0x1084,0x0883,0x1083,0x10a4,0x0883,0x0884,
  0x1083,0x0884,0x1083,0x0884,0x0883,0x1084,0x0883,0x1083,0x08c5,0x0883,0x10c4,0x1083,0x0884,0x08a3,0x0884,0x1083,
  0x08a4,0x1084,0x08a4,0x0884,0x10c4,0x10a4,0x10c3,0x10a4,0x10c4,0x08a4,0x10a4,0x0883,0x10c4,0x08a4,0x08a4,0x08a4,
  0x10a4,0x10c4,0x1084,0x10c4,0x1084,0x10a5,0x10a4,0x10a4,0x08a4,0x10a4,0x10a4,0x08a4,0x10a4,0x10c4,0x10c4,0x10c4,
  0x10c4,0x08a4,0x10a4,0x10c4,0x1084,0x10c4,0x10a5,0x0884,0x1084,0x10a4,0x10a4,0x10a4,0x10c4,0x10c4,0x10a5,0x08c4,
  0x0884,0x08a4,0x0883,0x1084,0x10a3,0x0884,0x10a4,0x0883,0x0884,0x10c4,0x0884,0x1083,0x0884,0x10a3,0x10c4,0x0883,
  0x10c4,0x10c4,0x10a3,0x0883,0x0884,0x0883,0x1084,0x0883,0x1084,0x0883,0x1083,0x0884,0x1083,0x0884,0x0883,0x1084,
  0x10a4,0x0884,0x1084,0x0883,0x1083,0x0884,0x1083,0x0884,0x1083,0x0883,0x1084,0x0883,0x1084,0x0883,0x0883,0x1084,
  0x0883,0x1084,0x0883,0x1083,0x0884,0x0883,0x1083,0x0884,0x1083,0x0884,0x1083,0x0883,0x0884,0x1083,0x0883,0x0884,
  0x1083,0x0884,0x0883,0x0884,0x1083,0x1084,0x0863,0x1084,0x0883,0x1084,0x0883,0x0884,0x1083,0x0884,0x0883,0x1084,
  0x0863,0x1084,0x0883,0x0863,0x1084,0x0883,0x1083,0x0884,0x1083,0x0884,0x1083,0x0883,0x1084,0x0883,0x1084,0x0883,
  0x1084,0x0883,0x1083,0x0864,0x1083,0x0883,0x0864,0x1083,0x0883,0x0884,0x1083,0x0884,0x0883,0x1083,0x0884,0x1083,
  0x0884,0x1083,0x0883,0x1084,0x0883,0x1084,0x0883,0x1083,0x0884,0x1083,0x0883,0x0884,0x1083,0x0884,0x0884,0x1083,
  0x0884,0x1083,0x0883,0x1084,0x0883,0x0884,0x1083,0x0884,0x0883,0x1084,0x0883,0x0883,0x1084,0x0883,0x0884,0x1083,
  0x0884,0x0883,0x1083,0x0884,0x1063,0x0884,0x1084,0x0883,0x0883,0x1084,0x0883,0x1084,0x0883,0x0884,0x1083,0x0883,
  0x0864,0x1083,0x0883,0x1064,0x0883,0x0884,0x1084,0x0883,0x0884,0x0884,0x1083,0x0883,0x0884,0x1083,0x0884,0x0883,
  0x1083,0x0884,0x1083,0x0884,0x0883,0x1084,0x0884,0x0883,0x1084,0x0883,0x0883,0x1084,0x0883,0x1083,0x0884,0x1084,
  0x0883,0x1083,0x0884,0x1083,0x0884,0x1083,0x0883,0x1084,0x0883,0x0884,0x1083,0x0884,0x0883,0x1084,0x0883,0x1083,
  0x0884,0x1084,0x0883,0x1083,0x0884,0x1083,0x0884,0x1083,0x0884,0x1083,0x0884,0x1083,0x0883,0x1084,0x0883,0x0884,
  0x1083,0x0884,0x0883,0x1084,0x0883,0x0884,0x1083,0x0884,0x1083,0x0884,0x1083,0x0884,0x1083,0x0884,0x0883,0x1083,
  0x0884,0x1083,0x0884,0x0883,0x1083,0x0884,0x0883,0x1083,0x0884,0x1083,0x0884,0x0883,0x1083,0x0884,0x1084,0x0883,
  0x1084,0x0883,0x1083,0x0884,0x0883,0x1083,0x0884,0x1083,0x0884,0x0883,0x0883,0x1084,0x0883,0x1084,0x0884,0x0883,
  0x1084,0x0883,0x0883,0x1084,0x0883,0x0884,0x1083,0x0883,0x1084,0x0883,0x1084,0x0883,0x1084,0x0883,0x1083,0x0884,
  0x1083,0x0883,0x1084,0x0883,0x0884,0x1084,0x0883,0x1083,0x0884,0x0883,0x1084,0x0883,0x1064,0x0884,0x1083,0x0883,
  0x1084,0x0883,0x0884,0x1083,0x0883,0x1084,0x0883,0x1084,0x0884,0x1083,0x0883,0x1084,0x0883,0x0883,0x1084,0x0883,
  0x0884,0x1084,0x0883,0x1084,0x0884,0x0883,0x1084,0x0883,0x1083,0x0884,0x0883,0x1084,0x0883,0x0883,0x1084,0x0883,
  0x0883,0x1084,0x0883,0x0884,0x1083,0x0883,0x1084,0x0883,0x0884,0x1083,0x0883,0x0884,0x0883,0x1084,0x0883,0x1083,
  0x0884,0x1083,0x0884,0x0883,0x1084,0x0883,0x0884,0x1083,0x0883,0x0884,0x1083,0x0884,0x1083,0x0883,0x1084,0x0883,
  0x0883,0x1084,0x0883,0x0863,0x1083,0x0883,0x1064,0x0883,0x0883,0x1083,0x0883,0x0883,0x1083,0x0884,0x1083,0x0883,
  0x1083,0x0863,0x1083,0x0883,0x1083,0x0883,0x1084,0x0883,0x0883,0x0884,0x1063,0x0883,0x0883,0x1083,0x0883,0x0883,
  0x0884,0x1083,0x1084,0x08a3,0x1083,0x0883,0x0883,0x1084,0x0883,0x1084,0x0883,0x1083,0x08a4,0x10a4,0x1083,0x08c4,
  0x0883,0x08c3,0x10a4,0x10a4,0x0883,0x1083,0x0884,0x0883,0x1083,0x08a4,0x0884,0x10a4,0x0884,0x08a4,0x10a4,0x08a4,
  0x10c4,0x10c4,0x10c3,0x10a4,0x10c3,0x10c4,0x10a4,0x10c4,0x10c4,0x10a3,0x08c4,0x1083,0x10a4,0x0883,0x10a3,0x08a4,
  0x0884,0x10a4,0x08c4,0x10c4,0x1084,0x08c4,0x10a5,0x10a4,0x08a4,0x1084,0x10a3,0x10c4,0x10c4,0x10c3,0x10a4,0x10c4,
  0x10c3,0x10a4,0x08a3,0x10a4,0x0883,0x10a5,0x0883,0x1084,0x0883,0x0884,0x0883,0x10a4,0x08a3,0x10a5,0x0883,0x10c4,
  0x1083,0x10a4,0x08a3,0x10c4,0x10c4,0x10c4,0x0883,0x10c4,0x1083,0x08a4,0x1083,0x08a4,0x08a3,0x0884,0x10a4,0x08c4,
  0x10c4,0x0883,0x10a4,0x10a4,0x10a4,0x10a4,0x10a4,0x10a4,0x10a5,0x10c4,0x10a5,0x10c4,0x10c4,0x10c4,0x10c5,0x10a4,
  0x10c4,0x10a4,0x10c4,0x0883,0x10a4,0x0883,0x10a4,0x10a3,0x0884,0x08a4,0x0883,0x1083,0x0883,0x0864,0x1083,0x0883,
  0x1083,0x0883,0x1084,0x0883,0x1083,0x0883,0x0884,0x0883,0x0883,0x1083,0x0884,0x1083,0x0883,0x0864,0x1083,0x0883,
  0x0864,0x1083,0x0883,0x1063,0x0884,0x0883,0x1083,0x0883,0x0883,0x0863,0x1083,0x0883,0x0863,0x1083,0x0884,0x0883,
  0x1083,0x0883,0x1084,0x0883,0x0883,0x0884,0x1083,0x0883,0x0883,0x1083,0x0884,0x0883,0x1083,0x0883,0x0883,0x0884,
  0x1083,0x0863,0x0884,0x1083,0x0883,0x1084,0x0883,0x0883,0x1084,0x0883,0x0883,0x1083,0x0883,0x0884,0x1083,0x0883,
  0x0883,0x0884,0x1083,0x0883,0x0883,0x1083,0x0884,0x0883,0x1083,0x0883,0x1084,0x0883,0x0883,0x1083,0x0863,0x0883,
  0x1083,0x0884,0x0883,0x0863,0x1083,0x0883,0x0883,0x1063,0x0883,0x1084,0x0863,0x1083,0x0883,0x1064,0x0883,0x1083,
  0x0883,0x1084,0x0883,0x1083,0x0884,0x0883,0x0883,0x1083,0x0864,0x0883,0x0883,0x0883,0x1084,0x0883,0x0883,0x1084,
  0x0883,0x0883,0x1084,0x0883,0x1083,0x0883,0x0883,0x1083,0x0883,0x1083,0x0884,0x1083,0x0883,0x1083,0x0883,0x1084,
  0x0883,0x0883,0x0883,0x1083,0x0884,0x0883,0x1083,0x0883,0x0883,0x1083,0x0884,0x0863,0x1083,0x0884,0x0863,0x1083,
  0x0883,0x0864,0x1083,0x0883,0x0883,0x1083,0x0884,0x0883,0x1083,0x0883,0x0884,0x1083,0x0883,0x0883,0x1084,0x0883,
  0x0883,0x0883,0x1083,0x0884,0x0883,0x0883,0x0883,0x1084,0x0863,0x0883,0x1084,0x0863,0x0883,0x0883,0x1084,0x0883,
  0x0883,0x1083,0x0884,0x0883,0x1083,0x0883,0x1083,0x0883,0x0884,0x1083,0x0863,0x0884,0x0883,0x1083,0x0883,0x0884,
  0x1083,0x0883,0x1083,0x0884,0x0883,0x1083,0x0883,0x0884,0x1083,0x0883,0x1083,0x0884,0x0883,0x1083,0x0883,0x0883,
  0x0884,0x0863,0x1083,0x0883,0x1064,0x0883,0x0883,0x0863,0x1083,0x0884,0x1063,0x0883,0x0883,0x0883,0x1063,0x0883,
  0x0883,0x1084,0x0883,0x0883,0x1083,0x0883,0x0864,0x1083,0x0883,0x1064,0x0883,0x0883,0x0863,0x1084,0x0883,0x0883,
  0x1083,0x0884,0x0883,0x1083,0x0883,0x0883,0x1084,0x0883,0x1083,0x0883,0x1063,0x0884,0x0883,0x1083,0x0883,0x0884,
  0x0883,0x1083,0x0883,0x0884,0x1083,0x0863,0x0884,0x0883,0x0863,0x0883,0x1084,0x0863,0x0883,0x1083,0x0883,0x0884,
  0x1083,0x0883,0x0883,0x1083,0x0883,0x1083,0x0883,0x0884,0x0883,0x1083,0x0883,0x0863,0x1084,0x0883,0x0863,0x1084,
  0x0883,0x0883,0x1083,0x0883,0x0884,0x1083,0x0883,0x1083,0x0883,0x0884,0x1083,0x0883,0x1083,0x0883,0x0884,0x0883,
  0x1083,0x0883,0x1083,0x0884,0x0883,0x1063,0x0883,0x0884,0x1083,0x0863,0x0884,0x0883,0x0884,0x1083,0x0883,0x0883,
  0x0883,0x0883,0x1084,0x0883,0x1084,0x0883,0x0883,0x1084,0x0883,0x1084,0x0863,0x1084,0x0883,0x0863,0x1084,0x0883,
  0x0884,0x1083,0x0884,0x0883,0x1084,0x0883,0x1083,0x0884,0x1083,0x0883,0x1084,0x0883,0x1084,0x0863,0x1084,0x0883,
  0x1084,0x10c4,0x10a3,0x08a4,0x10a4,0x0884,0x1083,0x0883,0x1084,0x0883,0x0863,0x1084,0x0883,0x1083,0x0884,0x0883,
  0x1084,0x0883,0x10a3,0x10a4,0x0883,0x0884,0x1083,0x0884,0x0883,0x1083,0x0883,0x10a4,0x1083,0x0883,0x1083,0x10a4,
  0x0883,0x10c4,0x10c5,0x10c4,0x10e5,0x18e4,0x10e4,0x10c4,0x10e4,0x10c4,0x10c4,0x10c4,0x0883,0x1084,0x0883,0x1083,
  0x0884,0x1083,0x0883,0x10a5,0x0884,0x1083,0x0884,0x1084,0x1084,0x08a4,0x10a4,0x10a4,0x10c4,0x10c4,0x10c4,0x10a4,
  0x0883,0x0884,0x1083,0x0884,0x1083,0x10c4,0x10a5,0x1083,0x1084,0x10a4,0x0884,0x08a4,0x10a4,0x10c4,0x1083,0x10c4,
  0x0883,0x10c4,0x10c4,0x10a4,0x10c4,0x1083,0x10c4,0x0883,0x10c4,0x10c4,0x10c4,0x10a4,0x10a3,0x10c4,0x10c4,0x10c4,
  0x10a4,0x10c4,0x0883,0x10c4,0x10c4,0x10c4,0x10c4,0x10c4,0x10c4,0x10e5,0x18c4,0x10e5,0x18e5,0x18c5,0x18e4,0x10c5,
  0x18e4,0x10c4,0x10c4,0x10a4,0x10a3,0x10a4,0x08a4,0x10a4,0x0883,0x1083,0x0884,0x0883,0x1084,0x10c4,0x10c4,0x10a4,
  0x10c4,0x10c4,0x10a4,0x10c4,0x0884,0x1083,0x1083,0x10a4,0x10a4,0x0883,0x0883,0x0864,0x1083,0x0883,0x1084,0x0883,
  0x1083,0x0884,0x1083,0x0884,0x1083,0x0883,0x0884,0x1083,0x0884,0x1083,0x0884,0x1083,0x0884,0x1083,0x0883,0x1064,
  0x0883,0x0884,0x0883,0x1083,0x0884,0x1063,0x0883,0x1084,0x0863,0x0884,0x1083,0x0863,0x0884,0x1083,0x0864,0x1083,
  0x0883,0x1084,0x0883,0x0883,0x0884,0x1083,0x0883,0x1084,0x0883,0x1083,0x0864,0x1083,0x0884,0x1063,0x0883,0x1084,
  0x0863,0x1083,0x0884,0x1063,0x0884,0x0883,0x1063,0x0884,0x0883,0x1084,0x0863,0x1083,0x0884,0x0883,0x1084,0x0884,
  0x0883,0x1063,0x0884,0x1083,0x0884,0x1083,0x0884,0x1083,0x0884,0x0883,0x1084,0x0883,0x0884,0x1083,0x0883,0x0884,
  0x1083,0x0883,0x0864,0x0883,0x1083,0x0883,0x1064,0x0883,0x1083,0x0884,0x1083,0x0864,0x1083,0x0883,0x1064,0x0883,
  0x1083,0x0884,0x0883,0x0883,0x1084,0x0863,0x1084,0x0883,0x1064,0x0883,0x0883,0x1064,0x0883,0x0884,0x1063,0x0883,
  0x1084,0x0863,0x1084,0x0883,0x1063,0x0884,0x1083,0x0864,0x1083,0x0884,0x1083,0x0883,0x0884,0x1083,0x0883,0x0884,
  0x1083,0x0883,0x0884,0x1083,0x0864,0x0883,0x1083,0x0864,0x1083,0x0884,0x1063,0x0883,0x1084,0x0863,0x0883,0x1084,
  0x0863,0x1084,0x0883,0x1063,0x0884,0x1083,0x0864,0x0883,0x1083,0x0884,0x0883,0x1084,0x0883,0x1084,0x0863,0x1083,
  0x0884,0x1063,0x0883,0x1084,0x0863,0x0884,0x1083,0x0864,0x1083,0x0883,0x1084,0x0883,0x1083,0x0884,0x1063,0x0883,
  0x0884,0x0883,0x1064,0x0883,0x1083,0x0864,0x1083,0x0883,0x0864,0x0883,0x0884,0x1063,0x0883,0x0884,0x1063,0x0884,
  0x1083,0x0884,0x1083,0x0884,0x0883,0x1083,0x0884,0x1083,0x0884,0x1083,0x0884,0x1083,0x0884,0x1083,0x0884,0x1083,
  0x0884,0x1063,0x0884,0x1083,0x0864,0x1083,0x0883,0x0884,0x1083,0x0883,0x1084,0x0883,0x1084,0x0883,0x1083,0x0864,
  0x0883,0x1083,0x0864,0x0883,0x1084,0x0863,0x0883,0x1084,0x0863,0x0884,0x0883,0x1083,0x0883,0x0884,0x1083,0x0863,
  0x1084,0x0883,0x1084,0x0863,0x0883,0x1084,0x0883,0x1083,0x1084,0x0883,0x0883,0x1084,0x0883,0x0884,0x1063,0x0883,
  0x1083,0x0864,0x1083,0x0884,0x0863,0x0884,0x1083,0x0863,0x1084,0x0883,0x1084,0x0883,0x1083,0x0884,0x1083,0x0883,
  0x1084,0x0863,0x1084,0x0883,0x1063,0x0884,0x0883,0x0864,0x1083,0x0883,0x1064,0x0883,0x0884,0x1063,0x0883,0x1084,
  0x0863,0x0884,0x0883,0x1083,0x0884,0x1083,0x0884,0x1083,0x0883,0x1084,0x0883,0x1083,0x0863,0x0884,0x1083,0x0884,
  0x1083,0x0864,0x1083,0x0883,0x0883,0x1084,0x0883,0x0863,0x1083,0x0883,0x1084,0x0883,0x1084,0x0883,0x1083,0x0884,
  0x1083,0x0883,0x1083,0x0884,0x1083,0x10c4,0x10c4,0x10c4,0x10c4,0x10c4,0x10a4,0x1083,0x0883,0x1084,0x0883,0x10a3,
  0x1083,0x08a4,0x10a4,0x10a3,0x10a4,0x10a4,0x0883,0x0883,0x0863,0x1083,0x0884,0x10a3,0x10a4,0x0883,0x10c4,0x10c4,
  0x10c4,0x10c4,0x10c4,0x10c4,0x10c4,0x1083,0x0883,0x1083,0x0884,0x0883,0x1084,0x0883,0x0883,0x1084,0x10a4,0x10c5,
  0x18c5,0x10e5,0x1905,0x2105,0x2105,0x1905,0x1906,0x1905,0x18e5,0x18e4,0x18c5,0x10c4,0x10c4,0x10a4,0x0883,0x1084,
  0x10a3,0x0884,0x1083,0x10a4,0x1084,0x10a4,0x08a4,0x08a3,0x0883,0x10a4,0x10c4,0x10c4,0x10c4,0x10c4,0x10e4,0x18e4,
  0x10c4,0x10c4,0x10a3,0x10a4,0x10a4,0x10a4,0x10a5,0x08a4,0x08a3,0x10a4,0x10a4,0x10c4,0x18c4,0x10c5,0x10c5,0x18e5,
  0x10c5,0x18e4,0x10c4,0x10c4,0x10c4,0x0883,0x1084,0x10c4,0x0883,0x10c4,0x10c4,0x18e5,0x10e4,0x18e5,0x18e5,0x18c4,
  0x10c5,0x10c4,0x10c4,0x10c5,0x18c4,0x10e4,0x18e5,0x1905,0x1905,0x1905,0x1925,0x2105,0x1925,0x1905,0x1905,0x1905,
  0x18e5,0x18e5,0x10e5,0x10c4,0x10c4,0x10a4,0x10a3,0x10a4,0x10a3,0x0884,0x1083,0x1084,0x10c4,0x10c4,0x10c4,0x18e5,
  0x18e5,0x18e5,0x18e5,0x10e5,0x18e4,0x10c4,0x10c4,0x10a4,0x0883,0x1084,0x0883,0x1083,0x0884,0x1083,0x0883,0x10c3,
  0x10a4,0x10c4,0x10a4,0x10a3,0x0883,0x1064,0x0883,0x0883,0x1063,0x0884,0x0883,0x1083,0x0884,0x1083,0x0884,0x1083,
  0x0883,0x1083,0x0864,0x1083,0x0883,0x0883,0x1084,0x0883,0x1083,0x0883,0x0884,0x1083,0x0883,0x1084,0x0883,0x0883,
  0x1083,0x0883,0x1083,0x0884,0x1063,0x0883,0x0883,0x0863,0x1083,0x0884,0x0883,0x1083,0x0883,0x0883,0x0884,0x1083,
  0x0884,0x0883,0x1083,0x0883,0x1083,0x0884,0x0883,0x1083,0x0883,0x0883,0x0884,0x0883,0x1063,0x0884,0x1083,0x0883,
  0x1083,0x0884,0x0883,0x1083,0x0883,0x0864,0x1083,0x0883,0x1083,0x0883,0x0883,0x1083,0x0883,0x0884,0x1083,0x0863,
  0x0884,0x1083,0x0883,0x1083,0x0884,0x1083,0x0883,0x0884,0x1083,0x0883,0x1083,0x0883,0x0883,0x1084,0x0883,0x0883,
  0x1083,0x0863,0x1083,0x0884,0x0883,0x1083,0x0883,0x0884,0x0883,0x1083,0x0884,0x0883,0x1083,0x0883,0x0884,0x0883,
  0x1083,0x0883,0x0884,0x1083,0x0883,0x0883,0x1083,0x0883,0x0884,0x1063,0x0883,0x1083,0x0883,0x1083,0x0883,0x1063,
  0x0884,0x1083,0x0883,0x1083,0x0883,0x1084,0x0883,0x0883,0x1083,0x0883,0x0883,0x1084,0x0883,0x1083,0x0884,0x1083,
  0x0883,0x0883,0x0884,0x1083,0x0883,0x0883,0x1083,0x0883,0x1084,0x0883,0x1083,0x0883,0x1063,0x0883,0x0884,0x1083,
  0x0883,0x0884,0x1083,0x0883,0x1083,0x0883,0x0884,0x1083,0x0883,0x0884,0x0883,0x1083,0x0864,0x0883,0x1083,0x0884,
  0x1083,0x0883,0x0883,0x1083,0x0884,0x0883,0x1083,0x0884,0x1083,0x1083,0x0883,0x1083,0x0884,0x1083,0x0883,0x1083,
  0x0883,0x1083,0x0883,0x0863,0x1084,0x0883,0x1083,0x0884,0x0863,0x0883,0x1083,0x0883,0x0863,0x1084,0x0883,0x0883,
  0x1083,0x0883,0x0883,0x1083,0x0883,0x0884,0x1083,0x0883,0x0883,0x0884,0x1083,0x0883,0x0883,0x0863,0x0884,0x1083,
  0x0883,0x0884,0x1083,0x0883,0x1083,0x0884,0x1083,0x0883,0x1083,0x0883,0x1084,0x0883,0x1084,0x0863,0x0883,0x1083,
  0x0883,0x0883,0x1083,0x0883,0x1084,0x0883,0x1083,0x0883,0x0883,0x1084,0x0863,0x0883,0x1083,0x0883,0x1084,0x0883,
  0x0884,0x1083,0x0883,0x1083,0x0884,0x1083,0x0884,0x1083,0x0883,0x0883,0x1063,0x0884,0x0883,0x1083,0x0883,0x0864,
  0x0883,0x1083,0x0883,0x0884,0x1083,0x0883,0x1083,0x0883,0x1084,0x0883,0x0883,0x1084,0x0883,0x1083,0x0884,0x0883,
  0x1083,0x0883,0x1084,0x0863,0x0883,0x1083,0x0883,0x0864,0x1083,0x0883,0x1063,0x0884,0x1083,0x0883,0x1063,0x0883,
  0x0883,0x0883,0x0883,0x1084,0x0863,0x0883,0x1083,0x0884,0x0883,0x1084,0x10c4,0x10c4,0x18c4,0x10c4,0x10c4,0x10a4,
  0x10c4,0x10a4,0x10a3,0x10c4,0x18c4,0x18e4,0x18e5,0x2105,0x2105,0x18e5,0x18e4,0x18c4,0x10c4,0x18c4,0x10c4,0x10a3,
  0x10c4,0x10c4,0x18c4,0x10c4,0x18c4,0x10c4,0x10c4,0x1084,0x0883,0x1084,0x0883,0x10a4,0x10a4,0x10c4,0x18e5,0x1905,
  0x2105,0x1905,0x1905,0x18e5,0x18c4,0x10c4,0x10c4,0x0884,0x1083,0x0883,0x0883,0x10a4,0x10a4,0x10a4,0x10e4,0x1905,
  0x1925,0x2126,0x2166,0x2966,0x2167,0x2987,0x2966,0x2166,0x2146,0x2146,0x2125,0x1905,0x1905,0x10e5,0x10c4,0x10c4,
  0x08a3,0x1083,0x0883,0x0883,0x0884,0x0883,0x1083,0x0884,0x10a4,0x10c4,0x10c4,0x18e5,0x1904,0x1905,0x2105,0x1905,
  0x1904,0x18c4,0x10c4,0x10c4,0x0883,0x10c4,0x0883,0x1083,0x1084,0x10c4,0x10c5,0x18c5,0x1905,0x1905,0x2125,0x1945,
  0x2126,0x1925,0x1906,0x18e4,0x18c4,0x10c4,0x10c4,0x10c4,0x18e4,0x18e5,0x1905,0x2125,0x2126,0x2126,0x2145,0x1926,
  0x2145,0x1905,0x2105,0x1905,0x1904,0x2125,0x2126,0x2945,0x2946,0x2966,0x2966,0x3166,0x2967,0x2966,0x2946,0x2146,
  0x2125,0x2105,0x2105,0x18e5,0x18c4,0x10c4,0x18c4,0x10c4,0x10a4,0x18c4,0x10c4,0x18e5,0x18e4,0x1905,0x2126,0x2125,
  0x2146,0x2126,0x2146,0x2125,0x2105,0x18e5,0x18e5,0x10c4,0x10c4,0x10a4,0x1083,0x1084,0x10c4,0x10c4,0x18c4,0x18c4,
  0x10c4,0x18c4,0x10c4,0x10a4,0x0883,0x0883,0x1083,0x0884,0x0883,0x1083,0x1084,0x10a4,0x10c4,0x10c4,0x10c4,0x10c4,
  0x1084,0x0883,0x0883,0x1084,0x0883,0x1083,0x0883,0x0864,0x0883,0x1083,0x0883,0x1084,0x0863,0x0883,0x1083,0x0864,
  0x0883,0x0884,0x0863,0x1083,0x0883,0x1084,0x0883,0x1084,0x0883,0x1083,0x0883,0x0864,0x1083,0x0884,0x1083,0x0863,
  0x1083,0x0884,0x0883,0x0884,0x0863,0x1083,0x0884,0x1083,0x0864,0x1083,0x1083,0x0884,0x0883,0x1083,0x0883,0x0864,
  0x0883,0x1083,0x0883,0x0864,0x1083,0x0883,0x0884,0x0883,0x0864,0x1083,0x0864,0x0883,0x1064,0x0883,0x0883,0x1084,
  0x0883,0x1083,0x0884,0x0863,0x1083,0x0884,0x0883,0x1083,0x0863,0x0884,0x0883,0x1084,0x0863,0x0883,0x1083,0x0884,
  0x0883,0x1084,0x0883,0x1063,0x0884,0x0883,0x1084,0x0863,0x1083,0x0884,0x1083,0x0863,0x0884,0x1083,0x0883,0x1064,
  0x0883,0x1084,0x0883,0x0863,0x1084,0x0883,0x0884,0x1063,0x0883,0x0883,0x0884,0x0883,0x1064,0x0883,0x0884,0x0883,
  0x1083,0x0883,0x0864,0x0883,0x1084,0x0883,0x1063,0x0884,0x0883,0x1084,0x0883,0x0863,0x0884,0x0883,0x1083,0x0863,
  0x1084,0x0883,0x1083,0x0883,0x1064,0x0883,0x1084,0x0883,0x0863,0x1083,0x0884,0x0883,0x0884,0x1083,0x0883,0x0884,
  0x1083,0x0863,0x0883,0x0884,0x0883,0x1064,0x0883,0x0883,0x1083,0x0863,0x1083,0x0884,0x1083,0x0883,0x0884,0x1083,
  0x0863,0x1084,0x0883,0x0864,0x1083,0x0883,0x0884,0x1063,0x0883,0x0884,0x0883,0x0884,0x1063,0x0883,0x0884,0x0883,
  0x1064,0x0883,0x0884,0x1083,0x0883,0x0884,0x0863,0x1083,0x0883,0x1084,0x0883,0x0884,0x1083,0x0883,0x1083,0x0864,
  0x0883,0x1084,0x0883,0x0864,0x1083,0x0883,0x0884,0x1063,0x0883,0x1083,0x0863,0x1084,0x0883,0x1084,0x0883,0x1083,
  0x0884,0x1063,0x0883,0x0884,0x1083,0x0883,0x0864,0x0883,0x0884,0x1083,0x0883,0x0863,0x0883,0x1084,0x0883,0x0884,
  0x1083,0x0864,0x0883,0x1084,0x0883,0x0863,0x0884,0x1083,0x0864,0x0883,0x1083,0x0884,0x1083,0x0864,0x0883,0x1083,
  0x0863,0x0883,0x0884,0x0883,0x1063,0x0883,0x0883,0x0884,0x1063,0x0884,0x0883,0x1083,0x0884,0x0863,0x1083,0x0883,
  0x1083,0x0884,0x1083,0x0883,0x0884,0x1063,0x0884,0x0883,0x0883,0x1064,0x0883,0x0883,0x1083,0x0864,0x1083,0x0883,
  0x0884,0x1063,0x0883,0x1084,0x0883,0x0884,0x1083,0x0883,0x0883,0x0884,0x0883,0x1083,0x0884,0x0883,0x0884,0x1083,
  0x1083,0x0884,0x1083,0x0883,0x1084,0x0883,0x0864,0x1083,0x10a4,0x4209,0x632e,0x6b6e,0x6b6f,0x632e,0x2105,0x18e4,
  0x18c4,0x18e4,0x18e4,0x1905,0x2105,0x6b6e,0x6b8f,0x73af,0x6b8f,0x73af,0x4229,0x2125,0x1905,0x18c4,0x18e4,0x18e4,
  0x18e4,0x39e8,0x6b4e,0x6b6e,0x6b8e,0x632e,0x20e5,0x10a3,0x0884,0x10a4,0x10a3,0x10a4,0x18e4,0x1905,0x4a6a,0x6b8e,
  0x6baf,0x73d0,0x6b6e,0x426a,0x18e5,0x10e5,0x10a4,0x10a3,0x10a4,0x0884,0x1083,0x10a4,0x08a3,0x18e5,0x31a8,0x632e,
  0x73af,0x73d0,0x7bf0,0x7bf1,0x7410,0x7bf0,0x73d0,0x7bf0,0x73af,0x634e,0x52cc,0x31c8,0x2146,0x1905,0x1905,0x10c4,
  0x10a4,0x0884,0x1083,0x0884,0x1083,0x0883,0x1084,0x10a4,0x10c4,0x18c5,0x1905,0x4a6a,0x6b8f,0x73af,0x6baf,0x6b8e,
  0x426a,0x1905,0x18e5,0x10c4,0x0883,0x10c4,0x1084,0x08a4,0x08a3,0x10a4,0x18e5,0x31c8,0x634e,0x73d0,0x73b0,0x73d0,
  0x73b0,0x738f,0x4a6a,0x1905,0x1925,0x18e5,0x18e4,0x18e5,0x1905,0x2166,0x52ac,0x73b0,0x73d0,0x73d0,0x73d0,0x73d0,
  0x6b8f,0x2166,0x2146,0x2966,0x31a7,0x630d,0x73cf,0x73d0,0x7bf0,0x7bf0,0x7bf0,0x73f0,0x7bf0,0x7bf0,0x7bf0,0x73cf,
  0x73cf,0x738f,0x73af,0x6b8f,0x632e,0x31a8,0x18c4,0x10c4,0x18c4,0x18e5,0x2105,0x18e4,0x2126,0x3187,0x4a6b,0x632d,
  0x6b8f,0x73b0,0x738f,0x632e,0x426a,0x2947,0x2105,0x1905,0x18c4,0x18e4,0x18e4,0x18c4,0x10c4,0x18c4,0x4229,0x6b6f,
  0x6b6f,0x6b6e,0x528b,0x2125,0x10a4,0x1083,0x10a4,0x0883,0x1084,0x10a4,0x08a3,0x3a09,0x6b6e,0x6b6f,0x636e,0x632e,
  0x10e4,0x10c4,0x1083,0x0883,0x0884,0x0863,0x1084,0x0883,0x1083,0x0884,0x0863,0x0883,0x1084,0x0883,0x0883,0x1084,
  0x0883,0x1083,0x0884,0x0883,0x0884,0x0883,0x1063,0x0883,0x0884,0x0863,0x1084,0x0883,0x0883,0x1063,0x0883,0x0884,
  0x0883,0x1083,0x0863,0x1083,0x0884,0x1083,0x0883,0x0883,0x1083,0x0884,0x0863,0x1083,0x0883,0x0864,0x1083,0x0883,
  0x1083,0x0864,0x1083,0x0883,0x0884,0x1083,0x0883,0x1083,0x0883,0x0884,0x1083,0x0883,0x0883,0x1083,0x0884,0x1083,
  0x0863,0x0883,0x1083,0x0884,0x0883,0x1063,0x0883,0x0884,0x1083,0x0883,0x1063,0x0883,0x1084,0x0883,0x0884,0x1063,
  0x0883,0x0883,0x0884,0x1083,0x0883,0x1063,0x0883,0x0883,0x1084,0x0883,0x0883,0x1083,0x0883,0x1064,0x0883,0x0883,
  0x0883,0x0883,0x1083,0x0884,0x0883,0x1063,0x0883,0x0884,0x1083,0x0884,0x1083,0x0883,0x0883,0x1084,0x0883,0x1063,
  0x0884,0x0883,0x1083,0x0883,0x0863,0x0884,0x0883,0x1083,0x0883,0x0863,0x1084,0x0883,0x1083,0x0883,0x0884,0x0883,
  0x0883,0x1064,0x0883,0x0884,0x0883,0x0883,0x0883,0x1084,0x0883,0x0884,0x1063,0x0883,0x1083,0x0884,0x1063,0x0883,
  0x0883,0x1084,0x0883,0x1063,0x0883,0x1083,0x0883,0x1084,0x0883,0x0884,0x0883,0x0883,0x0883,0x1064,0x0883,0x0883,
  0x0883,0x0883,0x1083,0x0883,0x0883,0x1084,0x0883,0x0883,0x1083,0x0863,0x1083,0x0883,0x0884,0x1083,0x0863,0x1083,
  0x0883,0x0884,0x1083,0x0883,0x1064,0x0883,0x1083,0x0884,0x0883,0x0883,0x1063,0x0883,0x0884,0x0863,0x0884,0x1083,
  0x0883,0x0863,0x1084,0x0883,0x0883,0x1084,0x0883,0x1083,0x0884,0x0883,0x0884,0x0883,0x1063,0x0883,0x0883,0x0864,
  0x1083,0x0883,0x1083,0x0883,0x0864,0x1083,0x0883,0x1083,0x0883,0x0864,0x1083,0x0884,0x1083,0x0883,0x1083,0x0864,
  0x0883,0x1083,0x0883,0x0883,0x1083,0x0884,0x1083,0x0883,0x1083,0x0883,0x0884,0x1083,0x0883,0x0883,0x1084,0x0883,
  0x1084,0x0883,0x1063,0x0884,0x0883,0x1084,0x0863,0x1083,0x0883,0x1083,0x0884,0x0883,0x1083,0x0884,0x0883,0x1084,
  0x0883,0x0863,0x0884,0x1063,0x0883,0x0883,0x1083,0x0884,0x1083,0x0883,0x1084,0x0863,0x0883,0x0883,0x0884,0x1083,
  0x0883,0x0884,0x0883,0x0883,0x1083,0x0863,0x0884,0x1083,0x0864,0x1083,0x0883,0x0884,0x1063,0x0883,0x1083,0x0884,
  0x0883,0x1063,0x0884,0x0863,0x1083,0x0883,0x1083,0x10a4,0x10c4,0x7bd0,0xdf1d,0xef7e,0xe75e,0xd6db,0x4229,0x2105,
  0x2105,0x2125,0x2105,0x2966,0x2146,0xe71d,0xe75e,0xef7e,0xef7e,0xef9e,0x8c72,0x31a7,0x2966,0x2105,0x2104,0x2126,
  0x2125,0x73af,0xef7e,0xef7f,0xef7e,0xce5a,0x2146,0x10c3,0x18a4,0x18c4,0x10c4,0x18e5,0x2105,0x2145,0xad76,0xef7e,
  0xef9e,0xe75d,0xe75e,0x9cf4,0x2166,0x1905,0x18c4,0x10c4,0x10c4,0x0863,0x10a4,0x10c4,0x10c4,0x1905,0x5aec,0xce9b,
  0xef9e,0xe77f,0xef7e,0xe77e,0xef9e,0xef7e,0xe77e,0xe75d,0xdf3d,0xd6dc,0xc659,0x94f4,0x73b0,0x3187,0x2125,0x1905,
  0x18c4,0x10c4,0x0883,0x10c4,0x10a4,0x0883,0x1083,0x10c4,0x10c4,0x18e5,0x2146,0xad96,0xe75e,0xe77e,0xe79e,0xe75d,
  0x9cf3,0x2146,0x1904,0x18e5,0x10a4,0x10c4,0x10c4,0x18c4,0x10a4,0x10c4,0x2105,0x5b2d,0xce9b,0xef9e,0xe75e,0xf79f,
  0xe77e,0xe77e,0x9cf4,0x2966,0x2146,0x1925,0x2125,0x2146,0x2946,0x3a09,0xb5d8,0xef9e,0xe77e,0xe77e,0xe77e,0xef7e,
  0xd6fc,0x31a7,0x31a7,0x31a7,0x4a8a,0xb5b7,0xef7e,0xef9e,0xef9e,0xe77e,0xef7e,0xef7d,0xe77e,0xef7e,0xef7d,0xef7e,
  0xe77e,0xef7e,0xef9f,0xef7e,0xd6db,0x5b0d,0x1905,0x18e5,0x1904,0x2105,0x2125,0x2146,0x738f,0x94d4,0xbdf8,0xd6dc,
  0xe73d,0xe73d,0xdf1d,0xd6db,0xbdd8,0x8c93,0x632d,0x2126,0x2105,0x18e5,0x18e5,0x10c4,0x2125,0x2126,0x8411,0xef7e,
  0xef9e,0xe77e,0xa535,0x31c7,0x18c4,0x10a4,0x18c4,0x1084,0x0883,0x18c4,0x18c4,0x8412,0xe77e,0xef9e,0xe77e,0xdf1d,
  0x18e4,0x10c4,0x10a4,0x0883,0x1083,0x0883,0x1083,0x0883,0x0864,0x1083,0x0883,0x1083,0x0883,0x1064,0x0883,0x1083,
  0x0863,0x1083,0x0883,0x1063,0x1083,0x0883,0x0884,0x1083,0x0883,0x1083,0x0883,0x1083,0x0884,0x0883,0x1083,0x0883,
  0x1063,0x0884,0x1083,0x0883,0x1083,0x0863,0x1084,0x0863,0x0883,0x1083,0x0883,0x0884,0x1083,0x0883,0x1083,0x0884,
  0x0883,0x1083,0x0883,0x1084,0x0883,0x1063,0x0884,0x1063,0x0883,0x1083,0x0883,0x1064,0x0883,0x1083,0x0863,0x0883,
  0x1084,0x0883,0x0863,0x1083,0x0883,0x0884,0x1083,0x0863,0x1083,0x0884,0x0883,0x1083,0x0883,0x1063,0x0883,0x1083,
  0x0884,0x1063,0x0883,0x1083,0x0884,0x0883,0x1084,0x0883,0x0863,0x1083,0x0864,0x1083,0x0883,0x0883,0x1083,0x1084,
  0x0863,0x1084,0x0863,0x1083,0x0883,0x1084,0x0883,0x1083,0x0883,0x1063,0x0883,0x1064,0x0883,0x1063,0x0883,0x0884,
  0x1083,0x0883,0x1064,0x0883,0x1083,0x1083,0x0883,0x1064,0x0883,0x1083,0x0883,0x1083,0x0864,0x1083,0x1063,0x0883,
  0x1083,0x0883,0x1083,0x0863,0x1083,0x1084,0x0863,0x1083,0x0863,0x1083,0x0883,0x1084,0x0863,0x0883,0x1083,0x0884,
  0x1063,0x0883,0x1083,0x0884,0x1083,0x0884,0x0863,0x0883,0x1063,0x1083,0x0864,0x1083,0x0883,0x1083,0x0883,0x1064,
  0x1083,0x0884,0x1063,0x0884,0x1083,0x0863,0x1083,0x0864,0x0883,0x1084,0x0883,0x1063,0x0883,0x1083,0x0884,0x0883,
  0x1083,0x0863,0x0883,0x1083,0x0883,0x0883,0x1083,0x0863,0x1083,0x0884,0x1083,0x0883,0x1083,0x1083,0x0883,0x1083,
  0x0884,0x1083,0x0883,0x1083,0x0863,0x1083,0x0863,0x0884,0x1063,0x0883,0x1063,0x0883,0x1084,0x0883,0x1083,0x0883,
  0x1083,0x0884,0x0863,0x1083,0x0883,0x1083,0x0884,0x1063,0x0883,0x1083,0x0883,0x1083,0x0864,0x0883,0x1083,0x0883,
  0x1083,0x0884,0x1063,0x0884,0x1063,0x0883,0x0863,0x1084,0x0883,0x1063,0x0883,0x0863,0x1084,0x0883,0x0863,0x1083,
  0x0883,0x1083,0x0883,0x1083,0x0883,0x1083,0x0883,0x0884,0x1083,0x0863,0x1083,0x0863,0x1083,0x0883,0x1063,0x0883,
  0x1084,0x0883,0x1083,0x0883,0x1084,0x0883,0x1063,0x0883,0x0864,0x1083,0x0883,0x1083,0x0884,0x1083,0x0863,0x1083,
  0x0863,0x1083,0x1083,0x0864,0x1083,0x0883,0x1083,0x0883,0x1083,0x0883,0x1063,0x0883,0x1083,0x0884,0x0863,0x1083,
  0x0883,0x0883,0x1083,0x0883,0x0884,0x1063,0x0883,0x10a4,0x18a3,0x4a8a,0xd6bb,0xef9e,0xe73d,0xdefc,0x73af,0x2966,
  0x2986,0x2966,0x2966,0x31a7,0x4229,0xef9e,0xef7d,0xe77d,0xe75d,0xef7e,0xb5b7,0x4a6a,0x31a7,0x2986,0x2966,0x2966,
  0x31a7,0x8c92,0xe77e,0xef7d,0xef7e,0x94d3,0x2125,0x2105,0x18e5,0x18e5,0x18c4,0x2125,0x2146,0x4a6a,0xcebb,0xef7e,
  0xef9e,0xdf3d,0xef9e,0xb5f8,0x4a8b,0x2946,0x1905,0x18e4,0x10a4,0x10a3,0x10a4,0x10c3,0x18c4,0x2125,0x5aed,0xce9a,
  0xef9e,0xe77e,0xe77e,0xef7d,0xe77e,0xe75d,0xef9e,0xe77e,0xef7d,0xe75d,0xefbe,0xe75e,0xdefc,0x8c92,0x39e8,0x2125,
  0x18e5,0x18e4,0x10a4,0x10c4,0x1083,0x0883,0x10a4,0x18e5,0x18e5,0x2946,0x424a,0xce9a,0xef9e,0xe73c,0xef9e,0xef7d,
  0xb5f8,0x528a,0x2126,0x2105,0x18e5,0x10a4,0x10a3,0x18c5,0x18c4,0x18e4,0x2126,0x632e,0xd69b,0xef7e,0xe77e,0xe77e,
  0xe77d,0xef7e,0xad97,0x3a29,0x3187,0x2967,0x2966,0x2966,0x31a8,0x52cb,0xdf1d,0xe77e,0xef7e,0xef9e,0xe75d,0xe77e,
  0xd6db,0x3a09,0x39e8,0x31c8,0x5acc,0xb5b7,0xef7d,0xef7e,0xe75c,0xef7e,0xe77d,0xe77d,0xef7d,0xe77e,0xef7d,0xef7d,
  0xe77e,0xef7e,0xe77e,0xef7e,0xd6bb,0x632d,0x2105,0x2104,0x2126,0x2946,0x2947,0x94b3,0xcebb,0xef7e,0xef9f,0xef5d,
  0xef7e,0xe75e,0xef7e,0xef7e,0xe73d,0xef7e,0xd6bb,0x7bf0,0x2125,0x2126,0x2125,0x2105,0x2125,0x2125,0x8411,0xe77e,
  0xef7d,0xef7e,0xa555,0x39c8,0x2105,0x18c4,0x18e4,0x10c4,0x18c4,0x18e5,0x1905,0x8431,0xe75e,0xe77e,0xe77d,0xdf1d,
  0x1904,0x18e4,0x10c4,0x1084,0x0883,0x1064,0x0883,0x1083,0x0883,0x1083,0x0884,0x0863,0x1083,0x0883,0x0883,0x1084,
  0x0883,0x0884,0x1083,0x0884,0x0883,0x1063,0x0883,0x1063,0x0884,0x0883,0x1064,0x0883,0x1063,0x0884,0x1083,0x0884,
  0x0883,0x1083,0x0884,0x0863,0x0884,0x0883,0x0883,0x1084,0x0883,0x0864,0x1083,0x0883,0x1063,0x0884,0x0883,0x1063,
  0x0883,0x0884,0x1063,0x0883,0x0883,0x0883,0x1083,0x0884,0x0883,0x1064,0x0883,0x0883,0x1083,0x0884,0x1083,0x0883,
  0x0863,0x1084,0x0883,0x1084,0x0863,0x1083,0x0883,0x1084,0x0883,0x1063,0x0884,0x0883,0x1084,0x0883,0x0884,0x1063,
  0x0883,0x1083,0x0884,0x0863,0x1083,0x0863,0x0883,0x1083,0x0884,0x1083,0x0883,0x0883,0x1064,0x0883,0x0883,0x0883,
  0x1083,0x0883,0x0883,0x1084,0x0863,0x0883,0x1083,0x0864,0x0883,0x0884,0x1083,0x0883,0x0883,0x1084,0x0883,0x1083,
  0x0863,0x0883,0x1083,0x0884,0x0883,0x0864,0x1083,0x0883,0x0884,0x1083,0x0864,0x0883,0x1083,0x0883,0x0884,0x1083,
  0x0864,0x0883,0x1084,0x0883,0x0883,0x0883,0x1083,0x0884,0x0883,0x0884,0x1083,0x0883,0x0883,0x1084,0x0863,0x0883,
  0x1083,0x0884,0x0883,0x1063,0x0883,0x0883,0x1084,0x0883,0x0884,0x0883,0x1083,0x0883,0x1064,0x0883,0x0883,0x0883,
  0x0883,0x1083,0x0883,0x0883,0x1063,0x0884,0x0883,0x1083,0x0883,0x0883,0x1084,0x0883,0x0884,0x1063,0x0883,0x1084,
  0x0883,0x1084,0x0863,0x0884,0x1083,0x0864,0x0883,0x1084,0x0883,0x1063,0x0884,0x0863,0x0884,0x1083,0x0864,0x0883,
  0x1063,0x0883,0x0884,0x1083,0x0884,0x0883,0x1083,0x0883,0x1083,0x0884,0x1083,0x0883,0x0883,0x1064,0x0883,0x1084,
  0x0863,0x0883,0x1084,0x0883,0x0884,0x1063,0x0883,0x0884,0x1083,0x0884,0x0863,0x0883,0x1083,0x0884,0x0883,0x1064,
  0x0883,0x0883,0x1083,0x0883,0x0883,0x1084,0x0883,0x0883,0x0883,0x1084,0x0883,0x1083,0x0883,0x1083,0x0884,0x0883,
  0x0864,0x0883,0x1084,0x0863,0x0884,0x1063,0x0883,0x1083,0x0884,0x0883,0x0884,0x1083,0x0884,0x0883,0x0884,0x1083,
  0x0863,0x0883,0x1084,0x0863,0x0883,0x1084,0x0883,0x1083,0x0883,0x0883,0x0864,0x1083,0x0883,0x1083,0x0884,0x0883,
  0x1084,0x0883,0x0883,0x1083,0x0884,0x0863,0x1084,0x0863,0x0884,0x1083,0x0884,0x0883,0x1083,0x0883,0x1083,0x0883,
  0x1083,0x0864,0x1083,0x0883,0x1083,0x0884,0x0883,0x1084,0x18e4,0x2967,0xce5a,0xefbf,0xe75d,0xe75d,0x9d14,0x31a7,
  0x31a7,0x29a6,0x39c8,0x39c8,0x8430,0xef9e,0xe75d,0xef7e,0xe75d,0xef7e,0xd6fb,0x5b0c,0x39e8,0x39c8,0x31c7,0x31a7,
  0x4a4a,0xb596,0xef5d,0xe77e,0xef5e,0x5b2d,0x2105,0x2126,0x2104,0x1905,0x2105,0x2946,0x2966,0x8c71,0xe75d,0xdf5c,
  0xe77e,0xef7d,0xe75e,0xe73c,0x7bf0,0x2986,0x2105,0x10a3,0x18a4,0x2105,0x10a4,0x18c4,0x18e5,0x2126,0x5b0d,0xce7a,
  0xef7e,0xef7e,0xe77e,0xe75d,0xf7be,0xe77d,0xef7d,0xe77e,0xef7e,0xf7be,0xdf1c,0xef7e,0xe75d,0xdf3d,0x94b3,0x2987,
  0x2105,0x18e4,0x18c4,0x18c4,0x10a4,0x10a4,0x18c4,0x18e5,0x2105,0x2966,0x8472,0xdf1c,0xf7be,0xe73d,0xe77d,0xe75d,
  0xdf1c,0x8431,0x2986,0x18c4,0x1905,0x18a4,0x10a4,0x18c4,0x10e4,0x2105,0x2966,0x634e,0xce9b,0xef7e,0xef9f,0xef7d,
  0xe77e,0xe73d,0xc659,0x632d,0x39c8,0x31c7,0x31a7,0x31c8,0x39e8,0x6b4d,0xef9e,0xe77e,0xe77d,0xef7e,0xef7e,0xef7e,
  0xd6fc,0x4229,0x4229,0x4208,0x5acb,0xb5b7,0xe77d,0xe75d,0xf79e,0xef7e,0xef7e,0xef7e,0xef7d,0xef7e,0xef7e,0xef7d,
  0xef5d,0xe75d,0xef9e,0xf79f,0xd6ba,0x632d,0x2105,0x2105,0x2125,0x31a7,0x8c92,0xe73d,0xf77e,0xe75d,0xef5e,0xe75d,
  0xe75d,0xef7e,0xef7e,0xef7e,0xef9e,0xef7e,0xe75d,0xdedb,0x7bf0,0x2946,0x2966,0x2966,0x2966,0x2966,0x8410,0xef7e,
  0xef7e,0xef7d,0xa535,0x39e8,0x2145,0x2105,0x20e5,0x18e4,0x18e5,0x2125,0x2946,0x8c52,0xef7d,0xe77e,0xef5d,0xdf3d,
  0x2125,0x18e5,0x10c4,0x10a3,0x0883,0x0883,0x1084,0x0863,0x0884,0x0863,0x1083,0x0884,0x0883,0x1064,0x0883,0x0863,
  0x1083,0x0863,0x0883,0x1063,0x0884,0x1083,0x0884,0x0883,0x1083,0x0863,0x0883,0x1083,0x0883,0x0883,0x1063,0x0883,
  0x1063,0x0883,0x1083,0x0883,0x1083,0x1063,0x0883,0x1083,0x0883,0x1083,0x0883,0x1064,0x0883,0x1083,0x0883,0x1084,
  0x0863,0x1083,0x0883,0x1084,0x0863,0x1084,0x0863,0x1083,0x0883,0x0883,0x1083,0x0864,0x1083,0x0863,0x0884,0x1083,
  0x0883,0x1083,0x0883,0x0883,0x1084,0x0883,0x0863,0x0883,0x1084,0x0883,0x1083,0x0863,0x0883,0x1063,0x0883,0x0883,
  0x1084,0x0883,0x1063,0x0883,0x0884,0x1083,0x0884,0x1063,0x0883,0x0883,0x1064,0x0883,0x1083,0x0884,0x1063,0x0884,
  0x1063,0x0884,0x1083,0x0883,0x1083,0x0884,0x0883,0x1083,0x1083,0x0863,0x0883,0x1084,0x0863,0x0883,0x1083,0x0864,
  0x1083,0x0884,0x0883,0x1063,0x1083,0x0883,0x0883,0x1083,0x0863,0x0883,0x1083,0x0883,0x0884,0x1063,0x0883,0x0883,
  0x1083,0x0883,0x0863,0x1084,0x0863,0x1084,0x0863,0x1083,0x0883,0x1063,0x0883,0x1064,0x0883,0x0883,0x1083,0x0884,
  0x0883,0x1063,0x0883,0x0884,0x1083,0x0863,0x1083,0x0883,0x1063,0x0883,0x1084,0x0883,0x0883,0x1084,0x1063,0x0884,
  0x1063,0x0884,0x1063,0x0884,0x0883,0x1083,0x0883,0x1064,0x0883,0x1063,0x0883,0x1063,0x0883,0x0883,0x1083,0x0863,
  0x0883,0x1083,0x0883,0x1083,0x0863,0x1083,0x0883,0x1083,0x0883,0x0883,0x1083,0x1083,0x0883,0x0863,0x1083,0x0883,
  0x0884,0x1083,0x0863,0x0883,0x1063,0x0884,0x1083,0x0864,0x0883,0x1083,0x0863,0x1084,0x0883,0x0883,0x1083,0x0863,
  0x1083,0x0883,0x0883,0x1063,0x0883,0x0883,0x1083,0x0883,0x0863,0x1083,0x1084,0x0883,0x1083,0x0863,0x1083,0x0883,
  0x1083,0x0864,0x0883,0x1084,0x0863,0x1083,0x0883,0x1064,0x0883,0x1063,0x0884,0x0883,0x1064,0x0883,0x1063,0x0883,
  0x1083,0x0883,0x1063,0x0883,0x1083,0x0884,0x0883,0x1063,0x0883,0x1063,0x0883,0x0883,0x1063,0x1083,0x0863,0x0883,
  0x1084,0x0883,0x0883,0x1083,0x0883,0x0863,0x1084,0x0883,0x1064,0x0883,0x1083,0x0883,0x0864,0x1083,0x0863,0x1083,
  0x0883,0x1064,0x0883,0x0863,0x1083,0x0883,0x0883,0x1083,0x0883,0x0863,0x1083,0x0864,0x0883,0x1064,0x0883,0x0884,
  0x0883,0x1083,0x0884,0x0863,0x1083,0x0863,0x1083,0x10a4,0x18e4,0x2146,0xadb7,0xef7d,0xef7e,0xef7d,0xb5b7,0x31e7,
  0x39c8,0x3a08,0x4209,0x3a08,0xc5f8,0xef9e,0xef7e,0xe77e,0xef7d,0xe75d,0xef5e,0x6b6d,0x4208,0x39c8,0x4209,0x39e7,
  0x5b0c,0xd6bb,0xef7e,0xef7d,0xe75d,0x4a6a,0x2946,0x2145,0x18e4,0x2125,0x2946,0x2966,0x31a7,0xb5b7,0xef5e,0xef7d,
  0xce9a,0xd6fb,0xe75d,0xef9e,0x9d15,0x4229,0x2946,0x1905,0x10c3,0x1905,0x1083,0x18e5,0x2105,0x2965,0x5b0d,0xce9a,
  0xe77e,0xef7e,0xe77d,0x6bae,0x5aec,0x5aec,0x5b0c,0x5b0c,0x52cb,0x8472,0xe73d,0xe75d,0xefbe,0xef5d,0xd6fc,0x6b8f,
  0x2946,0x1925,0x18e4,0x18c4,0x18c3,0x10c4,0x18c4,0x1905,0x2125,0x31a8,0xbdf8,0xe73c,0xe75d,0xdf1c,0xce9a,0xef7e,
  0xef7d,0x9d34,0x4249,0x2146,0x1904,0x2105,0x10c4,0x18e5,0x18e5,0x2126,0x2987,0x6b6e,0xd69a,0xe77e,0xef9e,0xe75e,
  0xefbe,0xe77e,0xdf1b,0x8451,0x39e8,0x3a28,0x39e8,0x4229,0x424a,0x94b3,0xe77e,0xef7e,0xef7e,0xef7e,0xe79e,0xe77d,
  0xdefc,0x4249,0x4249,0x4229,0x5aec,0xb5d7,0xef5e,0xef7e,0xdf1c,0x73cf,0x632d,0x630c,0x5b0d,0x5aec,0x52cb,0x52cc,
  0x52cb,0x4aab,0x4a49,0x3a09,0x4249,0x2987,0x2946,0x2946,0x2966,0x5acc,0xd69a,0xe75e,0xef9e,0xef5d,0xc659,0x73af,
  0x52ab,0x5b2c,0x52ab,0x8c92,0xe73d,0xef9e,0xef7e,0xe75d,0xb5d7,0x52ab,0x3186,0x2967,0x2946,0x4209,0x83f0,0xef9e,
  0xef7d,0xe77d,0xa535,0x4229,0x3186,0x2126,0x2125,0x2125,0x2925,0x2966,0x2987,0x9492,0xe75d,0xef9e,0xe77d,0xdf5d,
  0x2145,0x2125,0x18e4,0x10a4,0x0883,0x1083,0x0883,0x0883,0x1083,0x0883,0x1083,0x0883,0x1083,0x0883,0x1083,0x0884,
  0x1083,0x0884,0x1083,0x0883,0x0883,0x0883,0x1063,0x0883,0x1084,0x0883,0x1084,0x0883,0x1064,0x0883,0x0884,0x1083,
  0x0884,0x0883,0x0864,0x1083,0x0884,0x0883,0x1084,0x0863,0x0884,0x1063,0x0883,0x0883,0x0883,0x0884,0x1063,0x0883,
  0x0883,0x0884,0x1083,0x0883,0x0883,0x1083,0x0883,0x0884,0x1063,0x0883,0x1084,0x0883,0x0883,0x1083,0x0883,0x1064,
  0x0883,0x0884,0x1063,0x0883,0x0863,0x1083,0x0884,0x1083,0x0863,0x0883,0x0884,0x1083,0x0884,0x1083,0x0884,0x1083,
  0x0863,0x0883,0x0884,0x1083,0x0883,0x1083,0x0883,0x0883,0x1084,0x0883,0x1083,0x0883,0x0883,0x1083,0x0883,0x0883,
  0x1083,0x0883,0x0863,0x0884,0x1063,0x0883,0x1063,0x0884,0x0883,0x1084,0x0883,0x1083,0x0883,0x1084,0x0883,0x0883,
  0x0883,0x1083,0x0883,0x0884,0x0883,0x1084,0x0863,0x1084,0x0883,0x1084,0x0883,0x1063,0x0883,0x0883,0x1084,0x0863,
  0x1084,0x0883,0x1083,0x0883,0x1083,0x0883,0x0883,0x1084,0x0883,0x0883,0x1083,0x0883,0x1083,0x0864,0x1083,0x0883,
  0x1083,0x0884,0x1083,0x0863,0x1083,0x0884,0x0883,0x1084,0x0883,0x1083,0x0863,0x1083,0x0863,0x0883,0x0883,0x1083,
  0x0883,0x0883,0x1083,0x0883,0x1083,0x0864,0x0883,0x1083,0x0883,0x0884,0x1083,0x0884,0x1083,0x0884,0x0883,0x1084,
  0x0883,0x0864,0x1083,0x0884,0x0883,0x1084,0x0883,0x0864,0x1083,0x0884,0x0863,0x0884,0x1083,0x0884,0x0883,0x1083,
  0x0863,0x1083,0x0884,0x1083,0x0883,0x0883,0x0883,0x1083,0x0883,0x0884,0x0883,0x1083,0x0863,0x1084,0x0883,0x0884,
  0x0883,0x1084,0x0883,0x1084,0x0883,0x1084,0x0863,0x1084,0x0883,0x0883,0x0883,0x1064,0x0883,0x0884,0x1083,0x0884,
  0x0883,0x1083,0x0883,0x1083,0x0883,0x0884,0x1083,0x0883,0x0883,0x0883,0x1083,0x0883,0x0883,0x1083,0x0884,0x1083,
  0x0864,0x1083,0x0884,0x0883,0x0883,0x1083,0x0884,0x0883,0x1084,0x0883,0x1084,0x0883,0x0884,0x0883,0x1084,0x0883,
  0x1083,0x0863,0x1084,0x0863,0x1084,0x0883,0x0883,0x0883,0x1083,0x0883,0x0884,0x1083,0x0883,0x0883,0x1084,0x0883,
  0x0883,0x0883,0x1084,0x0883,0x1084,0x0883,0x1064,0x0883,0x1084,0x0883,0x1083,0x0883,0x1083,0x0883,0x1083,0x0863,
  0x0883,0x0863,0x1083,0x0883,0x0884,0x1083,0x0883,0x10a4,0x18c4,0x2945,0x8431,0xe73c,0xefbe,0xe77e,0xbdf7,0x4a6a,
  0x41e8,0x4208,0x3a08,0x4a49,0xe73d,0xe75d,0xef7e,0xf79e,0xef7d,0xe75d,0xef7e,0x8431,0x4269,0x4209,0x3a28,0x41e8,
  0x6b6e,0xe75d,0xef7e,0xe77e,0xc638,0x4229,0x2966,0x2946,0x2125,0x2126,0x2966,0x3187,0x634e,0xd6ba,0xdf3c,0xef9e,
  0x8431,0x8c92,0xef7e,0xef7d,0xd6bb,0x632d,0x2966,0x2966,0x20e4,0x18e4,0x20e5,0x1905,0x2125,0x2966,0x632d,0xce7a,
  0xe77e,0xef7e,0xdf1c,0x528a,0x4249,0x4a6a,0x3a08,0x3a08,0x4208,0x4228,0x31e7,0xe71c,0xef9e,0xe73c,0xe75d,0xad76,
  0x4228,0x2146,0x2105,0x18c5,0x10c4,0x18c4,0x18e5,0x2946,0x3187,0x632d,0xce7a,0xe75d,0xe75d,0x7c50,0x9492,0xe77e,
  0xe75d,0xd6bb,0x632d,0x2966,0x2146,0x18c4,0x18e5,0x18e4,0x2105,0x2946,0x31a7,0x6b6e,0xce9b,0xef7e,0xe75d,0xe75d,
  0xe73c,0xf79f,0xe77d,0x8c92,0x3a08,0x4a4a,0x4229,0x39e8,0x52ab,0xd6bb,0xe77e,0xef9d,0xe73c,0xe75d,0xe77e,0xe75d,
  0xd6dc,0x4a8a,0x4a6a,0x526a,0x5acc,0xad97,0xe75d,0xef9e,0xf7bf,0x632d,0x4a6a,0x4a6a,0x4a49,0x4209,0x3a08,0x39e8,
  0x39c8,0x3187,0x3187,0x2965,0x2926,0x18e4,0x2946,0x2986,0x39a7,0x8432,0xdf3c,0xe75d,0xef7f,0xc679,0x31c8,0x4a6a,
  0x526b,0x52ab,0x4a4a,0x4209,0x73f0,0xf77e,0xdf3d,0xef7e,0xdefc,0x7bd0,0x2966,0x31c8,0x31c7,0x2966,0x7c10,0xef9e,
  0xe77d,0xef5e,0xa535,0x4249,0x31a7,0x3186,0x2966,0x2967,0x2986,0x3187,0x31c7,0x9493,0xe75d,0xe77d,0xe75d,0xe75d,
  0x2966,0x2145,0x10e5,0x10a3,0x0884,0x0863,0x1083,0x0864,0x1083,0x0883,0x0864,0x1083,0x0863,0x0884,0x1063,0x0883,
  0x0883,0x1063,0x0883,0x1064,0x0883,0x1083,0x0884,0x0863,0x1083,0x0883,0x0863,0x0883,0x0883,0x1083,0x0863,0x0883,
  0x1063,0x0883,0x1083,0x0883,0x1063,0x0883,0x0883,0x1083,0x0883,0x0883,0x1084,0x0863,0x1083,0x0883,0x0883,0x1083,
  0x0863,0x1083,0x0863,0x1083,0x0864,0x0883,0x1063,0x0883,0x0883,0x1083,0x0863,0x1083,0x0883,0x0864,0x1083,0x0883,
  0x1083,0x0863,0x0883,0x1084,0x0883,0x1083,0x0863,0x0883,0x1083,0x0883,0x1063,0x0883,0x0863,0x1083,0x0863,0x0883,
  0x1083,0x0883,0x1083,0x0863,0x0883,0x1064,0x0883,0x1063,0x0883,0x0863,0x0883,0x1064,0x0883,0x0863,0x1084,0x0863,
  0x0883,0x1084,0x0883,0x1083,0x0883,0x0883,0x0883,0x1083,0x0863,0x0883,0x1063,0x0883,0x0863,0x0883,0x1063,0x0883,
  0x1064,0x0883,0x1063,0x0883,0x1063,0x0883,0x0883,0x1083,0x0863,0x0883,0x1083,0x0884,0x1083,0x0863,0x0883,0x1083,
  0x0883,0x0863,0x1084,0x0883,0x0863,0x1084,0x0863,0x0883,0x1063,0x0884,0x0863,0x0884,0x1083,0x0883,0x0863,0x1083,
  0x0863,0x0883,0x0883,0x1084,0x0883,0x1063,0x0883,0x0863,0x1083,0x0884,0x0883,0x0884,0x1083,0x0883,0x1064,0x0883,
  0x1083,0x0864,0x0883,0x1063,0x0883,0x1083,0x0883,0x0884,0x1063,0x0883,0x0883,0x0863,0x1083,0x0863,0x1083,0x0863,
  0x1083,0x0883,0x0883,0x1063,0x0883,0x0863,0x1083,0x0883,0x0863,0x1083,0x0883,0x1083,0x0863,0x1083,0x0863,0x1084,
  0x0883,0x0883,0x1063,0x0883,0x1084,0x0863,0x1083,0x0864,0x1083,0x0863,0x1083,0x0883,0x0883,0x0863,0x1083,0x0883,
  0x1063,0x0883,0x0863,0x1083,0x0863,0x0883,0x1083,0x0883,0x1063,0x0884,0x1083,0x0883,0x1083,0x0863,0x0883,0x1063,
  0x0883,0x0863,0x1084,0x0863,0x0883,0x1063,0x0883,0x1063,0x0884,0x1063,0x0883,0x1064,0x0883,0x0863,0x0883,0x1083,
  0x0883,0x0883,0x1063,0x0883,0x1064,0x0883,0x1063,0x0883,0x0863,0x1083,0x0863,0x1083,0x0863,0x1083,0x0863,0x0883,
  0x1083,0x0883,0x0883,0x1083,0x0883,0x1063,0x0883,0x1064,0x0883,0x1063,0x0883,0x0863,0x1083,0x0863,0x0883,0x1063,
  0x0884,0x1063,0x0883,0x0863,0x1083,0x0883,0x0883,0x1083,0x0863,0x0883,0x0864,0x1083,0x0883,0x0864,0x0883,0x1083,
  0x1083,0x0884,0x0883,0x1064,0x0883,0x0863,0x0883,0x10a4,0x18c5,0x2166,0x4a8b,0xdf1c,0xef7e,0xe75d,0xc699,0x6b4d,
  0x4249,0x4249,0x4229,0x6b6d,0xef7e,0xe75d,0xef5d,0xd6fb,0xd6db,0xef9e,0xef9e,0xbdf8,0x5acc,0x4249,0x4209,0x4249,
  0x83ef,0xef7e,0xe75d,0xef5d,0x94b3,0x4229,0x2966,0x2967,0x2946,0x2946,0x2966,0x39c8,0xa534,0xe75e,0xf7df,0xe77d,
  0x4209,0x52aa,0xe75d,0xef9e,0xe77d,0x8451,0x2986,0x2146,0x2125,0x1905,0x18e4,0x1905,0x2946,0x29a7,0x632d,0xd69a,
  0xe77d,0xef9e,0xe75d,0x5acb,0x4229,0x39e8,0x39e8,0x4209,0x39e7,0x4229,0x31a7,0x5b0c,0xdf3d,0xf7bf,0xe75d,0xe73d,
  0x73af,0x2966,0x2125,0x1905,0x1905,0x20e5,0x2125,0x2966,0x31a8,0xa535,0xe75d,0xefdf,0xef7e,0x39c7,0x5aec,0xef9d,
  0xe75d,0xef9e,0x8410,0x2966,0x3187,0x2125,0x1905,0x2105,0x1905,0x2966,0x31c8,0x6b6e,0xd6bb,0xef7e,0xe77e,0xdf3c,
  0xad96,0xef9e,0xef7e,0xa535,0x52ab,0x4249,0x424a,0x3a08,0x5aec,0xef9e,0xef7e,0xe73c,0xc659,0xd6bb,0xef7e,0xe77d,
  0xdedb,0x4aab,0x4a6a,0x4a4a,0x5aed,0xb5d8,0xf7bf,0xe73d,0xe73d,0x632e,0x4a8b,0x4a4b,0x4a4a,0x3a29,0x39e9,0x39c8,
  0x39c7,0x3187,0x2966,0x2146,0x2946,0x2125,0x2945,0x2146,0x3187,0x9cf4,0xf79e,0xe75d,0xe73d,0xbdd7,0x4a6a,0x528b,
  0x4a6a,0x4a49,0x4a8a,0x4a6a,0x4a6a,0xd6bb,0xf7be,0xef7e,0xefbe,0x9493,0x31a7,0x3187,0x4a28,0x3a08,0x8410,0xef9e,
  0xe75d,0xef7d,0xa555,0x526a,0x39e8,0x31c7,0x31a7,0x39c8,0x39c7,0x39c8,0x4209,0x8cb3,0xe75d,0xe77e,0xe77d,0xe75d,
  0x29a6,0x2966,0x18e5,0x10a3,0x0883,0x1084,0x0883,0x0883,0x0864,0x1083,0x0883,0x0884,0x1083,0x0883,0x0883,0x1084,
  0x0863,0x0884,0x0883,0x0883,0x1084,0x0863,0x1083,0x0883,0x0884,0x1063,0x0884,0x1083,0x0864,0x1083,0x0884,0x1083,
  0x0884,0x0883,0x0864,0x1083,0x0884,0x0863,0x1084,0x0863,0x1084,0x0863,0x0883,0x1084,0x0883,0x1064,0x0883,0x0884,
  0x1083,0x0884,0x0883,0x0884,0x1083,0x0883,0x0884,0x1083,0x0864,0x0883,0x0884,0x0883,0x1064,0x0883,0x0883,0x0863,
  0x0884,0x1083,0x0883,0x1063,0x0884,0x0883,0x1084,0x0883,0x0864,0x1083,0x0884,0x1083,0x0884,0x0883,0x1084,0x0883,
  0x0864,0x1083,0x0884,0x1083,0x0884,0x0883,0x1083,0x0884,0x0883,0x1084,0x0883,0x0883,0x1084,0x0883,0x0883,0x1084,
  0x0863,0x0883,0x1063,0x0884,0x1063,0x0884,0x1063,0x0884,0x1083,0x0884,0x0883,0x1084,0x0883,0x1084,0x0883,0x1084,
  0x0883,0x0883,0x1084,0x0883,0x0884,0x1083,0x0864,0x0883,0x1084,0x0883,0x0863,0x0883,0x0884,0x1083,0x0884,0x0863,
  0x1084,0x0883,0x0863,0x1084,0x0883,0x0883,0x1083,0x0884,0x0883,0x1083,0x0883,0x1063,0x0883,0x0884,0x1083,0x0884,
  0x0883,0x1064,0x0883,0x0863,0x0883,0x0884,0x1083,0x0884,0x0863,0x1083,0x0863,0x1083,0x0864,0x0883,0x1083,0x0884,
  0x0863,0x1083,0x0884,0x0883,0x0884,0x0863,0x1083,0x0883,0x0883,0x1064,0x0883,0x1084,0x0883,0x0884,0x0883,0x0884,
  0x1083,0x0864,0x1083,0x0884,0x1083,0x0884,0x0883,0x1084,0x0883,0x0884,0x1063,0x0884,0x0883,0x0884,0x1083,0x0883,
  0x0864,0x1083,0x0884,0x0883,0x0863,0x1084,0x0883,0x0883,0x0883,0x1084,0x0863,0x1084,0x0883,0x1084,0x0863,0x0884,
  0x1083,0x0884,0x1083,0x0884,0x0883,0x1084,0x0863,0x0884,0x0883,0x1063,0x0883,0x0864,0x0883,0x1083,0x0884,0x0883,
  0x1084,0x0883,0x0883,0x1084,0x0883,0x0884,0x0883,0x1084,0x0883,0x0883,0x1084,0x0883,0x1083,0x0884,0x1063,0x0884,
  0x0863,0x1083,0x0884,0x0883,0x1083,0x0883,0x0884,0x1083,0x0884,0x0883,0x0884,0x1083,0x0884,0x0883,0x1084,0x0863,
  0x0884,0x1063,0x0884,0x0863,0x0884,0x0883,0x1083,0x0883,0x0884,0x0883,0x1084,0x0883,0x1084,0x0883,0x1084,0x0883,
  0x0883,0x1083,0x0884,0x1083,0x0863,0x0884,0x1063,0x0884,0x0883,0x1083,0x0883,0x0884,0x1063,0x0883,0x1084,0x0883,
  0x0883,0x1063,0x0883,0x0883,0x1083,0x0884,0x1063,0x10a3,0x18c4,0x2146,0x31a7,0xdf3c,0xef7e,0xe77d,0xdf1c,0x8c51,
  0x424a,0x4a6a,0x528b,0x94b2,0xe77d,0xef7e,0xdefb,0x9d34,0xad76,0xe75d,0xef7d,0xe73c,0x5b2c,0x4a4a,0x4a69,0x52ab,
  0x94b3,0xef7d,0xef7e,0xe75d,0x6b8e,0x39e8,0x2945,0x3166,0x2966,0x2946,0x31a7,0x4a6a,0xbdf8,0xe75d,0xe75d,0xd6ba,
  0x426a,0x6b4e,0xd6fc,0xe75d,0xef5e,0xb5d7,0x4a8b,0x3166,0x2146,0x2125,0x2104,0x2125,0x2966,0x3187,0x632d,0xce9a,
  0xef5e,0xef9d,0xdf1d,0x4aab,0x3a08,0x39e8,0x39c7,0x31a7,0x31c8,0x31a7,0x3a29,0x4a4a,0xce79,0xe75d,0xef9e,0xe77e,
  0x7c10,0x31a8,0x2966,0x2125,0x2104,0x1905,0x2946,0x2966,0x4a6a,0xb5f7,0xe75e,0xef7e,0xce79,0x52ec,0x632d,0xcebb,
  0xef9e,0xe77d,0xb5d7,0x52cb,0x2946,0x2146,0x2125,0x2105,0x2125,0x2966,0x39c7,0x6b8e,0xce9a,0xe77e,0xe77d,0xdf3c,
  0x8431,0xe75d,0xef9e,0xce9a,0x73ef,0x4a4a,0x528a,0x4a8b,0x6b4d,0xef7e,0xe77d,0xd6db,0xa555,0xc659,0xef9e,0xef7d,
  0xdefb,0x52ab,0x4a6a,0x4a6a,0x632d,0xb597,0xe77e,0xef7e,0xef7e,0x632d,0x528a,0x4a8a,0x4a4a,0x4229,0x41e8,0x39c8,
  0x31c8,0x31a7,0x2966,0x2125,0x2945,0x1904,0x2946,0x2945,0x31a7,0x94b2,0xdf1c,0xef9e,0xe73c,0xd6bb,0x5aec,0x4a6a,
  0x4aaa,0x4a6a,0x4a4a,0x4a4a,0x4249,0x9cd4,0xc679,0xce9a,0xce5a,0x8430,0x3a08,0x31a7,0x31c8,0x39e8,0x7bf0,0xf79e,
  0xe77d,0xef7e,0xa535,0x4a6a,0x4208,0x41e8,0x31e8,0x39e8,0x39e9,0x3a08,0x4229,0x94b3,0xe73d,0xef7d,0xe77e,0xe75c,
  0x29a7,0x2965,0x1905,0x10a4,0x0883,0x0863,0x1083,0x0883,0x1083,0x0863,0x1083,0x0863,0x0883,0x1063,0x0883,0x0883,
  0x1083,0x0883,0x1063,0x0883,0x0883,0x1083,0x0863,0x1083,0x0883,0x0883,0x1083,0x0883,0x0883,0x1083,0x0863,0x0883,
  0x1063,0x0883,0x1083,0x0883,0x0883,0x1083,0x0883,0x0883,0x0883,0x1083,0x0883,0x0863,0x1083,0x0883,0x1063,0x0883,
  0x0863,0x1083,0x0863,0x1083,0x0863,0x1083,0x0863,0x0883,0x1083,0x0883,0x1063,0x0883,0x1083,0x0883,0x1083,0x0883,
  0x1083,0x0863,0x0884,0x0883,0x1083,0x0863,0x0883,0x1083,0x0883,0x0863,0x1083,0x0863,0x1083,0x0863,0x0883,0x1083,
  0x0883,0x0863,0x0883,0x0863,0x1083,0x0863,0x0883,0x1063,0x0883,0x1063,0x0883,0x1063,0x0883,0x1063,0x0883,0x1083,
  0x0883,0x1084,0x0883,0x0883,0x0883,0x1083,0x0883,0x0863,0x0883,0x1063,0x0883,0x0863,0x1083,0x0863,0x0883,0x0863,
  0x1083,0x0863,0x0883,0x1063,0x0883,0x0863,0x1083,0x0883,0x0863,0x1083,0x0884,0x1063,0x0883,0x1063,0x0883,0x1083,
  0x0883,0x1083,0x0883,0x0883,0x1063,0x0883,0x0863,0x1083,0x0863,0x1084,0x0883,0x0883,0x1063,0x0883,0x0863,0x1083,
  0x0883,0x1083,0x0883,0x1083,0x1083,0x0863,0x0883,0x1083,0x0883,0x0883,0x1084,0x0883,0x1083,0x0883,0x0863,0x1083,
  0x0883,0x0883,0x1063,0x0883,0x1083,0x0883,0x1064,0x0883,0x1083,0x0883,0x1083,0x0863,0x1083,0x0863,0x1083,0x0863,
  0x0883,0x1083,0x0863,0x0883,0x0863,0x1083,0x0863,0x0883,0x1063,0x0883,0x0883,0x1083,0x0863,0x1083,0x0863,0x1083,
  0x0883,0x0883,0x1063,0x0883,0x1083,0x0883,0x1063,0x0883,0x1063,0x0883,0x0883,0x0863,0x1083,0x0883,0x1083,0x0883,
  0x0863,0x1083,0x0863,0x0883,0x1063,0x0883,0x1083,0x0883,0x1083,0x0883,0x0883,0x1083,0x0863,0x0883,0x1063,0x0883,
  0x1063,0x0883,0x1063,0x0883,0x1063,0x0883,0x1063,0x0883,0x1063,0x0883,0x0863,0x0883,0x0863,0x1083,0x0883,0x1083,
  0x0883,0x0883,0x1063,0x0883,0x0864,0x1083,0x0863,0x0883,0x1063,0x0883,0x1063,0x0883,0x1063,0x0883,0x0883,0x1083,
  0x0883,0x0883,0x1083,0x0883,0x1083,0x0863,0x0884,0x1063,0x0883,0x1063,0x0883,0x0863,0x0883,0x1063,0x0883,0x1063,
  0x0884,0x0863,0x1083,0x0883,0x0883,0x1083,0x0883,0x1063,0x0883,0x1064,0x0883,0x1083,0x0883,0x0883,0x1063,0x0883,
  0x0883,0x0884,0x1083,0x0863,0x1083,0x0883,0x0883,0x10a4,0x18e5,0x2145,0x31a7,0xbdf8,0xe77e,0xef7e,0xe75d,0xa576,
  0x526a,0x528b,0x4a6a,0xc638,0xef7e,0xef7e,0xd6bb,0x5b0d,0x8c92,0xef7e,0xe75d,0xef7e,0x5acb,0x4a8a,0x4a8a,0x5aec,
  0xc639,0xe77e,0xe77d,0xe71d,0x634d,0x39c8,0x2986,0x2987,0x2986,0x3186,0x39e8,0x7bf0,0xdf1c,0xe75d,0xe77d,0x94d4,
  0x4aab,0x5aec,0x9cf3,0xe77e,0xe77e,0xe75d,0x6b6e,0x31c7,0x2967,0x2145,0x2126,0x2146,0x2966,0x31a7,0x634d,0xce7a,
  0xe79d,0xef7d,0xdf3c,0x52ab,0x39e8,0x31c7,0x29a7,0x2986,0x2967,0x31a7,0x31a7,0x4229,0x8c72,0xef7e,0xe79e,0xef7e,
  0xa556,0x4249,0x31a6,0x2146,0x2146,0x2145,0x2967,0x31c8,0x7c11,0xd6fc,0xef5d,0xef9e,0x8c72,0x52cb,0x52eb,0x9cd4,
  0xef9e,0xe75e,0xe73d,0x6b8f,0x31c8,0x2966,0x2146,0x2125,0x2146,0x2987,0x31c8,0x6b6e,0xd69b,0xe79e,0xef7e,0xd6dc,
  0x630c,0xe77e,0xe75d,0xe75e,0x8451,0x4a8a,0x4a8b,0x4a69,0xad96,0xef7e,0xef9e,0xb5f8,0x8451,0xce9a,0xe75d,0xe75d,
  0xdefc,0x4aab,0x4a8a,0x4a8a,0x5b0c,0xb5b7,0xef7d,0xe77e,0xef9e,0x5b2c,0x528b,0x4a8a,0x424a,0x4249,0x4209,0x3a08,
  0x39c8,0x29a7,0x2966,0x2126,0x2145,0x2126,0x2145,0x2146,0x2986,0x5b2d,0xd6db,0xef9e,0xe75d,0xdf3d,0xbdf7,0x6b6e,
  0x6b6e,0x4a8b,0x4a4a,0x426a,0x424a,0x4229,0x4208,0x31e8,0x31c8,0x39e8,0x31a7,0x39e8,0x31c7,0x4229,0x8431,0xe75d,
  0xef7d,0xef9e,0xa534,0x52aa,0x4249,0x4229,0x4209,0x4229,0x4209,0x4229,0x4a4a,0x94d3,0xe75e,0xe77d,0xe77e,0xdf3c,
  0x31a8,0x2986,0x1905,0x10a4,0x0883,0x1083,0x0864,0x1083,0x0883,0x0884,0x0883,0x1084,0x0883,0x0884,0x1063,0x0884,
  0x0863,0x1083,0x0884,0x1063,0x0883,0x0884,0x0883,0x0864,0x1083,0x0863,0x0884,0x1063,0x0883,0x0884,0x1083,0x0883,
  0x0883,0x1084,0x0863,0x0883,0x1064,0x0883,0x1063,0x0884,0x1063,0x0883,0x1084,0x0883,0x0863,0x0884,0x0883,0x1083,
  0x0884,0x0883,0x1083,0x0884,0x0883,0x0884,0x1083,0x0883,0x1064,0x0883,0x1083,0x0884,0x0863,0x1083,0x0864,0x0883,
  0x1084,0x0883,0x1063,0x0883,0x0884,0x1083,0x0863,0x0884,0x1083,0x0884,0x0883,0x0883,0x0884,0x1083,0x0863,0x0884,
  0x1083,0x0883,0x1084,0x0883,0x1083,0x0884,0x1083,0x0883,0x0884,0x0883,0x1084,0x0883,0x0883,0x0884,0x1063,0x0884,
  0x0863,0x0883,0x1063,0x0883,0x1064,0x0883,0x0883,0x1084,0x0883,0x0883,0x1084,0x0883,0x0883,0x1084,0x0883,0x1083,
  0x0884,0x1083,0x0883,0x0884,0x1083,0x0883,0x0884,0x1083,0x0883,0x1063,0x0883,0x0883,0x1084,0x0883,0x0863,0x0884,
  0x0863,0x0884,0x1063,0x0883,0x0884,0x1083,0x0884,0x0883,0x1083,0x0863,0x0883,0x1084,0x0883,0x1084,0x0883,0x0863,
  0x1084,0x0863,0x0884,0x0863,0x0884,0x1083,0x0863,0x0884,0x1063,0x0883,0x0863,0x0883,0x0864,0x1083,0x0883,0x0884,
  0x1063,0x0884,0x0883,0x1083,0x0864,0x0883,0x0883,0x1063,0x0884,0x0863,0x0883,0x0884,0x0883,0x1083,0x0884,0x1083,
  0x0863,0x0884,0x1083,0x0883,0x1083,0x0884,0x1083,0x0883,0x0884,0x1063,0x0883,0x1084,0x0883,0x0883,0x0884,0x0883,
  0x1063,0x0884,0x0883,0x1084,0x0863,0x0883,0x0884,0x1083,0x0884,0x0883,0x1084,0x0883,0x0864,0x0883,0x0863,0x1084,
  0x0883,0x0883,0x1084,0x0883,0x0883,0x0863,0x0884,0x1063,0x0884,0x0863,0x1084,0x0883,0x1084,0x0883,0x0884,0x1083,
  0x0883,0x0884,0x0883,0x0883,0x1084,0x0883,0x0883,0x0884,0x0883,0x1084,0x0883,0x1084,0x0883,0x0884,0x0863,0x0883,
  0x1064,0x0883,0x0884,0x1083,0x0883,0x0883,0x1083,0x0884,0x0883,0x1083,0x0884,0x0883,0x0883,0x1064,0x0883,0x0863,
  0x1084,0x0863,0x0883,0x1064,0x0883,0x1083,0x0883,0x0883,0x1083,0x0884,0x1083,0x0883,0x1084,0x0883,0x0884,0x0883,
  0x1083,0x0883,0x0863,0x1084,0x0863,0x0884,0x0883,0x0883,0x1083,0x0883,0x0863,0x0884,0x1063,0x0883,0x0884,0x1083,
  0x1083,0x0863,0x0883,0x1084,0x0863,0x0884,0x1063,0x10a4,0x10e4,0x2106,0x3186,0x8452,0xe77d,0xef7d,0xe77d,0xad76,
  0x4a8a,0x4a8a,0x4229,0xd6bb,0xef9e,0xe75d,0xce7a,0x4a8a,0x8c52,0xe71c,0xe77d,0xef7e,0x8c92,0x52ab,0x528b,0x634d,
  0xe71c,0xef9e,0xe77d,0xbe18,0x5acb,0x31a7,0x31a7,0x3186,0x3187,0x31c8,0x4208,0x9d14,0xef9e,0xe77e,0xe77d,0x630d,
  0x52cb,0x528b,0x73cf,0xe75e,0xef9e,0xef7e,0x9d14,0x3a29,0x2966,0x31a7,0x2145,0x2146,0x2987,0x31a7,0x634d,0xce9a,
  0xe75e,0xe77e,0xdf1c,0x52aa,0x39c8,0x31a6,0x2966,0x2946,0x2946,0x2987,0x31a7,0x39e8,0x6baf,0xe75d,0xe77e,0xe77e,
  0xbe18,0x4aab,0x3187,0x2966,0x29a7,0x3187,0x2986,0x4229,0xa514,0xef9e,0xe77e,0xe75d,0x5b0d,0x52ab,0x528b,0x73f0,
  0xe75e,0xef7e,0xe77d,0x9d14,0x4229,0x3186,0x2966,0x2146,0x2966,0x3187,0x39e8,0x6b8e,0xcebb,0xe75e,0xef9e,0xd6fc,
  0x6b8e,0xdf1c,0xe77e,0xef7e,0x8451,0x528b,0x52ab,0x52cb,0xdf3d,0xe75d,0xe75d,0xb5d7,0x73af,0xc659,0xef9e,0xe77e,
  0xdf1c,0x4a6a,0x4a8a,0x4a6b,0x5b0c,0xb5b7,0xe77d,0xef5d,0xef9e,0x94d3,0x8c92,0x8c72,0x8451,0x8431,0x8431,0x7c10,
  0x7bf0,0x73d0,0x73b0,0x73af,0x422a,0x2125,0x2125,0x2125,0x2966,0x39c8,0xad96,0xef7e,0xef7e,0xef9e,0xe75d,0xe73d,
  0xc639,0x94d3,0x8c72,0x73f0,0x630d,0x3a29,0x4229,0x3a09,0x4208,0x31c7,0x39e8,0x31c8,0x39e8,0x4229,0x8410,0xef7d,
  0xe77e,0xef7e,0xbe38,0x8c92,0x8432,0x8451,0x8c31,0x7c31,0x8c31,0x8452,0x8452,0xbdd8,0xef7d,0xe77e,0xef7d,0xdf1c,
  0x31c8,0x2966,0x18e5,0x10a3,0x0863,0x0883,0x0883,0x0863,0x1084,0x0863,0x1083,0x0863,0x1083,0x0863,0x0883,0x1083,
  0x0883,0x0863,0x1083,0x0883,0x0863,0x1083,0x0863,0x1083,0x0883,0x1083,0x0863,0x0883,0x1063,0x0883,0x0863,0x1084,
  0x0863,0x0883,0x1083,0x0863,0x0883,0x0883,0x0883,0x1063,0x0883,0x0863,0x0883,0x1063,0x0883,0x1083,0x0863,0x0883,
  0x1063,0x0884,0x0863,0x1083,0x0863,0x1083,0x0863,0x0883,0x0883,0x0863,0x0883,0x1063,0x0883,0x0884,0x1083,0x0863,
  0x0883,0x0863,0x1084,0x0883,0x1063,0x0883,0x1083,0x0863,0x0883,0x1063,0x0883,0x1063,0x0883,0x0863,0x1083,0x0883,
  0x0863,0x1083,0x0863,0x0883,0x0863,0x1063,0x0883,0x0863,0x1083,0x0863,0x0863,0x1083,0x0863,0x1083,0x0883,0x0863,
  0x1083,0x0883,0x0884,0x1063,0x0883,0x0863,0x1083,0x0863,0x1083,0x0863,0x0883,0x1063,0x0883,0x0863,0x1083,0x0863,
  0x0883,0x0863,0x1084,0x0863,0x0883,0x1063,0x0883,0x0863,0x1084,0x0883,0x0864,0x1083,0x0863,0x0883,0x1083,0x0883,
  0x1083,0x0863,0x0883,0x1083,0x0863,0x0883,0x1063,0x0883,0x0864,0x1083,0x0863,0x0883,0x0863,0x0883,0x1063,0x0883,
  0x0883,0x1083,0x0863,0x1083,0x0883,0x0863,0x1083,0x0883,0x0883,0x1064,0x0883,0x1083,0x0883,0x0863,0x1083,0x0863,
  0x0883,0x1083,0x0863,0x0883,0x1083,0x0863,0x1084,0x0883,0x0883,0x1083,0x0863,0x1083,0x0863,0x0883,0x0863,0x0883,
  0x1083,0x0863,0x0883,0x1064,0x0883,0x0863,0x0883,0x1063,0x0883,0x0883,0x1063,0x0883,0x0863,0x1083,0x0863,0x1083,
  0x0883,0x1063,0x0883,0x0863,0x1083,0x0883,0x1063,0x0883,0x0863,0x1083,0x0863,0x1083,0x0883,0x1083,0x0883,0x0863,
  0x1083,0x0863,0x0883,0x1063,0x0884,0x1083,0x0883,0x0863,0x1083,0x0883,0x0863,0x0883,0x1063,0x0883,0x1063,0x0883,
  0x0863,0x1083,0x0863,0x1083,0x0863,0x0863,0x1083,0x0863,0x1083,0x0863,0x0883,0x1063,0x0883,0x1063,0x0883,0x1083,
  0x0883,0x1063,0x0883,0x0863,0x1083,0x0864,0x0883,0x1063,0x0883,0x0863,0x1083,0x0863,0x1083,0x0883,0x1063,0x0883,
  0x0883,0x1083,0x0863,0x0883,0x1083,0x0864,0x1083,0x0864,0x0883,0x0863,0x0883,0x1063,0x0883,0x0863,0x1083,0x0863,
  0x0883,0x1064,0x0883,0x0883,0x1083,0x0863,0x1083,0x0864,0x0883,0x1064,0x0883,0x1083,0x0883,0x1063,0x0883,0x0863,
  0x0883,0x1084,0x0863,0x0883,0x1083,0x0863,0x0883,0x10a4,0x18c4,0x2105,0x2966,0x4a8b,0xe77e,0xe77d,0xef9e,0xbdf8,
  0x632d,0x52ab,0x7bf0,0xd6fb,0xef7e,0xef7d,0xb5b7,0x52cb,0x73af,0xc639,0xef7e,0xe75d,0xbe38,0x5acc,0x528b,0x6b6e,
  0xef9e,0xe75e,0xef7e,0x9cf4,0x4249,0x31a7,0x31c8,0x3186,0x2986,0x39e8,0x630d,0xc639,0xef7e,0xe77d,0xdedc,0x4aab,
  0x5acb,0x52ec,0x6b8f,0xd6bb,0xe75d,0xef9e,0xd6dc,0x52cb,0x39e8,0x2987,0x2966,0x2967,0x31a7,0x31c8,0x632d,0xce9a,
  0xe77d,0xef7d,0xdf3d,0x52aa,0x31c7,0x2987,0x2146,0x2126,0x2145,0x2146,0x31a7,0x31e8,0x5aec,0xe77e,0xef5d,0xef7e,
  0xc65a,0x5aec,0x3a08,0x3187,0x29a7,0x31a7,0x39c8,0x5b2d,0xc65a,0xef7e,0xe77d,0xd6bb,0x530c,0x52ab,0x5aec,0x73af,
  0xceba,0xe77e,0xef7e,0xd6dc,0x52cb,0x39e8,0x2987,0x2986,0x2987,0x31a7,0x31e8,0x6b8e,0xd69a,0xe77e,0xef9e,0xdefc,
  0x632d,0xad96,0xe75e,0xef7e,0xadb7,0x6b6d,0x52cc,0x5acb,0xef9e,0xef9e,0xdf1c,0xa555,0x7bf0,0xce9a,0xef7e,0xe77d,
  0xd6db,0x4a8a,0x52ab,0x4a6a,0x632d,0xadb7,0xef9e,0xe75d,0xef7e,0xe77d,0xef7e,0xe77e,0xef7e,0xe77e,0xef9e,0xe79e,
  0xef7e,0xef7e,0xef7e,0xe73d,0x73f0,0x2105,0x1904,0x2126,0x2146,0x29a7,0x5b0d,0xbe18,0xe77e,0xef9e,0xe77d,0xe75d,
  0xe77e,0xe79e,0xef9e,0xdf1c,0xc618,0x94b3,0x7c11,0x4a6a,0x39e8,0x31c8,0x39e8,0x39e8,0x39e8,0x3a08,0x7c11,0xef9e,
  0xef7d,0xe77d,0xe77d,0xef7e,0xef7e,0xef7e,0xe77d,0xef7e,0xef7e,0xef5e,0xef7d,0xe77e,0xef5e,0xe77d,0xef7d,0xdf1d,
  0x31c7,0x2966,0x2105,0x10a4,0x1083,0x0864,0x1083,0x0883,0x0863,0x1083,0x0883,0x0883,0x0864,0x1083,0x0883,0x0864,
  0x1083,0x0884,0x0863,0x1084,0x0883,0x1084,0x0883,0x0863,0x0884,0x0883,0x1084,0x0883,0x0884,0x1083,0x0863,0x0883,
  0x1083,0x0863,0x0884,0x1083,0x0883,0x1064,0x0883,0x0884,0x1083,0x0884,0x1083,0x0884,0x0863,0x1084,0x0883,0x1084,
  0x0863,0x1083,0x0883,0x0863,0x1083,0x0884,0x0883,0x1064,0x1083,0x0884,0x1083,0x0884,0x1063,0x0883,0x0863,0x1083,
  0x0884,0x1083,0x0863,0x0883,0x0883,0x0864,0x0883,0x1083,0x0864,0x1083,0x0884,0x0883,0x1063,0x0884,0x0883,0x1064,
  0x0883,0x0884,0x1063,0x0884,0x1083,0x0884,0x0883,0x1064,0x0883,0x1083,0x0884,0x0883,0x1084,0x0863,0x0883,0x1084,
  0x0883,0x1063,0x0883,0x0883,0x1083,0x0884,0x0883,0x0884,0x1063,0x0884,0x1083,0x0884,0x1063,0x0884,0x0883,0x1064,
  0x0883,0x1083,0x0863,0x1083,0x0883,0x0884,0x1063,0x0883,0x0883,0x1063,0x0883,0x0883,0x1083,0x0864,0x1083,0x0863,
  0x0884,0x1083,0x0884,0x0863,0x1084,0x0883,0x0884,0x1063,0x0883,0x0883,0x1084,0x0883,0x1083,0x0864,0x0883,0x1084,
  0x0863,0x0883,0x1084,0x0883,0x1063,0x0884,0x0883,0x1064,0x0883,0x1083,0x0883,0x0864,0x1083,0x0884,0x0883,0x1084,
  0x0863,0x0883,0x1084,0x0863,0x0884,0x1083,0x0863,0x0883,0x1063,0x0884,0x1083,0x0884,0x1083,0x0864,0x1083,0x0884,
  0x0863,0x1083,0x0883,0x0883,0x1083,0x0883,0x1064,0x0883,0x1083,0x0864,0x0883,0x1083,0x0884,0x0863,0x1084,0x0883,
  0x0864,0x0883,0x1083,0x0884,0x0883,0x0864,0x0883,0x1084,0x0883,0x0863,0x0884,0x1083,0x0863,0x0884,0x1063,0x0884,
  0x0883,0x1084,0x0863,0x0883,0x1083,0x0863,0x1083,0x0884,0x0883,0x1063,0x0884,0x1083,0x0883,0x0864,0x0883,0x1084,
  0x0883,0x0864,0x1083,0x0884,0x0883,0x1084,0x0883,0x1063,0x0884,0x0883,0x1063,0x0883,0x0884,0x1083,0x0863,0x0884,
  0x0883,0x0884,0x1083,0x0883,0x0864,0x1083,0x0883,0x0883,0x1064,0x0883,0x0883,0x1084,0x0863,0x0883,0x0884,0x1083,
  0x0864,0x0883,0x1084,0x0883,0x0863,0x0883,0x0883,0x1083,0x0863,0x1083,0x0884,0x0863,0x1083,0x0884,0x0863,0x1083,
  0x0883,0x0883,0x1063,0x0883,0x0864,0x1083,0x0883,0x1083,0x0863,0x0883,0x1083,0x0863,0x0884,0x0883,0x1084,0x0883,
  0x0863,0x0883,0x1083,0x0863,0x0884,0x1083,0x0883,0x0883,0x10c4,0x18e5,0x2966,0x31c7,0xe75d,0xef7e,0xe77e,0xd69a,
  0x8431,0x52cb,0xad76,0xe75d,0xe73d,0xe73d,0x8431,0x52cb,0x52ab,0xa555,0xef7e,0xef7d,0xe73d,0x5aec,0x5acc,0x7c30,
  0xef7e,0xe75d,0xef7d,0x8431,0x3a08,0x39c8,0x3187,0x31c7,0x39e8,0x39e8,0x73d0,0xe73d,0xe75d,0xe77e,0x9cf4,0x52ec,
  0x52ab,0x52cc,0x5b2c,0xa535,0xef7e,0xe77d,0xe77e,0x7c10,0x3a09,0x2966,0x39c8,0x31a7,0x31a7,0x31c8,0x634d,0xce9a,
  0xe77e,0xef7d,0xe73c,0x4aab,0x31a7,0x2966,0x2125,0x2125,0x2126,0x2125,0x3187,0x39e7,0x4a8b,0xef9e,0xe79e,0xef7e,
  0xceba,0x632d,0x3a08,0x31a7,0x31c8,0x39e8,0x39e8,0x7c11,0xe75d,0xe75d,0xef7e,0x94d4,0x5b0c,0x4aab,0x5aec,0x5b0d,
  0xa555,0xef9e,0xe75d,0xe75d,0x7bf0,0x3a09,0x31c7,0x3187,0x31a7,0x31c7,0x39e8,0x6b8f,0xce9a,0xef7e,0xef9e,0xd6fc,
  0x52ec,0x8431,0xe77e,0xe77d,0xdf1c,0x7bef,0x52cc,0x8451,0xe75d,0xe77d,0xd6fb,0x8431,0x7c10,0xc679,0xef7e,0xe77d,
  0xdedc,0x4a8a,0x4a8a,0x4a8a,0x630d,0xb5b6,0xe75d,0xe75d,0xef9e,0xe77d,0xef7e,0xe79e,0xef7d,0xe77d,0xef7e,0xef7d,
  0xe77d,0xe75e,0xe77e,0xe75e,0x7bf0,0x1905,0x2125,0x2125,0x2966,0x3187,0x31c7,0x5b0c,0x94b2,0xd6bb,0xe79e,0xef7e,
  0xe77e,0xef7e,0xef7e,0xef7e,0xe77e,0xe73d,0xdefc,0xa555,0x636e,0x3a09,0x39e8,0x39e8,0x39e8,0x3a09,0x8410,0xe77d,
  0xef7e,0xef7d,0xef7e,0xef9e,0xef7e,0xe75d,0xef9e,0xe75d,0xef9f,0xef7e,0xe77d,0xef7e,0xe77d,0xe77e,0xef7d,0xdf3d,
  0x31a7,0x2966,0x1905,0x10a4,0x0883,0x0883,0x1063,0x0884,0x1083,0x0883,0x0864,0x1083,0x0883,0x0883,0x1063,0x0883,
  0x0883,0x1063,0x0883,0x0883,0x0863,0x0883,0x1063,0x0884,0x1083,0x0863,0x0883,0x1063,0x0883,0x0863,0x1084,0x0883,
  0x0864,0x1083,0x0883,0x0863,0x1083,0x0883,0x1063,0x0883,0x0863,0x1083,0x0863,0x0883,0x1083,0x0863,0x0883,0x0863,
  0x0883,0x0883,0x1064,0x0883,0x0883,0x1063,0x0883,0x0883,0x0863,0x1083,0x0863,0x0883,0x0883,0x1083,0x0884,0x0863,
  0x1083,0x0883,0x0883,0x1064,0x0883,0x1083,0x0863,0x1083,0x0883,0x0863,0x1083,0x0863,0x0884,0x1083,0x0883,0x0883,
  0x1063,0x0883,0x0883,0x1063,0x0883,0x0863,0x1083,0x0883,0x0863,0x0883,0x1063,0x0883,0x0863,0x1083,0x0883,0x0863,
  0x0883,0x0884,0x1063,0x0884,0x0863,0x1083,0x0863,0x1083,0x0883,0x0863,0x0883,0x0863,0x0883,0x1083,0x0863,0x0883,
  0x0883,0x0864,0x0883,0x0883,0x1064,0x0883,0x0883,0x1064,0x0883,0x0883,0x1084,0x0863,0x0883,0x0883,0x0883,0x1084,
  0x0863,0x0883,0x1063,0x0883,0x0883,0x1063,0x0883,0x0883,0x1083,0x0863,0x0883,0x1064,0x0883,0x1083,0x0883,0x0863,
  0x1083,0x0883,0x0863,0x0883,0x0884,0x1083,0x0863,0x0883,0x1083,0x0864,0x0883,0x1083,0x0863,0x1083,0x0863,0x0883,
  0x1083,0x0863,0x0883,0x1083,0x0863,0x0883,0x1083,0x0884,0x0883,0x0863,0x0883,0x0863,0x0883,0x1083,0x0863,0x1083,
  0x0883,0x0884,0x1063,0x0884,0x0863,0x0883,0x0883,0x0863,0x0884,0x1083,0x0863,0x0883,0x1063,0x0883,0x0883,0x1063,
  0x0883,0x1083,0x0863,0x0883,0x1063,0x1083,0x0883,0x0863,0x1083,0x0883,0x1063,0x0883,0x0883,0x1063,0x0883,0x1083,
  0x0863,0x0883,0x1083,0x0864,0x0883,0x0884,0x0863,0x1083,0x0863,0x0883,0x1083,0x0863,0x0883,0x1083,0x0863,0x0883,
  0x1063,0x0883,0x0883,0x1063,0x0883,0x0863,0x0883,0x0883,0x1063,0x0883,0x0884,0x1063,0x0883,0x0863,0x1083,0x0883,
  0x1063,0x0883,0x0863,0x1083,0x0883,0x0863,0x1083,0x0863,0x0883,0x1083,0x0864,0x0883,0x1083,0x0863,0x1083,0x0863,
  0x1083,0x0883,0x0863,0x1083,0x0884,0x1063,0x0883,0x0864,0x1083,0x0883,0x1063,0x0883,0x0884,0x1063,0x0883,0x0884,
  0x1063,0x0884,0x0883,0x1083,0x0883,0x0863,0x0884,0x0863,0x1083,0x0884,0x0883,0x1083,0x0863,0x1083,0x0863,0x0883,
  0x1083,0x0883,0x0864,0x1083,0x0883,0x0863,0x1083,0x0863,0x18a4,0x18e4,0x2166,0x31a7,0xc659,0xef7e,0xe77d,0xe75d,
  0x94d4,0x4a49,0xbdf8,0xe77e,0xef9e,0xdefc,0x4269,0x52ab,0x528a,0x9d14,0xe75d,0xe75e,0xef7d,0x5b2d,0x634d,0xb5b7,
  0xef5d,0xe77e,0xdf1c,0x73af,0x39e8,0x39c7,0x31a7,0x39e8,0x39e8,0x4a69,0xad76,0xef7d,0xefbe,0xef7e,0x52ab,0x52cb,
  0x5acc,0x52ab,0x5aec,0x8c92,0xe77e,0xe75e,0xef5e,0xc659,0x4229,0x3a29,0x31c7,0x31c8,0x39c8,0x39e8,0x634d,0xd69a,
  0xe77d,0xef9e,0xdf3c,0x52ab,0x31a7,0x2966,0x2126,0x2125,0x2125,0x2146,0x31a7,0x31c8,0x52ab,0xef7e,0xe77e,0xef7e,
  0xcebb,0x5b2d,0x39c8,0x31c8,0x41e8,0x39e8,0x4a8b,0xad75,0xe77e,0xef9e,0xef7e,0x5b0c,0x4a6a,0x5aec,0x52cb,0x52ab,
  0x8cb3,0xef7e,0xef7e,0xefbe,0xbe39,0x4a49,0x39e9,0x31c8,0x31c7,0x39e8,0x39e9,0x6b6e,0xce9b,0xef9e,0xe77e,0xdefc,
  0x5aec,0x7bf0,0xef7e,0xe75e,0xef7e,0x73cf,0x52ab,0xbe38,0xe73d,0xef7e,0xc659,0x5aec,0x73f0,0xce79,0xe79e,0xef7d,
  0xdefc,0x4a8a,0x424a,0x528a,0x5b2d,0xb5b7,0xefbe,0xe75d,0xe77e,0xef7d,0xe77e,0xe77d,0xef7e,0xe77e,0xef9e,0xef7e,
  0xe77d,0xef7e,0xef7e,0xdf1d,0x73d0,0x2125,0x18e4,0x1925,0x2146,0x2946,0x31c7,0x39e8,0x4249,0x6b6e,0x73cf,0xb596,
  0xdefc,0xe75d,0xef9e,0xe75d,0xe7bf,0xef7e,0xe79e,0xe75d,0xc618,0x632d,0x3a08,0x3a09,0x3a08,0x4229,0x8431,0xef9e,
  0xef7e,0xe77d,0xe77d,0xef7e,0xef7e,0xef7d,0xe75d,0xef5e,0xe77e,0xe73d,0xef7e,0xef7e,0xe77e,0xef7e,0xe77d,0xdf3c,
  0x39c8,0x2966,0x1904,0x10a4,0x0863,0x1083,0x0883,0x0863,0x0883,0x1063,0x0883,0x0883,0x1064,0x0883,0x0884,0x1063,
  0x0883,0x0884,0x1083,0x0863,0x1084,0x0883,0x0883,0x1063,0x0883,0x1083,0x0864,0x0883,0x1083,0x0883,0x0863,0x1083,
  0x0883,0x0883,0x1063,0x0884,0x0883,0x0864,0x0883,0x1083,0x0884,0x0863,0x1083,0x0884,0x0863,0x1083,0x0884,0x1083,
  0x1083,0x0863,0x0883,0x1083,0x0864,0x0883,0x1063,0x0884,0x1083,0x0883,0x0884,0x1063,0x0883,0x0863,0x1083,0x0883,
  0x0863,0x1084,0x0863,0x0883,0x1083,0x0863,0x0884,0x0883,0x1084,0x0883,0x0883,0x1083,0x0883,0x0863,0x1083,0x0864,
  0x0883,0x1083,0x0864,0x0883,0x1083,0x0884,0x0863,0x1083,0x0884,0x1083,0x0884,0x0863,0x1083,0x0884,0x0863,0x1084,
  0x0863,0x1083,0x0883,0x1083,0x0883,0x0863,0x1084,0x0883,0x0863,0x1084,0x0883,0x1083,0x0864,0x0883,0x1083,0x0884,
  0x1063,0x1083,0x0883,0x1063,0x0883,0x1083,0x0863,0x0883,0x1083,0x0863,0x0883,0x1083,0x0864,0x1083,0x0863,0x0883,
  0x1083,0x0883,0x1083,0x0864,0x1083,0x0883,0x1063,0x0884,0x0863,0x1084,0x0883,0x0883,0x0863,0x0883,0x1064,0x0883,
  0x0884,0x1063,0x0884,0x1083,0x0863,0x0883,0x1083,0x0864,0x0883,0x1083,0x0863,0x0883,0x0883,0x0884,0x1083,0x0863,
  0x0884,0x1083,0x0884,0x0863,0x1083,0x0884,0x0863,0x1083,0x0863,0x1083,0x0884,0x1083,0x0863,0x0884,0x1083,0x0883,
  0x1063,0x0883,0x0883,0x1063,0x0883,0x1084,0x1063,0x0883,0x1083,0x0883,0x1084,0x0883,0x0884,0x1063,0x0883,0x0884,
  0x1083,0x0864,0x0883,0x1084,0x0883,0x0863,0x1084,0x0883,0x0863,0x1084,0x0883,0x0864,0x1083,0x0884,0x0883,0x0863,
  0x1084,0x0883,0x0863,0x1083,0x0883,0x1063,0x0883,0x0883,0x1084,0x0883,0x0863,0x1084,0x0883,0x0863,0x1084,0x0883,
  0x0883,0x1064,0x0883,0x0883,0x1064,0x0883,0x1084,0x0863,0x0884,0x1083,0x0883,0x0883,0x1083,0x0884,0x0863,0x1084,
  0x0883,0x1063,0x0884,0x0863,0x1083,0x0884,0x0883,0x1084,0x0863,0x0883,0x1083,0x0863,0x0884,0x0883,0x0884,0x0883,
  0x0863,0x1084,0x0883,0x0863,0x1083,0x0883,0x1083,0x0883,0x0863,0x0884,0x0883,0x1083,0x0863,0x0883,0x1083,0x0863,
  0x0883,0x1083,0x0863,0x0884,0x1063,0x0883,0x1083,0x0883,0x0883,0x1063,0x0883,0x0864,0x0883,0x0883,0x1084,0x0863,
  0x0883,0x1063,0x0883,0x0883,0x1063,0x0884,0x0883,0x1083,0x08a4,0x18e5,0x2946,0x3187,0x8c92,0xe75d,0xef7e,0xe77d,
  0x8c92,0x5aec,0xc618,0xef7e,0xef7d,0xdefc,0x4229,0x4a6a,0x52ab,0x8c52,0xdedb,0xef9e,0xef7e,0x94d4,0x630c,0xdefc,
  0xef7e,0xef9e,0xc639,0x630d,0x39e8,0x31c7,0x39e8,0x39e8,0x31a7,0x6b6e,0xe71d,0xe75d,0xe77e,0xdf1c,0x5b0c,0x5aec,
  0x5aec,0x52cc,0x52ab,0x7c11,0xd6db,0xef9e,0xef9e,0xe75e,0x528b,0x3a09,0x31c8,0x39c8,0x39e8,0x39e8,0x634e,0xce9a,
  0xef7d,0xe77e,0xe73c,0x4aab,0x31c7,0x3186,0x2146,0x2126,0x2126,0x2166,0x31c8,0x39c7,0x632d,0xe77e,0xef7e,0xef9e,
  0xc639,0x5aec,0x39e8,0x4229,0x3a09,0x3a08,0x738f,0xdefc,0xe77e,0xe77e,0xd6fc,0x634d,0x4a6b,0x5b0d,0x52ab,0x52ac,
  0x8431,0xce9a,0xe75d,0xef9e,0xdf1d,0x52ab,0x4229,0x39e8,0x39e8,0x39e8,0x3a08,0x738f,0xce9b,0xef9e,0xe77e,0xdefc,
  0x5b0d,0x73ef,0xd6bb,0xef7e,0xe75d,0x8c72,0x3a09,0xdf1c,0xef9e,0xef7e,0xbe38,0x5aec,0x7c10,0xce9a,0xe77e,0xe75d,
  0xd6fb,0x4a8b,0x4a6a,0x4a8a,0x5b0c,0xb5b7,0xe75d,0xe77d,0xef9e,0x73cf,0x634d,0x632d,0x5b2c,0x5acc,0x52cb,0x4aaa,
  0x4a8a,0x424a,0x4249,0x424a,0x3186,0x1905,0x2146,0x2945,0x2145,0x3187,0x31c7,0x39e8,0x31c7,0x3a08,0x4229,0x4a8b,
  0x5b0c,0x5b2e,0x7c31,0xb5d7,0xdf1c,0xffdf,0xdf3d,0xe77d,0xef7e,0x8cb3,0x39e9,0x4249,0x4229,0x4229,0x8411,0xe75c,
  0xef7e,0xef9e,0xad96,0x6b6e,0x5b0c,0x5b0c,0x5b0d,0x5aec,0x632c,0x632e,0x5b0c,0xa556,0xef5d,0xe77e,0xef5e,0xdf3c,
  0x31c8,0x2966,0x1905,0x10a4,0x1083,0x0863,0x0884,0x1083,0x0884,0x0883,0x1064,0x0883,0x0883,0x1063,0x0883,0x0883,
  0x1063,0x0883,0x0883,0x1083,0x0863,0x1083,0x0884,0x0883,0x0863,0x0883,0x1083,0x0863,0x0884,0x1063,0x0883,0x0884,
  0x1063,0x0883,0x0884,0x1063,0x0883,0x1083,0x0863,0x0883,0x1083,0x0883,0x0863,0x1083,0x0883,0x0883,0x1063,0x0883,
  0x0864,0x1083,0x0884,0x0883,0x1083,0x0883,0x0883,0x1063,0x0883,0x0863,0x1083,0x0883,0x1064,0x0883,0x0884,0x1063,
  0x0883,0x0883,0x1083,0x0863,0x0884,0x1083,0x0883,0x1063,0x0883,0x0863,0x1084,0x0863,0x1083,0x0884,0x0863,0x1083,
  0x0883,0x0863,0x1083,0x0883,0x0863,0x1083,0x0883,0x0863,0x1083,0x0863,0x0883,0x1083,0x0883,0x0863,0x1083,0x0883,
  0x1083,0x0863,0x0884,0x0863,0x1083,0x0883,0x0863,0x1083,0x0883,0x0883,0x1063,0x0883,0x1083,0x0883,0x0863,0x1083,
  0x0883,0x0883,0x0864,0x0883,0x0883,0x0864,0x1083,0x0883,0x0864,0x1083,0x0884,0x0863,0x1083,0x0883,0x1084,0x0863,
  0x0883,0x1064,0x0883,0x0883,0x0863,0x0884,0x0883,0x1083,0x0883,0x0863,0x1083,0x0863,0x1084,0x0883,0x0883,0x1063,
  0x0883,0x0883,0x1063,0x0883,0x1083,0x0864,0x0883,0x1083,0x0863,0x0883,0x1084,0x0863,0x1083,0x0863,0x0883,0x1083,
  0x0863,0x0883,0x1063,0x0883,0x0883,0x1063,0x0883,0x0883,0x1084,0x0863,0x1083,0x0863,0x1083,0x0883,0x0863,0x0884,
  0x0883,0x1064,0x0883,0x0883,0x1063,0x0883,0x0883,0x0884,0x0863,0x0883,0x0863,0x1083,0x0863,0x0883,0x1083,0x0863,
  0x0883,0x1083,0x0863,0x0883,0x1083,0x0883,0x0863,0x1083,0x0883,0x0863,0x1083,0x0883,0x0863,0x1083,0x0863,0x1083,
  0x0883,0x1063,0x0884,0x0883,0x1063,0x0883,0x1084,0x0863,0x0883,0x1063,0x0883,0x0883,0x1064,0x0883,0x0883,0x1063,
  0x0883,0x0883,0x1063,0x0883,0x0883,0x1063,0x0883,0x1083,0x0883,0x0863,0x1083,0x0864,0x0883,0x1063,0x0883,0x0883,
  0x0863,0x0883,0x1083,0x0884,0x0863,0x1083,0x0863,0x0883,0x1083,0x0864,0x0883,0x1083,0x0863,0x1083,0x0863,0x1083,
  0x0883,0x0863,0x1083,0x0884,0x0863,0x0884,0x0863,0x1084,0x0883,0x1063,0x0883,0x0864,0x1083,0x0883,0x0884,0x1083,
  0x0863,0x0884,0x1083,0x0863,0x0883,0x1084,0x0863,0x1084,0x0863,0x0884,0x1083,0x0883,0x1063,0x0883,0x0863,0x1083,
  0x0883,0x0884,0x1063,0x0883,0x0883,0x1063,0x0883,0x0864,0x1083,0x18e4,0x1905,0x31a7,0x52cb,0xe75d,0xef9e,0xef7e,
  0xad76,0x94b3,0xd6db,0xef7e,0xef7e,0x9d14,0x528b,0x4a6a,0x4a6a,0x632d,0xbe39,0xef7e,0xe73d,0xd69a,0x3a08,0xef5e,
  0xef7d,0xe77d,0xa514,0x4a8a,0x31c7,0x39c8,0x39c7,0x31c7,0x4a49,0x7c11,0xef7d,0xef7d,0xef9e,0xef7e,0xe75e,0xe73d,
  0xdefc,0xe77e,0xe73d,0xe75d,0xe77d,0xef7e,0xe77d,0xef7e,0xa554,0x4229,0x39e8,0x39e8,0x3a09,0x39e8,0x634e,0xce9a,
  0xef7e,0xe79d,0xe73d,0x52ab,0x39e8,0x29a7,0x2966,0x2146,0x2966,0x2966,0x31c8,0x39e8,0x73cf,0xef7e,0xe75d,0xe75d,
  0xb5f8,0x630c,0x31e8,0x39e8,0x3a29,0x4a4a,0x73ef,0xefbe,0xef7e,0xef7d,0xe75e,0xe75d,0xe75d,0xe73d,0xdf3d,0xe75d,
  0xe73d,0xef9e,0xe79f,0xe75d,0xef9f,0xa535,0x4229,0x3a08,0x39e8,0x3a08,0x3a09,0x6b8e,0xd6ba,0xef7e,0xe77e,0xd6fb,
  0x52cb,0x632d,0xa576,0xe79e,0xe77d,0xc659,0x6b6d,0xef7e,0xe75d,0xe75d,0xa555,0x5aeb,0x73d0,0xce59,0xef9e,0xe75d,
  0xdf1c,0x4a8a,0x4a6a,0x4a6a,0x5b0c,0xb5d7,0xef7e,0xe77e,0xef9e,0x632d,0x4a8a,0x4a6a,0x4229,0x3a28,0x39e8,0x31c7,
  0x31a7,0x2966,0x2146,0x2105,0x1905,0x20e4,0x1904,0x1925,0x2126,0x2966,0x31a6,0x39c8,0x3a08,0x4209,0x3a28,0x4229,
  0x4229,0x4a49,0x4229,0x5aec,0x3a08,0xbe18,0xf7bf,0xef9e,0xdf1d,0xc659,0x6b6e,0x4229,0x3a09,0x4229,0x8430,0xef7e,
  0xe77d,0xef7d,0xa555,0x52aa,0x4229,0x4249,0x4208,0x4229,0x3a09,0x4209,0x4a4a,0x94d3,0xe75e,0xe79d,0xe77d,0xe73c,
  0x31a8,0x2966,0x1905,0x10a3,0x0883,0x0883,0x1063,0x0883,0x1063,0x0883,0x0883,0x1063,0x0883,0x0883,0x1064,0x0883,
  0x0883,0x1064,0x0883,0x0863,0x0884,0x0863,0x1083,0x0863,0x1084,0x0863,0x0883,0x1083,0x0883,0x0883,0x1063,0x0883,
  0x0883,0x1063,0x0883,0x0883,0x1063,0x0883,0x1084,0x0863,0x0883,0x1064,0x0883,0x0883,0x1064,0x0883,0x0883,0x0863,
  0x0883,0x0883,0x1063,0x0883,0x0863,0x1084,0x0863,0x0884,0x0883,0x1063,0x0884,0x0863,0x0883,0x1083,0x0863,0x0883,
  0x1084,0x0863,0x0883,0x1083,0x0863,0x0883,0x1063,0x0884,0x0863,0x1083,0x0863,0x0883,0x0863,0x1083,0x0883,0x0863,
  0x1084,0x0883,0x0863,0x1084,0x0883,0x0863,0x1084,0x0883,0x0884,0x0863,0x1083,0x0864,0x0883,0x1084,0x0863,0x0883,
  0x0884,0x1083,0x0863,0x1083,0x0864,0x0883,0x1084,0x0863,0x0884,0x1063,0x0883,0x0864,0x0883,0x1064,0x0883,0x0863,
  0x0884,0x1063,0x0883,0x1083,0x0863,0x1083,0x0883,0x1063,0x0883,0x0883,0x1063,0x0883,0x0883,0x0863,0x0883,0x1083,
  0x0863,0x0883,0x1063,0x0883,0x1083,0x0863,0x1083,0x0863,0x1084,0x0883,0x0863,0x1083,0x0883,0x1063,0x0883,0x0883,
  0x1064,0x0883,0x0883,0x0864,0x0883,0x1083,0x0863,0x0883,0x1083,0x0863,0x0883,0x1083,0x0864,0x1083,0x0863,0x0884,
  0x1083,0x0863,0x0884,0x1083,0x0864,0x0883,0x1083,0x0864,0x0883,0x0883,0x0863,0x0884,0x0883,0x1063,0x0883,0x1063,
  0x0883,0x0883,0x1063,0x0884,0x0883,0x0864,0x1083,0x0863,0x1083,0x0863,0x1084,0x0883,0x1083,0x0864,0x0883,0x1083,
  0x0864,0x0883,0x1083,0x0863,0x0884,0x1063,0x0883,0x0884,0x1063,0x0884,0x0883,0x1063,0x0883,0x0884,0x0883,0x0863,
  0x0884,0x0883,0x1063,0x0883,0x0884,0x0863,0x0883,0x1083,0x0863,0x0884,0x1083,0x0863,0x0883,0x1083,0x0863,0x0884,
  0x1083,0x0863,0x0884,0x1083,0x0863,0x0884,0x0883,0x0863,0x1083,0x0864,0x0883,0x1083,0x0863,0x0883,0x1084,0x0863,
  0x1083,0x0884,0x0863,0x1083,0x0883,0x0863,0x1084,0x0863,0x0883,0x1083,0x0863,0x0883,0x1084,0x0863,0x0883,0x1064,
  0x0883,0x1083,0x0863,0x1083,0x0883,0x1063,0x0883,0x0883,0x1063,0x0883,0x1083,0x0883,0x0863,0x1083,0x0863,0x0883,
  0x1083,0x0863,0x0883,0x1083,0x0863,0x0883,0x0883,0x0863,0x1083,0x0883,0x0863,0x1083,0x0884,0x1063,0x0883,0x0884,
  0x1063,0x0883,0x0883,0x1064,0x0883,0x0884,0x1083,0x0883,0x0863,0x18c4,0x2105,0x29a6,0x3a08,0xef7e,0xe77d,0xe75d,
  0xce9a,0xce7a,0xe75d,0xef9e,0xe75d,0x5b2c,0x4a4a,0x4249,0x4249,0x4229,0xad55,0xe75d,0xe77d,0xef7e,0x8c92,0xe75d,
  0xef7e,0xef9e,0x94d3,0x4209,0x39e8,0x39c8,0x31c7,0x422a,0x528b,0xce59,0xe77e,0xef7e,0xe77e,0xef7e,0xe77e,0xef9e,
  0xe77e,0xef7e,0xe77e,0xef7e,0xef7f,0xe75d,0xef9f,0xdf5d,0xe75e,0x4249,0x39e9,0x4209,0x39e8,0x3a09,0x634d,0xd6ba,
  0xe77d,0xe75d,0xe73d,0x4aaa,0x39e8,0x31a7,0x31a7,0x2987,0x2966,0x31a7,0x39e8,0x3a28,0x94d4,0xef7e,0xe77d,0xe77e,
  0x94f4,0x426a,0x4a2a,0x3a08,0x4209,0x4acb,0xc65a,0xef5e,0xe79e,0xe77e,0xef7d,0xef7e,0xef9e,0xef9e,0xe77e,0xef7e,
  0xe75d,0xe77e,0xef9e,0xe77e,0xe75d,0xe75d,0x424a,0x31e8,0x4209,0x3a09,0x4229,0x6b8f,0xce9a,0xe77e,0xef7e,0xdefc,
  0x52cb,0x52ab,0x8c72,0xef7e,0xef5e,0xdf3d,0xbe18,0xdf3d,0xef9e,0xd71b,0x73cf,0x5aec,0x7bef,0xce7a,0xef7e,0xe77d,
  0xdefc,0x4a6a,0x4a6a,0x4a6a,0x5b0c,0xb5b7,0xe77e,0xef9e,0xef9e,0x634d,0x4a6a,0x4249,0x3a29,0x39e8,0x39c7,0x31a7,
  0x2966,0x2146,0x2947,0x18e4,0x2126,0x1905,0x2125,0x2125,0x738f,0xd6db,0xef9f,0xef9e,0xdf3d,0x39e7,0x4229,0x4249,
  0x3a29,0x4a4a,0x424a,0x4249,0x52ac,0x4a8a,0xef7e,0xe75d,0xef9e,0xe73c,0x7c10,0x39e8,0x4a4a,0x4229,0x73f1,0xefbe,
  0xef7e,0xe77d,0xa555,0x4a6a,0x4229,0x39e8,0x39e9,0x39c8,0x39c8,0x4229,0x4209,0x94b3,0xe75d,0xef7e,0xe77d,0xe75d,
  0x29a7,0x2966,0x18e4,0x0884,0x1063,0x0884,0x0883,0x0883,0x0864,0x1083,0x0883,0x0884,0x1063,0x0883,0x0883,0x1063,
  0x0883,0x0883,0x1064,0x0883,0x1083,0x0883,0x0883,0x1083,0x0883,0x1083,0x0864,0x0883,0x1064,0x0883,0x0884,0x1063,
  0x0884,0x0883,0x1063,0x0884,0x0883,0x0863,0x0883,0x1084,0x0863,0x0883,0x1083,0x0863,0x0883,0x1064,0x0883,0x1084,
  0x0863,0x1083,0x0884,0x1063,0x0883,0x0883,0x1083,0x0863,0x1083,0x0883,0x0883,0x1083,0x0863,0x0884,0x1083,0x0863,
  0x0883,0x1083,0x0864,0x0883,0x1084,0x0883,0x0883,0x1083,0x0883,0x0884,0x1083,0x0884,0x1083,0x0863,0x0884,0x1083,
  0x0863,0x1083,0x0883,0x0883,0x1064,0x0883,0x0883,0x1063,0x0883,0x1083,0x0883,0x0883,0x1063,0x0883,0x0883,0x1063,
  0x0883,0x0863,0x0883,0x0883,0x1083,0x0863,0x0883,0x1083,0x0883,0x0883,0x1083,0x0883,0x1083,0x0883,0x1083,0x0883,
  0x1083,0x0883,0x1064,0x0883,0x0884,0x1083,0x0864,0x0883,0x1084,0x0863,0x0883,0x1084,0x0863,0x1084,0x0863,0x0884,
  0x1083,0x0883,0x0884,0x1063,0x0884,0x0883,0x0884,0x0863,0x0883,0x1083,0x0884,0x0863,0x0883,0x0884,0x1063,0x0883,
  0x0883,0x1063,0x0883,0x1083,0x0863,0x0883,0x1084,0x0863,0x0884,0x1083,0x0864,0x0883,0x0883,0x0883,0x1083,0x0863,
  0x0883,0x1083,0x0883,0x0863,0x1083,0x0883,0x0863,0x1083,0x0883,0x1063,0x0883,0x1083,0x0863,0x0884,0x1083,0x0884,
  0x1063,0x0883,0x0883,0x1063,0x0883,0x1083,0x0883,0x1083,0x0884,0x0883,0x0863,0x0883,0x0863,0x1083,0x0883,0x0863,
  0x1083,0x0883,0x0864,0x1083,0x0883,0x0883,0x1064,0x0883,0x0883,0x1063,0x0883,0x0884,0x1083,0x0863,0x1083,0x1083,
  0x0863,0x1083,0x0883,0x1063,0x0883,0x1083,0x0863,0x0884,0x1083,0x0883,0x0863,0x1084,0x0883,0x0863,0x1083,0x0883,
  0x0863,0x1084,0x0883,0x0863,0x1083,0x0883,0x1063,0x0884,0x0883,0x1083,0x0863,0x0883,0x1084,0x0863,0x0883,0x1083,
  0x0863,0x1083,0x0883,0x0863,0x1084,0x0883,0x0883,0x1083,0x0864,0x0883,0x1083,0x0864,0x0883,0x1083,0x0883,0x0883,
  0x1063,0x0884,0x0883,0x0864,0x1083,0x0883,0x1064,0x0883,0x0883,0x0864,0x0883,0x1084,0x0883,0x0864,0x1083,0x0864,
  0x0883,0x1083,0x0864,0x0883,0x1084,0x0863,0x1083,0x0884,0x0883,0x1063,0x0884,0x0863,0x0883,0x0883,0x1083,0x0863,
  0x0883,0x0863,0x0883,0x0863,0x1083,0x0863,0x0863,0x0883,0x1063,0x10c4,0x18e5,0x2966,0x4229,0xbe18,0xe77d,0xef9e,
  0xe75d,0xef7d,0xef7e,0xe77d,0xe71c,0x39c8,0x31e7,0x4a29,0x4209,0x4229,0x9d14,0xe75d,0xf79f,0xe75d,0xdefc,0xef7e,
  0xe75d,0xdefc,0x8451,0x39e8,0x39e8,0x31c7,0x39c8,0x39e8,0x5b0c,0xef9e,0xef7d,0xe75d,0xe77d,0xe77e,0xe77e,0xef7d,
  0xe77e,0xe77d,0xef7e,0xe75d,0xe79e,0xef7d,0xe75e,0xf7be,0xe75e,0x8451,0x3a29,0x3a08,0x4209,0x4249,0x634d,0xce7a,
  0xe75d,0xe77d,0xe71d,0x52ca,0x4229,0x39e8,0x31c7,0x39c8,0x31a7,0x31c8,0x39c8,0x424a,0xce9a,0xef9f,0xef9e,0xe75e,
  0x8431,0x31a7,0x31e8,0x4228,0x39e8,0x6b6e,0xef7d,0xef9e,0xe75e,0xe77d,0xef9f,0xe77d,0xdf3d,0xef9f,0xe79d,0xef7e,
  0xef9e,0xe75d,0xe75d,0xef9e,0xe77e,0xf7be,0x73f0,0x4229,0x3a29,0x39e8,0x39e8,0x738f,0xce9b,0xef9d,0xe75e,0xd6fc,
  0x52ab,0x52ab,0x8c72,0xe77d,0xe77d,0xef7d,0xdf3c,0xef9e,0xdf3d,0xce9a,0x5acb,0x4aab,0x73cf,0xc67a,0xef7e,0xe77d,
  0xdefc,0x4a69,0x424a,0x4a6a,0x5aec,0xad96,0xe75d,0xe73c,0xe75d,0x632d,0x4a69,0x4229,0x4208,0x39e8,0x39e8,0x29a7,
  0x2986,0x2967,0x2125,0x2125,0x1905,0x1904,0x18e5,0x2125,0x52cb,0xc659,0xe75d,0xef7d,0xdf3d,0x634d,0x39e8,0x4229,
  0x4229,0x4249,0x4209,0x4a49,0x428b,0x4a6a,0xe77e,0xef9e,0xe75d,0xdf1d,0x7410,0x3a09,0x3a29,0x4228,0x8411,0xef9d,
  0xef7d,0xef7d,0xa555,0x424a,0x39e8,0x31a7,0x31a6,0x31a7,0x31a7,0x39e8,0x39e8,0x8cb3,0xef7d,0xe77e,0xe75d,0xe75d,
  0x2966,0x2946,0x18e4,0x10a4,0x0863,0x0883,0x1063,0x0863,0x0883,0x0863,0x1063,0x0883,0x0863,0x1083,0x0863,0x0884,
  0x1063,0x0883,0x0863,0x0883,0x0863,0x1063,0x0863,0x0864,0x0863,0x0883,0x1063,0x0883,0x0863,0x1083,0x0863,0x0883,
  0x1063,0x0883,0x0863,0x1083,0x0863,0x1083,0x0863,0x0883,0x1063,0x0883,0x0863,0x0884,0x0863,0x0883,0x0863,0x0883,
  0x1063,0x0883,0x0863,0x0883,0x0863,0x0863,0x0883,0x0863,0x0884,0x0863,0x1063,0x0883,0x0863,0x0883,0x0863,0x1083,
  0x0863,0x0883,0x0863,0x1083,0x0863,0x0863,0x0863,0x0863,0x1063,0x0883,0x0863,0x0863,0x0883,0x0863,0x1083,0x0863,
  0x0883,0x0863,0x0884,0x1063,0x0883,0x0863,0x0883,0x0863,0x0883,0x0863,0x0864,0x1083,0x0863,0x0883,0x0863,0x0884,
  0x1063,0x0883,0x1063,0x0884,0x0863,0x0883,0x0863,0x0863,0x1063,0x0863,0x0864,0x0863,0x0863,0x0863,0x0863,0x0864,
  0x0863,0x0883,0x0863,0x0883,0x1063,0x0883,0x0863,0x0883,0x0863,0x1083,0x0863,0x0883,0x0863,0x0883,0x1083,0x0863,
  0x0863,0x0863,0x1083,0x0863,0x0883,0x1063,0x0863,0x1083,0x0863,0x0863,0x1083,0x0863,0x1083,0x0863,0x0883,0x1063,
  0x0883,0x0863,0x0883,0x0863,0x1083,0x0863,0x0883,0x1063,0x0883,0x0863,0x0883,0x1063,0x0883,0x1063,0x0884,0x0863,
  0x1083,0x0864,0x0883,0x1063,0x0883,0x0863,0x1084,0x0863,0x0883,0x0863,0x1084,0x0863,0x0883,0x1063,0x0883,0x0863,
  0x0883,0x0863,0x1083,0x0863,0x0883,0x0863,0x0863,0x0863,0x0863,0x1083,0x0863,0x1083,0x0863,0x0884,0x0863,0x1083,
  0x0863,0x0883,0x0863,0x0883,0x0863,0x0883,0x0863,0x0883,0x0863,0x0883,0x1063,0x0863,0x0883,0x0863,0x0883,0x0864,
  0x0883,0x0863,0x0883,0x0864,0x0883,0x0863,0x1083,0x0863,0x0863,0x1083,0x0863,0x0883,0x1063,0x0883,0x0864,0x1083,
  0x0863,0x0883,0x1063,0x0883,0x0863,0x0883,0x0863,0x1083,0x0863,0x0883,0x1063,0x0883,0x0863,0x0883,0x1063,0x0883,
  0x0863,0x0884,0x0863,0x1083,0x0863,0x0883,0x1063,0x0883,0x0863,0x1083,0x0863,0x0883,0x0863,0x0883,0x1063,0x0883,
  0x0863,0x0883,0x1063,0x0883,0x0863,0x0883,0x0863,0x0883,0x1063,0x0883,0x1063,0x0863,0x0883,0x0863,0x0883,0x1083,
  0x0863,0x0883,0x1063,0x0883,0x0863,0x0883,0x0863,0x1063,0x0883,0x0863,0x1083,0x0883,0x1063,0x0863,0x0884,0x0863,
  0x0883,0x1063,0x0883,0x1083,0x0863,0x0883,0x1083,0x0863,0x0883,0x18e4,0x18e4,0x2146,0x3a08,0x8c72,0xef7e,0xe77d,
  0xef5d,0xe77e,0xe77d,0xef5e,0xc679,0x3a08,0x4209,0x39e8,0x39e8,0x4228,0x7bd0,0xd6bb,0xef9d,0xe75d,0xf7be,0xe77d,
  0xe77d,0xc639,0x6b6d,0x39e8,0x39c8,0x39e8,0x31a7,0x4229,0xad55,0xef7e,0xe75d,0xef7e,0xce7a,0xbdf8,0xb5f8,0xb5f7,
  0xb5f8,0xb5f7,0xb5f8,0xbe18,0xbdf8,0xd6db,0xe75d,0xe77d,0xe75d,0xce9a,0x3a09,0x39e9,0x4229,0x3a09,0x6b6e,0xce9a,
  0xe77d,0xef7e,0xe75d,0x4a8a,0x3a08,0x3a08,0x39e8,0x39e8,0x31e8,0x39e9,0x3a08,0x5b0d,0xf7bf,0xe75d,0xe77e,0xd6ba,
  0x636e,0x4229,0x3a08,0x39c8,0x424a,0xa535,0xe75d,0xe77e,0xe75d,0xc679,0xbdf8,0xbe18,0xbdf8,0xbe39,0xb5b7,0xbe18,
  0xbe18,0xb5f8,0xd6db,0xe73d,0xe75d,0xe77e,0xce9b,0x4229,0x4229,0x4229,0x4229,0x6b6e,0xceba,0xef7e,0xe77d,0xdefc,
  0x4aab,0x4a8b,0x7bf0,0xce9a,0xe75d,0xef7e,0xef7e,0xef9e,0xe75d,0xce79,0x52ab,0x4a8b,0x7bcf,0xc679,0xe77d,0xe75d,
  0xd6fc,0x4249,0x4249,0x4249,0x632c,0xb5d7,0xef9e,0xef7e,0xefbe,0x5b0c,0x4a6a,0x424a,0x4229,0x3a08,0x39c7,0x31c7,
  0x3187,0x2146,0x2146,0x2126,0x1905,0x2145,0x2945,0x2146,0x2166,0xb5d8,0xef9e,0xe77d,0xe77d,0xb5d7,0x4a6a,0x4229,
  0x4229,0x4229,0x4a8a,0x4a6a,0x4269,0x6b4e,0xef7e,0xe77d,0xef9e,0xe71d,0x7c10,0x39e8,0x3a08,0x4a29,0x7c10,0xef9e,
  0xe77d,0xe77d,0xa555,0x4249,0x39a7,0x2986,0x2966,0x2946,0x2986,0x31a7,0x39c8,0x8c92,0xe75d,0xef7e,0xe75d,0xe75d,
  0x2986,0x2166,0x18e4,0x10a4,0x0883,0x0863,0x0883,0x1083,0x0863,0x1083,0x0883,0x0863,0x0883,0x0863,0x1083,0x0883,
  0x0863,0x0883,0x1083,0x0863,0x1083,0x0883,0x0883,0x1083,0x0883,0x0863,0x0883,0x1083,0x0863,0x0883,0x0883,0x0863,
  0x0883,0x1063,0x0883,0x0883,0x0863,0x0883,0x1083,0x0863,0x0883,0x0883,0x1063,0x0883,0x1083,0x0863,0x1083,0x0883,
  0x0863,0x0883,0x1083,0x0863,0x1083,0x0884,0x1063,0x0883,0x1063,0x0883,0x0883,0x0863,0x1083,0x0883,0x1063,0x0883,
  0x0883,0x1063,0x0883,0x0863,0x0883,0x1083,0x0883,0x1083,0x0883,0x0863,0x1083,0x0883,0x1063,0x0883,0x0863,0x0883,
  0x1083,0x0863,0x0883,0x0863,0x1083,0x0883,0x1063,0x0883,0x1063,0x0883,0x1083,0x0863,0x0883,0x1063,0x0883,0x1083,
  0x0863,0x0883,0x0883,0x1063,0x0883,0x1083,0x0883,0x1083,0x0884,0x0883,0x1083,0x0883,0x1083,0x0883,0x1083,0x0883,
  0x1083,0x0863,0x1083,0x0863,0x0883,0x0863,0x1083,0x0883,0x0863,0x0883,0x1083,0x0863,0x1083,0x0863,0x0883,0x1083,
  0x0883,0x0883,0x0863,0x0883,0x1063,0x0883,0x0883,0x0883,0x1083,0x0863,0x0883,0x0883,0x0863,0x1083,0x0883,0x0863,
  0x0884,0x1083,0x0863,0x1084,0x0883,0x0863,0x0883,0x0883,0x1063,0x0883,0x1083,0x0863,0x0883,0x0863,0x0883,0x1063,
  0x0883,0x0863,0x0883,0x0883,0x1063,0x0883,0x0883,0x0863,0x1083,0x0883,0x0863,0x0883,0x1083,0x0863,0x0883,0x1063,
  0x0883,0x0883,0x0864,0x0883,0x1063,0x0883,0x1084,0x0883,0x1083,0x0863,0x0883,0x0883,0x1063,0x0883,0x1083,0x0863,
  0x0883,0x1063,0x0883,0x1063,0x0883,0x1063,0x0883,0x1063,0x0883,0x1083,0x0883,0x0883,0x1063,0x0883,0x1063,0x0883,
  0x1083,0x0863,0x1083,0x0883,0x1063,0x0883,0x0883,0x1083,0x0883,0x0863,0x0883,0x0883,0x0863,0x1083,0x0883,0x0863,
  0x0883,0x0883,0x0863,0x1083,0x0883,0x1064,0x0883,0x0863,0x1083,0x0863,0x0883,0x0863,0x1083,0x0883,0x0863,0x0883,
  0x1083,0x0863,0x0883,0x0883,0x1063,0x0883,0x0863,0x0883,0x1083,0x0863,0x0883,0x1083,0x0863,0x1083,0x0863,0x0884,
  0x1083,0x0863,0x0883,0x0883,0x1063,0x0883,0x1083,0x0863,0x0883,0x0883,0x0883,0x0863,0x1083,0x0883,0x1063,0x0883,
  0x0863,0x0883,0x0883,0x1063,0x0883,0x1083,0x0883,0x0883,0x1063,0x0883,0x0863,0x0883,0x0883,0x1083,0x0863,0x1083,
  0x0863,0x0883,0x0863,0x0883,0x0863,0x0883,0x0863,0x0883,0x1063,0x10a4,0x10c3,0x2125,0x29a6,0x632d,0xef9e,0xe75d,
  0xe77d,0xef5d,0xef7e,0xe75d,0x8c52,0x3a28,0x39c7,0x31c7,0x39c8,0x39e8,0x4a6a,0xbe39,0xef5d,0xef7e,0xe75d,0xe77d,
  0xef7e,0xad96,0x4229,0x39e8,0x39c7,0x31c7,0x31a6,0x4249,0xe71d,0xe75d,0xe75d,0xdf1c,0x7bef,0x3a29,0x4208,0x4208,
  0x39e9,0x3a08,0x4208,0x3a08,0x3a29,0x7c10,0xd6db,0xef7e,0xef9e,0xdf1d,0x5b0c,0x4208,0x4209,0x3a08,0x634e,0xd69a,
  0xef9e,0xe75d,0xdf3c,0x52cb,0x3a08,0x4229,0x39e9,0x3a09,0x4209,0x4a8a,0x7bd0,0xd6ba,0xe79e,0xe75d,0xe77d,0xa535,
  0x4269,0x39c8,0x3a08,0x31c8,0x52aa,0xdf1c,0xe75d,0xef9e,0xdefc,0x7c10,0x3a09,0x3a08,0x39e7,0x3a29,0x3a08,0x3a08,
  0x39e8,0x4229,0x8431,0xd6fc,0xe75d,0xef7e,0xdf1c,0x5b0c,0x39e8,0x39e8,0x3a29,0x6b6e,0xcebb,0xef7d,0xe79e,0xdedc,
  0x428a,0x4a6a,0x52eb,0xad77,0xe75d,0xe79e,0xe75d,0xdf3c,0xef7d,0x9d35,0x4a8a,0x4a8a,0x73af,0xce79,0xe75e,0xef7d,
  0xd6fc,0x4228,0x4229,0x4229,0x5aec,0xadb6,0xe75d,0xe77d,0xe77d,0x5b0c,0x426a,0x4228,0x4229,0x3a08,0x31e8,0x31c7,
  0x31a7,0x3186,0x2987,0x1904,0x2105,0x2145,0x2125,0x2125,0x2966,0x8c72,0xd6db,0xe77e,0xef9e,0xdefb,0x94d3,0x52ec,
  0x4229,0x4209,0x3a4a,0x4229,0x73af,0xb5f8,0xef9e,0xe77e,0xe77d,0xb5f8,0x52cb,0x3a09,0x39c7,0x3a09,0x8410,0xef7e,
  0xe77d,0xe77d,0xa535,0x4228,0x2986,0x2925,0x2125,0x1905,0x2925,0x2966,0x2986,0x8c72,0xe75d,0xe77d,0xef7d,0xdf5d,
  0x2946,0x2125,0x18e4,0x1083,0x0883,0x1063,0x0883,0x0863,0x0883,0x0863,0x0883,0x1063,0x0883,0x0883,0x0863,0x0883,
  0x1063,0x0883,0x0863,0x0883,0x0863,0x0883,0x1063,0x0863,0x0883,0x1063,0x0883,0x0863,0x0883,0x1063,0x0883,0x1063,
  0x0883,0x0883,0x0863,0x1083,0x0863,0x0883,0x0863,0x0883,0x1063,0x0883,0x0863,0x0883,0x0863,0x0883,0x0863,0x1083,
  0x0863,0x0883,0x0863,0x0883,0x0863,0x0883,0x0863,0x0883,0x0883,0x1063,0x0883,0x0863,0x0883,0x0863,0x0883,0x0863,
  0x0883,0x0863,0x0883,0x1063,0x0883,0x0863,0x0863,0x0883,0x0863,0x0883,0x0863,0x0883,0x0863,0x0883,0x1083,0x0863,
  0x0883,0x1063,0x0883,0x0863,0x0883,0x0863,0x0883,0x0863,0x0883,0x0863,0x0883,0x0863,0x0883,0x0863,0x0883,0x0863,
  0x0883,0x1063,0x0883,0x0863,0x0883,0x0863,0x0863,0x0863,0x0883,0x0863,0x0863,0x0883,0x0863,0x0863,0x0883,0x0863,
  0x0883,0x0863,0x0883,0x0883,0x1063,0x0883,0x0863,0x1083,0x0863,0x0883,0x0863,0x0883,0x0863,0x1083,0x0863,0x0863,
  0x0863,0x1083,0x0863,0x0883,0x0883,0x0863,0x1063,0x0863,0x0883,0x0863,0x1083,0x0863,0x0883,0x0863,0x0883,0x1063,
  0x0883,0x0863,0x0883,0x0863,0x0883,0x1063,0x0883,0x0863,0x0883,0x0863,0x0883,0x0863,0x1083,0x0863,0x0883,0x0863,
  0x0883,0x1063,0x0883,0x0863,0x0883,0x0863,0x1083,0x0863,0x0883,0x0863,0x1083,0x0863,0x0883,0x0863,0x0883,0x0863,
  0x1083,0x0863,0x1083,0x0863,0x0883,0x0863,0x0883,0x0863,0x0883,0x0863,0x1083,0x0863,0x0883,0x0863,0x0883,0x0863,
  0x0883,0x0883,0x0863,0x0883,0x0863,0x0883,0x1063,0x0883,0x0863,0x0863,0x0863,0x0883,0x0863,0x0883,0x0883,0x0863,
  0x0883,0x0863,0x0883,0x0863,0x0883,0x1063,0x0863,0x0863,0x0883,0x1063,0x0883,0x1063,0x0883,0x0863,0x0883,0x1063,
  0x0883,0x1063,0x0883,0x0863,0x0883,0x0863,0x0883,0x0883,0x0863,0x0883,0x1063,0x0883,0x0863,0x0883,0x1063,0x0883,
  0x0863,0x0883,0x1063,0x0883,0x0863,0x0883,0x1063,0x0883,0x0863,0x0883,0x0863,0x0883,0x0863,0x0883,0x0863,0x0883,
  0x0863,0x0883,0x1063,0x0883,0x0863,0x0883,0x0863,0x0883,0x1063,0x0863,0x1083,0x0863,0x0883,0x0863,0x0883,0x0863,
  0x1083,0x0863,0x0883,0x0863,0x0883,0x0863,0x1063,0x0883,0x0863,0x0883,0x1063,0x0883,0x0863,0x0863,0x0883,0x0863,
  0x0883,0x1063,0x0883,0x1063,0x0883,0x1063,0x0883,0x1063,0x0883,0x0883,0x18c4,0x2125,0x2146,0x52ab,0xe73d,0xe77d,
  0xef5e,0xe75d,0xe75d,0xefbe,0x528a,0x31c8,0x31a6,0x3187,0x2986,0x31a7,0x31c7,0xbdf7,0xe75d,0xe77d,0xef5d,0xef9e,
  0xe75d,0x9d14,0x31a7,0x31a7,0x31c7,0x39c7,0x31a7,0x7bf0,0xe75d,0xef9e,0xe75d,0xb5b7,0x52cb,0x39e8,0x31c7,0x31c8,
  0x31a7,0x31c7,0x31c8,0x39c7,0x31c8,0x52ab,0xc679,0xe75e,0xe77e,0xef5d,0xad76,0x39e9,0x3a08,0x4209,0x636d,0xce7a,
  0xef9e,0xe75d,0xdf3c,0x9d14,0x9cd4,0x94d3,0x94d3,0x94d3,0x9493,0xa555,0xd6db,0xef7e,0xe77e,0xe75d,0xce7a,0x5b2d,
  0x31a7,0x31a7,0x39e8,0x31c8,0x73d0,0xef7e,0xe75e,0xe77d,0xb5d7,0x52cb,0x31c8,0x3a08,0x31a7,0x3187,0x31a7,0x31a7,
  0x39e8,0x31e8,0x4a8a,0xc639,0xe75d,0xef9e,0xe77e,0xad76,0x3a08,0x39e8,0x39e8,0x73af,0xce7a,0xdf3d,0xf7bf,0xd6db,
  0x4228,0x4a6a,0x424a,0x9cf4,0xe75d,0xef9e,0xef9e,0xe75d,0xe77d,0x636e,0x4a49,0x4249,0x738e,0xc67a,0xe77d,0xef9d,
  0xdefc,0x3a08,0x3a08,0x4209,0x52eb,0xb5b7,0xef7e,0xe75d,0xef7d,0xad55,0x94d4,0x94d3,0x94d3,0x94b3,0x94b3,0x94b2,
  0x94b3,0x8c93,0x8c72,0x8c52,0x8c72,0x6b6e,0x2125,0x2125,0x2966,0x3a08,0xbe18,0xef9e,0xe71c,0xef9e,0xdf3d,0xb596,
  0x94d3,0x94d4,0x94b3,0x9d14,0xce7a,0xef7e,0xe75d,0xef7e,0xdf1c,0x8c92,0x3a08,0x39c8,0x31a7,0x31c8,0x8430,0xef9e,
  0xef7d,0xef7e,0xa535,0x4208,0x2125,0x1905,0x20e4,0x18e4,0x1905,0x2125,0x2946,0x8c72,0xe75e,0xef7e,0xe77d,0xe73d,
  0x2145,0x1905,0x18c4,0x0884,0x0883,0x0863,0x1083,0x0863,0x1083,0x0883,0x1063,0x0883,0x0863,0x1083,0x0863,0x1083,
  0x0863,0x0883,0x1063,0x0883,0x1063,0x0883,0x0883,0x0863,0x1083,0x0883,0x0863,0x1083,0x0863,0x0883,0x0863,0x0883,
  0x1063,0x0883,0x0863,0x0883,0x1063,0x0883,0x1064,0x0883,0x0863,0x0883,0x1063,0x0883,0x1063,0x0883,0x1063,0x0883,
  0x0863,0x1083,0x0863,0x1083,0x0863,0x1083,0x0883,0x1063,0x0883,0x0863,0x1083,0x0863,0x1083,0x0864,0x1083,0x0863,
  0x1083,0x0864,0x1083,0x0883,0x0863,0x1083,0x0883,0x1064,0x0883,0x1063,0x0883,0x1063,0x0883,0x1063,0x0883,0x0863,
  0x0883,0x0863,0x1083,0x0883,0x1063,0x0883,0x1063,0x0883,0x1083,0x0863,0x1083,0x0863,0x1083,0x0883,0x1063,0x0883,
  0x1063,0x0883,0x0863,0x1083,0x0863,0x1083,0x0883,0x1083,0x0863,0x1083,0x0883,0x1063,0x0883,0x1083,0x0863,0x1083,
  0x0863,0x1083,0x0863,0x1083,0x0863,0x0883,0x0863,0x0883,0x1063,0x0883,0x1063,0x0883,0x0883,0x0863,0x0883,0x1083,
  0x0883,0x0863,0x1083,0x0863,0x1083,0x0883,0x0883,0x1083,0x0863,0x0883,0x0863,0x1083,0x0863,0x1083,0x0863,0x0883,
  0x1063,0x0883,0x1063,0x0883,0x1063,0x0883,0x0863,0x1083,0x0863,0x1083,0x0863,0x1083,0x0863,0x0883,0x1083,0x0863,
  0x1083,0x0883,0x0863,0x1083,0x0863,0x1083,0x0863,0x0883,0x1063,0x0883,0x0863,0x1083,0x0863,0x1083,0x0883,0x0863,
  0x0883,0x0863,0x0883,0x1083,0x0863,0x1083,0x0863,0x1083,0x0863,0x1083,0x0863,0x0883,0x1063,0x0883,0x1063,0x0883,
  0x1063,0x0884,0x1063,0x0883,0x1083,0x0863,0x0883,0x0883,0x1083,0x0883,0x1083,0x0863,0x1083,0x0863,0x1083,0x0863,
  0x1083,0x0863,0x1083,0x0863,0x1083,0x0883,0x0883,0x1083,0x0863,0x0883,0x0863,0x0883,0x1063,0x0883,0x0863,0x0883,
  0x0863,0x0883,0x1063,0x0883,0x1063,0x0883,0x1063,0x0883,0x1063,0x0883,0x0883,0x1063,0x0884,0x0863,0x0883,0x1063,
  0x0883,0x1063,0x0883,0x0863,0x1083,0x0863,0x0883,0x0863,0x1083,0x0863,0x1083,0x0863,0x1083,0x0863,0x1083,0x0863,
  0x1083,0x0863,0x0883,0x1063,0x0883,0x1063,0x0883,0x1063,0x0883,0x0883,0x0863,0x1083,0x0863,0x1083,0x0863,0x1083,
  0x0863,0x0883,0x1063,0x0883,0x1063,0x0883,0x0883,0x0863,0x1083,0x0863,0x0883,0x1063,0x0883,0x1083,0x0863,0x1083,
  0x0883,0x0863,0x0883,0x0863,0x0883,0x0883,0x0863,0x0883,0x0863,0x0883,0x1083,0x1905,0x1904,0x4229,0xbe38,0xe75d,
  0xe77d,0xef7e,0xe75d,0xdf1c,0x39c7,0x2986,0x3166,0x2145,0x2145,0x3166,0x3187,0x9cd4,0xe75d,0xef7e,0xe75e,0xe75d,
  0xdefc,0x8c72,0x39c7,0x3186,0x2986,0x2966,0x3187,0xc659,0xef7d,0xef7e,0xe75d,0x94d3,0x39c7,0x2987,0x2966,0x2946,
  0x2145,0x2146,0x2945,0x2987,0x31c7,0x3187,0xa576,0xe73c,0xe77e,0xef9e,0xceba,0x528b,0x29a7,0x39e8,0x632d,0xc699,
  0xe77d,0xef9d,0xef9e,0xe77d,0xef7e,0xe75d,0xe77d,0xef9f,0xe77e,0xef7e,0xef7e,0xe77d,0xef9e,0xce9a,0x6baf,0x31c7,
  0x31a7,0x31a7,0x2966,0x31c7,0xce79,0xef9e,0xe77d,0xe75e,0x94d3,0x39e8,0x3186,0x2987,0x2986,0x2946,0x2146,0x2966,
  0x2987,0x31a7,0x31c7,0xa535,0xe77e,0xe77d,0xe77e,0xce9a,0x4a69,0x31e8,0x31e8,0x6b8e,0xce9b,0xe75d,0xef7d,0xd6fc,
  0x39e8,0x4229,0x3a29,0x8c71,0xdf1c,0xe79d,0xef7d,0xef7e,0xdf3c,0x4a69,0x4229,0x3a08,0x6b6e,0xce9a,0xe75d,0xef9e,
  0xd6db,0x31c7,0x39e8,0x39e8,0x52aa,0xadb7,0xef7d,0xe75d,0xef7e,0xe77d,0xe77d,0xef7d,0xe77e,0xef7d,0xef7e,0xe77d,
  0xef7e,0xe77e,0xdf3d,0xf79e,0xe77e,0xad97,0x2105,0x1925,0x2125,0x2146,0x52cb,0xd6db,0xe77d,0xe77d,0xef9e,0xe77d,
  0xef9e,0xe77e,0xef7d,0xef9e,0xef7e,0xe75d,0xe79e,0xe73d,0xa555,0x4a6a,0x2987,0x31a7,0x31e7,0x2986,0x8411,0xe77d,
  0xe77d,0xef7d,0xa534,0x39e8,0x1904,0x18e4,0x18c3,0x10c4,0x18c4,0x18e4,0x2125,0x8452,0xe75d,0xef7d,0xe77d,0xdf3d,
  0x2104,0x18e4,0x10c4,0x0863,0x1083,0x0863,0x0883,0x0883,0x0863,0x0883,0x0863,0x0883,0x1063,0x0883,0x0863,0x0883,
  0x0863,0x0883,0x0863,0x0883,0x0883,0x1063,0x0883,0x0863,0x0883,0x0863,0x0883,0x0863,0x0883,0x1063,0x0883,0x0863,
  0x0883,0x1063,0x0883,0x0863,0x0883,0x0863,0x0883,0x1063,0x0883,0x0863,0x0883,0x0863,0x0883,0x0883,0x0863,0x0883,
  0x1083,0x0863,0x0883,0x0863,0x0883,0x0863,0x1083,0x0863,0x0883,0x0863,0x0883,0x0863,0x0883,0x0883,0x0863,0x0883,
  0x0863,0x0883,0x0863,0x0883,0x1063,0x0883,0x0863,0x0883,0x0863,0x0883,0x0863,0x0883,0x0863,0x0883,0x0863,0x1083,
  0x0863,0x0883,0x0863,0x0883,0x0863,0x0883,0x0863,0x0883,0x0863,0x0883,0x0863,0x0883,0x0863,0x0883,0x0863,0x0883,
  0x0863,0x0883,0x0883,0x0863,0x0883,0x0863,0x0863,0x0883,0x0863,0x0883,0x0863,0x0883,0x0863,0x0883,0x0863,0x0883,
  0x0863,0x0883,0x0863,0x0883,0x0863,0x1083,0x0883,0x0863,0x0883,0x0863,0x0883,0x1063,0x0883,0x1063,0x0883,0x0863,
  0x1083,0x0863,0x0883,0x0863,0x0883,0x1063,0x0863,0x0883,0x0863,0x1083,0x0883,0x0863,0x0883,0x0863,0x1083,0x0863,
  0x0883,0x0863,0x0883,0x0863,0x0883,0x0863,0x1083,0x0863,0x0883,0x0863,0x0883,0x0883,0x0863,0x1083,0x0863,0x0883,
  0x0863,0x0883,0x1063,0x0883,0x0863,0x0883,0x0883,0x0863,0x0883,0x1063,0x0883,0x0863,0x0883,0x0863,0x1083,0x0863,
  0x1083,0x0883,0x0863,0x0883,0x0863,0x0883,0x0863,0x0883,0x0863,0x0883,0x0863,0x0883,0x0883,0x0863,0x0883,0x0863,
  0x0883,0x0863,0x0883,0x0863,0x0883,0x1063,0x0883,0x0863,0x0863,0x0863,0x0883,0x0863,0x0883,0x0863,0x0883,0x0863,
  0x0883,0x0863,0x0883,0x0883,0x0863,0x0863,0x0883,0x0863,0x0883,0x1063,0x0883,0x0863,0x0883,0x1083,0x0863,0x1083,
  0x0883,0x0863,0x0883,0x0863,0x0883,0x0883,0x0863,0x0883,0x0863,0x1083,0x0863,0x0883,0x0863,0x1083,0x0863,0x0883,
  0x0863,0x0883,0x0863,0x0883,0x0863,0x1083,0x0883,0x0863,0x0883,0x0863,0x0883,0x0863,0x0883,0x0883,0x0863,0x0883,
  0x0863,0x1083,0x0863,0x0883,0x0863,0x0883,0x0863,0x0883,0x0863,0x1083,0x0863,0x0883,0x0883,0x0863,0x0883,0x0863,
  0x0883,0x1063,0x0883,0x0863,0x0883,0x0863,0x1083,0x0863,0x0883,0x0883,0x0863,0x0883,0x0863,0x0883,0x0863,0x0883,
  0x0863,0x1083,0x0863,0x1083,0x0863,0x1063,0x0883,0x1063,0x0883,0x0863,0x0883,0x10c3,0x18c4,0x39c7,0x94b3,0xe77e,
  0xe75d,0xef7e,0xef7d,0xad76,0x3187,0x2966,0x1904,0x20e4,0x1905,0x2125,0x2965,0x632d,0xd6db,0xef7d,0xef9e,0xe73d,
  0xd6ba,0x5b0c,0x2966,0x2966,0x2945,0x2146,0x4a8a,0xe75d,0xef9e,0xef5d,0xd6db,0x73af,0x2145,0x2125,0x1925,0x18e4,
  0x18e4,0x1904,0x1905,0x2105,0x2145,0x2966,0x634d,0xd6fc,0xef9e,0xe75d,0xdf1d,0x8c52,0x31c7,0x31c8,0x632d,0xce9a,
  0xe75d,0xef7e,0xe77d,0xef7e,0xe77d,0xef7e,0xef9e,0xe77e,0xef5d,0xdf3d,0xf7bf,0xdf5d,0xbdf8,0x5aec,0x31a7,0x2966,
  0x2145,0x2946,0x2146,0x52aa,0xef9f,0xe77e,0xe75e,0xdedb,0x6b8f,0x2966,0x2125,0x2105,0x1905,0x18e4,0x1905,0x20e4,
  0x18e5,0x2145,0x2966,0x634e,0xdf1c,0xef7d,0xef5e,0xdf3d,0x8c31,0x2987,0x31a7,0x632d,0xd6ba,0xe79e,0xe73d,0xdefc,
  0x31e8,0x31c7,0x39c8,0x636e,0xce7a,0xef7e,0xe75d,0xe75d,0xce9a,0x31e7,0x39c8,0x39e8,0x6b6e,0xce7a,0xe75d,0xef9d,
  0xd6db,0x31a7,0x31a7,0x29c7,0x52aa,0xb5b7,0xe75d,0xef9e,0xe75d,0xef9e,0xe75e,0xef7d,0xe75d,0xef7d,0xe77d,0xe77e,
  0xe77d,0xef7e,0xe77e,0xe75e,0xef7e,0xad96,0x1905,0x2125,0x2124,0x2125,0x2125,0x5acb,0xb5b7,0xef5d,0xe77e,0xef7e,
  0xe77d,0xe75d,0xef9e,0xe75e,0xe75d,0xef9e,0xdefb,0x8c92,0x4a49,0x2966,0x2966,0x2146,0x2105,0x2986,0x8410,0xef9e,
  0xef5d,0xe77e,0xa535,0x31c7,0x18e4,0x18c4,0x18c4,0x0883,0x18c4,0x18c4,0x18e4,0x8431,0xe75d,0xef7e,0xef7d,0xdf1d,
  0x1924,0x18a4,0x0883,0x0863,0x0883,0x0863,0x1083,0x0863,0x1063,0x0883,0x1063,0x0883,0x0863,0x0883,0x1063,0x0883,
  0x1063,0x0883,0x1063,0x0883,0x0863,0x0863,0x1083,0x0863,0x1083,0x0863,0x1083,0x0863,0x1083,0x0863,0x0883,0x1063,
  0x0883,0x0863,0x1083,0x0863,0x1083,0x0863,0x0883,0x0863,0x1083,0x0863,0x1083,0x0863,0x1083,0x0863,0x1083,0x0863,
  0x0863,0x0883,0x1063,0x0883,0x1063,0x0883,0x0863,0x0883,0x1063,0x0883,0x1063,0x0883,0x1063,0x0863,0x1083,0x0863,
  0x1083,0x0863,0x1083,0x0863,0x0883,0x0863,0x1083,0x0863,0x1083,0x0863,0x1083,0x0863,0x1083,0x0863,0x0883,0x0863,
  0x1083,0x0863,0x1083,0x0863,0x1083,0x0863,0x1083,0x0863,0x1083,0x0863,0x1083,0x0863,0x1083,0x0863,0x1083,0x0863,
  0x1083,0x0863,0x1063,0x0883,0x1063,0x0883,0x1063,0x0883,0x1063,0x0883,0x1063,0x0883,0x1063,0x0883,0x1063,0x0883,
  0x1063,0x0883,0x1063,0x0883,0x1063,0x0883,0x0863,0x1083,0x0863,0x1083,0x0863,0x0883,0x0863,0x0883,0x1063,0x0883,
  0x0863,0x0883,0x1063,0x0883,0x0863,0x0883,0x0863,0x1083,0x0863,0x0863,0x0883,0x1063,0x0883,0x0864,0x0883,0x0863,
  0x1083,0x0863,0x1083,0x0863,0x1083,0x0863,0x0883,0x0863,0x1083,0x0863,0x1083,0x0863,0x0883,0x0863,0x0883,0x1063,
  0x0883,0x0863,0x0883,0x0863,0x1083,0x0863,0x1063,0x0883,0x0863,0x0883,0x0863,0x1083,0x0863,0x0883,0x0863,0x0883,
  0x0863,0x1063,0x0883,0x1063,0x0883,0x1063,0x0883,0x1063,0x0883,0x1063,0x0883,0x1063,0x0863,0x1083,0x0863,0x1083,
  0x0863,0x1083,0x0863,0x1083,0x0863,0x0883,0x1063,0x0883,0x1083,0x0863,0x1084,0x0863,0x1083,0x0863,0x1083,0x0863,
  0x1083,0x0863,0x1083,0x0863,0x1083,0x0863,0x1083,0x0863,0x0883,0x0863,0x1084,0x0863,0x0883,0x0863,0x0883,0x0863,
  0x1063,0x0883,0x1063,0x0883,0x1063,0x0863,0x1083,0x0863,0x0883,0x0863,0x0883,0x1063,0x0883,0x0863,0x0883,0x1063,
  0x0883,0x1063,0x0883,0x1063,0x0883,0x0863,0x0863,0x1083,0x0863,0x1083,0x0863,0x1083,0x0863,0x1083,0x0863,0x1083,
  0x0863,0x0883,0x0863,0x1083,0x0863,0x1083,0x0863,0x1083,0x0863,0x0883,0x0863,0x1083,0x0863,0x1083,0x0863,0x1083,
  0x0863,0x0883,0x0863,0x1083,0x0863,0x0883,0x0863,0x1083,0x0863,0x1063,0x0883,0x1063,0x0883,0x1063,0x0883,0x1063,
  0x0883,0x0863,0x0883,0x0863,0x0883,0x0883,0x0863,0x0883,0x1084,0x0863,0x0863,0x1083,0x10c4,0x18e4,0x6b6f,0xef7e,
  0xe75d,0xef7e,0xdf5d,0x73af,0x2165,0x1905,0x18c4,0x10c5,0x10c4,0x18e4,0x2106,0x31a7,0xc67a,0xef9f,0xef9e,0xdf5d,
  0xbdf9,0x39e8,0x1924,0x1925,0x1905,0x1905,0xa535,0xef7e,0xefbf,0xe77e,0xb5d8,0x4229,0x18e5,0x18e4,0x18c5,0x10c4,
  0x1083,0x10c4,0x18c4,0x10e4,0x18e5,0x1905,0x2946,0xc65a,0xef9f,0xe77e,0xe75e,0xad97,0x31a7,0x2946,0x632d,0xce9b,
  0xe77e,0xef9e,0xe77e,0xef7d,0xe77e,0xe77e,0xe75d,0xe73d,0xdf3d,0xc67a,0x94f4,0x5b0c,0x31c8,0x2146,0x2146,0x2105,
  0x1905,0x1925,0x1925,0xa536,0xef9f,0xe77e,0xe75e,0xadd7,0x3a29,0x2126,0x1904,0x10e5,0x10c4,0x10c4,0x18e4,0x10e4,
  0x18e5,0x18e5,0x1905,0x2166,0xc67b,0xef9f,0xe77e,0xe79e,0xb5d8,0x31a8,0x2966,0x632d,0xcebc,0xef9f,0xe77e,0xd6fc,
  0x2986,0x2146,0x2987,0x4249,0xadb7,0xe77e,0xef9e,0xdf3c,0x94d4,0x31a7,0x2145,0x29a7,0x5b2c,0xc659,0xe75d,0xe7bf,
  0xd6db,0x2166,0x2146,0x2946,0x4a6a,0xad97,0xef7e,0xe79e,0xe75d,0xe75d,0xef7e,0xe77e,0xe77e,0xe77e,0xe77e,0xef7e,
  0xe75d,0xef7e,0xef7e,0xe75e,0xe75d,0xad97,0x18e4,0x18c4,0x10c4,0x18e4,0x1925,0x2126,0x29a7,0x5aec,0x8c93,0xbe19,
  0xd6dc,0xe75d,0xdf3e,0xd6bb,0xadb7,0x7410,0x4a6a,0x29a8,0x2126,0x1925,0x1905,0x1905,0x1904,0x1905,0x8411,0xe79e,
  0xe77d,0xe75d,0x9d34,0x39c8,0x10c4,0x18c3,0x0862,0x18e4,0x1083,0x10c4,0x10c4,0x8411,0xe75d,0xe79f,0xef7e,0xdf1d,
  0x18e4,0x0883,0x0883,0x1063,0x0883,0x0863,0x0883,0x0863,0x0883,0x0863,0x0883,0x0863,0x1083,0x0863,0x0883,0x0863,
  0x0883,0x0863,0x0883,0x1063,0x0883,0x0863,0x0883,0x0863,0x0883,0x0863,0x0883,0x0863,0x0883,0x0863,0x0883,0x0863,
  0x0883,0x0863,0x0883,0x0863,0x0883,0x1063,0x0883,0x0863,0x0883,0x0863,0x0883,0x0863,0x0883,0x0863,0x0883,0x0863,
  0x1083,0x0863,0x0883,0x0863,0x0883,0x0863,0x1083,0x0863,0x0883,0x0863,0x0883,0x0863,0x0883,0x0883,0x0863,0x0883,
  0x0863,0x0883,0x0863,0x0883,0x1063,0x0883,0x0863,0x0883,0x0863,0x0883,0x0863,0x0883,0x0863,0x1083,0x0863,0x0883,
  0x0863,0x0883,0x0863,0x0883,0x0863,0x0883,0x0863,0x0883,0x0863,0x0883,0x0863,0x0883,0x0863,0x0883,0x0863,0x0883,
  0x0863,0x0883,0x0883,0x0863,0x0883,0x0863,0x0883,0x0863,0x0883,0x0863,0x0883,0x0863,0x0883,0x0863,0x0883,0x0863,
  0x0883,0x0863,0x0883,0x0863,0x0883,0x0863,0x0883,0x0863,0x0883,0x0863,0x0883,0x1063,0x0883,0x0863,0x0883,0x0863,
  0x1083,0x0863,0x0883,0x0863,0x1083,0x0863,0x0883,0x0863,0x0883,0x1083,0x0863,0x0883,0x1063,0x0883,0x1063,0x0883,
  0x0863,0x0883,0x0863,0x0883,0x0863,0x0883,0x1063,0x0883,0x0863,0x0883,0x0863,0x0883,0x1063,0x0883,0x0863,0x0883,
  0x0863,0x1083,0x0863,0x0883,0x0863,0x0883,0x0883,0x1063,0x0883,0x1063,0x0883,0x0863,0x0883,0x1063,0x0883,0x1063,
  0x0883,0x0863,0x0883,0x0863,0x0883,0x0863,0x0883,0x0863,0x0883,0x0863,0x0883,0x0883,0x0863,0x0883,0x0863,0x0883,
  0x0863,0x0883,0x0863,0x0883,0x0863,0x0883,0x0863,0x0883,0x0863,0x0883,0x0863,0x0883,0x0863,0x0883,0x0863,0x0883,
  0x0863,0x0883,0x0863,0x0883,0x0863,0x0883,0x0863,0x1083,0x0863,0x0883,0x0863,0x1083,0x0863,0x1083,0x0863,0x0883,
  0x0863,0x0883,0x0863,0x0883,0x0883,0x0863,0x0883,0x1063,0x0883,0x1063,0x0883,0x0863,0x0883,0x1063,0x0883,0x0863,
  0x0883,0x0863,0x0883,0x0863,0x0883,0x1083,0x0863,0x0883,0x0863,0x0883,0x0863,0x0883,0x0863,0x0883,0x0863,0x0883,
  0x0863,0x1083,0x0863,0x0883,0x0863,0x0883,0x0883,0x0863,0x0883,0x1063,0x0883,0x0863,0x0883,0x0863,0x0883,0x0863,
  0x0883,0x1063,0x0883,0x0863,0x0883,0x1063,0x0883,0x0863,0x0883,0x0883,0x0863,0x0883,0x0863,0x0883,0x0863,0x0883,
  0x0863,0x1083,0x0863,0x1083,0x0863,0x1063,0x0883,0x1063,0x0883,0x0863,0x10a3,0x0883,0x18c4,0x18e5,0x10c4,0x2987,
  0x2145,0x2146,0x31c8,0x1904,0x18c5,0x18c4,0x18e4,0x18c4,0x1083,0x10c4,0x10c4,0x0862,0x2966,0x18e5,0x2966,0x2105,
  0x31a7,0x18e4,0x18e5,0x18c4,0x18e4,0x1083,0x3187,0x1925,0x18e4,0x18e5,0x1904,0x18c4,0x10c4,0x18c4,0x10c4,0x0883,
  0x0863,0x0883,0x1083,0x10a4,0x10a3,0x18e4,0x10c4,0x2967,0x1905,0x2146,0x3187,0x2966,0x18e4,0x2946,0x2146,0x3187,
  0x29a7,0x31c8,0x39c8,0x31e8,0x39e8,0x39e8,0x31c8,0x31c8,0x31a7,0x31a7,0x2987,0x1926,0x2125,0x2125,0x1105,0x10c4,
  0x10c4,0x1905,0x10a4,0x2146,0x1925,0x2125,0x2166,0x2146,0x1925,0x10a4,0x08a4,0x18e4,0x1083,0x0863,0x10a3,0x0863,
  0x0883,0x10e4,0x10c4,0x10a3,0x2966,0x1925,0x1925,0x2987,0x2987,0x10c4,0x2146,0x18e5,0x2145,0x1946,0x2125,0x29a8,
  0x10a4,0x31a7,0x2126,0x1926,0x2966,0x2186,0x2986,0x29a7,0x2986,0x2146,0x2125,0x2125,0x2146,0x2987,0x2166,0x18e3,
  0x29a7,0x10c4,0x1925,0x2966,0x1905,0x29a7,0x2987,0x2966,0x39e8,0x31c8,0x31c8,0x31c8,0x31c8,0x39c7,0x31a7,0x31a7,
  0x29a7,0x2125,0x31c8,0x2125,0x2126,0x2146,0x10a3,0x18e4,0x18e5,0x18c4,0x10c4,0x1905,0x2105,0x1905,0x2966,0x31a7,
  0x31a7,0x31c8,0x31a7,0x31a7,0x3187,0x2946,0x18e5,0x1905,0x18e4,0x18e4,0x18c4,0x18c4,0x18a4,0x18e4,0x10a4,0x2947,
  0x1905,0x2946,0x1905,0x10a3,0x1062,0x08a4,0x0842,0x0883,0x0863,0x10a3,0x18c4,0x18c4,0x2125,0x2125,0x18e5,0x2105,
  0x0883,0x18c4,0x0863,0x0883,0x0863,0x1083,0x0863,0x1083,0x0863,0x0883,0x1063,0x0883,0x0863,0x0883,0x0863,0x1083,
  0x0863,0x1083,0x0863,0x0883,0x0863,0x1083,0x0863,0x1083,0x0863,0x0883,0x1063,0x0883,0x1063,0x0883,0x1063,0x0883,
  0x1063,0x0883,0x1063,0x0883,0x0863,0x0883,0x0863,0x1083,0x0863,0x1083,0x0863,0x1083,0x0863,0x1083,0x0863,0x0883,
  0x0863,0x0883,0x1063,0x0883,0x0863,0x1083,0x0863,0x0883,0x0863,0x1083,0x0863,0x1083,0x0863,0x1063,0x0883,0x1063,
  0x0883,0x1063,0x0883,0x0863,0x0883,0x0863,0x0883,0x1063,0x0883,0x0863,0x1083,0x0863,0x0883,0x0863,0x0883,0x1063,
  0x0883,0x1063,0x0883,0x1063,0x0883,0x1063,0x0883,0x1063,0x0883,0x1063,0x0883,0x1063,0x0883,0x1063,0x0883,0x1063,
  0x0883,0x1063,0x0863,0x1083,0x0863,0x1083,0x0863,0x1083,0x0863,0x1083,0x0863,0x1083,0x0863,0x1063,0x0883,0x1063,
  0x0883,0x1063,0x0883,0x1063,0x0883,0x1063,0x0863,0x1083,0x0863,0x1083,0x0863,0x0883,0x0863,0x1083,0x0863,0x0863,
  0x0883,0x0863,0x1083,0x0863,0x0863,0x0883,0x1063,0x0883,0x0863,0x0863,0x0883,0x0863,0x0883,0x0863,0x0883,0x0863,
  0x0883,0x1063,0x0883,0x0863,0x1083,0x0863,0x0883,0x0863,0x0883,0x1063,0x0883,0x0863,0x0863,0x1083,0x0863,0x1063,
  0x0883,0x0863,0x0883,0x1063,0x0883,0x1063,0x0863,0x0883,0x0863,0x0883,0x0863,0x1083,0x0863,0x0883,0x0863,0x0883,
  0x0863,0x1083,0x0863,0x0883,0x1063,0x0883,0x1063,0x0883,0x1063,0x0883,0x1063,0x0863,0x1083,0x0863,0x1083,0x0863,
  0x1083,0x0863,0x1083,0x0863,0x1083,0x0863,0x1083,0x0863,0x1063,0x0883,0x1063,0x0883,0x1063,0x0883,0x1063,0x0883,
  0x1063,0x0883,0x1063,0x0863,0x1083,0x0863,0x0883,0x0863,0x0863,0x1083,0x0863,0x0883,0x0863,0x0863,0x0883,0x1063,
  0x0883,0x1063,0x0883,0x1063,0x0863,0x1083,0x0863,0x0883,0x0863,0x0883,0x0863,0x1083,0x0863,0x0883,0x0863,0x1083,
  0x0863,0x0883,0x1063,0x0883,0x0863,0x0863,0x0883,0x1063,0x0883,0x1063,0x0883,0x1063,0x0883,0x1063,0x0863,0x1083,
  0x0863,0x0883,0x0863,0x0883,0x1063,0x0863,0x0863,0x1083,0x0863,0x0883,0x0863,0x1063,0x0883,0x0863,0x1063,0x0883,
  0x0863,0x0883,0x0863,0x1083,0x0863,0x0883,0x0863,0x1083,0x0863,0x0863,0x1083,0x0863,0x1083,0x0863,0x0883,0x1063,
  0x0863,0x0883,0x0863,0x0863,0x0883,0x0863,0x0863,0x0883,0x0863,0x0883,0x18c4,0x1063,0x0042,0x0883,0x10a4,0x10a3,
  0x18e5,0x10a4,0x0863,0x18a4,0x10c3,0x0863,0x0863,0x0863,0x0883,0x0863,0x10c4,0x2125,0x18e4,0x2105,0x1926,0x10c3,
  0x08a4,0x0883,0x10c4,0x10a3,0x0863,0x0883,0x0042,0x18c4,0x18e4,0x18c4,0x10a3,0x0884,0x10a3,0x0883,0x0863,0x0863,
  0x1083,0x0863,0x0863,0x0863,0x0863,0x1083,0x1905,0x1083,0x18e5,0x20e4,0x10c4,0x10e4,0x18e5,0x1905,0x18e4,0x18e4,
  0x2125,0x18c4,0x2125,0x2146,0x2125,0x2146,0x2125,0x2125,0x2105,0x18e5,0x1905,0x18e4,0x08c5,0x0863,0x1083,0x10c5,
  0x10a3,0x10c4,0x10c5,0x10c4,0x18c4,0x0883,0x1904,0x0883,0x0863,0x0883,0x0863,0x10a3,0x0863,0x0883,0x0883,0x10a3,
  0x10a4,0x10a4,0x10a4,0x1925,0x1084,0x18c5,0x1905,0x10c4,0x10c4,0x10c4,0x1905,0x10c4,0x18e5,0x18e5,0x1905,0x0883,
  0x18e4,0x10c5,0x08a4,0x10a3,0x10e5,0x2105,0x1905,0x10c4,0x10c4,0x10e4,0x10e4,0x0883,0x08a3,0x0862,0x1905,0x10c4,
  0x10c4,0x2104,0x0883,0x1083,0x18c4,0x18e4,0x18c4,0x1905,0x2966,0x2146,0x2965,0x2946,0x2145,0x2126,0x2146,0x1925,
  0x2105,0x1926,0x2105,0x10c4,0x0883,0x10a3,0x18c5,0x0863,0x10a3,0x0883,0x0863,0x18c3,0x1904,0x18e4,0x10c4,0x10c4,
  0x18e4,0x1905,0x2105,0x1905,0x1905,0x18e5,0x18e4,0x10c4,0x10a4,0x10a3,0x0863,0x0863,0x0883,0x0862,0x10c4,0x0863,
  0x10a3,0x10a3,0x0883,0x18e5,0x10a4,0x0863,0x0883,0x1063,0x10a3,0x0842,0x10c4,0x10a4,0x0062,0x10a4,0x1083,0x0022,
  0x1904,0x0863,0x0863,0x1083,0x0863,0x0863,0x0863,0x0883,0x0863,0x0863,0x0883,0x0863,0x0863,0x1063,0x0883,0x0863,
  0x0863,0x0863,0x0883,0x0863,0x0863,0x0883,0x0863,0x0863,0x0863,0x0863,0x0883,0x0863,0x0863,0x0863,0x0883,0x0863,
  0x0863,0x0883,0x0863,0x0863,0x1083,0x0863,0x0863,0x0883,0x0863,0x0863,0x0883,0x0863,0x0863,0x0863,0x0883,0x1063,
  0x0863,0x0883,0x0863,0x0863,0x0883,0x0863,0x0863,0x0863,0x0883,0x0863,0x0863,0x0863,0x0883,0x0863,0x0863,0x0883,
  0x0863,0x0863,0x0863,0x1083,0x0863,0x0863,0x0863,0x0883,0x0863,0x0863,0x0863,0x0883,0x1063,0x0863,0x0883,0x0863,
  0x0863,0x0883,0x0863,0x0863,0x0863,0x0883,0x0863,0x0863,0x0863,0x0883,0x0863,0x0863,0x0863,0x0883,0x0863,0x0863,
  0x0863,0x0883,0x0863,0x0863,0x0883,0x0863,0x0863,0x0883,0x0863,0x0863,0x0863,0x0863,0x0883,0x0863,0x0883,0x0863,
  0x0863,0x0883,0x0863,0x0863,0x0863,0x0883,0x0863,0x0863,0x0883,0x0863,0x0863,0x0863,0x0883,0x0863,0x0883,0x1063,
  0x0863,0x0883,0x0863,0x0883,0x0863,0x0863,0x0883,0x0863,0x1083,0x0863,0x1063,0x0883,0x0863,0x1063,0x0863,0x0883,
  0x0863,0x0863,0x0883,0x0863,0x0863,0x0883,0x0863,0x1063,0x0883,0x0863,0x0863,0x1083,0x0863,0x0863,0x0883,0x0863,
  0x0883,0x0863,0x0863,0x0863,0x0863,0x0883,0x0863,0x0863,0x0883,0x1063,0x0863,0x0883,0x0863,0x0863,0x1083,0x0863,
  0x0863,0x0883,0x0863,0x0863,0x0863,0x0883,0x0863,0x0863,0x0883,0x0863,0x0863,0x0883,0x0863,0x0863,0x0883,0x0863,
  0x0863,0x0883,0x0863,0x0863,0x0863,0x0883,0x0863,0x0863,0x0883,0x0863,0x0863,0x0863,0x0883,0x0863,0x0863,0x0863,
  0x0883,0x0863,0x0883,0x0863,0x0863,0x0883,0x1063,0x0883,0x0863,0x0863,0x0883,0x0863,0x1083,0x0863,0x0863,0x0883,
  0x0863,0x0863,0x0863,0x0883,0x0863,0x0863,0x0883,0x0863,0x1063,0x0863,0x0883,0x0863,0x0863,0x0883,0x0863,0x0863,
  0x0883,0x0863,0x0863,0x0883,0x1063,0x0883,0x0863,0x0863,0x0883,0x0863,0x0863,0x0883,0x0863,0x0883,0x0863,0x0863,
  0x0883,0x0863,0x1063,0x0883,0x0863,0x0883,0x0863,0x0883,0x0863,0x0863,0x0883,0x0863,0x0863,0x0883,0x0863,0x0883,
  0x1063,0x0863,0x0883,0x0863,0x0863,0x0883,0x0863,0x0863,0x0883,0x0863,0x0863,0x0883,0x0863,0x0863,0x0863,0x0883,
  0x0863,0x0863,0x1083,0x0863,0x0863,0x0883,0x1063,0x0863,0x0883,0x0842,0x0043,0x10a4,0x0883,0x1083,0x10a4,0x0883,
  0x1083,0x18c3,0x1083,0x10c4,0x0863,0x0883,0x10a3,0x0863,0x1083,0x1083,0x0883,0x0883,0x0022,0x10a4,0x0883,0x10a3,
  0x1083,0x0883,0x10a3,0x18a4,0x1083,0x18c5,0x0863,0x18c4,0x0883,0x0883,0x10a4,0x10a4,0x0863,0x0883,0x1063,0x0883,
  0x0863,0x0883,0x1063,0x0883,0x1083,0x10a4,0x0883,0x10c4,0x0863,0x0883,0x10a4,0x1083,0x10a4,0x0883,0x10a4,0x10c4,
  0x2105,0x10e5,0x18e4,0x18c4,0x18e5,0x18e5,0x18e5,0x18e5,0x18e4,0x10e4,0x10c5,0x10a3,0x10a4,0x10c4,0x08a3,0x1083,
  0x10e4,0x1084,0x0883,0x0862,0x1905,0x0883,0x0883,0x1084,0x10c4,0x10a4,0x0883,0x0863,0x0883,0x1083,0x0863,0x0883,
  0x10c4,0x0863,0x0883,0x0883,0x0883,0x10c3,0x10c4,0x1083,0x10c4,0x10c4,0x10c4,0x1083,0x08a3,0x0883,0x18e4,0x10a4,
  0x10a4,0x0082,0x10a4,0x18e4,0x1084,0x08a3,0x10c3,0x18e4,0x10c4,0x10a4,0x10c4,0x18c4,0x18e5,0x10a4,0x0863,0x18c4,
  0x0883,0x10c4,0x18c4,0x10a4,0x10c4,0x18c4,0x1905,0x18c4,0x10a3,0x18c5,0x18e4,0x10e5,0x18e5,0x18e4,0x18c4,0x18c4,
  0x10c4,0x18e4,0x0862,0x18c4,0x10a3,0x10a4,0x0883,0x10a3,0x10a3,0x08a4,0x18a3,0x0883,0x0863,0x1084,0x18c4,0x18e4,
  0x18c5,0x18e4,0x10c4,0x18a4,0x0883,0x0863,0x10a3,0x0883,0x0863,0x0863,0x0883,0x0863,0x0863,0x0883,0x0863,0x18e4,
  0x18c4,0x0883,0x0863,0x0042,0x0863,0x0883,0x10a4,0x0883,0x10a4,0x08a3,0x0842,0x10a3,0x10a4,0x0863,0x0883,0x0883,
  0x0863,0x1083,0x0863,0x0863,0x0883,0x0863,0x1083,0x0863,0x0883,0x1063,0x0863,0x1083,0x0863,0x0883,0x0863,0x0883,
  0x0863,0x1083,0x0863,0x0883,0x1063,0x0863,0x0883,0x1063,0x0883,0x1063,0x0863,0x0883,0x1063,0x0883,0x0863,0x0883,
  0x1063,0x0863,0x0883,0x0863,0x0863,0x0883,0x1063,0x0863,0x0883,0x0863,0x1063,0x0883,0x0863,0x1083,0x0863,0x0883,
  0x0863,0x1063,0x0883,0x0863,0x1063,0x0883,0x0863,0x1083,0x0863,0x1083,0x0863,0x0883,0x0863,0x1083,0x0863,0x0863,
  0x0883,0x1063,0x0883,0x0863,0x0883,0x1063,0x0883,0x1063,0x0883,0x1063,0x0883,0x0863,0x0883,0x0863,0x1063,0x0883,
  0x0863,0x1063,0x0883,0x0863,0x0883,0x1063,0x0883,0x0863,0x0883,0x1063,0x0883,0x0863,0x1083,0x0863,0x0883,0x0863,
  0x1083,0x0863,0x0883,0x0863,0x1063,0x0883,0x0863,0x0863,0x1083,0x0863,0x0883,0x0863,0x1083,0x0863,0x0863,0x0883,
  0x1063,0x0863,0x0883,0x0863,0x1083,0x0863,0x0883,0x0863,0x1063,0x0883,0x0863,0x1083,0x0863,0x1063,0x0863,0x0883,
  0x0863,0x0863,0x1083,0x0863,0x1083,0x0863,0x1063,0x0883,0x0863,0x0883,0x0863,0x0863,0x0883,0x0863,0x0883,0x1063,
  0x0883,0x1063,0x0863,0x1083,0x0863,0x0863,0x0883,0x0863,0x0863,0x0883,0x0863,0x0883,0x0863,0x0883,0x0863,0x1083,
  0x0863,0x1083,0x0863,0x1083,0x0863,0x0883,0x1063,0x0883,0x0863,0x0883,0x0863,0x0863,0x1083,0x0863,0x0863,0x0883,
  0x0863,0x1063,0x0883,0x1063,0x0883,0x0863,0x1083,0x0863,0x0863,0x0883,0x0863,0x1063,0x0883,0x0863,0x0863,0x1083,
  0x0863,0x0863,0x0883,0x1063,0x0883,0x0863,0x0883,0x1063,0x0863,0x0883,0x0863,0x1083,0x0863,0x0883,0x0863,0x1083,
  0x0863,0x0863,0x0863,0x1083,0x0863,0x0863,0x0863,0x0883,0x1063,0x0883,0x0863,0x0863,0x0863,0x0883,0x1063,0x0863,
  0x0883,0x0883,0x1063,0x0883,0x0863,0x0883,0x1063,0x0883,0x0863,0x0883,0x0863,0x1083,0x0863,0x1063,0x0883,0x0863,
  0x1063,0x0883,0x1063,0x0863,0x0883,0x0863,0x1083,0x0863,0x0863,0x0883,0x1063,0x0863,0x0863,0x0883,0x1063,0x0883,
  0x0863,0x0883,0x0863,0x0863,0x0883,0x1063,0x0883,0x0863,0x1083,0x0863,0x1063,0x0883,0x0863,0x1083,0x0863,0x0863,
  0x0883,0x0863,0x1063,0x0883,0x0863,0x1063,0x0883,0x0863,0x1063,0x0883,0x0863,0x1063,0x0883,0x0863,0x1083,0x0863,
  0x0883,0x0863,0x0863,0x0883,0x1063,0x0883,0x0863,0x0883,0x1063,0x0883,0x0842,0x0883,0x10a3,0x0863,0x0863,0x0862,
  0x0863,0x1083,0x0883,0x10a4,0x0863,0x1083,0x0862,0x0883,0x0862,0x0863,0x1083,0x10a3,0x1084,0x0883,0x1083,0x0863,
  0x1083,0x10a4,0x1083,0x0842,0x0883,0x0883,0x0863,0x0863,0x0883,0x10a4,0x0863,0x1083,0x0863,0x0883,0x0863,0x0863,
  0x0863,0x0883,0x0863,0x0862,0x0863,0x0863,0x0842,0x18c4,0x0883,0x0863,0x10c4,0x1083,0x10a3,0x10a4,0x10a3,0x1083,
  0x0863,0x10c4,0x10a3,0x10a4,0x10a3,0x18a3,0x10a4,0x10a3,0x08a4,0x1083,0x0884,0x0883,0x0883,0x10a3,0x0884,0x0883,
  0x0863,0x0883,0x10c4,0x0862,0x0863,0x10c4,0x10a4,0x0883,0x0883,0x1083,0x0863,0x1083,0x0863,0x10a4,0x0863,0x0883,
  0x0883,0x10a3,0x10a4,0x1083,0x10c4,0x0863,0x10a4,0x0883,0x10c4,0x1083,0x0863,0x10a4,0x1083,0x10c4,0x0863,0x10a3,
  0x10c4,0x10a4,0x0863,0x0883,0x10a4,0x1083,0x0863,0x0863,0x0863,0x1083,0x0883,0x10a3,0x0883,0x10c4,0x0862,0x10c4,
  0x0863,0x0883,0x10a3,0x0863,0x0883,0x0883,0x10a3,0x0883,0x0883,0x18e4,0x10a4,0x10a3,0x10a4,0x10a4,0x10c4,0x10a3,
  0x0883,0x1084,0x0883,0x10c4,0x1084,0x0863,0x0862,0x0883,0x0863,0x0863,0x0863,0x0883,0x0863,0x0883,0x1083,0x0863,
  0x0863,0x0863,0x1083,0x0883,0x1063,0x0883,0x1083,0x0863,0x1083,0x0863,0x0863,0x1083,0x0863,0x1063,0x0862,0x08a4,
  0x0843,0x0842,0x1083,0x0863,0x10a3,0x0863,0x18a3,0x0883,0x0842,0x1083,0x0063,0x0843,0x08a3,0x1083,0x0863,0x18a4,
  0x0042,0x1084,0x0883,0x1083,0x0863,0x0863,0x0883,0x0863,0x0863,0x0883,0x0863,0x0863,0x0883,0x0863,0x1063,0x0863,
  0x0883,0x0863,0x0863,0x0863,0x0883,0x0863,0x0863,0x0883,0x0863,0x0883,0x0863,0x0883,0x0863,0x0863,0x1063,0x0863,
  0x0883,0x0863,0x1063,0x0883,0x0863,0x0863,0x0883,0x0863,0x1063,0x0883,0x0863,0x0883,0x0863,0x0863,0x0863,0x0863,
  0x0883,0x0863,0x0863,0x0883,0x0863,0x0863,0x0883,0x0863,0x0863,0x0863,0x0883,0x1063,0x0863,0x0863,0x0883,0x1063,
  0x0883,0x0863,0x0863,0x0863,0x0863,0x0883,0x0863,0x0863,0x0863,0x0883,0x0863,0x1063,0x0863,0x0883,0x0863,0x0863,
  0x0883,0x0863,0x0863,0x1083,0x0863,0x0863,0x0863,0x1083,0x0863,0x0863,0x0863,0x0883,0x0863,0x0863,0x1063,0x0883,
  0x0863,0x0863,0x1063,0x0883,0x0863,0x0863,0x1083,0x0863,0x0863,0x0883,0x1063,0x0883,0x0863,0x0883,0x1063,0x0863,
  0x0883,0x0863,0x1063,0x0883,0x0863,0x0863,0x1083,0x0863,0x0883,0x0863,0x0883,0x0863,0x0863,0x0883,0x0863,0x0883,
  0x1063,0x0883,0x0863,0x0863,0x0863,0x0883,0x0863,0x0863,0x0863,0x0863,0x1083,0x0863,0x0863,0x1083,0x0863,0x0863,
  0x0863,0x0883,0x0863,0x0863,0x0883,0x1063,0x0883,0x1063,0x0883,0x1063,0x0863,0x0863,0x1083,0x0863,0x0863,0x0863,
  0x0863,0x0863,0x0883,0x0863,0x0863,0x0883,0x0863,0x0863,0x1063,0x0863,0x0883,0x0863,0x0863,0x0883,0x0863,0x1063,
  0x0883,0x0863,0x0863,0x0883,0x0863,0x0863,0x0863,0x0883,0x1063,0x0863,0x0883,0x0863,0x0883,0x1063,0x0883,0x0863,
  0x0883,0x1063,0x0863,0x0883,0x0863,0x1063,0x0863,0x0883,0x0863,0x1083,0x0863,0x0863,0x0863,0x1083,0x0863,0x0863,
  0x0883,0x1063,0x0883,0x0863,0x0883,0x0863,0x1083,0x0863,0x0863,0x0863,0x1083,0x0863,0x1083,0x0863,0x0883,0x0863,
  0x1063,0x0863,0x0863,0x0863,0x1083,0x0863,0x0863,0x0863,0x0883,0x1063,0x0863,0x0863,0x0883,0x0863,0x0863,0x0883,
  0x0863,0x0863,0x0883,0x0863,0x0863,0x0863,0x0863,0x0883,0x1063,0x0863,0x0883,0x0863,0x1083,0x0863,0x0863,0x0863,
  0x1063,0x0863,0x1083,0x0863,0x0863,0x0883,0x0863,0x0863,0x0863,0x0883,0x0863,0x0883,0x0863,0x0863,0x0883,0x1063,
  0x0863,0x0883,0x0863,0x0863,0x0883,0x0863,0x1063,0x0883,0x0863,0x0863,0x0883,0x0863,0x0863,0x0883,0x0863,0x0863,
  0x0863,0x0883,0x1063,0x0863,0x0883,0x0863,0x0863,0x0863,0x0862,0x0883,0x0863,0x0863,0x0883,0x0862,0x0863,0x10a3,
  0x0863,0x0863,0x0863,0x0863,0x0862,0x10a4,0x0863,0x1083,0x0883,0x0863,0x0863,0x0842,0x10a4,0x0883,0x1083,0x0862,
  0x0883,0x1083,0x0883,0x0883,0x1083,0x1063,0x1083,0x0884,0x1083,0x10a3,0x0883,0x1063,0x1083,0x0863,0x0863,0x1083,
  0x0863,0x0863,0x0863,0x0863,0x0863,0x0883,0x0883,0x1084,0x0883,0x0863,0x1083,0x1084,0x0882,0x0883,0x0884,0x10c3,
  0x0883,0x1083,0x0883,0x0883,0x0883,0x0863,0x0883,0x0883,0x0863,0x0883,0x10a4,0x0863,0x0863,0x0863,0x0883,0x1083,
  0x0884,0x0883,0x10a4,0x0883,0x0883,0x10a3,0x0863,0x0883,0x0863,0x0883,0x0883,0x0863,0x0863,0x0883,0x0883,0x10a3,
  0x0884,0x10a3,0x0863,0x0063,0x0863,0x0862,0x0883,0x10a3,0x10a4,0x0884,0x0883,0x0863,0x0863,0x10a4,0x0042,0x10a4,
  0x0863,0x0863,0x0863,0x0883,0x0883,0x0883,0x10a4,0x0883,0x0863,0x10a4,0x0883,0x0884,0x0883,0x10a4,0x0883,0x0863,
  0x0883,0x0863,0x0863,0x0863,0x0863,0x1083,0x10a4,0x10a3,0x0863,0x0863,0x0863,0x0863,0x0883,0x0883,0x1083,0x1083,
  0x0863,0x1083,0x0863,0x0863,0x10a4,0x0883,0x1083,0x10a4,0x0883,0x0863,0x1083,0x0863,0x0863,0x0863,0x1083,0x0883,
  0x0863,0x0883,0x1083,0x10a4,0x0863,0x0883,0x0842,0x0883,0x0863,0x0883,0x0863,0x0863,0x0883,0x0863,0x0863,0x0883,
  0x0863,0x0863,0x0862,0x0883,0x0863,0x1083,0x0043,0x10a3,0x1083,0x0863,0x0863,0x1083,0x0863,0x0863,0x0863,0x0863,
  0x1083,0x0863,0x1083,0x1063,0x0883,0x0863,0x0863,0x1083,0x0863,0x0863,0x0883,0x0863,0x1063,0x0883,0x0863,0x0883,
  0x0863,0x1063,0x0883,0x0863,0x1063,0x0883,0x0863,0x1063,0x0883,0x0863,0x0863,0x1063,0x0883,0x0863,0x0883,0x0863,
  0x0863,0x0883,0x0863,0x0863,0x1083,0x0863,0x0863,0x0883,0x0863,0x0863,0x0883,0x0863,0x1063,0x0883,0x0863,0x1083,
  0x0863,0x0883,0x1063,0x0863,0x0883,0x1063,0x0863,0x0883,0x0863,0x1083,0x0863,0x0863,0x0883,0x0863,0x0863,0x0883,
  0x0863,0x0863,0x0883,0x1063,0x0883,0x0863,0x0863,0x0883,0x0863,0x1063,0x0883,0x0863,0x0883,0x0863,0x1083,0x0863,
  0x0863,0x1083,0x0863,0x0863,0x0883,0x0863,0x0883,0x0863,0x0863,0x0883,0x0863,0x1063,0x0883,0x0863,0x0883,0x0863,
  0x0863,0x0883,0x0863,0x0863,0x0883,0x0863,0x0863,0x0883,0x0863,0x0863,0x0883,0x0863,0x0863,0x0863,0x0883,0x0863,
  0x0863,0x0883,0x0863,0x0863,0x0883,0x0863,0x0863,0x0863,0x0863,0x0863,0x1063,0x0883,0x0863,0x0863,0x1083,0x0863,
  0x0863,0x0863,0x0883,0x0863,0x0883,0x0863,0x0883,0x1063,0x0883,0x0863,0x0863,0x0883,0x0863,0x0863,0x0883,0x0863,
  0x0883,0x0863,0x0883,0x1063,0x0863,0x0883,0x0863,0x0863,0x0863,0x0883,0x0863,0x0883,0x0863,0x0863,0x1083,0x0863,
  0x0883,0x0863,0x0863,0x0883,0x1063,0x0863,0x0883,0x0863,0x0883,0x0863,0x1063,0x0883,0x0863,0x1063,0x0883,0x0863,
  0x0863,0x0883,0x0863,0x0863,0x1083,0x0863,0x0883,0x0863,0x0883,0x0863,0x0863,0x1083,0x0863,0x0863,0x0863,0x0863,
  0x0863,0x0883,0x0863,0x0863,0x0883,0x0863,0x0883,0x0863,0x0863,0x0863,0x0883,0x0863,0x0883,0x0863,0x0863,0x0883,
  0x0863,0x0863,0x0863,0x0863,0x0883,0x0863,0x0863,0x0883,0x0863,0x0883,0x0863,0x0863,0x0863,0x0883,0x0863,0x0883,
  0x0863,0x0883,0x0863,0x0883,0x0863,0x0863,0x0883,0x0863,0x0863,0x0883,0x0863,0x0883,0x0863,0x0883,0x1063,0x0863,
  0x0883,0x0863,0x0863,0x1083,0x0863,0x0883,0x1063,0x0863,0x0883,0x0863,0x0863,0x0883,0x0863,0x0863,0x0883,0x0863,
  0x0883,0x0863,0x0863,0x0883,0x0863,0x1063,0x0883,0x0863,0x1083,0x0863,0x0863,0x1063,0x0883,0x0863,0x0863,0x0883,
  0x0863,0x0863,0x1083,0x0863,0x0863,0x0883,0x0863,0x0863,0x0883,0x1063,0x0863,0x0883,0x1063,0x0863,0x0883,0x0863,
  0x0863,0x0863,0x0883,0x0863,0x0863,0x0883,0x1063,0x0883,0x0863,0x0863,0x0863,0x1083,0x0863,0x0863,0x0863,0x0862,
  0x0863,0x0863,0x0883,0x1083,0x0863,0x0863,0x0863,0x0883,0x0863,0x0863,0x0883,0x0883,0x1063,0x0863,0x0883,0x0863,
  0x1083,0x0883,0x10a3,0x1063,0x0863,0x0863,0x1083,0x10c3,0x0863,0x0863,0x0863,0x0883,0x0863,0x0883,0x0863,0x0883,
  0x0862,0x1083,0x0883,0x0863,0x0883,0x0863,0x0883,0x10a4,0x0863,0x0883,0x0883,0x0883,0x1084,0x10a3,0x0883,0x1083,
  0x08a4,0x0863,0x10a4,0x0863,0x1083,0x0883,0x1083,0x0883,0x1063,0x0863,0x08a3,0x0863,0x1083,0x0863,0x0863,0x0863,
  0x1083,0x0883,0x0863,0x0883,0x10a4,0x0863,0x1083,0x0863,0x1063,0x0863,0x1083,0x0883,0x0863,0x0863,0x10a4,0x0863,
  0x1083,0x0883,0x0863,0x1083,0x0863,0x10a3,0x0884,0x0863,0x0863,0x0883,0x0883,0x0863,0x0883,0x0863,0x0883,0x10a4,
  0x0883,0x0863,0x0883,0x1063,0x0883,0x1083,0x10a4,0x0863,0x0883,0x0863,0x0883,0x1063,0x0883,0x0883,0x0883,0x1084,
  0x0863,0x0883,0x1063,0x08a3,0x0863,0x0863,0x0863,0x0863,0x0883,0x0863,0x0883,0x1063,0x0863,0x0863,0x0883,0x0863,
  0x0883,0x0883,0x0883,0x0883,0x0883,0x1083,0x0883,0x0883,0x1083,0x0863,0x0863,0x0883,0x1083,0x0062,0x0883,0x0863,
  0x0863,0x0883,0x0862,0x0863,0x0883,0x0863,0x0863,0x0863,0x0863,0x1063,0x0883,0x0863,0x0863,0x0883,0x1063,0x0883,
  0x0883,0x0863,0x0863,0x0863,0x0863,0x10a3,0x0863,0x0863,0x1083,0x0863,0x0883,0x0862,0x0863,0x0863,0x0883,0x0863,
  0x0883,0x0863,0x0883,0x0863,0x0863,0x1083,0x0863,0x0863,0x0883,0x1063,0x0863,0x0883,0x0863,0x0863,0x0883,0x1063,
  0x0863,0x0883,0x0863,0x0883,0x0863,0x0863,0x0883,0x0863,0x0863,0x1083,0x0863,0x0883,0x0863,0x0883,0x0863,0x1083,
  0x0863,0x0883,0x1063,0x0883,0x0863,0x0883,0x1063,0x0883,0x0863,0x1083,0x0863,0x0863,0x0883,0x0863,0x0883,0x0863,
  0x0863,0x0863,0x0883,0x0863,0x0883,0x0863,0x0883,0x1063,0x0863,0x0863,0x0883,0x0863,0x0883,0x1063,0x0883,0x0863,
  0x0863,0x1083,0x0863,0x0883,0x0863,0x1083,0x0863,0x1063,0x0883,0x0863,0x0863,0x0883,0x1063,0x0863,0x0863,0x0883,
  0x0863,0x0863,0x0883,0x0863,0x0863,0x1083,0x0863,0x0863,0x0883,0x1063,0x0883,0x0863,0x0863,0x0883,0x0863,0x1063,
  0x0883,0x0863,0x0883,0x1063,0x0883,0x0863,0x0883,0x1063,0x0883,0x0863,0x0863,0x1083,0x0863,0x0883,0x0863,0x1083,
  0x0863,0x0863,0x0883,0x1063,0x0863,0x0883,0x0863,0x1083,0x0883,0x0863,0x0883,0x0863,0x1083,0x0863,0x0863,0x0883,
  0x0863,0x0883,0x1063,0x0863,0x1063,0x0863,0x0883,0x0863,0x0863,0x1083,0x0863,0x0863,0x1083,0x0863,0x0863,0x1083,
  0x0863,0x1063,0x0863,0x0883,0x0863,0x0863,0x0883,0x0863,0x0883,0x0863,0x1063,0x0863,0x0883,0x0863,0x0883,0x0863,
  0x1063,0x0883,0x1063,0x0863,0x0883,0x0863,0x1063,0x0883,0x0863,0x0883,0x0863,0x0863,0x0883,0x0863,0x0883,0x0863,
  0x0883,0x1063,0x0883,0x0863,0x0863,0x0883,0x1063,0x0863,0x0863,0x1083,0x0863,0x0863,0x0883,0x0863,0x0883,0x1083,
  0x0863,0x0863,0x0883,0x1063,0x0863,0x0883,0x0863,0x1083,0x0863,0x0883,0x0863,0x1063,0x0863,0x0883,0x0863,0x1063,
  0x0883,0x0863,0x0883,0x1063,0x0863,0x1083,0x0863,0x0863,0x1083,0x0863,0x0883,0x0863,0x0883,0x1063,0x0863,0x0863,
  0x0883,0x1063,0x0883,0x0863,0x0883,0x1063,0x0863,0x0883,0x1063,0x0863,0x0883,0x1063,0x0863,0x0863,0x0883,0x0863,
  0x1063,0x0883,0x0863,0x0883,0x0863,0x0883,0x0863,0x0883,0x0863,0x0883,0x1063,0x0863,0x0883,0x1063,0x0883,0x0863,
  0x0883,0x0863,0x1083,0x0863,0x0883,0x0863,0x0863,0x0883,0x0863,0x0863,0x0883,0x0863,0x0863,0x1083,0x0863,0x0863,
  0x1083,0x0863,0x0883,0x0863,0x1083,0x0863,0x0883,0x1063,0x0883,0x0863,0x0883,0x0863,0x0883,0x0863,0x1063,0x0883,
  0x0883,0x1063,0x0863,0x0883,0x1063,0x0863,0x0863,0x0863,0x0863,0x1083,0x0863,0x0863,0x0842,0x0883,0x1083,0x0863,
  0x0883,0x0863,0x0863,0x1083,0x0863,0x0863,0x0863,0x1063,0x0883,0x1063,0x0863,0x1083,0x0883,0x0863,0x0863,0x1083,
  0x0863,0x0863,0x0863,0x0883,0x0863,0x0863,0x0862,0x0884,0x0863,0x0863,0x1063,0x0883,0x0863,0x1063,0x0883,0x0863,
  0x0863,0x0863,0x0863,0x1083,0x0863,0x0863,0x0863,0x1083,0x0863,0x0863,0x1083,0x0863,0x0883,0x0863,0x0863,0x0863,
  0x1083,0x0863,0x0883,0x0863,0x0883,0x0863,0x0863,0x0863,0x0883,0x0884,0x1083,0x0863,0x0863,0x0883,0x1063,0x0883,
  0x0863,0x0863,0x1083,0x0863,0x0884,0x0883,0x1083,0x0883,0x0863,0x0883,0x0863,0x0883,0x1063,0x0883,0x1083,0x0883,
  0x0884,0x0863,0x0863,0x0863,0x0883,0x0863,0x0883,0x0863,0x0883,0x1083,0x0884,0x0863,0x0863,0x1063,0x0863,0x0863,
  0x0863,0x0883,0x0863,0x0863,0x0863,0x0863,0x0883,0x0863,0x1063,0x0863,0x0863,0x0883,0x0863,0x0863,0x0863,0x0884,
  0x1063,0x0863,0x0883,0x1083,0x0863,0x0883,0x0863,0x1083,0x0863,0x1063,0x0883,0x0863,0x0883,0x1063,0x0863,0x0863,
  0x1063,0x0863,0x0863,0x10a4,0x0863,0x1083,0x0883,0x0863,0x0863,0x0883,0x0863,0x0863,0x1083,0x0883,0x0863,0x1063,
  0x0883,0x0863,0x1063,0x0863,0x0863,0x1083,0x0863,0x0883,0x0863,0x0883,0x0863,0x1083,0x0863,0x0863,0x0883,0x1083,
  0x0863,0x1083,0x1083,0x0863,0x0883,0x0863,0x10a3,0x0863,0x0883,0x0863,0x1083,0x0883,0x0863,0x0863,0x0863,0x1083,
  0x0863,0x0863,0x0863,0x0883,0x0863,0x0863,0x0883,0x0863,0x0863,0x0883,0x0863,0x1063,0x0883,0x0863,0x0863,0x0883,
  0x0863,0x0863,0x1063,0x0863,0x0883,0x1063,0x0863,0x0883,0x0863,0x0863,0x0883,0x0863,0x1063,0x0863,0x0863,0x0863,
  0x0863,0x0863,0x0883,0x0863,0x0863,0x0863,0x0863,0x0863,0x0863,0x0863,0x0883,0x1063,0x0863,0x0863,0x1063,0x0883,
  0x0863,0x1083,0x0863,0x0863,0x1063,0x0863,0x0863,0x0883,0x0863,0x0883,0x0863,0x1063,0x0863,0x0863,0x0863,0x1083,
  0x0863,0x0863,0x0863,0x0863,0x0863,0x0863,0x0883,0x0863,0x0863,0x0883,0x0863,0x0863,0x0883,0x0863,0x0883,0x1063,
  0x0883,0x0863,0x1063,0x0883,0x0863,0x0863,0x0883,0x1063,0x0863,0x0863,0x0863,0x0883,0x1063,0x0863,0x0883,0x0863,
  0x0863,0x1063,0x0863,0x0883,0x0863,0x1063,0x0863,0x0863,0x0863,0x1083,0x0863,0x0863,0x0863,0x1063,0x0863,0x0863,
  0x0883,0x1063,0x0863,0x0883,0x0863,0x1063,0x0883,0x0863,0x0863,0x1063,0x0863,0x0863,0x0863,0x0883,0x0863,0x0863,
  0x1083,0x0863,0x0863,0x0883,0x0863,0x0883,0x1063,0x0863,0x0883,0x0863,0x0883,0x0863,0x0863,0x0883,0x0863,0x0863,
  0x0883,0x0863,0x0883,0x0863,0x0883,0x1063,0x0863,0x1063,0x0863,0x0883,0x0863,0x0883,0x1063,0x0863,0x0863,0x0883,
  0x0863,0x0863,0x0883,0x0863,0x0863,0x0883,0x0863,0x0863,0x1063,0x0863,0x0883,0x1063,0x0863,0x0883,0x1063,0x0863,
  0x0863,0x0863,0x0863,0x1083,0x0863,0x0863,0x0883,0x0863,0x0883,0x0863,0x0863,0x0883,0x0863,0x1063,0x0863,0x0863,
  0x0883,0x1063,0x0863,0x0883,0x0863,0x1063,0x0863,0x0863,0x0863,0x1063,0x0883,0x0863,0x0883,0x1063,0x0883,0x0863,
  0x0863,0x1083,0x0863,0x0883,0x0863,0x0863,0x0883,0x0863,0x0863,0x0863,0x1063,0x0883,0x0863,0x0863,0x0883,0x1063,
  0x0863,0x0863,0x0863,0x1063,0x0863,0x0883,0x0863,0x0863,0x0883,0x0863,0x0863,0x0883,0x0863,0x1083,0x0863,0x0883,
  0x0863,0x0863,0x1083,0x0863,0x0863,0x1063,0x0863,0x0863,0x1063,0x0863,0x0883,0x0863,0x0863,0x0863,0x0863,0x1063,
  0x0863,0x0883,0x0863,0x0863,0x0863,0x1083,0x0863,0x0863,0x1063,0x0883,0x0863,0x1083,0x0863,0x0863,0x0883,0x0863,
  0x0863,0x0883,0x0863,0x0863,0x0863,0x0863,0x0863,0x0863,0x0863,0x0883,0x1063,0x0863,0x0863,0x0883,0x0863,0x0863,
  0x0863,0x0883,0x0863,0x0863,0x0883,0x0883,0x0863,0x1083,0x0863,0x0883,0x0863,0x0883,0x0863,0x0883,0x0863,0x0863,
  0x0863,0x1083,0x0863,0x0883,0x0863,0x0883,0x0863,0x0883,0x0863,0x0883,0x0863,0x0863,0x0863,0x1083,0x0863,0x0883,
  0x0863,0x1083,0x0863,0x0863,0x0883,0x0863,0x0863,0x1083,0x0863,0x0883,0x0863,0x0883,0x0863,0x0883,0x0863,0x1083,
  0x0863,0x0883,0x0863,0x0863,0x0883,0x1063,0x0863,0x0883,0x0863,0x0883,0x0863,0x0883,0x0863,0x1083,0x0863,0x0883,
  0x0863,0x0883,0x1063,0x0863,0x0863,0x1083,0x0863,0x0883,0x1063,0x0863,0x0863,0x0883,0x0863,0x0863,0x0883,0x0863,
  0x0883,0x0863,0x0883,0x0863,0x1083,0x0863,0x0863,0x0863,0x0883,0x0863,0x1063,0x0883,0x0863,0x0863,0x0883,0x1063,
  0x0863,0x0883,0x1063,0x0883,0x0863,0x1063,0x0863,0x0883,0x0863,0x0863,0x1083,0x0863,0x0883,0x0883,0x0863,0x0883,
  0x1063,0x0883,0x1063,0x0883,0x0883,0x0863,0x1063,0x0883,0x0863,0x0883,0x1063,0x0883,0x0863,0x0883,0x1063,0x0883,
  0x0863,0x0883,0x0863,0x0863,0x0883,0x1063,0x0883,0x0863,0x0883,0x0863,0x0863,0x0883,0x0863,0x0883,0x0863,0x0883,
  0x0883,0x0863,0x0883,0x0863,0x0883,0x0863,0x0883,0x0863,0x1083,0x0863,0x0883,0x0863,0x0883,0x0863,0x0883,0x0863,
  0x0863,0x0883,0x0863,0x0883,0x0863,0x0863,0x0883,0x1063,0x0883,0x0863,0x0863,0x0863,0x0882,0x1063,0x0883,0x0863,
  0x0883,0x0863,0x0863,0x0883,0x1063,0x0863,0x0863,0x0883,0x1063,0x0883,0x0863,0x0863,0x0883,0x1063,0x0883,0x0863,
  0x0863,0x0883,0x1063,0x0863,0x0883,0x1063,0x0863,0x0882,0x1063,0x0863,0x0883,0x0862,0x0883,0x1063,0x0883,0x0863,
  0x1083,0x0863,0x0883,0x0863,0x0883,0x0863,0x0883,0x1063,0x0883,0x0863,0x1063,0x0883,0x0863,0x0883,0x1083,0x0863,
  0x0883,0x1063,0x0863,0x0883,0x1063,0x0883,0x0883,0x1063,0x0883,0x0863,0x0883,0x0863,0x0883,0x0883,0x0863,0x0863,
  0x0883,0x0863,0x0883,0x0863,0x0883,0x0883,0x1063,0x0863,0x0883,0x1063,0x0883,0x0863,0x0883,0x0883,0x0863,0x0863,
  0x0883,0x0863,0x1083,0x0883,0x0863,0x1083,0x0863,0x0883,0x1063,0x0863,0x1083,0x0863,0x0863,0x1083,0x0863,0x0863,
  0x0863,0x0883,0x0863,0x0883,0x1063,0x0883,0x0863,0x0883,0x0863,0x0883,0x1063,0x0883,0x0863,0x0883,0x1063,0x0883,
  0x0863,0x0883,0x0863,0x0863,0x0883,0x0863,0x0883,0x0883,0x0863,0x0863,0x0883,0x0863,0x0883,0x0883,0x0863,0x0883,
  0x0863,0x0883,0x0863,0x0883,0x0863,0x0883,0x0863,0x0863,0x0883,0x0883,0x0863,0x0883,0x1063,0x0883,0x0863,0x0883,
  0x0863,0x0863,0x0883,0x0863,0x1083,0x0863,0x0883,0x0863,0x0863,0x1083,0x0863,0x0883,0x1063,0x0863,0x0883,0x1063,
  0x0863,0x0883,0x1063,0x0863,0x0863,0x0883,0x0863,0x0883,0x0863,0x1083,0x0863,0x0863,0x0883,0x0863,0x1083,0x0863,
  0x0883,0x0863,0x1083,0x0863,0x0883,0x1063,0x0883,0x0863,0x0883,0x0863,0x0883,0x0863,0x0883,0x0863,0x0863,0x0883,
  0x1083,0x0863,0x0883,0x0863,0x0883,0x0863,0x1063,0x0883,0x0863,0x1083,0x0863,0x0863,0x0883,0x0863,0x0883,0x0863,
  0x0883,0x0863,0x0883,0x0863,0x0883,0x0863,0x0883,0x0883,0x0863,0x0883,0x0863,0x0883,0x0863,0x0863,0x0863,0x0883,
  0x0863,0x0863,0x0883,0x0863,0x0883,0x1063,0x0863,0x0883,0x1063,0x0883,0x0863,0x0863,0x1083,0x0863,0x0863,0x0883,
  0x0863,0x0883,0x0883,0x0863,0x0883,0x0863,0x1083,0x0863,0x0863,0x1083,0x0863,0x0863,0x0883,0x0863,0x0863,0x1063,
  0x0883,0x0863,0x0863,0x0883,0x0863,0x0883,0x0883,0x0863,0x0883,0x0863,0x0883,0x1063,0x0883,0x0883,0x0863,0x0883,
  0x0863,0x1063,0x0883,0x0863,0x0883,0x0863,0x0883,0x0863,0x0883,0x0863,0x0863,0x0883,0x0863,0x0883,0x1063,0x0883,
  0x0863,0x1063,0x0883,0x0863,0x1083,0x0883,0x0863,0x1083,0x0863,0x0863,0x0883,0x0863,0x1083,0x0863,0x0883,0x1063,
};
